31900.0,0,0
31800.0,0,0
31600.0,0,0
31300.0,1,1
31039.579,1,1
30608.594,1,1
30050.11,1,1
29591.648,1,1
29000.0,1,1
28600.0,1,1
28300.0,1,1
28000.0,1,1
27800.0,1,1
27600.0,1,1
27600.0,1,1
27600.0,1,1
27600.0,1,1
27798.57,1,1
28198.57,1,1
28498.57,1,1
28898.569,1,1
29388.15,1,1
29867.308,1,1
30446.458,1,1
30925.6,1,1
31332.537,1,1
31567.285,1,1
31800.0,0,0
32000.0,0,0
32142.007,0,0
32088.264,0,0
32004.582,0,0
31918.979,0,0
31993.12,0,0
32125.184,0,0
32601.652,0,0
33223.519,0,0
33956.106,0,0
34495.274,0,0
34724.179,0,0
34462.491,0,0
34571.654,0,0
35147.013,0,0
35805.287,0,0
36270.718,0,0
36503.268,0,0
36555.525,0,0
37009.924,0,0
37763.927,0,0
38486.771,0,0
38643.077,0,0
38577.507,0,0
38307.448,0,0
37860.582,0,0
37365.052,0,0
36710.537,0,0
36095.961,0,0
35625.473,0,0
35398.505,0,0
35274.509,0,0
35363.493,0,0
35345.836,0,0
34928.022,0,0
34467.499,0,0
33812.888,0,0
33867.434,0,0
34917.086,0,0
35821.361,0,0
36791.795,0,0
37521.689,0,0
38018.345,0,0
38415.001,0,0
38911.656,0,0
39240.763,0,0
39502.37,0,0
39669.756,0,0
39801.755,0,0
39817.74,0,0
39617.679,0,0
39417.619,0,0
39217.559,0,0
38884.36,0,0
38518.022,0,0
38251.684,0,0
37885.347,0,0
37601.402,0,0
37499.891,0,0
37293.425,0,0
36855.998,0,0
36508.15,0,0
36149.876,0,0
35791.61,0,0
35500.0,0,0
34700.0,0,0
33700.0,0,0
32700.0,0,0
31700.0,0,0
31100.0,0,0
31000.0,0,0
30900.0,0,0
30800.0,0,0
30600.0,0,0
30218.409,0,0
29827.754,1,1
29131.698,1,1
28532.224,1,1
27848.854,1,1
26977.531,1,1
26205.903,1,1
25823.375,1,1
25930.286,1,1
25937.345,1,1
26044.55,1,1
25865.927,1,1
25601.219,1,1
25236.028,1,1
24737.23,1,1
24836.359,1,1
25633.814,1,1
26298.015,1,1
26962.122,1,1
27339.672,1,1
27430.406,1,1
27520.99,1,1
27611.425,1,1
28114.264,1,1
29113.745,1,1
29889.599,0,0
30579.249,0,0
31334.269,0,0
32456.46,0,0
33401.881,0,0
34187.12,0,0
34859.743,0,0
35319.961,0,0
35825.241,0,0
36375.688,0,0
36933.618,0,0
37398.802,0,0
37655.869,0,0
37802.819,0,0
37961.98,0,0
38202.844,0,0
38497.731,0,0
38947.758,0,0
39169.521,0,0
39162.884,0,0
39085.585,0,0
39164.578,0,0
38929.635,0,0
38480.809,0,0
38324.75,0,0
38403.764,0,0
38955.63,0,0
39571.399,0,0
39637.588,0,0
39539.546,0,0
39318.699,0,0
39046.691,0,0
38996.616,0,0
39067.961,0,0
39365.302,0,0
39688.596,0,0
39939.287,0,0
40130.576,0,0
40063.886,0,0
39663.77,0,0
39363.636,0,0
38963.484,0,0
38880.226,0,0
39095.692,0,0
38965.634,0,0
38935.589,0,0
38688.062,0,0
38400.0,0,0
38100.0,0,0
37800.0,0,0
37500.0,0,0
37400.0,0,0
37300.0,0,0
37200.0,0,0
37000.0,0,0
36800.0,0,0
36500.0,0,0
36300.0,0,0
36100.0,0,0
35800.0,0,0
35600.0,0,0
35400.0,0,0
34800.0,0,0
33900.0,0,0
32900.0,0,0
32000.0,0,0
31400.0,0,0
31300.0,0,0
31200.0,0,0
31000.0,0,0
30800.0,0,0
30400.0,1,1
30100.0,1,1
29700.0,1,1
29500.0,1,1
29200.0,1,1
29000.0,1,1
28700.0,1,1
28600.0,1,1
28500.0,1,1
28400.0,1,1
28300.0,1,1
28300.0,1,1
28300.0,1,1
28400.0,1,1
28400.0,1,1
28600.0,1,1
28800.0,1,1
29000.0,1,1
29200.0,1,1
29500.0,1,1
29800.0,1,1
30100.0,1,1
30400.0,1,1
30671.508,0,0
31110.269,0,0
31547.227,0,0
31883.2,0,0
32383.45,0,0
32942.411,0,0
33839.019,0,0
34876.5,0,0
35853.181,0,0
36567.43,0,0
36886.438,0,0
36798.918,0,0
36694.969,0,0
36578.516,0,0
36902.958,0,0
37669.599,0,0
38197.377,0,0
38641.031,0,0
38990.381,0,0
39445.406,0,0
39733.958,0,0
39856.091,0,0
40067.335,0,0
40566.519,0,0
40928.114,0,0
41050.226,0,0
40868.507,0,0
40385.868,0,0
40022.744,0,0
39756.904,0,0
39599.513,0,0
39661.565,0,0
39783.634,0,0
39966.288,0,0
40081.507,0,0
40030.538,0,0
40144.706,0,0
40126.572,0,0
40149.462,0,0
39816.916,0,0
39272.624,0,0
38340.654,0,0
37260.55,0,0
35922.978,0,0
35124.794,0,0
35066.189,0,0
35007.633,0,0
34949.129,0,0
35110.813,0,0
35692.858,0,0
36003.53,0,0
36275.916,0,0
36362.122,0,0
36161.994,0,0
35961.866,0,0
35861.738,0,0
35557.346,0,0
35248.633,0,0
34839.847,0,0
34530.986,0,0
34278.561,0,0
34082.642,0,0
33886.741,0,0
33790.86,0,0
33142.76,0,0
32142.429,0,0
31142.098,0,0
30141.766,1,0
29592.822,0,0
29595.429,0,0
29598.256,0,0
29601.304,0,0
29552.068,0,0
29250.379,0,0
28948.686,0,0
28646.988,0,0
28239.909,0,0
27727.078,0,0
27313.747,0,0
26799.914,0,0
26359.221,0,0
25991.608,0,0
25664.719,0,0
25198.438,0,0
24649.492,1,1
23917.184,1,1
22852.282,1,1
21526.49,1,1
21816.175,1,1
23726.739,1,1
25038.297,1,1
26186.026,0,0
27178.746,0,0
28174.464,0,0
28992.986,0,0
29740.862,0,0
29724.565,0,0
28471.681,0,0
26712.708,0,0
24375.515,1,1
22886.055,1,1
22725.244,1,1
22824.779,1,1
23570.483,1,1
24268.543,1,1
25070.434,0,0
25588.221,0,0
25961.874,0,0
26660.475,0,0
27824.277,0,0
27871.153,0,0
26549.449,0,0
25683.879,0,0
25029.029,1,1
24617.755,1,1
24544.375,1,1
24063.226,1,1
23291.05,1,1
23006.865,1,1
23365.735,1,1
23348.061,1,1
23181.911,1,1
23611.947,1,1
24781.373,1,1
25868.428,0,0
26860.909,0,0
27401.117,0,0
27619.209,0,0
27880.278,0,0
28215.572,0,0
29608.183,0,0
31792.784,0,0
33218.3,0,0
34125.599,0,0
36299.047,0,0
38695.536,0,0
39400.0,0,0
39200.0,0,0
38966.946,0,0
38831.79,0,0
38614.175,0,0
38514.129,0,0
38414.083,0,0
38314.037,0,0
37996.374,0,0
37661.067,0,0
37325.722,0,0
36990.339,0,0
36800.828,0,0
36657.254,0,0
36513.732,0,0
36470.26,0,0
36277.319,0,0
36134.838,0,0
35892.311,0,0
35749.738,0,0
35535.477,0,0
35249.575,0,0
34963.688,0,0
34677.817,0,0
34088.408,0,0
33195.457,0,0
32202.513,0,0
31309.576,0,0
30759.709,0,0
30323.754,0,0
29714.035,0,0
29010.829,0,0
28227.793,0,0
27556.678,1,1
26885.203,1,1
26077.818,1,1
25877.367,1,1
26084.055,1,1
26255.017,1,1
26325.821,1,1
26596.759,1,1
26867.831,1,1
27042.236,1,1
27280.356,1,1
27061.073,1,1
26581.245,1,1
25837.839,1,1
25025.813,1,1
24871.335,1,1
25578.942,1,1
26250.577,1,1
26822.053,1,1
27021.77,1,1
26949.576,1,1
26877.02,1,1
26668.159,1,1
27089.999,1,1
27888.026,0,0
28694.113,0,0
29467.684,0,0
29560.764,0,0
29248.623,0,0
29779.539,0,0
31062.646,0,0
32096.407,0,0
32882.621,0,0
33204.696,0,0
33244.95,0,0
33294.041,0,0
33453.237,0,0
33636.223,0,0
33643.115,0,0
33576.152,0,0
33432.661,0,0
33346.598,0,0
33319.848,0,0
31616.549,0,0
28175.581,0,0
28106.36,0,0
31335.523,0,0
33960.376,0,0
35091.043,0,0
35321.043,0,0
35340.302,0,0
35596.634,0,0
36191.725,0,0
36316.206,0,0
35907.278,0,0
35616.279,0,0
35158.112,0,0
35408.821,0,0
36234.126,0,0
36924.917,0,0
37453.195,0,0
37555.364,0,0
37413.459,0,0
37187.779,0,0
36573.472,0,0
36000.786,0,0
35427.761,0,0
34990.635,0,0
34789.662,0,0
34588.688,0,0
34387.714,0,0
34554.75,0,0
34890.192,0,0
35201.894,0,0
35274.171,0,0
35107.753,0,0
34702.168,0,0
34150.726,0,0
33517.773,0,0
33100.711,0,0
32999.882,0,0
32799.052,0,0
32698.221,0,0
32602.992,0,0
32613.478,0,0
32624.115,0,0
32634.905,0,0
32187.217,0,0
31380.877,0,0
30574.461,0,0
29767.967,0,0
28969.95,0,0
28040.724,0,0
26897.004,0,0
25752.257,0,0
24410.408,0,0
23613.447,1,1
22716.054,1,1
21818.228,1,1
21514.737,1,1
21606.173,1,1
21697.966,1,1
21890.116,1,1
22116.514,1,1
22377.107,1,1
22715.472,1,1
22958.662,1,1
23202.009,1,1
23545.513,1,1
23889.175,0,0
24232.994,0,0
24776.971,0,0
25521.106,0,0
26265.399,0,0
27009.852,0,0
27307.991,0,0
27359.596,0,0
27311.065,0,0
27262.398,0,0
27253.472,0,0
27270.389,0,0
27281.451,0,0
27289.369,0,0
27453.561,0,0
27573.008,0,0
27707.054,0,0
27755.317,0,0
27817.542,0,0
27924.716,0,0
28791.049,0,0
30266.81,0,0
31355.07,0,0
30851.132,0,0
30862.808,0,0
30330.706,0,0
29442.189,0,0
28236.256,0,0
27015.168,0,0
26059.267,0,0
24428.203,0,0
22074.626,1,1
21621.174,1,1
23113.069,1,1
24303.641,0,0
24639.908,0,0
23769.441,0,0
21836.731,1,1
20675.955,1,1
20136.427,1,1
19301.835,1,1
18128.923,1,1
17689.025,1,1
18031.489,1,1
20723.97,1,1
24907.281,0,0
28457.567,0,0
31650.52,0,0
33981.1,0,0
35731.821,0,0
36856.839,0,0
37794.337,0,0
38360.824,0,0
38852.617,0,0
39095.009,0,0
39087.936,0,0
39080.858,0,0
39073.775,0,0
38991.462,0,0
38700.0,0,0
38500.0,0,0
38200.0,0,0
37900.0,0,0
37700.0,0,0
37500.0,0,0
37200.0,0,0
36900.0,0,0
36600.0,0,0
36200.0,0,0
35900.0,0,0
35600.0,0,0
35300.0,0,0
35000.0,0,0
34600.0,0,0
34200.0,0,0
33500.0,0,0
32800.0,0,0
32100.0,0,0
31600.0,0,0
31300.0,0,0
31000.0,0,0
30700.0,0,0
30300.0,0,0
30000.0,0,0
29600.0,0,0
29200.0,0,0
28900.0,1,1
28500.0,1,1
28200.0,1,1
27900.0,1,1
27700.0,1,1
27800.0,1,1
27800.0,1,1
27800.0,1,1
28000.0,1,1
28200.0,1,1
28500.0,1,1
28700.0,1,1
29200.0,0,0
29700.0,0,0
30300.0,0,0
30900.0,0,0
31300.0,0,0
31400.0,0,0
31600.0,0,0
31700.0,0,0
31642.022,0,0
31506.91,0,0
31264.488,0,0
31018.498,0,0
31059.364,0,0
31288.709,0,0
31207.946,0,0
30814.618,0,0
30088.238,0,0
29041.756,1,1
28179.003,1,1
27407.404,1,1
26985.364,1,1
26990.534,1,1
27331.856,1,1
28214.503,1,1
28805.657,1,1
29189.672,1,1
29995.425,0,0
31413.073,0,0
33178.683,0,0
34524.893,0,0
34588.195,0,0
33578.829,0,0
31923.502,0,0
30176.078,0,0
29844.68,0,0
30785.351,0,0
31760.955,0,0
32418.094,0,0
32502.987,0,0
31254.599,0,0
29001.944,1,1
27206.38,1,1
28730.206,1,1
32724.325,0,0
35074.954,0,0
36137.207,0,0
36975.847,0,0
37696.519,0,0
38300.0,0,0
38800.0,0,0
39400.0,0,0
40000.0,0,0
40200.0,0,0
40100.0,0,0
40000.0,0,0
39884.384,0,0
39652.512,0,0
39317.076,0,0
39081.613,0,0
38746.126,0,0
38438.978,0,0
38260.203,0,0
38081.442,0,0
37802.697,0,0
37502.662,0,0
37081.314,0,0
36659.95,0,0
36238.571,0,0
35834.957,0,0
35549.126,0,0
35263.306,0,0
34877.496,0,0
34384.574,0,0
33484.532,0,0
32584.491,0,0
31784.449,0,0
31295.111,0,0
31216.485,0,0
31037.871,0,0
30959.269,0,0
30662.828,0,0
30348.534,0,0
29934.232,1,1
29619.922,1,1
29309.178,1,1
29002.003,1,1
28694.825,1,1
28487.642,1,1
28309.079,1,1
28259.158,1,1
28200.0,1,1
28200.0,1,1
28200.0,1,1
28200.0,1,1
28300.0,1,1
28400.0,1,1
28500.0,1,1
28800.0,1,1
29000.0,1,1
29300.0,1,1
29600.0,1,1
29900.0,1,1
30200.0,1,1
30500.0,0,0
30723.485,0,0
30860.475,0,0
31093.404,0,0
31324.218,0,0
31797.937,0,0
32413.893,0,0
33029.482,0,0
33443.888,0,0
33621.919,0,0
33463.662,0,0
33945.432,0,0
35067.415,0,0
35937.11,0,0
36555.884,0,0
37033.902,0,0
37516.21,0,0
38093.743,0,0
38774.755,0,0
39135.932,0,0
39176.917,0,0
39060.486,0,0
38812.061,0,0
38252.966,0,0
37239.413,0,0
35740.283,0,0
33906.345,0,0
32842.534,0,0
32918.374,0,0
33606.031,0,0
34898.641,0,0
35884.291,0,0
36201.492,0,0
36866.503,0,0
37388.44,0,0
38121.425,0,0
38782.87,0,0
39184.349,0,0
39505.764,0,0
39431.162,0,0
39262.099,0,0
38885.094,0,0
38478.752,0,0
38072.351,0,0
37665.893,0,0
37544.828,0,0
37609.344,0,0
37772.379,0,0
37842.141,0,0
37794.998,0,0
37630.934,0,0
37466.969,0,0
37303.103,0,0
37037.025,0,0
36868.626,0,0
36600.176,0,0
36431.677,0,0
35924.101,0,0
35116.642,0,0
34063.871,0,0
32905.038,0,0
32021.015,0,0
31819.491,0,0
31517.967,0,0
31216.441,0,0
30323.05,0,0
28801.003,1,1
26842.754,1,1
24883.733,1,1
24511.945,0,0
25829.415,0,0
26789.539,0,0
27418.555,0,0
27362.236,0,0
26619.295,0,0
25875.703,0,0
25035.366,0,0
24332.654,1,1
24028.483,1,1
23824.306,1,1
23520.123,1,1
23582.361,1,1
23829.242,1,1
23920.546,1,1
24112.335,1,1
24441.788,0,0
24908.949,0,0
25376.654,0,0
25844.905,0,0
26361.47,0,0
26885.433,0,0
27409.878,0,0
28034.806,0,0
28151.903,0,0
28060.259,0,0
27867.883,0,0
27554.337,0,0
27051.227,0,0
26240.338,0,0
25739.902,0,0
25962.141,0,0
27285.44,0,0
29404.336,0,0
30681.391,0,0
30084.435,0,0
27624.902,0,0
25251.487,0,0
23303.571,1,1
21878.191,1,1
19810.372,1,1
16973.313,1,1
16276.812,1,1
17845.301,1,1
19462.445,1,1
20829.148,1,1
21006.812,1,1
19947.414,1,1
19185.99,1,1
18692.969,1,1
19560.894,1,1
21649.395,1,1
23161.793,1,1
23993.9,1,1
24946.14,0,0
26034.516,0,0
26964.874,0,0
27928.491,0,0
28695.661,0,0
29489.841,0,0
30299.112,0,0
31225.102,0,0
32529.768,0,0
34131.882,0,0
35179.947,0,0
35813.139,0,0
37562.698,0,0
39649.631,0,0
40073.009,0,0
39398.878,0,0
38584.019,0,0
37643.846,0,0
36921.107,0,0
36358.488,0,0
35795.54,0,0
35232.264,0,0
34921.926,0,0
34764.87,0,0
34607.942,0,0
34551.145,0,0
34530.567,0,0
34546.286,0,0
34662.24,0,0
34678.43,0,0
34710.185,0,0
34515.308,0,0
34420.527,0,0
34325.841,0,0
34264.364,0,0
34436.278,0,0
34508.531,0,0
34502.974,0,0
33970.908,0,0
32967.741,0,0
32064.48,0,0
31005.354,0,0
30504.781,0,0
30562.956,0,0
30665.412,0,0
30667.943,0,0
30313.09,0,0
29300.714,0,0
28257.399,0,0
27224.85,0,0
26923.687,0,0
27354.713,0,0
27797.415,0,0
28210.042,0,0
28302.25,0,0
28474.127,0,0
28546.13,0,0
28718.259,0,0
28752.598,0,0
28648.995,0,0
28545.315,0,0
28441.559,0,0
28403.233,0,0
28430.323,0,0
28557.318,0,0
28547.284,0,0
28692.957,0,0
29152.469,0,0
29455.79,0,0
29759.188,0,0
30197.508,0,0
30560.018,0,0
31018.033,0,0
31373.622,0,0
31966.089,0,0
32696.611,0,0
32882.28,0,0
32407.791,0,0
29846.833,0,0
24432.524,0,0
23159.312,0,0
26615.065,0,0
28237.696,0,0
28222.496,0,0
27515.024,0,0
26744.226,0,0
27605.508,0,0
29989.335,0,0
31404.032,0,0
31847.727,0,0
30809.585,0,0
28296.43,0,0
26394.083,0,0
25314.006,0,0
23656.289,0,0
21879.702,0,0
20276.213,0,0
18753.843,1,1
16825.468,1,1
14321.641,1,1
11422.811,1,1
7546.53,1,1
5206.148,1,1
5404.173,1,1
6824.216,1,1
9210.855,1,1
11777.59,1,1
15039.602,1,1
19343.505,0,0
24128.748,0,0
21903.681,0,0
13635.497,1,1
6224.486,1,1
13.669,1,1
0.0,1,1
0.0,1,1
966.015,1,1
3075.517,1,1
5137.226,1,1
7166.65,1,1
9140.392,1,1
11234.59,1,1
14384.315,1,1
18457.125,1,1
22780.15,0,0
26449.492,0,0
29403.798,0,0
31566.905,0,0
33003.764,0,0
34101.855,0,0
34433.005,0,0
34238.626,0,0
34144.325,0,0
34050.101,0,0
33216.187,0,0
31842.32,0,0
30467.886,0,0
28856.464,0,0
28282.616,0,0
28646.723,0,0
28872.087,0,0
29138.508,0,0
29071.436,0,0
28670.798,0,0
28370.16,0,0
27969.522,0,0
27535.359,0,0
27067.6,0,0
26440.584,0,0
25874.494,0,0
25746.987,0,0
26258.303,0,0
26532.654,0,0
26806.846,0,0
26886.758,0,0
26672.229,0,0
26457.622,0,0
26342.936,0,0
26034.981,0,0
25675.259,0,0
25215.296,0,0
24748.097,1,1
24583.351,1,1
25047.428,1,1
25588.97,0,0
25934.693,0,0
26424.64,0,0
26940.455,0,0
27548.317,0,0
28051.729,0,0
27008.309,0,0
24093.794,1,1
21817.962,1,1
21259.752,1,1
21554.189,1,1
22990.896,1,1
23837.647,1,1
24292.032,1,1
25072.765,1,1
25795.779,0,0
26825.602,0,0
28163.247,0,0
29755.359,0,0
29106.636,0,0
29858.446,0,0
30334.307,0,0
29219.346,0,0
26718.057,0,0
26348.583,0,0
28070.213,0,0
30016.079,0,0
31934.41,0,0
32991.857,0,0
33192.337,0,0
32841.663,0,0
31862.259,0,0
30061.916,0,0
27367.946,0,0
25090.413,1,1
24421.587,1,1
25009.518,1,1
26419.495,0,0
27289.018,0,0
27768.207,0,0
27935.315,0,0
28093.963,0,0
26492.165,0,0
22913.427,1,1
18977.259,1,1
15198.221,1,1
14564.858,1,1
17154.94,1,1
19856.955,1,1
22501.723,1,1
24388.897,1,1
25354.196,0,0
26421.324,0,0
27390.283,0,0
28187.621,0,0
28542.721,0,0
28961.13,0,0
29280.197,0,0
29437.381,0,0
29232.182,0,0
29026.975,0,0
28821.762,0,0
28913.784,0,0
29103.473,0,0
29293.731,0,0
29484.557,0,0
28616.555,0,0
26788.282,0,0
24858.653,1,1
22927.664,1,1
20422.683,1,1
17726.494,1,1
14724.143,1,1
11478.518,1,1
10477.855,1,1
11728.183,1,1
12881.361,1,1
14137.398,1,1
16043.349,1,1
18436.739,1,1
20608.773,1,1
22270.949,1,1
23783.316,1,1
24592.663,1,1
25403.51,1,1
26136.554,1,1
26386.937,1,1
26493.46,1,1
26500.181,1,1
26607.101,1,1
26759.732,1,1
26957.923,0,0
27156.111,0,0
27354.295,0,0
27461.057,0,0
27275.859,0,0
27089.636,0,0
26862.116,1,0
27457.024,0,0
28563.111,0,0
29682.863,0,0
30406.847,0,0
30889.343,0,0
30819.477,0,0
30973.411,0,0
31164.506,0,0
30973.825,0,0
30044.337,0,0
29326.922,0,0
28637.364,0,0
27911.348,0,0
27177.928,0,0
27249.172,0,0
28161.994,0,0
29210.375,0,0
30404.01,0,0
30505.54,0,0
29299.641,0,0
27677.062,0,0
25565.88,1,1
25889.177,1,1
28645.051,0,0
30873.091,0,0
32631.45,0,0
33285.493,0,0
32826.029,0,0
32538.462,0,0
32315.756,0,0
32939.803,0,0
34322.364,0,0
35374.191,0,0
36163.845,0,0
36760.41,0,0
36966.679,0,0
37147.809,0,0
37316.497,0,0
37798.567,0,0
38359.729,0,0
38598.962,0,0
38116.481,0,0
37673.917,0,0
37231.218,0,0
36788.386,0,0
36388.993,0,0
35810.203,0,0
35331.203,0,0
35373.993,0,0
35869.492,0,0
36224.597,0,0
36323.822,0,0
36274.741,0,0
36160.155,0,0
36045.564,0,0
35930.968,0,0
35845.5,0,0
35689.183,0,0
35632.891,0,0
35576.622,0,0
35400.0,0,0
35100.0,0,0
34800.0,0,0
34600.0,0,0
34100.0,0,0
33400.0,0,0
32600.0,0,0
31900.0,0,0
31400.0,0,0
31200.0,0,0
31000.0,0,0
30800.0,0,0
30500.0,0,0
30100.0,0,0
29700.0,0,0
29300.0,0,0
28900.0,0,0
28600.0,1,1
28300.0,1,1
27991.195,1,1
27725.49,1,1
27737.899,1,1
27631.721,1,1
27213.915,1,1
27274.721,1,1
27614.061,1,1
28053.375,1,1
28392.664,1,1
28740.505,0,0
28996.953,0,0
29253.445,0,0
29492.245,0,0
29439.823,0,0
29214.583,0,0
29089.402,0,0
28864.283,0,0
28894.915,0,0
28966.746,0,0
29032.479,0,0
29094.922,0,0
27653.179,1,1
24174.562,1,1
23428.538,1,1
25942.787,1,1
27642.656,1,1
28164.142,1,1
28357.339,1,1
28246.323,1,1
28068.925,1,1
28040.116,1,1
28229.024,1,1
28732.564,1,1
29544.692,0,0
30428.544,0,0
30946.913,0,0
30732.145,0,0
29718.464,0,0
28247.007,1,0
28911.723,0,0
31673.835,0,0
33228.105,0,0
33711.975,0,0
33731.798,0,0
33289.416,0,0
32942.178,0,0
32665.947,0,0
32792.106,0,0
33217.453,0,0
33934.312,0,0
34737.921,0,0
35107.332,0,0
35059.811,0,0
35418.23,0,0
35980.457,0,0
36573.376,0,0
37119.53,0,0
37494.344,0,0
37858.383,0,0
38222.402,0,0
38586.401,0,0
38379.728,0,0
37709.77,0,0
36592.131,0,0
35396.584,0,0
34829.134,0,0
35287.057,0,0
35567.065,0,0
35848.799,0,0
35977.312,0,0
36152.495,0,0
36229.959,0,0
36270.765,0,0
36125.541,0,0
35894.226,0,0
35662.962,0,0
35431.749,0,0
34841.831,0,0
34092.986,0,0
33171.924,0,0
32071.616,0,0
31570.834,0,0
31570.254,0,0
31491.202,0,0
31340.345,0,0
31064.921,0,0
30764.68,0,0
30564.439,0,0
30264.198,0,0
29981.274,0,0
29515.7,0,0
29150.172,0,0
28784.688,0,0
28612.68,0,0
28407.351,0,0
28200.0,0,0
27900.0,0,0
27800.0,0,0
27800.0,0,0
27800.0,0,0
27800.0,0,0
27900.0,0,0
28200.0,0,0
28400.0,0,0
28700.0,0,0
29100.0,0,0
29700.0,0,0
30300.0,0,0
30800.0,0,0
31200.0,0,0
31300.0,0,0
31500.0,0,0
31600.0,0,0
31391.605,0,0
30736.226,0,0
29924.238,0,0
28868.066,0,0
27773.303,0,0
26354.628,0,0
25190.244,0,0
24164.602,0,0
23071.194,0,0
21719.14,1,1
20613.594,1,1
19769.217,1,1
18563.182,1,1
17018.87,1,1
16201.488,1,1
16161.243,1,1
15769.258,1,1
15037.01,1,1
14856.359,1,1
15244.395,1,1
15436.445,1,1
15535.68,1,1
15963.179,1,1
16899.537,1,1
17574.336,1,1
17988.664,1,1
18331.199,1,1
18438.519,1,1
18683.978,1,1
18886.851,1,1
19772.841,1,1
21063.147,1,1
22304.026,1,1
23332.592,0,0
25107.357,0,0
27350.194,0,0
28983.204,0,0
30306.595,0,0
33106.454,0,0
36558.586,0,0
38100.0,0,0
38600.0,0,0
39000.0,0,0
39500.0,0,0
39700.0,0,0
39600.0,0,0
39500.0,0,0
39500.0,0,0
39300.0,0,0
39100.0,0,0
38900.0,0,0
38791.355,0,0
38441.14,0,0
38183.684,0,0
37826.155,0,0
37505.979,0,0
37120.022,0,0
36822.767,0,0
36493.308,0,0
36114.79,0,0
35718.268,0,0
35303.704,0,0
34989.119,0,0
34538.845,0,0
33938.665,0,0
33188.682,0,0
32303.026,0,0
31417.389,0,0
31017.296,0,0
30902.727,0,0
30888.147,0,0
30737.736,0,0
30451.059,0,0
30046.996,0,0
29642.856,0,0
29238.639,0,0
28851.686,0,0
28482.017,0,0
28212.297,0,0
27942.525,0,0
27498.973,0,0
26779.137,0,0
26027.866,0,0
25186.149,0,0
24591.553,0,0
24293.402,0,0
23995.03,0,0
23696.437,0,0
23571.888,1,0
23721.468,0,0
23673.717,0,0
23602.827,0,0
23765.974,0,0
24063.306,0,0
24260.635,0,0
24557.963,0,0
24506.898,0,0
23886.776,0,0
23359.265,1,1
22828.581,1,1
23334.171,1,1
24961.732,0,0
26344.775,0,0
27412.887,0,0
27858.638,0,0
27641.527,0,0
28098.846,0,0
29447.564,0,0
30792.315,0,0
31873.204,0,0
32546.966,0,0
33111.173,0,0
33211.885,0,0
33027.916,0,0
33806.499,0,0
35449.097,0,0
36550.576,0,0
37410.694,0,0
37842.345,0,0
37946.507,0,0
37967.201,0,0
38004.493,0,0
37727.807,0,0
37236.888,0,0
36818.035,0,0
36354.305,0,0
35890.901,0,0
35637.023,0,0
34842.621,0,0
33700.631,0,0
33043.752,0,0
32797.221,0,0
33090.287,0,0
34386.094,0,0
35160.558,0,0
35609.19,0,0
35524.209,0,0
34708.924,0,0
33629.727,0,0
32497.919,0,0
30900.263,0,0
28429.749,0,0
25627.905,0,0
22699.854,1,1
20377.239,1,1
19177.218,1,1
17977.03,1,1
16776.677,1,1
16574.778,1,1
17371.582,1,1
18168.551,1,1
18965.685,1,1
18764.034,1,1
17663.347,1,1
16562.495,1,1
15461.477,1,1
15259.575,1,1
15957.039,1,1
16654.668,1,1
17352.462,1,1
18874.94,1,1
20805.01,1,1
22509.479,1,1
23882.876,0,1
24882.554,1,1
25715.925,1,1
26596.73,1,1
27012.86,1,1
26923.662,1,1
26329.174,1,1
25734.741,1,1
24984.359,1,1
25018.066,1,1
25388.83,1,1
25752.436,1,1
26015.919,1,1
26649.446,1,1
27511.848,1,1
28150.307,1,1
28703.5,1,1
28831.832,1,1
28846.34,1,1
28860.845,1,1
28875.347,1,1
28968.108,1,1
29039.131,1,1
29210.153,1,1
29372.733,1,1
29517.222,0,0
29644.472,0,0
29771.754,0,0
29899.067,0,0
30147.329,0,0
30671.08,0,0
31108.381,0,0
31645.175,0,0
32179.958,0,0
32906.486,0,0
33377.425,0,0
33789.826,0,0
33677.121,0,0
33242.391,0,0
32760.147,0,0
31993.174,0,0
31684.74,0,0
31628.803,0,0
31975.994,0,0
32749.252,0,0
33169.824,0,0
33500.621,0,0
34133.332,0,0
35064.466,0,0
35560.004,0,0
35620.381,0,0
36116.637,0,0
36990.309,0,0
38047.258,0,0
39220.246,0,0
39897.524,0,0
39753.968,0,0
39871.543,0,0
40144.795,0,0
39791.65,0,0
39010.174,0,0
38290.698,0,0
37384.9,0,0
37048.093,0,0
37299.64,0,0
37770.262,0,0
38286.217,0,0
38913.211,0,0
39651.073,0,0
39994.099,0,0
39844.323,0,0
39694.537,0,0
39544.742,0,0
39341.162,0,0
39083.811,0,0
38926.472,0,0
38706.729,0,0
38235.781,0,0
37967.439,0,0
37599.11,0,0
37230.794,0,0
37133.402,0,0
37206.889,0,0
37226.598,0,0
37183.917,0,0
37030.486,0,0
36866.302,0,0
36800.0,0,0
36600.0,0,0
36400.0,0,0
36091.369,0,0
35748.435,0,0
35405.509,0,0
34776.9,0,0
34062.604,0,0
33248.31,0,0
32434.019,0,0
32008.985,0,0
31724.406,0,0
31453.732,0,0
31083.028,0,0
30797.664,0,0
30497.664,1,1
30297.664,1,1
29997.664,1,1
29712.328,1,1
29241.657,1,1
28870.985,1,1
28463.833,1,1
28210.556,1,1
28268.414,1,1
28270.728,1,1
28273.061,1,1
28443.748,1,1
28582.775,1,1
28821.802,1,1
29001.697,1,1
29144.634,1,1
29480.412,1,1
29716.196,1,1
30051.987,1,1
30280.625,1,1
30500.0,1,1
30800.0,0,0
31000.0,0,0
31265.575,0,0
31540.316,0,0
31793.024,0,0
32044.626,0,0
32422.539,0,0
33050.811,0,0
33454.803,0,0
33517.534,0,0
33432.676,0,0
33349.281,0,0
33199.579,0,0
33184.315,0,0
33557.53,0,0
34417.962,0,0
35404.383,0,0
36652.902,0,0
37381.309,0,0
37746.639,0,0
37976.873,0,0
38090.875,0,0
38240.893,0,0
38435.72,0,0
38740.803,0,0
39092.324,0,0
39042.738,0,0
38692.123,0,0
38247.305,0,0
37648.13,0,0
36768.346,0,0
35768.701,0,0
34600.941,0,0
33677.73,0,0
33020.211,0,0
33168.645,0,0
33404.918,0,0
33529.076,0,0
33912.402,0,0
34574.013,0,0
35097.623,0,0
35634.002,0,0
36145.516,0,0
36641.662,0,0
36963.292,0,0
37345.861,0,0
37516.596,0,0
37573.769,0,0
37575.639,0,0
37577.527,0,0
37547.433,0,0
37585.376,0,0
37523.362,0,0
37502.497,0,0
37316.737,0,0
37195.331,0,0
37025.28,0,0
36823.191,0,0
36384.986,0,0
35810.627,0,0
35161.788,0,0
34378.031,0,0
33700.293,0,0
33008.834,0,0
32300.752,0,0
31592.578,0,0
30710.826,0,0
29855.586,1,1
29000.372,1,1
28045.184,1,1
27798.901,1,1
28061.551,1,1
28385.584,1,1
28550.911,0,0
28722.525,0,0
28900.456,0,0
29038.699,0,0
28945.342,0,0
28898.685,0,0
28598.685,0,0
28398.685,0,0
28198.685,1,1
28254.3,1,1
28544.902,0,0
28552.079,0,0
28600.0,0,0
28600.0,0,0
28600.0,0,0
28600.0,0,0
28700.0,0,0
28800.0,0,0
28987.805,0,0
29123.467,0,0
29259.116,0,0
29459.11,0,0
29823.456,0,0
30087.803,0,0
30300.0,0,0
30269.691,0,0
29833.423,0,0
29390.046,0,0
29300.808,0,0
29368.48,0,0
29422.671,0,0
29686.357,0,0
29976.262,0,0
30207.812,0,0
30276.56,0,0
30543.407,0,0
31193.394,0,0
31693.353,0,0
32149.407,0,0
32121.536,0,0
31600.537,0,0
31159.259,0,0
30552.365,0,0
29852.16,0,0
28844.767,0,0
27650.755,1,1
26227.64,1,1
27162.941,1,1
30218.116,0,0
32548.148,0,0
33989.854,0,0
34998.791,0,0
35271.928,0,0
35730.995,0,0
35866.824,0,0
35344.593,0,0
34720.04,0,0
34012.733,0,0
32980.452,0,0
31287.725,0,0
29581.93,0,0
29268.975,0,0
30350.646,0,0
31693.872,0,0
33194.185,0,0
33618.426,0,0
33274.309,0,0
32835.934,0,0
32475.312,0,0
32275.067,0,0
32435.236,0,0
32473.199,0,0
32516.918,0,0
32172.311,0,0
31111.87,0,0
30029.033,0,0
28946.054,0,0
28158.551,1,1
27766.576,1,1
27274.53,1,1
26719.329,1,1
26172.139,1,1
25524.849,1,1
24877.461,1,1
24229.974,1,1
23118.009,1,1
21641.468,1,1
19976.351,1,1
18233.231,1,1
17191.204,1,1
16850.57,1,1
16510.054,1,1
16169.658,1,1
14565.829,1,1
11697.701,1,1
8767.35,1,1
6044.416,1,1
6884.928,1,1
11522.739,1,1
16114.693,1,1
20011.249,1,1
21983.127,0,0
23090.51,0,0
23941.977,0,0
24365.048,0,0
24734.807,0,0
24951.148,0,0
25067.607,0,0
25284.183,0,0
25066.095,0,0
24313.078,0,0
23659.823,0,0
22999.409,0,0
22770.567,0,0
23413.343,0,0
23902.705,0,0
24392.172,0,0
24482.307,0,0
24272.823,0,0
23603.835,0,0
22882.578,0,0
22633.759,0,0
22933.594,0,0
23223.363,0,0
23507.733,0,0
23728.623,0,0
24089.129,0,0
24367.367,0,0
24663.245,0,0
25092.082,0,0
25640.84,0,0
24997.911,0,0
23072.003,0,0
21003.765,1,1
18940.739,1,1
17710.119,1,1
17530.715,1,1
15577.026,1,1
11848.569,1,1
9710.848,1,1
8717.392,1,1
7556.148,1,1
6204.63,1,1
6160.602,1,1
7184.083,1,1
9690.44,1,1
13657.326,1,1
17134.667,1,1
20101.695,1,1
22541.605,0,0
23747.149,0,0
24351.525,0,0
24491.139,0,0
24011.649,0,0
23672.914,0,0
24784.496,0,0
27087.137,0,0
28918.192,0,0
30311.237,0,0
31388.756,0,0
32216.187,0,0
32143.45,0,0
31292.501,0,0
30319.067,0,0
29445.083,0,0
29020.875,0,0
28946.923,0,0
28973.061,0,0
28999.289,0,0
28345.789,0,0
27111.943,0,0
25434.148,0,0
23790.041,0,0
23225.702,0,0
23742.289,0,0
24359.388,0,0
24876.998,0,0
25404.927,0,0
25752.011,0,0
26136.881,0,0
26422.026,0,0
26060.439,0,0
24888.824,0,0
23420.148,0,0
21950.562,0,0
21275.06,0,0
21494.712,0,0
21614.88,0,0
21735.565,0,0
22056.366,1,1
22408.779,1,1
22724.593,1,1
23040.87,1,1
23092.605,1,1
23079.712,1,1
22967.166,1,1
22854.969,1,1
23038.492,1,1
23262.752,1,1
23393.19,1,1
23624.016,1,1
24063.459,1,1
24753.828,0,0
25228.118,0,0
25802.837,0,0
26372.226,0,0
26777.57,0,0
27146.815,0,0
27516.214,0,0
27866.831,0,0
28298.505,0,0
28830.118,0,0
29261.668,0,0
29612.307,0,0
29982.197,0,0
30252.24,0,0
30622.438,0,0
30456.887,0,0
29718.88,0,0
29088.325,0,0
28383.901,0,0
27903.09,0,0
27678.029,0,0
27172.766,0,0
26172.818,0,0
25548.493,0,0
25221.339,0,0
24908.959,0,0
24542.384,1,1
24672.544,1,1
25328.135,0,0
25422.816,0,0
25055.76,0,0
24249.82,1,1
23004.461,1,1
24808.919,0,0
29612.987,0,0
32900.533,0,0
34552.165,0,0
34606.288,0,0
33058.146,0,0
30929.614,0,0
28339.478,0,0
27138.816,0,0
27675.98,0,0
28325.453,0,0
29151.093,0,0
28837.607,0,0
27406.668,0,0
25874.303,0,0
24119.243,1,1
23224.093,1,1
23303.557,1,1
23320.199,1,1
23258.48,1,1
23657.38,1,1
24287.05,1,1
25100.436,0,0
26218.552,0,0
27437.182,0,0
28656.326,0,0
30195.32,0,0
31775.855,0,0
33357.897,0,0
34194.712,0,0
34889.789,0,0
35405.619,0,0
35734.956,0,0
36134.833,0,0
35986.069,0,0
35784.43,0,0
35482.7,0,0
35125.929,0,0
34825.311,0,0
34681.056,0,0
34381.918,0,0
34082.871,0,0
33985.455,0,0
33989.765,0,0
33989.185,0,0
33853.003,0,0
33395.556,0,0
32816.825,0,0
32138.113,0,0
31559.42,0,0
31152.287,0,0
30916.674,0,0
30681.029,0,0
30445.352,0,0
30102.506,0,0
29523.14,0,0
28784.623,0,0
28145.847,0,0
27674.973,0,0
27172.114,0,0
26769.142,0,0
26310.493,0,0
25790.326,0,0
25310.122,0,0
24929.481,0,0
24330.718,0,0
23882.183,0,0
23742.337,0,0
23602.009,0,0
23365.658,0,0
23366.318,0,0
23963.227,0,0
24560.133,0,0
25157.036,0,0
25453.935,0,0
25550.831,0,0
25647.723,0,0
25644.612,0,0
25047.156,0,0
23347.56,0,0
21142.335,0,0
18359.689,0,0
16897.222,0,0
17314.606,0,0
15803.006,0,0
11940.411,0,0
8709.976,0,0
6283.091,0,0
4735.964,1,1
3957.342,1,1
3602.388,1,1
3543.425,1,1
4250.543,1,1
5619.98,1,1
5010.142,1,1
2413.889,1,1
0.0,1,1
0.0,1,1
0.0,1,1
0.0,1,1
0.0,1,1
0.0,1,1
0.0,1,1
0.0,1,1
0.0,1,1
0.0,1,1
0.0,1,1
0.0,1,1
0.0,1,1
0.0,1,1
0.0,1,1
2445.418,1,1
7332.114,0,0
12394.542,0,0
14889.207,0,0
14962.316,0,0
16909.565,0,0
19647.864,0,0
21658.444,0,0
23650.007,0,0
25370.288,0,0
27106.191,0,0
28188.313,0,0
28615.834,0,0
29044.008,0,0
29572.834,0,0
29634.253,0,0
29527.768,0,0
29321.273,0,0
29114.769,0,0
28281.925,0,0
26821.407,0,0
25259.099,0,0
23794.996,0,0
23216.748,0,0
23526.362,0,0
23836.861,0,0
24148.245,0,0
23470.529,0,0
21901.689,0,0
20243.689,0,0
18307.889,0,0
17260.193,0,0
17002.936,0,0
16746.6,0,0
16491.186,0,0
15543.949,1,1
14002.745,1,1
12359.606,1,1
10714.526,1,1
11269.373,1,1
14028.488,1,1
16557.476,1,1
18793.421,1,1
18486.733,1,1
15732.602,1,1
12678.075,1,1
9385.224,1,1
9603.643,1,1
13239.805,1,1
16359.951,1,1
19317.162,1,1
20324.057,1,1
20318.494,1,1
20412.923,1,1
20407.343,1,1
20567.755,1,1
20894.284,1,1
21320.974,0,0
21647.825,0,0
23620.257,0,0
25923.548,0,0
27754.693,0,0
29061.616,0,0
29500.126,0,0
29079.866,0,0
28547.052,0,0
27912.107,0,0
27655.716,0,0
27759.182,0,0
27759.067,0,0
27317.655,0,0
26633.096,0,0
25727.465,0,0
25078.54,0,0
24755.156,0,0
23966.439,0,0
22678.881,0,0
22684.679,0,0
24084.705,0,0
25672.379,0,0
27639.477,0,0
27764.876,0,0
26219.725,0,0
24866.398,0,0
23738.021,0,0
22946.682,0,0
22513.158,0,0
21832.303,0,0
20733.111,1,1
20528.396,1,1
21044.819,0,0
21160.285,0,0
20941.468,0,0
21969.174,0,0
24170.23,0,0
25963.578,0,0
27657.247,0,0
28900.429,0,0
30023.374,0,0
30640.489,0,0
31019.065,0,0
33322.094,0,0
36577.819,0,0
37519.578,0,0
36923.358,0,0
36382.002,0,0
35562.885,0,0
34791.239,0,0
33648.958,0,0
32458.104,0,0
30716.507,0,0
30384.114,0,0
31635.661,0,0
32281.685,0,0
32828.907,0,0
32945.583,0,0
32630.554,0,0
32215.182,0,0
31899.465,0,0
31910.226,0,0
32491.385,0,0
32858.385,0,0
33226.052,0,0
33259.557,0,0
32958.4,0,0
32657.241,0,0
32356.081,0,0
31754.983,0,0
30953.948,0,0
30152.911,0,0
29351.873,0,0
28845.858,0,0
28434.639,0,0
28123.116,0,0
27811.288,1,1
27820.181,1,1
28150.787,0,0
28401.157,0,0
28506.621,0,0
28613.923,0,0
28499.057,0,0
28384.313,0,0
28200.0,0,0
28100.0,0,0
28000.0,0,0
27987.834,0,0
27837.868,1,1
27823.54,1,1
27844.925,1,1
27866.342,0,0
27987.789,0,0
28087.78,0,0
28266.268,0,0
28344.724,0,0
28523.149,0,0
28730.273,0,0
29066.165,0,0
29300.0,0,0
29600.0,0,0
29423.269,0,0
28761.505,0,0
27756.927,1,1
26628.382,1,1
25793.802,1,1
25579.735,1,1
25779.615,1,1
26577.913,1,1
27345.433,1,1
28163.417,0,0
28590.706,0,0
28493.913,0,0
28641.044,0,0
28926.033,0,0
29002.42,0,0
28027.31,0,0
26257.847,1,1
24919.153,1,1
24731.384,1,1
25629.21,1,1
26158.024,1,1
26204.941,1,1
26244.341,1,1
26387.007,1,1
26002.414,1,1
25199.747,1,1
25549.306,1,1
26959.032,1,1
27854.293,0,0
28180.839,0,0
29700.906,0,0
32099.435,0,0
33772.203,0,0
34559.325,0,0
35058.489,0,0
35074.014,0,0
35336.24,0,0
35544.948,0,0
36044.835,0,0
36726.134,0,0
37000.0,0,0
36900.0,0,0
36700.0,0,0
36600.0,0,0
36400.0,0,0
36200.0,0,0
36000.0,0,0
35800.0,0,0
35600.0,0,0
35400.0,0,0
35200.0,0,0
35000.0,0,0
34800.0,0,0
34700.0,0,0
34600.0,0,0
34600.0,0,0
34400.0,0,0
34300.0,0,0
34100.0,0,0
33900.0,0,0
33800.0,0,0
33600.0,0,0
33500.0,0,0
33300.0,0,0
32800.0,0,0
32000.0,0,0
31100.0,0,0
30300.0,0,0
29800.0,0,0
29800.0,0,0
29800.0,0,0
29800.0,0,0
29600.0,0,0
29300.0,0,0
29000.0,0,0
28700.0,1,1
28400.0,1,1
28200.0,1,1
28000.0,1,1
27800.0,1,1
27600.0,1,1
27600.0,1,1
27500.0,1,1
27400.0,1,1
27400.0,1,1
27400.0,1,1
27400.0,1,1
27400.0,1,1
27500.0,1,1
27700.0,1,1
28000.0,1,1
28200.0,1,1
28500.0,1,1
28600.0,1,1
28800.0,1,1
28900.0,0,0
29062.495,0,0
29070.894,0,0
29072.771,0,0
29071.391,0,0
29556.279,0,0
30623.514,0,0
30965.395,0,0
30565.943,0,0
30188.613,0,0
29843.533,0,0
29712.724,0,0
29796.674,0,0
29729.627,0,0
29506.652,0,0
29356.768,0,0
29480.642,0,0
29528.096,0,0
29504.517,0,0
29906.046,0,0
30830.722,0,0
31464.697,0,0
32007.367,0,0
32090.335,0,0
31719.29,0,0
31348.005,0,0
31067.352,0,0
30501.74,0,0
29687.464,0,0
28806.591,1,1
27962.867,1,1
27889.954,1,1
28615.483,1,1
29138.938,0,0
29503.613,0,0
30332.664,0,0
31533.524,0,0
32428.124,0,0
33070.253,0,0
34288.036,0,0
35704.607,0,0
36300.0,0,0
36200.0,0,0
36100.0,0,0
36000.0,0,0
35900.0,0,0
35800.0,0,0
35600.0,0,0
35500.0,0,0
35300.0,0,0
35000.0,0,0
34800.0,0,0
34600.0,0,0
34400.0,0,0
34300.0,0,0
34100.0,0,0
34000.0,0,0
33894.942,0,0
33787.772,0,0
33680.596,0,0
33473.413,0,0
33344.694,0,0
33094.417,0,0
32844.102,0,0
32593.751,0,0
32086.479,0,0
31422.337,0,0
30658.227,0,0
29994.151,0,0
29594.112,0,0
29458.072,0,0
29322.011,0,0
29185.931,0,0
29003.893,0,0
28675.941,0,0
28448.029,0,0
28200.0,0,0
27900.0,0,0
27800.0,0,0
27700.0,0,0
27600.0,0,0
27500.0,1,1
27400.0,1,1
27300.0,1,1
27200.0,1,1
27100.0,1,1
27100.0,1,1
27100.0,1,1
27100.0,1,1
27200.0,1,1
27500.0,1,1
27800.0,0,0
28000.0,0,0
28300.0,0,0
28369.479,0,0
28511.395,0,0
28653.268,0,0
28563.631,0,0
28311.684,0,0
28504.934,0,0
29150.33,0,0
29845.025,0,0
30582.412,0,0
31111.311,0,0
31242.69,0,0
31161.774,0,0
31388.082,0,0
31046.248,0,0
30126.517,0,0
28979.344,0,0
27592.861,0,0
26918.563,1,1
26897.943,1,1
26755.66,1,1
26397.18,1,1
26139.624,1,1
25771.158,1,1
25051.354,1,1
23813.787,1,1
23817.018,1,1
24925.121,1,1
25367.342,1,1
25252.048,1,1
25792.837,1,1
27145.842,1,1
28313.95,0,0
29480.972,0,0
30064.383,0,0
30157.915,0,0
30426.105,0,0
30952.233,0,0
31631.262,0,0
32614.099,0,0
33532.472,0,0
34126.325,0,0
34841.129,0,0
35627.319,0,0
35998.539,0,0
35798.538,0,0
35598.538,0,0
35298.538,0,0
35187.895,0,0
35166.609,0,0
35145.323,0,0
35124.036,0,0
34934.676,0,0
34677.249,0,0
34400.0,0,0
34000.0,0,0
33900.0,0,0
33800.0,0,0
33800.0,0,0
33700.0,0,0
33600.0,0,0
33400.0,0,0
33200.0,0,0
33100.0,0,0
32900.0,0,0
32800.0,0,0
32600.0,0,0
32500.0,0,0
32100.0,0,0
31400.0,0,0
30700.0,0,0
30100.0,0,0
29700.0,0,0
29600.0,0,0
29600.0,0,0
29500.0,0,0
29300.0,0,0
29000.0,0,0
28800.0,0,0
28500.0,1,1
28200.0,1,1
28000.0,1,1
27645.303,1,1
27367.225,1,1
27121.096,1,1
27006.918,1,1
26892.743,1,1
26843.544,1,1
26814.057,1,1
26999.202,1,1
27184.347,1,1
27200.0,1,1
27400.0,1,1
27600.0,1,1
27800.0,1,1
27900.0,1,1
28200.0,1,1
28400.0,1,1
28600.0,1,1
28900.0,0,0
28918.39,0,0
28832.325,0,0
28737.599,1,1
28538.76,1,1
28779.102,1,1
29360.468,0,0
29574.069,0,0
29416.643,0,0
29185.507,0,0
28979.258,0,0
28956.643,0,0
29121.995,0,0
29172.585,0,0
29008.977,0,0
29139.73,0,0
29467.388,0,0
29910.76,0,0
30391.156,0,0
30746.014,0,0
30974.215,0,0
30871.791,0,0
30439.488,0,0
30208.465,0,0
29945.28,0,0
29965.038,0,0
30067.891,0,0
30369.953,0,0
30789.761,0,0
30803.713,0,0
30617.084,0,0
30488.241,0,0
30492.241,0,0
30788.748,0,0
31477.203,0,0
31991.882,0,0
32334.673,0,0
32615.924,0,0
32934.15,0,0
33409.204,0,0
34181.997,0,0
34348.074,0,0
33653.766,0,0
32929.444,0,0
32118.536,0,0
31377.726,0,0
30750.051,0,0
30222.149,0,0
29500.947,0,0
29299.585,0,0
29618.481,0,0
29844.508,0,0
30170.763,0,0
30183.507,0,0
30082.566,0,0
29981.626,0,0
29880.685,0,0
29957.901,0,0
30113.466,0,0
30331.252,0,0
30391.474,0,0
30656.48,0,0
30926.32,0,0
31257.275,0,0
31358.864,0,0
31092.191,0,0
30357.041,0,0
29485.886,0,0
28619.087,1,0
28035.279,0,0
27834.612,0,0
27633.943,0,0
27433.274,0,0
26949.062,0,0
26181.107,0,0
25412.598,0,0
24609.269,0,0
24064.513,0,0
24078.718,0,0
24093.076,0,0
24107.589,0,0
23683.078,0,0
22818.964,0,0
21854.227,0,0
20371.118,0,0
19231.998,0,0
18617.587,0,0
17684.715,0,0
16607.589,0,0
15902.567,0,0
15669.944,0,0
15336.792,0,0
15103.111,0,0
14231.058,0,0
12782.854,0,0
11233.531,0,0
9783.088,0,0
9002.441,0,0
8777.572,0,0
8546.609,0,0
8312.448,0,0
8315.314,0,0
8325.368,0,0
9503.913,0,0
11938.964,0,0
12071.191,0,0
9623.642,0,0
7181.581,1,1
4892.581,1,1
4590.705,1,1
6072.001,1,1
7501.683,0,0
8677.79,0,0
9973.737,0,0
11365.705,0,0
13038.436,0,0
14992.897,0,0
14630.692,0,0
11855.112,0,0
9022.148,0,0
6301.258,1,1
3690.015,1,1
1582.824,1,1
0.0,1,1
0.0,1,1
0.0,1,1
0.0,1,1
0.0,1,1
0.0,1,1
0.0,1,1
1602.228,1,1
5025.165,1,1
8495.176,0,0
11401.449,0,0
13726.43,0,0
16275.089,0,0
19021.194,0,0
17851.302,0,0
13018.318,0,0
8329.36,0,0
4041.295,1,1
813.339,1,1
0.0,1,1
0.0,1,1
0.0,1,1
0.0,1,1
0.0,1,1
2929.662,1,1
7296.27,0,0
10179.26,0,0
11203.969,0,0
12330.432,0,0
13458.654,0,0
14872.811,0,0
16749.525,0,0
18528.975,0,0
20177.544,0,0
19324.93,0,0
15725.53,0,0
12001.482,0,0
8441.497,0,0
7712.448,0,0
9708.314,0,0
11816.364,0,0
14067.268,0,0
13555.75,0,0
10375.596,0,0
7230.154,1,1
4289.273,1,1
4390.049,1,1
7569.06,0,0
11018.111,0,0
14217.844,0,0
15000.879,0,0
13957.319,0,0
12912.676,0,0
11866.946,0,0
11663.855,0,0
12204.883,0,0
12846.801,0,0
13489.611,0,0
12932.612,0,0
11125.36,0,0
9176.423,0,0
7123.772,1,1
3931.428,1,1
0.0,1,1
0.0,1,1
0.0,1,1
0.0,1,1
0.0,1,1
0.0,1,1
0.0,1,1
0.0,1,1
601.402,1,1
1894.453,1,1
4046.339,1,1
4203.944,1,1
2433.707,1,1
609.874,1,1
0.0,1,1
0.0,1,1
2131.008,1,1
4567.572,1,1
6644.055,1,1
8361.644,0,0
9880.008,0,0
11698.964,0,0
14141.938,0,0
15275.865,0,0
15471.53,0,0
16517.223,0,0
18250.222,0,0
19881.771,0,0
21270.026,0,0
20637.638,0,0
17872.874,0,0
15308.64,0,0
12664.848,0,0
13427.452,0,0
17286.984,0,0
19927.965,0,0
21294.955,0,0
22248.134,0,0
22585.762,0,0
23514.227,0,0
24828.771,0,0
26190.413,0,0
27521.026,0,0
28833.389,0,0
30244.942,0,0
31477.656,0,0
32633.464,0,0
33534.883,0,0
34287.479,0,0
34923.0,0,0
35658.606,0,0
35909.013,0,0
35674.102,0,0
35339.119,0,0
35104.064,0,0
34700.326,0,0
33774.901,0,0
32837.996,0,0
31778.381,0,0
31253.68,0,0
31312.405,0,0
31471.325,0,0
31630.438,0,0
31849.892,0,0
32287.148,0,0
32600.186,0,0
32673.365,0,0
32625.432,0,0
32256.19,0,0
31886.857,0,0
31417.431,0,0
30917.192,0,0
30086.277,0,0
29255.454,0,0
28524.722,0,0
28058.559,0,0
27856.896,0,0
27755.233,0,0
27653.569,0,0
27250.243,0,0
26545.254,0,0
25809.339,0,0
24933.875,1,1
24548.871,1,1
24454.34,1,1
24459.829,1,1
24365.337,1,1
24080.28,1,1
23604.644,1,1
22931.753,1,1
22181.585,1,1
22109.344,1,1
22615.031,1,1
23120.717,1,1
23510.341,1,1
23980.28,1,1
24550.219,1,1
25020.158,1,1
25512.636,1,1
25865.186,0,0
26232.986,0,0
26500.786,0,0
26868.586,0,0
26949.974,0,0
26844.993,0,0
26485.161,0,0
26199.732,0,0
25976.706,0,0
25675.361,1,0
25747.813,0,0
26209.032,0,0
26683.01,0,0
27069.553,0,0
27034.181,0,0
26572.74,0,0
25692.941,1,1
24365.504,1,1
24246.52,1,1
25481.641,1,1
26092.219,0,0
26213.069,0,0
27519.424,0,0
30043.357,0,0
32360.225,0,0
34455.973,0,0
34952.243,0,0
33958.074,0,0
33003.257,0,0
31899.425,0,0
31547.347,0,0
31748.707,0,0
31772.743,0,0
31742.259,0,0
31890.411,0,0
32414.662,0,0
33030.677,0,0
33736.255,0,0
33938.432,0,0
33858.612,0,0
33831.451,0,0
33957.591,0,0
34110.797,0,0
34485.338,0,0
34468.448,0,0
34229.002,0,0
33692.629,0,0
33156.1,0,0
32885.71,0,0
32889.272,0,0
32957.01,0,0
32924.809,0,0
32842.268,0,0
32709.361,0,0
32576.478,0,0
32443.62,0,0
32293.973,0,0
32227.53,0,0
32161.099,0,0
32094.68,0,0
31994.625,0,0
31760.917,0,0
31627.196,0,0
31393.463,0,0
30991.359,0,0
30520.794,0,0
29876.44,0,0
29198.452,0,0
28120.258,0,0
26606.609,0,0
25015.864,1,1
23424.834,1,1
21545.479,1,1
20013.913,1,1
18467.202,1,1
16367.475,1,1
15255.818,1,1
15133.136,1,1
15010.581,1,1
14988.155,1,1
15866.229,1,1
17676.639,1,1
19038.18,1,1
20400.848,1,1
20704.162,1,1
20001.237,1,1
19346.402,1,1
18591.094,1,1
19046.245,1,1
20632.112,1,1
21498.271,1,1
22364.9,1,1
23213.019,1,1
24100.303,1,1
24910.471,0,0
25551.813,0,0
25904.543,0,0
25968.346,0,0
26032.05,0,0
26095.655,0,0
25860.454,0,0
25194.829,0,0
24684.75,0,0
24892.299,0,0
25538.841,0,0
26392.46,0,0
26920.249,0,0
27028.55,0,0
27457.143,0,0
28106.162,0,0
28400.107,0,0
28336.844,0,0
28350.609,0,0
28609.727,0,0
28319.192,0,0
27680.514,0,0
25119.035,0,0
20503.68,1,1
20231.468,1,1
24302.439,0,0
28089.107,0,0
29450.753,0,0
29732.806,0,0
29115.978,0,0
28094.681,0,0
26679.269,0,0
26446.05,0,0
27363.986,0,0
28157.359,0,0
28866.863,0,0
29203.559,0,0
29228.148,0,0
29189.554,0,0
29193.487,0,0
29841.587,0,0
31042.837,0,0
31993.845,0,0
32751.107,0,0
33172.793,0,0
33463.66,0,0
33600.0,0,0
33500.0,0,0
33400.0,0,0
33284.549,0,0
33260.027,0,0
33138.995,0,0
33017.951,0,0
32896.896,0,0
32637.259,0,0
32045.675,0,0
31276.902,0,0
30406.586,0,0
30201.83,0,0
30575.299,0,0
30910.133,0,0
31245.087,0,0
31178.502,0,0
30710.182,0,0
30241.717,0,0
29765.383,0,0
29198.9,0,0
28884.542,0,0
28470.016,0,0
28155.32,0,0
27733.292,0,0
27404.186,0,0
26975.248,0,0
26588.476,0,0
26104.248,0,0
25381.368,0,0
24647.179,0,0
23591.201,1,1
23060.669,1,1
22803.669,1,1
22646.694,1,1
22389.745,1,1
22089.26,1,1
21745.18,1,1
21401.048,1,1
21056.864,1,1
21386.83,1,1
22343.251,1,1
23178.01,1,1
23901.834,0,0
24053.297,0,0
23784.776,1,1
23523.729,1,1
23260.98,1,1
23413.352,1,1
23980.93,0,0
24452.733,0,0
24988.564,0,0
25356.995,0,0
25558.022,0,0
25859.086,0,0
26160.185,0,0
26250.537,0,0
26111.466,0,0
25965.057,0,0
25815.015,0,0
26226.379,0,0
27189.926,0,0
27137.705,0,0
26111.123,0,0
24732.97,0,0
23050.442,1,1
21798.343,1,1
21044.818,1,1
21200.801,1,1
22295.567,1,1
23098.54,1,1
23443.62,1,1
24077.492,0,0
24906.175,0,0
25604.787,0,0
25958.608,0,0
26330.422,0,0
26715.405,0,0
26749.479,0,0
26241.985,0,0
25531.045,0,0
24683.457,0,0
24334.558,0,0
24274.693,0,0
23897.384,0,0
23147.473,1,0
23894.495,0,0
25789.958,0,0
27405.669,0,0
28753.608,0,0
29850.892,0,0
30763.98,0,0
31621.248,0,0
32444.988,0,0
33011.922,0,0
33240.226,0,0
33300.0,0,0
33170.968,0,0
33015.72,0,0
32860.432,0,0
32722.372,0,0
32501.555,0,0
32333.541,0,0
32034.394,0,0
31736.112,0,0
31238.602,0,0
30740.883,0,0
30096.757,0,0
29715.675,0,0
29718.046,0,0
29720.507,0,0
29723.059,0,0
29971.146,0,0
30201.562,0,0
30532.281,0,0
30569.971,0,0
30411.643,0,0
30304.647,0,0
30097.644,0,0
29990.636,0,0
29501.041,0,0
28728.88,0,0
28056.738,0,0
27284.617,0,0
26774.145,0,0
26625.27,0,0
26576.343,0,0
26427.363,0,0
26255.237,0,0
26160.086,0,0
26000.0,0,0
25800.0,0,0
25600.0,0,0
25400.0,0,0
25024.91,0,0
24705.571,0,0
24345.726,0,0
24379.584,0,0
24315.761,0,0
24243.785,0,0
24164.811,0,0
24278.823,0,0
24292.851,0,0
24306.894,0,0
24471.574,0,0
24578.585,0,0
24474.187,0,0
24369.352,0,0
24400.165,0,0
24667.006,0,0
24933.92,0,0
25200.906,0,0
25102.618,0,0
24850.667,0,0
24413.36,0,0
23900.698,0,0
22702.48,1,1
20610.682,1,1
19221.794,1,1
18976.262,1,1
17799.918,1,1
15463.88,1,1
17125.706,1,1
23095.381,1,1
26825.997,0,0
28056.035,0,0
28078.725,0,0
27090.426,0,0
25674.193,0,0
23998.292,0,0
23040.169,1,1
22750.297,1,1
23441.035,1,1
24931.929,0,0
25003.367,0,0
23503.465,0,0
22134.283,1,1
20897.037,1,1
20006.185,1,1
19658.971,1,1
19308.641,1,1
18744.967,1,1
18059.882,1,1
17381.706,1,1
16938.907,1,1
16805.113,1,1
18564.466,1,1
21724.37,1,1
23973.192,0,0
25363.084,0,0
27343.126,0,0
29675.699,0,0
30305.416,0,0
29688.017,0,0
28927.567,0,0
28219.182,0,0
27345.466,0,0
26256.824,0,0
24902.3,0,0
23546.549,0,0
23341.97,1,0
24190.552,0,0
25140.56,0,0
25926.673,0,0
26249.806,0,0
26360.314,0,0
26471.084,0,0
26582.116,0,0
26408.843,0,0
25950.78,0,0
25492.335,0,0
25033.506,0,0
24930.742,0,0
25284.663,0,0
25539.027,0,0
25893.834,0,0
25613.479,0,0
24897.858,0,0
24182.544,0,0
23500.528,0,0
23370.973,0,0
24104.199,0,0
24538.975,0,0
25010.086,0,0
25032.536,0,0
24696.058,0,0
24359.648,0,0
24100.0,0,0
23800.0,0,0
23700.0,0,0
23600.0,0,0
23500.0,0,0
23400.0,0,0
23400.0,0,0
23288.449,0,0
23024.502,0,0
22702.045,0,0
22601.666,0,0
22601.287,0,0
22500.907,0,0
22566.532,0,0
22798.106,0,0
22929.605,0,0
23061.03,0,0
23226.449,0,0
23425.919,0,0
23625.387,0,0
23824.856,0,0
23193.51,0,0
21210.501,0,0
18814.318,0,0
15737.862,0,0
13447.944,0,0
11457.686,0,0
8627.642,0,0
4168.961,1,1
1862.152,1,1
1718.673,1,1
2683.333,1,1
4600.728,1,1
5336.679,1,1
4855.407,1,1
4155.441,1,1
3085.069,1,1
2669.894,1,1
3125.578,1,1
3597.28,1,1
4184.035,1,1
3937.359,1,1
2765.054,1,1
1674.681,1,1
343.469,1,1
0.0,1,1
400.573,1,1
1202.319,1,1
2299.9,1,1
3496.879,1,1
5141.732,1,1
7109.917,0,0
9275.123,0,0
9952.5,0,0
8505.526,0,0
7256.006,0,0
6195.281,1,0
7197.411,0,0
10704.762,0,0
16521.513,0,0
22741.791,0,0
25932.612,0,0
26889.641,0,0
27815.426,0,0
28590.163,0,0
28670.457,0,0
28055.259,0,0
27339.62,0,0
26723.538,0,0
26195.616,0,0
25851.8,0,0
25507.805,0,0
25163.631,0,0
25488.136,0,0
26282.118,0,0
27009.91,0,0
27578.136,0,0
27812.099,0,0
27912.59,0,0
27995.009,0,0
27937.034,0,0
27872.073,0,0
27800.117,0,0
27728.196,0,0
27656.31,0,0
27400.0,0,0
26900.0,0,0
26300.0,0,0
25800.0,0,0
25400.0,0,0
25200.0,0,0
25000.0,0,0
24800.0,0,0
24600.0,0,0
24300.0,0,0
24000.0,0,0
23800.0,0,0
23500.0,0,0
23400.0,0,0
23200.0,0,0
23000.0,0,0
22900.0,0,0
22900.0,0,0
22900.0,0,0
22900.0,0,0
22900.0,0,0
23000.0,0,0
23100.0,0,0
23100.0,0,0
23400.0,0,0
23800.0,0,0
24200.0,0,0
24600.0,0,0
24800.0,0,0
24900.0,0,0
24900.0,0,0
24900.0,0,0
24587.498,0,0
23877.424,0,0
23087.251,0,0
22126.883,0,0
20750.637,0,0
18701.978,1,1
17375.753,1,1
17075.976,1,1
16471.641,1,1
15324.739,1,1
15636.115,1,1
17370.361,1,1
19816.828,1,1
21481.405,0,0
21488.947,0,0
20473.428,0,0
19200.151,1,1
18332.567,1,1
18051.951,1,1
18468.61,1,1
18724.542,1,1
18944.979,1,1
18429.89,1,1
17305.648,1,1
15610.189,1,1
13370.587,1,1
13268.399,1,1
15158.409,1,1
16600.805,1,1
17480.377,1,1
18375.719,1,1
19321.544,1,1
20461.553,0,0
21771.316,0,0
22671.263,0,0
23413.764,0,0
24126.841,0,0
24978.694,0,0
26005.857,0,0
27164.045,0,0
27931.848,0,0
28366.935,0,0
28700.0,0,0
29000.0,0,0
29100.0,0,0
29000.0,0,0
28900.0,0,0
28900.0,0,0
28700.0,0,0
28600.0,0,0
28400.0,0,0
28200.0,0,0
28100.0,0,0
28100.0,0,0
28000.0,0,0
27900.0,0,0
27800.0,0,0
27600.0,0,0
27400.0,0,0
27200.0,0,0
27100.0,0,0
27000.0,0,0
26900.0,0,0
26800.0,0,0
26400.0,0,0
25800.0,0,0
25100.0,0,0
24500.0,0,0
24094.948,0,0
23887.783,0,0
23780.606,0,0
23573.418,0,0
23355.449,0,0
23126.675,0,0
22797.852,0,0
22468.983,0,0
22254.47,0,0
22054.35,0,0
21854.23,0,0
21654.11,0,0
21553.989,0,0
21553.868,0,0
21653.747,0,0
21653.626,0,0
21717.254,0,0
21599.278,0,0
21352.481,0,0
21105.107,0,0
21369.492,0,0
21946.414,0,0
22623.798,0,0
23301.645,0,0
23494.138,0,0
23493.966,0,0
23593.793,0,0
23593.621,0,0
22861.724,0,0
21085.227,0,0
18793.03,0,0
15915.937,0,0
14353.799,0,0
14651.676,0,0
13950.216,0,0
12029.572,1,1
10476.824,1,1
9234.818,1,1
8736.323,1,1
9113.102,1,1
9237.068,1,1
9440.51,1,1
9156.699,1,1
8405.401,1,1
7666.867,1,1
6363.814,1,1
4828.176,1,1
3303.291,1,1
2521.977,1,1
2768.38,1,1
3796.198,1,1
5761.57,1,1
6673.664,1,1
6899.907,1,1
7546.106,1,1
8730.697,1,1
10441.58,1,1
12611.142,0,0
13039.196,0,0
12073.347,0,0
11270.362,1,1
10702.674,1,1
12745.172,0,0
16892.674,0,0
19815.38,0,0
21710.567,0,0
23338.243,0,0
24773.753,0,0
25592.563,0,0
25824.242,0,0
25955.895,0,0
26187.524,0,0
26457.696,0,0
26766.595,0,0
27175.718,0,0
27169.805,0,0
27152.033,0,0
27100.0,0,0
27000.0,0,0
26800.0,0,0
26700.0,0,0
26600.0,0,0
26500.0,0,0
26400.0,0,0
26200.0,0,0
26000.0,0,0
25751.917,0,0
25487.355,0,0
25362.221,0,0
25276.546,0,0
25290.877,0,0
25205.212,0,0
24930.318,0,0
24566.205,0,0
24100.0,0,0
23700.0,0,0
23400.0,0,0
23300.0,0,0
23200.0,0,0
23100.0,0,0
22900.0,0,0
22600.0,0,0
22400.0,0,0
22100.0,0,0
21984.159,0,0
21740.562,0,0
21163.763,0,0
20332.686,0,0
19432.118,0,0
18798.774,0,0
18118.466,0,0
17289.755,1,1
17108.011,1,1
17472.983,1,1
17937.888,1,1
18302.727,0,0
18585.259,0,0
18785.533,0,0
18985.808,0,0
19186.083,0,0
19031.314,0,0
18621.571,0,0
18111.921,1,1
17702.364,1,1
17715.631,1,1
18243.199,0,0
18766.96,0,0
19269.259,0,0
18431.74,0,0
16063.752,1,1
15719.644,1,1
17461.833,1,1
18625.693,0,0
18816.674,0,0
18805.173,0,0
18599.094,0,0
18472.708,0,0
18576.903,0,0
18454.069,0,0
17231.211,1,1
15154.546,1,1
12856.356,1,1
13108.651,1,1
15963.632,1,1
18680.287,0,0
20173.932,0,0
20363.129,0,0
20121.269,0,0
19558.196,0,0
18590.098,0,0
17994.023,1,1
17667.959,1,1
17245.809,1,1
16750.484,1,1
16144.606,1,1
14777.187,1,1
14323.704,1,1
14994.676,1,1
16336.493,1,1
18603.9,0,0
20239.868,0,0
21268.049,0,0
22441.915,0,0
23700.569,0,0
24303.731,0,0
24336.074,0,0
24368.38,0,0
24400.65,0,0
24279.922,0,0
24021.672,0,0
23763.308,0,0
23504.83,0,0
23146.326,0,0
22887.817,0,0
22529.222,0,0
22170.541,0,0
22069.885,0,0
22227.38,0,0
22384.961,0,0
22542.627,0,0
22621.153,0,0
22520.475,0,0
22519.796,0,0
22519.117,0,0
22339.268,0,0
22180.184,0,0
22021.014,0,0
21861.758,0,0
21846.225,0,0
21974.695,0,0
22092.295,0,0
22131.535,0,0
21882.211,0,0
21544.056,0,0
21169.4,0,0
20697.839,0,0
20331.981,0,0
19971.917,0,0
19611.709,0,0
19151.355,0,0
18784.721,0,0
18213.909,1,1
17604.031,1,1
16893.782,1,1
16746.798,1,1
16863.475,1,1
17080.309,1,1
17197.301,1,1
17560.118,1,1
18068.918,1,1
18441.424,1,1
18813.907,0,0
19393.38,0,0
20001.723,0,0
20478.102,0,0
20954.755,0,0
21318.898,0,0
21461.957,0,0
21605.047,0,0
21848.169,0,0
21917.522,0,0
21906.954,0,0
21893.795,0,0
21879.223,0,0
21919.707,0,0
21913.417,0,0
21553.273,0,0
20857.946,0,0
20160.402,0,0
19353.781,0,0
18636.186,1,1
18010.802,1,1
16281.702,1,1
13143.182,1,1
12357.714,1,1
14095.862,1,1
15449.14,1,1
16291.81,1,1
16800.252,1,1
16949.854,1,1
16818.055,1,1
16510.972,1,1
16934.388,1,1
18080.957,1,1
18756.729,0,0
18959.362,0,0
19527.341,0,0
20462.909,0,0
21246.707,0,0
21997.126,0,0
22383.476,0,0
22270.576,0,0
22362.738,0,0
22517.031,0,0
22610.865,0,0
22385.321,0,0
22483.085,0,0
22902.731,0,0
23278.421,0,0
23608.751,0,0
23895.904,0,0
24054.28,0,0
24212.714,0,0
24371.205,0,0
24695.799,0,0
24971.006,0,0
25120.513,0,0
25120.183,0,0
24909.478,0,0
24688.326,0,0
23915.397,0,0
23162.765,0,0
22691.243,0,0
22749.879,0,0
22908.6,0,0
22967.408,0,0
23090.726,0,0
23362.916,0,0
23535.254,0,0
23707.741,0,0
23830.619,0,0
23894.906,0,0
23859.215,0,0
23900.0,0,0
23700.0,0,0
23500.0,0,0
23266.331,0,0
23030.54,0,0
22819.783,0,0
22834.082,0,0
22748.388,0,0
22662.703,0,0
22580.609,0,0
22400.0,0,0
22200.0,0,0
22000.0,0,0
21800.0,0,0
21600.0,0,0
21466.233,0,0
21230.337,0,0
21119.549,0,0
21033.889,0,0
20948.238,0,0
20962.594,0,0
20880.551,0,0
20900.0,0,0
20900.0,0,0
20900.0,0,0
21000.0,0,0
21258.934,0,0
21394.131,0,0
21629.294,0,0
21704.036,0,0
21918.392,0,0
22032.756,0,0
22147.128,0,0
21756.862,0,0
20450.74,0,0
19186.223,0,0
18559.143,0,0
18079.621,0,0
17952.008,0,0
17512.706,0,0
17019.979,0,0
16751.284,0,0
16513.955,1,0
16538.263,0,0
14586.034,1,1
11173.447,1,1
8421.632,1,1
7802.865,1,1
9144.075,1,1
10201.843,1,1
10929.283,1,1
10890.08,1,1
10049.632,1,1
8916.578,1,1
7431.957,1,1
7761.208,1,1
9855.708,1,1
11489.821,1,1
12458.316,1,1
13028.07,1,1
12913.546,1,1
13231.639,1,1
13999.445,1,1
14608.908,1,1
15210.618,1,1
15720.131,1,1
16312.594,1,1
17229.844,0,0
18382.387,0,0
19061.666,0,0
19317.902,0,0
21680.112,0,0
25277.833,0,0
26600.0,0,0
26600.0,0,0
26566.901,0,0
26531.662,0,0
26431.607,0,0
26366.821,0,0
26200.0,0,0
26100.0,0,0
25900.0,0,0
25700.0,0,0
25500.0,0,0
25300.0,0,0
25200.0,0,0
25200.0,0,0
25100.0,0,0
25100.0,0,0
25000.0,0,0
25000.0,0,0
24900.0,0,0
24800.0,0,0
24800.0,0,0
24800.0,0,0
24800.0,0,0
24700.0,0,0
24600.0,0,0
24400.0,0,0
24300.0,0,0
24100.0,0,0
23900.0,0,0
23800.0,0,0
23700.0,0,0
23600.0,0,0
23400.0,0,0
23200.0,0,0
22900.0,0,0
22700.0,0,0
22500.0,0,0
22300.0,0,0
22200.0,0,0
21948.306,0,0
21805.212,0,0
21790.797,0,0
21676.366,0,0
21661.919,0,0
21640.263,0,0
21511.386,0,0
21474.085,0,0
21236.461,1,1
21026.715,1,1
20844.564,1,1
20342.249,1,1
19789.326,1,1
20041.624,1,1
21000.475,1,1
21813.916,0,0
22565.802,0,0
22347.529,0,0
21089.7,1,1
20126.811,1,1
19618.139,1,1
19724.365,1,1
20192.758,1,1
20458.994,1,1
19178.915,1,1
16553.797,1,1
13951.389,1,1
12984.919,1,1
14131.466,1,1
14655.188,1,1
14506.72,1,1
15302.975,1,1
17087.941,1,1
18889.311,1,1
20586.066,1,1
21943.272,0,0
23128.134,0,0
24599.776,0,0
25957.871,0,0
26476.363,0,0
26357.689,0,0
26154.817,0,0
25967.49,0,0
25552.186,0,0
24908.725,0,0
24230.483,0,0
23427.031,0,0
23105.564,0,0
23268.43,0,0
23272.7,0,0
23028.634,0,0
23629.577,0,0
24884.938,0,0
25772.143,0,0
26452.29,0,0
27315.697,0,0
28143.551,0,0
28480.64,0,0
28400.0,0,0
28300.0,0,0
28300.0,0,0
28200.0,0,0
27994.508,0,0
27786.849,0,0
27178.332,0,0
26855.502,0,0
26723.765,0,0
26592.064,0,0
26460.402,0,0
26294.488,0,0
26194.294,0,0
26094.101,0,0
25893.907,0,0
25673.533,0,0
25432.847,0,0
25155.271,0,0
24779.758,0,0
24357.657,0,0
23889.064,0,0
23520.324,0,0
23151.139,0,0
22950.355,0,0
23018.194,0,0
23085.884,0,0
23153.721,0,0
23375.335,0,0
23750.824,0,0
23928.533,0,0
24169.583,0,0
24159.083,0,0
23996.956,0,0
23834.906,0,0
23672.932,0,0
23403.773,0,0
23027.22,0,0
22550.463,0,0
22073.502,0,0
21869.363,0,0
21938.226,0,0
21907.127,0,0
21976.066,0,0
21944.999,0,0
22013.936,0,0
22082.924,0,0
22051.963,0,0
22255.766,0,0
22594.352,0,0
22933.015,0,0
23171.755,0,0
23387.441,0,0
23536.862,0,0
23767.27,0,0
23897.626,0,0
23448.722,0,0
21936.524,0,0
20055.482,0,0
17734.602,0,0
16719.522,1,0
17699.749,0,0
16886.911,0,0
13589.834,1,1
10019.502,1,1
7371.654,1,1
6903.946,1,1
8939.839,1,1
11950.618,1,1
13939.058,1,1
14086.36,1,1
14246.89,1,1
14237.732,1,1
13659.614,1,1
12652.193,1,1
10981.224,1,1
9679.998,1,1
8901.182,1,1
7467.626,1,1
5470.245,1,1
5428.211,1,1
6713.567,1,1
9426.283,1,1
13344.955,1,1
15380.389,1,1
16582.828,1,1
17018.171,0,0
17092.984,0,0
17187.057,0,0
17418.361,0,0
18383.177,0,0
19815.768,0,0
20605.815,0,0
20838.05,0,0
22418.681,0,0
24991.593,0,0
26711.071,0,0
27957.247,0,0
29069.813,0,0
29685.45,0,0
29905.24,0,0
29719.492,0,0
29533.754,0,0
29348.027,0,0
29269.479,0,0
29098.118,0,0
28926.778,0,0
28755.459,0,0
28598.521,0,0
28500.0,0,0
28500.0,0,0
28400.0,0,0
28300.0,0,0
28200.0,0,0
28100.0,0,0
27900.0,0,0
27800.0,0,0
27700.0,0,0
27600.0,0,0
27400.0,0,0
27300.0,0,0
27200.0,0,0
27100.0,0,0
27000.0,0,0
26800.0,0,0
26600.0,0,0
26400.0,0,0
26200.0,0,0
25900.0,0,0
25500.0,0,0
25100.0,0,0
24700.0,0,0
24400.0,0,0
24100.0,0,0
23900.0,0,0
23600.0,0,0
23500.0,0,0
23600.0,0,0
23600.0,0,0
23700.0,0,0
23800.0,0,0
24100.0,0,0
24298.507,0,0
24440.514,0,0
24811.497,0,0
25211.473,0,0
25711.448,0,0
26211.424,0,0
26504.145,0,0
26589.608,0,0
26675.065,0,0
26760.517,0,0
26610.625,0,0
26197.131,0,0
25772.954,0,0
25243.735,0,0
24340.925,0,0
22685.168,0,0
21801.015,0,0
21924.108,0,0
22186.401,0,0
22577.054,0,0
22160.89,0,0
20670.304,1,1
18740.187,1,1
16174.271,1,1
15956.0,1,1
18285.462,1,1
20558.346,1,1
22740.011,0,0
23176.32,0,0
21805.662,0,0
20833.067,1,1
20280.583,1,1
19627.07,1,1
18935.702,1,1
18076.124,1,1
17055.901,1,1
15981.968,1,1
14882.246,1,1
13813.331,1,1
12627.712,1,1
12933.511,1,1
14625.513,1,1
15983.418,1,1
17229.912,1,1
18618.647,1,1
20033.143,1,1
20964.944,1,1
21742.357,1,1
24916.599,0,0
29373.905,0,0
31477.498,0,0
32211.553,0,0
32992.707,0,0
33487.915,0,0
33656.003,0,0
33627.613,0,0
33499.198,0,0
33470.757,0,0
33270.692,0,0
32999.048,0,0
32827.433,0,0
32555.85,0,0
32362.944,0,0
32248.68,0,0
32034.401,0,0
31820.107,0,0
31591.53,0,0
31248.647,0,0
30905.718,0,0
30373.587,0,0
29613.008,0,0
28545.228,0,0
27126.936,0,0
25316.604,0,0
24322.733,0,0
24065.719,0,0
23908.86,0,0
23652.159,0,0
24115.709,0,0
25183.402,0,0
25997.426,0,0
26542.57,0,0
26465.271,0,0
25858.878,0,0
25152.259,0,0
24545.411,0,0
24433.968,0,0
24718.662,0,0
24772.137,0,0
24594.898,0,0
24500.0,0,0
24580.423,0,0
24529.744,0,0
24579.008,0,0
24646.325,0,0
24931.723,0,0
25117.103,0,0
25402.463,0,0
25672.072,0,0
26033.185,0,0
26394.118,0,0
26654.871,0,0
26850.231,0,0
26980.274,0,0
27110.24,0,0
27140.127,0,0
26484.433,0,0
24453.708,0,0
21699.344,0,0
18172.954,0,0
16922.848,0,0
18731.263,0,0
18678.562,0,0
16030.17,0,0
14221.251,0,0
13393.123,0,0
12585.683,0,0
12021.441,0,0
10773.7,1,1
9039.773,1,1
7628.024,1,1
6682.016,1,1
5959.892,1,1
5449.58,1,1
5420.719,1,1
6098.454,1,1
6471.899,1,1
6528.772,1,1
6334.452,1,1
6077.806,1,1
6345.702,1,1
6932.983,1,1
7565.219,1,1
8128.073,1,1
8449.642,1,1
8256.408,1,1
9423.84,1,1
11607.082,1,1
13474.477,0,0
15020.685,0,0
16122.683,0,0
17065.761,0,0
18601.324,0,0
20942.83,0,0
24214.639,0,0
28127.316,0,0
29786.225,0,0
29791.526,0,0
29773.486,0,0
29145.483,0,0
28164.551,0,0
27116.658,0,0
25827.146,0,0
24263.406,0,0
23429.047,0,0
23124.859,0,0
22920.668,0,0
22616.474,0,0
21314.456,0,0
18805.332,0,0
15943.737,0,0
13079.727,0,0
11786.233,1,1
11799.535,1,1
11935.076,0,0
12070.934,0,0
12428.855,0,0
13009.08,0,0
13489.946,0,0
14071.453,0,0
13664.56,0,0
12368.176,0,0
11070.975,1,1
9772.957,1,1
9143.372,1,1
9283.016,1,1
9522.9,1,1
9663.025,1,1
10816.156,1,1
13038.355,1,1
14846.079,1,1
16555.416,1,1
18548.318,1,1
20858.49,1,1
21953.676,0,0
22885.833,0,0
23588.087,0,0
24198.104,0,0
24575.722,0,0
25053.617,0,0
25239.479,0,0
25233.015,0,0
25226.438,0,0
25319.746,0,0
25550.606,0,0
26219.141,0,0
26787.725,0,0
27456.36,0,0
27669.926,0,0
27528.287,0,0
27349.646,0,0
27172.719,0,0
26684.191,0,0
25940.147,0,0
25172.413,0,0
24388.642,0,0
23581.074,0,0
22623.3,0,0
21628.795,0,0
20133.558,1,1
19042.465,1,1
18568.088,1,1
18142.692,1,1
17768.476,1,1
17882.791,1,1
18484.766,1,1
19581.7,1,1
21178.052,1,1
22026.065,0,0
22149.55,0,0
23324.59,0,0
25753.007,0,0
27790.767,0,0
29527.665,0,0
29830.557,0,0
28500.64,0,0
26514.604,0,0
23800.731,0,0
22026.169,0,0
21007.868,1,1
19912.419,1,1
18749.504,1,1
19157.818,1,1
20998.796,1,1
23019.97,0,0
24519.536,0,0
25153.47,0,0
25391.074,0,0
25288.825,0,0
24969.108,0,0
24981.168,0,0
25061.992,0,0
26571.812,0,0
29259.944,0,0
31391.416,0,0
32886.196,0,0
33666.578,0,0
33702.49,0,0
33808.841,0,0
33815.191,0,0
33934.138,0,0
34365.755,0,0
34686.257,0,0
34827.35,0,0
34834.407,0,0
34907.382,0,0
34726.874,0,0
34484.091,0,0
34116.137,0,0
33007.748,0,0
31306.298,0,0
29137.152,0,0
28182.09,0,0
28536.413,0,0
28790.855,0,0
29126.179,0,0
28965.601,0,0
28665.601,0,0
28265.601,0,0
27865.601,0,0
27778.639,0,0
27904.657,0,0
28130.598,0,0
28188.002,0,0
27839.302,0,0
27268.75,0,0
26504.532,0,0
25838.683,0,0
25385.652,0,0
25245.378,0,0
25205.075,0,0
25064.744,0,0
24885.106,0,0
24466.228,0,0
24147.408,0,0
23828.645,0,0
23716.247,0,0
23910.185,0,0
24104.142,0,0
24268.576,0,0
24342.149,0,0
24434.437,0,0
24426.909,0,0
24519.565,0,0
24070.546,0,0
23252.372,0,0
22534.365,0,0
21716.524,0,0
19842.662,1,1
16766.206,1,1
13249.153,1,1
9557.835,1,1
6747.809,1,1
4496.25,1,1
4263.193,1,1
6576.982,1,1
9067.772,1,1
11523.881,1,1
14264.763,1,1
17709.476,1,1
20012.326,1,1
21008.76,0,0
21149.886,0,0
20680.751,0,0
20840.981,0,0
21802.932,0,0
22206.325,0,0
22241.127,0,0
20573.199,1,1
17520.771,1,1
15133.241,1,1
13378.924,1,1
12244.818,1,1
11639.715,1,1
11707.177,1,1
12604.029,1,1
14501.004,1,1
17282.359,1,1
19491.9,1,1
20727.368,0,0
21571.592,0,0
21806.245,0,0
22302.687,0,0
22957.558,0,0
23146.721,0,0
23036.344,0,0
23271.83,0,0
23338.291,0,0
24906.99,0,0
27678.713,0,0
29770.944,0,0
31715.101,0,0
32905.428,0,0
33301.802,0,0
33798.795,0,0
34296.41,0,0
34344.527,0,0
34142.677,0,0
33840.825,0,0
33538.97,0,0
33699.946,0,0
34127.635,0,0
34656.112,0,0
34904.868,0,0
35007.637,0,0
34709.613,0,0
34493.414,0,0
34135.751,0,0
33788.765,0,0
33552.476,0,0
33300.0,0,0
33000.0,0,0
32600.0,0,0
32000.0,0,0
31500.0,0,0
30887.864,0,0
30498.533,0,0
30300.0,0,0
30000.0,0,0
29800.0,0,0
29500.0,0,0
29000.0,0,0
28500.0,0,0
28100.0,0,0
27700.0,0,0
27300.0,0,0
27000.0,0,0
26600.0,0,0
26400.0,0,0
26500.0,0,0
26498.508,0,0
26440.522,0,0
26518.677,0,0
26833.104,0,0
27147.57,0,0
27462.072,0,0
27840.141,0,0
28381.643,0,0
28823.003,0,0
29300.478,0,0
29425.269,0,0
29554.67,0,0
29583.9,0,0
29712.957,0,0
29153.315,0,0
27768.032,0,0
25883.128,0,0
23626.936,0,0
22589.486,0,0
23311.451,0,0
22900.763,0,0
20927.774,0,0
19081.734,0,0
17292.254,1,1
16702.333,1,1
17820.504,1,1
19035.058,1,1
20309.507,0,0
20569.212,0,0
19636.438,0,0
18619.312,1,1
17662.002,1,1
17216.623,1,1
17514.766,1,1
17328.94,1,1
16856.446,1,1
17135.969,1,1
18343.351,1,1
19152.093,0,0
19552.65,0,0
20031.002,0,0
20485.842,0,0
20800.391,0,0
21091.169,0,0
22046.388,0,0
23666.143,0,0
24964.875,0,0
26118.951,0,0
26901.057,0,0
27332.892,0,0
27998.633,0,0
29009.567,0,0
30297.514,0,0
31669.162,0,0
32252.213,0,0
32019.31,0,0
30152.523,0,0
27997.551,0,0
28189.641,0,0
30786.631,0,0
33060.793,0,0
34286.371,0,0
34232.384,0,0
32897.381,0,0
31206.647,0,0
29033.382,0,0
26842.595,0,0
24498.971,0,0
22053.688,0,0
19284.956,0,0
17170.938,1,1
15958.311,1,1
14744.837,1,1
13441.291,1,1
12379.958,1,1
11325.295,1,1
10170.025,1,1
9114.146,1,1
8603.951,1,1
8640.252,1,1
8577.026,1,1
8614.274,1,1
6918.15,0,0
3488.298,0,0
167.929,0,0
0.0,1,1
0.0,1,1
0.0,1,1
0.0,1,1
0.0,1,1
0.0,1,1
0.0,1,1
0.0,1,1
0.0,1,1
0.0,1,1
0.0,1,1
0.0,1,1
0.0,1,1
0.0,1,1
2133.215,0,0
4371.583,0,0
6516.264,0,0
8164.284,0,0
9217.748,0,0
10171.213,0,0
11224.677,0,0
11525.549,0,0
11273.892,0,0
10922.319,0,0
10670.83,0,0
9564.658,0,0
7615.993,0,0
5680.495,0,0
3741.083,0,0
444.632,0,0
0.0,1,1
0.0,1,1
0.0,1,1
0.0,1,1
0.0,1,1
0.0,1,1
0.0,1,1
0.0,1,1
0.0,1,1
0.0,1,1
0.0,0,0
0.0,0,0
0.0,0,0
0.0,0,0
0.0,0,0
0.0,0,0
0.0,0,0
0.0,0,0
0.0,0,0
0.0,0,0
0.0,0,0
0.0,0,0
0.0,0,0
0.0,0,0
0.0,0,0
0.0,0,0
0.0,0,0
0.0,0,0
0.0,0,0
0.0,0,0
0.0,0,0
0.0,0,0
0.0,0,0
0.0,0,0
0.0,0,0
0.0,0,0
3069.335,0,0
6380.57,0,0
9525.004,0,0
11051.048,0,0
11372.932,0,0
11595.405,0,0
11917.877,0,0
10872.932,0,0
8717.286,0,0
6600.083,0,0
4482.88,0,0
3715.686,0,0
4370.134,0,0
4934.211,0,0
5598.429,0,0
6735.436,0,0
8345.129,0,0
10259.227,0,0
12083.674,0,0
13580.672,0,0
14517.22,0,0
15553.768,0,0
16590.316,0,0
16758.59,0,0
15958.59,0,0
15258.59,0,0
14558.59,0,0
14392.727,1,1
14761.0,1,1
15229.274,1,1
15533.114,1,1
15509.58,1,1
15109.58,1,1
14809.58,1,1
14409.58,1,1
14386.045,1,1
14638.975,1,1
14891.906,1,1
15244.836,1,1
16058.542,1,1
17533.024,1,1
18731.493,1,1
19787.686,1,1
21175.903,0,0
22555.568,0,0
23585.628,0,0
24615.688,0,0
25543.766,0,0
26471.223,0,0
27398.603,0,0
28325.904,0,0
28779.36,0,0
28659.029,0,0
28438.697,0,0
28318.366,0,0
27500.371,0,0
25619.785,0,0
24097.1,0,0
23701.745,0,0
23997.385,0,0
24818.906,0,0
24525.538,0,0
23096.43,0,0
21808.914,0,0
20708.665,1,1
20394.021,1,1
20968.634,0,0
20961.632,0,0
20226.579,1,0
21199.376,0,0
23693.99,0,0
26680.476,0,0
28497.812,0,0
28929.887,0,0
28998.043,0,0
28770.68,0,0
28224.791,0,0
29030.177,0,0
31296.772,0,0
32987.369,0,0
34173.483,0,0
34024.034,0,0
32426.227,0,0
31234.89,0,0
30538.9,0,0
30496.508,0,0
31304.847,0,0
32343.656,0,0
32748.109,0,0
32325.491,0,0
31497.167,0,0
30285.875,0,0
29120.876,0,0
29216.874,0,0
30370.758,0,0
31369.861,0,0
31237.331,0,0
30558.909,0,0
29779.422,0,0
29389.279,0,0
29389.279,0,0
29289.279,0,0
29289.279,0,0
29546.852,0,0
30161.998,0,0
30777.144,0,0
31392.29,0,0
31758.279,0,0
31702.865,0,0
31747.451,0,0
31692.038,0,0
31283.598,0,0
30615.231,0,0
29561.555,0,0
28507.879,0,0
26965.895,0,0
24542.941,0,0
21687.791,0,0
18763.192,1,1
17049.984,1,1
17111.734,1,1
17073.483,1,1
16971.428,1,1
16843.95,0,0
16541.463,0,0
16338.974,0,0
16136.485,0,0
15734.617,0,0
15233.371,0,0
14732.126,0,0
14330.88,0,0
14203.709,0,0
14550.689,0,0
14797.768,0,0
15144.945,0,0
14221.921,0,0
11920.943,0,0
9270.111,1,1
6619.279,1,1
6718.361,1,1
9667.716,1,1
12517.552,0,0
15117.902,0,0
16979.55,0,0
18209.999,0,0
19440.579,0,0
20671.292,0,0
21369.943,0,0
21469.152,0,0
21668.361,0,0
21867.57,0,0
22251.41,0,0
22896.319,0,0
23530.841,0,0
24059.451,0,0
24932.715,0,0
25945.755,0,0
26225.378,0,0
25556.177,0,0
25640.978,0,0
26419.356,0,0
27260.359,0,0
27943.324,0,0
27546.94,0,0
25956.755,0,0
25802.794,0,0
26776.859,0,0
27540.849,0,0
25560.127,0,0
23500.822,0,0
19765.345,0,0
16169.757,0,0
13097.273,0,0
11398.492,0,0
11177.339,1,1
10007.466,1,1
7864.6,1,1
7212.137,1,1
7816.125,1,1
9900.477,1,1
13017.295,0,0
15016.134,0,0
16216.222,0,0
16511.094,0,0
16281.991,0,0
17523.647,0,0
19928.789,0,0
22385.657,0,0
24848.385,0,0
26836.106,0,0
28398.263,0,0
30260.91,0,0
31820.948,0,0
33054.417,0,0
33857.513,0,0
33912.323,0,0
32816.62,0,0
31553.844,0,0
30389.825,0,0
28230.148,0,0
25143.182,0,0
21621.867,0,0
17927.753,0,0
14975.828,0,0
12901.363,0,0
10824.886,1,1
8833.103,1,1
8049.119,1,1
8489.296,1,1
8848.726,1,1
9266.942,1,1
9061.801,1,1
8332.407,1,1
7502.549,1,1
6772.808,1,1
6677.906,1,1
7421.098,1,1
8165.847,1,1
8812.158,1,1
9337.693,1,1
9542.486,1,1
9769.585,1,1
9997.223,1,1
11447.062,1,1
14022.025,1,1
16113.739,1,1
18163.547,1,1
19756.455,0,0
21124.067,0,0
22312.9,0,0
22980.65,0,0
23313.857,0,0
23311.575,0,0
23309.29,0,0
23407.002,0,0
23322.431,0,0
23155.179,0,0
23087.391,0,0
22919.065,0,0
22171.5,0,0
20916.049,0,0
19358.092,1,1
17362.834,1,1
16181.193,1,1
15764.265,1,1
15281.666,1,1
14798.065,1,1
15409.632,1,1
16942.579,1,1
18311.306,1,1
19670.244,0,0
20050.914,0,0
19524.773,1,0
20127.507,0,0
21920.726,0,0
23619.123,0,0
24702.077,0,0
25341.025,0,0
24530.954,0,0
21671.172,0,0
18393.014,1,1
16207.081,1,1
15713.283,1,1
16650.478,1,1
18981.058,1,1
20394.06,0,0
20995.199,0,0
20577.924,0,0
19268.223,1,0
20391.689,0,0
24101.839,0,0
27831.983,0,0
29826.559,0,0
29552.059,0,0
27704.424,0,0
25669.603,0,0
24198.356,0,0
24482.663,0,0
26173.675,0,0
27984.669,0,0
29422.367,0,0
30188.673,0,0
30334.289,0,0
30421.085,0,0
30852.349,0,0
32181.24,0,0
34149.274,0,0
35662.852,0,0
36750.435,0,0
37698.215,0,0
38397.069,0,0
38545.679,0,0
38175.82,0,0
37812.714,0,0
37447.845,0,0
37194.598,0,0
37153.089,0,0
37111.637,0,0
37070.243,0,0
36949.398,0,0
36649.058,0,0
36448.718,0,0
36148.378,0,0
36094.024,0,0
36070.119,0,0
36020.228,0,0
35720.063,0,0
35380.693,0,0
35100.0,0,0
34700.0,0,0
34400.0,0,0
33700.0,0,0
32700.0,0,0
31600.0,0,0
30600.0,0,0
29980.667,0,0
29944.945,0,0
29909.223,0,0
29873.501,0,0
29662.785,0,0
29377.073,0,0
29091.362,0,0
28805.651,0,0
28519.94,0,0
28334.229,0,0
28148.517,0,0
27962.806,0,0
27734.229,0,0
27462.785,0,0
27191.341,0,0
26669.108,0,0
26398.685,0,0
26398.685,0,0
26398.685,0,0
26398.685,0,0
26208.965,0,0
25840.683,1,1
25337.364,1,1
24460.776,1,1
24143.381,1,1
24443.381,1,1
24643.381,1,1
24843.381,1,1
24520.605,1,1
23556.856,1,1
22206.154,1,1
20767.957,1,1
20851.373,1,1
21649.096,1,1
22303.477,1,1
23089.116,1,1
22894.804,1,1
21826.41,1,1
21982.82,1,1
23410.464,1,1
24366.535,1,1
24567.564,1,1
24861.623,1,1
25241.681,1,1
25862.304,1,1
26733.0,0,0
28320.22,0,0
30511.048,0,0
33105.575,0,0
35465.727,0,0
36523.027,0,0
36868.215,0,0
36999.999,0,0
37172.403,0,0
36649.102,0,0
35645.927,0,0
34558.972,0,0
33220.531,0,0
33244.261,0,0
34430.35,0,0
35331.209,0,0
36028.584,0,0
36560.295,0,0
37060.952,0,0
37643.163,0,0
38303.734,0,0
38651.678,0,0
38695.883,0,0
38801.746,0,0
38812.141,0,0
38672.069,0,0
38500.0,0,0
38300.0,0,0
38100.0,0,0
38000.0,0,0
37800.0,0,0
37600.0,0,0
37200.0,0,0
36900.0,0,0
36491.465,0,0
36241.916,0,0
36085.27,0,0
35928.604,0,0
35610.254,0,0
35589.594,0,0
35581.661,0,0
35473.746,0,0
35400.0,0,0
35100.0,0,0
34800.0,0,0
34500.0,0,0
34187.905,0,0
33598.539,0,0
32800.0,0,0
31900.0,0,0
31100.0,0,0
30600.0,0,0
30600.0,0,0
30500.0,0,0
30400.0,0,0
30200.0,0,0
29800.0,0,0
29500.0,0,0
29100.0,0,0
28800.0,0,0
28500.0,0,0
28300.0,0,0
28000.0,0,0
27800.0,0,0
27800.0,0,0
27700.0,0,0
27700.0,0,0
27700.0,0,0
27700.0,0,0
27700.0,0,0
27700.0,0,0
27800.0,0,0
28100.0,0,0
28300.0,0,0
28500.0,0,0
28780.649,0,0
29044.875,0,0
29409.074,0,0
29673.248,0,0
29424.284,0,0
28537.736,0,0
27309.509,0,0
25936.29,1,1
25203.809,1,1
25300.284,1,1
25073.897,1,1
24519.553,1,1
23474.188,1,1
22112.948,1,1
21350.136,1,1
21542.519,1,1
21545.634,1,1
21532.562,1,1
21353.402,1,1
20823.915,1,1
19968.226,1,1
18569.696,1,1
19285.0,1,1
22133.839,1,1
25146.933,1,1
28259.519,0,0
29213.536,0,0
28047.695,0,0
26959.218,0,0
26042.74,1,1
25605.68,1,1
25645.094,1,1
25634.308,1,1
25514.739,1,1
26330.962,1,1
27737.121,0,0
29205.712,0,0
30501.294,0,0
30970.862,0,0
30897.321,0,0
31042.09,0,0
31485.523,0,0
33117.364,0,0
35412.794,0,0
36753.384,0,0
37090.176,0,0
37152.918,0,0
36783.729,0,0
36166.65,0,0
35702.072,0,0
35237.011,0,0
34638.391,0,0
33903.931,0,0
32933.604,0,0
32027.405,0,0
30695.98,0,0
30301.181,0,0
30743.679,0,0
31286.521,0,0
31448.403,0,0
31988.863,0,0
32714.931,0,0
33350.288,0,0
33928.286,0,0
34041.957,0,0
33975.654,0,0
33809.424,0,0
33643.265,0,0
33110.12,0,0
32309.935,0,0
31409.75,0,0
30509.565,0,0
30075.847,0,0
29908.579,0,0
29741.286,0,0
29573.97,0,0
29256.248,0,0
28688.094,0,0
28027.628,0,0
27465.418,0,0
26955.512,0,0
26597.939,0,0
26140.31,0,0
25782.625,0,0
25503.649,0,0
25403.425,0,0
25303.201,0,0
25302.977,0,0
24966.593,0,0
24439.619,0,0
23893.454,0,0
23247.058,0,0
23087.473,0,0
23286.573,0,0
23585.673,0,0
23884.773,0,0
24399.267,0,0
24957.501,0,0
25615.864,0,0
26274.355,0,0
26009.74,0,0
23838.11,0,0
20695.636,0,0
16653.164,1,1
15813.887,1,1
19196.599,0,0
20481.881,0,0
19126.609,1,1
17885.145,1,1
16871.576,1,1
16714.727,1,1
17329.322,1,1
17604.848,1,1
17134.187,1,1
15917.858,1,1
12744.361,1,1
11751.143,1,1
12856.136,1,1
14536.28,1,1
16288.832,1,1
16833.913,1,1
15909.511,1,1
14406.962,1,1
12823.157,1,1
12131.537,1,1
12986.357,1,1
14282.483,1,1
16178.398,1,1
18221.384,1,1
20509.799,0,0
22240.986,0,0
23399.608,0,0
23962.277,0,0
24197.685,0,0
25531.069,0,0
27558.995,0,0
29626.39,0,0
31579.94,0,0
33423.565,0,0
34927.227,0,0
36219.629,0,0
36838.919,0,0
37248.429,0,0
37514.745,0,0
37529.578,0,0
37692.242,0,0
37755.045,0,0
37917.985,0,0
37617.911,0,0
37054.615,0,0
36491.18,0,0
35827.606,0,0
35561.466,0,0
35492.916,0,0
35424.436,0,0
35356.024,0,0
35354.718,0,0
35320.493,0,0
35286.301,0,0
35252.145,0,0
35118.007,0,0
34883.895,0,0
34649.829,0,0
34397.769,0,0
33804.634,0,0
33004.582,0,0
32104.53,0,0
31304.479,0,0
30804.427,0,0
30704.375,0,0
30604.323,0,0
30604.272,0,0
30318.11,0,0
30045.846,0,0
29673.592,0,0
29401.347,0,0
29153.42,0,0
29000.0,0,0
28800.0,0,0
28600.0,0,0
28500.0,0,0
28300.0,0,0
28200.0,1,1
28000.0,1,1
28000.0,1,1
28100.0,1,1
28100.0,1,1
28200.0,0,0
28400.0,0,0
28600.0,0,0
28800.0,0,0
29000.0,0,0
29300.0,0,0
29600.0,0,0
29900.0,0,0
30200.0,0,0
29994.01,0,0
29125.676,0,0
28106.079,1,1
26954.808,1,1
26154.529,1,1
25693.548,1,1
25512.65,1,1
25950.124,1,1
26348.579,1,1
26790.732,1,1
26458.693,1,1
25247.0,1,1
23753.079,1,1
21920.702,1,1
21598.269,1,1
22862.172,1,1
23718.653,1,1
24305.747,1,1
25647.989,1,1
27527.922,1,1
29918.018,0,0
31503.28,0,0
32066.498,0,0
32933.507,0,0
34042.03,0,0
32376.665,0,0
32412.604,0,0
31722.517,0,0
30468.979,0,0
28730.855,0,0
28043.665,1,0
28388.433,0,0
28466.392,0,0
28462.596,0,0
29351.369,0,0
31006.484,0,0
32277.502,0,0
33107.19,0,0
34376.989,0,0
35413.402,0,0
36176.306,0,0
36249.989,0,0
36053.325,0,0
35582.382,0,0
34885.148,0,0
34195.624,0,0
33505.163,0,0
32913.763,0,0
31889.362,0,0
30801.018,0,0
29610.966,0,0
28419.203,0,0
29160.899,0,0
31492.907,0,0
32931.034,0,0
34023.737,0,0
34410.118,0,0
34054.61,0,0
33798.802,0,0
33542.692,0,0
33340.988,0,0
33294.14,0,0
33147.589,0,0
33001.337,0,0
32551.794,0,0
31783.639,0,0
30915.741,0,0
30148.101,0,0
29497.287,0,0
29262.7,0,0
28891.854,0,0
28525.231,0,0
28532.162,0,0
28825.555,0,0
29028.147,0,0
28961.161,0,0
28771.574,0,0
28478.426,0,0
27873.286,0,0
27267.125,0,0
26459.62,0,0
25565.608,0,0
24514.113,0,0
23424.543,0,0
22019.061,0,0
20669.529,0,0
19216.575,0,0
17380.089,0,0
16823.892,0,0
17645.47,0,0
18568.891,0,0
19494.163,0,0
20249.491,0,0
21068.412,0,0
21788.666,0,0
22610.257,0,0
22212.767,0,0
19965.709,0,0
16683.47,0,0
12338.452,1,1
9611.276,1,1
8989.538,1,1
5217.797,1,1
0.0,1,1
0.0,1,1
0.0,1,1
0.0,1,1
0.0,1,1
2000.377,1,1
4331.43,1,1
6012.402,1,1
7567.209,1,1
7505.487,1,1
6769.854,1,1
6832.731,1,1
7721.181,1,1
9212.656,1,1
11197.864,1,1
12561.893,1,1
13115.122,1,1
13127.545,1,1
12687.396,1,1
12725.238,1,1
13411.273,0,0
13875.14,0,0
14339.04,0,0
15171.575,0,0
16115.681,0,0
17309.688,0,0
18689.772,0,0
20664.243,0,0
22994.088,0,0
24045.83,0,0
24293.017,0,0
27550.959,0,0
32060.326,0,0
33391.82,0,0
33278.881,0,0
33753.527,0,0
33821.751,0,0
34187.907,0,0
34976.803,0,0
35378.58,0,0
35651.093,0,0
35521.259,0,0
35335.272,0,0
35149.302,0,0
34963.35,0,0
34735.15,0,0
34564.623,0,0
34294.007,0,0
33875.562,0,0
33741.516,0,0
33810.853,0,0
33728.804,0,0
33685.301,0,0
33541.882,0,0
33498.54,0,0
33300.0,0,0
33200.0,0,0
32700.0,0,0
32000.0,0,0
31300.0,0,0
30591.418,0,0
30180.734,0,0
30000.0,0,0
29800.0,0,0
29600.0,0,0
29400.0,0,0
29000.0,0,0
28700.0,0,0
28300.0,0,0
28000.0,0,0
27800.0,0,0
27500.0,0,0
27300.0,0,0
27100.0,0,0
27000.0,0,0
27000.0,0,0
26900.0,0,0
27000.0,0,0
27300.0,0,0
27600.0,0,0
27900.0,0,0
28200.0,0,0
28700.0,0,0
29200.0,0,0
29600.0,0,0
29900.0,0,0
30037.471,0,0
30058.415,0,0
30157.374,0,0
29022.907,0,0
26783.959,0,0
23998.84,0,0
20706.088,0,0
19296.285,0,0
19882.766,0,0
19744.494,0,0
19004.949,0,0
17964.916,0,0
16648.545,1,1
15574.226,1,1
14742.317,1,1
13418.763,1,1
11702.863,1,1
10729.724,1,1
10782.005,1,1
10710.222,1,1
10494.107,1,1
10582.477,1,1
10985.145,1,1
11178.398,1,1
11060.298,1,1
11317.529,1,1
11845.102,1,1
12227.297,1,1
12271.399,1,1
12851.926,1,1
14031.079,1,1
14928.551,1,1
15729.393,1,1
16291.558,1,1
16785.816,1,1
17172.718,1,1
17769.6,0,0
19216.675,0,0
21382.458,0,0
23493.163,0,0
25702.15,0,0
28037.728,0,0
30341.585,0,0
32393.848,0,0
33834.394,0,0
35074.695,0,0
35867.064,0,0
36182.468,0,0
36148.486,0,0
36114.586,0,0
36180.768,0,0
35780.143,0,0
34911.169,0,0
33881.032,0,0
32782.636,0,0
32081.626,0,0
31979.429,0,0
31777.23,0,0
31675.027,0,0
31472.822,0,0
31270.615,0,0
30968.404,0,0
30666.191,0,0
30937.113,0,0
31622.748,0,0
32261.064,0,0
32506.962,0,0
32276.136,0,0
31575.831,0,0
30875.526,0,0
30175.22,0,0
29708.734,0,0
29576.131,0,0
29443.614,0,0
29292.687,0,0
28943.267,0,0
28339.557,0,0
27635.515,0,0
27031.142,0,0
26543.482,0,0
26172.601,0,0
25707.991,0,0
25241.322,0,0
24508.487,0,0
23611.012,0,0
22517.188,0,0
21120.481,0,0
19700.83,0,0
18840.541,0,0
17936.479,0,0
16654.546,1,0
17323.311,0,0
19753.439,0,0
21603.021,0,0
23554.729,0,0
25339.183,0,0
26682.931,0,0
27892.332,0,0
29004.318,0,0
28639.763,0,0
26624.474,0,0
24156.777,0,0
21079.848,0,0
19363.14,0,0
19310.247,0,0
18484.588,0,0
16737.181,0,0
15077.896,1,1
13611.251,1,1
12789.5,1,1
12855.608,1,1
12432.183,1,1
11787.319,1,1
11206.405,1,1
10807.454,1,1
10464.091,1,1
10189.548,1,1
10170.063,1,1
10409.828,1,1
10462.593,1,1
10513.896,1,1
10907.34,1,1
11828.686,1,1
12382.213,1,1
12668.923,1,1
12992.133,1,1
13465.132,1,1
14282.677,1,1
15229.111,1,1
16136.266,1,1
17128.641,0,0
18056.495,0,0
19089.654,0,0
20810.766,0,0
23176.95,0,0
25111.917,0,0
26821.41,0,0
29159.685,0,0
31642.581,0,0
33442.16,0,0
34835.403,0,0
36322.963,0,0
37047.237,0,0
37330.34,0,0
37340.978,0,0
37303.95,0,0
37267.0,0,0
37095.046,0,0
36888.022,0,0
36680.989,0,0
36373.947,0,0
36135.246,0,0
35964.835,0,0
35694.348,0,0
35176.478,0,0
34808.911,0,0
34610.453,0,0
34393.859,0,0
34036.105,0,0
33681.943,0,0
33531.373,0,0
33280.857,0,0
33100.0,0,0
32500.0,0,0
31600.0,0,0
30700.0,0,0
29700.0,0,0
29300.0,0,0
29200.0,0,0
29200.0,0,0
29200.0,0,0
29000.0,0,0
28700.0,0,0
28400.0,0,0
28100.0,0,0
27800.0,0,0
27600.0,0,0
27400.0,0,0
27200.0,0,0
27000.0,1,1
26900.0,1,1
26900.0,1,1
26780.637,1,1
26673.467,1,1
26780.616,1,1
26787.773,1,1
26894.937,1,1
27000.0,1,1
27300.0,0,0
27500.0,0,0
27800.0,0,0
28000.0,0,0
28200.0,0,0
28500.0,0,0
28700.0,0,0
28380.173,0,0
27521.823,0,0
26624.071,1,1
26004.074,1,1
26247.801,1,1
27452.432,0,0
27883.736,0,0
27016.823,0,0
25749.236,1,1
24645.988,1,1
24014.539,1,1
23790.976,1,1
22932.754,1,1
21519.434,1,1
21747.729,1,1
23856.413,1,1
25792.786,1,1
27635.893,0,0
28538.702,0,0
28269.034,0,0
28029.079,0,0
27937.066,0,0
27945.069,0,0
28153.842,0,0
28421.478,0,0
28842.491,0,0
28319.96,0,0
27129.824,0,0
25495.925,1,1
23598.649,1,1
24284.192,1,1
27378.5,0,0
30335.599,0,0
31975.069,0,0
32657.097,0,0
33401.646,0,0
34406.585,0,0
35629.222,0,0
36162.355,0,0
35935.177,0,0
35715.732,0,0
35510.181,0,0
35564.429,0,0
36015.267,0,0
35800.595,0,0
35206.09,0,0
34458.838,0,0
33417.895,0,0
32855.171,0,0
32970.552,0,0
33085.933,0,0
33101.314,0,0
33235.405,0,0
33472.627,0,0
33709.789,0,0
33821.916,0,0
33628.996,0,0
33410.995,0,0
32941.441,0,0
32571.935,0,0
32405.701,0,0
32642.657,0,0
32707.906,0,0
32578.524,0,0
32224.421,0,0
31445.605,0,0
30766.784,0,0
29987.96,0,0
29600.0,0,0
29600.0,0,0
29500.0,0,0
29500.0,0,0
29300.0,0,0
28900.0,0,0
28500.0,0,0
28100.0,1,1
27900.0,1,1
27659.771,1,1
27396.337,1,1
27132.926,1,1
26925.902,1,1
26875.241,1,1
26924.57,1,1
26873.891,1,1
26759.805,1,1
26782.329,1,1
26704.866,1,1
26393.488,1,1
26509.573,1,1
26911.203,1,1
27394.422,1,1
27636.684,1,1
27943.736,1,1
28115.588,0,0
28279.239,0,0
28344.949,0,0
28574.755,0,0
28699.141,0,0
28754.739,0,0
28906.497,0,0
29453.968,0,0
30473.583,0,0
31349.29,0,0
31895.281,0,0
32517.909,0,0
33116.542,0,0
33239.418,0,0
32874.503,0,0
32501.739,0,0
32125.629,0,0
32235.679,0,0
32815.27,0,0
33323.42,0,0
33762.356,0,0
33974.708,0,0
33959.796,0,0
33732.366,0,0
33192.41,0,0
33363.013,0,0
34242.659,0,0
34867.19,0,0
35035.073,0,0
35128.668,0,0
34962.677,0,0
34886.2,0,0
34998.978,0,0
35079.776,0,0
35327.4,0,0
35704.687,0,0
36206.452,0,0
36280.618,0,0
36126.446,0,0
35856.996,0,0
35515.392,0,0
35128.443,0,0
34868.89,0,0
34515.334,0,0
34299.549,0,0
34122.181,0,0
33797.373,0,0
33775.43,0,0
33988.445,0,0
34101.348,0,0
34314.139,0,0
34062.314,0,0
33346.066,0,0
32729.966,0,0
32014.014,0,0
31736.151,0,0
31997.06,0,0
32157.589,0,0
32418.025,0,0
32266.289,0,0
31702.498,0,0
31138.485,0,0
30441.289,0,0
29708.822,0,0
28941.168,0,0
28038.226,1,1
26811.708,1,1
26312.772,1,1
26540.869,1,1
26445.037,1,1
26213.532,1,1
25920.306,0,0
25465.511,0,0
25010.717,0,0
24555.922,0,0
23437.296,0,0
21725.751,0,0
20114.206,1,1
17934.044,1,1
16380.048,1,1
15642.621,1,1
14905.194,1,1
14267.767,1,1
13799.054,1,1
13699.054,1,1
13599.054,1,1
13499.054,1,1
14126.052,1,1
15380.048,1,1
16634.044,1,1
17788.04,1,1
19219.978,1,1
20959.846,1,1
22620.442,0,0
23671.95,0,0
23830.032,0,0
22629.78,0,0
20851.659,1,1
18639.293,1,1
17163.903,1,1
16793.394,1,1
16472.86,1,1
16204.545,1,1
17136.65,1,1
19068.911,1,1
21023.955,0,0
22900.338,0,0
24627.98,0,0
26336.382,0,0
28145.281,0,0
29626.459,0,0
31007.157,0,0
32188.576,0,0
33404.16,0,0
34660.134,0,0
35673.352,0,0
36524.229,0,0
37028.738,0,0
37333.623,0,0
37473.07,0,0
37615.437,0,0
37749.187,0,0
37782.756,0,0
37705.006,0,0
37415.833,0,0
37071.176,0,0
36871.241,0,0
36629.339,0,0
36345.338,0,0
36284.717,0,0
36246.966,0,0
36276.371,0,0
36273.305,0,0
36275.217,0,0
36281.897,0,0
36405.097,0,0
36643.58,0,0
36806.125,0,0
36895.786,0,0
36802.244,0,0
36725.365,0,0
36553.23,0,0
36500.0,0,0
36300.0,0,0
36100.0,0,0
36000.0,0,0
35800.0,0,0
35600.0,0,0
35400.0,0,0
35100.0,0,0
34900.0,0,0
34681.139,0,0
34546.284,0,0
34511.423,0,0
34376.556,0,0
34166.087,0,0
34080.021,0,0
33893.958,0,0
33807.897,0,0
33579.995,0,0
33210.248,0,0
32748.273,0,0
32115.526,0,0
31582.386,0,0
30848.863,0,0
30215.352,0,0
29481.853,0,0
29031.755,0,0
28664.96,0,0
28398.048,0,0
27995.398,1,1
27913.915,1,1
27947.01,1,1
27980.342,1,1
27995.683,1,1
27751.596,1,1
27593.547,1,1
27435.528,1,1
27277.54,1,1
27098.556,1,1
26998.556,1,1
26898.555,1,1
26798.555,1,1
26800.0,1,1
26900.0,1,1
27000.0,1,1
27100.0,1,1
27200.0,1,1
27400.0,1,1
27500.0,1,1
27700.0,1,1
27900.0,1,1
28065.879,1,1
28292.599,0,0
28517.174,0,0
28439.91,0,0
28250.387,1,0
28268.108,0,0
28499.333,0,0
28770.619,0,0
29183.592,0,0
29860.367,0,0
30568.812,0,0
31437.316,0,0
32716.866,0,0
32693.798,0,0
31737.568,0,0
30641.265,0,0
29610.634,0,0
29365.42,0,0
29516.144,0,0
29421.62,0,0
29084.078,0,0
29846.816,0,0
31808.58,0,0
33205.867,0,0
34038.308,0,0
34206.893,0,0
33681.113,0,0
33206.41,0,0
32373.715,0,0
31413.893,0,0
30148.641,0,0
29618.71,0,0
30154.237,0,0
30505.801,0,0
31094.631,0,0
32251.071,0,0
33623.058,0,0
34689.036,0,0
35331.196,0,0
35419.109,0,0
35560.916,0,0
35703.881,0,0
36013.388,0,0
36186.393,0,0
36131.604,0,0
36180.204,0,0
36130.07,0,0
36100.0,0,0
35900.0,0,0
35700.0,0,0
35500.0,0,0
35300.0,0,0
35100.0,0,0
34900.0,0,0
34600.0,0,0
34500.0,0,0
34300.0,0,0
34100.0,0,0
34000.0,0,0
33800.0,0,0
33700.0,0,0
33600.0,0,0
33500.0,0,0
33400.0,0,0
33100.0,0,0
32900.0,0,0
32700.0,0,0
32200.0,0,0
31400.0,0,0
30700.0,0,0
29900.0,0,0
29500.0,0,0
29300.0,0,0
29100.0,0,0
29000.0,0,0
28800.0,0,0
28500.0,0,0
28200.0,0,0
27900.0,0,0
27698.541,0,0
27598.54,0,0
27398.539,0,0
27198.538,0,0
27084.335,0,0
27055.896,0,0
26927.41,0,0
26898.879,0,0
26834.68,0,0
26438.221,0,0
25961.243,0,0
25380.418,0,0
25107.068,0,0
25205.519,0,0
25403.967,0,0
25502.413,0,0
25835.233,0,0
26253.898,0,0
26503.387,0,0
26651.21,0,0
25724.12,0,0
22960.217,0,0
19231.6,0,0
13663.109,1,1
10914.317,1,1
12428.338,1,1
12907.349,1,1
11876.687,1,1
11494.248,1,1
11674.238,1,1
11853.626,1,1
12631.12,1,1
12849.864,1,1
12506.793,1,1
12682.175,1,1
13148.772,1,1
13708.341,0,0
14356.7,0,0
14402.509,0,0
13701.201,1,1
13014.096,1,1
12256.656,1,1
12032.281,1,1
12417.056,1,1
12524.727,1,1
12475.583,1,1
13333.197,1,1
14933.952,0,0
16347.429,0,0
17484.376,0,0
18764.676,0,0
19960.871,0,0
20337.894,0,0
19696.432,0,0
20357.25,0,0
21667.457,0,0
22062.445,0,0
19411.455,0,0
14348.708,0,0
9480.625,1,1
8989.721,1,1
13075.209,1,1
17324.732,0,0
21560.824,0,0
24708.836,0,0
27387.52,0,0
29351.829,0,0
31026.627,0,0
31607.311,0,0
31970.833,0,0
32130.978,0,0
32244.035,0,0
31938.401,0,0
31202.95,0,0
30247.197,0,0
29290.072,0,0
29186.255,0,0
29937.914,0,0
30691.093,0,0
31225.561,0,0
31468.209,0,0
31628.419,0,0
31687.442,0,0
31654.564,0,0
31152.61,0,0
29912.973,0,0
28732.998,0,0
27432.374,0,0
26741.739,0,0
26755.127,0,0
26749.825,0,0
26705.816,0,0
26350.599,0,0
25744.472,0,0
24979.773,0,0
24214.414,0,0
23729.556,0,0
23425.69,0,0
23221.817,0,0
22917.936,0,0
22996.121,0,0
23456.921,0,0
23918.445,0,0
24222.163,0,0
24587.048,0,0
24952.539,0,0
25418.518,0,0
25784.984,0,0
26002.893,0,0
26071.224,0,0
26138.683,0,0
26155.565,0,0
26086.551,0,0
25931.737,0,0
25542.511,0,0
25043.198,0,0
23883.757,0,0
21557.401,0,0
18647.497,0,0
15294.763,0,0
12535.687,1,1
10831.615,1,1
9387.961,1,1
8433.425,1,1
7897.993,1,1
7756.225,1,1
7735.365,1,1
8267.243,1,1
8697.636,1,1
8743.557,1,1
9061.931,1,1
9595.746,1,1
9871.866,1,1
10050.593,1,1
10317.027,1,1
10589.757,1,1
10661.554,1,1
10358.312,1,1
10440.161,1,1
10771.576,1,1
11255.36,1,1
11576.996,1,1
12075.352,1,1
12640.285,1,1
13163.23,0,0
13467.668,0,0
14360.244,0,0
15646.248,0,0
16711.386,0,0
17506.416,0,0
19191.388,0,0
21417.846,0,0
23547.289,0,0
25671.655,0,0
27586.595,0,0
29565.819,0,0
31346.128,0,0
32969.712,0,0
34329.617,0,0
35533.723,0,0
35979.584,0,0
35812.383,0,0
35645.111,0,0
35477.766,0,0
35110.013,0,0
34559.172,0,0
33840.854,0,0
33222.163,0,0
32733.623,0,0
32475.388,0,0
32178.3,0,0
31862.084,0,0
31381.577,0,0
30836.858,0,0
30292.009,0,0
29747.031,0,0
29230.031,0,0
28740.874,0,0
28151.406,0,0
27561.626,0,0
27230.888,0,0
26959.773,0,0
26689.121,0,0
26418.933,0,0
25693.448,0,0
24511.88,0,0
22407.351,1,1
20250.408,1,1
19442.232,1,1
20328.14,1,1
20999.999,1,1
21772.492,1,1
22527.185,1,1
23191.956,1,1
23857.351,0,0
24300.61,0,0
24517.162,0,0
24516.652,0,0
24416.141,0,0
24315.629,0,0
24203.39,0,0
24079.249,0,0
23906.0,0,0
23625.872,0,0
23807.427,0,0
24450.98,0,0
25094.636,0,0
25738.397,0,0
25893.206,0,0
25459.254,0,0
24812.328,0,0
24260.063,0,0
23576.051,0,0
22727.679,1,1
22309.247,1,1
22225.69,1,1
21405.528,1,1
19686.145,1,1
16964.559,1,1
13698.81,1,1
12805.982,1,1
14586.403,1,1
15937.49,1,1
17041.097,1,1
16860.673,1,1
15171.732,1,1
15565.917,1,1
17880.113,1,1
21577.894,1,1
25885.229,0,0
28277.144,0,0
29519.47,0,0
30204.262,0,0
30781.279,0,0
31115.239,0,0
31255.203,0,0
31162.259,0,0
30636.576,0,0
29970.117,0,0
29162.681,0,0
28171.39,0,0
26807.585,0,0
26930.493,0,0
28406.232,0,0
29832.133,0,0
31221.011,0,0
31819.806,0,0
31649.148,0,0
31835.676,0,0
32449.301,0,0
33035.545,0,0
33694.731,0,0
34344.288,0,0
34983.84,0,0
35692.826,0,0
36336.715,0,0
36500.0,0,0
36400.0,0,0
36200.0,0,0
36000.0,0,0
35900.0,0,0
35700.0,0,0
35500.0,0,0
35400.0,0,0
35200.0,0,0
35000.0,0,0
34900.0,0,0
34700.0,0,0
34400.0,0,0
34100.0,0,0
33800.0,0,0
33487.9,0,0
33148.884,0,0
32806.306,0,0
32463.713,0,0
32121.104,0,0
31610.424,0,0
30931.69,0,0
30152.963,0,0
29474.244,0,0
29009.744,0,0
28859.464,0,0
28800.0,0,0
28600.0,0,0
28400.0,0,0
28100.0,0,0
27800.0,0,0
27600.0,0,0
27300.0,0,0
27100.0,0,0
26900.0,1,1
26700.0,1,1
26500.0,1,1
26391.423,1,1
26248.748,1,1
26106.065,1,1
26109.613,1,1
26159.405,1,1
26300.0,1,1
26300.0,1,1
26500.0,1,1
26700.0,1,1
26900.0,1,1
27100.0,0,0
27300.0,0,0
27400.344,0,0
27468.521,0,0
27386.411,0,0
27596.694,0,0
28001.536,0,0
28389.913,0,0
28526.931,0,0
29048.942,0,0
29963.73,0,0
30221.619,0,0
29700.836,0,0
29316.986,0,0
28976.972,0,0
28551.139,0,0
28241.529,0,0
27548.274,0,0
26462.631,1,1
26319.047,1,1
26928.224,0,0
27638.17,0,0
28353.341,0,0
28217.479,0,0
27228.271,0,0
25991.698,1,1
24547.166,1,1
24570.851,1,1
25937.995,1,1
26631.498,1,1
26475.751,1,1
27122.487,0,0
28657.905,0,0
30291.005,0,0
31704.657,0,0
32020.596,0,0
31658.909,0,0
31543.113,0,0
31657.107,0,0
31913.517,0,0
32175.346,0,0
32270.742,0,0
32364.758,0,0
32891.522,0,0
33741.566,0,0
34520.99,0,0
35083.662,0,0
35390.36,0,0
35501.777,0,0
35400.0,0,0
35200.0,0,0
35100.0,0,0
34900.0,0,0
34700.0,0,0
34400.0,0,0
34200.0,0,0
33991.538,0,0
33742.414,0,0
33586.253,0,0
33430.072,0,0
33212.737,0,0
33012.175,0,0
32879.125,0,0
32846.098,0,0
32694.789,0,0
32411.898,0,0
31742.36,0,0
31008.69,0,0
30076.301,0,0
28485.731,0,0
25717.266,1,1
21754.599,1,1
16373.957,1,1
15620.114,1,1
19309.509,1,1
22294.712,1,1
24628.847,1,1
25537.633,1,1
25843.826,1,1
25967.319,0,0
26091.0,0,0
26236.243,0,0
26288.568,0,0
26323.836,0,0
26359.188,0,0
26427.33,0,0
26428.224,0,0
26497.47,0,0
26418.603,0,0
26411.513,0,0
26428.029,0,0
26259.56,0,0
26191.032,0,0
26274.074,0,0
26508.77,0,0
26843.514,0,0
27078.307,0,0
27109.701,0,0
26937.66,0,0
26648.839,0,0
26176.02,0,0
25929.01,0,0
25891.832,0,0
26201.787,0,0
26965.767,0,0
27922.773,0,0
29269.744,0,0
30002.063,0,0
30209.165,0,0
30282.497,0,0
30330.279,0,0
30761.643,0,0
31549.661,0,0
32151.413,0,0
32373.735,0,0
31941.752,0,0
31027.771,0,0
30208.841,0,0
29647.232,0,0
29118.212,0,0
28365.683,0,0
27127.973,0,0
25168.182,1,1
23398.223,1,1
22418.676,1,1
20816.614,1,1
19243.175,1,1
17660.65,1,1
16089.03,1,1
14081.089,1,1
11858.215,1,1
10285.478,1,1
9566.661,1,1
9689.312,1,1
10760.256,1,1
11098.983,1,1
10924.414,1,1
13618.748,1,1
19287.974,1,1
24438.842,1,1
28444.567,0,0
30414.592,0,0
31052.108,0,0
31498.637,0,0
32071.743,0,0
32477.927,0,0
32733.161,0,0
32888.584,0,0
33087.083,0,0
33225.412,0,0
33342.181,0,0
33459.172,0,0
33509.235,0,0
33258.754,0,0
32623.213,0,0
31948.38,0,0
31253.883,0,0
30767.549,0,0
30881.041,0,0
30975.753,0,0
30931.903,0,0
30621.819,0,0
29534.701,0,0
28547.302,0,0
27379.301,0,0
26584.017,0,0
26622.307,0,0
26393.779,0,0
26165.558,0,0
26158.43,0,0
26272.279,0,0
26367.328,0,0
26423.728,0,0
26301.633,0,0
26100.961,0,0
25800.288,0,0
25599.615,0,0
24901.876,0,0
23695.094,0,0
22487.588,1,1
20487.926,1,1
20806.003,1,1
22846.136,0,0
24241.354,0,0
25298.986,0,0
25515.004,0,0
24850.203,0,0
24264.364,0,0
23422.962,0,0
23225.377,0,0
23568.584,0,0
24011.868,0,0
24355.23,0,0
25460.819,0,0
26635.271,0,0
27106.396,0,0
27078.132,0,0
26819.318,0,0
26754.792,0,0
26501.61,0,0
25988.148,0,0
25597.831,0,0
25336.594,0,0
25539.542,0,0
26168.589,0,0
26835.357,0,0
27335.357,0,0
27440.639,0,0
26981.825,0,0
26163.348,0,0
25014.255,0,0
24739.617,0,0
25549.622,0,0
26419.348,0,0
27485.499,0,0
27836.875,0,0
27196.927,0,0
26793.201,0,0
26575.229,0,0
26915.226,0,0
27791.113,0,0
28293.109,0,0
28223.255,0,0
28767.946,0,0
29717.444,0,0
30574.843,0,0
31248.46,0,0
31581.84,0,0
31577.476,0,0
31763.527,0,0
32140.34,0,0
33221.643,0,0
34842.616,0,0
35363.839,0,0
34833.876,0,0
34052.199,0,0
33235.487,0,0
32373.216,0,0
31706.579,0,0
31306.723,0,0
30975.298,0,0
27938.687,0,0
20282.242,1,1
10911.548,1,1
2525.413,1,1
0.0,1,1
290.755,1,1
1413.279,1,1
2577.052,1,1
2739.141,1,1
1972.306,1,1
1114.105,1,1
278.814,1,1
2196.007,1,1
7024.03,1,1
12316.902,1,1
17884.65,1,1
20619.3,1,1
21239.457,1,1
21760.262,1,1
22281.716,1,1
22503.818,0,0
22526.571,0,0
22280.812,1,1
21998.333,1,1
20812.447,1,1
17860.879,1,1
14809.319,1,1
11178.067,1,1
10087.499,1,1
11541.43,1,1
13097.265,1,1
14433.994,1,1
15963.268,1,1
17668.981,1,1
19128.532,1,1
20266.715,1,1
21409.233,1,1
22257.581,0,0
22835.811,0,0
23414.672,0,0
23894.163,0,0
24367.215,0,0
24691.658,0,0
25116.565,0,0
25769.443,0,0
26481.819,0,0
27108.454,0,0
27415.994,0,0
27669.811,0,0
27788.092,0,0
27913.851,0,0
27935.101,0,0
27325.201,0,0
26015.695,0,0
25450.608,0,0
25915.871,0,0
26402.953,0,0
26729.04,0,0
27010.564,0,0
27114.859,0,0
27009.467,0,0
26802.595,0,0
26865.054,0,0
27229.139,0,0
27251.178,0,0
27128.477,0,0
27582.636,0,0
28815.692,0,0
29843.572,0,0
30665.274,0,0
31741.871,0,0
32871.984,0,0
34005.478,0,0
34937.721,0,0
35194.962,0,0
34385.179,0,0
33792.433,0,0
33523.344,0,0
33755.627,0,0
34454.408,0,0
35368.178,0,0
35712.158,0,0
35497.736,0,0
34766.539,0,0
33971.481,0,0
33450.818,0,0
33185.387,0,0
33277.761,0,0
32985.952,0,0
32537.41,0,0
32857.376,0,0
33885.47,0,0
34249.181,0,0
33792.579,0,0
32606.983,0,0
30837.644,0,0
29810.5,0,0
30460.806,0,0
30940.531,0,0
31320.362,0,0
31337.635,0,0
30992.251,0,0
30646.842,0,0
30301.406,0,0
29121.3,0,0
25908.381,0,0
21629.945,0,0
16474.305,1,1
15374.977,1,1
18718.526,1,1
21582.286,1,1
24348.536,0,0
23297.367,0,0
18428.154,1,1
12470.02,1,1
6753.859,1,1
2851.483,1,1
521.562,1,1
0.0,1,1
0.0,1,1
0.0,1,1
0.0,1,1
3437.538,1,1
7123.457,1,1
8973.593,1,1
8571.78,1,1
8269.968,1,1
7968.155,1,1
7767.249,1,1
7667.249,1,1
7567.249,1,1
7467.249,1,1
9474.94,1,1
13350.062,1,1
16738.756,1,1
19514.26,1,1
20566.369,1,1
20170.963,1,1
19875.486,1,1
19579.937,1,1
20601.072,1,1
22651.662,1,1
23989.149,0,0
25151.062,0,0
26043.496,0,0
26611.266,0,0
26924.917,0,0
27333.43,0,0
27011.335,0,0
26018.316,0,0
25372.987,0,0
25087.602,0,0
24593.557,0,0
23840.945,0,0
23920.812,0,0
24862.723,0,0
25969.954,0,0
26787.028,0,0
27162.967,0,0
27787.622,0,0
28660.083,0,0
28588.483,0,0
28549.67,0,0
27431.818,0,0
25754.421,0,0
23262.369,1,0
23360.614,0,0
26273.567,0,0
28390.451,0,0
29663.558,0,0
30577.618,0,0
31924.138,0,0
33718.16,0,0
34759.655,0,0
34693.582,0,0
34498.882,0,0
34579.698,0,0
32053.454,0,0
31883.834,0,0
31614.135,0,0
29986.047,0,0
27077.941,0,0
26959.442,0,0
29530.617,0,0
31186.629,0,0
32031.094,0,0
32412.003,0,0
32157.111,0,0
31915.025,0,0
31670.543,0,0
30950.48,0,0
30083.738,0,0
30101.594,0,0
30911.239,0,0
31734.197,0,0
32273.009,0,0
32621.59,0,0
32578.195,0,0
32479.698,0,0
32381.219,0,0
31926.66,0,0
30928.412,0,0
29732.612,0,0
28404.054,0,0
27065.375,0,0
25788.941,0,0
24612.293,0,0
23220.482,1,0
23484.549,0,0
24994.361,0,0
26593.037,0,0
27572.966,0,0
27597.909,0,0
26708.335,0,0
25818.709,0,0
24929.031,0,0
24600.696,0,0
24833.861,0,0
25067.184,0,0
25300.663,0,0
25325.588,0,0
25141.93,0,0
25039.241,0,0
24797.474,0,0
24576.394,0,0
24375.936,0,0
24175.479,1,1
23975.021,1,1
24245.877,1,1
24888.25,0,0
25429.447,0,0
25905.912,0,0
26191.539,0,0
26341.962,0,0
26373.75,0,0
26505.501,0,0
26752.016,0,0
26913.259,0,0
27174.414,0,0
27318.096,0,0
27166.464,0,0
26489.083,0,0
25563.829,0,0
24207.969,1,1
23821.841,1,1
24375.668,0,0
24812.54,0,0
25138.515,0,0
25202.275,0,0
25207.894,0,0
24902.58,0,0
24242.709,1,1
23390.784,1,1
22723.3,1,1
22545.61,1,1
23127.104,1,1
23364.498,1,1
23439.624,1,1
23581.306,1,1
23765.883,1,1
23591.357,1,1
23067.239,1,1
23921.013,1,1
26163.057,0,0
28517.717,0,0
30734.136,0,0
31090.115,0,0
29859.231,0,0
28319.976,0,0
26535.564,0,0
25648.134,0,0
25660.501,0,0
25568.136,0,0
25335.03,0,0
24956.099,0,0
24485.857,0,0
23406.484,1,1
21182.201,1,1
18468.117,1,1
15296.1,1,1
15246.387,1,1
18843.396,1,1
21921.125,1,1
24327.384,0,0
25784.893,0,0
26538.39,0,0
27480.455,0,0
28404.689,0,0
29473.881,0,0
30313.289,0,0
30885.492,0,0
31458.105,0,0
31572.343,0,0
31227.841,0,0
30883.26,0,0
30438.602,0,0
30732.825,0,0
31370.176,0,0
31953.28,0,0
32516.23,0,0
32636.613,0,0
32538.983,0,0
32541.463,0,0
32444.052,0,0
32210.817,0,0
32032.008,0,0
31753.215,0,0
31474.436,0,0
31106.319,0,0
30548.868,0,0
30091.44,0,0
29500.0,0,0
29100.0,0,0
28800.0,0,0
28600.0,0,0
28300.0,0,0
28100.0,0,0
27700.0,0,0
27400.0,0,0
27100.0,0,0
26800.0,0,0
26500.0,0,0
26300.0,0,0
26000.0,0,0
25900.0,0,0
25900.0,0,0
26000.0,0,0
26000.0,0,0
26100.0,0,0
26300.0,0,0
26400.0,0,0
26600.0,0,0
26900.0,0,0
27400.0,0,0
27900.0,0,0
28300.0,0,0
28600.0,0,0
28559.961,0,0
28561.964,0,0
28562.578,0,0
27776.131,0,0
26199.253,0,0
25002.272,0,0
24102.583,0,0
23313.459,1,1
22717.171,1,1
22429.907,1,1
22350.544,1,1
22651.378,1,1
22933.02,1,1
23150.388,1,1
21559.271,1,1
18346.29,1,1
15653.833,1,1
14667.668,1,1
15488.318,1,1
15497.45,1,1
14652.433,1,1
15467.847,1,1
18001.202,1,1
20375.111,1,1
22404.972,1,1
23541.087,0,0
23704.225,0,0
24183.609,0,0
24931.428,0,0
24354.093,0,0
22358.66,1,1
20580.265,1,1
18852.789,1,1
19129.626,1,1
20957.776,1,1
22736.737,1,1
24359.669,0,0
24890.775,0,0
24666.401,0,0
24920.53,0,0
25678.971,0,0
27344.738,0,0
29261.85,0,0
30753.346,0,0
31997.176,0,0
33240.06,0,0
34418.997,0,0
34800.0,0,0
34700.0,0,0
34600.0,0,0
34500.0,0,0
34400.0,0,0
34200.0,0,0
34100.0,0,0
34000.0,0,0
33900.0,0,0
33700.0,0,0
33500.0,0,0
33300.0,0,0
33100.0,0,0
32800.0,0,0
32400.0,0,0
32100.0,0,0
31800.0,0,0
31700.0,0,0
31500.0,0,0
31300.0,0,0
30800.0,0,0
30000.0,0,0
29200.0,0,0
28300.0,0,0
27900.0,0,0
27900.0,0,0
27900.0,0,0
27800.0,0,0
27700.0,0,0
27300.0,0,0
27000.0,0,0
26700.0,0,0
26500.0,0,0
26300.0,1,1
26100.0,1,1
26000.0,1,1
25800.0,1,1
25700.0,1,1
25600.0,1,1
25500.0,1,1
25500.0,1,1
25500.0,1,1
25600.0,1,1
25600.0,1,1
25800.0,1,1
26000.0,1,1
26200.0,1,1
26400.0,1,1
26523.134,0,1
26427.864,1,1
26462.295,0,1
26404.855,1,1
26184.965,1,1
25790.354,1,1
25521.785,1,1
25484.823,1,1
25650.479,1,1
26018.431,1,1
26443.016,1,1
27124.365,0,0
27540.428,0,0
27691.288,0,0
28046.638,0,0
28406.33,0,0
28954.872,0,0
29492.25,0,0
29666.68,0,0
29277.236,0,0
29054.758,0,0
28898.878,0,0
28887.283,0,0
29020.568,0,0
28673.205,0,0
27950.155,0,0
28203.996,0,0
29225.548,0,0
29913.767,0,0
30306.693,0,0
30403.723,0,0
30161.009,0,0
30111.594,0,0
30163.527,0,0
30077.972,0,0
29830.353,0,0
29692.409,0,0
29663.61,0,0
29948.303,0,0
30472.759,0,0
30784.329,0,0
31087.708,0,0
31558.368,0,0
32209.09,0,0
32644.946,0,0
33074.221,0,0
33377.497,0,0
33455.844,0,0
33486.187,0,0
33286.157,0,0
33086.126,0,0
32886.095,0,0
32810.675,0,0
32659.879,0,0
32600.0,0,0
32400.0,0,0
32300.0,0,0
32200.0,0,0
32000.0,0,0
31884.472,0,0
31770.389,0,0
31670.384,0,0
31570.378,0,0
31470.373,0,0
31335.142,0,0
30964.665,0,0
30694.164,0,0
30176.197,0,0
29675.168,0,0
29109.585,0,0
28644.074,0,0
28178.635,0,0
27822.116,0,0
27864.459,0,0
27806.802,0,0
27849.145,0,0
27695.017,0,0
27400.0,0,0
27100.0,0,0
26800.0,0,0
26500.0,0,0
26400.0,0,0
26200.0,0,0
26070.306,0,0
25856.187,0,0
25884.426,0,0
25900.0,0,0
25800.0,0,0
25800.0,0,0
25800.0,0,0
25800.0,0,0
25800.0,0,0
25900.0,0,0
26100.0,0,0
26400.0,0,0
26600.0,0,0
26756.106,0,0
26862.024,0,0
26965.278,0,0
27067.078,0,0
27097.762,0,0
27058.689,0,0
26569.689,0,0
25820.635,0,0
25258.288,0,0
24767.973,0,0
24475.1,0,0
24183.353,0,0
23784.543,1,1
23186.093,1,1
23041.711,1,1
23561.587,1,1
23781.958,1,1
23599.242,1,1
24110.119,1,1
25317.849,0,0
26254.777,0,0
26824.169,0,0
28180.518,0,0
30338.964,0,0
32998.536,0,0
34521.279,0,0
34665.102,0,0
33856.582,0,0
32431.743,0,0
31276.683,0,0
30688.493,0,0
30669.859,0,0
30476.359,0,0
30107.966,0,0
30069.896,0,0
30461.034,0,0
30839.492,0,0
31336.451,0,0
31653.459,0,0
31692.603,0,0
31864.711,0,0
32168.659,0,0
32280.966,0,0
32303.072,0,0
32369.196,0,0
32379.089,0,0
32431.52,0,0
32522.799,0,0
32345.034,0,0
31910.746,0,0
31300.591,0,0
30679.451,0,0
29640.021,0,0
27772.314,0,0
24874.307,0,0
21240.418,1,1
19520.201,1,1
20138.819,1,1
20757.566,1,1
21376.44,1,1
19656.226,1,1
15228.0,1,1
10264.191,1,1
5624.701,1,1
5110.862,1,1
8723.169,1,1
12448.731,1,1
16263.59,1,1
16831.028,1,1
14608.13,1,1
12265.64,1,1
9922.84,1,1
10718.417,1,1
14715.038,1,1
18036.519,1,1
20856.616,1,1
20655.647,1,1
17432.477,1,1
13706.009,1,1
9302.027,1,1
7028.627,1,1
6825.13,1,1
6721.633,1,1
6518.134,1,1
8704.468,1,1
12930.536,1,1
16618.794,1,1
19346.639,1,1
21240.016,1,1
22340.731,1,1
23355.661,0,0
24188.132,0,0
24837.657,0,0
25189.79,0,0
25624.843,0,0
25959.939,0,0
26267.417,0,0
26540.896,0,0
26711.666,0,0
26862.612,0,0
26887.46,0,0
26479.661,0,0
26142.072,0,0
25795.132,0,0
25136.98,0,0
23962.515,0,0
23122.933,0,0
22661.324,0,0
22330.473,1,0
23219.809,0,0
24051.77,0,0
24626.83,0,0
25135.565,0,0
25477.387,0,0
25211.302,0,0
24431.883,0,0
23822.065,0,0
23583.864,0,0
23850.634,0,0
24623.906,0,0
25412.796,0,0
26146.996,0,0
27514.546,0,0
29314.78,0,0
30508.124,0,0
30898.056,0,0
31047.801,0,0
31059.262,0,0
31632.541,0,0
32795.617,0,0
32795.732,0,0
31191.778,0,0
28650.315,0,0
25413.057,0,0
25259.544,0,0
27869.454,0,0
29565.652,0,0
30302.984,0,0
30992.316,0,0
31644.452,0,0
32262.98,0,0
32657.367,0,0
33004.365,0,0
33084.02,0,0
33117.423,0,0
33049.998,0,0
32982.666,0,0
32915.428,0,0
32582.228,0,0
31982.783,0,0
31263.776,0,0
30440.414,0,0
29798.214,0,0
29498.924,0,0
29042.447,0,0
28585.653,0,0
27702.132,0,0
25809.726,0,0
23520.221,0,0
20404.255,1,1
19940.735,1,1
22174.143,1,1
23810.213,0,0
25383.167,0,0
24980.833,0,0
22701.194,0,0
20155.417,1,1
17107.945,1,1
17163.898,1,1
19984.282,0,0
22078.741,0,0
23776.965,0,0
23968.618,0,0
23237.422,0,0
22505.84,0,0
21448.553,0,0
19885.61,0,0
17675.9,1,1
14757.096,1,1
11786.318,1,1
8943.333,1,1
6644.905,1,1
4388.722,1,1
2299.013,1,1
2704.546,1,1
5632.06,1,1
8696.75,1,1
11757.531,1,1
13587.575,1,1
14409.535,1,1
15332.146,1,1
16255.408,1,1
18264.857,0,0
20553.946,0,0
22448.683,0,0
23679.615,0,0
24202.844,0,0
24325.905,0,0
24162.787,0,0
23812.094,0,0
23234.585,0,0
22106.67,0,0
21233.553,0,0
20585.909,0,0
19645.451,0,0
18329.483,0,0
18175.74,1,0
19210.453,0,0
21131.829,0,0
23037.268,0,0
23383.23,0,0
21550.57,0,0
19079.848,0,0
17619.431,1,1
17316.703,1,1
17927.851,1,1
17343.492,1,1
15501.099,1,1
16974.014,1,1
21703.092,0,0
26874.812,0,0
26152.021,0,0
24888.523,0,0
22284.855,0,0
20136.529,0,0
18815.562,0,0
18405.713,0,0
19135.603,0,0
19251.485,0,0
18963.613,0,0
20139.411,0,0
22332.479,0,0
23603.142,0,0
24071.537,0,0
25484.747,0,0
27527.628,0,0
28701.84,0,0
29414.974,0,0
30040.586,0,0
30383.068,0,0
30334.244,0,0
29710.872,0,0
29187.276,0,0
28243.611,0,0
28042.143,0,0
28483.46,0,0
28605.07,0,0
28726.902,0,0
28096.968,0,0
25595.427,0,0
22549.278,0,0
18705.073,0,0
17263.689,1,0
18765.214,0,0
19988.148,0,0
21211.836,0,0
22982.294,0,0
24452.951,0,0
26013.298,0,0
27066.72,0,0
27308.392,0,0
27173.555,0,0
26934.802,0,0
26548.494,0,0
25811.414,0,0
24356.82,0,0
22376.156,0,0
19585.792,0,0
18056.274,1,1
18570.073,1,1
18917.712,1,1
19228.942,0,1
18414.776,1,1
16231.815,1,1
13781.621,1,1
11225.174,1,1
11123.221,1,1
13376.663,1,1
15524.983,1,1
17507.057,1,1
18853.457,1,1
20107.432,0,0
21153.816,0,0
21892.001,0,0
22311.01,0,0
22510.674,0,0
22710.337,0,0
22910.0,0,0
23465.005,0,0
24322.874,0,0
25012.04,0,0
25700.679,0,0
25767.093,0,0
25408.909,0,0
25041.724,0,0
24819.317,0,0
24400.657,0,0
23912.038,0,0
22536.458,0,0
20616.207,0,0
19056.139,0,0
19263.53,0,0
19857.118,0,0
21071.106,0,0
19903.168,0,0
15514.34,1,1
10280.481,1,1
5502.034,1,1
4761.632,1,1
8111.446,1,1
11469.353,1,1
14789.526,1,1
17031.571,1,1
18295.305,1,1
19195.628,0,0
19669.067,0,0
19434.465,0,0
18591.82,1,1
18371.368,1,1
18573.194,1,1
20170.881,0,0
23224.926,0,0
25511.724,0,0
27258.579,0,0
28099.719,0,0
28413.664,0,0
28755.033,0,0
29123.109,0,0
29583.341,0,0
30230.303,0,0
30496.554,0,0
30570.956,0,0
30529.94,0,0
30475.134,0,0
30630.19,0,0
31088.013,0,0
31198.959,0,0
30788.811,0,0
30278.883,0,0
29802.396,0,0
29108.238,0,0
28343.709,0,0
27479.579,0,0
26352.016,0,0
26537.431,0,0
27520.588,0,0
28410.465,0,0
29100.901,0,0
29643.47,0,0
29905.058,0,0
30072.344,0,0
30304.111,0,0
30154.822,0,0
29624.774,0,0
29021.228,0,0
28307.188,0,0
27622.236,0,0
26728.247,0,0
25778.221,0,0
24828.501,0,0
24604.963,0,0
25098.143,0,0
25411.904,0,0
25725.575,0,0
25910.854,0,0
25810.907,0,0
25675.706,0,0
25540.447,0,0
25355.765,0,0
25221.687,0,0
25087.585,0,0
24953.46,0,0
25001.529,0,0
25122.831,0,0
25171.098,0,0
25119.349,0,0
25257.25,0,0
25484.806,0,0
25800.0,0,0
26000.0,0,0
26300.0,0,0
26600.0,0,0
27000.0,0,0
27300.0,0,0
27377.143,0,0
27213.975,0,0
26943.873,0,0
26770.288,0,0
26042.921,0,0
24906.106,0,0
24244.322,1,1
24237.586,1,1
23996.099,1,1
23389.118,1,1
23531.478,1,1
24438.885,0,0
25394.374,0,0
26483.208,0,0
26902.689,0,0
26634.137,0,0
26556.962,0,0
26774.816,0,0
26238.997,0,0
24904.355,0,0
23674.225,1,1
22552.938,1,1
22335.556,1,1
23046.437,1,1
23250.092,1,1
22746.978,1,1
22712.867,1,1
23046.6,1,1
22986.726,1,1
22506.633,1,1
22263.125,1,1
22504.677,1,1
23068.905,1,1
23923.588,1,1
24366.579,1,1
24017.905,1,1
23259.51,1,1
22605.723,1,1
23320.51,1,1
25408.655,0,0
27201.8,0,0
28720.951,0,0
29610.091,0,0
29890.718,0,0
30327.891,0,0
31016.964,0,0
31483.465,0,0
31836.126,0,0
32074.672,0,0
32205.604,0,0
32239.367,0,0
32373.171,0,0
32300.235,0,0
32020.546,0,0
31840.878,0,0
31661.23,0,0
31471.406,0,0
31271.389,0,0
31071.371,0,0
30971.354,0,0
30761.116,0,0
30540.642,0,0
30220.146,0,0
29999.629,0,0
29896.158,0,0
29809.761,0,0
29723.381,0,0
29637.017,0,0
29326.71,0,0
28792.417,0,0
28258.081,0,0
27623.704,0,0
27251.903,0,0
26854.865,0,0
26457.343,0,0
26059.337,0,0
25311.702,0,0
23933.881,0,0
22464.429,0,0
20822.059,0,0
19482.238,0,0
19529.876,0,0
19478.171,0,0
19527.125,0,0
18971.75,0,0
17909.234,0,0
16843.618,0,0
15561.687,1,1
14480.119,1,1
13945.742,1,1
13409.397,1,1
12871.075,1,1
13154.239,1,1
14261.801,1,1
15271.269,1,1
16382.653,0,0
17510.258,0,0
18280.793,0,0
18710.651,0,0
18929.437,0,0
19250.857,0,0
19446.69,0,0
19609.659,0,0
19062.235,0,0
16893.877,0,0
14675.06,1,1
13181.143,1,1
12569.52,1,1
11224.08,1,1
8982.055,1,1
8491.619,1,1
10186.443,1,1
12511.98,1,1
15156.067,1,1
16388.17,0,1
15967.33,1,1
15751.193,1,1
15855.065,1,1
16009.858,1,1
16212.938,0,0
16350.88,0,0
16423.139,0,0
16453.49,0,0
16455.769,0,0
16098.864,0,0
15226.012,1,1
15485.292,1,1
16691.388,0,0
18058.982,0,0
19726.51,0,0
19491.208,0,0
17841.309,0,0
16540.702,0,0
15563.122,1,0
16929.115,0,0
19979.323,0,0
22551.897,0,0
24614.86,0,0
26291.019,0,0
27713.726,0,0
28957.365,0,0
30286.986,0,0
31472.683,0,0
32477.22,0,0
32800.0,0,0
32700.0,0,0
32600.0,0,0
32400.0,0,0
32300.0,0,0
32200.0,0,0
32100.0,0,0
31900.0,0,0
31800.0,0,0
31600.0,0,0
31500.0,0,0
31300.0,0,0
31100.0,0,0
30900.0,0,0
30600.0,0,0
30400.0,0,0
30100.0,0,0
29900.0,0,0
29700.0,0,0
29500.0,0,0
29100.0,0,0
28500.0,0,0
27800.0,0,0
27200.0,0,0
26800.0,0,0
26800.0,0,0
26700.0,0,0
26700.0,0,0
26600.0,0,0
26300.0,0,0
26100.0,0,0
25763.679,0,0
25556.698,0,0
25384.606,1,1
25200.0,1,1
25000.0,1,1
24800.0,1,1
24800.0,1,1
24684.596,1,1
24656.658,1,1
24649.667,1,1
24763.633,1,1
24777.602,1,1
24891.574,1,1
25000.0,1,1
25100.0,1,1
25200.0,1,1
25400.0,1,1
25390.052,1,1
25455.034,0,1
25413.924,1,1
25469.716,0,0
25721.586,0,0
26167.048,0,0
26265.556,0,0
25810.823,0,0
25861.912,0,0
26425.657,0,0
26435.22,0,0
26114.304,0,0
25317.642,1,1
24035.345,1,1
24333.037,1,1
26326.69,0,0
27828.339,0,0
29007.468,0,0
30015.52,0,0
30877.459,0,0
32118.267,0,0
30853.328,0,0
31252.875,0,0
31652.422,0,0
31139.882,0,0
29908.046,0,0
29194.53,0,0
29103.895,0,0
28370.25,0,0
26997.772,0,0
26867.63,0,0
27769.141,0,0
28477.639,0,0
28895.466,0,0
29375.832,0,0
29752.744,0,0
30341.337,0,0
31237.912,0,0
31672.375,0,0
31751.796,0,0
32030.182,0,0
32305.358,0,0
32451.371,0,0
32571.195,0,0
32513.699,0,0
32478.214,0,0
32446.581,0,0
32217.549,0,0
31736.126,0,0
30794.14,0,0
29509.414,0,0
27944.793,0,0
27143.654,0,0
27225.321,0,0
27307.088,0,0
27388.954,0,0
27682.762,0,0
28279.516,0,0
28596.041,0,0
29012.84,0,0
28679.593,0,0
27538.567,0,0
26093.521,0,0
24111.865,1,1
23370.674,1,1
24321.791,1,1
25165.584,1,1
25702.188,0,0
26080.55,0,0
26306.043,0,0
26279.469,0,0
26333.022,0,0
26282.346,0,0
26348.75,0,0
26315.178,0,0
26381.63,0,0
25965.002,0,0
25136.378,0,0
24056.785,0,0
22943.025,1,1
21967.239,1,1
21481.938,1,1
21096.486,1,1
20610.881,1,1
20203.214,1,1
19844.559,1,1
19585.765,1,1
19226.834,1,1
18645.887,1,1
17742.667,1,1
16738.964,1,1
15670.404,1,1
16447.882,1,1
18579.411,1,1
20661.133,1,1
21929.777,1,1
23111.985,0,0
23947.597,0,0
24758.239,0,0
25306.191,0,0
25183.553,0,0
24241.715,0,0
23190.234,0,0
21893.408,1,1
20622.161,1,1
19365.906,1,1
17934.626,1,1
16094.461,1,1
17114.935,1,1
20670.706,1,1
23826.313,0,0
26087.07,0,0
27605.519,0,0
28482.606,0,0
28403.572,0,0
27570.085,0,0
26963.084,0,0
26594.337,0,0
26928.113,0,0
27947.635,0,0
28973.287,0,0
29906.197,0,0
30730.256,0,0
31379.071,0,0
31596.287,0,0
31370.72,0,0
31112.358,0,0
30621.397,0,0
30277.381,0,0
29880.56,0,0
29967.252,0,0
30387.009,0,0
30888.442,0,0
31471.253,0,0
31667.571,0,0
31482.119,0,0
31422.711,0,0
31289.871,0,0
31534.205,0,0
31952.701,0,0
32570.253,0,0
32768.502,0,0
32768.49,0,0
32700.0,0,0
32600.0,0,0
32400.0,0,0
32181.105,0,0
32018.246,0,0
31786.798,0,0
31586.778,0,0
31386.758,0,0
31186.738,0,0
31100.698,0,0
31028.646,0,0
30956.604,0,0
30984.571,0,0
30784.569,0,0
30656.581,0,0
30528.583,0,0
30400.575,0,0
30155.063,0,0
29892.047,0,0
29496.464,0,0
28995.787,0,0
28395.231,0,0
27694.81,0,0
27094.353,0,0
26339.454,0,0
26043.448,0,0
26294.336,0,0
26428.263,0,0
26562.273,0,0
26629.473,0,0
26529.811,0,0
26298.671,0,0
26119.695,0,0
25795.118,0,0
25278.626,0,0
24743.738,0,0
24208.729,0,0
23888.994,0,0
23992.048,0,0
24059.367,0,0
24126.747,0,0
24294.213,0,0
24461.744,0,0
24629.304,0,0
24712.346,0,0
24812.321,0,0
25029.195,0,0
25161.45,0,0
25293.644,0,0
25471.341,0,0
25480.067,0,0
25482.762,0,0
25482.26,0,0
25713.492,0,0
26359.239,0,0
26261.555,0,0
25389.216,0,0
24891.174,0,0
24783.206,0,0
24649.916,0,0
24492.08,0,0
23831.29,0,0
22525.952,0,0
22305.756,1,0
23238.422,0,0
23868.961,0,0
23982.215,0,0
24564.523,0,0
25715.377,0,0
26825.94,0,0
27986.722,0,0
28531.202,0,0
28552.158,0,0
28261.395,0,0
27879.194,0,0
28329.204,0,0
29811.117,0,0
30899.343,0,0
31695.435,0,0
31760.573,0,0
31100.901,0,0
30687.427,0,0
30223.328,0,0
29446.03,0,0
28347.562,0,0
27758.93,0,0
27479.903,0,0
27908.957,0,0
28943.243,0,0
29634.616,0,0
30082.239,0,0
30137.029,0,0
30007.67,0,0
29707.222,0,0
29024.28,0,0
28277.731,0,0
27290.909,0,0
24402.406,0,0
18637.057,1,1
11475.955,1,1
4690.398,1,1
1045.429,1,1
100.308,1,1
0.0,1,1
0.0,1,1
0.0,1,1
0.0,1,1
0.0,1,1
0.0,1,1
0.0,1,1
0.0,1,1
0.0,1,1
0.0,1,1
0.0,1,1
0.0,1,1
0.0,1,1
0.0,1,1
0.0,1,1
0.0,1,1
0.0,1,1
0.0,1,1
0.0,1,1
0.0,1,1
0.0,1,1
0.0,1,1
0.0,1,1
0.0,1,1
0.0,1,1
0.0,1,1
0.0,1,1
0.0,1,1
0.0,1,1
0.0,1,1
0.0,1,1
1824.59,1,1
4699.214,1,1
7728.036,1,1
11079.99,1,1
14033.186,1,1
16882.517,1,1
18960.903,1,1
20504.364,0,0
21442.089,0,0
22379.815,0,0
23298.805,0,0
23731.791,0,0
23819.892,0,0
24003.191,0,0
24083.871,0,0
24107.88,0,0
23921.029,0,0
23273.171,0,0
21883.671,0,0
20732.243,0,0
20797.385,0,0
21016.148,0,0
21390.919,0,0
21230.924,0,0
20525.671,0,0
20035.998,0,0
19764.329,0,0
19301.209,1,1
18629.516,1,1
18785.17,1,1
19763.48,1,1
20174.402,0,0
20218.126,0,0
22719.586,0,0
27630.067,0,0
30550.495,0,0
31524.079,0,0
32515.24,0,0
33229.329,0,0
32386.126,0,0
29694.034,0,0
27035.636,0,0
24280.423,0,0
23958.393,0,0
26072.703,0,0
27170.41,0,0
27425.794,0,0
28157.196,0,0
29202.181,0,0
29811.385,0,0
29852.871,0,0
29783.13,0,0
29452.186,0,0
29302.416,0,0
29084.226,0,0
29265.488,0,0
29793.242,0,0
30506.931,0,0
31065.56,0,0
31203.415,0,0
30849.017,0,0
30494.456,0,0
30139.733,0,0
29861.67,0,0
29660.389,0,0
29359.106,0,0
29057.822,0,0
29213.152,0,0
29625.501,0,0
30127.56,0,0
30356.678,0,0
30487.144,0,0
30518.817,0,0
30550.653,0,0
30582.652,0,0
30414.868,0,0
30235.578,0,0
30056.31,0,0
29877.063,0,0
29494.365,0,0
29008.21,0,0
28522.07,0,0
28035.945,0,0
27746.351,0,0
27653.284,0,0
27660.226,0,0
27567.176,0,0
27335.746,0,0
26965.855,0,0
26495.865,0,0
25880.249,0,0
25412.913,0,0
25212.424,0,0
25011.934,0,0
24811.443,0,0
24593.741,0,0
24358.578,0,0
24087.237,0,0
23620.064,0,0
23457.078,0,0
23298.504,0,0
23139.703,0,0
22980.673,0,0
23131.443,0,0
23592.464,0,0
24053.861,0,0
24515.634,0,0
24500.178,0,0
23926.39,0,0
23311.925,0,0
22432.132,0,0
21565.288,0,0
20420.936,0,0
19740.927,0,0
19931.568,0,0
20264.871,0,0
20776.003,0,0
20461.193,0,0
18946.492,0,0
17532.714,0,0
16179.679,1,1
15806.834,1,1
16700.517,1,1
17241.624,1,1
17597.164,0,0
17563.523,0,0
17030.042,1,1
15848.174,1,1
13642.979,1,1
11209.474,1,1
8072.493,1,1
6730.434,1,1
7960.448,1,1
10170.93,1,1
12968.661,1,1
14947.909,1,1
16327.384,1,1
16962.016,1,1
17114.159,1,1
16869.677,1,1
16428.915,1,1
16623.698,1,1
17481.571,0,0
18293.643,0,0
18849.879,0,0
19225.266,0,0
19268.818,0,0
18638.44,0,0
17315.883,1,1
15661.975,1,1
13905.418,1,1
15391.73,1,1
19913.922,0,0
23464.586,0,0
26064.541,0,0
26877.248,0,0
26393.311,0,0
25809.102,0,0
25224.624,0,0
25722.735,0,0
27282.823,0,0
28068.07,0,0
28854.011,0,0
29142.957,0,0
29142.09,0,0
29041.222,0,0
29040.353,0,0
29197.89,0,0
29614.107,0,0
29919.787,0,0
30151.234,0,0
30283.321,0,0
30215.943,0,0
30248.658,0,0
30281.468,0,0
29924.353,0,0
29466.116,0,0
29007.909,0,0
28549.732,0,0
28191.585,0,0
28000.0,0,0
27900.0,0,0
27700.0,0,0
27400.0,0,0
27000.0,0,0
26700.0,0,0
26300.0,0,0
26000.0,0,0
25800.0,0,0
25700.0,0,0
25500.0,0,0
25400.0,0,0
25400.0,0,0
25500.0,0,0
25500.0,0,0
25600.0,0,0
25700.0,0,0
25800.0,0,0
26000.0,0,0
26200.0,0,0
26600.0,0,0
27000.0,0,0
27500.0,0,0
27700.0,0,0
27871.677,0,0
28051.682,0,0
28131.339,0,0
28261.748,0,0
25780.468,0,0
25680.12,0,0
25667.935,0,0
24809.864,0,0
22953.612,0,0
21915.489,1,1
21890.437,1,1
21726.28,1,1
21733.081,1,1
21270.645,1,1
20246.8,1,1
18949.595,1,1
17436.373,1,1
16087.068,1,1
15156.897,1,1
13720.725,1,1
11909.405,1,1
13488.706,1,1
18547.776,1,1
23687.158,0,0
27020.19,0,0
27517.597,0,0
26993.727,0,0
26102.278,0,0
24943.322,0,0
25020.384,0,0
26324.077,0,0
27792.222,0,0
28044.443,0,0
26863.785,0,0
25523.302,0,0
24395.747,0,0
23272.457,0,0
22787.696,0,0
22402.465,1,1
19862.026,1,1
14106.227,1,1
8022.246,1,1
2921.44,1,1
2239.583,1,1
5807.672,1,1
10223.664,1,1
15126.515,1,1
20098.265,1,1
24697.67,0,0
28003.454,0,0
30037.646,0,0
30876.998,0,0
30933.938,0,0
30991.013,0,0
31048.224,0,0
31306.996,0,0
31404.306,0,0
31601.825,0,0
31699.555,0,0
31614.631,0,0
31335.411,0,0
31056.202,0,0
30777.003,0,0
30594.342,0,0
30508.214,0,0
30322.094,0,0
30235.982,0,0
29849.876,0,0
29263.778,0,0
28777.688,0,0
28191.604,0,0
27774.184,0,0
27525.343,0,0
27376.398,0,0
27127.348,0,0
26613.675,0,0
25845.605,0,0
25012.843,0,0
23880.942,0,0
22818.436,0,0
21614.639,0,0
20408.686,0,0
18311.975,0,0
17491.538,0,0
17873.017,0,0
18155.318,0,0
18538.445,0,0
19543.363,0,0
20712.377,0,0
21701.558,0,0
22692.451,0,0
23592.392,0,0
24413.667,0,0
25335.859,0,0
26090.676,0,0
26218.083,0,0
25594.925,0,0
24683.447,0,0
23596.571,0,0
21957.075,0,0
19526.461,0,0
17447.77,0,0
16587.139,0,0
15353.504,0,0
13669.132,0,0
12157.034,0,0
11087.895,1,1
10264.82,1,1
9773.632,1,1
9146.968,1,1
8533.655,1,1
7424.343,1,1
5930.168,1,1
4898.877,1,1
4323.657,1,1
4294.868,1,1
4671.811,1,1
5647.237,1,1
6866.679,1,1
7573.056,1,1
7727.769,1,1
7910.763,1,1
8090.511,1,1
8240.911,1,1
8410.192,1,1
8801.221,1,1
9217.786,1,1
9970.787,1,1
10854.382,1,1
11971.267,1,1
13098.187,0,0
13756.152,0,0
14127.449,0,0
15438.558,0,0
17224.221,0,0
18381.751,0,0
19099.517,0,0
21575.064,0,0
25034.633,0,0
26841.818,0,0
28029.779,0,0
29142.078,0,0
30315.969,0,0
31125.625,0,0
31839.573,0,0
32260.514,0,0
32719.712,0,0
32722.831,0,0
32557.166,0,0
32391.562,0,0
32226.018,0,0
32150.161,0,0
32163.962,0,0
32077.787,0,0
32091.637,0,0
31877.747,0,0
31436.038,0,0
30994.248,0,0
30552.377,0,0
30331.337,0,0
30131.187,0,0
30031.037,0,0
29930.887,0,0
29558.707,0,0
28914.572,0,0
28370.537,0,0
27700.0,0,0
27300.0,0,0
27117.812,0,0
26926.431,0,0
26427.932,0,0
26009.472,0,0
25808.978,0,0
25508.483,0,0
25207.987,0,0
25041.147,0,0
24808.036,0,0
24675.021,0,0
24542.102,0,0
24408.019,0,0
24172.553,0,0
24036.892,0,0
23801.035,0,0
23512.653,0,0
22845.862,0,0
22157.493,0,0
21312.583,0,0
20714.33,0,0
20259.717,0,0
19387.256,0,0
18402.938,0,0
17761.853,0,0
17326.996,0,0
16732.945,0,0
15733.405,0,0
14785.701,0,0
14083.075,0,0
13092.109,0,0
12063.7,0,0
11024.201,0,0
9981.972,0,0
8957.093,0,0
7872.615,0,0
5196.895,0,0
1018.672,1,1
0.0,1,1
0.0,1,1
0.0,1,1
0.0,1,1
0.0,1,1
0.0,1,1
0.0,1,1
0.0,1,1
0.0,1,1
0.0,1,1
0.0,1,1
0.0,1,1
0.0,1,1
0.0,1,1
0.0,1,1
0.0,1,1
0.0,1,1
0.0,1,1
0.0,1,1
0.0,1,1
0.0,1,1
0.0,1,1
0.0,1,1
1630.784,0,0
6073.146,0,0
10220.598,0,0
11837.302,0,0
11550.67,0,0
12457.948,0,0
13722.487,0,0
14994.531,0,0
15888.759,0,0
16238.419,0,0
16574.996,0,0
19139.667,0,0
23015.523,0,0
26049.482,0,0
28197.827,0,0
28523.921,0,0
27758.363,0,0
26892.207,0,0
25862.108,0,0
24701.992,0,0
23804.709,0,0
22806.474,0,0
21744.212,0,0
19943.018,0,0
17593.39,0,0
15087.027,0,0
12285.01,0,0
12932.296,0,0
16696.95,0,0
19893.216,0,0
22494.232,0,0
23439.092,0,0
23092.999,0,0
22747.178,0,0
22301.627,0,0
22590.875,0,0
23443.945,0,0
24197.471,0,0
24831.855,0,0
25278.473,0,0
25426.833,0,0
25427.543,0,0
25528.467,0,0
25261.746,0,0
24827.092,0,0
24392.27,0,0
23940.194,0,0
23656.79,0,0
23556.274,0,0
23555.758,0,0
23455.241,0,0
23245.335,0,0
22825.816,0,0
22505.996,0,0
22037.512,0,0
21849.816,0,0
22048.651,0,0
22147.485,0,0
22246.318,0,0
22151.527,0,0
21589.502,0,0
20357.092,0,0
18542.887,0,0
17580.677,0,0
18687.364,0,0
18841.3,0,0
17184.603,1,1
15325.594,1,1
13602.231,1,1
12529.946,1,1
12681.415,1,1
12504.771,1,1
12009.77,1,1
11753.237,1,1
11504.764,1,1
11212.909,1,1
10853.081,1,1
10757.172,1,1
10813.115,1,1
11065.61,1,1
11605.631,1,1
12302.413,1,1
13139.828,1,1
13706.87,1,1
14086.841,1,1
14747.663,1,1
15873.254,1,1
16799.618,1,1
17593.168,0,0
17781.69,0,0
17568.487,0,0
17467.384,0,0
17661.513,0,0
17924.894,0,0
18277.543,0,0
19128.887,0,0
20177.251,0,0
21165.644,0,0
22178.811,0,0
23136.532,0,0
24258.254,0,0
26098.027,0,0
28146.284,0,0
29439.186,0,0
30230.974,0,0
31394.079,0,0
32224.989,0,0
32366.061,0,0
32118.327,0,0
31772.715,0,0
31444.856,0,0
30918.984,0,0
30223.632,0,0
29361.843,0,0
28498.622,0,0
28122.316,0,0
28474.411,0,0
28780.233,0,0
29086.763,0,0
28832.112,0,0
28014.806,0,0
26917.583,0,0
25834.503,0,0
25205.177,0,0
25100.884,0,0
24996.584,0,0
24992.277,0,0
22971.299,0,0
18363.531,0,0
12743.886,1,1
6381.773,1,1
3920.285,0,0
4929.796,0,0
5941.018,0,0
6976.928,0,0
5920.535,0,0
2836.419,0,0
0.0,1,1
0.0,1,1
0.0,1,1
0.0,1,1
0.0,1,1
0.0,1,1
0.0,1,1
0.0,1,1
757.319,0,0
6198.435,0,0
6619.895,0,0
1942.987,0,0
0.0,1,1
0.0,1,1
0.0,1,1
0.0,1,1
0.0,1,1
0.0,1,1
0.0,1,1
0.0,1,1
0.0,1,1
0.546,0,0
1536.029,0,0
1077.432,0,0
46.874,0,0
0.0,1,1
0.0,1,1
2050.566,0,0
4033.891,0,0
5612.94,0,0
4736.808,0,0
1927.504,0,0
0.0,1,1
0.0,1,1
0.0,1,1
1073.658,0,0
2877.051,0,0
4736.985,0,0
5245.999,0,0
4288.822,0,0
3920.623,0,0
4024.754,0,0
2570.551,0,0
0.0,1,1
0.0,1,1
0.0,0,0
0.0,0,0
0.0,0,0
0.0,0,0
2626.447,0,0
4983.393,0,0
5430.743,0,0
6527.864,0,0
8001.015,0,0
9659.37,0,0
11389.741,0,0
13291.252,0,0
15323.664,0,0
17076.323,0,0
18553.393,0,0
19335.044,0,0
19696.917,0,0
19721.262,0,0
19478.814,0,0
19665.437,0,0
19727.699,0,0
18340.6,0,0
15165.921,0,0
12081.167,0,0
9023.047,0,0
5478.699,0,0
1579.394,0,0
0.0,0,0
0.0,0,0
0.0,0,0
0.0,0,0
3345.785,0,0
8423.007,0,0
11429.918,0,0
12275.544,0,0
13022.059,0,0
13869.466,0,0
13760.204,0,0
12692.805,0,0
11724.338,0,0
10654.802,0,0
11202.19,0,0
13169.677,0,0
14948.249,0,0
16476.348,0,0
16171.049,1,1
13929.245,1,1
11532.219,1,1
8841.0,1,1
8302.69,1,1
9819.8,1,1
11238.428,1,1
12640.257,1,1
13864.231,1,1
15089.808,1,1
16216.396,1,1
17176.149,1,1
16972.949,1,1
15805.403,1,1
14268.632,1,1
12730.586,1,1
11650.338,1,1
11028.461,1,1
10200.403,1,1
9427.744,1,1
11303.408,1,1
15269.187,1,1
18535.534,0,0
21055.087,0,0
22172.519,0,0
22644.039,0,0
22767.873,0,0
22769.263,0,0
22491.679,0,0
22196.762,0,0
21847.744,0,0
21379.645,0,0
20825.451,0,0
20297.242,0,0
20054.17,0,0
20465.985,0,0
21347.873,0,0
22601.265,0,0
23031.417,0,0
22158.146,0,0
20317.074,0,0
17727.041,0,0
16763.227,1,1
17361.337,1,1
18881.733,0,0
21200.581,0,0
23151.585,0,0
24853.624,0,0
26120.691,0,0
27332.182,0,0
27942.414,0,0
28020.688,0,0
27748.375,0,0
26925.903,0,0
26301.971,0,0
25522.158,0,0
25389.177,0,0
25823.931,0,0
26527.055,0,0
27325.087,0,0
27918.37,0,0
28315.001,0,0
28876.393,0,0
29699.479,0,0
30727.351,0,0
30755.052,0,0
30689.29,0,0
30588.096,0,0
30153.198,0,0
29453.059,0,0
29949.523,0,0
31136.171,0,0
31518.859,0,0
31186.658,0,0
30954.387,0,0
30722.046,0,0
30240.934,0,0
29390.854,0,0
28520.324,0,0
27497.809,0,0
26938.731,0,0
26837.737,0,0
26736.741,0,0
26635.745,0,0
26534.749,0,0
26433.752,0,0
26332.754,0,0
26231.756,0,0
26483.969,0,0
27080.477,0,0
27496.82,0,0
27913.437,0,0
27564.723,0,0
26650.309,0,0
25635.674,0,0
24673.037,0,0
23599.89,0,0
22720.432,0,0
21604.951,0,0
20095.075,0,0
19189.285,0,0
18887.954,0,0
18586.623,0,0
18285.291,0,0
17827.909,0,0
17114.409,0,0
16464.201,0,0
15547.389,0,0
13476.776,1,1
10008.758,1,1
5909.936,1,1
2020.147,1,1
168.564,1,1
166.396,1,1
264.227,1,1
262.058,1,1
1898.182,1,1
5096.051,1,1
8327.184,1,1
11652.278,1,1
14214.985,0,0
16522.44,0,0
18328.078,0,0
20067.137,0,0
20970.634,0,0
21063.378,0,0
21122.29,0,0
21048.527,0,0
20969.036,0,0
20786.451,0,0
20045.511,0,0
18941.011,0,0
17906.897,0,0
16894.988,0,0
17523.832,0,0
19647.195,0,0
21893.398,0,0
23724.031,0,0
24170.484,0,0
22374.919,0,0
19555.978,0,0
16575.231,0,0
16086.278,0,0
18322.307,0,0
20872.933,0,0
22934.999,0,0
23551.004,0,0
22475.022,0,0
19714.899,0,0
17025.142,0,0
17305.788,0,0
20339.438,0,0
23347.868,0,0
24910.475,0,0
25003.312,0,0
24996.616,0,0
24786.814,0,0
24134.086,0,0
22766.62,0,0
19773.515,0,0
17378.446,0,0
16117.416,0,0
15371.558,0,0
14723.613,0,0
14666.337,0,0
14541.703,0,0
13580.717,1,1
12645.944,1,1
13909.989,1,1
17203.793,0,0
19943.773,0,0
22592.531,0,0
23814.06,0,0
24142.464,0,0
24571.416,0,0
25000.918,0,0
24292.784,0,0
22545.522,0,0
20635.349,0,0
18233.176,0,0
15840.558,0,0
12747.131,1,1
9744.585,1,1
6870.56,1,1
5947.048,1,1
6954.094,1,1
7962.412,1,1
8994.846,1,1
10616.434,1,1
12784.61,1,1
14763.183,0,0
16490.777,0,0
17874.792,0,0
18724.171,0,0
19412.109,0,0
20101.145,0,0
20855.144,0,0
21381.008,0,0
21643.888,0,0
21907.465,0,0
22278.073,0,0
22665.932,0,0
23035.102,0,0
23266.041,0,0
23481.816,0,0
23647.881,0,0
23814.028,0,0
23980.257,0,0
24146.568,0,0
24312.962,0,0
24479.439,0,0
24645.999,0,0
24762.058,0,0
25027.333,0,0
25192.315,0,0
25339.912,0,0
24773.421,0,0
23630.346,0,0
22291.517,0,0
20768.669,0,0
19915.83,0,0
19747.311,0,0
19267.337,0,0
18322.659,0,0
16706.76,0,0
14475.92,0,0
12769.905,1,1
11751.867,1,1
10356.374,1,1
8608.757,1,1
7586.679,1,1
7646.54,1,1
8039.535,1,1
8478.688,1,1
8871.434,1,1
8774.139,1,1
8635.399,1,1
8258.667,1,1
8298.595,1,1
8664.426,1,1
8879.613,1,1
9042.06,1,1
9272.921,1,1
9574.15,1,1
9451.371,1,1
8656.548,1,1
8859.497,1,1
10028.389,1,1
11479.344,1,1
13309.641,1,1
14327.623,0,0
14897.422,0,0
15524.805,0,0
16336.563,0,0
16717.673,0,0
16936.061,0,0
17872.778,0,0
19529.911,0,0
21948.507,0,0
24507.569,0,0
26229.98,0,0
27363.752,0,0
28679.772,0,0
29761.944,0,0
29934.221,0,0
29681.306,0,0
29428.075,0,0
29174.526,0,0
28972.118,0,0
29021.32,0,0
28970.832,0,0
29020.654,0,0
29021.484,0,0
29173.48,0,0
29224.4,0,0
29286.279,0,0
29199.514,0,0
29063.951,0,0
28928.523,0,0
28693.23,0,0
28510.474,0,0
28179.761,0,0
27713.394,0,0
27252.839,0,0
26771.291,0,0
26369.362,0,0
25967.43,0,0
25465.493,0,0
25369.84,0,0
25481.126,0,0
25552.68,0,0
25517.166,0,0
25449.328,0,0
25148.742,0,0
24948.156,0,0
24647.567,0,0
24230.115,0,0
23495.104,0,0
22517.857,0,0
21637.514,0,0
21430.18,0,0
21997.759,0,0
22466.427,0,0
23036.186,0,0
23438.064,0,0
23906.62,0,0
24275.755,0,0
24700.335,0,0
25014.292,0,0
25277.447,0,0
25541.68,0,0
25705.618,0,0
25657.086,0,0
25072.906,0,0
24292.665,0,0
23293.047,0,0
21727.581,0,0
19143.441,0,0
17092.581,0,0
16231.992,0,0
15322.573,0,0
14257.109,0,0
13073.746,0,0
11855.96,0,0
10723.431,0,0
9556.204,1,1
8521.628,1,1
7821.932,1,1
7044.907,1,1
6074.503,1,1
5335.201,1,1
5171.075,1,1
4795.295,1,1
4203.895,1,1
3637.647,1,1
3335.361,1,1
2539.225,1,1
1015.672,1,1
0.0,1,1
0.0,1,1
0.0,1,1
0.0,1,1
0.0,1,1
0.0,1,1
0.0,1,1
0.0,1,1
1967.866,1,1
4665.122,1,1
7597.651,1,1
10584.677,0,0
12995.094,0,0
15416.147,0,0
17226.503,0,0
18591.659,0,0
20416.522,0,0
22480.068,0,0
23702.2,0,0
24454.621,0,0
25471.93,0,0
26353.365,0,0
27012.885,0,0
27505.263,0,0
28063.271,0,0
28521.865,0,0
29183.894,0,0
29854.962,0,0
30341.248,0,0
30700.953,0,0
30698.178,0,0
30186.234,0,0
29755.937,0,0
29225.291,0,0
28829.512,0,0
28731.85,0,0
28523.427,0,0
28388.985,0,0
28188.446,0,0
27921.714,0,0
27628.771,0,0
27424.851,0,0
26943.218,0,0
26183.735,0,0
25423.976,0,0
24763.941,0,0
24463.113,0,0
24521.769,0,0
24680.517,0,0
24839.357,0,0
24639.149,0,0
24079.792,0,0
23520.388,0,0
22960.939,0,0
22271.678,0,0
21471.401,0,0
20561.643,0,0
19751.634,0,0
19416.325,0,0
19834.332,0,0
20159.624,0,0
20484.992,0,0
20839.323,0,0
21222.638,0,0
21506.054,0,0
21823.146,0,0
21844.878,0,0
21485.352,0,0
20987.9,0,0
20590.359,0,0
19504.132,0,0
16859.893,0,0
13462.882,1,1
9689.787,1,1
6690.275,1,1
5205.439,1,1
3702.949,1,1
2206.574,1,1
2113.704,1,1
3518.556,1,1
3861.775,1,1
3109.614,1,1
3.265,1,1
0.0,1,1
0.0,1,1
0.0,1,1
0.0,1,1
1695.68,1,1
7703.092,1,1
11572.715,1,1
13386.464,1,1
13686.811,1,1
15226.791,0,0
17561.681,0,0
18727.553,0,0
18725.964,0,0
17535.135,0,0
15172.463,0,0
12848.294,1,1
10784.474,1,1
11130.169,1,1
13767.307,1,1
15462.737,0,0
16155.534,0,0
16721.404,0,0
16937.404,0,0
17478.96,0,0
18257.802,0,0
20190.479,0,0
22987.274,0,0
25536.138,0,0
27643.571,0,0
28807.016,0,0
29076.453,0,0
28574.092,0,0
27104.694,0,0
25335.542,0,0
22675.622,0,0
20841.191,0,0
20736.625,0,0
20632.056,0,0
20627.483,0,0
21217.101,0,0
22462.761,0,0
23297.941,0,0
24234.115,0,0
23778.218,0,0
22128.421,0,0
20014.689,0,0
17608.971,0,0
16352.427,0,0
16146.57,0,0
15940.707,0,0
15834.84,0,0
16615.511,0,0
18384.124,0,0
20154.603,0,0
21409.59,0,0
22415.796,0,0
23059.694,0,0
23369.439,0,0
23502.146,0,0
23306.131,1,1
22680.638,1,1
22154.695,1,1
21435.866,1,1
21466.638,1,1
21970.797,1,1
22475.954,1,1
22972.887,1,1
22673.945,1,1
21449.846,1,1
20324.599,1,1
18517.149,1,1
18991.504,1,1
20875.573,1,1
22276.879,1,1
23310.746,1,1
23844.783,1,1
23978.15,1,1
24211.708,1,1
24345.457,0,0
24445.219,0,0
24510.725,0,0
24576.063,0,0
24641.232,0,0
24481.329,0,0
24073.635,1,1
23545.812,1,1
22992.984,1,1
23077.859,1,1
23700.883,1,1
24299.61,0,0
24878.443,0,0
25410.564,0,0
25596.323,0,0
25910.572,0,0
26145.425,0,0
26797.194,0,0
27665.203,0,0
28333.45,0,0
28909.698,0,0
29260.626,0,0
29586.896,0,0
29632.531,0,0
29190.014,0,0
28923.562,0,0
28837.076,0,0
28913.552,0,0
28856.0,0,0
28482.695,0,0
27802.129,0,0
27854.715,0,0
28637.812,0,0
29047.599,0,0
29086.085,0,0
29307.233,0,0
29908.682,0,0
30472.631,0,0
31096.813,0,0
31026.437,0,0
30467.479,0,0
30070.589,0,0
29836.961,0,0
30026.489,0,0
30438.089,0,0
30800.255,0,0
31113.491,0,0
31462.46,0,0
31648.131,0,0
31956.688,0,0
32064.96,0,0
31964.946,0,0
31898.549,0,0
31800.0,0,0
31600.0,0,0
31500.0,0,0
31300.0,0,0
31100.0,0,0
31000.0,0,0
30800.0,0,0
30600.0,0,0
30500.0,0,0
30400.0,0,0
30300.0,0,0
30200.0,0,0
30100.0,0,0
30100.0,0,0
30000.0,0,0
29900.0,0,0
29700.0,0,0
29600.0,0,0
29500.0,0,0
29400.0,0,0
29100.0,0,0
28700.0,0,0
28200.0,0,0
27800.0,0,0
27500.0,0,0
27400.0,0,0
27300.0,0,0
27200.0,0,0
27000.0,0,0
26600.0,1,1
26300.0,1,1
25900.0,1,1
25600.0,1,1
25300.0,1,1
25000.0,1,1
24700.0,1,1
24600.0,1,1
24600.0,1,1
24700.0,1,1
24700.0,1,1
24800.0,1,1
25000.0,1,1
25300.0,1,1
25500.0,1,1
25900.0,1,1
26400.0,1,1
26800.0,0,0
27300.0,0,0
27461.18,0,0
27164.265,0,0
26859.952,0,0
26652.264,1,1
26244.4,1,1
25634.244,1,1
25505.423,1,1
25859.742,1,1
26361.146,1,1
26909.078,0,0
27180.321,0,0
27276.853,0,0
27549.246,0,0
28098.053,0,0
28216.553,0,0
27895.997,0,0
27606.05,0,0
27351.655,0,0
27392.634,0,0
27729.271,0,0
27944.6,0,0
27837.754,0,0
27894.937,0,0
28116.367,0,0
28221.356,0,0
28109.945,0,0
28388.45,0,0
28857.874,0,0
28950.331,0,0
28565.477,0,0
28588.058,0,0
29013.922,0,0
29537.863,0,0
30251.885,0,0
30146.042,0,0
29235.014,0,0
28527.256,0,0
28230.87,0,0
28203.285,0,0
28544.468,0,0
28995.94,0,0
29458.891,0,0
29904.989,0,0
30334.225,0,0
30819.256,0,0
31260.297,0,0
31892.292,0,0
32706.383,0,0
33000.0,0,0
33000.0,0,0
33000.0,0,0
33000.0,0,0
32800.0,0,0
32600.0,0,0
32300.0,0,0
32000.0,0,0
31800.0,0,0
31700.0,0,0
31600.0,0,0
31400.0,0,0
31300.0,0,0
30964.394,0,0
30668.665,0,0
30287.659,0,0
29924.671,0,0
29855.206,0,0
29785.672,0,0
29621.008,0,0
29121.055,0,0
28285.839,0,0
27255.654,0,0
26325.537,1,0
25614.04,0,0
25321.113,0,0
24875.208,0,0
24418.548,0,0
24167.808,0,0
24322.988,0,0
24358.375,0,0
24386.208,0,0
24053.701,0,0
23526.113,0,0
22869.663,0,0
22213.292,1,1
21885.136,1,1
21885.136,1,1
21885.136,1,1
21885.136,1,1
22164.109,1,1
22622.055,1,1
23123.844,0,0
23481.742,0,0
23760.691,0,0
23960.691,0,0
24160.691,0,0
24360.691,0,0
24143.121,0,0
23592.437,0,0
22800.992,1,1
22005.003,1,1
20905.974,1,1
19644.201,1,1
19215.455,1,1
19894.319,1,1
20617.85,1,1
21562.713,1,1
22196.003,1,1
22342.949,1,1
22433.773,1,1
22303.623,1,1
22317.732,1,1
22809.179,1,1
23233.074,0,0
23637.876,0,0
23661.365,0,0
23299.623,0,0
22869.57,1,1
22351.757,1,1
22742.376,1,1
24277.729,0,0
25539.287,0,0
26645.214,0,0
26944.018,0,0
26407.139,0,0
25688.173,0,0
24844.115,0,0
24587.626,0,0
24909.969,0,0
25254.017,0,0
25474.069,0,0
25569.923,0,0
25344.163,0,0
25335.856,0,0
25274.852,0,0
25468.996,0,0
25604.16,0,0
25541.202,0,0
25578.407,0,0
26091.423,0,0
26936.679,0,0
27508.044,0,0
28120.914,0,0
28915.68,0,0
29709.54,0,0
29960.691,0,0
29753.901,0,0
29547.104,0,0
29340.302,0,0
29216.654,0,0
28992.022,0,0
28698.875,0,0
28305.596,0,0
28076.539,0,0
28011.764,0,0
27846.934,0,0
27682.047,0,0
27468.775,0,0
27236.53,0,0
26884.499,0,0
26632.295,0,0
26531.571,0,0
26582.621,0,0
26733.887,0,0
26865.704,0,0
26610.844,0,0
26239.952,0,0
25769.149,0,0
25298.435,0,0
25063.019,0,0
24862.833,0,0
24762.648,0,0
24662.462,0,0
24675.8,0,0
24697.91,0,0
24545.464,0,0
24393.059,0,0
24216.854,0,0
24016.818,0,0
23916.782,0,0
23716.746,0,0
23606.479,0,0
23485.969,0,0
23365.445,0,0
23244.907,0,0
23251.68,0,0
23285.796,0,0
23319.941,0,0
23354.117,0,0
23457.519,0,0
23630.109,0,0
23802.674,0,0
24075.216,0,0
24121.439,0,0
24234.065,0,0
24243.601,0,0
24251.454,0,0
23584.09,0,0
22204.832,1,1
21329.005,1,1
21171.71,1,1
20498.216,1,1
19465.808,1,1
19491.198,1,1
20843.07,1,1
22057.798,1,1
22956.727,0,0
23287.33,0,0
22994.175,0,0
22880.875,0,0
22957.895,0,0
22928.112,0,0
22791.192,1,1
22680.262,1,1
22695.616,1,1
22609.056,1,1
22601.272,1,1
22360.237,1,1
21989.257,1,1
21767.711,1,1
21696.611,1,1
21155.353,1,1
20253.011,1,1
20195.906,1,1
21072.879,1,1
21928.699,1,1
22656.977,1,1
22932.424,0,1
22869.775,1,1
22971.259,0,0
23179.843,0,0
23506.451,0,0
23595.843,0,0
23621.758,0,0
23952.577,0,0
24435.346,0,0
25002.072,0,0
25527.423,0,0
25964.934,0,0
27034.702,0,0
28269.545,0,0
28600.0,0,0
28500.0,0,0
28400.0,0,0
28300.0,0,0
28200.0,0,0
28000.0,0,0
27900.0,0,0
27700.0,0,0
27600.0,0,0
27500.0,0,0
27378.284,0,0
27237.633,0,0
27080.028,0,0
27005.461,0,0
26580.159,0,0
26224.3,0,0
26078.581,0,0
26043.113,0,0
26007.667,0,0
26072.243,0,0
25758.803,0,0
25032.653,0,0
24278.099,0,0
23423.389,0,0
23046.469,0,0
22947.459,0,0
22848.448,0,0
22849.437,0,0
22775.757,0,0
22627.388,0,0
22578.992,0,0
22530.571,0,0
22648.145,0,0
22771.993,0,0
22895.784,0,0
23001.842,0,0
23035.774,0,0
23035.774,0,0
23135.774,0,0
23135.774,0,0
23145.957,0,0
23166.321,0,0
23286.682,0,0
23307.039,0,0
23510.438,0,0
23996.883,0,0
24383.331,0,0
24869.781,0,0
24922.184,0,0
24526.632,0,0
24091.785,0,0
23553.532,0,0
22573.448,0,0
21117.302,0,0
20120.524,0,0
19384.866,0,0
19451.063,0,0
20418.093,0,0
20967.29,0,0
20958.737,0,0
20739.553,0,0
20193.554,0,0
20162.004,0,0
20809.688,0,0
21900.984,0,0
23426.063,0,0
23595.319,0,0
22232.995,0,0
21125.657,0,0
20290.186,0,0
19940.043,0,0
19991.925,0,0
19082.497,0,0
17172.262,0,0
16742.001,0,0
17713.178,0,0
18434.67,0,0
18808.499,0,0
18860.702,0,0
18501.109,0,0
17839.4,0,0
16675.078,1,1
15773.576,1,1
14536.672,1,1
14015.061,1,1
14172.514,1,1
13999.378,1,1
13658.526,1,1
12849.844,1,1
11675.79,1,1
10162.775,1,1
8512.763,1,1
9492.016,1,1
13115.638,1,1
16553.028,1,1
20138.169,0,0
21594.919,0,0
21590.984,0,0
21487.045,0,0
21383.102,0,0
20786.387,0,0
19368.001,0,0
17885.999,0,0
16402.818,1,1
15952.79,1,1
16437.239,1,1
17022.273,0,0
17507.892,0,0
17302.909,0,0
16506.348,1,1
15709.071,1,1
14911.077,1,1
14705.096,1,1
15292.106,1,1
15779.706,1,1
16367.896,1,1
16856.25,0,0
17244.857,0,0
17634.174,0,0
17762.713,0,0
17807.078,0,0
17602.382,0,0
17397.68,0,0
17292.972,0,0
17673.972,0,0
18642.098,0,0
19551.196,0,0
19908.36,0,0
20397.406,0,0
20762.73,0,0
21016.999,0,0
21271.897,0,0
21322.988,0,0
21169.637,0,0
21016.072,0,0
20862.295,0,0
20833.743,0,0
21030.472,0,0
21127.056,0,0
21323.496,0,0
21150.413,0,0
20401.503,0,0
19631.537,0,0
18032.093,0,0
16670.373,0,0
15413.554,0,0
13576.526,0,0
11380.713,0,0
10132.49,0,0
10073.61,0,0
9780.492,1,1
9397.526,1,1
9545.91,1,1
10291.952,0,0
10312.771,0,0
9191.086,1,1
7772.283,1,1
6086.571,1,1
5668.21,1,1
6985.238,1,1
8287.038,1,1
9628.649,1,1
10272.687,0,0
10064.502,0,0
9136.396,1,1
7397.615,1,1
6917.265,1,1
7181.104,1,1
8106.315,1,1
10009.082,0,0
10740.729,0,0
10349.192,0,0
9421.432,1,1
7753.759,1,1
7015.935,1,1
7040.479,1,1
6539.216,1,1
5232.05,1,1
4771.032,1,1
5184.531,1,1
7746.599,1,1
12303.074,0,0
15150.509,0,0
17197.033,0,0
17897.556,0,0
18415.446,0,0
20042.626,0,0
22116.596,0,0
23775.217,0,0
25182.832,0,0
26639.581,0,0
27903.554,0,0
28571.59,0,0
28570.359,0,0
28669.23,0,0
28768.202,0,0
29117.684,0,0
29481.957,0,0
29695.777,0,0
29763.793,0,0
29624.422,0,0
29637.879,0,0
29551.35,0,0
29564.834,0,0
29358.058,0,0
29030.989,0,0
28703.892,0,0
28476.768,0,0
28153.008,0,0
27932.62,0,0
27712.214,0,0
27471.105,0,0
26944.441,0,0
26188.005,0,0
25331.2,0,0
24376.314,0,0
24023.902,0,0
24176.12,0,0
24428.512,0,0
24561.338,0,0
24653.249,0,0
24775.286,0,0
24738.56,0,0
24527.072,0,0
24288.375,0,0
24200.0,0,0
24000.0,0,0
23900.0,0,0
23800.0,0,0
23643.988,0,0
23434.719,0,0
23059.848,0,0
22731.505,0,0
22896.516,0,0
22961.56,0,0
23026.639,0,0
23126.464,0,0
23260.977,0,0
23395.444,0,0
23529.866,0,0
23272.788,0,0
22455.866,0,0
21572.326,0,0
20906.065,0,0
20225.433,0,0
19497.522,0,0
18639.003,0,0
17639.783,0,0
17686.688,0,0
17792.473,0,0
18090.459,0,0
17644.734,0,0
16087.018,0,0
13345.772,1,1
11506.101,1,1
10420.684,1,1
9788.95,1,1
9577.694,1,1
9994.253,1,1
11256.278,1,1
12174.774,1,1
12705.415,1,1
12845.398,1,1
12749.043,1,1
13285.171,1,1
14346.392,1,1
15602.321,1,1
16689.44,0,0
16337.259,0,0
13965.396,1,1
12302.502,1,1
10991.582,1,1
10632.724,1,1
11620.458,1,1
12117.767,1,1
12131.244,1,1
13176.864,1,1
15353.178,1,1
16970.608,0,0
18161.709,0,0
18907.352,0,0
18906.661,0,0
19016.536,0,0
19336.199,0,0
18781.718,0,0
17352.865,0,0
16193.223,0,0
14861.779,1,0
15603.338,0,0
18152.835,0,0
20390.429,0,0
22317.628,0,0
24212.363,0,0
25677.569,0,0
26818.28,0,0
27553.966,0,0
27605.314,0,0
27000.437,0,0
26212.139,0,0
25285.505,0,0
25013.407,0,0
25395.74,0,0
25678.073,0,0
26023.69,0,0
26327.045,0,0
26680.843,0,0
27034.563,0,0
27260.141,0,0
27092.504,0,0
26366.242,0,0
25633.165,0,0
24780.433,0,0
24430.123,0,0
24682.203,0,0
24834.24,0,0
24966.583,0,0
24866.73,0,0
24334.769,0,0
23783.248,0,0
23231.813,0,0
22981.718,0,0
22932.878,0,0
22884.013,0,0
22835.121,0,0
22861.044,0,0
22961.788,0,0
22951.91,0,0
23016.546,0,0
23016.639,0,0
22952.206,0,0
22862.32,0,0
22861.85,0,0
22911.681,0,0
23011.8,0,0
23211.919,0,0
23312.038,0,0
23153.812,0,0
22598.003,0,0
22027.53,0,0
21450.299,0,0
21851.897,0,0
23129.001,0,0
24046.452,0,0
24705.844,0,0
25657.559,0,0
26567.125,0,0
27067.038,0,0
26466.009,0,0
25103.424,0,0
23888.363,0,0
23829.676,0,0
24862.824,0,0
25647.501,0,0
25820.903,0,0
25554.292,0,0
24615.169,0,0
24308.124,0,0
24525.464,0,0
24567.946,0,0
24035.047,0,0
23174.705,0,0
22297.551,0,0
20881.641,0,0
19206.57,0,0
16602.259,1,1
12282.682,1,1
10216.212,1,1
9582.563,1,1
11364.047,1,1
15555.458,1,1
18211.125,1,1
20130.777,0,0
21053.743,0,0
21845.95,0,0
22462.553,0,0
23154.473,0,0
23503.423,0,0
23616.871,0,0
24102.568,0,0
24684.558,0,0
25081.159,0,0
25335.75,0,0
25797.18,0,0
26294.048,0,0
24392.381,0,0
19469.23,0,0
13272.461,1,1
6909.834,1,1
4536.251,1,1
5802.912,1,1
7061.999,1,1
8422.408,1,1
11095.856,1,1
15130.768,1,1
18797.425,1,1
22063.042,0,0
22574.285,0,0
21058.32,0,0
19138.085,1,1
17216.387,1,1
16595.839,1,1
17177.975,1,1
17860.693,1,1
18443.992,1,1
18827.873,1,1
19012.337,1,1
19197.386,0,0
19222.736,0,0
19845.165,0,0
21100.636,0,0
22098.243,0,0
22748.245,0,0
23159.522,0,0
23131.707,0,0
23204.171,0,0
23212.803,0,0
23563.298,0,0
24219.102,0,0
24598.316,0,0
24756.757,0,0
24587.096,0,0
24426.182,0,0
24142.522,0,0
23651.704,0,0
23505.977,0,0
23505.567,0,0
23605.156,0,0
23704.745,0,0
23771.957,0,0
23806.742,0,0
23941.46,0,0
23976.11,0,0
23832.696,0,0
23023.081,0,0
21803.526,0,0
21186.783,0,0
20722.143,0,0
20186.478,0,0
19585.462,0,0
18699.167,0,0
17818.807,1,1
17230.962,1,1
16860.976,1,1
16671.893,1,1
16518.283,1,1
16202.372,1,1
15944.462,1,1
15520.857,1,1
15153.738,1,1
14648.67,1,1
14361.177,1,1
14171.238,1,1
13944.325,1,1
13479.926,1,1
13790.289,1,1
15106.099,1,1
16198.161,1,1
17059.695,1,1
17660.22,1,1
18212.172,1,1
18793.701,0,0
19560.295,0,0
19443.432,0,0
18608.984,1,1
17965.145,1,1
17595.709,1,1
17856.96,1,1
18654.783,0,0
19511.147,0,0
20305.799,0,0
21610.376,0,0
23024.652,0,0
23875.113,0,0
24204.761,0,0
26316.463,0,0
29156.352,0,0
30303.646,0,0
30584.675,0,0
30990.792,0,0
31510.777,0,0
31700.0,0,0
31600.0,0,0
31500.0,0,0
31400.0,0,0
31300.0,0,0
31100.0,0,0
30900.0,0,0
30700.0,0,0
30500.0,0,0
30400.0,0,0
30300.0,0,0
30100.0,0,0
30000.0,0,0
30000.0,0,0
29900.0,0,0
29900.0,0,0
29800.0,0,0
29600.0,0,0
29500.0,0,0
29300.0,0,0
28900.0,0,0
28300.0,0,0
27700.0,0,0
27100.0,0,0
26800.0,0,0
26700.0,0,0
26700.0,0,0
26600.0,0,0
26400.0,0,0
26100.0,0,0
25900.0,0,0
25600.0,0,0
25388.318,0,0
25112.887,0,0
24837.271,0,0
24536.838,0,0
24075.302,0,0
23612.958,0,0
23104.277,0,0
22437.58,0,0
22203.655,0,0
22403.656,0,0
22503.904,0,0
22604.4,0,0
22753.567,0,0
22951.215,0,0
23148.857,0,0
23346.494,0,0
22784.58,0,0
20863.856,0,0
18272.794,0,0
14511.825,0,0
13084.675,0,0
14342.268,0,0
14340.395,0,0
13502.543,0,0
12022.788,0,0
10113.271,0,0
8522.951,0,0
7325.777,0,0
5425.294,0,0
3102.399,1,1
414.243,1,1
0.0,1,1
0.0,1,1
0.0,1,1
0.0,1,1
0.0,1,1
0.0,1,1
0.0,1,1
0.0,1,1
0.0,1,1
0.0,1,1
0.0,1,1
0.0,1,1
0.0,1,1
0.0,1,1
0.0,1,1
49.57,1,1
148.761,1,1
478.55,1,1
1040.489,1,1
1894.971,1,1
2960.618,1,1
3431.095,1,1
3508.039,0,0
4432.13,0,0
5983.258,0,0
9386.161,0,0
14064.495,0,0
18232.425,0,0
21598.121,0,0
23649.549,0,0
24455.274,0,0
25570.191,0,0
26344.205,0,0
27007.634,0,0
27387.124,0,0
27733.272,0,0
28080.36,0,0
28221.752,0,0
28147.964,0,0
28046.364,0,0
28044.95,0,0
27943.724,0,0
27942.685,0,0
27941.835,0,0
27941.174,0,0
28067.649,0,0
28321.577,0,0
28656.292,0,0
28783.744,0,0
28731.904,0,0
28600.287,0,0
28368.417,0,0
28092.127,0,0
27690.87,0,0
27265.151,0,0
26795.473,0,0
26326.047,0,0
26091.215,0,0
26090.79,0,0
25990.363,0,0
25989.937,0,0
25822.421,0,0
25587.884,0,0
25253.441,0,0
25019.089,0,0
24967.537,0,0
24993.935,0,0
24942.396,0,0
24790.916,0,0
24783.899,0,0
24721.241,0,0
24532.324,0,0
24233.141,0,0
24149.599,0,0
24282.119,0,0
24414.827,0,0
24547.723,0,0
24714.153,0,0
24813.975,0,0
25013.797,0,0
25213.619,0,0
24861.327,0,0
23921.667,0,0
22614.998,0,0
20916.734,0,0
19734.578,0,0
19315.258,0,0
18230.064,0,0
16894.74,0,0
15831.817,0,0
14903.491,0,0
14108.664,0,0
13223.945,0,0
12299.166,1,1
11238.133,1,1
10560.207,1,1
10336.349,1,1
10095.092,1,1
9925.747,1,1
9605.661,1,1
9292.26,1,1
8859.51,1,1
8413.509,1,1
8594.144,1,1
9204.704,1,1
9745.403,1,1
10015.892,1,1
10501.378,1,1
11293.135,1,1
11812.923,1,1
12142.819,1,1
12508.743,1,1
12744.967,1,1
13004.661,0,0
13207.203,0,0
14162.991,0,0
15566.14,0,0
17048.651,0,0
18567.821,0,0
19828.524,0,0
20941.11,0,0
22235.776,0,0
23553.769,0,0
25302.405,0,0
27154.935,0,0
28285.883,0,0
28969.478,0,0
29959.441,0,0
30855.644,0,0
31100.0,0,0
30900.0,0,0
30800.0,0,0
30600.0,0,0
30500.0,0,0
30400.0,0,0
30268.014,0,0
30133.973,0,0
29886.26,0,0
29724.849,0,0
29439.687,0,0
28946.389,0,0
28587.467,0,0
28018.559,0,0
27255.952,0,0
26517.294,0,0
25300.527,0,0
23359.076,0,0
20757.443,0,0
17390.956,0,0
12970.54,1,1
7564.596,1,1
2386.778,1,1
0.0,1,1
0.0,1,1
0.0,1,1
0.0,1,1
0.0,1,1
0.0,1,1
0.0,1,1
0.0,1,1
0.0,1,1
0.0,1,1
0.0,1,1
0.0,1,1
0.0,1,1
0.0,1,1
0.0,1,1
0.0,1,1
0.0,1,1
725.487,0,0
193.048,0,0
0.0,1,1
0.0,1,1
0.0,1,1
0.0,1,1
0.0,1,1
0.0,1,1
0.0,1,1
0.0,1,1
0.0,0,0
0.0,0,0
0.0,0,0
0.0,0,0
0.0,0,0
0.0,0,0
0.0,0,0
0.0,0,0
0.0,0,0
0.0,0,0
0.0,0,0
0.0,0,0
0.0,0,0
0.0,0,0
0.0,0,0
0.0,0,0
0.0,0,0
0.0,0,0
0.0,0,0
0.0,0,0
0.0,0,0
0.0,0,0
0.0,0,0
0.0,0,0
0.0,0,0
0.0,0,0
0.0,0,0
0.0,0,0
0.0,0,0
0.0,0,0
0.0,0,0
0.0,0,0
0.0,0,0
0.0,0,0
0.0,0,0
4637.84,0,0
9256.544,0,0
13223.218,0,0
15199.843,0,0
15907.626,0,0
17263.289,0,0
19043.132,0,0
20079.624,0,0
20460.97,0,0
20667.438,0,0
20899.338,0,0
21004.701,0,0
20896.735,0,0
20788.758,0,0
20680.767,0,0
19355.02,0,0
16742.433,0,0
13683.4,0,0
10619.768,0,0
9102.935,0,0
8886.277,0,0
8769.593,0,0
8652.883,0,0
10793.856,0,0
15448.742,0,0
19255.037,0,0
22396.837,0,0
23638.018,0,0
23533.818,0,0
23429.611,0,0
23225.397,0,0
22100.747,0,0
20053.512,0,0
17541.906,0,0
14837.232,0,0
13733.372,0,0
14333.9,0,0
14935.165,0,0
15537.168,0,0
14977.221,0,0
13153.644,0,0
11298.087,0,0
9275.449,0,0
6928.439,0,0
4356.228,0,0
1896.159,0,0
0.0,1,1
0.0,1,1
639.004,0,0
2260.27,0,0
3895.125,0,0
598.452,0,0
0.0,1,1
0.0,1,1
0.0,1,1
0.0,1,1
0.0,1,1
0.0,1,1
0.0,1,1
0.0,1,1
0.0,1,1
0.0,1,1
0.0,1,1
139.194,0,1
0.0,1,1
0.0,1,1
0.0,1,1
0.0,1,1
0.0,1,1
0.0,1,1
0.0,1,1
0.0,1,1
0.0,1,1
0.0,1,1
0.0,1,1
0.0,0,0
0.0,0,0
0.0,0,0
0.0,0,0
0.0,0,0
0.0,0,0
0.0,0,0
0.0,0,0
0.0,0,0
0.0,0,0
0.0,0,0
0.0,0,0
0.0,0,0
0.0,0,0
0.0,0,0
182.612,0,0
171.344,0,0
0.0,0,0
0.0,0,0
0.0,0,0
0.0,0,0
0.0,0,0
0.0,0,0
0.0,0,0
0.0,0,0
0.0,0,0
0.0,0,0
0.0,0,0
0.0,0,0
0.0,0,0
0.0,0,0
0.0,0,0
2823.816,0,0
5255.7,0,0
7949.035,0,0
10745.834,0,0
12094.695,0,0
11883.15,0,0
11771.592,0,0
11560.019,0,0
12615.955,0,0
14641.231,0,0
16670.862,0,0
18397.574,0,0
19950.0,0,0
21289.329,0,0
22219.623,0,0
23251.298,0,0
23300.51,0,0
22565.721,0,0
21830.266,0,0
20994.144,0,0
20879.665,0,0
21288.255,0,0
21798.082,0,0
22017.456,0,0
22626.87,0,0
23803.9,0,0
24727.373,0,0
25456.678,0,0
25635.63,0,0
25500.427,0,0
25408.207,0,0
25142.736,0,0
24942.653,0,0
24707.902,0,0
24399.634,0,0
24033.909,0,0
23917.097,0,0
23949.434,0,0
23981.912,0,0
23917.724,0,0
23817.627,0,0
23781.565,0,0
23648.503,0,0
23615.299,0,0
23615.382,0,0
23748.856,0,0
23882.33,0,0
24015.804,0,0
23726.305,0,0
22841.1,0,0
22033.382,0,0
21163.538,0,0
20865.179,0,0
20779.561,0,0
20482.685,0,0
19694.736,0,0
19875.368,0,0
20931.717,0,0
21382.918,0,0
20958.729,0,0
20250.845,0,0
18878.008,1,1
17508.198,1,1
16155.455,1,1
14976.598,1,1
14063.642,1,1
13496.132,1,1
13389.146,1,1
13158.84,1,1
12849.823,1,1
13538.16,1,1
14957.777,1,1
15730.846,1,1
16134.139,1,1
16358.068,1,1
16614.204,1,1
16453.851,1,1
15986.805,1,1
16193.466,1,1
17026.172,1,1
17795.674,1,1
18687.0,1,1
19076.246,1,1
19192.999,1,1
19682.913,1,1
20339.691,0,0
21316.168,0,0
22496.541,0,0
23630.816,0,0
24749.329,0,0
25858.706,0,0
26945.27,0,0
27796.715,0,0
28598.841,0,0
29674.071,0,0
30606.746,0,0
30810.407,0,0
30696.776,0,0
30483.129,0,0
30369.465,0,0
30176.187,0,0
30003.331,0,0
29830.508,0,0
29657.718,0,0
29557.693,0,0
29430.382,0,0
29403.038,0,0
29275.66,0,0
29214.081,0,0
28626.639,0,0
28069.297,0,0
27339.565,0,0
27162.128,0,0
27520.251,0,0
27779.474,0,0
28039.135,0,0
27951.795,0,0
27499.289,0,0
27012.903,0,0
26526.535,0,0
26336.751,0,0
26243.542,0,0
26150.34,0,0
26157.148,0,0
25974.318,0,0
25801.871,0,0
25729.458,0,0
25557.079,0,0
25339.752,0,0
24977.393,0,0
24614.958,0,0
24100.576,0,0
23834.115,0,0
24099.396,0,0
24207.512,0,0
24342.138,0,0
24359.426,0,0
24359.339,0,0
24259.252,0,0
24259.164,0,0
24366.093,0,0
24580.037,0,0
24793.981,0,0
25007.926,0,0
24782.944,0,0
24052.66,0,0
23279.981,0,0
22443.848,0,0
21936.68,0,0
21604.039,0,0
20959.083,0,0
19780.834,1,1
18595.537,1,1
17144.835,1,1
16835.591,1,1
17871.633,1,1
19379.178,1,1
20205.675,1,1
20066.21,1,1
18763.269,1,1
16630.859,1,1
14995.959,1,1
14345.85,1,1
14845.34,1,1
15418.057,1,1
15760.75,1,1
15857.821,1,1
15513.989,1,1
14566.016,1,1
12923.981,1,1
13811.648,1,1
17163.48,1,1
20958.406,0,0
22886.715,0,0
22658.238,0,0
21549.892,0,0
19794.252,1,1
18750.278,1,1
19021.374,1,1
20260.881,0,0
21227.304,0,0
22062.663,0,0
23063.529,0,0
24382.399,0,0
25610.698,0,0
26885.625,0,0
27653.725,0,0
28085.311,0,0
28575.525,0,0
29209.794,0,0
30215.76,0,0
31221.643,0,0
31400.0,0,0
31300.0,0,0
31100.0,0,0
30900.0,0,0
30800.0,0,0
30600.0,0,0
30400.0,0,0
30200.0,0,0
30100.0,0,0
29900.0,0,0
29800.0,0,0
29700.0,0,0
29500.0,0,0
29300.0,0,0
29067.69,0,0
28833.304,0,0
28853.878,0,0
29000.0,0,0
29000.0,0,0
29100.0,0,0
28900.0,0,0
28300.0,0,0
27800.0,0,0
27200.0,0,0
26900.0,0,0
26900.0,0,0
26800.0,0,0
26700.0,0,0
26600.0,0,0
26300.0,0,0
26000.0,0,0
25700.0,0,0
25500.0,0,0
25300.0,0,0
25100.0,0,0
24900.0,0,0
24800.0,0,0
24700.0,0,0
24600.0,0,0
24500.0,0,0
24500.0,0,0
24600.0,0,0
24700.0,0,0
24800.0,0,0
24900.0,0,0
25029.397,0,0
25078.328,0,0
25123.139,0,0
24672.19,0,0
23724.372,0,0
22907.397,0,0
22013.905,0,0
21075.343,0,0
20325.683,0,0
19679.095,0,0
18725.894,0,0
17822.238,0,0
17033.687,0,0
16274.965,0,0
15487.623,1,1
14396.067,1,1
12927.609,1,1
11924.864,1,1
11265.474,1,1
10460.26,1,1
9481.557,1,1
9172.875,1,1
9507.242,1,1
9752.056,1,1
9789.211,1,1
10221.152,1,1
11047.083,1,1
11802.1,1,1
12371.674,1,1
12813.234,1,1
13026.375,1,1
13371.809,1,1
13822.792,1,1
13748.86,1,1
13351.8,1,1
13286.71,1,1
13364.758,1,1
14275.244,1,1
15831.278,0,0
17011.68,0,0
18018.22,0,0
19673.232,0,0
21643.622,0,0
23503.056,0,0
24920.22,0,0
26162.764,0,0
27405.956,0,0
28245.143,0,0
29055.538,0,0
30059.845,0,0
30875.178,0,0
31100.0,0,0
31000.0,0,0
30900.0,0,0
30800.0,0,0
30700.0,0,0
30600.0,0,0
30400.0,0,0
30300.0,0,0
30200.0,0,0
30000.0,0,0
29900.0,0,0
29700.0,0,0
29600.0,0,0
29500.0,0,0
29400.0,0,0
29300.0,0,0
29200.0,0,0
29200.0,0,0
29100.0,0,0
29000.0,0,0
28700.0,0,0
28100.0,0,0
27600.0,0,0
27000.0,0,0
26700.0,0,0
26700.0,0,0
26700.0,0,0
26600.0,0,0
26500.0,0,0
26200.0,0,0
25900.0,0,0
25600.0,0,0
25300.0,0,0
25200.0,0,0
25000.0,0,0
24800.0,0,0
24700.0,0,0
24600.0,0,0
24600.0,0,0
24600.0,0,0
24500.0,0,0
24500.0,0,0
24400.0,0,0
24400.0,0,0
24500.0,0,0
24652.796,0,0
24639.277,0,0
24463.042,0,0
24409.438,0,0
23631.44,0,0
22403.665,0,0
21539.054,0,0
20750.818,0,0
19760.756,0,0
18811.74,0,0
17675.625,0,0
16324.9,0,0
14909.263,0,0
13892.953,0,0
13144.246,0,0
12412.49,0,0
11548.756,1,1
10976.546,1,1
10673.056,1,1
10450.897,1,1
10407.637,1,1
10262.238,1,1
9961.179,1,1
9453.414,1,1
8648.553,1,1
8863.068,1,1
10016.155,1,1
11029.748,1,1
11791.156,1,1
12228.052,1,1
12262.814,1,1
11828.265,1,1
10808.154,1,1
10197.018,1,1
9759.216,1,1
9860.767,1,1
10691.335,1,1
10923.64,1,1
10679.214,1,1
11441.026,1,1
12759.055,0,0
15150.726,0,0
17956.149,0,0
19714.286,0,0
20830.74,0,0
22275.621,0,0
24003.887,0,0
25218.226,0,0
26007.427,0,0
26983.788,0,0
28087.292,0,0
28636.837,0,0
28750.423,0,0
28854.553,0,0
28858.934,0,0
29220.933,0,0
29556.361,0,0
29818.679,0,0
30011.252,0,0
29873.608,0,0
29801.316,0,0
29729.059,0,0
29556.836,0,0
29474.208,0,0
29381.156,0,0
29288.112,0,0
29295.077,0,0
29200.0,0,0
29100.0,0,0
29000.0,0,0
28900.0,0,0
28600.0,0,0
28000.0,0,0
27500.0,0,0
26900.0,0,0
26600.0,0,0
26500.0,0,0
26400.0,0,0
26300.0,0,0
26200.0,0,0
25900.0,0,0
25600.0,0,0
25300.0,0,0
25100.0,0,0
25000.0,0,0
24800.0,0,0
24700.0,0,0
24600.0,0,0
24600.0,0,0
24600.0,0,0
24500.0,0,0
24500.0,0,0
24500.0,0,0
24500.0,0,0
24500.0,0,0
24600.0,0,0
24692.922,0,0
24564.06,0,0
24529.126,0,0
24188.804,0,0
23012.138,0,0
21866.305,0,0
21699.143,0,0
21601.709,0,0
21110.664,0,0
21004.825,0,0
21225.666,0,0
21974.499,0,0
22814.257,0,0
22679.434,0,0
21170.779,0,0
19339.775,0,0
17834.345,0,0
16771.308,1,1
16147.829,1,1
15044.131,1,1
13442.62,1,1
13005.304,1,1
13910.957,1,1
14846.172,1,1
15520.837,1,1
15434.344,1,1
14874.664,1,1
14022.645,1,1
13053.647,1,1
12570.721,1,1
12650.487,1,1
12611.486,1,1
12526.221,1,1
13309.619,1,1
14819.41,1,1
16115.229,1,1
17175.546,1,1
17505.114,1,1
17344.744,1,1
17223.975,1,1
17262.505,1,1
18179.31,0,0
19614.709,0,0
21827.277,0,0
24472.981,0,0
26324.821,0,0
27535.068,0,0
28485.758,0,0
28886.802,0,0
29743.835,0,0
30766.245,0,0
31092.674,0,0
30844.759,0,0
30596.794,0,0
30173.05,0,0
29891.176,0,0
29756.318,0,0
29621.518,0,0
29486.774,0,0
29288.445,0,0
29026.282,0,0
28763.844,0,0
28393.582,0,0
27909.507,0,0
27450.604,0,0
26991.325,0,0
26531.669,0,0
25923.535,0,0
25361.306,0,0
24698.486,0,0
24100.025,0,0
22972.5,0,0
21834.575,0,0
20695.977,0,0
19656.707,0,0
18680.352,0,0
17930.674,0,0
17015.087,1,1
16198.744,1,1
16338.166,1,1
17594.85,1,1
18438.731,0,0
19283.825,0,0
19080.637,0,0
17627.341,0,0
16172.822,1,1
14501.9,1,1
14932.744,1,1
17012.098,1,1
18930.212,0,0
20169.445,0,0
20692.865,0,0
20678.049,0,0
20563.004,0,0
20447.729,0,0
20356.386,0,0
19789.811,0,0
18776.585,0,0
17856.157,0,0
16978.529,1,1
15982.298,1,1
15338.684,1,1
15562.087,1,1
16102.562,1,1
16399.463,1,1
16305.684,1,1
15843.502,1,1
16512.047,1,1
17605.955,1,1
18800.671,0,0
20239.589,0,0
20988.389,0,0
21251.454,0,0
21041.386,0,0
20219.896,0,0
19328.654,0,0
18225.049,0,0
17211.827,1,1
15573.138,1,1
15815.05,1,1
17349.914,1,1
18305.813,0,0
18906.945,0,0
18485.153,0,0
17293.789,1,0
17710.336,0,0
19827.434,0,0
21613.769,0,0
22590.112,0,0
22799.282,0,0
22721.083,0,0
23130.877,0,0
21362.949,0,0
21194.344,0,0
20447.641,0,0
19127.464,0,0
17526.322,1,0
17787.097,0,0
19719.818,0,0
21223.848,0,0
22230.63,0,0
22838.252,0,0
23263.964,0,0
23596.965,0,0
24117.168,0,0
25155.166,0,0
26027.355,0,0
25929.236,0,0
25348.441,0,0
24867.381,0,0
24286.053,0,0
23867.975,0,0
23513.244,0,0
23058.38,0,0
22703.382,0,0
22880.963,0,0
23791.622,0,0
24702.812,0,0
25323.075,0,0
25507.138,0,0
25616.236,0,0
25625.445,0,0
25634.763,0,0
25679.252,0,0
25858.941,0,0
26038.776,0,0
26053.108,0,0
25855.035,0,0
25454.176,0,0
24953.317,0,0
24452.457,0,0
24383.407,0,0
24746.167,0,0
25008.927,0,0
25141.018,0,0
25155.37,0,0
24887.251,0,0
24719.156,0,0
24551.083,0,0
24185.08,0,0
23721.129,0,0
23257.178,1,1
22685.627,1,1
22299.788,1,1
21939.548,1,1
21679.245,1,1
21318.879,1,1
21261.52,1,1
21593.034,1,1
21795.942,1,1
21998.85,1,1
22401.758,1,1
22904.666,1,1
23382.953,1,1
23868.434,0,0
24249.984,0,0
24617.499,0,0
24874.862,0,0
25028.306,0,0
24890.858,0,0
24500.863,0,0
23627.347,0,0
22243.389,1,1
21461.083,1,1
21288.196,1,1
21721.352,1,1
22626.527,1,1
23413.716,0,0
23984.464,0,0
24382.985,0,0
24609.329,0,0
24883.662,0,0
25005.675,0,0
24790.64,0,0
24136.699,0,0
23560.301,0,0
23065.736,1,1
22840.227,1,1
22711.379,1,1
21902.5,1,1
20585.449,1,1
21307.093,1,1
24043.408,0,0
26164.234,0,0
27773.124,0,0
27883.856,0,0
26513.427,0,0
25392.92,0,0
24729.868,0,0
24413.284,0,0
24540.645,0,0
24561.279,0,0
24374.945,0,0
24532.499,0,0
24835.025,0,0
25391.479,0,0
26102.027,0,0
26867.413,0,0
27686.118,0,0
28712.058,0,0
29739.01,0,0
30615.595,0,0
31191.011,0,0
31327.306,0,0
31313.571,0,0
31199.831,0,0
31152.249,0,0
30954.079,0,0
30623.159,0,0
30292.193,0,0
29961.182,0,0
29662.894,0,0
29497.354,0,0
29231.802,0,0
29066.24,0,0
28931.591,0,0
28827.917,0,0
28824.311,0,0
28720.774,0,0
28651.774,0,0
28599.377,0,0
28513.082,0,0
28426.793,0,0
28068.006,0,0
27636.726,0,0
27100.0,0,0
26600.0,0,0
26300.0,0,0
26200.0,0,0
26200.0,0,0
26100.0,0,0
26000.0,0,0
25600.0,0,0
25300.0,0,0
25000.0,0,0
24800.0,0,0
24700.0,0,0
24600.0,0,0
24500.0,0,0
24400.0,0,0
24300.0,0,0
24200.0,0,0
24100.0,0,0
24064.121,0,0
23995.194,0,0
23926.254,0,0
23819.296,0,0
23606.856,0,0
23477.85,0,0
23257.079,0,0
22922.254,0,0
22270.046,0,0
21387.674,0,0
20453.749,0,0
19441.741,0,0
17836.039,0,0
14705.764,0,0
10417.253,0,0
5453.167,1,1
1991.919,1,1
534.7,1,1
0.0,1,1
336.024,1,1
0.0,1,1
0.0,1,1
0.0,1,1
0.0,1,1
0.0,1,1
0.0,1,1
94.583,1,1
0.0,1,1
0.0,1,1
0.0,1,1
0.0,1,1
1820.293,1,1
4492.426,1,1
6820.831,0,0
8634.637,0,0
10084.094,0,0
11718.248,0,0
13457.918,0,0
14592.72,0,0
15358.117,0,0
13740.142,0,0
9304.03,0,0
5394.865,1,1
2530.596,1,1
3342.59,1,1
7845.524,0,0
12469.887,0,0
16477.223,0,0
18535.092,0,0
18980.802,0,0
19501.394,0,0
19896.44,0,0
21067.489,0,0
22446.452,0,0
23278.68,0,0
24057.039,0,0
23982.969,0,0
23028.81,0,0
22088.707,0,0
20935.582,0,0
20206.944,0,0
20003.337,0,0
19799.729,0,0
19596.117,0,0
18265.295,0,0
15639.248,0,0
12465.846,0,0
9390.375,0,0
7672.342,0,0
7162.08,0,0
6651.533,1,1
6140.7,1,1
6335.045,1,1
7335.304,0,0
8236.261,0,0
9266.031,0,0
11618.856,0,0
15279.746,0,0
18298.68,0,0
20656.206,0,0
21806.366,1,1
21983.936,1,1
22098.938,1,1
22107.381,1,1
22010.894,1,1
21809.394,1,1
21507.893,1,1
21306.39,1,1
20999.883,1,1
20588.261,1,1
20269.804,1,1
19687.934,1,1
19903.032,1,1
20297.354,1,1
20757.043,1,1
21217.124,1,1
21675.294,1,1
22236.726,1,1
22798.482,1,1
23260.563,0,0
23591.544,0,0
24023.474,0,0
24330.809,0,0
24645.329,0,0
24579.5,0,0
24018.655,0,0
23415.986,0,0
22514.005,1,1
22207.405,1,1
22212.139,1,1
22589.61,1,1
23344.632,0,0
23779.755,0,0
24090.461,0,0
24398.454,0,0
24838.559,0,0
25560.052,0,0
26562.327,0,0
27093.009,0,0
27336.817,0,0
27339.825,0,0
27300.706,0,0
27798.81,0,0
28733.502,0,0
29810.985,0,0
30928.493,0,0
31446.851,0,0
31145.824,0,0
30684.215,0,0
30222.39,0,0
29862.481,0,0
29505.222,0,0
28850.271,0,0
27770.838,0,0
27290.897,0,0
27310.177,0,0
27373.545,0,0
27470.301,0,0
27312.642,0,0
27068.91,0,0
27165.964,0,0
27603.19,0,0
28094.002,0,0
28438.878,0,0
28687.847,0,0
28838.73,0,0
28850.956,0,0
28828.936,0,0
28505.407,0,0
28179.134,0,0
27830.136,0,0
27267.309,0,0
27189.0,0,0
27499.214,0,0
27718.11,0,0
27937.153,0,0
28401.113,0,0
29041.418,0,0
29506.652,0,0
29878.778,0,0
30057.914,0,0
30089.238,0,0
30220.63,0,0
30252.092,0,0
30119.095,0,0
29821.509,0,0
29523.819,0,0
29126.025,0,0
28811.656,0,0
28253.402,0,0
27593.338,0,0
27033.085,0,0
26199.397,0,0
24785.275,0,0
23370.831,0,0
21481.016,1,0
20925.059,0,0
21967.761,0,0
22676.652,0,0
23208.665,0,0
23711.681,0,0
24072.508,0,0
24438.833,0,0
24705.457,0,0
24755.487,0,0
24621.387,0,0
24487.323,0,0
24353.293,0,0
24352.38,0,0
24484.628,0,0
24516.969,0,0
24649.403,0,0
24682.456,0,0
24616.031,0,0
24549.571,0,0
24483.076,0,0
24583.099,0,0
24641.149,0,0
24562.628,0,0
24372.796,0,0
24132.119,0,0
23119.005,0,0
21388.464,0,0
19987.956,1,1
18996.083,1,1
18244.94,1,1
17497.248,1,1
16313.251,1,1
15546.559,1,1
15105.975,1,1
15191.989,1,1
16151.832,1,1
16943.699,1,1
17507.994,1,1
18040.034,1,1
18731.842,1,1
19755.802,1,1
20268.486,0,1
20023.643,1,1
18569.548,1,1
16664.634,1,1
15543.914,1,1
15329.2,1,1
15927.479,1,1
15803.591,1,1
14773.91,1,1
15738.797,1,1
18717.063,1,1
21848.293,0,0
23545.634,0,0
23440.27,0,0
22458.636,0,0
21436.849,0,0
21011.875,0,0
21401.415,0,0
22609.43,0,0
23490.045,0,0
24173.375,0,0
25018.713,0,0
26103.997,0,0
27106.671,0,0
28191.19,0,0
28789.679,0,0
29264.665,0,0
29651.306,0,0
29996.62,0,0
30835.224,0,0
31816.369,0,0
32227.296,0,0
32038.93,0,0
31675.928,0,0
31253.871,0,0
30939.76,0,0
30834.1,0,0
30728.675,0,0
30723.486,0,0
30669.715,0,0
30610.878,0,0
30531.253,0,0
30551.654,0,0
30458.408,0,0
30351.492,0,0
30244.57,0,0
30237.639,0,0
30161.532,0,0
30016.304,0,0
29971.142,0,0
29900.0,0,0
29400.0,0,0
28671.093,0,0
27916.066,0,0
27060.981,0,0
26470.603,0,0
25513.957,0,0
24232.396,0,0
22535.595,0,0
21385.878,0,0
21464.085,0,0
21479.157,0,0
21387.717,0,0
21396.46,0,0
21405.387,0,0
21514.497,0,0
21523.791,0,0
21422.218,0,0
21109.499,0,0
20796.594,0,0
20483.501,0,0
20270.22,0,0
20056.751,0,0
19936.36,0,0
19551.37,0,0
19969.754,0,0
20692.266,0,0
21289.791,0,0
21782.315,0,0
21472.94,0,0
20088.05,0,0
18913.979,0,0
18053.488,0,0
16716.023,0,0
14626.501,1,1
13418.985,1,1
13365.532,1,1
14607.285,1,1
14081.821,1,1
14352.025,1,1
13835.223,1,1
11537.284,1,1
7550.251,1,1
6745.51,1,1
9590.859,1,1
12171.901,1,1
12275.434,1,1
11554.169,1,1
11501.574,1,1
13622.748,1,1
17778.275,0,0
19733.125,0,0
19108.934,0,0
17330.836,0,0
14888.15,1,1
14769.399,1,1
16753.451,0,0
18435.578,0,0
19813.531,0,0
20738.743,0,0
21183.688,0,0
21708.644,0,0
22393.428,0,0
22721.458,0,0
22712.114,0,0
22120.398,0,0
21059.675,0,0
20888.431,0,0
21373.781,0,0
21529.457,0,0
21416.454,0,0
20318.894,0,0
18859.632,0,0
18897.434,0,0
19937.236,0,0
20630.651,0,0
21225.031,0,0
21823.009,0,0
22424.043,0,0
22925.321,0,0
23363.357,0,0
23413.437,0,0
23211.377,0,0
22909.315,0,0
22707.252,0,0
21812.845,0,0
19598.257,0,0
17382.563,0,0
14915.05,0,0
13960.1,1,1
14709.047,1,1
15558.291,0,0
16264.598,0,0
16161.621,0,0
15248.831,0,0
14292.349,1,1
13335.418,1,1
13457.75,1,1
14460.351,1,1
15099.543,0,0
15809.127,0,0
15507.659,1,1
13994.582,1,1
12551.139,1,1
10743.289,1,1
11070.251,1,1
13141.313,1,1
15060.928,1,1
16980.543,1,1
18651.004,0,0
20551.742,0,0
21541.003,0,0
22436.817,0,0
22669.521,0,0
22464.714,0,0
22159.907,0,0
21845.422,0,0
21845.422,0,0
22059.907,0,0
22264.714,0,0
22469.521,0,0
22800.262,0,0
23069.798,0,0
23125.994,0,0
23151.486,0,0
22570.268,0,0
21317.599,0,0
19583.914,0,0
17439.139,1,1
16455.089,1,1
17705.195,1,1
18062.13,1,1
18205.705,1,1
17768.884,1,1
16667.186,1,1
15645.671,1,1
14846.519,1,1
13048.309,1,1
10750.775,1,1
10296.172,1,1
11454.955,1,1
14329.989,1,1
18430.13,1,1
19870.322,0,0
19402.776,0,0
18650.872,0,0
17636.362,1,0
18462.685,0,0
21262.169,0,0
24146.213,0,0
26691.131,0,0
27016.78,0,0
25021.443,0,0
22329.913,0,0
19571.162,0,0
19071.05,0,0
20992.992,0,0
22225.573,0,0
22973.858,0,0
23145.154,0,0
22773.004,0,0
22684.907,0,0
22854.889,0,0
22751.572,0,0
22471.654,0,0
22376.035,0,0
22315.373,0,0
23009.097,0,0
24327.362,0,0
25125.498,0,0
25645.349,0,0
25925.227,0,0
25816.298,0,0
25137.767,0,0
24014.073,0,0
22789.024,0,0
21255.601,0,0
21150.252,0,0
22375.381,0,0
23194.478,0,0
24114.735,0,0
24761.331,0,0
24933.683,0,0
25045.295,0,0
25150.521,0,0
25255.96,0,0
25361.612,0,0
25567.479,0,0
25673.559,0,0
25463.431,0,0
24736.362,0,0
23933.434,0,0
22799.029,0,0
22495.467,0,0
23224.667,0,0
23524.016,0,0
23748.623,0,0
23969.346,0,0
24186.022,0,0
24319.142,0,0
24524.223,0,0
24504.16,0,0
24458.883,0,0
24413.828,0,0
24349.042,0,0
24097.732,0,0
23731.46,0,0
23439.18,0,0
23035.997,0,0
22784.054,0,0
22783.433,0,0
22782.812,0,0
22782.19,0,0
22881.567,0,0
23080.944,0,0
23280.321,0,0
23479.696,0,0
24157.967,0,0
25028.796,0,0
25479.815,0,0
25633.139,0,0
25504.946,0,0
24999.585,0,0
24769.251,0,0
24818.003,0,0
24572.554,0,0
24134.62,0,0
24146.191,0,0
24506.634,0,0
24882.066,0,0
25010.758,0,0
24888.859,0,0
24810.996,0,0
25297.834,0,0
25634.89,0,0
25934.459,0,0
26234.029,0,0
26923.565,0,0
27843.139,0,0
28592.01,0,0
27841.228,0,0
25977.775,0,0
24531.371,0,0
23311.178,0,0
22324.974,0,0
20284.334,0,0
17015.885,1,1
15304.676,1,1
15444.637,1,1
15150.586,1,1
14516.005,1,1
13811.954,1,1
13288.119,1,1
13106.438,1,1
13327.521,1,1
13957.432,1,1
15213.479,1,1
16127.508,1,1
16878.4,1,1
16982.588,1,1
16877.259,1,1
17204.347,1,1
18387.999,0,0
20674.649,0,0
23362.558,0,0
25110.349,0,0
26013.186,0,0
27133.309,0,0
28452.481,0,0
28777.944,0,0
28124.745,0,0
27470.783,0,0
26781.593,0,0
25367.895,0,0
23640.586,0,0
21453.924,0,0
18978.678,0,0
17386.111,1,1
16374.575,1,1
15419.006,1,1
14462.251,1,1
14251.12,1,1
14887.374,1,1
15524.79,1,1
16120.316,1,1
18558.285,0,0
22207.907,0,0
24821.538,0,0
26442.948,0,0
26855.535,0,0
26507.354,0,0
26259.385,0,0
25911.628,0,0
25610.522,0,0
25255.723,0,0
24800.68,0,0
24445.392,0,0
23964.1,0,0
23456.716,1,1
22948.967,1,1
22331.125,1,1
21711.817,1,1
21256.709,1,1
20700.973,1,1
20144.61,1,1
20040.938,1,1
20390.894,1,1
20841.469,1,1
21192.665,1,1
21596.649,1,1
22057.721,1,1
22519.433,1,1
22981.789,1,1
23612.385,1,1
24446.137,0,0
25279.949,0,0
25995.583,0,0
26028.257,0,0
25485.308,0,0
24927.745,0,0
24463.251,0,0
23808.519,1,1
22999.225,1,1
22836.658,1,1
23363.491,1,1
24601.868,0,0
25817.263,0,0
26316.278,0,0
25122.864,0,0
22471.158,1,1
20036.619,1,1
20182.169,1,1
23058.525,1,1
25168.061,0,0
26614.702,0,0
27540.941,0,0
28041.735,0,0
28857.187,0,0
29980.307,0,0
30168.839,0,0
29602.516,0,0
29102.081,0,0
28576.713,0,0
28299.513,0,0
28171.666,0,0
27750.525,0,0
26938.165,0,0
26498.686,0,0
26353.6,0,0
26135.056,0,0
25835.862,0,0
25523.261,0,0
25175.869,0,0
24990.051,0,0
24890.016,0,0
24922.876,0,0
25106.106,0,0
25397.312,0,0
25688.015,0,0
26278.069,0,0
27306.296,0,0
28067.645,0,0
28804.533,0,0
30038.551,0,0
31560.778,0,0
32156.518,0,0
32049.523,0,0
31942.521,0,0
31735.513,0,0
31635.44,0,0
31442.312,0,0
31349.19,0,0
31156.075,0,0
31059.494,0,0
30859.445,0,0
30759.395,0,0
30559.345,0,0
30355.807,0,0
30148.776,0,0
29941.739,0,0
29634.696,0,0
29441.599,0,0
29262.466,0,0
28983.353,0,0
28804.257,0,0
28383.254,0,0
27820.296,0,0
27030.477,0,0
26229.968,0,0
25412.437,0,0
24546.148,0,0
23612.46,0,0
22400.889,1,1
21345.012,1,1
20207.361,1,1
18974.249,1,1
17740.401,1,1
17438.041,1,1
18268.137,1,1
19198.783,1,1
19834.833,1,1
19918.985,1,1
19917.42,1,1
19815.853,1,1
19714.286,1,1
20034.488,1,1
20776.805,1,1
21419.582,1,1
21990.169,1,1
22561.215,1,1
23252.993,0,0
23639.524,0,0
23966.623,0,0
23967.963,0,0
23542.25,0,0
23290.549,0,0
23188.934,0,0
23165.311,1,0
23505.592,0,0
23540.883,0,0
23468.901,0,0
23366.7,0,0
23435.448,0,0
23509.212,0,0
23488.161,0,0
23452.581,0,0
23402.732,0,0
23199.958,0,0
22934.19,1,1
22906.025,1,1
23084.341,1,1
23525.953,0,0
24231.375,0,0
24640.497,0,0
24654.568,0,0
25134.516,0,0
25879.84,0,0
26456.909,0,0
26765.796,0,0
27390.569,0,0
28129.709,0,0
29147.887,0,0
30325.522,0,0
29984.669,0,0
27876.642,0,0
25500.132,0,0
22985.627,1,1
22909.258,1,1
25293.382,0,0
27354.959,0,0
28867.917,0,0
29268.729,0,0
28603.688,0,0
28117.614,0,0
27811.961,0,0
28064.774,0,0
28753.348,0,0
29273.178,0,0
29665.868,0,0
30226.607,0,0
30977.025,0,0
31209.454,0,0
30980.324,0,0
30680.48,0,0
30280.992,0,0
29981.743,0,0
29782.469,0,0
29483.193,0,0
29283.915,0,0
29150.959,0,0
29184.166,0,0
29117.161,0,0
29149.944,0,0
29165.991,0,0
29208.105,0,0
29129.034,0,0
29049.926,0,0
28943.15,0,0
28808.779,0,0
28601.425,0,0
28237.338,0,0
27707.857,0,0
26813.153,0,0
25865.602,0,0
24807.197,0,0
24051.161,0,0
23697.06,0,0
23343.18,0,0
22814.436,0,0
22920.023,0,0
23334.052,0,0
23747.461,0,0
23930.636,0,0
24006.096,0,0
24117.482,0,0
23979.044,0,0
23840.552,0,0
23791.769,0,0
23800.0,0,0
23700.0,0,0
23700.0,0,0
23800.0,0,0
23900.0,0,0
24100.0,0,0
24200.0,0,0
24473.982,0,0
24676.523,0,0
24919.348,0,0
25159.723,0,0
25035.875,0,0
24614.43,0,0
23928.256,0,0
23101.987,0,0
22050.245,0,0
20577.377,0,0
20063.231,1,1
20489.705,1,1
20623.437,0,1
20511.199,1,1
20716.451,0,0
21245.895,0,0
21720.135,0,0
22182.946,0,0
22114.473,0,0
21854.445,0,0
21297.702,0,0
20533.022,1,1
18490.645,1,1
15786.214,1,1
13944.2,1,1
13393.023,1,1
13666.817,1,1
14666.021,1,1
16737.163,1,1
19500.556,1,1
21648.043,0,0
23098.615,0,0
23556.723,0,0
23515.057,0,0
22857.624,0,0
21580.215,0,0
19771.413,1,1
16796.17,1,1
13871.341,1,1
10586.77,1,1
10164.617,1,1
12337.998,1,1
14866.605,1,1
18102.68,1,1
19609.204,1,1
19857.582,1,1
19857.444,1,1
19703.994,1,1
21065.083,0,0
23751.906,0,0
25785.099,0,0
27751.615,0,0
28593.772,0,0
28743.231,0,0
28792.792,0,0
28842.455,0,0
29017.442,0,0
29081.564,0,0
29138.461,0,0
29195.535,0,0
29172.351,0,0
29213.092,0,0
29133.273,0,0
29053.468,0,0
28933.166,0,0
28575.315,0,0
28085.134,0,0
27594.804,0,0
27217.152,0,0
27052.255,0,0
26761.841,0,0
26560.756,0,0
26034.428,0,0
25082.83,0,0
24231.128,0,0
23379.321,0,0
22827.41,0,0
22575.394,0,0
22223.273,0,0
21971.047,0,0
21614.919,0,0
20999.745,0,0
20384.283,0,0
19868.534,0,0
19667.141,0,0
19880.532,0,0
20094.21,0,0
20308.174,0,0
20589.733,0,0
20994.046,0,0
21298.638,0,0
21703.51,0,0
21870.74,0,0
22130.662,0,0
22490.765,0,0
22707.54,0,0
22769.311,0,0
22741.941,0,0
22635.959,0,0
22626.839,0,0
22247.048,0,0
21425.441,0,0
20500.928,0,0
19686.683,0,0
18609.656,0,0
17393.051,0,0
16289.804,1,1
15267.841,1,1
14592.167,1,1
14129.765,1,1
13597.861,1,1
12757.645,1,1
12263.228,1,1
12128.858,1,1
12076.305,1,1
12191.748,1,1
12707.721,1,1
13349.129,1,1
13084.258,1,1
12003.912,1,1
10320.427,1,1
8240.927,1,1
8521.949,1,1
11294.006,1,1
14005.575,1,1
16547.018,0,0
17150.899,0,0
15819.775,1,1
14421.047,1,1
12828.112,1,1
13049.721,1,1
15117.481,1,1
17006.676,0,0
18572.004,0,0
19098.599,0,0
18761.889,0,0
18660.961,0,0
18607.258,0,0
19597.25,0,0
21499.885,0,0
23206.061,0,0
24454.154,0,0
25141.468,0,0
25630.871,0,0
26182.761,0,0
26491.508,0,0
27108.925,0,0
27920.44,0,0
28200.0,0,0
28100.0,0,0
28000.0,0,0
27900.0,0,0
27800.0,0,0
27600.0,0,0
27400.0,0,0
27300.0,0,0
27200.0,0,0
27100.0,0,0
27000.0,0,0
26900.0,0,0
26900.0,0,0
26900.0,0,0
26900.0,0,0
26900.0,0,0
26900.0,0,0
26700.0,0,0
26600.0,0,0
26500.0,0,0
26200.0,0,0
25700.0,0,0
25200.0,0,0
24700.0,0,0
24400.0,0,0
24300.0,0,0
24200.0,0,0
24100.0,0,0
23900.0,0,0
23685.03,0,0
23457.861,0,0
23230.658,0,0
23017.02,0,0
23016.969,0,0
22916.919,0,0
22816.869,0,0
22716.818,0,0
22716.768,0,0
22616.717,0,0
22516.667,0,0
22409.785,0,0
22496.059,0,0
22482.316,0,0
22568.557,0,0
22473.622,0,0
22482.497,0,0
22385.203,0,0
22284.689,0,0
22069.019,0,0
21093.391,0,0
19851.477,0,0
19102.782,0,0
18365.664,0,0
17458.359,0,0
16625.514,0,0
15802.899,0,0
14786.259,1,1
13782.412,1,1
13067.246,1,1
12794.0,1,1
12541.047,1,1
12310.494,1,1
11841.468,1,1
11020.263,1,1
10032.142,1,1
8791.718,1,1
8308.797,1,1
8568.408,1,1
8602.754,1,1
8488.71,1,1
8838.772,1,1
9862.106,1,1
10782.146,1,1
11485.505,1,1
11943.651,1,1
12169.013,1,1
12060.322,1,1
11630.43,1,1
12158.802,1,1
13556.62,1,1
14806.525,0,0
15790.265,0,0
16625.764,0,0
17374.795,0,0
18426.798,0,0
19786.562,0,0
20420.105,0,0
20478.27,0,0
20530.117,0,0
20478.591,0,0
21985.065,0,0
24209.431,0,0
25316.443,0,0
25949.427,0,0
26597.431,0,0
27348.44,0,0
27700.0,0,0
27600.0,0,0
27500.0,0,0
27300.0,0,0
27200.0,0,0
27100.0,0,0
27000.0,0,0
26900.0,0,0
26800.0,0,0
26700.0,0,0
26600.0,0,0
26500.0,0,0
26400.0,0,0
26300.0,0,0
26300.0,0,0
26200.0,0,0
26100.0,0,0
26100.0,0,0
26000.0,0,0
25900.0,0,0
25800.0,0,0
25600.0,0,0
25400.0,0,0
25200.0,0,0
25000.0,0,0
24800.0,0,0
24600.0,0,0
24395.216,0,0
24164.707,0,0
23851.123,0,0
23537.525,0,0
23323.913,0,0
23130.667,0,0
23057.819,0,0
22984.998,0,0
22900.0,0,0
22800.0,0,0
22700.0,0,0
22591.782,0,0
22478.141,0,0
22454.254,0,0
22420.105,0,0
22385.92,0,0
22251.699,0,0
22302.489,0,0
22136.726,0,0
21995.082,0,0
21735.699,0,0
21238.358,0,0
20328.51,0,0
19199.971,0,0
18594.356,0,0
18095.387,0,0
17736.006,0,0
17087.26,0,0
15350.808,1,1
13421.229,1,1
10970.442,1,1
10348.58,1,1
12104.064,1,1
14429.741,1,1
15118.773,1,1
14010.679,1,1
12880.084,1,1
12221.641,1,1
12676.911,1,1
12427.592,1,1
11300.683,1,1
10317.641,1,1
9433.619,1,1
10210.096,1,1
12774.81,1,1
14498.301,1,1
15867.545,1,1
16194.714,1,1
15577.745,1,1
14516.0,1,1
12850.235,1,1
13450.659,1,1
16206.303,0,0
19508.492,0,0
21982.05,0,0
22372.113,0,0
21409.378,0,0
20348.245,0,0
19689.042,0,0
20329.744,0,0
21929.317,0,0
23303.289,0,0
24208.769,0,0
24878.892,0,0
25348.308,0,0
25770.613,0,0
26256.382,0,0
27007.266,0,0
28006.184,0,0
28198.733,0,0
27742.909,0,0
27286.648,0,0
26822.583,0,0
26521.971,0,0
26592.609,0,0
26520.22,0,0
26447.961,0,0
26507.94,0,0
26600.182,0,0
26792.589,0,0
26916.85,0,0
26870.645,0,0
26837.964,0,0
26900.0,0,0
26800.0,0,0
26700.0,0,0
26600.0,0,0
26500.0,0,0
26400.0,0,0
26300.0,0,0
26200.0,0,0
26100.0,0,0
26000.0,0,0
25900.0,0,0
25700.0,0,0
25500.0,0,0
25300.0,0,0
25100.0,0,0
24700.0,0,0
24400.0,0,0
24100.0,0,0
23800.0,0,0
23600.0,0,0
23300.0,0,0
23100.0,0,0
23000.0,0,0
23000.0,0,0
23000.0,0,0
23000.0,0,0
23100.0,0,0
23300.0,0,0
23400.0,0,0
23600.0,0,0
23768.091,0,0
23785.302,0,0
23895.049,0,0
23995.727,0,0
23801.218,0,0
23241.051,0,0
22735.784,0,0
21949.557,0,0
20624.746,0,0
18981.358,0,0
17719.53,0,0
16747.283,1,1
15750.577,1,1
14434.838,1,1
13555.929,1,1
13398.036,1,1
13468.465,1,1
13773.76,1,1
13617.009,1,1
12591.922,1,1
11342.547,1,1
9775.244,1,1
9689.781,1,1
11035.653,1,1
12187.111,1,1
13085.031,1,1
13695.437,1,1
14184.11,1,1
14583.184,1,1
15079.754,1,1
15393.894,1,1
15537.045,1,1
15148.902,1,1
14332.716,1,1
14969.064,1,1
16944.225,0,0
19276.069,0,0
21013.887,0,0
21241.842,0,0
20304.715,0,0
19328.889,0,0
18912.579,0,0
19371.596,0,0
20539.167,0,0
21627.125,0,0
22549.138,0,0
23784.724,0,0
25112.476,0,0
26327.127,0,0
27344.647,0,0
28651.405,0,0
30185.132,0,0
30800.0,0,0
30800.0,0,0
30700.0,0,0
30600.0,0,0
30500.0,0,0
30300.0,0,0
30100.0,0,0
29900.0,0,0
29700.0,0,0
29600.0,0,0
29400.0,0,0
29300.0,0,0
29100.0,0,0
28800.0,0,0
28600.0,0,0
28300.0,0,0
28200.0,0,0
28100.0,0,0
27975.043,0,0
27800.906,0,0
27553.65,0,0
27133.323,0,0
26812.972,0,0
26371.989,0,0
26059.012,0,0
25729.799,0,0
25300.453,0,0
24970.973,0,0
24883.652,0,0
25038.912,0,0
24859.598,0,0
24734.146,0,0
24488.418,0,0
24200.0,0,0
23900.0,0,0
23500.0,0,0
23400.0,0,0
23400.0,0,0
23400.0,0,0
23500.0,0,0
23600.0,0,0
23800.0,0,0
23998.593,0,0
24143.937,0,0
24379.465,0,0
24486.786,0,0
24586.629,0,0
24679.098,0,0
24372.89,0,0
23485.259,0,0
22890.822,0,0
22040.9,0,0
20710.253,0,0
18585.505,0,0
16993.909,0,0
16253.208,1,1
15758.24,1,1
15235.741,1,1
14615.626,1,1
13773.764,1,1
13172.598,1,1
12862.699,1,1
12448.781,1,1
11857.222,1,1
10998.445,1,1
9764.115,1,1
9791.777,1,1
11309.057,1,1
12455.664,1,1
13283.375,1,1
14359.376,1,1
15555.486,1,1
17008.469,0,0
18622.236,0,0
19125.526,0,0
18350.255,0,0
17477.186,0,0
16506.263,1,1
16004.108,1,1
15591.419,1,1
15145.024,1,1
14694.301,1,1
14793.934,1,1
15427.118,1,1
16735.92,0,0
18633.267,0,0
19772.408,0,0
20648.916,0,0
21295.643,0,0
22105.574,0,0
23748.0,0,0
25797.109,0,0
27163.717,0,0
28148.428,0,0
29317.863,0,0
30793.802,0,0
31010.84,0,0
30232.459,0,0
29240.263,0,0
27918.286,0,0
26695.769,0,0
24944.81,0,0
23143.303,0,0
21039.297,0,0
22207.136,0,0
25583.0,0,0
27417.038,0,0
28798.184,0,0
29013.494,0,0
28812.957,0,0
28512.419,0,0
28211.881,0,0
28123.66,0,0
28247.988,0,0
28372.624,0,0
28240.213,0,0
27946.849,0,0
27512.996,0,0
26907.552,0,0
26246.124,0,0
25768.394,0,0
25474.379,0,0
25180.164,0,0
24760.242,0,0
24357.181,0,0
23853.807,0,0
23350.118,0,0
22946.115,0,0
22569.082,0,0
22519.372,0,0
22369.819,0,0
22320.421,0,0
22371.179,0,0
22522.094,0,0
22673.166,0,0
22824.396,0,0
22950.423,0,0
23051.209,0,0
23041.398,0,0
23105.963,0,0
23258.335,0,0
23579.734,0,0
23793.345,0,0
23867.639,0,0
23562.628,0,0
22592.244,0,0
21630.972,0,0
20555.67,0,0
20070.239,1,1
20326.403,1,1
20281.192,1,1
19951.586,1,1
19340.941,1,1
18411.54,1,1
18271.56,1,1
19036.585,1,1
19853.399,1,1
20331.664,1,1
20148.061,1,1
19215.514,1,1
17867.817,1,1
16510.191,1,1
16174.444,1,1
16926.974,1,1
17648.538,1,1
18225.261,1,1
17987.184,1,1
17131.48,1,1
16477.324,1,1
16034.916,1,1
17252.18,1,1
20159.121,1,1
22668.356,0,0
23939.447,0,0
23720.03,0,0
22492.077,0,0
21888.189,0,0
22140.786,0,0
22317.923,0,0
22362.827,0,0
22289.574,0,0
22061.638,0,0
22219.674,0,0
22860.58,0,0
23479.963,0,0
24002.31,0,0
24882.827,0,0
26091.404,0,0
26956.908,0,0
27831.137,0,0
28473.407,0,0
28904.525,0,0
29439.039,0,0
29621.402,0,0
29248.171,0,0
28797.818,0,0
28546.724,0,0
28495.469,0,0
28544.512,0,0
28474.338,0,0
28453.942,0,0
28453.315,0,0
28452.688,0,0
28452.059,0,0
28451.475,0,0
28350.935,0,0
28150.395,0,0
28049.854,0,0
28078.288,0,0
28235.929,0,0
28393.881,0,0
28508.957,0,0
28259.671,0,0
27807.055,0,0
27354.497,0,0
26900.0,0,0
26600.0,0,0
26464.625,0,0
26323.828,0,0
26183.003,0,0
25931.939,0,0
25572.871,0,0
25080.398,0,0
24487.672,0,0
24002.097,0,0
23193.104,0,0
22483.582,0,0
21514.97,1,1
21413.545,1,1
22080.305,1,1
22588.963,0,0
23098.15,0,0
23255.745,0,0
23020.699,0,0
22765.594,0,0
22510.266,0,0
22432.143,0,0
22412.8,1,0
22485.761,0,0
22452.328,0,0
22150.24,1,1
21401.439,1,1
20774.594,1,1
19971.693,1,1
18636.483,1,1
17324.015,1,1
16023.439,1,1
14881.236,1,1
13712.448,1,1
12531.638,1,1
11907.164,1,1
11992.177,1,1
11588.869,1,1
10632.452,1,1
11794.182,1,1
15154.3,1,1
19448.337,1,1
23428.257,0,0
24963.935,0,0
25466.085,0,0
26068.475,0,0
27034.836,0,0
27009.312,0,0
25797.735,0,0
24290.639,0,0
22821.134,0,0
22389.071,1,0
22989.645,0,0
22689.019,0,0
21708.372,1,1
21955.009,1,1
23416.551,0,0
24883.384,0,0
26273.464,0,0
26769.386,0,0
26639.271,0,0
26862.595,0,0
27233.115,0,0
27734.766,0,0
28157.913,0,0
28745.356,0,0
29276.658,0,0
29530.892,0,0
29314.943,0,0
28841.646,0,0
28022.375,0,0
28048.853,0,0
28462.156,0,0
28758.992,0,0
28660.084,0,0
28056.506,0,0
27276.878,0,0
26831.223,0,0
26629.014,0,0
26526.801,0,0
26324.587,0,0
26053.444,0,0
25913.248,0,0
25672.883,0,0
25432.348,0,0
25088.195,0,0
24633.683,0,0
23905.857,0,0
23177.378,0,0
22948.783,0,0
23220.899,0,0
23593.466,0,0
23866.486,0,0
23825.18,0,0
23600.123,0,0
23375.4,0,0
23051.013,0,0
22261.846,0,0
20252.918,0,0
17882.697,1,1
14725.759,1,1
13903.641,1,1
15534.256,1,1
17227.961,1,1
18412.514,1,1
20103.87,0,0
21405.405,0,0
22538.648,0,0
23409.935,0,0
23729.812,0,0
23729.25,0,0
23628.687,0,0
23628.123,0,0
23545.255,0,0
23307.927,0,0
23150.308,0,0
22892.417,0,0
22991.001,0,0
23438.245,0,0
23761.959,0,0
24074.806,0,0
24166.789,0,0
24237.182,0,0
24205.836,0,0
23240.175,0,0
21519.706,0,0
20092.691,0,0
20224.732,0,0
22241.245,0,0
24287.192,0,0
26261.708,0,0
26283.004,0,0
24463.035,0,0
22597.295,0,0
20682.549,0,0
19419.135,0,0
19012.97,1,1
18673.831,1,1
18239.662,1,1
17666.415,1,1
16811.313,1,1
15768.771,1,1
14768.617,1,1
14444.26,1,1
14812.409,1,1
14587.134,1,1
13877.57,1,1
13941.872,1,1
14757.736,1,1
14989.522,1,1
14652.459,1,1
15296.839,1,1
16871.282,1,1
18323.988,1,1
19836.487,0,0
20758.641,0,0
21086.51,0,0
21291.604,0,0
21342.884,0,0
21164.083,0,0
20856.592,0,0
20417.39,0,0
20026.68,0,0
19943.331,0,0
19927.602,0,0
20725.371,0,0
22484.277,0,0
23876.942,0,0
25009.311,0,0
26205.565,0,0
27051.013,0,0
27470.581,0,0
27952.297,0,0
28149.92,0,0
28251.23,0,0
28452.851,0,0
28554.785,0,0
28605.508,0,0
28504.785,0,0
28504.062,0,0
28403.337,0,0
28353.225,0,0
28253.804,0,0
28243.806,0,0
28108.238,0,0
28137.804,0,0
28232.605,0,0
28327.609,0,0
28422.816,0,0
28310.672,0,0
27872.107,0,0
27533.605,0,0
27095.168,0,0
26800.0,0,0
26684.884,0,0
26457.449,0,0
26329.981,0,0
26109.344,0,0
25895.551,0,0
25681.74,0,0
25367.913,0,0
25102.458,0,0
24474.794,0,0
23662.037,0,0
22589.526,0,0
22129.018,0,0
22281.455,0,0
22434.08,0,0
22586.892,0,0
23022.778,0,0
23557.6,0,0
24019.421,0,0
24311.51,0,0
24334.072,0,0
24262.884,0,0
24083.887,0,0
23979.408,0,0
23510.758,0,0
22441.394,0,0
21244.097,1,1
20447.63,1,1
19678.872,1,1
18748.35,1,1
17684.651,1,1
16461.44,1,1
15151.381,1,1
13777.254,1,1
13313.83,1,1
14328.199,1,1
15483.236,1,1
16820.168,1,1
17634.315,1,1
17784.275,1,1
17793.844,1,1
17637.367,1,1
18549.301,1,1
20551.219,1,1
22877.526,0,0
25213.487,0,0
26794.278,0,0
28250.085,0,0
30282.792,0,0
31494.43,0,0
31339.907,0,0
28964.864,0,0
24391.121,0,0
20280.147,1,1
19399.176,1,1
21836.956,0,0
23311.05,0,0
23657.464,0,0
23420.507,0,0
21430.133,0,0
18938.804,1,1
17288.274,1,1
18241.466,1,1
21375.194,1,1
24099.596,0,0
25580.3,0,0
26329.646,0,0
26839.353,0,0
27413.29,0,0
28051.834,0,0
28657.983,0,0
29201.284,0,0
29792.719,0,0
30214.99,0,0
30499.65,0,0
30513.936,0,0
30368.603,0,0
30237.012,0,0
30100.0,0,0
29900.0,0,0
29800.0,0,0
29800.0,0,0
29800.0,0,0
29700.0,0,0
29600.0,0,0
29500.0,0,0
29400.0,0,0
29200.0,0,0
29100.0,0,0
29000.0,0,0
28900.0,0,0
28800.0,0,0
28400.0,0,0
27900.0,0,0
27300.0,0,0
26700.0,0,0
26400.0,0,0
26300.0,0,0
26200.0,0,0
26100.0,0,0
26000.0,0,0
25800.0,0,0
25600.0,0,0
25500.0,0,0
25300.0,0,0
25100.0,0,0
25000.0,0,0
24800.0,0,0
24700.0,0,0
24600.0,0,0
24600.0,0,0
24550.631,0,0
24492.407,0,0
24344.468,0,0
24296.537,0,0
23972.771,0,0
23846.613,0,0
23806.613,0,0
23759.935,0,0
23709.774,0,0
23743.308,0,0
23862.353,0,0
23593.729,0,0
22928.274,0,0
22157.415,0,0
21065.192,0,0
20945.203,0,0
21730.103,0,0
22650.473,0,0
23483.79,0,0
23782.902,0,0
23459.237,0,0
23194.137,0,0
23086.311,0,0
22609.102,0,0
21717.585,0,0
20776.577,0,0
19607.13,0,0
18787.133,0,0
18229.89,1,1
17540.233,1,1
16719.353,1,1
16690.737,1,1
17653.576,1,1
18192.057,1,1
18346.825,1,1
16795.332,1,1
12992.338,1,1
8895.189,1,1
4774.38,1,1
5020.532,1,1
9495.265,1,1
14475.322,1,1
17475.836,1,1
18291.346,1,1
17723.763,1,1
17306.943,1,1
16974.272,1,1
17614.102,1,1
17551.87,1,1
16592.333,1,1
16335.594,1,1
17768.487,1,1
19869.617,0,0
21886.417,0,0
23753.777,0,0
25161.879,0,0
26471.087,0,0
27523.044,0,0
28268.367,0,0
28741.953,0,0
29021.679,0,0
28920.875,0,0
28320.252,0,0
27819.081,0,0
27217.362,0,0
26990.531,0,0
27039.153,0,0
27087.98,0,0
27137.01,0,0
27110.92,0,0
27109.553,0,0
27008.184,0,0
27006.814,0,0
26829.908,0,0
26577.31,0,0
26224.502,0,0
25971.483,0,0
25895.974,0,0
25898.55,0,0
25901.683,0,0
26005.373,0,0
25971.826,0,0
25931.155,0,0
25990.889,0,0
26007.515,0,0
25851.757,0,0
25585.816,0,0
25419.928,0,0
25254.093,0,0
24964.333,0,0
24750.593,0,0
24436.83,0,0
24123.047,0,0
24009.241,0,0
23995.414,0,0
23981.564,0,0
23967.694,0,0
24084.82,0,0
24333.023,0,0
24481.31,0,0
24700.0,0,0
25000.0,0,0
25300.0,0,0
25677.004,0,0
25967.28,0,0
25779.831,0,0
25076.537,0,0
24477.377,0,0
24183.443,0,0
23651.514,0,0
23003.472,1,1
22431.632,1,1
21986.701,1,1
21604.562,1,1
21160.193,1,1
21248.483,1,1
21683.898,1,1
22371.262,1,1
23390.44,0,0
23362.289,0,0
22110.524,1,1
20752.412,1,1
19402.375,1,1
19209.192,1,1
20299.598,1,1
21120.219,1,1
21765.14,1,1
21775.758,1,1
21349.991,1,1
20625.254,1,1
19513.27,1,1
19844.312,1,1
21404.664,1,1
22323.66,1,1
22699.765,1,1
23361.856,0,0
24507.598,0,0
25851.289,0,0
27422.271,0,0
27470.835,0,0
26014.946,0,0
24820.548,0,0
23899.058,0,0
24007.027,0,0
25338.56,0,0
26640.114,0,0
27907.408,0,0
28603.41,0,0
28849.89,0,0
29074.996,0,0
29087.837,0,0
29157.563,0,0
28980.855,0,0
29403.573,0,0
30164.133,0,0
30552.303,0,0
30609.455,0,0
30540.287,0,0
30278.527,0,0
30116.734,0,0
29704.55,0,0
29391.53,0,0
29160.311,0,0
28929.023,0,0
28697.667,0,0
28531.823,0,0
28231.543,0,0
28031.263,0,0
27830.982,0,0
27491.841,0,0
27082.035,0,0
26572.014,0,0
26061.777,0,0
25404.048,0,0
24342.949,0,0
23381.555,0,0
22319.866,1,0
22018.862,0,0
22378.913,0,0
22639.16,0,0
22999.604,0,0
23205.542,0,0
23212.864,0,0
23220.348,0,0
23227.995,0,0
22773.545,0,0
21956.716,0,0
21054.534,0,0
19910.944,0,0
18931.715,0,0
17328.141,0,0
15673.597,0,0
13604.112,0,0
11759.161,0,0
10179.586,0,0
8234.935,0,0
6282.63,1,1
5364.448,1,1
5460.41,1,1
5447.936,1,1
5501.901,1,1
6316.876,1,1
7938.764,0,0
9084.783,0,0
9652.216,0,0
9505.077,0,0
8567.179,0,0
7786.843,0,0
6666.466,1,1
5964.589,1,1
5916.695,1,1
6070.671,1,1
6503.903,1,1
5809.532,1,1
3809.847,1,1
2711.779,1,1
2381.914,1,1
3626.624,1,1
6317.758,1,1
7652.727,1,1
7633.039,1,1
7143.247,1,1
6213.234,1,1
5783.381,1,1
6063.245,1,1
7051.305,1,1
8642.754,0,0
9550.112,0,0
9771.895,0,0
9891.789,0,0
9528.743,0,0
10154.153,0,0
11570.401,0,0
12388.451,0,0
12672.964,0,0
13180.994,0,0
13822.988,0,0
14661.044,0,0
15739.682,0,0
17497.119,0,0
19996.823,0,0
22179.622,0,0
24020.665,0,0
25095.101,0,0
25932.843,0,0
26457.355,0,0
26655.384,0,0
26615.878,0,0
25940.841,0,0
25787.928,0,0
26132.194,0,0
26328.538,0,0
26317.071,0,0
25902.725,0,0
25078.149,0,0
24252.501,0,0
23525.777,0,0
24003.764,0,0
25701.661,0,0
26699.976,0,0
27498.669,0,0
27776.172,0,0
27726.087,0,0
27576.26,0,0
27426.693,0,0
27401.463,0,0
27300.372,0,0
27199.28,0,0
27198.186,0,0
26820.807,0,0
26166.944,0,0
25512.813,0,0
24758.413,0,0
24252.847,0,0
23896.012,0,0
23438.773,0,0
23005.829,0,0
22628.534,0,0
22425.759,0,0
22122.979,0,0
21920.194,0,0
21892.824,0,0
21922.764,0,0
21977.523,0,0
21932.729,0,0
22088.385,0,0
22344.492,0,0
22601.051,0,0
22837.915,0,0
22727.76,0,0
22309.046,0,0
21789.323,0,0
21239.76,0,0
20731.31,0,0
20402.048,0,0
20163.359,0,0
19789.939,0,0
19267.93,0,0
19035.135,0,0
18663.267,0,0
17849.637,0,0
16859.026,0,0
15919.977,0,0
15217.522,0,0
15041.776,0,0
14694.278,0,0
14235.991,0,0
13724.985,0,0
13229.325,0,0
12655.803,0,0
12017.529,0,0
11238.453,0,0
10010.724,0,0
8859.487,0,0
7911.456,1,1
7472.332,1,1
7608.709,1,1
7548.418,1,1
7208.211,1,1
7289.143,1,1
7824.017,1,1
7913.254,0,1
7521.018,1,1
7092.729,1,1
6251.538,1,1
5959.345,1,1
6674.108,1,1
7648.191,1,1
8766.448,0,0
9751.858,0,0
10505.627,0,0
11412.468,0,0
12427.209,0,0
13596.314,0,0
15116.607,0,0
16792.581,0,0
18406.154,0,0
19958.224,0,0
21222.955,0,0
22640.666,0,0
24049.165,0,0
24209.767,0,0
22975.421,0,0
20985.887,0,0
17613.281,0,0
15711.913,0,0
15765.5,0,0
15875.408,0,0
15762.935,0,0
15858.96,0,0
16070.259,0,0
16275.676,0,0
16415.385,0,0
16133.88,0,0
15227.709,0,0
14277.964,0,0
13427.339,0,0
9735.34,0,0
3600.327,1,1
0.0,1,1
0.0,1,1
0.0,1,1
0.0,1,1
0.0,1,1
0.0,1,1
0.0,1,1
0.0,1,1
0.0,1,1
0.0,1,1
0.0,1,1
0.0,1,1
0.0,1,1
0.0,1,1
0.0,1,1
0.0,1,1
420.255,0,0
1524.639,0,0
1520.023,0,0
205.457,0,0
0.0,1,1
0.0,1,1
0.0,1,1
992.815,0,0
3611.924,0,0
6348.068,0,0
7408.304,0,0
6764.75,0,0
6120.859,0,0
5476.63,0,0
5377.424,0,0
5794.084,0,0
6198.158,0,0
6572.87,0,0
5773.191,0,0
3967.238,0,0
2058.205,0,0
0.0,1,1
0.0,1,1
0.0,1,1
0.0,1,1
0.0,1,1
0.0,1,1
0.0,1,1
0.0,1,1
0.0,1,1
0.0,1,1
0.0,1,1
0.0,1,1
0.0,1,1
0.0,1,1
0.0,1,1
0.0,0,0
0.0,0,0
0.0,0,0
0.0,0,0
0.0,0,0
0.0,0,0
0.0,0,0
0.0,0,0
0.0,0,0
1992.052,0,0
4326.983,0,0
6402.399,0,0
8800.821,0,0
11064.44,0,0
12366.32,0,0
12592.422,0,0
12777.624,0,0
12742.816,0,0
13260.123,0,0
14283.026,0,0
14811.035,0,0
15071.298,0,0
15764.943,0,0
16946.569,0,0
18553.777,0,0
20384.02,0,0
21802.128,0,0
23271.573,0,0
24521.216,0,0
25496.39,0,0
25252.547,0,0
23821.609,0,0
22027.888,0,0
19559.346,0,0
19020.162,0,0
20260.7,0,0
21603.076,0,0
22613.865,0,0
23187.975,0,0
23330.693,0,0
23573.702,0,0
23717.002,0,0
24170.109,0,0
24933.47,0,0
25327.482,0,0
25704.799,0,0
25502.628,0,0
24920.169,0,0
24219.618,0,0
23247.332,0,0
22944.063,0,0
23311.269,0,0
23407.926,0,0
23387.369,0,0
23016.668,0,0
22295.051,0,0
21276.385,0,0
20051.964,0,0
18726.912,0,0
17192.818,0,0
15321.603,0,0
13549.304,0,0
13082.973,0,0
13824.099,0,0
14566.126,0,0
15409.053,0,0
15729.303,0,0
15726.198,0,0
15723.091,0,0
15719.981,0,0
15554.134,0,0
15025.206,0,0
14595.82,0,0
14065.975,0,0
13003.598,0,0
11305.77,0,0
9248.139,0,0
7183.934,0,0
7038.795,0,0
8816.779,0,0
10598.832,0,0
11624.565,0,0
11245.626,0,0
10386.574,0,0
9690.505,0,0
9221.269,0,0
9256.623,0,0
9785.026,0,0
11270.714,0,0
13809.48,0,0
14505.745,0,0
13050.718,0,0
9488.273,0,0
4396.47,0,0
1315.582,1,1
332.907,1,1
0.0,1,1
0.0,1,1
0.0,1,1
0.0,1,1
0.0,1,1
0.0,1,1
0.0,1,1
0.0,1,1
0.0,1,1
0.0,1,1
0.0,1,1
0.0,1,1
0.0,1,1
0.0,1,1
0.0,1,1
0.0,1,1
0.0,1,1
0.0,1,1
0.0,1,1
0.0,1,1
0.0,1,1
812.063,1,1
2562.66,0,0
4395.517,0,0
5580.846,0,0
6098.665,0,0
6190.833,0,0
5755.63,0,0
5449.618,0,0
5106.941,0,0
6098.279,0,0
8165.627,0,0
9923.11,0,0
11783.707,0,0
14486.54,0,0
18047.976,0,0
20943.777,0,0
23537.383,0,0
24051.873,0,0
22960.352,0,0
21734.75,0,0
20249.606,0,0
21095.308,0,0
23599.328,0,0
25689.955,0,0
26789.753,0,0
27065.355,0,0
26415.573,0,0
25665.319,0,0
24914.593,0,0
23806.844,0,0
22310.255,0,0
20812.638,0,0
19213.991,0,0
16714.161,0,0
13479.195,0,0
9593.787,1,1
5761.473,1,1
4950.729,1,1
7069.527,1,1
9387.451,1,1
11607.984,1,1
12200.71,1,1
11191.299,1,1
10138.054,1,1
9083.775,1,1
9191.163,1,1
10662.332,1,1
11864.47,1,1
12983.233,0,0
14115.81,0,0
15262.041,0,0
16295.657,0,0
17145.44,0,0
17915.256,0,0
18682.435,0,0
19539.994,0,0
20074.107,0,0
19688.595,0,0
18406.044,0,0
17408.081,0,0
16951.873,0,0
16548.116,0,0
15242.236,0,0
14123.577,0,0
12504.503,1,1
11307.086,1,1
10388.062,1,1
10895.968,1,1
13094.732,0,0
14846.897,0,0
16045.321,0,0
16483.5,0,0
16035.71,0,0
14764.868,0,0
12780.418,1,1
11347.984,1,1
11244.005,1,1
11963.557,1,1
13760.09,0,0
14123.97,0,0
12836.606,0,0
12799.991,1,0
13655.703,0,0
14519.708,0,0
15103.721,0,0
14249.003,0,0
12007.149,1,1
12264.508,1,1
14831.882,0,0
17214.328,0,0
19315.137,0,0
20871.913,0,0
21900.892,0,0
23146.733,0,0
24325.642,0,0
25273.881,0,0
26126.379,0,0
27312.808,0,0
28741.16,0,0
29690.382,0,0
30270.199,0,0
30413.716,0,0
30447.753,0,0
30442.738,0,0
30399.092,0,0
30359.689,0,0
30109.083,0,0
29987.602,0,0
29742.84,0,0
29416.453,0,0
29215.264,0,0
29014.073,0,0
28812.881,0,0
28436.088,0,0
27983.422,0,0
27456.362,0,0
26973.796,0,0
27318.818,0,0
28307.048,0,0
29112.249,0,0
29658.146,0,0
29739.284,0,0
29645.97,0,0
29552.665,0,0
29459.368,0,0
29032.099,0,0
28373.126,0,0
27480.773,0,0
26588.066,0,0
26352.479,0,0
26674.715,0,0
26738.273,0,0
26726.911,0,0
26564.436,0,0
26350.743,0,0
26037.034,0,0
25723.308,0,0
25543.803,0,0
25498.588,0,0
25300.0,0,0
25100.0,0,0
25000.0,0,0
25000.0,0,0
24900.0,0,0
24900.0,0,0
24900.0,0,0
24800.0,0,0
24800.0,0,0
24700.0,0,0
24640.198,0,0
24598.686,0,0
24448.632,0,0
24362.004,0,0
24042.578,0,0
23434.363,0,0
22514.308,0,0
21343.245,0,0
20311.959,0,0
19107.297,0,0
17909.795,0,0
17044.165,0,0
16575.614,0,0
16344.222,0,0
15939.412,0,0
15376.291,0,0
15013.893,1,0
15306.192,0,0
14704.651,1,1
13185.568,1,1
11376.233,1,1
9295.052,1,1
8844.175,1,1
9927.385,1,1
10638.519,1,1
10858.122,1,1
10735.789,1,1
9895.026,1,1
10232.248,1,1
11829.863,1,1
12183.33,1,1
11463.197,1,1
9396.445,1,1
6004.5,1,1
3399.974,1,1
1833.73,1,1
2467.907,1,1
5355.343,1,1
8618.368,1,1
11508.868,1,1
13876.693,1,1
15799.217,0,0
17635.216,0,0
19739.54,0,0
21492.579,0,0
22945.73,0,0
24142.787,0,0
25326.814,0,0
26339.46,0,0
27245.504,0,0
27797.428,0,0
28161.687,0,0
28765.698,0,0
29381.136,0,0
29576.133,0,0
29773.471,0,0
29717.199,0,0
29745.332,0,0
29673.598,0,0
29601.996,0,0
29566.13,0,0
29465.9,0,0
29265.671,0,0
29165.441,0,0
28774.805,0,0
28059.57,0,0
27152.451,0,0
25894.558,0,0
25241.504,0,0
25277.222,0,0
25313.08,0,0
25349.079,0,0
25185.219,0,0
24921.501,0,0
24657.923,0,0
24494.487,0,0
24162.551,0,0
23862.008,0,0
23661.465,0,0
23360.922,0,0
23475.467,0,0
23892.029,0,0
24199.44,0,0
24405.701,0,0
24433.104,0,0
24197.979,0,0
24062.889,0,0
23927.832,0,0
24039.343,0,0
24238.154,0,0
24413.231,0,0
24488.346,0,0
24588.343,0,0
24513.163,0,0
24537.943,0,0
24438.685,0,0
24343.097,0,0
24385.015,0,0
24316.599,0,0
24236.223,0,0
23792.698,0,0
22906.469,0,0
22083.207,0,0
21398.899,0,0
20276.513,0,0
18599.792,1,1
16955.624,1,1
15569.561,1,1
14576.232,1,1
13963.431,1,1
13913.384,1,1
14322.951,1,1
14546.626,1,1
14540.479,1,1
14681.743,1,1
15154.977,1,1
15542.703,1,1
15744.274,1,1
16481.314,1,1
17738.613,1,1
19639.851,0,0
21214.027,0,0
21574.069,0,0
19894.437,0,0
17306.44,1,1
15266.527,1,1
14731.296,1,1
15670.266,1,1
15695.188,1,1
14736.619,1,1
15242.09,1,1
17118.114,1,1
18774.888,1,1
20087.49,0,0
20981.384,0,0
21373.76,0,0
21837.975,0,0
22644.427,0,0
22672.355,0,0
22074.813,0,0
22119.577,0,0
22606.661,0,0
23665.042,0,0
25144.512,0,0
26559.429,0,0
27830.11,0,0
28491.969,0,0
28579.379,0,0
29080.413,0,0
30049.508,0,0
30827.404,0,0
31254.1,0,0
31224.652,0,0
31038.105,0,0
30851.556,0,0
30665.004,0,0
30565.006,0,0
30451.562,0,0
30338.118,0,0
30324.674,0,0
30117.956,0,0
29917.963,0,0
29717.97,0,0
29517.977,0,0
29311.264,0,0
29197.835,0,0
28984.407,0,0
28770.982,0,0
28477.704,0,0
27904.574,0,0
27431.443,0,0
26958.312,0,0
26588.541,0,0
26400.0,0,0
26300.0,0,0
26100.0,0,0
25900.0,0,0
25600.0,0,0
25400.0,0,0
25200.0,0,0
24900.0,0,0
24600.0,0,0
24300.0,0,0
24000.0,0,0
23900.0,0,0
24000.0,0,0
24100.0,0,0
24100.0,0,0
24200.0,0,0
24300.0,0,0
24400.0,0,0
24600.0,0,0
24840.512,0,0
25211.832,0,0
25579.08,0,0
25944.116,0,0
25974.782,0,0
25770.834,0,0
25282.573,0,0
24300.151,0,0
23315.146,0,0
22301.422,1,1
21360.077,1,1
20693.592,1,1
19472.341,1,1
17588.607,1,1
17567.563,1,1
19418.075,1,1
21443.773,1,1
22801.886,1,1
22882.544,1,1
21992.931,1,1
21223.816,1,1
20575.457,1,1
20599.989,1,1
21398.539,1,1
22083.871,1,1
22458.774,1,1
22867.607,1,1
23408.2,0,0
23728.704,0,0
24080.397,0,0
24037.319,0,0
23619.767,0,0
22903.3,1,1
21892.646,1,1
21760.442,1,1
22298.29,1,1
22755.946,1,1
23129.639,1,1
23444.989,0,0
23706.407,0,0
24106.459,0,0
24643.245,0,0
25053.005,0,0
25335.693,0,0
25775.85,0,0
26476.94,0,0
27021.201,0,0
27408.726,0,0
27731.327,0,0
28227.78,0,0
28976.211,0,0
30009.737,0,0
31021.957,0,0
31382.144,0,0
31135.923,0,0
30989.656,0,0
30830.131,0,0
30487.6,0,0
29940.347,0,0
29492.801,0,0
29323.96,0,0
29634.249,0,0
30044.815,0,0
30076.06,0,0
29925.728,0,0
29738.963,0,0
29552.207,0,0
29365.46,0,0
29178.721,0,0
28991.992,0,0
28800.0,0,0
28600.0,0,0
28200.0,0,0
27700.0,0,0
27100.0,0,0
26600.0,0,0
26300.0,0,0
26200.0,0,0
26100.0,0,0
26081.962,0,0
25848.614,0,0
25601.902,0,0
25355.159,0,0
25108.383,0,0
24901.633,0,0
24734.951,0,0
24468.298,0,0
24301.673,0,0
24088.257,0,0
24028.0,0,0
23746.325,0,0
23358.713,0,0
23214.666,0,0
23314.331,0,0
23313.997,0,0
23413.661,0,0
23280.993,0,0
22794.62,1,1
22305.602,1,1
21805.766,1,1
21193.04,1,1
20629.179,1,1
20613.972,1,1
21235.482,1,1
21609.423,1,1
21735.348,1,1
22391.13,1,1
23387.267,0,0
24868.66,0,0
25982.477,0,0
26382.287,0,0
24764.075,0,0
20998.097,1,1
17031.472,1,1
16375.209,1,1
19145.785,1,1
21535.34,1,1
22958.987,0,0
24253.987,0,0
25294.888,0,0
26232.639,0,0
26982.175,0,0
27937.013,0,0
28895.81,0,0
30433.193,0,0
31547.959,0,0
31687.67,0,0
30475.867,0,0
27929.744,0,0
25624.953,0,0
24150.306,0,0
23531.094,0,0
23069.822,0,0
22533.555,1,1
22105.394,1,1
21842.804,1,1
21412.595,1,1
21286.255,1,1
21270.218,1,1
21392.075,1,1
21799.618,1,1
22349.292,1,1
24225.312,0,0
26663.912,0,0
28058.707,0,0
28943.397,0,0
29477.563,0,0
29866.954,0,0
30437.283,0,0
30756.214,0,0
30702.542,0,0
30648.91,0,0
30478.736,0,0
30191.998,0,0
30000.0,0,0
29700.0,0,0
29500.0,0,0
29485.342,0,0
29358.747,0,0
29332.13,0,0
29208.82,0,0
29088.825,0,0
29068.816,0,0
28948.794,0,0
28832.088,0,0
28718.704,0,0
28605.31,0,0
28358.991,0,0
27999.771,0,0
27244.888,0,0
26589.788,0,0
25827.132,0,0
25278.87,0,0
24780.238,0,0
24381.453,0,0
23982.516,0,0
23523.656,0,0
22950.643,0,0
22477.445,0,0
21904.061,0,0
21228.512,0,0
20550.757,0,0
19756.106,0,0
18692.216,0,0
19021.925,0,0
20284.408,0,0
21137.96,0,0
21973.378,0,0
22097.514,0,0
21647.168,0,0
21031.88,0,0
20416.277,0,0
20075.696,0,0
20099.934,0,0
20119.775,0,0
20137.234,0,0
19688.541,0,0
18839.902,0,0
18000.597,0,0
16969.482,1,1
16573.993,1,1
16914.873,1,1
17253.655,1,1
17590.772,0,1
17118.253,1,1
16028.348,1,1
15169.859,1,1
14643.736,1,1
14797.933,1,1
15576.558,1,1
16560.77,1,1
17954.632,0,0
18464.063,0,0
17991.408,0,0
16430.594,1,1
14035.033,1,1
11737.545,1,1
9313.467,1,1
7579.624,1,1
6657.246,1,1
6617.485,1,1
7273.581,1,1
7460.714,1,1
7080.381,1,1
8340.727,1,1
11088.878,1,1
14906.939,1,1
19959.316,0,0
22342.192,0,0
23144.899,0,0
22551.446,0,0
20886.449,0,0
21435.833,0,0
23831.476,0,0
25628.915,0,0
26745.29,0,0
26953.019,0,0
26440.385,0,0
26452.615,0,0
26788.737,0,0
27252.677,0,0
27745.067,0,0
28196.848,0,0
28413.21,0,0
28286.57,0,0
27807.625,0,0
27095.964,0,0
25938.604,0,0
25837.162,0,0
26592.446,0,0
26902.539,0,0
27312.944,0,0
27689.802,0,0
27932.953,0,0
28230.362,0,0
28527.907,0,0
28864.844,0,0
29083.787,0,0
29402.839,0,0
29704.565,0,0
29617.909,0,0
29294.159,0,0
29002.395,0,0
28610.533,0,0
28214.499,0,0
27714.365,0,0
27214.231,0,0
26714.097,0,0
26349.958,0,0
26021.765,0,0
25793.506,0,0
25422.025,0,0
25121.926,0,0
24821.691,0,0
24621.456,0,0
24321.22,0,0
23821.23,0,0
23121.254,0,0
22238.172,0,0
21317.446,0,0
20567.168,0,0
19815.145,0,0
18848.19,0,0
17880.79,0,0
17074.81,0,0
16330.295,0,0
15404.917,0,0
14465.336,0,0
13634.924,0,0
12991.341,1,1
12238.883,1,1
11582.083,1,1
11896.383,1,1
13283.111,1,1
14190.542,0,0
14812.006,0,0
14896.179,0,0
14442.509,0,0
14103.964,0,0
13681.498,0,0
12724.339,1,1
11136.241,1,1
9473.658,1,1
7254.185,1,1
5600.0,1,1
4502.582,1,1
3455.423,1,1
2420.334,1,1
1660.967,1,1
1074.229,1,1
2121.475,1,1
4860.528,1,1
7376.224,1,1
9553.281,1,1
11553.397,1,1
13128.573,1,1
14930.111,0,0
16764.273,0,0
17515.963,0,0
17176.129,0,0
16310.571,0,0
15219.878,0,0
14552.419,0,0
14497.533,0,0
15729.892,0,0
17630.829,0,0
19447.755,0,0
20383.662,0,0
19399.207,0,0
17681.543,0,0
18456.008,0,0
21108.992,0,0
22819.882,0,0
24187.739,0,0
25197.478,0,0
25952.415,0,0
25378.874,0,0
23262.692,0,0
19959.197,0,0
15873.423,0,0
14938.045,0,0
17023.737,0,0
18965.054,0,0
20559.846,0,0
20609.482,0,0
19111.703,0,0
17630.252,0,0
15881.345,0,0
14742.996,0,0
14015.646,0,0
13287.659,0,0
12659.034,1,1
12449.765,1,1
12960.795,1,1
13372.447,0,0
13784.722,0,0
14401.163,0,0
15221.93,0,0
15943.534,0,0
16723.882,0,0
18305.727,0,0
20778.364,0,0
22390.123,0,0
23652.74,0,0
23625.378,0,0
23046.122,0,0
22249.569,0,0
21283.046,0,0
19228.042,0,0
15340.858,0,0
10796.086,0,0
5827.91,0,0
1163.454,0,0
0.0,1,1
0.0,1,1
0.0,1,1
0.0,1,1
0.0,1,1
0.0,1,1
0.0,1,1
0.0,1,1
0.0,1,1
0.0,1,1
0.0,1,1
0.0,1,1
0.0,1,1
0.0,1,1
0.0,1,1
0.0,1,1
0.0,1,1
0.0,1,1
0.0,1,1
0.0,1,1
0.0,1,1
0.0,1,1
0.0,1,1
570.381,0,1
0.0,1,1
0.0,0,0
0.0,0,0
0.0,0,0
615.755,0,0
2376.161,0,0
4085.911,0,0
5763.314,0,0
7157.409,0,0
8830.426,0,0
10792.403,0,0
12068.82,0,0
12527.167,0,0
14045.999,0,0
16735.611,0,0
19523.324,0,0
22001.178,0,0
24941.015,0,0
28144.104,0,0
30490.859,0,0
31870.169,0,0
31287.005,0,0
28725.57,0,0
26916.196,0,0
25787.468,0,0
25920.839,0,0
27308.017,0,0
28484.942,0,0
29347.48,0,0
29688.745,0,0
29429.174,0,0
29309.629,0,0
29432.029,0,0
29492.269,0,0
29590.18,0,0
29452.038,0,0
28977.807,0,0
28594.351,0,0
28200.13,0,0
28180.216,0,0
28392.149,0,0
28558.564,0,0
28554.006,0,0
28727.028,0,0
29038.981,0,0
29351.351,0,0
29599.673,0,0
29623.474,0,0
29622.8,0,0
29622.125,0,0
29621.449,0,0
29945.64,0,0
30339.611,0,0
30556.219,0,0
30773.041,0,0
30647.294,0,0
30467.425,0,0
30287.569,0,0
30107.727,0,0
29724.532,0,0
29237.98,0,0
28651.437,0,0
28064.904,0,0
27654.774,0,0
27521.02,0,0
27287.236,0,0
27153.424,0,0
26963.489,0,0
26817.494,0,0
26671.555,0,0
26500.0,0,0
26300.0,0,0
26100.0,0,0
25900.0,0,0
25800.0,0,0
25600.0,0,0
25500.0,0,0
25400.0,0,0
25300.0,0,0
25200.0,0,0
25200.0,0,0
25200.0,0,0
25200.0,0,0
25122.655,0,0
24843.011,0,0
24653.647,0,0
24332.918,0,0
24014.077,0,0
23537.324,0,0
22697.159,0,0
21746.291,0,0
21144.456,0,0
20983.043,0,0
20578.364,0,0
19708.428,1,1
19055.027,1,1
18621.62,1,1
18193.959,1,1
17642.002,1,1
16864.734,1,1
16094.122,1,1
15633.107,1,1
15531.147,1,1
15235.337,1,1
14629.147,1,1
14541.99,1,1
15040.822,1,1
15414.085,1,1
15634.738,1,1
16363.136,1,1
17806.717,1,1
18975.105,1,1
20152.327,1,1
20605.752,0,0
20465.731,0,0
20190.515,0,0
19742.559,1,1
19662.501,1,1
19623.858,1,1
19608.867,1,1
19566.527,1,1
20197.377,0,0
21413.156,0,0
22305.304,0,0
22772.546,0,0
23107.756,0,0
23124.096,0,0
24015.117,0,0
25345.483,0,0
26510.6,0,0
27463.386,0,0
28135.643,0,0
28616.313,0,0
29151.678,0,0
29588.392,0,0
30196.642,0,0
30527.985,0,0
30473.82,0,0
30440.191,0,0
30560.483,0,0
30848.771,0,0
31061.566,0,0
31274.85,0,0
31255.14,0,0
31188.442,0,0
31121.784,0,0
31055.166,0,0
30988.587,0,0
31000.0,0,0
30900.0,0,0
30900.0,0,0
30800.0,0,0
30600.0,0,0
30400.0,0,0
30188.54,0,0
29765.007,0,0
29151.535,0,0
28538.046,0,0
27924.542,0,0
27600.923,0,0
27367.18,0,0
27233.409,0,0
27099.608,0,0
26856.076,0,0
26502.787,0,0
26216.197,0,0
25929.621,0,0
25609.244,0,0
25094.039,0,0
24635.444,0,0
24176.581,0,0
24024.639,0,0
24480.047,0,0
24805.302,0,0
24879.858,0,0
24944.292,0,0
25098.601,0,0
25200.0,0,0
25300.0,0,0
25407.544,0,0
25495.547,0,0
25473.07,0,0
25536.835,0,0
25270.259,0,0
24232.48,0,0
22913.094,0,0
22274.707,0,0
21585.434,0,0
20838.352,0,0
20038.214,0,0
18589.719,0,0
17014.429,0,0
15428.52,1,1
14271.373,1,1
14183.929,1,1
14196.047,1,1
14228.782,1,1
14339.261,1,1
14698.895,1,1
15225.806,1,1
15933.917,0,0
16056.615,0,0
15479.572,1,1
15082.754,1,1
14911.635,1,1
14712.808,1,1
14488.558,1,1
14227.51,1,1
13832.965,1,1
13259.16,1,1
12384.053,1,1
10807.26,1,1
8608.196,1,1
8146.224,1,1
8737.956,1,1
10198.047,1,1
12282.524,1,1
13966.887,1,1
15828.331,0,0
16793.212,0,0
16971.779,0,0
17380.635,0,0
17737.763,0,0
18470.371,0,0
19294.625,0,0
19620.778,0,0
19518.446,0,0
20308.216,0,0
22184.643,0,0
24022.179,0,0
25776.688,0,0
26977.014,0,0
27807.631,0,0
28603.301,0,0
29134.957,0,0
29235.447,0,0
29034.411,0,0
28833.374,0,0
28632.337,0,0
28801.927,0,0
29042.769,0,0
29338.2,0,0
29633.898,0,0
29830.74,0,0
29800.399,0,0
29727.28,0,0
29654.247,0,0
29613.136,0,0
29603.978,0,0
29594.95,0,0
29518.273,0,0
29126.622,0,0
28116.301,0,0
27126.963,0,0
25830.535,0,0
25281.282,0,0
25379.651,0,0
25478.071,0,0
25576.541,0,0
25575.062,0,0
25491.748,0,0
25283.266,0,0
25174.817,0,0
25002.501,0,0
24866.309,0,0
24730.138,0,0
24693.989,0,0
24525.911,0,0
24425.888,0,0
24425.865,0,0
24325.841,0,0
24297.93,0,0
24242.097,0,0
24186.22,0,0
24222.934,0,0
24198.755,0,0
24441.113,0,0
24680.001,0,0
24817.011,0,0
24365.386,0,0
23097.676,0,0
22314.448,0,0
22030.431,1,1
21746.338,1,1
21557.293,1,1
21032.899,1,1
20372.09,1,1
19657.736,1,1
19062.339,1,1
19170.213,1,1
20242.753,1,1
20826.317,1,1
20913.416,1,1
21376.802,1,1
22210.641,0,0
23254.249,0,0
24506.653,0,0
24756.786,0,0
24000.575,0,0
23567.716,0,0
23362.426,0,0
23757.423,0,0
24551.284,0,0
24721.262,0,0
24169.001,0,0
23401.993,0,0
22123.175,1,1
20917.225,1,1
19788.085,1,1
19298.014,1,1
19639.138,1,1
19501.431,1,1
19054.752,1,1
18774.166,1,1
18460.653,1,1
18967.431,1,1
20054.858,1,1
21137.706,1,1
22155.058,0,0
23287.687,0,0
24465.809,0,0
25594.205,0,0
26474.92,0,0
27961.44,0,0
29772.596,0,0
31273.883,0,0
32394.072,0,0
32810.064,0,0
32904.363,0,0
32970.31,0,0
33055.525,0,0
32858.827,0,0
32732.273,0,0
32505.705,0,0
32279.124,0,0
32155.849,0,0
32035.885,0,0
31915.91,0,0
31775.649,0,0
31496.304,0,0
31132.78,0,0
30769.224,0,0
30405.636,0,0
30237.258,0,0
30164.163,0,0
29991.132,0,0
29825.479,0,0
29362.071,0,0
28808.677,0,0
28255.307,0,0
27600.0,0,0
27175.288,0,0
26975.235,0,0
26679.308,0,0
26101.679,0,0
25758.215,0,0
25649.147,0,0
25540.144,0,0
25431.206,0,0
25414.941,0,0
25275.023,0,0
25135.137,0,0
24895.281,0,0
24800.0,0,0
24700.0,0,0
24600.0,0,0
24500.0,0,0
24500.0,0,0
24500.0,0,0
24488.58,0,0
24441.706,0,0
24451.588,0,0
24253.638,0,0
23765.768,1,1
23374.164,1,1
23114.005,1,1
22978.209,1,1
22500.158,1,1
20813.241,1,1
19175.131,1,1
18795.815,1,1
19129.544,1,1
20758.84,1,1
21702.97,1,1
22030.8,1,1
22837.979,1,1
24116.433,1,1
25377.252,0,0
26544.152,0,0
27271.935,0,0
27524.151,0,0
27949.787,0,0
28611.859,0,0
28468.634,0,0
27384.433,0,0
26651.142,0,0
26114.191,0,0
26028.652,0,0
26197.551,0,0
26125.941,0,0
25887.433,0,0
26022.028,0,0
23764.71,1,1
19702.394,1,1
16362.22,1,1
15828.265,1,1
17735.626,1,1
18793.861,1,1
19105.164,1,1
20160.977,1,1
21691.486,1,1
23091.189,1,1
24307.23,0,0
25449.772,0,0
26674.861,0,0
27797.599,0,0
28859.391,0,0
29681.777,0,0
30436.627,0,0
31185.612,0,0
31952.454,0,0
32420.713,0,0
32596.274,0,0
32770.111,0,0
32938.204,0,0
32991.743,0,0
32869.237,0,0
32700.0,0,0
32500.0,0,0
32300.0,0,0
32000.0,0,0
31900.0,0,0
31700.0,0,0
31600.0,0,0
31400.0,0,0
31300.0,0,0
31100.0,0,0
30900.0,0,0
30800.0,0,0
30700.0,0,0
30600.0,0,0
30500.0,0,0
30400.0,0,0
30000.0,0,0
29300.0,0,0
28500.0,0,0
27800.0,0,0
27300.0,0,0
27200.0,0,0
27100.0,0,0
27000.0,0,0
26800.0,0,0
26500.0,0,0
26300.0,0,0
26000.0,0,0
25800.0,0,0
25500.0,0,0
25300.0,0,0
25100.0,0,0
24900.0,0,0
24900.0,0,0
24800.0,0,0
24700.0,0,0
24700.0,0,0
24700.0,0,0
24700.0,0,0
24700.0,0,0
24588.839,0,0
24336.652,0,0
24073.184,1,1
23798.082,1,1
23332.736,1,1
22606.934,1,1
22073.751,1,1
21704.879,1,1
21164.691,1,1
20191.065,1,1
20379.88,1,1
21638.442,1,1
23357.381,1,1
24961.252,0,0
25388.935,0,0
24959.705,0,0
24686.662,0,0
24196.115,0,0
24086.382,0,0
23967.386,1,1
23972.683,1,1
24116.367,0,1
23312.8,1,1
21503.595,1,1
19307.255,1,1
16562.574,1,1
16749.421,1,1
19871.812,1,1
22347.544,1,1
24365.279,0,0
25023.438,0,0
24547.328,0,0
23987.504,1,1
23434.323,1,1
23447.476,1,1
24021.765,1,1
24415.978,0,0
24722.365,0,0
24986.811,0,0
25218.955,0,0
25678.224,0,0
26171.098,0,0
26695.501,0,0
27253.195,0,0
27724.482,0,0
27639.745,0,0
28079.621,0,0
28612.384,0,0
29579.792,0,0
30962.017,0,0
31632.411,0,0
31555.811,0,0
31593.097,0,0
31747.108,0,0
31888.935,0,0
31917.488,0,0
32008.999,0,0
31755.477,0,0
31602.018,0,0
31348.622,0,0
31158.593,0,0
31031.853,0,0
30905.072,0,0
30678.25,0,0
30517.933,0,0
30138.476,0,0
29590.503,0,0
28873.609,0,0
28697.636,0,0
29044.271,0,0
29296.121,0,0
29448.452,0,0
29048.143,0,0
27894.469,0,0
26840.311,0,0
25589.464,0,0
25088.002,0,0
25338.39,0,0
25569.601,0,0
25794.649,0,0
25803.804,0,0
25697.064,0,0
25590.59,0,0
25515.611,0,0
25229.055,0,0
25115.38,0,0
25001.689,0,0
24754.443,0,0
24621.849,0,0
24621.656,0,0
24521.464,0,0
24521.271,0,0
24504.307,0,0
24651.937,0,0
24699.625,0,0
24747.371,0,0
24621.889,0,0
24188.501,0,0
23836.779,0,0
23448.527,0,0
22925.517,0,0
22768.417,0,0
22486.836,0,0
21639.274,0,0
20695.397,0,0
19768.189,0,0
18869.639,0,0
18138.073,1,1
17589.523,1,1
17103.105,1,1
16682.083,1,1
16336.677,1,1
16019.764,1,1
15482.44,1,1
15095.271,1,1
14812.625,1,1
14491.092,1,1
14035.899,1,1
13958.327,1,1
14299.297,1,1
14574.022,1,1
14775.011,1,1
15202.758,1,1
15656.313,1,1
15813.814,1,1
15683.373,1,1
15910.607,1,1
16456.991,1,1
16694.434,1,1
16429.471,1,1
17270.023,1,1
19150.03,0,0
21116.086,0,0
23100.767,0,0
23360.514,0,0
22070.326,0,0
21215.556,0,0
20605.054,0,0
21284.134,0,0
22709.065,0,0
24008.515,0,0
25278.147,0,0
26308.804,0,0
27315.072,0,0
28440.754,0,0
29537.664,0,0
30336.403,0,0
30578.992,0,0
30790.953,0,0
31145.257,0,0
31352.997,0,0
31523.196,0,0
31400.0,0,0
31100.0,0,0
30800.0,0,0
30600.0,0,0
30400.0,0,0
30400.0,0,0
30400.0,0,0
30400.0,0,0
30300.0,0,0
30200.0,0,0
30000.0,0,0
29800.0,0,0
29700.0,0,0
29600.0,0,0
29500.0,0,0
29400.0,0,0
28965.07,0,0
28257.397,0,0
26924.316,0,0
25071.093,0,0
24069.6,0,0
24105.991,0,0
24142.405,0,0
24169.947,0,0
23969.722,0,0
23541.698,0,0
23104.754,0,0
22667.787,0,0
22091.517,0,0
21275.882,0,0
20460.141,0,0
19195.519,1,1
18723.746,1,1
18993.811,1,1
19364.002,1,1
19634.32,1,1
20127.26,0,0
20674.411,0,0
21221.656,0,0
21768.995,0,0
21633.204,0,0
20904.138,0,0
20009.285,0,0
18455.556,1,1
16464.451,1,1
13306.495,1,1
10206.049,1,1
6716.271,1,1
5103.035,1,1
5253.876,1,1
6491.944,1,1
8819.8,1,1
12422.883,1,1
16742.81,1,1
19861.939,1,1
21531.184,0,0
22080.02,0,0
21622.207,0,0
20963.513,0,0
20101.158,0,0
19531.734,1,1
19451.181,1,1
20300.325,0,0
22282.163,0,0
24332.339,0,0
26572.504,0,0
27898.293,0,0
28026.966,0,0
27686.447,0,0
26979.656,0,0
26403.112,0,0
26158.349,0,0
25679.721,0,0
24965.149,0,0
24867.025,0,0
25486.151,0,0
25859.443,0,0
25970.108,0,0
25404.431,0,0
24109.548,0,0
22830.412,0,0
21874.502,0,0
21569.974,0,0
21930.642,0,0
21872.33,0,0
21029.036,0,0
20681.48,0,0
20838.923,0,0
21351.39,0,0
22432.434,0,0
23207.266,0,0
23544.17,0,0
23744.236,0,0
23699.113,0,0
23350.125,0,0
22871.293,0,0
23134.068,0,0
23912.101,0,0
24690.797,0,0
25470.157,0,0
25675.404,0,0
25205.896,0,0
24736.201,0,0
24266.317,0,0
24287.624,0,0
24800.499,0,0
25313.685,0,0
25658.891,0,0
25285.589,0,0
23533.291,0,0
21831.422,0,0
19627.665,1,1
17949.516,1,1
16830.821,1,1
15711.862,1,1
14592.637,1,1
14275.428,1,1
14860.696,1,1
15346.316,1,1
15932.286,1,1
16849.249,0,0
17961.706,0,0
18870.726,0,0
19680.314,0,0
19602.34,0,0
18636.043,0,0
17669.301,0,0
16702.116,1,1
15860.996,1,1
15512.551,1,1
15063.867,1,1
14714.944,1,1
15057.615,1,1
16092.458,1,1
16917.913,0,0
17659.335,0,0
18217.444,0,0
18476.326,0,0
18728.528,0,0
18977.048,0,0
18598.202,0,0
17474.566,0,0
16618.147,1,1
16036.67,1,1
16431.878,1,1
17425.75,0,0
18459.459,0,0
19768.419,0,0
21064.472,0,0
20440.821,0,0
20339.435,0,0
19093.736,0,0
16988.772,0,0
13882.154,1,1
12738.017,1,1
13730.614,1,1
14137.269,1,1
13910.376,1,1
14154.299,1,1
14896.259,1,1
16176.518,1,1
17765.236,0,0
18405.084,0,0
18121.313,0,0
17083.234,0,0
15305.226,1,1
16073.837,1,1
19235.699,0,0
22692.775,0,0
25011.052,0,0
24582.411,0,0
22156.29,0,0
19876.464,0,0
18606.102,0,0
18329.158,0,0
19089.451,0,0
19681.217,0,0
20192.709,0,0
20972.81,0,0
22083.528,0,0
22975.077,0,0
23624.403,0,0
24649.622,0,0
25746.872,0,0
26590.184,0,0
27354.613,0,0
27988.613,0,0
28498.507,0,0
28875.556,0,0
28937.482,0,0
28804.089,0,0
28301.823,0,0
27708.763,0,0
26629.458,0,0
25649.41,0,0
24015.615,0,0
23546.446,0,0
24300.789,0,0
25107.459,0,0
25479.824,0,0
25750.921,0,0
25920.646,0,0
25990.554,0,0
26160.645,0,0
26513.834,0,0
26958.773,0,0
27504.174,0,0
27841.602,0,0
27907.838,0,0
27890.307,0,0
27578.266,0,0
27158.489,0,0
26898.622,0,0
26798.621,0,0
26698.621,0,0
26498.62,0,0
26298.62,0,0
25898.62,0,0
25498.619,0,0
25198.619,0,0
24868.437,0,0
24708.042,0,0
24547.607,0,0
24241.33,0,0
24129.112,0,0
24193.114,0,0
24357.149,0,0
24403.705,0,0
24373.051,0,0
24312.546,0,0
24151.931,0,0
24091.206,0,0
23863.609,0,0
23633.338,0,0
23327.969,0,0
22963.696,0,0
22647.343,0,0
22608.707,0,0
21932.763,0,0
20549.772,0,0
19400.524,1,1
18681.32,1,1
18255.547,1,1
18049.947,1,1
17691.013,1,1
17113.318,1,1
17029.946,1,1
17780.357,1,1
18788.832,1,1
19646.474,1,1
19727.723,0,1
19057.057,1,1
18198.625,1,1
17538.057,1,1
17045.98,1,1
16719.212,1,1
15871.225,1,1
14414.015,1,1
15012.966,1,1
17703.362,1,1
20439.528,0,0
22451.239,0,0
23321.909,0,0
23664.29,0,0
24226.537,0,0
25074.184,0,0
24743.924,0,0
21883.225,0,0
18107.215,1,1
14933.781,1,1
14535.514,1,1
16811.756,1,1
18941.83,1,1
20788.53,0,0
21248.878,0,0
20851.309,0,0
20999.364,0,0
21797.631,0,0
23266.364,0,0
24901.003,0,0
26290.931,0,0
27716.351,0,0
29101.735,0,0
30118.935,0,0
30567.438,0,0
30816.355,0,0
31080.754,0,0
31161.815,0,0
30999.08,0,0
30806.099,0,0
30179.753,0,0
29535.809,0,0
28814.033,0,0
27970.679,0,0
27099.568,0,0
26019.274,0,0
25445.813,0,0
25379.699,0,0
25313.676,0,0
25247.743,0,0
24977.032,0,0
24401.231,0,0
23489.804,0,0
22529.476,0,0
21981.705,0,0
21947.161,0,0
21912.927,0,0
21879.004,0,0
21477.622,0,0
20908.501,0,0
20339.318,0,0
19770.071,0,0
19384.854,1,1
19083.712,1,1
18782.57,1,1
18581.428,1,1
18588.075,1,1
18902.59,1,1
19317.21,1,1
19583.43,0,0
19857.077,0,0
20264.681,0,0
20772.424,0,0
21180.306,0,0
21484.179,0,0
21583.94,0,0
21783.7,0,0
21883.46,0,0
21870.996,0,0
21629.404,0,0
21380.879,0,0
21128.711,0,0
20660.116,0,0
19466.462,1,1
18699.202,1,1
19206.668,1,1
19109.88,1,1
17809.869,1,1
15667.273,1,1
12366.233,1,1
9815.128,1,1
8846.743,1,1
9760.913,1,1
12423.714,1,1
14399.02,1,1
15654.36,1,1
17074.315,1,1
18620.394,1,1
20501.98,0,0
22235.066,0,0
22578.103,0,0
21585.727,0,0
20698.402,0,0
19595.083,0,0
19117.395,1,1
19314.412,1,1
20156.186,0,0
21724.331,0,0
22556.268,0,0
22308.907,0,0
21858.523,0,0
21382.873,0,0
21279.314,0,0
21425.151,0,0
21354.165,0,0
20955.975,0,0
21649.101,0,0
23537.155,0,0
25393.995,0,0
27033.681,0,0
27338.554,0,0
26121.687,0,0
25173.986,0,0
24451.647,0,0
24913.169,0,0
26273.644,0,0
27282.059,0,0
27934.761,0,0
28415.449,0,0
28759.338,0,0
28867.287,0,0
28596.051,0,0
27960.433,0,0
27357.798,0,0
26265.382,0,0
25207.592,0,0
24149.076,0,0
23089.835,0,0
22155.065,0,0
21708.706,0,0
21261.995,0,0
20814.932,0,0
20952.598,0,0
21675.911,0,0
22192.149,0,0
22625.405,0,0
22975.062,0,0
23240.888,0,0
23407.025,0,0
23673.473,0,0
24047.789,0,0
24224.231,0,0
24367.144,0,0
24510.519,0,0
24413.021,0,0
24074.124,0,0
23834.99,0,0
23495.619,0,0
23600.557,0,0
23940.972,0,0
24290.253,0,0
24540.476,0,0
24695.853,0,0
24885.161,0,0
24974.966,0,0
25032.8,0,0
24863.136,0,0
24763.018,0,0
24562.9,0,0
24462.782,0,0
24286.765,0,0
23737.386,0,0
22897.685,0,0
21972.516,0,0
20837.312,0,0
20024.4,0,0
18924.665,0,0
17480.334,0,0
15923.556,0,0
14332.167,0,0
12301.317,0,0
9888.984,0,0
9385.83,1,0
10814.59,0,0
11676.009,0,0
12630.735,0,0
12111.753,0,0
10596.299,0,0
9537.022,1,1
8807.357,1,1
8834.275,1,1
8807.761,1,1
9060.358,1,1
9539.248,0,1
9486.737,1,1
9058.331,1,1
8846.812,1,1
8868.511,1,1
8913.609,1,1
9077.127,1,1
9301.275,1,1
9674.047,0,0
9898.364,0,0
9962.319,0,0
10098.731,0,0
10182.799,0,0
10123.412,0,0
10021.106,0,0
10153.725,0,0
10597.769,0,0
10568.496,0,0
9824.538,0,0
9430.306,1,1
8825.079,1,1
8273.689,1,1
7886.744,1,1
8471.394,1,1
9652.51,0,0
11221.163,0,0
13216.397,0,0
14638.5,0,0
16094.458,0,0
16551.961,0,0
15900.895,0,0
14866.304,0,0
13299.947,0,0
11828.307,0,0
10762.97,0,0
9645.826,0,0
8670.663,1,1
8113.625,1,1
7799.228,1,1
7584.814,1,1
7370.382,1,1
8340.062,1,1
10695.671,0,0
13129.301,0,0
15518.122,0,0
18125.167,0,0
20504.068,0,0
22850.027,0,0
24500.331,0,0
25472.448,0,0
25588.613,0,0
25660.233,0,0
25632.132,0,0
25090.051,0,0
23649.354,0,0
21881.212,0,0
20111.661,0,0
19338.221,0,0
19868.583,0,0
20263.72,0,0
20659.113,0,0
21949.691,0,0
23392.067,0,0
24402.852,0,0
25109.19,0,0
25234.521,0,0
24583.036,0,0
24029.72,0,0
23476.161,0,0
22897.253,0,0
22172.425,0,0
21519.832,0,0
20766.952,0,0
20317.3,0,0
19841.16,0,0
19315.498,0,0
18889.511,0,0
17924.891,0,0
16584.597,0,0
14801.458,0,0
12989.397,0,0
11954.761,0,0
11595.891,0,0
10856.902,0,0
9783.531,0,0
8298.85,1,1
6336.13,1,1
4085.997,1,1
1938.512,1,1
843.466,1,1
896.187,1,1
1064.351,1,1
1244.796,1,1
779.873,1,1
0.0,1,1
0.0,1,1
0.0,1,1
0.0,1,1
0.0,1,1
0.0,1,1
0.0,1,1
0.0,1,1
0.0,1,1
0.0,1,1
0.0,1,1
0.0,1,1
103.431,1,1
3245.87,1,1
6182.995,1,1
8733.74,0,0
10641.293,0,0
12521.463,0,0
13891.019,0,0
14812.017,0,0
15205.746,0,0
15857.37,0,0
16677.671,0,0
18417.424,0,0
20626.51,0,0
22936.602,0,0
25053.372,0,0
26390.022,0,0
27294.971,0,0
28678.498,0,0
30372.51,0,0
31401.295,0,0
31849.447,0,0
32237.48,0,0
32537.997,0,0
33061.7,0,0
33471.805,0,0
33407.547,0,0
33423.967,0,0
33489.063,0,0
33532.811,0,0
33458.944,0,0
33252.047,0,0
32985.314,0,0
32858.667,0,0
32631.997,0,0
32405.305,0,0
32298.597,0,0
32211.897,0,0
32225.208,0,0
32138.53,0,0
31938.504,0,0
31725.112,0,0
31511.709,0,0
31298.295,0,0
30798.256,0,0
30211.608,0,0
29724.969,0,0
29138.339,0,0
28704.822,0,0
28524.378,0,0
28033.866,0,0
27549.886,0,0
27225.738,0,0
26961.553,0,0
26672.085,0,0
26372.066,1,1
26276.931,1,1
26428.937,1,1
26481.123,0,0
26527.347,0,0
26327.31,1,1
25880.854,1,1
25428.113,1,1
24975.251,1,1
24794.514,1,1
25135.13,1,1
25459.51,1,1
25784.005,1,1
26259.35,1,1
26458.516,0,0
26754.797,0,0
26886.998,0,0
26944.711,0,0
26951.679,0,0
26516.532,0,0
25828.123,1,1
25081.207,1,1
24362.096,1,1
24129.886,1,1
24411.527,1,1
24896.46,1,1
25480.181,1,1
26057.712,1,1
26420.153,1,1
26579.862,0,0
26502.986,0,0
26513.663,0,0
26615.021,0,0
26313.498,1,1
25803.976,1,1
26367.659,1,1
28118.508,0,0
29992.055,0,0
31929.323,0,0
32551.819,0,0
31774.078,0,0
31208.786,0,0
30787.734,0,0
30549.831,0,0
30194.005,0,0
29131.007,0,0
27677.05,0,0
27487.249,0,0
28334.228,0,0
29150.3,0,0
29426.045,0,0
29130.602,0,0
28137.952,0,0
27322.536,0,0
26956.702,0,0
27110.294,0,0
27698.768,0,0
28099.361,0,0
28348.216,0,0
29092.951,0,0
30172.702,0,0
31053.258,0,0
31854.157,0,0
32268.7,0,0
32453.08,0,0
32544.642,0,0
32343.388,0,0
32106.473,0,0
31611.208,0,0
31291.641,0,0
31461.641,0,0
31531.824,0,0
31538.746,0,0
31934.205,0,0
32527.879,0,0
32944.526,0,0
33311.593,0,0
33241.598,0,0
32974.363,0,0
32650.985,0,0
32227.456,0,0
31883.614,0,0
31619.548,0,0
31355.45,0,0
31191.319,0,0
30559.064,0,0
29658.709,0,0
28658.354,0,0
27757.999,0,0
27369.677,0,0
27393.472,0,0
27517.383,0,0
27641.408,0,0
27441.341,0,0
27017.012,0,0
26592.567,0,0
26168.008,0,0
26015.862,0,0
26136.34,0,0
26356.983,0,0
26257.376,0,0
26204.431,0,0
26131.323,0,0
26058.228,0,0
25985.148,0,0
25891.878,0,0
25878.404,0,0
25964.923,0,0
25951.435,0,0
25856.127,0,0
25549.233,0,0
25301.93,0,0
25042.368,0,0
24814.602,0,0
24830.325,0,0
24774.346,0,0
24627.748,1,1
24603.549,1,1
24602.533,1,1
24115.24,1,1
22850.472,1,1
21907.997,1,1
21166.396,1,1
20596.861,1,1
20410.758,1,1
20157.605,1,1
19808.676,1,1
21032.456,1,1
23746.097,1,1
26385.791,0,0
28931.051,0,0
29328.579,0,0
27717.791,0,0
26700.907,0,0
26488.238,0,0
26033.372,0,0
24386.55,1,1
21680.123,1,1
19100.786,1,1
18303.909,1,1
19063.286,1,1
18945.572,1,1
17889.664,1,1
18461.348,1,1
20734.585,1,1
22468.065,1,1
23662.599,1,1
25543.422,0,0
28035.827,0,0
31223.489,0,0
32938.947,0,0
32653.206,0,0
31846.094,0,0
30775.556,0,0
30204.718,0,0
30104.31,0,0
30476.917,0,0
30523.237,0,0
30016.921,0,0
29701.446,0,0
29574.042,0,0
30059.765,0,0
31254.898,0,0
32028.352,0,0
32479.983,0,0
32521.613,0,0
32241.598,0,0
31961.597,0,0
31681.609,0,0
31464.841,0,0
31411.249,0,0
31098.34,0,0
30842.545,0,0
30550.501,0,0
30322.307,0,0
30094.025,0,0
29822.515,0,0
29722.025,0,0
29792.751,0,0
29720.429,0,0
29748.216,0,0
29315.825,0,0
28223.075,0,0
27169.0,0,0
26068.323,0,0
25517.639,0,0
25617.229,0,0
25716.991,0,0
25788.387,0,0
25945.186,0,0
26030.928,0,0
26023.135,0,0
25904.074,0,0
25754.696,0,0
25674.952,0,0
25595.226,0,0
25500.0,0,0
25400.0,0,0
25300.0,0,0
25200.0,0,0
25100.0,0,0
25000.0,0,0
25000.0,0,0
25000.0,0,0
25000.0,0,0
24850.945,0,0
24482.766,0,0
24095.692,0,0
23699.5,0,0
23771.954,0,0
23952.284,0,0
23408.586,0,0
22145.411,0,0
20887.93,1,1
19845.041,1,1
19488.339,1,1
19914.08,1,1
20467.868,1,1
21118.866,1,1
21685.559,1,1
22042.987,0,0
22802.517,0,0
23718.255,0,0
23594.327,0,0
22111.506,0,0
20472.255,1,1
19003.887,1,1
18148.666,1,1
18073.164,1,1
17790.198,1,1
17200.029,1,1
17645.841,1,1
19012.552,1,1
19994.73,1,1
20696.929,1,1
21193.103,1,1
21680.966,1,1
21863.203,1,1
21830.892,1,1
21993.674,0,0
22277.184,0,0
22993.479,0,0
23732.885,0,0
23960.746,0,0
22808.146,0,0
21139.964,1,1
19887.269,1,1
20895.162,1,1
23635.01,0,0
26153.684,0,0
27692.36,0,0
28311.464,0,0
28608.761,0,0
29005.06,0,0
29498.915,0,0
29813.479,0,0
30049.345,0,0
30458.474,0,0
30833.382,0,0
30970.008,0,0
31000.0,0,0
30800.0,0,0
30600.0,0,0
30400.0,0,0
30200.0,0,0
30000.0,0,0
29900.0,0,0
29900.0,0,0
29800.0,0,0
29700.0,0,0
29700.0,0,0
29600.0,0,0
29600.0,0,0
29500.0,0,0
29400.0,0,0
29300.0,0,0
29200.0,0,0
28900.0,0,0
28400.0,0,0
27900.0,0,0
27400.0,0,0
27100.0,0,0
26900.0,0,0
26700.0,0,0
26600.0,0,0
26300.0,0,0
25900.0,0,0
25500.0,0,0
25100.0,0,0
24900.0,0,0
24700.0,0,0
24500.0,0,0
24300.0,0,0
24200.0,0,0
24200.0,0,0
24200.0,0,0
24200.0,0,0
24300.0,0,0
24500.0,0,0
24600.0,0,0
24768.086,0,0
24784.29,0,0
24630.609,0,0
24992.779,0,0
25606.254,0,0
26194.892,0,0
24416.92,0,0
24452.043,0,0
24479.252,0,0
23955.122,0,0
22858.642,0,0
21930.851,0,0
21176.392,0,0
19934.631,0,0
17942.221,1,1
17549.923,1,1
18798.454,1,1
19941.133,0,0
20807.927,0,0
21430.703,0,0
22314.693,0,0
23701.304,0,0
25598.076,0,0
25768.324,0,0
24423.206,0,0
23279.767,0,0
22459.682,0,0
21740.565,0,0
20914.723,0,0
19950.231,0,0
18744.438,1,1
18049.286,1,1
17856.505,1,1
16956.937,1,1
15208.872,1,1
14780.485,1,1
15576.119,1,1
16597.177,1,1
18053.696,1,1
18350.513,1,1
17739.479,1,1
17556.531,1,1
17665.901,1,1
18063.235,1,1
18656.289,1,1
19394.127,1,1
20442.957,0,0
22233.299,0,0
24197.825,0,0
25462.101,0,0
25890.548,0,0
26169.793,0,0
26398.752,0,0
26845.622,0,0
27602.41,0,0
28267.659,0,0
28703.901,0,0
28683.44,0,0
28483.157,0,0
28282.806,0,0
28054.72,0,0
27885.737,0,0
27684.779,0,0
27483.82,0,0
27282.86,0,0
27113.636,0,0
26776.059,0,0
26438.364,0,0
26100.553,0,0
25319.095,0,0
24021.44,0,0
21966.879,0,0
19853.424,1,1
18528.736,1,1
18770.526,1,1
18912.551,1,1
19154.809,1,1
19938.659,0,0
20997.894,0,0
22158.061,0,0
22993.375,0,0
22691.714,0,0
21251.877,0,0
19484.959,0,0
17716.867,0,0
16943.734,0,0
17273.066,0,0
17567.281,0,0
17861.836,0,0
18007.781,0,0
17904.86,0,0
17901.937,0,0
17899.011,0,0
17996.375,0,0
18194.031,0,0
18391.685,0,0
18589.337,0,0
19333.555,0,0
20492.07,0,0
21309.324,0,0
22042.121,0,0
21897.607,0,0
20930.476,0,0
19919.012,0,0
18985.348,0,0
17509.672,0,0
15179.427,0,0
13257.19,0,0
11550.856,0,0
10243.672,1,1
9608.268,1,1
9405.668,1,1
9388.938,1,1
9105.867,1,1
7862.05,1,1
5528.863,1,1
1950.931,1,1
65.204,1,1
82.53,1,1
797.568,1,1
2097.949,1,1
4060.07,1,1
6488.408,1,1
8708.69,1,1
10874.116,0,0
11444.154,0,0
11075.619,0,0
10785.289,1,1
10596.281,1,1
8970.232,1,1
5598.433,1,1
2973.051,1,1
1100.18,1,1
2125.939,1,1
6102.811,1,1
9756.167,1,1
12715.135,0,0
15574.389,0,0
17692.283,0,0
18842.024,0,0
19327.393,0,0
19944.968,0,0
20875.202,0,0
22918.572,0,0
25220.422,0,0
27357.083,0,0
29150.657,0,0
30696.422,0,0
32069.399,0,0
32865.166,0,0
33230.162,0,0
33432.877,0,0
33194.372,0,0
32747.701,0,0
31758.67,0,0
30695.519,0,0
29340.343,0,0
28629.358,0,0
28663.385,0,0
28697.526,0,0
28731.78,0,0
28498.121,0,0
28196.461,0,0
27894.799,0,0
27493.136,0,0
27052.966,0,0
26273.985,0,0
25257.275,0,0
24091.223,0,0
23256.481,0,0
22753.602,0,0
22250.72,0,0
21747.836,0,0
22348.953,0,0
23695.548,0,0
24483.482,0,0
25372.025,0,0
25815.941,0,0
26116.595,0,0
26317.156,0,0
26302.739,0,0
26327.697,0,0
26091.917,0,0
25956.18,0,0
25702.905,0,0
25619.722,0,0
25539.932,0,0
25560.153,0,0
25480.384,0,0
25497.242,0,0
25510.727,0,0
25524.221,0,0
25437.724,0,0
25424.438,0,0
25366.287,0,0
25300.753,0,0
25231.363,0,0
24942.773,0,0
24188.905,0,0
23588.305,0,0
23175.608,0,0
22633.461,0,0
21822.95,0,0
21067.016,0,0
20194.474,0,0
19264.618,0,0
18138.749,1,1
17489.269,1,1
17015.887,1,1
16564.353,1,1
15995.249,1,1
15591.41,1,1
15444.454,1,1
15148.989,1,1
14611.684,1,1
14617.637,1,1
15325.824,1,1
16021.322,1,1
16593.825,1,1
17011.334,1,1
17266.673,1,1
17452.434,1,1
17485.736,1,1
17413.217,1,1
16956.689,1,1
16508.034,1,1
15980.178,1,1
16457.236,1,1
17851.016,1,1
19067.128,1,1
20210.378,0,0
21096.457,0,0
21834.271,0,0
23015.183,0,0
24410.923,0,0
25201.52,0,0
25916.235,0,0
26845.577,0,0
28090.823,0,0
29447.301,0,0
30674.25,0,0
31438.546,0,0
32209.884,0,0
33253.83,0,0
33800.687,0,0
33845.996,0,0
33762.057,0,0
33529.601,0,0
33061.776,0,0
32611.127,0,0
31966.772,0,0
31222.118,0,0
30577.164,0,0
30326.934,0,0
30571.829,0,0
30816.956,0,0
31062.317,0,0
30862.907,0,0
30218.276,0,0
29436.691,0,0
28591.527,0,0
28018.099,0,0
27916.785,0,0
27715.469,0,0
27514.153,0,0
27044.896,0,0
26207.613,0,0
25470.213,0,0
24632.696,0,0
24536.864,1,0
25182.993,0,0
25811.422,0,0
26257.509,0,0
26255.854,0,0
25806.262,0,0
25356.593,0,0
25006.848,0,0
24706.263,1,1
24554.952,1,1
24503.718,1,1
24352.559,1,1
24725.21,1,1
25314.9,0,0
25825.993,0,0
25991.445,0,0
26034.971,0,0
26014.85,0,0
25894.718,0,0
25874.576,0,0
25758.981,0,0
25518.509,0,0
25266.407,0,0
25107.363,0,0
25164.213,0,0
25547.105,0,0
25549.121,0,0
25270.808,0,0
24669.968,1,1
23838.703,1,1
24158.482,1,1
25637.164,0,0
27736.004,0,0
29006.774,0,0
29165.128,0,0
27500.818,0,0
25205.877,0,0
24049.144,1,1
24016.338,1,1
25084.645,0,0
26308.358,0,0
27692.379,0,0
27574.149,0,0
24953.871,0,0
21491.876,1,1
18792.797,1,1
17744.842,1,1
18493.954,1,1
18364.012,1,1
17374.069,1,1
17512.503,1,1
18834.749,1,1
19302.177,1,1
19045.014,1,1
20014.99,1,1
22108.439,1,1
24924.006,1,1
26452.934,0,0
26437.535,0,0
26059.612,0,0
25541.072,0,0
25470.999,0,0
25904.66,0,0
26677.495,0,0
27604.862,0,0
28362.893,0,0
29150.508,0,0
30037.308,0,0
31002.189,0,0
32076.296,0,0
33084.908,0,0
33404.467,0,0
33516.455,0,0
33582.472,0,0
33692.1,0,0
33739.044,0,0
33700.0,0,0
33500.0,0,0
33300.0,0,0
33100.0,0,0
32900.0,0,0
32800.0,0,0
32700.0,0,0
32600.0,0,0
32400.0,0,0
32300.0,0,0
32100.0,0,0
31900.0,0,0
31800.0,0,0
31600.0,0,0
31500.0,0,0
31400.0,0,0
31000.0,0,0
30200.0,0,0
29500.0,0,0
28800.0,0,0
28400.0,0,0
28400.0,0,0
28300.0,0,0
28300.0,0,0
28100.0,0,0
27700.0,0,0
27300.0,0,0
27000.0,0,0
26700.0,0,0
26700.0,0,0
26600.0,0,0
26500.0,0,0
26400.0,0,0
26300.0,0,0
26200.0,0,0
26100.0,0,0
26100.0,0,0
26100.0,0,0
26200.0,0,0
26200.0,0,0
26128.229,0,0
25958.784,0,0
25779.217,0,0
25494.71,0,0
25161.599,1,1
24604.178,1,1
24020.149,1,1
23199.09,1,1
22426.091,1,1
21896.881,1,1
21537.793,1,1
21247.445,1,1
21293.199,1,1
21771.365,1,1
21473.115,1,1
20371.569,1,1
18734.503,1,1
16656.881,1,1
16106.055,1,1
17594.993,1,1
18706.844,1,1
19350.376,1,1
20384.434,1,1
21670.577,1,1
23150.241,1,1
24723.407,1,1
25843.006,0,0
26400.402,0,0
27080.817,0,0
27783.694,0,0
28358.863,0,0
29004.571,0,0
29642.303,0,0
30169.702,0,0
29825.357,0,0
28322.479,0,0
26772.828,0,0
25257.92,0,0
25247.781,1,0
26849.588,0,0
28382.853,0,0
29785.144,0,0
30387.564,0,0
30076.352,0,0
29902.431,0,0
30078.337,0,0
30454.244,0,0
30941.421,0,0
31267.062,0,0
31630.957,0,0
32069.465,0,0
32566.875,0,0
32860.262,0,0
33163.444,0,0
33311.571,0,0
33308.877,0,0
33200.0,0,0
33000.0,0,0
32862.376,0,0
32716.185,0,0
32493.052,0,0
32393.007,0,0
32292.963,0,0
32092.918,0,0
31976.342,0,0
31843.209,0,0
31710.044,0,0
31481.751,0,0
31192.0,0,0
30770.489,0,0
30348.791,0,0
30010.776,0,0
29016.735,0,0
27674.021,0,0
26103.495,0,0
24523.646,1,0
23817.636,0,0
23986.306,0,0
24155.202,0,0
24424.327,0,0
24899.914,0,0
25337.286,0,0
25829.617,0,0
26045.443,0,0
26290.716,0,0
26178.483,0,0
26158.556,0,0
26100.0,0,0
26000.0,0,0
25900.0,0,0
25900.0,0,0
25800.0,0,0
25800.0,0,0
25900.0,0,0
25900.0,0,0
25900.0,0,0
25926.481,0,0
25653.662,0,0
25470.585,0,0
25282.301,0,0
25000.15,0,0
24195.741,0,0
23000.752,0,0
22345.275,0,0
21546.579,1,1
20644.027,1,1
19754.346,1,1
18701.923,1,1
17826.514,1,1
17078.459,1,1
17147.402,1,1
18314.549,1,1
19886.607,1,1
20721.594,1,1
20634.435,1,1
19675.21,1,1
17557.617,1,1
15665.653,1,1
16178.098,1,1
19343.693,1,1
23168.152,0,0
25849.073,0,0
26377.04,0,0
26103.86,0,0
25670.649,0,0
25499.423,0,0
25296.031,0,0
24875.349,0,0
23975.935,0,0
22450.576,0,0
20988.756,1,1
19216.144,1,1
18007.782,1,1
17295.819,1,1
17586.055,1,1
18831.605,1,1
19858.805,1,1
20712.959,1,1
21872.094,0,0
23391.033,0,0
24353.803,0,0
24847.159,0,0
25207.454,0,0
25509.516,0,0
26381.596,0,0
27721.217,0,0
29080.155,0,0
30031.478,0,0
30749.573,0,0
31166.594,0,0
31412.502,0,0
31305.233,0,0
31073.618,0,0
30724.972,0,0
30476.177,0,0
30127.231,0,0
29753.477,0,0
29345.551,0,0
28974.286,0,0
28502.747,0,0
28333.578,0,0
28367.087,0,0
28300.732,0,0
28334.512,0,0
28368.429,0,0
28393.666,0,0
28391.474,0,0
28389.381,0,0
28385.089,0,0
28379.052,0,0
28285.173,0,0
28131.018,0,0
27667.082,0,0
26892.734,0,0
25978.768,0,0
24954.72,0,0
23905.251,0,0
23331.773,0,0
22758.11,0,0
22184.26,0,0
21576.153,0,0
20906.828,0,0
20088.502,0,0
19269.753,0,0
18303.792,0,0
17179.556,0,0
15625.245,0,0
14069.873,0,0
13289.685,0,0
13285.476,0,0
13281.265,0,0
13277.05,0,0
14185.437,0,0
15970.226,0,0
17382.339,0,0
18543.739,0,0
18986.01,0,0
18554.022,0,0
17482.93,0,0
15798.257,0,0
14555.002,0,0
13710.059,0,0
12889.375,0,0
12192.898,1,1
11735.024,1,1
11616.4,1,1
11390.93,1,1
11174.865,1,1
11679.449,1,1
12772.479,1,1
13561.662,0,0
14245.2,0,0
14434.108,0,0
14147.17,0,0
13862.92,0,0
13668.688,0,0
13481.498,0,0
13599.517,0,0
14397.835,0,0
15982.779,0,0
16782.906,0,0
16687.581,0,0
16683.686,0,0
16555.484,0,0
16700.449,0,0
17214.763,0,0
17149.48,0,0
16763.246,0,0
15944.082,0,0
14515.182,0,0
13442.427,0,0
12541.018,1,1
12237.281,1,1
12817.226,0,0
13628.741,0,0
14750.872,0,0
14995.264,0,0
14300.586,0,0
13836.383,0,0
13250.654,0,0
12620.417,1,1
11926.72,1,1
10992.506,1,1
9921.119,1,1
9003.45,1,1
8335.16,1,1
7508.24,1,1
6672.961,1,1
6642.781,1,1
7562.237,1,1
8519.386,1,1
9477.704,1,1
11315.241,1,1
14355.691,0,0
17435.473,0,0
20103.231,0,0
20253.725,0,0
18001.848,0,0
15362.873,0,0
12779.954,1,1
12261.839,1,1
14011.513,0,0
15763.066,0,0
17321.004,0,0
18141.413,0,0
18249.094,0,0
18357.292,0,0
18466.008,0,0
19290.594,0,0
20496.201,0,0
21399.883,0,0
22304.315,0,0
23150.007,0,0
23528.91,0,0
23808.276,0,0
24079.24,0,0
24376.336,0,0
24873.537,0,0
25081.909,0,0
25229.602,0,0
25337.595,0,0
25491.232,0,0
25644.906,0,0
25698.616,0,0
25800.0,0,0
25975.093,0,0
26141.469,0,0
26307.822,0,0
26306.581,0,0
26311.864,0,0
26206.696,0,0
26196.146,0,0
26110.379,0,0
25844.38,0,0
25454.689,0,0
24837.506,0,0
23780.878,0,0
21983.53,0,0
20472.484,0,0
19031.289,1,1
17429.322,1,1
15601.003,1,1
14469.557,1,1
14163.107,1,1
13913.508,1,1
13834.144,1,1
13809.467,1,1
13564.014,1,1
12960.491,1,1
11884.955,1,1
11998.857,1,1
13448.227,1,1
14744.754,1,1
15855.674,1,1
16172.028,1,1
15847.86,1,1
15707.109,1,1
15734.848,1,1
16046.166,1,1
16661.981,1,1
17032.954,1,1
17069.153,1,1
17946.964,1,1
19613.707,0,0
21483.037,0,0
22815.641,0,0
23168.205,0,0
22136.177,0,0
20604.732,0,0
19658.185,0,0
20105.654,0,0
21492.908,0,0
22886.314,0,0
24266.75,0,0
25975.082,0,0
27690.052,0,0
29107.943,0,0
30335.387,0,0
31391.966,0,0
32224.317,0,0
33039.168,0,0
33651.868,0,0
33900.0,0,0
33800.0,0,0
33700.0,0,0
33500.0,0,0
33362.186,0,0
33115.761,0,0
33019.042,0,0
32872.091,0,0
32700.0,0,0
32500.0,0,0
32200.0,0,0
32000.0,0,0
31800.0,0,0
31500.0,0,0
31300.0,0,0
31100.0,0,0
30900.0,0,0
30700.0,0,0
30500.0,0,0
30195.291,0,0
29875.273,0,0
29555.238,0,0
29355.223,0,0
29075.248,0,0
28895.283,0,0
28700.0,0,0
28400.0,0,0
28000.0,0,0
27600.0,0,0
27200.0,0,0
26900.0,0,0
26700.0,0,0
26500.0,0,0
26300.0,0,0
26100.0,0,0
26100.0,0,0
26000.0,0,0
26000.0,0,0
26100.0,0,0
26300.0,0,0
26600.0,0,0
26800.0,0,0
27100.0,0,0
27545.009,0,0
27906.024,0,0
28266.32,0,0
28430.497,0,0
28193.586,0,0
27703.683,0,0
26847.904,0,0
25865.836,0,0
24637.296,0,0
24152.024,1,1
24453.66,1,1
24697.204,0,0
24968.261,0,0
25007.848,0,0
25013.968,0,0
25335.738,0,0
25599.751,0,0
25544.424,0,0
24874.516,0,0
23947.398,1,1
22744.613,1,1
22469.431,1,1
23137.601,1,1
23699.666,1,1
24052.786,1,1
24008.276,1,1
23414.713,1,1
22876.097,1,1
22614.027,1,1
22021.354,1,1
21049.908,1,1
19434.585,1,1
17021.871,1,1
17342.775,1,1
20319.071,1,1
23215.613,1,1
25015.008,0,0
25288.615,0,0
25460.423,0,0
26045.582,0,0
26762.754,0,0
27194.458,0,0
27489.247,0,0
28070.553,0,0
28263.029,0,0
29074.284,0,0
29726.093,0,0
30380.71,0,0
30925.893,0,0
31789.688,0,0
32631.926,0,0
33227.87,0,0
33473.639,0,0
33708.173,0,0
33926.27,0,0
34100.777,0,0
34058.964,0,0
34017.258,0,0
33975.659,0,0
33632.873,0,0
32988.652,0,0
32283.687,0,0
31490.627,0,0
30894.072,0,0
30494.234,0,0
30194.328,0,0
29866.809,0,0
28990.018,0,0
27772.319,0,0
25899.403,0,0
23857.774,1,1
22645.711,1,1
22569.44,1,1
22458.384,1,1
22247.576,1,1
22191.127,0,0
21988.847,0,0
21886.566,0,0
21784.283,0,0
22012.413,0,0
22571.396,0,0
23082.448,0,0
23157.379,0,0
23262.395,0,0
23297.324,0,0
23332.345,0,0
23267.458,0,0
23709.381,0,0
24248.921,0,0
24697.126,0,0
25245.799,0,0
25291.758,0,0
25119.896,0,0
24919.447,0,0
24718.862,0,0
24499.015,0,0
24227.929,0,0
23944.128,0,0
23650.835,0,0
23221.407,0,0
22723.311,0,0
22180.891,0,0
21144.377,0,0
19980.453,0,0
18960.44,0,0
18091.497,0,0
17577.711,0,0
16663.177,0,0
15401.445,0,0
14433.528,0,0
14096.609,0,0
13627.784,0,0
13213.54,0,0
12492.474,1,1
11552.667,1,1
10641.977,1,1
9783.487,1,1
9595.448,1,1
10250.393,1,1
10352.578,1,1
9892.178,1,1
9234.412,1,1
8324.895,1,1
8304.039,1,1
9074.124,1,1
10314.454,1,1
11623.447,1,1
12282.43,1,1
12398.35,1,1
12889.82,1,1
13708.853,0,0
13977.899,0,0
13093.745,0,0
11890.178,1,1
9934.16,1,1
8837.032,1,1
8813.764,1,1
8802.622,1,1
8842.418,1,1
10442.081,1,1
13577.371,0,0
16758.723,0,0
19810.81,0,0
22054.585,0,0
23781.034,0,0
25330.482,0,0
26620.251,0,0
27263.614,0,0
27634.659,0,0
28055.455,0,0
28519.943,0,0
28640.624,0,0
28439.76,0,0
28238.896,0,0
28138.032,0,0
28179.39,0,0
28588.264,0,0
28755.484,0,0
28922.794,0,0
28587.57,0,0
27472.234,0,0
25937.791,0,0
24502.9,0,0
24301.576,0,0
25534.488,0,0
26667.848,0,0
27482.622,0,0
27316.298,0,0
26246.191,0,0
24844.062,0,0
23493.947,0,0
22426.352,0,0
21841.446,0,0
21256.622,0,0
20637.223,0,0
20337.925,0,0
20558.596,0,0
20644.533,0,0
20830.388,0,0
20045.767,0,0
18164.136,0,0
15933.177,1,1
13802.559,1,1
13336.557,1,1
14621.877,1,1
15877.641,1,1
17132.951,0,0
18729.04,0,0
20404.866,0,0
21980.428,0,0
22958.096,0,0
23396.183,0,0
23170.192,0,0
22931.797,0,0
22680.73,0,0
22729.719,0,0
23028.624,0,0
22781.217,0,0
22156.189,0,0
21215.683,0,0
19745.389,0,0
18390.967,0,0
17243.294,0,0
16511.156,0,0
16262.544,0,0
16090.434,1,1
15918.545,1,1
15516.878,1,1
15033.71,1,1
14579.694,1,1
14361.18,1,1
14105.337,1,1
13702.149,1,1
13539.473,1,1
13743.614,1,1
13819.085,1,1
13639.573,1,1
13571.137,1,1
13398.603,1,1
13533.781,1,1
13780.261,1,1
14284.631,1,1
14850.912,1,1
15526.177,1,1
16280.154,0,0
17180.337,0,0
18193.523,0,0
18786.864,0,0
19156.243,0,0
19836.114,0,0
21124.521,0,0
22088.213,0,0
22888.354,0,0
23941.805,0,0
24972.422,0,0
25732.912,0,0
26467.329,0,0
27292.624,0,0
28315.88,0,0
28844.21,0,0
28941.108,0,0
28972.536,0,0
28922.743,0,0
29465.521,0,0
30288.327,0,0
30577.896,0,0
30820.892,0,0
31093.86,0,0
31451.492,0,0
31586.535,0,0
31821.643,0,0
31836.951,0,0
31832.282,0,0
31827.707,0,0
31823.227,0,0
31867.038,0,0
31931.767,0,0
31954.96,0,0
31978.254,0,0
31800.544,0,0
31188.468,0,0
30453.403,0,0
29717.907,0,0
29316.961,0,0
29151.158,0,0
29085.714,0,0
28797.681,0,0
28605.904,0,0
28443.31,0,0
28380.643,0,0
28217.904,0,0
27986.213,0,0
27585.624,0,0
27185.035,0,0
26784.444,0,0
26771.014,0,0
26945.07,0,0
27128.456,0,0
27106.953,0,0
27036.39,0,0
27016.681,0,0
26896.949,0,0
26777.193,0,0
26714.724,0,0
26254.877,0,0
25745.417,0,0
24961.99,0,0
24697.335,0,0
24921.245,0,0
25132.477,0,0
25211.99,0,0
25066.532,0,0
24744.646,0,0
24243.774,0,0
23518.039,0,0
22901.768,0,0
22421.357,1,1
21938.744,1,1
21634.318,1,1
21204.793,1,1
20789.42,1,1
20655.817,1,1
21005.165,1,1
21454.0,1,1
21758.551,1,1
21680.745,1,1
21377.084,1,1
20857.691,1,1
20331.899,1,1
20285.631,1,1
20768.68,1,1
20881.2,1,1
20632.906,1,1
21080.68,1,1
22441.388,1,1
23515.936,0,0
24439.837,0,0
25533.731,0,0
26816.381,0,0
28027.678,0,0
29160.878,0,0
29100.385,0,0
28059.55,0,0
27388.915,0,0
27082.961,0,0
27255.08,0,0
27718.556,0,0
28194.334,0,0
28563.239,0,0
28504.091,0,0
28337.376,0,0
28515.895,0,0
29080.061,0,0
29573.848,0,0
30117.887,0,0
30973.557,0,0
31912.626,0,0
33099.417,0,0
33775.898,0,0
34057.988,0,0
34148.613,0,0
34186.563,0,0
34169.47,0,0
33946.667,0,0
33642.602,0,0
32985.535,0,0
32288.436,0,0
31544.818,0,0
31107.924,0,0
30670.596,0,0
30025.769,0,0
29493.09,0,0
29125.909,0,0
28658.461,0,0
28290.746,0,0
27395.994,0,0
25609.781,0,0
23739.868,0,0
21282.769,1,1
19195.9,1,1
17316.251,1,1
15388.902,1,1
13360.325,1,1
12647.532,1,1
13251.824,1,1
13756.62,1,1
14261.922,1,1
15074.242,1,1
15846.762,1,1
16555.744,1,1
17365.401,1,1
18667.153,1,1
20240.626,1,1
21612.809,1,1
22621.629,0,0
23558.901,0,0
24511.768,0,0
25294.177,0,0
25820.543,0,0
26103.82,0,0
26203.687,0,0
26203.553,0,0
26303.42,0,0
26118.172,0,0
25820.564,0,0
25411.972,0,0
24981.66,0,0
24658.605,0,0
24147.931,0,0
24247.452,0,0
24859.112,0,0
25383.117,0,0
25933.084,0,0
25602.124,0,0
24733.503,0,0
24028.231,0,0
23553.221,0,0
22849.912,0,0
22123.042,0,0
20469.995,1,1
17986.228,1,1
16980.622,1,1
17589.33,1,1
18113.502,1,1
18349.966,1,1
18321.869,1,1
18001.742,1,1
17515.716,1,1
17050.868,1,1
17838.08,1,1
19927.471,1,1
21725.54,1,1
22994.797,0,0
23463.47,0,0
23148.524,0,0
22697.336,0,0
22200.671,0,0
22201.948,0,0
22896.948,0,0
23347.917,0,0
23532.781,0,0
24282.629,0,0
25549.911,0,0
26808.261,0,0
28109.19,0,0
28729.537,0,0
28801.667,0,0
28903.795,0,0
29046.864,0,0
29921.854,0,0
31126.4,0,0
32069.515,0,0
32881.415,0,0
33364.176,0,0
33523.645,0,0
33566.001,0,0
33689.182,0,0
33792.093,0,0
33871.116,0,0
33800.0,0,0
33600.0,0,0
33400.0,0,0
33169.275,0,0
32977.83,0,0
32498.941,0,0
31728.116,0,0
30606.644,0,0
30065.44,0,0
30305.185,0,0
30545.155,0,0
30785.352,0,0
31151.047,0,0
31388.224,0,0
31708.619,0,0
31700.325,0,0
31223.242,0,0
30477.301,0,0
29631.329,0,0
28815.8,0,0
28494.027,0,0
28480.436,0,0
28459.233,0,0
28500.0,0,0
28300.0,0,0
28000.0,0,0
27662.472,0,0
27416.406,0,0
27047.28,0,0
26573.658,0,0
25933.772,0,0
25198.616,1,1
24804.29,1,1
24901.88,1,1
24999.518,1,1
25097.206,1,1
24825.13,1,1
24383.031,1,1
23940.636,1,1
23289.577,1,1
23029.135,1,1
23103.387,1,1
23173.402,1,1
23141.098,1,1
23512.369,1,1
24086.993,1,1
24403.402,1,1
24660.7,1,1
24182.219,1,1
23068.913,1,1
21183.182,1,1
19236.694,1,1
19348.926,1,1
21806.577,1,1
23797.985,1,1
25256.762,0,0
26294.767,0,0
27383.449,0,0
28315.593,0,0
29218.353,0,0
29613.17,0,0
29691.402,0,0
29959.525,0,0
30517.977,0,0
30981.296,0,0
31500.877,0,0
31583.777,0,0
31445.244,0,0
31083.101,0,0
30497.948,0,0
30116.416,0,0
30000.262,0,0
29567.215,0,0
28936.349,0,0
29062.704,0,0
29939.256,0,0
31043.037,0,0
32215.441,0,0
32849.79,0,0
32864.036,0,0
32840.777,0,0
33026.231,0,0
32911.432,0,0
32450.165,0,0
32102.538,0,0
31870.137,0,0
31859.351,0,0
32170.515,0,0
32264.336,0,0
32341.888,0,0
32450.037,0,0
32587.829,0,0
32699.275,0,0
32639.199,0,0
32344.857,0,0
32174.644,0,0
32178.92,0,0
32340.486,0,0
32245.919,0,0
32100.0,0,0
32000.0,0,0
31900.0,0,0
31800.0,0,0
31600.0,0,0
31600.0,0,0
31500.0,0,0
31400.0,0,0
31400.0,0,0
31300.0,0,0
31100.0,0,0
30975.543,0,0
30802.943,0,0
30366.633,0,0
29866.622,0,0
29266.611,0,0
28666.599,0,0
28402.89,0,0
28175.519,0,0
28000.0,0,0
27800.0,0,0
27500.0,0,0
27300.0,0,0
27000.0,0,0
26700.0,0,0
26500.0,0,0
26300.0,0,0
26100.0,0,0
25900.0,0,0
25800.0,0,0
25700.0,0,0
25700.0,0,0
25700.0,0,0
25800.0,0,0
26100.0,0,0
26300.0,0,0
26600.0,0,0
26743.544,0,0
26706.843,0,0
26660.756,0,0
26609.922,0,0
26250.621,0,0
25535.179,0,0
25071.534,0,0
24653.351,0,0
23541.797,0,0
21461.08,0,0
19958.137,0,0
19708.705,1,1
19412.387,1,1
18900.882,1,1
18716.706,1,1
19075.357,1,1
20016.484,0,0
20797.711,0,0
20760.021,0,0
19772.871,1,1
17982.327,1,1
16698.597,1,1
16048.457,1,1
16038.525,1,1
15770.259,1,1
15145.908,1,1
15113.556,1,1
15578.664,1,1
15549.505,1,1
15032.543,1,1
15663.175,1,1
17419.357,1,1
18807.53,1,1
19907.471,0,0
20118.44,0,0
19421.469,1,1
19150.644,1,1
19272.931,1,1
19477.833,1,1
19846.159,1,1
20189.247,0,0
20338.72,0,0
21328.577,0,0
22886.314,0,0
24578.662,0,0
26027.373,0,0
26945.404,0,0
27717.269,0,0
28428.016,0,0
29637.409,0,0
30949.117,0,0
31808.015,0,0
32363.084,0,0
32640.064,0,0
32875.255,0,0
33065.68,0,0
33000.0,0,0
32800.0,0,0
32600.0,0,0
32400.0,0,0
32300.0,0,0
32200.0,0,0
32100.0,0,0
32000.0,0,0
31800.0,0,0
31600.0,0,0
31300.0,0,0
31100.0,0,0
30900.0,0,0
30700.0,0,0
30500.0,0,0
30400.0,0,0
30100.0,0,0
29700.0,0,0
29300.0,0,0
28800.0,0,0
28500.0,0,0
28300.0,0,0
28000.0,0,0
27800.0,0,0
27575.571,0,0
27176.673,0,0
26783.031,0,0
26111.016,0,0
25606.291,0,0
25268.999,0,0
25031.737,1,1
24694.508,1,1
24573.061,1,1
24767.409,1,1
24961.804,1,1
25156.247,1,1
25334.986,0,0
25498.001,0,0
25661.037,0,0
25806.865,0,0
25933.561,0,0
25945.721,0,0
25946.622,0,0
25941.603,0,0
26009.483,0,0
26073.13,0,0
25880.583,0,0
25229.226,1,1
24696.066,1,1
24230.878,1,1
24266.655,1,1
24620.131,1,1
25238.447,1,1
26120.158,0,0
26009.622,0,0
24880.291,1,1
23691.435,1,1
22466.667,1,1
22049.375,1,1
22343.215,1,1
22342.223,1,1
22168.873,1,1
22841.144,1,1
24156.692,1,1
25643.871,0,0
26957.489,0,0
27498.627,0,0
27394.566,0,0
27211.475,0,0
26791.944,0,0
26865.506,0,0
27336.959,0,0
27587.612,0,0
27614.903,0,0
27520.118,0,0
27402.738,0,0
27383.967,0,0
27431.819,0,0
27114.833,0,0
26011.202,0,0
24982.856,1,1
24206.061,1,1
24786.806,1,1
26320.216,0,0
27755.783,0,0
29342.516,0,0
30341.654,0,0
30964.476,0,0
31683.333,0,0
32591.494,0,0
33081.537,0,0
33387.718,0,0
33426.313,0,0
33297.984,0,0
33217.823,0,0
33279.183,0,0
33300.0,0,0
33200.0,0,0
33100.0,0,0
33000.0,0,0
32900.0,0,0
32700.0,0,0
32600.0,0,0
32400.0,0,0
32200.0,0,0
31900.0,0,0
31600.0,0,0
31400.0,0,0
31100.0,0,0
31000.0,0,0
30800.0,0,0
30600.0,0,0
30300.0,0,0
29700.0,0,0
29100.0,0,0
28400.0,0,0
28100.0,0,0
28000.0,0,0
27800.0,0,0
27665.687,0,0
27436.025,0,0
27216.252,0,0
26896.478,0,0
26676.704,0,0
26453.629,0,0
26227.248,0,0
25993.181,0,0
25667.344,0,0
25567.33,1,1
25593.155,1,1
25627.212,1,1
25553.586,1,1
25576.658,1,1
25596.43,1,1
25616.206,1,1
25635.985,0,0
25684.99,0,0
25751.785,0,0
25813.805,0,0
25873.272,0,0
25993.651,0,0
26176.282,0,0
26302.875,0,0
26170.149,0,0
26292.969,0,0
26772.989,0,0
26345.938,0,0
25083.939,1,1
23538.311,1,1
21699.556,1,1
21611.573,1,1
23795.373,1,1
25748.881,0,0
27294.276,0,0
27729.192,0,0
26852.216,0,0
26102.23,0,0
25604.676,1,1
25323.872,1,1
25467.75,1,1
25510.959,1,1
25457.943,1,1
25415.631,1,1
25283.724,1,1
24763.971,1,1
23669.783,1,1
24162.871,1,1
26226.989,0,0
28177.185,0,0
29996.602,0,0
29867.712,0,0
27946.611,0,0
26023.47,0,0
24096.25,1,1
24288.047,1,1
26381.901,0,0
28383.172,0,0
29732.145,0,0
30396.238,0,0
30506.94,0,0
30882.096,0,0
31247.384,0,0
31169.743,0,0
30754.148,0,0
30682.123,0,0
30853.953,0,0
31458.954,0,0
32189.66,0,0
32697.556,0,0
33145.214,0,0
33343.729,0,0
33313.628,0,0
33082.326,0,0
32800.0,0,0
32500.0,0,0
32200.0,0,0
32000.0,0,0
32000.0,0,0
31900.0,0,0
31900.0,0,0
31800.0,0,0
31700.0,0,0
31600.0,0,0
31500.0,0,0
31400.0,0,0
31300.0,0,0
31200.0,0,0
31000.0,0,0
30700.0,0,0
30100.0,0,0
29600.0,0,0
29000.0,0,0
28600.0,0,0
28500.0,0,0
28400.0,0,0
28300.0,0,0
28100.0,0,0
27700.0,0,0
27400.0,0,0
27100.0,0,0
26800.0,0,0
26700.0,0,0
26600.0,0,0
26500.0,0,0
26382.0,0,0
26248.696,0,0
26115.336,0,0
25881.92,0,0
25851.791,0,0
25824.96,0,0
25790.298,0,0
25662.478,0,0
25724.081,0,0
25775.327,0,0
25773.371,0,0
25767.527,0,0
25772.317,0,0
25889.135,0,0
25507.026,0,0
24817.013,0,0
23957.076,1,1
22939.113,1,1
22052.638,1,1
21331.249,1,1
21340.477,1,1
22194.328,1,1
22471.643,1,1
22058.45,1,1
21176.645,1,1
20090.897,1,1
19961.143,1,1
21123.415,1,1
22156.568,1,1
23242.882,1,1
23600.512,1,1
23367.7,1,1
23297.787,1,1
23304.548,1,1
23348.432,1,1
23333.28,1,1
22866.138,1,1
22157.047,1,1
22501.848,1,1
23784.758,1,1
24653.772,0,0
24925.981,0,0
24934.407,0,0
24899.137,0,0
25212.911,0,0
25901.039,0,0
26198.636,0,0
26360.916,0,0
26593.063,0,0
26977.211,0,0
27477.406,0,0
28240.905,0,0
28823.914,0,0
29315.01,0,0
29749.597,0,0
30229.125,0,0
30929.368,0,0
31633.225,0,0
32222.677,0,0
32670.64,0,0
33054.862,0,0
33410.774,0,0
33625.26,0,0
33817.816,0,0
33800.0,0,0
33600.0,0,0
33400.0,0,0
33200.0,0,0
33000.0,0,0
32900.0,0,0
32800.0,0,0
32678.738,0,0
32422.329,0,0
32275.82,0,0
32129.264,0,0
31912.271,0,0
31521.829,0,0
31162.969,0,0
30803.975,0,0
30444.847,0,0
30255.608,0,0
30036.65,0,0
29825.294,0,0
29305.245,0,0
29045.242,0,0
28945.224,0,0
28845.205,0,0
28745.186,0,0
28568.555,0,0
28300.0,0,0
27900.0,0,0
27600.0,0,0
27300.0,0,0
27100.0,0,0
26800.0,0,0
26600.0,0,0
26500.0,0,0
26500.0,0,0
26500.0,0,0
26465.083,0,0
26438.237,0,0
26424.799,0,0
26411.355,0,0
26397.904,0,0
26442.408,0,0
26304.983,0,0
26088.438,0,0
25866.553,0,0
25667.976,1,1
25409.299,1,1
24550.81,1,1
23601.819,1,1
23078.687,1,1
22933.048,1,1
22618.964,1,1
21852.673,1,1
20899.369,1,1
20099.572,1,1
19931.069,1,1
20818.18,1,1
21418.215,1,1
21767.723,1,1
21934.506,1,1
21845.474,1,1
21691.727,1,1
21561.072,1,1
21865.515,1,1
22872.559,1,1
23926.161,1,1
25111.693,1,1
25852.471,0,0
26143.471,0,0
26304.954,0,0
26157.508,0,0
26127.904,0,0
26118.569,0,0
25841.538,1,1
25307.44,1,1
25877.347,0,0
27693.958,0,0
29639.255,0,0
31257.447,0,0
31454.556,0,0
30544.883,0,0
29851.445,0,0
29451.287,0,0
29344.683,0,0
29332.224,0,0
28984.288,0,0
28728.812,0,0
29334.667,0,0
30500.224,0,0
31307.501,0,0
31718.044,0,0
31912.997,0,0
32017.587,0,0
32310.618,0,0
32895.005,0,0
33328.763,0,0
33462.357,0,0
33679.753,0,0
33796.496,0,0
33745.777,0,0
33612.206,0,0
33475.354,0,0
33400.0,0,0
33300.0,0,0
33200.0,0,0
33100.0,0,0
32900.0,0,0
32785.299,0,0
32505.301,0,0
32351.929,0,0
32125.212,0,0
31990.707,0,0
31763.308,0,0
31331.362,0,0
30794.95,0,0
30258.582,0,0
29704.847,0,0
29411.473,0,0
29311.425,0,0
29311.377,0,0
29211.329,0,0
29011.297,0,0
28611.281,0,0
28211.265,0,0
27811.249,0,0
27604.532,0,0
27358.068,0,0
27094.146,0,0
26830.201,0,0
26778.066,0,0
26807.714,0,0
26841.18,0,0
26774.656,0,0
26764.582,0,0
26710.935,0,0
26497.775,0,0
26241.788,0,0
26136.876,0,0
25949.82,0,0
26183.578,0,0
26843.56,0,0
27295.657,0,0
25860.668,0,0
25662.168,0,0
25363.786,0,0
24608.962,0,0
23470.052,0,0
22662.125,0,0
22318.701,0,0
22134.096,0,0
21879.128,0,0
21974.811,0,0
22672.295,0,0
22846.311,0,0
21941.13,0,0
19491.917,0,0
15531.89,1,1
14011.861,1,1
15032.936,1,1
16320.778,1,1
18049.468,1,1
19592.562,0,0
20597.242,0,0
20807.987,0,0
20218.495,0,0
18875.108,0,0
17085.075,1,1
17390.234,1,1
19660.711,0,0
20965.052,0,0
21421.506,0,0
22086.199,0,0
22736.458,0,0
23233.141,0,0
23531.465,0,0
23494.296,0,0
23492.063,0,0
23094.825,0,0
22120.038,0,0
20511.629,0,0
18511.614,1,1
17732.746,1,1
18862.072,0,0
20809.175,0,0
23159.06,0,0
24428.881,0,0
24700.987,0,0
24476.329,0,0
23768.522,0,0
22650.761,0,0
20897.945,0,0
19130.654,0,0
17435.544,1,1
15874.77,1,1
14397.388,1,1
12918.818,1,1
11439.058,1,1
10937.541,1,1
11215.447,1,1
11593.735,1,1
11872.406,1,1
12345.784,1,1
13014.261,1,1
13583.646,1,1
14153.942,1,1
15790.1,1,1
18370.889,1,1
20834.459,0,0
22921.696,0,0
24274.88,0,0
24628.825,0,0
24983.64,0,0
25239.325,0,0
25465.717,0,0
25362.159,0,0
25358.597,0,0
25355.029,0,0
23858.397,0,0
20562.133,0,0
16539.661,1,1
11953.064,1,1
11848.849,1,1
16228.787,1,1
19991.067,1,1
22691.369,0,0
23655.713,0,0
23415.137,0,0
23084.626,0,0
22732.566,0,0
22604.571,0,0
22700.93,0,0
22697.283,0,0
22693.632,0,0
23100.539,0,0
23549.297,0,0
23897.646,0,0
24240.447,0,0
24182.445,0,0
23516.874,0,0
22798.719,0,0
22198.17,0,0
21813.664,0,0
21494.359,0,0
21310.782,0,0
21186.869,0,0
20807.211,0,0
20550.732,0,0
20365.543,0,0
20089.395,1,1
19006.304,1,1
17366.948,1,1
15969.157,1,1
14933.695,1,1
13578.599,1,1
11415.65,1,1
9755.845,1,1
8732.96,1,1
7454.056,1,1
6315.735,1,1
5428.355,1,1
4707.599,1,1
5771.865,1,1
8601.699,1,1
10976.455,1,1
12997.562,1,1
15648.787,1,1
18167.526,1,1
20333.038,0,0
21908.495,0,0
23154.21,0,0
24117.24,0,0
24443.87,0,0
24235.362,0,0
24032.511,0,0
23877.013,0,0
25321.694,0,0
27613.768,0,0
29383.156,0,0
30691.786,0,0
31715.459,0,0
32592.141,0,0
33227.963,0,0
33012.014,0,0
32757.214,0,0
32031.687,0,0
32134.4,0,0
32926.359,0,0
33543.446,0,0
34090.46,0,0
34422.135,0,0
34665.093,0,0
35008.603,0,0
35144.564,0,0
35023.501,0,0
34632.156,0,0
34279.892,0,0
33781.268,0,0
33357.537,0,0
32908.698,0,0
32459.229,0,0
31881.906,0,0
31884.408,0,0
32403.606,0,0
32850.139,0,0
33106.403,0,0
32817.86,0,0
31925.371,0,0
30971.613,0,0
30071.249,0,0
29020.899,0,0
28000.884,0,0
26706.208,0,0
24934.426,0,0
23495.246,0,0
22597.254,0,0
21798.834,0,0
20864.618,0,0
21154.274,0,0
22462.837,0,0
23772.503,0,0
24369.041,0,0
23890.377,0,0
21419.731,0,0
18010.446,0,0
13671.106,0,0
11249.784,0,0
11342.414,0,0
11535.037,0,0
11627.654,0,0
11308.549,0,0
10649.261,0,0
9879.219,0,0
9214.111,0,0
9330.936,0,0
10248.799,0,0
11131.761,0,0
11801.668,0,0
12729.014,0,0
13517.286,0,0
14132.495,0,0
14392.443,0,0
13053.178,0,0
10102.476,0,0
8093.592,0,0
7197.876,0,0
5921.303,0,0
4348.932,0,0
2190.263,0,0
0.0,1,1
0.0,1,1
0.0,1,1
0.0,1,1
0.0,1,1
0.0,1,1
0.0,1,1
0.0,1,1
0.0,1,1
0.0,1,1
0.0,1,1
0.0,1,1
0.0,1,1
0.0,1,1
0.0,1,1
0.0,1,1
0.0,1,1
0.0,1,1
0.0,1,1
0.0,1,1
0.0,1,1
0.0,1,1
0.0,1,1
0.0,1,1
0.0,0,0
0.0,0,0
0.0,0,0
0.0,0,0
754.664,0,0
3564.892,0,0
5916.138,0,0
8125.79,0,0
10478.448,0,0
10568.338,0,0
8510.875,0,0
6302.239,0,0
4139.72,0,0
2172.337,0,0
670.804,0,0
0.0,0,0
0.0,0,0
0.0,0,0
0.0,0,0
0.0,0,0
810.813,0,0
1977.194,0,0
2859.184,0,0
3741.774,0,0
4766.678,0,0
5537.942,0,0
5942.674,0,0
6447.765,0,0
6953.214,0,0
6446.41,0,0
4926.808,0,0
3506.84,0,0
1986.505,0,0
2016.556,1,1
3597.492,1,1
5350.804,0,0
7113.916,0,0
6911.982,0,0
4644.499,0,0
2486.197,1,1
399.681,1,1
0.0,1,1
0.0,1,1
138.621,1,1
371.704,1,1
803.734,1,1
1334.781,1,1
1966.007,1,1
2524.137,1,1
2326.254,1,1
1452.252,1,1
578.067,1,1
0.0,1,1
910.606,1,1
4508.632,1,1
8203.707,0,0
12056.772,0,0
14332.589,0,0
14488.489,0,0
14037.931,0,0
13108.294,0,0
12257.603,0,0
12705.731,0,0
12392.912,0,0
10457.607,0,0
9335.284,0,0
9155.153,0,0
9651.631,0,0
10730.582,0,0
11825.788,0,0
12974.139,0,0
13499.132,0,0
13084.719,0,0
12415.971,0,0
11772.923,0,0
11521.99,0,0
11517.548,0,0
11045.856,0,0
9997.134,0,0
9253.051,0,0
9008.689,0,0
7890.945,0,0
5317.373,0,0
2926.247,1,1
367.648,1,1
0.0,1,1
610.261,1,1
2131.937,1,1
4293.571,1,1
6765.21,0,0
9227.473,0,0
11427.622,0,0
13664.557,0,0
15336.418,0,0
16441.342,0,0
17021.814,0,0
17208.217,0,0
16976.353,0,0
16192.243,0,0
15733.136,0,0
15689.338,0,0
16630.365,0,0
18953.544,0,0
21147.518,0,0
23082.871,0,0
25621.678,0,0
27987.207,0,0
30105.357,0,0
31394.542,0,0
32198.281,0,0
32666.554,0,0
33053.906,0,0
33513.565,0,0
33423.337,0,0
33165.909,0,0
32922.069,0,0
32576.56,0,0
32253.612,0,0
31953.32,0,0
31753.027,0,0
31452.734,0,0
31252.44,0,0
31152.147,0,0
31051.854,0,0
30951.56,0,0
30279.306,0,0
29234.96,0,0
28090.169,0,0
26819.233,0,0
25949.295,0,0
25580.531,0,0
25211.766,0,0
24843.002,0,0
24340.451,0,0
23480.359,0,0
22572.259,0,0
21664.058,0,0
20430.313,0,0
18643.628,1,1
16406.197,1,1
14268.424,1,1
12978.59,1,1
12878.59,1,1
12778.59,1,1
12778.59,1,1
14291.697,1,1
17076.639,1,1
19587.403,0,0
21554.427,0,0
22176.759,0,0
21573.006,0,0
20911.387,0,0
20244.769,0,0
19392.989,0,0
18270.622,1,1
17151.393,1,1
16918.334,1,1
16537.987,1,1
15628.597,1,1
15119.633,1,1
14734.807,1,1
16017.899,1,1
18532.267,1,1
19991.181,0,0
20566.908,0,0
19509.647,0,0
16886.636,1,1
16155.22,1,1
17364.871,1,1
19482.568,0,0
22163.947,0,0
23357.748,0,0
23405.296,0,0
22415.03,0,0
20485.394,0,0
19533.554,0,0
19350.776,0,0
20839.29,0,0
24086.098,0,0
25450.008,0,0
25251.657,0,0
24846.473,0,0
24283.759,0,0
23396.086,0,0
22262.218,0,0
20383.375,0,0
17819.701,1,1
17817.512,1,1
19864.562,0,0
21445.499,0,0
21854.032,0,0
21609.42,0,0
20809.857,0,0
21081.392,0,0
22481.277,0,0
24103.362,0,0
25988.984,0,0
27327.692,0,0
28489.307,0,0
29395.829,0,0
30256.484,0,0
30570.946,0,0
30358.578,0,0
30021.495,0,0
29527.874,0,0
28429.444,0,0
27143.749,0,0
25857.15,0,0
24172.833,0,0
23143.605,0,0
22602.728,0,0
22161.567,0,0
21720.121,0,0
21109.857,0,0
20430.565,0,0
19750.705,0,0
18970.867,1,0
19069.115,0,0
19940.986,0,0
20749.464,0,0
21558.786,0,0
23098.987,0,0
24661.992,0,0
26018.189,0,0
26556.402,0,0
26826.035,0,0
26990.714,0,0
27037.21,0,0
27083.804,0,0
26686.375,0,0
25717.939,0,0
24677.014,0,0
23535.465,0,0
22712.405,0,0
22510.658,0,0
22308.91,0,0
22107.161,0,0
22005.192,0,0
21903.002,0,0
21800.811,0,0
21698.618,0,0
20681.176,0,0
18747.559,1,1
16321.526,1,1
13659.384,1,1
13046.467,1,1
14487.874,1,1
15803.992,1,1
17212.129,1,1
18215.811,1,1
19036.885,0,0
19817.183,0,0
19995.463,0,0
19531.512,0,0
18565.685,1,1
17748.078,1,1
17085.378,1,1
16903.828,1,1
16916.228,1,1
17047.662,1,1
17255.633,1,1
16854.4,1,1
16210.962,1,1
16006.624,1,1
16310.329,1,1
16610.925,1,1
16886.132,1,1
17255.812,1,1
17712.893,1,1
18329.763,1,1
18992.541,0,0
19422.003,0,0
19531.094,0,0
19508.534,0,0
19150.83,0,0
19723.934,0,0
20906.154,0,0
21930.241,0,0
22839.07,0,0
22612.214,0,0
21360.289,0,0
20394.744,0,0
19902.14,0,0
20754.276,0,0
22860.268,0,0
24624.208,0,0
25728.739,0,0
26853.807,0,0
27980.391,0,0
28971.658,0,0
29829.134,0,0
30594.578,0,0
31464.242,0,0
32125.738,0,0
32867.393,0,0
33404.137,0,0
33780.65,0,0
34173.983,0,0
34624.808,0,0
34900.202,0,0
34900.743,0,0
34739.825,0,0
34374.377,0,0
34108.842,0,0
33513.312,0,0
33156.677,0,0
33056.302,0,0
32955.926,0,0
32955.55,0,0
33043.209,0,0
33127.754,0,0
33106.572,0,0
33085.483,0,0
32892.059,0,0
32626.163,0,0
32360.179,0,0
32061.538,0,0
31435.4,0,0
30898.217,0,0
30361.108,0,0
29706.841,0,0
29439.822,0,0
29392.706,0,0
29345.643,0,0
29398.635,0,0
29200.0,0,0
28900.0,0,0
28600.0,0,0
28400.0,0,0
28100.0,0,0
27800.0,0,0
27500.0,0,0
27200.0,0,0
27100.0,0,0
27000.0,0,0
26900.0,0,0
26900.0,0,0
26900.0,0,0
26900.0,0,0
26900.0,0,0
26900.0,0,0
26886.376,0,0
26628.003,0,0
26457.784,0,0
26282.033,0,0
25948.919,0,0
25782.968,0,0
25497.831,0,0
24906.409,0,0
24034.908,0,0
23043.103,0,0
22133.992,1,1
21687.009,1,1
21464.905,1,1
21695.423,1,1
21449.248,1,1
20599.368,1,1
19175.816,1,1
17566.555,1,1
16878.665,1,1
17446.694,1,1
17833.393,1,1
17891.806,1,1
18230.607,1,1
18657.549,1,1
19124.506,1,1
19598.447,1,1
20246.517,1,1
21076.694,1,1
21804.577,1,1
22320.851,1,1
22552.597,0,1
22424.988,1,1
22035.751,1,1
21503.074,1,1
21643.032,1,1
22594.038,0,0
23387.712,0,0
23915.579,0,0
24467.124,0,0
24967.244,0,0
25477.264,0,0
25934.183,0,0
26864.476,0,0
28208.463,0,0
29401.743,0,0
30524.238,0,0
31372.412,0,0
32213.057,0,0
33056.072,0,0
33766.332,0,0
34145.987,0,0
34269.559,0,0
34447.588,0,0
34554.413,0,0
34837.996,0,0
35089.734,0,0
35100.0,0,0
34900.0,0,0
34700.0,0,0
34500.0,0,0
34300.0,0,0
34100.0,0,0
33900.0,0,0
33800.0,0,0
33600.0,0,0
33400.0,0,0
33300.0,0,0
33100.0,0,0
33000.0,0,0
32865.178,0,0
32725.02,0,0
32584.835,0,0
32158.007,0,0
31444.549,0,0
30731.08,0,0
30117.599,0,0
29689.646,0,0
29361.744,0,0
29133.886,0,0
28806.072,0,0
28510.21,0,0
28246.269,0,0
27882.327,0,0
27618.386,0,0
27318.423,0,0
27182.432,0,0
27046.429,0,0
26910.416,0,0
26810.474,0,0
26746.622,0,0
26682.78,0,0
26618.949,0,0
26199.625,0,0
25153.924,0,0
23834.037,0,0
22068.392,0,0
21585.232,0,0
22838.042,0,0
23651.602,0,0
24314.345,0,0
24353.047,0,0
23635.73,0,0
23005.818,0,0
22306.457,0,0
21811.467,0,0
21606.024,0,0
21101.799,0,0
20178.56,0,0
19393.738,0,0
18705.259,1,1
18166.365,1,1
18081.993,1,1
18198.931,1,1
18672.229,1,1
19013.36,1,1
18767.811,1,1
18493.988,1,1
18392.503,1,1
18207.172,1,1
17857.745,1,1
17383.187,1,1
16887.542,1,1
16798.387,1,1
17324.134,1,1
17649.548,1,1
17976.124,1,1
18265.611,1,1
18712.025,1,1
18953.719,1,1
19069.638,1,1
19039.3,1,1
18953.481,1,1
19012.927,1,1
19170.605,0,0
19942.506,0,0
20947.014,0,0
22063.592,0,0
23111.913,0,0
24414.395,0,0
25826.776,0,0
26971.773,0,0
28107.288,0,0
29617.401,0,0
31406.071,0,0
32548.098,0,0
33156.13,0,0
33699.897,0,0
34249.114,0,0
34682.051,0,0
35020.206,0,0
35161.584,0,0
35306.42,0,0
35306.058,0,0
34979.546,0,0
34753.007,0,0
34526.441,0,0
34313.101,0,0
34113.006,0,0
33912.912,0,0
33812.817,0,0
33480.851,0,0
33132.141,0,0
32683.137,0,0
32111.305,0,0
31589.085,0,0
31289.184,0,0
30989.182,0,0
30689.078,0,0
30337.571,0,0
29734.888,0,0
29232.407,0,0
28730.126,0,0
28453.145,0,0
28546.362,0,0
28505.563,0,0
28564.791,0,0
28539.954,0,0
28431.08,0,0
28304.864,0,0
28044.926,0,0
27828.197,0,0
27383.045,0,0
26832.213,0,0
26381.321,0,0
26213.076,0,0
26627.628,0,0
27042.32,0,0
27074.869,0,0
27091.574,0,0
27038.023,0,0
26826.18,0,0
26570.65,0,0
26223.174,0,0
25820.89,0,0
25139.286,0,0
24453.34,0,0
24475.801,0,0
25206.59,0,0
25501.081,0,0
25467.741,0,0
24878.062,0,0
23698.667,0,0
22848.006,0,0
22463.918,0,0
21818.75,0,0
21227.673,0,0
21323.503,0,0
22346.395,0,0
22933.83,0,0
23077.505,0,0
21857.132,0,0
19582.548,0,0
18321.398,0,0
18135.2,0,0
17993.602,0,0
16753.174,0,0
13936.177,0,0
10906.495,0,0
10646.123,0,0
13007.604,0,0
14571.364,0,0
15209.849,0,0
15117.635,0,0
14151.496,0,0
13201.46,0,0
12613.193,0,0
13382.198,0,0
15566.68,0,0
16461.072,0,0
15975.443,0,0
13342.082,0,0
8450.203,0,0
2743.222,0,0
0.0,1,1
0.0,1,1
0.0,1,1
0.0,1,1
0.0,1,1
0.0,1,1
0.0,1,1
0.0,1,1
0.0,1,1
0.0,1,1
0.0,1,1
0.0,1,1
0.0,1,1
0.0,1,1
4879.852,0,0
7875.531,0,0
8202.942,0,0
8530.622,0,0
8885.229,0,0
8679.882,0,0
8014.226,0,0
7375.05,0,0
6735.691,0,0
4580.37,0,0
979.469,1,1
0.0,1,1
0.0,1,1
0.0,1,1
0.0,1,1
0.0,1,1
1771.301,1,1
2537.477,0,1
1039.417,1,1
0.0,1,1
0.0,1,1
0.0,1,1
1120.506,1,1
3604.415,1,1
6395.903,1,1
7967.731,1,1
8256.372,1,1
8544.88,1,1
8965.984,1,1
9083.004,1,1
8986.166,1,1
8889.328,1,1
8792.488,1,1
8281.336,1,1
7465.947,1,1
6683.528,1,1
6001.375,1,1
7379.663,1,1
11188.212,1,1
14966.837,1,1
18150.553,0,0
20142.545,0,0
21042.934,0,0
21932.616,0,0
22716.338,0,0
23535.053,0,0
23747.105,0,0
23459.205,0,0
23019.93,0,0
22638.244,0,0
22018.991,0,0
21236.68,0,0
20744.093,0,0
19941.054,0,0
19014.782,0,0
18084.736,0,0
17024.317,0,0
15962.788,0,0
15379.545,0,0
15024.003,1,1
15169.506,1,1
15261.197,0,0
15284.187,0,0
15263.965,0,0
14966.729,1,1
15201.222,1,1
15983.849,0,0
16203.861,0,0
15921.47,0,0
15632.073,0,0
15148.554,1,0
15349.982,0,0
16020.81,0,0
16484.298,0,0
16419.301,0,0
17005.373,0,0
18237.538,0,0
19254.456,0,0
20209.464,0,0
20680.419,0,0
21007.023,0,0
21477.381,0,0
21955.237,0,0
22831.75,0,0
23927.782,0,0
24842.25,0,0
26032.003,0,0
27519.848,0,0
29101.987,0,0
30632.022,0,0
31953.164,0,0
33177.132,0,0
34236.534,0,0
35343.113,0,0
35720.596,0,0
35620.413,0,0
35571.958,0,0
35536.398,0,0
35369.152,0,0
35300.0,0,0
35200.0,0,0
35100.0,0,0
35000.0,0,0
34900.0,0,0
34800.0,0,0
34500.0,0,0
34200.0,0,0
33800.0,0,0
33400.0,0,0
33100.0,0,0
32900.0,0,0
32600.0,0,0
32400.0,0,0
32000.0,0,0
31600.0,0,0
31100.0,0,0
30600.0,0,0
30300.0,0,0
30100.0,0,0
30000.0,0,0
29800.0,0,0
29600.0,0,0
29200.0,0,0
28800.0,0,0
28500.0,0,0
28200.0,0,0
27900.0,0,0
27700.0,0,0
27400.0,0,0
27300.0,0,0
27300.0,0,0
27300.0,0,0
27300.0,0,0
27500.0,0,0
27800.0,0,0
28000.0,0,0
28300.0,0,0
28439.334,0,0
28493.08,0,0
28536.839,0,0
28575.479,0,0
28289.667,0,0
27968.891,0,0
27439.109,0,0
26795.688,0,0
25990.88,0,0
24933.41,0,0
24028.912,0,0
23411.678,0,0
22784.555,0,0
22239.816,1,1
21898.752,1,1
21778.265,1,1
21716.352,1,1
21791.08,1,1
21665.025,1,1
21189.482,1,1
20775.559,1,1
20106.515,1,1
19784.854,1,1
19756.342,1,1
19244.86,1,1
18343.592,1,1
18110.65,1,1
18509.696,1,1
19337.715,1,1
20477.518,1,1
21121.687,1,1
21251.043,1,1
20869.553,1,1
19988.901,1,1
20113.083,1,1
21050.893,1,1
21858.708,1,1
22657.144,0,0
23013.961,0,0
23017.491,0,0
23213.647,0,0
23424.535,0,0
24104.813,0,0
24669.388,0,0
25835.006,0,0
27269.969,0,0
28608.521,0,0
29905.229,0,0
31378.004,0,0
32920.082,0,0
34322.581,0,0
35159.84,0,0
35665.299,0,0
35881.909,0,0
36262.313,0,0
36598.13,0,0
36669.285,0,0
36258.284,0,0
35630.266,0,0
34800.24,0,0
34039.326,0,0
33501.385,0,0
32863.225,0,0
32217.485,0,0
31517.797,0,0
30817.45,0,0
30116.836,0,0
29328.87,0,0
29280.89,0,0
29812.205,0,0
30244.008,0,0
30704.986,0,0
30253.07,0,0
29041.434,0,0
27740.262,0,0
26438.789,0,0
25437.233,0,0
24470.636,0,0
23503.716,0,0
22436.473,0,0
21560.3,0,0
20852.968,0,0
20045.465,0,0
19237.793,0,0
19189.267,0,0
20000.265,0,0
20606.712,0,0
21131.0,0,0
20908.885,0,0
19839.941,0,0
18448.624,0,0
16995.585,1,1
17416.2,1,1
19574.019,0,0
21146.58,0,0
22719.669,0,0
23471.272,0,0
23942.018,0,0
24402.123,0,0
24766.97,0,0
24605.344,0,0
24037.63,0,0
23358.461,0,0
22556.043,0,0
22006.287,0,0
21668.039,0,0
21491.076,0,0
21108.7,0,0
20428.947,0,0
19254.179,0,0
18655.565,0,0
18672.047,0,0
18153.594,0,0
16864.693,1,1
15920.692,1,1
15262.265,1,1
14711.105,1,1
14658.764,1,1
14481.874,1,1
13918.147,1,1
14062.631,1,1
15035.23,1,1
15808.006,1,1
16199.786,1,1
16242.386,1,1
15843.667,1,1
15693.832,1,1
15993.132,1,1
15830.309,1,1
15318.891,1,1
15214.871,1,1
15546.966,1,1
15911.127,1,1
16401.06,1,1
17291.675,1,1
18313.478,0,0
18998.544,0,0
19245.853,0,0
19768.744,0,0
20532.516,0,0
21227.772,0,0
21494.395,0,0
21683.198,0,0
21889.999,0,0
21665.209,0,0
20816.093,0,0
19659.739,0,0
18208.19,0,0
17872.04,0,0
19017.489,0,0
20148.163,0,0
21259.64,0,0
23277.365,0,0
25893.526,0,0
28245.928,0,0
30066.04,0,0
31092.134,0,0
31483.163,0,0
31874.777,0,0
32178.717,0,0
32874.151,0,0
33662.625,0,0
34168.748,0,0
34200.0,0,0
34100.0,0,0
33800.0,0,0
33500.0,0,0
33200.0,0,0
32700.0,0,0
31962.811,0,0
31104.106,0,0
30345.342,0,0
29842.008,0,0
29794.18,0,0
29746.395,0,0
29698.654,0,0
29500.0,0,0
29200.0,0,0
28900.0,0,0
28600.0,0,0
28400.0,0,0
28100.0,0,0
27888.818,0,0
27642.916,0,0
27393.695,0,0
27241.151,0,0
27031.402,0,0
26680.617,0,0
26376.643,0,0
26319.54,0,0
26162.305,0,0
26071.394,0,0
25810.389,0,0
25622.142,0,0
25329.12,0,0
25033.539,0,0
24180.929,0,0
22761.887,1,1
22043.21,1,1
22222.318,1,1
23028.24,1,1
24152.368,0,0
24503.702,0,0
24136.431,0,0
23289.581,0,0
21921.145,1,1
21433.861,1,1
22094.221,1,1
22548.858,1,1
22836.818,1,1
22795.26,1,1
22389.167,1,1
21640.902,1,1
20445.42,1,1
20665.896,1,1
22235.515,1,1
24025.763,0,0
25764.514,0,0
27066.085,0,0
27812.907,0,0
28385.07,0,0
28580.122,0,0
27788.47,0,0
26118.363,0,0
24541.376,0,0
23498.056,0,0
22530.896,1,1
21679.265,1,1
21523.634,1,1
22129.546,1,1
22284.944,1,1
22171.751,1,1
21922.168,1,1
21669.409,1,1
22774.255,1,1
24943.265,0,0
26433.971,0,0
27438.076,0,0
28204.73,0,0
29031.429,0,0
29696.953,0,0
30391.271,0,0
31321.763,0,0
31992.282,0,0
32349.636,0,0
32660.732,0,0
32917.14,0,0
32941.195,0,0
32995.495,0,0
32794.453,0,0
32693.41,0,0
32492.366,0,0
32391.233,0,0
32190.013,0,0
32088.79,0,0
31887.567,0,0
31955.979,0,0
32294.323,0,0
32533.061,0,0
32701.028,0,0
32662.811,0,0
32468.814,0,0
32174.723,0,0
31829.742,0,0
31158.683,0,0
30163.019,0,0
29067.127,0,0
28071.006,0,0
27569.991,0,0
27764.375,0,0
27958.92,0,0
28053.629,0,0
28123.958,0,0
27968.374,0,0
27761.871,0,0
27555.478,0,0
27354.964,0,0
26960.175,0,0
26665.292,0,0
26319.09,0,0
25946.651,0,0
25649.484,0,0
25352.119,0,0
25054.554,0,0
25273.212,0,0
26119.106,0,0
26655.482,0,0
26962.867,0,0
26899.046,0,0
26612.34,0,0
25960.701,0,0
25317.152,0,0
25027.392,0,0
25051.523,0,0
24525.381,0,0
23488.838,0,0
22583.954,1,1
21505.99,1,1
20650.422,1,1
20301.226,1,1
20668.244,1,1
21663.687,1,1
22260.84,1,1
21893.396,1,1
21756.783,1,1
21933.714,1,1
21503.365,1,1
20617.82,1,1
19267.615,1,1
17524.392,1,1
17147.05,1,1
18317.0,1,1
19429.207,1,1
20544.297,1,1
21412.619,1,1
22094.551,1,1
22661.384,1,1
23197.208,0,0
23535.618,0,0
23702.542,0,0
23640.121,0,0
23358.798,0,0
23445.453,0,0
23606.697,0,0
23589.627,0,0
23442.266,0,0
23069.41,1,1
22656.495,1,1
23100.626,1,1
24421.623,0,0
25676.065,0,0
26650.185,0,0
27373.311,0,0
27941.72,0,0
29305.185,0,0
31051.831,0,0
32485.477,0,0
33216.236,0,0
33674.367,0,0
34188.085,0,0
34995.323,0,0
35498.657,0,0
35300.0,0,0
35200.0,0,0
35000.0,0,0
34800.0,0,0
34600.0,0,0
34300.0,0,0
34200.0,0,0
34100.0,0,0
34000.0,0,0
33900.0,0,0
33800.0,0,0
33685.554,0,0
33459.347,0,0
33333.122,0,0
33119.993,0,0
33019.973,0,0
32819.953,0,0
32719.933,0,0
32306.787,0,0
31480.501,0,0
30754.197,0,0
29927.876,0,0
29527.84,0,0
29454.106,0,0
29380.376,0,0
29306.65,0,0
29054.069,0,0
28417.56,0,0
27448.081,0,0
26270.194,0,0
25302.283,1,1
24834.68,1,1
24267.033,1,1
23699.342,1,1
23599.032,1,1
23766.172,1,1
24033.357,1,1
24200.587,1,1
24819.685,1,1
25700.315,1,1
26460.136,0,0
27007.883,0,0
27052.57,0,0
27000.317,0,0
26923.686,0,0
26798.457,0,0
26511.12,0,0
26158.136,0,0
26074.405,0,0
26167.358,0,0
26375.125,0,0
26542.412,0,0
26476.171,0,0
26158.317,0,0
25913.868,1,1
25860.277,1,1
26079.788,0,0
26575.576,0,0
27084.776,0,0
27552.671,0,0
27362.533,0,0
25691.538,1,1
23537.99,1,1
21583.681,1,1
21368.079,1,1
22968.452,1,1
24135.908,1,1
24959.262,1,1
25286.77,1,1
25244.778,1,1
25006.646,1,1
24761.357,1,1
25947.362,1,1
28681.795,0,0
31571.941,0,0
33182.826,0,0
33302.312,0,0
31339.209,0,0
29011.822,0,0
26261.326,0,0
26537.744,0,0
29830.0,0,0
32365.397,0,0
34407.525,0,0
35280.822,0,0
35023.704,0,0
34906.948,0,0
35133.157,0,0
35290.53,0,0
35478.493,0,0
35692.189,0,0
35729.967,0,0
35719.96,0,0
35382.682,0,0
35217.662,0,0
35124.985,0,0
35127.453,0,0
35219.791,0,0
34936.977,0,0
34294.047,0,0
33482.734,0,0
32647.621,0,0
32106.735,0,0
31860.289,0,0
31613.769,0,0
31349.053,0,0
31148.484,0,0
30947.568,0,0
30846.652,0,0
30745.734,0,0
31077.16,0,0
31951.472,0,0
32418.895,0,0
32654.343,0,0
32313.348,0,0
31500.192,0,0
30787.027,0,0
29973.853,0,0
29580.381,0,0
29506.631,0,0
29532.898,0,0
29459.184,0,0
29252.589,0,0
28913.076,0,0
28473.53,0,0
28133.952,0,0
27943.768,0,0
27803.041,0,0
27762.363,0,0
27600.0,0,0
27500.0,0,0
27400.0,0,0
27300.0,0,0
27200.0,0,0
27100.0,0,0
27200.0,0,0
27200.0,0,0
27188.708,0,0
27260.411,0,0
27221.834,0,0
27176.945,0,0
27128.641,0,0
26532.028,0,0
25203.12,0,0
24245.111,0,0
23423.395,0,0
22097.767,0,0
20021.532,0,0
18359.621,0,0
17387.927,1,1
16096.401,1,1
14109.942,1,1
11774.674,1,1
9490.723,1,1
7828.118,1,1
7404.925,1,1
6856.65,1,1
6283.663,1,1
6328.443,1,1
6891.737,1,1
7619.208,1,1
8436.585,1,1
9522.612,1,1
10779.546,1,1
11651.584,1,1
12811.098,1,1
13249.121,1,1
13165.023,1,1
13411.901,1,1
14183.84,1,1
15372.903,1,1
16733.166,1,1
17813.411,1,1
18821.881,0,0
19419.558,0,0
20061.835,0,0
20718.716,0,0
21407.374,0,0
22058.184,0,0
22914.013,0,0
23921.577,0,0
25149.079,0,0
26387.167,0,0
27632.98,0,0
28932.697,0,0
30170.503,0,0
31210.395,0,0
31913.163,0,0
32458.625,0,0
32638.28,0,0
32729.132,0,0
32930.301,0,0
33326.991,0,0
33725.924,0,0
33779.864,0,0
33417.65,0,0
33155.354,0,0
32792.976,0,0
32654.611,0,0
32840.529,0,0
32909.752,0,0
32948.723,0,0
32855.14,0,0
32728.933,0,0
32595.078,0,0
32370.205,0,0
32145.165,0,0
31819.959,0,0
31494.586,0,0
31169.045,0,0
30768.491,0,0
30393.173,0,0
29918.022,0,0
29443.037,0,0
29378.031,0,0
29270.347,0,0
29242.686,0,0
29100.0,0,0
28900.0,0,0
28500.0,0,0
28000.0,0,0
27582.133,0,0
27252.392,0,0
26912.693,0,0
26672.94,0,0
26333.134,0,0
26226.405,0,0
26352.815,0,0
26379.256,0,0
26505.729,0,0
26599.033,0,0
26759.111,0,0
27019.141,0,0
27096.124,0,0
27208.199,0,0
27407.978,0,0
27701.474,0,0
27891.594,0,0
27417.185,0,0
26055.374,0,0
24808.967,0,0
23639.47,0,0
22347.313,0,0
21064.722,0,0
19710.244,1,1
17622.384,1,1
15987.261,1,1
14778.897,1,1
12751.199,1,1
9860.626,1,1
7060.259,1,1
4327.328,1,1
2846.298,1,1
2955.084,1,1
2737.024,1,1
2305.588,1,1
1159.596,1,1
0.0,1,1
0.0,1,1
0.0,1,1
2314.78,1,1
8186.137,1,1
14136.423,1,1
18048.161,1,1
19380.64,1,1
20009.068,0,0
19894.808,0,0
19184.516,1,1
19050.642,1,1
19589.412,1,1
20211.652,0,0
20835.344,0,0
21836.145,0,0
22932.816,0,0
23669.322,0,0
24042.645,0,0
24559.526,0,0
25285.942,0,0
26389.359,0,0
27900.071,0,0
28840.322,0,0
29315.938,0,0
29484.166,0,0
29399.967,0,0
29823.042,0,0
30429.825,0,0
31300.389,0,0
32430.668,0,0
33260.135,0,0
33753.526,0,0
34138.896,0,0
34304.602,0,0
34203.227,0,0
34000.0,0,0
33800.0,0,0
33622.872,0,0
33537.15,0,0
33157.177,0,0
32815.337,0,0
32641.005,0,0
32466.799,0,0
32292.72,0,0
32061.088,0,0
31671.687,0,0
31382.126,0,0
30992.407,0,0
30755.215,0,0
30570.911,0,0
30219.666,0,0
29785.893,0,0
29435.602,0,0
29268.763,0,0
29100.0,0,0
28900.0,0,0
28600.0,0,0
28200.0,0,0
27900.0,0,0
27500.0,0,0
27200.0,0,0
27000.0,0,0
26700.0,0,0
26400.0,0,0
26300.0,0,0
26200.0,0,0
26100.0,0,0
26100.0,0,0
26200.0,0,0
26500.0,0,0
26700.0,0,0
27000.0,0,0
27162.069,0,0
27365.23,0,0
27559.986,0,0
27750.712,0,0
27990.126,0,0
28285.469,0,0
27913.365,0,0
26862.012,0,0
25603.72,0,0
24180.878,0,0
22850.657,0,0
21625.929,0,0
21224.5,1,0
21922.912,0,0
21901.735,0,0
20810.769,1,1
20119.167,1,1
19801.49,1,1
19437.259,1,1
19084.711,1,1
18316.18,1,1
17239.671,1,1
17161.822,1,1
17975.691,1,1
18640.991,1,1
19119.55,1,1
19560.844,1,1
19836.219,1,1
20077.742,1,1
20185.611,1,1
20490.582,1,1
21002.813,1,1
21462.17,0,0
21844.759,0,0
21421.683,0,0
20096.758,1,1
18843.766,1,1
17695.396,1,1
17944.802,1,1
19350.066,1,1
20824.554,1,1
22356.623,0,0
22907.143,0,0
23057.058,0,0
23832.838,0,0
25055.81,0,0
26893.787,0,0
28809.975,0,0
30398.359,0,0
31797.443,0,0
33127.576,0,0
34257.939,0,0
34859.99,0,0
35043.033,0,0
35243.232,0,0
35455.332,0,0
35500.0,0,0
35300.0,0,0
35100.0,0,0
34900.0,0,0
34700.0,0,0
34600.0,0,0
34500.0,0,0
34400.0,0,0
34200.0,0,0
33800.0,0,0
33500.0,0,0
33100.0,0,0
32800.0,0,0
32500.0,0,0
32200.0,0,0
32000.0,0,0
31600.0,0,0
31100.0,0,0
30468.816,0,0
29935.667,0,0
29599.203,0,0
29359.443,0,0
29119.689,0,0
28797.251,0,0
28628.879,0,0
28539.592,0,0
28292.606,0,0
28045.621,0,0
27845.623,0,0
27592.62,0,0
27439.626,0,0
27128.959,0,0
27003.211,0,0
26989.33,0,0
26975.449,0,0
26900.0,0,0
26800.0,0,0
26800.0,0,0
26788.701,0,0
26742.344,0,0
26713.348,0,0
26789.57,0,0
26578.236,0,0
26397.019,0,0
25584.992,0,0
23887.818,1,1
22771.575,1,1
22918.549,1,1
23133.979,1,1
23406.356,1,1
24169.361,1,1
25424.315,0,0
26919.993,0,0
27958.479,0,0
28314.756,0,0
26956.189,0,0
24577.036,0,0
22775.371,1,1
22676.38,1,1
24541.601,0,0
25703.985,0,0
26144.834,0,0
26271.516,0,0
25858.423,0,0
25113.403,0,0
23815.566,1,1
21512.555,1,1
18528.768,1,1
17364.901,1,1
18490.5,1,1
20320.474,1,1
23159.607,1,1
24669.937,0,0
24748.235,0,0
23813.795,1,1
21792.963,1,1
20800.413,1,1
20982.163,1,1
20441.202,1,1
19507.837,1,1
19825.117,1,1
20548.836,1,1
22685.738,1,1
25804.457,0,0
27554.192,0,0
28253.794,0,0
28797.346,0,0
29287.085,0,0
29745.92,0,0
30265.852,0,0
30833.738,0,0
31378.376,0,0
32212.526,0,0
33066.571,0,0
33794.494,0,0
34306.925,0,0
34356.262,0,0
34055.927,0,0
33755.591,0,0
33455.255,0,0
33376.664,0,0
33365.979,0,0
33421.998,0,0
33378.121,0,0
33559.522,0,0
33637.89,0,0
33623.165,0,0
33500.0,0,0
33300.0,0,0
33100.0,0,0
32900.0,0,0
32700.0,0,0
32400.0,0,0
31900.0,0,0
31369.035,0,0
30836.119,0,0
30506.474,0,0
30480.1,0,0
30353.708,0,0
30227.299,0,0
30027.241,0,0
29753.561,0,0
29479.899,0,0
29206.255,0,0
29045.828,0,0
28798.639,0,0
28500.0,0,0
28300.0,0,0
28100.0,0,0
28000.0,0,0
27800.0,0,0
27700.0,0,0
27700.0,0,0
27700.0,0,0
27700.0,0,0
27700.0,0,0
27634.4,0,0
27577.799,0,0
27411.446,0,0
27340.597,0,0
27076.522,0,0
26776.959,0,0
26428.907,0,0
25829.2,0,0
25019.139,0,0
23962.221,0,0
23220.887,0,0
22695.319,1,1
22147.678,1,1
21609.498,1,1
21297.196,1,1
21266.43,1,1
21079.466,1,1
20797.23,1,1
20635.449,1,1
20668.673,1,1
20683.871,1,1
20790.892,1,1
20765.212,1,1
20581.74,1,1
20318.118,1,1
20082.478,1,1
20119.953,1,1
20632.086,1,1
20767.46,1,1
20732.523,1,1
21163.524,1,1
22050.962,1,1
22630.207,1,1
23019.547,1,1
23175.625,1,1
23318.323,0,0
23517.479,0,0
23687.018,0,0
24196.669,0,0
24900.466,0,0
25889.192,0,0
27052.524,0,0
28196.317,0,0
29583.483,0,0
30856.51,0,0
31779.1,0,0
33021.479,0,0
34526.965,0,0
35650.026,0,0
36440.21,0,0
36862.205,0,0
37192.195,0,0
37515.029,0,0
37860.434,0,0
38023.55,0,0
38081.116,0,0
37900.0,0,0
37600.0,0,0
37300.0,0,0
36900.0,0,0
36700.0,0,0
36700.0,0,0
36600.0,0,0
36500.0,0,0
36400.0,0,0
36200.0,0,0
36000.0,0,0
35800.0,0,0
35600.0,0,0
35300.0,0,0
35000.0,0,0
34600.0,0,0
34200.0,0,0
33700.0,0,0
33100.0,0,0
32500.0,0,0
32200.0,0,0
32000.0,0,0
31800.0,0,0
31700.0,0,0
31400.0,0,0
31200.0,0,0
30900.0,0,0
30600.0,0,0
30300.0,0,0
30095.39,0,0
29723.576,1,1
29451.774,1,1
29195.223,1,1
28870.684,1,1
28646.165,1,1
28421.667,1,1
28219.329,1,1
28039.135,1,1
27738.661,1,1
27401.853,1,1
27070.551,1,1
26818.924,1,1
26457.528,1,1
26094.446,1,1
26260.104,1,1
26750.43,1,1
27328.054,1,1
27978.099,1,1
28665.545,1,1
29290.149,1,1
29912.846,1,1
30649.936,0,0
31666.539,0,0
33058.876,0,0
33753.526,0,0
33931.904,0,0
33599.725,0,0
32759.184,0,0
32961.022,0,0
33979.902,0,0
34925.417,0,0
35646.904,0,0
36169.454,0,0
36599.62,0,0
37225.943,0,0
38241.121,0,0
38175.861,0,0
37205.381,0,0
35927.839,0,0
34384.483,0,0
33225.061,0,0
32744.006,0,0
31751.538,0,0
30129.201,0,0
29270.959,1,1
29214.418,1,1
29502.793,1,1
30162.19,0,0
30721.358,0,0
31027.188,0,0
31472.546,0,0
31854.115,0,0
32810.524,0,0
34407.97,0,0
36257.841,0,0
37192.759,0,0
37192.112,0,0
37119.693,0,0
36646.305,0,0
36047.069,0,0
35545.18,0,0
35339.063,0,0
35154.188,0,0
34671.526,0,0
34113.453,0,0
33526.497,0,0
34450.782,0,0
35841.859,0,0
36865.533,0,0
37605.772,0,0
37522.586,0,0
37043.3,0,0
36444.036,0,0
35808.365,0,0
35220.952,0,0
34663.852,0,0
34100.355,0,0
33436.704,0,0
33302.287,0,0
33697.369,0,0
34021.837,0,0
34257.347,0,0
34092.94,0,0
33609.767,0,0
32989.306,0,0
32468.985,0,0
32171.011,0,0
32195.359,0,0
32128.982,0,0
32055.026,0,0
31890.888,0,0
31636.581,0,0
31382.311,0,0
31100.0,0,0
30800.0,0,0
30500.0,0,0
30269.18,0,0
29936.404,0,0
29736.375,0,0
29669.138,0,0
29600.0,0,0
29500.0,0,0
29400.0,0,0
29500.0,0,0
29500.0,0,0
29600.0,0,0
29580.256,0,0
29521.229,0,0
29554.309,0,0
29483.403,0,0
29158.403,0,0
28450.677,0,0
28064.241,0,0
27817.515,0,0
27144.725,0,0
25699.352,1,1
24524.242,1,1
24124.322,1,1
24206.701,1,1
24748.099,1,1
25059.764,1,1
25012.078,1,1
24749.146,1,1
24389.962,1,1
24174.77,1,1
24064.55,1,1
23738.245,1,1
23430.235,1,1
23394.312,1,1
23644.224,1,1
23834.695,1,1
24056.219,1,1
24666.474,1,1
25765.29,1,1
27065.079,0,0
28557.701,0,0
28899.289,0,0
28151.254,0,0
27150.254,0,0
26100.943,1,1
25930.36,1,1
26654.047,1,1
26968.352,1,1
27034.013,1,1
27935.792,0,0
29520.995,0,0
30787.425,0,0
31541.103,0,0
32876.488,0,0
34517.167,0,0
36375.584,0,0
37622.857,0,0
38142.222,0,0
38478.148,0,0
38598.767,0,0
38536.105,0,0
38721.655,0,0
39175.92,0,0
39892.87,0,0
40288.717,0,0
40201.588,0,0
40114.475,0,0
39907.95,0,0
39481.983,0,0
39155.994,0,0
38729.984,0,0
38418.978,0,0
38040.068,0,0
37660.927,0,0
37381.556,0,0
36868.332,0,0
36574.253,0,0
36180.014,0,0
35785.614,0,0
35269.973,0,0
34461.557,0,0
33564.054,0,0
32566.056,0,0
32030.697,0,0
31858.802,0,0
31769.963,0,0
31403.21,0,0
31218.303,0,0
31214.958,0,0
31211.677,0,0
31208.461,0,0
31129.636,0,0
30973.693,0,0
30767.012,0,0
30560.392,0,0
30400.713,0,0
30388.02,0,0
30275.452,0,0
30263.009,0,0
30115.99,0,0
29734.159,0,0
29352.14,0,0
28969.933,0,0
28531.442,0,0
28191.118,0,0
27750.5,0,0
27301.655,0,0
27300.474,0,0
27678.644,0,0
27922.189,0,0
28260.585,0,0
28306.817,0,0
28268.374,0,0
28159.813,0,0
28042.392,0,0
27798.618,0,0
27586.334,0,0
27053.115,0,0
25917.481,1,1
24609.185,1,1
23143.078,1,1
22436.604,1,1
22951.187,1,1
22936.829,1,1
22098.904,1,1
21593.103,1,1
21340.11,1,1
21638.818,1,1
22482.766,1,1
23244.643,1,1
23699.011,1,1
24018.165,1,1
24296.723,1,1
23902.258,1,1
22982.441,1,1
21644.815,1,1
19812.754,1,1
20088.152,1,1
22522.409,1,1
24239.84,1,1
25418.986,1,1
26041.079,1,1
26393.36,0,0
26843.974,0,0
27262.575,0,0
28767.536,0,0
31221.121,0,0
33737.357,0,0
36194.057,0,0
37268.679,0,0
37023.884,0,0
37090.216,0,0
37473.756,0,0
37604.396,0,0
37697.092,0,0
37269.399,0,0
36528.026,0,0
36748.796,0,0
37479.761,0,0
37935.435,0,0
38133.87,0,0
38072.596,0,0
37940.773,0,0
37467.148,0,0
36973.446,0,0
36479.713,0,0
35985.947,0,0
35737.373,0,0
35734.026,0,0
35730.694,0,0
35727.379,0,0
35893.501,0,0
36110.263,0,0
36189.742,0,0
36369.315,0,0
36246.954,0,0
36022.577,0,0
35698.179,0,0
35473.761,0,0
35104.785,0,0
34591.291,0,0
34177.827,0,0
33664.394,0,0
33309.594,0,0
32964.355,0,0
32702.119,0,0
32439.873,0,0
32008.73,0,0
31508.698,0,0
31108.665,0,0
30608.633,0,0
30401.971,0,0
30222.501,0,0
29961.635,0,0
29800.775,0,0
29620.345,0,0
29620.338,0,0
29620.332,0,0
29620.325,0,0
29746.433,0,0
30098.655,0,0
30300.0,0,0
30600.0,0,0
30914.934,0,0
31230.211,0,0
31639.44,0,0
31945.455,0,0
31775.406,0,0
31203.654,0,0
30660.256,0,0
30144.505,0,0
29310.748,0,0
28070.921,1,1
27229.145,1,1
26720.183,1,1
26159.913,1,1
25388.322,1,1
25176.211,1,1
25688.648,1,1
26560.252,1,1
27748.774,1,1
27758.209,1,1
26617.606,1,1
25509.434,1,1
24491.653,1,1
23728.837,1,1
23415.013,1,1
22670.316,1,1
21592.889,1,1
21433.282,1,1
22224.376,1,1
22357.624,1,1
21739.374,1,1
22816.59,1,1
25521.978,1,1
28656.596,0,0
30188.526,0,0
29866.282,0,0
29361.665,0,0
28664.99,0,0
28239.026,1,0
28360.601,0,0
28981.1,0,0
29654.811,0,0
30381.888,0,0
30932.585,0,0
31442.03,0,0
32314.854,0,0
33315.105,0,0
34251.66,0,0
35025.737,0,0
35982.208,0,0
37035.013,0,0
38187.726,0,0
39256.299,0,0
39864.01,0,0
40290.624,0,0
40439.826,0,0
40518.121,0,0
40400.0,0,0
40200.0,0,0
40000.0,0,0
39700.0,0,0
39500.0,0,0
39400.0,0,0
39200.0,0,0
39100.0,0,0
38800.0,0,0
38500.0,0,0
38100.0,0,0
37800.0,0,0
37400.0,0,0
37100.0,0,0
36800.0,0,0
36500.0,0,0
36100.0,0,0
35700.0,0,0
35300.0,0,0
34900.0,0,0
34600.0,0,0
34300.0,0,0
34100.0,0,0
33800.0,0,0
33500.0,0,0
33100.0,0,0
32600.0,0,0
32200.0,0,0
31700.0,0,0
31300.0,0,0
31000.0,0,0
30600.0,0,0
30400.0,0,0
30400.0,0,0
30500.0,0,0
30500.0,0,0
30700.0,0,0
31000.0,0,0
31300.0,0,0
31549.542,0,0
31827.067,0,0
32222.871,0,0
32609.318,0,0
32861.152,0,0
33325.146,0,0
33997.429,0,0
33825.21,0,0
32857.789,0,0
31896.635,0,0
30729.596,0,0
29268.783,0,0
27730.908,0,0
26537.409,0,0
26107.046,0,0
25327.907,0,0
24245.299,0,0
22859.022,0,0
21406.244,1,1
21037.09,1,1
22156.53,0,0
23294.307,0,0
24425.489,0,0
25112.831,0,0
25141.415,0,0
24796.361,0,0
24022.848,0,0
23549.734,0,0
23673.818,0,0
23829.827,0,0
24013.181,0,0
24240.071,0,0
24513.711,0,0
24292.736,0,0
23448.622,0,0
22291.407,0,0
21038.646,1,1
19851.412,1,1
19181.302,1,1
19953.516,1,1
22057.339,0,0
22778.02,0,0
21901.114,1,1
19674.324,1,1
16518.903,1,1
15913.351,1,1
17871.187,1,1
20097.928,1,1
22649.252,0,0
24017.956,0,0
24499.923,0,0
24582.157,0,0
24412.926,0,0
23925.786,0,0
23263.674,0,0
22337.757,0,0
21235.77,1,1
21193.942,1,1
22025.859,1,1
22858.52,0,0
23813.252,0,0
25510.507,0,0
28110.68,0,0
30360.604,0,0
32479.778,0,0
31512.908,0,0
27293.867,0,0
22373.365,0,0
17614.262,1,1
15301.551,1,1
15274.86,1,1
15248.414,1,1
15322.215,1,1
13665.299,1,1
10626.664,1,1
7565.33,1,1
4637.584,1,1
2154.652,1,1
53.282,1,1
0.0,1,1
0.0,1,1
0.0,1,1
0.0,1,1
0.0,1,1
488.1,1,1
1591.324,1,1
2212.2,1,1
2844.004,1,1
3503.968,1,1
3295.562,1,1
2318.03,1,1
1267.694,1,1
227.332,1,1
1052.405,1,1
3730.667,1,1
6437.873,1,1
9249.91,1,1
11238.667,1,1
12034.032,1,1
12826.555,1,1
13649.407,1,1
15383.976,0,0
17899.073,0,0
20085.846,0,0
22173.732,0,0
23572.534,0,0
24236.838,0,0
25284.166,0,0
26691.95,0,0
27615.446,0,0
27925.87,0,0
27655.69,0,0
26087.858,0,0
23765.451,0,0
21739.276,0,0
21594.168,0,0
23477.649,0,0
24216.058,0,0
22887.299,0,0
20798.835,0,0
17341.814,0,0
16491.222,0,0
18278.595,0,0
20719.014,0,0
23582.118,0,0
24425.358,0,0
23248.085,0,0
22603.853,0,0
22718.333,0,0
24583.571,0,0
28103.378,0,0
30051.244,0,0
30486.734,0,0
30596.365,0,0
30462.644,0,0
30684.433,0,0
31263.23,0,0
32664.322,0,0
34576.264,0,0
36289.718,0,0
37842.302,0,0
38662.777,0,0
38668.435,0,0
39421.712,0,0
40151.525,0,0
40271.288,0,0
39768.162,0,0
39491.0,0,0
39406.592,0,0
39481.97,0,0
39668.281,0,0
39669.424,0,0
39493.921,0,0
39496.22,0,0
39489.562,0,0
39583.228,0,0
39577.218,0,0
39955.849,0,0
40530.299,0,0
40960.523,0,0
41293.702,0,0
41248.394,0,0
40924.27,0,0
40600.064,0,0
40275.775,0,0
39975.469,0,0
39799.282,0,0
39523.198,0,0
39347.217,0,0
38738.259,0,0
37696.036,0,0
36585.518,0,0
35351.384,0,0
34513.768,0,0
34054.663,0,0
33488.515,0,0
32821.902,0,0
32686.588,0,0
32883.369,0,0
33109.569,0,0
33146.674,0,0
33186.768,0,0
33029.704,0,0
32971.346,0,0
32827.288,0,0
32705.094,0,0
32604.645,0,0
32504.197,0,0
32403.747,0,0
32460.197,0,0
32873.783,0,0
33120.874,0,0
33286.658,0,0
33309.14,0,0
33270.186,0,0
33323.768,0,0
33273.393,0,0
33218.588,0,0
32786.568,0,0
32240.457,0,0
31706.717,0,0
30964.134,0,0
30051.783,0,0
29207.734,0,0
28678.914,0,0
28343.867,0,0
28429.903,0,0
28322.164,1,1
27977.499,1,1
27617.645,1,1
27390.935,1,1
27141.671,1,1
27073.788,1,1
26533.273,1,1
25569.334,1,1
24963.701,1,1
24947.635,1,1
24767.733,1,1
24590.919,1,1
24425.433,1,1
24577.703,1,1
24784.414,1,1
25038.441,1,1
25476.225,1,1
26004.889,1,1
26026.246,1,1
25738.398,1,1
25174.176,1,1
24714.34,1,1
25351.777,1,1
27084.068,1,1
28468.943,0,0
29844.963,0,0
31046.693,0,0
32116.296,0,0
33876.4,0,0
35853.234,0,0
37067.375,0,0
37317.0,0,0
37289.255,0,0
36269.705,0,0
36797.416,0,0
38754.451,0,0
40587.386,0,0
41627.634,0,0
42041.186,0,0
42110.311,0,0
42184.775,0,0
42259.507,0,0
42199.312,0,0
41928.59,0,0
41658.017,0,0
41487.593,0,0
41416.044,0,0
41643.54,0,0
41736.304,0,0
41876.042,0,0
41795.321,0,0
41493.932,0,0
41292.54,0,0
41091.146,0,0
40959.195,0,0
40896.981,0,0
40835.159,0,0
40702.683,0,0
40002.063,0,0
38732.798,0,0
37491.991,0,0
36150.731,0,0
35309.303,0,0
34849.714,0,0
34282.95,0,0
33715.798,0,0
32781.583,0,0
30780.924,0,0
28569.202,0,0
25819.33,0,0
23913.272,0,0
23033.147,1,1
22152.341,1,1
21171.445,1,1
21739.248,1,1
23559.564,1,1
25381.91,0,0
26857.161,0,0
27480.503,0,0
27577.174,0,0
27573.841,0,0
27670.505,0,0
27187.869,0,0
26310.34,0,0
25103.681,0,0
23832.603,0,0
23104.674,1,1
22619.91,1,1
21709.55,1,1
20267.028,1,1
18269.52,1,1
16580.175,1,1
13919.315,1,1
10032.216,1,1
9671.736,1,1
13275.373,1,1
16791.009,1,1
20139.448,1,1
21846.259,1,1
21841.572,1,1
21628.427,1,1
21101.266,1,1
21331.407,1,1
22131.176,1,1
23484.632,1,1
25293.166,0,0
26648.475,0,0
27699.143,0,0
28254.421,0,0
28307.811,0,0
28087.679,0,0
27601.193,0,0
27585.686,0,0
28120.228,0,0
28088.459,0,0
27736.393,0,0
27653.704,0,0
28015.131,0,0
28881.37,0,0
30269.809,0,0
32016.971,0,0
33822.223,0,0
35521.451,0,0
36744.474,0,0
37953.918,0,0
38982.914,0,0
40005.612,0,0
40931.474,0,0
42320.504,0,0
43717.629,0,0
44644.24,0,0
45057.001,0,0
45548.214,0,0
46214.117,0,0
46769.904,0,0
46742.186,0,0
46163.827,0,0
45585.056,0,0
45315.247,0,0
45455.004,0,0
45495.154,0,0
45433.076,0,0
45275.218,0,0
45088.156,0,0
44901.108,0,0
44714.072,0,0
44543.322,0,0
44388.887,0,0
44200.0,0,0
44000.0,0,0
43800.0,0,0
43400.0,0,0
43088.857,0,0
42643.108,0,0
41913.658,0,0
40900.532,0,0
39887.393,0,0
38874.241,0,0
38290.556,0,0
38236.382,0,0
38182.255,0,0
38000.0,0,0
37800.0,0,0
37400.0,0,0
37100.0,0,0
36700.0,0,0
36400.0,0,0
36100.0,0,0
35900.0,0,0
35600.0,0,0
35385.466,0,0
35206.369,0,0
34927.205,0,0
34541.293,0,0
34378.111,0,0
34629.857,0,0
34740.091,0,0
34892.886,0,0
34904.761,0,0
34959.145,0,0
35006.701,0,0
34950.619,0,0
34837.928,0,0
34475.497,0,0
34124.977,0,0
33726.484,0,0
33043.068,0,0
31990.132,0,0
31220.286,0,0
30991.917,0,0
30902.454,1,0
30928.924,0,0
30911.973,0,0
30752.098,1,1
30488.194,1,1
30142.267,1,1
29800.991,1,1
29579.105,1,1
29119.36,1,1
28322.075,1,1
27908.108,1,1
27901.164,1,1
27997.944,1,1
28115.146,1,1
28551.043,1,1
29519.615,1,1
30187.703,1,1
30451.267,1,1
30684.931,1,1
30868.766,1,1
30764.469,1,1
30469.242,1,1
29830.719,1,1
29118.559,1,1
29157.557,1,1
30174.785,1,1
31526.393,0,0
33305.815,0,0
34502.128,0,0
35339.171,0,0
36711.64,0,0
38243.125,0,0
39708.016,0,0
41053.955,0,0
42320.541,0,0
43531.128,0,0
44565.224,0,0
45430.942,0,0
46189.933,0,0
46757.873,0,0
46988.29,0,0
46906.244,0,0
46649.214,0,0
46419.101,0,0
45800.267,0,0
44962.051,0,0
44223.557,0,0
43484.783,0,0
43256.076,0,0
43538.003,0,0
43920.408,0,0
44158.417,0,0
44175.162,0,0
44098.963,0,0
44022.888,0,0
43946.936,0,0
43808.925,0,0
43408.763,0,0
43008.6,0,0
42708.438,0,0
42064.013,0,0
40961.468,0,0
39826.758,0,0
38692.114,0,0
38100.0,0,0
38065.927,0,0
37926.627,0,0
37887.295,0,0
37625.001,0,0
36897.27,0,0
36090.422,0,0
35179.891,0,0
34171.707,0,0
33172.915,0,0
31903.371,0,0
30167.58,0,0
28817.215,0,0
28251.698,0,0
27685.876,0,0
27119.748,0,0
27319.064,0,0
28384.66,0,0
29351.066,0,0
30418.281,0,0
30938.274,0,0
31157.924,0,0
31469.532,0,0
31676.715,0,0
31372.847,0,0
30461.55,0,0
29744.664,0,0
28647.331,0,0
27601.949,0,0
26853.186,0,0
26145.102,0,0
26007.632,0,0
25386.208,0,0
24417.422,0,0
23653.465,0,0
23545.647,1,1
23561.237,1,1
23598.545,1,1
23686.96,0,0
23944.94,0,0
23953.513,0,0
23811.481,0,0
23812.833,0,0
24192.784,0,0
24969.546,0,0
26235.126,0,0
27115.173,0,0
27675.006,0,0
27384.228,0,0
26545.482,0,0
24917.003,0,0
22335.494,1,1
20390.557,1,1
19223.328,1,1
19305.951,1,1
20577.592,1,1
21448.864,1,1
21813.598,1,1
21684.671,1,1
20964.323,1,1
20405.386,1,1
20146.476,1,1
20272.039,1,1
20764.358,1,1
23545.597,1,1
28648.889,0,0
33712.82,0,0
37778.162,0,0
39998.172,0,0
40556.382,0,0
41141.712,0,0
41703.017,0,0
41642.983,0,0
40343.709,0,0
38662.426,0,0
36284.207,0,0
33649.737,0,0
30457.265,0,0
27235.278,0,0
24029.418,0,0
22391.429,1,1
22185.809,1,1
21980.186,1,1
21774.56,1,1
23101.32,1,1
25798.877,0,0
28616.702,0,0
31408.579,0,0
32022.449,0,0
31050.761,0,0
29978.629,0,0
28807.625,0,0
27294.116,0,0
25278.972,0,0
23363.156,1,1
21346.666,1,1
22461.362,1,1
26223.411,1,1
29590.872,1,1
31927.908,1,1
32963.714,1,1
33160.349,1,1
33357.083,1,1
33365.141,0,0
33380.349,0,0
33274.199,1,1
33068.114,1,1
32962.093,1,1
33128.992,1,1
33262.811,1,1
33480.819,0,0
33698.899,0,0
33945.6,0,0
34120.85,0,0
34396.08,0,0
34671.289,0,0
35086.051,0,0
35625.691,0,0
36159.152,0,0
36689.278,0,0
36977.015,0,0
36923.423,0,0
36425.393,0,0
35672.754,0,0
34977.384,0,0
34304.409,0,0
33746.057,0,0
33190.129,1,1
32807.516,1,1
32632.908,1,1
32232.183,1,1
31389.126,1,1
30354.361,1,1
28927.655,1,1
28803.91,1,1
30397.956,1,1
31567.217,1,1
32255.399,1,1
33299.861,1,1
34451.792,0,0
35859.419,0,0
37529.419,0,0
37981.599,0,0
37496.186,0,0
36951.702,0,0
36349.606,0,0
36398.739,0,0
37217.26,0,0
37633.104,0,0
37649.683,0,0
37102.174,0,0
35662.713,0,0
34516.603,0,0
33685.966,0,0
34071.16,0,0
35453.361,0,0
36951.467,0,0
38223.636,0,0
38533.948,0,0
37846.22,0,0
37821.1,0,0
38410.678,0,0
39348.494,0,0
40574.517,0,0
41445.279,0,0
41865.174,0,0
42464.835,0,0
43143.685,0,0
44098.397,0,0
44784.351,0,0
44924.162,0,0
45064.17,0,0
44984.178,0,0
44784.036,0,0
44583.895,0,0
44283.753,0,0
44083.541,0,0
43783.258,0,0
43582.976,0,0
43282.692,0,0
43295.989,0,0
43400.359,0,0
43402.556,0,0
43326.769,0,0
42933.242,0,0
42295.287,0,0
41554.759,0,0
40814.173,0,0
40183.078,0,0
39561.585,0,0
38940.183,0,0
38418.874,0,0
37946.07,0,0
37704.509,0,0
37462.949,0,0
37100.0,0,0
36800.0,0,0
36300.0,0,0
35800.0,0,0
35282.429,1,1
34900.0,1,1
34500.0,1,1
34200.0,1,1
33800.0,1,1
33700.0,1,1
33700.0,1,1
33800.0,1,1
33800.0,1,1
34000.0,1,1
34300.0,1,1
34600.0,1,1
34900.0,1,1
35216.495,1,1
35687.78,0,0
36167.045,0,0
36642.647,0,0
36515.172,0,0
35728.76,0,0
35271.063,1,0
35444.667,0,0
35785.704,0,0
35792.777,0,0
35472.596,0,0
34857.009,1,1
34205.085,1,1
33700.548,1,1
33973.981,1,1
35148.37,1,1
36768.254,0,0
38165.475,0,0
38740.841,0,0
38020.319,0,0
37228.534,0,0
36363.569,0,0
35817.256,0,0
35578.841,0,0
34853.304,1,1
33649.038,1,1
33548.637,1,1
34763.585,1,1
35618.91,0,0
35957.999,0,0
36507.34,0,0
37239.996,0,0
37625.632,0,0
37866.72,0,0
37972.565,0,0
38217.464,0,0
38821.125,0,0
39628.427,0,0
39507.915,0,0
38582.489,0,0
37675.281,0,0
37110.177,0,0
37183.232,0,0
37873.045,0,0
38513.773,0,0
39006.595,0,0
39559.175,0,0
40400.583,0,0
41392.726,0,0
42890.921,0,0
44072.096,0,0
44944.945,0,0
45763.923,0,0
46367.561,0,0
46845.446,0,0
47021.471,0,0
46998.121,0,0
46575.185,0,0
46252.148,0,0
45829.01,0,0
45528.776,0,0
45351.597,0,0
45174.519,0,0
44997.541,0,0
44617.895,0,0
44217.82,0,0
43717.745,0,0
43317.67,0,0
42937.003,0,0
42575.761,0,0
42214.546,0,0
41853.355,0,0
41124.199,0,0
40026.997,0,0
38641.129,0,0
37276.931,0,0
36368.063,0,0
36267.403,0,0
36166.743,0,0
36166.083,0,0
35937.98,0,0
35681.001,0,0
35373.631,0,0
34966.338,0,0
34805.707,0,0
34591.795,0,0
34478.037,0,0
34364.433,0,0
34229.124,1,0
34255.146,0,0
34181.19,1,1
34207.255,1,1
34220.275,1,1
34220.236,1,1
34320.196,0,0
34320.156,0,0
34342.853,0,0
34290.504,0,0
34259.817,0,0
34244.287,0,0
34005.41,1,1
33573.187,1,1
33449.648,1,1
33506.198,1,1
32924.483,1,1
31089.18,1,1
29768.323,1,1
29735.545,1,1
29684.836,1,1
28984.449,1,1
28319.832,1,1
27907.113,1,1
28076.494,1,1
28990.869,1,1
30140.022,1,1
31294.926,1,1
32045.242,1,1
32202.903,1,1
33566.574,1,1
36047.818,0,0
39250.591,0,0
40573.053,0,0
41065.631,0,0
40094.171,0,0
38065.703,0,0
35191.7,0,0
35691.937,0,0
39330.748,0,0
42061.644,0,0
42857.15,0,0
42188.13,0,0
40689.468,0,0
40076.169,0,0
41565.504,0,0
41867.015,0,0
41089.167,0,0
39665.013,0,0
37601.857,0,0
36035.882,0,0
34860.163,0,0
34494.922,0,0
35041.395,0,0
35287.316,0,0
35234.525,0,0
35756.995,0,0
37198.911,0,0
38729.64,0,0
40704.235,0,0
41259.482,0,0
40400.77,0,0
39186.948,0,0
37590.918,0,0
37001.98,0,0
37700.32,0,0
38196.66,0,0
38611.925,0,0
39326.43,0,0
40540.4,0,0
41073.161,0,0
41599.97,0,0
42195.143,0,0
42669.351,0,0
43012.169,0,0
43209.184,0,0
43235.76,0,0
42974.814,0,0
42713.894,0,0
42453.0,0,0
41766.035,0,0
40752.974,0,0
39639.908,0,0
38626.834,0,0
38162.735,0,0
38100.0,0,0
38000.0,0,0
37900.0,0,0
37700.0,0,0
37300.0,0,0
36900.0,0,0
36600.0,0,0
36200.0,0,0
35900.0,0,0
35500.0,0,0
35200.0,0,0
34900.0,0,0
34800.0,0,0
34800.0,0,0
34700.0,0,0
34600.0,0,0
34700.0,0,0
34700.0,0,0
34800.0,0,0
34871.316,0,0
34851.781,0,0
34906.224,0,0
34956.711,0,0
34906.96,0,0
34527.246,0,0
33907.702,0,0
33310.268,0,0
32702.39,0,0
32120.466,0,0
31555.799,0,0
31073.712,0,0
30875.49,0,0
30807.064,0,0
30779.173,0,0
30802.845,0,0
30349.699,0,0
29371.433,1,1
29183.582,1,1
29813.012,0,0
30179.059,0,0
30224.774,0,0
30007.617,0,0
29470.577,1,1
28942.871,1,1
28547.535,1,1
28462.309,1,1
28710.106,1,1
28962.765,1,1
29212.015,1,1
29191.595,1,1
28779.972,1,1
28252.298,1,1
27800.611,1,1
28140.734,1,1
29365.297,1,1
30052.222,0,0
30159.742,0,0
29330.632,1,1
27570.162,1,1
27285.848,1,1
28598.973,1,1
30295.327,0,0
32502.686,0,0
34346.358,0,0
36041.008,0,0
38153.077,0,0
40146.931,0,0
41179.717,0,0
41693.551,0,0
42385.773,0,0
42937.141,0,0
43298.105,0,0
43592.95,0,0
43621.894,0,0
43286.96,0,0
41655.92,0,0
37997.535,0,0
33215.881,0,0
27688.812,1,1
26873.016,1,1
30969.231,0,0
34572.838,0,0
37728.654,0,0
38954.245,0,0
39106.628,0,0
39259.711,0,0
39313.496,0,0
37988.946,0,0
34957.51,0,0
31193.769,0,0
26904.079,1,1
26087.899,1,1
28856.85,1,1
31112.752,0,0
32644.68,0,0
32946.263,0,0
32238.983,0,0
31431.093,0,0
30722.592,1,1
30297.845,1,1
30357.58,1,1
30317.678,1,1
30278.137,1,1
30581.63,1,1
31228.523,1,1
31511.209,0,0
31779.423,0,0
31812.803,0,0
31610.992,0,0
31409.18,0,0
31207.366,1,0
31610.799,0,0
32575.772,0,0
33314.632,0,0
33911.109,0,0
34142.733,0,0
33578.442,0,0
32967.369,0,0
32352.297,0,0
32110.277,0,0
32141.204,0,0
32293.523,0,0
32533.409,0,0
32590.727,0,0
32613.861,0,0
32210.406,0,0
31411.016,0,0
31111.754,1,1
31213.689,1,1
31676.359,0,0
32565.646,0,0
32867.604,0,0
32445.682,0,0
32068.833,0,0
31687.618,0,0
31082.679,1,1
30467.509,1,1
29536.209,1,1
28443.348,1,1
27411.564,1,1
26320.718,1,1
25303.429,1,1
24554.409,1,1
25082.818,1,1
26794.643,1,1
28306.105,1,1
30193.143,1,1
30974.978,1,1
30701.286,1,1
31459.502,0,0
32940.337,0,0
34226.773,0,0
35288.497,0,0
35381.531,0,0
34782.563,0,0
34550.882,0,0
34742.817,0,0
35246.69,0,0
36034.815,0,0
36728.558,0,0
37607.104,0,0
39240.567,0,0
41111.679,0,0
42550.691,0,0
42984.871,0,0
43020.137,0,0
43034.296,0,0
43620.676,0,0
44694.521,0,0
45500.794,0,0
46079.202,0,0
46074.343,0,0
45898.267,0,0
45722.314,0,0
45546.485,0,0
45283.978,0,0
44834.483,0,0
44484.697,0,0
43957.714,0,0
43613.706,0,0
43315.435,0,0
43017.05,0,0
42718.55,0,0
42198.125,0,0
41455.606,0,0
40640.837,0,0
39772.17,0,0
39304.284,0,0
39141.478,0,0
38771.805,0,0
38138.343,0,0
37736.392,0,0
37699.063,0,0
37661.798,0,0
37607.416,0,0
37307.327,0,0
36961.468,0,0
36498.369,0,0
36135.216,0,0
35677.41,0,0
35124.799,0,0
34571.932,0,0
34040.942,0,0
33470.886,0,0
33025.093,0,0
32578.951,0,0
32077.888,0,0
31907.816,0,0
32141.284,0,0
32374.887,0,0
32499.831,0,0
32599.501,0,0
32404.758,0,0
32005.824,0,0
31696.065,0,0
31734.771,0,0
32187.678,0,0
32449.841,0,0
32586.167,0,0
32059.829,0,0
31175.829,0,0
30158.652,0,0
28872.109,0,0
27365.566,0,0
25283.872,0,0
24183.203,0,0
24356.049,0,0
24375.87,0,0
24062.89,0,0
24589.075,0,0
26327.513,0,0
27591.334,0,0
28675.02,0,0
28133.424,0,0
25507.941,0,0
23747.597,0,0
22586.493,0,0
22036.234,0,0
22143.352,0,0
21031.173,0,0
18646.68,1,1
16873.521,1,1
15896.507,1,1
14992.318,1,1
13801.47,1,1
11798.499,1,1
8861.141,1,1
7140.34,1,1
6823.099,1,1
6895.957,1,1
7523.858,1,1
6697.635,1,1
4476.296,1,1
3276.047,1,1
3233.102,1,1
4258.141,1,1
5717.774,1,1
6721.79,1,1
7623.667,1,1
9077.269,1,1
11439.033,1,1
14170.797,1,1
16827.861,1,1
18936.93,1,1
20417.281,0,0
21601.392,0,0
22810.912,0,0
24554.562,0,0
26961.223,0,0
29495.034,0,0
31925.509,0,0
34157.858,0,0
36576.784,0,0
38292.327,0,0
39899.122,0,0
39936.709,0,0
38507.421,0,0
36975.235,0,0
35383.241,0,0
34656.822,0,0
35256.925,0,0
35679.481,0,0
36002.765,0,0
35563.393,0,0
34160.821,0,0
32758.246,0,0
31255.669,0,0
29521.092,1,1
27057.755,1,1
24169.877,1,1
20843.275,1,1
18892.44,1,1
18485.033,1,1
18077.621,1,1
17670.202,1,1
16233.086,1,1
13743.587,1,1
11390.365,1,1
8935.691,1,1
9899.949,1,1
13986.941,1,1
18389.988,1,1
22384.155,1,1
25364.575,1,1
27060.911,1,1
28747.889,1,1
29850.441,1,1
30489.889,0,0
30547.91,0,0
30540.555,0,0
30423.866,0,0
30651.221,0,0
30916.48,0,0
31007.445,0,0
30947.484,0,0
30898.215,0,0
30630.36,0,0
30593.635,0,0
30953.766,0,0
31529.143,0,0
32345.822,0,0
32477.391,0,0
31706.311,0,0
30086.427,0,0
27798.045,1,1
27958.007,1,1
30889.605,0,0
34179.47,0,0
36335.366,0,0
36961.291,0,0
37097.396,0,0
37562.151,0,0
38482.258,0,0
38695.737,0,0
36831.087,0,0
33238.078,0,0
29824.157,1,1
29776.858,1,1
33005.282,0,0
35414.816,0,0
36987.852,0,0
37723.937,0,0
37507.83,0,0
37808.802,0,0
38422.153,0,0
38456.506,0,0
37344.276,0,0
35519.583,0,0
34364.968,0,0
34961.847,0,0
37142.532,0,0
38807.359,0,0
40028.055,0,0
40741.318,0,0
41305.931,0,0
41762.823,0,0
42114.449,0,0
42553.35,0,0
42624.246,0,0
42995.349,0,0
43138.209,0,0
42644.917,0,0
42113.555,0,0
41546.497,0,0
40905.531,0,0
40002.997,0,0
39199.859,0,0
38897.809,0,0
39097.553,0,0
39297.631,0,0
39498.044,0,0
39296.325,0,0
38591.767,0,0
37886.601,0,0
37174.422,0,0
36729.545,0,0
36978.183,0,0
37012.182,0,0
37046.462,0,0
36748.11,0,0
36017.27,0,0
35332.978,0,0
34476.535,0,0
33974.197,0,0
33625.629,0,0
33276.962,0,0
32928.194,0,0
32701.276,0,0
32496.47,0,0
32391.913,0,0
32287.606,0,0
32109.403,1,1
31955.652,1,1
31750.371,1,1
31645.17,1,1
31397.124,1,1
31180.974,1,1
30883.122,1,1
30585.018,1,1
30907.44,1,1
31842.74,1,1
32619.962,0,0
33241.712,0,0
33695.111,0,0
34010.798,0,0
34320.867,0,0
34624.814,0,0
34722.383,0,0
34615.033,0,0
34067.914,0,0
33270.319,0,0
32157.518,1,1
30585.037,1,1
30277.713,1,1
31502.587,1,1
32804.581,0,0
33912.465,0,0
33703.684,0,0
32058.48,1,1
30627.788,1,1
29498.361,1,1
29180.078,1,1
29770.628,1,1
29841.138,1,1
29519.497,1,1
30358.062,1,1
32459.397,0,0
34903.583,0,0
37392.592,0,0
37610.963,0,0
35874.394,0,0
34321.12,0,0
33133.271,0,0
32704.774,0,0
33033.381,0,0
32626.667,0,0
31588.921,1,1
31550.89,1,1
32499.778,0,0
33431.341,0,0
34403.749,0,0
34634.352,0,0
34297.87,0,0
34211.623,0,0
34372.283,0,0
34708.145,0,0
35412.599,0,0
36196.191,0,0
36390.046,0,0
37176.335,0,0
37921.756,0,0
38457.62,0,0
39109.68,0,0
40300.222,0,0
41533.654,0,0
42257.9,0,0
42457.154,0,0
42642.422,0,0
42642.72,0,0
42426.09,0,0
42252.61,0,0
42079.139,0,0
41905.677,0,0
41725.583,0,0
41538.855,0,0
41452.13,0,0
41265.411,0,0
40952.114,0,0
40612.228,0,0
40172.328,0,0
39732.415,0,0
39432.379,0,0
39172.247,0,0
39012.135,0,0
38752.043,0,0
38185.316,0,0
37300.0,0,0
36300.0,0,0
35400.0,0,0
34800.0,0,0
34700.0,0,0
34500.0,0,0
34400.0,0,0
34000.0,0,0
33500.0,0,0
33000.0,0,0
32500.0,0,0
32100.0,0,0
31800.0,0,0
31500.0,0,0
31200.0,0,0
31100.0,0,0
31000.0,0,0
31000.0,0,0
31000.0,0,0
31200.0,0,0
31500.0,0,0
31800.0,0,0
32100.0,0,0
32500.0,0,0
33068.84,0,0
33601.059,0,0
34130.94,0,0
34344.141,0,0
34234.75,0,0
33829.42,0,0
33119.494,0,0
32183.959,0,0
31017.636,0,0
29835.122,0,0
28776.891,0,0
27600.982,0,0
26322.771,1,1
25769.561,1,1
26161.349,1,1
26392.345,1,1
26618.938,1,1
26914.269,1,1
27150.473,1,1
27609.28,0,0
28116.429,0,0
27875.23,0,0
26815.923,1,1
25801.468,1,1
24654.585,1,1
24748.549,1,1
25960.577,1,1
26823.014,1,1
27301.697,1,1
27209.531,1,1
26381.067,1,1
25221.0,1,1
24035.682,1,1
23840.922,1,1
24615.0,1,1
25295.047,1,1
25909.932,1,1
26695.052,1,1
27529.795,1,1
28511.882,0,0
29426.142,0,0
30452.245,0,0
31644.407,0,0
33113.498,0,0
34841.105,0,0
35774.325,0,0
36464.221,0,0
37347.564,0,0
38645.615,0,0
40360.311,0,0
41579.486,0,0
42163.97,0,0
42459.542,0,0
42628.972,0,0
42600.0,0,0
42400.0,0,0
42200.0,0,0
42000.0,0,0
41800.0,0,0
41600.0,0,0
41272.49,0,0
40967.787,0,0
40407.265,0,0
39966.487,0,0
39785.038,0,0
39524.928,0,0
39170.752,0,0
38913.344,0,0
38652.696,0,0
38392.08,0,0
38000.0,0,0
37400.0,0,0
36600.0,0,0
35669.036,0,0
34736.106,0,0
34219.608,0,0
34119.567,0,0
34019.527,0,0
33819.487,0,0
33616.143,0,0
33309.49,0,0
33002.829,0,0
32696.16,0,0
32406.026,0,0
32132.452,0,0
31858.905,0,0
31585.385,0,0
31398.634,0,0
31298.633,0,0
31198.633,0,0
30998.632,0,0
30985.343,0,0
31058.745,0,0
31132.121,0,0
31105.47,0,0
31305.458,0,0
31362.701,0,0
31224.463,0,0
31075.742,0,0
31125.736,0,0
30930.177,0,0
29947.903,1,1
29399.785,1,1
29029.512,1,1
28463.41,1,1
28091.023,1,1
27908.599,1,1
28101.17,1,1
28718.966,1,1
29269.099,1,1
29737.375,1,1
29969.847,1,1
30188.302,1,1
30263.907,1,1
30168.828,1,1
30072.984,1,1
30100.472,1,1
29701.912,1,1
29027.181,1,1
28077.189,1,1
26801.328,1,1
26999.631,1,1
28681.594,1,1
29917.701,1,1
30588.543,1,1
31277.206,0,0
32097.351,0,0
32814.779,0,0
33495.9,0,0
33420.979,0,0
32666.933,0,0
31901.588,0,0
31133.22,0,0
31794.129,0,0
33702.867,0,0
35763.268,0,0
37118.22,0,0
37492.374,0,0
37307.746,0,0
37138.56,0,0
37501.222,0,0
38065.825,0,0
39002.61,0,0
39615.216,0,0
40217.659,0,0
41142.443,0,0
41782.841,0,0
42171.093,0,0
42427.223,0,0
42413.868,0,0
42300.0,0,0
42100.0,0,0
41800.0,0,0
41400.0,0,0
41100.0,0,0
40800.0,0,0
40600.0,0,0
40400.0,0,0
40200.0,0,0
40000.0,0,0
40000.0,0,0
39900.0,0,0
39800.0,0,0
39600.0,0,0
39300.0,0,0
38900.0,0,0
38600.0,0,0
38000.0,0,0
37100.0,0,0
36200.0,0,0
35400.0,0,0
34895.327,0,0
34788.703,0,0
34682.073,0,0
34575.438,0,0
34365.482,0,0
34052.201,0,0
33638.909,0,0
33325.605,0,0
33048.82,0,0
32900.0,0,0
32600.0,0,0
32400.0,0,0
32200.0,0,0
32100.0,0,0
32000.0,0,0
31900.0,0,0
31800.0,0,0
31841.938,0,0
31768.521,0,0
31674.678,0,0
31742.801,0,0
32013.73,0,0
31983.397,0,0
32044.507,0,0
31910.663,0,0
31550.41,0,0
31019.762,1,1
30223.584,1,1
29275.1,1,1
28155.692,1,1
27651.338,1,1
28038.755,1,1
29332.28,1,1
31085.973,1,1
32229.793,0,0
33307.423,0,0
34056.048,0,0
34479.46,0,0
34513.791,0,0
33628.055,0,0
32281.881,0,0
30938.26,1,1
29809.725,1,1
28499.015,1,1
27831.074,1,1
27501.905,1,1
28052.026,1,1
29481.848,1,1
30211.961,1,1
30563.223,1,1
30860.638,1,1
31287.963,1,1
31055.875,1,1
30382.422,1,1
30967.643,1,1
32631.692,0,0
33946.896,0,0
34734.22,0,0
35465.578,0,0
36191.262,0,0
37767.743,0,0
39469.541,0,0
40350.197,0,0
40628.911,0,0
40775.443,0,0
40791.104,0,0
40801.682,0,0
40975.178,0,0
41239.35,0,0
41712.63,0,0
42253.622,0,0
42527.666,0,0
42891.897,0,0
43200.648,0,0
43501.826,0,0
43521.255,0,0
43283.888,0,0
42946.603,0,0
42709.37,0,0
42372.19,0,0
42172.028,0,0
41908.814,0,0
41745.556,0,0
41582.256,0,0
41382.048,0,0
41244.996,0,0
41107.987,0,0
40971.019,0,0
40354.776,0,0
39092.521,0,0
37679.711,0,0
35795.356,0,0
33894.971,0,0
32482.467,0,0
30969.445,1,1
29455.906,1,1
28320.681,0,0
27011.272,0,0
25715.387,0,0
24419.097,0,0
24472.675,0,0
25777.073,0,0
26971.934,0,0
27793.461,0,0
28654.415,0,0
29506.487,0,0
29814.724,0,0
30123.27,0,0
30191.777,0,0
29819.909,0,0
29547.902,0,0
29275.757,0,0
29547.716,0,0
30464.269,0,0
31208.409,0,0
31851.088,0,0
32189.943,0,0
32446.633,0,0
32437.47,0,0
32519.11,0,0
32315.276,0,0
31745.697,0,0
31113.34,0,0
30108.328,0,0
29291.614,0,0
28840.519,0,0
28472.792,0,0
27979.778,0,0
27143.296,0,0
25997.482,0,0
24569.101,0,0
23347.904,0,0
22050.472,0,0
20653.312,0,0
19275.371,0,0
18142.102,1,1
17091.05,1,1
16003.036,1,1
15008.252,1,1
14355.006,1,1
15492.409,1,1
18108.685,1,1
20451.736,0,0
22218.28,0,0
22825.1,0,0
22482.756,0,0
22156.044,0,0
21615.29,0,0
20224.834,0,0
17753.641,1,1
15197.434,1,1
12691.674,1,1
12083.606,1,1
13620.447,1,1
15215.432,1,1
16818.465,1,1
17219.987,1,1
16128.826,1,1
15334.813,1,1
14648.076,1,1
14645.712,1,1
15503.093,1,1
17082.88,1,1
19174.878,1,1
19980.308,0,0
19735.21,0,0
19236.272,1,1
18766.172,1,1
19714.312,0,0
22130.477,0,0
24384.296,0,0
26536.355,0,0
27740.529,0,0
27939.377,0,0
28138.821,0,0
28338.863,0,0
28130.621,0,0
27413.106,0,0
26694.872,0,0
25975.917,0,0
26376.314,0,0
28097.969,0,0
29662.604,0,0
30971.719,0,0
31355.688,0,0
30513.12,0,0
29770.209,0,0
29026.954,0,0
28152.176,0,0
27146.128,0,0
26040.075,0,0
25034.015,0,0
22941.133,0,0
19152.342,0,0
15443.188,0,0
11936.363,0,0
9437.314,0,0
7967.433,0,0
6496.653,1,1
5024.973,1,1
3399.901,1,1
1834.629,1,1
268.208,1,1
0.0,1,1
0.0,1,1
0.0,1,1
0.0,1,1
0.0,1,1
0.0,1,1
0.0,1,1
0.0,1,1
0.0,1,1
0.0,1,1
0.0,1,1
1397.417,1,1
7474.984,0,0
11266.881,0,0
12493.864,0,0
13672.146,0,0
15063.84,0,0
14720.792,0,0
12909.777,0,0
10657.023,0,0
7916.525,0,0
5558.55,1,1
2891.115,1,1
3082.264,1,1
6893.925,0,0
10292.807,0,0
12846.668,0,0
14897.474,0,0
16313.747,0,0
17027.69,0,0
17039.353,0,0
18568.436,0,0
21804.705,0,0
23674.656,0,0
24166.019,0,0
23143.104,0,0
20981.608,0,0
19491.378,0,0
18587.982,0,0
16779.303,0,0
13936.699,0,0
10414.979,0,0
6515.002,1,1
4412.328,1,1
3911.994,1,1
5761.671,1,1
10133.661,0,0
15565.21,0,0
22057.059,0,0
26547.993,0,0
29531.461,0,0
32208.086,0,0
34239.698,0,0
35664.767,0,0
36386.677,0,0
36587.486,0,0
36510.418,0,0
37433.118,0,0
39354.805,0,0
40673.486,0,0
41752.558,0,0
42709.335,0,0
43192.243,0,0
43313.853,0,0
43405.841,0,0
43105.342,0,0
42512.064,0,0
41918.687,0,0
41425.213,0,0
41100.385,0,0
41244.338,0,0
41288.372,0,0
41332.488,0,0
41498.924,0,0
41772.228,0,0
41885.82,0,0
41999.516,0,0
41960.495,0,0
41652.587,0,0
41400.0,0,0
41000.0,0,0
40200.0,0,0
38800.0,0,0
37400.0,0,0
36100.0,0,0
35300.0,0,0
35100.0,0,0
35000.0,0,0
34800.0,0,0
34600.0,0,0
34300.0,0,0
34100.0,0,0
33800.0,0,0
33600.0,0,0
33400.0,0,0
33200.0,0,0
33000.0,0,0
32800.0,0,0
32700.0,0,0
32600.0,0,0
32500.0,0,0
32362.389,0,0
32289.873,0,0
32217.345,0,0
31925.797,0,0
31921.368,0,0
32052.328,0,0
32059.518,0,0
31959.396,0,0
31812.336,0,0
31303.575,1,1
30967.47,1,1
30959.42,1,1
30992.119,1,1
30817.433,1,1
30233.409,1,1
28814.333,1,1
27056.925,1,1
25794.873,1,1
25934.273,1,1
27981.922,1,1
29082.845,1,1
29362.395,1,1
30047.513,1,1
30983.643,1,1
33067.525,0,0
35437.906,0,0
36497.998,0,0
36486.54,0,0
36672.562,0,0
37151.095,0,0
37048.518,0,0
36004.414,0,0
34288.894,0,0
32522.398,0,0
32303.824,0,0
33719.566,0,0
34368.63,0,0
34049.699,0,0
34788.225,0,0
36588.294,0,0
38291.171,0,0
39801.236,0,0
40098.889,0,0
39388.817,0,0
39219.09,0,0
39688.905,0,0
39995.15,0,0
39972.862,0,0
39954.746,0,0
39840.788,0,0
39716.126,0,0
39547.469,0,0
39304.323,0,0
38840.153,0,0
38764.079,0,0
38872.936,0,0
38739.496,0,0
37825.387,0,0
36794.38,0,0
34787.471,0,0
33463.222,0,0
33162.595,0,0
32861.967,0,0
32561.34,0,0
32180.142,0,0
31718.327,1,1
31250.544,1,1
30745.54,1,1
30896.587,1,1
31695.294,1,1
32316.772,0,0
32938.49,0,0
33099.186,0,0
32798.677,0,0
32598.169,0,0
32297.66,0,0
31597.152,1,1
30496.643,1,1
29496.134,1,1
28395.625,1,1
27191.93,0,0
25784.746,0,0
24008.305,0,0
22122.453,0,0
21315.71,0,0
21688.583,0,0
22061.569,0,0
22334.666,0,0
21696.434,0,0
20046.448,0,0
18496.012,0,0
16675.462,0,0
15045.248,0,0
13617.276,1,1
12289.066,1,1
10896.508,1,1
8286.492,1,1
4573.191,1,1
1081.462,1,1
0.0,1,1
0.0,1,1
3029.149,1,1
7719.848,1,1
12822.036,1,1
14922.213,0,1
13831.041,1,1
12615.025,1,1
11294.329,1,1
11155.721,1,1
12425.405,1,1
14304.97,0,0
16842.841,0,0
18510.386,0,0
19736.729,0,0
20237.234,0,0
19898.666,0,0
19515.399,0,0
19158.962,0,0
19784.45,0,0
21163.703,0,0
22222.594,0,0
22854.268,0,0
23488.813,0,0
24110.594,0,0
24960.724,0,0
25841.395,0,0
26144.137,0,0
24338.772,0,0
21006.018,0,0
17523.78,0,0
17714.36,0,0
21703.877,0,0
25070.47,0,0
26403.23,0,0
25768.498,0,0
24664.368,0,0
24710.025,0,0
26078.855,0,0
27124.257,0,0
27017.43,0,0
26468.245,0,0
26306.216,0,0
26728.119,0,0
27796.281,0,0
28186.67,0,0
27810.417,0,0
27609.155,0,0
27490.542,0,0
29297.146,0,0
32958.963,0,0
35546.633,0,0
37550.826,0,0
38691.121,0,0
38683.811,0,0
38173.845,0,0
37610.607,0,0
37212.23,0,0
36878.993,0,0
36545.668,0,0
36112.255,0,0
35745.708,0,0
35445.994,0,0
35039.835,0,0
34479.41,0,0
32202.804,0,0
27272.825,0,0
21259.965,0,0
14994.258,0,0
10938.995,1,1
8713.902,1,1
6507.575,1,1
4363.692,1,1
3852.923,1,1
4977.094,1,1
6166.251,1,1
7376.74,1,1
10143.516,1,1
14673.62,1,1
19440.767,1,1
23316.767,0,0
25343.703,0,0
25804.519,0,0
26365.974,0,0
26745.935,0,0
26611.052,0,0
26309.689,0,0
25908.325,0,0
25606.959,0,0
25705.787,0,0
26105.008,0,0
26604.496,0,0
27004.25,0,0
27103.119,0,0
26800.598,0,0
26397.675,0,0
26087.963,0,0
26366.409,0,0
27431.93,0,0
28362.359,0,0
29288.036,0,0
29533.055,0,0
29195.255,0,0
28588.466,0,0
27704.373,0,0
26242.226,0,0
23426.451,0,0
20939.936,1,1
18980.346,1,1
19645.877,1,1
22460.997,1,1
24465.46,0,0
24878.618,0,0
24220.659,0,0
22588.714,0,0
21945.87,1,1
21931.251,1,1
22043.763,1,1
22478.593,1,1
22151.685,1,1
21105.55,1,1
20155.073,1,1
19306.891,1,1
19482.837,1,1
20699.24,1,1
21969.798,1,1
23184.153,0,0
24006.657,0,0
24444.713,0,0
24881.799,0,0
25294.659,0,0
24863.611,0,0
23641.929,0,0
22475.872,1,1
21462.946,1,1
21091.336,1,1
21518.196,1,1
21511.842,1,1
21315.117,1,1
22648.845,0,0
24836.415,0,0
26465.397,0,0
27713.29,0,0
28663.561,0,0
29451.6,0,0
30460.883,0,0
31542.255,0,0
32516.423,0,0
33187.988,0,0
34225.13,0,0
35211.951,0,0
35828.596,0,0
36421.101,0,0
36039.796,0,0
34883.694,0,0
33726.961,0,0
32340.966,0,0
30804.63,0,0
29267.41,0,0
27729.307,0,0
26122.409,0,0
26020.345,0,0
27568.172,0,0
28901.473,0,0
30235.988,0,0
30981.088,0,0
31636.823,0,0
32293.192,0,0
32769.026,0,0
32367.023,0,0
31227.735,0,0
29926.437,0,0
28524.739,0,0
27642.678,1,1
27180.373,1,1
26817.827,1,1
26355.04,1,1
26573.57,1,1
27474.047,1,1
28354.594,1,1
28718.58,1,1
28750.107,1,1
28448.926,1,1
28247.743,1,1
27946.56,1,1
28278.406,1,1
28954.537,1,1
29387.751,1,1
29902.357,1,1
30105.467,1,1
30105.168,1,1
30204.87,1,1
30204.571,1,1
30404.458,1,1
30574.018,1,1
30707.499,1,1
30838.595,1,1
31020.184,0,0
31346.622,0,0
31740.9,0,0
32092.942,0,0
32424.196,0,0
32733.722,0,0
33343.214,0,0
34152.226,0,0
35078.203,0,0
36218.589,0,0
37137.704,0,0
37537.331,0,0
37916.569,0,0
38111.138,0,0
37981.971,0,0
37443.476,0,0
37124.289,0,0
37089.637,0,0
36945.718,0,0
36893.512,0,0
36703.334,0,0
36575.922,0,0
36856.356,0,0
37594.306,0,0
37974.634,0,0
38097.878,0,0
38205.223,0,0
38197.435,0,0
37988.436,0,0
37384.023,0,0
37777.687,0,0
39227.652,0,0
40637.452,0,0
41917.454,0,0
42188.798,0,0
41262.537,0,0
40554.473,0,0
39967.401,0,0
40016.626,0,0
40602.257,0,0
41164.703,0,0
41703.311,0,0
42088.718,0,0
42202.326,0,0
42070.421,0,0
41730.075,0,0
41671.405,0,0
41890.205,0,0
42335.014,0,0
42600.0,0,0
42400.0,0,0
42300.0,0,0
42000.0,0,0
41700.0,0,0
41300.0,0,0
41000.0,0,0
40700.0,0,0
40600.0,0,0
40400.0,0,0
40300.0,0,0
40100.0,0,0
40000.0,0,0
39900.0,0,0
39700.0,0,0
39500.0,0,0
39100.0,0,0
38700.0,0,0
38300.0,0,0
37700.0,0,0
36900.0,0,0
36100.0,0,0
35300.0,0,0
35000.0,0,0
34843.029,0,0
34771.037,0,0
34679.065,0,0
34041.894,0,0
33077.682,0,0
31850.128,0,0
30515.128,0,0
29616.059,0,0
29449.144,1,1
29382.229,1,1
29215.314,1,1
29148.399,1,1
29181.484,1,1
29114.569,1,1
29138.991,1,1
28914.639,1,1
28315.45,1,1
27816.162,1,1
27310.419,1,1
26146.772,1,1
24815.47,1,1
23256.442,1,1
21244.763,1,1
20805.876,1,1
21862.288,1,1
22811.658,1,1
24291.16,1,1
26141.654,1,1
27689.082,1,1
29033.562,1,1
30292.171,0,0
30839.92,0,0
30941.278,0,0
31714.542,0,0
32834.419,0,0
34303.98,0,0
36111.837,0,0
36778.043,0,0
36395.708,0,0
35734.433,0,0
34896.754,0,0
34304.809,0,0
33761.597,0,0
33091.185,0,0
32091.11,0,0
31899.666,0,0
32308.009,0,0
32220.495,0,0
31794.141,0,0
31949.011,0,0
32784.3,0,0
32745.297,0,0
32034.39,0,0
31978.344,0,0
32585.341,0,0
33894.551,0,0
34499.731,0,0
33630.853,0,0
31533.035,0,0
29212.496,1,1
28050.629,1,1
29684.674,0,0
33595.128,0,0
36282.281,0,0
37859.33,0,0
38832.39,0,0
39312.853,0,0
40374.926,0,0
41095.066,0,0
41387.552,0,0
41777.121,0,0
41419.894,0,0
40542.113,0,0
39685.415,0,0
38409.773,0,0
37988.739,0,0
38815.806,0,0
39109.592,0,0
39503.672,0,0
39665.899,0,0
39878.647,0,0
39920.198,0,0
39961.83,0,0
40076.084,0,0
40263.047,0,0
40387.892,0,0
40336.258,0,0
40269.205,0,0
40186.721,0,0
39925.907,0,0
39571.507,0,0
38904.086,0,0
37923.633,0,0
36943.19,0,0
35962.757,0,0
35395.391,0,0
35300.0,0,0
35200.0,0,0
35100.0,0,0
34900.0,0,0
34500.0,0,0
34100.0,0,0
33700.0,0,0
33375.757,0,0
33129.948,0,0
32884.116,0,0
32638.261,0,0
32394.575,0,0
32169.532,0,0
31944.426,0,0
31719.258,0,0
31562.756,0,0
31374.896,0,0
31286.942,0,0
31004.225,0,0
30835.757,1,1
30820.365,1,1
30621.046,1,1
30416.505,1,1
30184.989,1,1
29768.124,1,1
29558.711,1,1
29561.937,1,1
30144.386,1,1
31216.06,0,0
32278.031,0,0
33554.871,0,0
34626.974,0,0
35801.217,0,0
36416.792,0,0
36565.009,0,0
36562.819,0,0
36614.367,0,0
37051.793,0,0
37863.501,0,0
38310.754,0,0
38388.05,0,0
38471.316,0,0
38850.912,0,0
39583.593,0,0
40720.415,0,0
40897.992,0,0
40312.289,0,0
39461.248,0,0
38647.919,0,0
38350.105,0,0
38669.789,0,0
38673.457,0,0
38459.203,0,0
37616.11,0,0
36357.776,0,0
34845.561,0,0
33037.26,0,0
32737.494,0,0
33800.521,0,0
35062.944,0,0
36199.17,0,0
36773.18,0,0
36376.0,0,0
35539.688,0,0
34786.961,0,0
35562.471,0,0
37255.96,0,0
37817.993,0,0
37427.66,0,0
36381.843,0,0
34374.682,0,0
32805.974,0,0
31662.537,0,0
30496.569,1,1
29005.982,1,1
27893.798,1,1
26984.115,1,1
26174.128,1,1
25263.839,1,1
25463.845,1,1
26774.9,1,1
28086.656,1,1
29170.784,1,1
29821.458,1,1
29954.347,1,1
29987.347,1,1
30120.457,1,1
30923.29,1,1
32283.133,0,0
33181.62,0,0
34180.704,0,0
34726.297,0,0
34422.399,0,0
34118.897,0,0
33682.24,0,0
33446.543,0,0
33492.164,0,0
33537.834,0,0
33583.552,0,0
33161.584,0,0
32471.747,0,0
31681.715,0,0
30846.537,0,0
30046.386,1,1
29379.29,1,1
28711.962,1,1
27984.161,1,1
27662.632,1,1
27909.333,1,1
28142.006,1,1
28274.791,1,1
28340.78,1,1
28439.889,1,1
28538.998,1,1
28638.106,1,1
28737.66,1,1
29037.66,1,1
29290.868,1,1
29557.513,1,1
29642.207,1,1
29739.355,1,1
29619.39,1,1
29478.925,1,1
29646.187,1,1
30024.826,1,1
30196.231,0,0
30257.28,0,0
30565.99,0,0
31166.743,0,0
31576.813,0,0
31797.426,0,0
31096.729,0,0
29487.509,1,1
29318.392,1,1
30531.351,0,0
31450.708,0,0
31892.577,0,0
32951.092,0,0
34414.116,0,0
35679.846,0,0
36658.086,0,0
37651.705,0,0
38657.113,0,0
39712.111,0,0
40571.797,0,0
40915.843,0,0
40890.817,0,0
40551.965,0,0
40178.432,0,0
40134.408,0,0
40617.361,0,0
41020.714,0,0
41345.097,0,0
41258.509,0,0
40670.287,0,0
40616.215,0,0
41205.942,0,0
41266.954,0,0
40883.087,0,0
40399.322,0,0
39683.741,0,0
40164.275,0,0
41701.746,0,0
42674.53,0,0
43218.55,0,0
43403.438,0,0
43369.914,0,0
43240.052,0,0
43102.169,0,0
42964.316,0,0
42809.5,0,0
42609.468,0,0
42264.199,0,0
42001.922,0,0
41639.634,0,0
41408.471,0,0
41208.438,0,0
41008.406,0,0
40908.373,0,0
40583.764,0,0
40134.546,0,0
39685.287,0,0
39159.162,0,0
38861.914,0,0
38756.085,0,0
38622.631,0,0
38447.191,0,0
37809.441,0,0
36809.367,0,0
35709.293,0,0
34709.219,0,0
33906.551,0,0
33293.725,0,0
32561.941,0,0
31787.223,0,0
31088.983,0,0
30556.12,0,0
30023.256,0,0
29590.392,0,0
28957.704,1,1
28418.808,1,1
27617.624,1,1
26716.341,1,1
25614.784,1,1
24313.029,1,1
22643.799,1,1
20966.108,1,1
19104.532,1,1
17032.753,1,1
14902.322,1,1
12686.759,1,1
12502.061,1,1
14047.438,1,1
15583.224,1,1
17215.989,1,1
18752.063,1,1
19981.345,1,1
21365.375,1,1
23132.868,1,1
24309.444,1,1
25625.129,1,1
26932.447,1,1
28158.604,1,1
29305.82,0,0
30483.721,0,0
31100.838,0,0
31221.076,0,0
30783.357,0,0
29587.788,0,0
30145.922,0,0
32493.427,0,0
35030.232,0,0
37610.098,0,0
38480.342,0,0
37588.355,0,0
36924.392,0,0
36484.152,0,0
36131.637,0,0
35340.995,0,0
34526.908,0,0
34037.569,0,0
34031.047,0,0
34337.804,0,0
34131.584,0,0
33111.53,0,0
33221.34,0,0
34267.783,0,0
34982.919,0,0
35321.577,0,0
35956.817,0,0
36867.721,0,0
37987.236,0,0
38991.217,0,0
39504.628,0,0
39799.585,0,0
40165.85,0,0
40436.434,0,0
41027.98,0,0
41900.101,0,0
42621.782,0,0
43311.293,0,0
43601.449,0,0
43605.96,0,0
43500.0,0,0
43300.0,0,0
43100.0,0,0
42900.0,0,0
42600.0,0,0
42400.0,0,0
42100.0,0,0
41800.0,0,0
41600.0,0,0
41400.0,0,0
41200.0,0,0
41100.0,0,0
40900.0,0,0
40700.0,0,0
40600.0,0,0
40400.0,0,0
40200.0,0,0
39900.0,0,0
39600.0,0,0
39300.0,0,0
38700.0,0,0
37900.0,0,0
37100.0,0,0
36300.0,0,0
35800.0,0,0
35600.0,0,0
35500.0,0,0
35400.0,0,0
35000.0,0,0
34500.0,0,0
34000.0,0,0
33500.0,0,0
33100.0,0,0
32800.0,0,0
32500.0,0,0
32200.0,0,0
32100.0,0,0
32100.0,0,0
32100.0,0,0
32200.0,0,0
32300.0,0,0
32600.0,0,0
32800.0,0,0
33100.0,0,0
33500.0,0,0
33994.802,0,0
34366.873,0,0
34631.736,0,0
34537.477,0,0
33898.098,0,0
33107.955,0,0
32248.826,0,0
31553.715,0,0
31097.544,0,0
30643.892,0,0
30013.579,0,0
29693.363,0,0
29742.334,0,0
29259.197,0,0
28096.378,1,1
26773.021,1,1
25543.065,1,1
24812.753,1,1
24916.252,1,1
24299.152,1,1
23121.214,1,1
22972.166,1,1
24141.421,1,1
25311.517,1,1
26454.279,1,1
26987.077,1,1
26686.585,1,1
26477.36,1,1
26373.374,1,1
26120.566,1,1
25626.445,1,1
24719.271,1,1
23335.844,1,1
23542.094,1,1
25011.951,1,1
26158.926,1,1
26999.626,1,1
27851.209,1,1
28744.352,0,0
29873.261,0,0
31249.531,0,0
31930.549,0,0
32356.05,0,0
33104.106,0,0
34284.607,0,0
36096.975,0,0
37928.737,0,0
39330.844,0,0
40415.07,0,0
41879.111,0,0
43578.933,0,0
44253.759,0,0
44115.201,0,0
43876.594,0,0
43737.935,0,0
43598.187,0,0
43175.291,0,0
42852.294,0,0
42529.197,0,0
42375.096,0,0
42390.174,0,0
42327.812,0,0
42172.903,0,0
41798.669,0,0
41405.089,0,0
41011.514,0,0
40617.943,0,0
40201.766,0,0
39762.959,0,0
39424.127,0,0
39004.58,0,0
38181.038,0,0
37119.158,0,0
36157.236,0,0
35095.274,0,0
34340.566,0,0
33793.019,0,0
33269.05,0,0
32682.834,0,0
32089.315,0,0
31588.685,0,0
31088.054,0,0
30487.423,0,0
30159.244,0,0
30103.589,0,0
29948.03,0,0
29892.566,0,0
29574.522,0,0
28993.61,0,0
28332.241,0,0
27537.611,1,1
27339.476,1,1
27538.132,0,0
27836.786,0,0
28135.44,0,0
28933.073,0,0
30050.51,0,0
31074.896,0,0
31933.566,0,0
32004.184,0,0
31156.202,0,0
30380.357,0,0
29605.854,0,0
28481.457,0,0
26946.45,1,1
25506.746,1,1
24151.863,1,1
22775.389,1,1
20944.34,1,1
20482.137,1,1
21826.099,1,1
23262.512,1,1
24614.121,1,1
25127.132,1,1
24363.708,1,1
24166.686,1,1
24367.813,1,1
24996.062,1,1
26090.529,1,1
26417.422,1,1
26140.802,1,1
26591.558,1,1
27578.553,0,0
28597.281,0,0
29700.699,0,0
29642.32,0,0
28574.248,0,0
27106.385,1,1
25267.696,1,1
25084.521,1,1
26516.145,1,1
27705.989,0,0
28561.736,0,0
28945.954,0,0
29045.09,0,0
29951.969,0,0
31563.922,0,0
32349.729,0,0
32376.837,0,0
32661.626,0,0
33104.113,0,0
34373.872,0,0
35885.091,0,0
37144.021,0,0
38280.394,0,0
39815.168,0,0
41146.867,0,0
41858.396,0,0
42185.757,0,0
42513.535,0,0
42788.972,0,0
42817.811,0,0
42700.97,0,0
42684.337,0,0
42567.914,0,0
42331.63,0,0
42157.259,0,0
41882.914,0,0
41708.594,0,0
41440.734,0,0
41079.349,0,0
40700.0,0,0
40400.0,0,0
40000.0,0,0
39700.0,0,0
39400.0,0,0
39100.0,0,0
38300.0,0,0
37000.0,0,0
35700.0,0,0
34400.0,0,0
33800.0,0,0
33800.0,0,0
33800.0,0,0
33800.0,0,0
33600.0,0,0
33200.0,0,0
32700.0,0,0
32300.0,0,0
32000.0,0,0
31900.0,0,0
31700.0,0,0
31500.0,0,0
31300.0,0,0
31200.0,0,0
31000.0,0,0
30900.0,0,0
30900.0,0,0
30900.0,0,0
31000.0,0,0
30982.224,0,0
31062.505,0,0
31187.703,0,0
31148.189,0,0
31204.592,0,0
30977.907,0,0
30278.298,0,0
29729.039,0,0
29126.382,0,0
28284.909,0,0
27437.024,0,0
26456.726,1,1
25182.729,1,1
24549.025,1,1
24745.566,1,1
25084.35,1,1
25743.019,1,1
26019.723,1,1
25876.877,1,1
26055.499,1,1
26678.281,1,1
26918.907,1,1
26963.358,1,1
27084.478,1,1
27192.532,0,0
27441.892,0,0
27631.705,0,0
27637.58,0,0
27439.75,0,0
27077.488,1,1
26599.313,1,1
26107.449,1,1
25612.922,1,1
25067.392,1,1
24572.126,1,1
24199.923,1,1
23732.753,1,1
23897.439,1,1
24194.368,1,1
25609.437,1,1
27864.553,0,0
29897.056,0,0
31812.56,0,0
32786.192,0,0
33173.76,0,0
33835.843,0,0
34589.369,0,0
36144.014,0,0
37862.357,0,0
38847.077,0,0
39241.469,0,0
40162.369,0,0
40995.801,0,0
41330.549,0,0
41406.945,0,0
41390.698,0,0
41474.693,0,0
41297.333,0,0
40958.506,0,0
40619.77,0,0
40281.124,0,0
40142.57,0,0
40104.106,0,0
40065.734,0,0
40010.552,0,0
39910.419,0,0
39665.24,0,0
39503.067,0,0
39240.811,0,0
38978.456,0,0
38615.992,0,0
38253.436,0,0
37890.786,0,0
36925.641,0,0
35237.205,0,0
33407.008,0,0
31450.615,0,0
30648.958,0,0
31146.073,0,0
31401.161,0,0
31738.688,0,0
31952.394,0,0
31879.4,0,0
31729.526,0,0
31579.987,0,0
31405.228,0,0
31204.997,0,0
30904.765,0,0
30704.533,0,0
30441.351,0,0
30215.092,0,0
30088.663,0,0
29862.064,0,0
29893.052,0,0
30181.944,0,0
30371.092,0,0
30660.494,0,0
30792.039,0,0
30965.536,0,0
31039.032,0,0
31112.529,0,0
30875.024,0,0
29905.383,0,0
28586.228,0,0
26943.52,0,0
26051.817,0,0
26722.714,0,0
26687.102,0,0
25575.106,0,0
24383.28,0,0
23314.391,0,0
22432.285,1,1
22020.091,1,1
21673.653,1,1
21363.395,1,1
21394.456,1,1
21681.986,1,1
21637.611,1,1
21008.395,1,1
20600.465,1,1
20632.934,1,1
20658.276,1,1
20870.641,1,1
20965.787,1,1
20750.365,1,1
20394.208,1,1
19825.864,1,1
19483.29,1,1
19498.403,1,1
19188.803,1,1
18880.783,1,1
19201.807,1,1
19889.212,1,1
21195.479,1,1
22886.322,1,1
24187.701,0,0
25011.923,0,0
26146.421,0,0
27515.096,0,0
29385.859,0,0
31549.202,0,0
33387.148,0,0
34962.445,0,0
36660.771,0,0
38281.865,0,0
39330.299,0,0
39863.976,0,0
40846.35,0,0
41878.95,0,0
42297.167,0,0
42182.211,0,0
42159.822,0,0
42000.0,0,0
41800.0,0,0
41600.0,0,0
41300.0,0,0
41000.0,0,0
40800.0,0,0
40700.0,0,0
40443.319,0,0
40258.589,0,0
40064.384,0,0
39577.494,0,0
39190.356,0,0
38702.969,0,0
38246.518,0,0
37821.063,0,0
37253.342,0,0
36657.663,0,0
36202.881,0,0
35674.51,0,0
34986.973,0,0
34399.905,0,0
34024.452,0,0
33944.081,0,0
33763.733,0,0
33683.408,0,0
33503.106,0,0
33222.827,0,0
32842.571,0,0
32562.338,0,0
32239.199,0,0
31973.068,0,0
31706.849,0,0
31208.235,0,0
31071.11,0,0
31146.238,0,0
31038.965,0,0
30900.0,0,0
30800.0,0,0
30900.0,0,0
31000.0,0,0
31100.0,0,0
31200.0,0,0
31500.0,0,0
31700.0,0,0
32000.0,0,0
31795.377,0,0
31148.39,0,0
30022.676,0,0
28577.496,0,0
27844.399,0,0
28191.168,0,0
27878.033,0,0
26780.716,1,1
26184.212,1,1
26105.145,1,1
26003.656,1,1
25926.863,1,1
25691.802,1,1
25183.815,1,1
24941.889,1,1
25142.952,1,1
25136.141,1,1
25006.563,1,1
25020.223,1,1
24947.953,1,1
24776.452,1,1
24606.334,1,1
25010.01,1,1
26207.861,1,1
26982.748,0,0
27620.082,0,0
28333.069,0,0
29207.405,0,0
30102.037,0,0
30813.69,0,0
30897.649,0,0
30373.667,0,0
29903.252,0,0
29780.021,0,0
30235.828,0,0
31241.713,0,0
32023.514,0,0
32565.685,0,0
33850.859,0,0
35456.066,0,0
36964.402,0,0
38051.877,0,0
39065.336,0,0
40113.172,0,0
40802.7,0,0
41199.884,0,0
41863.959,0,0
42578.527,0,0
42562.296,0,0
41771.122,0,0
40702.797,0,0
39490.868,0,0
38061.705,0,0
36482.255,0,0
34378.495,0,0
31929.63,0,0
29712.561,0,0
27998.099,0,0
26026.092,1,1
23994.185,1,1
24091.761,1,1
26120.846,1,1
27917.272,0,0
29663.318,0,0
30116.611,0,0
29376.015,0,0
28635.134,0,0
27893.969,0,0
26952.972,0,0
25812.186,1,1
24571.172,1,1
23429.93,1,1
23095.691,1,1
23668.793,1,1
24242.121,1,1
24815.674,1,1
25627.151,1,1
26423.82,1,1
27090.472,1,1
27657.447,1,1
28264.23,1,1
28492.506,1,1
28760.445,1,1
28928.542,1,1
29196.912,1,1
29493.854,1,1
29836.65,0,0
30179.504,0,0
30079.288,0,0
29535.872,1,1
29092.342,1,1
28594.445,1,1
28944.513,1,1
29979.972,0,0
30996.421,0,0
31768.31,0,0
31955.891,0,0
31321.907,0,0
30616.563,0,0
29732.007,1,1
28782.633,1,1
27796.079,1,1
27237.011,1,1
26856.861,1,1
28312.092,1,1
30891.153,0,0
32501.645,0,0
33169.374,0,0
33295.957,0,0
33015.333,0,0
33194.692,0,0
33937.535,0,0
34409.168,0,0
34634.773,0,0
34724.52,0,0
34656.919,0,0
34513.75,0,0
34393.186,0,0
35382.91,0,0
37379.126,0,0
38857.171,0,0
39816.095,0,0
40012.966,0,0
39633.838,0,0
39814.983,0,0
40625.036,0,0
40600.684,0,0
39920.386,0,0
39263.918,0,0
38678.754,0,0
38356.806,0,0
38107.938,0,0
37874.99,0,0
37637.241,0,0
37572.346,0,0
37768.161,0,0
38074.535,0,0
38260.395,0,0
38808.464,0,0
39547.386,0,0
40301.912,0,0
41077.777,0,0
42270.572,0,0
43274.123,0,0
43464.189,0,0
42977.284,0,0
42590.255,0,0
42203.102,0,0
41862.577,0,0
41568.728,0,0
41174.817,0,0
40730.059,0,0
40310.687,0,0
39818.162,0,0
39425.443,0,0
38932.528,0,0
38731.739,0,0
38823.369,0,0
38915.192,0,0
39007.211,0,0
38975.031,0,0
38864.599,0,0
38620.826,0,0
38377.157,0,0
37964.928,0,0
37184.17,0,0
36324.474,0,0
35370.439,0,0
34906.572,0,0
34832.862,0,0
34859.165,0,0
34785.481,0,0
34698.644,0,0
34298.643,0,0
33998.643,0,0
33698.643,0,0
33388.758,0,0
33068.98,0,0
32849.193,0,0
32629.396,0,0
32393.093,0,0
32140.265,0,0
31929.925,0,0
31577.805,0,0
31524.921,0,0
31916.946,0,0
32089.595,0,0
32262.281,0,0
32375.499,0,0
32529.221,0,0
32782.942,0,0
32936.664,0,0
32749.582,0,0
32163.407,0,0
31549.86,0,0
30919.317,0,0
30611.461,0,0
30316.003,0,0
29750.939,1,1
29076.684,1,1
28858.468,1,1
29031.278,1,1
29347.599,1,1
29864.166,1,1
30289.713,0,0
30770.598,0,0
30267.233,0,0
28370.463,1,1
26338.729,1,1
24255.011,1,1
24436.406,1,1
26932.569,1,1
29178.422,1,1
31308.515,0,0
31421.686,0,0
29668.447,1,1
27919.578,1,1
26089.601,1,1
25853.309,1,1
27161.36,1,1
28076.208,1,1
28681.289,1,1
28794.777,1,1
28671.512,1,1
28315.996,1,1
27884.709,1,1
28867.019,1,1
31181.455,0,0
32748.995,0,0
33738.713,0,0
35639.033,0,0
38150.201,0,0
39787.307,0,0
40771.393,0,0
41344.562,0,0
41312.471,0,0
40819.969,0,0
40239.802,0,0
40755.318,0,0
41620.866,0,0
41924.46,0,0
41948.245,0,0
41972.112,0,0
41896.061,0,0
41664.969,0,0
41178.682,0,0
40792.273,0,0
40305.739,0,0
39965.72,0,0
39672.272,0,0
39378.777,0,0
39134.635,0,0
38934.268,0,0
38977.801,0,0
38970.78,0,0
38863.821,0,0
38616.804,0,0
38205.004,0,0
37613.16,0,0
37021.122,0,0
36201.8,0,0
35255.267,0,0
34208.636,0,0
33261.908,0,0
32588.089,0,0
32287.253,0,0
32086.416,0,0
31785.579,0,0
31994.026,0,0
32653.376,0,0
32831.476,0,0
32595.37,0,0
32200.0,0,0
31900.0,0,0
31600.0,0,0
31400.0,0,0
31200.0,0,0
31200.0,0,0
31100.0,0,0
31100.0,0,0
31300.0,0,0
31600.0,0,0
31900.0,0,0
32200.0,0,0
32700.0,0,0
33300.0,0,0
33900.0,0,0
34500.0,0,0
34621.266,0,0
34335.707,0,0
34038.973,0,0
33736.631,0,0
32830.977,0,0
31080.314,0,0
29904.114,0,0
29213.698,0,0
27887.242,1,1
25666.409,1,1
24843.459,1,1
25767.121,1,1
27142.252,1,1
28721.482,0,0
28873.92,0,0
27253.574,1,1
25571.314,1,1
23501.279,1,1
22782.123,1,1
23646.224,1,1
24114.057,1,1
24144.003,1,1
24470.584,1,1
25098.436,1,1
25631.319,1,1
25861.563,1,1
26456.3,1,1
27227.181,1,1
27873.447,1,1
28179.853,1,1
28367.571,1,1
28568.196,1,1
28619.992,1,1
28608.852,1,1
28913.462,0,0
29518.537,0,0
30255.205,0,0
31219.24,0,0
32071.987,0,0
33000.918,0,0
34101.339,0,0
35356.369,0,0
36602.154,0,0
37906.955,0,0
39088.064,0,0
40193.889,0,0
41637.015,0,0
43170.657,0,0
43800.0,0,0
43692.207,0,0
43501.693,0,0
43311.09,0,0
43081.556,0,0
42972.427,0,0
42843.616,0,0
42600.0,0,0
42400.0,0,0
42143.539,0,0
41772.138,0,0
41480.861,0,0
41180.753,0,0
40871.948,0,0
40443.399,0,0
40100.0,0,0
39700.0,0,0
39300.0,0,0
38969.35,0,0
38536.759,0,0
38039.99,0,0
37479.091,0,0
36900.0,0,0
36300.0,0,0
35900.0,0,0
35700.0,0,0
35500.0,0,0
35300.0,0,0
35000.0,0,0
34600.0,0,0
34100.0,0,0
33700.0,0,0
33282.267,0,0
33000.0,0,0
32600.0,0,0
32300.0,0,0
32100.0,1,0
32100.0,0,0
32100.0,0,0
32100.0,0,0
32200.0,0,0
32500.0,0,0
32700.0,0,0
33000.0,0,0
33495.352,0,0
34088.763,0,0
34782.169,0,0
35375.57,0,0
35404.61,0,0
34808.493,0,0
34078.835,0,0
33424.725,0,0
32783.428,0,0
32279.033,0,0
31636.276,1,1
31040.995,1,1
30607.948,1,1
30108.006,1,1
29791.361,1,1
29611.479,1,1
29112.273,1,1
28155.216,1,1
30125.39,1,1
34825.771,0,0
39401.223,0,0
41826.22,0,0
42225.916,0,0
41251.924,0,0
39689.415,0,0
38795.006,0,0
37746.781,0,0
36647.282,0,0
33169.698,0,0
27486.879,1,1
25397.499,1,1
26934.318,1,1
27436.459,1,1
26926.157,1,1
26673.368,1,1
26759.425,1,1
26769.216,1,1
26434.629,1,1
26921.316,1,1
27915.406,1,1
28774.932,1,1
29449.694,1,1
30670.641,1,1
32499.554,0,0
34985.17,0,0
37110.456,0,0
38763.122,0,0
40159.01,0,0
41114.602,0,0
41856.268,0,0
43231.028,0,0
44712.386,0,0
45316.403,0,0
45216.357,0,0
45116.312,0,0
45016.266,0,0
44802.341,0,0
44191.341,0,0
43680.186,0,0
43009.548,0,0
42348.4,0,0
41611.283,0,0
40955.87,0,0
40057.995,0,0
39591.252,0,0
39355.966,0,0
39120.811,0,0
38985.788,0,0
38810.254,0,0
38847.236,0,0
38784.435,0,0
38767.999,0,0
38214.555,0,0
37202.37,0,0
36110.006,0,0
35117.495,0,0
34471.024,0,0
34470.703,0,0
34370.382,0,0
34270.06,0,0
33947.908,0,0
33403.864,0,0
32759.738,0,0
32143.697,0,0
31176.62,0,0
30076.008,0,0
28618.38,0,0
26870.205,0,0
25271.297,0,0
23317.228,1,1
21362.54,1,1
19190.402,1,1
19188.661,1,1
21258.056,1,1
23210.915,1,1
25064.084,0,0
25635.868,0,0
25124.485,0,0
24479.933,0,0
23835.099,1,1
23340.234,1,1
22909.232,1,1
22298.225,1,1
21710.052,1,1
21654.828,1,1
21889.407,1,1
22126.261,1,1
23168.895,1,1
24207.118,1,1
24758.14,0,0
25603.147,0,0
26629.199,0,0
27824.832,0,0
28783.086,0,0
29619.166,0,0
30350.559,0,0
31040.684,0,0
31604.601,0,0
31798.158,0,0
31773.023,0,0
31349.41,0,0
30420.96,0,0
29206.254,0,0
27245.724,0,0
25623.868,0,0
24357.207,1,0
25809.321,0,0
29904.588,0,0
34023.306,0,0
36433.934,0,0
36757.522,0,0
36412.746,0,0
35871.031,0,0
34847.046,0,0
33484.21,0,0
31795.012,0,0
30788.575,0,0
30958.745,0,0
32064.384,0,0
33846.085,0,0
35126.046,0,0
35641.166,0,0
35829.774,0,0
35833.399,0,0
35685.756,0,0
35482.157,0,0
35450.309,0,0
35572.519,0,0
35451.809,0,0
35248.329,0,0
35144.846,0,0
34941.362,0,0
35055.015,0,0
35586.118,0,0
36017.632,0,0
36418.06,0,0
35162.794,0,0
32055.539,0,0
28504.127,0,0
24665.64,0,0
23484.393,1,0
24656.225,0,0
25864.544,0,0
27173.797,0,0
26868.617,0,0
25147.599,0,0
23325.638,1,1
21638.371,1,1
20831.779,1,1
21007.238,1,1
21119.282,1,1
21332.265,1,1
21033.158,1,1
20421.027,1,1
19708.591,1,1
19095.85,1,1
19702.611,1,1
21630.216,1,1
23225.317,1,1
24770.136,1,1
25223.324,1,1
24483.789,1,1
23844.028,1,1
23204.041,1,1
22327.113,1,1
21112.908,1,1
19998.025,1,1
18577.718,1,1
17962.284,1,1
18058.516,1,1
18054.746,1,1
18150.975,1,1
19368.312,1,1
21537.587,1,1
23591.085,1,1
25645.823,1,1
26561.401,0,0
26784.142,0,0
26977.811,0,0
27152.379,0,0
28004.208,0,0
29016.032,0,0
29880.364,0,0
30495.342,0,0
30946.313,0,0
31414.164,0,0
31922.171,0,0
32447.789,0,0
32647.369,0,0
32526.052,0,0
32485.587,0,0
32539.887,0,0
32246.208,0,0
31766.14,0,0
30864.014,0,0
29590.645,0,0
28975.642,0,0
29010.964,0,0
29064.846,0,0
29091.7,0,0
28584.582,0,0
27355.556,0,0
28624.867,0,0
31909.008,0,0
34302.202,0,0
35673.449,0,0
36600.761,0,0
37081.997,0,0
37716.212,0,0
38460.69,0,0
38859.401,0,0
38980.531,0,0
39711.801,0,0
40793.668,0,0
41192.066,0,0
41081.216,0,0
40644.12,0,0
40131.672,0,0
41611.459,0,0
44234.228,0,0
45497.989,0,0
46147.655,0,0
46394.548,0,0
46256.061,0,0
46103.789,0,0
46023.525,0,0
45762.388,0,0
45601.283,0,0
45294.748,0,0
44942.726,0,0
44534.065,0,0
43985.769,0,0
43459.678,0,0
42787.801,0,0
41957.749,0,0
41126.907,0,0
40495.232,0,0
40293.987,0,0
40092.741,0,0
39791.494,0,0
40018.927,0,0
40543.493,0,0
40862.694,0,0
41092.329,0,0
40209.064,0,0
38363.64,0,0
36601.141,0,0
34738.6,0,0
33682.303,0,0
33332.124,0,0
32881.737,0,0
32454.022,0,0
32082.763,0,0
31930.922,0,0
31679.121,0,0
31427.36,0,0
31469.555,0,0
31451.29,0,0
31433.214,0,0
31415.325,0,0
31437.504,0,0
31383.496,0,0
31329.526,0,0
31375.594,0,0
31400.0,0,0
31500.0,0,0
31500.0,0,0
31600.0,0,0
31700.0,0,0
31900.0,0,0
32062.313,0,0
32216.044,0,0
32002.669,0,0
31311.181,0,0
30494.499,0,0
29550.637,1,1
28220.794,1,1
25785.798,1,1
24675.113,1,1
26094.519,1,1
28723.134,1,1
30790.355,0,0
30960.22,0,0
29794.028,1,1
27248.322,1,1
24917.676,1,1
24264.564,1,1
25547.397,1,1
26425.69,1,1
26642.221,1,1
27262.241,1,1
28137.143,1,1
28943.62,1,1
29832.225,1,1
30297.44,1,1
30472.293,1,1
31400.61,0,0
33251.193,0,0
32966.659,0,0
30679.197,0,0
27677.972,1,1
24020.517,1,1
23795.428,1,1
26560.084,1,1
28915.458,1,1
30680.38,0,0
32497.919,0,0
34213.634,0,0
36265.896,0,0
37963.682,0,0
38772.082,0,0
38627.852,0,0
38313.747,0,0
37865.647,0,0
38153.49,0,0
38898.077,0,0
39435.28,0,0
39749.134,0,0
40231.512,0,0
40700.452,0,0
40638.695,0,0
40040.687,0,0
39306.152,0,0
38553.346,0,0
38219.96,0,0
38413.243,0,0
38552.938,0,0
38592.803,0,0
38805.793,0,0
38977.05,0,0
39088.962,0,0
39201.029,0,0
39215.372,0,0
39015.341,0,0
38815.31,0,0
38715.279,0,0
38515.241,0,0
38315.195,0,0
38115.149,0,0
37915.102,0,0
37108.499,0,0
35562.96,0,0
34000.306,0,0
32437.62,0,0
31606.249,0,0
31506.216,0,0
31306.183,0,0
31206.151,0,0
31037.454,0,0
30800.093,0,0
30562.733,0,0
30308.267,0,0
30008.259,0,0
29862.703,0,0
29600.031,0,0
29337.348,0,0
29049.329,0,0
28635.942,0,0
28197.77,0,0
27609.105,0,0
27144.788,1,1
26704.556,1,1
26003.131,1,1
25401.605,1,1
25334.257,1,1
25901.197,1,1
26468.181,1,1
27035.209,1,1
27372.62,1,1
27354.05,1,1
27424.659,0,0
27380.908,0,0
27459.046,0,0
27484.594,0,0
27571.463,0,0
27767.955,0,0
25355.599,1,1
19791.858,1,1
18116.69,1,1
21618.511,1,1
23984.194,1,1
24733.296,1,1
24758.394,1,1
23724.046,1,1
22222.005,1,1
20393.305,1,1
20614.66,1,1
22990.973,1,1
24852.742,1,1
25941.519,1,1
27832.994,0,0
30304.757,0,0
33176.785,0,0
35394.647,0,0
36074.981,0,0
36030.064,0,0
35968.027,0,0
35988.05,0,0
35950.409,0,0
35955.633,0,0
36251.327,0,0
36636.683,0,0
36293.341,0,0
35116.953,0,0
32730.166,0,0
29450.872,0,0
29297.518,0,0
31749.148,0,0
33299.384,0,0
33918.743,0,0
34661.384,0,0
35304.462,0,0
35829.19,0,0
36187.357,0,0
36907.807,0,0
37719.926,0,0
38080.427,0,0
38071.8,0,0
38043.352,0,0
38000.0,0,0
37800.0,0,0
37500.0,0,0
37200.0,0,0
36900.0,0,0
36700.0,0,0
36700.0,0,0
36600.0,0,0
36500.0,0,0
36400.0,0,0
36200.0,0,0
36000.0,0,0
35700.0,0,0
35600.0,0,0
35500.0,0,0
35400.0,0,0
35300.0,0,0
34600.0,0,0
33400.0,0,0
32100.0,0,0
30900.0,0,0
30200.0,0,0
30100.0,0,0
30000.0,0,0
29900.0,0,0
29800.0,0,0
29500.0,0,0
29200.0,0,0
28900.0,0,0
28700.0,0,0
28500.0,0,0
28300.0,0,0
28100.0,0,0
28000.0,0,0
27900.0,0,0
27800.0,0,0
27700.0,0,0
27600.0,0,0
27700.0,0,0
27700.0,0,0
27792.084,0,0
27846.122,0,0
27993.57,0,0
28140.992,0,0
28231.177,0,0
28066.404,0,0
27710.714,0,0
27243.04,0,0
26767.598,0,0
25925.58,0,0
24161.982,0,0
22090.647,0,0
20134.072,0,0
18391.069,0,0
17219.57,0,0
15510.373,0,0
13403.858,0,0
11716.452,0,0
10938.164,0,0
11533.828,0,0
14478.781,0,0
16350.74,0,0
17073.694,0,0
17074.75,0,0
16472.973,0,0
17020.844,0,0
18036.728,0,0
17007.596,0,0
14102.326,0,0
10611.155,1,1
7651.569,1,1
5980.273,1,1
5613.333,1,1
5359.493,1,1
4986.974,1,1
5047.24,1,1
5344.507,1,1
6334.596,1,1
7860.159,1,1
9824.632,1,1
12152.863,0,0
13863.761,0,0
14938.554,0,0
15576.083,0,0
15895.165,0,0
16826.767,0,0
18345.039,0,0
20476.863,0,0
23160.584,0,0
22505.062,0,0
17879.609,0,0
13255.935,0,0
8755.496,1,1
8152.899,1,1
11418.79,0,0
15022.838,0,0
18744.437,0,0
19543.503,0,0
17324.102,0,0
15143.663,0,0
13024.443,0,0
10903.638,0,0
8952.46,1,1
7105.285,1,1
5256.666,1,1
3853.512,1,1
2809.544,1,1
1864.878,1,1
819.512,1,1
1537.003,1,1
3945.345,1,1
6544.742,1,1
9108.314,1,1
10711.39,0,0
11248.114,0,0
11685.948,0,0
12282.976,0,0
12283.534,1,1
11771.666,1,1
11159.524,1,1
10647.108,1,1
11660.061,1,1
14100.007,1,1
16325.095,1,1
18377.243,1,1
19864.475,1,1
20626.337,1,1
21389.002,1,1
22152.471,1,1
22834.297,1,1
23367.401,1,1
23900.863,1,1
24434.681,1,1
24823.575,1,1
25120.643,1,1
25417.776,1,1
25714.974,0,0
26479.72,0,0
27622.969,0,0
28657.307,0,0
29363.453,0,0
29379.257,0,0
28967.233,0,0
28198.905,0,0
27394.704,0,0
26917.953,0,0
26669.524,0,0
26617.011,0,0
26546.849,0,0
26629.844,0,0
26965.366,0,0
26676.287,0,0
25658.867,1,1
24222.823,1,1
22297.781,1,1
22367.395,1,1
24761.463,1,1
26443.638,0,0
27370.965,0,0
28352.688,0,0
29451.717,0,0
30461.479,0,0
31679.639,0,0
32183.217,0,0
32177.94,0,0
32342.356,0,0
32677.19,0,0
32441.0,0,0
31829.279,0,0
31037.667,0,0
29972.543,0,0
29086.492,0,0
28581.302,0,0
27899.218,0,0
27042.01,0,0
27012.093,0,0
27892.248,0,0
28752.41,0,0
29501.098,0,0
30003.447,0,0
30262.751,0,0
30858.296,0,0
31785.59,0,0
32400.133,0,0
32709.627,0,0
32930.322,0,0
33162.367,0,0
33654.151,0,0
34395.406,0,0
34800.0,0,0
34800.0,0,0
34688.806,0,0
34642.856,0,0
34490.314,0,0
34231.181,0,0
33952.896,0,0
33470.685,0,0
33198.075,0,0
32935.148,0,0
32772.189,0,0
32609.199,0,0
32195.859,0,0
31506.134,0,0
30716.163,0,0
29898.722,0,0
29697.931,0,0
30114.242,0,0
30403.651,0,0
30793.387,0,0
30653.815,0,0
30210.917,0,0
29768.099,0,0
29225.359,0,0
29077.146,0,0
28969.84,0,0
28842.467,0,0
28700.0,0,0
28400.0,0,0
28100.0,0,0
27668.838,0,0
27235.697,0,0
26899.208,0,0
26659.366,0,0
26419.484,0,0
26096.727,0,0
25922.293,0,0
25763.534,0,0
25604.614,0,0
25445.533,0,0
25565.67,0,0
25765.144,0,0
25964.618,0,0
26164.092,0,0
26415.841,0,0
26603.563,0,0
26754.003,0,0
27004.289,0,0
26609.787,0,0
25450.09,0,0
24247.286,0,0
22893.053,0,0
21904.083,0,0
21152.856,0,0
20295.702,0,0
19463.989,0,0
18361.377,0,0
16925.926,0,0
15792.599,0,0
15235.589,1,1
14736.063,1,1
14485.543,1,1
14038.289,1,1
13177.812,1,1
11837.708,1,1
10035.081,1,1
8888.997,1,1
8412.176,1,1
8329.982,1,1
8624.474,1,1
9175.828,1,1
9975.583,1,1
10520.99,1,1
10907.831,1,1
11593.094,1,1
12522.046,1,1
13105.461,1,1
13428.468,1,1
13779.015,1,1
13988.773,1,1
14327.443,1,1
14719.934,1,1
15463.561,1,1
16585.868,0,0
17610.933,0,0
18776.676,0,0
20251.615,0,0
22065.269,0,0
23613.559,0,0
24853.435,0,0
26702.802,0,0
28726.857,0,0
30266.067,0,0
31343.598,0,0
32450.486,0,0
33705.034,0,0
34259.652,0,0
34133.614,0,0
34007.55,0,0
33981.46,0,0
33745.573,0,0
33479.99,0,0
33062.115,0,0
32644.023,0,0
32381.445,0,0
32474.603,0,0
32467.838,0,0
32561.151,0,0
32282.97,0,0
31733.05,0,0
31282.881,0,0
30655.423,0,0
30649.648,0,0
30956.597,0,0
31215.033,0,0
31119.916,0,0
30788.801,0,0
30100.0,0,0
29500.0,0,0
28900.0,0,0
28600.0,0,0
28600.0,0,0
28600.0,0,0
28600.0,0,0
28500.0,0,0
28100.0,0,0
27700.0,0,0
27400.0,0,0
27100.0,0,0
26900.0,0,0
26700.0,0,0
26600.0,0,0
26500.0,0,0
26400.0,0,0
26400.0,0,0
26300.0,0,0
26300.0,0,0
26300.0,0,0
26300.0,0,0
26300.0,0,0
26400.0,0,0
26600.0,0,0
26800.0,0,0
27000.0,0,0
26801.056,0,0
26000.738,0,0
25236.212,0,0
24642.352,0,0
24639.181,0,0
25025.387,0,0
25001.571,0,0
23616.819,1,1
21667.216,1,1
20066.615,1,1
19352.433,1,1
19784.972,1,1
19780.084,1,1
19155.404,1,1
19311.174,1,1
20218.288,1,1
21278.393,1,1
22504.737,1,1
22788.877,1,1
22032.462,1,1
21378.895,1,1
20770.582,1,1
20817.627,1,1
21343.479,1,1
21658.172,1,1
21583.534,1,1
21920.796,1,1
22579.915,1,1
22752.753,1,1
22724.622,1,1
23222.178,1,1
24283.553,0,0
25548.473,0,0
26949.291,0,0
26927.031,0,0
25755.082,0,0
24814.513,0,0
24144.419,0,0
24978.654,0,0
27100.778,0,0
28745.782,0,0
29967.956,0,0
30964.435,0,0
31839.5,0,0
32650.111,0,0
33250.113,0,0
33867.632,0,0
34340.558,0,0
34500.0,0,0
34300.0,0,0
34100.0,0,0
33800.0,0,0
33600.0,0,0
33400.0,0,0
33200.0,0,0
33000.0,0,0
32900.0,0,0
32800.0,0,0
32700.0,0,0
32600.0,0,0
32500.0,0,0
32400.0,0,0
32300.0,0,0
32200.0,0,0
32100.0,0,0
32000.0,0,0
31900.0,0,0
31700.0,0,0
31400.0,0,0
30800.0,0,0
30200.0,0,0
29600.0,0,0
29300.0,0,0
29100.0,0,0
29000.0,0,0
28900.0,0,0
28700.0,0,0
28400.0,0,0
28100.0,0,0
27800.0,0,0
27500.0,0,0
27300.0,0,0
27100.0,0,0
26800.0,0,0
26700.0,0,0
26700.0,0,0
26700.0,0,0
26700.0,0,0
26700.0,0,0
26600.0,0,0
26600.0,0,0
26600.0,0,0
26700.0,0,0
26900.0,0,0
27100.0,0,0
27300.0,0,0
27042.423,0,0
26004.688,0,0
24759.468,0,0
23973.689,0,0
23758.545,0,0
23898.458,0,0
23604.697,0,0
22954.102,1,1
22740.909,1,1
22976.648,1,1
23044.127,1,1
22929.664,1,1
22807.454,1,1
22759.154,1,1
22044.499,1,1
20501.613,1,1
18556.598,1,1
16118.335,1,1
15644.768,1,1
17221.919,1,1
18395.021,1,1
19091.42,1,1
19858.656,1,1
20712.891,1,1
21595.942,1,1
22480.08,1,1
22974.979,1,1
23237.423,1,1
23143.139,1,1
22796.838,1,1
22901.737,1,1
23608.782,0,0
24399.468,0,0
25259.208,0,0
25892.129,0,0
26347.986,0,0
26775.597,0,0
27129.601,0,0
27674.802,0,0
28295.874,0,0
28900.856,0,0
29366.244,0,0
30485.764,0,0
31680.037,0,0
32406.849,0,0
32731.392,0,0
33041.909,0,0
33136.779,0,0
32881.839,0,0
32354.707,0,0
31727.14,0,0
31199.14,0,0
30865.521,0,0
30826.803,0,0
30888.343,0,0
30850.142,0,0
30549.541,0,0
29886.059,0,0
29209.155,0,0
28171.124,0,0
27650.599,0,0
27448.099,0,0
27345.597,0,0
27143.093,0,0
26860.803,0,0
26298.461,0,0
25835.758,0,0
25372.694,0,0
25748.842,0,0
27065.663,0,0
27558.798,0,0
27993.199,0,0
28226.513,0,0
28517.115,0,0
28808.056,0,0
29089.073,0,0
29091.52,0,0
28909.835,0,0
28828.406,0,0
28647.231,0,0
28534.534,0,0
28373.847,0,0
28213.207,0,0
27952.613,0,0
27859.165,0,0
27732.806,0,0
27506.416,0,0
27379.995,0,0
27227.169,0,0
27041.159,0,0
26662.978,0,0
26241.931,0,0
26169.212,0,0
26714.275,0,0
27087.499,0,0
27444.826,0,0
27502.069,0,0
26881.238,0,0
25988.379,0,0
25441.234,0,0
25188.433,0,0
24896.761,0,0
24518.761,0,0
23507.983,0,0
22582.985,0,0
21668.354,1,1
21253.578,1,1
21565.847,1,1
21779.615,1,1
21747.081,1,1
21444.601,1,1
20816.645,1,1
20475.422,1,1
20564.638,1,1
20541.226,1,1
20005.101,1,1
19088.96,1,1
17516.835,1,1
17166.382,1,1
18144.645,1,1
19313.88,1,1
20700.967,1,1
21197.563,1,1
20822.502,1,1
20278.506,1,1
19689.979,1,1
20063.191,1,1
21117.887,1,1
21730.5,1,1
22071.12,0,0
23325.933,0,0
25362.195,0,0
27143.871,0,0
28477.587,0,0
29820.039,0,0
31393.019,0,0
32771.009,0,0
34079.525,0,0
34898.592,0,0
35443.407,0,0
36006.602,0,0
36402.554,0,0
36843.832,0,0
37097.952,0,0
37200.0,0,0
37000.0,0,0
36900.0,0,0
36800.0,0,0
36600.0,0,0
36300.0,0,0
36000.0,0,0
35700.0,0,0
35400.0,0,0
35200.0,0,0
35100.0,0,0
34900.0,0,0
34800.0,0,0
34682.332,0,0
34536.591,0,0
34390.797,0,0
34144.956,0,0
33879.111,0,0
33460.365,0,0
32941.401,0,0
32431.612,0,0
31731.164,0,0
31030.715,0,0
30330.266,0,0
30102.182,0,0
30346.766,0,0
30463.824,0,0
30436.13,0,0
30245.971,0,0
29893.245,0,0
29640.466,0,0
29230.22,0,0
28930.073,0,0
28740.205,0,0
28392.954,0,0
28145.764,0,0
28085.412,0,0
28100.0,0,0
28100.0,0,0
28100.0,0,0
28100.0,0,0
27958.852,0,0
27879.215,0,0
27791.749,0,0
27796.573,0,0
28119.209,0,0
28359.009,0,0
28598.85,0,0
28446.709,0,0
27663.296,0,0
26649.846,0,0
26156.941,1,1
25836.471,1,1
25484.059,1,1
25306.879,1,1
25143.33,1,1
25465.116,1,1
26438.539,1,1
26297.321,1,1
24866.647,1,1
22965.216,1,1
20720.191,1,1
20464.698,1,1
22542.198,1,1
24920.916,1,1
26151.976,1,1
26247.543,1,1
24424.148,1,1
20976.399,1,1
18355.031,1,1
18312.111,1,1
20692.854,1,1
21956.581,1,1
21985.917,1,1
23590.51,1,1
26652.74,0,0
30093.821,0,0
32207.874,0,0
32525.652,0,0
32630.604,0,0
33176.506,0,0
34076.713,0,0
34247.187,0,0
33796.336,0,0
33302.564,0,0
32806.014,0,0
33082.212,0,0
33922.912,0,0
34740.741,0,0
35559.18,0,0
36078.615,0,0
36302.687,0,0
36159.877,0,0
35931.384,0,0
36317.243,0,0
37014.327,0,0
37198.647,0,0
37198.647,0,0
37098.646,0,0
37098.646,0,0
36888.783,0,0
36569.049,0,0
36249.301,0,0
35929.54,0,0
35706.474,0,0
35480.1,0,0
35353.708,0,0
35227.299,0,0
35160.203,0,0
35152.48,0,0
35100.0,0,0
35100.0,0,0
34900.0,0,0
34600.0,0,0
34300.0,0,0
33900.0,0,0
33400.0,0,0
32500.0,0,0
31700.0,0,0
30892.02,0,0
30358.921,0,0
30332.415,0,0
30205.888,0,0
30079.338,0,0
29936.196,0,0
29381.187,0,0
28796.207,0,0
28211.034,0,0
28074.082,0,0
28285.703,0,0
28442.508,0,0
28328.85,0,0
28252.094,0,0
28112.176,0,0
28072.231,0,0
27932.259,0,0
27875.27,0,0
27716.302,0,0
27557.2,0,0
27397.963,0,0
27259.093,0,0
27079.836,0,0
26783.094,0,0
26486.014,1,1
26003.831,1,1
25231.198,1,1
24431.731,1,1
23613.907,1,1
22978.442,1,1
22148.014,1,1
21381.721,1,1
21491.299,1,1
20489.588,1,1
18284.517,1,1
16863.981,1,1
16387.702,1,1
16801.265,1,1
18933.928,1,1
19538.449,1,1
18487.551,1,1
16915.793,1,1
14847.022,1,1
15033.607,1,1
17834.193,1,1
20597.809,1,1
23217.131,1,1
25403.983,1,1
27276.181,0,0
29116.038,0,0
30679.251,0,0
31486.176,0,0
31976.953,0,0
32514.418,0,0
32934.872,0,0
32773.339,0,0
31770.775,0,0
30692.205,0,0
29565.865,0,0
29621.905,0,0
30548.127,0,0
31225.264,0,0
31557.398,0,0
31443.914,0,0
31273.496,0,0
31273.435,0,0
31481.333,0,0
31393.2,0,0
31013.511,0,0
30324.344,0,0
29495.918,0,0
29102.487,0,0
28963.369,0,0
29852.268,0,0
31846.422,0,0
33021.044,0,0
33980.237,0,0
33976.226,0,0
33234.827,0,0
32384.516,0,0
31443.779,0,0
31410.842,0,0
32359.664,0,0
32946.778,0,0
33570.937,0,0
33802.426,0,0
33760.24,0,0
33818.161,0,0
33876.188,0,0
33744.482,0,0
33322.877,0,0
32901.161,0,0
32479.332,0,0
31873.227,0,0
30987.022,0,0
30190.257,0,0
29293.343,0,0
28695.037,0,0
28295.402,0,0
27895.699,0,0
27595.929,0,0
27443.567,0,0
27438.864,0,0
27534.428,0,0
27630.261,0,0
27181.234,0,0
26186.882,0,0
25164.609,0,0
24014.746,0,0
23642.381,0,0
24048.083,0,0
24554.06,0,0
25060.313,0,0
24887.87,0,0
24136.162,0,0
23085.248,0,0
21563.384,0,0
21492.548,0,0
22873.901,0,0
24255.922,0,0
25452.57,0,0
26064.526,0,0
25966.377,0,0
25434.462,0,0
24218.576,0,0
23137.85,0,0
22616.233,0,0
21607.544,0,0
19681.586,0,0
18199.217,0,0
17329.371,0,0
15703.476,0,0
13545.051,0,0
12184.347,0,0
11451.602,0,0
11091.823,0,0
11159.759,0,0
10929.877,0,0
10199.326,0,0
9248.69,0,0
7959.546,0,0
4625.113,0,0
0.0,1,1
0.0,1,1
0.0,1,1
0.0,1,1
0.0,1,1
0.0,1,1
1064.547,1,1
3594.645,0,1
3535.094,1,1
3377.909,1,1
3350.588,1,1
0.0,1,1
0.0,1,1
0.0,1,1
0.0,1,1
0.0,1,1
0.0,1,1
0.0,1,1
0.0,1,1
0.0,1,1
0.0,1,1
0.0,1,1
0.0,1,1
0.0,1,1
1088.184,1,1
4133.358,0,0
6909.65,0,0
8487.193,0,0
9064.865,0,0
9643.552,0,0
10123.257,0,0
11804.041,0,0
14868.068,0,0
18016.25,0,0
21268.193,0,0
23961.052,0,0
26217.146,0,0
27979.784,0,0
29570.823,0,0
29366.65,0,0
27363.424,0,0
25082.443,0,0
22399.956,0,0
22770.407,0,0
25898.04,0,0
28372.404,0,0
29640.049,0,0
30176.194,0,0
30021.315,0,0
29866.81,0,0
29812.678,0,0
29609.415,0,0
29456.909,0,0
29304.628,0,0
29115.427,0,0
28842.009,0,0
28800.662,0,0
28659.558,0,0
28518.696,0,0
28362.09,0,0
28189.717,0,0
27924.191,0,0
27550.899,0,0
27423.898,0,0
27132.352,0,0
26646.685,0,0
26217.101,0,0
26265.921,0,0
26948.037,0,0
27569.37,0,0
28191.255,0,0
28702.456,0,0
29055.351,0,0
29490.524,0,0
29925.595,0,0
29946.223,0,0
29183.292,0,0
27813.63,0,0
25675.578,0,0
24259.693,0,0
24309.389,0,0
23423.541,0,0
21231.802,0,0
19330.647,0,0
17549.002,0,0
16010.814,1,1
15143.493,1,1
15069.902,1,1
15857.544,1,1
16248.427,1,1
16037.636,1,1
15546.363,1,1
14695.17,1,1
14565.037,1,1
15022.028,1,1
15385.107,1,1
15523.847,1,1
15059.133,1,1
14035.644,1,1
13806.298,1,1
14110.616,1,1
15028.456,1,1
16114.923,1,1
16570.0,0,1
16399.721,1,1
16194.696,1,1
15898.582,1,1
15645.573,1,1
15432.603,1,1
16075.268,1,1
17399.577,0,0
18898.132,0,0
20665.835,0,0
22204.853,0,0
23661.341,0,0
25226.426,0,0
27046.483,0,0
29197.675,0,0
31432.345,0,0
33168.902,0,0
34467.448,0,0
35938.99,0,0
37370.397,0,0
37913.47,0,0
37813.36,0,0
37713.25,0,0
37613.14,0,0
37426.28,0,0
37252.697,0,0
36979.149,0,0
36805.637,0,0
36618.871,0,0
36418.823,0,0
36218.775,0,0
36018.727,0,0
35798.687,0,0
35458.615,0,0
35118.489,0,0
34695.002,0,0
34219.514,0,0
33659.775,0,0
33199.846,0,0
32739.727,0,0
32159.286,0,0
31558.665,0,0
30958.044,0,0
30357.422,0,0
29821.428,0,0
29321.398,0,0
28821.027,0,0
28320.313,0,0
27969.282,0,0
27668.252,0,0
27467.307,0,0
27166.447,0,0
26865.491,0,0
26664.31,0,0
26363.043,0,0
26061.688,0,0
25860.6,0,0
25859.906,0,0
25959.298,0,0
25958.775,0,0
26158.863,0,0
26459.691,0,0
26860.778,0,0
27251.515,0,0
27480.207,0,0
27744.39,0,0
28008.627,0,0
28272.921,0,0
28471.172,0,0
28364.259,0,0
28235.462,0,0
27877.434,0,0
26985.639,0,0
25188.908,0,0
22948.59,1,1
20415.748,1,1
20033.09,1,1
22649.239,1,1
23273.693,1,1
21433.237,1,1
19618.9,1,1
18037.168,1,1
17494.086,1,1
18007.885,1,1
18415.104,1,1
18573.624,1,1
18686.033,1,1
18826.069,1,1
18864.183,1,1
18902.566,1,1
19432.624,1,1
20451.153,1,1
21301.693,1,1
21884.408,1,1
22348.109,1,1
22710.155,1,1
23013.893,1,1
23165.094,1,1
23614.492,0,0
24298.397,0,0
24629.422,0,0
24661.736,0,0
25770.772,0,0
27733.281,0,0
29723.244,0,0
31607.49,0,0
32583.081,0,0
33151.756,0,0
33796.218,0,0
34424.186,0,0
35209.818,0,0
35975.14,0,0
36682.589,0,0
37235.215,0,0
37705.636,0,0
37860.997,0,0
37644.358,0,0
37285.836,0,0
36911.027,0,0
36563.722,0,0
36116.167,0,0
35568.361,0,0
35120.303,0,0
34671.995,0,0
34444.961,0,0
34639.693,0,0
34834.826,0,0
35030.36,0,0
35096.062,0,0
35059.173,0,0
35022.348,0,0
35085.588,0,0
35108.189,0,0
35190.396,0,0
35078.297,0,0
34858.493,0,0
34400.0,0,0
33800.0,0,0
33100.0,0,0
32400.0,0,0
32000.0,0,0
31900.0,0,0
31800.0,0,0
31551.607,0,0
31304.549,0,0
30877.61,0,0
30550.644,0,0
30123.65,0,0
29810.101,0,0
29610.02,0,0
29409.939,0,0
29109.857,0,0
29056.978,0,0
29051.375,0,0
29000.0,0,0
28900.0,0,0
28800.0,0,0
28900.0,0,0
29000.0,0,0
29000.0,0,0
29200.0,0,0
29400.0,0,0
29600.0,0,0
29800.0,0,0
29683.417,0,0
29305.958,0,0
28809.831,0,0
28403.304,0,0
27697.539,0,0
26324.138,0,0
25391.157,0,0
25016.053,0,0
24492.182,0,0
23612.081,0,0
23076.206,0,0
23097.115,0,0
22757.1,0,0
22213.0,0,0
22173.578,0,0
22735.442,0,0
23001.305,0,0
23000.938,0,0
22664.339,0,0
22129.423,0,0
21625.833,1,1
21256.071,1,1
21433.786,1,1
22108.07,0,0
22664.99,0,0
22997.409,0,0
22341.812,0,0
20827.876,1,1
19478.924,1,1
18408.211,1,1
18037.973,1,1
18207.462,1,1
17794.927,1,1
16862.223,1,1
17526.783,1,1
19269.418,1,1
20468.033,1,1
20934.109,1,1
21159.18,1,1
21408.45,1,1
21907.329,1,1
22660.066,0,0
23211.379,0,0
23712.741,0,0
23220.688,0,0
21801.82,1,1
20079.484,1,1
18302.758,1,1
18368.338,1,1
20112.549,1,1
21922.286,1,1
23874.919,0,0
26040.836,0,0
28187.499,0,0
30170.93,0,0
31758.578,0,0
31823.161,0,0
30743.444,0,0
29531.45,0,0
28063.177,0,0
26664.529,0,0
25435.506,0,0
24205.785,0,0
22667.637,0,0
22362.679,0,0
23292.164,0,0
24114.542,0,0
24837.614,0,0
24747.569,0,0
23743.885,0,0
22840.199,0,0
21936.51,1,1
21176.509,1,1
20560.066,1,1
19943.448,1,1
19326.654,1,1
19381.907,1,1
20009.601,1,1
20737.645,1,1
21466.038,1,1
20906.867,1,1
19159.476,1,1
17411.558,1,1
15508.135,1,1
13851.891,1,1
12710.591,1,1
11568.936,1,1
10526.926,1,1
9904.128,1,1
9800.807,1,1
9797.484,1,1
9794.16,1,1
11346.613,1,1
14555.586,1,1
17543.792,1,1
20251.924,1,1
21959.654,0,0
22612.734,0,0
23146.344,0,0
23675.158,0,0
24781.995,0,0
26355.493,0,0
27449.996,0,0
27109.219,0,0
25944.966,0,0
25122.894,0,0
24719.158,0,0
24710.858,0,0
25062.512,0,0
25913.052,0,0
27117.472,0,0
28597.204,0,0
30657.167,0,0
32520.709,0,0
32864.089,0,0
31835.626,0,0
30746.621,0,0
30260.474,0,0
29887.711,0,0
29411.723,0,0
28179.981,0,0
26246.171,0,0
26873.502,0,0
30178.867,0,0
33329.12,0,0
35135.743,0,0
35274.639,0,0
35085.228,0,0
34947.156,0,0
34876.236,0,0
35314.301,0,0
36243.886,0,0
37309.396,0,0
38326.648,0,0
38850.728,0,0
38684.64,0,0
38420.882,0,0
38217.385,0,0
38653.082,0,0
39712.808,0,0
40876.654,0,0
41300.0,0,0
41100.0,0,0
40900.0,0,0
40800.0,0,0
40595.324,0,0
40322.44,0,0
40049.507,0,0
39742.82,0,0
39402.452,0,0
39062.135,0,0
38700.0,0,0
38500.0,0,0
38400.0,0,0
38400.0,0,0
38300.0,0,0
38200.0,0,0
38000.0,0,0
37768.676,0,0
37535.367,0,0
37218.689,0,0
36918.661,0,0
36618.634,0,0
36218.606,0,0
35518.578,0,0
34318.551,0,0
33118.523,0,0
32018.495,0,0
31328.481,0,0
31248.496,0,0
31168.531,0,0
31088.586,0,0
30858.459,0,0
30578.084,0,0
30289.834,0,0
29606.046,0,0
29261.814,0,0
29057.455,0,0
28953.193,0,0
28749.03,0,0
28648.799,0,0
28552.352,0,0
28355.806,0,0
28259.161,0,0
28290.902,0,0
28451.227,0,0
28611.716,0,0
28772.37,0,0
28916.449,0,0
29129.855,0,0
29343.275,0,0
29656.708,0,0
29462.406,0,0
28419.651,0,0
27222.913,0,0
25817.057,0,0
24619.971,0,0
23786.283,0,0
22833.944,0,0
22083.828,0,0
21158.009,1,1
20102.928,1,1
19524.742,1,1
19643.836,1,1
19803.962,1,1
19638.918,1,1
19345.248,1,1
18821.847,1,1
18166.699,1,1
17362.748,1,1
17159.639,1,1
17490.745,1,1
17593.876,1,1
17449.6,1,1
17822.408,1,1
18921.744,1,1
19926.381,1,1
20729.873,1,1
21143.143,1,1
21191.82,1,1
21030.516,1,1
20675.91,1,1
20983.595,1,1
21880.217,1,1
22597.784,0,0
23161.76,0,0
24428.053,0,0
26276.628,0,0
28157.936,0,0
30056.499,0,0
30715.305,0,0
30506.273,0,0
30633.673,0,0
31031.3,0,0
32396.079,0,0
34111.291,0,0
35271.599,0,0
36227.219,0,0
36889.686,0,0
37301.586,0,0
37352.37,0,0
37012.689,0,0
36772.988,0,0
36533.267,0,0
36206.76,0,0
36060.806,0,0
35797.582,0,0
35534.326,0,0
35176.222,0,0
34823.166,0,0
34469.94,0,0
34038.536,0,0
33666.841,0,0
33418.412,0,0
33169.908,0,0
32921.329,0,0
32894.867,0,0
32990.69,0,0
33186.664,0,0
33272.37,0,0
32633.028,0,0
31237.075,0,0
29740.853,0,0
28344.364,0,0
27843.866,0,0
28239.61,0,0
28735.422,0,0
29131.3,0,0
29097.294,0,0
28860.726,0,0
28524.168,0,0
28287.622,0,0
28130.502,0,0
28352.829,0,0
28475.194,0,0
28442.114,0,0
28372.074,0,0
28185.386,0,0
28098.7,0,0
28012.016,0,0
27982.025,0,0
27908.716,0,0
27588.901,0,0
27239.102,0,0
27164.136,0,0
27464.048,0,0
27763.96,0,0
28063.872,0,0
28055.144,0,0
27695.804,0,0
27320.439,0,0
26937.616,0,0
25971.737,0,0
24212.946,0,0
23283.516,0,0
23606.457,0,0
24209.577,0,0
24459.499,0,0
24289.695,0,0
23204.658,0,0
21675.471,0,0
20151.45,0,0
20190.952,0,0
21910.244,0,0
23323.29,0,0
24419.139,0,0
24150.224,0,0
22255.283,0,0
20497.927,0,0
18982.371,1,1
19302.05,1,1
21277.598,0,0
22224.332,0,0
22228.871,0,0
22403.655,0,0
22916.534,0,0
23031.386,0,0
22171.144,0,0
19490.578,1,1
15664.086,1,1
12149.843,1,1
10126.979,1,1
9461.445,1,1
9940.155,1,1
12156.366,1,1
15536.609,1,1
18168.769,1,1
20010.501,0,0
20398.357,0,0
19634.129,1,1
19175.263,1,1
18583.105,1,1
19131.364,1,1
20801.262,0,0
22480.522,0,0
23908.059,0,0
24773.415,0,0
25274.062,0,0
25675.21,0,0
26076.862,0,0
26648.239,0,0
26960.46,0,0
27362.591,0,0
27665.227,0,0
27765.193,0,0
27662.107,0,0
27559.018,0,0
27455.927,0,0
26199.375,0,0
23347.779,0,0
20007.409,0,0
16002.416,1,1
14765.454,1,1
16300.51,1,1
17736.943,1,1
19174.754,1,1
18868.486,1,1
16815.849,1,1
14661.54,1,1
12605.556,1,1
10581.153,1,1
8610.954,1,1
6638.958,1,1
4674.752,1,1
6311.755,1,1
11560.011,1,1
16852.429,0,0
21177.507,0,0
22590.27,0,0
22287.109,0,0
21983.944,0,0
21580.776,0,0
21477.34,0,0
21573.636,0,0
21569.928,0,0
21666.215,0,0
21454.774,0,0
21035.135,0,0
20614.861,0,0
20183.148,0,0
20674.468,0,0
22057.765,0,0
23442.24,0,0
24927.893,0,0
24865.262,0,0
23205.869,0,0
21376.513,0,0
20112.231,0,0
20037.348,0,0
20892.583,0,0
21333.884,0,0
20520.803,0,0
17754.962,0,0
13875.156,1,1
11302.264,1,1
10276.69,1,1
10274.365,1,1
11463.927,1,1
11590.07,1,1
10409.09,1,1
9405.603,1,1
8519.641,1,1
8654.126,1,1
9683.83,1,1
10661.746,1,1
11240.157,1,1
12358.532,1,1
13926.686,1,1
15913.038,0,0
18205.117,0,0
18526.539,0,0
17328.801,0,0
15294.048,1,1
12591.732,1,1
13194.503,1,1
16745.122,0,0
21180.913,0,0
23992.624,0,0
24656.32,0,0
24544.933,0,0
23860.245,0,0
23960.391,0,0
24722.087,0,0
25974.212,0,0
27073.762,0,0
28260.01,0,0
29474.505,0,0
30631.602,0,0
31712.01,0,0
33059.071,0,0
34424.428,0,0
35527.011,0,0
36104.534,0,0
36161.872,0,0
36219.316,0,0
36276.865,0,0
36213.494,0,0
36013.431,0,0
35813.368,0,0
35613.305,0,0
35376.49,0,0
35118.418,0,0
34760.24,0,0
34501.956,0,0
34222.642,0,0
33922.38,0,0
33622.118,0,0
33321.855,0,0
33164.125,0,0
33249.072,0,0
33129.22,0,0
32988.975,0,0
32688.937,0,0
32029.047,0,0
31348.478,0,0
30562.619,0,0
30067.155,0,0
30062.268,0,0
29957.43,0,0
29952.639,0,0
29573.071,0,0
28918.625,0,0
28264.092,0,0
27531.036,0,0
27230.804,0,0
27263.565,0,0
27317.962,0,0
27272.446,0,0
27363.351,0,0
27490.645,0,0
27625.086,0,0
27751.759,0,0
27742.757,0,0
27109.946,0,0
26157.856,0,0
25013.95,0,0
23954.651,0,0
22587.422,0,0
20986.737,0,0
18738.458,1,1
18119.037,1,1
18803.814,1,1
19577.354,1,1
20344.548,0,0
20515.776,0,0
20017.797,1,1
19712.797,1,1
19721.649,1,1
19213.983,1,1
17933.795,1,1
18158.753,1,1
19728.591,1,1
20863.719,0,0
21510.758,0,0
21530.187,0,0
21007.428,0,0
20374.215,0,0
19346.422,1,1
18733.92,1,1
18512.869,1,1
19376.297,1,1
21422.026,0,0
22602.814,0,0
22684.029,0,0
22125.568,0,0
20835.481,0,0
20950.945,0,0
22182.278,0,0
22594.084,0,0
22102.181,0,0
20449.84,0,0
17547.444,1,1
14488.548,1,1
11677.02,1,1
9393.488,1,1
7854.619,1,1
8440.417,1,1
11160.409,1,1
14337.362,1,1
17637.765,1,1
21484.581,0,0
25745.442,0,0
29053.957,0,0
31293.242,0,0
32802.634,0,0
33867.466,0,0
34842.37,0,0
35780.325,0,0
36118.578,0,0
35771.454,0,0
35424.163,0,0
35076.705,0,0
34307.058,0,0
33061.086,0,0
31616.988,0,0
29705.246,0,0
28525.134,0,0
28077.363,0,0
27629.382,0,0
27097.798,0,0
27589.911,0,0
28756.442,0,0
30023.967,0,0
30678.655,0,0
30546.721,0,0
29870.851,0,0
29078.536,0,0
28018.082,0,0
27616.119,0,0
27873.523,0,0
27863.499,0,0
27737.556,0,0
27235.422,0,0
26556.306,0,0
25659.893,0,0
24493.7,0,0
23449.473,0,0
22427.493,0,0
21404.557,1,1
20369.842,1,1
20407.045,1,1
21686.131,1,1
22867.496,0,0
23531.26,0,0
24491.552,0,0
25636.028,0,0
26533.827,0,0
27245.968,0,0
27571.597,0,0
27709.894,0,0
27747.941,0,0
27885.736,0,0
28074.709,0,0
28307.282,0,0
28401.89,0,0
28495.867,0,0
28225.278,0,0
27297.707,0,0
26149.632,0,0
25642.095,0,0
25545.711,0,0
25671.563,0,0
25426.314,0,0
24590.809,0,0
23295.799,0,0
21733.509,1,1
21215.272,1,1
22053.548,1,1
23144.418,0,0
24555.335,0,0
24984.982,0,0
24246.34,0,0
23359.625,0,0
22461.244,0,0
21815.501,1,1
21674.47,1,1
21580.944,1,1
21529.743,1,1
21520.906,1,1
21753.531,1,1
22273.003,1,1
23072.676,0,0
22942.71,0,0
21746.315,1,1
20540.634,1,1
19225.392,1,1
18657.478,1,1
18861.195,1,1
18575.872,1,1
18090.887,1,1
18700.061,1,1
20333.55,1,1
21797.95,1,1
23369.327,0,0
24919.6,0,0
26432.246,0,0
27970.717,0,0
29703.582,0,0
31618.066,0,0
33599.378,0,0
35080.107,0,0
36315.573,0,0
37314.314,0,0
38056.357,0,0
38400.0,0,0
38400.0,0,0
38300.0,0,0
38200.0,0,0
38000.0,0,0
37800.0,0,0
37600.0,0,0
37400.0,0,0
37168.513,0,0
36908.273,0,0
36648.002,0,0
36342.024,0,0
35994.028,0,0
35717.739,0,0
35457.898,0,0
35098.078,0,0
34811.461,0,0
34498.026,0,0
34184.584,0,0
33871.136,0,0
33214.057,0,0
31889.07,0,0
30508.39,0,0
28896.203,0,0
28096.211,0,0
28146.091,0,0
28195.971,0,0
28245.852,0,0
28120.859,0,0
27820.994,0,0
27621.129,0,0
27321.263,0,0
27592.326,0,0
27833.051,0,0
27877.746,0,0
27700.0,0,0
27600.0,0,0
27600.0,0,0
27600.0,0,0
27600.0,0,0
27698.617,0,0
27698.617,0,0
27698.617,0,0
27698.617,0,0
27800.0,0,0
28000.0,0,0
28200.0,0,0
28400.0,0,0
28384.838,0,0
27661.082,0,0
26587.947,0,0
24938.973,0,0
23936.908,1,1
23957.695,1,1
23334.084,1,1
21839.357,1,1
20492.266,1,1
19365.46,1,1
19072.004,1,1
20179.415,1,1
21149.02,1,1
21911.897,1,1
22563.884,1,1
22982.932,1,1
23787.761,1,1
24936.011,1,1
25076.595,0,1
23900.342,1,1
22837.922,1,1
21799.751,1,1
21946.45,1,1
23294.272,1,1
24233.067,1,1
24745.284,1,1
25455.83,0,0
26253.015,0,0
27294.597,0,0
28432.542,0,0
28115.33,0,0
26422.195,0,0
24506.555,1,1
22368.274,1,1
23427.817,1,1
27398.385,0,0
31358.064,0,0
33514.996,0,0
33924.754,0,0
34212.768,0,0
34349.148,0,0
34411.476,0,0
34925.283,0,0
35796.948,0,0
36840.262,0,0
37251.401,0,0
37051.33,0,0
36976.535,0,0
36800.0,0,0
36700.0,0,0
36600.0,0,0
36500.0,0,0
36300.0,0,0
36000.0,0,0
35700.0,0,0
35500.0,0,0
35300.0,0,0
35100.0,0,0
35000.0,0,0
34852.271,0,0
34725.756,0,0
34638.991,0,0
34452.233,0,0
34365.482,0,0
34245.575,0,0
33992.48,0,0
33739.349,0,0
33428.375,0,0
32764.928,0,0
31991.609,0,0
31025.877,0,0
30152.417,0,0
29672.323,0,0
29685.589,0,0
29698.863,0,0
29712.143,0,0
29512.116,0,0
29198.773,0,0
28885.42,0,0
28472.058,0,0
28142.034,0,0
27875.003,0,0
27452.298,1,1
27029.48,1,1
26626.95,1,1
26030.5,1,1
25434.246,1,1
24728.2,1,1
24727.406,1,1
25332.403,1,1
25928.315,1,1
26424.924,1,1
26716.034,1,1
26915.768,1,1
27115.501,1,1
27315.234,1,1
27126.167,1,1
26485.647,1,1
25779.705,1,1
25057.576,1,1
24373.531,1,1
23755.494,1,1
23873.343,1,1
25058.967,1,1
26501.825,1,1
27627.602,0,0
28150.708,0,0
28091.109,0,0
27882.482,0,0
27453.122,1,0
27869.969,0,0
29318.769,0,0
30528.321,0,0
31469.102,0,0
32057.787,0,0
32152.794,0,0
32150.743,0,0
32161.35,0,0
32939.422,0,0
34483.01,0,0
36348.158,0,0
37420.147,0,0
37620.004,0,0
36692.912,0,0
35040.199,0,0
33738.599,0,0
32701.134,0,0
31931.459,0,0
30726.216,0,0
28913.045,0,0
28559.239,0,0
29132.414,0,0
29811.184,0,0
30407.796,0,0
31173.89,0,0
31912.48,0,0
32424.943,0,0
32593.302,0,0
32525.772,0,0
32323.108,0,0
32450.966,0,0
33013.7,0,0
33275.95,0,0
33438.775,0,0
33574.25,0,0
33620.487,0,0
33666.892,0,0
33613.463,0,0
33512.821,0,0
33064.684,0,0
32616.338,0,0
32167.781,0,0
31992.43,0,0
31890.504,0,0
31888.662,0,0
31786.903,0,0
32207.167,0,0
32905.904,0,0
33510.879,0,0
33608.448,0,0
33471.894,0,0
33271.882,0,0
33071.87,0,0
32871.859,0,0
32265.154,0,0
31451.751,0,0
30538.339,0,0
29724.918,0,0
29147.814,0,0
28557.838,0,0
27697.807,0,0
26649.421,0,0
25941.584,0,0
25913.605,0,0
25821.934,0,0
25720.962,0,0
25820.012,0,0
26019.239,0,0
26218.807,0,0
26382.546,0,0
26490.963,0,0
26551.368,0,0
26611.882,0,0
26672.507,0,0
26672.429,0,0
26611.483,0,0
26550.426,0,0
26389.26,0,0
26376.292,0,0
26511.574,0,0
26546.811,0,0
26682.003,0,0
26411.708,0,0
25467.379,0,0
24429.251,1,1
24116.805,1,1
24222.605,1,1
24378.981,1,1
23985.921,1,1
23068.161,1,1
22525.052,1,1
22416.429,1,1
22216.883,1,1
21777.48,1,1
20750.264,1,1
19113.953,1,1
18590.247,1,1
19583.26,1,1
20550.553,1,1
21533.692,1,1
21784.044,1,1
21144.182,1,1
20970.529,1,1
20685.449,1,1
21208.322,1,1
22446.536,1,1
23391.137,1,1
24019.208,1,1
24641.542,0,0
25164.592,0,0
25528.251,0,0
25531.509,0,0
25777.164,0,0
26253.756,0,0
26669.44,0,0
27114.333,0,0
27556.666,0,0
28001.391,0,0
28566.131,0,0
29230.308,0,0
29793.903,0,0
30422.995,0,0
30865.132,0,0
31276.632,0,0
32232.458,0,0
33408.178,0,0
34268.279,0,0
34918.803,0,0
35180.793,0,0
35100.0,0,0
35100.0,0,0
35000.0,0,0
34900.0,0,0
34800.0,0,0
34600.0,0,0
34300.0,0,0
34000.0,0,0
33600.0,0,0
33400.0,0,0
33400.0,0,0
33300.0,0,0
33200.0,0,0
33200.0,0,0
33100.0,0,0
33000.0,0,0
32900.0,0,0
32800.0,0,0
32600.0,0,0
32341.636,0,0
32154.424,0,0
31541.496,0,0
30417.218,0,0
29392.749,0,0
28368.087,0,0
27835.666,0,0
27795.709,0,0
27855.861,0,0
27816.124,0,0
27872.808,0,0
27767.317,0,0
27541.356,0,0
27400.0,0,0
27200.0,0,0
27000.0,0,0
26900.0,0,0
26800.0,0,0
26700.0,0,0
26600.0,0,0
26500.0,0,0
26500.0,0,0
26400.0,0,0
26500.0,0,0
26500.0,0,0
26500.0,0,0
26600.0,0,0
26800.0,0,0
27000.0,0,0
27200.0,0,0
26986.174,0,0
26156.683,0,0
24596.153,0,0
22469.015,0,0
21083.787,0,0
21339.481,0,0
20702.859,0,0
18740.993,0,0
17226.597,1,1
15976.864,1,1
14949.366,1,1
14186.774,1,1
13105.271,1,1
12046.978,1,1
11128.428,1,1
10489.312,1,1
9972.309,1,1
9671.641,1,1
9487.873,1,1
9627.811,1,1
9663.148,1,1
9588.166,1,1
9939.982,1,1
10723.394,1,1
11578.495,1,1
12685.649,1,1
13730.897,1,1
14604.413,1,1
15306.627,1,1
15628.52,1,1
16207.569,1,1
17144.168,1,1
17877.28,0,0
18620.953,0,0
19578.825,0,0
20692.47,0,0
21472.643,0,0
21895.039,0,0
23572.129,0,0
25893.207,0,0
27836.667,0,0
29470.098,0,0
30422.838,0,0
31213.912,0,0
31934.991,0,0
32605.199,0,0
33100.345,0,0
33339.043,0,0
33197.2,0,0
32680.72,0,0
32263.973,0,0
31786.575,0,0
31067.606,0,0
30323.644,0,0
29470.254,0,0
28526.007,0,0
28493.55,0,0
29446.99,0,0
30137.731,0,0
30765.451,0,0
30633.241,0,0
29686.837,0,0
28529.778,0,0
27208.306,0,0
26699.647,0,0
27104.835,0,0
27410.366,0,0
27816.242,0,0
27482.92,0,0
26710.002,0,0
25836.899,0,0
24963.609,0,0
24394.21,0,0
24328.91,0,0
24163.702,0,0
24098.585,0,0
24001.678,0,0
24073.052,0,0
24044.61,0,0
24016.353,0,0
23406.303,0,0
22013.9,0,0
20145.496,1,1
17968.94,1,1
16745.726,1,1
16742.701,1,1
16739.674,1,1
16836.645,1,1
17932.402,1,1
19761.381,1,1
21559.796,1,1
22716.467,0,0
23189.112,0,0
23277.028,0,0
23264.662,0,0
23252.013,0,0
23547.492,0,0
24228.953,0,0
24764.283,0,0
25191.934,0,0
24307.62,0,0
22099.862,0,0
20693.423,1,1
20221.21,1,1
20200.869,1,1
20838.827,1,1
20966.486,1,1
20776.695,1,1
20695.55,1,1
20794.188,1,1
20568.402,1,1
19744.603,1,1
18008.297,1,1
15360.192,1,1
15886.919,1,1
19742.938,1,1
24175.983,0,0
26440.631,0,0
26803.905,0,0
25502.534,0,0
23780.776,0,0
21668.965,1,0
21737.536,0,0
23898.328,0,0
25673.961,0,0
26654.112,0,0
26470.917,0,0
25182.061,0,0
23751.717,0,0
22620.785,0,0
22645.862,0,0
23707.733,0,0
24438.341,0,0
24865.238,0,0
25819.121,0,0
27152.166,0,0
28968.212,0,0
30258.928,0,0
30558.407,0,0
30967.311,0,0
31449.442,0,0
32049.157,0,0
32412.555,0,0
32882.73,0,0
32688.121,0,0
31803.818,0,0
30661.795,0,0
29073.126,0,0
28260.268,0,0
28196.019,0,0
28131.769,0,0
28167.52,0,0
28306.732,0,0
28749.473,0,0
29092.307,0,0
29435.264,0,0
29706.963,0,0
29953.26,0,0
30173.39,0,0
30223.899,0,0
30071.662,0,0
29716.6,0,0
29261.496,0,0
28827.722,0,0
28204.507,0,0
27355.804,0,0
26607.059,0,0
25858.272,0,0
25333.972,0,0
25134.19,0,0
25034.408,0,0
24834.626,0,0
24584.547,0,0
24384.159,0,0
24083.754,0,0
23883.332,0,0
23707.736,0,0
23756.96,0,0
23706.159,0,0
23655.332,0,0
23356.794,0,0
22810.632,0,0
22154.951,0,0
21408.549,1,1
21610.68,1,1
22761.127,0,0
23683.977,0,0
24479.108,0,0
25094.657,0,0
25558.415,0,0
25922.162,0,0
26285.899,0,0
26463.23,0,0
26223.675,0,0
25971.967,0,0
25714.16,0,0
24890.296,0,0
23571.406,0,0
22295.362,0,0
21213.558,1,1
20269.612,1,1
19343.886,1,1
18254.525,1,1
16447.687,1,1
15320.27,1,1
15054.176,1,1
15408.51,1,1
16433.509,1,1
16859.746,1,1
16774.978,1,1
17405.231,1,1
18743.345,1,1
19973.514,1,1
20925.21,1,1
22137.818,0,0
23406.832,0,0
25160.069,0,0
27286.187,0,0
27850.695,0,0
26956.044,0,0
25356.022,0,0
23265.664,0,0
22034.627,1,1
21853.712,1,1
21401.104,1,1
20577.896,1,1
20291.694,1,1
20886.978,1,1
21981.574,1,1
23576.706,0,0
24586.797,0,0
24951.362,0,0
25531.217,0,0
26167.527,0,0
26465.927,0,0
26884.863,0,0
27437.68,0,0
28139.8,0,0
28842.19,0,0
29544.851,0,0
30382.368,0,0
31219.357,0,0
31849.192,0,0
32286.523,0,0
32218.065,0,0
31543.492,0,0
30764.206,0,0
29823.979,0,0
28909.368,0,0
28066.511,0,0
27223.278,0,0
25991.254,0,0
25301.466,0,0
25366.334,0,0
25431.386,0,0
25496.624,0,0
25580.07,0,0
25514.104,0,0
25548.206,0,0
25482.376,0,0
25181.306,0,0
24444.892,0,0
23808.409,0,0
23171.856,0,0
22279.016,0,0
21197.109,0,0
20114.537,0,0
19031.299,0,0
17691.37,0,0
16458.748,0,0
15225.073,0,0
13990.345,0,0
13856.114,0,0
15024.042,0,0
16093.133,0,0
17201.064,0,0
18205.531,0,0
19434.099,0,0
20642.678,0,0
21322.31,0,0
21150.137,0,0
19732.513,0,0
17878.814,0,0
15670.42,0,0
14904.068,0,0
15962.191,0,0
17021.048,0,0
17944.519,0,0
18142.295,0,0
17460.687,0,0
16290.046,0,0
14806.949,0,0
14243.377,0,0
14637.405,0,0
14578.525,0,0
14327.334,0,0
13620.029,0,0
12254.751,0,0
11274.464,1,1
10710.094,1,1
10481.93,1,1
10666.4,1,1
10880.105,1,1
11083.454,1,1
11433.369,1,1
11896.241,0,0
12367.497,0,0
12718.614,0,0
13059.675,0,0
13459.253,0,0
13888.118,0,0
14626.253,0,0
14988.739,0,0
14992.124,0,0
15027.534,0,0
15292.219,0,0
15104.636,0,0
14754.409,0,0
15071.018,0,0
15985.631,0,0
17152.935,0,0
18251.42,0,0
18304.578,0,0
17420.621,0,0
16798.341,0,0
16305.154,0,0
17316.09,0,0
19478.789,0,0
20852.513,0,0
21604.714,0,0
21655.386,0,0
21146.641,0,0
20934.601,0,0
20951.639,0,0
20765.892,0,0
20489.086,0,0
18948.488,0,0
16084.985,0,0
13218.804,0,0
10580.54,1,1
6883.493,1,1
2513.396,1,1
0.0,1,1
0.0,1,1
0.0,1,1
0.0,1,1
0.0,1,1
0.0,1,1
0.0,1,1
0.0,1,1
22.917,1,1
869.821,1,1
2439.483,1,1
4731.82,1,1
7133.738,1,1
9665.859,1,1
13115.966,0,0
17207.402,0,0
20641.673,0,0
23077.689,0,0
23809.347,0,0
23843.219,0,0
23877.206,0,0
23911.306,0,0
23913.409,0,0
23983.603,0,0
23954.026,0,0
24024.68,0,0
23956.819,0,0
24004.634,0,0
24052.66,0,0
24100.897,0,0
23950.008,0,0
23799.738,0,0
23549.34,0,0
23298.813,0,0
23597.511,0,0
24408.53,0,0
24888.783,0,0
25413.858,0,0
25564.194,0,0
25664.136,0,0
25864.078,0,0
25964.02,0,0
25843.501,0,0
25341.669,0,0
24524.832,0,0
23485.799,0,0
22426.355,0,0
21100.496,0,0
19833.557,0,0
19127.161,0,0
18346.649,1,1
17542.321,1,1
16670.38,1,1
15911.361,1,1
14770.177,1,1
13439.652,1,1
12687.925,1,1
12578.655,1,1
12185.191,1,1
11562.786,1,1
11322.757,1,1
11337.646,1,1
11488.063,1,1
11773.403,1,1
12401.017,1,1
13543.031,1,1
14351.889,1,1
14839.863,1,1
15656.118,1,1
16690.172,1,1
17712.172,1,1
18700.003,1,1
19052.295,0,0
18771.218,0,0
18633.37,1,1
18456.777,1,1
19409.026,0,0
21167.921,0,0
22814.969,0,0
24448.203,0,0
25596.494,0,0
26656.2,0,0
27594.574,0,0
28559.75,0,0
30085.543,0,0
31513.791,0,0
32205.324,0,0
32840.857,0,0
33437.398,0,0
33600.0,0,0
33500.0,0,0
33300.0,0,0
33000.0,0,0
32800.0,0,0
32600.0,0,0
32500.0,0,0
32300.0,0,0
32200.0,0,0
32100.0,0,0
32000.0,0,0
31900.0,0,0
31788.687,0,0
31635.591,0,0
31362.491,0,0
31043.942,0,0
30494.701,0,0
30092.561,0,0
29830.311,0,0
29432.77,0,0
28934.622,0,0
28011.724,0,0
26481.161,0,0
24894.855,0,0
22870.703,0,0
22343.415,0,0
23480.765,0,0
24227.473,0,0
24875.327,0,0
24875.402,0,0
24026.132,0,0
23175.923,0,0
22224.771,0,0
21526.873,0,0
20950.96,0,0
20474.466,0,0
19897.39,0,0
19605.929,0,0
19500.514,0,0
19395.09,0,0
19389.656,0,0
19072.631,0,0
18443.289,0,0
17812.969,0,0
17270.719,0,0
15704.119,0,0
13447.461,0,0
11000.926,0,0
8223.979,1,0
9833.673,0,0
15167.41,0,0
19116.094,0,0
21401.75,0,0
21263.467,0,0
19061.219,0,0
17467.902,0,0
17185.732,0,0
16480.401,0,0
15122.962,0,0
14117.589,0,0
13329.434,0,0
12106.562,0,0
10428.327,0,0
9208.41,0,0
8694.575,0,0
8212.34,1,1
7814.78,1,1
7764.103,1,1
7871.008,1,1
7755.731,1,1
7289.748,1,1
7029.167,1,1
6975.487,1,1
7132.675,1,1
7700.656,1,1
8535.53,0,0
9716.917,0,0
10359.41,0,0
10575.224,0,0
11232.529,0,0
12362.796,0,0
12687.374,0,0
11413.782,0,0
9955.408,0,0
8366.358,1,1
8477.778,1,1
10897.935,0,0
13414.533,0,0
15981.931,0,0
19090.796,0,0
22161.791,0,0
25511.414,0,0
28442.129,0,0
29095.533,0,0
27452.769,0,0
25548.785,0,0
22465.488,0,0
20106.054,0,0
18449.633,0,0
16692.37,0,0
14934.264,0,0
13108.334,0,0
11037.331,0,0
8965.426,0,0
6902.234,1,1
6250.186,1,1
6874.19,1,1
7653.56,1,1
8333.327,1,1
7733.137,1,1
6070.601,1,1
4433.663,1,1
2895.748,1,1
4562.933,1,1
10046.633,0,0
15882.069,0,0
21058.773,0,0
21343.619,0,0
17131.566,0,0
12296.318,0,0
7417.025,1,1
4646.251,1,1
3751.052,1,1
2855.446,1,1
2014.689,1,1
2257.053,1,1
3720.056,1,1
5093.333,1,1
6567.216,1,1
6658.834,1,1
5567.479,1,1
4475.786,1,1
3383.755,1,1
4760.41,1,1
8942.255,1,1
12984.281,0,0
16504.851,0,0
18056.713,0,0
18055.389,0,0
18054.064,0,0
18052.739,0,0
17028.304,0,0
14462.78,0,0
11722.435,1,1
8578.207,1,1
7418.123,1,1
8310.43,1,1
9088.698,1,1
9959.159,1,1
10756.438,1,1
11677.863,1,1
12000.692,1,1
11930.795,1,1
12500.583,0,0
13912.961,0,0
14803.118,0,0
15202.746,0,0
16871.423,0,0
19596.249,0,0
22185.501,0,0
24521.718,0,0
25885.822,0,0
26444.022,0,0
26783.859,0,0
26994.994,0,0
27441.367,0,0
28043.963,0,0
27980.389,0,0
26911.668,0,0
25284.967,0,0
23346.084,0,0
22888.438,0,0
24046.072,0,0
24880.157,0,0
25295.186,0,0
25416.043,0,0
25351.089,0,0
24795.751,0,0
23922.136,0,0
23656.65,0,0
24069.581,0,0
24370.343,0,0
24736.531,0,0
25084.956,0,0
25504.938,0,0
27182.979,0,0
29466.355,0,0
31198.893,0,0
32294.783,0,0
33042.781,0,0
33318.986,0,0
33346.539,0,0
33385.83,0,0
33508.466,0,0
33790.547,0,0
33678.416,0,0
33658.544,0,0
33488.601,0,0
33168.548,0,0
32848.485,0,0
32528.411,0,0
32425.049,0,0
32338.41,0,0
32251.778,0,0
32265.153,0,0
32198.621,0,0
32000.0,0,0
31900.0,0,0
31700.0,0,0
31600.0,0,0
31400.0,0,0
31200.0,0,0
31100.0,0,0
30600.0,0,0
30000.0,0,0
29300.0,0,0
28600.0,0,0
28200.0,0,0
28200.0,0,0
28168.372,0,0
28034.746,0,0
27787.651,0,0
27427.081,0,0
26944.464,0,0
26355.393,1,1
26235.496,1,1
26416.779,0,1
26311.033,1,1
26200.0,1,1
26100.0,1,1
26000.0,1,1
25900.0,1,1
25900.0,1,1
25800.0,1,1
25800.0,1,1
25800.0,1,1
25700.0,1,1
25800.0,1,1
26000.0,1,1
26200.0,1,1
26400.0,1,1
26534.604,0,0
26593.5,0,0
26748.059,0,0
26800.26,0,0
26686.862,0,0
26403.127,1,1
26037.552,1,1
25591.488,1,1
25092.102,1,1
24529.583,1,1
24978.242,1,1
26452.407,0,0
27832.586,0,0
29098.378,0,0
29198.108,0,0
28343.006,0,0
27312.876,0,0
26203.45,1,1
26312.739,1,1
27451.82,0,0
28421.97,0,0
29118.157,0,0
29779.207,0,0
30204.278,0,0
30595.172,0,0
30841.196,0,0
30882.574,0,0
30903.117,0,0
30716.206,0,0
30448.766,0,0
30165.56,0,0
30065.421,0,0
29975.103,0,0
29991.249,0,0
29879.693,0,0
29535.695,0,0
29287.469,0,0
28636.627,0,0
28240.445,0,0
28207.148,0,0
28339.449,0,0
28862.846,0,0
29607.476,0,0
30436.75,0,0
31192.608,0,0
31520.551,0,0
31324.999,0,0
31172.846,0,0
31047.12,0,0
31196.479,0,0
31245.925,0,0
31295.455,0,0
31045.182,0,0
30494.953,0,0
29944.604,0,0
29438.809,0,0
29135.893,0,0
29309.126,0,0
29518.438,0,0
29618.331,0,0
29593.153,0,0
29642.916,0,0
29592.73,0,0
29642.596,0,0
29642.643,0,0
29792.863,0,0
29869.734,0,0
29930.259,0,0
29887.161,0,0
29840.511,0,0
29560.518,0,0
29134.606,0,0
28864.922,0,0
28651.446,0,0
28437.97,0,0
28324.493,0,0
28004.275,0,0
27477.311,0,0
27050.343,0,0
26623.37,0,0
26333.473,0,0
26180.655,1,1
26027.838,1,1
25975.02,1,1
25900.0,1,1
25900.0,1,1
25800.0,1,1
25800.0,1,1
25900.0,1,1
26100.0,1,1
26300.0,1,1
26400.0,0,0
26800.0,0,0
27300.0,0,0
27700.0,0,0
28200.0,0,0
28385.58,0,0
28139.432,0,0
27886.36,0,0
27629.811,0,0
26806.029,0,0
25365.301,1,1
24472.806,1,1
23936.182,1,1
23303.738,1,1
22713.932,1,1
22680.875,1,1
23417.069,1,1
23952.001,1,1
24490.404,1,1
25283.251,1,1
26313.412,0,0
27367.689,0,0
28345.535,0,0
28823.603,0,0
28642.657,0,0
28692.514,0,0
28941.022,0,0
28678.345,0,0
28058.65,0,0
26859.586,0,0
25518.697,1,1
25788.315,1,1
27658.981,0,0
28737.119,0,0
28915.604,0,0
28662.56,0,0
28073.57,0,0
28114.52,0,0
28872.533,0,0
28956.958,0,0
28181.275,0,0
27712.431,0,0
27456.625,0,0
27613.516,0,0
28183.017,0,0
28594.223,0,0
28848.631,0,0
29117.967,0,0
29346.386,0,0
29736.937,0,0
30238.082,0,0
30616.157,0,0
30932.193,0,0
30895.273,0,0
30658.633,0,0
30521.971,0,0
30285.285,0,0
30016.755,0,0
29816.398,0,0
29616.042,0,0
29415.685,0,0
28874.123,0,0
27671.069,0,0
26336.261,0,0
25001.032,1,1
25787.368,1,1
28343.859,0,0
29772.738,0,0
30770.984,0,0
30932.56,0,0
30472.285,0,0
30095.646,0,0
29645.754,0,0
29120.724,0,0
28620.589,0,0
28020.454,0,0
27520.319,0,0
27195.089,0,0
27044.802,0,0
26994.565,0,0
26906.944,0,0
26686.964,0,0
26350.968,0,0
26014.993,1,1
25779.04,1,1
25591.266,1,1
25551.696,1,1
25512.181,1,1
25472.721,1,1
25083.563,1,1
24292.277,1,1
23140.084,1,1
21638.156,1,1
21497.947,1,1
22793.186,1,1
24014.365,1,1
25016.022,1,1
25684.533,1,1
26248.69,0,0
26712.868,0,0
27277.069,0,0
27233.89,0,0
26669.024,0,0
26103.676,1,1
25717.57,1,1
25783.435,1,1
26100.416,1,1
26191.946,0,0
26195.316,0,0
26161.283,1,1
26190.176,1,1
26041.396,1,1
25713.842,1,1
25836.985,1,1
26410.924,0,0
26743.125,0,0
27123.467,0,0
27328.911,0,0
27358.063,0,0
27146.521,0,0
26910.589,0,0
26641.876,0,0
26640.023,0,0
26986.166,0,0
27480.049,0,0
28012.425,0,0
28483.576,0,0
28977.244,0,0
29549.125,0,0
29735.397,0,0
29336.972,0,0
28999.681,0,0
28566.848,0,0
28626.603,0,0
29053.843,0,0
29399.926,0,0
29420.599,0,0
29543.345,0,0
29851.5,0,0
30120.931,0,0
30251.969,0,0
30568.613,0,0
31068.112,0,0
31526.117,0,0
32041.243,0,0
32720.952,0,0
33418.432,0,0
33874.282,0,0
34385.193,0,0
34481.834,0,0
34400.0,0,0
34200.0,0,0
34100.0,0,0
33900.0,0,0
33800.0,0,0
33600.0,0,0
33400.0,0,0
33300.0,0,0
33181.803,0,0
32934.715,0,0
32787.603,0,0
32564.026,0,0
32264.003,0,0
32063.979,0,0
31763.956,0,0
31487.502,0,0
31334.628,0,0
31181.771,0,0
31000.0,0,0
30500.0,0,0
29800.0,0,0
29000.0,0,0
28200.0,0,0
27800.0,0,0
27600.0,0,0
27368.231,0,0
27134.455,0,0
26810.784,0,0
26497.229,0,0
26083.662,0,0
25770.083,0,0
25463.26,1,1
25263.201,1,1
24963.142,1,1
24763.083,1,1
24676.587,1,1
24703.669,1,1
24730.769,1,1
24857.888,1,1
24844.295,1,1
24989.941,1,1
25035.54,1,1
25021.909,1,1
25321.789,1,1
25835.326,0,0
26289.703,0,0
26744.126,0,0
26934.356,0,0
26747.416,0,0
26252.212,0,0
25672.619,0,0
25437.671,1,1
25507.334,1,1
25510.184,0,1
25246.357,1,1
25106.64,1,1
25092.179,1,1
24941.493,1,1
24652.403,1,1
24677.718,1,1
24818.249,1,1
25136.029,1,1
25531.774,0,0
25610.142,0,0
25470.886,1,0
25517.05,0,0
25748.858,0,0
26345.675,0,0
27307.48,0,0
28062.336,0,0
28740.054,0,0
29234.61,0,0
29427.912,0,0
29515.173,0,0
29496.385,0,0
29139.583,0,0
28544.768,0,0
28099.798,0,0
27927.887,0,0
27835.867,0,0
27724.765,0,0
27801.983,0,0
27965.141,0,0
28377.758,0,0
29031.246,0,0
29184.838,0,0
28958.124,0,0
28982.397,0,0
29162.104,0,0
29507.44,0,0
30117.072,0,0
30657.734,0,0
31200.0,0,0
31600.0,0,0
32000.0,0,0
32200.0,0,0
32100.0,0,0
31900.0,0,0
31800.0,0,0
31700.0,0,0
31500.0,0,0
31300.0,0,0
31100.0,0,0
31000.0,0,0
30800.0,0,0
30700.0,0,0
30600.0,0,0
30400.0,0,0
30100.0,0,0
29800.0,0,0
29500.0,0,0
29300.0,0,0
29200.0,0,0
29100.0,0,0
29000.0,0,0
28700.0,0,0
28100.0,0,0
27500.0,0,0
26800.0,0,0
26391.78,0,0
26200.0,0,0
26000.0,0,0
25800.0,0,0
25600.0,0,0
25300.0,0,0
25000.0,0,0
24700.0,0,0
24400.0,0,0
24300.0,0,0
24100.0,0,0
23900.0,0,0
23800.0,0,0
23900.0,0,0
23967.858,0,0
24033.697,0,0
24096.113,0,0
24155.109,0,0
24214.097,0,0
24187.808,0,0
24306.25,0,0
24638.794,0,0
25071.35,0,0
25503.917,0,0
25589.697,0,0
25428.684,0,0
25145.086,0,0
24966.989,0,0
24491.056,0,0
23939.862,0,0
23384.432,0,0
22931.259,0,0
22428.397,0,0
21800.987,0,0
20963.501,0,0
20208.77,0,0
19792.471,1,0
19813.659,0,0
20145.417,0,0
20688.215,0,0
21318.539,0,0
21936.829,0,0
22682.89,0,0
23356.563,0,0
23773.842,0,0
24033.764,0,0
23904.655,0,0
23384.408,0,0
22654.447,0,0
21137.731,0,0
20039.923,0,0
19462.048,1,1
18871.055,1,1
18436.935,1,1
18243.463,1,1
18189.318,1,1
18232.061,1,1
18371.175,1,1
18370.437,1,1
18232.319,1,1
17976.076,1,1
17800.496,1,1
17432.443,1,1
16973.443,1,1
16213.761,1,1
14953.08,1,1
13718.489,1,1
12223.244,1,1
11494.017,1,1
11457.489,1,1
11358.984,1,1
11233.171,1,1
13127.171,1,1
17007.515,1,1
20229.44,0,0
22967.47,0,0
24056.992,0,0
23855.979,0,0
23754.966,0,0
23553.953,0,0
24872.129,0,0
26606.933,0,0
27876.582,0,0
28771.977,0,0
28768.916,0,0
28582.546,0,0
28296.181,0,0
28109.82,0,0
27865.416,0,0
27539.092,0,0
27050.234,0,0
26371.808,0,0
25741.325,0,0
25442.667,0,0
25044.044,0,0
24745.456,0,0
24292.513,0,0
23684.975,0,0
23077.154,0,0
22422.066,0,0
21564.164,0,0
20805.874,0,0
19947.195,1,1
18827.973,1,1
18651.934,1,1
19351.064,1,1
19846.9,1,1
20343.344,0,0
20416.76,0,0
20066.51,0,0
19616.014,1,1
19265.273,1,1
19363.932,1,1
19912.357,1,1
20461.026,0,0
21009.939,0,0
21558.572,0,0
22062.668,0,0
22566.908,0,0
23071.29,0,0
23562.65,0,0
23827.864,0,0
23991.687,0,0
23885.81,0,0
23227.256,0,0
22201.43,0,0
21408.093,0,0
21100.6,0,0
20811.128,0,0
20551.907,0,0
20195.376,0,0
19620.793,1,1
19133.587,1,1
18730.967,1,1
18440.177,1,1
18228.821,1,1
17953.98,1,1
17627.241,1,1
17480.346,1,1
17395.84,1,1
16710.676,1,1
15430.454,1,1
16048.072,1,1
18579.165,1,1
21291.744,0,0
23096.081,0,0
23554.713,0,0
23536.174,0,0
23494.519,0,0
23424.601,0,0
23093.376,0,0
22413.079,0,0
21966.271,0,0
21443.897,0,0
21475.166,0,0
22053.581,0,0
22566.092,0,0
23021.597,0,0
23672.767,0,0
24471.541,0,0
25269.69,0,0
26213.092,0,0
26981.831,0,0
27578.214,0,0
28525.49,0,0
29234.638,0,0
29579.359,0,0
30000.0,0,0
30100.0,0,0
30000.0,0,0
29800.0,0,0
29700.0,0,0
29600.0,0,0
29500.0,0,0
29300.0,0,0
29200.0,0,0
29000.0,0,0
28900.0,0,0
28700.0,0,0
28554.324,0,0
28258.905,0,0
27742.21,0,0
26988.872,0,0
26018.316,0,0
25157.551,0,0
24524.545,0,0
23798.128,0,0
23071.168,0,0
22306.544,0,0
21124.054,0,0
19940.796,1,1
18756.769,1,1
18553.528,0,0
19232.224,0,0
19911.686,0,0
20591.915,0,0
20640.642,0,0
20338.653,0,0
20136.661,0,0
19834.668,0,0
19427.849,0,0
18952.873,0,0
18371.248,0,0
17689.289,0,0
17586.789,0,0
17964.248,0,0
18342.037,0,0
18613.515,0,0
18120.639,0,0
16542.064,0,0
14975.409,0,0
12689.595,0,0
11565.734,0,0
11605.227,0,0
11644.402,0,0
11683.26,0,0
12380.062,0,0
13501.83,0,0
14708.26,0,0
15866.404,0,0
15151.345,0,0
12780.48,0,0
10198.284,0,0
7799.312,0,0
5877.616,0,0
4463.12,0,0
3619.435,1,1
3412.656,1,1
3851.161,0,0
5027.429,0,0
5963.866,0,0
6986.505,0,0
6460.73,0,0
3978.308,0,0
1096.78,1,1
0.0,1,1
0.0,1,1
0.0,1,1
14.912,1,1
0.0,1,1
0.0,1,1
0.0,1,1
0.0,1,1
568.602,1,1
2366.56,1,1
2735.604,1,1
1110.656,1,1
0.0,1,1
0.0,1,1
0.0,1,1
0.0,1,1
0.0,1,1
0.0,1,1
720.728,1,1
2337.473,1,1
3844.397,1,1
4687.82,0,0
5034.124,0,0
7284.476,0,0
10070.218,0,0
12539.964,0,0
15612.279,0,0
18417.051,0,0
20937.579,0,0
21472.886,0,0
19817.142,0,0
18160.069,0,0
16246.019,0,0
15931.205,0,0
17125.626,0,0
18129.354,0,0
19234.113,0,0
21017.665,0,0
22929.609,0,0
24810.099,0,0
25739.563,0,0
26683.962,0,0
27437.297,0,0
27891.667,0,0
28299.195,0,0
28203.925,0,0
28185.073,0,0
28200.0,0,0
28100.0,0,0
27900.0,0,0
27600.0,0,0
27300.0,0,0
27000.0,0,0
26800.0,0,0
26600.0,0,0
26400.0,0,0
26200.0,0,0
25900.0,0,0
25500.0,0,0
25100.0,0,0
24700.0,0,0
24400.0,0,0
24300.0,0,0
24100.0,0,0
23900.0,0,0
23900.0,0,0
24000.0,0,0
24100.0,0,0
24100.0,0,0
24300.0,0,0
24400.0,0,0
24600.0,0,0
24800.0,0,0
25000.0,0,0
25300.0,0,0
25600.0,0,0
26000.0,0,0
25890.939,0,0
25094.302,0,0
24287.882,0,0
23996.769,0,0
23797.398,0,0
23611.686,0,0
23214.49,0,0
22525.9,0,0
22059.529,0,0
21670.699,0,0
21392.031,0,0
19922.648,1,1
17185.613,1,1
14456.974,1,1
14017.159,1,1
16208.701,1,1
18988.657,1,1
20807.564,0,0
20856.765,0,0
20304.17,1,1
19595.026,1,1
19462.609,1,1
18970.162,1,1
18225.197,1,1
17644.711,1,1
17051.227,1,1
16929.122,1,1
17136.487,1,1
16584.667,1,1
15399.902,1,1
15290.22,1,1
16075.519,1,1
16723.833,1,1
17171.906,1,1
17974.406,1,1
18862.286,1,1
19755.619,1,1
20479.936,0,0
20835.947,0,0
21072.521,0,0
20911.649,0,0
20531.63,0,0
20957.47,0,0
21498.682,0,0
22100.495,0,0
23595.11,0,0
24992.141,0,0
26491.595,0,0
27123.784,0,0
27158.701,0,0
27193.686,0,0
27228.741,0,0
27808.416,0,0
28678.047,0,0
29474.271,0,0
30010.298,0,0
30097.895,0,0
29897.793,0,0
29797.69,0,0
29597.587,0,0
29461.499,0,0
29389.475,0,0
29124.094,0,0
28950.905,0,0
28771.015,0,0
28684.417,0,0
28597.826,0,0
28511.242,0,0
28324.664,0,0
27938.094,0,0
27551.531,0,0
27164.974,0,0
26871.696,0,0
26571.691,0,0
26371.686,0,0
26071.681,0,0
25834.64,0,0
25460.542,0,0
25140.466,0,0
24586.846,0,0
24125.997,1,1
24058.019,1,1
23890.051,1,1
23722.095,1,1
23589.808,1,1
23593.157,1,1
23596.473,1,1
23599.756,1,1
23796.202,1,1
24185.873,1,1
24575.594,0,0
24833.252,0,0
25070.356,0,0
25383.836,0,0
25697.321,0,0
26110.811,0,0
26035.342,0,0
25742.766,0,0
25439.384,0,0
25018.825,0,0
25019.63,0,0
25258.2,0,0
25331.283,0,0
25041.402,0,0
24929.126,0,0
24795.384,0,0
24523.314,0,0
24153.195,1,1
23695.913,1,1
23595.959,1,1
23724.954,1,1
23983.601,1,1
24150.133,1,1
24323.622,0,0
24578.18,0,0
25014.954,0,0
25161.101,0,0
24885.669,0,0
24669.282,0,0
24294.98,1,1
24293.757,1,1
24582.798,0,0
24716.083,0,0
24593.914,0,0
23928.354,1,1
22918.775,1,1
22295.572,1,1
22103.967,1,1
22673.495,1,1
23815.884,1,1
24392.808,0,0
24568.026,0,0
24685.645,0,0
24946.529,0,0
25230.072,0,0
25589.862,0,0
26100.591,0,0
26863.037,0,0
27730.477,0,0
28560.569,0,0
29020.136,0,0
28820.712,0,0
28621.191,0,0
28312.228,0,0
27999.896,0,0
27694.719,0,0
27489.506,0,0
27184.258,0,0
27083.932,0,0
27188.581,0,0
27293.264,0,0
27297.982,0,0
27505.249,0,0
27669.498,0,0
27669.311,0,0
27769.175,0,0
27769.037,0,0
27468.845,0,0
27268.636,0,0
26968.41,0,0
26718.234,0,0
26418.12,0,0
26108.551,0,0
25735.006,0,0
25534.88,0,0
25308.206,0,0
25117.589,0,0
24917.55,0,0
24717.544,0,0
24517.544,0,0
24317.544,0,0
24117.544,0,0
23867.498,1,1
23467.407,1,1
22967.316,1,1
22567.225,1,1
22492.43,1,1
22842.931,1,1
23193.431,1,1
23362.919,1,1
23632.092,1,1
23923.665,1,1
24004.41,0,0
24085.156,0,0
24200.0,0,0
24400.0,0,0
24600.0,0,0
24700.0,0,0
25000.0,0,0
25400.0,0,0
25900.0,0,0
26288.52,0,0
26397.821,0,0
26241.877,0,0
26082.493,0,0
25921.245,0,0
25416.29,0,0
24574.061,0,0
24114.195,0,0
24043.422,0,0
24156.834,0,0
24454.526,0,0
24325.71,0,0
23923.068,1,1
23408.986,1,1
22811.961,1,1
22867.19,1,1
23575.022,1,1
24086.074,0,0
24327.629,0,0
24003.545,0,0
23406.387,1,1
23673.293,1,1
24904.989,0,0
25754.709,0,0
25954.399,0,0
25742.279,0,0
25019.14,0,0
24783.306,0,0
25135.601,0,0
24790.906,0,0
23849.642,1,1
23608.935,1,1
24063.609,0,0
24667.009,0,0
25612.753,0,0
25711.391,0,0
25180.405,0,0
24525.756,0,0
24032.453,0,0
23652.81,1,1
23694.083,1,1
23811.726,1,1
24307.377,0,0
24736.71,0,0
25194.292,0,0
25317.864,0,0
24857.336,0,0
24296.516,0,0
23835.404,1,0
24241.078,0,0
25614.32,0,0
26792.516,0,0
27507.479,0,0
27712.825,0,0
27308.189,0,0
26903.484,0,0
26498.708,0,0
26295.962,0,0
26195.297,0,0
26094.633,0,0
25993.967,0,0
26031.695,0,0
26207.938,0,0
26484.344,0,0
26651.425,0,0
26525.818,0,0
26225.948,0,0
25816.582,0,0
25443.35,0,0
25074.64,0,0
24710.558,0,0
24346.522,0,0
23973.65,1,0
23972.782,0,0
24371.772,0,0
24770.932,0,0
25052.264,0,0
24852.062,0,0
24270.081,0,0
23469.819,0,0
22769.301,0,0
22074.94,0,0
21632.296,1,1
21089.476,1,1
20546.479,1,1
20377.074,1,1
20681.47,1,1
20885.971,1,1
21090.578,1,1
21089.89,1,1
20783.777,1,1
20577.594,1,1
20371.34,1,1
20196.283,1,1
20052.343,1,1
19846.227,1,1
19424.587,1,1
19499.788,1,1
19945.31,1,1
20498.573,1,1
20847.067,1,1
20932.254,1,1
20647.214,1,1
20280.888,1,1
20141.619,1,1
20918.925,1,1
22258.555,0,0
23328.897,0,0
24126.349,0,0
24367.745,0,0
23953.556,0,0
23868.244,0,0
24212.707,0,0
24505.457,0,0
24847.181,0,0
25069.516,0,0
25273.337,0,0
25526.089,0,0
26127.855,0,0
26699.936,0,0
27442.014,0,0
28225.847,0,0
29051.286,0,0
29823.377,0,0
30323.669,0,0
30449.846,0,0
30101.926,0,0
29928.826,0,0
29730.179,0,0
29190.505,0,0
28409.217,0,0
27145.898,0,0
25805.911,0,0
25095.385,0,0
25778.98,0,0
26340.21,0,0
27034.351,0,0
27505.613,0,0
27655.018,0,0
27760.962,0,0
28019.511,0,0
27681.75,0,0
26759.303,0,0
25470.139,0,0
23882.642,0,0
23782.041,0,0
25168.718,0,0
26157.443,0,0
26879.639,0,0
27396.316,0,0
27461.688,0,0
27562.426,0,0
27663.215,0,0
27864.391,0,0
28319.427,0,0
28541.194,0,0
28763.016,0,0
28907.841,0,0
28775.621,0,0
28643.397,0,0
28511.166,0,0
28362.829,0,0
28198.381,0,0
28033.922,0,0
27869.451,0,0
27685.504,0,0
27282.1,0,0
26978.713,0,0
26575.343,0,0
26407.477,0,0
26275.078,0,0
26242.645,0,0
26210.179,0,0
26058.411,0,0
25987.481,0,0
25722.365,0,0
25449.388,0,0
25269.663,0,0
25083.175,0,0
24896.701,0,0
24810.241,0,0
24589.788,0,0
24435.284,0,0
24221.427,0,0
23761.228,0,0
23419.404,0,0
22924.647,0,0
22263.877,0,0
21602.023,0,0
21144.571,0,0
21134.034,0,0
21123.241,0,0
21112.191,0,0
21538.469,0,0
21883.065,0,0
21972.982,0,0
22262.698,0,0
22014.125,0,0
21386.909,0,0
20706.53,0,0
19707.9,0,0
18834.385,1,1
17761.779,1,1
17506.03,1,1
18345.282,1,1
19118.247,0,0
19934.427,0,0
19621.866,0,0
18186.685,1,1
16735.361,1,1
15384.273,1,1
15040.772,1,1
15768.234,1,1
16200.299,1,1
16278.848,1,1
16561.522,1,1
16842.004,1,1
17300.31,1,1
17912.813,1,1
18030.871,1,1
17707.178,1,1
17296.803,1,1
16794.308,1,1
16736.398,1,1
17076.736,1,1
17038.86,1,1
16865.187,1,1
18224.723,1,1
20813.316,0,0
23054.063,0,0
25007.194,0,0
25729.682,0,0
25809.709,0,0
26126.354,0,0
26587.663,0,0
28616.208,0,0
30890.427,0,0
31629.112,0,0
31285.195,0,0
30836.043,0,0
30486.714,0,0
30132.512,0,0
30202.027,0,0
30228.803,0,0
30255.644,0,0
30087.174,0,0
29823.315,0,0
29459.412,0,0
29195.466,0,0
29011.08,0,0
29006.321,0,0
29001.611,0,0
28996.95,0,0
28928.626,0,0
28896.592,0,0
28864.541,0,0
28732.474,0,0
28520.633,0,0
28128.934,0,0
27676.244,0,0
27177.206,0,0
26503.378,0,0
25654.739,0,0
24714.218,0,0
23700.574,0,0
23400.114,0,0
23913.074,0,0
24253.178,0,0
24601.592,0,0
24351.769,0,0
23503.706,0,0
22572.541,0,0
21523.368,0,0
21255.262,0,0
21668.221,0,0
22081.18,0,0
22303.001,0,0
22651.499,0,0
23100.023,0,0
23411.179,0,0
23698.824,0,0
23730.807,0,0
23607.165,0,0
23349.377,0,0
23100.728,0,0
22752.466,0,0
22404.59,0,0
21773.674,0,0
21224.757,0,0
20633.05,0,0
19618.419,0,0
18500.836,0,0
17481.895,1,1
16220.392,1,1
14928.623,1,1
14554.784,1,1
15554.603,1,1
17082.038,1,1
19112.06,0,0
20476.864,0,0
21048.376,0,0
20349.822,0,0
18422.339,0,0
17661.246,0,0
17969.899,0,0
18628.15,0,0
18934.543,0,0
18254.347,0,0
16786.754,1,1
16583.279,1,1
17546.146,1,1
18016.413,0,0
17990.931,0,0
17529.53,1,1
16737.836,1,1
17728.869,0,0
20331.596,0,0
22236.521,0,0
23296.726,0,0
24279.927,0,0
25185.767,0,0
26213.889,0,0
26356.495,0,0
25766.261,0,0
24906.006,0,0
24381.008,0,0
24374.99,0,0
24270.613,0,0
24165.449,0,0
24044.879,0,0
24004.384,0,0
24804.305,0,0
26228.707,0,0
25383.53,0,0
21447.389,0,0
16683.652,1,1
11500.947,1,1
9248.714,1,1
9731.192,1,1
10213.866,1,1
10696.737,1,1
11471.759,1,1
12676.8,1,1
13918.38,1,1
15160.203,1,1
16192.967,1,1
16916.593,1,1
17598.501,1,1
18180.005,0,0
19941.199,0,0
22802.965,0,0
25025.372,0,0
26389.497,0,0
26525.797,0,0
25513.651,0,0
24239.382,0,0
22570.519,0,0
22086.065,0,0
22686.489,0,0
23287.285,0,0
23511.767,0,0
23955.979,1,1
24717.999,1,1
25261.815,1,1
25805.85,0,0
26059.492,0,0
25950.165,0,0
25840.903,0,0
25731.706,0,0
25563.465,0,0
25236.1,1,1
24808.691,1,1
24481.24,1,1
24472.177,1,1
24838.408,1,1
24845.21,1,1
24900.0,1,1
24900.0,1,1
24900.0,1,1
24900.0,1,1
24900.0,1,1
25000.0,1,1
25300.0,1,1
25500.0,1,1
25700.0,0,0
25762.137,0,0
25665.49,0,0
25560.644,1,1
25451.811,1,1
24847.996,1,1
23784.467,1,1
23507.042,1,1
24318.647,1,1
25093.353,1,1
25855.251,0,0
26248.371,0,0
26312.326,0,0
26266.08,0,0
26008.285,0,0
26050.35,0,0
26391.836,0,0
26663.896,0,0
26970.046,0,0
27349.876,0,0
27701.967,0,0
28245.218,0,0
28991.064,0,0
29089.946,0,0
28676.601,0,0
27756.844,0,0
26651.166,0,0
26371.559,0,0
27109.417,0,0
27271.804,0,0
27067.812,0,0
27548.36,0,0
28933.809,0,0
30198.216,0,0
31347.052,0,0
31495.601,0,0
30686.755,0,0
30051.511,0,0
29594.323,0,0
28960.787,0,0
28169.222,0,0
27162.095,0,0
26280.935,0,0
27416.393,0,0
29843.826,0,0
31060.097,0,0
31352.462,0,0
31645.157,0,0
31938.182,0,0
31839.704,0,0
31676.073,0,0
31387.442,0,0
31088.346,0,0
30938.536,0,0
30738.077,0,0
30537.618,0,0
30437.158,0,0
30286.021,0,0
30284.268,0,0
30172.18,0,0
30035.134,0,0
29871.274,0,0
29584.452,0,0
29187.003,0,0
28889.352,0,0
28589.524,0,0
28487.734,0,0
28386.027,0,0
28184.403,0,0
28156.514,0,0
28083.22,0,0
27869.42,0,0
27655.863,0,0
27462.836,0,0
27490.254,0,0
27324.699,0,0
27151.381,0,0
26971.393,0,0
26784.727,0,0
26598.074,0,0
26411.435,0,0
26201.32,0,0
25867.691,0,0
25534.021,0,0
25200.31,0,0
25008.778,0,0
24976.523,0,0
24944.236,0,0
24811.915,0,0
24924.244,0,0
25136.752,0,0
25190.639,0,0
25244.591,0,0
25478.34,0,0
25691.848,0,0
25900.0,0,0
26100.0,0,0
26071.747,0,0
25945.939,0,0
25712.839,0,0
25542.564,0,0
23855.132,1,1
20239.925,1,1
18305.758,1,1
18745.464,1,1
19253.649,1,1
19522.065,1,1
20414.161,1,1
22100.73,1,1
23602.929,1,1
24428.651,0,0
24407.166,0,0
24240.727,0,0
24481.288,0,0
22180.59,1,1
22142.177,1,1
21752.531,1,1
20626.927,1,1
18496.805,1,1
19126.138,1,1
22116.326,1,1
24920.939,0,0
26399.655,0,0
26545.56,0,0
25722.272,0,0
24219.531,1,1
23327.772,1,1
22659.944,1,1
22352.46,1,1
22119.653,1,1
21707.036,1,1
22299.824,1,1
23710.934,1,1
24851.044,0,0
25787.411,0,0
26834.531,0,0
27938.705,0,0
28834.254,0,0
29570.114,0,0
31097.008,0,0
32844.187,0,0
33473.116,0,0
33286.262,0,0
33099.424,0,0
32912.601,0,0
32742.348,0,0
32688.696,0,0
32600.0,0,0
32500.0,0,0
32300.0,0,0
32200.0,0,0
32100.0,0,0
31988.656,0,0
31765.362,0,0
31552.027,0,0
31338.676,0,0
31125.309,0,0
31031.934,0,0
30958.586,0,0
30885.27,0,0
30900.0,0,0
30800.0,0,0
30600.0,0,0
30400.0,0,0
30200.0,0,0
29900.0,0,0
29300.0,0,0
28800.0,0,0
28200.0,0,0
27800.0,0,0
27600.0,0,0
27400.0,0,0
27200.0,0,0
27000.0,0,0
26700.0,0,0
26500.0,0,0
26200.0,0,0
26000.0,0,0
25700.0,0,0
25400.0,0,0
25100.0,0,0
25000.0,0,0
25000.0,0,0
25000.0,0,0
25000.0,0,0
25200.0,0,0
25400.0,0,0
25700.0,0,0
25900.0,0,0
26300.0,0,0
26700.0,0,0
27000.0,0,0
27400.0,0,0
27426.803,0,0
26562.19,0,0
25734.624,0,0
25309.245,0,0
24634.317,0,0
23568.077,0,0
22784.21,0,0
22154.432,0,0
21766.477,0,0
21519.691,0,0
21131.199,0,0
20699.277,1,1
20533.177,1,1
20786.404,0,1
20293.979,1,1
19157.586,1,1
17490.925,1,1
15494.247,1,1
15385.177,1,1
17158.665,1,1
18963.51,1,1
20709.278,0,0
20967.738,0,0
19711.984,1,1
18816.424,1,1
18257.344,1,1
17597.701,1,1
16899.243,1,1
15731.222,1,1
14167.269,1,1
14181.126,1,1
15486.661,1,1
16584.431,1,1
17426.593,1,1
18292.966,1,1
19075.109,1,1
19711.932,1,1
20270.979,1,1
21889.04,0,0
24246.637,0,0
26073.632,0,0
27517.548,0,0
29140.891,0,0
30762.863,0,0
31600.0,0,0
32100.0,0,0
32500.0,0,0
32900.0,0,0
33000.0,0,0
33000.0,0,0
32900.0,0,0
32800.0,0,0
32600.0,0,0
32400.0,0,0
32300.0,0,0
32100.0,0,0
31900.0,0,0
31900.0,0,0
31800.0,0,0
31800.0,0,0
31600.0,0,0
31300.0,0,0
31000.0,0,0
30700.0,0,0
30400.0,0,0
30300.0,0,0
30100.0,0,0
30000.0,0,0
29600.0,0,0
29100.0,0,0
28500.0,0,0
28000.0,0,0
27600.0,0,0
27400.0,0,0
27200.0,0,0
27000.0,0,0
26700.0,0,0
26300.0,0,0
26000.0,0,0
25700.0,0,0
25400.0,0,0
25200.0,0,0
25000.0,0,0
24700.0,0,0
24600.0,0,0
24600.0,0,0
24600.0,0,0
24600.0,0,0
24700.0,0,0
24900.0,0,0
25000.0,0,0
25200.0,0,0
25500.0,0,0
25900.0,0,0
26267.883,0,0
26633.715,0,0
26695.994,0,0
26095.763,0,0
25165.006,0,0
23744.978,0,0
22831.629,0,0
22866.757,0,0
22395.55,0,0
21189.975,0,0
20487.336,0,0
20323.747,0,0
19707.842,0,0
18103.354,0,0
16696.728,1,1
15385.263,1,1
14561.626,1,1
14298.554,1,1
13527.779,1,1
12241.707,1,1
12054.896,1,1
13235.667,1,1
14176.559,1,1
14950.867,1,1
15417.738,1,1
15569.123,1,1
15971.868,1,1
16522.219,1,1
16479.758,1,1
15796.275,1,1
15157.362,1,1
14477.735,1,1
14336.751,1,1
14887.074,1,1
15178.962,1,1
15289.861,1,1
16293.302,1,1
17943.755,1,1
19356.861,0,0
20494.618,0,0
22111.285,0,0
24105.414,0,0
25783.765,0,0
27138.36,0,0
28789.507,0,0
30615.518,0,0
31466.42,0,0
31866.341,0,0
32166.263,0,0
32566.184,0,0
32642.912,0,0
32476.179,0,0
32254.488,0,0
31932.536,0,0
31768.733,0,0
31663.373,0,0
31558.141,0,0
31453.037,0,0
31368.64,0,0
31204.798,0,0
30940.88,0,0
30776.885,0,0
30528.74,0,0
30096.472,0,0
29764.166,0,0
29431.821,0,0
29327.141,0,0
29450.355,0,0
29573.834,0,0
29541.078,0,0
29151.045,0,0
28424.109,0,0
27689.314,0,0
26860.949,0,0
26560.776,0,0
26588.989,0,0
26523.657,0,0
26550.51,0,0
26343.711,0,0
26003.217,0,0
25527.745,0,0
24934.552,0,0
24621.688,0,0
24389.26,0,0
24256.809,0,0
24024.336,0,0
23956.298,0,0
23952.762,0,0
24049.293,0,0
24145.89,0,0
24013.44,0,0
23851.788,0,0
23689.997,1,1
23528.067,1,1
23546.868,1,1
23746.505,1,1
23946.142,0,0
24045.779,0,0
24197.644,0,0
24189.296,0,0
24275.736,0,0
24259.376,0,0
24344.262,0,0
24531.942,0,0
24020.574,0,0
22942.584,1,1
21546.741,1,1
19758.14,1,1
18174.56,1,1
16875.993,1,1
16733.212,1,1
18135.287,1,1
18575.895,1,1
17873.775,1,1
17545.573,1,1
17631.929,1,1
16741.661,1,1
14758.092,1,1
12523.436,1,1
10222.804,1,1
10873.614,1,1
14681.245,1,1
18015.599,1,1
20867.867,1,1
22986.966,1,1
24250.587,0,0
25662.231,0,0
26652.192,0,0
26668.238,0,0
26368.668,0,0
25773.838,0,0
25068.802,0,0
25290.913,0,0
26538.035,0,0
27675.426,0,0
28646.608,0,0
29334.826,0,0
29678.383,0,0
29894.765,0,0
29983.35,0,0
30284.898,0,0
30851.91,0,0
30837.537,0,0
30341.267,0,0
29944.663,0,0
29402.045,0,0
29030.26,0,0
28829.22,0,0
28628.18,0,0
28427.139,0,0
28632.728,0,0
29136.347,0,0
29630.998,0,0
30026.62,0,0
30017.332,0,0
29816.999,0,0
29616.667,0,0
29516.334,0,0
29379.835,0,0
29507.233,0,0
29634.719,0,0
29662.291,0,0
29714.484,0,0
29674.693,0,0
29634.954,0,0
29595.266,0,0
29195.265,0,0
28634.879,0,0
27974.453,0,0
27313.985,0,0
26909.188,0,0
26677.007,0,0
26444.798,0,0
26312.562,0,0
26160.543,0,0
25988.845,0,0
25723.536,0,0
25550.407,0,0
25353.713,0,0
25133.423,0,0
24913.116,0,0
24772.204,0,0
24612.955,0,0
24573.661,0,0
24534.418,0,0
24395.227,0,0
24395.225,0,0
24334.333,0,0
24273.389,0,0
24212.392,0,0
24128.929,0,0
23940.73,1,1
23808.586,1,1
23402.641,1,1
22780.968,1,1
21658.684,1,1
20368.459,1,1
18219.435,1,1
17402.093,1,1
17815.012,1,1
18164.67,1,1
18450.531,1,1
19806.679,1,1
21176.352,1,1
22291.252,1,1
23259.454,1,1
23655.712,1,1
23603.514,1,1
23679.014,1,1
23683.654,1,1
23475.277,1,1
23057.573,1,1
23289.852,1,1
24172.777,0,0
25171.774,0,0
26093.516,0,0
26325.355,0,0
25573.249,0,0
24194.076,0,0
22793.239,1,1
23658.816,1,1
27104.936,0,0
29388.986,0,0
30757.975,0,0
31090.943,0,0
30503.249,0,0
30349.611,0,0
30529.745,0,0
30385.251,0,0
29886.913,0,0
29415.398,0,0
28951.515,0,0
29071.928,0,0
29703.325,0,0
30493.719,0,0
31139.279,0,0
31601.21,0,0
31768.816,0,0
31800.0,0,0
31700.0,0,0
31600.0,0,0
31600.0,0,0
31500.0,0,0
31400.0,0,0
31300.0,0,0
31200.0,0,0
31095.247,0,0
30834.642,0,0
30574.007,0,0
30313.34,0,0
29863.522,0,0
29441.747,0,0
29019.751,0,0
28364.194,0,0
28113.165,0,0
28313.54,0,0
28414.017,0,0
28486.002,0,0
28595.154,0,0
28685.002,0,0
28875.05,0,0
28832.929,0,0
28553.166,0,0
28032.814,0,0
27512.448,0,0
26971.41,0,0
26493.584,0,0
26034.814,0,0
25575.865,0,0
25209.287,0,0
25129.551,0,0
25314.753,0,0
25518.679,0,0
25420.488,0,0
25220.457,0,0
24818.468,0,0
24213.615,0,0
23526.635,0,0
23153.283,0,0
23253.965,0,0
23344.056,0,0
23308.569,0,0
23275.624,0,0
23201.254,0,0
22997.878,0,0
22794.362,0,0
23020.617,0,0
23557.235,0,0
23950.086,0,0
24443.192,0,0
24471.271,0,0
24314.475,0,0
24049.859,0,0
23781.275,0,0
23263.232,0,0
22365.777,0,0
21919.786,0,0
21734.451,0,0
21809.66,0,0
21805.234,0,0
21737.477,0,0
19549.368,1,1
14915.294,1,1
10231.024,1,1
8721.472,1,1
11278.186,1,1
14092.142,1,1
17146.478,1,1
18605.272,1,1
18116.306,1,1
18172.629,1,1
18738.916,1,1
18057.681,1,1
16137.273,1,1
14365.641,1,1
12607.234,1,1
12720.191,1,1
14653.319,1,1
15542.503,1,1
15445.364,1,1
16209.744,1,1
17715.181,1,1
19155.898,1,1
20479.971,0,0
20468.793,0,0
19614.364,0,0
19136.81,1,1
19172.097,1,1
20683.123,0,0
22945.612,0,0
24496.376,0,0
25404.043,0,0
26604.256,0,0
27881.525,0,0
28471.321,0,0
28740.167,0,0
29046.03,0,0
29242.748,0,0
29389.182,0,0
29585.407,0,0
29781.934,0,0
29868.308,0,0
29767.732,0,0
29179.768,0,0
28681.04,0,0
28182.008,0,0
27732.293,0,0
27531.944,0,0
27321.948,0,0
27048.007,0,0
27082.62,0,0
27326.094,0,0
27523.98,0,0
27722.274,0,0
27721.22,0,0
27620.514,0,0
27519.807,0,0
27519.099,0,0
27218.39,0,0
26717.681,0,0
26316.97,0,0
25816.259,0,0
25414.971,0,0
24812.796,0,0
24310.207,0,0
23760.853,0,0
23353.333,0,0
23189.204,0,0
23125.216,0,0
22952.413,0,0
22802.207,0,0
22702.615,0,0
22703.196,0,0
22603.949,0,0
22603.926,0,0
22702.997,0,0
22702.066,0,0
22801.135,0,0
22699.117,0,0
22395.855,0,0
22192.383,0,0
21888.699,0,0
21835.567,1,0
22004.909,0,0
22065.119,0,0
22125.208,0,0
22247.838,0,0
22411.534,0,0
22501.51,0,0
22577.235,0,0
21874.224,0,0
19864.082,1,1
19070.025,1,1
19890.459,1,1
20490.79,1,1
20845.839,1,1
20433.154,1,1
19226.714,1,1
17825.046,1,1
16261.579,1,1
15790.311,1,1
16542.564,1,1
16719.519,1,1
16372.139,1,1
16760.619,1,1
18112.11,1,1
19682.18,1,1
21553.111,1,1
21886.018,0,1
20660.065,1,1
19186.298,1,1
17517.895,1,1
17813.12,1,1
19801.0,1,1
21577.086,1,1
23016.989,0,0
23731.52,0,0
23544.611,0,0
23487.586,0,0
23459.501,0,0
23908.918,0,0
24978.057,0,0
25960.539,0,0
27170.42,0,0
27822.125,0,0
28132.563,0,0
28510.593,0,0
28828.226,0,0
29839.687,0,0
31119.487,0,0
31600.0,0,0
31500.0,0,0
31400.0,0,0
31388.625,0,0
31288.618,0,0
31200.0,0,0
31100.0,0,0
31000.0,0,0
30900.0,0,0
30600.0,0,0
30400.0,0,0
30100.0,0,0
30000.0,0,0
29900.0,0,0
29900.0,0,0
29800.0,0,0
29800.0,0,0
29700.0,0,0
29700.0,0,0
29600.0,0,0
29500.0,0,0
29400.0,0,0
29254.778,0,0
28994.023,0,0
28670.328,0,0
28083.762,0,0
27497.211,0,0
27010.677,0,0
26624.159,0,0
26537.657,0,0
26451.172,0,0
26364.702,0,0
26191.818,0,0
25900.0,0,0
25700.0,0,0
25400.0,0,0
25200.0,0,0
25100.0,0,0
24900.0,0,0
24800.0,0,0
24700.0,0,0
24600.0,0,0
24600.0,0,0
24500.0,0,0
24500.0,0,0
24500.0,0,0
24500.0,0,0
24500.0,0,0
24700.0,0,0
24843.712,0,0
24933.861,0,0
24856.9,0,0
24495.527,0,0
24167.017,0,0
23816.333,0,0
23447.47,0,0
22785.684,0,0
21459.266,0,0
20377.395,0,0
19416.106,0,0
18456.765,0,0
17324.654,1,1
16293.858,1,1
15227.795,1,1
14125.665,1,1
12913.216,1,1
12232.774,1,1
12384.434,1,1
12733.876,1,1
13063.428,1,1
13184.653,1,1
13069.909,1,1
13349.596,1,1
13842.522,1,1
14893.551,1,1
16555.147,1,1
17956.422,0,0
18882.732,0,0
18790.989,0,0
17644.774,0,0
16220.024,1,1
14639.501,1,1
14570.703,1,1
15867.417,1,1
17271.104,1,1
18575.337,0,0
18124.394,0,0
16502.528,1,1
15341.62,1,1
14764.874,1,1
16710.795,1,1
20111.767,0,0
22953.026,0,0
25356.145,0,0
27279.485,0,0
29068.499,0,0
30175.041,0,0
30718.102,0,0
30954.517,0,0
31068.447,0,0
31000.0,0,0
30800.0,0,0
30591.904,0,0
30478.469,0,0
30278.46,0,0
30091.895,0,0
30000.0,0,0
29800.0,0,0
29700.0,0,0
29564.959,0,0
29424.542,0,0
29184.09,0,0
29177.301,0,0
29104.218,0,0
29131.158,0,0
29058.121,0,0
28964.855,0,0
28951.337,0,0
28837.81,0,0
28724.273,0,0
28458.045,0,0
28100.0,0,0
27600.0,0,0
27200.0,0,0
26900.0,0,0
26700.0,0,0
26600.0,0,0
26400.0,0,0
26200.0,0,0
25900.0,0,0
25600.0,0,0
25300.0,0,0
25000.0,0,0
24800.0,0,0
24600.0,0,0
24500.0,0,0
24400.0,0,0
24300.0,0,0
24300.0,0,0
24200.0,0,0
24300.0,0,0
24500.0,0,0
24600.0,0,0
24800.0,0,0
25100.0,0,0
25500.0,0,0
25900.0,0,0
26400.0,0,0
26320.006,0,0
25456.852,0,0
24708.243,0,0
24474.823,0,0
24273.493,0,0
23931.908,0,0
23153.355,0,0
22011.95,0,0
20871.207,0,0
19876.244,0,0
19027.49,0,0
18270.315,1,1
17647.303,1,1
17080.772,1,1
16455.432,1,1
15533.565,1,1
14057.73,1,1
12108.069,1,1
12108.955,1,1
14189.254,1,1
15916.835,1,1
17442.85,1,1
18015.884,1,1
17813.793,1,1
18117.583,1,1
18910.001,1,1
18519.808,1,1
16999.274,1,1
15508.05,1,1
14093.443,1,1
14270.74,1,1
15671.871,1,1
16566.477,1,1
16885.316,1,1
18003.969,1,1
19579.267,0,0
21218.804,0,0
22782.849,0,0
23697.877,0,0
24313.431,0,0
25036.118,0,0
25755.25,0,0
27400.892,0,0
29202.07,0,0
30000.0,0,0
30400.0,0,0
30792.022,0,0
31178.781,0,0
31248.973,0,0
31102.571,0,0
31056.123,0,0
30909.627,0,0
30612.708,0,0
30480.891,0,0
30349.042,0,0
30117.161,0,0
29969.388,0,0
29805.698,0,0
29541.944,0,0
29378.125,0,0
29166.565,0,0
28807.192,0,0
28447.657,0,0
28053.938,0,0
27580.226,0,0
27081.397,0,0
26582.263,0,0
26182.824,0,0
25831.839,0,0
25529.688,0,0
25327.739,0,0
25125.993,0,0
24999.229,0,0
25247.564,0,0
25305.217,0,0
25328.904,0,0
25192.567,0,0
24795.949,0,0
24299.216,0,0
23902.366,0,0
23553.629,0,0
23353.091,0,0
23252.553,0,0
23052.014,0,0
22887.1,0,0
22714.293,0,0
22512.71,0,0
22310.919,0,0
22032.932,0,0
21678.478,0,0
21138.473,0,0
20579.503,0,0
19441.086,0,0
17245.05,0,0
14320.159,1,1
10981.226,1,1
7517.303,1,1
4463.023,1,1
1195.231,1,1
0.0,1,1
0.0,1,1
0.0,1,1
0.0,1,1
0.0,1,1
0.0,1,1
0.0,1,1
2637.071,1,1
6803.749,1,1
10376.632,1,1
13242.084,1,1
15091.296,1,1
15756.173,0,1
15753.57,1,1
15330.112,1,1
15338.078,1,1
15481.229,1,1
15824.629,0,0
16336.67,0,0
16429.664,0,0
16101.61,0,0
15242.128,1,1
13930.825,1,1
14704.347,1,1
17558.65,0,0
19358.322,0,0
20446.746,0,0
20968.454,0,0
21180.518,0,0
21581.308,0,0
22032.092,0,0
22397.323,0,0
22556.658,0,0
22965.632,0,0
23362.147,0,0
24701.743,0,0
26606.413,0,0
28435.774,0,0
29500.0,0,0
29800.0,0,0
30100.0,0,0
30500.0,0,0
30900.0,0,0
31300.0,0,0
31700.0,0,0
31900.0,0,0
31700.0,0,0
31600.0,0,0
31500.0,0,0
31271.924,0,0
31071.915,0,0
30971.905,0,0
30771.896,0,0
30665.2,0,0
30551.811,0,0
30438.41,0,0
30324.998,0,0
30135.012,0,0
29968.48,0,0
29700.0,0,0
29400.0,0,0
29200.0,0,0
29100.0,0,0
29000.0,0,0
28800.0,0,0
28500.0,0,0
27821.38,0,0
27234.013,0,0
26348.683,0,0
25631.597,0,0
24944.164,0,0
24193.475,0,0
23342.176,0,0
22696.775,0,0
22495.978,0,0
22295.181,0,0
21994.383,0,0
21245.52,0,0
19913.792,0,0
17829.029,0,0
15509.289,0,0
13761.762,0,0
13139.487,0,0
12616.944,0,0
11994.131,0,0
11037.746,0,0
9472.99,0,0
7892.542,0,0
6211.229,0,0
6306.591,0,0
8179.927,0,0
10054.125,0,0
11814.155,0,0
12259.78,0,0
11765.153,0,0
11046.04,0,0
10297.095,0,0
8752.667,0,0
6284.629,0,0
4110.747,0,0
2266.215,0,0
1022.45,0,0
277.707,0,0
0.0,1,1
0.0,1,1
0.0,1,1
0.0,1,1
0.0,1,1
0.0,1,1
0.0,1,1
0.0,1,1
0.0,1,1
0.0,1,1
0.0,1,1
0.0,1,1
0.0,1,1
302.971,0,1
0.0,1,1
0.0,1,1
0.0,1,1
0.0,1,1
0.0,1,1
0.0,1,1
0.0,1,1
0.0,1,1
0.0,1,1
0.0,1,1
0.0,1,1
0.0,0,0
0.0,0,0
1653.182,0,0
5793.303,0,0
10308.217,0,0
11933.955,0,0
10741.928,0,0
9684.553,0,0
8736.57,0,0
10089.471,0,0
13958.202,0,0
17829.573,0,0
21164.021,0,0
22434.254,0,0
21887.191,0,0
21340.068,0,0
20792.886,0,0
20418.39,0,0
20216.626,0,0
20014.861,0,0
19713.095,0,0
19958.384,0,0
20550.816,0,0
21243.366,0,0
21774.789,0,0
21487.471,0,0
20259.745,0,0
19044.109,0,0
17728.056,0,0
17626.538,0,0
18640.027,0,0
19753.724,0,0
20680.059,0,0
20565.476,0,0
19631.228,0,0
18435.306,0,0
17339.145,0,0
16862.888,1,1
17106.891,1,1
17351.131,1,1
17595.609,1,1
18260.939,1,1
19079.192,1,1
19898.41,1,1
20718.593,1,1
20958.639,1,1
20895.176,1,1
20831.808,1,1
20868.534,1,1
21047.23,1,1
21568.146,0,0
22015.515,0,0
22270.13,0,0
22547.793,0,0
22748.334,0,0
23048.963,0,0
23249.679,0,0
22994.118,0,0
22381.793,0,0
21398.602,1,1
20452.324,1,1
20039.357,1,1
20844.609,1,1
21438.048,1,1
22026.561,0,1
21409.388,1,1
19705.807,1,1
18699.569,1,1
18225.917,1,1
19173.178,1,1
20634.898,1,1
22234.594,0,0
23931.821,0,0
25365.731,0,0
26564.008,0,0
26748.569,0,0
25910.456,0,0
24935.554,0,0
23600.297,0,0
23442.642,0,0
24493.398,0,0
24774.547,0,0
24574.7,0,0
25681.016,0,0
28304.252,0,0
30991.845,0,0
32483.247,0,0
32362.183,0,0
31302.909,0,0
29913.334,0,0
29020.76,0,0
28796.687,0,0
28884.67,0,0
28773.846,0,0
28485.357,0,0
28641.52,0,0
29140.386,0,0
29782.421,0,0
30367.534,0,0
30828.383,0,0
31136.631,0,0
31690.209,0,0
32048.051,0,0
31960.006,0,0
31898.789,0,0
31758.161,0,0
31887.453,0,0
31822.45,0,0
31849.55,0,0
31763.095,0,0
31663.083,0,0
31463.071,0,0
31363.059,0,0
31207.107,0,0
31095.215,0,0
30800.0,0,0
30600.0,0,0
30400.0,0,0
30300.0,0,0
30300.0,0,0
30200.0,0,0
30100.0,0,0
30000.0,0,0
29900.0,0,0
29800.0,0,0
29700.0,0,0
29500.0,0,0
29400.0,0,0
29300.0,0,0
29000.0,0,0
28400.0,0,0
27900.0,0,0
27300.0,0,0
27000.0,0,0
27000.0,0,0
26900.0,0,0
26900.0,0,0
26700.0,0,0
26400.0,0,0
26000.0,0,0
25700.0,0,0
25400.0,0,0
25300.0,0,0
25100.0,0,0
25000.0,0,0
24900.0,0,0
24900.0,0,0
24713.874,0,0
24625.77,0,0
24598.667,0,0
24632.555,0,0
24766.442,0,0
24800.33,0,0
24900.334,0,0
25066.459,0,0
25232.591,0,0
25398.728,0,0
25455.793,0,0
25413.646,0,0
25368.087,0,0
25420.684,0,0
25307.938,0,0
25228.841,0,0
25234.813,0,0
25327.399,0,0
25550.086,0,0
25801.886,0,0
26311.18,0,0
27176.921,0,0
27620.239,0,0
27585.871,0,0
26976.853,0,0
25768.802,0,0
25095.753,0,0
25064.32,0,0
25202.363,0,0
25511.759,0,0
25699.134,0,0
25601.861,0,0
25705.975,0,0
26114.506,0,0
26193.788,0,0
25837.552,0,0
24852.332,0,0
22899.952,0,0
20206.826,1,1
16575.603,1,1
13441.663,1,1
11145.077,1,1
9992.501,1,1
9832.912,1,1
9096.198,1,1
7991.375,1,1
7321.237,1,1
7187.744,1,1
7267.567,1,1
7758.557,1,1
9274.016,1,1
11914.832,1,1
14601.456,1,1
17226.875,1,1
18534.164,1,1
18531.803,1,1
18429.442,1,1
18427.079,1,1
19740.051,1,1
22409.524,1,1
24523.894,0,0
26408.661,0,0
26766.619,0,0
25697.144,0,0
24627.52,0,0
23457.746,0,0
23791.465,0,0
25429.237,0,0
26591.045,0,0
27452.286,0,0
27805.416,0,0
27704.97,0,0
27504.524,0,0
27404.078,0,0
27253.324,0,0
26924.261,0,0
26686.2,0,0
26348.091,0,0
25566.007,0,0
24239.879,0,0
22545.392,1,1
20551.235,1,1
19748.467,0,0
20038.167,0,0
20429.051,0,0
20721.122,0,0
20764.071,0,0
20556.992,0,0
20349.896,0,0
20142.782,0,0
20564.485,0,0
21258.069,0,0
21749.926,0,0
22243.473,0,0
22139.856,0,0
21336.512,0,0
20531.443,0,0
19619.481,0,0
19894.001,0,0
21048.157,0,0
22141.917,0,0
22963.715,0,0
23771.445,0,0
24401.129,0,0
25031.879,0,0
25369.66,0,0
25508.866,0,0
25380.249,0,0
25244.961,0,0
25093.795,0,0
24260.299,0,0
22377.694,0,0
20228.933,0,0
17965.274,1,1
17596.432,1,1
19565.145,1,1
19831.95,0,1
17915.932,1,1
16107.028,1,1
14508.904,1,1
13710.443,1,1
13601.869,1,1
13357.112,1,1
12854.913,1,1
12723.805,1,1
13190.229,1,1
13561.453,1,1
13832.845,1,1
14304.191,1,1
14773.481,1,1
15216.637,1,1
15531.125,1,1
15754.496,1,1
16073.527,1,1
16076.351,1,1
15860.428,1,1
16569.521,1,1
18283.192,1,1
19601.382,0,0
20746.019,0,0
21764.17,0,0
22722.317,0,0
23812.581,0,0
24981.294,0,0
26031.804,0,0
27005.017,0,0
27708.997,0,0
28480.591,0,0
29982.611,0,0
31652.528,0,0
32119.187,0,0
31680.383,0,0
31059.533,0,0
30431.141,0,0
29900.922,0,0
29497.491,0,0
29193.779,0,0
28789.785,0,0
28815.903,0,0
29373.026,0,0
29756.742,0,0
29979.135,0,0
30106.678,0,0
30038.967,0,0
29871.307,0,0
29803.698,0,0
29768.823,0,0
29810.128,0,0
29730.569,0,0
29751.039,0,0
29650.935,0,0
29430.214,0,0
29309.464,0,0
29067.69,0,0
28618.245,0,0
28018.047,0,0
27417.849,0,0
26817.651,0,0
26494.867,0,0
26429.304,0,0
26363.778,0,0
26298.288,0,0
26084.389,0,0
25821.997,0,0
25433.879,0,0
24935.962,0,0
24768.677,0,0
24932.589,0,0
24956.208,0,0
24832.561,0,0
24756.855,0,0
24729.003,0,0
24601.116,0,0
24473.194,0,0
24420.853,0,0
24165.026,0,0
23698.675,0,0
23331.934,0,0
23269.715,0,0
23647.204,0,0
24079.934,0,0
24412.83,0,0
24622.808,0,0
24634.219,0,0
24418.08,0,0
23914.55,0,0
22170.282,0,0
18271.375,1,1
16365.746,1,1
17567.117,1,1
19012.677,0,0
20462.93,0,0
20931.538,0,0
20111.128,0,0
19564.455,0,0
19296.279,0,0
18655.239,1,1
17412.514,1,1
15995.527,1,1
14445.81,1,1
13984.965,1,1
14790.117,1,1
15290.548,1,1
15595.759,1,1
15574.322,1,1
15046.218,1,1
14590.899,1,1
14325.331,1,1
14458.272,1,1
14980.356,1,1
15247.97,1,1
15180.789,1,1
15608.955,1,1
16460.323,1,1
17008.955,1,1
17229.99,1,1
18773.395,1,1
21383.092,0,0
23689.21,0,0
25650.759,0,0
26867.067,0,0
27802.921,0,0
28718.917,0,0
29443.742,0,0
30301.951,0,0
31050.112,0,0
31362.401,0,0
31262.33,0,0
31262.258,0,0
31162.187,0,0
31048.474,0,0
30921.101,0,0
30785.746,0,0
30555.266,0,0
30610.615,0,0
30426.787,0,0
30300.0,0,0
30100.0,0,0
29900.0,0,0
29800.0,0,0
29700.0,0,0
29700.0,0,0
29578.001,0,0
29491.721,0,0
29400.0,0,0
29300.0,0,0
29200.0,0,0
29100.0,0,0
29100.0,0,0
29000.0,0,0
28700.0,0,0
28200.0,0,0
27700.0,0,0
27100.0,0,0
26800.0,0,0
26600.0,0,0
26400.0,0,0
26300.0,0,0
26100.0,0,0
25800.0,0,0
25500.0,0,0
25200.0,0,0
24900.0,0,0
24600.0,0,0
24300.0,0,0
24000.0,0,0
23900.0,0,0
24000.0,0,0
24100.0,0,0
24200.0,0,0
24281.23,0,0
24400.0,0,0
24600.0,0,0
24700.0,0,0
25000.0,0,0
25400.0,0,0
25767.295,0,0
26232.528,0,0
26278.098,0,0
26090.08,0,0
25539.462,0,0
24954.865,0,0
23661.895,0,0
21194.045,0,0
20106.163,1,0
20872.682,0,0
21231.464,0,0
20952.87,0,0
20806.848,0,0
20746.043,1,0
20967.868,0,0
21362.696,0,0
21286.488,0,0
19667.998,1,1
17049.867,1,1
14832.257,1,1
14273.162,1,1
15474.019,1,1
16457.205,1,1
17051.984,1,1
17108.048,1,1
16602.896,1,1
15959.949,1,1
15100.425,1,1
15219.898,1,1
16096.819,1,1
16822.813,1,1
17081.666,1,1
17066.743,1,1
16732.204,1,1
16497.013,1,1
16398.02,1,1
17199.352,1,1
18701.803,1,1
19966.298,1,1
21057.664,0,0
22451.779,0,0
24026.233,0,0
25318.137,0,0
26598.404,0,0
28030.622,0,0
29485.575,0,0
30200.0,0,0
30500.0,0,0
30800.0,0,0
31100.0,0,0
31300.0,0,0
31300.0,0,0
31200.0,0,0
31200.0,0,0
31200.0,0,0
31000.0,0,0
30900.0,0,0
30700.0,0,0
30600.0,0,0
30500.0,0,0
30300.0,0,0
30200.0,0,0
30000.0,0,0
29800.0,0,0
29500.0,0,0
29300.0,0,0
29000.0,0,0
28900.0,0,0
28700.0,0,0
28500.0,0,0
28200.0,0,0
27700.0,0,0
27300.0,0,0
26800.0,0,0
26500.0,0,0
26400.0,0,0
26200.0,0,0
26100.0,0,0
25800.0,0,0
25500.0,0,0
25200.0,0,0
24888.177,0,0
24663.892,0,0
24449.976,0,0
24136.035,0,0
23922.07,0,0
23860.285,0,0
23900.0,0,0
23900.0,0,0
23900.0,0,0
23900.0,0,0
24100.0,0,0
24200.0,0,0
24400.0,0,0
24600.0,0,0
25100.0,0,0
25500.0,0,0
25900.0,0,0
25963.769,0,0
25444.332,0,0
24627.196,0,0
23519.198,0,0
22570.577,0,0
21978.983,0,0
20888.0,0,0
18560.671,0,0
16044.83,0,0
13364.63,1,1
11651.22,1,1
11122.337,1,1
10248.759,1,1
8947.221,1,1
8358.54,1,1
8607.848,1,1
8769.039,1,1
8901.751,1,1
8913.794,1,1
8791.841,1,1
8532.654,1,1
8129.147,1,1
8724.212,1,1
10327.147,1,1
12031.409,1,1
13816.196,1,1
14268.012,0,1
13398.178,1,1
12707.361,1,1
11893.708,1,1
11950.556,1,1
12659.773,1,1
13002.269,1,1
13243.642,1,1
14495.752,0,0
16517.404,0,0
18382.085,0,0
20120.977,0,0
21821.195,0,0
23597.954,0,0
25090.514,0,0
26366.494,0,0
27973.074,0,0
29729.332,0,0
30500.0,0,0
30900.0,0,0
31200.0,0,0
31600.0,0,0
31700.0,0,0
31600.0,0,0
31500.0,0,0
31400.0,0,0
31300.0,0,0
31100.0,0,0
30900.0,0,0
30688.258,0,0
30500.0,0,0
30400.0,0,0
30200.0,0,0
30100.0,0,0
29900.0,0,0
29700.0,0,0
29500.0,0,0
29300.0,0,0
29100.0,0,0
28900.0,0,0
28700.0,0,0
28500.0,0,0
28200.0,0,0
27700.0,0,0
27300.0,0,0
26900.0,0,0
26600.0,0,0
26400.0,0,0
26300.0,0,0
26200.0,0,0
26000.0,0,0
25700.0,0,0
25400.0,0,0
25200.0,0,0
24900.0,0,0
24700.0,0,0
24500.0,0,0
24300.0,0,0
24200.0,0,0
24100.0,0,0
24100.0,0,0
24000.0,0,0
24000.0,0,0
24000.0,0,0
24000.0,0,0
24100.0,0,0
24200.0,0,0
24400.0,0,0
24700.0,0,0
24900.0,0,0
24904.819,0,0
24516.338,0,0
23921.279,0,0
23128.02,0,0
22288.001,0,0
21671.73,0,0
20800.594,0,0
19583.118,0,0
18218.314,0,0
17025.685,1,1
16050.694,1,1
15411.915,1,1
14453.692,1,1
13156.313,1,1
12073.64,1,1
11248.898,1,1
10152.43,1,1
8886.76,1,1
8520.216,1,1
9209.871,1,1
9822.983,1,1
10234.125,1,1
10768.337,1,1
11251.797,1,1
11716.644,1,1
12057.026,1,1
12739.494,1,1
13747.545,1,1
14614.208,1,1
15321.106,1,1
15974.808,1,1
16463.116,1,1
16930.909,1,1
17494.16,0,0
18589.514,0,0
19879.07,0,0
20751.324,0,0
21303.773,0,0
23113.192,0,0
25965.489,0,0
28533.272,0,0
29964.61,0,0
30453.01,0,0
31200.268,0,0
31500.0,0,0
31400.0,0,0
31400.0,0,0
31400.0,0,0
31300.0,0,0
31100.0,0,0
30900.0,0,0
30800.0,0,0
30600.0,0,0
30400.0,0,0
30200.0,0,0
30000.0,0,0
29900.0,0,0
29700.0,0,0
29600.0,0,0
29400.0,0,0
29300.0,0,0
29300.0,0,0
29200.0,0,0
29100.0,0,0
28995.222,0,0
28834.288,0,0
28573.302,0,0
28412.263,0,0
28098.632,0,0
27632.468,0,0
27266.327,0,0
26800.209,0,0
26540.903,0,0
26488.415,0,0
26400.0,0,0
26200.0,0,0
26100.0,0,0
25900.0,0,0
25788.393,0,0
25540.742,0,0
25272.627,0,0
24937.567,0,0
24314.872,0,0
23691.884,0,0
23299.826,0,0
23199.341,0,0
23098.855,0,0
22998.368,0,0
22694.746,0,0
22387.775,0,0
21980.521,0,0
21626.067,1,1
21447.005,1,1
21645.909,1,1
21844.811,1,1
22043.713,0,0
22303.663,0,0
22502.363,0,0
22545.299,0,0
22909.683,0,0
22984.01,0,0
22850.369,0,0
22783.157,0,0
22727.482,0,0
23253.256,0,0
24060.224,0,0
24743.249,0,0
25062.807,0,0
25451.959,0,0
26019.531,0,0
25933.443,0,0
25131.358,0,0
24110.24,0,0
22679.013,0,0
21898.67,1,1
21775.705,1,1
21141.638,1,1
20098.943,1,1
20415.394,1,1
22052.057,0,0
23341.078,0,0
24169.138,0,0
24462.033,0,0
24259.306,0,0
24009.042,0,0
23525.741,0,0
23800.545,0,0
24740.299,0,0
26091.989,0,0
27083.701,0,0
27411.283,0,0
25555.965,0,0
22740.278,0,0
21019.997,1,0
22140.388,0,0
25293.545,0,0
27519.822,0,0
29105.713,0,0
30393.015,0,0
31274.341,0,0
31644.92,0,0
31491.167,0,0
31437.359,0,0
31224.963,0,0
30819.983,0,0
30266.533,0,0
29642.482,0,0
28890.671,0,0
28288.316,0,0
27561.535,0,0
26742.315,0,0
25922.351,0,0
24705.026,0,0
22613.89,0,0
20289.735,1,1
17506.028,1,1
16183.298,1,1
16423.965,1,1
16664.984,1,1
16906.356,1,1
17583.384,1,1
18696.745,1,1
19811.362,1,1
20839.233,1,1
20534.949,1,1
18796.75,1,1
16969.225,1,1
15240.426,1,1
13872.617,1,1
13066.205,1,1
12155.946,1,1
11101.888,1,1
12158.036,1,1
14627.775,1,1
17052.304,1,1
18793.879,1,1
19848.136,1,1
20274.618,0,0
20483.206,0,0
20629.24,0,0
20914.907,0,0
21440.508,0,0
21892.202,0,0
22250.539,0,0
22530.567,0,0
22631.943,0,0
22733.427,0,0
22935.017,0,0
23136.654,0,0
23438.351,0,0
23729.359,0,0
23994.492,0,0
23984.461,0,0
23402.567,0,0
22706.624,0,0
21813.158,0,0
20989.327,0,0
20181.945,0,0
19372.496,1,1
18339.152,1,1
17104.282,1,1
15651.427,1,1
15105.245,1,1
15553.53,1,1
15936.483,1,1
16171.349,1,1
16663.242,1,1
17394.753,1,1
18195.203,1,1
19178.785,1,1
19568.747,1,1
19499.55,1,1
19621.93,1,1
20010.1,0,0
20295.472,0,0
20598.629,0,0
20588.697,0,0
20372.729,0,0
20665.217,0,0
21642.855,0,0
22100.725,0,0
22125.105,0,0
22099.522,0,0
22376.297,0,0
22836.043,0,0
23368.766,0,0
24004.194,0,0
24759.138,0,0
25644.524,0,0
26517.982,0,0
27395.115,0,0
28293.16,0,0
29048.517,0,0
29786.758,0,0
30526.2,0,0
31046.62,0,0
31234.77,0,0
31327.41,0,0
31402.787,0,0
31343.167,0,0
31270.094,0,0
31183.532,0,0
30996.99,0,0
30910.469,0,0
30710.396,0,0
30496.736,0,0
30183.053,0,0
29969.347,0,0
29782.856,0,0
29823.646,0,0
29764.5,0,0
29700.0,0,0
29600.0,0,0
29500.0,0,0
29391.749,0,0
29278.046,0,0
29281.453,0,0
29100.0,0,0
29000.0,0,0
28900.0,0,0
28600.0,0,0
28000.0,0,0
27400.0,0,0
26800.0,0,0
26400.0,0,0
26300.0,0,0
26100.0,0,0
26000.0,0,0
25798.571,0,0
25598.57,0,0
25498.568,0,0
25298.567,0,0
25100.0,0,0
24900.0,0,0
24700.0,0,0
24500.0,0,0
24400.0,0,0
24263.549,0,0
24221.449,0,0
24179.25,0,0
24158.032,0,0
24157.867,0,0
24157.702,0,0
24157.536,0,0
24232.664,0,0
24361.439,0,0
24224.874,0,0
24187.756,0,0
23840.883,0,0
23090.096,0,0
22221.27,0,0
21071.962,1,1
20052.542,1,1
19052.75,1,1
18642.493,1,1
18847.44,1,1
18725.565,1,1
18440.25,1,1
18862.422,1,1
20015.784,1,1
20996.541,1,1
21572.756,1,1
21473.775,1,1
21164.617,1,1
21215.173,1,1
21826.407,0,0
22031.026,0,0
21924.523,0,0
21388.502,1,1
20424.934,1,1
20063.401,1,1
20205.677,1,1
20231.807,1,1
20011.019,1,1
19749.759,1,1
19458.825,1,1
19733.29,1,1
20028.744,1,1
21636.501,0,0
24569.476,0,0
26978.068,0,0
28933.505,0,0
29688.214,0,0
29390.282,0,0
28945.429,0,0
28456.279,0,0
28408.817,0,0
28801.071,0,0
28824.964,0,0
28446.21,0,0
27623.208,0,0
26653.365,0,0
26285.73,0,0
27286.432,0,0
28037.384,0,0
28722.345,0,0
28985.369,0,0
28988.569,0,0
28891.843,0,0
28895.189,0,0
28746.643,0,0
28546.148,0,0
28345.653,0,0
28245.158,0,0
27731.951,0,0
26995.848,0,0
26039.546,0,0
25182.633,0,0
24617.426,0,0
24415.648,0,0
24313.869,0,0
24212.088,0,0
24574.766,0,0
25330.88,0,0
26087.453,0,0
26624.103,0,0
26589.59,0,0
26093.599,0,0
25597.683,0,0
25201.841,0,0
24670.488,0,0
24303.471,0,0
23836.322,0,0
23469.042,0,0
23321.09,0,0
23592.629,0,0
23764.252,0,0
23935.96,0,0
23971.569,0,0
23905.951,0,0
23840.381,0,0
23774.86,0,0
23674.776,0,0
23540.075,0,0
23305.349,0,0
23170.6,0,0
23069.446,0,0
23001.887,0,0
23007.719,0,0
22902.444,0,0
22503.239,0,0
21709.72,1,1
20588.597,1,1
19328.152,1,1
17363.385,1,1
15376.269,1,1
12880.38,1,1
10315.535,1,1
9031.326,1,1
9675.348,1,1
10035.291,1,1
10302.387,1,1
7497.057,1,1
840.881,1,1
0.0,1,1
0.0,1,1
4052.458,1,1
11085.88,1,1
15441.207,1,1
17730.709,1,1
17462.936,1,1
16667.193,1,1
17030.588,1,1
18790.001,1,1
20425.908,1,1
21731.914,0,0
22705.491,0,0
23240.362,0,0
23808.164,0,0
24533.11,0,0
25166.176,0,0
26033.851,0,0
26102.801,0,0
25565.077,0,0
25878.037,0,0
27219.204,0,0
28576.7,0,0
29853.661,0,0
30299.412,0,0
29753.612,0,0
29614.884,0,0
29688.985,0,0
29789.521,0,0
29913.273,0,0
30098.068,0,0
30244.263,0,0
30504.831,0,0
30974.05,0,0
31100.0,0,0
31000.0,0,0
30900.0,0,0
30700.0,0,0
30600.0,0,0
30500.0,0,0
30400.0,0,0
30200.0,0,0
30100.0,0,0
29900.0,0,0
29700.0,0,0
29500.0,0,0
29400.0,0,0
29300.0,0,0
29200.0,0,0
29200.0,0,0
29000.0,0,0
28900.0,0,0
28700.0,0,0
28600.0,0,0
28500.0,0,0
28500.0,0,0
28500.0,0,0
28600.0,0,0
28300.0,0,0
27800.0,0,0
27263.575,0,0
26693.58,0,0
26258.544,0,0
26058.493,0,0
25858.443,0,0
25658.393,0,0
25333.805,0,0
25063.258,0,0
24528.879,0,0
23994.333,0,0
23592.675,0,0
22931.9,0,0
22256.845,0,0
21581.482,0,0
21532.935,0,0
22211.801,0,0
22789.502,0,0
23125.433,0,0
23443.44,0,0
23543.291,0,0
23643.141,0,0
23742.992,0,0
24127.697,0,0
24732.911,0,0
25110.411,0,0
25587.967,0,0
25800.0,0,0
25551.22,0,0
25507.819,0,0
25361.409,0,0
24377.657,0,0
22423.97,0,0
21895.064,0,0
23182.026,0,0
24379.168,0,0
25297.774,0,0
24931.138,0,0
23224.438,0,0
21647.751,0,0
20258.433,0,0
19187.213,0,0
18458.597,0,0
16036.862,1,1
11821.962,1,1
11335.698,1,1
14756.413,1,1
18397.347,1,1
20668.001,0,0
21263.005,0,0
21251.932,0,0
20012.914,0,0
18064.719,1,1
18358.906,1,1
21168.451,0,0
22863.812,0,0
23492.472,0,0
23138.831,0,0
21711.121,0,0
20472.132,0,0
19597.042,0,0
19065.104,0,0
18776.776,0,0
18025.795,1,1
16719.348,1,1
15028.306,1,1
13621.689,1,1
12572.39,1,1
11568.997,1,1
10653.76,1,1
9829.587,1,1
11831.795,1,1
16693.039,1,1
20896.921,0,0
24081.978,0,0
25856.429,0,0
26136.163,0,0
26316.142,0,0
26596.369,0,0
26283.0,0,0
25475.383,0,0
24118.119,0,0
22637.934,0,0
21768.202,0,0
21409.635,0,0
20950.885,0,0
20504.748,0,0
20122.491,0,0
19818.429,0,0
19514.362,0,0
19210.292,0,0
18300.757,1,1
16584.686,1,1
14967.18,1,1
13086.568,1,1
13322.329,1,1
15496.547,1,1
17604.32,1,1
19090.481,0,0
19751.628,0,0
19576.326,0,0
19501.181,0,0
19426.191,0,0
19574.001,0,0
20023.087,0,0
20248.775,0,0
20374.919,0,0
20394.33,0,0
20406.837,0,0
20419.572,0,0
20332.535,0,0
20338.175,0,0
20336.317,0,0
20334.457,0,0
20332.594,0,0
20430.863,0,0
20629.262,0,0
20827.661,0,0
20926.057,0,0
20864.709,0,0
20543.034,0,0
20120.579,0,0
19353.531,0,0
18186.46,0,0
16506.135,0,0
13701.164,0,0
10438.922,1,1
8954.951,1,1
9162.288,1,1
9647.477,1,1
10364.317,1,1
11133.194,1,1
11907.107,0,1
11377.127,1,1
9381.031,1,1
7222.071,1,1
4834.425,1,1
4420.211,1,1
6033.148,1,1
7116.858,1,1
7341.2,1,1
6485.582,1,1
4250.39,1,1
3800.728,1,1
5163.947,1,1
6939.215,1,1
8864.038,1,1
9219.067,1,1
8123.751,1,1
8556.447,1,1
10345.326,1,1
12195.333,0,0
13905.81,0,0
15523.191,0,0
17090.697,0,0
19391.402,0,0
20489.407,0,0
21614.178,0,0
22362.943,0,0
22615.72,0,0
22597.063,0,0
23380.114,0,0
24757.092,0,0
25731.369,0,0
26666.883,0,0
27541.666,0,0
28459.116,0,0
29005.439,0,0
29405.353,0,0
29705.268,0,0
30105.182,0,0
30294.723,0,0
30100.638,0,0
29901.472,0,0
29802.201,0,0
29519.345,0,0
29352.928,0,0
29086.441,0,0
28919.884,0,0
28769.164,0,0
28934.444,0,0
28999.871,0,0
29165.443,0,0
29028.248,0,0
28776.846,0,0
28525.495,0,0
28274.195,0,0
28091.598,0,0
27977.656,0,0
27863.701,0,0
27749.734,0,0
27353.199,0,0
26774.122,0,0
26295.067,0,0
25700.0,0,0
25381.075,0,0
25190.111,0,0
24999.065,0,0
24496.101,0,0
23994.694,0,0
23234.452,0,0
22459.851,0,0
21684.636,0,0
21566.008,0,0
22305.186,0,0
22809.427,0,0
23194.605,0,0
23175.419,0,0
23110.559,0,0
23145.731,0,0
23080.935,0,0
23063.303,0,0
22992.755,0,0
23022.132,0,0
22810.086,0,0
22707.664,0,0
22739.904,0,0
22872.071,0,0
23004.165,0,0
22969.18,0,0
22773.638,0,0
22295.438,0,0
21758.868,0,0
20336.822,0,0
17357.434,0,0
13672.14,0,0
9245.958,1,1
8072.246,1,1
11314.076,1,1
12686.054,0,1
11994.861,1,1
11155.318,1,1
10297.125,1,1
8366.214,1,1
5520.021,1,1
3076.576,1,1
1503.809,1,1
1760.792,1,1
4088.879,1,1
7137.144,1,1
10493.053,1,1
12393.893,0,0
12820.729,0,0
12326.314,0,0
11023.927,1,1
10736.503,1,1
11414.664,1,1
11466.179,1,1
10362.007,1,1
8657.022,1,1
6331.987,1,1
5882.113,1,1
7334.558,1,1
9780.036,1,1
12966.631,0,0
16397.981,0,0
19610.798,0,0
22135.712,0,0
23658.25,0,0
24974.373,0,0
25812.808,0,0
26890.06,0,0
27899.926,0,0
28490.624,0,0
28797.207,0,0
28965.598,0,0
29126.781,0,0
29239.195,0,0
29202.728,0,0
29209.68,0,0
29143.945,0,0
28943.863,0,0
28709.381,0,0
28401.947,0,0
28137.5,0,0
27904.382,0,0
27902.799,0,0
28001.32,0,0
27994.975,0,0
27919.036,0,0
27846.577,0,0
27774.147,0,0
27701.746,0,0
27601.694,0,0
27473.948,0,0
27446.172,0,0
27318.366,0,0
27018.27,0,0
26545.927,0,0
26073.614,0,0
25601.33,0,0
25308.231,0,0
25194.286,0,0
25080.329,0,0
24966.359,0,0
24766.294,0,0
24580.154,0,0
24394.028,0,0
24207.917,0,0
23990.432,0,0
23741.529,0,0
23492.582,0,0
23164.235,0,0
22897.358,0,0
22997.203,0,0
22997.137,0,0
22992.121,0,0
22963.669,0,0
22796.486,0,0
22629.154,0,0
22461.674,0,0
22377.314,0,0
22376.052,0,0
22310.738,0,0
22296.722,0,0
22287.877,0,0
22211.556,0,0
21839.467,0,0
21558.221,0,0
21660.982,0,0
22050.55,0,0
21929.838,0,0
21288.011,1,1
20937.428,1,1
20868.76,1,1
20920.755,1,1
21067.344,1,1
20872.978,1,1
20256.803,1,1
19612.969,1,1
17687.822,1,1
15168.73,1,1
12950.529,1,1
12743.715,1,1
14533.544,1,1
16220.842,1,1
17872.661,1,1
19004.595,1,1
19512.294,1,1
20329.082,1,1
21445.285,1,1
21736.581,0,1
21444.177,1,1
20526.896,1,1
19131.784,1,1
19471.912,1,1
21355.4,1,1
22812.755,0,0
24114.152,0,0
24686.819,0,0
24777.353,0,0
25035.795,0,0
25153.562,0,0
25611.332,0,0
26008.089,0,0
26848.271,0,0
28201.907,0,0
29236.095,0,0
30031.365,0,0
30271.918,0,0
30292.421,0,0
30312.94,0,0
30233.472,0,0
30157.447,0,0
29984.869,0,0
29800.0,0,0
29600.0,0,0
29400.0,0,0
29229.898,0,0
28947.421,0,0
28553.202,0,0
28387.492,0,0
28506.017,0,0
28360.999,0,0
28316.011,0,0
28202.219,0,0
28119.559,0,0
27821.029,0,0
27426.391,0,0
27128.781,0,0
26928.405,0,0
26728.029,0,0
26527.653,0,0
26227.277,0,0
25826.9,0,0
25426.523,0,0
25026.146,0,0
24791.766,0,0
24823.435,0,0
24855.174,0,0
24886.982,0,0
24950.899,0,0
24746.314,0,0
24529.346,0,0
24300.0,0,0
24100.0,0,0
24100.0,0,0
24000.0,1,1
24000.0,1,1
23900.0,1,1
23700.0,1,1
23600.0,1,1
23467.344,1,1
23353.453,1,1
23374.269,1,1
23295.097,1,1
23300.0,1,1
23400.0,1,1
23684.667,1,1
23856.855,1,1
24129.028,0,0
24315.131,0,0
24244.491,0,0
24080.082,1,1
23806.51,1,1
23322.416,1,1
22443.911,1,1
22411.649,1,1
23370.838,1,1
24517.901,0,0
25837.05,0,0
26076.748,0,0
25050.073,0,0
23547.083,1,1
21550.209,1,1
21259.398,1,1
22756.264,1,1
23855.361,1,1
24435.709,0,0
24957.179,0,0
25413.883,0,0
25755.669,0,0
26083.226,0,0
26629.649,0,0
27194.457,0,0
27737.654,0,0
28084.692,0,0
28293.263,0,0
28053.801,0,0
27498.352,0,0
26435.04,0,0
26475.253,0,0
27698.902,0,0
28729.805,0,0
29774.334,0,0
29826.571,0,0
28895.674,0,0
27761.761,0,0
26540.429,0,0
26175.747,0,0
26677.953,0,0
27658.407,0,0
28786.057,0,0
29806.419,0,0
30631.156,0,0
30900.0,0,0
30900.0,0,0
30800.0,0,0
30700.0,0,0
30600.0,0,0
30400.0,0,0
30200.0,0,0
30000.0,0,0
29800.0,0,0
29600.0,0,0
29400.0,0,0
29200.0,0,0
29100.0,0,0
29000.0,0,0
28888.268,0,0
28740.115,0,0
28609.138,0,0
28495.35,0,0
28481.554,0,0
28367.751,0,0
28229.842,0,0
27968.875,0,0
27572.99,0,0
27177.002,0,0
26826.123,0,0
26720.588,0,0
26519.282,0,0
26102.009,0,0
25833.034,0,0
25712.321,0,0
25591.6,0,0
25570.872,0,0
25353.589,0,0
25139.752,0,0
24925.911,0,0
24612.065,0,0
24422.395,0,0
24256.915,0,0
24091.448,0,0
23925.992,0,0
23767.463,0,0
23700.0,0,0
23600.0,0,0
23500.0,0,0
23400.0,0,0
23500.0,0,0
23600.0,0,0
23700.0,0,0
23788.189,0,0
23967.416,0,0
24146.639,0,0
24325.859,0,0
24508.562,0,0
24562.106,0,0
24364.432,0,0
24259.228,0,0
23901.995,0,0
23490.051,0,0
23286.099,0,0
23493.903,0,0
23918.458,0,0
24759.092,0,0
24751.771,0,0
24044.119,0,0
22647.313,1,1
20566.565,1,1
18979.384,1,1
17789.14,1,1
17913.801,1,1
19493.429,1,1
20402.25,1,1
20584.796,1,1
21505.223,1,1
22564.588,1,1
23226.025,1,1
21027.615,1,1
16367.044,1,1
12604.576,1,1
12608.802,1,1
16124.112,1,1
18918.456,1,1
21004.968,1,1
21291.942,1,1
20024.669,1,1
18989.736,1,1
18075.929,1,1
19133.839,1,1
21560.753,1,1
23629.471,0,0
25357.526,0,0
26379.08,0,0
26974.746,0,0
27589.855,0,0
28227.918,0,0
29363.722,0,0
30434.358,0,0
30800.0,0,0
30800.0,0,0
30800.0,0,0
30700.0,0,0
30591.892,0,0
30478.438,0,0
30364.976,0,0
30151.504,0,0
29990.892,0,0
29624.433,0,0
28909.957,0,0
28215.726,0,0
27714.249,0,0
27914.368,0,0
28014.624,0,0
28086.432,0,0
28243.755,0,0
28430.183,0,0
28622.869,0,0
28503.938,0,0
28454.636,0,0
28374.921,0,0
28295.221,0,0
28200.0,0,0
27900.0,0,0
27395.215,0,0
26774.873,0,0
26254.513,0,0
25871.458,0,0
25900.0,0,0
25800.0,0,0
25700.0,0,0
25500.0,0,0
25200.0,0,0
24900.0,0,0
24600.0,0,0
24400.0,0,0
24200.0,0,0
24100.0,0,0
23900.0,0,0
23800.0,0,0
23795.18,0,0
23720.053,0,0
23644.86,0,0
23707.189,0,0
23707.088,0,0
23706.987,0,0
23706.887,0,0
23796.519,0,0
23803.285,0,0
23905.032,0,0
24006.694,0,0
23992.114,0,0
23902.389,0,0
23844.69,0,0
23683.255,0,0
23483.291,1,1
23027.18,1,1
23097.659,1,1
23370.512,1,1
23699.707,0,0
23983.327,0,0
24328.864,0,0
24736.485,0,0
25024.915,0,0
25393.988,0,0
25235.252,0,0
24646.665,0,0
24095.296,0,0
23576.772,1,1
23315.934,1,1
23515.231,1,1
23503.364,1,1
23398.654,1,1
23301.585,1,1
23411.519,1,1
22814.303,1,1
21487.719,1,1
20565.363,1,1
19318.011,1,1
18580.971,1,1
16408.307,1,1
15566.012,1,1
14362.226,1,1
12923.455,1,1
11615.614,1,1
13533.587,1,1
17968.059,1,1
21591.759,1,1
24822.748,0,0
26377.273,0,0
26995.243,0,0
27046.849,0,0
26650.345,0,0
26570.787,0,0
26899.471,0,0
26699.117,0,0
26217.35,0,0
25617.694,0,0
24646.578,0,0
25290.026,0,0
26667.321,0,0
27680.334,0,0
28435.436,0,0
28486.58,0,0
27833.04,0,0
27179.187,0,0
26525.021,0,0
26474.533,0,0
26928.243,0,0
27482.335,0,0
27826.684,0,0
27985.336,0,0
28047.012,0,0
28108.8,0,0
28170.699,0,0
28115.133,0,0
28028.664,0,0
27842.204,0,0
27755.754,0,0
27569.313,0,0
27182.881,0,0
26896.459,0,0
26510.047,0,0
26216.826,0,0
25916.79,0,0
25716.754,0,0
25416.717,0,0
25243.988,0,0
24998.593,0,0
24700.0,0,0
24400.0,0,0
24200.0,0,0
24100.0,0,0
24000.0,0,0
23900.0,0,0
23800.0,0,0
23760.917,0,0
23699.236,0,0
23637.512,0,0
23568.531,0,0
23504.791,0,0
23440.908,0,0
23476.883,0,0
23791.291,0,0
24684.446,0,0
25174.862,0,0
25657.328,0,0
25881.395,0,0
25806.506,0,0
25471.158,0,0
25127.735,0,0
24966.364,0,0
25090.482,0,0
24758.055,0,0
24032.848,0,0
23323.734,0,0
22629.937,0,0
22362.296,1,1
22453.206,1,1
22580.123,0,1
22536.566,1,1
22699.797,0,0
23163.797,0,0
23742.254,0,0
21891.593,1,1
21948.53,1,1
21362.26,1,1
19941.338,1,1
17571.41,1,1
16899.204,1,1
17823.656,1,1
18201.475,1,1
18209.986,1,1
18167.735,1,1
18118.269,1,1
18030.035,1,1
18081.185,1,1
17515.694,1,1
16559.316,1,1
15541.622,1,1
14478.015,1,1
15424.628,1,1
17954.067,1,1
19977.11,1,1
21677.38,1,1
23008.654,0,0
24099.842,0,0
25142.464,0,0
26344.829,0,0
27642.572,0,0
28970.18,0,0
29600.0,0,0
30000.0,0,0
30300.0,0,0
30600.0,0,0
30800.0,0,0
30700.0,0,0
30700.0,0,0
30600.0,0,0
30500.0,0,0
30300.0,0,0
30100.0,0,0
30000.0,0,0
29800.0,0,0
29700.0,0,0
29585.197,0,0
29458.346,0,0
29241.554,0,0
29034.829,0,0
28728.103,0,0
28521.374,0,0
28394.484,0,0
28147.418,0,0
28000.327,0,0
27680.586,0,0
27111.544,0,0
26118.862,0,0
24918.104,0,0
23597.438,0,0
22852.207,0,0
22856.881,0,0
22861.626,0,0
22966.44,0,0
22871.324,0,0
22639.793,0,0
22489.659,0,0
22239.575,0,0
22014.365,0,0
21813.991,0,0
21513.616,0,0
21313.241,0,0
21137.637,0,0
21086.765,0,0
20935.841,0,0
20866.175,0,0
20622.69,0,0
20341.858,0,0
19960.86,0,0
19679.697,0,0
19775.945,0,0
20449.8,0,0
21023.748,0,0
21697.79,0,0
21794.594,0,0
21514.15,0,0
20967.142,0,0
20163.509,0,0
18484.172,0,0
15269.157,0,0
11883.772,0,0
8052.235,1,1
4349.206,1,1
997.266,1,1
0.0,1,1
0.0,1,1
0.0,1,1
0.0,1,1
0.0,1,1
710.786,1,1
2175.855,1,1
3750.871,1,1
5641.441,1,1
7749.98,1,1
8950.693,1,1
9222.422,1,1
9563.388,1,1
10170.975,1,1
11657.821,0,0
12552.569,0,0
14322.394,0,0
16092.508,0,0
15081.423,0,0
11379.906,1,1
8333.557,1,1
6142.454,1,1
5781.586,1,1
7519.698,1,1
9392.755,1,1
11233.658,1,1
14744.9,0,0
19089.066,0,0
22239.915,0,0
24362.836,0,0
25541.534,0,0
26372.815,0,0
27022.732,0,0
27791.651,0,0
28166.529,0,0
28366.2,0,0
28565.853,0,0
28765.489,0,0
29190.951,0,0
29904.838,0,0
30286.872,0,0
30713.324,0,0
30684.055,0,0
30524.474,0,0
30364.907,0,0
30200.0,0,0
30100.0,0,0
29995.239,0,0
29875.006,0,0
29754.77,0,0
29568.257,0,0
29400.0,0,0
29200.0,0,0
28900.0,0,0
28700.0,0,0
28500.0,0,0
28300.0,0,0
28100.0,0,0
27800.0,0,0
27300.0,0,0
26800.0,0,0
26400.0,0,0
26100.0,0,0
26000.0,0,0
25900.0,0,0
25800.0,0,0
25600.0,0,0
25300.0,0,0
25100.0,0,0
24800.0,0,0
24574.84,0,0
24327.274,0,0
24179.65,0,0
24031.968,0,0
23831.867,0,0
23779.431,0,0
23627.053,0,0
23474.733,1,1
23500.0,1,1
23700.0,0,0
23800.0,0,0
23900.0,0,0
24100.0,0,0
24200.0,0,0
24300.0,0,0
24400.0,0,0
24600.0,0,0
24700.0,0,0
24849.852,0,0
25014.402,0,0
24948.865,0,0
24829.443,0,0
24678.03,0,0
24305.584,0,0
23961.617,0,0
23747.491,0,0
23873.217,0,0
24540.407,0,0
24879.019,0,0
24989.203,0,0
25164.965,0,0
25627.304,0,0
26079.737,0,0
26290.646,0,0
25980.781,0,0
24991.481,0,0
24705.137,0,0
25088.265,0,0
25896.525,0,0
26836.989,0,0
27464.341,0,0
27679.078,0,0
28308.665,0,0
29537.018,0,0
30447.401,0,0
30436.642,0,0
29680.956,0,0
28940.558,0,0
28418.497,0,0
28457.223,0,0
28349.867,0,0
28113.301,0,0
28053.517,0,0
28169.922,0,0
28710.458,0,0
29336.128,0,0
29536.093,0,0
29146.745,0,0
28573.93,0,0
27767.296,0,0
27058.881,0,0
26572.896,0,0
26068.013,0,0
25189.216,0,0
24435.553,0,0
23607.091,0,0
22778.41,1,1
22038.521,1,1
21836.663,1,1
22173.251,1,1
22599.174,1,1
23025.422,1,1
22358.513,1,1
20312.532,1,1
17854.171,1,1
15328.169,1,1
13210.152,1,1
11946.335,1,1
10682.148,1,1
9417.59,1,1
10481.928,1,1
13776.325,1,1
16762.225,1,1
19472.294,1,1
19998.98,1,1
18757.059,1,1
17376.251,1,1
15995.137,1,1
16571.543,1,1
18619.01,1,1
20407.717,1,1
21653.456,1,1
22184.607,1,1
22302.114,1,1
22410.891,1,1
22516.537,0,0
22520.132,0,0
22421.542,1,1
22423.04,1,1
22424.628,1,1
22577.553,0,0
22681.884,0,0
22886.393,0,0
23061.866,0,0
23257.788,0,0
23718.677,0,0
23953.525,0,0
23950.209,0,0
24200.0,0,0
24400.0,0,0
24600.0,0,0
24900.0,0,0
25000.0,0,0
25090.066,0,0
24944.233,0,0
24792.25,0,0
24268.845,0,0
23049.554,0,0
22440.765,0,0
22503.153,0,0
22769.529,0,0
23128.784,0,0
22896.66,0,0
21705.61,1,1
20090.619,1,1
17851.903,1,1
17530.005,1,1
19573.651,1,1
21936.013,1,1
23361.298,0,0
23465.744,0,0
23367.258,0,0
22719.417,0,0
22050.073,1,0
23149.52,0,0
26126.495,0,0
28391.494,0,0
29777.599,0,0
30095.133,0,0
29352.969,0,0
28536.982,0,0
27751.94,0,0
27103.204,0,0
26462.627,0,0
24940.887,0,0
22560.612,0,0
21157.526,1,1
20750.098,1,1
19525.683,1,1
18122.966,1,1
18390.966,1,1
19264.048,1,1
21677.194,1,1
24772.727,0,0
26988.488,0,0
28225.852,0,0
28744.799,0,0
28743.566,0,0
28742.332,0,0
28641.097,0,0
28397.808,0,0
27712.151,0,0
27126.074,0,0
26439.576,0,0
26441.711,0,0
26933.153,0,0
27325.074,0,0
27733.986,0,0
27633.023,0,0
26921.472,0,0
26125.794,0,0
25329.512,0,0
25266.747,0,0
26138.459,0,0
26827.124,0,0
27338.724,0,0
27696.224,0,0
27770.387,0,0
27800.635,0,0
27830.997,0,0
27530.618,0,0
26899.328,0,0
26267.923,0,0
25592.241,0,0
25240.642,0,0
25242.374,0,0
25233.4,0,0
25098.599,0,0
24382.955,1,1
22906.961,1,1
20926.479,1,1
17878.041,1,1
16562.347,1,1
17472.84,1,1
18284.041,1,1
19095.952,1,1
19676.603,1,1
19855.545,1,1
20134.683,1,1
20414.016,1,1
20763.615,1,1
21183.607,1,1
21594.819,1,1
21902.285,1,1
22593.161,1,1
23573.791,1,1
24335.017,1,1
24856.575,0,0
25001.595,0,0
25122.956,0,0
25085.729,0,0
25145.295,0,0
25099.539,0,0
24943.011,0,0
24820.662,0,0
24735.406,1,1
24665.828,1,1
24709.656,1,1
24958.474,0,0
25412.523,0,0
25710.317,0,0
25951.311,0,0
26209.404,0,0
26384.591,0,0
26783.391,0,0
27206.452,0,0
27108.593,0,0
26586.218,0,0
25477.481,0,0
23994.407,1,1
24225.876,1,1
26156.563,0,0
27608.809,0,0
28478.163,0,0
28829.368,0,0
28767.687,0,0
28358.071,0,0
27602.316,0,0
27661.134,0,0
28420.066,0,0
29209.482,0,0
30037.006,0,0
30111.018,0,0
29636.373,0,0
28914.716,0,0
28123.164,0,0
28311.893,0,0
29518.33,0,0
30691.249,0,0
31476.862,0,0
31676.754,0,0
31940.284,0,0
32000.0,0,0
31900.0,0,0
31700.0,0,0
31500.0,0,0
31300.0,0,0
31200.0,0,0
31100.0,0,0
31000.0,0,0
30800.0,0,0
30600.0,0,0
30400.0,0,0
30200.0,0,0
30100.0,0,0
30000.0,0,0
29900.0,0,0
29800.0,0,0
29700.0,0,0
29700.0,0,0
29600.0,0,0
29500.0,0,0
29400.0,0,0
29200.0,0,0
29000.0,0,0
28800.0,0,0
28500.0,0,0
28000.0,0,0
27600.0,0,0
27100.0,0,0
26800.0,0,0
26700.0,0,0
26600.0,0,0
26500.0,0,0
26300.0,0,0
26000.0,0,0
25700.0,0,0
25400.0,0,0
25100.0,0,0
25000.0,0,0
24800.0,0,0
24700.0,1,1
24600.0,1,1
24500.0,1,1
24400.0,1,1
24400.0,1,1
24400.0,1,1
24400.0,1,1
24400.0,1,1
24400.0,1,1
24500.0,1,1
24700.0,1,1
24900.0,0,0
25100.0,0,0
25300.0,0,0
25366.202,0,0
25478.102,0,0
25519.392,0,0
25166.112,0,0
24289.899,1,1
23877.91,1,1
23762.933,1,1
23842.474,1,1
24113.369,1,1
24020.451,1,1
23562.209,1,1
22660.631,1,1
21264.041,1,1
21229.126,1,1
22641.071,1,1
23499.883,1,1
23883.306,1,1
24721.241,0,0
26110.872,0,0
27705.752,0,0
29394.825,0,0
30018.182,0,0
29757.899,0,0
29608.416,0,0
29472.702,0,0
29214.013,0,0
29032.417,0,0
28439.097,0,0
27538.369,0,0
27316.981,0,0
27761.595,0,0
27984.872,0,0
28093.765,0,0
28377.732,0,0
28726.587,0,0
29126.455,0,0
29586.27,0,0
29944.166,0,0
30200.416,0,0
30381.075,0,0
30491.774,0,0
30765.234,0,0
30955.31,0,0
31003.925,0,0
31102.538,0,0
31101.202,0,0
31194.948,0,0
30770.463,0,0
29858.865,0,0
28576.785,0,0
26935.486,0,0
26066.85,0,0
26146.756,0,0
26226.809,0,0
26307.011,0,0
26205.812,0,0
25822.954,0,0
25439.896,0,0
25056.638,0,0
25055.176,0,0
25135.769,0,0
25316.511,0,0
25497.402,0,0
25889.994,0,0
26485.275,0,0
26900.707,0,0
27316.413,0,0
27277.465,0,0
26854.329,0,0
26386.601,0,0
25818.944,0,0
25585.069,0,0
25484.925,0,0
25484.781,0,0
25384.637,0,0
25051.759,0,0
24578.431,0,0
23864.217,0,0
23249.855,0,0
22428.393,1,1
21124.086,1,1
19856.01,1,1
17607.595,1,1
17122.619,1,1
18401.696,1,1
19559.362,1,1
20166.775,1,1
20732.759,1,1
21057.239,1,1
21472.645,1,1
21783.266,1,1
22142.137,1,1
22549.231,1,1
23056.398,0,0
23463.639,0,0
23923.19,0,0
24170.868,0,0
24302.258,0,0
24528.839,0,0
23629.885,0,0
21499.761,1,1
20562.519,1,1
21339.274,1,1
22630.553,1,1
24072.073,0,0
24672.637,0,0
24628.059,0,0
24009.093,0,0
22985.285,0,0
23080.14,0,0
24500.05,0,0
25599.512,0,0
26366.208,0,0
27018.027,0,0
27398.914,0,0
28127.078,0,0
29100.858,0,0
29255.058,0,0
28584.9,0,0
27361.284,0,0
25488.504,0,0
24274.388,0,0
23797.32,0,0
20004.972,1,1
13171.946,1,1
12252.312,1,1
16660.366,1,1
19414.687,1,1
20570.644,1,1
22926.119,0,0
26082.931,0,0
27944.152,0,0
28667.563,0,0
29107.252,0,0
29267.308,0,0
29258.185,0,0
29325.022,0,0
29777.187,0,0
30513.608,0,0
30824.125,0,0
30858.31,0,0
30792.506,0,0
30826.714,0,0
30840.394,0,0
30633.536,0,0
30526.675,0,0
30319.812,0,0
30233.504,0,0
29967.756,0,0
29800.0,0,0
29600.0,0,0
29400.0,0,0
29400.0,0,0
29400.0,0,0
29400.0,0,0
29400.0,0,0
29200.0,0,0
29100.0,0,0
29000.0,0,0
28800.0,0,0
28700.0,0,0
28600.0,0,0
28400.0,0,0
28100.0,0,0
27700.0,0,0
27300.0,0,0
26900.0,0,0
26600.0,0,0
26400.0,0,0
26200.0,0,0
26000.0,0,0
25800.0,0,0
25400.0,0,0
25100.0,0,0
24800.0,0,0
24500.0,0,0
24300.0,0,0
24100.0,0,0
23800.0,0,0
23800.0,0,0
23800.0,0,0
23900.0,0,0
23900.0,0,0
24000.0,0,0
24100.0,0,0
24200.0,0,0
24300.0,0,0
24500.0,0,0
25000.0,0,0
25400.0,0,0
25800.0,0,0
26100.0,0,0
26100.0,0,0
26200.0,0,0
26300.0,0,0
25914.149,0,0
25088.069,0,0
24262.782,0,0
23459.916,0,0
23626.564,0,0
24848.108,0,0
24960.656,0,0
24072.485,0,0
23302.274,0,0
22845.157,0,0
22861.123,0,0
23361.906,0,0
23602.404,0,0
23680.401,0,0
23933.911,0,0
24363.091,0,0
24717.631,0,0
24997.605,0,0
25391.672,0,0
25864.441,0,0
26284.321,0,0
26483.607,0,0
26571.36,0,0
26338.708,0,0
25420.729,0,0
23429.142,0,0
22143.308,0,0
21464.303,0,0
21020.204,1,0
21778.002,0,0
21819.539,0,0
21363.246,1,0
21672.926,0,0
22748.682,0,0
23480.712,0,0
24124.291,0,0
24386.177,0,0
24465.839,0,0
24618.916,0,0
24840.737,0,0
24783.312,0,0
24329.872,0,0
23976.041,0,0
23621.818,0,0
22941.757,0,0
21501.766,0,0
19997.508,1,1
18392.519,1,1
17850.991,1,1
18173.678,1,1
18496.637,1,1
18819.869,1,1
18791.905,1,1
18512.447,1,1
18232.864,1,1
17953.156,1,1
17222.372,1,1
16140.26,1,1
15009.12,1,1
13742.634,1,1
12475.59,1,1
11307.989,1,1
10139.828,1,1
8871.109,1,1
8133.057,1,1
7726.088,1,1
7219.114,1,1
6812.135,1,1
5684.623,0,1
3859.223,1,1
2032.686,1,1
305.012,1,1
0.0,1,1
0.0,1,1
383.009,1,1
781.38,1,1
469.944,1,1
0.0,1,1
0.0,1,1
0.0,1,1
0.0,1,1
0.0,1,1
0.0,1,1
0.0,1,1
0.0,1,1
0.0,1,1
0.0,1,1
0.0,1,1
0.0,1,1
0.0,1,1
0.0,1,1
0.0,1,1
1078.413,1,1
5059.82,0,0
9225.392,0,0
13207.434,0,0
15440.214,0,0
16280.544,0,0
16837.832,0,0
17249.088,0,0
18655.634,0,0
21014.661,0,0
22084.434,0,0
22408.609,0,0
22962.921,0,0
23456.306,0,0
24475.498,0,0
26006.179,0,0
27362.048,0,0
28358.389,0,0
28889.037,0,0
28427.993,0,0
27357.887,0,0
26434.432,0,0
26178.782,0,0
26556.124,0,0
26869.741,0,0
27019.845,0,0
27052.669,0,0
27168.22,0,0
26917.626,0,0
26500.853,0,0
26398.001,0,0
26806.818,0,0
27165.14,0,0
27473.389,0,0
27620.731,0,0
27604.488,0,0
27680.346,0,0
27730.702,0,0
27613.273,0,0
27332.769,0,0
27513.143,0,0
28131.857,0,0
28823.298,0,0
29412.203,0,0
30003.032,0,0
30502.067,0,0
31001.032,0,0
31494.957,0,0
31568.323,0,0
31106.461,0,0
30544.853,0,0
29956.451,0,0
29856.924,0,0
30245.823,0,0
30407.524,0,0
30669.034,0,0
30612.739,0,0
30526.566,0,0
30340.383,0,0
30154.19,0,0
29971.419,0,0
29792.069,0,0
29512.708,0,0
29233.336,0,0
29033.356,0,0
28812.788,0,0
28592.234,0,0
28371.694,0,0
27937.456,0,0
27368.621,0,0
26539.877,0,0
25811.292,0,0
25217.448,0,0
24668.638,0,0
24008.853,0,0
23349.263,0,0
22822.942,0,0
22523.693,0,0
22224.443,0,0
21925.193,0,0
21621.7,0,0
21314.048,0,0
21006.503,0,0
20599.067,0,0
20500.004,0,0
20609.154,0,0
20718.194,0,0
20827.126,0,0
21036.068,0,0
21208.057,0,0
21261.044,0,0
21413.924,0,0
21438.622,0,0
21435.336,0,0
21329.732,0,0
21115.33,0,0
21592.546,0,0
22640.768,0,0
23649.406,0,0
24474.781,0,0
24736.188,0,0
24569.761,0,0
24874.665,0,0
25460.565,0,0
26127.546,0,0
26787.949,0,0
27059.49,0,0
26724.124,0,0
26418.063,0,0
25952.045,0,0
25724.196,0,0
25511.084,0,0
25548.559,0,0
25559.134,0,0
26114.226,0,0
27206.053,0,0
28028.063,0,0
28751.796,0,0
29275.338,0,0
29401.931,0,0
29311.998,0,0
28905.262,0,0
29158.279,0,0
30068.962,0,0
30623.427,0,0
30734.018,0,0
30562.434,0,0
30214.609,0,0
29808.763,0,0
29215.496,0,0
28731.883,0,0
28100.913,0,0
27445.337,0,0
26679.424,0,0
25311.528,0,0
23672.912,0,0
20548.651,0,0
15524.274,1,1
10119.88,1,1
5032.538,1,1
3782.53,1,1
6018.829,1,1
8466.872,1,1
10844.322,1,1
12567.256,1,1
13511.849,1,1
14456.8,1,1
15302.11,1,1
16352.622,1,1
17402.023,1,1
18140.999,0,0
18980.332,0,0
18344.321,0,0
16284.241,1,1
13772.944,1,1
11260.851,1,1
10526.918,1,1
11472.146,1,1
12517.914,1,1
13464.222,1,1
14516.811,1,1
15669.22,1,1
16510.697,1,1
17452.533,1,1
18629.806,0,0
19954.901,0,0
20825.223,0,0
21696.018,0,0
22355.121,0,0
22733.993,0,0
23113.858,0,0
23394.72,0,0
23707.283,0,0
23658.505,0,0
23709.969,0,0
23661.958,0,0
23281.757,0,0
22358.379,0,0
21318.705,0,0
20177.271,0,0
20072.633,0,0
20907.427,0,0
21743.975,0,0
22366.16,0,0
22826.016,0,0
23232.702,0,0
23492.257,0,0
23689.331,0,0
23821.466,0,0
23888.165,0,0
23854.582,0,0
23876.004,0,0
23789.949,0,0
23625.572,0,0
23460.42,0,0
23294.49,0,0
21850.07,0,0
18460.964,0,0
14207.682,1,1
9090.146,1,1
8075.035,1,1
12151.184,1,1
13423.336,1,1
10998.348,1,1
8771.09,1,1
6762.711,1,1
5408.565,1,1
5039.456,1,1
5475.607,1,1
6966.815,1,1
7109.384,1,1
6053.848,1,1
4694.826,1,1
2888.151,1,1
1631.951,1,1
952.654,1,1
1543.014,1,1
3312.812,1,1
5389.567,1,1
8443.439,1,1
10813.542,1,1
12446.698,1,1
14256.922,0,0
16161.694,0,0
17423.841,0,0
18395.834,0,0
19899.318,0,0
21826.208,0,0
23513.434,0,0
25164.809,0,0
26711.272,0,0
28258.855,0,0
29474.226,0,0
30536.604,0,0
31437.427,0,0
32195.828,0,0
32500.0,0,0
32400.0,0,0
32300.0,0,0
32100.0,0,0
32000.0,0,0
31900.0,0,0
31785.035,0,0
31557.868,0,0
31444.244,0,0
31244.196,0,0
31044.148,0,0
30844.099,0,0
30764.507,0,0
30600.0,0,0
30500.0,0,0
30400.0,0,0
30200.0,0,0
30200.0,0,0
30100.0,0,0
30000.0,0,0
29900.0,0,0
29800.0,0,0
29700.0,0,0
29600.0,0,0
29200.0,0,0
28700.0,0,0
28200.0,0,0
27600.0,0,0
27300.0,0,0
27200.0,0,0
27039.791,0,0
26849.781,0,0
26611.585,0,0
26325.313,0,0
26039.06,0,0
25652.827,0,0
25435.353,0,0
25165.36,0,0
24832.858,0,0
24399.985,0,0
24216.36,0,0
24282.33,0,0
24248.394,0,0
24214.551,0,0
24364.118,0,0
24592.268,0,0
24741.092,0,0
24789.993,0,0
24868.882,0,0
24929.751,0,0
24794.207,0,0
24558.041,0,0
24508.752,0,0
24712.284,0,0
25004.944,0,0
25171.218,0,0
24822.566,0,0
23655.277,0,0
22290.026,1,1
20754.937,1,1
20727.486,1,1
22232.562,1,1
22473.726,0,1
21285.821,1,1
20151.541,1,1
18854.27,1,1
18384.554,1,1
18642.023,1,1
18936.27,1,1
19041.38,1,1
18857.161,1,1
18448.177,1,1
17779.035,1,1
17039.874,1,1
17340.87,1,1
18876.14,1,1
19988.825,1,1
20858.011,1,1
21651.998,1,1
22274.386,1,1
23169.574,0,0
24097.737,0,0
23744.585,0,0
22332.268,0,0
21097.668,1,1
19985.147,1,1
20640.493,1,1
22691.205,0,0
24268.644,0,0
25317.629,0,0
26884.818,0,0
28673.921,0,0
30431.08,0,0
31557.683,0,0
31953.78,0,0
32263.608,0,0
32354.635,0,0
32340.842,0,0
32227.035,0,0
32113.213,0,0
32006.246,0,0
31806.144,0,0
31706.043,0,0
31505.941,0,0
31312.723,0,0
31126.399,0,0
30840.089,0,0
30553.794,0,0
30453.717,0,0
30339.837,0,0
30225.942,0,0
30212.032,0,0
30118.845,0,0
30046.415,0,0
29974.014,0,0
30001.642,0,0
29829.3,0,0
29756.986,0,0
29684.702,0,0
29500.0,0,0
29100.0,0,0
28600.0,0,0
28000.0,0,0
27400.0,0,0
27100.0,0,0
27000.0,0,0
26900.0,0,0
26800.0,0,0
26581.15,0,0
26346.301,0,0
26111.427,0,0
25876.529,0,0
25659.046,0,0
25458.996,0,0
25258.946,0,0
25058.895,0,0
24979.797,0,0
24921.679,0,0
24863.598,0,0
24800.0,0,0
24800.0,0,0
24800.0,0,0
24800.0,0,0
24900.0,0,0
24900.0,0,0
25100.0,0,0
25300.0,0,0
25500.0,0,0
25600.0,0,0
25800.0,0,0
26000.0,0,0
26200.0,0,0
24875.38,0,0
21063.33,1,1
18579.91,1,1
18654.205,1,1
18538.249,1,1
18002.534,1,1
18046.559,1,1
18892.848,1,1
20318.121,1,1
22348.254,0,0
22206.138,0,0
19716.139,1,1
17204.735,1,1
14722.275,1,1
14130.278,1,1
15467.903,1,1
16578.494,1,1
17214.252,1,1
17686.357,1,1
17801.389,1,1
17813.894,1,1
17728.938,1,1
18240.209,1,1
19321.273,1,1
20016.969,1,1
20333.788,1,1
20767.083,1,1
21166.732,0,0
21756.223,0,0
22565.932,0,0
23494.339,0,0
24535.182,0,0
25468.344,0,0
26178.061,0,0
26871.716,0,0
27530.197,0,0
28154.387,0,0
28573.124,0,0
29411.207,0,0
30238.763,0,0
30390.981,0,0
30290.353,0,0
30089.724,0,0
29989.094,0,0
30041.009,0,0
30245.668,0,0
30403.344,0,0
30598.926,0,0
30398.572,0,0
30002.054,0,0
29543.012,0,0
29036.453,0,0
28578.647,0,0
27969.543,0,0
27413.022,0,0
26753.364,0,0
26582.304,0,0
26900.354,0,0
27309.598,0,0
27515.599,0,0
27568.29,0,0
27567.508,0,0
27466.727,0,0
27365.945,0,0
27065.162,0,0
26364.378,0,0
25763.595,0,0
25162.81,0,0
24454.225,0,0
23577.213,0,0
22534.134,0,0
21442.031,0,0
21050.427,0,0
21715.356,0,0
22046.748,0,0
22378.362,0,0
22388.597,0,0
22077.23,0,0
21665.788,0,0
21254.273,0,0
21329.422,0,0
21791.441,0,0
22150.089,0,0
22561.398,0,0
22818.344,0,0
22920.859,0,0
23123.427,0,0
23226.05,0,0
23119.602,0,0
22803.904,0,0
22488.025,0,0
21991.947,0,0
21950.367,0,0
22472.755,0,0
22986.112,0,0
23395.202,0,0
23466.373,0,0
23081.903,0,0
22586.428,0,0
22178.692,0,0
22440.791,0,0
23468.649,0,0
24169.546,0,0
24648.702,0,0
25027.816,0,0
25213.186,0,0
25403.49,0,0
24331.974,0,0
22184.613,0,0
20349.88,1,1
19319.796,1,1
19107.067,1,1
20248.642,1,1
21751.68,0,0
22571.807,0,0
22382.164,0,0
21020.844,1,1
20055.837,1,1
19844.832,1,1
20379.317,1,1
20258.729,1,1
19409.243,1,1
19003.937,1,1
18937.178,1,1
18962.846,1,1
19140.76,1,1
20192.841,1,1
21909.318,0,0
23270.289,0,0
24432.682,0,0
25786.678,0,0
27260.208,0,0
28361.238,0,0
29305.075,0,0
30247.234,0,0
31084.779,0,0
31193.794,0,0
30576.343,0,0
29906.091,0,0
29097.633,0,0
28768.748,0,0
29020.637,0,0
29173.013,0,0
29425.877,0,0
29603.333,0,0
29576.354,0,0
29405.744,0,0
29335.291,0,0
28901.642,0,0
27581.781,0,0
25914.897,0,0
23334.244,0,0
21316.67,0,0
19868.414,1,1
18354.464,1,1
16838.541,1,1
16201.921,1,1
16446.4,1,1
16691.301,1,1
17036.623,1,1
18217.865,1,1
20273.059,1,1
21794.049,0,0
22899.617,0,0
23016.914,0,0
22532.306,0,0
22047.147,0,0
21561.437,0,0
21356.847,0,0
21334.195,0,0
21312.082,0,0
21290.509,0,0
21128.092,0,0
20924.421,0,0
20720.742,0,0
20417.057,0,0
20697.237,0,0
21262.117,0,0
21823.404,0,0
22237.539,0,0
22179.055,0,0
21478.868,0,0
20675.997,0,0
19677.475,0,0
19454.621,1,0
20604.086,0,0
21329.421,0,0
22155.594,0,0
22882.611,0,0
23410.471,0,0
23929.81,0,0
24443.312,0,0
23701.811,0,0
21363.462,0,0
18634.995,1,1
15350.64,1,1
13694.799,1,1
14387.221,1,1
13410.337,1,1
10292.487,1,1
9092.059,1,1
9857.576,1,1
11012.286,1,1
12091.689,1,1
13006.24,1,1
13672.867,1,1
13510.177,1,1
12422.663,1,1
11289.231,1,1
10129.35,1,1
9466.926,1,1
9516.847,1,1
9273.319,1,1
8975.084,1,1
11113.737,1,1
15543.882,1,1
19144.545,1,1
21691.967,0,0
22845.852,0,0
22772.049,0,0
23768.484,0,0
25128.916,0,0
25572.987,0,0
24473.78,0,0
22536.799,0,0
21360.273,0,0
22308.976,0,0
24760.142,0,0
26834.27,0,0
28617.788,0,0
29692.631,0,0
30301.623,0,0
30791.646,0,0
31077.785,0,0
31363.914,0,0
31650.033,0,0
31774.294,0,0
31700.0,0,0
31700.0,0,0
31600.0,0,0
31500.0,0,0
31300.0,0,0
31200.0,0,0
31100.0,0,0
30900.0,0,0
30800.0,0,0
30600.0,0,0
30500.0,0,0
30291.605,0,0
29977.678,0,0
29663.743,0,0
29449.801,0,0
29207.975,0,0
28938.233,0,0
28581.429,0,0
28148.509,0,0
27648.561,0,0
27181.735,0,0
26714.873,0,0
26147.975,0,0
25647.521,0,0
24979.821,0,0
24312.037,0,0
23644.171,0,0
23168.548,0,0
23043.345,0,0
22798.84,0,0
22654.39,0,0
22384.09,0,0
22287.912,0,0
22091.753,0,0
21895.613,1,0
21899.491,0,0
22103.387,0,0
22207.302,0,0
22411.235,0,0
22767.17,0,0
23145.511,0,0
23578.891,0,0
23912.317,0,0
23918.36,0,0
22964.065,0,0
21560.07,1,1
18978.935,1,1
17545.071,1,1
17989.648,1,1
18346.488,1,1
18703.374,1,1
19765.369,1,1
21247.893,1,1
21911.54,0,0
22302.543,0,0
22185.003,0,0
21808.002,1,1
20517.669,1,1
18229.652,1,1
15413.022,1,1
11834.974,1,1
11084.096,1,1
13356.266,1,1
15701.431,1,1
17954.769,1,1
18369.942,1,1
16812.12,1,1
15183.529,1,1
13534.865,1,1
14750.753,1,1
18710.605,1,1
23136.495,0,0
25797.629,0,0
26039.891,0,0
25460.354,0,0
24306.813,0,0
23056.038,0,0
22435.783,0,0
22527.409,0,0
22333.458,0,0
22079.535,0,0
22393.253,0,0
23348.837,0,0
24305.667,0,0
25462.147,0,0
25752.232,0,0
25573.687,0,0
25722.59,0,0
26273.734,0,0
27521.053,0,0
28909.353,0,0
29967.729,0,0
30952.566,0,0
31711.532,0,0
32470.749,0,0
32806.735,0,0
32706.668,0,0
32606.6,0,0
32506.533,0,0
32302.909,0,0
31808.089,0,0
31313.063,0,0
30817.83,0,0
30591.27,0,0
30566.192,0,0
30597.01,0,0
30527.919,0,0
30475.333,0,0
30339.27,0,0
30103.321,0,0
29967.487,0,0
29695.316,0,0
29401.556,0,0
29102.764,0,0
28903.904,0,0
28421.458,0,0
27855.454,0,0
27189.416,0,0
26623.342,0,0
26290.114,0,0
26189.759,0,0
26089.403,0,0
25989.046,0,0
26037.276,0,0
26034.249,0,0
25922.004,1,1
25684.282,1,1
25401.56,1,1
25173.786,1,1
24945.989,1,1
24718.166,1,1
24628.506,1,1
24577.052,1,1
24525.633,1,1
24574.248,1,1
24500.0,1,1
24600.0,1,1
24600.0,1,1
24700.0,1,1
24800.0,1,1
25000.0,1,1
25200.0,1,1
25400.0,1,1
25600.0,1,1
25800.0,1,1
26000.0,0,0
26100.0,0,0
26036.565,0,0
25776.989,1,1
25506.22,1,1
25130.967,1,1
25632.647,1,1
26810.106,0,0
27264.348,0,0
27093.029,0,0
26713.428,0,0
26222.085,0,0
26370.172,0,0
27267.825,0,0
27912.625,0,0
28583.732,0,0
28674.418,0,0
28401.193,0,0
27726.572,0,0
26758.616,0,0
27264.606,0,0
29452.933,0,0
31181.952,0,0
32576.012,0,0
32775.017,0,0
31941.127,0,0
31032.597,0,0
30055.137,0,0
29943.144,0,0
30690.545,0,0
31361.659,0,0
31751.935,0,0
31947.764,0,0
32057.415,0,0
32239.828,0,0
32593.342,0,0
32733.847,0,0
32863.691,0,0
33119.296,0,0
33400.0,0,0
33400.0,0,0
33400.0,0,0
33400.0,0,0
33300.0,0,0
33100.0,0,0
33000.0,0,0
32900.0,0,0
32800.0,0,0
32700.0,0,0
32600.0,0,0
32400.0,0,0
32100.0,0,0
31800.0,0,0
31600.0,0,0
31400.0,0,0
31200.0,0,0
31100.0,0,0
31000.0,0,0
30900.0,0,0
30800.0,0,0
30700.0,0,0
30700.0,0,0
30500.0,0,0
30300.0,0,0
30200.0,0,0
30000.0,0,0
29600.0,0,0
29000.0,0,0
28500.0,0,0
28000.0,0,0
27700.0,0,0
27600.0,0,0
27600.0,0,0
27500.0,0,0
27300.0,0,0
27000.0,0,0
26700.0,0,0
26400.0,0,0
26100.0,0,0
25900.0,0,0
25600.0,0,0
25400.0,1,1
25200.0,1,1
25200.0,1,1
25200.0,1,1
25200.0,1,1
25100.0,1,1
25100.0,1,1
25100.0,1,1
25100.0,1,1
25200.0,1,1
25400.0,1,1
25600.0,0,0
25900.0,0,0
26100.0,0,0
26300.0,0,0
26600.0,0,0
26800.0,0,0
26855.931,0,0
26538.041,0,0
26209.759,0,0
25876.89,0,0
25138.556,1,1
23832.634,1,1
24046.815,1,1
26260.043,0,0
28036.046,0,0
29085.181,0,0
29162.145,0,0
28452.219,0,0
27392.322,0,0
25960.58,0,0
25217.254,1,1
25179.694,1,1
23266.968,1,1
19381.383,1,1
18523.237,1,1
20577.053,1,1
21376.816,1,1
21119.048,1,1
22411.462,1,1
25087.778,1,1
28113.533,0,0
29468.686,0,0
29463.954,0,0
29861.694,0,0
30505.559,0,0
31083.934,0,0
31298.833,0,0
31342.888,0,0
31584.511,0,0
31356.805,0,0
31903.031,0,0
32351.756,0,0
32666.529,0,0
32893.544,0,0
33636.328,0,0
34495.653,0,0
34688.237,0,0
34467.54,0,0
34146.829,0,0
33926.103,0,0
33832.982,0,0
33667.494,0,0
33600.0,0,0
33500.0,0,0
33300.0,0,0
33000.0,0,0
32700.0,0,0
32400.0,0,0
32200.0,0,0
32100.0,0,0
32000.0,0,0
31900.0,0,0
31800.0,0,0
31700.0,0,0
31600.0,0,0
31500.0,0,0
31400.0,0,0
31300.0,0,0
31200.0,0,0
31100.0,0,0
30700.0,0,0
30000.0,0,0
29300.0,0,0
28600.0,0,0
28200.0,0,0
28200.0,0,0
28200.0,0,0
28100.0,0,0
28000.0,0,0
27600.0,0,0
27300.0,0,0
26900.0,0,0
26700.0,0,0
26500.0,0,0
26300.0,0,0
26100.0,0,0
26000.0,0,0
25900.0,0,0
25900.0,0,0
25900.0,0,0
25900.0,0,0
25895.037,0,0
25873.938,0,0
25852.82,0,0
25885.927,0,0
25911.862,0,0
25473.827,0,0
25052.263,1,1
24884.232,1,1
25288.24,1,1
25692.36,0,0
25996.593,0,0
26100.738,0,0
25886.082,0,0
25664.119,0,0
25438.536,0,0
25427.183,0,0
25832.08,0,0
25790.647,0,0
25596.782,0,0
25696.77,0,0
26191.557,0,0
26552.627,0,0
26883.757,0,0
26873.519,0,0
26420.559,0,0
26454.104,0,0
26855.595,0,0
27408.169,0,0
26999.605,0,0
27313.955,0,0
27139.248,0,0
26303.509,0,0
24634.243,1,0
25556.16,0,0
28986.419,0,0
30800.772,0,0
31063.794,0,0
31086.563,0,0
30970.978,0,0
30790.005,0,0
30349.928,0,0
29411.411,0,0
27784.586,0,0
25900.767,0,0
24254.702,1,1
22484.621,1,1
21066.688,1,1
18968.885,1,1
15949.129,1,1
12877.919,1,1
9608.822,1,1
6938.083,1,1
4959.734,1,1
2980.048,1,1
1049.116,1,1
490.021,1,1
1272.624,1,1
1967.032,1,1
2791.793,1,1
5303.005,1,1
9559.396,1,1
14074.4,1,1
18876.648,1,1
22739.649,1,1
25872.749,0,0
28144.4,0,0
29615.346,0,0
30558.816,0,0
31138.391,0,0
31591.577,0,0
32027.963,0,0
31928.638,0,0
31493.239,0,0
31057.671,0,0
30621.935,0,0
30155.234,0,0
29757.86,0,0
29360.704,0,0
28925.55,0,0
28557.261,0,0
28457.184,0,0
28357.107,0,0
28257.03,0,0
28032.159,0,0
27560.827,0,0
27023.868,0,0
26486.567,0,0
26186.084,0,0
26222.9,0,0
26260.016,0,0
26131.362,0,0
26073.959,0,0
26109.486,0,0
26045.065,0,0
26080.695,0,0
26091.39,0,0
26077.098,0,0
26062.787,0,0
26048.459,0,0
26123.373,0,0
26287.504,0,0
26351.583,0,0
26515.609,0,0
26520.715,0,0
26375.005,0,0
26111.244,0,0
25715.067,0,0
24577.54,0,0
22257.289,0,0
19105.34,1,1
15403.949,1,1
15091.666,1,1
18873.275,1,1
20127.339,0,1
18201.369,1,1
16491.308,1,1
14882.27,1,1
13883.512,1,1
13837.813,1,1
13608.523,1,1
13050.291,1,1
13104.391,1,1
13762.969,1,1
14945.661,1,1
16668.477,1,1
17159.464,1,1
16284.436,1,1
15340.957,1,1
14351.459,1,1
14662.133,1,1
16312.574,1,1
17456.218,1,1
17915.542,1,1
18719.82,1,1
19833.065,0,0
20610.0,0,0
21121.207,0,0
20918.496,0,0
20158.531,0,0
20245.232,0,0
21600.479,0,0
24210.666,0,0
27516.798,0,0
30441.631,0,0
31955.081,0,0
32580.642,0,0
33322.851,0,0
33970.459,0,0
34341.088,0,0
34693.831,0,0
34692.601,0,0
34613.739,0,0
34357.113,0,0
34100.416,0,0
33675.201,0,0
33458.053,0,0
33389.432,0,0
33238.964,0,0
32988.549,0,0
32927.538,0,0
32855.914,0,0
32784.32,0,0
32700.0,0,0
32600.0,0,0
32500.0,0,0
32300.0,0,0
32200.0,0,0
32000.0,0,0
31900.0,0,0
31700.0,0,0
31500.0,0,0
31100.0,0,0
30400.0,0,0
29700.0,0,0
29100.0,0,0
28700.0,0,0
28600.0,0,0
28500.0,0,0
28400.0,0,0
28200.0,0,0
27900.0,0,0
27600.0,0,0
27400.0,0,0
27100.0,0,0
26880.62,0,0
26730.495,0,0
26480.379,0,0
26248.165,0,0
26133.845,0,0
25919.525,0,0
25805.205,0,0
25624.155,0,0
25485.098,0,0
25246.085,1,1
25107.116,1,1
25021.794,1,1
25290.088,1,1
25458.381,0,0
25626.675,0,0
25926.715,0,0
26158.51,0,0
26490.318,0,0
26722.138,0,0
26462.215,0,0
25422.513,1,1
24214.964,1,1
22887.617,1,1
20889.305,1,1
18034.889,1,1
16434.237,1,1
16669.079,1,1
16332.81,1,1
15571.398,1,1
15291.673,1,1
15604.012,1,1
15776.423,1,1
15660.375,1,1
17053.844,1,1
20021.214,1,1
24281.613,1,1
27241.126,0,0
27832.367,0,0
26540.691,0,0
23584.432,1,1
20891.836,1,1
21306.051,1,1
24678.039,1,1
27119.494,0,0
28639.057,0,0
29749.321,0,0
30508.851,0,0
31121.021,0,0
31608.247,0,0
32022.798,0,0
32337.66,0,0
32750.614,0,0
33394.564,0,0
33723.959,0,0
33745.371,0,0
33722.646,0,0
33852.438,0,0
33941.605,0,0
34085.639,0,0
34200.0,0,0
34200.0,0,0
34100.0,0,0
34100.0,0,0
34000.0,0,0
33900.0,0,0
33700.0,0,0
33600.0,0,0
33400.0,0,0
33100.0,0,0
32900.0,0,0
32700.0,0,0
32500.0,0,0
32400.0,0,0
32300.0,0,0
32300.0,0,0
32200.0,0,0
32100.0,0,0
32000.0,0,0
31800.0,0,0
31700.0,0,0
31600.0,0,0
31500.0,0,0
31400.0,0,0
31000.0,0,0
30300.0,0,0
29700.0,0,0
29000.0,0,0
28700.0,0,0
28500.0,0,0
28387.969,0,0
28238.59,0,0
27920.931,0,0
27535.019,0,0
27149.118,0,0
26763.227,0,0
26495.011,0,0
26300.0,0,0
26000.0,0,0
25800.0,0,0
25700.0,0,0
25700.0,0,0
25700.0,0,0
25800.0,0,0
25900.0,0,0
26100.0,0,0
26300.0,0,0
26500.0,0,0
26763.083,0,0
27148.886,0,0
27534.682,0,0
27920.471,0,0
28227.545,0,0
28455.926,0,0
28684.328,0,0
28800.0,0,0
28294.234,0,0
26525.148,0,0
25295.653,1,1
25180.424,1,1
25173.494,1,1
25246.034,1,1
24984.698,1,1
24323.395,1,1
23745.678,1,1
23273.401,1,1
23534.372,1,1
24586.335,1,1
25689.798,1,1
26292.769,0,0
26084.384,0,0
24454.101,1,1
21783.305,1,1
19662.573,1,1
19643.891,1,1
21646.764,1,1
23438.878,1,1
24812.441,1,1
25151.018,1,1
24313.551,1,1
23069.463,1,1
21329.464,1,1
21948.292,1,1
24707.076,1,1
27492.746,0,0
27407.178,0,0
27639.013,0,0
27739.028,0,0
27024.652,0,0
25942.374,0,0
27044.362,0,0
29675.03,0,0
31517.212,0,0
32439.491,0,0
32818.561,0,0
33297.59,0,0
33655.698,0,0
34092.867,0,0
34198.228,0,0
34398.249,0,0
34397.904,0,0
34397.501,0,0
34297.186,0,0
34296.96,0,0
34363.706,0,0
34355.076,0,0
34246.04,0,0
34100.0,0,0
33900.0,0,0
33800.0,0,0
33600.0,0,0
33500.0,0,0
33200.0,0,0
32900.0,0,0
32600.0,0,0
32300.0,0,0
32000.0,0,0
31800.0,0,0
31600.0,0,0
31300.0,0,0
31000.0,0,0
30463.275,0,0
30020.913,0,0
29478.513,0,0
29036.061,0,0
28793.544,0,0
28409.368,0,0
28006.518,0,0
27689.25,0,0
27357.914,0,0
27126.791,0,0
26810.501,0,0
26413.932,0,0
26077.116,0,0
25741.307,0,0
25305.327,0,0
25105.014,1,0
25240.625,0,0
25476.409,0,0
25513.105,0,0
25602.282,0,0
25722.678,0,0
25683.813,0,0
25744.643,0,0
25924.634,0,0
26424.013,0,0
26923.39,0,0
27422.767,0,0
27756.364,0,0
27924.244,0,0
28092.212,0,0
28360.266,0,0
27943.142,0,0
26743.078,0,0
25383.658,0,0
23869.159,1,1
22452.392,1,1
20851.815,1,1
19508.717,1,1
18522.134,1,1
17315.58,1,1
15628.155,1,1
15083.446,1,1
15993.21,1,1
16038.777,1,1
15008.952,1,1
15667.709,1,1
17901.927,1,1
20899.069,1,1
22761.92,1,1
22794.434,1,1
21862.22,1,1
20755.317,1,1
19381.532,1,1
19777.445,1,1
21718.213,1,1
23610.247,1,1
25272.711,0,0
26391.921,0,0
26974.262,0,0
27050.744,0,0
27113.741,0,0
27304.973,0,0
27622.821,0,0
28642.42,0,0
30076.846,0,0
31216.493,0,0
31778.626,0,0
32225.551,0,0
32640.52,0,0
33087.735,0,0
33464.942,0,0
34085.069,0,0
34655.249,0,0
35325.367,0,0
35809.668,0,0
36002.586,0,0
35723.6,0,0
35385.877,0,0
35048.282,0,0
34729.621,0,0
34529.796,0,0
34229.972,0,0
34030.147,0,0
33915.157,0,0
33984.955,0,0
34054.691,0,0
34124.366,0,0
33858.343,0,0
33456.696,0,0
32955.085,0,0
32453.511,0,0
31950.358,0,0
31345.723,0,0
30610.415,0,0
29835.832,0,0
28729.473,0,0
27168.42,0,0
25559.617,0,0
23390.648,1,1
22079.022,1,1
21979.664,1,1
21880.305,1,1
21780.947,1,1
21711.894,1,1
21673.11,1,1
21534.279,1,1
21495.402,1,1
21847.252,1,1
22592.818,1,1
22969.374,1,1
23445.826,1,1
23606.164,1,1
23750.445,1,1
23794.701,1,1
23829.56,1,1
23935.121,1,1
24040.663,1,1
24146.186,1,1
24251.69,1,1
24588.862,0,0
25257.616,0,0
25826.238,0,0
26417.623,0,0
26617.769,0,0
26526.794,0,0
26358.791,0,0
26290.854,0,0
25991.412,0,0
25384.81,0,0
25020.288,0,0
25460.122,0,0
26214.118,0,0
27183.58,0,0
27726.876,0,0
28065.546,0,0
28586.143,0,0
29057.799,0,0
29116.386,0,0
27394.69,0,0
24135.835,1,1
20930.733,1,1
20798.681,1,1
23692.625,1,1
26980.289,0,0
28877.653,0,0
29356.816,0,0
28733.608,0,0
27521.128,0,0
26804.953,0,0
26519.521,0,0
26732.426,0,0
26669.94,0,0
26150.868,0,0
26172.958,0,0
26501.451,0,0
26977.386,0,0
27597.31,0,0
27846.764,0,0
27817.044,0,0
27613.84,0,0
27438.606,0,0
28691.663,0,0
31128.516,0,0
32977.881,0,0
34334.273,0,0
35375.869,0,0
36038.499,0,0
36200.0,0,0
36000.0,0,0
35900.0,0,0
35700.0,0,0
35600.0,0,0
35500.0,0,0
35400.0,0,0
35300.0,0,0
35100.0,0,0
34800.0,0,0
34500.0,0,0
34200.0,0,0
34000.0,0,0
33900.0,0,0
33900.0,0,0
33800.0,0,0
33700.0,0,0
33600.0,0,0
33400.0,0,0
33300.0,0,0
33100.0,0,0
32900.0,0,0
32600.0,0,0
32395.086,0,0
31995.083,0,0
31400.0,0,0
30800.0,0,0
30200.0,0,0
29800.0,0,0
29700.0,0,0
29600.0,0,0
29446.17,0,0
29246.144,0,0
28900.0,0,0
28600.0,0,0
28200.0,0,0
28000.0,0,0
27800.0,0,0
27700.0,0,0
27500.0,0,0
27300.0,1,1
27200.0,1,1
27100.0,1,1
27000.0,1,1
27000.0,1,1
27000.0,1,1
27100.0,1,1
27200.0,1,1
27300.0,0,0
27500.0,0,0
27700.0,0,0
27898.546,0,0
28077.36,0,0
28291.479,0,0
28600.0,0,0
28800.0,0,0
28736.974,0,0
28220.186,0,0
27625.112,0,0
26964.732,1,1
25780.323,1,1
23991.979,1,1
23028.734,1,1
23030.154,1,1
22215.087,1,1
20662.809,1,1
20587.704,1,1
22227.22,1,1
23591.717,1,1
24633.928,1,1
25566.548,1,1
26106.338,1,1
27250.484,1,1
28702.354,0,0
29138.851,0,0
28370.27,0,0
27528.176,0,0
26520.388,1,1
26557.995,1,1
27620.628,0,0
28022.603,0,0
27767.74,0,0
28478.568,0,0
30183.957,0,0
31952.443,0,0
33204.387,0,0
33506.146,0,0
33877.601,0,0
34495.184,0,0
35209.75,0,0
35687.667,0,0
35931.0,0,0
36133.592,0,0
36394.223,0,0
36646.433,0,0
36887.288,0,0
36900.0,0,0
36700.0,0,0
36600.0,0,0
36400.0,0,0
36300.0,0,0
36100.0,0,0
35900.0,0,0
35800.0,0,0
35600.0,0,0
35300.0,0,0
34960.206,0,0
34611.341,0,0
34411.298,0,0
34460.148,0,0
34500.0,0,0
34400.0,0,0
34300.0,0,0
34200.0,0,0
33977.559,0,0
33835.531,0,0
33621.491,0,0
33435.474,0,0
33249.47,0,0
33063.478,0,0
32577.499,0,0
31791.532,0,0
31000.0,0,0
30300.0,0,0
29795.036,0,0
29631.717,0,0
29468.33,0,0
29304.875,0,0
28877.237,0,0
28307.925,0,0
27738.323,0,0
27160.675,0,0
26487.395,0,0
25761.203,0,0
25134.539,1,1
24223.783,1,1
24122.064,1,1
24830.433,1,1
25355.66,0,0
25881.455,0,0
26302.361,0,0
26431.42,0,0
26534.003,0,0
26736.805,0,0
26634.79,0,0
26527.516,0,0
26122.43,0,0
25686.671,0,0
25443.402,0,0
25234.964,1,1
24925.974,1,1
24716.43,1,1
23911.664,1,1
21657.199,1,1
20283.965,1,1
20499.995,1,1
20472.702,1,1
19580.749,1,1
17368.962,1,1
13419.087,1,1
10036.562,1,1
7479.542,1,1
7911.177,1,1
12034.815,1,1
15988.815,1,1
20100.875,1,1
22572.29,1,1
23338.339,1,1
24302.956,1,1
25775.064,0,0
27673.451,0,0
29999.425,0,0
31932.897,0,0
33188.929,0,0
33594.198,0,0
33417.113,0,0
33024.772,0,0
32519.169,0,0
32473.08,0,0
32979.66,0,0
33412.884,0,0
33677.409,0,0
33678.303,0,0
33590.457,0,0
33878.331,0,0
34583.625,0,0
35152.699,0,0
35397.606,0,0
35477.377,0,0
35418.982,0,0
35652.918,0,0
36249.011,0,0
36354.011,0,0
36203.339,0,0
36052.693,0,0
36000.0,0,0
35795.017,0,0
35631.484,0,0
35567.928,0,0
35404.35,0,0
35026.794,0,0
34558.217,0,0
34089.579,0,0
33620.88,0,0
33336.379,0,0
33336.119,0,0
33335.859,0,0
33335.599,0,0
33353.53,0,0
33389.717,0,0
33525.988,0,0
33503.857,0,0
33346.299,0,0
33181.672,0,0
32917.064,0,0
32752.476,0,0
32356.009,0,0
31627.643,0,0
30899.266,0,0
30270.879,0,0
29763.756,0,0
29677.911,0,0
29492.073,0,0
29406.243,0,0
29088.464,0,0
28738.709,0,0
28388.928,0,0
27956.635,0,0
27368.222,0,0
26828.764,0,0
26186.464,0,0
25456.876,0,0
24985.688,0,0
24772.999,0,0
24550.144,0,0
24159.363,1,1
23832.296,1,1
23468.953,1,1
23005.413,1,1
22641.675,1,1
22377.739,1,1
22072.051,1,1
21614.29,1,1
21156.17,1,1
21682.612,1,1
23194.422,1,1
24214.622,0,0
25140.202,0,0
24900.678,0,0
22966.34,1,1
21686.981,1,1
21415.655,1,1
20595.856,1,1
18657.176,1,1
17274.305,1,1
15904.817,1,1
16936.228,1,1
19242.857,1,1
21027.923,1,1
22202.747,1,1
23225.526,1,1
24104.994,1,1
25194.987,0,0
26428.076,0,0
27401.855,0,0
28115.845,0,0
28890.786,0,0
29726.084,0,0
30267.136,0,0
30571.139,0,0
31013.999,0,0
31792.943,0,0
31954.972,0,0
31625.556,0,0
30859.939,0,0
29854.043,0,0
29388.094,0,0
29363.807,0,0
29500.097,0,0
29796.833,0,0
29341.115,0,0
28412.476,0,0
29175.673,0,0
31232.87,0,0
32145.922,0,0
32081.934,0,0
31731.478,0,0
31251.452,0,0
30647.699,0,0
30934.779,0,0
31222.136,0,0
31400.56,0,0
31414.48,0,0
31528.732,0,0
31543.098,0,0
31557.581,0,0
31751.737,0,0
32025.789,0,0
32294.329,0,0
32414.616,0,0
32840.541,0,0
33266.66,0,0
33571.988,0,0
33977.608,0,0
33935.44,0,0
33749.582,0,0
33663.731,0,0
33577.889,0,0
33409.797,0,0
33259.477,0,0
33100.0,0,0
32800.0,0,0
32400.0,0,0
31700.0,0,0
31000.0,0,0
30300.0,0,0
29900.0,0,0
29800.0,0,0
29600.0,0,0
29500.0,0,0
29300.0,0,0
29000.0,0,0
28700.0,0,0
28400.0,0,0
28200.0,0,0
28000.0,0,0
27800.0,0,0
27600.0,0,0
27400.0,0,0
27400.0,0,0
27300.0,0,0
27300.0,0,0
27300.0,0,0
27244.91,0,0
27151.947,0,0
26956.231,0,0
26834.33,0,0
27034.176,0,0
27334.021,0,0
27533.867,0,0
27767.876,0,0
27936.077,0,0
28204.315,0,0
28372.59,0,0
27943.797,0,0
26607.197,0,0
25823.294,1,0
25958.351,0,0
26836.742,0,0
28027.369,0,0
27617.871,0,0
26181.501,0,0
24313.95,1,1
21899.862,1,1
19212.522,1,1
16354.593,1,1
14139.183,1,1
12455.75,1,1
14258.571,1,1
19881.442,1,1
24730.183,1,1
25643.662,1,1
25872.548,0,1
25641.331,1,1
24868.176,1,1
23520.49,1,1
22243.217,1,1
21110.631,1,1
20144.681,1,1
19362.219,1,1
19046.178,1,1
19375.975,1,1
19514.839,1,1
19539.059,1,1
21142.682,1,1
24461.214,1,1
27103.101,0,0
28991.856,0,0
30243.362,0,0
30867.215,0,0
31622.88,0,0
32326.496,0,0
32768.462,0,0
33066.194,0,0
33348.088,0,0
33613.121,0,0
33830.262,0,0
34047.701,0,0
34406.706,0,0
34641.824,0,0
34877.181,0,0
35094.44,0,0
35061.254,0,0
34824.594,0,0
34687.98,0,0
34400.0,0,0
34200.0,0,0
34100.0,0,0
34077.373,0,0
33934.999,0,0
33727.909,0,0
33656.148,0,0
33584.406,0,0
33400.0,0,0
33300.0,0,0
33084.39,0,0
32856.069,0,0
32727.727,0,0
32327.701,0,0
31756.021,0,0
31284.361,0,0
30700.0,0,0
30300.0,0,0
30063.049,0,0
29720.428,0,0
29477.767,0,0
29170.611,0,0
28899.002,0,0
28627.414,0,0
28355.846,0,0
28084.299,0,0
27700.0,0,0
27400.0,0,0
27100.0,0,0
27000.0,0,0
27000.0,0,0
27077.127,0,0
27134.291,0,0
27237.835,0,0
27587.814,0,0
27800.0,0,0
28000.0,0,0
28400.0,0,0
28800.0,0,0
29200.0,0,0
29700.0,0,0
29900.0,0,0
30000.0,0,0
30100.0,0,0
30100.0,0,0
29698.972,0,0
28480.634,0,0
27134.585,0,0
25494.642,0,0
24715.666,1,1
24806.642,1,1
24912.708,0,0
25035.074,0,0
25994.697,0,0
27024.802,0,0
27360.442,0,0
25134.267,0,0
20699.561,1,1
17186.184,1,1
15930.93,1,1
17262.891,1,1
17683.432,1,1
17122.406,1,1
17984.127,1,1
20087.681,1,1
22274.461,1,1
24348.417,1,1
24975.094,0,1
24000.175,1,1
23407.472,1,1
23272.125,1,1
22598.128,1,1
21673.895,1,1
20705.102,1,1
19991.42,1,1
20419.744,1,1
21584.03,1,1
22250.221,1,1
22526.901,1,1
24814.927,1,1
28341.737,0,0
31617.434,0,0
33345.419,0,0
33871.859,0,0
34567.442,0,0
35000.0,0,0
35400.0,0,0
35800.0,0,0
36200.0,0,0
36400.0,0,0
36300.0,0,0
36300.0,0,0
36300.0,0,0
36200.0,0,0
35900.0,0,0
35700.0,0,0
35500.0,0,0
35300.0,0,0
35200.0,0,0
35000.0,0,0
34900.0,0,0
34700.0,0,0
34300.0,0,0
34000.0,0,0
33600.0,0,0
33400.0,0,0
33200.0,0,0
33000.0,0,0
32800.0,0,0
32300.0,0,0
31700.0,0,0
31000.0,0,0
30400.0,0,0
29900.0,0,0
29700.0,0,0
29500.0,0,0
29300.0,0,0
29000.0,0,0
28600.0,0,0
28300.0,0,0
27900.0,0,0
27600.0,0,0
27300.0,0,0
27100.0,0,0
26800.0,0,0
26700.0,0,0
26700.0,0,0
26700.0,0,0
26700.0,0,0
26800.0,0,0
27000.0,0,0
27300.0,0,0
27500.0,0,0
27900.0,0,0
28400.0,0,0
28800.0,0,0
29300.0,0,0
29600.0,0,0
29700.0,0,0
29800.0,0,0
29900.0,0,0
29006.193,0,0
26664.751,0,0
23690.319,0,0
20257.778,1,1
18960.866,1,1
20717.644,1,1
20877.92,0,1
19380.23,1,1
18478.171,1,1
18248.999,1,1
17736.149,1,1
16695.128,1,1
15361.203,1,1
13599.74,1,1
13532.881,1,1
15293.383,1,1
17130.917,1,1
18995.637,1,1
19578.01,1,1
18853.37,1,1
18274.789,1,1
17729.812,1,1
17837.76,1,1
18486.48,1,1
18580.528,1,1
18245.506,1,1
18871.928,1,1
20237.443,1,1
21702.754,0,0
23156.2,0,0
23725.616,0,0
23820.376,0,0
23392.101,0,0
22642.538,0,0
25274.036,0,0
30147.521,0,0
32494.215,0,0
33223.469,0,0
33792.939,0,0
34401.949,0,0
34900.0,0,0
35300.0,0,0
35700.0,0,0
36100.0,0,0
36300.0,0,0
36200.0,0,0
36100.0,0,0
36100.0,0,0
35900.0,0,0
35700.0,0,0
35500.0,0,0
35284.368,0,0
35059.55,0,0
34838.261,0,0
34716.956,0,0
34495.636,0,0
34295.593,0,0
33916.855,0,0
33638.135,0,0
33359.435,0,0
33055.862,0,0
32827.388,0,0
32598.892,0,0
32370.376,0,0
31838.271,0,0
30902.568,0,0
29891.318,0,0
28921.04,0,0
28523.003,0,0
28630.835,0,0
28709.314,0,0
28687.821,0,0
28500.0,0,0
28284.246,0,0
27955.674,0,0
27627.091,0,0
27427.078,0,0
27155.65,0,0
26984.232,0,0
26800.0,0,0
26600.0,0,0
26473.496,0,0
26437.727,0,0
26301.945,0,0
26287.611,0,0
26394.738,0,0
26401.869,0,0
26509.004,0,0
26601.82,0,0
26680.309,0,0
26758.789,0,0
26837.262,0,0
27044.401,0,0
27380.221,0,0
27716.055,0,0
27951.902,0,0
28009.106,0,0
27631.383,0,0
27311.536,0,0
26872.942,0,0
26399.547,0,0
25778.523,0,0
25350.814,1,1
25055.207,1,1
24339.902,1,1
23012.175,1,1
22653.331,1,1
23376.983,1,1
24354.372,1,1
25570.485,1,1
25775.29,1,1
24982.658,1,1
24499.34,1,1
24257.445,1,1
23599.342,1,1
22509.738,1,1
20876.587,1,1
18609.632,1,1
19096.767,1,1
22247.795,1,1
25236.416,1,1
27897.621,0,0
27766.173,0,0
25289.818,1,1
23049.589,1,1
21081.359,1,1
21975.83,1,1
25016.983,1,1
27069.591,0,0
28302.554,0,0
30214.866,0,0
32736.24,0,0
34108.663,0,0
34807.517,0,0
35300.0,0,0
35395.07,0,0
35353.13,0,0
35118.134,0,0
34883.093,0,0
34648.009,0,0
34512.889,0,0
34329.919,0,0
34162.467,0,0
33894.835,0,0
33694.483,0,0
33561.705,0,0
33429.135,0,0
33212.128,0,0
33040.167,0,0
32961.198,0,0
32882.255,0,0
32903.339,0,0
32803.282,0,0
32582.049,0,0
32460.793,0,0
32239.514,0,0
32153.564,0,0
32003.008,0,0
31852.514,0,0
31700.0,0,0
31300.0,0,0
30573.708,0,0
29738.196,0,0
29002.64,0,0
28588.358,0,0
28495.39,0,0
28502.433,0,0
28409.486,0,0
28205.852,0,0
27891.505,0,0
27677.135,0,0
27362.741,0,0
27184.091,0,0
27041.266,0,0
26798.524,0,0
26600.0,0,0
26500.0,0,0
26400.0,0,0
26300.0,0,0
26300.0,0,0
26200.0,1,1
26200.0,1,1
26200.0,1,1
26200.0,1,1
26300.0,0,0
26600.0,0,0
26800.0,0,0
27100.0,0,0
27300.0,0,0
27500.0,0,0
27700.0,0,0
28000.0,0,0
27968.531,0,0
27640.93,0,0
27397.472,0,0
27049.157,0,0
26272.042,1,1
24821.319,1,1
23425.333,1,1
22070.685,1,1
21180.023,1,1
20811.037,1,1
20304.517,1,1
19463.15,1,1
18709.601,1,1
18073.996,1,1
17426.846,1,1
16759.839,1,1
15601.378,1,1
13854.409,1,1
14487.175,1,1
17534.282,1,1
20300.301,1,1
22796.094,1,1
24744.843,1,1
26308.545,0,0
27574.726,0,0
28599.954,0,0
28586.55,0,0
27810.178,0,0
27058.504,0,0
26792.724,0,0
27853.196,0,0
30193.278,0,0
31857.572,0,0
32891.788,0,0
33312.854,0,0
33238.149,0,0
32734.962,0,0
32024.285,0,0
32040.475,0,0
32534.584,0,0
32873.268,0,0
33044.271,0,0
33215.342,0,0
33308.743,0,0
33176.646,0,0
32974.364,0,0
32772.045,0,0
32614.274,0,0
32414.086,0,0
32371.543,0,0
32173.598,0,0
32075.671,0,0
32026.67,0,0
31926.582,0,0
31826.493,0,0
31726.405,0,0
31441.132,0,0
31170.651,0,0
30806.569,0,0
30340.763,0,0
29948.247,0,0
29428.968,0,0
28909.574,0,0
28321.482,0,0
27775.681,0,0
27320.783,0,0
26765.911,0,0
26201.6,1,0
26007.862,0,0
26114.251,0,0
26120.639,0,0
26227.028,0,0
25840.964,0,0
24884.151,0,0
23930.158,0,0
22876.284,0,0
22358.422,0,0
22376.485,0,0
22294.547,0,0
22312.609,0,0
22212.791,0,0
21995.12,0,0
21777.49,0,0
21559.898,0,0
21660.109,0,0
21878.092,0,0
22096.075,0,0
22314.059,0,0
22913.857,0,0
23695.392,0,0
24469.86,0,0
25095.201,0,0
25693.897,0,0
26265.956,0,0
26741.036,0,0
27079.649,0,0
27058.651,0,0
26537.436,0,0
26091.439,0,0
25491.147,0,0
23351.85,0,0
19171.39,0,0
16857.554,1,1
16716.436,1,1
15471.467,1,1
13066.285,1,1
11864.296,1,1
11631.908,1,1
12241.263,1,1
13491.906,1,1
14445.773,1,1
15277.74,1,1
15484.297,1,1
15112.206,1,1
16187.304,1,1
18724.094,1,1
21662.28,0,0
24853.285,0,0
25291.034,0,0
22923.765,0,0
20486.669,0,0
17802.055,1,1
17456.681,1,1
19304.695,0,0
20101.479,0,0
20151.009,0,0
19840.375,0,0
19100.412,0,0
18729.748,0,0
18498.215,1,0
19776.21,0,0
21847.718,0,0
23179.253,0,0
24358.216,0,0
25439.783,0,0
26325.511,0,0
26787.153,0,0
27065.162,0,0
27243.639,0,0
27422.585,0,0
27638.023,0,0
27789.835,0,0
27841.96,0,0
27994.398,0,0
27213.388,0,0
25597.375,0,0
23563.179,0,0
21383.606,0,0
20727.459,0,0
21697.586,0,0
22669.047,0,0
23641.845,0,0
23815.761,0,0
22989.017,0,0
22161.234,0,0
21332.411,0,0
19861.634,0,0
17847.984,1,1
15461.732,1,1
13066.104,1,1
11561.1,1,1
10848.772,1,1
10236.429,1,1
9524.07,1,1
8341.649,0,1
6748.273,1,1
5169.957,1,1
3588.978,1,1
2318.439,1,1
1159.181,1,1
56.913,1,1
0.0,1,1
0.0,1,1
0.0,1,1
0.0,1,1
0.0,1,1
0.0,1,1
0.0,1,1
0.0,1,1
0.0,1,1
0.0,1,1
0.0,1,1
2719.216,1,1
7469.367,1,1
9226.9,0,1
7845.618,1,1
6461.435,1,1
5113.791,1,1
6374.401,1,1
10369.549,0,0
14152.242,0,0
17602.539,0,0
20284.488,0,0
22405.822,0,0
23689.576,0,0
24762.356,0,0
23902.484,0,0
21017.273,0,0
18360.861,0,0
15900.561,0,0
14541.92,0,0
14552.598,0,0
13619.842,0,0
11559.211,0,0
9887.835,0,0
8530.492,0,0
8192.031,1,0
9028.687,0,0
9468.243,0,0
9691.034,0,0
10557.535,0,0
12065.081,0,0
13307.225,0,0
14205.159,0,0
15184.243,0,0
16335.046,0,0
17802.852,0,0
19664.531,0,0
21220.269,0,0
22396.892,0,0
23584.939,0,0
24804.928,0,0
25258.101,0,0
25118.881,0,0
25108.817,0,0
25073.19,0,0
26437.025,0,0
28828.879,0,0
30617.589,0,0
31936.728,0,0
33341.745,0,0
34314.77,0,0
34656.262,0,0
34528.058,0,0
34399.844,0,0
34271.62,0,0
34029.272,0,0
33811.358,0,0
33341.942,0,0
32972.381,0,0
32721.669,0,0
32689.962,0,0
32658.314,0,0
32626.727,0,0
32678.347,0,0
32614.809,0,0
32443.048,0,0
32371.297,0,0
32235.921,0,0
31841.978,0,0
31269.473,0,0
30694.7,0,0
29836.519,0,0
29156.878,0,0
28183.414,0,0
27290.497,0,0
26069.418,0,0
24326.492,0,0
22583.191,0,0
20839.514,0,0
20243.689,0,0
20695.909,0,0
21248.012,0,0
21799.997,0,0
21600.573,0,0
20649.917,0,0
19699.378,0,0
18748.956,0,0
18224.18,0,0
18124.961,0,0
18025.742,0,0
17926.522,0,0
17529.801,0,0
16603.818,0,0
15777.965,0,0
14852.243,0,0
14126.652,0,0
13501.191,0,0
12775.861,0,0
12150.661,0,0
12987.466,0,0
15185.908,0,0
17383.991,0,0
19181.113,0,0
19641.524,0,0
18831.315,0,0
17803.735,0,0
16733.052,0,0
15790.075,0,0
15243.778,0,0
14583.778,0,0
13916.006,0,0
11997.442,0,0
8163.926,1,1
5167.927,1,1
3453.494,1,1
917.804,1,1
0.0,1,1
0.0,1,1
0.0,1,1
0.0,1,1
0.0,1,1
0.0,1,1
0.0,1,1
0.0,1,1
0.0,1,1
0.0,1,1
0.0,1,1
0.0,1,1
0.0,1,1
0.0,1,1
0.0,1,1
0.0,1,1
1359.479,1,1
4184.612,1,1
7230.362,1,1
9573.763,1,1
10753.623,0,0
12312.888,0,0
13880.511,0,0
14908.962,0,0
15515.177,0,0
16265.487,0,0
17239.714,0,0
19229.136,0,0
22101.698,0,0
24873.325,0,0
26963.331,0,0
28123.07,0,0
28306.623,0,0
28590.243,0,0
28666.213,0,0
28672.01,0,0
28571.601,0,0
28571.191,0,0
28470.781,0,0
27695.429,0,0
25957.624,0,0
24219.547,0,0
21938.638,0,0
20406.041,0,0
19588.225,0,0
18770.154,0,0
17851.828,0,0
17144.795,0,0
16610.739,0,0
16076.605,0,0
15442.395,0,0
17065.985,0,0
20188.586,0,0
23092.708,0,0
25301.706,0,0
25385.961,0,0
23244.758,0,0
21103.008,0,0
18517.228,0,0
18115.402,1,1
19898.586,1,1
21138.757,1,1
22479.476,1,1
23003.89,1,1
23200.336,1,1
23397.046,1,1
23594.022,1,1
23770.035,1,1
23881.724,1,1
23993.579,1,1
24105.6,1,1
24317.789,1,1
24544.414,0,0
24744.768,0,0
24945.229,0,0
25229.439,0,0
25633.708,0,0
25910.847,0,0
26088.026,0,0
26400.0,0,0
26873.975,0,0
27238.848,0,0
27603.701,0,0
27886.106,0,0
27886.075,0,0
27886.045,0,0
27986.014,0,0
27612.369,0,0
26699.438,0,0
26103.211,0,0
25847.105,0,0
25840.766,0,0
25813.283,0,0
25742.362,0,0
25612.756,0,0
25682.718,0,0
25890.028,0,0
25791.649,0,0
25008.886,0,0
23948.189,1,1
23082.626,1,1
22663.051,1,1
22463.57,1,1
22186.29,1,1
21641.28,1,1
22301.352,1,1
23974.91,1,1
25316.012,0,0
26208.357,0,0
26712.801,0,0
27042.095,0,0
27534.62,0,0
27947.5,0,0
27818.348,0,0
26034.358,0,0
22993.39,1,1
20127.455,1,1
21231.088,1,1
25738.102,0,0
28241.872,0,0
29008.552,0,0
29422.008,0,0
29587.911,0,0
30086.768,0,0
30912.113,0,0
31538.767,0,0
32080.601,0,0
32500.0,0,0
32800.0,0,0
33100.0,0,0
33500.0,0,0
33600.0,0,0
33500.0,0,0
33400.0,0,0
33300.0,0,0
33200.0,0,0
33000.0,0,0
32900.0,0,0
32700.0,0,0
32600.0,0,0
32400.0,0,0
32300.0,0,0
32100.0,0,0
31900.0,0,0
31700.0,0,0
31500.0,0,0
31200.0,0,0
31000.0,0,0
30900.0,0,0
30677.716,0,0
30436.001,0,0
30029.034,0,0
29556.836,0,0
28984.653,0,0
28400.0,0,0
28000.0,0,0
27700.0,0,0
27500.0,0,0
27300.0,0,0
27000.0,0,0
26574.185,0,0
26239.351,0,0
25804.512,0,0
25511.471,0,0
25360.24,0,0
25100.0,0,0
24900.0,0,0
24800.0,0,0
24900.0,0,0
24900.0,0,0
25000.0,0,0
25100.0,0,0
25300.0,0,0
25500.0,0,0
25700.0,0,0
26000.0,0,0
26400.0,0,0
26900.0,0,0
27300.0,0,0
27600.0,0,0
27700.0,0,0
27800.0,0,0
27900.0,0,0
27583.209,0,0
26854.02,0,0
25881.762,0,0
24932.044,0,0
24224.756,0,0
23771.472,0,0
22967.784,1,1
21639.364,1,1
20654.703,1,1
19880.262,1,1
19054.21,1,1
18227.291,1,1
16903.438,1,1
15073.233,1,1
14705.388,1,1
15939.834,1,1
16567.835,1,1
16447.031,1,1
17715.337,1,1
20276.431,1,1
23689.093,1,1
25583.532,0,0
25583.379,0,0
25583.286,0,0
24538.071,0,0
23098.163,1,0
23714.704,0,0
26266.273,0,0
27955.064,0,0
29085.481,0,0
29330.847,0,0
28811.596,0,0
28552.374,0,0
28554.666,0,0
28522.661,0,0
28529.541,0,0
28652.901,0,0
28974.796,0,0
29217.61,0,0
29384.39,0,0
29552.636,0,0
29672.351,0,0
29691.871,0,0
29711.194,0,0
29665.106,0,0
29453.615,0,0
29241.938,0,0
29030.077,0,0
28928.315,0,0
28836.903,0,0
28845.637,0,0
28754.517,0,0
28377.679,0,0
27714.642,0,0
26789.074,0,0
25670.802,0,0
24960.111,0,0
24657.672,0,0
24355.231,0,0
24152.788,0,0
23150.319,1,1
21384.535,1,1
19225.094,1,1
16963.927,1,1
16736.629,1,1
18445.716,1,1
19966.587,1,1
21022.089,1,1
21831.351,1,1
22472.401,0,0
22693.419,0,0
23014.958,0,0
22741.555,0,0
21972.215,1,1
20937.535,1,1
19707.81,1,1
18697.429,1,1
18007.072,1,1
17416.16,1,1
16724.692,1,1
17291.195,1,1
19217.885,1,1
20535.417,1,1
21502.122,1,1
22110.963,1,1
22418.017,0,0
22625.366,0,0
22933.013,0,0
23136.28,0,0
23434.946,0,0
23633.609,0,0
23832.27,0,0
24183.418,0,0
24387.164,0,0
24691.06,0,0
24995.106,0,0
24873.981,0,0
23807.521,0,0
23251.638,0,0
23626.57,0,0
23897.803,0,0
24048.154,0,0
24364.619,0,0
25047.844,0,0
25772.94,0,0
26399.396,0,0
26234.757,0,0
25270.355,0,0
23255.119,0,0
20056.297,1,1
19495.171,1,1
21676.8,1,1
24478.28,0,0
27406.07,0,0
28708.291,0,0
28391.265,0,0
26284.053,0,0
22284.377,1,1
21536.47,1,1
23964.442,0,0
26065.686,0,0
26953.333,0,0
27523.733,0,0
25048.445,0,0
20841.18,1,1
17836.893,1,1
17528.504,1,1
19409.975,1,1
20545.901,1,1
20859.131,1,1
22371.675,0,0
24414.382,0,0
25542.349,0,0
25541.902,0,0
24785.989,0,0
23564.631,0,0
22864.296,0,0
23475.328,0,0
24086.611,0,0
24698.146,0,0
24888.561,0,0
24787.057,0,0
24585.553,0,0
24484.048,0,0
24601.766,0,0
24938.962,0,0
25276.496,0,0
25714.369,0,0
26728.696,0,0
27711.255,0,0
28601.6,0,0
29293.016,0,0
29451.65,0,0
29044.048,0,0
28736.374,0,0
28328.625,0,0
28228.17,0,0
28235.117,0,0
28342.137,0,0
28349.231,0,0
27737.615,0,0
26282.967,0,0
24647.355,0,0
22617.021,0,0
21097.429,0,0
20612.462,0,0
20227.495,0,0
19742.528,0,0
18878.011,0,0
17504.101,0,0
16130.381,0,0
14656.852,1,1
13920.726,1,1
13721.859,1,1
13522.992,1,1
13324.125,1,1
12330.221,1,1
10149.38,1,1
7887.671,1,1
5726.345,1,1
5195.58,1,1
6494.915,1,1
7894.02,1,1
9192.895,1,1
9942.953,1,1
10144.367,1,1
10445.78,1,1
10647.193,1,1
11496.285,1,1
12986.496,1,1
14259.445,1,1
15532.395,0,0
16756.395,0,0
17117.963,0,0
16387.67,0,0
15063.046,1,1
14879.071,1,1
16911.333,0,0
17517.466,0,0
16474.897,0,0
15139.187,0,0
13591.21,1,1
14356.267,1,1
17811.254,0,0
20735.506,0,0
23073.45,0,0
24659.824,0,0
25173.481,0,0
26574.72,0,0
27056.561,0,0
26840.656,0,0
25463.403,0,0
24786.686,0,0
24519.428,0,0
24796.715,0,0
25527.892,0,0
25539.128,0,0
25000.67,0,0
24562.638,0,0
24360.953,0,0
23775.994,0,0
22804.775,0,0
23786.978,0,0
26347.341,0,0
29126.348,0,0
30927.086,0,0
31430.466,0,0
31909.318,0,0
32424.085,0,0
32943.747,0,0
33676.732,0,0
34377.619,0,0
34612.345,0,0
34314.456,0,0
34116.466,0,0
33818.373,0,0
33701.624,0,0
33666.347,0,0
33731.138,0,0
33695.996,0,0
33348.719,0,0
32672.322,0,0
31911.256,0,0
31049.604,0,0
30351.655,0,0
29661.9,0,0
29071.632,0,0
28480.85,0,0
28588.171,0,0
29394.694,0,0
30089.81,0,0
30653.993,0,0
31031.255,0,0
31159.337,0,0
31287.765,0,0
31298.567,0,0
31036.415,0,0
30543.233,0,0
29950.058,0,0
29456.89,0,0
29191.381,0,0
29253.59,0,0
29200.0,0,0
29100.0,0,0
28900.0,0,0
28500.0,0,0
28100.0,0,0
27800.0,0,0
27500.0,0,0
27300.0,0,0
27200.0,0,0
27000.0,0,0
26800.0,0,0
26700.0,0,0
26700.0,0,0
26600.0,0,0
26500.0,0,0
26584.565,0,0
26656.546,0,0
26628.487,0,0
26821.424,0,0
27035.402,0,0
27249.4,0,0
27463.417,0,0
27652.845,0,0
27917.636,0,0
28082.382,0,0
28347.083,0,0
28089.058,0,0
26940.845,0,0
26251.727,0,0
26372.592,0,0
26534.187,0,0
26777.43,0,0
26601.44,0,0
25827.64,0,0
24779.263,0,0
23259.729,0,0
22813.56,0,0
23559.732,0,0
24217.931,0,0
24630.229,0,0
25228.008,0,0
26281.177,0,0
27771.555,0,0
29712.392,0,0
29523.669,0,0
27159.118,0,0
25031.334,0,0
23055.885,0,0
22204.798,0,0
22401.054,0,0
21733.768,1,1
20463.39,1,1
20965.013,1,1
23217.531,0,0
25116.36,0,0
26772.213,0,0
27952.036,0,0
28871.98,0,0
29937.477,0,0
30893.901,0,0
31572.965,0,0
32006.185,0,0
31899.733,0,0
31480.843,0,0
31514.898,0,0
31703.936,0,0
31296.276,0,0
31472.18,0,0
31548.544,0,0
31518.849,0,0
30319.189,0,0
27427.453,0,0
23541.788,0,0
19027.168,1,1
15287.584,1,1
12738.286,1,1
10186.22,1,1
7697.782,1,1
7020.061,1,1
8015.399,1,1
9124.368,1,1
10235.184,1,1
10633.831,1,1
10419.335,1,1
10204.82,1,1
9990.288,1,1
9776.778,1,1
9564.294,1,1
9351.796,1,1
9139.284,1,1
8420.628,1,1
7395.439,1,1
6369.723,1,1
5243.478,1,1
4517.834,1,1
4092.85,1,1
3567.413,1,1
3142.094,1,1
4266.414,1,1
6944.898,1,1
9700.095,1,1
12652.852,1,1
13759.7,1,1
13117.735,1,1
12475.375,1,1
11732.62,1,1
10970.7,1,1
9989.204,1,1
9006.761,1,1
8023.37,1,1
9005.612,1,1
12156.657,1,1
14826.793,1,1
17455.345,1,1
19077.06,1,1
19921.85,0,0
20767.335,0,0
21613.516,0,0
22915.859,0,0
24229.187,0,0
25291.074,0,0
26386.365,0,0
26417.61,0,0
25077.046,0,0
23175.389,0,0
20759.625,0,0
19688.802,0,0
20248.67,0,0
20301.588,0,0
20183.697,0,0
20005.103,0,0
19557.918,0,0
19293.054,0,0
19219.915,1,1
19248.882,1,1
19170.111,1,1
19269.246,0,0
19552.936,0,0
20021.876,0,0
20472.752,0,0
20826.967,0,0
20976.751,0,0
20957.124,0,0
20970.195,0,0
20994.233,0,0
21041.391,0,0
20743.151,0,0
20416.235,0,0
20575.765,0,0
21255.217,0,0
21584.333,0,0
21818.509,0,0
23245.558,0,0
25765.792,0,0
28053.709,0,0
29895.008,0,0
31419.806,0,0
32729.383,0,0
33851.568,0,0
34800.234,0,0
35910.654,0,0
36905.251,0,0
37295.156,0,0
37200.0,0,0
37100.0,0,0
36900.0,0,0
36800.0,0,0
36600.0,0,0
36391.682,0,0
36122.645,0,0
35881.122,0,0
35667.188,0,0
35453.228,0,0
35239.244,0,0
35032.169,0,0
34832.021,0,0
34631.873,0,0
34531.724,0,0
34466.359,0,0
34435.88,0,0
34400.0,0,0
34400.0,0,0
34200.0,0,0
33900.0,0,0
33700.0,0,0
33400.0,0,0
32900.0,0,0
32000.0,0,0
31200.0,0,0
30400.0,0,0
29900.0,0,0
29800.0,0,0
29700.0,0,0
29600.0,0,0
29400.0,0,0
29200.0,0,0
29000.0,0,0
28700.0,0,0
28500.0,0,0
28300.0,0,0
28100.0,0,0
27900.0,0,0
27800.0,0,0
27700.0,0,0
27600.0,1,1
27600.0,1,1
27500.0,1,1
27600.0,1,1
27600.0,1,1
27700.0,0,0
27800.0,0,0
28000.0,0,0
28200.0,0,0
28400.0,0,0
28600.0,0,0
28700.0,0,0
28900.0,0,0
29100.0,0,0
29041.586,0,0
28760.831,0,0
28537.686,0,0
28542.111,0,0
28641.792,0,0
28989.781,0,0
29275.206,0,0
29484.989,0,0
29679.659,0,0
29877.827,0,0
29842.419,0,0
29028.735,0,0
28005.34,0,0
27410.449,1,1
26629.385,1,1
25622.137,1,1
24538.537,1,1
23315.684,1,1
22659.477,1,1
22389.977,1,1
21681.581,1,1
20458.026,1,1
20521.754,1,1
21849.791,1,1
22818.903,1,1
23627.949,1,1
23719.106,1,1
23279.846,1,1
22661.325,1,1
21823.668,1,1
23183.259,1,1
26192.856,1,1
28852.02,0,0
31146.219,0,0
32293.376,0,0
32628.927,0,0
33008.139,0,0
33443.662,0,0
34676.109,0,0
35993.931,0,0
36494.997,0,0
36331.222,0,0
36167.434,0,0
35903.636,0,0
35710.006,0,0
35609.98,0,0
35409.954,0,0
35309.927,0,0
35189.366,0,0
34924.803,0,0
34660.247,0,0
34495.697,0,0
34352.433,0,0
34200.0,0,0
34100.0,0,0
34000.0,0,0
33900.0,0,0
33800.0,0,0
33700.0,0,0
33600.0,0,0
33400.0,0,0
33200.0,0,0
33000.0,0,0
32800.0,0,0
32400.0,0,0
31700.0,0,0
31100.0,0,0
30500.0,0,0
30045.271,0,0
29795.584,0,0
29545.924,0,0
29296.291,0,0
28774.358,0,0
28103.775,0,0
27433.338,0,0
26655.258,1,1
26302.887,1,1
26332.72,1,1
26235.758,1,1
26238.686,1,1
26105.122,1,1
25835.295,1,1
25657.889,1,1
25237.601,1,1
25469.562,1,1
26219.694,1,1
26858.144,1,1
27511.369,0,0
27839.665,0,0
28404.411,0,0
28794.42,0,0
29126.195,0,0
29375.845,0,0
29543.272,0,0
29710.663,0,0
29878.018,0,0
29737.643,0,0
29071.053,0,0
28271.31,0,0
27384.791,1,1
26927.178,1,1
26798.152,1,1
25882.497,1,1
23923.962,1,1
21387.729,1,1
18013.35,1,1
17676.03,1,1
20556.687,1,1
23247.335,1,1
25637.949,1,1
27395.17,1,1
28098.545,0,0
29357.694,0,0
30592.399,0,0
30942.253,0,0
30656.904,0,0
30134.113,0,0
29192.457,0,0
28649.645,0,0
28620.146,0,0
28803.417,0,0
29298.766,0,0
29771.432,0,0
30136.73,0,0
30501.983,0,0
30788.49,0,0
30835.05,0,0
30858.195,0,0
30982.025,0,0
31113.124,0,0
31383.729,0,0
31793.613,0,0
32617.957,0,0
33417.977,0,0
33803.902,0,0
34203.749,0,0
34707.546,0,0
35170.017,0,0
35632.531,0,0
36095.091,0,0
36300.0,0,0
36184.649,0,0
36056.8,0,0
36028.93,0,0
35811.49,0,0
35604.49,0,0
35397.486,0,0
35090.476,0,0
34997.413,0,0
34818.311,0,0
34739.225,0,0
34560.153,0,0
34363.632,0,0
34149.642,0,0
33935.643,0,0
33621.634,0,0
33407.614,0,0
33093.585,0,0
32779.546,0,0
32465.497,0,0
31947.935,0,0
31326.856,0,0
30605.762,0,0
29863.258,0,0
29491.555,0,0
29426.516,0,0
29261.527,0,0
29196.587,0,0
28885.963,0,0
28329.563,0,0
27811.746,0,0
27142.492,0,0
26523.383,0,0
26154.514,0,0
25785.432,0,0
25380.1,0,0
24989.975,0,0
24673.169,0,0
24355.963,1,1
23938.358,1,1
24379.397,1,1
25478.802,0,0
26321.554,0,0
26845.764,0,0
27313.209,0,0
27813.154,0,0
28413.099,0,0
28913.044,0,0
29237.939,0,0
29387.831,0,0
29500.0,0,0
29600.0,0,0
29282.796,0,0
28241.99,0,0
27071.163,0,0
25593.089,0,0
23639.548,1,1
20882.002,1,1
19496.821,1,1
20003.615,1,1
20394.238,1,1
20333.115,1,1
20341.29,1,1
20500.584,1,1
20447.68,1,1
19670.89,1,1
20044.68,1,1
21618.568,1,1
24287.669,1,1
26437.372,0,0
26477.665,0,0
23394.437,1,1
17863.609,1,1
12948.123,1,1
12576.398,1,1
16740.701,1,1
19982.941,1,1
22388.848,1,1
23959.125,1,1
24831.796,0,0
26329.522,0,0
27365.572,0,0
27666.233,0,0
27802.969,0,0
28013.582,0,0
28313.52,0,0
28381.577,0,0
28466.039,0,0
28806.558,0,0
29567.728,0,0
30781.806,0,0
32011.887,0,0
32734.501,0,0
33132.689,0,0
33530.874,0,0
33929.057,0,0
34340.021,0,0
34864.438,0,0
35310.338,0,0
35611.708,0,0
35712.33,0,0
35589.541,0,0
35466.876,0,0
35300.0,0,0
35100.0,0,0
35000.0,0,0
34800.0,0,0
34700.0,0,0
34400.0,0,0
34100.0,0,0
33700.0,0,0
33300.0,0,0
33000.0,0,0
32800.0,0,0
32600.0,0,0
32398.535,0,0
31877.194,0,0
31091.415,0,0
30400.0,0,0
29600.0,0,0
29200.0,0,0
29084.246,0,0
29055.642,0,0
28926.985,0,0
28726.915,0,0
28355.514,0,0
28084.171,0,0
27800.0,0,0
27500.0,0,0
27300.0,0,0
27200.0,0,0
27000.0,0,0
26900.0,0,0
26800.0,0,0
26700.0,0,0
26600.0,0,0
26600.0,0,0
26600.0,0,0
26500.0,1,0
26500.0,0,0
26600.0,0,0
26900.0,0,0
27100.0,0,0
27400.0,0,0
27600.0,0,0
27800.0,0,0
28100.0,0,0
28300.0,0,0
28207.82,0,0
27826.825,0,0
27247.464,0,0
26681.051,0,0
25912.053,1,1
25076.199,1,1
24078.124,1,1
22956.792,1,1
21059.933,1,1
18389.462,1,1
17131.104,1,1
17484.625,1,1
17301.062,1,1
16509.044,1,1
16635.017,1,1
17971.19,1,1
18911.871,1,1
19422.019,1,1
20860.684,1,1
23247.401,1,1
25911.254,1,1
28761.962,0,0
29521.37,0,0
28073.912,0,0
26875.236,0,0
26059.651,1,1
25735.155,1,1
25863.592,1,1
25912.627,1,1
25926.394,1,1
26396.229,1,1
27427.228,0,0
27700.515,0,0
27513.397,0,0
29724.942,0,0
33562.984,0,0
35456.455,0,0
35853.376,0,0
36231.621,0,0
36493.737,0,0
36498.524,0,0
36300.0,0,0
36100.0,0,0
35900.0,0,0
35700.0,0,0
35500.0,0,0
35400.0,0,0
35200.0,0,0
35100.0,0,0
34800.0,0,0
34600.0,0,0
34400.0,0,0
34300.0,0,0
34200.0,0,0
34000.0,0,0
33900.0,0,0
33800.0,0,0
33600.0,0,0
33500.0,0,0
33244.328,0,0
33033.464,0,0
32876.818,0,0
32700.0,0,0
32500.0,0,0
32100.0,0,0
31400.0,0,0
30700.0,0,0
30000.0,0,0
29600.0,0,0
29483.997,0,0
29196.924,0,0
29009.82,0,0
28529.912,0,0
27983.565,0,0
27337.153,0,0
26547.178,0,0
26293.023,1,1
26424.923,1,1
26509.956,0,1
26487.061,1,1
26096.405,1,1
25165.222,1,1
24038.453,1,1
22674.107,1,1
22130.491,1,1
22747.224,1,1
23264.053,1,1
23780.978,1,1
23869.849,1,1
23330.493,1,1
22791.0,1,1
22135.163,1,1
21532.508,1,1
21464.514,1,1
21396.471,1,1
21328.379,1,1
22735.416,1,1
24919.142,1,1
26612.943,0,0
28105.973,0,0
29220.845,0,0
28753.964,0,0
29627.604,0,0
30601.247,0,0
30678.131,0,0
30053.388,0,0
29725.376,0,0
29697.524,0,0
29637.38,0,0
29537.692,0,0
29466.81,0,0
29327.072,0,0
27038.077,0,0
22538.813,1,1
21919.251,1,1
25336.717,1,1
27528.205,0,0
28359.879,0,0
29751.681,0,0
31489.771,0,0
32624.238,0,0
33270.443,0,0
33279.158,0,0
32597.365,0,0
31951.067,0,0
31256.674,0,0
31497.953,0,0
32592.02,0,0
33701.784,0,0
34714.202,0,0
35268.552,0,0
35305.595,0,0
35360.566,0,0
35533.992,0,0
35808.671,0,0
36179.242,0,0
36066.711,0,0
35387.092,0,0
34565.284,0,0
33716.952,0,0
33516.299,0,0
34163.94,0,0
34685.704,0,0
35065.687,0,0
35140.05,0,0
34889.881,0,0
34704.216,0,0
34418.559,0,0
34143.717,0,0
34079.695,0,0
34015.686,0,0
33851.69,0,0
33758.885,0,0
33537.251,0,0
33415.605,0,0
33193.947,0,0
33093.918,0,0
32915.535,0,0
32737.164,0,0
32558.805,0,0
32194.901,0,0
31600.0,0,0
30900.0,0,0
30300.0,0,0
29900.0,0,0
29700.0,0,0
29600.0,0,0
29400.0,0,0
29200.0,0,0
28900.0,0,0
28700.0,0,0
28400.0,0,0
28200.0,0,0
27900.0,0,0
27700.0,0,0
27500.0,0,0
27300.0,0,0
27200.0,0,0
27200.0,0,0
27100.0,0,0
27000.0,0,0
27000.0,0,0
27000.0,0,0
27000.0,0,0
27100.0,0,0
27300.0,0,0
27500.0,0,0
27700.0,0,0
28000.0,0,0
28300.0,0,0
28600.0,0,0
28900.0,0,0
28533.609,0,0
27338.884,0,0
25705.843,0,0
23611.872,0,0
21902.912,1,1
20719.386,1,1
19680.693,1,1
19144.757,1,1
18238.16,1,1
16890.952,1,1
16088.743,1,1
16129.721,1,1
15980.043,1,1
15445.005,1,1
14816.16,1,1
13993.772,1,1
13726.374,1,1
13928.393,1,1
14743.709,1,1
15951.234,1,1
16769.317,1,1
17066.414,1,1
17839.925,1,1
19171.56,1,1
20366.319,1,1
21588.711,1,1
22036.236,1,1
22000.33,1,1
22140.072,0,0
22449.245,0,0
23330.27,0,0
24479.421,0,0
25344.939,0,0
26036.936,0,0
27795.035,0,0
30285.134,0,0
32079.401,0,0
33287.819,0,0
34824.474,0,0
36247.924,0,0
36642.004,0,0
36340.853,0,0
35732.988,0,0
35124.755,0,0
34990.216,0,0
35129.881,0,0
35369.855,0,0
35591.539,0,0
35409.297,0,0
35124.756,0,0
34654.138,0,0
34283.364,0,0
34114.825,0,0
33948.658,0,0
33882.522,0,0
33816.418,0,0
33630.672,0,0
33225.122,0,0
32819.385,0,0
32486.437,0,0
32125.635,0,0
31924.962,0,0
31624.288,0,0
31423.614,0,0
31003.186,0,0
30461.428,0,0
29863.907,0,0
29166.479,0,0
28766.147,0,0
28662.814,0,0
28459.442,0,0
28200.05,0,0
27490.236,0,0
26331.382,0,0
24886.245,1,1
23474.571,1,1
23040.68,1,1
23863.347,1,1
24590.395,1,1
25211.149,1,1
24957.001,1,1
23968.315,1,1
22692.203,1,1
21003.716,1,1
20470.938,1,1
21533.175,1,1
22394.796,1,1
22982.203,1,1
23522.726,1,1
24016.285,1,1
24609.952,1,1
25103.726,1,1
25897.87,1,1
26851.287,0,0
27677.858,0,0
28461.552,0,0
28672.183,0,0
28145.834,0,0
27879.75,0,0
27863.735,0,0
28262.221,0,0
29011.789,0,0
29373.301,0,0
28936.878,0,0
27914.663,0,0
26774.337,0,0
26142.449,0,0
25713.892,1,1
24874.95,1,1
23587.916,1,1
23676.434,1,1
25239.759,1,1
26643.252,0,0
27856.326,0,0
29220.202,0,0
30715.048,0,0
32402.79,0,0
32257.14,0,0
32383.928,0,0
31930.126,0,0
30818.162,0,0
28894.649,0,0
28842.762,0,0
30561.028,0,0
32211.964,0,0
33120.31,0,0
33328.417,0,0
33416.664,0,0
33541.713,0,0
33477.527,0,0
33314.657,0,0
33241.917,0,0
33665.827,0,0
34125.506,0,0
33977.88,0,0
33957.35,0,0
34026.789,0,0
34313.724,0,0
34432.195,0,0
34650.666,0,0
34556.735,0,0
34250.388,0,0
34044.02,0,0
33737.634,0,0
33856.118,0,0
34288.295,0,0
34565.134,0,0
34741.973,0,0
34727.18,0,0
34527.165,0,0
34427.149,0,0
34227.133,0,0
34134.267,0,0
34048.551,0,0
33962.834,0,0
33977.118,0,0
33752.115,0,0
33487.817,0,0
32886.221,0,0
32379.426,0,0
31606.661,0,0
30512.449,0,0
29440.284,0,0
28368.051,0,0
27788.321,0,0
28001.115,0,0
28113.872,0,0
28226.589,0,0
28292.283,0,0
28223.606,0,0
28128.063,0,0
27932.557,0,0
27596.139,1,1
26891.867,1,1
25947.687,1,1
25003.507,1,1
24694.846,1,1
25068.941,1,1
25494.053,1,1
25919.243,1,1
25919.166,1,1
25493.766,1,1
25068.366,1,1
24593.89,1,1
24221.422,1,1
24057.984,1,1
23894.547,1,1
23831.11,1,1
24030.902,1,1
24593.974,1,1
25157.111,1,1
25720.315,1,1
26320.083,1,1
26807.862,1,1
27202.83,1,1
27711.815,1,1
28067.504,0,0
28363.295,0,0
28643.736,0,0
28910.203,0,0
29117.799,0,0
29165.647,0,0
29479.829,0,0
30061.635,0,0
30381.161,0,0
30381.108,0,0
30260.0,0,0
30017.722,0,0
30156.223,0,0
30875.63,0,0
31531.008,0,0
32121.994,0,0
32838.187,0,0
33326.551,0,0
34137.068,0,0
35096.643,0,0
35702.972,0,0
35932.105,0,0
35856.358,0,0
35699.653,0,0
35513.122,0,0
35550.424,0,0
35407.451,0,0
35284.69,0,0
35153.322,0,0
35213.308,0,0
35287.417,0,0
35474.709,0,0
35728.107,0,0
35848.038,0,0
36083.037,0,0
36230.797,0,0
36300.0,0,0
36100.0,0,0
36000.0,0,0
35800.0,0,0
35700.0,0,0
35500.0,0,0
35300.0,0,0
35200.0,0,0
35000.0,0,0
34700.0,0,0
34500.0,0,0
34300.0,0,0
34200.0,0,0
34200.0,0,0
34084.335,0,0
33999.152,0,0
33835.306,0,0
33692.78,0,0
33308.276,0,0
32905.394,0,0
32619.534,0,0
32250.68,0,0
31881.918,0,0
31477.129,0,0
30787.801,0,0
29772.302,0,0
28856.973,0,0
27941.814,0,0
27284.421,0,0
27084.665,0,0
26884.909,0,0
26685.153,0,0
26490.595,0,0
26401.207,0,0
26211.78,0,0
26022.316,0,0
25538.561,0,0
24660.699,0,0
23689.891,0,0
22700.367,0,0
22205.923,1,1
22206.345,1,1
22306.766,1,1
22407.187,1,1
23153.779,0,0
24637.021,0,0
25682.521,0,0
26703.82,0,0
27273.345,0,0
27606.057,0,0
27938.782,0,0
28371.519,0,0
28537.978,0,0
28638.15,0,0
28738.323,0,0
28938.495,0,0
28756.059,0,0
28373.535,0,0
27984.06,0,0
27436.466,0,0
27181.575,0,0
27222.943,0,0
26955.21,0,0
26273.245,0,0
25871.046,0,0
25640.53,0,0
25908.303,0,0
26689.722,0,0
27106.986,0,0
27156.208,0,0
27411.763,0,0
27673.443,0,0
27536.787,0,0
26840.054,0,0
26428.553,0,0
26317.285,0,0
26527.38,0,0
27490.945,0,0
27613.157,0,0
26894.521,0,0
25336.15,0,0
23042.507,0,0
21330.81,1,1
19767.087,1,1
18491.909,1,1
17302.673,1,1
16260.998,1,1
14954.176,1,1
14663.988,1,1
15397.311,1,1
16127.941,1,1
16954.404,1,1
17412.106,1,1
17560.132,1,1
17910.051,1,1
18239.533,1,1
18208.384,1,1
17640.428,1,1
17072.164,1,1
16603.592,1,1
17781.317,1,1
20806.776,1,1
23453.593,0,0
25958.881,0,0
26573.606,0,0
25296.482,0,0
23918.975,0,0
22641.085,0,0
22538.907,0,0
23513.014,0,0
24387.503,0,0
25362.375,0,0
26341.173,0,0
27454.208,0,0
28567.745,0,0
29113.564,0,0
29304.1,0,0
29003.425,0,0
28802.749,0,0
28602.073,0,0
28842.131,0,0
29284.621,0,0
29511.063,0,0
29512.518,0,0
29079.254,0,0
28410.922,0,0
27603.753,0,0
26573.047,0,0
26163.83,1,1
26076.48,1,1
26089.242,1,1
26002.115,1,1
25936.782,1,1
25791.555,1,1
25691.85,1,1
25492.181,1,1
25392.0,1,1
25291.256,1,1
25190.476,1,1
25035.077,1,1
24638.029,1,1
24000.687,1,1
23084.242,1,1
22102.941,1,1
22501.824,1,1
24181.681,1,1
25697.667,1,1
27035.113,0,0
27832.388,0,0
28087.66,0,0
28388.277,0,0
28588.93,0,0
28544.326,0,0
28139.534,0,0
27636.563,0,0
27128.969,0,0
27156.466,0,0
27519.191,0,0
28033.371,0,0
28734.078,0,0
29599.643,0,0
30622.508,0,0
30667.957,0,0
29698.073,0,0
28459.763,0,0
26955.754,0,0
26264.455,1,1
26169.104,1,1
25892.715,1,1
25426.692,1,1
25962.283,1,1
27356.454,0,0
28690.022,0,0
29555.614,0,0
29891.479,0,0
29981.909,0,0
29760.306,0,0
29350.556,0,0
29243.073,0,0
29433.063,0,0
29584.669,0,0
29802.119,0,0
29987.547,0,0
30339.843,0,0
30813.859,0,0
31407.129,0,0
31665.057,0,0
31794.384,0,0
32218.757,0,0
32699.761,0,0
33066.218,0,0
33332.638,0,0
33732.343,0,0
34165.375,0,0
34698.43,0,0
35231.509,0,0
35431.333,0,0
35297.87,0,0
35164.389,0,0
35030.89,0,0
34697.344,0,0
33990.671,0,0
33114.288,0,0
32137.257,0,0
31645.361,0,0
31686.796,0,0
31628.308,0,0
31660.629,0,0
31397.97,0,0
30712.362,0,0
30126.601,0,0
29440.687,0,0
29210.821,0,0
29437.345,0,0
29554.888,0,0
29667.094,0,0
29636.26,0,0
29562.47,0,0
29209.424,0,0
28911.425,0,0
28678.924,0,0
28611.724,0,0
28444.477,0,0
28377.181,0,0
28093.048,0,0
27692.059,0,0
27290.998,0,0
26789.864,0,0
26254.152,0,0
25516.149,1,1
24738.487,1,1
23940.863,1,1
23632.195,1,1
23999.727,1,1
24319.11,1,1
24638.795,1,1
24690.771,1,1
24374.641,1,1
24058.284,1,1
23741.699,1,1
23788.13,1,1
24297.859,1,1
24707.74,1,1
25117.773,1,1
25686.13,1,1
26464.044,0,0
27102.083,0,0
27740.367,0,0
27700.631,0,0
26876.158,0,0
26038.544,1,1
25354.646,1,1
25804.492,1,1
27284.265,0,0
27912.473,0,0
27517.886,0,0
25060.208,1,1
20072.693,1,1
19391.597,1,1
23490.002,1,1
26570.622,0,0
28412.572,0,0
29337.304,0,0
29234.223,0,0
29192.693,0,0
29380.839,0,0
29345.473,0,0
28963.335,0,0
27863.977,0,0
25963.744,1,0
27123.983,0,0
31472.006,0,0
34144.785,0,0
35399.777,0,0
35391.269,0,0
34205.413,0,0
33107.501,0,0
32069.795,0,0
31670.248,0,0
31713.93,0,0
31155.622,0,0
30007.973,0,0
30206.75,0,0
31473.971,0,0
32451.556,0,0
33438.895,0,0
34127.002,0,0
34722.759,0,0
34942.416,0,0
34996.229,0,0
34895.842,0,0
34795.544,0,0
34661.684,0,0
34394.085,0,0
33934.517,0,0
33573.073,0,0
33554.938,0,0
33776.111,0,0
33877.678,0,0
33979.604,0,0
33840.41,0,0
33761.434,0,0
33682.476,0,0
33503.538,0,0
33459.821,0,0
33400.0,0,0
33200.0,0,0
33100.0,0,0
32900.0,0,0
32700.0,0,0
32400.0,0,0
32200.0,0,0
31800.0,0,0
31600.0,0,0
31300.0,0,0
31100.0,0,0
