31900.0,0,0
31800.0,0,0
31600.0,0,0
31300.0,0,0
30986.639,1,1
30528.507,1,1
30006.398,1,1
29584.33,1,1
29000.0,1,1
28600.0,1,1
28300.0,1,1
28000.0,1,1
27800.0,1,1
27600.0,1,1
27600.0,1,1
27600.0,1,1
27600.0,1,1
27797.318,1,1
28197.317,1,1
28497.316,1,1
28897.316,1,1
29377.768,1,1
29838.664,1,1
30399.545,1,1
30860.413,1,1
31273.429,0,0
31538.62,0,0
31800.0,0,0
32000.0,0,0
32095.977,0,0
31917.794,0,0
31683.736,0,0
31446.234,0,0
31339.677,0,0
31260.796,1,0
31720.306,0,0
32519.993,0,0
33353.812,0,0
33738.748,0,0
33467.951,0,0
32378.366,0,0
32156.041,0,0
32979.76,0,0
33872.828,0,0
34493.122,0,0
34684.422,0,0
34545.505,0,0
35127.916,0,0
36327.107,0,0
37460.851,0,0
37727.572,0,0
37516.935,0,0
37015.956,0,0
36358.242,0,0
35778.355,0,0
34992.662,0,0
34199.234,0,0
33679.17,0,0
33531.458,0,0
33647.685,0,0
34059.069,0,0
34097.206,0,0
33299.084,0,0
32342.549,0,0
31030.81,1,1
30961.151,1,1
32494.787,0,0
33837.635,0,0
35299.163,0,0
36226.434,0,0
36632.542,0,0
36938.65,0,0
37344.759,0,0
37786.986,0,0
38365.422,0,0
38767.085,0,0
39102.355,0,0
39219.962,0,0
39019.849,0,0
38819.736,0,0
38619.622,0,0
38257.335,0,0
37832.874,0,0
37508.413,0,0
37083.952,0,0
36901.693,0,0
37061.709,0,0
37112.43,0,0
36729.828,0,0
36427.673,0,0
36105.959,0,0
35784.26,0,0
35500.0,0,0
34700.0,0,0
33700.0,0,0
32700.0,0,0
31700.0,0,0
31100.0,0,0
31000.0,0,0
30900.0,0,0
30800.0,0,0
30600.0,0,0
30146.922,0,0
29676.836,0,0
28721.385,1,1
27771.902,1,1
26752.635,1,1
25380.733,1,1
24108.26,1,1
23565.807,1,1
23854.008,1,1
24042.485,1,1
24331.239,1,1
24083.728,1,1
23499.473,1,1
22814.312,1,1
21878.48,1,1
21976.846,1,1
23210.157,1,1
24193.461,1,1
25176.59,1,1
25622.086,1,1
25529.466,1,1
25436.566,1,1
25343.386,1,1
26033.062,1,1
27577.264,1,1
28702.405,1,1
29666.065,0,0
30473.54,0,0
31690.989,0,0
32587.427,0,0
33193.956,0,0
33762.728,0,0
34194.125,0,0
34706.348,0,0
35299.59,0,0
35903.503,0,0
36417.677,0,0
36558.547,0,0
36422.528,0,0
36396.032,0,0
36521.747,0,0
36736.086,0,0
37228.704,0,0
37387.219,0,0
37211.392,0,0
36889.703,0,0
36847.957,0,0
36489.449,0,0
35914.263,0,0
35864.219,0,0
36231.365,0,0
37470.059,0,0
38676.519,0,0
38975.937,0,0
38980.782,0,0
38588.76,0,0
38007.739,0,0
37824.803,0,0
37939.029,0,0
38392.995,0,0
38986.628,0,0
39450.034,0,0
39806.896,0,0
39769.391,0,0
39281.557,0,0
38893.688,0,0
38405.787,0,0
38424.814,0,0
38916.683,0,0
38847.907,0,0
38879.153,0,0
38677.602,0,0
38400.0,0,0
38100.0,0,0
37800.0,0,0
37500.0,0,0
37400.0,0,0
37300.0,0,0
37200.0,0,0
37000.0,0,0
36800.0,0,0
36500.0,0,0
36300.0,0,0
36100.0,0,0
35800.0,0,0
35600.0,0,0
35400.0,0,0
34800.0,0,0
33900.0,0,0
32900.0,0,0
32000.0,0,0
31400.0,0,0
31300.0,0,0
31200.0,0,0
31000.0,0,0
30800.0,0,0
30400.0,1,1
30100.0,1,1
29700.0,1,1
29500.0,1,1
29200.0,1,1
29000.0,1,1
28700.0,1,1
28600.0,1,1
28500.0,1,1
28400.0,1,1
28300.0,1,1
28300.0,1,1
28300.0,1,1
28400.0,1,1
28400.0,1,1
28600.0,1,1
28800.0,1,1
29000.0,1,1
29200.0,1,1
29500.0,1,1
29800.0,1,1
30100.0,1,1
30400.0,0,0
30648.894,0,0
31039.048,0,0
31425.968,0,0
31711.121,0,0
32052.825,0,0
32341.096,0,0
33155.64,0,0
34302.241,0,0
35419.159,0,0
36303.463,0,0
36478.812,0,0
35924.965,0,0
35341.649,0,0
34735.903,0,0
34921.001,0,0
35899.161,0,0
36526.055,0,0
37004.36,0,0
37392.881,0,0
37891.58,0,0
38169.607,0,0
38227.058,0,0
38523.723,0,0
39257.502,0,0
39906.103,0,0
40366.13,0,0
40281.169,0,0
39656.442,0,0
39166.72,0,0
38770.232,0,0
38646.659,0,0
38916.708,0,0
39215.039,0,0
39542.67,0,0
39749.341,0,0
39737.287,0,0
39858.84,0,0
39818.823,0,0
39766.914,0,0
39134.676,0,0
38197.231,0,0
36536.312,0,0
34685.085,0,0
32350.802,0,0
31116.124,0,0
31181.404,0,0
31246.779,0,0
31312.249,0,0
31878.449,0,0
33145.7,0,0
33991.427,0,0
34765.322,0,0
35102.293,0,0
34902.052,0,0
34701.812,0,0
34601.572,0,0
34205.714,0,0
33714.134,0,0
33122.414,0,0
32630.554,0,0
32332.196,0,0
32227.471,0,0
32122.78,0,0
32118.123,0,0
31515.498,0,0
30514.876,0,0
29514.255,1,1
28513.633,1,1
28009.421,0,0
28101.93,0,0
28194.852,0,0
28288.188,0,0
28283.43,0,0
27980.261,0,0
27677.084,0,0
27373.899,0,0
26873.001,0,0
26173.692,0,0
25573.446,0,0
24872.259,0,0
24220.677,0,0
23618.588,0,0
23005.29,0,0
22218.082,0,0
21188.165,0,0
19814.228,0,0
17816.288,0,0
15328.874,1,1
15784.756,1,1
19194.07,0,0
21391.927,0,0
23370.03,0,0
25057.309,0,0
26662.597,0,0
28023.051,0,0
29163.343,0,0
28918.801,0,0
26441.951,0,0
22975.24,0,0
18467.291,0,0
15320.307,1,1
14317.548,1,1
13861.15,1,1
14484.427,1,1
15262.107,1,1
16307.142,1,1
16921.933,1,1
17198.805,0,0
18135.285,0,0
19903.593,0,0
19668.448,0,0
17057.828,1,1
15108.381,1,1
13618.016,1,1
12564.555,1,1
12037.806,1,1
10934.912,1,1
9385.92,1,1
8791.628,1,1
9267.516,1,1
9315.202,1,1
9185.013,1,1
10199.666,1,1
12461.199,1,1
14572.517,1,1
16511.496,1,1
17639.223,0,0
18189.164,0,0
18736.822,0,0
19338.245,0,0
21836.202,0,0
25754.769,0,0
28311.748,0,0
29939.19,0,0
33758.38,0,0
38057.015,0,0
39400.0,0,0
39200.0,0,0
38937.984,0,0
38772.026,0,0
38538.978,0,0
38438.891,0,0
38338.805,0,0
38238.718,0,0
37905.58,0,0
37539.338,0,0
37173.025,0,0
36806.64,0,0
36626.318,0,0
36532.185,0,0
36438.146,0,0
36444.202,0,0
36257.447,0,0
36077.745,0,0
35797.957,0,0
35618.082,0,0
35391.327,0,0
35117.777,0,0
34844.256,0,0
34570.763,0,0
33990.635,0,0
33103.859,0,0
32117.097,0,0
31230.35,0,0
30636.791,0,0
29994.097,0,0
28937.777,0,0
27706.058,0,0
26412.183,0,0
25415.907,1,1
24418.955,1,1
23167.013,1,1
22966.166,1,1
23616.801,1,1
24112.791,1,1
24508.482,1,1
25104.426,1,1
25700.622,0,0
26115.453,0,0
26562.206,0,0
26238.41,0,0
25250.554,1,1
23855.796,1,1
22332.295,1,1
21954.849,1,1
23107.208,1,1
24104.46,1,1
25001.414,1,1
25200.882,1,1
24802.582,1,1
24403.602,1,1
23748.892,1,1
24282.45,1,1
25615.06,0,0
26875.457,0,0
28074.999,0,0
27867.617,0,0
26684.043,0,0
27012.651,0,0
28769.826,0,0
30157.682,0,0
31179.459,0,0
31445.438,0,0
31122.542,0,0
30895.456,0,0
30866.45,0,0
30800.74,0,0
30498.535,0,0
30062.685,0,0
29488.398,0,0
29017.12,0,0
28652.231,0,0
25359.16,1,1
19107.649,1,1
18904.114,1,1
24616.962,1,1
29402.276,0,0
31663.866,0,0
32230.537,0,0
32498.572,0,0
33112.512,0,0
34263.32,0,0
34567.13,0,0
33993.525,0,0
33472.131,0,0
32729.675,0,0
33179.375,0,0
34659.741,0,0
35896.793,0,0
36750.414,0,0
36914.271,0,0
36640.303,0,0
36213.281,0,0
35235.969,0,0
34249.129,0,0
33261.652,0,0
32616.763,0,0
32414.938,0,0
32213.111,0,0
32011.283,0,0
32499.906,0,0
33479.723,0,0
34327.382,0,0
34813.453,0,0
34676.46,0,0
33915.512,0,0
32968.529,0,0
31781.0,0,0
31086.137,0,0
30984.581,0,0
30783.024,0,0
30681.466,0,0
30678.034,0,0
30872.941,0,0
31068.134,0,0
31263.612,0,0
30861.757,0,0
29962.246,0,0
29062.59,0,0
28162.79,0,0
27016.041,0,0
25447.887,0,0
23477.305,0,0
21504.797,0,0
19337.726,0,0
18192.959,0,0
16947.381,1,1
15700.99,1,1
15394.44,1,1
15828.843,1,1
16263.914,1,1
16799.654,1,1
17312.034,1,1
17800.951,0,0
18348.164,0,0
18716.814,0,0
19085.758,0,0
19554.996,0,0
20024.53,0,0
20494.36,0,0
21164.485,0,0
22034.908,0,0
22905.628,0,0
23776.645,0,0
24073.154,0,0
23994.739,0,0
23816.07,0,0
23637.144,0,0
23541.792,0,0
23505.081,0,0
23457.853,0,0
23404.969,0,0
23476.682,0,0
23471.153,0,0
23412.409,0,0
23199.763,0,0
22945.6,0,0
22710.225,0,0
23836.437,0,0
26039.808,0,0
27607.692,0,0
26460.068,0,0
26157.948,0,0
24880.448,0,0
23036.047,0,0
20610.808,0,0
18231.439,0,0
16248.451,1,1
13129.519,1,1
8783.337,1,1
7837.649,1,1
10381.516,1,1
12552.455,1,1
13490.413,1,1
12262.06,1,1
9128.395,1,1
7315.99,1,1
6633.899,1,1
5343.189,1,1
3440.492,1,1
2847.402,1,1
3557.591,1,1
8403.683,1,1
16003.283,1,1
22212.222,0,0
27716.107,0,0
31572.552,0,0
34464.404,0,0
36205.701,0,0
37526.524,0,0
38238.882,0,0
38811.101,0,0
39090.637,0,0
39077.367,0,0
39064.087,0,0
39050.798,0,0
38983.982,0,0
38700.0,0,0
38500.0,0,0
38200.0,0,0
37900.0,0,0
37700.0,0,0
37500.0,0,0
37200.0,0,0
36900.0,0,0
36600.0,0,0
36200.0,0,0
35900.0,0,0
35600.0,0,0
35300.0,0,0
35000.0,0,0
34600.0,0,0
34200.0,0,0
33500.0,0,0
32800.0,0,0
32100.0,0,0
31600.0,0,0
31300.0,0,0
31000.0,0,0
30700.0,0,0
30300.0,0,0
30000.0,0,0
29600.0,0,0
29200.0,0,0
28900.0,0,0
28500.0,0,0
28200.0,0,0
27900.0,0,0
27700.0,1,1
27800.0,1,1
27800.0,1,1
27800.0,0,0
28000.0,0,0
28200.0,0,0
28500.0,0,0
28700.0,0,0
29200.0,0,0
29700.0,0,0
30300.0,0,0
30900.0,0,0
31300.0,0,0
31400.0,0,0
31600.0,0,0
31700.0,0,0
31516.631,0,0
31115.533,0,0
30601.324,0,0
30080.713,0,0
29915.9,0,0
30009.792,0,0
29547.437,0,0
28524.427,0,0
26824.643,1,1
24391.94,1,1
22288.794,1,1
20428.527,1,1
19274.644,1,1
18966.429,1,1
19340.549,1,1
20606.284,1,1
21428.533,1,1
21879.233,1,1
23165.784,1,1
25470.535,1,1
28478.803,0,0
30893.531,0,0
31007.076,0,0
29117.183,0,0
26306.729,1,1
23569.199,1,1
23292.251,1,1
25297.043,1,1
27364.493,1,1
28781.334,0,0
29171.726,0,0
27170.581,1,1
23288.689,1,1
20067.945,1,1
22801.267,1,1
29965.605,0,0
33943.863,0,0
35531.761,0,0
36718.56,0,0
37614.384,0,0
38300.0,0,0
38800.0,0,0
39400.0,0,0
40000.0,0,0
40200.0,0,0
40100.0,0,0
40000.0,0,0
39870.702,0,0
39610.905,0,0
39244.419,0,0
38977.886,0,0
38611.305,0,0
38297.896,0,0
38137.716,0,0
37977.566,0,0
37717.444,0,0
37417.378,0,0
36977.324,0,0
36537.242,0,0
36097.131,0,0
35690.35,0,0
35416.935,0,0
35143.539,0,0
34770.162,0,0
34283.441,0,0
33383.363,0,0
32483.284,0,0
31683.206,0,0
31203.209,0,0
31143.312,0,0
30983.436,0,0
30923.582,0,0
30630.259,0,0
30303.44,0,0
29876.607,0,0
29549.759,0,0
29229.602,0,0
28916.141,0,0
28602.673,1,1
28389.197,1,1
28229.416,1,1
28223.373,1,1
28200.0,1,1
28200.0,1,1
28200.0,1,1
28200.0,1,1
28300.0,1,1
28400.0,1,1
28500.0,1,1
28800.0,1,1
29000.0,0,0
29300.0,0,0
29600.0,0,0
29900.0,0,0
30200.0,0,0
30500.0,0,0
30662.753,0,0
30670.359,0,0
30770.68,0,0
30867.207,0,0
31161.321,0,0
31551.826,0,0
31862.3,0,0
31891.279,0,0
31575.64,0,0
30815.538,0,0
31203.466,0,0
32739.757,0,0
33902.887,0,0
34695.308,0,0
35314.622,0,0
35857.737,0,0
36572.073,0,0
37473.195,0,0
37800.621,0,0
37553.711,0,0
37086.166,0,0
36533.192,0,0
35422.971,0,0
33485.992,0,0
30830.577,0,0
27651.859,1,1
25917.932,1,1
26147.333,1,1
27539.623,1,1
30082.446,0,0
31993.723,0,0
32769.352,0,0
34018.81,0,0
35083.967,0,0
36440.654,0,0
37646.515,0,0
38367.239,0,0
38852.769,0,0
38603.192,0,0
38184.15,0,0
37557.776,0,0
37058.258,0,0
36558.633,0,0
36058.898,0,0
36006.994,0,0
36303.272,0,0
36696.771,0,0
36915.273,0,0
37002.061,0,0
36957.1,0,0
36912.325,0,0
36867.735,0,0
36631.38,0,0
36403.05,0,0
36074.627,0,0
35846.11,0,0
35069.046,0,0
33641.73,0,0
31841.784,0,0
29755.232,0,0
28359.503,1,1
28156.644,1,1
27853.784,1,1
27550.921,1,1
26400.469,1,1
24333.401,1,1
21447.944,1,1
18561.037,1,1
18301.585,1,1
20773.386,0,0
22662.363,0,0
23930.122,0,0
23999.693,0,0
22868.658,0,0
21736.403,0,0
20422.637,0,0
19367.082,0,0
19059.256,0,0
18851.419,0,0
18543.57,1,1
18835.575,1,1
19474.001,0,0
19820.537,0,0
20267.983,0,0
20886.094,0,0
21674.951,0,0
22464.829,0,0
23255.731,0,0
24049.663,0,0
24857.474,0,0
25666.188,0,0
26575.808,0,0
26620.269,0,0
26097.86,0,0
25474.076,0,0
24622.959,0,0
23454.871,0,0
21683.381,0,0
20468.755,0,0
20550.407,0,0
22484.832,0,0
25553.017,0,0
27183.051,0,0
25369.632,0,0
20409.609,0,0
15731.162,1,1
11809.573,1,1
8825.419,1,1
4700.102,1,1
0.0,1,1
0.0,1,1
277.603,1,1
2770.993,1,1
4808.119,1,1
4712.493,1,1
2397.975,1,1
812.244,1,1
0.0,1,1
1334.633,1,1
5040.536,1,1
7867.366,1,1
9618.879,1,1
11584.444,1,1
13794.179,1,1
15708.013,1,1
17510.313,1,1
19039.613,0,0
20537.987,0,0
22070.322,0,0
23739.55,0,0
26088.033,0,0
28970.066,0,0
30854.134,0,0
31989.871,0,0
35048.687,0,0
38792.03,0,0
39611.274,0,0
38521.723,0,0
37168.14,0,0
35579.447,0,0
34398.7,0,0
33518.363,0,0
32637.411,0,0
31755.843,0,0
31348.83,0,0
31317.016,0,0
31285.446,0,0
31354.118,0,0
31490.744,0,0
31695.471,0,0
32000.638,0,0
32206.247,0,0
32353.443,0,0
32250.672,0,0
32248.08,0,0
32245.668,0,0
32393.178,0,0
32890.953,0,0
33289.363,0,0
33541.79,0,0
33069.245,0,0
31975.687,0,0
30981.952,0,0
29783.404,0,0
29282.329,0,0
29479.093,0,0
29671.318,0,0
29763.684,0,0
29273.152,0,0
27724.229,0,0
26117.258,0,0
24442.871,0,0
24140.688,0,0
25212.219,0,0
26218.04,0,0
27167.434,0,0
27515.665,0,0
27838.136,0,0
28060.844,0,0
28383.789,0,0
28448.215,0,0
28253.836,0,0
28059.315,0,0
27864.651,0,0
27705.127,0,0
27580.719,0,0
27556.13,0,0
27362.071,0,0
27460.145,0,0
28059.417,0,0
28453.265,0,0
28847.256,0,0
29325.982,0,0
29670.178,0,0
30106.302,0,0
30438.06,0,0
30948.05,0,0
31538.391,0,0
31151.425,0,0
29659.701,0,0
24408.49,0,0
14251.949,0,0
11430.758,0,0
17086.72,0,0
19599.508,0,0
19176.741,0,0
17450.159,0,0
15689.565,0,0
16895.653,0,0
20951.17,0,0
23268.336,0,0
23843.796,0,0
21743.675,0,0
16980.305,0,0
13392.049,0,0
11199.468,0,0
8170.654,0,0
4992.968,0,0
2205.28,0,0
0.0,1,1
0.0,1,1
0.0,1,1
0.0,1,1
0.0,1,1
0.0,1,1
0.0,1,1
0.0,1,1
0.0,1,1
0.0,1,1
0.0,1,1
923.036,1,1
9662.117,0,0
5522.478,0,0
0.0,1,1
0.0,1,1
0.0,1,1
0.0,1,1
0.0,1,1
0.0,1,1
0.0,1,1
0.0,1,1
0.0,1,1
0.0,1,1
0.0,1,1
0.0,1,1
1421.81,0,0
9620.169,0,0
16592.105,0,0
22310.128,0,0
26543.724,0,0
29414.755,0,0
31650.196,0,0
32446.725,0,0
32344.89,0,0
32343.199,0,0
32341.653,0,0
31390.407,0,0
29688.969,0,0
27986.466,0,0
25926.949,0,0
25288.398,0,0
25971.525,0,0
26481.965,0,0
26981.816,0,0
27031.212,0,0
26630.015,0,0
26328.818,0,0
25927.62,0,0
25375.909,0,0
24673.546,0,0
23760.007,0,0
22873.159,0,0
22809.169,0,0
23768.487,0,0
24370.833,0,0
24972.881,0,0
25122.81,0,0
24720.318,0,0
24317.678,0,0
24014.89,0,0
23349.495,0,0
22411.744,0,0
21373.539,0,0
20321.758,0,0
19749.814,0,0
20445.269,0,0
21198.443,0,0
21671.844,0,0
22339.898,0,0
23069.615,0,0
23884.989,0,0
24592.303,0,0
22208.692,0,0
16232.26,0,0
11403.1,1,1
9539.873,1,1
9392.536,1,1
11618.333,1,1
12785.88,1,1
13249.6,1,1
14325.61,1,1
15381.039,0,0
16986.69,0,0
19144.379,0,0
21769.128,0,0
20342.343,0,0
21427.1,0,0
21937.451,0,0
19796.813,0,0
15213.325,1,1
14453.763,1,1
17445.104,0,0
21062.352,0,0
24745.885,0,0
26872.559,0,0
27443.558,0,0
26959.465,0,0
25189.591,0,0
21982.896,0,0
17109.429,0,0
12853.738,1,1
11622.082,1,1
12644.698,1,1
15136.685,1,1
16651.458,0,0
17465.751,0,0
17799.564,0,0
18038.766,0,0
15095.056,1,1
8468.343,1,1
1258.647,1,1
0.0,1,1
0.0,1,1
0.0,1,1
3434.813,1,1
8572.089,1,1
12287.987,1,1
14361.907,1,1
16539.257,0,0
18620.044,0,0
20291.222,0,0
21132.685,0,0
22005.31,0,0
22779.169,0,0
23161.69,0,0
22951.936,0,0
22742.168,0,0
22532.386,0,0
22792.653,0,0
23323.778,0,0
23855.967,0,0
24389.225,0,0
23286.407,0,0
20644.807,0,0
17900.662,0,0
15153.967,1,1
10979.894,1,1
6008.995,1,1
463.683,1,1
0.0,1,1
0.0,1,1
0.0,1,1
0.0,1,1
501.872,1,1
4252.999,1,1
8918.647,1,1
13168.993,1,1
16462.757,1,1
19387.835,1,1
20906.31,1,1
22427.598,0,0
23802.916,0,0
24360.294,0,0
24560.15,0,0
24660.377,0,0
24860.977,0,0
25059.722,0,0
25256.329,0,0
25452.929,0,0
25649.522,0,0
25586.974,0,0
25064.276,0,0
24539.655,0,0
23849.937,0,0
24709.756,0,0
26535.956,0,0
28300.509,0,0
29410.327,0,0
29830.001,0,0
29152.226,0,0
28795.801,0,0
28585.401,0,0
27688.989,0,0
25704.271,0,0
24020.58,0,0
22466.231,0,0
20846.786,1,1
19214.359,1,1
19025.276,1,1
20345.745,1,1
21910.863,1,1
23738.013,0,0
23525.183,0,0
21044.647,1,1
17896.075,1,1
14029.83,1,1
14526.97,1,1
19386.714,1,1
23459.901,0,0
26771.466,0,0
28102.197,0,0
27514.976,0,0
27157.905,0,0
26918.36,0,0
28197.659,0,0
30837.518,0,0
32805.056,0,0
34223.253,0,0
35215.733,0,0
35587.504,0,0
35911.803,0,0
36211.394,0,0
36993.727,0,0
37997.299,0,0
38422.819,0,0
37780.451,0,0
37125.36,0,0
36470.016,0,0
35814.42,0,0
35152.707,0,0
34242.032,0,0
33430.962,0,0
33686.478,0,0
34878.971,0,0
35720.445,0,0
36169.46,0,0
36164.993,0,0
36037.627,0,0
35910.252,0,0
35782.866,0,0
35710.131,0,0
35592.088,0,0
35574.091,0,0
35556.14,0,0
35400.0,0,0
35100.0,0,0
34800.0,0,0
34600.0,0,0
34100.0,0,0
33400.0,0,0
32600.0,0,0
31900.0,0,0
31400.0,0,0
31200.0,0,0
31000.0,0,0
30800.0,0,0
30500.0,0,0
30100.0,0,0
29700.0,0,0
29300.0,0,0
28900.0,0,0
28600.0,0,0
28300.0,0,0
27983.479,0,0
27660.207,0,0
27595.87,0,0
27309.046,0,0
26525.17,1,1
26464.017,1,1
26925.443,0,0
27486.821,0,0
27948.15,0,0
28250.291,0,0
28293.344,0,0
28336.482,0,0
28346.426,0,0
27985.221,0,0
27475.014,0,0
27064.92,0,0
26554.939,0,0
26446.741,1,1
26514.205,1,1
26570.71,0,0
26621.293,0,0
23896.752,1,1
17441.529,1,1
15808.203,1,1
20094.377,1,1
22746.745,1,1
23191.828,1,1
23040.306,1,1
22343.008,1,1
21696.428,1,1
21327.392,1,1
21428.253,1,1
22093.477,1,1
23331.952,1,1
24796.438,1,1
25513.499,1,1
24994.861,1,1
23031.93,1,1
20316.002,1,1
21431.771,1,1
26309.68,1,1
29257.76,0,0
30443.171,0,0
30796.209,0,0
30320.182,0,0
30021.409,0,0
29766.981,0,0
30234.332,0,0
31317.714,0,0
32684.99,0,0
34127.616,0,0
34791.412,0,0
34707.35,0,0
35112.135,0,0
35801.941,0,0
36467.425,0,0
37049.025,0,0
37401.771,0,0
37734.302,0,0
38066.795,0,0
38399.251,0,0
37836.262,0,0
36579.306,0,0
34570.039,0,0
32326.986,0,0
31437.587,0,0
32471.964,0,0
33260.159,0,0
33963.975,0,0
34467.941,0,0
34971.848,0,0
35292.418,0,0
35544.211,0,0
35534.598,0,0
35363.464,0,0
35192.425,0,0
35021.48,0,0
34265.162,0,0
33123.051,0,0
31657.832,0,0
29943.933,0,0
29442.465,0,0
30054.697,0,0
30519.703,0,0
30762.374,0,0
30683.717,0,0
30383.265,0,0
30182.813,0,0
29882.36,0,0
29614.397,0,0
29178.988,0,0
28843.662,0,0
28508.42,0,0
28448.555,0,0
28326.174,0,0
28200.0,0,0
27900.0,0,0
27800.0,0,0
27800.0,0,0
27800.0,0,0
27800.0,0,0
27900.0,0,0
28200.0,0,0
28400.0,0,0
28700.0,0,0
29100.0,0,0
29700.0,0,0
30300.0,0,0
30800.0,0,0
31200.0,0,0
31300.0,0,0
31500.0,0,0
31600.0,0,0
31146.825,0,0
29891.886,0,0
28356.032,0,0
26461.554,0,0
24259.736,0,0
21397.539,0,0
18912.096,0,0
16754.891,0,0
14317.389,0,0
11415.946,1,1
8956.671,1,1
6965.859,1,1
4405.708,1,1
1318.152,1,1
0.0,1,1
0.0,1,1
0.0,1,1
0.0,1,1
0.0,1,1
0.0,1,1
0.0,1,1
0.0,1,1
0.0,1,1
0.0,1,1
885.805,1,1
2025.855,1,1
2957.756,1,1
3547.12,1,1
4225.521,1,1
4827.535,1,1
6575.499,1,1
9128.066,1,1
11433.23,1,1
13357.564,0,0
16540.999,0,0
20564.024,0,0
23334.447,0,0
25311.381,0,0
29936.689,0,0
35731.992,0,0
38100.0,0,0
38600.0,0,0
39000.0,0,0
39500.0,0,0
39700.0,0,0
39600.0,0,0
39500.0,0,0
39500.0,0,0
39300.0,0,0
39100.0,0,0
38900.0,0,0
38783.78,0,0
38389.569,0,0
38081.772,0,0
37673.836,0,0
37248.365,0,0
36787.095,0,0
36579.863,0,0
36312.21,0,0
35952.514,0,0
35559.039,0,0
35131.715,0,0
34804.351,0,0
34310.027,0,0
33709.69,0,0
33003.532,0,0
32130.444,0,0
31257.39,0,0
30857.216,0,0
30729.881,0,0
30702.526,0,0
30507.948,0,0
30145.327,0,0
29650.087,0,0
29154.702,0,0
28659.172,0,0
28196.034,0,0
27765.324,0,0
27434.516,0,0
27103.612,0,0
26446.666,0,0
25183.746,0,0
23861.85,0,0
22370.26,0,0
21254.695,0,0
20695.313,0,0
20135.516,0,0
19575.303,0,0
19254.012,0,0
19271.797,0,0
19006.973,0,0
18698.737,0,0
18741.977,0,0
19036.971,0,0
19231.961,0,0
19526.947,0,0
19095.789,0,0
17701.486,0,0
16394.02,1,1
15080.952,1,1
15545.447,1,1
17861.595,0,0
19717.289,0,0
20980.21,0,0
21276.305,0,0
20532.938,0,0
20987.814,0,0
23041.497,0,0
25178.375,0,0
26844.038,0,0
27769.199,0,0
28497.806,0,0
28287.347,0,0
27642.846,0,0
28645.519,0,0
31197.991,0,0
33016.772,0,0
34401.434,0,0
35096.917,0,0
35204.975,0,0
35320.577,0,0
35543.839,0,0
35283.282,0,0
34638.45,0,0
34041.136,0,0
33271.927,0,0
32486.076,0,0
32076.05,0,0
30673.331,0,0
28637.951,0,0
27373.823,0,0
26920.227,0,0
27399.64,0,0
29681.279,0,0
31015.008,0,0
31764.32,0,0
31602.643,0,0
30335.881,0,0
28486.355,0,0
26538.122,0,0
23715.879,0,0
19256.001,0,0
14174.493,1,1
8768.582,1,1
4673.807,1,1
2685.211,1,1
696.304,1,1
0.0,1,1
0.0,1,1
86.083,1,1
1668.951,1,1
3252.13,1,1
3049.031,1,1
1159.188,1,1
0.0,1,1
0.0,1,1
0.0,1,1
0.0,1,1
142.904,1,1
1627.322,1,1
4921.839,1,1
9331.539,1,1
13317.972,1,1
16683.257,0,1
18909.295,1,1
20560.46,1,1
22213.001,1,1
23081.352,1,1
23089.234,1,1
22236.724,1,1
21384.317,1,1
20239.322,1,1
20565.416,1,1
21523.884,1,1
22468.922,1,1
23313.731,1,1
24589.955,1,1
26207.97,1,1
27405.829,1,1
28443.715,1,1
28684.488,0,0
28711.706,0,0
28738.92,0,0
28766.129,0,0
28852.548,0,0
28898.181,0,0
29043.814,0,0
29173.608,0,0
29181.843,0,0
29157.734,0,0
29133.684,0,0
29109.695,0,0
29312.625,0,0
29860.931,0,0
30333.541,0,0
30905.242,0,0
31395.393,0,0
31992.795,0,0
32211.106,0,0
32245.034,0,0
31553.875,0,0
30343.207,0,0
29043.55,0,0
27297.427,1,1
26336.457,1,1
25949.68,1,1
26285.934,1,1
27300.548,1,1
27747.395,1,1
27943.951,1,1
28682.056,1,1
29955.449,0,0
30602.017,0,0
30622.546,0,0
31424.925,0,0
32899.722,0,0
34896.384,0,0
37201.24,0,0
38609.874,0,0
38599.323,0,0
38971.91,0,0
39617.842,0,0
39219.561,0,0
37973.599,0,0
36757.999,0,0
35106.613,0,0
34474.289,0,0
34897.3,0,0
35658.602,0,0
36607.259,0,0
37754.455,0,0
39100.527,0,0
39813.695,0,0
39707.922,0,0
39602.133,0,0
39496.326,0,0
39289.609,0,0
38982.01,0,0
38774.431,0,0
38449.773,0,0
37829.045,0,0
37500.824,0,0
37072.628,0,0
36644.454,0,0
36636.965,0,0
36950.073,0,0
37074.668,0,0
37082.209,0,0
36969.579,0,0
36836.776,0,0
36800.0,0,0
36600.0,0,0
36400.0,0,0
36083.807,0,0
35703.256,0,0
35322.719,0,0
34669.043,0,0
33942.221,0,0
33115.403,0,0
32288.59,0,0
31841.623,0,0
31482.937,0,0
31062.725,0,0
30542.454,0,0
30182.297,0,0
29882.297,0,0
29682.297,0,0
29382.297,0,0
29022.192,1,1
28401.983,1,1
27881.773,1,1
27293.119,1,1
26993.163,1,1
27189.333,1,1
27281.292,1,1
27373.286,1,1
27693.524,1,1
28041.98,1,1
28490.436,1,1
28827.949,1,1
29008.507,1,1
29375.632,0,0
29642.77,0,0
30009.919,0,0
30263.649,0,0
30500.0,0,0
30800.0,0,0
31000.0,0,0
31238.25,0,0
31409.318,0,0
31539.218,0,0
31667.135,0,0
31849.434,0,0
32318.899,0,0
32386.077,0,0
31919.859,0,0
31260.764,0,0
30688.089,0,0
30075.873,0,0
29625.453,0,0
29999.38,0,0
31295.329,0,0
32799.04,0,0
34765.922,0,0
35761.877,0,0
35993.836,0,0
35981.949,0,0
35761.585,0,0
35782.58,0,0
36149.046,0,0
36630.914,0,0
37196.077,0,0
37183.712,0,0
36693.966,0,0
36032.257,0,0
35085.722,0,0
33702.137,0,0
32007.863,0,0
30073.827,0,0
28499.071,1,1
27337.997,1,1
27604.205,1,1
27948.599,1,1
28171.262,1,1
28880.357,1,1
30024.145,0,0
30907.781,0,0
31814.33,0,0
32855.941,0,0
34049.647,0,0
34915.933,0,0
35808.933,0,0
36304.495,0,0
36499.379,0,0
36590.504,0,0
36681.664,0,0
36800.437,0,0
37046.859,0,0
37193.362,0,0
37329.45,0,0
37156.167,0,0
37016.006,0,0
36784.578,0,0
36493.041,0,0
35846.127,0,0
34943.766,0,0
33901.665,0,0
32606.438,0,0
31510.117,0,0
30475.673,0,0
29322.424,0,0
28169.001,1,1
27128.003,1,1
26399.598,1,1
25671.242,1,1
24842.935,1,1
24818.951,0,0
25399.345,0,0
26007.287,0,0
26405.086,0,0
26902.298,0,0
27498.979,0,0
28021.2,0,0
28196.515,0,0
28284.211,0,0
27984.211,0,0
27784.211,0,0
27584.211,0,0
27863.789,0,0
28409.01,0,0
28510.091,0,0
28600.0,0,0
28600.0,0,0
28600.0,0,0
28600.0,0,0
28700.0,0,0
28800.0,0,0
28977.121,0,0
29056.41,0,0
29135.678,0,0
29335.666,0,0
29756.391,0,0
30077.116,0,0
30300.0,0,0
30007.518,0,0
28907.485,0,0
27870.72,0,0
27468.428,0,0
27190.905,0,0
26811.886,0,0
26729.27,0,0
26773.053,0,0
26713.334,0,0
26442.131,0,0
26605.63,0,0
27377.0,0,0
27953.677,0,0
28446.653,0,0
28144.817,0,0
26856.73,0,0
25710.289,0,0
24244.647,0,0
22610.787,0,0
20407.736,1,1
17986.758,1,1
15354.894,1,1
16874.001,1,1
22274.944,1,1
26475.003,0,0
29340.242,0,0
31349.879,0,0
32109.63,0,0
33096.011,0,0
33397.281,0,0
32592.732,0,0
31601.457,0,0
30279.3,0,0
28429.297,0,0
25253.468,0,0
22054.021,1,1
21470.84,1,1
23507.327,0,0
25933.685,0,0
28641.902,0,0
29428.942,0,0
28958.553,0,0
28311.32,0,0
27722.348,0,0
27521.89,0,0
27910.011,0,0
28156.471,0,0
28326.112,0,0
27854.804,0,0
26128.087,0,0
24359.349,0,0
22590.346,1,1
21288.088,1,1
20552.675,1,1
19717.129,1,1
18763.094,1,1
17736.47,1,1
16609.661,1,1
15482.666,1,1
14355.486,1,1
12444.483,1,1
9849.471,1,1
6988.276,1,1
3893.115,1,1
2463.797,1,1
2700.881,1,1
2938.189,1,1
3175.719,1,1
604.745,1,1
0.0,1,1
0.0,1,1
0.0,1,1
0.0,1,1
0.0,1,1
4299.237,1,1
11872.699,0,0
15835.135,0,0
18088.011,0,0
19860.745,0,0
20917.35,0,0
21698.701,0,0
22104.593,0,0
22410.707,0,0
22817.041,0,0
22407.87,0,0
21082.697,0,0
19857.079,0,0
18618.028,0,0
18101.064,0,0
19131.789,0,0
19874.682,0,0
20617.771,0,0
20611.645,0,0
19955.765,0,0
18525.394,0,0
16996.957,0,0
16370.471,0,0
16703.25,0,0
17017.901,0,0
17322.797,0,0
17401.889,0,0
17460.808,0,0
17451.561,0,0
17473.986,0,0
17808.809,0,0
18432.63,0,0
16918.904,0,0
13100.804,0,0
9044.114,1,1
5027.448,1,1
2583.257,1,1
1945.278,1,1
0.0,1,1
0.0,1,1
0.0,1,1
0.0,1,1
0.0,1,1
0.0,1,1
0.0,1,1
0.0,1,1
0.0,1,1
0.0,1,1
0.0,1,1
5354.913,1,1
10015.231,1,1
12372.941,0,0
13647.243,0,0
14008.53,0,0
13248.737,0,0
12572.092,0,0
14576.294,0,0
18716.93,0,0
21953.241,0,0
24504.269,0,0
26489.433,0,0
27942.565,0,0
27888.275,0,0
26379.364,0,0
24728.269,0,0
23176.141,0,0
22467.871,0,0
22504.358,0,0
22641.015,0,0
22777.84,0,0
21726.997,0,0
19587.323,0,0
16702.342,0,0
13792.947,0,0
12909.385,0,0
14053.826,0,0
15299.226,0,0
16445.588,0,0
17523.69,0,0
18262.497,0,0
18984.579,0,0
19607.178,0,0
19016.396,0,0
16993.479,0,0
14413.222,0,0
11831.261,0,0
10914.372,0,0
11764.563,0,0
12515.722,0,0
13267.851,0,0
14220.198,1,1
15056.621,1,1
15824.377,1,1
16593.002,1,1
17040.535,1,1
17366.813,1,1
17593.745,0,0
17821.331,0,0
18516.119,0,0
19199.723,0,0
19707.298,0,0
20315.601,0,0
21227.691,0,0
22435.324,0,0
23325.175,0,0
24315.83,0,0
25208.868,0,0
25794.128,0,0
26311.661,0,0
26829.482,0,0
27224.448,0,0
27596.258,0,0
28067.951,0,0
28439.528,0,0
28834.535,0,0
29353.277,0,0
29772.308,0,0
30291.628,0,0
29911.098,0,0
28564.904,0,0
27332.126,0,0
26045.621,0,0
24987.456,0,0
24306.533,0,0
23043.695,0,0
20883.987,0,0
19367.574,0,0
18353.559,0,0
17276.96,1,1
16182.401,1,1
16034.342,1,1
16963.734,1,1
16966.408,1,1
16061.508,1,1
14384.394,1,1
11934.05,1,1
14954.049,1,1
23346.93,0,0
29085.141,0,0
32033.904,0,0
32030.232,0,0
29152.375,0,0
25458.738,0,0
21083.05,0,0
19263.302,0,0
20479.819,0,0
21924.053,0,0
23631.154,0,0
23287.281,0,0
21016.541,0,0
18315.218,0,0
15124.548,1,1
13476.311,1,1
13496.879,1,1
13309.279,1,1
12801.063,1,1
13015.235,1,1
13722.605,1,1
14761.981,1,1
16509.29,1,1
18357.564,0,0
20206.803,0,0
22918.986,0,0
25971.96,0,0
29027.761,0,0
30685.388,0,0
32164.707,0,0
33307.729,0,0
34188.472,0,0
35113.946,0,0
35097.691,0,0
34806.998,0,0
34416.134,0,0
33922.006,0,0
33620.846,0,0
33613.05,0,0
33402.285,0,0
33191.691,0,0
33271.773,0,0
33542.712,0,0
33804.475,0,0
33724.208,0,0
33304.044,0,0
32743.949,0,0
32083.889,0,0
31523.865,0,0
31110.482,0,0
30843.666,0,0
30576.79,0,0
30309.854,0,0
29929.467,0,0
29192.945,0,0
28245.447,0,0
27397.461,0,0
26776.873,0,0
26183.891,0,0
25690.698,0,0
25093.044,0,0
24292.356,0,0
23391.411,0,0
22589.646,0,0
21466.263,0,0
20537.116,0,0
20011.889,0,0
19485.758,0,0
18779.471,0,0
18430.24,0,0
19024.441,0,0
19618.636,0,0
20212.825,0,0
20507.007,0,0
20601.183,0,0
20695.353,0,0
20689.516,0,0
19522.465,0,0
16362.832,0,0
12296.38,0,0
7273.705,0,0
4354.001,0,0
4700.082,0,0
1557.758,0,0
0.0,1,1
0.0,1,1
0.0,1,1
0.0,1,1
0.0,1,1
0.0,1,1
0.0,1,1
0.0,1,1
0.0,1,1
0.0,1,1
0.0,1,1
0.0,1,1
0.0,1,1
0.0,1,1
0.0,1,1
0.0,1,1
0.0,1,1
0.0,1,1
0.0,1,1
0.0,1,1
0.0,1,1
0.0,1,1
0.0,1,1
0.0,1,1
0.0,0,0
0.0,0,0
0.0,0,0
0.0,0,0
0.0,0,0
0.0,0,0
0.0,0,0
0.0,0,0
4447.494,0,0
7690.89,0,0
10989.319,0,0
13866.395,0,0
16685.162,0,0
18540.174,0,0
19429.896,0,0
20320.84,0,0
21313.01,0,0
21603.477,0,0
21491.309,0,0
21279.124,0,0
21066.921,0,0
19679.596,0,0
17114.647,0,0
14446.339,0,0
11874.665,0,0
11052.622,0,0
11983.982,0,0
12917.0,0,0
13851.68,0,0
12930.635,0,0
10250.073,0,0
7402.231,0,0
4120.805,0,0
2680.85,0,0
2986.748,0,0
3294.371,0,0
3603.726,0,0
2264.631,1,1
0.0,1,1
0.0,1,1
0.0,1,1
0.0,1,1
34.686,1,1
5042.357,1,1
9500.226,1,1
9187.68,1,1
4195.689,1,1
0.0,1,1
0.0,1,1
0.0,1,1
44.474,1,1
5986.025,1,1
11621.881,0,0
13598.607,0,0
13588.169,0,0
13677.716,0,0
13667.248,0,0
13880.591,0,0
14317.981,0,0
14855.673,0,0
15293.668,0,0
18819.057,0,0
22965.193,0,0
26137.886,0,0
28414.663,0,0
28999.808,0,0
28007.9,0,0
26814.104,0,0
25437.112,0,0
24587.567,0,0
24221.684,0,0
23590.618,0,0
22247.346,0,0
20544.671,0,0
18522.203,0,0
16960.198,0,0
15982.129,0,0
14249.914,0,0
11703.443,0,0
11476.889,0,0
13751.188,0,0
16362.642,0,0
19495.474,0,0
19402.916,0,0
16234.483,0,0
13568.875,0,0
11465.508,0,0
9966.694,1,1
9109.701,1,1
7888.435,1,1
6154.908,1,1
5946.451,1,1
7031.514,1,1
7397.371,1,1
7163.621,1,1
9165.782,1,1
13193.238,0,0
16568.75,0,0
19605.756,0,0
21909.955,0,0
23919.104,0,0
25022.908,0,0
25621.443,0,0
29671.91,0,0
35428.436,0,0
37098.645,0,0
36155.268,0,0
35227.209,0,0
33865.638,0,0
32505.513,0,0
30537.633,0,0
28478.619,0,0
25386.318,0,0
24937.924,0,0
27461.278,0,0
28848.564,0,0
30138.1,0,0
30532.239,0,0
30028.808,0,0
29424.732,0,0
28920.01,0,0
29115.434,0,0
30205.787,0,0
30981.961,0,0
31759.384,0,0
31997.481,0,0
31695.31,0,0
31393.136,0,0
31090.958,0,0
30488.898,0,0
29686.956,0,0
28885.012,0,0
28083.065,0,0
27484.161,0,0
26887.877,0,0
26391.024,0,0
25893.599,0,0
26085.517,0,0
26968.643,0,0
27613.615,0,0
28074.336,0,0
28450.888,0,0
28410.613,0,0
28370.569,0,0
28200.0,0,0
28100.0,0,0
28000.0,0,0
27977.174,0,0
27783.43,0,0
27756.547,0,0
27796.67,0,0
27836.851,0,0
27977.091,0,0
28077.074,0,0
28236.713,0,0
28296.293,0,0
28455.814,0,0
28669.18,0,0
29036.519,0,0
29300.0,0,0
29600.0,0,0
29124.25,0,0
27699.112,0,0
25738.434,0,0
23476.022,1,1
21661.529,1,1
20721.945,1,1
20524.87,1,1
21401.19,1,1
22380.925,1,1
23530.672,0,0
23979.621,0,0
23488.512,1,1
23512.561,1,1
23702.771,0,1
23518.813,1,1
21448.768,1,1
17958.53,1,1
15245.608,1,1
14596.653,1,1
15889.614,1,1
16600.044,1,1
16604.827,1,1
16596.127,1,1
16693.286,1,1
16082.686,1,1
14881.041,1,1
15746.17,1,1
18512.943,1,1
20277.537,1,1
21022.015,1,1
23827.964,0,0
28289.002,0,0
31289.602,0,0
32780.852,0,0
33676.214,0,0
33783.433,0,0
34174.422,0,0
34548.786,0,0
35366.071,0,0
36508.761,0,0
37000.0,0,0
36900.0,0,0
36700.0,0,0
36600.0,0,0
36400.0,0,0
36200.0,0,0
36000.0,0,0
35800.0,0,0
35600.0,0,0
35400.0,0,0
35200.0,0,0
35000.0,0,0
34800.0,0,0
34700.0,0,0
34600.0,0,0
34600.0,0,0
34400.0,0,0
34300.0,0,0
34100.0,0,0
33900.0,0,0
33800.0,0,0
33600.0,0,0
33500.0,0,0
33300.0,0,0
32800.0,0,0
32000.0,0,0
31100.0,0,0
30300.0,0,0
29800.0,0,0
29800.0,0,0
29800.0,0,0
29800.0,0,0
29600.0,0,0
29300.0,0,0
29000.0,0,0
28700.0,0,0
28400.0,0,0
28200.0,0,0
28000.0,0,0
27800.0,0,0
27600.0,0,0
27600.0,0,0
27500.0,0,0
27400.0,0,0
27400.0,0,0
27400.0,0,0
27400.0,0,0
27400.0,0,0
27500.0,0,0
27700.0,0,0
28000.0,0,0
28200.0,0,0
28500.0,0,0
28600.0,0,0
28800.0,0,0
28900.0,0,0
28953.354,0,0
28730.302,0,0
28495.554,0,0
28254.961,0,0
28807.228,0,0
30245.317,0,0
30382.322,0,0
29189.583,0,0
28115.897,0,0
27179.431,1,1
26627.307,1,1
26460.401,1,1
26022.649,1,1
25305.205,1,1
24798.239,1,1
24702.945,1,1
24470.576,1,1
24110.793,1,1
24513.535,1,1
25775.286,1,1
26753.716,1,1
27647.744,0,0
27717.194,0,0
26972.268,1,1
26385.659,1,1
26040.99,1,1
25185.183,1,1
23883.344,1,1
22462.047,1,1
21028.012,1,1
21055.972,1,1
22516.112,1,1
23534.418,1,1
24188.543,1,1
25675.63,1,1
27829.639,0,0
29434.304,0,0
30586.104,0,0
32691.096,0,0
35232.03,0,0
36300.0,0,0
36200.0,0,0
36100.0,0,0
36000.0,0,0
35900.0,0,0
35800.0,0,0
35600.0,0,0
35500.0,0,0
35300.0,0,0
35000.0,0,0
34800.0,0,0
34600.0,0,0
34400.0,0,0
34300.0,0,0
34100.0,0,0
34000.0,0,0
33890.51,0,0
33777.058,0,0
33663.594,0,0
33450.118,0,0
33296.236,0,0
33001.907,0,0
32707.509,0,0
32413.042,0,0
31899.397,0,0
31266.673,0,0
30534.01,0,0
29901.409,0,0
29501.336,0,0
29333.718,0,0
29166.062,0,0
28998.37,0,0
28832.069,0,0
28567.244,0,0
28402.493,0,0
28200.0,0,0
27900.0,0,0
27800.0,0,0
27700.0,0,0
27600.0,0,0
27500.0,0,0
27400.0,0,0
27300.0,0,0
27200.0,0,0
27100.0,1,1
27100.0,1,1
27100.0,1,1
27100.0,0,0
27200.0,0,0
27500.0,0,0
27800.0,0,0
28000.0,0,0
28300.0,0,0
28342.738,0,0
28433.762,0,0
28524.705,0,0
28203.386,0,0
27514.555,0,0
27624.28,0,0
28545.029,0,0
29475.425,0,0
30324.245,0,0
30878.468,0,0
30640.279,0,0
30098.576,0,0
30185.233,0,0
29252.801,0,0
27283.787,0,0
24910.084,1,1
22110.39,1,1
20583.522,1,1
20308.418,1,1
19735.713,1,1
18775.211,1,1
17916.365,1,1
16937.952,1,1
15408.707,1,1
13188.855,1,1
13115.279,1,1
15023.535,1,1
15896.129,1,1
15848.068,1,1
17056.21,1,1
19641.869,1,1
21975.247,1,1
24227.305,1,1
25432.525,1,1
25759.04,1,1
26319.471,1,1
27183.826,0,0
28401.815,0,0
30085.38,0,0
31653.314,0,0
32718.52,0,0
33921.308,0,0
35331.514,0,0
35997.258,0,0
35797.258,0,0
35597.258,0,0
35297.257,0,0
35177.289,0,0
35137.352,0,0
35097.416,0,0
35057.479,0,0
34877.442,0,0
34657.315,0,0
34400.0,0,0
34000.0,0,0
33900.0,0,0
33800.0,0,0
33800.0,0,0
33700.0,0,0
33600.0,0,0
33400.0,0,0
33200.0,0,0
33100.0,0,0
32900.0,0,0
32800.0,0,0
32600.0,0,0
32500.0,0,0
32100.0,0,0
31400.0,0,0
30700.0,0,0
30100.0,0,0
29700.0,0,0
29600.0,0,0
29600.0,0,0
29500.0,0,0
29300.0,0,0
29000.0,0,0
28800.0,0,0
28500.0,0,0
28200.0,0,0
28000.0,0,0
27597.379,0,0
27250.891,0,0
26964.346,0,0
26837.746,0,0
26711.15,0,0
26618.845,0,0
26651.14,0,0
26910.886,0,0
27170.633,0,0
27200.0,0,0
27400.0,0,0
27600.0,0,0
27800.0,0,0
27900.0,0,0
28200.0,0,0
28400.0,0,0
28600.0,0,0
28900.0,0,0
28774.243,0,0
28381.749,0,0
27973.72,0,0
27458.313,0,0
27571.931,0,0
28217.879,0,0
28204.16,0,0
27524.92,0,0
26792.839,0,0
26105.396,1,1
25745.485,1,1
25721.121,1,1
25491.202,1,1
24956.738,1,1
24950.281,1,1
25376.394,1,1
25847.745,1,1
26391.965,1,1
26711.003,0,0
26802.854,0,0
26364.563,1,1
25397.494,1,1
24787.797,1,1
24185.13,1,1
24209.95,1,1
24662.487,1,1
25472.333,1,1
26487.114,0,0
26750.267,0,0
26471.267,1,1
26289.666,1,1
26346.349,1,1
26951.134,0,0
28203.028,0,0
29143.234,0,0
29775.134,0,0
30294.526,0,0
30798.609,0,0
31658.913,0,0
33053.286,0,0
33338.788,0,0
32123.764,0,0
30852.428,0,0
29418.641,0,0
28116.371,0,0
27113.98,0,0
26211.161,1,1
25033.296,1,1
24830.742,1,1
25604.28,1,1
26203.581,1,1
26903.309,0,0
27102.451,0,0
27000.687,0,0
26898.923,0,0
26797.157,0,0
27029.646,0,0
27496.746,0,0
27992.968,0,0
28281.189,0,0
28866.004,0,0
29547.505,0,0
30256.051,0,0
30621.884,0,0
30384.412,0,0
29443.229,0,0
28334.495,0,0
27146.316,0,0
26401.462,0,0
26200.209,0,0
25998.955,0,0
25797.7,0,0
25152.085,0,0
24061.739,0,0
22970.354,0,0
21726.021,0,0
21054.434,0,0
21256.319,0,0
21458.492,0,0
21660.954,0,0
20952.117,0,0
19330.888,0,0
17608.493,0,0
14825.925,0,0
12601.122,0,0
11185.53,0,0
9260.067,0,0
7063.957,0,0
5478.362,0,0
4603.835,0,0
3628.315,0,0
2751.803,0,0
852.829,0,0
0.0,1,1
0.0,1,1
0.0,1,1
0.0,1,1
0.0,1,1
0.0,1,1
0.0,1,1
0.0,1,1
0.0,1,1
0.0,1,1
0.0,1,1
0.0,1,1
0.0,1,1
0.0,1,1
0.0,1,1
0.0,1,1
0.0,1,1
0.0,1,1
0.0,1,1
0.0,1,1
0.0,1,1
0.0,1,1
0.0,1,1
0.0,1,1
0.0,0,0
0.0,0,0
0.0,0,0
0.0,0,0
0.0,0,0
0.0,0,0
0.0,0,0
0.0,0,0
0.0,0,0
0.0,0,0
0.0,0,0
0.0,0,0
0.0,0,0
0.0,0,0
0.0,0,0
0.0,0,0
0.0,0,0
846.265,0,0
5578.641,0,0
3001.317,0,0
0.0,0,0
0.0,0,0
0.0,0,0
0.0,0,0
0.0,0,0
0.0,0,0
0.0,0,0
0.0,0,0
0.0,0,0
0.0,0,0
0.0,0,0
0.0,0,0
0.0,0,0
0.0,0,0
0.0,0,0
0.0,0,0
1635.132,0,0
5324.156,0,0
8680.008,0,0
7343.209,0,0
765.346,0,0
0.0,0,0
0.0,0,0
0.0,0,0
0.0,0,0
0.0,0,0
107.445,0,0
0.0,1,1
0.0,1,1
0.0,1,1
0.0,1,1
0.0,1,1
0.0,1,1
0.0,1,1
2668.001,0,0
4487.579,0,0
2792.531,0,0
1095.451,0,0
0.0,1,1
0.0,1,1
117.98,0,0
1234.711,0,0
2353.115,0,0
1220.474,0,0
0.0,1,1
0.0,1,1
0.0,1,1
0.0,1,1
0.0,1,1
0.0,1,1
0.0,1,1
0.0,1,1
0.0,1,1
0.0,1,1
0.0,1,1
0.0,1,1
0.0,1,1
0.0,1,1
0.0,1,1
0.0,0,0
0.0,0,0
0.0,0,0
0.0,0,0
0.0,0,0
0.0,0,0
0.0,0,0
0.0,0,0
0.0,0,0
0.0,0,0
0.0,0,0
0.0,0,0
0.0,0,0
0.0,0,0
1514.953,0,0
4510.203,0,0
7286.823,0,0
9755.589,0,0
8515.781,0,0
3527.361,0,0
0.0,0,0
0.0,0,0
0.0,0,0
3725.31,0,0
8700.661,0,0
11352.236,0,0
13182.162,0,0
13977.871,0,0
15704.922,0,0
18159.507,0,0
20619.238,0,0
23023.349,0,0
25237.712,0,0
27477.698,0,0
29396.972,0,0
31099.006,0,0
32426.422,0,0
33400.336,0,0
34242.214,0,0
35184.251,0,0
35478.823,0,0
35125.708,0,0
34672.456,0,0
34319.069,0,0
33649.205,0,0
32088.182,0,0
30505.622,0,0
28605.218,0,0
27796.022,0,0
28169.053,0,0
28642.448,0,0
29116.206,0,0
29790.792,0,0
30874.011,0,0
31724.177,0,0
32211.942,0,0
32297.246,0,0
31779.719,0,0
31262.02,0,0
30644.149,0,0
30143.701,0,0
29460.933,0,0
28778.337,0,0
28195.914,0,0
27759.397,0,0
27468.66,0,0
27277.922,0,0
27087.185,0,0
26505.709,0,0
25533.497,0,0
24415.645,0,0
23123.593,0,0
22576.493,1,1
22574.372,1,1
22672.287,0,0
22670.238,0,0
22223.039,1,1
21330.665,1,1
20155.823,1,1
18835.994,1,1
18700.457,1,1
19649.213,1,1
20597.969,1,1
21328.97,1,1
22123.039,1,1
23017.108,0,0
23811.177,0,0
24559.918,0,0
25046.128,0,0
25473.332,0,0
25800.537,0,0
26227.741,0,0
26205.205,0,0
25833.007,0,0
25072.26,0,0
24362.343,0,0
23541.563,0,0
22436.886,1,1
22002.71,1,1
22265.887,1,1
22640.017,0,0
23024.729,0,0
22652.629,0,0
21516.267,1,1
19713.217,1,1
17190.936,1,1
16836.239,1,1
18831.009,1,1
19707.6,1,1
19544.333,1,1
21504.56,1,1
25648.763,0,0
29584.369,0,0
33286.198,0,0
34106.635,0,0
32248.617,0,0
30536.805,0,0
28792.068,0,0
28316.395,0,0
28912.811,0,0
29108.197,0,0
29132.887,0,0
29557.373,0,0
30577.103,0,0
31766.943,0,0
33035.532,0,0
33479.859,0,0
33338.995,0,0
33291.717,0,0
33439.18,0,0
33714.565,0,0
34307.591,0,0
34353.185,0,0
33991.56,0,0
33072.85,0,0
32153.846,0,0
31734.164,0,0
31916.082,0,0
32130.788,0,0
32245.607,0,0
32265.981,0,0
32191.86,0,0
32117.783,0,0
32043.752,0,0
31938.224,0,0
31901.182,0,0
31864.163,0,0
31827.167,0,0
31727.064,0,0
31463.821,0,0
31300.555,0,0
31037.267,0,0
30458.085,0,0
29662.84,0,0
28629.155,0,0
27444.751,0,0
25859.958,0,0
23721.031,0,0
21437.456,1,1
19153.348,1,1
16065.438,1,1
13279.575,1,1
10377.678,1,1
6525.845,1,1
4615.418,1,1
4648.097,1,1
4681.016,1,1
4814.174,1,1
6724.444,1,1
10296.321,1,1
13026.041,1,1
15757.876,1,1
16414.563,1,1
15183.372,1,1
13954.788,1,1
12625.316,1,1
13479.259,1,1
16367.002,1,1
17992.066,1,1
19618.012,1,1
21121.612,0,0
22611.076,0,0
23955.856,0,0
24983.89,0,0
25470.437,0,0
25414.908,0,0
25359.193,0,0
25303.293,0,0
24724.125,0,0
23306.198,0,0
22246.592,0,0
22394.784,0,0
23237.047,0,0
24357.439,0,0
24814.022,0,0
24597.541,0,0
24968.087,0,0
25825.888,0,0
26046.781,0,0
25626.939,0,0
25426.025,0,0
25584.604,0,0
24828.267,0,0
23447.452,0,0
18538.878,1,1
9946.794,1,1
9144.337,1,1
16129.039,1,1
22683.152,0,0
25046.193,0,0
25393.374,0,0
24207.584,0,0
22455.034,0,0
20154.293,0,0
19974.08,0,0
21858.313,0,0
23438.999,0,0
24792.579,0,0
25475.89,0,0
25599.369,0,0
25609.514,0,0
25616.569,0,0
26779.079,0,0
28933.788,0,0
30639.632,0,0
31997.949,0,0
32833.71,0,0
33355.444,0,0
33600.0,0,0
33500.0,0,0
33400.0,0,0
33271.012,0,0
33225.004,0,0
33085.544,0,0
32946.062,0,0
32806.56,0,0
32494.67,0,0
31647.608,0,0
30468.109,0,0
29098.098,0,0
28801.557,0,0
29589.867,0,0
30218.073,0,0
30846.504,0,0
30809.197,0,0
30105.782,0,0
29402.096,0,0
28683.646,0,0
27796.061,0,0
27206.271,0,0
26516.164,0,0
25925.741,0,0
25572.031,0,0
25655.508,0,0
25639.303,0,0
25614.589,0,0
25056.563,0,0
23700.315,0,0
22322.85,0,0
20429.27,0,0
19521.518,0,0
19389.81,0,0
19358.15,1,1
19226.539,1,1
18925.628,1,1
18455.309,1,1
17984.893,1,1
17514.38,1,1
18221.069,1,1
20015.481,0,0
21494.016,0,0
22852.033,0,0
23136.204,0,0
22720.03,0,0
22230.261,0,0
21737.298,0,0
21935.556,0,0
22825.197,0,0
23535.146,0,0
24277.606,0,0
24793.612,0,0
25083.156,0,0
25472.768,0,0
25862.449,0,0
25868.561,0,0
25457.606,0,0
25033.496,0,0
24602.873,0,0
25012.193,0,0
26244.918,0,0
25655.647,0,0
23237.872,0,0
20360.492,0,0
17117.397,1,1
14641.836,1,1
13060.541,1,1
13029.856,1,1
14681.675,1,1
15810.079,1,1
16196.505,1,1
17022.897,1,1
18200.051,1,1
19064.507,1,1
19389.86,0,0
19909.939,0,0
20526.817,0,0
20434.88,0,0
19449.3,0,0
18253.443,1,1
16971.224,1,1
16504.14,1,1
16634.875,1,1
16116.832,1,1
14930.445,1,1
16349.766,1,1
19908.445,0,0
22885.953,0,0
25303.78,0,0
27272.004,0,0
28909.829,0,0
30447.529,0,0
31925.09,0,0
32862.64,0,0
33192.782,0,0
33300.0,0,0
33145.532,0,0
32941.875,0,0
32738.146,0,0
32566.739,0,0
32327.682,0,0
32100.076,0,0
31714.06,0,0
31242.048,0,0
30483.869,0,0
29725.296,0,0
28692.039,0,0
28152.299,0,0
28244.364,0,0
28336.599,0,0
28429.004,0,0
28982.075,0,0
29589.609,0,0
30297.714,0,0
30456.043,0,0
30334.227,0,0
30221.101,0,0
30007.963,0,0
29894.814,0,0
29414.336,0,0
28666.566,0,0
28018.834,0,0
27271.138,0,0
26751.492,0,0
26559.793,0,0
26467.998,0,0
26276.104,0,0
26128.399,0,0
26125.114,0,0
26000.0,0,0
25800.0,0,0
25600.0,0,0
25400.0,0,0
24959.118,0,0
24535.219,0,0
24035.321,0,0
24186.462,0,0
24154.336,0,0
24106.913,0,0
24046.361,0,0
24172.652,0,0
24198.97,0,0
24225.317,0,0
24359.05,0,0
24384.588,0,0
23925.866,0,0
23466.326,0,0
23348.902,0,0
23674.308,0,0
23999.85,0,0
24325.527,0,0
24078.229,0,0
23399.388,0,0
22467.418,0,0
21400.259,0,0
19010.157,0,0
14844.664,1,1
11940.051,1,1
11086.357,1,1
8671.376,1,1
4284.414,1,1
6973.407,1,1
17451.863,0,0
23909.859,0,0
25798.718,0,0
25601.3,0,0
23511.078,0,0
20732.633,0,0
17407.489,0,0
15367.379,1,1
14605.3,1,1
15604.748,1,1
18200.774,0,0
18171.321,0,0
15402.691,1,1
13026.706,1,1
11045.551,1,1
9765.104,1,1
9380.418,1,1
8905.63,1,1
7943.616,1,1
6824.514,1,1
5615.018,1,1
4788.981,1,1
4561.733,1,1
7730.264,1,1
13410.991,1,1
17371.703,0,0
19785.318,0,0
23257.497,0,0
27362.019,0,0
28470.199,0,0
27399.469,0,0
26060.351,0,0
24731.298,0,0
23267.291,0,0
21312.428,0,0
18946.341,0,0
16577.953,1,1
16369.363,1,1
18224.301,0,0
20181.914,0,0
21832.033,0,0
22525.903,0,0
22820.852,0,0
23116.292,0,0
23412.225,0,0
23174.752,0,0
22402.965,0,0
21630.46,0,0
20857.235,0,0
20752.05,0,0
21416.066,0,0
21980.913,0,0
22646.592,0,0
22646.302,0,0
22179.847,0,0
21713.965,0,0
21222.942,0,0
21505.577,0,0
22881.236,0,0
23784.569,0,0
24668.455,0,0
24885.809,0,0
24604.987,0,0
24324.293,0,0
24100.0,0,0
23800.0,0,0
23700.0,0,0
23600.0,0,0
23500.0,0,0
23400.0,0,0
23400.0,0,0
23190.71,0,0
22695.5,0,0
22090.515,0,0
21989.805,0,0
21989.093,0,0
21888.381,0,0
21923.887,0,0
22095.508,0,0
22166.989,0,0
22238.33,0,0
22373.451,0,0
22572.455,0,0
22771.459,0,0
22970.461,0,0
21737.573,0,0
18035.851,0,0
13593.037,0,0
7906.187,0,0
3465.782,0,0
0.0,1,1
0.0,1,1
0.0,1,1
0.0,1,1
0.0,1,1
0.0,1,1
0.0,1,1
0.0,1,1
0.0,1,1
0.0,1,1
0.0,1,1
0.0,1,1
0.0,1,1
0.0,1,1
0.0,1,1
0.0,1,1
0.0,1,1
0.0,1,1
0.0,1,1
0.0,1,1
0.0,1,1
0.0,1,1
0.0,1,1
0.0,1,1
0.0,0,0
0.0,0,0
0.0,0,0
0.0,0,0
0.0,0,0
0.0,0,0
0.0,0,0
0.0,0,0
0.0,0,0
4990.762,0,0
16326.315,0,0
22106.026,0,0
23989.195,0,0
25726.128,0,0
27179.667,0,0
27417.931,0,0
26438.948,0,0
25359.136,0,0
24378.495,0,0
23563.257,0,0
23093.433,0,0
22623.274,0,0
22152.779,0,0
22849.223,0,0
24338.871,0,0
25704.334,0,0
26770.423,0,0
27296.996,0,0
27573.152,0,0
27815.401,0,0
27794.248,0,0
27759.986,0,0
27712.602,0,0
27665.283,0,0
27618.031,0,0
27400.0,0,0
26900.0,0,0
26300.0,0,0
25800.0,0,0
25400.0,0,0
25200.0,0,0
25000.0,0,0
24800.0,0,0
24600.0,0,0
24300.0,0,0
24000.0,0,0
23800.0,0,0
23500.0,0,0
23400.0,0,0
23200.0,0,0
23000.0,0,0
22900.0,0,0
22900.0,0,0
22900.0,0,0
22900.0,0,0
22900.0,0,0
23000.0,0,0
23100.0,0,0
23100.0,0,0
23400.0,0,0
23800.0,0,0
24200.0,0,0
24600.0,0,0
24800.0,0,0
24900.0,0,0
24900.0,0,0
24900.0,0,0
24339.458,0,0
23065.782,0,0
21648.433,0,0
20005.171,0,0
17536.569,0,0
13782.472,1,1
11324.22,1,1
10786.503,1,1
9543.751,1,1
7248.411,1,1
7489.443,1,1
10362.082,1,1
14512.247,1,1
17339.292,0,0
17114.703,0,0
15055.027,0,0
12533.006,1,1
10738.684,1,1
9997.221,1,1
10427.103,1,1
10727.43,1,1
11043.459,1,1
10040.162,1,1
7864.84,1,1
4903.029,1,1
1203.295,1,1
1337.487,1,1
5045.128,1,1
7870.503,1,1
9686.327,1,1
11530.437,1,1
13465.101,1,1
15589.332,0,0
17859.311,0,0
19473.566,0,0
20726.034,0,0
21925.725,0,0
23215.594,0,0
24817.203,0,0
26733.03,0,0
27872.135,0,0
28337.965,0,0
28700.0,0,0
29000.0,0,0
29100.0,0,0
29000.0,0,0
28900.0,0,0
28900.0,0,0
28700.0,0,0
28600.0,0,0
28400.0,0,0
28200.0,0,0
28100.0,0,0
28100.0,0,0
28000.0,0,0
27900.0,0,0
27800.0,0,0
27600.0,0,0
27400.0,0,0
27200.0,0,0
27100.0,0,0
27000.0,0,0
26900.0,0,0
26800.0,0,0
26400.0,0,0
25800.0,0,0
25100.0,0,0
24500.0,0,0
24090.522,0,0
23877.079,0,0
23763.614,0,0
23550.127,0,0
23316.415,0,0
23062.429,0,0
22708.354,0,0
22354.189,0,0
22126.961,0,0
21926.736,0,0
21726.511,0,0
21526.285,0,0
21426.058,0,0
21425.832,0,0
21525.605,0,0
21525.377,0,0
21557.137,0,0
21248.176,0,0
20697.525,0,0
20145.792,0,0
20378.971,0,0
21198.525,0,0
22118.945,0,0
23040.234,0,0
23313.767,0,0
23313.444,0,0
23413.121,0,0
23412.797,0,0
22174.571,0,0
18970.834,0,0
14842.13,0,0
9743.716,0,0
6933.222,0,0
7388.294,0,0
6130.206,0,0
2685.238,0,0
0.0,1,1
0.0,1,1
0.0,1,1
0.0,1,1
0.0,1,1
0.0,1,1
0.0,1,1
0.0,1,1
0.0,1,1
0.0,1,1
0.0,1,1
0.0,1,1
0.0,1,1
0.0,1,1
0.0,1,1
0.0,1,1
0.0,1,1
0.0,1,1
0.0,1,1
0.0,1,1
0.0,1,1
1854.372,0,0
2802.608,0,0
1250.582,1,1
0.0,1,1
0.0,1,1
2627.922,0,0
10013.133,0,0
15183.235,0,0
18412.683,0,0
21082.889,0,0
23487.75,0,0
24709.874,0,0
24881.691,0,0
24953.462,0,0
25125.186,0,0
25544.457,0,0
26211.623,0,0
26979.208,0,0
27055.731,0,0
27110.005,0,0
27100.0,0,0
27000.0,0,0
26800.0,0,0
26700.0,0,0
26600.0,0,0
26500.0,0,0
26400.0,0,0
26200.0,0,0
26000.0,0,0
25709.788,0,0
25388.659,0,0
25241.504,0,0
25168.38,0,0
25195.266,0,0
25122.161,0,0
24869.264,0,0
24536.594,0,0
24100.0,0,0
23700.0,0,0
23400.0,0,0
23300.0,0,0
23200.0,0,0
23100.0,0,0
22900.0,0,0
22600.0,0,0
22400.0,0,0
22100.0,0,0
21970.28,0,0
21600.867,0,0
20606.309,0,0
19134.684,0,0
17532.679,0,0
16432.034,0,0
15155.658,0,0
13688.472,0,0
13347.487,1,0
14032.237,0,0
14816.863,0,0
15501.363,0,0
15943.825,0,0
16144.34,0,0
16344.856,0,0
16545.371,0,0
16167.38,0,0
15311.015,0,0
14354.823,0,0
13498.806,1,1
13528.682,1,1
14529.132,0,0
15522.725,0,0
16476.205,0,0
14936.427,0,0
10653.621,1,1
9920.664,1,1
12915.077,1,1
14860.835,0,0
15129.655,0,0
14955.901,0,0
14433.119,0,0
14050.487,0,0
13999.29,0,0
13540.864,1,1
11188.675,1,1
7140.689,1,1
2689.807,1,1
2813.808,1,1
7606.326,1,1
12312.23,1,1
14906.513,0,0
15240.35,0,0
14721.623,0,0
13770.325,0,0
12316.77,1,1
11451.156,1,1
11069.872,1,1
10420.62,1,1
9552.456,1,1
8485.979,1,1
6017.132,1,1
5203.666,1,1
6502.591,1,1
8968.466,1,1
13094.604,1,1
16084.146,0,0
17971.562,0,0
20120.337,0,0
22417.219,0,0
23430.827,0,0
23403.891,0,0
23376.885,0,0
23349.812,0,0
23123.307,0,0
22726.402,0,0
22329.283,0,0
21931.951,0,0
21434.57,0,0
21037.179,0,0
20539.628,0,0
20041.916,0,0
19940.685,0,0
20236.173,0,0
20531.821,0,0
20827.63,0,0
20974.958,0,0
20873.686,0,0
20872.413,0,0
20871.139,0,0
20621.328,0,0
20322.86,0,0
20024.229,0,0
19725.437,0,0
19871.529,0,0
20463.03,0,0
21034.138,0,0
21370.609,0,0
21165.686,0,0
20618.867,0,0
20003.565,0,0
19206.453,0,0
18607.656,0,0
18107.35,0,0
17606.771,0,0
17005.92,0,0
16405.668,0,0
15422.343,0,0
14365.724,1,1
13208.41,1,1
12932.642,1,1
13239.164,1,1
13645.983,1,1
13953.098,1,1
14633.805,1,1
15588.402,0,0
16287.288,0,0
16986.129,0,0
17985.703,0,0
19039.443,0,0
19845.594,0,0
20652.261,0,0
21160.222,0,0
21341.008,0,0
21521.852,0,0
21802.756,0,0
21848.97,0,0
21749.457,0,0
21645.295,0,0
21538.6,0,0
21453.956,0,0
21288.079,0,0
20484.347,0,0
19078.378,0,0
17668.434,0,0
16142.208,0,0
14775.67,1,1
13574.533,1,1
10234.891,1,1
4367.142,1,1
2720.115,1,1
5599.753,1,1
7709.668,1,1
8903.696,1,1
9498.21,1,1
9449.065,1,1
9053.498,1,1
8422.72,1,1
9102.255,1,1
11078.926,1,1
12370.446,1,1
12972.614,1,1
14230.109,1,1
16146.958,0,0
17708.703,0,0
19048.328,0,0
19814.284,0,0
19665.331,0,0
19805.554,0,0
20142.138,0,0
20287.903,0,0
19932.202,0,0
20092.255,0,0
20765.527,0,0
21359.955,0,0
21873.019,0,0
22315.204,0,0
22612.346,0,0
22909.595,0,0
23206.952,0,0
23815.945,0,0
24507.516,0,0
24963.252,0,0
25050.249,0,0
24830.165,0,0
24502.863,0,0
23227.949,0,0
21903.499,0,0
21106.46,0,0
21304.087,0,0
21601.877,0,0
21799.828,0,0
22118.811,0,0
22629.486,0,0
23040.44,0,0
23451.672,0,0
23682.213,0,0
23802.825,0,0
23823.481,0,0
23900.0,0,0
23700.0,0,0
23500.0,0,0
23236.831,0,0
22969.68,0,0
22749.499,0,0
22776.326,0,0
22703.168,0,0
22630.024,0,0
22563.619,0,0
22400.0,0,0
22200.0,0,0
22000.0,0,0
21800.0,0,0
21600.0,0,0
21436.647,0,0
21169.3,0,0
21049.06,0,0
20975.965,0,0
20902.885,0,0
20929.819,0,0
20863.511,0,0
20900.0,0,0
20900.0,0,0
20900.0,0,0
21000.0,0,0
21222.952,0,0
21301.372,0,0
21479.725,0,0
21532.339,0,0
21759.273,0,0
21886.222,0,0
22013.186,0,0
21232.011,0,0
18879.302,0,0
16588.541,0,0
15361.856,0,0
14404.118,0,0
13843.728,0,0
12795.929,0,0
11572.83,0,0
10841.944,0,0
10257.653,0,0
10063.294,0,0
6323.575,1,1
1.489,1,1
0.0,1,1
0.0,1,1
0.0,1,1
0.0,1,1
0.0,1,1
0.0,1,1
0.0,1,1
0.0,1,1
0.0,1,1
0.0,1,1
0.0,1,1
0.0,1,1
509.766,1,1
1684.154,1,1
1612.002,1,1
2331.71,1,1
3878.681,1,1
5141.627,1,1
6311.293,1,1
7305.834,1,1
8364.547,1,1
10004.33,1,1
12066.161,0,0
13296.967,0,0
13685.309,0,0
17849.431,0,0
24228.401,0,0
26600.0,0,0
26600.0,0,0
26537.901,0,0
26471.786,0,0
26371.682,0,0
26337.751,0,0
26200.0,0,0
26100.0,0,0
25900.0,0,0
25700.0,0,0
25500.0,0,0
25300.0,0,0
25200.0,0,0
25200.0,0,0
25100.0,0,0
25100.0,0,0
25000.0,0,0
25000.0,0,0
24900.0,0,0
24800.0,0,0
24800.0,0,0
24800.0,0,0
24800.0,0,0
24700.0,0,0
24600.0,0,0
24400.0,0,0
24300.0,0,0
24100.0,0,0
23900.0,0,0
23800.0,0,0
23700.0,0,0
23600.0,0,0
23400.0,0,0
23200.0,0,0
22900.0,0,0
22700.0,0,0
22500.0,0,0
22300.0,0,0
22200.0,0,0
21903.013,0,0
21722.161,0,0
21695.116,0,0
21568.041,0,0
21540.937,0,0
21500.306,0,0
21346.128,0,0
21276.145,0,0
20917.938,0,0
20436.802,0,0
19832.204,0,0
18714.539,1,1
17501.925,1,1
17800.045,1,1
19511.398,0,0
20949.937,0,0
22185.369,0,0
21728.717,0,0
19296.747,0,0
17314.488,1,1
16226.381,1,1
16178.877,1,1
16718.597,1,1
16816.305,1,1
14219.696,1,1
9200.858,1,1
4300.084,1,1
2413.083,1,1
4234.917,1,1
4936.212,1,1
4431.785,1,1
5621.928,1,1
8585.544,1,1
11499.213,1,1
14225.231,1,1
16421.564,1,1
18229.388,1,1
20630.989,0,0
22987.661,0,0
23758.948,0,0
23387.335,0,0
23102.81,0,0
23004.915,0,0
22498.091,0,0
21582.019,0,0
20524.186,0,0
19241.759,1,1
18823.881,1,1
19274.763,0,0
19361.794,0,0
19003.379,1,0
20081.303,0,0
22333.073,0,0
23924.471,0,0
25065.094,0,0
26455.062,0,0
27859.919,0,0
28463.677,0,0
28400.0,0,0
28300.0,0,0
28300.0,0,0
28200.0,0,0
27902.079,0,0
27600.092,0,0
26546.027,0,0
26027.959,0,0
25956.031,0,0
25884.173,0,0
25812.386,0,0
25676.337,0,0
25575.974,0,0
25475.611,0,0
25275.247,0,0
24949.406,0,0
24497.838,0,0
23977.056,0,0
23272.528,0,0
22568.212,0,0
21864.286,0,0
21260.082,0,0
20655.045,0,0
20453.574,0,0
20756.087,0,0
21058.318,0,0
21360.827,0,0
21864.232,0,0
22568.714,0,0
22989.744,0,0
23441.995,0,0
23597.529,0,0
23556.203,0,0
23515.02,0,0
23473.981,0,0
23144.227,0,0
22525.366,0,0
21806.122,0,0
21086.496,0,0
20791.112,0,0
20920.311,0,0
20949.581,0,0
21078.923,0,0
21108.254,0,0
21237.591,0,0
21367.024,0,0
21396.553,0,0
21691.305,0,0
22151.317,0,0
22611.473,0,0
22971.774,0,0
23201.202,0,0
23306.309,0,0
23475.741,0,0
23545.077,0,0
22572.559,0,0
19769.371,0,0
16225.254,0,0
11892.23,0,0
9795.527,0,0
10989.202,0,0
8946.565,0,0
2423.305,1,1
0.0,1,1
0.0,1,1
0.0,1,1
0.0,1,1
0.0,1,1
1263.36,1,1
1289.527,1,1
1339.422,1,1
958.16,1,1
0.0,1,1
0.0,1,1
0.0,1,1
0.0,1,1
0.0,1,1
0.0,1,1
0.0,1,1
0.0,1,1
0.0,1,1
0.0,1,1
0.0,1,1
2943.353,1,1
5197.485,1,1
6155.029,1,1
6386.507,0,0
6643.561,0,0
7058.429,0,0
8789.014,0,0
11358.657,0,0
12687.358,0,0
13006.452,0,0
15823.544,0,0
20341.117,0,0
23478.932,0,0
25904.59,0,0
27991.957,0,0
29234.615,0,0
29734.597,0,0
29561.336,0,0
29388.094,0,0
29214.872,0,0
29155.119,0,0
29008.852,0,0
28862.623,0,0
28716.434,0,0
28597.225,0,0
28500.0,0,0
28500.0,0,0
28400.0,0,0
28300.0,0,0
28200.0,0,0
28100.0,0,0
27900.0,0,0
27800.0,0,0
27700.0,0,0
27600.0,0,0
27400.0,0,0
27300.0,0,0
27200.0,0,0
27100.0,0,0
27000.0,0,0
26800.0,0,0
26600.0,0,0
26400.0,0,0
26200.0,0,0
25900.0,0,0
25500.0,0,0
25100.0,0,0
24700.0,0,0
24400.0,0,0
24100.0,0,0
23900.0,0,0
23600.0,0,0
23500.0,0,0
23600.0,0,0
23600.0,0,0
23700.0,0,0
23800.0,0,0
24100.0,0,0
24297.198,0,0
24388.394,0,0
24733.953,0,0
25133.907,0,0
25633.861,0,0
26133.815,0,0
26420.159,0,0
26492.885,0,0
26565.6,0,0
26638.306,0,0
26289.475,0,0
25468.421,0,0
24628.204,0,0
23678.943,0,0
21902.016,0,0
18775.7,0,0
17033.422,0,0
17097.856,0,0
17250.26,0,0
17471.201,0,0
16244.946,0,0
13170.857,1,1
9310.156,1,1
4469.526,1,1
3839.918,1,1
7780.236,1,1
11620.233,1,1
15297.77,0,0
15844.621,0,0
13150.273,1,1
11250.186,1,1
10183.906,1,1
8933.309,1,1
7613.815,1,1
6230.715,1,1
4797.58,1,1
3268.104,1,1
1692.37,1,1
13.15,1,1
0.0,1,1
0.0,1,1
2104.956,1,1
4699.405,1,1
6930.215,1,1
9414.835,1,1
11943.893,1,1
13458.885,1,1
14464.028,0,0
19847.799,0,0
27448.26,0,0
30824.661,0,0
31823.862,0,0
32907.546,0,0
33477.326,0,0
33617.455,0,0
33564.19,0,0
33410.878,0,0
33357.517,0,0
33157.397,0,0
32910.596,0,0
32763.853,0,0
32517.167,0,0
32330.477,0,0
32203.716,0,0
31976.926,0,0
31750.106,0,0
31496.491,0,0
31116.036,0,0
30735.493,0,0
30087.592,0,0
28923.468,0,0
27095.361,0,0
24697.252,0,0
21563.609,0,0
19961.788,0,0
19830.054,0,0
19798.612,0,0
19667.465,0,0
20800.017,0,0
22978.427,0,0
24680.912,0,0
25878.931,0,0
25996.757,0,0
25209.528,0,0
24321.873,0,0
23533.793,0,0
23587.558,0,0
24384.544,0,0
24660.106,0,0
24590.428,0,0
24500.0,0,0
24563.271,0,0
24468.187,0,0
24472.998,0,0
24511.68,0,0
24784.284,0,0
24956.853,0,0
25229.386,0,0
25472.367,0,0
25711.792,0,0
25950.879,0,0
26089.628,0,0
26193.304,0,0
26262.053,0,0
26330.656,0,0
26299.113,0,0
25043.685,0,0
21407.046,0,0
16472.371,0,0
10232.238,0,0
7824.181,0,0
10730.762,0,0
10296.06,0,0
5276.828,0,0
1620.119,0,0
0.0,1,1
0.0,1,1
0.0,1,1
0.0,1,1
0.0,1,1
0.0,1,1
0.0,1,1
0.0,1,1
0.0,1,1
0.0,1,1
0.0,1,1
0.0,1,1
0.0,1,1
0.0,1,1
0.0,1,1
0.0,1,1
0.0,1,1
0.0,1,1
0.0,1,1
0.0,1,1
0.0,1,1
0.0,1,1
0.0,1,1
0.0,1,1
1323.191,0,0
3346.981,0,0
5006.292,0,0
7638.747,0,0
11457.338,0,0
16987.832,0,0
23668.002,0,0
26246.405,0,0
25878.702,0,0
25468.959,0,0
23928.298,0,0
21912.666,0,0
19946.638,0,0
17614.908,0,0
14768.68,0,0
13290.894,0,0
12983.037,0,0
12775.174,0,0
12467.306,0,0
10199.73,0,0
5667.415,0,0
473.802,0,0
0.0,0,0
0.0,0,0
0.0,0,0
0.0,0,0
0.0,0,0
0.0,0,0
0.0,0,0
0.0,0,0
0.0,0,0
0.0,0,0
0.0,0,0
0.0,0,0
0.0,0,0
0.0,1,1
0.0,1,1
0.0,1,1
0.0,1,1
0.0,1,1
542.693,1,1
4284.763,1,1
7929.862,1,1
11931.742,0,0
16441.256,0,0
18758.866,0,0
20770.607,0,0
22175.773,0,0
23232.652,0,0
23941.129,0,0
24750.125,0,0
25011.217,0,0
24823.855,0,0
24636.281,0,0
24548.492,0,0
24718.774,0,0
25447.356,0,0
26076.032,0,0
26804.803,0,0
26942.639,0,0
26589.282,0,0
26166.503,0,0
25659.322,0,0
24681.559,0,0
23254.473,0,0
21784.924,0,0
20286.639,0,0
18645.615,0,0
16538.049,0,0
14364.744,0,0
11340.595,1,1
8900.108,1,1
7530.002,1,1
6247.824,1,1
5057.521,1,1
4882.502,1,1
5721.068,1,1
7447.344,1,1
10069.325,1,1
11408.312,1,1
11421.732,1,1
13400.695,0,0
17548.469,0,0
21145.192,0,0
24272.585,0,0
24748.402,0,0
22374.79,0,0
18962.197,0,0
14461.363,0,0
11566.032,0,0
10106.615,1,1
8438.401,1,1
6578.751,1,1
7537.455,1,1
11065.969,1,1
14761.812,0,0
17372.094,0,0
18429.673,0,0
18776.345,0,0
18396.241,0,0
17429.451,0,0
16978.322,0,0
16729.827,0,0
19157.983,0,0
23813.335,0,0
27360.126,0,0
29807.497,0,0
31096.393,0,0
31251.389,0,0
31450.92,0,0
31550.451,0,0
31948.852,0,0
32846.257,0,0
33622.808,0,0
34062.757,0,0
34338.85,0,0
34650.998,0,0
34575.186,0,0
34382.536,0,0
33955.042,0,0
32138.364,0,0
29296.62,0,0
25577.396,0,0
24048.386,0,0
24976.01,0,0
25803.856,0,0
26695.832,0,0
26745.031,0,0
26445.031,0,0
26045.031,0,0
25645.031,0,0
25744.727,0,0
26244.01,0,0
26843.148,0,0
27213.699,0,0
26909.948,0,0
26189.963,0,0
25194.243,0,0
24295.466,0,0
23795.969,0,0
23795.644,0,0
23895.263,0,0
23894.828,0,0
23645.415,0,0
22947.144,0,0
22348.982,0,0
21750.929,0,0
21452.434,0,0
21553.443,0,0
21654.488,0,0
21700.142,0,0
21487.709,0,0
21135.153,0,0
20682.943,0,0
20331.079,0,0
19225.79,0,0
17603.137,0,0
16080.797,0,0
14458.77,0,0
10865.224,0,0
5026.445,1,1
0.0,1,1
0.0,1,1
0.0,1,1
0.0,1,1
0.0,1,1
0.0,1,1
0.0,1,1
0.0,1,1
0.0,1,1
3984.202,1,1
7881.89,1,1
9431.352,0,0
9446.63,0,0
8367.269,1,0
8454.151,0,0
10016.371,0,0
10655.986,0,0
10555.0,0,0
7446.94,1,1
1664.745,1,1
0.0,1,1
0.0,1,1
0.0,1,1
0.0,1,1
0.0,1,1
0.0,1,1
0.0,1,1
2430.132,1,1
6790.691,1,1
9361.22,0,0
11013.005,0,0
11513.184,0,0
12403.568,0,0
13578.129,0,0
13716.209,0,0
13036.437,0,0
12965.562,0,0
12648.645,0,0
15087.281,0,0
19896.29,0,0
23447.937,0,0
26734.149,0,0
28792.173,0,0
29623.455,0,0
30555.901,0,0
31489.512,0,0
31755.022,0,0
31551.552,0,0
31248.077,0,0
30944.597,0,0
31421.85,0,0
32399.502,0,0
33478.633,0,0
34120.577,0,0
34488.625,0,0
34367.567,0,0
34312.409,0,0
33991.841,0,0
33691.304,0,0
33510.836,0,0
33300.0,0,0
33000.0,0,0
32600.0,0,0
32000.0,0,0
31500.0,0,0
30877.23,0,0
30497.248,0,0
30300.0,0,0
30000.0,0,0
29800.0,0,0
29500.0,0,0
29000.0,0,0
28500.0,0,0
28100.0,0,0
27700.0,0,0
27300.0,0,0
27000.0,0,0
26600.0,0,0
26400.0,0,0
26500.0,0,0
26497.202,0,0
26388.409,0,0
26447.423,0,0
26774.492,0,0
27101.632,0,0
27428.841,0,0
27787.695,0,0
28277.942,0,0
28667.924,0,0
29038.046,0,0
29009.323,0,0
29076.867,0,0
29044.089,0,0
29110.988,0,0
28022.001,0,0
25372.772,0,0
21906.754,0,0
17774.767,0,0
15749.496,0,0
16721.381,0,0
15661.616,0,0
11878.904,0,0
8167.384,0,0
4481.477,1,1
3026.617,1,1
4556.225,1,1
6347.247,0,0
8332.895,0,0
8498.344,0,0
6524.785,0,0
4470.764,1,1
2515.53,1,1
1557.928,1,1
1854.626,1,1
1441.961,1,1
515.088,1,1
1016.496,1,1
3102.855,1,1
4717.906,0,0
5844.528,0,0
7023.099,0,0
8238.181,0,0
9119.882,0,0
9797.841,0,0
11746.303,0,0
14799.172,0,0
17269.154,0,0
19313.835,0,0
20691.268,0,0
21427.888,0,0
22432.339,0,0
23826.592,0,0
25717.685,0,0
27758.846,0,0
28417.386,0,0
27493.418,0,0
23631.492,0,0
19146.062,0,0
19331.221,0,0
24291.239,0,0
28645.577,0,0
31032.592,0,0
31106.537,0,0
28864.692,0,0
25867.819,0,0
22053.25,0,0
18118.189,0,0
13808.764,0,0
9396.224,0,0
4289.224,1,1
585.813,1,1
0.0,1,1
0.0,1,1
0.0,1,1
0.0,1,1
0.0,1,1
0.0,1,1
0.0,1,1
0.0,1,1
0.0,1,1
0.0,1,1
0.0,1,1
0.0,1,1
0.0,1,1
0.0,1,1
0.0,1,1
0.0,1,1
0.0,1,1
0.0,1,1
0.0,1,1
0.0,1,1
0.0,1,1
0.0,1,1
0.0,1,1
0.0,1,1
0.0,1,1
0.0,1,1
0.0,1,1
0.0,1,1
0.0,1,1
0.0,1,1
0.0,1,1
0.0,1,1
0.0,1,1
0.0,1,1
0.0,1,1
0.0,0,0
0.0,0,0
0.0,0,0
0.0,0,0
0.0,0,0
0.0,0,0
0.0,0,0
0.0,0,0
0.0,0,0
0.0,0,0
0.0,0,0
0.0,0,0
0.0,0,0
0.0,0,0
0.0,0,0
0.0,0,0
0.0,0,0
0.0,0,0
0.0,0,0
0.0,0,0
0.0,0,0
0.0,0,0
0.0,0,0
0.0,0,0
0.0,0,0
0.0,0,0
0.0,0,0
0.0,0,0
0.0,0,0
0.0,0,0
0.0,0,0
0.0,0,0
0.0,0,0
0.0,0,0
0.0,0,0
0.0,0,0
0.0,0,0
0.0,0,0
0.0,0,0
0.0,0,0
0.0,0,0
0.0,0,0
0.0,0,0
0.0,0,0
0.0,0,0
0.0,0,0
0.0,0,0
0.0,0,0
0.0,0,0
0.0,0,0
0.0,0,0
0.0,0,0
0.0,0,0
0.0,0,0
0.0,0,0
0.0,0,0
0.0,0,0
0.0,0,0
0.0,0,0
0.0,0,0
0.0,0,0
0.0,0,0
0.0,0,0
0.0,0,0
0.0,0,0
0.0,0,0
0.0,0,0
1599.279,0,0
2353.076,0,0
1553.076,0,0
853.076,0,0
153.076,0,0
279.975,1,1
1233.772,1,1
2287.569,1,1
3120.477,1,1
3339.174,1,1
2939.174,1,1
2639.174,1,1
2239.174,1,1
2457.871,1,1
3195.264,1,1
3932.657,1,1
4770.05,1,1
6471.937,1,1
9238.318,1,1
11486.853,0,0
13468.453,0,0
15897.754,0,0
18311.009,0,0
19980.728,0,0
21650.446,0,0
23128.829,0,0
24430.813,0,0
25732.651,0,0
27034.342,0,0
27534.634,0,0
27133.637,0,0
26632.641,0,0
26231.644,0,0
24667.583,0,0
21206.531,0,0
18466.853,0,0
17746.885,0,0
18112.735,0,0
19268.984,0,0
18504.803,0,0
15624.048,0,0
13012.245,0,0
10663.929,0,0
9724.69,1,1
10380.475,1,1
9992.932,1,1
8378.771,1,1
9748.469,1,1
13919.596,0,0
18971.56,0,0
22083.713,0,0
22631.718,0,0
22606.321,0,0
22142.262,0,0
21091.268,0,0
22543.457,0,0
26531.877,0,0
29723.083,0,0
32162.491,0,0
32281.391,0,0
29692.656,0,0
27770.209,0,0
26680.513,0,0
26842.561,0,0
28451.213,0,0
30382.753,0,0
31079.038,0,0
30286.164,0,0
28765.525,0,0
26401.361,0,0
23955.665,0,0
23768.648,0,0
25479.156,0,0
26826.658,0,0
26188.239,0,0
24477.316,0,0
22664.394,0,0
21757.183,0,0
21757.183,0,0
21657.183,0,0
21657.183,0,0
22315.669,0,0
23732.641,0,0
25149.613,0,0
26566.585,0,0
27428.478,0,0
27499.747,0,0
27671.016,0,0
27742.285,0,0
27238.833,0,0
26247.712,0,0
24621.304,0,0
22994.895,0,0
20364.719,0,0
16169.307,0,0
11075.404,0,0
5851.204,1,1
3075.017,1,1
3716.574,1,1
4258.13,1,1
4679.977,1,1
4791.277,0,0
4486.609,0,0
4281.94,0,0
4077.269,0,0
3673.765,0,0
3171.428,0,0
2669.091,0,0
2266.754,0,0
2378.629,0,0
3204.857,0,0
3931.271,0,0
4757.871,0,0
3113.735,0,0
0.0,1,1
0.0,1,1
0.0,1,1
0.0,1,1
0.0,1,1
0.0,1,1
4006.196,0,0
7148.5,0,0
9018.947,0,0
10889.642,0,0
12760.586,0,0
13720.907,0,0
13819.423,0,0
14017.939,0,0
14216.454,0,0
14863.622,0,0
16017.095,0,0
17151.825,0,0
18175.842,0,0
19542.035,0,0
21041.732,0,0
21146.513,0,0
19628.738,0,0
19422.895,0,0
20414.55,0,0
21518.405,0,0
22320.358,0,0
21223.51,0,0
18102.875,0,0
17479.09,0,0
18947.017,0,0
20011.524,0,0
16104.115,0,0
12001.511,0,0
4864.033,0,0
0.0,1,1
0.0,1,1
0.0,1,1
0.0,1,1
0.0,1,1
0.0,1,1
0.0,1,1
0.0,1,1
0.0,1,1
0.0,1,1
0.0,1,1
534.368,0,0
1290.65,0,0
800.457,0,0
3027.767,0,0
7342.047,0,0
11531.902,0,0
15594.463,0,0
18805.029,0,0
21331.661,0,0
24323.178,0,0
26856.561,0,0
28724.871,0,0
29877.51,0,0
29805.108,0,0
27836.998,0,0
25555.43,0,0
23371.529,0,0
19494.837,0,0
13878.391,0,0
7534.647,0,0
779.086,0,0
0.0,1,1
0.0,1,1
0.0,1,1
0.0,1,1
0.0,1,1
0.0,1,1
0.0,1,1
0.0,0,0
0.0,0,0
0.0,0,0
0.0,0,0
0.0,0,0
0.0,0,0
0.0,0,0
0.0,0,0
0.0,0,0
0.0,1,1
0.0,1,1
0.0,1,1
0.0,1,1
0.0,1,1
723.5,1,1
5173.619,1,1
9457.499,0,0
12796.539,0,0
15537.65,0,0
18030.957,0,0
19459.005,0,0
20171.777,0,0
20167.495,0,0
20163.208,0,0
20258.915,0,0
20012.629,0,0
19523.6,0,0
19133.566,0,0
18642.524,0,0
16889.493,0,0
14008.348,0,0
10559.647,0,0
6290.495,1,1
3723.063,1,1
2765.6,1,1
1684.927,1,1
602.373,1,1
1684.818,1,1
4521.272,1,1
7050.658,0,0
9562.175,0,0
10195.896,0,0
9011.755,0,0
9772.934,0,0
12748.687,0,0
15375.336,0,0
16792.517,0,0
17413.23,0,0
15355.391,0,0
9808.285,0,0
3539.515,1,1
0.0,1,1
0.0,1,1
0.0,1,1
3474.455,1,1
5970.371,1,1
6893.907,1,1
6122.594,1,1
3715.844,1,1
5752.831,1,1
12350.203,0,0
19204.155,0,0
23165.718,0,0
22977.811,0,0
20047.501,0,0
16715.069,0,0
14406.543,0,0
15167.62,0,0
18531.304,0,0
21951.402,0,0
24463.755,0,0
25771.831,0,0
26045.953,0,0
25969.96,0,0
26346.602,0,0
28412.709,0,0
31545.89,0,0
33867.325,0,0
35426.787,0,0
36656.119,0,0
37518.329,0,0
37621.912,0,0
37103.227,0,0
36509.595,0,0
35912.654,0,0
35612.754,0,0
35710.11,0,0
35807.575,0,0
35905.147,0,0
35853.654,0,0
35553.017,0,0
35352.379,0,0
35051.741,0,0
35212.615,0,0
35605.852,0,0
35862.718,0,0
35650.025,0,0
35363.777,0,0
35100.0,0,0
34700.0,0,0
34400.0,0,0
33700.0,0,0
32700.0,0,0
31600.0,0,0
30600.0,0,0
29963.728,0,0
29896.708,0,0
29829.687,0,0
29762.666,0,0
29542.56,0,0
29269.368,0,0
28996.177,0,0
28722.985,0,0
28449.793,0,0
28276.601,0,0
28103.41,0,0
27930.218,0,0
27676.601,0,0
27342.56,0,0
27008.519,0,0
26203.955,0,0
25784.211,0,0
25784.211,0,0
25784.211,0,0
25784.211,0,0
25340.647,0,0
24299.218,0,0
23004.436,0,0
21096.953,1,1
20238.614,1,1
20538.614,1,1
20738.614,1,1
20938.614,1,1
20106.816,1,1
18030.694,1,1
15237.015,1,1
12286.538,1,1
11935.08,1,1
12766.009,1,1
13314.954,1,1
14083.205,1,1
13222.627,1,1
10851.82,1,1
10677.772,1,1
12855.681,1,1
14166.929,1,1
14171.047,1,1
14338.098,1,1
14659.469,1,1
15444.546,1,1
16710.405,1,1
19261.473,1,1
22974.605,0,0
27424.669,0,0
31540.262,0,0
33308.298,0,0
33799.041,0,0
34125.698,0,0
34589.664,0,0
33883.588,0,0
32237.375,0,0
30456.094,0,0
28223.216,0,0
28350.371,0,0
30641.846,0,0
32339.836,0,0
33511.361,0,0
34465.102,0,0
35363.143,0,0
36407.467,0,0
37592.347,0,0
38216.463,0,0
38295.754,0,0
38565.015,0,0
38742.406,0,0
38649.899,0,0
38500.0,0,0
38300.0,0,0
38100.0,0,0
38000.0,0,0
37800.0,0,0
37600.0,0,0
37200.0,0,0
36900.0,0,0
36483.986,0,0
36191.025,0,0
35984.747,0,0
35778.431,0,0
35356.386,0,0
35405.241,0,0
35477.976,0,0
35450.742,0,0
35400.0,0,0
35100.0,0,0
34800.0,0,0
34500.0,0,0
34177.307,0,0
33597.259,0,0
32800.0,0,0
31900.0,0,0
31100.0,0,0
30600.0,0,0
30600.0,0,0
30500.0,0,0
30400.0,0,0
30200.0,0,0
29800.0,0,0
29500.0,0,0
29100.0,0,0
28800.0,0,0
28500.0,0,0
28300.0,0,0
28000.0,0,0
27800.0,0,0
27800.0,0,0
27700.0,0,0
27700.0,0,0
27700.0,0,0
27700.0,0,0
27700.0,0,0
27700.0,0,0
27800.0,0,0
28100.0,0,0
28300.0,0,0
28500.0,0,0
28763.695,0,0
28996.576,0,0
29329.408,0,0
29562.191,0,0
28878.101,0,0
26974.532,0,0
24537.441,0,0
21758.367,0,0
19968.267,0,0
19426.966,0,0
18306.542,1,1
16597.853,1,1
14246.526,1,1
11407.979,1,1
9722.218,1,1
9670.437,1,1
9358.536,1,1
8938.228,1,1
8219.885,1,1
6948.048,1,1
5011.735,1,1
2181.1,1,1
3137.119,1,1
7907.862,1,1
13066.252,1,1
18496.086,1,1
20054.045,0,1
17809.564,1,1
15933.796,1,1
14517.122,1,1
13960.396,1,1
14258.335,1,1
14395.016,1,1
14344.73,1,1
15893.622,1,1
18580.068,0,0
21211.571,0,0
23524.553,0,0
24355.88,0,0
24213.007,0,0
24475.346,0,0
25287.055,0,0
28230.465,0,0
32284.825,0,0
34764.692,0,0
35582.194,0,0
35908.069,0,0
35367.597,0,0
34385.085,0,0
33601.073,0,0
32816.156,0,0
31780.658,0,0
30577.92,0,0
29107.888,0,0
27670.554,0,0
25435.422,0,0
24869.945,0,0
25875.383,0,0
26981.465,0,0
27460.419,0,0
28562.031,0,0
30099.495,0,0
31379.152,0,0
32551.194,0,0
33027.311,0,0
33078.151,0,0
33029.125,0,0
32980.235,0,0
32505.666,0,0
31705.319,0,0
30804.972,0,0
29904.625,0,0
29441.364,0,0
29215.157,0,0
28988.905,0,0
28762.607,0,0
28341.741,0,0
27626.254,0,0
26737.577,0,0
25945.625,0,0
25251.805,0,0
24756.172,0,0
24160.432,0,0
23664.586,0,0
23316.414,0,0
23215.994,0,0
23115.574,0,0
23115.154,0,0
22571.657,0,0
21495.345,0,0
20383.028,0,0
19170.277,0,0
18695.634,0,0
18893.946,0,0
19192.257,0,0
19490.568,0,0
20192.997,0,0
21065.105,0,0
22037.456,0,0
23010.048,0,0
22233.141,0,0
18100.612,0,0
12226.653,0,0
4738.343,1,1
2698.514,1,1
8093.217,0,0
9714.622,0,0
6599.456,0,0
3832.183,1,1
1617.539,1,1
860.24,1,1
1566.068,1,1
1623.635,1,1
444.559,1,1
0.0,1,1
0.0,1,1
0.0,1,1
0.0,1,1
0.0,1,1
0.0,1,1
0.0,1,1
0.0,1,1
0.0,1,1
0.0,1,1
0.0,1,1
0.0,1,1
0.0,1,1
0.0,1,1
374.434,1,1
4730.551,1,1
8087.202,0,0
10403.595,0,0
11517.747,0,0
12019.164,0,0
14410.672,0,0
18047.996,0,0
21705.249,0,0
25266.275,0,0
28547.058,0,0
31285.955,0,0
33631.283,0,0
34913.302,0,0
35819.064,0,0
36388.64,0,0
36591.704,0,0
36984.507,0,0
37277.57,0,0
37670.892,0,0
37370.753,0,0
36576.763,0,0
35782.514,0,0
34888.004,0,0
34563.915,0,0
34610.537,0,0
34657.29,0,0
34704.173,0,0
34789.34,0,0
34812.744,0,0
34836.213,0,0
34859.747,0,0
34783.315,0,0
34606.932,0,0
34430.637,0,0
34220.581,0,0
33633.459,0,0
32833.362,0,0
31933.265,0,0
31133.168,0,0
30633.071,0,0
30532.974,0,0
30432.877,0,0
30432.78,0,0
30158.743,0,0
29910.78,0,0
29562.836,0,0
29314.91,0,0
29112.608,0,0
29000.0,0,0
28800.0,0,0
28600.0,0,0
28500.0,0,0
28300.0,0,0
28200.0,0,0
28000.0,0,0
28000.0,0,0
28100.0,0,0
28100.0,0,0
28200.0,0,0
28400.0,0,0
28600.0,0,0
28800.0,0,0
29000.0,0,0
29300.0,0,0
29600.0,0,0
29900.0,0,0
30200.0,0,0
29592.395,0,0
27796.728,0,0
25729.738,0,0
23426.562,0,0
21594.223,1,1
20132.373,1,1
19172.916,1,1
19322.645,1,1
19561.128,1,1
19957.368,1,1
19044.292,1,1
16553.364,1,1
13556.195,1,1
9948.163,1,1
9043.906,1,1
10970.731,1,1
12169.543,1,1
12905.18,1,1
14915.97,1,1
17970.601,1,1
22034.322,1,1
24823.152,0,0
25760.177,0,0
27242.118,0,0
29233.687,0,0
26405.228,0,0
26628.437,0,0
25549.357,0,0
23459.603,0,0
20500.637,1,1
19426.753,1,1
20203.915,1,1
20423.125,1,1
20336.943,1,1
21931.156,1,1
24899.972,0,0
27179.825,0,0
28740.873,0,0
31011.256,0,0
32925.871,0,0
34260.831,0,0
34515.917,0,0
34192.257,0,0
33376.513,0,0
32155.999,0,0
31037.568,0,0
29917.379,0,0
28895.428,0,0
27236.327,0,0
25369.639,0,0
23399.749,0,0
21426.647,1,0
22993.432,0,0
27543.916,0,0
30329.708,0,0
32467.423,0,0
33279.958,0,0
32788.2,0,0
32395.877,0,0
32002.987,0,0
31799.79,0,0
31887.129,0,0
31875.027,0,0
31863.485,0,0
31545.768,0,0
30893.131,0,0
30140.977,0,0
29489.307,0,0
28793.972,0,0
28353.847,0,0
27745.693,0,0
27057.844,0,0
27246.083,0,0
28059.39,0,0
28702.339,0,0
28839.514,0,0
28659.05,0,0
28284.29,0,0
27324.177,0,0
26362.148,0,0
25022.364,0,0
23432.661,0,0
21547.491,0,0
19503.271,0,0
16953.961,0,0
14334.388,0,0
11608.396,0,0
8075.215,0,0
6944.076,0,0
8397.88,0,0
9955.142,0,0
11515.877,0,0
12757.769,0,0
14031.355,0,0
15207.441,0,0
16486.036,0,0
15636.74,0,0
11369.798,0,0
5246.02,0,0
0.0,1,1
0.0,1,1
0.0,1,1
0.0,1,1
0.0,1,1
0.0,1,1
0.0,1,1
0.0,1,1
0.0,1,1
0.0,1,1
0.0,1,1
0.0,1,1
0.0,1,1
0.0,1,1
0.0,1,1
0.0,1,1
0.0,1,1
0.0,1,1
0.0,1,1
0.0,1,1
0.0,1,1
0.0,1,1
0.0,1,1
0.0,1,1
0.0,0,0
0.0,0,0
0.0,0,0
0.0,0,0
0.0,0,0
1852.906,0,0
4428.845,0,0
7991.58,0,0
12191.78,0,0
14082.405,0,0
14433.448,0,0
20105.541,0,0
28101.681,0,0
30483.317,0,0
30439.154,0,0
31369.585,0,0
31650.377,0,0
32424.967,0,0
33992.688,0,0
34921.726,0,0
35520.624,0,0
35452.269,0,0
35278.559,0,0
35104.883,0,0
34931.239,0,0
34678.331,0,0
34446.009,0,0
34113.521,0,0
33416.065,0,0
33252.188,0,0
33557.51,0,0
33578.807,0,0
33584.805,0,0
33490.961,0,0
33497.261,0,0
33300.0,0,0
33200.0,0,0
32700.0,0,0
32000.0,0,0
31300.0,0,0
30583.899,0,0
30163.853,0,0
30000.0,0,0
29800.0,0,0
29600.0,0,0
29400.0,0,0
29000.0,0,0
28700.0,0,0
28300.0,0,0
28000.0,0,0
27800.0,0,0
27500.0,0,0
27300.0,0,0
27100.0,0,0
27000.0,0,0
27000.0,0,0
26900.0,0,0
27000.0,0,0
27300.0,0,0
27600.0,0,0
27900.0,0,0
28200.0,0,0
28700.0,0,0
29200.0,0,0
29600.0,0,0
29900.0,0,0
29982.685,0,0
29934.362,0,0
29944.791,0,0
27867.521,0,0
23790.318,0,0
18711.555,0,0
12701.711,0,0
9996.913,0,0
10888.857,0,0
10464.552,0,0
8956.685,0,0
6802.077,0,0
4044.214,1,1
1720.525,1,1
0.0,1,1
0.0,1,1
0.0,1,1
0.0,1,1
0.0,1,1
0.0,1,1
0.0,1,1
0.0,1,1
0.0,1,1
0.0,1,1
0.0,1,1
0.0,1,1
0.0,1,1
0.0,1,1
0.0,1,1
0.0,1,1
0.0,1,1
0.0,1,1
807.478,1,1
2032.834,1,1
3056.985,1,1
3889.444,1,1
4948.402,0,0
7532.356,0,0
11326.088,0,0
14967.6,0,0
18652.68,0,0
22474.672,0,0
26319.181,0,0
29708.194,0,0
31995.748,0,0
33844.669,0,0
34962.034,0,0
35378.551,0,0
35402.412,0,0
35426.427,0,0
35550.597,0,0
34974.19,0,0
33606.697,0,0
31936.834,0,0
30138.904,0,0
28998.923,0,0
28894.801,0,0
28690.675,0,0
28586.543,0,0
28382.406,0,0
28178.264,0,0
27874.117,0,0
27569.964,0,0
28341.113,0,0
29802.717,0,0
31175.543,0,0
31899.741,0,0
31904.758,0,0
31204.186,0,0
30503.614,0,0
29803.04,0,0
29365.918,0,0
29292.367,0,0
29218.975,0,0
29111.045,0,0
28718.324,0,0
27936.129,0,0
27053.312,0,0
26269.872,0,0
25617.79,0,0
25097.188,0,0
24400.734,0,0
23700.417,0,0
22500.725,0,0
20816.908,0,0
18764.706,0,0
16144.241,0,0
13393.114,0,0
11603.829,0,0
9644.802,0,0
7064.438,0,0
7968.689,0,0
12089.941,0,0
15209.609,0,0
18433.262,0,0
21430.737,0,0
23864.223,0,0
25958.034,0,0
27869.077,0,0
27158.646,0,0
23538.345,0,0
19027.208,0,0
13502.679,0,0
10261.437,0,0
9928.687,0,0
8209.81,0,0
4837.572,0,0
1547.439,1,1
0.0,1,1
0.0,1,1
0.0,1,1
0.0,1,1
0.0,1,1
0.0,1,1
0.0,1,1
0.0,1,1
0.0,1,1
0.0,1,1
0.0,1,1
0.0,1,1
0.0,1,1
0.0,1,1
0.0,1,1
0.0,1,1
0.0,1,1
0.0,1,1
0.0,1,1
0.0,1,1
0.0,1,1
1668.873,1,1
3618.521,1,1
5455.146,0,0
7318.857,0,0
10409.464,0,0
14577.784,0,0
17890.966,0,0
20638.68,0,0
24434.878,0,0
28569.856,0,0
31399.203,0,0
33578.487,0,0
35846.898,0,0
36738.156,0,0
37094.071,0,0
37201.648,0,0
37219.794,0,0
37238.087,0,0
37090.706,0,0
36877.527,0,0
36664.332,0,0
36351.121,0,0
36078.51,0,0
35846.407,0,0
35514.161,0,0
34717.783,0,0
34291.016,0,0
34269.143,0,0
34213.244,0,0
33892.505,0,0
33578.505,0,0
33471.244,0,0
33264.084,0,0
33100.0,0,0
32500.0,0,0
31600.0,0,0
30700.0,0,0
29700.0,0,0
29300.0,0,0
29200.0,0,0
29200.0,0,0
29200.0,0,0
29000.0,0,0
28700.0,0,0
28400.0,0,0
28100.0,0,0
27800.0,0,0
27600.0,0,0
27400.0,0,0
27200.0,0,0
27000.0,0,0
26900.0,0,0
26900.0,0,0
26763.672,0,0
26650.22,0,0
26763.632,0,0
26777.059,0,0
26890.501,0,0
27000.0,0,0
27300.0,0,0
27500.0,0,0
27800.0,0,0
28000.0,0,0
28200.0,0,0
28500.0,0,0
28700.0,0,0
27967.576,0,0
26189.817,0,0
24420.755,0,0
23070.536,0,0
23190.226,0,0
24795.393,0,0
25013.428,0,0
22902.822,0,0
20152.89,1,1
17856.481,1,1
16326.977,1,1
15529.105,1,1
13672.204,1,1
10819.612,1,1
10911.621,1,1
14297.153,1,1
17452.98,1,1
20441.512,1,1
21664.04,1,1
20862.841,1,1
20273.684,1,1
20029.267,1,1
20043.622,1,1
20418.101,1,1
20977.539,1,1
21812.091,1,1
21033.561,1,1
18978.16,1,1
16206.143,1,1
12961.703,1,1
14350.12,1,1
19979.821,1,1
25363.407,0,0
28381.967,0,0
29601.283,0,0
31012.113,0,0
32813.239,0,0
34928.088,0,0
35806.161,0,0
35399.819,0,0
35006.191,0,0
34715.692,0,0
34970.571,0,0
35857.449,0,0
35625.882,0,0
34598.105,0,0
33371.365,0,0
31593.612,0,0
30800.696,0,0
31192.406,0,0
31584.115,0,0
31875.824,0,0
32302.635,0,0
32835.322,0,0
33367.896,0,0
33665.883,0,0
33479.168,0,0
33157.778,0,0
32452.047,0,0
31846.408,0,0
31709.758,0,0
32241.945,0,0
32539.599,0,0
32472.091,0,0
32158.202,0,0
31397.945,0,0
30737.681,0,0
29977.41,0,0
29600.0,0,0
29600.0,0,0
29500.0,0,0
29500.0,0,0
29300.0,0,0
28900.0,0,0
28500.0,0,0
28100.0,0,0
27900.0,0,0
27624.523,1,1
27305.511,1,1
26986.541,1,1
26773.362,1,1
26765.93,1,1
26858.481,1,1
26851.016,1,1
26724.588,1,1
26679.229,1,1
26533.896,1,1
25949.697,1,1
25992.256,1,1
26570.55,1,1
27214.299,1,1
27493.591,1,1
27806.821,0,0
27954.011,0,0
28085.814,0,0
28033.864,0,0
28213.493,0,0
28208.188,0,0
28074.439,0,0
28033.804,0,0
28622.72,0,0
29897.009,0,0
30832.808,0,0
31256.558,0,0
31897.147,0,0
32653.439,0,0
32556.354,0,0
31584.31,0,0
30598.187,0,0
29606.061,0,0
29485.97,0,0
30206.543,0,0
30798.513,0,0
31266.042,0,0
31327.146,0,0
30980.603,0,0
30333.387,0,0
29285.489,0,0
29512.136,0,0
31010.608,0,0
32129.693,0,0
32666.64,0,0
32990.293,0,0
32840.299,0,0
32856.366,0,0
33138.03,0,0
33441.705,0,0
33965.246,0,0
34726.86,0,0
35717.253,0,0
35932.634,0,0
35658.395,0,0
35251.851,0,0
34530.891,0,0
33801.02,0,0
33211.186,0,0
32622.012,0,0
32380.774,0,0
32129.066,0,0
31692.257,0,0
31738.706,0,0
32225.975,0,0
32613.035,0,0
33099.886,0,0
32802.653,0,0
31721.699,0,0
30741.024,0,0
29660.627,0,0
29314.543,0,0
29804.053,0,0
30192.85,0,0
30681.473,0,0
30484.406,0,0
29601.873,0,0
28718.92,0,0
27586.096,1,1
26387.095,1,1
25122.079,1,1
23690.855,1,1
21564.931,1,1
21066.926,1,1
22195.813,1,1
22629.337,1,1
22895.932,1,1
22696.259,0,0
21930.603,0,0
21164.947,0,0
20399.29,0,0
18475.79,0,0
15527.487,0,0
12679.185,1,1
8851.677,1,1
6198.964,1,1
4990.658,1,1
3782.353,1,1
2674.047,1,1
1969.895,1,1
1869.895,1,1
1769.895,1,1
1669.895,1,1
2846.251,1,1
5198.964,1,1
7551.677,1,1
9804.39,1,1
12403.336,1,1
15492.394,0,0
18432.725,0,0
20230.3,0,0
20264.037,0,0
17836.922,0,0
14240.068,1,1
9915.507,1,1
6890.718,1,1
5943.882,1,1
5086.703,1,1
4323.206,1,1
5548.573,1,1
8562.306,1,1
11537.516,1,1
14371.609,0,0
17104.079,0,0
19977.895,0,0
23025.406,0,0
25355.525,0,0
27590.588,0,0
29457.575,0,0
31380.323,0,0
33282.986,0,0
34815.807,0,0
36129.828,0,0
36723.031,0,0
36958.162,0,0
37054.141,0,0
37151.456,0,0
37232.622,0,0
37213.463,0,0
37074.001,0,0
36714.051,0,0
36333.948,0,0
36134.065,0,0
35858.904,0,0
35508.23,0,0
35478.864,0,0
35569.893,0,0
35702.011,0,0
35775.883,0,0
35858.686,0,0
35950.039,0,0
36171.025,0,0
36519.426,0,0
36731.615,0,0
36813.068,0,0
36724.653,0,0
36666.126,0,0
36516.108,0,0
36500.0,0,0
36300.0,0,0
36100.0,0,0
36000.0,0,0
35800.0,0,0
35600.0,0,0
35400.0,0,0
35100.0,0,0
34900.0,0,0
34664.614,0,0
34499.22,0,0
34433.815,0,0
34268.399,0,0
34048.756,0,0
33974.899,0,0
33801.047,0,0
33727.199,0,0
33474.849,0,0
33043.993,0,0
32352.483,0,0
31428.191,0,0
30778.398,0,0
30103.12,0,0
29527.865,0,0
28852.631,0,0
28358.639,0,0
27845.704,0,0
27432.548,0,0
26852.341,1,1
26874.7,1,1
27199.643,1,1
27525.031,0,0
27816.666,0,0
27621.568,0,0
27500.276,0,0
27379.04,0,0
27257.86,0,0
27097.291,1,1
26997.29,1,1
26897.29,1,1
26797.289,1,1
26800.0,1,1
26900.0,1,1
27000.0,1,1
27100.0,1,1
27200.0,0,0
27400.0,0,0
27500.0,0,0
27700.0,0,0
27900.0,0,0
28038.796,0,0
28207.353,0,0
28372.06,0,0
28074.726,0,0
27496.658,0,0
27290.328,0,0
27466.965,0,0
27553.413,0,0
27652.833,0,0
28225.441,0,0
28835.654,0,0
29993.898,0,0
31996.39,0,0
31723.863,0,0
29696.367,0,0
27491.789,0,0
25320.444,1,1
24476.794,1,1
24404.923,1,1
23905.547,1,1
22982.637,1,1
24033.322,1,1
27155.355,1,1
29409.888,0,0
30796.257,0,0
30898.054,0,0
29832.823,0,0
28936.413,0,0
27616.589,0,0
26068.724,1,1
23958.254,1,1
23139.978,1,1
24320.908,1,1
25145.311,1,1
26315.937,1,1
28551.484,0,0
31191.449,0,0
33181.41,0,0
34387.83,0,0
34553.579,0,0
34732.022,0,0
34991.917,0,0
35468.408,0,0
35778.733,0,0
35839.201,0,0
36005.747,0,0
36074.565,0,0
36100.0,0,0
35900.0,0,0
35700.0,0,0
35500.0,0,0
35300.0,0,0
35100.0,0,0
34900.0,0,0
34600.0,0,0
34500.0,0,0
34300.0,0,0
34100.0,0,0
34000.0,0,0
33800.0,0,0
33700.0,0,0
33600.0,0,0
33500.0,0,0
33400.0,0,0
33100.0,0,0
32900.0,0,0
32700.0,0,0
32200.0,0,0
31400.0,0,0
30700.0,0,0
29900.0,0,0
29500.0,0,0
29300.0,0,0
29100.0,0,0
29000.0,0,0
28800.0,0,0
28500.0,0,0
28200.0,0,0
27900.0,0,0
27697.263,0,0
27597.261,0,0
27397.259,0,0
27197.257,0,0
27070.61,0,0
27017.253,0,0
26863.81,0,0
26810.279,0,0
26689.831,0,0
26033.623,0,0
25138.73,0,0
24049.002,0,0
23448.534,0,0
23545.627,0,0
23742.716,0,0
23839.799,0,0
24288.993,0,0
24823.864,0,0
25055.124,0,0
25096.277,0,0
23157.248,0,0
17845.337,0,0
10764.044,0,0
269.005,0,0
0.0,1,1
0.0,1,1
0.0,1,1
0.0,1,1
0.0,1,1
0.0,1,1
0.0,1,1
0.0,1,1
0.0,1,1
0.0,1,1
0.0,1,1
0.0,1,1
0.0,1,1
0.0,1,1
0.0,1,1
0.0,1,1
0.0,1,1
0.0,1,1
0.0,1,1
0.0,1,1
0.0,1,1
0.0,1,1
0.0,1,1
0.0,1,1
116.04,0,0
2314.165,0,0
4690.053,0,0
6994.452,0,0
7715.28,0,0
6472.1,0,0
7537.742,0,0
9716.461,0,0
10079.941,0,0
4866.074,0,0
0.0,0,0
0.0,0,0
0.0,0,0
0.0,0,0
841.975,0,0
8836.846,0,0
14903.444,0,0
20104.353,0,0
23964.97,0,0
27194.797,0,0
28547.112,0,0
29404.378,0,0
29967.688,0,0
30442.654,0,0
30044.467,0,0
28752.251,0,0
27046.71,0,0
25338.597,0,0
25231.436,0,0
26729.294,0,0
28230.005,0,0
29320.376,0,0
29950.862,0,0
30339.06,0,0
30625.033,0,0
30738.581,0,0
30147.298,0,0
28434.846,0,0
26746.713,0,0
24919.839,0,0
23974.557,0,0
24174.91,0,0
24340.198,0,0
24432.863,0,0
24029.267,0,0
23154.918,0,0
22070.681,0,0
20985.204,0,0
20338.379,0,0
20031.126,0,0
19823.859,0,0
19516.577,0,0
19750.884,0,0
20527.807,0,0
21306.089,0,0
21875.916,0,0
22472.885,0,0
23070.993,0,0
23770.014,0,0
24369.951,0,0
24515.934,0,0
24206.05,0,0
23894.527,0,0
23488.114,0,0
23095.781,0,0
22647.335,0,0
21778.431,0,0
20791.446,0,0
18599.35,0,0
14372.596,0,0
8985.154,0,0
2873.853,0,0
0.0,1,1
0.0,1,1
0.0,1,1
0.0,1,1
0.0,1,1
0.0,1,1
0.0,1,1
0.0,1,1
0.0,1,1
0.0,1,1
0.0,1,1
0.0,1,1
0.0,1,1
0.0,1,1
0.0,1,1
0.0,1,1
0.0,1,1
0.0,1,1
0.0,1,1
0.0,1,1
0.0,1,1
0.0,1,1
0.0,1,1
0.0,1,1
0.0,0,0
0.0,0,0
0.0,0,0
1580.837,0,0
3558.525,0,0
4965.511,0,0
7886.507,0,0
11771.011,0,0
15421.164,0,0
18922.538,0,0
22127.65,0,0
25368.716,0,0
28259.394,0,0
30791.283,0,0
32926.689,0,0
34703.301,0,0
35348.376,0,0
35122.295,0,0
34896.08,0,0
34669.73,0,0
34154.996,0,0
33296.758,0,0
32211.922,0,0
31226.385,0,0
30485.034,0,0
30088.157,0,0
29618.387,0,0
29112.728,0,0
28474.066,0,0
27802.548,0,0
27130.787,0,0
26458.782,0,0
25751.653,0,0
25009.145,0,0
24166.053,0,0
23322.376,0,0
23052.323,0,0
23156.985,0,0
23262.516,0,0
23368.917,0,0
22358.251,0,0
20229.042,0,0
16455.819,1,1
12584.256,1,1
11330.829,1,1
13343.415,1,1
15042.024,1,1
16841.824,1,1
18520.611,0,0
19943.069,0,0
21366.7,0,0
22373.565,0,0
22867.471,0,0
22866.513,0,0
22765.555,0,0
22664.596,0,0
22366.397,0,0
21870.636,0,0
21282.739,0,0
20494.319,0,0
20484.479,0,0
21253.808,0,0
22023.332,0,0
22793.052,0,0
22820.649,0,0
21927.1,0,0
20730.928,0,0
19625.196,0,0
18287.36,1,1
16744.261,1,1
15893.006,1,1
15642.446,1,1
13921.149,1,1
10511.635,1,1
5166.384,1,1
0.0,1,1
0.0,1,1
0.0,1,1
2018.338,1,1
3721.617,1,1
3061.737,1,1
0.0,1,1
185.191,1,1
4098.844,1,1
10634.826,1,1
18347.72,1,1
22628.227,0,0
24731.709,0,0
25945.616,0,0
26938.535,0,0
27483.189,0,0
27759.238,0,0
27681.613,0,0
27050.625,0,0
26167.126,0,0
25030.753,0,0
23490.775,0,0
21367.536,0,0
21831.672,0,0
24722.408,0,0
27362.222,0,0
29774.102,0,0
30768.792,0,0
30383.297,0,0
30566.064,0,0
31360.511,0,0
32097.488,0,0
32965.305,0,0
33816.141,0,0
34649.324,0,0
35527.685,0,0
36286.484,0,0
36500.0,0,0
36400.0,0,0
36200.0,0,0
36000.0,0,0
35900.0,0,0
35700.0,0,0
35500.0,0,0
35400.0,0,0
35200.0,0,0
35000.0,0,0
34900.0,0,0
34700.0,0,0
34400.0,0,0
34100.0,0,0
33800.0,0,0
33477.299,0,0
33104.098,0,0
32724.214,0,0
32344.302,0,0
31964.361,0,0
31444.323,0,0
30784.221,0,0
30024.133,0,0
29364.059,0,0
28930.664,0,0
28823.947,0,0
28800.0,0,0
28600.0,0,0
28400.0,0,0
28100.0,0,0
27800.0,0,0
27600.0,0,0
27300.0,0,0
27100.0,0,0
26900.0,0,0
26700.0,0,0
26500.0,0,0
26383.908,0,0
26203.842,0,0
26023.761,0,0
26030.419,0,0
26123.837,0,0
26300.0,0,0
26300.0,0,0
26500.0,0,0
26700.0,0,0
26900.0,0,0
27100.0,0,0
27300.0,0,0
27321.244,0,0
27203.83,0,0
26892.526,0,0
27030.72,0,0
27522.297,0,0
27904.966,0,0
27913.329,0,0
28452.811,0,0
29538.081,0,0
29445.057,0,0
28034.684,0,0
26869.93,0,0
25863.179,1,1
24781.864,1,1
23829.649,1,1
22268.653,1,1
20083.194,1,1
19508.157,1,1
20362.733,1,1
21318.69,1,1
22284.019,1,1
21722.833,1,1
19630.98,1,1
17174.794,1,1
14424.962,1,1
14308.701,1,1
16681.605,1,1
17925.557,1,1
17884.306,1,1
19282.489,1,1
22195.346,1,1
25362.789,1,1
27977.86,0,0
28703.312,0,0
28213.29,0,0
28084.956,0,0
28289.429,0,0
28749.358,0,0
29219.006,0,0
29390.12,0,0
29558.758,0,0
30503.627,0,0
32028.37,0,0
33426.44,0,0
34515.088,0,0
35144.592,0,0
35423.816,0,0
35400.0,0,0
35200.0,0,0
35100.0,0,0
34900.0,0,0
34700.0,0,0
34400.0,0,0
34200.0,0,0
33984.123,0,0
33691.958,0,0
33486.591,0,0
33281.186,0,0
32961.044,0,0
32672.373,0,0
32597.982,0,0
32623.636,0,0
32514.988,0,0
32071.853,0,0
30990.92,0,0
29789.662,0,0
28215.575,0,0
25581.859,1,1
21001.061,1,1
14092.118,1,1
4610.425,1,1
3458.938,1,1
10468.498,1,1
16156.87,1,1
20623.727,1,1
22504.002,0,0
23428.941,0,0
24011.105,0,0
24593.622,0,0
25128.974,0,0
25402.379,0,0
25643.782,0,0
25885.344,0,0
26100.806,0,0
26190.101,0,0
26320.018,0,0
26259.668,0,0
26246.366,0,0
26189.735,0,0
25873.659,0,0
25657.47,0,0
25725.655,0,0
26078.368,0,0
26531.171,0,0
26884.066,0,0
26767.732,0,0
26182.101,0,0
25381.698,0,0
24234.802,0,0
23529.816,0,0
23238.079,0,0
23568.993,0,0
24634.919,0,0
25972.007,0,0
27774.77,0,0
28554.25,0,0
28304.64,0,0
27979.391,0,0
27693.229,0,0
28174.033,0,0
29195.89,0,0
29956.332,0,0
30092.889,0,0
29041.186,0,0
27037.189,0,0
25203.396,0,0
23844.16,0,0
22460.068,0,0
20745.814,1,1
18226.016,1,1
14456.214,1,1
11064.243,1,1
9089.294,1,1
6139.903,1,1
3437.677,1,1
798.631,1,1
0.0,1,1
0.0,1,1
0.0,1,1
0.0,1,1
0.0,1,1
0.0,1,1
0.0,1,1
0.0,1,1
0.0,1,1
0.0,1,1
4341.077,1,1
13905.562,1,1
21423.721,0,0
25121.655,0,0
26406.285,0,0
27321.712,0,0
28464.204,0,0
29304.367,0,0
29870.846,0,0
30337.681,0,0
30797.717,0,0
31232.481,0,0
31714.41,0,0
32196.758,0,0
32553.536,0,0
32258.826,0,0
31154.058,0,0
29975.572,0,0
28760.194,0,0
28022.981,0,0
28323.529,0,0
28588.843,0,0
28681.806,0,0
28187.653,0,0
26410.884,0,0
24733.587,0,0
22717.45,0,0
21751.064,0,0
22523.841,0,0
22796.021,0,0
23068.777,0,0
23405.872,0,0
23707.09,0,0
23973.036,0,0
24166.468,0,0
24112.633,0,0
23911.371,0,0
23610.109,0,0
23408.846,0,0
22362.618,0,0
20273.722,0,0
18183.467,0,0
14606.99,1,0
15378.992,0,0
19294.251,0,0
21999.538,0,0
24071.455,0,0
24476.743,0,0
23229.462,0,0
22042.71,0,0
20464.094,0,0
19918.156,0,0
20386.837,0,0
20955.663,0,0
21424.634,0,0
23236.057,0,0
25284.092,0,0
26037.589,0,0
25861.015,0,0
25246.211,0,0
24893.35,0,0
24201.095,0,0
23041.969,0,0
21944.988,0,0
20920.796,0,0
20729.222,0,0
21381.326,0,0
22101.088,0,0
22680.46,0,0
22472.446,0,0
21251.903,0,0
19459.65,0,0
17150.568,0,0
16294.09,0,0
17456.175,0,0
18649.518,0,0
20218.764,0,0
20426.547,0,0
18930.04,0,0
17959.053,0,0
17506.313,0,0
18052.859,0,0
19557.471,0,0
20470.784,0,0
20596.461,0,0
21745.083,0,0
23699.183,0,0
25402.259,0,0
26769.232,0,0
27525.913,0,0
27676.776,0,0
28104.795,0,0
28810.61,0,0
30692.921,0,0
33619.7,0,0
34543.6,0,0
33461.681,0,0
31995.119,0,0
30375.21,0,0
28851.958,0,0
27791.262,0,0
27129.7,0,0
26670.231,0,0
21138.437,0,0
6861.242,1,1
0.0,1,1
0.0,1,1
0.0,1,1
0.0,1,1
0.0,1,1
0.0,1,1
0.0,1,1
0.0,1,1
0.0,1,1
0.0,1,1
0.0,1,1
0.0,1,1
0.0,1,1
4290.525,1,1
9596.435,1,1
10847.575,1,1
11999.929,1,1
13153.5,1,1
14008.289,1,1
14664.298,1,1
14904.15,1,1
15075.109,1,1
13200.65,1,1
7750.618,1,1
2112.981,1,1
0.0,1,1
0.0,1,1
0.0,1,1
0.0,1,1
2372.597,1,1
5417.013,1,1
8880.077,1,1
11881.299,1,1
14279.579,1,1
16510.757,0,0
18102.403,0,0
19187.263,0,0
20273.305,0,0
21260.532,0,0
22148.057,0,0
22844.387,0,0
23641.586,0,0
24778.879,0,0
25940.186,0,0
26940.626,0,0
27342.39,0,0
27643.36,0,0
27696.779,0,0
27684.24,0,0
27563.614,0,0
26311.765,0,0
23726.359,0,0
22474.633,0,0
23071.069,0,0
23547.898,0,0
23656.574,0,0
23604.648,0,0
23233.769,0,0
22648.159,0,0
21962.536,0,0
21757.495,0,0
22093.075,0,0
21894.49,0,0
21356.909,0,0
21933.428,0,0
23827.699,0,0
25353.942,0,0
26510.358,0,0
28044.612,0,0
29754.231,0,0
31549.288,0,0
33133.503,0,0
33506.775,0,0
31933.434,0,0
30941.195,0,0
30642.38,0,0
31321.851,0,0
32739.28,0,0
34539.119,0,0
35393.064,0,0
35166.016,0,0
34012.019,0,0
32585.021,0,0
31650.506,0,0
31173.807,0,0
31259.539,0,0
30736.112,0,0
29852.766,0,0
30347.91,0,0
32113.239,0,0
32821.472,0,0
32003.584,0,0
29922.009,0,0
26672.991,0,0
24913.134,0,0
26308.454,0,0
27296.119,0,0
28183.981,0,0
28391.622,0,0
27918.858,0,0
27446.045,0,0
26973.182,0,0
24934.334,0,0
18993.961,0,0
11054.494,1,1
1469.24,1,1
0.0,1,1
5942.638,1,1
11403.163,1,1
16680.742,0,0
14883.802,0,0
5835.937,1,1
0.0,1,1
0.0,1,1
0.0,1,1
0.0,1,1
0.0,1,1
0.0,1,1
0.0,1,1
0.0,1,1
0.0,1,1
0.0,1,1
0.0,1,1
0.0,1,1
0.0,1,1
0.0,1,1
0.0,1,1
0.0,1,1
0.0,1,1
0.0,1,1
0.0,1,1
1302.742,1,1
7748.136,1,1
13043.076,1,1
15017.014,1,1
14275.166,1,1
13633.182,1,1
12991.064,1,1
14819.271,1,1
18578.916,0,0
21000.654,0,0
23092.987,0,0
24592.112,0,0
25489.607,0,0
25918.821,0,0
26438.808,0,0
25715.001,0,0
23775.093,0,0
22458.842,0,0
21788.232,0,0
20581.798,0,0
18750.027,0,0
18411.503,0,0
19698.631,0,0
21300.439,0,0
22474.433,0,0
22917.082,0,0
23726.482,0,0
24977.28,0,0
24610.731,0,0
24223.623,0,0
21980.391,0,0
18654.119,0,0
13943.793,1,1
13874.336,1,1
18774.32,0,0
22389.526,0,0
24503.289,0,0
26052.399,0,0
28297.849,0,0
31595.179,0,0
33712.505,0,0
33763.801,0,0
33663.765,0,0
33970.226,0,0
29592.002,0,0
29361.526,0,0
29030.903,0,0
26187.142,0,0
20970.824,0,0
20758.285,0,0
25290.901,0,0
28251.58,0,0
29746.802,0,0
30328.173,0,0
29840.529,0,0
29364.967,0,0
28873.381,0,0
27589.742,0,0
26042.949,0,0
26160.214,0,0
27854.482,0,0
29486.111,0,0
30672.25,0,0
31413.864,0,0
31507.684,0,0
31498.12,0,0
31488.59,0,0
30810.994,0,0
29025.727,0,0
26957.433,0,0
24552.447,0,0
22128.471,0,0
19821.277,0,0
17613.684,0,0
15090.022,1,0
15673.075,0,0
18680.978,0,0
21767.986,0,0
23781.738,0,0
24091.387,0,0
22948.097,0,0
21804.708,0,0
20661.221,0,0
20395.677,0,0
21008.37,0,0
21621.358,0,0
22234.64,0,0
22544.255,0,0
22550.149,0,0
22620.339,0,0
22517.212,0,0
22365.279,0,0
22164.421,0,0
21963.563,0,0
21762.704,0,0
22358.494,0,0
23651.313,0,0
24666.693,0,0
25560.624,0,0
26008.892,0,0
26115.875,0,0
26087.898,0,0
26159.851,0,0
26271.888,0,0
26223.937,0,0
26275.824,0,0
26194.927,0,0
25647.587,0,0
24309.452,0,0
22447.378,0,0
19877.057,0,0
19214.571,1,0
20302.853,0,0
21165.174,0,0
21726.515,0,0
21778.662,0,0
21633.518,0,0
20930.638,0,0
19591.776,0,0
17827.294,1,1
16233.153,1,1
15596.938,1,1
16243.116,1,1
16430.238,1,1
16325.715,1,1
16340.58,1,1
16432.386,1,1
15880.063,1,1
14700.672,1,1
15992.835,1,1
19775.172,0,0
23839.456,0,0
27735.72,0,0
28294.873,0,0
25928.263,0,0
23322.541,0,0
20502.333,0,0
19194.928,1,0
19580.894,0,0
19612.799,0,0
19398.385,0,0
18922.394,1,1
18199.272,1,1
16251.388,1,1
12073.462,1,1
6942.592,1,1
831.68,1,1
492.835,1,1
6734.514,1,1
12036.186,1,1
16199.148,1,1
18575.653,1,1
19800.161,0,0
21283.57,0,0
22814.402,0,0
24632.047,0,0
26206.921,0,0
27280.472,0,0
28354.793,0,0
28656.742,0,0
28185.63,0,0
27714.372,0,0
27142.968,0,0
27782.598,0,0
29153.614,0,0
30335.235,0,0
31479.043,0,0
31880.137,0,0
31959.819,0,0
32139.706,0,0
32219.798,0,0
32045.06,0,0
31884.818,0,0
31624.605,0,0
31364.421,0,0
31024.238,0,0
30504.067,0,0
30083.94,0,0
29500.0,0,0
29100.0,0,0
28800.0,0,0
28600.0,0,0
28300.0,0,0
28100.0,0,0
27700.0,0,0
27400.0,0,0
27100.0,0,0
26800.0,0,0
26500.0,0,0
26300.0,0,0
26000.0,0,0
25900.0,0,0
25900.0,0,0
26000.0,0,0
26000.0,0,0
26100.0,0,0
26300.0,0,0
26400.0,0,0
26600.0,0,0
26900.0,0,0
27400.0,0,0
27900.0,0,0
28300.0,0,0
28600.0,0,0
28448.809,0,0
28373.03,0,0
28294.758,0,0
26884.091,0,0
24055.611,0,0
21908.56,0,0
20374.141,0,0
18879.298,0,0
17571.607,0,0
16818.219,1,1
16517.119,1,1
16739.243,1,1
16847.57,0,1
16840.607,1,1
13589.724,1,1
7509.041,1,1
2441.405,1,1
434.382,1,1
1668.284,1,1
1446.546,1,1
0.0,1,1
917.214,1,1
5223.232,1,1
9322.62,1,1
12963.628,1,1
14922.13,1,1
15135.382,1,1
16154.007,1,1
17892.248,0,0
17174.158,0,0
13991.766,1,1
11039.938,1,1
8179.441,1,1
8834.755,1,1
12352.065,1,1
15622.399,1,1
18533.488,0,0
19486.143,0,0
19083.679,0,0
19380.772,0,0
20423.716,0,0
23014.776,0,0
26136.055,0,0
28493.893,0,0
30407.49,0,0
32398.762,0,0
34195.959,0,0
34800.0,0,0
34700.0,0,0
34600.0,0,0
34500.0,0,0
34400.0,0,0
34200.0,0,0
34100.0,0,0
34000.0,0,0
33900.0,0,0
33700.0,0,0
33500.0,0,0
33300.0,0,0
33100.0,0,0
32800.0,0,0
32400.0,0,0
32100.0,0,0
31800.0,0,0
31700.0,0,0
31500.0,0,0
31300.0,0,0
30800.0,0,0
30000.0,0,0
29200.0,0,0
28300.0,0,0
27900.0,0,0
27900.0,0,0
27900.0,0,0
27800.0,0,0
27700.0,0,0
27300.0,0,0
27000.0,0,0
26700.0,0,0
26500.0,0,0
26300.0,0,0
26100.0,0,0
26000.0,0,0
25800.0,0,0
25700.0,0,0
25600.0,1,1
25500.0,1,1
25500.0,1,1
25500.0,1,1
25600.0,1,1
25600.0,0,0
25800.0,0,0
26000.0,0,0
26200.0,0,0
26400.0,0,0
26462.123,0,0
26132.491,0,0
25956.135,0,0
25694.359,0,0
25141.193,1,1
24274.626,1,1
23713.516,1,1
23567.843,1,1
23547.496,1,1
23651.894,1,1
23937.248,1,1
24603.794,1,1
24953.234,1,1
24985.719,1,1
25305.629,1,1
25712.699,0,0
26379.143,0,0
27104.933,0,0
27100.323,0,0
26163.653,0,0
25447.1,1,1
24850.006,1,1
24511.718,1,1
24433.306,1,1
23651.489,1,1
22275.166,1,1
22571.742,1,1
24324.75,1,1
25638.595,0,0
26502.14,0,0
26834.929,0,0
26637.684,0,0
26707.791,0,0
26959.69,0,0
26964.565,0,0
26676.262,0,0
26508.2,0,0
26459.431,0,0
26891.127,0,0
27752.482,0,0
28311.353,0,0
28776.157,0,0
29537.72,0,0
30621.517,0,0
31480.667,0,0
32330.036,0,0
32953.398,0,0
33252.671,0,0
33386.467,0,0
33186.41,0,0
32986.353,0,0
32786.295,0,0
32732.412,0,0
32624.726,0,0
32600.0,0,0
32400.0,0,0
32300.0,0,0
32200.0,0,0
32000.0,0,0
31870.867,0,0
31744.444,0,0
31644.434,0,0
31544.424,0,0
31444.415,0,0
31278.314,0,0
30846.089,0,0
30513.816,0,0
29717.255,0,0
29127.708,0,0
28679.896,0,0
28332.221,0,0
27984.681,0,0
27666.258,0,0
27745.701,0,0
27725.145,0,0
27804.588,0,0
27690.651,0,0
27400.0,0,0
27100.0,0,0
26800.0,0,0
26500.0,0,0
26400.0,0,0
26200.0,0,0
26044.29,0,0
25817.799,0,0
25870.78,0,0
25900.0,0,0
25800.0,0,0
25800.0,0,0
25800.0,0,0
25800.0,0,0
25800.0,0,0
25900.0,0,0
26100.0,0,0
26400.0,0,0
26600.0,0,0
26721.267,0,0
26752.509,0,0
26778.973,0,0
26802.831,0,0
26698.713,0,0
26469.303,0,0
25512.22,0,0
24009.3,0,0
22681.377,0,0
21402.131,0,0
20397.675,0,0
19474.617,0,0
18361.546,1,1
16971.772,1,1
16475.842,1,1
17092.03,1,1
17171.273,1,1
16607.148,1,1
17287.133,1,1
19217.077,0,0
20581.902,0,0
21287.298,0,0
23402.722,0,0
26956.886,0,0
31489.303,0,0
34138.891,0,0
34233.525,0,0
32699.285,0,0
30221.161,0,0
28388.572,0,0
27572.789,0,0
27778.632,0,0
27589.428,0,0
27005.126,0,0
27092.706,0,0
27862.523,0,0
28613.873,0,0
29505.27,0,0
30073.886,0,0
30223.462,0,0
30529.417,0,0
30989.732,0,0
31185.666,0,0
31219.8,0,0
31335.638,0,0
31432.736,0,0
31606.136,0,0
31849.216,0,0
31595.937,0,0
30868.754,0,0
29811.616,0,0
28733.867,0,0
26871.334,0,0
23630.046,0,0
18368.118,0,0
11725.55,1,1
8585.743,1,1
9833.995,1,1
11082.487,1,1
12331.219,1,1
9191.418,1,1
970.918,1,1
0.0,1,1
0.0,1,1
0.0,1,1
0.0,1,1
0.0,1,1
3527.185,1,1
4942.267,1,1
1297.429,1,1
0.0,1,1
0.0,1,1
0.0,1,1
2899.884,1,1
9219.173,1,1
14510.162,1,1
14308.342,1,1
8611.589,1,1
1882.943,1,1
0.0,1,1
0.0,1,1
0.0,1,1
0.0,1,1
0.0,1,1
0.0,1,1
1567.047,1,1
8574.472,1,1
13779.998,1,1
17332.301,0,0
19309.813,0,0
21126.382,0,0
22600.623,0,0
23731.626,0,0
24304.672,0,0
24945.672,0,0
25486.752,0,0
25892.003,0,0
26149.976,0,0
26303.089,0,0
26419.128,0,0
26225.589,0,0
25410.726,0,0
24640.923,0,0
23854.354,0,0
22321.835,0,0
19658.729,0,0
17571.501,0,0
16053.162,0,0
14965.377,1,0
16264.444,0,0
17381.211,0,0
18116.531,0,0
18711.647,0,0
19065.514,0,0
18328.968,0,0
16592.275,0,0
15260.465,0,0
14537.132,1,1
14719.556,1,1
15810.481,0,0
17042.005,0,0
18282.14,0,0
20651.226,0,0
23860.831,0,0
26031.272,0,0
26968.828,0,0
27475.555,0,0
27654.869,0,0
28947.191,0,0
31230.48,0,0
31426.257,0,0
28795.358,0,0
24320.358,0,0
18434.819,0,0
18160.036,0,0
22842.064,0,0
25803.767,0,0
27122.898,0,0
28355.929,0,0
29522.242,0,0
30625.439,0,0
31395.812,0,0
32001.799,0,0
32207.609,0,0
32344.134,0,0
32392.866,0,0
32441.775,0,0
32490.86,0,0
32040.954,0,0
31091.525,0,0
29917.778,0,0
28548.245,0,0
27518.601,0,0
26957.081,0,0
26188.268,0,0
25418.861,0,0
23848.84,0,0
20385.977,0,0
16178.089,0,0
10507.232,1,1
9725.207,1,1
14003.082,1,1
17247.867,0,0
20286.617,0,0
19882.239,0,0
16130.946,0,0
11967.949,1,1
6863.687,1,1
7231.517,0,0
12610.661,0,0
16627.845,0,0
19901.623,0,0
20436.432,0,0
19327.433,0,0
18217.711,0,0
16496.91,0,0
13739.793,0,0
9769.231,0,0
4468.286,1,1
0.0,1,1
0.0,1,1
0.0,1,1
0.0,1,1
0.0,1,1
0.0,1,1
0.0,1,1
0.0,1,1
0.0,1,1
2536.914,1,1
3991.435,1,1
5547.177,1,1
7104.142,0,0
10705.187,0,0
14925.561,0,0
18318.798,0,0
20554.428,0,0
21389.896,0,0
21314.987,0,0
20806.092,0,0
19960.708,0,0
18545.425,0,0
16138.409,0,0
14104.512,0,0
12475.022,0,0
10380.343,0,0
7658.518,0,0
6938.968,0,0
8349.742,0,0
11455.566,0,0
14573.581,0,0
14892.761,0,0
11380.298,0,0
6658.93,0,0
3764.663,1,1
2945.961,1,1
3831.432,1,1
2565.624,1,1
0.0,1,1
1692.017,1,1
10102.038,0,0
19359.775,0,0
18235.767,0,0
16106.139,0,0
11543.884,0,0
7876.548,0,0
5621.209,1,1
5079.515,1,1
6502.807,1,1
6807.394,0,1
6291.053,1,1
8400.132,0,0
12333.908,0,0
14516.39,0,0
15242.415,0,0
17742.511,0,0
21292.652,0,0
23392.793,0,0
24853.476,0,0
26077.839,0,0
26873.761,0,0
26859.557,0,0
25865.238,0,0
24970.5,0,0
23375.255,0,0
23172.5,0,0
24263.339,0,0
24754.352,0,0
25245.783,0,0
24151.534,0,0
19545.829,0,0
13830.728,0,0
6705.953,0,0
4089.286,1,0
6994.023,0,0
9463.692,0,0
11934.776,0,0
15344.078,0,0
18278.52,0,0
21293.618,0,0
23357.637,0,0
24249.141,0,0
24609.484,0,0
24774.863,0,0
24751.021,0,0
23718.601,0,0
21077.149,0,0
17536.316,0,0
12388.727,0,0
9694.322,0,0
10833.532,0,0
11660.999,0,0
12420.154,0,0
11155.489,0,0
7235.112,1,1
2900.977,1,1
0.0,1,1
0.0,1,1
2491.676,1,1
6522.294,1,1
10241.007,0,0
12767.086,0,0
15032.142,0,0
16995.34,0,0
18292.685,0,0
18991.201,0,0
19190.569,0,0
19389.938,0,0
19589.307,0,0
20455.357,0,0
21893.196,0,0
23013.47,0,0
24132.799,0,0
24176.846,0,0
23341.358,0,0
22569.105,0,0
21973.222,0,0
20916.826,0,0
19555.698,0,0
16536.787,0,0
12457.341,0,0
9263.67,1,1
9456.989,1,1
10329.252,0,0
12231.909,0,0
9767.245,0,0
1273.53,1,1
0.0,1,1
0.0,1,1
0.0,1,1
0.0,1,1
0.0,1,1
0.0,1,1
2125.897,1,1
4305.17,1,1
5828.969,1,1
6578.378,1,1
6266.5,1,1
4993.332,1,1
4756.832,1,1
5357.155,1,1
8586.319,1,1
14382.489,0,0
18743.033,0,0
22181.996,0,0
23746.157,0,0
24320.925,0,0
24944.887,0,0
25616.756,0,0
26456.824,0,0
27555.362,0,0
28048.85,0,0
28115.69,0,0
28054.901,0,0
27969.395,0,0
28339.698,0,0
29253.084,0,0
29445.701,0,0
28763.811,0,0
27982.332,0,0
27175.977,0,0
26048.851,0,0
24789.698,0,0
23431.293,0,0
21578.642,0,0
22101.747,0,0
24033.936,0,0
25791.116,0,0
27174.112,0,0
28192.064,0,0
28770.465,0,0
29171.939,0,0
29606.774,0,0
29414.3,0,0
28595.073,0,0
27550.334,0,0
26385.907,0,0
25363.67,0,0
24212.096,0,0
22955.386,0,0
21699.252,0,0
21630.324,0,0
22730.851,0,0
23494.755,0,0
24258.489,0,0
24781.339,0,0
24856.674,0,0
24865.865,0,0
24874.948,0,0
24791.304,0,0
24714.984,0,0
24638.621,0,0
24562.214,0,0
24740.018,0,0
24967.6,0,0
25058.158,0,0
25048.685,0,0
25219.793,0,0
25471.494,0,0
25800.0,0,0
26000.0,0,0
26300.0,0,0
26600.0,0,0
27000.0,0,0
27300.0,0,0
27279.628,0,0
26907.578,0,0
26423.091,0,0
26032.354,0,0
24727.661,0,0
22609.159,0,0
21422.102,0,0
21410.02,1,1
20897.487,1,1
19729.36,1,1
19905.342,1,1
21453.606,0,0
23008.742,0,0
24644.32,0,0
25079.262,0,0
24278.548,0,0
23898.353,0,0
24045.395,0,0
22919.935,0,0
20262.552,1,1
17817.947,1,1
15593.847,1,1
14892.044,1,1
15934.65,1,1
16142.607,1,1
15316.745,1,1
15252.774,1,1
15848.618,1,1
15896.629,1,1
15259.604,1,1
15121.736,1,1
15774.577,1,1
17027.435,1,1
18743.123,1,1
19719.948,1,1
19258.272,1,1
18058.616,1,1
16884.793,1,1
18245.184,1,1
21989.626,0,0
25047.284,0,0
27535.208,0,0
28893.066,0,0
29159.425,0,0
29704.634,0,0
30620.361,0,0
31216.223,0,0
31520.502,0,0
31789.629,0,0
32035.279,0,0
32098.624,0,0
32262.046,0,0
32212.824,0,0
31950.93,0,0
31789.076,0,0
31627.262,0,0
31446.353,0,0
31246.321,0,0
31046.288,0,0
30946.255,0,0
30727.047,0,0
30488.634,0,0
30150.181,0,0
29911.687,0,0
29805.175,0,0
29730.697,0,0
29656.249,0,0
29581.834,0,0
29262.496,0,0
28698.155,0,0
28133.736,0,0
27469.238,0,0
27034.528,0,0
26464.849,0,0
25894.265,0,0
25322.772,0,0
24182.93,0,0
21948.37,0,0
19454.276,0,0
16635.757,0,0
14384.875,0,0
14649.486,0,0
14815.33,0,0
15082.41,0,0
14128.049,0,0
12046.967,0,0
9960.071,0,0
7554.948,0,0
5438.123,0,0
4260.304,0,0
3078.793,1,1
1893.574,1,1
2161.986,1,1
3889.495,1,1
5520.58,0,0
7255.258,0,0
9121.893,0,0
10513.987,0,0
11281.193,0,0
11669.673,0,0
12343.004,0,0
12695.317,0,0
13052.975,0,0
12136.209,0,0
8202.235,0,0
4164.804,1,1
1348.173,1,1
114.034,1,1
0.0,1,1
0.0,1,1
0.0,1,1
0.0,1,1
0.0,1,1
3165.074,1,1
5174.711,0,0
4193.065,0,0
3568.507,1,1
3516.709,1,1
3556.248,1,1
3682.401,1,1
3771.085,1,1
3821.326,1,1
3796.395,1,1
3721.11,1,1
3160.294,1,1
1991.501,1,1
2774.066,1,1
5254.957,0,0
8025.528,0,0
11175.354,0,0
10991.404,0,0
8270.062,0,0
6016.505,0,0
4262.998,0,0
6713.211,0,0
12184.436,0,0
16640.174,0,0
20102.439,0,0
22791.514,0,0
25025.966,0,0
27018.592,0,0
29006.702,0,0
30816.024,0,0
32300.394,0,0
32800.0,0,0
32700.0,0,0
32600.0,0,0
32400.0,0,0
32300.0,0,0
32200.0,0,0
32100.0,0,0
31900.0,0,0
31800.0,0,0
31600.0,0,0
31500.0,0,0
31300.0,0,0
31100.0,0,0
30900.0,0,0
30600.0,0,0
30400.0,0,0
30100.0,0,0
29900.0,0,0
29700.0,0,0
29500.0,0,0
29100.0,0,0
28500.0,0,0
27800.0,0,0
27200.0,0,0
26800.0,0,0
26800.0,0,0
26700.0,0,0
26700.0,0,0
26600.0,0,0
26300.0,0,0
26100.0,0,0
25731.855,0,0
25518.758,0,0
25371.119,0,0
25200.0,0,0
25000.0,0,0
24800.0,0,0
24800.0,0,0
24671.099,0,0
24618.682,0,0
24605.567,1,0
24731.77,0,0
24757.978,0,0
24884.191,0,0
25000.0,0,0
25100.0,0,0
25200.0,0,0
25400.0,0,0
25302.785,0,0
25181.226,0,0
24948.743,0,0
24810.701,0,0
25103.741,0,0
25823.404,0,0
25841.357,0,0
24946.319,0,0
24720.47,0,0
25176.066,0,0
24712.56,0,0
23575.006,1,1
21747.729,1,1
19212.977,1,1
19512.282,1,1
22774.291,1,1
25231.55,0,0
27029.09,0,0
28519.766,0,0
29748.356,0,0
31656.533,0,0
29070.094,0,0
29469.283,0,0
29868.469,0,0
28790.37,0,0
26422.056,0,0
25062.834,0,0
24820.887,0,0
23584.304,1,1
21360.578,1,1
21285.883,1,1
23141.06,1,1
24570.653,1,1
25478.862,0,0
26416.623,0,0
27247.449,0,0
28381.453,0,0
29911.998,0,0
30693.013,0,0
30837.184,0,0
31257.159,0,0
31749.034,0,0
32009.225,0,0
32143.068,0,0
32117.021,0,0
32129.882,0,0
32149.65,0,0
31886.496,0,0
31066.84,0,0
29387.129,0,0
27151.996,0,0
24304.115,1,1
22976.274,1,1
23304.731,1,1
23633.374,1,1
23962.203,1,1
24688.672,0,0
25895.902,0,0
26664.992,0,0
27534.596,0,0
26996.984,0,0
24943.841,0,0
22320.303,1,1
18602.374,1,1
17299.388,1,1
19259.083,1,1
21017.418,1,1
22111.798,1,1
23172.139,1,1
24120.905,1,1
24684.369,0,0
25310.547,0,0
25478.322,0,0
25602.908,0,0
25627.538,0,0
25752.213,0,0
25145.782,0,0
23766.375,0,0
22003.724,0,0
20089.354,0,0
18521.461,1,1
17786.189,1,1
17150.63,1,1
16414.786,1,1
15737.55,1,1
15152.268,1,1
14666.727,1,1
14080.926,1,1
12990.97,1,1
11296.373,1,1
9500.871,1,1
7496.067,1,1
8867.132,1,1
12691.014,1,1
16421.451,1,1
18626.411,1,1
20674.891,0,0
22079.592,0,0
23437.78,0,0
24303.296,0,0
23916.324,0,0
21998.176,0,0
19863.26,0,0
17256.81,1,1
14525.704,1,1
11737.707,1,1
8622.288,1,1
4653.073,1,1
6232.78,1,1
12575.819,1,1
18140.516,1,1
22086.501,0,0
24542.085,0,0
25784.994,0,0
25389.088,0,0
23558.985,0,0
22152.752,0,0
21191.486,0,0
21488.791,0,0
23012.958,0,0
24650.996,0,0
26304.919,0,0
27667.966,0,0
28790.8,0,0
29276.195,0,0
29190.804,0,0
28967.216,0,0
28405.784,0,0
27951.194,0,0
27403.9,0,0
27639.466,0,0
28551.136,0,0
29529.941,0,0
30575.342,0,0
30927.482,0,0
30594.833,0,0
30408.899,0,0
30170.621,0,0
30529.516,0,0
31280.181,0,0
32308.526,0,0
32743.502,0,0
32743.479,0,0
32700.0,0,0
32600.0,0,0
32400.0,0,0
32164.549,0,0
31946.616,0,0
31687.614,0,0
31487.577,0,0
31287.539,0,0
31087.501,0,0
31013.693,0,0
30966.128,0,0
30918.581,0,0
30971.053,0,0
30771.048,0,0
30618.538,0,0
30466.009,0,0
30313.461,0,0
30028.073,0,0
29709.843,0,0
29055.279,0,0
28291.157,0,0
27514.88,0,0
26726.473,0,0
26037.999,0,0
25147.38,0,0
24942.492,0,0
25413.2,0,0
25752.088,0,0
26091.132,0,0
26304.826,0,0
26293.079,0,0
26122.271,0,0
25961.717,0,0
25615.606,0,0
24821.813,0,0
23993.504,0,0
23164.971,0,0
22740.326,0,0
23021.29,0,0
23235.211,0,0
23449.244,0,0
23763.439,0,0
24077.755,0,0
24392.128,0,0
24547.929,0,0
24647.882,0,0
24791.924,0,0
24777.204,0,0
24762.372,0,0
24841.618,0,0
24788.977,0,0
24725.51,0,0
24656.297,0,0
24993.818,0,0
25993.942,0,0
25660.561,0,0
23937.663,0,0
22726.832,0,0
22056.368,0,0
21340.483,0,0
20580.572,0,0
18998.164,0,0
16418.65,0,0
15785.582,1,0
17220.425,0,0
18035.685,0,0
18004.165,0,0
18813.994,0,0
20564.26,0,0
22321.051,0,0
24086.945,0,0
24746.102,0,0
24466.203,0,0
23785.91,0,0
22941.603,0,0
23669.425,0,0
26168.82,0,0
28198.333,0,0
29860.984,0,0
30212.505,0,0
29263.915,0,0
28671.078,0,0
27876.985,0,0
26597.53,0,0
24642.584,0,0
23565.384,0,0
23165.548,0,0
23956.449,0,0
25832.974,0,0
27073.077,0,0
27775.241,0,0
27852.132,0,0
27519.329,0,0
26946.141,0,0
25736.143,0,0
24411.993,0,0
22642.065,0,0
17307.515,0,0
6578.343,1,1
0.0,1,1
0.0,1,1
0.0,1,1
0.0,1,1
0.0,1,1
0.0,1,1
0.0,1,1
0.0,1,1
0.0,1,1
0.0,1,1
0.0,1,1
0.0,1,1
0.0,1,1
0.0,1,1
0.0,1,1
0.0,1,1
0.0,1,1
0.0,1,1
0.0,1,1
0.0,1,1
0.0,1,1
0.0,1,1
0.0,1,1
0.0,1,1
0.0,1,1
0.0,1,1
0.0,1,1
0.0,1,1
0.0,1,1
0.0,1,1
0.0,1,1
0.0,1,1
0.0,1,1
0.0,1,1
0.0,1,1
0.0,1,1
0.0,1,1
0.0,1,1
0.0,1,1
4336.747,1,1
9682.583,0,0
13669.611,0,0
16477.794,0,0
17974.277,0,0
19470.759,0,0
20932.092,0,0
21575.692,0,0
21667.25,0,0
21850.18,0,0
21928.405,0,0
21793.578,0,0
21168.344,0,0
19777.61,0,0
16977.229,0,0
14571.311,0,0
14235.581,0,0
14175.361,0,0
14394.93,0,0
13711.421,0,0
12106.091,0,0
10887.503,0,0
10060.004,0,0
8887.333,1,1
7423.913,1,1
7444.564,1,1
8940.87,1,1
9440.145,1,1
9142.689,1,1
13253.711,0,0
21685.835,0,0
26739.577,0,0
28566.19,0,0
30338.162,0,0
31677.915,0,0
30284.862,0,0
25710.571,0,0
21114.443,0,0
16424.019,0,0
16011.916,0,0
19883.807,0,0
22011.567,0,0
22549.06,0,0
23947.121,0,0
25835.015,0,0
26941.24,0,0
27022.337,0,0
26890.556,0,0
26177.09,0,0
25785.71,0,0
25331.228,0,0
25631.079,0,0
26669.655,0,0
28041.755,0,0
29215.103,0,0
29541.68,0,0
29052.001,0,0
28562.018,0,0
28071.731,0,0
27725.272,0,0
27522.868,0,0
27220.462,0,0
26918.052,0,0
27297.096,0,0
28158.352,0,0
29100.301,0,0
29617.783,0,0
29950.175,0,0
30097.218,0,0
30244.565,0,0
30392.217,0,0
30252.661,0,0
30091.516,0,0
29930.412,0,0
29769.349,0,0
29401.811,0,0
28927.787,0,0
28453.79,0,0
27979.821,0,0
27699.345,0,0
27612.353,0,0
27625.376,0,0
27538.416,0,0
27279.448,0,0
26848.321,0,0
26317.007,0,0
25424.858,0,0
24810.907,0,0
24609.988,0,0
24409.069,0,0
24208.148,0,0
23887.319,0,0
23446.113,0,0
22937.029,0,0
22148.15,0,0
21754.744,0,0
21457.231,0,0
21159.292,0,0
20860.925,0,0
21056.178,0,0
21745.899,0,0
22436.325,0,0
23127.456,0,0
22941.006,0,0
21731.505,0,0
20369.713,0,0
18611.41,0,0
16904.537,0,0
14807.345,0,0
13463.557,0,0
13675.824,0,0
13960.446,0,0
14387.398,0,0
13325.333,0,0
10190.283,0,0
7257.685,0,0
4534.754,1,1
3649.186,1,1
4948.495,1,1
5683.809,0,0
5995.995,0,0
5610.116,0,0
4323.266,1,1
1822.568,1,1
0.0,1,1
0.0,1,1
0.0,1,1
0.0,1,1
0.0,1,1
0.0,1,1
0.0,1,1
0.0,1,1
1103.409,1,1
2590.438,1,1
3132.638,1,1
2932.243,1,1
2189.878,1,1
2666.875,1,1
4333.273,1,1
5753.39,0,0
6709.192,0,0
7258.207,0,0
7198.443,0,0
5871.5,0,0
3244.444,1,1
81.348,1,1
0.0,1,1
0.0,1,1
7957.814,0,0
14762.04,0,0
19812.647,0,0
21512.661,0,0
20692.327,0,0
19771.487,0,0
18850.138,0,0
19959.915,0,0
23062.145,0,0
24710.637,0,0
26360.434,0,0
26990.163,0,0
26988.536,0,0
26886.907,0,0
26885.278,0,0
27268.462,0,0
28136.974,0,0
28885.717,0,0
29407.569,0,0
29743.004,0,0
29791.825,0,0
29940.822,0,0
30089.996,0,0
29770.456,0,0
29348.811,0,0
28927.222,0,0
28505.688,0,0
28184.212,0,0
28000.0,0,0
27900.0,0,0
27700.0,0,0
27400.0,0,0
27000.0,0,0
26700.0,0,0
26300.0,0,0
26000.0,0,0
25800.0,0,0
25700.0,0,0
25500.0,0,0
25400.0,0,0
25400.0,0,0
25500.0,0,0
25500.0,0,0
25600.0,0,0
25700.0,0,0
25800.0,0,0
26000.0,0,0
26200.0,0,0
26600.0,0,0
27000.0,0,0
27500.0,0,0
27700.0,0,0
27849.196,0,0
28013.331,0,0
28076.842,0,0
28231.386,0,0
23780.66,0,0
23680.036,0,0
23657.197,0,0
22036.382,0,0
18625.689,0,0
16682.496,0,0
16477.105,0,0
16021.627,1,1
15634.117,1,1
14484.302,1,1
12319.283,1,1
9647.798,1,1
6575.327,1,1
3775.886,1,1
1726.769,1,1
0.0,1,1
0.0,1,1
0.0,1,1
7181.93,1,1
16338.052,1,1
22237.181,0,0
23129.361,0,0
22110.282,0,0
20665.787,0,0
18896.005,0,0
19343.295,0,0
21990.819,0,0
24828.644,0,0
25375.264,0,0
23335.387,0,0
21001.175,0,0
18969.055,0,0
16922.551,0,0
16100.726,1,1
15378.018,1,1
10465.862,1,1
0.0,1,1
0.0,1,1
0.0,1,1
0.0,1,1
0.0,1,1
0.0,1,1
0.0,1,1
8531.267,1,1
17160.544,0,0
23362.765,0,0
27179.261,0,0
28841.648,0,0
29123.711,0,0
29406.028,0,0
29688.601,0,0
30261.719,0,0
30619.523,0,0
31077.721,0,0
31436.313,0,0
31452.217,0,0
31191.203,0,0
30930.21,0,0
30669.237,0,0
30501.767,0,0
30427.794,0,0
30253.836,0,0
30179.89,0,0
29805.959,0,0
29232.042,0,0
28758.138,0,0
28184.248,0,0
27751.565,0,0
27459.93,0,0
27268.101,0,0
26976.075,0,0
26275.188,0,0
25097.008,0,0
23797.454,0,0
22024.282,0,0
20293.689,0,0
18210.392,0,0
16123.051,0,0
12452.11,0,0
11000.446,0,0
11716.166,0,0
12333.43,0,0
13052.243,0,0
14850.025,0,0
16868.062,0,0
18548.702,0,0
20232.553,0,0
21570.529,0,0
22760.914,0,0
24053.019,0,0
25118.716,0,0
25116.159,0,0
23910.71,0,0
22267.489,0,0
20225.749,0,0
17274.285,0,0
12826.699,0,0
9089.779,0,0
7458.389,0,0
5155.794,0,0
1963.197,0,0
0.0,1,1
0.0,1,1
0.0,1,1
0.0,1,1
0.0,1,1
0.0,1,1
0.0,1,1
0.0,1,1
0.0,1,1
0.0,1,1
0.0,1,1
0.0,1,1
0.0,1,1
0.0,1,1
0.0,1,1
0.0,1,1
0.0,1,1
0.0,1,1
0.0,1,1
0.0,1,1
0.0,1,1
0.0,1,1
0.0,1,1
0.0,1,1
0.0,0,0
0.0,0,0
654.776,0,0
1288.746,0,0
3519.511,0,0
6672.493,0,0
8554.492,0,0
9500.306,0,0
13594.463,0,0
19453.617,0,0
22456.683,0,0
24298.24,0,0
26083.545,0,0
27895.445,0,0
29308.114,0,0
30647.603,0,0
31524.979,0,0
32386.514,0,0
32567.6,0,0
32432.02,0,0
32296.552,0,0
32161.198,0,0
32106.493,0,0
32132.386,0,0
32058.324,0,0
32084.309,0,0
31858.249,0,0
31379.997,0,0
30901.592,0,0
30423.035,0,0
30183.558,0,0
29983.278,0,0
29882.997,0,0
29782.715,0,0
29434.911,0,0
28839.723,0,0
28344.721,0,0
27700.0,0,0
27300.0,0,0
27045.801,0,0
26774.354,0,0
26014.318,0,0
25404.451,0,0
25203.523,0,0
24902.594,0,0
24601.664,0,0
24463.878,0,0
24289.373,0,0
24215.048,0,0
24140.904,0,0
23976.959,0,0
23622.801,0,0
23368.277,0,0
23013.387,0,0
22472.331,0,0
21221.317,0,0
19929.817,0,0
18344.62,0,0
17046.961,0,0
16018.794,0,0
14206.672,0,0
12184.686,0,0
10827.597,0,0
9889.758,0,0
8586.992,0,0
6636.265,0,0
4778.625,0,0
3360.697,0,0
1504.936,0,0
0.0,1,1
0.0,1,1
0.0,1,1
0.0,1,1
0.0,1,1
0.0,1,1
0.0,1,1
0.0,1,1
0.0,1,1
0.0,1,1
0.0,1,1
0.0,1,1
0.0,1,1
0.0,1,1
0.0,1,1
0.0,1,1
0.0,1,1
0.0,1,1
0.0,1,1
0.0,1,1
0.0,1,1
0.0,1,1
0.0,1,1
0.0,1,1
0.0,0,0
0.0,0,0
0.0,0,0
0.0,0,0
0.0,0,0
0.0,0,0
0.0,0,0
0.0,0,0
0.0,0,0
0.0,0,0
0.0,0,0
0.0,0,0
0.0,0,0
0.0,0,0
1165.875,0,0
1870.616,0,0
2551.885,0,0
7346.092,0,0
14793.101,0,0
20572.95,0,0
24691.233,0,0
25478.275,0,0
24217.191,0,0
22854.984,0,0
21097.575,0,0
19096.233,0,0
17412.774,0,0
15627.531,0,0
13634.545,0,0
10342.811,0,0
6109.738,0,0
1494.985,0,0
0.0,0,0
0.0,0,0
4953.564,0,0
11125.547,0,0
16180.735,0,0
18303.925,0,0
18180.299,0,0
18057.181,0,0
17834.573,0,0
18640.103,0,0
20240.609,0,0
21741.971,0,0
22932.185,0,0
23857.736,0,0
24398.936,0,0
24663.12,0,0
25027.706,0,0
24790.142,0,0
24149.891,0,0
23509.325,0,0
22836.386,0,0
22392.289,0,0
22291.321,0,0
22290.353,0,0
22189.383,0,0
21795.564,0,0
21008.472,0,0
20320.817,0,0
19441.86,0,0
19002.094,0,0
19199.908,0,0
19297.72,0,0
19395.53,0,0
19061.064,0,0
17803.574,0,0
15423.015,0,0
11919.55,0,0
10058.925,0,0
11943.583,0,0
12104.124,0,0
9016.725,0,0
5476.289,0,0
1925.615,1,1
0.0,1,1
0.0,1,1
0.0,1,1
0.0,1,1
0.0,1,1
0.0,1,1
0.0,1,1
0.0,1,1
0.0,1,1
0.0,1,1
0.0,1,1
0.0,1,1
0.0,1,1
0.0,1,1
0.0,1,1
0.0,1,1
0.0,1,1
1231.881,1,1
2973.178,1,1
4635.261,1,1
5212.092,0,1
4988.967,1,1
5045.182,0,0
5550.476,0,0
6176.208,0,0
6959.572,0,0
8491.93,0,0
10382.153,0,0
12158.934,0,0
13980.157,0,0
15700.26,0,0
17633.499,0,0
20854.721,0,0
24449.907,0,0
26768.454,0,0
28266.394,0,0
30350.997,0,0
31919.102,0,0
32248.708,0,0
31959.149,0,0
31485.958,0,0
30958.454,0,0
30147.063,0,0
29017.696,0,0
27576.066,0,0
26131.748,0,0
25600.968,0,0
26349.176,0,0
27010.569,0,0
27673.29,0,0
27283.136,0,0
25837.347,0,0
23954.002,0,0
22009.573,0,0
20916.467,0,0
20808.413,0,0
20700.346,0,0
20692.264,0,0
17163.414,0,0
9044.149,0,0
0.0,1,1
0.0,1,1
0.0,1,1
0.0,1,1
0.0,1,1
0.0,1,1
0.0,1,1
0.0,1,1
0.0,1,1
0.0,1,1
0.0,1,1
0.0,1,1
0.0,1,1
0.0,1,1
0.0,1,1
0.0,1,1
0.0,1,1
0.0,1,1
0.0,1,1
0.0,1,1
0.0,1,1
0.0,1,1
0.0,1,1
0.0,1,1
0.0,1,1
0.0,1,1
0.0,0,0
0.0,0,0
0.0,0,0
0.0,0,0
0.0,0,0
0.0,0,0
0.0,0,0
0.0,0,0
0.0,0,0
0.0,0,0
0.0,0,0
0.0,0,0
0.0,0,0
0.0,0,0
0.0,0,0
0.0,0,0
0.0,0,0
0.0,0,0
0.0,0,0
0.0,0,0
0.0,0,0
0.0,0,0
0.0,0,0
0.0,0,0
0.0,0,0
0.0,0,0
0.0,0,0
0.0,0,0
0.0,0,0
0.0,0,0
0.0,0,0
0.0,0,0
0.0,0,0
0.0,0,0
0.0,0,0
0.0,0,0
0.0,0,0
0.0,0,0
0.0,0,0
1106.948,0,0
4278.591,0,0
6847.713,0,0
8169.445,0,0
8738.21,0,0
8752.065,0,0
8337.777,0,0
8692.97,0,0
8824.94,0,0
6284.99,0,0
503.98,0,0
0.0,0,0
0.0,0,0
0.0,0,0
0.0,0,0
0.0,0,0
0.0,0,0
0.0,0,0
0.0,0,0
0.0,0,0
0.0,0,0
0.0,0,0
0.0,0,0
0.0,0,0
0.0,0,0
0.0,0,0
0.0,0,0
0.0,0,0
0.0,0,0
0.0,0,0
0.0,0,0
3512.662,0,0
6905.344,0,0
6595.401,1,1
2477.007,1,1
0.0,1,1
0.0,1,1
0.0,1,1
0.0,1,1
0.0,1,1
847.199,1,1
3318.819,1,1
5793.449,1,1
8169.973,1,1
10145.871,0,0
9939.867,0,0
7749.35,1,1
4953.719,1,1
2155.696,1,1
128.964,1,1
0.0,1,1
0.0,1,1
0.0,1,1
0.0,1,1
6480.464,1,1
12433.46,0,0
17072.959,0,0
19018.447,0,0
19694.754,0,0
19814.029,0,0
19711.877,0,0
19075.884,0,0
18473.074,0,0
17773.209,0,0
16859.732,0,0
15616.695,0,0
14165.808,0,0
13291.473,0,0
13511.631,0,0
14771.885,0,0
16815.978,0,0
17304.007,0,0
15527.955,0,0
11973.935,0,0
7018.279,1,1
4971.974,1,1
5708.933,1,1
8118.826,1,1
12058.725,0,0
15320.234,0,0
18127.377,0,0
20277.906,0,0
22316.553,0,0
23355.671,0,0
23342.424,0,0
22931.077,0,0
21659.062,0,0
20652.709,0,0
19422.078,0,0
19327.524,0,0
20308.204,0,0
21769.392,0,0
23386.606,0,0
24543.665,0,0
25255.088,0,0
26262.045,0,0
27659.034,0,0
29495.944,0,0
29452.658,0,0
29241.704,0,0
28964.275,0,0
28188.365,0,0
27111.623,0,0
28100.515,0,0
30327.421,0,0
31097.297,0,0
30649.265,0,0
30301.102,0,0
29952.807,0,0
29225.392,0,0
27805.729,0,0
26347.701,0,0
24604.52,0,0
23643.211,0,0
23541.344,0,0
23439.477,0,0
23337.608,0,0
23235.739,0,0
23133.868,0,0
23031.996,0,0
22930.124,0,0
23490.937,0,0
24697.706,0,0
25566.454,0,0
26435.716,0,0
26131.938,0,0
24854.425,0,0
23476.5,0,0
22108.512,0,0
20445.572,0,0
18883.174,0,0
16877.957,0,0
14132.787,0,0
12608.602,0,0
12306.105,0,0
12003.608,0,0
11701.109,0,0
11018.216,0,0
9854.8,0,0
8722.517,0,0
7177.653,0,0
3380.443,0,0
0.0,1,1
0.0,1,1
0.0,1,1
0.0,1,1
0.0,1,1
0.0,1,1
0.0,1,1
0.0,1,1
0.0,1,1
0.0,1,1
0.0,1,1
3981.707,0,0
8233.597,0,0
11544.289,0,0
14642.608,0,0
16273.241,0,0
16395.496,0,0
16457.028,0,0
16359.912,0,0
15979.397,0,0
15220.279,0,0
13539.054,0,0
11126.388,0,0
8971.836,0,0
6988.795,0,0
7948.624,0,0
11571.167,0,0
15337.935,0,0
18429.734,0,0
19030.434,0,0
15595.198,0,0
10221.326,0,0
4533.678,0,0
3301.404,0,0
6869.563,0,0
11279.75,0,0
14859.858,0,0
15915.068,0,0
13935.287,0,0
9076.376,0,0
4492.641,0,0
5236.979,0,0
10919.435,0,0
16472.784,0,0
19428.235,0,0
19735.026,0,0
19772.919,0,0
19418.281,0,0
18136.463,0,0
15534.973,0,0
9987.677,0,0
5392.28,0,0
3014.437,0,0
1481.197,0,0
188.311,0,0
0.0,1,1
0.0,1,1
0.0,1,1
0.0,1,1
0.0,1,1
4940.7,0,0
10168.992,0,0
15226.137,0,0
17605.554,0,0
18484.547,0,0
19464.57,0,0
20445.625,0,0
19292.278,0,0
16101.729,0,0
12605.532,0,0
8186.259,0,0
3697.294,0,0
0.0,1,1
0.0,1,1
0.0,1,1
0.0,1,1
0.0,1,1
0.0,1,1
0.0,1,1
0.0,1,1
0.0,0,0
3340.681,0,0
6932.414,0,0
9791.917,0,0
11560.733,0,0
13026.659,0,0
14494.644,0,0
16084.51,0,0
17333.974,0,0
18090.034,0,0
18847.402,0,0
19805.579,0,0
20708.502,0,0
21576.364,0,0
22272.496,0,0
22677.329,0,0
22901.277,0,0
23125.38,0,0
23349.637,0,0
23574.049,0,0
23798.616,0,0
24023.338,0,0
24248.216,0,0
24290.727,0,0
24350.344,0,0
24309.41,0,0
24235.858,0,0
23024.413,0,0
20851.868,0,0
18407.689,0,0
15539.206,0,0
14018.682,0,0
13785.037,0,0
12979.935,0,0
11418.796,0,0
8458.872,0,0
4378.177,0,0
1238.873,1,1
0.0,1,1
0.0,1,1
0.0,1,1
0.0,1,1
0.0,1,1
0.0,1,1
0.0,1,1
0.0,1,1
0.0,1,1
0.0,1,1
0.0,1,1
0.0,1,1
0.0,1,1
0.0,1,1
0.0,1,1
0.0,1,1
0.0,1,1
0.0,1,1
0.0,1,1
0.0,1,1
0.0,1,1
0.0,1,1
197.384,1,1
2282.682,0,0
3481.883,0,0
4762.019,0,0
6191.752,0,0
6835.154,0,0
7185.771,0,0
8703.011,0,0
11470.061,0,0
15603.021,0,0
19982.696,0,0
22758.6,0,0
24461.423,0,0
26483.828,0,0
28086.584,0,0
28299.476,0,0
27912.581,0,0
27525.093,0,0
27137.01,0,0
26932.492,0,0
27112.421,0,0
27192.93,0,0
27374.022,0,0
27550.814,0,0
27923.603,0,0
28194.372,0,0
28398.085,0,0
28410.532,0,0
28331.428,0,0
28252.576,0,0
28073.978,0,0
27818.714,0,0
27285.855,0,0
26586.105,0,0
25809.642,0,0
25169.025,0,0
24765.407,0,0
24361.782,0,0
23858.149,0,0
23941.539,0,0
24413.183,0,0
24722.664,0,0
24918.886,0,0
24966.844,0,0
24665.746,0,0
24464.644,0,0
24163.541,0,0
23555.563,0,0
22439.408,0,0
20868.775,0,0
19392.335,0,0
19090.956,0,0
20068.216,0,0
20947.518,0,0
21928.868,0,0
22595.242,0,0
23299.099,0,0
23904.043,0,0
24525.394,0,0
24851.58,0,0
25082.453,0,0
25227.729,0,0
25272.453,0,0
24944.492,0,0
23822.903,0,0
22349.622,0,0
20482.826,0,0
17674.862,0,0
13034.144,0,0
9270.633,0,0
7721.535,0,0
6101.405,0,0
4048.887,0,0
1773.302,0,0
0.0,1,1
0.0,1,1
0.0,1,1
0.0,1,1
0.0,1,1
0.0,1,1
0.0,1,1
0.0,1,1
0.0,1,1
0.0,1,1
0.0,1,1
0.0,1,1
0.0,1,1
0.0,1,1
0.0,1,1
0.0,1,1
0.0,1,1
0.0,1,1
0.0,1,1
0.0,1,1
0.0,1,1
0.0,1,1
0.0,1,1
0.0,1,1
0.0,0,0
0.0,0,0
0.0,0,0
0.0,0,0
4406.714,0,0
7515.449,0,0
9708.312,0,0
12720.372,0,0
16081.147,0,0
18006.183,0,0
19003.43,0,0
20475.714,0,0
21696.643,0,0
22730.928,0,0
23742.332,0,0
24789.251,0,0
25737.271,0,0
27066.967,0,0
28501.241,0,0
29588.833,0,0
30438.936,0,0
30521.347,0,0
29736.086,0,0
29016.392,0,0
28196.043,0,0
27628.728,0,0
27620.732,0,0
27492.547,0,0
27415.544,0,0
27214.532,0,0
26889.332,0,0
26514.954,0,0
26219.984,0,0
25579.209,0,0
24592.373,0,0
23605.02,0,0
22717.15,0,0
22415.597,0,0
22700.881,0,0
23086.336,0,0
23471.963,0,0
23271.574,0,0
22484.975,0,0
21698.289,0,0
20911.517,0,0
19881.197,0,0
18467.356,0,0
16935.729,0,0
15503.629,0,0
14962.149,0,0
15834.019,0,0
16531.94,0,0
17230.003,0,0
17894.79,0,0
18526.338,0,0
19058.074,0,0
19565.377,0,0
19518.533,0,0
18756.383,0,0
17823.077,0,0
16989.604,0,0
14791.126,0,0
9598.614,0,0
3082.195,0,0
0.0,1,1
0.0,1,1
0.0,1,1
0.0,1,1
0.0,1,1
0.0,1,1
0.0,1,1
0.0,1,1
0.0,1,1
0.0,1,1
0.0,1,1
0.0,1,1
0.0,1,1
0.0,1,1
0.0,1,1
0.0,1,1
0.0,1,1
0.0,1,1
0.0,1,1
1368.005,0,0
5257.913,0,0
7137.285,0,0
7009.11,0,0
4747.84,0,0
381.803,1,1
0.0,1,1
0.0,1,1
0.0,1,1
0.0,1,1
1957.092,0,0
3324.256,0,0
4384.405,0,0
4888.893,0,0
5939.756,0,0
7458.005,0,0
10959.049,0,0
16089.453,0,0
20624.907,0,0
24451.893,0,0
26497.051,0,0
26938.653,0,0
26005.976,0,0
23332.485,0,0
20078.927,0,0
15137.305,0,0
11677.468,0,0
11568.903,0,0
11460.33,0,0
11451.75,0,0
12733.21,0,0
15245.518,0,0
17075.312,0,0
19006.97,0,0
18326.864,0,0
15231.56,0,0
11353.45,0,0
6927.524,0,0
4657.648,0,0
4446.66,0,0
4235.661,0,0
4124.653,0,0
5676.944,0,0
8995.167,0,0
12316.892,0,0
14759.08,0,0
16822.132,0,0
18468.281,0,0
19487.503,0,0
20174.57,0,0
20069.664,1,1
19071.367,1,1
18172.223,1,1
16998.81,1,1
17231.779,1,1
18352.903,1,1
19475.899,1,1
20583.465,1,1
20197.833,1,1
18164.064,1,1
16228.141,1,1
13099.905,1,1
14077.494,1,1
17612.333,1,1
20241.423,1,1
22268.754,1,1
23183.082,1,1
23433.302,0,0
23783.88,0,0
24034.816,0,0
24134.37,0,0
24082.036,0,0
24029.386,0,0
23976.42,0,0
23515.606,0,0
22606.215,1,1
21472.214,1,1
20291.704,1,1
20293.882,1,1
21379.378,1,1
22325.028,1,1
23314.349,1,1
23955.487,0,0
23949.08,0,0
24093.771,0,0
24174.779,0,0
24947.001,0,0
26209.231,0,0
27112.511,0,0
27771.401,0,0
28171.047,0,0
28512.633,0,0
28271.464,0,0
27234.058,0,0
26520.77,0,0
26138.594,0,0
25969.35,0,0
25630.999,0,0
24805.26,0,0
23508.042,0,0
23525.892,0,0
24854.076,0,0
25590.857,0,0
25739.841,0,0
26295.843,0,0
27454.627,0,0
28624.939,0,0
29902.712,0,0
30014.015,0,0
29169.566,0,0
28536.158,0,0
28115.935,0,0
28375.365,0,0
29112.501,0,0
29762.415,0,0
30326.01,0,0
30874.33,0,0
31209.111,0,0
31763.446,0,0
32037.028,0,0
31937.003,0,0
31897.278,0,0
31800.0,0,0
31600.0,0,0
31500.0,0,0
31300.0,0,0
31100.0,0,0
31000.0,0,0
30800.0,0,0
30600.0,0,0
30500.0,0,0
30400.0,0,0
30300.0,0,0
30200.0,0,0
30100.0,0,0
30100.0,0,0
30000.0,0,0
29900.0,0,0
29700.0,0,0
29600.0,0,0
29500.0,0,0
29400.0,0,0
29100.0,0,0
28700.0,0,0
28200.0,0,0
27800.0,0,0
27500.0,0,0
27400.0,0,0
27300.0,0,0
27200.0,0,0
27000.0,0,0
26600.0,0,0
26300.0,0,0
25900.0,0,0
25600.0,0,0
25300.0,1,1
25000.0,1,1
24700.0,1,1
24600.0,1,1
24600.0,1,1
24700.0,1,1
24700.0,1,1
24800.0,1,1
25000.0,1,1
25300.0,1,1
25500.0,0,0
25900.0,0,0
26400.0,0,0
26800.0,0,0
27300.0,0,0
27350.996,0,0
26818.413,0,0
26272.559,0,0
25820.652,0,0
25089.058,1,1
24073.98,1,1
23922.283,1,1
24637.206,1,1
25457.212,0,0
26281.306,0,0
26609.095,0,0
26544.132,0,0
26794.612,0,0
27461.53,0,0
27356.597,0,0
26464.12,0,0
25626.547,0,0
24852.745,1,1
24608.761,1,1
24895.104,1,1
24963.856,1,1
24613.46,1,1
24557.286,1,1
24795.725,1,1
24825.302,1,1
24546.089,1,1
24886.906,1,1
25649.549,0,0
25894.764,0,0
25521.933,0,0
25879.924,0,0
26961.296,0,0
28218.588,0,0
29737.462,0,0
29785.725,0,0
28389.711,0,0
27278.935,0,0
26667.929,0,0
26618.449,0,0
27230.436,0,0
27881.507,0,0
28473.796,0,0
29035.856,0,0
29567.669,0,0
30120.19,0,0
30593.805,0,0
31409.941,0,0
32552.706,0,0
33000.0,0,0
33000.0,0,0
33000.0,0,0
33000.0,0,0
32800.0,0,0
32600.0,0,0
32300.0,0,0
32000.0,0,0
31800.0,0,0
31700.0,0,0
31600.0,0,0
31400.0,0,0
31300.0,0,0
30933.197,0,0
30553.594,0,0
30013.994,0,0
29508.201,0,0
29553.106,0,0
29597.884,0,0
29464.18,0,0
28964.268,0,0
28098.198,0,0
26953.948,0,0
25909.826,0,0
25013.021,0,0
24463.438,0,0
23714.461,0,0
22857.688,0,0
22562.491,0,0
23028.87,0,0
23358.115,0,0
23585.568,0,0
23224.58,0,0
22409.969,0,0
21353.589,0,0
20297.358,0,0
19769.298,1,0
19769.298,0,0
19769.298,0,0
19769.298,0,0
20292.7,0,0
21239.503,0,0
22180.945,0,0
22852.424,0,0
23288.163,0,0
23488.163,0,0
23688.163,0,0
23888.163,0,0
23401.107,0,0
22299.137,0,0
20745.997,0,0
19184.623,1,1
17108.789,1,1
14697.686,1,1
13857.835,1,1
14925.338,1,1
16091.579,1,1
17514.685,1,1
18374.271,1,1
18429.054,1,1
18383.139,1,1
17927.818,1,1
17800.514,1,1
18450.043,1,1
18973.228,1,1
19461.213,1,1
19265.229,1,1
18378.247,1,1
17289.363,1,1
15962.188,1,1
16341.478,1,1
18694.734,1,1
20799.153,0,0
22707.943,0,0
23168.976,0,0
22126.708,0,0
20916.455,0,0
19640.565,1,1
19418.611,1,1
20234.923,0,0
21010.793,0,0
21564.249,0,0
21815.557,0,0
21569.35,0,0
21554.451,0,0
21524.397,0,0
21872.638,0,0
22115.085,0,0
22002.156,0,0
21986.636,0,0
22819.719,0,0
24241.837,0,0
25254.808,0,0
26446.705,0,0
27880.928,0,0
29307.66,0,0
29838.632,0,0
29625.892,0,0
29413.141,0,0
29200.38,0,0
29056.01,0,0
28722.181,0,0
28259.804,0,0
27697.178,0,0
27355.046,0,0
27233.517,0,0
27011.883,0,0
26790.145,0,0
26477.627,0,0
26041.894,0,0
25469.041,0,0
24995.863,0,0
24894.505,0,0
25165.518,0,0
25536.936,0,0
25871.866,0,0
25744.173,0,0
25486.402,0,0
25128.797,0,0
24771.36,0,0
24592.53,0,0
24392.182,0,0
24291.834,0,0
24191.486,0,0
24304.127,0,0
24520.844,0,0
24410.064,0,0
24299.361,0,0
24144.005,0,0
23943.937,0,0
23843.869,0,0
23643.802,0,0
23524.538,0,0
23386.058,0,0
23247.552,0,0
23109.019,0,0
23121.725,0,0
23185.733,0,0
23249.796,0,0
23313.915,0,0
23420.299,0,0
23568.872,0,0
23717.401,0,0
23965.884,0,0
23968.857,0,0
24013.263,0,0
23952.128,0,0
23887.974,0,0
22612.67,0,0
20060.427,0,0
18490.568,1,1
18130.182,1,1
16843.876,1,1
14755.032,1,1
14642.507,1,1
16829.274,1,1
18770.041,0,0
20223.725,0,0
20578.618,0,0
19814.664,0,0
19373.318,0,0
19273.354,0,0
18981.815,0,0
18498.102,1,1
18061.008,1,1
17771.06,1,1
17377.678,1,1
17044.717,1,1
16452.227,1,1
15706.305,1,1
15228.429,1,1
15020.41,1,1
14127.805,1,1
12666.887,1,1
12801.462,1,1
14611.514,1,1
16304.53,1,1
17769.047,1,1
18421.311,1,1
18387.754,1,1
18649.716,1,1
19104.898,0,0
19692.41,0,0
19854.423,0,0
19902.855,0,0
20419.105,0,0
21207.912,0,0
22225.689,0,0
23088.651,0,0
23873.425,0,0
25792.29,0,0
27927.883,0,0
28600.0,0,0
28500.0,0,0
28400.0,0,0
28300.0,0,0
28200.0,0,0
28000.0,0,0
27900.0,0,0
27700.0,0,0
27600.0,0,0
27500.0,0,0
27359.257,0,0
27182.989,0,0
26974.912,0,0
26835.012,0,0
26124.689,0,0
25457.035,0,0
25183.642,0,0
25204.715,0,0
25225.829,0,0
25346.985,0,0
24934.152,0,0
23922.238,0,0
22769.417,0,0
21516.301,0,0
20984.37,0,0
20973.843,0,0
20963.317,0,0
21052.791,0,0
21089.789,0,0
21074.274,0,0
21158.71,0,0
21243.097,0,0
21638.922,0,0
22046.516,0,0
22454.005,0,0
22828.222,0,0
22891.883,0,0
22891.883,0,0
22991.883,0,0
22991.883,0,0
23010.989,0,0
23049.196,0,0
23187.396,0,0
23225.589,0,0
23431.967,0,0
23906.535,0,0
24281.108,0,0
24755.686,0,0
24687.867,0,0
23965.311,0,0
23081.979,0,0
22092.559,0,0
20378.288,0,0
17787.753,0,0
16018.961,0,0
14699.644,0,0
14798.681,0,0
16414.16,0,0
17280.158,0,0
17222.056,0,0
16597.037,0,0
15362.291,0,0
15045.047,0,0
15866.803,0,0
17591.875,0,0
20202.618,0,0
20295.211,0,0
17717.646,0,0
15520.189,0,0
13733.093,0,0
12814.893,0,0
12609.037,0,0
10816.451,0,0
7363.516,0,0
6475.474,1,0
8180.662,0,0
9615.214,0,0
10682.704,0,0
11093.913,0,0
10766.473,0,0
9783.972,0,0
7770.307,0,0
6218.522,1,1
4006.882,1,1
3054.555,1,1
3293.611,1,1
2926.539,1,1
2258.631,1,1
622.628,1,1
0.0,1,1
0.0,1,1
0.0,1,1
0.0,1,1
0.0,1,1
5820.855,1,1
12225.58,0,0
14843.938,0,0
14836.555,0,0
14729.165,0,0
14621.768,0,0
13589.845,0,0
11016.324,0,0
8323.451,0,0
5628.365,1,1
4871.652,1,1
5955.795,1,1
7141.037,0,0
8227.377,0,0
8018.028,0,0
6611.159,1,1
5202.947,1,1
3793.391,1,1
3582.168,1,1
4771.118,1,1
5861.174,1,1
7052.337,1,1
8143.808,0,0
9135.753,0,0
10129.031,0,0
10720.662,0,0
10979.134,0,0
10770.323,0,0
10561.501,0,0
10452.669,0,0
11430.341,0,0
13597.181,0,0
15565.658,0,0
16586.229,0,0
17678.997,0,0
18539.643,0,0
19191.93,0,0
19845.399,0,0
20028.87,0,0
19741.157,0,0
19453.044,0,0
19164.53,0,0
19023.346,0,0
19129.59,0,0
19135.564,0,0
19241.268,0,0
18653.682,0,0
16985.747,0,0
15190.688,0,0
11927.004,0,0
9227.064,0,0
6770.55,0,0
3339.347,0,0
0.0,1,1
0.0,1,1
0.0,1,1
0.0,1,1
0.0,1,1
0.0,1,1
0.0,1,1
0.0,1,1
0.0,1,1
0.0,1,1
0.0,1,1
0.0,1,1
0.0,1,1
0.0,1,1
0.0,1,1
0.0,1,1
0.0,1,1
0.0,1,1
0.0,1,1
0.0,1,1
0.0,1,1
0.0,1,1
0.0,1,1
0.0,1,1
0.0,0,0
0.0,0,0
0.0,0,0
0.0,0,0
0.0,0,0
0.0,0,0
0.0,0,0
0.0,0,0
0.0,0,0
0.0,0,0
0.0,0,0
4400.028,0,0
8152.829,0,0
9377.241,0,0
9988.44,0,0
12589.398,0,0
16071.144,0,0
18748.084,0,0
21073.806,0,0
23408.369,0,0
25473.601,0,0
26531.501,0,0
26616.809,0,0
26802.307,0,0
26987.996,0,0
27731.301,0,0
28677.593,0,0
29341.608,0,0
29644.452,0,0
29558.203,0,0
29583.45,0,0
29508.724,0,0
29534.023,0,0
29321.309,0,0
28970.524,0,0
28619.686,0,0
28368.795,0,0
28024.217,0,0
27785.965,0,0
27547.681,0,0
27270.553,0,0
26545.292,0,0
25476.558,0,0
24307.13,0,0
22866.068,0,0
22380.116,0,0
22753.32,0,0
23226.852,0,0
23563.673,0,0
23911.349,0,0
24403.163,0,0
24597.111,0,0
24463.175,0,0
24278.19,0,0
24200.0,0,0
24000.0,0,0
23900.0,0,0
23800.0,0,0
23594.911,0,0
23289.904,0,0
22586.582,0,0
22058.171,0,0
22280.142,0,0
22402.177,0,0
22524.275,0,0
22623.948,0,0
22701.083,0,0
22778.132,0,0
22855.096,0,0
22229.872,0,0
20600.508,0,0
18851.666,0,0
17492.574,0,0
16165.881,0,0
14643.116,0,0
12963.21,0,0
10932.546,0,0
10753.101,0,0
10574.565,0,0
10661.391,0,0
9493.561,0,0
6359.396,0,0
1130.711,1,1
0.0,1,1
0.0,1,1
0.0,1,1
0.0,1,1
0.0,1,1
0.0,1,1
0.0,1,1
0.0,1,1
0.0,1,1
0.0,1,1
0.0,1,1
0.0,1,1
1567.09,1,1
3481.452,0,0
2885.424,0,0
0.0,1,1
0.0,1,1
0.0,1,1
0.0,1,1
0.0,1,1
0.0,1,1
0.0,1,1
0.0,1,1
2036.677,1,1
5054.028,0,0
7383.697,0,0
8698.523,0,0
8696.846,0,0
8893.493,0,0
9387.069,0,0
8334.739,0,0
5736.004,0,0
3538.202,0,0
1090.006,1,0
2551.29,0,0
7422.204,0,0
11795.552,0,0
15586.544,0,0
19229.012,0,0
22153.225,0,0
24381.013,0,0
25936.521,0,0
26120.477,0,0
24985.623,0,0
23594.257,0,0
21943.348,0,0
21520.464,0,0
22325.403,0,0
23030.343,0,0
23766.398,0,0
24423.162,0,0
25174.565,0,0
25925.822,0,0
26436.661,0,0
26297.381,0,0
25372.874,0,0
24347.965,0,0
23186.178,0,0
22791.788,0,0
23264.734,0,0
23637.599,0,0
23973.515,0,0
23873.79,0,0
23138.591,0,0
22366.693,0,0
21594.958,0,0
21300.971,0,0
21384.574,0,0
21468.129,0,0
21551.634,0,0
21687.888,0,0
21876.901,0,0
21945.984,0,0
22067.254,0,0
22067.429,0,0
21946.54,0,0
21777.9,0,0
21689.399,0,0
21695.273,0,0
21795.497,0,0
21995.721,0,0
22095.944,0,0
21647.242,0,0
20479.251,0,0
19284.985,0,0
18078.624,0,0
18656.835,0,0
20913.497,0,0
22429.52,0,0
23482.655,0,0
24966.202,0,0
26200.845,0,0
26700.686,0,0
25225.743,0,0
22388.759,0,0
19974.528,0,0
19553.444,0,0
21090.806,0,0
22177.219,0,0
22132.078,0,0
21293.575,0,0
19225.838,0,0
18328.906,0,0
18488.932,0,0
18255.932,0,0
17070.223,0,0
15354.004,0,0
13585.105,0,0
10915.747,0,0
7781.594,1,1
3117.145,1,1
0.0,1,1
0.0,1,1
0.0,1,1
0.0,1,1
1780.824,1,1
6875.246,1,1
10559.152,0,0
12355.357,0,0
13804.211,0,0
15017.448,0,0
16286.406,0,0
16912.325,0,0
17008.601,0,0
17693.212,0,0
18629.913,0,0
19318.968,0,0
19838.181,0,0
20727.861,0,0
21588.741,0,0
18164.88,0,0
9015.816,1,1
0.0,1,1
0.0,1,1
0.0,1,1
0.0,1,1
0.0,1,1
0.0,1,1
0.0,1,1
2102.755,1,1
8982.037,1,1
15108.897,0,0
16155.694,0,0
13486.717,0,0
10059.259,1,1
6629.056,1,1
5552.419,1,1
6732.224,1,1
8013.119,1,1
9195.106,1,1
10178.186,0,0
10962.359,0,0
11747.628,0,0
12233.276,0,0
13663.912,0,0
16107.009,0,0
18153.927,0,0
19461.06,0,0
20320.304,0,0
20530.969,0,0
20842.159,0,0
21033.589,0,0
21866.413,0,0
23272.049,0,0
24158.755,0,0
24631.252,0,0
24488.172,0,0
24273.887,0,0
23829.31,0,0
23083.685,0,0
22810.277,0,0
22809.507,0,0
22908.736,0,0
23007.964,0,0
23046.449,0,0
23024.095,0,0
23101.614,0,0
23079.006,0,0
22663.089,0,0
20978.267,0,0
18637.477,0,0
17298.563,0,0
16317.102,0,0
15292.843,0,0
14071.949,0,0
12333.688,0,0
10518.957,0,0
8989.965,0,0
7851.747,1,1
7117.387,1,1
6447.747,1,1
5646.818,1,1
4867.644,1,1
3869.699,1,1
2893.7,1,1
1749.633,1,1
995.834,1,1
496.391,1,1
0.0,1,1
0.0,1,1
0.0,1,1
976.886,1,1
2696.275,1,1
4081.803,1,1
5078.527,1,1
5908.755,1,1
7032.853,1,1
8570.981,0,0
8603.803,0,0
7345.263,1,1
6428.512,1,1
5924.591,1,1
6551.946,1,1
8141.764,1,1
9677.843,0,0
11103.227,0,0
13363.902,0,0
15900.721,0,0
17346.84,0,0
17938.137,0,0
21646.57,0,0
26740.542,0,0
28877.84,0,0
29461.301,0,0
30269.133,0,0
31281.215,0,0
31700.0,0,0
31600.0,0,0
31500.0,0,0
31400.0,0,0
31300.0,0,0
31100.0,0,0
30900.0,0,0
30700.0,0,0
30500.0,0,0
30400.0,0,0
30300.0,0,0
30100.0,0,0
30000.0,0,0
30000.0,0,0
29900.0,0,0
29900.0,0,0
29800.0,0,0
29600.0,0,0
29500.0,0,0
29300.0,0,0
28900.0,0,0
28300.0,0,0
27700.0,0,0
27100.0,0,0
26800.0,0,0
26700.0,0,0
26700.0,0,0
26600.0,0,0
26400.0,0,0
26100.0,0,0
25900.0,0,0
25600.0,0,0
25378.082,0,0
25036.56,0,0
24694.693,0,0
24218.645,0,0
23440.341,0,0
22660.522,0,0
21706.149,0,0
20542.928,0,0
20104.043,0,0
20391.663,0,0
20579.746,0,0
20768.293,0,0
20960.538,0,0
21156.125,0,0
21351.702,0,0
21547.269,0,0
20348.663,0,0
16746.475,0,0
11932.903,0,0
4978.488,0,0
2250.452,0,0
4550.218,0,0
4463.826,0,0
2877.605,0,0
0.0,1,1
0.0,1,1
0.0,1,1
0.0,1,1
0.0,1,1
0.0,1,1
0.0,1,1
0.0,1,1
0.0,1,1
0.0,1,1
0.0,1,1
0.0,1,1
0.0,1,1
0.0,1,1
0.0,1,1
0.0,1,1
0.0,1,1
0.0,1,1
0.0,1,1
0.0,1,1
0.0,1,1
0.0,1,1
0.0,1,1
0.0,1,1
0.0,0,0
0.0,0,0
0.0,0,0
0.0,0,0
0.0,0,0
0.0,0,0
0.0,0,0
0.0,0,0
0.0,0,0
0.0,0,0
6532.81,0,0
12663.524,0,0
16429.088,0,0
17953.114,0,0
20031.743,0,0
21498.884,0,0
22808.693,0,0
23695.917,0,0
24520.586,0,0
25347.017,0,0
25787.528,0,0
25824.323,0,0
25808.937,0,0
25893.902,0,0
25879.219,0,0
25964.888,0,0
26050.91,0,0
26137.288,0,0
26462.193,0,0
27026.224,0,0
27654.207,0,0
27980.946,0,0
27971.303,0,0
27724.366,0,0
27376.955,0,0
26946.204,0,0
26543.846,0,0
26270.827,0,0
25915.334,0,0
25560.313,0,0
25382.58,0,0
25381.782,0,0
25280.982,0,0
25280.181,0,0
25141.127,0,0
24963.948,0,0
24686.943,0,0
24510.111,0,0
24588.625,0,0
24813.387,0,0
24804.307,0,0
24695.339,0,0
24682.174,0,0
24564.618,0,0
24210.177,0,0
23648.857,0,0
23492.118,0,0
23740.748,0,0
23989.731,0,0
24239.067,0,0
24463.701,0,0
24563.368,0,0
24763.034,0,0
24962.699,0,0
24248.68,0,0
22399.011,0,0
19891.054,0,0
16680.708,0,0
14485.057,0,0
13667.232,0,0
11729.627,0,0
9257.929,0,0
7114.381,0,0
5131.189,0,0
3308.086,0,0
1403.114,0,0
0.0,1,1
0.0,1,1
0.0,1,1
0.0,1,1
0.0,1,1
0.0,1,1
0.0,1,1
0.0,1,1
0.0,1,1
0.0,1,1
0.0,1,1
0.0,1,1
0.0,1,1
0.0,1,1
0.0,1,1
0.0,1,1
0.0,1,1
0.0,1,1
0.0,1,1
0.0,1,1
0.0,1,1
0.0,1,1
472.935,0,0
3142.471,0,0
5879.948,0,0
8608.773,0,0
10873.984,0,0
12952.89,0,0
15196.616,0,0
17479.139,0,0
20534.114,0,0
23696.068,0,0
25724.941,0,0
27033.259,0,0
28891.122,0,0
30580.813,0,0
31100.0,0,0
30900.0,0,0
30800.0,0,0
30600.0,0,0
30500.0,0,0
30400.0,0,0
30239.989,0,0
30076.121,0,0
29786.605,0,0
29571.387,0,0
29123.99,0,0
28373.713,0,0
27700.314,0,0
26632.944,0,0
25289.779,0,0
23903.929,0,0
21708.681,0,0
18153.801,0,0
13447.923,0,0
7219.43,0,0
0.0,1,1
0.0,1,1
0.0,0,0
0.0,0,0
0.0,1,1
0.0,1,1
0.0,1,1
0.0,1,1
0.0,1,1
0.0,1,1
0.0,1,1
0.0,1,1
0.0,1,1
0.0,1,1
0.0,1,1
0.0,1,1
0.0,1,1
0.0,1,1
0.0,1,1
0.0,1,1
0.0,1,1
0.0,1,1
0.0,1,1
0.0,1,1
0.0,1,1
0.0,1,1
0.0,1,1
0.0,1,1
0.0,0,0
0.0,0,0
0.0,0,0
0.0,0,0
0.0,0,0
0.0,0,0
0.0,0,0
0.0,0,0
0.0,0,0
0.0,0,0
0.0,0,0
0.0,0,0
0.0,0,0
0.0,0,0
0.0,0,0
0.0,0,0
0.0,0,0
0.0,0,0
0.0,0,0
0.0,0,0
0.0,0,0
0.0,0,0
0.0,0,0
0.0,0,0
0.0,0,0
0.0,0,0
0.0,0,0
0.0,0,0
0.0,0,0
0.0,0,0
0.0,0,0
0.0,0,0
0.0,0,0
0.0,0,0
0.0,0,0
0.0,0,0
0.0,0,0
0.0,0,0
0.0,0,0
527.18,0,0
3964.768,0,0
4954.818,0,0
7086.989,0,0
9979.898,0,0
11539.189,0,0
11843.667,0,0
11906.69,0,0
11997.79,0,0
11984.242,0,0
11869.297,0,0
11754.329,0,0
11639.339,0,0
9239.625,0,0
4425.578,0,0
0.0,0,0
0.0,0,0
0.0,0,0
0.0,0,0
0.0,0,0
0.0,0,0
0.0,0,0
2962.181,0,0
10366.298,0,0
16436.092,0,0
18939.997,0,0
18832.116,0,0
18724.223,0,0
18516.317,0,0
16669.132,0,0
13178.634,0,0
8904.513,0,0
4180.549,0,0
2372.367,0,0
3586.679,0,0
4802.374,0,0
6019.453,0,0
5144.129,0,0
2073.254,0,0
0.0,1,1
0.0,1,1
0.0,1,1
0.0,1,1
0.0,1,1
0.0,1,1
0.0,1,1
0.0,1,1
0.0,1,1
0.0,1,1
0.0,1,1
0.0,1,1
0.0,1,1
0.0,1,1
0.0,1,1
0.0,1,1
0.0,1,1
0.0,1,1
0.0,1,1
0.0,1,1
0.0,1,1
0.0,1,1
0.0,1,1
0.0,1,1
0.0,0,0
0.0,0,0
0.0,0,0
0.0,0,0
0.0,0,0
0.0,0,0
0.0,0,0
0.0,0,0
0.0,0,0
0.0,0,0
0.0,0,0
0.0,0,0
0.0,0,0
0.0,0,0
0.0,0,0
0.0,0,0
0.0,0,0
0.0,0,0
0.0,0,0
0.0,0,0
0.0,0,0
0.0,0,0
0.0,0,0
0.0,0,0
0.0,0,0
0.0,0,0
0.0,0,0
0.0,0,0
0.0,0,0
0.0,0,0
0.0,0,0
0.0,0,0
0.0,0,0
0.0,0,0
0.0,0,0
0.0,0,0
0.0,0,0
0.0,0,0
0.0,0,0
0.0,0,0
0.0,0,0
0.0,0,0
0.0,0,0
0.0,0,0
0.0,0,0
0.0,0,0
0.0,0,0
0.0,0,0
0.0,0,0
0.0,0,0
0.0,0,0
1009.064,0,0
4992.235,0,0
8407.081,0,0
11494.934,0,0
14095.364,0,0
16015.991,0,0
18039.209,0,0
18306.772,0,0
17015.799,0,0
15723.576,0,0
14330.102,0,0
14378.17,0,0
15670.459,0,0
17065.07,0,0
18002.357,0,0
19408.575,0,0
21616.885,0,0
23349.481,0,0
24717.783,0,0
25228.762,0,0
25237.949,0,0
25240.162,0,0
25004.945,0,0
24804.789,0,0
24539.591,0,0
24136.462,0,0
23625.533,0,0
23493.99,0,0
23642.278,0,0
23790.829,0,0
23758.019,0,0
23657.837,0,0
23590.177,0,0
23340.53,0,0
23190.618,0,0
23103.155,0,0
23178.341,0,0
23253.527,0,0
23328.713,0,0
22645.233,0,0
20972.634,0,0
19359.662,0,0
17714.635,0,0
17000.105,0,0
16720.403,0,0
15982.448,0,0
14435.251,0,0
14421.573,0,0
15942.85,0,0
16299.269,0,0
15159.408,0,0
13480.217,0,0
10722.647,1,1
7969.854,1,1
5247.775,1,1
2886.871,1,1
1060.686,1,1
0.0,1,1
0.0,1,1
0.0,1,1
0.0,1,1
0.0,1,1
1269.598,1,1
2500.172,1,1
3064.824,1,1
3387.117,1,1
3687.811,1,1
3479.554,1,1
2879.919,1,1
3488.729,1,1
5220.488,1,1
6838.877,1,1
8517.039,1,1
9372.196,1,1
9737.019,1,1
10614.676,1,1
11793.869,0,0
13546.512,0,0
15664.887,0,0
17700.018,0,0
19706.318,0,0
21696.232,0,0
23645.225,0,0
25171.922,0,0
26609.593,0,0
28616.509,0,0
30288.348,0,0
30731.909,0,0
30606.335,0,0
30380.73,0,0
30255.095,0,0
30067.706,0,0
29918.633,0,0
29769.621,0,0
29620.672,0,0
29520.624,0,0
29369.384,0,0
29318.082,0,0
29166.717,0,0
29051.184,0,0
28124.275,0,0
27166.223,0,0
25884.738,0,0
25639.453,0,0
26486.588,0,0
27060.551,0,0
27635.337,0,0
27734.325,0,0
27323.431,0,0
26848.973,0,0
26374.551,0,0
26193.717,0,0
26106.457,0,0
26019.213,0,0
26031.984,0,0
25864.199,0,0
25715.893,0,0
25667.651,0,0
25519.472,0,0
25286.963,0,0
24869.968,0,0
24452.829,0,0
23750.612,0,0
23425.918,0,0
23836.014,0,0
24038.859,0,0
24203.824,0,0
24236.259,0,0
24236.095,0,0
24135.932,0,0
24135.768,0,0
24248.767,0,0
24474.929,0,0
24701.091,0,0
24927.253,0,0
24366.968,0,0
22901.174,0,0
21359.158,0,0
19700.624,0,0
18632.162,0,0
17956.124,0,0
16640.508,0,0
14447.685,0,0
12004.102,1,1
9005.086,1,1
8053.526,1,1
9594.408,1,1
11981.036,1,1
13225.425,0,1
12737.148,1,1
10161.917,1,1
6098.851,1,1
2848.806,1,1
1444.574,1,1
2102.404,1,1
2732.838,1,1
3030.045,1,1
2807.302,1,1
1873.075,1,1
0.0,1,1
0.0,1,1
0.0,1,1
4355.57,1,1
11321.356,1,1
15018.323,0,0
14846.615,0,0
13096.668,0,0
10185.654,1,1
8471.799,1,1
9037.443,1,1
11419.517,1,1
13232.384,0,0
14651.413,0,0
16446.688,0,0
18733.002,0,0
20936.229,0,0
23143.721,0,0
24442.107,0,0
25216.253,0,0
26095.561,0,0
27233.263,0,0
29117.058,0,0
30921.332,0,0
31400.0,0,0
31300.0,0,0
31100.0,0,0
30900.0,0,0
30800.0,0,0
30600.0,0,0
30400.0,0,0
30200.0,0,0
30100.0,0,0
29900.0,0,0
29800.0,0,0
29700.0,0,0
29500.0,0,0
29300.0,0,0
29039.381,0,0
28774.866,0,0
28813.468,0,0
29000.0,0,0
29000.0,0,0
29100.0,0,0
28900.0,0,0
28300.0,0,0
27800.0,0,0
27200.0,0,0
26900.0,0,0
26900.0,0,0
26800.0,0,0
26700.0,0,0
26600.0,0,0
26300.0,0,0
26000.0,0,0
25700.0,0,0
25500.0,0,0
25300.0,0,0
25100.0,0,0
24900.0,0,0
24800.0,0,0
24700.0,0,0
24600.0,0,0
24500.0,0,0
24500.0,0,0
24600.0,0,0
24700.0,0,0
24800.0,0,0
24900.0,0,0
24973.357,0,0
24902.382,0,0
24824.016,0,0
23935.767,0,0
22156.273,0,0
20532.103,0,0
18850.053,0,0
17087.162,0,0
15663.109,0,0
14344.564,0,0
12555.416,0,0
10696.391,0,0
8885.088,0,0
7127.292,0,0
5318.159,0,0
3042.721,1,1
249.971,1,1
0.0,1,1
0.0,1,1
0.0,1,1
0.0,1,1
0.0,1,1
0.0,1,1
0.0,1,1
0.0,1,1
0.0,1,1
0.0,1,1
0.0,1,1
0.0,1,1
0.0,1,1
0.0,1,1
0.0,1,1
0.0,1,1
0.0,1,1
0.0,1,1
0.0,1,1
0.0,1,1
595.391,1,1
3469.754,1,1
5668.665,0,0
7474.673,0,0
10443.861,0,0
14058.121,0,0
17314.451,0,0
19856.448,0,0
22005.854,0,0
24156.424,0,0
25741.064,0,0
27194.687,0,0
29075.507,0,0
30617.359,0,0
31100.0,0,0
31000.0,0,0
30900.0,0,0
30800.0,0,0
30700.0,0,0
30600.0,0,0
30400.0,0,0
30300.0,0,0
30200.0,0,0
30000.0,0,0
29900.0,0,0
29700.0,0,0
29600.0,0,0
29500.0,0,0
29400.0,0,0
29300.0,0,0
29200.0,0,0
29200.0,0,0
29100.0,0,0
29000.0,0,0
28700.0,0,0
28100.0,0,0
27600.0,0,0
27000.0,0,0
26700.0,0,0
26700.0,0,0
26700.0,0,0
26600.0,0,0
26500.0,0,0
26200.0,0,0
25900.0,0,0
25600.0,0,0
25300.0,0,0
25200.0,0,0
25000.0,0,0
24800.0,0,0
24700.0,0,0
24600.0,0,0
24600.0,0,0
24600.0,0,0
24500.0,0,0
24500.0,0,0
24400.0,0,0
24400.0,0,0
24500.0,0,0
24535.956,0,0
24273.59,0,0
23794.209,0,0
23458.479,0,0
21985.945,0,0
19627.257,0,0
17998.304,0,0
16505.054,0,0
14649.786,0,0
12868.144,0,0
10671.525,0,0
8006.983,0,0
5063.917,0,0
2836.483,0,0
1063.623,0,0
0.0,1,1
0.0,1,1
0.0,1,1
0.0,1,1
0.0,1,1
0.0,1,1
0.0,1,1
0.0,1,1
0.0,1,1
0.0,1,1
0.0,1,1
0.0,1,1
0.0,1,1
0.0,1,1
0.0,1,1
0.0,1,1
0.0,1,1
0.0,1,1
0.0,1,1
0.0,1,1
0.0,1,1
0.0,1,1
0.0,1,1
0.0,1,1
0.0,0,0
0.0,0,0
1896.195,0,0
6985.016,0,0
10151.15,0,0
12056.618,0,0
14545.783,0,0
17543.23,0,0
19715.403,0,0
21221.607,0,0
23063.549,0,0
25133.575,0,0
26215.83,0,0
26516.554,0,0
26799.537,0,0
26982.991,0,0
27749.78,0,0
28641.953,0,0
29309.342,0,0
29845.877,0,0
29762.867,0,0
29714.853,0,0
29666.902,0,0
29519.017,0,0
29451.61,0,0
29364.645,0,0
29277.696,0,0
29290.764,0,0
29200.0,0,0
29100.0,0,0
29000.0,0,0
28900.0,0,0
28600.0,0,0
28000.0,0,0
27500.0,0,0
26900.0,0,0
26600.0,0,0
26500.0,0,0
26400.0,0,0
26300.0,0,0
26200.0,0,0
25900.0,0,0
25600.0,0,0
25300.0,0,0
25100.0,0,0
25000.0,0,0
24800.0,0,0
24700.0,0,0
24600.0,0,0
24600.0,0,0
24600.0,0,0
24500.0,0,0
24500.0,0,0
24500.0,0,0
24500.0,0,0
24500.0,0,0
24600.0,0,0
24607.932,0,0
24297.417,0,0
24076.011,0,0
23306.823,0,0
21116.839,0,0
18982.161,0,0
18602.947,0,0
18269.433,0,0
17229.891,0,0
16881.3,0,0
17118.683,0,0
18144.393,0,0
19333.196,0,0
18773.873,0,0
15749.3,0,0
12146.072,0,0
9207.635,0,0
7062.729,1,1
5706.267,1,1
3487.291,1,1
374.243,1,1
0.0,1,1
892.312,1,1
2248.112,1,1
3040.718,1,1
2538.516,1,1
1108.234,1,1
0.0,1,1
0.0,1,1
0.0,1,1
0.0,1,1
0.0,1,1
0.0,1,1
0.0,1,1
1293.614,1,1
3776.769,1,1
5740.628,1,1
6388.406,1,1
6157.374,1,1
6000.201,1,1
6052.213,1,1
7679.604,0,0
10316.576,0,0
14254.222,0,0
19022.846,0,0
22348.465,0,0
24497.028,0,0
26155.979,0,0
26957.508,0,0
28497.587,0,0
30334.312,0,0
30998.637,0,0
30708.741,0,0
30418.75,0,0
29798.968,0,0
29445.358,0,0
29367.577,0,0
29289.902,0,0
29212.334,0,0
28927.852,0,0
28435.989,0,0
27943.611,0,0
27336.552,0,0
26515.96,0,0
25742.597,0,0
24968.528,0,0
24193.75,0,0
23140.404,0,0
22085.565,0,0
20929.617,0,0
19806.801,0,0
17954.221,0,0
16257.364,0,0
14559.245,0,0
12959.862,0,0
11478.522,0,0
10247.231,0,0
8704.666,1,1
7260.683,1,1
7785.115,1,1
10318.104,0,0
12164.224,0,0
14012.617,0,0
13806.636,0,0
11342.854,0,0
8876.777,1,1
5917.072,1,1
6813.028,1,1
10714.255,0,0
14312.968,0,0
16637.984,0,0
17532.393,0,0
17329.36,0,0
17025.899,0,0
16722.007,0,0
16287.778,0,0
14885.397,0,0
12745.248,0,0
10692.227,0,0
8917.391,1,1
7051.821,1,1
5818.745,1,1
6220.227,1,1
7121.347,1,1
7675.194,1,1
7528.255,1,1
6799.859,1,1
8025.128,1,1
9969.26,0,0
12058.268,0,0
14559.489,0,0
15767.304,0,0
15892.025,0,0
15168.097,0,0
13426.842,0,0
11460.2,0,0
9258.343,0,0
7138.75,1,1
3846.425,1,1
4079.115,1,1
6733.988,1,1
8314.626,1,1
9153.877,0,1
8368.657,1,1
6170.749,1,1
6934.196,1,1
10747.932,0,0
14128.429,0,0
16215.689,0,0
16912.332,0,0
17172.886,0,0
18145.492,0,0
15127.978,0,0
15048.321,0,0
13843.408,0,0
11537.223,0,0
8575.081,1,0
9032.075,0,0
12405.079,0,0
14921.042,0,0
16538.747,0,0
17361.087,0,0
17857.122,0,0
18174.671,0,0
18744.195,0,0
20242.466,0,0
21440.415,0,0
21048.285,0,0
20133.849,0,0
19318.913,0,0
18403.477,0,0
17706.707,0,0
17128.788,0,0
16450.619,0,0
15872.199,0,0
16380.607,0,0
18176.777,0,0
19973.943,0,0
21312.898,0,0
21833.467,0,0
22125.772,0,0
22318.283,0,0
22511.0,0,0
22769.704,0,0
23194.448,0,0
23619.468,0,0
23821.592,0,0
23712.824,0,0
23311.212,0,0
22809.6,0,0
22307.987,0,0
22441.289,0,0
23209.507,0,0
23877.725,0,0
24300.784,0,0
24502.946,0,0
24350.378,0,0
24297.853,0,0
24245.372,0,0
23821.538,0,0
23126.32,0,0
22431.102,0,0
21621.627,0,0
20897.725,0,0
20221.854,1,1
19645.864,1,1
18969.755,1,1
18774.522,1,1
19221.265,1,1
19514.338,1,1
19807.411,1,1
20300.484,1,1
20893.558,0,0
21442.467,0,0
22004.281,0,0
22544.787,0,0
23145.858,0,0
23628.715,0,0
23844.14,0,0
23511.409,0,0
22773.727,0,0
21168.755,0,0
18648.205,1,1
17174.162,1,1
16760.488,1,1
17513.048,1,1
19092.629,1,1
20286.871,1,1
20998.58,0,0
21401.356,0,0
21495.291,0,0
21667.183,0,0
21716.488,0,0
21081.859,0,0
19659.966,1,1
18379.876,1,1
17249.283,1,1
16601.307,1,1
16126.719,1,1
14517.12,1,1
12080.763,1,1
13301.255,1,1
18135.498,1,1
22103.812,0,0
25312.578,0,0
25834.066,0,0
23698.762,0,0
22011.756,0,0
20986.554,0,0
20662.191,1,0
21134.141,0,0
21245.146,0,0
20894.773,0,0
21081.87,0,0
21608.376,0,0
22442.372,0,0
23484.154,0,0
24624.301,0,0
25860.089,0,0
27393.602,0,0
29013.687,0,0
30284.694,0,0
31009.767,0,0
31175.996,0,0
31150.227,0,0
31024.449,0,0
30935.177,0,0
30650.992,0,0
30205.364,0,0
29759.65,0,0
29313.85,0,0
28929.444,0,0
28706.48,0,0
28383.494,0,0
28160.487,0,0
28083.098,0,0
28151.439,0,0
28319.909,0,0
28388.507,0,0
28434.284,0,0
28423.596,0,0
28349.31,0,0
28275.034,0,0
27952.356,0,0
27581.286,0,0
27100.0,0,0
26600.0,0,0
26300.0,0,0
26200.0,0,0
26200.0,0,0
26100.0,0,0
26000.0,0,0
25600.0,0,0
25300.0,0,0
25000.0,0,0
24800.0,0,0
24700.0,0,0
24600.0,0,0
24500.0,0,0
24400.0,0,0
24300.0,0,0
24200.0,0,0
24100.0,0,0
24032.685,0,0
23903.365,0,0
23774.023,0,0
23485.733,0,0
22999.543,0,0
22584.999,0,0
22001.446,0,0
21204.092,0,0
19916.854,0,0
18216.8,0,0
16331.017,0,0
14384.592,0,0
11234.426,0,0
5221.543,0,0
0.0,1,1
0.0,1,1
0.0,1,1
0.0,1,1
0.0,1,1
0.0,1,1
0.0,1,1
0.0,1,1
0.0,1,1
0.0,1,1
0.0,1,1
0.0,1,1
0.0,1,1
0.0,1,1
0.0,1,1
0.0,1,1
0.0,1,1
0.0,1,1
0.0,1,1
0.0,1,1
0.0,1,1
0.0,1,1
0.0,1,1
0.0,1,1
0.0,0,0
1159.287,0,0
0.0,0,0
0.0,0,0
0.0,0,0
0.0,0,0
0.0,0,0
0.0,0,0
0.0,0,0
3722.733,0,0
7550.237,0,0
8349.421,0,0
9203.553,0,0
9911.859,0,0
12055.234,0,0
14694.113,0,0
16255.52,0,0
17713.325,0,0
17659.605,0,0
16044.671,0,0
14368.493,0,0
12292.649,0,0
11100.832,0,0
10894.066,0,0
10687.296,0,0
10480.521,0,0
8071.285,0,0
3231.986,0,0
0.0,0,0
0.0,0,0
0.0,0,0
0.0,0,0
0.0,0,0
0.0,0,0
0.0,0,0
0.0,0,0
0.0,0,0
0.0,0,0
0.0,0,0
3959.373,0,0
10061.501,0,0
14835.095,0,0
17255.846,1,1
17764.233,1,1
18067.614,1,1
18258.689,1,1
18252.897,1,1
18050.083,1,1
17747.266,1,1
17544.447,1,1
17144.622,1,1
16547.583,1,1
16037.718,1,1
15121.265,1,1
15612.442,1,1
16527.494,1,1
17477.566,1,1
18428.376,1,1
19375.598,1,1
20341.324,1,1
21307.659,0,0
22174.603,0,0
22707.963,0,0
23255.485,0,0
23658.893,0,0
24075.188,0,0
23791.575,0,0
22681.762,0,0
21413.15,0,0
19677.806,1,1
18979.759,1,1
18961.219,1,1
19517.565,1,1
20745.322,0,0
21209.751,0,0
21277.587,0,0
21329.466,0,0
21618.337,0,0
22521.065,0,0
24036.536,0,0
24772.235,0,0
24899.437,0,0
24669.265,0,0
24279.343,0,0
24853.052,0,0
26289.25,0,0
27902.484,0,0
29587.794,0,0
30119.025,0,0
29258.149,0,0
28259.251,0,0
27335.289,0,0
26594.14,0,0
25937.12,0,0
24824.151,0,0
23017.382,0,0
22285.812,0,0
22529.088,0,0
22778.375,0,0
23013.678,0,0
22866.623,0,0
22565.178,0,0
22812.875,0,0
23608.616,0,0
24421.104,0,0
25051.198,0,0
25497.737,0,0
25756.805,0,0
25767.155,0,0
25636.701,0,0
25112.64,0,0
24492.753,0,0
23832.084,0,0
22859.681,0,0
22798.499,0,0
23555.748,0,0
24141.67,0,0
24727.867,0,0
25773.57,0,0
27062.51,0,0
28110.605,0,0
28984.012,0,0
29407.718,0,0
29554.104,0,0
29800.62,0,0
29947.265,0,0
29785.357,0,0
29314.651,0,0
28843.751,0,0
28272.654,0,0
27770.462,0,0
26898.314,0,0
25922.773,0,0
25046.876,0,0
23745.586,0,0
21530.535,0,0
19314.88,1,1
16119.73,1,1
15339.511,0,0
17383.416,0,0
18801.035,0,0
19886.801,0,0
21005.781,0,0
21945.607,0,0
22808.13,0,0
23571.214,0,0
23840.313,0,0
23763.954,0,0
23687.66,0,0
23611.432,0,0
23697.336,0,0
23945.456,0,0
24093.75,0,0
24342.22,0,0
24404.233,0,0
24279.609,0,0
24154.918,0,0
24030.161,0,0
24130.204,0,0
24081.071,0,0
23707.591,0,0
23213.819,0,0
22611.104,0,0
20684.559,0,0
17471.243,0,0
14754.059,0,0
12868.252,0,0
11433.314,1,1
9925.215,1,1
7713.901,1,1
6027.758,1,1
4782.517,1,1
4561.159,1,1
5827.775,1,1
6870.289,1,1
7579.437,1,1
8306.46,1,1
9240.671,1,1
10755.916,1,1
11418.724,1,1
10713.922,1,1
7838.455,1,1
4095.853,1,1
1780.718,1,1
1090.685,1,1
1938.286,1,1
1488.421,1,1
0.0,1,1
1229.32,1,1
6418.14,1,1
12116.758,0,0
15399.432,0,0
15448.555,0,0
13925.893,0,0
12269.09,0,0
11700.054,1,0
12579.039,0,0
14832.485,0,0
16495.884,0,0
17723.094,0,0
19239.396,0,0
21106.722,0,0
22905.239,0,0
24771.192,0,0
25844.715,0,0
26617.337,0,0
27310.863,0,0
28009.633,0,0
29592.552,0,0
31430.706,0,0
32163.594,0,0
31897.804,0,0
31304.368,0,0
30512.516,0,0
30098.424,0,0
30163.039,0,0
30228.095,0,0
30393.595,0,0
30467.945,0,0
30445.174,0,0
30383.402,0,0
30421.677,0,0
30334.349,0,0
30221.374,0,0
30108.386,0,0
30095.384,0,0
30040.211,0,0
29942.971,0,0
29945.857,0,0
29900.0,0,0
29400.0,0,0
28645.765,0,0
27842.525,0,0
26939.177,0,0
26094.377,0,0
24387.162,0,0
21982.731,0,0
18799.241,0,0
16817.407,0,0
17226.989,0,0
17430.502,0,0
17521.796,0,0
17713.434,0,0
17905.416,0,0
18197.742,0,0
18390.414,0,0
18287.463,0,0
17788.366,0,0
17288.919,0,0
16789.119,0,0
16388.968,0,0
15988.463,0,0
15674.972,0,0
14952.665,0,0
15650.008,0,0
16836.773,0,0
17796.422,0,0
18647.083,0,0
17942.276,0,0
15350.008,0,0
13135.947,0,0
11405.044,0,0
8810.018,0,0
4835.913,0,0
2348.899,1,1
2011.544,1,1
3811.291,0,1
2492.951,1,1
2522.429,1,1
1140.224,1,1
0.0,1,1
0.0,1,1
0.0,1,1
0.0,1,1
0.0,1,1
0.0,1,1
0.0,1,1
0.0,1,1
0.0,1,1
5540.288,0,0
8873.342,0,0
7467.109,0,0
4091.32,0,0
0.0,1,1
0.0,1,1
2738.897,0,0
5866.632,0,0
8638.351,0,0
10677.34,0,0
11755.279,0,0
12881.312,0,0
14206.076,0,0
14890.927,0,0
14970.627,0,0
13971.485,0,0
12017.465,0,0
11644.533,0,0
12422.202,0,0
12603.191,0,0
12210.412,0,0
10096.962,0,0
7255.172,0,0
7278.975,0,0
9280.556,0,0
10581.522,0,0
11784.298,0,0
12993.825,0,0
14209.086,0,0
15324.804,0,0
16234.254,0,0
16503.447,0,0
16299.581,0,0
15995.713,0,0
15791.842,0,0
14201.397,0,0
10134.065,0,0
6064.658,0,0
1522.795,1,1
0.0,1,1
1311.533,1,1
2904.86,0,0
4317.632,0,0
4212.048,0,0
2587.112,1,1
880.204,1,1
0.0,1,1
0.0,1,1
2159.196,1,1
4059.367,0,0
6003.991,0,0
5701.236,1,1
2950.06,1,1
241.912,1,1
0.0,1,1
0.0,1,1
1787.266,1,1
5564.03,1,1
9340.794,1,1
12650.102,0,0
16391.448,0,0
18422.707,0,0
20278.644,0,0
20802.854,0,0
20418.6,0,0
19934.347,0,0
19431.937,0,0
19431.937,0,0
19834.347,0,0
20218.6,0,0
20602.854,0,0
21135.764,0,0
21481.643,0,0
21444.837,0,0
21351.295,0,0
20120.1,0,0
17630.297,0,0
14331.694,0,0
10180.386,0,0
8289.557,1,0
10408.353,0,0
10953.795,0,0
11115.87,0,0
10103.057,0,0
7843.344,1,1
5806.926,1,1
4087.235,1,1
536.479,1,1
0.0,1,1
0.0,1,1
0.0,1,1
1265.006,1,1
8419.686,1,1
10857.244,0,1
9793.479,1,1
8293.979,1,1
6205.118,1,1
7494.7,1,1
12323.544,0,0
17299.649,0,0
21734.794,0,0
22268.558,0,0
18559.747,0,0
13834.087,0,0
9138.033,1,1
8569.128,1,1
12265.332,0,0
14710.397,0,0
16113.421,0,0
16472.725,0,0
15935.001,0,0
15829.474,0,0
16109.548,0,0
15976.469,0,0
15519.804,0,0
15243.439,0,0
15038.241,0,0
16186.195,0,0
18375.024,0,0
19789.564,0,0
20784.235,0,0
21347.901,0,0
21200.933,0,0
20001.439,0,0
17893.195,0,0
15682.409,0,0
12893.06,0,0
12783.025,0,0
15256.812,0,0
17056.432,0,0
18958.228,0,0
20258.97,0,0
20757.567,0,0
21054.587,0,0
21339.626,0,0
21625.065,0,0
21910.905,0,0
22297.146,0,0
22583.788,0,0
22189.551,0,0
20913.061,0,0
19406.63,0,0
17278.29,0,0
16971.608,0,0
18690.183,0,0
19689.898,0,0
20461.768,0,0
21138.735,0,0
21720.492,0,0
22145.483,0,0
22617.866,0,0
22843.078,0,0
23020.981,0,0
23199.302,0,0
23340.604,0,0
23131.955,0,0
22707.617,0,0
22334.483,0,0
21840.894,0,0
21543.441,0,0
21542.276,0,0
21541.11,0,0
21539.943,0,0
21638.775,0,0
21837.606,0,0
22036.436,0,0
22235.265,0,0
23244.966,0,0
24538.49,0,0
25055.985,0,0
25103.15,0,0
24635.778,0,0
23649.928,0,0
23157.402,0,0
23165.475,0,0
22724.24,0,0
21937.006,0,0
21956.061,0,0
22680.267,0,0
23268.93,0,0
23318.462,0,0
22977.153,0,0
22622.743,0,0
23224.126,0,0
23590.565,0,0
23889.764,0,0
24188.963,0,0
25127.279,0,0
26497.224,0,0
27551.768,0,0
25911.949,0,0
22340.807,0,0
19582.239,0,0
17229.439,0,0
15296.356,0,0
11459.791,0,0
5480.778,1,1
2365.322,1,1
2491.088,1,1
2010.635,1,1
1099.307,1,1
142.763,1,1
0.0,1,1
0.0,1,1
0.0,1,1
1370.445,1,1
3819.77,1,1
5622.278,1,1
6940.155,1,1
7177.428,1,1
6959.542,1,1
7459.953,1,1
9283.038,0,0
13163.175,0,0
17763.048,0,0
20580.604,0,0
21865.905,0,0
23540.949,0,0
25651.605,0,0
26042.483,0,0
24904.587,0,0
23765.26,0,0
22559.836,0,0
19995.113,0,0
16842.0,0,0
12914.68,0,0
8445.926,0,0
5545.611,1,1
3823.029,1,1
2117.836,1,1
410.415,1,1
189.531,1,1
1558.488,1,1
2929.625,1,1
4222.168,1,1
8883.837,0,0
15906.391,0,0
20985.25,0,0
24114.912,0,0
25151.848,0,0
24936.686,0,0
24821.922,0,0
24607.557,0,0
24305.481,0,0
23815.052,0,0
23224.164,0,0
22732.818,0,0
22092.683,0,0
21403.594,1,1
20713.821,1,1
19905.112,1,1
19006.036,1,1
18239.791,1,1
17372.37,1,1
16503.771,1,1
16396.882,1,1
17053.459,1,1
17811.198,1,1
18470.103,1,1
19228.048,1,1
20005.48,1,1
20784.115,1,1
21563.958,0,0
22571.83,0,0
23698.006,0,0
24824.294,0,0
25816.479,0,0
25639.859,0,0
24586.597,0,0
23507.12,0,0
22515.211,0,0
21338.51,1,1
19868.593,1,1
19555.084,1,1
20478.199,1,1
22621.529,0,0
24667.512,0,0
25428.51,0,0
23142.524,0,0
18151.721,1,1
13469.649,1,1
13415.535,1,1
18180.351,1,1
21728.158,0,0
24086.461,0,0
25509.76,0,0
26169.928,0,0
27394.507,0,0
29170.954,0,0
29350.384,0,0
28094.893,0,0
27037.078,0,0
26093.569,0,0
25515.833,0,0
25205.994,0,0
24531.389,0,0
23395.733,0,0
22846.522,0,0
22824.395,0,0
22670.505,0,0
22371.95,0,0
22049.348,0,0
21664.339,0,0
21410.406,0,0
21230.97,1,1
21289.913,1,1
21618.576,0,0
21981.2,0,0
22262.81,0,0
23081.374,0,0
24606.525,0,0
25732.63,0,0
26735.77,0,0
28630.623,0,0
31042.442,0,0
32030.804,0,0
31917.679,0,0
31804.542,0,0
31591.393,0,0
31491.257,0,0
31304.151,0,0
31217.055,0,0
31029.971,0,0
30936.387,0,0
30736.294,0,0
30636.2,0,0
30436.107,0,0
30229.469,0,0
30016.278,0,0
29803.076,0,0
29489.861,0,0
29302.812,0,0
29141.963,0,0
28881.149,0,0
28720.37,0,0
28280.964,0,0
27662.844,0,0
26706.712,0,0
25642.903,0,0
24459.544,0,0
22921.854,0,0
21257.711,0,0
19072.213,0,0
17266.44,1,1
15394.86,1,1
13256.565,1,1
11116.888,1,1
10812.46,1,1
12545.097,1,1
14378.768,1,1
15747.341,1,1
16080.459,1,1
16077.523,1,1
15974.584,1,1
15871.643,1,1
16472.398,1,1
17777.495,1,1
18983.456,1,1
19966.359,0,0
20950.123,0,0
21991.736,0,0
22555.764,0,0
23008.674,0,0
22856.498,0,0
21996.921,0,0
21449.483,0,0
21169.083,0,0
21034.426,0,0
21406.701,0,0
21311.279,0,0
20944.069,0,0
20516.19,0,0
20229.742,0,0
19952.296,0,0
19584.155,0,0
19187.821,0,0
18763.767,1,1
18144.791,1,1
17412.02,1,1
17130.728,1,1
17242.624,1,1
17826.778,1,1
18884.112,1,1
19309.103,0,0
19004.01,0,0
19455.206,0,0
20461.793,0,0
21252.366,0,0
21727.051,0,0
22688.975,0,0
23935.416,0,0
25851.824,0,0
28303.087,0,0
27951.238,0,0
24507.278,0,0
20415.616,0,0
15916.325,1,1
15869.737,1,1
20236.584,0,0
23946.86,0,0
26753.806,0,0
27561.113,0,0
26450.468,0,0
25579.161,0,0
24949.801,0,0
25322.173,0,0
26553.789,0,0
27484.839,0,0
28193.216,0,0
29200.176,0,0
30547.368,0,0
31042.503,0,0
30700.232,0,0
30225.291,0,0
29651.016,0,0
29264.809,0,0
29066.17,0,0
28767.528,0,0
28568.885,0,0
28494.67,0,0
28644.589,0,0
28694.11,0,0
28843.235,0,0
28960.958,0,0
29039.972,0,0
28979.238,0,0
28918.435,0,0
28805.722,0,0
28641.236,0,0
28339.821,0,0
27831.967,0,0
27101.42,0,0
25948.504,0,0
24696.439,0,0
23236.392,0,0
22168.407,0,0
21591.669,0,0
21015.347,0,0
20198.567,0,0
20571.9,0,0
21611.543,0,0
22650.021,0,0
23256.541,0,0
23660.969,0,0
23957.565,0,0
23873.065,0,0
23788.465,0,0
23784.557,0,0
23800.0,0,0
23700.0,0,0
23700.0,0,0
23800.0,0,0
23900.0,0,0
24100.0,0,0
24200.0,0,0
24453.332,0,0
24499.144,0,0
24617.216,0,0
24730.893,0,0
24350.0,0,0
23512.318,0,0
22277.041,0,0
20790.476,0,0
18902.556,0,0
16341.7,0,0
15421.151,1,0
16267.179,0,0
16505.395,0,0
16140.33,0,0
16334.685,0,0
17101.798,0,0
17765.926,0,0
18237.341,0,0
17826.892,0,0
16992.702,0,0
15674.154,0,0
14038.202,1,1
10042.526,1,1
4754.771,1,1
1091.597,1,1
0.0,1,1
197.651,1,1
1752.059,1,1
5415.175,1,1
10474.563,1,1
14400.065,1,1
17039.592,0,0
18062.329,0,0
18305.081,0,0
17443.317,0,0
15469.491,0,0
12412.403,1,1
7080.039,1,1
1888.451,1,1
0.0,1,1
0.0,1,1
0.0,1,1
3965.42,1,1
9853.699,1,1
12425.416,1,1
12658.565,1,1
12348.896,1,1
11843.586,1,1
14092.617,1,1
18741.996,0,0
22161.546,0,0
25453.243,0,0
26923.588,0,0
27203.998,0,0
27384.6,0,0
27565.395,0,0
27981.317,0,0
28276.855,0,0
28558.839,0,0
28841.153,0,0
28972.891,0,0
29049.328,0,0
28987.191,0,0
28925.081,0,0
28786.99,0,0
28290.835,0,0
27546.406,0,0
26801.697,0,0
26268.389,0,0
26046.632,0,0
25677.001,0,0
25387.347,0,0
24750.333,0,0
23665.91,0,0
22681.291,0,0
21696.475,0,0
21011.464,0,0
20626.255,0,0
20140.85,0,0
19755.248,0,0
19174.708,0,0
18195.768,0,0
17216.291,0,0
16336.274,0,0
16133.66,0,0
16709.254,0,0
17285.384,0,0
17862.052,0,0
18477.924,0,0
19236.483,0,0
19895.568,0,0
20655.179,0,0
21056.548,0,0
21544.207,0,0
22132.204,0,0
22538.912,0,0
22572.872,0,0
22365.6,0,0
22096.692,0,0
21922.155,0,0
21081.056,0,0
19445.784,0,0
17699.365,0,0
16066.756,0,0
14032.852,0,0
11818.683,0,0
9713.057,0,0
7830.359,0,0
6420.272,1,1
5319.016,1,1
4013.785,1,1
2234.963,1,1
1104.655,1,1
648.343,1,1
418.121,1,1
489.198,1,1
1210.544,1,1
2239.165,1,1
1638.321,1,1
0.0,1,1
0.0,1,1
0.0,1,1
0.0,1,1
0.0,1,1
1606.919,1,1
6024.618,1,1
6964.79,1,1
4513.46,1,1
2106.131,1,1
0.0,1,1
223.941,1,1
4256.433,1,1
7804.801,0,0
10771.308,0,0
11874.616,0,0
11429.397,0,0
11248.361,0,0
11152.032,0,0
12927.802,0,0
16261.228,0,0
19321.633,0,0
21480.994,0,0
22634.472,0,0
23512.325,0,0
24422.89,0,0
25056.068,0,0
26163.542,0,0
27619.174,0,0
28200.0,0,0
28100.0,0,0
28000.0,0,0
27900.0,0,0
27800.0,0,0
27600.0,0,0
27400.0,0,0
27300.0,0,0
27200.0,0,0
27100.0,0,0
27000.0,0,0
26900.0,0,0
26900.0,0,0
26900.0,0,0
26900.0,0,0
26900.0,0,0
26900.0,0,0
26700.0,0,0
26600.0,0,0
26500.0,0,0
26200.0,0,0
25700.0,0,0
25200.0,0,0
24700.0,0,0
24400.0,0,0
24300.0,0,0
24200.0,0,0
24100.0,0,0
23900.0,0,0
23671.914,0,0
23420.939,0,0
23169.903,0,0
22944.315,0,0
22944.22,0,0
22844.126,0,0
22744.032,0,0
22643.937,0,0
22643.842,0,0
22543.747,0,0
22443.653,0,0
22330.741,0,0
22404.989,0,0
22379.205,0,0
22453.39,0,0
22283.667,0,0
22143.102,0,0
21891.469,0,0
21634.06,0,0
21091.564,0,0
19262.586,0,0
16955.564,0,0
15533.242,0,0
14131.684,0,0
12424.859,0,0
10930.967,0,0
9376.051,0,0
7473.11,0,0
5434.372,1,1
3913.446,1,1
3185.202,1,1
2493.357,1,1
1841.692,1,1
762.275,1,1
0.0,1,1
0.0,1,1
0.0,1,1
0.0,1,1
0.0,1,1
0.0,1,1
0.0,1,1
0.0,1,1
0.0,1,1
0.0,1,1
0.0,1,1
0.0,1,1
0.0,1,1
0.0,1,1
0.0,1,1
0.0,1,1
1933.848,1,1
4334.574,1,1
6257.874,0,0
7915.271,0,0
9417.57,0,0
11383.942,0,0
13743.608,0,0
14800.637,0,0
14904.968,0,0
14918.596,0,0
14826.172,0,0
17528.368,0,0
21518.262,0,0
23503.934,0,0
24559.958,0,0
25722.298,0,0
27069.399,0,0
27700.0,0,0
27600.0,0,0
27500.0,0,0
27300.0,0,0
27200.0,0,0
27100.0,0,0
27000.0,0,0
26900.0,0,0
26800.0,0,0
26700.0,0,0
26600.0,0,0
26500.0,0,0
26400.0,0,0
26300.0,0,0
26300.0,0,0
26200.0,0,0
26100.0,0,0
26100.0,0,0
26000.0,0,0
25900.0,0,0
25800.0,0,0
25600.0,0,0
25400.0,0,0
25200.0,0,0
25000.0,0,0
24800.0,0,0
24600.0,0,0
24391.025,0,0
24133.784,0,0
23808.299,0,0
23482.787,0,0
23257.248,0,0
23069.92,0,0
23020.861,0,0
22971.854,0,0
22900.0,0,0
22800.0,0,0
22700.0,0,0
22584.581,0,0
22458.989,0,0
22414.173,0,0
22350.103,0,0
22285.965,0,0
22121.761,0,0
22051.022,0,0
21584.549,0,0
21076.267,0,0
20436.184,0,0
19380.044,0,0
17594.733,0,0
15496.506,0,0
14256.87,0,0
13285.212,0,0
12640.626,0,0
11397.631,0,0
8282.964,0,0
4583.778,1,1
0.0,1,1
0.0,1,1
1348.27,1,1
5263.355,1,1
6301.589,1,1
4097.787,1,1
1933.065,1,1
481.097,1,1
991.592,1,1
238.239,1,1
0.0,1,1
0.0,1,1
0.0,1,1
0.0,1,1
0.0,1,1
2497.93,1,1
4794.139,1,1
5300.528,1,1
4110.693,1,1
2198.392,1,1
0.0,1,1
742.849,1,1
5913.413,1,1
11995.364,0,0
16601.391,0,0
17470.22,0,0
15912.514,0,0
14096.338,0,0
12917.706,0,0
13988.668,0,0
16858.95,0,0
19323.466,0,0
20946.539,0,0
22068.073,0,0
22906.252,0,0
23661.113,0,0
24453.06,0,0
25720.55,0,0
27432.943,0,0
27847.154,0,0
27167.183,0,0
26486.395,0,0
25790.963,0,0
25402.196,0,0
25622.344,0,0
25661.763,0,0
25701.428,0,0
25901.576,0,0
26162.256,0,0
26523.244,0,0
26756.378,0,0
26757.307,0,0
26783.61,0,0
26900.0,0,0
26800.0,0,0
26700.0,0,0
26600.0,0,0
26500.0,0,0
26400.0,0,0
26300.0,0,0
26200.0,0,0
26100.0,0,0
26000.0,0,0
25900.0,0,0
25700.0,0,0
25500.0,0,0
25300.0,0,0
25100.0,0,0
24700.0,0,0
24400.0,0,0
24100.0,0,0
23800.0,0,0
23600.0,0,0
23300.0,0,0
23100.0,0,0
23000.0,0,0
23000.0,0,0
23000.0,0,0
23000.0,0,0
23100.0,0,0
23300.0,0,0
23400.0,0,0
23600.0,0,0
23663.391,0,0
23456.147,0,0
23335.513,0,0
23198.614,0,0
22611.602,0,0
21527.446,0,0
20541.766,0,0
19052.119,0,0
16596.405,0,0
13727.996,0,0
11464.627,0,0
9800.06,0,0
7932.873,1,1
5493.431,1,1
3837.542,1,1
3395.58,1,1
3283.793,1,1
3513.92,1,1
2835.891,1,1
679.68,1,1
0.0,1,1
0.0,1,1
0.0,1,1
0.0,1,1
0.0,1,1
0.0,1,1
912.892,1,1
1551.319,1,1
2187.773,1,1
2999.11,1,1
3483.218,1,1
3660.619,1,1
3123.143,1,1
1976.621,1,1
3435.541,1,1
7295.919,1,1
11796.087,0,0
15071.994,0,0
15639.627,0,0
14196.798,0,0
12525.811,0,0
11779.065,0,0
12602.414,0,0
14696.712,0,0
16489.461,0,0
17905.181,0,0
19803.99,0,0
21947.491,0,0
23808.747,0,0
25316.407,0,0
27342.88,0,0
29776.469,0,0
30800.0,0,0
30800.0,0,0
30700.0,0,0
30600.0,0,0
30500.0,0,0
30300.0,0,0
30100.0,0,0
29900.0,0,0
29700.0,0,0
29600.0,0,0
29400.0,0,0
29300.0,0,0
29100.0,0,0
28800.0,0,0
28600.0,0,0
28300.0,0,0
28200.0,0,0
28100.0,0,0
27953.176,0,0
27714.083,0,0
27425.422,0,0
26987.285,0,0
26649.102,0,0
26172.212,0,0
25760.248,0,0
25317.822,0,0
24775.146,0,0
24332.219,0,0
24343.625,0,0
24810.155,0,0
24736.582,0,0
24676.447,0,0
24478.27,0,0
24200.0,0,0
23900.0,0,0
23500.0,0,0
23400.0,0,0
23400.0,0,0
23400.0,0,0
23500.0,0,0
23600.0,0,0
23800.0,0,0
23997.361,0,0
24094.816,0,0
24196.701,0,0
24070.031,0,0
23929.949,0,0
23776.643,0,0
22990.689,0,0
21403.028,0,0
20261.895,0,0
18739.731,0,0
16273.547,0,0
12541.712,0,0
9686.833,0,0
8437.593,0,0
7470.385,0,0
6374.424,1,1
5102.421,1,1
3429.738,1,1
2111.923,1,1
1239.674,1,1
180.839,1,1
0.0,1,1
0.0,1,1
0.0,1,1
0.0,1,1
0.0,1,1
0.0,1,1
0.0,1,1
1468.835,1,1
3455.58,1,1
5903.084,1,1
8718.36,0,0
9462.378,0,0
7990.911,0,0
6579.801,1,1
5229.106,1,1
4636.17,1,1
4264.225,1,1
3757.65,1,1
3169.129,1,1
3559.221,1,1
4904.78,1,1
7343.9,0,0
10715.939,0,0
12713.607,0,0
14160.836,0,0
15168.7,0,0
16386.092,0,0
19096.754,0,0
22457.523,0,0
24670.171,0,0
26115.151,0,0
27891.467,0,0
30217.557,0,0
30494.635,0,0
29121.874,0,0
27260.343,0,0
24867.704,0,0
22661.668,0,0
19551.801,0,0
16347.097,0,0
12487.236,0,0
14853.538,0,0
21362.476,0,0
24978.683,0,0
27657.569,0,0
28324.379,0,0
28123.371,0,0
27822.362,0,0
27521.352,0,0
27531.07,0,0
27851.948,0,0
28173.403,0,0
28100.213,0,0
27812.662,0,0
27349.147,0,0
26651.317,0,0
25848.45,0,0
25214.998,0,0
24750.993,0,0
24286.611,0,0
23674.0,0,0
23005.405,0,0
22236.222,0,0
21466.45,0,0
20796.088,0,0
20351.561,0,0
20433.532,0,0
20415.795,0,0
20498.35,0,0
20681.2,0,0
20964.342,0,0
21247.78,0,0
21531.511,0,0
21767.961,0,0
21957.053,0,0
22026.263,0,0
22147.398,0,0
22356.115,0,0
22718.704,0,0
22967.299,0,0
22954.967,0,0
22247.724,0,0
20395.961,0,0
18554.9,0,0
16495.289,0,0
15543.217,0,0
15893.58,0,0
15688.494,0,0
15052.597,0,0
13644.013,1,1
11656.573,1,1
10998.02,1,1
11962.818,1,1
13099.893,1,1
13709.081,1,1
13131.074,1,1
11209.682,1,1
8542.334,1,1
5850.112,1,1
4989.287,1,1
6080.568,1,1
7032.824,1,1
7721.164,1,1
7021.333,1,1
5129.82,1,1
3726.89,1,1
2830.03,1,1
4895.795,1,1
10071.695,1,1
14580.782,1,1
17074.321,0,0
16894.299,0,0
14905.239,0,0
14068.327,1,1
14721.086,1,1
15238.492,0,0
15509.042,0,0
15385.522,0,0
14886.795,1,0
15159.766,0,0
16215.96,0,0
17243.487,0,0
18188.601,0,0
19775.313,0,0
21869.029,0,0
23506.098,0,0
25079.431,0,0
26316.073,0,0
27173.971,0,0
28205.485,0,0
28593.462,0,0
27976.119,0,0
27218.796,0,0
26922.934,0,0
27089.623,0,0
27356.871,0,0
27488.063,0,0
27537.415,0,0
27536.239,0,0
27535.061,0,0
27533.882,0,0
27532.786,0,0
27431.773,0,0
27230.759,0,0
27129.744,0,0
27270.709,0,0
27654.089,0,0
28038.051,0,0
28341.57,0,0
28136.718,0,0
27725.62,0,0
27314.628,0,0
26900.0,0,0
26600.0,0,0
26433.63,0,0
26257.088,0,0
26080.493,0,0
25784.689,0,0
25286.25,0,0
24537.52,0,0
23688.314,0,0
22864.911,0,0
21522.334,0,0
20278.766,0,0
18636.717,0,0
18534.043,0,0
19872.618,0,0
20914.565,0,0
21957.505,0,0
22253.181,0,0
21812.194,0,0
21333.572,0,0
20854.533,0,0
20630.839,0,0
20529.443,0,0
20514.229,0,0
20387.533,0,0
19687.007,0,0
18252.03,0,0
16956.457,1,1
15345.109,1,1
12850.03,1,1
10228.758,1,1
7702.127,1,1
5455.109,1,1
3089.666,1,1
552.514,1,1
0.0,1,1
0.0,1,1
0.0,1,1
0.0,1,1
0.0,1,1
3416.747,1,1
10931.722,1,1
17840.848,1,1
20423.162,0,0
21066.974,0,0
21942.401,0,0
23461.454,0,0
23192.589,0,0
20786.228,0,0
17925.281,0,0
15127.884,1,1
14191.371,1,1
15107.123,1,1
14641.055,1,1
13120.168,1,1
13800.689,1,1
16660.411,1,1
19535.822,0,0
22111.375,0,0
23162.43,0,0
23090.551,0,0
23493.621,0,0
24160.446,0,0
24983.111,0,0
25743.342,0,0
26717.679,0,0
27667.797,0,0
28041.119,0,0
27650.43,0,0
26796.74,0,0
25465.551,0,0
25563.225,0,0
26354.735,0,0
26924.668,0,0
26785.148,0,0
25740.349,0,0
24365.249,0,0
23616.741,0,0
23412.596,0,0
23308.446,0,0
23104.29,0,0
22770.814,0,0
22507.782,0,0
22144.433,0,0
21780.765,0,0
21222.693,0,0
20457.567,0,0
19179.656,0,0
17900.522,0,0
17559.255,1,0
18157.408,0,0
18856.409,0,0
19456.258,0,0
19729.231,0,0
19745.071,0,0
19761.539,0,0
19678.636,0,0
18460.875,0,0
14779.395,0,0
10420.069,1,1
4497.109,1,1
3129.909,1,1
6452.074,1,1
9804.992,1,1
12202.652,0,0
15551.164,0,0
18168.303,0,0
20382.079,0,0
22104.381,0,0
22792.144,0,0
22791.088,0,0
22690.032,0,0
22688.975,0,0
22533.5,0,0
22088.231,0,0
21704.892,0,0
21221.044,0,0
21322.717,0,0
21995.899,0,0
22525.211,0,0
22946.668,0,0
23036.38,0,0
22993.055,0,0
22846.615,0,0
20941.247,0,0
17784.363,0,0
15088.364,0,0
15267.577,0,0
18747.593,0,0
22190.168,0,0
25414.414,0,0
25135.125,0,0
21473.749,0,0
17809.654,0,0
14137.037,0,0
11712.101,0,0
10745.46,0,0
9816.984,1,1
8794.746,1,1
7443.683,1,1
5587.062,1,1
3476.289,1,1
1364.86,1,1
465.623,1,1
808.548,1,1
240.446,1,1
0.0,1,1
0.0,1,1
276.63,1,1
763.875,1,1
392.161,1,1
1778.8,1,1
4832.855,1,1
7672.646,1,1
10465.031,0,0
12198.499,0,0
12945.36,0,0
13363.742,0,0
13397.956,0,0
13005.046,0,0
12374.486,0,0
11503.457,0,0
10641.418,0,0
10251.261,1,1
10061.694,1,1
11492.321,0,0
14728.715,0,0
17387.644,0,0
19579.773,0,0
21871.087,0,0
23512.058,0,0
24468.554,0,0
25457.218,0,0
26003.228,0,0
26368.536,0,0
26834.43,0,0
27200.91,0,0
27383.692,0,0
27282.336,0,0
27280.979,0,0
27179.62,0,0
27173.218,0,0
27161.92,0,0
27230.781,0,0
27151.666,0,0
27294.754,0,0
27560.234,0,0
27826.095,0,0
28092.338,0,0
28144.789,0,0
27760.05,0,0
27475.432,0,0
27090.934,0,0
26800.0,0,0
26671.64,0,0
26420.167,0,0
26268.632,0,0
26029.913,0,0
25804.035,0,0
25578.125,0,0
25252.183,0,0
24929.376,0,0
23839.388,0,0
22489.75,0,0
20652.77,0,0
19876.394,0,0
20162.393,0,0
20448.743,0,0
20735.445,0,0
21553.242,0,0
22644.278,0,0
23510.734,0,0
24146.361,0,0
24112.6,0,0
23828.453,0,0
23430.297,0,0
23086.431,0,0
22086.778,0,0
20007.057,0,0
17697.868,0,0
16107.668,0,0
14568.872,1,1
12820.987,1,1
10834.215,1,1
8561.323,1,1
5971.654,1,1
3104.366,1,1
1857.551,1,1
3261.54,1,1
5003.912,1,1
7079.206,1,1
8296.15,1,1
8321.731,1,1
8091.488,1,1
7553.58,1,1
8930.495,1,1
12262.55,1,1
16197.141,0,0
20010.995,0,0
22549.686,0,0
24862.603,0,0
28270.512,0,0
30265.796,0,0
29888.272,0,0
25448.336,0,0
17336.167,0,0
10246.204,1,1
8933.6,1,1
13573.893,1,1
16456.13,0,0
17206.798,0,0
16911.059,0,0
13453.85,1,1
9041.546,1,1
6081.011,1,1
7790.829,1,1
13332.55,1,1
18225.617,0,0
20894.03,0,0
22250.602,0,0
23177.338,0,0
24221.375,0,0
25381.016,0,0
26478.951,0,0
27464.166,0,0
28617.792,0,0
29550.059,0,0
30156.139,0,0
30350.911,0,0
30253.476,0,0
30181.823,0,0
30100.0,0,0
29900.0,0,0
29800.0,0,0
29800.0,0,0
29800.0,0,0
29700.0,0,0
29600.0,0,0
29500.0,0,0
29400.0,0,0
29200.0,0,0
29100.0,0,0
29000.0,0,0
28900.0,0,0
28800.0,0,0
28400.0,0,0
27900.0,0,0
27300.0,0,0
26700.0,0,0
26400.0,0,0
26300.0,0,0
26200.0,0,0
26100.0,0,0
26000.0,0,0
25800.0,0,0
25600.0,0,0
25500.0,0,0
25300.0,0,0
25100.0,0,0
25000.0,0,0
24800.0,0,0
24700.0,0,0
24600.0,0,0
24600.0,0,0
24507.376,0,0
24398.138,0,0
24208.195,0,0
24118.269,0,0
23598.445,0,0
23283.364,0,0
23052.895,0,0
22810.446,0,0
22561.751,0,0
22460.491,0,0
22509.927,0,0
21863.998,0,0
20506.269,0,0
18962.177,0,0
17003.09,0,0
16708.548,0,0
18037.125,0,0
19449.93,0,0
20706.564,0,0
20925.611,0,0
20027.568,0,0
19308.615,0,0
18866.443,0,0
17761.713,0,0
15910.244,0,0
13884.137,0,0
11523.54,0,0
9710.424,0,0
8368.657,1,1
6801.859,1,1
5012.142,1,1
4722.897,1,1
6132.674,1,1
6905.562,1,1
7030.671,1,1
4090.228,1,1
0.0,1,1
0.0,1,1
0.0,1,1
0.0,1,1
0.0,1,1
653.584,1,1
6150.304,1,1
7722.837,1,1
6814.491,1,1
6092.159,1,1
5515.722,1,1
6604.309,1,1
6512.964,1,1
4802.007,1,1
4341.575,1,1
6911.873,1,1
10680.805,0,0
14354.088,0,0
17876.767,0,0
20464.083,0,0
22874.053,0,0
24885.282,0,0
26334.299,0,0
27295.94,0,0
27989.267,0,0
27887.757,0,0
26936.12,0,0
26083.455,0,0
25129.759,0,0
24791.802,0,0
24970.644,0,0
25149.868,0,0
25329.475,0,0
25368.142,0,0
25365.578,0,0
25263.01,0,0
25260.438,0,0
25016.149,0,0
24629.85,0,0
24143.156,0,0
23756.067,0,0
23789.633,0,0
24144.935,0,0
24501.281,0,0
24958.674,0,0
25158.585,0,0
25345.131,0,0
25632.437,0,0
25838.865,0,0
25721.87,0,0
25485.77,0,0
25349.77,0,0
25213.871,0,0
24933.083,0,0
24707.303,0,0
24381.483,0,0
24055.622,0,0
23929.72,0,0
23903.778,0,0
23877.795,0,0
23851.77,0,0
23983.902,0,0
24274.339,0,0
24464.935,0,0
24700.0,0,0
25000.0,0,0
25300.0,0,0
25658.752,0,0
25941.309,0,0
25446.334,0,0
24105.447,0,0
23030.72,0,0
22423.142,0,0
21465.028,0,0
20297.508,0,0
19346.051,1,1
18530.43,1,1
17758.858,1,1
16972.631,1,1
17062.458,1,1
17767.036,1,1
18842.655,1,1
20353.857,0,0
19986.442,0,0
17424.203,1,1
14674.039,1,1
12020.553,1,1
11438.012,1,1
13076.41,1,1
14310.258,1,1
15228.951,1,1
15089.251,1,1
14087.427,1,1
12628.707,1,1
10634.117,1,1
11148.542,1,1
13947.38,1,1
15754.548,1,1
16667.291,1,1
18172.387,1,1
20465.251,0,0
23111.608,0,0
26167.629,0,0
26492.856,0,0
24119.511,0,0
22055.06,0,0
20319.977,0,0
20510.83,0,0
22817.043,0,0
24991.795,0,0
27027.41,0,0
28038.284,0,0
28163.471,0,0
28325.463,0,0
28078.429,0,0
27848.312,0,0
27241.342,0,0
27928.552,0,0
29431.769,0,0
30335.278,0,0
30530.121,0,0
30487.969,0,0
30172.095,0,0
29956.161,0,0
29358.067,0,0
28858.405,0,0
28512.216,0,0
28165.898,0,0
27819.45,0,0
27595.916,0,0
27295.39,0,0
27094.864,0,0
26894.338,0,0
26433.286,0,0
25664.418,0,0
24795.148,0,0
23925.473,0,0
22866.694,0,0
21313.975,0,0
19860.704,0,0
18306.878,1,0
18004.995,0,0
18855.747,0,0
19606.867,0,0
20458.356,0,0
21019.966,0,0
21296.556,0,0
21573.449,0,0
21850.647,0,0
21260.873,0,0
19903.594,0,0
18386.179,0,0
16503.459,0,0
14753.874,0,0
11745.292,0,0
8641.082,0,0
4758.371,0,0
1121.69,0,0
0.0,1,1
0.0,1,1
0.0,1,1
0.0,1,1
0.0,1,1
0.0,1,1
0.0,1,1
0.0,1,1
0.0,1,1
0.0,1,1
0.0,1,1
0.0,1,1
0.0,1,1
0.0,1,1
0.0,1,1
0.0,1,1
0.0,1,1
0.0,1,1
0.0,1,1
0.0,1,1
0.0,1,1
0.0,1,1
0.0,1,1
0.0,1,1
0.0,0,0
0.0,0,0
0.0,0,0
0.0,0,0
0.0,0,0
0.0,0,0
0.0,0,0
0.0,0,0
0.0,0,0
0.0,0,0
0.0,0,0
0.0,0,0
0.0,0,0
0.0,0,0
0.0,0,0
0.0,0,0
0.0,0,0
506.122,0,0
1787.852,0,0
3374.555,0,0
5346.09,0,0
8526.291,0,0
12954.279,0,0
16725.273,0,0
19794.697,0,0
21489.046,0,0
22679.47,0,0
23355.846,0,0
23406.978,0,0
23007.484,0,0
21438.414,0,0
21019.731,0,0
21716.217,0,0
22068.001,0,0
22126.399,0,0
21436.633,0,0
20064.82,0,0
18690.996,0,0
17415.154,0,0
18487.175,0,0
21760.34,0,0
23720.968,0,0
25394.688,0,0
26090.567,0,0
26171.832,0,0
26153.584,0,0
26135.823,0,0
26176.103,0,0
26074.057,0,0
25972.007,0,0
25969.955,0,0
25524.778,0,0
24736.104,0,0
23946.928,0,0
23057.249,0,0
22371.569,0,0
21789.703,0,0
21107.079,0,0
20382.418,0,0
19849.783,0,0
19644.576,0,0
19339.36,0,0
19134.134,0,0
19258.019,0,0
19577.043,0,0
19855.014,0,0
20033.826,0,0
20413.481,0,0
20893.982,0,0
21375.33,0,0
21819.729,0,0
21613.058,0,0
20739.862,0,0
19764.77,0,0
18733.697,0,0
17707.245,0,0
16946.484,0,0
16268.836,0,0
15428.912,0,0
14419.358,0,0
13866.664,0,0
13143.826,0,0
11628.532,0,0
9811.551,0,0
8027.95,0,0
6658.545,0,0
6222.536,0,0
5386.959,0,0
4172.038,0,0
2862.538,0,0
1580.553,0,0
233.209,0,0
0.0,1,1
0.0,1,1
0.0,1,1
0.0,1,1
0.0,1,1
0.0,1,1
0.0,1,1
0.0,1,1
0.0,1,1
0.0,1,1
0.0,1,1
0.0,1,1
0.0,1,1
0.0,1,1
0.0,1,1
0.0,1,1
0.0,1,1
0.0,1,1
0.0,1,1
0.0,1,1
0.0,1,1
0.0,1,1
0.0,1,1
0.0,1,1
2041.16,0,0
5069.697,0,0
7986.315,0,0
10701.992,0,0
12970.372,0,0
15433.786,0,0
17880.675,0,0
18186.079,0,0
15883.548,0,0
12242.113,0,0
5958.072,0,0
2454.607,0,0
2707.927,0,0
2982.893,0,0
2938.339,0,0
3206.116,0,0
3777.785,0,0
4338.416,0,0
4775.77,0,0
4335.234,0,0
2722.719,0,0
1028.451,0,0
0.0,0,0
0.0,0,0
0.0,0,0
0.0,0,0
0.0,0,0
0.0,0,0
0.0,0,0
0.0,0,0
0.0,0,0
0.0,0,0
0.0,0,0
0.0,0,0
0.0,0,0
0.0,1,1
0.0,1,1
0.0,1,1
0.0,1,1
0.0,1,1
0.0,1,1
0.0,1,1
0.0,1,1
0.0,1,1
0.0,1,1
0.0,1,1
0.0,1,1
0.0,1,1
0.0,1,1
0.0,1,1
0.0,1,1
0.0,1,1
0.0,1,1
0.0,1,1
0.0,1,1
0.0,1,1
0.0,1,1
0.0,1,1
0.0,1,1
0.0,0,0
0.0,0,0
0.0,0,0
0.0,0,0
0.0,0,0
0.0,0,0
0.0,0,0
0.0,0,0
0.0,0,0
0.0,0,0
0.0,0,0
0.0,0,0
0.0,0,0
0.0,0,0
0.0,0,0
0.0,0,0
0.0,0,0
0.0,0,0
0.0,0,0
0.0,0,0
0.0,0,0
0.0,0,0
0.0,0,0
0.0,0,0
0.0,0,0
0.0,0,0
0.0,0,0
0.0,0,0
0.0,0,0
0.0,0,0
0.0,0,0
0.0,0,0
0.0,0,0
0.0,0,0
0.0,0,0
0.0,0,0
0.0,0,0
0.0,0,0
526.703,0,0
993.3,0,0
2258.257,0,0
4333.084,0,0
7245.827,0,0
10479.29,0,0
13142.251,0,0
15827.976,0,0
18198.893,0,0
20077.574,0,0
19673.668,0,0
17044.155,0,0
13740.662,0,0
9272.507,0,0
8348.522,0,0
10938.837,0,0
13632.601,0,0
15791.867,0,0
16956.613,0,0
17311.995,0,0
17767.922,0,0
18124.395,0,0
19062.119,0,0
20581.932,0,0
21496.401,0,0
22291.93,0,0
22087.858,0,0
21082.681,0,0
19855.943,0,0
18119.384,0,0
17813.252,0,0
18940.28,0,0
19559.712,0,0
19959.229,0,0
19526.581,0,0
18260.321,0,0
16349.127,0,0
14139.519,0,0
11828.728,0,0
9125.737,0,0
5877.867,0,0
2727.962,0,0
2028.28,0,0
3681.612,0,0
5336.633,0,0
7093.345,0,0
7869.424,0,0
7863.598,0,0
7857.768,0,0
7851.935,0,0
7453.159,0,0
6460.8,0,0
5567.58,0,0
4573.499,0,0
2494.535,0,0
0.0,1,1
0.0,1,1
0.0,1,1
0.0,1,1
0.0,1,1
0.0,1,1
0.0,1,1
0.0,1,1
0.0,1,1
0.0,1,1
0.0,1,1
0.0,1,1
0.0,1,1
0.0,1,1
886.472,0,0
1732.129,0,0
0.0,1,1
0.0,1,1
0.0,1,1
0.0,1,1
0.0,1,1
0.0,1,1
0.0,1,1
0.0,1,1
0.0,1,1
0.0,1,1
0.0,0,0
0.0,0,0
0.0,0,0
0.0,0,0
0.0,0,0
0.0,0,0
0.0,0,0
0.0,0,0
0.0,0,0
0.0,0,0
0.0,0,0
0.0,0,0
0.0,0,0
0.0,0,0
0.0,0,0
0.0,0,0
0.0,0,0
0.0,0,0
0.0,0,0
0.0,0,0
0.0,0,0
0.0,0,0
0.0,0,0
0.0,0,0
0.0,0,0
0.0,0,0
0.0,0,0
0.0,0,0
0.0,0,0
0.0,0,0
6524.534,0,0
12132.79,0,0
17086.459,0,0
18139.35,0,0
16179.084,0,0
13967.261,0,0
11268.492,0,0
12942.791,0,0
17728.383,0,0
21738.377,0,0
23977.022,0,0
24581.717,0,0
23450.231,0,0
22217.86,0,0
20984.603,0,0
19169.126,0,0
16799.352,0,0
14427.65,0,0
11954.017,0,0
7526.757,0,0
1545.018,0,0
0.0,1,1
0.0,1,1
0.0,1,1
0.0,1,1
0.0,1,1
0.0,1,1
373.003,0,1
0.0,1,1
0.0,1,1
0.0,1,1
0.0,1,1
0.0,1,1
530.712,0,0
2717.323,0,0
4842.232,0,0
6905.143,0,0
8844.385,0,0
10351.107,0,0
11719.981,0,0
13010.227,0,0
14383.141,0,0
15237.206,0,0
14392.942,0,0
11984.205,0,0
9984.066,0,0
8955.773,0,0
8021.559,0,0
5469.152,0,0
3252.621,0,0
137.637,0,0
0.0,1,1
0.0,1,1
0.0,1,1
33.591,0,0
2920.231,0,0
4865.976,0,0
5447.999,0,0
4440.786,0,0
1900.8,0,0
0.0,1,1
0.0,1,1
0.0,1,1
0.0,1,1
0.0,1,1
0.0,1,1
0.0,1,1
0.0,1,1
0.0,1,1
0.0,1,1
0.0,0,0
0.0,0,0
0.0,0,0
0.0,0,0
159.201,0,0
4591.504,0,0
8540.856,0,0
11434.991,0,0
13382.405,0,0
15713.162,0,0
17838.848,0,0
19471.417,0,0
21010.909,0,0
23080.01,0,0
25595.357,0,0
27251.324,0,0
28165.351,0,0
28513.232,0,0
28732.97,0,0
28882.66,0,0
28963.057,0,0
28965.089,0,0
28655.257,0,0
28496.032,0,0
28115.646,0,0
27678.524,0,0
27476.293,0,0
27274.059,0,0
27071.822,0,0
26540.127,0,0
25778.465,0,0
24877.226,0,0
23971.85,0,0
24706.788,0,0
26648.496,0,0
28246.809,0,0
29358.623,0,0
29598.469,0,0
29511.014,0,0
29423.574,0,0
29336.15,0,0
28884.989,0,0
28086.727,0,0
26938.223,0,0
25789.055,0,0
25609.904,0,0
26302.092,0,0
26596.573,0,0
26662.872,0,0
26533.275,0,0
26307.585,0,0
25981.864,0,0
25656.112,0,0
25494.564,0,0
25497.351,0,0
25300.0,0,0
25100.0,0,0
25000.0,0,0
25000.0,0,0
24900.0,0,0
24900.0,0,0
24900.0,0,0
24800.0,0,0
24800.0,0,0
24700.0,0,0
24513.359,0,0
24200.781,0,0
23772.883,0,0
23379.38,0,0
22647.673,0,0
21477.333,0,0
19668.265,0,0
17488.332,0,0
15479.748,0,0
13239.546,0,0
11012.188,0,0
9380.116,0,0
8298.918,0,0
7477.506,0,0
6405.881,0,0
4953.761,0,0
4030.336,0,0
4304.22,0,0
3054.199,1,1
79.012,1,1
0.0,1,1
0.0,1,1
0.0,1,1
0.0,1,1
0.0,1,1
0.0,1,1
0.0,1,1
0.0,1,1
0.0,1,1
0.0,1,1
0.0,1,1
0.0,1,1
0.0,1,1
0.0,1,1
0.0,1,1
0.0,1,1
0.0,1,1
0.0,1,1
0.0,1,1
0.0,1,1
0.0,1,1
3196.667,1,1
6540.072,0,0
10364.802,0,0
13548.221,0,0
16101.685,0,0
18269.171,0,0
20413.315,0,0
22239.821,0,0
23785.488,0,0
24775.333,0,0
25428.56,0,0
26601.481,0,0
27805.202,0,0
28334.188,0,0
28786.436,0,0
28856.095,0,0
28996.496,0,0
29037.144,0,0
29078.041,0,0
29098.367,0,0
28997.937,0,0
28797.507,0,0
28697.076,0,0
28051.792,0,0
26709.887,0,0
25007.975,0,0
22735.568,0,0
21597.944,0,0
21752.574,0,0
21907.468,0,0
22062.626,0,0
22018.048,0,0
21873.735,0,0
21729.687,0,0
21685.904,0,0
21413.604,0,0
21112.585,0,0
20911.566,0,0
20610.547,0,0
21088.306,0,0
22045.082,0,0
22884.69,0,0
23534.524,0,0
23761.17,0,0
23582.888,0,0
23504.67,0,0
23426.515,0,0
23723.345,0,0
24096.349,0,0
24337.206,0,0
24478.136,0,0
24578.13,0,0
24437.078,0,0
24395.953,0,0
24122.11,0,0
23695.061,0,0
23368.041,0,0
22922.495,0,0
22455.5,0,0
21416.509,0,0
19742.201,0,0
18260.223,0,0
16948.127,0,0
14921.012,0,0
11959.689,0,0
9056.846,1,1
6537.691,1,1
4768.628,1,1
3648.202,1,1
3447.913,1,1
4140.329,1,1
4316.682,1,1
3898.267,1,1
3823.66,1,1
4265.164,1,1
4643.195,1,1
4856.569,1,1
6030.413,1,1
8137.443,1,1
11322.151,0,0
13991.995,0,0
14404.648,0,0
11158.692,1,1
6358.187,1,1
2619.779,1,1
1579.689,1,1
3183.47,1,1
3306.449,1,1
1903.435,1,1
3126.504,1,1
6807.963,1,1
10015.955,1,1
12605.773,0,0
14365.173,0,0
15304.36,0,0
16271.312,0,0
17601.816,0,0
17604.343,0,0
16475.241,0,0
16374.198,0,0
17101.298,0,0
18773.787,0,0
21201.608,0,0
23421.965,0,0
25371.275,0,0
26228.506,0,0
26055.315,0,0
26828.019,0,0
28723.611,0,0
30248.437,0,0
31126.267,0,0
31158.633,0,0
30983.874,0,0
30809.11,0,0
30634.342,0,0
30534.344,0,0
30409.121,0,0
30283.899,0,0
30258.676,0,0
30046.071,0,0
29846.084,0,0
29646.097,0,0
29446.11,0,0
29233.517,0,0
29108.32,0,0
28883.127,0,0
28657.939,0,0
28370.552,0,0
27820.964,0,0
27371.375,0,0
26921.786,0,0
26578.501,0,0
26400.0,0,0
26300.0,0,0
26100.0,0,0
25900.0,0,0
25600.0,0,0
25400.0,0,0
25200.0,0,0
24900.0,0,0
24600.0,0,0
24300.0,0,0
24000.0,0,0
23900.0,0,0
24000.0,0,0
24100.0,0,0
24100.0,0,0
24200.0,0,0
24300.0,0,0
24400.0,0,0
24600.0,0,0
24793.295,0,0
25062.479,0,0
25324.358,0,0
25582.27,0,0
25478.532,0,0
25112.706,0,0
24157.53,0,0
22395.338,0,0
20628.514,0,0
18810.174,0,0
17201.035,1,1
16005.547,1,1
13735.589,1,1
10197.95,1,1
9922.086,1,1
13082.646,1,1
16557.441,1,1
18834.772,0,0
18820.706,0,0
17066.243,1,1
15448.55,1,1
13968.084,1,1
13773.972,1,1
14968.232,1,1
15880.037,1,1
16314.392,1,1
16809.608,1,1
17461.795,1,1
17955.849,1,1
18588.156,0,0
18510.886,0,0
17761.915,1,1
16635.515,1,1
15140.173,1,1
15141.151,1,1
16423.391,1,1
17482.415,1,1
18311.46,1,1
19035.855,0,0
19663.511,0,0
20460.465,0,0
21423.309,0,0
22158.304,0,0
22665.368,0,0
23375.516,0,0
24394.96,0,0
25133.095,0,0
25590.092,0,0
25930.632,0,0
26424.269,0,0
27449.258,0,0
28985.627,0,0
30642.524,0,0
31366.5,0,0
31079.781,0,0
30892.975,0,0
30681.297,0,0
30126.267,0,0
29274.759,0,0
28522.704,0,0
28381.163,0,0
29050.937,0,0
29821.229,0,0
29967.468,0,0
29860.652,0,0
29685.484,0,0
29510.332,0,0
29335.197,0,0
29160.077,0,0
28984.976,0,0
28800.0,0,0
28600.0,0,0
28200.0,0,0
27700.0,0,0
27100.0,0,0
26600.0,0,0
26300.0,0,0
26200.0,0,0
26100.0,0,0
26066.158,0,0
25803.59,0,0
25515.951,0,0
25228.252,0,0
24940.494,0,0
24727.829,0,0
24590.339,0,0
24352.904,0,0
24215.521,0,0
23990.352,0,0
23877.299,0,0
23436.444,0,0
22796.834,0,0
22526.578,0,0
22625.95,0,0
22625.322,0,0
22724.693,0,0
22391.511,0,0
21398.624,0,0
20313.396,0,0
19208.003,0,0
17930.632,1,1
16787.226,1,1
16621.867,1,1
17598.576,1,1
18135.266,1,1
18231.139,1,1
19275.804,0,0
21001.646,0,0
23429.934,0,0
25110.313,0,0
25509.96,0,0
22289.838,0,0
15212.019,1,1
7848.488,1,1
6422.855,1,1
11140.52,1,1
15127.211,1,1
17481.925,1,1
19519.895,0,0
21077.702,0,0
22445.286,0,0
23549.443,0,0
24942.481,0,0
26421.992,0,0
28942.058,0,0
30786.174,0,0
30960.685,0,0
28631.151,0,0
24141.459,0,0
20237.219,0,0
17893.549,1,1
16981.858,1,1
16366.53,1,1
15544.661,1,1
14915.132,1,1
14503.233,1,1
13790.678,1,1
13464.441,1,1
13336.066,1,1
13449.069,1,1
14120.157,1,1
15155.564,1,1
18569.293,0,0
22984.001,0,0
25506.675,0,0
27103.95,0,0
28151.862,0,0
28860.723,0,0
29974.971,0,0
30630.232,0,0
30617.153,0,0
30604.147,0,0
30460.106,0,0
30184.988,0,0
30000.0,0,0
29700.0,0,0
29500.0,0,0
29472.5,0,0
29322.603,0,0
29272.664,0,0
29128.93,0,0
28991.416,0,0
28953.876,0,0
28816.311,0,0
28684.969,0,0
28559.857,0,0
28434.728,0,0
28147.826,0,0
27649.101,0,0
26670.896,0,0
25792.285,0,0
24799.498,0,0
23946.098,0,0
23185.812,0,0
22525.24,0,0
21864.383,0,0
21178.717,0,0
20366.498,0,0
19653.931,0,0
18841.014,0,0
17836.421,0,0
16740.069,0,0
15424.401,0,0
13603.595,0,0
14309.803,0,0
16678.439,0,0
18367.467,0,0
19934.856,0,0
20167.756,0,0
19322.828,0,0
18168.443,0,0
17013.465,0,0
16292.195,0,0
16086.352,0,0
15872.626,0,0
15654.63,0,0
14657.289,0,0
13005.009,0,0
11290.142,0,0
9310.639,0,0
8522.137,1,0
9025.898,0,0
9525.843,0,0
10022.75,0,0
8922.109,1,1
6410.136,1,1
4392.742,1,1
2971.628,1,1
2835.673,1,1
3966.535,1,1
5544.605,1,1
7778.06,1,1
8344.22,1,1
7147.354,1,1
3878.447,1,1
0.0,1,1
0.0,1,1
0.0,1,1
0.0,1,1
0.0,1,1
0.0,1,1
0.0,1,1
0.0,1,1
0.0,1,1
0.0,1,1
0.0,1,1
0.0,1,1
9001.533,0,0
13580.107,0,0
15118.07,0,0
14128.851,0,0
11216.41,0,0
12344.247,0,0
16821.145,0,0
20196.315,0,0
22314.402,0,0
22643.808,0,0
21713.045,0,0
21644.365,0,0
22236.022,0,0
23073.701,0,0
24058.548,0,0
24891.193,0,0
25380.946,0,0
25219.115,0,0
24309.616,0,0
23062.034,0,0
20978.244,0,0
20875.539,0,0
22555.433,0,0
23400.074,0,0
24345.298,0,0
25227.583,0,0
25859.011,0,0
26504.62,0,0
27150.482,0,0
27870.251,0,0
28368.644,0,0
28967.241,0,0
29533.33,0,0
29458.367,0,0
29026.189,0,0
28566.407,0,0
28006.441,0,0
27526.264,0,0
27026.013,0,0
26525.762,0,0
26025.51,0,0
25605.175,0,0
25164.662,0,0
24824.027,0,0
24302.298,0,0
23914.496,0,0
23614.054,0,0
23413.613,0,0
23113.171,0,0
22350.338,0,0
21124.679,0,0
19643.1,0,0
18003.275,0,0
16683.243,0,0
15359.934,0,0
13633.377,0,0
11905.986,0,0
10393.827,0,0
8996.988,0,0
7173.202,0,0
5322.769,0,0
3689.891,0,0
2334.566,0,0
863.373,0,0
0.0,1,1
0.0,1,1
2246.323,0,0
3800.89,0,0
4763.066,0,0
4798.306,0,0
3905.673,0,0
3140.169,0,0
2303.506,0,0
198.907,0,0
0.0,1,1
0.0,1,1
0.0,1,1
0.0,1,1
0.0,1,1
0.0,1,1
0.0,1,1
0.0,1,1
0.0,1,1
0.0,1,1
0.0,1,1
0.0,1,1
0.0,1,1
0.0,1,1
0.0,1,1
0.0,1,1
1854.667,0,0
3086.202,0,0
2359.849,0,0
907.704,0,0
0.0,1,1
0.0,1,1
0.0,1,1
924.005,0,0
4671.397,0,0
8239.413,0,0
10191.825,0,0
8448.183,0,0
5328.538,0,0
6669.632,0,0
11279.102,0,0
14327.93,0,0
16731.911,0,0
18572.924,0,0
19956.919,0,0
18837.811,0,0
14901.807,0,0
8761.266,0,0
1175.337,0,0
0.0,1,0
3551.477,0,0
7281.34,0,0
10361.062,0,0
10629.421,0,0
8082.182,0,0
5477.959,0,0
2459.56,0,0
411.438,0,0
0.0,1,1
0.0,1,1
0.0,0,0
0.0,0,0
0.0,0,0
0.0,0,0
0.0,0,0
646.273,0,0
2186.173,0,0
3627.643,0,0
5091.711,0,0
8322.376,0,0
13487.174,0,0
17036.815,0,0
19931.407,0,0
20230.541,0,0
19231.373,0,0
17912.137,0,0
16186.39,0,0
12506.083,0,0
5388.289,0,0
0.0,1,1
0.0,1,1
0.0,1,1
0.0,1,1
0.0,1,1
0.0,1,1
0.0,1,1
0.0,1,1
0.0,1,1
0.0,1,1
0.0,1,1
0.0,1,1
0.0,1,1
0.0,1,1
0.0,1,1
0.0,1,1
0.0,1,1
0.0,1,1
0.0,1,1
0.0,1,1
0.0,1,1
0.0,1,1
0.0,1,1
0.0,1,1
0.0,0,0
0.0,0,0
0.0,0,0
0.0,0,0
0.0,0,0
0.0,0,0
0.0,0,0
0.0,0,0
0.0,0,0
0.0,0,0
0.0,0,0
0.0,0,0
0.0,0,0
0.0,0,0
0.0,0,0
0.0,0,0
0.0,0,0
2101.608,0,0
7053.935,0,0
11373.385,0,0
16502.99,0,0
22158.824,0,0
26378.368,0,0
29041.678,0,0
28178.043,0,0
23754.679,0,0
20645.471,0,0
18801.77,0,0
19221.939,0,0
21891.104,0,0
24092.598,0,0
25718.995,0,0
26331.0,0,0
25865.275,0,0
25650.725,0,0
25790.798,0,0
25898.743,0,0
26074.26,0,0
25809.577,0,0
25004.612,0,0
24362.449,0,0
23780.327,0,0
23812.623,0,0
24283.2,0,0
24672.139,0,0
24833.782,0,0
25333.637,0,0
26181.765,0,0
27030.677,0,0
27671.808,0,0
27891.697,0,0
27890.431,0,0
27889.165,0,0
27887.897,0,0
28496.134,0,0
29410.526,0,0
29992.156,0,0
30574.187,0,0
30513.497,0,0
30351.266,0,0
30189.06,0,0
30026.881,0,0
29658.409,0,0
29183.64,0,0
28608.888,0,0
28034.153,0,0
27615.148,0,0
27451.819,0,0
27188.436,0,0
27024.998,0,0
26843.881,0,0
26745.204,0,0
26646.632,0,0
26500.0,0,0
26300.0,0,0
26100.0,0,0
25900.0,0,0
25800.0,0,0
25600.0,0,0
25500.0,0,0
25400.0,0,0
25300.0,0,0
25200.0,0,0
25200.0,0,0
25200.0,0,0
25200.0,0,0
24981.893,0,0
24400.916,0,0
23902.506,0,0
23247.835,0,0
22517.179,0,0
21503.272,0,0
19758.133,0,0
17893.796,0,0
16655.526,0,0
16127.881,0,0
15243.253,0,0
13524.086,0,0
12034.578,0,0
10860.305,0,0
9609.951,1,1
8215.87,1,1
6498.447,1,1
4802.537,1,1
3659.235,1,1
3159.975,1,1
2313.82,1,1
991.118,1,1
599.411,1,1
1258.798,1,1
1613.026,1,1
1613.432,1,1
2602.486,1,1
4795.008,1,1
6732.026,1,1
8684.892,1,1
9418.838,1,1
9088.306,1,1
8672.549,1,1
8100.1,1,1
8187.562,1,1
8325.15,1,1
8437.601,1,1
8515.228,1,1
9800.373,0,0
12134.718,0,0
13792.736,0,0
14582.358,0,0
15135.112,0,0
15182.611,0,0
16687.516,0,0
19032.95,0,0
20998.223,0,0
22656.089,0,0
23875.991,0,0
24817.429,0,0
25856.976,0,0
26719.569,0,0
27889.831,0,0
28642.749,0,0
28704.173,0,0
28723.059,0,0
29123.982,0,0
29927.713,0,0
30502.187,0,0
31077.58,0,0
31128.218,0,0
31090.699,0,0
31053.254,0,0
31015.884,0,0
30978.588,0,0
31000.0,0,0
30900.0,0,0
30900.0,0,0
30800.0,0,0
30600.0,0,0
30400.0,0,0
30178.498,0,0
29734.347,0,0
29109.071,0,0
28483.764,0,0
27858.428,0,0
27514.115,0,0
27250.807,0,0
27087.446,0,0
26924.03,0,0
26642.356,0,0
26329.994,0,0
26055.154,0,0
25780.34,0,0
25442.109,0,0
24738.346,0,0
24053.177,0,0
23367.507,0,0
23257.672,0,0
24024.478,0,0
24634.713,0,0
24774.592,0,0
24895.483,0,0
25097.375,0,0
25200.0,0,0
25300.0,0,0
25254.788,0,0
25015.779,0,0
24657.973,0,0
24375.488,0,0
23659.209,0,0
21718.35,0,0
19272.367,0,0
17968.533,0,0
16732.169,0,0
15471.483,0,0
14036.258,0,0
11517.433,0,0
8691.8,0,0
5687.16,0,0
3529.99,1,1
3291.577,1,1
3071.638,1,1
2728.575,1,1
2594.419,1,1
2819.201,1,1
3429.949,1,1
4451.61,0,0
4423.215,0,0
3136.184,1,1
2172.163,1,1
1615.024,1,1
1008.198,1,1
355.785,1,1
0.0,1,1
0.0,1,1
0.0,1,1
0.0,1,1
0.0,1,1
0.0,1,1
0.0,1,1
0.0,1,1
0.0,1,1
0.0,1,1
865.372,1,1
4344.197,1,1
6154.258,0,0
6413.908,0,0
7086.584,0,0
7555.348,0,0
8630.664,0,0
9820.701,0,0
10037.826,0,0
9564.781,0,0
10758.599,0,0
13886.426,0,0
17023.999,0,0
20012.78,0,0
22145.634,0,0
23668.492,0,0
25208.105,0,0
26274.215,0,0
26550.369,0,0
26348.426,0,0
26146.481,0,0
25944.534,0,0
26350.332,0,0
26977.428,0,0
27619.324,0,0
28261.723,0,0
28718.65,0,0
28836.958,0,0
28875.009,0,0
28913.222,0,0
29011.324,0,0
29169.378,0,0
29327.674,0,0
29359.048,0,0
28887.095,0,0
27429.645,0,0
25923.946,0,0
23929.708,0,0
23162.068,0,0
23521.86,0,0
23881.746,0,0
24241.728,0,0
24501.805,0,0
24608.346,0,0
24567.667,0,0
24627.049,0,0
24566.606,0,0
24486.32,0,0
24406.075,0,0
24425.871,0,0
24285.763,0,0
24185.719,0,0
24185.675,0,0
24085.631,0,0
23945.647,0,0
23665.66,0,0
23385.592,0,0
23191.622,0,0
22887.531,0,0
22913.083,0,0
22932.416,0,0
22848.385,0,0
21787.933,0,0
19501.833,0,0
18084.779,0,0
17563.186,0,0
17047.609,0,0
16629.286,0,0
15688.813,1,1
14424.276,1,1
13075.961,1,1
11794.509,1,1
11853.863,1,1
13564.144,1,1
14293.492,1,1
14028.519,1,1
14438.528,1,1
15513.049,1,1
17055.374,0,0
19063.74,0,0
19274.31,0,0
17679.778,0,0
16681.52,0,0
16187.077,0,0
16689.991,0,0
17987.704,0,0
18121.713,0,0
16994.992,0,0
15480.842,1,1
13109.47,1,1
11060.838,1,1
9342.006,1,1
8848.865,1,1
9767.291,1,1
9804.527,1,1
9191.401,1,1
8796.827,1,1
8422.564,1,1
9410.906,1,1
11490.764,1,1
13483.052,1,1
15357.876,1,1
17269.523,0,0
19087.288,0,0
20736.502,0,0
22020.832,0,0
24436.179,0,0
27455.193,0,0
29903.591,0,0
31647.472,0,0
32329.964,0,0
32581.209,0,0
32781.602,0,0
33016.557,0,0
32822.753,0,0
32672.932,0,0
32423.086,0,0
32173.215,0,0
32029.549,0,0
31892.092,0,0
31754.615,0,0
31579.08,0,0
31230.214,0,0
30811.032,0,0
30391.79,0,0
29972.487,0,0
29831.815,0,0
29869.912,0,0
29808.128,0,0
29672.568,0,0
29241.222,0,0
28728.662,0,0
28216.147,0,0
27600.0,0,0
27153.636,0,0
26865.92,0,0
26398.326,0,0
25402.212,0,0
24933.049,0,0
24991.27,0,0
25049.613,0,0
25108.078,0,0
25252.797,0,0
25165.522,0,0
25078.305,0,0
24891.145,0,0
24800.0,0,0
24700.0,0,0
24600.0,0,0
24500.0,0,0
24500.0,0,0
24500.0,0,0
24478.573,0,0
24390.63,0,0
24244.093,0,0
23719.349,0,0
22651.313,0,0
21676.612,0,0
21003.088,0,0
20551.622,0,0
19479.472,0,0
16227.724,1,1
13136.51,1,1
12217.278,1,1
12637.501,1,1
15299.802,1,1
16622.436,1,1
16739.518,1,1
17716.413,1,1
19538.634,0,0
21413.777,0,0
23205.01,0,0
24208.585,0,0
24353.587,0,0
24800.118,0,0
25667.387,0,0
25082.587,0,0
22889.313,0,0
21177.147,0,0
19906.936,0,0
19367.048,0,0
19275.965,1,1
18992.045,1,1
18489.211,1,1
18655.613,1,1
14608.897,1,1
7322.232,1,1
1569.004,1,1
769.982,1,1
4350.001,1,1
6406.926,1,1
7124.061,1,1
9176.64,1,1
12160.064,1,1
14750.115,1,1
16931.355,1,1
18980.758,1,1
21178.226,0,0
23192.106,0,0
25017.294,0,0
26492.426,0,0
27846.417,0,0
29189.888,0,0
30565.388,0,0
31405.315,0,0
31720.223,0,0
32111.409,0,0
32571.667,0,0
32826.445,0,0
32844.82,0,0
32700.0,0,0
32500.0,0,0
32300.0,0,0
32000.0,0,0
31900.0,0,0
31700.0,0,0
31600.0,0,0
31400.0,0,0
31300.0,0,0
31100.0,0,0
30900.0,0,0
30800.0,0,0
30700.0,0,0
30600.0,0,0
30500.0,0,0
30400.0,0,0
30000.0,0,0
29300.0,0,0
28500.0,0,0
27800.0,0,0
27300.0,0,0
27200.0,0,0
27100.0,0,0
27000.0,0,0
26800.0,0,0
26500.0,0,0
26300.0,0,0
26000.0,0,0
25800.0,0,0
25500.0,0,0
25300.0,0,0
25100.0,0,0
24900.0,0,0
24900.0,0,0
24800.0,0,0
24700.0,0,0
24700.0,0,0
24700.0,0,0
24700.0,0,0
24700.0,0,0
24421.237,0,0
23810.139,0,0
23178.805,0,0
22526.604,0,0
21533.159,0,0
20072.528,0,0
18878.029,0,0
18057.631,1,1
16850.567,1,1
14945.408,1,1
15045.974,1,1
17144.739,1,1
19910.549,0,0
22390.586,0,0
22760.756,0,0
21589.575,0,0
20779.572,0,0
19581.08,0,0
19065.663,0,0
18533.632,1,1
18224.824,1,1
18164.52,1,1
16405.112,1,1
12841.87,1,1
8506.493,1,1
3268.562,1,1
3288.97,1,1
8574.922,1,1
12857.228,1,1
16315.557,1,1
17414.559,1,1
16399.628,1,1
15475.38,1,1
14724.515,1,1
14989.497,1,1
16260.565,1,1
17205.79,1,1
17910.456,1,1
18539.73,0,0
19111.065,0,0
19932.959,0,0
20817.036,0,0
21757.667,0,0
22758.013,0,0
23518.789,0,0
23332.976,0,0
24008.778,0,0
24916.121,0,0
26639.135,0,0
29226.172,0,0
30534.836,0,0
30495.013,0,0
30655.58,0,0
31021.62,0,0
31365.817,0,0
31586.219,0,0
31841.65,0,0
31628.851,0,0
31516.169,0,0
31303.607,0,0
31122.314,0,0
30972.145,0,0
30821.899,0,0
30571.576,0,0
30358.41,0,0
29646.484,0,0
28706.009,0,0
27448.61,0,0
27206.071,0,0
28031.653,0,0
28591.784,0,0
29052.818,0,0
28652.238,0,0
27188.686,0,0
25824.224,0,0
24090.74,0,0
23500.38,0,0
24057.767,0,0
24579.176,0,0
25001.405,0,0
25193.817,0,0
25256.406,0,0
25319.494,0,0
25354.054,0,0
25079.279,0,0
24953.622,0,0
24827.933,0,0
24539.292,0,0
24378.14,0,0
24377.779,0,0
24277.417,0,0
24277.055,0,0
24332.845,0,0
24522.208,0,0
24611.679,0,0
24701.259,0,0
24399.341,0,0
23543.718,0,0
22754.76,0,0
21899.599,0,0
20882.094,0,0
20440.32,0,0
19774.261,0,0
18092.996,0,0
16240.088,0,0
14418.199,0,0
12647.716,0,0
11176.753,0,0
9876.437,1,1
8609.303,1,1
7459.466,1,1
6523.635,1,1
5558.322,1,1
4356.394,1,1
3423.805,1,1
2678.699,1,1
1784.471,1,1
650.491,1,1
193.859,1,1
487.978,1,1
663.268,1,1
706.298,1,1
1076.696,1,1
1572.759,1,1
1696.527,1,1
1462.553,1,1
1869.219,1,1
2845.471,1,1
3268.662,1,1
2950.509,1,1
4615.342,1,1
8144.671,1,1
11828.616,0,0
15546.236,0,0
16169.804,0,0
14089.907,0,0
12625.68,0,0
11515.034,0,0
12638.16,0,0
15178.499,0,0
17509.319,0,0
19722.859,0,0
21507.764,0,0
23328.311,0,0
25357.863,0,0
27408.556,0,0
28921.723,0,0
29437.313,0,0
29901.526,0,0
30624.637,0,0
31077.573,0,0
31462.235,0,0
31400.0,0,0
31100.0,0,0
30800.0,0,0
30600.0,0,0
30400.0,0,0
30400.0,0,0
30400.0,0,0
30400.0,0,0
30300.0,0,0
30200.0,0,0
30000.0,0,0
29800.0,0,0
29700.0,0,0
29600.0,0,0
29500.0,0,0
29400.0,0,0
28934.465,0,0
28044.836,0,0
25981.831,0,0
23030.568,0,0
21414.447,0,0
21570.34,0,0
21726.276,0,0
21865.566,0,0
21665.144,0,0
21124.949,0,0
20568.019,0,0
20011.045,0,0
19105.097,0,0
17750.059,0,0
16394.824,0,0
14197.408,0,0
13399.899,0,0
13994.204,0,0
14688.747,0,0
15283.527,0,0
16208.368,0,0
17234.918,0,0
18261.644,0,0
19288.545,0,0
18951.513,0,0
17332.371,0,0
15490.164,0,0
12411.992,1,1
8534.179,1,1
2488.952,1,1
0.0,1,1
0.0,1,1
0.0,1,1
0.0,1,1
0.0,1,1
0.0,1,1
0.0,1,1
7284.562,1,1
12687.812,0,0
15447.359,0,0
16170.122,0,0
14980.745,0,0
13431.054,0,0
11516.057,1,1
10256.698,1,1
9845.653,1,1
11181.554,1,1
14469.777,0,0
17976.527,0,0
21755.694,0,0
23808.597,0,0
23779.268,0,0
23032.273,0,0
21672.863,0,0
20626.458,0,0
20095.811,0,0
19316.704,0,0
18285.397,0,0
18359.818,0,0
19641.407,0,0
20459.55,0,0
20784.141,0,0
19895.573,0,0
17615.884,0,0
15367.395,0,0
13630.485,0,0
13061.979,0,0
13686.659,0,0
13463.708,0,0
11702.29,1,1
10898.757,1,1
11001.087,1,1
11880.125,1,1
14012.91,0,0
15512.202,0,0
16305.363,0,0
16743.418,0,0
16711.362,0,0
16213.61,0,0
15398.674,0,0
15979.302,0,0
17614.26,0,0
19250.463,0,0
20887.913,0,0
21360.607,0,0
20567.348,0,0
19773.735,0,0
18979.769,0,0
19107.363,0,0
20157.221,0,0
21207.665,0,0
21855.33,0,0
21242.569,0,0
18130.19,0,0
15024.807,0,0
11065.413,1,1
8179.767,1,1
6606.607,1,1
5032.949,1,1
3458.793,1,1
3214.123,1,1
4399.806,1,1
5486.146,1,1
6673.145,1,1
8568.76,0,0
10918.773,0,0
12799.486,0,0
14581.265,0,0
14610.205,0,0
12884.883,0,0
11158.727,0,0
9431.737,0,0
7941.268,0,0
7287.525,1,1
6533.333,1,1
5878.694,1,1
6521.604,1,1
8463.148,0,0
10011.845,0,0
11402.88,0,0
12370.573,0,0
12786.344,0,0
13190.116,0,0
13587.27,0,0
12749.173,0,0
10544.613,0,0
8819.404,0,0
7587.4,1,0
8293.592,0,0
10053.764,0,0
11929.977,0,0
14274.928,0,0
16402.727,0,0
14974.834,0,0
14403.495,0,0
11777.494,0,0
7684.349,1,1
1868.664,1,1
0.0,1,1
1105.326,1,1
1588.575,1,1
935.412,1,1
1126.778,1,1
2211.496,1,1
4204.778,1,1
6851.477,1,1
7705.221,1,1
6902.227,1,1
4889.299,1,1
1692.252,1,1
2983.765,1,1
8568.114,0,0
14836.826,0,0
19138.298,0,0
18586.97,0,0
14448.95,0,0
10514.27,0,0
8331.213,0,0
8009.438,0,0
9545.862,0,0
10698.408,0,0
11549.514,0,0
12961.801,0,0
14967.123,0,0
16484.338,0,0
17551.461,0,0
19292.825,0,0
21162.059,0,0
22664.553,0,0
24123.173,0,0
25346.988,0,0
26346.142,0,0
27095.276,0,0
27336.711,0,0
27148.271,0,0
26377.516,0,0
25350.776,0,0
23501.048,0,0
21749.925,0,0
18859.879,0,0
18067.254,0,0
19570.148,0,0
21083.6,0,0
21869.839,0,0
22466.081,0,0
22872.131,0,0
23178.525,0,0
23585.262,0,0
24335.524,0,0
25257.923,0,0
26281.19,0,0
27001.88,0,0
27389.001,0,0
27706.58,0,0
27471.606,0,0
27122.119,0,0
26897.414,0,0
26797.413,0,0
26697.412,0,0
26497.412,0,0
26297.411,0,0
25897.41,0,0
25497.409,0,0
25197.408,0,0
24840.782,0,0
24627.471,0,0
24414.084,0,0
24014.691,0,0
23804.15,0,0
23924.229,0,0
24144.369,0,0
24231.717,0,0
24174.205,0,0
23973.069,0,0
23671.727,0,0
23470.179,0,0
22888.646,0,0
22062.93,0,0
21097.495,0,0
20022.614,0,0
19273.873,0,0
19104.703,0,0
17871.769,0,0
15370.585,0,0
13321.634,0,0
12076.889,1,1
11358.399,1,1
11105.193,1,1
10409.623,1,1
9240.926,1,1
9024.377,1,1
10217.159,1,1
11869.264,1,1
13088.503,0,1
12915.111,1,1
11472.366,1,1
9693.098,1,1
8348.389,1,1
7305.909,1,1
6559.946,1,1
4794.597,1,1
1845.051,1,1
2583.703,1,1
7073.845,1,1
11902.413,1,1
15529.079,0,0
17029.664,0,0
17662.017,0,0
18836.814,0,0
20599.19,0,0
20248.732,0,0
15438.739,0,0
8903.199,1,1
3364.778,1,1
2883.607,1,1
7116.674,1,1
11016.811,1,1
14337.901,0,0
15168.543,0,0
14460.322,0,0
14647.608,0,0
15838.635,0,0
18232.293,0,0
20923.537,0,0
23178.018,0,0
25418.97,0,0
27588.108,0,0
29096.829,0,0
29822.763,0,0
30348.62,0,0
30822.876,0,0
31047.646,0,0
30910.657,0,0
30636.208,0,0
29636.309,0,0
28603.394,0,0
27336.834,0,0
25929.792,0,0
24383.055,0,0
22531.471,0,0
21630.793,0,0
21681.987,0,0
21733.35,0,0
21784.884,0,0
21364.6,0,0
20371.916,0,0
18749.538,0,0
17035.415,0,0
16270.553,0,0
16556.212,0,0
16842.452,0,0
17129.276,0,0
16726.684,0,0
15834.149,0,0
14941.497,0,0
14048.727,0,0
13501.227,0,0
13199.085,0,0
12896.942,1,1
12694.799,1,1
12970.121,0,0
13823.058,0,0
14776.191,0,0
15538.518,0,0
16139.543,0,0
16904.28,0,0
17769.276,0,0
18534.533,0,0
19017.034,0,0
19116.585,0,0
19316.135,0,0
19415.685,0,0
19138.386,0,0
18353.933,0,0
17557.061,0,0
16753.67,0,0
15675.263,0,0
13488.797,0,0
12067.086,1,1
12931.806,1,1
12653.896,1,1
10238.465,1,1
6266.132,1,1
194.001,1,1
0.0,1,1
0.0,1,1
0.0,1,1
147.202,1,1
3488.509,1,1
5343.447,1,1
7573.033,1,1
10028.848,1,1
13075.313,0,0
15923.617,0,0
16199.175,0,0
14158.733,0,0
12303.987,1,1
10119.976,1,1
9054.214,1,1
9198.687,1,1
10639.237,1,1
13442.895,0,0
14922.053,0,0
14437.809,0,0
13833.097,0,0
13347.381,0,0
13523.146,0,0
14218.152,0,0
14365.488,0,0
13844.951,0,0
15270.409,0,0
18839.232,0,0
22177.693,0,0
25111.008,0,0
25570.662,0,0
23380.105,0,0
21517.524,0,0
19983.727,0,0
20494.076,0,0
22696.268,0,0
24259.133,0,0
25176.113,0,0
25779.564,0,0
26133.848,0,0
26130.039,0,0
25587.543,0,0
24454.379,0,0
23300.968,0,0
21328.484,0,0
19519.122,0,0
17708.399,0,0
15896.313,0,0
14317.757,0,0
13567.928,0,0
12817.439,1,1
12066.288,1,1
12499.809,1,1
14119.72,0,0
15351.125,0,0
16426.838,0,0
17258.091,0,0
17844.443,0,0
18331.379,0,0
18918.898,0,0
19884.032,0,0
20565.537,0,0
21184.135,0,0
21803.6,0,0
21883.528,0,0
21422.934,0,0
21061.896,0,0
20600.41,0,0
20972.527,0,0
21874.056,0,0
22704.603,0,0
23436.916,0,0
23903.664,0,0
24346.456,0,0
24690.18,0,0
24886.303,0,0
24743.22,0,0
24642.998,0,0
24442.777,0,0
24342.555,0,0
24099.934,0,0
22981.586,0,0
21406.162,0,0
19582.768,0,0
17384.25,0,0
15636.78,0,0
13439.872,0,0
10597.812,0,0
7554.217,0,0
4447.826,0,0
517.523,0,0
0.0,1,1
0.0,1,1
0.0,1,1
0.0,1,1
776.051,0,1
0.0,1,1
0.0,1,1
0.0,1,1
0.0,1,1
0.0,1,1
0.0,1,1
0.0,1,1
0.0,1,1
0.0,1,1
0.0,1,1
0.0,1,1
0.0,1,1
0.0,1,1
0.0,1,1
0.0,1,1
0.0,1,1
0.0,1,1
0.0,1,1
0.0,1,1
0.0,1,1
0.0,0,0
0.0,0,0
0.0,0,0
0.0,0,0
0.0,0,0
0.0,0,0
0.0,0,0
0.0,0,0
0.0,0,0
0.0,0,0
0.0,0,0
0.0,0,0
0.0,0,0
0.0,0,0
0.0,0,0
1335.067,0,0
2192.207,0,0
957.764,0,0
0.0,0,0
0.0,0,0
0.0,0,0
0.0,0,0
0.0,0,0
0.0,0,0
0.0,0,0
0.0,0,0
0.0,0,0
0.0,0,0
0.0,0,0
0.0,0,0
0.0,0,0
1690.473,0,0
6669.357,0,0
11307.819,0,0
15796.861,0,0
19068.351,0,0
21067.445,0,0
21548.241,0,0
21857.847,0,0
22067.977,0,0
21313.792,0,0
18961.264,0,0
15994.394,0,0
13024.879,0,0
11836.624,0,0
12831.675,0,0
13660.639,0,0
14490.081,0,0
17086.662,0,0
20055.66,0,0
22214.919,0,0
23802.983,0,0
24213.36,0,0
23253.914,0,0
22391.033,0,0
21527.694,0,0
20616.797,0,0
19432.129,0,0
18295.369,0,0
17058.072,0,0
16214.447,0,0
15233.509,0,0
14159.658,0,0
13185.198,0,0
11303.642,0,0
8647.774,0,0
5161.972,0,0
1624.491,0,0
0.0,1,1
0.0,1,1
0.0,1,1
0.0,1,1
0.0,1,1
0.0,1,1
0.0,1,1
0.0,1,1
0.0,1,1
0.0,1,1
0.0,1,1
0.0,1,1
0.0,1,1
0.0,1,1
0.0,1,1
0.0,1,1
0.0,1,1
0.0,1,1
0.0,1,1
0.0,1,1
0.0,1,1
0.0,1,1
0.0,1,1
0.0,1,1
0.0,0,0
0.0,0,0
0.0,0,0
0.0,0,0
0.0,0,0
0.0,0,0
0.0,0,0
0.0,0,0
0.0,0,0
0.0,0,0
169.31,0,0
1788.446,0,0
5038.156,0,0
9002.809,0,0
13134.002,0,0
16982.727,0,0
19307.269,0,0
20931.033,0,0
23413.234,0,0
26452.361,0,0
28375.176,0,0
29333.412,0,0
30170.83,0,0
30847.762,0,0
31853.439,0,0
32583.78,0,0
32463.238,0,0
32487.4,0,0
32778.542,0,0
33211.09,0,0
33335.354,0,0
33210.033,0,0
32972.446,0,0
32822.452,0,0
32572.416,0,0
32322.337,0,0
32209.75,0,0
32134.703,0,0
32159.677,0,0
32084.672,0,0
31884.623,0,0
31659.498,0,0
31434.352,0,0
31209.184,0,0
30709.111,0,0
30134.161,0,0
29659.229,0,0
29084.314,0,0
28621.429,0,0
28370.503,0,0
27625.453,0,0
26805.039,0,0
26284.498,0,0
25964.077,0,0
25596.219,0,0
25208.566,0,0
25292.928,0,0
25753.352,0,0
26114.114,0,0
26376.072,0,0
26176.003,0,0
25513.611,0,0
24751.807,0,0
23989.777,0,0
23738.3,0,0
24289.737,0,0
24810.713,0,0
25331.904,0,0
26051.861,0,0
26257.578,0,0
26558.119,0,0
26638.562,0,0
26583.338,0,0
26437.093,0,0
25577.187,0,0
24183.629,0,0
22685.125,0,0
21157.124,1,1
20502.486,1,1
20769.554,1,1
21163.157,1,1
21575.213,1,1
21896.793,1,1
21911.934,1,1
21722.174,1,1
21263.922,1,1
20962.282,1,1
20823.3,1,1
20042.137,1,1
18809.612,1,1
19581.492,1,1
22482.819,0,0
25604.779,0,0
28762.211,0,0
29481.936,0,0
27769.397,0,0
26518.13,0,0
25685.157,0,0
25101.329,0,0
24305.981,0,0
22479.18,0,0
20108.757,1,1
19926.506,1,1
21683.322,1,1
23302.037,0,0
23927.98,0,0
23443.409,0,0
21699.603,1,1
20289.852,1,1
19713.033,1,1
19988.546,1,1
21044.117,1,1
21762.676,1,1
22209.052,1,1
23544.9,0,0
25481.673,0,0
27140.499,0,0
28577.052,0,0
29399.964,0,0
29810.025,0,0
30039.308,0,0
29887.801,0,0
29592.913,0,0
28824.128,0,0
28480.565,0,0
28887.131,0,0
29194.041,0,0
29382.263,0,0
30211.83,0,0
31500.898,0,0
32370.218,0,0
33146.516,0,0
33102.81,0,0
32776.665,0,0
32257.571,0,0
31638.191,0,0
31168.319,0,0
30848.121,0,0
30527.861,0,0
30307.54,0,0
29647.024,0,0
28746.359,0,0
27745.693,0,0
26845.027,0,0
26554.553,0,0
26774.432,0,0
27094.526,0,0
27414.836,0,0
27214.712,0,0
26593.831,0,0
25972.734,0,0
25351.422,0,0
25241.205,0,0
25642.477,0,0
26144.058,0,0
26132.412,0,0
26120.696,0,0
26071.149,0,0
26021.629,0,0
25972.135,0,0
25884.762,0,0
25859.482,0,0
25934.19,0,0
25908.884,0,0
25659.389,0,0
25032.312,0,0
24430.368,0,0
23806.041,0,0
23318.12,0,0
23187.578,0,0
22928.033,0,0
22503.564,0,0
22297.261,0,0
22210.534,0,0
21165.288,1,1
18790.889,1,1
16761.782,1,1
14939.548,1,1
13500.318,1,1
12665.703,1,1
11910.618,1,1
11091.467,1,1
13085.314,1,1
17737.62,1,1
22236.862,0,0
26561.481,0,0
27113.037,0,0
23974.951,0,0
21822.949,0,0
21036.745,1,1
19895.483,1,1
16536.814,1,1
11437.585,1,1
6726.399,1,1
5133.087,1,1
6410.64,1,1
6196.922,1,1
4461.696,1,1
5725.291,1,1
9961.626,1,1
13241.535,1,1
15566.469,1,1
19122.41,1,1
23764.634,0,0
29482.411,0,0
32546.656,0,0
32010.564,0,0
30459.886,0,0
28527.831,0,0
27503.877,0,0
27323.745,0,0
27992.069,0,0
28061.997,0,0
27196.369,0,0
26673.037,0,0
26487.033,0,0
27451.913,0,0
29661.054,0,0
31182.101,0,0
32113.575,0,0
32365.315,0,0
32102.81,0,0
31840.331,0,0
31577.878,0,0
31346.419,0,0
31245.87,0,0
30746.417,0,0
30266.501,0,0
29806.194,0,0
29465.679,0,0
29125.0,0,0
28703.218,0,0
28602.298,0,0
28822.61,0,0
28862.155,0,0
29001.906,0,0
28541.134,0,0
27279.502,0,0
26002.815,0,0
24638.693,0,0
24043.6,0,0
24318.067,0,0
24592.853,0,0
24814.423,0,0
25196.221,0,0
25619.94,0,0
25868.171,0,0
25820.026,0,0
25715.002,0,0
25653.007,0,0
25591.044,0,0
25500.0,0,0
25400.0,0,0
25300.0,0,0
25200.0,0,0
25100.0,0,0
25000.0,0,0
25000.0,0,0
25000.0,0,0
25000.0,0,0
24653.264,0,0
23831.197,0,0
22974.797,0,0
22102.048,0,0
22068.524,0,0
22371.513,0,0
21287.61,0,0
18913.175,0,0
16552.918,0,0
14515.299,1,1
13708.518,1,1
14305.232,1,1
15068.805,1,1
15943.901,1,1
16663.922,0,0
17082.88,0,0
18145.034,0,0
19568.068,0,0
19205.595,0,0
16313.297,0,0
13055.453,1,1
10098.552,1,1
8228.525,1,1
7757.123,1,1
6933.43,1,1
5657.872,1,1
6237.026,1,1
8454.841,1,1
10059.239,1,1
11158.391,1,1
11967.366,1,1
12682.061,1,1
13088.045,1,1
13269.309,1,1
13800.518,1,1
14627.649,1,1
16073.986,0,0
17563.431,0,0
18135.306,0,0
16226.719,0,0
13234.464,1,1
10908.106,1,1
12636.613,1,1
17551.139,0,0
21989.567,0,0
24749.525,0,0
25860.025,0,0
26393.293,0,0
27104.144,0,0
27989.982,0,0
28633.595,0,0
29136.046,0,0
29869.909,0,0
30621.761,0,0
30946.203,0,0
31000.0,0,0
30800.0,0,0
30600.0,0,0
30400.0,0,0
30200.0,0,0
30000.0,0,0
29900.0,0,0
29900.0,0,0
29800.0,0,0
29700.0,0,0
29700.0,0,0
29600.0,0,0
29600.0,0,0
29500.0,0,0
29400.0,0,0
29300.0,0,0
29200.0,0,0
28900.0,0,0
28400.0,0,0
27900.0,0,0
27400.0,0,0
27100.0,0,0
26900.0,0,0
26700.0,0,0
26600.0,0,0
26300.0,0,0
25900.0,0,0
25500.0,0,0
25100.0,0,0
24900.0,0,0
24700.0,0,0
24500.0,0,0
24300.0,0,0
24200.0,0,0
24200.0,0,0
24200.0,0,0
24200.0,0,0
24300.0,0,0
24500.0,0,0
24600.0,0,0
24740.123,0,0
24527.159,0,0
23930.099,0,0
24178.963,0,0
24952.056,0,0
25765.8,0,0
22587.269,0,0
22653.153,0,0
22704.191,0,0
21764.611,0,0
19796.723,0,0
18131.416,0,0
16777.021,0,0
14466.642,0,0
10800.19,1,1
9924.55,1,1
11992.129,1,1
13876.455,0,0
15113.771,0,0
15992.758,0,0
17260.917,0,0
19531.159,0,0
22646.363,0,0
22722.492,0,0
20076.154,0,0
17787.026,0,0
16157.277,0,0
14629.265,0,0
12989.189,0,0
11100.414,1,1
8858.185,1,1
7529.857,1,1
7098.616,1,1
5637.72,1,1
2878.822,1,1
2399.0,1,1
4114.766,1,1
6257.196,1,1
9048.277,1,1
9757.826,1,1
8838.934,1,1
8599.343,1,1
8795.531,1,1
9508.246,1,1
10651.401,1,1
11809.584,1,1
13280.929,0,0
16161.715,0,0
19354.941,0,0
21277.343,0,0
21754.564,0,0
21964.121,0,0
21986.035,0,0
22688.538,0,0
24238.198,0,0
25544.318,0,0
26435.955,0,0
26566.117,0,0
26277.969,0,0
25989.692,0,0
25649.381,0,0
25419.956,0,0
25218.159,0,0
25016.36,0,0
24814.559,0,0
24584.682,0,0
24126.564,0,0
23668.226,0,0
23209.667,0,0
21918.752,0,0
19571.745,0,0
15892.268,0,0
12014.679,0,0
9704.57,1,1
10245.828,1,1
10687.525,1,1
11229.661,1,1
12875.532,0,0
15125.693,0,0
17477.6,0,0
19220.027,0,0
18916.911,0,0
16565.999,0,0
13601.423,0,0
10634.647,0,0
9446.967,0,0
10240.087,0,0
10967.319,0,0
11695.189,0,0
12056.625,0,0
11951.145,0,0
11945.66,0,0
11940.17,0,0
12035.225,0,0
12230.827,0,0
12426.425,0,0
12622.02,0,0
13685.775,0,0
15459.724,0,0
16594.443,0,0
17483.916,0,0
17000.979,0,0
15164.435,0,0
13248.41,0,0
11471.974,0,0
8773.283,0,0
4481.535,0,0
921.831,0,0
0.0,1,1
0.0,1,1
0.0,1,1
0.0,1,1
0.0,1,1
0.0,1,1
0.0,1,1
0.0,1,1
0.0,1,1
0.0,1,1
0.0,1,1
0.0,1,1
0.0,1,1
0.0,1,1
0.0,1,1
0.0,1,1
0.0,1,1
0.0,1,1
0.0,1,1
0.0,1,1
0.0,1,1
0.0,1,1
0.0,1,1
0.0,1,1
0.0,0,0
0.0,0,0
0.0,0,0
0.0,0,0
0.0,0,0
3029.889,0,0
6805.054,0,0
8843.621,0,0
9769.138,0,0
10744.593,0,0
12187.252,0,0
15626.567,0,0
19529.528,0,0
23083.255,0,0
26031.14,0,0
28528.118,0,0
30607.527,0,0
31877.808,0,0
32606.39,0,0
32957.651,0,0
32582.977,0,0
31825.706,0,0
30145.346,0,0
28325.927,0,0
25958.618,0,0
24799.922,0,0
24951.379,0,0
25103.05,0,0
25254.935,0,0
25079.401,0,0
24776.286,0,0
24473.169,0,0
24070.048,0,0
23419.449,0,0
22220.797,0,0
20488.508,0,0
18563.646,0,0
17347.995,0,0
16842.593,0,0
16337.187,0,0
15831.775,0,0
17134.809,0,0
19748.87,0,0
21314.789,0,0
22981.848,0,0
23989.946,0,0
24816.875,0,0
25456.016,0,0
25779.435,0,0
26001.496,0,0
25821.983,0,0
25742.552,0,0
25530.216,0,0
25461.767,0,0
25399.685,0,0
25437.622,0,0
25375.579,0,0
25407.208,0,0
25432.508,0,0
25457.825,0,0
25383.16,0,0
25280.514,0,0
25017.464,0,0
24741.171,0,0
24457.962,0,0
23704.146,0,0
22195.793,0,0
20959.74,0,0
20060.732,0,0
18850.155,0,0
17158.206,0,0
15564.155,0,0
13840.312,0,0
11774.051,0,0
9191.766,0,0
7464.008,1,1
6027.587,1,1
4728.346,1,1
3318.61,1,1
2205.298,1,1
1552.744,1,1
721.009,1,1
0.0,1,1
0.0,1,1
263.032,1,1
1195.533,1,1
1904.955,1,1
2336.36,1,1
2476.879,1,1
2568.154,1,1
2540.899,1,1
2233.579,1,1
1299.032,1,1
476.158,1,1
0.0,1,1
702.599,1,1
3361.433,1,1
5704.153,1,1
7839.381,1,1
9592.688,0,0
11080.046,0,0
13293.168,0,0
15822.608,0,0
17332.284,0,0
18619.71,0,0
20290.761,0,0
22447.73,0,0
24801.885,0,0
26923.319,0,0
28373.625,0,0
29836.562,0,0
31788.099,0,0
32845.659,0,0
33081.04,0,0
33162.043,0,0
32880.16,0,0
32247.819,0,0
31569.469,0,0
30535.783,0,0
29401.535,0,0
28366.724,0,0
28072.484,0,0
28619.566,0,0
29167.085,0,0
29715.041,0,0
29428.532,0,0
28306.71,0,0
27015.555,0,0
25517.499,0,0
24616.884,0,0
24514.418,0,0
24311.95,0,0
24109.48,0,0
23579.542,0,0
22621.975,0,0
21764.189,0,0
20806.184,0,0
20976.855,0,0
22276.722,0,0
23543.381,0,0
24467.934,0,0
24640.064,0,0
24059.403,0,0
23478.599,0,0
22997.651,0,0
22696.554,0,0
22675.52,0,0
22754.63,0,0
22733.881,0,0
23520.657,0,0
24627.017,0,0
25585.916,0,0
25896.332,0,0
25977.994,0,0
25940.243,0,0
25802.473,0,0
25764.683,0,0
25476.585,0,0
24885.402,0,0
24273.361,0,0
23748.87,0,0
23692.931,0,0
24223.75,0,0
24071.379,0,0
23336.804,0,0
22101.149,0,0
20450.247,0,0
20863.999,0,0
23356.502,0,0
26719.15,0,0
28409.09,0,0
28092.872,0,0
24483.919,0,0
19954.214,1,1
17598.788,1,1
17338.71,1,1
19043.296,1,1
21029.047,0,0
23225.722,0,0
22703.304,0,0
17692.903,1,1
11167.041,1,1
5928.784,1,1
3731.555,1,1
4678.392,1,1
4207.197,1,1
2352.141,1,1
2521.081,1,1
4734.079,1,1
5651.886,1,1
5428.725,1,1
7406.708,1,1
11399.89,1,1
16608.979,1,1
19510.195,1,1
19641.319,1,1
19122.175,1,1
18271.429,1,1
18145.739,1,1
18923.605,1,1
20389.228,0,0
21973.294,0,0
23332.992,0,0
24666.382,0,0
26177.683,0,0
27908.41,0,0
29914.432,0,0
31723.602,0,0
32376.175,0,0
32656.422,0,0
32933.582,0,0
33288.968,0,0
33611.289,0,0
33700.0,0,0
33500.0,0,0
33300.0,0,0
33100.0,0,0
32900.0,0,0
32800.0,0,0
32700.0,0,0
32600.0,0,0
32400.0,0,0
32300.0,0,0
32100.0,0,0
31900.0,0,0
31800.0,0,0
31600.0,0,0
31500.0,0,0
31400.0,0,0
31000.0,0,0
30200.0,0,0
29500.0,0,0
28800.0,0,0
28400.0,0,0
28400.0,0,0
28300.0,0,0
28300.0,0,0
28100.0,0,0
27700.0,0,0
27300.0,0,0
27000.0,0,0
26700.0,0,0
26700.0,0,0
26600.0,0,0
26500.0,0,0
26400.0,0,0
26300.0,0,0
26200.0,0,0
26100.0,0,0
26100.0,0,0
26100.0,0,0
26200.0,0,0
26200.0,0,0
25991.891,0,0
25529.208,0,0
25048.371,0,0
24458.672,0,0
23702.419,0,0
22543.817,0,0
21258.115,0,0
19626.62,1,1
18081.329,1,1
16973.329,1,1
16170.48,1,1
15490.932,1,1
15255.513,1,1
15636.977,1,1
14705.138,1,1
12253.039,1,1
8919.736,1,1
4875.571,1,1
3649.426,1,1
6002.677,1,1
7679.541,1,1
8516.37,1,1
10053.694,1,1
12122.559,1,1
14459.177,1,1
16963.511,1,1
18654.271,1,1
19415.967,1,1
20398.326,1,1
21500.347,0,0
22452.669,0,0
23452.146,0,0
24675.432,0,0
25938.927,0,0
25559.385,0,0
23181.129,0,0
20560.229,0,0
17922.279,1,1
18062.836,1,1
21009.619,0,0
23838.431,0,0
26358.075,0,0
27361.55,0,0
26803.322,0,0
26491.357,0,0
26648.138,0,0
27243.039,0,0
28037.527,0,0
28621.636,0,0
29353.734,0,0
30299.041,0,0
31270.627,0,0
31955.628,0,0
32658.195,0,0
33082.638,0,0
33236.55,0,0
33200.0,0,0
33000.0,0,0
32829.411,0,0
32642.748,0,0
32399.348,0,0
32299.264,0,0
32199.179,0,0
31999.095,0,0
31867.995,0,0
31705.834,0,0
31543.609,0,0
31202.909,0,0
30746.904,0,0
30131.311,0,0
29515.368,0,0
28968.81,0,0
27541.904,0,0
25636.062,0,0
23390.423,0,0
21039.674,0,0
20065.547,0,0
20469.617,0,0
20874.113,0,0
21379.037,0,0
22446.554,0,0
23617.609,0,0
24804.159,0,0
25471.938,0,0
26107.347,0,0
26072.013,0,0
26122.245,0,0
26100.0,0,0
26000.0,0,0
25900.0,0,0
25900.0,0,0
25800.0,0,0
25800.0,0,0
25900.0,0,0
25900.0,0,0
25900.0,0,0
25788.755,0,0
25220.021,0,0
24732.888,0,0
24236.415,0,0
23571.569,0,0
21967.897,0,0
19737.892,0,0
18396.268,0,0
16784.333,0,0
15078.213,0,0
13315.823,1,1
11340.907,1,1
9446.706,1,1
7544.143,1,1
7186.43,1,1
8798.597,1,1
11213.819,1,1
12380.184,1,1
11890.177,1,1
9835.936,1,1
5795.465,1,1
2092.509,1,1
2781.753,1,1
8230.001,1,1
14790.745,0,0
19380.914,0,0
20107.964,0,0
19318.61,0,0
18387.988,0,0
17914.335,0,0
17303.61,0,0
16382.501,0,0
14822.654,0,0
12260.494,1,1
9726.976,1,1
6691.686,1,1
4641.611,1,1
3534.391,1,1
4224.833,1,1
6549.469,1,1
8487.931,1,1
10042.117,1,1
12143.354,1,1
14810.606,0,0
16531.999,0,0
17383.763,0,0
17996.835,0,0
18505.437,0,0
20083.388,0,0
22626.304,0,0
25123.094,0,0
26953.294,0,0
28342.919,0,0
29249.609,0,0
29770.0,0,0
29736.261,0,0
29473.392,0,0
28994.508,0,0
28615.342,0,0
28135.893,0,0
27609.9,0,0
27019.795,0,0
26410.856,0,0
25701.401,0,0
25471.628,0,0
25622.115,0,0
25672.855,0,0
25823.851,0,0
25975.101,0,0
26110.067,0,0
26193.572,0,0
26277.263,0,0
26619.679,0,0
27221.674,0,0
27571.244,0,0
27807.726,0,0
27287.772,0,0
26010.195,0,0
24383.054,0,0
22549.381,0,0
20843.247,0,0
20030.157,0,0
19216.717,0,0
18402.927,0,0
17524.865,0,0
16356.714,0,0
14996.626,0,0
13635.747,0,0
11911.054,0,0
9801.793,0,0
6885.639,0,0
3967.491,0,0
2503.724,0,0
2495.828,0,0
2487.926,0,0
2480.019,0,0
4115.704,0,0
7329.825,0,0
9845.838,0,0
11892.885,0,0
12573.637,0,0
11689.406,0,0
9579.491,0,0
6448.414,0,0
4044.987,0,0
2291.838,0,0
582.206,0,0
0.0,1,1
0.0,1,1
0.0,1,1
0.0,1,1
0.0,1,1
0.0,1,1
0.0,1,1
0.0,1,1
531.624,0,0
658.815,0,0
0.0,1,1
0.0,1,1
0.0,1,1
0.0,1,1
0.0,1,1
0.0,1,1
1430.028,0,0
2615.187,0,0
2312.453,0,0
2173.744,0,0
1794.327,0,0
2092.474,0,0
3162.77,0,0
3272.804,0,0
2727.771,0,0
1451.36,0,0
0.0,1,1
0.0,1,1
0.0,1,1
0.0,1,1
0.0,1,1
0.0,1,1
0.0,1,1
0.0,1,1
0.0,1,1
0.0,1,1
0.0,0,0
0.0,0,0
0.0,0,0
0.0,0,0
0.0,0,0
0.0,0,0
0.0,0,0
0.0,0,0
0.0,0,0
0.0,0,0
0.0,0,0
0.0,0,0
0.0,0,0
0.0,0,0
0.0,0,0
5112.52,0,0
10117.694,0,0
10487.663,0,0
6437.989,0,0
1662.051,0,0
0.0,0,0
0.0,0,0
0.0,0,0
2850.968,0,0
5949.163,0,0
7663.627,0,0
8216.124,0,0
8769.591,0,0
9324.03,0,0
11046.331,0,0
13483.491,0,0
15354.189,0,0
17226.295,0,0
19075.81,0,0
20049.55,0,0
20924.158,0,0
21783.003,0,0
22603.257,0,0
23711.326,0,0
24365.12,0,0
24905.069,0,0
25195.3,0,0
25395.932,0,0
25596.634,0,0
25697.404,0,0
25800.0,0,0
25953.27,0,0
26090.186,0,0
26227.058,0,0
26063.87,0,0
25754.198,0,0
25325.783,0,0
24987.714,0,0
24594.932,0,0
24038.438,0,0
23180.703,0,0
21914.911,0,0
19929.279,0,0
16755.768,0,0
14016.485,0,0
11392.396,0,0
8411.013,1,1
5040.047,1,1
2839.731,1,1
2119.254,1,1
1433.625,1,1
986.184,1,1
557.439,1,1
0.0,1,1
0.0,1,1
0.0,1,1
0.0,1,1
0.0,1,1
656.612,1,1
2391.024,1,1
2779.595,1,1
1939.87,1,1
1520.448,1,1
1580.58,1,1
2147.125,1,1
3259.848,1,1
4022.841,1,1
4354.157,1,1
6195.082,1,1
9450.995,1,1
13057.691,0,0
15699.051,0,0
16503.125,0,0
14903.004,0,0
12314.758,0,0
10603.974,0,0
11314.294,0,0
13789.702,0,0
16135.504,0,0
18396.788,0,0
21166.871,0,0
23938.243,0,0
26166.767,0,0
28051.511,0,0
29629.77,0,0
30885.199,0,0
32190.244,0,0
33372.439,0,0
33900.0,0,0
33800.0,0,0
33700.0,0,0
33500.0,0,0
33329.054,0,0
33041.953,0,0
32948.109,0,0
32847.638,0,0
32700.0,0,0
32500.0,0,0
32200.0,0,0
32000.0,0,0
31800.0,0,0
31500.0,0,0
31300.0,0,0
31100.0,0,0
30900.0,0,0
30700.0,0,0
30500.0,0,0
30191.166,0,0
29853.608,0,0
29516.019,0,0
29315.991,0,0
29053.561,0,0
28891.151,0,0
28700.0,0,0
28400.0,0,0
28000.0,0,0
27600.0,0,0
27200.0,0,0
26900.0,0,0
26700.0,0,0
26500.0,0,0
26300.0,0,0
26100.0,0,0
26100.0,0,0
26000.0,0,0
26000.0,0,0
26100.0,0,0
26300.0,0,0
26600.0,0,0
26800.0,0,0
27100.0,0,0
27501.361,0,0
27831.434,0,0
28160.215,0,0
28216.587,0,0
27791.635,0,0
26833.512,0,0
25219.11,0,0
23378.18,0,0
21174.522,0,0
20304.078,0,0
20845.131,0,0
21202.608,0,0
21450.693,0,0
21362.956,0,0
21135.818,0,0
21395.494,0,0
21472.2,0,0
20976.097,0,0
19377.607,1,1
17397.127,1,1
15001.547,1,1
14269.831,1,1
15230.226,1,1
16000.298,1,1
16474.952,1,1
16156.998,1,1
14851.617,1,1
13805.57,1,1
13258.855,1,1
12116.779,1,1
10374.275,1,1
7556.207,1,1
3545.958,1,1
4439.058,1,1
10015.823,1,1
15528.902,1,1
18915.261,1,1
19644.152,0,0
20190.445,0,0
21319.43,0,0
22605.836,0,0
23380.193,0,0
23908.964,0,0
24792.92,0,0
24899.666,0,0
26035.706,0,0
26965.116,0,0
27819.642,0,0
28556.699,0,0
29785.885,0,0
31055.774,0,0
31961.583,0,0
32389.373,0,0
32797.003,0,0
33175.139,0,0
33488.138,0,0
33584.924,0,0
33681.91,0,0
33779.097,0,0
33311.207,0,0
32277.771,0,0
31130.37,0,0
29730.07,0,0
28786.063,0,0
28298.75,0,0
27911.309,0,0
27472.063,0,0
26089.903,0,0
23980.523,0,0
20729.462,0,0
17074.248,1,1
15238.294,1,1
15620.901,1,1
15938.243,1,1
16156.053,1,1
16312.996,0,0
16108.719,0,0
16004.439,0,0
15900.156,0,0
16503.402,0,0
17815.001,0,0
19036.676,0,0
19527.727,0,0
19899.991,0,0
20053.14,0,0
20206.463,0,0
20259.958,0,0
21089.082,0,0
22188.97,0,0
23117.497,0,0
24146.903,0,0
24320.747,0,0
23998.304,0,0
23622.228,0,0
23245.894,0,0
22763.961,0,0
22119.077,0,0
21451.385,0,0
20766.667,0,0
19827.471,0,0
18754.831,0,0
17523.339,0,0
15484.953,0,0
13230.222,0,0
11173.185,0,0
9464.202,0,0
8312.883,0,0
6351.11,0,0
3594.836,0,0
1360.413,0,0
257.878,0,0
0.0,1,1
0.0,1,1
0.0,1,1
0.0,1,1
0.0,1,1
0.0,1,1
0.0,1,1
0.0,1,1
0.0,1,1
0.0,1,1
0.0,1,1
0.0,1,1
0.0,1,1
0.0,1,1
0.0,1,1
0.0,1,1
0.0,1,1
0.0,1,1
0.0,1,1
0.0,1,1
0.0,1,1
0.0,1,1
0.0,1,1
0.0,1,1
0.0,0,0
0.0,0,0
0.0,0,0
0.0,0,0
0.0,0,0
0.0,0,0
1192.898,0,0
6712.254,0,0
10919.672,0,0
14178.374,0,0
17102.874,0,0
19554.907,0,0
20911.981,0,0
21765.71,0,0
22708.725,0,0
23730.159,0,0
24120.12,0,0
23918.499,0,0
23716.878,0,0
23615.257,0,0
23868.087,0,0
24635.205,0,0
25036.556,0,0
25438.075,0,0
24896.754,0,0
22891.808,0,0
20188.162,0,0
17583.677,0,0
17381.192,0,0
19781.967,0,0
22083.58,0,0
23787.47,0,0
23738.27,0,0
22256.268,0,0
20151.337,0,0
18056.373,0,0
16403.85,0,0
15394.083,0,0
14384.469,0,0
13309.988,0,0
13011.304,0,0
13688.173,0,0
14199.874,0,0
14811.423,0,0
13602.189,0,0
10247.159,0,0
6236.73,0,0
2326.94,1,1
1540.257,1,1
4039.356,1,1
6483.004,0,0
8925.8,0,0
11920.338,0,0
14976.86,0,0
17932.886,0,0
19679.542,0,0
20342.621,0,0
19778.716,0,0
19192.562,0,0
18583.678,0,0
18532.308,0,0
18948.458,0,0
18374.299,0,0
17122.713,0,0
15201.77,0,0
12385.877,0,0
9698.502,0,0
7382.0,0,0
5755.51,0,0
4861.47,0,0
4104.594,0,0
3427.425,1,1
2328.099,1,1
1151.986,1,1
106.686,1,1
0.0,1,1
0.0,1,1
0.0,1,1
0.0,1,1
0.0,1,1
0.0,1,1
0.0,1,1
0.0,1,1
0.0,1,1
0.0,1,1
0.0,1,1
0.0,1,1
0.0,1,1
0.0,1,1
241.132,1,1
2049.829,1,1
4047.887,1,1
5273.824,0,0
6093.55,0,0
7549.584,0,0
10017.792,0,0
11817.008,0,0
13229.585,0,0
15017.151,0,0
16843.123,0,0
18179.849,0,0
19398.133,0,0
20858.783,0,0
22674.503,0,0
23671.965,0,0
23792.547,0,0
23874.297,0,0
23810.289,0,0
24845.168,0,0
26518.931,0,0
27149.84,0,0
27776.63,0,0
28459.962,0,0
29218.56,0,0
29647.158,0,0
30175.878,0,0
30379.832,0,0
30458.69,0,0
30537.724,0,0
30616.935,0,0
30786.75,0,0
30995.81,0,0
31126.941,0,0
31258.263,0,0
31012.466,0,0
30126.957,0,0
29010.7,0,0
27893.633,0,0
27491.859,0,0
27706.488,0,0
28021.79,0,0
28007.093,0,0
27910.138,0,0
27692.701,0,0
27575.128,0,0
27357.418,0,0
27097.96,0,0
26696.856,0,0
26295.75,0,0
25894.642,0,0
26044.679,0,0
26546.474,0,0
26978.154,0,0
27025.429,0,0
26980.657,0,0
26943.679,0,0
26806.658,0,0
26669.593,0,0
26552.39,0,0
25689.637,0,0
24733.803,0,0
23263.959,0,0
22695.75,0,0
22975.013,0,0
23231.501,0,0
23241.448,0,0
22830.871,0,0
22089.63,0,0
21027.343,0,0
19561.72,0,0
18304.052,0,0
17301.659,0,0
16374.662,0,0
15687.884,1,1
14604.981,1,1
13300.595,1,1
12579.603,1,1
12724.899,1,1
13145.946,1,1
13381.808,1,1
13010.566,1,1
12151.72,1,1
10981.957,1,1
9719.629,1,1
9313.802,1,1
9857.431,1,1
9731.049,1,1
8865.912,1,1
9328.721,1,1
11349.731,1,1
13114.616,1,1
14790.949,1,1
16770.9,0,0
19089.418,0,0
21344.062,0,0
23522.73,0,0
23639.61,0,0
21918.651,0,0
20876.994,0,0
20504.747,0,0
20910.66,0,0
21918.563,0,0
22774.518,0,0
23344.128,0,0
23225.299,0,0
22834.146,0,0
23160.718,0,0
24198.139,0,0
25095.855,0,0
26156.421,0,0
27615.353,0,0
29301.384,0,0
31352.388,0,0
32566.184,0,0
33151.547,0,0
33552.221,0,0
33858.409,0,0
34065.866,0,0
33899.939,0,0
33504.695,0,0
32534.776,0,0
31402.131,0,0
30182.21,0,0
29362.522,0,0
28542.018,0,0
27419.83,0,0
26508.049,0,0
25906.771,0,0
25204.992,0,0
24602.714,0,0
23011.622,0,0
19747.994,0,0
16327.332,0,0
11805.008,1,1
8240.15,1,1
5414.542,1,1
2411.824,1,1
0.0,1,1
0.0,1,1
0.0,1,1
488.406,1,1
1524.057,1,1
3135.725,1,1
4847.958,1,1
6440.983,1,1
8135.274,1,1
10840.437,1,1
13967.78,0,0
16717.466,0,0
18873.037,0,0
20719.139,0,0
22594.5,0,0
24150.05,0,0
25225.221,0,0
25756.697,0,0
25856.448,0,0
25856.198,0,0
25955.948,0,0
25535.194,0,0
24745.075,0,0
23835.271,0,0
22885.198,0,0
22153.547,0,0
21266.126,0,0
21393.819,0,0
22431.533,0,0
23213.256,0,0
23869.575,0,0
23014.513,0,0
21115.67,0,0
19512.438,0,0
18156.107,0,0
16469.539,0,0
14661.36,0,0
11360.763,1,1
6580.222,1,1
4451.104,1,1
5215.397,1,1
5846.547,1,1
6052.824,1,1
5784.497,1,1
4992.315,1,1
3910.514,1,1
2714.343,1,1
3752.639,1,1
7206.02,1,1
10211.069,1,1
12498.152,0,0
13262.132,0,0
12620.516,0,0
11892.46,0,0
11161.399,1,1
11402.878,1,1
12809.332,0,0
13780.2,0,0
14272.254,0,0
15776.017,0,0
18207.912,0,0
20544.415,0,0
22877.919,0,0
23990.649,0,0
24120.03,0,0
24303.219,0,0
24559.846,0,0
26049.962,0,0
28210.584,0,0
29902.269,0,0
31358.591,0,0
32224.531,0,0
32510.574,0,0
32745.293,0,0
33124.99,0,0
33468.329,0,0
33768.819,0,0
33800.0,0,0
33600.0,0,0
33400.0,0,0
33142.355,0,0
32870.789,0,0
32059.926,0,0
30701.344,0,0
28684.885,0,0
27844.728,0,0
28382.147,0,0
28919.99,0,0
29458.258,0,0
30231.983,0,0
30852.202,0,0
31540.936,0,0
31612.992,0,0
31155.988,0,0
30369.795,0,0
29483.544,0,0
28566.793,0,0
28313.558,0,0
28375.677,0,0
28423.514,0,0
28500.0,0,0
28300.0,0,0
28000.0,0,0
27629.591,0,0
27343.163,0,0
26913.472,0,0
26200.109,0,0
25174.807,0,0
23970.761,0,0
23318.555,1,1
23501.65,1,1
23684.837,1,1
23868.117,0,1
23445.272,1,1
22615.819,1,1
21785.808,1,1
20651.927,1,1
20080.47,1,1
20054.96,1,1
20021.848,1,1
19884.579,1,1
20317.972,1,1
21121.632,1,1
21541.499,1,1
21775.965,1,1
20717.489,1,1
18467.797,1,1
14844.4,1,1
11094.841,1,1
11030.152,1,1
15188.324,1,1
18493.473,1,1
20821.411,1,1
22443.24,1,1
24155.59,0,0
25570.785,0,0
26927.329,0,0
27423.34,0,0
27417.89,0,0
27753.048,0,0
28529.601,0,0
29125.023,0,0
29735.753,0,0
29641.154,0,0
29069.995,0,0
28168.051,0,0
26936.397,0,0
26149.366,0,0
25747.532,0,0
25036.033,0,0
24150.646,0,0
24623.5,0,0
26441.996,0,0
28605.268,0,0
30816.065,0,0
32061.746,0,0
32186.567,0,0
32225.303,0,0
32552.5,0,0
32249.087,0,0
31403.575,0,0
30770.963,0,0
30354.094,0,0
30334.742,0,0
30813.506,0,0
31065.048,0,0
31291.292,0,0
31572.422,0,0
31906.723,0,0
32185.995,0,0
32149.83,0,0
31772.828,0,0
31539.107,0,0
31722.364,0,0
32200.724,0,0
32198.535,0,0
32100.0,0,0
32000.0,0,0
31900.0,0,0
31800.0,0,0
31600.0,0,0
31600.0,0,0
31500.0,0,0
31400.0,0,0
31400.0,0,0
31300.0,0,0
31100.0,0,0
30954.114,0,0
30717.905,0,0
30249.78,0,0
29749.759,0,0
29149.738,0,0
28549.717,0,0
28317.805,0,0
28154.07,0,0
28000.0,0,0
27800.0,0,0
27500.0,0,0
27300.0,0,0
27000.0,0,0
26700.0,0,0
26500.0,0,0
26300.0,0,0
26100.0,0,0
25900.0,0,0
25800.0,0,0
25700.0,0,0
25700.0,0,0
25700.0,0,0
25800.0,0,0
26100.0,0,0
26300.0,0,0
26600.0,0,0
26619.361,0,0
26315.414,0,0
25994.63,0,0
25665.33,0,0
24862.1,0,0
23499.424,0,0
22509.029,0,0
21679.553,0,0
19685.734,0,0
15953.506,0,0
13257.644,0,0
12810.233,0,0
12199.349,0,0
11123.106,1,1
10713.373,1,1
11197.95,1,1
12647.953,0,0
13731.769,0,0
13426.047,0,0
11337.886,1,1
7888.03,1,1
5347.26,1,1
3942.972,1,1
3687.04,1,1
2967.728,1,1
1689.072,1,1
1392.926,1,1
1989.084,1,1
1778.037,1,1
771.377,1,1
1823.184,1,1
4893.914,1,1
7542.654,1,1
9833.132,1,1
10529.04,1,1
9675.729,1,1
9428.06,1,1
9726.783,1,1
10253.064,1,1
11072.483,1,1
11767.259,0,0
12114.744,0,0
13890.272,0,0
16684.42,0,0
19640.65,0,0
21921.746,0,0
23330.321,0,0
24397.344,0,0
25434.11,0,0
27285.936,0,0
29321.286,0,0
30623.794,0,0
31460.688,0,0
32036.886,0,0
32538.125,0,0
32959.068,0,0
33000.0,0,0
32800.0,0,0
32600.0,0,0
32400.0,0,0
32300.0,0,0
32200.0,0,0
32100.0,0,0
32000.0,0,0
31800.0,0,0
31600.0,0,0
31300.0,0,0
31100.0,0,0
30900.0,0,0
30700.0,0,0
30500.0,0,0
30400.0,0,0
30100.0,0,0
29700.0,0,0
29300.0,0,0
28800.0,0,0
28500.0,0,0
28300.0,0,0
28000.0,0,0
27800.0,0,0
27554.166,0,0
27068.618,0,0
26505.312,0,0
25419.731,0,0
24735.631,0,0
24453.281,0,0
24270.989,0,0
23988.757,0,0
23936.137,0,0
24213.15,0,0
24490.252,0,0
24767.443,0,0
25015.171,0,0
25233.398,0,0
25451.665,0,0
25637.646,0,0
25627.334,0,0
25331.662,0,0
25015.797,0,0
24689.312,0,0
24564.742,0,0
24496.805,0,0
23889.966,0,0
22539.533,1,1
21499.93,1,1
20764.392,1,1
20846.738,1,1
21578.306,1,1
22619.692,0,0
23968.304,0,0
23537.1,0,0
21277.046,1,1
18907.001,1,1
16471.999,1,1
15406.012,1,1
15615.597,1,1
15376.522,1,1
14829.095,1,1
15719.101,1,1
17842.34,1,1
20195.684,1,1
22318.696,1,1
23052.693,0,0
22627.921,0,0
22140.763,1,1
21467.612,1,1
21596.75,1,1
22437.006,1,1
23044.003,0,0
23413.145,0,0
23563.316,0,0
23593.585,0,0
23796.141,0,0
24113.609,0,0
23696.658,0,0
21844.869,1,1
20152.603,1,1
18856.663,1,1
19916.398,1,1
22751.71,0,0
25250.045,0,0
27700.96,0,0
29177.268,0,0
29899.195,0,0
30873.297,0,0
32187.5,0,0
32828.767,0,0
33060.48,0,0
33050.338,0,0
32899.524,0,0
32914.482,0,0
33183.288,0,0
33300.0,0,0
33200.0,0,0
33100.0,0,0
33000.0,0,0
32900.0,0,0
32700.0,0,0
32600.0,0,0
32400.0,0,0
32200.0,0,0
31900.0,0,0
31600.0,0,0
31400.0,0,0
31100.0,0,0
31000.0,0,0
30800.0,0,0
30600.0,0,0
30300.0,0,0
29700.0,0,0
29100.0,0,0
28400.0,0,0
28100.0,0,0
28000.0,0,0
27800.0,0,0
27635.623,0,0
27379.972,0,0
27142.874,0,0
26805.775,0,0
26568.676,0,0
26325.382,0,0
26075.888,0,0
25811.971,0,0
25375.879,0,0
25275.853,0,0
25411.922,0,0
25475.82,0,0
25425.302,0,0
25468.589,0,0
25505.685,0,0
25542.788,0,0
25579.897,0,0
25589.785,0,0
25551.941,0,0
25505.531,0,0
25454.541,0,0
25510.908,0,0
25677.038,0,0
25663.278,0,0
25263.746,0,0
25323.95,0,0
25946.858,0,0
25022.106,0,0
22599.689,1,1
19507.881,1,1
15648.625,1,1
14996.509,1,1
18339.998,1,1
21444.635,1,1
23991.433,0,0
24466.962,0,0
22668.692,0,0
21010.292,1,1
19803.036,1,1
19063.94,1,1
19007.229,1,1
18768.597,1,1
18356.013,1,1
17962.63,1,1
17487.91,1,1
16318.042,1,1
14277.08,1,1
15083.247,1,1
18707.404,1,1
22285.534,1,1
25787.179,0,0
25794.102,0,0
22506.926,1,1
19216.09,1,1
15917.937,1,1
16340.693,1,1
20170.49,1,1
23757.263,0,0
26255.779,0,0
27446.438,0,0
27723.84,0,0
28393.543,0,0
29029.067,0,0
28861.604,0,0
28087.934,0,0
27958.724,0,0
28374.497,0,0
29487.902,0,0
30897.673,0,0
31891.832,0,0
32775.79,0,0
33212.856,0,0
33239.848,0,0
33066.841,0,0
32800.0,0,0
32500.0,0,0
32200.0,0,0
32000.0,0,0
32000.0,0,0
31900.0,0,0
31900.0,0,0
31800.0,0,0
31700.0,0,0
31600.0,0,0
31500.0,0,0
31400.0,0,0
31300.0,0,0
31200.0,0,0
31000.0,0,0
30700.0,0,0
30100.0,0,0
29600.0,0,0
29000.0,0,0
28600.0,0,0
28500.0,0,0
28400.0,0,0
28300.0,0,0
28100.0,0,0
27700.0,0,0
27400.0,0,0
27100.0,0,0
26800.0,0,0
26700.0,0,0
26600.0,0,0
26500.0,0,0
26366.228,0,0
26203.745,0,0
26041.157,0,0
25778.462,0,0
25721.934,0,0
25671.595,0,0
25606.563,0,0
25366.75,0,0
25404.45,0,0
25346.359,0,0
25189.072,0,0
25024.808,0,0
24876.585,0,0
24846.907,0,0
24001.664,0,0
22524.755,0,0
20824.35,0,0
18842.416,0,0
17093.969,0,0
15641.254,1,1
15260.946,1,1
16236.911,0,1
16178.732,1,1
14802.6,1,1
12823.368,1,1
10557.256,1,1
10085.308,1,1
11851.523,1,1
13466.598,1,1
15098.746,1,1
15503.209,1,1
14769.209,1,1
14326.316,1,1
14099.24,1,1
13859.38,1,1
13513.627,1,1
12515.06,1,1
11081.691,1,1
11538.714,1,1
13757.818,1,1
15307.05,1,1
15930.78,1,1
16160.731,1,1
16232.936,1,1
16950.602,0,0
18363.083,0,0
19153.112,0,0
19621.048,0,0
20128.466,0,0
20743.319,0,0
21645.702,0,0
22939.596,0,0
23985.349,0,0
24862.468,0,0
25636.812,0,0
26491.761,0,0
27754.272,0,0
29105.719,0,0
30246.204,0,0
31132.9,0,0
31905.809,0,0
32625.603,0,0
33169.076,0,0
33673.213,0,0
33800.0,0,0
33600.0,0,0
33400.0,0,0
33200.0,0,0
33000.0,0,0
32900.0,0,0
32800.0,0,0
32660.109,0,0
32354.275,0,0
32167.016,0,0
31979.669,0,0
31660.171,0,0
31102.868,0,0
30604.82,0,0
30106.52,0,0
29607.967,0,0
29515.774,0,0
29630.676,0,0
29672.221,0,0
29222.224,0,0
28997.265,0,0
28897.23,0,0
28797.195,0,0
28697.16,0,0
28541.003,0,0
28300.0,0,0
27900.0,0,0
27600.0,0,0
27300.0,0,0
27100.0,0,0
26800.0,0,0
26600.0,0,0
26500.0,0,0
26500.0,0,0
26500.0,0,0
26434.49,0,0
26384.121,0,0
26358.911,0,0
26333.687,0,0
26308.451,0,0
26232.303,0,0
25832.705,0,0
25285.538,0,0
24728.795,0,0
24213.857,0,0
23591.12,0,0
21971.857,0,0
20110.886,0,0
18934.416,0,0
18435.064,0,0
17633.568,1,1
15941.565,1,1
13914.115,1,1
11923.896,1,1
11145.415,1,1
12181.041,1,1
12860.475,1,1
13249.279,1,1
13310.325,1,1
12912.51,1,1
12398.614,1,1
11845.017,1,1
12147.537,1,1
13630.96,1,1
15200.621,1,1
16930.276,1,1
17862.168,1,1
17987.283,1,1
18035.803,0,1
17758.343,1,1
17612.89,1,1
17503.795,1,1
17092.746,1,1
16398.802,1,1
17671.405,1,1
21094.085,0,0
24746.775,0,0
27731.296,0,0
28243.598,0,0
26691.27,0,0
25526.806,0,0
24809.035,0,0
24697.189,0,0
24674.842,0,0
24050.74,0,0
23592.488,0,0
24599.467,0,0
26608.05,0,0
28050.896,0,0
28938.395,0,0
29332.401,0,0
29562.874,0,0
30151.273,0,0
31372.144,0,0
32239.952,0,0
32648.732,0,0
33136.309,0,0
33530.575,0,0
33610.651,0,0
33535.283,0,0
33453.759,0,0
33400.0,0,0
33300.0,0,0
33200.0,0,0
33100.0,0,0
32900.0,0,0
32772.419,0,0
32422.329,0,0
32222.193,0,0
31972.068,0,0
31807.331,0,0
31468.308,0,0
31008.372,0,0
30527.674,0,0
30047.058,0,0
29533.86,0,0
29246.291,0,0
29146.201,0,0
29146.11,0,0
29046.02,0,0
28845.96,0,0
28445.93,0,0
28045.9,0,0
27645.87,0,0
27433.268,0,0
27146.095,0,0
26826.164,0,0
26506.193,0,0
26495.996,0,0
26639.239,0,0
26702.026,0,0
26664.833,0,0
26645.932,0,0
26545.281,0,0
26145.357,0,0
25665.081,0,0
25311.565,0,0
24825.224,0,0
25093.7,0,0
26126.701,0,0
26687.67,0,0
23843.963,0,0
23208.727,0,0
22386.091,0,0
20832.369,0,0
18508.82,0,0
16856.143,0,0
16036.701,0,0
15272.452,0,0
14133.648,0,0
13699.236,0,0
14264.957,0,0
13920.456,0,0
11711.328,0,0
6709.517,0,0
0.0,1,1
0.0,1,1
0.0,1,1
0.0,1,1
2683.047,1,1
5267.622,0,0
6843.37,0,0
6994.913,0,0
5710.945,0,0
3124.144,1,1
0.0,1,1
423.299,1,1
4382.005,0,0
6835.598,0,0
7916.855,0,0
9288.477,0,0
10708.604,0,0
11754.402,0,0
12342.791,0,0
12398.515,0,0
12437.556,0,0
11733.649,0,0
9863.749,0,0
6769.826,0,0
2916.628,1,1
1387.286,1,1
3375.324,0,0
6830.235,0,0
11087.003,0,0
13364.495,0,0
13969.136,0,0
13682.687,0,0
12529.566,0,0
10599.183,0,0
7469.293,0,0
4305.517,0,0
1271.087,1,1
0.0,1,1
0.0,1,1
0.0,1,1
0.0,1,1
0.0,1,1
0.0,1,1
0.0,1,1
0.0,1,1
0.0,1,1
0.0,1,1
0.0,1,1
0.0,1,1
97.935,1,1
5202.794,0,0
10000.111,0,0
14178.979,0,0
17068.254,0,0
18170.404,0,0
19274.183,0,0
20279.596,0,0
20879.582,0,0
20772.907,0,0
20766.223,0,0
20759.53,0,0
18126.823,0,0
12292.933,0,0
5096.549,1,1
0.0,1,1
0.0,1,1
5214.235,1,1
12448.157,0,0
17689.624,0,0
19674.134,0,0
19310.389,0,0
18777.909,0,0
18205.001,0,0
17964.861,0,0
18058.029,0,0
18051.188,0,0
18044.337,0,0
18646.209,0,0
19254.678,0,0
19675.587,0,0
20086.514,0,0
19846.583,0,0
18584.917,0,0
17149.538,0,0
16004.465,0,0
15180.14,0,0
14398.351,0,0
13859.968,0,0
13349.185,0,0
12285.848,0,0
11111.564,0,0
10065.152,0,0
8934.957,0,0
6493.538,1,1
3111.241,1,1
238.691,1,1
0.0,1,1
0.0,1,1
0.0,1,1
0.0,1,1
0.0,1,1
0.0,1,1
0.0,1,1
0.0,1,1
0.0,1,1
0.0,1,1
0.0,1,1
0.0,1,1
0.0,1,1
0.0,1,1
654.52,1,1
4936.35,1,1
8105.546,1,1
10553.29,0,0
12459.673,0,0
13145.159,0,0
12870.756,0,0
12600.43,0,0
12329.603,0,0
14848.825,0,0
18965.36,0,0
22144.323,0,0
24496.801,0,0
26338.15,0,0
27995.213,0,0
29116.161,0,0
28823.019,0,0
28374.724,0,0
27137.526,0,0
27370.347,0,0
28982.749,0,0
30281.53,0,0
31375.298,0,0
32251.098,0,0
32969.781,0,0
33789.499,0,0
34307.436,0,0
34255.536,0,0
33696.54,0,0
33123.25,0,0
32362.98,0,0
31655.604,0,0
30901.123,0,0
30145.458,0,0
29149.917,0,0
29329.846,0,0
30479.186,0,0
31492.194,0,0
32235.841,0,0
32044.952,0,0
30983.811,0,0
29807.716,0,0
28644.182,0,0
27111.631,0,0
25285.524,0,0
23031.722,0,0
19882.788,0,0
17357.873,0,0
16023.553,0,0
14788.432,0,0
13386.15,0,0
14192.446,0,0
16910.388,0,0
19630.4,0,0
21012.46,0,0
20202.02,0,0
15479.045,0,0
8995.02,0,0
853.669,0,0
0.0,1,1
0.0,1,1
0.0,1,1
0.0,1,1
0.0,1,1
0.0,1,1
0.0,1,1
0.0,1,1
0.0,1,1
0.0,1,1
0.0,1,1
0.0,1,1
0.0,1,1
0.0,1,1
0.0,1,1
185.786,0,1
0.0,1,1
0.0,1,1
0.0,1,1
0.0,1,1
0.0,1,1
0.0,1,1
0.0,1,1
0.0,1,1
0.0,1,1
0.0,0,0
0.0,0,0
0.0,0,0
0.0,0,0
0.0,0,0
0.0,0,0
0.0,0,0
0.0,0,0
0.0,0,0
0.0,0,0
0.0,0,0
0.0,0,0
0.0,0,0
0.0,0,0
0.0,0,0
0.0,0,0
0.0,0,0
0.0,0,0
0.0,0,0
0.0,0,0
0.0,0,0
0.0,0,0
0.0,0,0
0.0,0,0
0.0,0,0
0.0,0,0
0.0,0,0
0.0,0,0
0.0,0,0
0.0,0,0
0.0,0,0
0.0,0,0
0.0,0,0
0.0,0,0
0.0,0,0
0.0,0,0
0.0,0,0
0.0,0,0
0.0,0,0
0.0,0,0
0.0,0,0
0.0,0,0
0.0,0,0
0.0,0,0
0.0,0,0
0.0,0,0
0.0,0,0
0.0,0,0
0.0,0,0
0.0,0,0
0.0,0,0
0.0,0,0
0.0,0,0
0.0,0,0
0.0,0,0
0.0,1,1
0.0,1,1
0.0,1,1
0.0,1,1
0.0,1,1
0.0,1,1
0.0,1,1
0.0,1,1
0.0,1,1
0.0,1,1
0.0,1,1
0.0,1,1
0.0,1,1
0.0,1,1
0.0,1,1
0.0,1,1
0.0,1,1
0.0,1,1
0.0,1,1
0.0,1,1
0.0,1,1
0.0,1,1
0.0,1,1
0.0,1,1
738.892,0,0
1005.033,0,0
174.924,0,0
0.0,0,0
0.0,0,0
0.0,0,0
0.0,0,0
0.0,0,0
0.0,0,0
0.0,0,0
0.0,0,0
0.0,0,0
0.0,0,0
0.0,0,0
0.0,0,0
0.0,0,0
0.0,0,0
0.0,0,0
0.0,0,0
0.0,0,0
0.0,0,0
0.0,0,0
0.0,0,0
0.0,0,0
0.0,0,0
0.0,0,0
0.0,0,0
0.0,0,0
0.0,0,0
0.0,0,0
0.0,0,0
0.0,0,0
0.0,0,0
0.0,0,0
0.0,0,0
0.0,0,0
815.324,0,0
2797.031,0,0
3838.016,0,0
4172.153,0,0
3539.984,0,0
1691.065,0,0
504.382,0,0
0.0,0,0
1406.413,0,0
5344.034,0,0
9044.701,0,0
12360.931,0,0
16901.515,0,0
21465.01,0,0
25492.903,0,0
27981.082,0,0
29655.875,0,0
30709.67,0,0
31611.643,0,0
32561.66,0,0
32567.612,0,0
32172.25,0,0
31714.763,0,0
31154.146,0,0
30723.475,0,0
30422.926,0,0
30222.376,0,0
29921.826,0,0
29721.277,0,0
29620.726,0,0
29520.176,0,0
29419.625,0,0
28596.446,0,0
27250.394,0,0
25803.507,0,0
24119.95,0,0
22925.881,0,0
22321.633,0,0
21717.386,0,0
21113.138,0,0
20345.5,0,0
18994.67,0,0
17553.77,0,0
16112.678,0,0
13973.196,0,0
10708.684,0,0
6686.112,1,1
2762.897,1,1
430.564,1,1
330.564,1,1
230.564,1,1
230.564,1,1
3157.031,1,1
8469.678,0,0
13180.305,0,0
16958.4,0,0
18051.597,0,0
16684.513,0,0
15209.724,0,0
13726.009,0,0
11999.73,0,0
9718.923,0,0
7523.172,1,1
6837.645,1,1
5966.307,1,1
4214.277,1,1
3101.163,1,1
2290.123,1,1
4330.014,1,1
8494.129,0,0
10744.407,0,0
11410.441,0,0
9132.231,0,0
4109.871,1,1
2480.598,1,1
4333.152,1,1
7804.478,0,0
12356.188,0,0
14318.968,0,0
14146.317,0,0
12027.795,0,0
8140.006,0,0
5997.422,1,1
5120.502,1,1
7631.809,0,0
13528.618,0,0
16092.922,0,0
15766.865,0,0
15203.79,0,0
14472.691,0,0
13072.15,0,0
11229.992,0,0
8024.179,0,0
3562.611,1,1
3616.281,1,1
7425.107,1,1
10225.39,0,0
10958.436,0,0
10440.561,0,0
8927.273,0,0
9414.331,0,0
11925.059,0,0
14913.736,0,0
18375.139,0,0
20817.388,0,0
22933.762,0,0
24671.957,0,0
26248.524,0,0
26886.404,0,0
26620.296,0,0
26130.455,0,0
25357.06,0,0
23461.058,0,0
21224.106,0,0
18985.459,0,0
16088.242,0,0
14244.85,0,0
13405.306,0,0
12665.229,0,0
11924.617,0,0
10867.275,0,0
9592.805,0,0
8317.271,0,0
6854.159,1,1
7126.106,1,1
8937.122,0,0
10629.201,0,0
12322.864,0,0
15563.016,0,0
19021.186,0,0
22091.349,0,0
23626.833,0,0
24483.181,0,0
24792.146,0,0
24966.998,0,0
25142.034,0,0
24571.622,0,0
23017.521,0,0
21327.418,0,0
19536.145,0,0
18167.175,0,0
17963.898,0,0
17760.619,0,0
17557.338,0,0
17453.643,0,0
17349.535,0,0
17245.424,0,0
17141.309,0,0
15320.03,0,0
11779.848,0,0
7228.192,0,0
2321.171,1,1
1099.393,1,1
3574.853,1,1
5903.848,1,1
8318.38,0,0
10068.757,0,0
11483.707,0,0
12825.347,0,0
13058.372,0,0
12021.598,0,0
10062.433,0,0
8289.74,0,0
6874.255,1,1
6190.637,1,1
5791.943,1,1
5520.6,1,1
5463.52,1,1
4365.085,1,1
2898.661,1,1
2219.852,1,1
2452.32,1,1
2679.198,1,1
2860.523,1,1
3211.299,1,1
3718.84,1,1
4602.6,1,1
5561.343,1,1
6098.928,1,1
6141.226,1,1
5862.108,1,1
5055.315,1,1
5838.767,1,1
7698.042,0,0
9513.282,0,0
11368.83,0,0
11187.275,0,0
9164.308,0,0
7674.491,0,0
6889.436,0,0
8594.541,0,0
12469.339,0,0
15735.686,0,0
17803.791,0,0
19827.733,0,0
21853.168,0,0
23631.225,0,0
25169.298,0,0
26542.293,0,0
28022.855,0,0
29288.767,0,0
30619.09,0,0
31661.231,0,0
32415.965,0,0
33200.866,0,0
34088.893,0,0
34662.246,0,0
34821.581,0,0
34687.102,0,0
34264.31,0,0
33941.354,0,0
33086.89,0,0
32593.015,0,0
32492.311,0,0
32391.606,0,0
32390.9,0,0
32642.981,0,0
32976.836,0,0
33024.713,0,0
33072.764,0,0
32885.101,0,0
32561.469,0,0
32237.672,0,0
31852.605,0,0
31115.947,0,0
30633.803,0,0
30151.797,0,0
29537.6,0,0
29299.478,0,0
29298.698,0,0
29298.018,0,0
29397.438,0,0
29200.0,0,0
28900.0,0,0
28600.0,0,0
28400.0,0,0
28100.0,0,0
27800.0,0,0
27500.0,0,0
27200.0,0,0
27100.0,0,0
27000.0,0,0
26900.0,0,0
26900.0,0,0
26900.0,0,0
26900.0,0,0
26900.0,0,0
26900.0,0,0
26716.818,0,0
26094.625,0,0
25551.182,0,0
24997.818,0,0
24241.559,0,0
23705.772,0,0
23035.572,0,0
21736.608,0,0
20014.634,0,0
18076.867,0,0
16287.429,0,0
15247.55,0,0
14531.668,0,0
14389.549,0,0
13471.745,1,1
11391.692,1,1
8441.374,1,1
5157.947,1,1
3606.574,1,1
4307.971,1,1
4684.113,1,1
4550.773,1,1
4840.999,1,1
5368.698,1,1
5888.8,1,1
6342.057,1,1
7107.654,1,1
8199.899,1,1
9267.402,1,1
10193.454,1,1
10529.771,1,1
10221.504,1,1
9602.693,1,1
8805.963,1,1
9295.124,1,1
11159.709,1,1
12742.085,1,1
13927.047,1,1
15075.11,0,0
16130.931,0,0
17125.136,0,0
17944.723,0,0
19613.41,0,0
22024.149,0,0
24164.562,0,0
26098.634,0,0
27620.022,0,0
29048.533,0,0
30560.667,0,0
31914.048,0,0
32674.415,0,0
32975.442,0,0
33374.15,0,0
33724.507,0,0
34312.549,0,0
34922.842,0,0
35100.0,0,0
34900.0,0,0
34700.0,0,0
34500.0,0,0
34300.0,0,0
34100.0,0,0
33900.0,0,0
33800.0,0,0
33600.0,0,0
33400.0,0,0
33300.0,0,0
33100.0,0,0
33000.0,0,0
32834.668,0,0
32659.325,0,0
32483.93,0,0
32033.597,0,0
31308.348,0,0
30583.077,0,0
29957.784,0,0
29505.339,0,0
29065.374,0,0
28725.49,0,0
28285.688,0,0
27905.835,0,0
27585.87,0,0
27165.905,0,0
26845.939,0,0
26546.01,0,0
26466.101,0,0
26386.171,0,0
26306.221,0,0
26206.331,0,0
26086.532,0,0
25966.754,0,0
25846.996,0,0
25060.272,0,0
23098.357,0,0
20622.021,0,0
17309.367,0,0
16327.881,0,0
18617.947,0,0
19997.094,0,0
21181.321,0,0
21129.001,0,0
19700.111,0,0
18427.976,0,0
17110.615,0,0
16007.207,0,0
15420.342,0,0
14216.808,0,0
12341.018,0,0
10536.439,0,0
8727.644,0,0
7266.561,1,1
6540.093,1,1
6359.594,1,1
6999.143,1,1
7322.218,0,1
6663.671,1,1
5856.936,1,1
5275.864,1,1
4543.764,1,1
3509.749,1,1
2333.261,1,1
1121.551,1,1
718.35,1,1
1338.746,1,1
1763.725,1,1
2195.962,1,1
2641.043,1,1
3288.231,1,1
3806.318,1,1
4257.54,1,1
4446.415,1,1
4534.359,1,1
4800.277,1,1
5241.856,1,1
6705.806,1,1
8666.361,0,0
10749.105,0,0
12630.584,0,0
14967.956,0,0
17502.459,0,0
19557.346,0,0
21436.483,0,0
24066.915,0,0
27197.002,0,0
29325.935,0,0
30576.402,0,0
31711.597,0,0
32856.568,0,0
33712.507,0,0
34397.344,0,0
34808.59,0,0
35146.665,0,0
35223.748,0,0
34874.007,0,0
34624.215,0,0
34374.373,0,0
34149.345,0,0
33949.168,0,0
33748.99,0,0
33648.813,0,0
33201.221,0,0
32546.982,0,0
31792.19,0,0
30806.951,0,0
30002.411,0,0
29614.98,0,0
29227.358,0,0
28839.545,0,0
28530.527,0,0
28100.729,0,0
27771.307,0,0
27442.262,0,0
27360.685,0,0
27623.192,0,0
27721.881,0,0
27920.62,0,0
28049.257,0,0
28107.843,0,0
28133.891,0,0
27909.054,0,0
27677.669,0,0
27017.72,0,0
26159.499,0,0
25401.166,0,0
25260.743,0,0
26038.513,0,0
26816.548,0,0
26965.233,0,0
26996.574,0,0
26896.103,0,0
26586.266,0,0
26106.848,0,0
25377.87,0,0
24383.039,0,0
22952.462,0,0
21514.114,0,0
21408.007,0,0
22633.959,0,0
23058.772,0,0
22886.131,0,0
21592.228,0,0
19297.786,0,0
17504.948,0,0
16549.038,0,0
15039.112,0,0
13394.698,0,0
13061.794,0,0
14312.431,0,0
14912.147,0,0
14774.213,0,0
12234.556,0,0
7695.777,0,0
5045.544,0,0
4473.553,0,0
3981.563,0,0
1439.205,0,0
0.0,1,1
0.0,1,1
0.0,1,1
0.0,1,1
0.0,1,1
0.0,1,1
0.0,1,1
0.0,1,1
0.0,1,1
0.0,1,1
0.0,1,1
0.0,1,1
0.0,1,1
0.0,1,1
0.0,1,1
0.0,1,1
0.0,1,1
0.0,1,1
0.0,1,1
0.0,1,1
0.0,1,1
0.0,1,1
0.0,1,1
0.0,1,1
0.0,0,0
0.0,0,0
0.0,0,0
0.0,0,0
0.0,0,0
0.0,0,0
0.0,0,0
0.0,0,0
0.0,0,0
0.0,0,0
0.0,0,0
0.0,0,0
0.0,0,0
0.0,0,0
0.0,0,0
0.0,0,0
0.0,0,0
0.0,0,0
0.0,0,0
0.0,0,0
0.0,0,0
0.0,0,0
0.0,0,0
0.0,0,0
0.0,0,0
0.0,0,0
0.0,0,0
0.0,0,0
0.0,1,1
0.0,1,1
0.0,1,1
0.0,1,1
0.0,1,1
0.0,1,1
0.0,1,1
0.0,1,1
0.0,1,1
0.0,1,1
0.0,1,1
0.0,1,1
0.0,1,1
0.0,1,1
0.0,1,1
0.0,1,1
0.0,1,1
0.0,1,1
3810.388,0,0
9695.972,0,0
13183.404,0,0
14462.531,0,0
15722.392,0,0
16871.501,0,0
18172.874,0,0
18442.238,0,0
17891.32,0,0
17068.787,0,0
16367.573,0,0
15330.063,0,0
13981.616,0,0
13143.458,0,0
11625.578,0,0
9785.445,0,0
7850.631,0,0
5761.395,0,0
3590.624,0,0
2131.583,0,0
1160.373,0,0
1008.553,0,0
837.576,0,0
620.735,0,0
242.595,1,1
0.0,1,1
0.0,1,1
819.86,0,0
1080.302,0,0
435.123,0,0
0.0,1,1
0.0,1,1
0.0,1,1
441.468,0,0
1380.648,0,0
1609.746,0,0
3086.034,0,0
5633.366,0,0
7700.11,0,0
9575.092,0,0
10661.189,0,0
11408.561,0,0
12330.978,0,0
13182.756,0,0
14749.613,0,0
16707.577,0,0
18255.701,0,0
20072.285,0,0
22423.564,0,0
25023.35,0,0
27457.996,0,0
29520.193,0,0
31322.01,0,0
32908.018,0,0
34735.778,0,0
35571.618,0,0
35471.285,0,0
35463.737,0,0
35480.672,0,0
35342.124,0,0
35300.0,0,0
35200.0,0,0
35100.0,0,0
35000.0,0,0
34900.0,0,0
34800.0,0,0
34500.0,0,0
34200.0,0,0
33800.0,0,0
33400.0,0,0
33100.0,0,0
32900.0,0,0
32600.0,0,0
32400.0,0,0
32000.0,0,0
31600.0,0,0
31100.0,0,0
30600.0,0,0
30300.0,0,0
30100.0,0,0
30000.0,0,0
29800.0,0,0
29600.0,0,0
29200.0,0,0
28800.0,0,0
28500.0,0,0
28200.0,0,0
27900.0,0,0
27700.0,0,0
27400.0,0,0
27300.0,0,0
27300.0,0,0
27300.0,0,0
27300.0,0,0
27500.0,0,0
27800.0,0,0
28000.0,0,0
28300.0,0,0
28311.811,0,0
28090.726,0,0
27851.728,0,0
27603.55,0,0
26932.138,0,0
26118.639,0,0
25007.049,0,0
23691.463,0,0
22167.133,0,0
20349.703,0,0
18806.663,0,0
17699.521,0,0
16494.727,0,0
15278.422,0,0
14427.455,0,0
13972.141,1,1
13542.524,1,1
13278.63,1,1
12654.587,1,1
11483.035,1,1
10342.641,1,1
8900.717,1,1
8001.132,1,1
7627.381,1,1
6455.142,1,1
4572.208,1,1
3882.49,1,1
4316.271,1,1
5642.837,1,1
7731.293,1,1
8841.172,1,1
9021.999,1,1
8513.096,1,1
7335.434,1,1
7880.79,1,1
9884.17,1,1
11653.333,1,1
13327.906,1,1
14210.337,1,1
14459.066,0,0
14888.683,0,0
15259.462,0,0
16390.184,0,0
17367.115,0,0
19217.23,0,0
21583.684,0,0
23682.311,0,0
25776.556,0,0
28104.566,0,0
30554.208,0,0
32673.687,0,0
33858.009,0,0
34605.917,0,0
35073.829,0,0
35756.167,0,0
36437.901,0,0
36642.374,0,0
36134.117,0,0
35218.697,0,0
33924.277,0,0
32671.907,0,0
31750.253,0,0
30728.19,0,0
29604.287,0,0
28466.787,0,0
27415.667,0,0
26364.046,0,0
25148.537,0,0
25321.37,0,0
26493.443,0,0
27566.431,0,0
28606.54,0,0
28196.754,0,0
26536.836,0,0
24708.934,0,0
22880.468,0,0
21351.844,0,0
19538.341,0,0
17724.233,0,0
15809.519,0,0
14340.901,0,0
13189.057,0,0
11936.896,0,0
10684.415,0,0
10856.222,0,0
12553.031,0,0
13866.063,0,0
15024.953,0,0
14695.844,0,0
12777.939,0,0
10255.205,0,0
7616.67,0,0
8405.816,0,0
12454.257,0,0
15404.654,0,0
18356.039,0,0
19778.895,0,0
20514.339,0,0
21230.656,0,0
21768.687,0,0
21332.221,0,0
20143.175,0,0
18833.597,0,0
17222.086,0,0
16007.557,0,0
15191.018,0,0
14584.36,0,0
13688.573,0,0
11999.182,0,0
9320.486,0,0
7595.911,0,0
6974.681,0,0
5618.095,0,0
3014.106,0,0
943.674,1,1
0.0,1,1
0.0,1,1
0.0,1,1
0.0,1,1
0.0,1,1
0.0,1,1
0.0,1,1
0.0,1,1
0.0,1,1
0.0,1,1
0.0,1,1
0.0,1,1
0.0,1,1
0.0,1,1
0.0,1,1
0.0,1,1
0.0,1,1
0.0,1,1
0.0,1,1
995.534,1,1
2987.21,1,1
4266.233,0,0
4572.017,0,0
5451.482,0,0
6763.011,0,0
7872.337,0,0
8282.363,0,0
8473.385,0,0
8696.646,0,0
8197.735,0,0
6703.632,0,0
4639.298,0,0
2045.297,1,1
1646.602,1,1
3941.54,0,0
6210.083,0,0
8444.299,0,0
12392.993,0,0
17476.597,0,0
21977.725,0,0
25567.805,0,0
27580.552,0,0
28489.424,0,0
29399.394,0,0
30144.872,0,0
31537.243,0,0
33104.174,0,0
34053.748,0,0
34200.0,0,0
34100.0,0,0
33800.0,0,0
33500.0,0,0
33200.0,0,0
32700.0,0,0
31930.227,0,0
31020.086,0,0
30209.835,0,0
29703.58,0,0
29701.463,0,0
29699.428,0,0
29697.474,0,0
29500.0,0,0
29200.0,0,0
28900.0,0,0
28600.0,0,0
28400.0,0,0
28100.0,0,0
27879.021,0,0
27592.9,0,0
27300.553,0,0
27101.972,0,0
26796.063,0,0
26225.548,0,0
25742.858,0,0
25548.105,0,0
25253.105,0,0
24994.924,0,0
24423.158,0,0
23819.162,0,0
23106.609,0,0
22389.474,0,0
20672.622,0,0
17946.644,0,0
16476.957,0,0
16617.672,0,0
17844.535,0,0
19762.684,0,0
20202.003,0,0
19349.347,0,0
17451.617,0,0
14354.117,1,1
12916.543,1,1
13537.535,1,1
13962.274,1,1
14181.397,1,1
13888.674,1,1
12935.013,1,1
11277.962,1,1
8808.491,1,1
8878.868,1,1
11444.455,1,1
14352.597,1,1
17182.052,0,0
19227.313,0,0
20269.043,0,0
21133.572,0,0
21353.051,0,0
19787.831,0,0
16553.136,0,0
13738.665,1,1
12083.67,1,1
10565.294,1,1
9254.15,1,1
9147.381,1,1
10283.157,1,1
10690.182,1,1
10608.147,1,1
10186.306,1,1
9828.208,1,1
11905.269,1,1
15811.763,1,1
18479.744,0,0
20173.702,0,0
21521.113,0,0
22896.854,0,0
24073.047,0,0
25397.758,0,0
27146.101,0,0
28428.125,0,0
29235.911,0,0
30045.341,0,0
30675.833,0,0
30968.935,0,0
31151.585,0,0
30949.63,0,0
30847.673,0,0
30645.714,0,0
30543.59,0,0
30341.299,0,0
30239.006,0,0
30036.71,0,0
30252.682,0,0
30887.474,0,0
31423.003,0,0
31825.756,0,0
31841.671,0,0
31565.317,0,0
31188.786,0,0
30716.776,0,0
29895.841,0,0
28728.742,0,0
27461.214,0,0
26293.258,0,0
25791.353,0,0
26156.05,0,0
26521.052,0,0
26786.358,0,0
27005.926,0,0
26976.875,0,0
26852.291,0,0
26727.913,0,0
26526.948,0,0
26049.109,0,0
25671.091,0,0
25196.791,0,0
24673.266,0,0
24203.348,0,0
23733.056,0,0
23262.391,0,0
23760.248,0,0
25259.674,0,0
26266.007,0,0
26842.714,0,0
26649.411,0,0
25878.945,0,0
24512.318,0,0
23073.729,0,0
22375.049,0,0
22359.319,0,0
21277.018,0,0
19351.42,0,0
17490.264,0,0
15305.712,0,0
13513.001,0,0
12628.489,1,1
12890.051,1,1
14219.546,0,0
14755.102,0,0
13632.712,0,0
13012.747,1,1
13043.557,1,1
12048.767,1,1
10149.331,1,1
7410.494,1,1
3881.397,1,1
2881.692,1,1
4559.172,1,1
6234.138,1,1
7937.317,1,1
9186.33,1,1
10096.334,1,1
10957.014,1,1
11839.834,1,1
12368.549,1,1
12589.663,1,1
12555.465,1,1
12284.684,1,1
12594.584,1,1
13112.99,0,0
13213.041,0,0
13071.726,0,0
12509.654,1,1
11872.034,1,1
12748.045,1,1
15173.248,0,0
17396.011,0,0
19179.05,0,0
20499.111,0,0
21528.891,0,0
23977.329,0,0
27112.465,0,0
29685.631,0,0
31076.847,0,0
31979.047,0,0
32980.956,0,0
34510.969,0,0
35497.48,0,0
35300.0,0,0
35200.0,0,0
35000.0,0,0
34800.0,0,0
34600.0,0,0
34300.0,0,0
34200.0,0,0
34100.0,0,0
34000.0,0,0
33900.0,0,0
33800.0,0,0
33672.897,0,0
33423.727,0,0
33274.525,0,0
33049.893,0,0
32949.856,0,0
32749.818,0,0
32649.781,0,0
32225.115,0,0
31375.798,0,0
30626.448,0,0
29777.065,0,0
29376.998,0,0
29326.277,0,0
29275.564,0,0
29224.86,0,0
28926.208,0,0
27907.242,0,0
26351.184,0,0
24316.498,0,0
22763.382,0,0
22061.314,0,0
21259.162,1,1
20456.926,1,1
20356.346,1,1
20757.547,1,1
21258.831,1,1
21660.2,1,1
22821.735,0,0
24473.949,0,0
25811.887,0,0
26839.555,0,0
26847.663,0,0
26600.073,0,0
26307.509,0,0
25924.139,0,0
25249.991,0,0
24378.72,0,0
23990.413,0,0
23998.4,0,0
24132.96,0,0
24194.91,0,0
23837.976,0,0
23028.794,0,0
22271.483,0,0
21699.123,1,1
21616.632,1,1
22029.707,1,1
22543.513,0,0
23059.909,0,0
22395.981,0,0
19056.901,1,1
14863.724,1,1
11040.783,1,1
10336.599,1,1
12889.769,1,1
14657.43,1,1
15719.528,1,1
15968.864,1,1
15468.781,1,1
14886.925,1,1
14401.948,1,1
16472.984,1,1
21321.453,1,1
26609.231,0,0
29744.828,0,0
30123.254,0,0
26845.468,0,0
22830.063,0,0
18050.896,1,1
18701.171,1,1
24681.65,0,0
29308.283,0,0
32895.132,0,0
34385.427,0,0
33848.072,0,0
33639.179,0,0
33963.415,0,0
34243.55,0,0
34578.554,0,0
34959.714,0,0
35184.068,0,0
35242.71,0,0
34786.206,0,0
34564.44,0,0
34477.567,0,0
34561.358,0,0
34806.351,0,0
34443.672,0,0
33500.276,0,0
32328.581,0,0
31024.617,0,0
30185.056,0,0
29810.298,0,0
29435.402,0,0
29026.366,0,0
28737.681,0,0
28535.963,0,0
28434.243,0,0
28332.522,0,0
29129.568,0,0
30857.545,0,0
31909.747,0,0
32526.722,0,0
32237.426,0,0
31412.742,0,0
30688.042,0,0
29863.326,0,0
29475.574,0,0
29424.823,0,0
29474.106,0,0
29423.421,0,0
29211.048,0,0
28836.916,0,0
28362.721,0,0
27988.465,0,0
27806.881,0,0
27718.088,0,0
27729.387,0,0
27600.0,0,0
27500.0,0,0
27400.0,0,0
27300.0,0,0
27200.0,0,0
27100.0,0,0
27200.0,0,0
27200.0,0,0
27178.814,0,0
27145.684,0,0
26914.47,0,0
26671.933,0,0
26423.274,0,0
25181.912,0,0
22610.902,0,0
20705.228,0,0
19113.411,0,0
16540.595,0,0
12629.584,0,0
9461.8,0,0
7521.814,0,0
4827.484,1,1
771.586,1,1
0.0,1,1
0.0,1,1
0.0,1,1
0.0,1,1
0.0,1,1
0.0,1,1
0.0,1,1
0.0,1,1
0.0,1,1
0.0,1,1
0.0,1,1
0.0,1,1
0.0,1,1
0.0,1,1
0.0,1,1
0.0,1,1
0.0,1,1
0.0,1,1
0.0,1,1
990.239,1,1
3310.914,1,1
5408.675,1,1
6645.422,0,0
7876.863,0,0
9134.498,0,0
10449.133,0,0
11695.347,0,0
13229.404,0,0
15115.003,0,0
17395.109,0,0
19615.891,0,0
21772.217,0,0
23945.861,0,0
26087.828,0,0
27950.706,0,0
29271.11,0,0
30300.909,0,0
30674.52,0,0
30910.414,0,0
31449.061,0,0
32257.772,0,0
33149.903,0,0
33411.752,0,0
32995.028,0,0
32678.15,0,0
32261.118,0,0
32176.756,0,0
32525.57,0,0
32743.062,0,0
32816.179,0,0
32728.218,0,0
32579.048,0,0
32415.532,0,0
32081.247,0,0
31746.651,0,0
31311.742,0,0
30876.521,0,0
30440.986,0,0
30039.946,0,0
29773.871,0,0
29408.108,0,0
29042.659,0,0
29183.548,0,0
29156.748,0,0
29192.469,0,0
29100.0,0,0
28900.0,0,0
28500.0,0,0
28000.0,0,0
27566.479,0,0
27210.679,0,0
26836.196,0,0
26561.614,0,0
26186.931,0,0
26074.305,0,0
26223.855,0,0
26273.464,0,0
26423.131,0,0
26510.569,0,0
26635.667,0,0
26860.676,0,0
26829.877,0,0
26784.935,0,0
26825.799,0,0
26955.394,0,0
26978.934,0,0
25871.565,0,0
23392.292,0,0
21024.024,0,0
18869.359,0,0
16488.883,0,0
14127.294,0,0
11636.299,0,0
7781.064,1,1
4594.372,1,1
2108.979,1,1
0.0,1,1
0.0,1,1
0.0,1,1
0.0,1,1
0.0,1,1
0.0,1,1
0.0,1,1
0.0,1,1
0.0,1,1
0.0,1,1
0.0,1,1
0.0,1,1
0.0,1,1
0.0,1,1
0.0,1,1
4537.917,1,1
6959.107,1,1
8163.048,1,1
8075.841,1,1
7119.3,1,1
7196.694,1,1
8401.251,0,0
9779.229,0,0
11176.119,0,0
13170.066,0,0
15411.634,0,0
16815.936,0,0
17463.384,0,0
18362.45,0,0
19637.351,0,0
21447.746,0,0
23847.992,0,0
25224.997,0,0
25689.213,0,0
25663.367,0,0
25246.025,0,0
25659.171,0,0
26391.507,0,0
27887.321,0,0
30048.961,0,0
31664.413,0,0
32754.161,0,0
33559.655,0,0
34133.399,0,0
34118.438,0,0
34000.0,0,0
33800.0,0,0
33555.294,0,0
33394.465,0,0
32769.188,0,0
32303.071,0,0
32238.846,0,0
32174.858,0,0
32111.107,0,0
31851.759,0,0
31296.41,0,0
30840.762,0,0
30284.815,0,0
30102.655,0,0
30194.955,0,0
30061.663,0,0
29685.916,0,0
29379.178,0,0
29241.394,0,0
29100.0,0,0
28900.0,0,0
28600.0,0,0
28200.0,0,0
27900.0,0,0
27500.0,0,0
27200.0,0,0
27000.0,0,0
26700.0,0,0
26400.0,0,0
26300.0,0,0
26200.0,0,0
26100.0,0,0
26100.0,0,0
26200.0,0,0
26500.0,0,0
26700.0,0,0
27000.0,0,0
27052.59,0,0
27020.144,0,0
26972.621,0,0
26917.87,0,0
27109.195,0,0
27559.585,0,0
26812.761,0,0
24847.555,0,0
22590.53,0,0
19958.973,0,0
17493.556,0,0
15217.362,0,0
14338.565,0,0
15432.577,0,0
15235.847,0,0
13120.213,0,0
11562.184,0,0
10595.497,1,1
9545.307,1,1
8436.702,1,1
6740.682,1,1
4571.607,1,1
4114.479,1,1
5336.216,1,1
6291.463,1,1
6911.749,1,1
7465.192,1,1
7800.392,1,1
8074.873,1,1
8188.989,1,1
8656.649,1,1
9496.078,1,1
10478.78,1,1
11561.9,1,1
11120.507,1,1
9140.822,1,1
7210.792,1,1
5389.051,1,1
6074.532,1,1
8833.302,1,1
11557.496,1,1
14226.229,0,0
15213.71,0,0
15482.615,0,0
16636.032,0,0
18512.215,0,0
21491.546,0,0
24611.166,0,0
27142.797,0,0
29334.875,0,0
31403.276,0,0
33113.344,0,0
34034.511,0,0
34442.212,0,0
34880.686,0,0
35340.505,0,0
35500.0,0,0
35300.0,0,0
35100.0,0,0
34900.0,0,0
34700.0,0,0
34600.0,0,0
34500.0,0,0
34400.0,0,0
34200.0,0,0
33800.0,0,0
33500.0,0,0
33100.0,0,0
32800.0,0,0
32500.0,0,0
32200.0,0,0
32000.0,0,0
31600.0,0,0
31100.0,0,0
30441.493,0,0
29879.3,0,0
29510.888,0,0
29236.291,0,0
28961.706,0,0
28531.99,0,0
28391.33,0,0
28399.047,0,0
28198.511,0,0
27997.975,0,0
27797.979,0,0
27498.536,0,0
27299.111,0,0
26891.479,0,0
26830.79,0,0
26892.365,0,0
26953.939,0,0
26900.0,0,0
26800.0,0,0
26800.0,0,0
26778.801,0,0
26691.827,0,0
26555.803,0,0
26448.952,0,0
25890.636,0,0
25301.437,0,0
23660.153,0,0
20420.452,0,0
18219.085,0,0
18204.273,0,0
18421.93,0,0
18613.303,0,0
19684.692,0,0
21717.863,0,0
23999.803,0,0
25278.654,0,0
25333.782,0,0
22302.593,0,0
17553.36,1,1
13952.566,1,1
13482.296,1,1
16451.413,1,1
18223.034,0,0
18763.648,0,0
18661.369,0,0
17668.763,0,0
15954.459,1,1
13279.002,1,1
8641.768,1,1
2826.641,1,1
445.684,1,1
2379.404,1,1
5541.952,1,1
10505.84,1,1
13239.882,1,1
13638.357,1,1
12140.906,1,1
8694.792,1,1
7137.806,1,1
7573.091,1,1
6791.394,1,1
5305.815,1,1
5993.973,1,1
7434.359,1,1
11294.264,1,1
16972.52,1,1
20126.809,0,0
21256.571,0,0
22183.517,0,0
22927.932,0,0
23802.945,0,0
24984.577,0,0
26172.859,0,0
27398.814,0,0
28997.548,0,0
30636.81,0,0
31970.495,0,0
32917.671,0,0
33178.915,0,0
32878.286,0,0
32577.656,0,0
32277.026,0,0
32304.81,0,0
32459.998,0,0
32652.716,0,0
32745.63,0,0
33173.588,0,0
33495.854,0,0
33555.844,0,0
33500.0,0,0
33300.0,0,0
33100.0,0,0
32900.0,0,0
32700.0,0,0
32400.0,0,0
31900.0,0,0
31341.904,0,0
30780.148,0,0
30424.53,0,0
30375.048,0,0
30225.532,0,0
30075.983,0,0
29875.874,0,0
29625.256,0,0
29374.67,0,0
29124.118,0,0
28998.364,0,0
28797.447,0,0
28500.0,0,0
28300.0,0,0
28100.0,0,0
28000.0,0,0
27800.0,0,0
27700.0,0,0
27700.0,0,0
27700.0,0,0
27700.0,0,0
27700.0,0,0
27502.959,0,0
27163.317,0,0
26706.182,0,0
26340.981,0,0
25708.56,0,0
24933.11,0,0
24070.685,0,0
22756.861,0,0
20986.348,0,0
18773.042,0,0
17046.434,0,0
15786.223,0,0
14327.673,0,0
12647.978,0,0
11373.446,1,1
10603.911,1,1
9792.316,1,1
8889.202,1,1
8202.151,1,1
7785.513,1,1
7415.912,1,1
7211.017,1,1
6768.093,1,1
6042.135,1,1
5251.781,1,1
4511.619,1,1
4340.724,1,1
4941.858,1,1
5025.938,1,1
4804.526,1,1
5418.878,1,1
6851.306,1,1
7967.551,1,1
8902.97,1,1
9499.356,1,1
9992.369,1,1
10505.149,1,1
10962.675,1,1
11936.221,0,0
13331.984,0,0
15097.86,0,0
17194.706,0,0
19335.879,0,0
21834.227,0,0
24051.011,0,0
25715.721,0,0
27947.397,0,0
30651.018,0,0
32745.912,0,0
34241.581,0,0
35076.822,0,0
35747.028,0,0
36488.854,0,0
37273.425,0,0
37724.753,0,0
37986.756,0,0
37900.0,0,0
37600.0,0,0
37300.0,0,0
36900.0,0,0
36700.0,0,0
36700.0,0,0
36600.0,0,0
36500.0,0,0
36400.0,0,0
36200.0,0,0
36000.0,0,0
35800.0,0,0
35600.0,0,0
35300.0,0,0
35000.0,0,0
34600.0,0,0
34200.0,0,0
33700.0,0,0
33100.0,0,0
32500.0,0,0
32200.0,0,0
32000.0,0,0
31800.0,0,0
31700.0,0,0
31400.0,0,0
31200.0,0,0
30900.0,0,0
30600.0,0,0
30300.0,0,0
30091.351,0,0
29656.616,0,0
29321.902,0,0
29015.803,0,0
28582.146,0,0
28248.527,0,0
27914.948,0,0
27535.327,0,0
27109.635,0,0
26458.275,1,1
25738.748,1,1
25033.114,1,1
24393.558,1,1
23548.331,1,1
22700.092,1,1
22764.636,1,1
23534.634,1,1
24455.359,1,1
25498.616,1,1
26442.208,1,1
27185.704,0,0
28005.021,0,0
28943.115,0,0
30219.989,0,0
31928.863,0,0
32465.651,0,0
31997.019,0,0
30841.744,0,0
29003.77,0,0
28956.167,0,0
30450.751,0,0
31735.936,0,0
32704.623,0,0
33316.477,0,0
33683.248,0,0
34481.243,0,0
35897.365,0,0
35454.857,0,0
33309.263,0,0
30757.693,0,0
27788.902,0,0
25580.885,1,1
24510.323,1,1
22771.457,1,1
20054.31,1,1
18703.88,1,1
18791.503,1,1
19537.155,1,1
20908.263,1,1
22020.206,1,1
22757.092,1,1
23679.602,1,1
24403.782,1,1
26151.95,1,1
29049.957,0,0
32305.031,0,0
33981.969,0,0
33980.764,0,0
33771.448,0,0
32990.785,0,0
32052.891,0,0
31368.978,0,0
31136.223,0,0
30859.459,0,0
30027.692,0,0
29056.764,0,0
28034.012,0,0
29939.178,0,0
32899.548,0,0
35082.988,0,0
36734.657,0,0
36841.437,0,0
36117.448,0,0
35168.36,0,0
34150.966,0,0
33224.113,0,0
32354.132,0,0
31384.53,0,0
30314.641,0,0
30237.687,0,0
31154.163,0,0
31938.155,0,0
32555.248,0,0
32772.495,0,0
32654.534,0,0
32278.998,0,0
32003.724,0,0
31882.76,0,0
32016.058,0,0
31979.142,0,0
31928.004,0,0
31795.287,0,0
31581.014,0,0
31366.813,0,0
31100.0,0,0
30800.0,0,0
30500.0,0,0
30242.177,0,0
29880.682,0,0
29680.628,0,0
29642.097,0,0
29600.0,0,0
29500.0,0,0
29400.0,0,0
29500.0,0,0
29500.0,0,0
29600.0,0,0
29485.213,0,0
29220.591,0,0
29041.81,0,0
28755.881,0,0
27934.803,0,0
26347.852,0,0
25337.203,0,0
24656.528,0,0
23132.241,0,0
20301.529,0,0
17876.219,0,0
16920.757,0,0
16592.29,1,1
16769.684,1,1
16614.375,1,1
15734.74,1,1
14703.492,1,1
13658.078,1,1
12870.954,1,1
12267.472,1,1
11349.419,1,1
10469.291,1,1
10077.225,1,1
10197.879,1,1
10217.001,1,1
10217.529,1,1
10994.703,1,1
12648.221,1,1
14749.197,1,1
17283.026,0,0
17752.214,0,0
16266.911,1,1
14556.581,1,1
12915.711,1,1
12851.036,1,1
14311.059,1,1
15035.171,1,1
15232.323,1,1
16929.236,0,0
19852.022,0,0
22124.44,0,0
23557.135,0,0
25952.444,0,0
28974.74,0,0
32308.222,0,0
34466.111,0,0
35397.708,0,0
35919.455,0,0
36213.321,0,0
36336.91,0,0
36905.719,0,0
37877.156,0,0
39321.371,0,0
40191.214,0,0
40115.362,0,0
40039.541,0,0
39827.298,0,0
39378.579,0,0
39029.82,0,0
38581.021,0,0
38172.754,0,0
37549.47,0,0
36925.754,0,0
36401.606,0,0
35613.944,0,0
35149.818,0,0
34585.392,0,0
34020.664,0,0
33228.468,0,0
31974.591,0,0
30553.572,0,0
29031.625,0,0
28552.903,0,0
29018.952,0,0
29553.213,0,0
29653.678,0,0
29744.847,0,0
29826.188,0,0
29907.65,0,0
29989.232,0,0
30016.578,0,0
29986.854,0,0
29861.936,0,0
29737.133,0,0
29700.399,0,0
29851.82,0,0
29903.475,0,0
30055.365,0,0
29867.148,0,0
29238.385,0,0
28609.269,0,0
27979.799,0,0
27157.115,0,0
26430.991,0,0
25604.314,0,0
24674.588,0,0
24508.213,0,0
25066.451,0,0
25372.856,0,0
25769.984,0,0
25718.384,0,0
25431.49,0,0
25098.052,0,0
24662.25,0,0
23993.354,0,0
23374.494,0,0
22179.968,0,0
19904.876,0,0
17161.352,0,0
13976.031,1,1
12153.281,1,1
12520.768,1,1
12006.034,1,1
10149.402,1,1
8805.494,1,1
7994.491,1,1
8212.944,1,1
9449.177,1,1
10538.151,1,1
11151.178,1,1
11410.027,1,1
11490.877,1,1
10438.08,1,1
8442.972,1,1
5781.8,1,1
2396.486,1,1
2787.005,1,1
6967.683,1,1
10103.377,1,1
12355.582,1,1
13687.967,1,1
14457.02,1,1
15424.041,1,1
16434.598,0,0
19314.417,0,0
23895.81,0,0
28523.688,0,0
33053.959,0,0
35017.095,0,0
34613.613,0,0
34764.29,0,0
35391.973,0,0
35644.115,0,0
35748.841,0,0
34990.594,0,0
33740.14,0,0
34215.501,0,0
35685.382,0,0
36573.15,0,0
36990.546,0,0
37021.455,0,0
36845.126,0,0
36211.722,0,0
35548.304,0,0
34884.827,0,0
34221.289,0,0
33930.155,0,0
34011.493,0,0
34092.86,0,0
34174.258,0,0
34573.548,0,0
35155.465,0,0
35479.817,0,0
35904.342,0,0
35850.008,0,0
35516.655,0,0
35083.264,0,0
34749.833,0,0
34408.04,0,0
34057.956,0,0
33807.93,0,0
33457.963,0,0
33142.766,0,0
32757.889,0,0
32441.124,0,0
32124.34,0,0
31665.91,0,0
31165.849,0,0
30765.789,0,0
30265.728,0,0
30140.846,0,0
30066.981,0,0
29840.403,0,0
29713.838,0,0
29550.553,0,0
29550.541,0,0
29550.528,0,0
29550.516,0,0
29699.499,0,0
30097.477,0,0
30300.0,0,0
30600.0,0,0
30847.416,0,0
31016.074,0,0
31273.883,0,0
31425.928,0,0
30882.792,0,0
29698.482,0,0
28565.033,0,0
27481.175,0,0
25906.274,0,0
23682.37,0,0
22093.086,0,0
21180.148,1,1
20016.436,1,1
18394.299,1,1
17775.715,1,1
18456.124,1,1
19620.546,1,1
21275.127,0,1
20894.125,1,1
18370.904,1,1
15985.762,1,1
13842.662,1,1
12236.271,1,1
11355.873,1,1
9781.451,1,1
7609.676,1,1
7084.214,1,1
8264.049,1,1
8345.38,1,1
7239.588,1,1
9174.989,1,1
14030.454,1,1
19811.831,1,1
22877.176,0,0
22616.65,0,0
22028.996,0,0
21096.844,1,1
20570.898,1,1
21027.086,1,1
22378.206,0,0
23666.028,0,0
24890.83,0,0
25878.627,0,0
26792.43,0,0
28119.917,0,0
29596.601,0,0
30879.66,0,0
31950.649,0,0
33269.432,0,0
34761.01,0,0
36431.796,0,0
37951.657,0,0
38962.349,0,0
39806.949,0,0
40233.32,0,0
40453.132,0,0
40400.0,0,0
40200.0,0,0
40000.0,0,0
39700.0,0,0
39500.0,0,0
39400.0,0,0
39200.0,0,0
39100.0,0,0
38800.0,0,0
38500.0,0,0
38100.0,0,0
37800.0,0,0
37400.0,0,0
37100.0,0,0
36800.0,0,0
36500.0,0,0
36100.0,0,0
35700.0,0,0
35300.0,0,0
34900.0,0,0
34600.0,0,0
34300.0,0,0
34100.0,0,0
33800.0,0,0
33500.0,0,0
33100.0,0,0
32600.0,0,0
32200.0,0,0
31700.0,0,0
31300.0,0,0
31000.0,0,0
30600.0,0,0
30400.0,0,0
30400.0,0,0
30500.0,0,0
30500.0,0,0
30700.0,0,0
31000.0,0,0
31300.0,0,0
31505.332,0,0
31684.565,0,0
31920.996,0,0
32140.481,0,0
32195.341,0,0
32710.128,0,0
33677.9,0,0
33210.243,0,0
31314.755,0,0
29426.04,0,0
27237.392,0,0
24488.954,0,0
21586.703,0,0
19243.284,0,0
18062.639,0,0
16335.779,0,0
13983.74,0,0
11092.313,0,0
7931.05,0,0
6792.88,0,0
8245.461,0,0
9917.124,0,0
11676.395,0,0
12639.469,0,0
12407.233,0,0
11474.669,0,0
9826.306,0,0
8786.389,0,0
8735.399,0,0
8838.83,0,0
9088.428,0,0
9416.119,0,0
9827.664,0,0
9568.451,0,0
8397.828,0,0
6739.24,0,0
4909.308,1,1
3047.689,1,1
2083.916,1,1
3786.645,1,1
7798.535,0,0
9073.469,0,0
7208.576,0,0
2863.489,1,1
0.0,1,1
0.0,1,1
0.0,1,1
2397.192,1,1
6658.386,0,0
8795.437,0,0
9100.853,0,0
8768.535,0,0
7985.063,0,0
6861.203,0,0
5577.292,1,1
3901.221,1,1
1909.235,1,1
1912.836,1,1
3736.509,1,1
5561.575,1,1
7528.052,0,0
10975.247,0,0
16028.856,0,0
20425.336,0,0
24576.507,0,0
23025.342,0,0
15547.781,0,0
6754.156,0,0
0.0,1,1
0.0,1,1
0.0,1,1
0.0,1,1
0.0,1,1
0.0,1,1
0.0,1,1
0.0,1,1
0.0,1,1
0.0,1,1
0.0,1,1
0.0,1,1
0.0,1,1
0.0,1,1
0.0,1,1
0.0,1,1
0.0,1,1
0.0,1,1
0.0,1,1
0.0,1,1
0.0,1,1
0.0,1,1
0.0,1,1
0.0,1,1
0.0,1,1
0.0,1,1
0.0,1,1
0.0,1,1
0.0,1,1
0.0,1,1
0.0,1,1
0.0,1,1
0.0,1,1
178.613,0,0
4606.518,0,0
8416.055,0,0
12037.078,0,0
14300.435,0,0
15134.64,0,0
16728.988,0,0
18843.586,0,0
19873.458,0,0
19508.34,0,0
18167.488,0,0
14393.848,0,0
9549.247,0,0
5439.105,0,0
4703.073,0,0
7685.139,0,0
8450.52,0,0
5536.078,0,0
1161.222,0,0
0.0,0,0
0.0,0,0
0.0,0,0
0.0,0,0
4649.901,0,0
5924.562,0,0
3525.001,0,0
2062.631,0,0
1961.227,0,0
5386.26,0,0
12006.467,0,0
15886.494,0,0
17034.821,0,0
17465.027,0,0
17331.675,0,0
17836.018,0,0
18980.742,0,0
21675.478,0,0
25248.265,0,0
28448.741,0,0
31259.999,0,0
32785.745,0,0
32913.104,0,0
34302.124,0,0
35640.369,0,0
35934.532,0,0
35240.94,0,0
34943.954,0,0
34992.702,0,0
35262.196,0,0
35744.186,0,0
35894.028,0,0
35727.009,0,0
35900.601,0,0
36238.578,0,0
36677.163,0,0
37016.357,0,0
37901.967,0,0
39067.353,0,0
40049.761,0,0
40762.48,0,0
40852.71,0,0
40419.832,0,0
39986.799,0,0
39553.613,0,0
39253.037,0,0
39185.333,0,0
39017.821,0,0
38950.501,0,0
38246.077,0,0
36904.007,0,0
35433.804,0,0
33731.677,0,0
32510.634,0,0
31736.892,0,0
30762.317,0,0
29686.871,0,0
29608.233,0,0
30327.896,0,0
31015.139,0,0
31435.224,0,0
31773.298,0,0
31829.089,0,0
31982.45,0,0
31975.025,0,0
31921.001,0,0
31820.16,0,0
31719.318,0,0
31618.476,0,0
31812.003,0,0
32500.343,0,0
32963.929,0,0
33187.35,0,0
33151.02,0,0
32922.406,0,0
32780.402,0,0
32531.301,0,0
32196.239,0,0
31185.914,0,0
29891.403,0,0
28616.534,0,0
26967.057,0,0
24849.622,0,0
22853.477,0,0
21421.135,0,0
20082.731,0,0
19266.683,0,0
18103.089,0,0
16592.616,0,0
15224.91,1,1
14274.57,1,1
13358.973,1,1
12689.333,1,1
11317.918,1,1
9249.516,1,1
7818.046,1,1
7364.774,1,1
6697.032,1,1
5954.014,1,1
5302.054,1,1
5140.744,1,1
5254.716,1,1
5631.149,1,1
6257.819,1,1
7047.501,1,1
7146.472,1,1
6751.345,1,1
5913.277,1,1
5258.656,1,1
6570.628,1,1
9844.797,1,1
12549.59,1,1
15145.568,1,1
17423.5,0,0
19459.03,0,0
22643.688,0,0
26296.453,0,0
28450.656,0,0
28728.33,0,0
28496.362,0,0
26403.144,0,0
27394.709,0,0
31339.109,0,0
35055.036,0,0
37302.942,0,0
38309.642,0,0
38502.0,0,0
38703.917,0,0
38906.299,0,0
38956.87,0,0
38799.418,0,0
38642.246,0,0
38585.353,0,0
38713.965,0,0
39228.405,0,0
39577.68,0,0
39927.472,0,0
39951.26,0,0
39648.652,0,0
39446.041,0,0
39243.426,0,0
39258.715,0,0
39492.46,0,0
39726.939,0,0
39828.861,0,0
39127.698,0,0
37622.51,0,0
36083.097,0,0
34442.835,0,0
33302.256,0,0
32527.607,0,0
31551.877,0,0
30575.418,0,0
28997.904,0,0
25594.791,0,0
21795.688,0,0
16986.923,0,0
13673.681,0,0
12197.649,0,0
10720.339,0,0
9055.243,1,0
10295.775,0,0
13886.237,0,0
17480.506,0,0
20423.566,0,0
21680.682,0,0
21774.435,0,0
21768.182,0,0
21861.923,0,0
20876.739,0,0
18984.69,0,0
16475.691,0,0
13846.131,0,0
12247.025,0,0
11140.242,0,0
9270.056,1,1
6445.32,1,1
2455.452,1,1
0.0,1,1
0.0,1,1
0.0,1,1
0.0,1,1
0.0,1,1
0.0,1,1
1217.021,1,1
3604.614,1,1
3120.518,1,1
2262.505,1,1
841.232,1,1
847.247,1,1
2102.47,1,1
4243.213,1,1
7166.627,1,1
9326.464,1,1
10827.701,0,0
11438.858,0,0
11149.752,0,0
10516.882,0,0
9553.126,1,1
9434.191,1,1
10221.058,0,0
10219.253,0,0
9714.193,1,1
9771.713,1,1
10546.504,0,0
12277.977,0,0
14997.301,0,0
18272.029,0,0
21720.168,0,0
24803.592,0,0
27092.065,0,0
29274.108,0,0
31211.855,0,0
33055.133,0,0
34720.917,0,0
37138.127,0,0
39649.233,0,0
41395.741,0,0
42379.291,0,0
43503.57,0,0
44860.441,0,0
46087.963,0,0
46253.444,0,0
45431.196,0,0
44608.173,0,0
44364.816,0,0
44802.259,0,0
45140.439,0,0
45286.822,0,0
45165.887,0,0
44990.162,0,0
44814.461,0,0
44638.784,0,0
44493.662,0,0
44379.15,0,0
44200.0,0,0
44000.0,0,0
43800.0,0,0
43400.0,0,0
43079.094,0,0
42593.26,0,0
41838.007,0,0
40813.381,0,0
39788.73,0,0
38764.055,0,0
38194.664,0,0
38180.643,0,0
38166.707,0,0
38000.0,0,0
37800.0,0,0
37400.0,0,0
37100.0,0,0
36700.0,0,0
36400.0,0,0
36100.0,0,0
35900.0,0,0
35600.0,0,0
35372.732,0,0
35124.332,0,0
34775.806,0,0
34139.387,0,0
33920.847,0,0
34393.166,0,0
34599.983,0,0
34799.036,0,0
34742.053,0,0
34599.31,0,0
34444.32,0,0
34182.806,0,0
33662.1,0,0
32694.518,0,0
31827.672,0,0
30795.407,0,0
29173.243,0,0
26888.807,0,0
25112.156,0,0
24306.76,0,0
23510.782,0,0
22683.019,0,0
21776.746,0,0
20685.983,0,0
19493.153,1,1
18237.71,1,1
17069.982,1,1
16116.409,1,1
14812.992,1,1
13060.313,1,1
11995.211,1,1
11660.203,1,1
11529.103,1,1
11445.012,1,1
11915.815,1,1
13342.079,1,1
14302.86,1,1
14690.924,1,1
15025.363,1,1
15267.802,1,1
15047.761,1,1
14635.818,1,1
13586.04,1,1
12400.575,1,1
12618.54,1,1
14576.509,1,1
17207.068,1,1
20523.365,1,1
22763.781,0,0
24344.571,0,0
26806.392,0,0
29553.445,0,0
32183.57,0,0
34602.853,0,0
36879.802,0,0
39056.309,0,0
41000.676,0,0
42727.475,0,0
44340.838,0,0
45521.495,0,0
46092.201,0,0
46084.207,0,0
45753.878,0,0
45392.416,0,0
44486.241,0,0
43351.691,0,0
42316.617,0,0
41281.019,0,0
41114.777,0,0
41818.956,0,0
42624.031,0,0
43245.811,0,0
43452.461,0,0
43484.734,0,0
43517.238,0,0
43549.973,0,0
43466.275,0,0
43065.971,0,0
42665.667,0,0
42365.362,0,0
41857.247,0,0
40840.09,0,0
39762.586,0,0
38685.204,0,0
38100.0,0,0
38036.073,0,0
37862.34,0,0
37788.545,0,0
37471.671,0,0
36456.793,0,0
35293.475,0,0
33935.63,0,0
32306.955,0,0
30520.665,0,0
28314.017,0,0
25232.607,0,0
22874.324,0,0
21988.552,0,0
21102.207,0,0
20215.287,0,0
20676.856,0,0
22588.481,0,0
24401.624,0,0
26316.286,0,0
27126.167,0,0
27383.628,0,0
27726.648,0,0
27961.717,0,0
27173.17,0,0
25267.549,0,0
23710.692,0,0
21543.631,0,0
19341.414,0,0
17556.161,0,0
15911.555,0,0
15211.051,0,0
13541.161,0,0
10988.228,0,0
8802.756,0,0
7862.088,0,0
7235.79,0,0
6826.857,0,0
6588.971,0,0
6575.862,0,0
6179.989,0,0
5499.235,1,1
5155.088,1,1
5410.713,1,1
6486.819,0,0
8469.017,0,0
9759.653,0,0
10396.517,0,0
9677.236,0,0
7906.623,0,0
4790.293,1,1
0.0,1,1
0.0,1,1
0.0,1,1
0.0,1,1
0.0,1,1
0.0,1,1
0.0,1,1
0.0,1,1
0.0,1,1
0.0,1,1
0.0,1,1
0.0,1,1
0.0,1,1
2758.8,1,1
12251.407,0,0
21633.199,0,0
29219.321,0,0
33378.665,0,0
34628.638,0,0
35847.898,0,0
37103.452,0,0
37119.084,0,0
34817.008,0,0
31812.5,0,0
27514.037,0,0
22741.157,0,0
17014.38,0,0
11144.612,0,0
5392.717,1,1
2494.801,1,1
2284.257,1,1
2073.707,1,1
1863.152,1,1
4439.999,1,1
9676.316,0,0
15138.278,0,0
20463.938,0,0
21878.515,0,0
20318.314,0,0
18657.278,0,0
16810.74,0,0
14496.841,0,0
11592.256,0,0
8786.409,0,0
5879.298,0,0
8496.364,1,1
15905.086,1,1
22485.876,1,1
27133.41,1,1
29427.231,0,0
30146.621,0,0
30866.198,0,0
31319.402,0,0
31610.787,0,0
31674.483,0,0
31638.3,0,0
31702.238,0,0
32102.987,0,0
32441.671,0,0
32850.692,0,0
33259.848,0,0
33547.466,0,0
33613.415,0,0
33779.325,0,0
33945.196,0,0
34292.305,0,0
34794.33,0,0
35285.266,0,0
35770.218,0,0
35973.997,0,0
35798.504,0,0
34905.184,0,0
33475.795,0,0
32154.268,0,0
30878.039,0,0
29720.552,0,0
28646.155,1,1
27722.282,1,1
27011.157,1,1
25894.444,1,1
24063.683,1,1
21729.151,1,1
18604.245,1,1
17895.877,1,1
20189.397,1,1
21887.354,1,1
22888.755,1,1
24449.847,1,1
26283.074,1,1
28577.478,1,1
31345.038,0,0
32000.13,0,0
30893.447,0,0
29758.052,0,0
28596.56,1,1
28681.946,1,1
30060.625,0,0
30948.786,0,0
31352.549,0,0
30665.122,0,0
28445.932,1,1
26699.711,1,1
25467.684,1,1
26416.39,1,1
29225.853,0,0
31992.406,0,0
34261.616,0,0
34719.175,0,0
33465.765,0,0
33182.558,0,0
33863.002,0,0
35167.974,0,0
36982.941,0,0
38141.611,0,0
38461.945,0,0
39101.033,0,0
39882.144,0,0
41425.882,0,0
42755.443,0,0
43105.369,0,0
43455.666,0,0
43480.821,0,0
43280.556,0,0
43080.291,0,0
42780.025,0,0
42579.627,0,0
42279.097,0,0
42078.566,0,0
41778.035,0,0
42065.833,0,0
42612.118,0,0
42966.709,0,0
43174.988,0,0
42787.132,0,0
41940.689,0,0
40901.798,0,0
39862.802,0,0
39204.462,0,0
38826.989,0,0
38449.687,0,0
38172.558,0,0
37811.2,0,0
37620.843,0,0
37430.486,0,0
37100.0,0,0
36800.0,0,0
36300.0,0,0
35800.0,0,0
35267.034,0,0
34900.0,0,0
34500.0,0,0
34200.0,0,0
33800.0,0,0
33700.0,0,0
33700.0,0,0
33800.0,0,0
33800.0,0,0
34000.0,0,0
34300.0,0,0
34600.0,0,0
34900.0,0,0
35150.215,0,0
35439.963,0,0
35744.027,0,0
36041.519,0,0
35495.375,0,0
33926.026,0,0
32946.302,1,0
33178.326,0,0
33631.307,0,0
33564.623,0,0
32908.159,1,1
31719.264,1,1
30389.02,1,1
29088.228,1,1
29262.273,1,1
31052.378,1,1
33403.462,0,0
35275.775,0,0
35594.535,0,0
33668.207,0,0
31772.796,1,1
29904.863,1,1
28608.082,1,1
27862.943,1,1
26323.416,1,1
24004.553,1,1
23745.088,1,1
25765.623,1,1
27140.455,1,1
27664.02,1,1
28564.721,1,1
29791.629,1,1
30634.53,1,1
31473.936,1,1
32142.76,1,1
32981.018,0,0
34382.894,0,0
36070.143,0,0
36093.151,0,0
34592.996,0,0
33126.047,0,0
32114.523,1,1
32247.68,1,1
33486.179,0,0
34393.804,0,0
34869.819,0,0
35415.501,0,0
36381.525,0,0
37730.813,0,0
40036.991,0,0
41774.535,0,0
42959.037,0,0
44294.766,0,0
45479.625,0,0
46359.562,0,0
46777.432,0,0
46821.241,0,0
46290.59,0,0
45859.751,0,0
45328.723,0,0
45028.285,0,0
44958.718,0,0
44889.341,0,0
44820.153,0,0
44458.339,0,0
44058.199,0,0
43558.058,0,0
43157.918,0,0
42794.189,0,0
42466.907,0,0
42139.673,0,0
41812.487,0,0
41057.784,0,0
39875.416,0,0
38151.461,0,0
36380.545,0,0
35201.056,0,0
35099.819,0,0
34998.581,0,0
34997.341,0,0
34832.233,0,0
34700.565,0,0
34474.355,0,0
34148.289,0,0
34109.769,0,0
34058.902,0,0
34108.324,0,0
34158.036,0,0
34079.408,0,0
34128.229,0,0
34077.091,0,0
34125.994,0,0
34150.423,0,0
34150.348,0,0
34250.274,0,0
34250.199,0,0
34209.92,0,0
33954.043,0,0
33737.022,0,0
33461.094,0,0
32794.507,0,0
31711.693,0,0
31096.475,0,0
30883.654,0,0
29444.978,0,0
25835.472,1,1
23148.737,1,1
22693.088,1,1
21960.731,1,1
19702.183,1,1
17478.716,1,1
15681.22,1,1
15230.172,1,1
16522.426,1,1
18150.579,1,1
19781.706,1,1
20673.191,1,1
20646.468,1,1
22703.614,1,1
26765.37,1,1
32123.301,0,0
34189.681,0,0
34683.975,0,0
32552.195,0,0
28761.297,0,0
23531.856,1,1
24275.488,1,1
30728.221,0,0
35679.423,0,0
37259.248,0,0
36188.835,0,0
33512.51,0,0
32552.51,0,0
35332.456,0,0
36061.176,0,0
34853.854,0,0
32339.309,0,0
28530.576,0,0
25684.34,1,1
23424.567,1,1
22693.855,1,1
23594.475,1,1
23955.988,1,1
23781.695,1,1
24966.531,1,1
27966.154,0,0
31156.969,0,0
35144.02,0,0
36308.441,0,0
34739.171,0,0
32612.234,0,0
29699.921,0,0
28767.692,0,0
30340.751,0,0
31534.822,0,0
32576.782,0,0
34180.17,0,0
36545.404,0,0
37720.19,0,0
38883.809,0,0
40175.691,0,0
41328.239,0,0
42234.277,0,0
42866.761,0,0
43091.858,0,0
42865.13,0,0
42638.45,0,0
42411.819,0,0
41736.275,0,0
40711.772,0,0
39587.256,0,0
38562.729,0,0
38130.085,0,0
38100.0,0,0
38000.0,0,0
37900.0,0,0
37700.0,0,0
37300.0,0,0
36900.0,0,0
36600.0,0,0
36200.0,0,0
35900.0,0,0
35500.0,0,0
35200.0,0,0
34900.0,0,0
34800.0,0,0
34800.0,0,0
34700.0,0,0
34600.0,0,0
34700.0,0,0
34700.0,0,0
34800.0,0,0
34848.549,0,0
34575.393,0,0
34434.932,0,0
34287.374,0,0
33960.017,0,0
33040.8,0,0
31691.393,0,0
30381.647,0,0
28973.794,0,0
27453.75,0,0
25964.662,0,0
24623.698,0,0
23553.794,0,0
22557.962,0,0
21634.839,0,0
20724.834,0,0
19197.667,0,0
16963.92,0,0
16068.172,0,0
16638.407,0,0
16893.097,0,0
16551.724,0,0
15732.5,0,0
14331.204,1,1
12944.579,1,1
11803.312,1,1
11211.115,1,1
11210.585,1,1
11390.966,1,1
11737.384,1,1
11600.109,1,1
10749.806,1,1
9863.467,1,1
9212.145,1,1
10060.482,1,1
12415.886,1,1
13763.317,1,1
14027.857,1,1
12612.346,1,1
9502.397,1,1
9051.501,1,1
11487.86,1,1
14674.615,1,1
18692.012,0,0
22052.125,0,0
25140.03,0,0
28897.345,0,0
32518.211,0,0
34548.022,0,0
35718.269,0,0
37208.512,0,0
38525.492,0,0
39331.423,0,0
39928.583,0,0
40048.77,0,0
39595.61,0,0
36710.733,0,0
30109.821,0,0
21489.082,0,0
11382.198,1,1
10114.476,1,1
17887.301,0,0
24823.524,0,0
30919.614,0,0
33394.268,0,0
33855.4,0,0
34317.845,0,0
34681.606,0,0
32459.374,0,0
27122.344,0,0
20411.386,0,0
12713.656,1,1
11883.3,1,1
18042.121,0,0
23238.372,0,0
27076.323,0,0
28167.849,0,0
26928.486,0,0
25587.979,0,0
24346.326,0,0
23812.279,0,0
24187.205,0,0
24462.81,0,0
24739.095,0,0
25571.351,0,0
26960.268,0,0
27753.487,0,0
28431.938,0,0
28669.799,0,0
28466.402,0,0
28263.002,0,0
28059.599,0,0
28904.126,0,0
30626.965,0,0
32013.193,0,0
33132.287,0,0
33391.62,0,0
32101.723,0,0
30714.696,0,0
29320.519,0,0
28555.149,0,0
28408.884,0,0
28397.199,0,0
28542.539,0,0
28342.125,0,0
27982.776,0,0
26937.626,0,0
25102.908,0,0
23955.489,0,0
23222.404,0,0
23212.908,1,0
23953.885,0,0
23781.176,0,0
22529.276,1,1
21264.243,1,1
20068.061,1,1
18538.084,1,1
17073.209,1,1
15111.895,1,1
12774.186,1,1
10554.323,1,1
8137.043,1,1
5836.904,1,1
4018.091,1,1
4782.399,1,1
7864.443,1,1
10520.397,1,1
13832.397,1,1
15274.605,1,1
15025.815,1,1
16548.605,1,1
19446.942,1,1
21899.343,1,1
23851.437,0,0
24145.35,0,0
23194.348,1,1
22825.64,1,1
23148.238,1,1
24030.367,0,0
25422.366,0,0
26661.274,0,0
28168.508,0,0
31029.858,0,0
34396.863,0,0
37062.706,0,0
38158.802,0,0
38539.356,0,0
38882.051,0,0
40207.149,0,0
42355.407,0,0
43932.71,0,0
45099.806,0,0
45350.924,0,0
45283.427,0,0
45216.161,0,0
45149.127,0,0
44831.853,0,0
44163.757,0,0
43595.117,0,0
42781.639,0,0
42223.839,0,0
41839.466,0,0
41454.878,0,0
41070.074,0,0
40356.52,0,0
39313.894,0,0
38135.717,0,0
36856.416,0,0
36679.52,0,0
37337.857,0,0
37695.695,0,0
37558.617,0,0
37417.808,0,0
37435.391,0,0
37453.092,0,0
37438.678,0,0
37138.512,0,0
36752.474,0,0
36234.088,0,0
35815.603,0,0
35219.531,0,0
34445.588,0,0
33671.168,0,0
32850.173,0,0
31955.884,0,0
31207.117,0,0
30457.694,0,0
29605.23,0,0
29286.146,0,0
29636.555,0,0
29987.218,0,0
30221.634,0,0
30321.016,0,0
29881.968,0,0
29075.939,0,0
28350.501,0,0
28286.328,0,0
28748.254,0,0
28945.841,0,0
28914.617,0,0
27659.606,0,0
25659.514,0,0
23493.281,0,0
20843.928,0,0
17480.538,0,0
12924.841,0,0
10043.603,0,0
9521.762,0,0
8914.473,0,0
7899.142,0,0
8468.356,0,0
11132.587,0,0
13054.896,0,0
14525.493,0,0
13144.27,0,0
7979.425,0,0
4331.584,0,0
1873.792,0,0
421.536,0,0
148.51,0,0
0.0,1,1
0.0,1,1
0.0,1,1
0.0,1,1
0.0,1,1
0.0,1,1
0.0,1,1
0.0,1,1
0.0,1,1
0.0,1,1
0.0,1,1
0.0,1,1
0.0,1,1
0.0,1,1
0.0,1,1
0.0,1,1
0.0,1,1
0.0,1,1
0.0,1,1
0.0,1,1
0.0,1,1
0.0,1,1
0.0,1,1
0.0,1,1
0.0,0,0
0.0,0,0
0.0,0,0
2145.81,0,0
5677.04,0,0
10455.203,0,0
15471.921,0,0
20382.381,0,0
24745.888,0,0
29371.827,0,0
32678.1,0,0
35867.959,0,0
36026.096,0,0
33519.739,0,0
30820.328,0,0
28008.707,0,0
26908.672,0,0
28297.42,0,0
29353.061,0,0
30310.065,0,0
30186.667,0,0
28781.84,0,0
27377.009,0,0
25872.174,0,0
23231.13,0,0
18609.484,1,1
13191.326,1,1
6950.047,1,1
3465.178,1,1
3051.282,1,1
2637.374,1,1
2223.455,1,1
0.0,1,1
0.0,1,1
0.0,1,1
0.0,1,1
0.0,1,1
0.0,1,1
4888.157,1,1
12469.522,1,1
18061.304,1,1
21156.306,1,1
24233.75,0,0
26302.329,0,0
27326.808,0,0
27272.214,0,0
27020.979,0,0
26653.002,0,0
26847.886,0,0
27294.578,0,0
27337.279,0,0
27107.707,0,0
26826.057,0,0
25985.501,0,0
25636.053,0,0
25983.606,0,0
26465.255,0,0
27219.073,0,0
26743.991,0,0
24647.195,0,0
21265.339,1,1
16763.104,1,1
16649.916,1,1
21508.281,1,1
27010.903,0,0
30560.496,0,0
31286.371,0,0
31133.647,0,0
31649.8,0,0
32903.358,0,0
32968.79,0,0
29227.267,0,0
22544.565,0,0
16342.114,1,1
16178.446,1,1
21890.514,1,1
26293.002,0,0
29354.324,0,0
30835.018,0,0
30687.116,0,0
31465.632,0,0
32644.646,0,0
32864.472,0,0
30948.274,0,0
27754.384,0,0
25603.955,0,0
26674.589,0,0
30506.76,0,0
33492.997,0,0
35682.585,0,0
37041.354,0,0
38054.11,0,0
38949.784,0,0
39732.772,0,0
40584.161,0,0
40839.153,0,0
41640.334,0,0
42037.784,0,0
41287.522,0,0
40548.321,0,0
39659.656,0,0
38632.329,0,0
37201.871,0,0
35870.28,0,0
35478.817,0,0
36028.805,0,0
36579.42,0,0
37130.664,0,0
36839.822,0,0
35605.567,0,0
34370.171,0,0
33121.617,0,0
32462.186,0,0
33103.908,0,0
33430.548,0,0
33757.715,0,0
33811.275,0,0
33491.5,0,0
33171.441,0,0
32616.013,0,0
32199.244,0,0
31720.506,0,0
31241.579,0,0
30762.465,0,0
30599.58,0,0
30653.415,0,0
30807.717,0,0
30962.488,0,0
30978.618,0,0
30953.006,0,0
30830.715,0,0
30808.574,0,0
30518.432,0,0
30112.897,0,0
29554.076,0,0
28994.781,1,1
29512.082,1,1
31004.016,0,0
32199.367,0,0
33103.025,0,0
33603.211,0,0
33852.528,0,0
34012.395,0,0
34161.282,0,0
34097.353,0,0
33823.225,0,0
32839.647,0,0
31327.415,0,0
29250.895,1,1
26350.939,1,1
25720.323,1,1
27838.046,1,1
30010.37,0,0
31743.794,0,0
31036.119,0,0
27831.275,1,1
24944.926,1,1
22453.304,1,1
21496.01,1,1
22168.9,1,1
21980.516,1,1
21080.895,1,1
22341.736,1,1
25867.643,1,1
30008.518,0,0
34229.775,0,0
34457.513,0,0
31099.257,0,0
28154.374,1,1
25949.553,1,1
25106.797,1,1
25622.073,1,1
25056.503,1,1
23517.779,1,1
23772.265,1,1
25797.006,1,1
27798.474,1,1
29710.562,0,0
30366.68,0,0
30005.604,0,0
29932.728,0,0
30142.082,0,0
30745.069,0,0
31929.838,0,0
33177.023,0,0
33207.258,0,0
34379.526,0,0
35399.114,0,0
36042.816,0,0
36815.569,0,0
38554.21,0,0
40369.783,0,0
41510.135,0,0
42023.166,0,0
42429.935,0,0
42504.916,0,0
42273.714,0,0
42123.471,0,0
41973.244,0,0
41823.034,0,0
41660.382,0,0
41485.281,0,0
41410.188,0,0
41235.104,0,0
40910.158,0,0
40535.324,0,0
40060.465,0,0
39585.581,0,0
39285.515,0,0
39060.314,0,0
38935.15,0,0
38710.025,0,0
38172.449,0,0
37300.0,0,0
36300.0,0,0
35400.0,0,0
34800.0,0,0
34700.0,0,0
34500.0,0,0
34400.0,0,0
34000.0,0,0
33500.0,0,0
33000.0,0,0
32500.0,0,0
32100.0,0,0
31800.0,0,0
31500.0,0,0
31200.0,0,0
31100.0,0,0
31000.0,0,0
31000.0,0,0
31000.0,0,0
31200.0,0,0
31500.0,0,0
31800.0,0,0
32100.0,0,0
32500.0,0,0
33044.108,0,0
33522.528,0,0
33996.753,0,0
34061.688,0,0
33706.727,0,0
32820.933,0,0
31388.778,0,0
29631.316,0,0
27459.885,0,0
25335.669,0,0
23433.682,0,0
21164.602,0,0
18555.999,0,0
17247.844,1,1
17634.748,1,1
17731.606,1,1
17660.194,1,1
17712.083,1,1
17737.291,1,1
18162.597,1,1
18834.17,0,1
18163.415,1,1
16025.203,1,1
13889.957,1,1
11598.426,1,1
11452.554,1,1
13309.107,1,1
14697.335,1,1
15552.627,1,1
15301.496,1,1
13808.405,1,1
11868.417,1,1
10054.682,1,1
10097.111,1,1
11877.373,1,1
13421.076,1,1
14779.996,1,1
16437.829,1,1
18256.359,0,0
20101.868,0,0
21747.143,0,0
23588.331,0,0
25726.739,0,0
28203.136,0,0
30905.121,0,0
32261.569,0,0
33102.191,0,0
34289.8,0,0
36141.909,0,0
38741.365,0,0
40531.365,0,0
41421.022,0,0
42030.568,0,0
42493.224,0,0
42600.0,0,0
42400.0,0,0
42200.0,0,0
42000.0,0,0
41800.0,0,0
41600.0,0,0
41248.387,0,0
40851.945,0,0
40063.161,0,0
39499.037,0,0
39509.077,0,0
39371.535,0,0
39057.508,0,0
38837.419,0,0
38611.249,0,0
38385.14,0,0
38000.0,0,0
37400.0,0,0
36600.0,0,0
35641.906,0,0
34680.123,0,0
34149.17,0,0
34049.095,0,0
33949.019,0,0
33748.943,0,0
33542.669,0,0
33230.187,0,0
32917.69,0,0
32605.179,0,0
32323.689,0,0
32073.269,0,0
31822.899,0,0
31572.579,0,0
31397.438,0,0
31297.436,0,0
31197.435,0,0
30997.433,0,0
30972.501,0,0
31022.599,0,0
31072.647,0,0
31022.645,0,0
31222.622,0,0
31168.752,0,0
30764.242,0,0
30340.929,0,0
30192.761,0,0
29522.854,0,0
27521.173,0,0
26218.878,0,0
25236.409,0,0
23903.497,0,0
22918.055,0,0
22273.353,1,1
22065.348,1,1
22384.132,1,1
22577.308,1,1
22623.543,1,1
22484.927,1,1
22400.541,1,1
22059.923,1,1
21413.145,1,1
20844.367,1,1
20496.81,1,1
19464.416,1,1
17857.275,1,1
15756.393,1,1
13150.364,1,1
13188.576,1,1
15888.062,1,1
17867.177,1,1
18991.108,1,1
20147.007,1,1
21459.373,1,1
22825.613,0,0
24285.471,0,0
24389.201,0,0
23274.768,0,0
22060.696,1,1
20761.829,1,1
22026.689,1,1
25529.806,0,0
29304.965,0,0
31735.373,0,0
32485.873,0,0
32234.073,0,0
31930.601,0,0
32501.743,0,0
33514.484,0,0
35115.444,0,0
36293.66,0,0
37533.02,0,0
39429.943,0,0
40737.383,0,0
41592.543,0,0
42210.714,0,0
42345.503,0,0
42300.0,0,0
42100.0,0,0
41800.0,0,0
41400.0,0,0
41100.0,0,0
40800.0,0,0
40600.0,0,0
40400.0,0,0
40200.0,0,0
40000.0,0,0
40000.0,0,0
39900.0,0,0
39800.0,0,0
39600.0,0,0
39300.0,0,0
38900.0,0,0
38600.0,0,0
38000.0,0,0
37100.0,0,0
36200.0,0,0
35400.0,0,0
34891.232,0,0
34778.804,0,0
34666.366,0,0
34553.917,0,0
34335.238,0,0
34010.321,0,0
33585.382,0,0
33260.423,0,0
33003.977,0,0
32900.0,0,0
32600.0,0,0
32400.0,0,0
32200.0,0,0
32100.0,0,0
32000.0,0,0
31900.0,0,0
31800.0,0,0
31791.065,0,0
31653.323,0,0
31477.258,0,0
31517.451,0,0
31774.015,0,0
31565.816,0,0
31442.267,0,0
30962.972,0,0
30071.519,0,0
28868.611,0,0
27088.956,0,0
25045.316,1,1
22622.85,1,1
21296.943,1,1
21650.034,1,1
23339.439,1,1
25565.215,0,0
26771.162,0,0
27772.559,0,0
28404.967,0,0
28675.212,0,0
28168.189,0,0
26008.047,0,0
23086.771,1,1
20318.73,1,1
17857.17,1,1
15134.118,1,1
13553.167,1,1
12716.505,1,1
13446.534,1,1
15742.7,1,1
16922.097,1,1
17411.554,1,1
17877.255,1,1
18488.812,1,1
18152.97,1,1
17102.109,1,1
18308.958,1,1
21530.301,1,1
24039.19,1,1
25586.964,0,0
27034.35,0,0
28471.56,0,0
31303.186,0,0
34386.674,0,0
35997.279,0,0
36512.489,0,0
36775.054,0,0
36784.245,0,0
36769.622,0,0
37044.442,0,0
37579.49,0,0
38682.619,0,0
39825.548,0,0
40565.54,0,0
41385.347,0,0
42103.052,0,0
42727.806,0,0
42926.556,0,0
42744.068,0,0
42461.731,0,0
42279.494,0,0
41997.355,0,0
41797.051,0,0
41478.449,0,0
41259.768,0,0
41041.006,0,0
40840.616,0,0
40758.717,0,0
40676.898,0,0
40595.158,0,0
39701.831,0,0
37684.092,0,0
35296.267,0,0
32111.362,0,0
29071.616,0,0
27122.452,0,0
25072.317,1,1
23021.211,1,1
21241.802,0,0
18960.361,0,0
16616.673,0,0
14272.227,0,0
14547.983,0,0
17345.728,0,0
19937.963,0,0
21829.758,0,0
23707.908,0,0
25481.776,0,0
26322.934,0,0
27164.672,0,0
27380.82,0,0
26770.748,0,0
26260.417,0,0
25749.826,0,0
26347.684,0,0
28154.913,0,0
29551.049,0,0
30844.443,0,0
31392.575,0,0
31535.537,0,0
31281.003,0,0
31109.974,0,0
30502.342,0,0
29234.766,0,0
27775.224,0,0
25722.371,0,0
23952.132,0,0
22769.743,0,0
21736.83,0,0
20558.495,0,0
18407.541,0,0
15424.725,0,0
11984.286,0,0
8818.414,0,0
5776.691,0,0
2730.237,0,0
0.0,1,1
0.0,1,1
0.0,1,1
0.0,1,1
0.0,1,1
0.0,1,1
0.0,1,1
0.0,1,1
0.0,1,1
1858.361,0,0
2730.693,0,0
1909.12,0,0
1195.021,0,0
0.0,1,1
0.0,1,1
0.0,1,1
0.0,1,1
0.0,1,1
0.0,1,1
0.0,1,1
0.0,1,1
0.0,1,1
0.0,1,1
0.0,1,1
0.0,1,1
0.0,1,1
0.0,1,1
0.0,1,1
0.0,0,0
0.0,0,0
0.0,0,0
0.0,0,0
0.0,0,0
0.0,0,0
0.0,0,0
1949.439,0,0
6243.819,0,0
10359.015,0,0
12793.487,0,0
13517.029,0,0
14241.691,0,0
14967.473,0,0
14752.009,0,0
13493.444,0,0
12233.531,0,0
10972.265,0,0
11898.714,0,0
15216.452,0,0
18327.212,0,0
20958.572,0,0
21854.198,0,0
20711.482,0,0
19668.122,0,0
18624.116,0,0
17596.202,0,0
16584.856,0,0
15473.498,0,0
14462.129,0,0
10973.609,0,0
3952.799,0,0
0.0,1,1
0.0,1,1
0.0,1,1
0.0,1,1
0.0,1,1
0.0,1,1
0.0,1,1
0.0,1,1
0.0,1,1
0.0,1,1
0.0,1,1
0.0,1,1
0.0,1,1
0.0,1,1
0.0,1,1
0.0,1,1
0.0,1,1
0.0,1,1
0.0,1,1
0.0,1,1
0.0,1,1
0.0,1,1
0.0,1,1
0.0,1,1
0.0,0,0
0.0,0,0
0.0,0,0
0.0,0,0
0.0,0,0
0.0,0,0
0.0,0,0
0.0,0,0
0.0,0,0
0.0,0,0
0.0,0,0
0.0,0,0
0.0,0,0
0.0,0,0
0.0,0,0
0.0,0,0
0.0,0,0
1997.067,0,0
5013.409,0,0
5452.745,0,0
3234.145,0,0
0.0,0,0
0.0,0,0
0.0,0,0
0.0,0,0
0.0,0,0
0.0,0,0
0.0,0,0
0.0,0,0
0.0,0,0
0.0,0,0
0.0,0,0
0.0,0,0
1650.01,0,0
10033.518,0,0
15522.963,0,0
20373.763,0,0
24116.749,0,0
26707.408,0,0
27893.022,0,0
28223.273,0,0
28055.067,0,0
29843.757,0,0
33588.069,0,0
36204.835,0,0
38375.843,0,0
40298.977,0,0
41347.95,0,0
41748.88,0,0
42096.699,0,0
41795.763,0,0
40945.523,0,0
40095.098,0,0
39344.49,0,0
38997.908,0,0
39355.606,0,0
39613.457,0,0
39871.461,0,0
40358.957,0,0
40959.34,0,0
41347.692,0,0
41736.241,0,0
41838.265,0,0
41611.045,0,0
41400.0,0,0
41000.0,0,0
40200.0,0,0
38800.0,0,0
37400.0,0,0
36100.0,0,0
35300.0,0,0
35100.0,0,0
35000.0,0,0
34800.0,0,0
34600.0,0,0
34300.0,0,0
34100.0,0,0
33800.0,0,0
33600.0,0,0
33400.0,0,0
33200.0,0,0
33000.0,0,0
32800.0,0,0
32700.0,0,0
32600.0,0,0
32500.0,0,0
32329.435,0,0
32193.382,0,0
32057.307,0,0
31510.313,0,0
31326.77,0,0
31318.381,0,0
31087.988,0,0
30744.479,0,0
30247.787,0,0
29192.043,0,0
28445.978,0,0
28367.705,0,0
28183.083,0,0
27526.43,0,0
26214.935,1,1
23321.323,1,1
19772.241,1,1
16904.281,1,1
16624.538,1,1
19767.612,1,1
21342.949,1,1
21416.717,1,1
22297.362,1,1
23613.351,1,1
26962.427,0,0
30949.848,0,0
32574.912,0,0
32258.266,0,0
32279.288,0,0
32821.23,0,0
32320.822,0,0
30131.576,0,0
26895.398,0,0
23566.441,1,1
23093.397,1,1
25551.864,1,1
26715.302,0,0
26381.346,0,0
27944.175,0,0
31411.116,0,0
34621.128,0,0
37393.971,0,0
37976.504,0,0
36751.441,0,0
36514.629,0,0
37452.246,0,0
38014.36,0,0
38066.559,0,0
38034.045,0,0
37816.787,0,0
37580.322,0,0
37262.19,0,0
36810.01,0,0
36124.117,0,0
36054.98,0,0
36396.925,0,0
36196.809,0,0
34629.974,0,0
32766.69,0,0
29081.372,0,0
26859.703,0,0
26558.527,0,0
26257.35,0,0
25956.173,1,1
25416.213,1,1
24637.387,1,1
23759.745,1,1
22812.27,1,1
23183.277,1,1
24769.407,1,1
26023.024,1,1
27277.093,0,0
27753.819,0,0
27452.865,0,0
27251.912,0,0
26950.957,0,0
26250.003,0,0
25149.049,1,1
24148.094,1,1
23047.139,1,1
21314.503,0,0
18849.618,0,0
15691.943,0,0
12328.992,0,0
11078.254,0,0
12040.681,0,0
13003.318,0,0
13866.166,0,0
12931.583,0,0
10098.777,0,0
7365.126,0,0
4212.311,0,0
1241.365,0,0
0.0,1,1
0.0,1,1
0.0,1,1
0.0,1,1
0.0,1,1
0.0,1,1
0.0,1,1
0.0,1,1
0.0,1,1
0.0,1,1
0.0,1,1
0.0,1,1
0.0,1,1
0.0,1,1
0.0,1,1
0.0,1,1
0.0,1,1
0.0,1,1
1922.366,0,0
4938.517,0,0
6955.851,0,0
7671.187,0,0
6881.412,0,0
5845.855,0,0
4772.182,0,0
5377.332,0,0
7405.163,0,0
8937.634,0,0
9862.461,0,0
10792.406,0,0
11699.427,0,0
13011.049,0,0
14451.841,0,0
14776.603,0,0
11399.367,0,0
5272.672,0,0
0.0,1,1
0.0,1,1
6366.728,0,0
12539.876,0,0
15198.971,0,0
14408.312,0,0
12696.32,0,0
13120.238,0,0
15911.698,0,0
18121.344,0,0
18142.686,0,0
17354.308,0,0
17006.006,0,0
17784.486,0,0
19722.171,0,0
20149.074,0,0
19064.525,0,0
18165.752,0,0
17389.427,0,0
20327.032,0,0
26773.771,0,0
31235.239,0,0
34616.1,0,0
36528.466,0,0
36566.812,0,0
35697.645,0,0
34728.531,0,0
34068.725,0,0
33618.749,0,0
33168.608,0,0
32618.302,0,0
32105.831,0,0
31631.134,0,0
31044.343,0,0
30168.123,0,0
26159.67,0,0
17260.648,0,0
6242.336,0,0
0.0,1,1
0.0,1,1
0.0,1,1
0.0,1,1
0.0,0,0
0.0,0,0
0.0,0,0
0.0,0,0
0.0,0,0
0.0,1,1
0.0,1,1
7472.921,1,1
15095.436,0,0
19161.169,0,0
20463.825,0,0
21867.681,0,0
22931.022,0,0
23028.429,0,0
22725.871,0,0
22323.311,0,0
22020.749,0,0
22293.784,0,0
23042.792,0,0
23892.3,0,0
24642.309,0,0
24652.568,0,0
23822.136,0,0
22890.947,0,0
22047.022,0,0
22218.966,0,0
23697.606,0,0
24928.934,0,0
26151.733,0,0
26366.952,0,0
25670.724,0,0
24492.011,0,0
22815.899,0,0
19987.866,0,0
14743.954,0,0
9976.475,0,0
6205.408,1,1
7189.343,1,1
12130.676,0,0
15505.053,0,0
16032.894,0,0
14477.905,0,0
10935.103,0,0
9166.571,1,1
8572.967,1,1
8309.192,1,1
8742.394,1,1
7888.654,1,1
5744.855,1,1
3787.46,1,1
2028.346,1,1
2106.234,1,1
4050.412,1,1
6195.539,1,1
8423.011,1,1
9947.578,0,0
10782.518,0,0
11764.612,0,0
12852.159,0,0
12333.959,0,0
10476.429,0,0
8710.556,1,1
7131.874,1,1
6782.908,1,1
7786.802,1,1
7926.118,1,1
7557.08,1,1
9932.739,1,1
13827.364,0,0
16551.419,0,0
18343.885,0,0
19602.47,0,0
20649.393,0,0
22038.188,0,0
23660.078,0,0
25010.301,0,0
25897.11,0,0
27622.908,0,0
29441.729,0,0
30596.616,0,0
31708.258,0,0
31168.098,0,0
29174.285,0,0
27179.289,0,0
24841.775,0,0
22134.577,0,0
19425.723,0,0
16715.211,0,0
13788.01,0,0
13946.988,0,0
17201.449,0,0
20141.038,0,0
23082.904,0,0
24831.309,0,0
26324.434,0,0
27818.747,0,0
28974.344,0,0
28658.204,0,0
27221.641,0,0
25393.502,0,0
23464.614,0,0
22160.184,1,1
21380.437,1,1
20700.238,1,1
19919.587,1,1
20504.822,1,1
22457.125,1,1
24372.034,1,1
25317.787,1,1
25639.788,1,1
25337.571,1,1
25135.353,1,1
24833.133,1,1
25543.351,1,1
26899.506,1,1
27887.525,1,1
28940.633,1,1
29321.702,1,1
29321.141,1,1
29420.581,1,1
29420.02,1,1
29619.81,1,1
29765.214,1,1
29845.904,1,1
29922.315,1,1
30102.215,0,0
30475.473,0,0
30964.916,0,0
31363.679,0,0
31642.803,0,0
31800.608,0,0
32417.093,0,0
33391.463,0,0
34495.182,0,0
35823.662,0,0
36675.872,0,0
36667.866,0,0
36696.365,0,0
36627.874,0,0
35978.698,0,0
34588.947,0,0
33605.507,0,0
33150.54,0,0
32578.949,0,0
32092.491,0,0
31441.944,0,0
30828.5,0,0
30942.42,0,0
31876.989,0,0
32324.961,0,0
32387.306,0,0
32421.135,0,0
32327.816,0,0
31968.363,0,0
31153.159,0,0
32112.605,0,0
34958.013,0,0
37648.774,0,0
40103.485,0,0
40669.573,0,0
39166.862,0,0
37974.551,0,0
36997.653,0,0
37082.724,0,0
38129.956,0,0
39139.635,0,0
40110.587,0,0
40727.367,0,0
40854.844,0,0
40697.616,0,0
40325.246,0,0
40458.125,0,0
41088.709,0,0
42045.317,0,0
42600.0,0,0
42400.0,0,0
42300.0,0,0
42000.0,0,0
41700.0,0,0
41300.0,0,0
41000.0,0,0
40700.0,0,0
40600.0,0,0
40400.0,0,0
40300.0,0,0
40100.0,0,0
40000.0,0,0
39900.0,0,0
39700.0,0,0
39500.0,0,0
39100.0,0,0
38700.0,0,0
38300.0,0,0
37700.0,0,0
36900.0,0,0
36100.0,0,0
35300.0,0,0
35000.0,0,0
34793.113,0,0
34658.043,0,0
34485.489,0,0
33465.28,0,0
32006.72,0,0
30054.086,0,0
27899.864,0,0
26563.525,0,0
26513.216,0,0
26562.906,0,0
26512.596,0,0
26562.287,0,0
26711.977,0,0
26761.667,0,0
26895.106,0,0
26474.182,0,0
25350.0,0,0
24325.632,0,0
23289.154,0,0
21018.333,1,1
18352.613,1,1
15180.533,1,1
11247.349,1,1
10287.936,1,1
12004.351,1,1
13598.995,1,1
16034.732,1,1
19165.362,1,1
21572.8,0,0
23675.094,0,0
25524.147,0,0
25965.087,0,0
25317.294,0,0
25793.88,0,0
26959.902,0,0
28947.322,0,0
31735.69,0,0
32476.254,0,0
31256.653,0,0
29673.684,0,0
27831.906,0,0
26351.547,0,0
25037.991,0,0
23414.204,0,0
21275.777,1,1
20508.459,1,1
20807.705,1,1
20378.36,1,1
19514.718,1,1
19693.643,1,1
21013.691,1,1
20983.958,1,1
19808.731,1,1
19887.534,1,1
21061.841,1,1
23500.393,0,0
24689.591,0,0
23234.704,0,0
19575.404,1,1
15533.434,1,1
13586.626,1,1
16645.998,1,1
23758.552,0,0
28637.445,0,0
31406.381,0,0
33091.939,0,0
33893.924,0,0
35932.31,0,0
37511.507,0,0
38323.119,0,0
39229.521,0,0
38821.366,0,0
37345.675,0,0
35907.762,0,0
33687.004,0,0
33159.923,0,0
34886.879,0,0
35700.923,0,0
36615.52,0,0
37182.737,0,0
37669.506,0,0
37922.698,0,0
38176.041,0,0
38565.637,0,0
39091.645,0,0
39501.11,0,0
39667.087,0,0
39804.136,0,0
39912.235,0,0
39773.372,0,0
39458.926,0,0
38820.048,0,0
37856.723,0,0
36893.415,0,0
35930.126,0,0
35391.352,0,0
35300.0,0,0
35200.0,0,0
35100.0,0,0
34900.0,0,0
34500.0,0,0
34100.0,0,0
33700.0,0,0
33354.515,0,0
33068.57,0,0
32782.582,0,0
32496.55,0,0
32214.588,0,0
31879.985,0,0
31545.265,0,0
31210.428,0,0
30916.803,0,0
30564.345,0,0
30311.712,0,0
29781.285,0,0
29377.592,0,0
29091.766,0,0
28555.401,0,0
28009.672,0,0
27337.467,0,0
26329.704,0,0
25694.066,1,1
25439.859,1,1
26191.905,0,0
27781.395,0,0
29341.643,0,0
31206.343,0,0
32590.535,0,0
33982.458,0,0
34372.283,0,0
33844.429,0,0
33296.49,0,0
32935.886,0,0
33346.406,0,0
34331.005,0,0
34735.587,0,0
34462.172,0,0
34263.242,0,0
34595.861,0,0
35491.517,0,0
37133.809,0,0
37134.853,0,0
35687.413,0,0
34000.161,0,0
32378.57,0,0
31761.046,0,0
32251.143,0,0
32325.151,0,0
32079.655,0,0
30785.581,0,0
28667.316,0,0
26089.465,0,0
22971.988,1,1
22481.051,1,1
24434.607,1,1
26682.769,0,0
28720.87,0,0
29671.14,0,0
28958.737,0,0
27450.487,0,0
26084.0,0,0
27458.228,0,0
30466.377,0,0
31489.839,0,0
30929.172,0,0
29192.683,0,0
25614.435,1,1
22928.404,1,1
21032.698,1,1
19017.165,1,1
16481.956,1,1
14570.541,1,1
13126.669,1,1
11782.229,1,1
10337.221,1,1
10887.701,1,1
13435.084,1,1
15983.783,1,1
18193.028,1,1
19501.422,1,1
19925.98,1,1
20250.744,1,1
20675.716,1,1
22357.205,1,1
25171.356,1,1
27119.924,0,0
29169.613,0,0
30806.562,0,0
31200.185,0,0
31594.553,0,0
31739.1,0,0
31822.594,0,0
31995.805,0,0
32169.107,0,0
32342.5,0,0
31813.666,0,0
30782.264,0,0
29650.496,0,0
28434.028,0,0
27195.658,0,0
26119.307,0,0
25042.517,1,1
23852.272,1,1
23424.263,1,1
24062.35,1,1
24586.504,1,1
25010.865,1,1
25222.289,1,1
25320.617,1,1
25418.945,1,1
25517.272,1,1
25616.435,1,1
25916.435,0,0
26132.503,0,0
26372.674,0,0
26365.872,0,0
26302.061,0,0
25928.18,0,0
25438.159,1,1
25431.765,1,1
25815.537,1,1
25827.574,0,1
25562.276,1,1
25581.358,1,1
25968.799,0,0
26014.179,0,0
25719.698,1,1
23919.349,1,1
20556.715,1,1
19697.851,1,1
21397.42,1,1
22671.405,1,1
23177.294,1,1
24789.238,1,1
27111.171,0,0
28988.166,0,0
30425.906,0,0
31891.23,0,0
33377.702,0,0
35030.621,0,0
36490.073,0,0
37024.61,0,0
36811.081,0,0
36272.424,0,0
35756.04,0,0
35910.076,0,0
36929.989,0,0
37802.005,0,0
38527.254,0,0
38515.329,0,0
37595.871,0,0
37574.243,0,0
38568.603,0,0
38691.702,0,0
38013.369,0,0
37084.165,0,0
35826.212,0,0
36708.312,0,0
39392.102,0,0
41217.451,0,0
42348.791,0,0
42915.321,0,0
43004.001,0,0
42924.676,0,0
42841.217,0,0
42757.816,0,0
42642.588,0,0
42442.529,0,0
42057.596,0,0
41740.754,0,0
41323.892,0,0
41065.423,0,0
40865.362,0,0
40665.301,0,0
40565.24,0,0
40131.451,0,0
39463.876,0,0
38796.224,0,0
37984.357,0,0
37601.902,0,0
37666.2,0,0
37678.669,0,0
37612.365,0,0
37029.158,0,0
36029.02,0,0
34928.881,0,0
33928.742,0,0
32948.502,0,0
31798.733,0,0
30513.397,0,0
29059.893,0,0
27925.11,0,0
27275.834,0,0
26626.559,0,0
26077.283,0,0
25240.72,0,0
24404.893,0,0
23076.969,1,1
21648.858,1,1
19757.382,1,1
17402.681,1,1
14358.534,1,1
11210.896,1,1
7805.876,1,1
3831.243,1,1
0.0,1,1
0.0,1,1
0.0,1,1
0.0,1,1
508.405,1,1
3316.042,1,1
6063.383,1,1
8271.902,1,1
10748.23,1,1
13832.835,1,1
15820.076,1,1
17902.037,1,1
19945.101,1,1
21813.29,1,1
23353.779,0,0
24683.885,0,0
25087.463,0,0
24599.061,0,0
23179.041,0,0
20627.61,1,1
21221.139,1,1
25024.315,0,0
29265.368,0,0
33601.165,0,0
34785.15,0,0
32887.554,0,0
31383.089,0,0
30264.04,0,0
29222.977,0,0
27475.412,0,0
25792.995,0,0
24800.256,0,0
24673.513,0,0
25094.324,0,0
24758.768,0,0
23188.395,0,0
23552.63,0,0
25670.014,0,0
27111.514,0,0
27877.717,0,0
29175.905,0,0
30968.558,0,0
33056.029,0,0
34856.891,0,0
35777.809,0,0
36306.879,0,0
36884.484,0,0
37369.837,0,0
38430.907,0,0
39995.248,0,0
41369.116,0,0
42685.279,0,0
43364.482,0,0
43531.319,0,0
43500.0,0,0
43300.0,0,0
43100.0,0,0
42900.0,0,0
42600.0,0,0
42400.0,0,0
42100.0,0,0
41800.0,0,0
41600.0,0,0
41400.0,0,0
41200.0,0,0
41100.0,0,0
40900.0,0,0
40700.0,0,0
40600.0,0,0
40400.0,0,0
40200.0,0,0
39900.0,0,0
39600.0,0,0
39300.0,0,0
38700.0,0,0
37900.0,0,0
37100.0,0,0
36300.0,0,0
35800.0,0,0
35600.0,0,0
35500.0,0,0
35400.0,0,0
35000.0,0,0
34500.0,0,0
34000.0,0,0
33500.0,0,0
33100.0,0,0
32800.0,0,0
32500.0,0,0
32200.0,0,0
32100.0,0,0
32100.0,0,0
32100.0,0,0
32200.0,0,0
32300.0,0,0
32600.0,0,0
32800.0,0,0
33100.0,0,0
33500.0,0,0
33911.304,0,0
34102.462,0,0
34180.692,0,0
33694.128,0,0
32388.517,0,0
30891.847,0,0
29271.437,0,0
27865.857,0,0
26968.24,0,0
26075.143,0,0
24864.785,0,0
24050.413,0,0
23820.766,0,0
22636.666,0,0
20154.033,0,0
17384.508,1,1
14623.883,1,1
12837.673,1,1
12467.717,1,1
11043.322,1,1
8692.313,1,1
8266.216,1,1
10125.419,1,1
11986.129,1,1
13797.809,1,1
14436.013,1,1
13658.896,1,1
13124.861,1,1
12858.967,1,1
12326.127,1,1
11439.813,1,1
9971.339,1,1
7886.716,1,1
8574.159,1,1
11607.536,1,1
13980.426,1,1
15722.838,1,1
17484.772,1,1
19321.255,1,1
21503.894,0,0
23974.117,0,0
25276.625,0,0
26041.434,0,0
27227.126,0,0
28951.443,0,0
31729.103,0,0
34617.915,0,0
36736.044,0,0
38283.982,0,0
40513.203,0,0
43164.184,0,0
44213.244,0,0
44040.903,0,0
43768.468,0,0
43595.939,0,0
43421.364,0,0
42890.79,0,0
42460.027,0,0
42029.074,0,0
41915.19,0,0
42118.712,0,0
42176.946,0,0
42061.545,0,0
41709.885,0,0
41321.931,0,0
40933.985,0,0
40546.047,0,0
40115.695,0,0
39642.888,0,0
39270.032,0,0
38745.742,0,0
37813.956,0,0
36697.857,0,0
35681.682,0,0
34565.43,0,0
33675.17,0,0
32910.729,0,0
32102.909,0,0
31178.3,0,0
30415.225,0,0
29914.043,0,0
29412.859,0,0
28811.675,0,0
28546.424,0,0
28617.24,0,0
28588.236,0,0
28659.411,0,0
28150.323,0,0
27060.432,0,0
25819.59,0,0
24328.726,0,0
23781.756,0,0
23979.234,0,0
24276.71,0,0
24574.184,0,0
25632.596,0,0
27209.918,0,0
28620.325,0,0
29720.304,0,0
29537.524,0,0
27917.23,0,0
26426.351,0,0
24932.023,0,0
22811.444,0,0
19877.788,0,0
17115.116,1,1
14584.002,1,1
11797.846,1,1
8218.044,1,1
7014.143,1,1
9049.947,1,1
11161.294,1,1
13109.653,1,1
13474.427,1,1
11629.003,1,1
10921.829,1,1
11032.185,1,1
11899.995,1,1
13509.23,1,1
13875.544,1,1
13220.627,1,1
13791.05,1,1
15402.709,1,1
17150.131,0,0
19046.335,0,0
18936.599,0,0
17015.757,1,1
14530.273,1,1
11532.102,1,1
11582.848,1,1
14528.826,1,1
16875.793,1,1
18625.429,0,0
19529.276,0,0
19842.399,0,0
21554.317,0,0
24480.877,0,0
25846.2,0,0
25925.681,0,0
26202.145,0,0
26661.293,0,0
28518.516,0,0
30888.211,0,0
32731.85,0,0
34361.505,0,0
36705.771,0,0
38765.141,0,0
39894.363,0,0
40596.166,0,0
41298.752,0,0
41903.137,0,0
42132.479,0,0
42176.116,0,0
42320.144,0,0
42364.567,0,0
42184.108,0,0
42032.193,0,0
41780.326,0,0
41628.506,0,0
41388.806,0,0
41061.254,0,0
40700.0,0,0
40400.0,0,0
40000.0,0,0
39700.0,0,0
39400.0,0,0
39100.0,0,0
38300.0,0,0
37000.0,0,0
35700.0,0,0
34400.0,0,0
33800.0,0,0
33800.0,0,0
33800.0,0,0
33800.0,0,0
33600.0,0,0
33200.0,0,0
32700.0,0,0
32300.0,0,0
32000.0,0,0
31900.0,0,0
31700.0,0,0
31500.0,0,0
31300.0,0,0
31200.0,0,0
31000.0,0,0
30900.0,0,0
30900.0,0,0
30900.0,0,0
31000.0,0,0
30966.648,0,0
31029.653,0,0
31093.853,0,0
30941.98,0,0
30882.782,0,0
30235.893,0,0
28740.173,0,0
27434.771,0,0
26025.831,0,0
24173.233,0,0
22296.318,0,0
20082.595,0,0
17419.972,0,0
15707.456,0,0
15298.917,0,0
15141.036,1,0
15556.881,0,0
15440.284,0,0
14723.854,1,1
14581.754,1,1
15153.52,1,1
15188.342,1,1
14861.101,1,1
14667.971,1,1
14528.546,1,1
14561.24,1,1
14564.527,1,1
14237.901,1,1
13545.908,1,1
12713.559,1,1
11744.214,1,1
10750.348,1,1
9751.734,1,1
8828.478,1,1
8082.838,1,1
7557.438,1,1
6928.544,1,1
7411.999,1,1
8152.35,1,1
10897.793,1,1
15150.026,1,1
18907.033,0,0
22283.184,0,0
23969.884,0,0
24684.722,0,0
25804.719,0,0
27160.239,0,0
29952.747,0,0
33038.884,0,0
34884.524,0,0
35826.067,0,0
37632.643,0,0
39361.694,0,0
40130.673,0,0
40449.241,0,0
40593.993,0,0
40839.198,0,0
40769.293,0,0
40484.064,0,0
40199.006,0,0
39914.117,0,0
39829.399,0,0
39844.852,0,0
39860.476,0,0
39844.563,0,0
39744.314,0,0
39459.551,0,0
39242.902,0,0
38926.1,0,0
38609.11,0,0
38191.918,0,0
37774.551,0,0
37357.009,0,0
36159.552,0,0
33955.543,0,0
31485.569,0,0
28778.827,0,0
27800.483,0,0
28820.775,0,0
29474.599,0,0
30195.475,0,0
30771.659,0,0
30985.177,0,0
31054.458,0,0
31124.367,0,0
31059.34,0,0
30858.906,0,0
30558.471,0,0
30358.036,0,0
30039.496,0,0
29702.611,0,0
29465.409,0,0
29127.887,0,0
29186.026,0,0
29640.421,0,0
29995.294,0,0
30450.645,0,0
30609.829,0,0
30672.487,0,0
30635.145,0,0
30597.802,0,0
29921.96,0,0
28010.978,0,0
25473.087,0,0
22272.704,0,0
20431.169,0,0
21249.833,0,0
20796.97,0,0
18413.359,0,0
15712.281,0,0
12890.226,0,0
10478.207,0,0
8909.17,1,1
7653.022,1,1
6656.575,1,1
6272.261,1,1
6422.837,1,1
5870.949,1,1
4407.548,1,1
3334.561,1,1
2972.208,1,1
2678.457,1,1
2642.806,1,1
2396.93,1,1
1667.544,1,1
758.265,1,1
0.0,1,1
0.0,1,1
0.0,1,1
0.0,1,1
0.0,1,1
0.0,1,1
188.452,1,1
2625.672,1,1
5786.775,1,1
8249.273,1,1
9834.596,0,0
11907.312,0,0
14410.822,0,0
17894.318,0,0
21810.254,0,0
25136.557,0,0
27985.812,0,0
31055.772,0,0
33980.721,0,0
35953.323,0,0
37158.809,0,0
39169.147,0,0
41190.221,0,0
42119.45,0,0
42079.007,0,0
42124.619,0,0
42000.0,0,0
41800.0,0,0
41600.0,0,0
41300.0,0,0
41000.0,0,0
40800.0,0,0
40700.0,0,0
40393.658,0,0
40134.689,0,0
39857.944,0,0
39207.306,0,0
38656.203,0,0
38004.633,0,0
37411.102,0,0
36875.728,0,0
36161.054,0,0
35393.927,0,0
35066.381,0,0
34863.622,0,0
34449.856,0,0
34136.971,0,0
33870.643,0,0
33807.469,0,0
33644.34,0,0
33581.253,0,0
33418.21,0,0
33155.21,0,0
32792.253,0,0
32529.34,0,0
32185.926,0,0
31861.854,0,0
31537.615,0,0
30777.364,0,0
30695.328,0,0
31011.517,0,0
30985.489,0,0
30900.0,0,0
30800.0,0,0
30900.0,0,0
31000.0,0,0
31100.0,0,0
31200.0,0,0
31500.0,0,0
31700.0,0,0
32000.0,0,0
31474.219,0,0
29996.215,0,0
27738.88,0,0
24829.141,0,0
23196.68,0,0
23421.825,0,0
22463.288,0,0
20177.517,0,0
18551.95,0,0
17616.404,0,0
16720.012,0,0
15867.915,1,1
14811.304,1,1
13423.884,1,1
12513.703,1,1
12318.749,1,1
11909.67,1,1
11359.755,1,1
10987.396,1,1
10540.274,1,1
9915.16,1,1
9213.155,1,1
9619.749,1,1
11371.499,1,1
12602.687,1,1
13587.143,1,1
14786.671,1,1
16275.615,1,1
17880.336,0,0
19394.96,0,0
19704.303,0,0
18923.169,0,0
18317.382,0,0
18175.712,0,0
19152.048,0,0
21115.069,0,0
22595.975,0,0
23646.246,0,0
25949.889,0,0
28906.951,0,0
31532.845,0,0
33484.539,0,0
35224.1,0,0
37025.322,0,0
38340.443,0,0
39208.404,0,0
40555.088,0,0
42071.712,0,0
42178.792,0,0
40869.647,0,0
39040.519,0,0
36941.967,0,0
34523.461,0,0
31735.375,0,0
28051.211,0,0
23719.568,0,0
19735.2,0,0
16693.807,0,0
13169.215,1,1
9532.243,1,1
9802.928,1,1
13785.076,1,1
17330.717,0,0
20694.218,0,0
21807.525,0,0
20768.508,0,0
19728.957,0,0
18688.873,0,0
17449.103,0,0
16009.73,1,1
14469.929,1,1
13029.7,1,1
12840.695,1,1
14003.552,1,1
15166.831,1,1
16330.532,1,1
18028.238,1,1
19785.779,1,1
21299.384,1,1
22713.596,1,1
24114.879,1,1
24806.015,1,1
25483.95,1,1
26062.179,1,1
26740.923,1,1
27385.654,0,0
28028.8,0,0
28672.052,0,0
28571.647,0,0
27727.34,0,0
26982.817,0,0
26136.295,1,1
26705.465,1,1
28385.313,0,0
30029.496,0,0
31214.841,0,0
31236.423,0,0
29827.429,0,0
28198.181,0,0
26320.969,1,1
24246.27,1,1
21939.91,1,1
20479.784,1,1
19308.962,1,1
21314.322,1,1
25338.099,1,1
27606.156,0,0
28078.652,0,0
27802.342,0,0
26766.647,0,0
26635.375,1,0
27514.806,0,0
27967.797,0,0
28039.555,0,0
27867.636,0,0
27413.494,0,0
26836.664,0,0
26233.85,1,0
27622.571,0,0
30896.024,0,0
33297.578,0,0
34825.54,0,0
35053.189,0,0
34241.797,0,0
34630.094,0,0
36261.822,0,0
36476.236,0,0
35434.697,0,0
34427.912,0,0
33541.033,0,0
33046.92,0,0
32763.264,0,0
32426.796,0,0
32000.348,0,0
31883.955,0,0
32235.201,0,0
32705.384,0,0
33038.765,0,0
33942.477,0,0
35267.897,0,0
36718.535,0,0
38292.035,0,0
40692.772,0,0
42754.064,0,0
43257.578,0,0
42606.912,0,0
42056.013,0,0
41504.881,0,0
41041.233,0,0
40665.156,0,0
40188.962,0,0
39617.371,0,0
39005.792,0,0
38256.965,0,0
37607.772,0,0
36858.214,0,0
36656.734,0,0
37003.881,0,0
37351.393,0,0
37699.27,0,0
37901.747,0,0
37957.409,0,0
37850.517,0,0
37743.821,0,0
37496.112,0,0
36907.448,0,0
36170.684,0,0
35256.921,0,0
34824.713,0,0
34774.037,0,0
34823.386,0,0
34772.76,0,0
34697.455,0,0
34297.455,0,0
33997.454,0,0
33697.453,0,0
33378.907,0,0
33041.801,0,0
32804.677,0,0
32567.534,0,0
32299.424,0,0
32000.31,0,0
31693.293,0,0
31120.271,0,0
31108.669,0,0
31756.559,0,0
31992.862,0,0
32229.233,0,0
32354.032,0,0
32467.206,0,0
32680.38,0,0
32793.554,0,0
32298.421,0,0
31090.429,0,0
29833.336,0,0
28545.753,0,0
27673.614,0,0
26815.393,0,0
25371.305,0,0
23810.78,0,0
22846.68,0,0
22533.716,1,1
22473.947,1,1
22773.354,0,0
23060.485,0,0
23518.511,0,0
22131.702,1,1
18320.704,1,1
14375.985,1,1
10275.012,1,1
10316.323,1,1
14407.559,1,1
18122.81,1,1
21627.731,1,1
21594.223,1,1
18133.52,1,1
14758.152,1,1
11394.169,1,1
10888.817,1,1
13153.591,1,1
14874.484,1,1
16121.782,1,1
16566.67,1,1
16504.954,1,1
16026.002,1,1
15331.764,1,1
17252.501,1,1
21481.886,1,1
24371.657,0,0
26145.869,0,0
29474.076,0,0
33977.347,0,0
36913.057,0,0
38677.698,0,0
39625.893,0,0
39567.791,0,0
38761.61,0,0
37875.949,0,0
38947.948,0,0
40720.73,0,0
41420.188,0,0
41552.43,0,0
41684.826,0,0
41717.375,0,0
41459.041,0,0
40809.535,0,0
40259.799,0,0
39609.83,0,0
39147.129,0,0
38771.804,0,0
38396.392,0,0
38025.957,0,0
37825.268,0,0
37994.561,0,0
38069.006,0,0
38043.567,0,0
37755.354,0,0
37157.982,0,0
36310.432,0,0
35462.518,0,0
34451.032,0,0
33376.11,0,0
32201.006,0,0
31125.718,0,0
30387.222,0,0
30085.653,0,0
29884.083,0,0
29582.512,0,0
30324.063,0,0
31911.588,0,0
32683.821,0,0
32591.314,0,0
32200.0,0,0
31900.0,0,0
31600.0,0,0
31400.0,0,0
31200.0,0,0
31200.0,0,0
31100.0,0,0
31100.0,0,0
31300.0,0,0
31600.0,0,0
31900.0,0,0
32200.0,0,0
32700.0,0,0
33300.0,0,0
33900.0,0,0
34500.0,0,0
34479.4,0,0
33887.816,0,0
33276.185,0,0
32654.495,0,0
30871.258,0,0
27572.311,0,0
25303.792,0,0
23986.006,0,0
21368.596,0,0
17067.55,1,1
15273.918,1,1
16692.594,1,1
18682.963,1,1
20960.057,0,0
20677.883,0,0
17295.2,1,1
13801.46,1,1
9850.275,1,1
8322.194,1,1
9554.662,1,1
10155.708,1,1
10050.678,1,1
10477.729,1,1
11445.177,1,1
12242.277,1,1
12655.271,1,1
13642.69,1,1
15025.436,1,1
16264.031,1,1
17131.127,1,1
17785.329,1,1
18383.312,1,1
18793.707,1,1
19091.215,1,1
19955.089,1,1
21357.913,0,0
22838.037,0,0
24487.874,0,0
26017.465,0,0
27604.337,0,0
29340.071,0,0
31194.385,0,0
33032.115,0,0
34975.704,0,0
36697.424,0,0
38284.105,0,0
40475.812,0,0
42829.878,0,0
43800.0,0,0
43685.379,0,0
43415.559,0,0
43145.572,0,0
42890.16,0,0
42860.652,0,0
42794.214,0,0
42600.0,0,0
42400.0,0,0
42094.07,0,0
41660.109,0,0
41288.858,0,0
40988.655,0,0
40759.752,0,0
40393.807,0,0
40100.0,0,0
39700.0,0,0
39300.0,0,0
38942.495,0,0
38481.349,0,0
37987.41,0,0
37460.771,0,0
36900.0,0,0
36300.0,0,0
35900.0,0,0
35700.0,0,0
35500.0,0,0
35300.0,0,0
35000.0,0,0
34600.0,0,0
34100.0,0,0
33700.0,0,0
33266.73,0,0
33000.0,0,0
32600.0,0,0
32300.0,0,0
32100.0,0,0
32100.0,0,0
32100.0,0,0
32100.0,0,0
32200.0,0,0
32500.0,0,0
32700.0,0,0
33000.0,0,0
33491.279,0,0
34078.918,0,0
34766.546,0,0
35354.164,0,0
35088.767,0,0
33861.299,0,0
32473.667,0,0
31142.174,0,0
29912.493,0,0
28848.463,0,0
27615.624,0,0
26467.944,1,1
25370.183,1,1
24070.096,1,1
23090.044,1,1
22339.711,1,1
20965.514,1,1
18798.288,1,1
21796.839,1,1
29757.163,0,0
37570.077,0,0
41522.982,0,0
41922.434,0,0
39857.87,0,0
36736.596,0,0
34971.379,0,0
32930.259,0,0
30717.796,0,0
24395.266,1,1
14107.127,1,1
10344.014,1,1
13085.316,1,1
14137.125,1,1
13539.31,1,1
13482.775,1,1
14034.034,1,1
14284.637,1,1
13991.783,1,1
15089.261,1,1
17173.995,1,1
18777.243,1,1
19888.322,1,1
22058.478,1,1
25239.786,1,1
29559.392,0,0
32954.944,0,0
35569.198,0,0
37714.463,0,0
39047.404,0,0
39980.879,0,0
41970.576,0,0
44230.852,0,0
45155.54,0,0
45055.455,0,0
44955.369,0,0
44855.283,0,0
44541.541,0,0
43658.051,0,0
42874.27,0,0
41878.889,0,0
40813.696,0,0
39693.588,0,0
38639.157,0,0
37217.438,0,0
36604.601,0,0
36601.249,0,0
36598.144,0,0
36695.287,0,0
36804.042,0,0
37223.895,0,0
37544.156,0,0
37863.789,0,0
37351.136,0,0
36153.04,0,0
34804.513,0,0
33555.713,0,0
32780.909,0,0
32780.306,0,0
32679.703,0,0
32579.1,0,0
32149.921,0,0
31392.052,0,0
30534.03,0,0
29641.082,0,0
28177.147,0,0
26375.062,0,0
23903.152,0,0
20886.125,0,0
18061.532,0,0
14482.979,0,0
10903.264,1,1
7003.194,1,1
6999.927,1,1
10794.851,1,1
14371.135,0,0
17847.999,0,0
18745.531,0,0
17610.854,0,0
16226.329,0,0
14841.274,0,0
13681.075,0,0
12591.297,0,0
11258.009,0,0
9886.308,1,1
9526.1,1,1
9582.3,1,1
9621.617,1,1
11174.776,1,1
12372.627,0,0
12587.417,0,0
13250.13,0,0
14237.553,0,0
15712.403,0,0
16998.19,0,0
18059.876,0,0
18933.743,0,0
19719.963,0,0
20345.568,0,0
20386.216,0,0
19954.502,0,0
18766.065,0,0
16707.443,0,0
14040.218,0,0
9989.844,1,1
6798.777,1,1
4496.52,1,1
7070.948,1,1
14386.418,0,0
21892.77,0,0
26484.142,0,0
27239.986,0,0
26875.832,0,0
26041.203,0,0
24184.409,0,0
21711.549,0,0
18727.893,0,0
16947.24,0,0
17293.347,0,0
19314.42,0,0
22539.56,0,0
24835.273,0,0
25729.605,0,0
25950.246,0,0
25915.397,0,0
25774.707,0,0
25619.771,0,0
25772.879,0,0
26202.289,0,0
26209.773,0,0
26003.244,0,0
25896.71,0,0
25690.172,0,0
26166.258,0,0
27425.549,0,0
28585.613,0,0
29599.737,0,0
27507.494,0,0
21765.365,0,0
15277.536,0,0
8251.108,1,1
6122.5,1,1
8496.295,1,1
10938.544,1,1
13482.545,0,0
13172.828,0,0
10206.752,1,1
7138.909,1,1
4236.156,1,1
3423.788,1,1
4804.386,1,1
6153.625,1,1
7604.625,1,1
7656.769,1,1
6508.306,1,1
5259.271,1,1
4109.662,1,1
5423.286,1,1
9302.657,1,1
12645.81,1,1
15807.009,0,0
16920.12,0,0
15883.094,0,0
14945.644,0,0
14007.769,1,1
12537.735,1,1
10434.911,1,1
8430.817,1,1
5941.31,1,1
4786.648,1,1
4879.58,1,1
4872.507,1,1
4965.431,1,1
7161.749,1,1
11056.448,1,1
14733.93,0,0
18413.739,0,0
19898.751,0,0
20031.128,0,0
20111.273,0,0
20157.072,0,0
21366.854,0,0
22771.725,0,0
23911.946,0,0
24593.786,0,0
24791.912,0,0
24758.119,0,0
24796.353,0,0
24866.177,0,0
24503.923,0,0
23718.825,0,0
23078.767,0,0
22608.709,0,0
21656.839,0,0
20349.944,0,0
18365.423,0,0
15714.533,0,0
14204.919,0,0
13994.02,1,1
13732.072,1,1
13421.593,1,1
12328.29,1,1
10096.125,1,1
12265.82,1,1
18115.952,0,0
22425.221,0,0
25122.986,0,0
26945.084,0,0
27967.044,0,0
29260.86,0,0
30749.909,0,0
31618.748,0,0
31989.683,0,0
33306.445,0,0
35262.237,0,0
35992.085,0,0
35808.49,0,0
35029.483,0,0
34111.889,0,0
36767.812,0,0
41473.928,0,0
43898.97,0,0
45220.361,0,0
45898.658,0,0
45878.012,0,0
45844.257,0,0
45868.903,0,0
45641.817,0,0
45514.79,0,0
45202.529,0,0
44804.926,0,0
44301.06,0,0
43535.215,0,0
42723.411,0,0
41638.089,0,0
40256.002,0,0
38872.434,0,0
37862.538,0,0
37660.202,0,0
37457.864,0,0
37155.524,0,0
37845.079,0,0
39092.107,0,0
40041.452,0,0
40735.138,0,0
40041.772,0,0
38156.548,0,0
36339.289,0,0
34421.951,0,0
33228.711,0,0
32659.333,0,0
31989.564,0,0
31274.714,0,0
30753.402,0,0
30643.756,0,0
30434.185,0,0
30224.69,0,0
30479.091,0,0
30707.674,0,0
30936.611,0,0
31165.901,0,0
31295.13,0,0
31281.418,0,0
31267.778,0,0
31354.21,0,0
31400.0,0,0
31500.0,0,0
31500.0,0,0
31600.0,0,0
31700.0,0,0
31900.0,0,0
32029.292,0,0
32142.484,0,0
31599.373,0,0
30200.845,0,0
28577.752,0,0
26726.533,0,0
24104.953,0,0
19423.014,1,1
17035.629,1,1
19264.16,1,1
23502.93,0,0
26496.6,0,0
26163.239,0,0
23353.294,1,1
18307.005,1,1
13725.859,1,1
12146.026,1,1
14032.299,1,1
15195.518,1,1
15333.026,1,1
16114.918,1,1
17351.275,1,1
18454.505,1,1
19619.696,1,1
20104.827,1,1
19986.091,1,1
21404.969,1,1
24591.441,0,0
23942.236,0,0
19700.337,1,1
14400.364,1,1
8145.519,1,1
7968.025,1,1
13232.683,1,1
17628.276,1,1
20988.579,1,1
24363.895,0,0
27631.541,0,0
31411.215,0,0
34471.858,0,0
35857.834,0,0
35614.445,0,0
35051.018,0,0
34231.888,0,0
34653.452,0,0
35973.645,0,0
37008.89,0,0
37730.559,0,0
38675.141,0,0
39674.99,0,0
39708.809,0,0
38674.459,0,0
37471.58,0,0
36234.419,0,0
35784.165,0,0
36322.032,0,0
36759.359,0,0
37097.004,0,0
37671.844,0,0
38168.387,0,0
38553.587,0,0
38939.079,0,0
39053.605,0,0
38853.548,0,0
38653.49,0,0
38553.432,0,0
38353.36,0,0
38153.273,0,0
37953.187,0,0
37753.1,0,0
36940.711,0,0
35355.272,0,0
33737.722,0,0
32120.113,0,0
31261.255,0,0
31161.194,0,0
30961.132,0,0
30861.07,0,0
30719.801,0,0
30537.323,0,0
30354.845,0,0
30140.277,0,0
29840.262,0,0
29654.79,0,0
29337.206,0,0
29019.602,0,0
28566.846,0,0
27878.878,0,0
27144.409,0,0
26127.588,0,0
25256.451,0,0
24430.499,0,0
23202.122,1,1
22073.555,1,1
21859.582,1,1
22660.407,1,1
23461.315,1,1
24262.307,0,0
24645.982,0,0
24465.043,0,0
24364.687,0,0
24137.845,0,0
24062.104,0,0
23985.463,1,0
24018.782,0,0
24164.884,0,0
19531.97,1,1
8996.669,1,1
5436.389,1,1
11162.186,1,1
14940.937,1,1
15990.204,1,1
15740.391,1,1
13493.029,1,1
10485.586,1,1
6891.666,1,1
6974.279,1,1
10919.234,1,1
13861.869,1,1
15497.343,1,1
18493.262,1,1
22609.43,1,1
27522.933,0,0
31421.788,0,0
32562.746,0,0
32402.805,0,0
32370.9,0,0
32565.56,0,0
32736.16,0,0
32983.646,0,0
33672.783,0,0
34602.122,0,0
34145.006,0,0
32193.637,0,0
27991.399,0,0
22108.722,1,1
21833.114,1,1
26230.121,0,0
28929.032,0,0
30035.707,0,0
31284.141,0,0
32428.696,0,0
33359.684,0,0
34160.871,0,0
35532.518,0,0
37068.596,0,0
37888.042,0,0
37959.474,0,0
37993.719,0,0
38000.0,0,0
37800.0,0,0
37500.0,0,0
37200.0,0,0
36900.0,0,0
36700.0,0,0
36700.0,0,0
36600.0,0,0
36500.0,0,0
36400.0,0,0
36200.0,0,0
36000.0,0,0
35700.0,0,0
35600.0,0,0
35500.0,0,0
35400.0,0,0
35300.0,0,0
34600.0,0,0
33400.0,0,0
32100.0,0,0
30900.0,0,0
30200.0,0,0
30100.0,0,0
30000.0,0,0
29900.0,0,0
29800.0,0,0
29500.0,0,0
29200.0,0,0
28900.0,0,0
28700.0,0,0
28500.0,0,0
28300.0,0,0
28100.0,0,0
28000.0,0,0
27900.0,0,0
27800.0,0,0
27700.0,0,0
27600.0,0,0
27700.0,0,0
27700.0,0,0
27785.147,0,0
27798.916,0,0
27900.319,0,0
28001.674,0,0
27995.642,0,0
27537.47,0,0
26751.216,0,0
25756.31,0,0
24747.466,0,0
22997.123,0,0
19580.386,0,0
15675.447,0,0
11897.061,0,0
8318.202,0,0
5672.988,0,0
2038.656,0,0
0.0,1,1
0.0,1,1
0.0,1,1
0.0,1,1
0.0,1,1
1459.249,0,0
2346.773,0,0
1890.936,0,0
328.226,0,0
830.05,0,0
2225.585,0,0
0.0,1,1
0.0,1,1
0.0,1,1
0.0,1,1
0.0,1,1
0.0,1,1
0.0,1,1
0.0,1,1
0.0,1,1
0.0,1,1
0.0,1,1
0.0,1,1
0.0,1,1
0.0,1,1
0.0,1,1
0.0,1,1
0.0,1,1
0.0,1,1
0.0,1,1
2706.8,0,0
6612.102,0,0
11428.06,0,0
10115.024,0,0
1552.696,0,0
0.0,0,0
0.0,0,0
0.0,0,0
0.0,0,0
0.0,0,0
3976.054,0,0
5650.475,0,0
1661.73,0,0
0.0,0,0
0.0,0,0
0.0,0,0
0.0,0,0
0.0,0,0
0.0,0,0
0.0,0,0
0.0,0,0
0.0,0,0
0.0,0,0
0.0,0,0
0.0,0,0
0.0,0,0
0.0,0,0
0.0,0,0
0.0,0,0
0.0,0,0
0.0,0,0
0.0,1,1
0.0,1,1
0.0,1,1
0.0,1,1
0.0,1,1
1132.658,1,1
5657.776,1,1
9770.812,1,1
12823.968,1,1
14428.587,1,1
16034.713,1,1
17642.346,1,1
19009.187,1,1
20009.383,1,1
21010.249,1,1
22011.783,1,1
22653.799,1,1
23035.916,0,0
23418.154,0,0
23800.515,0,0
24972.458,0,0
26766.921,0,0
28269.432,0,0
29243.814,0,0
29115.051,0,0
28290.648,0,0
26886.425,0,0
25415.445,0,0
24562.912,0,0
24230.341,0,0
24157.128,0,0
24117.697,0,0
24270.36,0,0
24713.991,0,0
24037.26,0,0
22133.46,1,1
19318.94,1,1
15467.469,1,1
15273.232,1,1
19169.047,1,1
21869.455,1,1
23297.401,0,0
24822.759,0,0
26476.622,0,0
28129.111,0,0
30076.035,0,0
30820.569,0,0
30572.987,0,0
30709.158,0,0
31230.386,0,0
30806.726,0,0
29630.097,0,0
28289.156,0,0
26695.569,0,0
25502.561,0,0
24913.34,0,0
23927.987,0,0
22549.679,1,0
22734.672,0,0
24552.083,0,0
26174.726,0,0
27517.665,0,0
28418.739,0,0
28883.858,0,0
29793.355,0,0
31139.175,0,0
31924.005,0,0
32161.663,0,0
32319.412,0,0
32497.52,0,0
33141.526,0,0
34233.016,0,0
34800.0,0,0
34800.0,0,0
34678.998,0,0
34592.788,0,0
34394.21,0,0
34083.266,0,0
33648.774,0,0
32919.296,0,0
32495.45,0,0
32177.388,0,0
31959.267,0,0
31741.087,0,0
31140.824,0,0
30022.015,0,0
28802.745,0,0
27531.937,0,0
27330.452,0,0
28199.142,0,0
28917.356,0,0
29736.186,0,0
29824.793,0,0
29519.544,0,0
29214.444,0,0
28809.492,0,0
28881.888,0,0
28855.798,0,0
28792.058,0,0
28700.0,0,0
28400.0,0,0
28100.0,0,0
27641.534,0,0
27179.356,0,0
26810.896,0,0
26536.146,0,0
26261.32,0,0
25831.007,0,0
25503.739,0,0
25205.88,0,0
24907.719,0,0
24609.255,0,0
24659.417,0,0
24858.432,0,0
25057.445,0,0
25256.458,0,0
25465.93,0,0
25555.278,0,0
25574.677,0,0
25693.789,0,0
24811.093,0,0
22710.665,0,0
20453.6,0,0
17924.966,0,0
16071.936,0,0
14665.687,0,0
13069.375,0,0
11518.641,0,0
9481.934,0,0
6848.15,0,0
4750.317,0,0
3684.873,1,1
2640.544,1,1
1802.133,1,1
610.816,1,1
0.0,1,1
0.0,1,1
0.0,1,1
0.0,1,1
0.0,1,1
0.0,1,1
0.0,1,1
0.0,1,1
0.0,1,1
0.0,1,1
0.0,1,1
0.0,1,1
0.0,1,1
0.0,1,1
0.0,1,1
0.0,1,1
0.0,1,1
220.974,1,1
1083.738,1,1
2573.577,1,1
4660.745,0,0
6575.61,0,0
8586.189,0,0
11230.752,0,0
14403.504,0,0
17024.082,0,0
19094.646,0,0
22179.102,0,0
25652.658,0,0
28175.456,0,0
29790.759,0,0
31458.719,0,0
33390.359,0,0
34224.301,0,0
34075.449,0,0
33926.548,0,0
33877.598,0,0
33610.268,0,0
33287.223,0,0
32678.452,0,0
32069.273,0,0
31751.867,0,0
31926.647,0,0
32001.572,0,0
32176.643,0,0
31829.962,0,0
31061.07,0,0
30391.709,0,0
29477.342,0,0
29641.741,0,0
30392.865,0,0
31052.97,0,0
31049.749,0,0
30778.989,0,0
30100.0,0,0
29500.0,0,0
28900.0,0,0
28600.0,0,0
28600.0,0,0
28600.0,0,0
28600.0,0,0
28500.0,0,0
28100.0,0,0
27700.0,0,0
27400.0,0,0
27100.0,0,0
26900.0,0,0
26700.0,0,0
26600.0,0,0
26500.0,0,0
26400.0,0,0
26400.0,0,0
26300.0,0,0
26300.0,0,0
26300.0,0,0
26300.0,0,0
26300.0,0,0
26400.0,0,0
26600.0,0,0
26800.0,0,0
27000.0,0,0
26484.406,0,0
24890.113,0,0
23280.65,0,0
22056.684,0,0
21892.253,0,0
22426.255,0,0
22145.419,0,0
19502.814,0,0
15688.28,0,0
12341.013,1,1
10583.737,1,1
10883.358,1,1
10477.73,1,1
9119.111,1,1
9081.03,1,1
10390.651,1,1
11974.696,1,1
13856.928,1,1
14049.107,1,1
12374.82,1,1
10885.014,1,1
9555.752,1,1
9322.649,1,1
10027.765,1,1
10354.121,1,1
10140.867,1,1
10587.079,1,1
11610.61,1,1
12000.005,1,1
12028.918,1,1
13080.139,1,1
15142.696,1,1
17570.356,0,0
20241.777,0,0
20360.593,0,0
18417.188,0,0
16809.441,0,0
15607.479,1,0
17183.236,0,0
20989.737,0,0
23940.416,0,0
26132.657,0,0
27920.063,0,0
29489.687,0,0
30943.696,0,0
32099.305,0,0
33206.963,0,0
34134.634,0,0
34500.0,0,0
34300.0,0,0
34100.0,0,0
33800.0,0,0
33600.0,0,0
33400.0,0,0
33200.0,0,0
33000.0,0,0
32900.0,0,0
32800.0,0,0
32700.0,0,0
32600.0,0,0
32500.0,0,0
32400.0,0,0
32300.0,0,0
32200.0,0,0
32100.0,0,0
32000.0,0,0
31900.0,0,0
31700.0,0,0
31400.0,0,0
30800.0,0,0
30200.0,0,0
29600.0,0,0
29300.0,0,0
29100.0,0,0
29000.0,0,0
28900.0,0,0
28700.0,0,0
28400.0,0,0
28100.0,0,0
27800.0,0,0
27500.0,0,0
27300.0,0,0
27100.0,0,0
26800.0,0,0
26700.0,0,0
26700.0,0,0
26700.0,0,0
26700.0,0,0
26700.0,0,0
26600.0,0,0
26600.0,0,0
26600.0,0,0
26700.0,0,0
26900.0,0,0
27100.0,0,0
27300.0,0,0
26679.234,0,0
24579.71,0,0
22108.014,0,0
20460.429,0,0
19836.403,0,0
19849.253,0,0
19084.21,0,0
17679.106,0,0
16899.836,0,0
16767.082,0,0
16332.515,1,1
15492.223,1,1
14796.779,1,1
14392.653,1,1
12793.271,1,1
9708.275,1,1
5901.969,1,1
1290.288,1,1
123.351,1,1
2634.833,1,1
4421.562,1,1
5351.782,1,1
6406.784,1,1
7617.844,1,1
8960.764,1,1
10385.8,1,1
11191.405,1,1
11493.307,1,1
11392.193,1,1
10996.515,1,1
11489.538,1,1
12983.278,1,1
14553.982,1,1
16175.481,1,1
17390.131,0,0
18287.177,0,0
19129.757,0,0
19835.214,0,0
20801.295,0,0
21982.833,0,0
22972.801,0,0
23708.405,0,0
25537.948,0,0
27580.93,0,0
28874.624,0,0
29694.731,0,0
30410.305,0,0
30818.443,0,0
30500.261,0,0
29511.269,0,0
28421.464,0,0
27430.844,0,0
26980.152,0,0
27170.362,0,0
27461.057,0,0
27652.237,0,0
27263.492,0,0
26193.92,0,0
25011.547,0,0
23239.256,0,0
22350.28,0,0
22145.589,0,0
22040.895,0,0
21836.197,0,0
21394.19,0,0
20514.373,0,0
19733.88,0,0
18952.71,0,0
20008.896,0,0
23005.184,0,0
24456.094,0,0
25796.808,0,0
26497.399,0,0
27042.618,0,0
27588.472,0,0
28115.709,0,0
28295.535,0,0
28305.132,0,0
28415.208,0,0
28425.762,0,0
28389.557,0,0
28263.316,0,0
28137.161,0,0
27911.093,0,0
27823.386,0,0
27673.932,0,0
27424.42,0,0
27274.85,0,0
27075.739,0,0
26639.135,0,0
25929.602,0,0
25139.646,0,0
24915.595,0,0
25675.375,0,0
26200.374,0,0
26695.545,0,0
26657.733,0,0
25408.861,0,0
23663.378,0,0
22528.117,0,0
21757.999,0,0
20914.088,0,0
19835.961,0,0
17695.434,0,0
15560.04,0,0
13373.845,0,0
12077.498,1,0
12164.633,0,0
12071.042,1,1
11610.999,1,1
10657.023,1,1
9110.79,1,1
8178.733,1,1
8039.193,1,1
7618.227,1,1
6344.465,1,1
4382.35,1,1
1301.176,1,1
403.967,1,1
1886.736,1,1
3728.165,1,1
6069.393,1,1
6813.317,1,1
5990.761,1,1
5104.528,1,1
4299.685,1,1
5140.552,1,1
7283.173,1,1
8631.542,1,1
9411.386,1,1
11823.657,1,1
15637.012,0,0
18834.432,0,0
21227.803,0,0
23636.846,0,0
26380.021,0,0
28851.748,0,0
31118.42,0,0
32586.528,0,0
33562.703,0,0
34574.242,0,0
35446.939,0,0
36321.572,0,0
36937.582,0,0
37200.0,0,0
37000.0,0,0
36900.0,0,0
36800.0,0,0
36600.0,0,0
36300.0,0,0
36000.0,0,0
35700.0,0,0
35400.0,0,0
35200.0,0,0
35100.0,0,0
34900.0,0,0
34800.0,0,0
34666.852,0,0
34481.034,0,0
34295.117,0,0
34009.111,0,0
33685.575,0,0
33075.17,0,0
32364.354,0,0
31758.372,0,0
31057.531,0,0
30356.689,0,0
29655.846,0,0
29578.39,0,0
30124.89,0,0
30344.511,0,0
30380.168,0,0
30198.632,0,0
29799.709,0,0
29500.686,0,0
28993.845,0,0
28693.569,0,0
28600.197,0,0
28299.162,0,0
28098.245,0,0
28072.63,0,0
28100.0,0,0
28100.0,0,0
28100.0,0,0
28100.0,0,0
27922.798,0,0
27773.387,0,0
27609.286,0,0
27530.719,0,0
27960.805,0,0
28235.477,0,0
28510.225,0,0
28081.052,0,0
26439.362,0,0
24464.416,0,0
23343.805,0,0
22531.787,1,1
21661.541,1,1
21026.24,1,1
20494.763,1,1
20675.095,1,1
21786.169,1,1
20977.258,1,1
17855.42,1,1
13968.55,1,1
9465.365,1,1
8610.221,1,1
11939.816,1,1
15889.087,1,1
17859.15,1,1
17871.827,1,1
14363.046,1,1
7861.254,1,1
2762.388,1,1
2209.167,1,1
6081.244,1,1
8109.367,1,1
8162.524,1,1
10961.884,1,1
16375.837,1,1
22627.551,0,0
26657.155,0,0
27464.741,0,0
27890.576,0,0
29029.051,0,0
30724.596,0,0
31109.753,0,0
30380.423,0,0
29574.107,0,0
28761.349,0,0
29253.001,0,0
30836.584,0,0
32302.728,0,0
33693.559,0,0
34548.062,0,0
34872.769,0,0
34697.329,0,0
34446.76,0,0
35298.168,0,0
36707.828,0,0
37197.462,0,0
37197.461,0,0
37097.46,0,0
37097.459,0,0
36878.956,0,0
36541.93,0,0
36204.88,0,0
35867.806,0,0
35624.53,0,0
35375.048,0,0
35225.532,0,0
35075.983,0,0
35037.716,0,0
35110.843,0,0
35100.0,0,0
35100.0,0,0
34900.0,0,0
34600.0,0,0
34300.0,0,0
33900.0,0,0
33400.0,0,0
32500.0,0,0
31700.0,0,0
30885.028,0,0
30322.928,0,0
30273.2,0,0
30123.429,0,0
29973.616,0,0
29792.676,0,0
29101.852,0,0
28267.18,0,0
27432.146,0,0
27350.435,0,0
27922.707,0,0
28304.517,0,0
28266.51,0,0
28210.12,0,0
28035.227,0,0
27960.283,0,0
27785.289,0,0
27678.367,0,0
27380.116,0,0
27081.613,0,0
26782.857,0,0
26434.697,0,0
25923.145,0,0
25191.17,0,0
24458.563,0,0
23405.545,0,0
21838.742,1,1
20223.843,1,1
18576.054,1,1
17300.06,1,1
15634.315,1,1
14150.118,1,1
14157.493,1,1
12029.145,1,1
7520.79,1,1
4319.682,1,1
2870.605,1,1
3156.066,1,1
6734.122,1,1
7549.266,1,1
5385.553,1,1
2268.269,1,1
0.0,1,1
0.0,1,1
3043.262,1,1
7716.005,1,1
12157.606,1,1
15810.914,1,1
18899.805,1,1
22069.172,1,1
24811.773,0,0
26197.814,0,0
27016.78,0,0
27986.951,0,0
28980.321,0,0
28850.395,0,0
27291.267,0,0
25514.813,0,0
23651.05,0,0
23828.144,0,0
25637.944,0,0
26909.947,0,0
27472.092,0,0
27301.388,0,0
26943.242,0,0
26896.975,0,0
27146.269,0,0
26864.52,0,0
26059.758,0,0
24768.589,0,0
23301.853,0,0
22615.328,0,0
22384.92,0,0
24202.941,0,0
28031.937,0,0
30323.347,0,0
32210.575,0,0
32378.285,0,0
31162.527,0,0
29742.432,0,0
28152.681,0,0
28266.119,0,0
30133.89,0,0
31410.653,0,0
32669.301,0,0
33191.231,0,0
33287.318,0,0
33483.604,0,0
33680.091,0,0
33520.604,0,0
32904.835,0,0
32288.857,0,0
31672.668,0,0
30885.979,0,0
29749.009,0,0
28692.228,0,0
27535.165,0,0
26763.108,0,0
26276.175,0,0
25789.116,0,0
25401.93,0,0
25378.925,0,0
25720.57,0,0
26162.718,0,0
26605.368,0,0
26025.768,0,0
24423.042,0,0
22767.934,0,0
20785.827,0,0
20174.823,0,0
20935.99,0,0
21797.673,0,0
22659.874,0,0
22248.725,0,0
20663.156,0,0
18603.842,0,0
15573.327,0,0
15177.577,0,0
17418.764,0,0
19661.204,0,0
21555.853,0,0
22468.918,0,0
22275.576,0,0
21217.129,0,0
19002.016,0,0
16988.428,0,0
16016.372,0,0
14089.863,0,0
10585.618,0,0
7794.98,0,0
5941.574,0,0
2689.142,0,0
0.0,1,1
0.0,1,1
0.0,1,1
0.0,1,1
0.0,1,1
0.0,1,1
0.0,1,1
0.0,1,1
0.0,1,1
0.0,1,1
0.0,1,1
0.0,1,1
0.0,1,1
0.0,1,1
0.0,1,1
0.0,1,1
0.0,1,1
0.0,1,1
0.0,1,1
0.0,1,1
0.0,1,1
0.0,1,1
0.0,1,1
0.0,1,1
0.0,0,0
0.0,0,0
0.0,0,0
0.0,0,0
0.0,0,0
0.0,0,0
0.0,0,0
0.0,0,0
0.0,0,0
0.0,0,0
0.0,0,0
0.0,0,0
0.0,0,0
0.0,0,0
0.0,0,0
0.0,0,0
0.0,0,0
0.0,0,0
0.0,0,0
2434.615,0,0
8711.057,0,0
13850.942,0,0
18171.381,0,0
21653.628,0,0
24726.31,0,0
24518.481,0,0
21022.935,0,0
17006.272,0,0
12236.314,0,0
13194.197,0,0
19325.028,0,0
24142.596,0,0
26783.768,0,0
28052.521,0,0
28112.412,0,0
28173.002,0,0
28334.293,0,0
28303.406,0,0
28280.13,0,0
28257.276,0,0
28165.153,0,0
28002.644,0,0
28100.304,0,0
28098.419,0,0
28096.992,0,0
28066.022,0,0
28005.474,0,0
27770.152,0,0
27420.26,0,0
27269.603,0,0
26722.611,0,0
25899.034,0,0
25093.059,0,0
25097.037,0,0
26113.953,0,0
27016.829,0,0
27920.741,0,0
28529.373,0,0
28840.997,0,0
29219.369,0,0
29597.553,0,0
29399.116,0,0
27961.949,0,0
25349.319,0,0
21437.125,0,0
18817.237,0,0
18821.458,0,0
17134.679,0,0
13184.928,0,0
9596.398,0,0
6220.378,0,0
3269.994,0,0
1523.058,1,1
1073.779,1,1
1963.739,1,1
2221.322,1,1
1388.546,1,1
118.37,1,1
0.0,1,1
0.0,1,1
0.0,1,1
0.0,1,1
0.0,1,1
0.0,1,1
0.0,1,1
0.0,1,1
0.0,1,1
0.0,1,1
0.0,1,1
311.491,1,1
302.928,1,1
232.052,1,1
0.0,1,1
0.0,1,1
0.0,1,1
956.447,1,1
3549.918,0,0
6396.612,0,0
9587.398,0,0
12368.005,0,0
15000.59,0,0
17665.196,0,0
20545.008,0,0
24098.174,0,0
27718.701,0,0
30449.611,0,0
32479.425,0,0
34740.214,0,0
36929.049,0,0
37750.038,0,0
37649.832,0,0
37549.625,0,0
37449.419,0,0
37274.072,0,0
37123.634,0,0
36873.263,0,0
36722.959,0,0
36547.788,0,0
36347.698,0,0
36147.607,0,0
35947.517,0,0
35709.919,0,0
35334.737,0,0
34959.453,0,0
34427.772,0,0
33798.525,0,0
33098.828,0,0
32498.774,0,0
31898.362,0,0
31247.44,0,0
30646.276,0,0
30045.11,0,0
29443.943,0,0
28788.795,0,0
27938.271,0,0
27087.105,0,0
26235.297,0,0
25751.936,0,0
25537.622,0,0
25423.466,0,0
25209.47,0,0
24907.676,0,0
24617.843,0,0
24227.848,0,0
23837.689,0,0
23635.647,0,0
23721.963,0,0
23908.439,0,0
23995.075,0,0
24370.474,0,0
24934.88,0,0
25599.771,0,0
26245.243,0,0
26586.693,0,0
26907.11,0,0
27227.631,0,0
27548.256,0,0
27680.422,0,0
27353.92,0,0
26899.94,0,0
26104.02,0,0
24268.233,0,0
20647.437,0,0
16310.347,0,0
11448.553,1,1
10286.508,1,1
14346.398,0,0
14913.106,0,0
10979.071,1,1
7250.351,1,1
4017.791,1,1
2567.419,1,1
3092.171,1,1
3425.747,1,1
3392.598,1,1
3276.74,1,1
3131.066,1,1
2881.942,1,1
2633.303,1,1
3266.59,1,1
4776.059,1,1
6063.574,1,1
7029.432,1,1
7781.809,1,1
8351.847,1,1
8896.668,1,1
9326.626,1,1
10291.465,1,1
11675.753,1,1
12425.019,1,1
12637.4,0,0
14781.119,0,0
18451.021,0,0
22015.29,0,0
25405.419,0,0
27158.147,0,0
28100.978,0,0
29257.499,0,0
30462.178,0,0
31870.287,0,0
33321.337,0,0
34666.097,0,0
35803.089,0,0
36792.602,0,0
37137.585,0,0
36894.667,0,0
36397.253,0,0
35869.281,0,0
35305.294,0,0
34640.838,0,0
33875.911,0,0
33210.513,0,0
32544.643,0,0
32381.541,0,0
32922.126,0,0
33463.463,0,0
34005.554,0,0
34216.439,0,0
34234.846,0,0
34253.374,0,0
34372.023,0,0
34589.661,0,0
35006.747,0,0
34971.664,0,0
34822.126,0,0
34400.0,0,0
33800.0,0,0
33100.0,0,0
32400.0,0,0
32000.0,0,0
31900.0,0,0
31800.0,0,0
31509.207,0,0
31220.918,0,0
30770.376,0,0
30419.782,0,0
29969.136,0,0
29643.718,0,0
29443.565,0,0
29243.412,0,0
28943.26,0,0
28931.667,0,0
29008.771,0,0
29000.0,0,0
28900.0,0,0
28800.0,0,0
28900.0,0,0
29000.0,0,0
29000.0,0,0
29200.0,0,0
29400.0,0,0
29600.0,0,0
29800.0,0,0
29432.137,0,0
28516.965,0,0
27468.307,0,0
26500.993,0,0
24917.56,0,0
22054.025,0,0
19899.289,0,0
18824.615,0,0
17326.302,0,0
15108.855,0,0
13507.423,0,0
12825.351,0,0
11659.893,0,0
10133.612,0,0
9512.568,0,0
9968.622,0,0
10043.554,0,0
9707.142,0,0
8847.032,0,0
7551.86,0,0
6318.115,0,0
5248.935,1,1
5158.755,1,1
6038.672,1,1
6775.298,0,0
7255.844,0,0
6042.065,1,1
3197.485,1,1
821.444,1,1
0.0,1,1
0.0,1,1
0.0,1,1
0.0,1,1
0.0,1,1
0.0,1,1
1268.565,1,1
3428.124,1,1
4078.212,1,1
4370.234,1,1
4705.571,1,1
5523.196,1,1
6747.527,0,0
7684.984,0,0
8532.765,0,0
7618.636,0,0
4982.488,1,1
1884.449,1,1
0.0,1,1
0.0,1,1
2337.241,1,1
5907.854,1,1
9658.947,0,0
13985.434,0,0
18275.796,0,0
22347.523,0,0
25589.077,0,0
25973.098,0,0
24034.979,0,0
21848.686,0,0
19181.57,0,0
16732.701,0,0
14602.075,0,0
12470.141,0,0
9847.162,0,0
9537.859,0,0
11544.585,0,0
13262.743,0,0
14882.202,0,0
15238.966,0,0
14232.054,0,0
13325.138,0,0
12418.217,0,0
11430.411,1,1
10361.475,1,1
9292.21,1,1
8222.615,1,1
8501.514,1,1
10029.646,1,1
11658.433,1,1
13287.876,0,1
12501.628,1,1
9398.454,1,1
6294.292,1,1
2898.378,1,1
0.0,1,1
0.0,1,1
0.0,1,1
0.0,1,1
0.0,1,1
0.0,1,1
0.0,1,1
0.0,1,1
0.0,1,1
1286.466,1,1
6630.004,1,1
11448.074,1,1
14487.433,0,0
15472.705,0,0
16322.128,0,0
17162.913,0,0
18971.237,0,0
21467.974,0,0
23083.342,0,0
22114.588,0,0
19524.15,0,0
17397.533,0,0
15928.976,0,0
15248.958,0,0
15270.649,0,0
16412.577,0,0
18189.237,0,0
20459.702,0,0
23848.97,0,0
26884.588,0,0
27106.482,0,0
24946.403,0,0
22679.094,0,0
21494.503,0,0
20432.665,0,0
19261.386,0,0
16813.868,0,0
13186.406,1,0
14232.291,0,0
20002.452,0,0
25732.501,0,0
29131.826,0,0
29619.084,0,0
29517.45,0,0
29428.531,0,0
29460.064,0,0
30404.576,0,0
32230.736,0,0
34141.967,0,0
35966.633,0,0
36827.315,0,0
36529.399,0,0
36056.291,0,0
35611.9,0,0
36393.42,0,0
38294.274,0,0
40381.891,0,0
41300.0,0,0
41100.0,0,0
40900.0,0,0
40800.0,0,0
40591.226,0,0
40254.484,0,0
39917.649,0,0
39605.102,0,0
39316.983,0,0
39028.958,0,0
38700.0,0,0
38500.0,0,0
38400.0,0,0
38400.0,0,0
38300.0,0,0
38200.0,0,0
38000.0,0,0
37741.23,0,0
37478.738,0,0
37147.446,0,0
36847.394,0,0
36547.343,0,0
36147.291,0,0
35447.239,0,0
34247.187,0,0
33047.135,0,0
31947.083,0,0
31265.818,0,0
31203.369,0,0
31140.958,0,0
31078.585,0,0
30822.063,0,0
30471.265,0,0
30105.692,0,0
29085.641,0,0
28615.035,0,0
28494.474,0,0
28474.096,0,0
28353.903,0,0
28253.469,0,0
28072.518,0,0
27791.381,0,0
27610.059,0,0
27669.61,0,0
27970.406,0,0
28271.512,0,0
28572.927,0,0
28755.627,0,0
28980.779,0,0
29205.956,0,0
29531.16,0,0
29021.11,0,0
27047.24,0,0
24710.118,0,0
21994.403,0,0
19670.006,0,0
17949.004,0,0
16094.512,0,0
14520.274,0,0
12552.767,0,0
10197.256,1,1
8697.122,1,1
8447.678,1,1
8275.715,1,1
7671.357,1,1
6752.123,1,1
5420.805,1,1
3931.987,1,1
2252.462,1,1
1570.653,1,1
1847.077,1,1
1714.575,1,1
1138.296,1,1
1568.893,1,1
3223.308,1,1
4787.23,1,1
6149.099,1,1
6811.018,1,1
6818.96,1,1
6606.994,1,1
6205.266,1,1
6991.506,1,1
8834.135,1,1
10278.647,1,1
11370.715,0,0
13722.542,0,0
17118.824,0,0
20575.167,0,0
23984.439,0,0
25169.936,0,0
24875.826,0,0
25104.345,0,0
25816.111,0,0
28260.351,0,0
31333.163,0,0
33492.982,0,0
35209.262,0,0
36399.713,0,0
37140.72,0,0
37310.637,0,0
36936.189,0,0
36661.704,0,0
36387.181,0,0
36037.448,0,0
35851.231,0,0
35532.611,0,0
35213.932,0,0
34717.302,0,0
34142.526,0,0
33567.43,0,0
32845.659,0,0
32235.912,0,0
31857.434,0,0
31478.815,0,0
31100.055,0,0
31138.024,0,0
31493.04,0,0
31948.337,0,0
32284.372,0,0
31610.56,0,0
29867.683,0,0
28024.303,0,0
26280.42,0,0
25779.485,0,0
26521.971,0,0
27364.581,0,0
28107.318,0,0
28218.75,0,0
28037.759,0,0
27756.789,0,0
27575.838,0,0
27543.906,0,0
27961.03,0,0
28278.224,0,0
28303.779,0,0
28259.989,0,0
28084.964,0,0
28009.943,0,0
27934.927,0,0
27878.659,0,0
27741.119,0,0
27141.09,0,0
26484.806,0,0
26256.54,0,0
26556.375,0,0
26856.21,0,0
27156.046,0,0
26988.232,0,0
26277.466,0,0
25537.934,0,0
24785.003,0,0
22973.152,0,0
19646.627,0,0
17807.775,0,0
18294.732,0,0
19048.738,0,0
19091.098,0,0
18377.564,0,0
16022.371,0,0
12900.873,0,0
9963.787,0,0
9827.659,0,0
12696.998,0,0
14993.506,0,0
16697.595,0,0
15866.807,0,0
12195.31,0,0
8701.572,0,0
5665.681,1,1
5842.321,1,1
9068.5,0,0
10581.946,0,0
10458.684,0,0
10624.641,0,0
11394.175,0,0
11557.185,0,0
10083.986,0,0
5293.779,1,1
0.0,1,1
0.0,1,1
0.0,1,1
0.0,1,1
0.0,1,1
0.0,1,1
0.0,1,1
3383.358,1,1
6842.504,1,1
7572.426,0,1
6118.128,1,1
5132.122,1,1
3969.49,1,1
4952.37,1,1
8126.592,0,0
11221.466,0,0
13944.275,0,0
15637.927,0,0
16577.226,0,0
17417.468,0,0
18258.652,0,0
19418.273,0,0
20266.904,0,0
21196.607,0,0
22027.256,0,0
22390.043,0,0
22284.254,0,0
22178.459,0,0
22072.658,0,0
19802.767,0,0
14452.681,0,0
8273.188,0,0
846.747,1,1
0.0,1,1
1581.257,1,1
4451.488,1,1
7324.304,0,1
7012.543,1,1
3511.913,1,1
0.0,1,1
0.0,1,1
0.0,1,1
0.0,1,1
0.0,1,1
0.0,1,1
0.0,1,1
0.0,1,1
5858.592,0,0
14236.035,0,0
17149.475,0,0
16843.544,0,0
16537.606,0,0
16131.662,0,0
16025.217,0,0
16118.267,0,0
16111.309,0,0
16204.343,0,0
15720.027,0,0
14757.476,0,0
13793.735,0,0
12808.533,0,0
13467.481,0,0
15712.318,0,0
17959.362,0,0
20308.617,0,0
20047.908,0,0
16852.222,0,0
13431.218,0,0
11023.973,0,0
10900.409,0,0
12515.874,0,0
13468.131,0,0
12075.606,0,0
7021.481,0,0
0.0,1,1
0.0,1,1
0.0,1,1
0.0,1,1
0.0,1,1
0.0,1,1
0.0,1,1
0.0,1,1
0.0,1,1
0.0,1,1
0.0,1,1
0.0,1,1
0.0,1,1
0.0,1,1
0.0,1,1
0.0,1,1
3522.64,0,0
4147.266,0,0
1958.117,0,0
0.0,1,1
0.0,1,1
0.0,0,0
2042.102,0,0
10354.629,0,0
15624.078,0,0
17108.912,0,0
17196.885,0,0
16077.774,0,0
16280.629,0,0
17661.58,0,0
19912.413,0,0
21803.97,0,0
23599.928,0,0
25424.682,0,0
27144.403,0,0
28746.633,0,0
30865.499,0,0
32931.92,0,0
34605.068,0,0
35495.186,0,0
35690.379,0,0
35885.771,0,0
36081.361,0,0
36050.082,0,0
35849.964,0,0
35649.846,0,0
35449.729,0,0
35180.656,0,0
34784.087,0,0
34287.318,0,0
33890.348,0,0
33541.543,0,0
33241.051,0,0
32940.559,0,0
32640.066,0,0
32606.989,0,0
32941.598,0,0
32979.588,0,0
32891.698,0,0
32591.627,0,0
31879.263,0,0
31040.485,0,0
30004.163,0,0
29425.056,0,0
29503.505,0,0
29482.044,0,0
29560.674,0,0
29111.391,0,0
28234.005,0,0
27356.458,0,0
26331.588,0,0
26031.152,0,0
26355.469,0,0
26632.762,0,0
26810.217,0,0
27068.388,0,0
27307.214,0,0
27471.831,0,0
27621.875,0,0
27517.369,0,0
26242.488,0,0
24368.585,0,0
22047.186,0,0
19796.907,0,0
16706.044,0,0
13264.798,0,0
8608.552,1,1
7109.37,1,1
8423.042,1,1
9816.471,0,0
11198.43,0,0
11583.734,0,0
10663.117,0,0
10167.05,0,0
10233.86,0,0
9215.411,1,1
6731.856,1,1
6868.632,1,1
9475.088,0,0
11193.988,0,0
11929.65,0,0
11517.701,0,0
10212.642,0,0
8615.065,1,1
6453.451,1,1
5026.019,1,1
4200.51,1,1
5490.332,1,1
8991.52,1,1
10941.245,0,0
10987.004,0,0
9841.597,0,0
7507.642,1,1
7615.489,1,1
9797.456,0,0
10618.058,0,0
9927.345,0,0
7155.065,1,1
2127.869,1,1
0.0,1,1
0.0,1,1
0.0,1,1
0.0,1,1
0.0,1,1
0.0,1,1
0.0,1,1
3178.696,1,1
10080.905,0,0
17672.8,0,0
23410.827,0,0
27250.44,0,0
29715.16,0,0
31340.493,0,0
32800.055,0,0
34193.364,0,0
34645.363,0,0
34081.715,0,0
33517.754,0,0
32953.48,0,0
31684.725,0,0
29609.918,0,0
27163.392,0,0
23751.869,0,0
21713.01,0,0
21048.148,0,0
20382.893,0,0
19560.785,0,0
20659.307,0,0
23110.773,0,0
25664.103,0,0
27155.263,0,0
27170.584,0,0
26077.77,0,0
24766.484,0,0
22952.124,0,0
22548.441,0,0
23557.078,0,0
24063.975,0,0
24353.389,0,0
23849.386,0,0
22750.48,0,0
21331.507,0,0
19406.379,0,0
17710.081,0,0
16143.139,0,0
14574.404,0,0
12983.568,1,1
13403.837,1,1
15978.857,0,0
18458.154,0,0
19966.341,0,0
21855.632,0,0
23915.25,0,0
25599.675,0,0
26848.157,0,0
27371.476,0,0
27368.094,0,0
27264.242,0,0
27259.918,0,0
27263.994,0,0
27262.254,0,0
27001.67,0,0
26739.901,0,0
25999.79,0,0
24177.493,0,0
22039.043,0,0
20970.17,0,0
20749.235,0,0
21034.184,0,0
20554.83,0,0
19091.422,0,0
16613.419,0,0
13571.892,1,1
12403.109,1,1
13667.535,0,0
15307.331,0,0
17364.111,0,0
17660.761,0,0
15861.824,0,0
13951.89,0,0
12096.268,1,1
10673.436,1,1
10153.481,1,1
9733.21,1,1
9403.304,1,1
9228.759,1,1
9407.959,1,1
10192.833,1,1
11571.447,1,1
11282.527,1,1
9149.349,1,1
7069.633,1,1
5030.139,1,1
4331.143,1,1
4936.863,1,1
4741.469,1,1
4105.281,1,1
5511.088,1,1
8670.1,1,1
11447.75,1,1
14271.575,0,0
17057.546,0,0
19774.604,0,0
22378.998,0,0
25096.429,0,0
28219.014,0,0
31376.462,0,0
33714.99,0,0
35534.212,0,0
36928.814,0,0
37942.345,0,0
38400.0,0,0
38400.0,0,0
38300.0,0,0
38200.0,0,0
38000.0,0,0
37800.0,0,0
37600.0,0,0
37400.0,0,0
37140.925,0,0
36827.904,0,0
36514.826,0,0
36115.992,0,0
35725.945,0,0
35558.047,0,0
35333.393,0,0
35008.777,0,0
34733.886,0,0
34408.679,0,0
34083.46,0,0
33758.228,0,0
33051.138,0,0
31353.79,0,0
29551.952,0,0
27315.765,0,0
26252.929,0,0
26434.13,0,0
26615.331,0,0
26796.532,0,0
26737.259,0,0
26437.512,0,0
26237.765,0,0
25938.018,0,0
26621.812,0,0
27423.922,0,0
27770.631,0,0
27700.0,0,0
27600.0,0,0
27600.0,0,0
27600.0,0,0
27600.0,0,0
27697.404,0,0
27697.404,0,0
27697.404,0,0
27697.404,0,0
27800.0,0,0
28000.0,0,0
28200.0,0,0
28400.0,0,0
28134.688,0,0
26677.726,0,0
24514.704,0,0
21398.159,0,0
19362.615,0,0
19161.784,0,0
17805.084,0,0
14885.843,1,1
12072.675,1,1
9416.52,1,1
8334.537,1,1
9685.947,1,1
10948.915,1,1
11999.815,1,1
12851.809,1,1
13285.976,1,1
14412.127,1,1
16233.651,1,1
16168.331,1,1
13820.345,1,1
11597.169,1,1
9417.491,1,1
9363.139,1,1
11463.268,1,1
12909.089,1,1
13669.119,1,1
14784.896,1,1
16135.454,1,1
18003.761,0,0
20203.662,0,0
19793.417,0,0
16994.52,0,0
13717.139,1,1
10040.401,1,1
12179.044,1,1
19459.232,0,0
26639.548,0,0
30429.11,0,0
31164.102,0,0
31601.345,0,0
31848.248,0,0
31960.047,0,0
32881.673,0,0
34445.197,0,0
36316.614,0,0
37212.827,0,0
37012.7,0,0
36957.911,0,0
36800.0,0,0
36700.0,0,0
36600.0,0,0
36500.0,0,0
36300.0,0,0
36000.0,0,0
35700.0,0,0
35500.0,0,0
35300.0,0,0
35100.0,0,0
35000.0,0,0
34810.453,0,0
34660.705,0,0
34585.537,0,0
34410.381,0,0
34335.238,0,0
34197.889,0,0
33898.273,0,0
33598.59,0,0
33190.385,0,0
32471.348,0,0
31809.022,0,0
30873.314,0,0
30023.108,0,0
29560.455,0,0
29585.346,0,0
29610.249,0,0
29635.164,0,0
29435.115,0,0
29110.08,0,0
28785.028,0,0
28359.958,0,0
28003.628,0,0
27677.867,0,0
27060.034,0,0
26441.989,0,0
25774.39,0,0
24742.964,1,1
23624.288,1,1
22387.242,1,1
22385.752,1,1
23520.832,1,1
24638.865,1,1
25570.589,0,0
26029.145,0,0
26228.645,0,0
26428.144,0,0
26627.643,0,0
26123.208,0,0
24802.474,1,1
23363.08,1,1
21809.313,1,1
20429.833,1,1
19110.65,1,1
19104.936,1,1
21014.471,1,1
23218.779,1,1
24767.104,1,1
25155.029,1,1
24575.69,1,1
23728.252,1,1
22566.166,1,1
23001.309,1,1
25206.313,0,0
27058.423,0,0
28507.807,0,0
29246.255,0,0
29178.554,0,0
28936.759,0,0
28638.296,0,0
29716.453,0,0
32167.73,0,0
35275.172,0,0
37118.649,0,0
37318.393,0,0
35576.075,0,0
32690.94,0,0
30594.349,0,0
28971.541,0,0
27829.074,0,0
25825.836,0,0
22723.508,1,1
22154.747,1,1
23299.903,1,1
24499.191,1,1
25574.568,0,0
26874.573,0,0
28204.616,0,0
29110.796,0,0
29372.141,0,0
29202.202,0,0
28789.075,0,0
28990.555,0,0
30090.356,0,0
30730.55,0,0
31112.316,0,0
31448.873,0,0
31710.858,0,0
31973.155,0,0
32135.765,0,0
32034.561,0,0
31369.014,0,0
30703.073,0,0
30036.737,0,0
29795.365,0,0
29779.37,0,0
29863.531,0,0
29847.848,0,0
30723.954,0,0
32122.522,0,0
33257.559,0,0
33528.233,0,0
33447.269,0,0
33247.247,0,0
33047.224,0,0
32847.202,0,0
32234.624,0,0
31409.477,0,0
30484.314,0,0
29659.133,0,0
29014.473,0,0
27995.193,0,0
26469.244,0,0
24502.291,0,0
23349.501,0,0
23559.859,0,0
23650.721,0,0
23724.131,0,0
24085.201,0,0
24634.22,0,0
25183.879,0,0
25578.698,0,0
25869.724,0,0
26070.671,0,0
26271.824,0,0
26473.183,0,0
26473.037,0,0
26271.075,0,0
26068.905,0,0
25766.528,0,0
25654.582,0,0
25733.159,0,0
25711.653,0,0
25790.063,0,0
25232.551,0,0
23398.634,0,0
21396.407,0,0
20695.79,0,0
20653.741,0,0
20776.607,0,0
19913.938,0,0
18030.729,1,1
16661.346,1,1
15913.116,1,1
15001.791,1,1
13660.225,1,1
11420.278,1,1
8243.785,1,1
7142.373,1,1
8682.17,1,1
10176.93,1,1
11619.136,1,1
11745.505,1,1
10354.458,1,1
9660.609,1,1
8839.961,1,1
9467.842,1,1
11371.365,1,1
12827.599,1,1
13795.441,1,1
14752.99,1,1
15611.825,1,1
16264.127,1,1
16508.089,1,1
17186.842,1,1
18279.831,0,0
19263.57,0,0
20220.328,0,0
21172.495,0,0
22128.953,0,0
23221.311,0,0
24412.66,0,0
25423.593,0,0
26472.637,0,0
27265.708,0,0
28003.825,0,0
29718.31,0,0
31827.225,0,0
33370.007,0,0
34616.238,0,0
35165.548,0,0
35100.0,0,0
35100.0,0,0
35000.0,0,0
34900.0,0,0
34800.0,0,0
34600.0,0,0
34300.0,0,0
34000.0,0,0
33600.0,0,0
33400.0,0,0
33400.0,0,0
33300.0,0,0
33200.0,0,0
33200.0,0,0
33100.0,0,0
33000.0,0,0
32900.0,0,0
32800.0,0,0
32600.0,0,0
32290.499,0,0
32026.874,0,0
31315.001,0,0
29994.217,0,0
28773.074,0,0
27551.571,0,0
26990.742,0,0
27091.011,0,0
27291.485,0,0
27392.164,0,0
27673.749,0,0
27651.063,0,0
27489.974,0,0
27400.0,0,0
27200.0,0,0
27000.0,0,0
26900.0,0,0
26800.0,0,0
26700.0,0,0
26600.0,0,0
26500.0,0,0
26500.0,0,0
26400.0,0,0
26500.0,0,0
26500.0,0,0
26500.0,0,0
26600.0,0,0
26800.0,0,0
27000.0,0,0
27200.0,0,0
26737.084,0,0
25090.463,0,0
22211.933,0,0
18237.695,0,0
15673.608,0,0
15973.508,0,0
14672.841,0,0
11074.427,0,0
8040.533,0,0
5397.199,1,1
3151.243,1,1
1378.794,1,1
0.0,1,1
0.0,1,1
0.0,1,1
0.0,1,1
0.0,1,1
0.0,1,1
0.0,1,1
0.0,1,1
0.0,1,1
0.0,1,1
0.0,1,1
0.0,1,1
0.0,1,1
0.0,1,1
0.0,1,1
0.0,1,1
0.0,1,1
173.579,1,1
1450.348,1,1
3289.09,1,1
4842.206,1,1
6334.894,0,0
8211.794,0,0
10366.645,0,0
11841.644,0,0
12672.722,0,0
15671.3,0,0
19806.232,0,0
23277.998,0,0
26128.483,0,0
27837.368,0,0
29176.899,0,0
30476.739,0,0
31771.215,0,0
32672.332,0,0
33113.482,0,0
32931.894,0,0
32138.124,0,0
31443.853,0,0
30635.788,0,0
29462.112,0,0
28241.547,0,0
26815.673,0,0
25219.338,0,0
25333.678,0,0
27210.113,0,0
28593.68,0,0
29859.007,0,0
29698.576,0,0
28010.577,0,0
26014.968,0,0
23623.277,0,0
22756.562,0,0
23516.764,0,0
24177.611,0,0
24939.104,0,0
24664.203,0,0
23652.161,0,0
22539.772,0,0
21427.034,0,0
20796.83,0,0
20849.55,0,0
20802.442,0,0
20855.507,0,0
20936.545,0,0
21245.688,0,0
21455.178,0,0
21665.016,0,0
20695.69,0,0
18346.154,0,0
15103.557,1,1
11195.197,1,1
8987.854,1,1
8982.178,1,1
8976.499,1,1
9070.815,1,1
11039.029,1,1
14382.892,1,1
17581.793,0,0
19576.673,0,0
20288.202,0,0
20015.062,0,0
19641.392,0,0
19267.192,0,0
19658.248,0,0
20874.809,0,0
21905.552,0,0
22647.028,0,0
21069.173,0,0
17072.113,0,0
14510.93,1,1
13534.137,1,1
13506.302,1,1
14554.19,1,1
14753.203,1,1
14382.734,1,1
14032.927,1,1
13921.326,1,1
13225.281,1,1
11436.188,1,1
8086.651,1,1
3177.948,1,1
3964.013,1,1
10721.901,1,1
18434.89,0,0
22257.826,0,0
22590.852,0,0
20017.342,0,0
16772.161,0,0
12909.718,1,1
12957.016,1,1
16753.503,0,0
20097.239,0,0
22172.847,0,0
22161.735,0,0
20167.374,0,0
17839.851,0,0
15970.018,0,0
16173.631,0,0
18232.698,0,0
19618.746,0,0
20381.194,0,0
22088.908,0,0
24469.898,0,0
27560.786,0,0
29637.835,0,0
29936.881,0,0
30352.833,0,0
30982.127,0,0
31745.583,0,0
32164.532,0,0
32694.212,0,0
32239.626,0,0
30668.139,0,0
28525.507,0,0
25632.506,0,0
24195.062,0,0
24249.754,0,0
24304.445,0,0
24459.137,0,0
24895.557,0,0
25813.833,0,0
26632.283,0,0
27363.347,0,0
28048.337,0,0
28773.283,0,0
29361.519,0,0
29719.135,0,0
29608.746,0,0
29030.207,0,0
28351.587,0,0
27625.369,0,0
26718.962,0,0
25652.353,0,0
24685.665,0,0
23718.897,0,0
23085.689,0,0
22886.098,0,0
22786.507,0,0
22586.916,0,0
22380.576,0,0
22267.465,0,0
22054.322,0,0
21941.147,0,0
21874.551,0,0
22054.521,0,0
22134.444,0,0
22214.319,0,0
21741.827,0,0
20717.134,0,0
19486.963,0,0
18086.584,0,0
18378.198,0,0
20361.401,0,0
21917.594,0,0
23321.779,0,0
24213.802,0,0
24733.424,0,0
25153.025,0,0
25572.606,0,0
25659.152,0,0
25157.981,0,0
24635.005,0,0
24101.081,0,0
22612.849,0,0
20218.386,0,0
17974.477,0,0
15989.313,1,1
14168.044,1,1
12281.134,1,1
10016.977,1,1
6517.878,1,1
4128.256,1,1
3363.876,1,1
3712.33,1,1
5263.73,1,1
5805.392,1,1
5415.387,1,1
6307.931,1,1
8470.181,1,1
10447.028,1,1
12006.443,1,1
13954.486,1,1
16083.077,0,0
19096.729,0,0
22875.124,0,0
23931.826,0,0
22283.718,0,0
19572.45,0,0
16024.986,1,1
14090.149,1,1
14038.952,1,1
13429.303,1,1
12162.618,1,1
11837.35,1,1
13013.844,1,1
15046.516,1,1
17937.584,0,0
19699.9,0,0
20304.34,0,0
21200.579,0,0
22024.325,0,0
22321.324,0,0
22755.16,0,0
23527.918,0,0
24582.363,0,0
25637.316,0,0
26692.778,0,0
28176.488,0,0
29746.824,0,0
31016.119,0,0
31924.246,0,0
31883.423,0,0
30793.043,0,0
29506.203,0,0
27917.41,0,0
26376.675,0,0
24882.947,0,0
23388.514,0,0
21164.642,0,0
20045.715,0,0
20430.27,0,0
20815.172,0,0
21200.421,0,0
21532.214,0,0
21583.685,0,0
21735.283,0,0
21787.009,0,0
21485.001,0,0
20629.065,0,0
19872.999,0,0
19116.803,0,0
17704.532,0,0
15762.306,0,0
13818.831,0,0
11874.107,0,0
9535.403,0,0
7398.025,0,0
5258.674,0,0
3117.346,0,0
3128.356,0,0
5494.825,0,0
7763.476,0,0
10017.38,0,0
11989.552,0,0
14294.557,0,0
16562.059,0,0
17837.167,0,0
17514.141,0,0
14854.434,0,0
11376.574,0,0
7233.245,0,0
5707.819,0,0
7517.807,0,0
9329.171,0,0
10886.527,0,0
11108.305,0,0
9727.763,0,0
7549.403,0,0
4731.209,0,0
3623.306,0,0
4293.714,0,0
4127.035,0,0
3585.243,0,0
2016.191,0,0
0.0,1,1
0.0,1,1
0.0,1,1
0.0,1,1
0.0,1,1
0.0,1,1
0.0,1,1
0.0,1,1
0.0,1,1
0.0,1,1
0.0,1,1
0.0,1,1
0.0,1,1
0.0,1,1
0.0,1,1
0.0,1,1
0.0,1,1
0.0,1,1
0.0,1,1
0.0,1,1
0.0,1,1
0.0,1,1
1728.867,0,0
3957.211,0,0
6053.478,0,0
6195.335,0,0
4735.631,0,0
3589.253,0,0
2676.601,0,0
4440.295,0,0
8269.9,0,0
10669.269,0,0
11859.319,0,0
11780.187,0,0
10676.691,0,0
10219.26,0,0
10286.672,0,0
9990.267,0,0
9530.448,0,0
6724.556,0,0
1527.364,0,0
0.0,1,1
0.0,1,1
0.0,0,0
0.0,0,0
0.0,0,0
0.0,0,0
0.0,0,0
0.0,0,0
0.0,0,0
0.0,0,0
0.0,0,0
0.0,0,0
0.0,0,0
0.0,0,0
0.0,0,0
0.0,0,0
0.0,0,0
0.0,0,0
0.0,0,0
6524.582,0,0
13493.57,0,0
18502.043,0,0
20225.228,0,0
20376.397,0,0
20527.778,0,0
20679.373,0,0
20858.554,0,0
21165.484,0,0
21372.845,0,0
21680.637,0,0
21816.17,0,0
22081.115,0,0
22346.454,0,0
22612.19,0,0
22504.331,0,0
22222.398,0,0
21840.225,0,0
21457.811,0,0
22018.219,0,0
23452.214,0,0
24353.252,0,0
25250.766,0,0
25445.205,0,0
25545.096,0,0
25744.987,0,0
25844.878,0,0
25469.405,0,0
24330.044,0,0
22705.029,0,0
20681.456,0,0
18543.563,0,0
15929.452,0,0
13500.392,0,0
11997.412,0,0
10282.383,0,0
8366.158,0,0
6407.857,1,1
4570.153,1,1
2205.699,1,1
0.0,1,1
0.0,1,1
0.0,1,1
0.0,1,1
0.0,1,1
0.0,1,1
0.0,1,1
0.0,1,1
0.0,1,1
0.0,1,1
0.0,1,1
0.0,1,1
0.0,1,1
0.0,1,1
1839.77,1,1
3752.326,1,1
5682.964,1,1
6473.624,1,1
6207.566,1,1
6119.049,1,1
6040.407,1,1
7907.222,0,0
11220.935,0,0
14254.653,0,0
17104.848,0,0
19164.564,0,0
20986.009,0,0
22669.192,0,0
24400.449,0,0
27057.925,0,0
29619.804,0,0
30939.594,0,0
32079.564,0,0
33228.964,0,0
33600.0,0,0
33500.0,0,0
33300.0,0,0
33000.0,0,0
32800.0,0,0
32600.0,0,0
32500.0,0,0
32300.0,0,0
32200.0,0,0
32100.0,0,0
32000.0,0,0
31900.0,0,0
31778.776,0,0
31579.157,0,0
31242.008,0,0
30819.591,0,0
29964.354,0,0
29297.488,0,0
28805.461,0,0
28059.606,0,0
27212.612,0,0
25831.565,0,0
23573.286,0,0
21210.422,0,0
18113.701,0,0
17474.888,0,0
19608.753,0,0
21009.705,0,0
22312.808,0,0
22400.566,0,0
21070.041,0,0
19737.754,0,0
18303.698,0,0
17169.556,0,0
16264.278,0,0
15457.91,0,0
14550.451,0,0
14091.237,0,0
13981.077,0,0
13870.9,0,0
13860.705,0,0
13265.912,0,0
12085.158,0,0
10902.569,0,0
9797.597,0,0
6770.768,0,0
2361.654,0,0
0.0,1,1
0.0,1,1
0.0,1,1
4875.795,0,0
12166.579,0,0
16342.096,0,0
16029.316,0,0
11862.138,0,0
8866.512,0,0
8222.646,0,0
6650.577,0,0
3819.06,0,0
1539.679,0,0
0.0,1,1
0.0,1,1
0.0,1,1
0.0,1,1
0.0,1,1
0.0,1,1
0.0,1,1
0.0,1,1
0.0,1,1
0.0,1,1
0.0,1,1
0.0,1,1
0.0,1,1
0.0,1,1
0.0,1,1
0.0,1,1
0.0,1,1
0.0,1,1
0.0,1,1
0.0,1,1
0.0,1,1
0.0,0,0
0.0,0,0
0.0,0,0
0.0,0,0
0.0,0,0
0.0,0,0
0.0,0,0
674.562,0,0
6317.621,0,0
12004.302,0,0
18083.068,0,0
23454.728,0,0
24618.045,0,0
21677.289,0,0
18159.499,0,0
12534.5,0,0
8195.412,0,0
5087.679,0,0
1878.367,0,0
0.0,0,0
0.0,0,0
0.0,0,0
0.0,0,0
0.0,0,0
0.0,0,0
0.0,0,0
0.0,0,0
0.0,0,0
0.0,0,0
0.0,0,0
0.0,0,0
0.0,0,0
0.0,0,0
0.0,0,0
2548.536,0,0
12348.543,0,0
13233.432,0,0
5856.596,0,0
0.0,0,0
0.0,0,0
0.0,1,1
0.0,1,1
0.0,1,1
0.0,1,1
0.0,1,1
0.0,1,1
0.0,1,1
0.0,1,1
0.0,1,1
0.0,1,1
0.0,1,1
0.0,1,1
0.0,1,1
0.0,1,1
1667.883,0,0
8360.697,0,0
11272.257,0,0
11269.772,0,0
11267.287,0,0
11264.801,0,0
9255.166,0,0
4266.566,0,0
0.0,1,1
0.0,1,1
0.0,1,1
0.0,1,1
0.0,1,1
0.0,1,1
0.0,1,1
0.0,1,1
0.0,1,1
0.0,1,1
0.0,0,0
271.751,0,0
1443.918,0,0
1731.23,0,0
4491.112,0,0
9411.607,0,0
13942.025,0,0
18037.008,0,0
20228.21,0,0
21002.638,0,0
21385.38,0,0
21457.156,0,0
21948.598,0,0
22799.629,0,0
22376.36,0,0
20150.131,0,0
16990.145,0,0
13337.31,0,0
12420.021,0,0
14315.512,0,0
15806.151,0,0
16799.975,0,0
17266.127,0,0
17318.879,0,0
16544.908,0,0
15092.015,0,0
14729.953,0,0
15505.423,0,0
16084.071,0,0
16710.642,0,0
17305.35,0,0
17949.041,0,0
21039.644,0,0
25176.024,0,0
28302.871,0,0
30346.163,0,0
31724.011,0,0
32304.027,0,0
32517.409,0,0
32672.476,0,0
32990.18,0,0
33607.031,0,0
33571.887,0,0
33622.221,0,0
33478.613,0,0
33140.99,0,0
32803.348,0,0
32465.687,0,0
32359.379,0,0
32284.447,0,0
32209.527,0,0
32234.621,0,0
32197.412,0,0
32000.0,0,0
31900.0,0,0
31700.0,0,0
31600.0,0,0
31400.0,0,0
31200.0,0,0
31100.0,0,0
30600.0,0,0
30000.0,0,0
29300.0,0,0
28600.0,0,0
28200.0,0,0
28200.0,0,0
28140.66,0,0
27977.572,0,0
27689.214,0,0
27275.574,0,0
26632.953,0,0
25790.606,1,1
25740.893,1,1
26256.246,0,0
26233.082,0,0
26200.0,0,0
26100.0,0,0
26000.0,0,0
25900.0,0,0
25900.0,0,0
25800.0,0,0
25800.0,0,0
25800.0,0,0
25700.0,1,0
25800.0,0,0
26000.0,0,0
26200.0,0,0
26400.0,0,0
26482.698,0,0
26429.597,0,0
26468.716,0,0
26403.605,0,0
26041.456,0,0
25373.77,1,1
24559.286,1,1
23600.427,1,1
22387.179,1,1
20901.943,1,1
21230.478,1,1
23398.488,1,1
25477.285,1,1
27430.275,0,0
27371.046,0,0
25519.742,1,1
23433.859,1,1
21205.74,1,1
21084.285,1,1
22889.363,1,1
24312.054,1,1
25243.331,1,1
26032.21,0,0
26477.18,0,0
26940.22,0,0
27302.145,0,0
27376.367,0,0
27333.843,0,0
27077.947,0,0
26756.979,0,0
26487.104,0,0
26466.226,0,0
26462.964,0,0
26571.299,0,0
26449.628,0,0
25987.466,0,0
25535.586,1,1
24421.861,1,1
23745.777,1,1
23623.693,1,1
23826.065,1,1
24685.491,1,1
25941.748,0,0
27349.832,0,0
28701.473,0,0
29360.792,0,0
29160.473,0,0
28958.623,0,0
28897.973,0,0
29265.815,0,0
29533.817,0,0
29801.979,0,0
29507.659,0,0
28650.568,0,0
27793.253,0,0
26931.912,0,0
26538.825,0,0
26951.456,0,0
27344.162,0,0
27619.195,0,0
27747.191,0,0
27928.172,0,0
28009.25,0,0
28190.424,0,0
28365.746,0,0
28735.203,0,0
28967.043,0,0
29168.215,0,0
29350.208,0,0
29613.153,0,0
29438.308,0,0
29077.31,0,0
28834.187,0,0
28608.903,0,0
28383.62,0,0
28258.337,0,0
27920.404,0,0
27369.815,0,0
26919.218,0,0
26468.612,0,0
26187.567,0,0
26076.089,0,0
25964.611,0,0
25953.133,0,0
25900.0,0,0
25900.0,0,0
25800.0,0,0
25800.0,0,0
25900.0,0,0
26100.0,0,0
26300.0,0,0
26400.0,0,0
26800.0,0,0
27300.0,0,0
27700.0,0,0
28200.0,0,0
28294.763,0,0
27853.241,0,0
27399.3,0,0
26939.123,0,0
25461.488,0,0
22877.221,1,1
21196.961,1,1
20234.408,1,1
19020.606,1,1
17724.541,1,1
17506.503,1,1
18588.913,1,1
19310.315,1,1
19879.2,1,1
20904.486,1,1
22355.448,1,1
23929.038,1,1
25444.906,0,0
25984.939,0,0
25422.254,0,0
25273.568,0,0
25479.164,0,0
24842.087,0,0
23485.251,1,1
21159.039,1,1
18674.493,1,1
19078.748,1,1
22354.84,1,1
24430.401,0,0
25113.278,0,0
24929.653,0,0
24137.426,1,0
24505.808,0,0
26111.709,0,0
26430.017,0,0
25284.907,0,0
24533.507,0,0
24086.934,1,1
24380.629,1,1
25414.438,0,0
25985.048,0,0
26095.131,0,0
26231.977,0,0
26290.872,0,0
26648.599,0,0
27218.727,0,0
27568.095,0,0
27806.178,0,0
27649.292,0,0
27292.933,0,0
27036.531,0,0
26680.085,0,0
26351.511,0,0
26150.841,0,0
25950.172,0,0
25749.503,0,0
24908.674,0,0
22739.153,1,1
20322.441,1,1
17904.938,1,1
19555.474,1,1
24614.745,0,0
27558.42,0,0
29694.154,0,0
30172.534,0,0
29571.829,0,0
29040.424,0,0
28371.583,0,0
27737.006,0,0
27236.753,0,0
26636.5,0,0
26136.247,0,0
25876.527,0,0
25857.414,0,0
25938.396,0,0
25949.238,0,0
25799.37,0,0
25519.451,0,0
25239.574,0,0
25059.737,0,0
24970.293,0,0
25071.287,0,0
25172.385,0,0
25273.585,0,0
24631.076,0,0
23146.486,1,1
20984.773,1,1
18166.897,1,1
17816.224,1,1
20071.081,1,1
22099.372,1,1
23803.419,1,1
24794.809,0,0
25415.178,0,0
25935.588,0,0
26556.039,0,0
26322.517,0,0
25229.982,0,0
24136.583,0,0
23364.694,1,1
23407.465,1,1
23983.989,0,0
24156.112,0,0
24090.725,0,0
23947.673,1,1
23827.553,1,1
23388.742,1,1
22629.264,1,1
22626.569,1,1
23380.816,1,1
23672.875,1,1
24046.463,0,0
24096.655,0,0
23820.956,1,1
23172.459,1,1
22381.711,1,1
21624.197,1,1
21462.151,1,1
21844.94,1,1
22572.107,1,1
23378.576,1,1
24164.851,0,0
24985.497,0,0
25945.091,0,0
26358.582,0,0
26027.611,0,0
25725.578,0,0
25246.151,0,0
25689.288,0,0
26732.696,0,0
27628.459,0,0
27918.273,0,0
28222.51,0,0
28697.538,0,0
29103.107,0,0
29339.809,0,0
29749.979,0,0
30328.451,0,0
30911.868,0,0
31597.745,0,0
32499.465,0,0
33353.69,0,0
33853.868,0,0
34372.22,0,0
34465.917,0,0
34400.0,0,0
34200.0,0,0
34100.0,0,0
33900.0,0,0
33800.0,0,0
33600.0,0,0
33400.0,0,0
33300.0,0,0
33165.86,0,0
32877.514,0,0
32689.123,0,0
32444.889,0,0
32144.845,0,0
31944.802,0,0
31644.758,0,0
31388.934,0,0
31277.352,0,0
31165.8,0,0
31000.0,0,0
30500.0,0,0
29800.0,0,0
29000.0,0,0
28200.0,0,0
27800.0,0,0
27600.0,0,0
27340.395,0,0
27077.025,0,0
26732.616,0,0
26407.184,0,0
25981.729,0,0
25656.253,0,0
25343.452,0,0
25143.341,0,0
24843.231,0,0
24643.12,1,1
24568.456,1,1
24619.266,1,1
24670.111,1,1
24820.99,0,0
24795.487,0,0
24893.51,0,0
24891.444,0,0
24778.253,1,0
25078.027,0,0
25691.044,0,0
26193.063,0,0
26695.171,0,0
26796.309,0,0
26373.205,0,0
25372.189,0,0
24213.087,1,1
23685.655,1,1
23889.992,1,1
23895.115,1,1
23501.265,1,1
23246.493,1,1
23132.858,1,1
22774.875,1,1
22168.634,1,1
21975.95,1,1
21998.274,1,1
22259.156,1,1
22659.883,1,1
22558.21,1,1
22053.711,1,1
21881.816,1,1
22042.924,1,1
22891.991,1,1
24428.967,1,1
25580.44,0,0
26589.949,0,0
27340.555,0,0
27610.709,0,0
27690.653,0,0
27580.372,0,0
27102.464,0,0
26356.927,0,0
25956.588,0,0
26045.089,0,0
26118.147,0,0
26077.606,0,0
26374.858,0,0
26905.633,0,0
27725.127,0,0
28817.929,0,0
29093.431,0,0
28686.769,0,0
28571.565,0,0
28655.791,0,0
29037.111,0,0
29813.133,0,0
30544.814,0,0
31200.0,0,0
31600.0,0,0
32000.0,0,0
32200.0,0,0
32100.0,0,0
31900.0,0,0
31800.0,0,0
31700.0,0,0
31500.0,0,0
31300.0,0,0
31100.0,0,0
31000.0,0,0
30800.0,0,0
30700.0,0,0
30600.0,0,0
30400.0,0,0
30100.0,0,0
29800.0,0,0
29500.0,0,0
29300.0,0,0
29200.0,0,0
29100.0,0,0
29000.0,0,0
28700.0,0,0
28100.0,0,0
27500.0,0,0
26800.0,0,0
26384.578,0,0
26200.0,0,0
26000.0,0,0
25800.0,0,0
25600.0,0,0
25300.0,0,0
25000.0,0,0
24700.0,0,0
24400.0,0,0
24300.0,0,0
24100.0,0,0
23900.0,0,0
23800.0,0,0
23900.0,0,0
23939.697,0,0
23975.605,0,0
24005.09,0,0
24028.159,0,0
24051.214,0,0
23914.274,0,0
23961.258,0,0
24322.316,0,0
24783.396,0,0
25244.497,0,0
25230.201,0,0
24840.495,0,0
24310.279,0,0
23889.31,0,0
23010.476,0,0
22005.066,0,0
21071.44,0,0
20321.244,0,0
19392.095,0,0
18143.556,0,0
16589.946,0,0
15105.44,0,0
14174.371,0,0
13895.016,0,0
14172.738,0,0
14908.38,0,0
15815.273,0,0
16794.194,0,0
17922.916,0,0
19001.148,0,0
19590.923,0,0
19790.52,0,0
19292.304,0,0
18092.494,0,0
16499.991,0,0
13607.327,0,0
11466.102,1,1
10178.15,1,1
9140.054,1,1
8758.287,1,1
8728.806,1,1
8949.237,1,1
9264.023,1,1
9672.235,1,1
9829.592,1,1
9740.528,1,1
9425.159,1,1
9081.305,1,1
8471.569,1,1
7698.691,1,1
6097.95,1,1
3468.754,1,1
796.95,1,1
0.0,1,1
0.0,1,1
0.0,1,1
0.0,1,1
0.0,1,1
0.0,1,1
5536.238,1,1
11668.743,0,0
16805.759,0,0
18937.509,0,0
18735.609,0,0
18633.708,0,0
18431.806,0,0
20992.549,0,0
24334.959,0,0
26804.656,0,0
28484.573,0,0
28654.064,0,0
28479.636,0,0
28205.217,0,0
28030.807,0,0
27747.497,0,0
27222.875,0,0
26305.692,0,0
25120.465,0,0
24200.422,0,0
23990.557,0,0
23680.758,0,0
23471.025,0,0
22884.077,0,0
21919.466,0,0
20954.322,0,0
19900.498,0,0
18553.779,0,0
17306.331,0,0
15958.152,1,1
14121.15,1,1
14053.722,1,1
15540.645,1,1
16646.154,0,0
17752.803,0,0
17978.162,0,0
17321.031,0,0
16563.441,0,0
15905.391,1,1
16002.875,1,1
16856.58,0,0
17710.743,0,0
18565.363,0,0
19331.843,0,0
20014.763,0,0
20697.951,0,0
21381.407,0,0
22144.225,0,0
22588.755,0,0
22843.898,0,0
22593.421,0,0
21415.001,0,0
19572.138,0,0
18225.672,0,0
17671.311,0,0
17066.408,0,0
16522.089,0,0
15723.849,1,1
14534.484,1,1
13508.143,1,1
12550.661,1,1
11793.764,1,1
11179.342,1,1
10451.042,1,1
9629.644,1,1
9051.293,1,1
8582.224,1,1
7115.115,1,1
4660.008,1,1
5609.097,1,1
9990.43,1,1
14697.299,1,1
17854.406,0,0
18597.692,0,0
18485.065,0,0
18489.72,0,0
18681.795,0,0
18405.159,0,0
17581.756,0,0
16939.051,0,0
16159.578,0,0
16372.193,0,0
17566.234,0,0
18564.906,0,0
19384.174,0,0
20554.412,0,0
21988.414,0,0
23340.699,0,0
24794.785,0,0
25935.572,0,0
26767.201,0,0
28148.86,0,0
29182.759,0,0
29562.975,0,0
30000.0,0,0
30100.0,0,0
30000.0,0,0
29800.0,0,0
29700.0,0,0
29600.0,0,0
29500.0,0,0
29300.0,0,0
29200.0,0,0
29000.0,0,0
28900.0,0,0
28700.0,0,0
28514.303,0,0
28135.281,0,0
27341.107,0,0
26102.95,0,0
24457.254,0,0
23017.545,0,0
21917.532,0,0
20642.267,0,0
19365.981,0,0
18106.649,0,0
16150.946,1,1
14193.801,1,1
12235.214,1,1
12029.134,0,0
13477.719,0,0
14927.742,0,0
16379.203,0,0
16645.857,0,0
16342.125,0,0
16138.389,0,0
15834.65,0,0
15334.238,0,0
14618.336,0,0
13702.341,0,0
12685.72,0,0
12581.03,0,0
13289.208,0,0
13998.005,0,0
14507.346,0,0
13495.008,0,0
10358.094,0,0
7155.927,0,0
2692.111,0,0
320.702,0,0
44.327,0,0
0.0,1,1
0.0,1,1
553.131,0,0
2698.03,0,0
4915.136,0,0
7042.127,0,0
5786.644,0,0
1490.627,0,0
0.0,1,1
0.0,1,1
0.0,1,1
0.0,1,1
0.0,1,1
0.0,1,1
0.0,1,1
0.0,1,1
0.0,1,1
0.0,1,1
0.0,1,1
0.0,1,1
0.0,1,1
0.0,1,1
0.0,1,1
0.0,1,1
0.0,1,1
0.0,1,1
0.0,1,1
0.0,1,1
0.0,1,1
0.0,1,1
0.0,0,0
0.0,0,0
0.0,0,0
0.0,0,0
0.0,0,0
0.0,0,0
0.0,0,0
0.0,0,0
0.0,0,0
0.0,0,0
0.0,0,0
0.0,0,0
0.0,0,0
0.0,0,0
0.0,0,0
0.0,0,0
0.0,0,0
2830.918,0,0
7742.685,0,0
12208.779,0,0
13037.872,0,0
10019.028,0,0
6997.69,0,0
3581.837,0,0
3078.809,0,0
5494.984,0,0
7553.385,0,0
9713.72,0,0
13235.207,0,0
16997.578,0,0
20613.319,0,0
22532.389,0,0
24479.478,0,0
26068.1,0,0
27183.428,0,0
28123.255,0,0
28119.748,0,0
28171.994,0,0
28200.0,0,0
28100.0,0,0
27900.0,0,0
27600.0,0,0
27300.0,0,0
27000.0,0,0
26800.0,0,0
26600.0,0,0
26400.0,0,0
26200.0,0,0
25900.0,0,0
25500.0,0,0
25100.0,0,0
24700.0,0,0
24400.0,0,0
24300.0,0,0
24100.0,0,0
23900.0,0,0
23900.0,0,0
24000.0,0,0
24100.0,0,0
24100.0,0,0
24300.0,0,0
24400.0,0,0
24600.0,0,0
24800.0,0,0
25000.0,0,0
25300.0,0,0
25600.0,0,0
26000.0,0,0
25645.63,0,0
24137.313,0,0
22608.52,0,0
22001.363,0,0
21642.075,0,0
21311.209,0,0
20600.995,0,0
19368.098,0,0
18453.307,0,0
17676.485,0,0
17017.889,0,0
14302.855,0,0
9231.017,1,1
4011.901,1,1
2884.095,1,1
6463.375,1,1
11197.31,1,1
14227.119,0,0
14161.935,0,0
12937.918,1,1
11427.834,1,1
10867.614,1,1
9740.98,1,1
8161.405,1,1
6891.303,1,1
5771.036,1,1
5496.253,1,1
5801.673,1,1
4971.986,1,1
3241.525,1,1
3438.83,1,1
5233.874,1,1
6623.16,1,1
7572.591,1,1
9078.397,1,1
10816.727,1,1
12480.937,1,1
13747.602,0,0
14353.605,0,0
14745.352,0,0
14318.722,0,0
13309.633,1,0
13707.046,0,0
14198.523,0,0
15003.931,0,0
17457.618,0,0
19815.837,0,0
22278.603,0,0
23289.463,0,0
23442.59,0,0
23595.847,0,0
23749.233,0,0
24924.42,0,0
26731.233,0,0
28312.704,0,0
29406.0,0,0
29745.582,0,0
29545.389,0,0
29445.196,0,0
29245.003,0,0
29164.914,0,0
29205.019,0,0
28969.969,0,0
28820.272,0,0
28658.001,0,0
28583.146,0,0
28508.304,0,0
28433.474,0,0
28258.658,0,0
27883.854,0,0
27509.063,0,0
27134.285,0,0
26846.897,0,0
26546.888,0,0
26346.879,0,0
26046.87,0,0
25777.373,0,0
25338.353,0,0
24913.07,0,0
24049.617,0,0
23447.837,0,0
23407.915,0,0
23268.014,0,0
23128.133,0,0
22967.557,0,0
22886.224,0,0
22804.828,0,0
22723.37,0,0
23004.319,0,0
23647.792,0,0
24291.357,0,0
24687.151,0,0
24956.765,0,0
25282.057,0,0
25607.357,0,0
26032.666,0,0
25819.595,0,0
25217.654,0,0
24596.324,0,0
23843.183,0,0
23765.256,0,0
24193.185,0,0
24244.232,0,0
23723.158,0,0
23439.621,0,0
23195.291,0,0
22702.843,0,0
21950.326,0,0
21036.19,1,1
20531.502,1,1
20437.493,1,1
20655.421,1,1
20709.441,1,1
20697.886,1,1
20911.121,1,1
21451.202,0,1
21451.192,1,1
20665.637,1,1
19986.009,1,1
19005.037,1,1
18807.636,1,1
19326.096,1,1
19485.8,1,1
19187.289,1,1
18138.171,1,1
16537.317,1,1
15703.811,1,1
15547.483,1,1
16822.347,1,1
19175.372,1,1
20413.801,1,1
20931.703,1,1
21335.073,1,1
21825.449,0,0
22351.221,0,0
23012.99,0,0
23874.368,0,0
25036.76,0,0
26387.497,0,0
27660.054,0,0
28161.606,0,0
27524.6,0,0
26799.796,0,0
25957.276,0,0
25196.053,0,0
24711.105,0,0
24326.09,0,0
23841.01,0,0
23740.399,0,0
24024.354,0,0
24308.375,0,0
24492.462,0,0
24968.947,0,0
25452.342,0,0
25714.843,0,0
26077.439,0,0
26164.797,0,0
25776.82,0,0
25488.811,0,0
25100.769,0,0
24719.012,0,0
24243.565,0,0
23750.377,0,0
23137.16,0,0
22936.922,0,0
22949.729,0,0
22942.569,0,0
22917.731,0,0
22805.335,0,0
22605.335,0,0
22405.335,0,0
22205.335,0,0
21911.441,0,0
21423.653,0,0
20835.865,0,0
20348.077,0,0
20470.6,0,0
21303.434,0,0
22136.268,0,0
22629.491,0,0
23222.124,0,0
23769.165,0,0
23920.657,0,0
24072.15,0,0
24200.0,0,0
24400.0,0,0
24600.0,0,0
24700.0,0,0
25000.0,0,0
25400.0,0,0
25900.0,0,0
26278.462,0,0
26312.444,0,0
26028.843,0,0
25739.074,0,0
25445.962,0,0
24528.17,0,0
23086.263,0,0
22330.22,0,0
22272.114,0,0
22385.64,0,0
22670.967,0,0
22270.635,0,0
21296.213,0,0
20119.58,1,1
18794.191,1,1
18638.778,1,1
19653.967,1,1
20305.915,1,1
20458.137,0,1
19667.637,1,1
18307.955,1,1
18554.243,1,1
20507.78,0,0
21774.656,0,0
21939.849,0,0
21423.199,0,0
20126.139,1,1
19703.168,1,1
20255.763,1,1
19788.08,1,1
18400.878,1,1
18270.288,1,1
19387.026,1,1
20782.767,0,0
22646.057,0,0
23069.25,0,0
22283.703,0,0
21257.938,0,0
20263.533,1,1
19543.385,1,1
19498.862,1,1
19605.293,1,1
20165.618,1,1
20686.354,0,0
21257.757,0,0
21215.504,0,0
20001.006,1,1
18685.96,1,1
17470.364,1,1
18143.861,1,1
20807.917,0,0
23018.416,0,0
24447.429,0,0
24920.31,0,0
24336.378,0,0
23752.315,0,0
23168.121,0,0
22875.351,0,0
22774.104,0,0
22672.857,0,0
22571.609,0,0
22817.627,0,0
23411.141,0,0
24104.96,0,0
24593.668,0,0
24533.242,0,0
24058.251,0,0
23465.445,0,0
22852.814,0,0
22423.903,0,0
22178.908,0,0
21934.0,0,0
21672.513,0,0
21933.738,0,0
22769.929,0,0
23606.439,0,0
24221.884,0,0
24021.504,0,0
23104.842,0,0
21866.265,0,0
20727.207,0,0
19687.318,0,0
18944.458,0,0
18101.268,1,1
17257.747,1,1
17027.531,1,1
17511.013,1,1
17894.693,1,1
18278.569,0,0
18277.28,0,0
17790.577,1,1
17403.741,1,1
17016.772,1,1
16600.718,1,1
16155.429,1,1
15593.484,1,1
14627.181,1,1
14593.036,1,1
15343.5,1,1
16207.851,1,1
16775.667,1,1
16769.757,1,1
16077.714,1,1
15310.642,1,1
14871.485,1,1
16063.502,1,1
18222.067,1,1
19801.679,0,0
20971.153,0,0
21100.836,0,0
20091.598,0,0
19672.288,0,0
19944.517,0,0
20211.798,0,0
20575.35,0,0
20724.753,0,0
20761.573,0,0
20976.824,0,0
21670.652,0,0
22390.607,0,0
23336.115,0,0
24535.021,0,0
25987.055,0,0
27257.988,0,0
28113.162,0,0
28441.571,0,0
28143.246,0,0
28079.128,0,0
28048.558,0,0
27289.739,0,0
25901.611,0,0
23706.216,0,0
21288.843,0,0
20052.868,0,0
21345.297,0,0
22397.158,0,0
23687.423,0,0
24475.937,0,0
24664.534,0,0
24854.546,0,0
25238.918,0,0
24599.155,0,0
22956.103,0,0
20625.027,0,0
17734.225,1,1
17633.097,1,1
20322.359,0,0
22352.613,0,0
23795.194,0,0
24852.187,0,0
25237.689,0,0
25601.925,0,0
25966.257,0,0
26518.933,0,0
27372.658,0,0
27876.349,0,0
28380.143,0,0
28651.859,0,0
28491.41,0,0
28330.95,0,0
28170.481,0,0
27979.792,0,0
27758.876,0,0
27537.939,0,0
27316.982,0,0
27147.099,0,0
26828.331,0,0
26609.593,0,0
26290.887,0,0
26151.176,0,0
25990.39,0,0
25929.541,0,0
25868.629,0,0
25759.119,0,0
25801.277,0,0
25566.727,0,0
25317.426,0,0
25155.464,0,0
24980.815,0,0
24806.193,0,0
24731.596,0,0
24493.224,0,0
24290.963,0,0
23977.35,0,0
23289.171,0,0
22647.851,0,0
21719.6,0,0
20479.881,0,0
19238.129,0,0
18292.254,0,0
18097.25,0,0
17901.766,0,0
17705.8,0,0
18354.842,0,0
18904.672,0,0
18982.802,0,0
19397.242,0,0
18897.505,0,0
17616.425,0,0
16239.981,0,0
14372.046,0,0
12497.284,0,0
10183.173,1,1
9334.254,1,1
10364.631,1,1
11433.627,1,1
12659.51,0,0
11940.119,0,0
9127.686,1,1
6286.297,1,1
3545.333,1,1
2611.7,1,1
3599.074,1,1
4055.379,1,1
3872.21,1,1
4055.197,1,1
4217.125,1,1
4788.075,1,1
5812.603,1,1
5950.231,1,1
5295.474,1,1
4642.669,1,1
3982.066,1,1
4118.921,1,1
4970.12,1,1
5145.499,1,1
4916.645,1,1
7436.281,1,1
12160.503,0,0
16258.332,0,0
19758.43,0,0
21040.179,0,0
21168.09,0,0
21656.651,0,0
22499.706,0,0
26073.183,0,0
30155.767,0,0
31479.385,0,0
30921.754,0,0
30166.685,0,0
29511.284,0,0
29021.974,0,0
29240.013,0,0
29377.867,0,0
29515.841,0,0
29374.999,0,0
29055.188,0,0
28635.295,0,0
28315.321,0,0
28144.615,0,0
28223.304,0,0
28302.085,0,0
28380.957,0,0
28340.387,0,0
28280.285,0,0
28220.152,0,0
28059.988,0,0
27750.156,0,0
27190.495,0,0
26516.405,0,0
25755.359,0,0
24753.992,0,0
23512.269,0,0
22098.157,0,0
20546.856,0,0
20245.993,0,0
21296.011,0,0
22109.339,0,0
22850.642,0,0
22557.164,0,0
21228.904,0,0
19657.112,0,0
17951.535,0,0
17623.756,0,0
18573.773,0,0
19523.79,0,0
20202.817,0,0
20944.276,0,0
21785.784,0,0
22457.183,0,0
22996.856,0,0
23056.862,0,0
22737.27,0,0
22253.614,0,0
21699.49,0,0
20958.473,0,0
20130.563,0,0
18859.238,0,0
17654.14,0,0
16372.881,0,0
14302.942,0,0
12127.757,0,0
10050.181,0,0
7586.756,0,0
5059.557,1,1
4251.284,1,1
5827.55,1,1
8321.057,0,0
11607.466,0,0
13676.269,0,0
14292.214,0,0
12642.558,0,0
8880.615,0,0
7101.882,0,0
7297.379,0,0
8065.569,0,0
8286.07,0,0
6729.837,0,0
3761.232,1,1
3050.838,1,1
4502.634,1,1
5070.828,1,1
4749.772,1,1
3812.626,1,1
2369.459,1,1
4123.961,1,1
8756.349,0,0
12213.397,0,0
14393.215,0,0
16434.915,0,0
18337.858,0,0
20340.603,0,0
20714.774,0,0
19695.014,0,0
18270.237,0,0
17387.527,0,0
17376.468,0,0
17188.98,0,0
16920.707,0,0
16724.332,0,0
16691.766,0,0
18087.32,0,0
20682.412,0,0
19060.657,0,0
11763.394,0,0
2913.418,1,1
0.0,1,1
0.0,1,1
0.0,1,1
0.0,1,1
0.0,1,1
0.0,1,1
0.0,1,1
0.0,1,1
1194.189,1,1
3219.45,1,1
4664.715,1,1
6031.71,1,1
7210.329,0,0
10689.866,0,0
16146.651,0,0
20403.887,0,0
23138.457,0,0
23481.795,0,0
21758.07,0,0
19454.939,0,0
16499.097,0,0
15853.031,0,0
17417.615,0,0
18982.898,0,0
19842.151,0,0
20938.422,1,1
22455.721,1,1
23563.631,0,0
24671.951,0,0
25235.445,0,0
25293.181,0,0
25351.038,0,0
25409.017,0,0
25268.602,0,0
24829.643,0,0
24290.603,0,0
23851.482,0,0
24009.713,0,0
24696.825,0,0
24797.204,0,0
24900.0,0,0
24900.0,0,0
24900.0,0,0
24900.0,0,0
24900.0,0,0
25000.0,0,0
25300.0,0,0
25500.0,0,0
25700.0,0,0
25652.713,0,0
25320.61,0,0
24973.801,0,0
24619.841,0,0
23378.02,1,1
21232.227,1,1
20575.86,1,1
21793.537,1,1
22865.656,1,1
23756.056,0,0
23984.971,0,0
23623.456,0,0
23143.64,1,1
22443.113,1,1
22280.449,1,1
22654.863,1,1
22904.747,1,1
23136.405,1,1
23500.226,1,1
23893.551,0,0
24546.418,0,0
25483.587,0,0
25339.655,0,0
24197.563,0,0
22292.641,1,1
20129.879,1,1
19528.253,1,1
20671.728,1,1
21034.336,1,1
20920.425,1,1
22110.264,1,1
24843.865,0,0
27268.007,0,0
29392.494,0,0
29717.785,0,0
28322.006,0,0
27231.54,0,0
26454.383,0,0
25353.434,0,0
23963.076,0,0
22145.427,1,1
20513.127,1,1
22498.087,1,1
26800.503,0,0
29009.937,0,0
29646.082,0,0
30282.845,0,0
30920.229,0,0
30910.702,0,0
30691.319,0,0
30325.032,0,0
29939.11,0,0
29745.659,0,0
29544.798,0,0
29343.936,0,0
29243.073,0,0
29134.748,0,0
29219.077,0,0
29184.015,0,0
29102.128,0,0
28882.315,0,0
28344.188,0,0
27686.122,0,0
27127.677,0,0
26740.384,0,0
26724.642,0,0
26709.056,0,0
26593.627,0,0
26804.154,0,0
27104.727,0,0
27141.688,0,0
27179.105,0,0
27167.422,0,0
27306.48,0,0
27171.106,0,0
27021.165,0,0
26858.712,0,0
26683.728,0,0
26508.769,0,0
26333.836,0,0
26114.86,0,0
25751.765,0,0
25388.594,0,0
25025.348,0,0
24753.616,0,0
24693.102,0,0
24632.525,0,0
24471.886,0,0
24682.634,0,0
24993.719,0,0
25094.821,0,0
25196.044,0,0
25459.362,0,0
25684.705,0,0
25900.0,0,0
26100.0,0,0
25969.276,0,0
25579.293,0,0
25076.233,0,0
24603.749,0,0
21390.385,0,0
14717.952,1,1
10975.821,1,1
11560.85,1,1
12157.241,1,1
12211.827,1,1
13370.926,1,1
15951.463,1,1
18336.388,0,0
19484.328,0,0
19192.001,0,0
18639.68,0,0
18740.654,0,0
14282.411,1,1
13800.397,1,1
12767.754,1,1
10453.716,1,1
6441.124,1,1
7291.603,1,1
12435.14,1,1
17309.821,1,1
19800.764,0,0
19980.387,0,0
18421.55,0,0
15798.04,1,1
14354.633,1,1
13392.27,1,1
13076.268,1,1
12829.086,1,1
12255.821,1,1
13483.29,1,1
16178.6,1,1
18303.283,1,1
19977.982,0,0
21851.34,0,0
23827.032,0,0
25350.731,0,0
26594.563,0,0
29176.262,0,0
32232.466,0,0
33361.944,0,0
33186.608,0,0
33011.302,0,0
32836.024,0,0
32691.836,0,0
32678.792,0,0
32600.0,0,0
32500.0,0,0
32300.0,0,0
32200.0,0,0
32100.0,0,0
31978.716,0,0
31735.014,0,0
31509.994,0,0
31284.946,0,0
31059.867,0,0
30972.297,0,0
30922.301,0,0
30872.364,0,0
30900.0,0,0
30800.0,0,0
30600.0,0,0
30400.0,0,0
30200.0,0,0
29900.0,0,0
29300.0,0,0
28800.0,0,0
28200.0,0,0
27800.0,0,0
27600.0,0,0
27400.0,0,0
27200.0,0,0
27000.0,0,0
26700.0,0,0
26500.0,0,0
26200.0,0,0
26000.0,0,0
25700.0,0,0
25400.0,0,0
25100.0,0,0
25000.0,0,0
25000.0,0,0
25000.0,0,0
25000.0,0,0
25200.0,0,0
25400.0,0,0
25700.0,0,0
25900.0,0,0
26300.0,0,0
26700.0,0,0
27000.0,0,0
27400.0,0,0
27209.961,0,0
25659.085,0,0
24095.29,0,0
23252.905,0,0
22042.272,0,0
20209.106,0,0
18803.067,0,0
17752.793,0,0
16977.537,0,0
16376.127,0,0
15599.908,0,0
14666.415,0,0
14130.362,0,0
14187.72,0,0
12986.958,1,1
10551.724,1,1
7324.081,1,1
3504.479,1,1
3070.722,1,1
6093.121,1,1
9092.394,1,1
11985.701,1,1
12211.19,1,1
9720.599,1,1
7955.47,1,1
6873.263,1,1
5610.674,1,1
4278.463,1,1
2342.103,1,1
0.0,1,1
276.011,1,1
2935.267,1,1
5142.477,1,1
6891.199,1,1
8603.974,1,1
10165.667,1,1
11387.321,1,1
12390.096,1,1
15292.449,0,0
19521.322,0,0
22719.07,0,0
25070.938,0,0
27665.276,0,0
30336.525,0,0
31600.0,0,0
32100.0,0,0
32500.0,0,0
32900.0,0,0
33000.0,0,0
33000.0,0,0
32900.0,0,0
32800.0,0,0
32600.0,0,0
32400.0,0,0
32300.0,0,0
32100.0,0,0
31900.0,0,0
31900.0,0,0
31800.0,0,0
31800.0,0,0
31600.0,0,0
31300.0,0,0
31000.0,0,0
30700.0,0,0
30400.0,0,0
30300.0,0,0
30100.0,0,0
30000.0,0,0
29600.0,0,0
29100.0,0,0
28500.0,0,0
28000.0,0,0
27600.0,0,0
27400.0,0,0
27200.0,0,0
27000.0,0,0
26700.0,0,0
26300.0,0,0
26000.0,0,0
25700.0,0,0
25400.0,0,0
25200.0,0,0
25000.0,0,0
24700.0,0,0
24600.0,0,0
24600.0,0,0
24600.0,0,0
24600.0,0,0
24700.0,0,0
24900.0,0,0
25000.0,0,0
25200.0,0,0
25500.0,0,0
25900.0,0,0
26239.744,0,0
26575.637,0,0
26450.078,0,0
25298.563,0,0
23470.414,0,0
20843.907,0,0
19126.24,0,0
19189.251,0,0
18344.035,0,0
16181.569,0,0
14841.858,0,0
14469.054,0,0
13205.546,0,0
10248.169,0,0
7407.584,1,1
4658.32,1,1
2784.083,1,1
1915.343,1,1
215.299,1,1
0.0,1,1
0.0,1,1
0.0,1,1
585.307,1,1
1815.456,1,1
2494.148,1,1
2606.947,1,1
3170.615,1,1
4078.419,1,1
3922.884,1,1
2696.905,1,1
1630.246,1,1
649.3,1,1
713.903,1,1
1939.146,1,1
2700.828,1,1
3137.866,1,1
5175.226,1,1
8372.715,1,1
10986.806,0,0
13028.707,0,0
15929.21,0,0
19506.124,0,0
22357.875,0,0
24467.325,0,0
27108.268,0,0
30062.861,0,0
31349.381,0,0
31749.233,0,0
32049.086,0,0
32448.938,0,0
32505.276,0,0
32280.073,0,0
31864.143,0,0
31347.722,0,0
31128.017,0,0
31105.578,0,0
31083.379,0,0
31061.42,0,0
30990.695,0,0
30770.915,0,0
30450.994,0,0
30230.93,0,0
29940.601,0,0
29480.061,0,0
29119.448,0,0
28758.764,0,0
28737.601,0,0
29056.388,0,0
29375.674,0,0
29401.835,0,0
29020.535,0,0
28269.997,0,0
27504.716,0,0
26563.883,0,0
26263.556,0,0
26404.107,0,0
26369.15,0,0
26419.53,0,0
26206.774,0,0
25830.802,0,0
25201.586,0,0
24439.123,0,0
24027.37,0,0
23766.528,0,0
23605.645,0,0
23344.72,0,0
23304.687,0,0
23385.671,0,0
23566.779,0,0
23748.011,0,0
23587.129,0,0
23283.842,0,0
22980.295,0,0
22676.486,0,0
22624.143,0,0
22823.462,0,0
23022.781,0,0
23122.099,0,0
23238.427,0,0
23149.444,0,0
23151.11,0,0
23047.749,0,0
23038.628,0,0
23126.534,0,0
22039.924,0,0
19854.001,1,1
17032.88,1,1
13362.783,1,1
10056.813,1,1
7262.035,1,1
6691.199,1,1
8962.856,1,1
9509.925,1,1
8007.274,1,1
7162.77,1,1
6959.472,1,1
5004.48,1,1
1086.24,1,1
0.0,1,1
0.0,1,1
0.0,1,1
0.0,1,1
5538.7,1,1
10540.692,1,1
14227.554,1,1
16365.273,1,1
18994.896,1,1
21016.496,0,0
21370.54,0,0
21079.088,0,0
20164.378,0,0
18958.332,1,1
19494.692,1,1
21789.657,0,0
23823.694,0,0
25660.804,0,0
26908.226,0,0
27537.439,0,0
27925.523,0,0
28071.331,0,0
28599.114,0,0
29520.883,0,0
29468.55,0,0
28625.08,0,0
27880.981,0,0
26950.554,0,0
26340.637,0,0
26138.687,0,0
25936.735,0,0
25734.782,0,0
26295.738,0,0
27328.231,0,0
28343.899,0,0
29173.771,0,0
29331.579,0,0
29130.956,0,0
28930.332,0,0
28829.708,0,0
28748.845,0,0
28987.867,0,0
29227.052,0,0
29366.4,0,0
29551.94,0,0
29564.903,0,0
29577.963,0,0
29591.119,0,0
29191.116,0,0
28577.823,0,0
27864.452,0,0
27151.004,0,0
26654.386,0,0
26394.009,0,0
26133.58,0,0
25973.1,0,0
25863.121,0,0
25803.836,0,0
25568.924,0,0
25419.338,0,0
25225.54,0,0
24987.473,0,0
24749.373,0,0
24572.616,0,0
24449.072,0,0
24462.966,0,0
24476.957,0,0
24391.046,0,0
24391.042,0,0
24276.798,0,0
24162.456,0,0
24048.015,0,0
23716.189,0,0
23187.861,0,0
22677.084,0,0
21740.227,0,0
20408.149,0,0
18147.792,1,1
15660.558,1,1
11562.384,1,1
9876.281,1,1
10499.54,1,1
11009.285,1,1
11404.554,1,1
13630.777,1,1
15792.815,1,1
17567.266,1,1
18981.63,1,1
19413.494,1,1
19095.053,1,1
18926.272,1,1
18709.739,1,1
18104.488,1,1
17117.148,1,1
17295.7,1,1
18641.327,1,1
20111.824,1,1
21439.793,0,0
21530.273,0,0
19855.835,1,1
17233.79,1,1
14591.294,1,1
16074.357,1,1
22103.059,0,0
26281.861,0,0
28895.089,0,0
29729.355,0,0
28912.208,0,0
28796.193,0,0
29280.803,0,0
29182.961,0,0
28447.827,0,0
27681.432,0,0
26847.86,0,0
27059.981,0,0
28268.034,0,0
29606.96,0,0
30769.886,0,0
31522.797,0,0
31744.065,0,0
31800.0,0,0
31700.0,0,0
31600.0,0,0
31600.0,0,0
31500.0,0,0
31400.0,0,0
31300.0,0,0
31200.0,0,0
31091.083,0,0
30777.378,0,0
30463.615,0,0
30149.794,0,0
29481.092,0,0
28777.386,0,0
28073.266,0,0
27018.563,0,0
26635.206,0,0
27011.144,0,0
27287.275,0,0
27509.947,0,0
27802.353,0,0
28146.158,0,0
28590.338,0,0
28686.546,0,0
28424.513,0,0
27886.33,0,0
27348.121,0,0
26771.126,0,0
26137.494,0,0
25451.996,0,0
24766.163,0,0
24166.016,0,0
24191.653,0,0
24801.976,0,0
25359.811,0,0
25350.821,0,0
25150.763,0,0
24659.414,0,0
23699.841,0,0
22586.183,0,0
21973.327,0,0
22162.224,0,0
22331.25,0,0
22352.287,0,0
22290.477,0,0
22063.327,0,0
21681.76,0,0
21299.929,0,0
21636.806,0,0
22555.976,0,0
23205.415,0,0
23955.332,0,0
23931.706,0,0
23398.933,0,0
22752.148,0,0
22098.261,0,0
21006.344,0,0
19322.647,0,0
18369.362,0,0
17962.983,0,0
17775.139,0,0
17354.42,0,0
16815.06,0,0
12468.572,0,0
3803.887,1,1
0.0,1,1
0.0,1,1
0.0,1,1
1039.386,1,1
6319.424,1,1
8658.066,1,1
7582.272,1,1
7379.243,1,1
8067.236,1,1
6516.808,1,1
2743.665,1,1
0.0,1,1
0.0,1,1
0.0,1,1
0.0,1,1
1415.266,1,1
1479.199,1,1
3088.458,1,1
6026.966,1,1
8753.773,1,1
11175.743,0,0
11282.014,0,0
9792.615,1,1
8998.738,1,1
9152.428,1,1
11873.816,0,0
16021.775,0,0
18803.281,0,0
20420.782,0,0
22562.285,0,0
24841.981,0,0
25905.292,0,0
26409.694,0,0
26895.928,0,0
27265.005,0,0
27627.358,0,0
28083.128,0,0
28539.463,0,0
28876.751,0,0
28775.67,0,0
27935.399,0,0
27174.935,0,0
26413.899,0,0
25745.39,0,0
25369.501,0,0
24975.512,0,0
24461.551,0,0
24614.109,0,0
25246.142,0,0
25792.646,0,0
26339.913,0,0
26513.171,0,0
26411.846,0,0
26310.519,0,0
26309.191,0,0
26007.861,0,0
25506.53,0,0
25105.198,0,0
24603.864,0,0
24026.212,0,0
23071.662,0,0
22216.335,0,0
21273.271,0,0
20683.927,0,0
20638.845,0,0
20694.026,0,0
20632.67,0,0
20613.709,0,0
20689.709,0,0
20866.033,0,0
20942.681,0,0
21030.256,0,0
21128.512,0,0
21126.766,0,0
21225.018,0,0
21033.615,0,0
20552.261,0,0
20170.512,0,0
19688.366,0,0
19501.063,0,0
19555.928,0,0
19493.657,0,0
19431.159,0,0
19498.116,0,0
19655.993,0,0
19676.27,0,0
19670.172,0,0
18275.654,0,0
14624.22,1,1
13074.618,1,1
14409.564,1,1
15260.338,1,1
15503.066,0,1
14448.058,1,1
11889.896,1,1
9070.178,1,1
6048.817,1,1
4895.267,1,1
5931.542,1,1
6013.048,1,1
5151.838,1,1
5689.926,1,1
7876.017,1,1
10452.807,1,1
13488.515,1,1
13765.441,1,1
11246.208,1,1
8353.235,1,1
5270.811,1,1
5631.231,1,1
9107.189,1,1
12296.917,1,1
15056.653,1,1
16515.271,0,0
16423.603,0,0
16483.602,0,0
16595.239,0,0
17642.756,0,0
19722.075,0,0
21643.12,0,0
23733.937,0,0
24902.915,0,0
25459.754,0,0
26058.463,0,0
26628.208,0,0
28442.489,0,0
30738.093,0,0
31600.0,0,0
31500.0,0,0
31400.0,0,0
31378.659,0,0
31278.646,0,0
31200.0,0,0
31100.0,0,0
31000.0,0,0
30900.0,0,0
30600.0,0,0
30400.0,0,0
30100.0,0,0
30000.0,0,0
29900.0,0,0
29900.0,0,0
29800.0,0,0
29800.0,0,0
29700.0,0,0
29700.0,0,0
29600.0,0,0
29500.0,0,0
29400.0,0,0
29215.155,0,0
28901.168,0,0
28556.713,0,0
27981.917,0,0
27407.15,0,0
26932.414,0,0
26557.709,0,0
26483.034,0,0
26408.389,0,0
26333.776,0,0
26184.649,0,0
25900.0,0,0
25700.0,0,0
25400.0,0,0
25200.0,0,0
25100.0,0,0
24900.0,0,0
24800.0,0,0
24700.0,0,0
24600.0,0,0
24600.0,0,0
24500.0,0,0
24500.0,0,0
24500.0,0,0
24500.0,0,0
24500.0,0,0
24700.0,0,0
24794.394,0,0
24788.294,0,0
24381.051,0,0
23629.166,0,0
22955.187,0,0
22241.441,0,0
21495.097,0,0
20138.605,0,0
17655.86,0,0
15531.57,0,0
13703.011,0,0
11713.018,0,0
9321.458,0,0
7024.768,0,0
4744.341,1,1
2416.408,1,1
0.0,1,1
0.0,1,1
0.0,1,1
0.0,1,1
0.0,1,1
0.0,1,1
0.0,1,1
0.0,1,1
0.0,1,1
1232.177,1,1
4019.611,1,1
6309.159,1,1
7874.621,0,0
7534.618,0,0
5303.197,1,1
2813.101,1,1
205.154,1,1
308.832,1,1
2861.868,1,1
5524.535,1,1
8000.872,0,0
7320.411,0,0
4460.263,1,1
2457.231,1,1
1532.321,1,1
5053.013,1,1
11175.168,0,0
16236.75,0,0
20540.36,0,0
24053.894,0,0
27236.677,0,0
29277.0,0,0
30295.876,0,0
30827.048,0,0
31040.802,0,0
31000.0,0,0
30800.0,0,0
30584.81,0,0
30459.604,0,0
30259.588,0,0
30084.793,0,0
30000.0,0,0
29800.0,0,0
29700.0,0,0
29534.257,0,0
29358.428,0,0
29082.533,0,0
29069.795,0,0
29020.296,0,0
29070.84,0,0
29021.427,0,0
28934.063,0,0
28908.7,0,0
28783.32,0,0
28657.923,0,0
28421.286,0,0
28100.0,0,0
27600.0,0,0
27200.0,0,0
26900.0,0,0
26700.0,0,0
26600.0,0,0
26400.0,0,0
26200.0,0,0
25900.0,0,0
25600.0,0,0
25300.0,0,0
25000.0,0,0
24800.0,0,0
24600.0,0,0
24500.0,0,0
24400.0,0,0
24300.0,0,0
24300.0,0,0
24200.0,0,0
24300.0,0,0
24500.0,0,0
24600.0,0,0
24800.0,0,0
25100.0,0,0
25500.0,0,0
25900.0,0,0
26400.0,0,0
26097.769,0,0
24549.511,0,0
23127.341,0,0
22708.651,0,0
22347.52,0,0
21734.813,0,0
20417.677,0,0
18370.314,0,0
16324.138,0,0
14460.08,0,0
12858.278,0,0
11420.744,1,1
10065.117,1,1
8730.215,1,1
7209.469,1,1
5236.215,1,1
2349.773,1,1
0.0,1,1
0.0,1,1
1871.373,1,1
4808.984,1,1
7303.219,1,1
8157.58,1,1
7533.64,1,1
7902.989,1,1
9234.662,1,1
8445.072,1,1
5624.482,1,1
3116.506,1,1
917.916,1,1
1494.773,1,1
4346.199,1,1
6203.206,1,1
7016.509,1,1
9183.432,1,1
12248.819,0,0
15273.393,0,0
18085.894,0,0
19727.581,0,0
20831.715,0,0
21969.269,0,0
23100.449,0,0
25814.156,0,0
28806.851,0,0
30000.0,0,0
30400.0,0,0
30785.032,0,0
31160.19,0,0
31204.264,0,0
31017.207,0,0
30930.062,0,0
30742.828,0,0
30360.991,0,0
30201.297,0,0
30041.543,0,0
29781.728,0,0
29592.097,0,0
29372.605,0,0
29052.991,0,0
28833.255,0,0
28523.95,0,0
28024.938,0,0
27525.622,0,0
26962.173,0,0
26248.641,0,0
25487.986,0,0
24726.76,0,0
24064.961,0,0
23669.304,0,0
23540.503,0,0
23512.081,0,0
23484.038,0,0
23596.677,0,0
24150.214,0,0
24433.615,0,0
24653.29,0,0
24572.734,0,0
24091.462,0,0
23509.973,0,0
23028.266,0,0
22636.827,0,0
22435.819,0,0
22334.809,0,0
22133.798,0,0
21912.008,0,0
21587.792,0,0
21209.587,0,0
20830.992,0,0
20221.824,0,0
19381.571,0,0
18193.195,0,0
16969.237,0,0
14570.518,0,0
10187.523,0,0
4349.454,0,0
0.0,1,1
0.0,1,1
0.0,1,1
0.0,1,1
0.0,1,1
0.0,1,1
0.0,1,1
0.0,1,1
0.0,1,1
0.0,1,1
0.0,1,1
0.0,1,1
0.0,1,1
0.0,1,1
909.948,1,1
3967.006,1,1
4953.953,0,0
4703.064,0,0
3815.506,1,1
3622.377,1,1
3742.554,1,1
4148.616,1,1
4868.271,0,0
4836.214,0,0
4048.854,1,1
2382.168,1,1
0.0,1,1
1324.156,1,1
6317.837,0,0
9719.666,0,0
11997.314,0,0
13337.799,0,0
14043.493,0,0
15004.422,0,0
16051.11,0,0
16864.968,0,0
17388.878,0,0
18221.348,0,0
18954.78,0,0
21286.459,0,0
24706.57,0,0
27829.191,0,0
29500.0,0,0
29800.0,0,0
30100.0,0,0
30500.0,0,0
30900.0,0,0
31300.0,0,0
31700.0,0,0
31900.0,0,0
31700.0,0,0
31600.0,0,0
31500.0,0,0
31247.325,0,0
31047.307,0,0
30947.289,0,0
30747.271,0,0
30634.71,0,0
30509.589,0,0
30384.447,0,0
30259.283,0,0
30078.072,0,0
29940.862,0,0
29700.0,0,0
29400.0,0,0
29200.0,0,0
29100.0,0,0
29000.0,0,0
28800.0,0,0
28500.0,0,0
27752.496,0,0
27088.581,0,0
25953.252,0,0
24870.726,0,0
23756.218,0,0
22435.414,0,0
21013.463,0,0
19977.813,0,0
19776.319,0,0
19574.823,0,0
19273.327,0,0
18043.564,0,0
15720.248,0,0
11896.489,0,0
7719.491,0,0
4528.446,0,0
3448.569,0,0
2468.187,0,0
1387.301,0,0
0.0,1,1
0.0,1,1
0.0,1,1
0.0,1,1
0.0,1,1
0.0,1,1
0.0,1,1
348.696,0,0
1097.148,0,0
0.0,1,1
0.0,1,1
0.0,1,1
0.0,1,1
0.0,1,1
0.0,1,1
0.0,1,1
0.0,1,1
0.0,1,1
0.0,1,1
0.0,1,1
0.0,1,1
0.0,1,1
0.0,1,1
0.0,1,1
0.0,1,1
0.0,1,1
0.0,0,0
0.0,0,0
0.0,0,0
0.0,0,0
0.0,0,0
0.0,0,0
0.0,0,0
0.0,0,0
0.0,0,0
0.0,0,0
0.0,0,0
0.0,0,0
0.0,0,0
0.0,0,0
0.0,0,0
0.0,0,0
0.0,0,0
0.0,0,0
0.0,0,0
0.0,0,0
0.0,0,0
0.0,0,0
0.0,0,0
0.0,0,0
0.0,0,0
0.0,0,0
0.0,0,0
0.0,0,0
5676.685,0,0
11932.684,0,0
14491.097,0,0
13639.946,0,0
12788.683,0,0
11937.309,0,0
11409.925,0,0
11206.615,0,0
11003.304,0,0
10699.991,0,0
11247.812,0,0
12446.934,0,0
13746.278,0,0
14743.32,0,0
14291.878,0,0
12076.069,0,0
9795.327,0,0
7413.8,0,0
7310.953,0,0
9387.668,0,0
11564.773,0,0
13477.972,0,0
13525.847,0,0
12123.504,0,0
10317.835,0,0
8611.717,0,0
7981.028,1,1
8526.437,1,1
9072.291,1,1
9618.59,1,1
11042.099,1,1
12840.135,1,1
14639.981,1,1
16441.638,1,1
17067.24,1,1
17123.408,1,1
17179.752,1,1
17336.274,1,1
17846.773,0,0
18911.718,0,0
19838.677,0,0
20491.613,0,0
21012.557,0,0
21301.19,0,0
21689.987,0,0
21978.947,0,0
21411.853,0,0
20087.791,0,0
18155.539,0,0
16204.923,1,1
15353.799,1,1
16713.584,1,1
17676.642,1,1
18630.804,0,1
17444.573,1,1
14173.282,1,1
12152.938,1,1
11150.738,1,1
12572.055,1,1
14899.619,1,1
17464.69,1,1
20187.067,0,0
22400.982,0,0
24246.198,0,0
24273.09,0,0
22465.585,0,0
20503.186,0,0
17878.926,0,0
17364.828,1,0
18932.104,0,0
19198.29,0,0
18442.959,0,0
20109.894,0,0
24418.275,0,0
29075.045,0,0
31664.712,0,0
31437.634,0,0
29428.989,0,0
27010.523,0,0
25666.209,0,0
25441.626,0,0
25843.157,0,0
25805.063,0,0
25366.965,0,0
25726.451,0,0
26780.023,0,0
27934.16,0,0
28988.701,0,0
29819.072,0,0
30371.984,0,0
31364.949,0,0
32004.751,0,0
31839.565,0,0
31722.493,0,0
31458.65,0,0
31701.226,0,0
31666.885,0,0
31717.73,0,0
31643.142,0,0
31543.12,0,0
31343.098,0,0
31243.076,0,0
31125.717,0,0
31091.022,0,0
30800.0,0,0
30600.0,0,0
30400.0,0,0
30300.0,0,0
30300.0,0,0
30200.0,0,0
30100.0,0,0
30000.0,0,0
29900.0,0,0
29800.0,0,0
29700.0,0,0
29500.0,0,0
29400.0,0,0
29300.0,0,0
29000.0,0,0
28400.0,0,0
27900.0,0,0
27300.0,0,0
27000.0,0,0
27000.0,0,0
26900.0,0,0
26900.0,0,0
26700.0,0,0
26400.0,0,0
26000.0,0,0
25700.0,0,0
25400.0,0,0
25300.0,0,0
25100.0,0,0
25000.0,0,0
24900.0,0,0
24900.0,0,0
24638.412,0,0
24473.114,0,0
24422.265,0,0
24485.844,0,0
24649.423,0,0
24713.001,0,0
24813.01,0,0
24949.455,0,0
25085.911,0,0
25222.379,0,0
25158.404,0,0
25000.774,0,0
24837.025,0,0
24769.97,0,0
24484.38,0,0
24178.447,0,0
24025.109,0,0
24027.138,0,0
24105.113,0,0
24157.262,0,0
24671.285,0,0
25745.306,0,0
26199.099,0,0
25754.137,0,0
24351.658,0,0
21771.012,0,0
20277.539,0,0
19983.105,0,0
19992.663,0,0
20309.58,0,0
20319.767,0,0
19805.78,0,0
19644.43,0,0
20029.131,0,0
19877.027,0,0
19076.87,0,0
17148.49,0,0
13458.079,1,1
8470.428,1,1
1990.087,1,1
0.0,1,1
0.0,1,1
0.0,1,1
0.0,1,1
0.0,1,1
0.0,1,1
0.0,1,1
0.0,1,1
0.0,1,1
0.0,1,1
0.0,1,1
0.0,1,1
0.0,1,1
4024.68,1,1
6472.915,1,1
6468.486,1,1
6364.055,1,1
6359.623,1,1
8910.602,1,1
14006.613,1,1
18148.77,0,0
21772.536,0,0
22619.361,0,0
20788.075,0,0
18956.51,0,0
17024.665,0,0
17738.397,0,0
20898.756,0,0
23078.508,0,0
24781.962,0,0
25532.113,0,0
25431.277,0,0
25230.44,0,0
25129.602,0,0
24934.378,0,0
24492.235,0,0
24133.208,0,0
23674.091,0,0
22469.62,0,0
20419.661,0,0
17678.596,0,0
14375.3,1,0
13132.021,0,0
13850.782,0,0
14671.765,0,0
15394.976,0,0
15650.791,0,0
15437.509,0,0
15224.194,0,0
15010.848,0,0
15977.269,0,0
17453.788,0,0
18551.83,0,0
19653.045,0,0
19546.259,0,0
18126.664,0,0
16703.833,0,0
14992.836,0,0
15595.498,0,0
17760.895,0,0
19812.977,0,0
21354.812,0,0
22782.635,0,0
23788.798,0,0
24796.958,0,0
25255.459,0,0
25351.294,0,0
25043.519,0,0
24723.776,0,0
24374.519,0,0
22720.716,0,0
19102.75,0,0
15086.303,0,0
10863.773,1,1
9885.555,1,1
13104.52,0,0
13269.417,0,0
9435.752,1,1
5873.593,1,1
2768.886,1,1
1019.18,1,1
586.313,1,1
0.0,1,1
0.0,1,1
0.0,1,1
0.0,1,1
0.0,1,1
0.0,1,1
0.0,1,1
147.948,1,1
704.731,1,1
1189.463,1,1
1590.128,1,1
2081.507,1,1
2166.777,1,1
1938.885,1,1
3448.917,1,1
6681.511,1,1
9284.092,1,1
11495.998,0,0
13481.022,0,0
15358.417,0,0
17393.419,0,0
19488.543,0,0
21370.645,0,0
23114.093,0,0
24375.166,0,0
25599.324,0,0
28213.035,0,0
31127.904,0,0
31960.763,0,0
31225.109,0,0
30235.522,0,0
29144.167,0,0
28237.001,0,0
27655.33,0,0
27173.131,0,0
26590.404,0,0
26814.639,0,0
27947.515,0,0
28842.667,0,0
29435.15,0,0
29762.059,0,0
29722.64,0,0
29583.315,0,0
29544.086,0,0
29566.272,0,0
29643.768,0,0
29582.119,0,0
29620.523,0,0
29520.328,0,0
29281.452,0,0
29142.522,0,0
28864.147,0,0
28371.378,0,0
27771.008,0,0
27170.637,0,0
26570.265,0,0
26315.135,0,0
26279.745,0,0
26244.424,0,0
26209.17,0,0
25983.094,0,0
25666.035,0,0
25113.093,0,0
24354.15,0,0
24215.529,0,0
24698.29,0,0
24830.222,0,0
24773.473,0,0
24719.052,0,0
24666.797,0,0
24514.476,0,0
24362.09,0,0
24263.89,0,0
23783.914,0,0
22996.577,0,0
22308.507,0,0
22104.155,0,0
22637.155,0,0
23186.181,0,0
23635.517,0,0
23868.555,0,0
23749.572,0,0
23301.772,0,0
22325.008,0,0
19040.14,0,0
11968.385,0,0
8392.64,1,1
10469.356,1,1
12826.748,0,0
15035.226,0,0
15479.888,0,0
13611.441,0,0
12313.372,0,0
11673.594,1,1
10284.665,1,1
7813.488,1,1
5031.722,1,1
2013.853,1,1
949.118,1,1
2075.858,1,1
2732.856,1,1
3037.164,1,1
2666.031,1,1
1456.634,1,1
466.545,1,1
0.0,1,1
0.0,1,1
673.074,1,1
1153.145,1,1
1276.106,1,1
2287.58,1,1
4058.154,1,1
5208.98,1,1
5774.834,1,1
8712.651,1,1
13563.097,0,0
17791.11,0,0
21234.101,0,0
23419.715,0,0
25022.909,0,0
26587.413,0,0
27885.304,0,0
29343.072,0,0
30682.812,0,0
31241.841,0,0
31141.707,0,0
31141.573,0,0
31041.438,0,0
30915.71,0,0
30764.355,0,0
30598.023,0,0
30253.219,0,0
30444.681,0,0
30362.64,0,0
30300.0,0,0
30100.0,0,0
29900.0,0,0
29800.0,0,0
29700.0,0,0
29700.0,0,0
29558.726,0,0
29484.467,0,0
29400.0,0,0
29300.0,0,0
29200.0,0,0
29100.0,0,0
29100.0,0,0
29000.0,0,0
28700.0,0,0
28200.0,0,0
27700.0,0,0
27100.0,0,0
26800.0,0,0
26600.0,0,0
26400.0,0,0
26300.0,0,0
26100.0,0,0
25800.0,0,0
25500.0,0,0
25200.0,0,0
24900.0,0,0
24600.0,0,0
24300.0,0,0
24000.0,0,0
23900.0,0,0
24000.0,0,0
24100.0,0,0
24200.0,0,0
24264.784,0,0
24400.0,0,0
24600.0,0,0
24700.0,0,0
25000.0,0,0
25400.0,0,0
25738.639,0,0
26173.412,0,0
26091.822,0,0
25668.901,0,0
24653.775,0,0
23575.154,0,0
21253.274,0,0
16851.274,0,0
14924.471,1,0
16392.102,0,0
16958.008,0,0
16297.855,0,0
15875.503,0,0
15604.284,0,0
15838.054,0,0
16226.1,0,0
15848.613,0,0
12704.708,1,1
7782.531,1,1
3575.074,1,1
2339.734,1,1
4261.24,1,1
5707.991,1,1
6536.743,1,1
6399.19,1,1
5254.971,1,1
3942.957,1,1
2401.211,1,1
2536.14,1,1
4109.093,1,1
5490.696,1,1
6351.867,1,1
6642.589,1,1
6360.008,1,1
6176.257,1,1
6157.436,1,1
7753.546,1,1
10607.269,1,1
12954.795,1,1
14912.401,1,1
17413.057,0,0
20237.189,0,0
22475.133,0,0
24454.087,0,0
26784.972,0,0
29156.637,0,0
30200.0,0,0
30500.0,0,0
30800.0,0,0
31100.0,0,0
31300.0,0,0
31300.0,0,0
31200.0,0,0
31200.0,0,0
31200.0,0,0
31000.0,0,0
30900.0,0,0
30700.0,0,0
30600.0,0,0
30500.0,0,0
30300.0,0,0
30200.0,0,0
30000.0,0,0
29800.0,0,0
29500.0,0,0
29300.0,0,0
29000.0,0,0
28900.0,0,0
28700.0,0,0
28500.0,0,0
28200.0,0,0
27700.0,0,0
27300.0,0,0
26800.0,0,0
26500.0,0,0
26400.0,0,0
26200.0,0,0
26100.0,0,0
25800.0,0,0
25500.0,0,0
25200.0,0,0
24877.818,0,0
24632.254,0,0
24406.146,0,0
24079.991,0,0
23853.79,0,0
23825.488,0,0
23900.0,0,0
23900.0,0,0
23900.0,0,0
23900.0,0,0
24100.0,0,0
24200.0,0,0
24400.0,0,0
24600.0,0,0
25100.0,0,0
25500.0,0,0
25900.0,0,0
25776.268,0,0
24765.17,0,0
23220.082,0,0
21153.27,0,0
19372.335,0,0
18390.552,0,0
16433.633,0,0
12338.424,0,0
7746.331,0,0
2780.054,0,0
0.0,1,1
0.0,1,1
0.0,1,1
0.0,1,1
0.0,1,1
0.0,1,1
0.0,1,1
0.0,1,1
0.0,1,1
0.0,1,1
0.0,1,1
0.0,1,1
0.0,1,1
0.0,1,1
0.0,1,1
0.0,1,1
669.977,1,1
0.0,1,1
0.0,1,1
0.0,1,1
0.0,1,1
0.0,1,1
0.0,1,1
415.955,1,1
2819.518,0,0
6682.797,0,0
10106.326,0,0
13146.037,0,0
16195.749,0,0
19303.382,0,0
21823.835,0,0
23878.401,0,0
26523.003,0,0
29355.752,0,0
30500.0,0,0
30900.0,0,0
31200.0,0,0
31600.0,0,0
31700.0,0,0
31600.0,0,0
31500.0,0,0
31400.0,0,0
31300.0,0,0
31100.0,0,0
30900.0,0,0
30677.971,0,0
30500.0,0,0
30400.0,0,0
30200.0,0,0
30100.0,0,0
29900.0,0,0
29700.0,0,0
29500.0,0,0
29300.0,0,0
29100.0,0,0
28900.0,0,0
28700.0,0,0
28500.0,0,0
28200.0,0,0
27700.0,0,0
27300.0,0,0
26900.0,0,0
26600.0,0,0
26400.0,0,0
26300.0,0,0
26200.0,0,0
26000.0,0,0
25700.0,0,0
25400.0,0,0
25200.0,0,0
24900.0,0,0
24700.0,0,0
24500.0,0,0
24300.0,0,0
24200.0,0,0
24100.0,0,0
24100.0,0,0
24000.0,0,0
24000.0,0,0
24000.0,0,0
24000.0,0,0
24100.0,0,0
24200.0,0,0
24400.0,0,0
24700.0,0,0
24900.0,0,0
24749.9,0,0
23973.701,0,0
22826.27,0,0
21322.871,0,0
19736.17,0,0
18472.01,0,0
16750.694,0,0
14328.768,0,0
11644.841,0,0
9029.48,0,0
6883.756,1,1
5341.102,1,1
3304.829,1,1
739.574,1,1
0.0,1,1
0.0,1,1
0.0,1,1
0.0,1,1
0.0,1,1
0.0,1,1
0.0,1,1
0.0,1,1
0.0,1,1
0.0,1,1
0.0,1,1
0.0,1,1
0.0,1,1
0.0,1,1
95.865,1,1
1606.356,1,1
2937.772,1,1
4051.777,1,1
5128.985,1,1
6298.044,1,1
8342.177,0,0
10814.028,0,0
12457.98,0,0
13448.921,0,0
16694.515,0,0
21731.371,0,0
26337.259,0,0
28825.31,0,0
29701.363,0,0
30962.363,0,0
31500.0,0,0
31400.0,0,0
31400.0,0,0
31400.0,0,0
31300.0,0,0
31100.0,0,0
30900.0,0,0
30800.0,0,0
30600.0,0,0
30400.0,0,0
30200.0,0,0
30000.0,0,0
29900.0,0,0
29700.0,0,0
29600.0,0,0
29400.0,0,0
29300.0,0,0
29300.0,0,0
29200.0,0,0
29100.0,0,0
28991.036,0,0
28776.713,0,0
28462.292,0,0
28247.772,0,0
27922.2,0,0
27485.681,0,0
27149.206,0,0
26712.776,0,0
26489.124,0,0
26478.265,0,0
26400.0,0,0
26200.0,0,0
26100.0,0,0
25900.0,0,0
25778.223,0,0
25488.822,0,0
25161.026,0,0
24707.631,0,0
23714.582,0,0
22720.983,0,0
22073.033,0,0
21972.121,0,0
21871.21,0,0
21770.297,0,0
21288.266,0,0
20624.718,0,0
19860.64,0,0
19108.006,0,0
18684.438,0,0
18882.38,0,0
19080.321,0,0
19278.261,0,0
19603.039,0,0
19831.43,0,0
19854.353,0,0
20374.461,0,0
20436.869,0,0
20030.106,0,0
19742.506,0,0
19554.978,0,0
20193.191,0,0
21356.663,0,0
22218.421,0,0
22416.837,0,0
22817.492,0,0
23536.829,0,0
23163.036,0,0
21491.843,0,0
19344.724,0,0
16539.398,0,0
14901.577,1,1
14442.908,1,1
13069.415,1,1
10885.529,1,1
11139.562,1,1
13759.295,1,1
15833.323,1,1
17235.267,0,0
17675.729,0,0
17227.192,0,0
16779.677,0,0
16159.189,0,0
16895.596,0,0
18819.371,0,0
21402.672,0,0
23340.271,0,0
24007.234,0,0
20838.053,0,0
15866.867,1,1
12781.16,1,1
14790.83,1,1
20446.718,0,0
24440.039,0,0
27205.316,0,0
29435.005,0,0
31015.858,0,0
31596.66,0,0
31395.81,0,0
31294.857,0,0
30983.983,0,0
30311.788,0,0
29448.654,0,0
28453.061,0,0
27217.769,0,0
26175.265,0,0
24986.933,0,0
23625.17,0,0
22262.01,0,0
20065.714,0,0
16230.0,0,0
11869.484,1,1
6646.768,1,1
4252.716,1,1
4791.866,1,1
5331.677,1,1
5872.15,1,1
7229.989,1,1
9406.463,1,1
11585.295,1,1
13601.375,1,1
13293.338,1,1
10557.879,1,1
7654.831,1,1
4849.392,1,1
2633.615,1,1
1208.264,1,1
0.0,1,1
0.0,1,1
0.0,1,1
4663.742,1,1
9387.813,1,1
12830.543,0,0
14983.745,0,0
15959.134,0,0
16525.715,0,0
16974.935,0,0
17686.13,0,0
18759.864,0,0
19694.938,0,0
20454.858,0,0
20980.238,0,0
21170.438,0,0
21360.838,0,0
21651.438,0,0
21942.127,0,0
22332.929,0,0
22703.676,0,0
23025.877,0,0
22846.437,0,0
21708.887,0,0
20285.011,0,0
18506.864,0,0
16870.564,0,0
15360.02,0,0
13766.346,0,0
11847.999,0,0
9400.398,1,1
6397.678,1,1
4941.906,1,1
5349.302,1,1
5733.54,1,1
5946.124,1,1
6696.527,1,1
7776.688,1,1
8976.038,1,1
10420.049,1,1
10878.647,1,1
10434.275,1,1
10334.067,1,1
10716.212,1,1
10912.272,0,0
11060.859,0,0
10805.764,1,1
10259.64,1,1
10704.915,1,1
12299.788,0,0
13198.522,0,0
13474.824,0,0
13727.994,0,0
14444.148,0,0
15422.283,0,0
16544.471,0,0
17850.885,0,0
19371.681,0,0
21053.671,0,0
22629.635,0,0
24207.384,0,0
25822.65,0,0
27176.994,0,0
28416.272,0,0
29657.697,0,0
30407.38,0,0
30739.532,0,0
31000.957,0,0
31229.994,0,0
31205.754,0,0
31156.274,0,0
31081.485,0,0
30906.735,0,0
30832.024,0,0
30631.887,0,0
30406.26,0,0
30080.588,0,0
29854.872,0,0
29680.218,0,0
29756.748,0,0
29733.397,0,0
29700.0,0,0
29600.0,0,0
29500.0,0,0
29384.519,0,0
29258.811,0,0
29265.202,0,0
29100.0,0,0
29000.0,0,0
28900.0,0,0
28600.0,0,0
28000.0,0,0
27400.0,0,0
26800.0,0,0
26400.0,0,0
26300.0,0,0
26100.0,0,0
26000.0,0,0
25797.319,0,0
25597.316,0,0
25497.314,0,0
25297.311,0,0
25100.0,0,0
24900.0,0,0
24700.0,0,0
24500.0,0,0
24400.0,0,0
24231.612,0,0
24152.624,0,0
24073.453,0,0
24033.644,0,0
24033.334,0,0
24033.024,0,0
24032.713,0,0
24086.048,0,0
24152.419,0,0
23808.582,0,0
23563.707,0,0
22827.265,0,0
21247.652,0,0
19446.703,0,0
17119.588,0,0
15099.984,0,0
13189.981,1,1
12337.303,1,1
12587.995,1,1
12152.313,1,1
11244.046,1,1
11604.813,1,1
13277.13,1,1
14789.665,1,1
15567.652,0,0
15213.912,0,0
14403.816,1,1
14256.532,1,1
14973.759,1,1
15040.988,1,1
14550.13,1,1
13259.648,1,1
11173.132,1,1
10166.559,1,1
10143.107,1,1
9913.017,1,1
9406.268,1,1
8826.953,1,1
8194.448,1,1
8829.406,1,1
9708.802,1,1
12918.002,1,1
18488.657,0,0
23022.923,0,0
26650.236,0,0
28113.292,0,0
27688.247,0,0
26975.123,0,0
26078.579,0,0
25974.283,0,0
26658.693,0,0
26658.993,0,0
25823.256,0,0
24251.848,0,0
22327.344,0,0
21717.13,0,0
23594.618,0,0
25091.151,0,0
26463.875,0,0
27044.971,0,0
27138.592,0,0
27132.35,0,0
27226.247,0,0
27122.783,0,0
26921.854,0,0
26720.925,0,0
26619.996,0,0
25832.367,0,0
24538.926,0,0
22832.356,0,0
21224.64,0,0
20251.832,0,0
20048.496,0,0
19945.157,0,0
19841.816,0,0
20609.879,0,0
22116.097,0,0
23623.177,0,0
24717.641,0,0
25003.358,0,0
24598.497,0,0
24193.776,0,0
23889.195,0,0
23242.755,0,0
22554.167,0,0
21765.333,0,0
21076.251,0,0
20973.903,0,0
21658.591,0,0
22243.437,0,0
22828.443,0,0
23070.486,0,0
23122.61,0,0
23174.824,0,0
23227.129,0,0
23126.972,0,0
22874.249,0,0
22521.481,0,0
22268.668,0,0
22078.886,0,0
21952.134,0,0
21875.457,0,0
21677.945,0,0
20841.349,0,0
19264.953,0,0
17073.915,0,0
14533.869,1,1
10764.371,1,1
6875.967,1,1
2031.566,1,1
0.0,1,1
0.0,1,1
0.0,1,1
0.0,1,1
0.0,1,1
0.0,1,1
0.0,1,1
0.0,1,1
0.0,1,1
0.0,1,1
0.0,1,1
4428.105,1,1
8559.16,1,1
7925.247,1,1
6198.135,1,1
6629.529,1,1
9485.581,1,1
12125.764,1,1
14251.51,1,1
15701.561,1,1
16364.681,0,0
17258.268,0,0
18440.185,0,0
19526.181,0,0
20953.61,0,0
21167.937,0,0
20441.528,0,0
21320.378,0,0
23964.176,0,0
26559.303,0,0
29011.39,0,0
29893.149,0,0
29075.719,0,0
28829.44,0,0
28964.635,0,0
29146.226,0,0
29368.202,0,0
29620.301,0,0
29803.162,0,0
30191.176,0,0
30874.081,0,0
31100.0,0,0
31000.0,0,0
30900.0,0,0
30700.0,0,0
30600.0,0,0
30500.0,0,0
30400.0,0,0
30200.0,0,0
30100.0,0,0
29900.0,0,0
29700.0,0,0
29500.0,0,0
29400.0,0,0
29300.0,0,0
29200.0,0,0
29200.0,0,0
29000.0,0,0
28900.0,0,0
28700.0,0,0
28600.0,0,0
28500.0,0,0
28500.0,0,0
28500.0,0,0
28600.0,0,0
28300.0,0,0
27800.0,0,0
27231.661,0,0
26600.339,0,0
26134.604,0,0
25934.509,0,0
25734.415,0,0
25534.32,0,0
25188.189,0,0
24855.831,0,0
24116.096,0,0
23376.047,0,0
22710.085,0,0
21645.592,0,0
20466.689,0,0
19287.208,0,0
19283.743,0,0
20557.412,0,0
21728.897,0,0
22446.778,0,0
22955.798,0,0
23055.517,0,0
23155.237,0,0
23254.956,0,0
23801.495,0,0
24586.513,0,0
25031.916,0,0
25577.423,0,0
25800.0,0,0
25274.385,0,0
25037.791,0,0
24695.801,0,0
22931.223,0,0
19426.851,0,0
18478.141,0,0
20786.594,0,0
22933.933,0,0
24415.3,0,0
23670.214,0,0
20496.84,0,0
17482.505,0,0
14735.97,0,0
12554.831,0,0
10984.324,0,0
6389.746,1,1
0.0,1,1
0.0,1,1
3379.585,1,1
9689.42,1,1
13558.122,0,0
14409.639,0,0
14173.363,0,0
11785.448,0,0
8255.854,1,1
8729.036,1,1
13634.641,0,0
16703.695,0,0
18108.404,0,0
17671.717,0,0
15308.4,0,0
13285.259,0,0
11842.92,0,0
11016.078,0,0
10705.556,0,0
9364.633,1,1
6906.144,1,1
3794.798,1,1
1110.896,1,1
0.0,1,1
0.0,1,1
0.0,1,1
0.0,1,1
0.0,1,1
5121.462,1,1
12745.818,0,0
18546.3,0,0
21700.243,0,0
22225.071,0,0
22650.361,0,0
23176.115,0,0
22675.798,0,0
21248.186,0,0
18789.341,0,0
16187.493,0,0
14643.344,0,0
14058.227,0,0
13372.767,0,0
12623.355,0,0
12081.41,0,0
11773.787,0,0
11466.158,0,0
11158.522,0,0
9539.695,1,1
6407.665,1,1
3372.946,1,1
0.0,1,1
637.391,1,1
5067.068,1,1
9372.083,1,1
12598.464,0,0
14101.74,0,0
14035.697,0,0
14069.945,0,0
14104.486,0,0
14644.655,0,0
15750.069,0,0
16348.733,0,0
16848.253,0,0
17147.524,0,0
17346.223,0,0
17545.351,0,0
17644.907,0,0
17743.105,0,0
17739.619,0,0
17736.129,0,0
17732.635,0,0
17829.386,0,0
18026.384,0,0
18223.378,0,0
18320.369,0,0
17942.419,0,0
16988.432,0,0
15932.982,0,0
14143.399,0,0
11778.537,0,0
8567.602,0,0
3296.167,0,0
0.0,1,1
0.0,1,1
0.0,1,1
0.0,1,1
0.0,1,1
0.0,1,1
40.146,0,1
0.0,1,1
0.0,1,1
0.0,1,1
0.0,1,1
0.0,1,1
0.0,1,1
0.0,1,1
0.0,1,1
0.0,1,1
0.0,1,1
0.0,1,1
0.0,1,1
0.0,1,1
0.0,1,1
0.0,1,1
0.0,1,1
0.0,1,1
0.0,1,1
0.0,0,0
656.332,0,0
3937.036,0,0
7128.269,0,0
11572.682,0,0
13871.596,0,0
16204.092,0,0
17772.87,0,0
18345.862,0,0
18336.594,0,0
19765.406,0,0
22169.146,0,0
23839.324,0,0
25278.112,0,0
26687.334,0,0
28093.716,0,0
28834.97,0,0
29234.809,0,0
29534.649,0,0
29934.489,0,0
30114.865,0,0
29838.344,0,0
29552.292,0,0
29366.044,0,0
29010.59,0,0
28785.981,0,0
28461.24,0,0
28236.367,0,0
28128.826,0,0
28438.92,0,0
28649.288,0,0
28959.931,0,0
28877.764,0,0
28668.941,0,0
28460.215,0,0
28251.586,0,0
28084.237,0,0
27958.079,0,0
27831.897,0,0
27705.692,0,0
27312.193,0,0
26751.448,0,0
26290.746,0,0
25700.0,0,0
25364.494,0,0
25093.828,0,0
24823.011,0,0
23966.981,0,0
23113.872,0,0
21950.378,0,0
20672.329,0,0
19393.125,0,0
19433.411,0,0
20995.47,0,0
22116.749,0,0
23014.644,0,0
23066.265,0,0
23032.194,0,0
23098.183,0,0
23064.23,0,0
23031.15,0,0
22898.79,0,0
22866.288,0,0
22468.455,0,0
22188.675,0,0
22161.546,0,0
22234.28,0,0
22306.876,0,0
22153.621,0,0
21627.489,0,0
20589.066,0,0
19441.953,0,0
16689.429,0,0
11200.354,0,0
4349.468,0,0
0.0,1,1
0.0,1,1
0.0,1,1
1640.21,0,0
135.996,0,0
0.0,1,1
0.0,1,1
0.0,1,1
0.0,1,1
0.0,1,1
0.0,1,1
0.0,1,1
0.0,1,1
0.0,1,1
0.0,1,1
0.0,1,1
0.0,1,1
0.0,1,1
0.0,1,1
0.0,1,1
0.0,1,1
0.0,1,1
0.0,1,1
0.0,1,1
0.0,1,1
0.0,1,1
0.0,0,0
0.0,0,0
0.0,0,0
5032.215,0,0
10948.792,0,0
15529.929,0,0
18346.089,0,0
20684.226,0,0
22208.772,0,0
24161.721,0,0
25993.859,0,0
27080.534,0,0
27743.352,0,0
28146.901,0,0
28536.926,0,0
28835.45,0,0
28942.266,0,0
29042.928,0,0
29007.214,0,0
28807.06,0,0
28542.365,0,0
28140.802,0,0
27732.271,0,0
27470.135,0,0
27554.783,0,0
27739.625,0,0
27815.338,0,0
27760.48,0,0
27712.152,0,0
27663.878,0,0
27615.659,0,0
27515.561,0,0
27363.504,0,0
27311.391,0,0
27159.224,0,0
26859.044,0,0
26410.933,0,0
25962.878,0,0
25514.877,0,0
25227.825,0,0
25101.662,0,0
24975.476,0,0
24849.267,0,0
24649.145,0,0
24475.148,0,0
24301.179,0,0
24127.237,0,0
23894.432,0,0
23602.681,0,0
23310.848,0,0
22782.429,0,0
22456.958,0,0
22644.284,0,0
22731.777,0,0
22809.982,0,0
22756.601,0,0
22442.938,0,0
22128.995,0,0
21814.772,0,0
21568.881,0,0
21391.279,0,0
21093.505,0,0
20804.357,0,0
20612.527,0,0
20308.36,0,0
19553.05,0,0
18881.322,0,0
18907.008,0,0
19535.116,0,0
19247.912,0,0
18025.961,0,0
17172.005,0,0
16669.28,1,1
16382.945,1,1
16263.81,1,1
15583.187,1,1
14109.518,1,1
12586.373,1,1
8831.149,1,1
3960.795,1,1
0.0,1,1
0.0,1,1
2188.253,1,1
4994.39,1,1
7674.582,1,1
9421.424,1,1
10040.003,1,1
11300.673,1,1
13186.08,1,1
13664.26,1,1
13007.91,1,1
11459.398,1,1
9203.133,1,1
10059.397,1,1
13683.606,1,1
16536.659,1,1
18950.374,0,0
20136.323,0,0
20457.459,0,0
20909.881,0,0
21091.64,0,0
21803.865,0,0
22475.623,0,0
23986.761,0,0
26379.121,0,0
28269.049,0,0
29723.704,0,0
30159.695,0,0
30198.164,0,0
30236.66,0,0
30175.182,0,0
30120.164,0,0
29971.611,0,0
29800.0,0,0
29600.0,0,0
29400.0,0,0
29168.477,0,0
28813.736,0,0
28249.347,0,0
28026.063,0,0
28336.055,0,0
28239.211,0,0
28242.422,0,0
28116.546,0,0
27961.461,0,0
27401.368,0,0
26660.959,0,0
26190.208,0,0
25989.503,0,0
25788.798,0,0
25588.093,0,0
25287.386,0,0
24886.68,0,0
24485.973,0,0
24085.265,0,0
23908.379,0,0
24055.413,0,0
24202.577,0,0
24349.872,0,0
24645.026,0,0
24611.658,0,0
24467.441,0,0
24300.0,0,0
24100.0,0,0
24100.0,0,0
24000.0,0,0
24000.0,0,0
23900.0,0,0
23700.0,0,0
23600.0,0,0
23438.731,0,0
23312.67,1,1
23351.725,1,1
23290.801,1,1
23300.0,1,1
23400.0,0,0
23671.234,0,0
23819.052,0,0
24066.844,0,0
24240.771,0,0
24034.694,0,0
23581.05,0,0
23010.969,1,1
21983.9,1,1
20249.371,1,1
20032.766,1,1
21594.549,1,1
23415.087,0,0
25386.69,0,0
25342.686,0,0
23105.512,1,1
20092.077,1,1
16272.125,1,1
15512.373,1,1
17959.218,1,1
19613.204,1,1
20336.699,1,1
20954.581,1,1
21456.292,1,1
21831.244,1,1
22180.674,1,1
22843.316,1,1
23618.308,0,0
24433.909,0,0
24977.026,0,0
25192.4,0,0
24683.5,0,0
23687.178,0,0
22018.009,1,1
22328.256,1,1
24681.888,0,0
26769.157,0,0
28801.496,0,0
29053.938,0,0
27542.913,0,0
25588.361,0,0
23397.631,0,0
22743.492,1,0
23644.31,0,0
25323.6,0,0
27266.918,0,0
29017.791,0,0
30417.769,0,0
30900.0,0,0
30900.0,0,0
30800.0,0,0
30700.0,0,0
30600.0,0,0
30400.0,0,0
30200.0,0,0
30000.0,0,0
29800.0,0,0
29600.0,0,0
29400.0,0,0
29200.0,0,0
29100.0,0,0
29000.0,0,0
28877.989,0,0
28687.646,0,0
28529.527,0,0
28403.658,0,0
28377.775,0,0
28251.879,0,0
28080.755,0,0
27678.752,0,0
27023.621,0,0
26368.296,0,0
26060.457,0,0
26300.541,0,0
26360.942,0,0
26016.152,0,0
25774.361,0,0
25635.499,0,0
25496.623,0,0
25457.734,0,0
25225.308,0,0
24999.348,0,0
24773.379,0,0
24447.401,0,0
24266.783,0,0
24131.549,0,0
23996.337,0,0
23861.149,0,0
23738.955,0,0
23700.0,0,0
23600.0,0,0
23500.0,0,0
23400.0,0,0
23500.0,0,0
23600.0,0,0
23700.0,0,0
23777.84,0,0
23938.866,0,0
24099.886,0,0
24260.898,0,0
24428.446,0,0
24364.607,0,0
23929.526,0,0
23580.938,0,0
22860.798,0,0
21964.29,0,0
21520.233,0,0
21735.376,0,0
22261.636,0,0
23297.806,0,0
22887.931,0,0
21221.738,0,0
18398.768,0,0
14348.995,1,1
11184.546,1,1
8811.462,1,1
8796.952,1,1
11392.25,1,1
12784.305,1,1
12873.626,1,1
14286.498,1,1
15789.844,1,1
16658.79,1,1
12397.965,1,1
3800.08,1,1
0.0,1,1
0.0,1,1
3126.209,1,1
8217.859,1,1
12198.598,1,1
12951.466,1,1
10916.446,1,1
9218.809,1,1
7735.574,1,1
9709.246,1,1
14217.904,1,1
18005.781,1,1
21104.324,0,0
22935.598,0,0
24002.948,0,0
25107.923,0,0
26256.831,0,0
28219.184,0,0
30144.026,0,0
30800.0,0,0
30800.0,0,0
30800.0,0,0
30700.0,0,0
30584.788,0,0
30459.547,0,0
30334.288,0,0
30109.013,0,0
29895.295,0,0
29382.989,0,0
28217.742,0,0
27002.863,0,0
26237.241,0,0
26612.698,0,0
26888.413,0,0
27110.754,0,0
27493.536,0,0
28018.542,0,0
28467.672,0,0
28419.771,0,0
28414.889,0,0
28352.948,0,0
28291.033,0,0
28200.0,0,0
27900.0,0,0
27391.023,0,0
26752.857,0,0
26214.658,0,0
25846.45,0,0
25900.0,0,0
25800.0,0,0
25700.0,0,0
25500.0,0,0
25200.0,0,0
24900.0,0,0
24600.0,0,0
24400.0,0,0
24200.0,0,0
24100.0,0,0
23900.0,0,0
23800.0,0,0
23790.957,0,0
23650.005,0,0
23508.93,0,0
23538.253,0,0
23538.064,0,0
23537.875,0,0
23537.686,0,0
23618.235,0,0
23543.311,0,0
23558.972,0,0
23574.472,0,0
23459.5,0,0
23208.41,0,0
22935.398,0,0
22555.691,0,0
22045.053,0,0
21171.844,0,0
21163.772,0,0
21587.004,0,0
21863.389,0,0
21976.958,0,0
22201.587,0,0
22537.573,0,0
22817.665,0,0
23241.567,0,0
22798.096,0,0
21583.592,0,0
20355.077,1,1
19104.71,1,1
18395.937,1,1
18433.152,1,1
18163.954,1,1
17634.743,1,1
17198.652,1,1
17054.535,1,1
15685.449,1,1
13137.207,1,1
11211.333,1,1
8715.402,1,1
7345.555,1,1
3626.713,1,1
2282.99,1,1
290.877,1,1
0.0,1,1
0.0,1,1
0.0,1,1
7517.305,1,1
14203.296,1,1
20161.309,1,1
23042.382,0,0
24317.983,0,0
24351.676,0,0
23536.183,0,0
23280.806,0,0
23677.553,0,0
23281.271,0,0
22377.392,0,0
21252.333,0,0
19517.969,1,1
20812.807,1,1
23484.467,0,0
25560.289,0,0
27152.225,0,0
27423.415,0,0
26372.495,0,0
25320.988,0,0
24268.896,0,0
24261.788,0,0
25200.643,0,0
26240.215,0,0
26973.891,0,0
27359.166,0,0
27562.499,0,0
27766.041,0,0
27969.792,0,0
27953.158,0,0
27878.544,0,0
27703.948,0,0
27629.37,0,0
27454.809,0,0
27080.265,0,0
26805.74,0,0
26431.232,0,0
26143.951,0,0
25843.883,0,0
25643.815,0,0
25343.747,0,0
25194.911,0,0
24997.361,0,0
24700.0,0,0
24400.0,0,0
24200.0,0,0
24100.0,0,0
24000.0,0,0
23900.0,0,0
23800.0,0,0
23726.673,0,0
23610.949,0,0
23495.145,0,0
23365.723,0,0
23158.52,0,0
22951.048,0,0
22843.308,0,0
23257.957,0,0
24495.583,0,0
25065.219,0,0
25619.94,0,0
25865.093,0,0
25648.559,0,0
25044.208,0,0
24425.375,0,0
24136.491,0,0
24283.717,0,0
23691.395,0,0
22392.103,0,0
21040.779,0,0
19637.555,0,0
18998.737,0,0
19082.433,0,0
19071.97,0,0
18755.723,1,1
18810.398,1,1
19325.197,0,0
20124.671,0,0
16566.983,1,1
16351.623,1,1
15061.901,1,1
12275.046,1,1
7865.309,1,1
6421.442,1,1
7841.536,1,1
8439.865,1,1
8374.263,1,1
8215.241,1,1
8043.285,1,1
8042.396,1,1
8373.372,1,1
7677.635,1,1
6280.752,1,1
4696.16,1,1
3030.856,1,1
4967.045,1,1
9742.273,1,1
13529.793,1,1
16579.606,1,1
18967.54,1,1
20924.828,0,0
22715.63,0,0
24554.85,0,0
26644.524,0,0
28708.394,0,0
29600.0,0,0
30000.0,0,0
30300.0,0,0
30600.0,0,0
30800.0,0,0
30700.0,0,0
30700.0,0,0
30600.0,0,0
30500.0,0,0
30300.0,0,0
30100.0,0,0
30000.0,0,0
29800.0,0,0
29700.0,0,0
29572.227,0,0
29421.85,0,0
29190.345,0,0
28977.729,0,0
28665.108,0,0
28452.483,0,0
28302.034,0,0
28013.73,0,0
27825.38,0,0
27313.106,0,0
26420.72,0,0
24908.748,0,0
23006.386,0,0
20879.058,0,0
19743.728,0,0
19927.732,0,0
20111.868,0,0
20396.135,0,0
20480.534,0,0
20396.611,0,0
20377.783,0,0
20259.053,0,0
20099.372,0,0
19898.669,0,0
19597.966,0,0
19397.263,0,0
19155.417,0,0
18972.355,0,0
18689.196,0,0
18470.873,0,0
17926.436,0,0
17224.311,0,0
16421.876,0,0
15719.131,0,0
15724.475,0,0
16638.273,0,0
17452.248,0,0
18366.399,0,0
18372.785,0,0
17671.389,0,0
16561.533,0,0
14969.029,0,0
11744.418,0,0
5737.874,0,0
0.0,1,1
0.0,1,1
0.0,1,1
0.0,1,1
0.0,1,1
0.0,1,1
0.0,1,1
0.0,1,1
0.0,1,1
0.0,1,1
0.0,1,1
0.0,1,1
0.0,1,1
0.0,1,1
0.0,1,1
0.0,1,1
0.0,1,1
0.0,1,1
0.0,1,1
0.0,1,1
0.0,1,1
3205.787,0,0
1516.572,0,0
0.0,1,1
0.0,1,1
0.0,1,1
0.0,0,0
0.0,0,0
0.0,0,0
0.0,0,0
2833.7,0,0
11046.887,0,0
17033.707,0,0
21016.254,0,0
23132.892,0,0
24247.741,0,0
25116.628,0,0
26119.608,0,0
26560.092,0,0
26671.857,0,0
26783.589,0,0
26895.29,0,0
27605.911,0,0
28945.287,0,0
29749.667,0,0
30549.764,0,0
30582.468,0,0
30458.3,0,0
30334.159,0,0
30200.0,0,0
30100.0,0,0
29991.067,0,0
29853.107,0,0
29715.141,0,0
29540.444,0,0
29400.0,0,0
29200.0,0,0
28900.0,0,0
28700.0,0,0
28500.0,0,0
28300.0,0,0
28100.0,0,0
27800.0,0,0
27300.0,0,0
26800.0,0,0
26400.0,0,0
26100.0,0,0
26000.0,0,0
25900.0,0,0
25800.0,0,0
25600.0,0,0
25300.0,0,0
25100.0,0,0
24800.0,0,0
24552.796,0,0
24263.553,0,0
24074.202,0,0
23884.744,0,0
23684.553,0,0
23673.792,0,0
23563.139,0,0
23452.595,0,0
23500.0,0,0
23700.0,0,0
23800.0,0,0
23900.0,0,0
24100.0,0,0
24200.0,0,0
24300.0,0,0
24400.0,0,0
24600.0,0,0
24700.0,0,0
24810.048,0,0
24946.461,0,0
24749.533,0,0
24375.333,0,0
23863.368,0,0
23034.304,0,0
22178.084,0,0
21397.147,0,0
21305.183,0,0
22105.082,0,0
22391.885,0,0
22265.866,0,0
22236.734,0,0
22719.149,0,0
23178.859,0,0
23269.025,0,0
22425.069,0,0
20349.366,0,0
19501.197,0,0
19905.188,0,0
20991.617,0,0
22386.106,0,0
23298.314,0,0
23629.131,0,0
24783.437,0,0
26931.506,0,0
28638.474,0,0
28740.394,0,0
27585.463,0,0
26378.551,0,0
25666.099,0,0
25908.314,0,0
25886.951,0,0
25633.829,0,0
25628.88,0,0
25871.046,0,0
26794.624,0,0
27938.931,0,0
28289.558,0,0
27539.536,0,0
26453.523,0,0
24936.547,0,0
23605.781,0,0
22693.99,0,0
21659.124,0,0
20010.349,0,0
18596.348,1,1
17217.243,1,1
15837.73,1,1
14537.187,1,1
14333.702,1,1
15228.051,1,1
16202.39,1,1
17177.34,1,1
16013.721,1,1
12262.725,1,1
7650.415,1,1
2911.199,1,1
0.0,1,1
0.0,1,1
0.0,1,1
0.0,1,1
0.0,1,1
788.228,1,1
6390.291,1,1
11562.465,1,1
12813.472,1,1
10921.499,1,1
8768.952,1,1
6615.829,1,1
7960.118,1,1
11976.754,1,1
15420.295,1,1
17932.751,1,1
19104.515,0,0
19587.831,0,0
20054.767,0,0
20428.212,0,0
20610.191,0,0
20600.453,0,0
20690.882,0,0
20781.478,0,0
21068.392,0,0
21351.752,0,0
21735.447,0,0
22064.664,0,0
22519.866,0,0
23384.573,0,0
23825.187,0,0
23906.583,0,0
24200.0,0,0
24400.0,0,0
24600.0,0,0
24900.0,0,0
25000.0,0,0
25002.405,0,0
24659.74,0,0
24306.043,0,0
23210.453,0,0
20866.465,0,0
19536.35,0,0
19489.513,0,0
19649.828,0,0
19897.37,0,0
19004.772,0,0
16471.498,1,1
13177.792,1,1
8924.041,1,1
8187.902,1,1
11615.517,1,1
15614.822,1,1
17853.897,1,1
17800.502,1,1
17382.945,1,1
15980.277,1,1
14380.578,1,1
16032.971,1,1
21053.131,0,0
24875.846,0,0
27275.191,0,0
27757.407,0,0
26338.811,0,0
24939.895,0,0
23669.207,0,0
22642.392,0,0
21618.919,0,0
19002.467,0,0
14828.314,1,1
12391.052,1,1
11732.355,1,1
9418.295,1,1
6809.861,1,1
7113.851,1,1
8550.931,1,1
12943.378,1,1
18703.24,0,0
22860.39,0,0
25181.898,0,0
26243.15,0,0
26240.837,0,0
26238.521,0,0
26136.204,0,0
25679.752,0,0
24568.577,0,0
23556.612,0,0
22443.858,0,0
22535.48,0,0
23632.744,0,0
24630.909,0,0
25573.332,0,0
25471.526,0,0
24224.149,0,0
22818.938,0,0
21412.593,0,0
21470.069,0,0
23193.168,0,0
24660.458,0,0
25795.543,0,0
26553.892,0,0
26780.651,0,0
26925.019,0,0
27069.6,0,0
26768.889,0,0
26022.566,0,0
25276.029,0,0
24446.419,0,0
24049.609,0,0
24140.476,0,0
24211.257,0,0
24133.582,0,0
22966.144,1,1
20372.16,1,1
16919.285,1,1
11375.124,1,1
9169.506,1,1
10965.365,1,1
12662.554,1,1
14361.072,1,1
15538.093,1,1
15961.436,1,1
16485.146,1,1
17009.224,1,1
17665.131,1,1
18453.109,1,1
19224.613,1,1
19801.474,1,1
21010.059,1,1
22674.654,1,1
23927.611,0,0
24730.91,0,0
24915.374,0,0
24972.038,0,0
24823.609,0,0
24769.43,0,0
24529.474,0,0
24093.961,0,0
23719.752,0,0
23412.071,0,0
23051.261,0,0
22733.016,1,1
22782.465,1,1
23200.041,0,0
23416.712,0,0
23531.5,0,0
23676.959,0,0
23753.078,0,0
24150.925,0,0
24671.662,0,0
24258.014,0,0
23003.53,0,0
20776.647,1,1
17798.937,1,1
17896.638,1,1
21042.266,1,1
23409.074,0,0
24889.081,0,0
25439.674,0,0
25170.291,0,0
24514.926,0,0
23476.8,0,0
23820.42,0,0
25419.85,0,0
26994.587,0,0
28558.308,0,0
28849.808,0,0
28077.799,0,0
26862.72,0,0
25442.896,0,0
25860.795,0,0
28024.808,0,0
30128.697,0,0
31379.124,0,0
31578.931,0,0
31892.886,0,0
32000.0,0,0
31900.0,0,0
31700.0,0,0
31500.0,0,0
31300.0,0,0
31200.0,0,0
31100.0,0,0
31000.0,0,0
30800.0,0,0
30600.0,0,0
30400.0,0,0
30200.0,0,0
30100.0,0,0
30000.0,0,0
29900.0,0,0
29800.0,0,0
29700.0,0,0
29700.0,0,0
29600.0,0,0
29500.0,0,0
29400.0,0,0
29200.0,0,0
29000.0,0,0
28800.0,0,0
28500.0,0,0
28000.0,0,0
27600.0,0,0
27100.0,0,0
26800.0,0,0
26700.0,0,0
26600.0,0,0
26500.0,0,0
26300.0,0,0
26000.0,0,0
25700.0,0,0
25400.0,0,0
25100.0,0,0
25000.0,0,0
24800.0,0,0
24700.0,0,0
24600.0,0,0
24500.0,0,0
24400.0,0,0
24400.0,0,0
24400.0,0,0
24400.0,0,0
24400.0,0,0
24400.0,0,0
24500.0,0,0
24700.0,0,0
24900.0,0,0
25100.0,0,0
25300.0,0,0
25339.375,0,0
25380.078,0,0
25288.483,0,0
24491.163,0,0
22837.246,0,0
21930.566,1,1
21631.293,1,1
21523.578,1,1
21601.741,1,1
21027.342,1,1
19797.673,1,1
17860.374,1,1
15122.728,1,1
14827.532,1,1
17127.584,1,1
18435.433,1,1
18811.16,1,1
20081.521,1,1
22341.464,1,1
24896.929,0,0
27627.687,0,0
28432.294,0,0
27651.897,0,0
27148.486,0,0
26827.381,0,0
26365.067,0,0
25961.665,0,0
24977.752,0,0
23520.842,0,0
23282.477,0,0
24238.736,0,0
24797.977,0,0
25072.673,0,0
25661.404,0,0
26445.896,0,0
27242.519,0,0
28067.301,0,0
28709.267,0,0
29168.908,0,0
29491.991,0,0
29684.308,0,0
30168.565,0,0
30492.94,0,0
30569.279,0,0
30754.292,0,0
30839.404,0,0
31015.287,0,0
30306.496,0,0
28683.8,0,0
26366.013,0,0
23374.27,0,0
21919.793,1,1
22244.945,1,1
22570.374,1,1
22896.08,0,0
22793.832,0,0
22163.14,1,1
21532.074,1,1
20900.635,1,1
20897.891,1,1
21224.333,1,1
21651.053,1,1
22078.052,1,1
22902.24,0,0
24106.706,0,0
24973.748,0,0
25841.301,0,0
26118.696,0,0
25850.523,0,0
25498.689,0,0
25046.986,0,0
24871.049,0,0
24770.779,0,0
24770.509,0,0
24670.238,0,0
24220.936,0,0
23508.127,0,0
22430.988,0,0
21453.575,0,0
20087.604,0,0
17815.734,1,1
15524.221,1,1
11481.041,1,1
10658.761,1,1
13058.529,1,1
15318.128,1,1
16545.356,1,1
17607.239,1,1
18303.638,1,1
19083.011,1,1
19665.79,0,0
20251.477,0,0
20840.021,0,0
21528.703,0,0
22117.522,0,0
22804.484,0,0
23188.039,0,0
23360.825,0,0
23624.976,0,0
21927.703,0,0
17920.853,1,1
16045.525,1,1
17237.744,1,1
19322.343,0,0
21645.777,0,0
22362.967,0,0
22000.913,0,0
20669.168,0,0
18599.764,1,1
18616.29,1,1
20928.34,0,0
22662.353,0,0
23799.476,0,0
24651.169,0,0
25096.258,0,0
26084.893,0,0
27514.095,0,0
27473.198,0,0
25953.632,0,0
23520.689,0,0
20081.669,0,0
17818.284,1,1
16876.968,1,1
10149.983,1,1
0.0,1,1
0.0,1,1
4841.376,1,1
9940.646,1,1
12180.907,1,1
16493.394,1,1
22322.218,0,0
25661.57,0,0
26959.159,0,0
27747.83,0,0
28034.917,0,0
28018.541,0,0
28059.046,0,0
28870.093,0,0
30111.644,0,0
30670.029,0,0
30734.164,0,0
30698.322,0,0
30762.502,0,0
30788.169,0,0
30575.302,0,0
30462.43,0,0
30249.554,0,0
30175.242,0,0
29939.505,0,0
29800.0,0,0
29600.0,0,0
29400.0,0,0
29400.0,0,0
29400.0,0,0
29400.0,0,0
29400.0,0,0
29200.0,0,0
29100.0,0,0
29000.0,0,0
28800.0,0,0
28700.0,0,0
28600.0,0,0
28400.0,0,0
28100.0,0,0
27700.0,0,0
27300.0,0,0
26900.0,0,0
26600.0,0,0
26400.0,0,0
26200.0,0,0
26000.0,0,0
25800.0,0,0
25400.0,0,0
25100.0,0,0
24800.0,0,0
24500.0,0,0
24300.0,0,0
24100.0,0,0
23800.0,0,0
23800.0,0,0
23800.0,0,0
23900.0,0,0
23900.0,0,0
24000.0,0,0
24100.0,0,0
24200.0,0,0
24300.0,0,0
24500.0,0,0
25000.0,0,0
25400.0,0,0
25800.0,0,0
26100.0,0,0
26100.0,0,0
26200.0,0,0
26300.0,0,0
25607.891,0,0
24126.132,0,0
22645.798,0,0
21205.679,0,0
21504.598,0,0
23616.337,0,0
23738.846,0,0
21986.968,0,0
20446.68,0,0
19309.249,0,0
19020.4,0,0
19601.177,0,0
19794.447,0,0
19696.235,0,0
19912.844,0,0
20444.558,0,0
20842.387,0,0
21106.467,0,0
21575.196,0,0
22182.181,0,0
22773.505,0,0
23048.8,0,0
23124.036,0,0
22703.929,0,0
21105.519,0,0
17775.158,0,0
15680.757,0,0
14638.308,0,0
13964.046,1,0
15471.58,0,0
15773.704,0,0
15103.477,0,0
15768.988,0,0
17770.475,0,0
19132.989,0,0
20247.76,0,0
20646.537,0,0
20528.327,0,0
20541.779,0,0
20678.514,0,0
20212.592,0,0
19099.01,0,0
18084.693,0,0
17069.64,0,0
15618.494,0,0
13004.44,1,1
10269.809,1,1
7433.806,1,1
6505.424,1,1
7286.074,1,1
8067.236,1,1
8848.909,1,1
8971.679,1,1
8534.985,1,1
8098.056,1,1
7660.894,1,1
6465.051,1,1
4610.056,1,1
2663.077,1,1
462.165,1,1
0.0,1,1
0.0,1,1
0.0,1,1
0.0,1,1
0.0,1,1
0.0,1,1
0.0,1,1
0.0,1,1
0.0,1,1
0.0,1,1
0.0,1,1
0.0,1,1
0.0,1,1
0.0,1,1
0.0,1,1
0.0,1,1
0.0,1,1
0.0,1,1
0.0,1,1
0.0,1,1
0.0,1,1
0.0,1,1
0.0,1,1
0.0,1,1
0.0,1,1
0.0,1,1
0.0,1,1
0.0,1,1
0.0,1,1
0.0,1,1
0.0,1,1
0.0,1,1
0.0,0,0
0.0,0,0
0.0,0,0
1823.703,0,0
5948.102,0,0
7573.594,0,0
8669.225,0,0
9491.446,0,0
12029.801,0,0
16117.015,0,0
17935.264,0,0
18416.084,0,0
19149.194,0,0
19763.418,0,0
21320.759,0,0
23706.917,0,0
25925.319,0,0
27493.379,0,0
28226.121,0,0
27166.746,0,0
25009.159,0,0
23188.275,0,0
22472.592,0,0
22971.715,0,0
23366.037,0,0
23555.928,0,0
23614.821,0,0
23742.733,0,0
23454.711,0,0
22950.688,0,0
23089.123,0,0
24065.975,0,0
24953.594,0,0
25752.742,0,0
26263.272,0,0
26479.968,0,0
26687.681,0,0
26753.596,0,0
26518.534,0,0
25990.943,0,0
26149.487,0,0
27039.56,0,0
27978.587,0,0
28813.079,0,0
29567.602,0,0
30153.408,0,0
30739.084,0,0
31315.304,0,0
31277.716,0,0
30498.801,0,0
29620.362,0,0
28604.035,0,0
28504.923,0,0
29322.183,0,0
29800.795,0,0
30379.051,0,0
30448.666,0,0
30374.607,0,0
30200.531,0,0
30026.436,0,0
29858.761,0,0
29697.503,0,0
29436.225,0,0
29174.926,0,0
28974.964,0,0
28736.375,0,0
28497.812,0,0
28259.276,0,0
27795.038,0,0
27165.894,0,0
26136.73,0,0
25207.866,0,0
24356.564,0,0
23414.518,0,0
22264.265,0,0
21114.377,0,0
20302.142,0,0
20003.551,0,0
19704.958,0,0
19406.365,0,0
19012.196,0,0
18522.603,0,0
18033.214,0,0
17444.027,0,0
17345.787,0,0
17638.187,0,0
17930.383,0,0
18222.375,0,0
18614.387,0,0
18937.068,0,0
19124.097,0,0
19410.927,0,0
19369.648,0,0
19100.631,0,0
18639.647,0,0
18062.158,0,0
18782.262,0,0
20573.673,0,0
22203.201,0,0
23576.512,0,0
23912.106,0,0
23468.245,0,0
23790.433,0,0
24696.008,0,0
25577.17,0,0
26357.279,0,0
26360.106,0,0
25353.681,0,0
24395.835,0,0
23305.841,0,0
22563.704,0,0
21925.295,0,0
21683.861,0,0
21494.051,0,0
22280.904,0,0
23942.29,0,0
25102.883,0,0
26084.687,0,0
26628.028,0,0
26538.727,0,0
26138.742,0,0
25327.581,0,0
25699.836,0,0
27251.762,0,0
28318.86,0,0
28736.825,0,0
28648.647,0,0
28164.968,0,0
27567.024,0,0
26612.083,0,0
25774.443,0,0
24659.571,0,0
23495.233,0,0
22120.964,0,0
19544.65,0,0
16562.025,0,0
10613.483,0,0
1096.596,1,1
0.0,1,1
0.0,1,1
0.0,1,1
0.0,1,1
0.0,1,1
0.0,1,1
0.0,1,1
0.0,1,1
0.0,1,1
1285.198,1,1
3343.756,1,1
5487.848,1,1
7137.146,1,1
8887.114,0,0
7869.082,0,0
4091.634,1,1
0.0,1,1
0.0,1,1
0.0,1,1
0.0,1,1
0.0,1,1
0.0,1,1
1476.569,1,1
3726.304,1,1
5480.294,1,1
7334.958,0,0
9806.577,0,0
12730.771,0,0
14801.732,0,0
16873.579,0,0
18373.023,0,0
19171.468,0,0
19971.778,0,0
20673.958,0,0
21347.998,0,0
21519.334,0,0
21791.124,0,0
21963.898,0,0
21425.81,0,0
19956.246,0,0
18180.872,0,0
16302.197,0,0
16193.496,0,0
17759.713,0,0
19329.221,0,0
20496.547,0,0
21359.316,0,0
22034.713,0,0
22521.683,0,0
22891.427,0,0
23051.719,0,0
23001.623,0,0
22850.998,0,0
22715.955,0,0
22379.267,0,0
21895.633,0,0
21410.544,0,0
20923.997,0,0
18135.357,0,0
11857.857,0,0
4030.593,0,0
0.0,1,1
0.0,1,1
0.0,1,1
1294.767,1,1
0.0,1,1
0.0,1,1
0.0,1,1
0.0,1,1
0.0,1,1
0.0,1,1
0.0,1,1
0.0,1,1
0.0,1,1
0.0,1,1
0.0,1,1
0.0,1,1
0.0,1,1
0.0,1,1
0.0,1,1
0.0,1,1
0.0,1,1
0.0,1,1
0.0,1,1
0.0,1,1
2684.175,0,0
5216.208,0,0
7044.251,0,0
9825.649,0,0
13366.525,0,0
16481.428,0,0
19377.22,0,0
22164.236,0,0
24953.299,0,0
27138.313,0,0
28968.405,0,0
30588.097,0,0
31952.34,0,0
32500.0,0,0
32400.0,0,0
32300.0,0,0
32100.0,0,0
32000.0,0,0
31900.0,0,0
31771.923,0,0
31520.953,0,0
31395.393,0,0
31195.302,0,0
30995.212,0,0
30795.121,0,0
30733.408,0,0
30600.0,0,0
30500.0,0,0
30400.0,0,0
30200.0,0,0
30200.0,0,0
30100.0,0,0
30000.0,0,0
29900.0,0,0
29800.0,0,0
29700.0,0,0
29600.0,0,0
29200.0,0,0
28700.0,0,0
28200.0,0,0
27600.0,0,0
27300.0,0,0
27200.0,0,0
26987.038,0,0
26718.163,0,0
26446.501,0,0
26172.257,0,0
25898.049,0,0
25523.878,0,0
25291.094,0,0
24959.775,0,0
24423.561,0,0
23786.651,0,0
23529.756,0,0
23653.527,0,0
23677.474,0,0
23701.597,0,0
23982.211,0,0
24410.26,0,0
24601.86,0,0
24693.608,0,0
24753.999,0,0
24692.966,0,0
24175.81,0,0
23557.487,0,0
23289.778,0,0
23584.023,0,0
23957.868,0,0
24182.211,0,0
23403.715,0,0
21156.95,0,0
18555.065,0,0
15648.503,0,0
15306.589,1,0
17640.947,0,0
17685.845,0,0
15242.28,1,1
12810.835,1,1
10245.777,1,1
9085.747,1,1
9309.458,1,1
9519.768,1,1
9470.189,1,1
8901.634,1,1
7850.541,1,1
6412.17,1,1
4768.833,1,1
5070.619,1,1
7506.978,1,1
9344.08,1,1
10744.414,1,1
12009.862,1,1
13046.88,1,1
14652.598,1,1
16555.582,0,0
16160.242,0,0
13865.055,1,1
11809.269,1,1
9972.46,1,1
11306.713,1,1
15143.865,1,1
17973.353,0,0
19854.94,0,0
22666.042,0,0
25867.783,0,0
29015.694,0,0
30957.117,0,0
31588.215,0,0
32064.571,0,0
32227.271,0,0
32201.393,0,0
32075.487,0,0
31949.555,0,0
31836.484,0,0
31636.293,0,0
31536.102,0,0
31335.911,0,0
31148.635,0,0
30974.294,0,0
30699.98,0,0
30425.693,0,0
30325.549,0,0
30199.506,0,0
30073.436,0,0
30047.339,0,0
29960.122,0,0
29911.848,0,0
29863.629,0,0
29915.464,0,0
29767.354,0,0
29719.298,0,0
29671.298,0,0
29500.0,0,0
29100.0,0,0
28600.0,0,0
28000.0,0,0
27400.0,0,0
27100.0,0,0
27000.0,0,0
26900.0,0,0
26800.0,0,0
26564.634,0,0
26299.251,0,0
26033.823,0,0
25768.347,0,0
25535.545,0,0
25335.451,0,0
25135.358,0,0
24935.264,0,0
24874.479,0,0
24853.056,0,0
24831.703,0,0
24800.0,0,0
24800.0,0,0
24800.0,0,0
24800.0,0,0
24900.0,0,0
24900.0,0,0
25100.0,0,0
25300.0,0,0
25500.0,0,0
25600.0,0,0
25800.0,0,0
26000.0,0,0
26200.0,0,0
23665.256,0,0
16668.753,0,0
12055.443,1,1
11950.593,1,1
11504.482,1,1
10226.069,1,1
9987.55,1,1
11188.069,1,1
13427.123,0,0
16751.129,0,0
16258.096,0,0
11474.24,1,1
6651.992,1,1
1881.659,1,1
502.293,1,1
2663.502,1,1
4338.106,1,1
5239.968,1,1
5767.628,1,1
5734.175,1,1
5597.026,1,1
5365.27,1,1
6202.979,1,1
8062.737,1,1
9387.771,1,1
10189.722,1,1
11200.599,1,1
12137.89,1,1
13347.373,1,1
14887.087,0,0
16639.718,0,0
18593.637,0,0
20262.536,0,0
21516.898,0,0
22742.407,0,0
23904.784,0,0
24930.235,0,0
25666.887,0,0
27073.938,0,0
28462.059,0,0
28805.969,0,0
28704.79,0,0
28503.609,0,0
28402.428,0,0
28587.447,0,0
29059.039,0,0
29442.485,0,0
29809.429,0,0
29608.766,0,0
29040.064,0,0
28354.055,0,0
27578.898,0,0
26807.594,0,0
25840.043,0,0
24883.531,0,0
23733.515,0,0
23500.194,0,0
24184.53,0,0
24952.341,0,0
25426.452,0,0
25612.926,0,0
25611.461,0,0
25509.994,0,0
25408.526,0,0
25107.058,0,0
24405.588,0,0
23804.117,0,0
23202.646,0,0
22223.687,0,0
20665.878,0,0
18884.117,0,0
16922.76,0,0
16363.277,0,0
17786.034,0,0
18670.635,0,0
19555.651,0,0
19750.087,0,0
19253.526,0,0
18656.826,0,0
18059.986,0,0
18288.597,0,0
19243.042,0,0
20003.544,0,0
20775.231,0,0
21257.306,0,0
21449.641,0,0
21742.078,0,0
21934.616,0,0
21647.283,0,0
20879.746,0,0
20111.867,0,0
19005.905,0,0
18840.275,0,0
19732.748,0,0
20608.278,0,0
21288.183,0,0
21257.161,0,0
20383.445,0,0
19302.066,0,0
18297.992,0,0
18521.441,0,0
20065.059,0,0
21022.197,0,0
21502.219,0,0
21864.799,0,0
21941.87,0,0
21948.431,0,0
19691.646,0,0
15593.386,0,0
12064.811,1,1
9979.548,1,1
9360.391,1,1
11119.776,1,1
13555.324,0,0
14751.131,0,0
14056.201,0,0
11495.391,1,1
9709.297,1,1
9275.602,1,1
10179.037,1,1
10044.804,1,1
8819.935,1,1
8312.466,1,1
8412.295,1,1
8613.154,1,1
9022.306,1,1
10999.461,1,1
14168.349,0,0
16698.211,0,0
18791.167,0,0
21227.811,0,0
23878.468,0,0
25854.235,0,0
27467.833,0,0
29157.791,0,0
30660.102,0,0
30837.888,0,0
29767.059,0,0
28509.552,0,0
26992.745,0,0
26463.317,0,0
27023.522,0,0
27484.64,0,0
28046.673,0,0
28467.229,0,0
28591.847,0,0
28534.605,0,0
28577.657,0,0
27851.673,0,0
25463.005,0,0
22423.258,0,0
17756.743,0,0
13971.425,0,0
11341.866,1,1
8589.051,1,1
5832.536,1,1
4725.743,1,1
5272.045,1,1
5819.138,1,1
6467.022,1,1
9033.706,1,1
13327.69,1,1
16619.416,0,0
19131.739,0,0
19614.66,0,0
18880.686,0,0
18145.68,0,0
17409.638,0,0
17201.027,0,0
17421.38,0,0
17642.743,0,0
17865.119,0,0
17823.249,0,0
17616.361,0,0
17409.46,0,0
17102.545,0,0
17628.213,0,0
18688.024,0,0
19653.478,0,0
20430.466,0,0
20233.125,0,0
18831.835,0,0
17150.276,0,0
15189.259,0,0
14508.295,0,0
16314.421,0,0
17412.421,0,0
18611.997,0,0
19713.153,0,0
20615.894,0,0
21502.645,0,0
22290.829,0,0
20967.496,0,0
16840.114,0,0
11933.67,1,1
6107.959,1,1
3091.472,1,1
4099.157,1,1
2088.682,1,1
0.0,1,1
0.0,1,1
0.0,1,1
0.0,1,1
0.0,1,1
0.0,1,1
802.064,1,1
272.477,1,1
0.0,1,1
0.0,1,1
0.0,1,1
0.0,1,1
0.0,1,1
0.0,1,1
0.0,1,1
0.0,1,1
2813.629,1,1
9385.104,1,1
14280.279,1,1
16674.96,0,0
16865.396,0,0
18912.301,0,0
21548.93,0,0
22523.415,0,0
20718.397,0,0
17405.282,0,0
15292.085,0,0
16990.954,0,0
21384.82,0,0
24946.474,0,0
27830.954,0,0
29444.273,0,0
30221.994,0,0
30784.327,0,0
31058.321,0,0
31332.296,0,0
31606.253,0,0
31751.772,0,0
31700.0,0,0
31700.0,0,0
31600.0,0,0
31500.0,0,0
31300.0,0,0
31200.0,0,0
31100.0,0,0
30900.0,0,0
30800.0,0,0
30600.0,0,0
30500.0,0,0
30284.25,0,0
29958.12,0,0
29631.976,0,0
29405.818,0,0
29127.344,0,0
28796.497,0,0
28302.305,0,0
27577.691,0,0
26902.554,0,0
26377.176,0,0
25851.732,0,0
25226.22,0,0
24550.133,0,0
23472.647,0,0
22395.004,0,0
21317.206,0,0
20687.707,0,0
20715.657,0,0
20607.392,0,0
20599.23,0,0
20442.57,0,0
20437.359,0,0
20332.183,0,0
20227.041,0,0
20321.934,0,0
20616.862,0,0
20811.824,0,0
21106.821,0,0
21599.381,0,0
22133.98,0,0
22684.222,0,0
23134.554,0,0
22795.421,0,0
20654.532,0,0
17669.924,0,0
12476.801,1,1
9611.39,1,1
10357.875,1,1
10939.752,1,1
11521.715,1,1
13453.91,1,1
16293.506,0,0
17510.455,0,0
18304.085,0,0
18048.319,0,0
17125.711,0,0
14644.242,1,1
10373.231,1,1
4993.299,1,1
0.0,1,1
0.0,1,1
234.387,1,1
4123.901,1,1
7942.01,1,1
8461.373,1,1
5441.706,1,1
2309.709,1,1
0.0,1,1
1134.048,1,1
8104.963,1,1
15902.396,0,0
20524.98,0,0
20888.154,0,0
19776.85,0,0
17784.825,0,0
15924.808,0,0
15195.769,1,1
15664.28,1,1
15621.866,1,1
15314.452,1,1
16104.597,0,0
17963.092,0,0
19825.568,0,0
21891.523,0,0
22482.762,0,0
22154.02,0,0
22258.044,0,0
22928.999,0,0
24848.698,0,0
27021.277,0,0
28625.196,0,0
30034.832,0,0
31108.316,0,0
32182.268,0,0
32637.402,0,0
32537.276,0,0
32437.149,0,0
32337.023,0,0
32042.607,0,0
31289.473,0,0
30535.953,0,0
29782.046,0,0
29444.597,0,0
29572.781,0,0
29718.217,0,0
29763.826,0,0
29840.4,0,0
29847.973,0,0
29755.761,0,0
29763.765,0,0
29515.978,0,0
29140.067,0,0
28754.717,0,0
28469.238,0,0
27914.556,0,0
27290.721,0,0
26566.821,0,0
25942.856,0,0
25580.515,0,0
25479.847,0,0
25379.179,0,0
25278.511,0,0
25456.616,0,0
25713.788,0,0
25766.05,0,0
25582.893,0,0
25315.309,0,0
25063.202,0,0
24811.048,1,1
24558.848,1,1
24478.248,1,1
24469.329,1,1
24460.474,1,1
24551.684,1,1
24500.0,1,1
24600.0,1,1
24600.0,1,1
24700.0,1,1
24800.0,1,1
25000.0,1,1
25200.0,0,0
25400.0,0,0
25600.0,0,0
25800.0,0,0
26000.0,0,0
26100.0,0,0
25827.472,0,0
25123.748,0,0
24399.946,1,1
23568.102,1,1
24071.116,1,1
25706.917,0,0
26045.468,0,0
25182.563,0,0
24104.803,1,1
22905.982,1,1
22854.12,1,1
24067.399,1,1
24985.874,1,1
25872.165,0,0
25796.714,0,0
24989.135,1,1
23461.564,1,1
21328.458,1,1
21918.576,1,1
25446.964,0,0
28389.601,0,0
30810.784,0,0
31167.744,0,0
29671.976,0,0
28121.698,0,0
26527.152,0,0
26485.011,0,0
27984.385,0,0
29267.549,0,0
30126.342,0,0
30636.349,0,0
30912.404,0,0
31318.974,0,0
31953.081,0,0
32284.478,0,0
32517.383,0,0
32975.866,0,0
33400.0,0,0
33400.0,0,0
33400.0,0,0
33400.0,0,0
33300.0,0,0
33100.0,0,0
33000.0,0,0
32900.0,0,0
32800.0,0,0
32700.0,0,0
32600.0,0,0
32400.0,0,0
32100.0,0,0
31800.0,0,0
31600.0,0,0
31400.0,0,0
31200.0,0,0
31100.0,0,0
31000.0,0,0
30900.0,0,0
30800.0,0,0
30700.0,0,0
30700.0,0,0
30500.0,0,0
30300.0,0,0
30200.0,0,0
30000.0,0,0
29600.0,0,0
29000.0,0,0
28500.0,0,0
28000.0,0,0
27700.0,0,0
27600.0,0,0
27600.0,0,0
27500.0,0,0
27300.0,0,0
27000.0,0,0
26700.0,0,0
26400.0,0,0
26100.0,0,0
25900.0,0,0
25600.0,0,0
25400.0,0,0
25200.0,0,0
25200.0,0,0
25200.0,0,0
25200.0,0,0
25100.0,1,1
25100.0,1,1
25100.0,1,1
25100.0,1,1
25200.0,0,0
25400.0,0,0
25600.0,0,0
25900.0,0,0
26100.0,0,0
26300.0,0,0
26600.0,0,0
26800.0,0,0
26662.208,0,0
25933.257,0,0
25185.666,0,0
24429.847,1,1
22708.62,1,1
19731.182,1,1
19559.757,1,1
22894.696,1,1
25604.119,0,0
27168.487,0,0
26989.05,0,0
25398.15,0,0
23179.502,1,1
20293.866,1,1
18643.057,1,1
18258.196,1,1
14509.121,1,1
7300.21,1,1
5442.316,1,1
8807.673,1,1
10082.921,1,1
9461.818,1,1
11621.31,1,1
16342.509,1,1
21769.03,1,1
24436.223,1,1
24664.162,1,1
25614.023,0,0
26926.271,0,0
28121.325,0,0
28664.403,0,0
28901.032,0,0
29414.364,0,0
29008.173,0,0
29910.832,0,0
30717.975,0,0
31205.196,0,0
31534.722,0,0
32789.396,0,0
34253.117,0,0
34677.93,0,0
34439.099,0,0
34100.241,0,0
33861.356,0,0
33774.262,0,0
33639.014,0,0
33600.0,0,0
33500.0,0,0
33300.0,0,0
33000.0,0,0
32700.0,0,0
32400.0,0,0
32200.0,0,0
32100.0,0,0
32000.0,0,0
31900.0,0,0
31800.0,0,0
31700.0,0,0
31600.0,0,0
31500.0,0,0
31400.0,0,0
31300.0,0,0
31200.0,0,0
31100.0,0,0
30700.0,0,0
30000.0,0,0
29300.0,0,0
28600.0,0,0
28200.0,0,0
28200.0,0,0
28200.0,0,0
28100.0,0,0
28000.0,0,0
27600.0,0,0
27300.0,0,0
26900.0,0,0
26700.0,0,0
26500.0,0,0
26300.0,0,0
26100.0,0,0
26000.0,0,0
25900.0,0,0
25900.0,0,0
25900.0,0,0
25900.0,0,0
25890.689,0,0
25851.103,0,0
25811.482,0,0
25785.98,0,0
25659.404,0,0
24749.956,0,0
23783.795,0,0
23293.306,0,0
23788.443,0,0
24283.79,0,0
24679.348,0,0
24623.719,0,0
23983.343,0,0
23329.887,0,0
22669.962,0,0
22310.62,0,0
22455.488,0,0
21870.43,0,0
20931.848,0,0
20714.509,0,0
21320.05,0,0
21764.303,0,0
22066.728,0,0
21737.467,0,0
20674.133,0,0
20404.101,0,0
20792.485,0,0
21457.517,0,0
20407.286,0,0
20574.388,0,0
19943.631,0,0
18225.504,1,1
15182.035,1,1
16786.381,1,1
22889.946,0,0
26230.214,0,0
26923.054,0,0
27184.947,0,0
27119.298,0,0
26917.116,0,0
26215.2,0,0
24614.478,0,0
21670.798,0,0
18244.13,1,1
15175.058,1,1
11840.647,1,1
9134.516,1,1
5156.917,1,1
0.0,1,1
0.0,1,1
0.0,1,1
0.0,1,1
0.0,1,1
0.0,1,1
0.0,1,1
0.0,1,1
0.0,1,1
0.0,1,1
0.0,1,1
0.0,1,1
0.0,1,1
0.0,1,1
6414.536,1,1
13837.429,1,1
19803.282,0,0
24240.525,0,0
27087.89,0,0
28858.003,0,0
30033.003,0,0
30883.259,0,0
31701.995,0,0
31690.877,0,0
31049.228,0,0
30407.263,0,0
29764.98,0,0
29327.457,0,0
29195.235,0,0
29063.421,0,0
28772.702,0,0
28432.197,0,0
28332.052,0,0
28231.908,0,0
28131.763,0,0
27885.102,0,0
27351.27,0,0
26606.694,0,0
25861.477,0,0
25560.571,0,0
25804.879,0,0
26049.749,0,0
25983.607,0,0
25963.526,0,0
26030.181,0,0
25996.932,0,0
26063.781,0,0
26083.847,0,0
26057.032,0,0
26030.183,0,0
26003.3,0,0
26056.234,0,0
26188.938,0,0
26221.544,0,0
26354.051,0,0
26188.396,0,0
25652.167,0,0
24982.071,0,0
23975.923,0,0
21752.713,0,0
17362.01,0,0
11558.795,0,0
4690.612,1,1
3762.285,1,1
10110.916,0,0
11835.563,0,0
7935.39,1,1
4400.165,1,1
1182.662,1,1
0.0,1,1
0.0,1,1
0.0,1,1
0.0,1,1
0.0,1,1
0.0,1,1
0.0,1,1
2012.866,1,1
2504.436,1,1
622.952,1,1
0.0,1,1
0.0,1,1
0.0,1,1
120.761,1,1
2169.425,1,1
3225.964,1,1
4899.092,1,1
7125.522,1,1
8718.771,0,0
9726.011,0,0
9350.446,0,0
8049.329,1,0
8262.701,0,0
10775.901,0,0
15527.875,0,0
21602.208,0,0
26803.318,0,0
29455.629,0,0
30515.362,0,0
31784.378,0,0
32980.787,0,0
33763.768,0,0
34513.192,0,0
34598.501,0,0
34538.16,0,0
34231.92,0,0
33925.545,0,0
33303.004,0,0
33070.831,0,0
33204.939,0,0
33097.869,0,0
32890.899,0,0
32864.049,0,0
32817.287,0,0
32770.582,0,0
32700.0,0,0
32600.0,0,0
32500.0,0,0
32300.0,0,0
32200.0,0,0
32000.0,0,0
31900.0,0,0
31700.0,0,0
31500.0,0,0
31100.0,0,0
30400.0,0,0
29700.0,0,0
29100.0,0,0
28700.0,0,0
28600.0,0,0
28500.0,0,0
28400.0,0,0
28200.0,0,0
27900.0,0,0
27600.0,0,0
27400.0,0,0
27100.0,0,0
26863.641,0,0
26669.597,0,0
26375.571,0,0
26115.131,0,0
25988.264,0,0
25761.397,0,0
25634.531,0,0
25382.467,0,0
25033.956,0,0
24585.526,0,0
24237.178,0,0
24077.1,0,0
24405.231,0,0
24633.361,0,0
24861.491,0,0
25161.566,0,0
25333.602,0,0
25605.661,0,0
25777.744,0,0
25065.052,0,0
23026.548,1,1
20684.543,1,1
18127.718,1,1
14285.925,1,1
8668.356,1,1
5299.79,1,1
5223.666,1,1
4288.757,1,1
2605.964,1,1
1787.18,1,1
2030.394,1,1
2041.475,1,1
1546.034,1,1
3758.169,1,1
8793.365,1,1
16161.442,1,1
21196.21,1,1
22050.033,1,1
19424.794,1,1
13888.667,1,1
8979.527,1,1
9643.14,1,1
15612.178,1,1
20070.841,1,1
23034.632,0,0
25264.252,0,0
26864.755,0,0
28121.563,0,0
29074.883,0,0
29897.845,0,0
30539.866,0,0
31357.952,0,0
32514.164,0,0
33106.154,0,0
33145.711,0,0
33185.016,0,0
33417.826,0,0
33657.139,0,0
33994.868,0,0
34200.0,0,0
34200.0,0,0
34100.0,0,0
34100.0,0,0
34000.0,0,0
33900.0,0,0
33700.0,0,0
33600.0,0,0
33400.0,0,0
33100.0,0,0
32900.0,0,0
32700.0,0,0
32500.0,0,0
32400.0,0,0
32300.0,0,0
32300.0,0,0
32200.0,0,0
32100.0,0,0
32000.0,0,0
31800.0,0,0
31700.0,0,0
31600.0,0,0
31500.0,0,0
31400.0,0,0
31000.0,0,0
30300.0,0,0
29700.0,0,0
29000.0,0,0
28700.0,0,0
28500.0,0,0
28377.428,0,0
28184.784,0,0
27851.653,0,0
27478.085,0,0
27104.537,0,0
26731.007,0,0
26490.64,0,0
26300.0,0,0
26000.0,0,0
25800.0,0,0
25700.0,0,0
25700.0,0,0
25700.0,0,0
25800.0,0,0
25900.0,0,0
26100.0,0,0
26300.0,0,0
26500.0,0,0
26730.737,0,0
27104.102,0,0
27477.453,0,0
27850.789,0,0
28164.062,0,0
28417.309,0,0
28670.596,0,0
28800.0,0,0
27734.052,0,0
24560.803,0,0
22355.431,0,0
22069.371,0,0
21977.568,0,0
21948.94,1,1
21321.432,1,1
19975.505,1,1
18619.154,1,1
17293.482,1,1
17283.06,1,1
18691.464,1,1
20349.839,1,1
21183.687,1,1
20629.242,1,1
17444.963,1,1
12408.029,1,1
8371.464,1,1
8105.38,1,1
11544.761,1,1
14607.431,1,1
17079.418,1,1
17615.546,1,1
16121.545,1,1
14059.796,1,1
11260.208,1,1
12691.696,1,1
17961.666,1,1
23277.866,0,0
23283.124,0,0
23937.086,0,0
24275.228,0,0
23152.579,0,0
21211.271,1,0
23187.93,0,0
27906.616,0,0
31051.374,0,0
32386.474,0,0
32747.206,0,0
33207.861,0,0
33529.265,0,0
33911.382,0,0
33758.589,0,0
33695.776,0,0
33607.513,0,0
33694.373,0,0
33681.4,0,0
33768.592,0,0
34069.055,0,0
34228.097,0,0
34198.763,0,0
34100.0,0,0
33900.0,0,0
33800.0,0,0
33600.0,0,0
33500.0,0,0
33200.0,0,0
32900.0,0,0
32600.0,0,0
32300.0,0,0
32000.0,0,0
31800.0,0,0
31600.0,0,0
31300.0,0,0
31000.0,0,0
30431.097,0,0
29951.619,0,0
29372.07,0,0
28892.422,0,0
28612.653,0,0
28067.106,0,0
27486.525,0,0
27154.127,0,0
26970.57,0,0
26887.412,0,0
26644.467,0,0
26250.903,0,0
25881.83,0,0
25427.031,0,0
24871.908,0,0
24671.32,0,0
24925.751,0,0
25280.504,0,0
25349.352,0,0
25429.046,0,0
25392.079,0,0
25143.926,0,0
24995.203,0,0
25070.045,0,0
25568.879,0,0
26067.712,0,0
26566.543,0,0
26929.575,0,0
27156.931,0,0
27384.45,0,0
27712.132,0,0
26871.858,0,0
24686.886,0,0
22120.89,0,0
19356.221,1,1
16622.778,1,1
13490.108,1,1
10819.358,1,1
8788.168,1,1
6206.703,1,1
2765.704,1,1
1374.471,1,1
2512.836,1,1
2253.838,1,1
119.584,1,1
930.681,1,1
4647.182,1,1
9742.494,1,1
12813.44,1,1
12521.865,1,1
10579.173,1,1
8418.75,1,1
5954.626,1,1
6585.475,1,1
10066.738,1,1
13582.491,1,1
16967.19,1,1
19377.552,0,0
20825.024,0,0
21315.003,0,0
21683.651,0,0
22282.341,0,0
23108.172,0,0
25072.69,0,0
27725.532,0,0
29759.952,0,0
30819.826,0,0
31483.686,0,0
31907.706,0,0
32389.563,0,0
32825.212,0,0
33546.284,0,0
34265.57,0,0
35084.741,0,0
35642.905,0,0
35829.618,0,0
35393.809,0,0
34847.799,0,0
34302.03,0,0
33879.401,0,0
33679.73,0,0
33380.06,0,0
33180.389,0,0
33139.882,0,0
33358.451,0,0
33576.906,0,0
33795.245,0,0
33558.992,0,0
33068.284,0,0
32477.645,0,0
31887.075,0,0
31205.925,0,0
30334.377,0,0
29217.665,0,0
28027.265,0,0
26389.63,0,0
23986.529,0,0
21493.84,0,0
17950.183,1,1
15839.816,1,1
15741.02,1,1
15642.224,1,1
15543.428,1,1
15589.106,1,1
15779.193,1,1
15869.192,1,1
16059.103,1,1
16982.086,1,1
18468.513,1,1
19350.232,1,1
20331.756,0,0
20807.812,0,0
21078.509,0,0
21249.158,0,0
21402.177,0,0
21600.227,0,0
21798.242,0,0
21996.221,0,0
22194.165,0,0
22739.14,0,0
23730.988,0,0
24622.586,0,0
25469.274,0,0
25669.548,0,0
25323.629,0,0
24833.192,0,0
24442.878,0,0
23753.702,0,0
22471.075,0,0
21694.77,0,0
22273.382,0,0
23255.263,0,0
24377.102,0,0
24801.225,0,0
24858.295,0,0
25320.765,0,0
25770.043,0,0
25557.643,0,0
22151.909,0,0
15988.941,1,1
10001.762,1,1
9447.409,1,1
14400.223,1,1
19979.891,0,0
23065.745,0,0
23528.369,0,0
22093.018,0,0
19680.051,1,1
18236.687,1,1
17645.33,1,1
17947.849,1,1
17835.767,1,1
17142.812,1,1
17341.179,1,1
18168.522,1,1
19180.961,1,1
20372.305,0,0
20899.128,0,0
20925.191,0,0
20640.071,0,0
20325.75,0,0
22652.758,0,0
27023.796,0,0
30341.043,0,0
32774.032,0,0
34642.365,0,0
35830.939,0,0
36200.0,0,0
36000.0,0,0
35900.0,0,0
35700.0,0,0
35600.0,0,0
35500.0,0,0
35400.0,0,0
35300.0,0,0
35100.0,0,0
34800.0,0,0
34500.0,0,0
34200.0,0,0
34000.0,0,0
33900.0,0,0
33900.0,0,0
33800.0,0,0
33700.0,0,0
33600.0,0,0
33400.0,0,0
33300.0,0,0
33100.0,0,0
32900.0,0,0
32600.0,0,0
32390.78,0,0
31990.775,0,0
31400.0,0,0
30800.0,0,0
30200.0,0,0
29800.0,0,0
29700.0,0,0
29600.0,0,0
29399.005,0,0
29198.956,0,0
28900.0,0,0
28600.0,0,0
28200.0,0,0
28000.0,0,0
27800.0,0,0
27700.0,0,0
27500.0,0,0
27300.0,0,0
27200.0,0,0
27100.0,0,0
27000.0,0,0
27000.0,0,0
27000.0,0,0
27100.0,0,0
27200.0,0,0
27300.0,0,0
27500.0,0,0
27700.0,0,0
27897.272,0,0
28057.524,0,0
28284.013,0,0
28600.0,0,0
28800.0,0,0
28448.832,0,0
27283.742,0,0
25978.228,0,0
24555.573,0,0
22113.583,1,1
18350.186,1,1
15987.416,1,1
15434.357,1,1
13575.492,1,1
10394.277,1,1
9862.698,1,1
12406.672,1,1
14536.713,1,1
16168.033,1,1
17523.404,1,1
18253.52,1,1
19908.939,1,1
22195.701,1,1
22581.796,1,1
20885.685,1,1
19137.087,1,1
17250.023,1,1
17238.108,1,1
19064.803,1,1
19865.207,1,1
19646.171,1,1
21159.315,1,1
24377.053,1,1
27787.342,0,0
30112.353,0,0
30812.369,0,0
31637.401,0,0
32745.173,0,0
33947.533,0,0
34725.411,0,0
35082.512,0,0
35445.904,0,0
35913.405,0,0
36365.8,0,0
36797.825,0,0
36900.0,0,0
36700.0,0,0
36600.0,0,0
36400.0,0,0
36300.0,0,0
36100.0,0,0
35900.0,0,0
35800.0,0,0
35600.0,0,0
35300.0,0,0
34925.34,0,0
34533.66,0,0
34333.579,0,0
34425.23,0,0
34500.0,0,0
34400.0,0,0
34300.0,0,0
34200.0,0,0
33957.896,0,0
33779.046,0,0
33552.703,0,0
33378.938,0,0
33205.196,0,0
33031.478,0,0
32557.783,0,0
31784.112,0,0
31000.0,0,0
30300.0,0,0
29790.686,0,0
29571.889,0,0
29352.964,0,0
29133.912,0,0
28506.824,0,0
27701.548,0,0
26895.728,0,0
26074.813,0,0
24986.858,0,0
23799.631,0,0
22711.517,0,0
21178.017,1,1
21074.791,1,1
22403.814,0,0
23389.231,0,0
24375.714,0,0
25165.405,0,0
25495.16,0,0
25775.24,0,0
26155.732,0,0
25964.333,0,0
25500.217,0,0
24564.971,0,0
23572.177,0,0
22852.911,0,0
22198.995,1,1
21444.041,1,1
20788.049,1,1
19094.746,1,1
14990.162,1,1
12386.811,1,1
12634.08,1,1
12153.256,1,1
9875.379,1,1
5113.365,1,1
0.0,1,1
0.0,1,1
0.0,1,1
0.0,1,1
0.0,1,1
474.591,1,1
7538.484,1,1
11738.829,1,1
12880.161,1,1
14371.926,1,1
16878.829,1,1
20043.484,1,1
24044.364,0,0
27296.274,0,0
29384.986,0,0
29947.658,0,0
29465.744,0,0
28842.704,0,0
28182.127,0,0
28425.169,0,0
29659.55,0,0
30591.224,0,0
31128.523,0,0
31272.289,0,0
31175.309,0,0
31775.273,0,0
33063.027,0,0
34026.463,0,0
34487.839,0,0
34644.737,0,0
34544.004,0,0
34964.772,0,0
35955.777,0,0
36226.099,0,0
36118.647,0,0
36011.244,0,0
36000.0,0,0
35790.651,0,0
35571.452,0,0
35452.211,0,0
35232.926,0,0
34699.802,0,0
34083.521,0,0
33467.127,0,0
32850.62,0,0
32492.08,0,0
32491.592,0,0
32491.104,0,0
32490.616,0,0
32611.876,0,0
32855.003,0,0
33198.289,0,0
33332.001,0,0
33211.63,0,0
33077.996,0,0
32844.398,0,0
32710.836,0,0
32317.466,0,0
31564.245,0,0
30811.006,0,0
30157.747,0,0
29644.383,0,0
29570.939,0,0
29397.51,0,0
29324.095,0,0
28990.739,0,0
28597.391,0,0
28203.993,0,0
27568.172,0,0
26727.059,0,0
25890.176,0,0
24860.346,0,0
23666.747,0,0
22870.334,0,0
22471.293,0,0
22053.179,0,0
21407.622,0,0
20793.988,0,0
20112.295,0,0
19330.23,1,1
18647.795,1,1
18064.988,1,1
17228.614,1,1
16194.54,1,1
15159.793,1,1
15972.256,1,1
18633.438,1,1
20372.274,0,0
21933.587,0,0
21281.072,0,0
17544.016,1,1
14902.56,1,1
14148.728,1,1
12208.22,1,1
8025.594,1,1
4833.04,1,1
1692.262,1,1
3029.609,1,1
7063.546,1,1
10082.474,1,1
11969.58,1,1
13577.643,1,1
14923.26,1,1
16630.304,1,1
18571.956,1,1
20036.626,1,1
21023.479,0,0
22119.647,0,0
23324.067,0,0
24070.22,0,0
24465.403,0,0
25189.027,0,0
26436.119,0,0
26791.051,0,0
26313.783,0,0
25125.57,0,0
23506.346,0,0
22811.56,0,0
22944.31,0,0
23365.103,0,0
24073.697,0,0
23373.898,0,0
21766.338,0,0
23178.412,0,0
26990.943,0,0
28615.708,0,0
28352.379,0,0
27631.479,0,0
26672.74,0,0
25520.072,0,0
26146.301,0,0
26773.051,0,0
27195.422,0,0
27396.774,0,0
27698.746,0,0
27900.935,0,0
28103.341,0,0
28642.846,0,0
29419.868,0,0
30098.928,0,0
30587.46,0,0
31474.186,0,0
32361.276,0,0
33021.741,0,0
33782.754,0,0
33791.257,0,0
33617.79,0,0
33544.337,0,0
33470.898,0,0
33330.763,0,0
33223.971,0,0
33100.0,0,0
32800.0,0,0
32400.0,0,0
31700.0,0,0
31000.0,0,0
30300.0,0,0
29900.0,0,0
29800.0,0,0
29600.0,0,0
29500.0,0,0
29300.0,0,0
29000.0,0,0
28700.0,0,0
28400.0,0,0
28200.0,0,0
28000.0,0,0
27800.0,0,0
27600.0,0,0
27400.0,0,0
27400.0,0,0
27300.0,0,0
27300.0,0,0
27300.0,0,0
27196.642,0,0
27022.227,0,0
26655.029,0,0
26338.705,0,0
26538.416,0,0
26838.126,0,0
27037.836,0,0
27301.643,0,0
27529.6,0,0
27857.627,0,0
28085.723,0,0
27160.685,0,0
24525.132,0,0
22880.965,0,0
22964.527,0,0
24118.129,0,0
25647.889,0,0
24359.669,0,0
21140.451,0,0
17295.766,1,1
12525.236,1,1
7227.071,1,1
1592.674,1,1
0.0,1,1
0.0,1,1
0.0,1,1
7205.988,1,1
15621.421,1,1
16845.517,1,1
16841.65,1,1
16012.492,1,1
14443.567,1,1
11898.152,1,1
9474.908,1,1
7311.249,1,1
5642.375,1,1
4498.456,1,1
4270.517,1,1
5121.635,1,1
5571.944,1,1
5756.48,1,1
8826.824,1,1
14893.855,1,1
19650.118,0,0
23037.797,0,0
25203.056,0,0
26321.853,0,0
27603.535,0,0
28877.064,0,0
29681.289,0,0
30147.448,0,0
30761.704,0,0
31434.186,0,0
32016.814,0,0
32600.002,0,0
33361.175,0,0
33889.913,0,0
34419.101,0,0
34914.334,0,0
34939.688,0,0
34758.525,0,0
34677.448,0,0
34400.0,0,0
34200.0,0,0
34100.0,0,0
34057.548,0,0
33878.047,0,0
33664.745,0,0
33617.725,0,0
33570.744,0,0
33400.0,0,0
33300.0,0,0
33070.712,0,0
32817.577,0,0
32664.404,0,0
32264.355,0,0
31717.488,0,0
31270.659,0,0
30700.0,0,0
30300.0,0,0
30030.674,0,0
29650.708,0,0
29370.67,0,0
29057.243,0,0
28810.51,0,0
28563.816,0,0
28317.16,0,0
28070.542,0,0
27700.0,0,0
27400.0,0,0
27100.0,0,0
27000.0,0,0
27000.0,0,0
27057.086,0,0
27076.719,0,0
27183.367,0,0
27577.136,0,0
27800.0,0,0
28000.0,0,0
28400.0,0,0
28800.0,0,0
29200.0,0,0
29700.0,0,0
29900.0,0,0
30000.0,0,0
30100.0,0,0
30100.0,0,0
29301.295,0,0
27115.936,0,0
24622.125,0,0
21680.524,0,0
20124.513,0,0
20128.954,0,0
20160.463,0,0
20221.209,0,0
21704.389,0,0
23075.879,0,0
23281.062,0,0
18891.061,1,1
10618.944,1,1
3999.433,1,1
1509.74,1,1
3581.419,1,1
4097.636,1,1
2932.567,1,1
4240.138,1,1
7854.585,1,1
11618.317,1,1
15338.417,1,1
16383.128,1,1
14634.394,1,1
13729.995,1,1
13725.336,1,1
12833.861,1,1
11413.758,1,1
9992.078,1,1
8951.187,1,1
9878.913,1,1
12205.434,1,1
13479.768,1,1
13976.056,1,1
18000.765,1,1
24247.51,0,0
29964.455,0,0
32825.863,0,0
33532.034,0,0
34462.227,0,0
35000.0,0,0
35400.0,0,0
35800.0,0,0
36200.0,0,0
36400.0,0,0
36300.0,0,0
36300.0,0,0
36300.0,0,0
36200.0,0,0
35900.0,0,0
35700.0,0,0
35500.0,0,0
35300.0,0,0
35200.0,0,0
35000.0,0,0
34900.0,0,0
34700.0,0,0
34300.0,0,0
34000.0,0,0
33600.0,0,0
33400.0,0,0
33200.0,0,0
33000.0,0,0
32800.0,0,0
32300.0,0,0
31700.0,0,0
31000.0,0,0
30400.0,0,0
29900.0,0,0
29700.0,0,0
29500.0,0,0
29300.0,0,0
29000.0,0,0
28600.0,0,0
28300.0,0,0
27900.0,0,0
27600.0,0,0
27300.0,0,0
27100.0,0,0
26800.0,0,0
26700.0,0,0
26700.0,0,0
26700.0,0,0
26700.0,0,0
26800.0,0,0
27000.0,0,0
27300.0,0,0
27500.0,0,0
27900.0,0,0
28400.0,0,0
28800.0,0,0
29300.0,0,0
29600.0,0,0
29700.0,0,0
29800.0,0,0
29900.0,0,0
28296.759,0,0
24096.863,0,0
18761.559,0,0
12525.163,1,1
10119.491,1,1
12953.173,0,0
13002.547,0,0
9998.618,1,1
8063.088,1,1
7334.527,1,1
6017.757,1,1
3832.964,1,1
1122.785,1,1
0.0,1,1
0.0,1,1
286.785,1,1
3344.695,1,1
6451.366,1,1
7257.866,1,1
5719.946,1,1
4523.389,1,1
3545.851,1,1
3660.107,1,1
4744.358,1,1
5071.8,1,1
4788.352,1,1
6229.468,1,1
9075.682,1,1
11942.16,1,1
14707.982,0,0
15967.473,0,0
16296.19,0,0
15607.355,0,0
14262.849,0,0
18983.025,0,0
27724.702,0,0
31775.273,0,0
32765.864,0,0
33549.218,0,0
34324.123,0,0
34900.0,0,0
35300.0,0,0
35700.0,0,0
36100.0,0,0
36300.0,0,0
36200.0,0,0
36100.0,0,0
36100.0,0,0
35900.0,0,0
35700.0,0,0
35500.0,0,0
35270.671,0,0
35024.109,0,0
34784.166,0,0
34644.195,0,0
34404.195,0,0
34204.115,0,0
33844.005,0,0
33583.931,0,0
33323.892,0,0
33017.19,0,0
32763.766,0,0
32510.304,0,0
32256.804,0,0
31696.569,0,0
30729.584,0,0
29620.859,0,0
28501.388,0,0
28192.689,0,0
28482.616,0,0
28629.857,0,0
28677.151,0,0
28500.0,0,0
28270.444,0,0
27916.836,0,0
27563.21,0,0
27363.185,0,0
27116.791,0,0
26970.417,0,0
26800.0,0,0
26600.0,0,0
26450.274,0,0
26383.165,0,0
26216.032,0,0
26189.139,0,0
26302.511,0,0
26315.89,0,0
26429.276,0,0
26515.798,0,0
26575.438,0,0
26635.064,0,0
26694.675,0,0
26908.069,0,0
27275.274,0,0
27642.505,0,0
27909.759,0,0
27776.914,0,0
26941.942,0,0
26130.109,0,0
25184.649,0,0
24018.022,0,0
22426.842,0,0
21098.775,0,0
20087.053,1,1
18403.066,1,1
15776.512,1,1
14801.514,1,1
15768.26,1,1
17208.153,1,1
19094.199,1,1
19153.769,1,1
17419.16,1,1
16238.211,1,1
15568.516,1,1
14152.257,1,1
11960.965,1,1
8793.43,1,1
4566.269,1,1
5278.443,1,1
10768.907,1,1
16129.094,1,1
21142.392,0,0
21146.447,0,0
16865.017,1,1
13007.417,1,1
9636.968,1,1
11320.772,1,1
16934.499,1,1
20695.679,1,1
22907.271,0,0
26416.8,0,0
30939.444,0,0
33401.189,0,0
34575.366,0,0
35300.0,0,0
35390.751,0,0
35312.064,0,0
35046.404,0,0
34780.662,0,0
34514.839,0,0
34348.948,0,0
34093.282,0,0
33779.112,0,0
33364.605,0,0
33163.946,0,0
33177.682,0,0
33191.81,0,0
33047.52,0,0
32900.126,0,0
32839.583,0,0
32779.09,0,0
32818.647,0,0
32718.541,0,0
32478.704,0,0
32338.823,0,0
32098.9,0,0
32025.261,0,0
31918.027,0,0
31810.909,0,0
31700.0,0,0
31300.0,0,0
30550.671,0,0
29684.046,0,0
28917.336,0,0
28490.54,0,0
28403.734,0,0
28416.948,0,0
28330.181,0,0
28123.362,0,0
27796.445,0,0
27569.484,0,0
27242.478,0,0
27082.536,0,0
26989.805,0,0
26797.231,0,0
26600.0,0,0
26500.0,0,0
26400.0,0,0
26300.0,0,0
26300.0,0,0
26200.0,0,0
26200.0,0,0
26200.0,0,0
26200.0,0,0
26300.0,0,0
26600.0,0,0
26800.0,0,0
27100.0,0,0
27300.0,0,0
27500.0,0,0
27700.0,0,0
28000.0,0,0
27784.808,0,0
27035.326,0,0
26356.934,0,0
25569.835,0,0
23854.26,0,0
20765.921,1,1
17683.682,1,1
14755.043,1,1
12745.174,1,1
11836.893,1,1
10602.567,1,1
8763.077,1,1
7083.19,1,1
5617.065,1,1
4130.258,1,1
2607.86,1,1
208.286,1,1
0.0,1,1
0.0,1,1
2961.654,1,1
7786.128,1,1
12143.402,1,1
15507.92,1,1
18181.751,1,1
20535.071,1,1
22589.977,0,0
22861.221,0,0
21683.887,1,1
20562.849,1,1
20098.901,1,1
22088.744,1,1
26373.861,0,0
29363.242,0,0
31218.246,0,0
31973.428,0,0
31759.962,0,0
30847.518,0,0
29548.539,0,0
29546.911,0,0
30402.473,0,0
31009.883,0,0
31505.95,0,0
32002.142,0,0
32352.613,0,0
32280.011,0,0
31988.113,0,0
31696.144,0,0
31400.139,0,0
31199.785,0,0
31295.203,0,0
31186.675,0,0
31178.182,0,0
31173.865,0,0
31073.699,0,0
30973.534,0,0
30873.368,0,0
30513.381,0,0
30093.529,0,0
29498.065,0,0
28799.368,0,0
28150.556,0,0
27351.535,0,0
26552.297,0,0
25624.17,0,0
24950.621,0,0
24622.857,0,0
24195.142,0,0
23749.719,0,0
23649.084,0,0
23848.688,0,0
23948.291,0,0
24147.895,0,0
23598.807,0,0
22154.129,0,0
20627.125,0,0
19000.344,0,0
18291.599,0,0
18500.722,0,0
18609.844,0,0
18818.967,0,0
18719.307,0,0
18310.92,0,0
17902.607,0,0
17494.368,0,0
17594.764,0,0
18003.738,0,0
18412.712,0,0
18821.686,0,0
19771.777,0,0
21062.837,0,0
22253.022,0,0
23251.034,0,0
24199.056,0,0
25097.104,0,0
25813.2,0,0
26360.88,0,0
26167.325,0,0
25059.728,0,0
24007.715,0,0
22755.357,0,0
18572.49,0,0
10563.311,0,0
5823.142,0,0
5055.79,1,1
2379.299,1,1
0.0,1,1
0.0,1,1
0.0,1,1
0.0,1,1
0.0,1,1
0.0,1,1
47.882,1,1
126.653,1,1
0.0,1,1
753.13,1,1
4986.163,1,1
10026.923,0,0
15688.271,0,0
16331.66,0,0
12022.993,0,0
7647.343,0,0
3044.751,1,1
2638.129,1,1
6086.485,0,0
7700.27,0,0
7781.974,0,0
7268.46,0,0
5943.389,0,0
5176.077,1,1
4701.83,1,1
6855.782,0,0
10512.345,0,0
12899.765,0,0
14992.495,0,0
16910.675,0,0
18557.099,0,0
19503.664,0,0
20112.875,0,0
20622.963,0,0
21133.93,0,0
21625.746,0,0
21998.19,0,0
22271.22,0,0
22644.837,0,0
21354.761,0,0
18498.077,0,0
14944.425,0,0
11030.404,0,0
9974.595,0,0
11882.339,0,0
13792.584,0,0
15705.337,0,0
16031.635,0,0
14568.136,0,0
13102.69,0,0
11635.292,0,0
9051.096,0,0
5448.375,1,1
1146.589,1,1
0.0,1,1
0.0,1,1
0.0,1,1
0.0,1,1
0.0,1,1
0.0,1,1
0.0,1,1
0.0,1,1
0.0,1,1
0.0,1,1
0.0,1,1
0.0,1,1
0.0,1,1
0.0,1,1
0.0,1,1
0.0,1,1
0.0,1,1
0.0,1,1
0.0,1,1
0.0,1,1
0.0,1,1
0.0,1,1
0.0,1,1
0.0,1,1
0.0,1,1
0.0,1,1
0.0,1,1
0.0,1,1
0.0,1,1
0.0,0,0
0.0,0,0
2282.068,0,0
8492.568,0,0
13362.712,0,0
17196.281,0,0
19459.064,0,0
21326.35,0,0
19508.96,0,0
13866.783,0,0
8634.959,0,0
3834.23,0,0
987.607,0,0
654.743,0,0
0.0,0,0
0.0,0,0
0.0,0,0
0.0,0,0
0.0,0,0
0.0,0,0
0.0,0,0
0.0,0,0
0.0,0,0
0.0,0,0
0.0,0,0
0.0,0,0
0.0,0,0
347.305,0,0
3108.706,0,0
6695.697,0,0
9787.381,0,0
12071.616,0,0
14365.809,0,0
16712.875,0,0
17684.486,0,0
17593.508,0,0
17575.456,0,0
17511.551,0,0
19957.892,0,0
24248.214,0,0
27456.662,0,0
29822.83,0,0
32263.668,0,0
34008.014,0,0
34617.939,0,0
34465.024,0,0
34312.09,0,0
34159.136,0,0
33879.685,0,0
33558.458,0,0
32852.987,0,0
32247.244,0,0
31952.1,0,0
32067.845,0,0
32183.704,0,0
32299.676,0,0
32484.14,0,0
32452.55,0,0
32305.531,0,0
32258.53,0,0
32092.159,0,0
31440.673,0,0
30454.171,0,0
29375.797,0,0
27940.937,0,0
26753.43,0,0
25102.278,0,0
23514.628,0,0
21661.759,0,0
19005.052,0,0
16347.639,0,0
13689.52,0,0
12922.118,0,0
13945.796,0,0
15069.253,0,0
16192.489,0,0
15993.571,0,0
14472.827,0,0
12952.304,0,0
11432.0,0,0
10622.663,0,0
10524.129,0,0
10425.594,0,0
10327.059,0,0
9670.359,0,0
8108.289,0,0
6646.464,0,0
5084.884,0,0
3723.549,0,0
2462.46,0,0
1101.614,0,0
0.0,1,0
1235.77,0,0
5185.194,0,0
9133.942,0,0
12330.419,0,0
13018.995,0,0
11411.286,0,0
9395.751,0,0
7211.73,0,0
5374.087,0,0
4127.217,0,0
2755.83,0,0
1370.564,0,0
0.0,1,1
0.0,1,1
0.0,1,1
0.0,1,1
0.0,1,1
0.0,1,1
0.0,1,1
0.0,1,1
0.0,1,1
0.0,1,1
0.0,1,1
0.0,1,1
0.0,1,1
0.0,1,1
0.0,1,1
0.0,1,1
0.0,1,1
0.0,1,1
0.0,1,1
0.0,1,1
0.0,1,1
0.0,1,1
0.0,1,1
0.0,0,0
0.0,0,0
0.0,0,0
0.0,0,0
0.0,0,0
0.0,0,0
0.0,0,0
1365.213,0,0
3147.563,0,0
6751.751,0,0
12015.401,0,0
17090.842,0,0
20897.02,0,0
23061.482,0,0
23581.093,0,0
24200.831,0,0
24518.598,0,0
24617.093,0,0
24516.324,0,0
24515.555,0,0
24414.786,0,0
23135.327,0,0
20050.139,0,0
16964.441,0,0
12947.914,0,0
10160.114,0,0
8713.367,0,0
7266.142,0,0
5718.439,0,0
4479.541,0,0
3565.176,0,0
2650.667,0,0
1636.013,0,0
4769.766,0,0
10715.922,0,0
16164.556,0,0
20396.633,0,0
20817.564,0,0
17326.001,0,0
13833.411,0,0
9507.745,0,0
9104.319,1,1
12625.115,1,1
15214.742,1,1
17905.395,1,1
19152.139,1,1
19783.557,1,1
20415.471,1,1
21047.883,1,1
21553.349,1,1
21938.131,0,0
22323.225,0,0
22708.631,0,0
23194.351,0,0
23619.539,0,0
23995.437,0,0
24371.536,0,0
24904.765,0,0
25488.008,0,0
25832.733,0,0
26077.535,0,0
26400.0,0,0
26851.173,0,0
27185.268,0,0
27519.327,0,0
27786.315,0,0
27786.257,0,0
27786.2,0,0
27886.143,0,0
27216.803,0,0
25581.007,0,0
24433.913,0,0
23976.267,0,0
23806.445,0,0
23597.254,0,0
23310.15,0,0
22917.783,0,0
22802.291,0,0
22852.075,0,0
22348.547,0,0
20605.138,1,1
18446.705,1,1
16642.428,1,1
15558.787,1,1
14946.423,1,1
14217.413,1,1
13103.542,1,1
14071.212,1,1
16936.124,1,1
19193.81,1,1
20715.065,1,1
21619.907,0,0
22131.203,0,0
23181.469,0,0
24245.794,0,0
24337.864,0,0
21458.042,1,1
16241.506,1,1
11259.561,1,1
13397.917,1,1
21640.99,0,0
26211.43,0,0
27666.012,0,0
28487.01,0,0
28784.595,0,0
29520.661,0,0
30683.61,0,0
31490.165,0,0
32065.203,0,0
32500.0,0,0
32800.0,0,0
33100.0,0,0
33500.0,0,0
33600.0,0,0
33500.0,0,0
33400.0,0,0
33300.0,0,0
33200.0,0,0
33000.0,0,0
32900.0,0,0
32700.0,0,0
32600.0,0,0
32400.0,0,0
32300.0,0,0
32100.0,0,0
31900.0,0,0
31700.0,0,0
31500.0,0,0
31200.0,0,0
31000.0,0,0
30900.0,0,0
30658.192,0,0
30379.928,0,0
29966.855,0,0
29519.017,0,0
28971.206,0,0
28400.0,0,0
28000.0,0,0
27700.0,0,0
27500.0,0,0
27300.0,0,0
27000.0,0,0
26551.567,0,0
26186.213,0,0
25720.847,0,0
25433.903,0,0
25325.403,0,0
25100.0,0,0
24900.0,0,0
24800.0,0,0
24900.0,0,0
24900.0,0,0
25000.0,0,0
25100.0,0,0
25300.0,0,0
25500.0,0,0
25700.0,0,0
26000.0,0,0
26400.0,0,0
26900.0,0,0
27300.0,0,0
27600.0,0,0
27700.0,0,0
27800.0,0,0
27900.0,0,0
27331.765,0,0
26023.685,0,0
24354.505,0,0
22646.395,0,0
21293.778,0,0
20312.434,0,0
18610.965,0,0
16047.703,1,1
13955.954,1,1
12254.876,1,1
10461.204,1,1
8586.587,1,1
5901.316,1,1
2388.49,1,1
1498.703,1,1
3482.954,1,1
4380.721,1,1
3928.836,1,1
5967.966,1,1
10405.367,1,1
16369.117,1,1
19687.842,0,0
19687.568,0,0
19608.03,0,0
17889.99,0,0
15620.766,1,1
17032.198,1,1
21907.801,0,0
25246.473,0,0
27435.491,0,0
28116.35,0,0
27425.705,0,0
27033.353,0,0
26941.937,0,0
26868.343,0,0
26862.348,0,0
26899.606,0,0
27134.191,0,0
27226.883,0,0
27183.147,0,0
27145.47,0,0
27019.608,0,0
26793.378,0,0
26566.781,0,0
26305.077,0,0
25908.282,0,0
25511.141,0,0
25113.652,0,0
25010.348,0,0
25101.694,0,0
25293.315,0,0
25385.21,0,0
24853.431,0,0
23697.077,0,0
22048.169,0,0
20037.715,0,0
18879.571,0,0
18574.994,0,0
18270.415,0,0
18065.832,0,0
16447.878,1,1
13310.196,1,1
9433.948,1,1
5454.461,1,1
5378.479,1,1
9110.725,1,1
12577.462,1,1
15083.468,1,1
16952.253,0,0
18242.59,0,0
18832.493,0,0
19523.373,0,0
19185.657,0,0
17917.477,0,0
16151.472,0,0
14019.53,1,1
12386.733,1,1
11354.356,1,1
10420.938,1,1
9386.477,1,1
10624.568,1,1
14239.372,1,1
16798.907,0,0
18700.229,0,0
19842.52,0,0
20330.988,0,0
20720.012,0,0
21209.592,0,0
21503.34,0,0
21800.836,0,0
21998.328,0,0
22195.816,0,0
22591.778,0,0
22886.425,0,0
23281.351,0,0
23676.558,0,0
23232.082,0,0
21173.452,0,0
19946.727,0,0
20389.594,0,0
20553.207,0,0
20243.548,0,0
20304.962,0,0
21024.291,0,0
21908.806,0,0
22785.808,0,0
22243.807,0,0
20267.256,0,0
16303.858,0,0
10110.915,1,1
8728.772,1,1
12170.038,1,1
16898.985,0,0
21922.514,0,0
24022.601,0,0
23281.152,0,0
19288.994,0,0
12026.932,1,1
10597.656,1,1
14865.039,1,1
18644.84,0,0
20504.986,0,0
21716.688,0,0
17538.395,0,0
10073.874,1,1
4830.196,1,1
4335.38,1,1
7847.831,1,1
9857.844,1,1
10465.116,1,1
13140.333,1,1
16757.969,0,0
18714.37,0,0
18513.369,0,0
16999.398,0,0
14540.814,1,1
13282.731,1,1
14516.751,1,1
15751.241,1,1
16986.203,0,0
17431.072,0,0
17328.25,0,0
17125.427,0,0
17022.604,0,0
17418.698,0,0
18314.188,0,0
19210.312,0,0
20207.071,0,0
22285.358,0,0
24216.425,0,0
25974.483,0,0
27359.318,0,0
27744.558,0,0
27155.063,0,0
26665.429,0,0
26075.657,0,0
25974.802,0,0
26163.071,0,0
26451.477,0,0
26640.021,0,0
25755.376,0,0
23464.29,0,0
20833.686,0,0
17374.899,0,0
14786.733,0,0
13964.468,0,0
13242.204,0,0
12419.94,0,0
10973.192,0,0
8658.351,0,0
6343.867,0,0
3929.741,0,0
2723.875,1,1
2526.002,1,1
2328.128,1,1
2130.253,1,1
353.136,1,1
0.0,1,1
0.0,1,1
0.0,1,1
0.0,1,1
0.0,1,1
0.0,1,1
0.0,1,1
0.0,1,1
0.0,1,1
0.0,1,1
0.0,1,1
0.0,1,1
708.247,1,1
2921.286,1,1
5134.324,0,0
7225.358,0,0
7800.333,0,0
6379.814,0,0
3892.667,1,1
3228.115,1,1
6347.439,0,0
6908.562,0,0
4432.875,0,0
1677.991,1,1
0.0,1,1
0.0,1,1
5623.91,0,0
10551.892,0,0
14394.808,0,0
16889.644,0,0
17535.891,0,0
19686.38,0,0
20108.194,0,0
19357.77,0,0
16423.549,0,0
15081.795,0,0
14610.251,0,0
15107.971,0,0
16403.79,0,0
16536.632,0,0
15737.893,0,0
15198.656,0,0
15083.355,0,0
14197.029,0,0
12613.695,0,0
14534.258,0,0
19285.602,0,0
24355.931,0,0
27518.829,0,0
28429.677,0,0
29296.542,0,0
30148.462,0,0
31088.544,0,0
32411.283,0,0
33676.46,0,0
34097.458,0,0
33713.802,0,0
33429.954,0,0
33045.915,0,0
32914.492,0,0
32935.924,0,0
33057.482,0,0
33079.166,0,0
32602.849,0,0
31596.664,0,0
30344.008,0,0
28990.252,0,0
27856.013,0,0
26737.148,0,0
25717.32,0,0
24696.529,0,0
24985.5,0,0
26586.293,0,0
27978.067,0,0
29124.19,0,0
30007.233,0,0
30422.772,0,0
30838.958,0,0
31122.078,0,0
30893.085,0,0
30405.877,0,0
29818.683,0,0
29331.502,0,0
29096.212,0,0
29212.927,0,0
29200.0,0,0
29100.0,0,0
28900.0,0,0
28500.0,0,0
28100.0,0,0
27800.0,0,0
27500.0,0,0
27300.0,0,0
27200.0,0,0
27000.0,0,0
26800.0,0,0
26700.0,0,0
26700.0,0,0
26600.0,0,0
26500.0,0,0
26571.04,0,0
26618.472,0,0
26565.829,0,0
26752.578,0,0
26978.803,0,0
27205.065,0,0
27431.365,0,0
27611.53,0,0
27845.47,0,0
27979.327,0,0
28213.102,0,0
27512.167,0,0
25217.394,0,0
23666.728,0,0
23568.936,0,0
23462.514,0,0
23341.495,0,0
22468.495,0,0
20523.193,0,0
18084.524,0,0
14958.628,0,0
13755.241,0,0
14680.518,0,0
15464.339,0,0
15902.721,0,0
16743.091,0,0
18318.118,0,0
20674.528,0,0
23836.099,0,0
23177.835,0,0
18616.082,0,0
14558.627,0,0
11019.162,0,0
9414.323,0,0
9688.123,0,0
8570.02,1,1
6367.788,1,1
7415.58,1,1
11604.004,0,0
15166.05,0,0
18220.923,0,0
20501.303,0,0
22315.534,0,0
24218.676,0,0
25912.722,0,0
27109.228,0,0
27864.104,0,0
27622.695,0,0
26803.915,0,0
26775.034,0,0
27018.772,0,0
26298.829,0,0
26804.09,0,0
27210.214,0,0
27417.354,0,0
25254.2,0,0
19916.422,0,0
12626.243,0,0
4243.655,1,1
0.0,1,1
0.0,1,1
0.0,1,1
0.0,1,1
0.0,1,1
0.0,1,1
0.0,1,1
0.0,1,1
0.0,1,1
0.0,1,1
0.0,1,1
0.0,1,1
0.0,1,1
0.0,1,1
0.0,1,1
0.0,1,1
0.0,1,1
0.0,1,1
0.0,1,1
0.0,1,1
0.0,1,1
0.0,1,1
0.0,1,1
0.0,1,1
0.0,1,1
0.0,1,1
0.0,1,1
0.0,1,1
1019.887,1,1
0.0,1,1
0.0,1,1
0.0,1,1
0.0,1,1
0.0,1,1
0.0,1,1
0.0,1,1
0.0,1,1
0.0,1,1
3985.727,1,1
8829.728,0,0
11784.728,0,0
13194.465,0,0
14605.506,0,0
16017.854,0,0
18286.04,0,0
20487.217,0,0
22304.266,0,0
24096.37,0,0
23944.855,0,0
21311.184,0,0
17671.031,0,0
13108.675,0,0
10733.568,0,0
11137.528,0,0
10699.706,0,0
9875.381,0,0
9017.32,0,0
7911.419,0,0
7127.784,0,0
6681.982,0,0
6339.661,0,0
5883.166,1,1
5745.778,1,1
5939.423,1,1
6384.844,0,0
6876.105,0,0
7114.61,0,0
6986.421,0,0
6791.913,0,0
6734.865,0,0
6697.489,0,0
6701.588,0,0
6323.414,1,1
5892.962,1,1
6414.435,0,0
7868.504,0,0
8697.528,0,0
9200.867,0,0
11923.262,0,0
16606.525,0,0
20713.768,0,0
24017.503,0,0
26752.568,0,0
29101.584,0,0
31114.471,0,0
32816.115,0,0
34807.9,0,0
36590.965,0,0
37290.912,0,0
37200.0,0,0
37100.0,0,0
36900.0,0,0
36800.0,0,0
36600.0,0,0
36384.394,0,0
36054.868,0,0
35776.965,0,0
35550.821,0,0
35324.631,0,0
35098.395,0,0
34885.12,0,0
34684.843,0,0
34484.564,0,0
34384.286,0,0
34349.267,0,0
34379.699,0,0
34400.0,0,0
34400.0,0,0
34200.0,0,0
33900.0,0,0
33700.0,0,0
33400.0,0,0
32900.0,0,0
32000.0,0,0
31200.0,0,0
30400.0,0,0
29900.0,0,0
29800.0,0,0
29700.0,0,0
29600.0,0,0
29400.0,0,0
29200.0,0,0
29000.0,0,0
28700.0,0,0
28500.0,0,0
28300.0,0,0
28100.0,0,0
27900.0,0,0
27800.0,0,0
27700.0,0,0
27600.0,0,0
27600.0,0,0
27500.0,0,0
27600.0,0,0
27600.0,0,0
27700.0,0,0
27800.0,0,0
28000.0,0,0
28200.0,0,0
28400.0,0,0
28600.0,0,0
28700.0,0,0
28900.0,0,0
29100.0,0,0
28836.477,0,0
28094.764,0,0
27456.388,0,0
27146.835,0,0
27008.147,0,0
27156.11,0,0
27191.85,0,0
27091.908,0,0
27044.232,0,0
27082.201,0,0
26701.2,1,1
24923.179,1,1
22769.119,1,1
21385.745,1,1
19667.955,1,1
17543.743,1,1
15282.578,1,1
12851.003,1,1
11356.461,1,1
10634.935,1,1
9126.155,1,1
6772.693,1,1
6728.259,1,1
8951.642,1,1
10768.922,1,1
12379.28,1,1
12780.908,1,1
12231.113,1,1
11280.404,1,1
9936.623,1,1
12454.724,1,1
18011.849,1,1
22861.023,1,1
26976.178,1,1
29033.859,0,0
29635.744,0,0
30315.945,0,0
31097.151,0,0
33228.447,0,0
35592.253,0,0
36490.614,0,0
36270.96,0,0
36051.284,0,0
35731.587,0,0
35455.921,0,0
35355.872,0,0
35155.823,0,0
35055.774,0,0
35004.814,0,0
34771.301,0,0
34537.799,0,0
34404.31,0,0
34310.756,0,0
34200.0,0,0
34100.0,0,0
34000.0,0,0
33900.0,0,0
33800.0,0,0
33700.0,0,0
33600.0,0,0
33400.0,0,0
33200.0,0,0
33000.0,0,0
32800.0,0,0
32400.0,0,0
31700.0,0,0
31100.0,0,0
30500.0,0,0
29997.318,0,0
29704.098,0,0
29410.927,0,0
29117.807,0,0
28401.423,0,0
27493.762,0,0
26586.376,0,0
25564.65,0,0
25166.392,1,0
25397.598,0,0
25478.532,0,0
25659.26,0,0
25496.289,0,0
24990.047,1,1
24569.585,1,1
23781.052,1,1
24128.634,1,1
25360.776,0,0
26383.384,0,0
27346.096,0,0
27699.184,0,0
28233.041,0,0
28526.678,0,0
28711.061,0,0
28916.594,0,0
29143.099,0,0
29369.536,0,0
29595.906,0,0
29270.3,0,0
28078.672,0,0
26645.335,0,0
25056.344,1,1
24078.81,1,1
23691.532,1,1
21893.25,1,1
18224.325,1,1
13356.11,1,1
6980.205,1,1
5972.592,1,1
10717.127,1,1
15219.173,1,1
19282.769,1,1
22130.844,1,1
23161.123,1,1
25182.426,1,1
27157.886,0,0
27546.169,0,0
26871.636,0,0
25753.426,0,0
24026.355,1,1
23003.468,1,1
22811.973,1,1
23293.1,1,1
24545.611,1,1
25757.458,0,0
26682.052,0,0
27606.556,0,0
28383.258,0,0
28711.725,0,0
28998.195,0,0
29300.942,0,0
29532.271,0,0
30013.664,0,0
30744.879,0,0
32062.203,0,0
33178.575,0,0
33552.175,0,0
33947.918,0,0
34538.923,0,0
35056.129,0,0
35573.417,0,0
36090.789,0,0
36300.0,0,0
36171.199,0,0
36018.949,0,0
35966.661,0,0
35733.94,0,0
35520.807,0,0
35307.665,0,0
34994.514,0,0
34907.529,0,0
34746.738,0,0
34685.975,0,0
34525.24,0,0
34331.767,0,0
34105.521,0,0
33879.255,0,0
33552.971,0,0
33326.669,0,0
33000.347,0,0
32674.007,0,0
32347.649,0,0
31814.699,0,0
31175.152,0,0
30435.576,0,0
29655.831,0,0
29308.921,0,0
29274.514,0,0
29140.2,0,0
29105.98,0,0
28786.047,0,0
28180.23,0,0
27559.186,0,0
26654.02,0,0
25842.933,0,0
25326.105,0,0
24808.878,0,0
24223.64,0,0
23579.316,0,0
22984.932,0,0
22389.8,0,0
21693.917,0,0
22433.766,0,0
24408.821,0,0
25814.735,0,0
26710.627,0,0
27237.165,0,0
27737.062,0,0
28336.959,0,0
28836.856,0,0
29183.563,0,0
29377.168,0,0
29500.0,0,0
29600.0,0,0
28951.653,0,0
27084.735,0,0
24905.225,0,0
22253.972,0,0
18591.117,1,1
13406.731,1,1
10683.984,1,1
11354.915,1,1
11658.722,1,1
11152.105,1,1
10765.289,1,1
10649.555,1,1
10152.344,1,1
8579.192,1,1
8981.467,1,1
11536.459,1,1
16059.992,1,1
19669.333,1,1
19574.353,1,1
13797.274,1,1
3700.828,1,1
0.0,1,1
0.0,1,1
1446.678,1,1
7421.261,1,1
12085.201,1,1
15244.779,1,1
17153.042,1,1
20094.571,0,0
22199.455,0,0
22905.895,0,0
23397.683,0,0
23850.488,0,0
24371.36,0,0
24555.644,0,0
24689.952,0,0
25133.306,0,0
26101.59,0,0
27882.267,0,0
29771.018,0,0
30749.533,0,0
31146.134,0,0
31542.729,0,0
31939.318,0,0
32622.741,0,0
33694.254,0,0
34530.84,0,0
35183.88,0,0
35547.898,0,0
35492.759,0,0
35437.854,0,0
35300.0,0,0
35100.0,0,0
35000.0,0,0
34800.0,0,0
34700.0,0,0
34400.0,0,0
34100.0,0,0
33700.0,0,0
33300.0,0,0
33000.0,0,0
32800.0,0,0
32600.0,0,0
32397.252,0,0
31857.213,0,0
31083.893,0,0
30400.0,0,0
29600.0,0,0
29200.0,0,0
29070.444,0,0
29016.776,0,0
28863.011,0,0
28662.88,0,0
28316.537,0,0
28070.302,0,0
27800.0,0,0
27500.0,0,0
27300.0,0,0
27200.0,0,0
27000.0,0,0
26900.0,0,0
26800.0,0,0
26700.0,0,0
26600.0,0,0
26600.0,0,0
26600.0,0,0
26500.0,0,0
26500.0,0,0
26600.0,0,0
26900.0,0,0
27100.0,0,0
27400.0,0,0
27600.0,0,0
27800.0,0,0
28100.0,0,0
28300.0,0,0
27975.911,0,0
27054.395,0,0
25856.437,0,0
24602.333,0,0
22826.104,0,0
20612.465,0,0
18187.218,1,1
15540.883,1,1
11662.211,1,1
6554.64,1,1
3980.007,1,1
4296.636,1,1
3649.887,1,1
1911.737,1,1
1899.582,1,1
3978.816,1,1
5348.647,1,1
5946.223,1,1
8209.299,1,1
12172.917,1,1
16713.012,1,1
21747.016,0,0
22950.439,0,0
20192.022,1,1
18118.67,1,1
16896.192,1,1
16554.594,1,1
17024.38,1,1
17271.08,1,1
17375.146,1,1
18375.938,1,1
20303.466,1,1
20872.451,0,0
20536.811,0,0
24503.707,0,0
31388.085,0,0
34705.07,0,0
35417.034,0,0
36016.123,0,0
36406.912,0,0
36497.231,0,0
36300.0,0,0
36100.0,0,0
35900.0,0,0
35700.0,0,0
35500.0,0,0
35400.0,0,0
35200.0,0,0
35100.0,0,0
34800.0,0,0
34600.0,0,0
34400.0,0,0
34300.0,0,0
34200.0,0,0
34000.0,0,0
33900.0,0,0
33800.0,0,0
33600.0,0,0
33500.0,0,0
33195.55,0,0
32975.167,0,0
32856.507,0,0
32700.0,0,0
32500.0,0,0
32100.0,0,0
31400.0,0,0
30700.0,0,0
30000.0,0,0
29600.0,0,0
29469.975,0,0
29106.612,0,0
28843.19,0,0
28118.035,0,0
27268.227,0,0
26318.299,0,0
25099.021,0,0
24797.417,0,0
25307.735,0,0
25642.507,0,0
25862.404,0,0
25304.7,0,0
23645.257,1,1
21618.861,1,1
19059.113,1,1
18126.812,1,1
19196.293,1,1
20165.954,1,1
21135.793,1,1
21127.297,1,1
19940.136,1,1
18752.72,1,1
17259.405,1,1
15953.486,1,1
15650.684,1,1
15347.788,1,1
15044.8,1,1
17514.659,1,1
21272.414,1,1
24190.759,0,0
26724.371,0,0
28369.119,0,0
26910.987,0,0
27936.747,0,0
29062.508,0,0
28803.575,0,0
27351.233,0,0
26431.174,0,0
26049.549,0,0
25619.986,0,0
25129.447,0,0
24690.569,0,0
24207.541,0,0
19787.145,1,1
11319.951,1,1
9891.236,1,1
15703.827,1,1
19393.884,1,1
20800.72,1,1
23132.907,1,1
26165.619,0,0
28272.914,0,0
29582.336,0,0
29748.278,0,0
28671.066,0,0
27670.522,0,0
26676.081,0,0
27276.034,0,0
29405.652,0,0
31486.849,0,0
33396.241,0,0
34404.63,0,0
34485.128,0,0
34590.756,0,0
34822.451,0,0
35235.762,0,0
35821.079,0,0
35599.457,0,0
34499.611,0,0
33132.99,0,0
31628.991,0,0
31427.766,0,0
32730.468,0,0
33797.006,0,0
34597.536,0,0
34912.29,0,0
34705.78,0,0
34532.675,0,0
34259.585,0,0
34006.786,0,0
33974.287,0,0
33941.812,0,0
33809.362,0,0
33722.861,0,0
33482.272,0,0
33341.66,0,0
33101.026,0,0
33000.972,0,0
32841.529,0,0
32682.11,0,0
32522.712,0,0
32190.434,0,0
31600.0,0,0
30900.0,0,0
30300.0,0,0
29900.0,0,0
29700.0,0,0
29600.0,0,0
29400.0,0,0
29200.0,0,0
28900.0,0,0
28700.0,0,0
28400.0,0,0
28200.0,0,0
27900.0,0,0
27700.0,0,0
27500.0,0,0
27300.0,0,0
27200.0,0,0
27200.0,0,0
27100.0,0,0
27000.0,0,0
27000.0,0,0
27000.0,0,0
27000.0,0,0
27100.0,0,0
27300.0,0,0
27500.0,0,0
27700.0,0,0
28000.0,0,0
28300.0,0,0
28600.0,0,0
28900.0,0,0
28084.051,0,0
25702.931,0,0
22534.867,0,0
18534.747,0,0
15069.806,0,0
12312.532,0,0
9894.418,1,1
8378.106,1,1
6275.41,1,1
3460.866,1,1
1703.273,1,1
1378.758,1,1
788.982,1,1
0.0,1,1
0.0,1,1
0.0,1,1
0.0,1,1
0.0,1,1
0.0,1,1
0.0,1,1
0.0,1,1
365.659,1,1
1671.429,1,1
3898.95,1,1
6120.812,1,1
8473.35,1,1
9515.366,1,1
9610.866,1,1
10022.009,1,1
10737.645,1,1
12399.651,0,0
14620.934,0,0
16252.806,0,0
17494.055,0,0
20647.596,0,0
25114.142,0,0
28332.557,0,0
30500.124,0,0
33174.621,0,0
35723.204,0,0
36503.573,0,0
36026.178,0,0
35060.954,0,0
34095.037,0,0
33930.237,0,0
34367.507,0,0
34905.356,0,0
35408.892,0,0
35242.208,0,0
34883.595,0,0
34263.485,0,0
33743.085,0,0
33514.493,0,0
33377.97,0,0
33341.505,0,0
33305.099,0,0
33044.225,0,0
32458.579,0,0
31872.58,0,0
31335.529,0,0
30833.837,0,0
30632.574,0,0
30331.31,0,0
30130.045,0,0
29779.337,0,0
29376.226,0,0
28868.493,0,0
28260.935,0,0
27860.314,0,0
27666.442,0,0
27372.5,0,0
26973.452,0,0
25816.953,0,0
23905.594,0,0
21457.121,1,1
18983.81,1,1
18432.608,1,1
20238.925,1,1
21865.844,0,0
23205.72,0,0
22904.13,0,0
21049.184,1,1
18742.595,1,1
15574.703,1,1
14575.118,1,1
16568.059,1,1
18184.609,1,1
19286.685,1,1
20213.183,1,1
20963.949,1,1
21814.919,0,0
22566.091,0,0
23793.189,0,0
25406.729,0,0
26782.284,0,0
27989.779,0,0
28236.102,0,0
27137.428,0,0
26426.217,0,0
26242.922,0,0
26562.918,0,0
27193.087,0,0
27206.564,0,0
25788.766,0,0
23396.929,0,0
21028.699,1,1
19493.11,1,1
18388.713,1,1
16552.406,1,1
14002.973,1,1
13920.907,1,1
16484.242,1,1
18687.078,1,1
20474.539,1,1
22532.487,0,0
24825.35,0,0
27615.975,0,0
27269.772,0,0
27412.245,0,0
26513.303,0,0
24515.965,0,0
21303.843,1,1
21448.897,1,1
24769.113,0,0
27887.78,0,0
29673.039,0,0
30202.264,0,0
30516.49,0,0
30724.02,0,0
30576.699,0,0
30236.568,0,0
30058.046,0,0
30789.912,0,0
31523.708,0,0
31246.741,0,0
31118.355,0,0
31334.126,0,0
31960.082,0,0
32357.589,0,0
32855.097,0,0
32854.1,0,0
32454.573,0,0
32155.01,0,0
31755.411,0,0
32152.942,0,0
33226.632,0,0
33921.265,0,0
34515.897,0,0
34575.761,0,0
34375.731,0,0
34275.702,0,0
34075.672,0,0
33989.057,0,0
33915.855,0,0
33842.654,0,0
33869.452,0,0
33622.542,0,0
33301.907,0,0
32436.061,0,0
31660.461,0,0
30648.707,0,0
29296.715,0,0
27898.468,0,0
26500.095,0,0
25850.508,0,0
26249.748,0,0
26548.915,0,0
26848.01,0,0
27146.498,0,0
27280.5,0,0
27364.096,0,0
27347.762,0,0
26891.817,0,0
25745.717,0,0
24149.507,1,1
22553.297,1,1
22061.813,1,1
22851.296,1,1
23648.88,1,1
24446.609,1,1
24446.466,1,1
23648.342,1,1
22850.217,1,1
21960.019,1,1
21173.586,1,1
20691.715,1,1
20209.844,1,1
19827.973,1,1
20027.584,1,1
20908.768,1,1
21790.077,1,1
22671.51,1,1
23621.544,1,1
24449.084,1,1
25104.49,1,1
25885.039,0,0
26209.966,0,0
26167.436,0,0
26097.381,0,0
26002.272,0,0
25889.716,0,0
25658.136,1,0
25904.285,0,0
26630.476,0,0
26867.644,0,0
26508.256,0,0
25931.742,0,0
25137.899,1,1
25142.291,1,1
26145.126,0,0
27033.107,0,0
27805.58,0,0
28905.912,0,0
29759.389,0,0
31190.675,0,0
32875.079,0,0
34077.059,0,0
34751.618,0,0
34860.911,0,0
34824.988,0,0
34729.815,0,0
34876.098,0,0
34778.387,0,0
34637.56,0,0
34481.295,0,0
34509.522,0,0
34642.452,0,0
34978.402,0,0
35353.555,0,0
35568.678,0,0
35910.828,0,0
36175.868,0,0
36300.0,0,0
36100.0,0,0
36000.0,0,0
35800.0,0,0
35700.0,0,0
35500.0,0,0
35300.0,0,0
35200.0,0,0
35000.0,0,0
34700.0,0,0
34500.0,0,0
34300.0,0,0
34200.0,0,0
34200.0,0,0
34070.61,0,0
33910.792,0,0
33691.007,0,0
33511.22,0,0
32965.057,0,0
32384.417,0,0
31935.711,0,0
31418.912,0,0
30902.285,0,0
30318.065,0,0
29375.237,0,0
28083.306,0,0
26891.694,0,0
25700.402,0,0
24905.105,0,0
24705.563,0,0
24506.021,0,0
24306.479,0,0
24204.306,0,0
24299.45,0,0
24294.522,0,0
24289.524,0,0
23644.767,0,0
22260.598,0,0
20614.429,0,0
18933.147,0,0
18093.101,0,0
18093.892,0,0
18194.683,0,0
18295.474,0,0
19608.591,0,0
22216.175,0,0
24090.095,0,0
25830.995,0,0
26636.67,0,0
26910.427,0,0
27184.206,0,0
27558.009,0,0
27695.08,0,0
27795.404,0,0
27895.728,0,0
28096.051,0,0
27764.687,0,0
27070.292,0,0
26363.44,0,0
25447.848,0,0
24896.26,0,0
24715.192,0,0
23979.707,0,0
22580.597,0,0
21537.518,0,0
20735.945,0,0
20828.147,0,0
21841.67,0,0
22272.763,0,0
22114.472,0,0
22246.926,0,0
22469.748,0,0
21956.693,0,0
20404.325,0,0
19437.556,0,0
18997.035,0,0
19151.935,0,0
20800.888,0,0
20940.687,0,0
19572.238,0,0
16888.247,0,0
12996.746,1,1
10144.029,1,1
7603.66,1,1
5444.151,1,1
3460.8,1,1
1662.76,1,1
0.0,1,1
0.0,1,1
245.138,1,1
1591.055,1,1
3108.882,1,1
3770.813,1,1
3682.799,1,1
3956.9,1,1
4273.69,1,1
3846.498,1,1
2518.063,1,1
1189.05,1,1
0.0,1,1
2081.458,1,1
7757.742,1,1
12723.627,1,1
17423.979,0,0
18664.928,0,0
16444.056,0,0
14122.466,0,0
11900.159,1,1
11796.072,1,1
13711.283,0,0
15527.211,0,0
17443.855,0,0
19455.485,0,0
21806.581,0,0
24158.62,0,0
25445.523,0,0
25978.237,0,0
25676.969,0,0
25475.701,0,0
25274.433,0,0
26075.293,0,0
27431.185,0,0
28469.35,0,0
28997.782,0,0
28622.99,0,0
27544.32,0,0
26205.165,0,0
24534.234,1,1
23941.708,1,1
24128.293,1,1
24415.088,1,1
24602.092,1,1
24742.368,0,0
24732.749,0,0
24720.919,0,0
24609.157,0,0
24508.819,1,1
24319.805,1,1
24130.724,1,1
23839.169,1,1
23006.622,1,1
21635.622,1,1
19740.98,1,1
17724.656,1,1
18122.559,1,1
20836.175,1,1
23329.957,1,1
25401.149,0,0
26634.124,0,0
27025.44,0,0
27414.216,0,0
27703.059,0,0
27540.923,0,0
26801.035,0,0
25877.456,0,0
24945.473,0,0
24842.588,0,0
25369.006,0,0
26075.972,0,0
27116.858,0,0
28363.013,0,0
29800.896,0,0
29485.565,0,0
27349.011,0,0
24802.095,0,0
21849.741,1,1
20275.828,1,1
19848.121,1,1
19107.939,1,1
18126.087,1,1
18856.994,1,1
21207.309,1,1
23444.775,1,1
24918.061,0,0
25441.165,0,0
25524.027,0,0
25285.298,0,0
24867.823,0,0
24992.53,0,0
25650.822,0,0
26247.074,0,0
26888.872,0,0
27552.607,0,0
28436.29,0,0
29370.004,0,0
30349.316,0,0
30806.484,0,0
30953.603,0,0
31551.939,0,0
32173.848,0,0
32510.915,0,0
32747.914,0,0
33147.36,0,0
33609.334,0,0
34171.351,0,0
34733.413,0,0
34933.082,0,0
34770.299,0,0
34607.483,0,0
34444.634,0,0
33906.461,0,0
32755.855,0,0
31286.844,0,0
29716.617,0,0
28881.352,0,0
29046.71,0,0
29112.21,0,0
29260.468,0,0
28942.907,0,0
28007.057,0,0
27170.921,0,0
26234.498,0,0
26066.081,0,0
26666.312,0,0
27149.695,0,0
27535.449,0,0
27915.685,0,0
28390.563,0,0
28429.125,0,0
28483.348,0,0
28397.606,0,0
28271.528,0,0
28045.36,0,0
27919.101,0,0
27561.253,0,0
27071.78,0,0
26582.172,0,0
25992.429,0,0
25250.192,0,0
24040.804,0,0
22757.011,1,1
21435.765,1,1
21031.885,1,1
21809.056,1,1
22495.892,1,1
23183.293,1,1
23280.809,0,1
22687.695,1,1
22094.154,1,1
21500.186,1,1
21499.68,1,1
22193.17,1,1
22786.943,1,1
23381.0,0,0
24272.102,0,0
25468.75,0,0
26402.971,0,0
27337.649,0,0
27022.689,0,0
25266.72,0,0
23475.726,0,0
21950.322,1,1
22338.834,1,1
24454.933,0,0
24964.177,0,0
23718.171,0,0
18842.404,1,1
9579.044,1,1
7960.828,1,1
14915.708,1,1
20152.083,1,1
23183.435,1,1
24560.42,0,0
24166.197,0,0
23777.963,0,0
23797.963,0,0
23417.046,0,0
22493.487,1,1
20283.435,1,1
16716.21,1,1
18717.991,1,1
26358.399,0,0
31231.137,0,0
33639.26,0,0
33860.389,0,0
31967.93,0,0
30146.369,0,0
28430.06,0,0
27779.051,0,0
28002.438,0,0
27061.164,0,0
24968.867,0,0
25286.94,0,0
27521.491,0,0
29268.504,0,0
30985.667,0,0
32245.499,0,0
33260.346,0,0
33752.938,0,0
33941.519,0,0
33928.41,0,0
33915.467,0,0
33751.94,0,0
33337.495,0,0
32650.501,0,0
32059.987,0,0
32201.196,0,0
32879.008,0,0
33332.417,0,0
33786.499,0,0
33700.582,0,0
33640.026,0,0
33579.505,0,0
33419.02,0,0
33424.618,0,0
33400.0,0,0
33200.0,0,0
33100.0,0,0
32900.0,0,0
32700.0,0,0
32400.0,0,0
32200.0,0,0
31800.0,0,0
31600.0,0,0
31300.0,0,0
31100.0,0,0
