31900.0,0,0
31800.0,0,0
31600.0,0,0
31300.0,0,0
30929.959,0,0
30442.76,0,0
29959.597,1,1
29576.495,1,1
29000.0,1,1
28600.0,1,1
28300.0,1,1
28000.0,1,1
27800.0,1,1
27600.0,1,1
27600.0,1,1
27600.0,1,1
27600.0,1,1
27795.977,1,1
28195.976,1,1
28495.975,1,1
28895.974,1,1
29366.652,1,1
29807.995,1,1
30349.318,0,0
30790.619,0,0
31210.143,0,0
31507.93,0,0
31800.0,0,0
32000.0,0,0
32043.965,0,0
31726.691,0,0
31325.604,0,0
30919.351,0,0
30609.516,0,0
30291.194,1,0
30730.459,0,0
31729.989,0,0
32680.718,0,0
32908.121,0,0
32101.927,0,0
30117.548,1,1
29534.061,1,1
30619.64,0,0
31759.242,0,0
32539.683,0,0
32676.634,0,0
32318.257,0,0
33041.875,0,0
34740.66,0,0
36341.276,0,0
36741.357,0,0
36375.403,0,0
35623.933,0,0
34737.362,0,0
34067.532,0,0
33138.992,0,0
32148.851,0,0
31568.755,0,0
31497.187,0,0
31871.527,0,0
32638.603,0,0
32745.809,0,0
31548.626,0,0
30063.823,1,1
28046.215,1,1
27841.727,1,1
29892.181,1,1
31706.453,0,0
33698.744,0,0
34839.651,0,0
35148.813,0,0
35357.976,0,0
35667.138,0,0
36230.479,0,0
37148.132,0,0
37800.628,0,0
38353.532,0,0
38579.943,0,0
38379.773,0,0
38179.603,0,0
37979.434,0,0
37586.003,0,0
37099.311,0,0
36712.62,0,0
36225.928,0,0
36152.539,0,0
36592.564,0,0
36918.646,0,0
36594.742,0,0
36341.509,0,0
36058.939,0,0
35776.389,0,0
35500.0,0,0
34700.0,0,0
33700.0,0,0
32700.0,0,0
31700.0,0,0
31100.0,0,0
31000.0,0,0
30900.0,0,0
30800.0,0,0
30600.0,0,0
30070.382,0,0
29515.254,0,0
28282.078,1,1
26957.853,1,1
25578.952,1,1
23671.099,1,1
21862.39,1,1
21148.71,1,1
21631.012,1,1
22013.728,1,1
22496.858,1,1
22175.592,1,1
21249.209,1,1
20221.468,1,1
18817.72,1,1
18915.269,1,1
20615.236,1,1
21940.192,1,1
23264.885,1,1
23783.129,1,1
23494.2,1,1
23204.85,1,1
22915.079,1,1
23799.593,1,1
25915.896,1,1
27403.608,1,1
28649.097,0,0
29510.31,0,0
30836.484,0,0
31681.14,0,0
32090.934,0,0
32544.093,0,0
32941.187,0,0
33459.523,0,0
34099.385,0,0
34755.254,0,0
35326.516,0,0
35337.821,0,0
34883.791,0,0
34644.048,0,0
34632.62,0,0
34754.128,0,0
35293.055,0,0
35380.828,0,0
35017.088,0,0
34434.555,0,0
34271.935,0,0
33784.173,0,0
33071.395,0,0
33146.329,0,0
33847.047,0,0
35855.088,0,0
37714.779,0,0
38263.905,0,0
38371.173,0,0
37783.14,0,0
36861.608,0,0
36537.205,0,0
36708.543,0,0
37339.492,0,0
38229.941,0,0
38925.051,0,0
39460.345,0,0
39454.087,0,0
38872.335,0,0
38390.533,0,0
37808.68,0,0
37937.221,0,0
38725.025,0,0
38721.86,0,0
38818.73,0,0
38666.403,0,0
38400.0,0,0
38100.0,0,0
37800.0,0,0
37500.0,0,0
37400.0,0,0
37300.0,0,0
37200.0,0,0
37000.0,0,0
36800.0,0,0
36500.0,0,0
36300.0,0,0
36100.0,0,0
35800.0,0,0
35600.0,0,0
35400.0,0,0
34800.0,0,0
33900.0,0,0
32900.0,0,0
32000.0,0,0
31400.0,0,0
31300.0,0,0
31200.0,0,0
31000.0,0,0
30800.0,0,0
30400.0,0,0
30100.0,0,0
29700.0,0,0
29500.0,0,0
29200.0,1,1
29000.0,1,1
28700.0,1,1
28600.0,1,1
28500.0,1,1
28400.0,1,1
28300.0,1,1
28300.0,1,1
28300.0,1,1
28400.0,1,1
28400.0,1,1
28600.0,1,1
28800.0,1,1
29000.0,1,1
29200.0,1,1
29500.0,0,0
29800.0,0,0
30100.0,0,0
30400.0,0,0
30623.34,0,0
30958.572,0,0
31288.952,0,0
31516.682,0,0
31679.238,0,0
31661.644,0,0
32383.46,0,0
33653.362,0,0
34928.739,0,0
36005.194,0,0
36018.218,0,0
34937.448,0,0
33812.474,0,0
32653.855,0,0
32681.501,0,0
33898.742,0,0
34639.082,0,0
35156.539,0,0
35589.321,0,0
36137.37,0,0
36404.411,0,0
36390.587,0,0
36785.585,0,0
37786.253,0,0
38759.154,0,0
39599.195,0,0
39621.753,0,0
38834.662,0,0
38200.08,0,0
37655.348,0,0
37569.989,0,0
38075.061,0,0
38572.558,0,0
39064.004,0,0
39374.011,0,0
39405.931,0,0
39538.26,0,0
39478.234,0,0
39350.372,0,0
38402.015,0,0
37045.846,0,0
34604.468,0,0
31927.627,0,0
28526.203,1,1
26824.186,1,1
27022.107,1,1
27220.169,1,1
27418.373,1,1
28417.673,1,1
30418.55,0,0
31837.14,0,0
33147.983,0,0
33753.439,0,0
33553.079,0,0
33352.718,0,0
33252.358,0,0
32758.571,0,0
32071.201,0,0
31283.621,0,0
30595.832,0,0
30248.295,0,0
30241.206,0,0
30234.169,0,0
30327.185,0,0
29773.246,0,0
28772.314,1,1
27771.382,1,1
26770.449,1,1
26314.132,0,0
26502.895,0,0
26692.277,0,0
26882.282,0,0
26925.145,0,0
26620.391,0,0
26315.626,0,0
26010.849,0,0
25409.501,0,0
24510.538,0,0
23710.169,0,0
22808.389,0,0
21931.015,0,0
21077.882,0,0
20157.934,0,0
19027.122,0,0
17482.247,0,0
15421.342,0,0
12424.433,0,0
8693.312,0,0
9327.134,0,0
14341.105,0,0
17487.89,0,0
20355.045,0,0
22785.964,0,0
25043.895,0,0
26984.576,0,0
28545.014,0,0
28028.201,0,0
24162.927,0,0
18762.859,0,0
11800.936,0,0
6780.461,1,1
4826.322,1,1
3741.725,1,1
4226.64,1,1
5093.16,1,1
6410.713,1,1
7132.9,1,1
7298.207,1,1
8502.927,0,0
10955.39,0,0
10402.671,0,0
6336.742,1,1
3162.572,1,1
727.024,1,1
0.0,1,1
0.0,1,1
0.0,1,1
0.0,1,1
0.0,1,1
0.0,1,1
0.0,1,1
0.0,1,1
0.0,1,1
0.0,1,1
1808.775,1,1
4817.244,1,1
6608.834,1,1
7533.747,0,0
8405.233,0,0
9307.368,0,0
13054.304,0,0
18932.154,0,0
22767.622,0,0
25208.785,0,0
30887.57,0,0
37335.523,0,0
39400.0,0,0
39200.0,0,0
38906.977,0,0
38708.04,0,0
38458.466,0,0
38358.337,0,0
38258.207,0,0
38158.077,0,0
37808.371,0,0
37409.008,0,0
37009.538,0,0
36609.96,0,0
36439.478,0,0
36398.277,0,0
36357.219,0,0
36416.303,0,0
36236.171,0,0
36016.618,0,0
35696.935,0,0
35477.123,0,0
35236.99,0,0
34976.666,0,0
34716.384,0,0
34456.145,0,0
33885.952,0,0
33005.788,0,0
32025.645,0,0
31145.524,0,0
30505.186,0,0
29641.146,0,0
28106.666,0,0
26309.086,0,0
24468.274,0,0
23123.86,1,1
21778.432,1,1
20050.52,1,1
19849.249,1,1
20975.202,1,1
21819.186,1,1
22562.723,1,1
23506.638,0,0
24450.933,0,0
25123.18,0,0
25793.31,0,0
25357.615,0,0
23825.831,0,0
21733.694,1,1
19448.442,1,1
18832.274,1,1
20460.813,1,1
21806.69,1,1
23052.12,1,1
23251.324,1,1
22503.872,1,1
21755.403,1,1
20623.338,1,1
21273.675,1,1
23172.59,1,1
24913.185,0,0
26562.499,0,0
26001.425,0,0
23826.065,0,0
23918.976,0,0
26204.739,0,0
27986.523,0,0
29269.188,0,0
29468.158,0,0
28733.813,0,0
28193.184,0,0
27949.675,0,0
27601.111,0,0
26947.802,0,0
26094.028,0,0
25032.597,0,0
24125.68,0,0
23378.346,1,1
18288.74,1,1
8861.473,1,1
8506.171,1,1
17025.443,1,1
24253.415,0,0
27795.799,0,0
28745.806,0,0
29297.858,0,0
30318.768,0,0
32094.98,0,0
32600.695,0,0
31840.287,0,0
31058.196,0,0
29994.513,0,0
30669.063,0,0
32889.611,0,0
34745.19,0,0
35975.621,0,0
36221.407,0,0
35810.454,0,0
35169.922,0,0
33803.954,0,0
32373.693,0,0
30942.478,0,0
30075.144,0,0
29872.406,0,0
29669.667,0,0
29466.925,0,0
30299.858,0,0
31969.585,0,0
33391.072,0,0
34320.18,0,0
34214.69,0,0
33073.269,0,0
31702.793,0,0
29921.499,0,0
28929.205,0,0
28826.871,0,0
28624.536,0,0
28522.199,0,0
28617.05,0,0
29009.412,0,0
29402.201,0,0
29795.419,0,0
29442.636,0,0
28443.369,0,0
27443.886,0,0
26444.185,0,0
24924.061,0,0
22671.831,0,0
19815.958,0,0
16957.195,0,0
13906.589,0,0
12389.439,0,0
10771.072,1,1
9151.485,1,1
8841.66,1,1
9643.265,1,1
10445.871,1,1
11349.482,1,1
12168.051,0,0
12901.426,0,0
13672.247,0,0
14175.221,0,0
14678.637,0,0
15282.494,0,0
15886.795,0,0
16491.539,0,0
17296.728,0,0
18302.362,0,0
19308.441,0,0
20314.967,0,0
20609.731,0,0
20392.109,0,0
20074.104,0,0
19755.716,0,0
19562.688,0,0
19457.622,0,0
19336.78,0,0
19207.453,0,0
19165.023,0,0
19006.73,0,0
18718.613,0,0
18199.644,0,0
17568.4,0,0
16915.338,0,0
18304.655,0,0
21309.712,0,0
23411.538,0,0
21540.102,0,0
20886.922,0,0
18770.672,0,0
15854.07,0,0
12066.212,0,0
8397.159,1,1
5272.677,1,1
494.279,1,1
0.0,1,1
0.0,1,1
0.0,1,1
0.0,1,1
1185.62,1,1
0.0,1,1
0.0,1,1
0.0,1,1
0.0,1,1
0.0,1,1
0.0,1,1
0.0,1,1
0.0,1,1
0.0,1,1
6204.924,1,1
15368.334,0,0
23424.161,0,0
28958.827,0,0
33096.607,0,0
35508.552,0,0
37239.786,0,0
38108.323,0,0
38766.651,0,0
39085.955,0,0
39066.05,0,0
39046.13,0,0
39026.196,0,0
38975.973,0,0
38700.0,0,0
38500.0,0,0
38200.0,0,0
37900.0,0,0
37700.0,0,0
37500.0,0,0
37200.0,0,0
36900.0,0,0
36600.0,0,0
36200.0,0,0
35900.0,0,0
35600.0,0,0
35300.0,0,0
35000.0,0,0
34600.0,0,0
34200.0,0,0
33500.0,0,0
32800.0,0,0
32100.0,0,0
31600.0,0,0
31300.0,0,0
31000.0,0,0
30700.0,0,0
30300.0,0,0
30000.0,0,0
29600.0,0,0
29200.0,0,0
28900.0,0,0
28500.0,0,0
28200.0,0,0
27900.0,0,0
27700.0,0,0
27800.0,0,0
27800.0,0,0
27800.0,0,0
28000.0,0,0
28200.0,0,0
28500.0,0,0
28700.0,0,0
29200.0,0,0
29700.0,0,0
30300.0,0,0
30900.0,0,0
31300.0,0,0
31400.0,0,0
31600.0,0,0
31700.0,0,0
31374.947,0,0
30673.3,0,0
29851.986,0,0
29021.07,0,0
28623.85,0,0
28564.688,0,0
27671.156,0,0
25936.64,0,0
23136.964,1,1
19137.91,1,1
15633.191,1,1
12542.791,1,1
10561.966,1,1
9899.643,1,1
10310.824,1,1
12009.426,1,1
13092.799,1,1
13618.849,1,1
15448.677,1,1
18755.802,1,1
23168.204,1,1
26790.296,0,0
26960.614,0,0
24075.774,1,1
19960.094,1,1
16103.798,1,1
15888.377,1,1
19095.564,1,1
22396.74,1,1
24672.001,1,1
25407.589,0,1
22555.871,1,1
16833.034,1,1
12001.918,1,1
16101.901,1,1
26848.407,0,0
32665.795,0,0
34847.642,0,0
36427.84,0,0
37521.577,0,0
38300.0,0,0
38800.0,0,0
39400.0,0,0
40000.0,0,0
40200.0,0,0
40100.0,0,0
40000.0,0,0
39856.052,0,0
39566.357,0,0
39166.629,0,0
38866.829,0,0
38466.957,0,0
38146.844,0,0
38006.574,0,0
37866.348,0,0
37626.165,0,0
37326.066,0,0
36865.987,0,0
36405.864,0,0
35945.697,0,0
35535.525,0,0
35275.402,0,0
35015.308,0,0
34655.243,0,0
34175.162,0,0
33275.044,0,0
32374.927,0,0
31574.809,0,0
31104.814,0,0
31064.967,0,0
30925.154,0,0
30885.373,0,0
30595.388,0,0
30255.16,0,0
29814.91,0,0
29474.639,0,0
29144.403,0,0
28824.211,0,0
28504.009,0,0
28283.795,0,0
28144.124,1,1
28185.06,1,1
28200.0,1,1
28200.0,1,1
28200.0,1,1
28200.0,1,1
28300.0,0,0
28400.0,0,0
28500.0,0,0
28800.0,0,0
29000.0,0,0
29300.0,0,0
29600.0,0,0
29900.0,0,0
30200.0,0,0
30500.0,0,0
30594.13,0,0
30455.539,0,0
30406.02,0,0
30350.81,0,0
30441.982,0,0
30577.739,0,0
30543.45,0,0
30136.919,0,0
29263.459,0,0
27823.307,1,1
28105.2,1,1
30109.636,0,0
31604.331,0,0
32592.962,0,0
33371.933,0,0
33986.606,0,0
34858.109,0,0
36009.793,0,0
36300.932,0,0
35730.567,0,0
34879.249,0,0
33999.789,0,0
32284.457,0,0
29328.988,0,0
25395.866,1,1
20727.788,1,1
18276.898,1,1
18721.0,1,1
20909.435,1,1
24823.669,1,1
27740.585,1,1
29004.028,0,0
30878.215,0,0
32525.95,0,0
34560.981,0,0
36369.773,0,0
37450.859,0,0
38129.154,0,0
37704.787,0,0
37026.225,0,0
36136.663,0,0
35537.387,0,0
34937.949,0,0
34338.347,0,0
34360.491,0,0
34904.908,0,0
35545.156,0,0
35922.909,0,0
36153.091,0,0
36235.65,0,0
36318.487,0,0
36401.602,0,0
36197.069,0,0
35904.575,0,0
35511.94,0,0
35219.165,0,0
34153.569,0,0
32062.594,0,0
29462.675,0,0
26382.847,1,1
24439.254,1,1
24234.966,1,1
23930.676,1,1
23626.382,1,1
22200.704,1,1
19550.101,1,1
15671.917,1,1
11791.556,1,1
11652.378,1,1
15360.08,0,0
18243.544,0,0
20195.183,0,0
20399.539,0,0
18852.987,0,0
17304.605,0,0
15483.956,0,0
14050.622,0,0
13738.884,0,0
13527.128,0,0
13215.356,0,0
13753.362,0,0
14811.001,0,0
15430.806,0,0
16151.974,0,0
17079.141,0,0
18212.426,0,0
19347.244,0,0
20483.596,0,0
21574.494,0,0
22686.211,0,0
23799.282,0,0
25013.712,0,0
24980.403,0,0
23996.79,0,0
22911.114,0,0
21484.438,0,0
19582.306,0,0
16725.071,0,0
14703.132,0,0
14625.611,0,0
17227.248,0,0
21329.525,0,0
23324.577,0,0
20104.449,0,0
12314.413,0,0
5046.743,1,1
0.0,1,1
0.0,1,1
0.0,1,1
0.0,1,1
0.0,1,1
0.0,1,1
0.0,1,1
0.0,1,1
0.0,1,1
0.0,1,1
0.0,1,1
0.0,1,1
0.0,1,1
0.0,1,1
0.0,1,1
0.0,1,1
0.0,1,1
0.0,1,1
3012.019,1,1
5765.469,1,1
8159.419,1,1
10456.981,1,1
12805.483,0,0
15309.325,0,0
18832.049,0,0
23155.099,0,0
25981.201,0,0
27684.806,0,0
32223.03,0,0
37838.045,0,0
39116.911,0,0
37582.585,0,0
35652.21,0,0
33369.171,0,0
31698.051,0,0
30477.545,0,0
29256.116,0,0
28033.764,0,0
27523.244,0,0
27625.524,0,0
27728.168,0,0
27931.177,0,0
28236.116,0,0
28643.206,0,0
29150.957,0,0
29559.371,0,0
29830.165,0,0
29826.008,0,0
29922.12,0,0
30018.501,0,0
30389.767,0,0
31236.429,0,0
31984.045,0,0
32512.685,0,0
32103.868,0,0
30913.53,0,0
29822.928,0,0
28475.106,0,0
27973.493,0,0
28318.639,0,0
28606.977,0,0
28795.526,0,0
28159.729,0,0
26036.344,0,0
23825.887,0,0
21464.306,0,0
21161.032,0,0
22918.328,0,0
24527.06,0,0
26051.151,0,0
26673.498,0,0
27157.204,0,0
27541.266,0,0
28025.683,0,0
28122.322,0,0
27830.754,0,0
27538.973,0,0
27246.976,0,0
26957.691,0,0
26671.078,0,0
26484.196,0,0
26093.106,0,0
26140.218,0,0
26889.125,0,0
27379.897,0,0
27870.884,0,0
28388.973,0,0
28705.267,0,0
29109.453,0,0
29407.091,0,0
29822.075,0,0
30257.587,0,0
29227.137,0,0
26589.552,0,0
18312.736,0,0
2827.924,0,0
0.0,1,0
6480.079,0,0
10049.262,0,0
9215.111,0,0
6425.239,0,0
3634.347,0,0
5243.48,0,0
11126.755,0,0
14402.504,0,0
15065.694,0,0
11765.512,0,0
4520.458,0,0
0.0,1,1
0.0,1,1
0.0,1,1
0.0,1,1
0.0,1,1
0.0,1,1
0.0,1,1
0.0,1,1
0.0,1,1
0.0,1,1
0.0,1,1
0.0,1,1
0.0,1,1
0.0,1,1
0.0,1,1
0.0,1,1
0.0,1,1
0.0,1,1
0.0,1,1
0.0,1,1
0.0,1,1
0.0,1,1
0.0,1,1
0.0,0,0
0.0,0,0
0.0,0,0
0.0,0,0
0.0,0,0
0.0,0,0
0.0,0,0
0.0,0,0
0.0,0,0
0.0,0,0
6038.158,0,0
14715.192,0,0
21165.586,0,0
25572.132,0,0
29025.294,0,0
30320.088,0,0
30317.335,0,0
30414.799,0,0
30512.479,0,0
29435.61,0,0
27383.453,0,0
25329.699,0,0
22790.424,0,0
22082.597,0,0
23107.288,0,0
23922.947,0,0
24672.724,0,0
24846.818,0,0
24445.023,0,0
24143.227,0,0
23741.43,0,0
23063.863,0,0
22110.319,0,0
20890.01,0,0
19659.739,0,0
19663.753,0,0
21102.73,0,0
22056.25,0,0
23009.322,0,0
23234.216,0,0
22630.477,0,0
22026.517,0,0
21522.335,0,0
20474.242,0,0
18917.616,0,0
17260.309,0,0
15582.637,0,0
14574.721,0,0
15517.904,0,0
16497.665,0,0
17107.765,0,0
17959.847,0,0
18904.423,0,0
19927.483,0,0
20838.454,0,0
16963.039,0,0
7598.389,0,0
4.65,1,1
0.0,1,1
0.0,1,1
0.0,1,1
828.82,1,1
1274.4,1,1
2638.414,1,1
4021.558,1,1
6230.035,0,0
9266.568,0,0
13003.692,0,0
10663.515,0,0
12090.651,0,0
12606.177,0,0
9295.22,0,0
2369.987,1,1
1180.645,1,1
5617.656,0,0
11093.528,0,0
16718.828,0,0
20008.839,0,0
20965.337,0,0
20339.197,0,0
17734.387,0,0
13024.343,0,0
5814.144,0,0
0.0,1,1
0.0,1,1
0.0,1,1
2855.028,1,1
5127.187,0,0
6348.627,0,0
6899.347,0,0
7258.149,0,0
2892.583,1,1
0.0,1,1
0.0,1,1
0.0,1,1
0.0,1,1
0.0,1,1
0.0,1,1
0.0,1,1
0.0,1,1
2592.86,1,1
5958.885,0,0
9230.065,0,0
11836.833,0,0
13199.028,0,0
14557.965,0,0
15818.753,0,0
16442.534,0,0
16227.904,0,0
16013.252,0,0
15798.579,0,0
16238.979,0,0
17135.666,0,0
18033.951,0,0
18933.837,0,0
17579.611,0,0
14067.211,0,0
10450.993,0,0
6830.951,0,0
869.84,1,1
0.0,1,1
0.0,1,1
0.0,1,1
0.0,1,1
0.0,1,1
0.0,1,1
0.0,1,1
0.0,1,1
0.0,1,1
5203.49,1,1
10244.135,1,1
14681.753,1,1
16959.465,0,0
19241.397,0,0
21304.374,0,0
22190.441,0,0
22490.225,0,0
22690.565,0,0
22991.465,0,0
23239.583,0,0
23434.493,0,0
23629.393,0,0
23824.284,0,0
23580.461,0,0
22696.414,0,0
21809.483,0,0
20624.905,0,0
21764.633,0,0
24353.933,0,0
26800.764,0,0
28315.49,0,0
28645.002,0,0
27278.339,0,0
26343.701,0,0
25678.101,0,0
23983.484,0,0
20806.407,0,0
18030.87,0,0
15499.346,0,0
12870.179,1,1
10221.539,1,1
9737.914,1,1
11518.618,1,1
13666.295,1,1
16207.019,0,0
15637.775,0,0
11716.97,1,1
6844.113,1,1
994.745,1,1
1690.454,1,1
8930.071,1,1
15089.852,1,1
20157.199,0,0
22253.295,0,0
21522.464,0,0
21086.858,0,0
20827.541,0,0
22846.488,0,0
26906.277,0,0
29907.584,0,0
32034.88,0,0
33473.599,0,0
34031.257,0,0
34517.704,0,0
34967.09,0,0
36090.591,0,0
37595.948,0,0
38234.228,0,0
37420.677,0,0
36538.039,0,0
35655.024,0,0
34771.629,0,0
33829.061,0,0
32563.048,0,0
31396.443,0,0
31879.717,0,0
33818.457,0,0
35180.668,0,0
36004.19,0,0
36047.489,0,0
35906.441,0,0
35765.378,0,0
35624.299,0,0
35565.197,0,0
35488.132,0,0
35511.137,0,0
35534.209,0,0
35400.0,0,0
35100.0,0,0
34800.0,0,0
34600.0,0,0
34100.0,0,0
33400.0,0,0
32600.0,0,0
31900.0,0,0
31400.0,0,0
31200.0,0,0
31000.0,0,0
30800.0,0,0
30500.0,0,0
30100.0,0,0
29700.0,0,0
29300.0,0,0
28900.0,0,0
28600.0,0,0
28300.0,0,0
27975.219,0,0
27590.311,0,0
27443.805,0,0
26963.568,0,0
25787.755,0,0
25596.026,0,0
26188.165,0,0
26880.231,0,0
27472.224,0,0
27725.436,0,0
27540.016,0,0
27354.724,0,0
27119.639,0,0
26427.832,0,0
25612.521,0,0
24897.38,0,0
24082.409,0,0
23820.112,1,1
23871.307,1,1
23906.065,1,1
23931.939,1,1
19745.127,1,1
9912.293,1,1
7262.304,1,1
13541.565,1,1
17270.117,1,1
17637.741,1,1
17110.46,1,1
15764.513,1,1
14594.642,1,1
13841.089,1,1
13842.38,1,1
14690.215,1,1
16397.927,1,1
18494.658,1,1
19420.249,1,1
18542.291,1,1
15497.895,1,1
11374.002,1,1
12997.657,1,1
20264.521,1,1
24786.64,0,0
26764.757,0,0
27494.314,0,0
26980.273,0,0
26732.114,0,0
26500.471,0,0
27351.498,0,0
29176.571,0,0
31277.484,0,0
33441.424,0,0
34437.119,0,0
34311.025,0,0
34768.203,0,0
35602.911,0,0
36351.137,0,0
36973.538,0,0
37302.657,0,0
37601.452,0,0
37900.192,0,0
38198.876,0,0
37254.393,0,0
35368.959,0,0
32405.058,0,0
29040.479,0,0
27806.381,0,0
29457.945,0,0
30790.239,0,0
31945.963,0,0
32851.911,0,0
33707.773,0,0
34288.627,0,0
34766.317,0,0
34901.897,0,0
34795.196,0,0
34688.637,0,0
34582.22,0,0
33647.743,0,0
32084.576,0,0
30036.748,0,0
27665.899,0,0
27163.697,0,0
28432.046,0,0
29479.554,0,0
30143.561,0,0
30275.575,0,0
29974.898,0,0
29774.219,0,0
29473.54,0,0
29221.596,0,0
28818.482,0,0
28515.493,0,0
28212.629,0,0
28272.832,0,0
28239.261,0,0
28200.0,0,0
27900.0,0,0
27800.0,0,0
27800.0,0,0
27800.0,0,0
27800.0,0,0
27900.0,0,0
28200.0,0,0
28400.0,0,0
28700.0,0,0
29100.0,0,0
29700.0,0,0
30300.0,0,0
30800.0,0,0
31200.0,0,0
31300.0,0,0
31500.0,0,0
31600.0,0,0
30870.238,0,0
28937.828,0,0
26584.048,0,0
23742.331,0,0
20289.604,0,0
15796.308,0,0
11818.144,0,0
8382.336,0,0
4426.083,0,0
0.0,1,1
0.0,1,1
0.0,1,1
0.0,1,1
0.0,1,1
0.0,1,1
0.0,1,1
0.0,1,1
0.0,1,1
0.0,1,1
0.0,1,1
0.0,1,1
0.0,1,1
0.0,1,1
0.0,1,1
0.0,1,1
0.0,1,1
0.0,1,1
0.0,1,1
0.0,1,1
0.0,1,1
0.0,1,1
0.0,1,1
0.0,1,1
2086.346,0,0
6861.498,0,0
12896.036,0,0
16951.67,0,0
19667.072,0,0
26355.034,0,0
34797.989,0,0
38100.0,0,0
38600.0,0,0
39000.0,0,0
39500.0,0,0
39700.0,0,0
39600.0,0,0
39500.0,0,0
39500.0,0,0
39300.0,0,0
39100.0,0,0
38900.0,0,0
38775.671,0,0
38334.354,0,0
37972.657,0,0
37510.754,0,0
36972.548,0,0
36430.643,0,0
36319.794,0,0
36118.315,0,0
35778.771,0,0
35388.558,0,0
34947.572,0,0
34606.526,0,0
34065.041,0,0
33464.534,0,0
32805.298,0,0
31945.665,0,0
31086.085,0,0
30685.825,0,0
30544.822,0,0
30503.789,0,0
30261.922,0,0
29817.991,0,0
29225.13,0,0
28632.053,0,0
28038.759,0,0
27494.052,0,0
26997.985,0,0
26601.774,0,0
26205.418,0,0
25319.999,0,0
23475.619,0,0
21542.775,0,0
19355.39,0,0
17682.043,0,0
16842.97,0,0
16003.274,0,0
15162.955,0,0
14631.018,0,0
14507.695,0,0
14010.46,0,0
13448.106,0,0
13362.965,0,0
13655.457,0,0
13847.942,0,0
14140.42,0,0
13293.683,0,0
11052.229,0,0
8891.03,1,1
6721.428,1,1
7118.17,1,1
10142.393,0,0
12475.934,0,0
13920.315,0,0
14014.457,0,0
12649.407,0,0
13081.721,0,0
15912.246,0,0
18917.562,0,0
21216.056,0,0
22403.798,0,0
23296.709,0,0
22731.02,0,0
21564.269,0,0
22818.278,0,0
26396.986,0,0
29025.158,0,0
31002.15,0,0
31995.375,0,0
32107.462,0,0
32330.866,0,0
32765.759,0,0
32524.923,0,0
31707.674,0,0
30911.704,0,0
29807.891,0,0
28679.115,0,0
28114.075,0,0
26059.996,0,0
23056.927,0,0
21160.734,0,0
20530.341,0,0
21249.461,0,0
24621.919,0,0
26572.512,0,0
27646.48,0,0
27403.964,0,0
25653.821,0,0
22979.532,0,0
20157.184,0,0
16023.818,0,0
9434.002,0,0
1911.739,1,1
0.0,1,1
0.0,1,1
0.0,1,1
0.0,1,1
0.0,1,1
0.0,1,1
0.0,1,1
0.0,1,1
0.0,1,1
0.0,1,1
0.0,1,1
0.0,1,1
0.0,1,1
0.0,1,1
0.0,1,1
0.0,1,1
0.0,1,1
0.0,1,1
0.0,1,1
3476.958,1,1
8974.885,0,1
12513.942,1,1
15040.691,1,1
17519.502,1,1
18872.027,1,1
18983.85,1,1
17855.086,1,1
16726.475,1,1
15158.983,1,1
15798.123,1,1
17385.826,1,1
18953.384,1,1
20420.597,1,1
22384.932,1,1
24811.955,1,1
26608.743,0,0
28165.572,0,0
28526.731,0,0
28567.56,0,0
28608.38,0,0
28649.194,0,0
28728.822,0,0
28747.272,0,0
28865.721,0,0
28960.412,0,0
28822.764,0,0
28636.601,0,0
28450.527,0,0
28264.542,0,0
28418.937,0,0
28991.396,0,0
29500.311,0,0
30107.862,0,0
30543.09,0,0
30989.193,0,0
30916.658,0,0
30517.551,0,0
29180.813,0,0
27114.81,0,0
24915.325,1,1
22096.14,1,1
20404.685,1,1
19624.52,1,1
19928.901,1,1
21200.822,1,1
21671.093,1,1
21715.927,1,1
22573.084,1,1
24233.174,1,1
25053.026,0,0
25033.818,0,0
26187.388,0,0
28349.583,0,0
31394.576,0,0
34951.86,0,0
37164.812,0,0
37298.985,0,0
37957.865,0,0
39026.763,0,0
38579.341,0,0
36810.398,0,0
35036.999,0,0
32559.919,0,0
31611.434,0,0
32245.95,0,0
33337.903,0,0
34760.888,0,0
36481.682,0,0
38500.791,0,0
39620.542,0,0
39561.884,0,0
39503.199,0,0
39444.489,0,0
39234.414,0,0
38873.015,0,0
38611.646,0,0
38174.659,0,0
37393.567,0,0
37001.237,0,0
36508.941,0,0
36016.681,0,0
36105.448,0,0
36675.11,0,0
36912.002,0,0
36973.313,0,0
36904.369,0,0
36805.164,0,0
36800.0,0,0
36600.0,0,0
36400.0,0,0
36075.711,0,0
35654.884,0,0
35234.079,0,0
34553.565,0,0
33813.331,0,0
32973.105,0,0
32132.885,0,0
31662.434,0,0
31224.406,0,0
30644.087,0,0
29963.681,0,0
29523.445,0,0
29223.445,0,0
29023.445,0,0
28723.445,0,0
28283.288,0,0
27502.974,0,0
26822.66,1,1
26039.679,1,1
25689.744,1,1
26033.999,1,1
26221.937,1,1
26409.928,1,1
26890.286,0,0
27462.97,0,0
28135.654,0,0
28641.924,0,0
28862.761,0,0
29263.449,0,0
29564.155,0,0
29964.879,0,0
30245.473,0,0
30500.0,0,0
30800.0,0,0
31000.0,0,0
31207.375,0,0
31263.977,0,0
31258.827,0,0
31250.703,0,0
31224.151,0,0
31528.348,0,0
31229.115,0,0
30179.788,0,0
28891.146,0,0
27782.133,0,0
26663.81,1,1
25738.18,1,1
26099.07,1,1
27842.994,0,0
29898.56,0,0
32648.884,0,0
33942.815,0,0
34040.754,0,0
33772.924,0,0
33192.378,0,0
33073.869,0,0
33623.569,0,0
34296.371,0,0
35094.116,0,0
35125.567,0,0
34490.949,0,0
33598.386,0,0
32278.583,0,0
30353.205,0,0
27911.795,0,0
25160.74,1,1
22898.607,1,1
21206.995,1,1
21606.308,1,1
22072.898,1,1
22406.893,1,1
23470.535,1,1
25136.218,1,1
26411.672,1,1
27721.495,0,0
29333.911,0,0
31274.47,0,0
32723.9,0,0
34163.399,0,0
35006.743,0,0
35349.068,0,0
35535.756,0,0
35722.496,0,0
36000.656,0,0
36470.288,0,0
36840.042,0,0
37144.175,0,0
36984.251,0,0
36824.009,0,0
36526.867,0,0
36139.562,0,0
35269.191,0,0
34015.649,0,0
32552.498,0,0
30709.657,0,0
29165.176,0,0
27763.51,0,0
26133.636,1,1
24503.501,1,1
23292.005,1,1
22699.397,1,1
22106.862,1,1
21414.402,1,1
21628.426,0,0
22549.017,0,0
23460.93,0,0
24107.629,0,0
24953.448,0,0
25998.468,0,0
26931.8,0,0
27394.772,0,0
27626.317,0,0
27326.317,0,0
27126.317,0,0
26926.317,0,0
27445.684,0,0
28263.515,0,0
28465.137,0,0
28600.0,0,0
28600.0,0,0
28600.0,0,0
28600.0,0,0
28700.0,0,0
28800.0,0,0
28965.681,0,0
28984.616,0,0
29003.517,0,0
29203.499,0,0
29684.586,0,0
30065.673,0,0
30300.0,0,0
29711.276,0,0
27861.228,0,0
26156.08,0,0
25402.642,0,0
24736.358,0,0
23867.829,0,0
23393.905,0,0
23159.58,0,0
22770.002,0,0
22113.196,0,0
22158.445,0,0
23065.5,0,0
23730.516,0,0
24269.98,0,0
23667.225,0,0
21535.094,0,0
19615.434,0,0
17216.971,0,0
14566.18,1,1
11061.604,1,1
7280.137,1,1
3282.342,1,1
5461.001,1,1
13512.416,1,1
19812.505,0,0
24260.363,0,0
27374.819,0,0
28664.445,0,0
30244.017,0,0
30745.921,0,0
29639.098,0,0
28252.186,0,0
26268.949,0,0
23543.946,0,0
18780.201,0,0
13981.031,1,1
13106.259,1,1
16160.99,0,0
19750.528,0,0
23762.853,0,0
24943.413,0,0
24337.829,0,0
23466.98,0,0
22633.522,0,0
22432.834,0,0
23065.016,0,0
23534.706,0,0
23839.168,0,0
23232.206,0,0
20792.131,0,0
18289.023,0,0
15785.519,0,0
13932.132,1,1
12829.012,1,1
11625.693,1,1
10244.641,1,1
8704.705,1,1
7064.491,1,1
5423.999,1,1
3783.23,1,1
1016.725,1,1
0.0,1,1
0.0,1,1
0.0,1,1
0.0,1,1
0.0,1,1
0.0,1,1
0.0,1,1
0.0,1,1
0.0,1,1
0.0,1,1
0.0,1,1
0.0,1,1
0.0,1,1
0.0,1,1
3159.049,0,0
9252.702,0,0
12732.016,0,0
15491.118,0,0
17226.025,0,0
18448.051,0,0
19056.89,0,0
19566.06,0,0
20175.561,0,0
19561.806,0,0
17624.046,0,0
15785.619,0,0
13927.042,0,0
13101.595,0,0
14547.683,0,0
15562.022,0,0
16576.657,0,0
16467.468,0,0
15333.647,0,0
13088.091,0,0
10695.436,0,0
9655.707,0,0
10004.874,0,0
10326.852,0,0
10634.195,0,0
10552.834,0,0
10291.212,0,0
9977.341,0,0
9710.978,0,0
9963.214,0,0
10698.945,0,0
8228.357,0,0
2301.206,0,0
0.0,1,1
0.0,1,1
0.0,1,1
0.0,1,1
0.0,1,1
0.0,1,1
0.0,1,1
0.0,1,1
0.0,1,1
0.0,1,1
0.0,1,1
0.0,1,1
0.0,1,1
0.0,1,1
0.0,1,1
0.0,1,1
0.0,1,1
0.0,0,0
1970.864,0,0
2562.795,0,0
1473.105,0,0
408.138,0,0
3414.441,0,0
9625.395,0,0
14429.861,0,0
18256.403,0,0
21234.15,0,0
23363.848,0,0
23332.412,0,0
21119.046,0,0
18742.403,0,0
16464.212,0,0
15451.806,0,0
15606.538,0,0
15861.522,0,0
16116.759,0,0
14640.495,0,0
11530.984,0,0
7353.513,0,0
3089.421,0,0
1864.078,0,0
3680.738,0,0
5598.839,0,0
7418.382,0,0
9085.536,0,0
10243.745,0,0
11326.869,0,0
12310.767,0,0
11474.594,0,0
8540.218,0,0
4769.834,0,0
996.891,0,0
0.0,0,0
1346.844,0,0
2773.583,0,0
4201.777,0,0
5830.297,1,1
7184.932,1,1
8436.565,1,1
9689.503,1,1
10560.803,0,0
11250.22,0,0
11840.617,0,0
12431.996,0,0
13674.179,0,0
14849.585,0,0
15760.947,0,0
16773.402,0,0
18191.537,0,0
19952.986,0,0
21287.762,0,0
22723.744,0,0
23963.301,0,0
24741.192,0,0
25417.492,0,0
26094.222,0,0
26536.672,0,0
26844.386,0,0
27251.927,0,0
27559.292,0,0
28001.803,0,0
28679.915,0,0
29258.462,0,0
29937.443,0,0
29316.647,0,0
27297.355,0,0
25398.188,0,0
23468.432,0,0
21781.184,0,0
20609.799,0,0
18515.542,0,0
15075.981,0,0
12551.36,0,0
10730.339,0,0
8765.44,1,1
6823.601,1,1
6351.513,1,1
7595.601,1,1
7499.612,1,1
5992.262,1,1
3326.591,1,1
0.0,1,1
3881.074,1,1
16320.396,0,0
24827.712,0,0
29250.856,0,0
29195.349,0,0
24828.562,0,0
19388.107,0,0
13024.575,0,0
10544.954,0,0
12569.729,0,0
14936.079,0,0
17646.732,0,0
17280.922,0,0
14074.812,0,0
10072.828,1,1
5286.821,1,1
2814.466,1,1
2795.319,1,1
2413.919,1,1
1451.594,1,1
1522.853,1,1
2383.908,1,1
3692.971,1,1
6113.935,1,1
8636.346,1,1
11160.205,0,0
15128.479,0,0
19757.941,0,0
24391.641,0,0
26928.081,0,0
29247.06,0,0
31061.593,0,0
32532.708,0,0
34020.919,0,0
34146.536,0,0
33760.498,0,0
33274.202,0,0
32633.01,0,0
32331.27,0,0
32469.575,0,0
32353.428,0,0
32237.536,0,0
32507.659,0,0
33064.067,0,0
33606.713,0,0
33586.311,0,0
33206.067,0,0
32665.923,0,0
32025.833,0,0
31485.797,0,0
31065.722,0,0
30765.499,0,0
30465.185,0,0
30164.781,0,0
29744.2,0,0
28839.418,0,0
27668.17,0,0
26596.191,0,0
25815.309,0,0
25125.836,0,0
24536.047,0,0
23789.566,0,0
22688.534,0,0
21337.117,0,0
20084.469,0,0
18399.394,0,0
16955.673,0,0
16017.833,0,0
15078.637,0,0
13869.207,0,0
13145.36,0,0
13736.662,0,0
14327.954,0,0
14919.237,0,0
15210.511,0,0
15301.775,0,0
15393.029,0,0
15384.274,0,0
13583.698,0,0
8794.248,0,0
2644.57,0,0
0.0,1,1
0.0,1,1
0.0,1,1
0.0,1,1
0.0,1,1
0.0,1,1
0.0,1,1
0.0,1,1
0.0,1,1
0.0,1,1
0.0,1,1
0.0,1,1
0.0,1,1
0.0,1,1
0.0,1,1
0.0,1,1
0.0,1,1
0.0,1,1
0.0,1,1
0.0,1,1
0.0,1,1
0.0,1,1
0.0,1,1
0.0,1,1
0.0,0,0
0.0,0,0
0.0,0,0
0.0,0,0
0.0,0,0
0.0,0,0
0.0,0,0
0.0,0,0
0.0,0,0
0.0,0,0
0.0,0,0
0.0,0,0
0.0,0,0
0.0,0,0
0.0,0,0
1549.592,0,0
5527.743,0,0
8210.262,0,0
9594.843,0,0
10981.26,0,0
12469.514,0,0
13005.216,0,0
12886.964,0,0
12668.686,0,0
12450.382,0,0
10469.394,0,0
6721.97,0,0
2869.508,0,0
0.0,0,0
0.0,0,0
0.0,0,0
1225.5,0,0
2827.52,0,0
1645.953,0,0
0.0,0,0
0.0,0,0
0.0,0,0
0.0,0,0
0.0,0,0
0.0,0,0
0.0,0,0
0.0,1,1
0.0,1,1
0.0,1,1
0.0,1,1
0.0,1,1
0.0,1,1
0.0,1,1
0.0,1,1
0.0,1,1
0.0,1,1
0.0,1,1
0.0,1,1
0.0,1,1
0.0,1,1
0.0,1,1
3382.821,0,0
6397.91,0,0
6382.254,0,0
6466.575,0,0
6450.873,0,0
6720.886,0,0
7276.971,0,0
7933.509,0,0
8490.501,0,0
13678.585,0,0
19797.789,0,0
24406.83,0,0
27721.995,0,0
28449.712,0,0
26811.85,0,0
24871.155,0,0
22655.667,0,0
21131.35,0,0
20232.526,0,0
18885.928,0,0
16521.019,0,0
13667.007,0,0
10383.305,0,0
7790.297,0,0
6073.194,0,0
3274.871,0,0
0.0,1,1
0.0,1,1
2076.783,0,0
5843.963,0,0
10293.211,0,0
9954.375,0,0
4951.725,0,0
803.312,0,0
0.0,1,1
0.0,1,1
0.0,1,1
0.0,1,1
0.0,1,1
0.0,1,1
0.0,1,1
0.0,0,0
0.0,0,0
0.0,0,0
789.857,0,0
5953.125,0,0
10508.634,0,0
14014.932,0,0
17028.657,0,0
18684.363,0,0
19532.165,0,0
25557.865,0,0
34142.655,0,0
36647.968,0,0
35332.903,0,0
33990.813,0,0
32048.457,0,0
30058.27,0,0
27206.449,0,0
24217.929,0,0
19679.476,0,0
19106.886,0,0
22991.917,0,0
25172.846,0,0
27257.15,0,0
27948.358,0,0
27243.211,0,0
26437.098,0,0
25730.014,0,0
26123.15,0,0
27758.681,0,0
28972.942,0,0
30189.076,0,0
30646.222,0,0
30342.965,0,0
30039.704,0,0
29736.437,0,0
29133.347,0,0
28330.435,0,0
27527.518,0,0
26724.597,0,0
26026.242,0,0
25231.816,0,0
24536.536,0,0
23840.399,0,0
24228.276,0,0
25702.964,0,0
26770.422,0,0
27611.504,0,0
28276.331,0,0
28315.919,0,0
28355.854,0,0
28200.0,0,0
28100.0,0,0
28000.0,0,0
27965.76,0,0
27725.146,0,0
27684.821,0,0
27745.005,0,0
27805.277,0,0
27965.636,0,0
28065.611,0,0
28205.069,0,0
28244.44,0,0
28383.721,0,0
28603.771,0,0
29004.779,0,0
29300.0,0,0
29600.0,0,0
28786.375,0,0
26498.669,0,0
23457.651,0,0
19914.033,0,0
16992.293,1,1
15232.918,1,1
14587.305,1,1
15551.784,1,1
16771.387,1,1
18296.008,0,0
18769.432,0,0
17832.768,0,0
17718.841,1,1
17804.156,1,1
17328.219,1,1
14023.152,1,1
8587.794,1,1
4318.412,1,1
3144.979,1,1
4884.422,1,1
5800.065,1,1
5757.241,1,1
5694.191,1,1
5739.929,1,1
4874.029,1,1
3221.562,1,1
4669.255,1,1
8969.415,1,1
11716.306,1,1
12933.022,1,1
17191.946,1,1
23983.504,0,0
28484.403,0,0
30771.278,0,0
32114.321,0,0
32325.149,0,0
32861.633,0,0
33423.178,0,0
34599.107,0,0
36263.141,0,0
37000.0,0,0
36900.0,0,0
36700.0,0,0
36600.0,0,0
36400.0,0,0
36200.0,0,0
36000.0,0,0
35800.0,0,0
35600.0,0,0
35400.0,0,0
35200.0,0,0
35000.0,0,0
34800.0,0,0
34700.0,0,0
34600.0,0,0
34600.0,0,0
34400.0,0,0
34300.0,0,0
34100.0,0,0
33900.0,0,0
33800.0,0,0
33600.0,0,0
33500.0,0,0
33300.0,0,0
32800.0,0,0
32000.0,0,0
31100.0,0,0
30300.0,0,0
29800.0,0,0
29800.0,0,0
29800.0,0,0
29800.0,0,0
29600.0,0,0
29300.0,0,0
29000.0,0,0
28700.0,0,0
28400.0,0,0
28200.0,0,0
28000.0,0,0
27800.0,0,0
27600.0,0,0
27600.0,0,0
27500.0,0,0
27400.0,0,0
27400.0,0,0
27400.0,0,0
27400.0,0,0
27400.0,0,0
27500.0,0,0
27700.0,0,0
28000.0,0,0
28200.0,0,0
28500.0,0,0
28600.0,0,0
28800.0,0,0
28900.0,0,0
28830.03,0,0
28345.453,0,0
27843.33,0,0
27332.441,0,0
27960.841,0,0
29817.975,0,0
29723.483,0,0
27634.375,0,0
25773.846,0,0
24169.147,0,0
23140.961,0,0
22690.602,1,1
21833.974,1,1
20557.807,1,1
19647.358,1,1
19304.418,1,1
18755.864,1,1
18016.19,1,1
18420.303,1,1
20062.929,1,1
21430.574,1,1
22721.616,1,1
22775.79,1,1
21608.403,1,1
20778.488,1,1
20361.484,1,1
19177.775,1,1
17325.017,1,1
15293.07,1,1
13192.018,1,1
13333.957,1,1
15624.168,1,1
17201.626,1,1
18182.815,1,1
20413.446,1,1
23644.459,0,0
26051.456,0,0
27779.155,0,0
30886.644,0,0
34698.045,0,0
36300.0,0,0
36200.0,0,0
36100.0,0,0
36000.0,0,0
35900.0,0,0
35800.0,0,0
35600.0,0,0
35500.0,0,0
35300.0,0,0
35000.0,0,0
34800.0,0,0
34600.0,0,0
34400.0,0,0
34300.0,0,0
34100.0,0,0
34000.0,0,0
33885.765,0,0
33765.587,0,0
33645.391,0,0
33425.177,0,0
33244.354,0,0
32902.861,0,0
32561.264,0,0
32219.563,0,0
31699.096,0,0
31100.009,0,0
30401.015,0,0
29802.113,0,0
29402.004,0,0
29200.577,0,0
28999.094,0,0
28797.555,0,0
28648.104,0,0
28450.866,0,0
28353.739,0,0
28200.0,0,0
27900.0,0,0
27800.0,0,0
27700.0,0,0
27600.0,0,0
27500.0,0,0
27400.0,0,0
27300.0,0,0
27200.0,0,0
27100.0,0,0
27100.0,0,0
27100.0,0,0
27100.0,0,0
27200.0,0,0
27500.0,0,0
27800.0,0,0
28000.0,0,0
28300.0,0,0
28314.107,0,0
28350.643,0,0
28387.058,0,0
27805.078,0,0
26621.832,0,0
26636.42,0,0
27867.544,0,0
29063.138,0,0
30036.367,0,0
30617.702,0,0
29960.419,0,0
28897.863,0,0
28827.849,0,0
27229.202,0,0
24075.681,1,1
20315.126,1,1
15915.585,1,1
13425.282,1,1
12862.627,1,1
11803.569,1,1
10162.816,1,1
8624.548,1,1
6956.927,1,1
4513.061,1,1
1183.283,1,1
1022.918,1,1
3835.302,1,1
5194.193,1,1
5222.102,1,1
7184.314,1,1
11162.804,1,1
14812.87,1,1
18290.957,1,1
20198.788,1,1
20788.56,1,1
21679.207,1,1
22925.739,1,1
24752.723,1,1
27228.069,0,0
29529.971,0,0
31127.78,0,0
32881.962,0,0
34997.271,0,0
35995.887,0,0
35795.887,0,0
35595.886,0,0
35295.886,0,0
35165.933,0,0
35106.028,0,0
35046.123,0,0
34986.218,0,0
34816.163,0,0
34635.972,0,0
34400.0,0,0
34000.0,0,0
33900.0,0,0
33800.0,0,0
33800.0,0,0
33700.0,0,0
33600.0,0,0
33400.0,0,0
33200.0,0,0
33100.0,0,0
32900.0,0,0
32800.0,0,0
32600.0,0,0
32500.0,0,0
32100.0,0,0
31400.0,0,0
30700.0,0,0
30100.0,0,0
29700.0,0,0
29600.0,0,0
29600.0,0,0
29500.0,0,0
29300.0,0,0
29000.0,0,0
28800.0,0,0
28500.0,0,0
28200.0,0,0
28000.0,0,0
27546.068,0,0
27126.337,0,0
26796.519,0,0
26656.618,0,0
26516.725,0,0
26378.268,0,0
26476.709,0,0
26816.329,0,0
27155.949,0,0
27200.0,0,0
27400.0,0,0
27600.0,0,0
27800.0,0,0
27900.0,0,0
28200.0,0,0
28400.0,0,0
28600.0,0,0
28900.0,0,0
28611.364,0,0
27872.623,0,0
27110.579,0,0
26237.47,0,0
26207.897,0,0
26926.819,0,0
26656.24,0,0
25387.38,0,0
24089.258,0,0
22858.094,0,0
22118.228,1,1
21881.681,1,1
21336.803,1,1
20385.107,1,1
20225.421,1,1
20764.591,1,1
21271.618,1,1
21887.948,1,1
22166.504,0,1
22104.281,1,1
21296.845,1,1
19746.241,1,1
18731.695,1,1
17777.695,1,1
17814.925,1,1
18643.731,1,1
20008.499,1,1
21680.672,1,1
22225.401,0,1
21856.901,1,1
21634.499,1,1
21769.523,1,1
22726.701,0,0
24604.542,0,0
26014.85,0,0
26962.701,0,0
27741.789,0,0
28447.914,0,0
29738.369,0,0
31829.929,0,0
32258.181,0,0
30485.645,0,0
28628.642,0,0
26527.962,0,0
24624.556,0,0
23220.97,0,0
21916.741,1,1
20249.944,1,1
20046.113,1,1
21306.42,1,1
22305.371,0,0
23404.963,0,0
23803.677,0,0
23701.031,0,0
23598.384,0,0
23495.736,0,0
23894.469,0,0
24695.12,0,0
25489.452,0,0
26021.784,0,0
26949.006,0,0
28071.258,0,0
29184.077,0,0
29832.826,0,0
29626.617,0,0
28464.844,0,0
27101.743,0,0
25569.475,0,0
24652.194,0,0
24450.314,0,0
24248.433,0,0
24046.551,0,0
23228.128,0,0
21792.609,0,0
20355.53,0,0
18639.031,0,0
17831.651,0,0
18234.478,0,0
18637.738,0,0
19041.432,0,0
18028.176,0,0
15596.333,0,0
13062.74,0,0
8888.887,0,0
5501.683,0,0
3228.294,0,0
240.1,0,0
0.0,1,1
0.0,1,1
0.0,1,1
0.0,1,1
0.0,1,1
0.0,1,1
0.0,1,1
0.0,1,1
0.0,1,1
0.0,1,1
0.0,1,1
0.0,1,1
0.0,1,1
0.0,1,1
0.0,1,1
0.0,1,1
0.0,1,1
0.0,1,1
0.0,1,1
0.0,1,1
0.0,1,1
0.0,1,1
0.0,1,1
0.0,1,1
0.0,0,0
0.0,0,0
0.0,0,0
0.0,0,0
0.0,0,0
0.0,0,0
0.0,0,0
0.0,0,0
0.0,0,0
0.0,0,0
0.0,0,0
0.0,0,0
0.0,0,0
0.0,0,0
0.0,0,0
0.0,0,0
0.0,0,0
0.0,0,0
0.0,0,0
0.0,0,0
0.0,0,0
0.0,0,0
0.0,0,0
0.0,0,0
0.0,0,0
0.0,0,0
0.0,0,0
0.0,0,0
0.0,0,0
0.0,0,0
0.0,0,0
0.0,0,0
0.0,0,0
0.0,0,0
0.0,0,0
0.0,0,0
0.0,0,0
0.0,0,0
0.0,0,0
0.0,0,0
0.0,0,0
0.0,0,0
0.0,0,0
0.0,0,0
0.0,0,0
0.0,0,0
0.0,0,0
0.0,0,0
0.0,0,0
0.0,0,0
0.0,0,0
0.0,0,0
0.0,0,0
0.0,1,1
0.0,1,1
0.0,1,1
0.0,1,1
0.0,1,1
0.0,1,1
0.0,1,1
0.0,1,1
0.0,1,1
0.0,1,1
0.0,1,1
0.0,1,1
0.0,1,1
0.0,1,1
0.0,1,1
0.0,1,1
0.0,1,1
0.0,1,1
0.0,1,1
0.0,1,1
0.0,1,1
0.0,1,1
0.0,1,1
0.0,1,1
0.0,0,0
0.0,0,0
0.0,0,0
0.0,0,0
0.0,0,0
0.0,0,0
0.0,0,0
0.0,0,0
0.0,0,0
0.0,0,0
0.0,0,0
0.0,0,0
0.0,0,0
0.0,0,0
0.0,0,0
0.0,0,0
0.0,0,0
0.0,0,0
0.0,0,0
0.0,0,0
0.0,0,0
0.0,0,0
0.0,0,0
0.0,0,0
0.0,0,0
0.0,0,0
0.0,0,0
0.0,0,0
0.0,0,0
0.0,0,0
0.0,0,0
0.0,0,0
0.0,0,0
228.354,0,0
3073.243,0,0
4416.806,0,0
7057.383,0,0
10789.26,0,0
14478.858,0,0
18085.023,0,0
21306.569,0,0
24466.547,0,0
27145.458,0,0
29448.508,0,0
31239.633,0,0
32450.504,0,0
33513.321,0,0
34676.377,0,0
35018.234,0,0
34538.562,0,0
33958.685,0,0
33478.603,0,0
32523.807,0,0
30282.273,0,0
28008.432,0,0
25207.828,0,0
24094.032,0,0
24803.579,0,0
25613.672,0,0
26424.31,0,0
27586.189,0,0
29361.016,0,0
30786.265,0,0
31717.914,0,0
31945.869,0,0
31269.578,0,0
30593.03,0,0
29816.223,0,0
29315.551,0,0
28791.4,0,0
28267.506,0,0
27843.87,0,0
27439.096,0,0
27052.99,0,0
26766.883,0,0
26480.777,0,0
25708.564,0,0
24450.245,0,0
22923.467,0,0
21185.389,0,0
20464.739,0,0
20561.558,0,0
20758.43,0,0
20855.357,0,0
20234.559,0,0
18895.997,1,1
17183.734,1,1
15253.991,1,1
15050.686,1,1
16473.819,1,1
17896.953,1,1
18993.455,1,1
20134.559,1,1
21375.662,0,0
22516.766,0,0
23539.877,0,0
24169.192,0,0
24659.998,0,0
25050.805,0,0
25541.611,0,0
25407.808,0,0
24749.511,0,0
23558.39,0,0
22393.514,0,0
20912.345,0,0
18905.328,1,1
17904.065,1,1
17948.831,1,1
18210.026,1,1
18587.094,1,1
17828.944,1,1
15924.4,1,1
13069.826,1,1
9186.404,1,1
8554.359,1,1
11396.514,1,1
12561.399,1,1
12066.5,1,1
14756.841,1,1
20723.144,0,0
26476.553,0,0
31979.297,0,0
33159.952,0,0
30322.925,0,0
27755.208,0,0
25288.102,0,0
24674.593,0,0
25719.216,0,0
26112.296,0,0
26199.33,0,0
26936.059,0,0
28515.655,0,0
30350.414,0,0
32253.298,0,0
32969.789,0,0
32758.492,0,0
32687.575,0,0
32858.771,0,0
33271.847,0,0
34111.387,0,0
34229.778,0,0
33737.341,0,0
32409.274,0,0
31080.769,0,0
30501.247,0,0
30874.123,0,0
31246.182,0,0
31518.411,0,0
31648.972,0,0
31637.789,0,0
31626.675,0,0
31615.628,0,0
31557.336,0,0
31551.773,0,0
31546.245,0,0
31540.75,0,0
31440.596,0,0
31145.731,0,0
30950.833,0,0
30655.9,0,0
29887.128,0,0
28744.259,0,0
27293.732,0,0
25567.127,0,0
23439.938,0,0
20631.546,0,0
17606.184,1,1
14580.022,1,1
10198.157,1,1
6069.362,1,1
1716.517,1,1
0.0,1,1
0.0,1,1
0.0,1,1
0.0,1,1
0.0,1,1
0.0,1,1
2394.481,1,1
6589.062,1,1
10786.814,1,1
11821.844,1,1
10025.059,1,1
8182.182,1,1
6237.975,1,1
7518.888,1,1
11800.503,1,1
14238.099,0,0
16677.017,0,0
18882.418,0,0
21016.614,0,0
22933.783,0,0
24375.835,0,0
25005.656,0,0
24822.361,0,0
24638.789,0,0
24454.939,0,0
23486.188,0,0
21209.297,0,0
19519.888,0,0
19592.176,0,0
20655.571,0,0
22086.158,0,0
22471.033,0,0
21896.311,0,0
22202.131,0,0
23288.833,0,0
23420.171,0,0
22590.408,0,0
22139.038,0,0
22176.907,0,0
20892.4,0,0
18671.178,0,0
11108.317,1,1
0.0,1,1
0.0,1,1
6893.559,1,1
16574.728,0,0
20069.29,0,0
20490.061,0,0
18661.376,0,0
16082.551,0,0
12781.44,1,1
12661.12,1,1
15637.47,0,0
18108.499,0,0
20188.869,0,0
21263.835,0,0
21499.054,0,0
21564.27,0,0
21574.854,0,0
23318.619,0,0
26550.683,0,0
29109.448,0,0
31146.924,0,0
32450.565,0,0
33233.165,0,0
33600.0,0,0
33500.0,0,0
33400.0,0,0
33256.518,0,0
33187.506,0,0
33028.316,0,0
32869.093,0,0
32709.839,0,0
32342.006,0,0
31221.412,0,0
29602.163,0,0
27697.147,0,0
27302.335,0,0
28534.8,0,0
29477.11,0,0
30419.756,0,0
30413.796,0,0
29458.673,0,0
28503.145,0,0
27525.469,0,0
26294.091,0,0
25409.406,0,0
24424.246,0,0
23538.611,0,0
23258.046,0,0
23783.263,0,0
24208.954,0,0
24571.884,0,0
23934.845,0,0
21900.473,0,0
19834.275,0,0
17043.905,0,0
15732.277,0,0
15734.715,0,0
15837.226,0,0
15839.808,0,0
15538.442,0,0
14932.963,0,0
14327.339,0,0
13721.569,1,0
14831.604,0,0
17523.221,0,0
19691.024,0,0
21728.049,0,0
22154.306,0,0
21580.044,0,0
20845.392,0,0
20105.946,0,0
20353.335,0,0
21587.795,0,0
22552.719,0,0
23516.409,0,0
24190.418,0,0
24574.734,0,0
25059.153,0,0
25543.673,0,0
25452.842,0,0
24736.409,0,0
24000.244,0,0
23254.309,0,0
23668.289,0,0
25217.377,0,0
24033.471,0,0
20056.808,0,0
15490.738,0,0
10476.096,1,1
6612.754,1,1
4090.811,1,1
3844.784,1,1
6122.512,1,1
7615.118,1,1
8044.757,1,1
9084.345,1,1
10650.077,1,1
11696.76,1,1
11984.789,1,1
12664.909,1,1
13540.225,1,1
13302.321,1,1
11773.95,1,1
10030.165,1,1
8256.835,1,1
7656.21,1,1
8002.312,1,1
7325.248,1,1
5645.667,1,1
7824.65,1,1
13262.668,1,1
17778.929,0,0
21405.671,0,0
24358.005,0,0
26814.744,0,0
29121.294,0,0
31337.635,0,0
32693.961,0,0
33139.173,0,0
33300.0,0,0
33118.297,0,0
32862.813,0,0
32607.219,0,0
32400.108,0,0
32141.524,0,0
31850.115,0,0
31371.09,0,0
30713.072,0,0
29675.803,0,0
28637.944,0,0
27188.059,0,0
26478.448,0,0
26666.546,0,0
26854.899,0,0
27043.505,0,0
27923.112,0,0
28934.413,0,0
30046.571,0,0
30334.064,0,0
30251.34,0,0
30131.651,0,0
29911.945,0,0
29792.221,0,0
29321.504,0,0
28599.85,0,0
27978.25,0,0
27256.707,0,0
26727.237,0,0
26489.69,0,0
26351.996,0,0
26114.156,0,0
25992.599,0,0
26087.671,0,0
26000.0,0,0
25800.0,0,0
25600.0,0,0
25400.0,0,0
24888.677,0,0
24352.828,0,0
23702.981,0,0
23979.693,0,0
23981.503,0,0
23960.37,0,0
23919.542,0,0
24058.978,0,0
24098.455,0,0
24137.976,0,0
24238.575,0,0
24176.882,0,0
23338.799,0,0
22499.489,0,0
22223.352,0,0
22611.462,0,0
22999.775,0,0
23388.291,0,0
22967.344,0,0
21799.082,0,0
20301.127,0,0
18600.389,0,0
14865.235,0,0
8366.997,1,1
3760.076,1,1
2229.535,1,1
0.0,1,1
0.0,1,1
0.0,1,1
11077.795,0,0
20614.789,0,0
23248.078,0,0
22801.951,0,0
19466.618,0,0
15148.95,0,0
9961.234,0,0
6701.069,1,1
5407.95,1,1
6757.121,1,1
10601.162,0,0
10456.981,0,0
6254.036,1,1
2740.059,1,1
0.0,1,1
0.0,1,1
0.0,1,1
0.0,1,1
0.0,1,1
0.0,1,1
0.0,1,1
0.0,1,1
0.0,1,1
0.0,1,1
4116.487,1,1
10007.554,0,0
13577.977,0,0
18736.245,0,0
24843.028,0,0
26505.299,0,0
24949.203,0,0
22990.526,0,0
20996.947,0,0
18900.936,0,0
16018.643,0,0
12569.512,0,0
9116.93,1,1
8904.044,1,1
11836.451,0,0
14872.871,0,0
17448.049,0,0
18538.854,0,0
19031.277,0,0
19524.438,0,0
20018.338,0,0
19712.128,0,0
18604.448,0,0
17495.69,0,0
16385.852,0,0
16278.075,0,0
17274.1,0,0
18171.37,0,0
19169.888,0,0
19469.453,0,0
19269.77,0,0
19070.948,0,0
18784.413,0,0
19508.365,0,0
21571.854,0,0
22976.853,0,0
24302.682,0,0
24728.713,0,0
24507.48,0,0
24286.439,0,0
24100.0,0,0
23800.0,0,0
23700.0,0,0
23600.0,0,0
23500.0,0,0
23400.0,0,0
23400.0,0,0
23086.065,0,0
22343.25,0,0
21435.773,0,0
21334.707,0,0
21333.64,0,0
21232.572,0,0
21235.831,0,0
21343.262,0,0
21350.484,0,0
21357.495,0,0
21460.176,0,0
21658.683,0,0
21857.188,0,0
22055.692,0,0
20156.36,0,0
14553.777,0,0
7839.555,0,0
0.0,1,1
0.0,1,1
0.0,1,1
0.0,1,1
0.0,1,1
0.0,1,1
0.0,1,1
0.0,1,1
0.0,1,1
0.0,1,1
0.0,1,1
0.0,1,1
0.0,1,1
0.0,1,1
0.0,1,1
0.0,1,1
0.0,1,1
0.0,1,1
0.0,1,1
0.0,1,1
0.0,1,1
0.0,1,1
0.0,1,1
0.0,1,1
0.0,0,0
0.0,0,0
0.0,0,0
0.0,0,0
0.0,0,0
0.0,0,0
0.0,0,0
0.0,0,0
0.0,0,0
0.0,0,0
0.0,0,0
0.0,0,0
9389.472,0,0
18009.038,0,0
20883.792,0,0
23489.191,0,0
25669.501,0,0
26076.897,0,0
24708.422,0,0
23238.704,0,0
21867.743,0,0
20744.885,0,0
20140.15,0,0
19534.912,0,0
18929.169,0,0
20023.835,0,0
22258.307,0,0
24306.501,0,0
25905.635,0,0
26745.494,0,0
27209.728,0,0
27623.101,0,0
27641.372,0,0
27639.98,0,0
27618.903,0,0
27597.925,0,0
27577.046,0,0
27400.0,0,0
26900.0,0,0
26300.0,0,0
25800.0,0,0
25400.0,0,0
25200.0,0,0
25000.0,0,0
24800.0,0,0
24600.0,0,0
24300.0,0,0
24000.0,0,0
23800.0,0,0
23500.0,0,0
23400.0,0,0
23200.0,0,0
23000.0,0,0
22900.0,0,0
22900.0,0,0
22900.0,0,0
22900.0,0,0
22900.0,0,0
23000.0,0,0
23100.0,0,0
23100.0,0,0
23400.0,0,0
23800.0,0,0
24200.0,0,0
24600.0,0,0
24800.0,0,0
24900.0,0,0
24900.0,0,0
24900.0,0,0
24059.187,0,0
22148.673,0,0
20022.649,0,0
17607.756,0,0
13904.853,0,0
8223.708,1,1
4486.33,1,1
3679.755,1,1
1715.626,1,1
0.0,1,1
0.0,1,1
2443.123,1,1
8518.37,1,1
12658.938,0,0
12172.055,0,0
8932.541,0,0
4999.509,1,1
2158.027,1,1
895.831,1,1
1340.655,1,1
1691.145,1,1
2115.189,1,1
560.243,1,1
0.0,1,1
0.0,1,1
0.0,1,1
0.0,1,1
0.0,1,1
0.0,1,1
879.49,1,1
3795.656,1,1
6847.652,1,1
10083.999,0,0
13438.967,0,0
15860.35,0,0
17689.051,0,0
19438.587,0,0
21223.391,0,0
23475.804,0,0
26249.546,0,0
27808.202,0,0
28306.948,0,0
28700.0,0,0
29000.0,0,0
29100.0,0,0
29000.0,0,0
28900.0,0,0
28900.0,0,0
28700.0,0,0
28600.0,0,0
28400.0,0,0
28200.0,0,0
28100.0,0,0
28100.0,0,0
28000.0,0,0
27900.0,0,0
27800.0,0,0
27600.0,0,0
27400.0,0,0
27200.0,0,0
27100.0,0,0
27000.0,0,0
26900.0,0,0
26800.0,0,0
26400.0,0,0
25800.0,0,0
25100.0,0,0
24500.0,0,0
24085.783,0,0
23865.619,0,0
23745.421,0,0
23525.19,0,0
23274.623,0,0
22993.643,0,0
22612.53,0,0
22231.284,0,0
21990.442,0,0
21790.104,0,0
21589.766,0,0
21389.427,0,0
21289.088,0,0
21288.748,0,0
21388.407,0,0
21388.066,0,0
21385.706,0,0
20872.264,0,0
19996.288,0,0
19118.688,0,0
19318.457,0,0
20397.788,0,0
21578.418,0,0
22760.351,0,0
23120.651,0,0
23120.166,0,0
23219.681,0,0
23219.196,0,0
21411.857,0,0
16606.25,0,0
10413.194,0,0
2815.574,0,0
0.0,1,1
0.0,1,1
0.0,1,1
0.0,1,1
0.0,1,1
0.0,1,1
0.0,1,1
0.0,1,1
0.0,1,1
0.0,1,1
0.0,1,1
0.0,1,1
0.0,1,1
0.0,1,1
0.0,1,1
0.0,1,1
0.0,1,1
0.0,1,1
0.0,1,1
0.0,1,1
0.0,1,1
0.0,1,1
0.0,1,1
0.0,1,1
0.0,0,0
0.0,0,0
0.0,0,0
0.0,0,0
0.0,0,0
0.0,0,0
0.0,0,0
2269.7,0,0
9974.853,0,0
14719.024,0,0
18574.333,0,0
22081.625,0,0
23764.811,0,0
23872.537,0,0
23880.193,0,0
23987.78,0,0
24566.686,0,0
25617.435,0,0
26768.812,0,0
26933.597,0,0
27065.008,0,0
27100.0,0,0
27000.0,0,0
26800.0,0,0
26700.0,0,0
26600.0,0,0
26500.0,0,0
26400.0,0,0
26200.0,0,0
26000.0,0,0
25664.682,0,0
25282.988,0,0
25112.256,0,0
25052.57,0,0
25092.898,0,0
25033.242,0,0
24803.896,0,0
24504.892,0,0
24100.0,0,0
23700.0,0,0
23400.0,0,0
23300.0,0,0
23200.0,0,0
23100.0,0,0
22900.0,0,0
22600.0,0,0
22400.0,0,0
22100.0,0,0
21955.42,0,0
21451.301,0,0
20009.463,0,0
17852.025,0,0
15499.019,0,0
13898.051,0,0
11983.487,0,0
9832.707,0,0
9321.231,0,0
10348.356,0,0
11475.294,0,0
12502.045,0,0
13115.737,0,0
13316.51,0,0
13517.283,0,0
13718.056,0,0
13101.071,0,0
11766.522,0,0
10332.235,0,0
8998.209,0,0
9043.023,0,0
10543.698,0,0
12034.088,0,0
13464.307,0,0
11104.64,0,0
4630.431,1,1
3430.996,1,1
7822.616,1,1
10641.253,0,0
10994.483,0,0
10633.851,0,0
9749.678,0,0
9075.73,0,0
8848.935,1,1
8011.296,1,1
4383.013,1,1
0.0,1,1
0.0,1,1
0.0,1,1
0.0,1,1
5168.346,1,1
9009.769,0,0
9510.526,0,0
8682.434,1,1
7305.487,1,1
5325.155,1,1
4176.734,1,1
3754.809,1,1
2880.931,1,1
1628.683,1,1
78.969,1,1
0.0,1,1
0.0,1,1
0.0,1,1
852.7,1,1
7041.906,1,1
11526.219,0,0
14357.343,0,0
17580.505,0,0
21025.829,0,0
22496.241,0,0
22405.836,0,0
22315.328,0,0
22224.717,0,0
21884.96,0,0
21339.603,0,0
20793.925,0,0
20247.927,0,0
19601.855,0,0
19055.769,0,0
18409.442,0,0
17762.875,0,0
17661.027,0,0
18104.26,0,0
18547.732,0,0
18991.445,0,0
19212.437,0,0
19110.529,0,0
19108.62,0,0
19106.709,0,0
18781.992,0,0
18334.289,0,0
17886.344,0,0
17438.155,0,0
17757.293,0,0
18844.544,0,0
19901.207,0,0
20555.914,0,0
20398.529,0,0
19628.301,0,0
18755.347,0,0
17609.679,0,0
16761.484,0,0
16111.025,0,0
15460.157,0,0
14708.88,0,0
13858.502,0,0
12433.515,0,0
10898.587,1,1
9262.614,1,1
8848.963,1,1
9358.747,1,1
9968.975,1,1
10479.647,1,1
11500.707,0,0
12932.603,0,0
13980.931,0,0
15029.194,0,0
16478.555,0,0
18009.164,0,0
19168.391,0,0
20328.392,0,0
20990.333,0,0
21211.512,0,0
21432.778,0,0
21754.134,0,0
21773.455,0,0
21574.185,0,0
21367.942,0,0
21157.901,0,0
20930.934,0,0
20582.119,0,0
19276.52,0,0
17067.566,0,0
14852.652,0,0
12513.313,0,0
10413.505,1,1
8561.799,1,1
3402.336,1,1
0.0,1,1
0.0,1,1
0.0,1,1
0.0,1,1
555.544,1,1
1247.315,1,1
973.598,1,1
280.246,1,1
0.0,1,1
253.383,1,1
3168.389,1,1
5155.668,1,1
6208.92,1,1
8245.164,1,1
11270.438,1,1
13713.055,0,0
15722.492,0,0
16921.426,0,0
16747.997,0,0
16958.332,0,0
17513.207,0,0
17731.855,0,0
17248.303,0,0
17488.382,0,0
18448.291,0,0
19289.932,0,0
20009.528,0,0
20622.806,0,0
21068.519,0,0
21514.393,0,0
21960.428,0,0
22873.918,0,0
24011.274,0,0
24794.878,0,0
24975.373,0,0
24745.248,0,0
24304.295,0,0
22491.924,0,0
20555.249,0,0
19409.69,0,0
19756.131,0,0
20202.815,0,0
20549.742,0,0
21078.216,0,0
21844.229,0,0
22510.66,0,0
23177.507,0,0
23523.319,0,0
23704.238,0,0
23785.221,0,0
23900.0,0,0
23700.0,0,0
23500.0,0,0
23205.246,0,0
22904.52,0,0
22674.249,0,0
22714.489,0,0
22654.752,0,0
22595.036,0,0
22545.429,0,0
22400.0,0,0
22200.0,0,0
22000.0,0,0
21800.0,0,0
21600.0,0,0
21404.97,0,0
21103.95,0,0
20973.59,0,0
20913.947,0,0
20854.327,0,0
20894.729,0,0
20845.266,0,0
20900.0,0,0
20900.0,0,0
20900.0,0,0
21000.0,0,0
21184.429,0,0
21202.059,0,0
21319.588,0,0
21348.508,0,0
21588.909,0,0
21729.333,0,0
21869.779,0,0
20648.016,0,0
17118.953,0,0
13682.811,0,0
11792.784,0,0
10306.177,0,0
9265.592,0,0
7543.893,0,0
5509.245,0,0
4262.916,0,0
3286.48,0,0
2844.941,0,0
0.0,1,1
0.0,1,1
0.0,1,1
0.0,1,1
0.0,1,1
0.0,1,1
0.0,1,1
0.0,1,1
0.0,1,1
0.0,1,1
0.0,1,1
0.0,1,1
0.0,1,1
0.0,1,1
0.0,1,1
0.0,1,1
0.0,1,1
0.0,1,1
0.0,1,1
0.0,1,1
0.0,1,1
0.0,1,1
0.0,1,1
1856.494,1,1
4949.241,0,0
6795.45,0,0
7327.964,0,0
13524.146,0,0
23042.601,0,0
26600.0,0,0
26600.0,0,0
26506.852,0,0
26407.679,0,0
26307.524,0,0
26306.626,0,0
26200.0,0,0
26100.0,0,0
25900.0,0,0
25700.0,0,0
25500.0,0,0
25300.0,0,0
25200.0,0,0
25200.0,0,0
25100.0,0,0
25100.0,0,0
25000.0,0,0
25000.0,0,0
24900.0,0,0
24800.0,0,0
24800.0,0,0
24800.0,0,0
24800.0,0,0
24700.0,0,0
24600.0,0,0
24400.0,0,0
24300.0,0,0
24100.0,0,0
23900.0,0,0
23800.0,0,0
23700.0,0,0
23600.0,0,0
23400.0,0,0
23200.0,0,0
22900.0,0,0
22700.0,0,0
22500.0,0,0
22300.0,0,0
22200.0,0,0
21854.52,0,0
21633.242,0,0
21592.674,0,0
21452.062,0,0
21411.405,0,0
21350.46,0,0
21169.192,0,0
21064.218,0,0
20576.907,0,0
19805.203,0,0
18748.305,0,0
16971.808,0,0
15052.887,1,0
15400.067,0,0
17917.097,0,0
20024.905,0,0
21778.054,0,0
21043.075,0,0
17295.121,0,0
14171.733,1,1
12439.571,1,1
12218.315,1,1
12827.895,1,1
12724.457,1,1
8629.545,1,1
901.287,1,1
0.0,1,1
0.0,1,1
0.0,1,1
0.0,1,1
0.0,1,1
0.0,1,1
0.0,1,1
3148.82,1,1
7037.846,1,1
10182.347,1,1
12694.082,1,1
16146.483,0,0
19631.492,0,0
20688.421,0,0
20031.002,0,0
19654.215,0,0
19657.372,0,0
19047.136,0,0
17823.028,0,0
16336.278,0,0
14512.639,1,1
13985.822,1,1
14762.144,1,1
14942.691,1,1
14455.069,1,1
16071.955,0,0
19449.609,0,0
21836.707,0,0
23497.641,0,0
25482.593,0,0
27539.878,0,0
28445.515,0,0
28400.0,0,0
28300.0,0,0
28300.0,0,0
28200.0,0,0
27803.118,0,0
27400.138,0,0
25869.04,0,0
25141.939,0,0
25134.047,0,0
25126.26,0,0
25118.579,0,0
25014.505,0,0
24913.961,0,0
24813.416,0,0
24612.871,0,0
24174.108,0,0
23496.756,0,0
22715.583,0,0
21658.793,0,0
20652.318,0,0
19696.428,0,0
18840.123,0,0
17982.567,0,0
17780.362,0,0
18334.13,0,0
18887.477,0,0
19441.24,0,0
20246.347,0,0
21303.071,0,0
21984.615,0,0
22662.992,0,0
22996.293,0,0
23084.305,0,0
23172.531,0,0
23260.971,0,0
22866.34,0,0
21988.049,0,0
21009.183,0,0
20029.744,0,0
19636.668,0,0
19830.466,0,0
19924.371,0,0
20118.384,0,0
20212.38,0,0
20406.387,0,0
20600.537,0,0
20694.83,0,0
21086.958,0,0
21676.976,0,0
22267.21,0,0
22757.661,0,0
23001.804,0,0
23059.463,0,0
23163.612,0,0
23167.616,0,0
21608.838,0,0
17354.056,0,0
11937.881,0,0
5338.345,0,0
2043.29,0,0
3533.802,0,0
169.847,0,0
0.0,1,1
0.0,1,1
0.0,1,1
0.0,1,1
0.0,1,1
0.0,1,1
0.0,1,1
0.0,1,1
0.0,1,1
0.0,1,1
0.0,1,1
0.0,1,1
0.0,1,1
0.0,1,1
0.0,1,1
0.0,1,1
0.0,1,1
0.0,1,1
0.0,1,1
0.0,1,1
0.0,1,1
0.0,1,1
0.0,1,1
0.0,1,1
0.0,0,0
0.0,0,0
0.0,0,0
0.0,0,0
1987.986,0,0
3931.036,0,0
4359.678,0,0
8585.316,0,0
15311.675,0,0
20018.399,0,0
23706.885,0,0
26837.936,0,0
28751.922,0,0
29551.896,0,0
29392.004,0,0
29232.141,0,0
29072.307,0,0
29032.679,0,0
28913.277,0,0
28793.935,0,0
28674.651,0,0
28595.837,0,0
28500.0,0,0
28500.0,0,0
28400.0,0,0
28300.0,0,0
28200.0,0,0
28100.0,0,0
27900.0,0,0
27800.0,0,0
27700.0,0,0
27600.0,0,0
27400.0,0,0
27300.0,0,0
27200.0,0,0
27100.0,0,0
27000.0,0,0
26800.0,0,0
26600.0,0,0
26400.0,0,0
26200.0,0,0
25900.0,0,0
25500.0,0,0
25100.0,0,0
24700.0,0,0
24400.0,0,0
24100.0,0,0
23900.0,0,0
23600.0,0,0
23500.0,0,0
23600.0,0,0
23600.0,0,0
23700.0,0,0
23800.0,0,0
24100.0,0,0
24295.798,0,0
24332.591,0,0
24650.93,0,0
25050.861,0,0
25550.792,0,0
26050.723,0,0
26330.239,0,0
26389.327,0,0
26448.4,0,0
26507.458,0,0
25934.212,0,0
24652.632,0,0
23342.305,0,0
21918.414,0,0
19153.024,0,0
14363.55,0,0
11650.133,0,0
11646.784,0,0
11675.39,0,0
11706.802,0,0
9567.419,0,0
4706.286,1,1
0.0,1,1
0.0,1,1
0.0,1,1
0.0,1,1
1530.35,1,1
6896.655,0,0
7566.931,0,0
3375.41,1,1
425.278,1,1
0.0,1,1
0.0,1,1
0.0,1,1
0.0,1,1
0.0,1,1
0.0,1,1
0.0,1,1
0.0,1,1
0.0,1,1
0.0,1,1
0.0,1,1
0.0,1,1
0.0,1,1
0.0,1,1
2815.84,1,1
4988.327,1,1
6246.042,0,0
14121.698,0,0
25272.39,0,0
30086.991,0,0
31385.793,0,0
32811.32,0,0
33465.989,0,0
33576.182,0,0
33496.285,0,0
33316.317,0,0
33236.276,0,0
33036.095,0,0
32815.894,0,0
32695.779,0,0
32475.751,0,0
32295.715,0,0
32155.573,0,0
31915.388,0,0
31675.159,0,0
31394.736,0,0
30974.054,0,0
30553.239,0,0
29781.389,0,0
28185.202,0,0
25543.042,0,0
22095.879,0,0
17545.413,0,0
15292.682,0,0
15295.08,0,0
15397.919,0,0
15401.198,0,0
17250.026,0,0
20617.641,0,0
23271.368,0,0
25168.396,0,0
25495.135,0,0
24514.292,0,0
23432.81,0,0
22450.689,0,0
22681.337,0,0
24026.817,0,0
24540.159,0,0
24585.642,0,0
24500.0,0,0
24544.907,0,0
24402.281,0,0
24359.498,0,0
24367.52,0,0
24626.426,0,0
24785.279,0,0
25044.079,0,0
25258.551,0,0
25367.687,0,0
25476.318,0,0
25484.441,0,0
25489.956,0,0
25493.08,0,0
25495.984,0,0
25398.669,0,0
23465.528,0,0
18010.569,0,0
10608.557,0,0
1298.357,0,0
0.0,1,0
1746.143,0,0
894.091,0,0
0.0,1,1
0.0,1,1
0.0,1,1
0.0,1,1
0.0,1,1
0.0,1,1
0.0,1,1
0.0,1,1
0.0,1,1
0.0,1,1
0.0,1,1
0.0,1,1
0.0,1,1
0.0,1,1
0.0,1,1
0.0,1,1
0.0,1,1
0.0,1,1
0.0,1,1
0.0,1,1
0.0,1,1
0.0,1,1
0.0,1,1
0.0,0,0
0.0,0,0
0.0,0,0
0.0,0,0
0.0,0,0
0.0,0,0
0.0,0,0
986.007,0,0
9031.748,0,0
18802.004,0,0
22419.608,0,0
21668.053,0,0
20853.438,0,0
18342.446,0,0
15218.999,0,0
12269.957,0,0
8822.362,0,0
4603.02,0,0
2436.341,0,0
2124.556,0,0
1912.762,0,0
1600.959,0,0
0.0,0,0
0.0,0,0
0.0,0,0
0.0,0,0
0.0,0,0
0.0,0,0
0.0,0,0
0.0,0,0
0.0,0,0
0.0,0,0
0.0,0,0
0.0,0,0
0.0,0,0
0.0,0,0
0.0,0,0
0.0,0,0
0.0,1,1
0.0,1,1
0.0,1,1
0.0,1,1
0.0,1,1
0.0,1,1
0.0,1,1
0.0,1,1
4847.613,0,0
11711.885,0,0
15338.299,0,0
18505.91,0,0
20663.66,0,0
22198.978,0,0
23261.694,0,0
24425.188,0,0
24766.826,0,0
24385.783,0,0
24004.421,0,0
23722.739,0,0
23828.161,0,0
24621.034,0,0
25314.048,0,0
26107.204,0,0
26163.958,0,0
25583.923,0,0
24899.755,0,0
24038.984,0,0
22522.338,0,0
20331.709,0,0
18077.386,0,0
15779.959,0,0
13218.423,0,0
9857.074,0,0
6397.116,0,0
1710.893,0,0
0.0,1,1
0.0,1,1
0.0,1,1
0.0,1,1
0.0,1,1
0.0,1,1
0.0,1,1
0.0,1,1
0.0,1,1
0.0,1,1
2401.042,0,0
8472.704,0,0
13817.788,0,0
18508.878,0,0
19172.603,0,0
15612.185,0,0
10593.296,0,0
4092.044,0,0
0.0,1,1
0.0,1,1
0.0,1,1
0.0,1,1
0.0,1,1
98.953,1,1
5692.718,0,0
9558.141,0,0
11094.51,0,0
11564.518,0,0
10894.362,0,0
9244.177,0,0
8317.483,0,0
7744.74,0,0
11186.974,0,0
17970.003,0,0
23040.189,0,0
26511.245,0,0
28344.59,0,0
28627.084,0,0
28926.38,0,0
29125.677,0,0
29823.278,0,0
31219.385,0,0
32484.212,0,0
33244.136,0,0
33808.275,0,0
34376.498,0,0
34412.778,0,0
34273.803,0,0
33782.563,0,0
31207.546,0,0
27144.929,0,0
21766.095,0,0
19622.579,0,0
21164.014,0,0
22605.785,0,0
24093.748,0,0
24367.546,0,0
24067.546,0,0
23667.546,0,0
23267.546,0,0
23567.09,0,0
24466.015,0,0
25464.722,0,0
26170.549,0,0
25914.921,0,0
25034.945,0,0
23791.365,0,0
22643.199,0,0
22093.954,0,0
22243.465,0,0
22492.895,0,0
22642.243,0,0
22318.122,0,0
21320.716,0,0
20423.473,0,0
19526.394,0,0
19028.651,0,0
19030.165,0,0
19031.732,0,0
18950.214,0,0
18431.564,0,0
17602.73,0,0
16674.414,0,0
15846.618,0,0
14038.685,0,0
11554.706,0,0
9171.196,0,0
6688.155,0,0
1247.836,0,0
0.0,1,1
0.0,1,1
0.0,1,1
0.0,1,1
0.0,1,1
0.0,1,1
0.0,1,1
0.0,1,1
0.0,1,1
0.0,1,1
0.0,1,1
0.0,1,1
0.0,1,1
0.0,1,1
0.0,1,1
0.0,1,1
0.0,1,1
0.0,1,1
0.0,1,1
0.0,1,1
0.0,1,1
0.0,1,1
0.0,1,1
0.0,1,1
0.0,0,0
0.0,0,0
0.0,0,0
0.0,0,0
0.0,0,0
0.0,0,0
0.0,0,0
0.0,0,0
219.776,0,0
1555.352,0,0
3317.194,0,0
3424.313,0,0
2154.655,0,0
1798.344,0,0
1122.967,0,0
4530.921,0,0
11544.435,0,0
16671.906,0,0
21401.223,0,0
24388.259,0,0
25685.183,0,0
27083.851,0,0
28484.269,0,0
28982.534,0,0
28777.328,0,0
28472.115,0,0
28166.896,0,0
28982.774,0,0
30549.253,0,0
32217.95,0,0
33280.866,0,0
33932.938,0,0
34001.351,0,0
34118.614,0,0
33837.761,0,0
33586.956,0,0
33466.255,0,0
33300.0,0,0
33000.0,0,0
32600.0,0,0
32000.0,0,0
31500.0,0,0
30865.846,0,0
30495.872,0,0
30300.0,0,0
30000.0,0,0
29800.0,0,0
29500.0,0,0
29000.0,0,0
28500.0,0,0
28100.0,0,0
27700.0,0,0
27300.0,0,0
27000.0,0,0
26600.0,0,0
26400.0,0,0
26500.0,0,0
26495.802,0,0
26332.614,0,0
26371.135,0,0
26711.739,0,0
27052.447,0,0
27393.262,0,0
27731.543,0,0
28166.913,0,0
28501.886,0,0
28757.068,0,0
28563.985,0,0
28565.3,0,0
28466.134,0,0
28466.483,0,0
26783.002,0,0
22709.159,0,0
17460.131,0,0
11212.151,0,0
8074.244,0,0
9332.072,0,0
7542.424,0,0
1718.355,0,0
0.0,1,1
0.0,1,1
0.0,1,1
0.0,1,1
0.0,1,1
0.0,1,1
0.0,1,1
0.0,1,1
0.0,1,1
0.0,1,1
0.0,1,1
0.0,1,1
0.0,1,1
0.0,1,1
0.0,1,1
0.0,1,1
0.0,1,1
0.0,1,1
0.0,1,1
0.0,1,1
0.0,1,1
0.0,1,1
119.455,0,0
4798.759,0,0
8603.731,0,0
11670.753,0,0
13736.902,0,0
14841.832,0,0
16248.508,0,0
18089.888,0,0
20676.528,0,0
23488.269,0,0
24276.08,0,0
22640.127,0,0
16647.238,0,0
9669.093,0,0
9846.832,0,0
17336.859,0,0
23918.366,0,0
27548.888,0,0
27759.805,0,0
24547.038,0,0
20151.728,0,0
14579.875,0,0
8777.283,0,0
2363.146,0,0
0.0,1,1
0.0,1,1
0.0,0,0
0.0,0,0
0.0,0,0
0.0,0,0
0.0,0,0
0.0,0,0
0.0,0,0
0.0,0,0
0.0,0,0
0.0,0,0
0.0,0,0
0.0,0,0
0.0,1,1
0.0,1,1
0.0,1,1
0.0,1,1
0.0,1,1
0.0,1,1
0.0,1,1
0.0,1,1
0.0,1,1
0.0,1,1
0.0,1,1
0.0,1,1
0.0,1,1
0.0,1,1
0.0,1,1
0.0,1,1
0.0,1,1
0.0,1,1
0.0,1,1
0.0,1,1
0.0,1,1
0.0,1,1
0.0,1,1
0.0,1,1
0.0,0,0
0.0,0,0
0.0,0,0
0.0,0,0
0.0,0,0
0.0,0,0
0.0,0,0
0.0,0,0
0.0,0,0
0.0,0,0
0.0,0,0
0.0,0,0
0.0,0,0
0.0,0,0
0.0,0,0
0.0,0,0
0.0,0,0
0.0,0,0
0.0,0,0
0.0,0,0
0.0,0,0
0.0,0,0
0.0,0,0
0.0,0,0
0.0,0,0
0.0,0,0
0.0,0,0
0.0,0,0
0.0,0,0
0.0,0,0
0.0,0,0
0.0,0,0
0.0,0,0
0.0,0,0
0.0,0,0
0.0,0,0
0.0,0,0
0.0,0,0
0.0,0,0
0.0,0,0
0.0,0,0
0.0,0,0
0.0,0,0
0.0,0,0
0.0,0,0
0.0,0,0
0.0,0,0
0.0,0,0
0.0,0,0
0.0,0,0
0.0,0,0
0.0,0,0
0.0,0,0
0.0,0,0
0.0,0,0
0.0,0,0
0.0,0,0
0.0,0,0
0.0,0,0
0.0,0,0
0.0,0,0
0.0,0,0
0.0,0,0
0.0,0,0
0.0,0,0
0.0,0,0
0.0,0,0
0.0,0,0
0.0,0,0
0.0,0,0
0.0,0,0
0.0,0,0
0.0,1,1
0.0,1,1
0.0,1,1
0.0,1,1
0.0,1,1
0.0,1,1
0.0,1,1
0.0,1,1
0.0,1,1
0.0,1,1
0.0,1,1
0.0,1,1
0.0,1,1
357.478,0,0
3730.279,0,0
6702.68,0,0
10246.631,0,0
13766.514,0,0
16121.091,0,0
18475.669,0,0
20543.243,0,0
22246.219,0,0
23948.976,0,0
25651.513,0,0
26201.952,0,0
25500.456,0,0
24698.961,0,0
23997.465,0,0
21601.375,0,0
16359.796,0,0
12250.279,0,0
11170.328,0,0
11619.103,0,0
13153.475,0,0
11857.204,0,0
7336.072,0,0
3218.368,0,0
0.0,1,1
0.0,1,1
0.0,1,1
0.0,1,1
0.0,1,1
0.0,1,1
2929.394,0,0
10307.339,0,0
14875.569,0,0
15547.577,0,0
15409.481,0,0
14663.393,0,0
13036.903,0,0
15215.186,0,0
21147.816,0,0
26034.625,0,0
29893.736,0,0
30322.087,0,0
26638.984,0,0
23905.314,0,0
22370.77,0,0
22763.842,0,0
25276.819,0,0
28224.13,0,0
29268.557,0,0
28079.246,0,0
25798.287,0,0
22152.042,0,0
18283.497,0,0
17802.971,0,0
20168.735,0,0
21939.987,0,0
20782.359,0,0
17965.974,0,0
15046.591,0,0
13585.775,0,0
13585.775,0,0
13485.775,0,0
13485.775,0,0
14573.504,0,0
16848.962,0,0
19124.42,0,0
21399.878,0,0
22792.716,0,0
22999.62,0,0
23306.524,0,0
23513.427,0,0
22908.25,0,0
21571.568,0,0
19331.955,0,0
17092.342,0,0
13297.078,0,0
7203.96,0,0
0.0,1,1
0.0,1,1
0.0,1,1
0.0,1,1
0.0,1,1
0.0,0,1
0.0,1,1
0.0,1,1
0.0,1,1
0.0,1,1
0.0,1,1
0.0,1,1
0.0,1,1
0.0,1,1
0.0,1,1
0.0,1,1
0.0,1,1
0.0,1,1
0.0,1,1
0.0,1,1
0.0,1,1
0.0,1,1
0.0,1,1
0.0,1,1
0.0,1,1
0.0,1,1
0.0,1,1
0.0,1,1
1734.463,0,0
4290.879,0,0
5531.36,0,0
5629.134,0,0
5826.908,0,0
6024.681,0,0
6945.432,0,0
8625.642,0,0
10277.737,0,0
11813.764,0,0
13713.052,0,0
15762.599,0,0
15669.769,0,0
13193.108,0,0
12634.342,0,0
13821.824,0,0
15177.608,0,0
16080.538,0,0
14185.265,0,0
9354.312,0,0
8218.634,0,0
10270.525,0,0
11717.285,0,0
5706.172,0,0
0.0,1,1
0.0,1,1
0.0,0,0
0.0,0,0
0.0,0,0
0.0,0,0
0.0,0,0
0.0,0,0
0.0,0,0
0.0,0,0
0.0,0,0
0.0,0,0
0.0,0,0
0.0,0,0
0.0,0,0
0.0,0,0
0.0,0,0
0.0,0,0
0.0,0,0
5541.694,0,0
10107.544,0,0
13697.492,0,0
17934.767,0,0
21534.841,0,0
24087.306,0,0
25616.265,0,0
25407.663,0,0
22505.497,0,0
19133.146,0,0
15857.293,0,0
10142.256,0,0
1817.586,0,0
0.0,0,0
0.0,0,0
0.0,0,0
0.0,0,0
0.0,0,0
0.0,0,0
0.0,0,0
0.0,0,0
0.0,0,0
0.0,0,0
0.0,0,0
0.0,0,0
0.0,0,0
0.0,0,0
0.0,0,0
0.0,0,0
0.0,0,0
0.0,0,0
0.0,1,1
0.0,1,1
0.0,1,1
0.0,1,1
0.0,1,1
0.0,1,1
0.0,1,1
136.249,0,0
5344.809,0,0
9556.474,0,0
13446.436,0,0
15688.507,0,0
16807.666,0,0
16801.243,0,0
16794.812,0,0
16888.373,0,0
16468.944,0,0
15635.4,0,0
14900.349,0,0
14063.785,0,0
11234.24,0,0
6612.521,0,0
1139.47,0,0
0.0,1,1
0.0,1,1
0.0,1,1
0.0,1,1
0.0,1,1
0.0,1,1
0.0,1,1
0.0,1,1
0.0,1,1
0.0,1,1
0.0,1,1
0.0,1,1
2673.031,0,0
6313.004,0,0
8088.775,0,0
8669.846,0,0
5183.087,0,0
0.0,1,1
0.0,1,1
0.0,1,1
0.0,1,1
0.0,1,1
0.0,0,0
0.0,0,0
0.0,0,0
0.0,0,0
0.0,0,0
0.0,0,0
0.0,0,0
9556.232,0,0
15748.577,0,0
15666.716,0,0
11521.251,0,0
6722.603,0,0
3459.814,0,0
4751.431,0,0
9996.956,0,0
15227.103,0,0
18945.633,0,0
20857.746,0,0
21268.929,0,0
21004.939,0,0
21319.903,0,0
24219.064,0,0
28668.835,0,0
31900.988,0,0
33990.181,0,0
35534.178,0,0
36577.493,0,0
36632.868,0,0
35954.841,0,0
35114.393,0,0
34268.981,0,0
33919.131,0,0
34165.166,0,0
34411.362,0,0
34657.72,0,0
34680.482,0,0
34379.525,0,0
34178.569,0,0
33877.611,0,0
34268.923,0,0
35108.777,0,0
35694.076,0,0
35575.037,0,0
35345.666,0,0
35100.0,0,0
34700.0,0,0
34400.0,0,0
33700.0,0,0
32700.0,0,0
31600.0,0,0
30600.0,0,0
29945.592,0,0
29845.061,0,0
29744.53,0,0
29644.0,0,0
29413.84,0,0
29154.053,0,0
28894.265,0,0
28634.477,0,0
28374.69,0,0
28214.902,0,0
28055.114,0,0
27895.327,0,0
27614.902,0,0
27213.84,0,0
26812.779,0,0
25705.933,0,0
25126.317,0,0
25126.317,0,0
25126.317,0,0
25126.317,0,0
24410.97,0,0
22648.827,0,0
20506.653,0,0
17495.429,0,0
16057.922,1,1
16357.922,1,1
16557.922,1,1
16757.922,1,1
15360.224,1,1
12046.041,1,1
7655.522,1,1
3029.806,1,1
2152.62,1,1
2949.014,1,1
3322.431,1,1
4024.808,1,1
2383.941,1,1
0.0,1,1
0.0,1,1
983.522,1,1
2700.394,1,1
2506.57,1,1
2557.147,1,1
2839.203,1,1
3816.819,1,1
5515.607,1,1
9142.209,1,1
14561.908,1,1
21087.004,0,0
27160.393,0,0
29712.447,0,0
30348.562,0,0
30888.547,0,0
31684.495,0,0
30775.382,0,0
28406.063,0,0
25834.141,0,0
22584.824,0,0
22825.556,0,0
26362.769,0,0
28959.755,0,0
30667.042,0,0
32097.653,0,0
33444.714,0,0
35011.2,0,0
36788.521,0,0
37724.694,0,0
37843.631,0,0
38297.522,0,0
38663.609,0,0
38624.848,0,0
38500.0,0,0
38300.0,0,0
38100.0,0,0
38000.0,0,0
37800.0,0,0
37600.0,0,0
37200.0,0,0
36900.0,0,0
36475.979,0,0
36136.537,0,0
35877.121,0,0
35617.647,0,0
35084.579,0,0
35207.862,0,0
35366.964,0,0
35426.113,0,0
35400.0,0,0
35100.0,0,0
34800.0,0,0
34500.0,0,0
34165.961,0,0
33595.889,0,0
32800.0,0,0
31900.0,0,0
31100.0,0,0
30600.0,0,0
30600.0,0,0
30500.0,0,0
30400.0,0,0
30200.0,0,0
29800.0,0,0
29500.0,0,0
29100.0,0,0
28800.0,0,0
28500.0,0,0
28300.0,0,0
28000.0,0,0
27800.0,0,0
27800.0,0,0
27700.0,0,0
27700.0,0,0
27700.0,0,0
27700.0,0,0
27700.0,0,0
27700.0,0,0
27800.0,0,0
28100.0,0,0
28300.0,0,0
28500.0,0,0
28745.543,0,0
28944.864,0,0
29244.112,0,0
29443.287,0,0
28267.151,0,0
25211.798,0,0
21406.161,0,0
17037.551,0,0
14052.4,0,0
12790.449,0,0
10659.813,0,0
7646.779,1,1
3819.789,1,1
0.0,1,1
0.0,1,1
0.0,1,1
0.0,1,1
0.0,1,1
0.0,1,1
0.0,1,1
0.0,1,1
0.0,1,1
0.0,1,1
0.0,1,1
0.0,1,1
7494.129,1,1
9731.067,0,1
6264.346,1,1
3500.693,1,1
1525.683,1,1
840.594,1,1
1437.503,1,1
1742.524,1,1
1767.096,1,1
4140.433,1,1
8270.102,1,1
12217.356,0,0
15686.829,0,0
16933.82,0,0
16719.51,0,0
17113.019,0,0
18330.583,0,0
22745.698,0,0
28777.237,0,0
32547.039,0,0
33923.291,0,0
34562.103,0,0
33851.396,0,0
32477.627,0,0
31351.609,0,0
30224.234,0,0
28720.987,0,0
27016.88,0,0
25011.832,0,0
23005.831,0,0
19803.132,0,0
19054.918,0,0
20663.074,0,0
22372.198,0,0
23190.628,0,0
24893.047,0,0
27299.242,0,0
29268.728,0,0
31076.79,0,0
31940.966,0,0
32117.226,0,0
32193.688,0,0
32270.352,0,0
31858.499,0,0
31057.979,0,0
30157.458,0,0
29256.937,0,0
28762.046,0,0
28472.735,0,0
28183.357,0,0
27893.911,0,0
27362.611,0,0
26489.382,0,0
25356.365,0,0
24318.437,0,0
23427.708,0,0
22784.257,0,0
22040.648,0,0
21396.879,0,0
20974.621,0,0
20873.991,0,0
20773.361,0,0
20772.731,0,0
20007.486,0,0
18343.017,0,0
16624.543,0,0
14805.416,0,0
13993.451,0,0
14190.919,0,0
14488.386,0,0
14785.852,0,0
15689.495,0,0
16897.658,0,0
18206.184,0,0
19515.072,0,0
18149.712,0,0
11800.918,0,0
2839.979,0,0
0.0,1,1
0.0,1,1
0.0,1,1
0.0,1,1
0.0,1,1
0.0,1,1
0.0,1,1
0.0,1,1
0.0,1,1
0.0,1,1
0.0,1,1
0.0,1,1
0.0,1,1
0.0,1,1
0.0,1,1
0.0,1,1
0.0,1,1
0.0,1,1
0.0,1,1
0.0,1,1
0.0,1,1
0.0,1,1
0.0,1,1
0.0,1,1
0.0,0,0
0.0,0,0
0.0,0,0
0.0,0,0
0.0,0,0
0.0,0,0
0.0,0,0
2066.008,0,0
7521.993,0,0
12957.874,0,0
18299.413,0,0
23170.588,0,0
27278.933,0,0
30796.925,0,0
32819.952,0,0
34278.596,0,0
35182.959,0,0
35587.556,0,0
36226.761,0,0
36766.355,0,0
37406.338,0,0
37106.129,0,0
36065.145,0,0
35023.771,0,0
33882.006,0,0
33495.872,0,0
33665.806,0,0
33835.935,0,0
34006.259,0,0
34184.01,0,0
34269.116,0,0
34354.319,0,0
34439.62,0,0
34424.972,0,0
34310.398,0,0
34195.955,0,0
34030.871,0,0
33450.188,0,0
32650.043,0,0
31749.898,0,0
30949.752,0,0
30449.607,0,0
30349.461,0,0
30249.315,0,0
30249.17,0,0
29988.114,0,0
29766.17,0,0
29444.254,0,0
29222.365,0,0
29068.912,0,0
29000.0,0,0
28800.0,0,0
28600.0,0,0
28500.0,0,0
28300.0,0,0
28200.0,0,0
28000.0,0,0
28000.0,0,0
28100.0,0,0
28100.0,0,0
28200.0,0,0
28400.0,0,0
28600.0,0,0
28800.0,0,0
29000.0,0,0
29300.0,0,0
29600.0,0,0
29900.0,0,0
30200.0,0,0
29138.593,0,0
26295.092,0,0
23044.607,0,0
19439.843,0,0
16441.334,0,0
13848.56,1,1
12009.373,1,1
11833.967,1,1
11891.693,1,1
12236.051,1,1
10666.438,1,1
6730.046,1,1
2034.293,1,1
0.0,1,1
0.0,1,1
0.0,1,1
0.0,1,1
57.771,1,1
2823.956,1,1
7205.902,1,1
13151.483,1,1
17284.728,0,0
18640.266,0,0
20813.177,0,0
23800.53,0,0
19657.842,0,0
20092.656,0,0
18574.036,0,0
15539.404,1,1
11200.955,1,1
9690.13,1,1
10955.873,1,1
11334.688,1,1
11155.414,1,1
13546.734,1,1
17999.957,0,0
21419.738,0,0
23811.31,0,0
27216.884,0,0
30138.806,0,0
32141.247,0,0
32623.875,0,0
32188.386,0,0
31014.77,0,0
29233.999,0,0
27656.352,0,0
26076.069,0,0
24593.141,0,0
22254.491,0,0
19554.459,0,0
16749.624,0,0
13939.971,1,0
16390.148,0,0
23315.874,0,0
27544.562,0,0
30801.135,0,0
32069.938,0,0
31432.3,0,0
30893.815,0,0
30354.48,0,0
30149.685,0,0
30380.694,0,0
30512.541,0,0
30645.227,0,0
30468.652,0,0
29939.697,0,0
29311.466,0,0
28783.96,0,0
28040.958,0,0
27380.77,0,0
26518.539,0,0
25486.766,0,0
25869.125,0,0
27239.084,0,0
28353.508,0,0
28709.27,0,0
28538.575,0,0
28076.434,0,0
26736.265,0,0
25393.223,0,0
23483.546,0,0
21148.992,0,0
18371.237,0,0
15304.906,0,0
11530.942,0,0
7551.583,0,0
3462.593,0,0
0.0,1,1
0.0,1,1
0.0,1,1
732.714,0,0
2973.816,0,0
4736.654,0,0
6497.032,0,0
8161.161,0,0
9929.054,0,0
8555.111,0,0
2004.698,0,0
0.0,1,1
0.0,1,1
0.0,1,1
0.0,1,1
0.0,1,1
0.0,1,1
0.0,1,1
0.0,1,1
0.0,1,1
0.0,1,1
0.0,1,1
0.0,1,1
0.0,1,1
0.0,1,1
0.0,1,1
0.0,1,1
0.0,1,1
0.0,1,1
0.0,1,1
0.0,1,1
0.0,1,1
0.0,0,0
0.0,0,0
0.0,0,0
0.0,0,0
0.0,0,0
0.0,0,0
0.0,0,0
0.0,0,0
0.0,0,0
0.0,0,0
0.0,0,0
0.0,0,0
87.671,0,0
2923.608,0,0
3400.172,0,0
11808.311,0,0
23752.521,0,0
27324.976,0,0
27358.731,0,0
28804.378,0,0
29325.566,0,0
30537.45,0,0
32939.033,0,0
34432.589,0,0
35380.936,0,0
35378.403,0,0
35217.839,0,0
35057.324,0,0
34896.858,0,0
34617.496,0,0
34319.014,0,0
33920.282,0,0
32924.097,0,0
32728.282,0,0
33286.264,0,0
33418.211,0,0
33477.208,0,0
33436.442,0,0
33495.891,0,0
33300.0,0,0
33200.0,0,0
32700.0,0,0
32000.0,0,0
31300.0,0,0
30575.848,0,0
30145.779,0,0
30000.0,0,0
29800.0,0,0
29600.0,0,0
29400.0,0,0
29000.0,0,0
28700.0,0,0
28300.0,0,0
28000.0,0,0
27800.0,0,0
27500.0,0,0
27300.0,0,0
27100.0,0,0
27000.0,0,0
27000.0,0,0
26900.0,0,0
27000.0,0,0
27300.0,0,0
27600.0,0,0
27900.0,0,0
28200.0,0,0
28700.0,0,0
29200.0,0,0
29600.0,0,0
29900.0,0,0
29924.028,0,0
29801.543,0,0
29717.187,0,0
26601.282,0,0
20485.476,0,0
12867.333,0,0
3852.566,0,0
0.0,1,0
883.286,0,0
96.828,0,0
0.0,1,1
0.0,1,1
0.0,1,1
0.0,1,1
0.0,1,1
0.0,1,1
0.0,1,1
0.0,1,1
0.0,1,1
0.0,1,1
0.0,1,1
0.0,1,1
0.0,1,1
0.0,1,1
0.0,1,1
0.0,1,1
0.0,1,1
0.0,1,1
0.0,1,1
0.0,1,1
0.0,1,1
0.0,1,1
0.0,1,1
0.0,0,0
0.0,0,0
0.0,0,0
0.0,0,0
0.0,0,0
139.133,0,0
5501.4,0,0
10829.02,0,0
16312.008,0,0
21878.771,0,0
26762.291,0,0
29993.622,0,0
32517.004,0,0
33993.052,0,0
34517.826,0,0
34603.618,0,0
34689.641,0,0
34875.895,0,0
34111.285,0,0
32210.045,0,0
29855.251,0,0
27308.356,0,0
25698.384,0,0
25592.202,0,0
25386.012,0,0
25279.814,0,0
25073.609,0,0
24867.396,0,0
24561.175,0,0
24254.946,0,0
25561.67,0,0
27854.075,0,0
30013.314,0,0
31249.612,0,0
31507.137,0,0
30806.279,0,0
30105.421,0,0
29404.56,0,0
28998.877,0,0
28988.55,0,0
28978.463,0,0
28916.568,0,0
28477.486,0,0
27504.194,0,0
26429.968,0,0
25454.808,0,0
24626.685,0,0
23945.783,0,0
23001.101,0,0
22050.625,0,0
20351.088,0,0
17825.362,0,0
14747.059,0,0
10816.362,0,0
6639.672,0,0
3855.743,0,0
767.203,0,0
0.0,1,1
0.0,1,1
3884.911,0,0
8364.413,0,0
12949.893,0,0
17246.105,0,0
20846.334,0,0
23887.051,0,0
26653.616,0,0
25537.969,0,0
20107.518,0,0
13290.812,0,0
5004.019,0,0
42.155,0,0
0.0,1,1
0.0,1,1
0.0,1,1
0.0,1,1
0.0,1,1
0.0,1,1
0.0,1,1
0.0,1,1
0.0,1,1
0.0,1,1
0.0,1,1
0.0,1,1
0.0,1,1
0.0,1,1
0.0,1,1
0.0,1,1
0.0,1,1
0.0,1,1
0.0,1,1
0.0,1,1
0.0,1,1
0.0,1,1
0.0,0,0
0.0,0,0
0.0,0,0
0.0,0,0
0.0,0,0
0.0,0,0
0.0,0,0
0.0,0,0
4866.676,0,0
9736.449,0,0
13658.02,0,0
19102.316,0,0
25104.785,0,0
29098.804,0,0
32167.731,0,0
35320.347,0,0
36407.235,0,0
36841.107,0,0
37052.472,0,0
37129.691,0,0
37207.13,0,0
37086.058,0,0
36866.291,0,0
36646.498,0,0
36326.681,0,0
36017.765,0,0
35719.61,0,0
35321.242,0,0
34226.675,0,0
33736.523,0,0
33903.715,0,0
34019.866,0,0
33738.757,0,0
33467.757,0,0
33406.866,0,0
33246.125,0,0
33100.0,0,0
32500.0,0,0
31600.0,0,0
30700.0,0,0
29700.0,0,0
29300.0,0,0
29200.0,0,0
29200.0,0,0
29200.0,0,0
29000.0,0,0
28700.0,0,0
28400.0,0,0
28100.0,0,0
27800.0,0,0
27600.0,0,0
27400.0,0,0
27200.0,0,0
27000.0,0,0
26900.0,0,0
26900.0,0,0
26745.508,0,0
26625.33,0,0
26745.448,0,0
26765.589,0,0
26885.751,0,0
27000.0,0,0
27300.0,0,0
27500.0,0,0
27800.0,0,0
28000.0,0,0
28200.0,0,0
28500.0,0,0
28700.0,0,0
27501.363,0,0
24684.726,0,0
21931.133,0,0
19755.803,0,0
19735.338,0,0
21793.089,0,0
21770.141,0,0
18254.233,0,0
13829.335,1,1
10184.722,1,1
7640.465,1,1
6193.657,1,1
3208.306,1,1
0.0,1,1
0.0,1,1
3495.729,1,1
8029.47,1,1
12312.267,1,1
13896.059,1,1
12494.261,1,1
11510.526,1,1
11093.901,1,1
11115.434,1,1
11677.152,1,1
12566.309,1,1
13868.137,1,1
12800.342,1,1
9767.24,1,1
5709.214,1,1
942.554,1,1
3125.18,1,1
11619.731,1,1
19745.11,0,0
24322.95,0,0
26151.925,0,0
28318.169,0,0
31019.859,0,0
34142.132,0,0
35409.241,0,0
34799.729,0,0
34209.286,0,0
33823.538,0,0
34305.857,0,0
35686.174,0,0
35438.823,0,0
33947.158,0,0
32207.048,0,0
29640.418,0,0
28601.044,0,0
29288.608,0,0
29976.172,0,0
30563.736,0,0
31303.953,0,0
32152.984,0,0
33001.844,0,0
33498.825,0,0
33318.751,0,0
32886.666,0,0
31928.071,0,0
31069.611,0,0
30964.637,0,0
31812.918,0,0
32359.399,0,0
32358.136,0,0
32087.302,0,0
31346.917,0,0
30706.522,0,0
29966.115,0,0
29600.0,0,0
29600.0,0,0
29500.0,0,0
29500.0,0,0
29300.0,0,0
28900.0,0,0
28500.0,0,0
28100.0,0,0
27900.0,0,0
27586.785,0,0
27208.266,0,0
26829.811,0,0
26610.043,1,1
26648.895,1,1
26787.722,0,0
26826.524,0,0
26686.882,1,1
26568.843,1,1
26350.844,1,1
25474.545,1,1
25438.385,1,1
26205.825,1,1
27021.449,0,0
27340.387,0,0
27660.232,0,0
27781.016,0,0
27878.722,0,0
27700.796,0,0
27820.24,0,0
27662.282,0,0
27311.659,0,0
27050.705,0,0
27684.08,0,0
29245.514,0,0
30249.211,0,0
30534.838,0,0
31195.72,0,0
32130.159,0,0
31784.531,0,0
30126.464,0,0
28447.28,0,0
26759.092,1,1
26378.956,1,1
27259.814,0,0
27947.77,0,0
28449.063,0,0
28340.719,0,0
27620.904,0,0
26500.081,1,1
24878.234,1,1
25168.204,1,1
27365.912,0,0
29044.539,0,0
29999.96,0,0
30585.439,0,0
30460.448,0,0
30584.549,0,0
31057.046,0,0
31612.558,0,0
32447.868,0,0
33640.29,0,0
35175.88,0,0
35548.951,0,0
35137.592,0,0
34577.776,0,0
33446.336,0,0
32351.53,0,0
31416.779,0,0
30583.018,0,0
30321.161,0,0
29993.599,0,0
29438.386,0,0
29558.059,0,0
30338.963,0,0
31019.553,0,0
31799.83,0,0
31453.979,0,0
29982.549,0,0
28611.536,0,0
27140.94,0,0
26721.814,1,0
27456.08,0,0
28089.275,0,0
28822.209,0,0
28576.61,0,0
27352.809,0,0
26128.381,1,1
24529.143,1,1
22830.643,1,1
21033.119,1,1
19036.283,1,1
15947.396,1,1
15450.389,1,1
17543.72,1,1
18544.006,1,1
19343.898,1,1
19244.389,0,0
18145.904,0,0
17047.42,0,0
15948.936,0,0
13163.685,0,0
8891.231,0,0
4718.777,1,1
0.0,1,1
0.0,1,1
0.0,1,1
0.0,1,1
0.0,1,1
0.0,1,1
0.0,1,1
0.0,1,1
0.0,1,1
0.0,1,1
0.0,1,1
0.0,1,1
1256.585,1,1
5105.004,1,1
9638.59,0,0
13949.087,0,0
16545.45,0,0
16446.056,0,0
12705.383,0,0
7160.102,0,0
573.26,1,1
0.0,1,1
0.0,1,1
0.0,1,1
0.0,1,1
0.0,1,1
0.0,1,1
1356.273,1,1
5207.414,1,1
9006.118,0,0
13116.842,0,0
17488.109,0,0
20733.287,0,0
23885.882,0,0
26486.362,0,0
29170.484,0,0
31774.479,0,0
33873.711,0,0
35694.742,0,0
36384.546,0,0
36537.244,0,0
36581.211,0,0
36627.184,0,0
36648.934,0,0
36570.195,0,0
36361.001,0,0
35921.076,0,0
35500.922,0,0
35301.098,0,0
34988.355,0,0
34562.345,0,0
34568.297,0,0
34804.84,0,0
35053.016,0,0
35213.824,0,0
35388.029,0,0
35575.059,0,0
35906.538,0,0
36379.139,0,0
36647.422,0,0
36719.602,0,0
36636.98,0,0
36599.189,0,0
36474.161,0,0
36500.0,0,0
36300.0,0,0
36100.0,0,0
36000.0,0,0
35800.0,0,0
35600.0,0,0
35400.0,0,0
35100.0,0,0
34900.0,0,0
34646.92,0,0
34448.83,0,0
34350.723,0,0
34152.598,0,0
33923.134,0,0
33862.348,0,0
33701.57,0,0
33640.798,0,0
33362.273,0,0
32865.99,0,0
31928.724,0,0
30692.287,0,0
29917.597,0,0
29304.681,0,0
28791.797,0,0
28178.947,0,0
27637.958,0,0
26968.557,0,0
26398.822,0,0
25628.511,1,1
25762.051,1,1
26399.465,0,0
27037.547,0,0
27624.999,0,0
27482.353,0,0
27400.415,0,0
27318.56,0,0
27236.791,0,0
27095.937,0,0
26995.936,0,0
26895.935,0,0
26795.933,0,0
26800.0,0,0
26900.0,0,0
27000.0,0,0
27100.0,0,0
27200.0,0,0
27400.0,0,0
27500.0,0,0
27700.0,0,0
27900.0,0,0
28008.194,0,0
28111.029,0,0
28208.09,0,0
27662.089,0,0
26644.987,0,0
26185.492,1,0
26300.447,0,0
26180.12,1,1
25929.249,1,1
26388.162,0,0
26903.481,0,0
28390.847,0,0
31194.585,0,0
30635.795,0,0
27394.55,0,0
23937.683,1,1
20480.667,1,1
18965.191,1,1
18657.384,1,1
17708.32,1,1
16123.955,1,1
17499.983,1,1
21933.032,1,1
25164.832,1,1
27194.386,0,0
27247.081,0,0
25599.235,1,1
24254.619,1,1
22424.884,1,1
20253.086,1,1
17237.381,1,1
16109.966,1,1
17981.361,1,1
19317.967,1,1
21123.905,1,1
24527.225,1,1
28537.173,0,0
31522.115,0,0
33331.746,0,0
33580.368,0,0
33798.034,0,0
34187.876,0,0
34852.613,0,0
35318.099,0,0
35508.801,0,0
35808.621,0,0
36011.848,0,0
36100.0,0,0
35900.0,0,0
35700.0,0,0
35500.0,0,0
35300.0,0,0
35100.0,0,0
34900.0,0,0
34600.0,0,0
34500.0,0,0
34300.0,0,0
34100.0,0,0
34000.0,0,0
33800.0,0,0
33700.0,0,0
33600.0,0,0
33500.0,0,0
33400.0,0,0
33100.0,0,0
32900.0,0,0
32700.0,0,0
32200.0,0,0
31400.0,0,0
30700.0,0,0
29900.0,0,0
29500.0,0,0
29300.0,0,0
29100.0,0,0
29000.0,0,0
28800.0,0,0
28500.0,0,0
28200.0,0,0
27900.0,0,0
27695.895,0,0
27595.892,0,0
27395.889,0,0
27195.886,0,0
27055.915,0,0
26975.88,0,0
26795.714,0,0
26715.418,0,0
26534.747,0,0
25600.435,0,0
24258.094,0,0
22623.503,0,0
21672.8,0,0
21768.44,0,0
21964.073,0,0
22059.699,0,0
22633.49,0,0
23285.796,0,0
23482.686,0,0
23394.416,0,0
20335.873,0,0
12218.006,0,0
1446.065,0,0
0.0,1,1
0.0,1,1
0.0,1,1
0.0,1,1
0.0,1,1
0.0,1,1
0.0,1,1
0.0,1,1
0.0,1,1
0.0,1,1
0.0,1,1
0.0,1,1
0.0,1,1
0.0,1,1
0.0,1,1
0.0,1,1
0.0,1,1
0.0,1,1
0.0,1,1
0.0,1,1
0.0,1,1
0.0,1,1
0.0,1,1
0.0,1,1
0.0,0,0
0.0,0,0
0.0,0,0
0.0,0,0
0.0,0,0
0.0,0,0
0.0,0,0
0.0,0,0
0.0,0,0
0.0,0,0
0.0,0,0
0.0,0,0
0.0,0,0
0.0,0,0
0.0,0,0
0.0,0,0
0.0,0,0
4405.166,0,0
12306.529,0,0
18197.455,0,0
23092.196,0,0
25270.668,0,0
26656.567,0,0
27651.532,0,0
28513.981,0,0
28016.7,0,0
26128.377,0,0
23620.065,0,0
21107.895,0,0
20997.154,0,0
23293.942,0,0
25595.008,0,0
27280.564,0,0
28326.293,0,0
28958.59,0,0
29487.549,0,0
29757.871,0,0
29070.948,0,0
26852.269,0,0
24620.069,0,0
22229.759,0,0
21011.835,0,0
21412.365,0,0
21760.297,0,0
21999.294,0,0
21543.9,0,0
20382.378,0,0
18956.022,0,0
17527.807,0,0
16707.568,0,0
16396.689,0,0
16185.788,0,0
15874.866,0,0
16276.326,0,0
17391.71,0,0
18509.133,0,0
19363.873,0,0
20209.327,0,0
21056.49,0,0
22005.022,0,0
22854.926,0,0
22923.9,0,0
22209.075,0,0
21491.791,0,0
20632.171,0,0
19893.672,0,0
19121.003,0,0
17717.647,0,0
16187.169,0,0
12849.026,0,0
6508.894,0,0
0.0,1,1
0.0,1,1
0.0,1,1
0.0,1,1
0.0,1,1
0.0,1,1
0.0,1,1
0.0,1,1
0.0,1,1
0.0,1,1
0.0,1,1
0.0,1,1
0.0,1,1
0.0,1,1
0.0,1,1
0.0,1,1
0.0,1,1
0.0,1,1
0.0,1,1
0.0,1,1
0.0,1,1
0.0,1,1
0.0,1,1
0.0,1,1
0.0,0,0
0.0,0,0
0.0,0,0
0.0,0,0
0.0,0,0
0.0,0,0
0.0,0,0
0.0,0,0
0.0,0,0
956.517,0,0
6331.747,0,0
11383.807,0,0
16041.475,0,0
20703.075,0,0
24839.091,0,0
28386.925,0,0
31390.034,0,0
33804.951,0,0
34672.563,0,0
34383.443,0,0
34094.12,0,0
33804.594,0,0
33132.494,0,0
31945.137,0,0
30467.882,0,0
29089.577,0,0
28077.551,0,0
27532.236,0,0
26877.581,0,0
26169.091,0,0
25361.1,0,0
24553.822,0,0
23746.18,0,0
22938.172,0,0
22027.479,0,0
21013.718,0,0
19899.08,0,0
18783.564,0,0
18578.484,0,0
19085.478,0,0
19593.774,0,0
20103.376,0,0
18787.377,0,0
15643.564,0,0
10083.728,1,1
4376.383,1,1
2646.244,1,1
5865.122,1,1
8663.036,1,1
11562.736,1,1
14230.916,0,0
16464.604,0,0
18700.051,0,0
20310.347,0,0
21101.207,0,0
21099.77,0,0
20998.332,0,0
20896.893,0,0
20399.596,0,0
19505.953,0,0
18474.109,0,0
17141.479,0,0
16926.718,0,0
17830.712,0,0
18734.999,0,0
19639.579,0,0
19530.973,0,0
18140.65,0,0
16346.392,0,0
14637.795,0,0
12581.04,1,1
10266.392,1,1
8939.509,1,1
8513.669,1,1
5831.724,1,1
617.453,1,1
0.0,1,1
0.0,1,1
0.0,1,1
0.0,1,1
0.0,1,1
0.0,1,1
0.0,1,1
0.0,1,1
0.0,1,1
0.0,1,1
0.0,1,1
10121.581,1,1
16442.34,0,0
19447.563,0,0
21218.425,0,0
22657.802,0,0
23424.783,0,0
23838.858,0,0
23772.42,0,0
23025.938,0,0
21900.689,0,0
20396.129,0,0
18236.163,0,0
15251.305,0,0
16097.508,0,0
20583.612,0,0
24593.333,0,0
28161.153,0,0
29603.188,0,0
28974.945,0,0
29149.096,0,0
30140.766,0,0
31046.232,0,0
32147.957,0,0
33224.212,0,0
34273.986,0,0
35341.528,0,0
36229.727,0,0
36500.0,0,0
36400.0,0,0
36200.0,0,0
36000.0,0,0
35900.0,0,0
35700.0,0,0
35500.0,0,0
35400.0,0,0
35200.0,0,0
35000.0,0,0
34900.0,0,0
34700.0,0,0
34400.0,0,0
34100.0,0,0
33800.0,0,0
33465.949,0,0
33056.147,0,0
32636.321,0,0
32216.453,0,0
31796.541,0,0
31266.485,0,0
30626.331,0,0
29886.199,0,0
29246.089,0,0
28845.995,0,0
28785.921,0,0
28800.0,0,0
28600.0,0,0
28400.0,0,0
28100.0,0,0
27800.0,0,0
27600.0,0,0
27300.0,0,0
27100.0,0,0
26900.0,0,0
26700.0,0,0
26500.0,0,0
26375.862,0,0
26155.763,0,0
25935.642,0,0
25945.628,0,0
26085.756,0,0
26300.0,0,0
26300.0,0,0
26500.0,0,0
26700.0,0,0
26900.0,0,0
27100.0,0,0
27300.0,0,0
27231.866,0,0
26905.746,0,0
26338.789,0,0
26396.08,0,0
26983.445,0,0
27357.449,0,0
27219.993,0,0
27779.216,0,0
29057.122,0,0
28567.586,0,0
26152.025,0,0
24104.896,0,0
22344.769,1,1
20522.796,1,1
18844.473,1,1
16302.979,1,1
12874.791,1,1
11812.235,1,1
12944.1,1,1
14178.035,1,1
15426.029,1,1
14384.249,1,1
11046.47,1,1
7212.191,1,1
2987.443,1,1
2713.052,1,1
6222.407,1,1
8088.335,1,1
8176.459,1,1
10423.733,1,1
14893.019,1,1
19794.183,1,1
23766.79,0,0
24954.967,0,0
24319.934,0,0
24177.433,0,0
24484.144,0,0
25174.037,0,0
25878.51,0,0
26135.18,0,0
26388.137,0,0
27805.44,0,0
30092.555,0,0
32189.66,0,0
33872.632,0,0
34866.888,0,0
35335.723,0,0
35400.0,0,0
35200.0,0,0
35100.0,0,0
34900.0,0,0
34700.0,0,0
34400.0,0,0
34200.0,0,0
33976.185,0,0
33637.937,0,0
33379.887,0,0
33121.779,0,0
32691.567,0,0
32308.56,0,0
32296.974,0,0
32385.455,0,0
32322.483,0,0
31707.78,0,0
30186.38,0,0
28484.493,0,0
26223.362,0,0
22472.788,1,1
15951.592,1,1
5888.177,1,1
0.0,1,1
0.0,1,1
1002.747,1,1
9585.304,1,1
16335.591,0,0
19256.004,0,0
20843.411,0,0
21916.658,0,0
22990.433,0,0
23943.461,0,0
24453.568,0,0
24915.673,0,0
25378.016,0,0
25751.209,0,0
25935.152,0,0
26130.028,0,0
26089.503,0,0
26069.548,0,0
25934.603,0,0
25460.489,0,0
25086.205,0,0
25138.483,0,0
25617.552,0,0
26196.757,0,0
26676.098,0,0
26401.597,0,0
25373.152,0,0
24022.547,0,0
22152.203,0,0
20944.724,0,0
20357.118,0,0
20703.49,0,0
22102.379,0,0
23858.011,0,0
26162.155,0,0
26981.374,0,0
26206.96,0,0
25419.086,0,0
24739.843,0,0
25261.049,0,0
26543.835,0,0
27484.497,0,0
27539.333,0,0
25811.778,0,0
22605.784,0,0
19655.095,0,0
17416.239,0,0
15090.101,0,0
12318.72,1,1
8389.025,1,1
2634.321,1,1
0.0,1,1
0.0,1,1
0.0,1,1
0.0,1,1
0.0,1,1
0.0,1,1
0.0,1,1
0.0,1,1
0.0,1,1
0.0,1,1
0.0,1,1
0.0,1,1
0.0,1,1
0.0,1,1
0.0,1,1
0.0,1,1
2608.342,1,1
13885.581,1,1
19432.483,0,0
21409.427,0,0
22832.568,0,0
24596.306,0,0
25906.55,0,0
26806.268,0,0
27606.521,0,0
28346.575,0,0
29098.721,0,0
29971.615,0,0
30845.137,0,0
31530.304,0,0
31188.238,0,0
29581.087,0,0
27863.358,0,0
26090.291,0,0
25084.471,0,0
25585.294,0,0
26033.264,0,0
26272.709,0,0
25581.48,0,0
23066.327,0,0
20650.381,0,0
17726.175,0,0
16576.595,0,0
18135.761,0,0
18944.031,0,0
19753.165,0,0
20458.808,0,0
20960.635,0,0
21409.555,0,0
21749.703,0,0
21768.949,0,0
21567.057,0,0
21265.163,0,0
21063.269,0,0
19643.927,0,0
16610.582,0,0
13575.2,0,0
8310.485,0,0
9568.488,0,0
15491.377,0,0
19599.307,0,0
22757.183,0,0
23365.115,0,0
21494.193,0,0
19664.064,0,0
17296.141,0,0
16377.234,0,0
16980.255,0,0
17683.494,0,0
18286.951,0,0
20854.086,0,0
23826.138,0,0
24856.384,0,0
24491.522,0,0
23469.316,0,0
22790.024,0,0
21601.642,0,0
19712.954,0,0
17817.482,0,0
15931.194,0,0
15293.834,0,0
15971.989,0,0
16751.632,0,0
17420.69,0,0
16858.669,0,0
14777.855,0,0
11889.475,0,0
8275.852,0,0
6791.135,1,0
8384.262,0,0
9974.277,0,0
12128.146,0,0
12189.82,0,0
9745.059,0,0
8138.579,0,0
7409.469,1,0
8179.288,0,0
10386.207,0,0
11756.177,0,0
12094.691,0,0
13917.624,0,0
16998.775,0,0
19653.388,0,0
21803.847,0,0
23038.87,0,0
23365.164,0,0
24057.192,0,0
25115.916,0,0
27889.382,0,0
32279.55,0,0
33665.4,0,0
31992.521,0,0
29792.679,0,0
27312.816,0,0
25077.937,0,0
23586.893,0,0
22644.55,0,0
22055.347,0,0
13857.656,0,0
0.0,1,1
0.0,1,1
0.0,1,1
0.0,1,1
0.0,1,1
0.0,1,1
0.0,1,1
0.0,1,1
0.0,1,1
0.0,1,1
0.0,1,1
0.0,1,1
0.0,1,1
0.0,1,1
0.0,1,1
0.0,1,1
0.0,1,1
1549.894,1,1
3380.25,1,1
4912.434,1,1
6246.447,1,1
7006.225,1,1
7662.664,0,1
5050.975,1,1
0.0,1,1
0.0,1,1
0.0,1,1
0.0,1,1
0.0,1,1
0.0,1,1
0.0,1,1
0.0,1,1
0.0,1,1
4121.948,1,1
7869.368,0,0
11266.135,0,0
13653.605,0,0
15280.894,0,0
16909.957,0,0
18440.797,0,0
19772.086,0,0
20866.58,0,0
22062.379,0,0
23718.319,0,0
25360.279,0,0
26760.939,0,0
27263.584,0,0
27615.039,0,0
27595.168,0,0
27426.36,0,0
27145.42,0,0
25167.647,0,0
21139.538,0,0
19111.949,0,0
19856.604,0,0
20321.847,0,0
20184.861,0,0
19756.972,0,0
18850.654,0,0
17722.239,0,0
16493.804,0,0
15986.243,0,0
16289.612,0,0
15841.735,0,0
14835.364,0,0
15550.142,0,0
18191.548,0,0
20280.913,0,0
21815.536,0,0
23866.918,0,0
26231.346,0,0
28773.931,0,0
31100.254,0,0
31610.163,0,0
29200.151,0,0
27761.792,0,0
27413.569,0,0
28582.777,0,0
30808.92,0,0
33608.679,0,0
35039.596,0,0
34799.024,0,0
33168.028,0,0
31027.531,0,0
29625.759,0,0
28910.711,0,0
28989.309,0,0
28204.169,0,0
26829.149,0,0
27521.866,0,0
30119.858,0,0
31232.208,0,0
30055.377,0,0
27033.014,0,0
22209.487,0,0
19669.701,0,0
21862.681,0,0
23394.178,0,0
24825.971,0,0
25237.434,0,0
24628.288,0,0
24019.067,0,0
23409.773,0,0
20451.501,0,0
11590.941,0,0
0.0,1,1
0.0,1,1
0.0,1,1
0.0,1,1
504.744,1,1
8471.113,0,1
5875.704,1,1
0.0,1,1
0.0,1,1
0.0,1,1
0.0,1,1
0.0,1,1
0.0,1,1
0.0,1,1
0.0,1,1
0.0,1,1
0.0,1,1
0.0,1,1
0.0,1,1
0.0,1,1
0.0,1,1
0.0,1,1
0.0,1,1
0.0,1,1
0.0,1,1
0.0,1,1
0.0,1,1
0.0,1,1
0.0,1,1
6114.614,1,1
9075.521,0,1
7962.749,1,1
6949.773,1,1
5936.596,1,1
8628.907,1,1
14218.374,0,0
17800.981,0,0
20889.481,0,0
23038.167,0,0
24284.411,0,0
24828.231,0,0
25458.213,0,0
24272.502,0,0
21262.639,0,0
19188.263,0,0
18082.349,0,0
16072.696,0,0
13025.04,0,0
12217.255,0,0
13897.947,0,0
16050.658,0,0
17611.649,0,0
18125.623,0,0
19139.723,0,0
20815.92,0,0
20116.097,0,0
19335.434,0,0
15820.586,0,0
10631.178,0,0
3415.69,1,1
3161.504,1,1
10311.48,0,0
15634.288,0,0
18704.934,0,0
20978.599,0,0
24246.774,0,0
29242.769,0,0
32568.757,0,0
32745.702,0,0
32745.647,0,0
33305.338,0,0
26838.002,0,0
26542.29,0,0
26146.354,0,0
21930.713,0,0
14106.236,0,0
13787.427,0,0
20536.352,0,0
24977.371,0,0
27220.203,0,0
28042.26,0,0
27310.793,0,0
26597.45,0,0
25860.072,0,0
23984.613,0,0
21714.424,0,0
21940.321,0,0
24581.723,0,0
27079.167,0,0
28958.375,0,0
30120.796,0,0
30361.526,0,0
30447.18,0,0
30532.885,0,0
29616.49,0,0
26988.59,0,0
23986.149,0,0
20428.67,0,0
16842.706,0,0
13431.915,0,0
10120.526,0,0
6385.032,1,1
7309.612,1,1
11921.467,0,0
16601.979,0,0
19722.607,0,0
20337.081,0,0
18922.145,0,0
17507.062,0,0
16091.831,0,0
15893.515,0,0
16912.555,0,0
17932.037,0,0
18951.96,0,0
19566.383,0,0
19775.224,0,0
20030.509,0,0
20075.817,0,0
19997.919,0,0
19796.632,0,0
19595.344,0,0
19394.056,0,0
20337.741,0,0
22326.969,0,0
23850.039,0,0
25190.935,0,0
25813.338,0,0
25873.813,0,0
25781.847,0,0
25789.777,0,0
25757.831,0,0
25485.906,0,0
25313.736,0,0
24992.39,0,0
24021.381,0,0
21964.179,0,0
19071.067,0,0
15165.586,0,0
14171.856,0,0
15804.28,0,0
17097.761,0,0
17889.772,0,0
17917.994,0,0
17600.277,0,0
16445.957,0,0
14337.664,0,0
11540.942,1,1
8899.729,1,1
7745.407,1,1
8464.674,1,1
8595.357,1,1
8288.573,1,1
8160.87,1,1
8148.58,1,1
7170.095,1,1
5251.008,1,1
7039.252,1,1
12562.758,0,0
18559.184,0,0
24353.58,0,0
25142.309,0,0
21492.394,0,0
17683.812,0,0
13703.499,0,0
11942.392,1,0
12771.342,0,0
12969.199,0,0
12797.577,0,0
12233.591,1,1
11248.908,1,1
8377.082,1,1
2110.193,1,1
0.0,1,1
0.0,1,1
0.0,1,1
0.0,1,1
1404.278,1,1
7448.722,1,1
10813.479,1,1
12550.241,1,1
14625.356,0,0
16821.603,0,0
19448.07,0,0
21810.382,0,0
23420.708,0,0
25032.19,0,0
25535.113,0,0
24928.445,0,0
24321.558,0,0
23614.452,0,0
24623.896,0,0
26780.42,0,0
28602.852,0,0
30368.564,0,0
31070.205,0,0
31339.728,0,0
31709.559,0,0
31979.697,0,0
31867.59,0,0
31727.227,0,0
31486.908,0,0
31246.631,0,0
30936.357,0,0
30456.101,0,0
30075.91,0,0
29500.0,0,0
29100.0,0,0
28800.0,0,0
28600.0,0,0
28300.0,0,0
28100.0,0,0
27700.0,0,0
27400.0,0,0
27100.0,0,0
26800.0,0,0
26500.0,0,0
26300.0,0,0
26000.0,0,0
25900.0,0,0
25900.0,0,0
26000.0,0,0
26000.0,0,0
26100.0,0,0
26300.0,0,0
26400.0,0,0
26600.0,0,0
26900.0,0,0
27400.0,0,0
27900.0,0,0
28300.0,0,0
28600.0,0,0
28323.213,0,0
28159.544,0,0
27992.138,0,0
25876.136,0,0
21633.416,0,0
18412.84,0,0
16161.211,0,0
13868.947,0,0
11757.411,0,0
10477.328,0,0
9925.678,1,0
10058.864,0,0
9971.355,0,0
9710.911,1,1
4584.586,1,1
0.0,1,1
0.0,1,1
0.0,1,1
0.0,1,1
0.0,1,1
0.0,1,1
0.0,1,1
0.0,1,1
0.0,1,1
2295.441,1,1
5183.194,1,1
5453.073,1,1
7081.011,1,1
9938.372,1,1
9061.238,1,1
4537.65,1,1
259.907,1,1
0.0,1,1
0.0,1,1
2628.098,1,1
7583.598,1,1
11950.231,0,0
13379.214,0,0
12775.519,0,0
13121.158,0,0
14485.573,0,0
18122.164,0,0
22604.082,0,0
25940.84,0,0
28611.236,0,0
31448.143,0,0
33943.939,0,0
34800.0,0,0
34700.0,0,0
34600.0,0,0
34500.0,0,0
34400.0,0,0
34200.0,0,0
34100.0,0,0
34000.0,0,0
33900.0,0,0
33700.0,0,0
33500.0,0,0
33300.0,0,0
33100.0,0,0
32800.0,0,0
32400.0,0,0
32100.0,0,0
31800.0,0,0
31700.0,0,0
31500.0,0,0
31300.0,0,0
30800.0,0,0
30000.0,0,0
29200.0,0,0
28300.0,0,0
27900.0,0,0
27900.0,0,0
27900.0,0,0
27800.0,0,0
27700.0,0,0
27300.0,0,0
27000.0,0,0
26700.0,0,0
26500.0,0,0
26300.0,0,0
26100.0,0,0
26000.0,0,0
25800.0,0,0
25700.0,0,0
25600.0,0,0
25500.0,0,0
25500.0,0,0
25500.0,0,0
25600.0,0,0
25600.0,0,0
25800.0,0,0
26000.0,0,0
26200.0,0,0
26400.0,0,0
26393.185,0,0
25798.737,0,0
25384.202,0,0
24891.538,0,0
23961.789,0,0
22561.939,1,1
21670.274,1,1
21401.765,1,1
21171.244,1,1
20977.841,1,1
21105.872,1,1
21755.691,1,1
22029.851,1,1
21928.578,1,1
22208.444,1,1
22669.049,1,1
23468.714,0,0
24407.4,0,0
24200.485,0,0
22645.479,1,1
21370.649,1,1
20275.009,1,1
19567.576,1,1
19249.96,1,1
17977.234,1,1
15862.748,1,1
16207.613,1,1
18787.125,1,1
20807.893,1,1
22203.21,1,1
22802.393,1,1
22656.526,1,1
22861.687,0,0
23339.534,0,0
23446.847,0,0
23114.393,0,0
22912.3,0,0
22839.147,0,0
23436.691,0,0
24678.723,0,0
25517.03,0,0
26164.236,0,0
27256.58,0,0
28832.275,0,0
30171.0,0,0
31495.054,0,0
32480.097,0,0
33029.006,0,0
33279.701,0,0
33079.615,0,0
32879.529,0,0
32679.443,0,0
32648.617,0,0
32587.089,0,0
32600.0,0,0
32400.0,0,0
32300.0,0,0
32200.0,0,0
32000.0,0,0
31856.3,0,0
31716.667,0,0
31616.652,0,0
31516.637,0,0
31416.622,0,0
31217.472,0,0
30719.133,0,0
30320.723,0,0
29225.883,0,0
28541.561,0,0
28219.845,0,0
27998.331,0,0
27777.022,0,0
27499.387,0,0
27618.552,0,0
27637.717,0,0
27756.882,0,0
27685.977,0,0
27400.0,0,0
27100.0,0,0
26800.0,0,0
26500.0,0,0
26400.0,0,0
26200.0,0,0
26016.435,0,0
25776.699,0,0
25856.171,0,0
25900.0,0,0
25800.0,0,0
25800.0,0,0
25800.0,0,0
25800.0,0,0
25800.0,0,0
25900.0,0,0
26100.0,0,0
26400.0,0,0
26600.0,0,0
26681.901,0,0
26628.764,0,0
26568.46,0,0
26504.247,0,0
26248.07,0,0
25803.954,0,0
24318.33,0,0
21963.951,0,0
19772.066,0,0
17603.197,0,0
15796.512,0,0
14161.925,0,0
12242.319,0,0
9957.658,1,1
9063.763,1,1
9788.045,1,1
9706.91,1,1
8710.723,1,1
9580.699,1,1
12325.616,0,0
14172.853,0,0
15030.947,0,0
18004.083,0,0
23135.329,0,0
29783.954,0,0
33708.337,0,0
33750.287,0,0
31398.928,0,0
27731.741,0,0
25132.857,0,0
24059.183,0,0
24517.948,0,0
24334.142,0,0
23507.689,0,0
23739.059,0,0
24943.784,0,0
26120.81,0,0
27457.905,0,0
28310.829,0,0
28585.192,0,0
29044.125,0,0
29684.598,0,0
29978.499,0,0
30029.701,0,0
30203.458,0,0
30399.105,0,0
30709.203,0,0
31123.823,0,0
30793.905,0,0
29753.13,0,0
28217.424,0,0
26650.801,0,0
23907.001,0,0
19195.069,0,0
11402.176,1,1
1538.324,1,1
0.0,1,1
0.0,1,1
723.73,1,1
2646.829,1,1
0.0,1,1
0.0,1,1
0.0,1,1
0.0,1,1
0.0,1,1
0.0,1,1
0.0,1,1
0.0,1,1
0.0,1,1
0.0,1,1
0.0,1,1
0.0,1,1
0.0,1,1
0.0,1,1
0.0,1,1
7715.243,0,1
7512.514,1,1
0.0,1,1
0.0,1,1
0.0,1,1
0.0,1,1
0.0,1,1
0.0,1,1
0.0,1,1
0.0,1,1
0.0,1,1
0.0,1,1
7819.998,0,0
13148.451,0,0
16064.72,0,0
18739.572,0,0
20900.934,0,0
22547.439,0,0
23357.008,0,0
24218.508,0,0
24980.128,0,0
25488.005,0,0
25724.965,0,0
25854.634,0,0
25928.692,0,0
25488.383,0,0
24216.09,0,0
22961.384,0,0
21681.531,0,0
19182.752,0,0
14888.093,0,0
11457.252,0,0
8829.743,0,0
6948.065,1,0
8696.667,0,0
10121.817,0,0
11024.797,0,0
11717.47,0,0
12098.272,0,0
10843.452,0,0
8038.412,0,0
5890.698,1,1
4605.699,1,1
4679.334,1,1
6115.721,1,1
7813.008,0,0
9573.21,0,0
13026.839,0,0
17791.246,0,0
21046.908,0,0
22603.242,0,0
23513.333,0,0
23882.304,0,0
25970.786,0,0
29495.719,0,0
29889.385,0,0
26093.038,0,0
19430.537,0,0
10552.229,0,0
10140.054,0,0
17163.095,0,0
21555.65,0,0
23534.347,0,0
25383.894,0,0
27133.363,0,0
28788.158,0,0
29993.717,0,0
30902.699,0,0
31261.413,0,0
31516.201,0,0
31689.299,0,0
31862.662,0,0
32036.29,0,0
31461.43,0,0
30137.288,0,0
28476.667,0,0
26522.367,0,0
25077.901,0,0
24235.621,0,0
23132.402,0,0
22028.291,0,0
19723.26,0,0
14578.966,0,0
8317.134,0,0
0.0,1,1
0.0,1,1
5254.623,1,1
10221.801,0,0
14829.926,0,0
14423.358,0,0
9096.418,0,0
3201.924,1,1
0.0,1,1
0.0,1,1
4715.992,0,0
10791.767,0,0
15752.434,0,0
16654.648,0,0
15141.15,0,0
13626.566,0,0
11195.366,0,0
7159.69,0,0
1303.847,0,0
0.0,1,1
0.0,1,1
0.0,1,1
0.0,1,1
0.0,1,1
0.0,1,1
0.0,1,1
0.0,1,1
0.0,1,1
0.0,1,1
0.0,1,1
0.0,1,1
0.0,1,1
0.0,1,1
2607.781,0,0
8888.341,0,0
13878.197,0,0
17181.643,0,0
18334.844,0,0
18022.481,0,0
17109.138,0,0
15691.062,0,0
13318.137,0,0
9457.613,0,0
6106.768,0,0
3362.533,0,0
0.0,1,1
0.0,1,1
0.0,1,1
0.0,1,1
683.349,0,0
5160.371,0,0
5439.142,0,0
20.447,0,0
0.0,1,1
0.0,1,1
0.0,1,1
0.0,1,1
0.0,1,1
0.0,0,0
0.0,0,0
0.0,0,0
10889.662,0,0
9353.651,0,0
6309.208,0,0
0.0,0,0
0.0,0,0
0.0,0,0
0.0,0,0
0.0,0,0
0.0,0,0
0.0,0,0
0.0,0,0
1200.862,0,0
4424.585,0,0
5463.623,0,0
9213.766,0,0
14488.978,0,0
17639.19,0,0
19930.214,0,0
21816.759,0,0
23110.642,0,0
23139.336,0,0
21747.857,0,0
20455.749,0,0
18162.882,0,0
17958.75,0,0
19745.009,0,0
20631.528,0,0
21518.675,0,0
19927.301,0,0
13068.744,0,0
4496.092,0,0
0.0,0,0
0.0,0,0
0.0,0,0
0.0,0,0
2002.164,0,0
7166.117,0,0
11667.78,0,0
16240.427,0,0
19386.455,0,0
20973.712,0,0
21864.225,0,0
22462.294,0,0
22826.531,0,0
21477.901,0,0
17565.723,0,0
12354.474,0,0
4683.091,0,0
741.484,0,0
2550.298,0,0
3891.498,0,0
5130.231,0,0
3383.234,0,0
0.0,1,1
0.0,1,1
0.0,1,1
0.0,1,1
0.0,1,1
0.0,1,1
2461.511,0,0
6250.629,0,0
9598.213,0,0
12543.01,0,0
14439.027,0,0
15436.801,0,0
15635.854,0,0
15834.907,0,0
16033.96,0,0
17233.035,0,0
19289.794,0,0
20870.206,0,0
22449.199,0,0
22465.269,0,0
21112.037,0,0
19903.658,0,0
18909.833,0,0
17175.24,0,0
14883.547,0,0
10105.181,0,0
3686.011,0,0
0.0,1,1
0.0,1,1
0.0,1,1
2647.864,0,1
0.0,1,1
0.0,1,1
0.0,1,1
0.0,1,1
0.0,1,1
0.0,1,1
0.0,1,1
0.0,1,1
0.0,1,1
0.0,1,1
0.0,1,1
0.0,1,1
0.0,1,1
0.0,1,1
0.0,1,1
0.0,0,0
0.0,0,0
4823.733,0,0
11414.55,0,0
16672.994,0,0
19019.235,0,0
19881.388,0,0
20817.331,0,0
21825.134,0,0
23085.237,0,0
24683.043,0,0
25423.275,0,0
25473.535,0,0
25382.351,0,0
25254.092,0,0
25859.547,0,0
27279.626,0,0
27568.552,0,0
26595.716,0,0
25523.498,0,0
24363.965,0,0
22773.277,0,0
20984.546,0,0
19096.94,0,0
16467.963,0,0
17352.621,0,0
20300.904,0,0
22986.674,0,0
25111.167,0,0
26638.097,0,0
27555.698,0,0
28207.909,0,0
28860.161,0,0
28621.45,0,0
27492.609,0,0
25975.502,0,0
24328.861,0,0
22945.505,0,0
21518.144,0,0
19933.078,0,0
18348.878,0,0
18445.486,0,0
20196.276,0,0
21442.132,0,0
22687.734,0,0
23572.008,0,0
23835.011,0,0
23998.798,0,0
24162.421,0,0
24186.957,0,0
24172.477,0,0
24157.931,0,0
24143.321,0,0
24460.027,0,0
24801.401,0,0
24937.238,0,0
24973.027,0,0
25179.69,0,0
25457.241,0,0
25800.0,0,0
26000.0,0,0
26300.0,0,0
26600.0,0,0
27000.0,0,0
27300.0,0,0
27169.442,0,0
26561.367,0,0
25834.636,0,0
25198.532,0,0
23241.492,0,0
20013.739,0,0
18233.153,0,0
18215.03,0,0
17396.231,1,1
15594.039,1,1
15808.013,1,1
18080.409,1,1
20313.113,0,0
22566.48,0,0
23018.893,0,0
21617.822,0,0
20897.53,0,0
20968.093,0,0
19179.902,0,0
15043.827,1,1
11226.92,1,1
7740.771,1,1
6488.066,1,1
7901.975,1,1
8113.911,1,1
6925.117,1,1
6829.16,1,1
7722.927,1,1
7894.943,1,1
7089.405,1,1
7082.604,1,1
8211.865,1,1
10241.153,1,1
12914.685,1,1
14479.923,1,1
13887.408,1,1
12187.923,1,1
10427.19,1,1
12517.776,1,1
18134.44,0,0
22620.925,0,0
26202.812,0,0
28089.599,0,0
28339.138,0,0
29006.951,0,0
30180.542,0,0
30924.335,0,0
31180.753,0,0
31484.444,0,0
31852.919,0,0
31947.937,0,0
32143.069,0,0
32119.236,0,0
31876.396,0,0
31733.614,0,0
31590.892,0,0
31419.529,0,0
31219.481,0,0
31019.432,0,0
30919.383,0,0
30690.571,0,0
30432.951,0,0
30075.271,0,0
29817.531,0,0
29707.762,0,0
29646.045,0,0
29584.374,0,0
29522.75,0,0
29193.744,0,0
28597.233,0,0
28000.604,0,0
27303.857,0,0
26801.792,0,0
26047.274,0,0
25291.398,0,0
24534.158,0,0
22974.395,0,0
19822.555,0,0
16231.415,0,0
12153.636,0,0
8927.312,0,0
9424.229,0,0
9822.995,0,0
10323.616,0,0
8942.073,0,0
5770.451,0,0
2590.106,0,0
0.0,1,1
0.0,1,1
0.0,1,1
0.0,1,1
0.0,1,1
0.0,1,1
0.0,1,1
0.0,1,1
0.0,1,1
132.84,0,0
2170.981,0,0
3271.789,0,0
3804.51,0,0
4814.506,0,0
5292.975,0,0
5829.462,0,0
4454.314,0,0
0.0,1,1
0.0,1,1
0.0,1,1
0.0,1,1
0.0,1,1
0.0,1,1
0.0,1,1
0.0,1,1
0.0,1,1
0.0,1,1
0.0,1,1
0.0,1,1
0.0,1,1
0.0,1,1
0.0,1,1
0.0,0,0
0.0,0,0
0.0,0,0
0.0,0,0
0.0,0,0
0.0,0,0
0.0,0,0
0.0,0,0
0.0,0,0
0.0,0,0
1513.031,0,0
1387.107,0,0
0.0,0,0
0.0,0,0
0.0,0,0
0.0,0,0
3376.654,0,0
9960.261,0,0
15003.658,0,0
18837.271,0,0
21988.95,0,0
24827.887,0,0
27560.053,0,0
30074.035,0,0
32100.591,0,0
32800.0,0,0
32700.0,0,0
32600.0,0,0
32400.0,0,0
32300.0,0,0
32200.0,0,0
32100.0,0,0
31900.0,0,0
31800.0,0,0
31600.0,0,0
31500.0,0,0
31300.0,0,0
31100.0,0,0
30900.0,0,0
30600.0,0,0
30400.0,0,0
30100.0,0,0
29900.0,0,0
29700.0,0,0
29500.0,0,0
29100.0,0,0
28500.0,0,0
27800.0,0,0
27200.0,0,0
26800.0,0,0
26800.0,0,0
26700.0,0,0
26700.0,0,0
26600.0,0,0
26300.0,0,0
26100.0,0,0
25697.782,0,0
25478.137,0,0
25356.678,0,0
25200.0,0,0
25000.0,0,0
24800.0,0,0
24800.0,0,0
24656.649,0,0
24578.023,0,0
24558.35,0,0
24697.655,0,0
24736.967,0,0
24876.287,0,0
25000.0,0,0
25100.0,0,0
25200.0,0,0
25400.0,0,0
25204.177,0,0
24871.84,0,0
24423.115,0,0
24066.051,0,0
24405.611,0,0
25435.106,0,0
25362.035,0,0
23969.478,0,0
23430.704,0,0
23764.099,0,0
22768.84,0,0
20712.509,1,1
17721.593,1,1
13769.466,1,1
14068.424,1,1
18761.437,1,1
22297.326,0,0
24793.635,0,0
26829.649,0,0
28472.534,0,0
31134.8,0,0
27055.141,0,0
27453.924,0,0
27852.704,0,0
26135.556,0,0
22483.084,0,0
20394.251,1,1
19981.331,1,1
18176.456,1,1
14990.867,1,1
14978.824,1,1
17911.591,1,1
20155.98,1,1
21618.293,0,0
23074.934,0,0
24421.174,0,0
26172.179,0,0
28417.997,0,0
29589.52,0,0
29805.775,0,0
30385.739,0,0
31123.552,0,0
31513.837,0,0
31664.602,0,0
31675.531,0,0
31744.823,0,0
31824.475,0,0
31529.743,0,0
30350.26,0,0
27880.694,0,0
24627.994,0,0
20406.173,1,1
18514.412,1,1
19107.096,1,1
19700.06,1,1
20293.305,1,1
21483.008,0,0
23343.853,0,0
24597.488,0,0
25951.895,0,0
25195.476,0,0
22165.761,0,0
18280.454,1,1
12703.561,1,1
10799.083,1,1
13838.625,1,1
16576.127,1,1
18267.696,1,1
20058.208,1,1
21781.358,0,0
22976.554,0,0
24215.821,0,0
24617.483,0,0
24804.362,0,0
24891.308,0,0
25078.319,0,0
24268.673,0,0
22299.563,0,0
19805.586,0,0
17034.03,0,0
14832.192,1,1
13829.283,1,1
12925.945,1,1
11922.179,1,1
10956.325,1,1
10128.402,1,1
9400.09,1,1
8571.389,1,1
6936.454,1,1
4394.56,1,1
1751.306,1,1
0.0,1,1
750.698,1,1
6386.521,1,1
11882.177,1,1
15089.616,1,1
18062.336,0,0
20069.387,0,0
22006.671,0,0
23204.944,0,0
22524.487,0,0
19547.264,0,0
16244.89,0,0
12235.216,1,1
7938.556,1,1
3506.561,1,1
0.0,1,1
0.0,1,1
0.0,1,1
3813.729,1,1
11960.774,1,1
17729.752,0,0
21213.128,0,0
22877.49,0,0
22133.632,0,0
19188.477,0,0
16879.128,0,0
15237.229,0,0
15483.186,0,0
17569.436,0,0
19876.494,0,0
22307.378,0,0
24251.949,0,0
25886.2,0,0
26664.292,0,0
26736.206,0,0
26550.825,0,0
25908.676,0,0
25326.791,0,0
24605.85,0,0
25009.199,0,0
26476.705,0,0
27994.912,0,0
29563.012,0,0
30091.223,0,0
29592.25,0,0
29263.348,0,0
28905.931,0,0
29394.274,0,0
30520.272,0,0
32012.789,0,0
32715.253,0,0
32715.218,0,0
32700.0,0,0
32600.0,0,0
32400.0,0,0
32146.824,0,0
31869.924,0,0
31581.422,0,0
31381.365,0,0
31181.308,0,0
30981.252,0,0
30920.539,0,0
30899.191,0,0
30877.872,0,0
30956.58,0,0
30756.572,0,0
30577.806,0,0
30399.013,0,0
30220.191,0,0
29892.109,0,0
29514.765,0,0
28582.918,0,0
27536.735,0,0
26572.32,0,0
25689.709,0,0
24906.998,0,0
23871.07,0,0
23763.739,0,0
24469.8,0,0
25028.132,0,0
25586.698,0,0
25957.24,0,0
26039.618,0,0
25933.407,0,0
25792.575,0,0
25423.41,0,0
24332.72,0,0
23190.256,0,0
22047.456,0,0
21510.489,0,0
21981.936,0,0
22352.816,0,0
22723.865,0,0
23195.159,0,0
23666.633,0,0
24138.192,0,0
24371.894,0,0
24471.823,0,0
24537.886,0,0
24365.806,0,0
24193.558,0,0
24162.427,0,0
24033.466,0,0
23888.265,0,0
23734.446,0,0
24190.726,0,0
25590.914,0,0
24990.841,0,0
22306.495,0,0
20290.248,0,0
18984.552,0,0
17610.724,0,0
16170.858,0,0
13547.247,0,0
9527.975,0,0
8428.373,1,0
10430.638,0,0
11453.527,0,0
11256.248,0,0
12320.991,0,0
14746.39,0,0
17231.576,0,0
19680.418,0,0
20469.153,0,0
19849.305,0,0
18728.865,0,0
17362.405,0,0
18404.138,0,0
22053.23,0,0
25147.5,0,0
27791.477,0,0
28468.757,0,0
27195.873,0,0
26406.617,0,0
25265.477,0,0
23446.294,0,0
20563.875,0,0
18948.076,0,0
18398.323,0,0
19584.674,0,0
22399.461,0,0
24259.616,0,0
25262.861,0,0
25378.198,0,0
24828.994,0,0
23969.212,0,0
22204.214,0,0
20267.99,0,0
17663.097,0,0
9711.273,0,0
0.0,1,1
0.0,1,1
0.0,1,1
0.0,1,1
0.0,1,1
0.0,1,1
0.0,1,1
0.0,1,1
0.0,1,1
0.0,1,1
0.0,1,1
0.0,1,1
0.0,1,1
0.0,1,1
0.0,1,1
0.0,1,1
0.0,1,1
0.0,1,1
0.0,1,1
0.0,1,1
0.0,1,1
0.0,1,1
0.0,1,1
0.0,1,1
0.0,1,1
0.0,1,1
0.0,1,1
0.0,1,1
0.0,1,1
0.0,1,1
0.0,1,1
0.0,1,1
0.0,1,1
0.0,1,1
0.0,1,1
0.0,1,1
0.0,1,1
0.0,1,1
0.0,1,1
0.0,1,1
0.0,1,1
1973.874,0,0
8004.417,0,0
12166.691,0,0
14261.415,0,0
16356.139,0,0
18398.138,0,0
19263.537,0,0
19350.874,0,0
19525.271,0,0
19592.607,0,0
19290.367,0,0
18202.516,0,0
16016.415,0,0
11665.844,0,0
7856.967,0,0
7053.372,0,0
6663.041,0,0
6692.395,0,0
5417.132,0,0
2809.137,0,0
781.255,0,0
0.0,1,1
0.0,1,1
0.0,1,1
0.0,1,1
0.0,1,1
0.0,1,1
0.0,0,0
2830.567,0,0
15228.752,0,0
22659.366,0,0
25399.285,0,0
28007.243,0,0
30016.873,0,0
27977.293,0,0
21265.856,0,0
14471.665,0,0
7586.028,0,0
7067.874,0,0
12925.711,0,0
16217.351,0,0
17073.59,0,0
19220.682,0,0
22052.522,0,0
23711.86,0,0
23833.505,0,0
23635.833,0,0
22515.634,0,0
21878.565,0,0
21196.842,0,0
21646.619,0,0
23254.482,0,0
25362.632,0,0
27222.654,0,0
27762.519,0,0
27128.002,0,0
26493.028,0,0
25857.597,0,0
25437.909,0,0
25234.302,0,0
24930.692,0,0
24627.079,0,0
25245.643,0,0
26587.527,0,0
28000.451,0,0
28826.674,0,0
29375.263,0,0
29645.827,0,0
29916.847,0,0
30188.325,0,0
30078.991,0,0
29937.274,0,0
29795.618,0,0
29654.024,0,0
29302.716,0,0
28841.68,0,0
28380.685,0,0
27919.732,0,0
27649.018,0,0
27568.529,0,0
27588.064,0,0
27507.624,0,0
27219.172,0,0
26722.481,0,0
26125.51,0,0
24937.286,0,0
24166.36,0,0
23964.982,0,0
23763.603,0,0
23562.222,0,0
23130.979,0,0
22469.169,0,0
21705.544,0,0
20572.225,0,0
19932.116,0,0
19485.847,0,0
19038.938,0,0
18591.388,0,0
18834.268,0,0
19768.849,0,0
20704.487,0,0
21641.183,0,0
21261.509,0,0
19347.258,0,0
17154.57,0,0
14417.115,0,0
11756.806,0,0
8561.017,0,0
6445.336,0,0
6663.735,0,0
6890.669,0,0
7231.098,0,0
5337.999,0,0
385.425,0,0
0.0,1,1
0.0,1,1
0.0,1,1
0.0,1,1
0.0,1,1
0.0,1,1
0.0,1,1
0.0,1,1
0.0,1,1
0.0,1,1
0.0,1,1
0.0,1,1
0.0,1,1
0.0,1,1
0.0,1,1
0.0,1,1
0.0,1,1
0.0,1,1
0.0,1,1
0.0,1,1
0.0,1,1
0.0,1,1
0.0,1,1
0.0,1,1
0.0,0,0
0.0,0,0
0.0,0,0
0.0,0,0
0.0,0,0
0.0,0,0
0.0,0,0
0.0,0,0
0.0,0,0
0.0,0,0
5443.06,0,0
13118.971,0,0
15768.991,0,0
14588.491,0,0
13307.23,0,0
12025.208,0,0
13789.873,0,0
18543.217,0,0
21115.956,0,0
23690.65,0,0
24685.244,0,0
24682.804,0,0
24580.361,0,0
24577.917,0,0
25202.693,0,0
26555.461,0,0
27778.575,0,0
28611.353,0,0
29164.506,0,0
29337.738,0,0
29611.234,0,0
29884.994,0,0
29605.685,0,0
29223.217,0,0
28840.833,0,0
28458.532,0,0
28176.318,0,0
28000.0,0,0
27900.0,0,0
27700.0,0,0
27400.0,0,0
27000.0,0,0
26700.0,0,0
26300.0,0,0
26000.0,0,0
25800.0,0,0
25700.0,0,0
25500.0,0,0
25400.0,0,0
25400.0,0,0
25500.0,0,0
25500.0,0,0
25600.0,0,0
25700.0,0,0
25800.0,0,0
26000.0,0,0
26200.0,0,0
26600.0,0,0
27000.0,0,0
27500.0,0,0
27700.0,0,0
27823.794,0,0
27969.997,0,0
28015.263,0,0
28197.08,0,0
21520.99,0,0
21420.054,0,0
21385.796,0,0
18904.572,0,0
13738.533,0,0
10773.744,0,0
10365.658,0,0
9582.441,0,0
8751.175,1,1
6826.453,1,1
3378.925,1,1
0.0,1,1
0.0,1,1
0.0,1,1
0.0,1,1
0.0,1,1
0.0,1,1
0.0,1,1
0.0,1,1
8107.078,1,1
16905.771,0,0
18244.041,0,0
16665.423,0,0
14598.68,0,0
12144.008,0,0
13014.943,0,0
17186.228,0,0
21592.966,0,0
22512.896,0,0
19553.081,0,0
16151.762,0,0
13153.582,0,0
10083.826,0,0
8901.089,1,1
7817.027,1,1
348.793,1,1
0.0,1,1
0.0,1,1
0.0,1,1
0.0,1,1
0.0,1,1
0.0,1,1
0.0,1,1
0.0,1,1
9090.816,1,1
18394.148,0,0
24118.891,0,0
26662.472,0,0
27185.566,0,0
27709.042,0,0
28232.901,0,0
29142.579,0,0
29779.285,0,0
30516.582,0,0
31154.469,0,0
31278.325,0,0
31036.804,0,0
30795.314,0,0
30553.856,0,0
30402.651,0,0
30341.692,0,0
30180.753,0,0
30119.836,0,0
29758.939,0,0
29198.063,0,0
28737.207,0,0
28176.373,0,0
27727.347,0,0
27389.895,0,0
27152.151,0,0
26814.113,0,0
25912.782,0,0
24295.512,0,0
22496.181,0,0
20036.422,0,0
17590.534,0,0
14565.588,0,0
11534.577,0,0
6178.165,0,0
4050.669,0,0
5124.249,0,0
6100.145,0,0
7178.364,0,0
9825.037,0,0
12752.092,0,0
15173.053,0,0
17598.83,0,0
19405.794,0,0
20991.371,0,0
22679.528,0,0
24078.075,0,0
23924.239,0,0
22066.066,0,0
19601.234,0,0
16488.624,0,0
12061.427,0,0
5340.048,0,0
0.0,1,1
0.0,1,1
0.0,1,1
0.0,1,1
0.0,1,1
0.0,1,1
0.0,1,1
0.0,1,1
0.0,1,1
0.0,1,1
0.0,1,1
0.0,1,1
0.0,1,1
0.0,1,1
0.0,1,1
0.0,1,1
0.0,1,1
0.0,1,1
0.0,1,1
0.0,1,1
0.0,1,1
0.0,1,1
0.0,1,1
0.0,1,1
0.0,0,0
0.0,0,0
0.0,0,0
0.0,0,0
0.0,0,0
0.0,0,0
0.0,0,0
0.0,0,0
0.0,0,0
0.0,0,0
0.0,0,0
0.0,0,0
4741.694,0,0
13330.425,0,0
17685.025,0,0
20247.361,0,0
22775.318,0,0
25293.167,0,0
27362.171,0,0
29371.405,0,0
30737.469,0,0
32029.771,0,0
32401.401,0,0
32298.029,0,0
32194.828,0,0
32091.796,0,0
32059.739,0,0
32098.578,0,0
32037.487,0,0
32076.463,0,0
31837.373,0,0
31319.995,0,0
30802.388,0,0
30284.552,0,0
30025.338,0,0
29824.917,0,0
29724.495,0,0
29624.073,0,0
29302.366,0,0
28759.584,0,0
28317.082,0,0
27700.0,0,0
27300.0,0,0
26968.702,0,0
26611.531,0,0
25571.477,0,0
24756.676,0,0
24555.285,0,0
24253.892,0,0
23952.496,0,0
23845.818,0,0
23734.06,0,0
23722.573,0,0
23711.356,0,0
23515.438,0,0
23034.202,0,0
22652.416,0,0
22170.08,0,0
21358.497,0,0
19481.975,0,0
17544.726,0,0
15166.93,0,0
13120.441,0,0
11478.192,0,0
8660.008,0,0
5527.029,0,0
3391.395,0,0
1884.637,0,0
0.0,1,1
0.0,1,1
0.0,1,1
0.0,1,1
0.0,1,1
0.0,1,1
0.0,1,1
0.0,1,1
0.0,1,1
0.0,1,1
0.0,1,1
0.0,1,1
0.0,1,1
0.0,1,1
0.0,1,1
0.0,1,1
0.0,1,1
0.0,1,1
0.0,1,1
0.0,1,1
0.0,1,1
0.0,1,1
0.0,1,1
0.0,1,1
0.0,0,0
0.0,0,0
0.0,0,0
0.0,0,0
0.0,0,0
0.0,0,0
0.0,0,0
0.0,0,0
0.0,0,0
0.0,0,0
0.0,0,0
0.0,0,0
0.0,0,0
0.0,0,0
0.0,0,0
0.0,0,0
0.0,0,0
0.0,0,0
0.0,0,0
0.0,0,0
0.0,0,0
0.0,0,0
0.0,0,0
5989.652,0,0
14709.425,0,0
20936.849,0,0
22217.413,0,0
20425.787,0,0
18532.476,0,0
15996.363,0,0
13094.349,0,0
10569.162,0,0
7941.297,0,0
4951.817,0,0
64.216,0,0
0.0,0,0
0.0,0,0
0.0,0,0
0.0,0,0
0.0,0,0
1738.32,0,0
9421.102,0,0
12805.888,0,0
12920.449,0,0
13035.772,0,0
13051.859,0,0
14410.154,0,0
16810.914,0,0
19112.957,0,0
20898.278,0,0
22336.604,0,0
23298.404,0,0
23844.679,0,0
24491.558,0,0
24285.213,0,0
23424.836,0,0
22563.988,0,0
21654.579,0,0
21038.434,0,0
20936.982,0,0
20935.529,0,0
20834.075,0,0
20243.346,0,0
19062.709,0,0
17981.226,0,0
16662.79,0,0
15953.141,0,0
16149.862,0,0
16246.58,0,0
16343.295,0,0
15741.596,0,0
13705.361,0,0
10034.522,0,0
4629.325,0,0
1738.388,0,0
4465.374,0,0
4606.185,0,0
0.0,1,1
0.0,1,1
0.0,1,1
0.0,1,1
0.0,1,1
0.0,1,1
0.0,1,1
0.0,1,1
0.0,1,1
0.0,1,1
0.0,1,1
0.0,1,1
0.0,1,1
0.0,1,1
0.0,1,1
0.0,1,1
0.0,1,1
0.0,1,1
0.0,1,1
0.0,1,1
0.0,1,1
0.0,1,1
0.0,1,1
0.0,1,1
0.0,0,0
0.0,0,0
0.0,0,0
0.0,0,0
0.0,0,0
0.0,0,0
0.0,0,0
1988.401,0,0
4720.236,0,0
7300.39,0,0
10150.248,0,0
14932.082,0,0
20274.861,0,0
23752.681,0,0
26049.591,0,0
29176.496,0,0
31578.653,0,0
32123.062,0,0
31788.724,0,0
31178.936,0,0
30437.681,0,0
29320.594,0,0
27726.544,0,0
25664.098,0,0
23597.623,0,0
22901.452,0,0
24073.764,0,0
25115.853,0,0
26159.935,0,0
25624.704,0,0
23506.021,0,0
20781.003,0,0
17914.36,0,0
16324.701,0,0
16212.62,0,0
16100.518,0,0
16088.396,0,0
10945.12,0,0
0.0,0,0
0.0,0,0
0.0,0,0
0.0,1,1
0.0,1,1
0.0,1,1
0.0,1,1
0.0,1,1
0.0,1,1
0.0,1,1
0.0,1,1
0.0,1,1
0.0,1,1
0.0,1,1
0.0,1,1
0.0,1,1
0.0,1,1
0.0,1,1
0.0,1,1
0.0,1,1
0.0,1,1
0.0,1,1
0.0,1,1
0.0,1,1
0.0,1,1
0.0,1,1
0.0,1,1
0.0,0,0
0.0,0,0
0.0,0,0
0.0,0,0
0.0,0,0
0.0,0,0
0.0,0,0
0.0,0,0
0.0,0,0
0.0,0,0
0.0,0,0
0.0,0,0
0.0,0,0
0.0,0,0
0.0,0,0
0.0,0,0
0.0,0,0
0.0,0,0
0.0,0,0
0.0,0,0
0.0,0,0
0.0,0,0
0.0,0,0
0.0,0,0
0.0,0,0
0.0,0,0
0.0,0,0
0.0,0,0
0.0,0,0
0.0,0,0
0.0,0,0
0.0,0,0
0.0,0,0
0.0,0,0
0.0,0,0
0.0,0,0
0.0,0,0
0.0,0,0
0.0,0,0
0.0,0,0
0.0,0,0
0.0,0,0
0.0,0,0
0.0,0,0
0.0,0,0
0.0,0,0
0.0,0,0
0.0,0,0
0.0,0,0
0.0,0,0
0.0,0,0
0.0,0,0
0.0,0,0
0.0,0,0
0.0,0,0
0.0,0,0
0.0,0,0
0.0,0,0
0.0,0,0
0.0,0,0
0.0,0,0
0.0,0,0
0.0,0,0
0.0,0,0
0.0,0,0
0.0,0,0
0.0,0,0
0.0,0,0
0.0,0,0
0.0,0,0
0.0,0,0
0.0,0,0
0.0,1,1
0.0,1,1
0.0,1,1
0.0,1,1
0.0,1,1
0.0,1,1
0.0,1,1
0.0,1,1
0.0,1,1
0.0,1,1
0.0,1,1
2618.806,0,0
2409.8,0,0
0.0,1,1
0.0,1,1
0.0,1,1
0.0,1,1
0.0,1,1
0.0,1,1
0.0,1,1
0.0,1,1
0.0,1,1
5900.19,0,0
12809.439,0,0
15627.671,0,0
16492.131,0,0
16571.043,0,0
16317.816,0,0
15263.826,0,0
14309.61,0,0
13209.814,0,0
11789.598,0,0
9775.042,0,0
7298.713,0,0
5737.209,0,0
5767.446,0,0
7457.827,0,0
10373.967,0,0
10906.011,0,0
8091.933,0,0
2610.903,0,0
0.0,1,1
0.0,1,1
0.0,1,1
0.0,1,1
1888.087,0,0
6580.35,0,0
10591.065,0,0
13716.859,0,0
16674.829,0,0
18183.506,0,0
18063.637,0,0
17496.615,0,0
15738.593,0,0
14329.064,0,0
12633.117,0,0
12591.286,0,0
14162.306,0,0
16454.088,0,0
18979.908,0,0
20765.497,0,0
21832.631,0,0
23343.067,0,0
25388.551,0,0
28143.917,0,0
28028.987,0,0
27662.557,0,0
27196.412,0,0
26032.547,0,0
24517.434,0,0
26050.773,0,0
29441.132,0,0
30645.946,0,0
30073.897,0,0
29601.652,0,0
29129.211,0,0
28138.088,0,0
26108.594,0,0
24021.551,0,0
21506.78,0,0
20114.817,0,0
20012.017,0,0
19909.215,0,0
19806.412,0,0
19703.608,0,0
19600.802,0,0
19497.995,0,0
19395.186,0,0
20286.406,0,0
22146.558,0,0
23499.681,0,0
24853.574,0,0
24597.907,0,0
22931.638,0,0
21164.75,0,0
19362.768,0,0
17068.359,0,0
14774.761,0,0
11816.935,0,0
7749.18,0,0
5562.903,0,0
5259.158,0,0
4955.411,0,0
4651.663,0,0
3727.323,0,0
2082.2,0,0
433.775,0,0
0.0,1,1
0.0,1,1
0.0,1,1
0.0,1,1
0.0,1,1
0.0,1,1
0.0,1,1
0.0,1,1
0.0,1,1
0.0,1,1
0.0,1,1
0.0,1,1
0.0,1,1
0.0,1,1
0.0,1,1
4266.433,0,0
8813.912,0,0
11209.862,0,0
11343.244,0,0
11385.541,0,0
11239.867,0,0
10519.096,0,0
9130.418,0,0
6408.581,0,0
2539.582,0,0
0.0,1,1
0.0,1,1
0.0,1,1
2556.75,0,0
8006.903,0,0
12494.601,0,0
13245.651,0,0
7942.796,0,0
0.0,1,1
0.0,1,1
0.0,1,1
0.0,1,1
519.625,0,0
5789.787,0,0
7322.602,0,0
4302.931,0,0
0.0,1,1
0.0,1,1
0.0,0,0
279.152,0,0
8709.176,0,0
13242.353,0,0
13802.538,0,0
13909.379,0,0
13427.422,0,0
11504.695,0,0
7602.46,0,0
0.0,0,0
0.0,0,0
0.0,0,0
0.0,0,0
0.0,0,0
0.0,0,0
0.0,0,0
0.0,0,0
0.0,0,0
0.0,0,0
0.0,0,0
0.0,0,0
7339.206,0,0
10958.331,0,0
12426.821,0,0
13996.856,0,0
15568.437,0,0
13938.417,0,0
9202.594,0,0
4008.298,0,0
0.0,0,0
0.0,0,0
0.0,0,0
0.0,0,0
0.0,0,0
0.0,0,0
0.0,0,0
0.0,0,0
0.0,0,0
0.0,0,0
0.0,0,0
0.0,0,0
0.0,0,0
1137.876,0,0
3891.1,0,0
6189.989,0,0
8491.965,0,0
10976.765,0,0
13000.962,0,0
14285.051,0,0
15571.103,0,0
17158.368,0,0
18612.753,0,0
20014.545,0,0
21208.745,0,0
21815.993,0,0
22101.916,0,0
22388.07,0,0
22674.456,0,0
22961.073,0,0
23247.924,0,0
23535.007,0,0
23822.323,0,0
23786.091,0,0
23625.516,0,0
23364.115,0,0
23053.787,0,0
21136.619,0,0
17827.802,0,0
14161.533,0,0
9808.808,0,0
7528.023,0,0
7177.556,0,0
5969.902,0,0
3678.194,0,0
0.0,1,1
0.0,1,1
0.0,1,1
0.0,1,1
0.0,1,1
0.0,1,1
0.0,1,1
0.0,1,1
0.0,1,1
0.0,1,1
0.0,1,1
0.0,1,1
0.0,1,1
0.0,1,1
0.0,1,1
0.0,1,1
0.0,1,1
0.0,1,1
0.0,1,1
0.0,1,1
0.0,1,1
0.0,1,1
0.0,1,1
0.0,1,1
0.0,0,0
0.0,0,0
0.0,0,0
0.0,0,0
0.0,0,0
0.0,0,0
0.0,0,0
0.0,0,0
0.0,0,0
2455.091,0,0
8504.531,0,0
14924.044,0,0
18887.9,0,0
21242.134,0,0
24075.742,0,0
26279.877,0,0
26549.214,0,0
26018.872,0,0
25487.64,0,0
24955.515,0,0
24748.738,0,0
25068.631,0,0
25289.395,0,0
25611.034,0,0
25976.22,0,0
26585.404,0,0
27091.558,0,0
27447.127,0,0
27565.798,0,0
27547.141,0,0
27528.864,0,0
27410.967,0,0
27078.071,0,0
26328.783,0,0
25379.158,0,0
24264.463,0,0
23453.538,0,0
23048.111,0,0
22642.673,0,0
22137.223,0,0
22412.309,0,0
23269.774,0,0
23833.996,0,0
24278.33,0,0
24450.266,0,0
24148.618,0,0
23946.967,0,0
23645.312,0,0
22833.345,0,0
21309.112,0,0
19103.162,0,0
16988.502,0,0
16586.434,0,0
18002.325,0,0
19321.277,0,0
20743.301,0,0
21692.863,0,0
22648.649,0,0
23506.065,0,0
24338.091,0,0
24677.369,0,0
24873.679,0,0
24891.594,0,0
24808.68,0,0
24166.739,0,0
22434.354,0,0
20174.433,0,0
17324.24,0,0
13112.293,0,0
6151.215,0,0
455.949,0,0
0.0,1,1
0.0,1,1
0.0,1,1
0.0,1,1
0.0,1,1
0.0,1,1
0.0,1,1
0.0,1,1
0.0,1,1
0.0,1,1
0.0,1,1
0.0,1,1
0.0,1,1
0.0,1,1
0.0,1,1
0.0,1,1
0.0,1,1
0.0,1,1
0.0,1,1
0.0,1,1
0.0,1,1
0.0,1,1
0.0,1,1
0.0,1,1
0.0,0,0
0.0,0,0
0.0,0,0
0.0,0,0
0.0,0,0
0.0,0,0
0.0,0,0
0.0,0,0
0.0,0,0
0.0,0,0
0.0,0,0
4180.559,0,0
9021.72,0,0
11759.275,0,0
13055.145,0,0
15063.571,0,0
16694.965,0,0
18146.392,0,0
19713.498,0,0
21283.877,0,0
22755.906,0,0
24800.451,0,0
27051.862,0,0
28783.249,0,0
30158.404,0,0
30332.021,0,0
29254.129,0,0
28224.587,0,0
27094.064,0,0
26343.092,0,0
26431.097,0,0
26388.82,0,0
26373.315,0,0
26171.798,0,0
25783.998,0,0
25322.432,0,0
24929.975,0,0
24118.814,0,0
22888.56,0,0
21657.53,0,0
20525.724,0,0
20223.396,0,0
20751.321,0,0
21379.504,0,0
22007.945,0,0
21807.361,0,0
20777.462,0,0
19747.433,0,0
18717.275,0,0
17321.796,0,0
15251.033,0,0
13053.593,0,0
10955.444,0,0
10193.223,0,0
11551.028,0,0
12647.91,0,0
13745.004,0,0
14742.186,0,0
15639.507,0,0
16437.111,0,0
17148.066,0,0
17027.8,0,0
15834.575,0,0
14434.615,0,0
13134.406,0,0
9736.689,0,0
1797.921,0,0
0.0,1,1
0.0,1,1
0.0,1,1
0.0,1,1
0.0,1,1
0.0,1,1
0.0,1,1
0.0,1,1
0.0,1,1
0.0,1,1
0.0,1,1
0.0,1,1
0.0,1,1
0.0,1,1
0.0,1,1
0.0,1,1
0.0,1,1
0.0,1,1
0.0,1,1
0.0,1,1
0.0,1,1
0.0,1,1
0.0,1,1
0.0,1,1
0.0,0,0
0.0,0,0
0.0,0,0
0.0,0,0
0.0,0,0
0.0,0,0
0.0,0,0
0.0,0,0
0.0,0,0
0.0,0,0
0.0,0,0
0.0,0,0
738.574,0,0
8484.179,0,0
15237.36,0,0
20977.839,0,0
23995.576,0,0
24607.98,0,0
23208.963,0,0
19248.727,0,0
14418.391,0,0
7055.958,0,0
1866.202,0,0
1753.354,0,0
1640.495,0,0
1627.624,0,0
3649.815,0,0
7518.276,0,0
10412.968,0,0
13410.456,0,0
12490.296,0,0
7847.34,0,0
2080.175,0,0
0.0,0,0
0.0,0,0
0.0,0,0
0.0,0,0
0.0,0,0
0.0,0,0
0.0,0,0
3925.338,0,0
7638.62,0,0
10833.197,0,0
13552.421,0,0
15331.254,0,0
16611.855,0,0
16604.497,1,1
15207.05,1,1
13908.334,1,1
12248.215,1,1
12697.668,1,1
14479.355,1,1
16263.849,1,1
18025.197,1,1
17546.75,1,1
14646.097,1,1
11842.211,1,1
7299.857,1,1
8816.241,1,1
14118.499,1,1
18062.135,1,1
21153.13,0,0
22474.623,0,0
22849.954,0,0
23325.82,0,0
23702.224,0,0
23801.555,0,0
23623.054,0,0
23444.08,0,0
23264.63,0,0
22473.409,0,0
21009.323,0,0
19208.321,1,1
17337.555,1,1
17240.823,1,1
18819.067,1,1
20137.542,1,1
21571.524,0,0
22333.23,0,0
22123.62,0,0
22090.656,0,0
22012.169,0,0
22920.502,0,0
24613.846,0,0
25768.767,0,0
26507.101,0,0
26956.571,0,0
27318.949,0,0
26757.196,0,0
25051.086,0,0
23831.154,0,0
23107.891,0,0
22654.024,0,0
21996.498,0,0
20657.89,1,1
18662.063,1,1
18638.838,1,1
20581.114,1,1
21686.285,0,0
21959.762,0,0
22893.764,0,0
24681.94,0,0
26537.408,0,0
28554.068,0,0
28871.022,0,0
27704.348,0,0
26804.237,0,0
26173.902,0,0
26513.048,0,0
27618.752,0,0
28593.623,0,0
29439.015,0,0
30211.496,0,0
30713.667,0,0
31545.17,0,0
32005.541,0,0
31905.505,0,0
31895.917,0,0
31800.0,0,0
31600.0,0,0
31500.0,0,0
31300.0,0,0
31100.0,0,0
31000.0,0,0
30800.0,0,0
30600.0,0,0
30500.0,0,0
30400.0,0,0
30300.0,0,0
30200.0,0,0
30100.0,0,0
30100.0,0,0
30000.0,0,0
29900.0,0,0
29700.0,0,0
29600.0,0,0
29500.0,0,0
29400.0,0,0
29100.0,0,0
28700.0,0,0
28200.0,0,0
27800.0,0,0
27500.0,0,0
27400.0,0,0
27300.0,0,0
27200.0,0,0
27000.0,0,0
26600.0,0,0
26300.0,0,0
25900.0,0,0
25600.0,0,0
25300.0,0,0
25000.0,0,0
24700.0,1,1
24600.0,1,1
24600.0,1,1
24700.0,0,0
24700.0,0,0
24800.0,0,0
25000.0,0,0
25300.0,0,0
25500.0,0,0
25900.0,0,0
26400.0,0,0
26800.0,0,0
27300.0,0,0
27226.494,0,0
26427.62,0,0
25608.839,0,0
24880.979,0,0
23783.587,1,1
22310.97,1,1
22133.424,1,1
23255.809,1,1
24435.818,1,1
25571.958,0,0
25963.643,0,0
25716.198,0,0
25941.919,0,0
26742.295,0,0
26384.895,0,0
24846.18,0,0
23389.82,1,1
22029.117,1,1
21463.142,1,1
21692.657,1,1
21595.784,1,1
20970.19,1,1
20785.929,1,1
21043.587,1,1
20987.953,1,1
20519.134,1,1
20930.359,1,1
22024.324,1,1
22442.146,1,1
22082.899,1,1
22819.886,1,1
24641.943,1,1
26727.882,0,0
29156.194,0,0
29378.588,0,0
27434.566,0,0
25868.402,0,0
24901.893,0,0
24827.673,0,0
25745.654,0,0
26622.26,0,0
27360.694,0,0
28053.783,0,0
28701.503,0,0
29330.284,0,0
29840.708,0,0
30864.911,0,0
32379.058,0,0
33000.0,0,0
33000.0,0,0
33000.0,0,0
33000.0,0,0
32800.0,0,0
32600.0,0,0
32300.0,0,0
32000.0,0,0
31800.0,0,0
31700.0,0,0
31600.0,0,0
31400.0,0,0
31300.0,0,0
30899.795,0,0
30430.391,0,0
29720.992,0,0
29062.302,0,0
29229.659,0,0
29396.826,0,0
29296.271,0,0
28796.402,0,0
27897.297,0,0
26630.922,0,0
25464.738,0,0
24369.531,0,0
23545.158,0,0
22471.691,0,0
21186.533,0,0
20843.737,0,0
21643.305,0,0
22287.172,0,0
22728.352,0,0
22336.87,0,0
21214.953,0,0
19730.384,0,0
18246.037,0,0
17503.948,0,0
17503.948,0,0
17503.948,0,0
17503.948,0,0
18289.05,0,0
19759.255,0,0
21171.417,0,0
22178.635,0,0
22782.245,0,0
22982.245,0,0
23182.245,0,0
23382.245,0,0
22601.66,0,0
20898.706,0,0
18518.995,0,0
16126.935,0,0
12963.184,1,1
9246.529,1,1
7936.753,1,1
9438.006,1,1
11087.368,1,1
13022.028,1,1
14111.406,1,1
14043.581,1,1
13824.708,1,1
12991.727,1,1
12700.772,1,1
13525.065,1,1
14159.841,1,1
14741.819,1,1
14297.844,1,1
12817.37,1,1
10984.045,1,1
8743.281,1,1
9112.217,1,1
12392.1,1,1
15448.729,1,1
18261.914,0,0
18903.463,0,0
17290.061,0,0
15524.682,0,0
13760.847,1,1
13577.917,1,1
14952.384,1,1
16216.189,0,0
17146.374,0,0
17573.336,0,0
17304.025,0,0
17281.676,0,0
17286.596,0,0
17808.957,0,0
18172.628,0,0
18003.235,0,0
17929.954,0,0
19129.579,0,0
21212.755,0,0
22732.212,0,0
24570.058,0,0
26721.392,0,0
28861.49,0,0
29707.948,0,0
29488.838,0,0
29269.712,0,0
29050.569,0,0
28884.016,0,0
28433.271,0,0
27789.705,0,0
27045.767,0,0
26582.569,0,0
26400.275,0,0
26117.825,0,0
25835.217,0,0
25416.44,0,0
24762.841,0,0
23953.562,0,0
23243.794,0,0
23141.758,0,0
23648.277,0,0
24255.405,0,0
24807.798,0,0
24816.26,0,0
24679.602,0,0
24443.196,0,0
24207.04,0,0
24088.796,0,0
23888.274,0,0
23787.751,0,0
23687.229,0,0
23906.19,0,0
24331.266,0,0
24265.095,0,0
24199.041,0,0
24066.007,0,0
23865.906,0,0
23765.804,0,0
23565.703,0,0
23436.807,0,0
23279.088,0,0
23121.328,0,0
22963.528,0,0
22982.588,0,0
23078.599,0,0
23174.695,0,0
23270.873,0,0
23380.449,0,0
23503.308,0,0
23626.101,0,0
23848.826,0,0
23803.285,0,0
23769.895,0,0
23628.191,0,0
23481.961,0,0
21519.005,0,0
17640.64,0,0
15285.852,0,0
14695.273,0,0
12715.814,1,1
9432.548,1,1
9163.76,1,1
12293.911,1,1
15055.062,0,0
17135.588,0,0
17517.927,0,0
16221.996,0,0
15409.977,0,0
15110.031,0,0
14522.722,1,1
13647.153,1,1
12841.512,1,1
12206.59,1,1
11466.517,1,1
10767.076,1,1
9778.341,1,1
8609.458,1,1
7842.643,1,1
7480.614,1,1
6191.707,1,1
4100.331,1,1
4452.194,1,1
7317.271,1,1
9956.795,1,1
12253.571,1,1
13331.966,1,1
13331.63,1,1
13774.573,1,1
14507.347,1,1
15388.616,0,0
15631.635,0,0
15704.282,0,0
16428.658,0,0
17561.868,0,0
19088.534,0,0
20332.976,0,0
21510.138,0,0
24388.435,0,0
27541.825,0,0
28600.0,0,0
28500.0,0,0
28400.0,0,0
28300.0,0,0
28200.0,0,0
28000.0,0,0
27900.0,0,0
27700.0,0,0
27600.0,0,0
27500.0,0,0
27338.886,0,0
27124.483,0,0
26862.368,0,0
26652.518,0,0
25637.033,0,0
24635.552,0,0
24225.463,0,0
24307.072,0,0
24388.743,0,0
24570.477,0,0
24051.228,0,0
22733.356,0,0
21154.125,0,0
19474.452,0,0
18776.555,0,0
18860.765,0,0
18944.976,0,0
19129.186,0,0
19284.683,0,0
19411.411,0,0
19638.065,0,0
19864.645,0,0
20558.383,0,0
21269.774,0,0
21981.007,0,0
22642.333,0,0
22737.825,0,0
22737.825,0,0
22837.825,0,0
22837.825,0,0
22866.483,0,0
22923.794,0,0
23081.094,0,0
23138.384,0,0
23347.95,0,0
23809.803,0,0
24171.662,0,0
24633.529,0,0
24431.801,0,0
23347.967,0,0
21972.969,0,0
20488.839,0,0
17967.432,0,0
14131.629,0,0
11528.441,0,0
9599.466,0,0
9748.022,0,0
12071.241,0,0
13270.236,0,0
13133.084,0,0
12045.556,0,0
10043.437,0,0
9417.571,0,0
10450.205,0,0
12887.813,0,0
16703.927,0,0
16692.817,0,0
12726.47,0,0
9280.283,0,0
6399.639,0,0
4822.339,0,0
4313.556,0,0
1524.677,0,0
0.0,1,1
0.0,1,1
0.0,1,1
0.0,1,1
1624.056,0,0
2440.87,0,0
2149.71,0,0
825.958,0,0
0.0,1,1
0.0,1,1
0.0,1,1
0.0,1,1
0.0,1,1
0.0,1,1
0.0,1,1
0.0,1,1
0.0,1,1
0.0,1,1
0.0,1,1
0.0,1,1
0.0,1,1
0.0,1,1
3738.37,0,0
7615.906,0,0
7604.833,0,0
7493.748,0,0
7382.651,0,0
5884.767,0,0
2074.485,0,0
0.0,1,1
0.0,1,1
0.0,1,1
0.0,1,1
0.0,1,1
0.0,1,1
0.0,0,0
0.0,0,0
0.0,0,0
0.0,0,0
0.0,0,0
0.0,0,0
0.0,0,0
0.0,0,0
0.0,0,0
453.63,0,0
2093.547,0,0
3180.992,0,0
3668.701,0,0
3455.484,0,0
3242.252,0,0
3129.003,0,0
4745.511,0,0
8195.772,0,0
11298.488,0,0
13029.344,0,0
14768.496,0,0
16159.465,0,0
17237.895,0,0
18318.098,0,0
18643.305,0,0
18211.735,0,0
17779.566,0,0
17346.795,0,0
17085.019,0,0
17094.385,0,0
17003.347,0,0
17011.902,0,0
15980.524,0,0
13328.62,0,0
10436.032,0,0
5390.507,0,0
1240.596,0,0
0.0,1,1
0.0,1,1
0.0,1,1
0.0,1,1
0.0,1,1
0.0,1,1
0.0,1,1
0.0,1,1
0.0,1,1
0.0,1,1
0.0,1,1
0.0,1,1
0.0,1,1
0.0,1,1
0.0,1,1
0.0,1,1
0.0,1,1
0.0,1,1
0.0,1,1
0.0,1,1
0.0,1,1
0.0,1,1
0.0,1,1
0.0,1,1
0.0,0,0
0.0,0,0
0.0,0,0
0.0,0,0
0.0,0,0
0.0,0,0
0.0,0,0
0.0,0,0
0.0,0,0
0.0,0,0
0.0,0,0
0.0,0,0
0.0,0,0
0.0,0,0
0.0,0,0
0.0,0,0
682.66,0,0
4384.097,0,0
9456.717,0,0
13272.126,0,0
16610.709,0,0
19912.554,0,0
22860.402,0,0
24347.252,0,0
24525.214,0,0
24803.461,0,0
25081.993,0,0
26246.952,0,0
27816.389,0,0
28962.412,0,0
29516.678,0,0
29487.305,0,0
29525.176,0,0
29463.085,0,0
29501.035,0,0
29281.964,0,0
28905.785,0,0
28529.528,0,0
28253.193,0,0
27886.325,0,0
27628.948,0,0
27371.522,0,0
27055.829,0,0
26117.938,0,0
24714.836,0,0
23210.695,0,0
21249.102,0,0
20620.174,0,0
21229.981,0,0
21940.278,0,0
22495.51,0,0
23117.023,0,0
24004.744,0,0
24445.667,0,0
24394.762,0,0
24267.285,0,0
24200.0,0,0
24000.0,0,0
23900.0,0,0
23800.0,0,0
23542.367,0,0
23134.856,0,0
22079.872,0,0
21337.256,0,0
21620.213,0,0
21803.265,0,0
21986.412,0,0
22085.921,0,0
22101.624,0,0
22117.198,0,0
22132.644,0,0
21094.808,0,0
18550.762,0,0
15827.499,0,0
13688.861,0,0
11648.822,0,0
9264.674,0,0
6694.815,0,0
3548.819,0,0
3129.652,0,0
2611.847,0,0
2442.086,0,0
440.341,0,0
0.0,1,1
0.0,1,1
0.0,1,1
0.0,1,1
0.0,1,1
0.0,1,1
0.0,1,1
0.0,1,1
0.0,1,1
0.0,1,1
0.0,1,1
0.0,1,1
0.0,1,1
0.0,1,1
0.0,1,1
0.0,1,1
0.0,1,1
0.0,1,1
0.0,1,1
0.0,1,1
0.0,1,1
0.0,1,1
0.0,1,1
0.0,1,1
0.0,0,0
0.0,0,0
0.0,0,0
0.0,0,0
0.0,0,0
0.0,0,0
0.0,0,0
0.0,0,0
0.0,0,0
0.0,0,0
0.0,0,0
0.0,0,0
0.0,0,0
0.0,0,0
2593.328,0,0
8379.816,0,0
13893.518,0,0
18379.837,0,0
21771.52,0,0
24204.781,0,0
24530.715,0,0
22828.435,0,0
20791.385,0,0
18365.023,0,0
17780.696,0,0
19038.105,0,0
20195.514,0,0
21349.597,0,0
22384.743,0,0
23561.848,0,0
24738.733,0,0
25554.992,0,0
25446.072,0,0
24309.311,0,0
22971.947,0,0
21479.267,0,0
21037.682,0,0
21747.101,0,0
22356.398,0,0
22910.272,0,0
22810.684,0,0
21857.887,0,0
20850.04,0,0
19842.437,0,0
19501.456,0,0
19726.861,0,0
19952.193,0,0
20177.451,0,0
20431.831,0,0
20715.351,0,0
20868.976,0,0
21050.881,0,0
21051.143,0,0
20869.81,0,0
20616.849,0,0
20434.099,0,0
20392.909,0,0
20493.245,0,0
20693.581,0,0
20793.917,0,0
20020.862,0,0
18168.877,0,0
16277.477,0,0
14367.936,0,0
15135.252,0,0
18470.246,0,0
20644.281,0,0
22123.983,0,0
24199.303,0,0
25801.268,0,0
26301.029,0,0
23838.615,0,0
19333.139,0,0
15561.792,0,0
14730.165,0,0
16836.209,0,0
18265.828,0,0
17998.117,0,0
16540.362,0,0
13238.757,0,0
11693.359,0,0
11783.398,0,0
11233.898,0,0
9305.335,0,0
6631.006,0,0
3877.658,0,0
0.0,1,1
0.0,1,1
0.0,1,1
0.0,1,1
0.0,1,1
0.0,1,1
0.0,1,1
0.0,1,1
0.0,1,1
0.0,1,1
2733.035,0,0
4906.316,0,0
6776.171,0,0
8679.609,0,0
9618.487,0,0
9712.902,0,0
10639.819,0,0
11994.87,0,0
13028.452,0,0
13857.271,0,0
15241.791,0,0
16533.111,0,0
11497.32,0,0
0.0,1,1
0.0,1,1
0.0,1,1
0.0,1,1
0.0,1,1
0.0,1,1
0.0,1,1
0.0,1,1
0.0,1,1
0.0,1,1
7663.346,0,0
9283.541,0,0
5380.076,0,0
338.889,0,0
0.0,1,1
0.0,1,1
0.0,1,1
0.0,1,1
0.0,0,0
917.278,0,0
2343.539,0,0
3771.443,0,0
4749.913,0,0
7045.868,0,0
10760.514,0,0
13930.891,0,0
15941.59,0,0
17280.456,0,0
17746.454,0,0
18313.239,0,0
18700.383,0,0
20049.62,0,0
22258.074,0,0
23688.132,0,0
24496.878,0,0
24382.258,0,0
24110.83,0,0
23493.965,0,0
22475.528,0,0
22065.415,0,0
22064.26,0,0
22163.104,0,0
22261.947,0,0
22269.673,0,0
22186.142,0,0
22202.42,0,0
22118.508,0,0
21394.634,0,0
18717.401,0,0
15106.215,0,0
12947.845,0,0
11375.653,0,0
9789.265,0,0
7857.923,0,0
5150.531,0,0
2278.436,0,0
0.0,1,1
0.0,1,1
0.0,1,1
0.0,1,1
0.0,1,1
0.0,1,1
0.0,1,1
0.0,1,1
0.0,1,1
0.0,1,1
0.0,1,1
0.0,1,1
0.0,1,1
0.0,1,1
0.0,1,1
0.0,1,1
0.0,1,1
0.0,1,1
0.0,1,1
0.0,1,1
0.0,1,1
0.0,1,1
0.0,1,1
0.0,1,1
0.0,0,0
0.0,0,0
0.0,0,0
0.0,0,0
704.84,0,0
4045.854,0,0
7851.082,0,0
9970.26,0,0
10857.205,0,0
16369.855,0,0
24010.813,0,0
27266.759,0,0
28191.952,0,0
29453.699,0,0
31021.823,0,0
31700.0,0,0
31600.0,0,0
31500.0,0,0
31400.0,0,0
31300.0,0,0
31100.0,0,0
30900.0,0,0
30700.0,0,0
30500.0,0,0
30400.0,0,0
30300.0,0,0
30100.0,0,0
30000.0,0,0
30000.0,0,0
29900.0,0,0
29900.0,0,0
29800.0,0,0
29600.0,0,0
29500.0,0,0
29300.0,0,0
28900.0,0,0
28300.0,0,0
27700.0,0,0
27100.0,0,0
26800.0,0,0
26700.0,0,0
26700.0,0,0
26600.0,0,0
26400.0,0,0
26100.0,0,0
25900.0,0,0
25600.0,0,0
25367.123,0,0
24954.84,0,0
24542.039,0,0
23877.967,0,0
22760.511,0,0
21640.783,0,0
20209.223,0,0
18514.391,0,0
17856.065,0,0
18237.495,0,0
18519.618,0,0
18802.439,0,0
19040.807,0,0
19234.188,0,0
19427.553,0,0
19620.903,0,0
17722.994,0,0
12269.713,0,0
4999.354,0,0
0.0,1,1
0.0,1,1
0.0,1,1
0.0,1,1
0.0,1,1
0.0,1,1
0.0,1,1
0.0,1,1
0.0,1,1
0.0,1,1
0.0,1,1
0.0,1,1
0.0,1,1
0.0,1,1
0.0,1,1
0.0,1,1
0.0,1,1
0.0,1,1
0.0,1,1
0.0,1,1
0.0,1,1
0.0,1,1
0.0,1,1
0.0,1,1
0.0,0,0
0.0,0,0
0.0,0,0
0.0,0,0
0.0,0,0
0.0,0,0
0.0,0,0
0.0,0,0
0.0,0,0
0.0,0,0
0.0,0,0
0.0,0,0
0.0,0,0
0.0,0,0
0.0,0,0
0.0,0,0
2895.286,0,0
8543.632,0,0
10879.671,0,0
14047.615,0,0
16298.326,0,0
18313.04,0,0
19743.875,0,0
21080.879,0,0
22420.526,0,0
23181.292,0,0
23336.485,0,0
23413.406,0,0
23590.853,0,0
23668.828,0,0
23847.332,0,0
24026.366,0,0
24205.932,0,0
24743.29,0,0
25639.336,0,0
26581.31,0,0
27121.419,0,0
27156.954,0,0
26786.549,0,0
26315.432,0,0
25719.307,0,0
25315.769,0,0
25206.241,0,0
24973.002,0,0
24740.47,0,0
24623.871,0,0
24622.672,0,0
24521.473,0,0
24520.272,0,0
24411.69,0,0
24295.922,0,0
24080.414,0,0
23965.166,0,0
24182.938,0,0
24620.081,0,0
24656.461,0,0
24593.009,0,0
24573.261,0,0
24396.927,0,0
23865.265,0,0
23023.285,0,0
22788.178,0,0
23161.122,0,0
23534.596,0,0
23908.601,0,0
24195.552,0,0
24295.052,0,0
24494.55,0,0
24694.049,0,0
23573.019,0,0
20698.517,0,0
16836.581,0,0
11921.062,0,0
8577.586,0,0
7300.848,0,0
4394.441,0,0
636.894,0,0
0.0,1,1
0.0,1,1
0.0,1,1
0.0,1,1
0.0,1,1
0.0,1,1
0.0,1,1
0.0,1,1
0.0,1,1
0.0,1,1
0.0,1,1
0.0,1,1
0.0,1,1
0.0,1,1
0.0,1,1
0.0,1,1
0.0,1,1
0.0,1,1
0.0,1,1
0.0,1,1
0.0,1,1
0.0,1,1
0.0,1,1
0.0,1,1
0.0,0,0
0.0,0,0
0.0,0,0
0.0,0,0
0.0,0,0
0.0,0,0
760.976,0,0
3929.334,0,0
7244.924,0,0
10618.709,0,0
15151.171,0,0
19794.103,0,0
22837.412,0,0
24849.889,0,0
27686.683,0,0
30271.219,0,0
31100.0,0,0
30900.0,0,0
30800.0,0,0
30600.0,0,0
30500.0,0,0
30400.0,0,0
30209.983,0,0
30014.182,0,0
29679.907,0,0
29407.08,0,0
28785.986,0,0
27760.57,0,0
26750.471,0,0
25149.415,0,0
23184.668,0,0
21105.893,0,0
17863.021,0,0
12580.702,0,0
5621.884,0,0
0.0,0,0
0.0,0,0
0.0,0,0
0.0,0,0
0.0,0,0
0.0,1,1
0.0,1,1
0.0,1,1
0.0,1,1
0.0,1,1
0.0,1,1
0.0,1,1
0.0,1,1
0.0,1,1
0.0,1,1
0.0,1,1
0.0,1,1
0.0,1,1
0.0,1,1
0.0,1,1
0.0,1,1
0.0,1,1
0.0,1,1
0.0,1,1
0.0,1,1
0.0,1,1
0.0,1,1
0.0,1,1
0.0,1,1
0.0,0,0
0.0,0,0
0.0,0,0
0.0,0,0
0.0,0,0
0.0,0,0
0.0,0,0
0.0,0,0
0.0,0,0
0.0,0,0
0.0,0,0
0.0,0,0
0.0,0,0
0.0,0,0
0.0,0,0
0.0,0,0
0.0,0,0
0.0,0,0
0.0,0,0
0.0,0,0
0.0,0,0
0.0,0,0
0.0,0,0
0.0,0,0
0.0,0,0
0.0,0,0
0.0,0,0
0.0,0,0
0.0,0,0
0.0,0,0
0.0,0,0
0.0,0,0
0.0,0,0
0.0,0,0
0.0,0,0
0.0,0,0
0.0,0,0
0.0,0,0
0.0,0,0
0.0,0,0
0.0,0,0
0.0,0,0
0.0,0,0
69.847,0,0
2258.783,0,0
2515.501,0,0
2460.035,0,0
2446.686,0,0
2326.362,0,0
2203.946,0,0
2081.494,0,0
1959.008,0,0
0.0,0,0
0.0,0,0
0.0,0,0
0.0,0,0
0.0,0,0
0.0,0,0
0.0,0,0
0.0,0,0
0.0,0,0
0.0,0,0
849.446,0,0
10054.138,0,0
13909.995,0,0
13798.174,0,0
13686.334,0,0
13474.475,0,0
10853.698,0,0
5817.951,0,0
0.0,0,0
0.0,0,0
0.0,1,1
0.0,1,1
0.0,1,1
0.0,1,1
0.0,1,1
0.0,1,1
0.0,1,1
0.0,1,1
0.0,1,1
0.0,1,1
0.0,1,1
0.0,1,1
0.0,1,1
0.0,1,1
0.0,1,1
0.0,1,1
0.0,1,1
0.0,1,1
0.0,1,1
0.0,1,1
0.0,1,1
0.0,1,1
0.0,1,1
0.0,1,1
0.0,0,0
0.0,0,0
0.0,0,0
0.0,0,0
0.0,0,0
0.0,0,0
0.0,0,0
0.0,0,0
0.0,0,0
0.0,0,0
0.0,0,0
0.0,0,0
0.0,0,0
0.0,0,0
0.0,0,0
0.0,0,0
0.0,0,0
0.0,0,0
0.0,0,0
0.0,0,0
0.0,0,0
0.0,0,0
0.0,0,0
0.0,0,0
0.0,0,0
0.0,0,0
0.0,0,0
0.0,0,0
0.0,0,0
0.0,0,0
0.0,0,0
0.0,0,0
0.0,0,0
0.0,0,0
0.0,0,0
0.0,0,0
0.0,0,0
0.0,0,0
0.0,0,0
0.0,0,0
0.0,0,0
0.0,0,0
0.0,0,0
0.0,0,0
0.0,0,0
0.0,0,0
0.0,0,0
0.0,0,0
0.0,0,0
0.0,0,0
0.0,0,0
0.0,0,0
0.0,0,0
0.0,0,0
0.0,0,0
0.0,0,0
0.0,0,0
0.0,0,0
0.0,0,0
0.0,0,0
2442.401,0,0
6393.046,0,0
9373.986,0,0
12458.813,0,0
12960.158,0,0
11073.698,0,0
9185.364,0,0
7195.152,0,0
7417.255,0,0
9655.689,0,0
11997.605,0,0
13703.536,0,0
15962.863,0,0
19275.327,0,0
21874.222,0,0
23926.674,0,0
24793.142,0,0
24956.924,0,0
25060.243,0,0
24857.418,0,0
24657.184,0,0
24359.387,0,0
23854.693,0,0
23188.299,0,0
23040.985,0,0
23313.417,0,0
23586.244,0,0
23587.028,0,0
23486.756,0,0
23385.266,0,0
23010.796,0,0
22735.927,0,0
22554.733,0,0
22567.512,0,0
22580.291,0,0
22593.07,0,0
21467.85,0,0
18908.951,0,0
16389.493,0,0
13871.953,0,0
12700.157,0,0
12230.604,0,0
11023.672,0,0
8652.877,0,0
8432.359,0,0
10464.275,0,0
10698.904,0,0
8739.112,0,0
5970.326,0,0
1683.971,1,1
0.0,1,1
0.0,1,1
0.0,1,1
0.0,1,1
0.0,1,1
0.0,1,1
0.0,1,1
0.0,1,1
0.0,1,1
0.0,1,1
0.0,1,1
0.0,1,1
0.0,1,1
0.0,1,1
0.0,1,1
0.0,1,1
0.0,1,1
0.0,1,1
0.0,1,1
0.0,1,1
0.0,1,1
0.0,1,1
372.014,1,1
2140.804,0,0
4769.767,0,0
7947.33,0,0
11000.026,0,0
14009.476,0,0
16994.348,0,0
19917.838,0,0
22207.883,0,0
24364.39,0,0
27424.763,0,0
29932.522,0,0
30647.863,0,0
30509.502,0,0
30271.095,0,0
30132.642,0,0
29951.558,0,0
29827.949,0,0
29704.432,0,0
29581.008,0,0
29480.936,0,0
29304.076,0,0
29227.123,0,0
29050.076,0,0
28876.776,0,0
27586.412,0,0
26199.334,0,0
24327.107,0,0
24009.179,0,0
25379.882,0,0
26290.826,0,0
27203.005,0,0
27501.487,0,0
27135.147,0,0
26673.46,0,0
26211.826,0,0
26040.575,0,0
25959.686,0,0
25878.819,0,0
25897.976,0,0
25746.299,0,0
25623.84,0,0
25601.476,0,0
25479.209,0,0
25230.445,0,0
24754.953,0,0
24279.244,0,0
23375.918,0,0
22988.878,0,0
23554.022,0,0
23858.289,0,0
24055.735,0,0
24104.388,0,0
24104.143,0,0
24003.898,0,0
24003.652,0,0
24123.15,0,0
24362.393,0,0
24601.636,0,0
24840.879,0,0
23900.452,0,0
21601.76,0,0
19188.737,0,0
16600.936,0,0
14898.243,0,0
13834.185,0,0
11760.763,0,0
8421.527,0,0
4556.153,0,0
0.0,1,1
0.0,1,1
241.612,1,1
3621.554,1,1
5338.138,0,0
4455.722,0,0
442.876,1,1
0.0,1,1
0.0,1,1
0.0,1,1
0.0,1,1
0.0,1,1
0.0,1,1
0.0,1,1
0.0,1,1
0.0,1,1
0.0,1,1
0.0,1,1
0.0,1,1
432.034,1,1
6127.485,0,0
6019.923,0,0
3545.002,1,1
0.0,1,1
0.0,1,1
0.0,1,1
1429.276,1,1
4198.576,1,1
6277.119,0,0
8970.033,0,0
12349.503,0,0
15654.344,0,0
18915.582,0,0
20813.16,0,0
21974.379,0,0
23293.342,0,0
24999.894,0,0
27875.587,0,0
30581.998,0,0
31400.0,0,0
31300.0,0,0
31100.0,0,0
30900.0,0,0
30800.0,0,0
30600.0,0,0
30400.0,0,0
30200.0,0,0
30100.0,0,0
29900.0,0,0
29800.0,0,0
29700.0,0,0
29500.0,0,0
29300.0,0,0
29009.071,0,0
28712.299,0,0
28770.201,0,0
29000.0,0,0
29000.0,0,0
29100.0,0,0
28900.0,0,0
28300.0,0,0
27800.0,0,0
27200.0,0,0
26900.0,0,0
26900.0,0,0
26800.0,0,0
26700.0,0,0
26600.0,0,0
26300.0,0,0
26000.0,0,0
25700.0,0,0
25500.0,0,0
25300.0,0,0
25100.0,0,0
24900.0,0,0
24800.0,0,0
24700.0,0,0
24600.0,0,0
24500.0,0,0
24500.0,0,0
24600.0,0,0
24700.0,0,0
24800.0,0,0
24900.0,0,0
24910.036,0,0
24703.572,0,0
24486.024,0,0
23103.651,0,0
20384.409,0,0
17848.155,0,0
15275.08,0,0
12580.743,0,0
10394.663,0,0
8316.846,0,0
5583.123,0,0
2644.586,0,0
0.0,1,1
0.0,1,1
0.0,1,1
0.0,1,1
0.0,1,1
0.0,1,1
0.0,1,1
0.0,1,1
0.0,1,1
0.0,1,1
0.0,1,1
0.0,1,1
0.0,1,1
0.0,1,1
0.0,1,1
0.0,1,1
0.0,1,1
0.0,1,1
0.0,1,1
0.0,1,1
0.0,1,1
0.0,1,1
0.0,1,1
0.0,1,1
0.0,0,0
0.0,0,0
0.0,0,0
0.0,0,0
0.0,0,0
15.792,0,0
5487.182,0,0
10321.676,0,0
14134.672,0,0
17308.782,0,0
20484.636,0,0
22911.596,0,0
25092.031,0,0
27963.261,0,0
30326.038,0,0
31100.0,0,0
31000.0,0,0
30900.0,0,0
30800.0,0,0
30700.0,0,0
30600.0,0,0
30400.0,0,0
30300.0,0,0
30200.0,0,0
30000.0,0,0
29900.0,0,0
29700.0,0,0
29600.0,0,0
29500.0,0,0
29400.0,0,0
29300.0,0,0
29200.0,0,0
29200.0,0,0
29100.0,0,0
29000.0,0,0
28700.0,0,0
28100.0,0,0
27600.0,0,0
27000.0,0,0
26700.0,0,0
26700.0,0,0
26700.0,0,0
26600.0,0,0
26500.0,0,0
26200.0,0,0
25900.0,0,0
25600.0,0,0
25300.0,0,0
25200.0,0,0
25000.0,0,0
24800.0,0,0
24700.0,0,0
24600.0,0,0
24600.0,0,0
24600.0,0,0
24500.0,0,0
24500.0,0,0
24400.0,0,0
24400.0,0,0
24500.0,0,0
24403.934,0,0
23860.385,0,0
23041.313,0,0
22387.719,0,0
20128.917,0,0
16490.885,0,0
13997.456,0,0
11707.581,0,0
8874.679,0,0
6152.217,0,0
2757.288,0,0
0.0,1,1
0.0,1,1
0.0,1,1
0.0,1,1
0.0,1,1
0.0,1,1
0.0,1,1
0.0,1,1
0.0,1,1
0.0,1,1
0.0,1,1
0.0,1,1
0.0,1,1
0.0,1,1
0.0,1,1
0.0,1,1
0.0,1,1
0.0,1,1
0.0,1,1
0.0,1,1
0.0,1,1
0.0,1,1
0.0,1,1
0.0,1,1
0.0,0,0
0.0,0,0
0.0,0,0
0.0,0,0
0.0,0,0
0.0,0,0
0.0,0,0
0.0,0,0
0.0,0,0
2284.927,0,0
5968.675,0,0
10414.846,0,0
13673.105,0,0
15982.411,0,0
18795.323,0,0
21950.362,0,0
23623.744,0,0
24124.831,0,0
24599.305,0,0
24974.486,0,0
26174.67,0,0
27662.929,0,0
28764.013,0,0
29668.816,0,0
29644.301,0,0
29622.279,0,0
29600.354,0,0
29478.525,0,0
29427.414,0,0
29346.967,0,0
29266.545,0,0
29286.146,0,0
29200.0,0,0
29100.0,0,0
29000.0,0,0
28900.0,0,0
28600.0,0,0
28000.0,0,0
27500.0,0,0
26900.0,0,0
26600.0,0,0
26500.0,0,0
26400.0,0,0
26300.0,0,0
26200.0,0,0
25900.0,0,0
25600.0,0,0
25300.0,0,0
25100.0,0,0
25000.0,0,0
24800.0,0,0
24700.0,0,0
24600.0,0,0
24600.0,0,0
24600.0,0,0
24500.0,0,0
24500.0,0,0
24500.0,0,0
24500.0,0,0
24500.0,0,0
24600.0,0,0
24511.898,0,0
23996.126,0,0
23564.016,0,0
22310.235,0,0
18975.259,0,0
15723.241,0,0
15104.42,0,0
14504.15,0,0
12844.836,0,0
12221.95,0,0
12478.024,0,0
13816.589,0,0
15399.794,0,0
14360.809,0,0
9623.95,0,0
4019.108,0,0
0.0,1,1
0.0,1,1
0.0,1,1
0.0,1,1
0.0,1,1
0.0,1,1
0.0,1,1
0.0,1,1
0.0,1,1
0.0,1,1
0.0,1,1
0.0,1,1
0.0,1,1
0.0,1,1
0.0,1,1
0.0,1,1
0.0,1,1
0.0,1,1
0.0,1,1
0.0,1,1
0.0,1,1
0.0,1,1
0.0,1,1
0.0,1,1
0.0,0,0
0.0,0,0
24.864,0,0
5881.334,0,0
12984.269,0,0
17922.697,0,0
21095.542,0,0
23533.968,0,0
24786.262,0,0
27096.381,0,0
29851.468,0,0
30897.956,0,0
30563.111,0,0
30228.125,0,0
29398.452,0,0
28968.037,0,0
28951.365,0,0
28934.853,0,0
28918.501,0,0
28541.778,0,0
27803.983,0,0
27065.416,0,0
26204.828,0,0
25023.94,0,0
23913.896,0,0
22802.791,0,0
21690.625,0,0
20160.606,0,0
18578.348,0,0
16894.426,0,0
15210.201,0,0
12581.331,0,0
10286.046,0,0
7988.867,0,0
5789.793,0,0
3767.783,0,0
2020.846,0,0
0.0,1,1
0.0,1,1
0.0,1,1
2527.156,0,0
5446.336,0,0
8368.925,0,0
8159.953,0,0
4614.281,0,0
1065.165,0,0
0.0,1,1
0.0,1,1
3971.382,0,0
9369.452,0,0
12856.976,0,0
14148.589,0,0
13744.041,0,0
13238.848,0,0
12733.01,0,0
11931.667,0,0
9628.096,0,0
6267.872,0,0
2988.341,0,0
226.086,0,0
0.0,1,1
0.0,1,1
0.0,1,1
0.0,1,1
0.0,1,1
0.0,1,1
0.0,1,1
0.0,1,1
1553.889,0,0
4587.402,0,0
8239.233,0,0
9950.956,0,0
9938.038,0,0
8652.146,0,0
5890.263,0,0
2740.301,0,0
0.0,1,1
0.0,1,1
0.0,1,1
0.0,1,1
0.0,1,1
0.0,1,1
0.0,1,1
0.0,1,1
0.0,1,1
0.0,1,1
521.897,0,0
5692.643,0,0
9023.534,0,0
10268.498,0,0
10909.328,0,0
12518.239,0,0
8091.967,0,0
8122.482,0,0
6415.112,0,0
3005.835,0,0
0.0,1,0
0.0,0,0
4207.618,0,0
7881.563,0,0
10208.121,0,0
11291.631,0,0
11885.683,0,0
12212.006,0,0
12866.292,0,0
14913.699,0,0
16510.623,0,0
15822.428,0,0
14550.773,0,0
13378.369,0,0
12105.216,0,0
11110.06,0,0
10293.183,0,0
9375.929,0,0
8558.298,0,0
9420.91,0,0
12165.165,0,0
14910.914,0,0
17019.347,0,0
17900.201,0,0
18388.658,0,0
18777.424,0,0
19166.5,0,0
19654.556,0,0
20341.672,0,0
21029.202,0,0
21432.387,0,0
21419.236,0,0
21016.819,0,0
20514.4,0,0
20011.98,0,0
20361.933,0,0
21564.26,0,0
22666.588,0,0
23401.176,0,0
23804.419,0,0
23775.566,0,0
23846.779,0,0
23918.057,0,0
23432.308,0,0
22489.481,0,0
21546.654,0,0
20482.441,0,0
19396.588,0,0
18382.781,0,0
17468.796,0,0
16454.632,1,1
16111.783,1,1
16681.898,1,1
17071.507,1,1
17461.117,0,0
18050.727,0,0
18740.336,0,0
19363.701,0,0
20006.421,0,0
20717.181,0,0
21568.787,0,0
22293.073,0,0
22566.21,0,0
22017.113,0,0
20910.591,0,0
18503.133,0,0
14722.307,1,1
12461.244,1,1
11740.731,1,1
12819.572,1,1
15138.943,1,1
16780.306,1,1
17647.87,0,0
18052.033,0,0
17992.937,0,0
18050.775,0,0
18024.732,0,0
16922.788,1,1
14639.949,1,1
12569.813,1,1
10723.924,1,1
9601.96,1,1
8740.079,1,1
6225.68,1,1
2521.145,1,1
4301.883,1,1
11503.247,1,1
17555.718,0,0
22568.867,0,0
23551.099,0,0
20548.144,0,0
18217.634,0,0
16779.831,1,1
16443.286,1,1
17301.211,0,0
17517.718,0,0
16992.16,1,1
17222.805,1,1
18012.565,0,0
19163.558,0,0
20576.231,0,0
22136.452,0,0
23840.134,0,0
25940.403,0,0
28220.53,0,0
29927.041,0,0
30814.65,0,0
31013.994,0,0
30975.34,0,0
30836.673,0,0
30702.766,0,0
30326.488,0,0
29758.045,0,0
29189.474,0,0
28620.775,0,0
28144.166,0,0
27859.719,0,0
27475.241,0,0
27190.73,0,0
27174.647,0,0
27427.159,0,0
27779.863,0,0
28032.761,0,0
28201.426,0,0
28235.394,0,0
28173.966,0,0
28112.551,0,0
27828.534,0,0
27521.929,0,0
27100.0,0,0
26600.0,0,0
26300.0,0,0
26200.0,0,0
26200.0,0,0
26100.0,0,0
26000.0,0,0
25600.0,0,0
25300.0,0,0
25000.0,0,0
24800.0,0,0
24700.0,0,0
24600.0,0,0
24500.0,0,0
24400.0,0,0
24300.0,0,0
24200.0,0,0
24100.0,0,0
23999.027,0,0
23805.048,0,0
23611.034,0,0
23128.599,0,0
22349.314,0,0
21627.499,0,0
20652.168,0,0
19356.138,0,0
17375.281,0,0
14775.2,0,0
11846.526,0,0
8876.889,0,0
4051.64,0,0
0.0,1,1
0.0,1,1
0.0,1,1
0.0,1,1
0.0,1,1
0.0,1,1
0.0,1,1
0.0,1,1
0.0,1,1
0.0,1,1
0.0,1,1
0.0,1,1
0.0,1,1
0.0,1,1
0.0,1,1
0.0,1,1
0.0,1,1
0.0,1,1
0.0,1,1
0.0,1,1
0.0,1,1
0.0,1,1
0.0,1,1
0.0,1,1
0.0,0,0
0.0,0,0
0.0,0,0
0.0,0,0
0.0,0,0
0.0,0,0
0.0,0,0
0.0,0,0
0.0,0,0
0.0,0,0
0.0,0,0
0.0,0,0
0.0,0,0
0.0,0,0
0.0,0,0
2382.852,0,0
6391.169,0,0
8733.279,0,0
10919.988,0,0
10889.407,0,0
8567.006,0,0
6102.739,0,0
3038.974,0,0
1351.248,0,0
1141.1,0,0
930.944,0,0
720.781,0,0
0.0,0,0
0.0,0,0
0.0,0,0
0.0,0,0
0.0,0,0
0.0,0,0
0.0,0,0
0.0,0,0
0.0,0,0
0.0,0,0
0.0,0,0
0.0,0,0
0.0,0,0
0.0,0,0
1242.252,0,0
8602.643,0,0
12383.768,1,1
13246.35,1,1
13751.421,1,1
14138.034,1,1
14229.346,1,1
14025.124,1,1
13720.899,1,1
13516.671,1,1
13016.933,1,1
12221.374,1,1
11506.577,1,1
10231.897,1,1
11018.663,1,1
12491.241,1,1
13966.35,1,1
15442.564,1,1
16913.397,1,1
18311.987,0,0
19711.488,0,0
21011.904,0,0
21761.945,0,0
22433.228,0,0
22938.34,0,0
23462.782,0,0
22937.362,0,0
21222.643,0,0
19219.725,0,0
16566.709,1,1
15419.638,1,1
15341.829,1,1
16076.347,1,1
17817.984,0,0
18314.627,0,0
18116.38,0,0
17894.199,0,0
18027.505,0,0
19131.597,0,0
21204.805,0,0
22158.353,0,0
22149.156,0,0
21653.897,0,0
20869.014,0,0
21529.577,0,0
23533.875,0,0
25753.726,0,0
28081.692,0,0
28628.538,0,0
27137.224,0,0
25538.877,0,0
24102.934,0,0
22941.21,0,0
21955.68,0,0
20336.227,0,0
17726.073,0,0
16728.718,1,0
17243.632,0,0
17717.563,0,0
18120.517,0,0
17999.935,0,0
17647.768,0,0
18069.312,0,0
19262.923,0,0
20431.656,0,0
21376.797,0,0
22046.605,0,0
22435.208,0,0
22450.733,0,0
22205.051,0,0
21468.96,0,0
20539.13,0,0
19548.126,0,0
18139.522,0,0
18097.748,0,0
19333.622,0,0
20312.505,0,0
21291.8,0,0
22960.355,0,0
24943.765,0,0
26615.907,0,0
28026.017,0,0
28711.577,0,0
28981.157,0,0
29350.93,0,0
29620.898,0,0
29428.035,0,0
28771.977,0,0
28115.626,0,0
27358.982,0,0
26655.693,0,0
25447.472,0,0
24134.16,0,0
22920.314,0,0
21118.379,0,0
18045.802,0,0
14972.32,1,1
10379.595,1,1
9359.266,0,0
12475.124,0,0
14651.552,0,0
16330.202,0,0
18108.672,0,0
19668.41,0,0
21062.195,0,0
22356.822,0,0
22860.47,0,0
22845.931,0,0
22831.49,0,0
22817.148,0,0
22996.005,0,0
23368.183,0,0
23640.625,0,0
24013.33,0,0
24106.35,0,0
23919.413,0,0
23732.377,0,0
23545.242,0,0
23645.306,0,0
23471.607,0,0
22761.387,0,0
21920.729,0,0
20916.656,0,0
17976.838,0,0
13106.864,0,0
8931.089,0,0
6052.378,0,0
3849.971,0,0
1487.823,1,1
0.0,1,1
0.0,1,1
0.0,1,1
0.0,1,1
0.0,1,1
0.0,1,1
0.0,1,1
0.0,1,1
0.0,1,1
633.875,1,1
1478.086,1,1
270.884,1,1
0.0,1,1
0.0,1,1
0.0,1,1
0.0,1,1
0.0,1,1
0.0,1,1
0.0,1,1
0.0,1,1
0.0,1,1
1175.137,1,1
6249.148,0,0
6472.832,0,0
4338.839,0,0
1953.635,0,0
1200.081,1,0
2618.558,0,0
6048.727,0,0
8593.827,0,0
10434.641,0,0
12709.093,0,0
15460.083,0,0
18157.859,0,0
20906.788,0,0
22517.073,0,0
23626.005,0,0
24666.294,0,0
25764.449,0,0
28188.829,0,0
30996.059,0,0
32095.391,0,0
31746.707,0,0
30906.552,0,0
29718.774,0,0
29197.636,0,0
29444.558,0,0
29692.143,0,0
30040.393,0,0
30251.918,0,0
30267.761,0,0
30225.103,0,0
30282.515,0,0
30201.524,0,0
30082.061,0,0
29962.579,0,0
29943.076,0,0
29910.316,0,0
29864.457,0,0
29918.785,0,0
29900.0,0,0
29400.0,0,0
28618.647,0,0
27763.787,0,0
26808.765,0,0
25691.565,0,0
23180.743,0,0
19574.097,0,0
14798.862,0,0
11926.111,0,0
12690.483,0,0
13095.752,0,0
13382.694,0,0
13770.151,0,0
14158.124,0,0
14646.613,0,0
15035.621,0,0
14931.194,0,0
14232.55,0,0
13533.378,0,0
12833.679,0,0
12233.451,0,0
11632.695,0,0
11112.457,0,0
10028.997,0,0
11025.012,0,0
12705.159,0,0
14044.633,0,0
15270.625,0,0
14113.413,0,0
10175.012,0,0
6803.92,0,0
4107.566,0,0
115.027,0,0
0.0,1,1
0.0,1,1
0.0,1,1
0.0,1,1
0.0,1,1
0.0,1,1
0.0,1,1
0.0,1,1
0.0,1,1
0.0,1,1
0.0,1,1
0.0,1,1
0.0,1,1
0.0,1,1
0.0,1,1
0.0,1,1
0.0,1,1
0.0,1,1
0.0,1,1
0.0,1,1
0.0,1,1
0.0,1,1
0.0,1,1
0.0,1,1
0.0,0,0
0.0,0,0
1332.918,0,0
3121.968,0,0
5159.115,0,0
6236.391,0,0
6405.941,0,0
4957.227,0,0
2026.198,0,0
1466.799,0,0
2633.303,0,0
2904.786,0,0
2265.618,0,0
0.0,0,0
0.0,0,0
0.0,0,0
0.0,0,0
0.0,0,0
1676.447,0,0
3540.738,0,0
5413.629,0,0
7187.206,0,0
8601.381,0,0
9105.17,0,0
8899.371,0,0
8593.569,0,0
8387.763,0,0
6052.095,0,0
1.098,0,0
0.0,0,0
0.0,0,0
0.0,0,0
0.0,0,0
0.0,0,0
0.0,0,0
0.0,0,0
0.0,0,0
0.0,0,0
0.0,0,0
0.0,0,0
0.0,0,0
0.0,0,0
0.0,0,0
0.0,1,1
0.0,1,1
0.0,1,1
0.0,1,1
0.0,1,1
0.0,1,1
0.0,1,1
1161.191,0,0
6225.153,0,0
11937.172,0,0
15084.06,0,0
17967.966,0,0
18804.281,0,0
18227.901,0,0
17551.52,0,0
16847.905,0,0
16847.905,0,0
17451.52,0,0
18027.901,0,0
18604.281,0,0
19353.645,0,0
19772.464,0,0
19617.255,0,0
19376.943,0,0
17430.149,0,0
13595.446,0,0
8597.542,0,0
2270.579,0,0
0.0,1,0
2412.53,0,0
3130.693,0,0
3273.805,0,0
1604.586,0,0
0.0,1,1
0.0,1,1
0.0,1,1
0.0,1,1
0.0,1,1
0.0,1,1
0.0,1,1
0.0,1,1
0.0,1,1
1035.866,1,1
0.0,1,1
0.0,1,1
0.0,1,1
0.0,1,1
2385.316,0,0
9699.474,0,0
16252.191,0,0
17002.837,0,0
11339.62,0,0
4301.13,0,0
0.0,1,1
0.0,1,1
2447.999,0,0
6265.596,0,0
8420.132,0,0
9009.088,0,0
8302.501,0,0
8194.212,0,0
8614.322,0,0
8464.703,0,0
7829.706,0,0
7365.158,0,0
7007.361,0,0
8679.292,0,0
11862.536,0,0
13984.346,0,0
15526.352,0,0
16421.851,0,0
16251.4,0,0
14502.159,0,0
11339.792,0,0
8073.613,0,0
3939.589,0,0
3824.537,0,0
7635.218,0,0
10484.648,0,0
13437.341,0,0
15438.454,0,0
16286.35,0,0
16781.881,0,0
17259.439,0,0
17737.598,0,0
18216.357,0,0
18795.718,0,0
19275.682,0,0
18684.327,0,0
16819.592,0,0
14559.944,0,0
11367.435,0,0
11057.411,0,0
13835.274,0,0
15584.847,0,0
16942.653,0,0
18108.102,0,0
19080.737,0,0
19818.224,0,0
20576.799,0,0
21064.617,0,0
21481.472,0,0
21898.953,0,0
22260.906,0,0
22097.933,0,0
21611.426,0,0
21151.725,0,0
20561.341,0,0
20215.162,0,0
20213.414,0,0
20211.665,0,0
20209.915,0,0
20308.163,0,0
20506.409,0,0
20704.654,0,0
20902.898,0,0
22267.449,0,0
24007.734,0,0
24583.978,0,0
24504.724,0,0
23653.667,0,0
22124.892,0,0
21336.102,0,0
21298.213,0,0
20636.361,0,0
19455.509,0,0
19484.091,0,0
20620.4,0,0
21453.395,0,0
21427.693,0,0
20865.73,0,0
20234.115,0,0
20986.189,0,0
21385.848,0,0
21684.645,0,0
21983.444,0,0
23190.919,0,0
25045.836,0,0
26427.651,0,0
23767.923,0,0
18261.211,0,0
14023.358,0,0
10394.159,0,0
7394.534,0,0
1539.687,0,0
0.0,1,1
0.0,1,1
0.0,1,1
0.0,1,1
0.0,1,1
0.0,1,1
0.0,1,1
0.0,1,1
0.0,1,1
0.0,1,1
0.0,1,1
0.0,1,1
0.0,1,1
0.0,1,1
0.0,1,1
0.0,1,1
0.0,1,1
4794.762,0,0
11544.572,0,0
15570.906,0,0
17298.858,0,0
19611.423,0,0
22627.408,0,0
23113.725,0,0
21456.881,0,0
19797.89,0,0
18039.754,0,0
14242.669,0,0
9563.0,0,0
3772.02,0,0
0.0,1,1
0.0,1,1
0.0,1,1
0.0,1,1
0.0,1,1
0.0,1,1
0.0,1,1
0.0,0,0
0.0,0,0
0.0,0,0
9159.587,0,0
16877.875,0,0
21622.368,0,0
23327.771,0,0
23255.029,0,0
23282.883,0,0
23211.336,0,0
22908.222,0,0
22272.578,0,0
21536.246,0,0
20899.227,0,0
20089.025,0,0
19205.392,0,0
18320.732,0,0
17307.668,1,1
16109.055,1,1
15009.687,1,1
13808.556,1,1
12605.657,1,1
12495.323,1,1
13480.189,1,1
14566.798,1,1
15555.155,1,1
16692.072,1,1
17808.22,1,1
18926.173,0,0
20045.936,0,0
21457.745,0,0
22897.009,0,0
24336.441,0,0
25624.718,0,0
25209.788,0,0
23579.895,0,0
21910.68,0,0
20322.817,0,0
18557.766,0,0
16352.89,1,1
15882.626,1,1
17267.299,1,1
20432.293,0,0
23401.269,0,0
24442.765,0,0
20913.787,0,0
13277.581,1,1
6054.473,1,1
5773.303,1,1
12670.526,1,1
17842.237,1,1
21229.691,0,0
23214.639,0,0
24054.892,0,0
25741.76,0,0
28256.431,0,0
28425.576,0,0
26392.34,0,0
24705.617,0,0
23290.354,0,0
22373.749,0,0
21858.992,0,0
20897.083,0,0
19393.6,0,0
18719.782,0,0
18836.592,0,0
18755.757,0,0
18457.926,0,0
18124.022,0,0
17696.509,1,1
17365.609,1,1
17096.455,1,1
17184.869,1,1
17677.864,1,1
18121.8,0,0
18394.215,0,0
19472.061,0,0
21559.787,0,0
23098.945,0,0
24403.655,0,0
27045.935,0,0
30463.664,0,0
31896.206,0,0
31776.518,0,0
31656.813,0,0
31437.09,0,0
31336.886,0,0
31156.226,0,0
31075.583,0,0
30894.957,0,0
30804.58,0,0
30604.441,0,0
30504.301,0,0
30304.16,0,0
30094.204,0,0
29874.417,0,0
29654.614,0,0
29334.792,0,0
29154.219,0,0
29012.945,0,0
28771.724,0,0
28630.555,0,0
28171.447,0,0
27494.266,0,0
26360.067,0,0
25014.355,0,0
23439.316,0,0
21182.781,0,0
18736.567,0,0
15508.319,0,0
12899.66,1,1
10242.291,1,1
7134.848,1,1
4025.331,1,1
3718.691,1,1
6417.645,1,1
9218.152,1,1
11371.012,1,1
11970.689,1,1
11966.284,1,1
11861.876,1,1
11757.465,1,1
12658.596,1,1
14566.243,0,0
16375.184,0,0
17799.538,0,0
19225.184,0,0
20637.605,0,0
21383.646,0,0
21963.011,0,0
21634.747,0,0
20295.381,0,0
19424.224,0,0
18953.624,0,0
18701.639,0,0
19110.051,0,0
18866.918,0,0
18166.103,0,0
17374.285,0,0
16694.613,0,0
16028.445,0,0
15276.232,0,0
14481.732,0,0
13645.651,0,0
12567.186,1,1
11318.03,1,1
10746.091,1,1
10763.936,1,1
11490.168,1,1
12926.168,1,1
13363.654,1,1
12706.016,1,1
13132.809,1,1
14442.689,0,0
15478.549,0,0
16140.576,0,0
17483.463,0,0
19303.124,0,0
22227.737,0,0
26104.63,0,0
25726.858,0,0
20760.917,0,0
14723.424,0,0
7974.487,1,1
7954.605,1,1
14554.876,0,0
20120.29,0,0
24380.71,0,0
25641.669,0,0
24025.703,0,0
22718.741,0,0
21724.702,0,0
22233.259,0,0
24080.684,0,0
25477.259,0,0
26539.824,0,0
28050.264,0,0
30071.051,0,0
30863.755,0,0
30400.348,0,0
29737.936,0,0
28976.524,0,0
28497.214,0,0
28299.255,0,0
28001.293,0,0
27803.327,0,0
27792.005,0,0
28066.883,0,0
28241.165,0,0
28514.853,0,0
28741.438,0,0
28859.958,0,0
28818.858,0,0
28777.653,0,0
28658.584,0,0
28461.854,0,0
28059.732,0,0
27397.95,0,0
26452.131,0,0
25022.757,0,0
23444.658,0,0
21554.589,0,0
20152.61,0,0
19337.504,0,0
18523.02,0,0
17397.85,0,0
18057.85,0,0
19767.315,0,0
21475.031,0,0
22534.811,0,0
23291.453,0,0
23786.347,0,0
23759.598,0,0
23732.697,0,0
23776.835,0,0
23800.0,0,0
23700.0,0,0
23700.0,0,0
23800.0,0,0
23900.0,0,0
24100.0,0,0
24200.0,0,0
24429.998,0,0
24298.715,0,0
24275.824,0,0
24246.339,0,0
23574.999,0,0
22268.477,0,0
20415.561,0,0
18185.714,0,0
15353.833,0,0
11562.55,0,0
10181.726,0,0
11500.768,0,0
11858.092,0,0
11210.495,0,0
11402.028,0,0
12452.697,0,0
13348.89,0,0
13856.012,0,0
13090.338,0,0
11639.053,0,0
9511.231,0,0
6957.302,1,1
863.79,1,1
0.0,1,1
0.0,1,1
0.0,1,1
0.0,1,1
0.0,1,1
0.0,1,1
661.845,1,1
6500.097,1,1
10409.389,0,0
12043.494,0,0
12607.621,0,0
11514.976,0,0
8754.237,1,1
4318.605,1,1
0.0,1,1
0.0,1,1
0.0,1,1
0.0,1,1
0.0,1,1
0.0,1,1
780.548,1,1
4538.124,1,1
4787.848,1,1
4173.344,1,1
3315.379,1,1
6538.926,1,1
13312.994,0,0
18242.319,0,0
22979.864,0,0
25135.382,0,0
25555.997,0,0
25876.901,0,0
26198.092,0,0
26871.976,0,0
27415.283,0,0
27938.258,0,0
28461.73,0,0
28759.336,0,0
28873.992,0,0
28830.787,0,0
28787.621,0,0
28630.485,0,0
27986.252,0,0
26969.609,0,0
25952.545,0,0
25252.584,0,0
24969.948,0,0
24515.501,0,0
24131.021,0,0
23375.5,0,0
22148.865,0,0
21021.936,0,0
19894.713,0,0
19067.195,0,0
18539.383,0,0
17911.275,0,0
17382.872,0,0
16562.062,0,0
15193.653,0,0
13824.436,0,0
12554.411,0,0
12350.49,0,0
13313.881,0,0
14278.076,0,0
15243.078,0,0
16216.886,0,0
17354.725,0,0
18393.352,0,0
19532.769,0,0
20184.821,0,0
20916.31,0,0
21748.306,0,0
22358.368,0,0
22359.308,0,0
21948.4,0,0
21495.038,0,0
21133.233,0,0
19771.584,0,0
17218.676,0,0
14549.048,0,0
12000.135,0,0
8899.277,0,0
5578.024,0,0
2369.586,0,0
0.0,1,1
0.0,1,1
0.0,1,1
0.0,1,1
0.0,1,1
0.0,1,1
0.0,1,1
0.0,1,1
0.0,1,1
0.0,1,1
0.0,1,1
0.0,1,1
0.0,1,1
0.0,1,1
0.0,1,1
0.0,1,1
0.0,1,1
0.0,1,1
0.0,1,1
0.0,1,1
0.0,1,1
0.0,1,1
0.0,1,1
0.0,1,1
0.0,0,0
0.0,0,0
1956.962,0,0
3711.924,0,0
3144.095,0,0
2872.542,0,0
2728.048,0,0
5391.703,0,0
10341.842,0,0
14932.45,0,0
18121.491,0,0
19801.708,0,0
21118.488,0,0
22434.335,0,0
23434.103,0,0
25095.313,0,0
27278.761,0,0
28200.0,0,0
28100.0,0,0
28000.0,0,0
27900.0,0,0
27800.0,0,0
27600.0,0,0
27400.0,0,0
27300.0,0,0
27200.0,0,0
27100.0,0,0
27000.0,0,0
26900.0,0,0
26900.0,0,0
26900.0,0,0
26900.0,0,0
26900.0,0,0
26900.0,0,0
26700.0,0,0
26600.0,0,0
26500.0,0,0
26200.0,0,0
25700.0,0,0
25200.0,0,0
24700.0,0,0
24400.0,0,0
24300.0,0,0
24200.0,0,0
24100.0,0,0
23900.0,0,0
23657.87,0,0
23381.409,0,0
23104.854,0,0
22866.472,0,0
22866.331,0,0
22766.189,0,0
22666.047,0,0
22565.906,0,0
22565.763,0,0
22465.621,0,0
22365.479,0,0
22246.111,0,0
22307.483,0,0
22268.807,0,0
22330.085,0,0
22075.5,0,0
21764.653,0,0
21337.204,0,0
20901.09,0,0
19987.346,0,0
17193.878,0,0
13683.346,0,0
11499.863,0,0
9347.525,0,0
6737.289,0,0
4496.451,0,0
2114.077,0,0
0.0,1,1
0.0,1,1
0.0,1,1
0.0,1,1
0.0,1,1
0.0,1,1
0.0,1,1
0.0,1,1
0.0,1,1
0.0,1,1
0.0,1,1
0.0,1,1
0.0,1,1
0.0,1,1
0.0,1,1
0.0,1,1
0.0,1,1
0.0,1,1
0.0,1,1
0.0,1,1
0.0,1,1
0.0,1,1
0.0,1,1
0.0,1,1
0.0,0,0
0.0,0,0
0.0,0,0
426.355,0,0
3425.913,0,0
6915.413,0,0
8450.955,0,0
8607.452,0,0
8577.894,0,0
8439.258,0,0
12492.552,0,0
18477.393,0,0
21455.901,0,0
22989.937,0,0
24733.447,0,0
26754.098,0,0
27700.0,0,0
27600.0,0,0
27500.0,0,0
27300.0,0,0
27200.0,0,0
27100.0,0,0
27000.0,0,0
26900.0,0,0
26800.0,0,0
26700.0,0,0
26600.0,0,0
26500.0,0,0
26400.0,0,0
26300.0,0,0
26300.0,0,0
26200.0,0,0
26100.0,0,0
26100.0,0,0
26000.0,0,0
25900.0,0,0
25800.0,0,0
25600.0,0,0
25400.0,0,0
25200.0,0,0
25000.0,0,0
24800.0,0,0
24600.0,0,0
24386.537,0,0
24100.676,0,0
23762.448,0,0
23424.18,0,0
23185.873,0,0
23004.88,0,0
22981.291,0,0
22957.781,0,0
22900.0,0,0
22800.0,0,0
22700.0,0,0
22576.871,0,0
22438.484,0,0
22371.26,0,0
22275.154,0,0
22178.948,0,0
21982.642,0,0
21776.533,0,0
20976.824,0,0
20064.401,0,0
19004.276,0,0
17320.066,0,0
14542.099,0,0
11344.759,0,0
9385.305,0,0
7877.817,0,0
6910.94,0,0
4996.446,0,0
324.446,0,0
0.0,1,1
0.0,1,1
0.0,1,1
0.0,1,1
0.0,1,1
0.0,1,1
0.0,1,1
0.0,1,1
0.0,1,1
0.0,1,1
0.0,1,1
0.0,1,1
0.0,1,1
0.0,1,1
0.0,1,1
0.0,1,1
0.0,1,1
0.0,1,1
0.0,1,1
0.0,1,1
0.0,1,1
0.0,1,1
0.0,1,1
0.0,1,1
3543.045,0,0
10552.086,0,0
11955.329,0,0
9718.771,0,0
7044.507,0,0
5276.559,0,0
6833.002,0,0
11138.425,0,0
14835.199,0,0
17269.808,0,0
18902.11,0,0
20159.378,0,0
21291.669,0,0
22429.59,0,0
24280.825,0,0
26799.414,0,0
27470.731,0,0
26550.775,0,0
25629.592,0,0
24686.444,0,0
24203.294,0,0
24583.516,0,0
24742.645,0,0
24902.142,0,0
25252.364,0,0
25693.383,0,0
26234.865,0,0
26584.568,0,0
26635.96,0,0
26725.415,0,0
26900.0,0,0
26800.0,0,0
26700.0,0,0
26600.0,0,0
26500.0,0,0
26400.0,0,0
26300.0,0,0
26200.0,0,0
26100.0,0,0
26000.0,0,0
25900.0,0,0
25700.0,0,0
25500.0,0,0
25300.0,0,0
25100.0,0,0
24700.0,0,0
24400.0,0,0
24100.0,0,0
23800.0,0,0
23600.0,0,0
23300.0,0,0
23100.0,0,0
23000.0,0,0
23000.0,0,0
23000.0,0,0
23000.0,0,0
23100.0,0,0
23300.0,0,0
23400.0,0,0
23600.0,0,0
23545.087,0,0
23084.221,0,0
22703.27,0,0
22297.921,0,0
21267.404,0,0
19591.169,0,0
18062.649,0,0
15778.179,0,0
12044.607,0,0
7791.994,0,0
4396.941,0,0
1950.09,0,0
0.0,1,1
0.0,1,1
0.0,1,1
0.0,1,1
0.0,1,1
0.0,1,1
0.0,1,1
0.0,1,1
0.0,1,1
0.0,1,1
0.0,1,1
0.0,1,1
0.0,1,1
0.0,1,1
0.0,1,1
0.0,1,1
0.0,1,1
0.0,1,1
0.0,1,1
0.0,1,1
0.0,1,1
0.0,1,1
0.0,1,1
0.0,1,1
3344.131,0,0
8357.991,0,0
9309.441,0,0
7295.196,0,0
4838.716,0,0
3718.597,0,0
4953.621,0,0
8095.067,0,0
10684.192,0,0
12657.771,0,0
15305.984,0,0
18371.236,0,0
20963.121,0,0
23024.61,0,0
25864.319,0,0
29314.704,0,0
30800.0,0,0
30800.0,0,0
30700.0,0,0
30600.0,0,0
30500.0,0,0
30300.0,0,0
30100.0,0,0
29900.0,0,0
29700.0,0,0
29600.0,0,0
29400.0,0,0
29300.0,0,0
29100.0,0,0
28800.0,0,0
28600.0,0,0
28300.0,0,0
28200.0,0,0
28100.0,0,0
27929.763,0,0
27621.124,0,0
27288.134,0,0
26830.928,0,0
26473.653,0,0
25958.318,0,0
25440.372,0,0
24876.733,0,0
24212.719,0,0
23648.328,0,0
23765.437,0,0
24565.232,0,0
24604.873,0,0
24614.671,0,0
24467.405,0,0
24200.0,0,0
23900.0,0,0
23500.0,0,0
23400.0,0,0
23400.0,0,0
23400.0,0,0
23500.0,0,0
23600.0,0,0
23800.0,0,0
23996.041,0,0
24042.223,0,0
23995.052,0,0
23605.046,0,0
23194.923,0,0
22764.965,0,0
21436.033,0,0
19054.542,0,0
17292.842,0,0
15009.597,0,0
11260.321,0,0
5712.568,0,0
1430.249,0,0
0.0,1,1
0.0,1,1
0.0,1,1
0.0,1,1
0.0,1,1
0.0,1,1
0.0,1,1
0.0,1,1
0.0,1,1
0.0,1,1
0.0,1,1
0.0,1,1
0.0,1,1
0.0,1,1
0.0,1,1
0.0,1,1
0.0,1,1
0.0,1,1
0.0,1,1
0.0,1,1
0.0,1,1
0.0,1,1
0.0,1,1
0.0,1,1
0.0,0,0
0.0,0,0
0.0,0,0
0.0,0,0
0.0,0,0
0.0,0,0
1823.908,0,0
4770.411,0,0
6841.254,0,0
8253.049,0,0
9929.138,0,0
13845.13,0,0
18686.285,0,0
21855.257,0,0
23822.727,0,0
26287.201,0,0
29576.335,0,0
29941.952,0,0
27932.81,0,0
25140.514,0,0
21601.556,0,0
18342.501,0,0
13777.702,0,0
9070.646,0,0
3330.854,0,0
6980.307,0,0
16843.714,0,0
22368.024,0,0
26436.353,0,0
27586.568,0,0
27385.057,0,0
27083.544,0,0
26782.028,0,0
26896.605,0,0
27427.922,0,0
27960.104,0,0
27950.319,0,0
27668.993,0,0
27173.721,0,0
26376.976,0,0
25422.675,0,0
24622.497,0,0
23976.489,0,0
23329.916,0,0
22511.001,0,0
21558.108,0,0
20504.334,0,0
19449.675,0,0
18494.132,0,0
17977.342,0,0
18200.298,0,0
18323.692,0,0
18547.526,0,0
18871.799,0,0
19296.514,0,0
19721.669,0,0
20147.267,0,0
20501.941,0,0
20785.58,0,0
20939.394,0,0
21121.097,0,0
21384.172,0,0
21778.056,0,0
22050.949,0,0
21932.451,0,0
20771.586,0,0
17943.942,0,0
15132.35,0,0
11992.933,0,0
10514.826,0,0
10940.369,0,0
10532.742,0,0
9528.895,0,0
7216.02,0,0
4034.86,1,1
2797.03,1,1
3994.226,1,1
5499.839,1,1
6263.621,1,1
5246.611,1,1
2214.524,1,1
0.0,1,1
0.0,1,1
0.0,1,1
0.0,1,1
0.0,1,1
0.0,1,1
0.0,1,1
0.0,1,1
0.0,1,1
0.0,1,1
0.0,1,1
0.0,1,1
5521.173,1,1
9411.481,0,0
9291.448,0,0
6457.859,1,1
5352.491,1,1
6431.629,1,1
7307.738,0,0
7813.562,0,0
7628.282,0,0
6830.192,1,0
7239.649,0,0
8773.94,0,0
10265.231,0,0
11682.902,0,0
14062.969,0,0
17153.543,0,0
19659.147,0,0
22019.147,0,0
23924.109,0,0
25260.957,0,0
26858.227,0,0
27490.194,0,0
26614.178,0,0
25528.194,0,0
25184.4,0,0
25584.434,0,0
26085.306,0,0
26432.095,0,0
26556.123,0,0
26554.359,0,0
26552.592,0,0
26550.824,0,0
26549.179,0,0
26447.66,0,0
26246.139,0,0
26144.617,0,0
26406.063,0,0
27031.133,0,0
27657.077,0,0
28162.355,0,0
28005.077,0,0
27638.429,0,0
27271.943,0,0
26900.0,0,0
26600.0,0,0
26400.445,0,0
26185.632,0,0
25970.74,0,0
25627.034,0,0
24979.375,0,0
23956.279,0,0
22832.471,0,0
21647.366,0,0
19733.5,0,0
17918.149,0,0
15555.076,0,0
15451.064,0,0
17508.926,0,0
19121.848,0,0
20736.257,0,0
21179.771,0,0
20518.291,0,0
19800.358,0,0
19081.8,0,0
18696.258,0,0
18494.164,0,0
18371.343,0,0
18131.3,0,0
16980.51,0,0
14778.045,0,0
12734.685,0,0
10217.664,1,1
6425.045,1,1
2343.137,1,1
0.0,1,1
0.0,1,1
0.0,1,1
0.0,1,1
0.0,1,1
0.0,1,1
0.0,1,1
0.0,1,1
0.0,1,1
0.0,1,1
1497.583,1,1
11661.272,1,1
15384.743,0,0
16150.462,0,0
17313.602,0,0
19442.181,0,0
18888.884,0,0
15129.343,0,0
10737.922,1,1
6441.827,1,1
4937.057,1,1
6210.685,1,1
5561.583,1,1
3430.252,1,1
4601.033,1,1
9040.617,1,1
13503.733,0,0
17417.062,0,0
19093.645,0,0
19085.827,0,0
19690.432,0,0
20690.669,0,0
21874.667,0,0
23015.013,0,0
24426.518,0,0
25851.696,0,0
26361.678,0,0
25775.646,0,0
24495.11,0,0
22598.326,0,0
22794.837,0,0
24032.102,0,0
24937.002,0,0
24777.722,0,0
23260.524,0,0
21247.874,0,0
20175.112,0,0
19968.894,0,0
19862.668,0,0
19656.435,0,0
19256.221,0,0
18861.674,0,0
18366.649,0,0
17871.148,0,0
17084.039,0,0
15986.35,0,0
14119.484,0,0
12250.782,0,0
11788.882,1,0
12736.112,0,0
13784.613,0,0
14734.387,0,0
15343.846,0,0
15617.607,0,0
15892.309,0,0
16067.954,0,0
14391.312,0,0
8919.092,0,0
2430.104,0,0
0.0,1,1
0.0,1,1
0.0,1,1
1857.489,0,0
5553.979,0,0
10676.746,0,0
14702.454,0,0
18073.119,0,0
20706.572,0,0
21788.215,0,0
21786.632,0,0
21685.048,0,0
21683.462,0,0
21450.25,0,0
20782.346,0,0
20157.339,0,0
19431.567,0,0
19534.076,0,0
20443.848,0,0
21187.817,0,0
21720.002,0,0
21804.57,0,0
21639.583,0,0
21369.923,0,0
18411.871,0,0
13626.545,0,0
9482.546,0,0
9701.366,0,0
14821.389,0,0
19835.253,0,0
24471.621,0,0
23852.688,0,0
18110.624,0,0
12414.481,0,0
6755.556,0,0
3018.151,0,0
1418.19,0,0
0.0,1,1
0.0,1,1
0.0,1,1
0.0,1,1
0.0,1,1
0.0,1,1
0.0,1,1
0.0,1,1
0.0,1,1
0.0,1,1
0.0,1,1
0.0,1,1
0.0,1,1
0.0,1,1
0.0,1,1
0.0,1,1
0.0,1,1
0.0,1,1
2597.748,0,0
3818.04,0,0
4495.613,0,0
4546.934,0,0
3957.569,0,0
3011.73,0,0
1705.185,0,0
362.128,1,1
0.0,1,1
0.0,1,1
1488.481,0,0
6343.073,0,0
10381.467,0,0
13719.659,0,0
17206.63,0,0
19718.087,0,0
21252.832,0,0
22785.827,0,0
23704.842,0,0
24352.805,0,0
25101.645,0,0
25751.364,0,0
26075.538,0,0
25973.504,0,0
25971.468,0,0
25869.43,0,0
25909.827,0,0
25992.881,0,0
26146.171,0,0
26127.499,0,0
26392.131,0,0
26840.351,0,0
27289.143,0,0
27738.507,0,0
27967.183,0,0
27640.075,0,0
27413.148,0,0
27086.401,0,0
26800.0,0,0
26657.459,0,0
26380.251,0,0
26202.948,0,0
25944.87,0,0
25706.052,0,0
25467.187,0,0
25128.274,0,0
24744.064,0,0
23159.083,0,0
21234.626,0,0
18579.155,0,0
17464.591,0,0
17893.589,0,0
18323.115,0,0
18753.168,0,0
19979.863,0,0
21666.417,0,0
22966.101,0,0
23969.541,0,0
23868.9,0,0
23342.679,0,0
22695.446,0,0
22079.646,0,0
20480.167,0,0
17260.586,0,0
13696.802,0,0
11211.502,0,0
8803.309,0,0
6131.48,1,1
3101.323,1,1
0.0,1,1
0.0,1,1
0.0,1,1
0.0,1,1
0.0,1,1
0.0,1,1
0.0,1,1
0.0,1,1
0.0,1,1
0.0,1,1
0.0,1,1
0.0,1,1
2993.825,1,1
8745.712,0,0
14216.493,0,0
17824.529,0,0
21093.904,0,0
26055.768,0,0
28948.695,0,0
28332.408,0,0
21572.504,0,0
9454.25,0,0
0.0,1,1
0.0,1,1
4260.839,1,1
8734.195,1,1
9960.197,0,0
9616.589,0,0
4530.775,1,1
0.0,1,1
0.0,1,1
0.0,1,1
4348.826,1,1
11688.426,0,0
15691.045,0,0
17725.903,0,0
19116.007,0,0
20682.062,0,0
22421.524,0,0
24068.427,0,0
25546.25,0,0
27326.688,0,0
28825.089,0,0
29784.208,0,0
30176.367,0,0
30130.214,0,0
30122.735,0,0
30100.0,0,0
29900.0,0,0
29800.0,0,0
29800.0,0,0
29800.0,0,0
29700.0,0,0
29600.0,0,0
29500.0,0,0
29400.0,0,0
29200.0,0,0
29100.0,0,0
29000.0,0,0
28900.0,0,0
28800.0,0,0
28400.0,0,0
27900.0,0,0
27300.0,0,0
26700.0,0,0
26400.0,0,0
26300.0,0,0
26200.0,0,0
26100.0,0,0
26000.0,0,0
25800.0,0,0
25600.0,0,0
25500.0,0,0
25300.0,0,0
25100.0,0,0
25000.0,0,0
24800.0,0,0
24700.0,0,0
24600.0,0,0
24600.0,0,0
24461.064,0,0
24297.206,0,0
24062.293,0,0
23927.403,0,0
23197.667,0,0
22675.047,0,0
22229.342,0,0
21765.669,0,0
21292.626,0,0
21040.736,0,0
21014.891,0,0
19945.996,0,0
17809.403,0,0
15393.266,0,0
12454.636,0,0
11962.822,0,0
13905.687,0,0
15874.895,0,0
17609.846,0,0
17738.416,0,0
16191.353,0,0
14962.923,0,0
14149.665,0,0
12342.569,0,0
9415.366,0,0
6176.206,0,0
2485.31,0,0
0.0,1,1
0.0,1,1
0.0,1,1
0.0,1,1
0.0,1,1
0.0,1,1
0.0,1,1
0.0,1,1
0.0,1,1
0.0,1,1
0.0,1,1
0.0,1,1
0.0,1,1
0.0,1,1
0.0,1,1
0.0,1,1
0.0,1,1
0.0,1,1
0.0,1,1
0.0,1,1
0.0,1,1
0.0,1,1
0.0,1,1
0.0,1,1
0.0,0,0
621.207,0,0
6131.131,0,0
11465.151,0,0
15346.125,0,0
18961.079,0,0
22027.924,0,0
24251.449,0,0
25743.91,0,0
26883.9,0,0
26781.636,0,0
25454.18,0,0
24225.182,0,0
22894.639,0,0
22437.704,0,0
22755.966,0,0
23074.802,0,0
23394.213,0,0
23502.213,0,0
23498.366,0,0
23394.514,0,0
23390.657,0,0
23074.224,0,0
22544.775,0,0
21914.734,0,0
21384.1,0,0
21534.449,0,0
22267.402,0,0
23001.921,0,0
23838.011,0,0
24287.877,0,0
24717.697,0,0
25248.656,0,0
25658.297,0,0
25582.805,0,0
25378.655,0,0
25274.655,0,0
25170.806,0,0
24899.625,0,0
24660.955,0,0
24322.225,0,0
23983.433,0,0
23844.58,0,0
23805.667,0,0
23766.692,0,0
23727.655,0,0
23875.853,0,0
24211.509,0,0
24447.403,0,0
24700.0,0,0
25000.0,0,0
25300.0,0,0
25638.127,0,0
25911.963,0,0
25069.501,0,0
23008.17,0,0
21396.08,0,0
20434.713,0,0
18997.542,0,0
17246.263,0,0
15869.077,1,1
14645.645,1,1
13438.288,1,1
12258.947,1,1
12343.687,1,1
13350.554,1,1
14863.982,1,1
16930.786,0,0
16179.663,0,0
12136.305,1,1
7811.058,1,1
3680.829,1,1
2657.018,1,1
4914.615,1,1
6615.388,1,1
7843.426,1,1
7533.877,1,1
5881.141,1,1
3593.06,1,1
601.175,1,1
1322.814,1,1
5521.07,1,1
8331.822,1,1
9850.937,1,1
12308.58,1,1
15897.876,0,0
20017.413,0,0
24751.444,0,0
25389.284,0,0
21979.267,0,0
18932.59,0,0
16279.965,0,0
16566.245,0,0
19975.565,0,0
23137.693,0,0
26041.114,0,0
27407.426,0,0
27395.206,0,0
27488.194,0,0
26967.643,0,0
26422.467,0,0
25362.012,0,0
26342.829,0,0
28647.654,0,0
30102.918,0,0
30445.182,0,0
30431.953,0,0
30058.143,0,0
29784.241,0,0
28987.1,0,0
28287.608,0,0
27818.324,0,0
27348.847,0,0
26879.175,0,0
26593.873,0,0
26293.085,0,0
26092.296,0,0
25891.507,0,0
25299.928,0,0
24146.628,0,0
22892.721,0,0
21638.209,0,0
20150.041,0,0
18070.963,0,0
16091.055,0,0
14010.317,1,0
13707.492,0,0
15083.62,0,0
16360.3,0,0
17737.533,0,0
18679.948,0,0
19244.833,0,0
19810.174,0,0
20375.97,0,0
19641.309,0,0
17705.392,0,0
15529.269,0,0
12855.189,0,0
10280.811,0,0
5767.939,0,0
1111.622,0,0
0.0,1,1
0.0,1,1
0.0,1,1
0.0,1,1
0.0,1,1
0.0,1,1
0.0,1,1
0.0,1,1
0.0,1,1
0.0,1,1
0.0,1,1
0.0,1,1
0.0,1,1
0.0,1,1
0.0,1,1
0.0,1,1
0.0,1,1
0.0,1,1
0.0,1,1
0.0,1,1
0.0,1,1
0.0,1,1
0.0,1,1
0.0,1,1
0.0,0,0
0.0,0,0
0.0,0,0
0.0,0,0
0.0,0,0
0.0,0,0
0.0,0,0
0.0,0,0
0.0,0,0
0.0,0,0
0.0,0,0
0.0,0,0
0.0,0,0
0.0,0,0
0.0,0,0
0.0,0,0
0.0,0,0
0.0,0,0
0.0,0,0
0.0,0,0
0.0,0,0
0.0,0,0
0.0,0,0
0.0,0,0
5031.419,0,0
10587.91,0,0
15042.046,0,0
17433.57,0,0
19019.205,0,0
19883.768,0,0
19810.467,0,0
19061.226,0,0
16557.621,0,0
15879.596,0,0
16974.326,0,0
17502.002,0,0
17639.598,0,0
16654.95,0,0
14697.231,0,0
12736.494,0,0
10872.731,0,0
12580.763,0,0
17540.51,0,0
20531.452,0,0
23142.032,0,0
24285.851,0,0
24507.749,0,0
24630.376,0,0
24753.734,0,0
24864.155,0,0
24761.085,0,0
24658.011,0,0
24654.932,0,0
24137.167,0,0
23204.157,0,0
22270.393,0,0
21235.873,0,0
20357.354,0,0
19534.554,0,0
18610.619,0,0
17573.627,0,0
16874.675,0,0
16666.864,0,0
16359.04,0,0
16151.202,0,0
16437.029,0,0
17065.565,0,0
17582.521,0,0
18000.739,0,0
18620.222,0,0
19340.973,0,0
20062.995,0,0
20729.593,0,0
20419.586,0,0
19059.793,0,0
17597.156,0,0
16050.545,0,0
14460.868,0,0
13219.726,0,0
12053.254,0,0
10693.368,0,0
9129.036,0,0
8199.996,0,0
7065.739,0,0
4742.798,0,0
1967.327,0,0
0.0,1,1
0.0,1,1
0.0,1,1
0.0,1,1
0.0,1,1
0.0,1,1
0.0,1,1
0.0,1,1
0.0,1,1
0.0,1,1
0.0,1,1
0.0,1,1
0.0,1,1
0.0,1,1
0.0,1,1
0.0,1,1
0.0,1,1
0.0,1,1
0.0,1,1
0.0,1,1
0.0,1,1
0.0,1,1
0.0,1,1
0.0,1,1
0.0,0,0
0.0,0,0
0.0,0,0
0.0,0,0
0.0,0,0
0.0,0,0
0.0,0,0
0.0,0,0
0.0,0,0
0.0,0,0
0.0,0,0
402.988,0,0
3805.559,0,0
7450.679,0,0
11071.012,0,0
11579.118,0,0
8175.322,0,0
2813.17,0,0
0.0,0,0
0.0,0,0
0.0,0,0
0.0,0,0
0.0,0,0
0.0,0,0
0.0,0,0
0.0,0,0
0.0,0,0
0.0,0,0
0.0,0,0
0.0,0,0
0.0,0,0
0.0,0,0
0.0,0,0
0.0,0,0
0.0,0,0
0.0,0,0
0.0,0,0
0.0,0,0
0.0,0,0
0.0,0,0
0.0,0,0
0.0,0,0
0.0,0,0
0.0,1,1
0.0,1,1
0.0,1,1
0.0,1,1
0.0,1,1
0.0,1,1
0.0,1,1
0.0,1,1
0.0,1,1
0.0,1,1
0.0,1,1
0.0,1,1
0.0,1,1
0.0,1,1
0.0,1,1
0.0,1,1
0.0,1,1
0.0,1,1
0.0,1,1
0.0,1,1
0.0,1,1
0.0,1,1
0.0,1,1
0.0,1,1
0.0,0,0
0.0,0,0
0.0,0,0
0.0,0,0
0.0,0,0
0.0,0,0
0.0,0,0
0.0,0,0
0.0,0,0
0.0,0,0
0.0,0,0
0.0,0,0
0.0,0,0
0.0,0,0
0.0,0,0
0.0,0,0
0.0,0,0
0.0,0,0
0.0,0,0
0.0,0,0
0.0,0,0
0.0,0,0
0.0,0,0
0.0,0,0
0.0,0,0
0.0,0,0
0.0,0,0
0.0,0,0
0.0,0,0
0.0,0,0
0.0,0,0
0.0,0,0
0.0,0,0
0.0,0,0
0.0,0,0
0.0,0,0
0.0,0,0
0.0,0,0
0.0,0,0
0.0,0,0
0.0,0,0
0.0,0,0
0.0,0,0
0.0,0,0
3713.377,0,0
7741.964,0,0
11348.34,0,0
14216.36,0,0
13660.502,0,0
9766.232,0,0
4860.993,0,0
0.0,0,0
0.0,0,0
958.256,0,0
5098.901,0,0
8487.8,0,0
10284.919,0,0
10867.993,0,0
11551.883,0,0
12136.592,0,0
13593.179,0,0
15922.898,0,0
17394.602,0,0
18637.895,0,0
18431.787,0,0
16974.022,0,0
15183.915,0,0
12629.076,0,0
12319.877,0,0
14260.42,0,0
15439.568,0,0
16288.843,0,0
15789.872,0,0
13940.481,0,0
11073.691,0,0
7809.278,0,0
4443.092,0,0
488.605,0,0
0.0,1,1
0.0,1,1
0.0,1,1
0.0,1,1
0.0,1,1
0.0,1,1
0.0,1,1
0.0,1,1
0.0,1,1
0.0,1,1
0.0,1,1
0.0,1,1
0.0,1,1
0.0,1,1
0.0,1,1
0.0,1,1
0.0,1,1
0.0,1,1
0.0,1,1
0.0,1,1
0.0,1,1
0.0,1,1
0.0,1,1
0.0,1,1
0.0,0,0
0.0,0,0
0.0,0,0
0.0,0,0
0.0,0,0
0.0,0,0
0.0,0,0
0.0,0,0
0.0,0,0
0.0,0,0
0.0,0,0
0.0,0,0
0.0,0,0
0.0,0,0
0.0,0,0
0.0,0,0
0.0,0,0
0.0,0,0
0.0,0,0
0.0,0,0
0.0,0,0
0.0,0,0
0.0,0,0
0.0,0,0
0.0,0,0
0.0,0,0
0.0,0,0
0.0,0,0
0.0,0,0
0.0,0,0
0.0,0,0
0.0,0,0
0.0,0,0
0.0,0,0
0.0,0,0
0.0,0,0
0.0,0,0
0.0,0,0
0.0,0,0
0.0,0,0
0.0,0,0
0.0,0,0
0.0,0,0
0.0,0,0
0.0,0,0
0.0,0,0
0.0,0,0
0.0,0,0
2699.185,0,0
10179.689,0,0
11809.025,0,0
8918.627,0,0
5650.892,0,0
1652.739,0,0
4214.187,0,0
11442.575,0,0
17507.565,0,0
20965.533,0,0
21922.575,0,0
20275.346,0,0
18526.79,0,0
16776.905,0,0
14203.689,0,0
10899.029,0,0
7591.475,0,0
4181.025,0,0
0.0,1,1
0.0,1,1
0.0,1,1
0.0,1,1
0.0,1,1
0.0,1,1
0.0,1,1
0.0,1,1
0.0,1,1
0.0,1,1
0.0,1,1
0.0,1,1
0.0,1,1
0.0,1,1
0.0,1,1
0.0,1,1
0.0,1,1
0.0,1,1
866.578,0,0
3076.66,0,0
5079.971,0,0
6915.341,0,0
8824.712,0,0
10005.809,0,0
8639.413,0,0
4976.307,0,0
1876.098,0,0
233.66,0,0
0.0,1,1
0.0,1,1
0.0,1,1
0.0,1,1
0.0,1,1
0.0,1,1
0.0,0,0
0.0,0,0
0.0,0,0
0.0,0,0
0.0,0,0
0.0,0,0
0.0,0,0
0.0,0,0
0.0,0,0
0.0,0,0
0.0,0,0
0.0,0,0
0.0,0,0
0.0,0,0
0.0,0,0
0.0,0,0
0.0,0,0
0.0,0,0
0.0,0,0
0.0,0,0
0.0,0,0
0.0,0,0
0.0,0,0
0.0,0,0
952.487,0,0
3923.608,0,0
7469.743,0,0
10658.272,0,0
13057.126,0,0
15366.363,0,0
18420.015,0,0
22143.036,0,0
24576.986,0,0
25848.026,0,0
26419.848,0,0
26849.455,0,0
27173.989,0,0
27394.585,0,0
27447.633,0,0
27082.886,0,0
26894.049,0,0
26373.47,0,0
25817.786,0,0
25614.439,0,0
25411.088,0,0
25207.733,0,0
24510.191,0,0
23417.697,0,0
22115.839,0,0
20757.775,0,0
21910.182,0,0
24872.744,0,0
27320.214,0,0
29037.934,0,0
29447.703,0,0
29366.521,0,0
29285.361,0,0
29204.225,0,0
28727.483,0,0
27780.091,0,0
26357.335,0,0
24933.583,0,0
24814.856,0,0
25903.138,0,0
26444.859,0,0
26594.308,0,0
26499.913,0,0
26261.378,0,0
25922.797,0,0
25584.168,0,0
25441.846,0,0
25496.026,0,0
25300.0,0,0
25100.0,0,0
25000.0,0,0
25000.0,0,0
24900.0,0,0
24900.0,0,0
24900.0,0,0
24800.0,0,0
24800.0,0,0
24700.0,0,0
24370.039,0,0
23751.172,0,0
23009.325,0,0
22269.069,0,0
21071.51,0,0
19265.999,0,0
16452.397,0,0
13132.499,0,0
10019.622,0,0
6609.318,0,0
3218.282,0,0
720.174,0,0
0.0,1,1
0.0,1,1
0.0,1,1
0.0,1,1
0.0,1,1
0.0,1,1
0.0,1,1
0.0,1,1
0.0,1,1
0.0,1,1
0.0,1,1
0.0,1,1
0.0,1,1
0.0,1,1
0.0,1,1
0.0,1,1
0.0,1,1
0.0,1,1
0.0,1,1
0.0,1,1
0.0,1,1
0.0,1,1
0.0,1,1
0.0,1,1
0.0,0,0
0.0,0,0
0.0,0,0
0.0,0,0
0.0,0,0
0.0,0,0
0.0,0,0
0.0,0,0
4722.332,0,0
8502.527,0,0
11753.757,0,0
14969.972,0,0
17709.731,0,0
19978.232,0,0
21463.0,0,0
22442.84,0,0
24252.221,0,0
26107.804,0,0
27001.283,0,0
27729.654,0,0
27934.142,0,0
28194.744,0,0
28355.717,0,0
28517.061,0,0
28597.55,0,0
28496.905,0,0
28296.26,0,0
28195.614,0,0
27277.687,0,0
25264.831,0,0
22711.963,0,0
19353.351,0,0
17696.916,0,0
17978.861,0,0
18261.202,0,0
18543.938,0,0
18627.072,0,0
18610.602,0,0
18594.53,0,0
18678.856,0,0
18470.405,0,0
18168.878,0,0
17967.349,0,0
17665.821,0,0
18532.458,0,0
20067.624,0,0
21477.035,0,0
22601.786,0,0
23041.755,0,0
22924.332,0,0
22907.005,0,0
22889.772,0,0
23385.018,0,0
23944.523,0,0
24255.808,0,0
24467.204,0,0
24567.195,0,0
24355.618,0,0
24243.929,0,0
23783.165,0,0
22992.591,0,0
22252.062,0,0
21383.743,0,0
20483.249,0,0
18774.764,0,0
16213.302,0,0
13990.334,0,0
11972.19,0,0
8931.518,0,0
4539.533,0,0
235.269,1,1
0.0,1,1
0.0,1,1
0.0,1,1
0.0,1,1
0.0,1,1
0.0,1,1
0.0,1,1
0.0,1,1
0.0,1,1
0.0,1,1
0.0,1,1
0.0,1,1
0.0,1,1
1933.227,0,0
5837.993,0,0
6306.972,0,0
1288.038,1,1
0.0,1,1
0.0,1,1
0.0,1,1
0.0,1,1
0.0,1,1
0.0,1,1
0.0,1,1
0.0,1,1
123.932,1,1
4158.659,0,0
6897.76,0,0
8456.54,0,0
10006.969,0,0
11952.725,0,0
11956.515,0,0
10262.862,0,0
10011.297,0,0
11001.947,0,0
13360.68,0,0
16852.412,0,0
19982.947,0,0
22706.912,0,0
23792.759,0,0
23332.972,0,0
24392.028,0,0
27285.416,0,0
29622.656,0,0
30989.401,0,0
31087.95,0,0
30925.811,0,0
30763.665,0,0
30601.512,0,0
30501.517,0,0
30363.682,0,0
30225.848,0,0
30188.013,0,0
29969.106,0,0
29769.126,0,0
29569.146,0,0
29369.165,0,0
29150.275,0,0
29012.48,0,0
28774.691,0,0
28536.909,0,0
28255.828,0,0
27731.445,0,0
27307.063,0,0
26882.68,0,0
26567.752,0,0
26400.0,0,0
26300.0,0,0
26100.0,0,0
25900.0,0,0
25600.0,0,0
25400.0,0,0
25200.0,0,0
24900.0,0,0
24600.0,0,0
24300.0,0,0
24000.0,0,0
23900.0,0,0
24000.0,0,0
24100.0,0,0
24100.0,0,0
24200.0,0,0
24300.0,0,0
24400.0,0,0
24600.0,0,0
24739.943,0,0
24893.719,0,0
25036.537,0,0
25173.405,0,0
24917.798,0,0
24369.059,0,0
22886.294,0,0
20243.007,0,0
17592.771,0,0
14865.261,0,0
12501.552,0,0
10708.32,1,1
7253.384,1,1
1846.925,1,1
1283.129,1,1
5923.97,1,1
11036.161,1,1
14352.159,0,0
14231.06,0,0
11499.365,1,1
8922.824,1,1
6502.127,1,1
6060.958,1,1
7702.348,1,1
8870.056,1,1
9371.588,1,1
9964.413,1,1
10742.692,1,1
11433.773,1,1
12382.234,1,1
12266.328,1,1
11142.872,1,1
9553.273,1,1
7510.26,1,1
7661.727,1,1
9785.086,1,1
11523.622,1,1
12867.189,0,0
14053.782,0,0
15095.266,0,0
16340.697,0,0
17784.964,0,0
18887.457,0,0
19648.052,0,0
20663.275,0,0
22042.441,0,0
22999.643,0,0
23535.138,0,0
23895.948,0,0
24386.403,0,0
25723.886,0,0
27828.44,0,0
30213.787,0,0
31349.75,0,0
31019.672,0,0
30789.462,0,0
30521.946,0,0
29739.401,0,0
28562.139,0,0
27484.056,0,0
27371.745,0,0
28426.405,0,0
29581.844,0,0
29851.202,0,0
29790.979,0,0
29628.226,0,0
29465.498,0,0
29302.796,0,0
29140.116,0,0
28977.464,0,0
28800.0,0,0
28600.0,0,0
28200.0,0,0
27700.0,0,0
27100.0,0,0
26600.0,0,0
26300.0,0,0
26200.0,0,0
26100.0,0,0
26049.237,0,0
25755.385,0,0
25423.927,0,0
25092.379,0,0
24760.741,0,0
24541.743,0,0
24435.509,0,0
24229.355,0,0
24123.281,0,0
23885.528,0,0
23715.948,0,0
23104.666,0,0
22195.251,0,0
21789.866,0,0
21888.925,0,0
21887.983,0,0
21987.04,0,0
21437.266,0,0
19897.936,0,0
18170.094,0,0
16412.004,0,0
14395.948,0,0
12580.838,1,1
12232.801,1,1
13597.863,1,1
14302.899,0,0
14346.708,0,0
15813.706,0,0
18352.469,0,0
21844.901,0,0
24165.469,0,0
24564.94,0,0
19534.756,0,0
8718.029,1,1
0.0,1,1
0.0,1,1
2160.78,1,1
7940.817,1,1
11322.887,1,1
14179.842,1,1
16316.553,0,0
18167.929,0,0
19674.165,0,0
21563.721,0,0
23632.988,0,0
27263.087,0,0
29929.262,0,0
30141.028,0,0
26546.727,0,0
19862.189,0,0
14155.828,1,1
10840.323,1,1
9622.787,1,1
8849.795,1,1
7716.991,1,1
6872.698,1,1
6304.85,1,1
5286.018,1,1
4746.661,1,1
4504.1,1,1
4623.603,1,1
5580.236,1,1
7133.347,1,1
12253.94,1,1
18876.002,0,0
22660.012,0,0
25055.925,0,0
26677.793,0,0
27741.084,0,0
29462.457,0,0
30495.348,0,0
30525.729,0,0
30556.22,0,0
30440.159,0,0
30177.482,0,0
30000.0,0,0
29700.0,0,0
29500.0,0,0
29458.749,0,0
29283.904,0,0
29208.995,0,0
29043.396,0,0
28887.124,0,0
28830.814,0,0
28674.466,0,0
28527.453,0,0
28389.786,0,0
28252.093,0,0
27921.739,0,0
27273.652,0,0
26056.344,0,0
24938.428,0,0
23699.247,0,0
22519.147,0,0
21478.718,0,0
20537.861,0,0
19596.574,0,0
18668.075,0,0
17599.747,0,0
16630.896,0,0
15561.521,0,0
14204.631,0,0
12660.104,0,0
10786.601,0,0
8155.392,0,0
9264.704,0,0
12817.659,0,0
15401.2,0,0
17752.283,0,0
18101.634,0,0
16834.243,0,0
15102.664,0,0
13370.198,0,0
12238.292,0,0
11779.528,0,0
11308.939,0,0
10831.945,0,0
9235.933,0,0
6707.514,0,0
4035.214,0,0
1015.958,0,0
0.0,1,0
438.847,0,0
1088.765,0,0
1734.125,0,0
0.0,1,1
0.0,1,1
0.0,1,1
0.0,1,1
0.0,1,1
0.0,1,1
0.0,1,1
0.0,1,1
0.0,1,1
0.0,1,1
0.0,1,1
0.0,1,1
0.0,1,1
0.0,1,1
0.0,1,1
0.0,1,1
0.0,1,1
0.0,1,1
0.0,1,1
0.0,1,1
0.0,1,1
0.0,1,1
0.0,1,1
0.0,0,0
4070.16,0,0
6477.105,0,0
5093.276,0,0
824.615,0,0
2566.371,0,0
9281.718,0,0
14344.472,0,0
17521.603,0,0
17965.712,0,0
16569.567,0,0
16416.548,0,0
17304.034,0,0
18560.552,0,0
20087.822,0,0
21336.79,0,0
22121.419,0,0
21928.672,0,0
20564.424,0,0
18743.051,0,0
15667.366,0,0
15563.309,0,0
18233.15,0,0
19650.11,0,0
21167.946,0,0
22591.375,0,0
23638.517,0,0
24656.93,0,0
25675.723,0,0
26805.377,0,0
27602.966,0,0
28500.861,0,0
29349.995,0,0
29287.55,0,0
28739.283,0,0
28099.61,0,0
27359.662,0,0
26789.396,0,0
26289.019,0,0
25788.642,0,0
25288.266,0,0
24807.762,0,0
24246.994,0,0
23786.041,0,0
23103.448,0,0
22621.743,0,0
22321.082,0,0
22120.42,0,0
21819.757,0,0
20775.506,0,0
18987.019,0,0
16864.65,0,0
14454.913,0,0
12524.864,0,0
10589.9,0,0
8050.066,0,0
5508.979,0,0
3240.74,0,0
1145.482,0,0
0.0,1,1
0.0,1,1
0.0,1,1
0.0,1,1
0.0,1,1
0.0,1,1
0.0,1,1
0.0,1,1
0.0,1,1
0.0,1,1
0.0,1,1
0.0,1,1
0.0,1,1
0.0,1,1
0.0,1,1
0.0,1,1
0.0,1,1
0.0,1,1
0.0,1,1
0.0,1,1
0.0,1,1
0.0,1,1
0.0,1,1
0.0,1,1
0.0,0,0
0.0,0,0
0.0,0,0
0.0,0,0
0.0,0,0
0.0,0,0
0.0,0,0
0.0,0,0
0.0,0,0
0.0,0,0
0.0,0,0
0.0,0,0
0.0,0,0
0.0,0,0
0.0,0,0
0.0,0,0
0.0,0,0
0.0,0,0
0.0,0,0
0.0,0,0
0.0,0,0
468.653,0,0
5041.895,0,0
8597.866,0,0
11359.386,0,0
13435.379,0,0
11756.717,0,0
5902.71,0,0
0.0,0,0
0.0,0,0
0.0,0,0
0.0,0,0
0.0,0,0
0.0,0,0
0.0,0,0
0.0,0,0
0.0,0,0
0.0,0,0
0.0,0,0
0.0,0,0
0.0,0,0
0.0,0,0
0.0,0,0
0.0,0,0
0.0,0,0
0.0,0,0
0.0,0,0
0.0,0,0
0.0,0,0
0.0,0,0
0.0,0,0
5680.761,0,0
11305.223,0,0
15947.111,0,0
16595.811,0,0
15147.059,0,0
13268.205,0,0
10729.585,0,0
5309.124,0,0
0.0,1,1
0.0,1,1
0.0,1,1
0.0,1,1
0.0,1,1
0.0,1,1
0.0,1,1
0.0,1,1
0.0,1,1
0.0,1,1
0.0,1,1
0.0,1,1
0.0,1,1
0.0,1,1
0.0,1,1
0.0,1,1
0.0,1,1
0.0,1,1
0.0,1,1
0.0,1,1
0.0,1,1
0.0,1,1
0.0,1,1
0.0,1,1
0.0,0,0
0.0,0,0
0.0,0,0
0.0,0,0
0.0,0,0
0.0,0,0
0.0,0,0
0.0,0,0
0.0,0,0
0.0,0,0
0.0,0,0
0.0,0,0
0.0,0,0
0.0,0,0
0.0,0,0
0.0,0,0
0.0,0,0
0.0,0,0
0.0,0,0
0.0,0,0
0.0,0,0
7104.486,0,0
15488.236,0,0
21817.552,0,0
25962.517,0,0
24817.065,0,0
18332.019,0,0
13768.206,0,0
11102.655,0,0
11832.908,0,0
15936.656,0,0
19288.897,0,0
21778.492,0,0
22696.501,0,0
21997.912,0,0
21676.087,0,0
21836.197,0,0
21998.114,0,0
22261.39,0,0
21864.366,0,0
20706.918,0,0
19793.674,0,0
19020.491,0,0
19118.935,0,0
19874.8,0,0
20508.209,0,0
20850.673,0,0
21700.455,0,0
23122.648,0,0
24546.015,0,0
25607.712,0,0
26037.545,0,0
26035.647,0,0
26033.747,0,0
26031.846,0,0
26944.202,0,0
28415.79,0,0
29388.234,0,0
30361.28,0,0
30370.245,0,0
30226.899,0,0
30083.59,0,0
29940.321,0,0
29587.614,0,0
29125.46,0,0
28563.332,0,0
28001.23,0,0
27572.722,0,0
27377.729,0,0
27082.654,0,0
26887.497,0,0
26715.822,0,0
26667.807,0,0
26619.948,0,0
26500.0,0,0
26300.0,0,0
26100.0,0,0
25900.0,0,0
25800.0,0,0
25600.0,0,0
25500.0,0,0
25400.0,0,0
25300.0,0,0
25200.0,0,0
25200.0,0,0
25200.0,0,0
25200.0,0,0
24822.839,0,0
23901.375,0,0
23053.759,0,0
22021.753,0,0
20825.769,0,0
19204.909,0,0
16437.199,0,0
13540.694,0,0
11583.289,0,0
10641.821,0,0
9214.88,0,0
6536.128,0,0
4101.867,0,0
2090.457,0,0
0.0,1,1
0.0,1,1
0.0,1,1
0.0,1,1
0.0,1,1
0.0,1,1
0.0,1,1
0.0,1,1
0.0,1,1
0.0,1,1
0.0,1,1
0.0,1,1
0.0,1,1
0.0,1,1
0.0,1,1
0.0,1,1
0.0,1,1
0.0,1,1
0.0,1,1
0.0,1,1
0.0,1,1
0.0,1,1
0.0,1,1
0.0,1,1
0.0,0,0
1702.076,0,0
4239.104,0,0
5423.538,0,0
6252.668,0,0
6373.916,0,0
8581.274,0,0
12049.424,0,0
14897.335,0,0
17334.134,0,0
19163.986,0,0
20626.144,0,0
22235.465,0,0
23579.354,0,0
25384.746,0,0
26614.123,0,0
26806.26,0,0
26884.589,0,0
27585.973,0,0
28941.569,0,0
29903.28,0,0
30866.371,0,0
30992.327,0,0
30986.048,0,0
30979.881,0,0
30973.825,0,0
30967.882,0,0
31000.0,0,0
30900.0,0,0
30900.0,0,0
30800.0,0,0
30600.0,0,0
30400.0,0,0
30167.747,0,0
29701.521,0,0
29063.606,0,0
28425.647,0,0
27787.641,0,0
27421.172,0,0
27126.211,0,0
26931.169,0,0
26736.046,0,0
26413.534,0,0
26144.99,0,0
25882.73,0,0
25620.509,0,0
25263.164,0,0
24357.52,0,0
23429.766,0,0
22501.261,0,0
22436.507,0,0
23536.718,0,0
24452.07,0,0
24661.888,0,0
24843.224,0,0
25096.062,0,0
25200.0,0,0
25300.0,0,0
25082.183,0,0
24473.668,0,0
23736.96,0,0
23063.233,0,0
21838.814,0,0
18877.524,0,0
15158.55,0,0
13102.8,0,0
11248.254,0,0
9407.224,0,0
7254.387,0,0
3526.15,0,0
0.0,1,1
0.0,1,1
0.0,1,1
0.0,1,1
0.0,1,1
0.0,1,1
0.0,1,1
0.0,1,1
0.0,1,1
0.0,1,1
0.0,1,1
0.0,1,1
0.0,1,1
0.0,1,1
0.0,1,1
0.0,1,1
0.0,1,1
0.0,1,1
0.0,1,1
0.0,1,1
0.0,1,1
0.0,1,1
0.0,1,1
0.0,1,1
0.0,0,0
0.0,0,0
0.0,0,0
0.0,0,0
0.0,0,0
0.0,0,0
0.0,0,0
0.0,0,0
0.0,0,0
0.0,0,0
0.0,0,0
0.0,0,0
387.898,0,0
4879.639,0,0
9435.998,0,0
13769.169,0,0
16918.451,0,0
19202.738,0,0
21562.157,0,0
23211.323,0,0
23675.554,0,0
23472.638,0,0
23269.721,0,0
23066.801,0,0
23725.499,0,0
24766.142,0,0
25778.986,0,0
26792.584,0,0
27527.975,0,0
27805.437,0,0
27962.514,0,0
28119.833,0,0
28366.987,0,0
28704.067,0,0
29041.512,0,0
29188.573,0,0
28630.642,0,0
26694.468,0,0
24635.919,0,0
21894.563,0,0
20893.102,0,0
21532.789,0,0
22172.619,0,0
22812.592,0,0
23352.708,0,0
23662.518,0,0
23801.5,0,0
24040.574,0,0
24099.908,0,0
24079.48,0,0
24059.113,0,0
24138.807,0,0
24028.644,0,0
23928.578,0,0
23928.512,0,0
23828.447,0,0
23568.47,0,0
23048.49,0,0
22528.387,0,0
22087.433,0,0
21481.297,0,0
21269.625,0,0
21048.624,0,0
20722.578,0,0
18981.9,0,0
15552.75,0,0
13427.168,0,0
12644.779,0,0
11871.414,0,0
11193.929,0,0
9783.219,0,0
7836.414,1,1
5763.941,1,1
3691.764,1,1
3680.795,1,1
6096.216,1,1
6990.237,1,1
6342.779,1,1
6707.792,1,1
8069.574,1,1
10183.061,0,0
13045.61,0,0
13211.464,0,0
10669.667,0,0
9022.279,0,0
8180.615,1,0
8784.986,0,0
10631.556,0,0
10732.569,0,0
8992.488,0,0
6671.264,1,1
3114.206,1,1
141.258,1,1
0.0,1,1
0.0,1,1
0.0,1,1
0.0,1,1
0.0,1,1
0.0,1,1
0.0,1,1
0.0,1,1
2136.147,1,1
5124.578,1,1
7936.814,1,1
10704.285,0,0
13230.933,0,0
15454.753,0,0
17181.249,0,0
20604.268,0,0
24932.789,0,0
28405.387,0,0
30821.208,0,0
31794.946,0,0
32221.813,0,0
32572.402,0,0
32974.836,0,0
32784.129,0,0
32609.398,0,0
32334.629,0,0
32059.823,0,0
31894.323,0,0
31738.137,0,0
31581.923,0,0
31368.619,0,0
30945.321,0,0
30466.548,0,0
29987.685,0,0
29508.73,0,0
29397.723,0,0
29554.867,0,0
29612.193,0,0
29508.852,0,0
29111.833,0,0
28642.994,0,0
28174.221,0,0
27600.0,0,0
27130.454,0,0
26748.88,0,0
26097.49,0,0
24653.318,0,0
24049.574,0,0
24286.906,0,0
24524.42,0,0
24762.117,0,0
25079.196,0,0
25048.284,0,0
25017.458,0,0
24886.718,0,0
24800.0,0,0
24700.0,0,0
24600.0,0,0
24500.0,0,0
24500.0,0,0
24500.0,0,0
24467.86,0,0
24335.944,0,0
24016.139,0,0
23129.023,0,0
21426.969,0,0
19814.917,0,0
18704.631,0,0
17927.432,0,0
16219.208,0,0
11241.586,1,1
6504.765,1,1
4925.916,1,1
5406.252,1,1
9199.704,1,1
10933.654,1,1
10809.278,1,1
11974.62,0,0
14407.952,0,0
16970.666,0,0
19457.515,0,0
20762.877,0,0
20780.381,0,0
21250.176,0,0
22351.081,0,0
21273.881,0,0
17833.969,0,0
15015.72,0,0
12910.403,0,0
11850.572,1,1
11463.948,1,1
10938.067,1,1
10133.816,1,1
10333.419,1,1
4263.345,1,1
0.0,1,1
0.0,1,1
0.0,1,1
0.0,1,1
0.0,1,1
0.0,1,1
0.0,1,1
1390.096,1,1
5325.172,1,1
8597.033,1,1
11671.137,1,1
14967.339,0,0
17988.159,0,0
20675.94,0,0
22888.639,0,0
24919.626,0,0
26934.832,0,0
28998.082,0,0
30257.972,0,0
30730.335,0,0
31367.114,0,0
32157.501,0,0
32639.667,0,0
32817.23,0,0
32700.0,0,0
32500.0,0,0
32300.0,0,0
32000.0,0,0
31900.0,0,0
31700.0,0,0
31600.0,0,0
31400.0,0,0
31300.0,0,0
31100.0,0,0
30900.0,0,0
30800.0,0,0
30700.0,0,0
30600.0,0,0
30500.0,0,0
30400.0,0,0
30000.0,0,0
29300.0,0,0
28500.0,0,0
27800.0,0,0
27300.0,0,0
27200.0,0,0
27100.0,0,0
27000.0,0,0
26800.0,0,0
26500.0,0,0
26300.0,0,0
26000.0,0,0
25800.0,0,0
25500.0,0,0
25300.0,0,0
25100.0,0,0
24900.0,0,0
24900.0,0,0
24800.0,0,0
24700.0,0,0
24700.0,0,0
24700.0,0,0
24700.0,0,0
24700.0,0,0
24231.855,0,0
23215.208,0,0
22168.208,0,0
21089.907,0,0
19499.738,0,0
17208.791,0,0
15267.043,0,0
13936.446,0,0
11975.851,1,1
9018.112,1,1
9018.961,1,1
12067.109,1,1
16015.824,0,0
19485.879,0,0
19791.134,0,0
17784.362,0,0
16369.357,0,0
14371.62,0,0
13398.495,0,0
12400.447,0,0
11737.235,1,1
11446.779,1,1
8607.668,1,1
3062.805,1,1
0.0,1,1
0.0,1,1
0.0,1,1
0.0,1,1
2135.841,1,1
7223.335,1,1
8821.838,1,1
7199.441,1,1
5863.069,1,1
4886.773,1,1
5434.246,1,1
7490.848,1,1
9058.685,1,1
10215.684,1,1
11259.594,1,1
12216.598,1,1
13449.439,0,0
14775.554,0,0
16186.501,0,0
17687.02,0,0
18778.184,0,0
18499.464,0,0
19463.166,0,0
20824.182,0,0
23408.702,0,0
27339.258,0,0
29352.254,0,0
29342.519,0,0
29633.37,0,0
30232.43,0,0
30798.725,0,0
31229.328,0,0
31662.475,0,0
31493.276,0,0
31424.254,0,0
31255.41,0,0
31083.471,0,0
30908.217,0,0
30732.849,0,0
30457.365,0,0
30187.615,0,0
29119.725,0,0
27759.013,0,0
25922.916,0,0
25609.107,0,0
26947.48,0,0
27837.676,0,0
28629.227,0,0
28228.357,0,0
26433.029,0,0
24736.336,0,0
22486.109,0,0
21800.57,0,0
22686.651,0,0
23518.764,0,0
24152.107,0,0
24540.726,0,0
24784.609,0,0
25029.241,0,0
25181.081,0,0
24918.918,0,0
24780.432,0,0
24641.9,0,0
24308.939,0,0
24117.21,0,0
24116.669,0,0
24016.126,0,0
24015.583,0,0
24149.268,0,0
24383.312,0,0
24517.519,0,0
24651.888,0,0
24149.012,0,0
22815.576,0,0
21532.141,0,0
20149.399,0,0
18573.14,0,0
17810.481,0,0
16711.391,0,0
14089.495,0,0
11210.132,0,0
8377.298,0,0
5621.573,0,0
3315.13,0,0
1164.656,1,1
0.0,1,1
0.0,1,1
0.0,1,1
0.0,1,1
0.0,1,1
0.0,1,1
0.0,1,1
0.0,1,1
0.0,1,1
0.0,1,1
0.0,1,1
0.0,1,1
0.0,1,1
0.0,1,1
0.0,1,1
0.0,1,1
0.0,1,1
0.0,1,1
0.0,1,1
0.0,1,1
0.0,1,1
0.0,1,1
0.0,1,1
1342.923,0,0
7019.354,0,0
8054.707,0,0
5084.861,0,0
2938.52,0,0
1272.551,0,0
2907.24,0,0
6717.749,0,0
10213.978,0,0
13484.288,0,0
16111.646,0,0
18842.466,0,0
21886.795,0,0
25012.833,0,0
27332.584,0,0
28155.97,0,0
28902.289,0,0
30036.956,0,0
30766.359,0,0
31393.353,0,0
31400.0,0,0
31100.0,0,0
30800.0,0,0
30600.0,0,0
30400.0,0,0
30400.0,0,0
30400.0,0,0
30400.0,0,0
30300.0,0,0
30200.0,0,0
30000.0,0,0
29800.0,0,0
29700.0,0,0
29600.0,0,0
29500.0,0,0
29400.0,0,0
28901.697,0,0
27817.254,0,0
24972.747,0,0
20845.852,0,0
18571.671,0,0
18855.509,0,0
19139.414,0,0
19398.349,0,0
19197.716,0,0
18537.424,0,0
17852.029,0,0
17166.568,0,0
15907.645,0,0
13975.089,0,0
12042.236,0,0
8846.112,0,0
7699.849,0,0
8641.306,0,0
9683.12,0,0
10625.29,0,0
12012.552,0,0
13552.377,0,0
15092.466,0,0
16632.818,0,0
16077.27,0,0
13498.556,0,0
10635.246,0,0
5917.988,0,0
1.269,1,1
0.0,1,1
0.0,1,1
0.0,1,1
0.0,1,1
0.0,1,1
0.0,1,1
0.0,1,1
0.0,1,1
0.0,1,1
4981.718,0,0
8871.039,0,0
9755.182,0,0
7771.118,0,0
5246.58,0,0
2174.086,1,1
135.047,1,1
0.0,1,1
1172.331,1,1
5904.666,0,0
11014.79,0,0
16483.542,0,0
19312.895,0,0
19068.903,0,0
17848.41,0,0
15759.295,0,0
14189.687,0,0
13343.716,0,0
12225.057,0,0
10828.096,0,0
11089.727,0,0
13112.11,0,0
14439.325,0,0
15026.212,0,0
13793.359,0,0
10423.826,0,0
7101.092,0,0
4495.728,0,0
3642.968,1,0
4579.988,0,0
4195.562,0,0
1453.436,1,1
198.136,1,1
301.63,1,1
1620.187,1,1
4919.364,0,0
7218.303,0,0
8508.045,0,0
9215.127,0,0
9217.043,0,0
8570.415,0,0
7398.01,0,0
8318.953,0,0
10871.39,0,0
13425.695,0,0
15981.869,0,0
16740.911,0,0
15601.022,0,0
14460.603,0,0
13319.654,0,0
13561.044,0,0
15185.831,0,0
16811.498,0,0
17782.995,0,0
16913.854,0,0
12345.285,0,0
7737.211,0,0
1898.119,1,1
0.0,1,1
0.0,1,1
0.0,1,1
0.0,1,1
0.0,1,1
0.0,1,1
0.0,1,1
0.0,1,1
0.0,1,1
3378.159,0,0
6299.229,0,0
9121.897,0,0
9265.308,0,0
6727.324,0,0
4188.09,0,0
1647.606,0,0
0.0,1,1
0.0,1,1
0.0,1,1
0.0,1,1
0.0,1,1
294.722,0,0
2617.767,0,0
4704.321,0,0
6105.86,0,0
6679.516,0,0
7235.175,0,0
7780.904,0,0
6423.76,0,0
3016.92,0,0
329.106,0,0
0.0,1,1
0.0,1,1
1930.645,0,0
4694.966,0,0
8162.392,0,0
11204.09,0,0
8862.251,0,0
7755.243,0,0
3566.241,0,0
0.0,1,1
0.0,1,1
0.0,1,1
0.0,1,1
0.0,1,1
0.0,1,1
0.0,1,1
0.0,1,1
0.0,1,1
0.0,1,1
0.0,1,1
0.0,1,1
0.0,0,0
0.0,0,0
0.0,0,0
0.0,0,0
6005.239,0,0
12557.447,0,0
11880.455,0,0
5823.425,0,0
21.406,0,0
0.0,0,0
0.0,0,0
0.0,0,0
597.612,0,0
1824.271,0,0
3942.702,0,0
6950.684,0,0
9176.507,0,0
10727.191,0,0
13289.237,0,0
16043.089,0,0
18296.829,0,0
20534.759,0,0
22420.483,0,0
23969.213,0,0
25142.914,0,0
25605.066,0,0
25372.406,0,0
24316.274,0,0
22826.164,0,0
20151.571,0,0
17574.888,0,0
13339.818,0,0
12200.881,0,0
14505.222,0,0
16775.4,0,0
18004.759,0,0
18949.121,0,0
19608.197,0,0
20167.787,0,0
20827.893,0,0
22003.287,0,0
23436.885,0,0
24971.785,0,0
26102.821,0,0
26833.502,0,0
27509.87,0,0
27357.408,0,0
27083.178,0,0
26896.121,0,0
26796.12,0,0
26696.119,0,0
26496.118,0,0
26296.116,0,0
25896.115,0,0
25496.114,0,0
25196.112,0,0
24811.173,0,0
24541.207,0,0
24271.126,0,0
23772.036,0,0
23456.225,0,0
23636.343,0,0
23916.554,0,0
24047.575,0,0
23961.307,0,0
23609.604,0,0
23157.591,0,0
22805.269,0,0
21832.969,0,0
20344.394,0,0
18646.243,0,0
16783.922,0,0
15560.81,0,0
15257.055,0,0
13407.654,0,0
9655.878,0,0
6582.452,0,0
4715.333,1,1
3637.598,1,1
3307.79,1,1
2214.435,1,1
361.389,1,1
0.0,1,1
1675.738,1,1
4053.896,1,1
5682.754,0,1
5222.666,1,1
2908.549,1,1
89.647,1,1
0.0,1,1
0.0,1,1
0.0,1,1
0.0,1,1
0.0,1,1
0.0,1,1
0.0,1,1
2303.619,1,1
7743.618,0,0
9944.496,0,0
10893.025,0,0
12755.22,0,0
15548.786,0,0
15173.097,0,0
8158.109,0,0
0.0,1,1
0.0,1,1
0.0,1,1
0.0,1,1
2075.216,1,1
7056.852,0,0
8302.815,0,0
7240.482,0,0
7471.412,0,0
9107.952,0,0
12548.439,0,0
16435.305,0,0
19667.027,0,0
22828.454,0,0
25882.162,0,0
27945.243,0,0
28984.145,0,0
29822.93,0,0
30534.315,0,0
30921.47,0,0
30815.985,0,0
30454.312,0,0
29054.464,0,0
27605.09,0,0
25755.251,0,0
23744.688,0,0
21474.583,0,0
18797.207,0,0
17546.19,0,0
17722.98,0,0
17900.025,0,0
18077.326,0,0
17496.9,0,0
16057.875,0,0
13674.307,0,0
11153.122,0,0
10155.83,0,0
10784.318,0,0
11413.679,0,0
12043.914,0,0
11640.025,0,0
10401.224,0,0
9162.245,0,0
7923.091,0,0
7201.841,0,0
6898.627,0,0
6595.413,0,0
6392.198,0,0
6955.182,0,0
8384.587,0,0
9914.287,0,0
11207.778,0,0
12159.315,0,0
13306.419,0,0
14553.914,0,0
15701.8,0,0
16375.552,0,0
16474.877,0,0
16674.202,0,0
16773.527,0,0
16207.579,0,0
14830.9,0,0
13435.591,0,0
12030.505,0,0
10262.895,0,0
6933.195,0,0
4750.629,1,0
5997.709,0,0
5530.844,0,0
1907.698,1,1
0.0,1,1
0.0,1,1
0.0,1,1
0.0,1,1
0.0,1,1
0.0,1,1
0.0,1,1
0.0,1,1
0.0,1,1
493.273,1,1
4862.97,1,1
8985.425,0,0
9198.762,0,0
5988.1,0,0
3055.981,1,1
0.0,1,1
0.0,1,1
0.0,1,1
208.856,1,1
4364.342,1,1
6533.079,0,0
5756.713,0,0
4949.646,0,0
4421.071,1,0
4884.719,0,0
6177.229,0,0
6548.233,0,0
5867.426,0,0
8105.613,0,0
13558.848,0,0
18566.54,0,0
22966.511,0,0
23605.993,0,0
20320.158,0,0
17426.287,0,0
14975.591,0,0
15541.115,0,0
18694.402,0,0
20888.7,0,0
22114.169,0,0
22869.345,0,0
23250.772,0,0
23145.059,0,0
22331.314,0,0
20681.569,0,0
18951.452,0,0
16042.727,0,0
13428.683,0,0
10812.598,0,0
8194.47,0,0
5926.636,0,0
4851.892,1,1
3776.158,1,1
2699.432,1,1
3449.714,1,1
6029.58,0,0
8026.687,0,0
9790.257,0,0
11137.136,0,0
12066.664,0,0
12897.068,0,0
13828.347,0,0
15426.048,0,0
16648.306,0,0
17776.203,0,0
18905.401,0,0
19175.293,0,0
18584.402,0,0
18092.843,0,0
17500.616,0,0
18158.79,0,0
19661.084,0,0
21006.904,0,0
22255.375,0,0
23055.496,0,0
23769.683,0,0
24385.27,0,0
24729.455,0,0
24614.829,0,0
24514.497,0,0
24314.165,0,0
24213.832,0,0
23899.901,0,0
22172.38,0,0
19809.244,0,0
17024.153,0,0
13676.375,0,0
10905.17,0,0
7509.809,0,0
3146.718,0,0
0.0,1,1
0.0,1,1
0.0,1,1
0.0,1,1
0.0,1,1
0.0,1,1
0.0,1,1
0.0,1,1
0.0,1,1
0.0,1,1
0.0,1,1
0.0,1,1
0.0,1,1
0.0,1,1
0.0,1,1
0.0,1,1
0.0,1,1
0.0,1,1
0.0,1,1
0.0,1,1
0.0,1,1
0.0,1,1
0.0,1,1
0.0,1,1
0.0,0,0
0.0,0,0
0.0,0,0
0.0,0,0
0.0,0,0
0.0,0,0
0.0,0,0
0.0,0,0
0.0,0,0
0.0,0,0
0.0,0,0
0.0,0,0
0.0,0,0
0.0,0,0
0.0,0,0
0.0,0,0
0.0,0,0
0.0,0,0
0.0,0,0
0.0,0,0
0.0,0,0
0.0,0,0
0.0,0,0
0.0,0,0
0.0,0,0
0.0,0,0
0.0,0,0
0.0,0,0
0.0,0,0
0.0,0,0
0.0,0,0
0.0,0,0
0.0,0,0
0.0,0,0
0.0,0,0
0.0,0,0
0.0,0,0
1461.729,0,0
8245.291,0,0
13252.527,0,0
16351.167,0,0
17222.362,0,0
17786.771,0,0
18251.965,0,0
17270.689,0,0
13941.897,0,0
9691.592,0,0
5437.319,0,0
3804.937,0,0
5297.513,0,0
6590.958,0,0
7885.121,0,0
11879.993,0,0
16483.491,0,0
19872.378,0,0
22404.475,0,0
23120.04,0,0
21830.871,0,0
20636.549,0,0
19441.541,0,0
18175.196,0,0
16498.194,0,0
14843.054,0,0
13087.108,0,0
11821.67,0,0
10300.263,0,0
8639.486,0,0
7077.797,0,0
4205.464,0,0
121.66,0,0
0.0,1,1
0.0,1,1
0.0,1,1
0.0,1,1
0.0,1,1
0.0,1,1
0.0,1,1
0.0,1,1
0.0,1,1
0.0,1,1
0.0,1,1
0.0,1,1
0.0,1,1
0.0,1,1
0.0,1,1
0.0,1,1
0.0,1,1
0.0,1,1
0.0,1,1
0.0,1,1
0.0,1,1
0.0,1,1
0.0,1,1
0.0,1,1
0.0,0,0
0.0,0,0
0.0,0,0
0.0,0,0
0.0,0,0
0.0,0,0
0.0,0,0
0.0,0,0
0.0,0,0
0.0,0,0
0.0,0,0
0.0,0,0
0.0,0,0
0.0,0,0
0.0,0,0
0.0,0,0
2101.003,0,0
7874.091,0,0
11310.903,0,0
13746.549,0,0
17469.852,0,0
22028.541,0,0
24962.764,0,0
26500.118,0,0
27856.244,0,0
28971.642,0,0
30530.159,0,0
31625.67,0,0
31444.857,0,0
31481.1,0,0
32017.814,0,0
32866.635,0,0
33203.031,0,0
33165.049,0,0
32958.669,0,0
32783.678,0,0
32508.623,0,0
32233.505,0,0
32114.625,0,0
32052.054,0,0
32089.515,0,0
32027.008,0,0
31826.935,0,0
31589.247,0,0
31351.527,0,0
31113.776,0,0
30613.666,0,0
30051.242,0,0
29588.844,0,0
29026.471,0,0
28532.143,0,0
28205.755,0,0
27188.179,0,0
26007.558,0,0
25276.747,0,0
24896.115,0,0
24444.328,0,0
23962.85,0,0
24239.392,0,0
25030.028,0,0
25721.171,0,0
26214.109,0,0
26014.005,0,0
25120.416,0,0
24027.711,0,0
22934.666,0,0
22607.45,0,0
23384.605,0,0
24116.069,0,0
24847.857,0,0
25827.791,0,0
26036.367,0,0
26337.178,0,0
26357.843,0,0
26175.007,0,0
25855.639,0,0
24515.781,0,0
22325.443,0,0
19977.687,0,0
17535.685,0,0
16403.729,1,1
16654.332,1,1
16944.735,1,1
17162.82,0,0
17195.189,0,0
16817.901,1,1
16233.261,1,1
15345.883,1,1
14693.423,1,1
14284.951,1,1
12963.205,1,1
10914.419,1,1
11922.238,1,1
16124.228,1,1
20657.168,0,0
25193.316,0,0
26022.904,0,0
23254.095,0,0
21227.195,0,0
19927.735,0,0
18951.994,0,0
17658.971,0,0
14968.77,1,1
11563.135,1,1
11389.759,1,1
14174.984,1,1
16703.056,1,1
17741.97,0,0
17065.113,0,0
14499.404,1,1
12434.778,1,1
11619.55,1,1
12032.818,1,1
13616.175,1,1
14694.014,1,1
15363.579,1,1
17367.35,0,0
20272.509,0,0
22810.748,0,0
24965.578,0,0
26249.946,0,0
26915.037,0,0
27308.962,0,0
27231.702,0,0
26889.37,0,0
25836.193,0,0
25470.848,0,0
26130.697,0,0
26691.061,0,0
27073.395,0,0
28367.745,0,0
30401.348,0,0
31755.327,0,0
32969.774,0,0
32954.215,0,0
32564.998,0,0
31836.356,0,0
31007.287,0,0
30402.478,0,0
30022.181,0,0
29641.792,0,0
29361.311,0,0
28670.537,0,0
27769.539,0,0
26768.54,0,0
25867.54,0,0
25681.829,0,0
26111.648,0,0
26641.79,0,0
27172.254,0,0
26972.068,0,0
26140.746,0,0
25309.101,0,0
24477.133,0,0
24411.808,0,0
25113.716,0,0
25916.086,0,0
25998.619,0,0
26031.044,0,0
26006.724,0,0
25982.444,0,0
25958.202,0,0
25877.143,0,0
25839.224,0,0
25901.285,0,0
25863.326,0,0
25439.084,0,0
24448.468,0,0
23445.552,0,0
22409.062,0,0
21627.179,0,0
21331.367,0,0
20842.049,0,0
20105.346,0,0
19695.892,0,0
19515.801,0,0
17847.933,0,0
14236.334,1,1
10992.673,1,1
7959.322,1,1
5550.478,1,1
3998.555,1,1
2665.927,1,1
1287.201,1,1
4127.971,1,1
10956.43,1,1
17555.293,0,0
23892.221,0,0
24619.555,0,0
19762.427,0,0
16334.423,1,1
14905.118,1,1
12993.225,1,1
7705.221,1,1
0.0,1,1
0.0,1,1
0.0,1,1
0.0,1,1
0.0,1,1
0.0,1,1
0.0,1,1
0.0,1,1
2862.303,1,1
6449.703,1,1
11883.615,1,1
18946.951,0,0
27523.617,0,0
32119.984,0,0
31315.846,0,0
28939.829,0,0
26041.747,0,0
24505.815,0,0
24235.617,0,0
25238.103,0,0
25342.995,0,0
24094.554,0,0
23359.556,0,0
23130.55,0,0
24627.87,0,0
27941.581,0,0
30273.152,0,0
31720.363,0,0
32197.972,0,0
31954.215,0,0
31710.497,0,0
31466.817,0,0
31219.628,0,0
31068.804,0,0
30369.626,0,0
29649.751,0,0
29009.29,0,0
28548.518,0,0
28087.5,0,0
27504.828,0,0
27403.448,0,0
27783.915,0,0
27943.233,0,0
28202.858,0,0
27711.701,0,0
26269.254,0,0
24754.223,0,0
23108.04,0,0
22465.4,0,0
22927.1,0,0
23389.28,0,0
23771.635,0,0
24394.332,0,0
25179.911,0,0
25702.257,0,0
25730.039,0,0
25672.503,0,0
25629.51,0,0
25586.565,0,0
25500.0,0,0
25400.0,0,0
25300.0,0,0
25200.0,0,0
25100.0,0,0
25000.0,0,0
25000.0,0,0
25000.0,0,0
25000.0,0,0
24429.896,0,0
23096.795,0,0
21712.196,0,0
20303.072,0,0
20152.787,0,0
20607.269,0,0
18931.415,0,0
15319.763,0,0
11729.377,0,0
8572.949,1,1
7262.778,1,1
8057.848,1,1
9053.207,0,0
10165.852,0,0
11045.883,0,0
11524.319,0,0
12917.551,0,0
14902.102,0,0
14258.392,0,0
9769.945,0,0
4683.18,1,1
47.828,1,1
0.0,1,1
0.0,1,1
0.0,1,1
0.0,1,1
0.0,1,1
0.0,1,1
0.0,1,1
387.587,1,1
1551.048,1,1
2523.092,1,1
3182.067,1,1
3603.964,1,1
4550.777,1,1
5991.474,1,1
8260.979,1,1
10595.146,0,0
11552.959,0,0
8790.079,1,1
4301.696,1,1
762.159,1,1
3304.92,1,1
10676.708,0,0
17284.351,0,0
21424.288,0,0
23090.038,0,0
23889.94,0,0
24956.216,0,0
26284.974,0,0
27300.393,0,0
28104.069,0,0
29204.863,0,0
30382.641,0,0
30919.304,0,0
31000.0,0,0
30800.0,0,0
30600.0,0,0
30400.0,0,0
30200.0,0,0
30000.0,0,0
29900.0,0,0
29900.0,0,0
29800.0,0,0
29700.0,0,0
29700.0,0,0
29600.0,0,0
29600.0,0,0
29500.0,0,0
29400.0,0,0
29300.0,0,0
29200.0,0,0
28900.0,0,0
28400.0,0,0
27900.0,0,0
27400.0,0,0
27100.0,0,0
26900.0,0,0
26700.0,0,0
26600.0,0,0
26300.0,0,0
25900.0,0,0
25500.0,0,0
25100.0,0,0
24900.0,0,0
24700.0,0,0
24500.0,0,0
24300.0,0,0
24200.0,0,0
24200.0,0,0
24200.0,0,0
24200.0,0,0
24300.0,0,0
24500.0,0,0
24600.0,0,0
24710.185,0,0
24240.738,0,0
23145.149,0,0
23268.444,0,0
24228.085,0,0
25298.7,0,0
20530.904,0,0
20629.729,0,0
20706.286,0,0
19296.916,0,0
16345.084,0,0
13847.125,0,0
11815.532,0,0
8299.963,0,0
2750.285,1,1
1336.825,1,1
4338.194,0,0
7064.683,0,0
8720.656,0,0
9889.137,0,0
11591.375,0,0
14846.739,0,0
19319.545,0,0
19283.737,0,0
15164.232,0,0
11580.539,0,0
9035.916,0,0
6593.898,0,0
4033.783,0,0
1100.621,1,1
0.0,1,1
0.0,1,1
0.0,1,1
0.0,1,1
0.0,1,1
0.0,1,1
0.0,1,1
0.0,1,1
0.0,1,1
86.739,1,1
0.0,1,1
0.0,1,1
0.0,1,1
0.0,1,1
1627.101,1,1
3264.376,1,1
5221.393,0,0
9342.573,0,0
13932.412,0,0
16616.014,0,0
17181.846,0,0
17346.182,0,0
17179.053,0,0
18182.807,0,0
20607.296,0,0
22616.476,0,0
24003.933,0,0
24299.176,0,0
23916.953,0,0
23534.539,0,0
23074.071,0,0
22779.935,0,0
22577.238,0,0
22374.54,0,0
22171.839,0,0
21877.023,0,0
21289.846,0,0
20702.339,0,0
20114.501,0,0
18278.128,0,0
14807.617,0,0
9388.402,0,0
3622.019,1,1
256.855,1,1
1118.742,1,1
1881.287,1,1
2744.491,1,1
5313.299,0,0
8838.539,0,0
12466.4,0,0
15180.041,0,0
14875.367,0,0
11548.998,0,0
7302.135,0,0
3051.97,0,0
1420.451,0,0
2710.131,0,0
3900.979,0,0
5092.784,0,0
5684.938,0,0
5576.717,0,0
5568.49,0,0
5560.255,0,0
5652.838,0,0
5846.24,0,0
6039.638,0,0
6233.031,0,0
7628.662,0,0
10039.586,0,0
11491.664,0,0
12525.875,0,0
11651.468,0,0
8846.653,0,0
5922.615,0,0
3207.96,0,0
0.0,1,1
0.0,1,1
0.0,1,1
0.0,1,1
0.0,1,1
0.0,1,1
0.0,1,1
0.0,1,1
0.0,1,1
0.0,1,1
0.0,1,1
0.0,1,1
0.0,1,1
0.0,1,1
0.0,1,1
0.0,1,1
0.0,1,1
0.0,1,1
0.0,1,1
0.0,1,1
0.0,1,1
0.0,1,1
0.0,1,1
0.0,1,1
0.0,0,0
0.0,0,0
0.0,0,0
0.0,0,0
0.0,0,0
0.0,0,0
0.0,0,0
0.0,0,0
0.0,0,0
0.0,0,0
0.0,0,0
0.0,0,0
466.889,0,0
2480.878,0,0
7489.851,0,0
13194.292,0,0
18324.882,0,0
22546.709,0,0
26092.177,0,0
28961.291,0,0
30766.712,0,0
31909.584,0,0
32436.477,0,0
31924.466,0,0
30838.559,0,0
28418.02,0,0
25788.89,0,0
22337.927,0,0
20699.882,0,0
20977.068,0,0
21254.575,0,0
21532.402,0,0
21419.102,0,0
21114.429,0,0
20809.753,0,0
20405.072,0,0
19529.173,0,0
17881.196,0,0
15382.762,0,0
12645.468,0,0
11021.993,0,0
10513.89,0,0
10005.78,0,0
9497.663,0,0
11552.214,0,0
15523.306,0,0
17922.183,0,0
20422.772,0,0
22034.919,0,0
23425.313,0,0
24534.024,0,0
25219.152,0,0
25652.244,0,0
25532.974,0,0
25513.828,0,0
25345.324,0,0
25292.651,0,0
25249.528,0,0
25306.434,0,0
25263.369,0,0
25310.813,0,0
25348.762,0,0
25386.738,0,0
25324.74,0,0
25120.771,0,0
24626.197,0,0
24111.757,0,0
23586.944,0,0
22306.219,0,0
19943.69,0,0
17989.61,0,0
16541.098,0,0
14575.232,0,0
11887.309,0,0
9346.233,0,0
6660.468,0,0
3311.076,0,0
0.0,1,1
0.0,1,1
0.0,1,1
0.0,1,1
0.0,1,1
0.0,1,1
0.0,1,1
0.0,1,1
0.0,1,1
0.0,1,1
0.0,1,1
0.0,1,1
0.0,1,1
0.0,1,1
0.0,1,1
0.0,1,1
0.0,1,1
0.0,1,1
0.0,1,1
0.0,1,1
0.0,1,1
0.0,1,1
0.0,1,1
0.0,1,1
0.0,0,0
0.0,0,0
0.0,0,0
2339.752,0,0
6133.912,0,0
8448.427,0,0
10379.565,0,0
12886.142,0,0
16071.595,0,0
19552.827,0,0
22684.979,0,0
24910.437,0,0
27154.844,0,0
30132.149,0,0
31768.488,0,0
32221.559,0,0
32493.064,0,0
32170.239,0,0
31371.729,0,0
30454.203,0,0
29003.675,0,0
27452.303,0,0
26000.086,0,0
25658.726,0,0
26529.349,0,0
27400.627,0,0
28272.562,0,0
27892.798,0,0
26260.064,0,0
24423.333,0,0
22226.249,0,0
20975.326,0,0
20871.626,0,0
20667.924,0,0
20464.22,0,0
19869.314,0,0
18782.962,0,0
17796.283,0,0
16709.276,0,0
17165.282,0,0
19165.083,0,0
21115.071,0,0
22551.901,0,0
22910.096,0,0
22189.105,0,0
21467.898,0,0
20846.477,0,0
20544.83,0,0
20663.281,0,0
20881.944,0,0
21000.822,0,0
22230.986,0,0
23890.525,0,0
25328.874,0,0
25794.498,0,0
25916.991,0,0
25860.365,0,0
25703.709,0,0
25647.024,0,0
25164.877,0,0
24178.104,0,0
23160.042,0,0
22223.305,0,0
22039.396,0,0
22735.625,0,0
22407.069,0,0
21155.207,0,0
19201.723,0,0
16625.371,0,0
17145.998,0,0
20784.752,0,0
25578.725,0,0
27763.635,0,0
26939.308,0,0
21175.878,0,0
14131.32,0,0
10398.181,1,1
9858.065,1,1
12264.944,1,1
15093.571,0,0
18188.584,0,0
17204.956,0,0
9489.354,1,1
0.0,1,1
0.0,1,1
0.0,1,1
0.0,1,1
0.0,1,1
0.0,1,1
0.0,1,1
0.0,1,1
0.0,1,1
0.0,1,1
0.0,1,1
0.0,1,1
7213.468,1,1
11665.292,1,1
11961.979,1,1
11283.262,1,1
10057.143,1,1
9868.608,1,1
11035.408,1,1
13283.842,1,1
15609.942,0,0
17649.488,0,0
19599.573,0,0
21816.525,0,0
24412.615,0,0
27471.648,0,0
30185.403,0,0
31214.262,0,0
31684.633,0,0
32200.374,0,0
32833.453,0,0
33466.933,0,0
33700.0,0,0
33500.0,0,0
33300.0,0,0
33100.0,0,0
32900.0,0,0
32800.0,0,0
32700.0,0,0
32600.0,0,0
32400.0,0,0
32300.0,0,0
32100.0,0,0
31900.0,0,0
31800.0,0,0
31600.0,0,0
31500.0,0,0
31400.0,0,0
31000.0,0,0
30200.0,0,0
29500.0,0,0
28800.0,0,0
28400.0,0,0
28400.0,0,0
28300.0,0,0
28300.0,0,0
28100.0,0,0
27700.0,0,0
27300.0,0,0
27000.0,0,0
26700.0,0,0
26700.0,0,0
26600.0,0,0
26500.0,0,0
26400.0,0,0
26300.0,0,0
26200.0,0,0
26100.0,0,0
26100.0,0,0
26100.0,0,0
26200.0,0,0
26200.0,0,0
25837.837,0,0
25043.812,0,0
24222.557,0,0
23288.008,0,0
22053.628,0,0
20215.725,0,0
18137.172,0,0
15589.929,0,0
13171.994,1,1
11409.994,1,1
10105.721,1,1
8986.399,1,1
8433.27,1,1
8705.466,1,1
7057.708,1,1
3079.559,1,1
0.0,1,1
0.0,1,1
0.0,1,1
0.0,1,1
0.0,1,1
0.0,1,1
0.0,1,1
1333.839,1,1
4638.765,1,1
8195.267,1,1
10531.407,1,1
11523.951,1,1
12847.489,1,1
14400.521,0,0
15779.004,0,0
17178.218,0,0
19063.148,0,0
21158.391,0,0
20739.077,0,0
17371.693,0,0
13540.344,1,1
9633.418,1,1
9944.255,1,1
14414.428,0,0
18707.647,0,0
22487.112,0,0
23942.325,0,0
23104.983,0,0
22637.035,0,0
22772.207,0,0
23614.559,0,0
24756.29,0,0
25632.455,0,0
26780.601,0,0
28298.561,0,0
29805.941,0,0
30933.442,0,0
32087.292,0,0
32823.957,0,0
33154.826,0,0
33200.0,0,0
33000.0,0,0
32794.116,0,0
32564.123,0,0
32299.022,0,0
32198.895,0,0
32098.769,0,0
31898.642,0,0
31751.993,0,0
31558.751,0,0
31365.414,0,0
30904.364,0,0
30270.356,0,0
29446.967,0,0
28623.052,0,0
27853.216,0,0
25962.856,0,0
23454.093,0,0
20485.634,0,0
17309.51,0,0
16048.32,0,0
16704.425,0,0
17361.17,0,0
18118.555,0,0
19819.832,0,0
21776.414,0,0
23706.239,0,0
24857.907,0,0
25911.021,0,0
25958.019,0,0
26083.367,0,0
26100.0,0,0
26000.0,0,0
25900.0,0,0
25900.0,0,0
25800.0,0,0
25800.0,0,0
25900.0,0,0
25900.0,0,0
25900.0,0,0
25633.133,0,0
24730.031,0,0
23899.332,0,0
23054.623,0,0
21957.353,0,0
19451.845,0,0
16056.839,0,0
13944.402,0,0
11426.499,0,0
8817.32,0,0
6073.735,0,0
3061.36,1,1
20.059,1,1
0.0,1,1
0.0,1,1
0.0,1,1
1470.728,1,1
3020.276,1,1
2085.265,1,1
0.0,1,1
0.0,1,1
0.0,1,1
0.0,1,1
0.0,1,1
5386.117,0,0
12121.372,0,0
13061.946,0,0
11677.915,0,0
10181.983,0,0
9371.502,0,0
8305.414,0,0
6823.752,0,0
4533.981,1,1
840.741,1,1
0.0,1,1
0.0,1,1
0.0,1,1
0.0,1,1
0.0,1,1
0.0,1,1
0.0,1,1
0.0,1,1
1315.031,1,1
5265.909,0,0
7847.998,0,0
9125.645,0,0
10045.253,0,0
10808.156,0,0
13175.082,0,0
17039.455,0,0
20784.641,0,0
23579.94,0,0
25714.378,0,0
27174.413,0,0
28005.0,0,0
28054.392,0,0
27760.087,0,0
27141.761,0,0
26623.012,0,0
26003.84,0,0
25314.85,0,0
24529.692,0,0
23666.283,0,0
22702.101,0,0
22407.442,0,0
22683.172,0,0
22859.283,0,0
23135.776,0,0
23412.651,0,0
23665.101,0,0
23840.357,0,0
24015.894,0,0
24729.518,0,0
25982.511,0,0
26806.867,0,0
27461.588,0,0
26881.658,0,0
25065.292,0,0
22674.581,0,0
19974.071,0,0
17564.87,0,0
16495.235,0,0
15425.075,0,0
14354.391,0,0
13187.297,0,0
11485.071,0,0
9544.94,0,0
7603.621,0,0
5066.582,0,0
1902.69,0,0
0.0,1,1
0.0,1,1
0.0,1,1
0.0,1,1
0.0,1,1
0.0,1,1
0.0,1,1
0.0,1,1
1718.757,0,0
4689.328,0,0
5610.456,0,0
4234.11,0,0
969.236,0,0
0.0,1,1
0.0,1,1
0.0,1,1
0.0,1,1
0.0,1,1
0.0,1,1
0.0,1,1
0.0,1,1
0.0,1,1
0.0,1,1
0.0,1,1
0.0,1,1
0.0,1,1
0.0,1,1
0.0,1,1
0.0,1,1
0.0,0,0
0.0,0,0
0.0,0,0
0.0,0,0
0.0,0,0
0.0,0,0
0.0,0,0
0.0,0,0
0.0,0,0
0.0,0,0
0.0,0,0
0.0,0,0
0.0,0,0
0.0,0,0
0.0,0,0
0.0,0,0
0.0,0,0
0.0,0,0
0.0,0,0
0.0,0,0
0.0,0,0
0.0,0,0
0.0,0,0
0.0,0,0
0.0,0,0
0.0,0,0
0.0,0,0
0.0,0,0
0.0,0,0
0.0,0,0
0.0,0,0
0.0,0,0
0.0,0,0
0.0,0,0
0.0,0,0
0.0,0,0
0.0,0,0
0.0,0,0
0.0,0,0
0.0,0,0
0.0,0,0
31.495,0,0
0.0,0,0
0.0,0,0
0.0,0,0
0.0,0,0
0.0,0,0
0.0,0,0
0.0,0,0
0.0,0,0
0.0,0,0
0.0,0,0
0.0,0,0
2219.496,0,0
5975.236,0,0
8881.283,0,0
11789.443,0,0
14713.715,0,0
16324.325,0,0
17836.236,0,0
19324.504,0,0
20704.885,0,0
22466.989,0,0
23597.68,0,0
24557.604,0,0
25042.949,0,0
25293.898,0,0
25544.951,0,0
25696.106,0,0
25800.0,0,0
25929.904,0,0
26035.278,0,0
26140.587,0,0
25795.805,0,0
25131.297,0,0
24338.674,0,0
23631.572,0,0
22892.397,0,0
22007.657,0,0
20621.055,0,0
18622.366,0,0
15593.918,0,0
10883.653,0,0
6774.728,0,0
2838.595,0,0
0.0,1,1
0.0,1,1
0.0,1,1
0.0,1,1
0.0,1,1
0.0,1,1
0.0,1,1
0.0,1,1
0.0,1,1
0.0,1,1
0.0,1,1
0.0,1,1
0.0,1,1
0.0,1,1
0.0,1,1
0.0,1,1
0.0,1,1
0.0,1,1
0.0,1,1
0.0,1,1
0.0,1,1
0.0,1,1
0.0,1,1
0.0,1,1
3586.536,0,0
7698.577,0,0
9004.688,0,0
6754.506,0,0
2972.137,0,0
405.961,0,0
1421.442,0,0
5134.552,0,0
8553.256,0,0
11795.183,0,0
15750.306,0,0
19707.364,0,0
22850.151,0,0
25477.266,0,0
27644.655,0,0
29377.799,0,0
31235.366,0,0
33058.659,0,0
33900.0,0,0
33800.0,0,0
33700.0,0,0
33500.0,0,0
33293.581,0,0
32962.93,0,0
32872.163,0,0
32821.457,0,0
32700.0,0,0
32500.0,0,0
32200.0,0,0
32000.0,0,0
31800.0,0,0
31500.0,0,0
31300.0,0,0
31100.0,0,0
30900.0,0,0
30700.0,0,0
30500.0,0,0
30186.749,0,0
29830.413,0,0
29474.029,0,0
29273.986,0,0
29030.342,0,0
28886.726,0,0
28700.0,0,0
28400.0,0,0
28000.0,0,0
27600.0,0,0
27200.0,0,0
26900.0,0,0
26700.0,0,0
26500.0,0,0
26300.0,0,0
26100.0,0,0
26100.0,0,0
26000.0,0,0
26000.0,0,0
26100.0,0,0
26300.0,0,0
26600.0,0,0
26800.0,0,0
27100.0,0,0
27452.041,0,0
27747.15,0,0
28040.322,0,0
27974.881,0,0
27337.452,0,0
25850.268,0,0
23378.665,0,0
20567.271,0,0
17261.782,0,0
15956.117,0,0
16767.696,0,0
17253.912,0,0
17476.039,0,0
17244.433,0,0
16753.727,0,0
16943.241,0,0
16808.3,0,0
15814.146,0,0
13166.411,1,1
9995.69,1,1
6252.321,1,1
5004.747,1,1
6295.339,1,1
7300.447,1,1
7912.428,1,1
7285.497,1,1
5177.425,1,1
3558.355,1,1
2688.282,1,1
925.168,1,1
0.0,1,1
0.0,1,1
0.0,1,1
0.0,1,1
0.0,1,1
6843.354,1,1
12022.892,1,1
13266.228,0,0
14235.667,0,0
15979.145,0,0
17908.754,0,0
19070.29,0,0
19863.446,0,0
21089.38,0,0
21099.499,0,0
22603.559,0,0
23847.674,0,0
24929.463,0,0
25885.049,0,0
27528.828,0,0
29283.66,0,0
30542.374,0,0
31184.059,0,0
31795.504,0,0
32362.708,0,0
32832.206,0,0
33077.385,0,0
33322.865,0,0
33568.646,0,0
32966.81,0,0
31516.656,0,0
29895.555,0,0
27845.105,0,0
26529.095,0,0
25948.124,0,0
25466.964,0,0
24908.094,0,0
22984.854,0,0
19920.784,0,0
15194.192,0,0
9811.372,1,1
7307.441,1,1
8181.351,1,1
8957.365,1,1
9634.079,1,1
10019.493,0,0
9813.078,0,0
9706.658,0,0
9600.234,0,0
10605.103,0,0
12722.502,0,0
14705.014,0,0
15641.591,0,0
16299.986,0,0
16579.711,0,0
16859.694,0,0
17039.937,0,0
18283.623,0,0
19983.455,0,0
21426.246,0,0
22970.355,0,0
23281.12,0,0
22797.455,0,0
22233.341,0,0
21668.841,0,0
20895.942,0,0
19828.615,0,0
18727.077,0,0
17600.001,0,0
16091.206,0,0
14382.246,0,0
12385.008,0,0
9227.43,0,0
5745.333,0,0
2509.778,0,0
0.0,1,1
0.0,1,1
0.0,1,1
0.0,1,1
0.0,1,1
0.0,1,1
0.0,1,1
0.0,1,1
0.0,1,1
0.0,1,1
0.0,1,1
0.0,1,1
0.0,1,1
0.0,1,1
0.0,1,1
0.0,1,1
0.0,1,1
0.0,1,1
0.0,1,1
0.0,1,1
0.0,1,1
0.0,1,1
0.0,1,1
0.0,1,1
0.0,0,0
0.0,0,0
0.0,0,0
0.0,0,0
0.0,0,0
0.0,0,0
0.0,0,0
0.0,0,0
0.0,0,0
0.0,0,0
0.0,0,0
0.0,0,0
0.0,0,0
0.0,0,0
0.0,0,0
3767.561,0,0
8204.311,0,0
11932.361,0,0
14067.972,0,0
15448.564,0,0
16963.087,0,0
18595.239,0,0
19280.18,0,0
19077.749,0,0
18875.318,0,0
18772.885,0,0
19252.13,0,0
20402.807,0,0
21054.834,0,0
21707.112,0,0
20945.13,0,0
17987.712,0,0
14032.244,0,0
10175.516,0,0
9971.789,0,0
13622.95,0,0
17175.37,0,0
19831.206,0,0
19907.406,0,0
17984.402,0,0
15127.005,0,0
12234.56,0,0
9955.775,0,0
8491.125,0,0
7026.703,0,0
5464.981,0,0
5166.956,0,0
6332.259,0,0
7299.811,0,0
8367.134,0,0
6703.284,0,0
1770.739,0,0
0.0,1,1
0.0,1,1
0.0,1,1
0.0,1,1
0.0,1,1
138.7,0,0
4630.507,0,0
9165.29,0,0
13599.329,0,0
16169.313,0,0
17063.931,0,0
16118.074,0,0
15138.843,0,0
14125.517,0,0
13948.463,0,0
14472.687,0,0
13511.449,0,0
11534.069,0,0
8502.654,0,0
4178.815,0,0
0.0,1,1
0.0,1,1
0.0,1,1
0.0,1,1
0.0,1,1
0.0,1,1
0.0,1,1
0.0,1,1
0.0,1,1
0.0,1,1
0.0,1,1
0.0,1,1
0.0,1,1
0.0,1,1
0.0,1,1
0.0,1,1
0.0,1,1
0.0,1,1
0.0,1,1
0.0,0,0
0.0,0,0
0.0,0,0
0.0,0,0
0.0,0,0
0.0,0,0
0.0,0,0
0.0,0,0
0.0,0,0
0.0,0,0
0.0,0,0
225.513,0,0
2344.377,0,0
4975.726,0,0
7714.684,0,0
9719.774,0,0
11497.199,0,0
13688.174,0,0
16411.754,0,0
17957.947,0,0
18138.821,0,0
18311.446,0,0
18265.434,0,0
19867.751,0,0
22478.396,0,0
23474.76,0,0
24514.944,0,0
25639.943,0,0
26827.84,0,0
27570.738,0,0
28413.816,0,0
28819.748,0,0
28988.035,0,0
29156.587,0,0
29325.403,0,0
29630.125,0,0
29993.715,0,0
30240.412,0,0
30487.395,0,0
30168.699,0,0
28990.436,0,0
27466.049,0,0
25940.45,0,0
25537.788,0,0
26159.732,0,0
26882.685,0,0
27160.639,0,0
27165.208,0,0
26889.052,0,0
26712.692,0,0
26436.128,0,0
26146.941,0,0
25745.283,0,0
25343.624,0,0
24941.963,0,0
25267.019,0,0
26119.71,0,0
26817.23,0,0
26938.143,0,0
26920.986,0,0
26865.519,0,0
26709.987,0,0
26554.389,0,0
26378.586,0,0
25084.456,0,0
23650.705,0,0
21445.938,0,0
20543.624,0,0
20862.519,0,0
21147.252,0,0
21062.171,0,0
20346.307,0,0
19134.445,0,0
17441.014,0,0
15142.58,0,0
13156.077,0,0
11552.489,0,0
10111.994,0,0
8981.826,0,0
7157.471,1,1
4850.893,1,1
3469.405,1,1
3387.348,1,1
3768.919,1,1
3922.713,1,1
3215.849,1,1
1727.579,1,1
0.0,1,1
0.0,1,1
0.0,1,1
0.0,1,1
0.0,1,1
0.0,1,1
0.0,1,1
0.0,1,1
1421.925,1,1
3936.423,1,1
6906.349,1,1
10384.127,0,0
13816.092,0,0
17184.095,0,0
17509.416,0,0
15027.976,0,0
13565.491,0,0
13107.121,0,0
13765.989,0,0
15377.845,0,0
16661.778,0,0
17466.192,0,0
17287.949,0,0
16651.219,0,0
17141.076,0,0
18697.209,0,0
20043.782,0,0
21684.632,0,0
23823.03,0,0
26352.076,0,0
29378.583,0,0
31199.276,0,0
32127.321,0,0
32878.332,0,0
33487.613,0,0
33948.799,0,0
33849.908,0,0
33357.042,0,0
32052.164,0,0
30453.197,0,0
28723.314,0,0
27493.782,0,0
26263.028,0,0
24629.745,0,0
23312.074,0,0
22460.156,0,0
21507.488,0,0
20654.071,0,0
18317.432,0,0
13471.991,0,0
8390.999,0,0
1657.512,1,1
0.0,1,1
0.0,1,1
0.0,1,1
0.0,1,1
0.0,1,1
0.0,1,1
0.0,1,1
0.0,1,1
0.0,1,1
0.0,1,1
0.0,1,1
0.0,1,1
2460.655,0,0
7251.669,0,0
11476.199,0,0
14859.556,0,0
17678.708,0,0
20541.749,0,0
22925.075,0,0
24587.831,0,0
25385.046,0,0
25484.671,0,0
25484.297,0,0
25583.921,0,0
24902.791,0,0
23567.613,0,0
22102.906,0,0
20577.797,0,0
19380.321,0,0
18049.189,0,0
18190.728,0,0
19697.299,0,0
20769.884,0,0
21554.363,0,0
20121.769,0,0
17073.505,0,0
14468.656,0,0
12134.16,0,0
9354.309,0,0
6342.041,0,0
1191.145,0,0
0.0,1,1
0.0,1,1
0.0,1,1
0.0,1,1
0.0,1,1
0.0,1,1
0.0,1,1
0.0,1,1
0.0,1,1
0.0,1,1
0.0,1,1
0.0,1,1
647.228,1,1
1743.198,0,0
730.774,0,0
0.0,1,1
0.0,1,1
0.0,1,1
1413.998,0,0
2970.3,0,0
3808.38,0,0
6164.025,0,0
9911.869,0,0
13466.622,0,0
16966.878,0,0
18635.974,0,0
18830.045,0,0
19104.829,0,0
19489.769,0,0
21674.943,0,0
24915.876,0,0
27453.404,0,0
29637.887,0,0
30936.796,0,0
31365.861,0,0
31817.939,0,0
32487.485,0,0
33102.493,0,0
33653.228,0,0
33800.0,0,0
33600.0,0,0
33400.0,0,0
33113.532,0,0
32756.183,0,0
31589.889,0,0
29602.016,0,0
26627.328,0,0
25467.093,0,0
26323.221,0,0
27179.986,0,0
28037.387,0,0
29247.974,0,0
30278.303,0,0
31361.404,0,0
31519.488,0,0
31083.982,0,0
30254.692,0,0
29325.316,0,0
28300.189,0,0
28120.337,0,0
28263.515,0,0
28385.271,0,0
28500.0,0,0
28300.0,0,0
28000.0,0,0
27594.386,0,0
27264.744,0,0
26770.208,0,0
25800.163,0,0
24362.211,0,0
22656.141,0,0
21727.833,0,0
22002.475,0,0
22277.256,0,0
22552.175,0,0
21967.909,0,0
20723.728,1,1
19478.713,1,1
17827.891,1,1
16920.706,1,1
16782.44,1,1
16632.771,1,1
16376.868,1,1
16876.958,1,1
17932.448,1,1
18462.248,1,1
18663.947,1,1
16976.234,1,1
13501.696,1,1
8016.6,1,1
2342.261,1,1
2095.228,1,1
8082.486,1,1
12790.21,1,1
16032.116,1,1
18264.86,1,1
20633.385,1,1
22556.178,0,0
24390.994,0,0
24985.011,0,0
24876.835,0,0
25279.573,0,0
26294.401,0,0
27037.534,0,0
27753.629,0,0
27461.73,0,0
26404.993,0,0
24902.076,0,0
22954.596,0,0
21724.049,0,0
21021.298,0,0
20004.049,1,1
18825.968,1,1
19685.25,1,1
22562.994,0,0
25907.902,0,0
29274.097,0,0
31192.619,0,0
31429.851,0,0
31537.954,0,0
32028.751,0,0
31523.63,0,0
30255.362,0,0
29306.444,0,0
28681.141,0,0
28652.114,0,0
29320.26,0,0
29747.572,0,0
30136.938,0,0
30608.633,0,0
31160.084,0,0
31628.993,0,0
31624.745,0,0
31159.242,0,0
30858.66,0,0
31233.546,0,0
32051.086,0,0
32147.802,0,0
32100.0,0,0
32000.0,0,0
31900.0,0,0
31800.0,0,0
31600.0,0,0
31600.0,0,0
31500.0,0,0
31400.0,0,0
31400.0,0,0
31300.0,0,0
31100.0,0,0
30931.172,0,0
30626.857,0,0
30124.671,0,0
29624.639,0,0
29024.608,0,0
28424.576,0,0
28226.708,0,0
28131.105,0,0
28000.0,0,0
27800.0,0,0
27500.0,0,0
27300.0,0,0
27000.0,0,0
26700.0,0,0
26500.0,0,0
26300.0,0,0
26100.0,0,0
25900.0,0,0
25800.0,0,0
25700.0,0,0
25700.0,0,0
25700.0,0,0
25800.0,0,0
26100.0,0,0
26300.0,0,0
26600.0,0,0
26479.042,0,0
25873.121,0,0
25241.945,0,0
24597.995,0,0
23293.15,0,0
21199.135,0,0
19613.543,0,0
18319.33,0,0
15328.601,0,0
9730.259,0,0
5686.466,0,0
5015.349,0,0
4049.024,0,0
2334.66,0,0
1670.06,1,1
2296.926,1,1
4321.93,0,0
5747.654,0,0
5139.071,0,0
1806.829,1,1
0.0,1,1
0.0,1,1
0.0,1,1
0.0,1,1
0.0,1,1
0.0,1,1
0.0,1,1
0.0,1,1
0.0,1,1
0.0,1,1
0.0,1,1
0.0,1,1
0.0,1,1
0.0,1,1
0.0,1,1
0.0,1,1
0.0,1,1
0.0,1,1
0.0,1,1
1158.724,1,1
2250.888,1,1
2822.117,0,0
5485.408,0,0
9676.63,0,0
14060.974,0,0
17282.618,0,0
19245.481,0,0
20646.016,0,0
22051.164,0,0
24628.904,0,0
27481.929,0,0
29285.691,0,0
30441.032,0,0
31355.329,0,0
32157.187,0,0
32838.601,0,0
33000.0,0,0
32800.0,0,0
32600.0,0,0
32400.0,0,0
32300.0,0,0
32200.0,0,0
32100.0,0,0
32000.0,0,0
31800.0,0,0
31600.0,0,0
31300.0,0,0
31100.0,0,0
30900.0,0,0
30700.0,0,0
30500.0,0,0
30400.0,0,0
30100.0,0,0
29700.0,0,0
29300.0,0,0
28800.0,0,0
28500.0,0,0
28300.0,0,0
28000.0,0,0
27800.0,0,0
27531.249,0,0
26952.927,0,0
26207.968,0,0
24679.596,0,0
23803.446,0,0
23579.921,0,0
23456.484,0,0
23233.136,0,0
23254.205,0,0
23619.725,0,0
23985.378,0,0
24351.165,0,0
24672.757,0,0
24950.097,0,0
25227.497,0,0
25456.469,0,0
25291.001,0,0
24647.493,0,0
23973.695,0,0
23283.968,0,0
22947.113,0,0
22745.208,0,0
21684.949,0,0
19559.3,0,0
17949.895,1,1
16896.587,1,1
17020.107,1,1
18167.46,0,0
19679.538,0,0
21552.457,0,0
20755.651,0,0
17215.57,1,1
13510.501,1,1
9707.999,1,1
7909.018,1,1
8023.396,1,1
7514.783,1,1
6543.643,1,1
7678.652,1,1
10713.511,1,1
14043.526,1,1
17078.044,1,1
18029.04,0,1
17241.882,1,1
16411.145,1,1
15451.418,1,1
15645.125,1,1
16905.51,1,1
17916.004,1,1
18669.717,0,0
19094.974,0,0
19290.378,0,0
19744.212,0,0
20370.414,0,0
19844.987,0,0
17167.303,1,1
14728.904,1,1
12834.995,1,1
14424.597,1,1
18727.565,0,0
22425.068,0,0
25851.44,0,0
27865.902,0,0
28698.792,0,0
29959.945,0,0
31731.25,0,0
32543.15,0,0
32690.72,0,0
32625.506,0,0
32449.286,0,0
32571.722,0,0
33074.932,0,0
33300.0,0,0
33200.0,0,0
33100.0,0,0
33000.0,0,0
32900.0,0,0
32700.0,0,0
32600.0,0,0
32400.0,0,0
32200.0,0,0
31900.0,0,0
31600.0,0,0
31400.0,0,0
31100.0,0,0
31000.0,0,0
30800.0,0,0
30600.0,0,0
30300.0,0,0
29700.0,0,0
29100.0,0,0
28400.0,0,0
28100.0,0,0
28000.0,0,0
27800.0,0,0
27603.435,0,0
27319.959,0,0
27064.31,0,0
26708.662,0,0
26453.014,0,0
26188.074,0,0
25913.832,0,0
25617.957,0,0
25063.819,0,0
24963.78,0,0
25217.884,0,0
25313.73,0,0
25287.953,0,0
25352.883,0,0
25408.528,0,0
25464.182,0,0
25519.845,0,0
25484.678,0,0
25327.912,0,0
25158.297,0,0
24981.811,0,0
24966.362,0,0
25115.557,0,0
24944.917,0,0
24245.619,0,0
24235.925,0,0
25020.287,0,0
23533.159,0,0
19799.534,0,0
14961.822,1,1
8822.938,1,1
7544.764,1,1
12209.996,1,1
16616.953,1,1
20287.15,0,0
20800.443,0,0
17953.039,1,1
15265.438,1,1
13254.553,1,1
11995.911,1,1
11710.843,1,1
11152.895,1,1
10334.019,1,1
9543.946,1,1
8681.865,1,1
6777.063,1,1
3665.62,1,1
4824.87,1,1
10211.106,1,1
15628.3,1,1
21030.768,0,0
21191.154,0,0
16360.388,1,1
11524.135,1,1
6676.905,1,1
7361.04,1,1
13155.735,1,1
18535.895,0,0
22333.669,0,0
24119.657,0,0
24585.76,0,0
25590.314,0,0
26543.6,0,0
26292.406,0,0
25131.902,0,0
24938.085,0,0
25611.745,0,0
27281.853,0,0
29446.509,0,0
30987.747,0,0
32363.685,0,0
33069.283,0,0
33159.771,0,0
33050.261,0,0
32800.0,0,0
32500.0,0,0
32200.0,0,0
32000.0,0,0
32000.0,0,0
31900.0,0,0
31900.0,0,0
31800.0,0,0
31700.0,0,0
31600.0,0,0
31500.0,0,0
31400.0,0,0
31300.0,0,0
31200.0,0,0
31000.0,0,0
30700.0,0,0
30100.0,0,0
29600.0,0,0
29000.0,0,0
28600.0,0,0
28500.0,0,0
28400.0,0,0
28300.0,0,0
28100.0,0,0
27700.0,0,0
27400.0,0,0
27100.0,0,0
26800.0,0,0
26700.0,0,0
26600.0,0,0
26500.0,0,0
26349.342,0,0
26155.618,0,0
25961.735,0,0
25667.693,0,0
25582.901,0,0
25507.392,0,0
25409.845,0,0
25050.125,0,0
25056.676,0,0
24869.538,0,0
24533.608,0,0
24187.212,0,0
23864.878,0,0
23670.361,0,0
22302.496,0,0
19937.133,0,0
17286.526,0,0
14213.624,0,0
11490.954,0,0
9211.881,0,0
8391.419,1,0
9505.366,0,0
9068.097,1,1
6603.901,1,1
3385.051,1,1
0.0,1,1
0.0,1,1
1377.285,1,1
3649.896,1,1
5898.118,1,1
6354.813,1,1
5053.814,1,1
4189.474,1,1
3698.86,1,1
3139.07,1,1
2420.441,1,1
822.59,1,1
0.0,1,1
0.0,1,1
2436.727,1,1
4760.576,1,1
5796.169,1,1
6291.096,1,1
6499.404,1,1
7675.903,1,1
9894.624,0,0
11229.668,0,0
12031.572,0,0
12842.699,0,0
13714.978,0,0
15068.553,0,0
16959.394,0,0
18528.023,0,0
19843.703,0,0
21005.218,0,0
22287.642,0,0
24181.408,0,0
26258.578,0,0
28019.306,0,0
29399.351,0,0
30608.713,0,0
31738.404,0,0
32653.614,0,0
33509.819,0,0
33800.0,0,0
33600.0,0,0
33400.0,0,0
33200.0,0,0
33000.0,0,0
32900.0,0,0
32800.0,0,0
32640.164,0,0
32281.413,0,0
32050.525,0,0
31819.504,0,0
31390.256,0,0
30654.303,0,0
30007.23,0,0
29359.78,0,0
28711.951,0,0
28723.662,0,0
29196.013,0,0
29508.331,0,0
29133.336,0,0
28945.898,0,0
28845.845,0,0
28745.793,0,0
28645.741,0,0
28511.505,0,0
28300.0,0,0
27900.0,0,0
27600.0,0,0
27300.0,0,0
27100.0,0,0
26800.0,0,0
26600.0,0,0
26500.0,0,0
26500.0,0,0
26500.0,0,0
26401.735,0,0
26326.182,0,0
26288.366,0,0
26250.531,0,0
26212.676,0,0
25998.454,0,0
25299.057,0,0
24378.307,0,0
23443.192,0,0
22570.786,0,0
21536.68,0,0
19057.785,0,0
16166.329,0,0
14251.624,0,0
13352.595,0,0
12000.352,0,0
9262.348,1,1
6021.172,1,1
2685.844,1,1
1218.123,1,1
2421.561,1,1
3190.713,1,1
3623.919,1,1
3565.488,1,1
2818.765,1,1
1897.921,1,1
867.525,1,1
1171.306,1,1
3196.44,1,1
5350.931,1,1
7695.414,1,1
8843.252,1,1
8780.924,1,1
8703.704,1,1
8287.515,1,1
8019.335,1,1
7805.692,1,1
7239.119,1,1
6348.202,1,1
8407.107,1,1
13641.128,0,0
19220.163,0,0
23746.944,0,0
24615.397,0,0
22336.905,0,0
20640.21,0,0
19563.553,0,0
19445.784,0,0
19412.263,0,0
18476.111,0,0
17788.732,0,0
19249.2,0,0
22212.076,0,0
24376.344,0,0
25807.593,0,0
26448.601,0,0
26844.31,0,0
27776.909,0,0
29708.215,0,0
31059.927,0,0
31773.099,0,0
32554.464,0,0
33245.862,0,0
33465.977,0,0
33452.924,0,0
33430.639,0,0
33400.0,0,0
33300.0,0,0
33200.0,0,0
33100.0,0,0
32900.0,0,0
32758.629,0,0
32333.494,0,0
32083.29,0,0
31808.102,0,0
31610.996,0,0
31152.462,0,0
30662.558,0,0
30241.512,0,0
29820.587,0,0
29350.789,0,0
29069.436,0,0
28969.301,0,0
28969.166,0,0
28869.03,0,0
28668.94,0,0
28268.895,0,0
27868.85,0,0
27468.804,0,0
27249.902,0,0
26919.142,0,0
26539.247,0,0
26159.29,0,0
26193.993,0,0
26458.859,0,0
26553.038,0,0
26547.25,0,0
26518.899,0,0
26367.922,0,0
25768.036,0,0
25047.622,0,0
24417.347,0,0
23587.836,0,0
23890.55,0,0
25340.051,0,0
26031.505,0,0
21615.944,0,0
20513.09,0,0
19129.137,0,0
16698.553,0,0
13063.23,0,0
10484.215,0,0
9155.051,0,0
7758.677,0,0
5650.472,0,0
4648.854,0,0
5097.436,0,0
4230.685,0,0
666.992,0,0
0.0,1,1
0.0,1,1
0.0,1,1
0.0,1,1
0.0,1,1
0.0,1,1
0.0,1,1
0.0,1,1
0.0,1,1
0.0,1,1
0.0,1,1
0.0,1,1
0.0,1,1
0.0,1,1
0.0,1,1
0.0,1,1
0.0,1,1
0.0,1,1
0.0,1,1
0.0,1,1
0.0,1,1
56.334,0,1
0.0,1,1
0.0,1,1
0.0,1,1
0.0,0,0
0.0,0,0
0.0,0,0
0.0,0,0
0.0,0,0
1396.742,0,0
2403.705,0,0
2074.03,0,0
444.349,0,0
0.0,0,0
0.0,0,0
0.0,0,0
0.0,0,0
0.0,0,0
0.0,0,0
0.0,0,0
0.0,0,0
0.0,0,0
0.0,0,0
0.0,0,0
0.0,0,0
0.0,0,0
0.0,0,0
0.0,0,0
0.0,0,0
0.0,0,0
0.0,0,0
0.0,0,0
4818.469,0,0
9352.382,0,0
11255.606,0,0
13161.275,0,0
14969.394,0,0
15969.372,0,0
15859.36,0,0
15849.334,0,0
15839.295,0,0
11990.234,0,0
3439.399,0,0
0.0,1,1
0.0,1,1
0.0,1,1
0.0,1,1
4372.235,0,0
12334.435,0,0
15411.201,0,0
14915.583,0,0
14166.864,0,0
13357.502,0,0
12997.292,0,0
13087.044,0,0
13076.782,0,0
13066.506,0,0
13869.314,0,0
14632.016,0,0
15113.38,0,0
15579.771,0,0
15119.874,0,0
13177.375,0,0
10924.308,0,0
9156.697,0,0
7820.21,0,0
6497.526,0,0
5539.952,0,0
4573.778,0,0
2728.772,0,0
517.346,0,0
0.0,1,1
0.0,1,1
0.0,1,1
0.0,1,1
0.0,1,1
0.0,1,1
0.0,1,1
0.0,1,1
0.0,1,1
0.0,1,1
0.0,1,1
0.0,1,1
0.0,1,1
0.0,1,1
0.0,1,1
0.0,1,1
0.0,1,1
0.0,1,1
0.0,1,1
0.0,1,1
0.0,0,0
0.0,0,0
0.0,0,0
0.0,0,0
467.738,0,0
106.134,0,0
0.0,0,0
0.0,0,0
3073.237,0,0
9248.039,0,0
14016.485,0,0
17545.202,0,0
20307.225,0,0
22842.819,0,0
24524.241,0,0
24184.528,0,0
23562.086,0,0
21806.289,0,0
22205.52,0,0
24724.123,0,0
26772.295,0,0
28462.947,0,0
29926.646,0,0
31154.672,0,0
32484.249,0,0
33411.155,0,0
33433.304,0,0
32694.811,0,0
31884.875,0,0
30844.47,0,0
29833.407,0,0
28751.684,0,0
27668.187,0,0
26224.876,0,0
26594.77,0,0
28418.78,0,0
30038.291,0,0
31303.762,0,0
31217.428,0,0
29975.716,0,0
28561.574,0,0
27116.272,0,0
25067.446,0,0
22378.286,0,0
19097.583,0,0
14474.182,0,0
10786.81,0,0
8985.329,0,0
7282.649,0,0
5379.224,0,0
6738.669,0,0
10965.582,0,0
15195.601,0,0
17418.69,0,0
16253.03,0,0
9118.568,0,0
0.0,1,1
0.0,1,1
0.0,1,1
0.0,1,1
0.0,1,1
0.0,1,1
0.0,1,1
0.0,1,1
0.0,1,1
0.0,1,1
0.0,1,1
0.0,1,1
0.0,1,1
0.0,1,1
0.0,1,1
0.0,1,1
0.0,1,1
0.0,1,1
0.0,1,1
0.0,1,1
0.0,1,1
0.0,1,1
0.0,1,1
0.0,1,1
0.0,0,0
0.0,0,0
0.0,0,0
0.0,0,0
0.0,0,0
0.0,0,0
0.0,0,0
0.0,0,0
0.0,0,0
0.0,0,0
0.0,0,0
0.0,0,0
0.0,0,0
0.0,0,0
0.0,0,0
0.0,0,0
0.0,0,0
0.0,0,0
0.0,0,0
0.0,0,0
0.0,0,0
0.0,0,0
0.0,0,0
0.0,0,0
0.0,0,0
0.0,0,0
0.0,0,0
0.0,0,0
0.0,0,0
0.0,0,0
0.0,0,0
0.0,0,0
0.0,0,0
0.0,0,0
0.0,0,0
0.0,0,0
0.0,0,0
0.0,0,0
0.0,0,0
0.0,0,0
0.0,0,0
0.0,0,0
0.0,0,0
0.0,0,0
0.0,0,0
0.0,0,0
0.0,0,0
0.0,0,0
0.0,0,0
0.0,0,0
0.0,0,0
0.0,0,0
0.0,0,0
0.0,0,0
0.0,0,0
0.0,0,0
0.0,0,0
0.0,0,0
0.0,1,1
0.0,1,1
0.0,1,1
0.0,1,1
0.0,1,1
0.0,1,1
0.0,1,1
0.0,1,1
0.0,1,1
0.0,1,1
0.0,1,1
0.0,1,1
0.0,1,1
0.0,1,1
0.0,1,1
0.0,1,1
0.0,1,1
0.0,1,1
0.0,1,1
0.0,1,1
0.0,1,1
0.0,1,1
0.0,1,1
0.0,1,1
0.0,0,0
0.0,0,0
0.0,0,0
0.0,0,0
0.0,0,0
0.0,0,0
0.0,0,0
0.0,0,0
0.0,0,0
0.0,0,0
0.0,0,0
0.0,0,0
0.0,0,0
0.0,0,0
0.0,0,0
0.0,0,0
0.0,0,0
0.0,0,0
0.0,0,0
0.0,0,0
0.0,0,0
0.0,0,0
0.0,0,0
0.0,0,0
0.0,0,0
0.0,0,0
0.0,0,0
0.0,0,0
0.0,0,0
0.0,0,0
0.0,0,0
0.0,0,0
0.0,0,0
0.0,0,0
0.0,0,0
0.0,0,0
0.0,0,0
0.0,0,0
0.0,0,0
0.0,0,0
0.0,0,0
0.0,0,0
0.0,0,0
0.0,0,0
0.0,0,0
0.0,0,0
0.0,0,0
791.396,0,0
7502.273,0,0
14447.515,0,0
20539.355,0,0
24321.623,0,0
26933.812,0,0
28614.505,0,0
30067.465,0,0
31542.49,0,0
31651.418,0,0
31108.376,0,0
30422.145,0,0
29631.219,0,0
29085.213,0,0
28784.389,0,0
28583.564,0,0
28282.74,0,0
28081.915,0,0
27981.09,0,0
27880.264,0,0
27779.438,0,0
26794.669,0,0
25125.591,0,0
23355.26,0,0
21229.925,0,0
19688.822,0,0
18832.45,0,0
17976.078,0,0
17119.707,0,0
16068.249,0,0
14192.004,0,0
12180.655,0,0
10169.017,0,0
7059.794,0,0
2213.025,0,0
0.0,1,1
0.0,1,1
0.0,1,1
0.0,1,1
0.0,1,1
0.0,1,1
0.0,1,1
0.0,1,1
6320.458,0,0
12037.601,0,0
13627.395,0,0
11426.769,0,0
9064.586,0,0
6689.014,0,0
3999.594,0,0
428.385,0,0
0.0,1,1
0.0,1,1
0.0,1,1
0.0,1,1
0.0,1,1
0.0,1,1
0.0,1,1
0.0,1,1
616.611,0,0
1315.662,0,0
0.0,1,1
0.0,1,1
0.0,1,1
0.0,1,1
0.0,1,1
1634.282,0,0
4428.453,0,0
3969.476,0,0
591.693,0,0
0.0,1,1
0.0,1,1
0.0,1,1
0.0,0,0
2042.927,0,0
5889.383,0,0
5350.298,0,0
4555.685,0,0
3609.037,0,0
1608.225,0,0
0.0,0,0
0.0,0,0
0.0,0,0
0.0,0,0
0.0,0,0
0.0,0,0
0.0,0,0
0.0,0,0
0.0,0,0
0.0,0,0
337.588,0,0
4820.604,0,0
10012.709,0,0
13676.083,0,0
16850.643,0,0
19507.936,0,0
21872.787,0,0
22879.606,0,0
22580.445,0,0
21945.683,0,0
20885.59,0,0
18141.587,0,0
14886.16,0,0
11628.189,0,0
7432.363,0,0
4717.275,0,0
3557.959,0,0
2497.843,0,0
1436.926,0,0
0.0,0,0
0.0,0,0
0.0,0,0
0.0,0,0
0.0,0,0
0.0,0,0
0.0,0,0
2434.295,0,0
7494.523,0,0
12981.779,0,0
17887.024,0,0
20490.249,0,0
21974.771,0,0
22438.219,0,0
22750.497,0,0
23063.051,0,0
22307.433,0,0
20126.282,0,0
17741.127,0,0
15254.218,0,0
13300.763,0,0
13095.848,0,0
12890.929,0,0
12686.006,0,0
12580.465,0,0
12474.303,0,0
12368.136,0,0
12261.963,0,0
9580.045,0,0
4319.772,0,0
0.0,1,1
0.0,1,1
0.0,1,1
0.0,1,1
0.0,1,1
0.0,1,1
1253.136,0,0
3275.561,0,0
5188.021,0,0
5437.558,0,0
3732.397,0,0
643.65,0,0
0.0,1,1
0.0,1,1
0.0,1,1
0.0,1,1
0.0,1,1
0.0,1,1
0.0,1,1
0.0,1,1
0.0,1,1
0.0,1,1
0.0,1,1
0.0,1,1
0.0,1,1
0.0,1,1
0.0,1,1
0.0,1,1
0.0,1,1
0.0,1,1
0.0,0,0
0.0,0,0
0.0,0,0
0.0,0,0
0.0,0,0
0.0,0,0
0.0,0,0
0.0,0,0
0.0,0,0
0.0,0,0
0.0,0,0
754.009,0,0
5703.529,0,0
8855.687,0,0
11891.6,0,0
14929.752,0,0
17596.838,0,0
19903.947,0,0
21963.44,0,0
24134.282,0,0
26083.151,0,0
28078.635,0,0
29691.847,0,0
30873.947,0,0
32101.298,0,0
33483.34,0,0
34393.369,0,0
34732.371,0,0
34630.652,0,0
34146.465,0,0
33762.031,0,0
32630.335,0,0
31989.523,0,0
31888.467,0,0
31787.409,0,0
31786.35,0,0
32214.471,0,0
32815.254,0,0
32937.07,0,0
33059.146,0,0
32877.651,0,0
32492.204,0,0
32106.508,0,0
31628.908,0,0
30773.921,0,0
30350.704,0,0
29927.695,0,0
29356.4,0,0
29149.217,0,0
29198.046,0,0
29247.027,0,0
29396.157,0,0
29200.0,0,0
28900.0,0,0
28600.0,0,0
28400.0,0,0
28100.0,0,0
27800.0,0,0
27500.0,0,0
27200.0,0,0
27100.0,0,0
27000.0,0,0
26900.0,0,0
26900.0,0,0
26900.0,0,0
26900.0,0,0
26900.0,0,0
26900.0,0,0
26525.227,0,0
25491.937,0,0
24526.773,0,0
23546.727,0,0
22312.338,0,0
21358.659,0,0
20253.358,0,0
18154.912,0,0
15471.951,0,0
12465.3,0,0
9681.144,0,0
7971.325,0,0
6697.501,0,0
6134.323,0,0
4457.618,1,1
987.538,1,1
0.0,1,1
0.0,1,1
0.0,1,1
0.0,1,1
0.0,1,1
0.0,1,1
0.0,1,1
0.0,1,1
0.0,1,1
0.0,1,1
0.0,1,1
0.0,1,1
0.0,1,1
0.0,1,1
0.0,1,1
0.0,1,1
0.0,1,1
0.0,1,1
0.0,1,1
0.0,1,1
713.127,1,1
2640.57,1,1
4462.665,0,0
6146.397,0,0
7687.705,0,0
8917.085,0,0
11420.115,0,0
15036.224,0,0
18246.842,0,0
21097.951,0,0
23380.033,0,0
25472.799,0,0
27741.001,0,0
29821.072,0,0
31011.623,0,0
31513.163,0,0
32161.225,0,0
32786.76,0,0
33718.824,0,0
34734.262,0,0
35100.0,0,0
34900.0,0,0
34700.0,0,0
34500.0,0,0
34300.0,0,0
34100.0,0,0
33900.0,0,0
33800.0,0,0
33600.0,0,0
33400.0,0,0
33300.0,0,0
33100.0,0,0
33000.0,0,0
32802.002,0,0
32588.987,0,0
32375.895,0,0
31900.395,0,0
31162.521,0,0
30424.615,0,0
29786.676,0,0
29308.009,0,0
28748.061,0,0
28288.235,0,0
27728.532,0,0
27258.753,0,0
26878.805,0,0
26398.857,0,0
26018.909,0,0
25719.015,0,0
25699.151,0,0
25679.256,0,0
25659.331,0,0
25559.497,0,0
25379.798,0,0
25200.13,0,0
25020.493,0,0
23840.408,0,0
20897.535,0,0
17183.031,0,0
12214.05,0,0
10691.822,0,0
14076.92,0,0
16045.641,0,0
17771.981,0,0
17593.502,0,0
15350.166,0,0
13341.964,0,0
11315.923,0,0
9510.81,0,0
8480.514,0,0
6475.212,0,0
3511.527,0,0
554.658,0,0
0.0,1,1
0.0,1,1
0.0,1,1
0.0,1,1
0.0,1,1
0.0,1,1
0.0,1,1
0.0,1,1
0.0,1,1
0.0,1,1
0.0,1,1
0.0,1,1
0.0,1,1
0.0,1,1
0.0,1,1
0.0,1,1
0.0,1,1
0.0,1,1
0.0,1,1
0.0,1,1
0.0,1,1
0.0,1,1
0.0,1,1
0.0,1,1
0.0,0,0
0.0,0,0
0.0,0,0
0.0,0,0
795.876,0,0
4301.935,0,0
8103.688,0,0
11186.019,0,0
13904.724,0,0
17800.373,0,0
22445.503,0,0
25688.903,0,0
27664.603,0,0
29467.395,0,0
31284.852,0,0
32618.761,0,0
33696.017,0,0
34412.885,0,0
34969.997,0,0
35135.622,0,0
34761.01,0,0
34486.323,0,0
34211.56,0,0
33974.018,0,0
33773.752,0,0
33573.485,0,0
33473.219,0,0
32901.832,0,0
31920.472,0,0
30838.284,0,0
29410.427,0,0
28303.617,0,0
27822.47,0,0
27341.037,0,0
26859.318,0,0
26595.791,0,0
26351.093,0,0
26206.96,0,0
26063.394,0,0
26191.027,0,0
26634.788,0,0
26882.822,0,0
27230.931,0,0
27523.885,0,0
27761.765,0,0
27950.836,0,0
27763.581,0,0
27516.503,0,0
26626.58,0,0
25439.248,0,0
24351.748,0,0
24241.114,0,0
25407.77,0,0
26574.822,0,0
26847.85,0,0
26894.862,0,0
26744.155,0,0
26329.399,0,0
25610.272,0,0
24466.804,0,0
22824.558,0,0
20578.694,0,0
18321.17,0,0
18062.01,0,0
19800.939,0,0
20338.158,0,0
19979.197,0,0
17888.342,0,0
14346.679,0,0
11507.421,0,0
9923.556,0,0
7458.669,0,0
4642.047,0,0
3842.691,0,0
5368.647,0,0
6018.22,0,0
5611.32,0,0
1651.834,0,0
0.0,1,1
0.0,1,1
0.0,1,1
0.0,1,1
0.0,1,1
0.0,1,1
0.0,1,1
0.0,1,1
0.0,1,1
0.0,1,1
0.0,1,1
0.0,1,1
0.0,1,1
0.0,1,1
0.0,1,1
0.0,1,1
0.0,1,1
0.0,1,1
0.0,1,1
0.0,1,1
0.0,1,1
0.0,1,1
0.0,1,1
0.0,1,1
0.0,0,0
0.0,0,0
0.0,0,0
0.0,0,0
0.0,0,0
0.0,0,0
0.0,0,0
0.0,0,0
0.0,0,0
0.0,0,0
0.0,0,0
0.0,0,0
0.0,0,0
0.0,0,0
0.0,0,0
0.0,0,0
0.0,0,0
0.0,0,0
0.0,0,0
0.0,0,0
0.0,0,0
0.0,0,0
0.0,0,0
0.0,0,0
0.0,0,0
0.0,0,0
0.0,0,0
0.0,0,0
0.0,0,0
0.0,0,0
0.0,0,0
0.0,0,0
0.0,0,0
0.0,1,1
0.0,1,1
0.0,1,1
0.0,1,1
0.0,1,1
0.0,1,1
0.0,1,1
0.0,1,1
0.0,1,1
0.0,1,1
0.0,1,1
0.0,1,1
0.0,1,1
0.0,1,1
0.0,1,1
0.0,1,1
0.0,1,1
0.0,1,1
0.0,1,1
643.958,0,0
5725.106,0,0
7393.797,0,0
9033.588,0,0
10557.252,0,0
12359.31,0,0
12663.356,0,0
11786.98,0,0
10503.181,0,0
9401.359,0,0
7845.094,0,0
5822.424,0,0
4565.186,0,0
2238.367,0,0
0.0,1,1
0.0,1,1
0.0,1,1
0.0,1,1
0.0,1,1
0.0,0,0
0.0,0,0
0.0,0,0
0.0,0,0
0.0,0,0
0.0,0,0
0.0,0,0
0.0,0,0
0.0,0,0
0.0,0,0
0.0,0,0
0.0,0,0
0.0,0,0
0.0,0,0
0.0,0,0
0.0,0,0
0.0,0,0
0.0,0,0
0.0,0,0
0.0,0,0
0.0,0,0
562.841,0,0
1996.466,0,0
3274.134,0,0
5624.419,0,0
8561.365,0,0
10833.551,0,0
13358.428,0,0
16685.345,0,0
20435.025,0,0
23886.994,0,0
26780.289,0,0
29233.015,0,0
31412.027,0,0
34053.667,0,0
35407.427,0,0
35306.928,0,0
35345.605,0,0
35421.009,0,0
35313.186,0,0
35300.0,0,0
35200.0,0,0
35100.0,0,0
35000.0,0,0
34900.0,0,0
34800.0,0,0
34500.0,0,0
34200.0,0,0
33800.0,0,0
33400.0,0,0
33100.0,0,0
32900.0,0,0
32600.0,0,0
32400.0,0,0
32000.0,0,0
31600.0,0,0
31100.0,0,0
30600.0,0,0
30300.0,0,0
30100.0,0,0
30000.0,0,0
29800.0,0,0
29600.0,0,0
29200.0,0,0
28800.0,0,0
28500.0,0,0
28200.0,0,0
27900.0,0,0
27700.0,0,0
27400.0,0,0
27300.0,0,0
27300.0,0,0
27300.0,0,0
27300.0,0,0
27500.0,0,0
27800.0,0,0
28000.0,0,0
28300.0,0,0
28167.716,0,0
27636.09,0,0
27077.592,0,0
26505.325,0,0
25398.206,0,0
24027.958,0,0
22260.573,0,0
20187.194,0,0
17850.699,0,0
15174.555,0,0
12909.995,0,0
11249.282,0,0
9392.091,0,0
7417.632,0,0
5991.183,0,0
5158.212,0,0
4313.786,1,1
3667.945,1,1
2481.88,1,1
524.552,1,1
0.0,1,1
0.0,1,1
0.0,1,1
0.0,1,1
0.0,1,1
0.0,1,1
0.0,1,1
0.0,1,1
0.0,1,1
0.0,1,1
0.0,1,1
0.0,1,1
0.0,1,1
0.0,1,1
0.0,1,1
0.0,1,1
130.0,1,1
2791.858,1,1
4265.505,1,1
4788.599,1,1
5483.025,0,0
6039.194,0,0
7685.275,0,0
9150.673,0,0
11775.845,0,0
15175.527,0,0
18123.467,0,0
21114.834,0,0
24406.849,0,0
27881.312,0,0
30810.531,0,0
32387.013,0,0
33408.875,0,0
34160.743,0,0
35184.25,0,0
36256.851,0,0
36613.561,0,0
36001.175,0,0
34778.046,0,0
32986.415,0,0
31207.861,0,0
29875.38,0,0
28442.284,0,0
26806.431,0,0
25200.181,0,0
23773.5,0,0
22346.069,0,0
20672.806,0,0
21082.055,0,0
22940.165,0,0
24699.647,0,0
26359.81,0,0
25995.132,0,0
23855.254,0,0
21463.402,0,0
19070.702,0,0
16977.765,0,0
14257.512,0,0
11536.349,0,0
8714.278,0,0
6611.352,0,0
4983.586,0,0
3255.343,0,0
1526.623,0,0
1934.334,0,0
4579.546,0,0
6649.095,0,0
8487.43,0,0
8043.767,0,0
5216.909,0,0
1482.808,0,0
0.0,1,1
0.0,1,1
4831.385,0,0
9256.981,0,0
13684.058,0,0
15818.343,0,0
16821.509,0,0
17795.984,0,0
18503.031,0,0
17748.332,0,0
15864.763,0,0
13850.395,0,0
11333.129,0,0
9361.335,0,0
7986.526,0,0
6876.539,0,0
5382.86,0,0
2548.774,0,0
0.0,1,1
0.0,1,1
0.0,1,1
0.0,1,1
0.0,1,1
0.0,1,1
0.0,1,1
0.0,1,1
0.0,1,1
0.0,1,1
0.0,1,1
0.0,1,1
0.0,1,1
0.0,1,1
0.0,1,1
0.0,1,1
0.0,1,1
0.0,1,1
0.0,1,1
0.0,1,1
0.0,1,1
0.0,1,1
0.0,0,0
0.0,0,0
0.0,0,0
0.0,0,0
0.0,0,0
0.0,0,0
0.0,0,0
0.0,0,0
0.0,0,0
0.0,0,0
0.0,0,0
0.0,0,0
0.0,0,0
0.0,0,0
0.0,0,0
0.0,0,0
0.0,0,0
0.0,0,0
0.0,0,0
0.0,0,0
0.0,0,0
739.489,0,0
8464.896,0,0
15266.588,0,0
20751.707,0,0
23820.827,0,0
25284.136,0,0
26749.09,0,0
27967.309,0,0
30105.865,0,0
32506.261,0,0
33930.622,0,0
34200.0,0,0
34100.0,0,0
33800.0,0,0
33500.0,0,0
33200.0,0,0
32700.0,0,0
31895.34,0,0
30930.129,0,0
30064.753,0,0
29555.37,0,0
29602.195,0,0
29649.142,0,0
29696.211,0,0
29500.0,0,0
29200.0,0,0
28900.0,0,0
28600.0,0,0
28400.0,0,0
28100.0,0,0
27868.532,0,0
27539.349,0,0
27200.829,0,0
26952.959,0,0
26544.095,0,0
25738.322,0,0
25064.287,0,0
24722.157,0,0
24279.658,0,0
23842.386,0,0
22934.737,0,0
21878.742,0,0
20709.914,0,0
19534.211,0,0
16858.934,0,0
12669.967,0,0
10365.435,0,0
10476.509,0,0
12166.802,0,0
14944.026,0,0
15453.004,0,0
14024.02,0,0
10927.426,0,0
5881.175,0,0
3374.814,1,1
3956.302,1,1
4343.412,1,1
4472.095,1,1
3883.011,1,1
2302.52,1,1
0.0,1,1
0.0,1,1
0.0,1,1
0.0,1,1
3478.896,1,1
7523.078,0,0
10390.969,0,0
11753.564,0,0
12950.358,0,0
13229.577,0,0
10831.746,0,0
5879.704,1,1
1707.998,1,1
0.0,1,1
0.0,1,1
0.0,1,1
0.0,1,1
0.0,1,1
0.0,1,1
0.0,1,1
0.0,1,1
0.0,1,1
0.0,1,1
5567.644,1,1
9569.616,0,0
12060.553,0,0
14081.669,0,0
16095.281,0,0
17859.571,0,0
19896.637,0,0
22569.152,0,0
24542.187,0,0
25853.867,0,0
27218.011,0,0
28263.75,0,0
28853.403,0,0
29177.378,0,0
28974.446,0,0
28871.51,0,0
28668.571,0,0
28565.385,0,0
28361.949,0,0
28258.509,0,0
28055.066,0,0
28429.022,0,0
29381.211,0,0
30234.504,0,0
30888.634,0,0
30962.507,0,0
30597.975,0,0
30133.18,0,0
29525.164,0,0
28543.761,0,0
27193.112,0,0
25741.821,0,0
24389.887,0,0
23887.03,0,0
24434.075,0,0
24981.577,0,0
25429.536,0,0
25808.889,0,0
25915.312,0,0
25878.436,0,0
25841.869,0,0
25640.423,0,0
25073.664,0,0
24606.637,0,0
23995.187,0,0
23309.9,0,0
22655.021,0,0
21999.584,0,0
21343.586,0,0
22140.372,0,0
24339.512,0,0
25849.011,0,0
26714.072,0,0
26374.116,0,0
25068.418,0,0
22918.477,0,0
20610.593,0,0
19462.573,0,0
19388.979,0,0
17665.528,0,0
14727.129,0,0
11785.395,0,0
8358.569,0,0
5519.501,0,0
4042.733,0,0
4185.077,0,0
5879.319,0,0
6332.652,0,0
4349.067,0,0
3169.12,0,0
3015.335,1,1
1373.15,1,1
0.0,1,1
0.0,1,1
0.0,1,1
0.0,1,1
0.0,1,1
0.0,1,1
0.0,1,1
0.0,1,1
0.0,1,1
0.0,1,1
0.0,1,1
0.0,1,1
34.495,1,1
33.197,1,1
0.0,1,1
341.875,1,1
1269.485,1,1
1519.562,1,1
1407.589,1,1
664.481,1,1
0.0,1,1
1172.067,1,1
4809.871,0,0
8094.016,0,0
10768.576,0,0
12748.667,0,0
14293.336,0,0
17965.994,0,0
22668.697,0,0
26528.447,0,0
28665.27,0,0
30068.57,0,0
31621.434,0,0
33966.454,0,0
35496.221,0,0
35300.0,0,0
35200.0,0,0
35000.0,0,0
34800.0,0,0
34600.0,0,0
34300.0,0,0
34200.0,0,0
34100.0,0,0
34000.0,0,0
33900.0,0,0
33800.0,0,0
33659.345,0,0
33385.591,0,0
33211.788,0,0
32974.84,0,0
32874.783,0,0
32674.727,0,0
32574.671,0,0
32137.673,0,0
31263.698,0,0
30489.672,0,0
29615.598,0,0
29215.497,0,0
29189.415,0,0
29163.346,0,0
29137.29,0,0
28789.312,0,0
27360.862,0,0
25176.776,0,0
22224.748,0,0
20045.073,0,0
19091.971,0,0
18038.743,0,0
16985.389,1,1
16884.519,1,1
17536.32,1,1
18288.247,0,0
18940.3,0,0
20682.603,0,0
23160.924,0,0
25117.83,0,0
26659.332,0,0
26621.495,0,0
26150.109,0,0
25611.263,0,0
24936.208,0,0
23824.986,0,0
22368.08,0,0
21635.619,0,0
21547.6,0,0
21599.44,0,0
21542.365,0,0
20856.963,0,0
19493.191,0,0
18157.224,0,0
16998.685,1,1
16574.948,1,1
16894.561,1,1
17415.269,1,1
17989.863,0,1
16793.971,1,1
11585.352,1,1
5095.585,1,1
0.0,1,1
0.0,1,1
1534.653,1,1
3986.146,1,1
5329.292,1,1
5503.296,1,1
4503.172,1,1
3530.388,1,1
2752.922,1,1
5809.476,1,1
13032.179,1,1
21013.847,0,0
25867.242,0,0
26534.881,0,0
21768.203,0,0
15845.094,1,1
8776.345,1,1
9851.757,1,1
18872.475,0,0
25862.425,0,0
31192.699,0,0
33378.141,0,0
32522.108,0,0
32208.768,0,0
32645.123,0,0
33065.326,0,0
33567.831,0,0
34139.571,0,0
34576.102,0,0
34714.065,0,0
34129.309,0,0
33846.66,0,0
33766.351,0,0
33942.037,0,0
34359.526,0,0
33915.508,0,0
32650.414,0,0
31092.871,0,0
29286.925,0,0
28127.584,0,0
27615.447,0,0
27103.103,0,0
26539.549,0,0
26156.522,0,0
25953.944,0,0
25851.365,0,0
25748.784,0,0
27044.351,0,0
29686.318,0,0
31364.62,0,0
32390.083,0,0
32156.139,0,0
31319.114,0,0
30582.063,0,0
29744.988,0,0
29363.36,0,0
29337.235,0,0
29411.159,0,0
29385.132,0,0
29166.573,0,0
28755.374,0,0
28244.082,0,0
27832.697,0,0
27660.322,0,0
27627.131,0,0
27694.081,0,0
27600.0,0,0
27500.0,0,0
27400.0,0,0
27300.0,0,0
27200.0,0,0
27100.0,0,0
27200.0,0,0
27200.0,0,0
27168.221,0,0
27018.526,0,0
26571.705,0,0
26107.9,0,0
25634.911,0,0
23672.868,0,0
19716.354,0,0
16757.841,0,0
14320.116,0,0
10360.892,0,0
4394.376,0,0
0.0,1,1
0.0,1,1
0.0,1,1
0.0,1,1
0.0,1,1
0.0,1,1
0.0,1,1
0.0,1,1
0.0,1,1
0.0,1,1
0.0,1,1
0.0,1,1
0.0,1,1
0.0,1,1
0.0,1,1
0.0,1,1
0.0,1,1
0.0,1,1
0.0,1,1
0.0,1,1
0.0,1,1
0.0,1,1
0.0,1,1
0.0,1,1
0.0,0,0
0.0,0,0
0.0,0,0
0.0,0,0
0.0,0,0
0.0,0,0
0.0,0,0
2294.106,0,0
5172.504,0,0
8642.663,0,0
11973.836,0,0
15158.325,0,0
18318.792,0,0
21481.741,0,0
24276.058,0,0
26306.666,0,0
27901.363,0,0
28511.781,0,0
28915.621,0,0
29823.591,0,0
31086.658,0,0
32524.854,0,0
33017.628,0,0
32542.542,0,0
32167.225,0,0
31691.676,0,0
31665.134,0,0
32188.355,0,0
32564.593,0,0
32674.268,0,0
32592.327,0,0
32418.573,0,0
32223.298,0,0
31771.871,0,0
31319.976,0,0
30767.614,0,0
30214.781,0,0
29661.479,0,0
29259.919,0,0
29110.806,0,0
28862.162,0,0
28613.988,0,0
28975.322,0,0
29035.122,0,0
29138.704,0,0
29100.0,0,0
28900.0,0,0
28500.0,0,0
28000.0,0,0
27549.718,0,0
27166.018,0,0
26754.294,0,0
26442.421,0,0
26030.396,0,0
25911.457,0,0
26085.783,0,0
26160.196,0,0
26334.697,0,0
26415.853,0,0
26503.501,0,0
26691.015,0,0
26544.815,0,0
26327.402,0,0
26188.699,0,0
26133.091,0,0
25968.401,0,0
24157.348,0,0
20438.438,0,0
16836.036,0,0
13604.038,0,0
10033.325,0,0
6490.941,0,0
2754.449,0,0
0.0,1,1
0.0,1,1
0.0,1,1
0.0,1,1
0.0,1,1
0.0,1,1
0.0,1,1
0.0,1,1
0.0,1,1
0.0,1,1
0.0,1,1
0.0,1,1
0.0,1,1
0.0,1,1
0.0,1,1
0.0,1,1
0.0,1,1
0.0,1,1
0.0,1,1
0.0,1,1
0.0,1,1
0.0,1,1
0.0,1,1
0.0,1,1
0.0,0,0
0.0,0,0
364.179,0,0
3455.1,0,0
6967.451,0,0
9123.904,0,0
10095.075,0,0
11443.675,0,0
13356.027,0,0
15971.62,0,0
19371.988,0,0
21237.496,0,0
21683.82,0,0
21445.051,0,0
20669.037,0,0
21088.757,0,0
21987.261,0,0
24180.981,0,0
27473.442,0,0
29946.619,0,0
31681.242,0,0
32939.482,0,0
33950.099,0,0
34027.657,0,0
34000.0,0,0
33800.0,0,0
33482.942,0,0
33241.698,0,0
32353.782,0,0
31754.607,0,0
31808.269,0,0
31862.286,0,0
31916.661,0,0
31627.639,0,0
30894.615,0,0
30261.144,0,0
29527.223,0,0
29403.983,0,0
29792.433,0,0
29892.494,0,0
29578.874,0,0
29318.767,0,0
29212.091,0,0
29100.0,0,0
28900.0,0,0
28600.0,0,0
28200.0,0,0
27900.0,0,0
27500.0,0,0
27200.0,0,0
27000.0,0,0
26700.0,0,0
26400.0,0,0
26300.0,0,0
26200.0,0,0
26100.0,0,0
26100.0,0,0
26200.0,0,0
26500.0,0,0
26700.0,0,0
27000.0,0,0
26928.885,0,0
26630.216,0,0
26308.931,0,0
25976.804,0,0
26113.792,0,0
26739.377,0,0
25569.142,0,0
22571.332,0,0
19185.794,0,0
15188.46,0,0
11440.334,0,0
7976.043,0,0
6557.848,0,0
8098.866,0,0
7703.771,0,0
4430.319,0,0
1893.276,0,0
193.246,1,1
0.0,1,1
0.0,1,1
0.0,1,1
0.0,1,1
0.0,1,1
0.0,1,1
0.0,1,1
0.0,1,1
0.0,1,1
0.0,1,1
0.0,1,1
0.0,1,1
0.0,1,1
0.0,1,1
0.0,1,1
0.0,1,1
0.0,1,1
0.0,1,1
0.0,1,1
0.0,1,1
0.0,1,1
0.0,1,1
1086.244,1,1
5039.344,0,0
6520.564,0,0
6923.922,0,0
8504.047,0,0
11118.323,0,0
15387.319,0,0
19866.749,0,0
23464.196,0,0
26552.313,0,0
29454.913,0,0
31820.016,0,0
33101.767,0,0
33763.318,0,0
34471.029,0,0
35210.758,0,0
35500.0,0,0
35300.0,0,0
35100.0,0,0
34900.0,0,0
34700.0,0,0
34600.0,0,0
34500.0,0,0
34400.0,0,0
34200.0,0,0
33800.0,0,0
33500.0,0,0
33100.0,0,0
32800.0,0,0
32500.0,0,0
32200.0,0,0
32000.0,0,0
31600.0,0,0
31100.0,0,0
30412.239,0,0
29818.95,0,0
29416.332,0,0
29104.436,0,0
28792.559,0,0
28247.985,0,0
28136.994,0,0
28248.571,0,0
28097.767,0,0
27946.962,0,0
27746.969,0,0
27397.805,0,0
27148.666,0,0
26637.219,0,0
26646.186,0,0
26788.547,0,0
26930.908,0,0
26900.0,0,0
26800.0,0,0
26800.0,0,0
26768.201,0,0
26637.74,0,0
26383.705,0,0
26073.428,0,0
25135.953,0,0
24102.155,0,0
21540.229,0,0
16580.678,0,0
13178.627,0,0
13006.41,0,0
13232.895,0,0
13319.954,0,0
14727.037,0,0
17626.794,0,0
20799.705,0,0
22367.981,0,0
22100.673,0,0
17203.89,0,0
9780.04,0,0
4128.849,1,1
3223.443,1,1
7427.119,1,1
9884.55,0,0
10545.472,0,0
10192.053,0,0
8553.144,1,1
5781.688,1,1
1618.503,1,1
0.0,1,1
0.0,1,1
0.0,1,1
0.0,1,1
0.0,1,1
0.0,1,1
609.823,1,1
1407.535,1,1
0.0,1,1
0.0,1,1
0.0,1,1
0.0,1,1
0.0,1,1
0.0,1,1
0.0,1,1
0.0,1,1
0.0,1,1
7058.78,1,1
11790.213,0,0
13434.856,0,0
14825.275,0,0
15891.897,0,0
17254.418,0,0
19176.865,0,0
21059.288,0,0
23048.221,0,0
25496.323,0,0
28005.215,0,0
30005.743,0,0
31426.506,0,0
31918.373,0,0
31617.429,0,0
31316.485,0,0
31015.54,0,0
31157.215,0,0
31489.997,0,0
31829.075,0,0
32068.445,0,0
32760.381,0,0
33343.782,0,0
33483.766,0,0
33500.0,0,0
33300.0,0,0
33100.0,0,0
32900.0,0,0
32700.0,0,0
32400.0,0,0
31900.0,0,0
31312.856,0,0
30720.222,0,0
30336.795,0,0
30262.571,0,0
30088.298,0,0
29913.975,0,0
29713.812,0,0
29487.884,0,0
29262.005,0,0
29036.177,0,0
28947.546,0,0
28796.171,0,0
28500.0,0,0
28300.0,0,0
28100.0,0,0
28000.0,0,0
27800.0,0,0
27700.0,0,0
27700.0,0,0
27700.0,0,0
27700.0,0,0
27700.0,0,0
27354.438,0,0
26694.976,0,0
25909.273,0,0
25211.471,0,0
24162.84,0,0
22849.665,0,0
21406.027,0,0
19285.292,0,0
16429.522,0,0
12909.563,0,0
10069.652,0,0
7979.335,0,0
5491.51,0,0
2521.967,0,0
160.169,0,0
0.0,1,1
0.0,1,1
0.0,1,1
0.0,1,1
0.0,1,1
0.0,1,1
0.0,1,1
0.0,1,1
0.0,1,1
0.0,1,1
0.0,1,1
0.0,1,1
0.0,1,1
0.0,1,1
0.0,1,1
0.0,1,1
0.0,1,1
0.0,1,1
0.0,1,1
0.0,1,1
0.0,1,1
0.0,1,1
0.0,1,1
0.0,1,1
297.976,0,0
2946.79,0,0
6092.059,0,0
9353.819,0,0
13101.34,0,0
16376.516,0,0
18873.581,0,0
22221.096,0,0
26276.526,0,0
29468.868,0,0
31762.372,0,0
33065.233,0,0
34120.542,0,0
35333.281,0,0
36610.137,0,0
37387.13,0,0
37880.134,0,0
37900.0,0,0
37600.0,0,0
37300.0,0,0
36900.0,0,0
36700.0,0,0
36700.0,0,0
36600.0,0,0
36500.0,0,0
36400.0,0,0
36200.0,0,0
36000.0,0,0
35800.0,0,0
35600.0,0,0
35300.0,0,0
35000.0,0,0
34600.0,0,0
34200.0,0,0
33700.0,0,0
33100.0,0,0
32500.0,0,0
32200.0,0,0
32000.0,0,0
31800.0,0,0
31700.0,0,0
31400.0,0,0
31200.0,0,0
30900.0,0,0
30600.0,0,0
30300.0,0,0
30087.027,0,0
29584.923,0,0
29182.853,0,0
28823.704,0,0
28273.219,0,0
27822.791,0,0
27372.421,0,0
26802.99,0,0
26114.453,0,0
25087.413,0,0
23958.122,0,0
22849.671,1,1
21790.337,1,1
20422.496,1,1
19050.138,1,1
18996.953,1,1
20051.951,1,1
21333.038,1,1
22797.924,1,1
24013.313,0,0
24878.556,0,0
25907.531,0,0
27064.672,0,0
28629.984,0,0
30693.294,0,0
31048.477,0,0
29845.529,0,0
27762.617,0,0
24805.654,0,0
24484.25,0,0
26526.127,0,0
28203.904,0,0
29456.935,0,0
30174.716,0,0
30474.872,0,0
31471.864,0,0
33346.048,0,0
32482.285,0,0
29013.895,0,0
25036.539,0,0
20483.353,1,1
17121.328,1,1
15415.484,1,1
12857.185,1,1
8931.464,1,1
7055.82,1,1
7337.254,1,1
8605.733,1,1
10762.395,1,1
12480.309,1,1
13685.638,1,1
15119.403,1,1
16205.673,1,1
18827.925,1,1
23174.935,1,1
28007.546,0,0
30522.954,0,0
30521.146,0,0
30157.171,0,0
29036.177,0,0
27729.336,0,0
26853.466,0,0
26604.335,0,0
26239.189,0,0
25041.538,0,0
23635.146,0,0
22151.018,1,0
25108.767,0,0
29749.323,0,0
33174.482,0,0
35801.986,0,0
36112.156,0,0
35126.171,0,0
33802.54,0,0
32376.45,0,0
31086.169,0,0
29881.198,0,0
28476.796,0,0
26971.961,0,0
26956.531,0,0
28431.245,0,0
29707.233,0,0
30732.872,0,0
31358.742,0,0
31631.801,0,0
31518.498,0,0
31505.585,0,0
31574.14,0,0
31824.087,0,0
31818.712,0,0
31792.005,0,0
31692.93,0,0
31521.522,0,0
31350.22,0,0
31100.0,0,0
30800.0,0,0
30500.0,0,0
30213.265,0,0
29821.023,0,0
29620.941,0,0
29613.146,0,0
29600.0,0,0
29500.0,0,0
29400.0,0,0
29500.0,0,0
29500.0,0,0
29600.0,0,0
29377.819,0,0
28880.886,0,0
28462.715,0,0
27933.821,0,0
26552.205,0,0
23971.777,0,0
22255.804,0,0
21084.793,0,0
18598.362,0,0
14202.293,0,0
10364.328,0,0
8781.136,0,0
7988.434,0,0
7754.526,0,0
7071.563,0,0
5252.109,1,1
3355.238,1,1
1537.117,1,1
106.43,1,1
0.0,1,1
0.0,1,1
0.0,1,1
0.0,1,1
0.0,1,1
0.0,1,1
0.0,1,1
0.0,1,1
0.0,1,1
873.795,1,1
4574.54,1,1
5178.321,1,1
2850.367,1,1
334.871,1,1
0.0,1,1
0.0,1,1
366.589,1,1
1552.757,1,1
1898.484,1,1
4493.854,1,1
8928.032,0,0
12336.66,0,0
14535.702,0,0
18128.666,0,0
22712.109,0,0
27712.333,0,0
30899.166,0,0
32296.562,0,0
33029.182,0,0
33519.982,0,0
33855.366,0,0
34858.579,0,0
36415.733,0,0
38682.057,0,0
40086.821,0,0
40023.042,0,0
39959.311,0,0
39740.947,0,0
39267.869,0,0
38894.73,0,0
38421.531,0,0
37909.131,0,0
37024.206,0,0
36138.632,0,0
35352.409,0,0
34270.916,0,0
33624.728,0,0
32878.088,0,0
32130.996,0,0
31042.702,0,0
29311.886,0,0
27330.359,0,0
25247.437,0,0
24829.354,0,0
25978.428,0,0
27179.82,0,0
27780.517,0,0
28167.271,0,0
28339.282,0,0
28511.475,0,0
28683.848,0,0
28824.867,0,0
28930.281,0,0
28892.903,0,0
28855.7,0,0
28950.598,0,0
29277.73,0,0
29505.213,0,0
29833.047,0,0
29600.723,0,0
28707.577,0,0
27813.903,0,0
26919.698,0,0
25685.673,0,0
24546.486,0,0
23306.472,0,0
21861.881,0,0
21512.319,0,0
22249.677,0,0
22609.285,0,0
23054.976,0,0
22877.576,0,0
22297.234,0,0
21697.078,0,0
20893.375,0,0
19740.03,0,0
18661.741,0,0
16719.952,0,0
13157.315,0,0
8792.028,0,0
3664.046,1,1
579.921,1,1
781.151,1,1
0.0,1,1
0.0,1,1
0.0,1,1
0.0,1,1
0.0,1,1
0.0,1,1
0.0,1,1
0.0,1,1
0.0,1,1
0.0,1,1
0.0,1,1
0.0,1,1
0.0,1,1
0.0,1,1
0.0,1,1
0.0,1,1
0.0,1,1
0.0,1,1
0.0,1,1
1185.53,1,1
2736.062,1,1
4401.898,0,0
8821.625,0,0
15793.715,0,0
22785.533,0,0
29630.938,0,0
32575.643,0,0
31970.419,0,0
32196.435,0,0
33087.959,0,0
33466.173,0,0
33573.261,0,0
32435.891,0,0
30610.21,0,0
31373.251,0,0
33678.073,0,0
35059.725,0,0
35735.819,0,0
35882.182,0,0
35667.689,0,0
34867.583,0,0
34022.457,0,0
33177.24,0,0
32331.934,0,0
31995.233,0,0
32167.239,0,0
32339.29,0,0
32511.386,0,0
33160.322,0,0
34133.198,0,0
34719.725,0,0
35406.514,0,0
35425.012,0,0
34974.983,0,0
34424.895,0,0
33974.75,0,0
33662.06,0,0
33486.934,0,0
33411.896,0,0
33236.944,0,0
32964.149,0,0
32536.834,0,0
32161.687,0,0
31786.51,0,0
31298.865,0,0
30798.774,0,0
30398.683,0,0
29898.592,0,0
29861.27,0,0
29900.471,0,0
29710.605,0,0
29620.756,0,0
29475.83,0,0
29475.811,0,0
29475.793,0,0
29475.774,0,0
29649.248,0,0
30096.215,0,0
30300.0,0,0
30600.0,0,0
30771.124,0,0
30774.112,0,0
30860.824,0,0
30838.892,0,0
29874.188,0,0
27997.723,0,0
26197.55,0,0
24471.763,0,0
22059.412,0,0
18723.555,0,0
16289.629,0,0
14920.222,0,0
13074.653,1,1
10491.449,1,1
9413.573,1,1
10284.185,1,1
11780.819,1,1
13962.691,0,1
13141.187,1,1
9056.356,1,1
5228.643,1,1
1813.993,1,1
0.0,1,1
0.0,1,1
0.0,1,1
0.0,1,1
0.0,1,1
0.0,1,1
0.0,1,1
0.0,1,1
0.0,1,1
1045.681,1,1
9817.746,1,1
14615.764,0,0
14424.975,0,0
13743.494,1,1
12545.265,1,1
11906.348,1,1
12740.629,1,1
14917.308,0,0
16899.042,0,0
18686.245,0,0
20167.94,0,0
21538.646,0,0
23379.876,0,0
25394.902,0,0
27069.49,0,0
28475.974,0,0
30204.147,0,0
32191.515,0,0
34447.694,0,0
36477.486,0,0
37943.524,0,0
39260.424,0,0
39999.979,0,0
40379.697,0,0
40400.0,0,0
40200.0,0,0
40000.0,0,0
39700.0,0,0
39500.0,0,0
39400.0,0,0
39200.0,0,0
39100.0,0,0
38800.0,0,0
38500.0,0,0
38100.0,0,0
37800.0,0,0
37400.0,0,0
37100.0,0,0
36800.0,0,0
36500.0,0,0
36100.0,0,0
35700.0,0,0
35300.0,0,0
34900.0,0,0
34600.0,0,0
34300.0,0,0
34100.0,0,0
33800.0,0,0
33500.0,0,0
33100.0,0,0
32600.0,0,0
32200.0,0,0
31700.0,0,0
31300.0,0,0
31000.0,0,0
30600.0,0,0
30400.0,0,0
30400.0,0,0
30500.0,0,0
30500.0,0,0
30700.0,0,0
31000.0,0,0
31300.0,0,0
31457.998,0,0
31526.847,0,0
31581.494,0,0
31610.722,0,0
31443.011,0,0
32015.192,0,0
33316.85,0,0
32515.365,0,0
29572.133,0,0
26639.06,0,0
23306.087,0,0
19133.431,0,0
14730.055,0,0
11114.926,0,0
9093.958,0,0
6303.668,0,0
2525.61,0,0
0.0,1,1
0.0,1,1
0.0,1,1
0.0,1,1
0.0,1,1
0.0,1,1
0.0,1,1
0.0,1,1
0.0,1,1
0.0,1,1
0.0,1,1
0.0,1,1
0.0,1,1
0.0,1,1
0.0,1,1
0.0,1,1
0.0,1,1
0.0,1,1
0.0,1,1
0.0,1,1
0.0,1,1
0.0,1,1
0.0,1,1
0.0,1,1
0.0,0,0
0.0,0,0
0.0,0,0
0.0,0,0
0.0,0,0
0.0,0,0
0.0,0,0
0.0,0,0
0.0,0,0
0.0,0,0
0.0,0,0
0.0,0,0
0.0,0,0
0.0,0,0
0.0,0,0
0.0,0,0
0.0,0,0
0.0,0,0
0.0,0,0
0.0,0,0
0.0,0,0
3093.284,0,0
9788.004,0,0
16114.76,0,0
13938.014,0,0
2971.672,0,0
0.0,0,0
0.0,0,0
0.0,0,0
0.0,0,0
0.0,0,0
0.0,0,0
0.0,0,0
0.0,0,0
0.0,0,0
0.0,0,0
0.0,1,1
0.0,1,1
0.0,1,1
0.0,1,1
0.0,1,1
0.0,1,1
0.0,1,1
0.0,1,1
0.0,1,1
0.0,1,1
0.0,1,1
0.0,1,1
0.0,1,1
0.0,1,1
0.0,1,1
0.0,1,1
0.0,1,1
0.0,1,1
0.0,1,1
0.0,1,1
0.0,1,1
0.0,1,1
0.0,1,1
0.0,1,1
0.0,0,0
0.0,0,0
0.0,0,0
1055.617,0,0
4200.653,0,0
5151.96,0,0
7293.482,0,0
10165.379,0,0
11310.187,0,0
10212.51,0,0
7701.233,0,0
1490.771,0,0
0.0,0,0
0.0,0,0
0.0,0,0
0.0,0,0
0.0,0,0
0.0,0,0
0.0,0,0
0.0,0,0
0.0,0,0
0.0,0,0
0.0,0,0
0.0,0,0
0.0,0,0
0.0,0,0
0.0,0,0
0.0,0,0
0.0,0,0
0.0,0,0
579.74,0,0
2452.232,0,0
3197.54,0,0
3047.512,0,0
3854.027,0,0
5621.114,0,0
9713.217,0,0
15072.398,0,0
19873.112,0,0
24039.998,0,0
26328.618,0,0
26569.656,0,0
28653.185,0,0
30660.554,0,0
31151.798,0,0
30261.41,0,0
29965.931,0,0
30189.053,0,0
30693.295,0,0
31516.28,0,0
31841.042,0,0
31690.513,0,0
32050.902,0,0
32757.867,0,0
33565.745,0,0
34274.535,0,0
35702.951,0,0
37501.03,0,0
39074.642,0,0
40193.721,0,0
40429.065,0,0
39879.747,0,0
39330.199,0,0
38780.419,0,0
38479.556,0,0
38527.999,0,0
38476.731,0,0
38525.751,0,0
37719.116,0,0
36056.011,0,0
34200.706,0,0
31997.515,0,0
30365.952,0,0
29255.338,0,0
27843.476,0,0
26330.306,0,0
26312.35,0,0
27591.845,0,0
28772.709,0,0
29602.836,0,0
30259.947,0,0
30543.633,0,0
30923.675,0,0
31062.537,0,0
31081.502,0,0
30980.24,0,0
30878.977,0,0
30777.713,0,0
31118.004,0,0
32100.515,0,0
32795.893,0,0
33081.025,0,0
32976.529,0,0
32533.609,0,0
32170.602,0,0
31696.951,0,0
31044.359,0,0
29378.87,0,0
27237.105,0,0
25124.8,0,0
22450.585,0,0
18974.432,0,0
15680.215,0,0
13231.702,0,0
10774.096,0,0
8950.024,0,0
6604.634,0,0
3788.924,0,0
1287.365,1,1
0.0,1,1
0.0,1,1
0.0,1,1
0.0,1,1
0.0,1,1
0.0,1,1
0.0,1,1
0.0,1,1
0.0,1,1
0.0,1,1
0.0,1,1
0.0,1,1
0.0,1,1
0.0,1,1
0.0,1,1
0.0,1,1
0.0,1,1
0.0,1,1
0.0,1,1
0.0,1,1
0.0,1,1
0.0,1,1
0.0,1,1
2185.25,0,0
5288.545,0,0
10065.532,0,0
15594.68,0,0
18825.984,0,0
19192.495,0,0
18794.542,0,0
15604.716,0,0
17142.063,0,0
23258.663,0,0
29032.554,0,0
32604.413,0,0
34264.463,0,0
34603.0,0,0
34955.875,0,0
35309.449,0,0
35485.305,0,0
35449.127,0,0
35413.368,0,0
35478.029,0,0
35820.948,0,0
36642.607,0,0
37266.52,0,0
37841.208,0,0
37976.89,0,0
37672.978,0,0
37469.061,0,0
37265.139,0,0
37438.072,0,0
37988.69,0,0
38540.409,0,0
38893.292,0,0
38191.547,0,0
36433.765,0,0
34574.646,0,0
32614.252,0,0
31153.385,0,0
30041.41,0,0
28627.815,0,0
27213.127,0,0
24946.857,0,0
20042.186,0,0
14543.533,0,0
7530.385,0,0
2710.521,0,0
596.474,0,0
0.0,1,1
0.0,1,1
0.0,1,1
3529.355,0,0
9020.759,0,0
13535.349,0,0
15471.023,0,0
15561.653,0,0
15552.273,0,0
15642.885,0,0
14115.108,0,0
11127.034,0,0
7213.536,0,0
3119.196,0,0
570.537,0,0
0.0,1,1
0.0,1,1
0.0,1,1
0.0,1,1
0.0,1,1
0.0,1,1
0.0,1,1
0.0,1,1
0.0,1,1
0.0,1,1
0.0,1,1
0.0,1,1
0.0,1,1
0.0,1,1
0.0,1,1
0.0,1,1
0.0,1,1
0.0,1,1
0.0,1,1
0.0,1,1
0.0,1,1
0.0,0,0
0.0,0,0
0.0,0,0
0.0,0,0
0.0,0,0
0.0,0,0
0.0,0,0
0.0,0,0
0.0,0,0
0.0,0,0
0.0,0,0
0.0,0,0
2858.043,0,0
8130.252,0,0
12755.388,0,0
16238.097,0,0
19511.163,0,0
22467.782,0,0
25232.7,0,0
27731.375,0,0
31307.19,0,0
35073.85,0,0
37743.611,0,0
39368.937,0,0
41205.356,0,0
43340.661,0,0
45331.944,0,0
45730.166,0,0
44646.793,0,0
43562.259,0,0
43347.225,0,0
44103.389,0,0
44760.658,0,0
45130.234,0,0
45048.83,0,0
44885.243,0,0
44721.691,0,0
44558.176,0,0
44440.493,0,0
44368.725,0,0
44200.0,0,0
44000.0,0,0
43800.0,0,0
43400.0,0,0
43068.641,0,0
42539.89,0,0
41757.011,0,0
40720.071,0,0
39683.095,0,0
38646.082,0,0
38091.997,0,0
38120.964,0,0
38150.06,0,0
38000.0,0,0
37800.0,0,0
37400.0,0,0
37100.0,0,0
36700.0,0,0
36400.0,0,0
36100.0,0,0
35900.0,0,0
35600.0,0,0
35359.098,0,0
35036.497,0,0
34613.71,0,0
33709.081,0,0
33431.27,0,0
34139.748,0,0
34449.974,0,0
34698.554,0,0
34563.079,0,0
34198.965,0,0
33816.479,0,0
33324.208,0,0
32343.149,0,0
30691.776,0,0
29241.509,0,0
27493.11,0,0
24809.864,0,0
21133.211,0,0
18218.233,0,0
16760.141,0,0
15166.173,0,0
13374.528,0,0
11465.12,0,0
9328.975,0,0
7089.729,1,1
4806.565,1,1
2704.973,1,1
924.613,1,1
0.0,1,1
0.0,1,1
0.0,1,1
0.0,1,1
0.0,1,1
0.0,1,1
0.0,1,1
0.0,1,1
0.0,1,1
0.0,1,1
0.0,1,1
0.0,1,1
0.0,1,1
0.0,1,1
0.0,1,1
0.0,1,1
0.0,1,1
0.0,1,1
1110.602,1,1
6135.048,1,1
9545.672,0,0
11966.856,0,0
15659.588,0,0
19780.168,0,0
23725.354,0,0
27354.279,0,0
30769.703,0,0
34034.463,0,0
37001.014,0,0
39691.213,0,0
42261.256,0,0
44132.242,0,0
45088.302,0,0
45176.311,0,0
44780.816,0,0
44288.625,0,0
43079.362,0,0
41627.536,0,0
40274.926,0,0
38921.529,0,0
38822.166,0,0
39978.433,0,0
41236.046,0,0
42268.717,0,0
42678.692,0,0
42827.102,0,0
42975.857,0,0
43124.96,0,0
43099.413,0,0
42698.957,0,0
42298.5,0,0
41998.043,0,0
41635.871,0,0
40710.136,0,0
39693.879,0,0
38677.806,0,0
38100.0,0,0
38004.11,0,0
37793.51,0,0
37682.818,0,0
37307.507,0,0
35985.189,0,0
34440.212,0,0
32603.445,0,0
30310.432,0,0
27680.998,0,0
24471.026,0,0
19948.911,0,0
16511.487,0,0
15282.829,0,0
14053.31,0,0
12822.931,0,0
13565.284,0,0
16382.722,0,0
19102.436,0,0
21924.43,0,0
23039.251,0,0
23325.442,0,0
23689.972,0,0
23942.575,0,0
22609.755,0,0
19601.324,0,0
17116.038,0,0
13765.447,0,0
10262.121,0,0
7284.242,0,0
4567.332,0,0
3216.577,0,0
361.741,0,0
0.0,1,1
0.0,1,1
0.0,1,1
0.0,1,1
0.0,1,1
0.0,1,1
0.0,1,1
0.0,1,1
0.0,1,1
0.0,1,1
0.0,1,1
0.0,1,1
0.0,1,1
0.0,1,1
0.0,1,1
0.0,1,1
0.0,1,1
0.0,1,1
0.0,1,1
0.0,1,1
0.0,1,1
0.0,1,1
0.0,1,1
0.0,1,1
0.0,0,0
0.0,0,0
0.0,0,0
0.0,0,0
0.0,0,0
0.0,0,0
0.0,0,0
0.0,0,0
0.0,0,0
8399.798,0,0
19828.982,0,0
26117.998,0,0
28142.957,0,0
30071.848,0,0
32105.178,0,0
32228.626,0,0
28875.513,0,0
24468.749,0,0
18121.055,0,0
11061.735,0,0
2621.57,0,0
0.0,0,0
0.0,0,0
0.0,0,0
0.0,0,0
0.0,0,0
0.0,0,0
0.0,0,0
0.0,0,0
707.417,0,0
8745.907,0,0
11017.773,0,0
8827.47,0,0
6535.917,0,0
3966.111,0,0
795.262,0,0
0.0,0,0
0.0,0,0
0.0,0,0
0.0,1,1
4857.629,1,1
14878.815,1,1
22000.115,0,0
25640.847,0,0
26919.932,0,0
28199.296,0,0
29129.102,0,0
29716.18,0,0
29961.725,0,0
30107.45,0,0
30353.357,0,0
31004.48,0,0
31562.507,0,0
32176.037,0,0
32789.772,0,0
33121.199,0,0
33070.123,0,0
33118.988,0,0
33167.794,0,0
33438.457,0,0
33891.495,0,0
34327.899,0,0
34755.328,0,0
34860.995,0,0
34547.755,0,0
33207.776,0,0
31013.692,0,0
28981.401,0,0
27017.059,0,0
25180.827,0,0
23519.233,0,0
21983.423,1,1
20666.735,1,1
18741.666,1,1
15795.524,1,1
11993.727,1,1
6956.367,1,1
5593.816,1,1
8684.095,1,1
10981.031,1,1
12333.132,1,1
14474.77,1,1
17074.611,1,1
20366.217,1,1
24367.557,0,0
25250.195,0,0
23440.171,0,0
21637.077,1,1
19844.84,1,1
19972.919,1,1
21990.938,1,1
23423.179,0,0
24278.824,0,0
23447.683,0,0
20368.898,1,1
17949.567,1,1
16251.525,1,1
17824.585,1,1
22238.779,0,0
26438.609,0,0
29842.424,0,0
30478.763,0,0
28598.648,0,0
28023.837,0,0
28794.504,0,0
30501.961,0,0
32974.412,0,0
34462.417,0,0
34692.918,0,0
35401.55,0,0
36323.216,0,0
38538.823,0,0
40583.164,0,0
41158.054,0,0
41733.499,0,0
41871.231,0,0
41670.834,0,0
41470.436,0,0
41170.038,0,0
40969.441,0,0
40668.645,0,0
40467.848,0,0
40167.052,0,0
40748.75,0,0
41768.177,0,0
42500.063,0,0
43012.482,0,0
42630.698,0,0
41561.034,0,0
40202.697,0,0
38844.203,0,0
38156.694,0,0
38040.483,0,0
37924.531,0,0
37908.837,0,0
37666.801,0,0
37531.265,0,0
37395.729,0,0
37100.0,0,0
36800.0,0,0
36300.0,0,0
35800.0,0,0
35250.551,0,0
34900.0,0,0
34500.0,0,0
34200.0,0,0
33800.0,0,0
33700.0,0,0
33700.0,0,0
33800.0,0,0
33800.0,0,0
34000.0,0,0
34300.0,0,0
34600.0,0,0
34900.0,0,0
35075.323,0,0
35159.945,0,0
35266.04,0,0
35362.279,0,0
34343.063,0,0
31889.039,0,0
30319.453,0,0
30617.489,0,0
31196.96,0,0
31046.934,0,0
30012.238,0,0
28178.896,1,1
26083.529,1,1
23882.342,1,1
23943.409,1,1
26428.568,1,1
29605.192,0,0
32013.663,0,0
32041.803,0,0
28752.31,0,0
25609.195,1,1
22607.295,1,1
20462.122,1,1
19144.415,1,1
16685.124,1,1
13106.829,1,1
12667.632,1,1
15598.435,1,1
17560.683,1,1
18296.03,1,1
19597.081,1,1
21387.444,1,1
22751.796,1,1
24260.903,1,1
25564.14,1,1
27071.528,1,1
29374.341,0,0
32055.214,0,0
32239.727,0,0
30089.494,0,0
27989.071,1,1
26471.785,1,1
26671.519,1,1
28529.269,0,0
29740.706,0,0
30204.728,0,0
30773.252,0,0
31922.288,0,0
33696.219,0,0
36905.487,0,0
39261.802,0,0
40788.555,0,0
42692.149,0,0
44519.438,0,0
45839.343,0,0
46516.149,0,0
46631.861,0,0
45985.886,0,0
45439.627,0,0
44793.085,0,0
44492.427,0,0
44538.077,0,0
44584.011,0,0
44630.229,0,0
44287.509,0,0
43887.298,0,0
43387.088,0,0
42986.877,0,0
42641.283,0,0
42350.36,0,0
42059.509,0,0
41768.73,0,0
40986.676,0,0
39713.125,0,0
37627.192,0,0
35420.818,0,0
33951.584,0,0
33849.728,0,0
33747.871,0,0
33746.012,0,0
33648.35,0,0
33650.848,0,0
33511.533,0,0
33272.434,0,0
33364.653,0,0
33488.353,0,0
33712.486,0,0
33937.054,0,0
33919.111,0,0
33992.344,0,0
33965.637,0,0
34038.99,0,0
34075.634,0,0
34075.523,0,0
34175.411,0,0
34175.299,0,0
34064.88,0,0
33581.065,0,0
33155.533,0,0
32591.64,0,0
31441.761,0,0
29617.539,0,0
28444.713,0,0
27925.481,0,0
25517.466,0,0
19903.207,0,0
15673.105,1,1
14739.632,1,1
13241.097,1,1
9253.274,1,1
5318.074,1,1
2021.829,1,1
895.259,1,1
2583.639,1,1
4725.869,1,1
6872.559,1,1
7909.786,1,1
7669.703,1,1
10505.422,1,1
16348.055,1,1
24134.951,0,0
27034.521,0,0
27525.963,0,0
24078.293,0,0
18291.946,0,0
10397.783,1,1
11413.232,1,1
21042.331,0,0
28519.134,0,0
31038.872,0,0
29583.252,0,0
25668.766,0,0
24378.766,0,0
28598.684,0,0
29791.763,0,0
28080.781,0,0
24358.964,0,0
18645.865,0,0
14426.51,1,1
11036.85,1,1
9940.782,1,1
11241.712,1,1
11733.982,1,1
11422.542,1,1
13299.796,1,1
17949.232,1,1
22935.453,0,0
29116.03,0,0
30962.662,0,0
28658.757,0,0
25568.351,0,0
21249.881,0,0
19951.538,0,0
22461.126,0,0
24402.233,0,0
26115.172,0,0
28670.254,0,0
32268.106,0,0
34130.285,0,0
35975.713,0,0
38013.536,0,0
39892.359,0,0
41401.415,0,0
42500.142,0,0
42937.787,0,0
42747.695,0,0
42557.675,0,0
42367.729,0,0
41704.412,0,0
40667.657,0,0
39530.884,0,0
38494.093,0,0
38095.127,0,0
38100.0,0,0
38000.0,0,0
37900.0,0,0
37700.0,0,0
37300.0,0,0
36900.0,0,0
36600.0,0,0
36200.0,0,0
35900.0,0,0
35500.0,0,0
35200.0,0,0
34900.0,0,0
34800.0,0,0
34800.0,0,0
34700.0,0,0
34600.0,0,0
34700.0,0,0
34700.0,0,0
34800.0,0,0
34822.823,0,0
34263.089,0,0
33902.398,0,0
33531.06,0,0
32890.026,0,0
31361.2,0,0
29187.09,0,0
27072.471,0,0
24760.69,0,0
22180.625,0,0
19646.992,0,0
17335.547,0,0
15280.691,0,0
13236.943,0,0
11302.259,0,0
9337.252,0,0
6596.5,0,0
2945.88,0,0
1252.258,0,0
1757.61,0,0
1889.645,0,0
1127.586,0,0
0.0,1,1
0.0,1,1
0.0,1,1
0.0,1,1
0.0,1,1
0.0,1,1
0.0,1,1
0.0,1,1
0.0,1,1
0.0,1,1
0.0,1,1
0.0,1,1
0.0,1,1
0.0,1,1
0.0,1,1
0.0,1,1
0.0,1,1
0.0,1,1
0.0,1,1
0.0,1,1
0.0,1,1
3438.018,0,0
8478.188,0,0
13110.046,0,0
18696.017,0,0
24127.317,0,0
27272.033,0,0
29177.404,0,0
31562.768,0,0
33738.238,0,0
35047.134,0,0
35992.875,0,0
36223.154,0,0
35643.416,0,0
31416.099,0,0
21664.731,0,0
8933.623,0,0
0.0,1,1
0.0,1,1
3880.951,0,0
14385.285,0,0
23629.421,0,0
27441.402,0,0
28233.1,0,0
29026.767,0,0
29722.41,0,0
26539.061,0,0
18733.517,0,0
8867.08,0,0
0.0,1,0
0.0,0,0
6463.181,0,0
14807.558,0,0
21114.485,0,0
23051.773,0,0
21242.728,0,0
19331.968,0,0
17519.489,0,0
16868.418,0,0
17580.807,0,0
18194.215,0,0
18808.642,0,0
20207.027,0,0
22390.403,0,0
23730.231,0,0
24847.907,0,0
25304.698,0,0
25099.604,0,0
24894.504,0,0
24689.399,0,0
26006.189,0,0
28540.447,0,0
30619.789,0,0
32298.43,0,0
32587.43,0,0
30502.584,0,0
28272.045,0,0
26030.778,0,0
24682.723,0,0
24313.327,0,0
24095.798,0,0
24113.808,0,0
23613.187,0,0
22824.165,0,0
21056.438,0,0
18054.362,0,0
15933.234,0,0
14233.606,0,0
13669.362,0,0
14230.827,0,0
13521.763,0,0
11343.913,1,1
9096.365,1,1
7002.092,1,1
4457.125,1,1
2059.813,1,1
0.0,1,1
0.0,1,1
0.0,1,1
0.0,1,1
0.0,1,1
0.0,1,1
0.0,1,1
0.0,1,1
0.0,1,1
0.0,1,1
0.0,1,1
0.0,1,1
0.0,1,1
4270.414,1,1
8049.015,1,1
11027.156,1,1
11568.025,0,1
10241.523,1,1
9738.46,1,1
10222.358,1,1
11545.551,0,0
13633.549,0,0
15491.912,0,0
17702.761,0,0
21944.787,0,0
26995.294,0,0
31044.059,0,0
32888.203,0,0
33659.034,0,0
34373.077,0,0
36510.723,0,0
39833.111,0,0
42249.065,0,0
44049.709,0,0
44576.386,0,0
44625.141,0,0
44674.242,0,0
44723.691,0,0
44347.78,0,0
43445.636,0,0
42642.675,0,0
41522.459,0,0
40735.758,0,0
40259.199,0,0
39782.316,0,0
39305.111,0,0
38384.78,0,0
37020.842,0,0
35453.576,0,0
33734.624,0,0
33869.28,0,0
35406.785,0,0
36543.542,0,0
36937.926,0,0
37076.712,0,0
37153.087,0,0
37229.639,0,0
37258.018,0,0
36957.768,0,0
36528.711,0,0
35951.132,0,0
35473.404,0,0
34729.296,0,0
33718.382,0,0
32706.752,0,0
31575.259,0,0
30333.826,0,0
29260.676,0,0
28186.541,0,0
26957.845,0,0
26479.219,0,0
26954.832,0,0
27430.826,0,0
27782.451,0,0
27881.524,0,0
27172.952,0,0
25913.908,0,0
24725.751,0,0
24529.492,0,0
24972.381,0,0
25068.762,0,0
24821.926,0,0
22739.409,0,0
19489.271,0,0
16039.921,0,0
11865.892,0,0
6420.807,0,0
0.0,1,1
0.0,1,1
0.0,1,1
0.0,1,1
0.0,1,1
0.0,1,1
0.0,1,1
0.0,1,1
0.0,1,1
0.0,1,1
0.0,1,1
0.0,1,1
0.0,1,1
0.0,1,1
0.0,1,1
0.0,1,1
0.0,1,1
0.0,1,1
0.0,1,1
0.0,1,1
0.0,1,1
0.0,1,1
0.0,1,1
0.0,1,1
0.0,0,0
0.0,0,0
0.0,0,0
0.0,0,0
0.0,0,0
0.0,0,0
0.0,0,0
0.0,0,0
0.0,0,0
0.0,0,0
0.0,0,0
0.0,0,0
0.0,0,0
0.0,0,0
0.0,0,0
0.0,0,0
0.0,0,0
0.0,0,0
0.0,0,0
0.0,0,0
0.0,0,0
457.882,0,0
8023.571,0,0
14668.832,0,0
21657.741,0,0
26667.15,0,0
31551.939,0,0
31839.144,0,0
28179.608,0,0
24230.492,0,0
20113.06,0,0
18613.008,0,0
20846.129,0,0
22579.591,0,0
24215.097,0,0
24430.0,0,0
23022.76,0,0
21615.513,0,0
20108.261,0,0
16496.695,0,0
9564.226,1,1
1436.989,1,1
0.0,1,1
0.0,1,1
0.0,1,1
0.0,1,1
0.0,1,1
0.0,1,1
0.0,1,1
0.0,1,1
0.0,1,1
0.0,1,1
0.0,1,1
0.0,1,1
1854.283,1,1
10241.956,1,1
14834.46,0,0
19400.626,0,0
22503.493,0,0
23940.212,0,0
23758.32,0,0
23231.469,0,0
22579.503,0,0
22721.829,0,0
23341.866,0,0
23305.919,0,0
22861.56,0,0
22289.085,0,0
20778.251,0,0
20054.079,0,0
20375.409,0,0
20747.883,0,0
21428.61,0,0
20265.986,0,0
16670.792,0,0
11298.009,1,1
4294.656,1,1
3874.874,1,1
10912.422,1,1
18916.355,0,0
24040.743,0,0
24879.557,0,0
24400.47,0,0
24974.701,0,0
26605.036,0,0
26503.185,0,0
20640.901,0,0
10466.847,1,1
1113.171,1,1
817.669,1,1
9335.771,1,1
15989.504,0,0
20731.487,0,0
23052.527,0,0
22980.674,0,0
24298.449,0,0
26116.969,0,0
26546.707,0,0
23722.411,0,0
18981.576,0,0
15705.932,0,0
17311.884,0,0
23010.14,0,0
27489.495,0,0
30773.878,0,0
32862.03,0,0
34381.166,0,0
35774.677,0,0
37049.159,0,0
38376.242,0,0
38858.73,0,0
40160.5,0,0
40856.675,0,0
39831.284,0,0
38872.481,0,0
37639.484,0,0
36198.493,0,0
34202.807,0,0
32305.419,0,0
31818.225,0,0
32743.207,0,0
33669.13,0,0
34595.996,0,0
34209.733,0,0
32408.35,0,0
30605.256,0,0
28782.425,0,0
27893.279,0,0
28955.862,0,0
29595.822,0,0
30236.572,0,0
30666.913,0,0
30787.25,0,0
30857.162,0,0
30624.019,0,0
30298.866,0,0
29680.758,0,0
29062.369,0,0
28443.698,0,0
28349.37,0,0
28680.122,0,0
29111.576,0,0
29543.732,0,0
29767.927,0,0
29879.509,0,0
29846.072,0,0
29912.861,0,0
29577.648,0,0
28969.345,0,0
28131.114,0,0
27292.172,0,0
28018.123,0,0
30106.023,0,0
31749.05,0,0
32954.537,0,0
33504.816,0,0
33678.792,0,0
33668.593,0,0
33641.923,0,0
33396.029,0,0
32934.838,0,0
31459.471,0,0
29141.123,0,0
25976.343,0,0
21576.409,1,1
20580.485,1,1
23707.069,1,1
26865.555,0,0
29315.691,0,0
28054.179,0,0
23096.912,1,1
18567.39,1,1
14529.956,1,1
12844.016,1,1
13603.35,1,1
13120.774,1,1
11571.342,1,1
13312.605,1,1
18451.465,1,1
24512.777,1,1
30694.662,0,0
30936.269,0,0
25748.885,0,0
21231.561,1,1
17874.329,1,1
16560.195,1,1
17283.109,1,1
16534.755,1,1
14426.669,1,1
15008.397,1,1
18245.509,1,1
21447.711,1,1
24415.844,1,1
25550.019,0,0
25158.406,0,0
25099.092,1,0
25363.122,0,0
26267.603,0,0
27994.757,0,0
29765.535,0,0
29610.887,0,0
31219.288,0,0
32548.67,0,0
33314.224,0,0
34223.354,0,0
36581.315,0,0
39054.674,0,0
40665.203,0,0
41534.75,0,0
42194.903,0,0
42357.374,0,0
42110.571,0,0
41985.206,0,0
41859.866,0,0
41734.551,0,0
41590.573,0,0
41427.921,0,0
41365.282,0,0
41202.656,0,0
40865.237,0,0
40452.987,0,0
39940.698,0,0
39428.372,0,0
39128.272,0,0
38940.47,0,0
38852.725,0,0
38665.037,0,0
38158.674,0,0
37300.0,0,0
36300.0,0,0
35400.0,0,0
34800.0,0,0
34700.0,0,0
34500.0,0,0
34400.0,0,0
34000.0,0,0
33500.0,0,0
33000.0,0,0
32500.0,0,0
32100.0,0,0
31800.0,0,0
31500.0,0,0
31200.0,0,0
31100.0,0,0
31000.0,0,0
31000.0,0,0
31000.0,0,0
31200.0,0,0
31500.0,0,0
31800.0,0,0
32100.0,0,0
32500.0,0,0
33016.162,0,0
33433.792,0,0
33845.13,0,0
33742.532,0,0
33110.09,0,0
31681.4,0,0
29433.167,0,0
26746.975,0,0
23439.827,0,0
20253.503,0,0
17400.524,0,0
13896.903,0,0
9783.999,0,0
7621.767,1,0
8002.122,0,0
7947.409,1,1
7540.291,1,1
7318.124,1,1
7105.936,1,1
7493.896,1,1
8351.254,0,1
7195.123,1,1
3837.805,1,1
434.936,1,1
0.0,1,1
0.0,1,1
0.0,1,1
996.003,1,1
2278.941,1,1
1852.244,1,1
0.0,1,1
0.0,1,1
0.0,1,1
0.0,1,1
0.0,1,1
31.615,1,1
2219.994,1,1
4856.743,1,1
7784.539,1,1
10602.802,0,0
13070.715,0,0
15832.497,0,0
19040.108,0,0
22654.704,0,0
26457.682,0,0
28292.354,0,0
29303.286,0,0
30834.7,0,0
33312.864,0,0
36912.047,0,0
39347.047,0,0
40581.534,0,0
41545.852,0,0
42339.835,0,0
42600.0,0,0
42400.0,0,0
42200.0,0,0
42000.0,0,0
41800.0,0,0
41600.0,0,0
41222.581,0,0
40727.918,0,0
39694.742,0,0
38998.556,0,0
39213.615,0,0
39207.302,0,0
38936.263,0,0
38756.129,0,0
38566.873,0,0
38377.71,0,0
38000.0,0,0
37400.0,0,0
36600.0,0,0
35612.859,0,0
34620.185,0,0
34073.756,0,0
33973.642,0,0
33873.528,0,0
33673.414,0,0
33464.004,0,0
33145.281,0,0
32826.536,0,0
32507.768,0,0
32235.533,0,0
32009.903,0,0
31784.349,0,0
31558.869,0,0
31396.157,0,0
31296.154,0,0
31196.152,0,0
30996.15,0,0
30958.751,0,0
30983.899,0,0
31008.971,0,0
30933.967,0,0
31133.933,0,0
30953.128,0,0
30246.363,0,0
29511.394,0,0
29139.142,0,0
27934.281,0,0
24781.759,0,0
22628.317,0,0
20954.613,0,0
18755.245,0,0
17077.083,0,0
15910.03,0,0
15248.022,0,0
15226.199,0,0
15015.962,0,0
14585.315,1,1
14027.391,1,1
13600.812,1,1
12789.884,1,1
11519.717,1,1
10416.55,1,1
9645.215,1,1
7896.624,1,1
5235.912,1,1
1834.59,1,1
0.0,1,1
0.0,1,1
1432.093,1,1
4250.766,1,1
5886.661,1,1
7570.51,1,1
9439.06,1,1
11538.42,1,1
13878.206,1,1
14183.801,1,1
12662.152,1,1
10941.043,1,1
9042.744,1,1
10990.033,1,1
16294.709,0,0
22007.447,0,0
25653.06,0,0
26828.81,0,0
26501.109,0,0
26045.902,0,0
26852.614,0,0
28371.726,0,0
30723.166,0,0
32540.49,0,0
34499.53,0,0
37494.915,0,0
39556.074,0,0
40938.815,0,0
41966.071,0,0
42268.255,0,0
42300.0,0,0
42100.0,0,0
41800.0,0,0
41400.0,0,0
41100.0,0,0
40800.0,0,0
40600.0,0,0
40400.0,0,0
40200.0,0,0
40000.0,0,0
40000.0,0,0
39900.0,0,0
39800.0,0,0
39600.0,0,0
39300.0,0,0
38900.0,0,0
38600.0,0,0
38000.0,0,0
37100.0,0,0
36200.0,0,0
35400.0,0,0
34886.848,0,0
34768.206,0,0
34649.549,0,0
34530.876,0,0
34302.857,0,0
33965.481,0,0
33528.074,0,0
33190.635,0,0
32955.965,0,0
32900.0,0,0
32600.0,0,0
32400.0,0,0
32200.0,0,0
32100.0,0,0
32000.0,0,0
31900.0,0,0
31800.0,0,0
31736.598,0,0
31529.984,0,0
31265.887,0,0
31276.176,0,0
31511.022,0,0
31098.724,0,0
30763.4,0,0
29894.458,0,0
28407.278,0,0
26452.916,0,0
23583.434,0,0
20317.974,0,0
16434.274,1,1
14195.414,1,1
14525.051,1,1
16659.158,1,1
19397.823,0,0
20656.743,0,0
21558.839,0,0
22057.451,0,0
22162.817,0,0
21052.283,0,0
17462.07,1,1
12780.156,1,1
8428.096,1,1
4485.755,1,1
201.178,1,1
0.0,1,1
0.0,1,1
0.0,1,1
264.05,1,1
1933.146,1,1
2567.331,1,1
3215.883,1,1
4033.217,1,1
3579.455,1,1
2103.164,1,1
4013.438,1,1
8995.451,1,1
12858.784,1,1
15280.446,1,1
17551.525,0,0
19807.34,0,0
24054.779,0,0
28680.011,0,0
31095.919,0,0
31868.734,0,0
32262.58,0,0
32276.368,0,0
32254.433,0,0
32666.663,0,0
33519.235,0,0
35323.929,0,0
37138.322,0,0
38398.31,0,0
39728.021,0,0
40904.578,0,0
41891.71,0,0
42289.835,0,0
42166.102,0,0
41942.597,0,0
41819.241,0,0
41596.032,0,0
41395.577,0,0
41017.674,0,0
40739.652,0,0
40461.509,0,0
40260.924,0,0
40238.076,0,0
40215.347,0,0
40192.738,0,0
39002.747,0,0
36176.137,0,0
32744.401,0,0
28167.043,0,0
23907.424,0,0
21383.678,0,0
18758.476,0,0
16131.817,1,0
13662.703,0,0
10340.541,0,0
6875.01,0,0
3408.341,0,0
3921.975,0,0
8318.591,0,0
12406.944,0,0
15444.638,0,0
18411.861,0,0
21172.664,0,0
22584.402,0,0
23997.009,0,0
24371.23,0,0
23506.122,0,0
22740.625,0,0
21974.739,0,0
22921.526,0,0
25682.37,0,0
27776.573,0,0
29766.664,0,0
30538.863,0,0
30553.306,0,0
30021.505,0,0
29564.96,0,0
28503.514,0,0
26452.149,0,0
24062.835,0,0
20833.556,0,0
17978.198,0,0
15954.614,0,0
14155.245,0,0
12187.743,0,0
8561.312,0,0
3537.087,0,0
0.0,1,1
0.0,1,1
0.0,1,1
0.0,1,1
0.0,1,1
0.0,1,1
0.0,1,1
0.0,1,1
0.0,1,1
0.0,1,1
0.0,1,1
0.0,1,1
0.0,1,1
0.0,1,1
0.0,1,1
0.0,1,1
0.0,1,1
0.0,1,1
0.0,1,1
0.0,1,1
0.0,1,1
0.0,1,1
0.0,1,1
0.0,1,1
0.0,0,0
0.0,0,0
0.0,0,0
0.0,0,0
0.0,0,0
0.0,0,0
0.0,0,0
0.0,0,0
0.0,0,0
0.0,0,0
0.0,0,0
0.0,0,0
0.0,0,0
0.0,0,0
0.0,0,0
0.0,0,0
0.0,0,0
0.0,0,0
0.0,0,0
0.0,0,0
0.0,0,0
651.21,0,0
428.013,0,0
0.0,0,0
0.0,0,0
0.0,0,0
0.0,0,0
1424.678,0,0
6190.818,0,0
10237.858,0,0
11681.297,0,0
10217.223,0,0
8852.183,0,0
7486.174,0,0
6294.303,0,0
5277.284,0,0
4160.247,0,0
3143.194,0,0
0.0,1,1
0.0,1,1
0.0,1,1
0.0,1,1
0.0,1,1
0.0,1,1
0.0,1,1
0.0,1,1
0.0,1,1
0.0,1,1
0.0,1,1
0.0,1,1
0.0,1,1
0.0,1,1
0.0,1,1
0.0,1,1
0.0,1,1
0.0,1,1
0.0,1,1
0.0,1,1
0.0,1,1
0.0,1,1
0.0,1,1
0.0,1,1
0.0,0,0
0.0,0,0
0.0,0,0
0.0,0,0
0.0,0,0
0.0,0,0
0.0,0,0
0.0,0,0
0.0,0,0
0.0,0,0
0.0,0,0
0.0,0,0
0.0,0,0
0.0,0,0
0.0,0,0
0.0,0,0
0.0,0,0
0.0,0,0
0.0,0,0
0.0,0,0
0.0,0,0
0.0,0,0
0.0,0,0
0.0,0,0
0.0,0,0
0.0,0,0
0.0,0,0
0.0,0,0
0.0,0,0
0.0,0,0
0.0,0,0
0.0,0,0
0.0,0,0
0.0,0,0
0.0,0,0
0.0,0,0
0.0,0,0
184.445,0,0
7410.645,0,0
13025.123,0,0
16911.112,0,0
18639.534,0,0
19134.91,0,0
18882.6,0,0
21615.636,0,0
27332.103,0,0
31357.252,0,0
34713.765,0,0
37698.466,0,0
39371.925,0,0
40073.32,0,0
40695.049,0,0
40393.645,0,0
39268.284,0,0
38142.647,0,0
37116.735,0,0
36746.862,0,0
37333.409,0,0
37820.185,0,0
38307.191,0,0
39138.436,0,0
40089.01,0,0
40771.538,0,0
41454.361,0,0
41707.397,0,0
41566.567,0,0
41400.0,0,0
41000.0,0,0
40200.0,0,0
38800.0,0,0
37400.0,0,0
36100.0,0,0
35300.0,0,0
35100.0,0,0
35000.0,0,0
34800.0,0,0
34600.0,0,0
34300.0,0,0
34100.0,0,0
33800.0,0,0
33600.0,0,0
33400.0,0,0
33200.0,0,0
33000.0,0,0
32800.0,0,0
32700.0,0,0
32600.0,0,0
32500.0,0,0
32294.152,0,0
32090.074,0,0
31885.961,0,0
31065.469,0,0
30690.155,0,0
30527.572,0,0
30031.981,0,0
29416.719,0,0
28521.68,0,0
26838.064,0,0
25618.967,0,0
25451.557,0,0
25024.625,0,0
23839.646,0,0
21722.403,0,0
17181.984,1,1
11608.361,1,1
6906.421,1,1
6136.807,1,1
10501.419,1,1
12614.424,1,1
12475.075,1,1
13596.043,1,1
15370.027,1,1
20143.641,0,0
25924.772,0,0
28162.368,0,0
27487.399,0,0
27318.932,0,0
27931.845,0,0
26981.233,0,0
23497.363,0,0
18543.098,1,1
13449.661,1,1
12690.095,1,1
16327.796,1,1
18072.953,1,1
17722.019,1,1
20216.262,0,0
25566.674,0,0
30481.692,0,0
34690.957,0,0
35614.757,0,0
33827.161,0,0
33521.944,0,0
34978.369,0,0
35821.54,0,0
35949.838,0,0
35901.068,0,0
35575.18,0,0
35220.483,0,0
34743.285,0,0
34065.014,0,0
33136.175,0,0
33082.471,0,0
33695.388,0,0
33445.213,0,0
31194.961,0,0
28450.035,0,0
22972.058,0,0
19789.555,0,0
19487.79,0,0
19186.025,0,0
18884.259,1,1
18174.32,1,1
17056.08,1,1
15739.617,1,1
14318.405,1,1
14924.915,1,1
17354.11,1,1
19284.536,0,0
21215.639,0,0
22030.729,0,0
21729.298,0,0
21527.867,0,0
21226.436,0,0
20525.005,0,0
19423.573,0,0
18422.141,1,1
17320.709,1,1
15021.754,0,0
11424.427,0,0
6787.914,0,0
1843.487,0,0
117.382,0,0
1711.021,0,0
3304.977,0,0
4799.249,0,0
3547.375,0,0
0.0,1,1
0.0,1,1
0.0,1,1
0.0,1,1
0.0,1,1
0.0,1,1
0.0,1,1
0.0,1,1
0.0,1,1
0.0,1,1
0.0,1,1
0.0,1,1
0.0,1,1
0.0,1,1
0.0,1,1
0.0,1,1
0.0,1,1
0.0,1,1
0.0,1,1
0.0,1,1
0.0,1,1
0.0,1,1
0.0,1,1
0.0,1,1
0.0,0,0
0.0,0,0
0.0,0,0
0.0,0,0
0.0,0,0
0.0,0,0
0.0,0,0
0.0,0,0
0.0,0,0
0.0,0,0
0.0,0,0
0.0,0,0
1877.761,0,0
2214.905,0,0
0.0,0,0
0.0,0,0
0.0,0,0
0.0,0,0
0.0,0,0
0.0,0,0
2848.456,0,0
1912.468,0,0
0.0,0,0
380.357,0,0
4717.547,0,0
8182.016,0,0
8314.029,0,0
7231.462,0,0
6659.009,0,0
7826.729,0,0
10733.256,0,0
11223.61,0,0
9396.788,0,0
7798.627,0,0
6384.14,0,0
10590.549,0,0
20060.656,0,0
26552.859,0,0
31424.15,0,0
34192.699,0,0
34300.219,0,0
33046.468,0,0
31642.796,0,0
30703.087,0,0
30128.124,0,0
29552.913,0,0
28877.454,0,0
28208.747,0,0
27546.7,0,0
26766.514,0,0
25552.185,0,0
19689.504,0,0
6540.972,0,0
0.0,0,0
0.0,0,0
0.0,0,0
0.0,0,0
0.0,0,0
0.0,0,0
0.0,0,0
0.0,0,0
0.0,0,0
0.0,0,0
0.0,1,1
0.0,1,1
0.0,1,1
6293.153,0,0
12541.754,0,0
14745.737,0,0
17051.521,0,0
18846.533,0,0
19192.643,0,0
18888.806,0,0
18484.966,0,0
18181.124,0,0
18640.677,0,0
19764.188,0,0
20988.45,0,0
22113.463,0,0
22028.852,0,0
20633.203,0,0
19136.421,0,0
17720.533,0,0
17778.45,0,0
19696.409,0,0
21243.401,0,0
22777.6,0,0
22950.428,0,0
21856.086,0,0
20038.017,0,0
17473.849,0,0
13131.799,0,0
5215.931,0,0
0.0,1,1
0.0,1,1
0.0,1,1
796.013,0,0
5607.579,0,0
6199.341,0,0
3616.858,0,0
0.0,1,1
0.0,1,1
0.0,1,1
0.0,1,1
0.0,1,1
0.0,1,1
0.0,1,1
0.0,1,1
0.0,1,1
0.0,1,1
0.0,1,1
0.0,1,1
0.0,1,1
0.0,1,1
0.0,1,1
0.0,1,1
0.0,1,1
0.0,1,1
0.0,0,0
0.0,0,0
0.0,0,0
0.0,0,0
0.0,0,0
0.0,0,0
0.0,0,0
0.0,0,0
1641.046,0,0
5627.129,0,0
8065.828,0,0
9703.705,0,0
11074.09,0,0
12907.281,0,0
15140.117,0,0
16915.452,0,0
18045.665,0,0
20534.361,0,0
23262.593,0,0
24994.924,0,0
26662.387,0,0
25952.146,0,0
23061.428,0,0
20168.934,0,0
16812.662,0,0
12851.866,0,0
8888.585,0,0
4922.816,0,0
582.015,0,0
1020.482,0,0
6102.173,0,0
10761.557,0,0
15424.356,0,0
18246.963,0,0
20636.651,0,0
23028.12,0,0
24911.516,0,0
24687.306,0,0
22932.462,0,0
20540.253,0,0
18046.921,0,0
16290.277,1,1
15170.656,1,1
14150.357,1,1
13029.38,1,1
14007.233,1,1
17085.687,1,1
20108.051,1,1
21676.68,1,1
22309.683,1,1
22006.357,1,1
21803.029,1,1
21499.699,1,1
22615.027,1,1
24699.26,1,1
26281.287,0,0
27910.949,0,0
28482.553,0,0
28481.712,0,0
28580.871,0,0
28580.03,0,0
28779.714,0,0
28897.821,0,0
28918.855,0,0
28933.473,0,0
29103.322,0,0
29513.21,0,0
30097.374,0,0
30545.519,0,0
30764.205,0,0
30750.911,0,0
31375.639,0,0
32537.194,0,0
33842.773,0,0
35385.493,0,0
36163.807,0,0
35701.799,0,0
35344.548,0,0
34991.811,0,0
33768.047,0,0
31433.421,0,0
29708.261,0,0
28775.81,0,0
27718.424,0,0
26738.737,0,0
25562.916,1,1
24392.75,1,1
24313.63,1,1
25465.484,1,1
25987.441,0,1
25980.959,1,1
25931.702,1,1
25741.725,1,1
25202.545,1,1
24129.738,1,1
25718.908,1,1
30137.02,0,0
34273.161,0,0
38055.228,0,0
38954.36,0,0
36800.293,0,0
35061.826,0,0
33646.479,0,0
33774.085,0,0
35344.934,0,0
36859.453,0,0
38315.88,0,0
39191.05,0,0
39332.266,0,0
39146.423,0,0
38737.869,0,0
39087.188,0,0
40183.064,0,0
41717.976,0,0
42600.0,0,0
42400.0,0,0
42300.0,0,0
42000.0,0,0
41700.0,0,0
41300.0,0,0
41000.0,0,0
40700.0,0,0
40600.0,0,0
40400.0,0,0
40300.0,0,0
40100.0,0,0
40000.0,0,0
39900.0,0,0
39700.0,0,0
39500.0,0,0
39100.0,0,0
38700.0,0,0
38300.0,0,0
37700.0,0,0
36900.0,0,0
36100.0,0,0
35300.0,0,0
35000.0,0,0
34739.67,0,0
34537.065,0,0
34278.233,0,0
32847.919,0,0
30860.079,0,0
28131.129,0,0
25099.796,0,0
23295.288,0,0
23369.823,0,0
23544.359,0,0
23618.894,0,0
23793.43,0,0
24067.965,0,0
24242.501,0,0
24492.659,0,0
23861.273,0,0
22175.001,0,0
20588.448,0,0
18983.731,0,0
15527.5,0,0
11428.92,1,1
6520.8,1,1
521.023,1,1
0.0,1,1
1356.527,1,1
3598.493,1,1
7052.098,1,1
11548.043,1,1
14859.199,0,0
17762.641,0,0
20236.221,0,0
20547.63,0,0
19075.941,0,0
19240.82,0,0
20489.854,0,0
23070.982,0,0
26953.536,0,0
27764.381,0,0
25584.979,0,0
22960.526,0,0
19997.859,0,0
17527.321,0,0
15356.986,0,0
12671.306,0,0
9263.665,1,1
7862.689,1,1
8061.558,1,1
7267.54,1,1
5922.078,1,1
6140.465,1,1
8020.537,1,1
8025.936,1,1
6363.096,1,1
6631.301,1,1
8492.762,1,1
12250.59,0,0
14134.387,0,0
12052.055,1,1
6663.106,1,1
650.151,1,1
0.0,1,1
2318.998,1,1
12987.828,0,0
20306.168,0,0
24409.571,0,0
26887.908,0,0
28040.886,0,0
31148.464,0,0
33667.26,0,0
35034.678,0,0
36494.281,0,0
36032.048,0,0
33918.512,0,0
31861.643,0,0
28630.506,0,0
27989.885,0,0
30680.318,0,0
32051.385,0,0
33523.28,0,0
34524.106,0,0
35304.259,0,0
35784.047,0,0
36264.061,0,0
36948.455,0,0
37837.467,0,0
38551.665,0,0
38950.631,0,0
39306.204,0,0
39618.352,0,0
39610.058,0,0
39338.388,0,0
38730.073,0,0
37785.084,0,0
36840.122,0,0
35895.188,0,0
35387.028,0,0
35300.0,0,0
35200.0,0,0
35100.0,0,0
34900.0,0,0
34500.0,0,0
34100.0,0,0
33700.0,0,0
33331.773,0,0
33002.855,0,0
32673.872,0,0
32344.826,0,0
32021.881,0,0
31569.977,0,0
31117.898,0,0
30665.642,0,0
30225.204,0,0
29696.518,0,0
29267.568,0,0
28471.928,0,0
27816.388,0,0
27237.649,0,0
26333.101,0,0
25414.508,0,0
24256.2,0,0
22594.556,0,0
21491.099,0,0
20959.789,0,0
21887.858,0,0
24022.092,0,0
26112.465,0,0
28609.514,0,0
30335.803,0,0
31973.686,0,0
32108.425,0,0
30816.644,0,0
29644.734,0,0
28803.829,0,0
29169.609,0,0
30346.507,0,0
30703.381,0,0
30043.258,0,0
29544.863,0,0
29843.792,0,0
30937.276,0,0
33150.713,0,0
32952.28,0,0
30531.119,0,0
27900.242,0,0
25367.856,0,0
24391.569,0,0
25076.715,0,0
25237.726,0,0
24969.483,0,0
23178.371,0,0
20100.973,0,0
16334.198,1,1
11757.982,1,1
11071.576,1,1
14051.91,1,1
17424.153,1,1
20481.305,0,0
21856.711,0,0
20788.105,0,0
18525.731,0,0
16476.0,1,0
18537.342,0,0
23049.566,0,0
24634.759,0,0
23943.758,0,0
21489.025,0,0
16221.653,1,1
12342.606,1,1
9649.047,1,1
6725.748,1,1
3072.934,1,1
305.811,1,1
0.0,1,1
0.0,1,1
0.0,1,1
0.0,1,1
0.0,1,1
3025.675,1,1
6439.542,1,1
8452.133,1,1
9188.969,1,1
9826.116,1,1
10563.574,1,1
13185.808,1,1
17557.034,0,0
20629.886,0,0
23804.419,0,0
26609.843,0,0
27750.278,0,0
28891.83,0,0
29658.65,0,0
30083.891,0,0
30393.708,0,0
30703.66,0,0
31013.749,0,0
30370.499,0,0
28973.396,0,0
27475.744,0,0
25851.042,0,0
24143.487,0,0
22628.96,0,0
21113.775,1,1
19428.408,1,1
18886.394,1,1
19943.526,1,1
20779.756,1,1
21516.298,1,1
21883.433,0,0
21980.926,0,0
22078.417,0,0
22175.908,0,0
22274.652,0,0
22574.652,0,0
22748.755,0,0
22959.011,0,0
22848.808,0,0
22603.091,0,0
21942.27,0,0
21057.239,1,1
20847.647,1,1
21223.306,1,1
21041.36,1,1
20393.414,1,1
20072.037,1,1
20203.198,1,1
19821.268,1,1
18929.547,1,1
15879.024,1,1
10535.072,1,1
8896.776,1,1
11146.131,1,1
12807.107,1,1
13365.941,1,1
15583.856,1,1
18866.756,1,1
21432.25,1,1
23388.859,0,0
25386.845,0,0
27416.553,0,0
29745.931,0,0
31885.109,0,0
32636.914,0,0
32216.621,0,0
31458.636,0,0
30784.06,0,0
31165.114,0,0
32794.983,0,0
34203.008,0,0
35390.881,0,0
35472.994,0,0
34193.807,0,0
34211.365,0,0
35652.904,0,0
35837.553,0,0
34820.054,0,0
33376.247,0,0
31489.317,0,0
32812.468,0,0
36788.153,0,0
39576.176,0,0
41373.186,0,0
42372.981,0,0
42606.001,0,0
42587.014,0,0
42561.826,0,0
42536.724,0,0
42463.883,0,0
42263.794,0,0
41836.394,0,0
41461.13,0,0
40985.838,0,0
40698.135,0,0
40498.043,0,0
40297.952,0,0
40197.86,0,0
39647.177,0,0
38745.815,0,0
37844.336,0,0
36726.535,0,0
36252.853,0,0
36499.3,0,0
36668.004,0,0
36718.548,0,0
36193.737,0,0
35193.529,0,0
34093.321,0,0
33093.113,0,0
31922.753,0,0
30198.099,0,0
28320.096,0,0
26139.839,0,0
24537.664,0,0
23763.751,0,0
22989.838,0,0
22315.925,0,0
21261.08,0,0
20107.339,0,0
18215.453,0,0
16223.287,0,0
13486.072,1,1
10004.022,1,1
5487.801,1,1
766.344,1,1
0.0,1,1
0.0,1,1
0.0,1,1
0.0,1,1
0.0,1,1
0.0,1,1
0.0,1,1
0.0,1,1
0.0,1,1
0.0,1,1
0.0,1,1
3749.252,1,1
6580.114,1,1
9453.056,1,1
12267.651,1,1
14819.935,0,0
16780.669,0,0
18275.828,0,0
18431.195,0,0
17248.591,0,0
14718.562,0,0
10641.415,1,1
11281.709,1,1
16736.472,0,0
22898.051,0,0
29201.748,0,0
30727.725,0,0
27681.332,0,0
25224.633,0,0
23346.059,0,0
21534.465,0,0
18713.117,0,0
16039.493,0,0
14450.384,0,0
14160.269,1,0
14691.485,0,0
14188.152,0,0
11982.592,1,1
12628.945,1,1
15955.02,0,0
18217.272,0,0
19466.576,0,0
21513.858,0,0
24302.837,0,0
27484.044,0,0
30185.337,0,0
31566.713,0,0
32360.319,0,0
33176.726,0,0
33904.755,0,0
35496.36,0,0
37842.873,0,0
39953.674,0,0
41977.919,0,0
43096.723,0,0
43446.978,0,0
43500.0,0,0
43300.0,0,0
43100.0,0,0
42900.0,0,0
42600.0,0,0
42400.0,0,0
42100.0,0,0
41800.0,0,0
41600.0,0,0
41400.0,0,0
41200.0,0,0
41100.0,0,0
40900.0,0,0
40700.0,0,0
40600.0,0,0
40400.0,0,0
40200.0,0,0
39900.0,0,0
39600.0,0,0
39300.0,0,0
38700.0,0,0
37900.0,0,0
37100.0,0,0
36300.0,0,0
35800.0,0,0
35600.0,0,0
35500.0,0,0
35400.0,0,0
35000.0,0,0
34500.0,0,0
34000.0,0,0
33500.0,0,0
33100.0,0,0
32800.0,0,0
32500.0,0,0
32200.0,0,0
32100.0,0,0
32100.0,0,0
32100.0,0,0
32200.0,0,0
32300.0,0,0
32600.0,0,0
32800.0,0,0
33100.0,0,0
33500.0,0,0
33816.957,0,0
33803.693,0,0
33671.038,0,0
32741.192,0,0
30682.776,0,0
28387.77,0,0
25907.155,0,0
23698.786,0,0
22302.36,0,0
20912.715,0,0
19047.178,0,0
17675.62,0,0
17131.148,0,0
15154.999,0,0
11181.05,0,0
6776.762,1,1
2285.825,1,1
0.0,1,1
0.0,1,1
0.0,1,1
0.0,1,1
0.0,1,1
0.0,1,1
0.0,1,1
0.0,1,1
254.019,1,1
0.0,1,1
0.0,1,1
0.0,1,1
0.0,1,1
0.0,1,1
0.0,1,1
0.0,1,1
0.0,1,1
0.0,1,1
220.638,1,1
2984.257,1,1
5777.158,1,1
8681.882,1,1
12055.841,0,0
15761.176,0,0
17764.937,0,0
18912.151,0,0
20590.689,0,0
22927.165,0,0
26793.655,0,0
30876.872,0,0
33804.065,0,0
35875.974,0,0
38969.805,0,0
42696.275,0,0
44169.865,0,0
43961.355,0,0
43652.702,0,0
43443.908,0,0
43232.047,0,0
42586.185,0,0
42040.04,0,0
41493.612,0,0
41422.784,0,0
41828.069,0,0
42015.419,0,0
41942.317,0,0
41614.827,0,0
41232.896,0,0
40850.978,0,0
40469.071,0,0
40023.543,0,0
39514.332,0,0
39105.049,0,0
38468.613,0,0
37420.934,0,0
36246.785,0,0
35172.523,0,0
33998.145,0,0
32962.755,0,0
31966.094,0,0
30854.364,0,0
29567.45,0,0
28622.838,0,0
28121.064,0,0
27619.289,0,0
27017.512,0,0
26819.636,0,0
27025.861,0,0
27132.354,0,0
27339.116,0,0
26625.484,0,0
24990.647,0,0
23129.385,0,0
20893.089,0,0
19972.635,0,0
20168.851,0,0
20465.064,0,0
20761.275,0,0
22098.893,0,0
24164.878,0,0
25980.488,0,0
27330.456,0,0
26856.285,0,0
24375.846,0,0
22089.527,0,0
19798.034,0,0
16567.166,0,0
12066.681,0,0
7822.674,0,0
3976.004,1,1
0.0,1,1
0.0,1,1
0.0,1,1
0.0,1,1
0.0,1,1
264.48,1,1
461.64,1,1
0.0,1,1
0.0,1,1
0.0,1,1
0.0,1,1
0.0,1,1
0.0,1,1
0.0,1,1
0.0,1,1
1654.063,1,1
4225.197,1,1
7019.503,0,0
6854.899,0,0
3973.636,1,1
345.409,1,1
0.0,1,1
0.0,1,1
1043.239,1,1
4713.689,1,1
7488.144,0,0
8993.914,0,0
9563.599,0,0
12181.476,0,0
16571.316,0,0
18569.3,0,0
18688.521,0,0
18953.217,0,0
19441.939,0,0
21977.774,0,0
25332.316,0,0
27847.775,0,0
30042.257,0,0
33308.657,0,0
36197.712,0,0
37791.545,0,0
38894.249,0,0
39998.128,0,0
40954.706,0,0
41398.719,0,0
41614.173,0,0
41930.217,0,0
42146.85,0,0
42026.162,0,0
41898.29,0,0
41670.489,0,0
41542.759,0,0
41333.21,0,0
41041.881,0,0
40700.0,0,0
40400.0,0,0
40000.0,0,0
39700.0,0,0
39400.0,0,0
39100.0,0,0
38300.0,0,0
37000.0,0,0
35700.0,0,0
34400.0,0,0
33800.0,0,0
33800.0,0,0
33800.0,0,0
33800.0,0,0
33600.0,0,0
33200.0,0,0
32700.0,0,0
32300.0,0,0
32000.0,0,0
31900.0,0,0
31700.0,0,0
31500.0,0,0
31300.0,0,0
31200.0,0,0
31000.0,0,0
30900.0,0,0
30900.0,0,0
30900.0,0,0
31000.0,0,0
30949.972,0,0
30994.479,0,0
30990.78,0,0
30712.97,0,0
30524.173,0,0
29403.839,0,0
27010.26,0,0
24852.157,0,0
22538.746,0,0
19559.85,0,0
16544.477,0,0
12973.892,0,0
8779.958,0,0
5861.185,0,0
4748.376,0,0
4011.554,0,0
4135.321,0,0
3560.426,1,1
2185.78,1,1
1672.631,1,1
2180.281,1,1
1982.514,1,1
1241.652,1,1
701.956,1,1
292.818,1,1
91.861,1,1
0.0,1,1
0.0,1,1
0.0,1,1
0.0,1,1
0.0,1,1
0.0,1,1
0.0,1,1
0.0,1,1
0.0,1,1
0.0,1,1
0.0,1,1
0.0,1,1
0.0,1,1
0.0,1,1
925.039,1,1
6610.549,0,0
11624.775,0,0
14104.826,0,0
15177.083,0,0
16807.079,0,0
18840.358,0,0
23029.121,0,0
27658.326,0,0
30476.787,0,0
32039.101,0,0
34848.964,0,0
37592.54,0,0
38846.009,0,0
39423.861,0,0
39740.99,0,0
40158.797,0,0
40203.939,0,0
39976.097,0,0
39748.509,0,0
39521.176,0,0
39494.099,0,0
39567.278,0,0
39640.714,0,0
39666.845,0,0
39566.471,0,0
39239.326,0,0
38964.354,0,0
38589.15,0,0
38213.665,0,0
37737.877,0,0
37261.827,0,0
36785.514,0,0
35339.328,0,0
32583.315,0,0
29428.354,0,0
25918.241,0,0
24750.725,0,0
26331.163,0,0
27411.899,0,0
28543.212,0,0
29507.488,0,0
30027.766,0,0
30331.687,0,0
30636.55,0,0
30689.01,0,0
30488.359,0,0
30187.707,0,0
29987.055,0,0
29609.243,0,0
29153.917,0,0
28798.113,0,0
28341.831,0,0
28429.038,0,0
29060.632,0,0
29592.941,0,0
30225.968,0,0
30414.744,0,0
30358.73,0,0
30202.717,0,0
30046.703,0,0
28882.94,0,0
25916.467,0,0
22009.631,0,0
17059.055,0,0
14146.754,0,0
15124.749,0,0
14195.455,0,0
10370.038,0,0
5968.422,0,0
1185.339,0,0
0.0,1,1
0.0,1,1
0.0,1,1
0.0,1,1
0.0,1,1
0.0,1,1
0.0,1,1
0.0,1,1
0.0,1,1
0.0,1,1
0.0,1,1
0.0,1,1
0.0,1,1
0.0,1,1
0.0,1,1
0.0,1,1
0.0,1,1
0.0,1,1
0.0,1,1
0.0,1,1
0.0,1,1
0.0,1,1
0.0,1,1
0.0,1,1
0.0,0,0
0.0,0,0
0.0,0,0
0.0,0,0
5041.477,0,0
10915.38,0,0
15904.835,0,0
20178.718,0,0
24783.658,0,0
29171.082,0,0
32179.984,0,0
34138.213,0,0
37303.721,0,0
40435.331,0,0
41929.176,0,0
41968.511,0,0
42086.928,0,0
42000.0,0,0
41800.0,0,0
41600.0,0,0
41300.0,0,0
41000.0,0,0
40800.0,0,0
40700.0,0,0
40340.486,0,0
40002.034,0,0
39636.917,0,0
38810.96,0,0
38084.304,0,0
37256.949,0,0
36516.654,0,0
35863.592,0,0
34991.581,0,0
34040.89,0,0
33849.572,0,0
33995.433,0,0
33874.783,0,0
33855.456,0,0
33705.964,0,0
33661.204,0,0
33516.509,0,0
33471.879,0,0
33327.314,0,0
33082.814,0,0
32738.379,0,0
32494.01,0,0
32128.889,0,0
31742.781,0,0
31356.423,0,0
30316.046,0,0
30292.992,0,0
30867.275,0,0
30928.233,0,0
30900.0,0,0
30800.0,0,0
30900.0,0,0
31000.0,0,0
31100.0,0,0
31200.0,0,0
31500.0,0,0
31700.0,0,0
32000.0,0,0
31111.329,0,0
28694.323,0,0
25158.321,0,0
20593.711,0,0
17945.02,0,0
18032.738,0,0
16344.932,0,0
12716.276,0,0
9927.925,0,0
8024.606,0,0
6230.017,0,0
4501.873,1,1
2516.956,1,1
135.826,1,1
0.0,1,1
0.0,1,1
0.0,1,1
0.0,1,1
0.0,1,1
0.0,1,1
0.0,1,1
0.0,1,1
0.0,1,1
0.0,1,1
0.0,1,1
0.0,1,1
0.0,1,1
1663.423,1,1
4070.504,1,1
6492.44,0,0
7056.455,0,0
5984.753,0,0
5226.072,0,0
5063.569,0,0
6628.071,0,0
9672.604,0,0
11943.962,0,0
13569.369,0,0
17024.833,0,0
21510.426,0,0
25399.267,0,0
28326.808,0,0
30886.15,0,0
33537.983,0,0
35560.664,0,0
36962.606,0,0
39082.633,0,0
41507.567,0,0
41768.188,0,0
39904.47,0,0
37260.779,0,0
34212.951,0,0
30735.191,0,0
26653.063,0,0
21276.816,0,0
14929.353,0,0
9052.799,0,0
4590.71,0,0
0.0,1,1
0.0,1,1
0.0,1,1
577.615,1,1
5996.075,0,0
11091.327,0,0
12911.288,0,0
11552.762,0,0
10193.435,0,0
8833.309,0,0
7273.655,0,0
5514.595,0,0
3654.893,1,1
1894.55,1,1
1861.043,1,1
3655.328,1,1
5450.246,1,1
7245.798,1,1
9892.357,1,1
12678.668,1,1
15099.076,1,1
17420.394,1,1
19672.318,1,1
20859.022,0,0
21975.925,0,0
22993.269,0,0
24111.385,0,0
25128.482,0,0
26093.199,0,0
27058.079,0,0
26957.47,0,0
25791.01,0,0
24724.226,0,0
23504.442,0,0
24308.197,0,0
26677.969,0,0
28994.244,0,0
30622.262,0,0
30454.634,0,0
28191.143,0,0
25547.271,0,0
22581.453,0,0
19269.406,1,1
15509.865,1,1
13069.676,1,1
11063.444,1,1
13671.484,1,1
19257.148,1,1
22209.235,0,0
22417.978,0,0
21653.512,0,0
19749.971,1,1
19253.063,1,1
20272.209,1,1
20701.696,0,1
20609.332,1,1
20151.454,1,1
19270.241,1,1
18204.997,1,1
17050.775,1,1
18883.857,1,1
23594.036,0,0
27046.368,0,0
29238.31,0,0
29529.784,0,0
28262.695,0,0
28895.142,0,0
31442.733,0,0
31914.354,0,0
30452.046,0,0
29041.868,0,0
27811.55,0,0
27120.379,0,0
26794.895,0,0
26340.195,0,0
25700.523,0,0
25525.933,0,0
26052.802,0,0
26708.077,0,0
27208.147,0,0
28513.715,0,0
30501.845,0,0
32727.802,0,0
35188.053,0,0
38939.158,0,0
42181.096,0,0
43036.367,0,0
42210.368,0,0
41484.019,0,0
40757.322,0,0
40161.85,0,0
39697.734,0,0
39133.443,0,0
38426.056,0,0
37608.688,0,0
36585.447,0,0
35661.658,0,0
34637.321,0,0
34435.102,0,0
35055.822,0,0
35677.09,0,0
36298.905,0,0
36752.621,0,0
36986.113,0,0
37025.776,0,0
37065.732,0,0
36994.168,0,0
36611.172,0,0
36006.026,0,0
35135.381,0,0
34737.07,0,0
34711.056,0,0
34785.079,0,0
34759.139,0,0
34696.183,0,0
34296.182,0,0
33996.181,0,0
33696.18,0,0
33368.361,0,0
33012.702,0,0
32757.016,0,0
32501.301,0,0
32199.135,0,0
31850.465,0,0
31439.94,0,0
30630.407,0,0
30663.004,0,0
31584.839,0,0
31889.293,0,0
32193.85,0,0
32331.047,0,0
32400.808,0,0
32570.569,0,0
32640.331,0,0
31797.632,0,0
29885.643,0,0
27900.004,0,0
25868.63,0,0
24360.422,0,0
22873.09,0,0
20456.957,0,0
17916.171,0,0
16120.02,0,0
15250.574,0,0
14760.92,1,1
14810.031,1,1
14940.727,0,0
15377.766,0,0
12997.553,1,1
7031.056,1,1
913.978,1,1
0.0,1,1
0.0,1,1
261.339,1,1
5634.215,1,1
10691.596,1,1
10491.334,1,1
5100.28,1,1
0.0,1,1
0.0,1,1
0.0,1,1
0.0,1,1
0.0,1,1
1932.673,1,1
2750.004,1,1
2757.431,1,1
2139.003,1,1
1147.646,1,1
4128.751,1,1
10522.829,1,1
14907.485,0,0
17568.804,0,0
22511.114,0,0
29266.021,0,0
33669.585,0,0
36316.547,0,0
37688.839,0,0
37601.687,0,0
36442.416,0,0
35213.923,0,0
36921.922,0,0
39731.095,0,0
40880.282,0,0
41128.645,0,0
41377.238,0,0
41526.062,0,0
41238.561,0,0
40414.303,0,0
39689.698,0,0
38864.745,0,0
38270.694,0,0
37807.707,0,0
37344.588,0,0
36838.935,0,0
36637.902,0,0
36941.842,0,0
37103.51,0,0
37165.351,0,0
36833.032,0,0
36036.973,0,0
34915.648,0,0
33793.777,0,0
32576.548,0,0
31364.166,0,0
30051.509,0,0
28838.577,0,0
28030.832,0,0
27728.479,0,0
27526.124,0,0
27223.768,0,0
28536.095,0,0
31117.382,0,0
32525.731,0,0
32586.971,0,0
32200.0,0,0
31900.0,0,0
31600.0,0,0
31400.0,0,0
31200.0,0,0
31200.0,0,0
31100.0,0,0
31100.0,0,0
31300.0,0,0
31600.0,0,0
31900.0,0,0
32200.0,0,0
32700.0,0,0
33300.0,0,0
33900.0,0,0
34500.0,0,0
34319.1,0,0
33381.724,0,0
32414.278,0,0
31431.743,0,0
28656.888,0,0
23608.467,0,0
20105.688,0,0
18079.009,0,0
14002.894,0,0
7351.325,1,1
4460.876,1,1
6438.891,1,1
9124.445,1,1
12190.086,0,0
11416.825,0,0
6042.8,1,1
502.19,1,1
0.0,1,1
0.0,1,1
0.0,1,1
0.0,1,1
0.0,1,1
0.0,1,1
0.0,1,1
0.0,1,1
0.0,1,1
0.0,1,1
1238.155,1,1
3146.047,1,1
4646.69,1,1
5827.994,1,1
6874.968,1,1
7690.561,1,1
8336.822,1,1
9832.634,1,1
12136.87,0,0
14457.055,0,0
16881.811,0,0
19176.198,0,0
21506.506,0,0
23960.106,0,0
26491.577,0,0
28998.172,0,0
31663.556,0,0
33996.136,0,0
36126.158,0,0
39163.718,0,0
42444.817,0,0
43800.0,0,0
43678.068,0,0
43323.338,0,0
42968.357,0,0
42685.241,0,0
42740.978,0,0
42741.32,0,0
42600.0,0,0
42400.0,0,0
42041.104,0,0
41540.163,0,0
41083.287,0,0
40782.982,0,0
40639.628,0,0
40340.71,0,0
40100.0,0,0
39700.0,0,0
39300.0,0,0
38913.743,0,0
38422.024,0,0
37931.116,0,0
37441.156,0,0
36900.0,0,0
36300.0,0,0
35900.0,0,0
35700.0,0,0
35500.0,0,0
35300.0,0,0
35000.0,0,0
34600.0,0,0
34100.0,0,0
33700.0,0,0
33250.095,0,0
33000.0,0,0
32600.0,0,0
32300.0,0,0
32100.0,0,0
32100.0,0,0
32100.0,0,0
32100.0,0,0
32200.0,0,0
32500.0,0,0
32700.0,0,0
33000.0,0,0
33486.918,0,0
34068.377,0,0
34749.819,0,0
35331.247,0,0
34733.15,0,0
32791.948,0,0
30660.5,0,0
28563.261,0,0
26668.739,0,0
24972.695,0,0
23073.436,0,0
21301.916,1,1
19455.274,1,1
17255.144,1,1
15535.065,1,1
14159.567,1,1
11798.271,1,1
8247.432,1,1
12395.259,1,1
24035.745,0,0
35505.116,0,0
41184.473,0,0
41583.65,0,0
38286.805,0,0
33404.893,0,0
30657.069,0,0
27495.388,0,0
24026.693,0,0
14492.899,1,1
0.0,1,1
0.0,1,1
0.0,1,1
0.0,1,1
0.0,1,1
0.0,1,1
0.0,1,1
226.955,1,1
0.0,1,1
1783.892,1,1
5110.992,1,1
7565.865,1,1
9182.484,1,1
12437.718,1,1
17159.679,1,1
23539.088,0,0
28332.416,0,0
32003.797,0,0
34971.694,0,0
36721.107,0,0
37871.319,0,0
40555.864,0,0
43696.278,0,0
44983.31,0,0
44883.182,0,0
44783.054,0,0
44682.925,0,0
44262.312,0,0
43087.076,0,0
42011.406,0,0
40668.333,0,0
39170.544,0,0
37640.382,0,0
36158.735,0,0
34176.158,0,0
33406.902,0,0
33651.873,0,0
33897.216,0,0
34242.93,0,0
34656.063,0,0
35485.842,0,0
36216.234,0,0
36895.683,0,0
36426.704,0,0
35029.559,0,0
33406.77,0,0
31883.569,0,0
30971.363,0,0
30970.459,0,0
30869.555,0,0
30768.65,0,0
30224.882,0,0
29238.078,0,0
28151.045,0,0
26961.623,0,0
24965.721,0,0
22412.593,0,0
18854.728,0,0
14479.187,0,0
10342.298,0,0
5024.468,0,0
0.0,1,1
0.0,1,1
0.0,1,1
0.0,1,1
4906.703,0,0
10121.999,0,0
11368.296,0,0
9566.281,0,0
7389.493,0,0
5211.912,0,0
3321.613,0,0
1486.945,0,0
0.0,1,1
0.0,1,1
0.0,1,1
0.0,1,1
0.0,1,1
0.0,1,1
0.0,1,1
0.0,1,1
0.0,1,1
506.329,0,0
2268.604,0,0
3897.285,0,0
5189.814,0,0
6200.614,0,0
7079.944,0,0
7768.353,0,0
7629.324,0,0
6731.753,0,0
4699.097,0,0
1411.165,0,0
0.0,1,1
0.0,1,1
0.0,1,1
0.0,1,1
0.0,1,1
0.0,1,1
8439.155,0,0
15476.213,0,0
16709.979,0,0
16313.748,0,0
15161.805,0,0
12426.614,0,0
8767.324,0,0
4391.839,0,0
1770.859,0,0
2290.02,0,0
5321.63,0,0
10159.34,0,0
13602.91,0,0
14944.408,0,0
15225.369,0,0
15173.095,0,0
15062.06,0,0
14979.657,0,0
15359.318,0,0
16153.434,0,0
16314.659,0,0
16104.866,0,0
15995.065,0,0
15785.258,0,0
16649.386,0,0
18688.323,0,0
20628.42,0,0
22299.606,0,0
19311.24,0,0
10748.047,0,0
1116.304,0,0
0.0,1,1
0.0,1,1
0.0,1,1
0.0,1,1
0.0,1,1
0.0,0,0
0.0,0,0
0.0,0,0
0.0,0,0
0.0,0,0
0.0,0,0
0.0,0,0
0.0,0,0
0.0,1,1
0.0,1,1
0.0,1,1
0.0,1,1
0.0,1,1
0.0,1,1
1318.715,1,1
6210.514,0,0
8030.18,0,0
6674.642,0,0
5418.466,0,0
4161.653,0,0
2056.603,0,0
0.0,1,1
0.0,1,1
0.0,1,1
0.0,1,1
0.0,1,1
0.0,1,1
0.0,1,1
0.0,1,1
0.0,1,1
5250.895,0,0
10670.609,0,0
12748.126,0,0
12746.691,0,0
12666.91,0,0
12535.608,0,0
14100.282,0,0
15907.588,0,0
17317.919,0,0
18040.679,0,0
17937.867,0,0
17337.179,0,0
16844.53,0,0
16399.265,0,0
15405.885,0,0
13878.237,0,0
12568.15,0,0
11513.064,0,0
9835.259,0,0
7624.916,0,0
4448.135,0,0
271.799,1,1
0.0,1,1
0.0,1,1
0.0,1,1
0.0,1,1
0.0,1,1
0.0,1,1
0.0,1,1
2573.928,0,0
9037.832,0,0
13234.479,0,0
16067.626,0,0
17700.566,0,0
19741.291,0,0
22074.863,0,0
23478.121,0,0
24134.524,0,0
26109.667,0,0
29043.355,0,0
30138.128,0,0
29862.735,0,0
28694.225,0,0
27317.834,0,0
31301.718,0,0
38360.892,0,0
42098.455,0,0
44180.541,0,0
45347.987,0,0
45467.018,0,0
45566.386,0,0
45703.355,0,0
45512.725,0,0
45422.185,0,0
45103.793,0,0
44657.39,0,0
44051.59,0,0
43052.822,0,0
41935.116,0,0
40407.134,0,0
38434.004,0,0
36458.651,0,0
35043.806,0,0
34840.302,0,0
34636.795,0,0
34333.286,0,0
35517.618,0,0
37538.161,0,0
39162.178,0,0
40352.707,0,0
39862.657,0,0
37934.822,0,0
36058.933,0,0
34082.927,0,0
32743.066,0,0
31938.999,0,0
31034.345,0,0
30012.071,0,0
29330.103,0,0
29265.633,0,0
29101.277,0,0
28937.034,0,0
29418.636,0,0
29911.511,0,0
30404.916,0,0
30898.852,0,0
31142.694,0,0
31172.126,0,0
31201.667,0,0
31331.316,0,0
31400.0,0,0
31500.0,0,0
31500.0,0,0
31600.0,0,0
31700.0,0,0
31900.0,0,0
31993.939,0,0
32063.726,0,0
31149.06,0,0
28951.268,0,0
26416.628,0,0
23539.799,0,0
19457.43,0,0
12234.521,1,1
8403.443,1,1
11546.239,1,1
17604.395,0,0
21644.901,0,0
20744.859,0,0
16079.941,0,0
8210.508,1,1
1088.788,1,1
0.0,1,1
1048.448,1,1
2543.276,1,1
2599.538,1,1
3572.377,1,1
5226.913,1,1
6681.758,1,1
8179.544,1,1
8707.241,1,1
8279.136,1,1
10257.453,1,1
14937.161,0,1
13863.353,1,1
7400.506,1,1
0.0,1,1
0.0,1,1
0.0,1,1
0.0,1,1
4992.414,1,1
10132.868,1,1
15245.843,0,0
20247.312,0,0
25966.822,0,0
30557.787,0,0
32586.751,0,0
32221.668,0,0
31376.528,0,0
30147.833,0,0
30730.178,0,0
32710.468,0,0
34313.334,0,0
35495.839,0,0
36962.712,0,0
38562.484,0,0
38713.214,0,0
37211.689,0,0
35507.37,0,0
33751.629,0,0
33176.247,0,0
34083.048,0,0
34839.038,0,0
35495.505,0,0
36457.766,0,0
37302.58,0,0
37980.38,0,0
38658.618,0,0
38880.408,0,0
38680.321,0,0
38480.235,0,0
38380.148,0,0
38180.04,0,0
37979.91,0,0
37779.78,0,0
37579.65,0,0
36761.067,0,0
35132.908,0,0
33456.583,0,0
31780.169,0,0
30891.883,0,0
30791.791,0,0
30591.698,0,0
30491.606,0,0
30379.701,0,0
30255.985,0,0
30132.268,0,0
29960.415,0,0
29660.393,0,0
29432.184,0,0
29055.809,0,0
28679.403,0,0
28050.269,0,0
27068.317,0,0
26016.613,0,0
24541.383,0,0
23234.676,0,0
21995.749,0,0
20203.182,0,0
18510.333,1,1
18139.374,1,1
19190.61,1,1
20241.972,0,0
21293.46,0,0
21718.973,0,0
21347.565,0,0
21047.031,0,0
20606.768,0,0
20343.157,0,0
20128.194,1,1
20078.173,1,1
20147.326,0,1
12997.955,1,1
0.0,1,1
0.0,1,1
0.0,1,1
4761.405,1,1
6135.307,1,1
5560.587,1,1
1939.544,1,1
0.0,1,1
0.0,1,1
0.0,1,1
0.0,1,1
1442.803,1,1
3696.015,1,1
7939.893,1,1
13914.145,1,1
21134.4,0,0
26932.682,0,0
28594.119,0,0
28304.208,0,0
28306.349,0,0
28698.341,0,0
29104.239,0,0
29625.469,0,0
30759.175,0,0
32303.183,0,0
31717.51,0,0
28890.455,0,0
22637.098,0,0
13813.084,1,1
13399.671,1,1
19995.181,1,1
23993.549,0,0
25653.561,0,0
27476.212,0,0
29193.044,0,0
30589.526,0,0
31891.306,0,0
33998.777,0,0
36352.893,0,0
37682.063,0,0
37839.211,0,0
37940.579,0,0
38000.0,0,0
37800.0,0,0
37500.0,0,0
37200.0,0,0
36900.0,0,0
36700.0,0,0
36700.0,0,0
36600.0,0,0
36500.0,0,0
36400.0,0,0
36200.0,0,0
36000.0,0,0
35700.0,0,0
35600.0,0,0
35500.0,0,0
35400.0,0,0
35300.0,0,0
34600.0,0,0
33400.0,0,0
32100.0,0,0
30900.0,0,0
30200.0,0,0
30100.0,0,0
30000.0,0,0
29900.0,0,0
29800.0,0,0
29500.0,0,0
29200.0,0,0
28900.0,0,0
28700.0,0,0
28500.0,0,0
28300.0,0,0
28100.0,0,0
28000.0,0,0
27900.0,0,0
27800.0,0,0
27700.0,0,0
27600.0,0,0
27700.0,0,0
27700.0,0,0
27777.721,0,0
27748.374,0,0
27800.479,0,0
27852.511,0,0
27743.463,0,0
26956.205,0,0
25676.824,0,0
24084.465,0,0
22471.199,0,0
19695.685,0,0
14420.579,0,0
8463.17,0,0
2645.591,0,0
0.0,1,1
0.0,1,1
0.0,1,1
0.0,1,1
0.0,1,1
0.0,1,1
0.0,1,1
0.0,1,1
0.0,1,1
0.0,1,1
0.0,1,1
0.0,1,1
0.0,1,1
0.0,1,1
0.0,1,1
0.0,1,1
0.0,1,1
0.0,1,1
0.0,1,1
0.0,1,1
0.0,1,1
0.0,1,1
0.0,1,1
0.0,1,1
0.0,0,0
0.0,0,0
0.0,0,0
0.0,0,0
0.0,0,0
0.0,0,0
0.0,0,0
0.0,0,0
0.0,0,0
0.0,0,0
0.0,0,0
0.0,0,0
0.0,0,0
0.0,0,0
0.0,0,0
0.0,0,0
0.0,0,0
0.0,0,0
0.0,0,0
0.0,0,0
0.0,0,0
0.0,0,0
0.0,0,0
0.0,0,0
0.0,0,0
0.0,0,0
0.0,0,0
0.0,0,0
0.0,0,0
0.0,0,0
0.0,0,0
0.0,0,0
0.0,0,0
0.0,0,0
0.0,0,0
0.0,0,0
0.0,0,0
0.0,0,0
0.0,0,0
0.0,0,0
0.0,1,1
0.0,1,1
0.0,1,1
0.0,1,1
0.0,1,1
0.0,1,1
0.0,1,1
556.219,1,1
5285.952,1,1
7792.881,1,1
10302.069,1,1
12813.52,1,1
14913.781,1,1
16414.075,1,1
17915.373,1,1
19417.675,0,0
20330.699,0,0
20803.874,0,0
21277.232,0,0
21750.772,0,0
23358.687,0,0
25850.382,0,0
27854.148,0,0
29115.722,0,0
28822.576,0,0
27535.972,0,0
25429.638,0,0
23223.168,0,0
21944.368,0,0
21495.512,0,0
21385.692,0,0
21376.546,0,0
21605.54,0,0
22170.986,0,0
21055.89,0,0
18150.19,1,1
13778.41,1,1
7751.204,1,1
7259.847,1,1
12853.571,1,1
16704.182,1,1
18696.102,1,1
20834.138,0,0
23114.933,0,0
25493.667,0,0
28264.052,0,0
29280.854,0,0
28759.481,0,0
28863.738,0,0
29595.579,0,0
28960.089,0,0
27145.146,0,0
25183.734,0,0
22993.353,0,0
21453.841,0,0
20770.011,0,0
19441.981,0,0
17474.518,1,1
17902.008,1,1
20778.124,0,0
23262.089,0,0
25276.498,0,0
26628.109,0,0
27325.787,0,0
28590.033,0,0
30408.762,0,0
31386.007,0,0
31542.495,0,0
31629.119,0,0
31746.28,0,0
32562.289,0,0
34049.524,0,0
34800.0,0,0
34800.0,0,0
34668.497,0,0
34539.182,0,0
34291.315,0,0
33924.9,0,0
33323.161,0,0
32328.945,0,0
31743.174,0,0
31366.082,0,0
31088.901,0,0
30811.631,0,0
30011.236,0,0
28433.023,0,0
26754.117,0,0
24997.906,0,0
24795.678,0,0
26148.712,0,0
27326.034,0,0
28604.278,0,0
28937.19,0,0
28779.317,0,0
28621.666,0,0
28364.238,0,0
28672.832,0,0
28733.697,0,0
28738.088,0,0
28700.0,0,0
28400.0,0,0
28100.0,0,0
27612.302,0,0
27119.034,0,0
26716.344,0,0
26404.219,0,0
26091.981,0,0
25546.511,0,0
25055.609,0,0
24608.821,0,0
24161.579,0,0
23713.883,0,0
23689.126,0,0
23887.648,0,0
24086.168,0,0
24284.686,0,0
24448.895,0,0
24432.918,0,0
24312.015,0,0
24290.683,0,0
22866.639,0,0
19715.997,0,0
16280.4,0,0
12437.449,0,0
9607.904,0,0
7448.531,0,0
5004.063,0,0
2627.961,0,0
0.0,1,1
0.0,1,1
0.0,1,1
0.0,1,1
0.0,1,1
0.0,1,1
0.0,1,1
0.0,1,1
0.0,1,1
0.0,1,1
0.0,1,1
0.0,1,1
0.0,1,1
0.0,1,1
0.0,1,1
0.0,1,1
0.0,1,1
0.0,1,1
0.0,1,1
0.0,1,1
0.0,1,1
0.0,1,1
0.0,1,1
0.0,1,1
0.0,0,0
0.0,0,0
0.0,0,0
0.0,0,0
0.0,0,0
0.0,0,0
1046.128,0,0
5755.257,0,0
9586.123,0,0
12591.968,0,0
17068.653,0,0
22178.987,0,0
25813.184,0,0
28036.138,0,0
30338.079,0,0
33035.538,0,0
34186.452,0,0
34013.173,0,0
33839.822,0,0
33766.398,0,0
33465.401,0,0
33080.835,0,0
32267.678,0,0
31453.91,0,0
31077.801,0,0
31339.971,0,0
31502.359,0,0
31764.964,0,0
31344.943,0,0
30341.605,0,0
29437.564,0,0
28216.012,0,0
28562.612,0,0
29789.297,0,0
30879.455,0,0
30974.624,0,0
30768.484,0,0
30100.0,0,0
29500.0,0,0
28900.0,0,0
28600.0,0,0
28600.0,0,0
28600.0,0,0
28600.0,0,0
28500.0,0,0
28100.0,0,0
27700.0,0,0
27400.0,0,0
27100.0,0,0
26900.0,0,0
26700.0,0,0
26600.0,0,0
26500.0,0,0
26400.0,0,0
26400.0,0,0
26300.0,0,0
26300.0,0,0
26300.0,0,0
26300.0,0,0
26300.0,0,0
26400.0,0,0
26600.0,0,0
26800.0,0,0
27000.0,0,0
26126.608,0,0
23635.169,0,0
21070.975,0,0
19135.027,0,0
18788.38,0,0
19489.382,0,0
18918.129,0,0
14854.221,0,0
8932.42,0,0
3611.52,1,1
675.606,1,1
825.037,1,1
0.0,1,1
0.0,1,1
0.0,1,1
0.0,1,1
1462.043,1,1
4085.392,1,1
4173.661,1,1
1462.23,1,1
0.0,1,1
0.0,1,1
0.0,1,1
0.0,1,1
0.0,1,1
0.0,1,1
0.0,1,1
0.0,1,1
0.0,1,1
0.0,1,1
1620.209,1,1
4814.043,1,1
8555.534,0,0
12662.666,0,0
12940.89,0,0
10125.782,0,0
7764.162,0,0
5961.218,1,0
8374.853,0,0
14084.606,0,0
18510.623,0,0
21798.985,0,0
24480.095,0,0
26834.53,0,0
29015.544,0,0
30798.957,0,0
32460.444,0,0
33901.951,0,0
34500.0,0,0
34300.0,0,0
34100.0,0,0
33800.0,0,0
33600.0,0,0
33400.0,0,0
33200.0,0,0
33000.0,0,0
32900.0,0,0
32800.0,0,0
32700.0,0,0
32600.0,0,0
32500.0,0,0
32400.0,0,0
32300.0,0,0
32200.0,0,0
32100.0,0,0
32000.0,0,0
31900.0,0,0
31700.0,0,0
31400.0,0,0
30800.0,0,0
30200.0,0,0
29600.0,0,0
29300.0,0,0
29100.0,0,0
29000.0,0,0
28900.0,0,0
28700.0,0,0
28400.0,0,0
28100.0,0,0
27800.0,0,0
27500.0,0,0
27300.0,0,0
27100.0,0,0
26800.0,0,0
26700.0,0,0
26700.0,0,0
26700.0,0,0
26700.0,0,0
26700.0,0,0
26600.0,0,0
26600.0,0,0
26600.0,0,0
26700.0,0,0
26900.0,0,0
27100.0,0,0
27300.0,0,0
26268.851,0,0
22969.565,0,0
19112.02,0,0
16490.644,0,0
15404.605,0,0
15273.879,0,0
13976.314,0,0
11718.659,0,0
10299.755,0,0
9750.623,0,0
8748.773,0,0
7088.334,1,1
5745.168,1,1
4938.98,1,1
2339.907,1,1
0.0,1,1
0.0,1,1
0.0,1,1
0.0,1,1
0.0,1,1
0.0,1,1
0.0,1,1
0.0,1,1
0.0,1,1
0.0,1,1
0.0,1,1
0.0,1,1
0.0,1,1
0.0,1,1
0.0,1,1
0.0,1,1
1024.917,1,1
3480.973,1,1
5963.222,1,1
7835.197,1,1
9230.766,0,0
10544.636,0,0
11652.821,0,0
13101.943,0,0
14924.25,0,0
16359.202,0,0
17412.608,0,0
20056.922,0,0
23071.395,0,0
25011.937,0,0
26392.097,0,0
27565.458,0,0
28327.664,0,0
27950.392,0,0
26466.904,0,0
24882.196,0,0
23396.267,0,0
22820.228,0,0
23255.543,0,0
23791.585,0,0
24228.355,0,0
23745.238,0,0
22240.88,0,0
20517.321,0,0
17958.884,0,0
16675.42,0,0
16468.384,0,0
16361.342,0,0
16154.295,0,0
15541.286,0,0
14321.56,0,0
13200.82,0,0
12079.065,0,0
13863.345,0,0
18657.776,0,0
21134.141,0,0
23445.212,0,0
24646.098,0,0
25463.927,0,0
26282.708,0,0
27073.563,0,0
27443.302,0,0
27657.698,0,0
27972.811,0,0
28188.642,0,0
28234.335,0,0
28144.974,0,0
28055.742,0,0
27866.64,0,0
27785.079,0,0
27610.898,0,0
27336.63,0,0
27162.274,0,0
26913.608,0,0
26208.702,0,0
25144.404,0,0
23959.469,0,0
23573.393,0,0
24563.063,0,0
25250.561,0,0
25893.318,0,0
25736.599,0,0
23763.292,0,0
21045.068,0,0
19242.176,0,0
17886.999,0,0
16421.131,0,0
14553.941,0,0
11143.151,0,0
7640.06,0,0
4010.767,0,0
1716.246,0,0
1546.95,1,1
1106.563,1,1
166.499,1,1
0.0,1,1
0.0,1,1
0.0,1,1
0.0,1,1
0.0,1,1
0.0,1,1
0.0,1,1
0.0,1,1
0.0,1,1
0.0,1,1
0.0,1,1
0.0,1,1
0.0,1,1
0.0,1,1
0.0,1,1
0.0,1,1
0.0,1,1
0.0,1,1
0.0,1,1
0.0,1,1
0.0,1,1
4655.517,0,0
9451.648,0,0
13041.705,0,0
16655.269,0,0
20720.031,0,0
24427.621,0,0
27777.63,0,0
29979.793,0,0
31444.054,0,0
32961.363,0,0
34370.409,0,0
35732.359,0,0
36756.373,0,0
37200.0,0,0
37000.0,0,0
36900.0,0,0
36800.0,0,0
36600.0,0,0
36300.0,0,0
36000.0,0,0
35700.0,0,0
35400.0,0,0
35200.0,0,0
35100.0,0,0
34900.0,0,0
34800.0,0,0
34650.278,0,0
34421.551,0,0
34192.675,0,0
33863.667,0,0
33478.362,0,0
32662.754,0,0
31746.531,0,0
31037.559,0,0
30336.297,0,0
29635.033,0,0
28933.768,0,0
29017.585,0,0
29887.335,0,0
30216.766,0,0
30320.252,0,0
30147.948,0,0
29699.564,0,0
29351.03,0,0
28740.768,0,0
28440.354,0,0
28450.295,0,0
28198.744,0,0
28047.367,0,0
28058.945,0,0
28100.0,0,0
28100.0,0,0
28100.0,0,0
28100.0,0,0
27884.198,0,0
27660.081,0,0
27413.929,0,0
27246.079,0,0
27791.208,0,0
28103.216,0,0
28415.337,0,0
27671.579,0,0
25059.043,0,0
21996.624,0,0
20165.708,0,0
18797.681,0,0
17342.311,1,1
16189.36,1,1
15242.144,1,1
15262.643,1,1
16529.253,1,1
14965.887,1,1
9933.131,1,1
3802.824,1,1
0.0,1,1
0.0,1,1
0.0,1,1
5683.63,1,1
8488.726,1,1
8407.74,1,1
2994.568,1,1
0.0,1,1
0.0,1,1
0.0,1,1
0.0,1,1
0.0,1,1
0.0,1,1
0.0,1,1
4763.755,1,1
14191.326,1,1
20385.732,0,0
21747.111,0,0
22535.863,0,0
24343.577,0,0
26936.895,0,0
27564.629,0,0
26520.635,0,0
25361.16,0,0
24192.024,0,0
24929.502,0,0
27354.876,0,0
29554.093,0,0
31590.339,0,0
32822.093,0,0
33259.154,0,0
33045.994,0,0
32770.14,0,0
34147.251,0,0
36361.742,0,0
37196.193,0,0
37196.192,0,0
37096.19,0,0
37096.189,0,0
36868.433,0,0
36512.896,0,0
36157.321,0,0
35801.708,0,0
35536.795,0,0
35262.571,0,0
35088.298,0,0
34913.975,0,0
34906.574,0,0
35066.265,0,0
35100.0,0,0
35100.0,0,0
34900.0,0,0
34600.0,0,0
34300.0,0,0
33900.0,0,0
33400.0,0,0
32500.0,0,0
31700.0,0,0
30877.542,0,0
30284.392,0,0
30209.799,0,0
30035.144,0,0
29860.425,0,0
29639.013,0,0
28802.778,0,0
27700.77,0,0
26598.219,0,0
26575.652,0,0
27534.06,0,0
28156.776,0,0
28199.765,0,0
28165.18,0,0
27952.84,0,0
27840.425,0,0
27627.933,0,0
27467.551,0,0
27020.175,0,0
26572.42,0,0
26124.286,0,0
25552.045,0,0
24684.717,0,0
23486.756,0,0
22287.845,0,0
20608.317,0,0
18158.113,0,0
15635.764,0,0
13064.081,1,1
11050.09,1,1
8401.473,1,1
6075.176,1,1
5936.239,1,1
2543.718,1,1
0.0,1,1
0.0,1,1
0.0,1,1
0.0,1,1
0.0,1,1
0.0,1,1
0.0,1,1
0.0,1,1
0.0,1,1
0.0,1,1
0.0,1,1
0.0,1,1
0.0,1,1
5066.371,1,1
9499.707,1,1
14153.758,1,1
18217.66,0,0
20246.722,0,0
21425.171,0,0
22880.427,0,0
24520.481,0,0
24425.592,0,0
22236.9,0,0
19672.219,0,0
16976.576,0,0
17292.217,0,0
20106.915,0,0
22064.921,0,0
22908.138,0,0
22702.083,0,0
22164.863,0,0
22095.462,0,0
22419.403,0,0
21946.78,0,0
20689.638,0,0
18752.883,0,0
16602.78,0,0
15622.991,1,1
15327.38,1,1
18154.411,0,0
23947.906,0,0
27435.021,0,0
30315.863,0,0
30667.428,0,0
28943.791,0,0
26913.647,0,0
24629.022,0,0
24899.179,0,0
27750.836,0,0
29765.98,0,0
31703.951,0,0
32536.846,0,0
32780.976,0,0
33125.406,0,0
33470.136,0,0
33280.905,0,0
32457.253,0,0
31633.285,0,0
30809.002,0,0
29828.969,0,0
28423.513,0,0
27088.342,0,0
25652.747,0,0
24694.662,0,0
24114.263,0,0
23533.674,0,0
23052.896,0,0
23168.387,0,0
23880.855,0,0
24694.076,0,0
25508.052,0,0
24788.652,0,0
22534.563,0,0
20201.901,0,0
17328.74,0,0
16462.234,0,0
17603.985,0,0
18846.51,0,0
20089.811,0,0
19423.088,0,0
16944.733,0,0
13805.763,0,0
9159.991,0,0
8416.365,0,0
11578.146,0,0
14741.806,0,0
17383.78,0,0
18603.376,0,0
18263.364,0,0
16575.694,0,0
13203.023,0,0
10132.642,0,0
8674.558,0,0
5734.795,0,0
478.427,0,0
0.0,1,1
0.0,1,1
0.0,1,1
0.0,1,1
0.0,1,1
0.0,1,1
0.0,1,1
0.0,1,1
0.0,1,1
0.0,1,1
0.0,1,1
0.0,1,1
0.0,1,1
0.0,1,1
0.0,1,1
0.0,1,1
0.0,1,1
0.0,1,1
0.0,1,1
0.0,1,1
0.0,1,1
0.0,1,1
0.0,1,1
0.0,1,1
0.0,0,0
0.0,0,0
0.0,0,0
0.0,0,0
0.0,0,0
0.0,0,0
0.0,0,0
0.0,0,0
0.0,0,0
0.0,0,0
0.0,0,0
0.0,0,0
0.0,0,0
0.0,0,0
0.0,0,0
0.0,0,0
0.0,0,0
0.0,0,0
0.0,0,0
0.0,0,0
0.0,0,0
0.0,0,0
0.0,0,0
0.0,0,0
3026.412,0,0
9557.072,0,0
14880.442,0,0
19539.465,0,0
19327.721,0,0
14234.403,0,0
8359.408,0,0
1354.472,0,0
2941.296,0,0
12287.542,0,0
19613.894,0,0
23725.653,0,0
25778.781,0,0
26068.618,0,0
26359.503,0,0
26751.44,0,0
26905.109,0,0
27020.195,0,0
27135.914,0,0
27147.73,0,0
27103.965,0,0
27350.456,0,0
27497.629,0,0
27645.487,0,0
27749.033,0,0
27808.211,0,0
27605.228,0,0
27280.391,0,0
27104.404,0,0
26283.917,0,0
25098.551,0,0
23889.589,0,0
23845.555,0,0
25220.93,0,0
26425.244,0,0
27631.112,0,0
28344.06,0,0
28611.496,0,0
28929.054,0,0
29246.329,0,0
28798.673,0,0
26592.924,0,0
22573.979,0,0
16655.687,0,0
12675.855,0,0
12632.187,0,0
10052.019,0,0
4127.391,0,0
0.0,1,1
0.0,1,1
0.0,1,1
0.0,1,1
0.0,1,1
0.0,1,1
0.0,1,1
0.0,1,1
0.0,1,1
0.0,1,1
0.0,1,1
0.0,1,1
0.0,1,1
0.0,1,1
0.0,1,1
0.0,1,1
0.0,1,1
0.0,1,1
0.0,1,1
0.0,1,1
0.0,1,1
0.0,1,1
0.0,1,1
0.0,1,1
0.0,0,0
0.0,0,0
0.0,0,0
0.0,0,0
0.0,0,0
0.0,0,0
1352.007,0,0
5300.885,0,0
9197.795,0,0
13267.512,0,0
18397.261,0,0
23578.051,0,0
27424.416,0,0
30269.137,0,0
33410.32,0,0
36443.573,0,0
37575.057,0,0
37474.748,0,0
37374.438,0,0
37274.128,0,0
37111.107,0,0
36985.451,0,0
36759.895,0,0
36634.439,0,0
36471.681,0,0
36271.546,0,0
36071.411,0,0
35871.276,0,0
35614.879,0,0
35202.106,0,0
34789.18,0,0
34141.657,0,0
33347.788,0,0
32498.242,0,0
31748.16,0,0
30997.543,0,0
30271.16,0,0
29669.414,0,0
29067.665,0,0
28465.915,0,0
27683.193,0,0
26457.406,0,0
25230.657,0,0
24002.946,0,0
23377.904,0,0
23256.433,0,0
23235.199,0,0
23114.205,0,0
22811.514,0,0
22426.765,0,0
21941.771,0,0
21456.534,0,0
21253.47,0,0
21432.944,0,0
21712.658,0,0
21892.612,0,0
22455.711,0,0
23302.32,0,0
24249.656,0,0
25167.864,0,0
25630.04,0,0
26010.666,0,0
26391.447,0,0
26772.384,0,0
26820.633,0,0
26230.88,0,0
25399.91,0,0
24106.031,0,0
21202.349,0,0
15521.156,0,0
8815.52,0,0
1322.829,0,0
0.0,1,0
4969.597,0,0
5469.659,0,0
0.0,1,1
0.0,1,1
0.0,1,1
0.0,1,1
0.0,1,1
0.0,1,1
0.0,1,1
0.0,1,1
0.0,1,1
0.0,1,1
0.0,1,1
0.0,1,1
0.0,1,1
0.0,1,1
0.0,1,1
0.0,1,1
0.0,1,1
0.0,1,1
0.0,1,1
0.0,1,1
0.0,1,1
0.0,1,1
0.0,1,1
2371.678,0,0
7976.532,0,0
13322.935,0,0
18408.129,0,0
21037.22,0,0
22401.468,0,0
24136.248,0,0
25993.267,0,0
28105.43,0,0
30332.005,0,0
32399.146,0,0
34204.633,0,0
35788.903,0,0
36356.377,0,0
36092.001,0,0
35445.879,0,0
34753.921,0,0
33957.941,0,0
33061.257,0,0
32063.866,0,0
31165.769,0,0
30266.964,0,0
30172.312,0,0
31083.189,0,0
31995.195,0,0
32908.331,0,0
33274.659,0,0
33352.27,0,0
33430.061,0,0
33608.034,0,0
34034.492,0,0
34810.121,0,0
34857.496,0,0
34783.188,0,0
34400.0,0,0
33800.0,0,0
33100.0,0,0
32400.0,0,0
32000.0,0,0
31900.0,0,0
31800.0,0,0
31463.81,0,0
31131.377,0,0
30655.564,0,0
30279.673,0,0
29803.704,0,0
29465.576,0,0
29265.348,0,0
29065.119,0,0
28764.889,0,0
28797.5,0,0
28963.156,0,0
29000.0,0,0
28900.0,0,0
28800.0,0,0
28900.0,0,0
29000.0,0,0
29000.0,0,0
29200.0,0,0
29400.0,0,0
29600.0,0,0
29800.0,0,0
29148.206,0,0
27625.447,0,0
25952.461,0,0
24351.49,0,0
21776.339,0,0
17231.038,0,0
13698.934,0,0
11836.923,0,0
9239.454,0,0
5513.282,0,0
2711.135,0,0
1238.026,0,0
0.0,1,1
0.0,1,1
0.0,1,1
0.0,1,1
0.0,1,1
0.0,1,1
0.0,1,1
0.0,1,1
0.0,1,1
0.0,1,1
0.0,1,1
0.0,1,1
0.0,1,1
0.0,1,1
0.0,1,1
0.0,1,1
0.0,1,1
0.0,1,1
0.0,1,1
0.0,1,1
0.0,1,1
0.0,1,1
0.0,1,1
0.0,1,1
0.0,0,0
0.0,0,0
0.0,0,0
0.0,0,0
0.0,0,0
0.0,0,0
0.0,0,0
0.0,0,0
0.0,0,0
0.0,0,0
0.0,0,0
0.0,0,0
0.0,0,0
0.0,0,0
0.0,0,0
0.0,0,0
1078.151,0,0
7663.693,0,0
13971.285,0,0
18983.616,0,0
19709.648,0,0
16852.469,0,0
13623.03,0,0
9672.356,0,0
6099.051,0,0
3003.112,0,0
0.0,0,0
0.0,0,0
0.0,0,0
0.0,0,0
1644.114,0,0
4223.303,0,0
5058.448,0,0
4048.081,0,0
3137.707,0,0
2227.326,0,0
995.616,1,1
0.0,1,1
0.0,1,1
0.0,1,1
0.0,1,1
0.0,1,1
1937.649,1,1
4531.814,0,0
3502.441,0,0
0.0,1,1
0.0,1,1
0.0,1,1
0.0,1,1
0.0,1,1
0.0,1,1
0.0,1,1
0.0,1,1
0.0,1,1
0.0,1,1
0.0,1,1
0.0,1,1
0.0,1,1
0.0,1,1
2022.111,1,1
6481.149,0,0
7809.057,0,0
8983.192,0,0
10144.369,0,0
12706.856,0,0
16201.962,0,0
18375.014,0,0
16671.882,0,0
12436.224,0,0
8796.299,0,0
6093.463,0,0
4623.437,0,0
4255.973,0,0
5718.865,0,0
8133.855,0,0
11289.553,0,0
16173.456,0,0
20526.882,0,0
20609.723,0,0
17169.605,0,0
13568.641,0,0
11591.755,0,0
9748.997,0,0
7792.079,0,0
3970.802,0,0
0.0,1,1
0.0,1,1
8503.677,0,0
17148.752,0,0
22347.74,0,0
23228.626,0,0
23226.174,0,0
23192.797,0,0
23340.096,0,0
24856.865,0,0
27696.104,0,0
30562.95,0,0
33299.95,0,0
34540.973,0,0
34094.099,0,0
33384.436,0,0
32667.851,0,0
33840.13,0,0
36691.412,0,0
39822.837,0,0
41300.0,0,0
41100.0,0,0
40900.0,0,0
40800.0,0,0
40586.84,0,0
40181.726,0,0
39776.474,0,0
39457.653,0,0
39225.475,0,0
38993.438,0,0
38700.0,0,0
38500.0,0,0
38400.0,0,0
38400.0,0,0
38300.0,0,0
38200.0,0,0
38000.0,0,0
37711.845,0,0
37418.107,0,0
37071.169,0,0
36771.092,0,0
36471.014,0,0
36070.936,0,0
35370.859,0,0
34170.781,0,0
32970.703,0,0
31870.625,0,0
31198.728,0,0
31155.053,0,0
31111.437,0,0
31067.878,0,0
30783.094,0,0
30356.898,0,0
29908.538,0,0
28528.461,0,0
27922.553,0,0
27891.711,0,0
27961.144,0,0
27930.854,0,0
27830.204,0,0
27558.777,0,0
27187.072,0,0
26915.088,0,0
27004.415,0,0
27455.609,0,0
27907.268,0,0
28359.391,0,0
28583.44,0,0
28821.168,0,0
29058.934,0,0
29396.739,0,0
28531.665,0,0
25520.859,0,0
21915.176,0,0
17741.604,0,0
14155.008,0,0
11423.506,0,0
8541.769,0,0
6030.41,0,0
2879.151,0,0
0.0,1,1
0.0,1,1
0.0,1,1
0.0,1,1
0.0,1,1
0.0,1,1
0.0,1,1
0.0,1,1
0.0,1,1
0.0,1,1
0.0,1,1
0.0,1,1
0.0,1,1
0.0,1,1
0.0,1,1
0.0,1,1
0.0,1,1
0.0,1,1
0.0,1,1
0.0,1,1
0.0,1,1
0.0,1,1
0.0,1,1
0.0,1,1
0.0,0,0
1633.813,0,0
6778.236,0,0
12012.75,0,0
17126.658,0,0
18904.904,0,0
18513.739,0,0
18856.518,0,0
19924.167,0,0
23590.526,0,0
28199.744,0,0
31489.472,0,0
34063.893,0,0
35849.569,0,0
36961.08,0,0
37265.956,0,0
36854.284,0,0
36542.556,0,0
36230.771,0,0
35856.171,0,0
35626.847,0,0
35248.917,0,0
34870.898,0,0
34225.952,0,0
33413.788,0,0
32601.145,0,0
31568.489,0,0
30703.869,0,0
30186.151,0,0
29668.223,0,0
29150.083,0,0
29257.037,0,0
29889.56,0,0
30622.506,0,0
31226.559,0,0
30515.84,0,0
28401.524,0,0
26186.454,0,0
24070.63,0,0
23569.228,0,0
24682.956,0,0
25896.872,0,0
27010.977,0,0
27278.125,0,0
27156.639,0,0
26935.183,0,0
26813.757,0,0
26915.859,0,0
27541.544,0,0
28067.336,0,0
28155.668,0,0
28139.983,0,0
27977.446,0,0
27914.915,0,0
27852.39,0,0
27767.988,0,0
27561.678,0,0
26661.636,0,0
25677.209,0,0
25284.81,0,0
25584.563,0,0
25884.316,0,0
26184.069,0,0
25832.347,0,0
24716.2,0,0
23556.901,0,0
22377.504,0,0
19609.728,0,0
14519.941,0,0
11661.662,0,0
12342.098,0,0
13273.107,0,0
13086.647,0,0
11766.346,0,0
7983.557,0,0
3051.309,0,0
0.0,1,1
0.0,1,1
2295.497,0,0
5590.259,0,0
7996.392,0,0
6550.21,0,0
892.965,0,0
0.0,1,1
0.0,1,1
0.0,1,1
0.0,1,1
0.0,1,1
0.0,1,1
0.0,1,1
0.0,1,1
0.0,1,1
0.0,1,1
0.0,1,1
0.0,1,1
0.0,1,1
0.0,1,1
0.0,1,1
0.0,1,1
0.0,1,1
0.0,1,1
0.0,1,1
0.0,1,1
0.0,1,1
0.0,1,1
0.0,0,0
0.0,0,0
0.0,0,0
0.0,0,0
0.0,0,0
3266.412,0,0
5856.891,0,0
7265.84,0,0
8576.201,0,0
9887.978,0,0
11677.409,0,0
13100.356,0,0
14594.91,0,0
15990.884,0,0
16635.064,0,0
16526.381,0,0
16417.688,0,0
16308.987,0,0
12954.15,0,0
4929.021,0,0
0.0,0,0
0.0,0,0
0.0,0,0
0.0,0,0
0.0,0,0
0.0,0,0
0.0,0,0
0.0,0,0
0.0,0,0
0.0,0,0
0.0,1,1
0.0,1,1
0.0,1,1
0.0,1,1
0.0,1,1
0.0,1,1
0.0,1,1
6804.053,0,0
11324.213,0,0
11015.316,0,0
10706.409,0,0
10297.494,0,0
10187.825,0,0
10277.401,0,0
10266.964,0,0
10356.515,0,0
9580.04,0,0
8036.214,0,0
6490.603,0,0
4912.799,0,0
5751.222,0,0
8918.477,0,0
12089.043,0,0
15362.925,0,0
14871.862,0,0
9978.334,0,0
4796.827,0,0
1135.959,0,0
950.614,0,0
3373.811,0,0
4852.196,0,0
2763.409,0,0
0.0,1,1
0.0,1,1
0.0,1,1
0.0,1,1
0.0,1,1
0.0,1,1
0.0,1,1
0.0,1,1
0.0,1,1
0.0,1,1
0.0,1,1
0.0,1,1
0.0,1,1
0.0,1,1
0.0,1,1
0.0,1,1
0.0,1,1
0.0,0,0
0.0,0,0
0.0,0,0
0.0,0,0
0.0,0,0
0.0,0,0
0.0,0,0
0.0,0,0
6286.117,0,0
8663.368,0,0
8945.328,0,0
7316.66,0,0
7620.943,0,0
9692.37,0,0
13068.619,0,0
15855.955,0,0
18349.892,0,0
20887.023,0,0
23266.605,0,0
25469.949,0,0
28448.249,0,0
31297.881,0,0
33607.602,0,0
34842.779,0,0
35185.569,0,0
35528.656,0,0
35872.041,0,0
35875.123,0,0
35674.946,0,0
35474.77,0,0
35274.593,0,0
34970.984,0,0
34426.13,0,0
33780.976,0,0
33235.523,0,0
32812.314,0,0
32511.576,0,0
32210.838,0,0
31910.099,0,0
32010.484,0,0
32612.398,0,0
32819.382,0,0
32787.547,0,0
32487.441,0,0
31718.895,0,0
30710.727,0,0
29406.244,0,0
28737.584,0,0
28905.258,0,0
28973.067,0,0
29141.012,0,0
28617.087,0,0
27501.008,0,0
26384.686,0,0
25047.382,0,0
24746.728,0,0
25383.203,0,0
25899.143,0,0
26315.326,0,0
26752.582,0,0
27110.821,0,0
27307.747,0,0
27482.812,0,0
27276.053,0,0
25313.732,0,0
22452.877,0,0
18870.78,0,0
15345.361,0,0
10409.066,0,0
4997.196,0,0
0.0,1,1
0.0,1,1
0.0,1,1
0.0,1,1
1347.644,0,0
1925.6,0,0
494.676,0,0
0.0,1,1
0.0,1,1
0.0,1,1
0.0,1,1
0.0,1,1
0.0,1,1
490.981,0,0
1344.475,0,0
476.551,0,0
0.0,1,1
0.0,1,1
0.0,1,1
0.0,1,1
0.0,1,1
0.0,1,1
0.0,1,1
0.0,1,1
0.0,1,1
0.0,1,1
0.0,1,1
0.0,1,1
0.0,1,1
0.0,1,1
0.0,0,0
0.0,0,0
0.0,0,0
0.0,0,0
0.0,0,0
0.0,0,0
0.0,0,0
0.0,0,0
0.0,0,0
0.0,0,0
0.0,0,0
0.0,0,0
8959.199,0,0
17316.24,0,0
22875.661,0,0
26372.74,0,0
28610.74,0,0
30600.082,0,0
32490.047,0,0
33068.045,0,0
32272.572,0,0
31476.631,0,0
30680.22,0,0
28877.087,0,0
25914.877,0,0
22395.089,0,0
17377.804,0,0
14419.515,0,0
13522.222,0,0
12624.34,0,0
11491.177,0,0
13238.961,0,0
17066.159,0,0
20996.154,0,0
23382.894,0,0
23555.877,0,0
22016.654,0,0
20149.726,0,0
17528.186,0,0
17122.662,0,0
18935.617,0,0
19995.963,0,0
20730.084,0,0
20224.078,0,0
18675.72,0,0
16697.261,0,0
13959.569,0,0
11565.122,0,0
9414.709,0,0
7261.606,0,0
5075.353,0,0
5905.756,0,0
9868.285,0,0
13737.231,0,0
16149.512,0,0
19033.448,0,0
22072.875,0,0
24599.513,0,0
26422.236,0,0
27157.214,0,0
27002.141,0,0
26746.362,0,0
26589.876,0,0
26395.991,0,0
26143.382,0,0
25502.504,0,0
24859.851,0,0
23599.685,0,0
20766.239,0,0
17508.564,0,0
15805.255,0,0
15423.852,0,0
15851.277,0,0
15082.244,0,0
12887.133,0,0
9070.128,0,0
4357.837,0,0
2454.664,1,1
4201.302,1,1
6460.996,0,0
9246.166,0,0
9391.142,0,0
6392.737,0,0
3327.834,1,1
394.403,1,1
0.0,1,1
0.0,1,1
0.0,1,1
0.0,1,1
0.0,1,1
0.0,1,1
0.0,1,1
0.0,1,1
0.0,1,1
0.0,1,1
0.0,1,1
0.0,1,1
0.0,1,1
0.0,1,1
0.0,1,1
0.0,1,1
0.0,1,1
0.0,1,1
0.0,1,1
4007.362,1,1
8186.319,0,0
12261.905,0,0
16068.497,0,0
19894.643,0,0
24378.521,0,0
28864.693,0,0
32172.485,0,0
34651.317,0,0
36493.222,0,0
37813.517,0,0
38400.0,0,0
38400.0,0,0
38300.0,0,0
38200.0,0,0
38000.0,0,0
37800.0,0,0
37600.0,0,0
37400.0,0,0
37111.388,0,0
36741.857,0,0
36372.239,0,0
35873.988,0,0
35438.917,0,0
35387.07,0,0
35200.089,0,0
34913.166,0,0
34650.829,0,0
34313.019,0,0
33975.19,0,0
33637.342,0,0
32876.707,0,0
30780.685,0,0
28527.928,0,0
25623.647,0,0
24279.394,0,0
24601.195,0,0
24922.997,0,0
25244.798,0,0
25255.888,0,0
24956.268,0,0
24756.647,0,0
24457.027,0,0
25582.718,0,0
26985.883,0,0
27655.946,0,0
27700.0,0,0
27600.0,0,0
27600.0,0,0
27600.0,0,0
27600.0,0,0
27696.106,0,0
27696.106,0,0
27696.106,0,0
27696.106,0,0
27800.0,0,0
28000.0,0,0
28200.0,0,0
28400.0,0,0
27852.031,0,0
25566.589,0,0
22172.056,0,0
17397.238,0,0
14193.922,0,0
13742.676,0,0
11557.626,0,0
7028.764,0,0
2559.012,1,1
0.0,1,1
0.0,1,1
0.0,1,1
0.0,1,1
799.723,1,1
1877.714,1,1
2328.964,1,1
3818.191,1,1
6400.477,1,1
6102.497,1,1
2430.517,1,1
0.0,1,1
0.0,1,1
0.0,1,1
0.0,1,1
113.634,1,1
1153.678,1,1
2727.344,1,1
4703.181,1,1
7505.641,0,0
10905.493,0,0
10390.126,0,0
6341.779,1,1
1525.708,1,1
0.0,1,1
0.0,1,1
10488.848,0,0
21309.322,0,0
26943.665,0,0
28046.153,0,0
28652.017,0,0
29022.371,0,0
29190.07,0,0
30572.51,0,0
32917.796,0,0
35724.921,0,0
37169.241,0,0
36969.05,0,0
36936.866,0,0
36800.0,0,0
36700.0,0,0
36600.0,0,0
36500.0,0,0
36300.0,0,0
36000.0,0,0
35700.0,0,0
35500.0,0,0
35300.0,0,0
35100.0,0,0
35000.0,0,0
34765.679,0,0
34591.058,0,0
34528.305,0,0
34365.572,0,0
34302.857,0,0
34146.833,0,0
33797.41,0,0
33447.885,0,0
32935.577,0,0
32157.022,0,0
31613.533,0,0
30709.972,0,0
29884.663,0,0
29440.683,0,0
29478.019,0,0
29515.373,0,0
29552.746,0,0
29352.673,0,0
29015.12,0,0
28677.541,0,0
28239.938,0,0
27855.443,0,0
27466.8,0,0
26640.051,0,0
25812.983,0,0
24861.585,0,0
23364.446,0,0
21686.432,1,1
19880.862,1,1
19878.628,1,1
21581.248,1,1
23258.298,0,0
24655.884,0,0
25293.718,0,0
25492.967,0,0
25692.216,0,0
25891.465,0,0
25034.812,0,0
22953.711,0,0
20694.619,1,1
18213.97,1,1
16044.749,1,1
13915.976,1,1
13757.404,1,1
16471.706,1,1
19528.168,1,1
21550.655,1,1
21782.543,1,1
20613.535,1,1
19042.377,1,1
17049.249,1,1
17501.963,1,1
20559.469,1,1
23137.635,0,0
25161.71,0,0
26069.383,0,0
25817.831,0,0
25305.138,0,0
24657.444,0,0
26074.679,0,0
29551.596,0,0
34062.758,0,0
36777.973,0,0
36977.59,0,0
34314.112,0,0
30036.41,0,0
27041.523,0,0
24757.311,0,0
23193.611,0,0
20288.753,1,1
15735.262,1,1
14932.121,1,1
16749.854,1,1
18548.787,1,1
20161.852,1,1
22061.859,0,0
24056.925,0,0
25416.194,0,0
25808.211,0,0
25553.302,0,0
24933.613,0,0
25235.832,0,0
26935.534,0,0
27995.825,0,0
28618.475,0,0
29173.31,0,0
29666.287,0,0
30159.733,0,0
30553.647,0,0
30451.841,0,0
29553.521,0,0
28654.609,0,0
27755.106,0,0
27443.048,0,0
27519.055,0,0
27695.297,0,0
27771.772,0,0
29135.931,0,0
31283.783,0,0
32986.338,0,0
33442.35,0,0
33420.904,0,0
33220.87,0,0
33020.836,0,0
32820.803,0,0
32201.936,0,0
31364.216,0,0
30426.471,0,0
29588.7,0,0
28871.71,0,0
27392.79,0,0
25153.866,0,0
22203.436,0,0
20574.251,0,0
21039.788,0,0
21326.082,0,0
21586.197,0,0
22227.802,0,0
23151.33,0,0
24075.818,0,0
24718.047,0,0
25204.586,0,0
25556.006,0,0
25907.736,0,0
26259.775,0,0
26259.555,0,0
25906.612,0,0
25553.358,0,0
25099.792,0,0
24881.873,0,0
24899.738,0,0
24817.479,0,0
24835.094,0,0
23948.826,0,0
21097.952,0,0
17994.611,0,0
16843.685,0,0
16630.611,0,0
16714.911,0,0
15320.906,0,0
12346.093,0,0
10042.02,1,1
8569.674,1,1
6852.686,1,1
4490.337,1,1
880.417,1,1
0.0,1,1
0.0,1,1
0.0,1,1
0.0,1,1
428.704,1,1
418.257,1,1
0.0,1,1
0.0,1,1
0.0,1,1
0.0,1,1
0.0,1,1
891.399,1,1
2243.162,1,1
3579.486,1,1
4817.738,1,1
5796.19,1,1
6312.133,1,1
7480.263,1,1
9269.746,1,1
10895.355,0,0
12430.492,0,0
13958.743,0,0
15493.429,0,0
17181.967,0,0
18968.989,0,0
20485.389,0,0
22008.956,0,0
23198.561,0,0
24305.737,0,0
26877.465,0,0
30040.838,0,0
32355.011,0,0
34274.358,0,0
35148.322,0,0
35100.0,0,0
35100.0,0,0
35000.0,0,0
34900.0,0,0
34800.0,0,0
34600.0,0,0
34300.0,0,0
34000.0,0,0
33600.0,0,0
33400.0,0,0
33400.0,0,0
33300.0,0,0
33200.0,0,0
33200.0,0,0
33100.0,0,0
33000.0,0,0
32900.0,0,0
32800.0,0,0
32600.0,0,0
32235.749,0,0
31890.311,0,0
31072.502,0,0
29541.326,0,0
28109.611,0,0
26677.357,0,0
26086.113,0,0
26336.516,0,0
26687.227,0,0
26938.247,0,0
27460.624,0,0
27526.595,0,0
27434.961,0,0
27400.0,0,0
27200.0,0,0
27000.0,0,0
26900.0,0,0
26800.0,0,0
26700.0,0,0
26600.0,0,0
26500.0,0,0
26500.0,0,0
26400.0,0,0
26500.0,0,0
26500.0,0,0
26500.0,0,0
26600.0,0,0
26800.0,0,0
27000.0,0,0
27200.0,0,0
26455.626,0,0
23885.695,0,0
19517.9,0,0
13456.542,0,0
9560.412,0,0
9910.262,0,0
7859.262,0,0
2411.64,0,0
0.0,1,1
0.0,1,1
0.0,1,1
0.0,1,1
0.0,1,1
0.0,1,1
0.0,1,1
0.0,1,1
0.0,1,1
0.0,1,1
0.0,1,1
0.0,1,1
0.0,1,1
0.0,1,1
0.0,1,1
0.0,1,1
0.0,1,1
0.0,1,1
0.0,1,1
0.0,1,1
0.0,1,1
0.0,1,1
0.0,1,1
0.0,1,1
0.0,0,0
0.0,0,0
0.0,0,0
0.0,0,0
962.465,0,0
2259.083,0,0
6756.951,0,0
12959.347,0,0
18166.997,0,0
22392.724,0,0
24956.053,0,0
26915.349,0,0
28865.109,0,0
30856.822,0,0
32208.499,0,0
32870.222,0,0
32647.841,0,0
31557.186,0,0
30565.779,0,0
29403.682,0,0
27743.168,0,0
26012.32,0,0
23973.509,0,0
21679.007,0,0
21950.517,0,0
24815.17,0,0
26940.52,0,0
28888.51,0,0
28697.864,0,0
26215.865,0,0
23322.451,0,0
19784.915,0,0
18534.843,0,0
19675.145,0,0
20716.416,0,0
21858.655,0,0
21646.304,0,0
20378.242,0,0
19009.658,0,0
17640.551,0,0
16945.245,0,0
17124.325,0,0
17203.663,0,0
17383.26,0,0
17654.817,0,0
18218.532,0,0
18682.767,0,0
19147.524,0,0
17793.536,0,0
14419.231,0,0
9705.336,0,0
3942.796,1,1
681.78,1,1
673.267,1,1
664.748,1,1
756.223,1,1
3658.543,1,1
8624.337,1,1
13322.69,0,0
16215.009,0,0
17182.304,0,0
16522.594,0,0
15762.089,0,0
15000.788,0,0
15487.372,0,0
17262.213,0,0
18808.328,0,0
19870.542,0,0
17503.76,0,0
11508.169,0,0
7666.395,1,1
6151.205,1,1
6109.453,1,1
7581.286,1,1
7829.804,1,1
7224.1,1,1
6549.391,1,1
6181.988,1,1
4937.922,1,1
2054.282,1,1
0.0,1,1
0.0,1,1
0.0,1,1
532.851,1,1
11952.335,0,0
17536.738,0,0
17836.278,0,0
13826.013,0,0
8858.242,0,0
3014.577,1,1
3035.524,1,1
8680.254,0,0
13795.858,0,0
17109.27,0,0
17292.603,0,0
14501.061,0,0
11159.776,0,0
8455.027,1,0
8860.446,0,0
12049.046,0,0
14178.12,0,0
15321.791,0,0
17883.362,0,0
21454.848,0,0
25991.179,0,0
28956.753,0,0
29255.321,0,0
29679.25,0,0
30473.19,0,0
31418.375,0,0
31896.798,0,0
32491.318,0,0
31759.439,0,0
29452.209,0,0
26238.26,0,0
21948.76,0,0
19842.593,0,0
20024.631,0,0
20206.668,0,0
20488.706,0,0
21243.335,0,0
22670.75,0,0
23998.425,0,0
25145.021,0,0
26272.505,0,0
27509.924,0,0
28492.279,0,0
29178.703,0,0
29113.119,0,0
28295.311,0,0
27377.38,0,0
26338.053,0,0
25128.442,0,0
23828.529,0,0
22628.497,0,0
21428.346,0,0
20678.533,0,0
20479.147,0,0
20379.76,0,0
20180.374,0,0
20020.865,0,0
20001.198,0,0
19881.483,0,0
19861.721,0,0
19911.827,0,0
20231.782,0,0
20451.666,0,0
20671.478,0,0
20012.74,0,0
18475.701,0,0
16630.444,0,0
14529.875,0,0
14917.297,0,0
17792.101,0,0
20026.391,0,0
22082.668,0,0
23270.704,0,0
23850.136,0,0
24329.538,0,0
24808.909,0,0
24788.727,0,0
23986.972,0,0
23152.507,0,0
22301.622,0,0
20069.273,0,0
16477.58,0,0
13161.716,0,0
10183.969,0,0
7402.066,1,1
4471.701,1,1
925.465,1,1
0.0,1,1
0.0,1,1
0.0,1,1
0.0,1,1
0.0,1,1
0.0,1,1
0.0,1,1
0.0,1,1
0.0,1,1
0.0,1,1
2159.664,1,1
4931.729,1,1
8024.615,1,1
12445.094,0,0
18062.686,0,0
19647.739,0,0
17125.577,0,0
13158.675,0,0
7987.479,1,1
5285.223,1,1
5408.428,1,1
4643.955,1,1
2893.927,1,1
2556.025,1,1
4420.766,1,1
7519.774,1,1
11856.376,0,0
14449.85,0,0
15306.511,0,0
16550.869,0,0
17586.487,0,0
17881.986,0,0
18332.741,0,0
19341.877,0,0
20773.545,0,0
22205.975,0,0
23639.167,0,0
25814.733,0,0
28170.236,0,0
30124.179,0,0
31536.369,0,0
31525.135,0,0
29989.565,0,0
28159.304,0,0
25876.114,0,0
23665.012,0,0
21474.421,0,0
19282.771,0,0
15996.963,0,0
14418.573,0,0
15145.405,0,0
15872.757,0,0
16600.631,0,0
17198.321,0,0
17375.527,0,0
17652.925,0,0
17830.514,0,0
17527.502,0,0
16543.598,0,0
15659.499,0,0
14775.205,0,0
12806.798,0,0
9943.459,0,0
7078.247,0,0
4211.16,0,0
803.105,0,0
0.0,1,1
0.0,1,1
0.0,1,1
0.0,1,1
0.0,1,1
0.0,1,1
2326.07,0,0
5334.329,0,0
8791.835,0,0
12193.089,0,0
14105.75,0,0
13621.211,0,0
9631.65,0,0
4414.861,0,0
0.0,1,1
0.0,1,1
0.0,1,1
1093.756,0,0
3329.791,0,0
3562.458,0,0
1391.645,0,0
0.0,1,1
0.0,1,1
0.0,1,1
0.0,1,1
0.0,1,1
0.0,1,1
0.0,1,1
0.0,1,1
0.0,1,1
0.0,1,1
0.0,1,1
0.0,1,1
0.0,1,1
0.0,1,1
0.0,1,1
0.0,0,0
0.0,0,0
0.0,0,0
0.0,0,0
0.0,0,0
0.0,0,0
0.0,0,0
0.0,0,0
0.0,0,0
0.0,0,0
0.0,0,0
0.0,0,0
0.0,0,0
0.0,0,0
0.0,0,0
0.0,0,0
0.0,0,0
0.0,0,0
0.0,0,0
0.0,0,0
0.0,0,0
0.0,0,0
0.0,0,0
0.0,0,0
1238.979,0,0
1070.281,0,0
0.0,0,0
0.0,0,0
0.0,0,0
0.0,0,0
0.0,0,0
0.0,0,0
0.0,0,0
0.0,0,0
0.0,0,0
0.0,0,0
0.0,0,0
0.0,0,0
0.0,0,0
0.0,0,0
0.0,0,0
0.0,0,0
0.0,0,0
0.0,0,0
0.0,0,0
0.0,0,0
0.0,0,0
0.0,0,0
0.0,0,0
0.0,0,0
0.0,0,0
0.0,0,0
0.0,0,0
5840.356,0,0
13603.064,0,0
16387.843,0,0
16664.595,0,0
16941.667,0,0
17219.059,0,0
17587.831,0,0
18148.226,0,0
18609.268,0,0
19170.956,0,0
19524.256,0,0
20021.672,0,0
20519.681,0,0
21018.285,0,0
20956.496,0,0
20533.597,0,0
20010.337,0,0
19486.716,0,0
20327.329,0,0
22428.321,0,0
23779.877,0,0
25076.148,0,0
25317.808,0,0
25417.644,0,0
25617.481,0,0
25717.317,0,0
25054.107,0,0
23195.067,0,0
20657.543,0,0
17522.184,0,0
14165.345,0,0
10094.178,0,0
6350.588,0,0
3946.118,0,0
1173.575,0,0
0.0,1,1
0.0,1,1
0.0,1,1
0.0,1,1
0.0,1,1
0.0,1,1
0.0,1,1
0.0,1,1
0.0,1,1
0.0,1,1
0.0,1,1
0.0,1,1
0.0,1,1
0.0,1,1
0.0,1,1
0.0,1,1
0.0,1,1
0.0,1,1
0.0,1,1
0.0,1,1
0.0,1,1
0.0,1,1
0.0,1,1
0.0,1,1
0.0,0,0
0.0,0,0
0.0,0,0
4581.98,0,0
8807.272,0,0
11896.846,0,0
14579.014,0,0
17103.787,0,0
19700.673,0,0
23636.888,0,0
27479.706,0,0
29509.391,0,0
31219.346,0,0
32993.447,0,0
33600.0,0,0
33500.0,0,0
33300.0,0,0
33000.0,0,0
32800.0,0,0
32600.0,0,0
32500.0,0,0
32300.0,0,0
32200.0,0,0
32100.0,0,0
32000.0,0,0
31900.0,0,0
31768.163,0,0
31518.736,0,0
31113.013,0,0
30579.387,0,0
29396.531,0,0
28446.231,0,0
27708.192,0,0
26589.409,0,0
25368.918,0,0
23497.348,0,0
20459.929,0,0
17265.633,0,0
13020.552,0,0
12262.332,0,0
15463.13,0,0
17564.557,0,0
19569.213,0,0
19750.849,0,0
17905.062,0,0
16056.63,0,0
14105.547,0,0
12504.333,0,0
11246.416,0,0
10086.865,0,0
8825.676,0,0
8186.856,0,0
8071.616,0,0
7956.35,0,0
7941.058,0,0
7048.867,0,0
5277.737,0,0
3503.853,0,0
1796.396,0,0
0.0,1,1
0.0,1,1
0.0,1,1
0.0,1,1
0.0,1,1
0.0,1,1
4649.868,0,0
10813.144,0,0
10243.973,0,0
3843.207,0,0
0.0,1,1
0.0,1,1
0.0,1,1
0.0,1,1
0.0,1,1
0.0,1,1
0.0,1,1
0.0,1,1
0.0,1,1
0.0,1,1
0.0,1,1
0.0,1,1
0.0,1,1
0.0,1,1
0.0,1,1
0.0,1,1
0.0,1,1
0.0,1,1
0.0,0,0
0.0,0,0
0.0,0,0
0.0,0,0
0.0,0,0
0.0,0,0
0.0,0,0
0.0,0,0
0.0,0,0
0.0,0,0
0.0,0,0
0.0,0,0
0.0,0,0
0.0,0,0
0.0,0,0
0.0,0,0
0.0,0,0
906.454,0,0
9974.602,0,0
18032.093,0,0
19777.068,0,0
15465.934,0,0
10239.249,0,0
1901.75,0,0
0.0,0,0
0.0,0,0
0.0,0,0
0.0,0,0
0.0,0,0
0.0,0,0
0.0,0,0
0.0,0,0
0.0,0,0
0.0,0,0
0.0,0,0
0.0,0,0
0.0,0,0
0.0,0,0
0.0,0,0
0.0,0,0
0.0,0,0
0.0,0,0
0.0,0,0
3022.814,0,0
4550.147,0,0
0.0,0,0
0.0,0,0
0.0,0,0
0.0,1,1
0.0,1,1
0.0,1,1
0.0,1,1
0.0,1,1
0.0,1,1
0.0,1,1
0.0,1,1
0.0,1,1
0.0,1,1
0.0,1,1
0.0,1,1
0.0,1,1
0.0,1,1
0.0,1,1
0.0,1,1
4008.385,0,0
4004.658,0,0
4000.93,0,0
3997.201,0,0
932.75,0,0
0.0,1,1
0.0,1,1
0.0,1,1
0.0,1,1
0.0,1,1
0.0,1,1
0.0,1,1
0.0,1,1
0.0,0,0
0.0,0,0
0.0,0,0
0.0,0,0
0.0,0,0
0.0,0,0
0.0,0,0
0.0,0,0
0.0,0,0
4913.038,0,0
10905.512,0,0
13992.315,0,0
15003.956,0,0
15428.07,0,0
15335.734,0,0
15872.897,0,0
16999.443,0,0
16164.539,0,0
12625.197,0,0
7735.217,0,0
2155.965,0,0
730.032,0,0
3473.269,0,0
5709.227,0,0
7349.962,0,0
8199.19,0,0
8378.319,0,0
7367.362,0,0
5288.023,0,0
4844.93,0,0
6058.135,0,0
6976.107,0,0
7915.963,0,0
8808.025,0,0
9723.561,0,0
14359.466,0,0
20514.036,0,0
25154.307,0,0
28219.244,0,0
30286.016,0,0
31206.041,0,0
31626.114,0,0
31908.715,0,0
32435.269,0,0
33410.546,0,0
33457.83,0,0
33583.332,0,0
33467.92,0,0
33111.486,0,0
32755.023,0,0
32398.531,0,0
32289.068,0,0
32226.67,0,0
32164.291,0,0
32201.931,0,0
32196.118,0,0
32000.0,0,0
31900.0,0,0
31700.0,0,0
31600.0,0,0
31400.0,0,0
31200.0,0,0
31100.0,0,0
30600.0,0,0
30000.0,0,0
29300.0,0,0
28600.0,0,0
28200.0,0,0
28200.0,0,0
28110.99,0,0
27916.358,0,0
27583.82,0,0
27113.361,0,0
26299.43,0,0
25185.909,0,0
25211.34,0,0
26084.369,0,0
26149.623,0,0
26200.0,0,0
26100.0,0,0
26000.0,0,0
25900.0,0,0
25900.0,0,0
25800.0,0,0
25800.0,0,0
25800.0,0,0
25700.0,0,0
25800.0,0,0
26000.0,0,0
26200.0,0,0
26400.0,0,0
26424.046,0,0
26244.396,0,0
26153.074,0,0
25955.407,0,0
25312.184,0,0
24210.654,0,0
22888.929,0,0
21350.64,1,1
19330.769,1,1
16802.914,1,1
16995.717,1,1
19947.732,1,1
22815.927,0,0
25545.412,0,0
25306.569,0,0
22329.612,1,1
19050.788,1,1
15558.609,1,1
15176.427,1,1
17734.044,1,1
19668.081,1,1
20864.996,1,1
21798.315,1,1
22265.77,1,1
22810.329,0,0
23303.217,0,0
23414.55,0,0
23300.765,0,0
22966.921,0,0
22585.469,0,0
22330.655,1,1
22399.339,1,1
22494.446,0,0
22706.948,0,0
22574.442,0,0
21981.2,1,1
21303.378,1,1
19682.792,1,1
18718.666,1,1
18535.539,1,1
18839.097,1,1
20078.237,1,1
21912.621,1,1
23974.747,0,0
26002.209,0,0
27041.188,0,0
26840.71,0,0
26587.934,0,0
26596.959,0,0
27198.723,0,0
27700.726,0,0
28202.969,0,0
27861.488,0,0
26675.853,0,0
25489.88,0,0
24247.867,0,0
23758.237,0,0
24427.184,0,0
25016.243,0,0
25478.793,0,0
25770.786,0,0
26092.259,0,0
26313.875,0,0
26635.637,0,0
26998.619,0,0
27602.804,0,0
28000.564,0,0
28352.323,0,0
28775.312,0,0
29369.73,0,0
29307.462,0,0
29015.965,0,0
28801.28,0,0
28563.355,0,0
28325.43,0,0
28187.505,0,0
27830.606,0,0
27254.723,0,0
26778.827,0,0
26302.918,0,0
26031.35,0,0
25964.133,0,0
25896.917,0,0
25929.7,0,0
25900.0,0,0
25900.0,0,0
25800.0,0,0
25800.0,0,0
25900.0,0,0
26100.0,0,0
26300.0,0,0
26400.0,0,0
26800.0,0,0
27300.0,0,0
27700.0,0,0
28200.0,0,0
28192.144,0,0
27529.861,0,0
26848.95,0,0
26158.684,0,0
23942.231,0,0
20065.832,1,1
17495.442,1,1
16051.612,1,1
14180.909,1,1
12086.811,1,1
11659.754,1,1
13133.369,1,1
14065.473,1,1
14668.8,1,1
15956.729,1,1
17883.172,1,1
20043.557,1,1
22167.359,0,0
22777.408,0,0
21783.381,0,0
21410.351,0,0
21568.746,0,0
20513.131,0,0
18327.876,1,1
14738.558,1,1
10961.74,1,1
11518.122,1,1
16382.26,1,1
19595.601,1,1
20869.917,0,0
20794.48,0,0
19806.139,1,0
20558.711,0,0
23117.564,0,0
23695.026,0,0
22127.36,0,0
21050.26,0,0
20380.401,1,0
20820.944,0,0
22371.657,0,0
23127.571,0,0
23092.696,0,0
23097.966,0,0
22986.308,0,0
23322.898,0,0
23978.091,0,0
24302.143,0,0
24459.266,0,0
24173.938,0,0
23689.4,0,0
23304.796,0,0
22820.127,0,0
22427.266,0,0
22226.262,0,0
22025.258,0,0
21824.254,0,0
20663.01,0,0
17458.73,1,1
13883.661,1,1
10307.407,1,1
12883.211,1,1
20622.117,0,0
25187.631,0,0
28541.231,0,0
29358.801,0,0
28607.743,0,0
27910.636,0,0
27007.374,0,0
26255.509,0,0
25755.129,0,0
25154.75,0,0
24654.37,0,0
24464.791,0,0
24586.121,0,0
24807.595,0,0
24923.858,0,0
24849.055,0,0
24629.177,0,0
24409.361,0,0
24289.606,0,0
24305.439,0,0
24556.931,0,0
24808.577,0,0
25060.378,0,0
24146.614,0,0
21919.73,0,0
18677.16,1,1
14450.345,1,1
13874.336,1,1
17156.622,1,1
20049.058,1,1
22505.129,0,0
23842.214,0,0
24522.767,0,0
25103.382,0,0
25784.059,0,0
25333.775,0,0
23644.973,0,0
21954.875,0,0
20747.041,1,1
20761.198,1,1
21625.983,0,0
21884.168,0,0
21736.087,0,0
21471.509,0,0
21191.329,0,0
20433.112,1,1
19193.895,1,1
19039.854,1,1
19971.225,1,1
20209.312,1,1
20569.695,1,1
20444.983,1,1
19831.434,1,1
18708.688,1,1
17322.567,1,1
16036.296,1,1
15693.227,1,1
16117.41,1,1
17108.161,1,1
18217.864,1,1
19347.277,1,1
20528.245,1,1
21917.636,0,0
22587.874,0,0
22341.416,0,0
22088.367,0,0
21569.226,0,0
22433.931,0,0
24149.044,0,0
25642.688,0,0
26227.409,0,0
26733.765,0,0
27396.308,0,0
27954.661,0,0
28309.714,0,0
28824.968,0,0
29492.677,0,0
30217.802,0,0
31096.618,0,0
32249.198,0,0
33280.535,0,0
33830.803,0,0
34358.33,0,0
34448.875,0,0
34400.0,0,0
34200.0,0,0
34100.0,0,0
33900.0,0,0
33800.0,0,0
33600.0,0,0
33400.0,0,0
33300.0,0,0
33148.79,0,0
32816.271,0,0
32583.685,0,0
32317.334,0,0
32017.268,0,0
31817.203,0,0
31517.137,0,0
31283.401,0,0
31216.028,0,0
31148.7,0,0
31000.0,0,0
30500.0,0,0
29800.0,0,0
29000.0,0,0
28200.0,0,0
27800.0,0,0
27600.0,0,0
27310.593,0,0
27015.538,0,0
26648.924,0,0
26310.775,0,0
25872.594,0,0
25534.38,0,0
25215.177,0,0
25015.012,0,0
24714.846,0,0
24514.68,0,0
24452.685,0,0
24528.899,0,0
24605.166,0,0
24781.485,0,0
24743.231,0,0
24790.265,0,0
24737.166,0,0
24517.379,0,0
24817.041,0,0
25536.565,0,0
26089.595,0,0
26642.756,0,0
26644.464,0,0
25959.807,0,0
24408.284,0,0
22619.63,1,1
21778.482,1,1
22134.988,1,1
22142.672,1,1
21601.897,1,1
21219.74,1,1
20999.287,1,1
20412.312,1,1
19452.951,1,1
19013.925,1,1
18897.41,1,1
19088.735,1,1
19489.824,1,1
19187.315,1,1
18280.567,1,1
17872.723,1,1
17964.386,1,1
19087.987,1,1
21243.45,1,1
22820.661,1,1
24184.924,0,0
25210.832,0,0
25566.063,0,0
25635.979,0,0
25420.559,0,0
24803.696,0,0
23885.391,1,1
23534.883,1,1
23917.633,1,1
24177.22,1,1
24216.409,0,0
24762.287,0,0
25708.45,0,0
26987.69,0,0
28576.894,0,0
28990.147,0,0
28380.154,0,0
28107.347,0,0
28083.687,0,0
28505.667,0,0
29469.7,0,0
30417.221,0,0
31200.0,0,0
31600.0,0,0
32000.0,0,0
32200.0,0,0
32100.0,0,0
31900.0,0,0
31800.0,0,0
31700.0,0,0
31500.0,0,0
31300.0,0,0
31100.0,0,0
31000.0,0,0
30800.0,0,0
30700.0,0,0
30600.0,0,0
30400.0,0,0
30100.0,0,0
29800.0,0,0
29500.0,0,0
29300.0,0,0
29200.0,0,0
29100.0,0,0
29000.0,0,0
28700.0,0,0
28100.0,0,0
27500.0,0,0
26800.0,0,0
26376.867,0,0
26200.0,0,0
26000.0,0,0
25800.0,0,0
25600.0,0,0
25300.0,0,0
25000.0,0,0
24700.0,0,0
24400.0,0,0
24300.0,0,0
24100.0,0,0
23900.0,0,0
23800.0,0,0
23900.0,0,0
23909.545,0,0
23913.407,0,0
23907.635,0,0
23892.238,0,0
23876.822,0,0
23621.412,0,0
23591.887,0,0
23983.474,0,0
24475.094,0,0
24966.745,0,0
24845.302,0,0
24210.742,0,0
23415.419,0,0
22733.965,0,0
21415.715,0,0
19907.599,0,0
18557.159,0,0
17481.867,0,0
16088.142,0,0
14165.333,0,0
11834.919,0,0
9558.159,0,0
8061.556,0,0
7442.524,0,0
7659.107,0,0
8612.57,0,0
9822.909,0,0
11191.292,0,0
12734.374,0,0
14251.723,0,0
15036.384,0,0
15185.779,0,0
14288.455,0,0
12338.741,0,0
9799.987,0,0
5410.991,0,0
2149.153,1,1
117.225,1,1
0.0,1,1
0.0,1,1
0.0,1,1
0.0,1,1
0.0,1,1
308.353,1,1
644.388,1,1
610.792,1,1
237.738,1,1
0.0,1,1
0.0,1,1
0.0,1,1
0.0,1,1
0.0,1,1
0.0,1,1
0.0,1,1
0.0,1,1
0.0,1,1
0.0,1,1
0.0,1,1
0.0,1,1
0.0,1,1
2503.115,0,0
10208.639,0,0
13456.263,0,0
13253.413,0,0
13150.562,0,0
12947.71,0,0
16838.824,0,0
21902.439,0,0
25656.984,0,0
28176.859,0,0
28531.096,0,0
28369.454,0,0
28107.826,0,0
27946.21,0,0
27621.246,0,0
26884.313,0,0
25508.538,0,0
23780.697,0,0
22550.633,0,0
22435.835,0,0
22221.137,0,0
22106.537,0,0
21376.115,0,0
20029.198,0,0
18681.483,0,0
17200.748,0,0
15330.669,0,0
13559.496,0,0
11687.228,0,0
9081.724,1,1
9130.583,1,1
11460.967,1,1
13219.231,0,0
14979.205,0,0
15367.243,0,0
14381.547,0,0
13295.162,0,0
12308.087,0,0
12404.312,0,0
13584.87,0,0
14766.114,0,0
15948.045,0,0
16947.764,0,0
17822.144,0,0
18696.926,0,0
19572.111,0,0
20616.338,0,0
21233.132,0,0
21565.847,0,0
21140.131,0,0
19372.501,0,0
16608.207,0,0
14638.509,0,0
13806.967,0,0
12849.612,0,0
11983.134,0,0
10685.774,1,1
8801.726,1,1
7162.215,1,1
5575.991,1,1
4290.645,1,1
3219.013,1,1
1976.563,1,1
594.466,1,1
0.0,1,1
0.0,1,1
0.0,1,1
0.0,1,1
0.0,1,1
285.645,1,1
7245.949,1,1
11931.609,0,0
12996.538,0,0
12777.598,0,0
12834.58,0,0
13322.693,0,0
13107.739,0,0
12122.633,0,0
11258.576,1,1
10189.368,1,1
10608.29,1,1
12499.351,0,0
14047.36,0,0
15276.26,0,0
17031.618,0,0
19182.621,0,0
21161.048,0,0
23192.177,0,0
24753.358,0,0
25850.801,0,0
27723.29,0,0
29124.138,0,0
29544.463,0,0
30000.0,0,0
30100.0,0,0
30000.0,0,0
29800.0,0,0
29700.0,0,0
29600.0,0,0
29500.0,0,0
29300.0,0,0
29200.0,0,0
29000.0,0,0
28900.0,0,0
28700.0,0,0
28471.455,0,0
28002.922,0,0
26911.66,0,0
25154.424,0,0
22785.88,0,0
20726.317,0,0
19126.298,0,0
17263.401,0,0
15398.971,0,0
13609.974,0,0
10826.418,1,1
8040.702,1,1
5252.821,1,1
5043.701,0,0
7316.579,0,0
9591.613,0,0
11868.805,0,0
12368.786,0,0
12063.187,0,0
11857.583,0,0
11551.975,0,0
10951.357,0,0
9977.504,0,0
8703.512,0,0
7328.579,0,0
7221.545,0,0
8283.811,0,0
9347.008,0,0
10111.019,0,0
8542.511,0,0
3737.14,0,0
0.0,1,1
0.0,1,1
0.0,1,1
0.0,1,1
0.0,1,1
0.0,1,1
0.0,1,1
0.0,1,1
0.0,1,1
0.0,1,1
0.0,1,1
0.0,1,1
0.0,1,1
0.0,1,1
0.0,1,1
0.0,1,1
0.0,1,1
0.0,1,1
0.0,1,1
0.0,1,1
0.0,1,1
0.0,1,1
0.0,1,1
0.0,1,1
0.0,0,0
0.0,0,0
0.0,0,0
0.0,0,0
0.0,0,0
0.0,0,0
0.0,0,0
0.0,0,0
0.0,0,0
0.0,0,0
0.0,0,0
0.0,0,0
0.0,0,0
0.0,0,0
0.0,0,0
0.0,0,0
0.0,0,0
0.0,0,0
0.0,0,0
0.0,0,0
0.0,0,0
0.0,0,0
0.0,0,0
0.0,0,0
0.0,0,0
0.0,0,0
0.0,0,0
0.0,0,0
0.0,0,0
2863.169,0,0
4006.807,0,0
0.0,0,0
0.0,0,0
0.0,0,0
0.0,0,0
0.0,0,0
0.0,0,0
0.0,0,0
4902.81,0,0
10646.367,0,0
16119.978,0,0
19098.583,0,0
22119.217,0,0
24602.151,0,0
26425.142,0,0
27934.882,0,0
28029.621,0,0
28157.992,0,0
28200.0,0,0
28100.0,0,0
27900.0,0,0
27600.0,0,0
27300.0,0,0
27000.0,0,0
26800.0,0,0
26600.0,0,0
26400.0,0,0
26200.0,0,0
25900.0,0,0
25500.0,0,0
25100.0,0,0
24700.0,0,0
24400.0,0,0
24300.0,0,0
24100.0,0,0
23900.0,0,0
23900.0,0,0
24000.0,0,0
24100.0,0,0
24100.0,0,0
24300.0,0,0
24400.0,0,0
24600.0,0,0
24800.0,0,0
25000.0,0,0
25300.0,0,0
25600.0,0,0
26000.0,0,0
25368.446,0,0
23055.97,0,0
20712.78,0,0
19752.045,0,0
19213.112,0,0
18716.813,0,0
17651.492,0,0
15802.148,0,0
14379.961,0,0
13164.727,0,0
12076.833,0,0
7954.283,0,0
246.525,1,1
0.0,1,1
0.0,1,1
0.0,1,1
2445.964,1,1
6840.678,0,0
6642.902,0,0
4656.877,1,1
2241.751,1,1
1201.421,1,1
0.0,1,1
0.0,1,1
0.0,1,1
0.0,1,1
0.0,1,1
0.0,1,1
0.0,1,1
0.0,1,1
0.0,1,1
0.0,1,1
0.0,1,1
0.0,1,1
0.0,1,1
1775.09,1,1
4321.405,1,1
6221.402,0,0
7130.408,0,0
7718.028,0,0
7028.083,0,0
5364.45,1,0
5810.568,0,0
6347.784,0,0
7405.896,0,0
10886.426,0,0
14273.755,0,0
17767.904,0,0
19184.194,0,0
19463.885,0,0
19743.77,0,0
20023.85,0,0
21836.631,0,0
24646.85,0,0
27069.056,0,0
28759.001,0,0
29368.374,0,0
29168.084,0,0
29067.795,0,0
28867.505,0,0
28847.37,0,0
29007.529,0,0
28804.954,0,0
28680.408,0,0
28537.002,0,0
28474.719,0,0
28412.455,0,0
28350.211,0,0
28187.986,0,0
27825.781,0,0
27463.595,0,0
27101.428,0,0
26820.345,0,0
26520.332,0,0
26320.318,0,0
26020.304,0,0
25716.059,0,0
25207.529,0,0
24669.605,0,0
23474.426,0,0
22721.756,0,0
22711.873,0,0
22602.021,0,0
22492.2,0,0
22301.336,0,0
22129.335,0,0
21957.242,0,0
21785.055,0,0
22156.478,0,0
23071.687,0,0
23987.036,0,0
24530.727,0,0
24835.148,0,0
25173.086,0,0
25511.036,0,0
25948.999,0,0
25579.393,0,0
24626.481,0,0
23644.487,0,0
22514.775,0,0
22347.885,0,0
22989.777,0,0
23016.348,0,0
22234.737,0,0
21759.432,0,0
21392.937,0,0
20654.265,0,0
19475.488,0,0
18054.284,0,0
17097.253,1,1
16756.239,1,1
16933.132,1,1
16864.162,1,1
16646.829,1,1
16816.682,1,1
17476.803,1,1
17326.787,1,1
15998.456,1,1
14829.013,1,1
13207.556,1,1
12811.454,1,1
13589.143,1,1
13778.7,1,1
13280.934,1,1
11807.256,1,1
9555.975,1,1
8505.716,1,1
8421.225,1,1
10483.521,1,1
14163.058,1,1
16120.701,1,1
16997.555,1,1
17702.609,1,1
18438.174,0,0
19226.832,0,0
20219.485,0,0
21461.552,0,0
23055.14,0,0
24931.246,0,0
26690.08,0,0
27242.409,0,0
26136.899,0,0
24849.694,0,0
23435.915,0,0
22194.08,0,0
21516.657,0,0
20939.135,0,0
20261.515,0,0
20160.598,0,0
20636.531,0,0
21112.563,0,0
21488.693,0,0
22253.421,0,0
23078.513,0,0
23622.264,0,0
24266.159,0,0
24447.196,0,0
23965.23,0,0
23583.216,0,0
23101.153,0,0
22578.518,0,0
21915.347,0,0
21225.565,0,0
20355.74,0,0
20155.383,0,0
20424.594,0,0
20613.854,0,0
20776.596,0,0
20758.003,0,0
20558.003,0,0
20358.003,0,0
20158.003,0,0
19817.162,0,0
19235.48,0,0
18553.798,0,0
17972.116,0,0
18305.901,0,0
19655.152,0,0
21004.402,0,0
21844.237,0,0
22783.185,0,0
23603.747,0,0
23830.986,0,0
24058.225,0,0
24200.0,0,0
24400.0,0,0
24600.0,0,0
24700.0,0,0
25000.0,0,0
25400.0,0,0
25900.0,0,0
26267.694,0,0
26218.666,0,0
25793.264,0,0
25358.61,0,0
24918.943,0,0
23542.255,0,0
21429.395,0,0
20345.33,0,0
20308.17,0,0
20428.461,0,0
20706.451,0,0
20005.953,0,0
18394.32,0,0
16479.37,0,0
14341.286,1,1
13958.167,1,1
15330.95,1,1
16158.872,0,0
16237.206,0,0
14951.456,1,1
12761.932,1,1
12981.365,1,1
15711.67,1,1
17411.984,0,0
17509.774,0,0
16634.799,0,0
14689.209,1,1
14054.752,1,1
14833.645,1,1
14232.12,1,1
12351.317,1,1
12355.432,1,1
14230.54,1,1
16524.151,0,0
19419.085,0,0
20203.875,0,0
19125.554,0,0
17686.906,0,0
16145.299,1,1
15065.077,1,1
14948.294,1,1
15057.939,1,1
15698.427,1,1
16329.531,0,0
17036.635,0,0
16823.256,0,0
14801.509,1,1
12678.939,1,1
10655.546,1,1
11615.791,1,1
15661.876,1,1
18977.624,0,0
21171.143,0,0
21930.465,0,0
21154.567,0,0
20378.472,0,0
19602.181,0,0
19213.027,0,0
19111.156,0,0
19009.285,0,0
18907.413,0,0
19376.441,0,0
20416.712,0,0
21557.44,0,0
22390.503,0,0
22399.863,0,0
21737.377,0,0
20948.168,0,0
20079.221,0,0
19585.854,0,0
19468.362,0,0
19351.0,0,0
19208.77,0,0
19750.607,0,0
21054.893,0,0
22359.659,0,0
23332.826,0,0
23132.257,0,0
21857.263,0,0
20149.398,0,0
18540.811,0,0
17130.977,0,0
16066.687,0,0
14901.902,0,0
13736.621,1,1
13441.296,1,1
14116.52,1,1
14692.039,1,1
15267.854,0,0
15265.92,0,0
14585.865,1,1
14005.611,1,1
13425.159,1,1
12751.077,1,1
11983.143,1,1
11040.226,1,1
9490.771,1,1
9339.555,1,1
10415.251,1,1
11611.776,1,1
12413.501,1,1
12304.636,1,1
11166.571,1,1
9965.962,1,1
9207.227,1,1
10845.253,1,1
13883.1,1,1
16002.518,0,0
17556.729,0,0
17551.254,0,0
15887.397,0,0
15108.432,0,0
15316.775,0,0
15567.697,0,0
15963.026,0,0
16037.13,0,0
15892.359,0,0
16065.237,0,0
16855.978,0,0
17735.91,0,0
18904.173,0,0
20552.532,0,0
22680.582,0,0
24486.982,0,0
25719.743,0,0
26262.357,0,0
26014.869,0,0
26068.693,0,0
26222.837,0,0
25234.609,0,0
23202.416,0,0
20009.324,0,0
16433.264,0,0
14629.303,1,0
16567.946,0,0
18145.737,0,0
20081.135,0,0
21213.906,0,0
21446.801,0,0
21731.82,0,0
22258.377,0,0
21298.733,0,0
18884.155,0,0
15437.54,0,0
11151.338,1,1
11049.645,1,1
15133.539,0,0
18278.92,0,0
20492.792,0,0
22128.281,0,0
22856.534,0,0
23502.887,0,0
24149.386,0,0
25078.4,0,0
26358.987,0,0
27164.523,0,0
27970.215,0,0
28377.788,0,0
28187.115,0,0
27996.425,0,0
27805.721,0,0
27569.687,0,0
27288.314,0,0
27006.909,0,0
26725.472,0,0
26570.649,0,0
26342.496,0,0
26214.39,0,0
25986.331,0,0
25876.764,0,0
25685.585,0,0
25594.311,0,0
25502.944,0,0
25438.679,0,0
25601.916,0,0
25400.09,0,0
25176.139,0,0
25033.197,0,0
24871.223,0,0
24709.289,0,0
24647.394,0,0
24389.836,0,0
24136.445,0,0
23716.024,0,0
22783.756,0,0
21821.776,0,0
20429.4,0,0
18569.822,0,0
16707.194,0,0
15238.381,0,0
14845.876,0,0
14452.649,0,0
14058.699,0,0
14932.263,0,0
15657.008,0,0
15674.202,0,0
16195.864,0,0
15396.258,0,0
13374.638,0,0
11209.971,0,0
8358.069,0,0
5345.927,0,0
1624.76,1,1
101.382,1,1
1346.947,1,1
2750.441,0,0
4439.266,0,0
3260.179,0,0
0.0,1,1
0.0,1,1
0.0,1,1
0.0,1,1
0.0,1,1
0.0,1,1
0.0,1,1
0.0,1,1
0.0,1,1
0.0,1,1
0.0,1,1
0.0,1,1
0.0,1,1
0.0,1,1
0.0,1,1
0.0,1,1
0.0,1,1
0.0,1,1
0.0,1,1
0.0,1,1
2390.754,1,1
8587.498,0,0
13837.645,0,0
15760.268,0,0
15952.136,0,0
16634.977,0,0
17899.559,0,0
23209.775,0,0
29333.651,0,0
31319.077,0,0
30532.631,0,0
29450.028,0,0
28466.926,0,0
27832.961,0,0
28210.019,0,0
28466.8,0,0
28723.762,0,0
28612.498,0,0
28232.782,0,0
27752.943,0,0
27372.982,0,0
27216.922,0,0
27384.957,0,0
27553.128,0,0
27721.435,0,0
27710.581,0,0
27620.427,0,0
27530.228,0,0
27339.982,0,0
26925.234,0,0
26185.742,0,0
25274.608,0,0
24233.038,0,0
22880.988,0,0
21218.404,0,0
19297.236,0,0
17170.284,0,0
16868.99,0,0
18494.016,0,0
19814.008,0,0
20975.964,0,0
20635.746,0,0
18793.356,0,0
16535.668,0,0
14127.303,0,0
13735.633,0,0
15260.659,0,0
16785.685,0,0
17954.225,0,0
19116.414,0,0
20378.676,0,0
21435.775,0,0
22245.284,0,0
22335.293,0,0
21805.904,0,0
21080.422,0,0
20199.235,0,0
19037.709,0,0
17695.845,0,0
15738.857,0,0
13831.21,0,0
11809.321,0,0
8604.413,0,0
5291.635,0,0
2075.271,0,0
0.0,1,1
0.0,1,1
0.0,1,1
0.0,1,1
0.0,1,1
3411.199,0,0
6214.403,0,0
6838.321,0,0
4113.837,0,0
0.0,1,1
0.0,1,1
0.0,1,1
0.0,1,1
0.0,1,1
0.0,1,1
0.0,1,1
0.0,1,1
0.0,1,1
0.0,1,1
0.0,1,1
0.0,1,1
0.0,1,1
0.0,1,1
0.0,1,1
1270.095,0,0
4689.822,0,0
7902.372,0,0
10906.786,0,0
14010.904,0,0
14672.162,0,0
13192.522,0,0
11155.355,0,0
9881.29,0,0
9864.703,0,0
9583.47,0,0
9131.061,0,0
8836.498,0,0
8787.649,0,0
10830.98,0,0
14723.617,0,0
12290.986,0,0
1395.091,0,0
0.0,1,1
0.0,1,1
0.0,1,1
0.0,1,1
0.0,0,0
0.0,0,0
0.0,0,0
0.0,0,0
0.0,0,0
0.0,0,0
0.0,0,0
0.0,0,0
0.0,0,0
0.0,0,0
784.799,0,0
9019.976,0,0
15455.83,0,0
19657.685,0,0
20222.692,0,0
17737.105,0,0
14332.408,0,0
9998.645,0,0
9179.546,0,0
11776.423,0,0
14374.348,0,0
15913.227,0,0
17707.634,1,0
20033.581,0,0
21745.447,0,0
23457.926,0,0
24353.167,0,0
24589.771,0,0
24826.557,0,0
25063.525,0,0
24952.904,0,0
24394.465,0,0
23735.905,0,0
23177.223,0,0
23514.57,0,0
24545.238,0,0
24745.806,0,0
24900.0,0,0
24900.0,0,0
24900.0,0,0
24900.0,0,0
24900.0,0,0
25000.0,0,0
25300.0,0,0
25500.0,0,0
25700.0,0,0
25529.069,0,0
24930.914,0,0
24310.702,0,0
23679.762,0,0
21717.03,0,0
18348.34,1,1
17263.791,1,1
18940.306,1,1
20348.484,0,0
21384.085,0,0
21427.456,0,0
20585.183,0,0
19615.461,1,1
18414.669,1,1
18020.673,1,1
18432.294,1,1
18657.121,1,1
18804.608,1,1
19150.339,1,1
19590.327,1,1
20369.627,0,0
21525.38,0,0
21109.483,0,0
19146.344,1,1
16138.961,1,1
12794.818,1,1
11842.38,1,1
13457.592,1,1
14051.504,1,1
14030.637,1,1
16015.396,1,1
20265.798,0,0
24002.01,0,0
27238.741,0,0
27776.678,0,0
25733.008,0,0
24147.31,0,0
23031.575,0,0
21430.151,0,0
19394.614,1,1
16668.141,1,1
14169.69,1,1
17097.13,1,1
23500.754,0,0
26814.906,0,0
27819.123,0,0
28824.268,0,0
29830.343,0,0
29916.053,0,0
29636.978,0,0
29187.548,0,0
28708.665,0,0
28468.489,0,0
28267.197,0,0
28065.904,0,0
27964.61,0,0
27902.122,0,0
28078.615,0,0
28126.022,0,0
28103.192,0,0
27823.473,0,0
27016.282,0,0
26079.182,0,0
25241.516,0,0
24760.575,0,0
24836.963,0,0
24913.584,0,0
24890.44,0,0
25356.231,0,0
26057.091,0,0
26362.532,0,0
26668.658,0,0
26851.134,0,0
27109.72,0,0
27006.659,0,0
26881.747,0,0
26738.068,0,0
26575.592,0,0
26413.154,0,0
26250.754,0,0
26022.29,0,0
25627.647,0,0
25232.891,0,0
24838.022,0,0
24480.425,0,0
24389.653,0,0
24298.788,0,0
24107.829,0,0
24423.951,0,0
24840.579,0,0
24992.231,0,0
25144.065,0,0
25439.044,0,0
25677.058,0,0
25900.0,0,0
26100.0,0,0
25853.914,0,0
25168.939,0,0
24364.35,0,0
23555.623,0,0
18635.577,0,0
8526.927,1,1
2763.731,1,1
3541.276,1,1
4235.862,1,1
4017.74,1,1
5456.389,1,1
9027.194,1,1
12404.583,0,0
13926.492,0,0
13338.001,0,0
12359.52,0,0
12310.981,0,0
5423.617,1,1
4450.595,1,1
2701.631,1,1
0.0,1,1
0.0,1,1
0.0,1,1
1502.71,1,1
8714.731,1,1
12351.145,0,0
12570.581,0,0
10182.325,1,1
6297.059,1,1
4231.949,1,1
2938.406,1,1
2614.401,1,1
2343.629,1,1
1583.731,1,1
3524.935,1,1
7667.9,1,1
10904.925,0,0
13416.972,0,0
16227.009,0,0
19190.547,0,0
21426.097,0,0
23241.844,0,0
27014.393,0,0
31548.699,0,0
33242.916,0,0
33079.913,0,0
32916.953,0,0
32754.036,0,0
32637.754,0,0
32668.188,0,0
32600.0,0,0
32500.0,0,0
32300.0,0,0
32200.0,0,0
32100.0,0,0
31968.075,0,0
31702.52,0,0
31464.992,0,0
31227.418,0,0
30989.801,0,0
30908.445,0,0
30883.451,0,0
30858.546,0,0
30900.0,0,0
30800.0,0,0
30600.0,0,0
30400.0,0,0
30200.0,0,0
29900.0,0,0
29300.0,0,0
28800.0,0,0
28200.0,0,0
27800.0,0,0
27600.0,0,0
27400.0,0,0
27200.0,0,0
27000.0,0,0
26700.0,0,0
26500.0,0,0
26200.0,0,0
26000.0,0,0
25700.0,0,0
25400.0,0,0
25100.0,0,0
25000.0,0,0
25000.0,0,0
25000.0,0,0
25000.0,0,0
25200.0,0,0
25400.0,0,0
25700.0,0,0
25900.0,0,0
26300.0,0,0
26700.0,0,0
27000.0,0,0
27400.0,0,0
26964.942,0,0
24638.628,0,0
22242.936,0,0
20929.358,0,0
19113.409,0,0
16413.659,0,0
14304.6,0,0
12779.189,0,0
11566.306,0,0
10564.19,0,0
9349.862,0,0
7849.623,0,0
6895.543,0,0
6731.58,0,0
4730.438,1,1
827.586,1,1
0.0,1,1
0.0,1,1
0.0,1,1
0.0,1,1
0.0,1,1
2128.551,1,1
2316.785,1,1
0.0,1,1
0.0,1,1
0.0,1,1
0.0,1,1
0.0,1,1
0.0,1,1
0.0,1,1
0.0,1,1
0.0,1,1
0.0,1,1
0.0,1,1
0.0,1,1
98.5,1,1
1980.982,1,1
3485.144,1,1
7838.674,0,0
14181.983,0,0
18928.606,0,0
22306.407,0,0
25997.914,0,0
29854.787,0,0
31600.0,0,0
32100.0,0,0
32500.0,0,0
32900.0,0,0
33000.0,0,0
33000.0,0,0
32900.0,0,0
32800.0,0,0
32600.0,0,0
32400.0,0,0
32300.0,0,0
32100.0,0,0
31900.0,0,0
31900.0,0,0
31800.0,0,0
31800.0,0,0
31600.0,0,0
31300.0,0,0
31000.0,0,0
30700.0,0,0
30400.0,0,0
30300.0,0,0
30100.0,0,0
30000.0,0,0
29600.0,0,0
29100.0,0,0
28500.0,0,0
28000.0,0,0
27600.0,0,0
27400.0,0,0
27200.0,0,0
27000.0,0,0
26700.0,0,0
26300.0,0,0
26000.0,0,0
25700.0,0,0
25400.0,0,0
25200.0,0,0
25000.0,0,0
24700.0,0,0
24600.0,0,0
24600.0,0,0
24600.0,0,0
24600.0,0,0
24700.0,0,0
24900.0,0,0
25000.0,0,0
25200.0,0,0
25500.0,0,0
25900.0,0,0
26209.616,0,0
26513.456,0,0
26175.117,0,0
24397.844,0,0
21555.621,0,0
17565.861,0,0
14939.36,0,0
15033.876,0,0
13766.053,0,0
10522.353,0,0
8462.787,0,0
7853.581,0,0
5858.318,0,0
1372.253,0,0
0.0,1,1
0.0,1,1
0.0,1,1
0.0,1,1
0.0,1,1
0.0,1,1
0.0,1,1
0.0,1,1
0.0,1,1
0.0,1,1
0.0,1,1
0.0,1,1
0.0,1,1
0.0,1,1
0.0,1,1
0.0,1,1
0.0,1,1
0.0,1,1
0.0,1,1
0.0,1,1
0.0,1,1
0.0,1,1
0.0,1,1
0.0,1,1
1530.208,0,0
4593.06,0,0
8943.815,0,0
14309.186,0,0
18486.812,0,0
21450.988,0,0
25212.402,0,0
29444.291,0,0
31224.071,0,0
31623.85,0,0
31923.629,0,0
32323.407,0,0
32357.914,0,0
32070.109,0,0
31446.215,0,0
30721.583,0,0
30442.026,0,0
30508.367,0,0
30575.068,0,0
30642.13,0,0
30586.042,0,0
30306.373,0,0
29926.49,0,0
29646.394,0,0
29310.901,0,0
28820.091,0,0
28429.173,0,0
28038.146,0,0
28106.401,0,0
28634.581,0,0
29163.51,0,0
29252.753,0,0
28880.802,0,0
28104.996,0,0
27307.074,0,0
26245.824,0,0
25945.335,0,0
26206.161,0,0
26203.726,0,0
26279.295,0,0
26060.162,0,0
25646.203,0,0
24852.378,0,0
23908.684,0,0
23391.055,0,0
23099.792,0,0
22908.468,0,0
22617.08,0,0
22607.031,0,0
22778.506,0,0
23050.168,0,0
23322.016,0,0
23130.693,0,0
22675.763,0,0
22220.442,0,0
21764.729,0,0
21636.215,0,0
21835.193,0,0
22034.171,0,0
22133.148,0,0
22207.641,0,0
22024.166,0,0
21926.665,0,0
21721.623,0,0
21607.942,0,0
21589.801,0,0
19859.886,0,0
16431.002,0,0
11999.32,1,1
6194.174,1,1
935.219,1,1
0.0,1,1
0.0,1,1
0.0,1,1
0.0,1,1
0.0,1,1
0.0,1,1
0.0,1,1
0.0,1,1
0.0,1,1
0.0,1,1
0.0,1,1
0.0,1,1
0.0,1,1
0.0,1,1
0.0,1,1
4391.331,1,1
7497.909,1,1
11492.344,1,1
14674.745,0,0
15405.81,0,0
15118.632,0,0
13846.566,1,1
12087.498,1,1
12992.039,1,1
16484.485,0,0
19535.54,0,0
22341.206,0,0
24212.339,0,0
25156.158,0,0
25738.285,0,0
25956.997,0,0
26748.671,0,0
28081.324,0,0
28002.825,0,0
26787.619,0,0
25671.471,0,0
24325.832,0,0
23460.956,0,0
23258.031,0,0
23055.103,0,0
22852.174,0,0
23793.607,0,0
25392.346,0,0
26965.849,0,0
28260.656,0,0
28597.369,0,0
28396.434,0,0
28195.498,0,0
28094.561,0,0
28073.268,0,0
28431.801,0,0
28790.578,0,0
29049.6,0,0
29377.91,0,0
29447.355,0,0
29516.945,0,0
29586.679,0,0
29186.674,0,0
28516.734,0,0
27746.678,0,0
26976.506,0,0
26381.579,0,0
26091.014,0,0
25800.371,0,0
25609.65,0,0
25544.682,0,0
25605.755,0,0
25403.386,0,0
25279.007,0,0
25088.31,0,0
24831.209,0,0
24574.06,0,0
24358.924,0,0
24273.608,0,0
24344.448,0,0
24415.435,0,0
24386.569,0,0
24386.563,0,0
24215.197,0,0
24043.683,0,0
23872.022,0,0
23274.283,0,0
22381.792,0,0
21465.627,0,0
19960.341,0,0
17862.224,0,0
14371.688,1,1
10590.837,1,1
4393.576,1,1
1764.421,1,1
2599.31,1,1
3263.927,1,1
3756.831,1,1
6896.165,1,1
9889.223,1,1
12350.899,1,1
14222.444,1,1
14670.241,1,1
14042.579,1,1
13589.407,1,1
13114.609,1,1
12056.732,1,1
10425.722,1,1
10543.549,1,1
12411.99,1,1
14417.736,1,1
16209.689,0,0
16145.41,0,0
13433.753,1,1
9400.685,1,1
5336.941,1,1
7511.536,1,1
16454.589,0,0
22772.792,0,0
26792.633,0,0
28194.032,0,0
27118.313,0,0
27044.289,0,0
27871.205,0,0
27824.442,0,0
26821.74,0,0
25722.148,0,0
24471.789,0,0
24789.971,0,0
26652.051,0,0
28610.439,0,0
30354.828,0,0
31434.196,0,0
31716.098,0,0
31800.0,0,0
31700.0,0,0
31600.0,0,0
31600.0,0,0
31500.0,0,0
31400.0,0,0
31300.0,0,0
31200.0,0,0
31086.624,0,0
30716.067,0,0
30345.423,0,0
29974.69,0,0
29071.637,0,0
28066.079,0,0
27059.9,0,0
25577.844,0,0
25052.809,0,0
25616.715,0,0
26080.912,0,0
26464.92,0,0
26953.529,0,0
27569.237,0,0
28285.506,0,0
28529.819,0,0
28286.77,0,0
27729.495,0,0
27172.181,0,0
26556.688,0,0
25756.241,0,0
24827.994,0,0
23899.245,0,0
23049.024,0,0
23187.48,0,0
24252.965,0,0
25189.717,0,0
25276.232,0,0
25076.145,0,0
24489.122,0,0
23149.761,0,0
21579.274,0,0
20709.991,0,0
20993.336,0,0
21246.876,0,0
21328.431,0,0
21235.715,0,0
20844.991,0,0
20272.641,0,0
19699.893,0,0
20155.209,0,0
21483.965,0,0
22408.123,0,0
23432.998,0,0
23347.559,0,0
22398.4,0,0
21328.221,0,0
20247.392,0,0
18509.517,0,0
15933.97,0,0
14404.042,0,0
13744.475,0,0
13262.708,0,0
12381.63,0,0
11322.59,0,0
4552.858,0,0
0.0,1,1
0.0,1,1
0.0,1,1
0.0,1,1
0.0,1,1
0.0,1,1
0.0,1,1
0.0,1,1
0.0,1,1
0.0,1,1
0.0,1,1
0.0,1,1
0.0,1,1
0.0,1,1
0.0,1,1
0.0,1,1
0.0,1,1
0.0,1,1
0.0,1,1
0.0,1,1
0.0,1,1
763.614,0,0
1023.02,0,0
0.0,1,1
0.0,1,1
0.0,1,1
2060.724,0,0
8332.663,0,0
12504.922,0,0
14931.172,0,0
18143.427,0,0
21562.972,0,0
23157.938,0,0
23914.541,0,0
24593.893,0,0
25147.508,0,0
25741.037,0,0
26474.692,0,0
27209.195,0,0
27815.126,0,0
27713.505,0,0
26603.099,0,0
25562.402,0,0
24520.849,0,0
23618.085,0,0
23054.251,0,0
22463.268,0,0
21692.327,0,0
21971.164,0,0
23019.213,0,0
23938.968,0,0
24859.87,0,0
25219.757,0,0
25117.769,0,0
25015.778,0,0
25013.786,0,0
24711.792,0,0
24209.795,0,0
23807.797,0,0
23305.796,0,0
22539.319,0,0
21207.493,0,0
19974.503,0,0
18609.906,0,0
17825.89,0,0
17908.267,0,0
18091.039,0,0
18149.004,0,0
18270.564,0,0
18534.564,0,0
18899.05,0,0
19164.022,0,0
19345.384,0,0
19442.768,0,0
19440.149,0,0
19537.527,0,0
19250.423,0,0
18578.392,0,0
18005.768,0,0
17332.549,0,0
17001.595,0,0
16933.891,0,0
16740.485,0,0
16546.738,0,0
16547.173,0,0
16683.989,0,0
16614.405,0,0
16505.258,0,0
14313.481,0,0
8786.33,0,0
6361.927,1,1
8264.347,1,1
9390.507,0,0
9504.599,0,0
7722.088,1,1
3634.844,1,1
0.0,1,1
0.0,1,1
0.0,1,1
0.0,1,1
0.0,1,1
0.0,1,1
0.0,1,1
0.0,1,1
29.21,1,1
4382.773,1,1
4598.162,1,1
619.312,1,1
0.0,1,1
0.0,1,1
0.0,1,1
0.0,1,1
1845.375,1,1
6084.98,1,1
8372.907,1,1
8385.405,1,1
8575.404,0,0
8842.859,0,0
10564.134,0,0
13783.112,0,0
16764.679,0,0
19850.905,0,0
21604.373,0,0
22439.632,0,0
23287.695,0,0
24142.311,0,0
26863.733,0,0
30307.14,0,0
31600.0,0,0
31500.0,0,0
31400.0,0,0
31367.988,0,0
31267.969,0,0
31200.0,0,0
31100.0,0,0
31000.0,0,0
30900.0,0,0
30600.0,0,0
30400.0,0,0
30100.0,0,0
30000.0,0,0
29900.0,0,0
29900.0,0,0
29800.0,0,0
29800.0,0,0
29700.0,0,0
29700.0,0,0
29600.0,0,0
29500.0,0,0
29400.0,0,0
29172.733,0,0
28801.752,0,0
28435.07,0,0
27872.875,0,0
27310.726,0,0
26848.622,0,0
26486.563,0,0
26424.551,0,0
26362.584,0,0
26300.663,0,0
26176.973,0,0
25900.0,0,0
25700.0,0,0
25400.0,0,0
25200.0,0,0
25100.0,0,0
24900.0,0,0
24800.0,0,0
24700.0,0,0
24600.0,0,0
24600.0,0,0
24500.0,0,0
24500.0,0,0
24500.0,0,0
24500.0,0,0
24500.0,0,0
24700.0,0,0
24741.591,0,0
24632.441,0,0
23871.577,0,0
22693.749,0,0
21632.78,0,0
20512.162,0,0
19342.645,0,0
17207.907,0,0
13433.79,0,0
10147.356,0,0
7354.516,0,0
4219.527,0,0
432.186,0,0
0.0,1,1
0.0,1,1
0.0,1,1
0.0,1,1
0.0,1,1
0.0,1,1
0.0,1,1
0.0,1,1
0.0,1,1
0.0,1,1
0.0,1,1
0.0,1,1
0.0,1,1
0.0,1,1
0.0,1,1
0.0,1,1
0.0,1,1
0.0,1,1
0.0,1,1
0.0,1,1
0.0,1,1
0.0,1,1
0.0,1,1
0.0,1,1
0.0,0,0
0.0,0,0
0.0,0,0
0.0,0,0
0.0,0,0
1312.751,0,0
8855.125,0,0
15260.541,0,0
20530.841,0,0
25255.015,0,0
28315.501,0,0
29843.814,0,0
30690.573,0,0
31011.203,0,0
31000.0,0,0
30800.0,0,0
30577.215,0,0
30439.405,0,0
30239.382,0,0
30077.189,0,0
30000.0,0,0
29800.0,0,0
29700.0,0,0
29501.386,0,0
29287.641,0,0
28973.8,0,0
28954.693,0,0
28930.444,0,0
29006.26,0,0
28982.141,0,0
28901.094,0,0
28863.05,0,0
28724.98,0,0
28586.884,0,0
28381.928,0,0
28100.0,0,0
27600.0,0,0
27200.0,0,0
26900.0,0,0
26700.0,0,0
26600.0,0,0
26400.0,0,0
26200.0,0,0
25900.0,0,0
25600.0,0,0
25300.0,0,0
25000.0,0,0
24800.0,0,0
24600.0,0,0
24500.0,0,0
24400.0,0,0
24300.0,0,0
24300.0,0,0
24200.0,0,0
24300.0,0,0
24500.0,0,0
24600.0,0,0
24800.0,0,0
25100.0,0,0
25500.0,0,0
25900.0,0,0
26400.0,0,0
25846.653,0,0
23524.266,0,0
21341.011,0,0
20712.976,0,0
20171.281,0,0
19252.22,0,0
17326.515,0,0
14255.471,0,0
11186.207,0,0
8340.12,0,0
5887.416,0,0
3681.116,1,1
1497.676,1,1
0.0,1,1
0.0,1,1
0.0,1,1
0.0,1,1
0.0,1,1
0.0,1,1
0.0,1,1
0.0,1,1
0.0,1,1
0.0,1,1
0.0,1,1
0.0,1,1
0.0,1,1
0.0,1,1
0.0,1,1
0.0,1,1
0.0,1,1
0.0,1,1
0.0,1,1
0.0,1,1
0.0,1,1
0.0,1,1
3973.228,0,0
8560.09,0,0
12778.842,0,0
15241.372,0,0
16897.573,0,0
18503.904,0,0
20100.674,0,0
24021.234,0,0
28360.277,0,0
30000.0,0,0
30400.0,0,0
30777.548,0,0
31140.285,0,0
31156.396,0,0
30925.81,0,0
30795.092,0,0
30564.242,0,0
30091.486,0,0
29901.945,0,0
29712.314,0,0
29422.592,0,0
29188.146,0,0
28908.907,0,0
28529.486,0,0
28249.883,0,0
27835.925,0,0
27187.408,0,0
26538.434,0,0
25793.259,0,0
24822.962,0,0
23781.98,0,0
22740.14,0,0
21797.442,0,0
21353.956,0,0
21410.754,0,0
21568.121,0,0
21726.058,0,0
22095.016,0,0
22975.32,0,0
23500.423,0,0
23929.935,0,0
23909.101,0,0
23337.193,0,0
22664.959,0,0
22092.4,0,0
21655.241,0,0
21453.728,0,0
21352.213,0,0
21150.697,0,0
20868.012,0,0
20381.689,0,0
19814.381,0,0
19246.488,0,0
18282.736,0,0
16922.357,0,0
15039.793,0,0
13103.856,0,0
9355.777,0,0
2631.285,0,0
0.0,1,1
0.0,1,1
0.0,1,1
0.0,1,1
0.0,1,1
0.0,1,1
0.0,1,1
0.0,1,1
0.0,1,1
0.0,1,1
0.0,1,1
0.0,1,1
0.0,1,1
0.0,1,1
0.0,1,1
0.0,1,1
0.0,1,1
0.0,1,1
0.0,1,1
0.0,1,1
0.0,1,1
0.0,1,1
0.0,1,1
0.0,1,1
0.0,0,0
0.0,0,0
0.0,0,0
0.0,0,0
0.0,0,0
0.0,0,0
0.0,0,0
2495.971,0,0
4756.699,0,0
6015.239,0,0
7606.632,0,0
9326.666,0,0
10647.452,0,0
11583.317,0,0
12882.023,0,0
13982.169,0,0
17429.688,0,0
22559.855,0,0
27143.787,0,0
29500.0,0,0
29800.0,0,0
30100.0,0,0
30500.0,0,0
30900.0,0,0
31300.0,0,0
31700.0,0,0
31900.0,0,0
31700.0,0,0
31600.0,0,0
31500.0,0,0
31220.987,0,0
31020.961,0,0
30920.934,0,0
30720.907,0,0
30602.065,0,0
30464.383,0,0
30326.67,0,0
30188.924,0,0
30017.108,0,0
29911.294,0,0
29700.0,0,0
29400.0,0,0
29200.0,0,0
29100.0,0,0
29000.0,0,0
28800.0,0,0
28500.0,0,0
27678.744,0,0
26932.871,0,0
25529.878,0,0
24056.088,0,0
22484.328,0,0
20553.12,0,0
18520.194,0,0
17066.72,0,0
16864.478,0,0
16662.235,0,0
16359.99,0,0
14615.347,0,0
11230.372,0,0
5544.734,0,0
0.0,1,1
0.0,1,1
0.0,1,1
0.0,1,1
0.0,1,1
0.0,1,1
0.0,1,1
0.0,1,1
0.0,1,1
0.0,1,1
0.0,1,1
0.0,1,1
0.0,1,1
0.0,1,1
0.0,1,1
0.0,1,1
0.0,1,1
0.0,1,1
0.0,1,1
0.0,1,1
0.0,1,1
0.0,1,1
0.0,1,1
0.0,1,1
0.0,0,0
0.0,0,0
0.0,0,0
0.0,0,0
0.0,0,0
0.0,0,0
0.0,0,0
0.0,0,0
0.0,0,0
0.0,0,0
0.0,0,0
0.0,0,0
0.0,0,0
0.0,0,0
0.0,0,0
0.0,0,0
0.0,0,0
0.0,0,0
0.0,0,0
0.0,0,0
0.0,0,0
0.0,0,0
0.0,0,0
0.0,0,0
0.0,0,0
0.0,0,0
0.0,0,0
0.0,0,0
0.0,0,0
0.0,0,0
0.0,0,0
0.0,0,0
0.0,0,0
0.0,0,0
0.0,0,0
0.0,0,0
2049.026,0,0
5986.645,0,0
4809.919,0,0
3633.025,0,0
2455.963,0,0
1764.888,0,0
1559.922,0,0
1354.956,0,0
1049.987,0,0
1921.718,0,0
3770.4,0,0
5719.417,0,0
7214.98,0,0
6587.816,0,0
3314.103,0,0
0.0,0,0
0.0,0,0
0.0,0,0
0.0,0,0
2797.16,0,0
5766.958,0,0
5988.77,0,0
4085.256,0,0
1626.753,0,0
0.0,0,0
0.0,1,1
0.0,1,1
208.437,1,1
1077.886,1,1
3313.148,1,1
6160.203,1,1
9009.971,1,1
11862.457,1,1
12900.86,1,1
13085.112,1,1
13269.629,0,0
13554.411,0,0
14420.159,0,0
16067.577,0,0
17508.015,0,0
18587.419,0,0
19368.836,0,0
19751.786,0,0
20234.98,0,0
20618.42,0,0
19717.78,0,0
17631.686,0,0
14683.309,0,0
11657.385,1,1
10330.699,1,1
12270.376,1,1
13614.964,0,0
14946.206,0,0
13116.859,0,0
8109.922,1,1
4979.407,1,1
3426.107,1,1
5358.083,1,1
8599.428,1,1
12197.034,1,1
16030.6,0,0
19101.473,0,0
21669.297,0,0
21509.635,0,0
18598.377,0,0
15504.779,0,0
11418.389,1,1
10497.242,1,1
12648.156,1,1
12897.435,1,1
11514.439,1,1
13814.841,0,0
20027.413,0,0
26912.567,0,0
30747.068,0,0
30406.451,0,0
27343.484,0,0
23765.785,0,0
21899.314,0,0
21662.439,0,0
22414.736,0,0
22457.594,0,0
21850.448,0,0
22439.676,0,0
24120.035,0,0
25851.241,0,0
27433.052,0,0
28678.608,0,0
29507.977,0,0
30997.423,0,0
31957.127,0,0
31709.347,0,0
31533.739,0,0
31137.975,0,0
31501.839,0,0
31500.327,0,0
31576.596,0,0
31514.713,0,0
31414.68,0,0
31214.647,0,0
31114.614,0,0
31038.576,0,0
31086.533,0,0
30800.0,0,0
30600.0,0,0
30400.0,0,0
30300.0,0,0
30300.0,0,0
30200.0,0,0
30100.0,0,0
30000.0,0,0
29900.0,0,0
29800.0,0,0
29700.0,0,0
29500.0,0,0
29400.0,0,0
29300.0,0,0
29000.0,0,0
28400.0,0,0
27900.0,0,0
27300.0,0,0
27000.0,0,0
27000.0,0,0
26900.0,0,0
26900.0,0,0
26700.0,0,0
26400.0,0,0
26000.0,0,0
25700.0,0,0
25400.0,0,0
25300.0,0,0
25100.0,0,0
25000.0,0,0
24900.0,0,0
24900.0,0,0
24557.618,0,0
24309.671,0,0
24233.397,0,0
24328.766,0,0
24524.134,0,0
24619.502,0,0
24719.514,0,0
24824.182,0,0
24928.867,0,0
25033.568,0,0
24837.606,0,0
24551.161,0,0
24255.537,0,0
24054.956,0,0
23576.57,0,0
23017.671,0,0
22687.664,0,0
22590.707,0,0
22507.669,0,0
22335.893,0,0
22856.928,0,0
24167.958,0,0
24648.648,0,0
23781.206,0,0
21527.487,0,0
17456.517,0,0
15066.309,0,0
14474.657,0,0
14338.994,0,0
14664.37,0,0
14479.65,0,0
13508.669,0,0
13066.645,0,0
13443.696,0,0
13065.541,0,0
11815.305,0,0
8872.735,0,0
3287.118,1,1
0.0,1,1
0.0,1,1
0.0,1,1
0.0,1,1
0.0,1,1
0.0,1,1
0.0,1,1
0.0,1,1
0.0,1,1
0.0,1,1
0.0,1,1
0.0,1,1
0.0,1,1
0.0,1,1
0.0,1,1
0.0,1,1
0.0,1,1
0.0,1,1
0.0,1,1
0.0,1,1
0.0,1,1
5009.919,1,1
11323.154,0,0
16808.803,0,0
18179.041,0,0
15532.113,0,0
12884.765,0,0
10136.997,0,0
11257.595,0,0
16048.134,0,0
19317.762,0,0
21922.944,0,0
23098.17,0,0
22996.915,0,0
22795.659,0,0
22694.403,0,0
22451.567,0,0
21888.353,0,0
21399.812,0,0
20811.137,0,0
19154.43,0,0
16329.491,0,0
12467.895,0,0
7762.95,1,0
6048.032,0,0
7226.174,0,0
8507.647,0,0
9692.464,0,0
10176.186,0,0
9956.263,0,0
9736.291,0,0
9516.271,0,0
11065.904,0,0
13380.682,0,0
15127.746,0,0
16879.568,0,0
16769.388,0,0
14689.997,0,0
12605.75,0,0
10039.253,0,0
10993.247,0,0
14241.342,0,0
17319.465,0,0
19632.217,0,0
21723.953,0,0
23133.197,0,0
24545.437,0,0
25133.189,0,0
25176.941,0,0
24665.278,0,0
24135.664,0,0
23561.779,0,0
20981.074,0,0
15404.125,0,0
9279.455,0,0
2845.66,0,0
1178.333,1,0
5806.78,0,0
5854.125,0,0
0.0,1,1
0.0,1,1
0.0,1,1
0.0,1,1
0.0,1,1
0.0,1,1
0.0,1,1
0.0,1,1
0.0,1,1
0.0,1,1
0.0,1,1
0.0,1,1
0.0,1,1
0.0,1,1
0.0,1,1
0.0,1,1
0.0,1,1
0.0,1,1
0.0,1,1
0.0,1,1
0.0,1,1
0.0,1,1
1043.997,1,1
4121.533,0,0
7037.625,0,0
10140.129,0,0
13282.814,0,0
16105.968,0,0
18721.14,0,0
20612.748,0,0
22348.986,0,0
26219.553,0,0
30541.856,0,0
31791.144,0,0
30737.663,0,0
29353.282,0,0
27766.251,0,0
26455.502,0,0
25682.995,0,0
25009.697,0,0
24235.605,0,0
24671.959,0,0
26421.273,0,0
27864.001,0,0
28852.725,0,0
29393.089,0,0
29383.96,0,0
29274.973,0,0
29266.129,0,0
29349.407,0,0
29465.651,0,0
29423.178,0,0
29480.785,0,0
29380.492,0,0
29122.178,0,0
28963.783,0,0
28646.22,0,0
28107.067,0,0
27506.511,0,0
26905.955,0,0
26305.398,0,0
26122.703,0,0
26119.618,0,0
26116.636,0,0
26113.756,0,0
25874.641,0,0
25499.052,0,0
24769.64,0,0
23731.225,0,0
23623.293,0,0
24447.435,0,0
24695.332,0,0
24710.21,0,0
24678.579,0,0
24600.195,0,0
24421.714,0,0
24243.136,0,0
24095.835,0,0
23375.872,0,0
22244.865,0,0
21212.76,0,0
20856.232,0,0
21555.733,0,0
22229.272,0,0
22803.275,0,0
23052.833,0,0
22774.358,0,0
22052.659,0,0
20537.512,0,0
15510.21,0,0
4852.578,0,0
0.0,1,1
2454.033,1,1
5840.121,0,0
8902.839,0,0
9319.832,0,0
6267.161,0,0
4120.058,0,0
3060.391,1,1
826.998,1,1
0.0,1,1
0.0,1,1
0.0,1,1
0.0,1,1
0.0,1,1
0.0,1,1
0.0,1,1
0.0,1,1
0.0,1,1
0.0,1,1
0.0,1,1
0.0,1,1
0.0,1,1
0.0,1,1
0.0,1,1
0.0,1,1
0.0,1,1
0.0,1,1
0.0,1,1
0.0,1,1
4744.646,0,0
11136.666,0,0
16251.152,0,0
19529.572,0,0
21884.363,0,0
24181.12,0,0
26127.956,0,0
28264.608,0,0
30274.218,0,0
31112.762,0,0
31012.561,0,0
31012.359,0,0
30912.158,0,0
30773.565,0,0
30596.533,0,0
30397.035,0,0
29929.828,0,0
30267.021,0,0
30293.959,0,0
30300.0,0,0
30100.0,0,0
29900.0,0,0
29800.0,0,0
29700.0,0,0
29700.0,0,0
29538.089,0,0
29476.7,0,0
29400.0,0,0
29300.0,0,0
29200.0,0,0
29100.0,0,0
29100.0,0,0
29000.0,0,0
28700.0,0,0
28200.0,0,0
27700.0,0,0
27100.0,0,0
26800.0,0,0
26600.0,0,0
26400.0,0,0
26300.0,0,0
26100.0,0,0
25800.0,0,0
25500.0,0,0
25200.0,0,0
24900.0,0,0
24600.0,0,0
24300.0,0,0
24000.0,0,0
23900.0,0,0
24000.0,0,0
24100.0,0,0
24200.0,0,0
24247.175,0,0
24400.0,0,0
24600.0,0,0
24700.0,0,0
25000.0,0,0
25400.0,0,0
25707.959,0,0
26110.118,0,0
25887.733,0,0
25203.352,0,0
23680.662,0,0
22062.731,0,0
18579.911,0,0
11976.912,0,0
9086.706,1,0
11338.153,0,0
12137.012,0,0
11046.783,0,0
10313.255,0,0
9806.427,0,0
10057.081,0,0
10439.15,0,0
9722.919,0,0
4857.062,1,1
0.0,1,1
0.0,1,1
0.0,1,1
0.0,1,1
0.0,1,1
0.0,1,1
0.0,1,1
0.0,1,1
0.0,1,1
0.0,1,1
0.0,1,1
0.0,1,1
0.0,1,1
0.0,1,1
0.0,1,1
0.0,1,1
0.0,1,1
0.0,1,1
0.0,1,1
1460.904,1,1
5032.192,1,1
7968.601,1,1
11719.585,0,0
15955.783,0,0
19262.7,0,0
22031.131,0,0
25377.458,0,0
28784.956,0,0
30200.0,0,0
30500.0,0,0
30800.0,0,0
31100.0,0,0
31300.0,0,0
31300.0,0,0
31200.0,0,0
31200.0,0,0
31200.0,0,0
31000.0,0,0
30900.0,0,0
30700.0,0,0
30600.0,0,0
30500.0,0,0
30300.0,0,0
30200.0,0,0
30000.0,0,0
29800.0,0,0
29500.0,0,0
29300.0,0,0
29000.0,0,0
28900.0,0,0
28700.0,0,0
28500.0,0,0
28200.0,0,0
27700.0,0,0
27300.0,0,0
26800.0,0,0
26500.0,0,0
26400.0,0,0
26200.0,0,0
26100.0,0,0
25800.0,0,0
25500.0,0,0
25200.0,0,0
24866.727,0,0
24598.382,0,0
24359.219,0,0
24019.987,0,0
23780.685,0,0
23788.233,0,0
23900.0,0,0
23900.0,0,0
23900.0,0,0
23900.0,0,0
24100.0,0,0
24200.0,0,0
24400.0,0,0
24600.0,0,0
25100.0,0,0
25500.0,0,0
25900.0,0,0
25564.401,0,0
23997.755,0,0
21630.123,0,0
18479.904,0,0
15758.503,0,0
14335.828,0,0
11400.449,0,0
5307.636,0,0
0.0,1,1
0.0,1,1
0.0,1,1
0.0,1,1
0.0,1,1
0.0,1,1
0.0,1,1
0.0,1,1
0.0,1,1
0.0,1,1
0.0,1,1
0.0,1,1
0.0,1,1
0.0,1,1
0.0,1,1
0.0,1,1
0.0,1,1
0.0,1,1
0.0,1,1
0.0,1,1
0.0,1,1
0.0,1,1
0.0,1,1
0.0,1,1
0.0,0,0
0.0,0,0
0.0,0,0
0.0,0,0
759.489,0,0
5269.055,0,0
9843.624,0,0
14455.074,0,0
18135.752,0,0
21067.602,0,0
24884.504,0,0
28933.628,0,0
30500.0,0,0
30900.0,0,0
31200.0,0,0
31600.0,0,0
31700.0,0,0
31600.0,0,0
31500.0,0,0
31400.0,0,0
31300.0,0,0
31100.0,0,0
30900.0,0,0
30666.956,0,0
30500.0,0,0
30400.0,0,0
30200.0,0,0
30100.0,0,0
29900.0,0,0
29700.0,0,0
29500.0,0,0
29300.0,0,0
29100.0,0,0
28900.0,0,0
28700.0,0,0
28500.0,0,0
28200.0,0,0
27700.0,0,0
27300.0,0,0
26900.0,0,0
26600.0,0,0
26400.0,0,0
26300.0,0,0
26200.0,0,0
26000.0,0,0
25700.0,0,0
25400.0,0,0
25200.0,0,0
24900.0,0,0
24700.0,0,0
24500.0,0,0
24300.0,0,0
24200.0,0,0
24100.0,0,0
24100.0,0,0
24000.0,0,0
24000.0,0,0
24000.0,0,0
24000.0,0,0
24100.0,0,0
24200.0,0,0
24400.0,0,0
24700.0,0,0
24900.0,0,0
24574.85,0,0
23360.552,0,0
21589.405,0,0
19284.307,0,0
16854.255,0,0
14858.015,0,0
12176.041,0,0
8393.151,0,0
4217.261,0,0
0.0,1,1
0.0,1,1
0.0,1,1
0.0,1,1
0.0,1,1
0.0,1,1
0.0,1,1
0.0,1,1
0.0,1,1
0.0,1,1
0.0,1,1
0.0,1,1
0.0,1,1
0.0,1,1
0.0,1,1
0.0,1,1
0.0,1,1
0.0,1,1
0.0,1,1
0.0,1,1
0.0,1,1
0.0,1,1
0.0,1,1
0.0,1,1
0.0,0,0
0.0,0,0
571.041,0,0
3086.969,0,0
4573.381,0,0
9441.773,0,0
16947.056,0,0
23855.889,0,0
27537.965,0,0
28852.045,0,0
30693.545,0,0
31500.0,0,0
31400.0,0,0
31400.0,0,0
31400.0,0,0
31300.0,0,0
31100.0,0,0
30900.0,0,0
30800.0,0,0
30600.0,0,0
30400.0,0,0
30200.0,0,0
30000.0,0,0
29900.0,0,0
29700.0,0,0
29600.0,0,0
29400.0,0,0
29300.0,0,0
29300.0,0,0
29200.0,0,0
29100.0,0,0
28986.554,0,0
28715.07,0,0
28343.438,0,0
28071.658,0,0
27733.3,0,0
27328.522,0,0
27023.81,0,0
26619.163,0,0
26433.686,0,0
26467.398,0,0
26400.0,0,0
26200.0,0,0
26100.0,0,0
25900.0,0,0
25767.335,0,0
25433.233,0,0
25041.54,0,0
24461.446,0,0
23071.872,0,0
21681.474,0,0
20759.549,0,0
20658.182,0,0
20556.814,0,0
20455.446,0,0
19782.398,0,0
18737.077,0,0
17590.96,0,0
16412.008,0,0
15726.657,0,0
15923.57,0,0
16120.482,0,0
16317.391,0,0
16704.559,0,0
16947.146,0,0
16931.53,0,0
17611.692,0,0
17655.304,0,0
16945.158,0,0
16413.759,0,0
16082.468,0,0
16839.787,0,0
18384.994,0,0
19427.632,0,0
19475.256,0,0
19876.237,0,0
20755.244,0,0
20044.554,0,0
17387.765,0,0
13967.086,0,0
9609.097,0,0
7002.366,1,1
6164.362,1,1
3954.123,1,1
478.293,1,1
659.343,1,1
4388.943,1,1
7349.985,1,1
9402.901,0,0
10013.594,0,0
9290.787,0,0
8619.516,0,0
7838.784,1,0
9093.395,0,0
12129.056,0,0
16104.007,0,0
19110.407,0,0
20160.85,0,0
15507.08,0,0
8100.301,0,0
3471.74,1,1
6486.245,1,1
14970.077,0,0
20960.058,0,0
25057.973,0,0
28352.507,0,0
30723.786,0,0
31544.99,0,0
31293.715,0,0
31142.286,0,0
30725.974,0,0
29767.682,0,0
28572.982,0,0
27179.592,0,0
25426.653,0,0
23912.897,0,0
22230.4,0,0
20287.755,0,0
18343.015,0,0
15098.572,0,0
9395.0,0,0
2854.226,1,1
0.0,1,1
0.0,1,1
0.0,1,1
0.0,1,1
0.0,1,1
0.0,1,1
0.0,1,1
2777.942,1,1
5852.062,1,1
5540.007,1,1
1736.819,1,1
0.0,1,1
0.0,1,1
0.0,1,1
0.0,1,1
0.0,1,1
0.0,1,1
0.0,1,1
0.0,1,1
1181.719,0,0
6445.814,0,0
9775.618,0,0
11338.7,0,0
12288.572,0,0
13062.402,0,0
14229.195,0,0
15889.797,0,0
17342.407,0,0
18532.287,0,0
19320.356,0,0
19605.657,0,0
19891.257,0,0
20277.157,0,0
20663.19,0,0
21149.393,0,0
21605.515,0,0
21988.815,0,0
21619.656,0,0
19863.33,0,0
17627.517,0,0
14860.296,0,0
12305.846,0,0
9990.03,0,0
7499.519,0,0
4571.998,0,0
750.597,1,1
0.0,1,1
0.0,1,1
0.0,1,1
0.0,1,1
0.0,1,1
0.0,1,1
0.0,1,1
0.0,1,1
530.073,1,1
1067.971,0,1
201.413,1,1
0.0,1,1
224.317,1,1
318.408,1,1
291.289,1,1
0.0,1,1
0.0,1,1
0.0,1,1
1749.682,0,0
3147.782,0,0
3712.237,0,0
4291.991,0,0
5516.222,0,0
7083.425,0,0
8866.706,0,0
10926.327,0,0
13307.521,0,0
15880.507,0,0
18244.452,0,0
20611.077,0,0
23033.976,0,0
25065.491,0,0
26874.409,0,0
28686.545,0,0
29711.07,0,0
30209.298,0,0
30651.435,0,0
31044.99,0,0
31058.631,0,0
31034.411,0,0
30972.228,0,0
30810.103,0,0
30748.037,0,0
30547.83,0,0
30309.389,0,0
29970.882,0,0
29732.308,0,0
29570.327,0,0
29685.121,0,0
29700.095,0,0
29700.0,0,0
29600.0,0,0
29500.0,0,0
29376.779,0,0
29238.216,0,0
29247.804,0,0
29100.0,0,0
29000.0,0,0
28900.0,0,0
28600.0,0,0
28000.0,0,0
27400.0,0,0
26800.0,0,0
26400.0,0,0
26300.0,0,0
26100.0,0,0
26000.0,0,0
25795.978,0,0
25595.974,0,0
25495.97,0,0
25295.967,0,0
25100.0,0,0
24900.0,0,0
24700.0,0,0
24500.0,0,0
24400.0,0,0
24197.418,0,0
24078.936,0,0
23960.179,0,0
23900.466,0,0
23900.001,0,0
23899.536,0,0
23899.069,0,0
23929.073,0,0
23928.628,0,0
23362.873,0,0
22895.56,0,0
21740.898,0,0
19271.479,0,0
16470.054,0,0
12879.383,0,0
9749.976,0,0
6784.971,1,1
5405.955,1,1
5681.992,1,1
4878.469,1,1
3266.069,1,1
3557.219,1,1
5815.695,1,1
7934.497,1,1
8951.477,0,0
8320.868,0,0
6955.724,1,1
6584.798,1,1
7410.639,1,1
7311.482,1,1
6375.195,1,1
4239.472,1,1
909.698,1,1
0.0,1,1
0.0,1,1
0.0,1,1
0.0,1,1
0.0,1,1
0.0,1,1
0.0,1,1
0.0,1,1
3227.003,1,1
11732.986,0,0
18634.385,0,0
24125.354,0,0
26369.938,0,0
25782.37,0,0
24762.684,0,0
23417.869,0,0
23261.424,0,0
24288.039,0,0
24288.489,0,0
22984.884,0,0
20627.772,0,0
17691.016,0,0
16825.694,0,0
19641.927,0,0
21936.727,0,0
24045.812,0,0
24967.456,0,0
25157.887,0,0
25248.525,0,0
25439.37,0,0
25384.174,0,0
25182.781,0,0
24981.388,0,0
24879.994,0,0
23798.55,0,0
21908.389,0,0
19398.534,0,0
16986.96,0,0
15577.748,0,0
15372.743,0,0
15267.735,0,0
15162.724,0,0
16364.819,0,0
18674.146,0,0
20984.765,0,0
22676.462,0,0
23305.037,0,0
22997.746,0,0
22690.664,0,0
22483.792,0,0
21714.133,0,0
20681.251,0,0
19547.999,0,0
18514.377,0,0
18460.854,0,0
19587.886,0,0
20615.156,0,0
21642.664,0,0
22105.728,0,0
22283.915,0,0
22462.237,0,0
22640.694,0,0
22540.457,0,0
22161.374,0,0
21682.222,0,0
21303.002,0,0
21018.328,0,0
20828.201,0,0
20663.185,0,0
20366.917,0,0
19062.024,0,0
16647.43,0,0
13310.873,0,0
9400.804,0,0
3696.557,1,1
0.0,1,1
0.0,1,1
0.0,1,1
0.0,1,1
0.0,1,1
0.0,1,1
0.0,1,1
0.0,1,1
0.0,1,1
0.0,1,1
0.0,1,1
0.0,1,1
0.0,1,1
0.0,1,1
0.0,1,1
0.0,1,1
0.0,1,1
0.0,1,1
0.0,1,1
2888.646,1,1
5927.266,1,1
7902.341,1,1
8697.022,1,1
9937.402,0,0
11610.277,0,0
13189.271,0,0
15230.414,0,0
15601.906,0,0
14662.291,0,0
16180.568,0,0
20296.264,0,0
24288.955,0,0
28067.085,0,0
29439.724,0,0
28313.578,0,0
27944.16,0,0
28146.952,0,0
28419.338,0,0
28752.304,0,0
29080.452,0,0
29304.742,0,0
29836.764,0,0
30761.122,0,0
31100.0,0,0
31000.0,0,0
30900.0,0,0
30700.0,0,0
30600.0,0,0
30500.0,0,0
30400.0,0,0
30200.0,0,0
30100.0,0,0
29900.0,0,0
29700.0,0,0
29500.0,0,0
29400.0,0,0
29300.0,0,0
29200.0,0,0
29200.0,0,0
29000.0,0,0
28900.0,0,0
28700.0,0,0
28600.0,0,0
28500.0,0,0
28500.0,0,0
28500.0,0,0
28600.0,0,0
28300.0,0,0
27800.0,0,0
27197.491,0,0
26500.508,0,0
26001.906,0,0
25801.764,0,0
25601.622,0,0
25401.48,0,0
25032.284,0,0
24633.746,0,0
23674.143,0,0
22714.07,0,0
21765.127,0,0
20268.387,0,0
18550.033,0,0
16830.812,0,0
16875.615,0,0
18786.118,0,0
20593.346,0,0
21720.167,0,0
22433.697,0,0
22533.276,0,0
22632.855,0,0
22732.434,0,0
23452.243,0,0
24429.769,0,0
24947.874,0,0
25566.135,0,0
25800.0,0,0
24961.578,0,0
24506.687,0,0
23943.702,0,0
21296.835,0,0
16040.277,0,0
14617.211,0,0
18079.892,0,0
21300.9,0,0
23422.951,0,0
22255.321,0,0
17445.26,0,0
12823.757,0,0
8553.955,0,0
5132.246,0,0
2626.485,0,0
0.0,1,1
0.0,1,1
0.0,1,1
0.0,1,1
0.0,1,1
5587.184,0,0
6714.459,0,0
6210.044,0,0
2528.173,0,0
0.0,1,1
0.0,1,1
5251.961,0,0
9905.543,0,0
12212.606,0,0
11707.576,0,0
8312.6,0,0
5427.888,0,0
3364.38,0,0
2224.117,0,0
1908.333,0,0
0.0,1,1
0.0,1,1
0.0,1,1
0.0,1,1
0.0,1,1
0.0,1,1
0.0,1,1
0.0,1,1
0.0,1,1
0.0,1,1
4018.727,0,0
12619.45,0,0
17250.364,0,0
18037.606,0,0
18725.542,0,0
19514.172,0,0
18813.697,0,0
16722.279,0,0
13084.011,0,0
9281.24,0,0
7015.016,0,0
6187.341,0,0
5259.151,0,0
4185.033,0,0
3472.115,0,0
3160.681,0,0
2849.237,0,0
2537.783,0,0
159.542,1,1
0.0,1,1
0.0,1,1
0.0,1,1
0.0,1,1
0.0,1,1
558.124,1,1
5647.695,0,0
8052.61,0,0
8103.545,0,0
8254.918,0,0
8406.728,0,0
9366.983,0,0
11175.103,0,0
12173.099,0,0
13072.38,0,0
13671.286,0,0
14069.335,0,0
14468.026,0,0
14767.36,0,0
14964.657,0,0
14959.429,0,0
14954.193,0,0
14948.952,0,0
15044.079,0,0
15239.575,0,0
15435.067,0,0
15530.554,0,0
14813.628,0,0
13182.648,0,0
11449.473,0,0
8565.098,0,0
4917.805,0,0
51.403,0,0
0.0,1,1
0.0,1,1
0.0,1,1
0.0,1,1
0.0,1,1
0.0,1,1
0.0,1,1
0.0,1,1
0.0,1,1
0.0,1,1
0.0,1,1
0.0,1,1
0.0,1,1
0.0,1,1
0.0,1,1
0.0,1,1
0.0,1,1
0.0,1,1
0.0,1,1
0.0,1,1
0.0,1,1
0.0,1,1
0.0,1,1
0.0,1,1
0.0,0,0
0.0,0,0
0.0,0,0
0.0,0,0
0.0,0,0
0.0,0,0
2959.022,0,0
6557.394,0,0
10206.138,0,0
12659.304,0,0
13568.793,0,0
13554.891,0,0
15698.108,0,0
19253.719,0,0
21708.986,0,0
23717.168,0,0
25731.002,0,0
27690.574,0,0
28652.454,0,0
29052.214,0,0
29351.974,0,0
29751.733,0,0
29922.297,0,0
29557.516,0,0
29178.438,0,0
28899.066,0,0
28465.886,0,0
28178.972,0,0
27791.86,0,0
27504.551,0,0
27443.239,0,0
27908.38,0,0
28273.933,0,0
28739.896,0,0
28716.646,0,0
28553.412,0,0
28390.323,0,0
28227.379,0,0
28076.356,0,0
27937.118,0,0
27797.846,0,0
27658.538,0,0
27268.29,0,0
26727.173,0,0
26286.118,0,0
25700.0,0,0
25346.741,0,0
24990.743,0,0
24634.516,0,0
23400.471,0,0
22170.809,0,0
20575.567,0,0
18758.493,0,0
16939.687,0,0
17150.117,0,0
19593.206,0,0
21375.124,0,0
22821.966,0,0
22949.397,0,0
22948.291,0,0
23047.274,0,0
23046.345,0,0
22996.724,0,0
22798.185,0,0
22699.432,0,0
22102.682,0,0
21633.013,0,0
21542.319,0,0
21551.419,0,0
21560.314,0,0
21280.432,0,0
20391.234,0,0
18733.599,0,0
16912.929,0,0
12684.143,0,0
4400.531,0,0
0.0,1,1
0.0,1,1
0.0,1,1
0.0,1,1
0.0,1,1
0.0,1,1
0.0,1,1
0.0,1,1
0.0,1,1
0.0,1,1
0.0,1,1
0.0,1,1
0.0,1,1
0.0,1,1
0.0,1,1
0.0,1,1
0.0,1,1
0.0,1,1
0.0,1,1
0.0,1,1
0.0,1,1
0.0,1,1
0.0,1,1
0.0,1,1
0.0,0,0
0.0,0,0
0.0,0,0
0.0,0,0
0.0,0,0
0.0,0,0
0.0,0,0
1473.188,0,0
8294.894,0,0
12519.133,0,0
15976.339,0,0
18263.158,0,0
21192.582,0,0
23940.789,0,0
25570.8,0,0
26615.029,0,0
27270.352,0,0
27905.388,0,0
28403.175,0,0
28663.399,0,0
28864.391,0,0
28860.821,0,0
28660.59,0,0
28363.548,0,0
27861.203,0,0
27298.406,0,0
27005.202,0,0
27182.174,0,0
27459.437,0,0
27623.007,0,0
27590.721,0,0
27568.228,0,0
27545.817,0,0
27523.488,0,0
27423.342,0,0
27245.256,0,0
27167.087,0,0
26988.836,0,0
26688.566,0,0
26266.4,0,0
25844.317,0,0
25422.316,0,0
25141.737,0,0
25002.493,0,0
24863.214,0,0
24723.9,0,0
24523.717,0,0
24362.722,0,0
24201.768,0,0
24040.856,0,0
23791.648,0,0
23454.021,0,0
23116.272,0,0
22373.643,0,0
21985.436,0,0
22266.426,0,0
22447.665,0,0
22614.973,0,0
22534.902,0,0
22064.407,0,0
21593.493,0,0
21122.159,0,0
20703.322,0,0
20336.918,0,0
19790.258,0,0
19206.535,0,0
18818.791,0,0
18262.539,0,0
17079.575,0,0
15971.983,0,0
15910.513,0,0
16802.674,0,0
16321.867,0,0
14438.941,0,0
13008.007,0,0
12003.92,1,1
11324.418,1,1
10895.715,1,1
9674.781,1,1
7264.277,1,1
4779.559,1,1
0.0,1,1
0.0,1,1
0.0,1,1
0.0,1,1
0.0,1,1
0.0,1,1
0.0,1,1
0.0,1,1
0.0,1,1
1201.01,1,1
3929.119,1,1
4596.39,1,1
3511.864,1,1
1239.097,1,1
0.0,1,1
0.0,1,1
5025.409,1,1
9454.988,1,1
13125.561,0,0
15004.484,0,0
15586.188,0,0
16264.821,0,0
16537.461,0,0
17555.797,0,0
18563.434,0,0
20830.141,0,0
24368.682,0,0
27203.574,0,0
29385.556,0,0
30039.543,0,0
30097.246,0,0
30154.99,0,0
30112.773,0,0
30080.246,0,0
29957.417,0,0
29800.0,0,0
29600.0,0,0
29400.0,0,0
29102.716,0,0
28670.604,0,0
27924.021,0,0
27639.095,0,0
28154.082,0,0
28108.817,0,0
28163.632,0,0
28024.819,0,0
27792.192,0,0
26952.052,0,0
25841.439,0,0
25185.312,0,0
24984.255,0,0
24783.197,0,0
24582.139,0,0
24281.08,0,0
23880.02,0,0
23478.959,0,0
23077.897,0,0
22962.569,0,0
23233.12,0,0
23503.866,0,0
23774.808,0,0
24317.539,0,0
24467.487,0,0
24401.162,0,0
24300.0,0,0
24100.0,0,0
24100.0,0,0
24000.0,0,0
24000.0,0,0
23900.0,0,0
23700.0,0,0
23600.0,0,0
23408.097,0,0
23269.004,0,0
23327.587,0,0
23286.201,0,0
23300.0,0,0
23400.0,0,0
23656.85,0,0
23778.579,0,0
24000.265,0,0
24161.157,0,0
23802.041,0,0
23021.575,0,0
22116.453,0,0
20475.851,1,1
17774.057,1,1
17349.15,1,1
19591.823,1,1
22172.63,0,0
24880.035,0,0
24514.029,0,0
20908.267,0,0
16188.116,1,1
10308.187,1,1
9018.56,1,1
12538.827,1,1
14819.806,1,1
15705.048,1,1
16431.871,1,1
16984.439,1,1
17396.866,1,1
17771.011,1,1
18564.974,1,1
19577.462,1,1
20700.863,1,1
21465.539,0,0
21688.601,0,0
20875.25,1,1
19380.767,1,1
17027.014,1,1
17642.384,1,1
21272.832,0,0
24553.736,0,0
27702.244,0,0
28180.908,0,0
26014.37,0,0
23132.541,0,0
19846.447,1,1
18865.238,1,1
20216.465,1,1
22685.4,0,0
25550.377,0,0
28126.687,0,0
30176.654,0,0
30900.0,0,0
30900.0,0,0
30800.0,0,0
30700.0,0,0
30600.0,0,0
30400.0,0,0
30200.0,0,0
30000.0,0,0
29800.0,0,0
29600.0,0,0
29400.0,0,0
29200.0,0,0
29100.0,0,0
29000.0,0,0
28866.983,0,0
28631.468,0,0
28444.29,0,0
28305.486,0,0
28266.663,0,0
28127.818,0,0
27921.132,0,0
27368.128,0,0
26435.432,0,0
25502.444,0,0
25240.685,0,0
25850.812,0,0
26191.413,0,0
25924.227,0,0
25711.542,0,0
25553.249,0,0
25394.935,0,0
25336.601,0,0
25087.961,0,0
24849.022,0,0
24610.068,0,0
24271.101,0,0
24100.174,0,0
23997.323,0,0
23894.506,0,0
23791.723,0,0
23708.432,0,0
23700.0,0,0
23600.0,0,0
23500.0,0,0
23400.0,0,0
23500.0,0,0
23600.0,0,0
23700.0,0,0
23766.759,0,0
23908.299,0,0
24049.828,0,0
24191.347,0,0
24342.669,0,0
24146.911,0,0
23444.289,0,0
22821.407,0,0
21691.196,0,0
20246.436,0,0
19530.35,0,0
19753.064,0,0
20392.455,0,0
21646.71,0,0
20781.896,0,0
18032.607,0,0
13598.152,0,0
7323.493,1,1
2376.818,1,1
0.0,1,1
0.0,1,1
2238.375,1,1
4176.458,1,1
4160.439,1,1
6129.747,1,1
8134.766,1,1
9238.184,1,1
2646.947,1,1
0.0,1,1
0.0,1,1
0.0,1,1
0.0,1,1
0.0,1,1
2247.896,1,1
3527.199,1,1
624.669,1,1
0.0,1,1
0.0,1,1
0.0,1,1
5926.856,1,1
11658.671,1,1
16306.486,0,0
19053.397,0,0
20654.422,0,0
22311.885,0,0
24035.247,0,0
26928.777,0,0
29816.038,0,0
30800.0,0,0
30800.0,0,0
30800.0,0,0
30700.0,0,0
30577.181,0,0
30439.32,0,0
30301.432,0,0
30063.519,0,0
29792.942,0,0
29124.483,0,0
27476.613,0,0
25704.294,0,0
24655.861,0,0
25219.047,0,0
25682.62,0,0
26066.131,0,0
26690.304,0,0
27577.813,0,0
28301.508,0,0
28329.656,0,0
28372.333,0,0
28329.422,0,0
28286.55,0,0
28200.0,0,0
27900.0,0,0
27386.534,0,0
26729.285,0,0
26171.987,0,0
25819.675,0,0
25900.0,0,0
25800.0,0,0
25700.0,0,0
25500.0,0,0
25200.0,0,0
24900.0,0,0
24600.0,0,0
24400.0,0,0
24200.0,0,0
24100.0,0,0
23900.0,0,0
23800.0,0,0
23786.436,0,0
23575.008,0,0
23363.396,0,0
23357.379,0,0
23357.096,0,0
23356.813,0,0
23356.529,0,0
23427.353,0,0
23264.966,0,0
23188.458,0,0
23111.709,0,0
22889.251,0,0
22462.614,0,0
21953.097,0,0
21333.537,0,0
20467.579,0,0
19107.766,0,0
18995.658,0,0
19580.507,0,0
19795.083,0,0
19715.437,0,0
19802.38,0,0
20056.36,0,0
20326.497,0,0
20812.35,0,0
20047.145,0,0
18125.389,0,0
16132.615,1,1
14057.064,1,1
12843.905,1,1
12699.728,1,1
12145.931,1,1
11152.114,1,1
10347.978,1,1
9931.803,1,1
7728.174,1,1
3855.811,1,1
866.999,1,1
0.0,1,1
0.0,1,1
0.0,1,1
0.0,1,1
0.0,1,1
0.0,1,1
0.0,1,1
0.0,1,1
0.0,1,1
6204.944,1,1
15141.964,1,1
19463.572,0,0
21426.974,0,0
21427.514,0,0
20154.275,0,0
19721.209,0,0
20216.329,0,0
19621.907,0,0
18266.088,0,0
16578.5,0,0
14026.954,1,1
16019.21,1,1
20076.7,0,0
23290.433,0,0
25778.338,0,0
26285.123,0,0
24808.742,0,0
23331.483,0,0
21853.343,0,0
21892.682,0,0
23350.965,0,0
24910.322,0,0
26060.837,0,0
26688.749,0,0
27043.748,0,0
27399.061,0,0
27754.689,0,0
27779.737,0,0
27717.816,0,0
27555.922,0,0
27494.054,0,0
27332.213,0,0
26970.398,0,0
26708.61,0,0
26346.848,0,0
26065.926,0,0
25765.824,0,0
25565.723,0,0
25265.621,0,0
25142.367,0,0
24996.041,0,0
24700.0,0,0
24400.0,0,0
24200.0,0,0
24100.0,0,0
24000.0,0,0
23900.0,0,0
23800.0,0,0
23690.009,0,0
23516.424,0,0
23342.717,0,0
23148.585,0,0
22787.779,0,0
22426.572,0,0
22164.961,0,0
22686.935,0,0
24293.374,0,0
24947.829,0,0
25579.911,0,0
25847.639,0,0
25472.838,0,0
24566.312,0,0
23638.063,0,0
23204.736,0,0
23375.576,0,0
22487.093,0,0
20538.155,0,0
18461.169,0,0
16256.333,0,0
15198.105,0,0
15273.649,0,0
15107.955,0,0
14483.585,1,1
14415.597,1,1
14987.795,0,0
16037.006,0,0
10550.474,1,1
10027.434,1,1
7942.852,1,1
3612.569,1,1
0.0,1,1
0.0,1,1
0.0,1,1
0.0,1,1
0.0,1,1
0.0,1,1
0.0,1,1
0.0,1,1
0.0,1,1
0.0,1,1
0.0,1,1
0.0,1,1
0.0,1,1
0.0,1,1
463.409,1,1
6244.69,1,1
10819.408,1,1
14401.31,1,1
17337.243,0,0
19973.445,0,0
22532.276,0,0
25516.786,0,0
28412.591,0,0
29600.0,0,0
30000.0,0,0
30300.0,0,0
30600.0,0,0
30800.0,0,0
30700.0,0,0
30700.0,0,0
30600.0,0,0
30500.0,0,0
30300.0,0,0
30100.0,0,0
30000.0,0,0
29800.0,0,0
29700.0,0,0
29558.341,0,0
29382.775,0,0
29135.517,0,0
28916.593,0,0
28597.662,0,0
28378.725,0,0
28203.051,0,0
27870.594,0,0
27638.07,0,0
26919.66,0,0
25681.08,0,0
23613.121,0,0
20959.579,0,0
17968.588,0,0
16415.593,0,0
16791.599,0,0
17167.802,0,0
17644.202,0,0
17920.8,0,0
17994.916,0,0
18116.675,0,0
18138.579,0,0
18049.058,0,0
17848.004,0,0
17546.95,0,0
17345.895,0,0
17033.126,0,0
16708.533,0,0
16283.794,0,0
15906.31,0,0
15039.654,0,0
13886.466,0,0
12632.813,0,0
11478.696,0,0
11386.712,0,0
12557.409,0,0
13628.371,0,0
14799.598,0,0
14709.177,0,0
13557.084,0,0
11842.3,0,0
9403.543,0,0
4516.627,0,0
0.0,1,1
0.0,1,1
0.0,1,1
0.0,1,1
0.0,1,1
0.0,1,1
0.0,1,1
0.0,1,1
0.0,1,1
0.0,1,1
0.0,1,1
0.0,1,1
0.0,1,1
0.0,1,1
0.0,1,1
0.0,1,1
0.0,1,1
0.0,1,1
0.0,1,1
0.0,1,1
0.0,1,1
0.0,1,1
0.0,1,1
0.0,1,1
0.0,0,0
0.0,0,0
0.0,0,0
0.0,0,0
0.0,0,0
0.0,0,0
0.0,0,0
0.0,0,0
2420.33,0,0
11450.561,0,0
17424.381,0,0
20549.338,0,0
21971.611,0,0
23074.942,0,0
24329.413,0,0
24840.138,0,0
24857.785,0,0
24875.384,0,0
24892.935,0,0
25908.867,0,0
27917.93,0,0
29174.5,0,0
30374.645,0,0
30473.702,0,0
30387.45,0,0
30301.238,0,0
30200.0,0,0
30100.0,0,0
29986.601,0,0
29829.661,0,0
29672.711,0,0
29510.666,0,0
29400.0,0,0
29200.0,0,0
28900.0,0,0
28700.0,0,0
28500.0,0,0
28300.0,0,0
28100.0,0,0
27800.0,0,0
27300.0,0,0
26800.0,0,0
26400.0,0,0
26100.0,0,0
26000.0,0,0
25900.0,0,0
25800.0,0,0
25600.0,0,0
25300.0,0,0
25100.0,0,0
24800.0,0,0
24529.193,0,0
24195.329,0,0
23961.304,0,0
23727.115,0,0
23526.829,0,0
23560.688,0,0
23494.709,0,0
23428.893,0,0
23500.0,0,0
23700.0,0,0
23800.0,0,0
23900.0,0,0
24100.0,0,0
24200.0,0,0
24300.0,0,0
24400.0,0,0
24600.0,0,0
24700.0,0,0
24765.072,0,0
24869.691,0,0
24524.3,0,0
23863.0,0,0
22945.052,0,0
21601.457,0,0
20167.126,0,0
18745.721,0,0
18407.774,0,0
19357.623,0,0
19587.827,0,0
19198.799,0,0
18955.101,0,0
19478.724,0,0
19968.288,0,0
19953.538,0,0
18537.604,0,0
15274.05,0,0
13801.795,0,0
14207.781,0,0
15587.426,0,0
17479.159,0,0
18697.471,0,0
19143.696,0,0
20875.156,0,0
24047.259,0,0
26657.71,0,0
26910.592,0,0
25328.195,0,0
23617.826,0,0
22699.148,0,0
23162.471,0,0
23230.426,0,0
22950.744,0,0
22993.32,0,0
23356.568,0,0
24691.936,0,0
26408.397,0,0
26934.338,0,0
25809.304,0,0
24180.285,0,0
21904.821,0,0
19908.672,0,0
18540.985,0,0
16938.686,0,0
14465.523,0,0
12344.522,1,1
10375.865,1,1
8406.594,1,1
6505.781,1,1
6300.553,1,1
7792.077,1,1
9353.584,1,1
10916.01,1,1
9220.582,1,1
3644.087,1,1
0.0,1,1
0.0,1,1
0.0,1,1
0.0,1,1
0.0,1,1
0.0,1,1
0.0,1,1
0.0,1,1
0.0,1,1
3093.698,1,1
5120.207,1,1
2532.249,1,1
0.0,1,1
0.0,1,1
0.0,1,1
4865.13,1,1
10080.443,1,1
13949.126,0,0
15806.773,0,0
16681.747,0,0
17532.15,0,0
18192.318,0,0
18565.287,0,0
18650.68,0,0
18836.323,0,0
19022.217,0,0
19452.588,0,0
19927.627,0,0
20503.171,0,0
20996.996,0,0
21729.798,0,0
23026.859,0,0
23687.781,0,0
23859.874,0,0
24200.0,0,0
24400.0,0,0
24600.0,0,0
24900.0,0,0
25000.0,0,0
24903.608,0,0
24339.609,0,0
23759.064,0,0
22015.679,0,0
18399.697,0,0
16254.525,0,0
16084.269,0,0
16124.742,0,0
16246.055,0,0
14607.158,0,0
10557.248,1,1
5366.688,1,1
0.0,1,1
0.0,1,1
2623.276,1,1
8472.233,1,1
11630.845,1,1
11400.753,1,1
10624.417,1,1
8370.415,1,1
5720.867,1,1
7999.457,1,1
15329.697,0,0
20913.769,0,0
24462.787,0,0
25136.111,0,0
22958.217,0,0
20909.843,0,0
19103.811,0,0
17663.587,0,0
16228.378,0,0
12403.7,0,0
6242.47,1,1
2686.578,1,1
1798.533,1,1
0.0,1,1
0.0,1,1
0.0,1,1
0.0,1,1
3565.067,1,1
12204.86,1,1
18440.584,0,0
21922.848,0,0
23564.725,0,0
23561.255,0,0
23557.782,0,0
23454.306,0,0
22769.628,0,0
21202.865,0,0
19734.918,0,0
18165.787,0,0
18353.219,0,0
20099.116,0,0
21746.363,0,0
23259.998,0,0
23157.289,0,0
21336.224,0,0
19278.407,0,0
17218.889,0,0
17405.104,0,0
20039.752,0,0
22340.687,0,0
24143.314,0,0
25330.837,0,0
25720.977,0,0
25987.529,0,0
26254.4,0,0
25953.334,0,0
25083.85,0,0
24214.043,0,0
23219.628,0,0
22774.414,0,0
22960.714,0,0
23116.886,0,0
23100.373,0,0
21449.216,0,0
17658.239,1,1
12628.927,1,1
4412.685,1,1
1254.259,1,1
3998.048,1,1
6643.83,1,1
9291.608,1,1
11107.139,1,1
11792.153,1,1
12577.719,1,1
13363.836,1,1
14347.696,1,1
15529.663,1,1
16686.919,1,1
17552.21,1,1
19315.088,1,1
21711.981,0,0
23491.417,0,0
24596.366,0,0
24823.062,0,0
24808.056,0,0
24535.414,0,0
24354.145,0,0
23894.212,0,0
23140.941,0,0
22479.628,0,0
21918.107,0,0
21226.891,0,0
20499.523,0,0
20323.698,0,0
20700.062,0,0
20825.068,0,0
20797.25,0,0
20815.438,0,0
20779.618,0,0
21176.388,0,0
21807.493,0,0
21037.021,0,0
18955.295,1,1
15464.97,1,1
10798.405,1,1
10744.957,1,1
15263.399,1,1
18663.61,1,1
20833.622,0,0
21609.511,0,0
21105.437,0,0
20172.389,0,0
18815.2,1,1
19480.63,1,1
22029.775,0,0
24491.88,0,0
26887.461,0,0
27424.711,0,0
26316.698,0,0
24544.08,0,0
22414.343,0,0
23091.193,0,0
26337.212,0,0
29493.046,0,0
31268.687,0,0
31468.397,0,0
31839.329,0,0
32000.0,0,0
31900.0,0,0
31700.0,0,0
31500.0,0,0
31300.0,0,0
31200.0,0,0
31100.0,0,0
31000.0,0,0
30800.0,0,0
30600.0,0,0
30400.0,0,0
30200.0,0,0
30100.0,0,0
30000.0,0,0
29900.0,0,0
29800.0,0,0
29700.0,0,0
29700.0,0,0
29600.0,0,0
29500.0,0,0
29400.0,0,0
29200.0,0,0
29000.0,0,0
28800.0,0,0
28500.0,0,0
28000.0,0,0
27600.0,0,0
27100.0,0,0
26800.0,0,0
26700.0,0,0
26600.0,0,0
26500.0,0,0
26300.0,0,0
26000.0,0,0
25700.0,0,0
25400.0,0,0
25100.0,0,0
25000.0,0,0
24800.0,0,0
24700.0,0,0
24600.0,0,0
24500.0,0,0
24400.0,0,0
24400.0,0,0
24400.0,0,0
24400.0,0,0
24400.0,0,0
24400.0,0,0
24500.0,0,0
24700.0,0,0
24900.0,0,0
25100.0,0,0
25300.0,0,0
25309.063,0,0
25270.117,0,0
25032.724,0,0
23736.744,0,0
21205.869,0,0
19745.85,0,0
19246.94,0,0
18935.368,1,1
18802.611,1,1
17691.014,1,1
15596.51,1,1
12490.561,1,1
8234.092,1,1
7641.298,1,1
10941.376,1,1
12753.149,1,1
13116.74,1,1
14872.281,1,1
18112.195,1,1
21745.393,0,0
25641.531,0,0
26648.441,0,0
25277.846,0,0
24372.729,0,0
23841.071,0,0
23147.6,0,0
22492.497,0,0
21066.628,0,0
18981.263,1,1
18723.715,1,1
20258.104,0,0
21196.966,0,0
21659.009,0,0
22592.105,0,0
23868.845,0,0
25113.779,0,0
26350.951,0,0
27313.9,0,0
28003.361,0,0
28487.986,0,0
28776.462,0,0
29502.847,0,0
29989.41,0,0
30103.918,0,0
30381.439,0,0
30559.106,0,0
30822.931,0,0
29809.745,0,0
27425.699,0,0
23999.019,0,0
19561.405,0,0
17479.69,1,1
18067.418,1,1
18655.561,1,1
19244.121,0,0
19140.748,0,0
18244.71,1,1
17348.112,1,1
16450.952,1,1
16446.837,1,1
17036.499,1,1
17726.579,1,1
18417.078,1,1
19703.36,0,0
21560.06,0,0
22910.621,0,0
24261.951,0,0
24878.044,0,0
24775.785,0,0
24548.034,0,0
24220.48,0,0
24106.574,0,0
24006.168,0,0
24005.763,0,0
23905.357,0,0
23331.403,0,0
22362.19,0,0
20896.482,0,0
19530.362,0,0
17581.406,0,0
14273.602,1,1
10886.332,1,1
4921.561,1,1
3738.141,1,1
7337.793,1,1
10777.192,1,1
12668.034,1,1
14260.859,1,1
15355.457,1,1
16524.517,0,0
17398.685,0,0
18227.216,0,0
19010.031,0,0
19893.054,0,0
20676.283,0,0
21606.727,0,0
22132.058,0,0
22341.238,0,0
22637.464,0,0
20041.555,0,0
13931.28,1,1
11018.287,1,1
12706.616,1,1
15683.515,0,0
18968.665,0,0
19794.45,0,0
19051.369,0,0
16903.752,0,0
13649.646,1,1
13574.435,1,1
16892.51,0,0
19343.529,0,0
20899.215,0,0
21976.754,0,0
22494.388,0,0
23777.339,0,0
25721.142,0,0
25459.798,0,0
22980.448,0,0
19181.034,0,0
13972.504,1,1
10527.426,1,1
9065.453,1,1
0.0,1,1
0.0,1,1
0.0,1,1
0.0,1,1
0.0,1,1
2721.361,1,1
9240.09,1,1
18083.326,0,0
23092.355,0,0
25038.739,0,0
26221.745,0,0
26652.375,0,0
26627.812,0,0
26638.569,0,0
27855.139,0,0
29667.466,0,0
30505.043,0,0
30601.247,0,0
30597.483,0,0
30693.753,0,0
30732.253,0,0
30512.953,0,0
30393.645,0,0
30174.332,0,0
30112.863,0,0
29909.258,0,0
29800.0,0,0
29600.0,0,0
29400.0,0,0
29400.0,0,0
29400.0,0,0
29400.0,0,0
29400.0,0,0
29200.0,0,0
29100.0,0,0
29000.0,0,0
28800.0,0,0
28700.0,0,0
28600.0,0,0
28400.0,0,0
28100.0,0,0
27700.0,0,0
27300.0,0,0
26900.0,0,0
26600.0,0,0
26400.0,0,0
26200.0,0,0
26000.0,0,0
25800.0,0,0
25400.0,0,0
25100.0,0,0
24800.0,0,0
24500.0,0,0
24300.0,0,0
24100.0,0,0
23800.0,0,0
23800.0,0,0
23800.0,0,0
23900.0,0,0
23900.0,0,0
24000.0,0,0
24100.0,0,0
24200.0,0,0
24300.0,0,0
24500.0,0,0
25000.0,0,0
25400.0,0,0
25800.0,0,0
26100.0,0,0
26100.0,0,0
26200.0,0,0
26300.0,0,0
25261.836,0,0
23039.198,0,0
20818.697,0,0
18658.518,0,0
19106.897,0,0
22224.506,0,0
22358.268,0,0
19630.452,0,0
17220.02,0,0
15313.874,0,0
14680.6,0,0
15351.765,0,0
15491.671,0,0
15194.352,0,0
15369.267,0,0
16016.837,0,0
16463.581,0,0
16709.7,0,0
17262.795,0,0
18023.271,0,0
18810.257,0,0
19173.201,0,0
19236.054,0,0
18605.894,0,0
16258.278,0,0
11462.736,0,0
8521.135,0,0
7157.462,0,0
6296.068,1,0
8657.369,0,0
9260.555,0,0
8355.216,0,0
9403.482,0,0
12405.713,0,0
14449.483,0,0
16071.639,0,0
16619.805,0,0
16292.49,0,0
16162.669,0,0
16217.771,0,0
15318.888,0,0
13498.515,0,0
11777.04,0,0
10054.46,0,0
7777.741,0,0
3906.659,1,1
0.0,1,1
0.0,1,1
0.0,1,1
0.0,1,1
0.0,1,1
0.0,1,1
0.0,1,1
0.0,1,1
0.0,1,1
0.0,1,1
0.0,1,1
0.0,1,1
0.0,1,1
0.0,1,1
0.0,1,1
0.0,1,1
0.0,1,1
0.0,1,1
0.0,1,1
0.0,1,1
0.0,1,1
0.0,1,1
0.0,1,1
0.0,1,1
0.0,1,1
0.0,1,1
0.0,1,1
0.0,1,1
0.0,1,1
0.0,1,1
0.0,1,1
0.0,1,1
0.0,1,1
0.0,1,1
0.0,1,1
0.0,1,1
0.0,1,1
0.0,1,1
0.0,1,1
0.0,1,1
0.0,1,1
0.0,1,1
0.0,1,1
0.0,1,1
0.0,1,1
0.0,1,1
0.0,0,0
0.0,0,0
0.0,0,0
0.0,0,0
0.0,0,0
0.0,0,0
0.0,0,0
1087.169,0,0
4844.702,0,0
10825.523,0,0
13452.895,0,0
14074.126,0,0
14973.79,0,0
15695.127,0,0
17831.139,0,0
21160.375,0,0
24337.978,0,0
26540.069,0,0
27489.181,0,0
25750.118,0,0
22363.738,0,0
19532.413,0,0
18308.888,0,0
18957.572,0,0
19449.055,0,0
19683.891,0,0
19772.232,0,0
19914.1,0,0
19582.067,0,0
18976.032,0,0
19383.685,0,0
20998.962,0,0
22480.39,0,0
23829.113,0,0
24744.907,0,0
25219.952,0,0
25581.521,0,0
25680.394,0,0
25327.8,0,0
24536.414,0,0
24674.23,0,0
25859.34,0,0
27067.881,0,0
28169.618,0,0
29101.404,0,0
29780.113,0,0
30458.626,0,0
31122.956,0,0
30966.575,0,0
29848.202,0,0
28630.543,0,0
27156.053,0,0
27057.385,0,0
28333.274,0,0
29151.193,0,0
30068.576,0,0
30272.999,0,0
30211.911,0,0
30050.796,0,0
29889.654,0,0
29738.141,0,0
29596.254,0,0
29354.337,0,0
29112.389,0,0
28912.446,0,0
28654.562,0,0
28396.718,0,0
28138.914,0,0
27642.558,0,0
26948.84,0,0
25705.095,0,0
24561.799,0,0
23434.845,0,0
22071.776,0,0
20396.397,0,0
18721.566,0,0
17603.214,0,0
17305.326,0,0
17007.438,0,0
16709.548,0,0
16218.294,0,0
15533.905,0,0
14849.821,0,0
14066.041,0,0
13968.68,0,0
14457.28,0,0
14945.574,0,0
15433.562,0,0
16021.581,0,0
16505.602,0,0
16836.145,0,0
17266.39,0,0
17154.472,0,0
16600.946,0,0
15759.47,0,0
14793.237,0,0
15773.393,0,0
18360.509,0,0
20654.802,0,0
22614.769,0,0
23018.159,0,0
22252.367,0,0
22585.649,0,0
23844.012,0,0
24965.755,0,0
25885.919,0,0
25590.159,0,0
23830.522,0,0
22143.753,0,0
20358.761,0,0
19045.556,0,0
17937.943,0,0
17375.792,0,0
16941.077,0,0
17971.356,0,0
20263.435,0,0
21804.325,0,0
23077.03,0,0
23642.042,0,0
23308.091,0,0
22558.113,0,0
21291.372,0,0
21799.754,0,0
24077.643,0,0
25728.29,0,0
26505.238,0,0
26522.97,0,0
25897.452,0,0
25100.535,0,0
23768.125,0,0
22561.664,0,0
20939.356,0,0
19242.85,0,0
17231.447,0,0
13366.975,0,0
8943.038,0,0
0.0,1,1
0.0,1,1
0.0,1,1
0.0,1,1
0.0,1,1
0.0,1,1
0.0,1,1
0.0,1,1
0.0,1,1
0.0,1,1
0.0,1,1
0.0,1,1
0.0,1,1
0.0,1,1
0.0,1,1
0.0,1,1
0.0,1,1
0.0,1,1
0.0,1,1
0.0,1,1
0.0,1,1
0.0,1,1
0.0,1,1
0.0,1,1
0.0,0,0
0.0,0,0
0.0,0,0
0.0,0,0
359.865,0,0
4996.157,0,0
8352.598,0,0
11710.369,0,0
14109.535,0,0
15357.202,0,0
16607.667,0,0
17760.937,0,0
18821.998,0,0
19229.0,0,0
19736.686,0,0
20145.847,0,0
19438.716,0,0
17384.369,0,0
14821.307,0,0
12153.295,0,0
12040.244,0,0
14389.569,0,0
16743.832,0,0
18494.821,0,0
19788.975,0,0
20752.069,0,0
21482.524,0,0
22037.141,0,0
22227.578,0,0
22052.435,0,0
21776.497,0,0
21473.932,0,0
20868.9,0,0
20043.449,0,0
19215.816,0,0
18385.995,0,0
14103.036,0,0
4586.785,0,0
0.0,1,1
0.0,1,1
0.0,1,1
0.0,1,1
0.0,1,1
0.0,1,1
0.0,1,1
0.0,1,1
0.0,1,1
0.0,1,1
0.0,1,1
0.0,1,1
0.0,1,1
0.0,1,1
0.0,1,1
0.0,1,1
0.0,1,1
0.0,1,1
0.0,1,1
0.0,1,1
0.0,1,1
0.0,1,1
0.0,1,1
0.0,1,1
0.0,0,0
0.0,0,0
0.0,0,0
0.0,0,0
0.0,0,0
3849.788,0,0
8572.142,0,0
12865.831,0,0
17046.354,0,0
21229.948,0,0
24507.469,0,0
27202.607,0,0
29632.145,0,0
31678.51,0,0
32500.0,0,0
32400.0,0,0
32300.0,0,0
32100.0,0,0
32000.0,0,0
31900.0,0,0
31757.885,0,0
31481.429,0,0
31343.089,0,0
31142.953,0,0
30942.817,0,0
30742.681,0,0
30700.112,0,0
30600.0,0,0
30500.0,0,0
30400.0,0,0
30200.0,0,0
30200.0,0,0
30100.0,0,0
30000.0,0,0
29900.0,0,0
29800.0,0,0
29700.0,0,0
29600.0,0,0
29200.0,0,0
28700.0,0,0
28200.0,0,0
27600.0,0,0
27300.0,0,0
27200.0,0,0
26930.557,0,0
26577.244,0,0
26269.751,0,0
26008.385,0,0
25747.073,0,0
25385.817,0,0
25136.641,0,0
24739.663,0,0
23985.341,0,0
23129.977,0,0
22794.633,0,0
22980.291,0,0
23066.211,0,0
23152.396,0,0
23573.316,0,0
24215.389,0,0
24452.791,0,0
24590.412,0,0
24630.999,0,0
24439.449,0,0
23513.715,0,0
22486.231,0,0
21984.667,0,0
22376.034,0,0
22836.803,0,0
23123.316,0,0
21855.573,0,0
18385.425,0,0
14382.597,0,0
9922.755,0,0
9209.883,0,0
12461.42,0,0
12278.767,0,0
8413.42,0,0
4516.253,1,1
518.665,1,1
0.0,1,1
0.0,1,1
0.0,1,1
0.0,1,1
0.0,1,1
0.0,1,1
0.0,1,1
0.0,1,1
0.0,1,1
0.0,1,1
0.0,1,1
0.0,1,1
1114.794,1,1
2620.32,1,1
5028.897,1,1
8033.373,1,1
7590.363,1,1
4297.582,1,1
1313.904,1,1
0.0,1,1
760.07,1,1
6615.798,1,1
10860.03,0,0
13682.41,0,0
17899.063,0,0
22701.674,0,0
27423.541,0,0
30285.676,0,0
31182.323,0,0
31846.856,0,0
32090.906,0,0
32052.089,0,0
31913.231,0,0
31774.333,0,0
31654.726,0,0
31454.44,0,0
31354.154,0,0
31153.867,0,0
30972.953,0,0
30811.441,0,0
30549.97,0,0
30288.539,0,0
30188.323,0,0
30049.259,0,0
29910.154,0,0
29871.008,0,0
29790.184,0,0
29767.772,0,0
29745.443,0,0
29823.196,0,0
29701.031,0,0
29678.948,0,0
29656.947,0,0
29500.0,0,0
29100.0,0,0
28600.0,0,0
28000.0,0,0
27400.0,0,0
27100.0,0,0
27000.0,0,0
26900.0,0,0
26800.0,0,0
26546.951,0,0
26248.877,0,0
25950.734,0,0
25652.521,0,0
25403.318,0,0
25203.177,0,0
25003.036,0,0
24802.895,0,0
24761.719,0,0
24779.584,0,0
24797.555,0,0
24800.0,0,0
24800.0,0,0
24800.0,0,0
24800.0,0,0
24900.0,0,0
24900.0,0,0
25100.0,0,0
25300.0,0,0
25500.0,0,0
25600.0,0,0
25800.0,0,0
26000.0,0,0
26200.0,0,0
22297.884,0,0
11703.13,0,0
4683.165,1,1
4375.889,1,1
3556.723,1,1
1439.104,1,1
881.325,1,1
2482.103,1,1
5640.685,0,0
10426.693,0,0
9537.143,0,0
2161.36,1,1
0.0,1,1
0.0,1,1
0.0,1,1
0.0,1,1
0.0,1,1
0.0,1,1
0.0,1,1
0.0,1,1
0.0,1,1
0.0,1,1
0.0,1,1
0.0,1,1
0.0,1,1
0.0,1,1
400.898,1,1
1956.835,1,1
3871.06,1,1
6230.63,0,0
8909.577,0,0
11890.455,0,0
14393.804,0,0
16275.348,0,0
18113.611,0,0
19857.176,0,0
21345.352,0,0
22450.33,0,0
24510.907,0,0
26543.088,0,0
27108.953,0,0
27007.184,0,0
26805.414,0,0
26703.643,0,0
27031.171,0,0
27788.559,0,0
28413.727,0,0
28964.143,0,0
28763.149,0,0
28010.097,0,0
27081.083,0,0
26018.347,0,0
24911.391,0,0
23560.064,0,0
22175.296,0,0
20500.273,0,0
20200.292,0,0
21276.795,0,0
22428.512,0,0
23189.678,0,0
23519.389,0,0
23517.191,0,0
23414.991,0,0
23312.79,0,0
23010.587,0,0
22308.382,0,0
21706.176,0,0
21103.968,0,0
19835.531,0,0
17548.817,0,0
14976.176,0,0
12084.141,0,0
11344.916,0,0
13579.051,0,0
15055.952,0,0
16533.477,0,0
16925.131,0,0
16230.29,0,0
15435.239,0,0
14639.979,0,0
15032.896,0,0
16514.563,0,0
17705.315,0,0
18862.847,0,0
19585.96,0,0
19874.462,0,0
20263.117,0,0
20551.924,0,0
20070.924,0,0
18819.618,0,0
17567.801,0,0
15808.857,0,0
15510.413,0,0
16799.122,0,0
18062.417,0,0
19032.275,0,0
18885.742,0,0
17475.168,0,0
15753.099,0,0
14096.988,0,0
14282.161,0,0
16397.588,0,0
17633.295,0,0
18103.328,0,0
18447.198,0,0
18412.806,0,0
18222.646,0,0
14637.469,0,0
8340.08,0,0
2897.216,1,1
0.0,1,1
0.0,1,1
979.664,1,1
4432.986,1,1
6026.696,0,0
4734.301,0,0
793.087,1,1
0.0,1,1
0.0,1,1
0.0,1,1
0.0,1,1
0.0,1,1
0.0,1,1
0.0,1,1
0.0,1,1
0.0,1,1
649.192,1,1
5452.524,0,0
9297.317,0,0
12436.751,0,0
16091.717,0,0
20067.702,0,0
23031.353,0,0
25401.749,0,0
27936.687,0,0
30190.154,0,0
30456.831,0,0
28900.589,0,0
27014.328,0,0
24739.118,0,0
23994.976,0,0
24885.283,0,0
25676.96,0,0
26570.009,0,0
27250.843,0,0
27537.77,0,0
27601.907,0,0
27766.486,0,0
26727.51,0,0
23194.507,0,0
18684.887,0,0
11785.115,0,0
6107.138,0,0
2212.799,1,1
0.0,1,1
0.0,1,1
0.0,1,1
0.0,1,1
0.0,1,1
0.0,1,1
0.0,1,1
5891.535,0,0
11079.123,0,0
15097.609,0,0
15971.99,0,0
14971.029,0,0
13968.519,0,0
12964.457,0,0
12751.54,0,0
13232.07,0,0
13714.115,0,0
14197.679,0,0
14284.874,0,0
14074.542,0,0
13864.19,0,0
13553.818,0,0
14342.319,0,0
15932.036,0,0
17330.217,0,0
18495.699,0,0
18149.687,0,0
15997.753,0,0
13375.414,0,0
10383.889,0,0
9212.442,0,0
11721.632,0,0
13218.632,0,0
14817.996,0,0
16319.729,0,0
17623.84,0,0
18903.967,0,0
19986.244,0,0
18001.244,0,0
11860.171,0,0
4500.504,1,1
0.0,1,1
0.0,1,1
0.0,1,1
0.0,1,1
0.0,1,1
0.0,1,1
0.0,1,1
0.0,1,1
0.0,1,1
0.0,1,1
0.0,1,1
0.0,1,1
0.0,1,1
0.0,1,1
0.0,1,1
0.0,1,1
0.0,1,1
0.0,1,1
0.0,1,1
0.0,1,1
0.0,1,1
0.0,1,1
5970.418,1,1
9762.44,0,0
10248.094,0,0
13468.451,0,0
17523.394,0,0
19085.122,0,0
16477.595,0,0
11607.923,0,0
8438.127,0,0
10986.431,0,0
17577.23,0,0
22819.711,0,0
26946.431,0,0
29166.41,0,0
30132.991,0,0
30776.49,0,0
31037.481,0,0
31298.444,0,0
31559.38,0,0
31727.658,0,0
31700.0,0,0
31700.0,0,0
31600.0,0,0
31500.0,0,0
31300.0,0,0
31200.0,0,0
31100.0,0,0
30900.0,0,0
30800.0,0,0
30600.0,0,0
30500.0,0,0
30276.375,0,0
29937.179,0,0
29597.963,0,0
29358.726,0,0
29041.017,0,0
28644.745,0,0
28003.458,0,0
26966.537,0,0
26103.831,0,0
25515.764,0,0
24927.597,0,0
24239.33,0,0
23375.2,0,0
21858.97,0,0
20342.507,0,0
18825.809,0,0
18031.56,0,0
18223.485,0,0
18261.087,0,0
18398.845,0,0
18363.855,0,0
18456.039,0,0
18448.274,0,0
18440.561,0,0
18632.901,0,0
19025.292,0,0
19317.736,0,0
19710.231,0,0
20349.072,0,0
21050.97,0,0
21726.334,0,0
22301.831,0,0
21593.132,0,0
18181.797,0,0
13504.886,0,0
5515.202,1,1
1117.086,1,1
2186.813,1,1
3009.628,1,1
3832.572,1,1
6680.865,1,1
10940.259,0,0
12715.683,0,0
13906.128,0,0
13472.478,0,0
11938.567,0,0
8116.362,0,0
1609.846,1,1
0.0,1,1
0.0,1,1
0.0,1,1
0.0,1,1
0.0,1,1
0.0,1,1
0.0,1,1
0.0,1,1
0.0,1,1
0.0,1,1
0.0,1,1
0.0,1,1
7753.594,1,1
14587.471,0,0
15082.231,0,0
13365.275,0,0
10427.237,0,0
7887.212,1,1
7043.654,1,1
7946.419,1,1
8082.799,0,1
7721.678,1,1
9056.895,0,0
11944.638,0,0
14838.351,0,0
17937.284,0,0
18874.143,0,0
18381.031,0,0
18437.066,0,0
19243.499,0,0
21923.046,0,0
24981.916,0,0
27187.794,0,0
29052.249,0,0
30462.473,0,0
31873.402,0,0
32456.103,0,0
32355.913,0,0
32255.724,0,0
32155.534,0,0
31763.91,0,0
30734.209,0,0
29703.929,0,0
28673.069,0,0
28216.895,0,0
28509.171,0,0
28777.326,0,0
28945.739,0,0
29160.6,0,0
29321.959,0,0
29383.642,0,0
29545.647,0,0
29323.967,0,0
28860.1,0,0
28382.076,0,0
28003.857,0,0
27371.834,0,0
26686.082,0,0
25900.232,0,0
25214.283,0,0
24820.772,0,0
24719.771,0,0
24618.769,0,0
24517.766,0,0
24834.923,0,0
25370.683,0,0
25599.074,0,0
25474.34,0,0
25222.964,0,0
24944.802,0,0
24666.572,0,0
24388.272,1,1
24317.371,1,1
24353.993,1,1
24390.712,1,1
24527.527,0,0
24500.0,0,0
24600.0,0,0
24600.0,0,0
24700.0,0,0
24800.0,0,0
25000.0,0,0
25200.0,0,0
25400.0,0,0
25600.0,0,0
25800.0,0,0
26000.0,0,0
26100.0,0,0
25591.207,0,0
24385.621,1,1
23149.919,1,1
21802.153,1,1
22306.674,1,1
24460.375,1,1
24668.202,0,1
23023.844,1,1
21157.204,1,1
19158.974,1,1
18881.179,1,1
20451.098,1,1
21678.811,1,1
22808.247,1,1
22545.071,1,1
21133.702,1,1
18642.345,1,1
15192.687,1,1
15877.865,1,1
20920.446,1,1
25234.401,0,0
28816.176,0,0
29351.616,0,0
27107.964,0,0
24832.547,0,0
22540.727,1,1
22577.517,1,1
24926.578,0,0
26901.324,0,0
28289.513,0,0
29154.523,0,0
29618.606,0,0
30278.461,0,0
31229.621,0,0
31776.717,0,0
32126.075,0,0
32813.8,0,0
33400.0,0,0
33400.0,0,0
33400.0,0,0
33400.0,0,0
33300.0,0,0
33100.0,0,0
33000.0,0,0
32900.0,0,0
32800.0,0,0
32700.0,0,0
32600.0,0,0
32400.0,0,0
32100.0,0,0
31800.0,0,0
31600.0,0,0
31400.0,0,0
31200.0,0,0
31100.0,0,0
31000.0,0,0
30900.0,0,0
30800.0,0,0
30700.0,0,0
30700.0,0,0
30500.0,0,0
30300.0,0,0
30200.0,0,0
30000.0,0,0
29600.0,0,0
29000.0,0,0
28500.0,0,0
28000.0,0,0
27700.0,0,0
27600.0,0,0
27600.0,0,0
27500.0,0,0
27300.0,0,0
27000.0,0,0
26700.0,0,0
26400.0,0,0
26100.0,0,0
25900.0,0,0
25600.0,0,0
25400.0,0,0
25200.0,0,0
25200.0,0,0
25200.0,0,0
25200.0,0,0
25100.0,0,0
25100.0,0,0
25100.0,0,0
25100.0,0,0
25200.0,0,0
25400.0,0,0
25600.0,0,0
25900.0,0,0
26100.0,0,0
26300.0,0,0
26600.0,0,0
26800.0,0,0
26443.311,0,0
25249.886,0,0
24028.499,0,0
22794.77,1,1
19962.93,1,1
15096.773,1,1
14489.636,1,1
19092.044,1,1
22856.179,1,1
25002.73,0,0
24533.575,0,0
21947.225,1,1
18419.253,1,1
13890.799,1,1
11214.585,1,1
10437.293,1,1
4613.682,1,1
0.0,1,1
0.0,1,1
0.0,1,1
0.0,1,1
0.0,1,1
0.0,1,1
6463.764,1,1
14603.546,1,1
18754.335,1,1
19246.243,1,1
20821.035,1,1
22889.407,1,1
24781.988,0,0
25696.604,0,0
26151.549,0,0
26971.547,0,0
26362.26,0,0
27666.249,0,0
28876.963,0,0
29557.794,0,0
30002.083,0,0
31834.095,0,0
33979.676,0,0
34666.895,0,0
34408.649,0,0
34050.362,0,0
33792.034,0,0
33711.393,0,0
33608.52,0,0
33600.0,0,0
33500.0,0,0
33300.0,0,0
33000.0,0,0
32700.0,0,0
32400.0,0,0
32200.0,0,0
32100.0,0,0
32000.0,0,0
31900.0,0,0
31800.0,0,0
31700.0,0,0
31600.0,0,0
31500.0,0,0
31400.0,0,0
31300.0,0,0
31200.0,0,0
31100.0,0,0
30700.0,0,0
30000.0,0,0
29300.0,0,0
28600.0,0,0
28200.0,0,0
28200.0,0,0
28200.0,0,0
28100.0,0,0
28000.0,0,0
27600.0,0,0
27300.0,0,0
26900.0,0,0
26700.0,0,0
26500.0,0,0
26300.0,0,0
26100.0,0,0
26000.0,0,0
25900.0,0,0
25900.0,0,0
25900.0,0,0
25900.0,0,0
25886.033,0,0
25826.655,0,0
25767.224,0,0
25678.97,0,0
25389.106,0,0
23974.935,0,0
22425.693,0,0
21589.959,0,0
22182.665,0,0
22775.686,0,0
23269.022,0,0
23035.578,0,0
21925.015,0,0
20794.83,0,0
19654.943,0,0
18915.93,0,0
18783.232,0,0
17605.644,0,0
15847.771,0,0
15271.764,0,0
15980.076,0,0
16496.454,0,0
16750.092,0,0
16056.201,0,0
14311.2,0,0
13706.152,0,0
14088.728,0,0
14886.275,0,0
13110.929,0,0
13111.582,0,0
11965.447,0,0
9238.257,1,1
4623.053,1,1
6979.572,1,1
16084.919,0,0
21145.321,0,0
22334.581,0,0
22877.42,0,0
22878.947,0,0
22675.673,0,0
21722.8,0,0
19421.718,0,0
15056.197,0,0
9966.196,1,1
5362.587,1,1
360.97,1,1
0.0,1,1
0.0,1,1
0.0,1,1
0.0,1,1
0.0,1,1
0.0,1,1
0.0,1,1
0.0,1,1
0.0,1,1
0.0,1,1
0.0,1,1
0.0,1,1
0.0,1,1
0.0,1,1
0.0,1,1
0.0,1,1
0.0,1,1
4306.143,1,1
13304.923,0,0
20060.787,0,0
24381.836,0,0
27037.005,0,0
28849.505,0,0
30124.888,0,0
31352.993,0,0
31436.316,0,0
30573.843,0,0
29710.894,0,0
28847.471,0,0
28441.185,0,0
28592.853,0,0
28745.132,0,0
28609.053,0,0
28298.295,0,0
28198.078,0,0
28097.861,0,0
27997.644,0,0
27727.653,0,0
27126.904,0,0
26160.041,0,0
25192.215,0,0
24890.856,0,0
25357.318,0,0
25824.623,0,0
25825.41,0,0
25845.288,0,0
25945.271,0,0
25945.398,0,0
26045.671,0,0
26075.77,0,0
26035.548,0,0
25995.274,0,0
25954.95,0,0
25984.351,0,0
26083.407,0,0
26082.315,0,0
26181.076,0,0
25832.594,0,0
24878.25,0,0
23773.107,0,0
22113.884,0,0
18679.07,0,0
11943.015,0,0
3138.193,0,0
0.0,1,1
0.0,1,1
266.374,0,0
2503.345,0,0
0.0,1,1
0.0,1,1
0.0,1,1
0.0,1,1
0.0,1,1
0.0,1,1
0.0,1,1
0.0,1,1
0.0,1,1
0.0,1,1
0.0,1,1
0.0,1,1
0.0,1,1
0.0,1,1
0.0,1,1
0.0,1,1
0.0,1,1
0.0,1,1
0.0,1,1
0.0,1,1
0.0,1,1
0.0,1,1
0.0,0,0
0.0,0,0
0.0,0,0
0.0,0,0
0.0,0,0
5891.812,0,0
15053.312,0,0
22804.977,0,0
26733.444,0,0
28273.043,0,0
30126.567,0,0
31921.181,0,0
33145.651,0,0
34319.788,0,0
34497.751,0,0
34457.24,0,0
34097.88,0,0
33738.318,0,0
32904.507,0,0
32656.247,0,0
33007.408,0,0
32946.803,0,0
32786.349,0,0
32796.074,0,0
32775.93,0,0
32755.874,0,0
32700.0,0,0
32600.0,0,0
32500.0,0,0
32300.0,0,0
32200.0,0,0
32000.0,0,0
31900.0,0,0
31700.0,0,0
31500.0,0,0
31100.0,0,0
30400.0,0,0
29700.0,0,0
29100.0,0,0
28700.0,0,0
28600.0,0,0
28500.0,0,0
28400.0,0,0
28200.0,0,0
27900.0,0,0
27600.0,0,0
27400.0,0,0
27100.0,0,0
26845.461,0,0
26604.396,0,0
26263.357,0,0
25972.697,0,0
25832.396,0,0
25592.096,0,0
25451.796,0,0
25123.7,0,0
24550.933,0,0
23878.289,0,0
23305.768,0,0
23065.65,0,0
23457.846,0,0
23750.041,0,0
24042.237,0,0
24342.349,0,0
24450.403,0,0
24658.492,0,0
24766.616,0,0
23547.579,0,0
20389.822,0,0
16776.814,1,1
12841.577,1,1
6928.887,1,1
0.0,1,1
0.0,1,1
0.0,1,1
0.0,1,1
0.0,1,1
0.0,1,1
0.0,1,1
0.0,1,1
0.0,1,1
0.0,1,1
0.0,1,1
7042.163,1,1
14394.316,1,1
15525.049,1,1
11387.19,1,1
2933.001,1,1
0.0,1,1
0.0,1,1
5368.267,1,1
12106.261,1,1
16701.948,1,1
20196.379,0,0
22747.132,0,0
24732.344,0,0
26212.325,0,0
27496.767,0,0
28509.799,0,0
29786.928,0,0
31521.246,0,0
32409.23,0,0
32468.566,0,0
32577.524,0,0
32926.74,0,0
33335.708,0,0
33892.302,0,0
34200.0,0,0
34200.0,0,0
34100.0,0,0
34100.0,0,0
34000.0,0,0
33900.0,0,0
33700.0,0,0
33600.0,0,0
33400.0,0,0
33100.0,0,0
32900.0,0,0
32700.0,0,0
32500.0,0,0
32400.0,0,0
32300.0,0,0
32300.0,0,0
32200.0,0,0
32100.0,0,0
32000.0,0,0
31800.0,0,0
31700.0,0,0
31600.0,0,0
31500.0,0,0
31400.0,0,0
31000.0,0,0
30300.0,0,0
29700.0,0,0
29000.0,0,0
28700.0,0,0
28500.0,0,0
28366.143,0,0
28127.176,0,0
27777.479,0,0
27417.128,0,0
27056.805,0,0
26696.511,0,0
26485.961,0,0
26300.0,0,0
26000.0,0,0
25800.0,0,0
25700.0,0,0
25700.0,0,0
25700.0,0,0
25800.0,0,0
25900.0,0,0
26100.0,0,0
26300.0,0,0
26500.0,0,0
26696.105,0,0
27056.153,0,0
27416.179,0,0
27776.184,0,0
28096.092,0,0
28375.964,0,0
28655.894,0,0
28800.0,0,0
27101.078,0,0
22341.205,0,0
19033.147,0,0
18554.056,0,0
18366.352,0,0
18223.41,1,1
17182.148,1,1
15063.258,1,1
12828.731,1,1
10540.222,1,1
10224.59,1,1
12037.195,1,1
14324.758,1,1
15425.531,1,1
14493.863,1,1
9567.444,1,1
1862.044,1,1
0.0,1,1
0.0,1,1
167.141,1,1
4661.147,1,1
8369.127,1,1
9123.319,1,1
6882.317,1,1
3889.694,1,1
0.0,1,1
2237.544,1,1
10342.5,1,1
18516.799,0,0
18624.686,0,0
19755.629,0,0
20362.842,0,0
18778.868,0,0
15866.907,1,0
18831.895,0,0
25909.923,0,0
30527.062,0,0
32329.711,0,0
32670.809,0,0
33111.792,0,0
33393.898,0,0
33717.074,0,0
33287.883,0,0
32943.664,0,0
32761.27,0,0
32941.56,0,0
33022.099,0,0
33202.888,0,0
33753.582,0,0
34092.146,0,0
34148.144,0,0
34100.0,0,0
33900.0,0,0
33800.0,0,0
33600.0,0,0
33500.0,0,0
33200.0,0,0
32900.0,0,0
32600.0,0,0
32300.0,0,0
32000.0,0,0
31800.0,0,0
31600.0,0,0
31300.0,0,0
31000.0,0,0
30396.646,0,0
29877.429,0,0
29258.105,0,0
28738.633,0,0
28418.979,0,0
27700.659,0,0
26929.788,0,0
26581.19,0,0
26555.855,0,0
26631.118,0,0
26466.701,0,0
26076.355,0,0
25672.745,0,0
25090.546,0,0
24407.862,0,0
24206.98,0,0
24588.626,0,0
25070.756,0,0
25174.029,0,0
25243.57,0,0
25038.118,0,0
24565.889,0,0
24192.805,0,0
24155.067,0,0
24653.319,0,0
25151.568,0,0
25649.815,0,0
26044.363,0,0
26335.397,0,0
26626.675,0,0
27018.198,0,0
25707.787,0,0
22430.329,0,0
18531.336,0,0
14384.331,0,0
10184.167,1,1
5335.163,1,1
1179.036,1,1
0.0,1,1
0.0,1,1
0.0,1,1
0.0,1,1
0.0,1,1
0.0,1,1
0.0,1,1
0.0,1,1
0.0,1,1
0.0,1,1
1970.16,1,1
1332.798,1,1
0.0,1,1
0.0,1,1
0.0,1,1
0.0,1,1
0.0,1,1
2673.736,1,1
7950.786,1,1
11766.327,1,1
14137.536,0,0
15072.505,0,0
15775.477,0,0
16823.512,0,0
18212.258,0,0
21209.035,0,0
25188.298,0,0
28189.928,0,0
29779.739,0,0
30675.53,0,0
31111.559,0,0
31634.344,0,0
32137.818,0,0
32969.426,0,0
33848.356,0,0
34827.112,0,0
35464.358,0,0
35644.427,0,0
35040.714,0,0
34271.698,0,0
33503.045,0,0
32969.101,0,0
32769.596,0,0
32470.09,0,0
32270.583,0,0
32309.822,0,0
32687.677,0,0
33065.359,0,0
33442.868,0,0
33238.488,0,0
32652.426,0,0
31966.468,0,0
31280.613,0,0
30408.888,0,0
29251.565,0,0
27726.497,0,0
26090.897,0,0
23884.445,0,0
20579.794,0,0
17140.76,0,0
12125.275,1,1
9159.724,1,1
9061.53,1,1
8963.336,1,1
8865.141,1,1
9033.659,1,1
9468.79,1,1
9803.788,1,1
10238.654,1,1
11773.129,1,1
14052.77,0,0
15475.348,0,0
16997.634,0,0
17811.718,0,0
18217.764,0,0
18523.736,0,0
18803.265,0,0
19100.341,0,0
19397.363,0,0
19694.332,0,0
19991.247,0,0
20758.71,0,0
22096.481,0,0
23333.879,0,0
24453.911,0,0
24654.321,0,0
24035.443,0,0
23199.787,0,0
22464.318,0,0
21330.553,0,0
19256.612,0,0
17992.155,0,0
18710.074,0,0
19932.894,0,0
21215.654,0,0
21501.838,0,0
21237.442,0,0
21631.147,0,0
22055.064,0,0
21536.465,0,0
16227.864,0,0
6783.412,1,1
0.0,1,1
0.0,1,1
3900.335,1,1
12069.837,1,1
16498.618,0,0
16942.554,0,0
14589.527,0,0
10820.076,1,1
8555.03,1,1
7617.995,1,1
8021.774,1,1
7853.651,1,1
6964.219,1,1
7361.769,1,1
8752.783,1,1
10371.442,1,1
12208.458,1,1
13048.692,0,0
13137.786,0,0
12760.107,0,0
12288.625,0,0
15829.138,0,0
22385.694,0,0
27361.564,0,0
31011.048,0,0
33813.548,0,0
35596.409,0,0
36200.0,0,0
36000.0,0,0
35900.0,0,0
35700.0,0,0
35600.0,0,0
35500.0,0,0
35400.0,0,0
35300.0,0,0
35100.0,0,0
34800.0,0,0
34500.0,0,0
34200.0,0,0
34000.0,0,0
33900.0,0,0
33900.0,0,0
33800.0,0,0
33700.0,0,0
33600.0,0,0
33400.0,0,0
33300.0,0,0
33100.0,0,0
32900.0,0,0
32600.0,0,0
32386.169,0,0
31986.163,0,0
31400.0,0,0
30800.0,0,0
30200.0,0,0
29800.0,0,0
29700.0,0,0
29600.0,0,0
29348.508,0,0
29148.434,0,0
28900.0,0,0
28600.0,0,0
28200.0,0,0
28000.0,0,0
27800.0,0,0
27700.0,0,0
27500.0,0,0
27300.0,0,0
27200.0,0,0
27100.0,0,0
27000.0,0,0
27000.0,0,0
27000.0,0,0
27100.0,0,0
27200.0,0,0
27300.0,0,0
27500.0,0,0
27700.0,0,0
27895.908,0,0
28036.286,0,0
28276.019,0,0
28600.0,0,0
28800.0,0,0
28123.248,0,0
26225.613,0,0
24117.342,0,0
21833.359,0,0
17970.375,1,1
11975.279,1,1
8031.123,1,1
6851.535,1,1
3813.238,1,1
0.0,1,1
0.0,1,1
1310.009,1,1
4305.069,1,1
6602.049,1,1
8435.106,1,1
9380.28,1,1
11613.409,1,1
14843.552,1,1
15172.693,1,1
12428.528,1,1
9655.631,1,1
6775.034,1,1
6707.162,1,1
9397.204,1,1
10647.811,1,1
10469.256,1,1
12888.973,1,1
17815.58,1,1
23081.013,0,0
26618.529,0,0
27768.554,0,0
29106.102,0,0
30767.759,0,0
32521.3,0,0
33638.116,0,0
34123.768,0,0
34668.857,0,0
35370.107,0,0
36048.7,0,0
36696.738,0,0
36900.0,0,0
36700.0,0,0
36600.0,0,0
36400.0,0,0
36300.0,0,0
36100.0,0,0
35900.0,0,0
35800.0,0,0
35600.0,0,0
35300.0,0,0
34888.01,0,0
34450.491,0,0
34250.369,0,0
34387.846,0,0
34500.0,0,0
34400.0,0,0
34300.0,0,0
34200.0,0,0
33936.844,0,0
33718.569,0,0
33479.054,0,0
33318.407,0,0
33157.794,0,0
32997.217,0,0
32536.675,0,0
31776.168,0,0
31000.0,0,0
30300.0,0,0
29786.029,0,0
29507.834,0,0
29229.447,0,0
28950.868,0,0
28110.236,0,0
27052.322,0,0
25993.592,0,0
24912.219,0,0
23380.286,0,0
21699.447,0,0
20117.276,0,0
17917.026,1,1
17812.187,1,1
19805.721,0,0
21283.847,0,0
22763.571,0,0
23948.107,0,0
24492.74,0,0
24962.86,0,0
25533.598,0,0
25246.5,0,0
24400.326,0,0
22897.457,0,0
21308.266,0,0
20079.367,0,0
18948.492,0,0
17716.062,1,1
16582.074,1,1
13892.119,1,1
7685.243,1,1
3680.216,1,1
3951.12,1,1
2979.884,1,1
0.0,1,1
0.0,1,1
0.0,1,1
0.0,1,1
0.0,1,1
0.0,1,1
0.0,1,1
0.0,1,1
0.0,1,1
0.0,1,1
1320.242,1,1
3357.889,1,1
6968.244,1,1
11515.226,1,1
17366.545,1,1
22094.411,0,0
25127.478,0,0
25871.487,0,0
25048.616,0,0
24164.056,0,0
23323.191,0,0
23887.754,0,0
25939.325,0,0
27436.836,0,0
28292.785,0,0
28608.433,0,0
28512.964,0,0
29462.909,0,0
31394.54,0,0
32789.695,0,0
33481.759,0,0
33717.105,0,0
33566.006,0,0
34197.157,0,0
35633.666,0,0
36089.148,0,0
36027.97,0,0
35966.866,0,0
36000.0,0,0
35785.976,0,0
35507.178,0,0
35328.316,0,0
35049.389,0,0
34349.703,0,0
33575.282,0,0
32800.691,0,0
32025.93,0,0
31588.12,0,0
31587.388,0,0
31586.657,0,0
31585.925,0,0
31817.814,0,0
32282.505,0,0
32847.434,0,0
33148.002,0,0
33067.445,0,0
32966.994,0,0
32766.598,0,0
32666.255,0,0
32276.199,0,0
31496.368,0,0
30716.508,0,0
30036.62,0,0
29516.574,0,0
29456.409,0,0
29296.265,0,0
29236.143,0,0
28886.108,0,0
28446.087,0,0
28005.99,0,0
27152.257,0,0
26040.588,0,0
24885.264,0,0
23440.519,0,0
21750.121,0,0
20605.501,0,0
20006.94,0,0
19379.768,0,0
18461.433,0,0
17540.982,0,0
16518.442,0,0
15395.346,0,0
14371.693,1,1
13447.483,1,1
12042.921,1,1
10391.809,1,1
8739.69,1,1
9858.384,1,1
13750.156,1,1
16258.411,0,0
18500.381,0,0
17371.608,0,0
11616.023,1,1
7453.84,1,1
6173.093,1,1
3012.33,1,1
0.0,1,1
0.0,1,1
0.0,1,1
0.0,1,1
0.0,1,1
0.0,1,1
804.37,1,1
3016.465,1,1
4834.89,1,1
7195.456,1,1
9907.935,1,1
11904.939,1,1
13185.218,1,1
14629.47,0,0
16236.101,0,0
17205.33,0,0
17698.105,0,0
18733.541,0,0
20504.178,0,0
21086.576,0,0
20470.674,0,0
18838.355,0,0
16559.518,0,0
15617.34,0,0
15916.466,0,0
16647.654,0,0
17810.546,0,0
16810.847,0,0
14399.508,0,0
16517.618,0,0
22286.415,0,0
24723.562,0,0
24278.569,0,0
23197.219,0,0
21759.11,0,0
20030.109,0,0
21019.452,0,0
22009.577,0,0
22693.133,0,0
23095.161,0,0
23598.119,0,0
24001.402,0,0
24405.011,0,0
25314.268,0,0
26629.801,0,0
27748.393,0,0
28631.19,0,0
30011.28,0,0
31391.914,0,0
32432.611,0,0
33574.13,0,0
33636.886,0,0
33476.685,0,0
33416.505,0,0
33356.347,0,0
33246.144,0,0
33185.957,0,0
33100.0,0,0
32800.0,0,0
32400.0,0,0
31700.0,0,0
31000.0,0,0
30300.0,0,0
29900.0,0,0
29800.0,0,0
29600.0,0,0
29500.0,0,0
29300.0,0,0
29000.0,0,0
28700.0,0,0
28400.0,0,0
28200.0,0,0
28000.0,0,0
27800.0,0,0
27600.0,0,0
27400.0,0,0
27400.0,0,0
27300.0,0,0
27300.0,0,0
27300.0,0,0
27144.963,0,0
26883.341,0,0
26332.544,0,0
25808.058,0,0
26007.624,0,0
26307.189,0,0
26506.754,0,0
26802.465,0,0
27094.4,0,0
27486.44,0,0
27778.585,0,0
26291.027,0,0
22187.697,0,0
19571.447,0,0
19596.79,0,0
21077.194,0,0
23021.834,0,0
20789.504,0,0
15610.676,0,0
9593.649,1,1
2237.854,1,1
0.0,1,1
0.0,1,1
0.0,1,1
0.0,1,1
0.0,1,1
0.0,1,1
5532.132,1,1
7118.276,1,1
6862.474,1,1
5368.737,1,1
2915.351,1,1
0.0,1,1
0.0,1,1
0.0,1,1
0.0,1,1
0.0,1,1
0.0,1,1
0.0,1,1
0.0,1,1
0.0,1,1
0.0,1,1
4290.782,1,1
11425.177,0,0
16506.695,0,0
19704.584,0,0
21382.78,0,0
23255.302,0,0
25165.596,0,0
26371.933,0,0
27021.172,0,0
27992.556,0,0
29101.28,0,0
30075.222,0,0
31050.003,0,0
32241.763,0,0
33084.87,0,0
33928.651,0,0
34721.501,0,0
34809.533,0,0
34687.788,0,0
34666.171,0,0
34400.0,0,0
34200.0,0,0
34100.0,0,0
34036.323,0,0
33817.07,0,0
33597.118,0,0
33576.588,0,0
33556.116,0,0
33400.0,0,0
33300.0,0,0
33056.068,0,0
32776.366,0,0
32596.606,0,0
32196.533,0,0
31676.232,0,0
31255.989,0,0
30700.0,0,0
30300.0,0,0
29996.011,0,0
29576.063,0,0
29256.005,0,0
28935.865,0,0
28715.765,0,0
28495.724,0,0
28275.74,0,0
28055.814,0,0
27700.0,0,0
27400.0,0,0
27100.0,0,0
27000.0,0,0
27000.0,0,0
27035.63,0,0
27015.078,0,0
27125.05,0,0
27565.705,0,0
27800.0,0,0
28000.0,0,0
28400.0,0,0
28800.0,0,0
29200.0,0,0
29700.0,0,0
29900.0,0,0
30000.0,0,0
30100.0,0,0
30100.0,0,0
28851.943,0,0
25573.903,0,0
21783.187,0,0
17370.786,0,0
14936.769,0,0
14843.431,0,0
14790.695,0,0
14781.813,0,0
16856.583,0,0
18613.818,0,0
18671.593,0,0
11836.592,1,1
0.0,1,1
0.0,1,1
0.0,1,1
0.0,1,1
0.0,1,1
0.0,1,1
0.0,1,1
0.0,1,1
0.0,1,1
5157.625,1,1
6674.692,1,1
4051.591,1,1
2794.993,1,1
2938.004,1,1
1800.792,1,1
0.0,1,1
0.0,1,1
0.0,1,1
0.0,1,1
1608.151,1,1
3569.652,1,1
4314.084,1,1
10301.148,1,1
19621.265,0,0
28096.682,0,0
32238.795,0,0
33148.05,0,0
34343.341,0,0
35000.0,0,0
35400.0,0,0
35800.0,0,0
36200.0,0,0
36400.0,0,0
36300.0,0,0
36300.0,0,0
36300.0,0,0
36200.0,0,0
35900.0,0,0
35700.0,0,0
35500.0,0,0
35300.0,0,0
35200.0,0,0
35000.0,0,0
34900.0,0,0
34700.0,0,0
34300.0,0,0
34000.0,0,0
33600.0,0,0
33400.0,0,0
33200.0,0,0
33000.0,0,0
32800.0,0,0
32300.0,0,0
31700.0,0,0
31000.0,0,0
30400.0,0,0
29900.0,0,0
29700.0,0,0
29500.0,0,0
29300.0,0,0
29000.0,0,0
28600.0,0,0
28300.0,0,0
27900.0,0,0
27600.0,0,0
27300.0,0,0
27100.0,0,0
26800.0,0,0
26700.0,0,0
26700.0,0,0
26700.0,0,0
26700.0,0,0
26800.0,0,0
27000.0,0,0
27300.0,0,0
27500.0,0,0
27900.0,0,0
28400.0,0,0
28800.0,0,0
29300.0,0,0
29600.0,0,0
29700.0,0,0
29800.0,0,0
29900.0,0,0
27495.138,0,0
21195.294,0,0
13192.338,0,0
3787.744,1,1
129.236,1,1
4179.759,0,0
4103.82,0,0
0.0,1,1
0.0,1,1
0.0,1,1
0.0,1,1
0.0,1,1
0.0,1,1
0.0,1,1
0.0,1,1
0.0,1,1
0.0,1,1
0.0,1,1
0.0,1,1
0.0,1,1
0.0,1,1
0.0,1,1
0.0,1,1
0.0,1,1
0.0,1,1
0.0,1,1
0.0,1,1
0.0,1,1
913.24,1,1
5161.973,0,0
7201.209,0,0
7794.285,0,0
6811.033,0,0
4794.274,0,0
11874.537,0,0
24987.053,0,0
30962.91,0,0
32248.797,0,0
33273.828,0,0
34236.184,0,0
34900.0,0,0
35300.0,0,0
35700.0,0,0
36100.0,0,0
36300.0,0,0
36200.0,0,0
36100.0,0,0
36100.0,0,0
35900.0,0,0
35700.0,0,0
35500.0,0,0
35256.007,0,0
34986.163,0,0
34726.249,0,0
34566.292,0,0
34306.292,0,0
34106.173,0,0
33766.007,0,0
33525.896,0,0
33285.839,0,0
32975.785,0,0
32695.65,0,0
32415.457,0,0
32135.206,0,0
31544.854,0,0
30544.376,0,0
29331.288,0,0
28052.083,0,0
27839.033,0,0
28323.925,0,0
28544.785,0,0
28665.726,0,0
28500.0,0,0
28255.665,0,0
27875.255,0,0
27494.814,0,0
27294.777,0,0
27075.187,0,0
26955.625,0,0
26800.0,0,0
26600.0,0,0
26425.411,0,0
26324.748,0,0
26124.048,0,0
26083.709,0,0
26203.767,0,0
26223.835,0,0
26343.914,0,0
26423.696,0,0
26463.157,0,0
26502.596,0,0
26542.013,0,0
26762.103,0,0
27162.912,0,0
27563.757,0,0
27864.639,0,0
27515.371,0,0
26162.913,0,0
24795.163,0,0
23276.973,0,0
21327.033,0,0
18640.263,0,0
16298.163,0,0
14480.58,0,0
11704.598,1,1
7614.768,1,1
5952.271,1,1
7202.39,1,1
9162.23,1,1
11791.299,1,1
11680.654,1,1
8878.74,1,1
6907.316,1,1
5752.775,1,1
3478.385,1,1
41.448,1,1
0.0,1,1
0.0,1,1
0.0,1,1
0.0,1,1
5843.641,1,1
13513.588,1,1
13669.671,0,1
7347.526,1,1
1661.126,1,1
0.0,1,1
0.0,1,1
7801.748,1,1
13493.518,1,1
16810.907,0,0
22125.2,0,0
28909.166,0,0
32601.783,0,0
34313.049,0,0
35300.0,0,0
35386.126,0,0
35268.097,0,0
34969.606,0,0
34670.994,0,0
34372.258,0,0
34173.423,0,0
33839.923,0,0
33368.668,0,0
32796.908,0,0
32595.919,0,0
32766.523,0,0
32937.715,0,0
32871.28,0,0
32750.189,0,0
32709.375,0,0
32668.635,0,0
32727.97,0,0
32627.811,0,0
32368.055,0,0
32208.235,0,0
31948.35,0,0
31887.892,0,0
31827.04,0,0
31766.363,0,0
31700.0,0,0
31300.0,0,0
30526.007,0,0
29626.069,0,0
28826.005,0,0
28385.81,0,0
28305.602,0,0
28325.422,0,0
28245.271,0,0
28035.043,0,0
27694.667,0,0
27454.225,0,0
27113.718,0,0
26973.803,0,0
26934.708,0,0
26795.847,0,0
26600.0,0,0
26500.0,0,0
26400.0,0,0
26300.0,0,0
26300.0,0,0
26200.0,0,0
26200.0,0,0
26200.0,0,0
26200.0,0,0
26300.0,0,0
26600.0,0,0
26800.0,0,0
27100.0,0,0
27300.0,0,0
27500.0,0,0
27700.0,0,0
28000.0,0,0
27577.212,0,0
26352.989,0,0
25185.401,0,0
23904.752,0,0
21131.39,0,0
16198.882,0,0
11225.522,1,1
6532.564,1,1
3267.761,1,1
1755.339,1,1
0.0,1,1
0.0,1,1
0.0,1,1
0.0,1,1
0.0,1,1
0.0,1,1
0.0,1,1
0.0,1,1
0.0,1,1
0.0,1,1
0.0,1,1
165.104,1,1
5111.88,1,1
9022.627,1,1
12602.606,1,1
15834.966,1,1
16441.832,0,1
14825.83,1,1
13294.273,1,1
12598.352,1,1
15633.116,1,1
22110.792,0,0
26594.863,0,0
29377.369,0,0
30510.142,0,0
30139.943,0,0
28771.277,0,0
26822.808,0,0
26820.366,0,0
28103.71,0,0
29014.824,0,0
29858.924,0,0
30703.214,0,0
31328.919,0,0
31320.017,0,0
30932.169,0,0
30544.216,0,0
30100.209,0,0
29899.678,0,0
30142.805,0,0
30130.013,0,0
30217.273,0,0
30260.798,0,0
30160.549,0,0
30060.3,0,0
29960.052,0,0
29520.071,0,0
28940.294,0,0
28097.098,0,0
27149.052,0,0
26225.835,0,0
25127.303,0,0
24028.445,0,0
22736.255,0,0
21925.932,0,0
21734.286,0,0
21442.713,0,0
21124.578,0,0
21123.626,0,0
21423.031,0,0
21622.437,0,0
21921.843,0,0
21198.21,0,0
19231.194,0,0
17090.688,0,0
14850.517,0,0
13937.398,0,0
14351.082,0,0
14664.766,0,0
15078.45,0,0
14978.96,0,0
14366.38,0,0
13753.91,0,0
13141.553,0,0
13242.146,0,0
13855.607,0,0
14469.068,0,0
15082.529,0,0
16407.666,0,0
18244.256,0,0
19879.532,0,0
21276.55,0,0
22598.585,0,0
23845.655,0,0
24819.801,0,0
25591.32,0,0
25200.987,0,0
23439.592,0,0
21711.573,0,0
19733.035,0,0
13258.735,0,0
944.967,0,0
0.0,1,1
0.0,1,1
0.0,1,1
0.0,1,1
0.0,1,1
0.0,1,1
0.0,1,1
0.0,1,1
0.0,1,1
0.0,1,1
0.0,1,1
0.0,1,1
0.0,1,1
0.0,1,1
0.0,1,1
5432.407,0,0
6297.491,0,0
0.0,1,1
0.0,1,1
0.0,1,1
0.0,1,1
0.0,1,1
0.0,1,1
0.0,1,1
0.0,1,1
0.0,1,1
0.0,0,0
0.0,0,0
0.0,0,0
0.0,0,0
1849.647,0,0
4938.742,0,0
7766.012,0,0
10235.649,0,0
11705.497,0,0
12669.312,0,0
13534.444,0,0
14400.894,0,0
15188.619,0,0
15797.285,0,0
16306.83,0,0
16917.256,0,0
15082.141,0,0
10897.116,0,0
5716.638,0,0
0.0,0,0
0.0,0,0
1373.508,0,0
4288.876,0,0
7208.005,0,0
7697.452,0,0
5552.204,0,0
3404.035,0,0
1252.938,0,0
0.0,0,0
0.0,0,0
0.0,0,0
0.0,0,0
0.0,0,0
0.0,0,0
0.0,0,0
0.0,0,0
0.0,1,1
0.0,1,1
0.0,1,1
0.0,1,1
0.0,1,1
0.0,1,1
0.0,1,1
0.0,1,1
0.0,1,1
0.0,1,1
0.0,1,1
0.0,1,1
0.0,1,1
0.0,1,1
0.0,1,1
0.0,1,1
0.0,1,1
0.0,1,1
0.0,1,1
0.0,1,1
0.0,1,1
0.0,1,1
0.0,1,1
0.0,1,1
0.0,0,0
0.0,0,0
0.0,0,0
0.0,0,0
5944.068,0,0
11594.422,0,0
14888.596,0,0
17589.526,0,0
14663.44,0,0
5900.175,0,0
0.0,0,0
0.0,0,0
0.0,0,0
0.0,0,0
0.0,0,0
0.0,0,0
0.0,0,0
0.0,0,0
0.0,0,0
0.0,0,0
0.0,0,0
0.0,0,0
0.0,0,0
0.0,0,0
0.0,0,0
0.0,0,0
0.0,0,0
0.0,0,0
0.0,0,0
0.0,0,0
0.0,0,0
407.424,0,0
3948.714,0,0
7569.312,0,0
9126.729,0,0
9090.261,0,0
9063.184,0,0
8967.327,0,0
12636.838,0,0
19072.321,0,0
23884.992,0,0
27434.245,0,0
31045.501,0,0
33662.021,0,0
34576.909,0,0
34397.536,0,0
34218.135,0,0
34038.705,0,0
33719.528,0,0
33287.688,0,0
32329.481,0,0
31470.866,0,0
31128.151,0,0
31401.768,0,0
31675.556,0,0
31949.514,0,0
32276.21,0,0
32278.825,0,0
32158.296,0,0
32137.796,0,0
31938.239,0,0
31011.009,0,0
29581.257,0,0
27963.695,0,0
25911.405,0,0
24180.145,0,0
21803.417,0,0
19471.942,0,0
16942.639,0,0
13307.577,0,0
9671.458,0,0
6034.281,0,0
5083.177,0,0
6718.693,0,0
8453.879,0,0
10188.734,0,0
9990.356,0,0
7859.241,0,0
5728.456,0,0
3598.0,0,0
2483.995,0,0
2386.193,0,0
2288.391,0,0
2190.588,0,0
1255.539,0,0
0.0,1,1
0.0,1,1
0.0,1,1
0.0,1,1
0.0,1,1
0.0,1,1
0.0,1,1
0.0,1,1
0.0,1,1
300.914,0,0
4995.628,0,0
5928.493,0,0
3466.929,0,0
393.626,0,0
0.0,1,1
0.0,1,1
0.0,1,1
0.0,1,1
0.0,1,1
0.0,1,1
0.0,1,1
0.0,1,1
0.0,1,1
0.0,1,1
0.0,1,1
0.0,1,1
0.0,1,1
0.0,1,1
0.0,1,1
0.0,0,0
0.0,0,0
0.0,0,0
0.0,0,0
0.0,0,0
0.0,0,0
0.0,0,0
0.0,0,0
0.0,0,0
0.0,0,0
0.0,0,0
0.0,0,0
0.0,0,0
0.0,0,0
0.0,0,0
0.0,0,0
0.0,0,0
0.0,0,0
0.0,0,0
0.0,0,0
0.0,0,0
0.0,0,0
0.0,0,0
1173.101,0,0
8736.263,0,0
14395.53,0,0
17642.224,0,0
18521.639,0,0
19501.246,0,0
20077.897,0,0
20275.639,0,0
20174.486,0,0
20173.332,0,0
20072.178,0,0
18252.991,0,0
13725.209,0,0
9196.661,0,0
3321.871,0,0
0.0,0,0
0.0,0,0
0.0,0,0
0.0,0,0
0.0,0,0
0.0,0,0
0.0,0,0
0.0,0,0
0.0,0,0
573.883,0,0
8746.834,0,0
15144.95,0,0
15926.346,0,0
10989.001,0,0
6050.116,0,0
0.0,0,0
0.0,1,1
4837.673,1,1
8872.113,1,1
13008.093,1,1
15028.209,1,1
16125.335,1,1
17223.207,0,0
18321.825,0,0
19180.023,0,0
19857.196,0,0
20534.837,0,0
21212.947,0,0
21991.526,0,0
22629.308,0,0
23193.155,0,0
23757.304,0,0
24557.147,0,0
25332.013,0,0
25749.1,0,0
26066.303,0,0
26400.0,0,0
26826.76,0,0
27127.902,0,0
27428.99,0,0
27679.472,0,0
27679.386,0,0
27679.3,0,0
27779.214,0,0
26775.204,0,0
24321.51,0,0
22550.869,0,0
21864.401,0,0
21509.667,0,0
21095.881,0,0
20565.226,0,0
19876.674,0,0
19553.437,0,0
19428.112,0,0
18472.82,0,0
15657.707,1,1
12270.058,1,1
9413.642,1,1
7588.18,1,1
6519.634,1,1
5276.12,1,1
3505.313,1,1
4806.818,1,1
9004.186,1,1
12290.715,1,1
14522.598,1,1
15879.86,1,1
16596.805,1,1
18272.204,0,0
20068.691,0,0
20406.795,0,0
16287.063,1,1
8612.259,1,1
1239.341,1,1
4546.875,1,1
17011.485,1,1
23917.145,0,0
26149.019,0,0
27430.516,0,0
27876.892,0,0
28880.991,0,0
30425.416,0,0
31435.248,0,0
32047.805,0,0
32500.0,0,0
32800.0,0,0
33100.0,0,0
33500.0,0,0
33600.0,0,0
33500.0,0,0
33400.0,0,0
33300.0,0,0
33200.0,0,0
33000.0,0,0
32900.0,0,0
32700.0,0,0
32600.0,0,0
32400.0,0,0
32300.0,0,0
32100.0,0,0
31900.0,0,0
31700.0,0,0
31500.0,0,0
31200.0,0,0
31000.0,0,0
30900.0,0,0
30637.288,0,0
30319.891,0,0
29900.283,0,0
29478.525,0,0
28956.808,0,0
28400.0,0,0
28000.0,0,0
27700.0,0,0
27500.0,0,0
27300.0,0,0
27000.0,0,0
26527.35,0,0
26129.319,0,0
25631.271,0,0
25350.855,0,0
25288.104,0,0
25100.0,0,0
24900.0,0,0
24800.0,0,0
24900.0,0,0
24900.0,0,0
25000.0,0,0
25100.0,0,0
25300.0,0,0
25500.0,0,0
25700.0,0,0
26000.0,0,0
26400.0,0,0
26900.0,0,0
27300.0,0,0
27600.0,0,0
27700.0,0,0
27800.0,0,0
27900.0,0,0
27047.647,0,0
25085.527,0,0
22631.757,0,0
20069.592,0,0
17990.667,0,0
16418.651,0,0
13716.447,0,0
9771.554,1,1
6433.931,1,1
3682.314,1,1
791.806,1,1
0.0,1,1
0.0,1,1
0.0,1,1
0.0,1,1
0.0,1,1
0.0,1,1
0.0,1,1
0.0,1,1
0.0,1,1
8103.675,1,1
13031.762,0,0
13031.352,0,0
12862.045,0,0
10384.985,0,0
7181.15,1,1
9498.297,1,1
17011.701,0,0
22219.71,0,0
25603.236,0,0
26774.524,0,0
25888.557,0,0
25350.03,0,0
25162.905,0,0
25052.515,0,0
25043.522,0,0
24999.408,0,0
25151.286,0,0
25090.324,0,0
24824.72,0,0
24568.205,0,0
24179.412,0,0
23690.067,0,0
23200.171,0,0
22707.615,0,0
22112.424,0,0
21516.712,0,0
20920.478,0,0
20815.522,0,0
21102.541,0,0
21489.972,0,0
21777.815,0,0
21080.147,0,0
19395.616,0,0
16972.253,0,0
14006.572,0,0
12369.357,0,0
12062.492,0,0
11755.622,0,0
11548.747,0,0
9271.817,1,1
4665.295,1,1
0.0,1,1
0.0,1,1
0.0,1,1
0.0,1,1
4666.192,1,1
8725.202,1,1
11728.38,0,0
13713.885,0,0
14698.739,0,0
15785.06,0,0
15378.486,0,0
13576.216,0,0
11027.208,0,0
7929.295,1,1
5630.099,1,1
4231.534,1,1
2931.407,1,1
1529.716,1,1
3486.852,1,1
8909.058,0,0
12798.36,0,0
15700.343,0,0
17413.78,0,0
18096.482,0,0
18680.018,0,0
19364.388,0,0
19755.01,0,0
20051.254,0,0
20247.492,0,0
20443.725,0,0
20887.667,0,0
21279.637,0,0
21772.027,0,0
22264.838,0,0
21448.123,0,0
18260.178,0,0
16270.091,0,0
16784.391,0,0
16829.81,0,0
16015.323,0,0
15807.444,0,0
16586.437,0,0
17663.209,0,0
18828.712,0,0
17865.71,0,0
14750.884,0,0
8605.787,0,0
0.0,1,1
0.0,1,1
1705.058,1,1
8598.477,0,0
15933.771,0,0
18883.902,0,0
17621.728,0,0
11483.491,0,0
540.399,1,1
0.0,1,1
4697.558,1,1
10367.261,0,0
13307.479,0,0
15225.032,0,0
9107.593,0,0
0.0,1,1
0.0,1,1
0.0,1,1
0.0,1,1
0.0,1,1
0.0,1,1
2860.499,1,1
8286.953,1,1
11221.555,0,0
10870.053,0,0
8599.097,0,0
4861.222,1,1
3024.097,1,1
4925.126,1,1
6826.862,1,1
8729.304,0,0
9446.607,0,0
9342.375,0,0
9138.141,0,0
9033.906,0,0
9728.048,0,0
11221.282,0,0
12715.468,0,0
14310.606,0,0
17528.037,0,0
20474.638,0,0
23161.725,0,0
25288.976,0,0
25916.837,0,0
25132.594,0,0
24448.144,0,0
23663.486,0,0
23562.204,0,0
23944.606,0,0
24427.216,0,0
24810.031,0,0
23633.063,0,0
20446.435,0,0
16750.529,0,0
11762.349,0,0
8030.099,0,0
6846.703,0,0
5763.306,0,0
4579.91,0,0
2509.788,0,0
0.0,1,1
0.0,1,1
0.0,1,1
0.0,1,1
0.0,1,1
0.0,1,1
0.0,1,1
0.0,1,1
0.0,1,1
0.0,1,1
0.0,1,1
0.0,1,1
0.0,1,1
0.0,1,1
0.0,1,1
0.0,1,1
0.0,1,1
0.0,1,1
0.0,1,1
0.0,1,1
0.0,1,1
0.0,1,1
0.0,1,1
0.0,1,1
0.0,0,0
0.0,0,0
0.0,0,0
0.0,0,0
0.0,0,0
0.0,0,0
0.0,0,0
0.0,0,0
0.0,0,0
0.0,0,0
0.0,0,0
0.0,0,0
4692.212,0,0
8234.467,0,0
9053.837,0,0
12079.57,0,0
12462.291,0,0
11136.655,0,0
6485.324,0,0
4372.693,0,0
3615.376,0,0
4311.957,0,0
6205.684,0,0
6454.948,0,0
5356.84,0,0
4697.985,0,0
4675.033,0,0
3445.543,0,0
1170.543,0,0
4151.386,0,0
11378.403,0,0
19033.897,0,0
23728.243,0,0
25094.516,0,0
26394.813,0,0
27622.694,0,0
29032.816,0,0
31016.924,0,0
32914.69,0,0
33546.187,0,0
33070.703,0,0
32694.931,0,0
32218.873,0,0
32071.738,0,0
32153.885,0,0
32336.222,0,0
32418.75,0,0
31804.274,0,0
30444.996,0,0
28666.012,0,0
26785.378,0,0
25184.019,0,0
23605.722,0,0
22125.981,0,0
20644.794,0,0
21128.25,0,0
23579.439,0,0
25717.101,0,0
27486.285,0,0
28910.85,0,0
29634.158,0,0
30358.437,0,0
30933.116,0,0
30739.628,0,0
30258.816,0,0
29678.024,0,0
29197.252,0,0
28994.318,0,0
29169.391,0,0
29200.0,0,0
29100.0,0,0
28900.0,0,0
28500.0,0,0
28100.0,0,0
27800.0,0,0
27500.0,0,0
27300.0,0,0
27200.0,0,0
27000.0,0,0
26800.0,0,0
26700.0,0,0
26700.0,0,0
26600.0,0,0
26500.0,0,0
26556.561,0,0
26577.709,0,0
26498.744,0,0
26678.867,0,0
26918.204,0,0
27157.598,0,0
27397.047,0,0
27567.295,0,0
27768.205,0,0
27868.991,0,0
28069.653,0,0
26868.25,0,0
23276.09,0,0
20750.092,0,0
20403.404,0,0
19993.771,0,0
19462.242,0,0
17802.743,0,0
14534.789,0,0
10526.786,0,0
5587.941,0,0
3532.862,0,0
4670.777,0,0
5596.508,0,0
6054.082,0,0
7164.637,0,0
9327.176,0,0
12661.791,0,0
17204.149,0,0
16016.752,0,0
8974.123,0,0
2737.941,0,0
0.0,1,1
0.0,1,1
0.0,1,1
0.0,1,1
0.0,1,1
0.0,1,1
0.0,1,1
3949.075,0,0
8581.384,0,0
12101.954,0,0
14923.3,0,0
17778.014,0,0
20319.082,0,0
22113.842,0,0
23246.156,0,0
22884.042,0,0
21655.873,0,0
21612.55,0,0
21978.158,0,0
20948.243,0,0
21806.134,0,0
22565.322,0,0
23026.03,0,0
19831.3,0,0
11874.632,0,0
939.365,0,0
0.0,1,1
0.0,1,1
0.0,1,1
0.0,1,1
0.0,1,1
0.0,1,1
0.0,1,1
0.0,1,1
0.0,1,1
0.0,1,1
0.0,1,1
0.0,1,1
0.0,1,1
0.0,1,1
0.0,1,1
0.0,1,1
0.0,1,1
0.0,0,0
0.0,0,0
0.0,0,0
0.0,0,0
0.0,1,1
0.0,1,1
0.0,1,1
0.0,1,1
0.0,1,1
0.0,1,1
0.0,1,1
0.0,1,1
0.0,1,1
0.0,1,1
0.0,1,1
0.0,1,1
0.0,1,1
0.0,1,1
0.0,1,1
0.0,1,1
0.0,1,1
0.0,1,1
0.0,1,1
0.0,1,1
3977.092,0,0
5991.698,0,0
8008.259,0,0
10026.78,0,0
13329.06,0,0
16480.825,0,0
19106.399,0,0
21644.556,0,0
21267.282,0,0
17166.776,0,0
11556.547,0,0
4563.013,0,0
700.352,0,0
906.292,0,0
0.0,1,1
0.0,1,1
0.0,1,1
0.0,1,1
0.0,0,0
0.0,0,0
0.0,0,0
0.0,0,0
0.0,0,0
0.0,0,0
0.0,0,0
0.0,0,0
0.0,0,0
0.0,0,0
0.0,0,0
0.0,0,0
0.0,0,0
0.0,0,0
0.0,0,0
0.0,0,0
0.0,0,0
0.0,0,0
0.0,0,0
0.0,0,0
0.0,0,0
6259.787,0,0
12420.653,0,0
17376.255,0,0
21478.851,0,0
25002.376,0,0
28021.707,0,0
30574.173,0,0
33561.85,0,0
36236.448,0,0
37286.368,0,0
37200.0,0,0
37100.0,0,0
36900.0,0,0
36800.0,0,0
36600.0,0,0
36376.591,0,0
35982.302,0,0
35665.448,0,0
35426.231,0,0
35186.946,0,0
34947.592,0,0
34727.681,0,0
34527.264,0,0
34326.847,0,0
34226.428,0,0
34223.9,0,0
34319.549,0,0
34400.0,0,0
34400.0,0,0
34200.0,0,0
33900.0,0,0
33700.0,0,0
33400.0,0,0
32900.0,0,0
32000.0,0,0
31200.0,0,0
30400.0,0,0
29900.0,0,0
29800.0,0,0
29700.0,0,0
29600.0,0,0
29400.0,0,0
29200.0,0,0
29000.0,0,0
28700.0,0,0
28500.0,0,0
28300.0,0,0
28100.0,0,0
27900.0,0,0
27800.0,0,0
27700.0,0,0
27600.0,0,0
27600.0,0,0
27500.0,0,0
27600.0,0,0
27600.0,0,0
27700.0,0,0
27800.0,0,0
28000.0,0,0
28200.0,0,0
28400.0,0,0
28600.0,0,0
28700.0,0,0
28900.0,0,0
29100.0,0,0
28604.716,0,0
27342.146,0,0
26234.582,0,0
25570.253,0,0
25162.221,0,0
25084.165,0,0
24837.775,0,0
24387.862,0,0
24066.348,0,0
23923.302,0,0
23151.8,1,1
20284.769,1,1
16853.679,1,1
14578.617,1,1
11801.932,1,1
8415.614,1,1
4823.867,1,1
1026.505,1,1
0.0,1,1
0.0,1,1
0.0,1,1
0.0,1,1
0.0,1,1
0.0,1,1
0.0,1,1
0.0,1,1
421.362,1,1
0.0,1,1
0.0,1,1
0.0,1,1
332.086,1,1
8767.773,1,1
16091.535,1,1
22264.268,1,1
25350.788,0,0
26253.616,0,0
27273.918,0,0
28445.727,0,0
31592.671,0,0
35138.38,0,0
36485.921,0,0
36206.44,0,0
35926.926,0,0
35547.38,0,0
35183.881,0,0
35083.808,0,0
34883.734,0,0
34783.661,0,0
34807.221,0,0
34606.951,0,0
34406.699,0,0
34306.464,0,0
34266.134,0,0
34200.0,0,0
34100.0,0,0
34000.0,0,0
33900.0,0,0
33800.0,0,0
33700.0,0,0
33600.0,0,0
33400.0,0,0
33200.0,0,0
33000.0,0,0
32800.0,0,0
32400.0,0,0
31700.0,0,0
31100.0,0,0
30500.0,0,0
29945.978,0,0
29606.146,0,0
29266.391,0,0
28926.711,0,0
28002.134,0,0
26840.643,0,0
25679.564,0,0
24396.975,0,0
23949.588,0,0
24396.397,0,0
24667.798,0,0
25038.891,0,0
24844.434,0,0
24085.07,0,0
23404.378,0,0
22221.578,1,1
22692.951,1,1
24441.165,0,0
25875.077,0,0
27169.143,0,0
27548.776,0,0
28049.562,0,0
28240.018,0,0
28266.591,0,0
28424.891,0,0
28714.649,0,0
29004.305,0,0
29293.859,0,0
28755.45,0,0
26968.008,0,0
24818.003,0,0
22434.517,1,1
20868.215,1,1
20187.299,1,1
17389.875,1,1
11786.487,1,1
4284.165,1,1
0.0,1,1
0.0,1,1
0.0,1,1
6178.76,1,1
12124.154,1,1
16196.266,1,1
17591.685,1,1
20473.638,1,1
23286.829,0,0
23719.253,0,0
22607.453,1,1
20830.138,1,1
18239.532,1,1
16705.202,1,1
16367.96,1,1
17189.651,1,1
19268.416,1,1
21286.186,1,1
22823.079,0,0
24359.834,0,0
25674.887,0,0
26317.587,0,0
26897.293,0,0
27401.413,0,0
27748.407,0,0
28470.495,0,0
29567.319,0,0
31443.304,0,0
32917.862,0,0
33278.262,0,0
33671.878,0,0
34358.385,0,0
34934.193,0,0
35510.126,0,0
36086.183,0,0
36300.0,0,0
36156.799,0,0
35978.423,0,0
35899.991,0,0
35650.91,0,0
35431.211,0,0
35211.498,0,0
34891.771,0,0
34811.293,0,0
34670.107,0,0
34628.963,0,0
34487.861,0,0
34297.651,0,0
34058.281,0,0
33818.883,0,0
33479.457,0,0
33240.003,0,0
32900.521,0,0
32561.011,0,0
32221.473,0,0
31672.048,0,0
31012.727,0,0
30253.364,0,0
29433.746,0,0
29113.382,0,0
29111.771,0,0
29010.3,0,0
29008.97,0,0
28679.07,0,0
28020.345,0,0
27288.779,0,0
26131.029,0,0
25114.4,0,0
24439.157,0,0
23763.317,0,0
22985.461,0,0
22068.974,0,0
21177.399,0,0
20284.7,0,0
19290.875,0,0
20350.649,0,0
23263.231,0,0
25272.103,0,0
26565.94,0,0
27155.748,0,0
27655.594,0,0
28255.439,0,0
28755.284,0,0
29125.344,0,0
29365.753,0,0
29500.0,0,0
29600.0,0,0
28577.479,0,0
25777.102,0,0
22457.837,0,0
18480.958,0,0
12886.676,1,1
4960.096,1,1
725.976,1,1
1582.372,1,1
1788.083,1,1
778.158,1,1
0.0,1,1
0.0,1,1
0.0,1,1
0.0,1,1
0.0,1,1
204.688,1,1
6839.989,1,1
12103.999,1,1
11861.529,1,1
3045.911,1,1
0.0,1,1
0.0,1,1
0.0,1,1
0.0,1,1
0.0,1,1
577.801,1,1
5517.168,1,1
8579.563,1,1
13141.857,0,0
16449.183,0,0
17608.842,0,0
18496.524,0,0
19225.731,0,0
20007.04,0,0
20333.465,0,0
20534.929,0,0
21099.959,0,0
22302.386,0,0
24723.4,0,0
27356.528,0,0
28624.3,0,0
29019.201,0,0
29414.093,0,0
29808.977,0,0
30784.112,0,0
32441.382,0,0
33696.259,0,0
34725.82,0,0
35371.847,0,0
35389.139,0,0
35406.781,0,0
35300.0,0,0
35100.0,0,0
35000.0,0,0
34800.0,0,0
34700.0,0,0
34400.0,0,0
34100.0,0,0
33700.0,0,0
33300.0,0,0
33000.0,0,0
32800.0,0,0
32600.0,0,0
32395.878,0,0
31835.819,0,0
31075.839,0,0
30400.0,0,0
29600.0,0,0
29200.0,0,0
29055.665,0,0
28975.164,0,0
28794.516,0,0
28594.319,0,0
28274.805,0,0
28055.453,0,0
27800.0,0,0
27500.0,0,0
27300.0,0,0
27200.0,0,0
27000.0,0,0
26900.0,0,0
26800.0,0,0
26700.0,0,0
26600.0,0,0
26600.0,0,0
26600.0,0,0
26500.0,0,0
26500.0,0,0
26600.0,0,0
26900.0,0,0
27100.0,0,0
27400.0,0,0
27600.0,0,0
27800.0,0,0
28100.0,0,0
28300.0,0,0
27713.866,0,0
26181.593,0,0
24284.656,0,0
22253.5,0,0
19339.156,0,0
15568.698,0,0
11530.827,1,1
7161.324,1,1
1043.317,1,1
0.0,1,1
0.0,1,1
0.0,1,1
0.0,1,1
0.0,1,1
0.0,1,1
0.0,1,1
0.0,1,1
0.0,1,1
0.0,1,1
0.0,1,1
6319.518,1,1
13820.524,0,0
15525.658,0,0
11288.033,1,1
8228.005,1,1
6544.288,1,1
6181.891,1,1
7036.57,1,1
7506.62,1,1
7712.72,1,1
9313.906,1,1
12255.199,1,1
13158.677,0,0
12655.216,0,0
18605.561,0,0
28932.127,0,0
33857.605,0,0
34925.551,0,0
35774.185,0,0
36310.367,0,0
36495.846,0,0
36300.0,0,0
36100.0,0,0
35900.0,0,0
35700.0,0,0
35500.0,0,0
35400.0,0,0
35200.0,0,0
35100.0,0,0
34800.0,0,0
34600.0,0,0
34400.0,0,0
34300.0,0,0
34200.0,0,0
34000.0,0,0
33900.0,0,0
33800.0,0,0
33600.0,0,0
33500.0,0,0
33143.325,0,0
32912.751,0,0
32834.76,0,0
32700.0,0,0
32500.0,0,0
32100.0,0,0
31400.0,0,0
30700.0,0,0
30000.0,0,0
29600.0,0,0
29454.962,0,0
29009.919,0,0
28664.785,0,0
27677.052,0,0
26502.34,0,0
25227.449,0,0
23548.531,0,0
23196.126,0,0
24111.602,0,0
24713.76,0,0
25193.606,0,0
24457.05,0,0
22017.885,0,0
19028.291,1,1
15188.669,1,1
13840.217,1,1
15394.44,1,1
16848.93,1,1
18303.69,1,1
18190.945,1,1
16310.205,1,1
14429.08,1,1
12039.107,1,1
9980.228,1,1
9426.025,1,1
8871.683,1,1
8317.2,1,1
11921.988,1,1
17358.62,1,1
21586.139,0,0
25236.557,0,0
27453.678,0,0
24866.48,0,0
26055.12,0,0
27343.762,0,0
26705.362,0,0
24326.85,0,0
22746.761,0,0
21974.323,0,0
21129.978,0,0
20194.17,0,0
19335.853,0,0
18461.312,1,1
11630.718,1,1
0.0,1,1
0.0,1,1
4855.74,1,1
10240.826,1,1
12301.079,1,1
15699.36,1,1
20198.429,0,0
23409.371,0,0
25473.504,0,0
25822.417,0,0
24306.6,0,0
22905.782,0,0
21564.122,0,0
22564.051,0,0
25858.478,0,0
29030.274,0,0
31944.362,0,0
33456.945,0,0
33577.692,0,0
33736.134,0,0
34033.676,0,0
34603.642,0,0
35431.618,0,0
35099.186,0,0
33549.416,0,0
31599.485,0,0
29393.487,0,0
29191.65,0,0
31195.703,0,0
32845.508,0,0
34096.305,0,0
34668.435,0,0
34508.67,0,0
34349.012,0,0
34089.377,0,0
33860.179,0,0
33861.43,0,0
33862.719,0,0
33764.044,0,0
33684.291,0,0
33423.407,0,0
33262.49,0,0
33001.54,0,0
32901.457,0,0
32762.294,0,0
32623.164,0,0
32484.068,0,0
32185.651,0,0
31600.0,0,0
30900.0,0,0
30300.0,0,0
29900.0,0,0
29700.0,0,0
29600.0,0,0
29400.0,0,0
29200.0,0,0
28900.0,0,0
28700.0,0,0
28400.0,0,0
28200.0,0,0
27900.0,0,0
27700.0,0,0
27500.0,0,0
27300.0,0,0
27200.0,0,0
27200.0,0,0
27100.0,0,0
27000.0,0,0
27000.0,0,0
27000.0,0,0
27000.0,0,0
27100.0,0,0
27300.0,0,0
27500.0,0,0
27700.0,0,0
28000.0,0,0
28300.0,0,0
28600.0,0,0
28900.0,0,0
27576.077,0,0
23854.396,0,0
18952.301,0,0
12802.121,0,0
7354.71,0,0
2818.798,0,0
0.0,1,1
0.0,1,1
0.0,1,1
0.0,1,1
0.0,1,1
0.0,1,1
0.0,1,1
0.0,1,1
0.0,1,1
0.0,1,1
0.0,1,1
0.0,1,1
0.0,1,1
0.0,1,1
0.0,1,1
0.0,1,1
0.0,1,1
0.0,1,1
0.0,1,1
0.0,1,1
0.0,1,1
0.0,1,1
0.0,1,1
0.0,1,1
49.477,0,0
3481.4,0,0
5979.209,0,0
7841.082,0,0
12571.394,0,0
19271.212,0,0
24098.836,0,0
27350.187,0,0
31311.932,0,0
35134.806,0,0
36355.359,0,0
35689.267,0,0
34341.431,0,0
32992.555,0,0
32795.355,0,0
33551.261,0,0
34408.033,0,0
35213.338,0,0
35063.312,0,0
34625.392,0,0
33845.228,0,0
33164.628,0,0
32871.739,0,0
32766.955,0,0
32762.258,0,0
32757.648,0,0
32416.338,0,0
31637.868,0,0
30858.871,0,0
30103.294,0,0
29450.756,0,0
29248.861,0,0
28946.965,0,0
28745.067,0,0
28469.005,0,0
28214.339,0,0
27802.739,0,0
27291.403,0,0
26890.471,0,0
26599.663,0,0
26208.75,0,0
25660.178,0,0
24025.43,0,0
21308.391,0,0
17785.681,0,0
14175.715,1,1
13498.912,1,1
16358.388,1,1
18948.766,0,0
21058.579,0,0
20706.195,0,0
17923.777,0,0
14513.892,1,1
9762.054,1,1
8262.677,1,1
11252.088,1,1
13676.913,1,1
15330.028,1,1
16669.774,1,1
17695.924,1,1
18822.378,0,0
19849.136,0,0
21539.783,0,0
23860.094,0,0
25823.426,0,0
27484.669,0,0
27754.152,0,0
26006.141,0,0
24789.326,0,0
24414.383,0,0
24644.378,0,0
25139.631,0,0
24759.846,0,0
22233.15,0,0
18295.394,0,0
14543.048,1,1
11989.665,1,1
10133.07,1,1
7178.609,1,1
3204.459,1,1
2931.361,1,1
6626.363,1,1
9730.616,1,1
12161.808,1,1
14998.73,1,1
18188.026,0,0
22223.963,0,0
21654.658,0,0
21818.368,0,0
20419.954,0,0
17423.947,1,1
12755.764,1,1
13123.345,1,1
18253.669,0,0
23031.67,0,0
25809.559,0,0
26703.396,0,0
27274.736,0,0
27586.03,0,0
27365.049,0,0
26854.852,0,0
26587.069,0,0
27684.868,0,0
28735.562,0,0
28320.111,0,0
28077.533,0,0
28451.189,0,0
29440.123,0,0
30136.384,0,0
30932.645,0,0
31031.15,0,0
30531.86,0,0
30132.515,0,0
29633.116,0,0
30329.413,0,0
32089.947,0,0
33231.897,0,0
34273.846,0,0
34413.641,0,0
34213.597,0,0
34113.553,0,0
33913.508,0,0
33833.585,0,0
33773.783,0,0
33713.981,0,0
33754.178,0,0
33483.813,0,0
33102.861,0,0
31954.092,0,0
30890.691,0,0
29623.061,0,0
27995.072,0,0
26247.702,0,0
24500.142,0,0
23775.761,0,0
24374.621,0,0
24873.372,0,0
25372.014,0,0
25919.746,0,0
26270.75,0,0
26546.144,0,0
26721.643,0,0
26137.726,0,0
24518.576,0,0
22224.261,0,0
19929.945,1,1
19242.719,1,1
20476.944,1,1
21673.32,1,1
22869.914,0,0
22869.699,0,0
21672.512,1,1
20475.326,1,1
19140.028,1,1
17910.38,1,1
17087.573,1,1
16264.766,1,1
15541.96,1,1
15741.375,1,1
16963.153,1,1
18185.116,1,1
19407.264,1,1
20732.316,1,1
21923.626,1,1
22856.736,0,0
23927.559,0,0
24214.949,0,0
23801.154,0,0
23346.072,0,0
22853.408,0,0
22384.574,0,0
21837.204,1,1
22006.427,1,1
22895.714,0,0
23051.466,0,0
22312.384,0,0
21247.613,1,1
19856.849,1,1
19713.437,1,1
21017.689,1,1
22149.661,1,1
23108.371,0,0
24608.868,0,0
25839.084,0,0
27936.013,0,0
30412.618,0,0
32265.588,0,0
33427.428,0,0
33741.366,0,0
33837.482,0,0
33844.723,0,0
34114.147,0,0
34067.58,0,0
33906.34,0,0
33721.943,0,0
33714.283,0,0
33913.678,0,0
34417.603,0,0
34930.333,0,0
35253.016,0,0
35716.242,0,0
36113.802,0,0
36300.0,0,0
36100.0,0,0
36000.0,0,0
35800.0,0,0
35700.0,0,0
35500.0,0,0
35300.0,0,0
35200.0,0,0
35000.0,0,0
34700.0,0,0
34500.0,0,0
34300.0,0,0
34200.0,0,0
34200.0,0,0
34055.915,0,0
33816.189,0,0
33536.51,0,0
33316.831,0,0
32597.586,0,0
31826.626,0,0
31203.566,0,0
30528.368,0,0
29853.428,0,0
29077.098,0,0
27862.855,0,0
26274.958,0,0
24787.541,0,0
23300.603,0,0
22357.657,0,0
22158.344,0,0
21959.031,0,0
21759.718,0,0
21756.459,0,0
22049.175,0,0
22241.783,0,0
22434.286,0,0
21617.151,0,0
19690.897,0,0
17321.644,0,0
14899.721,0,0
13689.652,0,0
13690.838,0,0
13792.024,0,0
13893.21,0,0
15812.886,0,0
19624.263,0,0
22385.143,0,0
24896.493,0,0
25955.005,0,0
26165.64,0,0
26376.31,0,0
26687.013,0,0
26792.62,0,0
26893.106,0,0
26993.592,0,0
27194.077,0,0
26697.03,0,0
25655.438,0,0
24595.16,0,0
23271.772,0,0
22394.39,0,0
21972.788,0,0
20719.56,0,0
18520.895,0,0
16756.277,0,0
15303.917,0,0
15192.22,0,0
16462.504,0,0
16909.145,0,0
16521.708,0,0
16520.388,0,0
16704.622,0,0
15785.039,0,0
13306.488,0,0
11756.334,0,0
10995.552,0,0
11127.903,0,0
13551.332,0,0
13711.031,0,0
11608.358,0,0
7682.371,0,0
2045.119,1,1
0.0,1,1
0.0,1,1
0.0,1,1
0.0,1,1
0.0,1,1
0.0,1,1
0.0,1,1
0.0,1,1
0.0,1,1
0.0,1,1
0.0,1,1
0.0,1,1
0.0,1,1
0.0,1,1
0.0,1,1
0.0,1,1
0.0,1,1
0.0,1,1
0.0,1,1
0.0,1,1
1235.44,1,1
8285.969,0,0
10197.391,0,0
6966.084,0,0
3633.7,0,0
400.238,1,1
294.109,1,1
3216.925,0,0
6040.816,0,0
8965.782,0,0
12083.227,0,0
15759.871,0,0
19437.93,0,0
21518.285,0,0
22417.355,0,0
22115.454,0,0
21913.552,0,0
21711.65,0,0
23112.939,0,0
25446.777,0,0
27354.024,0,0
28446.673,0,0
28134.485,0,0
26616.48,0,0
24707.747,0,0
22351.351,0,0
21562.561,1,0
22042.439,0,0
22622.631,0,0
23103.137,0,0
23463.552,0,0
23599.124,0,0
23681.379,0,0
23663.735,0,0
23563.228,0,0
23279.708,0,0
22996.085,0,0
22558.753,0,0
21259.933,1,1
19103.434,1,1
16161.47,1,1
13036.984,1,1
13433.838,1,1
17254.263,1,1
20794.935,1,1
23651.724,0,0
25351.187,0,0
25888.16,0,0
26371.323,0,0
26754.588,0,0
26461.385,0,0
25351.552,0,0
23966.185,0,0
22568.209,0,0
22313.882,0,0
23003.51,0,0
23913.958,0,0
25325.287,0,0
26994.52,0,0
28901.344,0,0
28178.348,0,0
24723.517,0,0
20703.142,1,1
16124.611,1,1
13563.741,1,1
12772.181,1,1
11511.908,1,1
9939.13,1,1
10885.491,1,1
14310.963,1,1
17567.163,1,1
19727.092,1,1
20461.747,1,1
20536.041,1,1
20277.947,1,1
19851.735,1,1
20238.796,1,1
21426.233,1,1
22520.611,0,0
23633.308,0,0
24828.911,0,0
26304.435,0,0
27755.006,0,0
29173.974,0,0
29859.726,0,0
30030.405,0,0
30827.909,0,0
31610.772,0,0
31916.372,0,0
32121.872,0,0
32521.039,0,0
33014.0,0,0
33607.027,0,0
34200.12,0,0
34399.623,0,0
34205.449,0,0
34011.225,0,0
33816.951,0,0
33059.691,0,0
31433.782,0,0
29330.267,0,0
27124.926,0,0
25922.028,0,0
26220.065,0,0
26418.314,0,0
26690.701,0,0
26314.361,0,0
25110.586,0,0
24006.381,0,0
22801.747,0,0
22699.121,0,0
23699.469,0,0
24574.543,0,0
25253.173,0,0
26073.528,0,0
27135.845,0,0
27593.688,0,0
28025.022,0,0
28096.409,0,0
27907.292,0,0
27618.039,0,0
27428.651,0,0
26991.879,0,0
26407.671,0,0
25823.259,0,0
25138.643,0,0
24175.288,0,0
22461.206,0,0
20635.516,0,0
18753.648,1,1
18247.828,1,1
19463.585,1,1
20543.838,0,0
21624.94,0,0
21771.213,0,0
20881.542,0,0
19991.231,0,0
19100.279,1,1
19049.52,1,1
19939.755,0,0
20730.414,0,0
21521.499,0,0
22758.153,0,0
24403.126,0,0
25654.456,0,0
26906.473,0,0
26284.033,0,0
23500.081,0,0
20663.588,0,0
18225.483,1,1
18558.252,1,1
21382.399,0,0
21746.265,0,0
19527.257,1,1
11913.606,1,1
0.0,1,1
0.0,1,1
5323.562,1,1
12978.125,1,1
17325.152,1,1
19190.63,1,1
18449.296,1,1
17666.945,1,1
17496.945,1,1
16725.569,1,1
15190.23,1,1
11725.152,1,1
6274.315,1,1
9226.987,1,1
20587.599,0,0
27946.705,0,0
31658.891,0,0
32140.584,0,0
29451.895,0,0
26819.553,0,0
24345.09,0,0
23418.576,0,0
23853.656,0,0
22491.746,0,0
19353.301,1,0
19830.409,0,0
23182.237,0,0
25802.756,0,0
28328.5,0,0
30218.248,0,0
31690.518,0,0
32479.407,0,0
32812.278,0,0
32892.614,0,0
32973.201,0,0
32777.911,0,0
32206.243,0,0
31275.751,0,0
30439.98,0,0
30751.794,0,0
31918.513,0,0
32748.626,0,0
33579.748,0,0
33550.873,0,0
33510.039,0,0
33469.258,0,0
33328.53,0,0
33386.927,0,0
33400.0,0,0
33200.0,0,0
33100.0,0,0
32900.0,0,0
32700.0,0,0
32400.0,0,0
32200.0,0,0
31800.0,0,0
31600.0,0,0
31300.0,0,0
31100.0,0,0
