540.38,0,0
540.38,0,0
540.38,0,0
540.38,0,0
539.4,0,0
538.87,0,0
539.54,0,0
540.24,0,0
540.38,0,0
540.38,0,0
540.38,0,0
540.38,0,0
540.38,0,0
540.38,0,0
540.38,0,0
540.38,0,0
540.38,0,0
540.36,0,0
540.36,0,0
540.36,0,0
540.36,0,0
540.18,0,0
539.83,0,0
539.49,0,0
539.16,0,0
539.29,0,0
539.86,0,0
540.38,0,0
540.38,0,0
539.5,0,0
537.16,0,0
534.37,0,0
531.57,0,0
528.28,0,0
524.49,0,0
524.4,0,0
527.78,0,0
529.83,0,0
527.64,0,0
519.92,0,0
507.16,1,1
502.37,1,1
506.42,1,1
510.28,1,1
512.76,1,1
512.2,1,1
509.35,1,1
511.54,1,1
518.56,1,1
525.08,0,0
526.92,0,0
524.84,0,0
521.43,0,0
518.2,1,1
516.73,1,1
514.42,1,1
511.36,1,1
510.19,1,1
511.03,1,1
514.48,1,1
519.5,0,0
520.48,0,0
514.62,1,1
506.94,1,1
496.69,1,1
494.96,1,1
502.99,1,1
510.08,1,1
517.87,1,1
521.13,0,0
520.09,0,0
519.04,0,0
518.06,1,0
519.78,0,0
524.23,0,0
527.53,0,0
530.4,0,0
531.83,0,0
531.78,0,0
531.74,0,0
531.7,0,0
531.2,0,0
530.28,0,0
529.36,0,0
528.41,0,0
529.82,0,0
533.7,0,0
537.59,0,0
538.41,0,0
539.11,0,0
539.68,0,0
540.26,0,0
540.38,0,0
540.38,0,0
540.38,0,0
540.38,0,0
540.38,0,0
540.38,0,0
540.38,0,0
540.38,0,0
540.38,0,0
540.38,0,0
539.02,0,0
537.47,0,0
532.35,0,0
525.39,0,0
518.54,0,0
508.24,1,1
497.86,1,1
494.3,1,1
497.85,1,1
501.29,1,1
504.91,1,1
503.35,1,1
496.86,1,1
490.24,1,1
481.19,1,1
481.38,1,1
490.91,1,1
497.87,1,1
504.69,1,1
506.4,1,1
503.15,1,1
499.97,1,1
496.84,1,1
500.72,1,1
511.24,0,0
517.86,0,0
522.94,0,0
524.21,0,0
526.47,0,0
526.06,0,0
523.45,0,0
522.08,0,0
521.82,0,0
522.16,0,0
523.07,0,0
524.04,0,0
525.01,0,0
523.37,0,0
519.2,0,0
516.5,0,0
514.87,0,0
513.88,0,0
514.75,0,0
514.0,0,0
511.67,0,0
508.43,1,1
507.04,1,1
505.29,1,1
503.25,1,1
504.63,1,1
508.81,0,0
518.86,0,0
527.55,0,0
530.83,0,0
532.16,0,0
529.5,0,0
524.93,0,0
523.08,0,0
523.86,0,0
526.28,0,0
530.26,0,0
533.36,0,0
535.75,0,0
536.16,0,0
534.86,0,0
533.55,0,0
532.22,0,0
533.68,0,0
537.74,0,0
538.64,0,0
539.54,0,0
540.23,0,0
540.38,0,0
540.38,0,0
540.38,0,0
540.38,0,0
540.38,0,0
540.38,0,0
540.38,0,0
540.38,0,0
540.38,0,0
540.38,0,0
540.38,0,0
540.38,0,0
540.38,0,0
540.38,0,0
540.38,0,0
540.38,0,0
540.38,0,0
540.38,0,0
540.38,0,0
540.38,0,0
540.38,0,0
540.38,0,0
540.38,0,0
540.38,0,0
540.38,0,0
540.38,0,0
540.38,0,0
540.38,0,0
540.38,0,0
540.38,0,0
540.38,0,0
540.38,0,0
540.38,0,0
540.38,0,0
540.38,0,0
540.38,0,0
540.38,0,0
540.38,0,0
540.38,0,0
540.38,0,0
540.38,0,0
540.38,0,0
540.38,0,0
540.38,0,0
540.38,0,0
540.38,0,0
540.38,0,0
539.93,0,0
538.98,0,0
538.03,0,0
537.09,0,0
534.18,0,0
529.4,0,0
528.27,0,0
530.46,0,0
533.05,0,0
535.98,0,0
533.68,0,0
526.19,0,0
518.7,0,0
511.24,1,1
509.43,1,1
513.08,1,1
514.89,1,1
515.66,0,0
516.43,0,0
517.31,0,0
517.34,0,0
516.52,0,0
517.86,0,0
521.41,0,0
525.59,0,0
530.42,0,0
531.76,0,0
529.55,0,0
527.58,0,0
525.58,0,0
526.01,0,0
529.1,0,0
531.75,0,0
533.95,0,0
535.34,0,0
535.92,0,0
536.08,0,0
535.81,0,0
534.82,0,0
530.61,0,0
524.99,0,0
514.49,1,1
503.24,1,1
488.61,1,1
481.84,1,1
483.36,1,1
484.9,1,1
486.46,1,1
492.08,1,1
502.13,1,1
509.92,1,1
517.34,0,0
521.06,0,0
520.96,0,0
520.85,0,0
520.8,0,0
519.26,0,0
516.34,0,0
513.33,1,1
510.36,1,1
509.47,1,1
510.67,1,1
511.9,1,1
513.22,1,1
513.43,1,1
512.63,1,1
511.78,1,1
510.89,1,1
511.15,0,0
512.72,0,0
514.3,0,0
515.9,0,0
516.66,0,0
516.4,0,0
516.13,0,0
515.86,0,0
513.79,0,0
509.85,0,0
505.95,0,0
501.85,0,0
497.33,0,0
492.45,0,0
486.66,0,0
479.97,0,0
470.22,0,0
457.21,0,0
438.29,0,0
414.75,0,0
418.54,0,0
449.45,0,0
467.98,0,0
484.85,0,0
498.83,0,0
511.07,0,0
521.7,0,0
529.37,0,0
524.62,0,0
500.38,0,0
467.35,0,0
426.24,0,0
396.87,0,0
385.19,1,1
378.8,1,1
380.8,1,1
384.85,1,1
391.11,1,1
394.35,1,1
394.67,1,1
400.14,0,0
411.48,0,0
408.3,0,0
388.75,1,1
373.59,1,1
362.22,1,1
354.07,1,1
349.44,1,1
341.44,1,1
330.75,1,1
326.65,1,1
329.52,1,1
329.99,1,1
329.42,1,1
336.69,1,1
352.3,1,1
367.06,1,1
380.78,1,1
389.08,1,1
393.49,1,1
397.59,0,0
401.75,0,0
419.01,0,0
446.09,0,0
463.76,0,0
475.0,0,0
500.81,0,0
530.44,0,0
540.38,0,0
540.38,0,0
539.95,0,0
539.49,0,0
539.26,0,0
539.25,0,0
539.25,0,0
539.25,0,0
539.0,0,0
538.52,0,0
538.02,0,0
537.52,0,0
537.65,0,0
538.41,0,0
539.19,0,0
539.97,0,0
540.07,0,0
539.47,0,0
538.86,0,0
538.26,0,0
538.04,0,0
538.23,0,0
538.41,0,0
538.6,0,0
538.73,0,0
538.79,0,0
538.85,0,0
538.92,0,0
538.08,0,0
534.16,0,0
525.68,0,0
515.58,0,0
505.64,0,0
499.01,0,0
492.24,1,1
482.98,1,1
482.58,1,1
490.89,1,1
497.11,0,0
503.28,0,0
509.81,0,0
516.39,0,0
521.26,0,0
525.57,0,0
523.35,0,0
512.93,0,0
499.49,0,0
484.81,1,1
480.42,1,1
489.92,1,1
497.03,0,0
503.86,0,0
504.11,0,0
498.04,0,0
492.1,1,1
483.97,1,1
486.61,1,1
497.0,0,0
505.86,0,0
514.01,0,0
508.31,0,0
492.42,1,1
489.7,1,1
499.22,0,0
506.15,0,0
510.68,0,0
509.98,0,0
504.16,0,0
499.86,0,0
497.11,0,0
493.55,0,0
488.96,1,1
483.51,1,1
477.2,1,1
471.73,1,1
467.12,1,1
442.91,1,1
399.49,1,1
397.76,1,1
436.52,1,1
469.76,1,1
486.93,1,1
491.99,1,1
495.59,0,0
501.09,0,0
509.81,0,0
512.58,0,0
509.78,0,0
506.08,0,0
501.41,0,0
504.61,0,0
515.16,0,0
523.98,0,0
529.4,0,0
530.58,0,0
528.65,0,0
525.63,0,0
520.03,0,0
513.66,0,0
507.25,0,0
503.88,0,0
503.67,0,0
503.46,0,0
503.25,0,0
508.1,0,0
517.98,0,0
526.38,0,0
532.92,0,0
533.36,0,0
527.57,0,0
521.08,0,0
512.02,0,0
507.39,0,0
507.28,0,0
507.08,0,0
506.98,0,0
508.31,0,0
511.22,0,0
514.16,0,0
517.14,0,0
517.58,0,0
515.46,0,0
513.25,0,0
510.93,0,0
504.08,0,0
491.89,0,0
476.01,0,0
459.91,0,0
443.0,0,0
434.93,0,0
426.24,1,1
417.24,1,1
415.88,1,1
421.61,1,1
427.46,1,1
433.84,0,0
439.46,0,0
444.26,0,0
448.97,0,0
451.92,0,0
454.85,0,0
458.05,0,0
461.21,0,0
464.33,0,0
467.91,0,0
471.87,0,0
475.67,0,0
479.32,0,0
479.88,0,0
477.86,0,0
475.65,0,0
473.45,0,0
471.97,0,0
471.0,0,0
469.94,0,0
468.84,0,0
467.55,0,0
465.64,0,0
462.72,0,0
458.62,0,0
453.7,0,0
448.54,0,0
454.18,0,0
467.9,0,0
476.97,0,0
466.64,0,0
462.24,0,0
450.78,0,0
435.9,0,0
417.07,1,1
399.22,1,1
384.08,1,1
361.39,1,1
330.45,1,1
323.67,1,1
341.47,1,1
357.01,1,1
364.94,1,1
357.39,1,1
335.66,1,1
322.99,1,1
318.51,1,1
309.2,1,1
295.07,1,1
290.63,1,1
295.99,1,1
332.88,1,1
390.91,1,1
436.9,0,0
476.23,0,0
501.87,0,0
520.46,0,0
530.34,0,0
536.31,0,0
538.55,0,0
539.76,0,0
540.32,0,0
540.23,0,0
540.13,0,0
540.04,0,0
540.27,0,0
540.38,0,0
540.38,0,0
540.38,0,0
540.38,0,0
540.38,0,0
540.38,0,0
540.38,0,0
540.38,0,0
540.38,0,0
540.38,0,0
540.38,0,0
540.38,0,0
540.38,0,0
540.38,0,0
540.38,0,0
540.38,0,0
540.38,0,0
540.38,0,0
540.38,0,0
540.38,0,0
540.38,0,0
540.38,0,0
540.38,0,0
540.38,0,0
540.38,0,0
540.38,0,0
540.38,0,0
540.38,0,0
540.38,0,0
540.38,0,0
540.38,0,0
540.38,0,0
540.38,0,0
540.38,0,0
540.38,0,0
540.38,0,0
540.38,0,0
540.38,0,0
540.38,0,0
540.38,0,0
540.38,0,0
540.38,0,0
540.38,0,0
540.38,0,0
540.38,0,0
540.38,0,0
540.38,0,0
537.96,0,0
532.86,0,0
527.67,0,0
522.46,0,0
518.73,0,0
516.46,0,0
509.7,0,0
498.57,0,0
481.67,1,1
458.4,1,1
438.58,1,1
421.76,1,1
411.11,1,1
407.3,1,1
408.91,1,1
416.54,1,1
421.24,1,1
423.24,1,1
431.51,1,1
446.39,1,1
466.42,1,1
483.24,0,0
484.03,0,0
470.35,1,1
451.77,1,1
434.79,1,1
434.56,1,1
450.81,1,1
467.86,1,1
479.9,1,1
484.53,0,1
471.35,1,1
443.27,1,1
419.05,1,1
439.61,1,1
493.49,0,0
521.32,0,0
530.29,0,0
536.14,0,0
539.05,0,0
540.38,0,0
540.38,0,0
540.38,0,0
540.38,0,0
540.38,0,0
540.38,0,0
540.38,0,0
540.18,0,0
539.78,0,0
539.31,0,0
538.85,0,0
538.37,0,0
538.26,0,0
538.53,0,0
538.81,0,0
539.08,0,0
539.07,0,0
538.76,0,0
538.45,0,0
538.13,0,0
538.05,0,0
538.24,0,0
538.42,0,0
538.61,0,0
538.68,0,0
538.64,0,0
538.59,0,0
538.54,0,0
538.69,0,0
539.03,0,0
539.37,0,0
539.72,0,0
539.77,0,0
539.52,0,0
539.27,0,0
539.01,0,0
538.81,0,0
538.67,0,0
538.53,0,0
538.39,0,0
538.76,0,0
539.65,0,0
540.38,0,0
540.38,0,0
540.38,0,0
540.38,0,0
540.38,0,0
540.38,0,0
540.38,0,0
540.38,0,0
540.38,0,0
540.38,0,0
540.38,0,0
540.38,0,0
540.38,0,0
540.38,0,0
539.17,0,0
536.62,0,0
534.08,0,0
531.57,0,0
528.37,0,0
524.55,0,0
519.57,0,0
513.4,0,0
505.6,0,0
496.11,1,1
495.27,1,1
502.69,1,1
507.87,0,0
510.95,0,0
513.4,0,0
514.66,0,0
517.06,0,0
520.67,0,0
520.38,0,0
516.3,0,0
511.46,0,0
507.28,0,0
499.48,1,1
486.34,1,1
469.56,1,1
449.72,1,1
439.63,1,1
442.05,1,1
452.19,1,1
470.1,1,1
483.39,1,1
489.66,1,1
498.05,1,1
505.8,0,0
514.95,0,0
523.1,0,0
527.98,0,0
530.63,0,0
528.32,0,0
524.9,0,0
521.34,0,0
519.85,0,0
518.33,0,0
516.8,0,0
517.7,0,0
521.02,0,0
524.39,0,0
526.57,0,0
528.5,0,0
530.21,0,0
531.94,0,0
533.71,0,0
534.11,0,0
533.17,0,0
532.19,0,0
531.23,0,0
526.95,0,0
517.15,0,0
505.18,1,1
490.35,1,1
481.74,1,1
481.39,1,1
480.88,1,1
480.35,1,1
475.03,1,1
463.98,1,1
445.6,1,1
426.19,1,1
426.44,0,0
447.62,0,0
464.42,0,0
475.97,0,0
477.9,0,0
470.01,0,0
461.96,0,0
452.12,0,0
444.42,0,0
443.38,0,0
442.65,0,0
441.57,0,0
445.48,0,0
452.71,0,0
457.27,0,0
462.18,0,0
468.05,0,0
474.82,0,0
481.56,0,0
488.26,0,0
494.17,0,0
500.12,0,0
506.0,0,0
511.9,0,0
510.68,0,0
502.83,0,0
495.03,0,0
485.38,0,0
473.13,0,0
455.27,0,0
442.6,0,0
441.13,0,0
453.9,0,0
472.95,0,0
480.33,0,0
460.61,0,0
420.03,0,0
383.67,1,1
353.76,1,1
331.34,1,1
301.44,1,1
263.3,1,1
252.47,1,1
270.21,1,1
287.08,1,1
300.49,1,1
299.48,1,1
284.0,1,1
273.59,1,1
267.62,1,1
276.85,1,1
300.59,1,1
318.83,1,1
330.53,1,1
343.8,1,1
358.87,1,1
372.2,1,1
384.43,1,1
395.21,1,1
405.55,1,1
416.16,1,1
427.35,0,0
443.09,0,0
462.41,0,0
475.05,0,0
482.66,0,0
502.6,0,0
527.64,0,0
533.79,0,0
527.8,0,0
519.96,0,0
510.46,0,0
503.64,0,0
498.8,0,0
493.91,0,0
488.97,0,0
487.27,0,0
488.73,0,0
490.22,0,0
491.86,0,0
494.0,0,0
496.66,0,0
499.45,0,0
502.16,0,0
503.85,0,0
504.99,0,0
506.25,0,0
507.52,0,0
510.58,0,0
515.63,0,0
520.69,0,0
524.73,0,0
525.45,0,0
523.52,0,0
521.54,0,0
518.52,0,0
518.17,0,0
520.62,0,0
522.26,0,0
523.85,0,0
521.24,0,0
510.99,0,0
499.97,0,0
487.33,0,0
486.78,0,0
498.7,0,0
509.45,0,0
519.82,0,0
524.77,0,0
527.76,0,0
530.72,0,0
533.72,0,0
534.32,0,0
532.51,0,0
530.7,0,0
528.89,0,0
526.52,0,0
523.63,0,0
520.84,0,0
517.4,0,0
516.64,0,0
519.54,0,0
521.39,0,0
523.22,0,0
524.11,0,0
523.83,0,0
523.53,0,0
523.15,0,0
521.96,0,0
519.98,0,0
510.49,0,0
493.74,0,0
449.76,0,0
372.82,0,0
350.84,0,0
389.81,0,0
406.3,0,0
402.01,0,0
388.88,0,0
376.04,0,0
383.16,0,0
409.14,0,0
423.07,0,0
425.27,0,0
410.43,0,0
378.88,0,0
355.43,0,0
340.95,0,0
321.65,0,0
301.38,0,0
283.5,0,0
265.66,1,1
242.53,1,1
211.7,1,1
176.36,1,1
128.82,1,1
100.47,1,1
103.43,1,1
120.96,1,1
150.17,1,1
182.27,1,1
222.49,1,1
275.62,1,1
333.86,0,0
306.46,0,0
203.85,1,1
111.06,1,1
32.57,1,1
33.83,1,1
32.77,1,1
44.85,1,1
72.25,1,1
99.31,1,1
126.23,1,1
153.0,1,1
181.41,1,1
224.18,1,1
279.79,0,0
338.54,0,0
388.79,0,0
430.71,0,0
462.31,0,0
484.3,0,0
501.86,0,0
509.01,0,0
510.22,0,0
511.54,0,0
512.87,0,0
510.4,0,0
503.99,0,0
497.18,0,0
487.64,0,0
485.62,0,0
491.46,0,0
496.53,0,0
500.81,0,0
502.71,0,0
502.22,0,0
501.83,0,0
501.31,0,0
498.65,0,0
493.81,0,0
487.7,0,0
480.99,0,0
481.85,0,0
490.78,0,0
497.16,0,0
503.59,0,0
505.0,0,0
501.23,0,0
497.45,0,0
493.84,0,0
486.88,0,0
476.03,0,0
465.14,0,0
454.27,0,0
447.28,0,0
452.32,0,0
457.2,0,0
460.14,0,0
464.11,0,0
468.51,0,0
472.93,0,0
476.97,0,0
453.33,0,0
400.45,0,0
359.49,1,1
343.13,1,1
340.65,1,1
356.34,1,1
363.76,1,1
365.83,1,1
372.24,1,1
378.62,1,1
388.75,0,0
402.55,0,0
419.29,0,0
407.93,0,0
413.86,0,0
415.44,0,0
400.42,0,0
369.6,1,1
364.32,1,1
383.92,0,0
408.18,0,0
433.38,0,0
448.39,0,0
453.09,0,0
450.74,0,0
439.26,0,0
418.35,0,0
385.86,0,0
356.82,1,1
348.4,1,1
355.44,1,1
372.57,1,1
382.99,0,0
388.62,0,0
391.26,0,0
392.94,0,0
373.1,1,1
327.82,1,1
278.32,1,1
230.36,1,1
223.09,1,1
257.58,1,1
293.72,1,1
330.07,1,1
356.72,1,1
372.23,1,1
388.41,0,0
404.43,0,0
417.32,0,0
424.27,0,0
431.09,0,0
437.68,0,0
440.97,0,0
440.35,0,0
439.73,0,0
439.09,0,0
441.53,0,0
446.52,0,0
451.58,0,0
456.7,0,0
451.33,0,0
435.0,0,0
417.39,0,0
398.65,0,0
364.91,1,1
321.94,1,1
273.68,1,1
221.1,1,1
205.77,1,1
228.38,1,1
250.52,1,1
274.2,1,1
308.66,1,1
352.04,1,1
392.16,1,1
423.86,1,1
451.9,0,0
466.17,0,0
480.48,0,0
493.4,0,0
499.44,0,0
501.33,0,0
503.09,0,0
504.99,0,0
506.04,0,0
506.25,0,0
506.45,0,0
506.65,0,0
503.68,0,0
497.36,0,0
491.1,0,0
482.75,0,0
488.26,0,0
502.12,0,0
514.4,0,0
521.57,0,0
520.36,0,0
509.38,0,0
500.77,0,0
494.37,0,0
482.91,0,0
465.26,0,0
449.79,0,0
436.17,0,0
422.36,1,1
408.75,1,1
405.89,1,1
413.9,1,1
423.47,1,1
434.69,0,1
431.09,1,1
412.44,1,1
389.93,1,1
363.37,1,1
366.5,1,1
399.1,1,1
427.01,1,1
450.35,0,0
460.37,0,0
457.78,0,0
456.27,0,0
455.57,0,0
465.48,0,0
485.08,0,0
499.52,0,0
509.52,0,0
515.87,0,0
518.49,0,0
520.77,0,0
522.88,0,0
527.72,0,0
534.76,0,0
537.75,0,0
535.32,0,0
532.08,0,0
528.8,0,0
525.48,0,0
521.42,0,0
516.2,0,0
511.0,0,0
514.15,0,0
524.86,0,0
532.44,0,0
537.93,0,0
538.64,0,0
538.43,0,0
538.22,0,0
538.01,0,0
538.2,0,0
538.81,0,0
539.43,0,0
540.05,0,0
540.38,0,0
540.38,0,0
540.38,0,0
540.38,0,0
540.38,0,0
540.38,0,0
540.38,0,0
540.38,0,0
540.38,0,0
540.38,0,0
540.38,0,0
540.38,0,0
540.38,0,0
540.38,0,0
540.38,0,0
540.38,0,0
540.38,0,0
540.38,0,0
540.38,0,0
540.22,0,0
539.02,0,0
537.43,0,0
533.7,0,0
526.12,0,0
523.72,0,0
526.33,0,0
528.94,0,0
531.47,0,0
530.68,0,0
526.69,0,0
522.84,0,0
518.81,0,0
513.27,0,0
508.06,0,0
503.0,0,0
497.88,0,0
495.5,0,0
495.35,0,0
495.1,0,0
494.8,0,0
470.33,1,1
414.36,1,1
399.04,1,1
433.0,1,1
451.98,1,1
452.31,1,1
447.98,1,1
439.62,1,1
432.81,1,1
428.23,1,1
427.67,1,1
431.28,1,1
439.01,1,1
448.72,1,1
452.44,1,1
447.72,1,1
432.73,1,1
412.94,1,1
420.49,1,1
454.68,1,1
476.67,1,1
487.41,1,1
492.33,0,1
491.25,1,1
491.46,0,0
491.4,0,0
496.79,0,0
507.64,0,0
518.8,0,0
529.86,0,0
534.95,0,0
534.31,0,0
535.16,0,0
537.39,0,0
538.66,0,0
539.28,0,0
538.96,0,0
538.49,0,0
538.03,0,0
537.59,0,0
532.3,0,0
523.58,0,0
510.25,0,0
494.63,0,0
489.57,1,0
497.99,0,0
505.37,0,0
511.63,0,0
517.17,0,0
522.13,0,0
525.81,0,0
529.03,0,0
531.07,0,0
531.95,0,0
532.85,0,0
533.76,0,0
530.97,0,0
524.41,0,0
515.23,0,0
504.63,0,0
504.09,0,0
514.0,0,0
523.11,0,0
529.91,0,0
533.37,0,0
533.3,0,0
533.25,0,0
533.17,0,0
533.39,0,0
533.85,0,0
534.36,0,0
534.88,0,0
537.08,0,0
538.73,0,0
540.38,0,0
540.38,0,0
540.38,0,0
540.38,0,0
540.38,0,0
540.38,0,0
540.38,0,0
540.38,0,0
540.38,0,0
540.38,0,0
540.38,0,0
540.38,0,0
540.38,0,0
540.38,0,0
540.38,0,0
540.38,0,0
540.38,0,0
540.38,0,0
535.63,0,0
524.05,0,0
510.14,0,0
493.97,0,0
473.24,0,0
446.82,0,0
423.68,0,0
404.29,0,0
382.43,0,0
357.69,1,1
337.19,1,1
320.94,1,1
301.06,1,1
277.86,1,1
264.7,1,1
261.92,1,1
255.2,1,1
244.75,1,1
241.44,1,1
245.38,1,1
247.31,1,1
248.06,1,1
253.45,1,1
264.72,1,1
274.36,1,1
282.59,1,1
289.47,1,1
294.07,1,1
299.29,1,1
304.02,1,1
317.29,1,1
336.96,1,1
354.58,1,1
369.42,0,0
393.56,0,0
424.07,0,0
444.1,0,0
456.41,0,0
487.81,0,0
526.86,0,0
540.38,0,0
540.38,0,0
540.38,0,0
540.38,0,0
540.38,0,0
540.38,0,0
540.38,0,0
540.38,0,0
540.38,0,0
540.38,0,0
540.38,0,0
540.27,0,0
539.61,0,0
538.84,0,0
538.06,0,0
536.43,0,0
535.24,0,0
536.59,0,0
537.52,0,0
537.79,0,0
537.81,0,0
537.57,0,0
537.34,0,0
536.57,0,0
536.5,0,0
537.17,0,0
537.3,0,0
537.45,0,0
537.41,0,0
537.16,0,0
536.92,0,0
536.09,0,0
534.63,0,0
532.84,0,0
531.01,0,0
529.15,0,0
527.54,0,0
526.2,0,0
524.89,0,0
523.55,0,0
519.13,0,0
508.04,0,0
496.32,0,0
482.9,0,0
472.26,0,0
466.93,0,0
461.59,0,0
456.25,0,0
452.55,0,0
450.81,0,0
447.08,0,0
443.01,0,0
441.64,0,0
442.59,0,0
443.2,0,0
444.12,0,0
438.03,0,0
424.18,0,0
410.91,0,0
397.92,1,1
399.38,1,1
414.65,0,0
425.48,0,0
431.18,0,0
430.19,0,0
422.35,0,0
423.59,0,0
436.46,0,0
450.07,0,0
460.02,0,0
464.54,0,0
467.59,0,0
463.6,0,0
457.22,0,0
461.65,0,0
476.31,0,0
487.37,0,0
495.46,0,0
499.49,0,0
499.64,0,0
500.96,0,0
503.58,0,0
503.57,0,0
500.98,0,0
498.11,0,0
493.49,0,0
488.74,0,0
486.53,0,0
477.56,0,0
464.22,0,0
455.64,0,0
453.08,0,0
456.41,0,0
471.51,0,0
480.09,0,0
484.64,0,0
483.54,0,0
476.52,0,0
464.89,0,0
452.46,0,0
433.85,0,0
403.66,1,1
368.8,1,1
331.13,1,1
302.67,1,1
288.76,1,1
274.63,1,1
260.27,1,1
258.74,1,1
270.26,1,1
281.84,1,1
293.49,1,1
292.12,1,1
278.23,1,1
264.18,1,1
249.97,1,1
248.32,1,1
259.46,1,1
270.72,1,1
282.11,1,1
307.92,1,1
344.16,1,1
378.9,1,1
410.35,0,1
431.14,1,1
445.79,1,1
459.95,1,1
468.02,1,1
469.36,1,1
463.84,1,1
458.23,1,1
449.89,1,1
454.62,1,1
465.19,1,1
475.85,1,1
486.55,0,0
499.21,0,0
514.32,0,0
525.5,0,0
535.19,0,0
537.44,0,0
537.69,0,0
537.95,0,0
538.2,0,0
538.08,0,0
537.59,0,0
537.1,0,0
536.48,0,0
533.88,0,0
531.04,0,0
528.25,0,0
525.52,0,0
524.82,0,0
525.48,0,0
526.28,0,0
527.09,0,0
526.42,0,0
524.36,0,0
520.17,0,0
514.06,0,0
504.82,0,0
492.68,0,0
480.22,1,1
465.41,1,1
455.99,1,1
451.28,1,1
451.72,1,1
456.37,1,1
457.53,1,1
456.51,1,1
459.12,1,1
465.18,1,1
467.99,1,1
467.65,1,1
472.4,1,1
481.48,0,0
494.95,0,0
511.05,0,0
521.44,0,0
523.2,0,0
526.92,0,0
532.5,0,0
531.78,0,0
524.68,0,0
517.09,0,0
505.92,0,0
501.67,0,0
504.55,0,0
509.11,0,0
515.5,0,0
523.24,0,0
532.31,0,0
537.78,0,0
538.41,0,0
539.04,0,0
539.67,0,0
539.63,0,0
538.88,0,0
538.13,0,0
536.56,0,0
534.29,0,0
533.36,0,0
532.39,0,0
531.41,0,0
532.75,0,0
536.41,0,0
538.03,0,0
538.8,0,0
539.43,0,0
539.92,0,0
540.38,0,0
540.38,0,0
540.38,0,0
540.26,0,0
539.65,0,0
539.03,0,0
538.59,0,0
538.34,0,0
538.08,0,0
537.8,0,0
537.37,0,0
536.01,0,0
533.28,0,0
530.5,0,0
529.06,0,0
528.95,0,0
528.87,0,0
528.76,0,0
527.26,0,0
524.26,0,0
521.27,0,0
517.61,0,0
516.54,0,0
519.18,0,0
520.87,0,0
522.58,0,0
525.54,0,0
529.65,0,0
533.8,0,0
536.93,0,0
537.69,0,0
538.33,0,0
538.96,0,0
539.57,0,0
540.06,0,0
540.38,0,0
540.38,0,0
540.38,0,0
539.85,0,0
537.89,0,0
535.64,0,0
533.42,0,0
530.13,0,0
527.74,0,0
522.31,0,0
513.72,0,0
504.67,0,0
497.18,1,1
490.21,1,1
483.98,1,1
484.37,1,1
491.28,1,1
499.53,0,0
510.85,0,0
515.26,0,0
513.77,0,0
510.67,0,0
506.26,0,0
504.67,0,0
507.08,0,0
509.67,0,0
512.79,0,0
513.3,0,0
511.27,0,0
508.07,0,0
502.94,0,0
495.4,1,1
485.11,1,1
473.61,1,1
463.91,1,1
456.48,1,1
458.31,1,1
460.19,1,1
461.72,1,1
466.56,1,1
473.86,1,1
479.35,1,1
484.97,1,1
492.58,1,1
502.43,0,0
510.18,0,0
517.59,0,0
522.32,0,0
524.33,0,0
525.63,0,0
526.93,0,0
529.11,0,0
532.21,0,0
535.34,0,0
537.72,0,0
537.9,0,0
537.6,0,0
536.64,0,0
535.24,0,0
531.94,0,0
526.73,0,0
520.42,0,0
512.17,0,0
505.31,0,0
499.47,0,0
492.01,1,1
484.47,1,1
480.69,1,1
481.1,1,1
481.54,1,1
481.82,1,1
485.01,0,0
490.75,0,0
496.05,0,0
500.25,0,0
506.12,0,0
513.74,0,0
520.85,0,0
525.81,0,0
528.35,0,0
528.22,0,0
528.14,0,0
528.06,0,0
532.49,0,0
537.64,0,0
539.53,0,0
540.38,0,0
540.38,0,0
540.38,0,0
540.38,0,0
540.38,0,0
540.38,0,0
540.17,0,0
539.05,0,0
537.95,0,0
537.97,0,0
539.08,0,0
540.18,0,0
540.38,0,0
535.11,0,0
522.01,0,0
510.56,0,0
504.79,0,0
498.75,0,0
491.37,0,0
486.01,0,0
482.52,0,0
478.33,0,0
473.23,0,0
472.17,0,0
475.17,0,0
477.21,0,0
478.59,0,0
474.69,0,0
463.16,0,0
452.9,0,0
440.61,0,0
427.38,1,1
410.48,1,1
392.7,1,1
374.25,1,1
384.13,1,1
420.79,1,1
449.5,0,0
470.59,0,0
485.51,0,0
492.46,0,0
500.53,0,0
503.27,0,0
498.83,0,0
493.01,0,0
483.66,0,0
471.11,0,0
448.6,0,0
425.92,1,1
421.79,1,1
436.21,0,0
452.94,0,0
471.57,0,0
477.13,0,0
474.88,0,0
471.35,0,0
467.68,0,0
467.29,0,0
470.61,0,0
473.47,0,0
475.24,0,0
472.91,0,0
461.87,0,0
450.32,0,0
438.59,0,0
429.74,1,1
424.2,1,1
418.33,1,1
411.53,1,1
403.77,1,1
395.6,1,1
387.38,1,1
379.12,1,1
365.08,1,1
345.61,1,1
324.0,1,1
300.09,1,1
289.25,1,1
291.79,1,1
294.49,1,1
297.37,1,1
275.0,1,1
227.23,1,1
178.9,1,1
133.4,1,1
148.21,1,1
228.16,1,1
308.95,1,1
379.34,0,0
417.47,0,0
439.68,0,0
457.65,0,0
469.75,0,0
477.96,0,0
481.86,0,0
485.56,0,0
489.48,0,0
485.54,0,0
473.49,0,0
461.64,0,0
449.66,0,0
444.04,0,0
452.67,0,0
458.44,0,0
464.14,0,0
462.73,0,0
454.67,0,0
440.24,0,0
425.1,0,0
418.35,0,0
419.82,0,0
421.11,0,0
422.28,0,0
420.99,0,0
418.16,0,0
415.34,0,0
412.88,0,0
413.48,0,0
416.82,0,0
403.11,0,0
371.64,0,0
339.02,1,1
307.42,1,1
288.5,1,1
283.47,1,1
254.4,1,1
202.05,1,1
171.28,1,1
156.15,1,1
139.72,1,1
121.83,1,1
120.48,1,1
132.83,1,1
165.39,1,1
218.55,1,1
266.12,1,1
307.67,1,1
341.7,1,1
359.32,0,0
369.16,0,0
372.07,0,0
366.71,0,0
361.44,0,0
376.22,0,0
406.76,0,0
430.17,0,0
448.9,0,0
463.46,0,0
473.55,0,0
473.71,0,0
463.19,0,0
452.06,0,0
441.08,0,0
436.29,0,0
437.48,0,0
438.97,0,0
440.47,0,0
433.49,0,0
418.18,0,0
397.38,0,0
375.72,0,0
369.49,0,0
378.97,0,0
389.0,0,0
398.69,0,0
407.55,0,0
413.79,0,0
419.49,0,0
424.85,0,0
420.62,0,0
405.35,0,0
385.43,0,0
365.25,0,0
358.91,0,0
367.34,0,0
375.53,0,0
384.03,0,0
393.83,1,1
401.99,1,1
409.65,1,1
417.41,0,0
423.42,0,0
428.49,0,0
433.33,0,0
438.34,0,0
447.41,0,0
455.95,0,0
462.96,0,0
470.38,0,0
480.16,0,0
491.32,0,0
500.12,0,0
509.03,0,0
516.03,0,0
519.95,0,0
523.15,0,0
526.31,0,0
527.36,0,0
526.39,0,0
525.51,0,0
524.6,0,0
525.6,0,0
528.51,0,0
531.35,0,0
534.2,0,0
530.01,0,0
518.25,0,0
506.72,0,0
495.52,0,0
484.93,0,0
477.08,0,0
463.8,0,0
443.35,0,0
428.19,0,0
417.06,0,0
405.43,1,1
394.5,1,1
391.56,1,1
397.62,1,1
396.92,1,1
389.06,1,1
375.55,1,1
356.52,1,1
377.95,1,1
438.16,0,0
478.8,0,0
500.17,0,0
499.55,0,0
478.22,0,0
452.63,0,0
422.63,0,0
411.29,1,0
422.06,0,0
434.76,0,0
449.23,0,0
448.14,0,0
432.51,0,0
411.88,1,1
386.96,1,1
374.1,1,1
374.0,1,1
372.0,1,1
367.01,1,1
367.36,1,1
371.66,1,1
377.95,1,1
389.47,1,1
401.12,1,1
412.48,0,0
430.81,0,0
452.75,0,0
474.84,0,0
487.12,0,0
498.81,0,0
508.21,0,0
516.47,0,0
524.52,0,0
526.46,0,0
525.03,0,0
523.53,0,0
521.26,0,0
521.09,0,0
523.14,0,0
524.38,0,0
525.66,0,0
528.49,0,0
532.87,0,0
537.25,0,0
538.19,0,0
538.8,0,0
539.1,0,0
539.41,0,0
539.73,0,0
539.61,0,0
539.02,0,0
538.42,0,0
537.82,0,0
537.07,0,0
533.98,0,0
529.75,0,0
525.42,0,0
522.24,0,0
520.14,0,0
518.05,0,0
514.9,0,0
508.8,0,0
499.93,0,0
491.23,0,0
480.21,0,0
470.37,0,0
463.14,0,0
456.05,0,0
447.41,0,0
441.7,0,0
443.65,0,0
445.52,0,0
447.31,0,0
448.16,0,0
448.41,0,0
448.65,0,0
448.6,0,0
437.92,0,0
410.11,0,0
374.66,0,0
331.41,0,0
305.96,0,0
308.5,0,0
281.96,0,0
221.34,0,0
171.3,0,0
134.26,0,0
110.67,1,1
98.69,1,1
93.45,1,1
93.01,1,1
102.65,1,1
120.99,1,1
112.14,1,1
76.65,1,1
44.47,1,1
46.81,1,1
50.62,1,1
55.77,1,1
60.01,1,1
63.07,1,1
63.58,1,1
62.63,1,1
60.6,1,1
57.13,1,1
54.39,1,1
52.11,1,1
49.19,1,1
45.62,1,1
41.1,1,1
72.62,1,1
141.71,0,0
213.26,0,0
247.26,0,0
245.73,0,0
268.65,0,0
302.01,0,0
325.01,0,0
347.72,0,0
367.15,0,0
385.46,0,0
397.69,0,0
404.17,0,0
410.7,0,0
417.59,0,0
420.38,0,0
419.99,0,0
419.28,0,0
418.56,0,0
409.48,0,0
391.89,0,0
373.66,0,0
355.59,0,0
350.29,0,0
358.04,0,0
365.97,0,0
374.1,0,0
368.25,0,0
348.47,0,0
327.06,0,0
301.97,0,0
291.04,0,0
294.13,0,0
297.42,0,0
300.9,0,0
289.6,1,1
264.1,1,1
237.58,1,1
210.85,1,1
221.33,1,1
269.94,1,1
315.6,1,1
357.12,0,0
355.11,0,0
308.94,1,1
256.8,1,1
199.68,1,1
204.18,1,1
270.05,1,1
327.1,1,1
381.61,0,0
401.12,0,0
401.02,0,0
401.42,0,0
401.32,0,0
402.9,0,0
406.13,0,0
409.78,0,0
412.91,0,0
444.73,0,0
481.85,0,0
508.72,0,0
527.8,0,0
530.46,0,0
518.99,0,0
505.95,0,0
491.55,0,0
480.65,0,0
472.93,0,0
462.76,0,0
447.86,0,0
431.2,0,0
413.03,0,0
398.93,0,0
389.67,0,0
375.29,0,0
355.42,0,0
353.03,1,0
369.03,0,0
387.23,0,0
408.17,0,0
406.04,0,0
382.03,0,0
362.6,0,0
347.75,1,1
337.16,1,1
331.06,1,1
322.62,1,1
310.97,1,1
309.73,1,1
317.58,1,1
320.42,1,1
319.04,1,1
333.61,1,1
362.64,0,0
387.45,0,0
409.33,0,0
426.35,0,0
440.87,0,0
448.84,0,0
452.68,0,0
481.29,0,0
521.98,0,0
533.96,0,0
528.6,0,0
522.62,0,0
514.14,0,0
504.95,0,0
491.89,0,0
478.03,0,0
456.41,0,0
454.11,0,0
473.89,0,0
485.4,0,0
496.93,0,0
501.19,0,0
498.01,0,0
494.68,0,0
491.45,0,0
494.22,0,0
502.63,0,0
509.3,0,0
516.02,0,0
519.3,0,0
519.1,0,0
518.89,0,0
518.68,0,0
518.27,0,0
517.71,0,0
517.12,0,0
516.5,0,0
514.41,0,0
510.69,0,0
507.02,0,0
503.32,0,0
506.63,0,0
517.15,0,0
524.8,0,0
531.74,0,0
537.1,0,0
538.59,0,0
540.1,0,0
540.38,0,0
540.38,0,0
540.38,0,0
540.16,0,0
539.25,0,0
538.99,0,0
539.38,0,0
539.77,0,0
540.16,0,0
540.16,0,0
539.78,0,0
539.39,0,0
539.02,0,0
539.15,0,0
539.79,0,0
540.38,0,0
540.38,0,0
534.21,0,0
518.67,0,0
499.39,0,0
477.0,0,0
458.36,0,0
446.09,1,1
440.59,1,1
444.15,1,1
449.47,1,1
456.54,0,0
457.91,0,0
451.88,1,1
450.5,1,1
449.91,1,1
446.49,1,1
429.0,1,1
401.35,1,1
380.0,1,1
374.09,1,1
382.26,1,1
386.43,1,1
386.15,1,1
385.78,1,1
385.86,1,1
381.85,1,1
374.18,1,1
381.23,1,1
402.17,1,1
415.73,1,1
421.97,1,1
442.98,1,1
476.85,0,0
498.99,0,0
510.65,0,0
517.27,0,0
518.75,0,0
520.96,0,0
523.73,0,0
529.07,0,0
536.77,0,0
540.38,0,0
540.38,0,0
540.38,0,0
540.38,0,0
540.38,0,0
540.38,0,0
540.38,0,0
540.38,0,0
540.38,0,0
540.38,0,0
540.38,0,0
540.38,0,0
540.38,0,0
540.38,0,0
540.38,0,0
540.38,0,0
540.38,0,0
540.38,0,0
540.38,0,0
540.38,0,0
540.38,0,0
540.38,0,0
540.38,0,0
540.38,0,0
540.38,0,0
540.38,0,0
540.38,0,0
540.38,0,0
540.38,0,0
540.38,0,0
540.38,0,0
540.38,0,0
540.38,0,0
540.38,0,0
540.38,0,0
540.38,0,0
540.38,0,0
540.38,0,0
540.38,0,0
540.38,0,0
540.38,0,0
540.38,0,0
540.38,0,0
540.38,0,0
540.38,0,0
540.38,0,0
540.38,0,0
540.38,0,0
540.38,0,0
540.38,0,0
540.38,0,0
540.38,0,0
540.38,0,0
540.38,0,0
540.38,0,0
540.38,0,0
538.08,0,0
533.28,0,0
528.47,0,0
523.69,0,0
525.27,0,0
532.9,0,0
529.07,0,0
514.16,0,0
501.5,0,0
491.01,0,0
483.88,0,0
480.01,0,0
474.08,1,1
466.1,1,1
460.47,1,1
457.57,1,1
453.7,1,1
448.96,1,1
449.97,1,1
456.76,1,1
462.88,1,1
468.85,1,1
468.82,1,1
462.91,1,1
459.18,1,1
457.69,1,1
452.44,1,1
443.86,1,1
434.3,1,1
424.11,1,1
425.18,1,1
437.0,1,1
445.12,1,1
450.04,1,1
461.23,1,1
477.43,1,1
489.5,0,0
498.16,0,0
513.31,0,0
532.37,0,0
540.38,0,0
540.38,0,0
540.38,0,0
540.38,0,0
540.38,0,0
540.38,0,0
540.38,0,0
540.38,0,0
540.38,0,0
540.38,0,0
540.38,0,0
540.38,0,0
540.38,0,0
540.38,0,0
540.38,0,0
540.38,0,0
540.31,0,0
540.2,0,0
540.09,0,0
539.98,0,0
539.54,0,0
538.77,0,0
537.98,0,0
537.19,0,0
537.03,0,0
537.53,0,0
538.05,0,0
538.6,0,0
538.57,0,0
537.95,0,0
537.32,0,0
536.68,0,0
536.97,0,0
538.2,0,0
539.46,0,0
540.38,0,0
540.38,0,0
540.38,0,0
540.38,0,0
540.38,0,0
540.38,0,0
540.38,0,0
540.38,0,0
540.38,0,0
540.38,0,0
540.38,0,0
540.38,0,0
540.38,0,0
540.38,0,0
540.38,0,0
540.38,0,0
540.38,0,0
540.38,0,0
539.84,0,0
538.81,0,0
537.8,0,0
532.92,0,0
523.81,0,0
522.22,0,0
528.06,0,0
532.98,0,0
535.32,0,0
535.87,0,0
528.82,0,0
520.27,0,0
517.92,0,0
507.3,0,0
488.55,1,1
467.01,1,1
442.61,1,1
428.69,1,1
425.2,1,1
419.05,1,1
410.11,1,1
401.76,1,1
393.09,1,1
380.89,1,1
364.64,1,1
363.85,1,1
377.48,1,1
384.14,1,1
384.42,1,1
394.3,1,1
414.23,1,1
432.94,1,1
450.84,1,1
461.0,1,1
464.57,1,1
469.4,1,1
475.43,1,1
484.72,1,1
496.92,0,0
508.18,0,0
516.25,0,0
524.66,0,0
535.33,0,0
540.36,0,0
540.36,0,0
540.36,0,0
540.36,0,0
540.21,0,0
539.9,0,0
539.59,0,0
539.29,0,0
539.44,0,0
540.05,0,0
540.38,0,0
540.38,0,0
540.38,0,0
540.38,0,0
540.38,0,0
540.38,0,0
540.38,0,0
540.38,0,0
540.38,0,0
540.38,0,0
540.38,0,0
540.38,0,0
540.38,0,0
540.38,0,0
540.38,0,0
540.38,0,0
540.38,0,0
540.38,0,0
540.38,0,0
540.38,0,0
540.38,0,0
540.38,0,0
540.38,0,0
540.38,0,0
540.38,0,0
540.38,0,0
540.38,0,0
540.38,0,0
539.38,0,0
537.93,0,0
537.05,0,0
536.78,0,0
536.5,0,0
535.58,0,0
536.89,0,0
538.49,0,0
540.09,0,0
540.38,0,0
540.38,0,0
540.38,0,0
540.38,0,0
540.38,0,0
540.38,0,0
540.38,0,0
540.38,0,0
540.38,0,0
537.34,0,0
530.95,0,0
524.56,0,0
518.15,0,0
515.87,0,0
517.56,0,0
513.45,0,0
503.78,0,0
494.66,0,0
486.14,0,0
480.53,0,0
477.79,0,0
473.46,1,1
467.39,1,1
465.6,1,1
467.82,1,1
469.21,1,1
471.12,1,1
471.28,1,1
469.73,1,1
464.82,1,1
456.6,1,1
451.11,1,1
446.23,1,1
446.42,1,1
451.21,1,1
458.75,1,1
467.97,1,1
471.64,1,1
470.11,1,1
469.31,1,1
470.34,1,1
475.57,0,0
485.19,0,0
492.4,0,0
497.24,0,0
501.22,0,0
504.42,0,0
511.01,0,0
521.7,0,0
523.9,0,0
515.33,0,0
506.27,0,0
495.91,0,0
486.51,0,0
479.98,0,0
473.56,1,1
465.52,1,1
465.07,1,1
472.33,1,1
478.3,0,0
484.5,0,0
487.38,0,0
487.21,0,0
487.03,0,0
486.86,0,0
489.4,0,0
494.55,0,0
499.3,0,0
503.08,0,0
508.64,0,0
515.79,0,0
522.47,0,0
527.11,0,0
527.52,0,0
523.51,0,0
518.71,0,0
512.2,0,0
508.7,0,0
508.48,0,0
508.25,0,0
508.02,0,0
504.46,0,0
497.42,0,0
490.17,0,0
480.47,0,0
476.92,0,0
480.44,0,0
484.02,0,0
487.65,0,0
481.3,0,0
464.92,0,0
448.19,0,0
419.97,0,0
396.94,0,0
381.38,0,0
361.47,0,0
339.18,0,0
322.98,0,0
313.67,0,0
303.86,0,0
295.14,0,0
277.46,0,0
251.77,0,0
225.19,0,0
199.73,0,0
185.93,0,0
182.26,0,0
178.48,0,0
174.65,0,0
174.4,0,0
174.37,0,0
192.98,0,0
231.67,0,0
231.04,0,0
188.76,0,0
147.9,0,0
110.65,1,1
104.91,1,1
126.76,1,1
147.2,0,0
163.87,0,0
182.04,0,0
201.32,0,0
224.17,0,0
250.52,0,0
244.09,0,0
204.46,0,0
164.07,0,0
125.08,1,1
88.49,1,1
58.64,1,1
36.14,1,1
37.92,1,1
39.02,1,1
39.62,1,1
39.42,1,1
38.53,1,1
36.45,1,1
59.49,1,1
111.78,1,1
164.84,0,0
208.21,0,0
241.02,0,0
276.27,0,0
313.51,0,0
292.98,0,0
219.74,0,0
150.92,0,0
89.27,1,1
43.78,1,1
33.83,1,1
35.28,1,1
36.74,1,1
36.3,1,1
33.61,1,1
74.32,1,1
137.7,1,1
180.14,0,0
195.95,0,0
212.91,0,0
229.99,0,0
252.67,0,0
282.65,0,0
312.53,0,0
340.2,0,0
329.88,0,0
275.95,0,0
219.41,0,0
164.75,0,0
154.83,0,0
189.96,0,0
228.56,0,0
270.6,0,0
265.83,0,0
212.9,0,0
159.49,1,1
108.32,1,1
110.92,1,1
169.72,0,0
234.46,0,0
295.99,0,0
314.63,0,0
297.95,0,0
280.86,0,0
263.37,0,0
260.29,0,0
270.86,0,0
282.44,0,0
293.95,0,0
282.19,0,0
245.66,0,0
206.34,0,0
166.43,1,1
105.29,1,1
32.88,1,1
37.26,1,1
41.43,1,1
42.17,1,1
39.61,1,1
37.07,1,1
34.55,1,1
32.92,1,1
44.07,1,1
66.94,1,1
103.73,1,1
106.5,1,1
76.53,1,1
46.28,1,1
37.72,1,1
37.63,1,1
71.39,1,1
109.79,1,1
141.39,1,1
167.32,0,0
189.73,0,0
216.13,0,0
250.78,0,0
265.77,0,0
267.04,0,0
280.11,0,0
303.1,0,0
324.19,0,0
343.15,0,0
333.48,0,0
295.35,0,0
260.84,0,0
227.26,0,0
240.32,0,0
297.91,0,0
338.13,0,0
360.28,0,0
375.79,0,0
383.36,0,0
397.98,0,0
418.67,0,0
439.01,0,0
458.89,0,0
475.93,0,0
491.63,0,0
504.38,0,0
514.39,0,0
521.92,0,0
525.81,0,0
529.33,0,0
532.79,0,0
533.53,0,0
531.62,0,0
529.68,0,0
527.74,0,0
523.41,0,0
512.99,0,0
502.29,0,0
488.41,0,0
483.43,0,0
488.16,0,0
493.12,0,0
498.13,0,0
505.48,0,0
516.22,0,0
525.27,0,0
532.33,0,0
534.62,0,0
531.96,0,0
529.27,0,0
526.5,0,0
526.28,0,0
528.61,0,0
531.1,0,0
533.79,0,0
534.28,0,0
532.43,0,0
530.61,0,0
528.78,0,0
525.02,0,0
519.21,0,0
510.89,0,0
501.51,0,0
497.71,0,0
499.41,0,0
501.28,0,0
503.02,0,0
499.29,0,0
490.06,0,0
478.72,1,1
465.78,1,1
464.37,1,1
474.25,1,1
484.13,1,1
491.74,0,0
499.13,0,0
506.59,0,0
513.83,0,0
519.62,0,0
522.66,0,0
524.13,0,0
525.51,0,0
526.92,0,0
524.85,0,0
519.43,0,0
511.21,0,0
502.71,0,0
490.9,0,0
475.43,1,1
466.72,1,1
464.55,1,1
464.04,1,1
464.86,1,1
459.28,1,1
447.47,1,1
430.95,1,1
409.26,1,1
405.51,1,1
420.38,1,1
426.04,1,1
422.44,1,1
435.48,1,1
464.89,1,1
493.16,0,0
520.58,0,0
526.08,0,0
511.34,0,0
498.43,0,0
487.1,0,0
484.69,1,0
491.14,0,0
493.93,0,0
494.77,0,0
499.39,0,0
508.06,0,0
518.11,0,0
528.09,0,0
532.35,0,0
531.23,0,0
530.86,0,0
531.26,0,0
533.42,0,0
537.31,0,0
538.45,0,0
536.39,0,0
529.94,0,0
523.44,0,0
520.86,0,0
523.79,0,0
526.25,0,0
528.7,0,0
530.41,0,0
531.37,0,0
532.35,0,0
533.34,0,0
534.08,0,0
534.58,0,0
535.09,0,0
535.6,0,0
535.58,0,0
535.02,0,0
534.47,0,0
533.89,0,0
530.6,0,0
524.59,0,0
517.28,0,0
507.8,0,0
497.7,0,0
484.43,1,1
469.09,1,1
452.87,1,1
426.1,1,1
399.43,1,1
371.07,1,1
333.65,1,1
315.24,1,1
316.07,1,1
316.92,1,1
318.63,1,1
338.86,1,1
376.44,1,1
405.8,1,1
435.64,1,1
443.23,0,1
430.84,1,1
417.8,1,1
404.21,1,1
413.31,1,1
443.41,0,0
460.67,0,0
477.93,0,0
493.02,0,0
506.92,0,0
519.1,0,0
527.82,0,0
530.85,0,0
528.32,0,0
525.83,0,0
523.37,0,0
515.69,0,0
498.94,0,0
486.84,0,0
485.92,0,0
490.92,0,0
497.64,0,0
497.2,0,0
491.44,0,0
491.08,0,0
495.74,0,0
494.74,0,0
488.27,0,0
484.48,0,0
483.13,0,0
474.85,0,0
461.58,0,0
419.24,1,1
348.24,1,1
340.91,1,1
395.03,1,1
445.07,0,0
462.95,0,0
464.53,0,0
454.83,0,0
441.8,1,1
425.34,1,1
425.29,1,1
441.62,1,1
455.26,0,0
466.65,0,0
472.72,0,0
474.32,0,0
475.02,0,0
475.07,0,0
484.47,0,0
501.88,0,0
515.66,0,0
526.63,0,0
534.17,0,0
538.4,0,0
540.38,0,0
540.38,0,0
540.38,0,0
540.15,0,0
539.77,0,0
539.45,0,0
539.12,0,0
538.8,0,0
537.86,0,0
533.28,0,0
525.82,0,0
516.6,0,0
514.85,0,0
522.36,0,0
527.73,0,0
533.09,0,0
533.61,0,0
529.22,0,0
524.78,0,0
520.15,0,0
513.98,0,0
508.79,0,0
503.48,0,0
498.28,0,0
498.89,0,0
505.9,0,0
513.21,0,0
520.0,0,0
518.13,0,0
504.68,0,0
491.02,0,0
472.99,0,0
464.67,0,0
466.25,0,0
468.16,0,0
469.85,0,0
469.01,0,0
465.58,0,0
462.1,0,0
458.56,0,0
466.97,0,0
486.4,0,0
501.49,0,0
516.13,0,0
519.2,0,0
515.69,0,0
510.39,0,0
505.05,0,0
506.25,0,0
513.9,0,0
519.52,0,0
524.41,0,0
527.82,0,0
529.84,0,0
531.87,0,0
533.87,0,0
531.94,0,0
525.82,0,0
519.66,0,0
513.53,0,0
514.02,0,0
520.69,0,0
509.92,0,0
481.98,0,0
452.41,1,1
421.53,1,1
398.07,1,1
382.91,1,1
381.18,1,1
393.89,1,1
401.86,1,1
403.86,1,1
409.04,1,1
416.97,1,1
421.72,1,1
422.5,1,1
425.71,1,1
430.12,1,1
428.46,1,1
420.28,1,1
411.34,1,1
402.44,1,1
399.5,1,1
401.72,1,1
398.32,1,1
389.46,1,1
401.39,1,1
431.38,1,1
456.36,0,0
476.25,0,0
492.44,0,0
505.92,0,0
518.56,0,0
530.72,0,0
537.62,0,0
539.51,0,0
540.38,0,0
539.94,0,0
539.09,0,0
538.24,0,0
537.64,0,0
537.3,0,0
536.23,0,0
534.65,0,0
531.52,0,0
526.75,0,0
521.93,0,0
514.69,0,0
511.61,0,0
513.17,0,0
514.75,0,0
516.34,0,0
521.95,0,0
528.9,0,0
535.97,0,0
538.23,0,0
538.91,0,0
538.79,0,0
538.66,0,0
538.54,0,0
538.69,0,0
539.13,0,0
539.6,0,0
540.1,0,0
539.89,0,0
538.96,0,0
538.03,0,0
537.09,0,0
537.6,0,0
539.61,0,0
540.38,0,0
540.38,0,0
540.38,0,0
540.38,0,0
538.86,0,0
536.42,0,0
533.1,0,0
535.83,0,0
536.56,0,0
537.13,0,0
537.56,0,0
537.86,0,0
538.15,0,0
538.45,0,0
537.73,0,0
535.85,0,0
527.72,0,0
519.77,0,0
516.58,0,0
518.08,0,0
519.55,0,0
521.01,0,0
517.48,0,0
507.7,0,0
496.43,0,0
483.97,0,0
457.76,0,0
413.57,1,1
383.08,1,1
373.03,1,1
349.06,1,1
307.7,1,1
331.63,1,1
425.46,0,0
481.55,0,0
495.43,0,0
491.53,0,0
470.69,0,0
445.07,0,0
414.85,0,0
396.07,1,1
388.62,1,1
395.71,1,1
416.49,0,0
415.37,0,0
392.56,1,1
373.68,1,1
358.43,1,1
348.93,1,1
346.46,1,1
342.96,1,1
335.12,1,1
326.09,1,1
316.06,1,1
309.07,1,1
307.12,1,1
334.07,1,1
382.39,1,1
415.62,0,0
435.57,0,0
464.32,0,0
498.21,0,0
507.54,0,0
499.3,0,0
488.76,0,0
477.58,0,0
466.5,0,0
450.52,0,0
431.45,0,0
412.12,1,1
411.23,1,1
428.8,0,0
447.04,0,0
462.8,0,0
469.6,0,0
472.88,0,0
476.19,0,0
479.53,0,0
478.09,0,0
471.82,0,0
465.5,0,0
459.13,0,0
458.81,0,0
464.86,0,0
470.69,0,0
476.78,0,0
481.06,0,0
484.1,0,0
487.38,0,0
489.79,0,0
497.97,0,0
512.58,0,0
523.16,0,0
532.59,0,0
537.01,0,0
538.25,0,0
539.54,0,0
540.38,0,0
540.38,0,0
540.38,0,0
540.38,0,0
540.38,0,0
540.38,0,0
540.38,0,0
537.96,0,0
532.23,0,0
525.23,0,0
525.16,0,0
525.15,0,0
525.08,0,0
524.39,0,0
523.12,0,0
521.81,0,0
520.51,0,0
519.95,0,0
520.1,0,0
520.26,0,0
520.41,0,0
505.94,0,0
464.77,0,0
415.88,0,0
353.97,0,0
305.68,0,0
261.85,0,0
204.1,0,0
118.53,1,1
76.14,1,1
74.77,1,1
92.73,1,1
126.12,1,1
138.18,1,1
129.11,1,1
116.27,1,1
97.57,1,1
90.31,1,1
97.36,1,1
104.6,1,1
113.47,1,1
108.89,1,1
89.9,1,1
72.15,1,1
50.77,1,1
45.4,1,1
51.88,1,1
64.91,1,1
82.9,1,1
102.92,1,1
130.25,1,1
163.34,0,0
199.97,0,0
210.69,0,0
185.56,0,0
163.3,0,0
143.53,1,0
159.66,0,0
218.53,0,0
313.88,0,0
415.87,0,0
467.16,0,0
484.7,0,0
500.27,0,0
513.31,0,0
516.26,0,0
509.04,0,0
501.59,0,0
494.14,0,0
488.12,0,0
485.24,0,0
482.31,0,0
479.35,0,0
486.7,0,0
500.85,0,0
513.82,0,0
523.95,0,0
529.87,0,0
533.43,0,0
536.69,0,0
537.44,0,0
538.06,0,0
538.57,0,0
539.07,0,0
539.58,0,0
540.38,0,0
540.38,0,0
540.38,0,0
540.38,0,0
540.38,0,0
540.38,0,0
540.38,0,0
540.38,0,0
540.38,0,0
540.38,0,0
540.38,0,0
540.38,0,0
540.38,0,0
540.38,0,0
540.38,0,0
540.38,0,0
540.38,0,0
540.38,0,0
540.38,0,0
540.38,0,0
540.38,0,0
540.38,0,0
540.38,0,0
540.38,0,0
540.38,0,0
540.38,0,0
540.38,0,0
540.38,0,0
540.38,0,0
540.38,0,0
540.38,0,0
540.38,0,0
534.25,0,0
520.33,0,0
504.83,0,0
487.74,0,0
460.64,0,0
418.82,0,0
391.44,1,1
385.59,1,1
371.23,1,1
345.5,1,1
346.84,1,1
375.79,1,1
417.22,1,1
444.93,0,0
440.7,0,0
418.26,1,1
391.75,1,1
372.91,1,1
364.63,1,1
367.38,1,1
369.53,1,1
372.15,1,1
362.37,1,1
341.45,1,1
313.98,1,1
279.53,1,1
280.98,1,1
317.34,1,1
345.75,1,1
364.72,1,1
384.39,1,1
405.42,1,1
427.68,0,0
450.23,0,0
466.69,0,0
478.68,0,0
490.04,0,0
500.5,0,0
513.83,0,0
530.89,0,0
539.15,0,0
539.79,0,0
540.38,0,0
540.38,0,0
540.38,0,0
540.38,0,0
540.38,0,0
540.38,0,0
540.38,0,0
540.38,0,0
540.38,0,0
540.38,0,0
540.38,0,0
540.38,0,0
540.38,0,0
540.38,0,0
540.38,0,0
540.38,0,0
540.38,0,0
540.38,0,0
540.38,0,0
540.38,0,0
540.38,0,0
540.38,0,0
540.38,0,0
540.38,0,0
540.38,0,0
540.38,0,0
540.28,0,0
540.12,0,0
539.97,0,0
539.81,0,0
539.42,0,0
538.78,0,0
538.12,0,0
537.44,0,0
537.08,0,0
537.05,0,0
537.02,0,0
536.98,0,0
536.97,0,0
536.96,0,0
536.98,0,0
536.97,0,0
536.14,0,0
531.13,0,0
523.2,0,0
515.33,0,0
514.86,0,0
521.37,0,0
527.77,0,0
533.96,0,0
535.97,0,0
535.97,0,0
535.98,0,0
535.98,0,0
522.89,0,0
486.11,0,0
438.7,0,0
380.63,0,0
348.22,0,0
353.11,0,0
338.65,0,0
299.08,0,0
265.39,1,1
237.91,1,1
225.91,1,1
230.61,1,1
231.62,1,1
233.42,1,1
226.6,1,1
211.04,1,1
195.32,1,1
168.55,1,1
138.31,1,1
108.4,1,1
93.6,1,1
98.29,1,1
117.01,1,1
152.0,1,1
169.12,1,1
174.42,1,1
187.99,1,1
211.35,1,1
245.28,1,1
287.88,0,0
298.05,0,0
281.69,1,1
267.44,1,1
256.87,1,1
296.38,0,0
375.09,0,0
429.65,0,0
462.49,0,0
488.13,0,0
511.37,0,0
521.14,0,0
520.07,0,0
518.94,0,0
517.9,0,0
521.13,0,0
528.64,0,0
536.23,0,0
537.96,0,0
539.49,0,0
540.38,0,0
540.38,0,0
540.38,0,0
540.38,0,0
540.38,0,0
540.38,0,0
540.38,0,0
540.38,0,0
540.38,0,0
539.44,0,0
538.15,0,0
537.64,0,0
537.91,0,0
538.2,0,0
538.48,0,0
538.97,0,0
539.69,0,0
540.38,0,0
540.38,0,0
540.38,0,0
540.38,0,0
540.38,0,0
540.38,0,0
540.38,0,0
540.38,0,0
540.38,0,0
540.38,0,0
540.02,0,0
536.69,0,0
525.56,0,0
508.38,0,0
489.4,0,0
476.56,0,0
460.49,0,0
442.82,0,0
438.5,0,0
447.17,0,0
456.22,0,0
464.84,0,0
469.48,0,0
470.14,0,0
470.79,0,0
471.42,0,0
465.92,0,0
454.7,0,0
443.14,0,0
432.07,0,0
432.42,0,0
444.44,0,0
456.38,0,0
467.84,0,0
448.34,0,0
396.11,1,1
386.21,1,1
420.44,1,1
441.85,0,0
444.23,0,0
440.72,0,0
433.28,0,0
427.56,0,0
425.02,0,0
418.03,1,1
391.0,1,1
345.32,1,1
296.79,1,1
297.66,1,1
346.65,1,1
394.24,1,1
420.23,1,1
423.64,0,1
417.8,1,1
408.69,1,1
395.82,1,1
388.28,1,1
385.69,1,1
379.75,1,1
370.96,1,1
359.97,1,1
333.79,1,1
325.0,1,1
338.9,1,1
365.47,1,1
409.97,1,1
442.19,0,0
462.52,0,0
485.68,0,0
510.44,0,0
520.38,0,0
519.11,0,0
517.84,0,0
516.58,0,0
514.19,0,0
510.93,0,0
507.65,0,0
504.34,0,0
500.84,0,0
497.47,0,0
493.87,0,0
490.22,0,0
490.0,0,0
493.26,0,0
496.53,0,0
499.8,0,0
501.43,0,0
501.25,0,0
501.24,0,0
501.23,0,0
499.4,0,0
496.07,0,0
492.74,0,0
489.41,0,0
492.88,0,0
503.4,0,0
514.05,0,0
521.2,0,0
522.08,0,0
516.65,0,0
510.34,0,0
501.78,0,0
495.55,0,0
491.47,0,0
487.31,0,0
482.8,0,0
476.23,0,0
464.75,0,0
452.24,1,1
439.12,1,1
435.58,1,1
440.32,1,1
445.57,1,1
450.39,1,1
459.21,0,0
471.57,0,0
480.63,0,0
489.68,0,0
501.52,0,0
513.94,0,0
523.09,0,0
532.15,0,0
536.1,0,0
537.14,0,0
538.16,0,0
539.18,0,0
538.52,0,0
536.07,0,0
533.59,0,0
531.1,0,0
527.73,0,0
523.45,0,0
511.66,0,0
492.98,0,0
474.58,0,0
455.93,0,0
439.3,1,1
424.72,1,1
384.71,1,1
317.24,1,1
298.34,1,1
329.59,1,1
351.41,1,1
362.81,1,1
367.58,1,1
365.56,1,1
360.78,1,1
354.0,1,1
360.59,1,1
380.25,1,1
393.79,1,1
401.4,1,1
415.99,1,1
437.86,1,1
455.73,0,0
469.93,0,0
478.87,0,0
478.14,0,0
479.67,0,0
484.14,0,0
485.73,0,0
482.81,0,0
484.55,0,0
490.92,0,0
496.39,0,0
500.95,0,0
504.72,0,0
507.85,0,0
510.99,0,0
514.12,0,0
520.53,0,0
529.85,0,0
536.78,0,0
538.77,0,0
538.54,0,0
536.07,0,0
524.25,0,0
510.71,0,0
502.88,0,0
506.03,0,0
509.33,0,0
512.53,0,0
517.1,0,0
522.81,0,0
528.48,0,0
534.2,0,0
536.8,0,0
538.16,0,0
539.52,0,0
540.38,0,0
540.38,0,0
540.38,0,0
539.65,0,0
538.86,0,0
538.6,0,0
538.92,0,0
539.23,0,0
539.55,0,0
539.95,0,0
540.38,0,0
540.38,0,0
540.38,0,0
540.38,0,0
540.38,0,0
539.59,0,0
538.72,0,0
538.46,0,0
538.79,0,0
539.13,0,0
539.48,0,0
539.91,0,0
540.38,0,0
540.38,0,0
540.38,0,0
540.38,0,0
539.4,0,0
537.88,0,0
536.41,0,0
535.84,0,0
536.21,0,0
536.56,0,0
536.9,0,0
526.21,0,0
497.63,0,0
469.82,0,0
454.11,0,0
441.78,0,0
432.14,0,0
417.82,0,0
401.27,0,0
391.33,0,0
383.74,0,0
380.16,0,0
337.75,1,1
268.29,1,1
213.96,1,1
201.28,1,1
225.7,1,1
243.61,1,1
254.16,1,1
250.43,1,1
232.42,1,1
210.33,1,1
183.5,1,1
188.83,1,1
225.14,1,1
253.82,1,1
273.17,1,1
284.93,1,1
284.36,1,1
291.78,1,1
307.71,1,1
320.98,1,1
333.22,1,1
343.77,1,1
354.73,1,1
371.72,1,1
393.07,0,0
405.79,0,0
409.27,0,0
451.51,0,0
516.11,0,0
540.38,0,0
540.38,0,0
539.75,0,0
539.08,0,0
539.07,0,0
539.75,0,0
540.38,0,0
540.38,0,0
540.38,0,0
540.38,0,0
540.38,0,0
540.38,0,0
540.38,0,0
540.38,0,0
540.38,0,0
540.38,0,0
540.38,0,0
540.38,0,0
540.38,0,0
540.38,0,0
540.38,0,0
540.38,0,0
540.38,0,0
540.38,0,0
540.38,0,0
540.38,0,0
540.38,0,0
540.38,0,0
540.38,0,0
540.38,0,0
540.38,0,0
540.38,0,0
540.38,0,0
540.38,0,0
540.38,0,0
540.38,0,0
540.38,0,0
540.38,0,0
540.38,0,0
539.19,0,0
538.18,0,0
537.85,0,0
537.5,0,0
537.17,0,0
536.66,0,0
535.97,0,0
535.1,0,0
531.83,0,0
524.62,0,0
513.7,0,0
497.87,0,0
481.18,0,0
482.88,0,0
502.35,0,0
518.41,0,0
530.79,0,0
524.25,0,0
493.66,0,0
467.95,0,0
453.85,1,1
451.0,1,1
453.99,1,1
451.31,1,1
420.57,1,1
365.23,1,1
312.98,1,1
293.1,1,1
311.46,1,1
318.07,1,1
312.47,1,1
323.77,1,1
352.2,1,1
379.14,1,1
403.53,1,1
422.82,1,1
437.51,1,1
457.88,1,1
478.85,0,0
484.46,0,0
479.66,0,0
477.79,0,0
479.01,0,0
476.46,0,0
470.04,0,0
461.47,1,1
450.65,1,1
447.94,1,1
453.55,1,1
455.05,1,1
452.24,1,1
462.69,0,0
484.51,0,0
499.93,0,0
510.12,0,0
521.74,0,0
534.27,0,0
540.04,0,0
540.38,0,0
540.38,0,0
540.38,0,0
540.38,0,0
538.48,0,0
536.52,0,0
527.24,0,0
523.13,0,0
524.26,0,0
525.4,0,0
526.57,0,0
527.11,0,0
527.06,0,0
527.0,0,0
526.9,0,0
524.54,0,0
519.93,0,0
514.61,0,0
507.41,0,0
501.09,0,0
495.58,0,0
490.18,0,0
484.72,0,0
484.28,0,0
489.15,0,0
494.1,0,0
499.13,0,0
505.48,0,0
513.08,0,0
518.61,0,0
523.51,0,0
527.26,0,0
529.95,0,0
532.72,0,0
535.56,0,0
534.03,0,0
528.05,0,0
521.94,0,0
515.72,0,0
513.32,0,0
514.84,0,0
516.25,0,0
517.77,0,0
519.2,0,0
520.73,0,0
522.26,0,0
523.72,0,0
526.09,0,0
529.26,0,0
532.38,0,0
535.43,0,0
535.81,0,0
534.77,0,0
533.37,0,0
531.97,0,0
519.02,0,0
486.99,0,0
446.33,0,0
397.73,0,0
373.68,0,0
383.9,0,0
360.44,0,0
293.02,1,1
224.99,1,1
176.24,1,1
166.42,1,1
199.87,1,1
249.39,1,1
280.83,1,1
280.94,1,1
281.27,1,1
277.69,1,1
264.61,1,1
244.43,1,1
215.1,1,1
192.87,1,1
180.06,1,1
157.23,1,1
125.92,1,1
126.58,1,1
149.39,1,1
194.69,1,1
259.59,1,1
294.7,1,1
314.89,1,1
323.78,1,1
326.04,0,0
328.54,0,0
332.3,0,0
347.95,0,0
371.19,0,0
382.84,0,0
385.35,0,0
410.69,0,0
450.7,0,0
478.74,0,0
501.11,0,0
519.76,0,0
531.73,0,0
537.1,0,0
537.32,0,0
537.54,0,0
537.77,0,0
538.13,0,0
538.61,0,0
539.1,0,0
539.6,0,0
540.36,0,0
540.38,0,0
540.38,0,0
540.38,0,0
540.38,0,0
540.38,0,0
540.38,0,0
540.38,0,0
540.38,0,0
540.38,0,0
540.38,0,0
540.38,0,0
540.38,0,0
540.38,0,0
540.38,0,0
540.38,0,0
540.38,0,0
540.38,0,0
540.38,0,0
540.38,0,0
540.38,0,0
540.38,0,0
540.38,0,0
540.38,0,0
540.38,0,0
540.38,0,0
540.38,0,0
540.38,0,0
540.38,0,0
540.38,0,0
540.38,0,0
540.38,0,0
540.38,0,0
540.38,0,0
540.35,0,0
539.15,0,0
538.58,0,0
538.61,0,0
538.64,0,0
538.67,0,0
538.55,0,0
538.28,0,0
538.02,0,0
537.75,0,0
533.23,0,0
524.01,0,0
514.66,0,0
505.15,0,0
485.76,0,0
453.34,0,0
434.94,0,0
434.38,0,0
433.5,0,0
432.15,0,0
417.55,0,0
387.27,1,1
350.97,1,1
307.51,1,1
301.64,1,1
335.38,1,1
367.62,1,1
397.88,0,0
401.27,0,0
377.61,1,1
361.22,1,1
352.14,1,1
341.59,1,1
330.55,1,1
319.52,1,1
308.3,1,1
295.92,1,1
282.74,1,1
268.22,1,1
251.58,1,1
258.42,1,1
286.96,1,1
310.48,1,1
330.6,1,1
353.0,1,1
375.81,1,1
388.67,1,1
395.57,0,0
440.77,0,0
503.12,0,0
527.95,0,0
533.09,0,0
538.8,0,0
540.2,0,0
539.72,0,0
539.29,0,0
538.86,0,0
538.43,0,0
538.42,0,0
538.83,0,0
539.26,0,0
539.7,0,0
539.8,0,0
539.58,0,0
539.35,0,0
539.11,0,0
538.65,0,0
537.94,0,0
537.21,0,0
534.98,0,0
527.23,0,0
512.55,0,0
493.27,0,0
466.87,0,0
454.09,0,0
455.41,0,0
457.06,0,0
458.46,0,0
471.48,0,0
494.23,0,0
512.63,0,0
526.29,0,0
530.32,0,0
526.23,0,0
521.94,0,0
517.56,0,0
521.06,0,0
532.67,0,0
537.78,0,0
540.28,0,0
540.38,0,0
539.98,0,0
538.93,0,0
537.9,0,0
537.24,0,0
536.98,0,0
536.71,0,0
536.46,0,0
535.91,0,0
533.33,0,0
530.83,0,0
528.38,0,0
526.58,0,0
525.4,0,0
524.24,0,0
523.03,0,0
510.01,0,0
474.89,0,0
427.23,0,0
367.33,0,0
343.47,0,0
370.02,0,0
364.58,0,0
317.14,0,0
283.04,0,0
264.54,0,0
247.82,0,0
234.89,0,0
213.6,1,1
185.82,1,1
163.24,1,1
147.9,1,1
136.3,1,1
128.19,1,1
127.33,1,1
136.32,1,1
141.02,1,1
141.36,1,1
138.01,1,1
134.03,1,1
137.98,1,1
147.59,1,1
158.09,1,1
168.16,1,1
174.09,1,1
172.7,1,1
191.47,1,1
226.64,0,0
256.39,0,0
279.97,0,0
297.49,0,0
311.82,0,0
334.04,0,0
364.81,0,0
409.05,0,0
461.33,0,0
479.19,0,0
473.87,0,0
468.34,0,0
454.21,0,0
437.7,0,0
422.62,0,0
405.12,0,0
383.55,0,0
372.44,0,0
370.93,0,0
369.89,0,0
368.33,0,0
350.85,0,0
315.03,0,0
273.45,0,0
231.33,0,0
212.74,1,1
215.14,1,1
218.95,1,1
222.83,0,0
230.32,0,0
241.53,0,0
252.04,0,0
263.73,0,0
259.99,0,0
241.13,0,0
221.76,1,1
201.84,1,1
193.12,1,1
197.28,1,1
202.73,1,1
207.09,1,1
230.75,1,1
275.01,1,1
312.76,1,1
350.96,1,1
393.41,0,0
441.5,0,0
468.03,0,0
491.91,0,0
507.89,0,0
518.26,0,0
525.84,0,0
533.46,0,0
535.19,0,0
531.15,0,0
527.17,0,0
523.32,0,0
522.18,0,0
523.87,0,0
525.43,0,0
526.99,0,0
525.59,0,0
521.35,0,0
516.48,0,0
510.02,0,0
500.03,0,0
485.9,0,0
471.47,0,0
456.87,0,0
440.48,0,0
419.07,0,0
397.63,0,0
369.56,0,0
346.66,1,1
333.46,1,1
321.48,1,1
310.7,1,1
308.62,1,1
314.82,1,1
327.94,1,1
347.8,1,1
357.51,1,1
356.82,1,1
371.51,0,0
402.25,0,0
429.21,0,0
452.98,0,0
456.06,0,0
438.05,0,0
412.98,0,0
380.26,0,0
358.92,1,1
348.69,1,1
336.26,1,1
321.81,1,1
330.15,1,1
359.84,1,1
390.71,0,0
411.88,0,0
420.14,0,0
422.53,0,0
418.54,0,0
409.05,0,0
403.49,0,0
400.06,0,0
417.35,0,0
451.23,0,0
475.4,0,0
491.35,0,0
499.67,0,0
501.45,0,0
502.93,0,0
504.31,0,0
508.59,0,0
515.98,0,0
523.21,0,0
527.97,0,0
532.27,0,0
536.16,0,0
537.86,0,0
538.68,0,0
537.66,0,0
525.56,0,0
505.71,0,0
478.22,0,0
467.54,0,0
477.06,0,0
486.6,0,0
496.21,0,0
499.51,0,0
499.12,0,0
498.58,0,0
498.03,0,0
501.21,0,0
508.07,0,0
515.17,0,0
521.1,0,0
521.74,0,0
518.44,0,0
513.25,0,0
507.97,0,0
506.5,0,0
509.14,0,0
511.94,0,0
514.69,0,0
513.06,0,0
506.77,0,0
500.59,0,0
494.41,0,0
490.48,0,0
489.02,0,0
487.59,0,0
485.64,0,0
480.42,0,0
472.55,0,0
464.75,0,0
457.5,0,0
445.49,0,0
430.1,0,0
415.25,0,0
400.12,0,0
367.35,0,0
314.66,1,1
255.67,1,1
193.22,1,1
146.46,1,1
110.23,1,1
106.43,1,1
141.96,1,1
179.42,1,1
215.22,1,1
253.64,1,1
300.82,1,1
331.21,1,1
342.82,0,0
342.3,0,0
333.34,1,0
333.42,0,0
344.65,0,0
348.98,0,0
347.49,0,0
324.12,1,1
281.06,1,1
247.64,1,1
222.56,1,1
207.31,1,1
200.9,1,1
203.89,1,1
217.95,1,1
246.23,1,1
287.93,1,1
322.26,1,1
343.02,0,0
356.33,0,0
360.58,0,0
367.69,0,0
377.07,0,0
377.57,0,0
370.76,0,0
368.86,0,0
365.43,0,0
382.4,0,0
416.78,0,0
441.2,0,0
463.17,0,0
476.96,0,0
483.51,0,0
490.25,0,0
496.99,0,0
500.13,0,0
499.89,0,0
499.54,0,0
499.17,0,0
504.0,0,0
512.63,0,0
521.42,0,0
527.68,0,0
531.93,0,0
534.73,0,0
537.36,0,0
537.95,0,0
538.72,0,0
539.67,0,0
540.38,0,0
540.38,0,0
540.38,0,0
540.38,0,0
540.38,0,0
540.18,0,0
540.36,0,0
540.38,0,0
540.38,0,0
540.38,0,0
540.38,0,0
540.38,0,0
540.38,0,0
540.38,0,0
540.38,0,0
540.38,0,0
540.38,0,0
540.38,0,0
540.38,0,0
540.38,0,0
540.36,0,0
539.24,0,0
538.83,0,0
539.12,0,0
539.4,0,0
539.68,0,0
539.29,0,0
538.27,0,0
537.28,0,0
535.24,0,0
532.32,0,0
531.18,0,0
530.02,0,0
528.9,0,0
518.33,0,0
493.21,0,0
461.85,0,0
424.82,0,0
406.09,0,0
412.74,0,0
401.89,0,0
368.66,0,0
336.23,0,0
304.86,0,0
292.6,1,1
304.28,1,1
317.72,0,0
332.46,0,0
332.98,0,0
317.36,0,0
301.59,1,1
286.81,1,1
279.64,1,1
281.72,1,1
278.67,1,1
271.89,1,1
275.54,1,1
290.67,1,1
302.58,1,1
311.37,0,0
320.66,0,0
330.6,0,0
338.07,0,0
343.7,0,0
359.51,0,0
383.93,0,0
404.05,0,0
420.17,0,0
431.03,0,0
436.87,0,0
443.79,0,0
452.07,0,0
463.91,0,0
476.54,0,0
479.22,0,0
469.72,0,0
439.79,0,0
405.69,0,0
406.29,0,0
441.8,0,0
473.2,0,0
490.74,0,0
492.44,0,0
478.04,0,0
457.4,0,0
431.01,0,0
402.93,0,0
371.5,0,0
339.33,0,0
301.53,1,1
274.02,1,1
258.84,1,1
243.39,1,1
226.93,1,1
213.11,1,1
199.64,1,1
184.8,1,1
170.6,1,1
164.84,1,1
167.87,1,1
169.84,1,1
173.1,1,1
146.87,0,0
90.5,0,0
35.22,1,1
35.6,1,1
37.53,1,1
38.17,1,1
38.83,1,1
39.51,1,1
39.06,1,1
37.65,1,1
36.21,1,1
34.61,1,1
33.92,1,1
33.79,1,1
33.79,1,1
33.66,1,1
32.41,1,1
71.95,0,0
112.57,0,0
151.04,0,0
178.95,0,0
194.42,0,0
208.14,0,0
222.47,0,0
225.63,0,0
220.17,0,0
213.72,0,0
208.39,0,0
189.84,0,0
158.22,0,0
126.83,0,0
95.38,0,0
41.84,0,0
39.62,1,0
43.68,0,0
45.77,0,0
47.19,0,0
47.83,0,0
48.29,0,0
48.69,0,0
49.8,0,0
50.56,0,0
50.48,0,0
50.38,0,0
50.27,0,0
50.13,0,0
49.52,0,0
47.58,0,0
45.82,0,0
45.02,0,0
43.9,0,0
42.15,0,0
40.77,1,1
39.86,1,1
39.3,1,1
38.9,1,1
40.25,1,1
43.21,0,0
43.53,0,0
41.72,0,0
41.15,0,0
41.95,0,0
43.74,0,0
45.78,0,0
45.66,0,0
43.43,0,0
40.27,1,1
36.59,1,1
33.17,1,1
74.38,0,0
118.01,0,0
158.4,0,0
178.21,0,0
182.85,0,0
186.6,0,0
191.3,0,0
178.13,0,0
149.86,0,0
121.81,0,0
93.45,0,0
83.28,0,0
92.4,0,0
100.51,0,0
109.89,0,0
126.4,0,0
150.48,0,0
179.2,0,0
207.78,0,0
231.21,0,0
247.4,0,0
264.78,0,0
282.48,0,0
288.82,0,0
282.61,0,0
276.91,0,0
270.97,0,0
272.11,1,1
280.69,1,1
290.27,1,1
298.08,1,1
300.38,1,1
297.07,1,1
294.53,1,1
291.05,1,1
293.4,1,1
300.86,1,1
308.49,1,1
317.11,1,1
334.53,1,1
362.27,0,0
384.82,0,0
404.69,0,0
427.88,0,0
450.57,0,0
464.93,0,0
478.98,0,0
490.91,0,0
499.31,0,0
507.42,0,0
515.26,0,0
516.49,0,0
511.29,0,0
506.05,0,0
500.98,0,0
486.41,0,0
455.22,0,0
431.09,0,0
424.76,0,0
426.96,0,0
434.93,0,0
426.82,0,0
400.49,0,0
377.03,0,0
356.05,1,1
347.11,1,1
351.16,1,1
346.89,1,1
333.41,1,1
342.98,1,1
373.76,0,0
410.48,0,0
432.9,0,0
435.6,0,0
434.5,0,0
430.63,0,0
422.49,0,0
433.11,0,0
461.78,0,0
486.25,0,0
506.73,0,0
510.93,0,0
493.99,0,0
481.18,0,0
473.98,0,0
477.0,0,0
490.79,0,0
506.6,0,0
512.09,0,0
505.9,0,0
494.01,0,0
474.3,0,0
453.14,0,0
449.68,0,0
460.61,0,0
468.05,0,0
461.27,0,0
446.36,0,0
431.54,0,0
424.24,0,0
424.24,0,0
423.94,0,0
423.94,0,0
429.47,0,0
440.98,0,0
452.68,0,0
464.56,0,0
471.98,0,0
473.62,0,0
475.45,0,0
477.12,0,0
475.06,0,0
469.25,0,0
459.01,0,0
448.54,0,0
429.45,0,0
398.01,0,0
358.35,0,0
316.92,1,1
294.86,1,1
300.69,1,1
306.0,1,1
310.5,1,1
312.02,0,0
309.72,0,0
308.15,0,0
306.55,0,0
303.35,0,0
299.24,0,0
294.99,0,0
291.47,0,0
292.88,0,0
301.18,0,0
308.76,0,0
317.34,0,0
300.97,0,0
257.52,0,0
207.46,1,1
157.4,1,1
158.8,1,1
212.29,0,0
263.63,0,0
308.65,0,0
338.26,0,0
354.71,0,0
370.6,0,0
385.96,0,0
393.05,0,0
393.53,0,0
394.48,0,0
395.42,0,0
400.7,0,0
410.38,0,0
419.83,0,0
428.77,0,0
439.11,0,0
449.87,0,0
447.92,0,0
432.99,0,0
428.76,0,0
433.85,0,0
439.66,0,0
442.92,0,0
431.98,0,0
406.76,0,0
400.53,0,0
410.48,0,0
417.3,0,0
387.36,0,0
356.53,0,0
304.19,0,0
255.38,0,0
215.3,0,0
193.02,1,1
189.52,1,1
174.78,1,1
147.93,1,1
139.95,1,1
148.97,1,1
178.55,1,1
223.44,0,0
253.55,0,0
273.03,0,0
278.91,0,0
275.05,0,0
292.43,0,0
326.09,0,0
357.98,0,0
387.66,0,0
410.12,0,0
427.33,0,0
447.09,0,0
463.53,0,0
474.29,0,0
480.29,0,0
478.69,0,0
465.39,0,0
449.82,0,0
434.42,0,0
407.8,0,0
368.51,0,0
323.74,0,0
275.25,0,0
236.9,0,0
209.53,0,0
181.83,1,1
155.0,1,1
145.04,1,1
152.19,1,1
158.66,1,1
166.13,1,1
164.68,1,1
155.09,1,1
144.16,1,1
134.19,1,1
134.58,1,1
148.39,1,1
162.84,1,1
176.8,1,1
187.41,1,1
191.85,1,1
196.73,1,1
201.68,1,1
228.19,1,1
276.34,1,1
318.61,1,1
360.76,0,0
394.71,0,0
422.61,0,0
449.11,0,0
464.76,0,0
472.66,0,0
472.62,0,0
472.58,0,0
472.78,0,0
469.57,0,0
463.26,0,0
457.33,0,0
451.2,0,0
431.79,0,0
401.32,0,0
366.88,0,0
326.4,1,1
302.79,1,1
294.1,1,1
284.44,1,1
274.89,1,1
284.27,1,1
308.79,1,1
330.49,0,0
351.9,0,0
356.71,0,0
345.45,0,0
350.55,0,0
374.1,0,0
393.49,0,0
402.17,0,0
404.3,0,0
385.52,0,0
342.2,0,0
294.82,1,1
262.56,1,1
253.58,1,1
264.22,1,1
293.52,1,1
311.11,1,1
317.25,1,1
311.62,1,1
294.51,1,1
308.86,1,1
355.15,0,0
404.07,0,0
434.25,0,0
434.67,0,0
415.42,0,0
392.31,0,0
376.35,0,0
382.99,0,0
410.0,0,0
437.09,0,0
455.87,0,0
465.33,0,0
467.42,0,0
465.17,0,0
465.28,0,0
478.42,0,0
498.48,0,0
512.15,0,0
520.04,0,0
524.76,0,0
527.45,0,0
526.86,0,0
524.6,0,0
521.16,0,0
517.68,0,0
516.87,0,0
518.82,0,0
520.8,0,0
522.79,0,0
523.75,0,0
523.62,0,0
523.52,0,0
523.38,0,0
526.61,0,0
533.03,0,0
537.86,0,0
539.25,0,0
540.11,0,0
540.38,0,0
540.38,0,0
540.38,0,0
540.38,0,0
540.38,0,0
540.38,0,0
540.38,0,0
540.06,0,0
539.45,0,0
538.85,0,0
538.24,0,0
538.04,0,0
538.27,0,0
538.49,0,0
538.73,0,0
538.96,0,0
539.21,0,0
539.46,0,0
539.71,0,0
539.18,0,0
537.86,0,0
536.52,0,0
530.47,0,0
527.24,0,0
527.24,0,0
527.24,0,0
527.24,0,0
521.88,0,0
508.0,0,0
492.08,0,0
471.47,0,0
461.23,1,1
462.05,1,1
462.59,1,1
463.12,0,1
453.51,1,1
432.23,1,1
405.11,1,1
377.31,1,1
371.78,1,1
375.76,1,1
377.25,1,1
380.42,1,1
371.41,1,1
351.46,1,1
348.74,1,1
363.83,1,1
372.17,1,1
371.12,1,1
371.27,1,1
372.52,1,1
376.97,1,1
384.66,1,1
401.04,1,1
425.42,1,1
454.43,1,1
481.28,0,0
492.08,0,0
494.24,0,0
496.98,0,0
501.24,0,0
498.2,0,0
488.12,0,0
477.01,0,0
462.66,0,0
464.03,0,0
480.94,0,0
493.31,0,0
500.87,0,0
507.5,0,0
513.73,0,0
520.99,0,0
529.22,0,0
533.55,0,0
534.1,0,0
536.66,0,0
539.28,0,0
540.03,0,0
540.38,0,0
540.38,0,0
540.38,0,0
540.38,0,0
540.38,0,0
540.38,0,0
540.38,0,0
540.38,0,0
540.26,0,0
539.57,0,0
538.77,0,0
537.97,0,0
536.28,0,0
537.4,0,0
538.7,0,0
540.01,0,0
540.38,0,0
540.38,0,0
540.38,0,0
540.38,0,0
540.2,0,0
540.36,0,0
540.38,0,0
540.38,0,0
540.38,0,0
540.38,0,0
540.38,0,0
540.38,0,0
540.38,0,0
540.38,0,0
540.38,0,0
540.38,0,0
540.38,0,0
540.38,0,0
540.38,0,0
540.38,0,0
540.38,0,0
540.38,0,0
540.38,0,0
540.38,0,0
540.38,0,0
540.38,0,0
540.38,0,0
540.38,0,0
540.38,0,0
540.38,0,0
540.38,0,0
540.38,0,0
540.38,0,0
540.04,0,0
539.42,0,0
538.82,0,0
538.22,0,0
529.34,0,0
508.92,0,0
485.02,0,0
457.99,0,0
439.08,0,0
429.87,0,0
416.45,0,0
399.1,1,1
378.62,1,1
355.36,1,1
341.64,1,1
340.25,1,1
337.16,1,1
333.18,1,1
327.16,1,1
317.51,1,1
303.29,1,1
283.27,1,1
289.7,1,1
321.98,1,1
356.43,1,1
392.5,1,1
402.3,0,1
386.7,1,1
374.48,1,1
365.75,1,1
362.72,1,1
365.47,1,1
366.9,1,1
367.05,1,1
378.0,1,1
397.21,1,1
415.49,0,0
431.57,0,0
437.35,0,0
436.37,0,0
438.19,0,0
443.81,0,0
464.24,0,0
491.82,0,0
509.62,0,0
517.22,0,0
521.48,0,0
519.0,0,0
513.34,0,0
508.41,0,0
503.45,0,0
496.67,0,0
489.23,0,0
480.92,0,0
472.11,0,0
457.28,0,0
454.11,0,0
462.63,0,0
471.43,0,0
476.16,0,0
485.04,0,0
497.91,0,0
508.28,0,0
517.89,0,0
523.67,0,0
525.52,0,0
527.35,0,0
529.21,0,0
530.02,0,0
529.76,0,0
529.46,0,0
529.14,0,0
528.44,0,0
527.29,0,0
526.13,0,0
524.96,0,0
522.89,0,0
519.79,0,0
515.03,0,0
510.21,0,0
506.2,0,0
503.18,0,0
499.97,0,0
496.84,0,0
495.09,0,0
494.93,0,0
494.76,0,0
494.76,0,0
490.26,0,0
478.98,0,0
467.44,0,0
455.67,0,0
449.77,0,0
450.39,0,0
451.32,0,0
452.23,0,0
456.87,0,0
463.62,0,0
470.53,0,0
477.3,0,0
467.57,0,0
428.97,0,0
375.82,0,0
309.65,1,1
291.36,1,1
335.33,0,0
346.57,0,0
320.06,0,0
297.73,1,1
280.52,1,1
274.67,1,1
279.77,1,1
280.07,1,1
271.57,1,1
253.04,1,1
210.01,1,1
195.69,1,1
208.72,1,1
228.52,1,1
248.51,1,1
253.57,1,1
240.8,1,1
221.34,1,1
200.49,1,1
192.07,1,1
203.38,1,1
220.56,1,1
244.83,1,1
271.22,1,1
301.03,1,1
324.25,0,0
340.52,0,0
348.42,0,0
352.12,0,0
368.77,0,0
394.1,0,0
419.15,0,0
443.84,0,0
466.07,0,0
485.01,0,0
501.24,0,0
511.35,0,0
518.92,0,0
523.56,0,0
526.3,0,0
529.73,0,0
533.16,0,0
536.63,0,0
536.6,0,0
533.02,0,0
529.37,0,0
525.62,0,0
524.62,0,0
526.37,0,0
528.13,0,0
529.91,0,0
531.28,0,0
532.18,0,0
533.09,0,0
534.01,0,0
534.92,0,0
535.82,0,0
536.74,0,0
537.41,0,0
537.46,0,0
537.39,0,0
537.31,0,0
537.23,0,0
537.18,0,0
537.17,0,0
537.16,0,0
537.16,0,0
537.35,0,0
537.79,0,0
538.23,0,0
538.68,0,0
539.57,0,0
540.38,0,0
540.38,0,0
540.38,0,0
540.38,0,0
540.38,0,0
540.38,0,0
540.38,0,0
540.38,0,0
540.38,0,0
540.38,0,0
540.38,0,0
540.38,0,0
540.38,0,0
540.38,0,0
540.38,0,0
540.38,0,0
540.38,0,0
540.38,0,0
540.38,0,0
532.28,0,0
513.83,0,0
493.37,0,0
471.24,0,0
452.42,0,0
435.74,1,1
423.94,1,1
421.49,1,1
420.72,1,1
421.61,1,1
412.95,1,1
392.61,1,1
368.96,1,1
341.32,1,1
333.96,1,1
347.16,1,1
354.9,1,1
359.19,1,1
372.03,1,1
392.03,1,1
418.88,1,1
437.51,0,0
443.46,0,0
453.08,0,0
466.6,0,0
448.3,0,0
450.74,0,0
444.22,0,0
430.64,1,1
410.87,1,1
404.08,1,1
410.25,1,1
412.17,1,1
411.19,1,1
422.41,1,1
443.29,0,0
459.33,0,0
470.85,0,0
486.87,0,0
501.0,0,0
510.47,0,0
513.58,0,0
511.96,0,0
506.82,0,0
498.74,0,0
491.95,0,0
485.06,0,0
478.26,0,0
467.86,0,0
455.28,0,0
442.26,0,0
429.01,1,0
441.61,0,0
476.79,0,0
498.37,0,0
515.18,0,0
522.03,0,0
519.7,0,0
517.41,0,0
515.1,0,0
514.93,0,0
517.01,0,0
519.06,0,0
521.15,0,0
523.08,0,0
524.64,0,0
526.26,0,0
528.02,0,0
526.93,0,0
522.99,0,0
518.38,0,0
512.21,0,0
515.53,0,0
525.43,0,0
533.96,0,0
537.96,0,0
538.13,0,0
536.46,0,0
529.21,0,0
521.84,0,0
510.73,0,0
496.22,0,0
478.74,0,0
458.9,0,0
434.75,0,0
408.74,0,0
382.28,0,0
347.71,0,0
336.54,0,0
350.26,0,0
364.54,0,0
378.65,0,0
389.57,0,0
400.18,0,0
410.16,0,0
420.43,0,0
411.62,0,0
371.59,0,0
315.72,0,0
244.66,0,0
198.27,1,1
183.48,1,1
121.04,1,1
42.96,1,1
47.33,1,1
46.71,1,1
45.56,1,1
43.86,1,1
73.06,1,1
106.64,1,1
130.39,1,1
151.96,1,1
150.59,1,1
139.66,1,1
139.47,1,1
150.03,1,1
168.77,1,1
194.59,1,1
211.8,1,1
218.85,1,1
219.61,1,1
214.74,1,1
216.45,1,1
226.21,1,1
233.62,0,0
240.61,0,0
252.03,0,0
265.58,0,0
282.14,0,0
301.43,0,0
328.06,0,0
359.46,0,0
373.6,0,0
375.94,0,0
417.44,0,0
476.21,0,0
493.84,0,0
494.74,0,0
502.31,0,0
505.7,0,0
512.15,0,0
524.58,0,0
533.01,0,0
538.27,0,0
539.26,0,0
539.45,0,0
539.65,0,0
539.85,0,0
539.44,0,0
538.4,0,0
537.35,0,0
532.64,0,0
532.11,0,0
536.08,0,0
537.82,0,0
538.66,0,0
539.51,0,0
540.36,0,0
540.38,0,0
540.38,0,0
540.38,0,0
540.38,0,0
540.38,0,0
540.24,0,0
540.06,0,0
540.38,0,0
540.38,0,0
540.38,0,0
540.38,0,0
540.38,0,0
540.38,0,0
540.38,0,0
540.38,0,0
540.38,0,0
540.38,0,0
540.38,0,0
540.38,0,0
540.38,0,0
540.38,0,0
540.38,0,0
540.38,0,0
540.38,0,0
540.38,0,0
540.38,0,0
540.38,0,0
540.38,0,0
540.38,0,0
540.38,0,0
540.38,0,0
539.33,0,0
538.0,0,0
536.33,0,0
517.77,0,0
481.33,0,0
435.93,0,0
382.22,0,0
357.43,0,0
364.34,0,0
359.64,0,0
345.67,0,0
326.28,0,0
302.2,1,1
282.46,1,1
266.84,1,1
245.13,1,1
218.28,1,1
202.97,1,1
201.89,1,1
199.62,1,1
195.89,1,1
196.38,1,1
201.15,1,1
202.94,1,1
200.85,1,1
203.82,1,1
210.86,1,1
216.43,1,1
218.87,1,1
228.8,1,1
246.77,1,1
261.61,1,1
274.7,1,1
284.6,1,1
292.96,1,1
299.88,1,1
308.47,0,0
329.42,0,0
359.9,0,0
388.6,0,0
416.4,0,0
444.15,0,0
471.85,0,0
495.46,0,0
510.21,0,0
520.67,0,0
526.16,0,0
527.82,0,0
528.69,0,0
529.57,0,0
530.48,0,0
527.65,0,0
519.61,0,0
509.16,0,0
497.57,0,0
490.18,0,0
490.01,0,0
489.69,0,0
489.51,0,0
489.19,0,0
488.86,0,0
488.38,0,0
487.89,0,0
495.99,0,0
509.07,0,0
521.6,0,0
529.78,0,0
533.8,0,0
533.65,0,0
533.49,0,0
533.33,0,0
533.78,0,0
534.88,0,0
536.0,0,0
536.81,0,0
535.92,0,0
532.26,0,0
528.46,0,0
524.56,0,0
520.94,0,0
517.63,0,0
512.52,0,0
507.3,0,0
496.95,0,0
479.94,0,0
459.2,0,0
432.73,0,0
404.43,0,0
385.56,0,0
364.93,0,0
338.93,0,0
346.68,0,0
384.49,0,0
412.12,0,0
439.39,0,0
464.34,0,0
485.73,0,0
503.13,0,0
518.66,0,0
511.45,0,0
479.03,0,0
438.07,0,0
388.76,0,0
359.23,0,0
355.43,0,0
339.64,0,0
309.9,0,0
281.38,1,1
255.23,1,1
239.51,1,1
236.63,1,1
228.45,1,1
217.3,1,1
207.74,1,1
200.87,1,1
194.88,1,1
189.95,1,1
188.55,1,1
190.63,1,1
190.98,1,1
191.32,1,1
196.59,1,1
208.46,1,1
216.72,1,1
222.41,1,1
229.22,1,1
238.3,1,1
251.38,1,1
266.54,1,1
281.41,1,1
297.04,1,1
311.95,0,0
326.91,0,0
351.73,0,0
384.86,0,0
410.55,0,0
430.53,0,0
457.66,0,0
487.24,0,0
505.6,0,0
519.29,0,0
532.63,0,0
535.59,0,0
536.74,0,0
538.23,0,0
539.08,0,0
539.93,0,0
540.32,0,0
540.22,0,0
540.12,0,0
540.02,0,0
539.47,0,0
538.48,0,0
537.47,0,0
532.93,0,0
531.9,0,0
534.73,0,0
537.36,0,0
537.95,0,0
538.61,0,0
539.35,0,0
540.09,0,0
540.38,0,0
540.38,0,0
540.38,0,0
540.38,0,0
540.38,0,0
540.38,0,0
540.38,0,0
540.38,0,0
540.38,0,0
540.38,0,0
540.38,0,0
540.38,0,0
540.38,0,0
540.38,0,0
540.38,0,0
540.38,0,0
540.38,0,0
540.38,0,0
540.38,0,0
540.38,0,0
540.02,0,0
539.88,0,0
540.02,0,0
540.15,0,0
540.29,0,0
540.38,0,0
540.38,0,0
540.38,0,0
540.38,0,0
540.38,0,0
540.38,0,0
540.38,0,0
540.38,0,0
531.6,0,0
512.32,0,0
494.27,0,0
479.61,0,0
477.88,0,0
487.3,0,0
484.32,0,0
461.77,0,0
435.4,1,1
414.55,1,1
400.02,1,1
391.74,1,1
375.7,1,1
352.28,1,1
352.03,1,1
376.54,1,1
399.02,1,1
419.76,1,1
426.67,1,1
419.18,1,1
414.14,1,1
412.0,1,1
412.1,1,1
414.79,1,1
419.21,1,1
425.64,1,1
420.83,1,1
406.27,1,1
386.73,1,1
363.49,1,1
374.28,1,1
416.34,1,1
456.79,0,0
479.83,0,0
488.93,0,0
500.09,0,0
513.57,0,0
528.67,0,0
534.49,0,0
531.46,0,0
528.53,0,0
527.08,0,0
530.42,0,0
537.82,0,0
537.57,0,0
530.56,0,0
522.72,0,0
510.59,0,0
506.54,0,0
510.93,0,0
515.36,0,0
519.79,0,0
524.62,0,0
529.58,0,0
534.57,0,0
537.72,0,0
537.81,0,0
536.03,0,0
531.91,0,0
527.79,0,0
528.23,0,0
533.36,0,0
537.42,0,0
538.5,0,0
539.2,0,0
539.51,0,0
539.84,0,0
540.18,0,0
540.38,0,0
540.38,0,0
540.38,0,0
540.38,0,0
540.38,0,0
540.38,0,0
540.38,0,0
540.38,0,0
540.38,0,0
539.65,0,0
538.47,0,0
537.27,0,0
537.12,0,0
538.04,0,0
538.96,0,0
539.89,0,0
539.62,0,0
538.16,0,0
536.7,0,0
530.82,0,0
529.32,0,0
533.15,0,0
536.6,0,0
537.4,0,0
537.56,0,0
537.07,0,0
536.45,0,0
534.1,0,0
533.03,0,0
530.25,0,0
526.36,0,0
522.54,0,0
523.63,0,0
529.01,0,0
530.45,0,0
528.36,0,0
528.91,0,0
531.93,0,0
528.06,0,0
517.37,0,0
506.82,0,0
496.47,1,1
492.99,1,1
495.94,1,1
497.86,1,1
498.82,1,1
496.79,1,1
491.87,1,1
485.46,1,1
477.4,1,1
478.47,1,1
488.57,1,1
496.53,1,1
502.18,0,0
505.76,0,0
505.94,0,0
507.34,0,0
510.04,0,0
513.57,0,0
518.08,0,0
524.38,0,0
532.39,0,0
534.7,0,0
532.67,0,0
530.37,0,0
524.33,0,0
518.95,0,0
513.95,0,0
510.28,0,0
509.82,0,0
508.61,0,0
506.67,0,0
507.67,0,0
512.0,0,0
516.28,0,0
520.66,0,0
519.81,0,0
513.63,0,0
507.44,0,0
501.06,1,1
499.69,1,1
503.53,0,0
507.27,0,0
511.12,0,0
510.26,0,0
504.67,0,0
499.0,1,1
491.26,1,1
482.9,1,1
473.89,1,1
464.0,1,1
447.64,1,1
446.22,1,1
460.41,1,1
468.56,1,1
476.27,1,1
477.23,0,0
470.91,0,0
464.54,0,0
458.13,0,0
441.53,0,0
415.61,0,0
389.66,1,1
354.32,1,1
329.57,1,1
318.23,1,1
306.73,1,1
295.96,1,1
289.17,1,1
288.24,1,1
287.31,1,1
286.37,1,1
298.17,1,1
321.76,1,1
345.36,1,1
368.31,1,1
394.01,1,1
423.84,0,0
451.77,0,0
468.09,0,0
466.28,0,0
441.49,0,0
405.39,0,0
363.49,1,1
334.17,1,1
324.72,1,1
316.28,1,1
308.87,1,1
319.01,1,1
344.13,1,1
367.51,1,1
388.57,1,1
408.62,0,0
430.04,0,0
452.36,0,0
467.96,0,0
482.99,0,0
494.86,0,0
506.89,0,0
517.83,0,0
526.45,0,0
534.0,0,0
535.47,0,0
534.32,0,0
533.61,0,0
532.91,0,0
532.11,0,0
531.29,0,0
530.3,0,0
529.11,0,0
528.45,0,0
528.38,0,0
527.78,0,0
526.61,0,0
527.09,0,0
529.15,0,0
530.83,0,0
532.09,0,0
533.42,0,0
534.82,0,0
536.46,0,0
538.31,0,0
539.14,0,0
539.01,0,0
539.09,0,0
539.39,0,0
539.76,0,0
540.38,0,0
540.38,0,0
540.38,0,0
540.38,0,0
540.38,0,0
540.38,0,0
540.38,0,0
540.38,0,0
540.38,0,0
540.11,0,0
539.6,0,0
539.08,0,0
538.57,0,0
538.4,0,0
538.6,0,0
538.8,0,0
539.0,0,0
538.57,0,0
537.5,0,0
533.47,0,0
528.27,0,0
526.04,0,0
526.74,0,0
527.53,0,0
528.3,0,0
527.29,0,0
524.34,0,0
521.41,0,0
517.77,0,0
519.68,0,0
525.34,0,0
531.12,0,0
536.7,0,0
537.68,0,0
538.43,0,0
539.19,0,0
539.97,0,0
540.36,0,0
540.36,0,0
540.36,0,0
540.36,0,0
540.38,0,0
540.38,0,0
540.38,0,0
540.38,0,0
540.38,0,0
540.38,0,0
540.38,0,0
540.38,0,0
540.38,0,0
539.79,0,0
538.54,0,0
537.27,0,0
532.61,0,0
524.5,0,0
519.99,0,0
519.07,0,0
515.71,0,0
510.22,0,0
509.04,0,0
508.25,1,0
514.14,0,0
527.41,0,0
522.92,0,0
503.85,1,1
484.46,1,1
465.1,1,1
455.86,1,1
453.24,1,1
447.47,1,1
438.67,1,1
444.54,1,1
464.8,1,1
479.45,1,1
488.86,1,1
488.46,1,1
480.36,1,1
474.02,1,1
466.25,1,1
456.71,1,1
442.93,1,1
437.9,1,1
447.45,1,1
454.5,1,1
463.66,1,1
480.74,1,1
500.92,1,1
515.69,0,0
524.64,0,0
525.87,0,0
526.49,0,0
528.42,0,0
531.25,0,0
533.55,0,0
535.45,0,0
537.43,0,0
539.44,0,0
540.38,0,0
540.38,0,0
540.38,0,0
540.38,0,0
540.38,0,0
540.38,0,0
540.38,0,0
540.38,0,0
540.38,0,0
540.38,0,0
540.38,0,0
540.38,0,0
540.38,0,0
540.38,0,0
540.38,0,0
540.38,0,0
540.38,0,0
540.38,0,0
540.38,0,0
540.38,0,0
540.38,0,0
540.38,0,0
540.38,0,0
540.38,0,0
540.38,0,0
540.38,0,0
540.38,0,0
540.38,0,0
540.38,0,0
540.38,0,0
540.38,0,0
540.38,0,0
540.36,0,0
540.36,0,0
540.36,0,0
540.36,0,0
540.09,0,0
539.56,0,0
539.02,0,0
538.48,0,0
537.27,0,0
531.66,0,0
522.66,0,0
511.69,0,0
504.77,0,0
504.87,0,0
505.1,0,0
505.2,0,0
507.9,0,0
510.52,0,0
510.14,0,0
507.97,0,0
487.19,0,0
435.37,0,0
368.26,0,0
271.35,0,0
222.18,1,0
243.35,0,0
246.88,0,0
227.34,1,1
219.77,1,1
221.55,1,1
222.85,1,1
233.18,1,1
234.51,1,1
227.71,1,1
227.79,1,1
232.32,1,1
237.97,1,1
244.65,0,1
243.16,1,1
232.35,1,1
221.86,1,1
211.0,1,1
207.12,1,1
211.13,1,1
212.94,1,1
213.73,1,1
226.42,1,1
249.12,0,0
269.04,0,0
285.45,0,0
303.26,0,0
320.79,0,0
326.41,0,0
317.12,0,0
325.27,0,0
341.87,0,0
344.65,0,0
305.69,0,0
234.07,1,1
165.57,1,1
158.55,1,1
215.61,1,1
275.88,0,0
335.89,0,0
382.03,0,0
422.1,0,0
452.41,0,0
477.63,0,0
489.84,0,0
497.75,0,0
504.13,0,0
509.93,0,0
508.18,0,0
498.59,0,0
485.65,0,0
472.6,0,0
472.34,0,0
485.02,0,0
497.79,0,0
507.31,0,0
513.89,0,0
517.8,0,0
521.66,0,0
524.14,0,0
522.34,0,0
513.26,0,0
503.24,0,0
492.31,0,0
486.73,0,0
490.02,0,0
493.03,0,0
495.41,0,0
493.97,0,0
488.07,0,0
480.79,0,0
473.28,0,0
469.15,0,0
468.29,0,0
467.69,0,0
466.8,0,0
469.92,0,0
477.02,0,0
484.08,0,0
489.81,0,0
494.99,0,0
500.13,0,0
505.37,0,0
510.44,0,0
509.26,0,0
502.04,0,0
495.05,0,0
487.42,0,0
481.6,0,0
476.07,0,0
466.78,0,0
457.17,0,0
436.76,0,0
398.58,0,0
349.68,0,0
294.69,0,0
249.05,0,0
219.38,1,1
195.03,1,1
178.37,1,1
169.01,1,1
166.29,1,1
165.21,1,1
171.82,1,1
177.17,1,1
177.12,1,1
180.97,1,1
187.32,1,1
190.2,1,1
191.6,1,1
194.19,1,1
196.77,1,1
196.93,1,1
192.71,1,1
193.31,1,1
197.68,1,1
204.64,1,1
211.3,1,1
220.15,1,1
230.15,1,1
239.17,1,1
245.73,0,0
260.39,0,0
281.09,0,0
297.36,0,0
308.92,0,0
332.7,0,0
364.21,0,0
393.22,0,0
419.78,0,0
443.89,0,0
467.29,0,0
487.43,0,0
503.69,0,0
517.21,0,0
527.04,0,0
530.41,0,0
529.45,0,0
528.49,0,0
527.51,0,0
525.09,0,0
520.05,0,0
513.93,0,0
507.79,0,0
503.45,0,0
501.06,0,0
498.1,0,0
494.84,0,0
491.8,0,0
489.09,0,0
486.32,0,0
483.47,0,0
479.64,0,0
474.82,0,0
469.72,0,0
464.53,0,0
464.68,0,0
469.94,0,0
475.46,0,0
481.24,0,0
474.84,0,0
455.92,0,0
422.21,1,1
387.12,1,1
376.52,1,1
397.29,1,1
416.13,1,1
436.05,1,1
454.67,0,0
470.36,0,0
486.3,0,0
498.22,0,0
504.15,0,0
504.14,0,0
504.0,0,0
503.85,0,0
499.89,0,0
492.24,0,0
483.84,0,0
473.63,0,0
470.58,0,0
474.42,0,0
478.12,0,0
481.7,0,0
479.79,0,0
470.87,0,0
459.87,0,0
449.09,0,0
436.26,1,1
422.14,1,1
413.87,1,1
411.12,1,1
394.71,1,1
363.42,1,1
315.18,1,1
259.92,1,1
242.8,1,1
268.24,1,1
286.26,1,1
300.04,1,1
294.08,1,1
267.3,1,1
270.44,1,1
301.58,1,1
352.73,1,1
412.12,1,1
444.45,0,0
459.06,0,0
467.8,0,0
474.81,0,0
478.38,0,0
480.46,0,0
480.46,0,0
477.99,0,0
473.48,0,0
466.86,0,0
456.28,0,0
441.31,0,0
446.66,0,0
472.13,0,0
494.59,0,0
513.8,0,0
521.24,0,0
517.32,0,0
517.31,0,0
520.75,0,0
523.66,0,0
527.53,0,0
531.18,0,0
534.61,0,0
537.56,0,0
539.53,0,0
540.38,0,0
540.38,0,0
540.38,0,0
540.38,0,0
540.38,0,0
540.38,0,0
540.38,0,0
540.38,0,0
540.38,0,0
540.38,0,0
540.38,0,0
540.38,0,0
540.38,0,0
540.38,0,0
540.38,0,0
540.2,0,0
539.6,0,0
538.94,0,0
538.26,0,0
537.57,0,0
537.36,0,0
537.63,0,0
537.92,0,0
538.23,0,0
538.81,0,0
539.67,0,0
540.38,0,0
540.38,0,0
540.38,0,0
540.38,0,0
540.38,0,0
540.38,0,0
540.38,0,0
540.38,0,0
540.38,0,0
540.38,0,0
540.38,0,0
540.22,0,0
539.39,0,0
538.56,0,0
538.63,0,0
539.6,0,0
540.38,0,0
540.38,0,0
540.38,0,0
540.38,0,0
540.38,0,0
540.38,0,0
540.38,0,0
538.61,0,0
534.55,0,0
529.62,0,0
528.18,0,0
530.13,0,0
530.1,0,0
527.5,0,0
528.07,0,0
531.8,0,0
525.07,0,0
508.14,0,0
493.91,0,0
482.15,0,0
470.74,1,1
460.07,1,1
445.4,1,1
426.61,1,1
420.3,1,1
425.62,1,1
431.16,1,1
436.65,1,1
430.6,1,1
413.35,1,1
394.15,1,1
373.41,1,1
372.0,1,1
388.91,1,1
397.91,1,1
398.66,1,1
410.0,1,1
432.33,1,1
457.3,1,1
477.39,1,1
484.0,0,0
481.49,0,0
481.11,1,0
482.66,0,0
486.15,0,0
489.71,0,0
491.01,0,0
492.29,0,0
499.46,0,0
511.02,0,0
521.62,0,0
530.61,0,0
536.15,0,0
539.04,0,0
540.38,0,0
540.38,0,0
540.38,0,0
540.38,0,0
540.38,0,0
540.38,0,0
540.38,0,0
540.26,0,0
539.52,0,0
538.67,0,0
537.81,0,0
536.03,0,0
534.49,0,0
535.47,0,0
536.49,0,0
537.22,0,0
534.37,0,0
527.02,0,0
518.57,0,0
506.88,0,0
487.44,0,0
452.46,1,1
394.73,1,1
311.52,1,1
301.38,1,1
366.04,1,1
418.93,1,1
460.86,0,0
479.73,0,0
491.43,0,0
500.17,0,0
509.16,0,0
517.04,0,0
521.56,0,0
525.83,0,0
530.17,0,0
533.32,0,0
535.21,0,0
536.53,0,0
536.92,0,0
536.78,0,0
535.21,0,0
532.0,0,0
528.84,0,0
528.56,0,0
531.14,0,0
533.73,0,0
536.26,0,0
533.17,0,0
524.63,0,0
514.19,0,0
500.67,0,0
491.58,0,0
486.51,0,0
487.33,0,0
494.14,0,0
502.43,0,0
512.19,0,0
513.47,0,0
505.33,0,0
498.33,0,0
492.56,0,0
493.75,0,0
498.54,0,0
501.83,0,0
500.92,0,0
490.92,0,0
473.28,0,0
457.31,0,0
445.2,0,0
432.73,0,0
418.6,1,1
399.37,1,1
371.82,1,1
347.5,1,1
333.38,1,1
312.67,1,1
293.72,1,1
274.94,1,1
255.25,1,1
228.82,1,1
198.33,1,1
176.78,1,1
166.18,1,1
167.57,1,1
182.13,1,1
187.38,1,1
185.4,1,1
222.93,1,1
301.88,1,1
372.75,1,1
428.51,1,1
455.94,0,0
466.01,0,0
473.39,0,0
482.52,0,0
489.42,0,0
494.29,0,0
499.07,0,0
503.2,0,0
507.84,0,0
513.57,0,0
519.41,0,0
524.37,0,0
523.53,0,0
515.55,0,0
506.94,0,0
497.99,0,0
493.44,0,0
496.51,0,0
499.32,0,0
501.44,0,0
498.13,0,0
485.67,0,0
473.18,0,0
457.73,0,0
453.09,0,0
464.47,0,0
471.99,0,0
479.93,0,0
485.92,0,0
489.45,0,0
492.68,0,0
495.26,0,0
496.32,0,0
496.0,0,0
495.51,0,0
495.18,0,0
487.43,0,0
468.51,0,0
449.31,0,0
415.03,0,0
423.85,0,0
463.83,0,0
491.89,0,0
513.73,0,0
517.84,0,0
505.19,0,0
492.32,0,0
476.37,0,0
469.37,0,0
472.56,0,0
475.95,0,0
479.04,0,0
494.32,0,0
512.36,0,0
517.79,0,0
514.32,0,0
506.79,0,0
501.02,0,0
492.24,0,0
479.35,0,0
465.96,0,0
452.45,0,0
446.72,0,0
448.9,0,0
451.57,0,0
454.11,0,0
449.67,0,0
437.3,0,0
421.25,0,0
401.93,0,0
393.85,1,0
401.73,0,0
409.32,0,0
419.53,0,0
419.03,0,0
406.52,0,0
398.39,0,0
394.76,1,1
398.35,1,1
408.8,0,0
415.35,0,0
417.42,0,0
426.57,0,0
442.18,0,0
455.69,0,0
466.85,0,0
473.59,0,0
475.85,0,0
479.63,0,0
484.91,0,0
498.41,0,0
520.34,0,0
527.28,0,0
518.53,0,0
507.62,0,0
494.95,0,0
484.23,0,0
477.47,0,0
473.08,0,0
470.76,0,0
429.95,0,0
321.81,1,1
188.98,1,1
68.74,1,1
33.17,1,1
36.64,1,1
53.21,1,1
70.68,1,1
73.32,1,1
61.87,1,1
49.09,1,1
36.59,1,1
65.5,1,1
138.59,1,1
219.17,1,1
304.41,1,1
347.89,1,1
358.36,1,1
368.38,1,1
378.54,1,1
387.42,1,1
395.67,1,1
401.07,0,0
406.14,0,0
390.79,1,1
341.01,1,1
289.15,1,1
226.86,1,1
209.1,1,1
236.68,1,1
265.85,1,1
292.41,1,1
322.01,1,1
356.43,1,1
387.03,1,1
412.3,0,0
435.2,0,0
451.16,0,0
462.04,0,0
472.93,0,0
483.62,0,0
492.55,0,0
500.42,0,0
508.47,0,0
519.03,0,0
528.8,0,0
536.82,0,0
538.83,0,0
539.83,0,0
538.4,0,0
535.41,0,0
532.37,0,0
518.6,0,0
491.64,0,0
477.67,0,0
481.05,0,0
481.83,0,0
478.6,0,0
473.44,0,0
465.8,0,0
457.85,0,0
449.87,0,0
446.01,0,0
446.61,0,0
443.44,0,0
437.15,0,0
440.21,0,0
452.94,0,0
462.57,0,0
469.17,0,0
477.88,0,0
488.25,0,0
499.65,0,0
510.63,0,0
512.71,0,0
500.64,0,0
494.03,0,0
493.03,0,0
499.87,0,0
511.67,0,0
526.47,0,0
535.06,0,0
534.83,0,0
527.52,0,0
516.64,0,0
509.51,0,0
505.88,0,0
505.87,0,0
501.89,0,0
494.54,0,0
497.65,0,0
510.33,0,0
516.38,0,0
510.94,0,0
496.54,0,0
472.48,0,0
460.18,0,0
471.99,0,0
480.19,0,0
488.28,0,0
491.16,0,0
488.73,0,0
486.28,0,0
483.8,0,0
468.78,0,0
421.78,0,0
358.44,1,1
281.47,1,1
265.54,1,1
317.95,1,1
362.62,1,1
406.08,0,1
392.12,1,1
317.8,1,1
226.71,1,1
138.29,1,1
77.81,1,1
40.92,1,1
34.33,1,1
36.92,1,1
36.39,1,1
32.57,1,1
92.41,1,1
157.18,1,1
190.13,1,1
185.18,1,1
181.37,1,1
177.48,1,1
174.84,1,1
173.52,1,1
172.18,1,1
170.84,1,1
208.7,1,1
282.64,1,1
347.33,1,1
400.91,1,1
420.78,0,1
413.31,1,1
406.34,1,1
399.42,1,1
417.14,0,0
453.89,0,0
477.15,0,0
496.99,0,0
510.01,0,0
516.98,0,0
519.34,0,0
521.64,0,0
512.96,0,0
492.92,0,0
479.01,0,0
471.31,0,0
457.47,0,0
437.2,0,0
430.92,0,0
439.53,0,0
450.53,0,0
458.16,0,0
460.11,0,0
464.47,0,0
472.33,0,0
467.54,0,0
462.09,0,0
442.59,0,0
414.48,0,0
376.58,1,1
375.13,1,1
411.31,1,1
437.96,0,0
452.97,0,0
464.12,0,0
479.85,0,0
505.16,0,0
523.14,0,0
524.95,0,0
526.34,0,0
530.16,0,0
497.7,0,0
496.57,0,0
495.3,0,0
473.64,0,0
432.71,0,0
431.05,0,0
466.04,0,0
489.22,0,0
500.93,0,0
504.82,0,0
501.05,0,0
497.38,0,0
493.6,0,0
484.27,0,0
472.83,0,0
474.34,0,0
488.87,0,0
502.38,0,0
513.17,0,0
519.79,0,0
522.02,0,0
523.45,0,0
524.89,0,0
520.9,0,0
507.06,0,0
491.48,0,0
472.3,0,0
452.85,0,0
434.25,0,0
415.92,0,0
395.34,1,1
400.6,1,1
426.71,0,0
453.24,0,0
471.48,0,0
476.05,0,0
470.06,0,0
463.83,0,0
457.35,0,0
457.46,0,0
464.43,0,0
471.49,0,0
478.66,0,0
483.8,0,0
486.91,0,0
489.94,0,0
492.13,0,0
493.08,0,0
492.72,0,0
492.35,0,0
491.98,0,0
498.93,0,0
513.12,0,0
523.57,0,0
532.77,0,0
536.37,0,0
535.46,0,0
534.18,0,0
532.93,0,0
530.19,0,0
525.96,0,0
521.91,0,0
517.61,0,0
509.91,0,0
496.57,0,0
477.69,0,0
453.16,0,0
446.97,0,0
456.97,0,0
464.89,0,0
469.35,0,0
469.13,0,0
466.44,0,0
458.71,0,0
445.33,0,0
427.78,1,1
411.15,1,1
403.79,1,1
407.18,1,1
407.47,1,1
405.31,1,1
404.17,1,1
403.69,1,1
397.96,1,1
387.24,1,1
396.57,1,1
425.55,1,1
456.81,0,0
487.01,0,0
490.78,0,0
470.98,0,0
451.65,0,0
431.84,0,0
423.26,1,0
428.79,0,0
430.56,0,0
430.3,0,0
427.84,0,0
422.74,1,1
406.75,1,1
371.4,1,1
328.03,1,1
276.38,1,1
273.57,1,1
325.1,1,1
367.41,1,1
399.69,1,1
417.05,1,1
425.87,1,1
436.14,0,0
447.12,0,0
460.18,0,0
472.36,0,0
480.67,0,0
488.98,0,0
491.95,0,0
489.55,0,0
487.13,0,0
484.51,0,0
490.22,0,0
502.47,0,0
512.63,0,0
522.54,0,0
527.29,0,0
530.27,0,0
533.33,0,0
536.41,0,0
537.42,0,0
537.73,0,0
538.05,0,0
538.37,0,0
538.86,0,0
539.53,0,0
540.24,0,0
540.38,0,0
540.38,0,0
540.38,0,0
540.38,0,0
540.38,0,0
540.38,0,0
540.38,0,0
540.38,0,0
540.38,0,0
540.38,0,0
540.38,0,0
540.38,0,0
540.38,0,0
540.38,0,0
540.38,0,0
540.38,0,0
540.38,0,0
540.38,0,0
540.38,0,0
540.38,0,0
540.38,0,0
540.38,0,0
540.38,0,0
540.38,0,0
540.38,0,0
540.38,0,0
538.0,0,0
536.35,0,0
534.68,0,0
521.39,0,0
494.74,0,0
474.52,0,0
460.73,0,0
445.98,0,0
431.96,0,0
423.34,0,0
419.53,0,0
419.53,0,0
418.02,1,1
415.55,1,1
385.2,1,1
332.0,1,1
288.69,1,1
271.74,1,1
281.92,1,1
279.97,1,1
265.61,1,1
275.5,1,1
309.82,1,1
342.11,1,1
371.02,1,1
386.22,1,1
387.56,1,1
396.34,1,1
412.24,1,1
408.11,1,1
383.9,1,1
360.31,1,1
337.06,1,1
343.05,1,1
373.87,1,1
402.29,1,1
427.3,0,0
435.48,0,0
432.02,0,0
433.53,0,0
440.27,0,0
459.16,0,0
482.45,0,0
499.01,0,0
511.61,0,0
525.29,0,0
536.43,0,0
540.38,0,0
540.38,0,0
540.38,0,0
540.38,0,0
540.38,0,0
540.38,0,0
540.38,0,0
540.38,0,0
540.38,0,0
540.38,0,0
540.38,0,0
540.38,0,0
540.38,0,0
540.38,0,0
540.38,0,0
540.38,0,0
540.38,0,0
540.38,0,0
540.38,0,0
540.38,0,0
540.38,0,0
540.38,0,0
540.38,0,0
540.38,0,0
540.38,0,0
540.38,0,0
540.38,0,0
540.38,0,0
540.38,0,0
540.38,0,0
540.38,0,0
540.38,0,0
540.38,0,0
540.38,0,0
540.38,0,0
540.38,0,0
540.38,0,0
540.38,0,0
540.38,0,0
540.38,0,0
540.38,0,0
540.38,0,0
540.38,0,0
540.38,0,0
540.38,0,0
540.38,0,0
540.38,0,0
540.38,0,0
538.97,0,0
533.6,0,0
528.89,0,0
524.37,0,0
517.03,0,0
506.71,0,0
500.36,0,0
498.11,0,0
494.66,0,0
490.17,0,0
488.3,1,0
489.2,0,0
488.7,0,0
486.85,1,1
486.84,1,1
488.26,1,1
491.16,0,0
495.19,0,0
492.39,0,0
482.68,1,1
474.32,1,1
467.11,1,1
462.12,1,1
459.28,1,1
452.1,1,1
440.9,1,1
442.21,1,1
455.2,1,1
465.86,1,1
473.69,1,1
477.46,1,1
477.73,1,1
479.5,1,1
482.74,1,1
484.04,1,1
483.0,1,1
482.28,1,1
481.89,1,1
484.73,1,1
491.01,0,0
495.5,0,0
498.55,0,0
503.96,0,0
511.9,0,0
519.48,0,0
527.02,0,0
532.79,0,0
536.78,0,0
538.66,0,0
538.65,0,0
538.64,0,0
538.63,0,0
539.0,0,0
539.76,0,0
540.38,0,0
540.38,0,0
540.38,0,0
540.38,0,0
540.38,0,0
540.14,0,0
539.91,0,0
539.91,0,0
539.91,0,0
539.91,0,0
539.33,0,0
538.17,0,0
537.0,0,0
531.72,0,0
529.91,0,0
531.97,0,0
534.15,0,0
536.42,0,0
537.16,0,0
537.92,0,0
538.69,0,0
539.46,0,0
540.29,0,0
540.38,0,0
540.38,0,0
540.38,0,0
540.38,0,0
540.38,0,0
540.38,0,0
539.81,0,0
539.52,0,0
540.08,0,0
540.38,0,0
540.38,0,0
540.38,0,0
540.38,0,0
540.38,0,0
540.38,0,0
540.38,0,0
540.38,0,0
540.38,0,0
540.38,0,0
539.58,0,0
537.89,0,0
536.17,0,0
534.45,0,0
531.49,0,0
527.35,0,0
517.08,0,0
500.75,0,0
484.8,0,0
469.06,0,0
455.75,0,0
444.28,0,0
431.5,0,0
417.19,1,1
411.44,1,1
414.93,1,1
413.77,1,1
407.68,1,1
412.05,1,1
426.67,0,0
435.89,0,0
439.59,0,0
454.42,0,0
480.24,0,0
513.77,0,0
533.69,0,0
532.91,0,0
520.34,0,0
501.89,0,0
489.6,0,0
485.1,0,0
488.63,0,0
488.41,0,0
484.38,0,0
486.37,0,0
493.25,0,0
500.01,0,0
507.24,0,0
511.85,0,0
513.79,0,0
516.28,0,0
519.28,0,0
520.87,0,0
521.15,0,0
522.09,0,0
523.64,0,0
525.82,0,0
528.58,0,0
527.3,0,0
522.13,0,0
514.22,0,0
506.1,0,0
491.44,0,0
466.49,0,0
423.6,1,1
368.53,1,1
342.27,1,1
353.1,1,1
363.99,1,1
374.95,1,1
348.38,1,1
277.97,1,1
198.98,1,1
123.98,1,1
115.88,1,1
175.34,1,1
237.05,1,1
300.63,1,1
313.65,1,1
281.42,1,1
245.78,1,1
208.65,1,1
225.48,1,1
297.47,1,1
358.46,1,1
409.44,0,0
408.48,0,0
354.42,1,1
288.37,1,1
208.72,1,1
166.63,1,1
163.73,1,1
162.23,1,1
159.26,1,1
202.47,1,1
286.01,1,1
359.61,1,1
414.8,0,0
452.23,0,0
472.27,0,0
490.48,0,0
504.98,0,0
515.81,0,0
520.8,0,0
525.47,0,0
530.03,0,0
532.19,0,0
531.85,0,0
531.43,0,0
530.66,0,0
525.91,0,0
517.01,0,0
507.75,0,0
498.47,0,0
480.7,0,0
451.59,0,0
428.95,0,0
411.85,0,0
400.09,1,0
409.65,0,0
416.94,0,0
421.27,0,0
424.35,0,0
425.88,0,0
418.45,0,0
402.66,0,0
390.81,1,1
383.63,1,1
383.71,1,1
390.82,1,1
399.17,1,1
407.82,0,0
424.93,0,0
448.71,0,0
465.1,0,0
473.91,0,0
479.55,0,0
482.14,0,0
494.03,0,0
513.21,0,0
516.14,0,0
497.36,0,0
462.3,0,0
414.88,0,0
412.69,0,0
449.96,0,0
472.94,0,0
483.42,0,0
493.21,0,0
502.47,0,0
511.24,0,0
518.1,0,0
522.94,0,0
525.34,0,0
527.2,0,0
529.11,0,0
531.05,0,0
533.01,0,0
530.93,0,0
524.73,0,0
516.59,0,0
506.73,0,0
499.59,0,0
494.9,0,0
489.15,0,0
483.36,0,0
470.79,0,0
442.12,0,0
406.94,0,0
359.37,1,1
352.96,1,1
389.99,1,1
418.83,0,0
445.68,0,0
444.41,0,0
414.25,0,0
379.47,1,1
334.16,1,1
338.33,0,0
389.85,0,0
428.71,0,0
460.71,0,0
467.25,0,0
458.55,0,0
449.65,0,0
434.45,0,0
407.92,0,0
368.69,0,0
315.28,1,1
260.05,1,1
205.8,1,1
161.73,1,1
118.15,1,1
77.32,1,1
85.24,1,1
142.44,1,1
202.32,1,1
262.12,1,1
295.85,1,1
310.72,1,1
326.3,0,0
341.67,0,0
377.37,0,0
419.28,0,0
451.94,0,0
473.43,0,0
480.13,0,0
476.34,0,0
469.18,0,0
458.96,0,0
442.36,0,0
417.18,0,0
395.8,0,0
378.84,0,0
358.8,0,0
334.25,0,0
327.17,0,0
338.09,0,0
362.89,0,0
387.16,0,0
388.3,0,0
359.19,0,0
320.84,1,1
297.62,1,1
290.93,1,1
297.48,1,1
287.62,1,1
261.47,1,1
280.86,1,1
343.9,0,0
413.35,0,0
406.13,0,0
391.14,0,0
357.22,0,0
329.59,0,0
312.18,1,1
308.16,1,1
319.41,1,1
321.94,0,1
317.88,1,1
334.47,0,0
365.43,0,0
382.29,0,0
387.68,0,0
407.27,0,0
434.6,0,0
451.0,0,0
463.49,0,0
473.66,0,0
481.14,0,0
481.65,0,0
475.0,0,0
468.48,0,0
456.88,0,0
456.36,0,0
466.91,0,0
472.73,0,0
478.66,0,0
470.22,0,0
432.46,0,0
384.85,0,0
325.67,0,0
303.91,1,0
328.44,0,0
349.7,0,0
371.24,0,0
400.68,0,0
426.74,0,0
453.24,0,0
471.68,0,0
482.8,0,0
491.0,0,0
497.79,0,0
503.95,0,0
497.36,0,0
472.72,0,0
439.81,0,0
390.29,0,0
364.73,0,0
376.68,0,0
385.7,0,0
394.18,0,0
382.75,0,0
343.55,1,1
299.61,1,1
252.56,1,1
251.41,1,1
295.78,1,1
338.08,1,1
377.1,0,0
403.61,0,0
426.77,0,0
447.3,0,0
460.12,0,0
466.64,0,0
467.19,0,0
467.74,0,0
468.28,0,0
475.52,0,0
488.36,0,0
497.86,0,0
507.22,0,0
506.78,0,0
496.93,0,0
488.61,0,0
481.32,0,0
469.02,0,0
452.82,0,0
421.91,0,0
381.99,0,0
351.98,1,1
352.8,1,1
359.59,0,0
374.88,0,0
352.84,0,0
280.19,1,1
195.53,1,1
119.19,1,1
106.9,1,1
157.22,1,1
206.3,1,1
254.38,1,1
286.33,1,1
303.4,1,1
315.12,1,1
320.65,1,1
318.33,1,1
308.69,1,1
307.04,1,1
312.21,1,1
338.64,1,1
385.71,0,0
421.43,0,0
450.4,0,0
463.17,0,0
467.87,0,0
472.98,0,0
478.47,0,0
485.35,0,0
493.66,0,0
497.68,0,0
497.52,0,0
497.01,0,0
496.3,0,0
500.0,0,0
508.18,0,0
509.77,0,0
504.91,0,0
499.91,0,0
493.96,0,0
485.97,0,0
476.79,0,0
467.27,0,0
453.36,0,0
459.0,0,0
476.21,0,0
492.02,0,0
504.69,0,0
513.5,0,0
519.3,0,0
523.6,0,0
527.38,0,0
526.53,0,0
521.0,0,0
512.61,0,0
503.86,0,0
497.02,0,0
491.1,0,0
483.95,0,0
476.5,0,0
478.79,0,0
491.01,0,0
500.11,0,0
509.34,0,0
516.31,0,0
519.82,0,0
522.73,0,0
525.71,0,0
527.8,0,0
529.0,0,0
530.22,0,0
531.45,0,0
534.39,0,0
536.83,0,0
537.8,0,0
538.76,0,0
539.53,0,0
540.08,0,0
540.38,0,0
540.38,0,0
540.38,0,0
540.38,0,0
540.38,0,0
540.38,0,0
538.2,0,0
533.55,0,0
528.77,0,0
523.99,0,0
511.17,0,0
489.54,0,0
477.92,0,0
477.8,0,0
472.05,1,1
459.96,1,1
460.98,1,1
475.25,0,0
488.7,0,0
501.1,0,0
501.96,0,0
491.44,0,0
485.74,0,0
484.91,0,0
473.41,0,0
447.86,1,1
424.65,1,1
403.78,1,1
396.03,1,1
403.7,1,1
404.61,1,1
398.03,1,1
397.49,1,1
402.55,1,1
403.81,1,1
399.62,1,1
400.13,1,1
407.18,1,1
419.69,1,1
436.03,1,1
445.92,1,1
442.91,1,1
433.12,1,1
422.39,1,1
435.39,1,1
469.71,1,1
496.21,0,0
516.37,0,0
526.05,0,0
525.89,0,0
528.18,0,0
532.79,0,0
535.4,0,0
534.67,0,0
535.28,0,0
537.34,0,0
537.87,0,0
538.4,0,0
538.82,0,0
539.13,0,0
539.44,0,0
539.76,0,0
539.92,0,0
539.92,0,0
539.92,0,0
539.91,0,0
539.74,0,0
539.4,0,0
539.04,0,0
538.69,0,0
538.63,0,0
538.85,0,0
539.08,0,0
539.31,0,0
539.12,0,0
538.49,0,0
537.85,0,0
537.16,0,0
535.8,0,0
532.1,0,0
528.34,0,0
524.51,0,0
515.78,0,0
496.45,0,0
473.0,0,0
445.57,0,0
423.57,0,0
427.65,0,0
431.38,0,0
435.63,0,0
425.76,0,0
402.22,0,0
378.81,0,0
352.44,0,0
329.0,0,0
315.77,0,0
302.71,1,1
289.81,1,1
292.41,1,1
309.98,0,0
326.25,0,0
342.93,0,0
360.75,0,0
374.23,0,0
381.4,0,0
384.75,0,0
391.32,0,0
394.26,0,0
397.71,0,0
388.56,0,0
349.27,0,0
309.26,0,0
281.45,1,1
269.37,1,1
244.0,1,1
203.24,1,1
192.9,1,1
218.89,1,1
255.51,1,1
296.7,1,1
314.32,0,1
305.18,1,1
299.35,1,1
298.6,1,1
298.65,1,1
299.44,1,1
300.0,1,1
300.32,1,1
300.01,1,1
299.28,1,1
294.67,1,1
285.11,1,1
292.09,1,1
314.12,0,0
339.29,0,0
367.87,0,0
367.2,0,0
343.42,0,0
323.08,0,0
307.06,1,0
329.45,0,0
379.44,0,0
419.13,0,0
448.75,0,0
470.24,0,0
487.21,0,0
502.39,0,0
515.69,0,0
527.87,0,0
537.06,0,0
540.38,0,0
540.38,0,0
540.38,0,0
540.38,0,0
540.38,0,0
540.38,0,0
540.38,0,0
540.38,0,0
540.38,0,0
540.38,0,0
540.38,0,0
540.38,0,0
540.38,0,0
540.38,0,0
540.38,0,0
540.38,0,0
540.38,0,0
540.38,0,0
540.38,0,0
540.38,0,0
540.38,0,0
540.38,0,0
540.38,0,0
540.38,0,0
540.38,0,0
540.38,0,0
540.38,0,0
540.38,0,0
540.38,0,0
540.38,0,0
540.38,0,0
539.67,0,0
539.52,0,0
540.08,0,0
540.38,0,0
540.38,0,0
540.38,0,0
540.38,0,0
540.07,0,0
539.49,0,0
539.35,0,0
539.64,0,0
539.92,0,0
540.21,0,0
540.38,0,0
540.38,0,0
540.38,0,0
540.38,0,0
538.28,0,0
533.85,0,0
529.37,0,0
524.97,0,0
526.04,0,0
532.43,0,0
530.64,0,0
520.61,0,0
514.66,0,0
512.92,0,0
503.38,0,0
487.2,0,0
466.83,1,1
441.91,1,1
442.88,1,1
469.44,1,1
489.01,0,0
501.74,0,0
511.53,0,0
518.87,0,0
531.7,0,0
507.23,0,0
507.62,0,0
508.0,0,0
497.99,0,0
477.85,1,1
466.48,1,1
464.0,1,1
454.78,1,1
438.66,1,1
439.07,1,1
455.63,1,1
468.41,1,1
477.06,1,1
485.41,0,0
493.61,0,0
503.71,0,0
515.66,0,0
522.12,0,0
523.32,0,0
526.01,0,0
530.07,0,0
532.22,0,0
532.52,0,0
533.11,0,0
534.02,0,0
535.0,0,0
534.45,0,0
528.44,0,0
515.21,0,0
497.94,0,0
474.63,1,1
464.64,1,1
468.68,1,1
472.77,1,1
476.91,1,1
484.57,0,0
495.8,0,0
504.03,0,0
512.47,0,0
508.5,0,0
491.06,0,0
468.42,1,1
435.31,1,1
424.21,1,1
442.87,1,1
459.95,1,1
470.53,1,1
483.03,0,0
496.39,0,0
507.47,0,0
518.83,0,0
523.25,0,0
524.49,0,0
525.67,0,0
526.92,0,0
522.73,0,0
510.63,0,0
495.3,0,0
477.24,0,0
463.25,0,0
457.01,0,0
451.02,1,1
444.6,1,1
438.05,1,1
432.43,1,1
427.21,1,1
421.52,1,1
409.76,1,1
391.48,1,1
372.52,1,1
350.81,1,1
365.28,1,1
405.44,1,1
443.99,1,1
465.86,0,0
485.75,0,0
498.65,0,0
510.88,0,0
517.89,0,0
512.08,0,0
490.94,0,0
467.96,0,0
440.66,1,1
411.49,1,1
382.19,1,1
350.83,1,1
312.48,1,1
326.29,1,1
382.57,1,1
430.49,1,1
463.65,0,0
482.51,0,0
490.52,0,0
485.07,0,0
466.98,0,0
452.83,1,1
442.68,1,1
442.99,1,1
453.16,0,0
464.54,0,0
477.03,0,0
486.54,0,0
494.7,0,0
499.17,0,0
501.2,0,0
501.47,0,0
499.68,0,0
497.34,0,0
494.21,0,0
496.85,0,0
505.84,0,0
514.74,0,0
523.47,0,0
526.41,0,0
523.64,0,0
521.31,0,0
519.32,0,0
521.54,0,0
527.77,0,0
535.49,0,0
539.91,0,0
539.91,0,0
540.38,0,0
540.38,0,0
540.38,0,0
540.09,0,0
539.09,0,0
538.58,0,0
538.57,0,0
538.56,0,0
538.55,0,0
538.77,0,0
539.22,0,0
539.67,0,0
540.13,0,0
540.13,0,0
539.67,0,0
539.2,0,0
538.73,0,0
537.95,0,0
536.87,0,0
531.86,0,0
526.67,0,0
523.02,0,0
520.89,0,0
518.74,0,0
515.43,0,0
517.0,0,0
521.67,0,0
525.97,0,0
530.3,0,0
533.41,0,0
535.26,0,0
536.52,0,0
536.9,0,0
536.38,0,0
530.12,0,0
523.39,0,0
516.56,0,0
513.96,0,0
517.96,0,0
521.27,0,0
524.61,0,0
528.03,0,0
531.44,0,0
534.86,0,0
536.56,0,0
536.57,0,0
534.95,0,0
531.68,0,0
528.49,0,0
526.33,0,0
524.79,0,0
523.15,0,0
521.46,0,0
523.96,0,0
532.21,0,0
526.9,0,0
507.75,0,0
492.33,0,0
481.08,0,0
469.88,0,0
458.73,0,0
441.13,0,0
416.15,0,0
409.05,1,0
420.36,0,0
425.52,0,0
423.74,0,0
429.2,0,0
442.0,0,0
455.11,0,0
467.45,0,0
470.44,0,0
465.78,0,0
459.15,0,0
451.29,0,0
456.55,0,0
475.23,0,0
491.95,0,0
507.24,0,0
512.22,0,0
506.68,0,0
503.26,0,0
497.49,0,0
488.34,0,0
472.85,0,0
463.93,0,0
461.18,0,0
467.74,0,0
483.34,0,0
493.67,0,0
498.83,0,0
499.49,0,0
496.06,0,0
491.35,0,0
482.05,0,0
471.75,0,0
457.68,0,0
413.82,0,0
324.6,1,1
212.88,1,1
106.4,1,1
49.0,1,1
34.0,1,1
33.36,1,1
34.42,1,1
36.76,1,1
40.19,1,1
42.76,1,1
44.47,1,1
44.73,1,1
44.87,1,1
45.02,1,1
45.17,1,1
45.32,1,1
45.36,1,1
45.07,1,1
44.59,1,1
45.2,1,1
46.78,1,1
48.22,1,1
49.55,1,1
49.96,1,1
48.36,1,1
45.62,1,1
42.02,1,1
39.34,1,1
38.0,1,1
36.61,1,1
35.31,1,1
34.65,1,1
34.92,1,1
35.2,1,1
35.33,1,1
33.75,1,1
69.18,1,1
127.13,1,1
188.18,1,1
255.75,1,1
316.41,1,1
374.08,0,0
417.67,0,0
447.38,0,0
461.23,0,0
474.76,0,0
487.61,0,0
492.59,0,0
492.66,0,0
492.83,0,0
492.77,0,0
489.75,0,0
481.08,0,0
465.74,0,0
436.05,0,0
410.29,0,0
404.08,0,0
400.7,0,0
400.0,0,0
391.69,0,0
375.86,0,0
363.84,0,0
355.49,0,0
344.41,1,1
331.35,1,1
330.96,1,1
342.83,1,1
346.26,1,1
342.66,1,1
374.37,0,0
439.17,0,0
477.07,0,0
491.25,0,0
504.32,0,0
514.68,0,0
504.48,0,0
470.52,0,0
435.31,0,0
399.31,0,0
396.77,0,0
428.34,0,0
446.54,0,0
451.44,0,0
463.38,0,0
478.75,0,0
487.75,0,0
488.41,0,0
487.34,0,0
480.93,0,0
477.17,0,0
473.55,0,0
476.01,0,0
485.06,0,0
496.88,0,0
507.87,0,0
511.28,0,0
508.72,0,0
506.12,0,0
503.49,0,0
502.04,0,0
501.78,0,0
501.39,0,0
501.0,0,0
505.01,0,0
513.21,0,0
521.36,0,0
526.65,0,0
530.37,0,0
532.5,0,0
534.64,0,0
536.8,0,0
537.31,0,0
537.64,0,0
537.97,0,0
538.3,0,0
538.57,0,0
538.78,0,0
539.0,0,0
539.23,0,0
539.4,0,0
539.53,0,0
539.65,0,0
539.78,0,0
539.19,0,0
537.87,0,0
536.5,0,0
530.38,0,0
527.01,0,0
526.9,0,0
526.78,0,0
526.67,0,0
524.26,0,0
519.56,0,0
514.13,0,0
506.65,0,0
501.53,0,0
498.36,0,0
495.18,0,0
492.0,0,0
493.2,0,0
498.73,0,0
504.17,0,0
509.55,0,0
505.78,0,0
491.59,0,0
475.28,0,0
456.04,0,0
437.56,0,0
415.98,0,0
401.56,0,0
402.65,0,0
403.48,0,0
404.72,0,0
392.08,0,0
361.38,0,0
333.49,0,0
308.46,1,1
300.27,1,1
311.11,1,1
317.02,0,0
319.06,0,0
315.21,0,0
304.0,1,1
283.19,1,1
248.11,1,1
209.36,1,1
160.79,1,1
140.02,1,1
157.83,1,1
188.86,1,1
227.54,1,1
255.97,1,1
277.3,1,1
289.15,1,1
293.63,1,1
292.24,1,1
286.35,1,1
290.36,1,1
304.16,1,1
315.8,0,0
323.66,0,0
328.02,0,0
327.41,0,0
316.61,0,0
295.42,1,1
270.06,1,1
242.54,1,1
264.44,1,1
333.72,0,0
389.29,0,0
431.21,0,0
446.13,0,0
439.92,0,0
433.34,0,0
426.67,0,0
436.94,0,0
464.15,0,0
479.36,0,0
494.78,0,0
500.89,0,0
500.87,0,0
500.73,0,0
500.72,0,0
504.76,0,0
513.02,0,0
521.11,0,0
526.48,0,0
530.25,0,0
532.37,0,0
534.55,0,0
536.74,0,0
537.42,0,0
538.09,0,0
538.78,0,0
539.49,0,0
540.23,0,0
540.38,0,0
540.38,0,0
540.38,0,0
540.38,0,0
540.38,0,0
540.38,0,0
540.38,0,0
540.38,0,0
540.38,0,0
540.38,0,0
540.38,0,0
540.38,0,0
540.38,0,0
540.38,0,0
540.38,0,0
540.38,0,0
540.38,0,0
540.38,0,0
540.38,0,0
540.38,0,0
540.38,0,0
540.38,0,0
540.38,0,0
540.38,0,0
539.89,0,0
539.54,0,0
539.19,0,0
539.72,0,0
496.9,0,0
496.74,0,0
496.52,0,0
480.13,0,0
446.68,0,0
427.49,0,0
424.44,0,0
419.07,0,0
412.91,1,1
400.47,1,1
379.21,1,1
354.02,1,1
325.97,1,1
301.02,1,1
283.13,1,1
258.99,1,1
230.6,1,1
253.48,1,1
328.05,1,1
403.85,1,1
452.26,0,0
459.65,0,0
450.66,0,0
439.78,0,0
427.04,0,0
432.84,0,0
457.75,0,0
484.29,0,0
490.54,0,0
474.09,0,0
454.83,0,0
437.46,0,0
419.29,0,0
412.48,1,1
406.07,1,1
361.82,1,1
263.28,1,1
162.63,1,1
79.73,1,1
68.44,1,1
123.63,1,1
190.93,1,1
264.03,1,1
338.99,1,1
409.16,1,1
459.59,0,0
490.62,0,0
504.84,0,0
508.58,0,0
512.37,0,0
516.2,0,0
521.74,0,0
526.3,0,0
530.95,0,0
535.61,0,0
537.42,0,0
537.73,0,0
538.04,0,0
538.36,0,0
538.64,0,0
538.86,0,0
539.08,0,0
539.31,0,0
539.53,0,0
539.76,0,0
539.99,0,0
540.23,0,0
539.91,0,0
539.01,0,0
538.1,0,0
537.17,0,0
533.12,0,0
524.13,0,0
513.69,0,0
498.98,0,0
483.43,0,0
462.98,0,0
442.17,0,0
404.49,0,0
389.24,0,0
397.03,0,0
404.28,0,0
412.13,0,0
431.1,0,0
451.59,0,0
468.13,0,0
484.45,0,0
495.12,0,0
503.95,0,0
512.63,0,0
519.67,0,0
516.89,0,0
504.1,0,0
487.9,0,0
467.06,0,0
438.06,0,0
393.9,0,0
357.31,0,0
341.08,0,0
318.44,0,0
287.28,0,0
259.51,0,0
239.05,1,1
223.29,1,1
212.97,1,1
201.22,1,1
189.45,1,1
170.23,1,1
145.04,1,1
127.64,1,1
117.65,1,1
116.7,1,1
122.27,1,1
136.55,1,1
154.34,1,1
164.31,1,1
166.52,1,1
169.15,1,1
171.71,1,1
174.62,1,1
178.71,1,1
185.89,1,1
194.05,1,1
207.31,1,1
222.94,1,1
241.97,1,1
262.09,0,0
274.07,0,0
279.82,0,0
299.88,0,0
328.27,0,0
344.71,0,0
352.08,0,0
386.65,0,0
435.52,0,0
459.5,0,0
472.58,0,0
485.54,0,0
497.79,0,0
508.64,0,0
519.57,0,0
527.5,0,0
534.55,0,0
537.65,0,0
538.16,0,0
538.69,0,0
539.22,0,0
539.6,0,0
539.82,0,0
540.03,0,0
540.25,0,0
540.03,0,0
539.35,0,0
538.66,0,0
537.94,0,0
537.57,0,0
537.55,0,0
537.54,0,0
537.53,0,0
537.97,0,0
538.89,0,0
539.86,0,0
540.38,0,0
540.38,0,0
538.85,0,0
537.13,0,0
531.47,0,0
527.25,0,0
527.14,0,0
526.98,0,0
526.81,0,0
527.36,0,0
528.54,0,0
529.8,0,0
531.08,0,0
530.35,0,0
527.53,0,0
524.75,0,0
521.9,0,0
515.96,0,0
502.25,0,0
488.09,0,0
470.72,0,0
454.99,0,0
442.42,0,0
421.67,0,0
399.0,0,0
383.67,0,0
372.92,0,0
358.18,0,0
337.38,0,0
317.84,0,0
303.06,0,0
284.15,0,0
263.91,0,0
242.19,0,0
219.67,0,0
198.35,0,0
176.39,0,0
129.58,0,0
58.83,1,1
46.05,1,1
51.06,1,1
53.3,1,1
52.46,1,1
50.74,1,1
47.79,1,1
46.92,1,1
47.8,1,1
48.25,1,1
48.4,1,1
48.55,1,1
48.93,1,1
49.54,1,1
50.36,1,1
50.66,1,1
50.27,1,1
48.34,1,1
45.0,1,1
43.65,1,1
44.01,1,1
44.52,1,1
44.83,1,1
42.11,1,1
63.33,0,0
131.91,0,0
196.14,0,0
221.06,0,0
216.35,0,0
228.87,0,0
247.18,0,0
265.86,0,0
279.16,0,0
285.06,0,0
290.8,0,0
330.64,0,0
393.25,0,0
442.08,0,0
477.25,0,0
485.2,0,0
475.82,0,0
466.08,0,0
452.13,0,0
435.88,0,0
421.22,0,0
406.12,0,0
388.71,0,0
360.26,0,0
323.51,0,0
282.86,0,0
237.68,0,0
249.21,0,0
314.19,0,0
370.37,0,0
417.14,0,0
438.77,0,0
441.14,0,0
443.62,0,0
445.86,0,0
455.86,0,0
471.85,0,0
487.66,0,0
499.59,0,0
509.76,0,0
517.98,0,0
523.53,0,0
529.26,0,0
529.79,0,0
525.05,0,0
520.23,0,0
514.99,0,0
511.18,0,0
511.05,0,0
511.04,0,0
510.91,0,0
506.63,0,0
498.07,0,0
489.71,0,0
480.19,0,0
474.61,0,0
475.1,0,0
475.34,0,0
475.57,0,0
470.42,0,0
454.93,0,0
428.78,0,0
390.98,0,0
371.05,0,0
389.29,0,0
389.95,0,0
358.21,0,0
322.27,0,0
286.81,1,1
264.59,1,1
262.87,1,1
257.24,1,1
247.23,1,1
240.65,1,1
234.9,1,1
228.54,1,1
221.18,1,1
217.47,1,1
216.67,1,1
218.95,1,1
225.05,1,1
233.32,1,1
243.44,1,1
249.94,1,1
254.24,1,1
263.11,1,1
277.9,1,1
291.8,1,1
305.35,1,1
310.36,0,1
308.79,1,1
309.63,0,0
314.06,0,0
319.56,0,0
326.45,0,0
339.28,0,0
355.1,0,0
369.98,0,0
385.24,0,0
399.65,0,0
415.39,0,0
441.76,0,0
471.07,0,0
490.32,0,0
503.47,0,0
520.83,0,0
534.71,0,0
538.29,0,0
537.53,0,0
535.2,0,0
531.57,0,0
526.31,0,0
518.26,0,0
507.41,0,0
496.4,0,0
493.23,0,0
500.51,0,0
507.07,0,0
513.69,0,0
511.04,0,0
498.99,0,0
483.68,0,0
466.95,0,0
457.78,0,0
457.43,0,0
457.08,0,0
457.0,0,0
426.62,0,0
354.07,0,0
259.55,1,1
148.59,1,1
104.55,0,0
123.8,0,0
143.35,0,0
163.67,0,0
144.62,0,0
86.57,0,0
32.71,1,1
36.35,1,1
39.22,1,1
41.4,1,1
43.58,1,1
45.79,1,1
43.94,1,1
37.97,1,1
47.73,0,0
157.85,0,0
166.38,0,0
71.72,0,0
35.69,1,1
41.06,1,1
44.61,1,1
46.14,0,0
47.65,0,0
48.96,0,0
47.37,0,0
42.55,1,1
38.54,1,1
35.39,1,1
65.87,0,0
57.41,0,0
38.69,1,1
40.7,1,1
40.9,1,1
77.95,0,0
113.82,0,0
141.42,0,0
125.64,0,0
77.71,0,0
45.73,1,0
46.87,0,0
46.51,0,0
63.1,0,0
92.07,0,0
121.27,0,0
128.29,0,0
112.34,0,0
105.5,0,0
105.66,0,0
82.64,0,0
43.45,1,0
47.06,0,0
51.31,0,0
52.05,0,0
49.11,0,0
44.83,1,0
82.47,0,0
118.61,0,0
125.7,0,0
142.36,0,0
165.13,0,0
190.76,0,0
217.85,0,0
247.11,0,0
278.35,0,0
305.14,0,0
326.68,0,0
337.61,0,0
342.16,0,0
342.31,0,0
339.12,0,0
342.4,0,0
343.81,0,0
322.64,0,0
273.91,0,0
225.39,0,0
177.45,0,0
120.75,0,0
58.03,0,0
34.73,1,1
38.65,1,1
38.37,1,1
33.68,1,1
88.31,0,0
173.61,0,0
224.66,0,0
238.88,0,0
252.17,0,0
266.47,0,0
265.4,0,0
248.77,0,0
232.93,0,0
215.87,0,0
227.28,0,0
266.32,0,0
303.6,0,0
337.86,0,0
335.52,1,1
294.47,1,1
249.37,1,1
199.35,1,1
189.77,1,1
219.93,1,1
249.47,1,1
278.42,1,1
304.32,1,1
330.66,1,1
356.72,1,1
378.64,0,0
377.28,0,0
353.56,1,1
323.49,1,1
293.16,1,1
271.04,1,1
257.39,1,1
240.5,1,1
223.97,1,1
261.16,1,1
338.98,1,1
401.65,0,0
450.2,0,0
469.18,0,0
473.84,0,0
473.43,0,0
470.76,0,0
462.73,0,0
455.88,0,0
448.09,0,0
438.2,0,0
423.95,0,0
406.47,0,0
395.7,0,0
395.18,0,0
405.13,0,0
422.45,0,0
424.77,0,0
407.28,0,0
374.42,0,0
329.95,1,1
311.64,1,1
317.68,1,1
337.57,1,1
369.71,0,0
395.47,0,0
416.88,0,0
433.48,0,0
448.99,0,0
456.83,0,0
455.6,0,0
452.84,0,0
444.2,0,0
437.07,0,0
428.53,0,0
428.74,0,0
437.87,0,0
451.15,0,0
465.93,0,0
476.35,0,0
482.38,0,0
490.93,0,0
502.05,0,0
517.59,0,0
516.46,0,0
513.94,0,0
510.88,0,0
504.37,0,0
496.74,0,0
505.79,0,0
525.4,0,0
532.75,0,0
530.59,0,0
528.44,0,0
526.27,0,0
521.63,0,0
510.93,0,0
499.75,0,0
485.92,0,0
478.15,0,0
477.93,0,0
477.71,0,0
477.48,0,0
477.26,0,0
477.03,0,0
476.81,0,0
476.58,0,0
482.35,0,0
494.03,0,0
502.7,0,0
511.44,0,0
511.94,0,0
504.1,0,0
495.83,0,0
486.51,0,0
473.15,0,0
458.29,0,0
438.88,0,0
411.88,0,0
397.49,0,0
395.84,0,0
394.15,0,0
392.42,0,0
386.16,0,0
374.68,0,0
362.97,0,0
347.05,0,0
306.24,0,0
236.59,1,1
153.94,1,1
74.12,1,1
35.88,1,1
35.84,1,1
37.83,1,1
37.79,1,1
71.12,1,1
135.13,1,1
198.94,1,1
262.72,1,1
311.25,0,0
355.35,0,0
389.35,0,0
420.33,0,0
436.45,0,0
437.03,0,0
436.97,0,0
435.93,0,0
430.21,0,0
419.75,0,0
401.15,0,0
375.63,0,0
353.67,0,0
334.08,0,0
342.24,0,0
374.75,0,0
407.45,0,0
433.8,0,0
437.48,0,0
405.54,0,0
357.04,0,0
307.09,0,0
296.19,0,0
325.61,0,0
361.88,0,0
390.8,0,0
399.08,0,0
382.42,0,0
342.79,0,0
305.42,0,0
311.99,0,0
360.45,0,0
408.28,0,0
434.47,0,0
438.19,0,0
439.09,0,0
436.62,0,0
425.63,0,0
403.23,0,0
355.69,0,0
315.81,0,0
295.32,0,0
282.11,0,0
271.08,0,0
269.39,0,0
266.92,1,1
252.12,1,1
237.64,1,1
258.15,1,1
312.5,0,0
358.16,0,0
402.61,0,0
423.89,0,0
433.18,0,0
442.99,0,0
452.93,0,0
443.74,0,0
415.44,0,0
384.16,0,0
344.26,0,0
303.33,0,0
251.16,1,1
199.63,1,1
150.31,1,1
134.81,1,1
152.97,1,1
171.4,1,1
190.51,1,1
220.97,1,1
262.7,1,1
302.16,0,0
338.13,0,0
367.46,0,0
385.99,0,0
401.73,0,0
417.72,0,0
435.22,0,0
450.14,0,0
460.21,0,0
470.54,0,0
483.27,0,0
494.81,0,0
506.14,0,0
516.78,0,0
521.27,0,0
522.72,0,0
524.15,0,0
525.58,0,0
527.0,0,0
528.41,0,0
529.81,0,0
531.2,0,0
529.58,0,0
525.17,0,0
520.85,0,0
516.32,0,0
502.21,0,0
479.4,0,0
454.72,0,0
425.17,0,0
409.83,0,0
407.38,0,0
399.19,0,0
383.81,0,0
353.51,0,0
312.2,0,0
280.61,1,1
261.56,1,1
235.22,1,1
201.94,1,1
182.57,1,1
181.67,1,1
186.63,1,1
192.84,1,1
197.66,1,1
194.74,1,1
190.65,1,1
183.72,1,1
183.06,1,1
187.51,1,1
190.44,1,1
192.99,1,1
196.6,1,1
201.31,1,1
199.85,1,1
188.54,1,1
192.84,1,1
212.72,1,1
237.84,1,1
270.04,1,1
289.35,0,0
300.65,0,0
312.9,0,0
326.35,0,0
332.44,0,0
335.78,0,0
349.47,0,0
374.15,0,0
410.8,0,0
448.96,0,0
471.37,0,0
483.76,0,0
498.62,0,0
509.5,0,0
510.58,0,0
508.03,0,0
505.47,0,0
502.88,0,0
502.6,0,0
504.91,0,0
507.13,0,0
509.49,0,0
512.61,0,0
516.7,0,0
520.74,0,0
523.39,0,0
525.19,0,0
526.18,0,0
527.19,0,0
528.17,0,0
526.7,0,0
522.63,0,0
517.85,0,0
511.43,0,0
507.9,0,0
507.41,0,0
506.9,0,0
506.25,0,0
509.71,0,0
517.19,0,0
522.22,0,0
527.14,0,0
529.62,0,0
529.49,0,0
529.39,0,0
529.25,0,0
524.74,0,0
515.6,0,0
501.2,0,0
486.59,0,0
484.11,0,0
494.16,0,0
503.99,0,0
513.96,0,0
520.36,0,0
526.07,0,0
531.66,0,0
536.31,0,0
536.64,0,0
535.95,0,0
533.36,0,0
530.8,0,0
524.46,0,0
512.01,0,0
496.06,0,0
476.24,0,0
447.71,0,0
400.57,0,0
361.99,0,0
346.32,0,0
329.91,0,0
308.81,0,0
285.81,0,0
263.3,0,0
241.05,0,0
218.04,1,1
198.47,1,1
184.54,1,1
169.71,1,1
152.42,1,1
139.5,1,1
135.87,1,1
128.8,1,1
118.34,1,1
108.33,1,1
102.64,1,1
89.25,1,1
64.5,1,1
49.17,1,1
52.15,1,1
53.54,1,1
53.44,1,1
52.82,1,1
51.71,1,1
49.58,1,1
46.42,1,1
78.83,1,1
125.27,1,1
175.88,1,1
227.17,0,0
268.37,0,0
309.75,0,0
338.43,0,0
357.98,0,0
384.62,0,0
413.4,0,0
429.19,0,0
435.93,0,0
446.63,0,0
454.91,0,0
462.56,0,0
471.78,0,0
480.69,0,0
489.45,0,0
501.54,0,0
515.39,0,0
526.4,0,0
535.48,0,0
537.07,0,0
531.88,0,0
526.37,0,0
520.75,0,0
517.33,0,0
518.91,0,0
520.26,0,0
521.25,0,0
521.11,0,0
519.81,0,0
518.04,0,0
516.13,0,0
512.64,0,0
507.43,0,0
502.04,0,0
496.59,0,0
496.09,0,0
500.7,0,0
505.51,0,0
510.35,0,0
510.12,0,0
504.68,0,0
499.12,0,0
493.42,0,0
484.95,0,0
470.44,0,0
455.27,0,0
440.27,0,0
434.98,0,0
445.33,0,0
453.83,0,0
462.4,0,0
469.84,0,0
476.05,0,0
481.98,0,0
486.74,0,0
485.33,0,0
476.07,0,0
465.79,0,0
455.86,0,0
430.44,0,0
372.7,0,0
302.38,0,0
224.95,1,1
164.77,1,1
134.83,1,1
105.04,1,1
75.86,1,1
73.45,1,1
98.49,1,1
103.97,1,1
90.36,1,1
36.0,1,1
43.74,1,1
47.28,1,1
46.65,1,1
41.7,1,1
62.73,1,1
162.46,1,1
226.53,1,1
255.22,1,1
258.04,1,1
280.09,0,0
312.19,0,0
327.27,0,0
326.09,0,0
307.42,0,0
271.65,1,1
238.05,1,1
209.42,1,1
216.3,1,1
257.95,1,1
285.03,0,0
296.85,0,0
306.05,0,0
310.68,0,0
319.9,0,0
333.18,0,0
363.51,0,0
408.4,0,0
447.23,0,0
480.37,0,0
497.33,0,0
500.37,0,0
492.37,0,0
470.1,0,0
442.7,0,0
400.55,0,0
370.64,0,0
370.02,0,0
369.4,0,0
369.33,0,0
381.2,0,0
404.08,0,0
421.71,0,0
440.03,0,0
435.03,0,0
407.1,0,0
372.44,0,0
332.57,0,0
312.09,0,0
310.44,0,0
308.77,0,0
307.87,0,0
322.45,0,0
353.32,0,0
384.23,0,0
407.42,0,0
427.78,0,0
446.32,0,0
459.42,0,0
469.72,0,0
470.89,1,1
462.3,1,1
453.91,1,1
443.31,1,1
447.03,1,1
460.02,1,1
473.23,1,1
486.48,0,1
484.09,1,1
464.79,1,1
445.38,1,1
413.23,1,1
424.57,1,1
463.48,1,1
492.41,0,0
515.73,0,0
524.79,0,0
527.54,0,0
530.34,0,0
533.09,0,0
533.12,0,0
530.44,0,0
527.81,0,0
525.21,0,0
518.32,0,0
506.81,0,0
493.14,0,0
479.19,1,1
477.6,1,1
487.9,0,0
495.86,0,0
505.02,0,0
507.95,0,0
504.44,0,0
501.66,0,0
499.19,0,0
502.45,0,0
510.93,0,0
515.89,0,0
517.7,0,0
518.8,0,0
519.38,0,0
514.08,0,0
502.81,0,0
494.51,0,0
489.16,0,0
485.02,1,1
480.24,1,1
472.17,1,1
460.91,1,1
460.47,1,1
470.72,1,1
476.73,1,1
478.57,1,1
484.42,1,1
494.63,0,0
505.73,0,0
517.86,0,0
521.12,0,0
515.53,0,0
510.91,0,0
507.34,0,0
508.8,0,0
515.05,0,0
520.56,0,0
525.34,0,0
529.18,0,0
532.01,0,0
536.69,0,0
539.85,0,0
539.85,0,0
540.36,0,0
540.38,0,0
540.38,0,0
540.38,0,0
540.38,0,0
540.38,0,0
540.38,0,0
540.38,0,0
540.38,0,0
540.38,0,0
540.38,0,0
540.38,0,0
540.38,0,0
540.38,0,0
540.38,0,0
540.38,0,0
540.38,0,0
540.38,0,0
540.38,0,0
540.38,0,0
540.38,0,0
540.38,0,0
540.38,0,0
540.38,0,0
540.38,0,0
540.38,0,0
540.38,0,0
540.38,0,0
540.38,0,0
540.38,0,0
540.38,0,0
540.38,0,0
540.38,0,0
540.38,0,0
540.38,0,0
540.38,0,0
540.38,0,0
540.38,0,0
540.38,0,0
540.38,0,0
540.38,0,0
540.38,0,0
540.38,0,0
540.38,0,0
540.38,0,0
540.38,0,0
540.38,0,0
540.38,0,0
540.38,0,0
537.93,0,0
532.67,0,0
527.29,0,0
521.91,0,0
514.72,0,0
505.6,1,1
504.96,1,1
512.93,1,1
520.16,0,0
526.44,0,0
527.79,0,0
524.4,0,0
524.09,0,0
526.83,0,0
522.32,0,0
510.72,1,1
499.92,1,1
489.97,1,1
484.95,1,1
484.67,1,1
482.53,1,1
478.19,1,1
476.41,1,1
477.13,1,1
476.09,1,1
473.12,1,1
474.7,1,1
480.38,1,1
483.06,1,1
482.58,1,1
488.31,1,1
500.42,1,1
514.37,1,1
530.14,0,0
533.14,0,0
523.22,0,0
514.87,0,0
508.54,1,1
508.09,1,1
513.61,1,1
517.83,0,0
520.64,0,0
523.13,0,0
525.31,0,0
526.81,0,0
527.61,0,0
531.25,0,0
537.51,0,0
540.38,0,0
540.38,0,0
540.38,0,0
540.38,0,0
540.38,0,0
540.38,0,0
540.38,0,0
540.38,0,0
540.38,0,0
540.38,0,0
540.38,0,0
540.38,0,0
540.38,0,0
539.8,0,0
538.22,0,0
535.2,0,0
532.44,0,0
534.58,0,0
536.75,0,0
537.33,0,0
537.28,0,0
536.57,0,0
534.05,0,0
531.39,0,0
527.13,0,0
521.48,0,0
514.7,0,0
505.84,0,0
504.59,0,0
511.3,0,0
517.64,0,0
522.04,0,0
521.16,0,0
514.29,0,0
504.65,0,0
494.86,0,0
489.9,0,0
489.9,0,0
489.9,0,0
489.9,0,0
495.73,0,0
507.26,0,0
517.79,0,0
525.31,0,0
529.11,0,0
529.2,0,0
529.29,0,0
529.38,0,0
523.06,0,0
510.13,0,0
492.47,0,0
474.85,0,0
451.82,1,1
424.73,1,1
415.21,1,1
425.28,1,1
436.21,1,1
448.23,1,1
454.2,0,1
452.66,1,1
450.16,1,1
443.71,1,1
441.21,1,1
445.62,1,1
448.74,1,1
451.46,1,1
447.75,1,1
437.73,1,1
425.55,1,1
411.07,1,1
412.58,1,1
430.74,1,1
447.9,1,1
463.77,0,0
467.11,0,0
457.56,0,0
447.76,1,1
438.42,1,1
438.12,1,1
446.99,1,1
455.06,0,0
461.25,0,0
464.14,0,0
463.22,0,0
463.08,0,0
463.46,0,0
466.62,0,0
468.82,0,0
467.8,0,0
467.0,0,0
473.86,0,0
485.97,0,0
495.09,0,0
506.57,0,0
519.49,0,0
532.35,0,0
538.03,0,0
537.9,0,0
537.77,0,0
537.63,0,0
537.22,0,0
535.04,0,0
531.67,0,0
528.22,0,0
525.91,0,0
524.77,0,0
523.57,0,0
522.37,0,0
520.29,0,0
516.17,0,0
511.59,0,0
507.09,0,0
506.96,0,0
511.25,0,0
515.69,0,0
519.8,0,0
522.18,0,0
524.26,0,0
526.37,0,0
528.59,0,0
529.73,0,0
529.64,0,0
529.59,0,0
529.55,0,0
531.8,0,0
536.26,0,0
537.21,0,0
538.17,0,0
538.65,0,0
538.63,0,0
538.62,0,0
538.61,0,0
538.38,0,0
537.93,0,0
537.48,0,0
537.02,0,0
537.16,0,0
537.9,0,0
538.65,0,0
539.39,0,0
539.47,0,0
538.89,0,0
538.32,0,0
537.76,0,0
536.69,0,0
534.99,0,0
533.23,0,0
531.44,0,0
516.38,0,0
487.47,0,0
470.3,0,0
465.57,0,0
450.83,1,1
426.28,1,1
423.84,1,1
445.03,1,1
463.17,0,0
476.69,0,0
477.96,0,0
467.93,0,0
461.33,0,0
458.24,0,0
453.35,1,1
446.71,1,1
440.66,1,1
435.54,1,1
430.15,1,1
424.9,1,1
418.43,1,1
411.14,1,1
406.33,1,1
403.99,1,1
396.34,1,1
383.85,1,1
386.27,1,1
404.37,1,1
421.2,1,1
436.11,1,1
443.5,1,1
443.79,1,1
446.92,1,1
451.93,1,1
457.58,0,0
459.14,0,0
459.6,0,0
463.87,0,0
470.72,0,0
480.44,0,0
487.92,0,0
495.39,0,0
513.65,0,0
533.06,0,0
540.38,0,0
540.38,0,0
540.38,0,0
540.38,0,0
540.38,0,0
540.38,0,0
540.38,0,0
540.38,0,0
540.38,0,0
540.38,0,0
539.98,0,0
539.22,0,0
538.14,0,0
536.75,0,0
530.64,0,0
523.97,0,0
521.24,0,0
522.38,0,0
523.53,0,0
524.75,0,0
522.48,0,0
515.9,0,0
506.74,0,0
497.19,0,0
493.31,0,0
494.98,0,0
496.67,0,0
498.55,0,0
500.81,0,0
503.48,0,0
506.36,0,0
509.28,0,0
515.8,0,0
522.56,0,0
529.44,0,0
536.04,0,0
536.79,0,0
536.79,0,0
536.8,0,0
536.8,0,0
537.03,0,0
537.47,0,0
537.92,0,0
538.37,0,0
538.46,0,0
538.21,0,0
537.96,0,0
537.74,0,0
534.87,0,0
527.08,0,0
516.58,0,0
505.97,0,0
488.44,0,0
461.3,0,0
442.89,0,0
429.27,0,0
430.38,0,0
446.56,0,0
454.41,0,0
453.01,0,0
444.22,0,0
429.28,0,0
424.19,0,0
430.26,0,0
445.85,0,0
470.63,0,0
469.3,0,0
442.48,0,0
419.21,0,0
399.92,0,0
389.37,0,0
385.77,0,0
368.37,0,0
336.42,1,1
328.04,1,1
343.82,0,0
357.69,0,0
369.34,0,0
374.71,0,0
373.04,0,0
364.57,0,0
345.44,0,0
330.64,1,1
309.08,1,1
299.75,1,1
302.22,1,1
298.59,1,1
291.92,1,1
275.53,1,1
250.81,1,1
220.43,1,1
188.25,1,1
203.99,1,1
266.4,1,1
324.06,1,1
382.96,0,0
406.8,0,0
406.73,0,0
406.2,0,0
405.67,0,0
396.51,0,0
372.84,0,0
347.88,0,0
322.73,1,1
315.75,1,1
326.41,1,1
337.95,0,0
348.9,0,0
347.44,0,0
334.02,1,1
320.48,1,1
306.84,1,1
305.03,1,1
316.95,1,1
328.19,1,1
340.35,0,0
351.9,0,0
362.97,0,0
374.3,0,0
382.14,0,0
385.75,0,0
384.44,0,0
383.1,0,0
382.38,0,0
394.42,0,0
420.51,0,0
444.5,0,0
459.11,0,0
473.32,0,0
485.07,0,0
494.58,0,0
504.27,0,0
507.48,0,0
504.06,0,0
500.64,0,0
497.21,0,0
494.55,0,0
492.88,0,0
491.04,0,0
489.45,0,0
480.07,0,0
458.89,0,0
436.14,0,0
398.8,0,0
368.73,0,0
341.66,0,0
304.81,0,0
261.41,0,0
237.61,0,0
237.04,0,0
231.99,0,0
225.1,0,0
227.69,0,0
240.88,0,0
240.29,0,0
218.5,1,1
190.94,1,1
158.67,1,1
149.81,1,1
171.69,1,1
193.28,1,1
215.19,1,1
224.77,0,1
219.78,1,1
202.48,1,1
171.68,1,1
162.06,1,1
164.3,1,1
178.45,1,1
208.84,1,1
220.28,0,1
213.72,1,1
199.31,1,1
174.22,1,1
163.29,1,1
164.82,1,1
156.98,1,1
134.58,1,1
126.58,1,1
133.61,1,1
179.07,1,1
260.45,0,0
311.58,0,0
347.59,0,0
359.07,0,0
363.62,0,0
386.72,0,0
417.86,0,0
440.36,0,0
459.7,0,0
478.04,0,0
494.27,0,0
502.11,0,0
503.61,0,0
505.24,0,0
506.87,0,0
514.2,0,0
525.04,0,0
533.56,0,0
538.07,0,0
539.09,0,0
539.32,0,0
539.55,0,0
539.78,0,0
539.66,0,0
539.18,0,0
538.69,0,0
538.19,0,0
537.75,0,0
537.36,0,0
536.96,0,0
536.19,0,0
531.94,0,0
525.11,0,0
517.98,0,0
506.84,0,0
503.59,0,0
508.41,0,0
513.38,0,0
517.88,0,0
523.52,0,0
531.82,0,0
537.09,0,0
538.88,0,0
540.14,0,0
540.38,0,0
540.38,0,0
540.38,0,0
540.38,0,0
539.18,0,0
536.83,0,0
528.76,0,0
523.77,0,0
525.24,0,0
526.64,0,0
528.04,0,0
528.09,0,0
526.8,0,0
525.53,0,0
524.28,0,0
515.25,0,0
495.3,0,0
474.36,0,0
457.98,0,0
442.93,0,0
425.31,0,0
406.84,0,0
384.35,0,0
381.16,0,0
377.16,0,0
375.58,0,0
362.08,0,0
330.28,0,0
279.41,1,1
244.8,1,1
223.96,1,1
211.05,1,1
205.4,1,1
210.69,1,1
229.0,1,1
241.19,1,1
246.77,1,1
246.04,1,1
241.69,1,1
248.08,1,1
263.99,1,1
282.03,1,1
297.98,0,0
293.11,0,0
258.65,1,1
233.71,1,1
213.61,1,1
208.74,1,1
224.8,1,1
233.21,1,1
234.01,1,1
251.77,1,1
287.45,1,1
314.08,0,0
334.83,0,0
346.21,0,0
346.2,0,0
347.94,0,0
352.05,0,0
342.81,0,0
320.13,0,0
300.77,0,0
279.25,1,0
292.28,0,0
335.73,0,0
375.38,0,0
410.3,0,0
443.75,0,0
471.58,0,0
492.64,0,0
508.49,0,0
511.0,0,0
500.52,0,0
488.4,0,0
473.8,0,0
470.55,0,0
478.79,0,0
486.9,0,0
494.62,0,0
501.65,0,0
509.63,0,0
517.67,0,0
523.45,0,0
523.92,0,0
519.44,0,0
512.89,0,0
505.64,0,0
504.27,0,0
509.14,0,0
513.9,0,0
518.32,0,0
518.24,0,0
513.4,0,0
508.05,0,0
502.57,0,0
501.25,0,0
504.04,0,0
506.88,0,0
509.76,0,0
512.28,0,0
514.39,0,0
516.18,0,0
517.55,0,0
517.55,0,0
516.19,0,0
514.3,0,0
512.29,0,0
511.36,0,0
511.48,0,0
511.72,0,0
511.84,0,0
504.98,0,0
490.44,0,0
475.85,0,0
461.36,0,0
465.96,0,0
488.94,0,0
503.08,0,0
512.19,0,0
524.65,0,0
532.35,0,0
532.5,0,0
513.43,0,0
482.02,0,0
456.97,0,0
450.45,0,0
462.13,0,0
469.4,0,0
466.39,0,0
456.46,0,0
436.07,0,0
426.25,0,0
426.12,0,0
422.19,0,0
410.86,0,0
395.75,0,0
380.42,0,0
358.18,1,1
332.26,1,1
294.16,1,1
230.89,1,1
199.77,1,1
189.91,1,1
217.88,1,1
284.04,1,1
327.57,1,1
359.23,0,0
374.92,0,0
387.38,0,0
398.21,0,0
409.15,0,0
414.56,0,0
414.96,0,0
419.93,0,0
427.48,0,0
433.38,0,0
438.36,0,0
446.56,0,0
453.99,0,0
425.76,0,0
347.37,1,1
247.81,1,1
145.26,1,1
106.97,1,1
128.42,1,1
150.41,1,1
174.07,1,1
219.66,1,1
288.61,1,1
350.69,1,1
405.99,0,0
415.92,0,0
392.58,0,0
361.95,0,0
330.89,1,1
321.11,1,1
332.27,1,1
344.18,1,1
355.48,1,1
365.65,0,0
374.88,0,0
384.46,0,0
391.4,0,0
407.16,0,0
432.35,0,0
454.41,0,0
468.47,0,0
478.03,0,0
482.61,0,0
487.51,0,0
491.22,0,0
501.8,0,0
518.68,0,0
530.23,0,0
537.46,0,0
538.06,0,0
536.79,0,0
532.97,0,0
526.83,0,0
523.78,0,0
523.78,0,0
523.84,0,0
523.89,0,0
523.28,0,0
522.01,0,0
520.83,0,0
519.58,0,0
513.09,0,0
492.21,0,0
465.66,0,0
449.35,0,0
437.75,0,0
426.48,0,0
412.72,0,0
393.9,0,0
374.2,0,0
356.81,0,0
343.93,0,0
335.64,1,1
328.24,1,1
320.23,1,1
312.44,1,1
303.0,1,1
293.86,1,1
283.53,1,1
276.8,1,1
272.41,1,1
266.15,1,1
256.43,1,1
259.2,1,1
276.2,1,1
290.23,1,1
301.39,1,1
309.4,1,1
315.86,1,1
325.11,1,1
337.98,1,1
338.88,0,1
329.08,1,1
321.97,1,1
318.05,1,1
323.68,1,1
337.6,1,1
350.71,0,0
362.88,0,0
381.82,0,0
403.4,0,0
415.25,0,0
420.26,0,0
451.15,0,0
494.22,0,0
513.05,0,0
518.78,0,0
526.46,0,0
535.94,0,0
540.38,0,0
540.38,0,0
540.38,0,0
540.38,0,0
540.38,0,0
540.38,0,0
540.38,0,0
540.38,0,0
540.38,0,0
540.38,0,0
540.38,0,0
540.38,0,0
540.38,0,0
540.38,0,0
540.38,0,0
540.38,0,0
540.38,0,0
540.38,0,0
540.38,0,0
540.38,0,0
540.38,0,0
540.38,0,0
540.38,0,0
540.38,0,0
540.38,0,0
540.38,0,0
540.38,0,0
540.38,0,0
540.38,0,0
540.38,0,0
540.38,0,0
540.38,0,0
540.15,0,0
538.63,0,0
537.08,0,0
532.97,0,0
525.54,0,0
518.03,0,0
507.57,0,0
495.73,0,0
490.9,0,0
493.16,0,0
495.22,0,0
497.29,0,0
498.47,0,0
498.75,0,0
499.04,0,0
499.31,0,0
484.8,0,0
445.9,0,0
394.53,0,0
321.11,0,0
292.25,0,0
315.9,0,0
314.55,0,0
297.86,0,0
268.33,0,0
229.21,0,0
197.31,0,0
173.86,0,0
138.92,0,0
98.37,0,0
52.41,1,1
48.29,1,1
50.2,1,1
50.95,1,1
51.05,1,1
50.83,1,1
50.01,1,1
48.92,1,1
47.68,1,1
46.58,1,1
46.17,1,1
46.7,1,1
46.54,1,1
46.0,1,1
45.32,1,1
44.49,1,1
44.98,1,1
46.42,1,1
51.4,1,1
59.98,1,1
73.08,1,1
89.52,1,1
96.67,1,1
97.22,1,1
110.9,0,0
134.21,0,0
186.87,0,0
259.72,0,0
324.27,0,0
375.75,0,0
407.49,0,0
420.86,0,0
439.02,0,0
452.08,0,0
463.83,0,0
472.66,0,0
481.06,0,0
489.59,0,0
494.86,0,0
496.64,0,0
497.99,0,0
499.49,0,0
500.88,0,0
502.41,0,0
503.96,0,0
505.52,0,0
509.25,0,0
515.18,0,0
520.89,0,0
524.71,0,0
525.49,0,0
523.23,0,0
520.9,0,0
517.79,0,0
517.45,0,0
520.08,0,0
522.03,0,0
524.06,0,0
525.11,0,0
525.1,0,0
525.04,0,0
525.03,0,0
525.53,0,0
526.63,0,0
527.7,0,0
528.86,0,0
531.73,0,0
536.23,0,0
537.19,0,0
538.16,0,0
538.02,0,0
536.74,0,0
532.88,0,0
526.78,0,0
525.07,0,0
527.78,0,0
530.49,0,0
533.2,0,0
534.58,0,0
534.59,0,0
534.64,0,0
534.68,0,0
526.05,0,0
504.53,0,0
476.46,0,0
441.51,0,0
418.12,0,0
409.1,0,0
389.1,0,0
363.25,0,0
340.4,0,0
319.49,0,0
300.64,0,0
281.72,0,0
262.66,0,0
242.5,1,1
229.19,1,1
223.69,1,1
218.0,1,1
213.05,1,1
206.32,1,1
199.34,1,1
191.13,1,1
182.86,1,1
183.99,1,1
192.04,1,1
198.9,1,1
202.51,1,1
209.32,1,1
220.15,1,1
228.43,1,1
235.04,1,1
241.72,1,1
247.12,1,1
252.36,1,1
256.75,1,1
272.22,0,0
295.55,0,0
319.61,0,0
343.49,0,0
363.32,0,0
381.88,0,0
401.16,0,0
420.65,0,0
446.74,0,0
472.94,0,0
490.48,0,0
502.53,0,0
519.43,0,0
534.98,0,0
540.38,0,0
540.38,0,0
540.38,0,0
540.38,0,0
540.38,0,0
540.38,0,0
539.85,0,0
539.27,0,0
538.46,0,0
537.41,0,0
534.24,0,0
529.17,0,0
523.01,0,0
513.24,0,0
501.74,0,0
489.02,0,0
469.55,0,0
437.38,0,0
394.75,0,0
337.03,0,0
262.78,0,0
169.15,1,1
76.33,1,1
35.35,1,1
37.78,1,1
36.69,1,1
35.73,1,1
34.76,1,1
35.39,1,1
37.65,1,1
40.13,1,1
42.44,1,1
44.92,1,1
47.38,0,0
49.62,0,0
51.52,0,0
50.42,0,0
45.47,0,0
39.82,1,1
34.12,1,1
47.38,0,1
36.37,1,1
32.98,1,1
33.81,1,1
35.71,1,1
38.75,1,1
41.65,1,1
44.19,1,1
43.86,1,1
41.33,1,1
40.36,1,1
41.12,1,1
43.72,1,1
46.02,0,0
50.36,0,0
58.92,0,0
64.7,0,0
67.17,0,0
69.24,0,0
70.74,0,0
72.1,0,0
73.09,0,0
73.61,0,0
73.36,0,0
73.21,0,0
72.65,0,0
71.41,0,0
69.96,0,0
67.36,0,0
63.95,0,0
60.18,0,0
56.36,0,0
55.67,0,0
58.23,0,0
60.28,0,0
61.54,0,0
61.49,0,0
59.97,0,0
58.6,0,0
57.08,0,0
55.92,0,0
54.57,0,0
52.03,0,0
48.48,0,0
43.01,1,0
123.74,0,0
204.43,0,0
273.61,0,0
305.89,0,0
314.79,0,0
334.06,0,0
359.9,0,0
373.16,0,0
374.57,0,0
374.17,0,0
374.04,0,0
373.3,0,0
372.63,0,0
371.96,0,0
371.29,0,0
350.59,0,0
308.53,0,0
258.82,0,0
208.7,0,0
184.01,0,0
181.38,0,0
179.91,0,0
178.43,0,0
215.78,0,0
296.63,0,0
365.1,0,0
422.03,0,0
446.46,0,0
446.06,0,0
445.66,0,0
444.92,0,0
429.11,0,0
397.52,0,0
357.62,0,0
311.55,0,0
293.69,0,0
306.14,0,0
318.7,0,0
331.36,0,0
322.79,0,0
291.39,0,0
258.35,0,0
220.12,0,0
174.32,0,0
122.35,0,0
71.88,0,0
33.15,1,1
33.72,1,1
45.87,0,0
80.04,0,0
114.5,0,0
44.96,1,1
41.83,1,1
50.58,0,0
55.66,0,0
55.11,0,0
53.1,0,0
49.54,0,0
44.91,1,1
41.12,1,1
38.86,1,1
36.6,1,1
34.33,1,1
36.95,1,1
36.27,1,1
38.47,1,1
41.0,1,1
44.52,1,1
49.34,0,0
52.77,0,0
54.33,0,0
57.57,0,0
62.52,0,0
65.15,0,0
65.05,0,0
66.84,0,0
71.22,0,0
74.13,0,0
75.39,0,0
75.54,0,0
74.89,0,0
72.81,0,0
69.09,0,0
65.0,0,0
60.36,0,0
55.9,0,0
51.93,0,0
47.0,0,0
42.88,1,1
39.96,1,1
41.73,1,1
42.19,1,1
41.11,1,1
41.68,1,1
41.12,1,1
42.69,1,1
46.31,0,0
50.71,0,0
55.36,0,0
57.3,0,0
57.07,0,0
55.48,0,0
53.46,0,0
50.89,0,0
47.2,0,0
41.18,1,1
34.16,1,1
78.08,0,0
117.7,0,0
161.82,0,0
207.36,0,0
229.95,0,0
227.75,0,0
226.55,0,0
224.31,0,0
242.52,0,0
278.68,0,0
314.68,0,0
346.01,0,0
374.77,0,0
399.0,0,0
417.63,0,0
436.9,0,0
440.55,0,0
429.04,0,0
417.45,0,0
405.29,0,0
407.19,0,0
422.8,0,0
439.5,0,0
452.87,0,0
469.44,0,0
492.17,0,0
510.01,0,0
524.09,0,0
531.35,0,0
534.49,0,0
536.58,0,0
537.23,0,0
537.2,0,0
536.46,0,0
534.21,0,0
530.72,0,0
530.33,0,0
533.06,0,0
535.81,0,0
536.54,0,0
536.52,0,0
535.76,0,0
532.94,0,0
530.17,0,0
528.11,0,0
526.83,0,0
525.56,0,0
524.32,0,0
514.83,0,0
495.72,0,0
476.57,0,0
458.12,0,0
449.06,0,0
445.46,0,0
436.39,0,0
419.62,0,0
417.21,0,0
429.8,0,0
429.77,0,0
415.78,0,0
397.16,0,0
369.82,1,1
343.08,1,1
317.17,1,1
295.04,1,1
278.14,1,1
267.12,1,1
262.98,1,1
257.92,1,1
251.23,1,1
259.79,1,1
278.85,1,1
289.12,1,1
293.71,1,1
296.31,1,1
298.63,1,1
296.99,1,1
292.24,1,1
297.61,1,1
312.67,1,1
327.04,1,1
341.73,1,1
349.64,1,1
353.36,1,1
361.05,1,1
371.37,0,0
386.71,0,0
405.26,0,0
423.07,0,0
440.64,0,0
458.06,0,0
475.12,0,0
488.49,0,0
501.08,0,0
519.46,0,0
534.14,0,0
538.91,0,0
538.68,0,0
538.44,0,0
538.21,0,0
538.31,0,0
538.75,0,0
539.2,0,0
539.66,0,0
539.66,0,0
539.18,0,0
538.71,0,0
538.24,0,0
537.17,0,0
530.41,0,0
522.39,0,0
511.3,0,0
509.84,0,0
519.5,0,0
525.81,0,0
532.17,0,0
535.91,0,0
536.7,0,0
536.89,0,0
537.08,0,0
537.25,0,0
537.37,0,0
537.49,0,0
537.62,0,0
537.94,0,0
538.46,0,0
538.99,0,0
539.53,0,0
539.18,0,0
537.9,0,0
536.59,0,0
532.1,0,0
530.64,0,0
534.13,0,0
536.38,0,0
537.11,0,0
537.47,0,0
537.47,0,0
537.45,0,0
537.45,0,0
537.61,0,0
537.92,0,0
538.22,0,0
538.52,0,0
530.35,0,0
512.64,0,0
494.4,0,0
475.21,0,0
462.48,0,0
454.71,0,0
439.73,0,0
416.55,0,0
389.61,0,0
357.59,1,1
346.7,1,1
360.42,1,1
381.77,1,1
392.28,0,0
386.47,0,0
361.58,1,1
323.65,1,1
293.71,1,1
280.96,1,1
286.63,1,1
291.81,1,1
294.05,1,1
291.77,1,1
283.71,1,1
267.57,1,1
242.69,1,1
255.17,1,1
303.72,1,1
361.24,1,1
392.78,0,0
392.49,0,0
378.85,1,1
355.05,1,1
340.87,1,1
345.98,1,1
367.13,1,1
383.22,1,1
395.15,0,0
410.72,0,0
430.03,0,0
449.07,0,0
467.52,0,0
478.05,0,0
484.69,0,0
492.25,0,0
502.02,0,0
518.99,0,0
534.54,0,0
540.38,0,0
540.38,0,0
540.38,0,0
540.38,0,0
540.38,0,0
540.38,0,0
540.38,0,0
540.38,0,0
540.38,0,0
540.38,0,0
540.38,0,0
540.38,0,0
540.38,0,0
540.38,0,0
539.82,0,0
539.21,0,0
539.57,0,0
540.38,0,0
540.38,0,0
540.38,0,0
540.38,0,0
540.38,0,0
540.38,0,0
540.38,0,0
540.38,0,0
540.38,0,0
540.38,0,0
540.38,0,0
540.38,0,0
540.38,0,0
540.38,0,0
540.38,0,0
540.38,0,0
540.38,0,0
540.38,0,0
540.38,0,0
540.38,0,0
540.38,0,0
540.38,0,0
540.38,0,0
540.38,0,0
540.38,0,0
540.38,0,0
540.38,0,0
540.38,0,0
539.01,0,0
536.1,0,0
533.17,0,0
522.68,0,0
502.84,0,0
483.95,0,0
465.51,0,0
446.36,0,0
430.88,0,0
416.05,0,0
397.11,0,0
376.78,0,0
356.72,0,0
337.91,0,0
319.28,0,0
296.98,1,1
270.46,1,1
251.45,1,1
239.14,1,1
224.01,1,1
205.84,1,1
198.88,1,1
202.74,1,1
204.62,1,1
203.24,1,1
207.93,1,1
218.43,1,1
228.16,1,1
236.08,1,1
241.43,1,1
243.92,1,1
249.6,1,1
258.18,1,1
259.66,1,1
256.22,1,1
256.58,1,1
258.46,1,1
273.27,1,1
298.2,1,1
317.42,0,0
333.13,0,0
358.96,0,0
390.79,0,0
418.73,0,0
440.84,0,0
458.93,0,0
476.91,0,0
491.31,0,0
503.92,0,0
521.03,0,0
535.3,0,0
540.38,0,0
540.38,0,0
540.38,0,0
540.38,0,0
540.38,0,0
540.38,0,0
540.38,0,0
540.38,0,0
540.38,0,0
540.38,0,0
540.38,0,0
540.38,0,0
540.38,0,0
540.38,0,0
540.38,0,0
540.38,0,0
540.38,0,0
540.38,0,0
540.38,0,0
540.38,0,0
540.38,0,0
540.38,0,0
540.38,0,0
540.38,0,0
540.38,0,0
540.38,0,0
540.38,0,0
540.38,0,0
540.38,0,0
540.38,0,0
540.38,0,0
540.38,0,0
540.38,0,0
540.38,0,0
540.38,0,0
540.38,0,0
540.38,0,0
540.38,0,0
540.38,0,0
540.38,0,0
540.38,0,0
540.38,0,0
540.38,0,0
540.38,0,0
540.38,0,0
537.48,0,0
531.42,0,0
524.18,0,0
517.62,0,0
501.04,0,0
474.44,0,0
456.59,0,0
440.29,0,0
420.35,0,0
401.33,0,0
377.75,0,0
349.46,0,0
318.63,0,0
295.91,0,0
278.41,0,0
262.68,0,0
246.68,1,1
235.15,1,1
228.31,1,1
222.94,1,1
220.02,1,1
215.54,1,1
208.73,1,1
198.84,1,1
185.01,1,1
186.57,1,1
202.21,1,1
215.89,1,1
226.65,1,1
232.0,1,1
231.39,1,1
225.37,1,1
211.36,1,1
203.18,1,1
197.31,1,1
199.81,1,1
212.86,1,1
217.32,1,1
214.35,1,1
226.98,1,1
247.91,0,0
284.8,0,0
328.73,0,0
356.08,0,0
372.24,0,0
393.32,0,0
418.61,0,0
437.22,0,0
450.68,0,0
467.11,0,0
485.62,0,0
495.68,0,0
499.01,0,0
502.2,0,0
505.3,0,0
512.78,0,0
523.06,0,0
530.67,0,0
537.21,0,0
538.24,0,0
538.71,0,0
539.17,0,0
539.64,0,0
539.94,0,0
540.06,0,0
540.18,0,0
540.3,0,0
540.38,0,0
540.38,0,0
540.38,0,0
540.38,0,0
540.38,0,0
540.38,0,0
540.38,0,0
540.38,0,0
540.38,0,0
540.38,0,0
540.38,0,0
540.38,0,0
540.38,0,0
540.38,0,0
540.38,0,0
540.38,0,0
540.38,0,0
540.38,0,0
540.38,0,0
540.38,0,0
540.38,0,0
540.38,0,0
540.38,0,0
540.38,0,0
540.38,0,0
540.38,0,0
540.38,0,0
540.38,0,0
540.38,0,0
538.27,0,0
533.79,0,0
529.28,0,0
518.93,0,0
494.47,0,0
470.79,0,0
465.97,0,0
460.91,0,0
448.54,0,0
443.54,0,0
444.66,0,0
452.45,0,0
461.64,0,0
453.31,0,0
421.26,0,0
384.56,0,0
355.46,0,0
334.42,1,1
321.14,1,1
300.19,1,1
271.52,1,1
262.95,1,1
276.14,1,1
288.06,1,1
294.68,1,1
290.05,1,1
277.61,1,1
262.38,1,1
246.9,1,1
239.37,1,1
239.65,1,1
239.54,1,1
240.16,1,1
254.1,1,1
279.48,1,1
301.09,1,1
318.29,1,1
324.13,1,1
322.32,1,1
321.13,1,1
321.61,1,1
335.92,0,0
359.39,0,0
393.63,0,0
434.86,0,0
463.26,0,0
481.26,0,0
494.93,0,0
502.62,0,0
516.02,0,0
531.99,0,0
538.64,0,0
537.84,0,0
537.03,0,0
533.3,0,0
531.88,0,0
532.92,0,0
533.97,0,0
535.04,0,0
533.34,0,0
528.86,0,0
524.37,0,0
519.68,0,0
513.0,0,0
506.7,0,0
500.36,0,0
493.96,0,0
484.93,0,0
475.12,0,0
465.04,0,0
454.55,0,0
439.01,0,0
425.72,0,0
411.94,0,0
398.16,0,0
385.16,0,0
373.54,0,0
358.57,0,0
344.09,1,1
350.39,1,1
377.49,0,0
398.28,0,0
419.59,0,0
418.56,0,0
393.46,0,0
367.73,0,0
335.56,1,1
345.85,1,1
389.5,0,0
429.77,0,0
455.78,0,0
464.98,0,0
461.14,0,0
457.02,0,0
452.93,0,0
446.03,0,0
428.29,0,0
403.86,0,0
380.47,0,0
361.3,0,0
341.7,1,1
328.76,1,1
332.88,1,1
341.85,1,1
347.49,1,1
345.96,1,1
338.74,1,1
350.88,1,1
369.83,0,0
390.01,0,0
414.05,0,0
424.96,0,0
423.96,0,0
414.79,0,0
396.65,0,0
376.4,0,0
355.13,1,1
334.69,1,1
303.97,1,1
305.68,1,1
329.01,1,1
342.36,1,1
348.68,1,1
341.49,1,1
322.05,1,1
328.7,1,1
361.96,0,0
392.24,0,0
412.41,0,0
420.6,0,0
425.55,0,0
436.17,0,0
409.19,0,0
409.92,0,0
399.51,0,0
378.03,0,0
349.56,1,1
353.91,1,1
385.52,0,0
408.36,0,0
422.51,0,0
428.57,0,0
431.52,0,0
432.81,0,0
435.79,0,0
446.87,0,0
455.06,0,0
450.55,0,0
443.79,0,0
437.28,0,0
430.37,0,0
424.78,0,0
420.2,0,0
415.19,0,0
410.53,0,0
416.0,0,0
432.59,0,0
449.3,0,0
462.62,0,0
468.67,0,0
472.02,0,0
475.17,0,0
478.36,0,0
482.22,0,0
486.93,0,0
491.68,0,0
495.15,0,0
496.5,0,0
495.85,0,0
495.02,0,0
494.16,0,0
498.05,0,0
506.76,0,0
515.45,0,0
521.72,0,0
525.78,0,0
528.18,0,0
530.69,0,0
533.27,0,0
531.82,0,0
526.25,0,0
520.59,0,0
514.57,0,0
506.37,0,0
498.72,0,0
491.26,0,0
483.64,0,0
480.55,0,0
483.8,0,0
486.17,0,0
488.52,0,0
491.26,0,0
494.11,0,0
496.41,0,0
498.77,0,0
502.61,0,0
507.91,0,0
512.88,0,0
514.15,0,0
509.81,0,0
502.28,0,0
485.84,0,0
459.99,1,1
444.17,1,1
438.58,1,1
445.5,1,1
460.72,1,1
470.49,1,1
474.56,0,0
475.52,0,0
473.5,0,0
472.28,0,0
471.35,0,0
463.41,1,1
448.41,1,1
435.0,1,1
423.2,1,1
415.92,1,1
410.3,1,1
395.3,1,1
373.62,1,1
383.9,1,1
425.44,1,1
461.07,1,1
491.94,0,0
499.55,0,0
483.25,0,0
470.63,1,1
462.51,1,1
461.47,1,1
467.94,1,1
469.7,1,1
466.39,1,1
467.49,1,1
472.49,0,0
478.92,0,0
486.43,0,0
494.7,0,0
503.68,0,0
514.33,0,0
526.32,0,0
534.13,0,0
537.02,0,0
537.6,0,0
537.38,0,0
537.15,0,0
536.38,0,0
534.77,0,0
532.59,0,0
530.39,0,0
528.16,0,0
526.44,0,0
525.3,0,0
524.1,0,0
522.94,0,0
523.93,0,0
527.13,0,0
530.44,0,0
533.76,0,0
536.02,0,0
536.84,0,0
537.08,0,0
537.31,0,0
538.01,0,0
539.22,0,0
540.38,0,0
540.38,0,0
540.38,0,0
540.38,0,0
540.38,0,0
540.38,0,0
540.38,0,0
540.38,0,0
540.38,0,0
540.38,0,0
540.38,0,0
540.38,0,0
540.38,0,0
540.38,0,0
540.38,0,0
540.38,0,0
540.38,0,0
540.38,0,0
539.63,0,0
538.17,0,0
536.72,0,0
532.39,0,0
525.89,0,0
519.22,0,0
510.79,0,0
500.18,0,0
485.28,0,0
466.03,0,0
444.24,0,0
422.75,0,0
388.19,0,0
324.12,0,0
238.53,0,0
140.84,1,1
74.26,1,1
47.14,1,1
37.36,1,1
43.01,1,1
36.91,1,1
38.63,1,1
39.55,1,1
39.85,1,1
38.51,1,1
35.53,1,1
36.64,1,1
36.84,1,1
38.94,1,1
40.82,1,1
39.73,1,1
66.28,1,1
107.14,1,1
142.42,1,1
169.64,0,0
191.13,0,0
216.19,0,0
244.69,0,0
264.44,0,0
278.92,0,0
254.99,0,0
185.67,0,0
123.42,1,1
76.8,1,1
89.59,1,1
162.47,0,0
236.77,0,0
301.59,0,0
334.73,0,0
341.68,0,0
348.85,0,0
355.0,0,0
373.54,0,0
396.73,0,0
410.24,0,0
422.85,0,0
422.88,0,0
409.76,0,0
395.53,0,0
377.69,0,0
367.85,0,0
366.66,0,0
365.44,0,0
364.22,0,0
342.72,0,0
298.99,0,0
246.33,0,0
194.1,0,0
164.97,0,0
156.57,0,0
148.11,0,0
139.6,1,1
143.37,1,1
160.89,0,0
177.17,0,0
195.27,0,0
238.77,0,0
307.64,0,0
367.98,0,0
416.76,0,0
442.67,1,1
449.1,1,1
452.85,1,1
456.18,1,1
457.54,1,1
456.88,1,1
455.88,1,1
455.19,1,1
452.38,1,1
447.42,1,1
442.63,1,1
434.05,1,1
440.08,1,1
451.54,1,1
462.78,0,0
474.12,0,0
485.52,0,0
495.35,0,0
505.1,0,0
514.69,0,0
519.56,0,0
522.5,0,0
524.84,0,0
527.27,0,0
522.22,0,0
509.46,0,0
494.24,0,0
475.17,0,0
466.29,0,0
465.27,0,0
469.46,0,0
480.48,0,0
482.01,0,0
478.05,0,0
474.11,0,0
472.58,0,0
477.47,0,0
488.51,0,0
492.95,0,0
491.13,0,0
486.9,0,0
480.68,0,0
482.94,0,0
493.21,0,0
504.06,0,0
515.24,0,0
515.88,0,0
505.93,0,0
496.46,0,0
488.36,0,0
481.77,0,0
476.51,0,0
468.18,0,0
454.76,1,1
449.94,1,1
453.62,1,1
456.84,1,1
459.39,1,1
459.36,1,1
458.03,1,1
460.71,1,1
467.4,0,0
473.6,0,0
478.89,0,0
482.64,0,0
484.83,0,0
484.93,0,0
483.18,0,0
479.47,0,0
474.29,0,0
468.78,0,0
461.25,0,0
461.33,0,0
468.94,0,0
475.18,0,0
481.5,0,0
491.87,0,0
503.73,0,0
514.36,0,0
523.6,0,0
528.14,0,0
530.28,0,0
532.45,0,0
534.61,0,0
534.04,0,0
530.72,0,0
527.37,0,0
523.95,0,0
520.26,0,0
514.02,0,0
507.55,0,0
501.08,0,0
491.33,0,0
474.17,0,0
456.4,1,1
427.76,1,1
421.76,0,0
442.67,0,0
457.47,0,0
469.05,0,0
481.85,0,0
493.85,0,0
504.44,0,0
515.09,0,0
519.82,0,0
520.96,0,0
522.13,0,0
523.32,0,0
525.25,0,0
527.93,0,0
530.57,0,0
533.26,0,0
533.93,0,0
532.58,0,0
531.23,0,0
529.88,0,0
529.92,0,0
527.32,0,0
520.3,0,0
513.13,0,0
504.95,0,0
483.98,0,0
449.8,0,0
420.46,0,0
400.55,0,0
385.37,0,0
369.19,1,1
346.44,1,1
328.47,1,1
314.99,1,1
312.02,1,1
322.98,1,1
331.65,1,1
337.24,1,1
343.09,1,1
350.41,1,1
362.66,1,1
367.54,1,1
360.56,1,1
335.18,1,1
302.81,1,1
283.09,1,1
277.22,1,1
284.04,1,1
280.25,1,1
264.75,1,1
278.08,1,1
319.45,1,1
365.23,1,1
392.62,0,0
394.13,0,0
382.75,0,0
369.72,0,0
365.57,1,0
373.51,0,0
392.76,0,0
407.16,0,0
417.51,0,0
430.29,0,0
445.48,0,0
460.59,0,0
475.63,0,0
484.63,0,0
490.42,0,0
496.21,0,0
502.76,0,0
516.79,0,0
533.06,0,0
539.24,0,0
537.84,0,0
533.67,0,0
526.99,0,0
525.09,0,0
528.07,0,0
531.11,0,0
534.23,0,0
536.6,0,0
537.26,0,0
537.59,0,0
537.93,0,0
538.03,0,0
537.91,0,0
537.79,0,0
537.67,0,0
538.06,0,0
538.97,0,0
539.9,0,0
540.38,0,0
540.38,0,0
539.87,0,0
538.86,0,0
537.79,0,0
532.27,0,0
516.01,0,0
491.72,0,0
459.55,0,0
440.81,0,0
446.98,0,0
450.45,0,0
453.51,0,0
456.97,0,0
460.49,0,0
464.38,0,0
468.01,0,0
467.69,0,0
463.05,0,0
458.38,0,0
453.67,0,0
449.28,0,0
444.89,0,0
440.76,0,0
432.87,0,0
439.8,0,0
451.24,0,0
460.06,0,0
468.36,0,0
459.28,0,0
431.11,0,0
407.16,0,0
388.0,0,0
360.16,0,0
318.57,0,0
292.75,1,1
289.26,1,1
306.79,0,0
293.21,0,0
292.94,1,1
279.47,1,1
238.98,1,1
171.37,1,1
157.27,1,1
202.58,1,1
242.16,1,1
241.71,1,1
227.58,1,1
224.2,1,1
254.91,1,1
316.04,0,0
343.22,0,0
330.36,0,0
302.15,0,0
265.68,1,1
262.69,1,1
290.82,1,1
316.2,0,0
339.23,0,0
356.9,0,0
366.68,0,0
376.72,0,0
388.21,0,0
394.35,0,0
395.4,0,0
387.32,0,0
370.75,0,0
367.65,0,0
374.36,0,0
376.01,0,0
372.46,0,0
354.69,0,0
330.55,0,0
330.8,0,0
347.91,0,0
358.88,0,0
369.34,0,0
379.92,0,0
390.61,0,0
400.93,0,0
409.17,0,0
412.39,0,0
411.53,0,0
410.24,0,0
409.36,0,0
395.7,0,0
359.89,0,0
323.82,0,0
283.28,1,1
268.0,1,1
281.47,1,1
295.85,0,0
308.73,0,0
307.9,0,0
293.21,0,0
277.68,1,1
262.03,1,1
266.52,1,1
290.14,1,1
309.31,0,0
329.84,0,0
327.44,1,1
299.66,1,1
272.09,1,1
238.34,1,1
245.41,1,1
288.17,1,1
327.79,1,1
368.04,0,0
403.95,0,0
445.05,0,0
468.36,0,0
490.13,0,0
496.74,0,0
492.55,0,0
488.14,0,0
483.5,0,0
483.5,0,0
487.93,0,0
492.16,0,0
496.39,0,0
501.31,0,0
503.19,0,0
500.89,0,0
498.02,0,0
483.11,0,0
455.17,0,0
419.78,0,0
375.34,0,0
355.26,1,0
375.97,0,0
380.66,0,0
381.39,0,0
369.95,0,0
346.43,1,1
325.83,1,1
308.49,1,1
273.88,1,1
230.78,1,1
219.91,1,1
235.93,1,1
280.58,1,1
344.78,1,1
365.69,1,1
354.95,1,1
340.93,1,1
321.96,1,1
332.41,1,1
372.59,0,0
413.27,0,0
449.28,0,0
453.13,0,0
421.38,0,0
382.71,0,0
344.53,1,1
340.65,1,1
372.87,0,0
394.94,0,0
407.49,0,0
411.08,0,0
407.34,0,0
406.89,0,0
409.37,0,0
408.69,0,0
405.15,0,0
402.31,0,0
400.1,0,0
409.72,0,0
427.81,0,0
440.1,0,0
449.32,0,0
454.84,0,0
454.19,0,0
444.32,0,0
425.91,0,0
407.04,0,0
382.97,0,0
382.37,0,0
405.07,0,0
422.55,0,0
440.73,0,0
453.08,0,0
458.86,0,0
462.22,0,0
465.49,0,0
468.78,0,0
472.1,0,0
475.67,0,0
479.04,0,0
475.38,0,0
464.21,0,0
450.19,0,0
430.39,0,0
429.18,0,0
447.81,0,0
460.71,0,0
471.09,0,0
480.05,0,0
487.44,0,0
493.36,0,0
498.99,0,0
503.9,0,0
508.44,0,0
513.09,0,0
517.46,0,0
518.16,0,0
516.54,0,0
514.45,0,0
511.99,0,0
510.66,0,0
510.65,0,0
510.64,0,0
510.62,0,0
510.73,0,0
510.96,0,0
511.19,0,0
511.41,0,0
519.38,0,0
529.14,0,0
530.51,0,0
527.99,0,0
520.28,0,0
509.28,0,0
503.38,0,0
502.58,0,0
498.12,0,0
490.15,0,0
490.35,0,0
498.54,0,0
503.65,0,0
502.43,0,0
498.21,0,0
493.08,0,0
496.6,0,0
497.71,0,0
498.16,0,0
498.59,0,0
504.2,0,0
513.63,0,0
519.94,0,0
501.79,0,0
467.6,0,0
441.84,0,0
419.99,0,0
402.1,0,0
367.89,0,0
315.76,1,1
288.8,1,1
289.87,1,1
285.81,1,1
278.02,1,1
269.67,1,1
263.32,1,1
262.64,1,1
268.03,1,1
280.92,1,1
303.64,1,1
320.69,1,1
333.01,1,1
335.49,1,1
333.48,1,1
337.93,1,1
353.74,0,0
388.19,0,0
428.45,0,0
451.43,0,0
460.37,0,0
472.46,0,0
488.68,0,0
490.67,0,0
481.67,0,0
472.61,0,0
462.93,0,0
441.49,0,0
414.85,0,0
381.7,0,0
343.4,0,0
318.22,1,1
303.35,1,1
288.37,1,1
273.27,1,1
271.32,1,1
283.65,1,1
296.16,1,1
308.12,1,1
350.89,0,0
416.12,0,0
464.21,0,0
494.0,0,0
506.09,0,0
508.21,0,0
510.51,0,0
512.79,0,0
512.46,0,0
509.33,0,0
506.02,0,0
502.77,0,0
498.81,0,0
494.25,0,0
489.56,0,0
484.35,0,0
477.13,0,0
469.57,1,1
461.61,1,1
453.52,1,1
453.08,1,1
460.43,1,1
468.08,1,1
475.43,0,0
483.87,0,0
491.62,0,0
499.32,0,0
506.97,0,0
516.06,0,0
523.24,0,0
530.14,0,0
536.42,0,0
531.56,0,0
519.79,0,0
507.84,0,0
496.02,0,0
484.11,0,0
469.26,1,1
466.11,1,1
475.48,0,0
496.33,0,0
515.1,0,0
520.83,0,0
496.43,0,0
445.26,1,1
397.71,1,1
395.39,1,1
437.64,1,1
468.65,1,1
488.18,0,0
498.86,0,0
502.5,0,0
511.07,0,0
524.32,0,0
524.24,0,0
510.95,0,0
500.34,0,0
492.23,0,0
486.58,0,0
483.26,0,0
478.15,0,0
470.98,0,0
468.13,1,1
469.88,1,1
470.49,0,1
469.81,1,1
468.89,1,1
467.39,1,1
465.72,1,1
464.06,1,1
464.61,1,1
467.64,1,1
469.62,1,1
470.17,1,1
475.52,0,0
486.35,0,0
494.13,0,0
499.95,0,0
513.26,0,0
530.61,0,0
538.13,0,0
538.01,0,0
537.89,0,0
537.76,0,0
537.75,0,0
537.85,0,0
537.95,0,0
538.05,0,0
538.1,0,0
538.08,0,0
538.07,0,0
538.06,0,0
537.98,0,0
537.85,0,0
537.71,0,0
537.57,0,0
537.67,0,0
538.01,0,0
538.35,0,0
538.7,0,0
538.3,0,0
537.12,0,0
533.53,0,0
527.73,0,0
519.54,0,0
504.71,0,0
488.47,0,0
466.72,0,0
449.44,0,0
431.82,1,1
410.38,1,1
388.6,1,1
386.73,1,1
406.59,1,1
427.24,1,1
443.66,1,1
448.8,0,0
448.77,0,0
448.36,0,0
447.94,1,0
454.69,0,0
468.53,0,0
482.02,0,0
492.1,0,0
502.1,0,0
510.69,0,0
514.87,0,0
517.78,0,0
514.16,0,0
504.0,0,0
497.25,0,0
493.4,0,0
491.12,0,0
492.44,0,0
489.74,0,0
483.45,0,0
476.71,0,0
470.04,0,0
463.71,0,0
457.4,0,0
451.0,0,0
444.51,1,1
436.97,1,1
428.54,1,1
424.36,1,1
423.79,1,1
427.44,1,1
435.2,1,1
436.75,1,1
432.0,1,1
433.29,1,1
439.71,1,1
444.71,1,1
448.1,0,0
454.92,0,0
464.58,0,0
480.93,0,0
503.92,0,0
503.12,0,0
476.74,0,0
443.0,1,1
404.47,1,1
404.48,1,1
442.53,1,1
474.48,0,0
499.39,0,0
507.11,0,0
498.21,0,0
490.63,0,0
484.47,0,0
487.0,0,0
497.65,0,0
505.7,0,0
511.82,0,0
520.52,0,0
532.17,0,0
537.3,0,0
535.2,0,0
531.93,0,0
528.6,0,0
526.89,0,0
526.81,0,0
526.69,0,0
526.61,0,0
527.66,0,0
529.89,0,0
532.1,0,0
534.36,0,0
536.34,0,0
537.07,0,0
537.42,0,0
537.77,0,0
537.65,0,0
537.03,0,0
535.14,0,0
532.19,0,0
528.0,0,0
522.35,0,0
515.46,0,0
506.15,0,0
498.72,0,0
493.62,0,0
488.48,0,0
481.6,0,0
487.2,0,0
500.91,0,0
514.93,0,0
524.56,0,0
532.18,0,0
536.57,0,0
537.83,0,0
539.12,0,0
540.21,0,0
540.38,0,0
540.38,0,0
540.38,0,0
540.38,0,0
540.38,0,0
540.38,0,0
540.38,0,0
539.87,0,0
536.0,0,0
533.04,0,0
530.12,0,0
524.09,0,0
514.34,0,0
501.41,0,0
485.84,0,0
466.08,0,0
439.92,0,0
430.24,0,0
439.79,0,0
442.31,0,0
437.15,0,0
437.9,0,0
444.56,0,0
450.06,0,0
452.18,0,0
446.12,0,0
435.41,0,0
420.9,0,0
404.15,1,1
365.1,1,1
314.16,1,1
279.43,1,1
268.66,1,1
270.99,1,1
285.16,1,1
318.17,1,1
363.56,1,1
398.46,1,1
421.62,0,0
431.84,0,0
436.27,0,0
430.56,0,0
414.21,1,1
386.7,1,1
336.6,1,1
287.26,1,1
229.91,1,1
222.38,1,1
262.51,1,1
307.5,1,1
364.41,1,1
388.53,1,1
389.98,1,1
385.85,1,1
380.36,1,1
400.13,1,1
440.94,0,0
469.56,0,0
496.3,0,0
508.64,0,0
511.12,0,0
513.53,0,0
515.95,0,0
520.49,0,0
524.83,0,0
529.11,0,0
533.44,0,0
536.45,0,0
537.15,0,0
537.49,0,0
537.83,0,0
537.47,0,0
534.68,0,0
529.5,0,0
524.25,0,0
520.95,0,0
519.71,0,0
517.92,0,0
516.0,0,0
513.31,0,0
509.62,0,0
505.82,0,0
501.82,0,0
498.1,0,0
494.82,0,0
491.3,0,0
487.95,0,0
482.4,0,0
473.21,0,0
463.85,0,0
454.7,0,0
453.94,0,0
462.14,0,0
470.49,0,0
478.99,0,0
487.15,0,0
496.08,0,0
504.86,0,0
513.84,0,0
519.68,0,0
525.47,0,0
531.31,0,0
536.11,0,0
535.35,0,0
530.61,0,0
526.34,0,0
522.12,0,0
510.31,0,0
489.66,0,0
468.94,0,0
448.93,0,0
425.43,0,0
400.67,0,0
376.69,0,0
355.75,0,0
339.49,1,1
326.64,1,1
311.71,1,1
292.32,1,1
280.17,1,1
275.26,1,1
272.8,1,1
273.46,1,1
280.66,1,1
290.86,1,1
284.66,1,1
263.29,1,1
231.69,1,1
192.77,1,1
195.58,1,1
239.98,1,1
283.06,1,1
323.44,1,1
331.61,1,1
309.13,1,1
287.32,1,1
263.55,1,1
270.21,1,1
308.35,1,1
342.41,0,0
371.38,0,0
382.76,0,0
379.25,0,0
377.49,0,0
376.55,0,0
393.82,0,0
425.67,0,0
455.33,0,0
475.51,0,0
485.88,0,0
494.32,0,0
502.25,0,0
509.17,0,0
519.83,0,0
533.83,0,0
540.38,0,0
540.38,0,0
540.38,0,0
540.38,0,0
540.38,0,0
540.38,0,0
540.38,0,0
540.38,0,0
540.38,0,0
540.38,0,0
540.38,0,0
540.38,0,0
540.38,0,0
540.38,0,0
540.38,0,0
540.38,0,0
540.38,0,0
540.38,0,0
540.38,0,0
540.38,0,0
540.38,0,0
540.38,0,0
540.38,0,0
540.38,0,0
540.38,0,0
540.38,0,0
540.38,0,0
540.38,0,0
540.38,0,0
540.06,0,0
539.47,0,0
538.87,0,0
538.56,0,0
538.56,0,0
538.55,0,0
538.54,0,0
538.53,0,0
538.53,0,0
538.52,0,0
538.51,0,0
538.35,0,0
538.05,0,0
537.74,0,0
537.44,0,0
535.41,0,0
531.4,0,0
527.27,0,0
523.11,0,0
514.58,0,0
492.24,0,0
464.56,0,0
447.32,0,0
430.46,0,0
410.25,0,0
393.16,0,0
374.92,0,0
352.89,0,0
329.0,1,1
311.42,1,1
302.94,1,1
295.05,1,1
287.77,1,1
276.15,1,1
258.21,1,1
237.59,1,1
213.42,1,1
202.85,1,1
205.85,1,1
204.78,1,1
200.59,1,1
205.07,1,1
220.41,1,1
234.21,1,1
245.43,1,1
252.45,1,1
255.53,1,1
254.41,1,1
249.23,1,1
260.36,1,1
286.78,1,1
310.26,1,1
329.4,0,0
346.19,0,0
361.69,0,0
381.65,0,0
404.68,0,0
414.65,0,0
415.68,0,0
415.28,0,0
414.37,0,0
441.03,0,0
480.39,0,0
499.98,0,0
509.52,0,0
520.94,0,0
534.19,0,0
540.38,0,0
540.38,0,0
540.38,0,0
540.38,0,0
540.38,0,0
540.38,0,0
540.38,0,0
540.38,0,0
540.38,0,0
540.38,0,0
540.38,0,0
540.38,0,0
540.38,0,0
540.38,0,0
540.38,0,0
540.38,0,0
540.38,0,0
540.38,0,0
540.38,0,0
540.38,0,0
540.38,0,0
540.38,0,0
540.38,0,0
540.38,0,0
540.38,0,0
540.38,0,0
540.38,0,0
540.28,0,0
539.64,0,0
539.34,0,0
539.04,0,0
538.73,0,0
538.87,0,0
539.46,0,0
540.05,0,0
540.38,0,0
540.38,0,0
540.38,0,0
540.2,0,0
539.89,0,0
539.35,0,0
538.58,0,0
537.81,0,0
537.02,0,0
533.79,0,0
525.91,0,0
516.59,0,0
507.0,0,0
492.74,0,0
470.33,0,0
445.47,0,0
429.92,0,0
418.27,0,0
410.98,0,0
396.41,0,0
361.36,0,0
319.11,1,1
267.62,1,1
252.15,1,1
282.51,1,1
323.52,1,1
333.98,1,1
310.74,1,1
288.33,1,1
273.34,1,1
278.38,1,1
270.75,1,1
248.69,1,1
229.18,1,1
212.15,1,1
223.42,1,1
264.03,1,1
291.1,1,1
311.93,1,1
316.4,1,1
305.44,1,1
288.09,1,1
263.0,1,1
275.05,1,1
323.51,1,1
381.19,0,0
425.66,0,0
435.06,0,0
421.24,0,0
404.24,0,0
392.85,0,0
402.71,0,0
430.33,0,0
454.04,0,0
469.65,0,0
479.7,0,0
487.74,0,0
494.98,0,0
501.75,0,0
513.0,0,0
528.39,0,0
533.26,0,0
528.63,0,0
523.93,0,0
519.02,0,0
517.03,0,0
520.08,0,0
522.29,0,0
524.53,0,0
527.46,0,0
531.01,0,0
534.62,0,0
536.95,0,0
537.95,0,0
539.21,0,0
540.38,0,0
540.38,0,0
540.38,0,0
540.38,0,0
540.38,0,0
540.38,0,0
540.38,0,0
540.38,0,0
540.38,0,0
540.38,0,0
540.38,0,0
540.38,0,0
540.38,0,0
540.38,0,0
540.38,0,0
540.38,0,0
540.38,0,0
540.38,0,0
540.38,0,0
540.38,0,0
540.38,0,0
540.38,0,0
540.38,0,0
540.38,0,0
540.38,0,0
540.38,0,0
540.38,0,0
540.38,0,0
540.38,0,0
540.38,0,0
537.69,0,0
532.01,0,0
526.39,0,0
520.76,0,0
511.45,0,0
498.87,0,0
487.44,0,0
470.74,0,0
443.94,0,0
414.12,0,0
390.04,0,0
372.75,0,0
352.48,1,1
326.31,1,1
308.61,1,1
303.67,1,1
302.11,1,1
303.94,1,1
296.5,1,1
274.81,1,1
249.84,1,1
220.7,1,1
216.89,1,1
237.85,1,1
255.14,1,1
267.9,1,1
276.45,1,1
282.14,1,1
287.83,1,1
295.06,1,1
299.31,1,1
300.79,1,1
296.17,1,1
286.11,1,1
299.82,1,1
336.37,1,1
380.02,0,0
412.1,0,0
418.58,0,0
406.16,0,0
390.35,0,0
383.06,0,0
391.1,0,0
411.53,0,0
427.88,0,0
439.77,0,0
455.34,0,0
473.46,0,0
487.86,0,0
498.64,0,0
513.81,0,0
532.19,0,0
540.38,0,0
540.38,0,0
540.38,0,0
540.38,0,0
540.38,0,0
540.38,0,0
540.38,0,0
540.38,0,0
540.38,0,0
540.38,0,0
540.38,0,0
540.38,0,0
540.38,0,0
540.38,0,0
540.38,0,0
540.38,0,0
540.38,0,0
540.38,0,0
539.93,0,0
538.58,0,0
537.7,0,0
537.28,0,0
536.86,0,0
536.03,0,0
533.82,0,0
531.27,0,0
528.62,0,0
525.97,0,0
528.11,0,0
535.14,0,0
537.53,0,0
539.03,0,0
540.14,0,0
540.38,0,0
540.38,0,0
540.38,0,0
540.38,0,0
540.38,0,0
540.38,0,0
540.38,0,0
540.38,0,0
540.38,0,0
540.35,0,0
539.21,0,0
535.93,0,0
530.27,0,0
524.64,0,0
519.05,0,0
507.96,0,0
491.39,0,0
478.68,0,0
462.86,0,0
436.58,0,0
398.44,0,0
368.78,0,0
356.13,0,0
345.74,0,0
333.85,1,1
320.34,1,1
302.96,1,1
289.34,1,1
280.39,1,1
269.88,1,1
256.6,1,1
239.14,1,1
216.43,1,1
215.21,1,1
237.96,1,1
254.77,1,1
266.11,1,1
281.18,1,1
298.66,1,1
319.96,1,1
344.44,0,0
350.42,0,0
337.4,0,0
325.54,1,1
314.5,1,1
309.79,1,1
307.13,1,1
303.0,1,1
297.87,1,1
301.9,1,1
315.14,1,1
338.68,0,0
370.59,0,0
389.21,0,0
402.01,0,0
410.54,0,0
420.39,0,0
443.78,0,0
471.93,0,0
489.8,0,0
499.73,0,0
512.31,0,0
529.32,0,0
530.91,0,0
519.94,0,0
503.94,0,0
484.06,0,0
465.66,0,0
439.85,0,0
412.87,0,0
379.4,0,0
401.06,0,0
459.89,0,0
493.57,0,0
518.41,0,0
526.98,0,0
526.88,0,0
526.73,0,0
526.58,0,0
528.45,0,0
532.38,0,0
536.35,0,0
537.53,0,0
537.62,0,0
536.95,0,0
534.92,0,0
531.75,0,0
528.23,0,0
524.44,0,0
520.61,0,0
516.16,0,0
510.12,0,0
503.89,0,0
497.56,0,0
491.31,0,0
489.16,0,0
491.82,0,0
494.33,0,0
497.09,0,0
500.06,0,0
503.22,0,0
506.38,0,0
509.54,0,0
512.17,0,0
514.28,0,0
516.06,0,0
517.42,0,0
518.71,0,0
519.63,0,0
520.3,0,0
518.13,0,0
508.51,0,0
487.67,0,0
467.12,0,0
444.42,0,0
433.61,0,0
435.96,0,0
432.47,0,0
425.16,0,0
408.31,0,0
386.12,1,1
377.43,1,1
384.9,1,1
394.2,1,1
398.69,1,1
391.9,1,1
372.73,1,1
347.06,1,1
321.69,1,1
313.39,1,1
322.74,1,1
330.48,1,1
335.72,1,1
329.06,1,1
312.2,1,1
299.91,1,1
292.12,1,1
309.18,1,1
352.11,1,1
389.65,1,1
411.75,0,0
411.6,0,0
395.95,1,1
389.92,1,1
396.33,1,1
401.64,0,0
404.85,0,0
403.76,0,0
398.95,1,0
401.36,0,0
410.19,0,0
418.71,0,0
426.95,0,0
440.79,0,0
458.44,0,0
473.33,0,0
487.06,0,0
498.58,0,0
506.85,0,0
516.72,0,0
520.98,0,0
516.36,0,0
510.47,0,0
509.42,0,0
513.3,0,0
517.35,0,0
521.07,0,0
522.37,0,0
522.36,0,0
522.35,0,0
522.34,0,0
522.33,0,0
522.26,0,0
522.12,0,0
522.05,0,0
524.24,0,0
528.71,0,0
533.22,0,0
537.0,0,0
537.87,0,0
538.69,0,0
539.54,0,0
540.38,0,0
540.38,0,0
539.71,0,0
538.92,0,0
538.12,0,0
537.11,0,0
533.97,0,0
528.14,0,0
522.14,0,0
514.32,0,0
501.79,0,0
489.25,0,0
473.1,0,0
472.79,0,0
488.35,0,0
500.76,0,0
513.28,0,0
516.56,0,0
511.67,0,0
506.36,0,0
501.04,0,0
497.61,0,0
495.54,0,0
493.52,0,0
491.21,0,0
481.83,0,0
465.5,0,0
450.07,0,0
431.53,1,1
404.49,1,1
375.5,1,1
348.47,1,1
324.74,1,1
300.02,1,1
274.07,1,1
258.86,1,1
256.48,1,1
246.69,1,1
228.6,1,1
246.31,1,1
300.06,1,1
368.34,1,1
429.2,1,1
450.59,0,0
453.84,0,0
459.65,0,0
470.93,0,0
466.7,0,0
444.43,0,0
419.22,1,1
394.86,1,1
386.29,1,1
393.15,1,1
389.67,1,1
378.05,1,1
384.83,1,1
410.33,1,1
436.45,0,0
459.25,0,0
469.61,0,0
470.27,0,0
473.8,0,0
479.63,0,0
486.13,0,0
492.76,0,0
500.52,0,0
508.79,0,0
511.27,0,0
507.88,0,0
500.48,0,0
490.38,0,0
491.98,0,0
499.69,0,0
505.51,0,0
505.09,0,0
496.64,0,0
485.22,0,0
479.28,0,0
478.84,0,0
478.6,0,0
478.15,0,0
476.52,0,0
474.13,0,0
471.5,0,0
468.86,0,0
464.41,0,0
458.03,0,0
446.86,0,0
435.61,0,0
433.01,1,0
439.15,0,0
445.68,0,0
451.91,0,0
457.06,0,0
460.56,0,0
464.19,0,0
467.7,0,0
457.54,0,0
420.63,0,0
376.5,0,0
315.75,1,1
301.97,1,1
337.08,1,1
372.93,0,0
399.19,0,0
436.05,0,0
465.61,0,0
490.37,0,0
509.98,0,0
518.46,0,0
518.45,0,0
518.35,0,0
518.34,0,0
516.64,0,0
511.75,0,0
506.59,0,0
501.31,0,0
501.48,0,0
506.88,0,0
511.61,0,0
514.19,0,0
514.18,0,0
511.82,0,0
509.34,0,0
487.55,0,0
453.77,0,0
424.42,0,0
425.64,0,0
460.05,0,0
492.74,0,0
521.61,0,0
515.2,0,0
475.47,0,0
437.69,0,0
401.33,0,0
377.72,0,0
367.65,0,0
357.83,1,1
347.7,1,1
334.6,1,1
317.39,1,1
298.5,1,1
279.92,1,1
272.12,1,1
274.95,1,1
270.17,1,1
258.83,1,1
259.08,1,1
270.48,1,1
274.54,1,1
271.5,1,1
283.26,1,1
309.48,1,1
334.34,1,1
358.69,1,1
374.01,0,0
381.21,0,0
385.27,0,0
385.63,0,0
382.27,0,0
376.84,0,0
369.3,0,0
361.55,1,1
357.66,1,1
355.83,1,1
368.19,0,0
396.08,0,0
419.45,0,0
438.91,0,0
459.38,0,0
474.31,0,0
484.03,0,0
493.42,0,0
499.71,0,0
504.48,0,0
509.42,0,0
514.31,0,0
516.77,0,0
516.68,0,0
516.67,0,0
516.58,0,0
517.35,0,0
518.92,0,0
520.41,0,0
521.39,0,0
523.59,0,0
526.94,0,0
530.32,0,0
533.73,0,0
537.01,0,0
538.06,0,0
539.16,0,0
540.29,0,0
540.38,0,0
540.1,0,0
539.57,0,0
539.04,0,0
538.63,0,0
538.34,0,0
538.06,0,0
537.75,0,0
536.42,0,0
525.76,0,0
513.2,0,0
495.11,0,0
487.51,0,0
490.64,0,0
493.78,0,0
496.93,0,0
505.89,0,0
518.86,0,0
528.39,0,0
536.48,0,0
535.0,0,0
529.73,0,0
524.32,0,0
518.55,0,0
505.81,0,0
481.74,0,0
455.62,0,0
437.46,0,0
420.11,0,0
401.36,1,1
380.29,1,1
356.42,1,1
329.02,1,1
299.21,1,1
286.42,1,1
299.67,1,1
315.83,1,1
334.66,1,1
345.3,1,1
344.75,1,1
341.9,1,1
336.34,1,1
347.98,1,1
376.68,1,1
410.08,0,0
440.68,0,0
460.1,0,0
477.14,0,0
503.6,0,0
518.7,0,0
514.85,0,0
476.97,0,0
410.86,0,0
353.27,1,1
343.02,1,1
382.93,1,1
408.61,1,1
415.97,0,0
414.39,0,0
385.3,1,1
347.2,1,1
321.36,1,1
336.28,1,1
384.27,1,1
426.83,0,0
450.03,0,0
461.81,0,0
469.86,0,0
478.93,0,0
489.0,0,0
498.54,0,0
507.1,0,0
517.91,0,0
527.7,0,0
533.86,0,0
537.3,0,0
538.2,0,0
539.33,0,0
540.38,0,0
540.38,0,0
540.38,0,0
540.38,0,0
540.38,0,0
540.38,0,0
540.38,0,0
540.38,0,0
540.38,0,0
540.38,0,0
540.38,0,0
540.38,0,0
540.38,0,0
540.38,0,0
540.38,0,0
540.38,0,0
540.38,0,0
540.38,0,0
540.38,0,0
540.38,0,0
540.38,0,0
540.38,0,0
540.38,0,0
540.38,0,0
540.38,0,0
540.38,0,0
540.38,0,0
540.38,0,0
540.38,0,0
540.38,0,0
540.38,0,0
540.38,0,0
540.38,0,0
539.36,0,0
538.16,0,0
537.16,0,0
536.17,0,0
531.49,0,0
526.93,0,0
522.29,0,0
517.6,0,0
512.91,0,0
509.89,0,0
508.53,0,0
499.82,0,0
483.77,0,0
466.01,0,0
445.57,0,0
441.83,0,0
454.93,0,0
467.28,0,0
477.78,0,0
476.89,0,0
465.05,0,0
455.96,0,0
449.72,0,0
437.31,0,0
418.13,0,0
397.28,0,0
374.29,0,0
356.44,0,0
343.29,1,1
328.48,1,1
312.09,1,1
309.17,1,1
320.68,1,1
326.95,1,1
327.9,1,1
303.02,1,1
243.95,1,1
182.4,1,1
120.31,1,1
124.77,1,1
195.25,1,1
274.64,1,1
323.05,1,1
337.1,1,1
329.23,1,1
322.8,1,1
317.66,1,1
327.1,1,1
326.27,1,1
311.14,1,1
307.07,1,1
329.79,1,1
363.1,0,0
395.51,0,0
427.07,0,0
449.94,0,0
471.25,0,0
489.76,0,0
503.38,0,0
512.73,0,0
520.56,0,0
520.48,0,0
513.54,0,0
506.62,0,0
499.49,0,0
497.17,0,0
499.59,0,0
502.03,0,0
504.49,0,0
505.66,0,0
505.64,0,0
505.49,0,0
505.47,0,0
504.0,0,0
501.18,0,0
498.19,0,0
495.32,0,0
497.23,0,0
503.94,0,0
510.86,0,0
518.07,0,0
522.86,0,0
527.61,0,0
532.51,0,0
536.65,0,0
537.49,0,0
538.13,0,0
538.79,0,0
539.46,0,0
539.66,0,0
539.37,0,0
539.07,0,0
538.77,0,0
538.47,0,0
538.18,0,0
537.89,0,0
537.59,0,0
537.97,0,0
538.99,0,0
540.0,0,0
540.38,0,0
540.38,0,0
540.38,0,0
539.95,0,0
539.77,0,0
532.55,0,0
517.66,0,0
506.54,0,0
499.37,0,0
489.49,0,0
477.46,0,0
468.41,0,0
459.99,1,1
451.32,1,1
443.19,1,1
443.44,1,1
449.99,1,1
459.56,1,1
471.87,0,0
465.29,0,0
437.56,1,1
408.8,1,1
382.15,1,1
375.5,1,1
389.21,1,1
399.3,1,1
406.32,1,1
404.15,1,1
393.87,1,1
380.11,1,1
362.42,1,1
366.66,1,1
391.41,1,1
408.29,1,1
417.88,1,1
433.59,1,1
456.36,1,1
482.88,0,0
513.79,0,0
519.45,0,0
499.35,0,0
480.31,0,0
462.93,0,0
464.76,0,0
486.11,0,0
505.22,0,0
521.88,0,0
528.67,0,0
526.31,0,0
525.2,0,0
520.47,0,0
515.19,0,0
507.52,0,0
512.76,0,0
526.69,0,0
536.3,0,0
538.89,0,0
539.39,0,0
538.35,0,0
537.31,0,0
533.71,0,0
530.08,0,0
527.82,0,0
525.54,0,0
523.24,0,0
522.05,0,0
521.86,0,0
521.73,0,0
521.59,0,0
519.0,0,0
511.75,0,0
504.36,0,0
496.92,0,0
488.4,0,0
477.21,0,0
465.88,0,0
453.89,1,0
452.9,0,0
463.01,0,0
473.03,0,0
483.5,0,0
491.08,0,0
496.64,0,0
502.34,0,0
508.18,0,0
504.59,0,0
491.4,0,0
476.19,0,0
457.38,0,0
438.18,0,0
403.81,0,0
368.35,0,0
323.99,0,0
282.34,0,0
246.97,0,0
204.55,0,0
162.66,1,1
142.4,1,1
142.84,1,1
141.54,1,1
141.19,1,1
156.18,1,1
187.51,0,0
210.39,0,0
221.61,0,0
218.92,0,0
202.21,0,0
187.79,0,0
167.07,1,1
154.62,1,1
154.4,1,1
157.29,1,1
165.53,1,1
151.77,1,1
114.1,1,1
93.06,1,1
85.86,1,1
106.5,1,1
152.04,1,1
173.95,1,1
173.06,1,1
164.12,1,1
147.86,1,1
140.2,1,1
143.62,1,1
158.95,1,1
184.88,0,0
199.32,0,0
203.28,0,0
206.15,0,0
202.76,0,0
215.26,0,0
240.98,0,0
256.5,0,0
263.21,0,0
273.0,0,0
285.19,0,0
300.3,0,0
318.96,0,0
349.09,0,0
390.65,0,0
425.19,0,0
452.1,0,0
465.81,0,0
473.97,0,0
478.04,0,0
476.51,0,0
471.07,0,0
455.56,0,0
451.39,0,0
458.06,0,0
461.13,0,0
462.26,0,0
456.86,0,0
446.01,0,0
435.01,0,0
424.23,0,0
434.83,0,0
464.72,0,0
483.0,0,0
499.59,0,0
507.48,0,0
509.84,0,0
512.14,0,0
514.49,0,0
515.72,0,0
515.61,0,0
515.5,0,0
515.49,0,0
513.83,0,0
510.54,0,0
507.13,0,0
503.44,0,0
499.07,0,0
493.95,0,0
488.59,0,0
481.88,0,0
477.94,0,0
477.4,0,0
476.59,0,0
476.03,0,0
479.03,0,0
485.1,0,0
489.95,0,0
494.7,0,0
499.92,0,0
505.34,0,0
510.77,0,0
515.79,0,0
513.46,0,0
502.63,0,0
491.68,0,0
480.1,0,0
467.72,0,0
457.61,0,0
447.86,0,0
437.24,0,0
425.56,0,0
418.31,0,0
409.9,0,0
393.07,0,0
373.13,0,0
353.33,0,0
338.21,0,0
333.08,0,0
323.69,0,0
310.35,0,0
296.57,0,0
283.54,0,0
270.36,0,0
257.12,0,0
241.74,0,0
219.02,0,0
198.12,0,0
180.64,0,0
171.82,1,1
172.39,1,1
169.83,1,1
162.91,1,1
162.61,1,1
169.18,1,1
169.51,1,1
162.78,1,1
155.15,1,1
141.6,1,1
137.2,1,1
149.1,1,1
165.5,1,1
183.96,0,0
200.13,0,0
212.8,0,0
227.47,0,0
243.91,0,0
262.97,0,0
286.27,0,0
312.67,0,0
338.1,0,0
361.49,0,0
381.22,0,0
402.22,0,0
422.94,0,0
426.15,0,0
406.81,0,0
376.08,0,0
321.59,0,0
291.08,0,0
293.48,0,0
296.01,0,0
295.8,0,0
298.28,0,0
303.61,0,0
308.91,0,0
313.17,0,0
309.28,0,0
294.62,0,0
279.1,0,0
264.4,0,0
201.18,0,0
95.03,1,1
34.51,1,1
40.47,1,1
41.74,1,1
39.33,1,1
36.55,1,1
33.67,1,1
33.09,1,1
35.18,1,1
37.34,1,1
39.52,1,1
39.97,1,1
38.64,1,1
37.24,1,1
35.81,1,1
34.51,1,1
33.19,1,1
40.71,1,1
62.89,0,0
63.04,0,0
36.59,1,1
33.72,1,1
35.28,1,1
34.57,1,1
53.15,1,1
107.91,0,0
165.1,0,0
187.27,0,0
173.81,0,0
160.35,0,0
146.89,0,0
144.52,0,0
152.56,0,0
160.23,0,0
167.19,0,0
150.46,0,0
114.08,0,0
75.91,0,0
36.28,1,1
41.12,1,1
46.36,1,1
50.98,1,1
55.81,0,0
58.6,0,0
59.24,0,0
59.58,0,0
59.26,0,0
60.09,0,0
61.92,0,0
62.61,0,0
61.65,0,0
59.92,0,0
57.91,0,0
55.54,0,0
53.21,1,1
50.33,1,1
47.01,1,1
45.32,1,1
45.22,1,1
45.37,1,1
45.92,1,1
44.45,1,1
73.11,0,0
108.12,0,0
140.27,0,0
177.77,0,0
213.65,0,0
234.49,0,0
238.68,0,0
241.71,0,0
241.99,0,0
249.65,0,0
265.3,0,0
273.39,0,0
277.37,0,0
288.14,0,0
305.7,0,0
330.45,0,0
357.65,0,0
380.54,0,0
403.34,0,0
423.95,0,0
440.47,0,0
437.59,0,0
415.63,0,0
387.72,0,0
349.84,0,0
342.08,0,0
365.48,0,0
389.86,0,0
410.28,0,0
421.15,0,0
424.84,0,0
428.93,0,0
432.66,0,0
441.67,0,0
456.01,0,0
465.6,0,0
473.54,0,0
473.04,0,0
464.45,0,0
453.74,0,0
438.22,0,0
437.09,0,0
450.84,0,0
460.13,0,0
467.58,0,0
465.44,0,0
453.42,0,0
434.19,0,0
412.48,0,0
390.03,0,0
363.22,0,0
330.6,0,0
298.15,0,0
291.0,0,0
308.87,0,0
327.19,0,0
346.76,0,0
355.89,0,0
355.83,0,0
355.76,0,0
355.7,0,0
351.0,0,0
340.16,0,0
330.17,0,0
319.36,0,0
296.64,0,0
261.27,0,0
218.92,0,0
176.78,0,0
172.78,0,0
206.15,0,0
238.84,0,0
257.57,0,0
249.37,0,0
231.93,0,0
217.66,0,0
207.68,0,0
206.84,0,0
213.99,0,0
237.3,0,0
277.59,0,0
285.42,0,0
256.15,0,0
193.78,0,0
107.91,0,0
57.4,1,1
42.13,1,1
37.98,1,1
39.19,1,1
43.78,1,1
51.17,1,1
55.57,1,1
57.31,1,1
56.84,1,1
55.08,1,1
54.35,1,1
54.87,1,1
55.82,1,1
57.5,1,1
56.25,1,1
52.64,1,1
49.83,1,1
47.79,1,1
45.36,1,1
42.24,1,1
40.58,1,1
40.11,1,1
38.15,1,1
48.44,1,1
74.91,0,0
102.94,0,0
121.2,0,0
129.38,0,0
130.77,0,0
124.04,0,0
119.04,0,0
113.7,0,0
129.4,0,0
162.84,0,0
191.92,0,0
222.43,0,0
267.51,0,0
326.25,0,0
375.6,0,0
419.35,0,0
429.09,0,0
412.32,0,0
393.21,0,0
369.66,0,0
384.9,0,0
428.05,0,0
464.52,0,0
486.03,0,0
492.22,0,0
482.69,0,0
472.86,0,0
462.88,0,0
447.98,0,0
428.67,0,0
408.64,0,0
387.32,0,0
344.55,0,0
285.06,0,0
212.9,1,1
141.2,1,1
126.59,1,1
168.43,1,1
214.41,1,1
260.07,0,0
273.56,0,0
255.34,1,1
235.96,1,1
216.24,1,1
219.91,1,1
249.92,1,1
275.42,0,0
299.41,0,0
322.71,0,0
345.02,0,0
366.19,0,0
382.18,0,0
396.54,0,0
409.36,0,0
422.26,0,0
430.04,0,0
419.9,0,0
394.13,0,0
372.45,0,0
361.12,0,0
350.93,0,0
324.45,0,0
301.74,0,0
270.38,0,0
246.88,1,1
228.08,1,1
234.38,1,1
268.95,0,0
295.6,0,0
313.12,0,0
317.91,0,0
308.33,0,0
285.36,0,0
250.48,1,1
225.23,1,1
220.38,1,1
228.62,1,1
253.45,1,1
255.78,1,1
234.52,1,1
232.94,1,1
245.77,1,1
259.18,0,0
267.54,0,0
256.02,0,0
225.01,1,1
230.2,1,1
269.78,0,0
306.69,0,0
339.99,0,0
364.51,0,0
381.2,0,0
401.24,0,0
419.2,0,0
432.49,0,0
445.45,0,0
462.27,0,0
482.71,0,0
495.85,0,0
502.01,0,0
505.61,0,0
508.92,0,0
511.67,0,0
513.87,0,0
514.66,0,0
513.58,0,0
513.01,0,0
510.53,0,0
508.29,0,0
508.07,0,0
507.84,0,0
507.61,0,0
504.46,0,0
498.47,0,0
491.2,0,0
483.13,0,0
490.4,0,0
508.54,0,0
523.71,0,0
534.6,0,0
537.65,0,0
537.76,0,0
537.86,0,0
537.97,0,0
537.46,0,0
534.6,0,0
529.19,0,0
523.54,0,0
524.56,0,0
532.41,0,0
537.33,0,0
539.0,0,0
539.7,0,0
539.44,0,0
539.16,0,0
538.87,0,0
539.27,0,0
540.36,0,0
540.38,0,0
540.38,0,0
540.38,0,0
540.38,0,0
540.38,0,0
540.38,0,0
540.38,0,0
540.38,0,0
540.38,0,0
540.38,0,0
537.24,0,0
530.63,0,0
523.95,0,0
516.77,0,0
507.12,0,0
493.89,0,0
473.29,0,0
449.85,0,0
427.76,0,0
404.14,0,0
380.83,0,0
363.76,0,0
351.8,0,0
342.16,0,0
330.67,0,0
315.71,0,0
306.49,0,0
308.68,0,0
296.76,1,1
269.02,1,1
237.06,1,1
201.28,1,1
191.95,1,1
207.56,1,1
216.35,1,1
217.2,1,1
212.18,1,1
196.76,1,1
200.69,1,1
224.39,1,1
230.02,1,1
219.67,1,1
188.91,1,1
137.6,1,1
97.39,1,1
72.16,1,1
81.9,1,1
128.0,1,1
180.21,1,1
227.2,1,1
265.67,1,1
296.43,1,1
325.55,0,0
358.87,0,0
386.61,0,0
408.41,0,0
427.24,0,0
445.87,0,0
461.75,0,0
474.54,0,0
483.12,0,0
488.78,0,0
499.68,0,0
510.9,0,0
517.09,0,0
521.86,0,0
524.12,0,0
526.2,0,0
528.25,0,0
530.32,0,0
531.37,0,0
531.34,0,0
531.28,0,0
531.24,0,0
526.22,0,0
513.95,0,0
498.38,0,0
478.3,0,0
468.53,0,0
470.64,0,0
472.76,0,0
474.91,0,0
476.62,0,0
478.16,0,0
479.75,0,0
481.6,0,0
482.0,0,0
481.34,0,0
480.89,0,0
480.21,0,0
487.56,0,0
499.2,0,0
510.72,0,0
520.5,0,0
524.92,0,0
526.06,0,0
527.28,0,0
528.52,0,0
532.88,0,0
537.01,0,0
538.58,0,0
540.14,0,0
540.14,0,0
538.59,0,0
537.05,0,0
532.98,0,0
525.21,0,0
516.72,0,0
508.23,0,0
499.79,0,0
486.59,0,0
468.78,0,0
453.73,0,0
439.76,0,0
419.26,0,0
389.78,0,0
360.68,1,1
335.03,1,1
316.98,1,1
305.34,1,1
302.98,1,1
309.76,1,1
311.04,1,1
306.2,1,1
304.96,1,1
308.5,1,1
311.48,1,1
313.14,1,1
323.62,1,1
342.49,1,1
370.54,0,0
393.85,0,0
396.29,0,0
366.43,1,1
323.77,1,1
290.97,1,1
281.85,1,1
295.72,1,1
296.88,1,1
284.89,1,1
296.03,1,1
329.7,1,1
359.63,1,1
384.47,0,0
401.62,0,0
411.82,0,0
421.99,0,0
434.03,0,0
434.11,0,0
423.54,0,0
421.56,0,0
427.25,0,0
441.01,0,0
461.37,0,0
478.77,0,0
493.33,0,0
497.95,0,0
493.55,0,0
498.73,0,0
515.7,0,0
529.62,0,0
538.02,0,0
539.16,0,0
539.37,0,0
539.59,0,0
539.8,0,0
539.8,0,0
539.58,0,0
539.35,0,0
539.12,0,0
539.0,0,0
538.99,0,0
538.99,0,0
538.98,0,0
538.85,0,0
538.61,0,0
538.37,0,0
538.12,0,0
538.21,0,0
538.65,0,0
539.12,0,0
539.6,0,0
540.16,0,0
540.38,0,0
540.38,0,0
540.38,0,0
540.38,0,0
540.38,0,0
540.38,0,0
540.38,0,0
540.38,0,0
540.38,0,0
540.38,0,0
540.38,0,0
540.38,0,0
540.38,0,0
540.38,0,0
540.38,0,0
540.38,0,0
540.38,0,0
540.38,0,0
540.38,0,0
539.22,0,0
536.77,0,0
534.33,0,0
531.95,0,0
528.9,0,0
525.16,0,0
514.46,0,0
496.49,0,0
478.47,0,0
459.93,0,0
444.18,0,0
431.94,1,1
408.18,1,1
371.33,1,1
367.43,1,1
398.11,1,1
431.45,1,1
452.58,0,0
451.12,0,0
432.89,1,1
415.7,1,1
399.71,1,1
396.54,1,1
406.26,1,1
412.72,1,1
415.2,1,1
418.17,1,1
421.97,1,1
425.82,1,1
431.37,1,1
430.69,1,1
424.11,1,1
415.17,1,1
403.71,1,1
405.07,1,1
418.67,1,1
430.01,1,1
438.85,0,0
446.83,0,0
454.01,0,0
462.22,0,0
471.35,0,0
478.32,0,0
483.13,0,0
489.1,0,0
496.36,0,0
500.87,0,0
502.71,0,0
503.45,0,0
504.0,0,0
509.98,0,0
520.25,0,0
532.97,0,0
540.09,0,0
539.34,0,0
538.58,0,0
537.6,0,0
533.6,0,0
527.81,0,0
522.0,0,0
522.4,0,0
529.22,0,0
536.11,0,0
538.3,0,0
539.13,0,0
539.34,0,0
539.56,0,0
539.79,0,0
540.01,0,0
540.24,0,0
540.38,0,0
540.38,0,0
540.38,0,0
540.38,0,0
540.38,0,0
540.38,0,0
540.38,0,0
540.38,0,0
540.38,0,0
540.03,0,0
539.38,0,0
538.44,0,0
537.5,0,0
536.54,0,0
536.37,0,0
537.02,0,0
537.66,0,0
538.34,0,0
538.04,0,0
536.77,0,0
532.93,0,0
526.81,0,0
523.76,0,0
523.82,0,0
523.82,0,0
523.88,0,0
519.11,0,0
507.06,0,0
493.18,0,0
479.3,0,0
463.72,0,0
449.78,1,1
446.55,1,1
455.52,1,1
459.69,0,0
459.19,0,0
468.55,0,0
485.63,0,0
508.02,0,0
521.41,0,0
521.68,0,0
486.5,0,0
415.07,1,1
343.19,1,1
328.94,1,1
372.47,1,1
407.83,1,1
427.89,1,1
444.11,1,1
455.66,0,0
465.25,0,0
472.97,0,0
482.35,0,0
492.93,0,0
512.09,0,0
526.03,0,0
526.7,0,0
505.78,0,0
469.12,0,0
438.18,1,1
420.39,1,1
414.04,1,1
410.13,1,1
403.89,1,1
399.26,1,1
396.07,1,1
390.21,1,1
386.96,1,1
385.48,1,1
386.12,1,1
391.57,1,1
400.56,1,1
430.29,1,1
468.77,0,0
490.76,0,0
504.69,0,0
514.62,0,0
520.81,0,0
531.4,0,0
538.02,0,0
538.78,0,0
539.54,0,0
540.03,0,0
540.25,0,0
540.38,0,0
540.38,0,0
540.38,0,0
540.13,0,0
539.67,0,0
539.21,0,0
538.8,0,0
538.45,0,0
538.1,0,0
537.74,0,0
537.44,0,0
537.2,0,0
536.95,0,0
536.1,0,0
533.22,0,0
528.46,0,0
523.57,0,0
518.32,0,0
511.55,0,0
505.63,0,0
499.77,0,0
493.87,0,0
488.49,0,0
482.54,0,0
476.69,0,0
470.47,0,0
462.03,0,0
451.65,0,0
438.71,0,0
419.96,0,0
428.42,0,0
454.7,0,0
474.28,0,0
491.75,0,0
494.34,0,0
484.93,0,0
472.06,0,0
459.2,0,0
450.41,0,0
445.94,0,0
441.49,0,0
437.11,0,0
425.18,0,0
407.06,0,0
387.95,0,0
366.75,0,0
358.11,1,0
362.59,0,0
366.97,0,0
371.24,0,0
358.97,0,0
332.22,1,1
311.56,1,1
297.32,1,1
295.56,1,1
305.59,1,1
319.62,1,1
339.08,1,1
343.24,1,1
332.05,1,1
302.87,1,1
262.18,1,1
223.23,1,1
182.8,1,1
154.16,1,1
138.16,1,1
136.24,1,1
145.52,1,1
147.96,1,1
142.45,1,1
161.81,1,1
205.28,1,1
265.1,1,1
343.33,1,1
382.19,0,0
395.88,0,0
388.4,0,0
364.46,0,0
374.32,0,0
412.34,0,0
440.98,0,0
458.94,0,0
461.1,0,0
453.2,0,0
452.05,0,0
457.08,0,0
464.18,0,0
473.15,0,0
480.21,0,0
485.03,0,0
484.34,0,0
476.61,0,0
466.61,0,0
449.37,0,0
449.06,0,0
465.37,0,0
474.67,0,0
484.34,0,0
493.58,0,0
500.7,0,0
507.25,0,0
513.85,0,0
521.16,0,0
526.52,0,0
531.94,0,0
537.06,0,0
537.28,0,0
535.13,0,0
531.82,0,0
528.43,0,0
526.62,0,0
526.38,0,0
526.13,0,0
525.87,0,0
524.51,0,0
521.98,0,0
519.49,0,0
516.07,0,0
513.97,0,0
513.66,0,0
513.45,0,0
513.13,0,0
506.94,0,0
494.81,0,0
480.68,0,0
463.83,0,0
450.31,0,0
436.65,0,0
418.47,0,0
400.14,0,0
383.56,0,0
368.25,0,0
347.94,0,0
327.51,0,0
309.57,0,0
294.66,0,0
278.78,0,0
264.03,0,0
268.55,0,0
292.89,0,0
308.74,0,0
318.05,0,0
317.98,0,0
308.73,0,0
300.71,0,0
292.18,0,0
271.08,0,0
237.61,1,1
203.75,1,1
162.46,1,1
132.72,1,1
113.78,1,1
96.01,1,1
78.79,1,1
66.57,1,1
57.71,1,1
74.01,1,1
115.41,1,1
152.53,1,1
184.23,1,1
212.29,1,1
234.09,1,1
258.63,1,1
283.83,0,0
293.42,0,0
287.53,0,0
276.14,0,0
262.57,0,0
255.44,1,1
256.46,1,1
276.45,0,0
307.05,0,0
336.56,0,0
353.07,0,0
338.57,0,0
312.71,0,0
323.9,0,0
361.95,0,0
387.2,0,0
406.64,0,0
421.8,0,0
433.19,0,0
424.05,0,0
392.18,0,0
341.9,0,0
279.31,0,0
265.31,0,0
299.31,0,0
330.66,0,0
356.75,0,0
359.56,0,0
338.66,0,0
316.71,0,0
290.97,0,0
273.21,0,0
262.07,1,1
250.84,1,1
240.51,1,1
238.4,1,1
247.56,1,1
255.85,1,1
264.27,0,0
275.44,0,0
289.29,0,0
302.37,0,0
315.58,0,0
345.5,0,0
395.12,0,0
431.48,0,0
463.05,0,0
468.81,0,0
459.66,0,0
447.93,0,0
431.35,0,0
395.51,0,0
324.27,0,0
239.35,0,0
144.97,0,0
55.04,0,0
36.25,1,1
41.44,1,1
46.45,1,1
46.99,1,1
42.82,1,1
38.5,1,1
34.02,1,1
34.03,1,1
38.87,1,1
43.43,1,1
47.71,1,1
50.53,1,1
52.44,0,0
53.57,0,0
53.99,0,0
53.56,0,0
51.45,0,0
49.4,1,1
47.54,1,1
44.86,1,1
43.06,1,1
40.71,1,1
37.55,1,1
48.63,1,1
40.85,1,1
42.49,1,1
42.13,1,1
40.9,1,1
49.92,1,1
78.56,0,0
105.68,0,0
131.63,0,0
152.51,0,0
177.02,0,0
205.19,0,0
223.07,0,0
228.54,0,0
249.09,0,0
285.23,0,0
323.88,0,0
356.89,0,0
395.61,0,0
438.2,0,0
470.56,0,0
492.93,0,0
488.18,0,0
455.35,0,0
431.85,0,0
418.11,0,0
422.33,0,0
444.72,0,0
463.02,0,0
476.78,0,0
481.74,0,0
477.97,0,0
476.23,0,0
476.74,0,0
477.61,0,0
479.03,0,0
476.91,0,0
471.05,0,0
466.47,0,0
462.93,0,0
463.8,0,0
468.25,0,0
472.05,0,0
474.62,0,0
480.03,0,0
489.1,0,0
498.34,0,0
505.23,0,0
508.61,0,0
508.6,0,0
508.59,0,0
508.58,0,0
513.79,0,0
523.23,0,0
529.9,0,0
536.66,0,0
537.87,0,0
538.18,0,0
538.5,0,0
538.83,0,0
539.1,0,0
539.31,0,0
539.52,0,0
539.75,0,0
539.55,0,0
538.93,0,0
538.29,0,0
537.66,0,0
537.82,0,0
538.83,0,0
539.84,0,0
540.38,0,0
540.38,0,0
540.38,0,0
540.38,0,0
540.38,0,0
540.38,0,0
540.38,0,0
540.38,0,0
540.38,0,0
540.38,0,0
540.38,0,0
540.38,0,0
540.38,0,0
536.96,0,0
529.67,0,0
522.33,0,0
514.4,0,0
504.82,0,0
492.43,0,0
471.88,0,0
451.27,0,0
437.32,0,0
430.15,0,0
420.14,0,0
402.01,0,0
385.55,0,0
372.23,0,0
358.34,0,0
343.96,1,1
327.31,1,1
311.28,1,1
300.58,1,1
295.79,1,1
288.12,1,1
276.61,1,1
273.2,1,1
278.69,1,1
281.5,1,1
281.3,1,1
289.14,1,1
306.28,1,1
321.39,1,1
336.45,1,1
342.01,1,1
339.22,1,1
336.16,1,1
332.23,1,1
333.5,1,1
335.22,1,1
336.55,1,1
337.6,1,1
348.56,1,1
368.32,0,0
382.36,0,0
388.95,0,0
393.58,0,0
394.42,0,0
406.5,0,0
425.39,0,0
440.53,0,0
453.54,0,0
463.5,0,0
471.81,0,0
480.97,0,0
488.73,0,0
499.09,0,0
506.77,0,0
508.76,0,0
509.66,0,0
514.52,0,0
523.64,0,0
530.15,0,0
536.75,0,0
538.04,0,0
538.57,0,0
539.11,0,0
539.65,0,0
540.2,0,0
540.38,0,0
540.38,0,0
540.38,0,0
540.38,0,0
540.38,0,0
540.38,0,0
540.19,0,0
539.79,0,0
539.54,0,0
539.28,0,0
539.01,0,0
538.57,0,0
537.93,0,0
537.3,0,0
536.65,0,0
535.81,0,0
536.63,0,0
536.85,0,0
537.07,0,0
536.63,0,0
532.3,0,0
527.04,0,0
521.7,0,0
522.53,0,0
529.82,0,0
536.43,0,0
537.94,0,0
539.25,0,0
540.36,0,0
540.38,0,0
540.38,0,0
536.71,0,0
529.07,0,0
521.46,0,0
513.92,0,0
504.07,0,0
483.93,0,0
458.92,0,0
444.73,0,0
432.58,0,0
420.74,0,0
406.58,0,0
382.14,0,0
354.17,0,0
324.01,0,0
302.69,1,1
300.24,1,1
297.78,1,1
294.01,1,1
292.42,1,1
294.1,1,1
299.32,1,1
308.2,0,1
307.57,1,1
295.86,1,1
287.2,1,1
282.21,1,1
276.9,1,1
271.29,1,1
265.87,1,1
259.76,1,1
250.32,1,1
236.37,1,1
213.38,1,1
181.78,1,1
176.27,1,1
187.01,1,1
211.8,1,1
247.17,1,1
276.28,1,1
307.81,0,0
324.42,0,0
326.86,0,0
333.05,0,0
337.2,0,0
346.53,0,0
356.44,0,0
357.26,0,0
352.33,0,0
361.83,0,0
387.27,0,0
412.6,0,0
436.22,0,0
453.46,0,0
466.14,0,0
479.62,0,0
489.19,0,0
492.19,0,0
491.87,0,0
491.55,0,0
491.23,0,0
495.4,0,0
502.25,0,0
508.54,0,0
514.89,0,0
519.65,0,0
522.31,0,0
524.29,0,0
526.3,0,0
528.87,0,0
532.01,0,0
535.2,0,0
537.28,0,0
535.66,0,0
526.61,0,0
515.91,0,0
501.02,0,0
496.03,0,0
501.22,0,0
506.48,0,0
511.83,0,0
517.17,0,0
521.06,0,0
524.49,0,0
528.07,0,0
530.47,0,0
531.68,0,0
532.9,0,0
534.17,0,0
534.77,0,0
534.75,0,0
534.75,0,0
534.72,0,0
532.11,0,0
526.96,0,0
521.89,0,0
516.84,0,0
510.75,0,0
506.4,0,0
502.15,0,0
497.87,0,0
484.83,0,0
462.13,0,0
448.06,0,0
442.89,0,0
437.78,0,0
433.02,0,0
423.71,0,0
410.67,0,0
396.89,1,1
383.01,1,1
382.74,1,1
397.85,1,1
402.92,1,1
398.2,1,1
399.79,1,1
407.28,1,1
419.12,0,0
435.24,0,0
435.47,0,0
420.19,0,0
410.25,0,0
405.16,1,1
408.07,1,1
417.98,0,0
418.19,0,0
408.5,0,0
395.69,1,1
376.26,1,1
360.01,1,1
346.75,1,1
343.8,1,1
352.68,1,1
354.13,1,1
349.62,1,1
346.7,1,1
344.18,1,1
353.32,1,1
372.29,1,1
390.2,1,1
407.04,1,1
423.21,0,0
437.24,0,0
448.86,0,0
457.58,0,0
475.64,0,0
498.28,0,0
515.67,0,0
526.9,0,0
531.67,0,0
534.52,0,0
536.96,0,0
539.7,0,0
539.75,0,0
539.33,0,0
538.91,0,0
538.49,0,0
538.12,0,0
537.79,0,0
537.47,0,0
536.82,0,0
535.53,0,0
534.46,0,0
533.37,0,0
532.26,0,0
532.73,0,0
534.79,0,0
536.87,0,0
537.43,0,0
538.01,0,0
538.78,0,0
539.58,0,0
540.38,0,0
539.92,0,0
538.04,0,0
534.35,0,0
525.31,0,0
522.47,0,0
525.94,0,0
529.49,0,0
533.12,0,0
536.71,0,0
537.88,0,0
539.08,0,0
540.29,0,0
540.38,0,0
540.38,0,0
540.38,0,0
540.38,0,0
540.38,0,0
540.38,0,0
540.15,0,0
539.17,0,0
535.37,0,0
527.5,0,0
513.9,0,0
500.59,0,0
491.68,0,0
485.25,0,0
472.42,0,0
437.16,0,0
403.99,1,1
392.52,1,1
395.29,1,1
419.73,1,1
429.85,1,1
427.56,1,1
433.39,0,0
446.71,0,0
460.6,0,0
473.96,0,0
480.08,0,0
478.63,0,0
479.8,0,0
484.49,0,0
476.99,0,0
457.0,0,0
440.27,0,0
428.02,1,1
421.42,1,1
418.51,1,1
415.44,1,1
411.13,1,1
412.01,1,1
380.79,1,1
324.59,1,1
280.32,1,1
274.13,1,1
302.34,1,1
318.82,1,1
324.83,1,1
341.6,1,1
366.36,1,1
387.64,1,1
405.31,1,1
421.92,1,1
439.73,0,0
456.04,0,0
470.23,0,0
482.15,0,0
493.09,0,0
503.94,0,0
515.06,0,0
521.84,0,0
524.39,0,0
528.32,0,0
533.63,0,0
537.32,0,0
539.93,0,0
540.38,0,0
540.38,0,0
540.38,0,0
540.38,0,0
540.38,0,0
540.38,0,0
540.38,0,0
540.38,0,0
540.38,0,0
540.38,0,0
540.38,0,0
540.38,0,0
540.38,0,0
540.38,0,0
540.38,0,0
540.38,0,0
540.38,0,0
540.38,0,0
540.38,0,0
540.38,0,0
540.38,0,0
540.38,0,0
540.38,0,0
540.38,0,0
540.38,0,0
540.38,0,0
540.38,0,0
540.38,0,0
540.38,0,0
540.38,0,0
540.38,0,0
540.38,0,0
540.38,0,0
540.38,0,0
540.38,0,0
540.38,0,0
540.38,0,0
540.38,0,0
540.38,0,0
540.38,0,0
536.23,0,0
527.42,0,0
518.55,0,0
509.58,0,0
497.13,0,0
479.94,0,0
465.04,0,0
455.05,0,0
440.59,0,0
419.95,1,1
419.28,1,1
439.1,0,0
463.82,0,0
484.29,0,0
484.04,0,0
469.43,0,0
459.26,0,0
445.83,0,0
438.88,0,0
431.96,1,1
427.17,1,1
424.63,1,1
407.71,1,1
376.04,1,1
338.52,1,1
294.84,1,1
294.69,1,1
336.58,1,1
370.17,1,1
396.88,1,1
405.16,1,1
396.43,1,1
389.55,1,1
384.66,1,1
387.8,1,1
399.1,1,1
407.95,1,1
414.56,1,1
420.62,1,1
426.28,1,1
433.08,1,1
440.4,0,0
448.19,0,0
456.46,0,0
462.18,0,0
460.68,0,0
465.69,0,0
473.2,0,0
487.39,0,0
509.37,0,0
520.91,0,0
521.33,0,0
523.42,0,0
527.25,0,0
530.92,0,0
534.4,0,0
537.37,0,0
538.08,0,0
538.81,0,0
539.55,0,0
539.71,0,0
539.27,0,0
538.83,0,0
538.38,0,0
537.37,0,0
531.09,0,0
523.63,0,0
513.3,0,0
511.94,0,0
520.94,0,0
526.82,0,0
532.71,0,0
532.6,0,0
526.13,0,0
519.34,0,0
508.55,0,0
506.17,0,0
512.68,0,0
518.88,0,0
523.16,0,0
527.04,0,0
530.63,0,0
534.32,0,0
536.74,0,0
536.96,0,0
536.68,0,0
536.39,0,0
535.39,0,0
534.71,0,0
534.71,0,0
534.68,0,0
534.67,0,0
536.36,0,0
537.35,0,0
538.33,0,0
539.31,0,0
534.91,0,0
524.52,0,0
513.96,0,0
502.86,0,0
491.08,0,0
484.66,0,0
475.99,0,0
456.86,0,0
436.25,0,0
416.26,0,0
397.09,0,0
381.25,0,0
366.62,0,0
352.43,1,1
339.88,1,1
330.0,1,1
319.94,1,1
308.32,1,1
299.39,1,1
292.34,1,1
284.04,1,1
273.84,1,1
269.8,1,1
272.3,1,1
273.74,1,1
274.03,1,1
276.99,1,1
280.93,1,1
281.86,1,1
279.96,1,1
283.26,1,1
291.17,1,1
294.6,1,1
292.17,1,1
305.97,1,1
335.32,1,1
366.31,0,0
397.97,0,0
404.01,0,0
387.64,0,0
375.57,0,0
366.14,1,0
375.37,0,0
396.94,0,0
416.71,0,0
434.95,0,0
449.46,0,0
464.79,0,0
481.89,0,0
499.89,0,0
513.44,0,0
518.59,0,0
523.34,0,0
530.32,0,0
535.04,0,0
539.2,0,0
540.38,0,0
540.38,0,0
540.38,0,0
540.38,0,0
540.38,0,0
540.38,0,0
540.38,0,0
540.38,0,0
540.38,0,0
540.38,0,0
540.38,0,0
540.38,0,0
540.38,0,0
540.38,0,0
540.38,0,0
540.38,0,0
539.77,0,0
536.06,0,0
520.87,0,0
497.21,0,0
483.58,0,0
485.94,0,0
488.31,0,0
490.53,0,0
490.15,0,0
487.11,0,0
483.82,0,0
480.45,0,0
472.48,0,0
459.59,0,0
446.48,0,0
424.01,0,0
415.92,0,0
423.03,0,0
430.64,0,0
437.84,0,0
448.02,0,0
459.32,0,0
470.62,0,0
481.92,0,0
477.36,0,0
457.32,0,0
436.02,0,0
401.88,0,0
359.79,1,1
295.58,1,1
233.37,1,1
164.45,1,1
132.92,1,1
136.17,1,1
159.36,1,1
202.31,1,1
266.52,1,1
341.02,1,1
391.83,0,0
415.74,0,0
420.42,0,0
407.4,0,0
391.43,0,0
372.59,1,1
360.32,1,1
355.44,1,1
366.21,1,1
393.24,0,0
421.92,0,0
451.79,0,0
465.96,0,0
463.27,0,0
455.99,0,0
444.39,0,0
435.9,0,0
431.11,0,0
425.27,0,0
418.22,0,0
420.19,0,0
431.78,0,0
439.65,0,0
443.48,0,0
437.07,0,0
418.24,0,0
399.56,0,0
384.76,0,0
379.93,1,0
385.29,0,0
383.07,0,0
367.55,1,1
360.58,1,1
361.26,1,1
368.69,1,1
387.31,0,0
400.37,0,0
407.94,0,0
412.13,0,0
412.34,0,0
408.99,0,0
402.41,0,0
407.85,0,0
422.98,0,0
438.31,0,0
453.85,0,0
458.63,0,0
452.21,0,0
445.74,0,0
439.23,0,0
440.93,0,0
450.95,0,0
461.03,0,0
466.88,0,0
461.99,0,0
434.91,0,0
407.06,0,0
371.53,1,1
345.74,1,1
332.39,1,1
318.47,1,1
303.93,1,1
301.98,1,1
314.08,1,1
325.47,1,1
337.81,1,1
357.84,0,0
383.33,0,0
403.95,0,0
424.45,0,0
425.98,0,0
408.07,0,0
390.0,0,0
371.78,0,0
355.98,0,0
348.87,0,0
340.96,1,1
333.81,1,1
340.83,1,1
362.03,0,0
378.93,0,0
394.12,0,0
404.13,0,0
408.07,0,0
411.85,0,0
415.53,0,0
405.39,0,0
380.91,0,0
361.87,0,0
348.28,0,0
355.24,0,0
372.62,0,0
391.45,0,0
414.97,0,0
434.89,0,0
418.14,0,0
409.8,0,0
381.93,0,0
341.37,0,0
285.83,1,1
264.23,1,1
278.44,1,1
282.76,1,1
276.71,1,1
278.35,1,1
287.88,1,1
305.06,1,1
327.62,1,1
334.16,1,1
326.52,1,1
309.24,1,1
282.38,1,1
293.16,1,1
339.73,1,1
392.48,0,0
429.53,0,0
426.37,0,0
392.36,0,0
359.14,0,0
340.48,1,1
338.12,1,1
352.05,0,0
362.47,0,0
369.62,0,0
382.01,0,0
399.61,0,0
412.47,0,0
421.34,0,0
436.02,0,0
451.72,0,0
464.76,0,0
478.06,0,0
489.41,0,0
498.86,0,0
506.19,0,0
509.91,0,0
509.05,0,0
503.79,0,0
495.41,0,0
480.32,0,0
465.27,0,0
440.41,0,0
433.78,0,0
448.04,0,0
461.83,0,0
469.67,0,0
475.83,0,0
480.27,0,0
484.55,0,0
489.07,0,0
496.83,0,0
506.26,0,0
515.85,0,0
523.48,0,0
529.83,0,0
536.59,0,0
538.15,0,0
539.61,0,0
540.36,0,0
540.36,0,0
540.36,0,0
540.36,0,0
540.36,0,0
540.36,0,0
540.36,0,0
540.36,0,0
539.74,0,0
538.5,0,0
537.25,0,0
535.02,0,0
532.69,0,0
534.02,0,0
535.37,0,0
536.33,0,0
535.7,0,0
532.42,0,0
529.11,0,0
525.87,0,0
517.49,0,0
503.8,0,0
489.19,0,0
474.01,0,0
464.86,0,0
462.43,0,0
449.93,0,0
424.55,0,0
403.72,0,0
391.01,1,1
383.65,1,1
381.46,1,1
373.93,1,1
361.33,1,1
358.79,1,1
370.02,1,1
385.63,1,1
395.85,0,1
392.38,1,1
377.34,1,1
359.44,1,1
346.24,1,1
336.02,1,1
328.67,1,1
311.94,1,1
284.79,1,1
291.16,1,1
330.32,1,1
372.4,1,1
404.13,0,0
416.77,0,0
422.26,0,0
433.57,0,0
450.81,0,0
449.47,0,0
408.23,0,0
349.73,1,1
299.17,1,1
295.01,1,1
334.95,1,1
371.93,1,1
403.21,0,0
411.03,0,0
404.35,0,0
405.63,0,0
415.3,0,0
435.83,0,0
458.65,0,0
477.09,0,0
494.29,0,0
510.42,0,0
520.42,0,0
525.89,0,0
531.27,0,0
535.38,0,0
538.19,0,0
538.74,0,0
537.21,0,0
530.15,0,0
522.72,0,0
512.3,0,0
501.33,0,0
488.23,0,0
472.98,0,0
466.16,0,0
467.96,0,0
469.78,0,0
471.63,0,0
468.41,0,0
459.83,0,0
445.29,0,0
429.78,0,0
424.2,0,0
429.15,0,0
434.26,0,0
439.51,0,0
437.99,0,0
430.2,0,0
422.29,0,0
414.26,0,0
409.69,0,0
408.14,0,0
406.57,0,0
405.49,0,0
410.1,0,0
421.15,0,0
432.92,0,0
443.48,0,0
450.95,0,0
459.54,0,0
468.44,0,0
477.0,0,0
481.52,0,0
481.76,0,0
482.23,0,0
482.46,0,0
476.89,0,0
465.24,0,0
453.82,0,0
442.68,0,0
429.62,0,0
406.59,0,0
391.53,0,0
399.81,0,0
396.54,0,0
372.2,1,1
332.16,1,1
270.89,1,1
223.85,1,1
206.35,1,1
223.28,1,1
269.96,1,1
302.62,1,1
319.85,1,1
340.28,1,1
362.27,1,1
389.12,0,0
413.96,0,0
414.53,0,0
394.9,0,0
377.3,1,1
357.47,1,1
347.65,1,1
348.45,1,1
360.63,1,1
384.42,1,1
396.69,0,0
392.09,0,0
387.62,1,1
384.86,1,1
387.88,1,1
396.06,0,0
398.63,0,0
394.71,0,0
408.65,0,0
442.63,0,0
473.54,0,0
500.72,0,0
504.18,0,0
483.97,0,0
465.45,0,0
449.55,0,0
451.74,0,0
469.47,0,0
481.26,0,0
487.21,0,0
490.35,0,0
491.31,0,0
489.93,0,0
485.39,0,0
476.51,0,0
466.77,0,0
450.66,0,0
436.34,0,0
421.84,0,0
407.14,0,0
394.28,0,0
388.13,1,1
381.94,1,1
375.7,1,1
380.23,1,1
395.8,0,0
408.17,0,0
419.38,0,0
428.03,0,0
433.96,0,0
439.61,0,0
445.66,0,0
456.56,0,0
465.69,0,0
474.48,0,0
483.52,0,0
486.66,0,0
483.66,0,0
480.84,0,0
477.75,0,0
483.1,0,0
494.82,0,0
505.16,0,0
515.58,0,0
522.44,0,0
528.14,0,0
533.86,0,0
537.01,0,0
537.6,0,0
537.59,0,0
537.56,0,0
537.55,0,0
535.96,0,0
522.57,0,0
505.23,0,0
484.29,0,0
459.4,0,0
438.23,0,0
413.33,0,0
381.97,0,0
348.96,0,0
315.81,0,0
274.61,0,0
227.63,0,0
217.45,0,0
243.73,0,0
259.4,0,0
276.38,0,0
263.43,0,0
232.5,0,0
210.59,0,0
194.96,0,0
192.77,0,0
190.93,1,0
193.11,0,0
198.73,0,0
196.24,0,0
188.37,1,1
183.92,1,1
183.04,1,1
182.52,1,1
183.34,1,1
185.42,1,1
189.6,1,1
191.95,1,1
192.33,1,1
193.3,0,0
193.92,0,0
193.34,0,0
192.55,0,0
195.12,0,0
201.77,0,0
201.87,0,0
191.17,1,1
185.05,1,1
176.04,1,1
167.45,1,1
161.16,1,1
169.15,1,1
185.89,1,1
208.78,0,0
238.49,0,0
259.09,0,0
280.05,0,0
287.14,0,0
277.23,0,0
262.17,0,0
238.44,0,0
216.18,0,0
200.05,0,0
183.45,1,1
168.43,1,1
160.0,1,1
156.21,1,1
153.56,1,1
150.88,1,1
167.32,1,1
205.43,0,0
244.8,0,0
284.25,0,0
327.51,0,0
368.39,0,0
408.05,0,0
437.8,0,0
456.65,0,0
462.82,0,0
466.9,0,0
470.81,0,0
465.91,0,0
446.66,0,0
421.05,0,0
394.68,0,0
384.5,0,0
394.15,0,0
402.67,0,0
411.26,0,0
437.86,0,0
469.27,0,0
493.23,0,0
511.91,0,0
517.96,0,0
510.86,0,0
503.7,0,0
496.43,0,0
488.53,0,0
477.59,0,0
466.2,0,0
454.37,0,0
445.23,0,0
433.95,0,0
421.76,0,0
410.18,0,0
389.63,0,0
360.67,0,0
323.48,0,0
286.33,0,0
264.76,0,0
257.32,0,0
242.22,0,0
221.25,0,0
192.26,0,0
154.58,1,1
113.07,1,1
74.16,1,1
54.94,1,1
56.17,1,1
59.22,1,1
62.33,1,1
54.91,1,1
43.46,1,1
44.75,1,1
45.38,1,1
46.33,1,1
47.47,1,1
48.5,1,1
49.78,1,1
50.21,1,1
49.68,1,1
49.07,1,1
48.13,1,1
46.41,1,1
45.11,1,1
88.51,1,1
128.74,1,1
164.13,1,1
191.63,0,0
218.61,0,0
239.19,0,0
253.07,0,0
259.55,0,0
269.67,0,0
282.25,0,0
307.52,0,0
338.08,0,0
369.77,0,0
399.49,0,0
417.04,0,0
429.56,0,0
448.71,0,0
472.15,0,0
487.6,0,0
496.32,0,0
504.2,0,0
510.91,0,0
519.56,0,0
525.33,0,0
524.39,0,0
524.58,0,0
528.37,0,0
534.88,0,0
538.25,0,0
539.65,0,0
540.16,0,0
539.75,0,0
539.33,0,0
538.9,0,0
538.79,0,0
539.0,0,0
539.21,0,0
539.41,0,0
539.41,0,0
539.19,0,0
538.96,0,0
538.74,0,0
538.71,0,0
538.9,0,0
539.1,0,0
539.31,0,0
538.7,0,0
537.28,0,0
532.08,0,0
525.18,0,0
521.1,0,0
519.8,0,0
518.03,0,0
516.03,0,0
519.56,0,0
525.98,0,0
532.47,0,0
537.1,0,0
537.07,0,0
532.29,0,0
525.42,0,0
518.49,0,0
516.83,0,0
521.6,0,0
526.03,0,0
530.42,0,0
535.8,0,0
535.88,0,0
535.93,0,0
534.76,0,0
532.27,0,0
528.91,0,0
519.52,0,0
504.12,0,0
487.92,0,0
470.95,0,0
462.61,0,0
463.11,0,0
462.78,0,0
461.35,0,0
458.59,0,0
453.97,0,0
448.98,1,1
443.03,1,1
438.49,1,1
435.37,1,1
427.68,1,1
416.14,1,1
420.89,1,1
442.03,1,1
464.51,0,0
486.26,0,0
488.65,0,0
473.58,0,0
462.74,0,0
456.12,0,0
450.86,0,0
444.13,1,1
431.33,1,1
415.3,1,1
414.75,1,1
428.99,1,1
441.95,1,1
447.63,1,1
444.51,1,1
431.89,1,1
421.7,1,1
417.76,1,1
419.85,1,1
427.85,1,1
433.3,1,1
436.69,1,1
446.82,1,1
461.51,0,0
474.66,0,0
485.59,0,0
492.48,0,0
496.24,0,0
498.66,0,0
499.48,0,0
498.53,0,0
493.88,0,0
493.14,0,0
496.99,0,0
500.75,0,0
503.61,0,0
510.93,0,0
522.72,0,0
530.47,0,0
537.53,0,0
537.97,0,0
536.93,0,0
533.49,0,0
530.0,0,0
527.7,0,0
526.62,0,0
525.53,0,0
524.47,0,0
523.65,0,0
523.15,0,0
522.57,0,0
522.0,0,0
523.68,0,0
527.61,0,0
531.63,0,0
535.68,0,0
535.64,0,0
531.46,0,0
527.22,0,0
522.91,0,0
523.69,0,0
529.66,0,0
535.74,0,0
537.64,0,0
538.54,0,0
539.05,0,0
539.57,0,0
540.09,0,0
540.22,0,0
539.96,0,0
539.7,0,0
539.43,0,0
535.79,0,0
528.25,0,0
520.07,0,0
511.79,0,0
505.9,0,0
502.81,0,0
498.47,0,0
492.55,0,0
488.88,0,0
487.23,0,0
475.43,0,0
451.55,1,1
429.46,1,1
408.96,1,1
393.26,1,1
383.22,1,1
374.92,1,1
366.56,1,1
383.08,1,1
422.42,1,1
459.72,0,0
494.83,0,0
498.1,0,0
469.61,0,0
449.3,1,1
440.16,1,1
428.91,1,1
399.82,1,1
358.44,1,1
321.11,1,1
308.35,1,1
318.2,1,1
316.54,1,1
303.2,1,1
313.51,1,1
347.5,1,1
374.22,1,1
393.56,1,1
423.09,1,1
461.85,0,0
508.46,0,0
533.45,0,0
529.11,0,0
515.75,0,0
500.06,0,0
491.74,0,0
490.27,0,0
495.71,0,0
496.29,0,0
489.95,0,0
486.38,0,0
485.55,0,0
494.13,0,0
512.23,0,0
525.46,0,0
533.91,0,0
537.61,0,0
537.9,0,0
538.19,0,0
538.49,0,0
538.21,0,0
537.35,0,0
533.91,0,0
529.78,0,0
526.64,0,0
524.52,0,0
522.38,0,0
519.52,0,0
519.44,0,0
522.18,0,0
524.17,0,0
526.24,0,0
525.51,0,0
521.71,0,0
516.66,0,0
510.46,0,0
508.96,0,0
512.59,0,0
516.24,0,0
519.39,0,0
524.18,0,0
531.39,0,0
536.95,0,0
538.51,0,0
539.49,0,0
539.89,0,0
540.29,0,0
540.38,0,0
540.38,0,0
540.38,0,0
540.38,0,0
540.38,0,0
540.38,0,0
540.38,0,0
540.38,0,0
540.38,0,0
535.54,0,0
524.58,0,0
513.43,0,0
502.28,0,0
500.12,0,0
503.34,0,0
491.12,0,0
465.53,0,0
440.29,0,0
417.98,1,1
408.6,1,1
413.63,1,1
419.68,0,0
426.11,0,0
430.84,0,0
433.14,0,0
440.92,0,0
452.51,0,0
447.83,0,0
419.2,0,0
387.41,1,1
359.18,1,1
341.37,1,1
336.3,1,1
328.29,1,1
316.74,1,1
321.19,1,1
339.39,1,1
352.39,1,1
361.03,1,1
367.47,1,1
372.76,1,1
376.44,1,1
378.95,1,1
384.46,1,1
392.97,1,1
406.18,1,1
419.93,0,0
425.87,0,0
410.17,1,1
383.97,1,1
363.3,1,1
378.03,1,1
420.78,0,0
458.78,0,0
482.72,0,0
492.35,0,0
496.97,0,0
503.13,0,0
510.81,0,0
517.19,0,0
522.37,0,0
528.78,0,0
536.2,0,0
539.91,0,0
540.38,0,0
540.38,0,0
540.38,0,0
540.38,0,0
540.38,0,0
540.38,0,0
540.38,0,0
540.38,0,0
540.38,0,0
540.38,0,0
540.38,0,0
540.38,0,0
540.38,0,0
540.38,0,0
540.38,0,0
540.38,0,0
540.38,0,0
540.38,0,0
540.38,0,0
540.38,0,0
540.38,0,0
540.38,0,0
540.38,0,0
540.38,0,0
540.38,0,0
540.38,0,0
540.38,0,0
540.38,0,0
540.38,0,0
540.38,0,0
540.38,0,0
540.38,0,0
540.38,0,0
540.38,0,0
540.38,0,0
540.38,0,0
540.38,0,0
540.38,0,0
540.38,0,0
540.38,0,0
539.73,0,0
534.18,0,0
523.64,0,0
521.33,0,0
525.48,0,0
530.89,0,0
498.47,0,0
499.13,0,0
499.65,0,0
490.07,0,0
470.0,0,0
453.02,0,0
439.21,0,0
415.11,0,0
377.47,1,1
367.88,1,1
387.79,0,0
405.58,0,0
415.68,0,0
422.6,0,0
432.51,0,0
452.17,0,0
478.57,0,0
477.13,0,0
450.93,0,0
428.47,0,0
412.82,0,0
397.85,0,0
382.56,1,1
365.29,1,1
345.41,1,1
333.61,1,1
329.67,1,1
317.32,1,1
293.68,1,1
289.74,1,1
305.69,1,1
325.98,1,1
352.29,1,1
359.48,1,1
351.43,1,1
349.45,1,1
351.3,1,1
358.04,1,1
369.2,1,1
379.42,1,1
391.17,0,0
415.85,0,0
442.7,0,0
457.55,0,0
459.98,0,0
460.02,0,0
457.86,0,0
463.31,0,0
477.91,0,0
489.87,0,0
498.3,0,0
500.91,0,0
499.14,0,0
497.36,0,0
495.11,0,0
493.82,0,0
493.5,0,0
493.17,0,0
492.84,0,0
491.51,0,0
488.84,0,0
486.12,0,0
483.37,0,0
472.87,0,0
451.73,0,0
418.52,0,0
382.58,0,0
361.5,1,1
366.97,1,1
371.88,1,1
377.45,1,1
394.13,0,0
417.48,0,0
441.71,0,0
460.25,0,0
459.33,0,0
438.25,0,0
410.19,0,0
381.23,0,0
369.93,0,0
379.22,0,0
387.93,0,0
396.8,0,0
401.26,0,0
400.63,0,0
400.57,0,0
400.51,0,0
401.02,0,0
402.09,0,0
403.14,0,0
404.17,0,0
413.23,0,0
428.71,0,0
437.16,0,0
442.23,0,0
435.58,0,0
417.02,0,0
397.82,0,0
380.11,0,0
353.93,0,0
312.33,0,0
277.86,0,0
246.97,0,0
222.72,0,0
210.19,0,0
204.72,1,1
203.03,1,1
195.36,1,1
170.88,1,1
129.56,1,1
69.82,1,1
39.65,1,1
40.78,1,1
52.63,1,1
73.04,1,1
103.56,1,1
141.14,1,1
174.99,1,1
206.99,1,1
215.41,0,1
209.55,1,1
204.86,1,1
201.67,1,1
178.33,1,1
128.75,1,1
89.07,1,1
59.36,1,1
75.4,1,1
139.09,1,1
198.86,1,1
248.34,0,0
295.23,0,0
328.24,0,0
345.83,0,0
353.87,0,0
361.78,0,0
373.31,0,0
401.66,0,0
433.41,0,0
461.02,0,0
482.95,0,0
500.69,0,0
513.95,0,0
522.65,0,0
529.24,0,0
532.06,0,0
529.86,0,0
524.57,0,0
512.55,0,0
499.25,0,0
481.33,0,0
473.1,0,0
474.97,0,0
476.85,0,0
478.74,0,0
479.21,0,0
478.61,0,0
478.0,0,0
477.18,0,0
472.86,0,0
464.33,0,0
450.32,0,0
434.96,0,0
426.2,0,0
424.21,0,0
422.16,0,0
420.03,0,0
433.56,0,0
459.24,0,0
475.01,0,0
491.07,0,0
502.44,0,0
513.08,0,0
522.1,0,0
529.1,0,0
533.3,0,0
534.46,0,0
535.66,0,0
536.52,0,0
536.83,0,0
537.22,0,0
537.62,0,0
538.01,0,0
538.34,0,0
538.61,0,0
538.88,0,0
539.14,0,0
536.99,0,0
532.13,0,0
527.21,0,0
522.29,0,0
511.66,0,0
494.45,0,0
480.26,0,0
469.66,0,0
455.42,0,0
436.76,0,0
419.46,0,0
401.74,0,0
379.81,0,0
353.25,0,0
335.64,1,1
321.45,1,1
309.18,1,1
296.49,1,1
286.69,1,1
281.0,1,1
274.03,1,1
263.67,1,1
261.92,1,1
270.2,1,1
277.49,1,1
282.89,1,1
286.03,1,1
286.9,1,1
287.43,1,1
287.18,1,1
284.8,1,1
277.84,1,1
271.73,1,1
265.86,1,1
273.47,1,1
293.61,1,1
311.57,1,1
327.97,1,1
341.75,0,0
353.64,0,0
370.98,0,0
390.52,0,0
402.57,0,0
412.55,0,0
425.51,0,0
441.74,0,0
459.41,0,0
475.19,0,0
486.96,0,0
498.9,0,0
514.69,0,0
523.63,0,0
526.94,0,0
529.84,0,0
529.15,0,0
526.42,0,0
522.52,0,0
515.69,0,0
508.69,0,0
501.67,0,0
500.65,0,0
505.88,0,0
511.13,0,0
516.42,0,0
514.8,0,0
506.18,0,0
496.79,0,0
484.86,0,0
478.57,0,0
478.35,0,0
477.94,0,0
477.52,0,0
475.57,0,0
471.77,0,0
468.04,0,0
463.88,0,0
468.22,0,0
481.26,0,0
494.08,0,0
503.72,0,0
507.05,0,0
503.95,0,0
500.79,0,0
497.71,0,0
497.23,0,0
499.57,0,0
502.12,0,0
504.56,0,0
513.63,0,0
525.1,0,0
535.05,0,0
538.27,0,0
539.12,0,0
538.73,0,0
538.33,0,0
537.93,0,0
533.9,0,0
525.76,0,0
517.52,0,0
509.41,0,0
507.05,0,0
510.61,0,0
507.32,0,0
497.5,0,0
483.8,0,0
466.27,0,0
468.85,0,0
491.26,0,0
518.99,0,0
528.6,0,0
519.82,0,0
482.64,0,0
440.23,0,0
418.0,1,1
414.38,1,1
427.24,1,1
442.19,0,0
458.03,0,0
451.55,0,0
409.38,1,1
356.24,1,1
314.23,1,1
296.81,1,1
303.59,1,1
299.75,1,1
285.75,1,1
286.97,1,1
303.33,1,1
310.27,1,1
308.94,1,1
324.28,1,1
355.3,1,1
395.86,1,1
419.02,1,1
420.9,1,1
417.72,1,1
411.48,1,1
410.49,1,1
416.59,1,1
428.56,1,1
440.52,0,0
451.19,0,0
461.1,0,0
472.34,0,0
485.84,0,0
502.16,0,0
516.31,0,0
522.15,0,0
525.09,0,0
528.78,0,0
533.13,0,0
538.06,0,0
540.38,0,0
540.38,0,0
540.38,0,0
540.38,0,0
540.38,0,0
540.38,0,0
540.38,0,0
540.38,0,0
540.38,0,0
540.38,0,0
540.38,0,0
540.38,0,0
540.38,0,0
540.38,0,0
540.38,0,0
540.38,0,0
540.38,0,0
540.38,0,0
540.38,0,0
540.38,0,0
540.38,0,0
540.38,0,0
540.38,0,0
540.38,0,0
540.38,0,0
540.38,0,0
540.38,0,0
540.38,0,0
540.38,0,0
540.38,0,0
540.38,0,0
540.38,0,0
540.38,0,0
540.38,0,0
540.38,0,0
540.38,0,0
540.38,0,0
540.38,0,0
540.38,0,0
540.38,0,0
537.19,0,0
530.41,0,0
523.54,0,0
516.6,0,0
507.13,0,0
493.77,0,0
478.58,0,0
461.03,0,0
444.56,0,0
432.57,1,1
423.69,1,1
416.1,1,1
411.84,1,1
412.43,1,1
401.57,1,1
377.14,1,1
346.2,1,1
310.25,1,1
299.36,1,1
318.87,1,1
332.25,1,1
338.38,1,1
350.07,1,1
366.05,1,1
383.56,1,1
401.99,1,1
413.64,1,1
418.29,1,1
424.56,1,1
432.09,1,1
438.87,0,0
445.48,0,0
455.25,0,0
467.05,0,0
465.81,0,0
449.48,0,0
429.9,1,1
409.55,1,1
411.49,1,1
435.38,0,0
458.46,0,0
478.57,0,0
485.94,0,0
481.5,0,0
479.01,0,0
479.03,0,0
483.11,0,0
488.74,0,0
493.34,0,0
499.77,0,0
508.62,0,0
517.06,0,0
524.01,0,0
531.19,0,0
536.19,0,0
539.05,0,0
540.38,0,0
540.38,0,0
539.8,0,0
539.09,0,0
538.72,0,0
538.71,0,0
538.71,0,0
538.69,0,0
538.43,0,0
537.89,0,0
537.36,0,0
535.3,0,0
532.24,0,0
528.62,0,0
524.95,0,0
521.02,0,0
512.53,0,0
501.0,0,0
486.51,0,0
469.51,0,0
462.97,0,0
467.57,0,0
472.2,0,0
477.1,0,0
489.03,0,0
503.86,0,0
518.36,0,0
527.93,0,0
536.37,0,0
538.04,0,0
539.58,0,0
540.38,0,0
540.38,0,0
540.38,0,0
540.38,0,0
540.38,0,0
540.38,0,0
540.38,0,0
540.38,0,0
540.38,0,0
537.14,0,0
530.2,0,0
523.19,0,0
516.19,0,0
507.58,0,0
489.64,0,0
466.43,0,0
451.6,0,0
434.34,0,0
416.91,0,0
398.59,0,0
378.86,1,1
359.08,1,1
339.03,1,1
334.3,1,1
347.53,1,1
367.66,1,1
376.61,1,1
371.02,1,1
352.21,1,1
317.26,1,1
285.73,1,1
291.26,1,1
335.72,1,1
388.07,0,0
423.85,0,0
428.25,0,0
420.17,0,0
412.01,0,0
407.51,0,0
401.63,0,0
393.82,0,0
382.2,1,1
363.36,1,1
344.21,1,1
321.08,1,1
305.2,1,1
296.6,1,1
302.28,1,1
321.04,1,1
336.8,1,1
349.29,1,1
366.2,1,1
387.31,0,0
401.14,0,0
408.01,0,0
412.97,0,0
417.09,0,0
429.75,0,0
450.65,0,0
470.7,0,0
486.05,0,0
497.93,0,0
506.7,0,0
511.67,0,0
512.87,0,0
512.18,0,0
509.7,0,0
507.29,0,0
504.75,0,0
501.79,0,0
498.25,0,0
493.79,0,0
489.15,0,0
487.87,0,0
489.86,0,0
491.71,0,0
493.73,0,0
495.77,0,0
497.67,0,0
499.14,0,0
500.63,0,0
506.71,0,0
517.79,0,0
526.16,0,0
533.81,0,0
532.56,0,0
522.04,0,0
507.1,0,0
490.04,0,0
475.59,0,0
469.75,0,0
463.77,0,0
457.65,0,0
450.73,0,0
439.31,0,0
426.4,0,0
413.28,0,0
395.6,0,0
373.3,0,0
342.45,0,0
311.59,0,0
296.11,0,0
296.03,0,0
295.94,0,0
295.86,0,0
312.96,0,0
346.18,0,0
371.64,0,0
391.88,0,0
397.88,0,0
388.38,0,0
366.09,0,0
334.07,0,0
309.45,0,0
291.58,0,0
274.52,0,0
259.99,0,0
249.19,0,0
243.12,1,1
236.15,1,1
228.98,1,1
235.37,1,1
251.9,0,0
263.04,0,0
272.93,0,0
273.95,0,0
267.38,0,0
260.97,0,0
255.41,0,0
250.84,0,0
249.79,0,0
259.18,0,0
279.59,0,0
288.85,0,0
286.46,0,0
285.38,0,0
282.43,0,0
284.85,0,0
293.4,0,0
294.51,0,0
290.31,0,0
280.25,0,0
260.0,0,0
244.73,1,1
231.12,1,1
226.63,1,1
235.19,1,1
247.76,0,0
264.36,0,0
266.87,0,0
255.11,0,0
246.14,0,0
235.95,1,1
225.8,1,1
215.33,1,1
201.29,1,1
185.17,1,1
171.7,1,1
161.89,1,1
149.58,1,1
136.76,1,1
136.87,1,1
152.07,1,1
168.06,1,1
184.28,1,1
214.87,1,1
263.91,0,0
313.57,0,0
356.59,0,0
360.06,0,0
325.5,0,0
284.14,0,0
242.5,1,1
235.29,1,1
265.0,0,0
294.94,0,0
322.79,0,0
338.56,0,0
344.53,0,0
350.67,0,0
356.98,0,0
373.84,0,0
397.72,0,0
416.53,0,0
435.61,0,0
455.42,0,0
467.03,0,0
478.68,0,0
490.52,0,0
501.44,0,0
514.67,0,0
524.34,0,0
533.03,0,0
537.15,0,0
538.23,0,0
539.29,0,0
540.36,0,0
540.38,0,0
539.9,0,0
539.25,0,0
538.61,0,0
534.91,0,0
527.84,0,0
520.71,0,0
513.74,0,0
507.29,0,0
501.05,0,0
491.15,0,0
477.49,0,0
457.87,0,0
428.25,0,0
402.12,0,0
377.1,0,0
348.37,1,1
316.12,1,1
295.07,1,1
288.16,1,1
281.61,1,1
277.32,1,1
273.3,1,1
266.61,1,1
254.42,1,1
235.76,1,1
235.78,1,1
256.18,1,1
273.81,1,1
288.26,1,1
291.39,1,1
284.29,1,1
280.77,1,1
281.25,1,1
285.88,1,1
294.97,1,1
301.29,1,1
304.3,1,1
319.98,1,1
347.88,1,1
379.3,0,0
403.02,0,0
410.81,0,0
398.21,0,0
376.31,0,0
361.3,0,0
367.24,0,0
388.92,0,0
408.55,0,0
426.68,0,0
448.24,0,0
469.29,0,0
485.33,0,0
498.17,0,0
508.22,0,0
516.18,0,0
525.14,0,0
535.36,0,0
540.38,0,0
540.38,0,0
540.38,0,0
540.38,0,0
539.81,0,0
539.09,0,0
539.14,0,0
539.95,0,0
540.38,0,0
540.38,0,0
540.38,0,0
540.38,0,0
540.38,0,0
540.38,0,0
540.38,0,0
540.38,0,0
540.38,0,0
540.38,0,0
540.38,0,0
540.3,0,0
539.96,0,0
539.62,0,0
539.61,0,0
539.95,0,0
540.3,0,0
540.38,0,0
540.38,0,0
540.38,0,0
540.38,0,0
540.38,0,0
540.38,0,0
540.38,0,0
540.38,0,0
540.38,0,0
540.38,0,0
540.38,0,0
540.38,0,0
540.38,0,0
540.38,0,0
540.38,0,0
540.38,0,0
540.38,0,0
540.38,0,0
539.41,0,0
538.74,0,0
538.08,0,0
535.8,0,0
531.77,0,0
521.79,0,0
505.71,0,0
487.6,0,0
466.91,0,0
458.74,0,0
463.82,0,0
466.49,0,0
466.76,0,0
464.62,0,0
460.58,0,0
460.37,0,0
457.93,0,0
450.58,0,0
434.02,0,0
415.21,1,1
393.79,1,1
386.56,1,1
393.39,1,1
398.54,1,1
401.61,1,1
397.88,1,1
386.35,1,1
377.7,1,1
373.05,1,1
363.74,1,1
349.98,1,1
327.92,1,1
296.51,1,1
304.08,1,1
350.0,1,1
396.62,1,1
425.61,1,1
433.19,1,1
439.37,0,0
449.51,0,0
460.45,0,0
467.04,0,0
471.54,0,0
477.75,0,0
476.71,0,0
483.58,0,0
489.26,0,0
493.55,0,0
497.48,0,0
504.56,0,0
512.51,0,0
518.19,0,0
521.55,0,0
524.76,0,0
527.73,0,0
530.18,0,0
532.44,0,0
534.73,0,0
537.05,0,0
534.9,0,0
528.19,0,0
520.48,0,0
509.91,0,0
503.68,0,0
501.81,0,0
500.03,0,0
497.79,0,0
488.33,0,0
471.9,0,0
446.13,0,0
415.92,1,1
402.29,1,1
408.3,1,1
413.95,1,1
419.43,1,1
422.46,0,0
421.6,0,0
421.14,0,0
420.68,0,0
427.52,0,0
441.9,0,0
455.7,0,0
463.3,0,0
468.45,0,0
470.72,0,0
473.01,0,0
475.08,0,0
483.49,0,0
495.48,0,0
505.82,0,0
516.34,0,0
519.06,0,0
515.75,0,0
511.9,0,0
508.04,0,0
502.19,0,0
493.86,0,0
485.42,0,0
476.94,0,0
466.06,0,0
454.02,0,0
439.98,0,0
418.96,0,0
396.13,0,0
375.11,0,0
358.15,0,0
346.39,0,0
327.17,0,0
300.99,0,0
280.49,0,0
270.65,0,0
259.86,0,0
250.88,0,0
238.09,0,0
221.75,1,1
206.31,1,1
192.08,1,1
187.81,1,1
195.19,1,1
194.85,1,1
186.91,1,1
176.3,1,1
161.95,1,1
160.7,1,1
171.22,1,1
187.59,1,1
204.52,1,1
213.85,1,1
216.75,1,1
224.79,1,1
237.45,0,0
242.44,0,0
230.29,1,1
212.97,1,1
185.05,1,1
169.0,1,1
168.07,1,1
167.23,1,1
167.1,1,1
189.33,1,1
233.7,0,0
278.36,0,0
320.9,0,0
353.58,0,0
379.1,0,0
402.16,0,0
421.68,0,0
433.2,0,0
440.89,0,0
449.37,0,0
458.59,0,0
462.84,0,0
462.37,0,0
461.89,0,0
461.64,0,0
464.87,0,0
471.14,0,0
475.05,0,0
478.97,0,0
475.14,0,0
459.17,0,0
437.81,0,0
416.57,0,0
415.78,0,0
436.48,0,0
457.07,0,0
472.8,0,0
474.32,0,0
465.28,0,0
450.29,0,0
434.24,0,0
421.21,0,0
412.37,0,0
403.47,0,0
393.9,0,0
392.38,0,0
400.13,0,0
406.94,0,0
414.4,0,0
404.04,0,0
371.63,0,0
332.17,0,0
293.05,1,1
285.19,1,1
310.59,0,0
335.62,0,0
360.82,0,0
391.42,0,0
422.07,0,0
452.16,0,0
469.19,0,0
474.36,0,0
467.17,0,0
459.87,0,0
452.45,0,0
450.59,0,0
453.29,0,0
446.37,0,0
433.04,0,0
413.02,0,0
385.41,0,0
359.08,0,0
336.72,0,0
320.94,0,0
311.86,0,0
304.33,1,1
297.87,1,1
288.03,1,1
277.89,1,1
269.09,1,1
263.28,1,1
257.05,1,1
249.4,1,1
245.34,1,1
245.99,1,1
244.73,1,1
239.83,1,1
236.04,1,1
231.44,1,1
231.73,1,1
235.15,1,1
241.51,1,1
249.2,1,1
259.01,1,1
269.98,1,1
283.56,1,1
298.74,1,1
308.23,0,0
314.72,0,0
326.35,0,0
345.83,0,0
360.06,0,0
371.07,0,0
384.67,0,0
398.85,0,0
409.25,0,0
418.29,0,0
429.61,0,0
443.67,0,0
451.94,0,0
452.93,0,0
454.14,0,0
454.23,0,0
462.88,0,0
477.14,0,0
482.69,0,0
488.89,0,0
495.6,0,0
502.31,0,0
507.12,0,0
512.07,0,0
515.17,0,0
516.54,0,0
517.92,0,0
519.32,0,0
521.46,0,0
523.94,0,0
525.79,0,0
527.66,0,0
526.41,0,0
521.39,0,0
514.33,0,0
507.12,0,0
506.68,0,0
513.19,0,0
520.03,0,0
524.95,0,0
526.66,0,0
525.53,0,0
524.44,0,0
523.3,0,0
522.63,0,0
522.37,0,0
522.1,0,0
521.83,0,0
525.13,0,0
531.95,0,0
537.19,0,0
538.65,0,0
539.19,0,0
538.82,0,0
538.44,0,0
538.06,0,0
536.88,0,0
528.2,0,0
518.58,0,0
503.79,0,0
497.2,0,0
498.27,0,0
499.09,0,0
497.48,0,0
491.8,0,0
483.0,0,0
471.22,0,0
455.75,0,0
442.46,0,0
431.75,0,0
422.43,0,0
414.92,0,0
402.93,1,1
388.05,1,1
379.34,1,1
378.48,1,1
380.33,1,1
380.92,1,1
376.78,1,1
368.37,1,1
357.9,1,1
346.64,1,1
342.48,1,1
345.92,1,1
344.05,1,1
336.35,1,1
339.13,1,1
353.33,1,1
366.03,1,1
378.52,1,1
393.27,1,1
410.55,0,0
427.8,0,0
445.08,0,0
447.46,0,0
435.35,0,0
428.3,0,0
426.32,0,0
429.89,0,0
438.64,0,0
445.3,0,0
449.22,0,0
448.31,0,0
444.79,0,0
447.31,0,0
455.31,0,0
462.24,0,0
471.01,0,0
481.72,0,0
494.76,0,0
509.94,0,0
519.3,0,0
524.54,0,0
529.87,0,0
534.55,0,0
538.53,0,0
539.59,0,0
538.02,0,0
532.58,0,0
524.95,0,0
516.52,0,0
509.81,0,0
503.1,0,0
494.6,0,0
487.78,0,0
483.48,0,0
478.97,0,0
474.59,0,0
461.93,0,0
435.17,0,0
406.92,0,0
369.2,1,1
340.01,1,1
317.07,1,1
291.25,1,1
263.24,1,1
253.94,1,1
264.53,1,1
274.2,1,1
283.96,1,1
299.21,1,1
315.85,1,1
331.69,1,1
348.58,1,1
375.97,0,0
407.65,0,0
436.04,0,0
459.59,0,0
478.95,0,0
498.75,0,0
515.45,0,0
527.36,0,0
532.79,0,0
532.82,0,0
532.81,0,0
532.84,0,0
527.59,0,0
516.8,0,0
505.93,0,0
494.82,0,0
485.98,0,0
477.22,0,0
477.68,0,0
487.03,0,0
493.05,0,0
496.18,0,0
485.75,0,0
465.09,0,0
447.7,0,0
431.94,0,0
414.34,0,0
395.84,0,0
365.9,0,0
324.14,1,1
305.62,1,1
311.5,1,1
316.13,1,1
317.36,1,1
314.74,1,1
308.01,1,1
299.1,1,1
289.31,1,1
296.96,1,1
322.8,1,1
344.94,1,1
362.13,1,1
367.6,0,0
362.52,0,0
357.32,1,1
352.3,1,1
354.84,1,1
366.08,0,0
374.1,0,0
378.51,0,0
390.84,0,0
410.57,0,0
429.31,0,0
447.62,0,0
456.35,0,0
457.37,0,0
458.81,0,0
460.82,0,0
471.92,0,0
488.83,0,0
502.06,0,0
513.46,0,0
520.23,0,0
522.47,0,0
525.79,0,0
530.29,0,0
534.56,0,0
538.53,0,0
540.38,0,0
540.38,0,0
540.38,0,0
539.91,0,0
538.51,0,0
532.67,0,0
522.29,0,0
506.41,0,0
500.89,0,0
506.08,0,0
511.3,0,0
516.56,0,0
523.84,0,0
530.67,0,0
537.34,0,0
538.79,0,0
539.14,0,0
538.35,0,0
537.51,0,0
535.42,0,0
536.74,0,0
538.26,0,0
539.66,0,0
540.38,0,0
540.38,0,0
540.38,0,0
539.7,0,0
538.84,0,0
537.53,0,0
532.36,0,0
523.96,0,0
513.62,0,0
507.88,0,0
509.75,0,0
511.62,0,0
513.49,0,0
510.08,0,0
501.57,0,0
493.06,0,0
482.24,0,0
475.57,1,1
473.74,1,1
471.87,1,1
469.73,1,1
471.83,1,1
477.55,1,1
480.16,0,1
480.15,1,1
468.48,1,1
445.61,1,1
410.57,1,1
374.59,1,1
372.91,1,1
409.46,1,1
437.05,1,1
455.0,1,1
466.82,1,1
479.13,1,1
488.59,0,0
497.31,0,0
499.34,0,0
497.85,0,0
499.23,0,0
503.52,0,0
506.26,0,0
508.38,0,0
505.5,0,0
498.23,0,0
489.17,0,0
478.32,1,1
471.62,1,1
467.39,1,1
462.45,1,1
457.19,1,1
462.56,1,1
478.74,1,1
497.27,0,0
515.68,0,0
526.42,0,0
528.17,0,0
529.26,0,0
531.91,0,0
528.7,0,0
521.89,0,0
516.78,0,0
513.42,0,0
513.26,0,0
516.39,0,0
519.16,0,0
521.73,0,0
524.76,0,0
528.25,0,0
531.31,0,0
531.82,0,0
530.31,0,0
529.18,0,0
532.29,0,0
537.89,0,0
539.53,0,0
540.38,0,0
540.38,0,0
540.38,0,0
540.38,0,0
540.38,0,0
540.38,0,0
540.38,0,0
540.38,0,0
540.38,0,0
540.38,0,0
540.38,0,0
539.98,0,0
538.79,0,0
538.16,0,0
538.13,0,0
538.08,0,0
538.03,0,0
538.65,0,0
539.94,0,0
540.38,0,0
540.38,0,0
540.38,0,0
540.38,0,0
540.38,0,0
540.38,0,0
540.38,0,0
540.38,0,0
540.38,0,0
540.38,0,0
540.38,0,0
540.38,0,0
540.38,0,0
540.38,0,0
540.38,0,0
540.38,0,0
540.38,0,0
540.38,0,0
537.54,0,0
531.53,0,0
525.48,0,0
519.48,0,0
509.87,0,0
495.81,0,0
484.67,0,0
475.95,0,0
456.84,0,0
421.06,0,0
395.21,0,0
390.92,0,0
384.66,0,0
373.63,0,0
369.39,1,1
373.24,1,1
385.64,0,0
394.0,0,0
389.96,0,0
369.66,1,1
338.07,1,1
315.07,1,1
302.41,1,1
299.88,1,1
293.44,1,1
282.44,1,1
279.82,1,1
284.67,1,1
282.82,1,1
274.47,1,1
283.11,1,1
308.24,1,1
330.34,1,1
350.24,1,1
357.14,1,1
351.22,1,1
349.86,1,1
352.72,1,1
357.87,1,1
365.67,1,1
372.13,1,1
375.55,0,0
391.3,0,0
416.08,0,0
441.73,0,0
459.41,0,0
469.77,0,0
476.35,0,0
483.17,0,0
496.0,0,0
510.03,0,0
518.5,0,0
523.81,0,0
529.27,0,0
534.15,0,0
538.41,0,0
540.38,0,0
540.38,0,0
540.38,0,0
540.38,0,0
540.38,0,0
540.38,0,0
540.38,0,0
540.38,0,0
540.38,0,0
540.38,0,0
540.38,0,0
540.38,0,0
540.38,0,0
540.38,0,0
540.38,0,0
540.38,0,0
540.38,0,0
540.38,0,0
540.38,0,0
540.38,0,0
540.38,0,0
540.38,0,0
540.38,0,0
540.38,0,0
539.93,0,0
538.09,0,0
534.44,0,0
525.48,0,0
521.41,0,0
522.33,0,0
523.35,0,0
524.34,0,0
525.79,0,0
527.73,0,0
529.66,0,0
531.58,0,0
533.17,0,0
534.44,0,0
535.7,0,0
536.61,0,0
533.44,0,0
526.45,0,0
519.46,0,0
512.57,0,0
508.73,0,0
506.38,0,0
498.04,0,0
483.55,0,0
472.91,0,0
466.58,0,0
467.34,0,0
475.03,0,0
484.24,0,0
494.73,0,0
488.36,0,0
465.18,1,1
441.46,1,1
417.62,1,1
406.11,1,1
406.17,1,1
402.74,1,1
396.71,1,1
402.71,1,1
419.46,1,1
437.31,1,1
453.38,1,1
457.74,1,1
452.57,1,1
447.52,1,1
442.59,1,1
443.64,1,1
450.48,1,1
456.54,1,1
461.88,1,1
465.52,1,1
467.61,0,0
471.22,0,0
475.89,0,0
473.61,0,0
458.8,1,1
445.17,1,1
434.3,1,1
443.62,1,1
469.25,0,0
490.61,0,0
508.32,0,0
517.94,0,0
520.15,0,0
525.18,0,0
532.88,0,0
535.73,0,0
534.43,0,0
533.56,0,0
533.13,0,0
534.83,0,0
538.62,0,0
540.38,0,0
540.38,0,0
540.38,0,0
540.38,0,0
540.38,0,0
540.38,0,0
540.38,0,0
540.38,0,0
540.38,0,0
540.38,0,0
540.38,0,0
540.38,0,0
540.38,0,0
540.38,0,0
540.38,0,0
540.38,0,0
540.38,0,0
540.38,0,0
540.38,0,0
540.38,0,0
540.38,0,0
540.38,0,0
540.38,0,0
539.75,0,0
539.2,0,0
538.83,0,0
538.44,0,0
538.05,0,0
537.59,0,0
537.06,0,0
536.37,0,0
533.88,0,0
533.86,0,0
536.31,0,0
536.98,0,0
537.49,0,0
537.95,0,0
538.34,0,0
538.73,0,0
539.12,0,0
538.17,0,0
535.7,0,0
533.17,0,0
530.63,0,0
529.24,0,0
528.98,0,0
525.96,0,0
520.09,0,0
518.85,0,0
522.25,0,0
511.44,0,0
486.33,0,0
453.84,1,1
413.55,1,1
404.71,1,1
431.36,1,1
455.92,1,1
476.19,0,0
477.63,0,0
460.41,0,0
444.14,1,1
432.01,1,1
424.46,1,1
422.14,1,1
418.41,1,1
413.4,1,1
408.65,1,1
403.77,1,1
393.62,1,1
377.61,1,1
383.47,1,1
410.79,1,1
438.55,1,1
467.01,0,0
468.77,0,0
444.2,1,1
419.32,1,1
394.1,1,1
397.82,1,1
428.7,1,1
457.26,1,1
477.76,0,0
487.27,0,0
490.13,0,0
495.5,0,0
500.61,0,0
499.3,0,0
493.13,0,0
492.1,0,0
496.07,0,0
504.98,0,0
517.02,0,0
525.79,0,0
533.71,0,0
538.06,0,0
539.08,0,0
540.11,0,0
540.38,0,0
540.38,0,0
540.38,0,0
540.38,0,0
540.38,0,0
540.38,0,0
540.38,0,0
540.38,0,0
540.38,0,0
540.38,0,0
540.38,0,0
540.38,0,0
540.38,0,0
540.38,0,0
540.38,0,0
540.38,0,0
540.38,0,0
540.38,0,0
540.38,0,0
540.38,0,0
540.38,0,0
540.38,0,0
540.38,0,0
540.38,0,0
540.38,0,0
540.38,0,0
540.38,0,0
540.38,0,0
540.38,0,0
540.38,0,0
540.38,0,0
540.04,0,0
539.39,0,0
538.74,0,0
538.08,0,0
537.49,0,0
536.96,0,0
536.29,0,0
533.79,0,0
533.16,0,0
530.53,0,0
526.92,0,0
523.3,0,0
519.9,0,0
516.83,0,0
506.62,0,0
489.52,0,0
471.34,0,0
450.68,0,0
432.57,0,0
417.54,0,0
411.39,1,0
416.96,0,0
413.01,0,0
397.29,1,1
378.25,1,1
357.66,1,1
352.86,1,1
366.49,1,1
378.89,1,1
390.83,1,1
393.0,1,1
385.69,1,1
380.85,1,1
378.11,1,1
375.01,1,1
371.18,1,1
363.03,1,1
351.7,1,1
354.67,1,1
371.03,1,1
382.63,1,1
387.98,1,1
390.74,1,1
392.0,1,1
398.21,1,1
409.82,1,1
417.17,0,0
421.67,0,0
426.08,0,0
430.43,0,0
437.48,0,0
447.09,0,0
455.25,0,0
462.09,0,0
468.14,0,0
474.82,0,0
484.66,0,0
495.85,0,0
505.45,0,0
513.11,0,0
519.91,0,0
526.34,0,0
532.18,0,0
537.77,0,0
540.38,0,0
540.38,0,0
540.38,0,0
540.38,0,0
540.38,0,0
540.38,0,0
540.38,0,0
540.05,0,0
539.17,0,0
538.44,0,0
537.7,0,0
535.84,0,0
532.79,0,0
530.21,0,0
527.59,0,0
524.93,0,0
526.59,0,0
532.67,0,0
537.43,0,0
538.75,0,0
539.43,0,0
539.42,0,0
539.42,0,0
539.42,0,0
539.83,0,0
540.38,0,0
540.38,0,0
540.38,0,0
540.38,0,0
540.38,0,0
540.38,0,0
540.38,0,0
540.38,0,0
540.38,0,0
540.38,0,0
539.71,0,0
539.2,0,0
538.94,0,0
538.68,0,0
538.43,0,0
535.62,0,0
529.58,0,0
522.15,0,0
514.74,0,0
507.85,0,0
500.0,0,0
483.3,0,0
463.67,0,0
450.28,0,0
443.61,0,0
434.24,0,0
416.25,1,1
395.67,1,1
374.9,1,1
366.0,1,1
372.73,1,1
376.85,1,1
379.11,1,1
378.6,1,1
374.33,1,1
369.18,1,1
363.53,1,1
365.11,1,1
375.7,1,1
386.71,1,1
398.34,1,1
403.6,1,1
402.67,1,1
401.93,1,1
399.89,1,1
398.46,1,1
397.32,1,1
394.62,1,1
390.46,1,1
401.04,1,1
427.65,0,0
456.32,0,0
479.61,0,0
484.73,0,0
473.4,0,0
465.0,0,0
459.47,0,0
459.14,0,0
458.97,0,0
454.14,0,0
450.6,0,0
457.85,0,0
472.76,0,0
483.87,0,0
491.97,0,0
495.69,0,0
498.17,0,0
503.44,0,0
514.36,0,0
521.89,0,0
526.59,0,0
531.2,0,0
535.86,0,0
538.07,0,0
539.06,0,0
540.01,0,0
540.38,0,0
540.38,0,0
540.38,0,0
540.38,0,0
540.38,0,0
540.16,0,0
538.91,0,0
538.07,0,0
537.63,0,0
537.08,0,0
535.06,0,0
534.48,0,0
535.4,0,0
536.36,0,0
537.07,0,0
537.15,0,0
537.14,0,0
537.14,0,0
537.12,0,0
537.1,0,0
537.05,0,0
537.01,0,0
536.96,0,0
536.81,0,0
535.93,0,0
534.71,0,0
533.48,0,0
534.35,0,0
536.77,0,0
537.4,0,0
538.02,0,0
537.83,0,0
536.81,0,0
532.79,0,0
527.95,0,0
522.49,0,0
515.77,0,0
516.62,0,0
524.97,0,0
527.68,0,0
497.61,0,0
489.21,0,0
479.22,0,0
463.28,0,0
439.82,0,0
423.51,0,0
415.03,0,0
405.78,0,0
392.32,0,0
385.92,0,0
387.81,0,0
382.58,0,0
363.29,0,0
322.41,0,0
260.71,1,1
236.57,1,1
250.24,1,1
266.5,1,1
288.94,1,1
307.71,0,0
318.73,0,0
319.21,0,0
309.39,0,0
290.62,1,1
267.61,1,1
271.29,1,1
299.09,0,0
316.44,0,0
324.49,0,0
334.57,0,0
345.31,0,0
353.3,0,0
357.82,0,0
358.74,0,0
359.3,0,0
354.45,0,0
340.84,0,0
318.33,0,0
290.3,1,1
279.2,1,1
293.68,0,0
318.79,0,0
349.83,0,0
366.45,0,0
371.46,0,0
369.94,0,0
361.98,0,0
348.18,0,0
325.28,0,0
301.88,0,0
279.2,1,1
258.29,1,1
239.0,1,1
219.37,1,1
199.38,1,1
192.52,1,1
197.06,1,1
202.61,1,1
207.21,1,1
214.71,1,1
225.14,1,1
234.75,1,1
244.49,1,1
270.42,1,1
311.8,0,0
351.18,0,0
386.32,0,0
411.82,0,0
423.37,0,0
435.3,0,0
447.32,0,0
453.77,0,0
453.43,0,0
453.37,0,0
453.31,0,0
431.07,0,0
380.57,0,0
316.25,1,1
239.63,1,1
239.95,1,1
318.65,1,1
387.47,0,0
438.27,0,0
458.52,0,0
455.69,0,0
451.21,0,0
446.3,0,0
443.97,0,0
444.25,0,0
444.18,0,0
444.11,0,0
448.64,0,0
452.5,0,0
454.52,0,0
456.4,0,0
452.86,0,0
440.53,0,0
426.15,0,0
415.11,0,0
406.59,0,0
398.13,0,0
392.02,0,0
385.88,0,0
374.77,0,0
361.9,0,0
350.77,0,0
339.78,0,0
319.34,1,1
292.42,1,1
270.16,1,1
253.24,1,1
232.36,1,1
200.9,1,1
176.61,1,1
161.03,1,1
142.43,1,1
126.2,1,1
113.4,1,1
102.85,1,1
115.66,1,1
151.15,1,1
180.61,1,1
205.39,1,1
239.39,1,1
273.05,1,1
302.61,1,1
324.91,1,1
342.33,0,0
356.14,0,0
361.2,0,0
359.48,0,0
357.78,0,0
355.85,0,0
373.48,0,0
402.66,0,0
425.2,0,0
441.87,0,0
454.92,0,0
467.19,0,0
475.17,0,0
474.22,0,0
471.62,0,0
463.87,0,0
466.1,0,0
478.83,0,0
489.41,0,0
497.98,0,0
506.27,0,0
513.53,0,0
520.97,0,0
526.94,0,0
527.98,0,0
525.19,0,0
521.55,0,0
517.16,0,0
512.43,0,0
507.32,0,0
502.17,0,0
495.13,0,0
497.82,0,0
508.14,0,0
517.5,0,0
525.58,0,0
527.09,0,0
523.84,0,0
519.49,0,0
514.28,0,0
504.9,0,0
489.76,0,0
471.44,0,0
444.98,0,0
423.72,0,0
413.76,0,0
403.99,0,0
392.91,0,0
401.68,0,0
428.61,0,0
456.12,0,0
471.37,0,0
464.28,0,0
418.25,0,0
355.69,0,0
277.8,0,0
233.62,0,0
234.57,0,0
236.57,0,0
237.49,0,0
229.94,0,0
214.96,0,0
199.27,0,0
185.34,0,0
186.09,0,0
201.43,0,0
215.7,0,0
227.12,0,0
242.01,0,0
255.2,0,0
265.67,0,0
270.59,0,0
249.07,0,0
201.37,0,0
168.74,0,0
153.81,0,0
131.99,0,0
105.88,0,0
71.98,0,0
39.7,1,1
42.09,1,1
43.77,1,1
45.51,1,1
47.53,1,1
50.34,1,1
53.99,0,0
56.96,0,0
58.93,0,0
61.07,0,0
62.97,0,0
63.53,0,0
62.64,0,0
61.25,0,0
58.93,0,0
56.33,0,0
53.12,0,0
51.54,1,0
51.7,0,0
50.95,1,1
49.62,1,1
48.87,1,1
48.92,1,1
48.09,1,1
46.92,1,1
45.03,1,1
42.06,1,1
38.45,1,1
46.03,1,1
85.1,0,0
117.12,0,0
146.54,0,0
177.26,0,0
177.4,0,0
149.33,0,0
119.12,0,0
89.3,0,0
62.39,0,0
41.71,1,1
32.91,1,1
33.95,1,1
34.14,1,1
33.4,1,1
32.65,1,1
44.0,1,1
60.77,0,0
73.78,0,0
87.02,0,0
102.38,0,0
114.18,0,0
120.93,0,0
129.02,0,0
137.21,0,0
131.03,0,0
109.64,0,0
88.6,0,0
65.06,0,0
66.1,1,1
92.91,1,1
122.7,0,0
153.26,0,0
150.62,0,0
112.65,0,0
75.8,1,1
39.45,1,1
32.88,1,1
32.62,1,1
34.91,1,1
39.19,1,1
47.14,1,1
56.88,1,1
68.32,1,1
78.52,1,1
74.75,1,1
58.65,1,1
42.78,1,1
32.74,1,1
48.63,1,1
111.44,1,1
174.71,0,0
239.41,0,0
276.15,0,0
278.45,0,0
270.87,0,0
254.94,0,0
241.51,0,0
248.71,0,0
243.69,0,0
212.61,0,0
194.56,0,0
191.64,0,0
198.93,0,0
215.5,0,0
231.41,0,0
247.73,0,0
254.26,0,0
246.48,0,0
234.85,0,0
223.76,0,0
218.11,0,0
216.65,0,0
208.32,0,0
192.17,0,0
179.97,0,0
174.96,0,0
157.85,0,0
120.28,0,0
85.32,1,1
47.93,1,1
42.71,1,1
51.17,1,1
73.4,1,1
105.39,1,1
142.62,0,0
180.05,0,0
214.57,0,0
249.66,0,0
275.57,0,0
292.02,0,0
300.66,0,0
303.44,0,0
298.07,0,0
282.77,0,0
273.18,0,0
269.08,0,0
280.37,0,0
310.95,0,0
339.0,0,0
363.76,0,0
397.71,0,0
433.28,0,0
464.58,0,0
484.24,0,0
498.39,0,0
507.87,0,0
516.29,0,0
524.43,0,0
525.96,0,0
523.59,0,0
519.98,0,0
516.27,0,0
514.29,0,0
514.05,0,0
513.89,0,0
513.65,0,0
513.48,0,0
513.4,0,0
513.31,0,0
513.22,0,0
510.08,0,0
503.86,0,0
497.2,0,0
488.04,0,0
480.76,0,0
475.9,0,0
471.0,0,0
466.07,0,0
460.24,0,0
449.45,0,0
437.57,0,0
425.44,0,0
405.72,0,0
374.3,0,0
335.46,0,0
296.93,1,1
273.9,1,1
272.92,1,1
271.93,1,1
271.93,1,1
301.29,1,1
354.88,0,0
402.29,0,0
440.96,0,0
451.31,0,0
435.66,0,0
419.29,0,0
403.19,0,0
385.49,0,0
362.34,0,0
340.73,0,0
333.53,0,0
324.94,1,1
308.4,1,1
297.83,1,1
290.26,1,1
308.54,1,1
344.89,0,0
363.05,0,0
366.86,0,0
345.98,0,0
303.14,1,1
289.34,1,1
304.51,1,1
332.38,0,0
368.23,0,0
382.96,0,0
380.21,0,0
362.42,0,0
331.47,1,1
314.53,1,1
307.44,1,1
326.01,1,1
369.69,0,0
388.71,0,0
385.85,0,0
381.9,0,0
377.3,0,0
367.28,0,0
353.8,0,0
329.75,1,1
295.81,1,1
296.32,1,1
326.05,1,1
347.81,0,0
353.81,0,0
349.86,0,0
338.17,0,0
341.96,0,0
361.15,0,0
384.25,0,0
411.02,0,0
429.93,0,0
446.31,0,0
460.31,0,0
472.54,0,0
478.11,0,0
477.28,0,0
474.67,0,0
469.78,0,0
455.91,0,0
439.14,0,0
422.16,0,0
400.05,0,0
385.45,0,0
379.28,0,0
373.54,0,0
367.76,0,0
359.33,0,0
348.81,0,0
338.29,0,0
326.21,1,1
328.63,1,1
344.08,0,0
358.73,0,0
373.57,0,0
402.55,0,0
435.23,0,0
465.74,0,0
483.58,0,0
494.34,0,0
497.17,0,0
499.56,0,0
501.96,0,0
498.25,0,0
486.02,0,0
472.24,0,0
457.87,0,0
445.93,0,0
445.22,0,0
444.49,0,0
443.76,0,0
443.37,0,0
442.97,0,0
442.57,0,0
442.16,0,0
424.4,0,0
389.08,0,0
342.93,0,0
293.26,1,1
280.76,1,1
305.42,1,1
328.29,0,0
351.38,0,0
367.85,0,0
380.82,0,0
392.89,0,0
394.17,0,0
382.93,0,0
363.27,0,0
345.48,0,0
331.67,0,0
324.38,1,1
319.68,1,1
316.13,1,1
314.69,1,1
304.75,1,1
292.17,1,1
286.32,1,1
287.98,1,1
289.55,1,1
290.73,1,1
293.2,1,1
296.83,1,1
303.33,1,1
310.3,1,1
313.99,1,1
314.05,1,1
311.6,1,1
305.42,1,1
310.86,1,1
324.04,1,1
337.24,0,0
351.39,0,0
350.74,0,0
336.38,0,0
325.76,0,0
320.0,1,0
333.17,0,0
362.72,0,0
387.8,0,0
403.9,0,0
419.33,0,0
434.78,0,0
448.34,0,0
460.07,0,0
470.54,0,0
481.24,0,0
491.49,0,0
501.63,0,0
510.26,0,0
516.73,0,0
523.47,0,0
531.04,0,0
536.22,0,0
539.0,0,0
539.51,0,0
538.53,0,0
537.55,0,0
533.11,0,0
530.72,0,0
530.68,0,0
530.65,0,0
530.64,0,0
533.46,0,0
537.76,0,0
538.95,0,0
540.16,0,0
540.26,0,0
539.24,0,0
538.2,0,0
536.63,0,0
534.56,0,0
535.47,0,0
536.42,0,0
537.1,0,0
537.63,0,0
538.54,0,0
539.44,0,0
540.36,0,0
540.38,0,0
540.38,0,0
540.38,0,0
540.38,0,0
540.38,0,0
540.38,0,0
540.38,0,0
540.38,0,0
540.38,0,0
540.38,0,0
540.38,0,0
540.38,0,0
540.38,0,0
540.38,0,0
540.38,0,0
540.38,0,0
536.53,0,0
528.36,0,0
520.17,0,0
512.06,0,0
503.0,0,0
495.38,0,0
487.41,0,0
472.9,0,0
455.38,0,0
436.09,0,0
418.44,0,0
407.42,0,0
399.12,0,0
394.9,0,0
384.55,0,0
364.43,1,1
338.4,1,1
310.41,1,1
297.34,1,1
302.61,1,1
305.18,1,1
303.82,1,1
305.66,1,1
309.4,1,1
312.9,1,1
315.68,1,1
320.7,1,1
327.97,1,1
335.22,1,1
341.92,1,1
344.16,1,1
341.74,1,1
337.46,1,1
332.05,1,1
336.14,1,1
350.23,1,1
362.39,1,1
372.0,1,1
381.18,1,1
389.77,0,0
397.63,0,0
403.83,0,0
416.45,0,0
434.68,0,0
450.87,0,0
464.95,0,0
476.43,0,0
486.59,0,0
497.97,0,0
508.81,0,0
515.23,0,0
518.2,0,0
521.93,0,0
526.04,0,0
531.28,0,0
537.47,0,0
540.38,0,0
540.38,0,0
540.38,0,0
540.38,0,0
540.38,0,0
540.38,0,0
540.38,0,0
540.38,0,0
540.38,0,0
540.38,0,0
540.38,0,0
540.38,0,0
540.38,0,0
539.85,0,0
539.22,0,0
538.59,0,0
538.15,0,0
537.88,0,0
537.61,0,0
537.33,0,0
536.81,0,0
534.6,0,0
532.38,0,0
530.12,0,0
528.38,0,0
527.18,0,0
525.91,0,0
524.67,0,0
524.5,0,0
525.55,0,0
526.61,0,0
527.69,0,0
527.65,0,0
526.47,0,0
525.29,0,0
524.11,0,0
516.36,0,0
497.05,0,0
472.67,0,0
440.05,0,0
429.79,0,0
451.56,0,0
463.61,0,0
474.33,0,0
472.32,0,0
457.16,0,0
443.71,0,0
430.58,0,0
418.51,0,0
411.5,0,0
398.51,0,0
380.16,0,0
362.22,0,0
344.34,0,0
330.41,0,0
323.0,1,1
320.68,1,1
325.4,1,1
327.3,1,1
321.49,1,1
314.48,1,1
309.28,1,1
303.07,1,1
294.75,1,1
285.64,1,1
276.47,1,1
273.44,1,1
277.9,1,1
280.93,1,1
283.97,1,1
287.12,1,1
291.64,1,1
295.41,1,1
298.88,1,1
300.5,1,1
301.4,1,1
303.54,1,1
307.01,1,1
318.01,1,1
332.95,0,0
348.75,0,0
362.86,0,0
380.39,0,0
399.4,0,0
414.81,0,0
428.03,0,0
447.16,0,0
469.89,0,0
486.28,0,0
496.83,0,0
506.63,0,0
516.61,0,0
523.8,0,0
529.72,0,0
534.34,0,0
537.68,0,0
539.04,0,0
538.64,0,0
538.24,0,0
537.84,0,0
537.63,0,0
537.61,0,0
537.6,0,0
537.59,0,0
535.59,0,0
530.35,0,0
525.06,0,0
517.88,0,0
512.84,0,0
511.15,0,0
509.43,0,0
507.69,0,0
508.05,0,0
510.4,0,0
512.97,0,0
515.66,0,0
519.06,0,0
522.3,0,0
524.93,0,0
527.64,0,0
530.61,0,0
533.88,0,0
536.91,0,0
537.59,0,0
537.27,0,0
532.76,0,0
526.25,0,0
519.72,0,0
520.16,0,0
527.87,0,0
535.59,0,0
538.05,0,0
538.36,0,0
537.36,0,0
535.25,0,0
530.46,0,0
522.23,0,0
509.66,0,0
493.91,0,0
478.32,0,0
475.78,0,0
486.01,0,0
488.48,0,0
485.25,0,0
470.85,0,0
448.09,0,0
429.75,0,0
419.42,0,0
403.84,0,0
386.31,0,0
381.21,0,0
389.36,0,0
392.56,0,0
390.0,0,0
368.32,0,0
330.72,0,0
308.96,0,0
304.09,0,0
299.93,0,0
279.9,0,0
239.12,0,0
195.54,0,0
189.8,0,0
219.37,0,0
238.2,0,0
245.54,0,0
242.77,0,0
228.64,0,0
216.41,0,0
209.59,0,0
221.02,0,0
251.47,0,0
263.81,0,0
257.0,0,0
221.09,0,0
154.38,0,0
74.98,0,0
40.92,1,1
44.37,1,1
44.29,1,1
43.21,1,1
41.65,1,1
39.34,1,1
36.62,1,1
36.75,1,1
38.62,1,1
39.63,1,1
39.93,1,1
38.75,1,1
36.25,1,1
32.92,1,1
103.43,0,0
147.69,0,0
153.18,0,0
158.74,0,0
164.76,0,0
162.47,0,0
152.85,0,0
143.57,0,0
134.23,0,0
101.86,0,0
47.3,1,1
34.87,1,1
37.32,1,1
37.72,1,1
35.87,1,1
33.32,1,1
60.0,1,1
72.31,0,1
49.06,1,1
32.74,1,1
34.3,1,1
33.83,1,1
51.37,1,1
93.84,1,1
141.79,1,1
170.07,1,1
177.52,1,1
185.24,1,1
195.06,1,1
198.97,1,1
197.79,1,1
196.6,1,1
195.41,1,1
186.49,1,1
171.32,1,1
156.76,1,1
143.66,1,1
169.22,1,1
239.07,1,1
306.87,0,0
364.06,0,0
396.64,0,0
406.5,0,0
415.84,0,0
424.37,0,0
434.6,0,0
435.88,0,0
430.29,0,0
422.29,0,0
415.4,0,0
406.0,0,0
393.82,0,0
386.23,0,0
372.25,0,0
355.22,0,0
337.35,0,0
318.65,0,0
299.38,0,0
286.45,0,0
278.05,0,0
276.66,0,0
275.17,0,0
273.37,0,0
270.29,1,1
263.94,1,1
265.42,1,1
274.75,0,0
276.72,0,0
271.66,0,0
266.54,1,1
259.98,1,1
262.27,1,1
271.61,0,0
278.82,0,0
280.69,0,0
292.5,0,0
313.1,0,0
330.15,0,0
345.71,0,0
355.28,0,0
361.95,0,0
369.85,0,0
376.88,0,0
389.82,0,0
405.98,0,0
418.31,0,0
431.28,0,0
448.24,0,0
467.36,0,0
484.21,0,0
497.77,0,0
508.35,0,0
517.7,0,0
530.1,0,0
537.9,0,0
537.89,0,0
538.59,0,0
539.48,0,0
539.94,0,0
540.38,0,0
540.38,0,0
540.38,0,0
540.38,0,0
540.38,0,0
540.38,0,0
540.38,0,0
540.38,0,0
540.38,0,0
540.38,0,0
540.38,0,0
540.38,0,0
540.38,0,0
540.38,0,0
540.38,0,0
540.38,0,0
540.38,0,0
540.38,0,0
540.38,0,0
540.38,0,0
540.38,0,0
540.38,0,0
540.38,0,0
540.38,0,0
540.38,0,0
540.38,0,0
540.38,0,0
540.38,0,0
540.38,0,0
540.38,0,0
540.38,0,0
540.38,0,0
540.38,0,0
540.38,0,0
540.38,0,0
540.38,0,0
540.38,0,0
540.38,0,0
537.64,0,0
531.85,0,0
526.05,0,0
520.32,0,0
512.54,0,0
502.81,0,0
491.35,0,0
478.23,0,0
464.08,0,0
448.6,0,0
435.46,0,0
425.6,0,0
414.41,0,0
402.31,0,0
393.62,0,0
388.51,0,0
383.35,1,1
379.37,1,1
372.53,1,1
361.73,1,1
351.19,1,1
338.99,1,1
331.1,1,1
327.47,1,1
317.94,1,1
303.15,1,1
297.66,1,1
300.72,1,1
310.46,1,1
326.04,1,1
334.13,1,1
335.27,1,1
331.82,1,1
323.77,1,1
328.57,1,1
344.8,1,1
359.56,1,1
373.61,1,1
381.58,1,1
384.58,1,1
388.4,0,0
391.41,0,0
400.16,0,0
408.07,0,0
421.61,0,0
438.97,0,0
453.41,0,0
468.07,0,0
483.66,0,0
499.84,0,0
512.51,0,0
518.62,0,0
522.77,0,0
526.91,0,0
531.94,0,0
537.7,0,0
539.96,0,0
538.41,0,0
533.77,0,0
526.2,0,0
518.11,0,0
511.78,0,0
505.32,0,0
497.34,0,0
489.84,0,0
483.55,0,0
477.13,0,0
469.31,0,0
472.47,0,0
483.12,0,0
493.77,0,0
503.63,0,0
503.81,0,0
494.86,0,0
484.05,0,0
472.74,0,0
461.69,0,0
445.38,0,0
429.06,0,0
412.31,0,0
399.93,0,0
390.27,0,0
379.93,0,0
369.38,0,0
372.05,0,0
388.88,0,0
402.29,0,0
414.4,0,0
411.73,0,0
393.63,0,0
369.51,0,0
344.08,0,0
351.79,0,0
391.36,0,0
420.2,0,0
449.05,0,0
462.94,0,0
468.66,0,0
474.11,0,0
477.78,0,0
472.13,0,0
459.44,0,0
446.41,0,0
430.06,0,0
417.11,0,0
408.06,0,0
400.65,0,0
391.26,0,0
373.97,0,0
348.56,0,0
332.1,0,0
325.48,0,0
313.7,0,0
292.5,0,0
275.89,1,1
264.28,1,1
253.75,1,1
250.56,1,1
245.22,1,1
235.34,1,1
235.39,1,1
246.11,1,1
254.47,1,1
257.6,1,1
256.66,1,1
251.07,1,1
249.17,1,1
252.45,1,1
250.83,1,1
245.22,1,1
245.27,1,1
250.38,1,1
256.04,1,1
263.53,1,1
275.76,1,1
290.42,1,1
299.92,0,0
302.13,0,0
308.64,0,0
318.32,0,0
326.36,0,0
329.42,0,0
330.72,0,0
332.24,0,0
328.69,0,0
318.2,0,0
303.42,0,0
284.56,1,1
281.76,1,1
298.97,0,0
316.17,0,0
333.3,0,0
363.62,0,0
402.92,0,0
437.72,0,0
466.29,0,0
482.38,0,0
490.65,0,0
499.02,0,0
506.2,0,0
517.85,0,0
530.94,0,0
538.44,0,0
540.38,0,0
540.38,0,0
540.38,0,0
540.38,0,0
540.38,0,0
540.38,0,0
539.79,0,0
538.82,0,0
537.81,0,0
537.71,0,0
538.59,0,0
539.47,0,0
540.36,0,0
540.38,0,0
540.38,0,0
540.38,0,0
540.38,0,0
540.38,0,0
540.38,0,0
540.18,0,0
539.34,0,0
538.42,0,0
537.44,0,0
535.39,0,0
530.68,0,0
526.82,0,0
523.94,0,0
521.0,0,0
517.52,0,0
510.96,0,0
502.43,0,0
493.83,0,0
485.31,0,0
467.29,0,0
439.88,0,0
424.77,0,0
425.03,0,0
434.84,0,0
451.4,0,0
453.52,0,0
443.87,0,0
424.03,0,0
393.11,0,0
378.15,1,1
380.98,1,1
382.75,1,1
383.14,1,1
379.75,1,1
371.17,1,1
356.94,1,1
336.72,1,1
336.49,1,1
355.49,1,1
376.45,1,1
396.34,0,0
410.01,0,0
416.08,0,0
421.57,0,0
422.8,0,0
411.14,0,0
387.22,1,1
367.32,1,1
356.12,1,1
345.74,1,1
336.72,1,1
336.28,1,1
344.66,1,1
347.86,1,1
347.42,1,1
344.25,1,1
341.77,1,1
357.53,1,1
386.82,1,1
406.84,0,0
419.15,0,0
429.26,0,0
439.11,0,0
447.9,0,0
458.3,0,0
471.94,0,0
482.14,0,0
489.43,0,0
497.45,0,0
503.57,0,0
507.83,0,0
509.93,0,0
509.74,0,0
509.63,0,0
509.44,0,0
509.33,0,0
509.13,0,0
509.03,0,0
508.82,0,0
511.25,0,0
516.32,0,0
521.34,0,0
525.33,0,0
526.21,0,0
524.75,0,0
523.22,0,0
520.89,0,0
517.92,0,0
514.23,0,0
510.25,0,0
506.14,0,0
505.55,0,0
508.88,0,0
512.22,0,0
515.48,0,0
518.34,0,0
520.63,0,0
522.07,0,0
523.55,0,0
523.42,0,0
521.52,0,0
519.65,0,0
516.81,0,0
513.44,0,0
509.67,0,0
505.87,0,0
502.04,0,0
507.9,0,0
522.0,0,0
532.05,0,0
537.81,0,0
534.89,0,0
524.37,0,0
509.14,0,0
492.62,0,0
484.31,0,0
483.37,0,0
471.49,0,0
452.43,0,0
432.99,0,0
410.94,0,0
392.96,0,0
383.65,0,0
384.09,0,0
393.53,0,0
395.35,0,0
383.47,0,0
376.52,0,0
375.43,1,1
366.34,1,1
349.87,1,1
327.11,1,1
298.58,1,1
290.48,1,1
303.02,1,1
315.3,1,1
327.5,1,1
336.09,1,1
342.01,1,1
347.88,1,1
354.08,1,1
357.68,1,1
359.04,1,1
359.03,1,1
357.79,1,1
360.55,1,1
365.15,1,1
366.45,1,1
365.97,1,1
362.33,1,1
358.09,1,1
364.98,1,1
383.32,0,0
399.76,0,0
413.21,0,0
423.17,0,0
430.95,0,0
449.47,0,0
473.18,0,0
492.64,0,0
503.81,0,0
511.33,0,0
519.65,0,0
532.06,0,0
540.36,0,0
540.38,0,0
540.38,0,0
540.38,0,0
540.38,0,0
540.38,0,0
540.38,0,0
540.38,0,0
540.38,0,0
540.38,0,0
540.38,0,0
540.38,0,0
540.17,0,0
539.77,0,0
539.37,0,0
539.16,0,0
539.16,0,0
539.15,0,0
539.14,0,0
538.92,0,0
538.46,0,0
537.99,0,0
537.48,0,0
537.44,0,0
537.88,0,0
538.32,0,0
538.77,0,0
537.84,0,0
530.18,0,0
518.22,0,0
500.64,0,0
488.19,0,0
482.96,0,0
477.43,0,0
471.78,0,0
471.52,0,0
476.25,0,0
481.24,0,0
486.03,0,0
497.64,0,0
514.15,0,0
526.57,0,0
536.8,0,0
535.88,0,0
531.48,0,0
526.7,0,0
521.1,0,0
512.77,0,0
501.83,0,0
495.7,0,0
494.2,0,0
493.14,0,0
491.42,0,0
485.91,0,0
476.42,0,0
466.93,0,0
458.08,1,1
453.78,1,1
453.81,1,1
455.25,1,1
457.24,1,1
449.61,1,1
420.76,1,1
385.81,1,1
354.54,1,1
348.12,1,1
366.74,1,1
379.03,1,1
385.45,1,1
386.03,1,1
380.84,1,1
376.02,1,1
372.2,1,1
386.83,1,1
421.32,1,1
459.79,1,1
484.09,0,0
488.0,0,0
465.66,0,0
437.02,1,1
402.4,1,1
408.0,1,1
453.25,1,1
488.56,0,0
514.85,0,0
525.32,0,0
520.61,0,0
519.05,0,0
520.77,0,0
522.86,0,0
525.35,0,0
528.19,0,0
531.3,0,0
532.47,0,0
530.5,0,0
529.56,0,0
529.63,0,0
530.99,0,0
533.6,0,0
532.33,0,0
527.31,0,0
521.16,0,0
513.11,0,0
507.9,0,0
505.63,0,0
503.35,0,0
500.78,0,0
499.15,0,0
498.89,0,0
498.76,0,0
498.62,0,0
506.47,0,0
521.28,0,0
531.44,0,0
538.13,0,0
539.03,0,0
538.78,0,0
538.53,0,0
538.25,0,0
538.34,0,0
538.78,0,0
539.23,0,0
539.68,0,0
539.56,0,0
538.86,0,0
538.14,0,0
537.4,0,0
537.56,0,0
538.62,0,0
539.7,0,0
540.38,0,0
540.38,0,0
540.38,0,0
540.38,0,0
540.38,0,0
540.38,0,0
540.38,0,0
540.38,0,0
540.17,0,0
537.86,0,0
533.63,0,0
529.35,0,0
525.07,0,0
511.28,0,0
484.95,0,0
465.33,0,0
449.58,0,0
424.13,0,0
386.5,0,0
356.29,0,0
337.83,0,0
312.43,1,1
275.48,1,1
233.23,1,1
193.28,1,1
165.38,1,1
157.6,1,1
148.45,1,1
139.1,1,1
139.01,1,1
146.71,1,1
156.15,1,1
166.86,1,1
181.23,1,1
198.2,1,1
209.31,1,1
223.64,1,1
228.75,1,1
226.59,1,1
229.34,1,1
238.55,1,1
255.2,1,1
275.64,1,1
293.22,1,1
309.38,1,1
319.09,0,0
328.7,0,0
338.58,0,0
348.94,0,0
358.84,0,0
370.74,0,0
385.71,0,0
403.83,0,0
421.16,0,0
437.49,0,0
453.34,0,0
469.34,0,0
483.71,0,0
494.56,0,0
503.22,0,0
506.82,0,0
509.35,0,0
514.95,0,0
522.01,0,0
530.53,0,0
534.14,0,0
533.16,0,0
532.17,0,0
531.15,0,0
532.04,0,0
534.88,0,0
537.46,0,0
538.06,0,0
538.15,0,0
537.74,0,0
537.21,0,0
535.26,0,0
533.3,0,0
531.29,0,0
529.26,0,0
527.19,0,0
527.02,0,0
528.84,0,0
530.69,0,0
532.62,0,0
536.57,0,0
538.14,0,0
539.39,0,0
540.38,0,0
540.38,0,0
540.38,0,0
540.38,0,0
540.05,0,0
539.5,0,0
538.74,0,0
537.98,0,0
537.18,0,0
537.04,0,0
537.56,0,0
538.07,0,0
538.58,0,0
538.46,0,0
537.72,0,0
537.01,0,0
534.75,0,0
531.43,0,0
528.08,0,0
524.77,0,0
521.45,0,0
508.58,0,0
485.59,0,0
462.98,0,0
443.09,0,0
421.12,0,0
399.32,0,0
376.32,0,0
340.75,0,0
311.06,1,1
288.09,1,1
252.11,1,1
203.49,1,1
156.82,1,1
112.13,1,1
88.11,1,1
88.85,1,1
84.64,1,1
77.22,1,1
59.25,1,1
43.05,1,1
44.75,1,1
45.24,1,1
78.63,1,1
163.35,1,1
248.61,1,1
304.38,1,1
323.21,1,1
332.61,1,1
332.07,1,1
325.18,1,1
326.49,1,1
336.83,1,1
348.76,0,0
361.05,0,0
378.24,0,0
398.11,0,0
410.39,0,0
415.89,0,0
423.52,0,0
434.33,0,0
448.53,0,0
466.24,0,0
475.14,0,0
475.81,0,0
473.18,0,0
468.12,0,0
469.08,0,0
472.5,0,0
483.44,0,0
500.72,0,0
513.87,0,0
523.73,0,0
530.73,0,0
537.51,0,0
538.95,0,0
540.38,0,0
540.38,0,0
539.22,0,0
537.93,0,0
533.69,0,0
531.49,0,0
533.34,0,0
535.22,0,0
537.14,0,0
536.63,0,0
533.61,0,0
530.58,0,0
527.48,0,0
528.37,0,0
533.35,0,0
537.37,0,0
538.45,0,0
539.27,0,0
539.84,0,0
540.38,0,0
540.38,0,0
540.38,0,0
540.38,0,0
540.38,0,0
540.38,0,0
540.38,0,0
540.38,0,0
540.38,0,0
540.38,0,0
540.38,0,0
540.38,0,0
540.38,0,0
540.38,0,0
540.38,0,0
540.38,0,0
540.38,0,0
540.38,0,0
537.92,0,0
532.75,0,0
527.61,0,0
522.59,0,0
521.76,0,0
525.09,0,0
517.27,0,0
498.22,0,0
477.32,0,0
452.32,0,0
429.02,0,0
407.61,0,0
398.68,0,0
407.71,0,0
405.02,0,0
385.23,0,0
369.99,0,0
359.98,1,1
349.58,1,1
338.79,1,1
323.89,1,1
305.6,1,1
301.45,1,1
310.97,1,1
318.2,1,1
322.66,1,1
326.52,1,1
328.79,1,1
330.57,1,1
331.27,1,1
334.69,1,1
340.94,1,1
348.93,1,1
358.57,1,1
356.13,1,1
341.53,1,1
326.72,1,1
312.31,1,1
318.38,1,1
341.89,1,1
364.93,1,1
386.93,0,0
395.17,0,0
397.42,0,0
405.79,0,0
419.47,0,0
441.75,0,0
464.62,0,0
482.32,0,0
496.97,0,0
510.33,0,0
520.66,0,0
526.24,0,0
530.06,0,0
534.13,0,0
538.4,0,0
540.38,0,0
540.38,0,0
540.38,0,0
540.38,0,0
540.38,0,0
540.38,0,0
540.38,0,0
540.38,0,0
540.38,0,0
540.38,0,0
540.38,0,0
540.38,0,0
540.38,0,0
540.38,0,0
540.38,0,0
540.38,0,0
540.38,0,0
540.38,0,0
539.86,0,0
539.29,0,0
538.66,0,0
537.96,0,0
537.26,0,0
535.1,0,0
535.62,0,0
537.54,0,0
538.46,0,0
539.4,0,0
539.39,0,0
538.41,0,0
537.43,0,0
535.36,0,0
536.71,0,0
538.31,0,0
539.92,0,0
540.38,0,0
540.38,0,0
540.38,0,0
540.17,0,0
539.29,0,0
536.91,0,0
532.88,0,0
525.43,0,0
516.88,0,0
499.12,0,0
466.13,0,0
443.6,0,0
441.66,0,0
442.53,0,0
441.9,0,0
449.38,0,0
466.05,0,0
483.24,0,0
489.63,0,0
485.25,0,0
455.22,0,0
412.77,0,0
381.41,1,1
376.29,1,1
398.13,1,1
410.46,0,0
413.44,0,0
411.03,0,0
402.32,1,1
388.05,1,1
367.26,1,1
332.24,1,1
289.49,1,1
272.13,1,1
285.85,1,1
308.14,1,1
342.84,1,1
362.15,1,1
366.04,1,1
356.08,1,1
331.82,1,1
320.95,1,1
324.26,1,1
318.77,1,1
308.0,1,1
312.99,1,1
323.54,1,1
351.85,1,1
393.78,1,1
417.11,0,0
425.08,0,0
431.97,0,0
437.05,0,0
443.99,0,0
454.21,0,0
464.11,0,0
474.98,0,0
487.62,0,0
500.64,0,0
510.73,0,0
517.89,0,0
521.26,0,0
521.1,0,0
520.93,0,0
520.75,0,0
522.42,0,0
525.11,0,0
527.38,0,0
529.63,0,0
533.8,0,0
537.95,0,0
539.23,0,0
540.38,0,0
540.38,0,0
540.38,0,0
540.38,0,0
540.38,0,0
540.38,0,0
540.38,0,0
539.88,0,0
539.33,0,0
538.83,0,0
538.39,0,0
537.95,0,0
537.5,0,0
537.48,0,0
537.9,0,0
538.32,0,0
538.76,0,0
539.44,0,0
540.36,0,0
540.38,0,0
540.38,0,0
540.38,0,0
540.38,0,0
540.38,0,0
540.38,0,0
540.38,0,0
540.38,0,0
540.38,0,0
540.38,0,0
537.47,0,0
531.31,0,0
525.05,0,0
518.88,0,0
511.16,0,0
501.4,0,0
491.03,0,0
476.73,0,0
457.94,0,0
435.7,0,0
417.83,0,0
404.99,0,0
390.02,0,0
372.78,0,0
359.73,0,0
351.31,1,1
343.64,1,1
335.72,1,1
329.63,1,1
325.56,1,1
322.1,1,1
319.91,1,1
316.1,1,1
310.4,1,1
304.49,1,1
299.05,1,1
297.66,1,1
301.42,1,1
301.81,1,1
300.17,1,1
304.1,1,1
313.39,1,1
320.89,1,1
327.53,1,1
332.13,1,1
335.96,1,1
339.8,1,1
343.31,1,1
350.21,1,1
360.29,0,0
372.5,0,0
386.98,0,0
402.11,0,0
419.41,0,0
434.34,0,0
445.83,0,0
461.25,0,0
479.93,0,0
494.98,0,0
505.95,0,0
512.38,0,0
517.68,0,0
524.17,0,0
531.03,0,0
535.6,0,0
538.86,0,0
540.38,0,0
540.38,0,0
540.38,0,0
540.38,0,0
540.38,0,0
540.38,0,0
540.38,0,0
540.38,0,0
540.38,0,0
540.38,0,0
540.38,0,0
540.38,0,0
540.38,0,0
540.38,0,0
540.38,0,0
540.38,0,0
540.38,0,0
540.38,0,0
540.38,0,0
540.38,0,0
540.38,0,0
540.38,0,0
540.38,0,0
540.38,0,0
540.38,0,0
540.38,0,0
540.38,0,0
540.38,0,0
540.38,0,0
540.31,0,0
539.08,0,0
537.84,0,0
536.85,0,0
534.65,0,0
532.46,0,0
530.25,0,0
526.71,0,0
521.86,0,0
514.96,0,0
507.47,0,0
500.16,0,0
492.75,0,0
483.56,0,0
474.47,1,1
473.0,1,1
478.48,0,0
485.22,0,0
492.97,0,0
498.27,0,0
501.0,0,0
505.01,0,0
509.19,0,0
514.53,0,0
520.89,0,0
518.58,0,0
508.16,0,0
495.12,0,0
479.33,0,0
476.21,1,0
484.67,0,0
490.91,0,0
495.38,0,0
497.29,0,0
496.93,0,0
500.05,0,0
506.63,0,0
501.42,0,0
484.7,0,0
466.72,1,1
446.75,1,1
432.22,1,1
424.67,1,1
413.95,1,1
397.53,1,1
389.74,1,1
391.23,1,1
397.04,1,1
406.7,1,1
414.38,1,1
419.97,1,1
426.46,1,1
431.26,1,1
442.9,1,1
462.21,1,1
483.39,0,0
494.56,0,0
494.55,0,0
492.61,0,0
487.97,0,0
482.79,0,0
479.8,0,0
479.29,0,0
477.96,1,1
472.86,1,1
466.79,1,1
460.34,1,1
474.33,1,1
496.87,0,0
513.82,0,0
527.3,0,0
530.07,0,0
526.29,0,0
520.87,0,0
514.9,0,0
509.51,0,0
504.48,0,0
498.06,0,0
491.46,0,0
492.1,0,0
500.1,0,0
507.19,0,0
513.12,0,0
518.88,0,0
524.42,0,0
528.2,0,0
532.21,0,0
535.24,0,0
537.18,0,0
537.69,0,0
538.1,0,0
538.65,0,0
539.37,0,0
540.1,0,0
540.38,0,0
540.38,0,0
540.38,0,0
539.87,0,0
539.31,0,0
539.3,0,0
539.86,0,0
540.38,0,0
540.38,0,0
540.38,0,0
540.38,0,0
540.38,0,0
540.38,0,0
538.41,0,0
534.2,0,0
529.94,0,0
525.66,0,0
515.86,0,0
498.78,0,0
487.11,0,0
479.22,0,0
463.71,0,0
438.19,0,0
416.05,0,0
406.88,0,0
401.77,0,0
399.32,0,0
394.82,0,0
384.84,1,1
375.16,1,1
366.24,1,1
359.38,1,1
353.99,1,1
346.77,1,1
339.95,1,1
336.58,1,1
336.73,1,1
336.19,1,1
335.37,1,1
339.79,1,1
349.78,1,1
362.65,1,1
378.35,1,1
380.81,1,1
370.89,1,1
360.29,1,1
350.47,1,1
350.64,1,1
360.45,1,1
365.58,1,1
367.09,1,1
378.38,1,1
397.73,0,0
412.57,0,0
422.29,0,0
437.97,0,0
458.21,0,0
480.08,0,0
493.69,0,0
499.79,0,0
502.64,0,0
505.13,0,0
507.67,0,0
513.2,0,0
520.89,0,0
531.82,0,0
538.98,0,0
539.14,0,0
539.3,0,0
539.21,0,0
538.87,0,0
538.52,0,0
538.16,0,0
536.69,0,0
533.01,0,0
529.31,0,0
525.63,0,0
521.4,0,0
518.76,0,0
516.05,0,0
513.31,0,0
508.9,0,0
501.73,0,0
493.21,0,0
484.4,0,0
484.37,0,0
493.48,0,0
502.91,0,0
510.01,0,0
514.42,0,0
515.84,0,0
517.26,0,0
518.7,0,0
520.47,0,0
522.56,0,0
523.88,0,0
525.23,0,0
527.37,0,0
530.36,0,0
533.36,0,0
536.44,0,0
535.64,0,0
530.9,0,0
526.12,0,0
521.31,0,0
513.91,0,0
506.59,0,0
499.18,0,0
490.12,0,0
487.18,0,0
490.66,0,0
491.89,0,0
493.17,0,0
491.26,0,0
486.67,0,0
482.43,0,0
476.73,0,0
469.2,0,0
462.22,0,0
450.63,0,0
430.45,0,0
406.02,0,0
378.16,1,1
361.92,1,1
362.88,1,1
357.51,1,1
342.91,1,1
332.19,1,1
325.73,1,1
326.68,1,1
334.73,1,1
341.6,1,1
345.25,1,1
346.24,1,1
345.83,1,1
338.05,1,1
324.18,1,1
306.29,1,1
284.0,1,1
286.54,1,1
313.71,1,1
334.31,1,1
349.42,1,1
358.84,1,1
364.41,1,1
371.33,1,1
378.87,0,0
398.86,0,0
430.6,0,0
462.48,0,0
493.84,0,0
507.2,0,0
504.42,0,0
505.42,0,0
509.08,0,0
510.78,0,0
510.88,0,0
505.72,0,0
497.8,0,0
501.62,0,0
512.88,0,0
519.61,0,0
523.14,0,0
524.67,0,0
524.11,0,0
521.67,0,0
518.98,0,0
516.24,0,0
513.46,0,0
512.66,0,0
513.89,0,0
515.13,0,0
516.37,0,0
519.92,0,0
525.5,0,0
529.26,0,0
533.08,0,0
534.11,0,0
532.37,0,0
530.59,0,0
528.82,0,0
529.13,0,0
531.6,0,0
534.19,0,0
536.85,0,0
537.5,0,0
536.78,0,0
535.8,0,0
534.81,0,0
534.25,0,0
534.15,0,0
534.07,0,0
533.97,0,0
535.45,0,0
537.42,0,0
538.05,0,0
538.7,0,0
539.02,0,0
539.02,0,0
539.02,0,0
539.02,0,0
539.47,0,0
540.36,0,0
540.38,0,0
540.38,0,0
539.04,0,0
536.2,0,0
533.38,0,0
530.58,0,0
523.69,0,0
512.4,0,0
501.67,0,0
491.47,0,0
478.04,0,0
460.02,0,0
446.61,0,0
439.23,0,0
428.88,0,0
414.55,1,1
408.4,1,1
412.51,1,1
419.45,1,1
429.47,0,1
424.4,1,1
403.3,1,1
384.18,1,1
367.56,1,1
355.33,1,1
348.22,1,1
336.58,1,1
320.97,1,1
316.95,1,1
324.65,1,1
324.92,1,1
317.39,1,1
330.56,1,1
363.61,1,1
403.64,1,1
426.2,0,1
426.01,1,1
423.5,1,1
418.48,1,1
415.89,1,1
420.37,1,1
431.46,0,0
441.33,0,0
449.8,0,0
457.01,0,0
463.68,0,0
471.74,0,0
480.17,0,0
486.49,0,0
491.74,0,0
498.02,0,0
505.32,0,0
513.64,0,0
520.76,0,0
526.85,0,0
533.11,0,0
537.26,0,0
539.4,0,0
540.38,0,0
540.38,0,0
540.38,0,0
540.38,0,0
540.38,0,0
540.38,0,0
540.38,0,0
540.38,0,0
540.38,0,0
540.38,0,0
540.38,0,0
540.38,0,0
540.38,0,0
540.38,0,0
540.38,0,0
540.38,0,0
540.38,0,0
540.38,0,0
540.38,0,0
540.38,0,0
540.38,0,0
540.38,0,0
540.38,0,0
540.38,0,0
540.38,0,0
540.38,0,0
540.38,0,0
540.38,0,0
540.38,0,0
540.38,0,0
540.38,0,0
540.38,0,0
540.38,0,0
540.38,0,0
540.38,0,0
540.38,0,0
540.38,0,0
540.38,0,0
540.38,0,0
539.57,0,0
537.71,0,0
534.72,0,0
531.69,0,0
528.23,0,0
529.29,0,0
534.67,0,0
529.45,0,0
513.12,0,0
497.03,0,0
479.42,0,0
457.6,0,0
434.74,0,0
415.88,0,0
404.9,0,0
390.5,0,0
371.49,0,0
349.07,0,0
324.99,0,0
316.1,0,0
325.29,0,0
335.95,0,0
347.13,0,0
352.75,0,0
350.36,0,0
343.45,0,0
332.19,0,0
325.17,0,0
324.46,0,0
324.88,0,0
326.34,0,0
328.29,0,0
330.77,0,0
329.42,0,0
322.62,0,0
312.58,0,0
301.1,1,1
288.95,1,1
282.58,1,1
294.37,1,1
322.23,0,0
331.26,0,0
318.43,0,0
288.67,1,1
247.38,1,1
237.78,1,1
260.09,1,1
285.18,1,1
313.0,0,0
326.52,0,0
327.73,0,0
324.98,0,0
319.47,0,0
312.27,0,0
304.31,1,1
293.95,1,1
281.56,1,1
281.62,1,1
293.21,1,1
304.98,1,1
317.7,0,0
340.21,0,0
373.21,0,0
402.25,0,0
429.97,0,0
420.94,0,0
373.06,0,0
315.12,0,0
257.78,1,1
230.18,1,1
231.87,1,1
233.59,1,1
236.15,1,1
217.02,1,1
178.69,1,1
138.86,1,1
98.95,1,1
63.67,1,1
33.18,1,1
33.67,1,1
35.06,1,1
35.27,1,1
34.39,1,1
33.45,1,1
39.82,1,1
56.82,1,1
66.56,1,1
76.58,1,1
87.17,1,1
84.23,1,1
68.97,1,1
52.52,1,1
36.03,1,1
49.21,1,1
91.81,1,1
134.6,1,1
179.24,1,1
209.72,1,1
221.73,1,1
233.61,1,1
245.9,0,0
271.05,0,0
307.08,0,0
337.28,0,0
365.27,0,0
381.57,0,0
385.98,0,0
396.41,0,0
410.13,0,0
414.63,0,0
407.83,0,0
394.98,0,0
366.02,0,0
331.98,0,0
304.15,0,0
298.89,0,0
317.55,0,0
321.74,0,0
303.26,0,0
276.09,0,0
234.75,0,0
223.54,1,0
242.04,0,0
267.18,0,0
296.25,0,0
303.53,0,0
289.48,0,0
281.01,0,0
280.48,0,0
300.35,0,0
338.89,0,0
361.95,0,0
369.24,0,0
372.17,0,0
371.58,0,0
374.78,0,0
381.82,0,0
398.08,0,0
419.3,0,0
438.32,0,0
454.61,0,0
463.66,0,0
464.82,0,0
473.09,0,0
481.06,0,0
483.29,0,0
480.56,0,0
480.21,0,0
481.96,0,0
484.59,0,0
488.55,0,0
490.49,0,0
490.47,0,0
492.57,0,0
496.75,0,0
501.11,0,0
505.45,0,0
512.23,0,0
520.28,0,0
527.81,0,0
533.03,0,0
534.88,0,0
533.34,0,0
531.77,0,0
530.2,0,0
530.12,0,0
531.59,0,0
533.08,0,0
534.6,0,0
533.12,0,0
528.49,0,0
522.77,0,0
515.14,0,0
508.82,0,0
503.77,0,0
497.2,0,0
490.45,0,0
491.08,0,0
499.0,0,0
506.18,0,0
512.11,0,0
516.83,0,0
520.15,0,0
523.57,0,0
525.76,0,0
526.85,0,0
526.81,0,0
526.76,0,0
526.71,0,0
529.06,0,0
533.88,0,0
537.65,0,0
538.66,0,0
537.55,0,0
534.11,0,0
530.62,0,0
527.11,0,0
522.21,0,0
512.11,0,0
499.32,0,0
486.97,0,0
472.07,0,0
452.97,0,0
435.39,0,0
422.42,0,0
409.44,0,0
399.64,0,0
388.1,0,0
375.24,0,0
364.37,1,1
356.92,1,1
350.1,1,1
344.78,1,1
335.75,1,1
322.94,1,1
314.08,1,1
310.98,1,1
306.8,1,1
302.18,1,1
298.24,1,1
297.06,1,1
297.53,1,1
299.55,1,1
302.89,1,1
307.09,1,1
307.73,1,1
305.73,1,1
301.34,1,1
297.92,1,1
305.42,1,1
323.89,1,1
339.39,1,1
354.23,1,1
367.33,0,0
379.1,0,0
397.22,0,0
418.32,0,0
430.64,0,0
431.94,0,0
430.36,0,0
418.28,0,0
424.25,0,0
448.09,0,0
471.02,0,0
485.82,0,0
493.11,0,0
494.74,0,0
496.43,0,0
498.13,0,0
499.43,0,0
500.51,0,0
501.61,0,0
502.82,0,0
505.18,0,0
508.85,0,0
512.07,0,0
514.77,0,0
516.03,0,0
515.85,0,0
515.72,0,0
515.59,0,0
517.4,0,0
521.22,0,0
525.12,0,0
528.23,0,0
528.02,0,0
524.29,0,0
519.49,0,0
514.39,0,0
509.44,0,0
504.48,0,0
498.05,0,0
491.57,0,0
481.25,0,0
458.45,0,0
432.2,0,0
397.74,0,0
373.62,0,0
362.92,0,0
352.09,0,0
339.68,0,0
349.73,0,0
378.29,0,0
407.21,0,0
431.32,0,0
441.77,0,0
442.01,0,0
441.96,0,0
442.2,0,0
433.94,0,0
417.74,0,0
397.04,0,0
375.77,0,0
362.69,0,0
353.5,0,0
338.73,0,0
317.08,1,1
287.19,1,1
260.13,1,1
221.84,1,1
168.71,1,1
162.13,1,1
203.98,1,1
242.34,1,1
276.44,1,1
290.93,1,1
287.67,1,1
282.24,1,1
273.61,1,1
273.52,1,1
280.67,1,1
292.78,1,1
309.12,1,1
320.95,1,1
328.79,0,0
331.55,0,0
329.32,0,0
325.5,0,0
320.16,1,1
319.42,1,1
323.47,1,1
323.59,1,1
321.09,1,1
321.75,1,1
326.24,0,0
336.0,0,0
351.28,0,0
369.56,0,0
389.14,0,0
406.29,0,0
419.33,0,0
431.49,0,0
442.65,0,0
452.95,0,0
462.26,0,0
475.35,0,0
489.35,0,0
499.57,0,0
506.53,0,0
514.38,0,0
523.12,0,0
531.75,0,0
534.39,0,0
531.35,0,0
528.26,0,0
528.51,0,0
532.19,0,0
535.9,0,0
538.52,0,0
538.99,0,0
539.13,0,0
539.27,0,0
539.41,0,0
539.74,0,0
540.26,0,0
540.38,0,0
540.38,0,0
540.38,0,0
540.38,0,0
540.25,0,0
539.71,0,0
539.34,0,0
539.15,0,0
538.95,0,0
538.75,0,0
538.94,0,0
539.54,0,0
540.15,0,0
540.38,0,0
540.38,0,0
540.38,0,0
540.38,0,0
540.38,0,0
540.38,0,0
540.38,0,0
540.38,0,0
540.38,0,0
540.18,0,0
539.04,0,0
537.88,0,0
533.73,0,0
532.79,0,0
536.45,0,0
538.06,0,0
538.83,0,0
537.61,0,0
534.23,0,0
530.82,0,0
527.37,0,0
520.61,0,0
510.68,0,0
502.34,0,0
492.32,0,0
477.7,0,0
458.78,0,0
443.89,0,0
436.09,0,0
427.36,0,0
417.66,0,0
407.96,0,0
397.91,0,0
387.94,1,1
378.24,1,1
369.61,1,1
362.5,1,1
353.77,1,1
343.0,1,1
336.33,1,1
333.88,1,1
332.59,1,1
331.59,1,1
333.66,1,1
340.91,1,1
345.69,1,1
347.64,1,1
349.29,1,1
350.44,1,1
349.28,1,1
347.4,1,1
342.05,1,1
335.93,1,1
337.4,1,1
348.25,1,1
363.04,1,1
381.52,1,1
394.14,0,0
403.16,0,0
416.81,0,0
432.04,0,0
446.63,0,0
460.04,0,0
472.66,0,0
484.73,0,0
495.97,0,0
506.52,0,0
517.05,0,0
524.73,0,0
529.03,0,0
530.09,0,0
529.32,0,0
527.82,0,0
524.28,0,0
520.43,0,0
516.56,0,0
512.61,0,0
513.22,0,0
518.48,0,0
523.83,0,0
528.68,0,0
531.07,0,0
532.43,0,0
533.81,0,0
535.2,0,0
535.89,0,0
535.85,0,0
535.8,0,0
535.77,0,0
537.55,0,0
538.67,0,0
539.45,0,0
540.28,0,0
540.38,0,0
539.93,0,0
539.4,0,0
538.88,0,0
538.03,0,0
533.56,0,0
527.9,0,0
520.67,0,0
510.6,0,0
497.91,0,0
482.58,0,0
460.46,0,0
443.6,0,0
437.81,0,0
431.94,0,0
426.01,0,0
430.04,0,0
444.37,0,0
458.4,0,0
472.63,0,0
477.68,0,0
478.45,0,0
479.28,0,0
479.86,0,0
472.2,0,0
456.38,0,0
443.4,0,0
426.58,0,0
408.91,0,0
393.91,0,0
380.66,0,0
374.05,0,0
360.79,0,0
341.55,0,0
325.62,0,0
318.45,0,0
313.63,0,0
310.49,0,0
308.57,0,0
307.95,0,0
305.18,0,0
300.79,1,1
298.53,1,1
299.7,1,1
305.59,0,0
316.5,0,0
323.34,0,0
326.3,0,0
322.1,0,0
312.18,0,0
295.0,1,1
268.32,1,1
249.17,1,1
238.38,1,1
240.35,1,1
254.3,1,1
263.79,1,1
268.1,1,1
266.97,1,1
260.21,1,1
254.57,1,1
251.1,1,1
251.55,1,1
255.73,1,1
284.66,1,1
338.15,0,0
391.04,0,0
434.17,0,0
458.09,0,0
466.43,0,0
474.26,0,0
482.83,0,0
483.86,0,0
471.46,0,0
454.85,0,0
430.52,0,0
403.19,0,0
370.21,0,0
335.8,0,0
301.86,1,1
284.61,1,1
283.4,1,1
282.19,1,1
280.96,1,1
296.7,1,1
328.9,0,0
362.78,0,0
395.84,0,0
405.49,0,0
396.68,0,0
387.38,0,0
376.72,0,0
363.31,0,0
346.37,0,0
329.1,0,0
310.45,0,0
329.54,1,1
382.95,1,1
431.12,1,1
466.06,0,0
484.97,0,0
492.64,0,0
500.49,0,0
507.16,0,0
511.4,0,0
513.96,0,0
516.49,0,0
519.15,0,0
523.04,0,0
526.46,0,0
529.7,0,0
532.94,0,0
533.67,0,0
531.91,0,0
530.2,0,0
528.53,0,0
527.53,0,0
527.01,0,0
526.41,0,0
525.8,0,0
524.55,0,0
522.63,0,0
516.28,0,0
505.5,0,0
495.53,0,0
485.93,0,0
476.68,0,0
468.62,0,0
460.67,0,0
453.37,0,0
443.5,1,1
429.5,1,1
411.72,1,1
389.03,1,1
382.79,1,1
395.39,1,1
404.52,1,1
409.78,1,1
418.07,1,1
428.23,1,1
441.04,1,1
456.52,0,0
459.61,0,0
451.78,1,1
444.26,1,1
437.02,1,1
437.52,1,1
445.29,1,1
451.33,1,1
455.77,0,0
453.31,0,0
441.86,1,1
432.68,1,1
426.15,1,1
433.15,1,1
452.37,0,0
470.28,0,0
484.62,0,0
487.02,0,0
479.14,0,0
475.91,0,0
477.74,0,0
483.36,0,0
491.94,0,0
496.42,0,0
495.86,0,0
497.18,0,0
499.3,0,0
507.23,0,0
515.41,0,0
517.95,0,0
520.5,0,0
521.72,0,0
521.64,0,0
521.56,0,0
521.43,0,0
521.35,0,0
521.22,0,0
521.13,0,0
521.0,0,0
524.43,0,0
530.07,0,0
534.63,0,0
538.36,0,0
538.42,0,0
535.57,0,0
531.43,0,0
527.22,0,0
526.65,0,0
529.84,0,0
533.18,0,0
536.69,0,0
538.33,0,0
539.1,0,0
539.88,0,0
540.38,0,0
540.38,0,0
540.38,0,0
540.38,0,0
540.13,0,0
540.38,0,0
540.38,0,0
540.38,0,0
540.38,0,0
540.38,0,0
540.38,0,0
540.38,0,0
540.38,0,0
540.38,0,0
540.38,0,0
540.38,0,0
540.38,0,0
539.23,0,0
536.15,0,0
533.29,0,0
530.49,0,0
523.78,0,0
511.19,0,0
502.94,0,0
503.97,0,0
505.95,0,0
504.87,0,0
499.64,0,0
490.7,0,0
480.28,0,0
468.62,1,1
467.8,1,1
477.91,1,1
489.94,0,0
497.89,0,0
495.08,0,0
478.85,1,1
464.28,1,1
451.08,1,1
441.59,1,1
435.58,1,1
425.28,1,1
410.81,1,1
408.96,1,1
420.29,1,1
427.71,1,1
430.45,1,1
435.37,1,1
442.19,1,1
447.89,1,1
454.82,1,1
461.31,1,1
468.56,1,1
478.96,0,0
490.81,0,0
492.48,0,0
484.14,0,0
475.93,1,1
469.59,1,1
470.42,1,1
478.19,1,1
482.4,0,0
482.92,0,0
483.88,0,0
486.88,0,0
492.54,0,0
503.66,0,0
511.24,0,0
515.48,0,0
522.08,0,0
529.4,0,0
534.44,0,0
537.39,0,0
538.21,0,0
536.87,0,0
535.51,0,0
534.13,0,0
534.09,0,0
535.41,0,0
536.75,0,0
538.11,0,0
538.32,0,0
538.3,0,0
538.27,0,0
538.25,0,0
538.46,0,0
538.91,0,0
539.36,0,0
539.82,0,0
539.45,0,0
538.2,0,0
533.14,0,0
526.81,0,0
522.44,0,0
522.38,0,0
522.32,0,0
522.31,0,0
523.15,0,0
524.94,0,0
526.06,0,0
527.17,0,0
529.05,0,0
531.61,0,0
534.24,0,0
536.93,0,0
537.86,0,0
538.24,0,0
538.62,0,0
539.01,0,0
539.2,0,0
539.2,0,0
539.21,0,0
539.2,0,0
538.1,0,0
534.54,0,0
531.33,0,0
526.96,0,0
519.66,0,0
508.63,0,0
500.72,0,0
496.62,0,0
483.05,0,0
454.7,0,0
433.54,0,0
428.19,1,1
419.88,1,1
400.29,1,1
382.08,1,1
367.6,1,1
362.8,1,1
369.62,1,1
378.08,1,1
386.35,1,1
390.05,1,1
388.84,1,1
399.44,1,1
421.29,1,1
450.02,0,0
460.11,0,0
460.89,0,0
447.22,0,0
425.72,1,1
396.81,1,1
400.34,1,1
435.14,0,0
462.46,0,0
472.34,0,0
467.76,0,0
453.87,0,0
449.73,0,0
465.59,0,0
470.47,0,0
464.49,0,0
450.75,0,0
429.36,0,0
413.7,1,1
401.04,1,1
396.97,1,1
401.78,1,1
403.53,1,1
402.28,1,1
409.45,1,1
427.22,1,1
446.72,0,0
471.13,0,0
478.74,0,0
470.16,0,0
458.7,0,0
442.19,0,0
437.49,0,0
447.83,0,0
456.05,0,0
463.48,0,0
474.37,0,0
489.03,0,0
497.09,0,0
505.15,0,0
514.07,0,0
522.79,0,0
530.11,0,0
535.83,0,0
538.46,0,0
538.91,0,0
539.36,0,0
539.82,0,0
539.97,0,0
539.8,0,0
539.61,0,0
539.42,0,0
539.89,0,0
540.38,0,0
540.38,0,0
540.38,0,0
540.38,0,0
540.38,0,0
540.38,0,0
540.38,0,0
540.38,0,0
540.38,0,0
540.38,0,0
540.38,0,0
540.38,0,0
540.38,0,0
540.38,0,0
540.38,0,0
540.38,0,0
540.38,0,0
540.38,0,0
540.38,0,0
539.98,0,0
535.55,0,0
532.21,0,0
528.88,0,0
524.24,0,0
515.26,0,0
503.23,0,0
491.68,0,0
479.04,0,0
464.82,0,0
451.26,0,0
439.14,0,0
428.04,0,0
417.19,0,0
407.37,0,0
397.83,0,0
385.84,0,0
370.75,0,0
363.85,0,0
365.75,0,0
366.19,0,0
363.22,0,0
357.59,0,0
348.81,1,1
340.3,1,1
333.3,1,1
329.45,1,1
328.87,1,1
329.5,1,1
331.25,1,1
330.41,1,1
325.77,1,1
321.15,1,1
317.86,1,1
322.74,1,1
335.73,1,1
343.37,1,1
345.18,1,1
337.78,1,1
321.0,1,1
318.63,1,1
332.03,1,1
349.75,1,1
371.94,0,0
390.5,0,0
407.56,0,0
427.99,0,0
447.96,0,0
459.93,0,0
467.63,0,0
477.23,0,0
486.41,0,0
491.9,0,0
495.78,0,0
496.95,0,0
495.33,0,0
479.77,0,0
443.08,0,0
394.48,0,0
336.19,1,1
329.16,1,1
375.14,0,0
416.7,0,0
453.62,0,0
469.22,0,0
472.88,0,0
476.57,0,0
480.17,0,0
468.02,0,0
436.91,0,0
396.67,0,0
349.5,1,1
345.69,1,1
388.2,0,0
426.53,0,0
457.6,0,0
468.24,0,0
459.99,0,0
451.47,0,0
443.1,0,0
440.64,0,0
444.73,0,0
448.64,0,0
452.64,0,0
460.36,0,0
471.83,0,0
479.53,0,0
485.87,0,0
488.91,0,0
488.59,0,0
488.27,0,0
487.94,0,0
495.16,0,0
507.92,0,0
518.7,0,0
527.41,0,0
527.94,0,0
515.82,0,0
503.18,0,0
490.69,0,0
482.51,0,0
479.63,0,0
477.23,0,0
476.02,0,0
472.36,0,0
467.15,0,0
457.74,0,0
442.58,0,0
431.26,0,0
421.63,0,0
417.55,0,0
418.4,0,0
414.28,0,0
404.75,0,0
395.13,1,1
386.45,1,1
376.3,1,1
366.95,1,1
355.09,1,1
341.09,1,1
327.99,1,1
313.9,1,1
300.76,1,1
290.52,1,1
294.51,1,1
311.01,1,1
325.11,1,1
342.65,1,1
350.39,1,1
349.53,1,1
358.12,1,1
374.51,1,1
388.41,1,1
399.41,1,1
401.59,1,1
396.89,1,1
395.12,1,1
396.93,1,1
401.85,0,0
409.6,0,0
416.49,0,0
424.54,0,0
440.04,0,0
458.67,0,0
473.84,0,0
481.66,0,0
485.57,0,0
489.33,0,0
498.28,0,0
511.55,0,0
521.1,0,0
528.33,0,0
531.44,0,0
532.73,0,0
534.05,0,0
535.38,0,0
534.66,0,0
531.86,0,0
529.05,0,0
525.33,0,0
522.56,0,0
521.37,0,0
520.17,0,0
518.95,0,0
516.28,0,0
512.1,0,0
506.99,0,0
501.16,0,0
504.41,0,0
515.0,0,0
524.79,0,0
531.72,0,0
535.54,0,0
536.36,0,0
537.19,0,0
537.8,0,0
537.77,0,0
537.13,0,0
536.22,0,0
535.31,0,0
533.05,0,0
529.41,0,0
525.71,0,0
520.88,0,0
515.43,0,0
510.35,0,0
505.24,0,0
499.31,0,0
496.83,0,0
498.89,0,0
500.94,0,0
502.75,0,0
502.85,0,0
498.81,0,0
491.97,0,0
485.18,0,0
483.45,0,0
483.91,0,0
482.98,0,0
480.39,0,0
469.01,0,0
452.05,0,0
434.8,0,0
414.51,0,0
388.45,0,0
354.96,0,0
333.88,0,0
329.05,0,0
324.13,0,0
317.08,0,0
319.99,0,0
335.33,0,0
346.24,0,0
354.14,0,0
345.38,0,0
314.84,0,0
293.46,0,0
279.29,0,0
271.04,0,0
269.53,0,0
256.54,0,0
231.17,1,1
211.92,1,1
200.95,1,1
191.06,1,1
179.13,1,1
158.8,1,1
129.0,1,1
111.73,1,1
108.77,1,1
109.87,1,1
116.51,1,1
107.69,1,1
83.97,1,1
70.87,1,1
69.72,1,1
79.87,1,1
94.92,1,1
105.2,1,1
114.39,1,1
129.76,1,1
155.07,1,1
184.62,1,1
213.65,1,1
237.0,1,1
253.71,0,0
267.92,0,0
282.15,0,0
302.97,0,0
331.44,0,0
361.7,0,0
391.99,0,0
418.85,0,0
447.14,0,0
467.57,0,0
487.86,0,0
489.32,0,0
474.96,0,0
459.28,0,0
442.77,0,0
437.11,0,0
446.98,0,0
454.88,0,0
462.73,0,0
465.63,0,0
463.0,0,0
460.18,0,0
456.93,0,0
441.02,0,0
406.92,1,1
366.95,1,1
320.9,1,1
295.33,1,1
292.51,1,1
289.63,1,1
286.68,1,1
268.0,1,1
233.6,1,1
200.11,1,1
165.12,1,1
179.88,1,1
241.99,1,1
308.79,1,1
369.81,1,1
414.74,1,1
439.1,0,0
463.18,0,0
479.7,0,0
486.6,0,0
484.9,0,0
481.04,0,0
476.94,0,0
476.64,0,0
479.45,0,0
478.55,0,0
475.58,0,0
471.66,0,0
462.54,0,0
457.81,0,0
458.3,0,0
458.24,0,0
459.12,0,0
451.53,0,0
433.4,0,0
408.64,1,1
377.56,1,1
375.54,1,1
405.26,1,1
438.36,0,0
458.96,0,0
461.28,0,0
458.18,0,0
459.61,0,0
465.01,0,0
463.68,0,0
439.62,0,0
399.56,1,1
363.19,1,1
362.04,1,1
394.93,1,1
420.76,0,0
439.62,0,0
449.05,0,0
449.35,0,0
455.17,0,0
462.6,0,0
464.77,0,0
453.71,0,0
434.93,0,0
421.66,0,0
428.08,0,0
450.67,0,0
468.53,0,0
481.64,0,0
490.26,0,0
496.33,0,0
502.22,0,0
507.99,0,0
513.69,0,0
516.36,0,0
522.38,0,0
525.97,0,0
522.54,0,0
519.71,0,0
515.35,0,0
510.09,0,0
502.79,0,0
495.49,0,0
494.07,0,0
498.62,0,0
503.21,0,0
507.86,0,0
506.55,0,0
499.16,0,0
491.73,0,0
484.17,0,0
480.91,0,0
486.13,0,0
489.86,0,0
493.65,0,0
497.92,0,0
502.74,0,0
507.23,0,0
510.91,0,0
511.8,0,0
509.53,0,0
507.24,0,0
504.91,0,0
505.67,0,0
509.5,0,0
513.53,0,0
517.65,0,0
520.75,0,0
522.82,0,0
524.13,0,0
525.51,0,0
524.66,0,0
521.27,0,0
516.6,0,0
511.93,0,0
515.49,0,0
525.56,0,0
533.02,0,0
537.98,0,0
538.81,0,0
537.63,0,0
535.0,0,0
532.36,0,0
529.63,0,0
526.8,0,0
519.28,0,0
507.05,0,0
490.59,0,0
467.98,1,1
462.65,1,1
478.09,0,0
493.23,0,0
504.29,0,0
496.54,0,0
471.33,1,1
448.33,1,1
427.78,1,1
419.0,1,1
421.73,1,1
418.89,1,1
411.28,1,1
418.72,1,1
441.2,1,1
467.44,1,1
493.82,0,0
494.23,0,0
470.74,1,1
450.69,1,1
435.99,1,1
430.15,1,1
433.08,1,1
430.2,1,1
421.7,1,1
424.86,1,1
439.87,1,1
455.01,1,1
468.85,1,1
474.82,0,1
473.9,1,1
473.92,0,0
474.83,0,0
478.97,0,0
486.54,0,0
493.94,0,0
491.91,0,0
498.1,0,0
502.62,0,0
504.58,0,0
506.77,0,0
515.11,0,0
523.73,0,0
529.73,0,0
534.2,0,0
537.41,0,0
538.52,0,0
538.31,0,0
538.62,0,0
538.93,0,0
539.24,0,0
539.48,0,0
539.64,0,0
539.8,0,0
539.96,0,0
539.79,0,0
539.29,0,0
538.77,0,0
538.25,0,0
538.23,0,0
538.73,0,0
539.24,0,0
539.76,0,0
540.19,0,0
540.38,0,0
540.38,0,0
540.38,0,0
540.38,0,0
540.38,0,0
540.38,0,0
540.38,0,0
540.38,0,0
540.38,0,0
540.38,0,0
540.38,0,0
540.38,0,0
540.38,0,0
540.38,0,0
540.38,0,0
540.38,0,0
540.38,0,0
540.38,0,0
540.38,0,0
540.38,0,0
540.38,0,0
540.38,0,0
540.38,0,0
540.38,0,0
539.92,0,0
538.95,0,0
537.98,0,0
535.38,0,0
531.07,0,0
522.7,0,0
510.22,0,0
496.01,0,0
478.72,0,0
462.43,0,0
447.85,0,0
429.53,0,0
408.07,0,0
396.78,1,0
398.23,0,0
397.55,0,0
394.99,1,1
393.38,1,1
391.95,1,1
393.31,1,1
396.96,1,1
391.44,1,1
376.12,1,1
360.81,1,1
344.95,1,1
343.25,1,1
354.59,1,1
363.16,1,1
368.7,1,1
366.84,1,1
357.22,1,1
345.08,1,1
333.95,1,1
335.04,1,1
347.8,1,1
359.05,1,1
368.99,1,1
381.14,1,1
394.92,1,1
408.09,0,0
419.55,0,0
432.37,0,0
447.26,0,0
463.5,0,0
479.53,0,0
486.62,0,0
489.56,0,0
494.72,0,0
503.53,0,0
516.89,0,0
525.35,0,0
529.78,0,0
534.25,0,0
538.43,0,0
540.38,0,0
540.38,0,0
540.38,0,0
540.38,0,0
540.38,0,0
540.38,0,0
540.05,0,0
538.75,0,0
535.49,0,0
533.69,0,0
536.39,0,0
538.14,0,0
538.71,0,0
539.25,0,0
539.76,0,0
540.28,0,0
540.38,0,0
540.38,0,0
540.38,0,0
539.94,0,0
539.45,0,0
539.19,0,0
539.19,0,0
539.18,0,0
539.18,0,0
539.12,0,0
539.01,0,0
538.89,0,0
538.78,0,0
538.91,0,0
539.32,0,0
539.73,0,0
540.15,0,0
540.36,0,0
540.36,0,0
540.36,0,0
540.36,0,0
540.14,0,0
539.71,0,0
539.28,0,0
538.84,0,0
538.85,0,0
536.67,0,0
531.52,0,0
526.27,0,0
522.62,0,0
513.93,0,0
495.18,0,0
481.85,0,0
471.41,0,0
458.42,0,0
448.46,0,0
441.39,0,0
436.4,0,0
434.18,0,0
431.17,0,0
427.28,0,0
423.49,1,1
420.59,1,1
416.05,1,1
409.62,1,1
404.21,1,1
400.35,1,1
392.51,1,1
380.92,1,1
366.51,1,1
349.48,1,1
348.99,1,1
364.67,1,1
375.98,1,1
382.51,1,1
389.2,1,1
396.52,1,1
405.0,1,1
414.72,1,1
416.34,1,1
410.52,1,1
403.7,1,1
396.0,1,1
404.1,1,1
426.09,1,1
449.86,0,0
464.94,0,0
470.05,0,0
468.94,0,0
467.05,0,0
470.15,0,0
476.45,0,0
485.9,0,0
493.72,0,0
502.5,0,0
516.05,0,0
525.46,0,0
532.09,0,0
537.26,0,0
539.39,0,0
540.38,0,0
540.38,0,0
540.38,0,0
540.38,0,0
540.38,0,0
540.38,0,0
540.38,0,0
540.38,0,0
540.38,0,0
540.38,0,0
540.38,0,0
540.38,0,0
540.38,0,0
540.38,0,0
540.38,0,0
540.38,0,0
540.38,0,0
540.38,0,0
540.38,0,0
540.38,0,0
540.38,0,0
540.32,0,0
540.22,0,0
540.12,0,0
540.02,0,0
539.87,0,0
539.67,0,0
539.46,0,0
539.25,0,0
539.6,0,0
540.38,0,0
540.38,0,0
540.38,0,0
540.38,0,0
540.38,0,0
540.38,0,0
540.38,0,0
540.38,0,0
539.46,0,0
538.29,0,0
536.8,0,0
536.3,0,0
535.96,0,0
532.57,0,0
529.12,0,0
522.81,0,0
513.26,0,0
501.37,0,0
484.46,0,0
465.85,0,0
444.2,0,0
431.57,1,1
432.45,1,1
441.4,0,0
451.87,0,0
455.08,0,0
456.27,0,0
456.33,0,0
455.4,0,0
449.06,0,0
432.49,1,1
412.06,1,1
393.69,1,1
377.29,1,1
359.88,1,1
349.41,1,1
343.68,1,1
347.27,1,1
359.95,1,1
366.38,1,1
368.78,1,1
371.25,1,1
374.32,1,1
372.61,1,1
366.98,1,1
374.41,1,1
393.92,1,1
409.19,1,1
418.94,1,1
428.18,1,1
437.44,1,1
454.27,0,0
472.58,0,0
482.13,0,0
485.18,0,0
486.74,0,0
486.81,0,0
486.75,0,0
488.41,0,0
492.09,0,0
500.18,0,0
508.08,0,0
514.16,0,0
520.25,0,0
525.77,0,0
530.18,0,0
532.58,0,0
533.25,0,0
533.92,0,0
534.61,0,0
535.31,0,0
535.28,0,0
534.5,0,0
533.73,0,0
532.95,0,0
532.91,0,0
533.64,0,0
534.38,0,0
535.12,0,0
531.17,0,0
520.32,0,0
506.18,0,0
486.99,0,0
469.41,0,0
459.88,0,0
449.69,0,0
439.01,1,0
427.63,0,0
411.44,0,0
394.26,0,0
376.97,0,0
379.65,0,0
402.3,0,0
423.87,0,0
440.45,0,0
456.77,0,0
471.95,0,0
480.49,0,0
489.18,0,0
491.59,0,0
487.3,0,0
483.15,0,0
478.99,0,0
484.5,0,0
499.93,0,0
511.35,0,0
522.7,0,0
526.42,0,0
524.49,0,0
520.17,0,0
515.86,0,0
508.91,0,0
496.93,0,0
483.05,0,0
465.5,0,0
449.86,0,0
438.5,0,0
428.54,0,0
418.2,0,0
399.69,0,0
375.33,0,0
349.43,0,0
326.48,0,0
305.76,0,0
285.86,0,0
266.65,0,0
250.68,1,1
236.54,1,1
222.72,1,1
210.11,1,1
201.04,1,1
212.23,1,1
238.91,1,1
262.52,0,0
278.98,0,0
283.86,0,0
279.17,0,0
275.14,0,0
268.33,0,0
254.06,0,0
229.15,1,1
203.2,1,1
176.88,1,1
170.51,1,1
186.73,1,1
203.56,1,1
220.83,1,1
224.72,1,1
213.2,1,1
204.4,1,1
196.71,1,1
196.59,1,1
205.28,1,1
221.87,1,1
243.43,1,1
252.56,0,0
250.94,0,0
246.58,1,1
242.5,1,1
253.82,0,0
281.28,0,0
307.11,0,0
331.96,0,0
346.95,0,0
352.06,0,0
357.27,0,0
362.58,0,0
361.66,0,0
354.0,0,0
346.3,0,0
338.56,0,0
344.72,0,0
365.89,0,0
386.11,0,0
403.46,0,0
409.84,0,0
404.11,0,0
398.57,0,0
392.92,0,0
388.14,0,0
384.18,0,0
379.59,0,0
375.17,0,0
350.81,0,0
298.95,0,0
247.92,0,0
198.98,0,0
165.2,0,0
145.77,0,0
125.89,0,0
105.54,1,1
82.46,1,1
59.57,1,1
36.4,1,1
33.64,1,1
35.24,1,1
37.16,1,1
38.52,1,1
39.54,1,1
39.96,1,1
39.97,1,1
40.11,1,1
40.13,1,1
39.17,1,1
36.04,1,1
53.37,1,1
143.03,0,0
198.24,0,0
214.93,0,0
231.16,0,0
249.64,0,0
243.06,0,0
214.81,0,0
181.47,0,0
142.63,0,0
110.1,1,1
75.53,1,1
77.6,1,1
122.38,1,1
160.85,0,0
189.69,0,0
212.19,0,0
227.11,0,0
233.75,0,0
232.38,0,0
247.35,0,0
280.73,0,0
298.49,0,0
300.9,0,0
287.86,0,0
262.69,0,0
245.33,0,0
235.06,0,0
215.22,0,0
185.0,0,0
148.63,0,0
108.27,1,1
86.12,1,1
80.37,1,1
100.22,1,1
147.86,0,0
207.47,0,0
278.68,0,0
327.93,0,0
360.17,0,0
388.41,0,0
410.34,0,0
425.55,0,0
432.19,0,0
434.15,0,0
433.19,0,0
444.02,0,0
466.8,0,0
483.11,0,0
496.93,0,0
509.41,0,0
516.76,0,0
520.27,0,0
523.48,0,0
523.36,0,0
519.88,0,0
516.35,0,0
512.84,0,0
512.36,0,0
515.15,0,0
517.91,0,0
520.68,0,0
524.94,0,0
529.35,0,0
533.04,0,0
536.78,0,0
538.7,0,0
539.81,0,0
540.38,0,0
540.38,0,0
540.38,0,0
540.38,0,0
540.38,0,0
540.38,0,0
540.38,0,0
540.38,0,0
540.38,0,0
540.38,0,0
540.38,0,0
540.38,0,0
540.38,0,0
540.38,0,0
540.38,0,0
540.38,0,0
540.38,0,0
540.38,0,0
540.38,0,0
540.38,0,0
540.38,0,0
540.38,0,0
539.79,0,0
538.66,0,0
537.52,0,0
532.95,0,0
529.81,0,0
527.36,0,0
523.13,0,0
518.81,0,0
512.56,0,0
502.62,0,0
495.27,0,0
493.97,0,0
490.56,0,0
482.91,0,0
470.96,0,0
446.58,0,0
417.34,1,1
392.91,1,1
388.54,1,1
408.66,1,1
417.91,1,1
416.54,1,1
421.11,1,1
428.56,1,1
449.03,0,0
473.7,0,0
482.37,0,0
478.24,0,0
476.38,0,0
477.89,0,0
472.77,0,0
457.15,0,0
436.07,1,1
414.61,1,1
411.34,1,1
426.23,1,1
433.43,1,1
432.49,1,1
443.43,1,1
466.55,0,0
487.85,0,0
506.01,0,0
510.31,0,0
503.08,0,0
502.12,0,0
508.68,0,0
512.28,0,0
513.18,0,0
512.97,0,0
511.59,0,0
510.07,0,0
508.04,0,0
505.14,0,0
501.84,0,0
501.96,0,0
505.32,0,0
504.61,0,0
495.54,0,0
483.92,0,0
460.28,0,0
447.0,0,0
446.31,1,1
445.6,1,1
444.88,1,1
442.1,1,1
437.23,1,1
431.26,1,1
424.82,1,1
427.74,1,1
438.98,1,1
448.0,0,0
457.08,0,0
461.32,0,0
460.71,0,0
460.29,0,0
459.66,0,0
458.15,0,0
455.67,0,0
453.29,0,0
450.5,0,0
439.86,0,0
421.07,0,0
396.45,0,0
369.87,0,0
360.52,0,0
369.32,0,0
378.29,0,0
386.95,0,0
380.08,0,0
356.71,0,0
333.54,0,0
306.54,0,0
280.54,0,0
256.99,0,0
234.43,1,1
211.53,1,1
168.19,1,1
106.86,1,1
49.9,1,1
34.71,1,1
34.04,1,1
79.96,1,1
151.8,1,1
227.75,1,1
257.85,0,1
241.0,1,1
222.46,1,1
202.55,1,1
200.96,1,1
219.99,1,1
247.63,0,0
284.44,0,0
308.16,0,0
323.59,0,0
328.62,0,0
321.96,0,0
313.29,0,0
304.47,0,0
308.19,0,0
322.17,0,0
332.36,0,0
338.37,0,0
344.33,0,0
350.03,0,0
358.45,0,0
367.88,0,0
369.33,0,0
345.88,0,0
304.09,0,0
261.37,0,0
263.68,0,0
311.27,0,0
353.21,0,0
372.25,0,0
368.15,0,0
357.27,0,0
361.16,0,0
381.65,0,0
398.29,0,0
399.08,0,0
394.03,0,0
391.16,0,0
396.77,0,0
410.74,0,0
412.71,0,0
403.59,0,0
395.69,0,0
388.85,0,0
407.72,0,0
449.82,0,0
477.84,0,0
498.16,0,0
509.66,0,0
510.52,0,0
505.37,0,0
499.53,0,0
495.71,0,0
493.83,0,0
491.92,0,0
489.87,0,0
487.49,0,0
484.81,0,0
481.89,0,0
476.94,0,0
450.78,0,0
390.39,0,0
313.64,0,0
232.84,1,1
179.8,1,1
150.76,1,1
121.5,1,1
92.64,1,1
86.32,1,1
103.42,1,1
122.15,1,1
141.97,1,1
185.3,1,1
255.57,1,1
330.76,1,1
394.62,0,0
429.75,0,0
443.32,0,0
457.59,0,0
469.26,0,0
472.73,0,0
472.03,0,0
471.1,0,0
470.38,0,0
473.55,0,0
480.4,0,0
487.44,0,0
494.28,0,0
492.87,0,0
483.2,0,0
473.5,0,0
464.07,0,0
463.07,0,0
472.03,0,0
478.58,0,0
484.82,0,0
484.61,0,0
478.28,0,0
468.05,0,0
453.85,0,0
429.94,0,0
387.34,0,0
348.61,0,0
318.44,1,1
325.76,1,1
363.55,0,0
388.06,0,0
390.64,0,0
377.23,0,0
349.07,0,0
334.81,1,1
329.62,1,1
327.03,1,1
329.47,1,1
323.13,1,1
308.03,1,1
294.42,1,1
282.34,1,1
282.76,1,1
295.59,1,1
309.65,1,1
324.36,1,1
334.42,1,1
339.91,0,0
346.77,0,0
354.83,0,0
351.95,0,0
340.08,0,0
328.6,1,1
318.07,1,1
316.13,1,1
323.62,1,1
324.91,1,1
322.3,1,1
339.24,0,0
367.03,0,0
385.86,0,0
396.94,0,0
404.05,0,0
409.88,0,0
417.53,0,0
426.91,0,0
433.91,0,0
438.12,0,0
448.53,0,0
460.33,0,0
467.81,0,0
475.02,0,0
472.49,0,0
460.43,0,0
448.24,0,0
434.08,0,0
416.88,0,0
399.5,0,0
381.93,0,0
362.49,0,0
364.51,0,0
387.84,0,0
409.82,0,0
432.38,0,0
446.55,0,0
458.69,0,0
471.02,0,0
481.08,0,0
481.63,0,0
475.51,0,0
465.51,0,0
454.85,0,0
446.62,1,1
440.9,1,1
435.45,1,1
429.67,1,1
435.35,1,1
452.77,1,1
470.2,1,1
479.9,1,1
484.55,0,0
484.01,0,0
483.64,0,0
483.08,1,0
489.88,0,0
502.32,0,0
512.42,0,0
522.4,0,0
525.73,0,0
525.72,0,0
525.76,0,0
525.76,0,0
525.85,0,0
525.47,0,0
524.54,0,0
523.58,0,0
523.5,0,0
524.25,0,0
525.95,0,0
526.89,0,0
526.07,0,0
523.53,0,0
523.95,0,0
527.14,0,0
530.47,0,0
533.89,0,0
533.0,0,0
526.78,0,0
521.74,0,0
518.11,0,0
510.66,0,0
498.46,0,0
489.23,0,0
483.63,1,1
477.91,1,1
472.36,1,1
466.36,1,1
460.26,1,1
458.78,1,1
462.34,1,1
463.75,1,1
463.26,1,1
462.6,1,1
461.62,1,1
459.45,1,1
455.79,1,1
462.85,1,1
481.53,1,1
498.98,0,0
515.15,0,0
519.21,0,0
511.03,0,0
504.17,0,0
498.63,0,0
499.16,0,0
505.69,0,0
511.98,0,0
518.03,0,0
521.29,0,0
521.5,0,0
521.1,0,0
520.51,0,0
523.1,0,0
528.89,0,0
536.21,0,0
540.38,0,0
540.38,0,0
540.38,0,0
540.38,0,0
540.38,0,0
540.38,0,0
540.38,0,0
540.38,0,0
540.38,0,0
540.38,0,0
540.38,0,0
540.38,0,0
540.38,0,0
540.38,0,0
540.38,0,0
540.38,0,0
540.38,0,0
540.38,0,0
540.38,0,0
540.38,0,0
540.38,0,0
540.38,0,0
540.38,0,0
540.38,0,0
539.55,0,0
538.51,0,0
537.17,0,0
530.75,0,0
522.28,0,0
509.67,0,0
495.12,0,0
486.92,0,0
488.49,0,0
490.24,0,0
491.87,0,0
493.67,0,0
495.64,0,0
497.49,0,0
499.34,0,0
495.75,0,0
486.15,0,0
476.74,0,0
467.3,0,0
447.47,0,0
423.94,0,0
396.07,1,1
362.72,1,1
354.22,1,1
367.07,1,1
378.98,1,1
397.08,1,1
420.23,0,0
436.24,0,0
449.91,0,0
460.77,0,0
460.35,0,0
450.64,0,0
448.84,0,0
452.31,0,0
462.0,0,0
477.55,0,0
479.34,0,0
468.06,0,0
455.74,0,0
442.5,0,0
431.38,0,0
421.87,0,0
410.33,1,1
396.24,1,1
390.3,1,1
390.77,1,1
387.49,1,1
382.22,1,1
383.03,1,1
390.2,1,1
390.32,1,1
384.03,1,1
385.29,1,1
392.77,1,1
407.8,1,1
415.52,0,1
407.52,1,1
386.23,1,1
362.17,1,1
350.36,1,1
368.65,1,1
411.33,0,0
440.61,0,0
456.82,0,0
466.47,0,0
470.81,0,0
483.41,0,0
494.32,0,0
500.71,0,0
507.24,0,0
506.36,0,0
498.39,0,0
490.59,0,0
477.87,0,0
476.02,0,0
487.78,0,0
494.42,0,0
501.26,0,0
506.51,0,0
510.18,0,0
512.94,0,0
515.73,0,0
519.43,0,0
524.06,0,0
527.96,0,0
530.94,0,0
533.77,0,0
536.45,0,0
538.18,0,0
538.74,0,0
539.13,0,0
539.36,0,0
539.6,0,0
539.86,0,0
540.32,0,0
540.38,0,0
540.38,0,0
540.38,0,0
540.38,0,0
540.38,0,0
540.38,0,0
540.38,0,0
540.01,0,0
539.31,0,0
538.6,0,0
537.88,0,0
537.18,0,0
535.22,0,0
533.24,0,0
531.25,0,0
528.79,0,0
525.83,0,0
522.93,0,0
518.5,0,0
514.37,0,0
509.77,0,0
503.9,0,0
498.02,0,0
490.52,0,0
480.45,0,0
473.53,0,0
469.75,0,0
473.29,0,0
482.58,0,0
491.4,0,0
501.62,0,0
507.36,0,0
511.66,0,0
508.76,0,0
499.12,0,0
491.46,0,0
485.8,0,0
485.85,0,0
489.1,0,0
489.09,0,0
484.83,0,0
481.63,0,0
481.77,0,0
484.86,0,0
492.38,0,0
490.41,0,0
479.43,0,0
468.57,0,0
458.19,0,0
454.17,0,0
456.64,0,0
457.49,0,0
456.88,0,0
450.46,0,0
438.68,0,0
424.05,1,1
406.07,1,1
403.45,1,1
415.54,1,1
429.1,1,1
441.37,0,0
446.7,0,0
442.42,0,0
433.36,0,0
425.16,1,0
433.43,0,0
451.54,0,0
458.16,0,0
456.1,0,0
446.84,0,0
425.81,1,1
410.39,1,1
399.64,1,1
387.72,1,1
372.69,1,1
361.16,1,1
352.67,1,1
344.51,1,1
335.8,1,1
339.65,1,1
356.24,1,1
372.91,1,1
387.75,1,1
396.55,1,1
399.94,1,1
403.03,1,1
406.5,1,1
418.36,1,1
438.32,0,0
452.74,0,0
467.57,0,0
482.41,0,0
491.35,0,0
500.83,0,0
509.0,0,0
513.71,0,0
515.74,0,0
517.78,0,0
519.83,0,0
517.86,0,0
511.91,0,0
505.75,0,0
498.76,0,0
490.75,0,0
483.28,0,0
475.72,0,0
467.12,1,1
464.77,1,1
471.33,1,1
476.37,0,0
481.25,0,0
483.71,0,0
483.87,0,0
484.03,0,0
484.19,0,0
484.36,0,0
484.87,0,0
484.69,0,0
484.7,0,0
483.35,0,0
480.91,0,0
476.66,0,0
470.93,1,1
468.52,1,1
469.19,1,1
466.99,1,1
462.19,1,1
458.6,1,1
456.82,1,1
452.69,1,1
446.41,1,1
431.02,1,1
406.06,1,1
398.06,1,1
407.25,1,1
413.77,1,1
415.6,1,1
424.37,1,1
437.42,1,1
447.09,1,1
454.28,1,1
461.5,1,1
468.73,1,1
477.28,0,0
485.52,0,0
488.23,0,0
486.01,0,0
483.3,0,0
481.17,0,0
483.5,0,0
490.61,0,0
496.88,0,0
502.32,0,0
503.31,0,0
498.75,0,0
499.14,0,0
504.7,0,0
505.45,0,0
501.28,0,0
495.06,0,0
487.34,0,0
492.72,0,0
508.6,0,0
520.31,0,0
528.4,0,0
533.68,0,0
535.45,0,0
536.19,0,0
536.9,0,0
537.61,0,0
538.13,0,0
538.12,0,0
537.57,0,0
536.8,0,0
536.03,0,0
535.63,0,0
535.6,0,0
535.58,0,0
535.57,0,0
534.0,0,0
530.88,0,0
527.72,0,0
523.57,0,0
522.26,0,0
524.59,0,0
526.6,0,0
528.1,0,0
528.69,0,0
528.38,0,0
528.02,0,0
527.67,0,0
524.51,0,0
515.62,0,0
506.35,0,0
495.08,0,0
487.52,0,0
484.94,0,0
482.29,0,0
479.76,0,0
475.47,0,0
469.86,0,0
460.12,0,0
449.98,0,0
435.24,0,0
415.96,1,1
390.74,1,1
364.19,1,1
335.67,1,1
301.94,1,1
267.5,1,1
232.54,1,1
228.41,1,1
251.31,1,1
273.81,1,1
296.74,1,1
318.87,1,1
336.35,1,1
355.8,1,1
379.57,1,1
394.25,1,1
408.61,1,1
422.29,0,0
434.28,0,0
442.55,0,0
447.54,0,0
446.19,0,0
438.72,0,0
425.67,0,0
406.63,1,1
408.89,1,1
432.1,0,0
458.02,0,0
484.05,0,0
489.03,0,0
475.04,0,0
463.77,0,0
455.1,0,0
446.66,0,0
434.5,0,0
423.28,0,0
416.62,1,1
415.18,1,1
417.02,0,1
415.0,1,1
406.57,1,1
409.36,1,1
423.08,0,0
432.51,0,0
437.92,0,0
446.62,0,0
458.45,0,0
471.74,0,0
482.83,0,0
488.5,0,0
491.76,0,0
494.81,0,0
497.79,0,0
504.31,0,0
513.93,0,0
522.95,0,0
531.65,0,0
537.06,0,0
539.33,0,0
540.38,0,0
540.38,0,0
540.38,0,0
540.38,0,0
540.38,0,0
540.38,0,0
540.38,0,0
540.38,0,0
540.38,0,0
540.38,0,0
540.38,0,0
540.38,0,0
540.38,0,0
540.38,0,0
540.38,0,0
540.38,0,0
540.38,0,0
540.38,0,0
540.38,0,0
540.38,0,0
540.38,0,0
540.38,0,0
540.38,0,0
540.38,0,0
540.38,0,0
540.38,0,0
540.38,0,0
540.38,0,0
540.38,0,0
540.38,0,0
540.38,0,0
540.38,0,0
540.38,0,0
540.38,0,0
540.38,0,0
540.38,0,0
540.38,0,0
540.38,0,0
540.38,0,0
540.38,0,0
540.38,0,0
540.38,0,0
540.38,0,0
540.38,0,0
540.38,0,0
538.88,0,0
535.7,0,0
532.5,0,0
525.81,0,0
514.44,0,0
502.4,0,0
489.49,0,0
477.7,0,0
470.39,0,0
463.15,0,0
453.59,0,0
446.05,0,0
442.46,0,0
432.03,0,0
412.14,0,0
390.74,1,1
369.43,1,1
355.71,1,1
351.72,1,1
341.45,1,1
325.41,1,1
322.34,1,1
334.06,1,1
345.63,1,1
356.71,1,1
359.95,1,1
354.4,1,1
350.64,1,1
348.78,1,1
345.26,1,1
339.71,1,1
330.81,1,1
318.28,1,1
323.17,1,1
343.54,1,1
359.83,1,1
372.02,1,1
384.51,1,1
397.69,1,1
413.05,0,0
429.69,0,0
438.89,0,0
444.06,0,0
451.16,0,0
460.37,0,0
475.78,0,0
491.99,0,0
502.9,0,0
509.96,0,0
521.11,0,0
534.61,0,0
539.85,0,0
539.41,0,0
538.96,0,0
538.51,0,0
538.04,0,0
536.59,0,0
535.13,0,0
533.66,0,0
534.17,0,0
536.7,0,0
538.33,0,0
538.86,0,0
539.16,0,0
539.22,0,0
539.29,0,0
539.36,0,0
539.15,0,0
538.64,0,0
538.13,0,0
536.57,0,0
534.87,0,0
533.89,0,0
532.87,0,0
531.78,0,0
529.39,0,0
525.68,0,0
520.84,0,0
515.03,0,0
511.84,0,0
511.4,0,0
510.95,0,0
510.4,0,0
511.16,0,0
513.28,0,0
515.36,0,0
517.54,0,0
513.92,0,0
504.46,0,0
493.69,0,0
480.75,0,0
474.69,0,0
475.09,0,0
475.68,0,0
476.26,0,0
481.87,0,0
490.86,0,0
498.2,0,0
502.84,0,0
498.71,0,0
485.47,0,0
473.31,0,0
461.19,0,0
444.31,0,0
420.84,0,0
398.93,0,0
379.34,1,1
357.15,1,1
329.53,1,1
319.84,1,1
333.88,1,1
347.88,1,1
360.32,1,1
361.2,1,1
347.28,1,1
341.53,1,1
341.49,1,1
346.44,1,1
355.92,1,1
357.65,1,1
353.02,1,1
356.06,1,1
365.88,1,1
376.72,1,1
388.45,0,0
387.76,0,0
375.63,1,1
360.36,1,1
342.04,1,1
343.26,1,1
363.51,1,1
379.74,1,1
392.22,0,0
399.22,0,0
402.0,0,0
413.89,0,0
433.63,0,0
442.4,0,0
442.91,0,0
443.46,0,0
444.81,0,0
454.86,0,0
468.47,0,0
477.94,0,0
485.82,0,0
498.0,0,0
508.69,0,0
514.56,0,0
519.44,0,0
524.34,0,0
528.66,0,0
531.27,0,0
533.36,0,0
535.48,0,0
537.63,0,0
538.37,0,0
538.67,0,0
538.97,0,0
539.27,0,0
539.66,0,0
540.13,0,0
540.38,0,0
540.38,0,0
540.38,0,0
540.38,0,0
540.38,0,0
540.38,0,0
540.38,0,0
540.38,0,0
540.38,0,0
540.38,0,0
540.38,0,0
540.38,0,0
540.38,0,0
540.38,0,0
540.38,0,0
540.38,0,0
540.38,0,0
540.38,0,0
540.38,0,0
540.38,0,0
540.38,0,0
540.38,0,0
540.38,0,0
540.38,0,0
540.38,0,0
540.38,0,0
540.38,0,0
540.38,0,0
540.38,0,0
540.09,0,0
539.77,0,0
538.6,0,0
536.42,0,0
534.21,0,0
526.19,0,0
511.14,0,0
497.26,0,0
482.87,0,0
465.22,0,0
447.81,0,0
427.68,0,0
405.0,0,0
389.14,0,0
382.73,0,0
378.49,0,0
378.54,0,0
375.46,1,1
368.92,1,1
366.46,1,1
368.56,1,1
367.58,1,1
364.29,1,1
361.94,1,1
360.2,1,1
359.36,1,1
358.56,1,1
355.75,1,1
350.77,1,1
345.37,1,1
339.36,1,1
333.23,1,1
327.09,1,1
321.67,1,1
317.4,1,1
314.43,1,1
310.91,1,1
314.06,1,1
318.81,1,1
336.07,1,1
362.9,1,1
386.61,0,0
407.4,0,0
417.58,0,0
422.01,0,0
428.62,0,0
437.04,0,0
454.4,0,0
473.58,0,0
485.55,0,0
492.96,0,0
505.39,0,0
518.03,0,0
524.09,0,0
527.32,0,0
529.46,0,0
531.65,0,0
533.08,0,0
533.76,0,0
534.45,0,0
535.16,0,0
535.9,0,0
536.66,0,0
537.43,0,0
537.99,0,0
537.98,0,0
537.39,0,0
536.59,0,0
535.78,0,0
534.95,0,0
534.1,0,0
533.23,0,0
532.35,0,0
528.63,0,0
520.14,0,0
509.09,0,0
495.48,0,0
491.67,0,0
500.5,0,0
507.14,0,0
513.68,0,0
519.83,0,0
524.63,0,0
528.34,0,0
532.15,0,0
534.08,0,0
534.03,0,0
533.97,0,0
533.92,0,0
532.84,0,0
530.74,0,0
528.65,0,0
526.52,0,0
527.03,0,0
530.19,0,0
533.31,0,0
536.45,0,0
536.98,0,0
534.96,0,0
532.95,0,0
530.97,0,0
522.77,0,0
505.04,0,0
482.27,0,0
453.67,0,0
436.79,0,0
440.92,0,0
434.74,0,0
413.51,0,0
389.73,0,0
364.91,0,0
344.74,0,0
331.62,0,0
321.57,1,1
313.9,1,1
310.59,1,1
311.04,1,1
306.79,1,1
296.9,1,1
289.72,1,1
287.18,1,1
285.16,1,1
284.76,1,1
283.07,1,1
278.49,1,1
272.92,1,1
266.05,1,1
262.12,1,1
261.6,1,1
258.46,1,1
256.38,1,1
260.72,1,1
269.65,1,1
284.73,1,1
304.33,1,1
319.68,1,1
329.66,1,1
342.54,0,0
358.1,0,0
380.02,0,0
404.45,0,0
425.2,0,0
442.97,0,0
462.12,0,0
480.38,0,0
493.2,0,0
502.35,0,0
516.74,0,0
530.79,0,0
537.96,0,0
538.97,0,0
539.9,0,0
540.38,0,0
540.38,0,0
540.38,0,0
540.38,0,0
540.38,0,0
540.38,0,0
540.38,0,0
539.67,0,0
538.61,0,0
537.41,0,0
535.02,0,0
532.6,0,0
530.13,0,0
528.03,0,0
526.29,0,0
523.93,0,0
521.15,0,0
522.81,0,0
527.54,0,0
531.64,0,0
535.99,0,0
537.78,0,0
538.06,0,0
538.34,0,0
538.63,0,0
538.92,0,0
539.21,0,0
539.5,0,0
539.8,0,0
539.43,0,0
538.37,0,0
537.31,0,0
532.5,0,0
533.47,0,0
537.89,0,0
539.39,0,0
540.38,0,0
540.38,0,0
540.38,0,0
540.38,0,0
540.38,0,0
540.38,0,0
540.38,0,0
540.38,0,0
540.38,0,0
534.25,0,0
518.64,0,0
497.67,0,0
471.12,0,0
455.52,0,0
454.58,0,0
444.37,0,0
424.63,0,0
409.21,0,0
398.45,0,0
388.86,0,0
380.04,0,0
370.46,1,1
359.48,1,1
352.03,1,1
349.32,1,1
345.69,1,1
341.4,1,1
338.17,1,1
334.7,1,1
330.17,1,1
325.12,1,1
327.1,1,1
337.07,1,1
344.19,1,1
349.77,1,1
356.79,1,1
365.5,1,1
375.11,1,1
384.94,0,0
387.33,0,0
383.12,0,0
380.19,0,0
379.57,1,0
386.09,0,0
398.77,0,0
408.25,0,0
415.1,0,0
429.43,0,0
448.22,0,0
464.13,0,0
476.26,0,0
486.58,0,0
497.23,0,0
505.91,0,0
512.4,0,0
521.96,0,0
533.28,0,0
535.21,0,0
528.17,0,0
517.76,0,0
505.53,0,0
491.66,0,0
474.7,0,0
452.2,0,0
425.13,0,0
399.64,0,0
380.14,0,0
357.24,1,1
333.35,1,1
335.33,1,1
362.47,1,1
386.94,0,0
410.06,0,0
418.73,0,0
413.08,0,0
407.3,0,0
401.4,0,0
394.61,0,0
386.78,0,0
378.15,1,1
369.57,1,1
369.53,1,1
378.89,1,1
388.31,1,1
397.79,1,1
411.94,1,1
427.19,1,1
440.75,1,1
454.31,1,1
467.48,0,0
475.02,0,0
481.93,0,0
488.77,0,0
495.89,0,0
502.07,0,0
507.53,0,0
512.99,0,0
512.9,0,0
507.2,0,0
501.56,0,0
495.0,0,0
499.17,0,0
511.31,0,0
522.92,0,0
530.48,0,0
527.46,0,0
513.55,0,0
497.43,0,0
480.32,0,0
461.38,0,0
440.06,1,1
426.42,1,1
415.4,1,1
427.07,1,1
452.36,1,1
464.04,0,0
462.27,0,0
456.96,0,0
446.79,1,1
443.32,1,1
446.5,1,1
447.3,1,1
446.1,1,1
443.38,1,1
438.96,1,1
433.85,1,1
428.31,1,1
434.91,1,1
453.02,1,1
466.1,0,0
474.3,0,0
475.24,0,0
470.04,0,0
472.79,0,0
483.34,0,0
486.02,0,0
480.72,0,0
475.59,0,0
471.14,0,0
468.6,0,0
467.76,0,0
466.15,0,0
463.55,0,0
462.84,0,0
464.98,0,0
467.41,0,0
469.44,0,0
474.48,0,0
482.54,0,0
491.84,0,0
502.45,0,0
518.82,0,0
533.29,0,0
537.64,0,0
535.44,0,0
533.21,0,0
530.97,0,0
529.26,0,0
528.09,0,0
526.87,0,0
525.02,0,0
522.28,0,0
518.63,0,0
514.99,0,0
511.26,0,0
511.11,0,0
514.59,0,0
518.11,0,0
521.66,0,0
524.9,0,0
527.2,0,0
529.08,0,0
530.99,0,0
533.32,0,0
536.11,0,0
537.94,0,0
538.53,0,0
539.03,0,0
539.41,0,0
539.79,0,0
540.17,0,0
540.36,0,0
540.36,0,0
540.36,0,0
540.36,0,0
540.21,0,0
539.91,0,0
539.6,0,0
539.29,0,0
538.71,0,0
537.87,0,0
536.12,0,0
532.12,0,0
532.84,0,0
537.49,0,0
538.64,0,0
539.79,0,0
540.0,0,0
539.28,0,0
538.58,0,0
537.88,0,0
532.21,0,0
520.81,0,0
509.15,0,0
497.39,0,0
487.79,0,0
478.54,0,0
464.41,0,0
450.3,0,0
439.58,0,0
433.57,0,0
429.64,0,0
428.4,0,0
427.94,1,0
429.08,0,0
417.34,1,1
390.16,1,1
362.96,1,1
335.08,1,1
334.69,1,1
359.99,1,1
382.6,1,1
403.48,1,1
402.35,1,1
379.81,1,1
358.41,1,1
337.67,1,1
334.44,1,1
348.06,1,1
358.72,1,1
366.75,1,1
370.16,1,1
370.24,1,1
367.73,1,1
363.63,1,1
376.1,1,1
402.88,1,1
421.36,1,1
432.52,0,0
453.02,0,0
481.27,0,0
499.69,0,0
510.76,0,0
516.14,0,0
515.78,0,0
511.29,0,0
506.84,0,0
514.75,0,0
527.8,0,0
533.5,0,0
534.97,0,0
536.45,0,0
537.92,0,0
537.53,0,0
535.24,0,0
532.93,0,0
530.57,0,0
528.78,0,0
527.56,0,0
526.32,0,0
524.47,0,0
524.39,0,0
526.17,0,0
527.31,0,0
528.43,0,0
527.77,0,0
524.98,0,0
521.07,0,0
517.09,0,0
513.81,0,0
511.25,0,0
508.49,0,0
505.69,0,0
504.03,0,0
503.7,0,0
503.48,0,0
503.15,0,0
511.82,0,0
527.55,0,0
537.79,0,0
540.31,0,0
540.38,0,0
540.38,0,0
540.38,0,0
540.38,0,0
540.38,0,0
540.38,0,0
540.38,0,0
540.38,0,0
540.38,0,0
540.38,0,0
540.38,0,0
540.38,0,0
540.38,0,0
540.38,0,0
540.38,0,0
540.38,0,0
537.88,0,0
532.49,0,0
526.97,0,0
521.41,0,0
506.22,0,0
479.58,0,0
461.09,0,0
450.53,0,0
429.28,0,0
395.43,1,1
380.81,1,1
390.29,1,1
402.68,1,1
416.34,0,0
411.73,0,0
386.43,1,1
361.12,1,1
334.01,1,1
323.38,1,1
330.95,1,1
334.42,1,1
333.42,1,1
335.87,1,1
341.78,1,1
346.54,1,1
349.19,1,1
355.31,1,1
364.14,1,1
372.3,1,1
378.9,1,1
384.24,1,1
389.01,1,1
392.92,1,1
396.14,1,1
403.27,1,1
414.22,0,0
425.14,0,0
436.05,0,0
446.54,0,0
456.95,0,0
467.33,0,0
477.31,0,0
486.94,0,0
497.03,0,0
505.44,0,0
512.8,0,0
523.81,0,0
535.57,0,0
540.38,0,0
540.29,0,0
539.24,0,0
538.18,0,0
537.82,0,0
538.88,0,0
539.72,0,0
540.38,0,0
540.38,0,0
539.7,0,0
538.83,0,0
537.71,0,0
537.69,0,0
538.8,0,0
539.67,0,0
540.38,0,0
540.38,0,0
540.38,0,0
539.98,0,0
539.55,0,0
539.58,0,0
540.1,0,0
540.38,0,0
540.38,0,0
540.38,0,0
540.38,0,0
540.38,0,0
540.38,0,0
540.38,0,0
540.38,0,0
540.38,0,0
540.38,0,0
540.11,0,0
540.38,0,0
540.38,0,0
540.38,0,0
540.38,0,0
540.38,0,0
540.38,0,0
540.38,0,0
540.38,0,0
540.38,0,0
540.38,0,0
540.38,0,0
540.31,0,0
540.22,0,0
540.12,0,0
540.03,0,0
534.98,0,0
524.21,0,0
513.03,0,0
501.7,0,0
491.86,0,0
482.72,0,0
472.99,0,0
463.94,0,0
453.8,1,1
441.96,1,1
432.71,1,1
425.33,1,1
413.41,1,1
396.42,1,1
414.3,1,1
464.77,0,0
513.42,0,0
536.02,0,0
536.06,0,0
520.49,0,0
498.59,0,0
486.51,0,0
472.82,0,0
457.77,1,1
418.4,1,1
354.84,1,1
331.72,1,1
348.58,1,1
355.45,1,1
352.52,1,1
353.15,1,1
357.66,1,1
359.9,1,1
358.89,1,1
366.72,1,1
381.43,1,1
392.31,1,1
399.36,1,1
413.68,1,1
434.27,1,1
461.72,0,0
480.83,0,0
494.97,0,0
505.83,0,0
511.41,0,0
514.41,0,0
523.2,0,0
533.97,0,0
538.33,0,0
538.33,0,0
538.32,0,0
538.32,0,0
537.03,0,0
533.48,0,0
529.91,0,0
525.59,0,0
520.21,0,0
515.0,0,0
509.58,0,0
502.35,0,0
500.11,0,0
502.8,0,0
505.56,0,0
508.46,0,0
512.08,0,0
517.26,0,0
522.5,0,0
527.21,0,0
527.61,0,0
524.54,0,0
520.25,0,0
515.84,0,0
513.46,0,0
513.46,0,0
513.38,0,0
513.3,0,0
511.43,0,0
507.71,0,0
503.83,0,0
498.93,0,0
490.12,0,0
477.83,0,0
459.98,0,0
437.43,0,0
415.61,0,0
387.03,0,0
358.28,0,0
326.91,1,1
326.89,1,1
357.66,0,0
386.48,0,0
414.75,0,0
421.13,0,0
411.12,0,0
399.23,0,0
387.47,0,0
377.28,0,0
367.5,0,0
356.3,0,0
344.79,1,1
341.15,1,1
340.26,1,1
339.3,1,1
349.53,1,1
356.05,0,0
355.29,0,0
357.35,0,0
361.43,0,0
368.85,0,0
375.52,0,0
380.61,0,0
384.42,0,0
387.61,0,0
390.03,0,0
389.2,0,0
385.36,0,0
377.23,0,0
364.51,0,0
348.38,1,1
324.81,1,1
306.62,1,1
293.63,1,1
307.91,1,1
348.52,1,1
390.54,0,0
417.05,0,0
421.92,0,0
420.8,0,0
416.7,0,0
406.49,0,0
392.71,0,0
376.18,0,0
366.2,0,0
368.16,0,0
379.77,0,0
398.31,0,0
411.53,0,0
416.7,0,0
417.68,0,0
417.51,0,0
417.36,0,0
417.43,0,0
419.31,0,0
422.83,0,0
423.9,0,0
423.35,0,0
423.06,0,0
422.5,0,0
426.37,0,0
435.01,0,0
443.55,0,0
450.95,0,0
439.28,0,0
404.17,0,0
364.5,0,0
321.1,1,1
307.91,1,1
323.0,1,1
338.66,1,1
354.92,0,0
353.55,0,0
335.11,1,1
315.87,1,1
297.27,1,1
292.4,1,1
302.56,1,1
313.24,1,1
325.28,1,1
326.74,1,1
318.17,1,1
308.96,1,1
300.37,1,1
310.42,1,1
340.18,1,1
366.62,1,1
391.91,0,0
401.65,0,0
395.01,0,0
388.65,0,0
382.17,0,0
370.96,0,0
354.47,1,1
338.38,1,1
318.38,1,1
308.9,1,1
309.54,1,1
309.49,1,1
310.12,1,1
327.86,1,1
358.99,1,1
388.0,0,0
416.7,0,0
427.13,0,0
426.29,0,0
425.05,0,0
423.58,0,0
430.52,0,0
438.26,0,0
443.82,0,0
445.9,0,0
443.58,0,0
438.48,0,0
434.13,0,0
430.21,0,0
424.49,0,0
417.05,0,0
410.75,0,0
405.67,0,0
398.45,0,0
389.3,0,0
376.59,0,0
360.2,1,1
350.51,1,1
348.57,1,1
346.22,1,1
343.65,1,1
337.04,1,1
324.44,1,1
336.2,1,1
368.41,0,0
392.25,0,0
408.03,0,0
418.79,0,0
425.15,0,0
433.1,0,0
442.22,0,0
447.88,0,0
450.76,0,0
458.27,0,0
469.42,0,0
473.58,0,0
472.52,0,0
468.07,0,0
462.83,0,0
477.99,0,0
504.85,0,0
519.75,0,0
528.42,0,0
534.01,0,0
535.61,0,0
537.14,0,0
538.44,0,0
538.86,0,0
539.29,0,0
539.21,0,0
538.61,0,0
537.37,0,0
534.51,0,0
530.75,0,0
525.27,0,0
517.91,0,0
510.47,0,0
505.29,0,0
505.12,0,0
504.94,0,0
504.68,0,0
510.73,0,0
520.44,0,0
528.99,0,0
535.39,0,0
537.98,0,0
537.27,0,0
536.27,0,0
535.15,0,0
532.69,0,0
528.94,0,0
525.13,0,0
520.15,0,0
517.45,0,0
518.04,0,0
518.58,0,0
519.13,0,0
522.77,0,0
527.04,0,0
531.39,0,0
535.82,0,0
537.77,0,0
538.5,0,0
539.24,0,0
539.99,0,0
540.38,0,0
540.38,0,0
540.38,0,0
540.38,0,0
540.38,0,0
540.38,0,0
539.79,0,0
539.06,0,0
532.85,0,0
519.58,0,0
504.62,0,0
487.96,0,0
464.62,0,0
424.57,0,0
403.34,1,1
419.27,1,1
449.39,0,0
467.4,0,0
460.64,0,0
435.89,0,0
397.59,1,1
363.95,1,1
351.86,1,1
363.66,1,1
370.32,1,1
370.49,1,1
374.68,1,1
381.76,1,1
387.85,1,1
393.93,1,1
395.86,1,1
393.67,1,1
401.66,1,1
420.79,1,1
416.08,1,1
389.32,1,1
356.94,1,1
318.88,1,1
318.13,1,1
351.86,1,1
380.14,1,1
402.06,1,1
423.92,0,0
445.62,0,0
470.35,0,0
490.04,0,0
498.4,0,0
496.83,0,0
493.21,0,0
487.96,0,0
490.16,0,0
498.63,0,0
505.82,0,0
511.61,0,0
518.29,0,0
525.99,0,0
527.45,0,0
521.34,0,0
514.69,0,0
507.75,0,0
505.94,0,0
510.67,0,0
514.77,0,0
518.86,0,0
523.99,0,0
528.63,0,0
532.57,0,0
536.54,0,0
538.0,0,0
537.99,0,0
537.98,0,0
537.97,0,0
537.96,0,0
537.95,0,0
537.93,0,0
537.92,0,0
537.78,0,0
537.02,0,0
535.95,0,0
534.77,0,0
534.13,0,0
534.11,0,0
534.07,0,0
534.05,0,0
534.52,0,0
535.49,0,0
536.47,0,0
537.19,0,0
537.16,0,0
536.38,0,0
535.29,0,0
534.18,0,0
530.93,0,0
525.5,0,0
519.61,0,0
511.07,0,0
503.02,0,0
495.39,0,0
484.77,0,0
474.3,0,0
471.63,1,0
476.91,0,0
482.08,0,0
487.15,0,0
488.4,0,0
485.35,0,0
482.35,0,0
478.99,0,0
476.3,0,0
474.29,0,0
473.24,0,0
472.53,1,1
431.32,1,1
341.75,1,1
311.72,1,1
355.77,1,1
383.41,1,1
390.1,1,1
386.84,1,1
368.5,1,1
345.28,1,1
318.28,1,1
318.35,1,1
345.94,1,1
365.63,1,1
376.03,1,1
395.26,1,1
422.01,1,1
454.06,1,1
479.88,0,0
487.02,0,0
485.41,0,0
485.73,0,0
488.13,0,0
490.94,0,0
494.32,0,0
500.22,0,0
508.45,0,0
506.49,0,0
494.02,0,0
465.04,1,1
423.66,1,1
421.72,1,1
452.65,1,1
471.12,1,1
478.89,0,0
487.09,0,0
495.11,0,0
501.63,0,0
508.48,0,0
518.78,0,0
530.29,0,0
537.47,0,0
538.68,0,0
539.63,0,0
540.38,0,0
540.38,0,0
540.38,0,0
540.38,0,0
540.38,0,0
540.38,0,0
540.38,0,0
540.38,0,0
540.38,0,0
540.38,0,0
540.38,0,0
540.38,0,0
540.38,0,0
540.38,0,0
540.38,0,0
540.38,0,0
540.38,0,0
540.38,0,0
540.38,0,0
540.38,0,0
540.38,0,0
540.38,0,0
540.38,0,0
540.38,0,0
540.38,0,0
540.38,0,0
540.38,0,0
540.38,0,0
540.38,0,0
540.38,0,0
540.38,0,0
540.38,0,0
540.38,0,0
540.38,0,0
540.38,0,0
540.38,0,0
540.38,0,0
540.38,0,0
540.38,0,0
540.38,0,0
540.24,0,0
539.4,0,0
538.46,0,0
537.53,0,0
535.59,0,0
529.39,0,0
520.16,0,0
509.11,0,0
498.09,0,0
479.66,0,0
446.44,0,0
409.97,0,0
374.77,0,0
341.57,0,0
317.38,0,0
285.73,0,0
248.58,0,0
220.67,0,0
208.04,0,0
215.63,0,0
255.96,0,0
279.77,0,0
286.6,0,0
283.04,0,0
271.21,0,0
275.09,0,0
285.44,0,0
268.72,0,0
227.9,0,0
180.75,1,1
141.41,1,1
118.92,1,1
113.23,1,1
109.67,1,1
105.5,1,1
106.71,1,1
111.18,1,1
124.84,1,1
146.09,1,1
173.42,1,1
205.9,0,0
229.59,0,0
243.97,0,0
252.49,0,0
256.76,0,0
268.95,0,0
289.2,0,0
318.09,0,0
353.51,0,0
343.93,0,0
281.05,0,0
217.11,0,0
154.66,1,1
146.81,1,1
193.53,0,0
245.57,0,0
299.87,0,0
312.85,0,0
282.41,0,0
252.19,0,0
222.52,0,0
192.48,0,0
164.22,1,1
137.32,1,1
110.25,1,1
89.64,1,1
74.38,1,1
60.34,1,1
44.75,1,1
55.64,1,1
92.23,1,1
131.64,1,1
170.93,1,1
197.79,0,0
210.4,0,0
222.67,0,0
237.65,0,0
241.09,1,1
233.06,1,1
223.92,1,1
215.74,1,1
234.55,1,1
280.24,1,1
323.38,1,1
363.44,1,1
394.08,1,1
410.66,1,1
427.5,1,1
444.6,1,1
458.85,1,1
468.81,1,1
478.77,0,0
488.74,0,0
494.3,0,0
496.43,0,0
498.53,0,0
500.6,0,0
509.4,0,0
523.03,0,0
532.66,0,0
538.03,0,0
535.03,0,0
526.61,0,0
513.81,0,0
500.4,0,0
492.61,0,0
490.28,0,0
489.58,0,0
489.96,0,0
491.36,0,0
493.92,0,0
486.27,0,0
468.32,1,1
441.14,1,1
404.4,1,1
400.97,1,1
432.24,1,1
453.04,1,1
463.29,1,1
474.16,0,0
485.25,0,0
497.42,0,0
511.1,0,0
515.65,0,0
511.51,0,0
511.17,0,0
514.58,0,0
511.24,0,0
501.27,0,0
491.37,0,0
481.26,0,0
474.77,0,0
472.43,0,0
466.14,1,1
455.87,1,1
459.16,1,1
476.36,0,0
490.82,0,0
502.25,0,0
509.91,0,0
513.87,0,0
520.03,0,0
528.18,0,0
531.51,0,0
530.29,0,0
529.23,0,0
528.35,0,0
531.19,0,0
537.5,0,0
540.38,0,0
540.38,0,0
540.22,0,0
539.55,0,0
538.77,0,0
537.89,0,0
535.24,0,0
531.01,0,0
528.4,0,0
527.39,0,0
526.4,0,0
525.4,0,0
522.07,0,0
514.47,0,0
506.66,0,0
498.29,0,0
498.02,0,0
506.01,0,0
513.54,0,0
521.23,0,0
525.17,0,0
527.45,0,0
529.82,0,0
532.27,0,0
536.52,0,0
538.11,0,0
539.37,0,0
540.38,0,0
540.38,0,0
540.38,0,0
539.81,0,0
539.19,0,0
538.49,0,0
537.72,0,0
536.94,0,0
534.55,0,0
531.19,0,0
528.14,0,0
525.08,0,0
522.02,0,0
520.63,0,0
520.77,0,0
520.9,0,0
521.04,0,0
520.36,0,0
518.52,0,0
516.05,0,0
513.72,0,0
503.66,0,0
483.76,0,0
461.69,0,0
437.22,0,0
419.24,0,0
405.54,0,0
390.16,0,0
375.31,0,0
356.06,0,0
331.43,0,0
311.9,0,0
301.97,1,1
292.22,1,1
284.31,1,1
273.54,1,1
257.34,1,1
234.6,1,1
205.56,1,1
186.86,1,1
178.47,1,1
175.99,1,1
179.03,1,1
185.76,1,1
195.93,1,1
203.07,1,1
208.8,1,1
218.84,1,1
231.78,1,1
241.31,1,1
248.92,1,1
256.54,1,1
262.86,1,1
269.98,1,1
277.36,1,1
290.22,1,1
308.28,0,0
324.96,0,0
342.1,0,0
364.89,0,0
391.84,0,0
413.43,0,0
430.08,0,0
454.49,0,0
482.36,0,0
501.28,0,0
511.69,0,0
522.28,0,0
534.72,0,0
539.79,0,0
539.4,0,0
539.01,0,0
538.62,0,0
538.07,0,0
537.07,0,0
533.74,0,0
530.38,0,0
529.36,0,0
530.79,0,0
532.19,0,0
533.63,0,0
532.38,0,0
528.4,0,0
524.39,0,0
519.04,0,0
522.01,0,0
530.04,0,0
537.39,0,0
539.08,0,0
540.2,0,0
540.38,0,0
540.38,0,0
540.38,0,0
540.38,0,0
540.38,0,0
540.38,0,0
540.38,0,0
540.38,0,0
540.38,0,0
540.38,0,0
540.38,0,0
540.38,0,0
540.38,0,0
540.38,0,0
540.38,0,0
540.38,0,0
540.38,0,0
540.38,0,0
540.38,0,0
540.38,0,0
540.38,0,0
540.38,0,0
540.38,0,0
540.38,0,0
540.38,0,0
540.38,0,0
540.38,0,0
533.22,0,0
515.44,0,0
496.94,0,0
483.36,0,0
480.23,0,0
483.87,0,0
478.94,0,0
452.49,0,0
414.39,0,0
380.87,1,1
362.9,1,1
363.7,1,1
358.68,1,1
346.19,1,1
344.9,1,1
354.89,1,1
366.91,1,1
381.07,1,1
381.28,1,1
366.63,1,1
353.77,1,1
342.66,1,1
340.02,1,1
344.8,1,1
346.64,1,1
344.81,1,1
347.74,1,1
354.96,1,1
358.12,1,1
358.58,1,1
367.04,1,1
383.28,1,1
402.49,0,0
423.8,0,0
425.6,0,0
411.38,0,0
399.25,0,0
389.87,1,0
402.55,0,0
432.33,0,0
455.42,0,0
472.57,0,0
486.56,0,0
498.84,0,0
510.21,0,0
519.98,0,0
528.67,0,0
536.72,0,0
540.38,0,0
540.38,0,0
540.38,0,0
540.38,0,0
540.38,0,0
540.38,0,0
540.38,0,0
540.38,0,0
540.38,0,0
540.38,0,0
540.38,0,0
540.38,0,0
540.38,0,0
540.38,0,0
540.38,0,0
540.38,0,0
540.38,0,0
540.38,0,0
540.38,0,0
540.38,0,0
540.38,0,0
540.38,0,0
540.38,0,0
540.38,0,0
540.38,0,0
540.38,0,0
540.38,0,0
540.38,0,0
540.38,0,0
540.38,0,0
540.38,0,0
540.38,0,0
540.38,0,0
540.38,0,0
540.38,0,0
540.38,0,0
540.38,0,0
540.38,0,0
540.38,0,0
540.38,0,0
540.38,0,0
540.38,0,0
540.38,0,0
540.38,0,0
540.38,0,0
540.38,0,0
540.38,0,0
540.38,0,0
532.26,0,0
508.84,0,0
482.32,0,0
464.27,0,0
456.3,0,0
454.47,0,0
445.45,0,0
430.73,0,0
420.98,0,0
416.33,0,0
409.28,0,0
398.7,1,1
390.56,1,1
385.79,1,1
371.47,1,1
345.63,1,1
314.69,1,1
278.2,1,1
269.06,1,1
288.26,1,1
301.55,1,1
308.14,1,1
315.52,1,1
323.87,1,1
333.18,1,1
343.13,1,1
348.74,1,1
350.48,1,1
349.99,1,1
347.79,1,1
352.26,1,1
363.98,1,1
376.16,1,1
388.52,1,1
397.91,1,1
404.98,0,0
411.68,0,0
417.39,0,0
424.67,0,0
434.02,0,0
441.03,0,0
446.09,0,0
458.78,0,0
473.47,0,0
483.11,0,0
491.03,0,0
497.67,0,0
502.69,0,0
501.6,0,0
494.08,0,0
486.4,0,0
478.84,0,0
476.57,0,0
479.81,0,0
483.28,0,0
486.64,0,0
484.84,0,0
477.61,0,0
468.81,0,0
455.79,0,0
449.2,0,0
448.61,0,0
448.3,0,0
447.71,0,0
444.63,0,0
438.45,0,0
432.53,0,0
426.56,0,0
437.35,0,0
466.12,0,0
482.54,0,0
498.63,0,0
507.19,0,0
512.08,0,0
516.97,0,0
521.7,0,0
525.0,0,0
528.54,0,0
532.21,0,0
535.94,0,0
537.45,0,0
538.14,0,0
538.83,0,0
539.52,0,0
539.64,0,0
539.16,0,0
538.66,0,0
538.17,0,0
537.18,0,0
531.91,0,0
524.92,0,0
517.14,0,0
514.05,0,0
518.79,0,0
522.08,0,0
525.03,0,0
522.85,0,0
509.2,0,0
491.06,0,0
478.9,0,0
468.94,0,0
458.57,0,0
445.78,0,0
424.57,0,0
403.06,0,0
381.56,0,0
368.38,0,0
367.28,1,1
364.78,1,1
359.76,1,1
351.04,1,1
338.04,1,1
330.19,1,1
328.44,1,1
324.49,1,1
314.56,1,1
299.86,1,1
277.49,1,1
271.05,1,1
281.54,1,1
294.38,1,1
310.58,1,1
315.52,1,1
309.58,1,1
303.54,1,1
298.18,1,1
304.23,1,1
319.65,1,1
329.66,1,1
335.56,1,1
353.29,1,1
381.35,0,0
404.51,0,0
421.84,0,0
439.28,0,0
458.64,0,0
476.49,0,0
492.26,0,0
502.84,0,0
509.87,0,0
517.16,0,0
524.8,0,0
531.83,0,0
537.74,0,0
540.38,0,0
540.38,0,0
540.38,0,0
540.38,0,0
540.38,0,0
540.38,0,0
540.38,0,0
540.38,0,0
540.38,0,0
540.38,0,0
540.38,0,0
540.38,0,0
540.38,0,0
540.13,0,0
539.45,0,0
538.78,0,0
538.09,0,0
537.09,0,0
533.8,0,0
530.43,0,0
528.63,0,0
528.37,0,0
528.09,0,0
527.81,0,0
530.49,0,0
536.18,0,0
538.12,0,0
539.32,0,0
539.48,0,0
538.58,0,0
537.66,0,0
535.74,0,0
535.69,0,0
537.57,0,0
538.48,0,0
539.41,0,0
540.12,0,0
540.38,0,0
540.38,0,0
540.38,0,0
540.38,0,0
539.64,0,0
538.19,0,0
536.61,0,0
534.9,0,0
537.14,0,0
537.87,0,0
538.59,0,0
532.68,0,0
514.65,0,0
494.68,0,0
482.11,0,0
472.6,0,0
462.76,0,0
454.59,1,1
448.12,1,1
446.82,1,1
451.76,1,1
441.19,1,1
412.37,1,1
378.99,1,1
341.95,1,1
334.33,1,1
358.66,1,1
387.29,1,1
400.97,1,1
400.34,1,1
373.52,1,1
325.19,1,1
287.9,1,1
283.69,1,1
310.46,1,1
324.15,1,1
324.52,1,1
343.67,1,1
380.7,1,1
424.08,1,1
453.26,1,1
460.35,0,0
464.84,0,0
473.94,0,0
486.53,0,0
489.85,0,0
485.22,0,0
480.01,0,0
474.73,0,0
478.27,0,0
490.23,0,0
500.8,0,0
510.17,0,0
515.66,0,0
517.32,0,0
516.72,0,0
516.23,0,0
523.72,0,0
535.34,0,0
540.37,0,0
540.37,0,0
540.37,0,0
540.37,0,0
540.23,0,0
539.95,0,0
539.67,0,0
539.39,0,0
539.06,0,0
538.67,0,0
538.29,0,0
537.91,0,0
538.37,0,0
539.7,0,0
540.38,0,0
540.38,0,0
540.38,0,0
540.38,0,0
540.38,0,0
540.38,0,0
540.38,0,0
540.38,0,0
540.38,0,0
540.25,0,0
539.7,0,0
539.25,0,0
538.81,0,0
538.35,0,0
537.62,0,0
534.93,0,0
529.95,0,0
524.87,0,0
525.87,0,0
533.05,0,0
537.59,0,0
539.11,0,0
539.52,0,0
538.8,0,0
538.08,0,0
537.35,0,0
536.32,0,0
533.45,0,0
530.57,0,0
527.69,0,0
523.43,0,0
516.77,0,0
508.11,0,0
499.57,0,0
488.12,0,0
472.03,0,0
455.71,0,0
439.32,1,1
426.48,1,1
409.76,1,1
395.44,1,1
394.2,1,1
373.89,1,1
333.12,1,1
304.84,1,1
292.3,1,1
294.32,1,1
322.77,1,1
328.57,1,1
310.8,1,1
286.05,1,1
254.86,1,1
255.71,1,1
291.34,1,1
325.91,1,1
358.0,1,1
383.66,1,1
404.7,1,1
426.72,1,1
445.94,0,0
455.36,0,0
460.69,0,0
467.6,0,0
476.32,0,0
476.48,0,0
466.8,0,0
454.87,0,0
442.17,0,0
443.95,0,0
458.34,0,0
468.34,0,0
472.56,0,0
471.89,0,0
469.27,0,0
468.97,0,0
470.31,0,0
467.71,0,0
461.26,0,0
451.76,0,0
441.43,0,0
436.86,1,1
435.66,1,1
450.15,0,0
479.29,0,0
497.06,0,0
511.88,0,0
514.51,0,0
506.63,0,0
497.11,0,0
486.18,0,0
488.29,0,0
503.41,0,0
514.72,0,0
525.28,0,0
530.11,0,0
532.39,0,0
534.71,0,0
537.05,0,0
536.57,0,0
533.21,0,0
529.82,0,0
526.38,0,0
523.04,0,0
518.23,0,0
513.16,0,0
507.82,0,0
504.13,0,0
502.13,0,0
500.08,0,0
498.12,0,0
500.21,0,0
506.5,0,0
513.05,0,0
519.75,0,0
516.88,0,0
504.12,0,0
490.58,0,0
472.8,0,0
467.54,0,0
475.01,0,0
482.69,0,0
490.32,0,0
485.54,0,0
468.73,0,0
448.25,0,0
418.1,0,0
412.81,0,0
431.7,0,0
450.08,0,0
464.82,0,0
471.04,0,0
468.56,0,0
457.74,0,0
437.36,0,0
418.94,0,0
410.36,0,0
392.91,0,0
361.99,0,0
337.16,0,0
320.38,0,0
291.88,0,0
256.36,0,0
232.75,0,0
219.52,0,0
212.15,0,0
211.22,0,0
205.83,0,0
193.58,0,0
177.96,0,0
158.26,0,0
109.02,0,0
44.41,1,1
49.81,1,1
53.93,1,1
53.99,1,1
50.14,1,1
45.85,1,1
56.96,1,1
92.44,0,0
92.08,0,0
90.48,1,1
90.54,1,1
42.77,1,1
50.24,1,1
56.07,1,1
58.29,1,1
57.29,1,1
54.33,1,1
49.61,1,1
43.53,1,1
39.66,1,1
38.4,1,1
37.77,1,1
37.3,1,1
35.56,1,1
48.66,1,1
90.64,1,1
128.14,0,0
149.56,0,0
157.87,0,0
166.25,0,0
173.68,0,0
198.04,0,0
242.2,0,0
288.04,0,0
335.88,0,0
375.27,0,0
408.61,0,0
436.19,0,0
460.36,0,0
459.84,0,0
434.14,0,0
403.87,0,0
367.07,0,0
375.63,0,0
426.29,0,0
466.52,0,0
490.05,0,0
502.62,0,0
506.01,0,0
509.5,0,0
513.17,0,0
516.04,0,0
518.23,0,0
520.47,0,0
522.14,0,0
524.05,0,0
526.67,0,0
529.28,0,0
531.95,0,0
534.4,0,0
536.62,0,0
537.21,0,0
537.65,0,0
537.14,0,0
531.78,0,0
524.62,0,0
516.69,0,0
515.83,0,0
523.05,0,0
529.02,0,0
534.88,0,0
536.91,0,0
536.14,0,0
535.11,0,0
534.11,0,0
529.73,0,0
516.12,0,0
491.49,0,0
456.41,0,0
432.87,0,0
432.38,0,0
417.2,0,0
382.86,0,0
351.14,0,0
321.64,0,0
296.16,0,0
281.2,1,1
277.28,1,1
284.35,1,1
286.1,1,1
279.17,1,1
269.1,1,1
255.4,1,1
251.3,1,1
255.82,1,1
258.91,1,1
258.8,1,1
251.23,1,1
236.33,1,1
232.4,1,1
236.79,1,1
248.72,1,1
263.24,1,1
270.44,1,1
270.42,1,1
269.94,1,1
268.15,1,1
266.32,1,1
265.06,1,1
275.75,1,1
296.24,0,0
318.94,0,0
344.17,0,0
366.16,0,0
386.98,0,0
407.24,0,0
427.59,0,0
453.03,0,0
477.84,0,0
495.32,0,0
507.82,0,0
521.06,0,0
533.43,0,0
537.9,0,0
537.89,0,0
537.88,0,0
537.87,0,0
538.04,0,0
538.38,0,0
538.73,0,0
539.08,0,0
539.26,0,0
539.25,0,0
539.25,0,0
539.24,0,0
538.95,0,0
538.37,0,0
537.77,0,0
535.96,0,0
533.35,0,0
530.9,0,0
528.43,0,0
525.91,0,0
524.46,0,0
524.16,0,0
523.84,0,0
523.52,0,0
521.07,0,0
514.43,0,0
507.74,0,0
501.01,0,0
498.23,0,0
499.34,0,0
500.62,0,0
501.79,0,0
501.38,0,0
499.47,0,0
497.4,0,0
495.3,0,0
494.96,0,0
496.58,0,0
498.37,0,0
500.01,0,0
503.62,0,0
509.03,0,0
514.55,0,0
519.84,0,0
522.21,0,0
523.47,0,0
524.72,0,0
525.95,0,0
524.52,0,0
519.76,0,0
513.08,0,0
504.25,0,0
485.47,0,0
450.05,0,0
410.0,0,0
366.45,0,0
354.83,1,0
386.13,0,0
388.25,0,0
354.51,1,1
324.19,1,1
298.75,1,1
287.37,1,1
290.99,1,1
293.12,1,1
292.61,1,1
291.53,1,1
290.2,1,1
288.23,1,1
286.31,1,1
290.46,1,1
300.46,1,1
308.87,1,1
315.25,1,1
320.17,1,1
323.84,1,1
327.48,1,1
330.66,1,1
337.47,1,1
347.19,1,1
352.69,1,1
354.57,1,1
369.75,0,0
395.64,0,0
420.27,0,0
443.69,0,0
455.8,0,0
461.82,0,0
469.79,0,0
478.63,0,0
488.36,0,0
498.98,0,0
508.91,0,0
518.09,0,0
526.34,0,0
529.44,0,0
529.09,0,0
526.93,0,0
524.53,0,0
521.18,0,0
517.76,0,0
514.22,0,0
510.7,0,0
507.14,0,0
507.87,0,0
513.18,0,0
518.54,0,0
523.97,0,0
526.26,0,0
527.11,0,0
527.96,0,0
528.86,0,0
531.96,0,0
537.38,0,0
538.63,0,0
539.78,0,0
540.38,0,0
540.38,0,0
540.38,0,0
540.38,0,0
540.38,0,0
540.38,0,0
540.38,0,0
539.61,0,0
538.84,0,0
538.38,0,0
537.91,0,0
537.43,0,0
537.17,0,0
537.15,0,0
537.12,0,0
537.09,0,0
537.9,0,0
539.53,0,0
540.38,0,0
540.38,0,0
540.38,0,0
540.38,0,0
540.38,0,0
540.38,0,0
540.38,0,0
540.38,0,0
540.38,0,0
540.38,0,0
535.23,0,0
524.36,0,0
513.32,0,0
502.38,0,0
485.56,0,0
457.54,0,0
435.86,0,0
424.39,0,0
408.95,0,0
388.06,0,0
372.91,0,0
365.14,0,0
354.64,0,0
341.91,0,0
336.11,0,0
338.08,0,0
337.71,0,0
334.72,0,0
328.38,0,0
319.07,0,0
310.35,0,0
302.8,1,1
301.8,1,1
307.17,1,1
311.63,0,0
314.63,0,0
306.91,1,1
288.72,1,1
273.61,1,1
262.2,1,1
258.79,1,1
262.12,1,1
258.05,1,1
247.72,1,1
255.69,1,1
276.99,1,1
291.38,1,1
295.71,1,1
297.73,1,1
300.04,1,1
305.51,1,1
313.53,0,0
319.75,0,0
325.38,0,0
319.57,0,0
302.38,1,1
282.07,1,1
260.93,1,1
262.22,1,1
285.29,1,1
309.42,1,1
334.85,0,0
364.77,0,0
394.9,0,0
424.38,0,0
448.19,0,0
452.29,0,0
439.1,0,0
424.08,0,0
405.58,0,0
388.85,0,0
374.22,0,0
359.43,0,0
341.11,0,0
339.42,0,0
354.8,0,0
368.01,0,0
380.94,0,0
385.53,0,0
381.0,0,0
376.69,0,0
372.14,0,0
365.44,1,1
356.75,1,1
348.01,1,1
339.2,1,1
342.01,1,1
356.11,1,1
371.13,1,1
386.44,0,0
380.61,0,0
353.61,1,1
326.25,1,1
295.87,1,1
269.32,1,1
250.53,1,1
231.61,1,1
213.67,1,1
203.53,1,1
202.32,1,1
202.26,1,1
202.2,1,1
228.45,1,1
281.36,1,1
329.47,1,1
371.93,1,1
398.23,0,0
405.61,0,0
412.13,0,0
418.48,0,0
432.61,0,0
451.21,0,0
461.88,0,0
450.91,0,0
426.12,0,0
405.22,0,0
390.09,0,0
381.96,0,0
379.65,0,0
386.39,0,0
397.46,0,0
411.72,0,0
433.78,0,0
452.97,0,0
452.17,0,0
435.83,0,0
419.09,0,0
409.82,0,0
401.2,0,0
392.38,0,0
375.83,0,0
352.19,1,1
358.65,1,1
394.76,0,0
431.43,0,0
453.87,0,0
458.31,0,0
459.01,0,0
459.34,0,0
460.46,0,0
467.59,0,0
480.59,0,0
493.19,0,0
505.22,0,0
510.31,0,0
508.35,0,0
505.24,0,0
501.75,0,0
506.88,0,0
519.35,0,0
533.05,0,0
540.38,0,0
540.38,0,0
540.38,0,0
540.38,0,0
540.33,0,0
539.41,0,0
538.48,0,0
538.38,0,0
539.13,0,0
539.89,0,0
540.38,0,0
540.38,0,0
540.38,0,0
540.38,0,0
540.38,0,0
540.38,0,0
540.38,0,0
539.96,0,0
539.51,0,0
539.28,0,0
539.27,0,0
539.26,0,0
539.24,0,0
539.22,0,0
539.18,0,0
539.14,0,0
539.09,0,0
539.23,0,0
539.55,0,0
539.87,0,0
540.2,0,0
539.7,0,0
538.37,0,0
536.88,0,0
530.39,0,0
527.88,0,0
529.39,0,0
530.97,0,0
532.54,0,0
532.51,0,0
530.82,0,0
529.1,0,0
527.41,0,0
527.96,0,0
530.77,0,0
533.58,0,0
536.4,0,0
537.18,0,0
537.43,0,0
537.68,0,0
537.94,0,0
531.52,0,0
512.81,0,0
490.23,0,0
464.57,0,0
442.7,0,0
425.88,0,0
408.67,0,0
393.72,0,0
375.34,0,0
353.61,0,0
339.71,1,1
336.4,1,1
333.83,1,1
328.32,1,1
320.35,1,1
309.46,1,1
297.77,1,1
284.96,1,1
279.73,1,1
281.63,1,1
280.53,1,1
276.27,1,1
279.26,1,1
290.79,1,1
301.53,1,1
310.93,1,1
315.42,1,1
315.35,1,1
314.0,1,1
311.55,1,1
317.43,1,1
330.92,1,1
341.58,1,1
349.59,1,1
366.7,0,0
391.43,0,0
416.71,0,0
441.33,0,0
449.89,0,0
448.24,0,0
449.9,0,0
455.05,0,0
472.76,0,0
495.01,0,0
511.3,0,0
523.76,0,0
532.4,0,0
537.78,0,0
539.74,0,0
539.19,0,0
538.64,0,0
538.08,0,0
537.69,0,0
537.04,0,0
536.13,0,0
535.21,0,0
532.93,0,0
529.3,0,0
525.64,0,0
520.85,0,0
516.88,0,0
514.67,0,0
512.45,0,0
510.21,0,0
511.2,0,0
515.36,0,0
519.63,0,0
523.73,0,0
522.85,0,0
516.18,0,0
508.99,0,0
501.41,0,0
500.75,0,0
507.41,0,0
514.15,0,0
520.79,0,0
523.46,0,0
524.37,0,0
525.25,0,0
526.2,0,0
528.57,0,0
532.5,0,0
536.4,0,0
537.58,0,0
538.1,0,0
538.33,0,0
538.56,0,0
538.79,0,0
538.25,0,0
536.93,0,0
531.14,0,0
524.82,0,0
521.72,0,0
521.92,0,0
522.11,0,0
522.3,0,0
518.99,0,0
511.54,0,0
503.88,0,0
496.14,0,0
478.76,0,0
447.08,0,0
429.27,0,0
433.14,0,0
437.7,0,0
435.36,0,0
426.58,0,0
404.14,0,0
375.97,0,0
350.64,0,0
348.75,0,0
371.32,0,0
388.9,0,0
401.47,0,0
393.4,0,0
363.63,0,0
335.54,0,0
311.56,1,1
312.3,1,1
335.88,0,0
346.76,0,0
345.68,0,0
346.76,0,0
352.28,0,0
353.82,0,0
343.73,0,0
308.63,1,1
256.73,1,1
208.85,1,1
181.14,1,1
171.84,1,1
178.54,1,1
209.36,1,1
257.09,1,1
295.21,1,1
321.67,1,1
327.25,1,1
316.14,1,1
308.53,1,1
299.71,1,1
307.25,1,1
331.68,0,0
355.4,0,0
376.57,0,0
389.91,0,0
397.14,0,0
403.98,0,0
410.87,0,0
420.28,0,0
428.22,0,0
436.46,0,0
444.53,0,0
448.45,0,0
448.14,0,0
447.82,0,0
447.49,0,0
429.68,0,0
386.44,0,0
336.69,0,0
276.51,1,1
258.32,1,1
282.56,1,1
306.26,1,1
330.27,0,0
328.23,0,0
299.34,1,1
268.84,1,1
238.3,1,1
206.91,1,1
175.35,1,1
143.34,1,1
111.03,1,1
139.28,1,1
230.12,1,1
323.58,0,0
402.08,0,0
430.85,0,0
429.65,0,0
428.41,0,0
426.74,0,0
426.27,0,0
426.61,0,0
426.54,0,0
426.88,0,0
421.64,0,0
411.32,0,0
401.13,0,0
390.89,0,0
395.8,0,0
414.82,0,0
433.35,0,0
451.7,0,0
448.15,0,0
418.61,0,0
387.84,0,0
366.24,0,0
365.14,0,0
379.33,0,0
388.04,0,0
375.62,0,0
330.61,0,0
265.34,0,0
222.43,1,1
203.86,1,1
201.27,1,1
216.76,1,1
216.14,1,1
196.59,1,1
180.67,1,1
167.61,1,1
168.79,1,1
182.87,1,1
195.74,1,1
202.84,1,1
217.21,1,1
237.95,1,1
264.19,1,1
294.99,0,0
299.64,0,0
283.09,0,0
256.98,1,1
222.3,1,1
232.57,1,1
284.33,0,0
350.08,0,0
392.32,0,0
405.25,0,0
407.13,0,0
398.45,0,0
400.07,0,0
411.24,0,0
429.48,0,0
444.28,0,0
456.57,0,0
468.82,0,0
479.98,0,0
489.95,0,0
503.61,0,0
515.88,0,0
525.61,0,0
530.78,0,0
532.94,0,0
535.1,0,0
537.28,0,0
537.78,0,0
537.77,0,0
537.75,0,0
537.73,0,0
537.19,0,0
534.92,0,0
532.62,0,0
530.31,0,0
529.1,0,0
529.0,0,0
528.9,0,0
528.79,0,0
530.83,0,0
535.08,0,0
537.78,0,0
538.68,0,0
538.66,0,0
537.69,0,0
534.75,0,0
530.01,0,0
528.3,0,0
529.83,0,0
531.35,0,0
532.91,0,0
531.49,0,0
527.02,0,0
522.42,0,0
516.32,0,0
516.06,0,0
521.78,0,0
526.25,0,0
530.74,0,0
534.21,0,0
536.54,0,0
537.19,0,0
537.68,0,0
535.72,0,0
522.49,0,0
503.6,0,0
479.82,0,0
456.39,0,0
424.01,0,0
390.15,0,0
346.55,0,0
332.31,1,0
343.87,0,0
355.85,0,0
367.64,0,0
370.95,0,0
362.48,0,0
358.06,0,0
358.59,0,0
349.07,0,0
326.77,1,1
327.15,1,1
348.61,0,0
361.98,0,0
366.64,0,0
361.89,0,0
350.38,0,0
336.65,1,1
319.22,1,1
307.8,1,1
301.13,1,1
310.69,1,1
336.67,1,1
350.63,0,0
350.46,0,0
341.52,1,1
324.27,1,1
324.94,1,1
341.06,1,1
347.62,0,1
343.43,1,1
323.37,1,1
285.57,1,1
244.58,1,1
205.19,1,1
173.15,1,1
150.9,1,1
159.69,1,1
199.87,1,1
246.06,1,1
294.43,1,1
348.12,0,0
405.84,0,0
447.59,0,0
474.5,0,0
490.6,0,0
500.18,0,0
508.34,0,0
515.85,0,0
517.79,0,0
514.4,0,0
510.99,0,0
507.56,0,0
499.62,0,0
486.31,0,0
470.03,0,0
445.82,0,0
431.58,0,0
427.49,0,0
423.35,0,0
417.98,0,0
427.2,0,0
447.39,0,0
468.16,0,0
481.51,0,0
483.48,0,0
476.08,0,0
466.85,0,0
453.49,0,0
452.42,0,0
464.09,0,0
471.97,0,0
478.29,0,0
477.26,0,0
468.98,0,0
458.37,0,0
443.04,0,0
429.46,0,0
417.29,0,0
404.77,0,0
391.69,0,0
397.42,0,0
423.05,0,0
448.76,0,0
465.5,0,0
484.81,0,0
504.24,0,0
520.76,0,0
532.06,0,0
536.21,0,0
533.33,0,0
530.47,0,0
527.7,0,0
524.18,0,0
519.85,0,0
513.32,0,0
507.0,0,0
498.15,0,0
480.66,0,0
461.26,0,0
450.73,0,0
448.19,0,0
450.6,0,0
445.83,0,0
433.15,0,0
410.82,0,0
383.6,0,0
372.68,1,1
382.28,1,1
394.42,0,0
408.83,0,0
408.72,0,0
392.22,0,0
376.04,1,1
360.9,1,1
349.33,1,1
344.76,1,1
341.0,1,1
337.95,1,1
336.29,1,1
337.05,1,1
342.38,1,1
352.17,1,1
349.83,1,1
334.38,1,1
319.45,1,1
305.03,1,1
300.25,1,1
305.04,1,1
303.97,1,1
299.43,1,1
310.63,1,1
335.58,1,1
357.71,1,1
379.79,1,1
401.59,0,0
422.84,0,0
442.21,0,0
460.6,0,0
482.13,0,0
502.81,0,0
517.56,0,0
527.49,0,0
534.11,0,0
538.55,0,0
540.38,0,0
540.38,0,0
540.38,0,0
540.38,0,0
540.38,0,0
540.38,0,0
540.38,0,0
540.38,0,0
539.95,0,0
539.12,0,0
538.29,0,0
536.8,0,0
536.1,0,0
537.8,0,0
538.36,0,0
538.91,0,0
539.09,0,0
538.89,0,0
538.67,0,0
538.46,0,0
537.56,0,0
530.83,0,0
522.84,0,0
510.54,0,0
505.0,0,0
507.41,0,0
509.84,0,0
512.28,0,0
513.37,0,0
513.1,0,0
512.92,0,0
512.63,0,0
520.78,0,0
532.0,0,0
538.17,0,0
540.38,0,0
540.38,0,0
540.38,0,0
540.38,0,0
540.38,0,0
540.36,0,0
540.36,0,0
540.36,0,0
540.36,0,0
540.38,0,0
540.38,0,0
540.38,0,0
540.38,0,0
535.02,0,0
519.45,0,0
496.7,0,0
466.28,0,0
445.62,0,0
442.02,0,0
428.11,0,0
400.56,0,0
373.8,1,1
348.48,1,1
337.72,1,1
347.07,1,1
355.79,1,1
363.09,1,1
368.66,1,1
370.88,1,1
378.34,1,1
391.23,1,1
389.38,1,1
370.92,1,1
353.45,1,1
336.67,1,1
335.55,1,1
349.82,1,1
359.4,1,1
364.28,1,1
371.59,1,1
380.76,1,1
393.8,0,0
409.89,0,0
407.73,0,0
388.92,1,1
366.14,1,1
340.24,1,1
356.3,1,1
409.77,0,0
462.57,0,0
489.64,0,0
494.99,0,0
497.56,0,0
499.35,0,0
500.16,0,0
506.85,0,0
518.2,0,0
531.79,0,0
539.75,0,0
539.74,0,0
540.07,0,0
540.38,0,0
540.38,0,0
540.38,0,0
540.38,0,0
540.38,0,0
540.38,0,0
540.38,0,0
540.38,0,0
540.38,0,0
540.38,0,0
540.38,0,0
539.69,0,0
539.3,0,0
539.49,0,0
539.68,0,0
539.87,0,0
539.58,0,0
538.78,0,0
537.98,0,0
536.29,0,0
535.24,0,0
537.1,0,0
537.55,0,0
537.91,0,0
538.21,0,0
538.43,0,0
538.66,0,0
538.89,0,0
538.88,0,0
538.63,0,0
538.38,0,0
538.11,0,0
537.55,0,0
536.32,0,0
532.23,0,0
528.09,0,0
522.47,0,0
513.24,0,0
502.22,0,0
490.85,0,0
490.83,0,0
502.05,0,0
513.1,0,0
522.31,0,0
525.9,0,0
526.0,0,0
526.1,0,0
526.2,0,0
519.53,0,0
505.16,0,0
489.87,0,0
473.01,1,1
458.74,1,1
444.59,1,1
442.74,1,1
458.25,1,1
474.74,1,1
484.27,0,1
482.84,1,1
474.01,1,1
463.31,1,1
450.98,1,1
452.31,1,1
467.04,1,1
479.21,1,1
488.62,0,0
491.79,0,0
489.41,0,0
485.75,0,0
481.16,1,0
486.79,0,0
502.29,0,0
522.87,0,0
535.48,0,0
535.5,0,0
522.35,0,0
502.34,0,0
489.07,0,0
479.02,1,1
472.35,1,1
458.67,1,1
436.7,1,1
432.94,1,1
442.46,1,1
451.44,1,1
459.48,1,1
468.65,1,1
478.57,1,1
485.34,0,0
487.33,0,0
486.11,0,0
483.07,0,0
484.6,0,0
493.41,0,0
499.46,0,0
502.97,0,0
506.15,0,0
509.46,0,0
512.8,0,0
516.11,0,0
516.04,0,0
512.29,0,0
508.51,0,0
504.67,0,0
503.46,0,0
504.7,0,0
506.05,0,0
507.32,0,0
515.02,0,0
526.95,0,0
536.04,0,0
539.0,0,0
539.96,0,0
539.95,0,0
539.95,0,0
539.95,0,0
539.84,0,0
539.61,0,0
539.36,0,0
539.1,0,0
537.75,0,0
529.21,0,0
515.91,0,0
497.61,0,0
488.38,0,0
492.67,0,0
495.9,0,0
499.04,0,0
504.2,0,0
511.29,0,0
518.48,0,0
523.31,0,0
527.14,0,0
530.1,0,0
533.08,0,0
536.09,0,0
536.09,0,0
533.07,0,0
530.08,0,0
527.06,0,0
525.0,0,0
523.91,0,0
522.78,0,0
521.71,0,0
515.33,0,0
495.71,0,0
474.74,0,0
466.55,0,0
464.07,0,0
463.87,0,0
454.45,0,0
435.11,0,0
419.84,0,0
409.71,1,1
398.61,1,1
384.34,1,1
363.79,1,1
336.55,1,1
327.05,1,1
339.11,1,1
350.59,1,1
361.18,1,1
361.1,1,1
349.39,1,1
342.85,1,1
335.73,1,1
339.72,1,1
353.17,1,1
363.28,1,1
369.9,1,1
376.38,1,1
382.38,1,1
387.15,1,1
389.92,1,1
395.97,1,1
405.22,1,1
413.8,1,1
421.89,0,0
430.04,0,0
438.31,0,0
447.22,0,0
456.41,0,0
464.21,0,0
471.72,0,0
477.82,0,0
483.5,0,0
496.68,0,0
512.9,0,0
524.77,0,0
535.11,0,0
540.12,0,0
540.38,0,0
540.38,0,0
540.38,0,0
540.38,0,0
540.38,0,0
540.38,0,0
540.38,0,0
540.38,0,0
540.38,0,0
540.38,0,0
540.38,0,0
540.38,0,0
540.38,0,0
540.38,0,0
540.38,0,0
540.38,0,0
540.38,0,0
540.38,0,0
540.38,0,0
539.47,0,0
538.09,0,0
536.25,0,0
532.45,0,0
528.45,0,0
524.23,0,0
523.37,0,0
526.1,0,0
528.9,0,0
531.7,0,0
536.28,0,0
537.97,0,0
539.3,0,0
540.38,0,0
540.38,0,0
540.38,0,0
540.38,0,0
540.38,0,0
540.38,0,0
540.38,0,0
540.38,0,0
540.38,0,0
540.38,0,0
540.38,0,0
540.38,0,0
540.38,0,0
540.38,0,0
540.38,0,0
540.38,0,0
540.38,0,0
534.77,0,0
516.53,0,0
487.23,0,0
446.73,0,0
421.07,0,0
422.88,0,0
409.28,0,0
374.28,0,0
344.12,0,0
318.27,1,1
296.91,1,1
280.52,1,1
260.18,1,1
240.78,1,1
224.59,1,1
213.01,1,1
203.59,1,1
197.22,1,1
193.18,1,1
193.58,1,1
192.4,1,1
189.63,1,1
193.0,1,1
202.37,1,1
213.57,1,1
228.28,1,1
241.88,1,1
253.45,1,1
263.16,1,1
269.46,1,1
279.46,1,1
293.99,1,1
306.55,1,1
318.69,0,0
334.06,0,0
351.87,0,0
364.07,0,0
371.12,0,0
395.5,0,0
429.14,0,0
457.37,0,0
479.9,0,0
493.75,0,0
503.91,0,0
514.4,0,0
525.61,0,0
532.9,0,0
536.46,0,0
535.79,0,0
530.94,0,0
526.06,0,0
520.23,0,0
512.09,0,0
503.47,0,0
493.03,0,0
481.03,0,0
483.31,0,0
499.86,0,0
512.32,0,0
523.86,0,0
523.29,0,0
509.63,0,0
493.95,0,0
473.98,0,0
467.11,0,0
473.71,0,0
480.12,0,0
486.75,0,0
487.15,0,0
481.68,0,0
475.8,0,0
469.68,0,0
467.2,0,0
469.1,0,0
470.78,0,0
472.75,0,0
475.76,0,0
480.34,0,0
484.78,0,0
489.33,0,0
481.08,0,0
459.22,0,0
427.52,0,0
387.57,1,1
364.69,1,1
364.63,1,1
364.57,1,1
365.19,1,1
385.48,1,1
419.99,0,0
452.02,0,0
471.17,0,0
476.92,0,0
470.34,0,0
463.72,0,0
457.28,0,0
459.71,0,0
470.72,0,0
480.62,0,0
486.96,0,0
471.72,0,0
433.17,0,0
408.49,1,1
398.66,1,1
398.38,1,1
407.4,1,1
408.75,0,1
404.68,1,1
399.95,1,1
397.09,1,1
388.96,1,1
371.23,1,1
340.31,1,1
296.3,1,1
303.05,1,1
361.99,1,1
427.97,0,0
459.29,0,0
459.74,0,0
436.34,0,0
408.2,1,1
375.61,1,1
375.67,1,1
406.76,1,1
435.45,0,0
455.02,0,0
457.27,0,0
442.43,0,0
423.79,0,0
408.37,1,0
411.09,0,0
430.35,0,0
443.26,0,0
450.07,0,0
465.31,0,0
486.58,0,0
512.58,0,0
528.46,0,0
528.56,0,0
528.85,0,0
531.76,0,0
534.91,0,0
535.95,0,0
537.06,0,0
532.55,0,0
520.49,0,0
502.96,0,0
479.94,0,0
468.75,0,0
470.42,0,0
472.11,0,0
474.02,0,0
478.96,0,0
487.36,0,0
495.67,0,0
502.61,0,0
509.95,0,0
518.53,0,0
525.25,0,0
530.88,0,0
531.61,0,0
527.34,0,0
522.97,0,0
517.3,0,0
511.58,0,0
506.68,0,0
501.7,0,0
496.55,0,0
493.66,0,0
493.33,0,0
493.16,0,0
492.82,0,0
493.23,0,0
494.59,0,0
495.81,0,0
497.24,0,0
499.19,0,0
501.98,0,0
504.65,0,0
507.36,0,0
503.23,0,0
492.22,0,0
479.0,0,0
463.96,0,0
466.31,0,0
485.82,0,0
500.54,0,0
514.38,0,0
520.82,0,0
522.33,0,0
523.74,0,0
525.12,0,0
523.16,0,0
517.26,0,0
511.19,0,0
505.05,0,0
490.44,0,0
466.94,0,0
445.57,0,0
426.04,0,0
407.63,1,1
388.3,1,1
365.25,1,1
331.14,1,1
307.73,1,1
300.02,1,1
302.76,1,1
316.35,1,1
320.72,1,1
316.73,1,1
324.12,1,1
342.45,1,1
358.82,1,1
371.63,1,1
387.23,1,1
404.47,1,1
428.93,0,0
460.04,0,0
468.85,0,0
454.43,0,0
432.79,0,0
404.28,1,1
389.43,1,1
390.58,1,1
386.45,1,1
376.41,1,1
374.62,1,1
385.99,1,1
404.78,1,1
430.9,0,0
446.21,0,0
451.02,0,0
457.81,0,0
462.61,0,0
463.33,0,0
464.6,0,0
469.32,0,0
476.33,0,0
483.21,0,0
489.97,0,0
501.51,0,0
514.43,0,0
525.66,0,0
533.96,0,0
534.43,0,0
526.95,0,0
517.73,0,0
505.84,0,0
494.21,0,0
482.16,0,0
470.03,0,0
451.55,0,0
443.03,0,0
448.07,0,0
453.21,0,0
458.45,0,0
462.67,0,0
464.42,0,0
466.45,0,0
468.25,0,0
467.49,0,0
463.57,0,0
459.76,0,0
455.81,0,0
443.94,0,0
425.38,0,0
406.68,0,0
387.83,0,0
365.25,0,0
344.37,0,0
323.16,0,0
301.6,0,0
302.08,0,0
327.07,0,0
351.74,0,0
376.41,0,0
397.94,0,0
422.61,0,0
446.87,0,0
460.52,0,0
457.06,0,0
428.6,0,0
391.38,0,0
347.04,0,0
330.47,0,0
349.14,0,0
367.53,0,0
383.0,0,0
384.39,0,0
369.27,0,0
346.51,0,0
317.18,0,0
305.52,0,0
311.82,0,0
309.72,0,0
303.97,0,0
288.12,0,0
260.21,0,0
239.12,0,0
225.75,1,1
219.77,1,1
221.43,1,1
223.53,1,1
225.42,1,1
228.97,1,1
234.17,1,1
239.37,0,0
242.57,0,0
245.52,0,0
249.27,0,0
253.2,0,0
261.46,0,0
264.77,0,0
263.52,0,0
262.56,0,0
264.76,0,0
262.44,0,0
259.79,0,0
266.62,0,0
282.28,0,0
300.5,0,0
317.87,0,0
319.22,0,0
307.52,0,0
298.09,0,0
290.59,0,0
305.19,0,0
336.84,0,0
356.71,0,0
366.31,0,0
365.46,0,0
356.26,0,0
352.6,0,0
353.45,0,0
351.32,0,0
347.82,0,0
324.97,0,0
282.27,0,0
239.01,0,0
198.29,1,1
140.99,1,1
72.42,1,1
34.07,1,1
37.78,1,1
38.88,1,1
37.94,1,1
36.8,1,1
35.35,1,1
34.15,1,1
33.22,1,1
32.78,1,1
46.89,1,1
73.16,1,1
111.47,1,1
152.0,1,1
194.45,1,1
254.49,0,0
329.72,0,0
396.48,0,0
446.64,0,0
465.9,0,0
468.08,0,0
470.28,0,0
472.49,0,0
475.74,0,0
480.31,0,0
484.75,0,0
489.48,0,0
493.37,0,0
497.82,0,0
502.34,0,0
506.93,0,0
507.64,0,0
504.66,0,0
501.52,0,0
498.36,0,0
504.34,0,0
518.64,0,0
528.21,0,0
536.69,0,0
537.7,0,0
537.71,0,0
537.73,0,0
537.74,0,0
531.8,0,0
517.17,0,0
498.8,0,0
476.69,0,0
453.07,0,0
425.27,0,0
400.35,0,0
384.37,0,0
366.35,0,0
346.39,0,0
327.05,1,1
309.31,1,1
287.74,1,1
263.73,1,1
249.34,1,1
245.18,1,1
237.39,1,1
226.28,1,1
220.55,1,1
219.22,1,1
219.42,1,1
221.08,1,1
228.05,1,1
241.52,1,1
251.13,1,1
257.31,1,1
267.99,1,1
282.26,1,1
297.05,1,1
312.19,1,1
318.61,1,1
316.96,1,1
316.54,1,1
316.34,1,1
331.62,0,0
358.77,0,0
383.62,0,0
406.31,0,0
422.95,0,0
437.16,0,0
450.72,0,0
464.67,0,0
485.43,0,0
506.01,0,0
517.34,0,0
526.52,0,0
536.58,0,0
540.38,0,0
540.38,0,0
540.38,0,0
540.38,0,0
540.38,0,0
540.38,0,0
540.38,0,0
540.38,0,0
540.38,0,0
540.38,0,0
540.38,0,0
540.38,0,0
540.2,0,0
539.35,0,0
538.17,0,0
536.23,0,0
530.5,0,0
525.51,0,0
521.22,0,0
514.7,0,0
508.07,0,0
498.94,0,0
483.81,0,0
466.98,0,0
442.93,0,0
439.21,0,0
459.92,0,0
473.52,0,0
486.94,0,0
488.58,0,0
477.83,0,0
466.83,0,0
455.24,0,0
445.05,0,0
437.07,0,0
429.37,0,0
421.15,0,0
416.94,0,0
416.35,0,0
415.76,0,0
415.65,0,0
409.39,0,0
396.95,0,0
384.49,0,0
372.45,0,0
340.41,0,0
294.13,0,0
244.08,0,0
189.45,0,0
219.0,0,0
318.43,0,0
390.58,0,0
430.88,0,0
426.5,0,0
384.1,0,0
354.22,0,0
347.39,0,0
331.36,0,0
303.88,0,0
282.33,0,0
265.83,0,0
242.85,0,0
213.4,0,0
192.36,0,0
182.14,0,0
173.22,0,0
166.3,1,1
164.26,1,1
164.89,1,1
161.8,1,1
153.6,1,1
148.47,1,1
146.34,1,1
147.9,1,1
155.3,1,1
166.58,1,1
182.53,0,0
191.72,0,0
195.4,0,0
205.67,0,0
222.73,0,0
227.82,0,0
209.05,0,0
187.28,0,0
163.28,1,1
164.44,1,1
200.03,0,0
236.54,0,0
274.43,0,0
319.19,0,0
364.29,0,0
412.11,0,0
454.63,0,0
463.88,0,0
441.7,0,0
414.22,0,0
370.04,0,0
335.47,0,0
310.5,0,0
284.76,0,0
258.86,0,0
231.77,0,0
201.79,0,0
171.25,1,1
140.28,1,1
130.7,1,1
140.85,1,1
153.14,1,1
164.28,1,1
155.54,1,1
129.37,1,1
103.67,1,1
79.1,1,1
106.45,1,1
195.97,0,0
291.82,0,0
377.48,0,0
386.72,0,0
322.49,0,0
244.86,0,0
163.22,1,1
115.21,1,1
99.49,1,1
83.66,1,1
68.69,1,1
73.35,1,1
100.62,1,1
127.17,1,1
155.96,1,1
159.09,1,1
138.72,1,1
118.2,1,1
97.51,1,1
124.7,1,1
206.44,1,1
287.06,0,0
357.37,0,0
387.92,0,0
387.9,0,0
387.87,0,0
387.85,0,0
366.38,0,0
313.89,0,0
258.82,0,0
196.84,1,1
173.69,1,1
189.25,1,1
202.97,1,1
217.53,1,1
230.77,1,1
244.92,1,1
249.15,1,1
245.88,1,1
253.03,1,1
272.0,0,0
282.43,0,0
284.64,0,0
308.2,0,0
349.92,0,0
387.23,0,0
420.49,0,0
436.8,0,0
441.65,0,0
443.2,0,0
441.69,0,0
443.57,0,0
448.77,0,0
443.37,0,0
424.15,0,0
398.6,0,0
370.03,0,0
362.78,0,0
376.61,0,0
387.89,0,0
396.47,0,0
401.13,0,0
402.28,0,0
397.41,0,0
386.8,0,0
384.68,0,0
391.2,0,0
396.19,0,0
401.2,0,0
405.95,0,0
410.67,0,0
435.05,0,0
467.09,0,0
491.03,0,0
507.03,0,0
517.83,0,0
523.13,0,0
526.31,0,0
528.29,0,0
531.57,0,0
537.25,0,0
538.56,0,0
539.76,0,0
540.21,0,0
539.9,0,0
539.59,0,0
539.27,0,0
539.21,0,0
539.42,0,0
539.63,0,0
539.84,0,0
540.36,0,0
540.38,0,0
540.38,0,0
540.38,0,0
540.38,0,0
540.38,0,0
540.38,0,0
540.38,0,0
540.38,0,0
540.38,0,0
540.38,0,0
540.38,0,0
540.38,0,0
540.38,0,0
539.81,0,0
539.2,0,0
538.34,0,0
537.2,0,0
533.77,0,0
528.26,0,0
529.68,0,0
536.88,0,0
538.67,0,0
540.38,0,0
540.38,0,0
540.38,0,0
540.38,0,0
540.38,0,0
540.38,0,0
540.38,0,0
540.38,0,0
540.38,0,0
540.38,0,0
540.38,0,0
540.38,0,0
540.38,0,0
539.18,0,0
536.62,0,0
534.04,0,0
531.44,0,0
525.94,0,0
517.52,0,0
507.78,0,0
496.79,0,0
481.99,0,0
463.68,1,1
462.74,1,1
478.37,0,0
493.33,0,0
507.49,0,0
504.69,0,0
485.93,0,0
466.26,1,1
445.76,1,1
442.6,1,1
455.83,1,1
465.12,1,1
470.26,1,1
473.56,1,1
474.67,1,1
476.49,1,1
478.7,0,0
479.27,0,0
478.34,0,0
476.97,1,1
475.67,1,1
475.34,1,1
476.38,1,1
477.56,1,1
479.03,0,0
478.68,0,0
476.22,1,1
472.61,1,1
464.3,1,1
459.48,1,1
458.56,1,1
460.22,1,1
466.56,1,1
476.03,1,1
486.67,0,0
497.46,0,0
503.43,0,0
503.21,0,0
502.29,0,0
503.19,0,0
506.87,0,0
510.48,0,0
514.14,0,0
513.21,0,0
507.58,0,0
501.89,0,0
495.39,0,0
493.48,0,0
497.67,0,0
500.99,0,0
504.05,0,0
506.62,0,0
508.92,0,0
511.15,0,0
513.48,0,0
516.58,0,0
520.6,0,0
523.45,0,0
526.04,0,0
530.18,0,0
536.0,0,0
538.0,0,0
539.25,0,0
539.77,0,0
539.52,0,0
539.28,0,0
539.03,0,0
538.65,0,0
538.13,0,0
537.59,0,0
537.04,0,0
537.19,0,0
538.08,0,0
538.98,0,0
539.9,0,0
540.38,0,0
540.38,0,0
540.38,0,0
540.38,0,0
540.38,0,0
540.38,0,0
540.38,0,0
540.38,0,0
540.38,0,0
540.38,0,0
540.38,0,0
540.38,0,0
538.42,0,0
534.2,0,0
529.87,0,0
525.47,0,0
511.36,0,0
486.67,0,0
469.91,1,1
460.74,1,1
448.56,1,1
434.52,1,1
431.35,1,1
439.68,1,1
444.54,1,1
446.74,1,1
452.91,1,1
462.58,1,1
473.64,0,0
484.61,0,0
486.47,0,0
479.79,0,0
476.63,0,0
476.44,0,0
470.03,1,1
457.31,1,1
437.59,1,1
417.25,1,1
420.03,1,1
445.6,1,1
463.23,1,1
471.7,1,1
472.7,0,1
468.67,1,1
474.27,0,0
489.81,0,0
493.9,0,0
486.17,0,0
480.36,0,0
476.48,0,0
479.01,0,0
487.93,0,0
491.45,0,0
489.64,0,0
488.09,0,0
485.93,0,0
486.27,0,0
488.3,0,0
488.52,0,0
487.85,0,0
485.99,0,0
483.82,0,0
481.81,0,0
479.62,0,0
478.25,0,0
477.88,0,0
477.5,0,0
477.12,0,0
471.55,1,1
454.52,1,1
435.36,1,1
416.09,1,1
430.56,1,1
474.06,0,0
500.64,0,0
520.87,0,0
526.53,0,0
523.81,0,0
520.84,0,0
516.63,0,0
514.25,0,0
513.82,0,0
513.28,0,0
512.81,0,0
513.75,0,0
516.14,0,0
518.67,0,0
520.55,0,0
521.81,0,0
522.72,0,0
523.67,0,0
524.71,0,0
526.69,0,0
529.71,0,0
532.78,0,0
535.89,0,0
530.14,0,0
514.43,0,0
491.57,0,0
461.77,1,1
457.33,1,1
479.45,1,1
498.01,0,0
513.75,0,0
521.06,0,0
522.62,0,0
524.06,0,0
525.51,0,0
521.44,0,0
510.07,0,0
498.78,0,0
490.62,0,0
490.25,0,0
495.71,0,0
497.33,0,0
495.91,0,0
493.77,0,0
491.12,0,0
485.53,0,0
477.06,1,1
474.92,1,1
478.93,1,1
478.76,1,1
479.31,1,1
477.06,1,1
472.08,1,1
464.71,1,1
455.71,1,1
447.75,1,1
445.32,1,1
446.86,1,1
451.7,1,1
457.12,1,1
462.87,1,1
468.87,1,1
475.95,1,1
479.89,1,1
480.37,1,1
480.47,1,1
479.09,1,1
485.44,0,0
496.35,0,0
506.19,0,0
510.98,0,0
514.41,0,0
517.75,0,0
520.47,0,0
522.52,0,0
524.44,0,0
526.16,0,0
528.68,0,0
532.01,0,0
536.25,0,0
539.19,0,0
540.01,0,0
540.17,0,0
540.12,0,0
540.38,0,0
540.38,0,0
540.38,0,0
540.38,0,0
540.38,0,0
540.38,0,0
540.38,0,0
540.38,0,0
540.11,0,0
539.38,0,0
538.65,0,0
538.27,0,0
538.25,0,0
538.24,0,0
538.22,0,0
538.58,0,0
539.33,0,0
540.09,0,0
540.38,0,0
540.38,0,0
540.38,0,0
540.38,0,0
540.38,0,0
540.38,0,0
540.38,0,0
539.79,0,0
539.16,0,0
538.7,0,0
538.42,0,0
538.13,0,0
537.84,0,0
537.67,0,0
537.65,0,0
537.61,0,0
537.59,0,0
537.86,0,0
538.41,0,0
538.97,0,0
539.52,0,0
539.25,0,0
538.16,0,0
537.07,0,0
534.8,0,0
534.86,0,0
537.17,0,0
538.26,0,0
539.32,0,0
537.34,0,0
532.13,0,0
521.22,0,0
508.83,0,0
502.76,1,0
505.65,0,0
505.7,0,0
502.64,1,1
500.11,1,1
498.14,1,1
493.77,1,1
486.98,1,1
482.75,1,1
480.67,1,1
480.17,1,1
481.0,1,1
477.88,1,1
471.13,1,1
467.55,1,1
467.04,1,1
472.64,1,1
484.18,1,1
492.14,1,1
498.72,1,1
503.7,1,1
505.28,0,0
505.21,0,0
503.52,1,1
500.9,1,1
497.39,1,1
497.57,1,1
502.15,1,1
505.15,0,0
506.37,0,0
510.72,0,0
518.13,0,0
526.63,0,0
535.9,0,0
538.46,0,0
534.69,0,0
531.81,0,0
529.93,0,0
530.77,0,0
534.25,0,0
538.13,0,0
540.38,0,0
540.38,0,0
540.38,0,0
540.38,0,0
540.38,0,0
540.38,0,0
540.38,0,0
540.38,0,0
540.38,0,0
540.38,0,0
540.38,0,0
540.38,0,0
540.38,0,0
540.38,0,0
540.38,0,0
540.38,0,0
540.38,0,0
540.38,0,0
540.38,0,0
540.38,0,0
540.38,0,0
540.38,0,0
540.38,0,0
540.38,0,0
540.38,0,0
540.38,0,0
540.38,0,0
540.23,0,0
540.38,0,0
540.38,0,0
540.38,0,0
540.38,0,0
540.38,0,0
540.38,0,0
540.38,0,0
540.38,0,0
540.38,0,0
540.38,0,0
540.38,0,0
540.38,0,0
540.38,0,0
539.7,0,0
538.99,0,0
538.2,0,0
537.35,0,0
536.51,0,0
533.91,0,0
532.29,0,0
533.04,0,0
533.81,0,0
534.55,0,0
532.37,0,0
527.32,0,0
521.82,0,0
516.5,0,0
507.4,0,0
496.98,0,0
488.13,0,0
481.15,0,0
471.45,0,0
457.71,0,0
441.57,0,0
425.55,0,0
414.78,0,0
409.76,0,0
410.45,0,0
416.18,0,0
423.45,0,0
431.83,0,0
440.91,0,0
449.97,0,0
454.3,0,0
454.28,0,0
447.78,0,0
434.95,0,0
418.83,0,0
392.18,0,0
372.5,1,1
360.35,1,1
351.36,1,1
349.26,1,1
350.09,1,1
353.31,1,1
357.2,1,1
361.74,1,1
363.92,1,1
363.74,1,1
361.36,1,1
358.02,1,1
352.39,1,1
345.11,1,1
328.98,1,1
303.01,1,1
277.17,1,1
248.17,1,1
233.12,1,1
230.38,1,1
226.68,1,1
222.61,1,1
253.94,1,1
319.43,1,1
374.94,0,0
421.3,0,0
441.11,0,0
440.43,0,0
440.07,0,0
439.37,0,0
463.62,0,0
495.27,0,0
519.03,0,0
534.66,0,0
538.08,0,0
538.3,0,0
538.53,0,0
538.76,0,0
537.94,0,0
533.81,0,0
524.91,0,0
514.29,0,0
507.9,0,0
509.32,0,0
510.67,0,0
512.18,0,0
508.86,0,0
500.55,0,0
492.12,0,0
482.6,0,0
470.57,0,0
458.57,0,0
445.99,0,0
427.62,1,1
428.84,1,1
447.17,0,0
461.42,0,0
475.92,0,0
479.44,0,0
471.77,0,0
463.77,0,0
456.06,0,0
456.39,0,0
464.67,0,0
472.82,0,0
480.83,0,0
486.82,0,0
491.72,0,0
496.51,0,0
501.19,0,0
507.53,0,0
511.3,0,0
513.02,0,0
509.36,0,0
496.78,0,0
477.1,0,0
463.5,0,0
457.56,0,0
450.37,0,0
443.86,0,0
434.08,1,1
420.35,1,1
408.51,1,1
397.08,1,1
387.94,1,1
380.44,1,1
371.97,1,1
362.77,1,1
355.81,1,1
350.1,1,1
335.38,1,1
311.86,1,1
320.41,1,1
360.63,1,1
403.3,1,1
431.79,1,1
438.03,0,0
436.44,0,0
437.04,0,0
441.12,0,0
440.91,0,0
436.08,0,0
431.08,1,1
424.69,1,1
427.89,1,1
440.78,0,0
451.26,0,0
459.34,0,0
470.88,0,0
485.03,0,0
497.53,0,0
509.22,0,0
517.64,0,0
522.94,0,0
532.39,0,0
539.29,0,0
540.04,0,0
540.38,0,0
540.38,0,0
540.38,0,0
540.38,0,0
540.38,0,0
540.38,0,0
540.38,0,0
540.38,0,0
540.38,0,0
540.38,0,0
540.38,0,0
540.38,0,0
539.57,0,0
537.86,0,0
532.14,0,0
522.04,0,0
507.83,0,0
495.43,0,0
485.42,0,0
473.61,0,0
461.7,0,0
450.53,0,0
432.8,1,1
414.65,1,1
396.07,1,1
394.9,0,0
411.07,0,0
427.51,0,0
444.23,0,0
448.48,0,0
447.33,0,0
446.53,0,0
445.34,0,0
441.9,0,0
435.23,0,0
426.17,0,0
416.41,0,0
415.82,0,0
424.05,0,0
432.29,0,0
438.21,0,0
425.78,0,0
388.46,0,0
350.7,0,0
299.87,0,0
273.19,0,0
270.11,0,0
267.13,0,0
264.23,0,0
275.39,0,0
297.76,0,0
320.69,0,0
342.5,0,0
329.37,0,0
284.61,0,0
236.48,0,0
190.9,0,0
154.17,0,0
127.43,0,0
111.27,1,1
107.04,1,1
115.15,0,0
136.3,0,0
152.37,0,0
169.47,0,0
158.4,0,0
113.69,0,0
62.42,1,1
45.04,1,1
45.41,1,1
42.69,1,1
42.52,1,1
43.77,1,1
46.16,1,1
49.3,1,1
48.23,1,1
53.16,1,1
81.45,1,1
86.79,1,1
59.64,1,1
43.94,1,1
46.69,1,1
47.87,1,1
46.79,1,1
43.81,1,1
41.1,1,1
52.06,1,1
80.34,1,1
106.91,1,1
121.07,0,0
125.7,0,0
162.17,0,0
207.03,0,0
246.16,0,0
295.01,0,0
338.14,0,0
376.61,0,0
383.14,0,0
357.13,0,0
330.94,0,0
301.22,0,0
296.87,0,0
318.57,0,0
337.35,0,0
357.01,0,0
389.48,0,0
424.58,0,0
458.18,0,0
477.14,0,0
496.61,0,0
513.01,0,0
526.08,0,0
536.8,0,0
538.66,0,0
540.11,0,0
540.38,0,0
540.38,0,0
540.38,0,0
540.38,0,0
540.38,0,0
540.38,0,0
540.38,0,0
540.38,0,0
540.38,0,0
540.38,0,0
540.38,0,0
540.38,0,0
540.38,0,0
540.38,0,0
540.38,0,0
540.38,0,0
540.38,0,0
540.38,0,0
540.38,0,0
540.38,0,0
540.38,0,0
540.38,0,0
540.38,0,0
540.38,0,0
540.38,0,0
540.38,0,0
540.38,0,0
540.38,0,0
540.38,0,0
540.38,0,0
534.62,0,0
517.99,0,0
501.28,0,0
494.17,0,0
490.48,0,0
487.08,0,0
479.78,0,0
467.11,0,0
457.0,0,0
448.37,0,0
440.36,0,0
412.35,0,0
360.52,1,1
307.7,1,1
296.2,1,1
330.16,1,1
374.44,1,1
401.78,0,0
400.25,0,0
387.6,1,1
372.6,1,1
366.17,1,1
355.16,1,1
340.35,1,1
328.52,1,1
318.53,1,1
315.95,1,1
318.43,1,1
311.51,1,1
296.87,1,1
299.13,1,1
316.12,1,1
329.49,1,1
338.78,1,1
353.13,1,1
370.11,1,1
386.22,1,1
398.23,0,0
404.0,0,0
407.74,0,0
403.31,0,0
392.62,1,0
395.17,0,0
398.13,0,0
404.14,0,0
424.1,0,0
443.26,0,0
462.35,0,0
469.81,0,0
471.77,0,0
473.74,0,0
475.73,0,0
486.62,0,0
503.86,0,0
518.52,0,0
528.97,0,0
533.69,0,0
533.64,0,0
533.62,0,0
533.57,0,0
534.61,0,0
536.77,0,0
537.33,0,0
537.78,0,0
538.12,0,0
538.34,0,0
538.58,0,0
538.81,0,0
539.04,0,0
539.26,0,0
539.49,0,0
539.73,0,0
539.85,0,0
539.84,0,0
539.84,0,0
539.83,0,0
539.1,0,0
537.62,0,0
535.19,0,0
528.02,0,0
524.59,0,0
525.19,0,0
525.72,0,0
526.27,0,0
525.54,0,0
523.59,0,0
521.65,0,0
519.73,0,0
521.8,0,0
527.8,0,0
533.77,0,0
537.0,0,0
537.77,0,0
538.07,0,0
538.36,0,0
538.65,0,0
535.42,0,0
528.19,0,0
520.83,0,0
513.09,0,0
511.37,0,0
515.75,0,0
515.34,0,0
510.03,0,0
506.25,0,0
503.77,0,0
498.78,0,0
490.31,0,0
480.29,0,0
472.19,1,1
468.34,1,1
468.32,1,1
466.74,1,1
463.87,1,1
463.86,1,1
466.87,1,1
464.89,1,1
455.85,1,1
447.95,1,1
437.54,1,1
434.73,1,1
439.31,1,1
440.17,1,1
436.99,1,1
428.83,1,1
416.15,1,1
410.62,1,1
410.68,1,1
423.88,1,1
447.34,1,1
460.15,1,1
466.33,1,1
471.52,1,1
476.16,0,0
481.14,0,0
487.42,0,0
494.8,0,0
503.33,0,0
513.43,0,0
522.63,0,0
523.79,0,0
515.58,0,0
505.99,0,0
496.34,0,0
488.28,0,0
484.76,0,0
481.41,0,0
477.86,0,0
477.65,0,0
480.82,0,0
484.01,0,0
487.05,0,0
492.01,0,0
497.82,0,0
502.49,0,0
507.36,0,0
508.96,0,0
507.02,0,0
505.17,0,0
503.17,0,0
500.41,0,0
496.76,0,0
492.91,0,0
487.9,0,0
487.53,0,0
491.55,0,0
494.69,0,0
497.76,0,0
499.17,0,0
498.86,0,0
498.55,0,0
498.23,0,0
496.93,0,0
494.46,0,0
491.73,0,0
489.12,0,0
493.12,0,0
504.1,0,0
515.26,0,0
522.81,0,0
530.52,0,0
536.67,0,0
538.37,0,0
540.07,0,0
540.38,0,0
540.38,0,0
540.38,0,0
540.38,0,0
540.38,0,0
540.38,0,0
540.38,0,0
540.16,0,0
538.46,0,0
535.55,0,0
532.58,0,0
529.57,0,0
520.16,0,0
506.26,0,0
499.35,0,0
499.64,0,0
499.95,0,0
500.27,0,0
494.49,0,0
482.21,0,0
468.19,0,0
453.02,1,1
449.55,1,1
457.41,1,1
461.66,0,0
461.14,0,0
452.48,1,1
438.06,1,1
438.6,1,1
453.93,1,1
462.73,0,0
462.25,0,0
456.43,1,1
445.04,1,1
441.33,1,1
445.61,1,1
442.64,1,1
432.57,1,1
433.59,1,1
446.08,1,1
461.48,0,0
480.23,0,0
486.43,0,0
480.47,0,0
472.15,0,0
461.97,0,0
455.13,1,1
454.1,1,1
454.5,1,1
457.19,1,1
460.1,0,0
463.41,0,0
461.1,0,0
447.77,1,1
434.43,1,1
421.72,1,1
427.08,1,1
450.78,1,1
470.03,0,0
483.15,0,0
487.99,0,0
484.26,0,0
480.48,0,0
476.65,0,0
474.72,0,0
474.49,0,0
474.25,0,0
474.02,0,0
477.64,0,0
485.23,0,0
493.14,0,0
499.24,0,0
500.27,0,0
496.59,0,0
492.55,0,0
487.5,0,0
485.69,0,0
487.2,0,0
488.77,0,0
490.23,0,0
495.43,0,0
504.94,0,0
514.52,0,0
521.87,0,0
521.72,0,0
513.99,0,0
503.64,0,0
493.21,0,0
484.57,0,0
477.29,0,0
469.67,0,0
461.92,0,0
460.14,0,0
464.74,0,0
469.01,0,0
473.29,0,0
473.28,0,0
468.67,0,0
464.35,0,0
460.02,0,0
454.6,1,1
448.17,1,1
440.56,1,1
428.68,1,1
427.04,1,1
434.48,1,1
442.39,1,1
447.74,1,1
446.28,1,1
437.66,1,1
429.02,1,1
423.26,1,1
433.71,1,1
453.0,1,1
465.25,0,0
473.8,0,0
472.12,0,0
460.36,0,0
454.43,1,1
454.45,1,1
455.04,1,1
456.5,0,0
455.98,0,0
453.86,1,1
453.95,1,1
457.01,0,0
460.8,0,0
465.79,0,0
473.97,0,0
485.41,0,0
494.59,0,0
500.94,0,0
504.35,0,0
504.76,0,0
506.41,0,0
509.15,0,0
504.9,0,0
493.66,0,0
475.99,0,0
455.53,0,0
445.29,1,0
456.61,0,0
465.82,0,0
477.14,0,0
483.37,0,0
484.33,0,0
485.99,0,0
488.65,0,0
483.1,0,0
469.48,0,0
449.77,1,1
425.02,1,1
424.64,1,1
448.86,1,1
468.06,0,0
481.56,0,0
491.7,0,0
497.4,0,0
502.24,0,0
507.15,0,0
513.85,0,0
521.71,0,0
527.23,0,0
532.78,0,0
535.3,0,0
534.72,0,0
534.14,0,0
533.55,0,0
532.67,0,0
531.51,0,0
530.33,0,0
529.14,0,0
529.35,0,0
530.92,0,0
532.57,0,0
534.25,0,0
534.82,0,0
534.18,0,0
533.56,0,0
532.94,0,0
533.81,0,0
536.26,0,0
536.9,0,0
537.4,0,0
537.78,0,0
538.03,0,0
538.28,0,0
538.55,0,0
538.12,0,0
536.98,0,0
534.61,0,0
529.12,0,0
521.98,0,0
511.63,0,0
497.82,0,0
483.98,0,0
472.61,0,0
468.81,0,0
465.07,0,0
461.39,0,0
466.81,0,0
471.01,0,0
470.16,0,0
472.89,0,0
466.81,0,0
451.92,0,0
436.27,0,0
416.37,0,0
395.09,0,0
369.68,1,1
359.53,1,1
367.48,1,1
376.2,0,0
386.56,0,0
379.06,0,0
352.07,1,1
325.35,1,1
299.97,1,1
291.27,1,1
299.62,1,1
303.16,1,1
301.17,1,1
302.31,1,1
303.26,1,1
307.67,1,1
315.97,1,1
316.95,1,1
311.44,1,1
306.22,1,1
301.09,1,1
302.54,1,1
310.03,1,1
311.91,1,1
310.09,1,1
331.79,1,1
372.57,1,1
408.21,0,0
438.37,0,0
449.43,0,0
450.55,0,0
454.17,0,0
461.39,0,0
491.37,0,0
526.32,0,0
537.65,0,0
533.74,0,0
528.1,0,0
522.49,0,0
519.88,0,0
522.56,0,0
524.57,0,0
526.59,0,0
527.02,0,0
525.88,0,0
524.67,0,0
523.49,0,0
523.64,0,0
525.2,0,0
526.77,0,0
528.36,0,0
528.86,0,0
528.31,0,0
527.76,0,0
527.17,0,0
525.19,0,0
521.75,0,0
517.2,0,0
511.76,0,0
504.8,0,0
496.18,0,0
485.63,0,0
473.41,0,0
472.65,0,0
483.98,0,0
493.83,0,0
502.22,0,0
500.97,0,0
489.85,0,0
475.12,0,0
459.49,0,0
457.49,0,0
469.19,0,0
481.08,0,0
491.09,0,0
500.15,0,0
509.41,0,0
517.81,0,0
523.77,0,0
524.44,0,0
519.88,0,0
514.56,0,0
507.49,0,0
498.44,0,0
487.65,0,0
473.06,0,0
458.56,0,0
443.47,0,0
420.3,0,0
396.87,0,0
374.25,0,0
347.89,0,0
320.99,1,1
312.32,1,1
327.7,0,0
351.52,0,0
381.54,0,0
398.74,0,0
401.72,0,0
384.34,0,0
349.11,0,0
332.23,0,0
333.47,0,0
339.46,0,0
340.79,0,0
326.84,1,1
301.14,1,1
294.79,1,1
306.47,1,1
310.63,1,1
307.48,1,1
299.64,1,1
287.9,1,1
301.84,1,1
338.68,0,0
366.24,0,0
384.63,0,0
402.23,0,0
419.01,0,0
436.44,0,0
440.62,0,0
432.7,0,0
421.82,0,0
414.9,0,0
414.8,0,0
413.23,0,0
410.53,0,0
408.87,0,0
408.55,0,0
419.74,0,0
441.37,0,0
427.93,0,0
367.63,0,0
293.97,1,1
213.28,1,1
178.31,1,1
186.4,1,1
194.54,1,1
202.74,1,1
216.23,1,1
236.83,1,1
258.29,1,1
280.02,1,1
297.75,1,1
310.5,1,1
322.65,1,1
333.22,0,0
364.52,0,0
413.44,0,0
451.95,0,0
477.76,0,0
481.56,0,0
467.32,0,0
446.99,0,0
421.06,0,0
416.62,0,0
433.95,0,0
451.89,0,0
463.58,0,0
476.53,0,0
492.34,0,0
504.19,0,0
516.13,0,0
522.69,0,0
526.12,0,0
529.63,0,0
533.22,0,0
533.78,0,0
531.21,0,0
528.56,0,0
525.89,0,0
529.66,0,0
537.1,0,0
539.27,0,0
540.38,0,0
540.38,0,0
540.38,0,0
540.38,0,0
540.38,0,0
540.38,0,0
540.38,0,0
540.38,0,0
540.38,0,0
537.78,0,0
532.25,0,0
526.65,0,0
521.07,0,0
506.51,0,0
482.22,0,0
474.08,1,0
483.88,0,0
491.25,0,0
495.06,0,0
492.52,0,0
484.68,0,0
476.77,0,0
468.46,1,1
465.07,1,1
466.45,1,1
466.72,1,1
466.21,1,1
466.82,1,1
468.28,1,1
471.26,1,1
475.86,1,1
472.24,1,1
460.21,1,1
443.57,1,1
425.66,1,1
420.53,1,1
428.56,1,1
431.84,1,1
432.35,1,1
443.7,1,1
467.13,1,1
487.84,0,0
505.67,0,0
509.04,0,0
498.44,0,0
490.27,0,0
484.62,0,0
476.29,0,0
465.53,1,1
450.59,1,1
436.63,1,1
452.32,1,1
486.81,0,0
504.8,0,0
510.67,0,0
516.59,0,0
522.55,0,0
524.01,0,0
522.98,0,0
521.49,0,0
519.82,0,0
518.97,0,0
518.83,0,0
518.69,0,0
518.61,0,0
519.26,0,0
520.78,0,0
522.08,0,0
522.99,0,0
521.89,0,0
517.19,0,0
512.22,0,0
507.33,0,0
505.46,0,0
506.87,0,0
508.3,0,0
509.64,0,0
513.98,0,0
520.96,0,0
525.68,0,0
530.58,0,0
534.22,0,0
536.54,0,0
537.15,0,0
537.62,0,0
537.97,0,0
538.21,0,0
538.44,0,0
538.69,0,0
538.48,0,0
537.8,0,0
537.1,0,0
536.39,0,0
534.54,0,0
533.89,0,0
533.24,0,0
532.56,0,0
534.82,0,0
537.11,0,0
538.19,0,0
539.27,0,0
539.95,0,0
540.22,0,0
540.38,0,0
540.38,0,0
537.99,0,0
531.93,0,0
525.77,0,0
519.03,0,0
484.68,0,0
416.08,1,1
377.32,1,1
382.35,1,1
386.52,1,1
384.49,1,1
392.87,1,1
413.9,1,1
433.46,0,0
441.53,0,0
437.29,0,0
430.86,0,0
429.68,0,0
389.75,1,1
383.85,1,1
373.92,1,1
353.7,1,1
320.37,1,1
326.53,1,1
366.83,1,1
404.73,1,1
423.49,0,0
424.45,0,0
411.84,1,1
391.74,1,1
381.1,1,1
374.45,1,1
372.86,1,1
371.47,1,1
367.44,1,1
378.03,1,1
400.79,1,1
418.67,0,0
432.45,0,0
447.87,0,0
464.12,0,0
476.03,0,0
485.57,0,0
505.26,0,0
529.31,0,0
538.47,0,0
538.65,0,0
538.84,0,0
539.04,0,0
539.49,0,0
540.21,0,0
540.38,0,0
540.38,0,0
540.38,0,0
540.38,0,0
540.38,0,0
540.2,0,0
539.83,0,0
539.61,0,0
539.39,0,0
539.17,0,0
539.27,0,0
539.71,0,0
540.14,0,0
540.38,0,0
540.38,0,0
540.38,0,0
540.38,0,0
540.38,0,0
540.38,0,0
540.38,0,0
540.38,0,0
540.38,0,0
540.38,0,0
540.38,0,0
540.38,0,0
540.38,0,0
540.38,0,0
540.38,0,0
540.38,0,0
540.38,0,0
540.38,0,0
540.38,0,0
540.38,0,0
540.38,0,0
540.38,0,0
540.38,0,0
540.38,0,0
540.38,0,0
540.38,0,0
540.38,0,0
540.38,0,0
540.38,0,0
540.38,0,0
540.38,0,0
540.38,0,0
540.38,0,0
535.57,0,0
520.32,0,0
504.1,0,0
495.03,0,0
483.22,0,0
466.04,0,0
452.27,0,0
442.61,0,0
434.39,0,0
427.35,0,0
419.26,0,0
409.22,0,0
402.63,0,0
400.86,0,0
387.97,1,1
363.88,1,1
333.92,1,1
299.29,1,1
295.17,1,1
321.45,1,1
346.95,1,1
371.06,1,1
372.01,1,1
350.05,1,1
334.76,1,1
325.51,1,1
314.83,1,1
303.63,1,1
287.67,1,1
267.55,1,1
270.48,1,1
293.64,1,1
313.28,1,1
329.23,1,1
344.92,1,1
359.46,1,1
370.77,1,1
379.82,1,1
405.98,0,0
444.11,0,0
472.26,0,0
491.19,0,0
511.09,0,0
532.0,0,0
540.38,0,0
540.38,0,0
540.38,0,0
540.38,0,0
540.38,0,0
540.38,0,0
540.38,0,0
540.38,0,0
540.38,0,0
540.38,0,0
540.38,0,0
540.38,0,0
540.38,0,0
540.38,0,0
540.38,0,0
540.38,0,0
540.38,0,0
540.38,0,0
540.38,0,0
540.38,0,0
540.38,0,0
540.38,0,0
540.38,0,0
540.38,0,0
540.38,0,0
540.38,0,0
540.38,0,0
540.38,0,0
540.38,0,0
540.38,0,0
540.38,0,0
540.38,0,0
540.38,0,0
540.38,0,0
540.38,0,0
540.38,0,0
540.38,0,0
540.38,0,0
540.38,0,0
540.38,0,0
540.38,0,0
540.38,0,0
540.38,0,0
540.38,0,0
540.38,0,0
540.38,0,0
540.38,0,0
540.38,0,0
540.38,0,0
540.38,0,0
539.76,0,0
539.12,0,0
534.84,0,0
522.28,0,0
502.19,0,0
475.24,0,0
457.48,0,0
458.1,0,0
449.73,0,0
428.32,0,0
414.52,0,0
410.33,0,0
396.98,0,0
367.76,0,0
339.13,1,1
312.0,1,1
293.89,1,1
285.55,1,1
270.04,1,1
247.38,1,1
243.15,1,1
259.85,1,1
273.2,1,1
283.8,1,1
289.53,1,1
290.36,1,1
295.0,1,1
302.6,1,1
301.18,1,1
290.84,1,1
281.89,1,1
273.65,1,1
274.28,1,1
285.03,1,1
291.91,1,1
296.03,1,1
314.61,1,1
344.1,1,1
368.16,0,0
386.75,0,0
413.16,0,0
445.74,0,0
470.35,0,0
486.53,0,0
506.98,0,0
529.63,0,0
538.24,0,0
538.26,0,0
538.28,0,0
538.3,0,0
537.95,0,0
536.91,0,0
533.46,0,0
529.98,0,0
528.95,0,0
530.37,0,0
531.81,0,0
533.27,0,0
533.49,0,0
532.45,0,0
531.37,0,0
530.3,0,0
529.45,0,0
528.78,0,0
528.13,0,0
527.46,0,0
528.99,0,0
532.74,0,0
536.53,0,0
537.67,0,0
537.8,0,0
537.26,0,0
536.55,0,0
534.05,0,0
533.98,0,0
536.38,0,0
537.03,0,0
537.54,0,0
537.39,0,0
536.57,0,0
533.08,0,0
529.12,0,0
526.76,0,0
526.0,0,0
525.28,0,0
524.5,0,0
525.09,0,0
527.02,0,0
529.01,0,0
531.01,0,0
530.3,0,0
526.94,0,0
523.59,0,0
520.23,0,0
518.64,0,0
518.8,0,0
518.97,0,0
519.05,0,0
518.31,0,0
516.37,0,0
514.44,0,0
512.38,0,0
510.4,0,0
508.55,0,0
495.54,0,0
470.71,0,0
439.37,0,0
399.57,1,1
364.97,1,1
336.61,1,1
330.37,1,1
350.64,1,1
354.8,1,1
340.4,1,1
332.17,1,1
329.59,1,1
311.84,1,1
277.68,1,1
240.71,1,1
203.9,1,1
212.28,1,1
266.44,1,1
313.32,1,1
353.42,1,1
382.48,1,1
398.85,1,1
420.27,1,1
437.95,1,1
442.88,0,0
442.05,0,0
435.53,1,1
426.02,1,1
431.51,1,1
451.32,0,0
468.42,0,0
484.51,0,0
495.01,0,0
500.3,0,0
503.57,0,0
504.82,0,0
509.28,0,0
516.3,0,0
515.89,0,0
509.58,0,0
503.34,0,0
496.24,0,0
491.8,0,0
491.48,0,0
491.16,0,0
490.83,0,0
497.1,0,0
506.78,0,0
516.39,0,0
524.43,0,0
527.48,0,0
527.39,0,0
527.29,0,0
527.25,0,0
528.23,0,0
530.38,0,0
532.53,0,0
534.67,0,0
537.23,0,0
538.25,0,0
539.27,0,0
540.3,0,0
540.3,0,0
539.23,0,0
538.11,0,0
536.95,0,0
534.95,0,0
534.31,0,0
533.65,0,0
533.01,0,0
533.88,0,0
536.29,0,0
536.92,0,0
537.43,0,0
537.47,0,0
537.04,0,0
536.6,0,0
535.75,0,0
536.55,0,0
537.79,0,0
539.03,0,0
540.28,0,0
540.28,0,0
539.02,0,0
537.75,0,0
536.48,0,0
530.66,0,0
522.78,0,0
514.25,0,0
502.29,0,0
486.31,0,0
460.78,0,0
433.91,1,1
390.41,1,1
371.96,1,1
377.57,1,1
381.93,1,1
385.05,1,1
405.55,1,1
424.26,1,1
439.17,1,1
449.59,1,1
451.1,0,1
446.24,1,1
442.26,1,1
438.53,1,1
431.37,1,1
420.95,1,1
421.04,1,1
431.35,1,1
441.99,1,1
451.15,0,1
449.66,1,1
433.5,1,1
410.79,1,1
388.16,1,1
399.95,1,1
448.3,1,1
483.0,0,0
505.8,0,0
514.9,0,0
510.33,0,0
510.85,0,0
516.47,0,0
517.19,0,0
512.45,0,0
506.62,0,0
499.44,0,0
501.27,0,0
512.46,0,0
523.22,0,0
533.24,0,0
538.86,0,0
539.9,0,0
540.38,0,0
540.38,0,0
540.38,0,0
540.38,0,0
540.38,0,0
540.38,0,0
540.38,0,0
540.38,0,0
540.31,0,0
539.31,0,0
538.3,0,0
537.27,0,0
533.07,0,0
527.63,0,0
522.15,0,0
514.29,0,0
511.63,0,0
515.04,0,0
518.39,0,0
521.27,0,0
524.8,0,0
529.72,0,0
534.73,0,0
537.46,0,0
537.78,0,0
537.37,0,0
536.94,0,0
536.11,0,0
532.71,0,0
527.73,0,0
522.67,0,0
517.47,0,0
519.63,0,0
528.91,0,0
536.8,0,0
538.8,0,0
538.79,0,0
536.7,0,0
528.37,0,0
518.22,0,0
512.46,0,0
514.55,0,0
516.42,0,0
517.66,0,0
516.98,0,0
513.46,0,0
509.24,0,0
505.02,0,0
507.77,0,0
516.88,0,0
522.97,0,0
529.07,0,0
527.77,0,0
519.01,0,0
510.19,0,0
501.43,0,0
488.2,0,0
469.79,0,0
458.38,0,0
453.46,0,0
448.79,0,0
441.31,0,0
432.93,0,0
388.23,0,0
304.4,1,1
221.95,1,1
194.65,1,1
234.15,1,1
277.91,1,1
325.06,1,1
344.95,1,1
334.74,1,1
332.13,1,1
337.21,1,1
323.3,1,1
291.22,1,1
262.94,1,1
236.62,1,1
237.96,1,1
265.99,1,1
279.83,1,1
280.47,1,1
294.02,1,1
319.03,1,1
342.5,1,1
363.37,0,0
364.92,0,0
352.47,1,1
345.91,1,1
347.48,1,1
370.99,0,0
407.27,0,0
431.39,0,0
445.43,0,0
464.01,0,0
483.79,0,0
493.0,0,0
497.35,0,0
500.81,0,0
503.98,0,0
507.85,0,0
512.56,0,0
517.3,0,0
521.84,0,0
521.77,0,0
516.81,0,0
511.66,0,0
506.44,0,0
501.99,0,0
498.59,0,0
495.04,0,0
490.4,0,0
492.52,0,0
499.78,0,0
506.36,0,0
513.03,0,0
516.32,0,0
516.22,0,0
516.12,0,0
516.11,0,0
515.84,0,0
515.39,0,0
515.02,0,0
514.54,0,0
510.56,0,0
502.72,0,0
494.92,0,0
486.16,0,0
481.76,0,0
483.73,0,0
485.96,0,0
487.85,0,0
490.23,0,0
493.7,0,0
497.43,0,0
501.07,0,0
502.99,0,0
503.12,0,0
503.11,0,0
503.24,0,0
501.13,0,0
496.76,0,0
492.54,0,0
488.1,0,0
485.14,0,0
483.13,0,0
480.75,0,0
478.4,0,0
477.46,0,0
477.47,0,0
476.04,0,0
474.35,0,0
458.25,0,0
419.68,0,0
402.57,1,0
415.15,0,0
422.08,0,0
421.68,0,0
409.18,0,0
382.17,1,1
353.91,1,1
324.73,1,1
313.31,1,1
322.13,1,1
322.33,1,1
314.11,1,1
318.58,1,1
337.29,1,1
359.05,1,1
383.98,1,1
384.88,1,1
362.34,1,1
337.48,1,1
311.77,1,1
314.48,1,1
342.86,1,1
369.01,1,1
392.38,1,1
405.22,1,1
405.71,1,1
407.07,1,1
408.88,1,1
419.17,0,0
438.04,0,0
455.78,0,0
473.26,0,0
483.36,0,0
488.17,0,0
492.64,0,0
497.55,0,0
513.18,0,0
532.96,0,0
540.38,0,0
540.38,0,0
540.38,0,0
540.2,0,0
540.2,0,0
540.38,0,0
540.38,0,0
540.38,0,0
540.38,0,0
540.38,0,0
540.38,0,0
540.38,0,0
540.38,0,0
540.38,0,0
540.38,0,0
540.38,0,0
540.38,0,0
540.38,0,0
540.38,0,0
540.38,0,0
540.38,0,0
540.38,0,0
539.6,0,0
538.53,0,0
538.1,0,0
538.29,0,0
538.49,0,0
538.71,0,0
538.94,0,0
539.19,0,0
539.45,0,0
539.7,0,0
540.23,0,0
540.38,0,0
540.38,0,0
540.38,0,0
540.38,0,0
540.38,0,0
540.38,0,0
540.38,0,0
540.38,0,0
540.38,0,0
540.38,0,0
540.38,0,0
540.38,0,0
540.38,0,0
540.38,0,0
540.38,0,0
540.38,0,0
539.24,0,0
537.02,0,0
529.52,0,0
520.5,0,0
512.35,0,0
503.85,0,0
495.07,0,0
479.13,0,0
452.45,0,0
429.09,0,0
409.66,0,0
387.81,0,0
362.07,0,0
337.78,0,0
314.67,1,1
291.74,1,1
267.67,1,1
253.78,1,1
254.0,1,1
256.9,1,1
260.21,1,1
260.1,1,1
256.25,1,1
258.99,1,1
265.2,1,1
279.04,1,1
302.61,1,1
321.57,1,1
334.58,0,0
331.35,0,0
312.46,1,1
291.88,1,1
270.19,1,1
271.1,1,1
293.0,1,1
316.12,1,1
337.92,0,0
332.46,0,0
307.67,1,1
290.2,1,1
282.09,1,1
313.08,1,1
367.0,0,0
411.08,0,0
448.22,0,0
478.91,0,0
505.95,0,0
523.7,0,0
532.54,0,0
538.01,0,0
539.87,0,0
540.38,0,0
540.38,0,0
540.25,0,0
540.03,0,0
540.02,0,0
540.25,0,0
540.38,0,0
540.38,0,0
540.38,0,0
539.78,0,0
539.08,0,0
538.37,0,0
538.26,0,0
538.72,0,0
539.19,0,0
539.65,0,0
539.77,0,0
539.53,0,0
539.29,0,0
539.05,0,0
539.64,0,0
540.38,0,0
540.38,0,0
540.38,0,0
540.38,0,0
540.38,0,0
540.38,0,0
540.38,0,0
540.38,0,0
540.38,0,0
540.38,0,0
540.38,0,0
540.38,0,0
540.38,0,0
540.38,0,0
540.38,0,0
540.38,0,0
540.38,0,0
540.38,0,0
540.38,0,0
540.38,0,0
540.38,0,0
540.38,0,0
540.38,0,0
540.38,0,0
540.38,0,0
540.38,0,0
540.38,0,0
535.24,0,0
519.4,0,0
503.95,0,0
499.68,0,0
496.0,0,0
489.75,0,0
477.1,0,0
456.15,0,0
435.2,0,0
415.57,0,0
398.74,0,0
383.71,1,1
368.86,1,1
354.23,1,1
337.97,1,1
318.14,1,1
290.33,1,1
255.15,1,1
253.1,1,1
285.27,1,1
311.91,1,1
333.97,1,1
341.2,1,1
334.98,1,1
337.82,1,1
349.31,1,1
342.14,1,1
317.31,1,1
295.59,1,1
276.36,1,1
281.6,1,1
307.72,1,1
325.19,1,1
333.33,1,1
354.05,1,1
383.92,0,0
413.02,0,0
439.69,0,0
455.26,0,0
465.74,0,0
475.09,0,0
484.25,0,0
507.18,0,0
532.2,0,0
540.38,0,0
540.38,0,0
540.25,0,0
540.04,0,0
539.56,0,0
538.8,0,0
538.04,0,0
537.27,0,0
535.66,0,0
535.12,0,0
534.58,0,0
534.01,0,0
533.19,0,0
532.1,0,0
530.97,0,0
529.85,0,0
527.92,0,0
525.11,0,0
522.26,0,0
518.78,0,0
513.85,0,0
508.42,0,0
502.9,0,0
497.45,0,0
496.08,0,0
498.9,0,0
501.96,0,0
505.13,0,0
509.81,0,0
516.38,0,0
521.17,0,0
525.38,0,0
526.51,0,0
524.43,0,0
522.23,0,0
520.03,0,0
518.78,0,0
518.59,0,0
518.49,0,0
518.29,0,0
516.83,0,0
513.17,0,0
508.9,0,0
504.63,0,0
496.81,0,0
485.58,0,0
470.69,0,0
455.64,0,0
427.43,0,0
378.65,0,0
315.45,0,0
246.13,1,1
177.74,1,1
118.79,1,1
56.43,1,1
36.67,1,1
39.37,1,1
39.84,1,1
40.34,1,1
41.34,1,1
40.64,1,1
38.3,1,1
87.11,1,1
164.64,1,1
228.86,1,1
277.99,1,1
307.06,1,1
315.74,0,0
312.66,0,0
304.07,1,1
301.89,1,1
302.74,1,1
306.03,1,1
312.06,0,0
311.3,0,0
303.92,1,1
289.11,1,1
268.14,1,1
279.73,1,1
322.65,0,0
352.48,0,0
373.56,0,0
387.25,0,0
395.21,0,0
405.26,0,0
416.32,0,0
424.89,0,0
431.43,0,0
439.82,0,0
446.7,0,0
467.97,0,0
500.07,0,0
527.6,0,0
540.38,0,0
540.38,0,0
540.38,0,0
540.38,0,0
540.38,0,0
540.38,0,0
540.38,0,0
540.38,0,0
540.38,0,0
540.38,0,0
540.38,0,0
539.93,0,0
539.92,0,0
539.92,0,0
539.92,0,0
539.81,0,0
539.58,0,0
539.36,0,0
539.13,0,0
539.29,0,0
539.85,0,0
540.38,0,0
540.38,0,0
540.38,0,0
540.38,0,0
540.38,0,0
540.38,0,0
540.38,0,0
538.95,0,0
537.31,0,0
531.83,0,0
523.74,0,0
514.2,0,0
501.48,0,0
488.46,0,0
479.28,0,0
478.79,0,0
478.29,0,0
477.53,0,0
465.83,0,0
441.95,0,0
400.56,0,0
355.29,0,0
320.09,0,0
308.21,0,0
297.24,0,0
285.21,0,0
265.06,0,0
232.07,0,0
198.07,0,0
162.78,0,0
164.24,0,0
202.0,0,0
239.17,0,0
273.42,0,0
281.51,0,0
269.56,0,0
254.2,0,0
238.36,0,0
206.32,0,0
156.81,0,0
113.63,0,0
77.3,0,0
52.99,0,0
38.84,1,1
33.96,1,1
34.29,1,1
34.95,1,1
35.82,1,1
36.09,1,1
35.77,1,1
35.11,1,1
34.35,1,1
34.59,1,1
36.06,1,1
36.59,1,1
36.41,1,1
35.39,1,1
38.87,1,1
34.92,1,1
38.69,1,1
41.53,0,0
43.24,0,0
43.5,0,0
42.82,0,0
41.34,1,1
39.28,1,1
37.77,1,1
37.11,1,1
36.83,1,1
37.13,1,1
35.05,1,1
59.09,0,0
125.86,0,0
198.69,0,0
224.96,0,0
205.24,0,0
187.72,0,0
172.0,0,0
193.57,0,0
255.37,0,0
318.11,0,0
371.55,0,0
394.19,0,0
387.62,0,0
380.97,0,0
374.23,0,0
370.26,0,0
369.11,0,0
367.95,0,0
366.2,0,0
371.48,0,0
382.72,0,0
394.52,0,0
403.58,0,0
399.92,0,0
380.09,0,0
359.23,0,0
337.67,0,0
336.96,0,0
356.67,0,0
377.23,0,0
395.9,0,0
397.68,0,0
386.03,0,0
370.48,0,0
355.04,0,0
349.66,1,1
355.45,1,1
361.28,1,1
367.17,1,1
382.45,1,1
402.32,1,1
422.67,1,1
443.52,1,1
451.56,0,0
453.61,0,0
455.69,0,0
458.14,0,0
465.26,0,0
477.78,0,0
488.87,0,0
497.95,0,0
503.75,0,0
506.0,0,0
508.36,0,0
510.56,0,0
503.39,0,0
487.18,0,0
465.47,0,0
443.05,1,1
433.28,1,1
446.35,1,1
455.06,0,0
463.53,0,0
450.41,1,1
415.23,1,1
393.44,1,1
382.8,1,1
395.39,1,1
415.99,1,1
438.18,1,1
461.11,0,0
478.52,0,0
492.73,0,0
489.95,0,0
470.7,0,0
451.16,0,0
426.17,1,1
420.14,1,1
431.75,1,1
432.49,1,1
423.58,1,1
435.55,1,1
468.36,0,0
505.13,0,0
525.48,0,0
523.64,0,0
506.64,0,0
487.7,0,0
478.64,0,0
478.04,0,0
483.3,0,0
484.31,0,0
481.29,0,0
484.98,0,0
495.27,0,0
505.06,0,0
514.0,0,0
521.04,0,0
525.73,0,0
534.15,0,0
539.58,0,0
538.18,0,0
537.2,0,0
534.97,0,0
537.02,0,0
537.57,0,0
538.0,0,0
538.2,0,0
538.2,0,0
538.18,0,0
538.18,0,0
538.88,0,0
540.31,0,0
540.38,0,0
540.38,0,0
540.38,0,0
540.38,0,0
540.38,0,0
540.38,0,0
540.38,0,0
540.38,0,0
540.38,0,0
540.38,0,0
540.38,0,0
540.38,0,0
540.38,0,0
540.38,0,0
540.38,0,0
540.38,0,0
540.38,0,0
540.38,0,0
540.38,0,0
540.38,0,0
540.38,0,0
540.38,0,0
540.38,0,0
540.38,0,0
540.38,0,0
540.38,0,0
540.38,0,0
540.38,0,0
540.38,0,0
540.38,0,0
540.38,0,0
540.38,0,0
538.62,0,0
536.81,0,0
536.26,0,0
536.95,0,0
537.66,0,0
538.35,0,0
538.36,0,0
537.69,0,0
537.04,0,0
536.39,0,0
533.65,0,0
530.97,0,0
528.24,0,0
525.57,0,0
521.63,0,0
516.58,0,0
513.17,0,0
511.37,0,0
508.59,0,0
504.78,0,0
505.55,0,0
510.74,0,0
511.67,0,0
504.39,0,0
489.38,0,0
463.47,0,0
448.36,0,0
444.03,0,0
442.43,0,0
443.51,0,0
441.41,0,0
434.97,0,0
431.63,0,0
432.85,0,0
430.2,0,0
423.31,0,0
407.36,1,1
377.33,1,1
337.31,1,1
285.47,1,1
239.19,1,1
204.7,1,1
187.52,1,1
185.61,1,1
175.38,1,1
159.03,1,1
148.98,1,1
146.66,1,1
147.87,1,1
154.99,1,1
178.63,1,1
220.0,1,1
262.14,1,1
303.36,1,1
323.89,1,1
323.85,1,1
323.14,1,1
323.1,1,1
344.79,1,1
388.14,1,1
424.15,0,0
455.59,0,0
464.05,0,0
449.45,0,0
434.66,0,0
419.29,0,0
426.07,0,0
454.54,0,0
473.83,0,0
489.62,0,0
497.03,0,0
496.88,0,0
496.58,0,0
496.43,0,0
495.42,0,0
492.91,0,0
490.38,0,0
487.65,0,0
478.69,0,0
462.94,0,0
439.97,0,0
410.65,0,0
399.87,0,0
408.01,0,0
416.76,0,0
425.16,0,0
428.93,0,0
427.95,0,0
426.96,0,0
425.95,0,0
437.3,0,0
454.23,0,0
467.38,0,0
480.79,0,0
480.48,0,0
465.94,0,0
451.26,0,0
432.66,0,0
439.89,0,0
463.53,0,0
485.94,0,0
502.77,0,0
517.36,0,0
526.24,0,0
535.0,0,0
537.79,0,0
536.7,0,0
532.41,0,0
528.02,0,0
523.36,0,0
504.23,0,0
464.38,0,0
421.96,0,0
378.08,0,0
366.71,1,0
396.92,0,0
396.68,0,0
357.94,1,1
323.26,1,1
293.84,1,1
277.45,1,1
273.43,1,1
266.59,1,1
255.84,1,1
251.81,1,1
256.5,1,1
259.62,1,1
261.16,1,1
264.99,1,1
269.32,1,1
273.84,1,1
277.75,1,1
281.0,1,1
284.93,1,1
285.67,1,1
283.92,1,1
296.48,1,1
323.4,1,1
345.65,1,1
364.72,1,1
382.1,0,0
398.79,0,0
416.57,0,0
434.45,0,0
450.52,0,0
465.4,0,0
476.17,0,0
485.25,0,0
506.68,0,0
530.51,0,0
537.54,0,0
532.19,0,0
525.45,0,0
516.99,0,0
510.05,0,0
506.58,0,0
503.19,0,0
499.64,0,0
503.08,0,0
513.72,0,0
523.18,0,0
530.08,0,0
533.83,0,0
534.35,0,0
534.85,0,0
535.38,0,0
536.47,0,0
537.17,0,0
537.51,0,0
537.85,0,0
537.84,0,0
537.47,0,0
537.1,0,0
536.36,0,0
535.43,0,0
535.32,0,0
535.21,0,0
535.09,0,0
536.48,0,0
537.12,0,0
537.77,0,0
538.43,0,0
538.14,0,0
536.91,0,0
533.17,0,0
527.21,0,0
527.76,0,0
534.99,0,0
537.47,0,0
539.01,0,0
539.5,0,0
538.93,0,0
538.35,0,0
537.77,0,0
536.68,0,0
531.4,0,0
523.77,0,0
516.16,0,0
512.91,0,0
516.77,0,0
519.74,0,0
522.57,0,0
523.04,0,0
519.77,0,0
514.05,0,0
502.82,0,0
466.75,0,0
392.5,0,0
354.68,1,1
375.69,1,1
398.43,0,0
418.06,0,0
419.72,0,0
399.07,0,0
384.93,0,0
378.09,1,1
364.01,1,1
340.23,1,1
314.09,1,1
286.33,1,1
276.62,1,1
286.47,1,1
292.05,1,1
294.46,1,1
290.97,1,1
280.52,1,1
272.12,1,1
266.73,1,1
267.37,1,1
273.77,1,1
277.74,1,1
278.85,1,1
287.47,1,1
302.71,1,1
312.77,1,1
317.92,1,1
343.7,1,1
386.5,0,0
423.88,0,0
453.43,0,0
472.5,0,0
485.78,0,0
498.66,0,0
509.91,0,0
521.75,0,0
533.33,0,0
538.16,0,0
538.16,0,0
538.16,0,0
538.15,0,0
537.92,0,0
537.46,0,0
536.87,0,0
534.72,0,0
537.26,0,0
539.16,0,0
540.38,0,0
540.38,0,0
540.38,0,0
540.38,0,0
540.38,0,0
540.38,0,0
540.01,0,0
540.24,0,0
540.38,0,0
540.38,0,0
540.38,0,0
540.38,0,0
540.38,0,0
540.38,0,0
540.38,0,0
540.38,0,0
540.38,0,0
540.38,0,0
540.38,0,0
540.38,0,0
540.38,0,0
540.38,0,0
540.38,0,0
540.38,0,0
540.38,0,0
540.38,0,0
540.38,0,0
540.38,0,0
540.38,0,0
540.38,0,0
540.38,0,0
540.38,0,0
540.38,0,0
540.38,0,0
539.99,0,0
540.38,0,0
540.38,0,0
540.38,0,0
540.38,0,0
540.38,0,0
539.74,0,0
539.08,0,0
536.2,0,0
530.87,0,0
520.52,0,0
509.52,0,0
485.75,0,0
440.66,0,0
420.91,1,0
436.55,0,0
441.71,0,0
433.71,0,0
428.22,0,0
424.33,0,0
425.52,0,0
427.06,0,0
421.71,0,0
389.95,1,1
341.97,1,1
301.69,1,1
289.86,1,1
307.31,1,1
319.91,1,1
326.85,1,1
325.05,1,1
314.41,1,1
302.63,1,1
289.13,1,1
290.24,1,1
303.97,1,1
316.18,1,1
324.63,1,1
328.0,1,1
326.22,1,1
325.11,1,1
325.33,1,1
340.66,1,1
368.04,1,1
390.58,1,1
409.09,1,1
432.73,0,0
459.43,0,0
479.85,0,0
495.35,0,0
514.49,0,0
533.61,0,0
540.38,0,0
540.38,0,0
540.38,0,0
540.38,0,0
540.38,0,0
540.38,0,0
540.38,0,0
540.38,0,0
540.38,0,0
540.38,0,0
540.38,0,0
540.38,0,0
540.38,0,0
540.38,0,0
540.38,0,0
540.38,0,0
540.38,0,0
540.38,0,0
540.38,0,0
540.38,0,0
540.38,0,0
540.38,0,0
540.38,0,0
540.38,0,0
540.38,0,0
540.38,0,0
540.38,0,0
540.38,0,0
540.38,0,0
540.38,0,0
540.38,0,0
540.38,0,0
540.38,0,0
540.38,0,0
540.38,0,0
540.14,0,0
539.64,0,0
539.35,0,0
539.04,0,0
538.73,0,0
539.54,0,0
540.38,0,0
540.38,0,0
540.38,0,0
540.38,0,0
540.38,0,0
540.38,0,0
540.38,0,0
540.38,0,0
540.38,0,0
540.38,0,0
540.38,0,0
535.98,0,0
524.49,0,0
507.59,0,0
485.45,0,0
466.4,0,0
457.06,0,0
436.96,0,0
395.36,0,0
347.7,0,0
296.46,0,0
263.53,1,1
252.44,1,1
234.68,1,1
209.18,1,1
196.76,1,1
198.99,1,1
200.19,1,1
200.89,1,1
199.57,1,1
196.09,1,1
190.45,1,1
182.6,1,1
190.79,1,1
214.69,1,1
240.32,1,1
267.57,1,1
273.92,1,1
260.39,1,1
250.28,1,1
240.59,1,1
243.98,1,1
258.08,1,1
266.51,1,1
271.97,1,1
294.41,0,0
331.08,0,0
363.66,0,0
391.97,0,0
420.7,0,0
449.35,0,0
471.61,0,0
488.5,0,0
510.44,0,0
532.77,0,0
540.38,0,0
540.38,0,0
540.38,0,0
540.38,0,0
540.38,0,0
540.38,0,0
540.38,0,0
540.38,0,0
540.38,0,0
540.38,0,0
540.38,0,0
540.19,0,0
540.38,0,0
540.38,0,0
540.38,0,0
540.38,0,0
540.38,0,0
540.38,0,0
540.38,0,0
540.38,0,0
540.38,0,0
540.38,0,0
540.38,0,0
540.38,0,0
540.38,0,0
540.38,0,0
540.38,0,0
540.38,0,0
540.38,0,0
540.38,0,0
540.38,0,0
540.38,0,0
540.38,0,0
540.38,0,0
540.38,0,0
540.38,0,0
540.38,0,0
540.38,0,0
540.38,0,0
540.38,0,0
540.38,0,0
540.38,0,0
540.38,0,0
540.38,0,0
540.38,0,0
540.38,0,0
540.38,0,0
540.38,0,0
540.38,0,0
540.38,0,0
540.38,0,0
540.38,0,0
536.59,0,0
527.13,0,0
513.76,0,0
496.68,0,0
478.84,0,0
463.81,0,0
444.2,0,0
417.02,0,0
387.75,0,0
358.83,0,0
336.02,1,1
319.86,1,1
299.68,1,1
275.1,1,1
254.63,1,1
238.86,1,1
218.95,1,1
196.19,1,1
188.88,1,1
198.51,1,1
206.26,1,1
210.66,1,1
216.31,1,1
221.54,1,1
226.91,1,1
231.46,1,1
241.05,1,1
255.4,1,1
268.91,1,1
281.53,1,1
292.8,1,1
302.48,1,1
312.02,1,1
322.38,1,1
340.22,0,0
362.18,0,0
376.83,0,0
385.47,0,0
413.8,0,0
457.15,0,0
497.21,0,0
518.06,0,0
525.65,0,0
535.74,0,0
540.38,0,0
540.38,0,0
540.38,0,0
540.38,0,0
540.38,0,0
540.38,0,0
540.38,0,0
540.38,0,0
540.38,0,0
540.38,0,0
540.38,0,0
540.38,0,0
540.38,0,0
540.38,0,0
540.38,0,0
540.38,0,0
540.38,0,0
540.38,0,0
540.38,0,0
540.38,0,0
540.3,0,0
539.23,0,0
538.14,0,0
537.05,0,0
536.77,0,0
537.32,0,0
537.91,0,0
538.5,0,0
539.26,0,0
540.16,0,0
540.38,0,0
540.38,0,0
540.38,0,0
540.38,0,0
540.16,0,0
539.21,0,0
537.84,0,0
535.09,0,0
526.46,0,0
517.69,0,0
511.59,0,0
511.46,0,0
511.33,0,0
511.2,0,0
506.83,0,0
498.49,0,0
490.01,0,0
480.8,0,0
475.28,0,0
475.78,0,0
476.27,0,0
476.76,0,0
478.57,0,0
479.32,0,0
478.7,0,0
482.51,0,0
482.33,0,0
476.48,0,0
471.94,0,0
469.26,0,0
472.71,0,0
481.28,0,0
485.84,0,0
483.88,0,0
484.64,0,0
488.38,0,0
482.65,0,0
465.15,0,0
443.11,0,0
416.26,0,0
400.28,1,1
394.97,1,1
381.81,1,1
361.61,1,1
362.6,1,1
383.38,1,1
399.54,1,1
410.75,0,0
413.96,0,0
409.83,0,0
406.15,0,0
402.25,1,0
409.66,0,0
427.24,0,0
450.22,0,0
467.95,0,0
474.31,0,0
448.23,0,0
405.69,0,0
378.94,1,1
396.36,1,1
445.41,0,0
480.03,0,0
503.26,0,0
521.73,0,0
535.35,0,0
539.5,0,0
538.63,0,0
537.77,0,0
535.95,0,0
531.0,0,0
525.19,0,0
518.14,0,0
508.89,0,0
500.48,0,0
491.44,0,0
480.74,0,0
469.88,0,0
450.72,0,0
416.6,0,0
377.11,1,1
329.82,1,1
308.27,1,1
313.31,1,1
318.4,1,1
323.52,1,1
336.21,1,1
356.55,1,1
377.05,1,1
396.18,1,1
394.6,1,1
371.0,1,1
344.72,1,1
318.08,1,1
296.33,1,1
281.93,1,1
265.42,1,1
246.83,1,1
268.13,1,1
318.2,1,1
368.15,0,0
405.33,0,0
429.35,0,0
441.1,0,0
448.61,0,0
454.95,0,0
464.29,0,0
476.95,0,0
488.17,0,0
497.54,0,0
503.39,0,0
505.51,0,0
507.63,0,0
509.88,0,0
512.12,0,0
514.44,0,0
516.5,0,0
518.01,0,0
514.11,0,0
500.96,0,0
484.02,0,0
463.61,0,0
444.97,0,0
428.51,0,0
410.77,0,0
390.42,0,0
364.08,1,1
332.26,1,1
316.62,1,1
319.68,1,1
322.59,1,1
323.99,1,1
330.57,1,1
339.9,1,1
350.13,1,1
362.07,1,1
365.24,0,1
360.07,1,1
358.02,1,1
360.17,1,1
360.68,1,1
360.5,1,1
357.55,1,1
352.52,1,1
355.91,1,1
368.39,0,0
376.04,0,0
379.31,0,0
382.8,0,0
389.93,0,0
398.99,0,0
409.38,0,0
421.48,0,0
435.59,0,0
450.69,0,0
464.35,0,0
478.03,0,0
492.03,0,0
503.77,0,0
513.74,0,0
523.67,0,0
528.5,0,0
531.35,0,0
534.41,0,0
537.21,0,0
537.85,0,0
538.28,0,0
538.49,0,0
538.7,0,0
538.92,0,0
538.91,0,0
538.67,0,0
538.42,0,0
538.18,0,0
538.39,0,0
539.09,0,0
539.78,0,0
540.38,0,0
540.38,0,0
540.38,0,0
540.24,0,0
540.0,0,0
540.06,0,0
540.38,0,0
540.38,0,0
540.38,0,0
540.38,0,0
540.38,0,0
540.38,0,0
540.38,0,0
540.38,0,0
540.38,0,0
540.38,0,0
540.38,0,0
540.36,0,0
540.36,0,0
540.36,0,0
540.35,0,0
540.38,0,0
540.38,0,0
540.38,0,0
540.38,0,0
540.38,0,0
539.62,0,0
538.74,0,0
537.86,0,0
537.42,0,0
537.41,0,0
537.41,0,0
537.41,0,0
536.9,0,0
535.46,0,0
530.61,0,0
525.85,0,0
516.85,0,0
497.91,0,0
476.91,0,0
450.67,0,0
427.99,0,0
406.7,1,1
396.73,1,1
398.28,1,1
392.35,1,1
380.97,1,1
382.48,1,1
396.6,1,1
409.71,1,1
415.61,0,0
411.29,0,0
402.32,1,1
399.6,1,1
403.89,1,1
402.68,1,1
396.6,1,1
383.74,1,1
364.41,1,1
354.71,1,1
353.76,1,1
351.1,1,1
346.67,1,1
341.67,1,1
336.26,1,1
341.66,1,1
349.56,1,1
377.27,1,1
425.62,0,0
465.37,0,0
497.11,0,0
510.4,0,0
507.47,0,0
502.04,0,0
494.29,0,0
493.4,0,0
499.36,0,0
499.41,0,0
491.53,0,0
478.06,0,0
460.93,0,0
456.3,0,0
472.43,0,0
485.98,0,0
498.55,0,0
504.33,0,0
505.9,0,0
507.37,0,0
508.97,0,0
509.62,0,0
509.41,0,0
509.19,0,0
509.08,0,0
503.55,0,0
492.58,0,0
477.78,0,0
463.12,0,0
454.87,0,0
454.26,0,0
453.94,0,0
453.61,0,0
461.39,0,0
476.11,0,0
490.95,0,0
502.0,0,0
508.0,0,0
509.2,0,0
510.46,0,0
511.88,0,0
508.91,0,0
501.82,0,0
494.56,0,0
487.43,0,0
488.04,0,0
496.92,0,0
505.81,0,0
514.9,0,0
519.49,0,0
522.07,0,0
524.7,0,0
527.37,0,0
527.31,0,0
524.5,0,0
521.6,0,0
518.78,0,0
516.65,0,0
515.23,0,0
513.37,0,0
511.17,0,0
500.89,0,0
482.53,0,0
457.55,0,0
428.3,0,0
386.67,1,1
343.77,1,1
291.33,1,1
238.33,1,1
212.36,1,1
224.15,1,1
231.0,1,1
236.02,1,1
181.51,1,1
56.42,1,1
44.17,1,1
40.59,1,1
110.5,1,1
235.53,1,1
311.2,1,1
349.49,1,1
342.62,1,1
325.65,1,1
328.99,1,1
353.91,1,1
376.26,1,1
393.91,1,1
404.9,1,1
408.84,1,1
415.55,0,0
424.61,0,0
433.28,0,0
444.22,0,0
446.56,0,0
442.06,0,0
451.83,0,0
476.59,0,0
500.65,0,0
523.76,0,0
532.38,0,0
526.83,0,0
524.63,0,0
525.83,0,0
527.45,0,0
529.42,0,0
530.81,0,0
531.57,0,0
534.14,0,0
538.41,0,0
540.38,0,0
540.38,0,0
540.38,0,0
540.38,0,0
540.38,0,0
540.38,0,0
540.38,0,0
540.38,0,0
540.38,0,0
540.38,0,0
540.38,0,0
540.38,0,0
540.38,0,0
540.38,0,0
540.38,0,0
540.38,0,0
540.38,0,0
540.38,0,0
540.38,0,0
540.38,0,0
540.38,0,0
540.38,0,0
540.38,0,0
540.38,0,0
540.38,0,0
540.38,0,0
539.71,0,0
538.37,0,0
537.66,0,0
537.64,0,0
537.62,0,0
537.6,0,0
537.07,0,0
535.63,0,0
530.81,0,0
525.87,0,0
519.58,0,0
509.82,0,0
497.67,0,0
485.42,0,0
486.27,0,0
500.58,0,0
514.76,0,0
523.92,0,0
528.6,0,0
528.65,0,0
528.69,0,0
528.74,0,0
532.66,0,0
536.97,0,0
538.58,0,0
540.14,0,0
540.38,0,0
533.81,0,0
529.3,0,0
524.75,0,0
506.41,0,0
470.0,0,0
460.14,0,0
484.13,0,0
506.44,0,0
519.92,0,0
511.33,0,0
477.98,0,0
445.82,0,0
416.28,0,0
393.01,0,0
376.25,0,0
330.43,1,1
254.74,1,1
244.32,1,1
300.13,1,1
358.62,1,1
393.36,0,0
399.86,0,0
396.38,0,0
374.08,0,0
342.41,1,1
346.72,1,1
390.46,0,0
418.5,0,0
433.35,0,0
431.06,0,0
410.81,0,0
393.34,0,0
380.61,0,0
373.56,0,0
371.73,0,0
359.24,1,1
335.65,1,1
305.93,1,1
280.13,1,1
259.22,1,1
238.73,1,1
220.15,1,1
202.96,1,1
235.45,1,1
316.01,1,1
383.9,0,0
434.81,0,0
461.64,0,0
466.28,0,0
470.7,0,0
475.37,0,0
471.59,0,0
459.5,0,0
438.08,0,0
415.72,0,0
402.23,0,0
397.36,0,0
391.95,0,0
385.49,0,0
381.27,0,0
379.55,0,0
377.8,0,0
376.01,0,0
360.9,1,1
331.15,1,1
302.01,1,1
268.98,1,1
275.84,1,1
319.7,1,1
363.61,1,1
398.35,0,0
415.36,0,0
416.36,0,0
417.86,0,0
419.39,0,0
426.97,0,0
440.89,0,0
448.84,0,0
456.59,0,0
462.27,0,0
466.14,0,0
470.07,0,0
473.79,0,0
475.81,0,0
475.77,0,0
475.73,0,0
475.69,0,0
475.93,0,0
476.44,0,0
476.94,0,0
477.17,0,0
470.37,0,0
456.61,0,0
442.88,0,0
420.99,0,0
394.69,0,0
360.2,0,0
304.22,0,0
240.71,1,1
211.55,1,1
216.96,1,1
227.03,1,1
242.23,1,1
256.52,1,1
269.55,0,0
258.76,0,0
219.99,1,1
178.31,1,1
133.4,1,1
124.78,1,1
152.64,1,1
169.81,1,1
172.13,1,1
155.43,1,1
115.82,1,1
107.86,1,1
131.13,1,1
160.89,1,1
191.68,1,1
196.83,1,1
178.46,1,1
184.75,1,1
213.25,1,1
243.73,1,1
274.73,0,0
305.02,0,0
335.32,0,0
377.94,0,0
400.95,0,0
424.79,0,0
441.08,0,0
447.24,0,0
447.12,0,0
461.03,0,0
483.7,0,0
499.11,0,0
510.47,0,0
522.19,0,0
532.81,0,0
537.0,0,0
537.04,0,0
537.08,0,0
537.12,0,0
536.96,0,0
535.38,0,0
533.7,0,0
532.04,0,0
530.58,0,0
529.43,0,0
528.22,0,0
527.04,0,0
527.8,0,0
530.64,0,0
533.47,0,0
536.33,0,0
537.4,0,0
538.22,0,0
539.06,0,0
539.92,0,0
540.23,0,0
539.98,0,0
539.72,0,0
539.47,0,0
539.52,0,0
539.89,0,0
540.29,0,0
540.38,0,0
540.01,0,0
538.18,0,0
536.33,0,0
528.16,0,0
519.96,0,0
510.24,0,0
498.08,0,0
485.71,0,0
488.87,0,0
508.48,0,0
523.37,0,0
535.92,0,0
537.67,0,0
538.43,0,0
539.2,0,0
539.96,0,0
539.58,0,0
538.03,0,0
536.49,0,0
531.85,0,0
527.47,0,0
526.05,0,0
524.72,0,0
523.4,0,0
520.6,0,0
512.58,0,0
498.97,0,0
484.37,0,0
452.34,0,0
391.42,0,0
315.94,0,0
227.92,1,1
203.04,1,1
262.74,0,0
285.58,0,0
269.85,0,0
251.29,0,0
232.33,1,1
194.68,1,1
142.05,1,1
98.5,1,1
71.29,1,1
75.4,1,1
113.72,1,1
163.11,1,1
216.38,1,1
245.12,1,1
249.98,1,1
241.08,1,1
219.75,1,1
214.3,1,1
223.81,1,1
224.49,1,1
207.66,1,1
181.01,1,1
143.87,1,1
137.11,1,1
162.28,1,1
203.34,1,1
257.43,0,0
314.68,0,0
368.38,0,0
409.48,0,0
434.94,0,0
455.47,0,0
469.23,0,0
486.88,0,0
503.42,0,0
513.22,0,0
520.02,0,0
524.51,0,0
528.91,0,0
532.5,0,0
535.26,0,0
537.1,0,0
537.68,0,0
537.66,0,0
537.03,0,0
535.11,0,0
532.17,0,0
531.52,0,0
533.25,0,0
535.02,0,0
536.69,0,0
537.11,0,0
537.6,0,0
538.09,0,0
538.59,0,0
538.58,0,0
538.06,0,0
537.55,0,0
537.03,0,0
536.99,0,0
537.45,0,0
537.93,0,0
538.43,0,0
538.55,0,0
538.26,0,0
537.97,0,0
537.68,0,0
537.66,0,0
537.92,0,0
538.19,0,0
538.46,0,0
538.07,0,0
537.02,0,0
535.94,0,0
531.0,0,0
529.47,0,0
531.64,0,0
533.78,0,0
535.83,0,0
535.21,0,0
531.55,0,0
527.88,0,0
524.22,0,0
520.27,0,0
516.09,0,0
510.61,0,0
504.33,0,0
500.25,0,0
494.96,0,0
485.65,0,0
476.5,0,0
475.11,0,0
481.11,0,0
477.13,0,0
463.09,0,0
451.66,0,0
442.84,0,0
436.58,1,1
432.24,1,1
423.1,1,1
406.5,1,1
389.89,1,1
352.81,1,1
305.8,1,1
266.83,1,1
261.2,1,1
288.53,1,1
313.77,1,1
337.14,1,1
351.64,1,1
355.94,1,1
365.97,1,1
381.5,1,1
385.2,1,1
378.85,1,1
365.96,1,1
347.44,1,1
355.64,1,1
388.31,1,1
414.79,1,1
436.75,1,1
448.48,0,0
452.57,0,0
456.66,0,0
458.33,0,0
464.14,0,0
470.22,0,0
483.79,0,0
504.46,0,0
521.35,0,0
534.34,0,0
538.24,0,0
538.59,0,0
538.93,0,0
539.27,0,0
539.67,0,0
540.13,0,0
540.38,0,0
540.38,0,0
540.38,0,0
539.17,0,0
537.72,0,0
534.29,0,0
533.11,0,0
536.95,0,0
537.91,0,0
538.88,0,0
538.63,0,0
537.14,0,0
531.79,0,0
524.7,0,0
521.09,0,0
520.94,0,0
520.8,0,0
520.65,0,0
520.42,0,0
520.12,0,0
519.81,0,0
519.48,0,0
520.53,0,0
523.06,0,0
525.6,0,0
528.17,0,0
533.37,0,0
537.25,0,0
538.92,0,0
540.38,0,0
540.38,0,0
540.38,0,0
540.38,0,0
540.38,0,0
540.38,0,0
540.38,0,0
540.38,0,0
539.68,0,0
539.37,0,0
539.83,0,0
540.28,0,0
540.38,0,0
540.38,0,0
540.06,0,0
539.47,0,0
538.89,0,0
538.62,0,0
535.22,0,0
528.06,0,0
520.75,0,0
507.55,0,0
486.9,0,0
482.86,1,0
497.79,0,0
514.27,0,0
529.94,0,0
523.67,0,0
496.87,0,0
464.19,1,1
425.22,1,1
416.31,1,1
437.9,1,1
450.99,1,1
455.18,1,1
458.29,1,1
460.28,1,1
461.73,1,1
462.92,1,1
466.19,1,1
470.97,1,1
476.66,1,1
480.63,1,1
481.13,1,1
476.18,1,1
467.78,1,1
455.45,1,1
459.89,1,1
481.45,1,1
501.72,0,0
521.07,0,0
524.95,0,0
513.18,0,0
496.54,0,0
476.98,1,1
471.14,1,1
479.18,1,1
493.44,0,0
509.94,0,0
524.63,0,0
536.13,0,0
540.38,0,0
540.38,0,0
540.38,0,0
540.38,0,0
540.38,0,0
540.38,0,0
540.38,0,0
540.38,0,0
540.38,0,0
540.38,0,0
540.38,0,0
540.38,0,0
540.38,0,0
540.38,0,0
540.18,0,0
539.33,0,0
538.78,0,0
538.52,0,0
538.28,0,0
538.03,0,0
537.34,0,0
534.44,0,0
529.09,0,0
523.7,0,0
524.36,0,0
531.43,0,0
536.95,0,0
538.48,0,0
539.07,0,0
538.66,0,0
538.24,0,0
537.83,0,0
537.47,0,0
537.17,0,0
536.86,0,0
536.53,0,0
536.72,0,0
537.4,0,0
538.11,0,0
538.82,0,0
539.69,0,0
540.38,0,0
540.38,0,0
540.38,0,0
540.38,0,0
540.38,0,0
540.38,0,0
540.38,0,0
540.13,0,0
539.69,0,0
539.26,0,0
538.84,0,0
538.5,0,0
535.62,0,0
529.79,0,0
523.92,0,0
515.12,0,0
503.57,0,0
497.9,0,0
498.39,0,0
501.24,0,0
506.58,0,0
498.06,0,0
477.46,0,0
447.02,0,0
405.68,1,1
373.85,1,1
350.55,1,1
349.58,1,1
372.55,1,1
384.14,1,1
383.79,1,1
395.23,1,1
406.35,1,1
412.1,1,1
373.93,1,1
300.24,1,1
242.58,1,1
242.06,1,1
294.3,1,1
337.17,1,1
371.58,1,1
379.0,1,1
362.47,1,1
348.3,1,1
335.84,1,1
353.39,1,1
393.81,1,1
427.81,1,1
455.3,0,0
471.54,0,0
481.01,0,0
490.8,0,0
500.99,0,0
517.57,0,0
534.58,0,0
540.38,0,0
540.38,0,0
540.38,0,0
540.38,0,0
540.25,0,0
540.02,0,0
539.8,0,0
539.57,0,0
538.54,0,0
535.7,0,0
526.87,0,0
516.63,0,0
511.26,0,0
514.71,0,0
518.1,0,0
521.01,0,0
525.44,0,0
532.13,0,0
537.26,0,0
538.68,0,0
539.58,0,0
539.94,0,0
540.3,0,0
540.38,0,0
540.38,0,0
540.29,0,0
539.91,0,0
539.51,0,0
539.82,0,0
540.38,0,0
540.38,0,0
540.38,0,0
540.38,0,0
540.38,0,0
540.38,0,0
540.38,0,0
540.38,0,0
540.38,0,0
540.38,0,0
540.38,0,0
540.38,0,0
540.28,0,0
538.68,0,0
537.07,0,0
536.29,0,0
536.28,0,0
536.28,0,0
536.28,0,0
536.08,0,0
534.13,0,0
532.13,0,0
530.16,0,0
527.83,0,0
524.03,0,0
519.0,0,0
513.88,0,0
506.4,0,0
496.03,0,0
494.12,0,0
497.72,0,0
497.08,0,0
493.92,0,0
492.0,0,0
491.26,0,0
491.59,0,0
493.31,0,0
487.46,0,0
474.31,0,0
460.55,0,0
446.26,1,1
437.91,1,1
435.98,1,1
431.9,1,1
425.08,1,1
419.74,1,1
416.57,1,1
403.43,1,1
381.21,1,1
364.19,1,1
342.84,1,1
331.52,1,1
300.15,1,1
288.85,1,1
271.63,1,1
250.89,1,1
231.22,1,1
263.07,1,1
336.42,1,1
396.8,1,1
450.33,1,1
476.2,0,0
488.33,0,0
487.88,0,0
479.85,0,0
476.91,0,0
479.11,0,0
475.63,0,0
467.63,0,0
457.67,1,1
442.89,1,1
455.0,1,1
479.48,0,0
499.55,0,0
515.5,0,0
519.63,0,0
511.68,0,0
503.61,0,0
495.43,0,0
496.15,0,0
505.73,0,0
515.46,0,0
523.22,0,0
527.73,0,0
530.56,0,0
533.41,0,0
536.28,0,0
537.07,0,0
537.3,0,0
537.52,0,0
537.76,0,0
537.99,0,0
538.2,0,0
538.44,0,0
538.67,0,0
538.78,0,0
538.76,0,0
538.74,0,0
538.72,0,0
539.26,0,0
540.36,0,0
540.38,0,0
540.38,0,0
540.38,0,0
540.38,0,0
540.38,0,0
540.38,0,0
540.38,0,0
539.55,0,0
538.23,0,0
536.92,0,0
535.44,0,0
531.98,0,0
528.55,0,0
525.2,0,0
527.71,0,0
535.99,0,0
537.87,0,0
539.54,0,0
540.02,0,0
536.71,0,0
530.38,0,0
523.91,0,0
520.88,0,0
521.44,0,0
515.26,0,0
501.7,0,0
486.77,0,0
470.64,0,0
462.58,0,0
462.7,0,0
460.44,0,0
455.17,1,1
453.67,1,1
456.03,0,0
461.73,0,0
425.83,1,1
421.63,1,1
408.07,1,1
381.02,1,1
339.97,1,1
326.2,1,1
338.34,1,1
343.45,1,1
342.62,1,1
340.98,1,1
339.22,1,1
339.68,1,1
343.36,1,1
338.03,1,1
326.09,1,1
311.9,1,1
296.66,1,1
315.4,1,1
361.84,1,1
399.21,1,1
428.76,1,1
451.9,1,1
470.86,0,0
487.43,0,0
501.87,0,0
519.13,0,0
534.89,0,0
540.38,0,0
540.38,0,0
540.38,0,0
540.38,0,0
540.38,0,0
540.38,0,0
540.38,0,0
540.38,0,0
540.38,0,0
540.38,0,0
540.38,0,0
540.38,0,0
540.38,0,0
540.38,0,0
540.13,0,0
539.67,0,0
539.37,0,0
539.25,0,0
539.12,0,0
538.99,0,0
538.5,0,0
537.64,0,0
536.79,0,0
532.8,0,0
526.03,0,0
514.87,0,0
499.48,0,0
481.36,0,0
472.12,0,0
475.56,0,0
479.07,0,0
482.85,0,0
486.24,0,0
488.77,0,0
491.21,0,0
493.52,0,0
494.5,0,0
494.11,0,0
493.52,0,0
493.11,0,0
491.27,0,0
488.22,0,0
484.96,0,0
481.54,0,0
474.42,0,0
464.76,0,0
454.89,0,0
445.5,0,0
444.12,0,0
451.28,0,0
457.89,0,0
464.64,0,0
463.19,0,0
454.36,0,0
442.09,0,0
424.9,0,0
390.97,0,0
328.87,0,0
263.29,0,0
188.9,1,1
117.04,1,1
51.89,1,1
35.34,1,1
39.04,1,1
39.21,1,1
36.53,1,1
33.89,1,1
45.59,1,1
72.1,1,1
99.71,1,1
131.86,1,1
167.13,1,1
186.25,1,1
189.33,1,1
193.94,1,1
202.27,1,1
225.48,1,1
240.78,0,0
269.29,0,0
297.63,0,0
282.87,0,0
224.64,1,1
175.55,1,1
139.06,1,1
134.02,1,1
165.06,1,1
198.88,1,1
233.27,0,0
296.58,0,0
375.28,0,0
433.15,0,0
471.39,0,0
490.94,0,0
497.59,0,0
502.52,0,0
507.74,0,0
509.34,0,0
507.96,0,0
506.62,0,0
505.29,0,0
510.74,0,0
522.44,0,0
530.3,0,0
537.31,0,0
538.47,0,0
539.13,0,0
539.8,0,0
540.38,0,0
540.38,0,0
540.3,0,0
539.96,0,0
539.61,0,0
539.84,0,0
540.38,0,0
540.38,0,0
540.38,0,0
540.38,0,0
540.38,0,0
540.38,0,0
540.38,0,0
540.38,0,0
540.38,0,0
540.38,0,0
540.38,0,0
540.38,0,0
540.38,0,0
540.38,0,0
540.38,0,0
540.38,0,0
540.38,0,0
540.38,0,0
540.38,0,0
539.86,0,0
538.87,0,0
537.87,0,0
536.86,0,0
536.82,0,0
537.82,0,0
538.82,0,0
539.84,0,0
540.38,0,0
540.38,0,0
540.38,0,0
540.38,0,0
540.38,0,0
540.38,0,0
540.38,0,0
540.38,0,0
540.38,0,0
540.38,0,0
539.4,0,0
538.72,0,0
535.52,0,0
529.4,0,0
520.93,0,0
510.27,0,0
498.6,0,0
486.32,0,0
482.17,0,0
486.18,0,0
485.86,0,0
481.59,0,0
478.39,0,0
480.04,0,0
481.44,0,0
480.18,0,0
470.52,0,0
450.07,0,0
440.26,0,0
441.54,0,0
448.08,0,0
457.61,0,0
463.47,0,0
465.61,0,0
475.23,0,0
492.45,0,0
507.4,0,0
509.78,0,0
502.28,0,0
493.49,0,0
489.5,0,0
493.0,0,0
494.24,0,0
493.46,0,0
494.12,0,0
496.22,0,0
503.56,0,0
513.58,0,0
516.67,0,0
510.14,0,0
500.67,0,0
487.42,0,0
475.8,0,0
467.84,0,0
458.19,0,0
443.84,0,0
431.53,1,1
420.49,1,1
409.31,1,1
398.26,1,1
397.29,1,1
406.61,1,1
416.35,1,1
426.22,1,1
416.11,1,1
382.18,1,1
339.84,1,1
296.35,1,1
260.65,1,1
240.23,1,1
219.52,1,1
198.51,1,1
217.93,1,1
277.09,1,1
330.13,1,1
379.47,1,1
392.65,1,1
376.38,1,1
356.92,1,1
336.72,1,1
351.27,1,1
393.4,1,1
429.59,0,0
457.1,0,0
470.9,0,0
478.43,0,0
485.96,0,0
491.76,0,0
495.55,0,0
497.29,0,0
499.23,0,0
501.18,0,0
504.38,0,0
508.52,0,0
512.81,0,0
516.49,0,0
522.63,0,0
532.35,0,0
537.3,0,0
539.33,0,0
540.38,0,0
540.38,0,0
540.38,0,0
540.38,0,0
540.38,0,0
538.25,0,0
533.5,0,0
528.66,0,0
514.97,0,0
488.32,0,0
471.91,0,0
469.88,0,0
468.49,0,0
467.28,0,0
454.24,0,0
426.58,1,1
392.69,1,1
351.61,1,1
344.2,1,1
374.95,1,1
410.3,1,1
428.54,1,1
426.5,1,1
421.28,1,1
407.57,1,1
391.64,1,1
404.12,1,1
444.5,0,0
474.62,0,0
493.86,0,0
497.16,0,0
484.81,0,0
473.94,0,0
464.67,0,0
457.32,0,0
449.92,0,0
428.98,1,1
394.54,1,1
374.55,1,1
369.64,1,1
349.83,1,1
327.46,1,1
329.99,1,1
342.47,1,1
380.13,1,1
429.38,1,1
464.88,0,0
484.71,0,0
494.49,0,0
494.47,0,0
494.45,0,0
494.28,0,0
490.36,0,0
482.15,0,0
474.05,0,0
465.65,0,0
467.09,0,0
478.05,0,0
489.0,0,0
498.9,0,0
498.75,0,0
488.26,0,0
476.26,0,0
464.18,0,0
466.02,0,0
482.5,0,0
497.51,0,0
509.64,0,0
517.55,0,0
520.53,0,0
522.76,0,0
525.0,0,0
524.83,0,0
522.16,0,0
519.4,0,0
515.69,0,0
514.42,0,0
516.28,0,0
517.94,0,0
519.03,0,0
508.79,0,0
483.42,0,0
449.27,1,1
391.36,1,1
368.94,1,1
388.86,1,1
408.43,1,1
428.34,1,1
442.05,1,1
447.47,1,1
453.31,1,1
459.15,1,1
466.46,1,1
475.24,1,1
483.83,0,0
490.26,0,0
502.77,0,0
519.19,0,0
530.86,0,0
537.47,0,0
538.39,0,0
536.87,0,0
534.22,0,0
531.57,0,0
526.99,0,0
520.44,0,0
514.62,0,0
509.57,0,0
503.18,0,0
495.67,0,0
492.05,0,0
492.11,0,0
491.04,0,0
489.04,0,0
487.38,0,0
485.87,0,0
486.57,0,0
489.08,0,0
483.25,0,0
469.5,1,1
448.27,1,1
420.51,1,1
419.44,1,1
443.85,1,1
461.84,1,1
473.46,1,1
477.37,1,1
473.91,1,1
469.16,1,1
462.99,1,1
467.67,1,1
483.05,0,0
497.79,0,0
511.86,0,0
515.9,0,0
510.04,0,0
500.3,0,0
488.03,0,0
492.35,0,0
511.12,0,0
529.36,0,0
538.48,0,0
538.49,0,0
539.47,0,0
540.38,0,0
540.38,0,0
540.38,0,0
540.38,0,0
540.38,0,0
540.38,0,0
540.38,0,0
540.38,0,0
540.38,0,0
540.38,0,0
540.38,0,0
540.38,0,0
540.38,0,0
540.38,0,0
540.38,0,0
540.38,0,0
540.38,0,0
540.38,0,0
540.38,0,0
540.38,0,0
540.38,0,0
540.38,0,0
540.38,0,0
540.38,0,0
540.38,0,0
540.38,0,0
540.38,0,0
540.38,0,0
540.38,0,0
540.38,0,0
540.38,0,0
540.38,0,0
540.38,0,0
540.38,0,0
540.38,0,0
540.38,0,0
540.38,0,0
540.38,0,0
540.38,0,0
540.38,0,0
540.38,0,0
540.38,0,0
540.38,0,0
540.38,0,0
540.38,0,0
540.38,0,0
540.38,0,0
540.38,0,0
540.38,0,0
540.38,0,0
540.38,0,0
540.38,0,0
540.38,0,0
539.73,0,0
538.05,0,0
535.0,0,0
524.6,0,0
506.37,0,0
495.18,0,0
491.25,0,0
487.66,0,0
484.42,0,0
474.89,0,0
459.36,1,1
438.25,1,1
410.68,1,1
406.46,1,1
426.27,1,1
436.62,1,1
437.77,1,1
447.44,1,1
465.66,1,1
485.42,0,0
506.18,0,0
510.04,0,0
500.49,0,0
494.17,0,0
490.81,0,0
486.97,0,0
482.96,0,0
475.45,0,0
464.55,1,1
463.76,1,1
473.07,1,1
479.1,0,0
482.11,0,0
487.82,0,0
495.97,0,0
503.58,0,0
510.71,0,0
516.26,0,0
520.23,0,0
523.03,0,0
524.7,0,0
528.89,0,0
531.71,0,0
532.38,0,0
533.97,0,0
535.55,0,0
537.07,0,0
531.79,0,0
518.55,0,0
499.17,0,0
473.78,1,1
462.32,1,1
466.46,1,1
470.65,1,1
474.9,0,1
474.66,1,1
469.65,1,1
464.61,1,1
459.53,1,1
459.5,1,1
463.77,1,1
468.34,1,1
472.95,1,1
481.26,0,0
493.16,0,0
501.99,0,0
510.89,0,0
516.89,0,0
519.6,0,0
521.6,0,0
523.62,0,0
524.7,0,0
524.64,0,0
524.64,0,0
524.57,0,0
521.86,0,0
516.33,0,0
507.8,0,0
499.22,0,0
486.31,0,0
463.35,1,1
439.11,1,1
395.99,1,1
387.42,1,1
413.94,1,1
439.61,1,1
453.98,1,1
465.81,0,0
474.41,0,0
483.13,0,0
489.65,0,0
495.27,0,0
499.94,0,0
504.67,0,0
509.17,0,0
514.65,0,0
517.77,0,0
518.62,0,0
519.45,0,0
500.5,0,0
456.62,1,1
435.66,1,1
446.78,1,1
466.1,0,0
486.52,0,0
489.6,0,0
482.85,0,0
467.69,0,0
445.81,1,1
444.72,1,1
464.6,1,1
478.7,0,0
487.03,0,0
491.84,0,0
493.62,0,0
499.45,0,0
508.99,0,0
505.58,0,0
489.63,0,0
466.99,0,0
437.39,1,1
417.85,1,1
409.51,1,1
353.42,1,1
252.22,1,1
239.93,1,1
310.0,1,1
354.63,1,1
374.79,1,1
413.0,1,1
465.46,1,1
494.98,0,0
506.45,0,0
513.42,0,0
515.96,0,0
515.81,0,0
515.37,0,0
522.52,0,0
532.6,0,0
537.5,0,0
538.06,0,0
538.62,0,0
539.18,0,0
539.4,0,0
539.28,0,0
539.17,0,0
539.04,0,0
539.27,0,0
539.84,0,0
540.38,0,0
540.38,0,0
540.38,0,0
540.38,0,0
540.38,0,0
540.38,0,0
540.38,0,0
540.38,0,0
540.38,0,0
540.38,0,0
540.38,0,0
540.38,0,0
540.38,0,0
540.38,0,0
540.38,0,0
540.38,0,0
540.38,0,0
540.38,0,0
540.38,0,0
540.38,0,0
540.38,0,0
540.38,0,0
540.38,0,0
540.38,0,0
540.38,0,0
540.38,0,0
540.38,0,0
540.38,0,0
540.38,0,0
540.38,0,0
540.38,0,0
540.38,0,0
540.38,0,0
540.38,0,0
540.38,0,0
540.38,0,0
540.38,0,0
540.38,0,0
540.38,0,0
540.38,0,0
540.38,0,0
540.38,0,0
540.38,0,0
540.38,0,0
540.38,0,0
540.38,0,0
533.22,0,0
517.88,0,0
502.55,0,0
487.64,0,0
490.74,0,0
511.67,0,0
512.01,0,0
492.32,0,0
475.07,0,0
460.69,0,0
455.07,0,0
458.03,0,0
457.88,0,0
454.97,0,0
455.07,0,0
458.09,0,0
459.83,0,0
460.31,0,0
462.63,0,0
466.13,0,0
470.09,0,0
471.87,0,0
471.88,0,0
468.18,0,0
454.73,0,0
427.45,0,0
410.69,0,0
403.19,0,0
398.44,1,0
413.46,0,0
417.84,0,0
412.52,0,0
419.35,0,0
438.38,0,0
451.34,0,0
461.26,0,0
464.36,0,0
461.25,0,0
459.42,0,0
458.77,0,0
452.05,0,0
440.29,0,0
429.12,0,0
418.24,0,0
404.73,0,0
382.48,1,1
359.04,1,1
334.77,1,1
326.82,1,1
334.1,1,1
341.48,1,1
348.96,1,1
350.6,1,1
346.92,1,1
343.21,1,1
339.47,1,1
328.97,1,1
312.23,1,1
294.41,1,1
273.96,1,1
253.22,1,1
233.25,1,1
213.13,1,1
191.64,1,1
179.43,1,1
174.09,1,1
167.22,1,1
161.52,1,1
141.37,0,1
106.94,1,1
71.96,1,1
38.36,1,1
32.92,1,1
32.42,1,1
40.21,1,1
48.6,1,1
42.26,1,1
33.15,1,1
34.54,1,1
35.82,1,1
39.81,1,1
46.5,1,1
52.38,1,1
56.6,1,1
57.13,1,1
55.76,1,1
53.47,1,1
51.43,1,1
48.54,1,1
44.11,1,1
39.92,1,1
35.58,1,1
53.55,1,1
131.26,0,0
211.95,0,0
288.47,0,0
330.83,0,0
347.51,0,0
358.72,0,0
367.12,0,0
392.8,0,0
432.96,0,0
450.07,0,0
453.48,0,0
457.97,0,0
461.18,0,0
473.38,0,0
492.33,0,0
510.75,0,0
522.77,0,0
526.89,0,0
514.69,0,0
492.86,0,0
475.13,0,0
466.81,0,0
469.93,0,0
472.09,0,0
473.09,0,0
473.61,0,0
474.06,0,0
472.86,0,0
470.4,0,0
474.29,0,0
485.14,0,0
495.39,0,0
505.03,0,0
512.19,0,0
516.74,0,0
519.57,0,0
520.22,0,0
518.04,0,0
513.09,0,0
512.9,0,0
518.62,0,0
523.82,0,0
528.8,0,0
532.11,0,0
533.84,0,0
535.53,0,0
537.1,0,0
535.1,0,0
529.3,0,0
523.42,0,0
515.49,0,0
515.42,0,0
523.27,0,0
529.07,0,0
534.96,0,0
537.3,0,0
537.51,0,0
537.73,0,0
537.94,0,0
538.21,0,0
538.55,0,0
538.89,0,0
539.23,0,0
539.22,0,0
538.85,0,0
538.48,0,0
538.1,0,0
537.45,0,0
536.13,0,0
531.73,0,0
527.18,0,0
521.33,0,0
512.53,0,0
501.48,0,0
490.36,0,0
483.52,0,0
482.86,0,0
482.19,0,0
481.5,0,0
478.88,0,0
474.33,0,0
469.73,0,0
464.8,0,0
464.5,0,0
468.61,0,0
472.76,0,0
476.93,0,0
481.39,0,0
485.06,0,0
488.11,0,0
491.38,0,0
489.98,0,0
484.22,0,0
476.46,0,0
468.43,0,0
474.68,0,0
492.45,0,0
507.24,0,0
519.96,0,0
521.52,0,0
514.88,0,0
515.39,0,0
522.83,0,0
527.98,0,0
531.01,0,0
525.4,0,0
511.23,0,0
498.01,0,0
485.5,0,0
475.76,0,0
467.88,0,0
463.07,0,0
459.43,0,0
464.48,0,0
476.4,0,0
483.73,0,0
489.37,0,0
490.51,0,0
487.08,0,0
481.84,0,0
474.59,0,0
477.0,0,0
488.96,0,0
498.3,0,0
503.82,0,0
505.26,0,0
502.7,0,0
499.17,0,0
492.6,0,0
486.27,0,0
477.56,0,0
468.38,0,0
457.37,0,0
435.51,0,0
410.63,0,0
359.7,0,0
278.9,1,1
192.58,1,1
111.8,1,1
92.07,1,1
127.65,1,1
166.81,1,1
205.63,1,1
233.79,1,1
249.61,1,1
265.54,1,1
280.75,1,1
298.65,1,1
317.56,1,1
332.57,1,1
348.52,0,0
339.95,0,0
306.31,1,1
265.61,1,1
224.36,1,1
212.45,1,1
229.28,1,1
247.23,1,1
264.25,1,1
283.23,1,1
304.06,1,1
320.62,1,1
338.11,0,0
362.14,0,0
391.86,0,0
414.31,0,0
437.59,0,0
454.56,0,0
463.31,0,0
472.16,0,0
480.86,0,0
488.57,0,0
492.86,0,0
497.43,0,0
501.93,0,0
498.02,0,0
484.9,0,0
467.32,0,0
449.06,0,0
448.59,0,0
465.9,0,0
483.24,0,0
496.14,0,0
505.68,0,0
512.15,0,0
517.51,0,0
521.58,0,0
522.32,0,0
519.74,0,0
517.11,0,0
513.69,0,0
508.18,0,0
501.2,0,0
494.32,0,0
487.52,0,0
456.92,0,0
390.8,0,0
309.81,0,0
214.89,1,1
194.0,1,1
263.56,1,1
281.1,1,1
235.85,1,1
195.12,1,1
159.4,1,1
135.56,1,1
127.87,1,1
133.54,1,1
156.12,1,1
157.51,1,1
140.13,1,1
118.28,1,1
89.85,1,1
70.2,1,1
59.47,1,1
68.29,1,1
94.97,1,1
125.63,1,1
169.79,1,1
204.94,1,1
231.13,1,1
259.82,1,1
290.37,0,0
311.63,0,0
327.03,0,0
350.5,0,0
380.51,0,0
407.1,0,0
430.99,0,0
454.4,0,0
477.83,0,0
496.18,0,0
510.81,0,0
524.37,0,0
535.8,0,0
540.38,0,0
540.38,0,0
540.38,0,0
540.38,0,0
540.38,0,0
540.38,0,0
540.14,0,0
539.71,0,0
539.48,0,0
539.48,0,0
539.47,0,0
539.46,0,0
539.8,0,0
540.38,0,0
540.38,0,0
540.38,0,0
540.38,0,0
540.38,0,0
540.38,0,0
540.38,0,0
540.38,0,0
540.38,0,0
540.38,0,0
540.38,0,0
540.38,0,0
540.38,0,0
540.38,0,0
540.38,0,0
540.38,0,0
540.38,0,0
539.26,0,0
537.56,0,0
536.81,0,0
537.04,0,0
537.26,0,0
537.49,0,0
537.12,0,0
535.69,0,0
531.0,0,0
526.22,0,0
524.46,0,0
525.8,0,0
527.09,0,0
528.39,0,0
531.46,0,0
536.13,0,0
537.14,0,0
538.14,0,0
537.72,0,0
534.94,0,0
526.32,0,0
517.81,0,0
513.1,0,0
515.22,0,0
517.21,0,0
518.58,0,0
508.68,0,0
483.96,0,0
456.02,0,0
425.42,0,0
419.72,0,0
439.67,0,0
437.08,0,0
411.71,0,0
386.75,1,1
362.04,1,1
350.3,1,1
351.49,1,1
352.27,1,1
351.02,1,1
345.3,1,1
335.33,1,1
322.5,1,1
308.06,1,1
310.2,1,1
329.67,1,1
344.28,1,1
355.18,1,1
364.85,1,1
372.9,1,1
385.79,1,1
402.27,1,1
400.24,1,1
382.51,1,1
366.14,1,1
351.4,1,1
363.13,1,1
396.16,1,1
420.09,0,0
436.0,0,0
459.77,0,0
486.85,0,0
513.47,0,0
529.08,0,0
533.57,0,0
536.75,0,0
538.11,0,0
537.9,0,0
537.67,0,0
537.45,0,0
537.33,0,0
537.31,0,0
537.3,0,0
537.27,0,0
537.36,0,0
537.57,0,0
537.76,0,0
537.96,0,0
537.96,0,0
537.72,0,0
537.48,0,0
537.24,0,0
537.35,0,0
537.8,0,0
538.26,0,0
538.72,0,0
539.18,0,0
539.65,0,0
540.12,0,0
540.38,0,0
540.38,0,0
540.38,0,0
540.38,0,0
540.38,0,0
540.38,0,0
540.38,0,0
540.38,0,0
540.38,0,0
540.02,0,0
539.35,0,0
538.67,0,0
537.97,0,0
537.61,0,0
537.59,0,0
537.56,0,0
537.54,0,0
537.95,0,0
538.79,0,0
539.64,0,0
540.38,0,0
540.38,0,0
540.38,0,0
540.38,0,0
540.38,0,0
540.38,0,0
540.38,0,0
540.38,0,0
540.38,0,0
540.38,0,0
540.38,0,0
540.38,0,0
540.38,0,0
512.18,0,0
438.73,0,0
390.59,1,1
388.18,1,1
382.43,1,1
368.26,1,1
364.54,1,1
374.62,1,1
394.17,0,0
423.24,0,0
417.16,0,0
371.9,1,1
327.49,1,1
284.69,1,1
272.48,1,1
291.06,1,1
305.02,1,1
312.28,1,1
316.14,1,1
315.42,1,1
314.02,1,1
311.98,1,1
318.68,1,1
333.65,1,1
344.65,1,1
351.94,1,1
361.1,1,1
369.83,1,1
380.66,1,1
394.03,0,0
409.27,0,0
426.33,0,0
440.54,0,0
451.23,0,0
461.68,0,0
471.59,0,0
479.67,0,0
485.93,0,0
497.17,0,0
508.18,0,0
511.84,0,0
511.75,0,0
511.56,0,0
511.46,0,0
513.8,0,0
518.61,0,0
522.7,0,0
525.85,0,0
525.75,0,0
522.45,0,0
518.08,0,0
512.86,0,0
506.83,0,0
499.77,0,0
491.98,0,0
482.41,0,0
481.02,0,0
487.9,0,0
494.83,0,0
499.87,0,0
502.34,0,0
502.33,0,0
502.19,0,0
502.04,0,0
501.64,0,0
500.68,0,0
499.81,0,0
498.91,0,0
492.49,0,0
477.64,0,0
461.13,0,0
441.88,0,0
437.45,0,0
453.43,0,0
464.81,0,0
476.46,0,0
480.16,0,0
475.68,0,0
470.88,0,0
466.01,0,0
469.3,0,0
480.57,0,0
489.79,0,0
498.29,0,0
503.59,0,0
505.71,0,0
507.96,0,0
510.07,0,0
505.96,0,0
495.76,0,0
485.72,0,0
472.22,0,0
469.67,0,0
478.33,0,0
486.74,0,0
493.03,0,0
490.98,0,0
480.23,0,0
467.52,0,0
455.08,0,0
455.27,0,0
467.85,0,0
474.33,0,0
475.29,0,0
475.84,0,0
474.43,0,0
471.71,0,0
448.37,0,0
409.52,0,0
376.52,1,1
356.96,1,1
350.66,1,1
364.84,1,1
384.41,1,1
393.03,0,0
385.29,0,0
363.34,1,1
348.29,1,1
344.46,1,1
351.61,1,1
350.76,1,1
341.59,1,1
338.03,1,1
339.55,1,1
341.71,1,1
345.44,1,1
362.65,1,1
390.24,0,0
412.49,0,0
430.57,0,0
451.62,0,0
474.52,0,0
491.6,0,0
504.8,0,0
519.36,0,0
532.3,0,0
533.85,0,0
525.49,0,0
514.68,0,0
501.64,0,0
497.82,0,0
503.39,0,0
508.91,0,0
514.59,0,0
519.07,0,0
521.79,0,0
523.77,0,0
525.84,0,0
520.16,0,0
499.44,0,0
472.68,0,0
431.5,0,0
397.0,0,0
373.37,1,1
348.46,1,1
323.34,1,1
313.3,1,1
318.51,1,1
323.77,1,1
329.8,1,1
354.85,1,1
397.59,0,0
432.08,0,0
460.07,0,0
467.05,0,0
461.09,0,0
455.03,0,0
448.86,0,0
448.07,0,0
452.46,0,0
456.96,0,0
461.58,0,0
463.43,0,0
462.73,0,0
462.02,0,0
460.98,0,0
466.86,0,0
478.71,0,0
488.61,0,0
497.27,0,0
494.15,0,0
477.74,0,0
457.63,0,0
435.46,0,0
426.13,0,0
442.85,0,0
452.36,0,0
461.97,0,0
471.04,0,0
479.47,0,0
487.68,0,0
493.99,0,0
480.59,0,0
439.46,0,0
389.63,1,1
330.7,1,1
300.0,1,1
310.06,1,1
289.68,1,1
230.97,1,1
207.66,1,1
219.69,1,1
238.05,1,1
254.26,1,1
267.02,1,1
275.87,1,1
270.96,1,1
251.13,1,1
230.87,1,1
210.49,1,1
198.83,1,1
198.02,1,1
193.98,1,1
189.5,1,1
223.32,1,1
292.67,1,1
349.87,1,1
394.06,1,1
417.08,0,0
420.77,0,0
440.99,0,0
466.36,0,0
476.71,0,0
461.3,0,0
431.53,0,0
411.69,0,0
427.64,0,0
468.9,0,0
500.73,0,0
524.12,0,0
535.35,0,0
538.79,0,0
540.25,0,0
540.02,0,0
539.8,0,0
539.58,0,0
539.97,0,0
540.38,0,0
540.38,0,0
540.38,0,0
540.38,0,0
540.38,0,0
540.38,0,0
540.38,0,0
540.38,0,0
540.38,0,0
540.38,0,0
540.38,0,0
540.24,0,0
540.01,0,0
539.76,0,0
539.52,0,0
538.79,0,0
537.56,0,0
534.78,0,0
528.89,0,0
525.21,0,0
523.78,0,0
522.32,0,0
520.74,0,0
516.73,0,0
507.66,0,0
498.44,0,0
489.09,0,0
485.06,0,0
487.87,0,0
490.16,0,0
492.72,0,0
494.63,0,0
496.41,0,0
498.05,0,0
499.74,0,0
501.79,0,0
504.17,0,0
506.39,0,0
508.74,0,0
512.29,0,0
516.25,0,0
519.3,0,0
522.2,0,0
514.55,0,0
488.08,0,0
453.64,0,0
397.59,1,1
367.46,1,1
374.66,1,1
380.15,1,1
385.6,1,1
404.51,1,1
432.91,0,0
444.4,0,0
452.25,0,0
448.97,0,0
437.88,0,0
412.27,0,0
369.57,1,1
316.38,1,1
251.71,1,1
235.63,1,1
270.53,1,1
305.8,1,1
339.72,1,1
343.63,1,1
316.27,1,1
288.44,1,1
260.95,1,1
277.91,1,1
337.13,1,1
402.62,1,1
440.63,0,0
443.13,0,0
433.3,0,0
417.13,0,0
403.64,1,1
399.51,1,1
405.31,1,1
406.74,0,1
404.91,1,1
413.41,0,0
431.26,0,0
449.39,0,0
468.27,0,0
474.38,0,0
471.37,0,0
470.97,0,0
474.32,0,0
488.66,0,0
504.84,0,0
515.67,0,0
523.76,0,0
529.59,0,0
535.28,0,0
537.41,0,0
537.4,0,0
537.39,0,0
537.38,0,0
535.75,0,0
531.1,0,0
526.39,0,0
521.62,0,0
519.54,0,0
522.21,0,0
524.26,0,0
526.28,0,0
528.58,0,0
531.17,0,0
533.78,0,0
536.47,0,0
536.91,0,0
535.28,0,0
533.54,0,0
531.81,0,0
530.25,0,0
528.9,0,0
527.45,0,0
525.98,0,0
525.2,0,0
525.14,0,0
525.08,0,0
525.01,0,0
527.77,0,0
533.35,0,0
536.92,0,0
538.11,0,0
538.42,0,0
537.85,0,0
537.27,0,0
536.67,0,0
536.87,0,0
537.86,0,0
538.85,0,0
539.85,0,0
540.38,0,0
540.38,0,0
540.38,0,0
540.38,0,0
540.38,0,0
540.38,0,0
540.38,0,0
540.38,0,0
540.38,0,0
540.38,0,0
540.38,0,0
540.38,0,0
535.49,0,0
525.27,0,0
515.08,0,0
504.9,1,1
505.57,1,1
516.31,0,0
514.34,0,0
500.54,1,1
486.88,1,1
473.26,1,1
470.14,1,1
477.47,1,1
483.39,1,1
488.24,1,1
485.56,1,1
476.18,1,1
461.1,1,1
440.94,1,1
443.63,1,1
468.94,1,1
490.87,1,1
509.17,1,1
511.97,0,1
500.26,1,1
488.77,1,1
477.46,1,1
478.35,1,1
491.55,1,1
502.49,1,1
510.79,1,1
516.37,0,0
519.35,0,0
523.42,0,0
528.59,0,0
532.08,0,0
533.98,0,0
537.73,0,0
540.38,0,0
540.38,0,0
540.38,0,0
540.38,0,0
540.38,0,0
540.38,0,0
540.38,0,0
540.38,0,0
540.38,0,0
540.38,0,0
540.38,0,0
540.38,0,0
540.38,0,0
540.38,0,0
540.38,0,0
540.38,0,0
540.38,0,0
540.38,0,0
540.38,0,0
540.38,0,0
540.38,0,0
540.38,0,0
540.38,0,0
540.38,0,0
540.38,0,0
540.38,0,0
540.38,0,0
540.38,0,0
540.38,0,0
540.38,0,0
540.38,0,0
540.38,0,0
540.38,0,0
540.38,0,0
540.38,0,0
540.38,0,0
540.38,0,0
540.38,0,0
540.38,0,0
540.38,0,0
540.38,0,0
540.38,0,0
540.38,0,0
540.38,0,0
540.38,0,0
540.38,0,0
540.38,0,0
540.38,0,0
540.38,0,0
540.38,0,0
540.38,0,0
540.38,0,0
540.38,0,0
540.38,0,0
540.38,0,0
540.38,0,0
540.38,0,0
540.38,0,0
540.38,0,0
535.99,0,0
526.75,0,0
517.47,0,0
508.24,0,0
487.36,1,1
453.36,1,1
447.42,1,1
472.49,1,1
492.27,1,1
502.94,0,0
498.47,0,0
482.2,1,1
461.11,1,1
435.04,1,1
419.63,1,1
414.75,1,1
383.28,1,1
325.56,1,1
310.45,1,1
335.86,1,1
345.23,1,1
340.08,1,1
356.01,1,1
391.37,1,1
432.3,1,1
453.96,1,1
457.28,1,1
466.25,1,1
477.59,1,1
488.14,1,1
493.69,0,0
496.88,0,0
501.62,0,0
498.39,0,0
504.86,0,0
511.25,0,0
514.39,0,0
516.27,0,0
525.39,0,0
536.11,0,0
540.21,0,0
539.91,0,0
539.59,0,0
539.28,0,0
539.38,0,0
539.89,0,0
540.38,0,0
540.38,0,0
540.38,0,0
540.38,0,0
540.38,0,0
540.38,0,0
540.38,0,0
540.38,0,0
540.38,0,0
540.38,0,0
540.38,0,0
540.38,0,0
540.38,0,0
540.38,0,0
540.38,0,0
540.38,0,0
540.38,0,0
540.38,0,0
540.38,0,0
540.38,0,0
540.38,0,0
540.38,0,0
540.38,0,0
540.38,0,0
540.38,0,0
540.38,0,0
540.38,0,0
540.38,0,0
540.38,0,0
540.38,0,0
540.38,0,0
540.38,0,0
540.38,0,0
540.38,0,0
540.38,0,0
540.38,0,0
540.38,0,0
540.38,0,0
540.38,0,0
540.29,0,0
539.87,0,0
539.46,0,0
538.15,0,0
534.8,0,0
524.43,0,0
512.63,0,0
505.84,0,0
508.18,0,0
510.47,0,0
512.61,0,0
509.43,0,0
500.67,0,0
491.97,0,0
483.39,0,0
477.1,0,0
473.54,0,0
464.29,0,0
451.69,0,0
446.92,0,0
449.79,0,0
451.81,0,0
452.06,0,0
447.12,0,0
436.86,0,0
432.7,0,0
433.88,0,0
437.21,0,0
427.1,0,0
426.14,0,0
419.6,0,0
405.4,1,1
382.17,1,1
393.83,1,1
438.98,0,0
464.43,0,0
471.31,0,0
475.02,0,0
475.69,0,0
475.35,0,0
471.17,0,0
459.95,0,0
437.64,0,0
411.44,1,1
387.54,1,1
361.61,1,1
340.6,1,1
309.7,1,1
265.36,1,1
219.86,1,1
172.26,1,1
133.68,1,1
105.01,1,1
76.15,1,1
47.85,1,1
39.64,1,1
51.25,1,1
61.7,1,1
74.11,1,1
111.86,1,1
176.92,1,1
247.1,1,1
322.1,1,1
383.51,1,1
433.1,0,0
470.96,0,0
495.3,0,0
510.04,0,0
520.6,0,0
527.71,0,0
534.55,0,0
536.1,0,0
532.34,0,0
528.53,0,0
524.66,0,0
524.95,0,0
529.65,0,0
534.58,0,0
537.34,0,0
537.86,0,0
537.85,0,0
537.84,0,0
537.83,0,0
537.36,0,0
536.01,0,0
531.59,0,0
527.06,0,0
526.9,0,0
531.31,0,0
535.78,0,0
537.13,0,0
537.94,0,0
538.63,0,0
539.31,0,0
540.01,0,0
540.22,0,0
539.94,0,0
539.66,0,0
539.38,0,0
538.9,0,0
538.22,0,0
537.54,0,0
536.88,0,0
533.22,0,0
524.98,0,0
516.49,0,0
503.98,0,0
480.63,0,0
435.96,0,0
379.13,0,0
312.8,1,1
303.35,1,1
360.59,0,0
373.83,0,0
337.61,0,0
305.92,1,1
278.18,1,1
260.93,1,1
257.6,1,1
251.66,1,1
241.66,1,1
240.68,1,1
248.35,1,1
262.79,1,1
283.87,1,1
287.41,1,1
272.92,1,1
258.38,1,1
243.97,1,1
247.6,1,1
269.09,1,1
284.34,1,1
292.4,1,1
305.26,1,1
322.56,1,1
335.32,0,0
343.56,0,0
340.95,0,0
331.31,1,1
333.18,1,1
352.77,0,0
389.88,0,0
437.82,0,0
478.0,0,0
498.07,0,0
505.64,0,0
514.79,0,0
524.04,0,0
530.82,0,0
537.38,0,0
538.82,0,0
539.12,0,0
538.28,0,0
537.43,0,0
534.06,0,0
533.76,0,0
537.2,0,0
537.93,0,0
538.67,0,0
539.27,0,0
539.7,0,0
540.14,0,0
540.38,0,0
540.38,0,0
540.38,0,0
540.38,0,0
540.38,0,0
540.38,0,0
540.38,0,0
540.38,0,0
540.38,0,0
540.38,0,0
540.38,0,0
540.38,0,0
540.38,0,0
540.38,0,0
540.38,0,0
540.38,0,0
540.38,0,0
540.38,0,0
540.38,0,0
540.38,0,0
540.38,0,0
540.38,0,0
540.02,0,0
539.07,0,0
538.1,0,0
537.46,0,0
537.17,0,0
536.87,0,0
536.58,0,0
534.97,0,0
530.32,0,0
525.65,0,0
521.06,0,0
519.4,0,0
520.88,0,0
522.27,0,0
523.64,0,0
523.83,0,0
522.74,0,0
521.73,0,0
520.69,0,0
511.1,0,0
489.78,0,0
465.88,0,0
440.26,1,1
402.43,1,1
348.06,1,1
316.13,1,1
314.54,1,1
305.81,1,1
290.83,1,1
283.58,1,1
285.43,1,1
285.29,1,1
280.99,1,1
298.73,1,1
338.66,1,1
396.12,1,1
433.99,1,1
439.17,1,1
417.1,1,1
373.74,1,1
336.21,1,1
341.04,1,1
385.86,1,1
419.91,1,1
443.79,1,1
462.43,1,1
476.5,0,0
487.5,0,0
495.59,0,0
502.7,0,0
508.44,0,0
515.59,0,0
524.71,0,0
529.39,0,0
529.7,0,0
530.77,0,0
532.61,0,0
535.28,0,0
538.75,0,0
540.38,0,0
540.38,0,0
540.38,0,0
540.38,0,0
540.38,0,0
540.38,0,0
540.38,0,0
540.38,0,0
540.38,0,0
540.38,0,0
540.38,0,0
540.38,0,0
540.38,0,0
540.38,0,0
540.38,0,0
540.38,0,0
540.38,0,0
540.38,0,0
540.38,0,0
540.38,0,0
540.38,0,0
540.38,0,0
540.38,0,0
540.38,0,0
540.38,0,0
540.38,0,0
540.38,0,0
540.38,0,0
540.38,0,0
540.38,0,0
540.17,0,0
539.28,0,0
538.95,0,0
539.19,0,0
539.43,0,0
539.69,0,0
540.29,0,0
540.38,0,0
540.38,0,0
540.38,0,0
540.38,0,0
540.38,0,0
540.38,0,0
540.38,0,0
540.38,0,0
540.38,0,0
540.38,0,0
540.38,0,0
539.68,0,0
539.43,0,0
539.18,0,0
538.94,0,0
539.08,0,0
539.6,0,0
540.11,0,0
540.38,0,0
528.5,0,0
498.71,0,0
478.0,0,0
474.6,0,0
473.04,0,0
471.38,0,0
464.23,0,0
450.62,1,1
435.98,1,1
420.99,1,1
417.98,1,1
427.16,1,1
439.13,1,1
444.52,1,1
438.88,1,1
411.25,1,1
369.03,1,1
335.62,1,1
332.89,1,1
359.81,1,1
383.44,1,1
402.94,1,1
406.77,1,1
395.0,1,1
379.41,1,1
358.29,1,1
370.96,1,1
415.42,1,1
461.34,1,1
462.57,1,1
469.89,0,0
474.02,0,0
465.72,0,0
449.16,1,0
466.03,0,0
506.3,0,0
531.49,0,0
539.44,0,0
539.13,0,0
538.83,0,0
538.21,0,0
537.32,0,0
533.04,0,0
528.81,0,0
527.4,0,0
528.8,0,0
530.18,0,0
531.61,0,0
535.46,0,0
538.25,0,0
539.58,0,0
540.38,0,0
540.38,0,0
540.38,0,0
540.38,0,0
540.38,0,0
540.38,0,0
540.38,0,0
540.38,0,0
540.38,0,0
540.38,0,0
540.38,0,0
540.38,0,0
540.38,0,0
540.38,0,0
539.77,0,0
539.05,0,0
538.3,0,0
537.53,0,0
536.77,0,0
533.49,0,0
529.84,0,0
529.42,0,0
532.31,0,0
535.32,0,0
536.82,0,0
536.83,0,0
536.08,0,0
533.4,0,0
530.64,0,0
530.56,0,0
533.25,0,0
535.96,0,0
536.69,0,0
536.49,0,0
533.04,0,0
528.48,0,0
524.05,0,0
521.96,0,0
522.29,0,0
522.6,0,0
522.9,0,0
523.68,0,0
524.94,0,0
526.18,0,0
527.47,0,0
518.76,0,0
498.43,0,0
473.85,0,0
448.22,0,0
421.81,1,1
391.67,1,1
366.3,1,1
347.17,1,1
323.17,1,1
292.47,1,1
280.23,1,1
289.56,1,1
287.18,1,1
269.56,1,1
276.17,1,1
306.0,1,1
346.28,1,1
369.87,1,1
366.46,1,1
350.62,1,1
333.56,1,1
314.6,1,1
319.31,1,1
346.01,1,1
373.23,1,1
400.68,1,1
421.09,1,1
434.32,0,0
440.2,0,0
444.72,0,0
451.21,0,0
459.69,0,0
476.52,0,0
498.46,0,0
514.52,0,0
523.24,0,0
527.14,0,0
527.49,0,0
528.31,0,0
529.5,0,0
531.38,0,0
533.95,0,0
536.46,0,0
537.7,0,0
537.61,0,0
535.09,0,0
531.72,0,0
528.33,0,0
526.58,0,0
526.5,0,0
526.38,0,0
526.31,0,0
527.47,0,0
529.92,0,0
532.38,0,0
534.85,0,0
535.31,0,0
533.74,0,0
532.12,0,0
530.46,0,0
527.22,0,0
522.34,0,0
515.31,0,0
507.51,0,0
497.18,0,0
480.49,0,0
462.33,0,0
433.82,1,1
416.5,1,1
416.09,1,1
415.67,1,1
415.25,1,1
416.7,1,1
420.06,1,1
423.08,1,1
426.6,0,0
437.44,0,0
452.79,0,0
462.96,0,0
473.51,0,0
479.85,0,0
482.58,0,0
485.11,0,0
487.48,0,0
489.49,0,0
491.51,0,0
493.52,0,0
495.54,0,0
500.22,0,0
507.6,0,0
514.73,0,0
520.39,0,0
520.54,0,0
515.38,0,0
508.91,0,0
502.66,0,0
494.45,0,0
479.96,0,0
471.2,0,0
474.45,0,0
479.91,0,0
484.32,0,0
483.18,0,0
478.96,0,0
478.94,0,0
479.45,0,0
475.21,0,0
445.5,0,0
394.66,1,1
346.59,1,1
341.39,1,1
378.87,1,1
420.07,1,1
441.6,0,0
442.66,0,0
430.25,0,0
411.38,1,1
400.17,1,1
395.55,1,1
397.39,1,1
396.58,1,1
392.58,1,1
394.69,1,1
401.81,1,1
410.02,1,1
419.25,1,1
423.58,0,0
424.2,0,0
422.5,1,1
420.15,1,1
438.02,0,0
470.81,0,0
495.69,0,0
513.94,0,0
527.95,0,0
536.87,0,0
540.38,0,0
540.38,0,0
540.38,0,0
540.38,0,0
540.38,0,0
540.38,0,0
540.38,0,0
540.38,0,0
540.38,0,0
540.38,0,0
540.38,0,0
540.38,0,0
540.38,0,0
540.38,0,0
540.38,0,0
540.38,0,0
540.38,0,0
540.38,0,0
540.38,0,0
540.38,0,0
540.38,0,0
540.38,0,0
540.38,0,0
540.31,0,0
540.31,0,0
540.38,0,0
540.38,0,0
540.38,0,0
540.38,0,0
540.38,0,0
540.38,0,0
539.46,0,0
539.45,0,0
540.38,0,0
540.38,0,0
540.38,0,0
540.38,0,0
540.38,0,0
540.38,0,0
540.38,0,0
540.38,0,0
540.38,0,0
540.38,0,0
540.38,0,0
540.38,0,0
540.38,0,0
540.38,0,0
540.38,0,0
540.38,0,0
540.38,0,0
540.38,0,0
540.36,0,0
539.97,0,0
540.23,0,0
540.38,0,0
540.38,0,0
534.29,0,0
520.78,0,0
506.26,0,0
490.97,0,0
466.17,1,1
428.76,1,1
404.57,1,1
397.02,1,1
379.78,1,1
352.34,1,1
346.86,1,1
365.74,1,1
381.19,1,1
392.82,1,1
401.76,1,1
406.16,1,1
416.62,1,1
431.89,1,1
432.51,1,1
418.55,1,1
404.87,1,1
391.06,1,1
390.66,1,1
403.29,1,1
409.33,1,1
408.88,1,1
420.92,1,1
445.1,1,1
471.49,0,0
489.1,0,0
495.46,0,0
502.82,0,0
511.04,0,0
519.28,0,0
524.34,0,0
526.27,0,0
528.95,0,0
532.39,0,0
535.72,0,0
538.9,0,0
540.38,0,0
540.38,0,0
540.38,0,0
540.38,0,0
540.38,0,0
540.38,0,0
540.38,0,0
540.38,0,0
540.38,0,0
540.38,0,0
539.81,0,0
539.09,0,0
539.08,0,0
539.8,0,0
540.38,0,0
540.38,0,0
540.38,0,0
540.38,0,0
540.05,0,0
539.42,0,0
539.2,0,0
539.41,0,0
539.61,0,0
539.82,0,0
540.03,0,0
540.25,0,0
540.38,0,0
540.38,0,0
540.3,0,0
539.22,0,0
538.12,0,0
537.02,0,0
533.05,0,0
528.26,0,0
523.36,0,0
518.22,0,0
509.53,0,0
499.77,0,0
490.03,0,0
476.63,0,0
476.37,0,0
489.41,0,0
499.08,0,0
508.75,0,0
516.5,0,0
520.64,0,0
524.33,0,0
528.09,0,0
526.2,0,0
518.88,0,0
508.02,0,0
496.76,0,0
487.5,0,0
479.05,0,0
470.53,1,1
462.38,1,1
444.79,1,1
406.42,1,1
381.68,1,1
383.15,1,1
377.01,1,1
354.82,1,1
312.31,1,1
246.37,1,1
192.68,1,1
154.39,1,1
160.11,1,1
217.82,1,1
272.49,1,1
326.99,1,1
358.37,1,1
365.92,1,1
375.93,1,1
393.54,1,1
415.35,1,1
443.23,1,1
465.3,1,1
479.27,0,0
482.19,0,0
477.65,0,0
473.76,0,0
470.63,1,0
474.55,0,0
485.83,0,0
493.88,0,0
498.49,0,0
500.83,0,0
500.76,0,0
505.89,0,0
515.5,0,0
521.99,0,0
525.41,0,0
526.56,0,0
525.81,0,0
528.95,0,0
535.6,0,0
538.35,0,0
539.03,0,0
539.72,0,0
540.38,0,0
540.31,0,0
539.41,0,0
538.5,0,0
537.59,0,0
535.03,0,0
532.54,0,0
530.01,0,0
527.44,0,0
526.11,0,0
526.11,0,0
526.1,0,0
526.1,0,0
527.81,0,0
531.27,0,0
534.78,0,0
537.43,0,0
538.05,0,0
538.58,0,0
539.11,0,0
539.65,0,0
539.69,0,0
539.22,0,0
538.73,0,0
538.23,0,0
538.07,0,0
538.3,0,0
538.53,0,0
538.77,0,0
538.44,0,0
537.55,0,0
536.63,0,0
532.45,0,0
527.15,0,0
520.88,0,0
512.63,0,0
502.64,0,0
495.62,0,0
491.68,0,0
487.55,0,0
481.94,0,0
475.86,0,0
469.1,0,0
462.05,0,0
455.25,0,0
448.79,0,0
438.64,0,0
427.35,1,1
416.22,1,1
422.98,1,1
447.27,0,0
462.49,0,0
475.83,0,0
467.57,0,0
430.96,1,1
404.67,1,1
396.52,1,1
377.24,1,1
338.58,1,1
310.05,1,1
283.26,1,1
293.99,1,1
326.41,1,1
349.83,1,1
363.76,1,1
375.18,1,1
384.32,1,1
396.03,1,1
409.29,1,1
418.69,1,1
424.34,1,1
430.68,1,1
437.67,0,0
441.69,0,0
443.6,0,0
448.3,0,0
456.22,0,0
459.25,0,0
456.88,0,0
449.85,0,0
439.57,0,0
435.42,1,1
437.29,1,1
441.3,0,0
447.5,0,0
442.74,0,0
430.69,1,0
441.18,0,0
470.14,0,0
482.3,0,0
479.82,0,0
474.53,0,0
467.47,0,0
458.94,0,0
464.11,0,0
469.32,0,0
473.03,0,0
475.68,0,0
478.53,0,0
481.23,0,0
483.97,0,0
489.32,0,0
497.22,0,0
503.81,0,0
509.68,0,0
517.36,0,0
525.08,0,0
531.06,0,0
537.08,0,0
537.93,0,0
538.13,0,0
538.34,0,0
538.54,0,0
539.02,0,0
539.77,0,0
540.38,0,0
540.38,0,0
540.38,0,0
540.38,0,0
540.38,0,0
540.38,0,0
540.38,0,0
540.38,0,0
540.38,0,0
540.38,0,0
540.38,0,0
540.38,0,0
540.38,0,0
540.38,0,0
540.38,0,0
540.38,0,0
540.38,0,0
540.38,0,0
540.38,0,0
540.38,0,0
540.38,0,0
540.38,0,0
540.38,0,0
539.36,0,0
537.63,0,0
533.99,0,0
529.9,0,0
529.97,0,0
530.08,0,0
530.15,0,0
530.83,0,0
532.09,0,0
533.36,0,0
534.59,0,0
524.03,0,0
496.82,0,0
479.32,0,0
478.66,0,0
485.61,0,0
494.22,0,0
478.86,0,0
447.15,0,0
412.5,1,1
371.65,1,1
327.51,1,1
281.75,1,1
247.54,1,1
222.91,1,1
247.69,1,1
323.88,1,1
387.23,1,1
394.79,1,1
393.05,1,1
385.34,1,1
373.35,1,1
354.68,1,1
337.0,1,1
321.28,1,1
309.38,1,1
301.36,1,1
300.03,1,1
306.58,1,1
310.11,1,1
311.55,1,1
334.85,1,1
380.76,1,1
416.61,0,0
442.16,0,0
457.97,0,0
466.38,0,0
475.45,0,0
484.99,0,0
491.01,0,0
493.87,0,0
499.07,0,0
505.39,0,0
511.1,0,0
516.87,0,0
523.36,0,0
528.1,0,0
532.88,0,0
537.43,0,0
538.38,0,0
539.29,0,0
540.21,0,0
540.38,0,0
540.38,0,0
540.38,0,0
540.05,0,0
539.41,0,0
539.3,0,0
539.72,0,0
540.15,0,0
540.38,0,0
540.38,0,0
540.14,0,0
539.71,0,0
539.26,0,0
539.25,0,0
539.68,0,0
540.13,0,0
540.38,0,0
540.38,0,0
539.76,0,0
539.03,0,0
538.29,0,0
538.14,0,0
538.61,0,0
539.1,0,0
539.59,0,0
540.1,0,0
540.38,0,0
540.38,0,0
540.38,0,0
540.38,0,0
540.38,0,0
539.95,0,0
539.16,0,0
539.23,0,0
540.16,0,0
540.38,0,0
540.38,0,0
540.38,0,0
540.38,0,0
540.38,0,0
540.38,0,0
540.38,0,0
540.38,0,0
540.38,0,0
540.38,0,0
532.28,0,0
512.58,0,0
489.36,0,0
462.93,0,0
447.76,0,0
446.63,0,0
445.75,0,0
445.14,0,0
456.31,0,0
464.45,0,0
463.15,0,0
423.97,1,1
354.67,1,1
300.33,1,1
280.16,1,1
296.37,1,1
300.17,1,1
290.92,1,1
300.81,1,1
328.35,1,1
356.72,1,1
385.09,1,1
392.71,1,1
379.41,1,1
373.12,1,1
373.98,1,1
368.23,1,1
357.93,1,1
347.66,1,1
340.0,1,1
347.92,1,1
367.61,1,1
378.33,1,1
382.38,1,1
414.85,1,1
465.18,0,0
510.2,0,0
530.98,0,0
534.29,0,0
538.52,0,0
540.38,0,0
540.38,0,0
540.38,0,0
540.38,0,0
540.38,0,0
540.38,0,0
540.38,0,0
540.38,0,0
540.38,0,0
540.38,0,0
540.38,0,0
540.38,0,0
540.38,0,0
540.38,0,0
540.38,0,0
540.38,0,0
540.38,0,0
540.38,0,0
540.38,0,0
540.38,0,0
540.38,0,0
540.38,0,0
540.38,0,0
540.38,0,0
540.38,0,0
540.38,0,0
540.38,0,0
540.38,0,0
540.38,0,0
540.38,0,0
540.38,0,0
540.38,0,0
540.38,0,0
540.38,0,0
540.38,0,0
540.38,0,0
540.38,0,0
540.38,0,0
540.38,0,0
540.38,0,0
540.38,0,0
540.38,0,0
540.38,0,0
540.38,0,0
540.38,0,0
540.38,0,0
540.38,0,0
540.38,0,0
540.38,0,0
540.38,0,0
540.38,0,0
540.38,0,0
540.38,0,0
540.38,0,0
540.38,0,0
540.38,0,0
525.78,0,0
487.54,0,0
438.96,0,0
381.79,1,1
359.65,1,1
383.74,0,0
383.05,0,0
355.36,1,1
337.58,1,1
330.52,1,1
318.52,1,1
299.83,1,1
277.29,1,1
249.68,1,1
246.96,1,1
270.39,1,1
294.51,1,1
318.59,1,1
324.41,1,1
312.1,1,1
302.71,1,1
295.23,1,1
296.02,1,1
304.19,1,1
306.9,1,1
305.15,1,1
316.85,1,1
340.15,1,1
363.74,1,1
386.59,0,0
397.89,0,0
401.35,0,0
396.11,0,0
385.08,0,0
423.79,0,0
495.48,0,0
527.14,0,0
532.05,0,0
535.99,0,0
539.0,0,0
540.38,0,0
540.38,0,0
540.38,0,0
540.38,0,0
540.38,0,0
540.38,0,0
540.38,0,0
540.38,0,0
540.38,0,0
540.38,0,0
540.38,0,0
540.16,0,0
539.8,0,0
539.49,0,0
539.17,0,0
538.85,0,0
538.84,0,0
539.14,0,0
539.45,0,0
539.77,0,0
539.71,0,0
539.26,0,0
538.81,0,0
538.36,0,0
537.82,0,0
537.16,0,0
535.19,0,0
532.11,0,0
533.76,0,0
537.4,0,0
538.78,0,0
540.17,0,0
540.38,0,0
540.1,0,0
539.58,0,0
539.05,0,0
539.04,0,0
539.56,0,0
540.09,0,0
540.38,0,0
540.38,0,0
539.88,0,0
539.19,0,0
538.5,0,0
538.22,0,0
538.37,0,0
538.5,0,0
538.65,0,0
538.52,0,0
538.11,0,0
537.72,0,0
537.32,0,0
537.48,0,0
538.17,0,0
538.85,0,0
539.51,0,0
535.35,0,0
525.5,0,0
515.14,0,0
504.56,0,0
490.54,0,0
471.65,0,0
455.24,0,0
442.86,0,0
425.7,1,1
401.95,1,1
392.15,1,1
398.66,1,1
408.86,1,1
422.4,1,1
421.06,1,1
405.59,1,1
394.8,1,1
388.54,1,1
376.65,1,1
359.08,1,1
334.43,1,1
302.36,1,1
307.49,1,1
348.01,1,1
387.78,1,1
426.26,1,1
427.61,1,1
396.02,1,1
367.31,1,1
342.02,1,1
355.18,1,1
399.1,1,1
428.65,0,0
445.8,0,0
473.61,0,0
508.8,0,0
527.95,0,0
536.31,0,0
540.38,0,0
540.31,0,0
539.71,0,0
539.2,0,0
538.69,0,0
538.17,0,0
537.64,0,0
536.42,0,0
533.96,0,0
531.47,0,0
531.42,0,0
533.84,0,0
536.3,0,0
537.53,0,0
537.94,0,0
538.25,0,0
538.57,0,0
538.9,0,0
538.89,0,0
538.55,0,0
538.21,0,0
537.87,0,0
538.08,0,0
538.85,0,0
539.63,0,0
540.38,0,0
540.38,0,0
539.95,0,0
539.33,0,0
538.68,0,0
538.41,0,0
538.53,0,0
538.65,0,0
538.77,0,0
538.69,0,0
538.42,0,0
538.14,0,0
537.85,0,0
538.23,0,0
539.28,0,0
540.36,0,0
540.38,0,0
540.38,0,0
540.38,0,0
540.38,0,0
540.38,0,0
540.38,0,0
540.38,0,0
540.38,0,0
540.38,0,0
540.38,0,0
540.38,0,0
540.38,0,0
540.38,0,0
540.38,0,0
540.38,0,0
540.38,0,0
540.38,0,0
536.37,0,0
527.3,0,0
518.16,0,0
509.02,0,0
489.8,0,0
457.24,0,0
425.51,1,1
396.95,1,1
377.67,1,1
368.93,1,1
357.32,1,1
340.97,1,1
326.33,1,1
313.76,1,1
301.33,1,1
288.9,1,1
269.89,1,1
243.72,1,1
250.83,1,1
290.85,1,1
327.29,1,1
359.79,1,1
384.49,1,1
403.77,1,1
421.75,1,1
438.54,1,1
442.54,0,1
434.99,1,1
427.73,1,1
424.12,1,1
440.03,1,1
473.95,0,0
497.27,0,0
511.74,0,0
517.63,0,0
515.26,0,0
508.17,0,0
498.09,0,0
498.11,0,0
504.79,0,0
509.52,0,0
514.75,0,0
520.05,0,0
524.27,0,0
525.18,0,0
523.62,0,0
522.04,0,0
519.68,0,0
519.55,0,0
521.81,0,0
523.2,0,0
524.66,0,0
525.4,0,0
525.35,0,0
525.31,0,0
525.26,0,0
523.83,0,0
521.11,0,0
516.9,0,0
512.54,0,0
507.81,0,0
502.51,0,0
497.13,0,0
490.58,0,0
487.55,0,0
488.93,0,0
490.2,0,0
491.36,0,0
492.73,0,0
494.62,0,0
496.35,0,0
498.24,0,0
494.61,0,0
483.86,0,0
471.25,0,0
458.07,0,0
453.06,0,0
456.54,0,0
459.77,0,0
463.37,0,0
463.08,0,0
458.86,0,0
454.64,0,0
450.42,0,0
450.76,0,0
454.97,0,0
459.18,0,0
463.4,0,0
471.64,0,0
483.22,0,0
492.78,0,0
501.07,0,0
508.75,0,0
515.83,0,0
521.03,0,0
525.45,0,0
521.74,0,0
509.31,0,0
496.78,0,0
483.37,0,0
441.45,0,0
364.82,0,0
320.33,0,0
312.64,1,1
288.93,1,1
248.91,1,1
227.49,1,1
221.41,1,1
229.0,1,1
245.66,1,1
258.18,1,1
268.7,1,1
269.29,1,1
261.62,1,1
274.08,1,1
306.21,1,1
343.9,0,0
386.26,0,0
390.41,0,0
357.91,0,0
325.28,0,0
291.16,1,1
288.29,1,1
314.73,1,1
327.59,0,0
328.47,0,0
324.94,0,0
315.09,0,0
309.2,1,1
305.56,1,1
322.27,0,0
350.77,0,0
369.35,0,0
385.23,0,0
399.68,0,0
412.36,0,0
420.08,0,0
425.22,0,0
430.08,0,0
435.01,0,0
439.35,0,0
442.77,0,0
445.95,0,0
449.43,0,0
440.19,0,0
418.25,0,0
390.77,0,0
359.58,0,0
351.47,0,0
367.42,0,0
383.48,0,0
399.67,0,0
402.37,0,0
390.62,0,0
378.79,0,0
366.86,0,0
345.73,0,0
315.73,0,0
279.39,1,1
242.44,1,1
220.63,1,1
213.09,1,1
206.31,1,1
198.09,1,1
179.53,0,1
151.84,1,1
124.23,1,1
96.37,1,1
73.87,1,1
53.36,1,1
33.44,1,1
33.49,1,1
37.05,1,1
42.67,1,1
47.67,1,1
51.51,1,1
51.99,1,1
50.15,1,1
47.57,1,1
44.16,1,1
39.78,1,1
34.64,1,1
84.72,1,1
176.12,1,1
209.27,0,0
181.67,0,0
154.42,1,1
128.26,1,1
151.01,1,1
223.95,0,0
291.93,0,0
351.75,0,0
397.91,0,0
433.52,0,0
453.76,0,0
470.01,0,0
450.24,0,0
395.01,0,0
345.64,0,0
302.07,0,0
276.86,0,0
273.94,0,0
256.75,0,0
223.03,0,0
196.1,0,0
174.98,1,1
169.05,1,1
179.78,0,0
185.01,0,0
186.69,0,0
197.3,0,0
216.47,0,0
232.07,0,0
243.79,0,0
256.54,0,0
270.93,0,0
291.72,0,0
318.97,0,0
342.98,0,0
360.96,0,0
379.23,0,0
398.12,0,0
406.47,0,0
406.56,0,0
406.41,0,0
405.91,0,0
425.16,0,0
458.92,0,0
484.17,0,0
502.79,0,0
521.27,0,0
534.95,0,0
539.74,0,0
539.33,0,0
538.91,0,0
538.49,0,0
537.85,0,0
536.08,0,0
532.02,0,0
527.95,0,0
527.1,0,0
529.58,0,0
532.1,0,0
534.64,0,0
536.96,0,0
537.52,0,0
537.94,0,0
538.37,0,0
537.81,0,0
533.18,0,0
525.7,0,0
516.64,0,0
506.04,0,0
496.7,0,0
484.03,0,0
471.11,0,0
458.21,0,0
438.9,0,0
418.66,0,0
397.44,0,0
391.96,0,0
402.58,0,0
413.8,0,0
425.1,0,0
424.28,0,0
411.09,0,0
397.62,0,0
383.85,0,0
376.55,0,0
375.95,0,0
375.35,0,0
374.75,0,0
368.43,0,0
353.1,0,0
338.31,0,0
322.58,0,0
308.4,0,0
295.17,0,0
281.06,0,0
267.99,0,0
282.3,0,0
322.41,0,0
361.91,0,0
393.28,0,0
399.22,0,0
382.8,0,0
362.47,0,0
340.38,0,0
322.13,0,0
309.47,0,0
295.97,0,0
282.53,0,0
246.06,0,0
177.47,1,1
124.85,1,1
94.63,1,1
52.03,1,1
39.8,1,1
43.66,1,1
47.81,1,1
50.73,1,1
52.39,1,1
52.3,1,1
50.38,1,1
49.21,1,1
48.82,1,1
47.01,1,1
44.0,1,1
40.42,1,1
38.48,1,1
37.99,1,1
37.57,1,1
36.2,1,1
54.69,1,1
96.03,1,1
141.39,1,1
176.65,1,1
195.59,0,0
219.91,0,0
244.64,0,0
260.82,0,0
269.28,0,0
280.46,0,0
294.92,0,0
323.92,0,0
366.09,0,0
406.5,0,0
436.52,0,0
453.82,0,0
459.09,0,0
464.64,0,0
468.39,0,0
469.78,0,0
469.57,0,0
469.56,0,0
469.34,0,0
460.02,0,0
435.64,0,0
410.96,0,0
378.5,0,0
355.33,0,0
343.35,0,0
331.3,0,0
318.47,0,0
308.01,0,0
300.27,0,0
292.48,0,0
283.83,0,0
311.15,0,0
363.22,0,0
410.81,0,0
448.35,0,0
453.83,0,0
426.0,0,0
397.03,0,0
359.01,0,0
356.43,1,1
390.85,1,1
417.28,1,1
444.65,1,1
458.88,1,1
467.29,0,0
475.88,0,0
484.68,0,0
491.52,0,0
497.21,0,0
502.99,0,0
508.87,0,0
514.94,0,0
519.44,0,0
523.41,0,0
527.39,0,0
533.03,0,0
537.11,0,0
538.64,0,0
540.15,0,0
540.38,0,0
539.89,0,0
539.25,0,0
538.62,0,0
538.32,0,0
538.32,0,0
538.32,0,0
538.32,0,0
531.84,0,0
515.98,0,0
504.03,0,0
499.61,0,0
496.35,0,0
492.76,0,0
488.49,0,0
483.29,0,0
480.01,0,0
477.62,0,0
470.29,0,0
452.1,1,1
431.25,1,1
413.9,1,1
402.69,1,1
396.2,1,1
388.81,1,1
378.65,1,1
385.69,1,1
408.73,1,1
426.5,1,1
438.53,1,1
445.97,1,1
449.63,1,1
459.39,1,1
470.62,0,0
473.91,0,0
451.84,1,1
408.5,1,1
366.05,1,1
385.41,1,1
458.8,1,1
499.82,0,0
513.48,0,0
521.58,0,0
524.23,0,0
529.07,0,0
535.88,0,0
539.44,0,0
540.09,0,0
540.38,0,0
540.38,0,0
540.38,0,0
540.38,0,0
540.38,0,0
540.38,0,0
540.38,0,0
540.38,0,0
540.38,0,0
540.38,0,0
540.38,0,0
540.38,0,0
540.38,0,0
540.38,0,0
540.38,0,0
540.38,0,0
540.38,0,0
540.38,0,0
540.38,0,0
540.38,0,0
540.38,0,0
540.38,0,0
540.01,0,0
539.32,0,0
539.19,0,0
539.64,0,0
540.11,0,0
540.38,0,0
540.38,0,0
540.38,0,0
540.38,0,0
540.38,0,0
540.38,0,0
539.89,0,0
539.21,0,0
538.51,0,0
538.63,0,0
539.59,0,0
540.38,0,0
540.38,0,0
540.38,0,0
540.38,0,0
540.38,0,0
540.38,0,0
540.38,0,0
540.38,0,0
540.38,0,0
540.38,0,0
540.38,0,0
540.38,0,0
540.38,0,0
540.38,0,0
540.38,0,0
540.38,0,0
540.38,0,0
540.38,0,0
534.84,0,0
522.07,0,0
506.64,0,0
489.92,0,0
475.93,0,0
464.96,0,0
446.59,0,0
420.97,0,0
399.23,1,1
381.68,1,1
363.76,1,1
345.33,1,1
320.51,1,1
289.14,1,1
281.19,1,1
298.15,1,1
305.52,1,1
301.35,1,1
318.12,1,1
354.76,1,1
403.59,1,1
430.56,0,0
430.56,0,0
429.41,0,0
416.18,1,1
398.99,1,1
412.61,1,1
456.33,0,0
487.78,0,0
508.36,0,0
516.71,0,0
512.99,0,0
510.29,0,0
508.7,0,0
508.06,0,0
508.03,0,0
506.82,0,0
505.83,0,0
503.64,0,0
500.35,0,0
497.18,0,0
493.35,0,0
489.46,0,0
485.64,0,0
482.23,0,0
479.03,0,0
475.82,0,0
472.6,0,0
472.37,0,0
474.96,0,0
477.78,0,0
480.46,0,0
477.32,0,0
468.27,0,0
455.02,0,0
438.64,0,0
429.87,0,0
428.78,0,0
427.67,0,0
426.91,0,0
414.22,1,1
387.4,1,1
353.65,1,1
318.69,1,1
318.66,1,1
354.4,1,1
389.54,1,1
416.53,1,1
437.14,0,0
450.55,0,0
457.78,0,0
465.41,0,0
463.46,0,0
452.01,0,0
435.28,0,0
414.51,0,0
399.12,1,1
389.72,1,1
380.71,1,1
370.88,1,1
385.16,1,1
424.46,0,0
453.03,0,0
474.62,0,0
487.14,0,0
491.59,0,0
495.84,0,0
500.26,0,0
502.51,0,0
502.94,0,0
503.2,0,0
503.47,0,0
504.89,0,0
507.05,0,0
509.31,0,0
511.54,0,0
504.28,0,0
481.76,0,0
467.16,0,0
469.36,0,0
468.08,0,0
460.29,0,0
456.96,0,0
459.76,0,0
464.55,0,0
470.42,0,0
463.71,0,0
444.65,0,0
408.42,0,0
353.93,1,1
341.4,1,1
368.68,1,1
405.89,0,0
444.52,0,0
459.05,0,0
451.5,0,0
418.75,0,0
361.83,1,1
350.49,1,1
383.27,1,1
412.5,0,0
428.22,0,0
438.62,0,0
407.01,0,0
348.16,1,1
306.78,1,1
302.95,1,1
331.47,1,1
347.69,1,1
352.87,1,1
374.52,1,1
403.8,1,1
419.67,0,0
417.73,0,0
405.69,1,1
385.73,1,1
376.03,1,1
386.26,1,1
396.55,1,1
406.92,0,0
410.93,0,0
410.52,0,0
409.71,0,0
409.29,0,0
413.42,0,0
422.2,0,0
431.16,0,0
440.6,0,0
459.37,0,0
476.47,0,0
492.18,0,0
504.79,0,0
508.86,0,0
505.28,0,0
501.78,0,0
498.11,0,0
497.97,0,0
501.12,0,0
504.44,0,0
507.68,0,0
502.08,0,0
484.99,0,0
464.14,0,0
434.12,0,0
411.1,0,0
403.7,0,0
396.77,0,0
389.3,0,0
376.12,0,0
354.57,0,0
332.55,0,0
309.18,0,0
297.25,1,1
295.44,1,1
293.6,1,1
291.73,1,1
273.31,1,1
231.46,1,1
187.7,1,1
145.15,1,1
135.1,1,1
160.78,1,1
187.83,1,1
213.4,1,1
227.41,1,1
229.84,1,1
233.4,1,1
235.73,1,1
250.31,1,1
276.73,1,1
298.71,1,1
320.36,0,0
340.18,0,0
344.8,0,0
330.16,0,0
305.68,1,1
298.75,1,1
326.49,0,0
330.13,0,0
306.97,0,0
282.73,1,1
256.67,1,1
265.87,1,1
314.65,0,0
354.26,0,0
384.23,0,0
402.77,0,0
406.74,0,0
421.97,0,0
423.09,0,0
415.69,0,0
391.71,0,0
381.0,0,0
377.1,0,0
380.42,0,0
389.64,0,0
390.93,0,0
385.64,0,0
382.55,0,0
382.62,0,0
376.5,0,0
364.96,0,0
380.33,0,0
417.82,0,0
457.69,0,0
481.67,0,0
488.73,0,0
495.44,0,0
501.38,0,0
508.64,0,0
518.87,0,0
528.65,0,0
531.9,0,0
530.43,0,0
528.98,0,0
527.48,0,0
527.19,0,0
528.11,0,0
529.06,0,0
529.99,0,0
527.74,0,0
521.99,0,0
513.42,0,0
504.64,0,0
496.8,0,0
489.0,0,0
481.27,0,0
473.49,0,0
476.51,0,0
490.44,0,0
502.71,0,0
513.01,0,0
521.95,0,0
527.04,0,0
532.2,0,0
537.14,0,0
537.72,0,0
537.79,0,0
537.85,0,0
537.93,0,0
538.5,0,0
539.58,0,0
540.38,0,0
540.38,0,0
540.38,0,0
540.38,0,0
540.38,0,0
540.38,0,0
540.38,0,0
540.38,0,0
540.38,0,0
540.38,0,0
540.38,0,0
540.38,0,0
540.38,0,0
540.38,0,0
540.38,0,0
540.09,0,0
539.56,0,0
539.02,0,0
538.9,0,0
539.17,0,0
539.44,0,0
539.71,0,0
539.52,0,0
538.89,0,0
538.26,0,0
537.66,0,0
528.22,0,0
504.07,0,0
486.55,0,0
482.74,0,0
478.25,0,0
472.47,0,0
460.49,0,0
440.06,0,0
416.43,0,0
388.98,0,0
377.64,0,0
383.34,0,0
387.76,0,0
389.76,0,0
395.11,0,0
405.52,0,0
421.5,0,0
443.05,0,0
436.41,0,0
401.86,0,0
371.9,0,0
346.66,0,0
335.05,0,0
336.82,0,0
329.05,1,1
313.51,1,1
321.27,1,1
351.73,0,0
377.97,0,0
400.44,0,0
417.79,0,0
431.91,0,0
445.88,0,0
458.33,0,0
467.13,0,0
472.69,0,0
470.97,0,0
465.02,0,0
464.9,0,0
466.77,0,0
462.08,0,0
466.84,0,0
471.47,0,0
474.69,0,0
459.04,0,0
419.42,0,0
364.59,0,0
301.63,1,1
249.93,1,1
215.19,1,1
179.82,1,1
144.77,1,1
135.47,1,1
150.42,1,1
167.14,1,1
183.98,1,1
190.81,1,1
188.53,1,1
186.22,1,1
183.89,1,1
181.54,1,1
179.18,1,1
176.79,1,1
174.38,1,1
165.24,1,1
151.28,1,1
136.78,1,1
120.31,1,1
108.9,1,1
101.7,1,1
93.01,1,1
85.78,1,1
105.37,1,1
152.81,1,1
202.9,1,1
257.14,1,1
279.39,1,1
269.54,1,1
259.54,1,1
248.34,1,1
235.05,1,1
217.6,1,1
199.99,1,1
182.24,1,1
201.21,1,1
259.44,1,1
309.3,1,1
357.2,0,0
386.08,0,0
399.07,0,0
411.88,0,0
424.52,0,0
445.2,0,0
464.26,0,0
480.05,0,0
494.6,0,0
490.84,0,0
464.34,0,0
429.22,0,0
386.47,0,0
363.15,0,0
364.18,0,0
358.39,0,0
349.4,0,0
340.79,0,0
331.12,0,0
324.22,0,0
320.1,0,0
316.74,0,0
312.74,1,1
311.21,1,1
312.18,1,1
314.84,0,0
317.9,0,0
318.96,0,0
317.39,0,0
315.77,0,0
315.25,0,0
314.87,0,0
314.78,0,0
312.38,1,1
309.58,1,1
313.6,0,0
324.36,0,0
330.77,0,0
334.57,0,0
354.69,0,0
389.33,0,0
419.31,0,0
443.43,0,0
463.39,0,0
480.54,0,0
495.23,0,0
507.65,0,0
522.19,0,0
535.21,0,0
540.32,0,0
540.38,0,0
540.38,0,0
540.38,0,0
540.38,0,0
540.38,0,0
540.27,0,0
539.3,0,0
538.71,0,0
538.5,0,0
538.29,0,0
538.08,0,0
537.96,0,0
537.95,0,0
537.93,0,0
537.92,0,0
538.42,0,0
539.44,0,0
540.38,0,0
540.38,0,0
540.38,0,0
540.38,0,0
540.38,0,0
540.38,0,0
540.38,0,0
540.38,0,0
540.38,0,0
540.38,0,0
540.38,0,0
540.38,0,0
540.38,0,0
540.38,0,0
540.38,0,0
540.38,0,0
540.38,0,0
540.38,0,0
540.38,0,0
540.38,0,0
540.38,0,0
540.38,0,0
540.38,0,0
540.38,0,0
540.38,0,0
540.38,0,0
540.38,0,0
540.38,0,0
540.38,0,0
540.38,0,0
540.38,0,0
540.38,0,0
540.38,0,0
540.38,0,0
540.38,0,0
540.38,0,0
540.38,0,0
540.38,0,0
536.08,0,0
526.54,0,0
518.13,0,0
512.05,0,0
507.64,0,0
504.34,0,0
500.2,0,0
495.08,0,0
491.24,0,0
488.88,0,0
483.2,1,1
466.53,1,1
447.29,1,1
434.48,1,1
419.38,1,1
401.54,1,1
383.06,1,1
363.97,1,1
351.91,1,1
345.95,1,1
334.37,1,1
317.02,1,1
316.45,1,1
332.08,1,1
345.27,1,1
357.28,1,1
360.91,1,1
357.63,1,1
351.12,1,1
341.63,1,1
360.51,1,1
402.47,1,1
439.11,1,1
469.89,1,1
485.28,0,0
489.79,0,0
494.87,0,0
500.72,0,0
515.98,0,0
533.61,0,0
540.31,0,0
539.42,0,0
538.53,0,0
537.62,0,0
536.29,0,0
536.28,0,0
536.26,0,0
536.24,0,0
537.36,0,0
537.85,0,0
538.34,0,0
538.85,0,0
539.68,0,0
540.38,0,0
540.38,0,0
540.38,0,0
540.38,0,0
540.38,0,0
540.38,0,0
540.38,0,0
540.38,0,0
540.38,0,0
540.38,0,0
540.38,0,0
540.38,0,0
540.38,0,0
540.38,0,0
540.38,0,0
539.46,0,0
538.61,0,0
537.75,0,0
536.88,0,0
532.98,0,0
528.1,0,0
523.09,0,0
517.72,0,0
516.51,0,0
520.6,0,0
524.18,0,0
527.9,0,0
527.21,0,0
522.1,0,0
516.93,0,0
508.99,0,0
511.59,0,0
522.08,0,0
530.34,0,0
536.92,0,0
537.47,0,0
536.91,0,0
535.05,0,0
532.25,0,0
531.48,0,0
532.65,0,0
533.81,0,0
534.97,0,0
531.15,0,0
520.44,0,0
507.56,0,0
493.28,0,0
483.08,1,1
478.24,1,1
461.03,1,1
427.66,1,1
383.56,1,1
327.7,1,1
318.32,1,1
356.85,1,1
392.6,1,1
424.4,1,1
445.36,1,1
451.98,1,1
466.29,1,1
480.0,1,1
481.2,1,1
474.81,1,1
465.12,1,1
451.94,1,1
444.17,1,1
442.27,1,1
446.95,1,1
458.66,1,1
470.32,1,1
479.37,1,1
488.58,0,0
496.76,0,0
501.47,0,0
505.93,0,0
509.13,0,0
511.04,0,0
515.0,0,0
521.02,0,0
530.28,0,0
536.19,0,0
536.03,0,0
536.05,0,0
537.58,0,0
538.51,0,0
539.42,0,0
540.31,0,0
540.38,0,0
540.17,0,0
539.78,0,0
539.38,0,0
539.13,0,0
539.02,0,0
538.92,0,0
538.8,0,0
538.9,0,0
539.19,0,0
539.5,0,0
539.8,0,0
539.85,0,0
539.64,0,0
539.42,0,0
539.2,0,0
538.98,0,0
538.76,0,0
538.52,0,0
538.29,0,0
537.98,0,0
537.59,0,0
537.18,0,0
536.39,0,0
536.82,0,0
537.41,0,0
537.99,0,0
538.59,0,0
538.39,0,0
537.35,0,0
535.17,0,0
530.16,0,0
525.93,0,0
522.66,0,0
519.34,0,0
515.27,0,0
509.64,0,0
503.59,0,0
497.53,0,0
491.28,0,0
497.98,0,0
517.15,0,0
529.46,0,0
537.48,0,0
538.77,0,0
538.8,0,0
538.83,0,0
538.86,0,0
539.31,0,0
540.17,0,0
540.38,0,0
540.38,0,0
533.52,0,0
516.41,0,0
495.66,0,0
471.44,0,0
436.84,0,0
388.58,1,1
363.17,1,1
368.16,1,1
369.2,1,1
363.3,1,1
358.58,1,1
356.25,1,1
350.89,1,1
337.67,1,1
340.31,1,1
360.05,1,1
394.98,1,1
422.13,1,1
420.52,1,1
374.67,1,1
296.65,1,1
228.36,1,1
223.1,1,1
279.38,1,1
325.27,1,1
362.07,1,1
387.92,1,1
404.44,1,1
429.18,1,1
447.61,0,0
454.41,0,0
460.12,0,0
464.43,0,0
468.73,0,0
470.88,0,0
472.01,0,0
474.42,0,0
479.18,0,0
490.28,0,0
502.57,0,0
507.5,0,0
507.85,0,0
508.19,0,0
508.52,0,0
512.96,0,0
521.64,0,0
527.9,0,0
533.51,0,0
537.73,0,0
538.81,0,0
539.91,0,0
540.38,0,0
540.38,0,0
540.38,0,0
540.38,0,0
540.38,0,0
540.38,0,0
540.38,0,0
540.38,0,0
540.38,0,0
540.38,0,0
540.38,0,0
540.38,0,0
540.36,0,0
540.02,0,0
540.24,0,0
540.38,0,0
540.38,0,0
540.38,0,0
540.11,0,0
539.61,0,0
539.1,0,0
539.09,0,0
539.59,0,0
540.1,0,0
540.38,0,0
540.38,0,0
540.38,0,0
540.38,0,0
540.38,0,0
540.38,0,0
540.38,0,0
540.38,0,0
540.38,0,0
540.38,0,0
540.38,0,0
540.38,0,0
540.38,0,0
540.38,0,0
540.38,0,0
540.38,0,0
540.38,0,0
540.38,0,0
540.38,0,0
540.38,0,0
540.38,0,0
535.38,0,0
523.88,0,0
510.87,0,0
496.73,0,0
476.67,0,0
450.92,0,0
425.31,0,0
399.11,1,1
364.62,1,1
321.7,1,1
300.27,1,1
302.42,1,1
296.91,1,1
283.02,1,1
282.8,1,1
298.54,1,1
308.56,1,1
312.59,1,1
328.85,1,1
357.21,1,1
389.46,1,1
425.59,0,0
433.42,0,0
412.79,1,1
398.28,1,1
390.46,1,1
388.95,1,1
393.39,1,1
395.89,1,1
397.01,1,1
405.19,1,1
419.98,1,1
424.67,0,1
422.15,1,1
451.91,0,0
503.54,0,0
527.71,0,0
533.03,0,0
536.78,0,0
538.95,0,0
540.36,0,0
540.38,0,0
540.38,0,0
540.38,0,0
540.38,0,0
540.38,0,0
540.38,0,0
540.38,0,0
540.38,0,0
540.38,0,0
540.38,0,0
540.38,0,0
540.38,0,0
540.38,0,0
540.38,0,0
540.38,0,0
540.38,0,0
540.38,0,0
540.38,0,0
539.53,0,0
539.36,0,0
540.03,0,0
540.38,0,0
540.38,0,0
540.38,0,0
540.38,0,0
540.38,0,0
540.38,0,0
540.38,0,0
540.11,0,0
538.6,0,0
537.08,0,0
532.15,0,0
525.98,0,0
519.66,0,0
510.61,0,0
509.42,0,0
517.0,0,0
522.1,0,0
527.07,0,0
523.38,0,0
507.62,0,0
488.04,0,0
462.18,1,1
453.45,1,1
463.56,1,1
473.36,0,0
483.16,0,0
481.49,0,0
468.12,1,1
454.93,1,1
438.33,1,1
424.45,1,1
420.43,1,1
416.47,1,1
412.56,1,1
434.86,1,1
467.53,1,1
492.39,0,0
513.24,0,0
523.96,0,0
504.54,0,0
508.11,0,0
511.62,0,0
505.79,0,0
491.12,0,0
481.09,0,0
475.57,0,0
469.8,0,0
463.67,1,1
458.08,1,1
452.79,1,1
417.4,1,1
352.38,1,1
340.95,1,1
382.49,1,1
408.23,1,1
418.0,1,1
433.92,1,1
455.17,1,1
470.76,0,0
481.28,0,0
483.62,0,0
476.94,0,0
470.74,0,0
465.04,1,0
470.56,0,0
487.54,0,0
503.7,0,0
518.66,0,0
526.21,0,0
526.8,0,0
527.59,0,0
528.61,0,0
530.98,0,0
534.61,0,0
532.98,0,0
526.25,0,0
517.44,0,0
506.85,0,0
506.65,0,0
517.17,0,0
525.95,0,0
532.76,0,0
536.65,0,0
537.34,0,0
537.53,0,0
537.72,0,0
538.07,0,0
538.6,0,0
539.13,0,0
539.66,0,0
539.77,0,0
539.43,0,0
539.1,0,0
538.77,0,0
538.76,0,0
539.08,0,0
539.41,0,0
539.74,0,0
540.3,0,0
540.38,0,0
540.38,0,0
540.38,0,0
540.38,0,0
540.38,0,0
540.38,0,0
540.38,0,0
540.38,0,0
540.38,0,0
540.38,0,0
540.38,0,0
540.38,0,0
540.38,0,0
540.38,0,0
540.38,0,0
540.38,0,0
540.38,0,0
540.38,0,0
540.38,0,0
540.38,0,0
540.38,0,0
540.38,0,0
540.38,0,0
540.38,0,0
540.38,0,0
540.38,0,0
540.38,0,0
540.38,0,0
540.38,0,0
540.38,0,0
540.38,0,0
530.88,0,0
506.15,0,0
474.7,0,0
436.34,0,0
402.65,0,0
375.22,0,0
352.31,1,1
337.88,1,1
319.43,1,1
296.0,1,1
281.68,1,1
278.94,1,1
274.24,1,1
264.84,1,1
253.67,1,1
240.67,1,1
235.06,1,1
236.02,1,1
244.95,1,1
258.6,1,1
267.5,1,1
270.73,1,1
280.03,1,1
295.76,1,1
311.63,1,1
328.67,1,1
336.66,1,1
337.71,1,1
341.08,1,1
346.7,1,1
359.11,0,0
375.99,0,0
388.36,0,0
397.54,0,0
420.88,0,0
453.92,0,0
477.74,0,0
493.77,0,0
512.9,0,0
531.71,0,0
538.2,0,0
535.41,0,0
529.71,0,0
523.94,0,0
523.41,0,0
528.11,0,0
532.88,0,0
537.43,0,0
537.66,0,0
536.43,0,0
533.93,0,0
531.41,0,0
530.38,0,0
530.82,0,0
531.29,0,0
531.77,0,0
530.47,0,0
527.35,0,0
524.19,0,0
520.64,0,0
518.09,0,0
517.95,0,0
517.74,0,0
517.59,0,0
518.48,0,0
520.54,0,0
521.77,0,0
523.0,0,0
522.76,0,0
521.0,0,0
519.17,0,0
516.36,0,0
507.39,0,0
492.05,0,0
471.35,0,0
449.35,1,1
445.98,1,1
465.34,0,0
483.36,0,0
498.1,0,0
496.79,0,0
478.39,0,0
456.2,1,1
424.66,1,1
414.71,1,1
434.55,1,1
450.64,1,1
461.61,0,0
470.1,0,0
476.03,0,0
482.09,0,0
487.84,0,0
497.27,0,0
511.0,0,0
522.29,0,0
530.95,0,0
531.42,0,0
519.45,0,0
510.38,0,0
507.09,0,0
506.02,0,0
504.66,0,0
498.88,0,0
481.54,0,0
457.71,1,1
436.52,1,1
421.97,1,1
411.6,1,1
395.83,1,1
375.26,1,1
373.74,1,1
392.15,1,1
407.18,1,1
418.41,1,1
431.31,1,1
445.54,1,1
463.94,0,0
460.99,0,0
461.5,0,0
454.68,1,1
440.63,1,1
419.21,1,1
421.43,1,1
446.56,1,1
470.1,0,0
484.18,0,0
489.22,0,0
492.73,0,0
494.27,0,0
493.21,0,0
490.76,0,0
489.49,0,0
494.9,0,0
499.68,0,0
497.66,0,0
496.12,0,0
498.3,0,0
503.5,0,0
507.7,0,0
512.02,0,0
513.34,0,0
511.7,0,0
510.13,0,0
508.46,0,0
512.8,0,0
523.04,0,0
529.81,0,0
536.64,0,0
537.87,0,0
537.85,0,0
537.85,0,0
537.83,0,0
537.93,0,0
538.13,0,0
538.34,0,0
538.55,0,0
538.17,0,0
537.19,0,0
532.57,0,0
527.83,0,0
523.4,0,0
518.29,0,0
511.73,0,0
504.88,0,0
502.93,0,0
506.54,0,0
510.04,0,0
513.56,0,0
517.94,0,0
521.72,0,0
525.11,0,0
528.53,0,0
526.01,0,0
516.82,0,0
503.15,0,0
489.28,0,0
485.27,1,0
493.8,0,0
501.62,0,0
509.45,0,0
509.45,0,0
501.62,0,0
493.79,0,0
485.06,1,1
476.59,1,1
470.43,1,1
464.36,1,1
458.66,1,1
459.23,1,1
466.2,1,1
473.07,1,1
479.85,1,1
487.17,0,0
494.03,0,0
499.26,0,0
504.81,0,0
504.6,0,0
498.89,0,0
493.19,0,0
487.53,0,0
482.61,1,1
478.14,1,1
477.63,1,1
480.97,1,1
480.39,1,1
475.2,1,1
468.45,1,1
460.19,1,1
458.63,1,1
464.0,1,1
468.42,1,1
471.89,1,1
478.2,1,1
483.77,1,1
493.48,0,0
504.98,0,0
514.26,0,0
521.12,0,0
523.96,0,0
525.77,0,0
527.18,0,0
528.98,0,0
529.69,0,0
529.35,0,0
528.9,0,0
528.39,0,0
529.39,0,0
531.92,0,0
534.02,0,0
535.64,0,0
537.46,0,0
539.45,0,0
540.38,0,0
540.38,0,0
540.38,0,0
540.38,0,0
540.38,0,0
540.38,0,0
540.38,0,0
540.38,0,0
540.38,0,0
540.38,0,0
540.38,0,0
540.38,0,0
540.38,0,0
540.38,0,0
540.15,0,0
538.88,0,0
537.92,0,0
537.28,0,0
534.48,0,0
531.37,0,0
528.51,0,0
525.86,0,0
523.17,0,0
519.9,0,0
515.11,0,0
509.49,0,0
503.75,0,0
497.78,0,0
494.4,0,0
494.1,0,0
493.79,0,0
493.48,0,0
494.83,0,0
498.07,0,0
501.24,0,0
504.5,0,0
500.75,0,0
489.6,0,0
474.83,0,0
459.49,0,0
451.74,0,0
451.75,0,0
452.08,0,0
452.42,0,0
464.82,0,0
489.16,0,0
506.81,0,0
522.11,0,0
527.2,0,0
526.18,0,0
525.19,0,0
524.29,0,0
523.82,0,0
523.88,0,0
523.94,0,0
524.05,0,0
521.04,0,0
514.72,0,0
508.29,0,0
500.75,0,0
494.97,0,0
491.1,0,0
482.36,0,0
468.58,0,0
456.87,0,0
446.97,0,0
444.95,0,0
450.7,0,0
452.04,0,0
449.1,0,0
448.03,0,0
448.23,0,0
442.62,0,0
428.95,0,0
420.53,0,0
416.32,0,0
416.73,0,0
429.03,0,0
429.65,0,0
418.7,0,0
398.9,0,0
370.13,1,1
348.9,1,1
329.88,1,1
313.1,1,1
297.42,1,1
282.95,1,1
264.89,1,1
260.96,1,1
271.46,1,1
282.56,1,1
295.09,1,1
300.37,1,1
299.31,1,1
301.18,1,1
303.44,1,1
299.73,1,1
289.16,1,1
278.77,1,1
269.32,1,1
285.41,1,1
328.46,1,1
366.13,1,1
401.77,0,0
411.58,0,0
395.4,0,0
378.57,0,0
361.95,1,1
361.41,1,1
376.61,0,0
391.49,0,0
406.93,0,0
423.65,0,0
443.79,0,0
464.3,0,0
476.52,0,0
482.13,0,0
481.58,0,0
481.21,0,0
480.84,0,0
490.25,0,0
506.16,0,0
520.71,0,0
530.47,0,0
531.45,0,0
523.29,0,0
512.61,0,0
499.48,0,0
495.49,0,0
500.47,0,0
505.72,0,0
510.97,0,0
515.02,0,0
517.65,0,0
519.38,0,0
521.06,0,0
520.99,0,0
519.05,0,0
517.11,0,0
514.12,0,0
504.69,0,0
489.03,0,0
468.33,1,1
446.71,1,1
448.06,1,1
471.11,1,1
492.05,0,0
507.6,0,0
516.59,0,0
519.36,0,0
521.24,0,0
523.03,0,0
520.69,0,0
513.92,0,0
505.48,0,0
496.96,0,0
494.49,0,0
497.71,0,0
501.75,0,0
508.67,0,0
516.47,0,0
524.93,0,0
518.26,0,0
496.58,0,0
472.8,1,1
446.83,1,1
432.01,1,1
427.16,1,1
419.9,1,1
411.26,1,1
415.74,1,1
433.17,1,1
449.53,1,1
460.38,1,1
463.86,1,1
463.95,1,1
463.22,1,1
462.19,1,1
465.43,1,1
473.0,1,1
480.24,1,1
487.37,1,1
495.48,0,0
504.91,0,0
513.43,0,0
520.84,0,0
524.66,0,0
525.1,0,0
528.49,0,0
531.23,0,0
530.83,0,0
530.41,0,0
530.52,0,0
531.12,0,0
531.73,0,0
532.32,0,0
532.36,0,0
531.86,0,0
531.36,0,0
530.86,0,0
527.5,0,0
520.16,0,0
510.28,0,0
500.17,0,0
494.33,0,0
496.27,0,0
498.1,0,0
499.93,0,0
498.76,0,0
493.98,0,0
489.23,0,0
484.22,1,1
484.8,1,1
491.1,0,0
497.21,0,0
501.88,0,0
508.82,0,0
518.4,0,0
525.35,0,0
531.94,0,0
534.76,0,0
533.58,0,0
532.38,0,0
531.19,0,0
529.64,0,0
527.72,0,0
525.76,0,0
523.69,0,0
519.14,0,0
508.94,0,0
497.84,0,0
486.19,0,0
483.71,0,0
492.46,0,0
500.34,0,0
508.3,0,0
509.3,0,0
503.2,0,0
497.08,0,0
490.97,0,0
490.13,0,0
494.68,0,0
498.98,0,0
503.23,0,0
510.35,0,0
519.48,0,0
525.86,0,0
532.1,0,0
526.32,0,0
507.08,0,0
487.92,0,0
471.62,1,1
471.78,1,1
485.93,0,0
484.78,0,0
469.46,1,1
425.16,1,1
347.07,1,1
332.78,1,1
387.36,1,1
427.27,1,1
449.06,1,1
457.59,1,1
452.95,1,1
447.96,1,1
446.13,1,1
441.38,1,1
433.2,1,1
415.78,1,1
389.17,1,1
403.3,1,1
457.48,1,1
493.08,0,0
511.72,0,0
515.29,0,0
503.37,0,0
491.18,0,0
479.65,0,0
475.38,1,0
478.21,0,0
471.73,1,1
456.03,1,1
458.46,1,1
475.3,1,1
488.45,0,0
500.7,0,0
510.12,0,0
517.02,0,0
521.39,0,0
523.49,0,0
524.8,0,0
526.13,0,0
525.61,0,0
523.18,0,0
519.35,0,0
515.53,0,0
518.02,0,0
525.44,0,0
531.22,0,0
537.11,0,0
538.0,0,0
538.31,0,0
538.62,0,0
538.93,0,0
539.77,0,0
540.38,0,0
540.38,0,0
540.38,0,0
540.38,0,0
540.38,0,0
540.38,0,0
540.38,0,0
540.38,0,0
540.38,0,0
540.38,0,0
540.38,0,0
