0.0,0,0
0.0,0,0
0.0,0,0
0.0,0,0
0.00547,0,0
0.00838,0,0
0.00466,0,0
0.00079,0,0
0.0,0,0
0.0,0,0
0.0,0,0
0.0,0,0
0.0,0,0
0.0,0,0
0.0,0,0
0.0,0,0
0.0,0,0
0.00014,0,0
0.00014,0,0
0.00014,0,0
0.00014,0,0
0.00113,0,0
0.00308,0,0
0.00494,0,0
0.00675,0,0
0.00605,0,0
0.00291,0,0
0.0,0,0
0.0,0,0
0.00485,0,0
0.01775,0,0
0.03316,0,0
0.04864,0,0
0.06678,0,0
0.08761,0,0
0.08812,0,0
0.0695,0,0
0.05819,0,0
0.07039,0,0
0.11321,0,0
0.18381,1,1
0.21032,1,1
0.18781,1,1
0.16642,1,1
0.15261,1,1
0.15564,1,1
0.17133,1,1
0.15924,1,1
0.12049,1,1
0.0846,0,0
0.07453,0,0
0.08605,0,0
0.10493,0,0
0.12279,1,1
0.13093,1,1
0.1437,1,1
0.1606,1,1
0.16705,1,1
0.16231,1,1
0.14324,1,1
0.11549,0,0
0.11017,0,0
0.1427,1,1
0.18526,1,1
0.24199,1,1
0.25157,1,1
0.2071,1,1
0.16781,1,1
0.12471,1,1
0.10668,0,0
0.1124,0,0
0.11825,0,0
0.12366,1,0
0.11417,0,0
0.08951,0,0
0.07124,0,0
0.05533,0,0
0.04741,0,0
0.04765,0,0
0.04789,0,0
0.04813,0,0
0.05086,0,0
0.056,0,0
0.06106,0,0
0.06634,0,0
0.05853,0,0
0.03704,0,0
0.0155,0,0
0.01095,0,0
0.00706,0,0
0.0039,0,0
0.00066,0,0
0.0,0,0
0.0,0,0
0.0,0,0
0.0,0,0
0.0,0,0
0.0,0,0
0.0,0,0
0.0,0,0
0.0,0,0
0.0,0,0
0.00758,0,0
0.01616,0,0
0.04452,0,0
0.08307,0,0
0.121,0,0
0.17809,1,1
0.23558,1,1
0.25533,1,1
0.23565,1,1
0.21659,1,1
0.19654,1,1
0.20518,1,1
0.2411,1,1
0.2778,1,1
0.32794,1,1
0.32686,1,1
0.27411,1,1
0.23553,1,1
0.19776,1,1
0.18829,1,1
0.20628,1,1
0.22392,1,1
0.24122,1,1
0.21969,1,1
0.1613,0,0
0.12449,0,0
0.09624,0,0
0.08919,0,0
0.07675,0,0
0.07904,0,0
0.09348,0,0
0.10099,0,0
0.10242,0,0
0.10055,0,0
0.09551,0,0
0.09018,0,0
0.08481,0,0
0.0939,0,0
0.11687,0,0
0.13173,0,0
0.14063,0,0
0.14609,0,0
0.14129,0,0
0.14539,0,0
0.15824,0,0
0.17621,1,1
0.184,1,1
0.1937,1,1
0.20501,1,1
0.19743,1,1
0.17446,0,0
0.11904,0,0
0.07106,0,0
0.05287,0,0
0.04549,0,0
0.06012,0,0
0.08532,0,0
0.09561,0,0
0.09137,0,0
0.07804,0,0
0.05605,0,0
0.03889,0,0
0.02567,0,0
0.02341,0,0
0.03062,0,0
0.03783,0,0
0.04524,0,0
0.03713,0,0
0.01463,0,0
0.00967,0,0
0.00465,0,0
0.00087,0,0
0.0,0,0
0.0,0,0
0.0,0,0
0.0,0,0
0.0,0,0
0.0,0,0
0.0,0,0
0.0,0,0
0.0,0,0
0.0,0,0
0.0,0,0
0.0,0,0
0.0,0,0
0.0,0,0
0.0,0,0
0.0,0,0
0.0,0,0
0.0,0,0
0.0,0,0
0.0,0,0
0.0,0,0
0.0,0,0
0.0,0,0
0.0,0,0
0.0,0,0
0.0,0,0
0.0,0,0
0.0,0,0
0.0,0,0
0.0,0,0
0.0,0,0
0.0,0,0
0.0,0,0
0.0,0,0
0.0,0,0
0.0,0,0
0.0,0,0
0.0,0,0
0.0,0,0
0.0,0,0
0.0,0,0
0.0,0,0
0.0,0,0
0.0,0,0
0.0,0,0
0.0,0,0
0.0,0,0
0.0025,0,0
0.00774,0,0
0.01297,0,0
0.01817,0,0
0.03417,0,0
0.06049,0,0
0.06676,0,0
0.05468,0,0
0.04042,0,0
0.02425,0,0
0.03695,0,0
0.07817,0,0
0.11947,0,0
0.16057,1,1
0.17052,1,1
0.15041,1,1
0.14047,1,1
0.1362,0,0
0.13197,0,0
0.12712,0,0
0.12699,0,0
0.13149,0,0
0.12415,0,0
0.10459,0,0
0.08154,0,0
0.05491,0,0
0.04755,0,0
0.05969,0,0
0.07056,0,0
0.08158,0,0
0.07917,0,0
0.06219,0,0
0.04759,0,0
0.03546,0,0
0.0278,0,0
0.02461,0,0
0.02375,0,0
0.02523,0,0
0.03078,0,0
0.05414,0,0
0.08529,0,0
0.14345,1,1
0.20578,1,1
0.28684,1,1
0.32433,1,1
0.3159,1,1
0.30737,1,1
0.29876,1,1
0.26759,1,1
0.21195,1,1
0.16874,1,1
0.12768,0,0
0.10705,0,0
0.10763,0,0
0.10822,0,0
0.10852,0,0
0.11702,0,0
0.13321,0,0
0.1499,1,1
0.16633,1,1
0.17128,1,1
0.16461,1,1
0.15782,1,1
0.1505,1,1
0.14934,1,1
0.15376,1,1
0.15844,1,1
0.16342,1,1
0.16197,0,0
0.15326,0,0
0.14448,0,0
0.13562,0,0
0.13145,0,0
0.13289,0,0
0.13435,0,0
0.13585,0,0
0.14733,0,0
0.16913,0,0
0.19078,0,0
0.2135,0,0
0.23851,0,0
0.26558,0,0
0.29763,0,0
0.33472,0,0
0.38873,0,0
0.46079,0,0
0.56558,0,0
0.69604,0,0
0.67501,0,0
0.50377,0,0
0.4011,0,0
0.30765,0,0
0.2302,0,0
0.16241,0,0
0.1035,0,0
0.06102,0,0
0.08703,0,0
0.22055,0,0
0.40246,0,0
0.6289,0,0
0.79073,0,0
0.85507,1,1
0.89027,1,1
0.87924,1,1
0.85693,1,1
0.82242,1,1
0.80458,1,1
0.80275,1,1
0.77265,0,0
0.71017,0,0
0.72768,0,0
0.83541,1,1
0.91891,1,1
0.98155,1,1
1.02646,1,1
1.05194,1,1
1.096,1,1
1.15493,1,1
1.17757,1,1
1.16177,1,1
1.1592,1,1
1.16232,1,1
1.12223,1,1
1.03618,1,1
0.95489,1,1
0.87927,1,1
0.83353,1,1
0.80927,1,1
0.78667,0,0
0.76377,0,0
0.66867,0,0
0.51949,0,0
0.42214,0,0
0.36018,0,0
0.21804,0,0
0.0548,0,0
0.0,0,0
0.0,0,0
0.00239,0,0
0.00493,0,0
0.00624,0,0
0.00626,0,0
0.00628,0,0
0.0063,0,0
0.00765,0,0
0.01034,0,0
0.01308,0,0
0.01586,0,0
0.01515,0,0
0.01092,0,0
0.00663,0,0
0.00229,0,0
0.00176,0,0
0.00507,0,0
0.00842,0,0
0.01178,0,0
0.01297,0,0
0.01196,0,0
0.01093,0,0
0.00988,0,0
0.00918,0,0
0.00884,0,0
0.00849,0,0
0.0081,0,0
0.01278,0,0
0.03449,0,0
0.08148,0,0
0.13741,0,0
0.19247,0,0
0.2292,0,0
0.26672,1,1
0.31801,1,1
0.32023,1,1
0.27421,1,1
0.23975,0,0
0.20554,0,0
0.16938,0,0
0.13295,0,0
0.10594,0,0
0.08209,0,0
0.09437,0,0
0.15211,0,0
0.22656,0,0
0.30788,1,1
0.33219,1,1
0.27955,1,1
0.24019,0,0
0.20235,0,0
0.20099,0,0
0.23456,0,0
0.26749,1,1
0.31256,1,1
0.2979,1,1
0.24024,0,0
0.19113,0,0
0.1459,0,0
0.17717,0,0
0.26463,1,1
0.27955,1,1
0.227,0,0
0.1888,0,0
0.16374,0,0
0.16757,0,0
0.19962,0,0
0.22333,0,0
0.23843,0,0
0.25803,0,0
0.2833,1,1
0.31332,1,1
0.34811,1,1
0.3782,1,1
0.40361,1,1
0.53699,1,1
0.77623,1,1
0.78574,1,1
0.57223,1,1
0.38908,1,1
0.29452,1,1
0.26669,1,1
0.24684,0,0
0.21657,0,0
0.16852,0,0
0.15323,0,0
0.16866,0,0
0.18908,0,0
0.2148,0,0
0.19714,0,0
0.13902,0,0
0.09044,0,0
0.06069,0,0
0.05427,0,0
0.065,0,0
0.08173,0,0
0.11276,0,0
0.14806,0,0
0.18358,0,0
0.20225,0,0
0.2034,0,0
0.20457,0,0
0.20574,0,0
0.17887,0,0
0.12412,0,0
0.07759,0,0
0.04134,0,0
0.03891,0,0
0.07098,0,0
0.10696,0,0
0.15714,0,0
0.18279,0,0
0.18337,0,0
0.18449,0,0
0.18508,0,0
0.17767,0,0
0.16158,0,0
0.14528,0,0
0.12879,0,0
0.12633,0,0
0.13808,0,0
0.15034,0,0
0.16316,0,0
0.20115,0,0
0.26865,0,0
0.35662,0,0
0.44584,0,0
0.53952,0,0
0.58425,0,0
0.63239,1,1
0.68224,1,1
0.68977,1,1
0.65804,1,1
0.6256,1,1
0.59027,0,0
0.55913,0,0
0.53256,0,0
0.50642,0,0
0.4901,0,0
0.47388,0,0
0.45614,0,0
0.43863,0,0
0.42135,0,0
0.4015,0,0
0.37958,0,0
0.35852,0,0
0.33827,0,0
0.33517,0,0
0.34641,0,0
0.35865,0,0
0.37084,0,0
0.37896,0,0
0.38425,0,0
0.39001,0,0
0.39599,0,0
0.40296,0,0
0.41337,0,0
0.42931,0,0
0.45182,0,0
0.47868,0,0
0.50684,0,0
0.47551,0,0
0.39973,0,0
0.34968,0,0
0.40661,0,0
0.43087,0,0
0.49405,0,0
0.57609,0,0
0.67994,1,1
0.77844,1,1
0.86197,1,1
0.98713,1,1
1.15779,1,1
1.19543,1,1
1.09762,1,1
1.01221,1,1
0.96888,1,1
1.01082,1,1
1.13093,1,1
1.20098,1,1
1.22587,1,1
1.27737,1,1
1.35544,1,1
1.37969,1,1
1.34968,1,1
1.14591,1,1
0.8257,1,1
0.57191,0,0
0.35471,0,0
0.21308,0,0
0.11031,0,0
0.05562,0,0
0.02258,0,0
0.01017,0,0
0.00343,0,0
0.00036,0,0
0.00087,0,0
0.00138,0,0
0.00189,0,0
0.00062,0,0
0.0,0,0
0.0,0,0
0.0,0,0
0.0,0,0
0.0,0,0
0.0,0,0
0.0,0,0
0.0,0,0
0.0,0,0
0.0,0,0
0.0,0,0
0.0,0,0
0.0,0,0
0.0,0,0
0.0,0,0
0.0,0,0
0.0,0,0
0.0,0,0
0.0,0,0
0.0,0,0
0.0,0,0
0.0,0,0
0.0,0,0
0.0,0,0
0.0,0,0
0.0,0,0
0.0,0,0
0.0,0,0
0.0,0,0
0.0,0,0
0.0,0,0
0.0,0,0
0.0,0,0
0.0,0,0
0.0,0,0
0.0,0,0
0.0,0,0
0.0,0,0
0.0,0,0
0.0,0,0
0.0,0,0
0.0,0,0
0.0,0,0
0.0,0,0
0.0,0,0
0.0,0,0
0.0,0,0
0.01337,0,0
0.04146,0,0
0.07003,0,0
0.09872,0,0
0.11927,0,0
0.13177,0,0
0.16903,0,0
0.23037,0,0
0.32348,1,1
0.45164,1,1
0.56087,1,1
0.65351,1,1
0.71221,1,1
0.73316,1,1
0.72431,1,1
0.68229,1,1
0.65636,1,1
0.64534,1,1
0.59978,1,1
0.51785,1,1
0.40746,1,1
0.31483,0,0
0.31047,0,0
0.38582,1,1
0.4882,1,1
0.58172,1,1
0.58298,1,1
0.49349,1,1
0.39955,1,1
0.33319,1,1
0.3077,0,1
0.38033,1,1
0.535,1,1
0.66846,1,1
0.5552,1,1
0.25833,0,0
0.10505,0,0
0.05562,0,0
0.02338,0,0
0.00737,0,0
0.0,0,0
0.0,0,0
0.0,0,0
0.0,0,0
0.0,0,0
0.0,0,0
0.0,0,0
0.0011,0,0
0.00337,0,0
0.00592,0,0
0.0085,0,0
0.01113,0,0
0.01174,0,0
0.01025,0,0
0.00873,0,0
0.00723,0,0
0.00729,0,0
0.00898,0,0
0.01071,0,0
0.01248,0,0
0.0129,0,0
0.01189,0,0
0.01087,0,0
0.00985,0,0
0.00942,0,0
0.00967,0,0
0.00994,0,0
0.01019,0,0
0.0094,0,0
0.00751,0,0
0.00562,0,0
0.0037,0,0
0.00341,0,0
0.00476,0,0
0.00617,0,0
0.00759,0,0
0.00869,0,0
0.00948,0,0
0.01028,0,0
0.01106,0,0
0.00901,0,0
0.00406,0,0
0.0,0,0
0.0,0,0
0.0,0,0
0.0,0,0
0.0,0,0
0.0,0,0
0.0,0,0
0.0,0,0
0.0,0,0
0.0,0,0
0.0,0,0
0.0,0,0
0.0,0,0
0.0,0,0
0.00668,0,0
0.02072,0,0
0.03473,0,0
0.04856,0,0
0.0662,0,0
0.08723,0,0
0.11468,0,0
0.14867,0,0
0.19162,0,0
0.24393,1,1
0.24852,1,1
0.20764,1,1
0.17911,0,0
0.16213,0,0
0.14868,0,0
0.14175,0,0
0.12855,0,0
0.10867,0,0
0.11027,0,0
0.13275,0,0
0.15954,0,0
0.1827,0,0
0.22579,1,1
0.29835,1,1
0.39099,1,1
0.50054,1,1
0.55639,1,1
0.54339,1,1
0.48751,1,1
0.38858,1,1
0.31505,1,1
0.2803,1,1
0.23379,1,1
0.1909,0,0
0.14027,0,0
0.09528,0,0
0.06839,0,0
0.05387,0,0
0.06671,0,0
0.08577,0,0
0.10553,0,0
0.11378,0,0
0.12216,0,0
0.13067,0,0
0.12569,0,0
0.10729,0,0
0.08859,0,0
0.07653,0,0
0.06581,0,0
0.05636,0,0
0.04676,0,0
0.03699,0,0
0.03474,0,0
0.03998,0,0
0.04538,0,0
0.0507,0,0
0.07443,0,0
0.12873,0,0
0.19501,1,1
0.27718,1,1
0.32488,1,1
0.32681,1,1
0.32967,1,1
0.33259,1,1
0.36205,1,1
0.4233,1,1
0.52509,1,1
0.63266,1,1
0.63125,0,0
0.51392,0,0
0.42084,0,0
0.35684,0,0
0.34617,0,0
0.38987,0,0
0.43449,0,0
0.48898,0,0
0.53165,0,0
0.53741,0,0
0.54145,0,0
0.54742,0,0
0.52575,0,0
0.48573,0,0
0.46046,0,0
0.43326,0,0
0.40073,0,0
0.3632,0,0
0.32588,0,0
0.28876,0,0
0.25605,0,0
0.22307,0,0
0.1905,0,0
0.15779,0,0
0.16454,0,0
0.20803,0,0
0.25127,0,0
0.30471,0,0
0.37236,0,0
0.47073,0,0
0.54053,0,0
0.54859,0,0
0.47796,0,0
0.37266,0,0
0.33167,0,0
0.43999,0,0
0.66354,0,0
0.86397,1,1
1.02887,1,1
1.15254,1,1
1.31735,1,1
1.52748,1,1
1.58717,1,1
1.48951,1,1
1.3966,1,1
1.3228,1,1
1.32843,1,1
1.41374,1,1
1.47099,1,1
1.50366,1,1
1.45267,1,1
1.32168,1,1
1.22102,1,1
1.15647,1,1
1.08329,1,1
1.00021,1,1
0.92671,1,1
0.85938,1,1
0.80001,1,1
0.74307,1,1
0.68459,1,1
0.62292,0,0
0.53616,0,0
0.42968,0,0
0.36007,0,0
0.31811,0,0
0.20828,0,0
0.07032,0,0
0.03653,0,0
0.06974,0,0
0.11313,0,0
0.16577,0,0
0.20357,0,0
0.23037,0,0
0.25746,0,0
0.28485,0,0
0.29428,0,0
0.28616,0,0
0.27791,0,0
0.26882,0,0
0.25694,0,0
0.24224,0,0
0.22677,0,0
0.21175,0,0
0.2024,0,0
0.19606,0,0
0.1891,0,0
0.18206,0,0
0.16512,0,0
0.13712,0,0
0.10908,0,0
0.08672,0,0
0.08275,0,0
0.09344,0,0
0.10442,0,0
0.12114,0,0
0.12309,0,0
0.10948,0,0
0.10041,0,0
0.09162,0,0
0.10604,0,0
0.16282,0,0
0.22391,0,0
0.29394,0,0
0.29698,0,0
0.23093,0,0
0.17138,0,0
0.11391,0,0
0.08652,0,0
0.06996,0,0
0.05356,0,0
0.03692,0,0
0.0336,0,0
0.04362,0,0
0.05364,0,0
0.06368,0,0
0.07679,0,0
0.09282,0,0
0.10828,0,0
0.12732,0,0
0.13155,0,0
0.11549,0,0
0.10523,0,0
0.0951,0,0
0.0901,0,0
0.09161,0,0
0.09316,0,0
0.09517,0,0
0.10174,0,0
0.11268,0,0
0.16494,0,0
0.25728,0,0
0.49965,0,0
0.92378,0,0
1.0452,0,0
0.83081,0,0
0.74033,0,0
0.76432,0,0
0.83734,0,0
0.90868,0,0
0.86957,0,0
0.72594,0,0
0.64872,0,0
0.63609,0,0
0.71785,0,0
0.89211,0,0
1.02171,0,0
1.10191,0,0
1.20888,0,0
1.32125,0,0
1.42048,0,0
1.51959,1,1
1.64807,1,1
1.81918,1,1
2.01508,1,1
2.2782,1,1
2.43478,1,1
2.41815,1,1
2.32116,1,1
2.15985,1,1
1.98232,1,1
1.75967,1,1
1.4659,1,1
1.1439,0,0
1.29597,0,0
1.86441,1,1
2.3785,1,1
2.8133,1,1
2.93885,1,1
2.8463,1,1
2.74526,1,1
2.59346,1,1
2.44355,1,1
2.29444,1,1
2.14612,1,1
1.98875,1,1
1.75176,1,1
1.44373,0,0
1.11825,0,0
0.83984,0,0
0.60759,0,0
0.43256,0,0
0.31072,0,0
0.21341,0,0
0.17384,0,0
0.16711,0,0
0.15981,0,0
0.15243,0,0
0.16613,0,0
0.20165,0,0
0.23935,0,0
0.29222,0,0
0.30339,0,0
0.27106,0,0
0.24294,0,0
0.21922,0,0
0.2087,0,0
0.21145,0,0
0.21358,0,0
0.21645,0,0
0.2312,0,0
0.25804,0,0
0.29186,0,0
0.32902,0,0
0.32427,0,0
0.27482,0,0
0.23944,0,0
0.20383,0,0
0.19605,0,0
0.21694,0,0
0.23784,0,0
0.25785,0,0
0.29642,0,0
0.35654,0,0
0.41688,0,0
0.47709,0,0
0.51579,0,0
0.48786,0,0
0.46086,0,0
0.44455,0,0
0.42251,0,0
0.39795,0,0
0.37335,0,0
0.35083,0,0
0.48125,0,0
0.77318,0,0
0.99986,1,1
1.09115,1,1
1.10536,1,1
1.01858,1,1
0.97742,1,1
0.96574,1,1
0.93002,1,1
0.89445,1,1
0.83818,0,0
0.76178,0,0
0.66912,0,0
0.7314,0,0
0.69849,0,0
0.6895,0,0
0.77218,0,0
0.94205,1,1
0.9712,1,1
0.86332,0,0
0.72943,0,0
0.59022,0,0
0.50717,0,0
0.48106,0,0
0.49405,0,0
0.55775,0,0
0.67358,0,0
0.85355,0,0
1.01434,1,1
1.06088,1,1
1.02224,1,1
0.92808,1,1
0.87085,0,0
0.84008,0,0
0.82577,0,0
0.81671,0,0
0.92677,1,1
1.1776,1,1
1.45184,1,1
1.71755,1,1
1.75783,1,1
1.56675,1,1
1.36652,1,1
1.16515,1,1
1.01749,1,1
0.93159,1,1
0.84194,0,0
0.75321,0,0
0.68181,0,0
0.64327,0,0
0.60548,0,0
0.56897,0,0
0.55075,0,0
0.55418,0,0
0.55764,0,0
0.56115,0,0
0.54766,0,0
0.52001,0,0
0.492,0,0
0.46363,0,0
0.49338,0,0
0.58381,0,0
0.68137,0,0
0.78519,0,0
0.97212,1,1
1.21018,1,1
1.47756,1,1
1.76884,1,1
1.85376,1,1
1.72853,1,1
1.60588,1,1
1.47465,1,1
1.28375,1,1
1.04341,1,1
0.82119,1,1
0.64553,1,1
0.49022,0,0
0.41113,0,0
0.3319,0,0
0.26026,0,0
0.22681,0,0
0.21637,0,0
0.20662,0,0
0.1961,0,0
0.19026,0,0
0.18912,0,0
0.18799,0,0
0.18688,0,0
0.20336,0,0
0.23838,0,0
0.27302,0,0
0.31931,0,0
0.28874,0,0
0.21185,0,0
0.14375,0,0
0.10394,0,0
0.1104,0,0
0.17087,0,0
0.21829,0,0
0.25354,0,0
0.31671,0,0
0.4139,0,0
0.49914,0,0
0.57419,0,0
0.65027,1,1
0.72523,1,1
0.74101,1,1
0.69688,1,1
0.64411,1,1
0.58229,0,1
0.60209,1,1
0.70486,1,1
0.8289,1,1
0.97519,1,1
0.95795,1,1
0.77841,1,1
0.62463,1,1
0.49607,0,0
0.44087,0,0
0.45513,0,0
0.46344,0,0
0.46733,0,0
0.41269,0,0
0.30475,0,0
0.22519,0,0
0.17008,0,0
0.13505,0,0
0.12064,0,0
0.10807,0,0
0.09646,0,0
0.06983,0,0
0.03103,0,0
0.01458,0,0
0.02803,0,0
0.046,0,0
0.06417,0,0
0.08254,0,0
0.10505,0,0
0.13396,0,0
0.16276,0,0
0.14532,0,0
0.08599,0,0
0.044,0,0
0.01358,0,0
0.00968,0,0
0.01084,0,0
0.01201,0,0
0.01318,0,0
0.01208,0,0
0.00871,0,0
0.00529,0,0
0.00185,0,0
0.0,0,0
0.0,0,0
0.0,0,0
0.0,0,0
0.0,0,0
0.0,0,0
0.0,0,0
0.0,0,0
0.0,0,0
0.0,0,0
0.0,0,0
0.0,0,0
0.0,0,0
0.0,0,0
0.0,0,0
0.0,0,0
0.0,0,0
0.0,0,0
0.0,0,0
0.00089,0,0
0.00754,0,0
0.01635,0,0
0.03702,0,0
0.07901,0,0
0.09234,0,0
0.07788,0,0
0.06341,0,0
0.0494,0,0
0.05374,0,0
0.07584,0,0
0.0972,0,0
0.11949,0,0
0.15023,0,0
0.17909,0,0
0.20709,0,0
0.23548,0,0
0.24858,0,0
0.24933,0,0
0.25059,0,0
0.25213,0,0
0.3868,1,1
0.69501,1,1
0.77926,1,1
0.59212,1,1
0.48753,1,1
0.48578,1,1
0.50973,1,1
0.55593,1,1
0.59346,1,1
0.6187,1,1
0.62179,1,1
0.60189,1,1
0.5592,1,1
0.50549,1,1
0.48487,1,1
0.51076,1,1
0.59323,1,1
0.70225,1,1
0.66064,1,1
0.47228,1,1
0.35114,1,1
0.29194,1,1
0.26486,0,1
0.2708,1,1
0.26961,0,0
0.26996,0,0
0.24024,0,0
0.18043,0,0
0.11894,0,0
0.05799,0,0
0.02994,0,0
0.03349,0,0
0.02882,0,0
0.01649,0,0
0.00951,0,0
0.00609,0,0
0.00791,0,0
0.01049,0,0
0.01302,0,0
0.01549,0,0
0.04476,0,0
0.0931,0,0
0.16697,0,0
0.25346,0,0
0.28149,1,0
0.23486,0,0
0.19397,0,0
0.15932,0,0
0.1286,0,0
0.10113,0,0
0.08073,0,0
0.0629,0,0
0.05158,0,0
0.04671,0,0
0.04175,0,0
0.03671,0,0
0.05218,0,0
0.08851,0,0
0.13935,0,0
0.19809,0,0
0.20107,0,0
0.14618,0,0
0.09572,0,0
0.05801,0,0
0.03887,0,0
0.03927,0,0
0.03954,0,0
0.03995,0,0
0.03876,0,0
0.03617,0,0
0.03337,0,0
0.03049,0,0
0.0183,0,0
0.00915,0,0
0.0,0,0
0.0,0,0
0.0,0,0
0.0,0,0
0.0,0,0
0.0,0,0
0.0,0,0
0.0,0,0
0.0,0,0
0.0,0,0
0.0,0,0
0.0,0,0
0.0,0,0
0.0,0,0
0.0,0,0
0.0,0,0
0.0,0,0
0.0,0,0
0.02618,0,0
0.09001,0,0
0.16664,0,0
0.25573,0,0
0.36989,0,0
0.51545,0,0
0.64296,0,0
0.74978,0,0
0.8702,0,0
1.00652,1,1
1.1194,1,1
1.20895,1,1
1.31845,1,1
1.44627,1,1
1.51877,1,1
1.53412,1,1
1.5711,1,1
1.62868,1,1
1.64692,1,1
1.62522,1,1
1.6146,1,1
1.61048,1,1
1.58076,1,1
1.51869,1,1
1.46558,1,1
1.42024,1,1
1.38232,1,1
1.35697,1,1
1.32823,1,1
1.30215,1,1
1.22903,1,1
1.12072,1,1
1.02362,1,1
0.94188,0,0
0.80887,0,0
0.64078,0,0
0.53042,0,0
0.46265,0,0
0.28962,0,0
0.07452,0,0
0.0,0,0
0.0,0,0
0.0,0,0
0.0,0,0
0.0,0,0
0.0,0,0
0.0,0,0
0.0,0,0
0.0,0,0
0.0,0,0
0.0,0,0
0.00063,0,0
0.0043,0,0
0.00855,0,0
0.01287,0,0
0.02189,0,0
0.02852,0,0
0.02103,0,0
0.01585,0,0
0.01436,0,0
0.01425,0,0
0.01556,0,0
0.01686,0,0
0.02112,0,0
0.0215,0,0
0.01781,0,0
0.01706,0,0
0.01626,0,0
0.01648,0,0
0.01785,0,0
0.01917,0,0
0.02381,0,0
0.03188,0,0
0.0418,0,0
0.05192,0,0
0.06225,0,0
0.07115,0,0
0.07857,0,0
0.08585,0,0
0.09324,0,0
0.11777,0,0
0.17917,0,0
0.24411,0,0
0.31847,0,0
0.37739,0,0
0.40694,0,0
0.4365,0,0
0.46609,0,0
0.48663,0,0
0.49626,0,0
0.51688,0,0
0.53945,0,0
0.54702,0,0
0.54176,0,0
0.5384,0,0
0.53332,0,0
0.56698,0,0
0.64348,0,0
0.71685,0,0
0.78863,1,1
0.7803,1,1
0.69542,0,0
0.63521,0,0
0.60341,0,0
0.60853,0,0
0.65153,0,0
0.64452,0,0
0.5734,0,0
0.49821,0,0
0.44315,0,0
0.41808,0,0
0.40111,0,0
0.42307,0,0
0.45818,0,0
0.43379,0,0
0.35302,0,0
0.29207,0,0
0.24752,0,0
0.22529,0,0
0.22446,0,0
0.21717,0,0
0.20278,0,0
0.20282,0,0
0.21709,0,0
0.23296,0,0
0.25851,0,0
0.28481,0,0
0.29715,0,0
0.34687,0,0
0.42068,0,0
0.46832,0,0
0.48286,0,0
0.46475,0,0
0.38136,0,0
0.33402,0,0
0.30884,0,0
0.3149,0,0
0.35381,0,0
0.41824,0,0
0.48709,0,0
0.59018,0,0
0.75748,1,1
0.9506,1,1
1.15925,1,1
1.31695,1,1
1.394,1,1
1.4723,1,1
1.55185,1,1
1.56034,1,1
1.49652,1,1
1.43234,1,1
1.3678,1,1
1.37538,1,1
1.45236,1,1
1.53021,1,1
1.60892,1,1
1.61804,1,1
1.55635,1,1
1.49396,1,1
1.43085,1,1
1.28785,1,1
1.0871,1,1
0.89464,1,1
0.72041,0,1
0.60524,1,1
0.52403,1,1
0.44559,1,1
0.40089,1,1
0.39349,1,1
0.42403,1,1
0.45516,1,1
0.50135,1,1
0.47515,1,1
0.41658,1,1
0.35751,1,1
0.29826,0,0
0.22811,0,0
0.14442,0,0
0.08246,0,0
0.02877,0,0
0.01632,0,0
0.01491,0,0
0.0135,0,0
0.0121,0,0
0.01276,0,0
0.0155,0,0
0.01817,0,0
0.02161,0,0
0.03603,0,0
0.05177,0,0
0.0672,0,0
0.08232,0,0
0.08621,0,0
0.08255,0,0
0.07812,0,0
0.0736,0,0
0.07725,0,0
0.08855,0,0
0.11159,0,0
0.14517,0,0
0.19612,0,0
0.26318,0,0
0.33203,1,1
0.4139,1,1
0.46585,1,1
0.49159,1,1
0.489,1,1
0.46327,1,1
0.45686,1,1
0.46248,1,1
0.44809,1,1
0.41466,1,1
0.39921,1,1
0.4011,1,1
0.375,1,1
0.32501,0,0
0.25073,0,0
0.16183,0,0
0.10446,0,0
0.09468,0,0
0.0742,0,0
0.04346,0,0
0.04742,0,0
0.08659,0,0
0.12843,0,0
0.19005,0,0
0.21365,0,0
0.19786,0,0
0.17276,0,0
0.13745,0,0
0.09475,0,0
0.04465,0,0
0.01441,0,0
0.01095,0,0
0.00746,0,0
0.00393,0,0
0.0042,0,0
0.00834,0,0
0.01249,0,0
0.02116,0,0
0.03376,0,0
0.03893,0,0
0.04427,0,0
0.04969,0,0
0.0423,0,0
0.022,0,0
0.01305,0,0
0.00876,0,0
0.00527,0,0
0.00257,0,0
0.0,0,0
0.0,0,0
0.0,0,0
0.00067,0,0
0.00405,0,0
0.00749,0,0
0.00993,0,0
0.01131,0,0
0.01278,0,0
0.01433,0,0
0.01669,0,0
0.02424,0,0
0.03937,0,0
0.05477,0,0
0.06275,0,0
0.06335,0,0
0.06376,0,0
0.06438,0,0
0.07268,0,0
0.08931,0,0
0.10591,0,0
0.12619,0,0
0.1321,0,0
0.11749,0,0
0.1081,0,0
0.09864,0,0
0.08224,0,0
0.05949,0,0
0.03645,0,0
0.01911,0,0
0.01492,0,0
0.01137,0,0
0.00791,0,0
0.00449,0,0
0.0018,0,0
0.0,0,0
0.0,0,0
0.0,0,0
0.00296,0,0
0.01375,0,0
0.0262,0,0
0.03844,0,0
0.05667,0,0
0.06996,0,0
0.10003,0,0
0.14746,0,0
0.19747,0,0
0.23885,1,1
0.2774,1,1
0.31181,1,1
0.30955,1,1
0.27113,1,1
0.22543,0,0
0.16285,0,0
0.13851,0,0
0.14685,0,0
0.16404,0,0
0.18845,0,0
0.19724,0,0
0.18389,0,0
0.16958,0,0
0.15232,0,0
0.1495,0,0
0.1608,0,0
0.17852,0,0
0.20691,0,0
0.24868,1,1
0.30568,1,1
0.36941,1,1
0.42321,1,1
0.46447,1,1
0.45439,1,1
0.44401,1,1
0.43559,1,1
0.4088,1,1
0.36844,1,1
0.33805,1,1
0.30696,1,1
0.26481,1,1
0.21024,0,0
0.16733,0,0
0.12626,0,0
0.10008,0,0
0.08894,0,0
0.08176,0,0
0.07455,0,0
0.06248,0,0
0.04528,0,0
0.02797,0,0
0.01474,0,0
0.01375,0,0
0.0154,0,0
0.02073,0,0
0.02851,0,0
0.04678,0,0
0.07566,0,0
0.11059,0,0
0.15633,0,0
0.19433,0,0
0.22664,0,0
0.26797,1,1
0.30976,1,1
0.33069,1,1
0.32842,1,1
0.32601,1,1
0.32447,1,1
0.30678,0,0
0.27495,0,0
0.24563,0,0
0.22233,0,0
0.18982,0,0
0.14759,0,0
0.10822,0,0
0.08071,0,0
0.06668,0,0
0.06736,0,0
0.06782,0,0
0.06829,0,0
0.0437,0,0
0.01521,0,0
0.00472,0,0
0.0,0,0
0.0,0,0
0.0,0,0
0.0,0,0
0.0,0,0
0.0,0,0
0.00118,0,0
0.00738,0,0
0.01349,0,0
0.0134,0,0
0.0072,0,0
0.00114,0,0
0.0,0,0
0.02904,0,0
0.10125,0,0
0.16434,0,0
0.19612,0,0
0.2294,0,0
0.2701,0,0
0.29958,0,0
0.31884,0,0
0.34191,0,0
0.36999,0,0
0.37582,0,0
0.35929,0,0
0.34806,0,0
0.34049,0,0
0.36207,0,0
0.42573,0,0
0.48244,0,0
0.55047,0,0
0.62361,1,1
0.71709,1,1
0.81522,1,1
0.9169,1,1
0.86244,1,1
0.66049,1,1
0.5022,0,0
0.38581,0,0
0.30344,0,0
0.26501,0,0
0.22052,0,0
0.20553,0,0
0.23015,0,0
0.26235,0,0
0.31413,0,0
0.38367,0,0
0.50837,0,0
0.634,1,1
0.6569,1,1
0.57694,0,0
0.48432,0,0
0.38118,0,0
0.35043,0,0
0.36288,0,0
0.38245,0,0
0.40281,0,0
0.40496,0,0
0.38657,0,0
0.37073,0,0
0.36088,0,0
0.37379,0,0
0.435,0,0
0.49893,0,0
0.56394,0,0
0.613,1,1
0.64364,1,1
0.67616,1,1
0.71384,1,1
0.75685,1,1
0.80212,1,1
0.84764,1,1
0.89343,1,1
0.9712,1,1
1.07908,1,1
1.19878,1,1
1.33122,1,1
1.3913,1,1
1.37723,1,1
1.36227,1,1
1.34634,1,1
1.47026,1,1
1.7349,1,1
2.00263,1,1
2.2547,1,1
2.17267,1,1
1.72971,1,1
1.28213,1,1
0.89218,0,0
0.68094,0,0
0.55792,0,0
0.45835,0,0
0.39131,0,0
0.34581,0,0
0.32422,0,0
0.3037,0,0
0.28201,0,0
0.30385,0,0
0.37057,0,0
0.43623,0,0
0.50261,0,0
0.53375,0,0
0.48595,0,0
0.45396,0,0
0.42242,0,0
0.43019,0,0
0.47488,0,0
0.55483,0,0
0.63867,0,0
0.67598,0,0
0.66761,0,0
0.6603,0,0
0.65361,0,0
0.66068,0,0
0.67638,0,0
0.69206,0,0
0.70573,0,0
0.70259,0,0
0.6844,0,0
0.76011,0,0
0.93368,0,0
1.1135,1,1
1.28757,1,1
1.39176,1,1
1.41939,1,1
1.57991,1,1
1.86901,1,1
2.0392,1,1
2.12334,1,1
2.21442,1,1
2.31332,1,1
2.32105,1,1
2.25335,1,1
2.07353,1,1
1.77948,1,1
1.51629,1,1
1.28637,1,1
1.09832,1,1
1.00109,0,0
0.94673,0,0
0.93055,0,0
0.95997,0,0
0.98894,0,0
0.90747,0,0
0.73915,0,0
0.61,0,0
0.50658,0,0
0.4261,0,0
0.37025,0,0
0.36939,0,0
0.42767,0,0
0.48931,0,0
0.55016,0,0
0.57666,0,0
0.57007,0,0
0.56184,0,0
0.55355,0,0
0.59219,0,0
0.677,0,0
0.79227,0,0
0.91223,0,0
0.94674,0,0
0.89423,0,0
0.83865,0,0
0.78497,0,0
0.73589,0,0
0.70135,0,0
0.66977,0,0
0.64004,0,0
0.6635,0,0
0.74808,0,0
0.85846,0,0
0.97024,0,0
1.00539,0,0
0.95869,0,0
0.91333,0,0
0.86619,0,0
0.81193,1,1
0.76672,1,1
0.7243,1,1
0.68127,0,0
0.64797,0,0
0.61992,0,0
0.59311,0,0
0.56531,0,0
0.5151,0,0
0.46776,0,0
0.42895,0,0
0.38783,0,0
0.33364,0,0
0.27179,0,0
0.22307,0,0
0.17368,0,0
0.1349,0,0
0.11322,0,0
0.09546,0,0
0.07794,0,0
0.07214,0,0
0.07751,0,0
0.08243,0,0
0.08744,0,0
0.08191,0,0
0.0658,0,0
0.05005,0,0
0.03428,0,0
0.05734,0,0
0.12227,0,0
0.18596,0,0
0.24781,0,0
0.30633,0,0
0.34985,0,0
0.42319,0,0
0.53612,0,0
0.61966,0,0
0.68064,0,0
0.74445,1,1
0.80448,1,1
0.82058,1,1
0.78724,1,1
0.7911,1,1
0.83447,1,1
0.90886,1,1
1.01356,1,1
0.89539,1,1
0.56363,0,0
0.33969,0,0
0.22205,0,0
0.22559,0,0
0.34316,0,0
0.48436,0,0
0.64988,0,0
0.71267,1,0
0.65373,0,0
0.58395,0,0
0.50431,0,0
0.51046,0,0
0.59671,0,0
0.71055,1,1
0.84808,1,1
0.91912,1,1
0.9199,1,1
0.93123,1,1
0.95911,1,1
0.9577,1,1
0.93451,1,1
0.89992,1,1
0.83609,1,1
0.77153,1,1
0.70861,0,0
0.60705,0,0
0.48547,0,0
0.36314,0,0
0.29508,0,0
0.23034,0,0
0.17826,0,0
0.13246,0,0
0.08791,0,0
0.07712,0,0
0.08508,0,0
0.09335,0,0
0.10594,0,0
0.10687,0,0
0.09556,0,0
0.08864,0,0
0.08155,0,0
0.06587,0,0
0.04162,0,0
0.01735,0,0
0.01217,0,0
0.00877,0,0
0.00711,0,0
0.00541,0,0
0.00361,0,0
0.0043,0,0
0.00756,0,0
0.01087,0,0
0.01422,0,0
0.01834,0,0
0.03547,0,0
0.05891,0,0
0.08289,0,0
0.10051,0,0
0.11216,0,0
0.12371,0,0
0.14117,0,0
0.17496,0,0
0.2241,0,0
0.2723,0,0
0.33336,0,0
0.38788,0,0
0.42793,0,0
0.46719,0,0
0.51506,0,0
0.54671,0,0
0.53592,0,0
0.52556,0,0
0.51561,0,0
0.51092,0,0
0.50956,0,0
0.50821,0,0
0.50849,0,0
0.5674,0,0
0.72082,0,0
0.91631,0,0
1.15473,0,0
1.29527,0,0
1.28173,0,0
1.42854,0,0
1.76314,0,0
2.03919,0,0
2.24339,0,0
2.37342,1,1
2.43954,1,1
2.4682,1,1
2.47002,1,1
2.41626,1,1
2.31464,1,1
2.36365,1,1
2.56016,1,1
2.77093,1,1
2.97696,1,1
3.30846,1,1
3.75225,1,1
4.13252,1,1
4.42253,1,1
4.48314,1,1
4.40133,1,1
4.26042,1,1
4.02365,1,1
3.83871,1,1
3.68823,1,1
3.505,1,1
3.28796,1,1
2.98443,1,1
2.58729,1,1
2.20505,0,0
1.80918,0,0
1.62116,0,0
1.62981,0,0
1.50375,0,0
1.32018,0,0
1.19318,0,0
1.06735,0,0
0.95975,0,0
0.85826,0,0
0.79055,0,0
0.75461,0,0
0.71843,0,0
0.68027,0,0
0.66481,0,0
0.667,0,0
0.67094,0,0
0.67492,0,0
0.72521,0,0
0.82264,0,0
0.92368,0,0
1.02374,0,0
1.05313,0,0
1.01019,0,0
0.96624,0,0
0.92124,0,0
0.95364,0,0
1.06321,0,0
1.18185,0,0
1.32083,0,0
1.38138,0,0
1.36424,0,0
1.34606,0,0
1.32674,0,0
1.38935,1,1
1.53063,1,1
1.67756,1,1
1.82562,1,1
1.76756,1,1
1.49827,1,1
1.24534,1,1
1.01529,0,0
1.02641,0,0
1.28223,1,1
1.57107,1,1
1.88751,1,1
1.8626,1,1
1.49764,1,1
1.18159,1,1
0.87961,0,0
0.7715,0,0
0.77206,0,0
0.76987,0,0
0.77043,0,0
0.76167,0,0
0.74377,0,0
0.72357,0,0
0.70621,0,0
0.52995,0,0
0.32431,0,0
0.17544,0,0
0.06973,0,0
0.05483,0,0
0.11803,0,0
0.18986,0,0
0.26917,0,0
0.32916,0,0
0.37166,0,0
0.4277,0,0
0.50976,0,0
0.60154,0,0
0.70163,0,0
0.77931,0,0
0.83036,0,0
0.90953,0,0
1.01904,0,0
1.03219,1,0
0.94402,0,0
0.84374,0,0
0.72841,0,0
0.74009,0,0
0.87238,0,0
0.97945,0,0
1.06127,1,1
1.11959,1,1
1.15318,1,1
1.19968,1,1
1.26388,1,1
1.2707,1,1
1.22746,1,1
1.21179,1,1
1.21944,1,1
1.13914,1,1
0.97921,0,0
0.84251,0,0
0.72199,0,0
0.62825,0,0
0.54831,0,0
0.50439,0,0
0.48328,0,0
0.32565,0,0
0.10151,0,0
0.03558,0,0
0.06527,0,0
0.09839,0,0
0.14537,0,0
0.1963,0,0
0.26864,0,0
0.34546,0,0
0.46523,0,0
0.47795,0,0
0.36835,0,0
0.30462,0,0
0.24075,0,0
0.21713,0,0
0.23474,0,0
0.25319,0,0
0.2711,0,0
0.25575,0,0
0.20915,0,0
0.1722,0,0
0.13498,0,0
0.11682,0,0
0.11794,0,0
0.11907,0,0
0.12022,0,0
0.12249,0,0
0.1256,0,0
0.12888,0,0
0.13232,0,0
0.14387,0,0
0.16451,0,0
0.18483,0,0
0.20532,0,0
0.18697,0,0
0.12871,0,0
0.08633,0,0
0.04788,0,0
0.01818,0,0
0.00993,0,0
0.00155,0,0
0.0,0,0
0.0,0,0
0.0,0,0
0.00122,0,0
0.00627,0,0
0.00771,0,0
0.00556,0,0
0.0034,0,0
0.00123,0,0
0.00122,0,0
0.00335,0,0
0.00548,0,0
0.00756,0,0
0.00681,0,0
0.00327,0,0
0.0,0,0
0.0,0,0
0.03401,0,0
0.11965,0,0
0.22582,0,0
0.34921,0,0
0.45186,0,0
0.51947,1,1
0.54977,1,1
0.53016,1,1
0.50085,1,1
0.46188,0,0
0.45438,0,0
0.48756,1,1
0.49519,1,1
0.49847,1,1
0.51732,1,1
0.61369,1,1
0.766,1,1
0.8836,1,1
0.91613,1,1
0.87112,1,1
0.84817,1,1
0.84968,1,1
0.85171,1,1
0.8513,1,1
0.8734,1,1
0.91567,1,1
0.8768,1,1
0.76145,1,1
0.68673,1,1
0.65234,1,1
0.53661,1,1
0.35004,0,0
0.22806,0,0
0.16382,0,0
0.12733,0,0
0.11921,0,0
0.10702,0,0
0.09176,0,0
0.06235,0,0
0.01992,0,0
0.0,0,0
0.0,0,0
0.0,0,0
0.0,0,0
0.0,0,0
0.0,0,0
0.0,0,0
0.0,0,0
0.0,0,0
0.0,0,0
0.0,0,0
0.0,0,0
0.0,0,0
0.0,0,0
0.0,0,0
0.0,0,0
0.0,0,0
0.0,0,0
0.0,0,0
0.0,0,0
0.0,0,0
0.0,0,0
0.0,0,0
0.0,0,0
0.0,0,0
0.0,0,0
0.0,0,0
0.0,0,0
0.0,0,0
0.0,0,0
0.0,0,0
0.0,0,0
0.0,0,0
0.0,0,0
0.0,0,0
0.0,0,0
0.0,0,0
0.0,0,0
0.0,0,0
0.0,0,0
0.0,0,0
0.0,0,0
0.0,0,0
0.0,0,0
0.0,0,0
0.0,0,0
0.0,0,0
0.0,0,0
0.0,0,0
0.0,0,0
0.0,0,0
0.0,0,0
0.0,0,0
0.0,0,0
0.0,0,0
0.0,0,0
0.01267,0,0
0.03914,0,0
0.06566,0,0
0.09195,0,0
0.08325,0,0
0.04122,0,0
0.06235,0,0
0.14445,0,0
0.21421,0,0
0.27201,0,0
0.31128,0,0
0.33263,0,0
0.36529,1,1
0.40926,1,1
0.44025,1,1
0.45621,1,1
0.47755,1,1
0.50369,1,1
0.49808,1,1
0.46067,1,1
0.42699,1,1
0.39409,1,1
0.39426,1,1
0.42683,1,1
0.44738,1,1
0.45558,1,1
0.48447,1,1
0.53176,1,1
0.58443,1,1
0.64054,1,1
0.63469,1,1
0.56958,1,1
0.52482,1,1
0.49771,1,1
0.43609,1,1
0.34684,1,1
0.28035,0,0
0.23262,0,0
0.14913,0,0
0.04413,0,0
0.0,0,0
0.0,0,0
0.0,0,0
0.0,0,0
0.0,0,0
0.0,0,0
0.0,0,0
0.0,0,0
0.0,0,0
0.0,0,0
0.0,0,0
0.0,0,0
0.0,0,0
0.0,0,0
0.0,0,0
0.0,0,0
0.00042,0,0
0.00102,0,0
0.00162,0,0
0.00223,0,0
0.00466,0,0
0.00895,0,0
0.0133,0,0
0.0177,0,0
0.0186,0,0
0.01582,0,0
0.01295,0,0
0.0099,0,0
0.01003,0,0
0.01349,0,0
0.01698,0,0
0.02049,0,0
0.0189,0,0
0.01212,0,0
0.00513,0,0
0.0,0,0
0.0,0,0
0.0,0,0
0.0,0,0
0.0,0,0
0.0,0,0
0.0,0,0
0.0,0,0
0.0,0,0
0.0,0,0
0.0,0,0
0.0,0,0
0.0,0,0
0.0,0,0
0.0,0,0
0.0,0,0
0.0,0,0
0.0,0,0
0.00302,0,0
0.00872,0,0
0.01434,0,0
0.0412,0,0
0.09141,0,0
0.10012,0,0
0.06798,0,0
0.04082,0,0
0.02795,0,0
0.02491,0,0
0.06374,0,0
0.11083,0,0
0.12377,0,0
0.18231,0,0
0.28559,1,1
0.40425,1,1
0.53868,1,1
0.61532,1,1
0.63458,1,1
0.66844,1,1
0.7177,1,1
0.76371,1,1
0.81147,1,1
0.87868,1,1
0.96819,1,1
0.97258,1,1
0.89745,1,1
0.86075,1,1
0.85924,1,1
0.80477,1,1
0.69501,1,1
0.59193,1,1
0.49333,1,1
0.43736,1,1
0.41769,1,1
0.39103,1,1
0.35782,1,1
0.30665,1,1
0.23944,0,0
0.17744,0,0
0.13293,0,0
0.08661,0,0
0.02785,0,0
0.00011,0,0
0.00011,0,0
0.00012,0,0
0.00012,0,0
0.00097,0,0
0.00267,0,0
0.00437,0,0
0.00607,0,0
0.00525,0,0
0.00185,0,0
0.0,0,0
0.0,0,0
0.0,0,0
0.0,0,0
0.0,0,0
0.0,0,0
0.0,0,0
0.0,0,0
0.0,0,0
0.0,0,0
0.0,0,0
0.0,0,0
0.0,0,0
0.0,0,0
0.0,0,0
0.0,0,0
0.0,0,0
0.0,0,0
0.0,0,0
0.0,0,0
0.0,0,0
0.0,0,0
0.0,0,0
0.0,0,0
0.0,0,0
0.0,0,0
0.0,0,0
0.0,0,0
0.00556,0,0
0.01359,0,0
0.01844,0,0
0.01998,0,0
0.02152,0,0
0.02663,0,0
0.01938,0,0
0.01047,0,0
0.00162,0,0
0.0,0,0
0.0,0,0
0.0,0,0
0.0,0,0
0.0,0,0
0.0,0,0
0.0,0,0
0.0,0,0
0.0,0,0
0.01679,0,0
0.05195,0,0
0.08719,0,0
0.12249,0,0
0.13505,0,0
0.12575,0,0
0.14836,0,0
0.20165,0,0
0.25189,0,0
0.29883,0,0
0.32975,0,0
0.34486,0,0
0.36873,1,1
0.4022,1,1
0.41205,1,1
0.39987,1,1
0.39224,1,1
0.3817,1,1
0.38082,1,1
0.38938,1,1
0.41652,1,1
0.46196,1,1
0.49237,1,1
0.51952,1,1
0.51852,1,1
0.492,1,1
0.45032,1,1
0.39943,1,1
0.37918,1,1
0.38776,1,1
0.39229,1,1
0.38677,1,1
0.358,0,0
0.30496,0,0
0.26512,0,0
0.23834,0,0
0.21633,0,0
0.19865,0,0
0.1623,0,0
0.10338,0,0
0.09132,0,0
0.13882,0,0
0.18899,0,0
0.24636,0,0
0.29845,0,0
0.33464,0,0
0.37021,1,1
0.41474,1,1
0.41726,1,1
0.37701,1,1
0.34396,0,0
0.30959,0,0
0.29366,0,0
0.29461,0,0
0.29557,0,0
0.29653,0,0
0.28245,0,0
0.25392,0,0
0.22759,0,0
0.20665,0,0
0.17587,0,0
0.13627,0,0
0.09926,0,0
0.07351,0,0
0.07127,0,0
0.09348,0,0
0.12007,0,0
0.15612,0,0
0.17551,0,0
0.17676,0,0
0.17802,0,0
0.1793,0,0
0.19903,0,0
0.23802,0,0
0.27817,0,0
0.33193,0,0
0.35158,0,0
0.33207,0,0
0.31226,0,0
0.29214,0,0
0.32731,0,0
0.41805,0,0
0.51076,0,0
0.66708,0,0
0.79471,0,0
0.88087,0,0
0.99121,0,0
1.11469,0,0
1.2044,0,0
1.25598,0,0
1.31037,0,0
1.35864,0,0
1.45664,0,0
1.59891,0,0
1.74622,0,0
1.88725,0,0
1.96362,0,0
1.98386,0,0
2.00465,0,0
2.02573,0,0
2.02663,0,0
2.02591,0,0
1.92247,0,0
1.70848,0,0
1.71219,0,0
1.94638,0,0
2.17267,0,0
2.37903,1,1
2.41082,1,1
2.28973,1,1
2.17643,0,0
2.08389,0,0
1.98307,0,0
1.87611,0,0
1.74946,0,0
1.60354,0,0
1.63926,0,0
1.85879,0,0
2.08251,0,0
2.29849,1,1
2.50113,1,1
2.66637,1,1
2.82834,1,1
2.98396,1,1
3.07452,1,1
3.11508,1,1
3.11069,1,1
3.07077,1,1
2.92142,1,1
2.66235,1,1
2.37291,1,1
2.07926,0,0
1.83924,0,0
1.65767,0,0
1.46266,0,0
1.25675,0,0
1.37063,0,0
1.77639,0,0
2.15765,0,0
2.49921,1,1
2.7512,1,1
2.93807,1,1
3.06469,1,1
3.19146,1,1
3.15321,1,1
2.91923,1,1
2.58201,1,1
2.23092,1,1
1.99577,0,0
1.9082,0,0
1.81423,0,0
1.71957,0,0
1.59397,0,0
1.42786,0,0
1.26231,0,0
1.10901,0,0
1.16622,0,0
1.465,0,0
1.77821,0,0
2.08103,0,0
2.13598,0,0
1.94136,0,0
1.72752,0,0
1.49463,0,0
1.52106,0,0
1.81427,0,0
2.11019,1,1
2.39366,1,1
2.37923,1,1
2.0535,0,0
1.69484,0,0
1.35394,0,0
1.25069,0,0
1.34312,0,0
1.43776,0,0
1.53469,0,0
1.55175,0,0
1.49319,0,0
1.42904,0,0
1.36528,0,0
1.43039,0,0
1.63276,0,0
1.85065,0,0
2.07174,1,1
2.41046,1,1
2.8556,1,1
3.23653,1,1
3.59879,1,1
3.66265,1,1
3.44049,1,1
3.21949,1,1
3.00102,1,1
2.82639,1,1
2.74855,1,1
2.62125,1,1
2.4173,1,1
2.40168,1,1
2.56731,1,1
2.73453,1,1
2.88926,1,1
2.84387,1,1
2.59454,1,1
2.3814,1,1
2.20578,1,1
2.06143,0,0
1.93652,0,0
1.7899,0,0
1.59804,0,0
1.5149,0,0
1.50759,0,0
1.43526,0,0
1.30835,0,0
1.19211,0,0
1.08779,0,0
1.14119,0,0
1.35138,0,0
1.54144,0,0
1.7262,0,0
1.65407,0,0
1.33661,0,0
1.11502,0,0
0.9932,0,0
0.90799,0,0
0.86656,0,0
0.78614,0,0
0.67206,0,0
0.55991,0,0
0.4503,0,0
0.3563,0,0
0.26966,0,0
0.19925,0,0
0.14394,0,0
0.10231,0,0
0.08072,0,0
0.06125,0,0
0.04209,0,0
0.03796,0,0
0.04852,0,0
0.05932,0,0
0.07004,0,0
0.09404,0,0
0.15176,0,0
0.21103,0,0
0.28791,0,0
0.31551,0,0
0.2893,0,0
0.26185,0,0
0.23408,0,0
0.19339,0,0
0.13389,0,0
0.08374,0,0
0.04464,0,0
0.03194,0,0
0.04666,0,0
0.06156,0,0
0.0769,0,0
0.07813,0,0
0.06521,0,0
0.05143,0,0
0.03654,0,0
0.03383,0,0
0.04406,0,0
0.05417,0,0
0.06428,0,0
0.0851,0,0
0.11732,0,0
0.16338,0,0
0.21536,0,0
0.23639,0,0
0.22701,0,0
0.21666,0,0
0.20702,0,0
0.22769,0,0
0.27878,0,0
0.34162,1,1
0.41331,1,1
0.42113,1,1
0.36639,1,1
0.31166,1,1
0.26948,0,0
0.22856,0,0
0.18724,0,0
0.14709,0,0
0.11504,0,0
0.09816,0,0
0.09004,0,0
0.08239,0,0
0.07458,0,0
0.08605,0,0
0.11609,0,0
0.16162,0,0
0.20871,0,0
0.27388,0,0
0.35914,1,1
0.40715,1,1
0.41913,1,1
0.4219,1,1
0.41733,1,1
0.44802,1,1
0.51302,1,1
0.60394,1,1
0.7233,1,1
0.74388,1,1
0.66182,1,1
0.63055,1,1
0.65025,1,1
0.57838,1,1
0.41625,1,1
0.26043,0,0
0.10921,0,0
0.07889,0,0
0.16003,0,0
0.23116,0,0
0.29363,0,0
0.30689,1,0
0.27141,0,0
0.25606,0,0
0.25145,0,0
0.22598,0,0
0.17822,0,0
0.12282,0,0
0.06782,0,0
0.04435,0,0
0.05048,0,0
0.05253,0,0
0.05032,0,0
0.03839,0,0
0.01696,0,0
0.0107,0,0
0.02211,0,0
0.05787,0,0
0.09386,0,0
0.10815,0,0
0.09194,0,0
0.07828,0,0
0.06474,0,0
0.05525,0,0
0.04992,0,0
0.04451,0,0
0.03904,0,0
0.03494,0,0
0.03215,0,0
0.02935,0,0
0.02652,0,0
0.02661,0,0
0.02973,0,0
0.03279,0,0
0.03598,0,0
0.0542,0,0
0.08748,0,0
0.128,0,0
0.18054,0,0
0.23648,0,0
0.30998,1,1
0.39498,1,1
0.4848,1,1
0.63316,1,1
0.78089,1,1
0.93803,1,1
1.14533,1,1
1.24733,1,1
1.24273,1,1
1.238,1,1
1.22852,1,1
1.11648,1,1
0.90826,1,1
0.7456,1,1
0.58028,1,1
0.53821,0,1
0.60686,1,1
0.67913,1,1
0.75441,1,1
0.70398,1,1
0.53724,0,0
0.44164,0,0
0.346,0,0
0.26241,0,0
0.1854,0,0
0.11793,0,0
0.06962,0,0
0.05282,0,0
0.06683,0,0
0.08064,0,0
0.09426,0,0
0.13654,0,0
0.22875,0,0
0.29531,0,0
0.30028,0,0
0.27269,0,0
0.23577,0,0
0.23827,0,0
0.27012,0,0
0.27206,0,0
0.24632,0,0
0.25175,0,0
0.28737,0,0
0.30816,0,0
0.31553,0,0
0.36109,0,0
0.43421,0,0
0.66742,1,1
1.05857,1,1
1.09893,1,1
0.80076,1,1
0.52508,0,0
0.42659,0,0
0.4179,0,0
0.47135,0,0
0.54311,1,1
0.63377,1,1
0.63407,1,1
0.5441,1,1
0.46896,0,0
0.40621,0,0
0.37275,0,0
0.36393,0,0
0.36011,0,0
0.3598,0,0
0.30805,0,0
0.21215,0,0
0.13622,0,0
0.07576,0,0
0.03421,0,0
0.01092,0,0
0.0,0,0
0.0,0,0
0.0,0,0
0.00131,0,0
0.00338,0,0
0.00517,0,0
0.00698,0,0
0.00879,0,0
0.01396,0,0
0.03934,0,0
0.08068,0,0
0.13175,0,0
0.14144,0,0
0.09985,0,0
0.07012,0,0
0.04039,0,0
0.03754,0,0
0.06183,0,0
0.08644,0,0
0.11208,0,0
0.1463,0,0
0.17502,0,0
0.20442,0,0
0.23327,0,0
0.22987,0,0
0.19105,0,0
0.15056,0,0
0.11293,0,0
0.12327,0,0
0.19778,0,0
0.27347,0,0
0.37339,0,0
0.41947,0,0
0.41068,0,0
0.40011,0,0
0.39078,0,0
0.39539,0,0
0.41439,0,0
0.4337,0,0
0.45332,0,0
0.40674,0,0
0.29907,0,0
0.2155,0,0
0.13434,0,0
0.11736,0,0
0.1368,0,0
0.16618,0,0
0.19576,0,0
0.18911,0,0
0.14673,0,0
0.11558,0,0
0.08851,0,0
0.0696,0,0
0.05844,0,0
0.04718,0,0
0.03609,0,0
0.04671,0,0
0.08043,0,0
0.11438,0,0
0.14819,0,0
0.14555,0,0
0.10893,0,0
0.16839,0,0
0.32241,0,0
0.48536,1,1
0.65539,1,1
0.7846,1,1
0.86804,1,1
0.87755,1,1
0.80747,1,1
0.76351,1,1
0.75247,1,1
0.72388,1,1
0.68018,1,1
0.65394,1,1
0.64957,1,1
0.63183,1,1
0.60753,1,1
0.61665,1,1
0.66167,1,1
0.71095,1,1
0.75998,1,1
0.77613,1,1
0.76394,1,1
0.78263,1,1
0.83147,1,1
0.76573,1,1
0.60052,1,1
0.46287,0,0
0.3533,0,0
0.26411,0,0
0.18989,0,0
0.1202,0,0
0.05324,0,0
0.01524,0,0
0.00483,0,0
0.0,0,0
0.00246,0,0
0.00717,0,0
0.0119,0,0
0.01519,0,0
0.01708,0,0
0.023,0,0
0.03176,0,0
0.04913,0,0
0.07552,0,0
0.10226,0,0
0.14233,0,0
0.15941,0,0
0.15075,0,0
0.14202,0,0
0.13322,0,0
0.10215,0,0
0.06361,0,0
0.02446,0,0
0.01192,0,0
0.00815,0,0
0.00883,0,0
0.00954,0,0
0.01023,0,0
0.00941,0,0
0.00695,0,0
0.00433,0,0
0.00159,0,0
0.00272,0,0
0.00788,0,0
0.01303,0,0
0.01826,0,0
0.01543,0,0
0.00429,0,0
0.0,0,0
0.0,0,0
0.0,0,0
0.0,0,0
0.00842,0,0
0.02197,0,0
0.04037,0,0
0.02522,0,0
0.02116,0,0
0.01802,0,0
0.01566,0,0
0.01398,0,0
0.01236,0,0
0.01074,0,0
0.01469,0,0
0.02513,0,0
0.07017,0,0
0.11419,0,0
0.1319,0,0
0.12359,0,0
0.11539,0,0
0.10732,0,0
0.12672,0,0
0.18049,0,0
0.2425,0,0
0.3111,0,0
0.45549,0,0
0.69903,1,1
0.86714,1,1
0.92259,1,1
1.05455,1,1
1.28215,1,1
1.15016,1,1
0.63319,0,0
0.32411,0,0
0.24764,0,0
0.26917,0,0
0.38397,0,0
0.52511,0,0
0.6916,0,0
0.79507,1,1
0.83612,1,1
0.79708,1,1
0.6826,0,0
0.68878,0,0
0.81442,1,1
0.91845,1,1
1.00245,1,1
1.05478,1,1
1.06839,1,1
1.0877,1,1
1.1311,1,1
1.1811,1,1
1.2368,1,1
1.27552,1,1
1.28617,1,1
1.13764,1,1
0.87136,1,1
0.68824,0,0
0.57832,0,0
0.41993,0,0
0.23324,0,0
0.18194,0,0
0.22758,0,0
0.28601,0,0
0.34792,0,0
0.40935,0,0
0.49785,0,0
0.60349,0,0
0.71057,1,1
0.71553,1,1
0.61818,0,0
0.51711,0,0
0.4298,0,0
0.39217,0,0
0.37397,0,0
0.35563,0,0
0.33714,0,0
0.34511,0,0
0.37985,0,0
0.41486,0,0
0.45014,0,0
0.45192,0,0
0.41838,0,0
0.3861,0,0
0.35237,0,0
0.32864,0,0
0.31179,0,0
0.29367,0,0
0.28029,0,0
0.23497,0,0
0.15404,0,0
0.0954,0,0
0.0432,0,0
0.0187,0,0
0.0118,0,0
0.00465,0,0
0.0,0,0
0.0,0,0
0.0,0,0
0.0,0,0
0.0,0,0
0.0,0,0
0.0,0,0
0.01342,0,0
0.04516,0,0
0.08394,0,0
0.08435,0,0
0.08439,0,0
0.0848,0,0
0.08859,0,0
0.09562,0,0
0.10292,0,0
0.1101,0,0
0.11322,0,0
0.11235,0,0
0.1115,0,0
0.11066,0,0
0.19051,0,0
0.41785,0,0
0.68767,0,0
1.02939,0,0
1.29613,0,0
1.53879,0,0
1.85819,0,0
2.33114,1,1
2.56485,1,1
2.57116,1,1
2.47106,1,1
2.28625,1,1
2.21948,1,1
2.26971,1,1
2.34067,1,1
2.44396,1,1
2.48389,1,1
2.44471,1,1
2.40448,1,1
2.35533,1,1
2.38065,1,1
2.48575,1,1
2.58408,1,1
2.70255,1,1
2.74015,1,1
2.69636,1,1
2.62421,1,1
2.52482,1,1
2.41409,1,1
2.26295,1,1
2.08009,0,0
1.87779,0,0
1.81898,0,0
1.95871,0,0
2.08286,0,0
2.19356,1,0
2.1048,0,0
1.77888,0,0
1.25211,0,0
0.68909,0,0
0.40564,0,0
0.30848,0,0
0.22221,0,0
0.15002,0,0
0.13366,0,0
0.17363,0,0
0.21491,0,0
0.2562,0,0
0.28956,0,0
0.30551,0,0
0.3217,0,0
0.33814,0,0
0.29741,0,0
0.21901,0,0
0.14714,0,0
0.09103,0,0
0.05826,0,0
0.03853,0,0
0.02046,0,0
0.01632,0,0
0.01286,0,0
0.01008,0,0
0.00727,0,0
0.00444,0,0
0.0,0,0
0.0,0,0
0.0,0,0
0.0,0,0
0.0,0,0
0.0,0,0
0.0,0,0
0.0,0,0
0.0,0,0
0.0,0,0
0.0,0,0
0.0,0,0
0.0,0,0
0.0,0,0
0.0,0,0
0.0,0,0
0.0,0,0
0.0,0,0
0.0,0,0
0.0,0,0
0.0,0,0
0.0,0,0
0.0,0,0
0.0,0,0
0.0,0,0
0.0,0,0
0.0,0,0
0.0,0,0
0.0,0,0
0.0,0,0
0.0,0,0
0.0,0,0
0.03377,0,0
0.1105,0,0
0.19588,0,0
0.29001,0,0
0.43932,0,0
0.66973,0,0
0.82055,1,1
0.85281,1,1
0.93192,1,1
1.07362,1,1
1.06625,1,1
0.90675,1,1
0.67855,1,1
0.52588,0,0
0.54918,0,0
0.6728,1,1
0.81886,1,1
0.92265,1,1
0.96823,1,1
0.95312,1,1
0.94128,1,1
0.92681,1,1
0.98068,1,1
1.09598,1,1
1.24727,1,1
1.43711,1,1
1.42911,1,1
1.22876,1,1
1.07226,1,1
0.96778,1,1
0.85942,1,1
0.74353,1,1
0.6209,0,0
0.49667,0,0
0.40598,0,0
0.33996,0,0
0.27738,0,0
0.21973,0,0
0.14633,0,0
0.05236,0,0
0.00685,0,0
0.00328,0,0
0.0,0,0
0.0,0,0
0.0,0,0
0.0,0,0
0.0,0,0
0.0,0,0
0.0,0,0
0.0,0,0
0.0,0,0
0.0,0,0
0.0,0,0
0.0,0,0
0.0,0,0
0.0,0,0
0.0,0,0
0.0,0,0
0.0,0,0
0.0,0,0
0.0,0,0
0.0,0,0
0.0,0,0
0.0,0,0
0.0,0,0
0.0,0,0
0.0,0,0
0.0,0,0
0.00059,0,0
0.00144,0,0
0.00229,0,0
0.00317,0,0
0.00536,0,0
0.00889,0,0
0.01255,0,0
0.01631,0,0
0.01828,0,0
0.01846,0,0
0.01865,0,0
0.01883,0,0
0.01894,0,0
0.01895,0,0
0.01888,0,0
0.0189,0,0
0.02348,0,0
0.05126,0,0
0.09519,0,0
0.1388,0,0
0.1414,0,0
0.10536,0,0
0.0699,0,0
0.03558,0,0
0.02445,0,0
0.02447,0,0
0.02438,0,0
0.0244,0,0
0.09655,0,0
0.29931,0,0
0.56062,0,0
0.8807,0,0
1.05933,0,0
1.03239,0,0
1.11201,0,0
1.33005,0,0
1.51552,1,1
1.66676,1,1
1.73265,1,1
1.70673,1,1
1.7011,1,1
1.69116,1,1
1.72873,1,1
1.81447,1,1
1.90109,1,1
2.04907,1,1
2.2164,1,1
2.3822,1,1
2.4641,1,1
2.43787,1,1
2.33438,1,1
2.14124,1,1
2.04683,1,1
2.01772,1,1
1.943,1,1
1.81441,1,1
1.62745,1,1
1.3926,0,0
1.33642,0,0
1.42644,1,1
1.50472,1,1
1.56265,1,1
1.34481,0,0
0.91099,0,0
0.61036,0,0
0.4295,0,0
0.28834,0,0
0.16039,0,0
0.10659,0,0
0.11255,0,0
0.11881,0,0
0.12453,0,0
0.10667,0,0
0.06506,0,0
0.02304,0,0
0.01342,0,0
0.00496,0,0
0.0,0,0
0.0,0,0
0.0,0,0
0.0,0,0
0.0,0,0
0.0,0,0
0.0,0,0
0.0,0,0
0.0,0,0
0.00524,0,0
0.01238,0,0
0.01521,0,0
0.01368,0,0
0.01209,0,0
0.01054,0,0
0.00784,0,0
0.00387,0,0
0.0,0,0
0.0,0,0
0.0,0,0
0.0,0,0
0.0,0,0
0.0,0,0
0.0,0,0
0.0,0,0
0.0,0,0
0.0,0,0
0.00203,0,0
0.02049,0,0
0.08213,0,0
0.17733,0,0
0.28245,0,0
0.35358,0,0
0.44263,0,0
0.54053,0,0
0.56443,0,0
0.51643,0,0
0.46627,0,0
0.41851,0,0
0.39279,0,0
0.38915,0,0
0.38558,0,0
0.38207,0,0
0.41251,0,0
0.47471,0,0
0.53874,0,0
0.60008,0,0
0.59809,0,0
0.53139,0,0
0.46515,0,0
0.40159,0,0
0.50864,0,0
0.79602,1,1
0.85017,1,1
0.66136,1,1
0.54329,0,0
0.53015,0,0
0.54941,0,0
0.59035,0,0
0.62184,0,0
0.63585,0,0
0.67434,1,1
0.82327,1,1
1.07496,1,1
1.34239,1,1
1.33766,1,1
1.06782,1,1
0.8057,1,1
0.66256,1,1
0.6438,0,1
0.67603,1,1
0.72639,1,1
0.79752,1,1
0.83936,1,1
0.8539,1,1
0.88702,1,1
0.93588,1,1
0.99688,1,1
1.14184,1,1
1.19026,1,1
1.11294,1,1
0.96616,1,1
0.72056,1,1
0.54261,0,0
0.43026,0,0
0.30236,0,0
0.16564,0,0
0.11082,0,0
0.11788,0,0
0.12489,0,0
0.13185,0,0
0.14512,0,0
0.16315,0,0
0.18134,0,0
0.19969,0,0
0.21905,0,0
0.23777,0,0
0.25768,0,0
0.27793,0,0
0.27914,0,0
0.26105,0,0
0.24295,0,0
0.22484,0,0
0.21582,0,0
0.21678,0,0
0.21686,0,0
0.21694,0,0
0.22708,0,0
0.2455,0,0
0.26394,0,0
0.28238,0,0
0.26318,0,0
0.20487,0,0
0.14587,0,0
0.10626,0,0
0.10139,0,0
0.13149,0,0
0.16643,0,0
0.21385,0,0
0.24836,0,0
0.27099,0,0
0.29406,0,0
0.31903,0,0
0.35542,0,0
0.41899,0,0
0.48833,1,1
0.56101,1,1
0.58062,1,1
0.55435,1,1
0.52529,1,1
0.49858,1,1
0.44973,0,0
0.38122,0,0
0.33106,0,0
0.2809,0,0
0.21531,0,0
0.14649,0,0
0.09583,0,0
0.04562,0,0
0.02371,0,0
0.01799,0,0
0.01231,0,0
0.00666,0,0
0.0103,0,0
0.02379,0,0
0.03748,0,0
0.05122,0,0
0.06974,0,0
0.0933,0,0
0.15823,0,0
0.26114,0,0
0.36255,0,0
0.46524,0,0
0.55687,1,1
0.63721,1,1
0.85764,1,1
1.22931,1,1
1.33346,1,1
1.16131,1,1
1.04109,1,1
0.9783,1,1
0.95203,1,1
0.96312,1,1
0.98946,1,1
1.02681,1,1
0.99055,1,1
0.88222,1,1
0.80762,1,1
0.7657,1,1
0.6853,1,1
0.56485,1,1
0.46642,0,0
0.38823,0,0
0.33901,0,0
0.34322,0,0
0.33497,0,0
0.3105,0,0
0.3019,0,0
0.31825,0,0
0.30876,0,0
0.27369,0,0
0.24353,0,0
0.21838,0,0
0.19756,0,0
0.18021,0,0
0.16286,0,0
0.14551,0,0
0.10996,0,0
0.05838,0,0
0.01997,0,0
0.00891,0,0
0.01019,0,0
0.02392,0,0
0.0894,0,0
0.16442,0,0
0.20777,0,0
0.19032,0,0
0.17202,0,0
0.15433,0,0
0.129,0,0
0.09735,0,0
0.06595,0,0
0.03427,0,0
0.01986,0,0
0.01232,0,0
0.0048,0,0
0.0,0,0
0.0,0,0
0.0,0,0
0.00407,0,0
0.00846,0,0
0.00986,0,0
0.0081,0,0
0.00637,0,0
0.00462,0,0
0.00241,0,0
0.0,0,0
0.0,0,0
0.0,0,0
0.0,0,0
0.0,0,0
0.00442,0,0
0.0092,0,0
0.01068,0,0
0.00882,0,0
0.00694,0,0
0.00501,0,0
0.00262,0,0
0.0,0,0
0.0,0,0
0.0,0,0
0.0,0,0
0.00543,0,0
0.01386,0,0
0.02204,0,0
0.02518,0,0
0.02313,0,0
0.0212,0,0
0.01929,0,0
0.07821,0,0
0.23576,0,0
0.38916,0,0
0.47588,0,0
0.54397,0,0
0.59715,0,0
0.67623,0,0
0.76754,0,0
0.82238,0,0
0.8642,0,0
0.88388,0,0
1.11753,1,1
1.49991,1,1
1.79878,1,1
1.8683,1,1
1.7337,1,1
1.635,1,1
1.57685,1,1
1.59741,1,1
1.69662,1,1
1.81831,1,1
1.96616,1,1
1.93677,1,1
1.73673,1,1
1.57873,1,1
1.47219,1,1
1.40746,1,1
1.41077,1,1
1.36998,1,1
1.2821,1,1
1.20896,1,1
1.1414,1,1
1.08332,1,1
1.02293,1,1
0.92941,1,1
0.81182,0,0
0.74162,0,0
0.72243,0,0
0.48965,0,0
0.13374,0,0
0.0,0,0
0.0,0,0
0.0035,0,0
0.00723,0,0
0.00726,0,0
0.00354,0,0
0.0,0,0
0.0,0,0
0.0,0,0
0.0,0,0
0.0,0,0
0.0,0,0
0.0,0,0
0.0,0,0
0.0,0,0
0.0,0,0
0.0,0,0
0.0,0,0
0.0,0,0
0.0,0,0
0.0,0,0
0.0,0,0
0.0,0,0
0.0,0,0
0.0,0,0
0.0,0,0
0.0,0,0
0.0,0,0
0.0,0,0
0.0,0,0
0.0,0,0
0.0,0,0
0.0,0,0
0.0,0,0
0.0,0,0
0.0,0,0
0.0,0,0
0.0,0,0
0.0,0,0
0.00661,0,0
0.01218,0,0
0.01403,0,0
0.01596,0,0
0.01783,0,0
0.02062,0,0
0.02446,0,0
0.0293,0,0
0.04737,0,0
0.08732,0,0
0.1478,0,0
0.2355,0,0
0.328,0,0
0.31858,0,0
0.2107,0,0
0.12171,0,0
0.05313,0,0
0.08904,0,0
0.25772,0,0
0.3995,0,0
0.47733,1,1
0.49302,1,1
0.47641,1,1
0.49102,1,1
0.66025,1,1
0.96507,1,1
1.25287,1,1
1.36237,1,1
1.26119,1,1
1.22475,1,1
1.2556,1,1
1.19335,1,1
1.03675,1,1
0.88834,1,1
0.75392,1,1
0.64767,1,1
0.56675,1,1
0.45451,1,1
0.33901,0,0
0.30808,0,0
0.33452,0,0
0.34486,0,0
0.33814,0,0
0.35214,0,0
0.38752,0,0
0.43473,1,1
0.49433,1,1
0.50927,1,1
0.47837,1,1
0.47012,1,1
0.48558,1,1
0.42804,0,0
0.30784,0,0
0.22289,0,0
0.16675,0,0
0.10273,0,0
0.03369,0,0
0.00191,0,0
0.0,0,0
0.0,0,0
0.0,0,0
0.0,0,0
0.01057,0,0
0.02142,0,0
0.07279,0,0
0.09561,0,0
0.08935,0,0
0.08298,0,0
0.07652,0,0
0.07354,0,0
0.07383,0,0
0.07413,0,0
0.0747,0,0
0.08777,0,0
0.11333,0,0
0.14281,0,0
0.18269,0,0
0.21772,0,0
0.24823,0,0
0.27816,0,0
0.30836,0,0
0.31084,0,0
0.28382,0,0
0.2564,0,0
0.22852,0,0
0.19337,0,0
0.15127,0,0
0.12062,0,0
0.09348,0,0
0.07273,0,0
0.05778,0,0
0.04246,0,0
0.02674,0,0
0.03518,0,0
0.0683,0,0
0.10217,0,0
0.13665,0,0
0.14993,0,0
0.14154,0,0
0.13372,0,0
0.12529,0,0
0.11736,0,0
0.10889,0,0
0.10041,0,0
0.09233,0,0
0.07917,0,0
0.0616,0,0
0.04433,0,0
0.02745,0,0
0.02535,0,0
0.03112,0,0
0.03885,0,0
0.0466,0,0
0.11801,0,0
0.29455,0,0
0.51863,0,0
0.78647,0,0
0.91924,0,0
0.86356,0,0
0.99359,0,0
1.36587,1,1
1.74155,1,1
2.01036,1,1
2.06467,1,1
1.88063,1,1
1.60794,1,1
1.43465,1,1
1.43398,1,1
1.43212,1,1
1.45209,1,1
1.52477,1,1
1.63649,1,1
1.79866,1,1
1.9215,1,1
1.99235,1,1
2.11841,1,1
2.29122,1,1
2.28672,1,1
2.1594,1,1
1.90837,1,1
1.5496,1,1
1.35572,1,1
1.24439,1,1
1.1953,1,1
1.18279,0,0
1.16893,0,0
1.14825,0,0
1.06201,0,0
0.93395,0,0
0.86983,0,0
0.85612,0,0
0.71666,0,0
0.49633,0,0
0.3415,0,0
0.21759,0,0
0.11426,0,0
0.04795,0,0
0.01821,0,0
0.01699,0,0
0.01575,0,0
0.0145,0,0
0.01249,0,0
0.00982,0,0
0.00711,0,0
0.00435,0,0
0.00015,0,0
0.0,0,0
0.0,0,0
0.0,0,0
0.0,0,0
0.0,0,0
0.0,0,0
0.0,0,0
0.0,0,0
0.0,0,0
0.0,0,0
0.0,0,0
0.0,0,0
0.0,0,0
0.0,0,0
0.0,0,0
0.0,0,0
0.0,0,0
0.0,0,0
0.0,0,0
0.0,0,0
0.0,0,0
0.0,0,0
0.0,0,0
0.0,0,0
0.0,0,0
0.0,0,0
0.0,0,0
0.0,0,0
0.0,0,0
0.0,0,0
0.0,0,0
0.0,0,0
0.0,0,0
0.00017,0,0
0.00683,0,0
0.01,0,0
0.00985,0,0
0.00966,0,0
0.00948,0,0
0.01014,0,0
0.01164,0,0
0.01312,0,0
0.01459,0,0
0.03947,0,0
0.09031,0,0
0.14183,0,0
0.19418,0,0
0.30098,0,0
0.47958,0,0
0.58093,0,0
0.58404,0,0
0.58889,0,0
0.59632,0,0
0.67678,0,0
0.84364,1,1
1.04362,1,1
1.28303,1,1
1.31539,1,1
1.12951,1,1
0.95188,1,1
0.78515,0,0
0.76645,0,0
0.89678,1,1
0.98707,1,1
1.0371,1,1
1.09517,1,1
1.156,1,1
1.21679,1,1
1.27857,1,1
1.34681,1,1
1.41941,1,1
1.49937,1,1
1.59104,1,1
1.55337,1,1
1.39614,1,1
1.26659,1,1
1.15578,1,1
1.03238,1,1
0.90676,1,1
0.83591,1,1
0.79786,0,0
0.54883,0,0
0.20527,0,0
0.06851,0,0
0.04019,0,0
0.00872,0,0
0.00102,0,0
0.00367,0,0
0.00604,0,0
0.00844,0,0
0.01083,0,0
0.0109,0,0
0.00858,0,0
0.00621,0,0
0.00381,0,0
0.00322,0,0
0.00447,0,0
0.00575,0,0
0.00705,0,0
0.00963,0,0
0.01357,0,0
0.01758,0,0
0.02992,0,0
0.07286,0,0
0.1542,0,0
0.26101,0,0
0.40725,0,0
0.47807,0,0
0.47076,0,0
0.46161,0,0
0.45386,0,0
0.38172,0,0
0.25568,0,0
0.15377,0,0
0.07808,0,0
0.05574,0,0
0.07841,0,0
0.10219,0,0
0.12643,0,0
0.10703,0,0
0.04276,0,0
0.01445,0,0
0.00058,0,0
0.0,0,0
0.00224,0,0
0.00804,0,0
0.01379,0,0
0.01744,0,0
0.01887,0,0
0.02034,0,0
0.02172,0,0
0.02477,0,0
0.0391,0,0
0.05292,0,0
0.0665,0,0
0.07645,0,0
0.08298,0,0
0.08943,0,0
0.09613,0,0
0.16789,0,0
0.36133,0,0
0.62381,0,0
0.9538,0,0
1.08529,0,0
0.93916,0,0
0.96928,0,0
1.23077,0,0
1.41872,0,0
1.52062,0,0
1.61274,0,0
1.68397,0,0
1.80137,1,1
1.95466,1,1
2.07934,1,1
2.16419,1,1
2.22821,1,1
2.27291,1,1
2.27763,1,1
2.22806,1,1
2.20224,1,1
2.20052,1,1
2.21929,1,1
2.24147,1,1
2.21979,1,1
2.16668,1,1
2.10872,1,1
2.05307,1,1
2.02032,1,1
2.02804,1,1
1.92464,1,1
1.73089,0,0
1.5671,0,0
1.43739,0,0
1.34112,0,0
1.26236,0,0
1.13968,0,0
0.96957,0,0
0.72548,0,0
0.43707,0,0
0.33865,0,0
0.36828,0,0
0.39904,0,0
0.47742,0,0
0.56887,0,0
0.65241,0,0
0.74936,0,0
0.86886,0,0
0.93039,0,0
0.93877,0,0
0.94456,0,0
0.95319,0,0
1.05001,0,0
1.24849,0,0
1.47885,0,0
1.71217,0,0
1.81518,1,1
1.80185,1,1
1.78077,1,1
1.75927,0,0
1.71777,0,0
1.65569,0,0
1.59746,0,0
1.53268,0,0
1.55342,0,0
1.65787,0,0
1.76522,1,1
1.87557,1,1
1.92388,1,1
1.9008,1,1
1.8706,1,1
1.84649,1,1
1.71536,1,1
1.47018,1,1
1.26107,1,1
1.04944,1,1
0.81427,0,0
0.5478,0,0
0.40085,0,0
0.26854,0,0
0.18001,0,0
0.12257,0,0
0.08057,0,0
0.03838,0,0
0.02875,0,0
0.05114,0,0
0.07319,0,0
0.09455,0,0
0.10082,0,0
0.09147,0,0
0.08282,0,0
0.07421,0,0
0.08197,0,0
0.10546,0,0
0.13241,0,0
0.1682,0,0
0.22337,0,0
0.30132,0,0
0.38091,0,0
0.46143,0,0
0.55192,0,0
0.67033,0,0
0.78887,0,0
0.94409,0,0
1.07073,1,1
1.14369,1,1
1.20985,1,1
1.26941,1,1
1.28073,1,1
1.24611,1,1
1.17336,1,1
1.06347,1,1
1.00967,1,1
1.01328,1,1
0.93217,0,0
0.76267,0,0
0.61403,0,0
0.48299,0,0
0.46594,0,0
0.56512,0,0
0.70327,0,0
0.88375,0,0
1.00146,1,1
1.05802,1,1
1.12662,1,1
1.20631,1,1
1.16047,1,1
0.997,1,1
0.82697,0,0
0.71036,0,0
0.66482,0,0
0.65167,0,0
0.67382,0,0
0.7265,0,0
0.75751,0,0
0.77681,0,0
0.68128,0,0
0.4938,0,0
0.35999,0,0
0.27167,0,0
0.22556,0,0
0.2157,0,0
0.2075,0,0
0.19984,0,0
0.17615,0,0
0.1352,0,0
0.09515,0,0
0.06879,0,0
0.04496,0,0
0.02339,0,0
0.01396,0,0
0.00943,0,0
0.01509,0,0
0.08213,0,0
0.19212,0,0
0.34439,0,0
0.40357,0,0
0.3508,0,0
0.29796,0,0
0.24471,0,0
0.22643,0,0
0.2286,0,0
0.23157,0,0
0.23462,0,0
0.21704,0,0
0.17899,0,0
0.13971,0,0
0.10681,0,0
0.10329,0,0
0.12158,0,0
0.15031,0,0
0.17959,0,0
0.18772,0,0
0.17311,0,0
0.15757,0,0
0.14234,0,0
0.1514,0,0
0.18623,0,0
0.22048,0,0
0.25472,0,0
0.27648,0,0
0.28458,0,0
0.2925,0,0
0.3033,0,0
0.33219,0,0
0.37579,0,0
0.41901,0,0
0.45916,0,0
0.52572,0,0
0.61095,0,0
0.69327,0,0
0.77706,0,0
0.95854,0,0
1.25034,1,1
1.57703,1,1
1.92289,1,1
2.18104,1,1
2.38004,1,1
2.40041,1,1
2.20411,1,1
1.99669,1,1
1.79811,1,1
1.58525,1,1
1.32423,1,1
1.15631,1,1
1.0923,0,0
1.09514,0,0
1.14445,1,0
1.14379,0,0
1.08149,0,0
1.05723,0,0
1.06504,0,0
1.19396,1,1
1.43196,1,1
1.61695,1,1
1.75617,1,1
1.84075,1,1
1.87611,1,1
1.85968,1,1
1.78232,1,1
1.62611,1,1
1.39555,1,1
1.20561,1,1
1.09062,0,0
1.01697,0,0
0.99355,0,0
0.95439,0,0
0.90272,0,0
0.90017,0,0
0.93808,0,0
0.94906,0,0
0.96854,0,0
0.87484,0,0
0.68458,0,0
0.54941,0,0
0.42777,0,0
0.35138,0,0
0.31506,0,0
0.27776,0,0
0.24042,0,0
0.22299,0,0
0.22433,0,0
0.2263,0,0
0.2283,0,0
0.20158,0,0
0.15376,0,0
0.10506,0,0
0.07037,0,0
0.04683,0,0
0.0313,0,0
0.01675,0,0
0.01348,0,0
0.00923,0,0
0.00398,0,0
0.0,0,0
0.0,0,0
0.0,0,0
0.0,0,0
0.0,0,0
0.00111,0,0
0.00014,0,0
0.0,0,0
0.0,0,0
0.0,0,0
0.0,0,0
0.0,0,0
0.0,0,0
0.0,0,0
0.0,0,0
0.0,0,0
0.0,0,0
0.0,0,0
0.0,0,0
0.0,0,0
0.00016,0,0
0.00632,0,0
0.0086,0,0
0.007,0,0
0.00542,0,0
0.00388,0,0
0.00604,0,0
0.01169,0,0
0.01718,0,0
0.02848,0,0
0.04468,0,0
0.05099,0,0
0.05741,0,0
0.0636,0,0
0.12187,0,0
0.26029,0,0
0.43311,0,0
0.63715,0,0
0.74038,0,0
0.70374,0,0
0.76356,0,0
0.94663,0,0
1.12535,0,0
1.29813,0,0
1.36568,1,1
1.30133,1,1
1.2272,0,0
1.14591,0,0
1.14293,0,0
1.22889,0,0
1.31577,1,1
1.39719,1,1
1.43667,1,1
1.42522,1,1
1.44201,1,1
1.47934,1,1
1.45923,1,1
1.37589,1,1
1.31027,1,1
1.26177,0,0
1.21059,0,0
1.15579,0,0
1.11465,0,0
1.08366,0,0
0.99659,0,0
0.8621,0,0
0.75134,0,0
0.6627,0,0
0.60298,0,0
0.57105,0,0
0.53309,0,0
0.48754,0,0
0.42244,0,0
0.35294,0,0
0.33853,0,0
0.39139,0,0
0.55725,0,0
0.74622,0,0
0.7429,0,0
0.54616,0,0
0.37222,0,0
0.27503,0,0
0.26561,0,0
0.34541,0,0
0.45974,0,0
0.60595,0,0
0.76149,0,0
0.93561,0,0
1.11385,0,0
1.32325,1,1
1.47566,1,1
1.55977,1,1
1.64536,1,1
1.73656,1,1
1.8131,1,1
1.88774,1,1
1.96998,1,1
2.0486,1,1
2.08051,1,1
2.06377,1,1
2.05281,1,1
2.03475,1,1
2.18007,0,0
2.49239,0,0
2.79861,0,0
3.09226,0,0
3.2597,0,0
3.31521,0,0
3.37265,1,1
3.43213,1,1
3.39275,1,1
3.27027,0,0
3.14509,0,0
3.00601,0,0
2.94647,0,0
2.93528,0,0
2.93501,0,0
2.92391,0,0
2.81483,0,0
2.59516,0,0
2.37012,0,0
2.15697,0,0
2.00237,0,0
1.91664,0,0
1.84064,0,0
1.76129,0,0
1.74377,0,0
1.77401,0,0
1.80974,0,0
1.83924,0,0
1.9419,0,0
2.11673,0,0
2.29031,0,0
2.46422,0,0
2.76032,0,0
3.14701,0,0
3.45288,1,1
3.64942,1,1
3.77217,1,1
3.80971,1,1
3.83435,1,1
3.85576,1,1
3.93615,1,1
3.98255,1,1
3.96322,1,1
3.94698,1,1
3.93001,1,1
3.91222,1,1
3.84592,1,1
3.65668,1,1
3.48183,1,1
3.3869,1,1
3.27813,0,0
3.13256,0,0
3.01706,0,0
2.93862,0,0
2.8766,0,0
2.81908,0,0
2.89767,0,0
3.10419,0,0
3.17112,0,0
3.13152,0,0
3.18869,0,0
3.35027,1,1
3.54923,1,1
3.73346,1,1
3.73542,1,1
3.56021,1,1
3.33917,0,0
3.08661,0,0
2.82985,0,0
2.58145,0,0
2.33989,0,0
2.11619,0,0
2.00645,0,0
1.98076,0,0
1.96001,0,0
1.93394,0,0
2.00689,0,0
2.16352,0,0
2.31894,0,0
2.47603,0,0
2.5324,0,0
2.48186,0,0
2.43692,0,0
2.38496,0,0
2.29351,0,0
2.16007,0,0
2.00096,0,0
1.84264,0,0
1.71283,0,0
1.62314,0,0
1.52684,0,0
1.42882,0,0
1.39369,0,0
1.4281,0,0
1.45963,0,0
1.49259,0,0
1.48623,1,1
1.43872,1,1
1.38562,1,1
1.3424,1,1
1.32963,1,1
1.34797,1,1
1.36206,1,1
1.38132,1,1
1.36833,1,1
1.32697,1,1
1.28471,1,1
1.23695,1,1
1.14045,1,1
0.98676,0,0
0.86184,0,0
0.75175,0,0
0.62329,0,0
0.49757,0,0
0.41801,0,0
0.34015,0,0
0.27409,0,0
0.22756,0,0
0.18263,0,0
0.13921,0,0
0.13239,0,0
0.16117,0,0
0.1902,0,0
0.21832,0,0
0.29866,0,0
0.47056,0,0
0.60355,0,0
0.6385,0,0
0.6264,0,0
0.58243,0,0
0.62713,0,0
0.77217,0,0
0.90128,0,0
1.01674,1,1
1.06586,1,1
1.04338,1,1
1.06678,1,1
1.14091,1,1
1.08809,1,1
0.9184,0,0
0.71605,0,0
0.59245,0,0
0.57751,0,0
0.58353,0,0
0.60476,0,0
0.64955,0,0
0.59099,0,0
0.43303,0,0
0.29826,0,0
0.18546,0,0
0.16237,0,0
0.25589,0,0
0.32661,0,0
0.36627,0,0
0.3496,0,0
0.27365,0,0
0.18662,0,0
0.15653,0,0
0.1908,0,0
0.25653,0,0
0.36527,0,0
0.48205,0,0
0.50132,0,0
0.44131,0,0
0.40055,0,0
0.43831,0,0
0.52091,0,0
0.60299,0,0
0.64342,0,0
0.64342,0,0
0.64511,0,0
0.64511,0,0
0.61446,0,0
0.55069,0,0
0.4859,0,0
0.42006,0,0
0.37895,0,0
0.36987,0,0
0.35971,0,0
0.35046,0,0
0.36189,0,0
0.39406,0,0
0.4508,0,0
0.50884,0,0
0.61458,0,0
0.78874,0,0
1.00849,0,0
1.23801,1,1
1.36023,1,1
1.32794,1,1
1.29851,1,1
1.27355,1,1
1.26513,0,0
1.27789,0,0
1.28661,0,0
1.29545,0,0
1.3132,0,0
1.33596,0,0
1.35952,0,0
1.379,0,0
1.37119,0,0
1.32519,0,0
1.2832,0,0
1.23567,0,0
1.32637,0,0
1.5671,0,0
1.84443,1,1
2.12175,1,1
2.11399,1,1
1.81765,0,0
1.53325,0,0
1.28384,0,0
1.11976,0,0
1.02863,0,0
0.9406,0,0
0.85553,0,0
0.81623,0,0
0.8136,0,0
0.80833,0,0
0.80312,0,0
0.77376,0,0
0.71995,0,0
0.66739,0,0
0.61768,0,0
0.56048,0,0
0.50118,0,0
0.51185,0,0
0.59406,0,0
0.61714,0,0
0.58864,0,0
0.55621,0,0
0.53792,0,0
0.59815,0,0
0.73724,0,0
0.7717,0,0
0.71707,0,0
0.67986,0,0
0.84536,0,0
1.01607,0,0
1.30544,0,0
1.575,0,0
1.79601,0,0
1.91897,1,1
1.93847,1,1
2.01992,1,1
2.16821,1,1
2.2125,1,1
2.16318,1,1
1.99991,1,1
1.75179,0,0
1.58517,0,0
1.4771,0,0
1.44437,0,0
1.4656,0,0
1.36987,0,0
1.18444,0,0
1.00858,0,0
0.84477,0,0
0.72079,0,0
0.62575,0,0
0.51658,0,0
0.42574,0,0
0.36612,0,0
0.33291,0,0
0.34177,0,0
0.41544,0,0
0.50174,0,0
0.58705,0,0
0.7345,0,0
0.95217,0,0
1.20021,0,0
1.46884,0,0
1.68131,0,0
1.83297,0,0
1.98643,1,1
2.13506,1,1
2.19023,1,1
2.15062,1,1
2.11475,1,1
2.07336,1,1
2.08144,1,1
2.13456,1,1
2.19508,1,1
2.25034,1,1
2.24819,1,1
2.17165,1,1
2.09159,1,1
2.01427,1,1
1.95548,1,1
1.93087,1,1
1.90386,1,1
1.87643,1,1
1.72958,1,1
1.46283,1,1
1.22866,1,1
0.99515,0,0
0.80705,0,0
0.65249,0,0
0.50565,0,0
0.41894,0,0
0.37518,0,0
0.37542,0,0
0.37566,0,0
0.3745,0,0
0.39229,0,0
0.42727,0,0
0.46013,0,0
0.49411,0,0
0.60162,0,0
0.7704,0,0
0.96124,0,0
1.18548,1,1
1.3163,1,1
1.36443,1,1
1.41794,1,1
1.47085,1,1
1.41874,1,1
1.28263,1,1
1.16211,0,0
1.04321,0,0
1.01602,0,0
1.07757,0,0
1.04894,0,0
0.91875,0,0
0.81155,0,0
0.76349,0,0
0.75158,0,0
0.85482,0,0
1.09358,0,0
1.35494,1,1
1.53329,1,1
1.58338,1,1
1.52469,1,1
1.36249,1,1
1.26495,1,1
1.23071,1,1
1.26146,1,1
1.3556,1,1
1.27644,1,1
1.02131,0,0
0.75179,0,0
0.58556,0,0
0.58333,0,0
0.68945,0,0
0.81682,0,0
0.90469,0,0
0.86802,0,0
0.71919,0,0
0.56986,0,0
0.46632,0,0
0.41411,0,0
0.40256,0,0
0.4149,0,0
0.41429,0,0
0.34187,0,0
0.2314,0,0
0.15606,0,0
0.11253,0,0
0.08652,0,0
0.07164,0,0
0.07493,0,0
0.08744,0,0
0.1065,0,0
0.12579,0,0
0.13028,0,0
0.11945,0,0
0.10851,0,0
0.09746,0,0
0.09213,0,0
0.09289,0,0
0.09341,0,0
0.09418,0,0
0.07631,0,0
0.04074,0,0
0.01398,0,0
0.00628,0,0
0.00153,0,0
0.0,0,0
0.0,0,0
0.0,0,0
0.0,0,0
0.0,0,0
0.0,0,0
0.0,0,0
0.00181,0,0
0.00516,0,0
0.00852,0,0
0.01187,0,0
0.01296,0,0
0.01173,0,0
0.01047,0,0
0.00919,0,0
0.00788,0,0
0.00652,0,0
0.00514,0,0
0.00374,0,0
0.00666,0,0
0.01399,0,0
0.02143,0,0
0.05493,0,0
0.07283,0,0
0.07283,0,0
0.07283,0,0
0.07283,0,0
0.10254,0,0
0.17939,0,0
0.26762,0,0
0.38179,0,0
0.43853,1,1
0.43398,1,1
0.431,1,1
0.42806,0,1
0.48107,1,1
0.59847,1,1
0.74817,1,1
0.90163,1,1
0.93166,1,1
0.90898,1,1
0.90023,1,1
0.88232,1,1
0.93169,1,1
1.04147,1,1
1.05633,1,1
0.97313,1,1
0.92721,1,1
0.93316,1,1
0.93253,1,1
0.92587,1,1
0.90137,1,1
0.85894,1,1
0.76855,1,1
0.63412,1,1
0.47414,1,1
0.32604,0,0
0.26636,0,0
0.25434,0,0
0.2392,0,0
0.21573,0,0
0.23253,0,0
0.28807,0,0
0.34927,0,0
0.42823,0,0
0.42067,0,0
0.32748,0,0
0.25934,0,0
0.21768,0,0
0.18118,0,0
0.14682,0,0
0.10686,0,0
0.06152,0,0
0.03764,0,0
0.0346,0,0
0.02052,0,0
0.00608,0,0
0.00194,0,0
0.0,0,0
0.0,0,0
0.0,0,0
0.0,0,0
0.0,0,0
0.0,0,0
0.0,0,0
0.0,0,0
0.00066,0,0
0.0045,0,0
0.00892,0,0
0.01336,0,0
0.02271,0,0
0.01654,0,0
0.00933,0,0
0.00208,0,0
0.0,0,0
0.0,0,0
0.0,0,0
0.0,0,0
0.001,0,0
0.00012,0,0
0.0,0,0
0.0,0,0
0.0,0,0
0.0,0,0
0.0,0,0
0.0,0,0
0.0,0,0
0.0,0,0
0.0,0,0
0.0,0,0
0.0,0,0
0.0,0,0
0.0,0,0
0.0,0,0
0.0,0,0
0.0,0,0
0.0,0,0
0.0,0,0
0.0,0,0
0.0,0,0
0.0,0,0
0.0,0,0
0.0,0,0
0.0,0,0
0.0,0,0
0.0,0,0
0.0,0,0
0.00189,0,0
0.00533,0,0
0.00867,0,0
0.01197,0,0
0.06089,0,0
0.17338,0,0
0.30499,0,0
0.45392,0,0
0.5581,0,0
0.60885,0,0
0.68274,0,0
0.77835,1,1
0.89117,1,1
1.01933,1,1
1.09491,1,1
1.10258,1,1
1.11957,1,1
1.14151,1,1
1.17467,1,1
1.22788,1,1
1.30625,1,1
1.41654,1,1
1.38117,1,1
1.20346,1,1
1.01366,1,1
0.81496,1,1
0.76091,0,1
0.84684,1,1
0.9142,1,1
0.96233,1,1
0.97909,1,1
0.96397,1,1
0.95611,1,1
0.95526,1,1
0.89491,1,1
0.78903,1,1
0.68833,0,0
0.59983,0,0
0.56801,0,0
0.57348,0,0
0.56344,0,0
0.53238,0,0
0.41975,0,0
0.26775,0,0
0.16972,0,0
0.12794,0,0
0.10461,0,0
0.11845,0,0
0.1498,0,0
0.17712,0,0
0.20463,0,0
0.24219,0,0
0.28337,0,0
0.32944,0,0
0.37822,0,0
0.46041,0,0
0.47795,0,0
0.43077,0,0
0.38198,0,0
0.35582,0,0
0.3066,0,0
0.23532,0,0
0.17784,0,0
0.1246,0,0
0.09259,0,0
0.08236,0,0
0.07223,0,0
0.06191,0,0
0.05744,0,0
0.05885,0,0
0.06052,0,0
0.06228,0,0
0.06617,0,0
0.07255,0,0
0.07898,0,0
0.08545,0,0
0.09694,0,0
0.11407,0,0
0.14046,0,0
0.16718,0,0
0.18935,0,0
0.20612,0,0
0.22392,0,0
0.24125,0,0
0.25091,0,0
0.25183,0,0
0.25276,0,0
0.25278,0,0
0.27771,0,0
0.34018,0,0
0.40414,0,0
0.46934,0,0
0.50201,0,0
0.49855,0,0
0.49341,0,0
0.48838,0,0
0.46269,0,0
0.42525,0,0
0.387,0,0
0.3495,0,0
0.40297,0,0
0.61561,0,0
0.90839,0,0
1.27292,1,1
1.37351,1,1
1.13101,0,0
1.06888,0,0
1.21472,0,0
1.33762,1,1
1.43241,1,1
1.46465,1,1
1.43651,1,1
1.43505,1,1
1.48236,1,1
1.58498,1,1
1.82304,1,1
1.90203,1,1
1.82964,1,1
1.71998,1,1
1.60949,1,1
1.58163,1,1
1.65251,1,1
1.76047,1,1
1.87625,1,1
1.92303,1,1
1.86047,1,1
1.7656,1,1
1.63162,1,1
1.48592,1,1
1.32126,1,1
1.19289,0,0
1.10292,0,0
1.05927,0,0
1.03891,0,0
0.94716,0,0
0.80762,0,0
0.66944,0,0
0.53318,0,0
0.41042,0,0
0.30588,0,0
0.21636,0,0
0.16062,0,0
0.1188,0,0
0.09322,0,0
0.07804,0,0
0.05905,0,0
0.04004,0,0
0.02078,0,0
0.02095,0,0
0.04082,0,0
0.06102,0,0
0.08179,0,0
0.08731,0,0
0.07765,0,0
0.06788,0,0
0.058,0,0
0.05044,0,0
0.04543,0,0
0.04038,0,0
0.0353,0,0
0.03028,0,0
0.02527,0,0
0.02017,0,0
0.01645,0,0
0.01617,0,0
0.01656,0,0
0.01703,0,0
0.01747,0,0
0.01775,0,0
0.01782,0,0
0.01788,0,0
0.01788,0,0
0.01678,0,0
0.01437,0,0
0.01194,0,0
0.00941,0,0
0.00449,0,0
0.0,0,0
0.0,0,0
0.0,0,0
0.0,0,0
0.0,0,0
0.0,0,0
0.0,0,0
0.0,0,0
0.0,0,0
0.0,0,0
0.0,0,0
0.0,0,0
0.0,0,0
0.0,0,0
0.0,0,0
0.0,0,0
0.0,0,0
0.0,0,0
0.0,0,0
0.04464,0,0
0.14626,0,0
0.25902,0,0
0.3809,0,0
0.4846,0,0
0.5765,1,1
0.64151,1,1
0.65499,1,1
0.65926,1,1
0.65435,1,1
0.70205,1,1
0.81409,1,1
0.94442,1,1
1.0967,1,1
1.13728,1,1
1.06465,1,1
1.02214,1,1
0.9985,1,1
0.92778,1,1
0.81757,1,1
0.66956,1,1
0.5668,0,0
0.53399,0,0
0.48097,0,0
0.40647,0,0
0.50732,0,0
0.49389,0,0
0.52977,0,0
0.6046,1,1
0.71353,1,1
0.7509,1,1
0.7169,1,1
0.70636,1,1
0.71175,1,1
0.64996,1,1
0.53488,0,0
0.44652,0,0
0.38313,0,0
0.2949,0,0
0.21717,0,0
0.16516,0,0
0.1482,0,0
0.15737,0,0
0.18596,0,0
0.23068,0,0
0.26835,0,0
0.30649,0,0
0.34418,0,0
0.40176,0,0
0.4715,0,0
0.54361,0,0
0.61703,1,0
0.54723,0,0
0.35234,0,0
0.23274,0,0
0.13963,0,0
0.10168,0,0
0.11458,0,0
0.12729,0,0
0.1401,0,0
0.14103,0,0
0.12949,0,0
0.11813,0,0
0.10655,0,0
0.09589,0,0
0.0872,0,0
0.07826,0,0
0.06848,0,0
0.07456,0,0
0.09634,0,0
0.1219,0,0
0.15607,0,0
0.1377,0,0
0.08286,0,0
0.03559,0,0
0.01343,0,0
0.01251,0,0
0.02173,0,0
0.06189,0,0
0.10271,0,0
0.16429,0,0
0.24468,0,0
0.34153,0,0
0.45144,0,0
0.58522,0,0
0.72933,0,0
0.87589,0,0
1.0674,0,0
1.12932,0,0
1.0533,0,0
0.9742,0,0
0.89602,0,0
0.83553,0,0
0.77673,0,0
0.72146,0,0
0.66456,0,0
0.71292,0,0
0.9334,0,0
1.24115,0,0
1.63258,0,0
1.88888,1,1
1.97224,1,1
2.31829,1,1
2.97339,1,1
3.22584,1,1
3.09528,1,1
2.93733,1,1
2.75456,1,1
2.58,1,1
2.39365,1,1
2.26179,1,1
2.14206,1,1
2.14934,1,1
2.20962,1,1
2.2107,1,1
2.15251,1,1
2.04911,1,1
1.90641,1,1
1.81119,1,1
1.77202,1,1
1.76772,1,1
1.7946,1,1
1.78525,1,1
1.73156,1,1
1.69085,0,0
1.65247,0,0
1.58964,0,0
1.51509,0,0
1.42385,0,0
1.31749,0,0
1.17068,0,0
0.99759,0,0
0.91968,0,0
0.90684,0,0
0.67825,0,0
0.35455,0,0
0.25747,0,0
0.25249,0,0
0.21084,0,0
0.19213,0,0
0.15642,0,0
0.08756,0,0
0.04087,0,0
0.01171,0,0
0.00622,0,0
0.00515,0,0
0.00405,0,0
0.00295,0,0
0.00524,0,0
0.01098,0,0
0.0168,0,0
0.0429,0,0
0.04582,0,0
0.02386,0,0
0.01421,0,0
0.00955,0,0
0.00487,0,0
0.00012,0,0
0.0,0,0
0.0,0,0
0.0,0,0
0.0,0,0
0.0,0,0
0.00079,0,0
0.0018,0,0
0.0,0,0
0.0,0,0
0.0,0,0
0.0,0,0
0.0,0,0
0.0,0,0
0.0,0,0
0.0,0,0
0.0,0,0
0.0,0,0
0.0,0,0
0.0,0,0
0.0,0,0
0.0,0,0
0.0,0,0
0.0,0,0
0.0,0,0
0.0,0,0
0.0,0,0
0.0,0,0
0.0,0,0
0.0,0,0
0.0,0,0
0.0,0,0
0.00585,0,0
0.01319,0,0
0.02246,0,0
0.12496,0,0
0.32614,0,0
0.57673,0,0
0.87327,0,0
1.00996,0,0
0.97141,0,0
0.9969,0,0
1.07349,0,0
1.18015,0,0
1.31277,1,1
1.42156,1,1
1.50756,1,1
1.6272,1,1
1.77518,1,1
1.85959,1,1
1.86562,1,1
1.87813,1,1
1.89859,1,1
1.89582,1,1
1.86945,1,1
1.85957,1,1
1.8712,1,1
1.85486,1,1
1.81617,1,1
1.78552,1,1
1.77206,1,1
1.7174,1,1
1.61841,1,1
1.53668,1,1
1.46469,1,1
1.41032,1,1
1.36433,1,1
1.32636,1,1
1.27909,0,0
1.16373,0,0
0.99587,0,0
0.83772,0,0
0.68429,0,0
0.53126,0,0
0.37844,0,0
0.24825,0,0
0.16684,0,0
0.10912,0,0
0.07878,0,0
0.0696,0,0
0.06477,0,0
0.0599,0,0
0.05485,0,0
0.07054,0,0
0.11511,0,0
0.17298,0,0
0.2372,0,0
0.27814,0,0
0.27909,0,0
0.28085,0,0
0.28182,0,0
0.28361,0,0
0.28542,0,0
0.28808,0,0
0.29079,0,0
0.24597,0,0
0.17347,0,0
0.10408,0,0
0.05875,0,0
0.03648,0,0
0.0373,0,0
0.03817,0,0
0.03907,0,0
0.03658,0,0
0.03048,0,0
0.02429,0,0
0.01978,0,0
0.02474,0,0
0.04499,0,0
0.06608,0,0
0.08764,0,0
0.10773,0,0
0.12607,0,0
0.15437,0,0
0.18331,0,0
0.24063,0,0
0.33487,0,0
0.44974,0,0
0.5964,0,0
0.75317,0,0
0.85772,0,0
0.972,0,0
1.11606,0,0
1.07311,0,0
0.86369,0,0
0.71057,0,0
0.55953,0,0
0.42127,0,0
0.3028,0,0
0.20641,0,0
0.12034,0,0
0.15994,0,0
0.33857,0,0
0.56424,0,0
0.83593,0,0
0.99863,0,0
1.01958,0,0
1.10656,0,0
1.27037,0,0
1.42746,1,1
1.57149,1,1
1.65805,1,1
1.67388,1,1
1.71894,1,1
1.78037,1,1
1.83306,1,1
1.87098,1,1
1.90398,1,1
1.93112,1,1
1.93886,1,1
1.92736,1,1
1.92542,1,1
1.92352,1,1
1.89445,1,1
1.82902,1,1
1.78351,1,1
1.75218,1,1
1.71467,1,1
1.66465,1,1
1.59257,1,1
1.50899,1,1
1.42702,1,1
1.34083,1,1
1.25862,0,0
1.17616,0,0
1.0394,0,0
0.85686,0,0
0.71531,0,0
0.60526,0,0
0.45577,0,0
0.29282,0,0
0.1917,0,0
0.11627,0,0
0.04281,0,0
0.02654,0,0
0.02018,0,0
0.01193,0,0
0.00723,0,0
0.00249,0,0
0.00038,0,0
0.00091,0,0
0.00146,0,0
0.00201,0,0
0.00503,0,0
0.01054,0,0
0.01612,0,0
0.04127,0,0
0.04699,0,0
0.03132,0,0
0.01677,0,0
0.01349,0,0
0.00983,0,0
0.00575,0,0
0.00162,0,0
0.0,0,0
0.0,0,0
0.0,0,0
0.0,0,0
0.0,0,0
0.0,0,0
0.0,0,0
0.0,0,0
0.0,0,0
0.0,0,0
0.0,0,0
0.0,0,0
0.0,0,0
0.0,0,0
0.0,0,0
0.0,0,0
0.0,0,0
0.0,0,0
0.0,0,0
0.0,0,0
0.00203,0,0
0.0028,0,0
0.00204,0,0
0.00128,0,0
0.00053,0,0
0.0,0,0
0.0,0,0
0.0,0,0
0.0,0,0
0.0,0,0
0.0,0,0
0.0,0,0
0.0,0,0
0.0484,0,0
0.15463,0,0
0.25404,0,0
0.33482,0,0
0.34434,0,0
0.29243,0,0
0.30888,0,0
0.4331,0,0
0.57837,1,1
0.69323,1,1
0.77328,1,1
0.8189,1,1
0.90727,1,1
1.0363,1,1
1.03764,1,1
0.90263,1,1
0.7788,1,1
0.66452,1,1
0.62645,1,1
0.66771,1,1
0.69549,1,1
0.70728,1,1
0.70672,1,1
0.6919,1,1
0.66756,1,1
0.63214,1,1
0.65866,1,1
0.73884,1,1
0.84653,1,1
0.97453,1,1
0.91508,1,1
0.68339,1,1
0.46052,0,0
0.33362,0,0
0.28351,0,0
0.22203,0,0
0.14781,0,0
0.0646,0,0
0.03253,0,0
0.04919,0,0
0.06532,0,0
0.07333,0,0
0.05494,0,0
0.01419,0,0
0.01559,0,0
0.0544,0,0
0.09784,0,0
0.16506,0,0
0.18747,0,0
0.16318,0,0
0.13862,0,0
0.11409,0,0
0.08735,0,0
0.05985,0,0
0.0322,0,0
0.01474,0,0
0.01424,0,0
0.02413,0,0
0.04692,0,0
0.06977,0,0
0.06733,0,0
0.03888,0,0
0.01643,0,0
0.01045,0,0
0.00659,0,0
0.00486,0,0
0.00304,0,0
0.00113,0,0
0.0,0,0
0.0,0,0
0.0,0,0
0.0,0,0
0.0,0,0
0.0,0,0
0.0,0,0
0.0,0,0
0.0,0,0
0.00409,0,0
0.01061,0,0
0.01722,0,0
0.01808,0,0
0.013,0,0
0.00786,0,0
0.00273,0,0
0.00422,0,0
0.01231,0,0
0.02041,0,0
0.05299,0,0
0.06131,0,0
0.04008,0,0
0.02096,0,0
0.01653,0,0
0.01565,0,0
0.01834,0,0
0.0218,0,0
0.03482,0,0
0.04068,0,0
0.05589,0,0
0.07731,0,0
0.09831,0,0
0.09233,0,0
0.06264,0,0
0.05471,0,0
0.06621,0,0
0.06319,0,0
0.04658,0,0
0.0679,0,0
0.12677,0,0
0.18489,0,0
0.24195,1,1
0.26109,1,1
0.24488,1,1
0.23431,1,1
0.22902,1,1
0.2402,1,1
0.26735,1,1
0.30263,1,1
0.34703,1,1
0.34115,1,1
0.28549,1,1
0.24166,1,1
0.21053,0,0
0.19086,0,0
0.18988,0,0
0.18223,0,0
0.16737,0,0
0.14791,0,0
0.12303,0,0
0.08834,0,0
0.04413,0,0
0.03136,0,0
0.04257,0,0
0.05525,0,0
0.08866,0,0
0.11849,0,0
0.14628,0,0
0.16668,0,0
0.16928,0,0
0.176,0,0
0.18678,0,0
0.18122,0,0
0.15725,0,0
0.13353,0,0
0.10925,0,0
0.11397,0,0
0.14822,0,0
0.18253,0,0
0.21784,1,1
0.22545,1,1
0.20417,0,0
0.18345,0,0
0.16215,0,0
0.16686,0,0
0.19786,0,0
0.22925,1,1
0.27213,1,1
0.31849,1,1
0.36837,1,1
0.42314,1,1
0.5138,1,1
0.52166,1,1
0.44306,1,1
0.39792,1,1
0.3552,1,1
0.34985,0,0
0.38488,0,0
0.42016,0,0
0.45567,0,0
0.54764,0,0
0.69128,0,0
0.83501,1,1
1.03083,1,1
1.16791,1,1
1.23072,1,1
1.29444,1,1
1.35414,1,1
1.39176,1,1
1.39688,1,1
1.40204,1,1
1.40723,1,1
1.34187,1,1
1.21117,1,1
1.08046,1,1
0.95329,1,1
0.81093,1,1
0.64564,0,0
0.49091,0,0
0.40053,0,0
0.41054,0,0
0.54785,0,0
0.74788,0,0
0.97996,1,1
1.14235,1,1
1.19466,1,1
1.24135,1,1
1.28239,1,1
1.22622,1,1
1.08703,1,1
0.95748,1,1
0.84075,1,1
0.72955,0,0
0.61078,0,0
0.48715,0,0
0.40077,0,0
0.31755,0,0
0.2518,0,0
0.18518,0,0
0.12467,0,0
0.07701,0,0
0.03528,0,0
0.02715,0,0
0.03341,0,0
0.03734,0,0
0.04117,0,0
0.0456,0,0
0.05012,0,0
0.05556,0,0
0.06211,0,0
0.06577,0,0
0.06611,0,0
0.06946,0,0
0.07587,0,0
0.07324,0,0
0.06186,0,0
0.05262,0,0
0.0457,0,0
0.03837,0,0
0.03065,0,0
0.02162,0,0
0.01144,0,0
0.00684,0,0
0.00758,0,0
0.00713,0,0
0.00546,0,0
0.00344,0,0
0.0,0,0
0.0,0,0
0.0,0,0
0.0,0,0
0.0,0,0
0.0,0,0
0.0,0,0
0.0,0,0
0.0,0,0
0.00153,0,0
0.00437,0,0
0.0072,0,0
0.01007,0,0
0.01099,0,0
0.00987,0,0
0.00878,0,0
0.00765,0,0
0.01002,0,0
0.01599,0,0
0.03829,0,0
0.0671,0,0
0.07946,0,0
0.07556,0,0
0.07123,0,0
0.06692,0,0
0.07255,0,0
0.0889,0,0
0.10512,0,0
0.12531,0,0
0.11471,0,0
0.08335,0,0
0.05131,0,0
0.02039,0,0
0.01497,0,0
0.01082,0,0
0.0066,0,0
0.00232,0,0
0.00015,0,0
0.00015,0,0
0.00015,0,0
0.00015,0,0
0.0,0,0
0.0,0,0
0.0,0,0
0.0,0,0
0.0,0,0
0.0,0,0
0.0,0,0
0.0,0,0
0.0,0,0
0.00327,0,0
0.01018,0,0
0.01714,0,0
0.04283,0,0
0.0875,0,0
0.11236,0,0
0.11743,0,0
0.13597,0,0
0.16626,0,0
0.17278,0,0
0.17726,1,0
0.14485,0,0
0.07159,0,0
0.09629,0,0
0.20133,1,1
0.30816,1,1
0.41484,1,1
0.46577,1,1
0.4803,1,1
0.51217,1,1
0.56066,1,1
0.5283,1,1
0.41667,1,1
0.33602,1,1
0.28436,1,1
0.28673,1,1
0.33161,1,1
0.36672,1,1
0.40987,1,1
0.46278,1,1
0.53911,1,1
0.56694,1,1
0.51402,1,1
0.47506,1,1
0.42442,1,1
0.32986,1,1
0.21816,1,1
0.13638,0,0
0.0868,0,0
0.07999,0,0
0.07656,0,0
0.06591,0,0
0.05034,0,0
0.03765,0,0
0.02716,0,0
0.01625,0,0
0.0052,0,0
0.0,0,0
0.0,0,0
0.0,0,0
0.0,0,0
0.0,0,0
0.0,0,0
0.0,0,0
0.0,0,0
0.0,0,0
0.0,0,0
0.0,0,0
0.0,0,0
0.0,0,0
0.0,0,0
0.0,0,0
0.0,0,0
0.0,0,0
0.0,0,0
0.0,0,0
0.0,0,0
0.0,0,0
0.0,0,0
0.0,0,0
0.0,0,0
0.0,0,0
0.0,0,0
0.0,0,0
0.0,0,0
0.0,0,0
0.0,0,0
0.0,0,0
0.0,0,0
0.00015,0,0
0.00015,0,0
0.00015,0,0
0.00015,0,0
0.00163,0,0
0.00458,0,0
0.00757,0,0
0.01054,0,0
0.01723,0,0
0.04831,0,0
0.09821,0,0
0.15898,0,0
0.1973,0,0
0.19674,0,0
0.19546,0,0
0.1949,0,0
0.17995,0,0
0.16538,0,0
0.16728,0,0
0.17914,0,0
0.29389,0,0
0.58014,0,0
0.95081,0,0
1.48641,0,0
1.75808,1,1
1.64098,1,1
1.62113,0,1
1.72844,1,1
1.76941,1,1
1.7587,1,1
1.7509,1,1
1.69352,1,1
1.68589,1,1
1.72324,1,1
1.72266,1,1
1.69762,1,1
1.66645,1,1
1.62968,0,0
1.63788,0,0
1.69741,1,1
1.75523,1,1
1.8151,1,1
1.83659,1,1
1.81461,1,1
1.80462,1,1
1.80021,1,1
1.73016,1,1
1.60508,0,0
1.49526,0,0
1.4049,0,0
1.30673,0,0
1.21017,0,0
1.17942,0,0
1.23108,0,0
1.1868,0,0
1.09627,0,0
1.08232,0,0
1.29892,0,0
1.69588,1,1
2.07556,1,1
2.1146,1,1
1.7987,1,1
1.46511,0,0
1.13282,0,0
0.87729,0,0
0.65528,0,0
0.4874,0,0
0.34768,0,0
0.28004,0,0
0.2362,0,0
0.20082,0,0
0.16869,0,0
0.1784,0,0
0.23152,0,0
0.30324,0,0
0.37551,0,0
0.37694,0,0
0.30673,0,0
0.23597,0,0
0.18322,0,0
0.1468,0,0
0.12512,0,0
0.10372,0,0
0.08997,0,0
0.09997,0,0
0.15024,0,0
0.2058,0,0
0.26634,0,0
0.29726,0,0
0.27904,0,0
0.26236,0,0
0.24917,0,0
0.25711,0,0
0.28981,0,0
0.33018,0,0
0.37176,0,0
0.39465,0,0
0.39939,0,0
0.40274,0,0
0.40765,0,0
0.3904,0,0
0.35106,0,0
0.31193,0,0
0.28015,0,0
0.25151,0,0
0.22301,0,0
0.19396,0,0
0.16588,0,0
0.17242,0,0
0.21244,0,0
0.25116,0,0
0.29342,0,0
0.32564,0,0
0.3562,0,0
0.40744,0,0
0.46043,0,0
0.57312,0,0
0.78376,0,0
1.05372,0,0
1.35726,0,0
1.60903,0,0
1.77239,1,1
1.90651,1,1
1.99821,1,1
2.04936,1,1
2.0636,1,1
2.06905,1,1
2.03222,1,1
2.00231,1,1
2.00225,1,1
1.98071,1,1
1.94548,1,1
1.92948,1,1
1.92169,1,1
1.90738,1,1
1.89312,1,1
1.8922,1,1
1.91553,1,1
1.91236,1,1
1.88838,1,1
1.85006,1,1
1.81328,1,1
1.76447,1,1
1.70936,1,1
1.65964,1,1
1.62355,0,0
1.54279,0,0
1.42879,0,0
1.33922,0,0
1.27565,0,0
1.14475,0,0
0.97136,0,0
0.81156,0,0
0.66518,0,0
0.53232,0,0
0.40337,0,0
0.29233,0,0
0.20261,0,0
0.12805,0,0
0.07384,0,0
0.05524,0,0
0.06056,0,0
0.06591,0,0
0.0713,0,0
0.08474,0,0
0.11264,0,0
0.14656,0,0
0.18058,0,0
0.2046,0,0
0.21783,0,0
0.23426,0,0
0.25231,0,0
0.26913,0,0
0.28415,0,0
0.29952,0,0
0.31528,0,0
0.33652,0,0
0.36322,0,0
0.39147,0,0
0.42026,0,0
0.41942,0,0
0.39024,0,0
0.35968,0,0
0.32765,0,0
0.36314,0,0
0.46791,0,0
0.65467,1,1
0.84909,1,1
0.9078,1,1
0.79275,1,1
0.68838,1,1
0.578,1,1
0.47487,0,0
0.38793,0,0
0.29962,0,0
0.23357,0,0
0.20071,0,0
0.20077,0,0
0.20158,0,0
0.20241,0,0
0.22435,0,0
0.26669,0,0
0.31323,0,0
0.3698,0,0
0.38671,0,0
0.36546,0,0
0.34493,0,0
0.3251,0,0
0.33568,0,0
0.38506,0,0
0.44589,0,0
0.50548,0,0
0.5764,1,1
0.65433,1,1
0.70002,1,1
0.71526,1,1
0.80626,1,1
0.97962,1,1
1.24675,1,1
1.55258,1,1
1.64719,1,1
1.5061,1,1
1.40598,1,1
1.32928,1,1
1.36167,1,1
1.50918,1,1
1.49181,1,1
1.32023,1,1
1.03762,1,1
0.70915,1,1
0.53022,0,0
0.44908,0,0
0.40061,0,0
0.36175,0,0
0.342,0,0
0.33037,0,0
0.33035,0,0
0.34399,0,0
0.36886,0,0
0.40536,0,0
0.46364,0,0
0.54609,0,0
0.51659,0,0
0.37625,0,0
0.25248,0,0
0.14663,0,0
0.10564,0,0
0.12726,0,0
0.12727,0,0
0.10826,0,0
0.09222,0,0
0.07087,0,0
0.05074,0,0
0.03181,0,0
0.01556,0,0
0.00468,0,0
0.0,0,0
0.0,0,0
0.0,0,0
0.0,0,0
0.0,0,0
0.0,0,0
0.0,0,0
0.0,0,0
0.0,0,0
0.0,0,0
0.0,0,0
0.0,0,0
0.0,0,0
0.0,0,0
0.0,0,0
0.00102,0,0
0.00433,0,0
0.00801,0,0
0.01177,0,0
0.01559,0,0
0.01678,0,0
0.01523,0,0
0.01366,0,0
0.01196,0,0
0.00873,0,0
0.00395,0,0
0.0,0,0
0.0,0,0
0.0,0,0
0.0,0,0
0.0,0,0
0.0,0,0
0.0,0,0
0.0,0,0
0.0,0,0
0.0,0,0
0.0,0,0
0.00091,0,0
0.00548,0,0
0.01009,0,0
0.00971,0,0
0.00436,0,0
0.0,0,0
0.0,0,0
0.0,0,0
0.0,0,0
0.0,0,0
0.0,0,0
0.0,0,0
0.00975,0,0
0.03217,0,0
0.05933,0,0
0.06728,0,0
0.05652,0,0
0.05664,0,0
0.07099,0,0
0.06781,0,0
0.04731,0,0
0.08437,0,0
0.17761,0,0
0.25602,0,0
0.32083,0,0
0.3837,1,1
0.44247,1,1
0.5233,1,1
0.62682,1,1
0.66154,1,1
0.63227,1,1
0.60174,1,1
0.5715,1,1
0.60483,1,1
0.69982,1,1
0.8056,1,1
0.91991,1,1
0.92765,1,1
0.83451,1,1
0.78488,1,1
0.78079,1,1
0.71828,1,1
0.5953,1,1
0.45769,1,1
0.34707,1,1
0.31064,0,0
0.32445,0,0
0.32653,1,0
0.31799,0,0
0.29877,0,0
0.27915,0,0
0.272,0,0
0.26495,0,0
0.22548,0,0
0.16177,0,0
0.10335,0,0
0.05384,0,0
0.02334,0,0
0.00742,0,0
0.0,0,0
0.0,0,0
0.0,0,0
0.0,0,0
0.0,0,0
0.0,0,0
0.0,0,0
0.0007,0,0
0.00479,0,0
0.0095,0,0
0.01423,0,0
0.02413,0,0
0.03268,0,0
0.0272,0,0
0.02159,0,0
0.01755,0,0
0.0333,0,0
0.07404,0,0
0.12085,0,0
0.18561,0,0
0.29331,0,0
0.48709,1,1
0.80695,1,1
1.26793,1,1
1.32412,1,1
0.96589,1,1
0.67286,1,1
0.44056,0,0
0.336,0,0
0.27121,0,0
0.22281,0,0
0.17301,0,0
0.12933,0,0
0.10426,0,0
0.0806,0,0
0.05658,0,0
0.03913,0,0
0.02865,0,0
0.02135,0,0
0.01919,0,0
0.01994,0,0
0.02867,0,0
0.04642,0,0
0.06395,0,0
0.06548,0,0
0.0512,0,0
0.03688,0,0
0.02285,0,0
0.03994,0,0
0.0873,0,0
0.14511,0,0
0.21999,0,0
0.27022,0,0
0.29803,0,0
0.2934,0,0
0.25581,0,0
0.21,0,0
0.15606,0,0
0.14885,0,0
0.19363,0,0
0.23205,0,0
0.2637,0,0
0.25703,0,0
0.23061,0,0
0.21248,0,0
0.21763,0,0
0.27291,0,0
0.37031,0,0
0.45854,0,0
0.52544,0,0
0.59435,0,0
0.67237,1,1
0.77865,1,1
0.93086,1,1
1.06554,1,1
1.14402,1,1
1.2589,1,1
1.36394,1,1
1.46805,1,1
1.57722,1,1
1.72372,1,1
1.89259,1,1
2.01221,1,1
2.0715,1,1
2.06431,1,1
1.98411,1,1
1.95529,1,1
1.9662,1,1
1.75832,1,1
1.32111,1,1
0.92854,1,1
0.61957,1,1
0.4676,0,0
0.41183,0,0
0.371,0,0
0.32054,0,0
0.28237,0,0
0.25538,0,0
0.22887,0,0
0.20598,0,0
0.18032,0,0
0.14853,0,0
0.11619,0,0
0.08872,0,0
0.09337,0,0
0.13758,0,0
0.18528,0,0
0.23489,0,0
0.26005,0,0
0.24304,0,0
0.2275,0,0
0.21574,0,0
0.23409,0,0
0.30313,0,0
0.37233,0,0
0.45792,0,0
0.4836,0,0
0.42058,0,0
0.37888,0,0
0.33491,0,0
0.30175,0,0
0.28217,0,0
0.26428,0,0
0.25001,0,0
0.24413,0,0
0.24591,0,0
0.24858,0,0
0.25042,0,0
0.29338,0,0
0.39817,0,0
0.50455,0,0
0.69447,0,0
0.64561,0,0
0.42411,0,0
0.26868,0,0
0.14767,0,0
0.1249,0,0
0.19497,0,0
0.26627,0,0
0.35462,0,0
0.39344,0,0
0.37573,0,0
0.35696,0,0
0.33982,0,0
0.25521,0,0
0.1551,0,0
0.12478,0,0
0.14365,0,0
0.18509,0,0
0.21684,0,0
0.26525,0,0
0.33626,0,0
0.41002,0,0
0.48443,0,0
0.51602,0,0
0.50398,0,0
0.48928,0,0
0.47528,0,0
0.49974,0,0
0.5679,0,0
0.65637,0,0
0.76287,0,0
0.80762,1,0
0.76449,0,0
0.72294,0,0
0.66681,0,0
0.66965,0,0
0.73874,0,0
0.78355,0,0
0.80346,1,1
0.78362,1,1
0.72596,0,0
0.68981,0,0
0.67833,0,0
0.62787,0,0
0.54181,0,0
0.46739,0,0
0.40589,0,0
0.3688,0,0
0.35633,0,0
0.33544,0,0
0.30619,0,0
0.2317,0,0
0.11076,0,0
0.07258,0,0
0.12108,0,0
0.18152,0,0
0.2517,0,0
0.31105,0,0
0.34843,0,0
0.37273,0,0
0.38564,0,0
0.61183,0,0
1.2109,1,1
1.9468,1,1
2.61292,1,1
2.88085,1,1
2.79075,1,1
2.69897,1,1
2.6022,1,1
2.58753,1,1
2.65101,1,1
2.72177,1,1
2.79104,1,1
2.63087,1,1
2.22594,1,1
1.77954,1,1
1.30731,1,1
1.06643,1,1
1.00842,1,1
0.95289,1,1
0.89663,1,1
0.84744,1,1
0.8017,1,1
0.77178,0,0
0.74372,0,0
0.82878,1,1
1.10456,1,1
1.39183,1,1
1.73693,1,1
1.83533,1,1
1.68253,1,1
1.52096,1,1
1.3738,1,1
1.2098,1,1
1.01913,1,1
0.84956,1,1
0.70962,0,0
0.58274,0,0
0.49431,0,0
0.43404,0,0
0.37371,0,0
0.31447,0,0
0.26498,0,0
0.2214,0,0
0.17678,0,0
0.11828,0,0
0.0642,0,0
0.01975,0,0
0.0086,0,0
0.00307,0,0
0.01093,0,0
0.02743,0,0
0.04418,0,0
0.12001,0,0
0.26853,0,0
0.34548,0,0
0.32689,0,0
0.32261,0,0
0.34036,0,0
0.36879,0,0
0.41092,0,0
0.4547,0,0
0.49867,0,0
0.51993,0,0
0.51663,0,0
0.53407,0,0
0.56874,0,0
0.55187,0,0
0.48172,0,0
0.42871,0,0
0.39232,0,0
0.34432,0,0
0.28719,0,0
0.22442,0,0
0.16397,0,0
0.15254,0,0
0.21925,0,0
0.25572,0,0
0.26109,0,0
0.22329,0,0
0.15823,0,0
0.07668,0,0
0.02937,0,0
0.03067,0,0
0.07092,0,0
0.13088,0,0
0.17015,0,0
0.19018,0,0
0.19024,0,0
0.21217,0,0
0.25267,0,0
0.2355,0,0
0.16565,0,0
0.13244,0,0
0.1628,0,0
0.24277,0,0
0.37614,0,0
0.44436,0,0
0.3789,0,0
0.3335,0,0
0.28865,0,0
0.2727,0,0
0.28614,0,0
0.29974,0,0
0.3135,0,0
0.39671,0,0
0.65707,0,0
1.00796,1,1
1.43441,1,1
1.52264,1,1
1.23231,1,1
0.9848,1,1
0.74408,0,1
0.82141,1,1
1.23311,1,1
1.73776,1,1
2.22762,1,1
2.5627,1,1
2.76706,1,1
2.98224,1,1
3.20663,1,1
3.16119,1,1
2.82903,1,1
2.48181,1,1
2.12297,1,1
1.94042,1,1
1.96783,1,1
1.98895,1,1
2.01052,1,1
2.02512,1,1
2.03246,1,1
2.03985,1,1
2.0473,1,1
1.83752,1,1
1.42789,1,1
1.06955,1,1
0.77269,1,1
0.66262,0,1
0.70399,1,1
0.7426,1,1
0.78094,1,1
0.68276,0,0
0.47918,0,0
0.35033,0,0
0.24038,0,0
0.1683,0,0
0.12959,0,0
0.11643,0,0
0.10358,0,0
0.15131,0,0
0.26171,0,0
0.33834,0,0
0.38074,0,0
0.457,0,0
0.56871,0,0
0.60334,0,0
0.55598,0,0
0.49526,0,0
0.45305,0,0
0.44229,0,0
0.41825,0,0
0.3749,0,0
0.40131,0,0
0.43131,0,0
0.53876,0,0
0.69363,0,0
0.90241,1,1
0.91044,1,1
0.71116,1,1
0.5645,0,0
0.48186,0,0
0.42048,0,0
0.33388,0,0
0.19441,0,0
0.09531,0,0
0.08532,0,0
0.07759,0,0
0.05651,0,0
0.23538,0,0
0.24165,0,0
0.24867,0,0
0.36799,0,0
0.59348,0,0
0.60267,0,0
0.40987,0,0
0.28226,0,0
0.21781,0,0
0.1965,0,0
0.21746,0,0
0.2379,0,0
0.25902,0,0
0.31079,0,0
0.37422,0,0
0.36589,0,0
0.28542,0,0
0.21052,0,0
0.15078,0,0
0.11409,0,0
0.10173,0,0
0.09383,0,0
0.08584,0,0
0.10794,0,0
0.18463,0,0
0.27094,0,0
0.37717,0,0
0.48493,0,0
0.58798,0,0
0.68955,0,0
0.80354,1,1
0.77439,1,1
0.62977,0,0
0.4828,0,0
0.38174,0,0
0.35642,0,0
0.38961,0,0
0.42411,0,0
0.46001,0,0
0.4594,0,0
0.4208,0,0
0.38165,0,0
0.34195,0,0
0.31346,0,0
0.29626,0,0
0.27948,0,0
0.26731,0,0
0.26207,0,0
0.26407,0,0
0.26609,0,0
0.26815,0,0
0.22963,0,0
0.15107,0,0
0.09315,0,0
0.04217,0,0
0.02222,0,0
0.0273,0,0
0.03439,0,0
0.04127,0,0
0.05649,0,0
0.07993,0,0
0.10235,0,0
0.12614,0,0
0.16881,0,0
0.24261,0,0
0.34688,0,0
0.4824,0,0
0.51632,0,0
0.4606,0,0
0.41646,0,0
0.3915,0,0
0.39261,0,0
0.4074,0,0
0.44997,0,0
0.52367,0,0
0.62036,0,0
0.71198,1,1
0.75254,1,1
0.73382,1,1
0.73223,1,1
0.74418,1,1
0.75043,1,1
0.75307,1,1
0.78468,1,1
0.84372,1,1
0.79235,1,1
0.63267,1,1
0.46049,0,0
0.2941,0,0
0.27334,0,0
0.3824,0,0
0.48891,0,0
0.59814,0,0
0.64563,1,0
0.61532,0,0
0.6058,0,0
0.60744,0,0
0.62125,1,1
0.64957,1,1
0.73822,1,1
0.93406,1,1
1.17457,1,1
1.46114,1,1
1.47711,1,1
1.19202,1,1
0.95783,1,1
0.77897,1,1
0.68289,1,1
0.6341,1,1
0.5773,0,0
0.51662,0,0
0.44434,0,0
0.37685,0,0
0.33084,0,0
0.28479,0,0
0.26833,0,0
0.2816,0,0
0.29503,0,0
0.30952,0,0
0.27789,0,0
0.21002,0,0
0.15376,0,0
0.09886,0,0
0.07253,0,0
0.05603,0,0
0.0391,0,0
0.02203,0,0
0.01643,0,0
0.01468,0,0
0.01295,0,0
0.01118,0,0
0.00845,0,0
0.0047,0,0
0.0008,0,0
0.0,0,0
0.0,0,0
0.0,0,0
0.0,0,0
0.0,0,0
0.0,0,0
0.0,0,0
0.0,0,0
0.0,0,0
0.0,0,0
0.0,0,0
0.0,0,0
0.0,0,0
0.0,0,0
0.0,0,0
0.0,0,0
0.0,0,0
0.0,0,0
0.0,0,0
0.0,0,0
0.0,0,0
0.0,0,0
0.0,0,0
0.0,0,0
0.0,0,0
0.0,0,0
0.01313,0,0
0.02224,0,0
0.03141,0,0
0.10463,0,0
0.25144,0,0
0.36288,0,0
0.43885,0,0
0.52011,0,0
0.59735,0,0
0.64484,0,0
0.6658,0,0
0.66582,0,0
0.67414,1,1
0.68775,1,1
0.85492,1,1
1.14801,1,1
1.38662,1,1
1.48001,1,1
1.42394,1,1
1.43464,1,1
1.51376,1,1
1.4593,1,1
1.27024,1,1
1.09231,1,1
0.93308,1,1
0.84933,1,1
0.84194,1,1
0.79356,1,1
0.70597,1,1
0.72871,1,1
0.86208,1,1
0.99203,1,1
1.12015,1,1
1.08716,1,1
0.91736,1,1
0.76077,1,1
0.62302,0,0
0.57794,0,0
0.59699,0,0
0.58868,0,0
0.55153,0,0
0.44749,0,0
0.31915,0,0
0.22795,0,0
0.15849,0,0
0.08314,0,0
0.02179,0,0
0.0,0,0
0.0,0,0
0.0,0,0
0.0,0,0
0.0,0,0
0.0,0,0
0.0,0,0
0.0,0,0
0.0,0,0
0.0,0,0
0.0,0,0
0.0,0,0
0.0,0,0
0.0,0,0
0.0,0,0
0.0,0,0
0.0,0,0
0.0,0,0
0.0,0,0
0.0,0,0
0.0,0,0
0.0,0,0
0.0,0,0
0.0,0,0
0.0,0,0
0.0,0,0
0.0,0,0
0.0,0,0
0.0,0,0
0.0,0,0
0.0,0,0
0.0,0,0
0.0,0,0
0.0,0,0
0.0,0,0
0.0,0,0
0.0,0,0
0.0,0,0
0.0,0,0
0.0,0,0
0.0,0,0
0.0,0,0
0.0,0,0
0.0,0,0
0.0,0,0
0.0,0,0
0.0,0,0
0.0,0,0
0.00777,0,0
0.03736,0,0
0.06331,0,0
0.08822,0,0
0.12866,0,0
0.18549,0,0
0.22049,0,0
0.23291,0,0
0.2519,0,0
0.27663,0,0
0.28696,1,0
0.28199,0,0
0.28475,0,0
0.2949,1,1
0.29497,1,1
0.28714,1,1
0.27116,0,0
0.249,0,0
0.26442,0,0
0.31791,1,1
0.36397,1,1
0.40368,1,1
0.43118,1,1
0.44684,1,1
0.48636,1,1
0.54807,1,1
0.54086,1,1
0.46929,1,1
0.41054,1,1
0.36743,1,1
0.34664,1,1
0.34519,1,1
0.33542,1,1
0.31756,1,1
0.31039,1,1
0.31614,1,1
0.32011,1,1
0.32228,1,1
0.30661,1,1
0.27201,0,0
0.24729,0,0
0.23046,0,0
0.20069,0,0
0.15695,0,0
0.11522,0,0
0.07367,0,0
0.04189,0,0
0.01991,0,0
0.00953,0,0
0.00959,0,0
0.00965,0,0
0.00971,0,0
0.00764,0,0
0.00345,0,0
0.0,0,0
0.0,0,0
0.0,0,0
0.0,0,0
0.0,0,0
0.00137,0,0
0.00262,0,0
0.00263,0,0
0.00264,0,0
0.00265,0,0
0.00581,0,0
0.01225,0,0
0.01875,0,0
0.04802,0,0
0.05803,0,0
0.04663,0,0
0.03454,0,0
0.02194,0,0
0.01788,0,0
0.01362,0,0
0.0094,0,0
0.00513,0,0
0.00051,0,0
0.0,0,0
0.0,0,0
0.0,0,0
0.0,0,0
0.0,0,0
0.0,0,0
0.0032,0,0
0.00476,0,0
0.00169,0,0
0.0,0,0
0.0,0,0
0.0,0,0
0.0,0,0
0.0,0,0
0.0,0,0
0.0,0,0
0.0,0,0
0.0,0,0
0.0,0,0
0.00441,0,0
0.01375,0,0
0.02322,0,0
0.03269,0,0
0.04898,0,0
0.0718,0,0
0.12838,0,0
0.21836,0,0
0.30624,0,0
0.39299,0,0
0.46633,0,0
0.5295,0,0
0.59992,0,0
0.67879,1,1
0.71042,1,1
0.69123,1,1
0.6976,1,1
0.73115,1,1
0.70701,1,1
0.6265,0,0
0.57566,0,0
0.5553,0,0
0.47356,0,0
0.33135,0,0
0.14659,0,0
0.0369,0,0
0.04119,0,0
0.11051,0,0
0.21217,0,0
0.27986,0,0
0.30465,0,0
0.28519,0,0
0.28639,0,0
0.3086,0,0
0.29766,0,0
0.25983,0,0
0.22259,0,0
0.1828,0,0
0.15742,0,0
0.14671,0,0
0.13301,0,0
0.11653,0,0
0.10778,0,0
0.10626,0,0
0.10109,0,0
0.09256,0,0
0.08056,0,0
0.06535,0,0
0.07247,0,0
0.10111,0,0
0.14493,0,0
0.18995,0,0
0.27113,0,0
0.40938,0,0
0.64699,1,1
0.95208,1,1
1.09754,1,1
1.03759,1,1
0.97724,1,1
0.9165,1,1
1.0637,1,1
1.45377,1,1
1.89138,1,1
2.30691,1,1
2.35177,1,1
2.02235,1,1
1.68047,1,1
1.32822,1,1
1.25614,1,1
1.43469,1,1
1.63211,1,1
1.83784,1,1
1.7446,1,1
1.34575,1,1
1.00787,1,1
0.72544,0,0
0.73073,0,0
1.03028,1,1
1.39616,1,1
1.83746,1,1
2.07064,1,1
2.0867,1,1
2.095,1,1
2.11143,1,1
1.87208,1,1
1.40924,1,1
1.00148,1,1
0.69572,0,0
0.48839,0,0
0.37734,0,0
0.27646,0,0
0.19612,0,0
0.13611,0,0
0.10851,0,0
0.08263,0,0
0.05735,0,0
0.04539,0,0
0.04722,0,0
0.04946,0,0
0.0537,0,0
0.07984,0,0
0.12892,0,0
0.17995,0,0
0.23115,0,0
0.32927,0,0
0.49013,0,0
0.61553,0,0
0.7105,0,0
0.77587,1,0
0.72304,0,0
0.6827,0,0
0.65868,0,0
0.64167,0,0
0.63339,0,0
0.67437,0,0
0.76147,0,0
0.82674,1,1
0.86611,1,1
0.86554,1,1
0.82626,1,1
0.77992,1,1
0.73184,0,0
0.63714,0,0
0.5058,0,0
0.41536,0,0
0.36686,0,0
0.33578,0,0
0.32153,0,0
0.25585,0,0
0.14998,0,0
0.13364,0,0
0.23705,0,0
0.43019,0,0
0.69146,0,0
0.70351,0,0
0.49816,0,0
0.37156,0,0
0.31387,0,0
0.25994,0,0
0.20894,0,0
0.1607,0,0
0.12299,0,0
0.09641,0,0
0.08324,0,0
0.07305,0,0
0.06245,0,0
0.05171,0,0
0.04083,0,0
0.05237,0,0
0.08675,0,0
0.13181,0,0
0.18643,0,0
0.22599,0,0
0.25199,0,0
0.28383,0,0
0.31589,0,0
0.38557,0,0
0.54441,0,0
0.73927,0,0
1.00281,1,1
1.03836,1,1
0.83319,1,1
0.67342,0,0
0.52468,0,0
0.53171,0,0
0.69879,0,0
0.89146,1,1
1.14252,1,1
1.11939,0,0
0.83394,0,0
0.61867,0,0
0.4414,0,0
0.40519,0,0
0.45339,0,0
0.50268,0,0
0.58689,0,0
0.73384,0,0
0.95117,0,0
1.24708,1,1
1.55305,1,1
1.85362,1,1
2.09777,1,1
2.33922,1,1
2.56541,1,1
2.52152,1,1
2.20464,1,1
1.87292,1,1
1.54162,1,1
1.35476,1,1
1.27235,1,1
1.18601,0,0
1.10089,0,0
0.90306,0,0
0.6708,0,0
0.48977,0,0
0.37064,0,0
0.33328,0,0
0.35403,0,0
0.39329,0,0
0.44944,0,0
0.54075,0,0
0.6794,0,0
0.79712,0,0
0.89047,0,0
1.00095,0,0
1.13646,0,0
1.17575,0,0
1.11581,0,0
0.97929,0,0
0.8455,0,0
0.83908,0,0
0.9994,0,0
1.21048,1,1
1.3382,1,1
1.37482,1,1
1.33856,1,1
1.3928,1,1
1.53674,1,1
1.42989,1,1
1.08256,0,0
0.70001,0,0
0.74018,0,0
0.82327,0,0
1.01085,0,0
1.1634,0,0
1.25909,1,1
1.28106,1,1
1.2189,1,1
1.20488,0,1
1.22727,1,1
1.13583,0,0
0.96529,0,0
0.87249,0,0
0.843,0,0
0.73524,0,0
0.58484,0,0
0.49458,0,0
0.42564,0,0
0.36946,0,0
0.32818,0,0
0.32538,0,0
0.36223,0,0
0.39836,0,0
0.46264,0,0
0.46551,0,0
0.40706,0,0
0.3748,0,0
0.34194,0,0
0.38873,0,0
0.59788,0,0
0.86166,0,0
1.18954,0,0
1.3101,1,0
1.17419,0,0
1.05639,0,0
0.93704,0,0
0.77394,0,0
0.62959,0,0
0.48279,0,0
0.38062,0,0
0.31904,0,0
0.27361,0,0
0.23598,0,0
0.20187,0,0
0.23837,0,0
0.37489,0,0
0.55719,0,0
0.83154,0,0
0.97313,0,0
0.90692,0,0
0.85693,0,0
0.80999,0,0
0.87329,0,0
1.09047,1,1
1.33391,1,1
1.59455,1,1
1.60094,1,1
1.35514,1,1
1.1208,1,1
0.90459,0,0
0.75773,0,0
0.62941,0,0
0.51571,0,0
0.44465,0,0
0.40855,0,0
0.40548,0,0
0.40246,0,0
0.39948,0,0
0.35937,0,0
0.2882,0,0
0.23552,0,0
0.18367,0,0
0.18604,0,0
0.24057,0,0
0.28661,0,0
0.32705,0,0
0.39524,0,0
0.485,0,0
0.65629,0,0
0.87713,0,0
1.04291,1,1
1.03793,1,1
1.0002,0,0
0.91567,0,0
1.03783,0,0
1.4403,1,1
1.90937,1,1
2.33241,1,1
2.40063,1,1
2.12192,1,1
1.85003,1,1
1.5837,1,1
1.40676,1,1
1.31227,1,1
1.2473,1,1
1.21645,1,1
1.22911,1,1
1.28227,1,1
1.29137,1,1
1.26296,1,1
1.11668,1,1
0.85601,0,0
0.65825,0,0
0.4978,0,0
0.42713,0,0
0.40116,0,0
0.37297,0,0
0.34262,0,0
0.30466,0,0
0.25877,0,0
0.23654,0,0
0.23732,0,0
0.24005,0,0
0.24389,0,0
0.22344,0,0
0.17832,0,0
0.16962,0,0
0.1965,0,0
0.22421,0,0
0.2572,0,0
0.30143,0,0
0.35233,0,0
0.40508,0,0
0.48214,0,0
0.45087,0,0
0.35553,0,0
0.26794,0,0
0.19773,0,0
0.14894,0,0
0.1168,0,0
0.09299,0,0
0.07202,0,0
0.07673,0,0
0.10738,0,0
0.15389,0,0
0.20233,0,0
0.24022,0,0
0.27304,0,0
0.31265,0,0
0.35391,0,0
0.34123,0,0
0.27352,0,0
0.22311,0,0
0.17198,0,0
0.13338,0,0
0.11394,0,0
0.09779,0,0
0.08128,0,0
0.06973,0,0
0.06308,0,0
0.05633,0,0
0.04948,0,0
0.0332,0,0
0.01971,0,0
0.01434,0,0
0.00901,0,0
0.00476,0,0
0.00168,0,0
0.0,0,0
0.0,0,0
0.0,0,0
0.0,0,0
0.0,0,0
0.0,0,0
0.01202,0,0
0.03763,0,0
0.06396,0,0
0.09031,0,0
0.16096,0,0
0.28008,0,0
0.34413,0,0
0.34478,0,0
0.37648,1,1
0.44307,1,1
0.43744,1,1
0.35885,0,0
0.28475,0,0
0.21644,0,0
0.21168,0,0
0.26967,0,0
0.30109,0,0
0.30569,0,0
0.36908,0,0
0.50997,1,1
0.63784,1,1
0.75269,1,1
0.79533,1,1
0.75306,1,1
0.74802,1,1
0.78426,1,1
0.78725,1,1
0.75941,1,1
0.75251,1,1
0.77565,1,1
0.77299,1,1
0.73424,1,1
0.66532,1,1
0.57517,1,1
0.52053,1,1
0.53709,1,1
0.59101,1,1
0.65009,1,1
0.57853,1,1
0.38941,1,1
0.24345,0,0
0.13236,0,0
0.07903,0,0
0.0799,0,0
0.0673,0,0
0.04189,0,0
0.02754,0,0
0.03165,0,0
0.02826,0,0
0.01689,0,0
0.01395,0,0
0.01098,0,0
0.00867,0,0
0.00697,0,0
0.00522,0,0
0.00344,0,0
0.00255,0,0
0.00257,0,0
0.00259,0,0
0.0026,0,0
0.00355,0,0
0.00546,0,0
0.00742,0,0
0.00938,0,0
0.00974,0,0
0.00849,0,0
0.00724,0,0
0.00597,0,0
0.00702,0,0
0.01048,0,0
0.01406,0,0
0.01785,0,0
0.02539,0,0
0.04589,0,0
0.06674,0,0
0.08795,0,0
0.1363,0,0
0.24341,0,0
0.3733,0,0
0.52525,0,0
0.64714,0,0
0.62453,0,0
0.60391,0,0
0.58034,0,0
0.63502,0,0
0.76543,0,0
0.89514,0,0
1.0412,0,0
1.17108,0,0
1.24438,0,0
1.31674,1,1
1.38817,1,1
1.37381,1,1
1.27647,0,0
1.18633,0,0
1.09392,0,0
0.9951,0,0
0.92018,0,0
0.88015,0,0
0.86115,0,0
0.82429,0,0
0.80753,0,0
0.78802,0,0
0.83802,0,0
1.05423,0,0
1.27447,0,0
1.42752,1,1
1.49391,1,1
1.63367,1,1
1.85823,1,1
1.91524,1,1
1.77208,1,1
1.57011,1,1
1.34279,1,1
1.24551,0,1
1.29579,1,1
1.32789,1,1
1.332,1,1
1.33172,1,1
1.32739,1,1
1.32433,1,1
1.32254,1,1
1.32424,1,1
1.32826,1,1
1.35369,1,1
1.40636,1,1
1.3679,1,1
1.24655,0,0
1.10787,0,0
0.95039,0,0
0.95407,0,0
1.08511,0,0
1.19716,0,0
1.28542,1,0
1.16209,0,0
0.88669,0,0
0.66799,0,0
0.50483,0,0
0.38641,0,0
0.29296,0,0
0.2093,0,0
0.13605,0,0
0.06892,0,0
0.01833,0,0
0.0,0,0
0.0,0,0
0.0,0,0
0.0,0,0
0.0,0,0
0.0,0,0
0.0,0,0
0.0,0,0
0.0,0,0
0.0,0,0
0.0,0,0
0.0,0,0
0.0,0,0
0.0,0,0
0.0,0,0
0.0,0,0
0.0,0,0
0.0,0,0
0.0,0,0
0.0,0,0
0.0,0,0
0.0,0,0
0.0,0,0
0.0,0,0
0.0,0,0
0.0,0,0
0.0,0,0
0.0,0,0
0.0,0,0
0.0,0,0
0.0,0,0
0.00396,0,0
0.00476,0,0
0.00171,0,0
0.0,0,0
0.0,0,0
0.0,0,0
0.0,0,0
0.00176,0,0
0.00494,0,0
0.00573,0,0
0.00413,0,0
0.00254,0,0
0.00095,0,0
0.0,0,0
0.0,0,0
0.0,0,0
0.0,0,0
0.0116,0,0
0.03598,0,0
0.06065,0,0
0.08494,0,0
0.07903,0,0
0.04379,0,0
0.05366,0,0
0.10894,0,0
0.14173,0,0
0.15128,0,0
0.20389,0,0
0.29309,0,0
0.40532,1,1
0.54254,1,1
0.53722,1,1
0.39086,1,1
0.28304,0,0
0.2129,0,0
0.15895,0,0
0.1185,0,0
0.04787,0,0
0.18262,0,0
0.18048,0,0
0.17839,0,0
0.23356,0,0
0.34452,1,1
0.40714,1,1
0.42083,1,1
0.47161,1,1
0.56039,1,1
0.55815,1,1
0.46692,1,1
0.39653,1,1
0.34885,1,1
0.30287,0,0
0.25772,0,0
0.20207,0,0
0.13623,0,0
0.10062,0,0
0.09405,0,0
0.07922,0,0
0.05686,0,0
0.04504,0,0
0.04337,0,0
0.04014,0,0
0.03511,0,0
0.02974,0,0
0.03283,0,0
0.06615,0,0
0.13948,0,0
0.23516,0,0
0.36429,1,1
0.41961,1,1
0.39725,1,1
0.3746,1,1
0.35165,1,1
0.30923,0,0
0.24697,0,0
0.20138,0,0
0.15466,0,0
0.17662,0,0
0.27325,0,0
0.39867,1,1
0.58212,1,1
0.64359,1,1
0.54025,1,1
0.44561,1,1
0.38699,1,1
0.31775,0,0
0.2437,0,0
0.18233,0,0
0.11942,0,0
0.09495,0,0
0.08807,0,0
0.0815,0,0
0.0746,0,0
0.09782,0,0
0.16481,0,0
0.24979,0,0
0.34985,0,0
0.42733,0,0
0.4619,0,0
0.49508,1,1
0.53062,1,1
0.56694,1,1
0.59808,1,1
0.62698,1,1
0.65851,1,1
0.72365,1,1
0.82492,1,1
0.92995,1,1
1.05024,1,1
0.97009,1,1
0.74757,1,1
0.53403,1,1
0.41286,0,0
0.30261,0,0
0.23106,0,0
0.16324,0,0
0.12434,0,0
0.15639,0,0
0.27334,0,0
0.40056,0,0
0.55182,1,1
0.71341,1,1
0.87565,1,1
1.04936,1,1
1.26179,1,1
1.18521,1,1
0.8733,1,1
0.60784,1,1
0.42436,0,0
0.32009,0,0
0.27603,0,0
0.30616,0,0
0.40593,0,0
0.48382,1,1
0.53966,1,1
0.53782,1,1
0.48173,0,0
0.41882,0,0
0.34964,0,0
0.29704,0,0
0.25184,0,0
0.22712,0,0
0.21595,0,0
0.21447,0,0
0.22429,0,0
0.23714,0,0
0.25437,0,0
0.23984,0,0
0.19031,0,0
0.14126,0,0
0.09316,0,0
0.07696,0,0
0.09226,0,0
0.1051,0,0
0.11603,0,0
0.10383,0,0
0.0695,0,0
0.02697,0,0
0.00258,0,0
0.00258,0,0
0.0,0,0
0.0,0,0
0.0,0,0
0.00165,0,0
0.00717,0,0
0.00999,0,0
0.01005,0,0
0.01012,0,0
0.01018,0,0
0.00896,0,0
0.00646,0,0
0.00394,0,0
0.0014,0,0
0.00141,0,0
0.00398,0,0
0.00657,0,0
0.00917,0,0
0.01346,0,0
0.01944,0,0
0.04724,0,0
0.07595,0,0
0.09618,0,0
0.108,0,0
0.11989,0,0
0.13823,0,0
0.12953,0,0
0.10367,0,0
0.07985,0,0
0.05584,0,0
0.03862,0,0
0.02837,0,0
0.02138,0,0
0.01929,0,0
0.02218,0,0
0.05687,0,0
0.09413,0,0
0.13199,0,0
0.14641,0,0
0.12423,0,0
0.10589,0,0
0.08739,0,0
0.06847,0,0
0.04953,0,0
0.03059,0,0
0.02121,0,0
0.02113,0,0
0.03012,0,0
0.04821,0,0
0.06589,0,0
0.07777,0,0
0.08618,0,0
0.09514,0,0
0.10436,0,0
0.09057,0,0
0.04512,0,0
0.07441,0,0
0.17991,0,0
0.26485,0,0
0.32679,0,0
0.38852,0,0
0.44997,0,0
0.54691,0,0
0.6845,0,0
0.72366,1,0
0.66134,0,0
0.6329,0,0
0.64266,0,0
0.61255,0,0
0.54204,0,0
0.4698,0,0
0.40181,0,0
0.38531,0,0
0.411,0,0
0.44753,0,0
0.49084,0,0
0.46187,0,0
0.35892,0,0
0.26684,0,0
0.1826,0,0
0.15523,0,0
0.18575,0,0
0.20462,0,0
0.23669,0,0
0.28735,0,0
0.37305,0,0
0.42231,0,0
0.43736,0,0
0.40108,0,0
0.315,0,0
0.25812,0,0
0.22979,0,0
0.22627,0,0
0.24532,0,0
0.27145,0,0
0.32304,0,0
0.38018,0,0
0.45819,0,0
0.70119,0,0
1.19545,1,1
1.81437,1,1
2.40432,1,1
2.72232,1,1
2.80538,1,1
2.89785,1,1
2.98998,1,1
3.19304,1,1
3.49052,1,1
3.71371,1,1
3.86302,1,1
3.88508,1,1
3.89773,1,1
3.91047,1,1
3.92329,1,1
3.93619,1,1
3.93988,1,1
3.91505,1,1
3.87348,1,1
3.92582,1,1
4.06353,1,1
4.18866,1,1
4.30433,1,1
4.33909,1,1
4.20015,1,1
3.96219,1,1
3.64957,1,1
3.41675,1,1
3.3008,1,1
3.17951,1,1
3.06717,1,1
3.0097,1,1
3.03321,1,1
3.0571,1,1
3.06918,1,1
2.93149,1,1
2.61049,1,1
2.28947,1,1
1.95122,1,1
1.57688,1,1
1.24083,1,1
0.92136,0,0
0.67982,0,0
0.51527,0,0
0.43853,0,0
0.36357,0,0
0.29238,0,0
0.26475,0,0
0.26423,0,0
0.2632,0,0
0.26344,0,0
0.28021,0,0
0.32832,0,0
0.41332,0,0
0.57732,0,0
0.71939,0,0
0.75338,0,0
0.77181,0,0
0.77542,0,0
0.82122,0,0
0.9085,0,0
0.97488,0,0
1.02095,0,0
1.0821,1,1
1.15417,1,1
1.1564,1,1
1.09112,1,1
1.0722,1,1
1.09184,1,1
0.91699,0,0
0.55986,0,0
0.35073,0,0
0.27223,0,0
0.19979,0,0
0.14238,0,0
0.19836,0,0
0.38538,0,0
0.57931,0,0
0.77754,0,0
0.79151,0,0
0.61758,0,0
0.51734,0,0
0.49034,0,0
0.42453,0,0
0.33974,0,0
0.29006,0,0
0.28642,0,0
0.29234,0,0
0.32789,0,0
0.34885,0,0
0.36914,0,0
0.35576,0,0
0.30584,0,0
0.24064,0,0
0.18004,0,0
0.16125,0,0
0.17544,0,0
0.18982,0,0
0.20438,0,0
0.21245,0,0
0.21388,0,0
0.21602,0,0
0.21819,0,0
0.196,0,0
0.15056,0,0
0.10542,0,0
0.07607,0,0
0.05546,0,0
0.04368,0,0
0.03182,0,0
0.01986,0,0
0.01703,0,0
0.01522,0,0
0.01339,0,0
0.01153,0,0
0.01004,0,0
0.00888,0,0
0.00767,0,0
0.00642,0,0
0.00543,0,0
0.00475,0,0
0.00404,0,0
0.00335,0,0
0.0066,0,0
0.01393,0,0
0.02152,0,0
0.05541,0,0
0.07409,0,0
0.07471,0,0
0.07535,0,0
0.07599,0,0
0.08933,0,0
0.11539,0,0
0.14545,0,0
0.18687,0,0
0.21527,0,0
0.23284,0,0
0.25044,0,0
0.26806,0,0
0.2614,0,0
0.23078,0,0
0.2006,0,0
0.17084,0,0
0.19158,0,0
0.26991,0,0
0.3599,0,0
0.46603,0,0
0.56776,0,0
0.68641,0,0
0.76562,0,0
0.75943,0,0
0.75478,0,0
0.74805,0,0
0.81782,0,0
0.98707,0,0
1.14071,0,0
1.27843,1,1
1.32343,1,1
1.26361,1,1
1.23105,0,0
1.21981,0,0
1.24107,0,0
1.30289,1,1
1.4179,1,1
1.61197,1,1
1.82658,1,1
2.09588,1,1
2.21102,1,1
2.11226,1,1
1.94064,1,1
1.72701,1,1
1.5701,1,1
1.45244,1,1
1.38704,1,1
1.3622,1,1
1.36987,1,1
1.40253,1,1
1.38059,1,1
1.30481,1,1
1.24084,0,0
1.19778,0,0
1.17403,0,0
1.17768,0,0
1.23788,0,0
1.35559,1,1
1.49638,1,1
1.64917,1,1
1.52819,1,1
1.14474,0,0
0.83703,0,0
0.60485,0,0
0.52215,0,0
0.55658,0,0
0.59305,0,0
0.62999,0,0
0.57307,0,0
0.42233,0,0
0.33806,0,0
0.25266,0,0
0.21882,0,0
0.2189,0,0
0.21967,0,0
0.21975,0,0
0.19737,0,0
0.15158,0,0
0.1068,0,0
0.07705,0,0
0.05616,0,0
0.04437,0,0
0.03231,0,0
0.02016,0,0
0.01642,0,0
0.01273,0,0
0.00891,0,0
0.00495,0,0
0.00084,0,0
0.0,0,0
0.0,0,0
0.0,0,0
0.0,0,0
0.0,0,0
0.0,0,0
0.0,0,0
0.0,0,0
0.0,0,0
0.0,0,0
0.0,0,0
0.0,0,0
0.0,0,0
0.0,0,0
0.0,0,0
0.0,0,0
0.0,0,0
0.0,0,0
0.0,0,0
0.0,0,0
0.0,0,0
0.0,0,0
0.0,0,0
0.0,0,0
0.00273,0,0
0.00463,0,0
0.00655,0,0
0.00364,0,0
0.23954,0,0
0.24042,0,0
0.24164,0,0
0.33199,0,0
0.51625,0,0
0.62197,0,0
0.63883,0,0
0.66843,0,0
0.70234,1,1
0.77092,1,1
0.88812,1,1
1.02707,1,1
1.18184,1,1
1.31962,1,1
1.41855,1,1
1.55167,1,1
1.70785,1,1
1.58159,1,1
1.17055,1,1
0.75283,1,1
0.48615,0,0
0.44547,0,0
0.49499,0,0
0.55492,0,0
0.62518,0,0
0.59328,0,0
0.45613,0,0
0.31013,0,0
0.27611,0,0
0.36721,0,0
0.47388,0,0
0.57014,0,0
0.67046,0,0
0.70816,1,1
0.7437,1,1
0.98864,1,1
1.53421,1,1
2.09178,1,1
2.55131,1,1
2.61391,1,1
2.30806,1,1
1.93551,1,1
1.53087,1,1
1.11571,1,1
0.727,1,1
0.44762,0,0
0.27571,0,0
0.19691,0,0
0.17619,0,0
0.15521,0,0
0.13396,0,0
0.10331,0,0
0.07804,0,0
0.05228,0,0
0.02642,0,0
0.0164,0,0
0.0147,0,0
0.01297,0,0
0.0112,0,0
0.00969,0,0
0.00844,0,0
0.00721,0,0
0.00595,0,0
0.00472,0,0
0.00348,0,0
0.00218,0,0
0.00084,0,0
0.00261,0,0
0.00761,0,0
0.01265,0,0
0.0178,0,0
0.04027,0,0
0.09006,0,0
0.14787,0,0
0.22937,0,0
0.31554,0,0
0.4288,0,0
0.54409,0,0
0.75287,0,0
0.83732,0,0
0.79421,0,0
0.75403,0,0
0.71055,0,0
0.60542,0,0
0.49195,0,0
0.40027,0,0
0.30985,0,0
0.25074,0,0
0.20185,0,0
0.15375,0,0
0.11478,0,0
0.13003,0,0
0.2005,0,0
0.28981,0,0
0.40474,0,0
0.56457,0,0
0.80791,0,0
1.00954,0,0
1.09901,0,0
1.2238,0,0
1.39557,0,0
1.54861,0,0
1.66143,1,1
1.7482,1,1
1.80486,1,1
1.86949,1,1
1.93415,1,1
2.04009,1,1
2.17904,1,1
2.27512,1,1
2.33033,1,1
2.3355,1,1
2.30446,1,1
2.22545,1,1
2.1272,1,1
2.0722,1,1
2.06011,1,1
2.04571,1,1
2.03171,1,1
2.01573,1,1
1.9932,1,1
1.95365,1,1
1.90871,1,1
1.83556,1,1
1.74934,1,1
1.64441,1,1
1.53343,0,0
1.46748,0,0
1.43599,0,0
1.32577,0,0
1.16968,0,0
1.07929,0,0
1.03882,0,0
0.84851,0,0
0.57948,0,0
0.44734,0,0
0.37508,0,0
0.30351,0,0
0.23586,0,0
0.17584,0,0
0.11532,0,0
0.07138,0,0
0.03233,0,0
0.01515,0,0
0.01229,0,0
0.00939,0,0
0.00645,0,0
0.00436,0,0
0.00315,0,0
0.00195,0,0
0.00073,0,0
0.00196,0,0
0.00571,0,0
0.00957,0,0
0.01353,0,0
0.01556,0,0
0.01568,0,0
0.01575,0,0
0.01581,0,0
0.01339,0,0
0.00829,0,0
0.00292,0,0
0.0,0,0
0.0,0,0
0.0085,0,0
0.01802,0,0
0.04939,0,0
0.07278,0,0
0.07339,0,0
0.07428,0,0
0.07519,0,0
0.07215,0,0
0.06559,0,0
0.05863,0,0
0.05155,0,0
0.0556,0,0
0.0712,0,0
0.0866,0,0
0.10243,0,0
0.13528,0,0
0.21126,0,0
0.28969,0,0
0.38595,0,0
0.47307,0,0
0.5427,0,0
0.65771,0,0
0.78325,0,0
0.86804,0,0
0.92723,0,0
1.00838,0,0
1.12294,0,0
1.23053,0,0
1.3119,0,0
1.41608,0,0
1.52753,0,0
1.64725,0,0
1.77154,0,0
1.88915,0,0
2.01044,0,0
2.26928,0,0
2.66071,1,1
3.08466,1,1
3.4729,1,1
3.60925,1,1
3.47795,1,1
3.30334,1,1
3.06386,1,1
2.99065,1,1
3.05993,1,1
3.10604,1,1
3.13858,1,1
3.17541,1,1
3.23204,1,1
3.29905,1,1
3.3766,1,1
3.39399,1,1
3.33987,1,1
3.20583,1,1
2.99715,1,1
2.94781,1,1
3.0376,1,1
3.13803,1,1
3.22619,1,1
3.06094,1,1
2.6386,0,0
2.25899,0,0
1.90331,0,0
1.76541,0,0
1.79169,0,0
1.7231,0,0
1.62263,0,0
1.51995,0,0
1.44668,0,0
1.41419,0,0
1.38258,0,0
1.16199,0,0
0.81513,0,0
0.5446,0,0
0.34979,0,0
0.30571,0,0
0.35768,0,0
0.41167,0,0
0.48893,0,0
0.57896,0,0
0.66016,0,0
0.74383,0,0
0.84026,0,0
0.99792,0,0
1.20148,0,0
1.42672,0,0
1.67698,0,0
1.61311,0,0
1.25314,0,0
0.94186,0,0
0.68279,0,0
0.56294,0,0
0.54981,0,0
0.53609,0,0
0.52365,0,0
0.46826,0,0
0.37967,0,0
0.29211,0,0
0.22599,0,0
0.16964,0,0
0.12412,0,0
0.09336,0,0
0.06163,0,0
0.05871,0,0
0.08497,0,0
0.11165,0,0
0.14069,0,0
0.16182,0,0
0.16252,0,0
0.16258,0,0
0.16329,0,0
0.18701,0,0
0.23443,0,0
0.28075,0,0
0.33349,0,0
0.36442,0,0
0.36167,0,0
0.36037,0,0
0.35909,0,0
0.38749,0,0
0.47287,0,0
0.617,0,0
0.82531,0,0
0.93489,0,0
0.834,0,0
0.83003,0,0
1.00458,0,0
1.20238,0,0
1.39757,1,1
1.5199,1,1
1.52926,1,1
1.56022,1,1
1.61524,1,1
1.65142,1,1
1.68303,1,1
1.71811,1,1
1.75868,1,1
1.77921,1,1
1.78367,1,1
1.77112,1,1
1.73744,1,1
1.69184,1,1
1.63603,1,1
1.60017,1,1
1.57652,1,1
1.52764,1,1
1.44613,1,1
1.3696,1,1
1.2949,1,1
1.26732,0,1
1.27594,1,1
1.27137,0,0
1.24694,0,0
1.21669,0,0
1.17879,0,0
1.10806,0,0
1.02082,0,0
0.93882,0,0
0.85476,0,0
0.77537,0,0
0.68864,0,0
0.54336,0,0
0.38186,0,0
0.27583,0,0
0.20338,0,0
0.10775,0,0
0.03133,0,0
0.0116,0,0
0.01583,0,0
0.02869,0,0
0.04882,0,0
0.07797,0,0
0.12258,0,0
0.18267,0,0
0.24367,0,0
0.26124,0,0
0.22091,0,0
0.18455,0,0
0.14788,0,0
0.16259,0,0
0.22931,0,0
0.31416,0,0
0.40681,0,0
0.45765,0,0
0.45958,0,0
0.46152,0,0
0.46193,0,0
0.63023,0,0
1.0322,0,0
1.55585,1,1
2.17053,1,1
2.41452,0,0
2.30792,0,0
2.19957,0,0
2.08704,0,0
2.19255,0,0
2.51417,0,0
2.84104,0,0
3.15693,1,1
3.40653,1,1
3.59643,1,1
3.78519,1,1
3.9772,1,1
3.81642,1,1
3.29836,1,1
2.72935,0,0
2.11928,0,0
2.07202,0,0
2.59641,0,0
3.10024,1,1
3.56623,1,1
3.87513,1,1
4.00785,1,1
4.13875,1,1
4.25237,1,1
4.09744,1,1
3.62756,1,1
3.19452,1,1
2.7954,0,0
2.62573,0,0
2.67224,0,0
2.77526,0,0
2.92048,0,0
2.84857,0,0
2.55559,0,0
2.35626,0,0
2.20254,0,0
2.28911,0,0
2.55373,0,0
2.7618,0,0
2.86544,0,0
2.82548,0,0
2.63402,0,0
2.47344,0,0
2.31175,0,0
2.27294,0,0
2.3613,0,0
2.39948,0,0
2.3991,0,0
2.52717,0,0
2.77808,0,0
3.11778,1,1
3.47973,1,1
3.53339,1,1
3.26741,1,1
2.9244,0,0
2.52934,0,0
2.3295,0,0
2.29049,0,0
2.19871,0,0
2.07335,0,0
1.93199,0,0
1.78242,0,0
1.6209,0,0
1.44843,0,0
1.30069,0,0
1.18199,0,0
1.12178,0,0
1.0967,0,0
1.09606,0,0
1.11399,0,0
1.0963,0,0
1.0889,0,0
1.20631,0,0
1.4763,0,0
1.74509,0,0
2.01068,0,0
2.32478,0,0
2.67225,0,0
3.01634,1,1
3.35735,1,1
3.333,1,1
2.92583,1,1
2.50453,0,0
2.03193,0,0
1.74913,0,0
1.67033,0,0
1.59674,0,0
1.51751,0,0
1.52343,0,0
1.61557,0,0
1.70331,0,0
1.79781,0,0
1.73461,0,0
1.51835,0,0
1.31182,0,0
1.12197,0,0
1.13494,1,1
1.36239,1,1
1.61223,1,1
1.88932,1,1
1.9424,1,1
1.77533,1,1
1.61168,1,1
1.45131,1,1
1.30779,1,1
1.16186,1,1
1.01752,1,1
0.89608,0,0
0.90361,0,0
1.03504,1,1
1.20158,1,1
1.36962,1,1
1.4922,1,1
1.5678,1,1
1.66138,1,1
1.75297,1,1
1.5469,1,1
1.11578,1,1
0.76862,0,0
0.49963,0,0
0.39428,0,0
0.36812,0,0
0.36992,0,0
0.38423,0,0
0.42832,0,0
0.46606,0,0
0.50893,0,0
0.56335,0,0
0.64194,0,0
0.7384,0,0
0.79799,0,0
0.80112,0,0
0.74633,0,0
0.65071,0,0
0.63767,0,0
0.73382,0,0
0.91495,0,0
1.16041,1,1
1.26173,1,1
1.22901,1,1
1.11943,1,1
0.94173,0,0
0.79938,0,0
0.68099,0,0
0.58932,0,0
0.50373,0,0
0.46043,0,0
0.46715,0,0
0.48235,0,0
0.53019,0,0
0.5697,0,0
0.61718,0,0
0.61612,0,0
0.56557,0,0
0.49216,0,0
0.41056,0,0
0.3531,0,0
0.31986,0,0
0.2728,0,0
0.21154,0,0
0.12597,0,0
0.13223,0,0
0.14622,0,0
0.16319,0,0
0.199,0,0
0.24095,0,0
0.19097,0,0
0.08283,0,0
0.04231,0,0
0.05428,0,0
0.06619,0,0
0.07819,0,0
0.10388,0,0
0.16319,0,0
0.22511,0,0
0.30173,0,0
0.34479,0,0
0.34601,0,0
0.34724,0,0
0.34847,0,0
0.34972,0,0
0.35097,0,0
0.35223,0,0
0.35349,0,0
0.32152,0,0
0.25683,0,0
0.20876,0,0
0.16035,0,0
0.15761,0,0
0.20099,0,0
0.24681,0,0
0.29845,0,0
0.37249,0,0
0.45481,0,0
0.56234,0,0
0.71193,0,0
0.79165,0,0
0.80079,0,0
0.81014,0,0
0.8197,0,0
0.8544,0,0
0.91802,0,0
0.98285,0,0
1.07106,0,0
1.29717,0,0
1.68304,1,1
2.14089,1,1
2.58315,1,1
2.79498,1,1
2.79522,1,1
2.78415,1,1
2.7844,1,1
2.59972,1,1
2.24515,1,1
1.89163,1,1
1.53829,1,1
1.2694,0,0
1.02498,0,0
0.83654,0,0
0.66487,0,0
0.57538,0,0
0.57195,0,0
0.57197,0,0
0.57745,0,0
0.60896,0,0
0.66677,0,0
0.76948,0,0
0.91026,0,0
1.03109,0,0
1.13851,0,0
1.09307,0,0
0.91362,0,0
0.7331,0,0
0.58764,0,0
0.56714,0,0
0.74295,0,0
1.01016,0,0
1.28547,0,0
1.34573,0,0
1.18392,0,0
0.98416,0,0
0.82455,0,0
0.77877,0,0
0.87039,0,0
1.08868,0,0
1.29454,0,0
1.25829,0,0
0.99133,0,0
0.72784,0,0
0.58357,0,0
0.56321,0,0
0.55843,0,0
0.57238,0,0
0.63361,0,0
0.75788,0,0
1.02136,0,0
1.24241,0,0
1.356,0,0
1.42947,0,0
1.49103,0,0
1.50095,0,0
1.51497,1,1
1.59696,1,1
1.67723,1,1
1.56358,1,1
1.26247,0,0
1.00953,0,0
0.76325,0,0
0.64536,0,0
0.59389,0,0
0.53958,0,0
0.48449,0,0
0.53539,0,0
0.69222,0,0
0.86549,0,0
1.08655,0,0
1.31327,0,0
1.60231,1,1
1.88778,1,1
2.16103,1,1
2.24692,1,1
2.14632,1,1
2.04421,1,1
1.93835,1,1
1.76959,1,1
1.5384,1,1
1.31975,0,0
1.12049,0,0
0.95801,0,0
0.85535,0,0
0.76817,0,0
0.67955,0,0
0.58263,0,0
0.49996,0,0
0.44416,0,0
0.38696,0,0
0.3164,0,0
0.2525,0,0
0.18969,0,0
0.13079,0,0
0.1059,0,0
0.09788,0,0
0.08992,0,0
0.08201,0,0
0.07415,0,0
0.06635,0,0
0.0586,0,0
0.0509,0,0
0.05984,0,0
0.08428,0,0
0.10824,0,0
0.13332,0,0
0.21132,0,0
0.33726,0,0
0.47355,0,0
0.63671,0,0
0.72118,0,0
0.73416,0,0
0.77889,0,0
0.86326,0,0
1.03006,0,0
1.25767,0,0
1.43168,1,1
1.53661,1,1
1.68175,1,1
1.86517,1,1
1.97189,1,1
1.97695,1,1
1.94947,1,1
1.91508,1,1
1.88833,1,1
1.90428,1,1
1.92679,1,1
1.96498,1,1
1.96863,1,1
1.9441,1,1
1.92799,1,1
1.91395,1,1
1.89402,1,1
1.86805,1,1
1.87614,1,1
1.93856,1,1
1.91514,1,1
1.80588,1,1
1.66762,1,1
1.49003,1,1
1.38354,0,0
1.32114,0,0
1.25369,0,0
1.17974,0,0
1.14646,0,0
1.12832,0,0
1.05293,0,0
0.91678,0,0
0.71461,0,0
0.50418,0,0
0.38072,0,0
0.31255,0,0
0.23081,0,0
0.17098,0,0
0.16512,0,0
0.17922,0,0
0.19343,0,0
0.20776,0,0
0.20931,0,0
0.19652,0,0
0.18421,0,0
0.17116,0,0
0.15387,0,0
0.1312,0,0
0.10883,0,0
0.09415,0,0
0.08419,0,0
0.07869,0,0
0.0731,0,0
0.06765,0,0
0.07583,0,0
0.09833,0,0
0.12486,0,0
0.1604,0,0
0.17995,0,0
0.18269,0,0
0.18552,0,0
0.18911,0,0
0.16991,0,0
0.12847,0,0
0.1006,0,0
0.07335,0,0
0.05961,0,0
0.06037,0,0
0.0609,0,0
0.06169,0,0
0.08667,0,0
0.13728,0,0
0.21708,0,0
0.298,0,0
0.31177,0,0
0.2561,0,0
0.2016,0,0
0.14637,0,0
0.11095,0,0
0.07932,0,0
0.04834,0,0
0.02257,0,0
0.02074,0,0
0.02456,0,0
0.03893,0,0
0.0531,0,0
0.08805,0,0
0.1566,0,0
0.2444,0,0
0.35357,0,0
0.51074,0,0
0.77048,0,0
0.98305,0,0
1.06943,0,0
1.15977,0,0
1.27589,0,0
1.40257,0,0
1.52653,0,0
1.64908,0,0
1.77586,1,1
1.88371,1,1
1.96046,1,1
2.04221,1,1
2.13746,1,1
2.2087,1,1
2.22878,1,1
2.26785,1,1
2.32571,1,1
2.3812,1,1
2.41286,1,1
2.48719,1,1
2.62438,1,1
2.83,1,1
3.10832,1,1
3.24781,1,1
3.24856,1,1
3.22257,1,1
3.17149,1,1
3.03315,1,1
2.80557,1,1
2.54748,1,1
2.29094,1,1
2.01135,1,1
1.72798,0,0
1.50052,0,0
1.27207,0,0
1.11393,0,0
1.00636,0,0
0.85971,0,0
0.70127,0,0
0.61445,0,0
0.5775,0,0
0.51874,0,0
0.47334,0,0
0.43115,0,0
0.38008,0,0
0.3307,0,0
0.28215,0,0
0.21518,0,0
0.13848,0,0
0.07746,0,0
0.02715,0,0
0.01838,0,0
0.0471,0,0
0.07763,0,0
0.10875,0,0
0.12771,0,0
0.11896,0,0
0.11149,0,0
0.10599,0,0
0.10676,0,0
0.11395,0,0
0.12379,0,0
0.13438,0,0
0.15373,0,0
0.18255,0,0
0.21245,0,0
0.24259,0,0
0.2454,0,0
0.21988,0,0
0.19323,0,0
0.16637,0,0
0.16766,0,0
0.19778,0,0
0.22862,0,0
0.26019,0,0
0.30713,0,0
0.38751,0,0
0.47151,0,0
0.55466,0,0
0.58395,0,0
0.5266,0,0
0.47951,0,0
0.43202,0,0
0.39082,0,0
0.3564,0,0
0.32358,0,0
0.29721,0,0
0.30499,0,0
0.35632,0,0
0.41323,0,0
0.46824,0,0
0.60897,0,0
0.92865,0,0
1.31798,0,0
1.74671,1,1
2.08002,1,1
2.24593,1,1
2.41096,1,1
2.57261,1,1
2.58606,1,1
2.44765,1,1
2.41696,1,1
2.4915,1,1
2.7916,1,1
3.31243,1,1
3.59859,1,1
3.66182,1,1
3.34414,1,1
2.64474,1,1
2.09207,1,1
1.73576,1,1
1.57554,1,1
1.55879,1,1
1.43627,0,0
1.25881,0,0
1.17558,0,0
1.18237,0,0
1.28549,0,0
1.4828,1,1
1.66797,1,1
1.82549,1,1
1.7874,1,1
1.55772,1,1
1.40855,0,0
1.34369,0,0
1.29319,0,0
1.26793,0,0
1.21715,0,0
1.14373,0,0
0.97648,0,0
0.72894,0,0
0.51473,0,0
0.33192,0,0
0.23824,0,0
0.22127,0,0
0.26554,0,0
0.38893,0,0
0.54082,0,0
0.77457,0,0
0.94038,0,0
0.9438,0,0
0.94725,0,0
0.94766,0,0
0.88188,0,0
0.75511,0,0
0.65747,0,0
0.55595,0,0
0.58366,0,0
0.73842,0,0
0.93043,0,0
1.1513,0,0
1.26477,0,0
1.2739,0,0
1.28316,0,0
1.28812,0,0
1.20737,0,0
1.03633,0,0
0.86511,0,0
0.7366,0,0
0.62385,0,0
0.52112,0,0
0.44852,0,0
0.39151,0,0
0.38502,1,1
0.43257,1,1
0.47909,1,1
0.5378,1,1
0.5172,1,1
0.44524,1,1
0.37205,1,1
0.29863,0,1
0.31189,1,1
0.41881,1,1
0.52631,1,1
0.70446,1,1
0.64162,1,1
0.42608,1,1
0.26577,0,0
0.13661,0,0
0.0864,0,0
0.07114,0,0
0.05563,0,0
0.0404,0,0
0.04026,0,0
0.05508,0,0
0.06968,0,0
0.08407,0,0
0.12213,0,0
0.18569,0,0
0.26122,0,0
0.33826,1,1
0.34694,1,1
0.28985,0,0
0.24578,0,0
0.19509,0,0
0.17893,0,0
0.19842,0,0
0.21386,0,0
0.22764,0,0
0.20964,0,0
0.16279,0,0
0.13528,0,0
0.12518,0,0
0.11907,0,0
0.11589,0,0
0.14514,0,0
0.20724,0,0
0.25294,0,0
0.28236,0,0
0.30509,1,1
0.33141,1,1
0.37589,1,1
0.43789,1,1
0.44028,1,1
0.3838,1,1
0.35071,1,1
0.34055,1,1
0.30835,1,1
0.25206,0,0
0.19093,0,0
0.12411,0,0
0.10616,0,0
0.13694,0,0
0.16237,0,0
0.18207,0,0
0.17405,0,0
0.1396,0,0
0.10923,0,0
0.0829,0,0
0.06175,0,0
0.04616,0,0
0.02034,0,0
0.00294,0,0
0.00295,0,0
0.00013,0,0
0.0,0,0
0.0,0,0
0.0,0,0
0.0,0,0
0.0,0,0
0.0,0,0
0.0,0,0
0.0,0,0
0.0,0,0
0.0,0,0
0.0,0,0
0.0,0,0
0.0,0,0
0.0,0,0
0.0,0,0
0.0,0,0
0.0,0,0
0.0,0,0
0.0,0,0
0.0,0,0
0.0,0,0
0.0,0,0
0.0,0,0
0.0,0,0
0.0,0,0
0.0,0,0
0.0,0,0
0.0,0,0
0.0,0,0
0.0,0,0
0.0,0,0
0.0,0,0
0.0,0,0
0.0,0,0
0.0,0,0
0.0,0,0
0.0,0,0
0.0,0,0
0.0,0,0
0.0,0,0
0.0,0,0
0.0,0,0
0.0,0,0
0.0,0,0
0.0,0,0
0.0,0,0
0.0,0,0
0.0,0,0
0.01353,0,0
0.04248,0,0
0.07214,0,0
0.10177,0,0
0.14139,0,0
0.19163,1,1
0.19515,1,1
0.15125,1,1
0.11142,0,0
0.07682,0,0
0.0694,0,0
0.08808,0,0
0.08976,0,0
0.07466,0,0
0.09949,0,0
0.16343,1,1
0.22293,1,1
0.27773,1,1
0.3054,1,1
0.30694,1,1
0.31874,1,1
0.34263,1,1
0.35246,1,1
0.3485,1,1
0.35422,1,1
0.37058,1,1
0.36188,1,1
0.33057,1,1
0.31579,1,1
0.31843,1,1
0.28688,1,1
0.22019,1,1
0.14334,1,1
0.05643,0,0
0.03992,0,0
0.09457,0,0
0.14058,0,0
0.17543,1,1
0.17789,1,1
0.14749,1,1
0.12427,0,0
0.10877,0,0
0.09504,0,0
0.08302,0,0
0.07475,0,0
0.07038,0,0
0.05031,0,0
0.01583,0,0
0.0,0,0
0.0,0,0
0.0,0,0
0.0,0,0
0.0,0,0
0.0,0,0
0.0,0,0
0.0,0,0
0.0,0,0
0.0,0,0
0.0,0,0
0.0,0,0
0.0,0,0
0.00323,0,0
0.012,0,0
0.02873,0,0
0.044,0,0
0.03213,0,0
0.02011,0,0
0.0169,0,0
0.01719,0,0
0.02115,0,0
0.03511,0,0
0.04982,0,0
0.0734,0,0
0.10475,0,0
0.1423,0,0
0.19135,0,0
0.19832,0,0
0.16111,0,0
0.12599,0,0
0.10165,0,0
0.10653,0,0
0.14456,0,0
0.19795,0,0
0.25221,0,0
0.27967,0,0
0.27967,0,0
0.27967,0,0
0.27967,0,0
0.24736,0,0
0.1835,0,0
0.12515,0,0
0.08353,0,0
0.06246,0,0
0.06195,0,0
0.06145,0,0
0.06095,0,0
0.09593,0,0
0.16738,0,0
0.26512,0,0
0.36257,0,0
0.48964,1,1
0.63881,1,1
0.69118,1,1
0.6356,1,1
0.5752,1,1
0.5086,1,1
0.47541,0,1
0.48369,1,1
0.49728,1,1
0.53267,1,1
0.5464,1,1
0.52208,1,1
0.5049,1,1
0.4899,1,1
0.51035,1,1
0.56551,1,1
0.63264,1,1
0.71239,1,1
0.70415,1,1
0.60409,1,1
0.50956,1,1
0.42209,0,0
0.40368,0,0
0.45629,0,0
0.51026,1,1
0.56176,1,1
0.56341,1,1
0.51453,1,1
0.47006,0,0
0.43597,0,0
0.42002,0,0
0.42512,0,0
0.42586,0,0
0.42378,0,0
0.40637,0,0
0.39425,0,0
0.39989,0,0
0.40432,0,0
0.36657,0,0
0.29991,0,0
0.24976,0,0
0.18642,0,0
0.11519,0,0
0.04432,0,0
0.01302,0,0
0.01375,0,0
0.01449,0,0
0.01523,0,0
0.01755,0,0
0.02958,0,0
0.0483,0,0
0.06739,0,0
0.08019,0,0
0.0865,0,0
0.09313,0,0
0.09982,0,0
0.11131,0,0
0.13417,0,0
0.15952,0,0
0.18443,0,0
0.18515,0,0
0.16141,0,0
0.13682,0,0
0.11401,0,0
0.10086,0,0
0.08931,0,0
0.07762,0,0
0.06537,0,0
0.05903,0,0
0.05952,0,0
0.05977,0,0
0.06003,0,0
0.04756,0,0
0.02284,0,0
0.01761,0,0
0.01228,0,0
0.00963,0,0
0.00971,0,0
0.00976,0,0
0.00984,0,0
0.01111,0,0
0.0136,0,0
0.01611,0,0
0.01865,0,0
0.01784,0,0
0.01374,0,0
0.00963,0,0
0.00552,0,0
0.00509,0,0
0.0083,0,0
0.01146,0,0
0.01451,0,0
0.02044,0,0
0.0298,0,0
0.0395,0,0
0.04931,0,0
0.1323,0,0
0.29154,0,0
0.38611,0,0
0.41219,0,0
0.49339,1,1
0.62864,1,1
0.64204,1,1
0.52533,1,1
0.42538,0,0
0.35092,0,0
0.3439,0,0
0.39919,0,0
0.43553,0,0
0.45254,0,0
0.47947,1,1
0.51606,1,1
0.54942,1,1
0.57763,1,1
0.60731,1,1
0.63625,1,1
0.67187,1,1
0.71206,1,1
0.73858,1,1
0.75147,1,1
0.79361,1,1
0.86241,1,1
0.84908,1,1
0.74941,1,1
0.65666,1,1
0.57453,1,1
0.53385,1,1
0.53222,1,1
0.51498,1,1
0.48737,1,1
0.45623,0,0
0.44765,0,0
0.44508,0,0
0.42153,0,0
0.38379,0,0
0.33023,0,0
0.28906,0,0
0.2479,0,0
0.14726,0,0
0.04035,0,0
0.0,0,0
0.0,0,0
0.0,0,0
0.0,0,0
0.0,0,0
0.0,0,0
0.0,0,0
0.0,0,0
0.0,0,0
0.0,0,0
0.00223,0,0
0.00643,0,0
0.01241,0,0
0.02013,0,0
0.05398,0,0
0.09094,0,0
0.10607,0,0
0.09974,0,0
0.09336,0,0
0.0866,0,0
0.0992,0,0
0.13561,0,0
0.18638,0,0
0.23928,0,0
0.26077,0,0
0.25156,0,0
0.2422,0,0
0.23176,0,0
0.21924,0,0
0.20445,0,0
0.18851,0,0
0.17231,0,0
0.1362,0,0
0.09874,0,0
0.06064,0,0
0.02404,0,0
0.01992,0,0
0.01992,0,0
0.01984,0,0
0.01984,0,0
0.01861,0,0
0.01615,0,0
0.01363,0,0
0.01118,0,0
0.01068,0,0
0.01204,0,0
0.0134,0,0
0.01466,0,0
0.03048,0,0
0.07349,0,0
0.1315,0,0
0.19016,0,0
0.28701,0,0
0.43699,0,0
0.53886,0,0
0.61448,0,0
0.60851,0,0
0.51907,0,0
0.47548,0,0
0.48295,0,0
0.5313,0,0
0.61371,0,0
0.64192,0,0
0.60861,0,0
0.52267,0,0
0.38589,0,0
0.39299,0,0
0.54056,0,0
0.66856,0,0
0.77466,0,0
0.83256,0,0
0.85228,0,0
0.94814,0,0
1.12431,1,1
1.17074,1,1
1.08403,0,0
1.00775,0,0
0.94361,0,0
0.91405,0,0
0.92322,0,0
0.97018,0,0
1.07617,0,0
1.15832,1,1
1.27822,1,1
1.3303,1,1
1.31702,1,1
1.33741,1,1
1.37452,1,1
1.46554,1,1
1.60276,1,1
1.77127,1,1
1.94976,1,1
1.86272,1,1
1.51708,1,1
1.19788,1,1
0.87197,0,0
0.74007,0,0
0.74045,0,0
0.74336,0,0
0.7463,0,0
0.79708,0,0
0.92822,0,0
1.06649,0,0
1.20583,1,1
1.24449,1,1
1.18543,1,1
1.1215,0,0
1.06082,0,0
1.06892,0,0
1.14328,1,1
1.21825,1,1
1.29384,1,1
1.3039,1,1
1.23785,1,1
1.17558,1,1
1.1082,0,0
1.04419,0,0
0.98288,0,0
0.92009,0,0
0.87671,0,0
0.85669,0,0
0.86396,0,0
0.87134,0,0
0.87534,0,0
0.80865,0,0
0.66411,0,0
0.53118,0,0
0.45024,0,0
0.37155,0,0
0.30646,0,0
0.25377,0,0
0.20008,0,0
0.18231,0,0
0.20124,0,0
0.22019,0,0
0.23918,0,0
0.25393,0,0
0.26317,0,0
0.27336,0,0
0.2822,0,0
0.33414,0,0
0.4515,0,0
0.57749,0,0
0.78438,0,0
0.95077,0,0
1.10016,0,0
1.30357,0,0
1.54308,0,0
1.67419,0,0
1.67692,0,0
1.70428,0,0
1.74187,0,0
1.72728,0,0
1.6542,0,0
1.65701,0,0
1.77667,1,1
1.92815,1,1
2.10569,1,1
2.15432,1,1
2.03363,1,1
1.91447,1,1
1.79347,1,1
1.7404,0,1
1.76766,1,1
1.86303,1,1
2.03315,1,1
2.08661,1,1
2.07497,1,1
1.99733,1,1
1.8297,1,1
1.76648,0,1
1.80244,1,1
1.88186,1,1
2.02047,1,1
2.08103,1,1
2.073,1,1
2.11665,1,1
2.24081,1,1
2.28568,1,1
2.24777,1,1
1.99699,1,1
1.54711,0,0
1.26428,0,0
1.0648,0,0
1.00121,0,0
0.97613,0,0
0.84882,0,0
0.67725,0,0
0.55313,0,0
0.44631,0,0
0.34498,0,0
0.25536,0,0
0.21206,0,0
0.20373,0,0
0.19469,0,0
0.18565,0,0
0.14505,0,0
0.08499,0,0
0.03779,0,0
0.01282,0,0
0.00716,0,0
0.00589,0,0
0.00463,0,0
0.00334,0,0
0.00401,0,0
0.00667,0,0
0.00939,0,0
0.01213,0,0
0.01462,0,0
0.01676,0,0
0.01894,0,0
0.02326,0,0
0.04679,0,0
0.08464,0,0
0.12412,0,0
0.18586,0,0
0.20385,0,0
0.17713,0,0
0.1496,0,0
0.12469,0,0
0.09345,0,0
0.04743,0,0
0.01825,0,0
0.00834,0,0
0.00135,0,0
0.0,0,0
0.0,0,0
0.0,0,0
0.0,0,0
0.00665,0,0
0.01971,0,0
0.06441,0,0
0.09203,0,0
0.08389,0,0
0.07613,0,0
0.06837,0,0
0.0681,0,0
0.07525,0,0
0.08227,0,0
0.08919,0,0
0.13899,0,0
0.24896,0,0
0.36436,0,0
0.45463,0,0
0.53775,0,0
0.63525,0,0
0.73746,0,0
0.86191,0,0
0.87963,0,0
0.90144,0,0
0.90989,0,0
0.98405,0,0
1.15932,0,0
1.44007,1,1
1.63133,1,1
1.74701,1,1
1.81855,1,1
1.84962,1,1
1.82045,1,1
1.71951,1,1
1.65243,1,1
1.62187,1,1
1.6262,1,1
1.65042,1,1
1.61519,1,1
1.5272,1,1
1.42745,1,1
1.33932,0,0
1.36642,0,0
1.5573,1,1
1.6958,1,1
1.80776,1,1
1.83529,1,1
1.74683,1,1
1.70051,1,1
1.69615,1,1
1.59793,1,1
1.40049,1,1
1.25306,0,0
1.13805,0,0
1.07499,0,0
1.07507,0,0
1.06546,0,0
1.04284,0,0
1.09409,0,0
1.21974,0,0
1.32712,0,0
1.44657,1,0
1.37453,0,0
1.13377,0,0
0.91413,0,0
0.72067,0,0
0.53533,0,0
0.38115,0,0
0.26448,0,0
0.17671,0,0
0.16277,0,0
0.22087,0,0
0.28797,0,0
0.3689,0,0
0.38687,0,0
0.34124,0,0
0.29632,0,0
0.25351,0,0
0.21457,0,0
0.17036,0,0
0.12584,0,0
0.09379,0,0
0.09121,0,0
0.11603,0,0
0.15233,0,0
0.19251,0,0
0.20009,0,0
0.17311,0,0
0.1467,0,0
0.12221,0,0
0.12267,0,0
0.1495,0,0
0.17913,0,0
0.20946,0,0
0.21681,0,0
0.20134,0,0
0.18562,0,0
0.16965,0,0
0.15571,0,0
0.14399,0,0
0.13407,0,0
0.12652,0,0
0.12651,0,0
0.13403,0,0
0.14453,0,0
0.15562,0,0
0.16079,0,0
0.16011,0,0
0.1588,0,0
0.15814,0,0
0.19595,0,0
0.27614,0,0
0.35662,0,0
0.43655,0,0
0.41108,0,0
0.2841,0,0
0.20599,0,0
0.15557,0,0
0.08682,0,0
0.0444,0,0
0.0436,0,0
0.14862,0,0
0.32164,0,0
0.45966,0,0
0.49554,0,0
0.43121,0,0
0.39114,0,0
0.40796,0,0
0.46298,0,0
0.57568,0,0
0.62996,0,0
0.63061,0,0
0.6522,0,0
0.71456,0,0
0.79784,0,0
0.8825,0,0
1.00533,1,1
1.14842,1,1
1.35874,1,1
1.70827,1,1
1.8807,1,1
1.93638,1,1
1.78234,1,1
1.41652,1,1
1.1757,1,1
1.00036,0,0
0.91351,0,0
0.84474,0,0
0.78488,0,0
0.72446,0,0
0.69465,0,0
0.69263,0,0
0.66541,0,0
0.62399,0,0
0.59158,0,0
0.56424,0,0
0.51919,0,0
0.47845,0,0
0.63501,0,0
1.06931,1,1
1.6209,1,1
2.18898,1,1
2.40111,1,1
2.28231,1,1
2.1605,1,1
2.0294,1,1
1.77683,1,1
1.39486,1,1
1.0509,1,1
0.74456,0,0
0.68951,0,0
0.81885,0,0
0.98851,0,0
1.16063,1,1
1.21477,1,1
1.15298,1,1
1.08695,1,1
1.02439,1,1
0.96804,0,0
0.9169,0,0
0.86385,0,0
0.82537,0,0
0.73807,0,0
0.59849,0,0
0.47628,0,0
0.39843,0,0
0.34544,0,0
0.32006,0,0
0.29293,0,0
0.27236,0,0
0.21374,0,0
0.12023,0,0
0.05625,0,0
0.01619,0,0
0.01286,0,0
0.01988,0,0
0.04106,0,0
0.07508,0,0
0.09196,0,0
0.09201,0,0
0.09168,0,0
0.09135,0,0
0.09473,0,0
0.10178,0,0
0.10834,0,0
0.11526,0,0
0.15101,0,0
0.26598,0,0
0.41221,0,0
0.50201,0,0
0.56581,0,0
0.62778,0,0
0.70347,0,0
0.8071,0,0
0.91561,0,0
1.01141,0,0
1.08235,0,0
1.12801,1,1
1.16878,1,1
1.21287,1,1
1.2558,1,1
1.3078,1,1
1.35815,1,1
1.41507,1,1
1.45212,1,1
1.47629,1,1
1.5108,1,1
1.56434,1,1
1.54912,1,1
1.45546,1,1
1.37818,1,1
1.31669,1,1
1.2726,1,1
1.237,1,1
1.18603,1,1
1.11508,1,1
1.1101,0,1
1.16409,1,1
1.2033,1,1
1.22486,1,1
1.19383,1,1
1.11716,1,1
1.04493,0,0
0.9779,0,0
0.87357,0,0
0.75465,0,0
0.6894,0,0
0.66177,0,0
0.49162,0,0
0.25432,0,0
0.15057,0,0
0.119,0,0
0.07669,0,0
0.02447,0,0
0.0,0,0
0.0,0,0
0.0,0,0
0.0,0,0
0.0,0,0
0.0,0,0
0.0,0,0
0.0,0,0
0.0,0,0
0.0,0,0
0.0,0,0
0.0,0,0
0.0,0,0
0.0,0,0
0.0,0,0
0.0,0,0
0.0,0,0
0.0,0,0
0.0,0,0
0.0,0,0
0.0,0,0
0.0,0,0
0.0,0,0
0.0,0,0
0.0,0,0
0.0,0,0
0.0,0,0
0.0,0,0
0.0,0,0
0.0,0,0
0.0,0,0
0.0,0,0
0.00129,0,0
0.00973,0,0
0.01832,0,0
0.04105,0,0
0.08224,0,0
0.12385,0,0
0.18181,0,0
0.24738,0,0
0.27414,0,0
0.26164,0,0
0.25022,0,0
0.23877,0,0
0.23223,0,0
0.23063,0,0
0.22907,0,0
0.22752,0,0
0.3077,0,0
0.52258,0,0
0.80623,0,0
1.21167,0,0
1.37066,0,0
1.23949,0,0
1.24637,0,0
1.33773,0,0
1.50036,0,0
1.71621,0,0
1.89231,0,0
2.02185,0,0
2.21504,0,0
2.43925,0,0
2.69349,1,1
2.95322,1,1
3.0875,1,1
3.12112,1,1
3.11964,1,1
3.10303,1,1
3.04133,1,1
2.95609,1,1
2.86183,1,1
2.77743,1,1
2.75248,1,1
2.80196,1,1
2.81462,1,1
2.80879,1,1
2.78601,1,1
2.74734,1,1
2.73545,1,1
2.7276,1,1
2.70018,1,1
2.65296,1,1
2.58077,1,1
2.49026,1,1
2.45104,1,1
2.44837,1,1
2.37342,0,0
2.24543,0,0
1.95463,0,0
1.55175,0,0
1.19473,0,0
0.91008,0,0
0.73467,0,0
0.66107,0,0
0.56101,0,0
0.48908,0,0
0.42412,0,0
0.37519,0,0
0.32863,0,0
0.28139,0,0
0.25222,0,0
0.24232,0,0
0.23486,0,0
0.22653,0,0
0.21885,0,0
0.21035,0,0
0.20178,0,0
0.19314,0,0
0.17247,0,0
0.13962,0,0
0.10801,0,0
0.08682,0,0
0.08254,0,0
0.09505,0,0
0.10795,0,0
0.12519,0,0
0.12704,0,0
0.11246,0,0
0.10169,0,0
0.09042,0,0
0.08461,0,0
0.08466,0,0
0.08502,0,0
0.08506,0,0
0.08227,0,0
0.0762,0,0
0.07025,0,0
0.06386,0,0
0.04792,0,0
0.02301,0,0
0.01767,0,0
0.01233,0,0
0.01312,0,0
0.0202,0,0
0.04156,0,0
0.07537,0,0
0.08481,0,0
0.06983,0,0
0.05484,0,0
0.03982,0,0
0.03218,0,0
0.03207,0,0
0.03184,0,0
0.03161,0,0
0.07918,0,0
0.19773,0,0
0.35244,0,0
0.545,0,0
0.67386,0,0
0.72345,0,0
0.83354,0,0
0.97597,0,0
1.10181,0,0
1.21703,0,0
1.32086,0,0
1.4251,0,0
1.53009,0,0
1.64113,1,1
1.71445,1,1
1.74473,1,1
1.77605,1,1
1.80334,1,1
1.84043,1,1
1.87885,1,1
1.92411,1,1
1.96965,1,1
1.96344,1,1
1.91906,1,1
1.8813,1,1
1.8614,1,1
1.82387,1,1
1.76421,1,1
1.71861,1,1
1.68221,1,1
1.64537,1,1
1.61562,1,1
1.58679,1,1
1.56261,1,1
1.47741,0,0
1.34892,0,0
1.2164,0,0
1.08479,0,0
0.97553,0,0
0.87325,0,0
0.76704,0,0
0.65966,0,0
0.51594,0,0
0.37162,0,0
0.275,0,0
0.2086,0,0
0.11544,0,0
0.02977,0,0
0.0,0,0
0.0,0,0
0.0,0,0
0.0,0,0
0.0,0,0
0.0,0,0
0.00297,0,0
0.00615,0,0
0.01067,0,0
0.01649,0,0
0.03403,0,0
0.06214,0,0
0.09627,0,0
0.15036,0,0
0.21408,0,0
0.28455,0,0
0.39241,0,0
0.57062,0,0
0.80681,0,0
1.12658,0,0
1.53795,0,0
2.05665,1,1
2.57089,1,1
3.07085,1,1
3.2816,0,0
3.18685,0,0
3.10357,0,0
3.01954,0,0
3.07381,0,0
3.27042,0,0
3.48532,0,0
3.68623,0,0
3.90145,1,1
4.11575,1,1
4.31039,1,1
4.47519,1,1
4.37966,1,1
3.94939,1,1
3.45851,0,0
2.96384,0,0
2.73126,0,0
2.79226,0,0
2.86442,0,0
2.93669,0,0
3.10213,0,0
3.36581,0,0
3.61763,0,0
3.83843,0,0
3.78871,0,0
3.49462,0,0
3.27692,0,0
3.14489,0,0
3.25573,0,0
3.51412,0,0
3.86234,0,0
4.42693,1,1
4.77166,1,1
4.86936,1,1
4.94663,1,1
4.99458,1,1
5.03366,1,1
5.04889,1,1
5.0407,1,1
4.98973,1,1
4.93883,1,1
4.8543,1,1
4.73191,1,1
4.60394,1,1
4.3794,1,1
4.08503,1,1
3.76717,0,0
3.44718,0,0
3.39628,0,0
3.61964,0,0
3.81641,0,0
3.96633,1,1
3.99356,1,1
3.88881,1,1
3.79089,0,0
3.68088,0,0
3.59871,0,0
3.50967,0,0
3.35859,0,0
3.15512,0,0
2.78036,0,0
2.30112,0,0
1.85489,0,0
1.47245,0,0
1.29422,0,0
1.24547,0,0
1.13964,0,0
0.99766,0,0
0.92496,0,0
0.91752,0,0
0.92013,0,0
0.92133,0,0
0.92568,0,0
0.92936,0,0
0.93307,0,0
0.93681,0,0
1.05147,0,0
1.28447,0,0
1.55991,0,0
1.83757,0,0
1.97432,0,0
1.9889,0,0
1.99704,0,0
2.00524,0,0
1.79832,0,0
1.35039,0,0
0.97111,0,0
0.65568,0,0
0.52034,0,0
0.52255,0,0
0.52478,0,0
0.52886,0,0
0.61648,0,0
0.79147,0,0
1.01253,0,0
1.26775,0,0
1.36672,0,0
1.29774,0,0
1.22817,0,0
1.15799,0,0
1.20549,0,0
1.37946,0,0
1.56246,0,0
1.77428,0,0
2.02803,0,0
2.3159,0,0
2.59556,0,0
2.87943,0,0
2.92876,0,0
2.73964,0,0
2.55032,0,0
2.35941,0,0
2.74466,0,0
3.63337,0,0
4.39377,1,1
4.83425,1,1
4.78641,1,1
4.61204,1,1
4.30267,1,1
3.90112,0,0
3.55409,0,0
3.31942,0,0
3.08481,0,0
2.84789,0,0
2.78759,0,0
2.92841,0,0
3.06785,0,0
3.22855,0,0
3.41787,0,0
3.65292,0,0
3.82053,0,0
3.88728,0,0
4.05375,0,0
4.31957,1,1
4.46398,1,1
4.46697,1,1
4.61399,1,1
4.95096,1,1
5.20132,1,1
5.34549,1,1
5.37558,1,1
5.32134,1,1
5.19818,1,1
4.99048,1,1
4.73852,1,1
4.42543,1,1
4.10625,0,0
3.81228,0,0
3.46815,0,0
3.1754,0,0
2.93023,0,0
2.75775,0,0
2.75476,0,0
2.89207,0,0
2.9504,0,0
2.95323,0,0
3.14752,0,0
3.52133,0,0
3.92515,0,0
4.32704,1,1
4.51232,1,1
4.53142,1,1
4.46707,1,1
4.37475,1,1
4.20907,1,1
3.93482,0,0
3.48642,0,0
2.94361,0,0
2.56117,0,0
2.34171,0,0
2.09725,0,0
1.84498,0,0
1.7198,0,0
1.73199,0,0
1.73866,0,0
1.75109,0,0
1.65017,0,0
1.44988,0,0
1.25039,0,0
1.07682,0,0
0.91749,0,0
0.78329,0,0
0.68007,0,0
0.57333,0,0
0.5531,0,0
0.61683,0,0
0.68106,0,0
0.74842,0,0
0.73791,0,0
0.65142,0,0
0.55891,0,0
0.48483,0,0
0.39305,0,0
0.2671,0,0
0.16828,0,0
0.09024,0,0
0.05007,0,0
0.03268,0,0
0.02108,0,0
0.01749,0,0
0.01764,0,0
0.02171,0,0
0.03422,0,0
0.05354,0,0
0.0557,0,0
0.0406,0,0
0.02536,0,0
0.02129,0,0
0.02139,0,0
0.02561,0,0
0.04122,0,0
0.0566,0,0
0.06799,0,0
0.0751,0,0
0.0821,0,0
0.08899,0,0
0.14129,0,0
0.24666,0,0
0.35219,0,0
0.45386,0,0
0.5039,0,0
0.5241,0,0
0.57438,0,0
0.6672,0,0
0.68059,0,0
0.61099,0,0
0.61095,0,0
0.68789,0,0
0.79051,0,0
0.94153,1,1
1.08918,1,1
1.23226,1,1
1.3542,1,1
1.44697,1,1
1.50737,1,1
1.52989,1,1
1.55726,1,1
1.59351,1,1
1.54592,1,1
1.44086,1,1
1.38425,1,1
1.35898,1,1
1.34463,1,1
1.33186,1,1
1.34087,1,1
1.36708,1,1
1.33748,1,1
1.25452,1,1
1.17537,1,1
1.09443,1,1
1.05085,1,1
1.03037,1,1
0.98804,1,1
0.93116,0,0
0.84663,0,0
0.74446,0,0
0.6463,0,0
0.54953,0,0
0.45356,0,0
0.35956,0,0
0.28592,0,0
0.21658,0,0
0.11533,0,0
0.03443,0,0
0.00816,0,0
0.00943,0,0
0.01075,0,0
0.01204,0,0
0.0115,0,0
0.00904,0,0
0.00654,0,0
0.00401,0,0
0.00402,0,0
0.00664,0,0
0.00925,0,0
0.0119,0,0
0.0178,0,0
0.05526,0,0
0.09968,0,0
0.16113,0,0
0.16923,0,0
0.11568,0,0
0.08074,0,0
0.04551,0,0
0.02477,0,0
0.02039,0,0
0.01936,0,0
0.01828,0,0
0.01734,0,0
0.01668,0,0
0.01601,0,0
0.01529,0,0
0.01355,0,0
0.01066,0,0
0.00769,0,0
0.00472,0,0
0.00668,0,0
0.01375,0,0
0.021,0,0
0.04588,0,0
0.05396,0,0
0.03467,0,0
0.0222,0,0
0.01813,0,0
0.01615,0,0
0.01616,0,0
0.01623,0,0
0.01624,0,0
0.01538,0,0
0.01367,0,0
0.01198,0,0
0.01032,0,0
0.05532,0,0
0.15287,0,0
0.25336,0,0
0.35904,0,0
0.42919,0,0
0.47198,0,0
0.55452,0,0
0.68221,0,0
0.83063,0,0
1.00702,1,1
1.06701,1,1
0.99146,1,1
0.87381,1,1
0.81593,0,0
0.84793,0,0
0.98504,1,1
1.19404,1,1
1.35897,1,1
1.42919,1,1
1.39794,1,1
1.36945,1,1
1.35707,1,1
1.36963,1,1
1.41408,1,1
1.50297,1,1
1.64004,1,1
1.57126,1,1
1.3038,1,1
0.98695,1,1
0.81319,0,0
0.81477,0,0
0.88991,1,1
1.02105,1,1
1.09913,1,1
1.07101,1,1
0.95448,1,1
0.86586,1,1
0.80009,0,0
0.71433,0,0
0.60795,0,0
0.50304,0,0
0.40141,0,0
0.34343,0,0
0.3068,0,0
0.26519,0,0
0.21136,0,0
0.11786,0,0
0.03222,0,0
0.0,0,0
0.0,0,0
0.0,0,0
0.0,0,0
0.0,0,0
0.0,0,0
0.0,0,0
0.0,0,0
0.0,0,0
0.0,0,0
0.0,0,0
0.0,0,0
0.0,0,0
0.0,0,0
0.00312,0,0
0.00649,0,0
0.00449,0,0
0.0,0,0
0.0,0,0
0.0,0,0
0.0,0,0
0.0,0,0
0.0,0,0
0.0,0,0
0.0,0,0
0.0,0,0
0.0,0,0
0.0,0,0
0.0,0,0
0.0,0,0
0.0,0,0
0.0,0,0
0.0,0,0
0.0,0,0
0.0,0,0
0.0,0,0
0.0,0,0
0.0,0,0
0.0,0,0
0.0,0,0
0.0,0,0
0.0,0,0
0.0,0,0
0.0,0,0
0.0,0,0
0.00757,0,0
0.02357,0,0
0.03976,0,0
0.09751,0,0
0.20683,0,0
0.31088,0,0
0.4125,0,0
0.51798,0,0
0.60326,0,0
0.68497,0,0
0.78932,0,0
0.90132,0,0
1.01181,0,0
1.11543,0,0
1.21812,0,0
1.34097,1,1
1.48703,1,1
1.59179,1,1
1.65961,1,1
1.74297,1,1
1.84304,1,1
1.88142,1,1
1.86015,1,1
1.84978,1,1
1.85739,1,1
1.83162,1,1
1.77377,1,1
1.72017,1,1
1.67654,1,1
1.64717,1,1
1.63347,1,1
1.60223,1,1
1.55489,1,1
1.54674,1,1
1.56563,1,1
1.56361,1,1
1.55321,1,1
1.47165,1,1
1.33425,1,1
1.22834,0,0
1.14179,0,0
0.9995,0,0
0.82413,0,0
0.67023,0,0
0.54841,0,0
0.44876,0,0
0.34969,0,0
0.27033,0,0
0.20089,0,0
0.10661,0,0
0.02801,0,0
0.0,0,0
0.0,0,0
0.0,0,0
0.0,0,0
0.0,0,0
0.0,0,0
0.0,0,0
0.0,0,0
0.0,0,0
0.0,0,0
0.0,0,0
0.0,0,0
0.0,0,0
0.0,0,0
0.0,0,0
0.0,0,0
0.0,0,0
0.0,0,0
0.0,0,0
0.0,0,0
0.0,0,0
0.0,0,0
0.0,0,0
0.0,0,0
0.0,0,0
0.0,0,0
0.0,0,0
0.0,0,0
0.0,0,0
0.0,0,0
0.0,0,0
0.0,0,0
0.0,0,0
0.0,0,0
0.0,0,0
0.0,0,0
0.0,0,0
0.0,0,0
0.0,0,0
0.0,0,0
0.0,0,0
0.0,0,0
0.0,0,0
0.0,0,0
0.0,0,0
0.01597,0,0
0.04939,0,0
0.08928,0,0
0.12548,0,0
0.21677,0,0
0.36329,0,0
0.46164,0,0
0.55143,0,0
0.66127,0,0
0.76608,0,0
0.89595,0,0
1.05185,0,0
1.22176,0,0
1.34695,0,0
1.44362,0,0
1.53032,0,0
1.61847,1,1
1.68193,1,1
1.71958,1,1
1.74914,1,1
1.76519,1,1
1.7898,1,1
1.82728,1,1
1.88179,1,1
1.95801,1,1
1.94941,1,1
1.86332,1,1
1.78799,1,1
1.72871,1,1
1.69925,1,1
1.70264,1,1
1.73597,1,1
1.81352,1,1
1.85898,1,1
1.89188,1,1
1.87841,1,1
1.80662,1,1
1.78216,1,1
1.79875,1,1
1.72898,1,1
1.6133,0,0
1.40971,0,0
1.16738,0,0
1.01661,0,0
0.92769,0,0
0.81171,0,0
0.67249,0,0
0.57003,0,0
0.49582,0,0
0.40521,0,0
0.30316,0,0
0.24765,0,0
0.22924,0,0
0.21156,0,0
0.19437,0,0
0.15292,0,0
0.09598,0,0
0.05382,0,0
0.01759,0,0
0.01186,0,0
0.00929,0,0
0.0067,0,0
0.0041,0,0
0.00246,0,0
0.0018,0,0
0.00114,0,0
0.00047,0,0
0.0,0,0
0.0,0,0
0.0,0,0
0.0,0,0
0.0,0,0
0.0,0,0
0.0,0,0
0.0,0,0
0.0,0,0
0.0,0,0
0.0,0,0
0.0,0,0
0.0,0,0
0.0,0,0
0.0,0,0
0.0,0,0
0.0,0,0
0.0,0,0
0.0,0,0
0.0,0,0
0.0,0,0
0.0,0,0
0.0,0,0
0.0,0,0
0.0,0,0
0.0,0,0
0.0,0,0
0.0,0,0
0.0,0,0
0.01162,0,0
0.0363,0,0
0.06119,0,0
0.11817,0,0
0.25294,0,0
0.3834,0,0
0.40998,0,0
0.43782,0,0
0.50597,0,0
0.53351,0,0
0.52735,0,0
0.48446,0,0
0.43383,0,0
0.47968,0,0
0.65629,0,0
0.85848,0,0
1.01876,0,0
1.13469,1,1
1.20787,1,1
1.32328,1,1
1.48123,1,1
1.52846,1,1
1.45583,1,1
1.39016,1,1
1.35381,1,1
1.3795,1,1
1.44821,1,1
1.53233,1,1
1.61785,1,1
1.65956,1,1
1.65828,1,1
1.65898,1,1
1.65543,1,1
1.57854,1,1
1.43859,1,1
1.31958,1,1
1.22489,1,1
1.19287,1,1
1.20302,1,1
1.20967,1,1
1.20715,1,1
1.12841,0,0
0.9992,0,0
0.81028,0,0
0.5825,0,0
0.42555,0,0
0.32602,0,0
0.25051,0,0
0.20811,0,0
0.1343,0,0
0.04628,0,0
0.00968,0,0
0.01409,0,0
0.01857,0,0
0.03927,0,0
0.0471,0,0
0.04135,0,0
0.0355,0,0
0.02958,0,0
0.039,0,0
0.06384,0,0
0.08871,0,0
0.1147,0,0
0.15173,0,0
0.1866,0,0
0.22175,0,0
0.25717,0,0
0.3072,0,0
0.36157,0,0
0.41743,0,0
0.47551,0,0
0.56163,0,0
0.63525,0,0
0.71159,0,0
0.78792,0,0
0.85993,0,0
0.92431,0,0
1.00728,0,0
1.08746,1,1
1.05258,1,1
0.90243,0,0
0.78725,0,0
0.66921,0,0
0.6749,0,0
0.81394,0,0
0.95652,0,0
1.13475,1,1
1.0777,1,1
0.83589,0,0
0.61283,0,0
0.46872,0,0
0.41775,0,0
0.43902,0,0
0.46184,0,0
0.48449,0,0
0.52273,0,0
0.62094,0,0
0.75611,0,0
0.8855,0,0
0.9914,0,0
1.09933,1,1
1.17064,1,1
1.14791,1,1
1.09842,1,1
1.06719,1,1
1.07547,1,1
1.1151,1,1
1.04746,1,1
0.94202,0,0
0.8301,0,0
0.69709,0,0
0.63683,0,0
0.64252,0,0
0.69319,0,0
0.79332,0,0
0.90518,0,0
1.02277,1,1
1.13578,1,1
1.30574,1,1
1.29604,1,1
1.16663,1,1
1.09242,1,1
1.05707,1,1
1.09637,1,1
1.20333,1,1
1.16663,1,1
0.98327,0,0
0.81637,0,0
0.70511,0,0
0.65998,0,0
0.63268,0,0
0.57421,0,0
0.72288,0,0
0.71895,0,0
0.77648,0,0
0.8949,0,0
1.05183,1,1
1.02794,1,1
0.8539,0,0
0.72822,0,0
0.65041,0,0
0.61723,0,0
0.60115,0,0
0.59429,0,0
0.57815,0,0
0.51736,0,0
0.4725,0,0
0.4977,0,0
0.53512,0,0
0.57121,0,0
0.60951,0,0
0.64045,0,0
0.66581,0,0
0.6936,0,0
0.7194,0,0
0.68908,0,0
0.59718,0,0
0.50462,0,0
0.43079,0,0
0.3973,0,0
0.37876,0,0
0.36131,0,0
0.34361,0,0
0.32226,0,0
0.29614,0,0
0.26982,0,0
0.25062,0,0
0.24314,0,0
0.24671,0,0
0.2513,0,0
0.25606,0,0
0.23451,0,0
0.18625,0,0
0.13815,0,0
0.1034,0,0
0.08091,0,0
0.06762,0,0
0.0537,0,0
0.03944,0,0
0.04747,0,0
0.0783,0,0
0.10964,0,0
0.14299,0,0
0.18843,0,0
0.23085,0,0
0.27213,0,0
0.31439,0,0
0.33146,0,0
0.3135,0,0
0.30035,0,0
0.2873,0,0
0.27215,0,0
0.25634,0,0
0.24361,0,0
0.23052,0,0
0.20927,0,0
0.17989,0,0
0.15235,0,0
0.14522,0,0
0.16917,0,0
0.21092,0,0
0.30177,0,0
0.44444,1,1
0.53153,1,1
0.56191,1,1
0.52344,1,1
0.4393,1,1
0.38534,1,1
0.36289,0,0
0.35758,0,0
0.36867,0,0
0.37541,0,0
0.38059,0,0
0.42439,1,1
0.50707,1,1
0.58101,1,1
0.64608,1,1
0.68621,1,1
0.71715,1,1
0.79982,1,1
0.91919,1,1
0.86256,1,1
0.63365,1,1
0.43732,1,1
0.26724,0,0
0.22529,0,0
0.31506,0,0
0.38454,1,1
0.42926,1,1
0.43494,1,1
0.39926,1,1
0.38963,1,1
0.40794,1,1
0.40199,1,1
0.37456,0,0
0.33919,0,0
0.29774,0,0
0.25215,0,0
0.20267,0,0
0.14388,0,0
0.07776,0,0
0.03461,0,0
0.01864,0,0
0.01543,0,0
0.01666,0,0
0.01794,0,0
0.0222,0,0
0.0311,0,0
0.04315,0,0
0.05536,0,0
0.06773,0,0
0.07724,0,0
0.08356,0,0
0.09022,0,0
0.09665,0,0
0.09115,0,0
0.07341,0,0
0.05511,0,0
0.03667,0,0
0.02417,0,0
0.0196,0,0
0.01833,0,0
0.01704,0,0
0.01317,0,0
0.00643,0,0
0.0,0,0
0.0,0,0
0.0,0,0
0.0,0,0
0.0,0,0
0.0,0,0
0.0,0,0
0.0,0,0
0.0,0,0
0.0,0,0
0.0,0,0
0.0,0,0
0.0,0,0
0.0,0,0
0.0,0,0
0.0,0,0
0.0,0,0
0.0,0,0
0.00419,0,0
0.01224,0,0
0.02029,0,0
0.04427,0,0
0.08028,0,0
0.11724,0,0
0.16388,0,0
0.22265,0,0
0.30499,0,0
0.41135,0,0
0.53176,0,0
0.65052,0,0
0.84173,0,0
1.19642,0,0
1.6703,0,0
2.2111,1,1
2.5794,1,1
2.72896,1,1
2.78341,1,1
2.75201,1,1
2.80336,1,1
2.94653,1,1
3.0431,1,1
3.10629,1,1
3.04345,1,1
2.85105,1,1
2.78869,1,1
2.85144,1,1
2.92128,1,1
2.97348,1,1
2.8726,1,1
2.62258,1,1
2.39687,1,1
2.20185,1,1
2.05126,0,0
1.93221,0,0
1.79344,0,0
1.63569,0,0
1.52624,0,0
1.44583,0,0
1.5782,0,0
1.96193,0,0
2.3069,1,1
2.56571,1,1
2.49529,1,1
2.09188,0,0
1.68048,0,0
1.32159,0,0
1.13817,0,0
1.09987,0,0
1.06034,0,0
1.0265,0,0
0.92411,0,0
0.79581,0,0
0.72098,0,0
0.65112,0,0
0.65098,0,0
0.72364,0,0
0.8025,0,0
0.90133,0,0
0.95584,0,0
0.96246,0,0
0.96917,0,0
0.97597,0,0
1.09509,0,0
1.33732,0,0
1.62905,0,0
1.91843,0,0
2.07984,0,0
2.12634,0,0
2.17319,0,0
2.22039,1,1
2.19948,1,1
2.10242,0,0
2.01222,0,0
1.91194,0,0
1.67096,0,0
1.2894,0,0
0.95515,0,0
0.68488,0,0
0.54134,1,1
0.50573,1,1
0.48497,1,1
0.46649,1,1
0.45896,1,1
0.46264,1,1
0.46818,1,1
0.47201,1,1
0.48752,1,1
0.51502,1,1
0.54157,1,1
0.58908,1,1
0.5557,1,1
0.49223,1,1
0.42994,0,0
0.36711,0,0
0.30398,0,0
0.24951,0,0
0.19545,0,0
0.14237,0,0
0.11537,0,0
0.09907,0,0
0.08612,0,0
0.07262,0,0
0.1005,0,0
0.17099,0,0
0.25505,0,0
0.36036,0,0
0.40921,0,0
0.41443,0,0
0.39105,0,0
0.33015,0,0
0.32168,0,0
0.34361,0,0
0.36545,0,0
0.37404,0,0
0.34704,0,0
0.28603,0,0
0.26139,0,0
0.27141,0,0
0.29466,0,0
0.32897,0,0
0.31652,0,0
0.25994,0,0
0.20019,0,0
0.1386,0,0
0.13509,0,0
0.18993,0,0
0.24217,0,0
0.2869,0,0
0.32327,0,0
0.35234,0,0
0.39834,0,0
0.47244,1,1
0.49914,1,1
0.47904,1,1
0.46147,1,1
0.44755,1,1
0.44785,1,1
0.45532,1,1
0.44058,1,1
0.40362,0,0
0.36939,0,0
0.34022,0,0
0.31955,0,0
0.30756,0,0
0.30708,0,0
0.31677,0,0
0.33738,0,0
0.36608,0,0
0.39666,0,0
0.4384,0,0
0.43796,0,0
0.39582,0,0
0.36124,0,0
0.32621,0,0
0.26878,0,0
0.20307,0,0
0.14418,0,0
0.09301,0,0
0.06781,0,0
0.05599,0,0
0.04394,0,0
0.032,0,0
0.03515,0,0
0.05355,0,0
0.07209,0,0
0.09106,0,0
0.11148,0,0
0.14606,0,0
0.18189,0,0
0.21774,0,0
0.27178,0,0
0.36681,0,0
0.46527,1,1
0.62393,1,1
0.65717,0,0
0.54136,0,0
0.45935,0,0
0.39518,0,0
0.3243,0,0
0.2578,0,0
0.19916,0,0
0.14012,0,0
0.11394,0,0
0.10758,0,0
0.10112,0,0
0.09456,0,0
0.08382,0,0
0.069,0,0
0.05438,0,0
0.03947,0,0
0.03575,0,0
0.04322,0,0
0.0507,0,0
0.05819,0,0
0.05796,0,0
0.07227,0,0
0.11088,0,0
0.15036,0,0
0.19551,0,0
0.31123,0,0
0.49974,0,0
0.6617,0,0
0.77161,0,0
0.85526,0,0
0.94448,1,1
1.06986,1,1
1.1688,1,1
1.24288,1,1
1.25909,1,1
1.19856,1,1
1.15066,1,1
1.11976,1,1
1.08743,1,1
1.04703,1,1
0.97955,1,1
0.95278,1,1
0.99143,1,1
1.13142,1,1
1.30979,1,1
1.41832,1,1
1.45057,1,1
1.41295,1,1
1.43375,1,1
1.51906,1,1
1.44561,1,1
1.21768,1,1
0.96544,1,1
0.81457,0,0
0.8062,0,0
0.86892,0,0
0.94062,0,0
0.9633,1,0
0.91943,0,0
0.81331,0,0
0.73394,0,0
0.67695,0,0
0.60653,0,0
0.52284,0,0
0.43957,0,0
0.35671,0,0
0.30717,0,0
0.27528,0,0
0.24337,0,0
0.20725,0,0
0.12997,0,0
0.04037,0,0
0.00633,0,0
0.01408,0,0
0.03718,0,0
0.07418,0,0
0.08471,0,0
0.06821,0,0
0.05137,0,0
0.03407,0,0
0.02097,0,0
0.01728,0,0
0.01547,0,0
0.0136,0,0
0.01302,0,0
0.0137,0,0
0.01439,0,0
0.01503,0,0
0.01286,0,0
0.00783,0,0
0.00271,0,0
0.0,0,0
0.0,0,0
0.00283,0,0
0.00844,0,0
0.01438,0,0
0.04492,0,0
0.13505,0,0
0.26962,0,0
0.4478,0,0
0.55165,0,0
0.51747,0,0
0.49825,0,0
0.48129,0,0
0.4621,0,0
0.44259,0,0
0.42108,0,0
0.40097,0,0
0.40275,0,0
0.42841,0,0
0.4543,0,0
0.48042,0,0
0.50472,0,0
0.52904,0,0
0.55192,0,0
0.5956,0,0
0.55723,0,0
0.49382,0,0
0.44488,0,0
0.39879,0,0
0.44869,0,0
0.60409,0,0
0.73628,0,0
0.84202,0,0
0.99561,0,0
1.22523,0,0
1.36804,1,1
1.38783,1,1
1.29135,0,0
1.36597,0,0
1.36724,1,1
1.44123,1,1
1.66425,1,1
2.03681,1,1
2.1146,1,1
1.86507,1,1
1.6473,1,1
1.6504,1,1
1.72889,1,1
1.7482,1,1
1.57883,1,1
1.24111,0,0
1.09046,0,0
1.16059,0,0
1.31571,0,0
1.51659,1,1
1.53307,1,1
1.37809,1,1
1.2381,0,0
1.11089,0,0
1.01319,0,0
0.95911,0,0
0.90364,0,0
0.84028,0,0
0.80632,0,0
0.80044,0,0
0.84509,0,0
0.93668,0,0
0.95416,0,0
0.91771,0,0
0.90923,0,0
0.92942,0,0
1.02818,0,0
1.16203,0,0
1.16092,0,0
1.06633,0,0
1.00554,0,0
0.94761,0,0
0.88901,0,0
0.82976,0,0
0.77256,0,0
0.72694,0,0
0.7091,0,0
0.71385,0,0
0.72099,0,0
0.72589,0,0
0.80157,0,0
0.99996,0,0
1.19977,0,0
1.42436,1,1
1.50903,1,1
1.43442,1,1
1.35476,0,0
1.2834,0,0
1.28798,0,0
1.36934,1,1
1.4554,1,1
1.54208,1,1
1.51722,1,1
1.38636,1,1
1.28018,0,0
1.16644,0,0
1.17971,1,1
1.33364,1,1
1.48636,1,1
1.67334,1,1
1.63416,1,1
1.39728,1,1
1.17776,1,1
0.95482,0,0
0.75588,0,0
0.52818,0,0
0.39904,0,0
0.27839,0,0
0.24176,0,0
0.265,0,0
0.28941,0,0
0.31513,0,0
0.31513,0,0
0.29059,0,0
0.26716,0,0
0.24373,0,0
0.21645,0,0
0.20593,0,0
0.21844,0,0
0.23411,0,0
0.31646,0,0
0.47099,0,0
0.66676,0,0
0.91267,0,0
1.02359,1,0
0.90862,0,0
0.8823,0,0
0.87784,0,0
0.94079,0,0
1.07062,1,1
1.18441,1,1
1.28026,1,1
1.47146,1,1
1.70949,1,1
1.76995,1,1
1.6824,1,1
1.43633,1,1
1.0818,1,1
0.96604,1,1
1.02459,1,1
1.10125,1,1
1.20545,1,1
1.14758,1,1
0.92592,0,0
0.70155,0,0
0.50299,0,0
0.48162,0,0
0.65638,0,0
0.86927,0,0
1.07954,1,1
1.10082,1,1
0.92326,0,0
0.80172,0,0
0.73269,0,0
0.71309,0,0
0.73389,0,0
0.73652,0,0
0.72301,0,0
0.72695,0,0
0.74661,0,0
0.76241,0,0
0.77468,0,0
0.72182,0,0
0.62221,0,0
0.55464,0,0
0.50395,0,0
0.47366,0,0
0.47745,0,0
0.53219,0,0
0.6342,0,0
0.73872,0,0
0.87209,0,0
0.87542,0,0
0.74966,0,0
0.65283,0,0
0.55209,0,0
0.48366,0,0
0.45164,0,0
0.43304,0,0
0.41493,0,0
0.39668,0,0
0.37828,0,0
0.35851,0,0
0.33987,0,0
0.36013,0,0
0.42201,0,0
0.49966,0,0
0.60937,0,0
0.61606,0,0
0.51284,0,0
0.4414,0,0
0.3839,0,0
0.33426,0,0
0.29331,0,0
0.26051,0,0
0.22933,0,0
0.2021,0,0
0.17696,0,0
0.1512,0,0
0.12702,0,0
0.1231,0,0
0.13207,0,0
0.14365,0,0
0.15732,0,0
0.16466,0,0
0.16473,0,0
0.16481,0,0
0.16488,0,0
0.16427,0,0
0.163,0,0
0.16175,0,0
0.16053,0,0
0.11637,0,0
0.0622,0,0
0.05446,0,0
0.06826,0,0
0.11076,0,0
0.17135,0,0
0.20388,0,0
0.20824,0,0
0.23285,0,0
0.27675,0,0
0.27568,0,0
0.23058,0,0
0.20248,0,0
0.20931,0,0
0.23288,0,0
0.26153,0,0
0.24238,0,0
0.23622,0,0
0.23376,0,0
0.23135,0,0
0.20031,0,0
0.1481,0,0
0.11317,0,0
0.21298,0,0
0.40127,0,0
0.54321,0,0
0.66362,0,0
0.76223,0,0
0.95081,0,0
1.23818,1,1
1.38701,1,1
1.38138,1,1
1.40395,1,1
1.44698,1,1
1.49302,1,1
1.52812,1,1
1.53177,1,1
1.50177,1,1
1.43055,1,1
1.30511,1,1
1.21118,1,1
1.14349,1,1
1.13003,1,1
1.14126,1,1
1.11678,1,1
1.02958,0,0
0.83964,0,0
0.61773,0,0
0.49115,0,0
0.44197,0,0
0.37543,0,0
0.2862,0,0
0.27543,0,0
0.32526,0,0
0.37546,0,0
0.42912,0,0
0.54785,0,0
0.69545,0,0
0.8791,0,0
1.09133,0,0
1.2308,1,1
1.31321,1,1
1.39618,1,1
1.47982,1,1
1.49062,1,1
1.42233,1,1
1.35303,1,1
1.28676,1,1
1.04981,0,0
0.68845,0,0
0.42199,0,0
0.25696,0,0
0.19001,0,0
0.17827,0,0
0.16549,0,0
0.15287,0,0
0.15468,0,0
0.17202,0,0
0.19037,0,0
0.20836,0,0
0.23031,0,0
0.2556,0,0
0.28154,0,0
0.31045,0,0
0.35044,0,0
0.39232,1,1
0.43639,1,1
0.48125,1,1
0.48366,1,1
0.44297,1,1
0.40054,1,1
0.35987,0,0
0.31308,0,0
0.27015,0,0
0.2275,0,0
0.18512,0,0
0.13477,0,0
0.09498,0,0
0.05673,0,0
0.02196,0,0
0.04869,0,0
0.11354,0,0
0.17938,0,0
0.2445,0,0
0.31012,0,0
0.39209,1,1
0.40957,1,1
0.35809,0,0
0.24325,0,0
0.13966,0,0
0.10793,0,0
0.24225,0,0
0.5241,1,1
0.78606,1,1
0.79884,1,1
0.56608,1,1
0.39518,1,1
0.28759,0,0
0.22875,0,0
0.20872,0,0
0.16151,0,0
0.0885,0,0
0.08892,0,0
0.16215,0,0
0.22064,0,0
0.26529,0,0
0.29642,0,0
0.31477,0,0
0.34286,0,0
0.38237,0,0
0.39808,1,1
0.38842,1,1
0.38506,0,1
0.38881,1,1
0.39385,1,1
0.40214,1,1
0.41134,1,1
0.42046,1,1
0.41746,1,1
0.40075,1,1
0.38984,1,1
0.38686,1,1
0.35736,0,0
0.29773,0,0
0.25487,0,0
0.22281,0,0
0.1495,0,0
0.05392,0,0
0.0125,0,0
0.01315,0,0
0.01381,0,0
0.01451,0,0
0.01456,0,0
0.01404,0,0
0.01347,0,0
0.01294,0,0
0.01267,0,0
0.01276,0,0
0.01281,0,0
0.01289,0,0
0.0133,0,0
0.01405,0,0
0.0148,0,0
0.01561,0,0
0.01506,0,0
0.01317,0,0
0.01128,0,0
0.00932,0,0
0.01153,0,0
0.01806,0,0
0.03795,0,0
0.0701,0,0
0.1155,0,0
0.19762,0,0
0.28758,0,0
0.40808,0,0
0.50386,0,0
0.60147,1,1
0.7202,1,1
0.8409,1,1
0.85125,1,1
0.74122,1,1
0.6268,1,1
0.53588,1,1
0.50738,0,0
0.50756,0,0
0.50984,0,0
0.51214,1,0
0.47475,0,0
0.39809,0,0
0.32334,0,0
0.26751,0,0
0.21208,0,0
0.16447,0,0
0.14122,0,0
0.12498,0,0
0.14487,0,0
0.20097,0,0
0.23827,0,0
0.25962,0,0
0.27231,0,0
0.265,0,0
0.27989,0,0
0.31449,0,0
0.35171,0,0
0.38848,0,0
0.42344,0,0
0.45829,0,0
0.49365,0,0
0.52946,1,1
0.57109,1,1
0.61763,1,1
0.6406,1,1
0.64358,1,1
0.62327,1,1
0.58032,1,1
0.57168,1,1
0.59791,1,1
0.59088,1,1
0.55561,1,1
0.52809,1,1
0.5094,0,0
0.4718,0,0
0.41858,0,0
0.32847,0,0
0.20169,0,0
0.20596,0,0
0.35122,0,0
0.537,1,1
0.74923,1,1
0.74907,1,1
0.5394,1,1
0.36328,0,0
0.22601,0,0
0.18339,0,0
0.23241,0,0
0.27416,0,0
0.30813,0,0
0.29418,0,0
0.23553,0,0
0.1912,0,0
0.15747,0,0
0.10952,0,0
0.04536,0,0
0.01708,0,0
0.02874,0,0
0.04686,0,0
0.06527,0,0
0.07477,0,0
0.07519,0,0
0.07586,0,0
0.0763,0,0
0.0705,0,0
0.05816,0,0
0.04591,0,0
0.03339,0,0
0.0224,0,0
0.01837,0,0
0.01642,0,0
0.01446,0,0
0.01517,0,0
0.01856,0,0
0.02908,0,0
0.04537,0,0
0.06859,0,0
0.0999,0,0
0.13806,0,0
0.18968,0,0
0.23082,0,0
0.2591,0,0
0.28758,0,0
0.32566,0,0
0.29462,0,0
0.21868,0,0
0.141,0,0
0.08766,0,0
0.04543,0,0
0.02114,0,0
0.01412,0,0
0.007,0,0
0.00097,0,0
0.0,0,0
0.0,0,0
0.0,0,0
0.0,0,0
0.0,0,0
0.0,0,0
0.0,0,0
0.00286,0,0
0.02415,0,0
0.04048,0,0
0.05656,0,0
0.08977,0,0
0.14352,0,0
0.21479,0,0
0.30055,0,0
0.40947,0,0
0.55357,0,0
0.60688,0,0
0.55423,0,0
0.54038,0,0
0.56883,0,0
0.56481,0,0
0.52831,0,0
0.49816,0,0
0.48681,0,0
0.5205,0,0
0.57982,0,0
0.66031,0,0
0.75329,1,1
0.96958,1,1
1.25149,1,1
1.44354,1,1
1.50285,1,1
1.48995,1,1
1.41181,1,1
1.22924,1,1
0.97801,1,1
0.78476,1,1
0.65646,0,0
0.59988,0,0
0.5755,0,0
0.607,0,0
0.69709,1,1
0.849,1,1
1.12605,1,1
1.39919,1,1
1.7169,1,1
1.75851,1,1
1.53588,1,1
1.28681,1,1
0.97212,1,1
0.83907,1,1
0.83141,1,1
0.85459,1,1
0.88528,1,1
0.77606,1,1
0.55024,0,0
0.39192,0,0
0.24408,0,0
0.17589,0,0
0.1621,0,0
0.14879,0,0
0.13538,0,0
0.1102,0,0
0.08616,0,0
0.06247,0,0
0.03846,0,0
0.02179,0,0
0.01789,0,0
0.01601,0,0
0.01412,0,0
0.01613,0,0
0.03162,0,0
0.06029,0,0
0.08938,0,0
0.10768,0,0
0.11454,0,0
0.12445,0,0
0.13509,0,0
0.14998,0,0
0.17045,0,0
0.19146,0,0
0.21365,0,0
0.23425,0,0
0.25244,0,0
0.2719,0,0
0.2905,0,0
0.32123,0,0
0.37216,0,0
0.42398,0,0
0.47471,0,0
0.47888,0,0
0.43345,0,0
0.38721,0,0
0.34013,0,0
0.29492,0,0
0.24545,0,0
0.1968,0,0
0.14704,0,0
0.1147,0,0
0.08262,0,0
0.05029,0,0
0.02365,0,0
0.02786,0,0
0.05395,0,0
0.07747,0,0
0.10071,0,0
0.16576,0,0
0.27955,0,0
0.39379,0,0
0.50413,0,0
0.63377,0,0
0.77045,0,0
0.90289,0,0
1.01863,0,0
1.10852,1,1
1.17958,1,1
1.26203,1,1
1.36905,1,1
1.43602,1,1
1.46288,1,1
1.47624,1,1
1.47241,1,1
1.4325,1,1
1.37606,1,1
1.40998,1,1
1.52743,1,1
1.7014,1,1
1.91581,1,1
1.90031,1,1
1.65571,1,1
1.41829,1,1
1.19573,1,1
1.1506,1,1
1.27433,1,1
1.39434,1,1
1.52519,1,1
1.4885,1,1
1.27831,1,1
1.09066,0,0
0.93109,0,0
0.86837,0,0
0.88771,0,0
0.89741,0,0
0.90257,0,0
0.80744,0,0
0.63196,0,0
0.4686,0,0
0.35739,0,0
0.30029,0,0
0.25376,0,0
0.21006,0,0
0.17194,0,0
0.11324,0,0
0.03609,0,0
0.0,0,0
0.0,0,0
0.0,0,0
0.0,0,0
0.0,0,0
0.0,0,0
0.0,0,0
0.0,0,0
0.0,0,0
0.0,0,0
0.0,0,0
0.0,0,0
0.0,0,0
0.0,0,0
0.0,0,0
0.0,0,0
0.0,0,0
0.0,0,0
0.0,0,0
0.0,0,0
0.0,0,0
0.0,0,0
0.0,0,0
0.0,0,0
0.0,0,0
0.0,0,0
0.0,0,0
0.0,0,0
0.0,0,0
0.00178,0,0
0.00505,0,0
0.00838,0,0
0.01011,0,0
0.01012,0,0
0.01017,0,0
0.01022,0,0
0.01027,0,0
0.01027,0,0
0.01033,0,0
0.01038,0,0
0.01128,0,0
0.01294,0,0
0.01465,0,0
0.0163,0,0
0.02751,0,0
0.04958,0,0
0.0723,0,0
0.09519,0,0
0.14217,0,0
0.26522,0,0
0.41773,0,0
0.51272,0,0
0.60559,0,0
0.71692,0,0
0.81107,0,0
0.91154,0,0
1.03293,0,0
1.16454,1,1
1.26138,1,1
1.30812,1,1
1.35159,1,1
1.39167,1,1
1.45568,1,1
1.55453,1,1
1.66815,1,1
1.8013,1,1
1.85952,1,1
1.84301,1,1
1.84889,1,1
1.87196,1,1
1.84727,1,1
1.76279,1,1
1.68677,1,1
1.62497,1,1
1.58627,1,1
1.56929,1,1
1.57549,1,1
1.60403,1,1
1.54271,1,1
1.39714,1,1
1.26779,1,1
1.16234,0,0
1.06982,0,0
0.98444,0,0
0.87451,0,0
0.74761,0,0
0.69269,0,0
0.687,0,0
0.68921,0,0
0.69423,0,0
0.54737,0,0
0.33053,0,0
0.22261,0,0
0.17004,0,0
0.1071,0,0
0.03415,0,0
0.0,0,0
0.0,0,0
0.0,0,0
0.0,0,0
0.0,0,0
0.0,0,0
0.0,0,0
0.0,0,0
0.0,0,0
0.0,0,0
0.0,0,0
0.0,0,0
0.0,0,0
0.0,0,0
0.0,0,0
0.0,0,0
0.0,0,0
0.0,0,0
0.0,0,0
0.0,0,0
0.0,0,0
0.0,0,0
0.0,0,0
0.0,0,0
0.0,0,0
0.0,0,0
0.0,0,0
0.00055,0,0
0.0041,0,0
0.00576,0,0
0.00745,0,0
0.00915,0,0
0.00841,0,0
0.00514,0,0
0.00184,0,0
0.0,0,0
0.0,0,0
0.0,0,0
0.00102,0,0
0.00273,0,0
0.00572,0,0
0.00999,0,0
0.01427,0,0
0.01863,0,0
0.03644,0,0
0.07996,0,0
0.13141,0,0
0.18437,0,0
0.26298,0,0
0.38641,0,0
0.52333,0,0
0.60895,0,0
0.67312,0,0
0.71324,0,0
0.79354,0,0
0.98659,0,0
1.21936,1,1
1.50304,1,1
1.58828,1,1
1.421,1,1
1.19517,1,1
1.13784,1,1
1.26629,1,1
1.39017,1,1
1.47297,1,1
1.44511,1,1
1.48701,1,1
1.60849,1,1
1.71566,1,1
1.80902,1,1
1.74663,1,1
1.52262,1,1
1.37342,1,1
1.25868,1,1
1.23409,1,1
1.29447,1,1
1.39008,1,1
1.52838,1,1
1.4621,1,1
1.19518,1,1
0.8774,0,0
0.63233,0,0
0.58051,0,0
0.65658,0,0
0.75019,0,0
0.81289,0,0
0.75855,0,0
0.60642,0,0
0.47579,0,0
0.38976,0,0
0.33443,0,0
0.29016,0,0
0.25029,0,0
0.213,0,0
0.15102,0,0
0.06622,0,0
0.03948,0,0
0.06511,0,0
0.09115,0,0
0.11834,0,0
0.12938,0,0
0.11251,0,0
0.10027,0,0
0.08783,0,0
0.0716,0,0
0.0519,0,0
0.03192,0,0
0.01902,0,0
0.01348,0,0
0.00649,0,0
0.0,0,0
0.0,0,0
0.0,0,0
0.0,0,0
0.0,0,0
0.0,0,0
0.0,0,0
0.0,0,0
0.0,0,0
0.0,0,0
0.0,0,0
0.0,0,0
0.0,0,0
0.0,0,0
0.0,0,0
0.0,0,0
0.0,0,0
0.0,0,0
0.0,0,0
0.0,0,0
0.0,0,0
0.0,0,0
0.0,0,0
0.0,0,0
0.0,0,0
0.0,0,0
0.0,0,0
0.0,0,0
0.0,0,0
0.0,0,0
0.01485,0,0
0.04611,0,0
0.0771,0,0
0.10808,0,0
0.15939,0,0
0.22869,0,0
0.29166,0,0
0.38366,0,0
0.53134,0,0
0.69563,0,0
0.82824,0,0
0.92353,0,0
1.03518,1,1
1.17937,1,1
1.27689,1,1
1.3041,1,1
1.31271,1,1
1.30259,1,1
1.34361,1,1
1.46306,1,1
1.60065,1,1
1.76122,1,1
1.78218,1,1
1.66671,1,1
1.57146,1,1
1.50118,1,1
1.45405,1,1
1.42269,1,1
1.39134,1,1
1.35153,1,1
1.32813,1,1
1.31997,1,1
1.34539,1,1
1.40084,1,1
1.32531,1,1
1.12392,1,1
0.88348,0,0
0.70674,0,0
0.67104,0,0
0.73946,0,0
0.82657,0,0
0.86672,0,0
0.82245,0,0
0.70985,0,0
0.61978,0,0
0.5543,0,0
0.46854,0,0
0.36869,0,0
0.28939,0,0
0.22995,0,0
0.14639,0,0
0.04512,0,0
0.0,0,0
0.0,0,0
0.0,0,0
0.0,0,0
0.0,0,0
0.0,0,0
0.0,0,0
0.0,0,0
0.0,0,0
0.0,0,0
0.0,0,0
0.0,0,0
0.0,0,0
0.0,0,0
0.0,0,0
0.0,0,0
0.0,0,0
0.0,0,0
0.00251,0,0
0.01,0,0
0.01487,0,0
0.01718,0,0
0.01949,0,0
0.02412,0,0
0.03635,0,0
0.05051,0,0
0.06515,0,0
0.07983,0,0
0.06802,0,0
0.02904,0,0
0.01581,0,0
0.00747,0,0
0.00133,0,0
0.0,0,0
0.0,0,0
0.0,0,0
0.0,0,0
0.0,0,0
0.0,0,0
0.0,0,0
0.0,0,0
0.0,0,0
0.00016,0,0
0.00652,0,0
0.02459,0,0
0.0558,0,0
0.08681,0,0
0.11764,0,0
0.1787,0,0
0.26994,0,0
0.33997,0,0
0.42711,0,0
0.57185,0,0
0.78196,0,0
0.94541,0,0
1.01508,0,0
1.07231,0,0
1.13782,1,1
1.21227,1,1
1.30804,1,1
1.3831,1,1
1.43238,1,1
1.49028,1,1
1.56343,1,1
1.65959,1,1
1.78472,1,1
1.79142,1,1
1.66607,1,1
1.57348,1,1
1.51104,1,1
1.428,1,1
1.33171,1,1
1.21437,1,1
1.0795,0,0
1.04653,0,0
1.11827,0,0
1.18366,1,1
1.24451,1,1
1.27049,1,1
1.28536,1,1
1.30828,1,1
1.33664,1,1
1.31462,1,1
1.24185,1,1
1.11212,0,0
0.936,0,0
0.8332,0,0
0.76246,0,0
0.71541,0,0
0.66112,0,0
0.53226,0,0
0.37712,0,0
0.2787,0,0
0.22402,0,0
0.15475,0,0
0.06107,0,0
0.05247,0,0
0.11324,0,0
0.20189,0,0
0.31205,0,0
0.41398,0,0
0.55699,0,0
0.70645,0,0
0.89186,0,0
0.77189,0,0
0.44593,0,0
0.25934,0,0
0.12172,0,0
0.07428,0,0
0.07483,0,0
0.07565,0,0
0.07648,0,0
0.06609,0,0
0.04432,0,0
0.02237,0,0
0.01583,0,0
0.01534,0,0
0.019,0,0
0.03026,0,0
0.04784,0,0
0.06733,0,0
0.08835,0,0
0.10955,0,0
0.13419,0,0
0.16764,0,0
0.20217,0,0
0.23727,0,0
0.27188,0,0
0.28377,0,0
0.26906,0,0
0.25513,0,0
0.23986,0,0
0.22338,0,0
0.2059,0,0
0.18841,0,0
0.17089,0,0
0.1563,0,0
0.14463,0,0
0.13474,0,0
0.12723,0,0
0.11999,0,0
0.11471,0,0
0.11085,0,0
0.1227,0,0
0.17573,0,0
0.29075,0,0
0.40424,0,0
0.52969,0,0
0.58926,0,0
0.57595,0,0
0.59489,0,0
0.63491,0,0
0.7277,0,0
0.85001,1,1
0.89792,1,1
0.85684,1,1
0.80566,1,1
0.78099,1,1
0.81846,1,1
0.92416,1,1
1.06564,1,1
1.20553,1,1
1.25136,1,1
1.19997,1,1
1.15749,1,1
1.12879,1,1
1.16565,1,1
1.25879,1,1
1.32639,1,1
1.36898,1,1
1.27473,1,1
1.038,1,1
0.83116,1,1
0.70952,0,0
0.71055,0,0
0.79692,1,1
0.83008,1,1
0.79452,1,1
0.76502,0,0
0.74713,0,0
0.75313,0,0
0.77967,1,0
0.76646,0,0
0.71788,0,0
0.67099,0,0
0.62555,0,0
0.54926,0,0
0.45196,0,0
0.3699,0,0
0.29426,0,0
0.23074,0,0
0.18513,0,0
0.1308,0,0
0.10746,0,0
0.13309,0,0
0.16575,0,0
0.17157,0,0
0.15002,0,0
0.12758,0,0
0.10702,0,0
0.09979,0,0
0.09985,0,0
0.09991,0,0
0.09997,0,0
0.10003,0,0
0.10042,0,0
0.10116,0,0
0.10156,0,0
0.08945,0,0
0.06467,0,0
0.03968,0,0
0.01873,0,0
0.01391,0,0
0.00938,0,0
0.00467,0,0
0.0,0,0
0.0,0,0
0.00376,0,0
0.00812,0,0
0.01252,0,0
0.01812,0,0
0.03555,0,0
0.06785,0,0
0.10108,0,0
0.14437,0,0
0.2138,0,0
0.28327,0,0
0.37278,0,0
0.37445,0,0
0.28826,0,0
0.21952,0,0
0.15015,0,0
0.13198,0,0
0.15909,0,0
0.18851,0,0
0.21796,0,0
0.23689,0,0
0.2482,0,0
0.25922,0,0
0.27184,0,0
0.32349,0,0
0.41357,0,0
0.49863,0,0
0.60087,1,1
0.75,1,1
0.90988,1,1
1.05904,1,1
1.19005,1,1
1.32642,1,1
1.46953,1,1
1.55343,1,1
1.56666,1,1
1.62059,1,1
1.72013,1,1
1.62246,1,1
1.32627,1,1
0.94975,1,1
0.61387,1,1
0.49558,0,0
0.47733,0,0
0.44508,0,0
0.38279,0,0
0.40601,0,0
0.52868,0,0
0.66756,1,1
0.80179,1,1
0.84902,1,1
0.81123,1,1
0.83044,1,1
0.89445,1,1
0.85711,1,1
0.7166,1,1
0.57267,0,0
0.44708,0,0
0.38998,0,0
0.38631,0,0
0.36687,0,0
0.33471,0,0
0.29889,0,0
0.26234,0,0
0.2196,0,0
0.17407,0,0
0.16046,0,0
0.17912,0,0
0.2199,0,0
0.27569,0,0
0.26705,0,0
0.22477,0,0
0.19298,0,0
0.19553,0,0
0.24233,0,0
0.30563,0,0
0.33852,0,0
0.34096,0,0
0.3423,0,0
0.34479,0,0
0.35382,0,0
0.36706,0,0
0.38159,0,0
0.39625,0,0
0.42088,0,0
0.45625,0,0
0.51811,0,0
0.58045,0,0
0.59488,1,0
0.56082,0,0
0.52467,0,0
0.49016,0,0
0.46162,0,0
0.44223,0,0
0.4221,0,0
0.40268,0,0
0.45897,0,0
0.66343,0,0
0.90795,0,0
1.24448,1,1
1.32081,1,1
1.12633,1,1
0.92772,0,0
0.7822,0,0
0.57799,0,0
0.41424,0,0
0.27708,0,0
0.16841,0,0
0.12144,0,0
0.12151,0,0
0.12206,0,0
0.12213,0,0
0.13157,0,0
0.15861,0,0
0.1872,0,0
0.21647,0,0
0.2155,0,0
0.1855,0,0
0.15921,0,0
0.14488,0,0
0.14492,0,0
0.15799,0,0
0.17171,0,0
0.29185,0,0
0.47791,0,0
0.63945,0,0
0.63252,0,0
0.4428,0,0
0.26263,0,0
0.1036,0,0
0.13889,0,0
0.35778,0,0
0.56593,0,0
0.76624,0,0
0.89628,0,0
0.95176,0,0
1.00586,1,1
1.06172,1,1
1.13392,1,1
1.22878,1,1
1.33287,1,1
1.43521,1,1
1.47817,1,1
1.46257,1,1
1.48894,1,1
1.55148,1,1
1.55016,1,1
1.48739,1,1
1.46507,1,1
1.4819,1,1
1.41714,1,1
1.27275,1,1
1.13579,1,1
1.00167,1,1
0.91727,0,0
0.87763,0,0
0.85545,0,0
0.8538,0,0
0.87275,0,0
0.90316,0,0
0.94517,0,0
0.98839,1,1
1.01029,1,1
1.02087,1,1
0.95275,0,0
0.79863,0,0
0.66938,0,0
0.56167,0,0
0.44851,0,0
0.36598,0,0
0.31221,0,0
0.2602,0,0
0.22533,0,0
0.19892,0,0
0.17156,0,0
0.14447,0,0
0.13082,0,0
0.13132,0,0
0.13139,0,0
0.1319,0,0
0.12762,0,0
0.11889,0,0
0.11067,0,0
0.10522,0,0
0.09305,0,0
0.07447,0,0
0.05574,0,0
0.03686,0,0
0.0187,0,0
0.01285,0,0
0.00677,0,0
0.0005,0,0
0.0,0,0
0.00159,0,0
0.00452,0,0
0.00746,0,0
0.00974,0,0
0.01131,0,0
0.0129,0,0
0.01458,0,0
0.02197,0,0
0.08099,0,0
0.15061,0,0
0.25084,0,0
0.29293,0,0
0.27556,0,0
0.25817,0,0
0.24076,0,0
0.1911,0,0
0.11925,0,0
0.06642,0,0
0.02165,0,0
0.02972,0,0
0.05876,0,0
0.08854,0,0
0.12033,0,0
0.19051,0,0
0.32311,0,0
0.46705,0,0
0.56712,0,0
0.66271,0,0
0.76597,1,1
0.88208,1,1
1.01356,1,1
1.16451,1,1
1.3288,1,1
1.39941,1,1
1.32651,1,1
1.23756,1,1
1.13383,1,1
1.07528,1,1
1.07829,1,1
1.09407,1,1
1.12482,1,1
1.0608,1,1
0.9028,1,1
0.71879,0,0
0.55011,0,0
0.44298,0,0
0.34895,0,0
0.20319,0,0
0.1201,0,0
0.14144,0,0
0.35023,0,0
0.71437,0,0
1.03142,1,1
1.08768,1,1
0.86768,1,1
0.7262,1,1
0.6858,0,0
0.69471,0,0
0.85525,1,1
1.06531,1,1
1.20764,1,1
1.12544,1,1
0.86106,1,1
0.62657,0,0
0.49869,0,0
0.43368,0,0
0.38926,0,0
0.33923,0,0
0.28366,0,0
0.23104,0,0
0.18383,0,0
0.12414,0,0
0.07016,0,0
0.03611,0,0
0.01706,0,0
0.01212,0,0
0.00585,0,0
0.0,0,0
0.0,0,0
0.0,0,0
0.0,0,0
0.0,0,0
0.0,0,0
0.0,0,0
0.0,0,0
0.0,0,0
0.0,0,0
0.0,0,0
0.0,0,0
0.0,0,0
0.0,0,0
0.0,0,0
0.0,0,0
0.0,0,0
0.0,0,0
0.0,0,0
0.0,0,0
0.0,0,0
0.0,0,0
0.0,0,0
0.0,0,0
0.0,0,0
0.0,0,0
0.0,0,0
0.0,0,0
0.0,0,0
0.0,0,0
0.0,0,0
0.0,0,0
0.0,0,0
0.00565,0,0
0.01231,0,0
0.01787,0,0
0.02337,0,0
0.04928,0,0
0.07449,0,0
0.10003,0,0
0.12588,0,0
0.15169,0,0
0.16835,0,0
0.17589,0,0
0.22389,0,0
0.31238,0,0
0.41022,0,0
0.52281,0,0
0.5434,0,0
0.47127,0,0
0.4032,0,0
0.34536,0,0
0.35024,0,0
0.41547,0,0
0.46561,0,0
0.50001,0,0
0.56844,0,0
0.67421,0,0
0.78921,0,0
0.91604,0,0
1.01448,0,0
1.08707,1,1
1.16874,1,1
1.25903,1,1
1.2751,1,1
1.21163,1,1
1.17731,1,1
1.17248,1,1
1.31005,1,1
1.63624,1,1
1.97581,1,1
2.31806,1,1
2.29372,1,1
1.90569,1,1
1.46837,1,1
1.20144,1,1
1.12389,1,1
1.16704,1,1
1.20234,1,1
1.2305,1,1
1.17836,1,1
1.18281,1,1
1.26614,1,1
1.28856,1,1
1.16338,1,1
0.97983,0,0
0.80094,0,0
0.62654,0,0
0.50013,0,0
0.38238,0,0
0.28013,0,0
0.20487,0,0
0.15316,0,0
0.1098,0,0
0.11024,0,0
0.14869,0,0
0.18707,0,0
0.22653,0,0
0.2394,0,0
0.22599,0,0
0.21246,0,0
0.19883,0,0
0.19236,0,0
0.1925,0,0
0.19329,0,0
0.19343,0,0
0.20158,0,0
0.2172,0,0
0.23375,0,0
0.24968,0,0
0.23907,0,0
0.20189,0,0
0.16357,0,0
0.1236,0,0
0.0971,0,0
0.07076,0,0
0.04361,0,0
0.02068,0,0
0.01605,0,0
0.0125,0,0
0.00884,0,0
0.00511,0,0
0.00401,0,0
0.00561,0,0
0.00726,0,0
0.00895,0,0
0.0106,0,0
0.01221,0,0
0.01383,0,0
0.01545,0,0
0.01339,0,0
0.00773,0,0
0.00215,0,0
0.0,0,0
0.0,0,0
0.0,0,0
0.00241,0,0
0.00339,0,0
0.04315,0,0
0.12516,0,0
0.18646,0,0
0.22596,0,0
0.2804,0,0
0.34673,0,0
0.39661,0,0
0.44313,1,1
0.49097,1,1
0.53565,1,1
0.5342,1,1
0.4981,1,1
0.44537,1,1
0.37754,0,0
0.41378,0,0
0.56656,1,1
0.72496,1,1
0.87175,1,1
0.90838,1,1
0.83284,1,1
0.77726,1,1
0.73855,1,1
0.75053,1,1
0.80718,1,1
0.88296,1,1
0.98042,1,1
0.95705,1,1
0.82074,1,1
0.72772,1,1
0.67489,1,1
0.58834,1,1
0.46291,1,1
0.31681,0,0
0.1465,0,0
0.11536,0,0
0.22608,0,0
0.331,0,0
0.42676,0,0
0.41668,0,0
0.2991,0,0
0.19381,0,0
0.10203,0,0
0.06459,0,0
0.0776,0,0
0.08373,0,0
0.10998,0,0
0.13933,0,0
0.18187,0,0
0.15296,0,0
0.07588,0,0
0.02263,0,0
0.0083,0,0
0.00549,0,0
0.01125,0,0
0.01702,0,0
0.03697,0,0
0.05708,0,0
0.06962,0,0
0.08225,0,0
0.09498,0,0
0.10156,0,0
0.10263,0,0
0.10336,0,0
0.1041,0,0
0.11847,0,0
0.15865,0,0
0.19956,0,0
0.24076,0,0
0.28798,0,0
0.34997,0,0
0.41274,0,0
0.47917,1,0
0.48468,0,0
0.42865,0,0
0.37317,0,0
0.31515,0,0
0.27315,0,0
0.24233,0,0
0.21075,0,0
0.17839,0,0
0.19831,0,0
0.27138,0,0
0.35563,0,0
0.45987,0,0
0.56621,0,0
0.75663,0,0
0.9531,0,0
1.19884,0,0
1.4296,0,0
1.62555,0,0
1.86055,0,0
2.09259,1,1
2.20476,1,1
2.20215,1,1
2.20913,1,1
2.21087,1,1
2.12753,1,1
1.95358,0,0
1.82624,0,0
1.76334,0,0
1.77759,0,0
1.86966,0,0
1.94912,0,0
2.06325,1,1
2.13142,1,1
2.13179,1,1
2.11513,1,1
2.06912,1,1
2.14489,1,1
2.35291,1,1
2.46939,1,1
2.50974,1,1
2.39592,1,1
2.14421,1,1
2.02286,1,1
2.02724,1,1
2.07624,1,1
2.1659,1,1
2.20823,1,1
2.18945,1,1
2.10469,1,1
1.96115,0,0
1.8811,0,0
1.85893,0,0
1.84271,0,0
1.8611,0,0
1.79195,0,0
1.64995,0,0
1.56442,0,0
1.52758,0,0
1.47382,0,0
1.40688,0,0
1.32363,0,0
1.22059,0,0
1.05438,0,0
0.8253,0,0
0.6349,0,0
0.48662,0,0
0.41103,0,0
0.36603,0,0
0.34377,0,0
0.3526,0,0
0.38313,0,0
0.46931,0,0
0.49266,0,0
0.45595,0,0
0.43904,0,0
0.43281,0,0
0.46274,0,0
0.52282,0,0
0.58377,0,0
0.64352,0,0
0.58479,0,0
0.41919,0,0
0.31789,0,0
0.22602,0,0
0.18229,0,0
0.16923,0,0
0.15649,0,0
0.14347,0,0
0.13666,0,0
0.13724,0,0
0.13783,0,0
0.13794,0,0
0.1471,0,0
0.16532,0,0
0.18423,0,0
0.20465,0,0
0.22889,0,0
0.25724,0,0
0.28695,0,0
0.32409,0,0
0.34594,0,0
0.34895,0,0
0.3534,0,0
0.35653,0,0
0.33988,0,0
0.30628,0,0
0.2794,0,0
0.25308,0,0
0.22416,0,0
0.19413,0,0
0.16404,0,0
0.13627,0,0
0.14918,0,0
0.20914,0,0
0.26983,0,0
0.334,0,0
0.40244,0,0
0.45821,0,0
0.51201,0,0
0.57055,0,0
0.63484,0,0
0.6746,0,0
0.72072,0,0
0.81328,0,0
0.92285,0,0
1.03144,0,0
1.11437,0,0
1.14238,0,0
1.19392,0,0
1.26736,0,0
1.34329,0,0
1.41502,0,0
1.48764,0,0
1.56063,0,0
1.64541,0,0
1.77078,0,0
1.88601,0,0
1.98234,0,0
2.03094,1,1
2.02784,1,1
2.04202,1,1
2.08022,1,1
2.08201,1,1
2.04594,1,1
2.04431,1,1
2.08183,1,1
2.12425,1,1
2.19949,1,1
2.22404,1,1
2.15821,1,1
2.06756,1,1
1.96571,0,0
1.87655,0,0
1.80678,0,0
1.726,0,0
1.6354,0,0
1.53033,0,0
1.40187,0,0
1.25626,0,0
1.11604,0,0
0.98712,0,0
0.87842,0,0
0.76272,0,0
0.64854,0,0
0.63124,0,0
0.73881,0,0
0.90954,0,0
1.21171,0,0
1.38084,0,0
1.36769,0,0
1.35378,0,0
1.35502,0,0
1.34128,0,0
1.31174,0,0
1.28235,0,0
1.2588,0,0
1.28031,0,0
1.36156,0,0
1.44753,0,0
1.52895,0,0
1.87918,0,0
2.46726,1,1
2.99738,1,1
3.51505,1,1
3.62574,1,1
3.4164,1,1
3.17508,1,1
2.92446,1,1
2.87463,1,1
3.05582,1,1
3.24323,1,1
3.43243,1,1
3.4722,1,1
3.35646,1,1
3.23441,1,1
3.11085,1,1
2.99783,0,0
2.88313,0,0
2.76824,0,0
2.64533,0,0
2.64451,0,0
2.79104,0,0
2.92929,0,0
3.06445,1,0
3.00245,0,0
2.69928,0,0
2.39595,0,0
2.07907,0,0
1.95628,0,0
2.03081,0,0
2.10538,0,0
2.17999,0,0
2.19299,0,0
2.14816,0,0
2.10543,0,0
2.06655,0,0
2.15888,0,0
2.36021,0,0
2.5713,0,0
2.8356,0,0
3.17514,1,1
3.561,1,1
3.90252,1,1
4.25603,1,1
4.41856,1,1
4.3908,1,1
4.35522,1,1
4.28593,1,1
4.29586,1,1
4.37292,1,1
4.39505,1,1
4.33208,1,1
4.199,1,1
4.0302,1,1
3.84144,1,1
3.65694,1,1
3.44278,1,1
3.2091,1,1
3.06201,1,1
2.99828,0,0
2.95079,0,0
2.92982,0,0
2.8046,0,0
2.58055,0,0
2.38696,0,0
2.20903,0,0
2.00159,0,0
1.80333,0,0
1.68834,0,0
1.66556,0,0
1.64919,0,0
1.648,0,0
1.60602,0,0
1.51976,0,0
1.47523,0,0
1.45329,0,0
1.39381,0,0
1.29689,0,0
1.16035,0,0
1.01031,0,0
0.88396,0,0
0.75806,0,0
0.64425,0,0
0.55294,0,0
0.56907,0,0
0.69094,0,0
0.84568,0,0
1.05563,0,0
1.09863,0,0
0.96899,0,0
0.83391,0,0
0.7208,0,0
0.66056,0,0
0.64013,0,0
0.61749,0,0
0.59679,0,0
0.54689,0,0
0.46746,0,0
0.41432,0,0
0.37034,0,0
0.37307,0,0
0.42068,0,0
0.48,0,0
0.56601,0,0
0.57223,0,0
0.4961,0,0
0.44462,0,0
0.40334,0,0
0.41519,0,0
0.48177,0,0
0.58834,0,0
0.70861,0,0
0.83297,0,0
0.98149,0,0
1.16219,0,0
1.34201,0,0
1.38162,0,0
1.28258,0,0
1.18108,0,0
1.07269,0,0
1.0221,0,0
1.02245,0,0
1.02281,0,0
1.02316,0,0
1.0492,0,0
1.10923,0,0
1.1646,0,0
1.22449,0,0
1.35033,0,0
1.54628,0,0
1.78086,0,0
2.01431,0,0
2.03645,0,0
1.85153,0,0
1.67045,0,0
1.5663,0,0
1.61114,0,0
1.70737,0,0
1.78617,0,0
1.84131,0,0
1.84567,0,0
1.80557,0,0
1.67657,0,0
1.45399,0,0
1.41132,0,0
1.57425,0,0
1.91965,0,0
2.39436,0,0
2.67326,1,1
2.75705,1,1
2.81877,1,1
2.85827,1,1
3.1583,1,1
3.67097,1,1
4.01613,1,1
4.217,1,1
4.21239,1,1
4.08372,1,1
3.99724,1,1
3.97329,1,1
3.97795,1,1
4.03268,1,1
3.93092,1,1
3.70928,1,1
3.53206,1,1
3.39766,1,1
3.24567,1,1
3.0525,1,1
2.96232,1,1
2.95569,1,1
2.87464,1,1
2.72288,1,1
2.57708,0,0
2.4224,0,0
2.3215,0,0
2.27616,0,0
2.26853,0,0
2.30589,0,0
2.33374,0,0
2.36347,0,0
2.27673,0,0
2.09161,0,0
1.93052,0,0
1.76148,0,0
1.51174,0,0
1.18632,0,0
0.91293,0,0
0.67056,0,0
0.61659,0,0
0.70949,0,0
0.81533,0,0
0.94581,0,0
0.86138,0,0
0.62236,0,0
0.42028,0,0
0.30115,0,0
0.2668,0,0
0.31962,0,0
0.37409,0,0
0.42936,0,0
0.5119,0,0
0.61892,0,0
0.72984,0,0
0.84796,0,0
1.08492,0,0
1.41448,0,0
1.81428,1,1
2.2115,1,1
2.29244,1,1
2.06064,1,1
1.80591,1,1
1.55295,0,0
1.47823,0,0
1.57915,1,1
1.68655,1,1
1.79577,1,1
1.77545,1,1
1.60918,1,1
1.4679,0,0
1.33498,0,0
1.20594,0,0
1.08235,0,0
0.96506,0,0
0.87644,0,0
0.7968,0,0
0.72558,0,0
0.65393,0,0
0.61067,0,0
0.66643,0,0
0.8086,0,0
0.92839,0,0
0.99115,0,0
1.04766,0,0
1.19389,0,0
1.3193,0,0
1.49241,0,0
1.62171,1,1
1.72465,1,1
1.68928,1,1
1.49826,0,0
1.35101,0,0
1.25424,0,0
1.2276,0,0
1.28016,0,0
1.40682,0,0
1.59943,1,1
1.73932,1,1
1.76686,1,1
1.72188,1,1
1.58506,1,1
1.57212,1,1
1.68921,1,1
1.69738,1,1
1.62589,1,1
1.55128,0,0
1.5048,0,0
1.56808,0,0
1.73908,1,1
1.71063,1,1
1.49274,0,0
1.28938,0,0
1.10581,0,0
0.9706,0,0
0.87853,0,0
0.76802,0,0
0.669,0,0
0.59575,0,0
0.52426,0,0
0.43148,0,0
0.31868,0,0
0.2461,0,0
0.21195,0,0
0.19205,0,0
0.17386,0,0
0.1587,0,0
0.14659,0,0
0.14226,0,0
0.14834,0,0
0.15161,0,0
0.1654,0,0
0.17778,0,0
0.17902,0,0
0.18029,0,0
0.18157,0,0
0.19901,0,0
0.23221,0,0
0.27251,0,0
0.31718,0,0
0.27689,0,0
0.1764,0,0
0.09235,0,0
0.03207,0,0
0.01513,0,0
0.01455,0,0
0.01396,0,0
0.01337,0,0
0.01618,0,0
0.03205,0,0
0.06202,0,0
0.09332,0,0
0.08769,0,0
0.04416,0,0
0.01692,0,0
0.00768,0,0
0.00376,0,0
0.00525,0,0
0.00679,0,0
0.00837,0,0
0.00618,0,0
0.00016,0,0
0.0,0,0
0.0,0,0
0.0,0,0
0.0,0,0
0.0,0,0
0.0,0,0
0.0,0,0
0.0,0,0
0.0,0,0
0.0,0,0
0.01734,0,0
0.05374,0,0
0.09054,0,0
0.13011,0,0
0.18327,0,0
0.25614,0,0
0.36964,0,0
0.49876,0,0
0.62047,0,0
0.75059,0,0
0.87901,0,0
0.97303,0,0
1.03895,0,0
1.09214,0,0
1.1556,0,0
1.23836,0,0
1.28936,0,0
1.27737,0,0
1.34311,1,1
1.49598,1,1
1.67219,1,1
1.86939,1,1
1.92094,1,1
1.83509,1,1
1.78688,1,1
1.78254,1,1
1.81069,1,1
1.89625,1,1
1.87474,1,1
1.74386,1,1
1.71254,1,1
1.76929,1,1
1.93907,1,1
2.22271,1,1
2.44549,1,1
2.58587,1,1
2.53236,1,1
2.27731,1,1
1.98856,1,1
1.72888,1,1
1.51628,1,1
1.34631,1,1
1.18557,0,0
1.00169,0,0
0.84864,0,0
0.72835,0,0
0.62448,0,0
0.52173,0,0
0.43419,0,0
0.36375,0,0
0.31646,0,0
0.28526,0,0
0.22517,0,0
0.16321,0,0
0.12899,0,0
0.1026,0,0
0.09009,0,0
0.0786,0,0
0.06725,0,0
0.05573,0,0
0.04992,0,0
0.0501,0,0
0.05046,0,0
0.05065,0,0
0.07846,0,0
0.14646,0,0
0.2327,0,0
0.34395,0,0
0.39806,0,0
0.38639,0,0
0.37462,0,0
0.36275,0,0
0.35323,0,0
0.3447,0,0
0.33591,0,0
0.32567,0,0
0.32343,0,0
0.32708,0,0
0.32958,0,0
0.33337,0,0
0.29265,0,0
0.22817,0,0
0.16432,0,0
0.11017,0,0
0.08564,0,0
0.07934,0,0
0.07259,0,0
0.06572,0,0
0.0416,0,0
0.01867,0,0
0.00997,0,0
0.00134,0,0
0.00133,0,0
0.00993,0,0
0.01846,0,0
0.041,0,0
0.08396,0,0
0.13078,0,0
0.17755,0,0
0.22412,0,0
0.29683,0,0
0.39503,0,0
0.47797,0,0
0.55494,0,0
0.66797,0,0
0.83061,0,0
0.99119,1,1
1.13271,1,1
1.2321,1,1
1.29581,1,1
1.30845,1,1
1.27083,1,1
1.26369,1,1
1.29042,1,1
1.29733,1,1
1.27786,1,1
1.26148,1,1
1.25222,1,1
1.1944,1,1
1.0904,1,1
0.93577,0,0
0.80733,0,0
0.79389,0,0
0.95832,1,1
1.19334,1,1
1.37405,1,1
1.4243,1,1
1.34792,1,1
1.34154,1,1
1.4076,1,1
1.34624,1,1
1.16073,1,1
0.99584,1,1
0.85903,0,0
0.76458,0,0
0.7084,0,0
0.65254,0,0
0.58641,0,0
0.58628,0,0
0.64488,0,0
0.65597,0,0
0.62451,0,0
0.54863,0,0
0.43637,0,0
0.3405,0,0
0.26036,0,0
0.23496,0,0
0.25927,0,0
0.23054,0,0
0.13654,0,0
0.0596,0,0
0.01308,0,0
0.00677,0,0
0.0056,0,0
0.00441,0,0
0.00321,0,0
0.00322,0,0
0.00447,0,0
0.00573,0,0
0.00697,0,0
0.00765,0,0
0.0077,0,0
0.00775,0,0
0.0078,0,0
0.00849,0,0
0.00981,0,0
0.01118,0,0
0.01256,0,0
0.01203,0,0
0.00959,0,0
0.00702,0,0
0.00435,0,0
0.00121,0,0
0.0,0,0
0.0,0,0
0.0,0,0
0.0,0,0
0.0,0,0
0.0,0,0
0.0,0,0
0.0,0,0
0.0,0,0
0.0,0,0
0.0,0,0
0.0,0,0
0.0,0,0
0.0,0,0
0.0,0,0
0.0,0,0
0.0,0,0
0.0,0,0
0.0,0,0
0.00643,0,0
0.01993,0,0
0.03334,0,0
0.04646,0,0
0.06324,0,0
0.08387,0,0
0.14284,0,0
0.24183,0,0
0.34109,0,0
0.44325,0,0
0.53002,0,0
0.59743,1,1
0.72834,1,1
0.93134,1,1
0.95283,1,1
0.7838,1,1
0.60014,1,1
0.48374,0,0
0.49175,0,0
0.59222,1,1
0.68692,1,1
0.77501,1,1
0.79243,1,1
0.7389,1,1
0.70334,1,1
0.68968,1,1
0.6733,1,1
0.65234,1,1
0.63117,1,1
0.60057,1,1
0.60431,1,1
0.64055,1,1
0.68983,1,1
0.75295,1,1
0.74546,1,1
0.67054,1,1
0.60804,1,1
0.55934,0,0
0.51539,0,0
0.47586,0,0
0.43064,0,0
0.38031,0,0
0.3419,0,0
0.3154,0,0
0.28253,0,0
0.24253,0,0
0.2177,0,0
0.20757,0,0
0.20347,0,0
0.20045,0,0
0.16751,0,0
0.11091,0,0
0.04083,0,0
0.0016,0,0
0.00578,0,0
0.00999,0,0
0.01542,0,0
0.03756,0,0
0.06964,0,0
0.10183,0,0
0.09961,0,0
0.06183,0,0
0.0237,0,0
0.01155,0,0
0.00697,0,0
0.00576,0,0
0.00454,0,0
0.00331,0,0
0.00205,0,0
0.00078,0,0
0.0,0,0
0.0,0,0
0.0,0,0
0.0,0,0
0.0,0,0
0.0,0,0
0.0,0,0
0.0,0,0
0.0,0,0
0.00194,0,0
0.00558,0,0
0.01074,0,0
0.01599,0,0
0.02131,0,0
0.02224,0,0
0.01865,0,0
0.01507,0,0
0.01134,0,0
0.01299,0,0
0.02,0,0
0.0413,0,0
0.0752,0,0
0.09209,0,0
0.09175,0,0
0.09178,0,0
0.09144,0,0
0.11781,0,0
0.18451,0,0
0.26138,0,0
0.33823,0,0
0.42416,0,0
0.50076,1,1
0.51839,1,1
0.46883,1,1
0.44562,0,0
0.4482,0,0
0.39642,0,0
0.30219,0,0
0.17876,0,0
0.10498,0,0
0.10347,0,0
0.29731,0,0
0.69085,1,1
1.08692,1,1
1.16548,1,1
0.92575,1,1
0.73082,1,1
0.62004,1,1
0.53047,1,1
0.46678,0,0
0.41394,0,0
0.37143,0,0
0.31976,0,0
0.26147,0,0
0.15594,0,0
0.0791,0,0
0.07543,0,0
0.19065,0,0
0.39259,0,0
0.56309,1,1
0.66124,1,1
0.69644,1,1
0.71816,1,1
0.75266,1,1
0.7783,1,1
0.79596,1,1
0.82838,1,1
0.84639,1,1
0.85471,1,1
0.85133,1,1
0.82115,1,1
0.77137,1,1
0.60725,1,1
0.395,0,0
0.27372,0,0
0.19693,0,0
0.14219,0,0
0.108,0,0
0.0496,0,0
0.0131,0,0
0.0089,0,0
0.00468,0,0
0.00196,0,0
0.00075,0,0
0.0,0,0
0.0,0,0
0.0,0,0
0.0014,0,0
0.00395,0,0
0.0065,0,0
0.00876,0,0
0.01071,0,0
0.01264,0,0
0.01462,0,0
0.01629,0,0
0.01765,0,0
0.01902,0,0
0.02372,0,0
0.03966,0,0
0.06608,0,0
0.09315,0,0
0.12225,0,0
0.15973,0,0
0.19253,0,0
0.22499,0,0
0.25771,0,0
0.28748,0,0
0.32047,0,0
0.35288,0,0
0.38734,0,0
0.43408,0,0
0.49156,0,0
0.5633,0,0
0.66713,0,0
0.6203,0,0
0.47469,0,0
0.36621,0,0
0.26945,0,0
0.25508,0,0
0.30723,0,0
0.37849,0,0
0.44979,0,0
0.49843,0,0
0.5231,0,0
0.54764,0,0
0.57186,0,0
0.63781,0,0
0.73799,0,0
0.8436,0,0
0.96077,0,0
1.00834,1,0
0.98325,0,0
0.95876,0,0
0.93481,0,0
1.00248,0,0
1.15036,1,1
1.26467,1,1
1.3436,1,1
1.35333,1,1
1.29763,1,1
1.21997,1,1
1.11239,1,1
1.08963,1,1
1.15191,1,1
1.31354,1,1
1.53864,1,1
1.75406,1,1
1.97767,1,1
2.13635,1,1
2.22536,1,1
2.23632,1,1
2.18512,1,1
2.17166,1,1
2.20202,1,1
2.09446,1,1
1.85322,1,1
1.52206,1,1
1.0896,1,1
0.87515,0,0
0.80009,0,0
0.84182,0,0
0.97423,0,0
0.91955,0,0
0.70904,0,0
0.55033,0,0
0.45073,0,0
0.43857,0,0
0.4822,0,0
0.48858,0,0
0.46093,0,0
0.42179,0,0
0.37226,0,0
0.33323,0,0
0.30654,0,0
0.31042,0,0
0.35332,0,0
0.40874,0,0
0.5042,0,0
0.50593,0,0
0.4156,0,0
0.36407,0,0
0.31049,0,0
0.2593,0,0
0.21985,0,0
0.18355,0,0
0.14699,0,0
0.10649,0,0
0.07682,0,0
0.04679,0,0
0.01839,0,0
0.0172,0,0
0.02908,0,0
0.04747,0,0
0.06622,0,0
0.07623,0,0
0.07758,0,0
0.07898,0,0
0.08043,0,0
0.08795,0,0
0.10196,0,0
0.11576,0,0
0.1347,0,0
0.14635,0,0
0.14805,0,0
0.14921,0,0
0.15098,0,0
0.18527,0,0
0.25248,0,0
0.33077,0,0
0.42411,0,0
0.49901,0,0
0.5747,0,0
0.6754,0,0
0.77696,0,0
0.8688,0,0
0.95362,0,0
1.06614,0,0
1.17935,0,0
1.27861,0,0
1.36104,0,0
1.44881,0,0
1.53033,0,0
1.50518,0,0
1.3704,0,0
1.28239,0,0
1.23039,0,0
1.23043,0,0
1.2814,0,0
1.32555,0,0
1.3725,0,0
1.48915,0,0
1.67438,1,1
1.86173,1,1
2.0901,1,1
2.2545,1,1
2.35908,1,1
2.45716,1,1
2.55228,1,1
2.61946,1,1
2.66783,1,1
2.57761,1,1
2.34913,1,1
2.14418,1,1
1.96908,1,1
1.81401,1,1
1.69354,1,1
1.558,1,1
1.41889,0,0
1.36582,0,0
1.39799,0,0
1.46065,0,0
1.53544,0,0
1.57478,1,1
1.56921,1,1
1.4585,0,0
1.28894,0,0
1.12548,0,0
1.03391,0,0
1.11365,0,0
1.25632,0,0
1.19499,0,0
0.98576,0,0
0.84675,0,0
0.73946,0,0
0.65578,0,0
0.59287,0,0
0.64374,0,0
0.82059,0,0
1.09933,0,0
1.44609,0,0
1.52379,0,0
1.33558,0,0
1.16186,0,0
1.01734,0,0
1.00175,0,0
1.11756,0,0
1.23914,0,0
1.38175,0,0
1.48016,0,0
1.54188,1,1
1.60407,1,1
1.66132,1,1
1.67299,1,1
1.62226,1,1
1.57631,1,1
1.5297,0,0
1.46779,0,0
1.39105,0,0
1.31862,0,0
1.24541,0,0
1.07968,0,0
0.80478,0,0
0.60333,0,0
0.42842,0,0
0.39652,0,0
0.44719,0,0
0.5122,0,0
0.60407,0,0
0.80263,0,0
1.19729,0,0
1.66773,0,0
2.19064,0,0
2.68881,0,0
3.14865,1,1
3.59942,1,1
4.03424,1,1
4.08127,1,1
3.71899,1,1
3.34437,1,1
2.95484,1,1
2.95624,1,1
3.37591,1,1
3.77251,1,1
4.14392,1,1
4.38333,1,1
4.53793,1,1
4.62452,1,1
4.64932,1,1
4.60792,1,1
4.42941,1,1
4.21348,1,1
3.96882,1,1
3.65167,1,1
3.40454,1,1
3.12595,1,1
2.79526,0,0
2.71982,0,0
2.89427,0,0
2.98558,1,1
2.97295,1,1
2.87428,0,0
2.7115,0,0
2.55279,0,0
2.40242,0,0
2.25855,0,0
2.14274,0,0
2.007,0,0
1.85112,0,0
1.75201,0,0
1.72157,0,0
1.60803,0,0
1.40863,0,0
1.19507,0,0
1.01257,0,0
0.79874,0,0
0.56371,0,0
0.38542,0,0
0.26243,0,0
0.28891,0,0
0.47017,0,0
0.59976,0,0
0.67536,0,0
0.65197,0,0
0.5285,0,0
0.42763,0,0
0.35183,0,0
0.32451,0,0
0.3453,0,0
0.35488,0,0
0.35204,0,0
0.34724,0,0
0.33942,0,0
0.35121,0,0
0.38372,0,0
0.40914,0,0
0.42881,0,0
0.42413,0,0
0.39955,0,0
0.37854,0,0
0.36431,0,0
0.33434,0,0
0.28413,0,0
0.23294,0,0
0.19473,0,0
0.17603,0,0
0.17609,0,0
0.17615,0,0
0.17621,0,0
0.14734,0,0
0.09504,0,0
0.05807,0,0
0.0206,0,0
0.01395,0,0
0.01219,0,0
0.01041,0,0
0.0086,0,0
0.00713,0,0
0.00596,0,0
0.00476,0,0
0.00351,0,0
0.00459,0,0
0.00805,0,0
0.01158,0,0
0.01511,0,0
0.01418,0,0
0.00863,0,0
0.003,0,0
0.0,0,0
0.0,0,0
0.0,0,0
0.0,0,0
0.0,0,0
0.0,0,0
0.0,0,0
0.0,0,0
0.0,0,0
0.0,0,0
0.0,0,0
0.0,0,0
0.0,0,0
0.01886,0,0
0.059,0,0
0.09946,0,0
0.14312,0,0
0.19592,0,0
0.26418,0,0
0.37738,0,0
0.49095,0,0
0.56779,0,0
0.60731,0,0
0.66246,0,0
0.76232,0,0
0.85298,0,0
0.92639,0,0
1.00293,0,0
1.08224,1,1
1.17399,1,1
1.26225,1,1
1.32121,1,1
1.34759,1,1
1.38982,1,1
1.45325,1,1
1.47199,1,1
1.44172,1,1
1.42623,1,1
1.42732,1,1
1.38416,1,1
1.28969,1,1
1.20645,1,1
1.12349,1,1
1.09285,1,1
1.10826,1,1
1.12511,1,1
1.1468,1,1
1.13984,1,1
1.13054,1,1
1.12332,1,1
1.11758,1,1
1.05721,1,1
0.94842,0,0
0.87115,0,0
0.83515,0,0
0.80995,0,0
0.80567,0,0
0.73917,0,0
0.63487,0,0
0.55129,0,0
0.47946,0,0
0.4245,0,0
0.37873,0,0
0.32823,0,0
0.28547,0,0
0.22843,0,0
0.18611,0,0
0.17519,0,0
0.17023,0,0
0.14329,0,0
0.09274,0,0
0.05668,0,0
0.02012,0,0
0.01298,0,0
0.01003,0,0
0.00706,0,0
0.00406,0,0
0.00104,0,0
0.0,0,0
0.0,0,0
0.0,0,0
0.0,0,0
0.0,0,0
0.0,0,0
0.00107,0,0
0.0033,0,0
0.00467,0,0
0.0061,0,0
0.00758,0,0
0.01007,0,0
0.01359,0,0
0.01711,0,0
0.02066,0,0
0.02533,0,0
0.02079,0,0
0.01959,0,0
0.01837,0,0
0.02081,0,0
0.0448,0,0
0.07392,0,0
0.10354,0,0
0.09894,0,0
0.05853,0,0
0.02192,0,0
0.01352,0,0
0.00627,0,0
0.00016,0,0
0.0,0,0
0.0,0,0
0.02023,0,0
0.06231,0,0
0.10427,0,0
0.14581,0,0
0.20004,0,0
0.31104,0,0
0.44878,0,0
0.52697,0,0
0.59393,0,0
0.65916,0,0
0.73716,0,0
0.87178,0,0
1.0259,0,0
1.19203,0,0
1.30953,1,1
1.32303,1,1
1.33661,1,1
1.35739,1,1
1.36627,1,1
1.35714,1,1
1.3285,1,1
1.27962,0,1
1.28318,1,1
1.34776,1,1
1.39557,1,1
1.42309,1,1
1.45244,1,1
1.48337,1,1
1.51334,1,1
1.54714,1,1
1.59925,1,1
1.67626,1,1
1.80311,1,1
1.97755,1,1
2.00824,1,1
1.94963,1,1
1.81304,1,1
1.61758,1,1
1.45688,1,1
1.28279,0,0
1.19126,0,0
1.17823,0,0
1.14449,0,0
1.12223,0,0
1.07132,0,0
1.01701,0,0
1.01273,0,0
1.04015,0,0
0.98769,0,0
0.84703,0,0
0.70696,0,0
0.57633,0,0
0.48103,0,0
0.41096,0,0
0.33655,0,0
0.2836,0,0
0.26701,0,0
0.26877,0,0
0.27054,0,0
0.27234,0,0
0.24919,0,0
0.21127,0,0
0.17639,0,0
0.14126,0,0
0.11486,0,0
0.10015,0,0
0.08917,0,0
0.07804,0,0
0.0638,0,0
0.04638,0,0
0.02871,0,0
0.01722,0,0
0.02617,0,0
0.07632,0,0
0.13558,0,0
0.21805,0,0
0.24574,0,0
0.21699,0,0
0.18782,0,0
0.15821,0,0
0.12863,0,0
0.10707,0,0
0.08807,0,0
0.06819,0,0
0.05491,0,0
0.04824,0,0
0.04147,0,0
0.03445,0,0
0.0311,0,0
0.03123,0,0
0.03123,0,0
0.03136,0,0
0.04581,0,0
0.07436,0,0
0.10245,0,0
0.13042,0,0
0.16415,0,0
0.18818,0,0
0.21166,0,0
0.23533,0,0
0.30723,0,0
0.43238,0,0
0.50996,0,0
0.53851,0,0
0.56674,0,0
0.59295,0,0
0.64425,0,0
0.71607,0,0
0.79192,1,1
0.86815,1,1
0.86948,1,1
0.7861,1,1
0.75812,1,1
0.78426,1,1
0.77566,1,1
0.73455,1,1
0.66938,0,0
0.58053,0,0
0.57925,0,0
0.66342,0,0
0.71805,0,0
0.74594,1,1
0.72969,1,1
0.67488,0,0
0.67378,0,0
0.7275,0,0
0.79845,1,1
0.90592,1,1
0.99571,1,1
1.06883,1,1
1.08521,1,1
1.03636,1,1
1.02863,1,1
1.05382,1,1
1.07019,1,1
1.08441,1,1
1.03411,1,1
0.92927,1,1
0.83031,1,1
0.73719,1,1
0.64789,0,0
0.57042,0,0
0.50624,0,0
0.458,0,0
0.35812,0,0
0.23284,0,0
0.13661,0,0
0.07444,0,0
0.04806,0,0
0.03238,0,0
0.0189,0,0
0.00378,0,0
0.00352,0,0
0.00581,0,0
0.00814,0,0
0.0105,0,0
0.01256,0,0
0.01434,0,0
0.01614,0,0
0.01973,0,0
0.02688,0,0
0.03281,0,0
0.03886,0,0
0.04502,0,0
0.04242,0,0
0.03099,0,0
0.01946,0,0
0.01637,0,0
0.01316,0,0
0.00889,0,0
0.00444,0,0
0.0,0,0
0.00256,0,0
0.01296,0,0
0.03343,0,0
0.08352,0,0
0.09927,0,0
0.08004,0,0
0.06037,0,0
0.04023,0,0
0.02034,0,0
0.01385,0,0
0.00724,0,0
0.00053,0,0
0.0,0,0
0.0,0,0
0.0,0,0
0.0,0,0
0.0,0,0
0.0,0,0
0.00131,0,0
0.0067,0,0
0.02769,0,0
0.07112,0,0
0.14634,0,0
0.21989,0,0
0.26935,0,0
0.30514,0,0
0.37618,0,0
0.57093,0,0
0.75361,1,1
0.8162,1,1
0.80051,1,1
0.66547,1,1
0.60951,1,1
0.62205,1,1
0.58991,0,0
0.51651,0,0
0.43991,0,0
0.3662,0,0
0.33238,0,0
0.34031,0,0
0.33385,0,0
0.30802,0,0
0.34942,0,0
0.45958,0,0
0.55177,0,0
0.61916,1,1
0.65551,1,1
0.67152,1,1
0.68837,1,1
0.71211,1,1
0.70727,1,1
0.87923,1,1
1.18886,1,1
1.43276,1,1
1.46681,1,1
1.31142,1,1
1.22063,1,1
1.18754,1,1
1.09515,1,1
0.95875,1,1
0.84151,1,1
0.74414,1,1
0.65264,1,1
0.55454,0,0
0.46464,0,0
0.38647,0,0
0.32081,0,0
0.26055,0,0
0.20075,0,0
0.13952,0,0
0.10214,0,0
0.08812,0,0
0.06645,0,0
0.0372,0,0
0.01688,0,0
0.00252,0,0
0.0,0,0
0.0,0,0
0.0,0,0
0.0,0,0
0.0,0,0
0.0,0,0
0.0,0,0
0.0,0,0
0.0,0,0
0.0,0,0
0.0,0,0
0.0,0,0
0.0,0,0
0.0,0,0
0.0,0,0
0.0,0,0
0.0,0,0
0.0,0,0
0.0,0,0
0.0,0,0
0.0,0,0
0.0,0,0
0.0,0,0
0.0,0,0
0.0,0,0
0.0,0,0
0.0,0,0
0.0,0,0
0.0,0,0
0.0,0,0
0.0,0,0
0.0,0,0
0.0,0,0
0.0,0,0
0.0,0,0
0.0,0,0
0.0,0,0
0.0,0,0
0.0,0,0
0.0,0,0
0.02291,0,0
0.07139,0,0
0.12031,0,0
0.16969,0,0
0.23829,0,0
0.33299,0,0
0.41506,0,0
0.4701,0,0
0.54978,0,0
0.6635,1,1
0.6672,1,1
0.55798,0,0
0.42181,0,0
0.30901,0,0
0.31041,0,0
0.39095,0,0
0.44698,0,0
0.52095,0,0
0.55926,0,0
0.59739,1,1
0.62381,1,1
0.63776,1,1
0.73101,1,1
0.90547,1,1
1.11217,1,1
1.35277,1,1
1.35361,1,1
1.1228,1,1
0.93773,1,1
0.79063,1,1
0.74503,1,1
0.79312,1,1
0.83104,1,1
0.85794,1,1
0.84064,1,1
0.77838,1,1
0.72959,1,1
0.69322,1,1
0.65983,1,1
0.62867,1,1
0.5912,1,1
0.5509,0,0
0.50801,0,0
0.4624,0,0
0.43096,0,0
0.43941,0,0
0.41199,0,0
0.37087,0,0
0.29279,0,0
0.17154,0,0
0.10783,0,0
0.10541,0,0
0.09378,0,0
0.07262,0,0
0.05235,0,0
0.03315,0,0
0.01669,0,0
0.01275,0,0
0.0087,0,0
0.0046,0,0
0.00373,0,0
0.00617,0,0
0.00862,0,0
0.01112,0,0
0.01669,0,0
0.05147,0,0
0.09284,0,0
0.15007,0,0
0.1576,0,0
0.1077,0,0
0.07516,0,0
0.0425,0,0
0.04311,0,0
0.07899,0,0
0.11656,0,0
0.17633,0,0
0.18957,0,0
0.15348,0,0
0.11915,0,0
0.09543,0,0
0.07393,0,0
0.05402,0,0
0.03362,0,0
0.02019,0,0
0.01894,0,0
0.02054,0,0
0.02215,0,0
0.02764,0,0
0.03144,0,0
0.03146,0,0
0.03161,0,0
0.03163,0,0
0.0223,0,0
0.0168,0,0
0.01139,0,0
0.00597,0,0
0.03016,0,0
0.08738,0,0
0.14555,0,0
0.20672,0,0
0.27164,0,0
0.30699,0,0
0.35477,0,0
0.46017,0,0
0.57376,0,0
0.68388,0,0
0.78945,0,0
0.87676,0,0
0.95734,0,0
1.03547,1,1
1.10462,1,1
1.15904,1,1
1.21447,1,1
1.27849,1,1
1.32766,1,1
1.36651,1,1
1.41224,1,1
1.46842,1,1
1.49071,1,1
1.47691,1,1
1.46901,1,1
1.4674,1,1
1.45106,1,1
1.42937,1,1
1.42426,1,1
1.43471,1,1
1.41655,1,1
1.37297,1,1
1.35408,1,1
1.36749,1,1
1.29148,1,1
1.12979,1,1
0.95906,0,0
0.78468,0,0
0.7514,0,0
0.84159,0,0
0.90817,0,0
0.96023,1,0
0.90943,0,0
0.79072,0,0
0.68181,0,0
0.58123,0,0
0.50119,0,0
0.41664,0,0
0.32239,0,0
0.2232,0,0
0.14852,0,0
0.12013,0,0
0.09397,0,0
0.05544,0,0
0.02945,0,0
0.00654,0,0
0.0,0,0
0.0,0,0
0.0,0,0
0.0,0,0
0.0,0,0
0.0,0,0
0.0,0,0
0.0,0,0
0.0,0,0
0.0,0,0
0.0,0,0
0.0,0,0
0.0,0,0
0.0,0,0
0.0,0,0
0.0,0,0
0.00339,0,0
0.02396,0,0
0.10812,0,0
0.2392,0,0
0.3147,0,0
0.30165,0,0
0.2885,0,0
0.27618,0,0
0.27828,0,0
0.29515,0,0
0.31338,0,0
0.33204,0,0
0.37617,0,0
0.44762,0,0
0.52023,0,0
0.64473,0,0
0.68952,0,0
0.65015,0,0
0.60797,0,0
0.56808,0,0
0.51168,0,0
0.44909,0,0
0.38649,0,0
0.32387,0,0
0.3491,0,0
0.46006,0,0
0.57797,0,0
0.76701,0,0
0.99995,1,1
1.35529,1,1
1.69964,1,1
2.08127,1,1
2.25561,1,1
2.23702,1,1
2.1086,1,1
1.87134,1,1
1.51626,1,1
1.1041,1,1
0.82271,0,0
0.68982,0,0
0.66361,0,0
0.73568,0,0
0.82394,0,0
0.92801,1,1
0.99557,1,1
1.02206,1,1
0.96243,1,1
0.81314,0,0
0.65471,0,0
0.48967,0,0
0.41119,0,0
0.42564,0,0
0.46562,0,0
0.52957,0,0
0.57643,0,0
0.60287,0,0
0.63507,0,0
0.67385,0,0
0.66293,0,0
0.59902,0,0
0.55571,0,0
0.53479,0,0
0.5703,0,0
0.67426,0,0
0.7774,0,0
0.85907,0,0
0.8858,1,0
0.85643,0,0
0.86889,0,0
0.95486,1,1
0.99387,1,1
0.99069,1,1
0.94999,1,1
0.84722,0,0
0.77513,0,0
0.73329,0,0
0.71022,0,0
0.70924,0,0
0.72792,0,0
0.76439,0,0
0.73422,0,0
0.65044,0,0
0.56551,0,0
0.47942,0,0
0.45291,0,0
0.48849,0,0
0.52432,0,0
0.56041,0,0
0.55096,0,0
0.49549,0,0
0.43962,0,0
0.40723,0,0
0.43432,0,0
0.58433,0,0
0.73861,0,0
0.93544,1,1
1.07836,1,1
1.15228,1,1
1.22941,1,1
1.30996,1,1
1.32077,1,1
1.25374,1,1
1.19063,1,1
1.12227,1,1
1.01129,0,0
0.87007,0,0
0.75584,0,0
0.64228,0,0
0.63378,0,0
0.73304,0,0
0.83314,0,0
0.9341,0,0
1.02161,0,0
1.06099,0,0
1.10484,1,1
1.14443,1,1
1.10555,1,1
0.98812,0,0
0.89444,0,0
0.81031,0,0
0.75478,0,0
0.73282,0,0
0.71175,0,0
0.69123,0,0
0.7471,0,0
0.88215,0,0
0.98724,0,0
1.06227,0,0
1.02336,0,0
0.92659,0,0
0.82216,0,0
0.69199,0,0
0.58194,0,0
0.67418,0,0
0.72003,0,0
0.87354,0,0
1.09697,0,0
1.40301,1,1
1.52203,1,1
1.4438,1,1
1.42004,1,1
1.45338,1,1
1.4444,1,1
1.39195,1,1
1.2972,1,1
1.1727,1,1
1.13655,1,1
1.17847,1,1
1.27364,1,1
1.42166,1,1
1.36229,1,1
1.10576,1,1
0.81522,0,0
0.61122,0,0
0.62874,0,0
0.8163,0,0
0.99932,0,0
1.10201,1,1
1.11493,1,1
1.0381,0,0
0.98066,0,0
0.94115,0,0
0.87282,0,0
0.77578,0,0
0.70494,0,0
0.65618,0,0
0.57542,0,0
0.48907,0,0
0.4173,0,0
0.34394,0,0
0.28139,0,0
0.22929,0,0
0.18894,0,0
0.16867,0,0
0.17354,0,0
0.20275,0,0
0.24914,0,0
0.33273,0,0
0.41612,0,0
0.55385,0,0
0.59057,0,0
0.51161,0,0
0.43517,0,0
0.39173,0,0
0.35766,0,0
0.33305,0,0
0.30932,0,0
0.28426,0,0
0.24127,0,0
0.18904,0,0
0.13592,0,0
0.09365,0,0
0.05847,0,0
0.021,0,0
0.01237,0,0
0.00429,0,0
0.00014,0,0
0.00014,0,0
0.00015,0,0
0.00015,0,0
0.00015,0,0
0.00015,0,0
0.00015,0,0
0.00015,0,0
0.00357,0,0
0.01044,0,0
0.01736,0,0
0.02971,0,0
0.0426,0,0
0.03525,0,0
0.02778,0,0
0.02246,0,0
0.02596,0,0
0.04415,0,0
0.06245,0,0
0.08043,0,0
0.12668,0,0
0.20218,0,0
0.28284,0,0
0.36664,0,0
0.4172,0,0
0.43071,0,0
0.49971,0,0
0.63971,0,0
0.75439,0,0
0.82405,1,1
0.86427,1,1
0.87611,1,1
0.91737,1,1
0.98662,1,1
1.0005,1,1
0.93862,1,1
0.85259,1,1
0.79632,0,1
0.81545,1,1
0.8983,1,1
0.9969,1,1
1.06967,1,1
1.12598,1,1
1.16644,1,1
1.25866,1,1
1.40836,1,1
1.37335,1,1
1.15772,1,1
0.92593,1,1
0.75101,0,0
0.68127,0,0
0.65086,0,0
0.58854,0,0
0.49352,0,0
0.50088,0,0
0.72806,0,0
1.05034,1,1
1.32891,1,1
1.35187,1,1
1.1319,1,1
0.92819,1,1
0.75582,0,0
0.71271,0,0
0.74946,0,0
0.74237,0,0
0.68915,0,0
0.57607,0,0
0.45032,0,0
0.34877,0,0
0.25397,0,0
0.16509,0,0
0.11002,0,0
0.07987,0,0
0.05023,0,0
0.02757,0,0
0.01209,0,0
0.00913,0,0
0.0176,0,0
0.05667,0,0
0.09787,0,0
0.15557,0,0
0.21635,0,0
0.28892,0,0
0.37343,0,0
0.4112,0,0
0.40125,0,0
0.39116,0,0
0.38091,0,0
0.39873,0,0
0.44628,0,0
0.52684,0,0
0.61274,0,0
0.64366,0,0
0.61622,0,0
0.58795,0,0
0.55883,0,0
0.56729,0,0
0.61044,0,0
0.65425,0,0
0.69874,0,0
0.72407,0,0
0.73261,0,0
0.74136,0,0
0.74734,0,0
0.72179,0,0
0.66054,0,0
0.59534,0,0
0.53687,0,0
0.49546,0,0
0.44787,0,0
0.3986,0,0
0.35117,0,0
0.32611,0,0
0.3248,0,0
0.32219,0,0
0.32091,0,0
0.3517,0,0
0.41611,0,0
0.47924,0,0
0.54082,0,0
0.61272,0,0
0.73935,0,0
0.82207,0,0
0.7762,0,0
0.79439,0,0
0.92908,1,1
1.15059,1,1
1.48918,1,1
1.74838,1,1
1.84385,1,1
1.74964,1,1
1.49197,1,1
1.31177,1,1
1.21678,1,1
1.1042,1,1
0.98305,1,1
0.83515,0,0
0.69848,0,0
0.69541,0,0
0.80367,0,0
0.90078,1,1
1.01032,1,1
1.0647,1,1
1.06057,1,1
0.99337,1,1
0.86189,1,1
0.79391,0,0
0.81897,0,0
0.84337,1,1
0.8583,1,1
0.84141,1,1
0.79613,0,0
0.78173,0,0
0.80311,0,0
0.72616,0,0
0.53881,0,0
0.36849,0,0
0.21883,0,0
0.1998,0,0
0.31118,0,0
0.41326,0,0
0.50081,0,0
0.48878,0,0
0.39106,0,0
0.32617,0,0
0.29348,0,0
0.27629,0,0
0.27114,0,0
0.27897,0,0
0.30432,0,0
0.3537,0,0
0.40777,0,0
0.49709,0,0
0.57638,0,0
0.65674,0,0
0.7382,0,0
0.80943,0,0
0.84349,1,1
0.87779,1,1
0.91236,1,1
0.88726,1,1
0.801,0,0
0.73244,0,0
0.67036,0,0
0.62247,0,0
0.58957,0,0
0.55832,0,0
0.5248,0,0
0.46437,0,0
0.41379,0,0
0.36514,0,0
0.31502,0,0
0.29761,0,0
0.31423,0,0
0.32989,0,0
0.34699,0,0
0.31734,0,0
0.25243,0,0
0.19514,0,0
0.13739,0,0
0.09939,0,0
0.06786,0,0
0.03616,0,0
0.01867,0,0
0.01541,0,0
0.01548,0,0
0.01562,0,0
0.0157,0,0
0.02449,0,0
0.09868,0,0
0.19475,0,0
0.31076,0,0
0.44853,0,0
0.56553,0,0
0.70317,0,0
0.8766,0,0
1.05909,0,0
1.2424,0,0
1.47026,0,0
1.73001,0,0
1.78566,0,0
1.63921,0,0
1.55167,0,0
1.45705,0,0
1.52812,0,0
1.69862,0,0
1.8194,0,0
1.90569,0,0
1.91751,0,0
1.92724,1,0
1.91485,0,0
1.88351,0,0
1.89712,0,0
1.94044,1,1
1.96494,1,1
1.9698,1,1
1.97267,1,1
1.96809,1,1
1.95662,1,1
1.93359,1,1
1.92072,1,1
1.91869,1,1
1.91349,0,0
1.91016,0,0
1.91349,0,0
1.91795,0,0
1.90393,0,0
1.86745,0,0
1.86718,0,0
1.92678,1,1
1.96111,1,1
2.01154,1,1
2.05956,1,1
2.09472,1,1
2.05114,1,1
1.95947,1,1
1.83351,0,0
1.66954,0,0
1.5558,0,0
1.44004,0,0
1.40125,0,0
1.45673,0,0
1.54061,0,0
1.67224,0,0
1.79568,0,0
1.88512,0,0
1.9772,1,1
2.06055,1,1
2.10733,1,1
2.12835,1,1
2.14301,1,1
2.15786,1,1
2.06677,1,1
1.85565,0,0
1.63753,0,0
1.41899,0,0
1.17936,0,0
0.95285,0,0
0.73316,0,0
0.56832,0,0
0.4639,0,0
0.42972,0,0
0.40711,0,0
0.38546,0,0
0.41256,0,0
0.51924,0,0
0.66113,0,0
0.80719,0,0
0.86362,0,0
0.81012,0,0
0.76292,0,0
0.71534,0,0
0.568,0,0
0.39399,0,0
0.26125,0,0
0.15773,0,0
0.12424,0,0
0.16357,0,0
0.20322,0,0
0.24352,0,0
0.28725,0,0
0.3479,0,0
0.41099,0,0
0.47652,0,0
0.52713,0,0
0.58963,0,0
0.65716,0,0
0.72135,0,0
0.83508,0,0
0.99527,0,0
1.20104,0,0
1.40664,0,0
1.52587,0,0
1.5668,0,0
1.64993,0,0
1.76539,0,0
1.92534,0,0
2.1334,1,1
2.36269,1,1
2.57764,1,1
2.68353,1,1
2.67617,1,1
2.65883,1,1
2.64122,1,1
2.68194,1,1
2.79913,1,1
2.87848,1,1
2.92328,1,1
2.99675,1,1
3.08991,1,1
3.17421,1,1
3.27055,1,1
3.2973,1,1
3.24668,1,1
3.19495,1,1
3.12443,1,1
2.97865,1,1
2.73515,1,1
2.49482,1,1
2.27204,1,1
2.0761,1,1
1.92384,0,0
1.77455,0,0
1.66078,0,0
1.58409,0,0
1.54848,0,0
1.49281,0,0
1.42357,0,0
1.28408,0,0
1.11526,0,0
0.94031,0,0
0.7763,0,0
0.67958,0,0
0.61058,0,0
0.5051,0,0
0.37596,0,0
0.29083,0,0
0.24285,0,0
0.19953,0,0
0.16267,0,0
0.11507,0,0
0.08331,0,0
0.08855,0,0
0.0875,0,0
0.06654,0,0
0.03048,0,0
0.01181,0,0
0.00405,0,0
0.00125,0,0
0.00354,0,0
0.00585,0,0
0.0082,0,0
0.00881,0,0
0.00768,0,0
0.00652,0,0
0.00537,0,0
0.00541,0,0
0.00663,0,0
0.00786,0,0
0.00912,0,0
0.00927,0,0
0.00821,0,0
0.00709,0,0
0.00594,0,0
0.0093,0,0
0.01722,0,0
0.04603,0,0
0.08424,0,0
0.10683,0,0
0.11402,0,0
0.12386,0,0
0.13492,0,0
0.11535,0,0
0.07978,0,0
0.04382,0,0
0.0182,0,0
0.01834,0,0
0.04485,0,0
0.08291,0,0
0.12128,0,0
0.13048,0,0
0.10404,0,0
0.07954,0,0
0.05521,0,0
0.02537,0,0
0.02486,0,0
0.02455,0,0
0.03096,0,0
0.04471,0,0
0.0632,0,0
0.11495,0,0
0.1998,0,0
0.28905,0,0
0.38255,0,0
0.42844,0,0
0.42571,0,0
0.42754,0,0
0.43543,0,0
0.45063,0,0
0.47608,0,0
0.50357,1,1
0.53638,1,1
0.56139,1,1
0.57862,1,1
0.62096,1,1
0.68455,1,1
0.65839,1,1
0.54193,1,1
0.41811,0,0
0.29824,0,0
0.28509,0,0
0.3681,0,0
0.42784,0,0
0.46431,0,0
0.49326,0,0
0.53035,1,1
0.60083,1,1
0.68916,1,1
0.69217,1,1
0.61376,1,1
0.54238,1,1
0.51124,1,1
0.52859,1,1
0.59835,1,1
0.65459,1,1
0.67634,1,1
0.66482,1,1
0.62072,1,1
0.5907,1,1
0.57205,1,1
0.51623,1,1
0.43531,0,0
0.36283,0,0
0.30264,0,0
0.26471,0,0
0.24396,0,0
0.23073,0,0
0.22637,0,0
0.23173,0,0
0.25758,0,0
0.26171,0,0
0.24039,0,0
0.21956,0,0
0.20372,0,0
0.16319,0,0
0.09788,0,0
0.0549,0,0
0.01583,0,0
0.01335,0,0
0.01913,0,0
0.03818,0,0
0.05753,0,0
0.07026,0,0
0.07624,0,0
0.0823,0,0
0.08816,0,0
0.0927,0,0
0.09545,0,0
0.0987,0,0
0.10182,0,0
0.09251,0,0
0.07076,0,0
0.04851,0,0
0.02608,0,0
0.02628,0,0
0.04943,0,0
0.07293,0,0
0.09678,0,0
0.0925,0,0
0.05941,0,0
0.02571,0,0
0.0152,0,0
0.01023,0,0
0.00738,0,0
0.0045,0,0
0.00161,0,0
0.00088,0,0
0.00235,0,0
0.0038,0,0
0.00526,0,0
0.02532,0,0
0.06685,0,0
0.11191,0,0
0.15755,0,0
0.18999,0,0
0.20701,0,0
0.23092,0,0
0.26354,0,0
0.28379,0,0
0.29291,0,0
0.35799,0,0
0.48974,1,1
0.61157,1,1
0.72459,1,1
0.81121,1,1
0.86671,1,1
0.91231,1,1
0.95807,1,1
0.86684,1,1
0.64995,1,1
0.44445,0,0
0.25103,0,0
0.23304,0,0
0.39005,0,0
0.502,1,1
0.5524,1,1
0.61444,1,1
0.7747,1,1
1.00271,1,1
1.20839,1,1
1.27875,1,1
1.22447,1,1
1.23366,1,1
1.30713,1,1
1.25035,1,1
1.06309,1,1
0.91581,1,1
0.80918,1,1
0.64632,1,1
0.43273,0,0
0.17594,0,0
0.03832,0,0
0.0624,0,0
0.13612,0,0
0.22263,0,0
0.26848,0,0
0.27655,0,0
0.24662,0,0
0.24349,0,0
0.27861,0,0
0.29851,0,0
0.3033,0,0
0.25596,0,0
0.15584,0,0
0.08263,0,0
0.03586,0,0
0.01535,0,0
0.01376,0,0
0.01213,0,0
0.01048,0,0
0.01204,0,0
0.01681,0,0
0.03588,0,0
0.05874,0,0
0.07614,0,0
0.08791,0,0
0.09976,0,0
0.1156,0,0
0.11602,0,0
0.10084,0,0
0.0898,0,0
0.07834,0,0
0.08239,0,0
0.10344,0,0
0.13143,0,0
0.16577,0,0
0.17407,0,0
0.15398,0,0
0.13373,0,0
0.1163,0,0
0.08976,0,0
0.04981,0,0
0.019,0,0
0.01038,0,0
0.00494,0,0
0.00274,0,0
0.00052,0,0
0.0,0,0
0.0,0,0
0.0,0,0
0.0,0,0
0.0,0,0
0.0,0,0
0.0,0,0
0.0,0,0
0.0,0,0
0.0267,0,0
0.08708,0,0
0.14854,0,0
0.21,0,0
0.2219,0,0
0.20435,0,0
0.27187,0,0
0.41304,0,0
0.55231,0,0
0.67527,1,1
0.72696,1,1
0.69933,1,1
0.66593,0,0
0.63033,0,0
0.60409,0,0
0.59134,0,0
0.54834,0,0
0.48436,0,0
0.51002,0,0
0.66769,0,0
0.84285,1,1
0.99842,1,1
1.09664,1,1
1.12466,1,1
1.16879,1,1
1.23228,1,1
1.20764,1,1
1.10736,1,1
1.03573,1,1
0.98815,1,1
0.95271,1,1
0.92354,1,1
0.90328,1,1
0.88945,1,1
0.85911,1,1
0.81218,1,1
0.7394,1,1
0.66365,0,0
0.6309,0,0
0.71736,1,1
0.86168,1,1
0.97557,1,1
0.89441,1,1
0.65889,0,0
0.44954,0,0
0.3177,0,0
0.26465,0,0
0.23917,0,0
0.20522,0,0
0.1629,0,0
0.12778,0,0
0.09923,0,0
0.06395,0,0
0.02307,0,0
0.0026,0,0
0.0,0,0
0.0,0,0
0.0,0,0
0.0,0,0
0.0,0,0
0.0,0,0
0.0,0,0
0.0,0,0
0.0,0,0
0.0,0,0
0.0,0,0
0.0,0,0
0.0,0,0
0.0,0,0
0.0,0,0
0.0,0,0
0.0,0,0
0.0,0,0
0.0,0,0
0.0,0,0
0.0,0,0
0.0,0,0
0.0,0,0
0.0,0,0
0.0,0,0
0.0,0,0
0.0,0,0
0.0,0,0
0.0,0,0
0.0,0,0
0.0,0,0
0.0,0,0
0.0,0,0
0.0,0,0
0.0,0,0
0.0,0,0
0.0,0,0
0.0,0,0
0.0,0,0
0.0,0,0
0.00362,0,0
0.03423,0,0
0.09235,0,0
0.10506,0,0
0.08227,0,0
0.05248,0,0
0.23105,0,0
0.22735,0,0
0.22448,0,0
0.27727,0,0
0.38782,0,0
0.48138,0,0
0.55747,0,0
0.6903,0,0
0.89776,1,1
0.95067,1,1
0.84109,0,0
0.7431,0,0
0.68743,0,0
0.64932,0,0
0.59471,0,0
0.48627,0,0
0.34063,0,0
0.34852,0,0
0.49284,0,0
0.61654,0,0
0.70277,0,0
0.78522,0,0
0.86946,0,0
0.96461,1,1
1.07413,1,1
1.13914,1,1
1.16089,1,1
1.22896,1,1
1.35934,1,1
1.38124,1,1
1.29357,1,1
1.18184,1,1
1.03678,1,1
0.99702,1,1
1.04123,1,1
1.05212,1,1
1.0419,1,1
1.00478,1,1
0.94331,1,1
0.88705,1,1
0.8224,0,0
0.68649,0,0
0.53866,0,0
0.45699,0,0
0.44395,0,0
0.44403,0,0
0.45636,0,0
0.42641,0,0
0.3458,0,0
0.27973,0,0
0.2331,0,0
0.21868,0,0
0.22849,0,0
0.23836,0,0
0.25084,0,0
0.25798,0,0
0.25976,0,0
0.26157,0,0
0.26339,0,0
0.27077,0,0
0.28558,0,0
0.3006,0,0
0.31583,0,0
0.37404,0,0
0.49115,0,0
0.67514,0,0
0.87424,1,1
0.99102,1,1
0.96075,1,1
0.93352,1,1
0.90268,1,1
0.81024,0,0
0.68092,0,0
0.54668,0,0
0.44395,0,0
0.44906,0,0
0.56583,0,0
0.72129,0,0
0.88171,0,0
0.9443,0,0
0.89288,0,0
0.84458,0,0
0.79547,0,0
0.77077,0,0
0.77422,0,0
0.77456,0,0
0.77489,0,0
0.77206,0,0
0.76615,0,0
0.76033,0,0
0.75461,0,0
0.70432,0,0
0.61827,0,0
0.57121,0,0
0.54285,0,0
0.57937,0,0
0.68178,0,0
0.78772,0,0
0.88543,0,0
1.03,0,0
1.25992,0,0
1.45062,0,0
1.62169,0,0
1.75594,0,0
1.8252,0,0
1.85555,1,1
1.86511,1,1
1.90795,1,1
2.04401,1,1
2.27279,1,1
2.60298,1,1
2.76932,1,1
2.76241,1,1
2.69641,1,1
2.58321,1,1
2.41396,1,1
2.20546,1,1
2.01771,1,1
1.84029,1,1
1.79349,0,1
1.82575,1,1
1.85156,1,1
1.86912,1,1
1.99819,1,1
2.27241,1,1
2.49237,1,1
2.65748,1,1
2.56905,1,1
2.21656,1,1
1.88584,1,1
1.61213,0,0
1.35292,0,0
1.17072,0,0
1.07346,0,0
1.02882,0,0
0.98508,0,0
0.92149,0,0
0.76521,0,0
0.59024,0,0
0.43789,0,0
0.31677,0,0
0.2188,0,0
0.14568,0,0
0.09775,0,0
0.06148,0,0
0.04599,0,0
0.05828,0,0
0.08762,0,0
0.15423,0,0
0.22788,0,0
0.32717,0,0
0.37273,0,0
0.3624,0,0
0.35199,0,0
0.34152,0,0
0.33892,0,0
0.34223,0,0
0.34561,0,0
0.35016,0,0
0.37406,0,0
0.42132,0,0
0.49893,0,0
0.58403,0,0
0.6326,0,0
0.6436,0,0
0.65497,0,0
0.66675,0,0
0.59179,0,0
0.44953,0,0
0.3622,0,0
0.27321,0,0
0.21022,0,0
0.15126,0,0
0.10132,0,0
0.06249,0,0
0.03924,0,0
0.03284,0,0
0.02619,0,0
0.02142,0,0
0.01966,0,0
0.01753,0,0
0.01531,0,0
0.01315,0,0
0.0113,0,0
0.00981,0,0
0.00833,0,0
0.00687,0,0
0.01872,0,0
0.0455,0,0
0.07262,0,0
0.09973,0,0
0.15826,0,0
0.25305,0,0
0.33124,0,0
0.38963,0,0
0.46806,0,0
0.57086,0,0
0.66621,0,0
0.76381,0,0
0.88463,0,0
1.03103,0,0
1.12804,1,1
1.20645,1,1
1.27412,1,1
1.34395,1,1
1.3979,1,1
1.42921,1,1
1.46752,1,1
1.52455,1,1
1.53415,1,1
1.4885,1,1
1.44832,1,1
1.41859,1,1
1.40128,1,1
1.39651,1,1
1.39358,1,1
1.395,1,1
1.40821,1,1
1.44676,1,1
1.48049,1,1
1.51285,1,1
1.47089,1,1
1.35994,1,1
1.261,1,1
1.17061,1,1
1.09468,0,0
1.02918,0,0
0.93353,0,0
0.82574,0,0
0.7593,0,0
0.70429,0,0
0.63287,0,0
0.54342,0,0
0.4461,0,0
0.35918,0,0
0.29432,0,0
0.22856,0,0
0.14153,0,0
0.09233,0,0
0.07409,0,0
0.05817,0,0
0.06209,0,0
0.0773,0,0
0.09899,0,0
0.1368,0,0
0.17561,0,0
0.2145,0,0
0.2201,0,0
0.19118,0,0
0.16206,0,0
0.13274,0,0
0.14176,0,0
0.1895,0,0
0.24151,0,0
0.30759,0,0
0.34247,0,0
0.34366,0,0
0.34595,0,0
0.34827,0,0
0.35905,0,0
0.3801,0,0
0.4008,0,0
0.42382,0,0
0.39982,0,0
0.32754,0,0
0.25651,0,0
0.20311,0,0
0.18469,0,0
0.20183,0,0
0.21935,0,0
0.23639,0,0
0.23908,0,0
0.22609,0,0
0.212,0,0
0.19844,0,0
0.14824,0,0
0.08465,0,0
0.02955,0,0
0.01171,0,0
0.00701,0,0
0.00918,0,0
0.0114,0,0
0.01358,0,0
0.03583,0,0
0.08068,0,0
0.12604,0,0
0.17077,0,0
0.18373,0,0
0.16413,0,0
0.18222,0,0
0.23627,0,0
0.31177,0,0
0.40835,0,0
0.39413,0,0
0.27071,0,0
0.11797,0,0
0.0652,0,0
0.11384,0,0
0.3191,0,0
0.55281,0,0
0.67506,1,1
0.6948,1,1
0.62377,1,1
0.54123,0,0
0.4538,0,0
0.48947,0,0
0.72172,1,1
1.01448,1,1
1.24591,1,1
1.34188,1,1
1.30452,1,1
1.32567,1,1
1.4028,1,1
1.39611,1,1
1.30598,1,1
1.26773,1,1
1.27505,1,1
1.19053,1,1
1.01967,1,1
0.79623,1,1
0.6686,1,1
0.65823,1,1
0.67577,1,1
0.71017,1,1
0.7156,1,1
0.68198,1,1
0.61607,1,1
0.55015,0,0
0.49137,0,0
0.43679,0,0
0.37488,0,0
0.3005,0,0
0.21058,0,0
0.1326,0,0
0.10045,0,0
0.08426,0,0
0.06394,0,0
0.03996,0,0
0.01277,0,0
0.0,0,0
0.0,0,0
0.0,0,0
0.0,0,0
0.0,0,0
0.0,0,0
0.0,0,0
0.0,0,0
0.0,0,0
0.0,0,0
0.0,0,0
0.0,0,0
0.0,0,0
0.0,0,0
0.0,0,0
0.0,0,0
0.0,0,0
0.0,0,0
0.0,0,0
0.0,0,0
0.0,0,0
0.0,0,0
0.0,0,0
0.0,0,0
0.0,0,0
0.0,0,0
0.0,0,0
0.0,0,0
0.0,0,0
0.0,0,0
0.0,0,0
0.0,0,0
0.0,0,0
0.0,0,0
0.0,0,0
0.0,0,0
0.0,0,0
0.0,0,0
0.0,0,0
0.0,0,0
0.01757,0,0
0.05495,0,0
0.09279,0,0
0.13104,0,0
0.1832,0,0
0.25677,0,0
0.34047,0,0
0.43719,0,0
0.52789,0,0
0.59395,1,1
0.64291,1,1
0.68469,1,1
0.70819,1,1
0.7049,1,1
0.76474,1,1
0.89936,1,1
1.06979,1,1
1.26783,1,1
1.32786,1,1
1.22037,1,1
1.14665,1,1
1.11289,1,1
1.04849,1,1
0.96042,1,1
0.86397,1,1
0.76246,1,1
0.69824,1,1
0.67262,1,1
0.6381,1,1
0.59662,1,1
0.55925,0,0
0.52283,0,0
0.46899,0,0
0.40399,0,0
0.41082,0,0
0.50081,0,0
0.60866,1,1
0.72077,1,1
0.71008,1,1
0.57853,0,0
0.45139,0,0
0.34055,0,0
0.29993,0,0
0.32442,0,0
0.3381,0,0
0.33802,0,0
0.31552,0,0
0.2845,0,0
0.25918,0,0
0.22375,0,0
0.17497,0,0
0.12848,0,0
0.09019,0,0
0.05067,0,0
0.0231,0,0
0.00734,0,0
0.0,0,0
0.0,0,0
0.00322,0,0
0.00719,0,0
0.00923,0,0
0.00926,0,0
0.0093,0,0
0.00936,0,0
0.01084,0,0
0.01379,0,0
0.01676,0,0
0.02816,0,0
0.0451,0,0
0.06518,0,0
0.08553,0,0
0.10727,0,0
0.1543,0,0
0.2182,0,0
0.29844,0,0
0.39265,0,0
0.42889,0,0
0.40341,0,0
0.37774,0,0
0.35059,0,0
0.28448,0,0
0.20233,0,0
0.12199,0,0
0.06899,0,0
0.02223,0,0
0.013,0,0
0.00445,0,0
0.0,0,0
0.0,0,0
0.0,0,0
0.0,0,0
0.0,0,0
0.0,0,0
0.0,0,0
0.0,0,0
0.0,0,0
0.01789,0,0
0.05611,0,0
0.09472,0,0
0.13328,0,0
0.1807,0,0
0.27956,0,0
0.4075,0,0
0.48922,0,0
0.58449,0,0
0.68053,0,0
0.78152,0,0
0.89027,1,1
0.99929,1,1
1.10979,1,1
1.13582,1,1
1.06298,1,1
0.95209,1,1
0.90289,1,1
0.9338,1,1
1.0375,1,1
1.23002,1,1
1.40372,1,1
1.37317,1,1
1.12816,1,1
0.8397,0,0
0.64244,0,0
0.61807,0,0
0.66249,0,0
0.70741,0,0
0.73224,0,0
0.76472,0,0
0.80778,0,0
0.87192,1,1
0.97605,1,1
1.08194,1,1
1.2099,1,1
1.2976,1,1
1.34498,1,1
1.31361,1,1
1.2102,1,1
1.12332,1,1
1.05434,1,1
0.96109,1,1
0.84466,0,0
0.7685,0,0
0.73081,0,0
0.70368,0,0
0.68118,0,0
0.61135,0,0
0.49587,0,0
0.38507,0,0
0.3003,0,0
0.23469,0,0
0.18639,0,0
0.15901,0,0
0.15244,0,0
0.15623,0,0
0.16998,0,0
0.18334,0,0
0.19741,0,0
0.21382,0,0
0.23345,0,0
0.25811,0,0
0.28385,0,0
0.2909,0,0
0.2799,0,0
0.26967,0,0
0.25847,0,0
0.24718,0,0
0.23661,0,0
0.22847,0,0
0.22026,0,0
0.18653,0,0
0.12517,0,0
0.0788,0,0
0.03644,0,0
0.04336,0,0
0.1016,0,0
0.18437,0,0
0.27891,0,0
0.35895,0,0
0.39132,0,0
0.42444,0,0
0.45832,0,0
0.49667,0,0
0.55996,0,0
0.63147,0,0
0.70414,0,0
0.80209,0,0
0.92568,0,0
1.09654,0,0
1.26753,0,0
1.3533,0,0
1.35376,0,0
1.35422,0,0
1.35469,0,0
1.25978,0,0
1.07549,0,0
0.93415,0,0
0.8217,0,0
0.78828,0,0
0.84082,0,0
0.96383,0,0
1.14042,0,0
1.27611,0,0
1.37453,0,0
1.46847,0,0
1.54846,0,0
1.6079,0,0
1.64128,1,1
1.67961,1,1
1.71905,1,1
1.68331,1,1
1.59141,0,0
1.52944,0,0
1.47452,0,0
1.46873,0,0
1.50499,0,0
1.54034,0,0
1.57104,0,0
1.59618,0,0
1.60179,0,0
1.54986,0,0
1.43728,0,0
1.3863,0,0
1.39975,0,0
1.40603,0,0
1.42266,0,0
1.40955,0,0
1.36249,0,0
1.35646,0,0
1.37966,0,0
1.4354,0,0
1.54757,0,0
1.63231,1,1
1.70805,1,1
1.73323,1,1
1.6861,1,1
1.6169,0,0
1.52541,0,0
1.51191,0,0
1.57743,0,0
1.62757,0,0
1.68459,1,1
1.74127,1,1
1.79965,1,1
1.87765,1,1
1.96714,1,1
2.042,1,1
2.09658,1,1
2.16494,1,1
2.23606,1,1
2.23548,1,1
2.15127,1,1
2.06267,1,1
1.97285,1,1
1.80334,1,1
1.5317,0,0
1.25655,0,0
1.01821,0,0
0.999,0,0
1.19048,0,0
1.41958,0,0
1.65031,1,1
1.69022,1,1
1.52563,0,0
1.35979,0,0
1.20549,0,0
1.11809,0,0
1.08504,0,0
1.05104,0,0
1.01605,0,0
0.92267,0,0
0.79034,0,0
0.68617,0,0
0.58045,0,0
0.47073,0,0
0.40639,0,0
0.34184,0,0
0.27624,0,0
0.21572,0,0
0.14248,0,0
0.08889,0,0
0.04072,0,0
0.01792,0,0
0.01196,0,0
0.00603,0,0
0.00015,0,0
0.0,0,0
0.0027,0,0
0.00629,0,0
0.00983,0,0
0.03023,0,0
0.06921,0,0
0.10847,0,0
0.14687,0,0
0.18241,0,0
0.21681,0,0
0.27134,0,0
0.34658,0,0
0.45476,0,0
0.61812,0,0
0.76229,0,0
0.9004,0,0
1.05886,1,1
1.23658,1,1
1.35261,1,1
1.39076,1,1
1.42686,1,1
1.45036,1,1
1.4724,1,1
1.50918,1,1
1.57629,1,1
1.67909,1,1
1.67899,1,1
1.5666,1,1
1.46951,1,1
1.38998,1,1
1.37288,1,1
1.41209,1,1
1.43151,1,1
1.4288,1,1
1.40328,1,1
1.35316,1,1
1.31825,1,1
1.30148,1,1
1.21495,1,1
1.0611,1,1
0.88792,0,0
0.75714,0,0
0.71414,0,0
0.78351,0,0
0.90412,0,0
0.9869,0,0
0.95429,0,0
0.8349,0,0
0.72673,0,0
0.62673,0,0
0.5078,0,0
0.39175,0,0
0.30335,0,0
0.23261,0,0
0.17724,0,0
0.1334,0,0
0.08401,0,0
0.02769,0,0
0.0,0,0
0.0,0,0
0.0,0,0
0.0,0,0
0.00319,0,0
0.00714,0,0
0.00688,0,0
0.00239,0,0
0.0,0,0
0.0,0,0
0.0,0,0
0.0,0,0
0.0,0,0
0.0,0,0
0.0,0,0
0.0,0,0
0.0,0,0
0.0,0,0
0.0,0,0
0.00044,0,0
0.00233,0,0
0.00426,0,0
0.00429,0,0
0.00239,0,0
0.00046,0,0
0.0,0,0
0.0,0,0
0.0,0,0
0.0,0,0
0.0,0,0
0.0,0,0
0.0,0,0
0.0,0,0
0.0,0,0
0.0,0,0
0.0,0,0
0.0,0,0
0.0,0,0
0.0,0,0
0.0,0,0
0.0,0,0
0.0,0,0
0.0,0,0
0.00536,0,0
0.00903,0,0
0.01266,0,0
0.02527,0,0
0.04748,0,0
0.10242,0,0
0.19105,0,0
0.29078,0,0
0.40477,0,0
0.44979,0,0
0.4218,0,0
0.40708,0,0
0.40558,0,0
0.41742,0,0
0.43967,0,0
0.44082,0,0
0.45428,0,0
0.49476,0,0
0.58596,0,0
0.68957,1,1
0.80762,1,1
0.84742,1,1
0.80981,1,1
0.78142,1,1
0.76451,1,1
0.78509,1,1
0.84861,1,1
0.89626,1,1
0.92185,1,1
0.97318,1,1
1.04894,1,1
1.17051,1,1
1.34356,1,1
1.30183,1,1
1.04884,1,1
0.792,1,1
0.63233,1,1
0.59055,1,1
0.55652,0,0
0.50065,0,0
0.44035,0,0
0.40405,0,0
0.37927,0,0
0.34505,0,0
0.35078,0,0
0.31296,0,0
0.2817,0,0
0.25805,0,0
0.23643,0,0
0.19741,0,0
0.15365,0,0
0.12235,0,0
0.10391,0,0
0.08634,0,0
0.07004,0,0
0.05655,0,0
0.04401,0,0
0.03131,0,0
0.01846,0,0
0.03039,0,0
0.06755,0,0
0.11025,0,0
0.1688,0,0
0.20333,0,0
0.21369,0,0
0.22357,0,0
0.23595,0,0
0.28839,0,0
0.37941,0,0
0.5222,0,0
0.68951,1,1
0.76503,1,1
0.73176,1,1
0.70042,1,1
0.67007,1,1
0.6533,0,0
0.65808,0,0
0.66061,0,0
0.66315,0,0
0.62526,0,0
0.54562,0,0
0.46913,0,0
0.42705,0,0
0.39852,0,0
0.38594,0,0
0.37325,0,0
0.3618,0,0
0.31522,0,0
0.24874,0,0
0.19146,0,0
0.13319,0,0
0.11814,0,0
0.13646,0,0
0.15783,0,0
0.17921,0,0
0.21147,0,0
0.25736,0,0
0.30383,0,0
0.35055,0,0
0.41058,0,0
0.47701,0,0
0.5545,0,0
0.67045,0,0
0.79626,0,0
0.91194,0,0
1.00536,0,0
1.07002,0,0
1.17596,0,0
1.32026,0,0
1.43331,0,0
1.4876,0,0
1.54714,0,0
1.59662,0,0
1.66713,0,0
1.75719,1,1
1.84223,1,1
1.92056,1,1
1.944,1,1
1.90325,1,1
1.90521,1,1
1.9492,1,1
2.00798,1,1
2.08748,1,1
2.09442,1,1
2.0361,1,1
1.94555,1,1
1.85207,1,1
1.80054,1,1
1.78459,1,1
1.74031,1,1
1.67059,0,0
1.64335,0,0
1.71109,1,1
1.80732,1,1
1.96234,1,1
2.05162,1,1
2.05723,1,1
2.06241,1,1
2.06366,1,1
1.94107,1,1
1.69576,0,0
1.44902,0,0
1.21397,0,0
1.03335,0,0
0.89236,0,0
0.76492,0,0
0.65712,0,0
0.59341,0,0
0.55091,0,0
0.504,0,0
0.45308,0,0
0.42958,0,0
0.43221,0,0
0.43487,0,0
0.43625,0,0
0.41836,0,0
0.3836,0,0
0.36197,0,0
0.34021,0,0
0.36143,0,0
0.44992,0,0
0.56824,0,0
0.68594,0,0
0.69032,0,0
0.57561,0,0
0.46159,0,0
0.37441,0,0
0.36601,0,0
0.41609,0,0
0.49911,0,0
0.58806,0,0
0.66021,0,0
0.70921,0,0
0.75853,0,0
0.81155,0,0
0.81997,0,0
0.77703,0,0
0.73929,0,0
0.69794,0,0
0.75535,0,0
0.9349,0,0
1.15351,0,0
1.37024,1,1
1.41379,1,1
1.27307,0,0
1.13442,0,0
0.99477,0,0
0.82526,0,0
0.65544,0,0
0.48875,0,0
0.39441,0,0
0.36565,0,0
0.40524,0,0
0.44546,0,0
0.48634,0,0
0.49645,0,0
0.48127,0,0
0.51917,0,0
0.59244,0,0
0.7027,0,0
0.8549,0,0
1.00008,0,0
1.12337,0,0
1.21029,0,0
1.26012,0,0
1.30139,1,1
1.33679,1,1
1.39087,1,1
1.44667,1,1
1.49511,1,1
1.52708,1,1
1.5614,1,1
1.60352,1,1
1.62591,1,1
1.62234,1,1
1.6293,1,1
1.65652,1,1
1.67759,1,1
1.70307,1,1
1.70154,1,1
1.68255,1,1
1.64742,1,1
1.60498,1,1
1.5507,1,1
1.49006,1,1
1.41506,1,1
1.33134,1,1
1.27903,0,0
1.24325,0,0
1.1792,0,0
1.07189,0,0
0.99356,0,0
0.93302,0,0
0.85824,0,0
0.78021,0,0
0.72308,0,0
0.67338,0,0
0.61113,0,0
0.53376,0,0
0.48838,0,0
0.48322,0,0
0.47682,0,0
0.47664,0,0
0.42909,0,0
0.35034,0,0
0.31957,0,0
0.28528,0,0
0.2481,0,0
0.21095,0,0
0.1843,0,0
0.15686,0,0
0.13971,0,0
0.13209,0,0
0.12443,0,0
0.1167,0,0
0.10483,0,0
0.0911,0,0
0.08084,0,0
0.07051,0,0
0.07741,0,0
0.10523,0,0
0.14436,0,0
0.18426,0,0
0.18669,0,0
0.15066,0,0
0.11278,0,0
0.0855,0,0
0.07601,0,0
0.08228,0,0
0.0883,0,0
0.09465,0,0
0.09838,0,0
0.09982,0,0
0.10129,0,0
0.10281,0,0
0.08453,0,0
0.04673,0,0
0.01768,0,0
0.00963,0,0
0.00661,0,0
0.00865,0,0
0.01074,0,0
0.01285,0,0
0.01938,0,0
0.06749,0,0
0.12079,0,0
0.20275,0,0
0.23913,0,0
0.233,0,0
0.2282,0,0
0.23688,0,0
0.26812,0,0
0.31663,0,0
0.38152,0,0
0.46681,0,0
0.54,0,0
0.59887,0,0
0.6501,0,0
0.69135,0,0
0.75737,1,1
0.83937,1,1
0.88736,1,1
0.89212,1,1
0.88185,1,1
0.87855,1,1
0.90135,1,1
0.94765,1,1
1.00532,1,1
1.06738,1,1
1.0903,1,1
1.07142,1,1
1.08176,1,1
1.12433,1,1
1.10913,1,1
1.031,1,1
0.96104,1,1
0.89215,1,1
0.81078,1,1
0.7155,0,0
0.62044,0,0
0.5253,0,0
0.51227,0,0
0.57905,0,0
0.61787,0,0
0.62869,0,0
0.60892,0,0
0.56063,0,0
0.52395,0,0
0.50239,0,0
0.50747,0,0
0.52695,0,0
0.51304,0,0
0.46883,0,0
0.43057,0,0
0.3822,0,0
0.32321,0,0
0.25136,0,0
0.16775,0,0
0.11617,0,0
0.08729,0,0
0.05793,0,0
0.03215,0,0
0.01024,0,0
0.00441,0,0
0.01311,0,0
0.04322,0,0
0.08549,0,0
0.13223,0,0
0.16937,0,0
0.20656,0,0
0.25364,0,0
0.29143,0,0
0.31524,0,0
0.34026,0,0
0.36449,0,0
0.43465,0,0
0.58291,0,0
0.73941,0,0
0.94836,1,1
1.11009,1,1
1.23716,1,1
1.38021,1,1
1.53537,1,1
1.5869,1,1
1.52826,1,1
1.47465,1,1
1.42062,1,1
1.33611,1,1
1.24395,1,1
1.15618,1,1
1.06262,1,1
0.91085,0,0
0.73534,0,0
0.57808,0,0
0.4476,0,0
0.34035,0,0
0.23065,0,0
0.13816,0,0
0.07216,0,0
0.04207,0,0
0.04193,0,0
0.04194,0,0
0.0418,0,0
0.07079,0,0
0.13035,0,0
0.19037,0,0
0.25172,0,0
0.30035,0,0
0.3484,0,0
0.34566,0,0
0.294,0,0
0.26086,0,0
0.24371,0,0
0.30133,0,0
0.41529,0,0
0.51119,0,0
0.59821,0,0
0.6953,0,0
0.79738,0,0
0.96242,0,0
1.19251,1,1
1.29456,1,1
1.26222,1,1
1.23664,1,1
1.22978,1,1
1.24405,1,1
1.28104,1,1
1.32998,1,1
1.38367,1,1
1.34144,1,1
1.19891,1,1
1.07689,1,1
0.98212,1,1
0.95198,0,0
0.97992,0,0
1.00858,1,1
1.03623,1,1
1.02223,1,1
0.96028,0,0
0.91609,0,0
0.89181,0,0
0.82389,0,0
0.71518,0,0
0.61191,0,0
0.51104,0,0
0.46294,0,0
0.45735,0,0
0.44943,0,0
0.43834,0,0
0.37716,0,0
0.28403,0,0
0.21111,0,0
0.14834,0,0
0.11101,0,0
0.09868,0,0
0.08041,0,0
0.0556,0,0
0.03209,0,0
0.0102,0,0
0.0,0,0
0.0,0,0
0.0,0,0
0.0026,0,0
0.01039,0,0
0.04273,0,0
0.10024,0,0
0.18819,0,0
0.2188,0,0
0.19005,0,0
0.16111,0,0
0.13197,0,0
0.09168,0,0
0.0538,0,0
0.01688,0,0
0.00882,0,0
0.0069,0,0
0.01128,0,0
0.01593,0,0
0.02748,0,0
0.0202,0,0
0.01177,0,0
0.00403,0,0
0.0,0,0
0.0,0,0
0.0,0,0
0.00381,0,0
0.00855,0,0
0.0158,0,0
0.04444,0,0
0.09096,0,0
0.14827,0,0
0.18008,0,0
0.16972,0,0
0.15935,0,0
0.14897,0,0
0.16788,0,0
0.21501,0,0
0.26217,0,0
0.32213,0,0
0.35906,1,1
0.36908,1,1
0.37937,1,1
0.39119,1,1
0.37952,1,1
0.34791,1,1
0.33349,1,1
0.33343,0,1
0.39801,1,1
0.52459,1,1
0.71872,1,1
0.9181,1,1
0.9275,1,1
0.72509,1,1
0.57223,1,1
0.47263,1,1
0.40699,1,1
0.33867,1,1
0.2862,0,0
0.23778,0,0
0.22647,0,0
0.23456,0,0
0.22692,0,0
0.2032,0,0
0.18806,0,0
0.17645,0,0
0.1923,0,0
0.23241,0,0
0.28236,0,0
0.34228,1,1
0.37931,1,1
0.4028,1,1
0.43008,1,1
0.45902,1,1
0.42941,1,1
0.34026,1,1
0.238,0,0
0.13646,0,0
0.07714,0,0
0.06736,0,0
0.06137,0,0
0.04676,0,0
0.06458,0,0
0.10221,0,0
0.13037,0,0
0.14893,0,0
0.14979,0,0
0.13254,0,0
0.11728,0,0
0.10307,0,0
0.08631,0,0
0.06706,0,0
0.05018,0,0
0.04745,0,0
0.05578,0,0
0.06205,0,0
0.04485,0,0
0.01381,0,0
0.00471,0,0
0.0,0,0
0.0,0,0
0.0,0,0
0.0,0,0
0.0,0,0
0.0,0,0
0.0,0,0
0.0,0,0
0.0,0,0
0.0,0,0
0.0,0,0
0.00222,0,0
0.00884,0,0
0.01231,0,0
0.01251,0,0
0.01277,0,0
0.01304,0,0
0.00959,0,0
0.00244,0,0
0.0,0,0
0.0,0,0
0.0,0,0
0.0,0,0
0.0,0,0
0.0,0,0
0.0,0,0
0.0,0,0
0.0,0,0
0.0,0,0
0.0,0,0
0.0,0,0
0.0,0,0
0.0,0,0
0.0,0,0
0.0,0,0
0.0,0,0
0.0,0,0
0.01565,0,0
0.04878,0,0
0.08211,0,0
0.11518,0,0
0.1681,0,0
0.24558,0,0
0.30694,0,0
0.35495,0,0
0.46026,0,0
0.65739,0,0
0.79977,0,0
0.8234,0,0
0.85793,0,0
0.91865,0,0
0.94201,1,1
0.9208,1,1
0.85249,0,0
0.80648,0,0
0.8287,0,0
0.94056,1,1
1.11459,1,1
1.24126,1,1
1.31104,1,1
1.32498,1,1
1.36045,1,1
1.42107,1,1
1.43551,1,1
1.40876,1,1
1.41893,1,1
1.46494,1,1
1.41738,1,1
1.27889,1,1
1.15715,1,1
1.04756,1,1
1.00952,1,1
1.04216,1,1
1.04961,1,1
1.03386,1,1
1.00548,1,1
0.9625,1,1
0.92692,1,1
0.90807,0,0
0.82132,0,0
0.6848,0,0
0.54347,0,0
0.44607,0,0
0.38903,0,0
0.35279,0,0
0.31518,0,0
0.24451,0,0
0.16721,0,0
0.12055,0,0
0.09131,0,0
0.06122,0,0
0.03432,0,0
0.01089,0,0
0.0,0,0
0.0,0,0
0.0,0,0
0.0,0,0
0.0,0,0
0.0,0,0
0.0,0,0
0.0,0,0
0.0,0,0
0.0,0,0
0.0,0,0
0.0,0,0
0.0,0,0
0.0,0,0
0.0,0,0
0.0,0,0
0.0,0,0
0.0,0,0
0.0,0,0
0.0,0,0
0.0,0,0
0.0,0,0
0.0,0,0
0.0,0,0
0.00249,0,0
0.01271,0,0
0.03292,0,0
0.08254,0,0
0.10513,0,0
0.1,0,0
0.09434,0,0
0.0889,0,0
0.08086,0,0
0.07009,0,0
0.0594,0,0
0.04878,0,0
0.03997,0,0
0.03294,0,0
0.02597,0,0
0.02091,0,0
0.03836,0,0
0.07687,0,0
0.11536,0,0
0.15331,0,0
0.17456,0,0
0.18767,0,0
0.23375,0,0
0.31371,0,0
0.37238,0,0
0.40714,0,0
0.4028,0,0
0.3603,0,0
0.30949,0,0
0.25165,0,0
0.28675,0,0
0.41444,1,1
0.5451,1,1
0.6764,1,1
0.73983,1,1
0.7395,1,1
0.75837,1,1
0.7916,1,1
0.75853,1,1
0.66625,1,1
0.56789,1,1
0.47933,1,1
0.45532,1,1
0.48378,1,1
0.51157,1,1
0.53876,1,1
0.53298,1,1
0.49536,1,1
0.46198,1,1
0.43253,1,1
0.41246,1,1
0.40092,0,0
0.38106,0,0
0.35537,0,0
0.36799,0,0
0.44977,1,1
0.52487,1,1
0.58463,1,1
0.53318,1,1
0.39196,0,0
0.27427,0,0
0.17671,0,0
0.12371,0,0
0.11149,0,0
0.08379,0,0
0.04135,0,0
0.02565,0,0
0.03282,0,0
0.0376,0,0
0.03996,0,0
0.0306,0,0
0.00973,0,0
0.0,0,0
0.0,0,0
0.0,0,0
0.0,0,0
0.0,0,0
0.0,0,0
0.0,0,0
0.0,0,0
0.0,0,0
0.0,0,0
0.0,0,0
0.0,0,0
0.0,0,0
0.0,0,0
0.0,0,0
0.0,0,0
0.0,0,0
0.0,0,0
0.0,0,0
0.0,0,0
0.0,0,0
0.0,0,0
0.0,0,0
0.00349,0,0
0.00655,0,0
0.00863,0,0
0.01079,0,0
0.01295,0,0
0.01549,0,0
0.01842,0,0
0.02222,0,0
0.03601,0,0
0.03615,0,0
0.02256,0,0
0.01885,0,0
0.01603,0,0
0.01351,0,0
0.01134,0,0
0.00918,0,0
0.00701,0,0
0.01222,0,0
0.02585,0,0
0.03976,0,0
0.05372,0,0
0.06141,0,0
0.06285,0,0
0.07952,0,0
0.11188,0,0
0.11869,0,0
0.09999,0,0
0.15953,0,0
0.29789,0,0
0.47686,1,1
0.69888,1,1
0.74767,1,1
0.60098,1,1
0.46569,1,1
0.35391,0,0
0.3459,0,0
0.44072,0,0
0.53029,1,1
0.59713,1,1
0.63868,1,1
0.65146,1,1
0.67197,1,1
0.69959,1,1
0.72575,1,1
0.75265,1,1
0.80856,1,1
0.89674,1,1
0.86447,1,1
0.71397,1,1
0.561,1,1
0.40423,0,0
0.39454,0,0
0.52987,1,1
0.66693,1,1
0.8059,1,1
0.78539,1,1
0.61533,1,1
0.45801,1,1
0.34505,0,0
0.29268,0,0
0.27689,0,0
0.24734,0,0
0.21931,0,0
0.22669,0,0
0.26083,0,0
0.26653,0,0
0.24449,0,0
0.19523,0,0
0.1288,0,0
0.08048,0,0
0.0368,0,0
0.01286,0,0
0.00719,0,0
0.0015,0,0
0.0,0,0
0.0,0,0
0.0,0,0
0.0,0,0
0.0,0,0
0.0,0,0
0.0,0,0
0.0,0,0
0.0,0,0
0.0,0,0
0.0,0,0
0.0,0,0
0.0,0,0
0.0,0,0
0.0,0,0
0.0,0,0
0.0,0,0
0.0,0,0
0.0,0,0
0.0,0,0
0.0,0,0
0.0,0,0
0.0,0,0
0.0,0,0
0.0,0,0
0.0,0,0
0.0,0,0
0.0,0,0
0.0,0,0
0.0,0,0
0.0,0,0
0.00192,0,0
0.00549,0,0
0.00909,0,0
0.01278,0,0
0.01604,0,0
0.01895,0,0
0.0227,0,0
0.03653,0,0
0.03997,0,0
0.05439,0,0
0.0742,0,0
0.09411,0,0
0.11283,0,0
0.12977,0,0
0.18604,0,0
0.28025,0,0
0.38041,0,0
0.49418,0,0
0.59396,0,0
0.67678,0,0
0.71064,1,0
0.67995,0,0
0.70171,0,0
0.78834,1,1
0.89322,1,1
1.00667,1,1
1.03309,1,1
0.95801,1,1
0.88973,1,1
0.82394,1,1
0.81199,1,1
0.85223,1,1
0.87892,1,1
0.89402,1,1
0.91107,1,1
0.9322,1,1
0.97709,1,1
1.03954,1,1
1.02319,1,1
0.93306,1,1
0.86921,1,1
0.83988,1,1
0.82476,1,1
0.81794,1,1
0.78378,1,1
0.7197,1,1
0.67915,0,0
0.65427,0,0
0.62989,0,0
0.60589,0,0
0.567,0,0
0.51406,0,0
0.46911,0,0
0.43141,0,0
0.39813,0,0
0.36139,0,0
0.30712,0,0
0.24544,0,0
0.19253,0,0
0.15031,0,0
0.11279,0,0
0.07737,0,0
0.04522,0,0
0.01442,0,0
0.0,0,0
0.0,0,0
0.0,0,0
0.0,0,0
0.0,0,0
0.0,0,0
0.0,0,0
0.00183,0,0
0.00673,0,0
0.01079,0,0
0.01488,0,0
0.02515,0,0
0.04205,0,0
0.05638,0,0
0.07089,0,0
0.08561,0,0
0.07641,0,0
0.04275,0,0
0.01639,0,0
0.00907,0,0
0.0053,0,0
0.00532,0,0
0.00534,0,0
0.00536,0,0
0.00309,0,0
0.0,0,0
0.0,0,0
0.0,0,0
0.0,0,0
0.0,0,0
0.0,0,0
0.0,0,0
0.0,0,0
0.0,0,0
0.0,0,0
0.00371,0,0
0.00656,0,0
0.00799,0,0
0.00941,0,0
0.01084,0,0
0.02628,0,0
0.05951,0,0
0.10043,0,0
0.14128,0,0
0.17924,0,0
0.2225,0,0
0.31447,0,0
0.42263,0,0
0.49641,0,0
0.53313,0,0
0.58476,0,0
0.68388,1,1
0.79727,1,1
0.91165,1,1
0.96071,1,1
0.92361,1,1
0.90091,1,1
0.88849,1,1
0.8913,1,1
0.91484,1,1
0.94318,1,1
0.97433,1,1
0.96565,1,1
0.90735,1,1
0.84668,1,1
0.78262,1,1
0.75367,1,1
0.75877,1,1
0.76284,1,1
0.77418,1,1
0.78208,1,1
0.78846,1,1
0.80328,1,1
0.82608,1,1
0.76776,1,1
0.62108,0,0
0.46312,0,0
0.33482,0,0
0.30661,0,0
0.36901,0,0
0.41529,0,0
0.44579,0,0
0.44756,0,0
0.44852,0,0
0.47511,0,0
0.49464,0,0
0.4547,0,0
0.37254,0,0
0.3114,0,0
0.26683,0,0
0.24648,0,0
0.23302,0,0
0.2041,0,0
0.14386,0,0
0.10231,0,0
0.07636,0,0
0.05089,0,0
0.02505,0,0
0.0128,0,0
0.00733,0,0
0.00207,0,0
0.0,0,0
0.0,0,0
0.0,0,0
0.0,0,0
0.0,0,0
0.00126,0,0
0.00818,0,0
0.01282,0,0
0.01523,0,0
0.01829,0,0
0.02952,0,0
0.03273,0,0
0.0276,0,0
0.02228,0,0
0.01837,0,0
0.01792,0,0
0.01799,0,0
0.01799,0,0
0.01806,0,0
0.01819,0,0
0.01844,0,0
0.0187,0,0
0.01897,0,0
0.01979,0,0
0.02467,0,0
0.03141,0,0
0.03826,0,0
0.03343,0,0
0.02004,0,0
0.01655,0,0
0.01311,0,0
0.01417,0,0
0.01978,0,0
0.04208,0,0
0.06886,0,0
0.09899,0,0
0.13598,0,0
0.13125,0,0
0.0852,0,0
0.0703,0,0
0.23619,0,0
0.28276,0,0
0.33809,0,0
0.42617,0,0
0.55567,0,0
0.6458,0,0
0.69278,0,0
0.74394,0,0
0.81831,0,0
0.85381,0,0
0.84364,0,0
0.87295,0,0
0.98027,0,0
1.20658,0,0
1.54767,1,1
1.68077,1,1
1.60439,1,1
1.51393,1,1
1.38943,1,1
1.28529,0,0
1.22406,0,0
1.22095,0,0
1.27457,0,0
1.37764,1,1
1.50409,1,1
1.48351,1,1
1.33015,0,0
1.23437,0,0
1.18994,0,0
1.13431,0,0
1.07506,0,0
1.03107,0,0
1.00629,0,0
1.0014,0,0
0.99849,0,0
1.02559,0,0
1.1012,0,0
1.22629,0,0
1.38208,1,1
1.44391,1,1
1.3639,0,0
1.22533,0,0
1.05414,0,0
0.96255,0,0
0.93521,0,0
0.94379,0,0
0.98789,0,0
1.06442,0,0
1.19135,0,0
1.3211,0,0
1.44689,1,1
1.56284,1,1
1.66968,1,1
1.77845,1,1
1.88919,1,1
1.9272,1,1
1.90203,1,1
1.87126,1,1
1.84579,1,1
1.80425,1,1
1.74646,1,1
1.69321,1,1
1.63925,1,1
1.49564,1,1
1.26634,0,0
1.04819,0,0
0.85354,0,0
0.71223,0,0
0.64826,0,0
0.58218,0,0
0.51555,0,0
0.47983,0,0
0.48172,0,0
0.48205,0,0
0.48238,0,0
0.60558,0,0
0.88535,0,0
1.24173,1,1
1.66617,1,1
1.66441,1,1
1.22843,1,1
0.84712,0,0
0.56569,0,0
0.4535,0,0
0.4692,0,0
0.49404,0,0
0.52124,0,0
0.53415,0,0
0.53261,0,0
0.53297,0,0
0.53334,0,0
0.50818,0,0
0.4866,0,0
0.47523,0,0
0.46461,0,0
0.48396,0,0
0.55179,0,0
0.63094,0,0
0.69169,0,0
0.73845,0,0
0.78485,0,0
0.81836,0,0
0.85198,0,0
0.9131,0,0
0.98398,0,0
1.04525,0,0
1.10581,0,0
1.21849,1,1
1.36704,1,1
1.48991,1,1
1.58345,1,1
1.69885,1,1
1.87267,1,1
2.00713,1,1
2.09369,1,1
2.19686,1,1
2.2869,1,1
2.358,1,1
2.41681,1,1
2.34619,1,1
2.14988,1,1
1.98693,1,1
1.84977,1,1
1.66153,1,1
1.47521,1,1
1.31159,1,1
1.18825,1,1
1.09201,0,0
1.01582,0,0
0.98785,0,0
0.99724,0,0
1.00651,0,0
1.01712,0,0
0.91997,0,0
0.75917,0,0
0.63499,0,0
0.54309,0,0
0.47117,0,0
0.40358,0,0
0.35968,0,0
0.36524,0,0
0.37995,0,0
0.42311,0,0
0.41099,0,0
0.34069,0,0
0.28224,0,0
0.23487,0,0
0.18898,0,0
0.14878,0,0
0.10758,0,0
0.07448,0,0
0.06871,0,0
0.08418,0,0
0.10436,0,0
0.12869,0,0
0.15486,0,0
0.18319,0,0
0.21173,0,0
0.25072,0,0
0.23578,0,0
0.17865,0,0
0.12679,0,0
0.082,0,0
0.07367,0,0
0.09164,0,0
0.11574,0,0
0.1446,0,0
0.19656,0,0
0.28044,0,0
0.38196,0,0
0.52853,0,0
0.64633,0,0
0.70148,0,0
0.75562,0,0
0.81703,0,0
0.76843,0,0
0.61925,0,0
0.46682,0,0
0.38232,0,0
0.4216,0,0
0.67665,0,0
1.02323,0,0
1.45475,0,0
1.69948,0,0
1.69424,0,0
1.68316,0,0
1.67804,0,0
1.71975,0,0
1.80254,0,0
1.88922,0,0
1.96621,0,0
1.96182,0,0
1.87654,0,0
1.79716,0,0
1.73354,0,0
1.65066,0,0
1.57729,0,0
1.51892,0,0
1.4911,0,0
1.60964,0,0
1.87308,0,0
2.0535,0,0
2.13644,0,0
2.25754,0,0
2.40247,0,0
2.59021,0,0
2.82751,0,0
3.00125,0,0
3.12355,0,0
3.24385,1,1
3.37764,1,1
3.57717,1,1
3.84357,1,1
4.07136,1,1
4.22697,1,1
4.38306,1,1
4.50583,1,1
4.55845,1,1
4.53133,1,1
4.45538,1,1
4.29155,1,1
4.06952,1,1
3.7675,1,1
3.61715,1,1
3.63069,1,1
3.59462,1,1
3.5283,1,1
3.51269,1,1
3.55856,1,1
3.55487,1,1
3.53389,1,1
3.4331,1,1
3.22797,1,1
2.99096,0,0
2.73661,0,0
2.52067,0,0
2.34362,0,0
2.18084,0,0
2.01098,0,0
2.01045,0,0
2.16615,0,0
2.3337,0,0
2.49901,0,0
2.64813,0,0
2.76268,0,0
2.85887,0,0
2.94852,0,0
2.9657,0,0
2.90101,0,0
2.83592,0,0
2.74998,0,0
2.65707,0,0
2.58501,0,0
2.51166,0,0
2.42655,0,0
2.3612,0,0
2.32381,0,0
2.27899,0,0
2.2336,0,0
2.26782,0,0
2.38632,0,0
2.50293,0,0
2.63334,0,0
2.62758,1,1
2.47902,1,1
2.31397,0,0
2.14468,0,0
2.15931,0,0
2.36967,0,0
2.57382,1,1
2.7752,1,1
2.8563,1,1
2.83359,1,1
2.80038,1,1
2.77663,1,1
2.7326,1,1
2.67865,1,1
2.61524,1,1
2.55873,1,1
2.57961,1,1
2.66881,1,1
2.75677,1,1
2.84352,1,1
2.72429,1,1
2.37611,1,1
2.02541,0,0
1.66679,0,0
1.46306,0,0
1.44992,0,0
1.49131,0,0
1.57865,0,0
1.65251,0,0
1.6128,0,0
1.64045,0,0
1.81169,0,0
1.91077,0,0
1.92611,0,0
1.88521,0,0
1.79344,0,0
1.70531,0,0
1.61507,0,0
1.57877,0,0
1.62134,0,0
1.68527,0,0
1.74633,0,0
1.77735,0,0
1.78533,0,0
1.83124,0,0
1.92045,0,0
1.98802,0,0
2.01595,0,0
2.11082,0,0
2.319,0,0
2.51284,1,1
2.72033,1,1
2.78193,1,1
2.70269,1,1
2.57983,1,1
2.40325,1,1
2.19754,0,0
1.99062,0,0
1.79979,0,0
1.60577,0,0
1.46271,0,0
1.37209,0,0
1.32448,0,0
1.3092,0,0
1.33909,0,0
1.42405,0,0
1.47755,0,0
1.50078,0,0
1.43867,0,0
1.26965,0,0
1.11457,0,0
0.97771,0,0
0.78985,0,0
0.59303,0,0
0.41979,0,0
0.311,0,0
0.23265,0,0
0.1801,0,0
0.1335,0,0
0.08837,0,0
0.0799,0,0
0.09305,0,0
0.11306,0,0
0.13359,0,0
0.14455,0,0
0.14586,0,0
0.14676,0,0
0.14811,0,0
0.14903,0,0
0.14951,0,0
0.14999,0,0
0.15048,0,0
0.16787,0,0
0.20236,0,0
0.23924,0,0
0.28997,0,0
0.33031,0,0
0.35725,0,0
0.38438,0,0
0.41169,0,0
0.44401,0,0
0.50378,0,0
0.56959,0,0
0.63682,0,0
0.74605,0,0
0.92011,0,0
1.1353,0,0
1.34875,1,1
1.47634,1,1
1.48177,1,1
1.48724,1,1
1.48724,1,1
1.32461,1,1
1.02771,0,0
0.76504,0,0
0.55084,0,0
0.49341,0,0
0.5799,0,0
0.67038,0,0
0.75939,0,0
0.85716,0,0
0.98486,0,0
1.10404,0,0
1.14387,0,0
1.1914,1,1
1.28277,1,1
1.34124,1,1
1.38316,1,1
1.28205,1,1
1.08088,0,0
0.98011,0,0
0.95837,0,0
1.07326,0,0
1.30973,1,1
1.38621,1,1
1.30304,1,1
1.1495,0,0
0.95165,0,0
0.87013,0,0
0.88494,0,0
0.98305,0,0
1.15411,1,1
1.24801,1,1
1.28782,1,1
1.1855,1,1
0.94403,0,0
0.83865,0,0
0.85382,0,0
0.87519,0,0
0.9003,0,0
0.95533,0,0
1.02947,0,0
1.1619,1,1
1.34904,1,1
1.34633,1,1
1.18269,1,1
1.06302,0,0
1.03035,0,0
1.05255,0,0
1.1174,0,0
1.09653,0,0
0.99038,0,0
0.86266,0,0
0.71474,0,0
0.61037,0,0
0.51992,0,0
0.44263,0,0
0.37506,0,0
0.34442,0,0
0.34927,0,0
0.36389,0,0
0.39109,0,0
0.46799,0,0
0.56088,0,0
0.65495,0,0
0.77747,0,0
0.85834,0,0
0.89251,0,0
0.92431,0,0
0.95632,0,0
1.00302,0,0
1.0613,0,0
1.11964,0,0
1.18655,1,1
1.17311,1,1
1.08752,0,0
1.00638,0,0
0.92417,0,0
0.76358,0,0
0.58258,0,0
0.41354,0,0
0.31471,0,0
0.25509,0,0
0.23938,0,0
0.22617,0,0
0.21287,0,0
0.23342,0,0
0.30117,0,0
0.3775,0,0
0.45715,0,0
0.52327,0,0
0.52723,0,0
0.53124,0,0
0.53531,0,0
0.53748,0,0
0.53969,0,0
0.54192,0,0
0.54416,0,0
0.64254,0,0
0.83821,0,0
1.09392,0,0
1.36911,1,1
1.43824,1,1
1.3014,1,1
1.17442,0,0
1.04627,0,0
0.95476,0,0
0.8826,0,0
0.81537,0,0
0.80786,0,0
0.8695,0,0
0.97773,0,0
1.07561,0,0
1.15164,0,0
1.1915,1,1
1.21701,1,1
1.23628,1,1
1.2439,1,1
1.29853,1,1
1.36784,1,1
1.40001,1,1
1.39085,1,1
1.38215,1,1
1.37563,1,1
1.36198,1,1
1.34198,1,1
1.30607,1,1
1.26763,1,1
1.24728,1,1
1.24693,1,1
1.2604,1,1
1.2945,1,1
1.26457,1,1
1.19208,1,1
1.11947,0,0
1.04158,0,0
1.04523,0,0
1.12441,0,0
1.18287,0,0
1.21453,1,0
1.14189,0,0
0.979,0,0
0.84068,0,0
0.75194,0,0
0.6669,0,0
0.5818,0,0
0.50709,0,0
0.44247,0,0
0.38478,0,0
0.32586,0,0
0.26938,0,0
0.21348,0,0
0.16596,0,0
0.13031,0,0
0.09318,0,0
0.05146,0,0
0.02292,0,0
0.00765,0,0
0.00487,0,0
0.01025,0,0
0.01568,0,0
0.04028,0,0
0.05356,0,0
0.05375,0,0
0.05395,0,0
0.05398,0,0
0.03837,0,0
0.01456,0,0
0.00792,0,0
0.00123,0,0
0.00068,0,0
0.00635,0,0
0.01211,0,0
0.02078,0,0
0.03227,0,0
0.02722,0,0
0.02197,0,0
0.01818,0,0
0.01523,0,0
0.01024,0,0
0.0052,0,0
0.00013,0,0
0.0,0,0
0.0,0,0
0.0,0,0
0.0,0,0
0.0,0,0
0.0,0,0
0.0,0,0
0.0,0,0
0.0,0,0
0.0,0,0
0.0,0,0
0.0,0,0
0.0,0,0
0.0,0,0
0.0,0,0
0.0,0,0
0.02121,0,0
0.06623,0,0
0.11135,0,0
0.15603,0,0
0.20597,0,0
0.24793,0,0
0.29184,0,0
0.3718,0,0
0.46832,0,0
0.57456,0,0
0.67183,0,0
0.73251,0,0
0.77823,0,0
0.80148,0,0
0.85849,0,0
0.96933,1,1
1.11278,1,1
1.26696,1,1
1.33899,1,1
1.30994,1,1
1.29575,1,1
1.30328,1,1
1.29312,1,1
1.27251,1,1
1.25326,1,1
1.23793,1,1
1.21029,1,1
1.17025,1,1
1.13029,1,1
1.09335,1,1
1.08104,1,1
1.09438,1,1
1.11793,1,1
1.14776,1,1
1.1252,1,1
1.04758,1,1
0.98062,1,1
0.92766,1,1
0.87706,1,1
0.82974,0,0
0.78645,0,0
0.7523,0,0
0.68277,0,0
0.58233,0,0
0.49314,0,0
0.41557,0,0
0.35235,0,0
0.29633,0,0
0.23367,0,0
0.17393,0,0
0.13857,0,0
0.1222,0,0
0.10164,0,0
0.07902,0,0
0.05017,0,0
0.01603,0,0
0.0,0,0
0.0,0,0
0.0,0,0
0.0,0,0
0.0,0,0
0.0,0,0
0.0,0,0
0.0,0,0
0.0,0,0
0.0,0,0
0.0,0,0
0.0,0,0
0.0,0,0
0.00298,0,0
0.00643,0,0
0.00991,0,0
0.01237,0,0
0.01384,0,0
0.01538,0,0
0.01694,0,0
0.0198,0,0
0.03205,0,0
0.04432,0,0
0.05685,0,0
0.06648,0,0
0.07314,0,0
0.08018,0,0
0.08706,0,0
0.08798,0,0
0.08217,0,0
0.07629,0,0
0.07031,0,0
0.07056,0,0
0.0771,0,0
0.08363,0,0
0.09016,0,0
0.13308,0,0
0.24009,0,0
0.37516,0,0
0.55585,0,0
0.61262,0,0
0.49181,0,0
0.42489,0,0
0.36529,0,0
0.37612,0,0
0.4595,0,0
0.5335,0,0
0.60572,0,0
0.67204,0,0
0.71056,0,0
0.78198,0,0
0.88295,0,0
0.98181,0,0
1.0804,0,0
1.15724,0,0
1.19815,1,1
1.21093,1,1
1.18472,1,1
1.17409,1,1
1.20601,1,1
1.24461,1,1
1.27324,1,1
1.30747,1,1
1.35335,1,1
1.40358,1,1
1.45416,1,1
1.47088,1,1
1.44631,1,1
1.42964,1,1
1.41286,1,1
1.39547,1,1
1.37054,1,1
1.34975,1,1
1.3306,1,1
1.32167,1,1
1.31667,1,1
1.30487,1,1
1.28576,1,1
1.22517,1,1
1.14287,0,0
1.05582,0,0
0.97808,0,0
0.88149,0,0
0.77676,0,0
0.69185,0,0
0.61905,0,0
0.51365,0,0
0.38841,0,0
0.29812,0,0
0.23998,0,0
0.18598,0,0
0.13098,0,0
0.0914,0,0
0.05877,0,0
0.03335,0,0
0.01493,0,0
0.00747,0,0
0.00966,0,0
0.01185,0,0
0.01408,0,0
0.01525,0,0
0.01534,0,0
0.01544,0,0
0.01549,0,0
0.02657,0,0
0.05561,0,0
0.08492,0,0
0.12469,0,0
0.15259,0,0
0.16197,0,0
0.17148,0,0
0.18112,0,0
0.17914,0,0
0.1661,0,0
0.15188,0,0
0.13697,0,0
0.11815,0,0
0.10018,0,0
0.08562,0,0
0.07062,0,0
0.05416,0,0
0.03605,0,0
0.01927,0,0
0.01548,0,0
0.01727,0,0
0.04221,0,0
0.07829,0,0
0.11448,0,0
0.11205,0,0
0.06931,0,0
0.02656,0,0
0.01295,0,0
0.01122,0,0
0.01676,0,0
0.02844,0,0
0.05497,0,0
0.10049,0,0
0.17002,0,0
0.25709,0,0
0.34333,0,0
0.35722,0,0
0.30032,0,0
0.28638,0,0
0.30386,0,0
0.38316,0,0
0.50868,0,0
0.60992,0,0
0.66699,0,0
0.75302,0,0
0.84977,0,0
0.87801,0,0
0.83327,0,0
0.81596,0,0
0.83047,0,0
0.95054,0,0
1.15847,0,0
1.2787,0,0
1.3055,0,0
1.32838,0,0
1.43867,0,0
1.66342,0,0
1.90368,0,0
1.93546,0,0
1.77272,0,0
1.66929,0,0
1.62925,0,0
1.64494,0,0
1.72321,0,0
1.79083,0,0
1.82844,0,0
1.76552,0,0
1.5978,0,0
1.53043,0,0
1.56918,0,0
1.76817,0,0
2.1369,0,0
2.57561,0,0
3.06312,1,1
3.34079,1,1
3.43323,1,1
3.398,1,1
3.2862,1,1
3.12595,1,1
2.94465,1,1
3.00328,1,1
3.20696,1,1
3.33287,1,1
3.39215,1,1
3.33594,1,1
3.14832,1,1
2.85906,1,1
2.42076,0,0
2.17553,0,0
2.14512,0,0
2.11434,0,0
2.08096,0,0
2.09369,0,0
2.14698,0,0
2.19837,0,0
2.25009,0,0
2.42947,0,0
2.73173,1,1
3.02875,1,1
3.24142,1,1
3.27668,1,1
3.11593,1,1
2.89392,1,1
2.66135,1,1
2.59317,0,1
2.72198,1,1
2.84408,1,1
2.97891,1,1
2.93875,1,1
2.70915,1,1
2.47386,1,1
2.20821,1,1
2.05156,1,1
2.01026,1,1
1.96752,1,1
1.91309,1,1
1.89145,1,1
1.89798,1,1
1.90455,1,1
1.91118,1,1
1.96057,1,1
2.04462,1,1
2.12528,1,1
2.19786,1,1
2.05629,1,1
1.66929,1,1
1.29366,0,0
0.97684,0,0
0.79626,0,0
0.74148,0,0
0.68957,0,0
0.64213,0,0
0.58526,0,0
0.57789,0,0
0.60841,0,0
0.65221,0,0
0.68972,0,0
0.74109,0,0
0.80784,0,0
0.84933,0,0
0.92637,0,0
1.02032,0,0
1.1189,0,0
1.22212,0,0
1.32847,0,0
1.39977,0,0
1.44611,0,0
1.45388,0,0
1.46216,0,0
1.47221,0,0
1.48927,1,1
1.52438,1,1
1.51623,1,1
1.46466,0,0
1.4537,0,0
1.48146,0,0
1.50952,1,1
1.54559,1,1
1.53287,1,1
1.48135,0,0
1.4415,0,0
1.43101,0,0
1.36582,0,0
1.2522,0,0
1.15828,0,0
1.07254,0,0
1.01977,0,0
0.983,0,0
0.9395,0,0
0.90078,0,0
0.82956,0,0
0.74056,0,0
0.6727,0,0
0.60124,0,0
0.50781,0,0
0.40248,0,0
0.30962,0,0
0.23485,0,0
0.17653,0,0
0.12501,0,0
0.05669,0,0
0.01372,0,0
0.01377,0,0
0.00993,0,0
0.00503,0,0
0.00245,0,0
0.0,0,0
0.0,0,0
0.0,0,0
0.0,0,0
0.0,0,0
0.0,0,0
0.0,0,0
0.0,0,0
0.0,0,0
0.0,0,0
0.0,0,0
0.0,0,0
0.0,0,0
0.0,0,0
0.0,0,0
0.0,0,0
0.0,0,0
0.0,0,0
0.0,0,0
0.0,0,0
0.0,0,0
0.0,0,0
0.0,0,0
0.0,0,0
0.0,0,0
0.0,0,0
0.0,0,0
0.0,0,0
0.0,0,0
0.0,0,0
0.0,0,0
0.0,0,0
0.0,0,0
0.0,0,0
0.0,0,0
0.0,0,0
0.0,0,0
0.0,0,0
0.01511,0,0
0.04703,0,0
0.07899,0,0
0.11056,0,0
0.15339,0,0
0.207,0,0
0.27015,0,0
0.34244,0,0
0.42043,0,0
0.50571,0,0
0.5781,0,0
0.63238,0,0
0.69407,0,0
0.76072,0,0
0.80859,0,0
0.83677,0,0
0.86519,1,1
0.88714,1,1
0.92479,1,1
0.98429,1,1
1.04236,1,1
1.10962,1,1
1.15313,1,1
1.17311,1,1
1.2257,1,1
1.30735,1,1
1.33778,1,1
1.32115,1,1
1.26747,1,1
1.1814,1,1
1.13666,1,1
1.13025,1,1
1.14919,1,1
1.19351,1,1
1.16701,1,1
1.0776,1,1
0.99625,1,1
0.91884,1,1
0.87491,1,1
0.85833,1,1
0.8373,0,0
0.8208,0,0
0.77262,0,0
0.72927,0,0
0.65467,0,0
0.55885,0,0
0.47921,0,0
0.39844,0,0
0.31248,0,0
0.22336,0,0
0.15356,0,0
0.11992,0,0
0.09706,0,0
0.07423,0,0
0.0465,0,0
0.01476,0,0
0.00236,0,0
0.01096,0,0
0.03662,0,0
0.07859,0,0
0.12337,0,0
0.15844,0,0
0.19427,0,0
0.23845,0,0
0.27999,0,0
0.31488,0,0
0.3504,0,0
0.39376,0,0
0.37627,0,0
0.31726,0,0
0.25827,0,0
0.20363,0,0
0.2026,0,0
0.25219,0,0
0.31207,0,0
0.37473,0,0
0.43595,0,0
0.52633,0,0
0.61673,0,0
0.70952,0,0
0.77814,0,0
0.83164,0,0
0.8889,0,0
0.94736,0,0
0.9326,0,0
0.83931,0,0
0.76505,0,0
0.69796,0,0
0.71272,0,0
0.81301,0,0
0.94666,0,0
1.08754,0,0
1.04481,0,0
0.82558,0,0
0.66581,0,0
0.50599,0,0
0.42894,0,0
0.39708,0,0
0.36669,0,0
0.34618,0,0
0.37725,0,0
0.44722,0,0
0.51908,0,0
0.6092,0,0
0.6805,0,0
0.73018,0,0
0.77078,0,0
0.82235,0,0
0.91752,0,0
1.05757,0,0
1.14834,0,0
1.18488,0,0
1.24994,0,0
1.36702,0,0
1.45885,1,1
1.52313,1,1
1.58144,1,1
1.59914,1,1
1.62873,1,1
1.68327,1,1
1.68284,1,1
1.62342,1,1
1.57701,1,1
1.55953,1,1
1.56464,1,1
1.59542,1,1
1.60589,1,1
1.58783,1,1
1.59676,1,1
1.62781,1,1
1.62763,1,1
1.59967,1,1
1.56858,1,1
1.52733,1,1
1.45997,1,1
1.37922,1,1
1.32704,0,0
1.31515,0,0
1.27959,0,0
1.22656,0,0
1.18257,0,0
1.16603,0,0
1.15925,0,0
1.1512,0,0
1.17121,0,0
1.22969,0,0
1.31192,0,0
1.41663,1,1
1.43233,1,1
1.33713,0,0
1.24196,0,0
1.14717,0,0
0.97929,0,0
0.76155,0,0
0.56874,0,0
0.41046,0,0
0.32134,0,0
0.27553,0,0
0.22913,0,0
0.18935,0,0
0.12483,0,0
0.0523,0,0
0.01077,0,0
0.0,0,0
0.0,0,0
0.0,0,0
0.0,0,0
0.0,0,0
0.0,0,0
0.00327,0,0
0.00865,0,0
0.01427,0,0
0.01482,0,0
0.00996,0,0
0.00506,0,0
0.00013,0,0
0.0,0,0
0.0,0,0
0.0,0,0
0.0,0,0
0.0,0,0
0.0,0,0
0.00113,0,0
0.0058,0,0
0.01088,0,0
0.01632,0,0
0.02769,0,0
0.05374,0,0
0.07512,0,0
0.0911,0,0
0.10737,0,0
0.12665,0,0
0.16297,0,0
0.21015,0,0
0.25771,0,0
0.30483,0,0
0.40428,0,0
0.55544,0,0
0.63884,0,0
0.63749,0,0
0.58333,0,0
0.4917,0,0
0.4797,0,0
0.53253,0,0
0.64172,0,0
0.8121,0,0
0.89454,1,1
0.87901,1,1
0.86917,1,1
0.8669,1,1
0.88546,1,1
0.93267,1,1
1.01107,1,1
1.12249,1,1
1.12378,1,1
1.01914,1,1
0.90363,1,1
0.79389,0,0
0.7184,0,0
0.68489,0,0
0.65466,0,0
0.64815,0,0
0.71269,0,0
0.84486,1,1
0.95481,1,1
1.01665,1,1
1.07398,1,1
1.12382,1,1
1.12613,1,1
1.07971,1,1
1.06188,1,1
1.06405,1,1
1.08138,1,1
1.09499,1,1
1.00805,1,1
0.84662,1,1
0.73637,0,0
0.66867,0,0
0.61314,0,0
0.55903,0,0
0.5107,0,0
0.45339,0,0
0.37826,0,0
0.32204,0,0
0.28184,0,0
0.23759,0,0
0.20384,0,0
0.1803,0,0
0.16874,0,0
0.16979,0,0
0.17036,0,0
0.17143,0,0
0.17202,0,0
0.17312,0,0
0.17373,0,0
0.17485,0,0
0.16139,0,0
0.1333,0,0
0.10549,0,0
0.08342,0,0
0.0785,0,0
0.08663,0,0
0.0951,0,0
0.108,0,0
0.12442,0,0
0.14487,0,0
0.16693,0,0
0.1897,0,0
0.19301,0,0
0.17452,0,0
0.15603,0,0
0.13798,0,0
0.12215,0,0
0.10944,0,0
0.10144,0,0
0.09327,0,0
0.09398,0,0
0.10451,0,0
0.11487,0,0
0.13061,0,0
0.14927,0,0
0.17015,0,0
0.19119,0,0
0.21241,0,0
0.17999,0,0
0.10186,0,0
0.04616,0,0
0.01424,0,0
0.03036,0,0
0.08842,0,0
0.17262,0,0
0.26391,0,0
0.30984,0,0
0.31488,0,0
0.38016,0,0
0.48507,0,0
0.5922,0,0
0.71375,0,0
0.8129,0,0
0.86434,0,0
0.86188,0,0
0.80973,0,0
0.7996,0,0
0.86494,0,0
0.90309,0,0
0.9089,1,1
0.95889,1,1
1.04959,1,1
1.17498,1,1
1.33222,1,1
1.37685,1,1
1.3079,1,1
1.24024,1,1
1.17291,1,1
1.12556,1,1
1.09289,1,1
1.06055,1,1
1.02641,1,1
1.00657,1,1
0.99909,1,1
0.99912,1,1
1.00598,1,1
0.99079,1,1
0.9655,1,1
0.95848,1,1
0.96133,1,1
0.98164,1,1
1.00533,1,1
0.96735,1,1
0.86602,0,0
0.77517,0,0
0.70087,0,0
0.64587,0,0
0.60296,0,0
0.50094,0,0
0.37031,0,0
0.2631,0,0
0.20152,0,0
0.1601,0,0
0.11425,0,0
0.04589,0,0
0.00011,0,0
0.0,0,0
0.0,0,0
0.0,0,0
0.0,0,0
0.0,0,0
0.0,0,0
0.0,0,0
0.0,0,0
0.0,0,0
0.0,0,0
0.0,0,0
0.00121,0,0
0.00342,0,0
0.00564,0,0
0.00678,0,0
0.0068,0,0
0.00685,0,0
0.00687,0,0
0.0081,0,0
0.01064,0,0
0.01328,0,0
0.01609,0,0
0.01631,0,0
0.01387,0,0
0.01141,0,0
0.00894,0,0
0.01406,0,0
0.05652,0,0
0.12276,0,0
0.22018,0,0
0.28918,0,0
0.31814,0,0
0.34878,0,0
0.3801,0,0
0.38152,0,0
0.35528,0,0
0.32764,0,0
0.3011,0,0
0.2368,0,0
0.14535,0,0
0.07655,0,0
0.01988,0,0
0.02485,0,0
0.04909,0,0
0.07541,0,0
0.10623,0,0
0.15214,0,0
0.21239,0,0
0.24615,0,0
0.25441,0,0
0.26029,0,0
0.26975,0,0
0.3001,0,0
0.35239,0,0
0.40468,0,0
0.45342,1,1
0.47713,1,1
0.47695,1,1
0.46905,1,1
0.45814,1,1
0.50018,1,1
0.65925,1,1
0.85187,1,1
1.0241,1,1
1.05952,1,1
0.95689,1,1
0.88927,1,1
0.85399,1,1
0.85086,1,1
0.87959,1,1
0.90611,1,1
0.92698,1,1
0.84631,1,1
0.65614,1,1
0.44408,1,1
0.31021,0,0
0.28861,0,0
0.41167,0,0
0.56943,1,1
0.76021,1,1
0.72935,1,1
0.4801,1,1
0.28557,0,0
0.1407,0,0
0.08302,0,0
0.10898,0,0
0.11757,0,0
0.10806,0,0
0.09658,0,0
0.08285,0,0
0.06722,0,0
0.05011,0,0
0.04369,0,0
0.05459,0,0
0.05981,0,0
0.05943,0,0
0.0519,0,0
0.03755,0,0
0.04463,0,0
0.07243,0,0
0.10653,0,0
0.1511,0,0
0.17995,0,0
0.19253,0,0
0.20519,0,0
0.21943,0,0
0.22842,0,0
0.22985,0,0
0.23061,0,0
0.23138,0,0
0.18786,0,0
0.10583,0,0
0.04956,0,0
0.0125,0,0
0.00753,0,0
0.00889,0,0
0.01029,0,0
0.01179,0,0
0.01133,0,0
0.00888,0,0
0.00638,0,0
0.00389,0,0
0.00455,0,0
0.00844,0,0
0.01244,0,0
0.01651,0,0
0.01565,0,0
0.00978,0,0
0.00381,0,0
0.0,0,0
0.0,0,0
0.0,0,0
0.0,0,0
0.0,0,0
0.0,0,0
0.0,0,0
0.0,0,0
0.00117,0,0
0.01392,0,0
0.03726,0,0
0.06087,0,0
0.08447,0,0
0.16054,0,0
0.30576,0,0
0.41406,0,0
0.50104,0,0
0.64149,0,0
0.84899,0,0
1.01561,0,0
1.11753,0,0
1.25782,1,1
1.46193,1,1
1.69557,1,1
1.91656,1,1
2.07085,1,1
2.11361,1,1
2.16397,1,1
2.21544,1,1
2.21564,1,1
2.17272,1,1
2.1203,1,1
2.06092,1,1
1.98126,1,1
1.88715,1,1
1.82563,1,1
1.74631,1,1
1.71803,1,1
1.73,1,1
1.71492,1,1
1.66421,1,1
1.57225,1,1
1.45919,1,1
1.36205,1,1
1.27274,1,1
1.21921,0,0
1.16623,0,0
1.11185,0,0
1.05472,0,0
1.0002,0,0
0.93464,0,0
0.85221,0,0
0.75236,0,0
0.65691,0,0
0.5669,0,0
0.47958,0,0
0.39145,0,0
0.31229,0,0
0.25265,0,0
0.20509,0,0
0.18538,0,0
0.17147,0,0
0.14053,0,0
0.10154,0,0
0.05451,0,0
0.03457,0,0
0.04004,0,0
0.04548,0,0
0.05115,0,0
0.04623,0,0
0.03047,0,0
0.01618,0,0
0.01286,0,0
0.01235,0,0
0.01463,0,0
0.01758,0,0
0.02838,0,0
0.03926,0,0
0.05038,0,0
0.06165,0,0
0.07308,0,0
0.07405,0,0
0.06396,0,0
0.0537,0,0
0.04301,0,0
0.0211,0,0
0.01241,0,0
0.0055,0,0
0.0,0,0
0.0,0,0
0.0,0,0
0.0,0,0
0.00182,0,0
0.00491,0,0
0.0091,0,0
0.01334,0,0
0.01772,0,0
0.01851,0,0
0.01563,0,0
0.01282,0,0
0.00997,0,0
0.01064,0,0
0.01474,0,0
0.01871,0,0
0.03121,0,0
0.04955,0,0
0.06802,0,0
0.08626,0,0
0.10454,0,0
0.17552,0,0
0.30244,0,0
0.42735,0,0
0.53728,0,0
0.65873,0,0
0.77922,0,0
0.90631,0,0
1.10301,0,0
1.26718,1,1
1.3942,1,1
1.59301,1,1
1.86156,1,1
2.11914,1,1
2.36557,1,1
2.4982,1,1
2.49438,1,1
2.51798,1,1
2.55926,1,1
2.65866,1,1
2.8385,1,1
2.88896,1,1
2.81261,1,1
2.54918,1,1
2.08134,1,1
1.61067,1,1
1.3027,1,1
1.1983,1,1
1.14611,1,1
1.14888,1,1
1.18683,1,1
1.17967,1,1
1.1227,1,1
1.05683,0,0
0.9889,0,0
0.89402,0,0
0.78429,0,0
0.71665,0,0
0.68649,0,0
0.64461,0,0
0.58522,0,0
0.50705,0,0
0.40939,0,0
0.36032,0,0
0.35656,0,0
0.37111,0,0
0.39916,0,0
0.394,0,0
0.37536,0,0
0.31499,0,0
0.2195,0,0
0.14682,0,0
0.09223,0,0
0.05346,0,0
0.01594,0,0
0.00794,0,0
0.0,0,0
0.0,0,0
0.00644,0,0
0.0136,0,0
0.03709,0,0
0.04926,0,0
0.03903,0,0
0.02859,0,0
0.01795,0,0
0.02082,0,0
0.03755,0,0
0.05434,0,0
0.07147,0,0
0.06654,0,0
0.03895,0,0
0.01669,0,0
0.01074,0,0
0.00614,0,0
0.003,0,0
0.0,0,0
0.0,0,0
0.0,0,0
0.0,0,0
0.0,0,0
0.0,0,0
0.0,0,0
0.0,0,0
0.0,0,0
0.0,0,0
0.0,0,0
0.0,0,0
0.0,0,0
0.0,0,0
0.0,0,0
0.0,0,0
0.0,0,0
0.0,0,0
0.01359,0,0
0.04208,0,0
0.07036,0,0
0.09803,0,0
0.10262,0,0
0.08427,0,0
0.12733,0,0
0.23227,0,0
0.34742,0,0
0.48514,0,0
0.6135,0,0
0.73145,0,0
0.78067,0,0
0.73093,0,0
0.74575,0,0
0.85474,0,0
0.93873,0,0
0.99385,1,1
1.05116,1,1
1.11061,1,1
1.19267,1,1
1.29345,1,1
1.31632,1,1
1.26388,1,1
1.22406,1,1
1.19949,1,1
1.17822,1,1
1.1657,1,1
1.1559,1,1
1.15203,1,1
1.13319,1,1
1.09876,1,1
1.05473,1,1
1.00164,1,1
1.01509,1,1
1.09554,1,1
1.17713,1,1
1.25652,1,1
1.22305,1,1
1.09356,1,1
0.96658,1,1
0.84542,0,0
0.79998,0,0
0.78761,0,0
0.74152,0,0
0.66612,0,0
0.5434,0,0
0.4174,0,0
0.31988,0,0
0.23919,0,0
0.16558,0,0
0.10868,0,0
0.07795,0,0
0.05689,0,0
0.03442,0,0
0.01093,0,0
0.0,0,0
0.0,0,0
0.0,0,0
0.0,0,0
0.0,0,0
0.0,0,0
0.0,0,0
0.0,0,0
0.0,0,0
0.0,0,0
0.0,0,0
0.0,0,0
0.0,0,0
0.0,0,0
0.0,0,0
0.0,0,0
0.0,0,0
0.0,0,0
0.00288,0,0
0.00604,0,0
0.00955,0,0
0.01341,0,0
0.01732,0,0
0.02928,0,0
0.0264,0,0
0.01573,0,0
0.01064,0,0
0.00545,0,0
0.00548,0,0
0.01091,0,0
0.01635,0,0
0.02784,0,0
0.02036,0,0
0.01149,0,0
0.00256,0,0
0.0,0,0
0.0,0,0
0.0,0,0
0.00119,0,0
0.00605,0,0
0.01919,0,0
0.04142,0,0
0.08263,0,0
0.12989,0,0
0.22795,0,0
0.40994,0,0
0.53432,0,0
0.54523,0,0
0.54052,0,0
0.54384,0,0
0.50246,0,0
0.41048,0,0
0.3158,0,0
0.28077,0,0
0.30501,0,0
0.47065,0,0
0.70453,0,0
0.87712,1,1
0.90519,1,1
0.78472,1,1
0.71678,0,0
0.70041,0,0
0.71371,0,0
0.76175,1,1
0.84072,1,1
0.95578,1,1
1.14966,1,1
1.38633,1,1
1.48222,1,1
1.40583,1,1
1.28238,1,1
1.09068,1,1
0.98416,1,1
0.96306,1,1
1.01822,1,1
1.15221,1,1
1.21219,1,1
1.19381,1,1
1.22393,1,1
1.28314,1,1
1.25501,1,1
1.19614,1,1
1.03964,1,1
0.80819,1,1
0.67961,0,0
0.63591,0,0
0.59823,0,0
0.57049,0,0
0.5324,0,0
0.47604,0,0
0.42145,0,0
0.36155,0,0
0.29177,0,0
0.21991,0,0
0.16419,0,0
0.12461,0,0
0.10593,0,0
0.10685,0,0
0.10779,0,0
0.10875,0,0
0.0995,0,0
0.08459,0,0
0.07204,0,0
0.05958,0,0
0.03646,0,0
0.0135,0,0
0.00642,0,0
0.0,0,0
0.0,0,0
0.0,0,0
0.0,0,0
0.0,0,0
0.0,0,0
0.0,0,0
0.00278,0,0
0.00582,0,0
0.0086,0,0
0.01103,0,0
0.0135,0,0
0.01599,0,0
0.0161,0,0
0.01378,0,0
0.01142,0,0
0.009,0,0
0.00524,0,0
0.00013,0,0
0.0,0,0
0.0,0,0
0.0,0,0
0.0,0,0
0.0,0,0
0.0,0,0
0.0,0,0
0.0,0,0
0.0,0,0
0.0,0,0
0.01603,0,0
0.05,0,0
0.08448,0,0
0.11848,0,0
0.16101,0,0
0.21479,0,0
0.2719,0,0
0.35066,0,0
0.45417,0,0
0.57674,0,0
0.67517,0,0
0.74588,0,0
0.82839,0,0
0.92334,0,0
0.99526,0,0
1.04162,1,1
1.0839,1,1
1.12755,1,1
1.16107,1,1
1.18352,1,1
1.20257,1,1
1.2146,1,1
1.23562,1,1
1.26701,1,1
1.29955,1,1
1.32954,1,1
1.33722,1,1
1.31652,1,1
1.31431,1,1
1.32336,1,1
1.30175,1,1
1.25056,1,1
1.20921,1,1
1.17268,1,1
1.1473,1,1
1.12622,1,1
1.10507,1,1
1.08579,1,1
1.04787,1,1
0.99244,0,0
0.92521,0,0
0.84538,0,0
0.76199,0,0
0.66663,0,0
0.58435,0,0
0.52098,0,0
0.43601,0,0
0.33308,0,0
0.25016,0,0
0.18974,0,0
0.15434,0,0
0.12511,0,0
0.08935,0,0
0.05155,0,0
0.02638,0,0
0.00837,0,0
0.0,0,0
0.0,0,0
0.0,0,0
0.0,0,0
0.0,0,0
0.0,0,0
0.0,0,0
0.0,0,0
0.0,0,0
0.0,0,0
0.0,0,0
0.0,0,0
0.0,0,0
0.0,0,0
0.0,0,0
0.0,0,0
0.0,0,0
0.0,0,0
0.0,0,0
0.0,0,0
0.0,0,0
0.0,0,0
0.0,0,0
0.0,0,0
0.0,0,0
0.0,0,0
0.0,0,0
0.0,0,0
0.0,0,0
0.00043,0,0
0.00722,0,0
0.01409,0,0
0.0196,0,0
0.03174,0,0
0.04389,0,0
0.05612,0,0
0.07576,0,0
0.1026,0,0
0.14084,0,0
0.18232,0,0
0.2228,0,0
0.26384,0,0
0.31468,0,0
0.365,1,1
0.37304,1,1
0.34256,0,0
0.30511,0,0
0.2622,0,0
0.2328,0,0
0.21766,0,0
0.19542,0,0
0.17233,0,0
0.14281,0,0
0.10775,0,0
0.12044,0,0
0.17781,0,0
0.24966,0,0
0.33675,0,0
0.35398,1,0
0.30741,0,0
0.2731,0,0
0.24855,0,0
0.23801,0,0
0.24003,0,0
0.22292,0,0
0.18668,0,0
0.2154,0,0
0.30754,0,0
0.40672,1,1
0.5169,1,1
0.59715,1,1
0.63898,1,1
0.69819,1,1
0.78885,1,1
0.832,1,1
0.82405,1,1
0.79213,1,1
0.73878,1,1
0.69634,1,1
0.66539,1,1
0.62943,1,1
0.6028,1,1
0.53853,1,1
0.43199,1,1
0.31522,0,0
0.25372,0,0
0.25376,0,0
0.26446,0,0
0.29007,0,0
0.31869,0,0
0.33531,0,0
0.3382,0,0
0.34566,1,1
0.37396,1,1
0.40764,1,1
0.44344,1,1
0.36594,1,1
0.24109,0,0
0.14719,0,0
0.07249,0,0
0.05712,0,0
0.07805,0,0
0.10811,0,0
0.14121,0,0
0.17104,0,0
0.1989,0,0
0.23449,0,0
0.27103,0,0
0.26749,0,0
0.22319,0,0
0.18387,0,0
0.15103,0,0
0.11914,0,0
0.08842,0,0
0.0675,0,0
0.04529,0,0
0.02849,0,0
0.01778,0,0
0.0149,0,0
0.01267,0,0
0.0096,0,0
0.00563,0,0
0.00159,0,0
0.0,0,0
0.0,0,0
0.0,0,0
0.00286,0,0
0.00597,0,0
0.00601,0,0
0.00292,0,0
0.0,0,0
0.0,0,0
0.0,0,0
0.0,0,0
0.0,0,0
0.0,0,0
0.01085,0,0
0.03408,0,0
0.05753,0,0
0.08112,0,0
0.13511,0,0
0.2292,0,0
0.29347,0,0
0.33696,0,0
0.42241,0,0
0.56301,0,0
0.68497,0,0
0.73551,0,0
0.76366,0,0
0.77717,0,0
0.80192,0,0
0.85689,1,1
0.91029,1,1
0.95944,1,1
0.99723,1,1
1.02696,1,1
1.06682,1,1
1.10443,1,1
1.12305,1,1
1.1223,1,1
1.12529,1,1
1.1298,1,1
1.10545,1,1
1.05042,1,1
0.97944,1,1
0.89287,1,1
0.87929,1,1
0.93387,1,1
0.99221,1,1
1.04629,1,1
1.04536,1,1
0.99131,1,1
0.96303,1,1
0.95469,1,1
0.89249,1,1
0.7859,0,0
0.70416,0,0
0.65058,0,0
0.56421,0,0
0.45272,0,0
0.33223,0,0
0.25723,0,0
0.22364,0,0
0.20793,0,0
0.19423,0,0
0.18026,0,0
0.14979,0,0
0.10746,0,0
0.04724,0,0
0.00775,0,0
0.00687,0,0
0.00599,0,0
0.00648,0,0
0.00839,0,0
0.01031,0,0
0.0123,0,0
0.02044,0,0
0.04082,0,0
0.06133,0,0
0.08176,0,0
0.1052,0,0
0.11977,0,0
0.13479,0,0
0.14997,0,0
0.1744,0,0
0.21416,0,0
0.26134,0,0
0.31018,0,0
0.3103,0,0
0.25987,0,0
0.20759,0,0
0.16825,0,0
0.14385,0,0
0.136,0,0
0.12809,0,0
0.12013,0,0
0.11034,0,0
0.09875,0,0
0.09142,0,0
0.08395,0,0
0.0721,0,0
0.05556,0,0
0.03892,0,0
0.02187,0,0
0.02629,0,0
0.05256,0,0
0.07901,0,0
0.10566,0,0
0.14666,0,0
0.1872,0,0
0.22826,0,0
0.27849,0,0
0.29468,0,0
0.27525,0,0
0.26831,0,0
0.26106,0,0
0.27141,0,0
0.29662,0,0
0.31984,0,0
0.35114,0,0
0.39261,0,0
0.43104,0,0
0.49487,0,0
0.60607,0,0
0.74065,0,0
0.8941,1,1
0.98357,1,1
0.9783,1,1
1.00795,1,1
1.08854,1,1
1.14778,1,1
1.1836,1,1
1.17834,1,1
1.13375,1,1
1.09572,1,1
1.07546,1,1
1.06997,1,1
1.0723,1,1
1.1153,1,1
1.19186,1,1
1.29051,1,1
1.41338,1,1
1.39951,1,1
1.24996,1,1
1.13657,1,1
1.05341,1,1
1.00165,1,1
0.97108,1,1
0.93294,1,1
0.89131,0,0
0.7811,0,0
0.60614,0,0
0.43036,0,0
0.25737,0,0
0.18357,0,0
0.19874,0,0
0.19307,0,0
0.1728,0,0
0.16335,0,0
0.16276,0,0
0.19112,0,0
0.23474,0,0
0.2137,0,0
0.15169,0,0
0.11465,0,0
0.0953,0,0
0.08697,0,0
0.09011,0,0
0.10366,0,0
0.11859,0,0
0.13375,0,0
0.14916,0,0
0.15357,0,0
0.14676,0,0
0.13991,0,0
0.13303,0,0
0.11336,0,0
0.08244,0,0
0.06163,0,0
0.04047,0,0
0.03474,0,0
0.0444,0,0
0.05426,0,0
0.06406,0,0
0.06234,0,0
0.04867,0,0
0.03434,0,0
0.01956,0,0
0.016,0,0
0.01997,0,0
0.0254,0,0
0.0309,0,0
0.03399,0,0
0.03452,0,0
0.03496,0,0
0.03553,0,0
0.02732,0,0
0.01643,0,0
0.01294,0,0
0.00934,0,0
0.00755,0,0
0.00755,0,0
0.00755,0,0
0.00755,0,0
0.00506,0,0
0.00013,0,0
0.0,0,0
0.0,0,0
0.00738,0,0
0.02304,0,0
0.0386,0,0
0.05402,0,0
0.09197,0,0
0.15415,0,0
0.21329,0,0
0.2695,0,0
0.34347,0,0
0.44275,0,0
0.51663,0,0
0.55726,0,0
0.61432,0,0
0.69323,1,1
0.72714,1,1
0.70448,1,1
0.66627,1,1
0.61107,0,1
0.63898,1,1
0.75523,1,1
0.86057,1,1
0.95214,1,1
1.01952,1,1
1.05871,1,1
1.12282,1,1
1.20881,1,1
1.23098,1,1
1.18854,1,1
1.18705,1,1
1.22852,1,1
1.15594,1,1
0.97386,1,1
0.75332,1,1
0.62904,0,1
0.63013,1,1
0.64395,1,1
0.67159,1,1
0.68585,1,1
0.66115,1,1
0.60007,0,0
0.54572,0,0
0.49903,0,0
0.4593,0,0
0.42256,0,0
0.37819,0,0
0.33171,0,0
0.2969,0,0
0.26797,0,0
0.2334,0,0
0.1932,0,0
0.14733,0,0
0.10813,0,0
0.07455,0,0
0.04009,0,0
0.0172,0,0
0.00543,0,0
0.0,0,0
0.0,0,0
0.0,0,0
0.0,0,0
0.0,0,0
0.0,0,0
0.0,0,0
0.0,0,0
0.0,0,0
0.0,0,0
0.0,0,0
0.0,0,0
0.0,0,0
0.0,0,0
0.0,0,0
0.0,0,0
0.0,0,0
0.0,0,0
0.0,0,0
0.0,0,0
0.0,0,0
0.0,0,0
0.0,0,0
0.0,0,0
0.0,0,0
0.0,0,0
0.0,0,0
0.0,0,0
0.0,0,0
0.0,0,0
0.0,0,0
0.0,0,0
0.0,0,0
0.0,0,0
0.0,0,0
0.0,0,0
0.0,0,0
0.0,0,0
0.0,0,0
0.00449,0,0
0.01479,0,0
0.03124,0,0
0.04787,0,0
0.06697,0,0
0.06114,0,0
0.03149,0,0
0.06025,0,0
0.15023,0,0
0.23888,0,0
0.33601,0,0
0.45644,0,0
0.58272,0,0
0.6869,0,0
0.74739,0,0
0.82682,0,0
0.93156,0,0
1.05512,0,0
1.18775,0,0
1.23671,0,0
1.18609,0,0
1.12718,0,0
1.06539,0,0
1.03417,0,0
1.04718,0,0
1.08525,0,0
1.14738,0,0
1.1862,0,0
1.19023,0,0
1.18804,0,0
1.17998,0,0
1.16922,0,0
1.15557,0,0
1.16308,0,0
1.20079,0,0
1.25641,0,0
1.31995,1,1
1.38712,1,1
1.42224,1,1
1.35729,1,1
1.20385,0,0
1.15456,0,0
1.22626,0,0
1.39153,1,1
1.6205,1,1
1.67389,1,1
1.55054,1,1
1.41187,1,1
1.25817,0,0
1.18362,0,0
1.17727,0,0
1.19269,0,0
1.22338,0,0
1.26341,0,0
1.30768,1,1
1.36517,1,1
1.43386,1,1
1.43358,1,1
1.36935,1,1
1.30417,1,1
1.23368,0,0
1.10896,0,0
0.92617,0,0
0.76528,0,0
0.61169,0,0
0.6617,0,0
0.92699,0,0
1.24798,0,0
1.56562,1,1
1.71852,1,1
1.70918,1,1
1.69964,1,1
1.68545,1,1
1.79145,1,1
2.00379,1,1
2.22449,1,1
2.44558,1,1
2.64101,1,1
2.80996,1,1
2.92486,1,1
3.04538,1,1
3.06387,1,1
2.98731,1,1
2.90561,1,1
2.77313,1,1
2.67896,1,1
2.62503,1,1
2.5695,1,1
2.51084,1,1
2.52712,1,1
2.61166,1,1
2.70277,1,1
2.79414,1,1
2.72112,1,1
2.48513,1,1
2.24808,1,1
2.00077,1,1
1.83188,1,1
1.76533,1,1
1.69944,1,1
1.63131,0,0
1.49183,0,0
1.29187,0,0
1.12428,0,0
0.96895,0,0
0.87824,0,0
0.85322,0,0
0.79513,0,0
0.71919,0,0
0.69432,0,0
0.73196,0,0
0.80304,0,0
0.96292,0,0
1.15064,0,0
1.30388,0,0
1.33283,0,0
1.23003,0,0
1.20726,0,0
1.30997,0,0
1.46059,0,0
1.68953,0,0
1.75147,1,0
1.6489,0,0
1.50976,0,0
1.34903,0,0
1.30889,0,0
1.38678,0,0
1.43403,0,0
1.43754,0,0
1.3281,0,0
1.11518,0,0
0.98753,0,0
0.94692,0,0
0.93049,0,0
0.93361,0,0
0.91585,0,0
0.877,0,0
0.78699,0,0
0.66946,0,0
0.56419,0,0
0.47396,0,0
0.42388,0,0
0.41733,0,0
0.37164,0,0
0.32762,0,0
0.31535,0,0
0.3305,0,0
0.33261,0,0
0.32312,0,0
0.30871,0,0
0.28696,0,0
0.27634,0,0
0.27647,0,0
0.26489,0,0
0.24172,0,0
0.21758,0,0
0.19354,0,0
0.15596,0,0
0.11135,0,0
0.06965,0,0
0.04072,0,0
0.03048,0,0
0.03904,0,0
0.04769,0,0
0.05644,0,0
0.05687,0,0
0.04869,0,0
0.04048,0,0
0.03202,0,0
0.04023,0,0
0.06591,0,0
0.09761,0,0
0.13985,0,0
0.17484,0,0
0.20285,0,0
0.23925,0,0
0.27664,0,0
0.27314,0,0
0.22928,0,0
0.1895,0,0
0.15661,0,0
0.13046,0,0
0.1121,0,0
0.09315,0,0
0.08099,0,0
0.07496,0,0
0.07522,0,0
0.07548,0,0
0.07574,0,0
0.06271,0,0
0.03602,0,0
0.01514,0,0
0.00955,0,0
0.01563,0,0
0.03461,0,0
0.05381,0,0
0.07319,0,0
0.10016,0,0
0.15578,0,0
0.22622,0,0
0.29425,0,0
0.37637,0,0
0.48157,0,0
0.57849,0,0
0.64995,0,0
0.7216,0,0
0.77569,0,0
0.8393,0,0
0.91022,0,0
0.97013,1,1
1.01114,1,1
1.04868,1,1
1.07796,1,1
1.1277,1,1
1.19839,1,1
1.24726,1,1
1.26445,1,1
1.28762,1,1
1.31316,1,1
1.335,1,1
1.34166,1,1
1.33914,1,1
1.32797,1,1
1.3096,1,1
1.28644,1,1
1.283,1,1
1.29417,1,1
1.31861,1,1
1.3377,1,1
1.29636,1,1
1.19426,1,1
1.10864,1,1
1.0267,1,1
0.95438,0,0
0.88936,0,0
0.78942,0,0
0.67307,0,0
0.60533,0,0
0.59848,0,0
0.60763,0,0
0.6749,0,0
0.64213,0,0
0.51034,0,0
0.3836,0,0
0.30183,0,0
0.26154,0,0
0.25263,0,0
0.24338,0,0
0.23407,0,0
0.2269,0,0
0.2209,0,0
0.21478,0,0
0.20808,0,0
0.19503,0,0
0.17472,0,0
0.15687,0,0
0.14192,0,0
0.13492,0,0
0.13594,0,0
0.13666,0,0
0.13738,0,0
0.12732,0,0
0.10615,0,0
0.08455,0,0
0.06731,0,0
0.0685,0,0
0.08916,0,0
0.11574,0,0
0.14398,0,0
0.17145,0,0
0.1989,0,0
0.23455,0,0
0.27043,0,0
0.32758,0,0
0.45389,0,0
0.59935,0,0
0.79024,0,0
0.92386,0,0
0.98315,0,0
1.04317,0,0
1.11192,0,0
1.05622,0,0
0.898,0,0
0.73777,0,0
0.60423,0,0
0.5463,0,0
0.54498,0,0
0.54526,0,0
0.54394,0,0
0.58968,0,0
0.67934,0,0
0.7939,0,0
0.91164,0,0
0.98397,0,0
1.03453,0,0
1.11588,0,0
1.23512,1,1
1.40018,1,1
1.55018,1,1
1.76214,1,1
2.05576,1,1
2.09169,1,1
1.85946,1,1
1.64663,1,1
1.45755,1,1
1.37712,1,1
1.39505,1,1
1.42492,1,1
1.47245,1,1
1.47261,1,1
1.43261,1,1
1.36544,1,1
1.27511,1,1
1.20976,1,1
1.1665,0,0
1.15125,0,0
1.16349,0,0
1.18449,0,0
1.21398,1,1
1.2181,1,1
1.1958,1,1
1.19525,1,1
1.20916,1,1
1.20567,1,1
1.18105,0,0
1.12719,0,0
1.04277,0,0
0.94179,0,0
0.83374,0,0
0.73915,0,0
0.66725,0,0
0.60018,0,0
0.53865,0,0
0.48187,0,0
0.43057,0,0
0.35846,0,0
0.28127,0,0
0.22498,0,0
0.18659,0,0
0.14334,0,0
0.09518,0,0
0.04765,0,0
0.03319,0,0
0.05007,0,0
0.06719,0,0
0.06579,0,0
0.04538,0,0
0.02482,0,0
0.0103,0,0
0.00774,0,0
0.00696,0,0
0.00618,0,0
0.0054,0,0
0.00358,0,0
0.0007,0,0
0.0,0,0
0.0,0,0
0.0,0,0
0.0,0,0
0.00073,0,0
0.00375,0,0
0.00579,0,0
0.00683,0,0
0.00792,0,0
0.00907,0,0
0.00802,0,0
0.00467,0,0
0.00131,0,0
0.0,0,0
0.0,0,0
0.0,0,0
0.0,0,0
0.0,0,0
0.0,0,0
0.0,0,0
0.0,0,0
0.0,0,0
0.00116,0,0
0.00746,0,0
0.01385,0,0
0.03688,0,0
0.04208,0,0
0.02178,0,0
0.01289,0,0
0.00861,0,0
0.0153,0,0
0.03393,0,0
0.05276,0,0
0.07175,0,0
0.109,0,0
0.16371,0,0
0.20969,0,0
0.26489,0,0
0.34539,0,0
0.44966,0,0
0.53166,0,0
0.57462,0,0
0.62273,0,0
0.67616,0,0
0.7296,0,0
0.78505,0,0
0.83996,1,1
0.89342,1,1
0.94094,1,1
0.98012,1,1
1.02825,1,1
1.08757,1,1
1.12437,1,1
1.13788,1,1
1.14489,1,1
1.15036,1,1
1.13891,1,1
1.09894,1,1
1.07262,1,1
1.0619,1,1
1.05282,1,1
1.0465,1,1
1.05304,1,1
1.06354,1,1
1.09323,1,1
1.12724,1,1
1.11916,1,1
1.05918,1,1
0.97752,1,1
0.87556,1,1
0.80598,0,0
0.75628,0,0
0.68107,0,0
0.59715,0,0
0.5168,0,0
0.44289,0,0
0.37333,0,0
0.30683,0,0
0.24488,0,0
0.18666,0,0
0.12863,0,0
0.08629,0,0
0.06261,0,0
0.05686,0,0
0.0612,0,0
0.06957,0,0
0.08923,0,0
0.11052,0,0
0.13201,0,0
0.15388,0,0
0.1505,0,0
0.12135,0,0
0.09172,0,0
0.06485,0,0
0.05158,0,0
0.04404,0,0
0.03642,0,0
0.02872,0,0
0.0249,0,0
0.02514,0,0
0.02538,0,0
0.02557,0,0
0.0157,0,0
0.00949,0,0
0.00517,0,0
0.00057,0,0
0.0,0,0
0.00252,0,0
0.00543,0,0
0.00835,0,0
0.01303,0,0
0.03783,0,0
0.06918,0,0
0.1092,0,0
0.165,0,0
0.23533,0,0
0.32025,0,0
0.44277,0,0
0.53619,0,0
0.56828,0,0
0.60076,0,0
0.63363,0,0
0.61131,0,0
0.53192,0,0
0.45422,0,0
0.37537,0,0
0.34733,0,0
0.34295,0,0
0.33827,0,0
0.33493,0,0
0.37714,0,0
0.46444,0,0
0.53615,0,0
0.62896,0,0
0.72634,0,0
0.80881,0,0
0.88168,0,0
0.91794,0,0
0.99093,0,0
1.09701,0,0
1.18487,0,0
1.22446,0,0
1.25106,0,0
1.26832,0,0
1.27889,0,0
1.28226,0,0
1.2976,0,0
1.32184,1,1
1.33442,1,1
1.32805,1,1
1.29558,0,0
1.23534,0,0
1.19753,0,0
1.18109,0,0
1.20436,0,0
1.25943,0,0
1.35455,1,1
1.5021,1,1
1.6079,1,1
1.66732,1,1
1.65649,1,1
1.57969,1,1
1.52751,1,1
1.50401,1,1
1.51045,1,1
1.54794,1,1
1.57934,1,1
1.59878,1,1
1.59659,1,1
1.5739,1,1
1.41397,1,1
1.11794,0,0
0.82537,0,0
0.5869,0,0
0.45474,0,0
0.40876,0,0
0.36557,0,0
0.31836,0,0
0.31282,0,0
0.38168,0,0
0.47379,0,0
0.60862,0,0
0.76005,0,0
0.94276,0,0
1.1334,0,0
1.32143,1,1
1.41702,1,1
1.42369,1,1
1.43041,1,1
1.4372,1,1
1.35,1,1
1.17162,0,0
0.98392,0,0
0.80078,0,0
0.7473,0,0
0.79613,0,0
0.84765,0,0
0.90668,0,0
0.98102,0,0
1.07486,0,0
1.17051,0,0
1.27387,0,0
1.16811,1,1
0.87217,1,1
0.60534,1,1
0.41176,0,0
0.307,0,0
0.26448,0,0
0.22101,0,0
0.18406,0,0
0.16056,0,0
0.14639,0,0
0.13235,0,0
0.11763,0,0
0.09608,0,0
0.07712,0,0
0.05918,0,0
0.04123,0,0
0.03717,0,0
0.04697,0,0
0.05644,0,0
0.0657,0,0
0.07115,0,0
0.074,0,0
0.07721,0,0
0.08055,0,0
0.08741,0,0
0.09797,0,0
0.13296,0,0
0.19235,0,0
0.24724,0,0
0.30008,0,0
0.35101,0,0
0.39539,0,0
0.4392,0,0
0.47943,0,0
0.53379,1,1
0.61095,1,1
0.70889,1,1
0.83398,1,1
0.86838,1,1
0.79898,1,1
0.74872,1,1
0.7197,1,1
0.67399,1,1
0.61802,1,1
0.54742,1,1
0.46208,0,0
0.44505,0,0
0.48821,1,1
0.52963,1,1
0.56953,1,1
0.56675,1,1
0.52401,1,1
0.4908,1,1
0.4664,0,0
0.4801,0,0
0.5433,1,1
0.5939,1,1
0.62981,1,1
0.59118,1,1
0.48521,0,0
0.38658,0,0
0.3076,0,0
0.29447,0,0
0.33799,0,0
0.35577,0,0
0.34558,0,0
0.31456,0,0
0.26724,0,0
0.24258,0,0
0.24581,0,0
0.23868,0,0
0.22717,0,0
0.1835,0,0
0.13836,0,0
0.1243,0,0
0.11016,0,0
0.1034,0,0
0.10385,0,0
0.10431,0,0
0.105,0,0
0.10547,0,0
0.10618,0,0
0.10667,0,0
0.1074,0,0
0.08839,0,0
0.05715,0,0
0.03189,0,0
0.01121,0,0
0.01089,0,0
0.02667,0,0
0.04958,0,0
0.07293,0,0
0.07611,0,0
0.0584,0,0
0.03989,0,0
0.02044,0,0
0.01137,0,0
0.00711,0,0
0.00278,0,0
0.0,0,0
0.0,0,0
0.0,0,0
0.0,0,0
0.0014,0,0
0.0,0,0
0.0,0,0
0.0,0,0
0.0,0,0
0.0,0,0
0.0,0,0
0.0,0,0
0.0,0,0
0.0,0,0
0.0,0,0
0.0,0,0
0.0,0,0
0.00636,0,0
0.02333,0,0
0.03907,0,0
0.05448,0,0
0.09145,0,0
0.16081,0,0
0.2063,0,0
0.20059,0,0
0.18969,0,0
0.19568,0,0
0.22449,0,0
0.27374,0,0
0.33119,0,0
0.39538,1,1
0.39991,1,1
0.3442,1,1
0.27792,0,0
0.23412,0,0
0.24961,0,0
0.33903,1,1
0.41929,1,1
0.49197,1,1
0.54427,1,1
0.57739,1,1
0.6341,1,1
0.71382,1,1
0.72402,1,1
0.66164,1,1
0.62072,1,1
0.60569,1,1
0.57856,1,1
0.54104,1,1
0.50966,1,1
0.47144,1,1
0.43567,1,1
0.39572,1,1
0.33842,0,0
0.27312,0,0
0.26393,0,0
0.30987,0,0
0.35509,1,1
0.39005,1,1
0.38545,1,1
0.34264,1,1
0.31943,0,0
0.31664,0,0
0.31156,0,0
0.29531,0,0
0.26427,0,0
0.20291,0,0
0.16107,0,0
0.13766,0,0
0.10122,0,0
0.06077,0,0
0.03293,0,0
0.01657,0,0
0.01204,0,0
0.01949,0,0
0.02699,0,0
0.03463,0,0
0.03487,0,0
0.02755,0,0
0.02013,0,0
0.01261,0,0
0.01144,0,0
0.01155,0,0
0.01168,0,0
0.0118,0,0
0.01064,0,0
0.00819,0,0
0.00569,0,0
0.00313,0,0
0.00518,0,0
0.01211,0,0
0.04012,0,0
0.07517,0,0
0.09943,0,0
0.09974,0,0
0.10006,0,0
0.10011,0,0
0.09547,0,0
0.08557,0,0
0.07935,0,0
0.07319,0,0
0.06279,0,0
0.04863,0,0
0.03403,0,0
0.01916,0,0
0.01398,0,0
0.01185,0,0
0.00975,0,0
0.00761,0,0
0.00654,0,0
0.00654,0,0
0.00653,0,0
0.00653,0,0
0.01261,0,0
0.03225,0,0
0.04998,0,0
0.0741,0,0
0.11432,0,0
0.175,0,0
0.21855,0,0
0.24116,0,0
0.31589,0,0
0.47206,0,0
0.58863,0,0
0.61814,1,1
0.66393,1,1
0.77209,1,1
0.87277,1,1
0.95298,1,1
0.97961,1,1
0.94181,1,1
0.89498,1,1
0.84929,1,1
0.82879,1,1
0.83541,1,1
0.77695,1,1
0.65655,1,1
0.49823,0,0
0.44259,0,0
0.43825,0,0
0.51357,0,0
0.63195,1,1
0.79121,1,1
0.77174,1,1
0.57999,0,0
0.42962,0,0
0.37548,0,0
0.40115,0,0
0.47828,0,0
0.50146,0,0
0.41396,0,0
0.387,0,0
0.41982,0,0
0.49567,0,0
0.61396,0,0
0.70069,1,1
0.77102,1,1
0.79376,1,1
0.76725,1,1
0.75756,1,1
0.76448,1,1
0.72464,1,1
0.62606,1,1
0.51816,0,0
0.38313,0,0
0.34122,0,0
0.38894,0,0
0.4525,0,0
0.54399,0,0
0.57001,0,0
0.51277,0,0
0.4672,0,0
0.42604,0,0
0.3657,0,0
0.28452,0,0
0.23986,0,0
0.19517,0,0
0.14576,0,0
0.09746,0,0
0.05692,0,0
0.02523,0,0
0.01065,0,0
0.00817,0,0
0.00566,0,0
0.00311,0,0
0.00229,0,0
0.00324,0,0
0.00426,0,0
0.00532,0,0
0.00275,0,0
0.0,0,0
0.0,0,0
0.0,0,0
0.0,0,0
0.0,0,0
0.0,0,0
0.0,0,0
0.0,0,0
0.0,0,0
0.0,0,0
0.0,0,0
0.0,0,0
0.0,0,0
0.0,0,0
0.0,0,0
0.0,0,0
0.0,0,0
0.0,0,0
0.0,0,0
0.00221,0,0
0.02662,0,0
0.045,0,0
0.06338,0,0
0.08892,0,0
0.13843,0,0
0.20471,0,0
0.26831,0,0
0.33795,0,0
0.4163,0,0
0.49101,0,0
0.55777,0,0
0.61894,0,0
0.67871,0,0
0.73281,0,0
0.78535,0,0
0.85143,0,0
0.93454,0,0
0.9726,0,0
0.96212,0,0
0.95971,0,0
0.97621,0,0
1.00733,0,0
1.05585,1,1
1.10293,1,1
1.1416,1,1
1.16299,1,1
1.16635,1,1
1.16299,1,1
1.15342,1,1
1.15815,1,1
1.18383,1,1
1.20933,1,1
1.22745,1,1
1.20058,1,1
1.12901,1,1
1.0871,1,1
1.07747,1,1
1.11858,1,1
1.21147,1,1
1.2246,1,1
1.15047,1,1
1.0526,1,1
0.93012,0,0
0.82768,0,0
0.73354,0,0
0.62077,0,0
0.5106,0,0
0.44456,0,0
0.4021,0,0
0.34922,0,0
0.29858,0,0
0.26833,0,0
0.24701,0,0
0.2406,0,0
0.24961,0,0
0.33581,0,0
0.53905,0,0
0.80829,0,0
1.13125,1,1
1.17018,1,1
0.91545,0,0
0.68522,0,0
0.48067,0,0
0.39423,0,0
0.37399,0,0
0.35352,0,0
0.33358,0,0
0.40092,0,0
0.57327,0,0
0.79616,0,0
1.05753,1,1
1.07861,1,1
0.84313,0,0
0.63073,0,0
0.4586,0,0
0.39969,0,0
0.44536,0,0
0.4926,0,0
0.53896,0,0
0.55256,0,0
0.52992,0,0
0.50826,0,0
0.4861,0,0
0.44333,0,0
0.37977,0,0
0.33714,0,0
0.30203,0,0
0.28518,0,0
0.28694,0,0
0.28873,0,0
0.29053,0,0
0.25054,0,0
0.17987,0,0
0.12012,0,0
0.07188,0,0
0.06893,0,0
0.1359,0,0
0.20584,0,0
0.27491,0,0
0.32004,0,0
0.3357,0,0
0.34876,0,0
0.35525,0,0
0.37531,0,0
0.40407,0,0
0.45591,0,0
0.53943,0,0
0.60167,0,0
0.65452,0,0
0.67685,0,0
0.6721,0,0
0.69477,0,0
0.74735,0,0
0.80052,1,1
0.84844,1,1
0.90456,1,1
0.95627,1,1
1.02178,1,1
1.09914,1,1
1.17155,1,1
1.24937,1,1
1.32205,1,1
1.37873,1,1
1.35653,1,1
1.26501,1,1
1.18689,1,1
1.08995,1,1
1.0472,1,1
1.05191,1,1
1.00453,1,1
0.91425,1,1
0.83772,1,1
0.77723,1,1
0.76535,1,1
0.79142,1,1
0.80126,1,1
0.79138,1,1
0.76438,0,0
0.72176,0,0
0.68384,0,0
0.63945,0,0
0.55397,0,0
0.45132,0,0
0.36774,0,0
0.32468,0,0
0.30313,0,0
0.2824,0,0
0.23297,0,0
0.15964,0,0
0.10679,0,0
0.06674,0,0
0.04954,0,0
0.04238,0,0
0.03511,0,0
0.02775,0,0
0.03171,0,0
0.04724,0,0
0.0628,0,0
0.08339,0,0
0.09877,0,0
0.10535,0,0
0.112,0,0
0.11872,0,0
0.13353,0,0
0.1567,0,0
0.18498,0,0
0.21729,0,0
0.19931,0,0
0.14061,0,0
0.08641,0,0
0.04799,0,0
0.02686,0,0
0.02229,0,0
0.01769,0,0
0.01434,0,0
0.01446,0,0
0.01805,0,0
0.02307,0,0
0.02813,0,0
0.04063,0,0
0.06077,0,0
0.08127,0,0
0.10804,0,0
0.13824,0,0
0.16636,0,0
0.19467,0,0
0.22757,0,0
0.24128,0,0
0.22986,0,0
0.21849,0,0
0.20848,0,0
0.20791,0,0
0.23023,0,0
0.26797,0,0
0.30546,0,0
0.31482,0,0
0.31206,0,0
0.31693,0,0
0.33095,0,0
0.39362,0,0
0.48712,0,0
0.58229,0,0
0.69418,0,0
0.83786,0,0
1.02248,0,0
1.13872,0,0
1.16551,0,0
1.1926,0,0
1.23132,0,0
1.21519,0,0
1.13056,0,0
1.07056,0,0
1.02737,0,0
1.07599,0,0
1.24479,0,0
1.36292,0,0
1.4412,0,0
1.48691,0,0
1.49544,0,0
1.56745,0,0
1.70794,1,1
1.81482,1,1
1.87609,1,1
1.93131,1,1
1.9979,1,1
2.11066,1,1
2.2756,1,1
2.37116,1,1
2.38748,1,1
2.38151,1,1
2.34495,1,1
2.39398,1,1
2.52545,1,1
2.59837,1,1
2.60526,1,1
2.54955,1,1
2.46656,1,1
2.4098,1,1
2.359,1,1
2.27405,1,1
2.13398,1,1
1.97046,1,1
1.80969,1,1
1.68049,1,1
1.58809,0,0
1.5094,0,0
1.43063,0,0
1.31528,0,0
1.15758,0,0
0.98994,0,0
0.82209,0,0
0.6733,0,0
0.51657,0,0
0.40342,0,0
0.29097,0,0
0.2829,0,0
0.36245,0,0
0.44931,0,0
0.5408,0,0
0.57211,0,0
0.51745,0,0
0.47367,0,0
0.43023,0,0
0.41415,0,0
0.42872,0,0
0.44433,0,0
0.46235,0,0
0.5505,0,0
0.73939,1,1
0.96084,1,1
1.21594,1,1
1.3576,1,1
1.37322,1,1
1.38919,1,1
1.40552,1,1
1.509,1,1
1.69962,1,1
1.88512,1,1
2.07896,1,1
1.99722,1,1
1.65311,1,1
1.28307,1,1
0.94498,1,1
0.69608,1,1
0.56111,0,0
0.42771,0,0
0.33618,0,0
0.29794,0,0
0.30734,0,0
0.32857,0,0
0.35116,0,0
0.35265,0,0
0.33688,0,0
0.34164,0,0
0.35782,0,0
0.37913,0,0
0.42917,0,0
0.45505,0,0
0.45227,0,0
0.45256,0,0
0.44772,0,0
0.48952,0,0
0.58939,0,0
0.72578,1,1
0.89701,1,1
0.90818,1,1
0.74444,1,1
0.56212,0,0
0.44861,0,0
0.43584,0,0
0.4529,0,0
0.44501,0,0
0.41527,0,0
0.42259,0,0
0.55515,0,0
0.77587,1,1
0.97621,1,1
0.98257,1,1
0.80137,1,1
0.65907,0,0
0.55512,0,0
0.50318,0,0
0.5015,0,0
0.46947,0,0
0.42851,0,0
0.41656,0,0
0.47748,0,0
0.58098,0,0
0.65405,0,0
0.61868,0,0
0.49428,0,0
0.39584,0,0
0.32365,0,0
0.27617,0,0
0.24271,0,0
0.21027,0,0
0.17851,0,0
0.14719,0,0
0.13262,0,0
0.09954,0,0
0.0798,0,0
0.09884,0,0
0.11452,0,0
0.13868,0,0
0.16785,0,0
0.20827,0,0
0.24871,0,0
0.25658,0,0
0.23138,0,0
0.20592,0,0
0.18019,0,0
0.18742,0,0
0.22837,0,0
0.26956,0,0
0.31143,0,0
0.32949,0,0
0.30058,0,0
0.27991,0,0
0.25891,0,0
0.23524,0,0
0.20855,0,0
0.18367,0,0
0.16328,0,0
0.15836,0,0
0.17093,0,0
0.18364,0,0
0.19651,0,0
0.19233,0,0
0.17109,0,0
0.14878,0,0
0.12593,0,0
0.10874,0,0
0.0973,0,0
0.09006,0,0
0.08243,0,0
0.08711,0,0
0.10588,0,0
0.13176,0,0
0.15765,0,0
0.1379,0,0
0.08213,0,0
0.04081,0,0
0.01334,0,0
0.00873,0,0
0.01524,0,0
0.02972,0,0
0.04426,0,0
0.05927,0,0
0.07486,0,0
0.11631,0,0
0.18372,0,0
0.2744,0,0
0.39899,1,1
0.42832,1,1
0.34329,0,0
0.2599,0,0
0.19902,0,0
0.24178,0,0
0.38078,1,1
0.5075,1,1
0.62063,1,1
0.66897,1,1
0.65386,1,1
0.6695,1,1
0.71144,1,1
0.67048,1,1
0.54665,1,1
0.40213,1,1
0.25679,0,0
0.25455,0,0
0.384,1,1
0.49449,1,1
0.57543,1,1
0.60758,1,1
0.59142,1,1
0.60725,1,1
0.65404,1,1
0.6366,1,1
0.5539,1,1
0.47043,1,1
0.39415,1,1
0.36125,0,1
0.36629,1,1
0.36618,0,0
0.36113,0,0
0.33835,0,0
0.29661,0,0
0.25586,0,0
0.26706,0,0
0.23294,0,0
0.20806,0,0
0.19725,0,0
0.18516,0,0
0.13926,0,0
0.09175,0,0
0.05868,0,0
0.03408,0,0
0.01644,0,0
0.01034,0,0
0.01149,0,0
0.00978,0,0
0.00806,0,0
0.00632,0,0
0.00501,0,0
0.00414,0,0
0.00325,0,0
0.00236,0,0
0.00329,0,0
0.00607,0,0
0.00892,0,0
0.01182,0,0
0.01191,0,0
0.00915,0,0
0.00632,0,0
0.00348,0,0
0.00108,0,0
0.0,0,0
0.0,0,0
0.0,0,0
0.0,0,0
0.0,0,0
0.0,0,0
0.0,0,0
0.0,0,0
0.0,0,0
0.0,0,0
0.0,0,0
0.0,0,0
0.0,0,0
0.0,0,0
0.0,0,0
0.0,0,0
0.0,0,0
0.0,0,0
0.0,0,0
0.0,0,0
0.0,0,0
0.0,0,0
0.0,0,0
0.0,0,0
0.00253,0,0
0.0079,0,0
0.01326,0,0
0.02759,0,0
0.05129,0,0
0.0974,0,0
0.1662,0,0
0.24444,0,0
0.33972,0,0
0.42948,0,0
0.50984,0,0
0.61073,0,0
0.72898,0,0
0.79118,1,0
0.78314,0,0
0.78693,0,0
0.80105,1,1
0.80992,1,1
0.8178,1,1
0.81028,1,1
0.79017,1,1
0.82057,1,1
0.905,1,1
0.98934,1,1
1.0767,1,1
1.08605,1,1
1.02354,1,1
0.97634,1,1
0.94587,1,1
0.95611,1,1
1.00918,1,1
1.07613,1,1
1.13745,1,1
1.13149,1,1
1.06118,1,1
0.99921,1,1
0.94436,1,1
0.87735,1,1
0.80141,1,1
0.72883,0,0
0.66571,0,0
0.59508,0,0
0.51304,0,0
0.42354,0,0
0.33523,0,0
0.29621,0,0
0.28002,0,0
0.25158,0,0
0.20304,0,0
0.12943,0,0
0.08282,0,0
0.05843,0,0
0.03382,0,0
0.01075,0,0
0.0,0,0
0.0,0,0
0.0,0,0
0.0,0,0
0.0,0,0
0.0,0,0
0.00187,0,0
0.00905,0,0
0.02709,0,0
0.03707,0,0
0.0221,0,0
0.01241,0,0
0.00926,0,0
0.00625,0,0
0.00344,0,0
0.00058,0,0
0.0,0,0
0.0,0,0
0.0,0,0
0.00244,0,0
0.00517,0,0
0.0066,0,0
0.00662,0,0
0.00664,0,0
0.00668,0,0
0.007,0,0
0.00763,0,0
0.00826,0,0
0.00891,0,0
0.00814,0,0
0.0059,0,0
0.00363,0,0
0.0013,0,0
0.00012,0,0
0.00012,0,0
0.00012,0,0
0.00012,0,0
0.00133,0,0
0.00373,0,0
0.00612,0,0
0.00853,0,0
0.00847,0,0
0.02047,0,0
0.04886,0,0
0.07777,0,0
0.09786,0,0
0.14574,0,0
0.24904,0,0
0.32251,0,0
0.38004,0,0
0.4516,0,0
0.50644,0,0
0.54543,0,0
0.57288,0,0
0.58512,0,0
0.6017,0,0
0.62312,0,0
0.64397,1,1
0.65998,1,1
0.68498,1,1
0.7204,1,1
0.7502,1,1
0.77144,1,1
0.81463,1,1
0.87852,1,1
0.95792,1,1
1.05169,1,1
1.05444,1,1
0.96803,1,1
0.90575,1,1
0.86976,1,1
0.83288,1,1
0.79255,1,1
0.74585,1,1
0.69228,1,1
0.6834,1,1
0.71546,1,1
0.75302,1,1
0.79541,1,1
0.75079,1,1
0.62967,1,1
0.49869,0,0
0.41565,0,0
0.38747,0,0
0.39357,0,0
0.40398,0,0
0.38693,0,0
0.35224,0,0
0.30016,0,0
0.25707,0,0
0.20873,0,0
0.13407,0,0
0.08223,0,0
0.04572,0,0
0.01719,0,0
0.00545,0,0
0.0,0,0
0.0,0,0
0.0,0,0
0.0,0,0
0.0,0,0
0.0,0,0
0.0,0,0
0.0,0,0
0.0,0,0
0.0,0,0
0.0,0,0
0.0,0,0
0.0,0,0
0.0,0,0
0.0,0,0
0.0,0,0
0.0,0,0
0.0,0,0
0.0,0,0
0.0,0,0
0.0,0,0
0.00038,0,0
0.00091,0,0
0.00145,0,0
0.002,0,0
0.00282,0,0
0.00394,0,0
0.0051,0,0
0.00627,0,0
0.00435,0,0
0.0,0,0
0.0,0,0
0.0,0,0
0.0,0,0
0.0,0,0
0.0,0,0
0.0,0,0
0.0,0,0
0.00512,0,0
0.0116,0,0
0.01988,0,0
0.02262,0,0
0.02443,0,0
0.04312,0,0
0.06209,0,0
0.09684,0,0
0.14948,0,0
0.21505,0,0
0.3084,0,0
0.41107,0,0
0.53045,0,0
0.60013,1,1
0.5954,1,1
0.54607,0,0
0.48818,0,0
0.47034,0,0
0.46371,0,0
0.46332,0,0
0.46852,0,0
0.50348,0,0
0.59485,1,1
0.70755,1,1
0.80889,1,1
0.89942,1,1
0.99553,1,1
1.05319,1,1
1.08443,1,1
1.06437,1,1
0.99435,1,1
0.95878,1,1
0.94549,1,1
0.93187,1,1
0.91491,1,1
0.92432,1,1
0.95535,1,1
0.91443,1,1
0.80696,1,1
0.72287,1,1
0.66925,1,1
0.61845,1,1
0.56753,1,1
0.47479,0,0
0.3738,0,0
0.32105,0,0
0.30418,0,0
0.29558,0,0
0.29528,0,0
0.29575,0,0
0.28675,0,0
0.26654,0,0
0.22194,0,0
0.17836,0,0
0.1448,0,0
0.11123,0,0
0.0808,0,0
0.05649,0,0
0.04322,0,0
0.0395,0,0
0.0358,0,0
0.03196,0,0
0.02813,0,0
0.02827,0,0
0.0326,0,0
0.03689,0,0
0.0412,0,0
0.04141,0,0
0.03737,0,0
0.03328,0,0
0.02916,0,0
0.05103,0,0
0.11115,0,0
0.1895,0,0
0.29582,0,0
0.39321,0,0
0.44602,0,0
0.50243,0,0
0.56164,1,0
0.62465,0,0
0.71435,0,0
0.80956,0,0
0.90532,0,0
0.89045,0,0
0.76501,0,0
0.64552,0,0
0.55362,0,0
0.46321,0,0
0.3791,0,0
0.33182,0,0
0.28367,0,0
0.27032,0,0
0.29411,0,0
0.3171,0,0
0.3401,0,0
0.30959,0,0
0.2241,0,0
0.16083,0,0
0.09798,0,0
0.07738,0,0
0.08796,0,0
0.11179,0,0
0.13553,0,0
0.17381,0,0
0.23988,0,0
0.3164,0,0
0.41314,0,0
0.49921,0,0
0.56169,0,0
0.61639,0,0
0.67325,0,0
0.77529,0,0
0.90977,0,0
1.05283,0,0
1.17972,0,0
1.29418,0,0
1.40409,0,0
1.51027,0,0
1.59856,0,0
1.6767,1,1
1.75302,1,1
1.8228,1,1
1.87299,1,1
1.81098,1,1
1.66316,1,1
1.53242,0,0
1.44131,0,0
1.41431,0,0
1.44034,0,0
1.46273,0,0
1.50056,0,0
1.57967,0,0
1.71774,1,1
1.86168,1,1
2.00774,1,1
2.04333,1,1
1.95376,1,1
1.86087,1,1
1.76554,1,1
1.74436,1,1
1.80849,1,1
1.85766,1,1
1.90067,1,1
1.90166,1,1
1.85377,1,1
1.76239,1,1
1.64362,1,1
1.59346,0,1
1.60272,1,1
1.62703,1,1
1.64981,1,1
1.58728,0,0
1.43531,0,0
1.29233,0,0
1.1547,0,0
1.07165,0,0
1.04334,0,0
1.01449,0,0
0.98506,0,0
0.99014,0,0
1.03256,0,0
1.07522,0,0
1.11813,0,0
1.08396,0,0
0.96671,0,0
0.85468,0,0
0.75854,0,0
0.72319,0,0
0.75498,0,0
0.78566,0,0
0.81696,0,0
0.84343,0,0
0.86538,0,0
0.89081,0,0
0.91528,0,0
1.05026,0,0
1.33756,0,0
1.62027,0,0
1.8914,0,0
2.07855,0,0
2.18618,0,0
2.29632,0,0
2.40906,1,1
2.53692,1,1
2.66373,1,1
2.79212,1,1
2.92213,1,1
3.06089,1,1
3.22765,1,1
3.34602,1,1
3.43451,1,1
3.47075,1,1
3.47222,1,1
3.48409,1,1
3.48556,1,1
3.40225,1,1
3.1264,1,1
2.69799,1,1
2.20114,0,0
1.89514,0,0
1.80251,0,0
1.71241,0,0
1.60991,0,0
1.64625,0,0
1.80272,0,0
1.98717,0,0
2.20194,0,0
2.38116,1,1
2.57102,1,1
2.55901,1,1
2.31178,1,1
2.0991,0,0
1.93945,0,0
1.81464,0,0
1.73165,0,0
1.69444,0,0
1.70149,0,0
1.61862,0,0
1.43431,0,0
1.33652,0,0
1.32373,0,0
1.39612,0,0
1.53538,0,0
1.63151,0,0
1.68856,0,0
1.79826,0,0
1.96513,0,0
2.16605,0,0
2.38908,1,1
2.51169,1,1
2.54399,1,1
2.43425,1,1
2.1704,0,0
1.84046,0,0
1.44654,0,0
1.17424,0,0
0.99601,0,0
0.83994,0,0
0.71868,0,0
0.63475,0,0
0.59829,0,0
0.58761,0,0
0.59305,0,0
0.53314,0,0
0.40711,0,0
0.31684,0,0
0.2404,0,0
0.17146,0,0
0.13086,0,0
0.11146,0,0
0.09365,0,0
0.09431,0,0
0.11358,0,0
0.13312,0,0
0.15259,0,0
0.15524,0,0
0.13978,0,0
0.12453,0,0
0.10914,0,0
0.08555,0,0
0.06115,0,0
0.04067,0,0
0.01999,0,0
0.00933,0,0
0.0032,0,0
0.0,0,0
0.0,0,0
0.0,0,0
0.0,0,0
0.0,0,0
0.0,0,0
0.0,0,0
0.0,0,0
0.0,0,0
0.0,0,0
0.0,0,0
0.0,0,0
0.0,0,0
0.0,0,0
0.0,0,0
0.0,0,0
0.0,0,0
0.0,0,0
0.0,0,0
0.0,0,0
0.0,0,0
0.0,0,0
0.00327,0,0
0.00957,0,0
0.01587,0,0
0.04119,0,0
0.05858,0,0
0.07211,0,0
0.09542,0,0
0.11926,0,0
0.15366,0,0
0.20832,0,0
0.24871,0,0
0.2558,0,0
0.27465,0,0
0.31692,0,0
0.38289,0,0
0.51736,0,0
0.67844,1,1
0.81283,1,1
0.83679,1,1
0.72581,1,1
0.67489,1,1
0.68257,1,1
0.65753,1,1
0.61671,1,1
0.50385,0,0
0.36769,0,0
0.31975,0,0
0.34241,0,0
0.35263,0,0
0.34432,0,0
0.37253,0,0
0.45859,0,0
0.5747,1,1
0.69293,1,1
0.71093,1,1
0.62891,1,1
0.58925,1,1
0.59446,1,1
0.53419,1,1
0.40681,0,0
0.28947,0,0
0.18946,0,0
0.16593,0,0
0.20594,0,0
0.21125,0,0
0.17504,0,0
0.15515,0,0
0.15012,0,0
0.15127,0,0
0.15898,0,0
0.16736,0,0
0.17865,0,0
0.19468,0,0
0.21292,0,0
0.21232,0,0
0.19389,0,0
0.19796,0,0
0.24831,0,0
0.3128,0,0
0.44378,0,0
0.51733,0,0
0.52118,1,1
0.5251,1,1
0.52907,1,1
0.5445,1,1
0.57146,1,1
0.60453,1,1
0.64024,1,1
0.62406,1,1
0.56176,1,1
0.51178,0,0
0.46153,0,0
0.43799,0,0
0.44141,0,0
0.44372,0,0
0.44723,0,0
0.45557,0,0
0.4693,0,0
0.48252,0,0
0.49795,0,0
0.55688,0,0
0.661,0,0
0.79738,0,0
0.94464,0,0
0.99644,0,0
0.94768,0,0
0.89799,0,0
0.85002,0,0
0.8881,0,0
1.01757,0,0
1.14591,0,0
1.29552,0,0
1.43954,0,0
1.57002,0,0
1.69502,1,1
1.82184,1,1
2.06199,1,1
2.40175,1,1
2.71733,1,1
3.01493,1,1
2.95694,1,1
2.55074,1,1
2.15264,1,1
1.73177,1,1
1.56488,0,1
1.65803,1,1
1.76049,1,1
1.87052,1,1
1.87899,1,1
1.77308,1,1
1.61977,0,0
1.41593,0,0
1.28466,0,0
1.19931,0,0
1.17123,0,0
1.20759,0,0
1.25506,0,0
1.30334,0,0
1.28259,0,0
1.20536,0,0
1.14905,0,0
1.11575,0,0
1.08277,0,0
1.05117,0,0
1.00466,0,0
0.95258,0,0
0.94449,0,0
1.07359,0,0
1.30375,0,0
1.53908,0,0
1.52637,0,0
1.2642,0,0
1.03326,0,0
0.92861,0,0
0.95146,0,0
1.01168,0,0
0.99015,0,0
0.87683,0,0
0.78468,0,0
0.78005,0,0
0.80767,0,0
0.82337,0,0
0.79239,0,0
0.7153,0,0
0.70464,0,0
0.75529,0,0
0.79952,0,0
0.83797,0,0
0.73391,0,0
0.50098,0,0
0.34599,0,0
0.23356,0,0
0.17008,0,0
0.16544,0,0
0.19399,0,0
0.22634,0,0
0.24747,0,0
0.25793,0,0
0.26849,0,0
0.27986,0,0
0.29301,0,0
0.30787,0,0
0.32408,0,0
0.35147,0,0
0.49643,0,0
0.83098,0,0
1.25616,0,0
1.70379,1,1
1.99768,1,1
2.15856,1,1
2.32062,1,1
2.48055,1,1
2.51555,1,1
2.42081,1,1
2.31703,1,1
2.20724,1,1
1.96718,1,1
1.57787,1,1
1.16135,1,1
0.80755,0,0
0.61291,0,0
0.53775,0,0
0.45868,0,0
0.394,0,0
0.37483,0,0
0.37866,0,0
0.38383,0,0
0.38784,0,0
0.37025,0,0
0.33229,0,0
0.29332,0,0
0.25544,0,0
0.26325,0,0
0.31678,0,0
0.37051,0,0
0.42278,0,0
0.42835,0,0
0.37866,0,0
0.34231,0,0
0.30767,0,0
0.30872,0,0
0.34366,0,0
0.40006,0,0
0.47839,0,0
0.61033,0,0
0.84568,0,0
1.05986,0,0
1.22703,1,1
1.18651,1,1
0.97713,0,0
0.84115,0,0
0.82635,0,0
0.90009,0,0
1.05548,0,0
1.13431,1,1
1.16337,1,1
1.17794,1,1
1.16461,1,1
1.19967,1,1
1.28294,1,1
1.35797,1,1
1.4245,1,1
1.42218,1,1
1.35145,1,1
1.27389,1,1
1.19259,1,1
1.13695,1,1
1.10648,0,0
1.06853,0,0
1.02399,0,0
1.03978,0,0
1.10516,0,0
1.16838,1,1
1.2264,1,1
1.2371,1,1
1.19583,1,1
1.18877,1,1
1.20326,1,1
1.10997,0,0
0.95704,0,0
0.85346,0,0
0.79265,0,0
0.75371,0,0
0.72176,0,0
0.67972,0,0
0.62801,0,0
0.58943,0,0
0.56621,0,0
0.50875,0,0
0.44348,0,0
0.40204,0,0
0.36214,0,0
0.37615,0,0
0.44296,0,0
0.51046,0,0
0.58893,0,0
0.68423,0,0
0.78053,0,0
0.87785,0,0
0.98552,0,0
0.97436,0,0
0.84512,0,0
0.72335,0,0
0.59832,0,0
0.51982,0,0
0.45261,0,0
0.38427,0,0
0.32853,0,0
0.32548,0,0
0.35943,0,0
0.41481,0,0
0.47385,0,0
0.51946,1,1
0.55116,1,1
0.58135,1,1
0.61337,1,1
0.58187,1,1
0.48537,1,1
0.38881,1,1
0.33507,1,1
0.3093,0,0
0.3123,0,0
0.31437,1,1
0.31747,1,1
0.27978,0,0
0.21089,0,0
0.15494,0,0
0.09965,0,0
0.08121,0,0
0.08124,0,0
0.081,0,0
0.08103,0,0
0.08052,0,0
0.08261,0,0
0.08773,0,0
0.09299,0,0
0.09335,0,0
0.0891,0,0
0.07959,0,0
0.07438,0,0
0.07892,0,0
0.09289,0,0
0.09056,0,0
0.07301,0,0
0.05467,0,0
0.03582,0,0
0.04075,0,0
0.07508,0,0
0.10293,0,0
0.12301,0,0
0.16416,0,0
0.23146,0,0
0.28241,0,0
0.31323,0,0
0.34472,1,1
0.37526,1,1
0.40827,1,1
0.44181,1,1
0.44992,1,1
0.4303,1,1
0.4225,1,1
0.4252,1,1
0.42882,1,1
0.43425,1,1
0.4461,1,1
0.46616,1,1
0.4272,1,1
0.32428,1,1
0.22808,0,0
0.13902,0,0
0.11668,0,0
0.16172,0,0
0.1995,0,0
0.23006,0,0
0.22714,0,0
0.19119,0,0
0.15653,0,0
0.12321,0,0
0.10523,0,0
0.10405,0,0
0.10625,0,0
0.10947,0,0
0.0952,0,0
0.06333,0,0
0.023,0,0
0.0,0,0
0.0,0,0
0.0,0,0
0.0,0,0
0.0,0,0
0.0,0,0
0.0,0,0
0.0,0,0
0.0,0,0
0.0,0,0
0.0,0,0
0.0,0,0
0.0,0,0
0.0,0,0
0.0,0,0
0.0,0,0
0.0,0,0
0.0,0,0
0.0,0,0
0.0,0,0
0.0,0,0
0.0,0,0
0.0,0,0
0.0,0,0
0.00459,0,0
0.0104,0,0
0.01782,0,0
0.05337,0,0
0.10029,0,0
0.17017,0,0
0.25075,0,0
0.29621,0,0
0.28751,0,0
0.27778,0,0
0.26876,0,0
0.25877,0,0
0.24788,0,0
0.23766,0,0
0.22736,0,0
0.24728,0,0
0.30047,0,0
0.35256,0,0
0.4049,0,0
0.51477,0,0
0.64506,0,0
0.79936,1,1
0.98407,1,1
1.03095,1,1
0.95926,1,1
0.8929,1,1
0.79259,1,1
0.6643,0,0
0.57545,0,0
0.49964,0,0
0.43944,0,0
0.44164,0,0
0.49535,0,0
0.50538,0,0
0.48647,0,0
0.43315,0,0
0.34737,0,0
0.33737,0,0
0.39941,0,0
0.46727,0,0
0.54028,0,0
0.60165,0,0
0.65412,0,0
0.71779,1,1
0.7955,1,1
0.82833,1,1
0.82588,1,1
0.84404,1,1
0.87319,1,1
0.86879,1,1
0.82935,1,1
0.82887,1,1
0.86375,1,1
0.85708,1,1
0.81617,1,1
0.73368,1,1
0.69139,0,1
0.7357,1,1
0.85324,1,1
0.98565,1,1
1.05011,1,1
0.94881,1,1
0.71329,0,0
0.55174,0,0
0.46234,0,0
0.40906,0,0
0.38507,0,0
0.31542,0,0
0.25515,0,0
0.21972,0,0
0.18357,0,0
0.18847,0,0
0.23261,0,0
0.27587,0,0
0.34634,0,0
0.35655,0,0
0.29145,0,0
0.25462,0,0
0.21675,0,0
0.18767,0,0
0.16735,0,0
0.15204,0,0
0.13657,0,0
0.11607,0,0
0.09045,0,0
0.0688,0,0
0.0523,0,0
0.03661,0,0
0.02177,0,0
0.01222,0,0
0.00911,0,0
0.00692,0,0
0.00566,0,0
0.00432,0,0
0.00291,0,0
0.00037,0,0
0.0,0,0
0.0,0,0
0.0,0,0
0.0,0,0
0.0,0,0
0.0,0,0
0.0,0,0
0.00204,0,0
0.00594,0,0
0.00988,0,0
0.01388,0,0
0.01773,0,0
0.02862,0,0
0.03957,0,0
0.0506,0,0
0.06424,0,0
0.0806,0,0
0.09668,0,0
0.12124,0,0
0.14411,0,0
0.16958,0,0
0.20203,0,0
0.2345,0,0
0.27593,0,0
0.33152,0,0
0.36976,0,0
0.3907,0,0
0.37104,0,0
0.31949,0,0
0.2706,0,0
0.21402,0,0
0.18232,0,0
0.15859,0,0
0.17459,0,0
0.22765,0,0
0.26983,0,0
0.30088,0,0
0.30049,0,0
0.28259,0,0
0.28263,0,0
0.30616,0,0
0.32392,0,0
0.32327,0,0
0.30634,0,0
0.26495,0,0
0.27577,0,0
0.33628,0,0
0.3961,0,0
0.45328,0,0
0.47545,0,0
0.46187,0,0
0.45725,0,0
0.4607,0,0
0.49612,0,0
0.56111,0,0
0.64179,1,1
0.74101,1,1
0.75559,1,1
0.68912,1,1
0.61451,1,1
0.54687,0,0
0.51751,0,0
0.5411,0,0
0.59104,0,0
0.63629,1,0
0.59079,0,0
0.49118,0,0
0.45498,0,0
0.46673,0,0
0.51818,0,0
0.63465,1,1
0.72012,1,1
0.7797,1,1
0.84574,1,1
0.92903,1,1
0.9929,1,1
1.03995,1,1
1.08513,1,1
1.13343,1,1
1.11208,1,1
1.02018,1,1
0.92779,1,1
0.84557,1,1
0.79682,1,1
0.77804,1,1
0.76092,1,1
0.74172,1,1
0.67602,1,1
0.56542,0,0
0.48554,0,0
0.4034,0,0
0.32118,0,0
0.27165,0,0
0.21914,0,0
0.17385,0,0
0.14777,0,0
0.13654,0,0
0.12525,0,0
0.11389,0,0
0.12477,0,0
0.15775,0,0
0.19189,0,0
0.23062,0,0
0.27497,0,0
0.31635,0,0
0.35824,0,0
0.40586,1,1
0.41888,1,1
0.38255,1,1
0.35467,0,0
0.32762,0,0
0.314,0,0
0.3131,0,0
0.3122,0,0
0.31131,0,0
0.31038,0,0
0.30753,0,0
0.30855,0,0
0.30846,0,0
0.3159,0,0
0.32929,0,0
0.35274,0,0
0.38429,1,1
0.39747,1,1
0.39362,1,1
0.40561,1,1
0.43194,1,1
0.45158,1,1
0.46125,1,1
0.48382,1,1
0.51833,1,1
0.60302,1,1
0.74052,1,1
0.78458,1,1
0.73398,1,1
0.69795,1,1
0.68771,1,1
0.63926,1,1
0.56728,1,1
0.51401,1,1
0.47441,1,1
0.43459,1,1
0.39478,1,1
0.34768,0,0
0.3023,0,0
0.2874,0,0
0.29964,0,0
0.31463,0,0
0.32639,0,0
0.31354,0,0
0.27445,0,0
0.23993,0,0
0.21002,0,0
0.20464,0,0
0.22987,0,0
0.22773,0,0
0.19701,0,0
0.19285,0,0
0.21576,0,0
0.24997,0,0
0.29237,0,0
0.26264,0,0
0.17515,0,0
0.11065,0,0
0.06607,0,0
0.03698,0,0
0.02726,0,0
0.02323,0,0
0.01931,0,0
0.01535,0,0
0.01247,0,0
0.01253,0,0
0.01561,0,0
0.01983,0,0
0.02415,0,0
0.02636,0,0
0.02649,0,0
0.02662,0,0
0.02669,0,0
0.03535,0,0
0.05267,0,0
0.07016,0,0
0.09317,0,0
0.10043,0,0
0.08752,0,0
0.07637,0,0
0.06806,0,0
0.06476,0,0
0.06648,0,0
0.06849,0,0
0.07042,0,0
0.08792,0,0
0.1372,0,0
0.18854,0,0
0.25101,0,0
0.29286,0,0
0.30718,0,0
0.32183,0,0
0.33584,0,0
0.35961,0,0
0.39069,0,0
0.44465,0,0
0.50082,0,0
0.58247,0,0
0.68932,1,1
0.82904,1,1
0.97613,1,1
1.1341,1,1
1.32097,1,1
1.51181,1,1
1.70544,1,1
1.72833,1,1
1.60144,1,1
1.47675,1,1
1.34973,1,1
1.22687,1,1
1.12962,1,1
1.02159,1,1
0.88973,1,1
0.80816,1,1
0.72836,1,1
0.65247,0,0
0.58604,0,0
0.54026,0,0
0.51264,0,0
0.52002,0,0
0.5611,0,0
0.63295,0,0
0.7379,1,1
0.72551,1,1
0.59768,0,0
0.45481,0,0
0.31128,0,0
0.28374,0,0
0.36071,0,0
0.42278,0,0
0.47061,0,0
0.51716,0,0
0.58415,0,0
0.64593,0,0
0.68241,1,1
0.69015,1,1
0.67992,0,1
0.69089,1,1
0.73722,1,1
0.72183,1,1
0.64623,0,0
0.59427,0,0
0.56451,0,0
0.51654,0,0
0.4514,0,0
0.37819,0,0
0.31707,0,0
0.28582,0,0
0.26787,0,0
0.25109,0,0
0.23466,0,0
0.19873,0,0
0.14576,0,0
0.09607,0,0
0.04812,0,0
0.0183,0,0
0.00579,0,0
0.0,0,0
0.0,0,0
0.0,0,0
0.0,0,0
0.0,0,0
0.0,0,0
0.0,0,0
0.0,0,0
0.0,0,0
0.0,0,0
0.0,0,0
0.0,0,0
0.0,0,0
0.0,0,0
0.0,0,0
0.0,0,0
0.0,0,0
0.0,0,0
0.0,0,0
0.0,0,0
0.0,0,0
0.0,0,0
0.0,0,0
0.0,0,0
0.0,0,0
0.0,0,0
0.0,0,0
0.0,0,0
0.0,0,0
0.0,0,0
0.0,0,0
0.0,0,0
0.0,0,0
0.0,0,0
0.0,0,0
0.0,0,0
0.0,0,0
0.0,0,0
0.0,0,0
0.0,0,0
0.0,0,0
0.0,0,0
0.0,0,0
0.0,0,0
0.0,0,0
0.0083,0,0
0.02583,0,0
0.04344,0,0
0.0803,0,0
0.14294,0,0
0.20925,0,0
0.28036,0,0
0.34534,0,0
0.38561,0,0
0.42547,0,0
0.47816,0,0
0.51968,0,0
0.53949,0,0
0.59694,0,0
0.70653,0,0
0.82444,1,1
0.94184,1,1
1.01738,1,1
1.03937,1,1
1.09598,1,1
1.1843,1,1
1.20122,1,1
1.13665,1,1
1.07294,1,1
1.01187,1,1
0.99406,1,1
1.02463,1,1
1.04533,1,1
1.05557,1,1
1.07496,1,1
1.10552,1,1
1.15457,1,1
1.2236,1,1
1.19667,1,1
1.08446,1,1
0.99468,1,1
0.92757,1,1
0.85875,1,1
0.78616,1,1
0.70159,0,0
0.60987,0,0
0.55918,0,0
0.53072,0,0
0.49159,0,0
0.4408,0,0
0.35592,0,0
0.26658,0,0
0.20648,0,0
0.16761,0,0
0.1062,0,0
0.03183,0,0
0.00294,0,0
0.0054,0,0
0.00789,0,0
0.01039,0,0
0.01297,0,0
0.02101,0,0
0.0291,0,0
0.03727,0,0
0.03443,0,0
0.02042,0,0
0.0114,0,0
0.00846,0,0
0.00681,0,0
0.00644,0,0
0.00606,0,0
0.00567,0,0
0.00686,0,0
0.00967,0,0
0.0125,0,0
0.02115,0,0
0.03055,0,0
0.03599,0,0
0.04162,0,0
0.04767,0,0
0.06089,0,0
0.08143,0,0
0.10826,0,0
0.14048,0,0
0.15815,0,0
0.16057,0,0
0.16305,0,0
0.16613,0,0
0.16189,0,0
0.15013,0,0
0.13866,0,0
0.12655,0,0
0.14662,0,0
0.19902,0,0
0.25867,0,0
0.33035,0,0
0.36393,0,0
0.36175,0,0
0.35846,0,0
0.35524,0,0
0.32419,0,0
0.27433,0,0
0.23361,0,0
0.20781,0,0
0.23048,0,0
0.30355,0,0
0.37067,0,0
0.43756,0,0
0.53068,0,0
0.66009,0,0
0.78088,0,0
0.88894,1,1
1.01114,1,1
1.16319,1,1
1.21641,1,1
1.13896,1,1
1.06173,1,1
0.99318,1,1
0.98831,1,1
1.065,1,1
1.09648,1,1
1.09638,1,1
1.06884,1,1
1.01638,1,1
1.00679,1,1
1.03229,1,1
1.01554,1,1
0.96144,1,1
0.90174,1,1
0.83713,0,0
0.84095,0,0
0.9078,1,1
0.99195,1,1
1.09298,1,1
1.08633,1,1
0.97486,1,1
0.88559,1,1
0.81692,0,0
0.77848,0,0
0.76328,0,0
0.69773,0,0
0.5888,0,0
0.54036,0,0
0.53741,0,0
0.53432,0,0
0.52696,0,0
0.47169,0,0
0.39685,0,0
0.34476,0,0
0.30134,0,0
0.23428,0,0
0.17545,0,0
0.14305,0,0
0.11604,0,0
0.08888,0,0
0.06496,0,0
0.05049,0,0
0.03893,0,0
0.02714,0,0
0.01526,0,0
0.01115,0,0
0.0095,0,0
0.00785,0,0
0.00615,0,0
0.00402,0,0
0.00141,0,0
0.0,0,0
0.0,0,0
0.0,0,0
0.0,0,0
0.0,0,0
0.0,0,0
0.0,0,0
0.0,0,0
0.0,0,0
0.0,0,0
0.0,0,0
0.0,0,0
0.0,0,0
0.0,0,0
0.0,0,0
0.0,0,0
0.0,0,0
0.0,0,0
0.0,0,0
0.0,0,0
0.0,0,0
0.0,0,0
0.0,0,0
0.0,0,0
0.0,0,0
0.0,0,0
0.0,0,0
0.0,0,0
0.0,0,0
0.00161,0,0
0.00339,0,0
0.00988,0,0
0.02188,0,0
0.03405,0,0
0.07825,0,0
0.16117,0,0
0.23766,0,0
0.31701,0,0
0.41438,0,0
0.51052,0,0
0.62175,0,0
0.74698,0,0
0.83443,0,0
0.86955,0,0
0.89274,0,0
0.89231,0,0
0.90917,1,1
0.94508,1,1
0.9586,1,1
0.94695,1,1
0.95234,1,1
0.97051,1,1
0.98352,1,1
0.99319,1,1
0.99789,1,1
1.00235,1,1
1.0179,1,1
1.04544,1,1
1.07527,1,1
1.10853,1,1
1.14245,1,1
1.17638,1,1
1.20637,1,1
1.22997,1,1
1.24639,1,1
1.26593,1,1
1.24846,1,1
1.22208,1,1
1.12679,1,1
0.97878,1,1
0.84803,0,0
0.73338,0,0
0.67724,0,0
0.6527,0,0
0.61628,0,0
0.56985,0,0
0.47422,0,0
0.36853,0,0
0.30259,0,0
0.26177,0,0
0.19331,0,0
0.12372,0,0
0.09026,0,0
0.07238,0,0
0.0605,0,0
0.04837,0,0
0.04048,0,0
0.03672,0,0
0.03288,0,0
0.02896,0,0
0.02484,0,0
0.02061,0,0
0.01636,0,0
0.01326,0,0
0.0133,0,0
0.01656,0,0
0.021,0,0
0.02553,0,0
0.03011,0,0
0.03484,0,0
0.03964,0,0
0.04453,0,0
0.0651,0,0
0.11217,0,0
0.17336,0,0
0.24875,0,0
0.26989,0,0
0.22097,0,0
0.18417,0,0
0.14796,0,0
0.11389,0,0
0.0873,0,0
0.06672,0,0
0.04559,0,0
0.03494,0,0
0.03518,0,0
0.03554,0,0
0.03579,0,0
0.04177,0,0
0.05344,0,0
0.065,0,0
0.07681,0,0
0.07397,0,0
0.05647,0,0
0.03919,0,0
0.02181,0,0
0.01888,0,0
0.03007,0,0
0.04118,0,0
0.05215,0,0
0.09741,0,0
0.19514,0,0
0.32069,0,0
0.47832,0,0
0.57131,0,0
0.54851,0,0
0.58249,0,0
0.69942,0,0
0.83044,0,0
0.96735,0,0
1.07862,0,0
1.15108,0,0
1.20641,1,1
1.24849,1,1
1.26654,1,1
1.26387,1,1
1.28728,1,1
1.34183,1,1
1.38147,1,1
1.39559,1,1
1.40678,1,1
1.40908,1,1
1.41847,1,1
1.44379,1,1
1.47461,1,1
1.51264,1,1
1.53442,1,1
1.5375,1,1
1.55495,1,1
1.56654,1,1
1.54268,1,1
1.49359,1,1
1.41049,1,1
1.30227,1,1
1.21749,1,1
1.16243,1,1
1.09128,0,0
1.00535,0,0
0.88437,0,0
0.74965,0,0
0.63521,0,0
0.53719,0,0
0.43157,0,0
0.33094,0,0
0.26023,0,0
0.20976,0,0
0.13045,0,0
0.05304,0,0
0.01343,0,0
0.00784,0,0
0.00268,0,0
0.0,0,0
0.0,0,0
0.0,0,0
0.0,0,0
0.0,0,0
0.0,0,0
0.0,0,0
0.00394,0,0
0.00985,0,0
0.01645,0,0
0.02973,0,0
0.04311,0,0
0.05679,0,0
0.06845,0,0
0.07806,0,0
0.09113,0,0
0.10654,0,0
0.09734,0,0
0.07116,0,0
0.04846,0,0
0.02434,0,0
0.01445,0,0
0.01287,0,0
0.01131,0,0
0.00971,0,0
0.00812,0,0
0.00652,0,0
0.00491,0,0
0.00325,0,0
0.0053,0,0
0.01113,0,0
0.01704,0,0
0.04366,0,0
0.03832,0,0
0.01383,0,0
0.00552,0,0
0.0,0,0
0.0,0,0
0.0,0,0
0.0,0,0
0.0,0,0
0.0,0,0
0.0,0,0
0.0,0,0
0.0,0,0
0.03381,0,0
0.11981,0,0
0.23531,0,0
0.38157,0,0
0.46751,0,0
0.47273,0,0
0.52896,0,0
0.63771,0,0
0.72268,0,0
0.78194,0,0
0.83475,0,0
0.88337,0,0
0.93612,1,1
0.9966,1,1
1.03767,1,1
1.05259,1,1
1.07262,1,1
1.09622,1,1
1.11403,1,1
1.13317,1,1
1.1581,1,1
1.18592,1,1
1.17501,1,1
1.12011,1,1
1.08084,1,1
1.05009,1,1
1.01145,1,1
0.96344,1,1
0.91054,1,1
0.85636,0,0
0.84319,0,0
0.86641,0,0
0.88256,0,0
0.88596,0,0
0.85004,0,0
0.78017,0,0
0.72793,0,0
0.6902,0,0
0.61131,0,0
0.50777,0,0
0.42011,0,0
0.35327,0,0
0.29644,0,0
0.23777,0,0
0.18996,0,0
0.15417,0,0
0.10155,0,0
0.03918,0,0
0.02865,0,0
0.06765,0,0
0.12533,0,0
0.19309,0,0
0.26995,0,0
0.36389,0,0
0.48854,0,0
0.63851,0,0
0.77974,0,0
0.88776,1,1
1.01465,1,1
1.14695,1,1
1.13603,1,1
0.98563,1,1
0.8501,0,0
0.72202,0,0
0.67396,0,0
0.70529,0,0
0.73728,0,0
0.76997,0,0
0.80758,0,0
0.85096,0,0
0.89876,1,1
0.94633,1,1
0.94652,1,1
0.89466,1,1
0.84248,1,1
0.78998,1,1
0.71159,1,1
0.6271,1,1
0.55196,1,1
0.47687,1,1
0.40387,0,0
0.36211,0,0
0.32382,0,0
0.28592,0,0
0.24652,0,0
0.21227,0,0
0.18203,0,0
0.15178,0,0
0.15228,0,0
0.18383,0,0
0.2151,0,0
0.25145,0,0
0.22831,0,0
0.16107,0,0
0.09675,0,0
0.05487,0,0
0.07151,0,0
0.1483,0,0
0.23739,0,0
0.33191,0,0
0.43657,0,0
0.55431,1,1
0.62975,1,1
0.69097,1,1
0.62646,1,1
0.48648,1,1
0.42163,0,0
0.43102,0,0
0.46001,0,0
0.51593,1,1
0.53495,1,1
0.51733,1,1
0.5129,1,1
0.5196,1,1
0.53461,1,1
0.55903,1,1
0.58719,1,1
0.6177,1,1
0.58129,1,1
0.48145,1,1
0.40947,0,0
0.36438,0,0
0.35944,0,0
0.38825,0,0
0.37321,0,0
0.31497,0,0
0.30012,0,0
0.32925,0,0
0.35748,0,0
0.38197,0,0
0.39598,0,0
0.40056,0,0
0.40941,0,0
0.42376,0,0
0.42767,0,0
0.41586,0,0
0.4025,0,0
0.39132,0,0
0.36353,0,0
0.31916,0,0
0.26783,0,0
0.20926,0,0
0.11902,0,0
0.03915,0,0
0.01519,0,0
0.02741,0,0
0.03972,0,0
0.05216,0,0
0.06164,0,0
0.06813,0,0
0.07486,0,0
0.08509,0,0
0.10027,0,0
0.12054,0,0
0.14068,0,0
0.16132,0,0
0.16216,0,0
0.14289,0,0
0.12341,0,0
0.10373,0,0
0.08576,0,0
0.07303,0,0
0.06264,0,0
0.05203,0,0
0.03911,0,0
0.0237,0,0
0.01353,0,0
0.01027,0,0
0.00751,0,0
0.00541,0,0
0.00329,0,0
0.00117,0,0
0.00011,0,0
0.00011,0,0
0.00011,0,0
0.00011,0,0
0.00095,0,0
0.00264,0,0
0.00435,0,0
0.00608,0,0
0.00926,0,0
0.01392,0,0
0.0236,0,0
0.04578,0,0
0.04178,0,0
0.01605,0,0
0.00965,0,0
0.00329,0,0
0.00213,0,0
0.00611,0,0
0.01001,0,0
0.01389,0,0
0.04512,0,0
0.10789,0,0
0.17211,0,0
0.23691,0,0
0.28978,0,0
0.34083,0,0
0.41884,0,0
0.49674,0,0
0.55592,0,0
0.58893,0,0
0.61053,0,0
0.61731,0,0
0.61983,1,0
0.61362,0,0
0.67828,1,1
0.82809,1,1
0.97787,1,1
1.13128,1,1
1.13331,1,1
0.99388,1,1
0.86928,1,1
0.75422,1,1
0.76047,1,1
0.88461,1,1
1.00253,1,1
1.11679,1,1
1.1346,1,1
1.05959,1,1
1.00086,1,1
0.95657,1,1
0.93778,1,1
0.93733,1,1
0.95116,1,1
0.97374,1,1
0.90509,1,1
0.75754,1,1
0.65572,1,1
0.59425,0,0
0.48131,0,0
0.32567,0,0
0.2242,0,0
0.16321,0,0
0.13359,0,0
0.13559,0,0
0.16031,0,0
0.18486,0,0
0.14135,0,0
0.06953,0,0
0.03811,0,0
0.02998,0,0
0.02181,0,0
0.01363,0,0
0.01579,0,0
0.0285,0,0
0.04131,0,0
0.05439,0,0
0.06429,0,0
0.07106,0,0
0.07791,0,0
0.08815,0,0
0.08861,0,0
0.07876,0,0
0.07241,0,0
0.0662,0,0
0.06987,0,0
0.08536,0,0
0.10702,0,0
0.12903,0,0
0.14721,0,0
0.16139,0,0
0.17667,0,0
0.1922,0,0
0.2014,0,0
0.2032,0,0
0.20445,0,0
0.2063,0,0
0.15823,0,0
0.07112,0,0
0.01437,0,0
0.0004,0,0
0.0,0,0
0.0,0,0
0.0,0,0
0.0,0,0
0.0,0,0
0.0,0,0
0.0,0,0
0.0,0,0
0.0,0,0
0.0,0,0
0.0,0,0
0.0,0,0
0.0,0,0
0.0,0,0
0.0,0,0
0.0,0,0
0.01382,0,0
0.0435,0,0
0.07388,0,0
0.10451,0,0
0.18819,0,0
0.33497,0,0
0.43682,0,0
0.495,0,0
0.61211,0,0
0.79859,1,1
0.87911,1,1
0.82691,1,1
0.75861,1,1
0.68337,0,0
0.70875,0,0
0.84817,1,1
0.98757,1,1
1.13697,1,1
1.19553,1,1
1.15382,1,1
1.13469,1,1
1.14019,1,1
1.12668,1,1
1.09414,1,1
1.06792,1,1
1.05334,1,1
1.01962,1,1
0.97094,1,1
0.92598,1,1
0.88963,1,1
0.86024,1,1
0.83394,1,1
0.81243,1,1
0.79466,1,1
0.75541,1,1
0.69505,0,0
0.63492,0,0
0.57477,0,0
0.51697,0,0
0.45964,0,0
0.40249,0,0
0.3475,0,0
0.29445,0,0
0.23886,0,0
0.19249,0,0
0.15197,0,0
0.09133,0,0
0.0265,0,0
0.0,0,0
0.0005,0,0
0.00635,0,0
0.01222,0,0
0.0142,0,0
0.00833,0,0
0.0037,0,0
0.0,0,0
0.0,0,0
0.00377,0,0
0.00859,0,0
0.01479,0,0
0.0149,0,0
0.00879,0,0
0.00393,0,0
0.0,0,0
0.0,0,0
0.0,0,0
0.00221,0,0
0.00461,0,0
0.00443,0,0
0.00157,0,0
0.0,0,0
0.0,0,0
0.0,0,0
0.0,0,0
0.0,0,0
0.0,0,0
0.0,0,0
0.0,0,0
0.0,0,0
0.0,0,0
0.0015,0,0
0.0,0,0
0.0,0,0
0.0,0,0
0.0,0,0
0.0,0,0
0.0,0,0
0.0,0,0
0.0,0,0
0.0,0,0
0.0,0,0
0.0,0,0
0.00039,0,0
0.00093,0,0
0.00144,0,0
0.00194,0,0
0.0298,0,0
0.08911,0,0
0.15068,0,0
0.21313,0,0
0.26734,0,0
0.31769,0,0
0.3713,0,0
0.42114,0,0
0.47701,1,1
0.5423,1,1
0.59332,1,1
0.63412,1,1
0.69979,1,1
0.7933,1,1
0.6947,1,1
0.41661,0,0
0.14856,0,0
0.02406,0,0
0.02386,0,0
0.10961,0,0
0.2303,0,0
0.29686,0,0
0.37225,0,0
0.45518,1,1
0.67211,1,1
1.02233,1,1
1.14975,1,1
1.05693,1,1
1.01915,1,1
1.03526,1,1
1.03185,1,1
1.007,1,1
0.99465,1,1
1.00029,1,1
0.95722,1,1
0.87625,1,1
0.81636,1,1
0.77766,1,1
0.69884,1,1
0.58551,1,1
0.43416,0,0
0.32862,0,0
0.2505,0,0
0.19047,0,0
0.1597,0,0
0.14318,0,0
0.09474,0,0
0.0354,0,0
0.01136,0,0
0.01138,0,0
0.01141,0,0
0.01144,0,0
0.01857,0,0
0.03823,0,0
0.05804,0,0
0.08198,0,0
0.11178,0,0
0.14063,0,0
0.17067,0,0
0.21071,0,0
0.2231,0,0
0.20819,0,0
0.19292,0,0
0.17685,0,0
0.15679,0,0
0.12811,0,0
0.0991,0,0
0.07297,0,0
0.07075,0,0
0.08777,0,0
0.11152,0,0
0.13595,0,0
0.14914,0,0
0.14916,0,0
0.1496,0,0
0.15004,0,0
0.16042,0,0
0.18101,0,0
0.20252,0,0
0.22967,0,0
0.27845,0,0
0.34657,0,0
0.44545,0,0
0.57035,0,0
0.69127,0,0
0.84957,0,0
1.00886,0,0
1.18263,1,1
1.18278,1,1
1.01228,0,0
0.85265,0,0
0.69604,0,0
0.66065,0,0
0.71613,0,0
0.78202,0,0
0.84716,0,0
0.90344,0,0
0.95727,0,0
1.01889,0,0
1.08227,1,1
1.10197,1,1
1.10621,1,1
1.11099,1,1
1.0542,1,1
1.01795,0,0
1.022,0,0
1.01046,0,0
0.98786,0,0
0.94675,0,0
0.90979,0,0
0.88151,0,0
0.86035,0,0
0.84267,0,0
0.82927,0,0
0.83378,0,0
0.85492,0,0
0.89981,0,0
0.97017,0,0
1.05941,1,1
1.18976,1,1
1.29016,1,1
1.3615,1,1
1.28266,1,1
1.0587,1,1
0.82707,0,0
0.6809,0,0
0.65404,0,0
0.66013,0,0
0.68281,0,0
0.73948,0,0
0.81581,0,0
0.90735,0,0
0.96256,0,0
0.95159,0,0
0.88749,0,0
0.78521,0,0
0.71241,0,0
0.68405,0,0
0.67879,0,0
0.67989,0,0
0.68089,0,0
0.6806,0,0
0.6704,0,0
0.65111,0,0
0.64533,0,0
0.64837,0,0
0.65,0,0
0.65307,0,0
0.63165,0,0
0.58378,0,0
0.53644,0,0
0.49548,0,0
0.56011,0,0
0.75461,0,0
0.9744,0,0
1.21482,1,1
1.2879,1,1
1.20431,1,1
1.11753,1,1
1.02748,0,0
1.03508,0,0
1.1372,1,1
1.24382,1,1
1.34689,1,1
1.37382,1,1
1.31755,1,1
1.25837,1,1
1.1917,1,1
1.1836,1,1
1.23106,1,1
1.28207,1,1
1.32971,1,1
1.27403,1,1
1.10913,1,1
0.96264,1,1
0.82256,0,0
0.76858,0,0
0.8054,0,0
0.84063,0,0
0.87651,0,0
0.93861,0,0
1.02996,1,1
1.11909,1,1
1.22994,1,1
1.28243,1,1
1.27887,1,1
1.27919,1,1
1.27566,1,1
1.1774,1,1
1.00494,1,1
0.84419,0,0
0.68523,0,0
0.62725,0,0
0.6316,0,0
0.63809,0,0
0.64589,0,0
0.60723,0,0
0.56418,0,0
0.53321,0,0
0.52147,0,0
0.53408,0,0
0.56219,0,0
0.58613,0,0
0.60767,0,0
0.63921,0,0
0.68022,0,0
0.71501,0,0
0.74301,0,0
0.78289,0,0
0.83352,0,0
0.90372,0,0
0.99417,1,1
1.04761,1,1
1.05808,1,1
1.07087,1,1
1.0849,1,1
1.12106,1,1
1.1903,1,1
1.12528,1,1
0.94768,0,0
0.8163,0,0
0.72936,0,0
0.67007,0,0
0.63504,0,0
0.59128,0,0
0.54106,0,0
0.50985,0,0
0.49404,0,0
0.45263,0,0
0.39112,0,0
0.36817,0,0
0.37395,0,0
0.39844,0,0
0.4273,0,0
0.34378,0,0
0.19579,0,0
0.11372,0,0
0.06595,0,0
0.03515,0,0
0.0264,0,0
0.01797,0,0
0.01075,0,0
0.00844,0,0
0.00608,0,0
0.00652,0,0
0.00981,0,0
0.01671,0,0
0.03252,0,0
0.05338,0,0
0.08374,0,0
0.12451,0,0
0.16571,0,0
0.1944,0,0
0.19537,0,0
0.19636,0,0
0.19782,0,0
0.16429,0,0
0.11047,0,0
0.06311,0,0
0.02765,0,0
0.0133,0,0
0.01723,0,0
0.02279,0,0
0.02898,0,0
0.0426,0,0
0.06337,0,0
0.08453,0,0
0.11207,0,0
0.12708,0,0
0.12378,0,0
0.12081,0,0
0.11777,0,0
0.09759,0,0
0.07395,0,0
0.04985,0,0
0.02527,0,0
0.01447,0,0
0.01041,0,0
0.00632,0,0
0.00219,0,0
0.0,0,0
0.0,0,0
0.0,0,0
0.0,0,0
0.0,0,0
0.0,0,0
0.0033,0,0
0.00731,0,0
0.04157,0,0
0.11464,0,0
0.19706,0,0
0.28883,0,0
0.41744,0,0
0.63803,0,0
0.755,1,1
0.66726,1,1
0.50129,0,0
0.40207,0,0
0.43933,0,0
0.57573,0,0
0.78674,1,1
0.97208,1,1
1.03876,1,1
0.97379,1,1
0.9372,1,1
0.93629,1,1
0.91329,1,1
0.87435,1,1
0.84091,1,1
0.80754,1,1
0.79703,1,1
0.80924,1,1
0.76528,1,1
0.65975,1,1
0.68564,1,1
0.83295,1,1
1.0113,1,1
1.22104,1,1
1.22524,1,1
1.03947,1,1
0.88363,1,1
0.7627,1,1
0.64212,0,0
0.52247,0,0
0.38613,0,0
0.27759,0,0
0.23144,0,0
0.24006,0,0
0.25999,0,0
0.28897,0,0
0.27694,0,0
0.23034,0,0
0.19072,0,0
0.15887,0,0
0.12203,0,0
0.07965,0,0
0.07163,0,0
0.10549,0,0
0.14233,0,0
0.18079,0,0
0.19082,0,0
0.16463,0,0
0.1419,0,0
0.11922,0,0
0.09083,0,0
0.0651,0,0
0.04332,0,0
0.0213,0,0
0.01319,0,0
0.01326,0,0
0.01333,0,0
0.01336,0,0
0.01344,0,0
0.01351,0,0
0.01358,0,0
0.01366,0,0
0.01445,0,0
0.01863,0,0
0.02459,0,0
0.03109,0,0
0.03463,0,0
0.03474,0,0
0.03496,0,0
0.03508,0,0
0.03249,0,0
0.02714,0,0
0.02168,0,0
0.01769,0,0
0.01787,0,0
0.02219,0,0
0.02823,0,0
0.03436,0,0
0.05236,0,0
0.08243,0,0
0.11508,0,0
0.16241,0,0
0.20701,0,0
0.24929,0,0
0.30811,0,0
0.36608,0,0
0.38091,1,0
0.35167,0,0
0.32301,0,0
0.29492,0,0
0.2879,0,0
0.30464,0,0
0.32106,0,0
0.33953,0,0
0.35419,0,0
0.36504,0,0
0.37059,0,0
0.37431,1,1
0.60129,1,1
1.09474,1,1
1.26016,1,1
1.01748,1,1
0.86512,1,1
0.82814,1,1
0.84597,1,1
0.94701,1,1
1.07491,1,1
1.2236,1,1
1.22324,1,1
1.07123,1,1
0.96272,1,1
0.90547,1,1
0.7995,1,1
0.65215,1,1
0.47557,1,1
0.33335,0,0
0.29397,0,0
0.30285,0,0
0.30108,0,0
0.28788,0,0
0.27239,0,0
0.25377,0,0
0.22129,0,0
0.17594,0,0
0.18673,0,0
0.2554,0,0
0.41506,1,1
0.64307,1,1
0.65376,1,1
0.48333,1,1
0.38161,1,1
0.33883,0,0
0.29367,0,0
0.24954,0,0
0.21364,0,0
0.17594,0,0
0.1192,0,0
0.05577,0,0
0.01613,0,0
0.00944,0,0
0.00418,0,0
0.0,0,0
0.0,0,0
0.0,0,0
0.0,0,0
0.0,0,0
0.0,0,0
0.0,0,0
0.0,0,0
0.0,0,0
0.0,0,0
0.0,0,0
0.0,0,0
0.0,0,0
0.0,0,0
0.0,0,0
0.0,0,0
0.0,0,0
0.0,0,0
0.0,0,0
0.0,0,0
0.0,0,0
0.0,0,0
0.0,0,0
0.0,0,0
0.0,0,0
0.0,0,0
0.0,0,0
0.0,0,0
0.0,0,0
0.0,0,0
0.0,0,0
0.0,0,0
0.0,0,0
0.0,0,0
0.0,0,0
0.0,0,0
0.0,0,0
0.0,0,0
0.0,0,0
0.0,0,0
0.0008,0,0
0.00543,0,0
0.01066,0,0
0.01581,0,0
0.02655,0,0
0.06076,0,0
0.11153,0,0
0.17236,0,0
0.23306,0,0
0.33461,0,0
0.51771,0,0
0.71883,0,0
0.91297,0,0
1.0962,0,0
1.22986,0,0
1.40474,0,0
1.61001,0,0
1.76388,0,0
1.83295,0,0
1.79073,0,0
1.56824,0,0
1.4371,0,0
1.4,0,0
1.42033,0,0
1.48632,0,0
1.46579,0,0
1.40928,0,0
1.5019,0,0
1.72735,0,0
1.98771,1,1
2.20493,1,1
2.32937,1,1
2.36126,1,1
2.38112,1,1
2.40417,1,1
2.3976,1,1
2.37308,1,1
2.29755,1,1
2.17994,1,1
2.02884,1,1
1.84934,0,0
1.71856,0,0
1.63935,0,0
1.59237,0,0
1.56886,0,0
1.50144,0,0
1.38937,0,0
1.22975,0,0
1.03418,0,0
1.0877,0,0
1.43636,0,0
1.79078,0,0
2.13688,1,1
2.18044,1,1
1.92161,0,0
1.6333,0,0
1.33247,0,0
1.26057,0,0
1.42919,0,0
1.5966,0,0
1.76098,0,0
1.92739,0,0
2.08398,1,1
2.23298,1,1
2.38296,1,1
2.49716,1,1
2.58171,1,1
2.65944,1,1
2.74582,1,1
2.68552,1,1
2.48282,1,1
2.26445,1,1
2.0468,1,1
1.89801,0,0
1.82812,0,0
1.76018,0,0
1.67717,0,0
1.6581,1,1
1.70256,1,1
1.75325,1,1
1.79854,1,1
1.69431,1,1
1.44121,1,1
1.20222,1,1
0.98028,1,1
0.81054,1,1
0.71867,1,1
0.62538,1,1
0.53064,1,1
0.4517,1,1
0.39654,1,1
0.34135,0,0
0.28611,0,0
0.25529,0,0
0.2435,0,0
0.23187,0,0
0.2204,0,0
0.17168,0,0
0.09614,0,0
0.04281,0,0
0.01303,0,0
0.02954,0,0
0.07597,0,0
0.14666,0,0
0.2207,0,0
0.26361,0,0
0.27625,0,0
0.27994,0,0
0.27782,0,0
0.27008,0,0
0.25601,0,0
0.29814,0,0
0.397,1,1
0.54676,1,1
0.74915,1,1
0.76806,1,1
0.5958,1,1
0.48124,1,1
0.42474,1,1
0.36481,0,0
0.30377,0,0
0.23672,0,0
0.1613,0,0
0.13626,0,0
0.15908,0,0
0.16094,0,0
0.14216,0,0
0.16058,0,0
0.21546,0,0
0.27004,0,0
0.32571,0,0
0.36149,0,0
0.3744,0,0
0.40906,1,1
0.46561,1,1
0.44747,1,1
0.35271,0,0
0.27306,0,0
0.21011,0,0
0.16787,0,0
0.14607,0,0
0.11211,0,0
0.06722,0,0
0.04891,0,0
0.05561,0,0
0.06145,0,0
0.06629,0,0
0.05066,0,0
0.01591,0,0
0.0,0,0
0.0,0,0
0.00091,0,0
0.00463,0,0
0.00892,0,0
0.01381,0,0
0.02848,0,0
0.05194,0,0
0.06638,0,0
0.07201,0,0
0.07748,0,0
0.08299,0,0
0.10146,0,0
0.14358,0,0
0.1868,0,0
0.23319,0,0
0.2347,0,0
0.19044,0,0
0.14872,0,0
0.10612,0,0
0.08427,0,0
0.07163,0,0
0.0585,0,0
0.04498,0,0
0.02141,0,0
0.01259,0,0
0.0056,0,0
0.0,0,0
0.0,0,0
0.0,0,0
0.00317,0,0
0.00663,0,0
0.01051,0,0
0.01477,0,0
0.0191,0,0
0.03233,0,0
0.05092,0,0
0.06785,0,0
0.08479,0,0
0.10175,0,0
0.10943,0,0
0.10867,0,0
0.10792,0,0
0.10718,0,0
0.11095,0,0
0.12112,0,0
0.1348,0,0
0.1477,0,0
0.20325,0,0
0.31303,0,0
0.43471,0,0
0.56964,0,0
0.66869,0,0
0.74404,0,0
0.82863,0,0
0.91031,0,0
1.01623,0,0
1.15179,0,0
1.25927,0,0
1.3139,1,1
1.36753,1,1
1.41108,1,1
1.47035,1,1
1.55954,1,1
1.68486,1,1
1.84504,1,1
1.94826,1,1
1.99475,1,1
2.00843,1,1
1.99155,1,1
1.95431,1,1
1.89817,1,1
1.85871,1,1
1.82699,1,1
1.77159,1,1
1.70023,1,1
1.64771,1,1
1.60571,1,1
1.56373,1,1
1.52892,1,1
1.48967,1,1
1.44904,1,1
1.37822,1,1
1.27876,0,0
1.18688,0,0
1.09243,0,0
0.96689,0,0
0.81845,0,0
0.69949,0,0
0.60773,0,0
0.47319,0,0
0.31966,0,0
0.2154,0,0
0.15807,0,0
0.09976,0,0
0.03122,0,0
0.00331,0,0
0.00546,0,0
0.00763,0,0
0.00978,0,0
0.01282,0,0
0.01837,0,0
0.03679,0,0
0.05544,0,0
0.06109,0,0
0.05317,0,0
0.04538,0,0
0.03743,0,0
0.04436,0,0
0.06641,0,0
0.08862,0,0
0.11825,0,0
0.1018,0,0
0.0573,0,0
0.01658,0,0
0.00722,0,0
0.00102,0,0
0.0,0,0
0.0,0,0
0.0,0,0
0.0,0,0
0.0,0,0
0.0,0,0
0.0,0,0
0.0,0,0
0.0,0,0
0.0,0,0
0.0,0,0
0.0,0,0
0.0,0,0
0.0,0,0
0.0,0,0
0.0,0,0
0.0,0,0
0.0,0,0
0.0,0,0
0.0,0,0
0.0,0,0
0.0,0,0
0.0,0,0
0.0,0,0
0.0,0,0
0.0,0,0
0.0,0,0
0.03946,0,0
0.1374,0,0
0.23931,0,0
0.31416,0,0
0.33137,0,0
0.31133,0,0
0.33853,0,0
0.48423,0,0
0.6941,0,0
0.87881,1,1
0.97778,1,1
0.97339,1,1
1.00106,1,1
1.06985,1,1
1.07697,1,1
1.0219,1,1
0.9557,1,1
0.87768,1,1
0.87652,1,1
0.95724,1,1
1.02811,1,1
1.08929,1,1
1.10385,1,1
1.07748,1,1
1.06738,1,1
1.07746,1,1
1.06131,1,1
1.02154,1,1
1.00413,1,1
1.00156,1,1
0.95499,1,1
0.86553,1,1
0.75968,0,0
0.6423,0,0
0.63236,0,0
0.71069,0,0
0.77753,0,0
0.82919,1,0
0.75934,0,0
0.59527,0,0
0.46809,0,0
0.37359,0,0
0.29655,0,0
0.22889,0,0
0.16622,0,0
0.11242,0,0
0.06454,0,0
0.02017,0,0
0.0,0,0
0.0,0,0
0.0,0,0
0.0,0,0
0.0,0,0
0.0,0,0
0.0,0,0
0.0,0,0
0.0,0,0
0.0,0,0
0.0,0,0
0.0,0,0
0.0,0,0
0.0,0,0
0.0,0,0
0.0,0,0
0.0,0,0
0.0,0,0
0.0,0,0
0.0,0,0
0.0,0,0
0.0,0,0
0.0,0,0
0.0,0,0
0.0,0,0
0.0,0,0
0.0,0,0
0.0,0,0
0.0,0,0
0.0,0,0
0.0,0,0
0.0,0,0
0.0,0,0
0.0,0,0
0.0,0,0
0.0,0,0
0.0,0,0
0.0,0,0
0.0,0,0
0.0,0,0
0.0,0,0
0.0,0,0
0.0,0,0
0.0,0,0
0.0,0,0
0.0,0,0
0.0,0,0
0.0,0,0
0.04477,0,0
0.17376,0,0
0.31986,0,0
0.41934,0,0
0.46325,0,0
0.47331,0,0
0.52299,0,0
0.6041,0,0
0.65782,0,0
0.68342,0,0
0.72226,0,0
0.78055,1,1
0.82537,1,1
0.85168,1,1
0.93057,1,1
1.07295,1,1
1.24339,1,1
1.44438,1,1
1.49474,1,1
1.38898,1,1
1.31577,1,1
1.27946,1,1
1.23885,1,1
1.19283,1,1
1.14157,1,1
1.08677,1,1
1.0559,1,1
1.04632,1,1
1.04912,1,1
1.06131,1,1
1.03671,1,1
0.97222,1,1
0.90515,1,1
0.83707,1,1
0.78534,1,1
0.74641,0,0
0.70951,0,0
0.6781,0,0
0.63807,0,0
0.58659,0,0
0.54809,0,0
0.52031,0,0
0.4505,0,0
0.36963,0,0
0.31661,0,0
0.27294,0,0
0.23641,0,0
0.20872,0,0
0.21488,0,0
0.25655,0,0
0.29909,0,0
0.34095,0,0
0.35353,0,0
0.33556,0,0
0.31633,0,0
0.29773,0,0
0.30772,0,0
0.34777,0,0
0.39655,0,0
0.46867,0,0
0.50518,0,0
0.50841,0,0
0.51014,0,0
0.51342,0,0
0.53047,0,0
0.56469,0,0
0.59754,0,0
0.63061,0,0
0.57079,0,0
0.41143,0,0
0.32045,0,0
0.2313,0,0
0.1839,0,0
0.15682,0,0
0.12971,0,0
0.10352,0,0
0.08522,0,0
0.06562,0,0
0.0453,0,0
0.02461,0,0
0.01623,0,0
0.01246,0,0
0.00863,0,0
0.00476,0,0
0.00412,0,0
0.0068,0,0
0.00954,0,0
0.01228,0,0
0.01775,0,0
0.04696,0,0
0.08566,0,0
0.12875,0,0
0.14589,0,0
0.1196,0,0
0.1014,0,0
0.08504,0,0
0.09696,0,0
0.17201,0,0
0.2718,0,0
0.33876,0,0
0.39366,0,0
0.4508,0,0
0.52125,0,0
0.63821,0,0
0.75669,0,0
0.87505,0,0
0.94768,0,0
0.95368,1,1
0.96745,1,1
0.99517,1,1
1.04327,1,1
1.11504,1,1
1.15827,1,1
1.1678,1,1
1.18947,1,1
1.24417,1,1
1.32517,1,1
1.4485,1,1
1.48414,1,1
1.42649,1,1
1.35587,1,1
1.26656,1,1
1.23929,1,1
1.27193,1,1
1.30517,1,1
1.33463,1,1
1.30127,1,1
1.21624,1,1
1.16107,1,1
1.1285,1,1
1.03081,1,1
0.87618,0,0
0.74863,0,0
0.65315,0,0
0.55704,0,0
0.4504,0,0
0.35205,0,0
0.26514,0,0
0.20688,0,0
0.16815,0,0
0.12801,0,0
0.08589,0,0
0.04714,0,0
0.01457,0,0
0.0,0,0
0.0,0,0
0.0,0,0
0.0,0,0
0.0,0,0
0.0,0,0
0.0,0,0
0.0,0,0
0.0,0,0
0.0,0,0
0.0,0,0
0.0,0,0
0.0,0,0
0.00143,0,0
0.00516,0,0
0.00891,0,0
0.01272,0,0
0.01823,0,0
0.0365,0,0
0.05516,0,0
0.06513,0,0
0.06658,0,0
0.06808,0,0
0.06965,0,0
0.0548,0,0
0.02329,0,0
0.01252,0,0
0.00589,0,0
0.00502,0,0
0.01001,0,0
0.01507,0,0
0.02574,0,0
0.02602,0,0
0.01556,0,0
0.01057,0,0
0.00541,0,0
0.00146,0,0
0.0,0,0
0.0,0,0
0.0,0,0
0.0,0,0
0.00414,0,0
0.01214,0,0
0.02093,0,0
0.03039,0,0
0.01798,0,0
0.01392,0,0
0.00992,0,0
0.04251,0,0
0.14181,0,0
0.25182,0,0
0.32102,0,0
0.37341,0,0
0.42765,0,0
0.47266,1,1
0.50832,1,1
0.51547,1,1
0.48826,1,1
0.54649,1,1
0.70525,1,1
0.88913,1,1
1.09318,1,1
1.13516,1,1
1.00112,1,1
0.84343,1,1
0.76807,1,1
0.77153,1,1
0.91928,1,1
1.18555,1,1
1.39096,1,1
1.41415,1,1
1.2667,1,1
1.19127,1,1
1.18924,1,1
1.08373,1,1
0.8797,1,1
0.64073,1,1
0.47996,1,1
0.44095,0,0
0.41617,0,0
0.36605,0,0
0.29669,0,0
0.27841,0,0
0.30392,0,0
0.3326,0,0
0.36169,0,0
0.34223,0,0
0.27633,0,0
0.21815,0,0
0.16648,0,0
0.13626,0,0
0.12706,0,0
0.13037,0,0
0.13307,0,0
0.09183,0,0
0.02776,0,0
0.0001,0,0
0.0001,0,0
0.0001,0,0
0.0001,0,0
0.00086,0,0
0.00238,0,0
0.00393,0,0
0.00551,0,0
0.00735,0,0
0.00948,0,0
0.0116,0,0
0.01373,0,0
0.01115,0,0
0.0038,0,0
0.0,0,0
0.0,0,0
0.0,0,0
0.0,0,0
0.0,0,0
0.0,0,0
0.0,0,0
0.0,0,0
0.0,0,0
0.00073,0,0
0.0038,0,0
0.00626,0,0
0.00874,0,0
0.01124,0,0
0.01532,0,0
0.03021,0,0
0.0578,0,0
0.08597,0,0
0.08043,0,0
0.04063,0,0
0.0155,0,0
0.00705,0,0
0.00476,0,0
0.00876,0,0
0.01275,0,0
0.0168,0,0
0.02251,0,0
0.03843,0,0
0.05436,0,0
0.07031,0,0
0.0939,0,0
0.13082,0,0
0.17878,0,0
0.22612,0,0
0.28937,0,0
0.37815,0,0
0.46817,0,0
0.55865,1,1
0.62919,1,1
0.72088,1,1
0.7995,1,1
0.80601,1,1
0.91794,1,1
1.143,1,1
1.2994,1,1
1.36912,1,1
1.35826,1,1
1.20115,1,1
1.16889,1,1
1.26652,1,1
1.40279,1,1
1.57457,1,1
1.56987,1,1
1.37355,1,1
1.1829,1,1
1.00579,1,1
0.86417,1,1
0.74802,1,1
0.62655,1,1
0.52059,0,0
0.46859,0,0
0.43913,0,0
0.40104,0,0
0.35302,0,0
0.35211,0,0
0.40543,0,0
0.47118,0,0
0.54117,0,0
0.53138,0,0
0.45213,0,0
0.39713,0,0
0.37409,0,0
0.37803,0,0
0.39274,0,0
0.39464,0,0
0.38745,0,0
0.402,0,0
0.43778,0,0
0.49041,0,0
0.54761,0,0
0.57314,1,1
0.58007,1,1
0.49988,0,0
0.33846,0,0
0.24003,0,0
0.15789,0,0
0.14337,0,0
0.18697,0,0
0.23973,0,0
0.30031,0,0
0.28859,0,0
0.20485,0,0
0.14219,0,0
0.0837,0,0
0.0569,0,0
0.04429,0,0
0.03142,0,0
0.01847,0,0
0.02115,0,0
0.03973,0,0
0.05853,0,0
0.07757,0,0
0.09609,0,0
0.12273,0,0
0.15084,0,0
0.18042,0,0
0.20082,0,0
0.21195,0,0
0.22331,0,0
0.23412,0,0
0.22254,0,0
0.18773,0,0
0.15141,0,0
0.1143,0,0
0.13022,0,0
0.2009,0,0
0.27592,0,0
0.37441,0,0
0.40354,0,0
0.36217,0,0
0.31962,0,0
0.27734,0,0
0.30383,0,0
0.39698,0,0
0.51043,0,0
0.67747,0,0
0.70675,0,0
0.60213,0,0
0.50028,0,0
0.4186,0,0
0.38399,0,0
0.39725,0,0
0.45653,0,0
0.56853,0,0
0.66995,0,0
0.71744,0,0
0.81381,0,0
0.98447,0,0
1.1216,0,0
1.21435,0,0
1.37195,0,0
1.56817,0,0
1.69851,0,0
1.77135,0,0
1.81192,0,0
1.81696,0,0
1.84676,0,0
1.91456,0,0
2.00093,0,0
2.10981,0,0
2.38234,0,0
2.91643,1,1
3.37431,1,1
3.7456,1,1
3.75878,1,1
3.42579,1,1
3.06208,1,1
2.6707,1,1
2.47424,0,0
2.47628,0,0
2.4852,1,1
2.48493,1,1
2.84561,1,1
3.50026,1,1
4.05223,1,1
4.32757,1,1
4.30629,1,1
4.1037,1,1
3.77415,1,1
3.3473,1,1
3.102,1,1
3.06959,1,1
3.06888,1,1
3.07406,1,1
2.96612,1,1
2.72351,1,1
2.4913,1,1
2.28376,0,0
2.16521,0,0
2.11914,0,0
2.07274,0,0
2.03158,0,0
1.89659,0,0
1.65196,0,0
1.39799,0,0
1.13296,0,0
0.91475,0,0
0.73003,0,0
0.57726,0,0
0.44332,0,0
0.4462,0,0
0.5886,0,0
0.75629,0,0
0.96016,0,0
0.91272,0,0
0.63211,0,0
0.40922,0,0
0.27886,0,0
0.20924,0,0
0.19042,0,0
0.17108,0,0
0.15075,0,0
0.13488,0,0
0.12272,0,0
0.1103,0,0
0.10107,0,0
0.09047,0,0
0.076,0,0
0.06151,0,0
0.04671,0,0
0.03313,0,0
0.02084,0,0
0.01761,0,0
0.01515,0,0
0.01796,0,0
0.04768,0,0
0.08733,0,0
0.13129,0,0
0.13603,0,0
0.09602,0,0
0.06293,0,0
0.03049,0,0
0.01924,0,0
0.0235,0,0
0.02923,0,0
0.03477,0,0
0.05887,0,0
0.13378,0,0
0.26945,0,0
0.46272,0,0
0.59242,0,0
0.59512,0,0
0.67885,0,0
0.86813,0,0
1.04303,0,0
1.20566,0,0
1.34624,0,0
1.42883,1,1
1.45044,1,1
1.41128,1,1
1.40142,1,1
1.43945,1,1
1.49491,1,1
1.57038,1,1
1.59302,1,1
1.56816,1,1
1.5512,1,1
1.55199,1,1
1.59391,1,1
1.67621,1,1
1.69781,1,1
1.67329,1,1
1.60727,1,1
1.52712,1,1
1.48737,1,1
1.48758,1,1
1.49038,1,1
1.50036,1,1
1.51058,1,1
1.51766,1,1
1.45889,1,1
1.3461,0,0
1.22108,0,0
1.08194,0,0
0.9607,0,0
0.8459,0,0
0.73417,0,0
0.62201,0,0
0.48177,0,0
0.34505,0,0
0.24865,0,0
0.1797,0,0
0.10668,0,0
0.03843,0,0
0.01378,0,0
0.01382,0,0
0.01387,0,0
0.01391,0,0
0.013,0,0
0.01108,0,0
0.00917,0,0
0.0072,0,0
0.00622,0,0
0.00626,0,0
0.0063,0,0
0.00634,0,0
0.00794,0,0
0.01118,0,0
0.01447,0,0
0.02452,0,0
0.03897,0,0
0.05253,0,0
0.06623,0,0
0.08019,0,0
0.08822,0,0
0.0899,0,0
0.09164,0,0
0.09344,0,0
0.10699,0,0
0.14377,0,0
0.18082,0,0
0.21815,0,0
0.23351,0,0
0.22736,0,0
0.2203,0,0
0.2138,0,0
0.2161,0,0
0.22666,0,0
0.23813,0,0
0.24977,0,0
0.25164,0,0
0.24265,0,0
0.23277,0,0
0.22367,0,0
0.2037,0,0
0.17368,0,0
0.14312,0,0
0.11381,0,0
0.1007,0,0
0.09371,0,0
0.0868,0,0
0.07999,0,0
0.08773,0,0
0.11382,0,0
0.1505,0,0
0.19914,0,0
0.30255,0,0
0.4977,0,0
0.71835,0,0
0.95827,0,0
1.0223,1,0
0.84986,0,0
0.83818,0,0
1.02403,1,1
1.19104,1,1
1.33119,1,1
1.39391,1,1
1.37396,1,1
1.36224,1,1
1.36502,1,1
1.37099,1,1
1.37833,1,1
1.38916,1,1
1.39975,1,1
1.37689,1,1
1.32179,1,1
1.27542,1,1
1.24029,1,1
1.2132,1,1
1.19295,1,1
1.17292,1,1
1.15542,1,1
1.11789,1,1
1.06434,1,1
1.03406,1,1
1.02372,1,1
0.94011,0,0
0.79755,0,0
0.66185,0,0
0.53279,0,0
0.46606,0,0
0.43287,0,0
0.38896,0,0
0.34027,0,0
0.28666,0,0
0.22819,0,0
0.17349,0,0
0.12296,0,0
0.07761,0,0
0.06056,0,0
0.06255,0,0
0.07452,0,0
0.08782,0,0
0.10637,0,0
0.12536,0,0
0.14496,0,0
0.16446,0,0
0.18418,0,0
0.1801,0,0
0.15073,0,0
0.12101,0,0
0.09093,0,0
0.07826,0,0
0.07355,0,0
0.0688,0,0
0.06384,0,0
0.04665,0,0
0.01666,0,0
0.00973,0,0
0.00335,0,0
0.0,0,0
0.0,0,0
0.0,0,0
0.0,0,0
0.0,0,0
0.0,0,0
0.0,0,0
0.00431,0,0
0.00855,0,0
0.01111,0,0
0.01369,0,0
0.01638,0,0
0.01781,0,0
0.01794,0,0
0.01807,0,0
0.01826,0,0
0.01378,0,0
0.0047,0,0
0.0,0,0
0.0,0,0
0.0,0,0
0.0,0,0
0.0,0,0
0.0,0,0
0.0,0,0
0.0,0,0
0.0,0,0
0.0,0,0
0.02839,0,0
0.08827,0,0
0.1491,0,0
0.20937,0,0
0.30204,0,0
0.45643,0,0
0.57588,0,0
0.63912,0,0
0.7242,0,0
0.83926,0,0
0.92276,0,0
0.96561,0,0
1.02344,0,0
1.09357,0,0
1.12549,0,0
1.11462,0,0
1.11666,0,0
1.13323,0,0
1.16824,0,0
1.21961,0,0
1.26772,0,0
1.30936,1,1
1.31488,1,1
1.28536,1,1
1.26087,0,0
1.24451,0,0
1.28725,1,1
1.38768,1,1
1.47108,1,1
1.53404,1,1
1.55295,1,1
1.5347,1,1
1.55734,1,1
1.61451,1,1
1.57088,1,1
1.45381,1,1
1.37489,1,1
1.35152,1,1
1.34089,1,1
1.32868,1,1
1.29891,1,1
1.25493,0,0
1.22088,0,0
1.19009,0,0
1.22262,0,0
1.31816,1,1
1.43089,1,1
1.54814,1,1
1.54103,1,1
1.41322,1,1
1.27956,1,1
1.13869,0,0
0.97291,0,0
0.80598,0,0
0.64268,0,0
0.51073,0,0
0.48806,0,0
0.56113,0,0
0.64431,0,0
0.7468,0,0
0.8395,0,0
0.92055,0,0
1.00252,0,0
1.104,0,0
1.11333,0,0
1.02815,0,0
0.95496,0,0
0.88333,0,0
0.85791,0,0
0.883,0,0
0.90689,0,0
0.93209,0,0
0.96918,1,1
1.01732,1,1
1.06578,1,1
1.11456,1,1
1.09899,1,1
1.02088,1,1
0.9377,1,1
0.85286,0,0
0.88517,0,0
1.03473,1,1
1.18633,1,1
1.3546,1,1
1.50171,1,1
1.60578,1,1
1.7106,1,1
1.81,1,1
1.86621,1,1
1.87289,1,1
1.87321,1,1
1.87353,1,1
1.72813,1,1
1.43503,1,1
1.1685,1,1
0.93326,1,1
0.7875,0,0
0.74646,0,0
0.71022,0,0
0.67486,0,0
0.59661,0,0
0.49369,0,0
0.43461,0,0
0.49479,0,0
0.63097,0,0
0.74577,0,0
0.82884,0,0
0.87333,0,0
0.8859,0,0
0.84871,0,0
0.78763,0,0
0.70903,0,0
0.58741,0,0
0.48164,0,0
0.48604,0,0
0.57606,0,0
0.66825,0,0
0.71933,0,0
0.76677,0,0
0.81535,0,0
0.90657,0,0
1.03678,1,1
1.0012,1,1
0.80224,0,0
0.60026,0,0
0.47663,0,0
0.45216,0,0
0.44831,0,0
0.44647,0,0
0.44029,0,0
0.40104,0,0
0.32939,0,0
0.25998,0,0
0.19371,0,0
0.16568,0,0
0.17647,0,0
0.19361,0,0
0.21282,0,0
0.18458,0,0
0.11587,0,0
0.04041,0,0
0.0,0,0
0.0,0,0
0.0,0,0
0.0,0,0
0.00032,0,0
0.0054,0,0
0.01054,0,0
0.01109,0,0
0.00695,0,0
0.00273,0,0
0.0,0,0
0.0,0,0
0.0,0,0
0.0,0,0
0.0,0,0
0.0,0,0
0.0,0,0
0.00233,0,0
0.00484,0,0
0.00613,0,0
0.00619,0,0
0.00624,0,0
0.00631,0,0
0.00644,0,0
0.00666,0,0
0.00691,0,0
0.00715,0,0
0.00641,0,0
0.00463,0,0
0.00284,0,0
0.00103,0,0
0.00378,0,0
0.01118,0,0
0.01939,0,0
0.05535,0,0
0.06925,0,0
0.06089,0,0
0.05216,0,0
0.04346,0,0
0.04364,0,0
0.05296,0,0
0.06251,0,0
0.07189,0,0
0.06881,0,0
0.05325,0,0
0.03768,0,0
0.02209,0,0
0.01775,0,0
0.01634,0,0
0.01495,0,0
0.01353,0,0
0.04894,0,0
0.15213,0,0
0.27673,0,0
0.41831,0,0
0.53892,0,0
0.6315,0,0
0.72623,0,0
0.80856,0,0
0.90974,0,0
1.02936,0,0
1.10587,1,1
1.12399,1,1
1.13809,1,1
1.16839,1,1
1.21227,1,1
1.27224,1,1
1.33662,1,1
1.40718,1,1
1.43598,1,1
1.42552,1,1
1.4316,1,1
1.45507,1,1
1.43856,1,1
1.37507,1,1
1.31588,1,1
1.2641,1,1
1.23937,1,1
1.23973,1,1
1.24718,1,1
1.26072,1,1
1.22831,1,1
1.15402,1,1
1.09533,1,1
1.05116,1,1
0.95689,0,0
0.82068,0,0
0.68136,0,0
0.54571,0,0
0.49854,0,0
0.50761,0,0
0.4985,0,0
0.4701,0,0
0.37259,0,0
0.25001,0,0
0.16028,0,0
0.09163,0,0
0.04401,0,0
0.01437,0,0
0.00358,0,0
0.00662,0,0
0.00969,0,0
0.01279,0,0
0.01494,0,0
0.01854,0,0
0.02358,0,0
0.02867,0,0
0.04129,0,0
0.06141,0,0
0.08166,0,0
0.10823,0,0
0.1302,0,0
0.14244,0,0
0.15475,0,0
0.16714,0,0
0.16169,0,0
0.13863,0,0
0.11496,0,0
0.09225,0,0
0.09716,0,0
0.1341,0,0
0.17393,0,0
0.21594,0,0
0.21956,0,0
0.18268,0,0
0.14532,0,0
0.10855,0,0
0.09375,0,0
0.0887,0,0
0.08384,0,0
0.07857,0,0
0.06542,0,0
0.0437,0,0
0.02204,0,0
0.01554,0,0
0.01263,0,0
0.0114,0,0
0.01011,0,0
0.00881,0,0
0.01182,0,0
0.01916,0,0
0.05119,0,0
0.08622,0,0
0.10338,0,0
0.1023,0,0
0.10124,0,0
0.1002,0,0
0.11835,0,0
0.15931,0,0
0.20146,0,0
0.244,0,0
0.33974,0,0
0.51438,0,0
0.61257,0,0
0.59132,0,0
0.56624,0,0
0.57921,0,0
0.62765,0,0
0.75129,0,0
0.9064,0,0
1.04572,0,0
1.05598,0,0
0.93148,0,0
0.83461,0,0
0.7655,0,0
0.81014,0,0
0.97434,0,0
1.12919,0,0
1.26128,1,1
1.25724,1,1
1.12732,0,0
1.0675,0,0
1.07369,0,0
1.0681,0,0
1.03807,0,0
1.0302,0,0
1.08672,0,0
1.28125,1,1
1.56844,1,1
1.83324,1,1
1.98638,1,1
2.03807,1,1
2.00164,1,1
1.83157,1,1
1.56764,1,1
1.35664,1,1
1.21006,1,1
1.17913,1,1
1.24076,1,1
1.28315,1,1
1.33228,1,1
1.29074,1,1
1.15565,0,0
1.02451,0,0
0.90747,0,0
0.83361,0,0
0.79358,0,0
0.75566,0,0
0.71749,0,0
0.6654,0,0
0.62138,0,0
0.57573,0,0
0.53106,0,0
0.50929,0,0
0.51105,0,0
0.51283,0,0
0.51461,0,0
0.61331,0,0
0.85287,0,0
1.12845,0,0
1.46186,1,1
1.56264,1,1
1.42834,1,1
1.29704,1,1
1.16402,0,0
1.17535,0,0
1.33538,1,1
1.50437,1,1
1.67357,1,1
1.84744,1,1
2.02232,1,1
2.19966,1,1
2.37863,1,1
2.22216,1,1
1.71888,1,1
1.20109,0,0
0.76618,0,0
0.6068,0,0
0.6135,0,0
0.62034,0,0
0.62959,0,0
0.63221,0,0
0.63031,0,0
0.63068,0,0
0.6288,0,0
0.65786,0,0
0.71503,0,0
0.77146,0,0
0.82822,0,0
0.801,0,0
0.69562,0,0
0.59296,0,0
0.49129,0,0
0.51079,0,0
0.67391,0,0
0.84375,0,0
0.96312,0,0
0.96914,0,0
0.89046,0,0
0.84195,0,0
0.90999,0,0
1.15804,0,0
1.51837,0,0
1.7555,1,1
1.85877,1,1
1.87351,1,1
1.78809,1,1
1.79142,1,1
1.89902,1,1
1.98652,1,1
2.05826,1,1
2.05143,1,1
1.97366,1,1
1.90242,1,1
1.86296,1,1
1.78352,1,1
1.66895,1,1
1.52407,1,1
1.35403,0,0
1.32815,0,0
1.41909,0,0
1.56289,1,1
1.75391,1,1
1.69735,1,1
1.41223,0,0
1.0498,0,0
0.81673,0,0
0.7452,0,0
0.73456,0,0
0.78224,0,0
0.77319,0,0
0.71154,0,0
0.61105,0,0
0.5295,0,0
0.46188,0,0
0.39458,0,0
0.33334,0,0
0.27847,0,0
0.20313,0,0
0.13542,0,0
0.08176,0,0
0.05319,0,0
0.04127,0,0
0.02927,0,0
0.0172,0,0
0.01442,0,0
0.0145,0,0
0.01459,0,0
0.01468,0,0
0.01767,0,0
0.03025,0,0
0.04303,0,0
0.05581,0,0
0.06251,0,0
0.06307,0,0
0.06364,0,0
0.06422,0,0
0.05294,0,0
0.02939,0,0
0.01443,0,0
0.00944,0,0
0.00953,0,0
0.01494,0,0
0.03121,0,0
0.05749,0,0
0.06696,0,0
0.05846,0,0
0.05006,0,0
0.04141,0,0
0.04927,0,0
0.07404,0,0
0.0995,0,0
0.13331,0,0
0.13473,0,0
0.10307,0,0
0.07832,0,0
0.05341,0,0
0.0342,0,0
0.02127,0,0
0.01771,0,0
0.01495,0,0
0.02586,0,0
0.09916,0,0
0.2038,0,0
0.33554,0,0
0.46532,0,0
0.64474,0,0
0.83231,0,0
1.07383,0,0
1.15264,1,0
1.08845,0,0
1.02193,0,0
0.95639,0,0
0.93768,0,0
0.98404,0,0
1.00805,0,0
1.00481,0,0
1.05695,0,0
1.17944,1,1
1.17702,1,1
1.05861,0,0
0.98494,0,0
0.95938,0,0
0.98582,0,0
1.04944,0,0
1.12543,1,1
1.22183,1,1
1.28521,1,1
1.32251,1,1
1.26996,1,1
1.12639,1,1
1.04912,0,0
1.04971,0,0
1.09885,1,1
1.19398,1,1
1.19043,1,1
1.10173,1,1
1.06602,0,1
1.08978,1,1
1.20104,1,1
1.41009,1,1
1.63684,1,1
1.85481,1,1
2.03231,1,1
2.15583,1,1
2.10728,1,1
1.8848,1,1
1.6291,1,1
1.36139,1,1
1.06423,0,0
0.74475,0,0
0.51359,0,0
0.36456,0,0
0.27547,0,0
0.22253,0,0
0.17742,0,0
0.1359,0,0
0.12518,0,0
0.14396,0,0
0.16286,0,0
0.18186,0,0
0.22582,0,0
0.2996,0,0
0.38978,0,0
0.5239,0,0
0.60277,0,0
0.62542,0,0
0.64835,0,0
0.67812,0,0
0.62707,0,0
0.51517,0,0
0.40011,0,0
0.32614,0,0
0.31524,0,0
0.35624,0,0
0.40736,0,0
0.48141,0,0
0.48735,0,0
0.42269,0,0
0.37901,0,0
0.34398,0,0
0.34971,0,0
0.39561,0,0
0.45434,0,0
0.53929,0,0
0.6145,0,0
0.68194,0,0
0.75131,0,0
0.82377,0,0
0.79205,0,0
0.65006,0,0
0.50763,0,0
0.41487,0,0
0.30787,0,0
0.20026,0,0
0.10871,0,0
0.04613,0,0
0.02312,0,0
0.03907,0,0
0.0549,0,0
0.07028,0,0
0.08979,0,0
0.11378,0,0
0.14992,0,0
0.18492,0,0
0.23378,0,0
0.33012,0,0
0.43702,0,0
0.49504,0,0
0.50879,0,0
0.49518,0,0
0.5212,0,0
0.59088,0,0
0.71388,0,0
0.86382,0,0
0.924,1,1
0.87113,1,1
0.80421,0,0
0.72482,0,0
0.72541,0,0
0.8163,0,0
0.90546,1,1
0.98889,1,1
1.05279,1,1
1.07811,1,1
1.09891,1,1
1.11567,1,1
1.12485,1,1
1.12065,1,1
1.0912,1,1
1.03714,1,1
1.0499,1,1
1.135,1,1
1.21721,1,1
1.29663,1,1
1.32298,1,1
1.29656,1,1
1.30244,1,1
1.32751,1,1
1.26582,1,1
1.12842,1,1
1.00656,1,1
0.88485,1,1
0.76476,0,0
0.64765,0,0
0.5409,0,0
0.43959,0,0
0.32093,0,0
0.20701,0,0
0.12575,0,0
0.07101,0,0
0.03457,0,0
0.01012,0,0
0.0,0,0
0.0,0,0
0.0,0,0
0.0,0,0
0.0,0,0
0.0,0,0
0.0,0,0
0.0,0,0
0.00238,0,0
0.00698,0,0
0.01162,0,0
0.01984,0,0
0.02372,0,0
0.01429,0,0
0.01123,0,0
0.00815,0,0
0.00714,0,0
0.00829,0,0
0.00947,0,0
0.01067,0,0
0.01567,0,0
0.0529,0,0
0.09722,0,0
0.16535,0,0
0.19605,0,0
0.18268,0,0
0.16923,0,0
0.15569,0,0
0.14963,0,0
0.15115,0,0
0.15217,0,0
0.15374,0,0
0.10862,0,0
0.04644,0,0
0.01229,0,0
0.0,0,0
0.0,0,0
0.0,0,0
0.0,0,0
0.0,0,0
0.00014,0,0
0.00014,0,0
0.00014,0,0
0.00014,0,0
0.0,0,0
0.0,0,0
0.0,0,0
0.0,0,0
0.02955,0,0
0.11534,0,0
0.24068,0,0
0.40826,0,0
0.52209,0,0
0.54191,0,0
0.61856,0,0
0.7703,0,0
0.91772,1,1
1.05722,1,1
1.11651,1,1
1.065,1,1
1.01696,1,1
0.97675,1,1
0.94604,1,1
0.93384,1,1
0.89275,1,1
0.82171,1,1
0.83189,1,1
0.93359,1,1
1.02984,1,1
1.12229,1,1
1.12845,1,1
1.04987,1,1
0.99705,1,1
0.97019,1,1
0.92989,1,1
0.87941,1,1
0.80755,0,0
0.71893,0,0
0.73083,0,0
0.83442,1,1
0.95996,1,1
1.10262,1,1
1.01413,1,1
0.71955,0,0
0.4287,0,0
0.27958,0,0
0.2501,0,0
0.23595,0,0
0.22607,0,0
0.2216,0,0
0.18473,0,0
0.12219,0,0
0.04734,0,0
0.00351,0,0
0.00353,0,0
0.00171,0,0
0.0,0,0
0.0,0,0
0.0,0,0
0.0,0,0
0.0,0,0
0.0,0,0
0.0,0,0
0.0,0,0
0.0,0,0
0.0,0,0
0.0,0,0
0.00385,0,0
0.006,0,0
0.00495,0,0
0.0039,0,0
0.00282,0,0
0.00447,0,0
0.00887,0,0
0.01334,0,0
0.02268,0,0
0.02849,0,0
0.01821,0,0
0.01571,0,0
0.01371,0,0
0.01206,0,0
0.0108,0,0
0.00955,0,0
0.0083,0,0
0.00836,0,0
0.00972,0,0
0.01112,0,0
0.01259,0,0
0.01571,0,0
0.02253,0,0
0.04516,0,0
0.06812,0,0
0.09922,0,0
0.15038,0,0
0.2114,0,0
0.27442,0,0
0.2745,0,0
0.21236,0,0
0.15116,0,0
0.10015,0,0
0.08023,0,0
0.07968,0,0
0.07913,0,0
0.0786,0,0
0.11538,0,0
0.19461,0,0
0.27893,0,0
0.37193,1,1
0.45052,1,1
0.52827,1,1
0.53834,1,1
0.45277,1,1
0.36182,1,1
0.30927,0,1
0.31716,1,1
0.36574,1,1
0.4247,1,1
0.49258,1,1
0.48524,1,1
0.40407,1,1
0.33703,1,1
0.28518,0,0
0.26771,0,0
0.28084,0,0
0.30096,0,0
0.3263,1,0
0.29528,0,0
0.20985,0,0
0.09648,0,0
0.02704,0,0
0.02691,0,0
0.09937,0,0
0.20957,0,0
0.28272,0,0
0.33804,1,1
0.37484,1,1
0.45017,1,1
0.57125,1,1
0.59202,1,1
0.53984,1,1
0.49042,1,1
0.4461,1,1
0.39557,1,1
0.34091,1,1
0.30367,0,0
0.29293,0,0
0.29991,0,0
0.31689,0,0
0.30861,0,0
0.26001,0,0
0.22663,0,0
0.20724,0,0
0.18963,0,0
0.17133,0,0
0.15282,0,0
0.13446,0,0
0.13489,0,0
0.15561,0,0
0.17659,0,0
0.19783,0,0
0.20455,0,0
0.1977,0,0
0.1902,0,0
0.18318,0,0
0.14053,0,0
0.07444,0,0
0.02407,0,0
0.00765,0,0
0.00236,0,0
0.00238,0,0
0.00239,0,0
0.00241,0,0
0.00304,0,0
0.00431,0,0
0.00567,0,0
0.00709,0,0
0.01462,0,0
0.06189,0,0
0.13561,0,0
0.237,0,0
0.28809,0,0
0.26434,0,0
0.24643,0,0
0.22906,0,0
0.20044,0,0
0.16118,0,0
0.12132,0,0
0.09458,0,0
0.07336,0,0
0.05697,0,0
0.04045,0,0
0.0238,0,0
0.02381,0,0
0.0405,0,0
0.05707,0,0
0.07381,0,0
0.08523,0,0
0.09125,0,0
0.09755,0,0
0.10343,0,0
0.13853,0,0
0.2465,0,0
0.36189,0,0
0.40691,0,0
0.42054,0,0
0.42163,0,0
0.47351,0,0
0.58006,0,0
0.66415,0,0
0.71995,1,1
0.78106,1,1
0.85968,1,1
0.97291,1,1
1.123,1,1
1.17535,1,1
1.10891,1,1
1.04567,1,1
0.98739,1,1
0.98784,1,1
1.0524,1,1
1.08833,1,1
1.12753,1,1
1.10551,1,1
1.0314,1,1
0.97571,1,1
0.93921,1,1
0.90352,1,1
0.87049,1,1
0.84419,1,1
0.82894,1,1
0.79562,1,1
0.74464,1,1
0.69735,1,1
0.65278,0,0
0.6079,0,0
0.56233,0,0
0.51326,0,0
0.46263,0,0
0.41968,0,0
0.37828,0,0
0.34467,0,0
0.3134,0,0
0.24075,0,0
0.15139,0,0
0.08602,0,0
0.02906,0,0
0.00147,0,0
0.0,0,0
0.0,0,0
0.0,0,0
0.0,0,0
0.0,0,0
0.0,0,0
0.0,0,0
0.0,0,0
0.0,0,0
0.0,0,0
0.0,0,0
0.0,0,0
0.0,0,0
0.0,0,0
0.0,0,0
0.0,0,0
0.0,0,0
0.0,0,0
0.0,0,0
0.00507,0,0
0.01268,0,0
0.02288,0,0
0.04397,0,0
0.06613,0,0
0.08951,0,0
0.09423,0,0
0.07914,0,0
0.06361,0,0
0.04812,0,0
0.02275,0,0
0.01338,0,0
0.00598,0,0
0.0,0,0
0.0,0,0
0.0,0,0
0.0,0,0
0.0,0,0
0.0,0,0
0.0,0,0
0.0,0,0
0.0,0,0
0.0,0,0
0.0,0,0
0.0,0,0
0.0,0,0
0.0,0,0
0.0,0,0
0.0,0,0
0.0,0,0
0.03093,0,0
0.13143,0,0
0.29283,0,0
0.51595,0,0
0.65733,0,0
0.64732,0,0
0.72229,0,0
0.91508,0,0
1.08122,0,0
1.22369,1,1
1.34138,1,1
1.43174,1,1
1.54395,1,1
1.65088,1,1
1.74015,1,1
1.804,1,1
1.85596,1,1
1.89099,1,1
1.9132,1,1
1.91098,1,1
1.91745,1,1
1.93275,1,1
1.91421,1,1
1.86264,1,1
1.80085,1,1
1.71961,1,1
1.64455,1,1
1.58082,1,1
1.52726,1,1
1.49258,1,1
1.43749,1,1
1.35741,1,1
1.28824,1,1
1.22134,0,0
1.13665,0,0
1.03858,0,0
0.97136,0,0
0.93256,0,0
0.7983,0,0
0.61315,0,0
0.4577,0,0
0.33355,0,0
0.25726,0,0
0.20132,0,0
0.14347,0,0
0.08164,0,0
0.04141,0,0
0.02172,0,0
0.02544,0,0
0.05234,0,0
0.07934,0,0
0.11167,0,0
0.15674,0,0
0.20452,0,0
0.26235,0,0
0.32882,0,0
0.31618,0,0
0.22453,0,0
0.15547,0,0
0.09156,0,0
0.0947,0,0
0.17038,0,0
0.25725,0,0
0.36789,0,0
0.40593,0,0
0.36939,0,0
0.33388,0,0
0.29715,0,0
0.29491,0,0
0.32522,0,0
0.35778,0,0
0.39171,0,0
0.40543,0,0
0.3949,0,0
0.38558,0,0
0.3747,0,0
0.35801,0,0
0.33265,0,0
0.30805,0,0
0.28286,0,0
0.32855,0,0
0.44965,0,0
0.62528,0,0
0.84658,1,1
0.97337,1,1
0.9737,1,1
0.97403,1,1
0.97057,1,1
0.8582,1,1
0.66701,0,0
0.48955,0,0
0.38346,0,0
0.35161,0,0
0.38805,0,0
0.42474,0,0
0.4604,0,0
0.44688,0,0
0.38569,0,0
0.33066,0,0
0.29537,0,0
0.3793,0,0
0.59191,0,0
0.72814,1,1
0.78264,1,1
0.78412,1,1
0.73399,1,1
0.72623,0,1
0.74829,1,1
0.77416,1,1
0.78973,1,1
0.8343,1,1
0.93198,1,1
1.1023,1,1
1.34473,1,1
1.30757,1,1
0.98287,1,1
0.61935,0,0
0.44679,0,0
0.44435,0,0
0.57327,0,0
0.72827,1,1
0.90781,1,1
0.90745,1,1
0.73616,1,1
0.57811,0,0
0.4703,0,0
0.45791,0,0
0.53965,0,0
0.64231,0,0
0.72726,1,0
0.71232,0,0
0.60624,0,0
0.53514,0,0
0.49765,0,0
0.41366,0,0
0.29656,0,0
0.15338,0,0
0.06591,0,0
0.06533,0,0
0.06375,0,0
0.04771,0,0
0.0303,0,0
0.02456,0,0
0.01839,0,0
0.04339,0,0
0.11021,0,0
0.2073,0,0
0.33489,0,0
0.39688,0,0
0.38763,0,0
0.37826,0,0
0.36763,0,0
0.34027,0,0
0.29375,0,0
0.2477,0,0
0.20928,0,0
0.16859,0,0
0.12109,0,0
0.08385,0,0
0.05264,0,0
0.04859,0,0
0.07228,0,0
0.09646,0,0
0.12788,0,0
0.15958,0,0
0.18674,0,0
0.21429,0,0
0.24281,0,0
0.25883,0,0
0.26068,0,0
0.2616,0,0
0.26349,0,0
0.26122,0,0
0.25369,0,0
0.24691,0,0
0.23901,0,0
0.22822,0,0
0.21277,0,0
0.19797,0,0
0.18295,0,0
0.20584,0,0
0.26684,0,0
0.34006,0,0
0.42342,0,0
0.41038,0,0
0.30227,0,0
0.22076,0,0
0.14408,0,0
0.1084,0,0
0.09999,0,0
0.09218,0,0
0.08454,0,0
0.0953,0,0
0.12775,0,0
0.16114,0,0
0.19489,0,0
0.27548,0,0
0.40514,0,0
0.52313,0,0
0.63102,0,0
0.73278,1,1
0.83972,1,1
0.96718,1,1
1.15575,1,1
1.28499,1,1
1.3272,1,1
1.31188,1,1
1.23681,1,1
1.2126,1,1
1.23454,1,1
1.19379,1,1
1.09278,1,1
1.00252,1,1
0.93187,1,1
0.84588,1,1
0.75079,1,1
0.61589,0,0
0.44423,0,0
0.39545,0,0
0.47468,0,0
0.59387,0,0
0.75117,1,1
0.83327,1,1
0.82721,1,1
0.8502,1,1
0.90574,1,1
0.91592,1,1
0.85362,1,1
0.75017,1,1
0.6061,0,0
0.52153,0,0
0.49483,0,0
0.45735,0,0
0.43086,0,0
0.42686,0,0
0.41985,0,0
0.39367,0,0
0.35486,0,0
0.31674,0,0
0.27929,0,0
0.21536,0,0
0.14376,0,0
0.08158,0,0
0.03559,0,0
0.03297,0,0
0.0744,0,0
0.12549,0,0
0.19137,0,0
0.25582,0,0
0.32257,0,0
0.38979,0,0
0.49216,0,0
0.53934,0,0
0.51144,0,0
0.48297,0,0
0.45393,0,0
0.43052,0,0
0.42082,0,0
0.4096,0,0
0.39965,0,0
0.40383,0,0
0.42557,0,0
0.44666,0,0
0.46852,0,0
0.5343,0,0
0.6371,0,0
0.74072,0,0
0.84518,0,0
0.97026,0,0
1.08593,0,0
1.20346,0,0
1.32288,0,0
1.32021,0,0
1.18177,0,0
1.04511,0,0
0.90842,0,0
0.78916,0,0
0.6525,0,0
0.51806,0,0
0.44246,0,0
0.46161,0,0
0.6193,0,0
0.8255,0,0
1.07115,0,0
1.16292,0,0
1.0595,0,0
0.95761,0,0
0.87193,0,0
0.86403,0,0
0.94729,0,0
1.07268,0,0
1.2342,0,0
1.29796,0,0
1.26234,0,0
1.27324,0,0
1.30444,0,0
1.3916,0,0
1.54556,0,0
1.6619,0,0
1.73572,1,1
1.76861,1,1
1.75915,1,1
1.7473,1,1
1.73659,1,1
1.71678,1,1
1.68786,1,1
1.65897,0,0
1.64117,0,0
1.62474,0,0
1.60386,0,0
1.5822,0,0
1.53668,0,0
1.51845,0,0
1.52536,0,0
1.53083,0,0
1.51898,0,0
1.53197,0,0
1.54672,0,0
1.5092,0,0
1.42305,0,0
1.32281,0,0
1.22732,0,0
1.22009,0,0
1.28474,0,0
1.33685,0,0
1.37834,0,0
1.29817,0,0
1.1241,0,0
1.01503,0,0
0.96257,0,0
0.96776,0,0
1.01907,0,0
1.03967,0,0
1.03524,0,0
1.04727,0,0
1.0668,0,0
1.19341,0,0
1.42994,0,0
1.66961,0,0
1.89523,1,1
2.21265,1,1
2.59252,1,1
2.95926,1,1
3.28117,1,1
3.3773,1,1
3.29517,1,1
3.19614,1,1
3.07027,1,1
2.9665,1,1
2.88508,1,1
2.81216,1,1
2.734,1,1
2.58843,1,1
2.37621,1,1
2.15168,1,1
1.9165,1,1
1.58387,0,0
1.16711,0,0
0.79721,0,0
0.51933,0,0
0.41262,0,0
0.40055,0,0
0.38839,0,0
0.37612,0,0
0.35811,0,0
0.33279,0,0
0.30821,0,0
0.28199,0,0
0.26044,0,0
0.23581,0,0
0.21078,0,0
0.18534,0,0
0.18139,0,0
0.19791,0,0
0.21528,0,0
0.23281,0,0
0.19971,0,0
0.12046,0,0
0.06746,0,0
0.02046,0,0
0.01487,0,0
0.01482,0,0
0.01471,0,0
0.01466,0,0
0.04737,0,0
0.12801,0,0
0.2292,0,0
0.35103,0,0
0.48112,0,0
0.63427,0,0
0.77156,0,0
0.85957,0,0
0.95882,0,0
1.06875,0,0
1.17528,1,1
1.27301,1,1
1.39188,1,1
1.52412,1,1
1.60339,1,1
1.62631,1,1
1.66924,1,1
1.73045,1,1
1.76202,1,1
1.76939,1,1
1.76831,1,1
1.75913,1,1
1.72071,1,1
1.6465,1,1
1.59357,1,1
1.55948,1,1
1.50064,1,1
1.42204,1,1
1.34055,1,1
1.25714,1,1
1.22176,1,1
1.23089,1,1
1.23318,1,1
1.23429,1,1
1.15012,0,0
1.00055,0,0
0.86363,0,0
0.73866,0,0
0.64698,0,0
0.56867,0,0
0.49397,0,0
0.41714,0,0
0.30275,0,0
0.18939,0,0
0.12694,0,0
0.07635,0,0
0.02097,0,0
0.0,0,0
0.0,0,0
0.0,0,0
0.0,0,0
0.0,0,0
0.0,0,0
0.0,0,0
0.0,0,0
0.0,0,0
0.0,0,0
0.0,0,0
0.0,0,0
0.001,0,0
0.00572,0,0
0.01229,0,0
0.02302,0,0
0.05477,0,0
0.08238,0,0
0.10619,0,0
0.14228,0,0
0.179,0,0
0.2296,0,0
0.31343,0,0
0.40668,0,0
0.53991,0,0
0.56049,0,0
0.44577,0,0
0.37045,0,0
0.29607,0,0
0.28697,0,0
0.34653,0,0
0.4075,0,0
0.4717,0,0
0.52814,0,0
0.57238,0,0
0.61501,0,0
0.66055,0,0
0.68391,0,0
0.68715,0,0
0.69041,0,0
0.69101,0,0
0.72573,0,0
0.79464,0,0
0.86366,0,0
0.93037,0,0
1.10787,0,0
1.36427,0,0
1.64155,0,0
1.94417,0,0
1.78032,0,0
1.22912,0,0
0.82905,0,0
0.60536,0,0
0.62884,0,0
0.86225,0,0
1.0267,0,0
1.06417,0,0
1.15241,0,0
1.30382,0,0
1.4225,0,0
1.5134,0,0
1.64003,0,0
1.80244,0,0
1.91853,0,0
1.97499,0,0
2.02419,0,0
2.06226,1,1
2.07339,1,1
2.06986,1,1
2.08698,1,1
2.13237,1,1
2.16083,1,1
2.17283,1,1
2.16426,1,1
2.12335,1,1
2.06108,1,1
1.97312,0,0
1.92245,0,0
1.90223,0,0
1.84573,0,0
1.7518,0,0
1.72413,0,0
1.8286,0,0
1.94984,0,0
2.08352,1,1
2.07773,1,1
1.88116,0,0
1.67953,0,0
1.47033,0,0
1.22291,0,0
0.9735,0,0
0.7092,0,0
0.47428,0,0
0.42341,0,0
0.54645,0,0
0.69885,0,0
0.94374,0,0
1.13522,0,0
1.27355,0,0
1.41614,0,0
1.55967,0,0
1.70976,0,0
1.87583,0,0
2.04502,1,1
2.21658,1,1
2.26969,1,1
2.21346,1,1
2.14534,1,1
2.08366,1,1
2.13203,1,1
2.27702,1,1
2.4194,1,1
2.55555,1,1
2.40399,1,1
1.90805,0,0
1.37708,0,0
0.90249,0,0
0.8513,0,0
1.20717,0,0
1.63722,0,0
2.08949,1,1
2.35546,1,1
2.44255,1,1
2.5303,1,1
2.6132,1,1
2.5874,1,1
2.43631,1,1
2.28921,1,1
2.12975,1,1
2.1124,1,1
2.22522,1,1
2.33894,1,1
2.45355,1,1
2.30292,1,1
1.85005,1,1
1.4034,0,0
1.01391,0,0
0.84464,0,0
0.84478,0,0
0.84493,0,0
0.84507,0,0
0.96399,0,0
1.2548,0,0
1.55989,0,0
1.90327,1,1
2.03137,1,1
1.94494,1,1
1.86865,1,1
1.78772,1,1
1.71444,1,1
1.63636,1,1
1.61303,1,1
1.63096,1,1
1.59123,1,1
1.48623,0,0
1.42828,0,0
1.41569,0,0
1.28477,0,0
1.05325,0,0
0.84647,0,0
0.66237,0,0
0.5721,0,0
0.54533,0,0
0.53669,0,0
0.54493,0,0
0.53452,0,0
0.50583,0,0
0.5355,0,0
0.64133,0,0
0.78211,0,0
0.93961,0,0
0.97961,0,0
0.90352,0,0
0.84141,0,0
0.79412,0,0
0.76838,0,0
0.76198,0,0
0.7889,0,0
0.84761,0,0
0.85957,0,0
0.82389,0,0
0.79661,0,0
0.76921,0,0
0.74321,0,0
0.71734,0,0
0.58257,0,0
0.40539,0,0
0.273,0,0
0.18441,0,0
0.12468,0,0
0.09548,0,0
0.07796,0,0
0.067,0,0
0.04882,0,0
0.01734,0,0
0.01012,0,0
0.00346,0,0
0.00096,0,0
0.00267,0,0
0.00441,0,0
0.00618,0,0
0.00649,0,0
0.00535,0,0
0.0042,0,0
0.00304,0,0
0.00012,0,0
0.0,0,0
0.0,0,0
0.0,0,0
0.0,0,0
0.0,0,0
0.0,0,0
0.0,0,0
0.0,0,0
0.0,0,0
0.0,0,0
0.0,0,0
0.0,0,0
0.0,0,0
0.00316,0,0
0.00654,0,0
0.01133,0,0
0.01763,0,0
0.03665,0,0
0.06719,0,0
0.05928,0,0
0.01938,0,0
0.00948,0,0
0.0,0,0
0.0,0,0
0.0,0,0
0.0,0,0
0.0,0,0
0.0,0,0
0.0,0,0
0.0,0,0
0.0,0,0
0.0,0,0
0.0,0,0
0.0,0,0
0.0,0,0
0.00661,0,0
0.02073,0,0
0.03494,0,0
0.04925,0,0
0.07956,0,0
0.12597,0,0
0.17961,0,0
0.24019,0,0
0.32173,0,0
0.42258,1,1
0.42775,1,1
0.34166,0,0
0.25922,0,0
0.18124,0,0
0.19662,0,0
0.30001,0,0
0.40836,1,1
0.52127,1,1
0.53871,1,1
0.46584,1,1
0.41464,1,1
0.38632,1,1
0.36816,1,1
0.36201,1,1
0.35198,1,1
0.33985,0,0
0.3367,0,0
0.34179,0,0
0.34938,1,1
0.35654,1,1
0.35831,1,1
0.35262,1,1
0.34609,1,1
0.33799,0,0
0.33993,0,0
0.35349,1,1
0.37343,1,1
0.41939,1,1
0.44619,1,1
0.45161,1,1
0.44263,1,1
0.40772,1,1
0.35551,1,1
0.29693,0,0
0.23747,0,0
0.20467,0,0
0.2059,0,0
0.21104,0,0
0.20606,0,0
0.18567,0,0
0.16564,0,0
0.14536,0,0
0.15056,0,0
0.18172,0,0
0.21328,0,0
0.24929,0,0
0.25987,0,0
0.23665,0,0
0.21824,0,0
0.20129,0,0
0.18704,0,0
0.1743,0,0
0.16198,0,0
0.14902,0,0
0.13188,0,0
0.10959,0,0
0.09383,0,0
0.07947,0,0
0.05655,0,0
0.02426,0,0
0.01322,0,0
0.0063,0,0
0.00342,0,0
0.00476,0,0
0.00613,0,0
0.00748,0,0
0.00959,0,0
0.01251,0,0
0.01548,0,0
0.01855,0,0
0.01768,0,0
0.01277,0,0
0.00778,0,0
0.0027,0,0
0.0,0,0
0.0,0,0
0.0,0,0
0.0,0,0
0.0,0,0
0.0,0,0
0.0,0,0
0.0,0,0
0.0,0,0
0.0,0,0
0.0,0,0
0.0,0,0
0.0108,0,0
0.03404,0,0
0.05793,0,0
0.08215,0,0
0.15992,0,0
0.29594,0,0
0.38827,1,1
0.43875,1,1
0.50589,1,1
0.58321,1,1
0.60069,1,1
0.5548,1,1
0.528,1,1
0.51588,1,1
0.48192,1,1
0.42865,1,1
0.36771,0,0
0.30727,0,0
0.29699,0,0
0.33384,0,0
0.3512,0,0
0.35229,0,0
0.38767,1,1
0.45776,1,1
0.56651,1,1
0.67854,1,1
0.66321,1,1
0.52238,1,1
0.42535,1,1
0.37887,1,1
0.37366,0,1
0.39615,1,1
0.36547,0,0
0.27983,0,0
0.25721,0,0
0.29977,0,0
0.33174,0,0
0.353,0,0
0.33902,0,0
0.28979,0,0
0.27042,0,0
0.2806,0,0
0.28929,0,0
0.30133,0,0
0.29961,0,0
0.28848,0,0
0.28733,0,0
0.29104,0,0
0.30133,0,0
0.31335,0,0
0.3245,0,0
0.33662,0,0
0.34423,0,0
0.34629,0,0
0.34837,0,0
0.35047,0,0
0.38135,1,1
0.47571,1,1
0.58182,1,1
0.6886,1,1
0.60841,1,1
0.36742,0,0
0.2202,0,0
0.10809,0,0
0.07677,0,0
0.09182,0,0
0.10829,0,0
0.1316,0,0
0.14477,0,0
0.14718,0,0
0.15018,0,0
0.15277,0,0
0.14757,0,0
0.13429,0,0
0.1203,0,0
0.10986,0,0
0.10292,0,0
0.09783,0,0
0.09259,0,0
0.08686,0,0
0.07584,0,0
0.05912,0,0
0.04214,0,0
0.02489,0,0
0.05677,0,0
0.14376,0,0
0.27042,0,0
0.43553,1,1
0.46014,1,1
0.33758,1,1
0.23477,0,0
0.14753,0,0
0.10703,0,0
0.09843,0,0
0.09046,0,0
0.08242,0,0
0.10481,0,0
0.16743,0,0
0.22965,0,0
0.27458,0,0
0.27661,0,0
0.24648,0,0
0.23749,0,0
0.24527,0,0
0.25704,0,0
0.27178,0,0
0.30262,0,0
0.34936,1,1
0.36108,1,1
0.3387,1,1
0.33956,1,1
0.33646,1,1
0.34889,1,1
0.37637,1,1
0.41717,1,1
0.467,1,1
0.51109,1,1
0.52445,1,1
0.51599,1,1
0.48931,1,1
0.45941,1,1
0.4276,1,1
0.39445,1,1
0.35536,1,1
0.33369,1,1
0.3311,1,1
0.33066,1,1
0.33837,1,1
0.30329,0,0
0.24298,0,0
0.18852,0,0
0.16206,0,0
0.14315,0,0
0.12472,0,0
0.10972,0,0
0.09842,0,0
0.08782,0,0
0.07835,0,0
0.06446,0,0
0.04612,0,0
0.02275,0,0
0.00655,0,0
0.00204,0,0
0.00121,0,0
0.00148,0,0
0.0,0,0
0.0,0,0
0.0,0,0
0.0,0,0
0.0,0,0
0.0,0,0
0.0,0,0
0.0,0,0
0.00154,0,0
0.00557,0,0
0.00961,0,0
0.0117,0,0
0.01181,0,0
0.01189,0,0
0.012,0,0
0.01002,0,0
0.00586,0,0
0.00164,0,0
0.0,0,0
0.0,0,0
0.0,0,0
0.0,0,0
0.0,0,0
0.0,0,0
0.0,0,0
0.00326,0,0
0.00678,0,0
0.00933,0,0
0.01087,0,0
0.0125,0,0
0.01412,0,0
0.01503,0,0
0.01516,0,0
0.01534,0,0
0.01547,0,0
0.014,0,0
0.01093,0,0
0.00786,0,0
0.00476,0,0
0.0063,0,0
0.01234,0,0
0.01837,0,0
0.03093,0,0
0.03058,0,0
0.01782,0,0
0.01176,0,0
0.00587,0,0
0.01681,0,0
0.0456,0,0
0.10592,0,0
0.17447,0,0
0.20806,1,0
0.19215,0,0
0.19187,0,0
0.20872,1,1
0.22272,1,1
0.2336,1,1
0.25773,1,1
0.29518,1,1
0.3185,1,1
0.32988,1,1
0.33256,1,1
0.32794,1,1
0.34514,1,1
0.38241,1,1
0.40225,1,1
0.40515,1,1
0.37416,1,1
0.31028,1,1
0.26622,1,1
0.22978,1,1
0.20219,1,1
0.1935,0,0
0.19384,0,0
0.20312,1,1
0.21755,1,1
0.23689,1,1
0.23588,1,1
0.21064,1,1
0.19409,0,0
0.18737,0,0
0.16344,0,0
0.12258,0,0
0.07576,0,0
0.02468,0,0
0.01058,0,0
0.03139,0,0
0.04721,0,0
0.05759,0,0
0.05297,0,0
0.03378,0,0
0.01243,0,0
0.0,0,0
0.0,0,0
0.0,0,0
0.0,0,0
0.0,0,0
0.0,0,0
0.0,0,0
0.0,0,0
0.0,0,0
0.0,0,0
0.0,0,0
0.0,0,0
0.0,0,0
0.0,0,0
0.0,0,0
0.0,0,0
0.0,0,0
0.0,0,0
0.0,0,0
0.0,0,0
0.0,0,0
0.0,0,0
0.0,0,0
0.0,0,0
0.0,0,0
0.0,0,0
0.0,0,0
0.00088,0,0
0.0,0,0
0.0,0,0
0.0,0,0
0.0,0,0
0.0,0,0
0.0,0,0
0.0,0,0
0.0,0,0
0.0,0,0
0.0,0,0
0.0,0,0
0.0,0,0
0.0,0,0
0.00377,0,0
0.00774,0,0
0.01208,0,0
0.01678,0,0
0.02144,0,0
0.03586,0,0
0.04486,0,0
0.04066,0,0
0.03641,0,0
0.0323,0,0
0.04441,0,0
0.07239,0,0
0.10286,0,0
0.13229,0,0
0.18261,0,0
0.24017,0,0
0.289,0,0
0.32762,0,0
0.38123,0,0
0.45727,0,0
0.54655,0,0
0.63518,0,0
0.69464,0,0
0.72229,0,0
0.71842,0,0
0.68682,0,0
0.64666,0,0
0.60031,0,0
0.55002,0,0
0.49994,0,0
0.47608,0,0
0.47635,0,0
0.51234,0,0
0.58315,0,0
0.67224,0,0
0.81963,0,0
0.9286,1,1
0.99613,1,1
1.04602,1,1
1.05766,1,1
1.05313,1,1
1.03551,1,1
1.01412,1,1
0.98914,1,1
0.97715,1,1
0.97819,1,1
0.99145,1,1
1.01,1,1
1.04125,1,1
1.08159,1,1
1.17097,1,1
1.31484,1,1
1.45806,1,1
1.61876,1,1
1.70218,1,1
1.7174,1,1
1.73792,1,1
1.76049,1,1
1.58691,1,1
1.22411,1,1
0.91656,0,0
0.65971,0,0
0.54996,0,0
0.55376,0,0
0.55572,0,0
0.5596,0,0
0.4253,0,0
0.24992,0,0
0.11832,0,0
0.03172,0,0
0.01276,0,0
0.01152,0,0
0.01029,0,0
0.009,0,0
0.01353,0,0
0.0364,0,0
0.08572,0,0
0.14458,0,0
0.17998,0,0
0.17211,0,0
0.16462,0,0
0.15624,0,0
0.17467,0,0
0.22065,0,0
0.26739,0,0
0.32013,0,0
0.38677,0,0
0.45325,0,0
0.52297,0,0
0.62472,1,1
0.61797,1,1
0.51641,0,0
0.43748,0,0
0.35712,0,0
0.33762,0,0
0.38011,0,0
0.42445,0,0
0.46718,0,0
0.46533,0,0
0.41945,0,0
0.37432,0,0
0.32991,0,0
0.29677,0,0
0.26958,0,0
0.24304,0,0
0.21712,0,0
0.18189,0,0
0.16075,0,0
0.15095,0,0
0.17098,0,0
0.24029,0,0
0.3487,0,0
0.42368,0,0
0.45642,0,0
0.49609,0,0
0.53191,0,0
0.58582,1,1
0.66147,1,1
0.72663,1,1
0.78959,1,1
0.8399,1,1
0.88122,1,1
0.92786,1,1
0.97854,1,1
1.01683,1,1
1.0483,1,1
1.12942,1,1
1.25897,1,1
1.21186,1,1
0.99028,1,1
0.7552,1,1
0.59826,1,1
0.56387,0,0
0.57266,0,0
0.56931,0,0
0.54685,0,0
0.54801,0,0
0.57464,0,0
0.60217,1,1
0.63739,1,1
0.61977,1,1
0.54876,0,0
0.49104,0,0
0.44651,0,0
0.38291,0,0
0.30498,0,0
0.23606,0,0
0.17171,0,0
0.12532,0,0
0.09613,0,0
0.04402,0,0
0.006,0,0
0.00188,0,0
0.0,0,0
0.0,0,0
0.0,0,0
0.0,0,0
0.0,0,0
0.0,0,0
0.0,0,0
0.0,0,0
0.0,0,0
0.0,0,0
0.0,0,0
0.0,0,0
0.00449,0,0
0.01398,0,0
0.04569,0,0
0.10163,0,0
0.18036,0,0
0.24905,0,0
0.3045,0,0
0.36995,0,0
0.43594,0,0
0.49779,0,0
0.59603,1,1
0.69658,1,1
0.79951,1,1
0.80601,0,0
0.71641,0,0
0.62533,0,0
0.53272,0,0
0.50918,0,0
0.51553,0,0
0.51994,0,0
0.52656,0,0
0.54559,0,0
0.58253,0,0
0.63276,0,0
0.68681,0,0
0.69006,0,0
0.64447,0,0
0.59884,0,0
0.56605,0,0
0.63494,0,0
0.84165,0,0
1.05088,0,0
1.33244,0,0
1.48028,0,0
1.49732,0,0
1.51385,0,0
1.52989,0,0
1.46797,0,0
1.34374,0,0
1.21643,0,0
1.09528,0,0
1.16743,0,0
1.41433,0,0
1.67991,0,0
1.93142,0,0
2.13399,0,0
2.28126,0,0
2.37024,1,1
2.39345,1,1
2.34834,0,0
2.23092,0,0
2.14178,0,0
2.04692,0,0
2.10818,0,0
2.35572,0,0
2.63976,1,1
2.92799,1,1
2.99273,1,1
2.81118,1,1
2.75057,1,1
2.78993,1,1
2.88707,1,1
3.03477,1,1
2.96449,1,1
2.69048,1,1
2.53493,1,1
2.50636,1,1
2.65691,1,1
2.95513,1,1
3.13616,1,1
3.20477,1,1
3.15623,1,1
3.00722,1,1
2.8637,1,1
2.7002,1,1
2.54419,1,1
2.39761,1,1
2.31955,0,0
2.29411,0,0
2.09333,0,0
1.8463,0,0
1.63001,0,0
1.35939,0,0
1.12046,0,0
0.90734,0,0
0.87116,0,0
1.01521,0,0
1.16031,0,0
1.32499,0,0
1.34908,0,0
1.22887,0,0
1.12483,0,0
1.01593,0,0
0.83603,0,0
0.64154,0,0
0.45541,0,0
0.35039,0,0
0.24249,0,0
0.15165,0,0
0.07926,0,0
0.01983,0,0
0.00955,0,0
0.00149,0,0
0.0,0,0
0.0,0,0
0.0,0,0
0.0,0,0
0.0,0,0
0.0,0,0
0.0,0,0
0.0,0,0
0.0,0,0
0.0,0,0
0.0,0,0
0.0,0,0
0.0,0,0
0.0,0,0
0.0,0,0
0.0,0,0
0.0,0,0
0.0,0,0
0.0,0,0
0.0,0,0
0.0,0,0
0.0,0,0
0.0,0,0
0.0,0,0
0.0,0,0
0.0,0,0
0.0,0,0
0.0,0,0
0.0,0,0
0.0,0,0
0.03174,0,0
0.12335,0,0
0.21542,0,0
0.25464,0,0
0.27498,0,0
0.29371,0,0
0.33391,0,0
0.40369,0,0
0.4594,0,0
0.50694,0,0
0.55105,0,0
0.7054,0,0
0.99094,1,1
1.28196,1,1
1.34549,1,1
1.15862,1,1
0.91477,1,1
0.76411,0,0
0.7725,0,0
0.84214,1,1
0.92477,1,1
0.96022,1,1
1.02094,1,1
1.10253,1,1
1.16762,1,1
1.22255,1,1
1.2366,1,1
1.22285,1,1
1.26096,1,1
1.34162,1,1
1.3292,1,1
1.23566,1,1
1.16208,1,1
1.111,1,1
1.03204,1,1
0.93858,1,1
0.84995,1,1
0.78398,0,0
0.75242,0,0
0.73201,0,0
0.75681,0,0
0.81629,1,0
0.80303,0,0
0.7877,0,0
0.75477,0,0
0.64423,0,0
0.53807,0,0
0.43234,0,0
0.39098,0,0
0.38013,0,0
0.36921,0,0
0.35821,0,0
0.29786,0,0
0.20237,0,0
0.12113,0,0
0.06322,0,0
0.0371,0,0
0.03736,0,0
0.03749,0,0
0.03775,0,0
0.03197,0,0
0.02002,0,0
0.0169,0,0
0.01442,0,0
0.01256,0,0
0.01129,0,0
0.01002,0,0
0.00873,0,0
0.00747,0,0
0.00622,0,0
0.00494,0,0
0.00362,0,0
0.00296,0,0
0.003,0,0
0.00302,0,0
0.00305,0,0
0.0071,0,0
0.01533,0,0
0.02876,0,0
0.06848,0,0
0.08748,0,0
0.0842,0,0
0.08122,0,0
0.07819,0,0
0.08225,0,0
0.09306,0,0
0.10379,0,0
0.11443,0,0
0.10298,0,0
0.06969,0,0
0.03667,0,0
0.01877,0,0
0.01448,0,0
0.01282,0,0
0.0112,0,0
0.00958,0,0
0.0274,0,0
0.06718,0,0
0.10776,0,0
0.15039,0,0
0.15985,0,0
0.13572,0,0
0.13796,0,0
0.16724,0,0
0.18808,0,0
0.20176,0,0
0.22932,0,0
0.276,0,0
0.33132,0,0
0.37601,1,1
0.39726,1,1
0.3974,1,1
0.40619,1,1
0.42199,1,1
0.42211,1,1
0.40555,1,1
0.41661,1,1
0.46672,1,1
0.51059,1,1
0.56838,1,1
0.58404,1,1
0.55879,1,1
0.55409,1,1
0.57158,1,1
0.61665,1,1
0.68669,1,1
0.71742,1,1
0.71741,1,1
0.64463,1,1
0.51496,1,1
0.44411,1,1
0.40981,1,1
0.38103,1,1
0.35531,0,0
0.32773,0,0
0.29302,0,0
0.25221,0,0
0.205,0,0
0.1491,0,0
0.09831,0,0
0.09192,0,0
0.1374,0,0
0.19056,0,0
0.244,0,0
0.28865,0,0
0.30815,0,0
0.32672,0,0
0.3464,0,0
0.34755,0,0
0.32998,0,0
0.31229,0,0
0.29545,0,0
0.26798,0,0
0.23581,0,0
0.20996,0,0
0.18296,0,0
0.17408,0,0
0.18486,0,0
0.19511,0,0
0.20615,0,0
0.22143,0,0
0.24168,0,0
0.263,0,0
0.29074,0,0
0.29279,0,0
0.27055,0,0
0.25312,0,0
0.23615,0,0
0.22833,0,0
0.23004,0,0
0.23177,0,0
0.23354,0,0
0.24072,0,0
0.25444,0,0
0.26954,0,0
0.28398,0,0
0.26186,0,0
0.20101,0,0
0.13916,0,0
0.09735,0,0
0.05464,0,0
0.02059,0,0
0.01116,0,0
0.00173,0,0
0.0,0,0
0.0,0,0
0.0,0,0
0.0,0,0
0.0,0,0
0.0,0,0
0.0,0,0
0.00123,0,0
0.01062,0,0
0.02667,0,0
0.04307,0,0
0.05966,0,0
0.11161,0,0
0.18828,0,0
0.22641,0,0
0.22488,0,0
0.22325,0,0
0.22156,0,0
0.25351,0,0
0.32124,0,0
0.39856,0,0
0.48226,1,1
0.50149,1,1
0.45827,1,1
0.435,0,0
0.43816,0,0
0.4862,1,1
0.56592,1,1
0.56292,1,1
0.47802,1,1
0.42912,0,0
0.4315,0,0
0.46339,1,1
0.52615,1,1
0.54662,1,1
0.52303,1,1
0.53941,1,1
0.59504,1,1
0.58952,1,1
0.52086,1,1
0.43604,0,0
0.33268,0,0
0.29848,0,0
0.33127,0,0
0.37722,0,0
0.4335,0,0
0.4714,1,1
0.47733,1,1
0.47533,1,1
0.46054,1,1
0.44457,0,0
0.42638,0,0
0.43922,0,0
0.51311,1,1
0.58701,1,1
0.65738,1,1
0.6277,1,1
0.4964,1,1
0.38979,0,0
0.31706,0,0
0.29028,0,0
0.31093,0,0
0.33185,0,0
0.35306,0,0
0.36381,0,0
0.36508,0,0
0.36636,0,0
0.36765,0,0
0.34759,0,0
0.30555,0,0
0.26173,0,0
0.22791,0,0
0.22223,0,0
0.2426,0,0
0.26498,0,0
0.29299,0,0
0.30299,0,0
0.29462,0,0
0.28594,0,0
0.27787,0,0
0.24903,0,0
0.19638,0,0
0.14331,0,0
0.10258,0,0
0.1034,0,0
0.1462,0,0
0.20358,0,0
0.26132,0,0
0.30923,0,0
0.34953,0,0
0.39176,0,0
0.43471,0,0
0.44457,0,0
0.41907,0,0
0.39539,0,0
0.37169,0,0
0.37177,0,0
0.39728,0,0
0.42126,0,0
0.44524,0,0
0.47526,1,1
0.51089,1,1
0.55303,1,1
0.61884,1,1
0.62791,1,1
0.5867,1,1
0.54284,1,1
0.5132,1,1
0.52122,1,1
0.56886,1,1
0.61669,1,1
0.64858,1,1
0.59075,1,1
0.4839,1,1
0.41597,0,0
0.36846,0,0
0.37762,0,0
0.44255,0,0
0.4754,1,1
0.47545,1,1
0.47228,1,1
0.46433,0,0
0.4672,0,0
0.47894,1,1
0.4784,1,1
0.46147,0,0
0.44051,0,0
0.41291,0,0
0.36761,0,0
0.30428,0,0
0.25345,0,0
0.21824,0,0
0.19932,0,0
0.19707,0,0
0.18789,0,0
0.17278,0,0
0.19635,0,0
0.25871,0,0
0.35661,0,0
0.46989,0,0
0.52656,1,0
0.46382,0,0
0.41276,0,0
0.35013,0,0
0.31568,0,0
0.31039,0,0
0.30123,0,0
0.28659,0,0
0.31735,0,0
0.39279,0,0
0.50201,1,1
0.63912,1,1
0.64125,1,1
0.50705,1,1
0.40069,0,0
0.3259,0,0
0.26969,0,0
0.23812,0,0
0.21131,0,0
0.18414,0,0
0.14699,0,0
0.10344,0,0
0.07288,0,0
0.04212,0,0
0.02816,0,0
0.03137,0,0
0.03461,0,0
0.03786,0,0
0.04272,0,0
0.04919,0,0
0.0557,0,0
0.06226,0,0
0.06111,0,0
0.05243,0,0
0.04327,0,0
0.03397,0,0
0.03083,0,0
0.03438,0,0
0.03781,0,0
0.04124,0,0
0.03641,0,0
0.02283,0,0
0.0193,0,0
0.01656,0,0
0.01444,0,0
0.01305,0,0
0.01163,0,0
0.01014,0,0
0.01256,0,0
0.01884,0,0
0.032,0,0
0.0624,0,0
0.10198,0,0
0.15928,0,0
0.23581,0,0
0.31246,0,0
0.37548,0,0
0.39651,0,0
0.41723,0,0
0.43765,0,0
0.40745,0,0
0.38358,0,0
0.38773,0,0
0.37225,0,0
0.40555,0,0
0.48756,0,0
0.57377,0,0
0.68341,0,0
0.80053,0,0
0.94048,1,1
0.99635,1,1
0.95257,1,1
0.9045,0,0
0.84745,0,0
0.88873,0,0
1.03745,1,1
1.18463,1,1
1.32449,1,1
1.37239,1,1
1.32641,1,1
1.30689,1,1
1.31792,1,1
1.31168,1,1
1.30655,1,1
1.28236,1,1
1.23659,1,1
1.23116,1,1
1.26147,1,1
1.29024,1,1
1.31845,1,1
1.31048,1,1
1.26919,1,1
1.2588,1,1
1.26881,1,1
1.14923,1,1
0.92458,1,1
0.72824,0,0
0.5621,0,0
0.50126,0,0
0.49519,0,0
0.47524,0,0
0.43535,0,0
0.27013,0,0
0.07756,0,0
0.01512,0,0
0.03683,0,0
0.06804,0,0
0.09915,0,0
0.1136,0,0
0.09872,0,0
0.0876,0,0
0.07641,0,0
0.07403,0,0
0.08037,0,0
0.08707,0,0
0.09361,0,0
0.09277,0,0
0.08412,0,0
0.0754,0,0
0.06662,0,0
0.06383,0,0
0.06688,0,0
0.06992,0,0
0.07322,0,0
0.08418,0,0
0.10323,0,0
0.12846,0,0
0.15858,0,0
0.19716,0,0
0.2449,0,0
0.30335,0,0
0.37105,0,0
0.37522,0,0
0.31249,0,0
0.2579,0,0
0.21143,0,0
0.21834,0,0
0.27995,0,0
0.36156,0,0
0.44815,0,0
0.45923,0,0
0.39442,0,0
0.32857,0,0
0.27311,0,0
0.22291,0,0
0.1716,0,0
0.12507,0,0
0.09203,0,0
0.08836,0,0
0.11358,0,0
0.14307,0,0
0.18222,0,0
0.23235,0,0
0.29217,0,0
0.37295,0,0
0.45331,0,0
0.53689,0,0
0.6652,0,0
0.7949,0,0
0.92018,0,0
1.06564,0,0
1.21361,1,1
1.26116,1,1
1.17625,0,0
1.04447,0,0
0.87817,0,0
0.78271,0,0
0.76581,0,0
0.86149,0,0
1.05597,0,0
1.14958,0,0
1.14345,0,0
1.11099,0,0
1.10417,0,0
1.18155,1,1
1.32369,1,1
1.35876,1,1
1.29409,1,1
1.2709,1,1
1.28796,1,1
1.3308,1,1
1.39516,1,1
1.31806,1,1
1.11482,0,0
0.96275,0,0
0.86125,0,0
0.76411,0,0
0.67148,0,0
0.57543,0,0
0.55268,0,0
0.59656,0,0
0.65676,0,0
0.69502,0,0
0.69553,0,0
0.70421,0,0
0.71904,0,0
0.72811,0,0
0.72961,0,0
0.66776,0,0
0.54836,0,0
0.62298,0,0
0.95707,0,0
1.36512,1,1
1.8122,1,1
2.00593,1,1
1.96111,1,1
1.91599,1,1
1.87058,1,1
1.79582,1,1
1.68169,1,1
1.56282,1,1
1.4424,1,1
1.34422,1,1
1.27356,1,1
1.20625,1,1
1.1477,0,0
0.97427,0,0
0.70329,0,0
0.48991,0,0
0.34692,0,0
0.32591,0,0
0.4048,0,0
0.51743,0,0
0.66106,0,0
0.68563,0,0
0.58967,0,0
0.49027,0,0
0.42552,0,0
0.35374,0,0
0.26617,0,0
0.20054,0,0
0.13439,0,0
0.09803,0,0
0.07903,0,0
0.0596,0,0
0.03971,0,0
0.03657,0,0
0.0508,0,0
0.06552,0,0
0.08027,0,0
0.05942,0,0
0.01819,0,0
0.00619,0,0
0.0,0,0
0.0,0,0
0.0,0,0
0.0,0,0
0.0,0,0
0.0,0,0
0.0,0,0
0.0,0,0
0.0,0,0
0.01432,0,0
0.04479,0,0
0.07564,0,0
0.10642,0,0
0.18663,0,0
0.32043,0,0
0.3653,1,0
0.31126,0,0
0.27066,0,0
0.24968,0,0
0.26366,0,0
0.3069,0,0
0.35048,0,0
0.39624,1,1
0.41491,1,1
0.40732,1,1
0.40582,1,1
0.40866,1,1
0.40527,1,1
0.39722,1,1
0.38086,1,1
0.35553,1,1
0.37546,1,1
0.4418,1,1
0.53356,1,1
0.63233,1,1
0.66068,1,1
0.61659,1,1
0.59853,1,1
0.59566,1,1
0.53308,1,1
0.40395,1,1
0.28988,0,0
0.19173,0,0
0.17331,0,0
0.23185,0,0
0.27703,0,0
0.30836,0,0
0.35451,0,0
0.41406,1,1
0.49643,1,1
0.5732,1,1
0.48657,1,1
0.29638,0,0
0.19716,0,0
0.16459,0,0
0.1318,0,0
0.09878,0,0
0.0907,0,0
0.09643,0,0
0.10468,0,0
0.11393,0,0
0.11862,0,0
0.1194,0,0
0.12019,0,0
0.12061,0,0
0.11702,0,0
0.10862,0,0
0.10141,0,0
0.09636,0,0
0.10247,0,0
0.12851,0,0
0.15601,0,0
0.18312,0,0
0.19347,0,0
0.18567,0,0
0.17777,0,0
0.17032,0,0
0.14625,0,0
0.10763,0,0
0.08144,0,0
0.0543,0,0
0.03413,0,0
0.02131,0,0
0.01794,0,0
0.01532,0,0
0.01336,0,0
0.01206,0,0
0.01074,0,0
0.00941,0,0
0.01056,0,0
0.01432,0,0
0.01818,0,0
0.02213,0,0
0.03239,0,0
0.03598,0,0
0.03957,0,0
0.04334,0,0
0.0308,0,0
0.01816,0,0
0.01216,0,0
0.00616,0,0
0.00239,0,0
0.00089,0,0
0.0,0,0
0.0,0,0
0.01321,0,0
0.04663,0,0
0.08059,0,0
0.11777,0,0
0.30723,0,0
0.68535,1,1
0.89913,1,1
0.87169,1,1
0.84872,1,1
0.85952,1,1
0.81314,1,1
0.69707,1,1
0.58925,0,0
0.54489,0,0
0.56835,0,0
0.60386,0,0
0.61041,0,0
0.83051,1,1
0.86306,1,1
0.91788,1,1
1.02911,1,1
1.21245,1,1
1.17831,1,1
0.95619,1,1
0.7474,1,1
0.64406,0,0
0.63878,0,0
0.70824,1,1
0.81905,1,1
0.87769,1,1
0.91433,1,1
0.92311,1,1
0.93066,1,1
0.95287,1,1
0.89446,1,1
0.76904,1,1
0.67055,0,0
0.59465,0,0
0.50976,0,0
0.42023,0,0
0.35464,0,0
0.30205,0,0
0.1936,0,0
0.06105,0,0
0.01063,0,0
0.00958,0,0
0.00853,0,0
0.00745,0,0
0.00495,0,0
0.00097,0,0
0.0,0,0
0.0,0,0
0.0,0,0
0.0,0,0
0.0,0,0
0.001,0,0
0.00307,0,0
0.00427,0,0
0.0055,0,0
0.00674,0,0
0.00616,0,0
0.00376,0,0
0.00134,0,0
0.0,0,0
0.0,0,0
0.0,0,0
0.0,0,0
0.0,0,0
0.0,0,0
0.0,0,0
0.0,0,0
0.0,0,0
0.0,0,0
0.0,0,0
0.0,0,0
0.0,0,0
0.0,0,0
0.0,0,0
0.0,0,0
0.0,0,0
0.0,0,0
0.0,0,0
0.0,0,0
0.0,0,0
0.0,0,0
0.0,0,0
0.0,0,0
0.0,0,0
0.0,0,0
0.0,0,0
0.0,0,0
0.0,0,0
0.0,0,0
0.0,0,0
0.0,0,0
0.0,0,0
0.02654,0,0
0.11052,0,0
0.19989,0,0
0.24984,0,0
0.31493,0,0
0.40958,0,0
0.48545,0,0
0.53866,0,0
0.58395,0,0
0.62271,0,0
0.66726,0,0
0.72263,0,0
0.7589,0,0
0.76867,0,0
0.83965,1,1
0.97241,1,1
1.13742,1,1
1.32821,1,1
1.35094,1,1
1.20612,1,1
1.06565,1,1
0.93285,1,1
0.9276,1,1
1.04858,1,1
1.13282,1,1
1.18375,1,1
1.24263,1,1
1.30434,1,1
1.39223,1,1
1.5031,1,1
1.48694,1,1
1.35933,1,1
1.25117,1,1
1.1633,1,1
1.07685,1,1
0.99675,1,1
0.9344,1,1
0.8846,1,1
0.74044,0,0
0.5304,0,0
0.37529,0,0
0.27103,0,0
0.16136,0,0
0.04617,0,0
0.0,0,0
0.0,0,0
0.0,0,0
0.0,0,0
0.0,0,0
0.0,0,0
0.0,0,0
0.0,0,0
0.0,0,0
0.0,0,0
0.0,0,0
0.0,0,0
0.0,0,0
0.0,0,0
0.0,0,0
0.0,0,0
0.0,0,0
0.0,0,0
0.0,0,0
0.0,0,0
0.0,0,0
0.0,0,0
0.0,0,0
0.0,0,0
0.0,0,0
0.0,0,0
0.0,0,0
0.0,0,0
0.0,0,0
0.0,0,0
0.0,0,0
0.0,0,0
0.0,0,0
0.0,0,0
0.0,0,0
0.0,0,0
0.0,0,0
0.0,0,0
0.0,0,0
0.0,0,0
0.0,0,0
0.0,0,0
0.0,0,0
0.0,0,0
0.0,0,0
0.0,0,0
0.0,0,0
0.0,0,0
0.0,0,0
0.0,0,0
0.00344,0,0
0.00699,0,0
0.03055,0,0
0.09971,0,0
0.21042,0,0
0.35891,0,0
0.45675,0,0
0.45331,0,0
0.49942,0,0
0.61737,0,0
0.69338,0,0
0.71648,0,0
0.79002,0,0
0.95099,0,0
1.10875,1,1
1.25822,1,1
1.35795,1,1
1.40391,1,1
1.48934,1,1
1.6142,1,1
1.63751,1,1
1.54551,1,1
1.47195,1,1
1.41355,1,1
1.38198,1,1
1.37742,1,1
1.35184,1,1
1.31001,1,1
1.31782,1,1
1.37476,1,1
1.42406,1,1
1.46947,1,1
1.466,1,1
1.40677,1,1
1.36889,1,1
1.34618,1,1
1.2438,1,1
1.08136,1,1
0.94882,0,0
0.84639,0,0
0.70088,0,0
0.52143,0,0
0.38582,0,0
0.29669,0,0
0.18406,0,0
0.05929,0,0
0.0119,0,0
0.01175,0,0
0.01165,0,0
0.01152,0,0
0.01348,0,0
0.01926,0,0
0.03834,0,0
0.05762,0,0
0.06332,0,0
0.05547,0,0
0.04751,0,0
0.03943,0,0
0.03817,0,0
0.04396,0,0
0.04995,0,0
0.05585,0,0
0.06055,0,0
0.06428,0,0
0.0679,0,0
0.07158,0,0
0.06312,0,0
0.04232,0,0
0.02136,0,0
0.01506,0,0
0.01431,0,0
0.01731,0,0
0.02125,0,0
0.03508,0,0
0.03549,0,0
0.02216,0,0
0.01859,0,0
0.01576,0,0
0.0166,0,0
0.02114,0,0
0.04045,0,0
0.0624,0,0
0.07545,0,0
0.07969,0,0
0.08366,0,0
0.08802,0,0
0.08474,0,0
0.07404,0,0
0.063,0,0
0.05195,0,0
0.05589,0,0
0.07446,0,0
0.09304,0,0
0.11164,0,0
0.12048,0,0
0.11955,0,0
0.11863,0,0
0.1182,0,0
0.12223,0,0
0.13291,0,0
0.14349,0,0
0.1548,0,0
0.16572,0,0
0.17596,0,0
0.24773,0,0
0.38461,0,0
0.55722,0,0
0.77638,1,1
0.96695,1,1
1.12308,1,1
1.15745,1,1
1.0458,1,1
1.02291,1,1
1.10229,1,1
1.14773,1,1
1.16216,1,1
1.26017,1,1
1.4486,1,1
1.65241,1,1
1.85512,1,1
1.80885,1,1
1.51042,1,1
1.252,1,1
1.03083,1,1
0.87046,1,1
0.78012,1,1
0.66199,1,1
0.56455,1,1
0.53736,0,0
0.54186,0,0
0.57785,1,1
0.63035,1,1
0.60024,1,1
0.49122,0,0
0.39705,0,0
0.30832,0,0
0.25039,0,0
0.22117,0,0
0.20315,0,0
0.19638,0,0
0.17187,0,0
0.13329,0,0
0.13572,0,0
0.17066,0,0
0.20522,0,0
0.24454,0,0
0.26913,0,0
0.27091,0,0
0.27271,0,0
0.27453,0,0
0.23982,0,0
0.18614,0,0
0.13293,0,0
0.08837,0,0
0.07151,0,0
0.07201,0,0
0.07252,0,0
0.07279,0,0
0.06733,0,0
0.05542,0,0
0.0435,0,0
0.03168,0,0
0.01746,0,0
0.01183,0,0
0.00616,0,0
0.00045,0,0
0.00046,0,0
0.00639,0,0
0.01257,0,0
0.01904,0,0
0.03009,0,0
0.03367,0,0
0.0373,0,0
0.04084,0,0
0.03605,0,0
0.02268,0,0
0.01917,0,0
0.01638,0,0
0.01614,0,0
0.01853,0,0
0.02095,0,0
0.02564,0,0
0.02123,0,0
0.01439,0,0
0.0075,0,0
0.00055,0,0
0.00055,0,0
0.00757,0,0
0.0146,0,0
0.02164,0,0
0.05389,0,0
0.09751,0,0
0.1448,0,0
0.21105,0,0
0.29952,0,0
0.44079,0,0
0.5895,1,1
0.83036,1,1
0.9324,1,1
0.90117,1,1
0.87683,1,1
0.85929,1,1
0.74553,1,1
0.64169,1,1
0.5589,1,1
0.50097,1,1
0.49238,0,1
0.51909,1,1
0.5409,1,1
0.56138,1,1
0.60077,1,1
0.65817,1,1
0.65768,1,1
0.6009,1,1
0.54229,1,1
0.49186,0,1
0.50014,1,1
0.58918,1,1
0.71426,1,1
0.83876,1,1
0.77375,1,1
0.50735,1,1
0.31613,0,0
0.19055,0,0
0.14043,0,0
0.16559,0,0
0.16272,0,0
0.13174,0,0
0.12776,0,0
0.15389,0,0
0.18601,0,0
0.22558,0,0
0.21551,0,0
0.1539,0,0
0.09461,0,0
0.0394,0,0
0.00838,0,0
0.00264,0,0
0.0,0,0
0.0,0,0
0.0,0,0
0.0,0,0
0.0,0,0
0.0,0,0
0.0,0,0
0.0,0,0
0.00043,0,0
0.00595,0,0
0.01155,0,0
0.01722,0,0
0.04054,0,0
0.07066,0,0
0.101,0,0
0.14455,0,0
0.1593,0,0
0.14038,0,0
0.12185,0,0
0.10591,0,0
0.08632,0,0
0.05907,0,0
0.03132,0,0
0.01621,0,0
0.0144,0,0
0.01668,0,0
0.01905,0,0
0.02365,0,0
0.04252,0,0
0.07011,0,0
0.09814,0,0
0.12693,0,0
0.11498,0,0
0.06359,0,0
0.01986,0,0
0.00878,0,0
0.00885,0,0
0.02044,0,0
0.06654,0,0
0.12279,0,0
0.15469,0,0
0.14313,0,0
0.13278,0,0
0.12588,0,0
0.12968,0,0
0.14918,0,0
0.17255,0,0
0.19592,0,0
0.18068,0,0
0.1302,0,0
0.09645,0,0
0.06268,0,0
0.06982,0,0
0.11817,0,0
0.16687,0,0
0.21522,0,0
0.2881,0,0
0.3895,0,0
0.45232,0,0
0.47938,0,0
0.50512,0,0
0.54646,0,0
0.59271,0,0
0.83912,0,0
1.30119,1,1
1.75572,1,1
1.90646,1,1
1.68923,1,1
1.4482,1,1
1.18819,1,1
1.07834,1,1
1.1343,1,1
1.14861,1,1
1.12066,1,1
1.19736,1,1
1.37414,1,1
1.52979,1,1
1.67457,1,1
1.667,1,1
1.51241,1,1
1.43606,1,1
1.43256,1,1
1.35789,1,1
1.22011,1,1
1.09095,1,1
0.97614,0,0
0.96783,0,0
1.03663,1,1
1.07284,1,1
1.06417,1,1
0.93458,0,0
0.73463,0,0
0.60175,0,0
0.52448,0,0
0.42218,0,0
0.31328,0,0
0.26249,0,0
0.23839,0,0
0.21924,0,0
0.20167,0,0
0.18022,0,0
0.15416,0,0
0.12791,0,0
0.10274,0,0
0.10312,0,0
0.13062,0,0
0.15913,0,0
0.18805,0,0
0.21273,0,0
0.23152,0,0
0.25122,0,0
0.27692,0,0
0.26518,0,0
0.22494,0,0
0.18851,0,0
0.15154,0,0
0.13334,0,0
0.13387,0,0
0.1344,0,0
0.13447,0,0
0.13595,0,0
0.13844,0,0
0.14051,0,0
0.14317,0,0
0.16521,0,0
0.20868,0,0
0.25189,0,0
0.30038,0,0
0.32478,0,0
0.31386,0,0
0.3015,0,0
0.29105,0,0
0.27784,0,0
0.25862,0,0
0.23794,0,0
0.2178,0,0
0.20716,0,0
0.20642,0,0
0.20652,0,0
0.20579,0,0
0.21746,0,0
0.2417,0,0
0.26507,0,0
0.28965,0,0
0.30606,0,0
0.31718,0,0
0.33038,0,0
0.34338,0,0
0.34854,0,0
0.34828,0,0
0.35603,0,0
0.36518,0,0
0.45368,0,0
0.66592,0,0
0.75993,1,0
0.69047,0,0
0.6522,0,0
0.65438,0,0
0.72322,0,0
0.87201,1,1
1.02759,1,1
1.18821,1,1
1.25109,1,1
1.20243,1,1
1.20134,1,1
1.24663,1,1
1.22199,1,1
1.1189,1,1
0.99907,1,1
0.86174,1,1
0.85676,1,1
0.98094,1,1
1.11799,1,1
1.25969,1,1
1.24481,1,1
1.08853,1,1
0.94442,1,1
0.81561,1,1
0.74473,1,1
0.74199,1,1
0.73451,1,1
0.72452,1,1
0.66779,0,0
0.56383,0,0
0.46609,0,0
0.36981,0,0
0.31415,0,0
0.28763,0,0
0.26305,0,0
0.236,0,0
0.14988,0,0
0.04091,0,0
0.0,0,0
0.0,0,0
0.0,0,0
0.00102,0,0
0.00102,0,0
0.0,0,0
0.0,0,0
0.0,0,0
0.0,0,0
0.0,0,0
0.0,0,0
0.0,0,0
0.0,0,0
0.0,0,0
0.0,0,0
0.0,0,0
0.0,0,0
0.0,0,0
0.0,0,0
0.0,0,0
0.0,0,0
0.0,0,0
0.00434,0,0
0.01025,0,0
0.01267,0,0
0.0116,0,0
0.01048,0,0
0.00928,0,0
0.00799,0,0
0.0066,0,0
0.00519,0,0
0.00376,0,0
0.00088,0,0
0.0,0,0
0.0,0,0
0.0,0,0
0.0,0,0
0.0,0,0
0.0,0,0
0.0,0,0
0.0,0,0
0.0,0,0
0.0,0,0
0.0,0,0
0.0,0,0
0.0,0,0
0.0,0,0
0.0,0,0
0.0,0,0
0.00636,0,0
0.01863,0,0
0.06017,0,0
0.11005,0,0
0.15497,0,0
0.20186,0,0
0.25029,0,0
0.33816,0,0
0.4853,0,0
0.61417,0,0
0.72142,0,0
0.84197,0,0
0.98405,0,0
1.11822,0,0
1.24584,1,1
1.37237,1,1
1.50507,1,1
1.58176,1,1
1.58072,1,1
1.56481,1,1
1.54655,1,1
1.54709,1,1
1.56829,1,1
1.55289,1,1
1.51825,1,1
1.4417,1,1
1.31158,1,1
1.207,1,1
1.13543,0,0
1.15332,0,0
1.25748,1,1
1.37096,1,1
1.4905,1,1
1.48557,1,1
1.36501,1,1
1.23776,1,1
1.11779,0,0
1.14806,0,0
1.28487,1,1
1.3811,1,1
1.42562,1,1
1.25471,1,1
0.95752,0,0
0.71435,0,0
0.50931,0,0
0.33984,0,0
0.19054,0,0
0.09245,0,0
0.04347,0,0
0.01316,0,0
0.00286,0,0
0.0,0,0
0.0,0,0
0.00074,0,0
0.00199,0,0
0.002,0,0
0.00076,0,0
0.0,0,0
0.0,0,0
0.0,0,0
0.00333,0,0
0.0072,0,0
0.01113,0,0
0.01179,0,0
0.00923,0,0
0.00663,0,0
0.00405,0,0
0.00341,0,0
0.00472,0,0
0.00606,0,0
0.0074,0,0
0.00414,0,0
0.0,0,0
0.0,0,0
0.0,0,0
0.0,0,0
0.0,0,0
0.0,0,0
0.0,0,0
0.0,0,0
0.0,0,0
0.0,0,0
0.0,0,0
0.0,0,0
0.0,0,0
0.0,0,0
0.0,0,0
0.0,0,0
0.0,0,0
0.0,0,0
0.0,0,0
0.0,0,0
0.0,0,0
0.0,0,0
0.0,0,0
0.0,0,0
0.0,0,0
0.0,0,0
0.0,0,0
0.02832,0,0
0.11563,0,0
0.20071,0,0
0.22423,0,0
0.24452,0,0
0.27894,0,0
0.34863,0,0
0.46408,0,0
0.57947,0,0
0.68764,0,0
0.78032,0,0
0.86316,1,1
0.94494,1,1
1.02553,1,1
1.11515,1,1
1.22441,1,1
1.37762,1,1
1.57142,1,1
1.58276,1,1
1.40549,1,1
1.25875,1,1
1.13726,1,1
1.09749,1,1
1.13191,1,1
1.11636,1,1
1.05316,1,1
1.09268,1,1
1.22959,1,1
1.3492,1,1
1.455,1,1
1.426,1,1
1.28196,1,1
1.18565,1,1
1.14079,1,1
1.02663,1,1
0.86204,0,0
0.70174,0,0
0.55474,0,0
0.46894,0,0
0.41123,0,0
0.35973,0,0
0.30926,0,0
0.18295,0,0
0.04511,0,0
0.0,0,0
0.0,0,0
0.00073,0,0
0.00191,0,0
0.00459,0,0
0.00879,0,0
0.01298,0,0
0.01723,0,0
0.02617,0,0
0.02916,0,0
0.03217,0,0
0.03532,0,0
0.03986,0,0
0.04591,0,0
0.05218,0,0
0.05834,0,0
0.06903,0,0
0.0846,0,0
0.10039,0,0
0.11968,0,0
0.14698,0,0
0.17709,0,0
0.20766,0,0
0.23785,0,0
0.24544,0,0
0.22983,0,0
0.21284,0,0
0.19533,0,0
0.16936,0,0
0.13301,0,0
0.10645,0,0
0.08314,0,0
0.07687,0,0
0.08839,0,0
0.1006,0,0
0.11276,0,0
0.11971,0,0
0.12075,0,0
0.12131,0,0
0.12238,0,0
0.1305,0,0
0.15076,0,0
0.1744,0,0
0.19806,0,0
0.24138,0,0
0.30361,0,0
0.38613,0,0
0.46948,0,0
0.62577,0,0
0.896,0,0
1.24614,0,0
1.6302,1,1
2.00896,1,1
2.33523,1,1
2.68032,1,1
3.02799,1,1
3.20474,1,1
3.21191,1,1
3.2208,1,1
3.2557,1,1
3.13531,1,1
2.86648,1,1
2.50723,1,1
2.078,1,1
1.72274,1,1
1.4509,1,1
1.28973,1,1
1.24108,0,0
1.25757,0,0
1.30467,1,1
1.31643,1,1
1.31162,1,1
1.29326,1,1
1.25979,0,0
1.2637,0,0
1.30409,1,1
1.38547,1,1
1.5008,1,1
1.43674,1,1
1.2001,0,0
1.03568,0,0
0.91948,0,0
0.84404,0,0
0.80016,0,0
0.74474,0,0
0.68384,0,0
0.63661,0,0
0.60058,0,0
0.55426,0,0
0.51619,0,0
0.39898,0,0
0.22207,0,0
0.07042,0,0
0.0,0,0
0.0,0,0
0.0,0,0
0.0,0,0
0.0,0,0
0.0,0,0
0.0,0,0
0.0,0,0
0.0,0,0
0.0,0,0
0.0,0,0
0.00252,0,0
0.00254,0,0
0.00255,0,0
0.00257,0,0
0.00319,0,0
0.00443,0,0
0.00568,0,0
0.00694,0,0
0.00606,0,0
0.00296,0,0
0.0,0,0
0.0,0,0
0.0,0,0
0.0,0,0
0.0,0,0
0.0,0,0
0.0,0,0
0.00793,0,0
0.01705,0,0
0.04739,0,0
0.09222,0,0
0.14508,0,0
0.21553,0,0
0.28768,0,0
0.3385,0,0
0.34123,0,0
0.34401,0,0
0.34821,0,0
0.41304,0,0
0.54533,0,0
0.7746,0,0
1.02544,0,0
1.22047,0,0
1.28625,0,0
1.34701,0,0
1.41365,0,0
1.52533,0,0
1.70806,0,0
1.89642,0,0
2.09194,0,0
2.08387,0,0
1.87465,0,0
1.66872,0,0
1.47899,0,0
1.43417,0,0
1.50036,0,0
1.58544,0,0
1.67321,0,0
1.85056,0,0
2.12448,0,0
2.36353,0,0
2.56479,0,0
2.69937,0,0
2.77765,0,0
2.82807,0,0
2.85833,0,0
2.90927,1,1
2.97087,1,1
3.0009,1,1
3.00047,1,1
2.97452,1,1
2.94413,1,1
2.96089,1,1
3.0445,1,1
3.05014,1,1
2.99863,1,1
2.90008,1,1
2.77707,0,1
2.87742,1,1
3.2008,1,1
3.45222,1,1
3.61432,1,1
3.6429,1,1
3.58405,1,1
3.47034,1,1
3.32208,1,1
3.22147,1,1
3.19575,1,1
3.18535,1,1
3.20936,1,1
3.03457,1,1
2.66634,0,0
2.29646,0,0
1.89294,0,0
1.74738,0,0
1.85662,0,0
1.95365,0,0
2.04082,0,0
1.92135,0,0
1.57898,0,0
1.23139,0,0
0.93536,0,0
0.80995,0,0
0.84633,0,0
0.88318,0,0
0.92052,0,0
0.94251,0,0
0.94886,0,0
0.95528,0,0
0.965,0,0
0.93573,0,0
0.87348,0,0
0.80807,0,0
0.75789,0,0
0.77819,0,0
0.88804,0,0
1.00362,0,0
1.12303,0,0
1.12699,0,0
1.01776,0,0
0.90388,0,0
0.80045,0,0
0.7906,0,0
0.85513,0,0
0.94127,0,0
1.02683,0,0
1.05661,1,1
1.02455,1,1
0.99222,1,1
0.95963,1,1
0.87498,1,1
0.76488,1,1
0.65212,1,1
0.53662,1,1
0.49209,0,0
0.48075,0,0
0.46921,0,0
0.45565,0,0
0.41619,0,0
0.34685,0,0
0.28539,0,0
0.23509,0,0
0.20293,0,0
0.1905,0,0
0.17744,0,0
0.16525,0,0
0.20493,0,0
0.29473,0,0
0.41501,0,0
0.53923,1,1
0.59328,1,1
0.52069,1,1
0.47229,0,0
0.42515,0,0
0.49744,1,1
0.69164,1,1
0.8121,1,1
0.8712,1,1
0.80155,1,1
0.68729,1,1
0.56439,1,1
0.43752,0,0
0.34133,0,0
0.26295,0,0
0.2782,0,0
0.38416,0,0
0.49165,0,0
0.62927,1,1
0.66247,1,1
0.59847,1,1
0.59442,1,1
0.64352,1,1
0.57753,1,1
0.39676,0,0
0.19423,0,0
0.08218,0,0
0.09234,0,0
0.18621,0,0
0.29057,0,0
0.34038,0,0
0.34356,0,0
0.31453,0,0
0.309,0,0
0.3256,0,0
0.30527,0,0
0.2486,0,0
0.19467,0,0
0.14539,0,0
0.10659,0,0
0.08075,0,0
0.03435,0,0
0.00445,0,0
0.01217,0,0
0.01764,0,0
0.02997,0,0
0.01863,0,0
0.01561,0,0
0.01323,0,0
0.01208,0,0
0.01212,0,0
0.01219,0,0
0.01223,0,0
0.00835,0,0
0.00043,0,0
0.0,0,0
0.0,0,0
0.0,0,0
0.0,0,0
0.0,0,0
0.0,0,0
0.0,0,0
0.0,0,0
0.0,0,0
0.0,0,0
0.0,0,0
0.0,0,0
0.0,0,0
0.0,0,0
0.0,0,0
0.0,0,0
0.0,0,0
0.0,0,0
0.0,0,0
0.0,0,0
0.0,0,0
0.0,0,0
0.0,0,0
0.0,0,0
0.0,0,0
0.0,0,0
0.0,0,0
0.0,0,0
0.0,0,0
0.0,0,0
0.0,0,0
0.0,0,0
0.00977,0,0
0.01977,0,0
0.02285,0,0
0.019,0,0
0.0151,0,0
0.01126,0,0
0.01122,0,0
0.01491,0,0
0.01855,0,0
0.02213,0,0
0.0373,0,0
0.05208,0,0
0.06709,0,0
0.08187,0,0
0.10355,0,0
0.13141,0,0
0.15027,0,0
0.1602,0,0
0.17554,0,0
0.19655,0,0
0.19233,0,0
0.16374,0,0
0.15875,0,0
0.19929,0,0
0.28242,0,0
0.42577,0,0
0.50924,0,0
0.53308,0,0
0.54189,0,0
0.53594,0,0
0.54751,0,0
0.58307,0,0
0.60163,0,0
0.59507,0,0
0.60998,0,0
0.64835,0,0
0.73671,1,1
0.90275,1,1
1.12409,1,1
1.41089,1,1
1.66729,1,1
1.85871,1,1
1.95425,1,1
1.96513,1,1
2.02186,1,1
2.11231,1,1
2.16783,1,1
2.1806,1,1
2.17393,1,1
2.13463,1,1
2.00384,1,1
1.77476,1,1
1.5414,1,1
1.3131,1,1
1.1994,1,1
1.19961,1,1
1.20354,1,1
1.20374,1,1
1.08362,1,1
0.84344,1,1
0.64393,0,0
0.46975,0,0
0.42289,0,0
0.50377,0,0
0.5857,0,0
0.67088,0,0
0.6333,0,0
0.47555,0,0
0.3687,0,0
0.28121,0,0
0.24019,0,0
0.24103,0,0
0.24267,0,0
0.24352,0,0
0.24911,0,0
0.26302,0,0
0.27703,0,0
0.29214,0,0
0.34177,0,0
0.42904,0,0
0.5563,0,0
0.71873,0,0
0.77846,0,0
0.73335,0,0
0.6849,0,0
0.63834,0,0
0.61744,0,0
0.62287,0,0
0.62839,0,0
0.63399,0,0
0.57109,0,0
0.47732,0,0
0.40442,0,0
0.33018,0,0
0.3319,0,0
0.4124,0,0
0.49374,0,0
0.59682,0,0
0.55672,0,0
0.42575,0,0
0.30163,0,0
0.20838,0,0
0.12755,0,0
0.07836,0,0
0.02982,0,0
0.01438,0,0
0.02035,0,0
0.04398,0,0
0.06812,0,0
0.09378,0,0
0.1992,0,0
0.41871,0,0
0.65245,0,0
0.89421,0,0
0.95684,1,0
0.79037,0,0
0.79167,0,0
1.00512,1,1
1.19619,1,1
1.35825,1,1
1.44853,1,1
1.47068,1,1
1.5084,1,1
1.56762,1,1
1.5898,1,1
1.56394,1,1
1.54675,1,1
1.53831,1,1
1.51721,1,1
1.49332,1,1
1.46844,1,1
1.4469,1,1
1.42901,1,1
1.40735,1,1
1.40327,1,1
1.41292,1,1
1.3437,1,1
1.19537,1,1
1.07282,1,1
0.96778,1,1
0.872,0,0
0.78007,0,0
0.68213,0,0
0.58361,0,0
0.49511,0,0
0.41313,0,0
0.35383,0,0
0.30377,0,0
0.18573,0,0
0.05443,0,0
0.01575,0,0
0.04541,0,0
0.08271,0,0
0.12958,0,0
0.16807,0,0
0.18725,0,0
0.20604,0,0
0.2257,0,0
0.20669,0,0
0.1477,0,0
0.09532,0,0
0.0571,0,0
0.03629,0,0
0.03342,0,0
0.03063,0,0
0.0277,0,0
0.02169,0,0
0.01781,0,0
0.01595,0,0
0.01402,0,0
0.01408,0,0
0.01614,0,0
0.01818,0,0
0.02231,0,0
0.02744,0,0
0.02804,0,0
0.02867,0,0
0.02932,0,0
0.02162,0,0
0.01806,0,0
0.01447,0,0
0.01084,0,0
0.01242,0,0
0.01927,0,0
0.03994,0,0
0.073,0,0
0.06995,0,0
0.02986,0,0
0.01612,0,0
0.00762,0,0
0.0049,0,0
0.00806,0,0
0.01127,0,0
0.01451,0,0
0.02049,0,0
0.04976,0,0
0.09205,0,0
0.13417,0,0
0.15219,0,0
0.13082,0,0
0.11437,0,0
0.09868,0,0
0.09597,0,0
0.11384,0,0
0.14525,0,0
0.20705,0,0
0.40574,0,0
0.81479,0,0
1.02315,1,1
0.90739,1,1
0.78209,0,0
0.67389,0,0
0.66475,0,0
0.77855,0,0
0.85644,0,0
0.8941,1,1
0.97168,1,1
1.1027,1,1
1.24673,1,1
1.39964,1,1
1.45317,1,1
1.3989,1,1
1.36819,1,1
1.35491,1,1
1.37424,1,1
1.43193,1,1
1.47833,1,1
1.50802,1,1
1.50456,1,1
1.46931,1,1
1.44742,1,1
1.44128,1,1
1.39377,1,1
1.30977,1,1
1.25429,1,1
1.22588,1,1
1.08379,1,1
0.84793,0,0
0.64191,0,0
0.47913,0,0
0.37405,0,0
0.30082,0,0
0.2299,0,0
0.1679,0,0
0.10271,0,0
0.03891,0,0
0.01229,0,0
0.01234,0,0
0.01235,0,0
0.01239,0,0
0.01367,0,0
0.01619,0,0
0.01945,0,0
0.0314,0,0
0.0173,0,0
0.00676,0,0
0.0,0,0
0.0,0,0
0.0,0,0
0.0,0,0
0.0,0,0
0.0,0,0
0.00209,0,0
0.00079,0,0
0.0,0,0
0.0,0,0
0.0,0,0
0.0,0,0
0.0,0,0
0.0,0,0
0.0,0,0
0.0,0,0
0.0,0,0
0.0,0,0
0.0,0,0
0.0,0,0
0.0,0,0
0.0,0,0
0.0,0,0
0.0,0,0
0.0,0,0
0.0,0,0
0.0,0,0
0.0,0,0
0.0,0,0
0.0,0,0
0.0,0,0
0.0,0,0
0.0,0,0
0.0,0,0
0.00217,0,0
0.0,0,0
0.0,0,0
0.0,0,0
0.0,0,0
0.0,0,0
0.00357,0,0
0.00722,0,0
0.0231,0,0
0.05251,0,0
0.10975,0,0
0.17057,0,0
0.30151,0,0
0.54974,0,0
0.65839,1,0
0.57215,0,0
0.54372,0,0
0.58781,0,0
0.61803,0,0
0.63947,0,0
0.63295,0,0
0.62449,0,0
0.65399,0,0
0.82898,1,1
1.09325,1,1
1.31508,1,1
1.38022,1,1
1.28406,1,1
1.2146,1,1
1.1764,1,1
1.18631,1,1
1.2449,1,1
1.30983,1,1
1.38419,1,1
1.37807,1,1
1.30245,1,1
1.23518,1,1
1.18863,1,1
1.17007,1,1
1.17987,1,1
1.18595,1,1
1.18477,1,1
1.10033,1,1
0.94945,1,1
0.82527,1,1
0.72331,1,1
0.59307,0,0
0.44598,0,0
0.33347,0,0
0.24808,0,0
0.14265,0,0
0.03729,0,0
0.0,0,0
0.0,0,0
0.0,0,0
0.0,0,0
0.0,0,0
0.0,0,0
0.0,0,0
0.0,0,0
0.0,0,0
0.0,0,0
0.0,0,0
0.0,0,0
0.0,0,0
0.0,0,0
0.0,0,0
0.0,0,0
0.0,0,0
0.0,0,0
0.0,0,0
0.0,0,0
0.0,0,0
0.0,0,0
0.0,0,0
0.0,0,0
0.0,0,0
0.0,0,0
0.0,0,0
0.0,0,0
0.0,0,0
0.0,0,0
0.0,0,0
0.0,0,0
0.0,0,0
0.0,0,0
0.0,0,0
0.00134,0,0
0.00411,0,0
0.00575,0,0
0.00744,0,0
0.00914,0,0
0.00468,0,0
0.0,0,0
0.0,0,0
0.0,0,0
0.0,0,0
0.0,0,0
0.0,0,0
0.0,0,0
0.0,0,0
0.0,0,0
0.0,0,0
0.0,0,0
0.02426,0,0
0.08754,0,0
0.18068,0,0
0.30265,0,0
0.40758,0,0
0.45903,0,0
0.56979,0,0
0.79895,0,0
1.06153,0,0
1.34382,0,0
1.52521,1,1
1.58632,1,1
1.68419,1,1
1.82464,1,1
1.89309,1,1
1.88079,1,1
1.87419,1,1
1.87035,1,1
1.87759,1,1
1.89679,1,1
1.92786,1,1
1.9711,1,1
1.92598,1,1
1.79431,1,1
1.65312,1,1
1.50296,1,1
1.46799,1,1
1.54253,1,1
1.59824,1,1
1.65159,1,1
1.63292,1,1
1.55527,1,1
1.50885,1,1
1.47878,1,1
1.35516,0,0
1.15314,0,0
0.97363,0,0
0.81768,0,0
0.65939,0,0
0.50155,0,0
0.37891,0,0
0.28584,0,0
0.16495,0,0
0.04193,0,0
0.0,0,0
0.0,0,0
0.0,0,0
0.0,0,0
0.0,0,0
0.0,0,0
0.0,0,0
0.0,0,0
0.0,0,0
0.0,0,0
0.0,0,0
0.00108,0,0
0.0,0,0
0.0,0,0
0.0,0,0
0.0,0,0
0.0,0,0
0.0,0,0
0.0,0,0
0.0,0,0
0.0,0,0
0.0,0,0
0.0,0,0
0.0,0,0
0.0,0,0
0.0,0,0
0.0,0,0
0.0,0,0
0.0,0,0
0.0,0,0
0.0,0,0
0.0,0,0
0.0,0,0
0.0,0,0
0.0,0,0
0.0,0,0
0.0,0,0
0.0,0,0
0.0,0,0
0.0,0,0
0.0,0,0
0.0,0,0
0.0,0,0
0.0,0,0
0.0,0,0
0.0,0,0
0.0,0,0
0.0,0,0
0.0,0,0
0.0,0,0
0.0,0,0
0.0,0,0
0.02092,0,0
0.07299,0,0
0.14666,0,0
0.24078,0,0
0.33905,0,0
0.42187,0,0
0.52988,0,0
0.67965,0,0
0.84086,0,0
1.00021,0,0
1.12588,1,1
1.21489,1,1
1.32606,1,1
1.46148,1,1
1.57426,1,1
1.66112,1,1
1.77085,1,1
1.89621,1,1
1.93649,1,1
1.88342,1,1
1.84076,1,1
1.8165,1,1
1.78542,1,1
1.75663,1,1
1.72701,1,1
1.70198,1,1
1.64912,1,1
1.57004,1,1
1.49563,1,1
1.42609,1,1
1.36399,1,1
1.31066,1,1
1.25807,1,1
1.20104,1,1
1.10275,0,0
0.98176,0,0
0.90106,0,0
0.85342,0,0
0.69738,0,0
0.45856,0,0
0.23783,0,0
0.12299,0,0
0.08115,0,0
0.0256,0,0
0.0,0,0
0.0,0,0
0.0,0,0
0.0,0,0
0.0,0,0
0.0,0,0
0.0,0,0
0.0,0,0
0.0,0,0
0.0,0,0
0.0,0,0
0.0,0,0
0.0,0,0
0.0,0,0
0.0,0,0
0.0,0,0
0.0,0,0
0.0,0,0
0.0,0,0
0.0,0,0
0.00046,0,0
0.0064,0,0
0.01242,0,0
0.01847,0,0
0.02002,0,0
0.01696,0,0
0.01373,0,0
0.01044,0,0
0.00625,0,0
0.00123,0,0
0.0,0,0
0.0,0,0
0.0,0,0
0.0,0,0
0.00127,0,0
0.00651,0,0
0.01411,0,0
0.02931,0,0
0.07713,0,0
0.12575,0,0
0.15953,0,0
0.16024,0,0
0.16095,0,0
0.16166,0,0
0.18591,0,0
0.23209,0,0
0.27906,0,0
0.33012,0,0
0.36071,0,0
0.35792,0,0
0.35518,0,0
0.35248,0,0
0.34234,0,0
0.338,0,0
0.34119,0,0
0.32001,0,0
0.32095,0,0
0.35324,0,0
0.37827,0,0
0.39311,0,0
0.37399,0,0
0.32656,0,0
0.30116,0,0
0.31183,0,0
0.30745,0,0
0.28676,0,0
0.31821,0,0
0.41455,0,0
0.53598,0,0
0.68391,0,0
0.77191,1,1
0.80115,1,1
0.87367,1,1
0.98491,1,1
0.97946,1,1
0.86496,1,1
0.77592,1,1
0.7142,0,0
0.69656,0,0
0.71931,0,0
0.73959,0,0
0.76101,1,0
0.7202,0,0
0.62332,0,0
0.49675,0,0
0.39904,0,0
0.36401,0,0
0.50771,0,0
0.74203,0,0
0.88944,1,1
0.79343,1,1
0.52325,0,0
0.33248,0,0
0.20451,0,0
0.10277,0,0
0.02773,0,0
0.00489,0,0
0.00969,0,0
0.01448,0,0
0.02457,0,0
0.05198,0,0
0.0842,0,0
0.12324,0,0
0.17446,0,0
0.22108,0,0
0.27113,0,0
0.33044,0,0
0.3906,0,0
0.49671,0,0
0.68579,0,0
0.90454,1,1
1.16655,1,1
1.28594,1,1
1.25799,1,1
1.22981,1,1
1.20142,1,1
1.13112,1,1
1.01844,1,1
0.90486,1,1
0.7989,1,1
0.80764,1,1
0.93841,1,1
1.08398,1,1
1.23158,1,1
1.35204,1,1
1.43186,1,1
1.52332,1,1
1.62629,1,1
1.50831,1,1
1.23094,1,1
0.9542,0,0
0.74821,0,0
0.61513,0,0
0.55005,0,0
0.50846,0,0
0.47329,0,0
0.42158,0,0
0.35144,0,0
0.28925,0,0
0.23735,0,0
0.20492,0,0
0.19318,0,0
0.18143,0,0
0.16897,0,0
0.1566,0,0
0.14375,0,0
0.13231,0,0
0.12395,0,0
0.14547,0,0
0.21798,0,0
0.31143,0,0
0.42402,0,0
0.5267,0,0
0.61724,0,0
0.71485,0,0
0.82682,0,0
0.97189,1,1
1.14719,1,1
1.23335,1,1
1.21647,1,1
1.20034,1,1
1.19244,1,1
1.156,1,1
1.10458,1,1
1.04819,1,1
0.98245,1,1
0.96498,0,1
0.99348,1,1
1.00476,1,1
0.99292,1,1
0.99008,1,1
0.99106,1,1
1.00734,1,1
1.03506,1,1
1.01634,1,1
0.94761,0,0
0.90547,0,0
0.88751,0,0
0.86834,0,0
0.82922,0,0
0.77933,0,0
0.72205,0,0
0.65532,0,0
0.57754,0,0
0.49425,0,0
0.41897,0,0
0.3436,0,0
0.26643,0,0
0.20174,0,0
0.14684,0,0
0.0922,0,0
0.06569,0,0
0.05002,0,0
0.03308,0,0
0.01756,0,0
0.01401,0,0
0.01164,0,0
0.01047,0,0
0.00932,0,0
0.00813,0,0
0.00819,0,0
0.0095,0,0
0.01086,0,0
0.01222,0,0
0.01103,0,0
0.00719,0,0
0.00335,0,0
0.0,0,0
0.0,0,0
0.0,0,0
0.00079,0,0
0.00211,0,0
0.00178,0,0
0.0,0,0
0.0,0,0
0.0,0,0
0.0,0,0
0.0,0,0
0.0,0,0
0.0,0,0
0.0,0,0
0.0,0,0
0.0,0,0
0.0,0,0
0.00016,0,0
0.00016,0,0
0.00016,0,0
0.00016,0,0
0.0,0,0
0.0,0,0
0.0,0,0
0.0,0,0
0.0,0,0
0.00422,0,0
0.0091,0,0
0.01398,0,0
0.01644,0,0
0.01646,0,0
0.01648,0,0
0.0165,0,0
0.0193,0,0
0.02729,0,0
0.05413,0,0
0.0805,0,0
0.13036,0,0
0.23526,0,0
0.35157,0,0
0.4969,0,0
0.62209,0,0
0.73904,1,1
0.79367,1,1
0.78477,1,1
0.81729,1,1
0.87992,1,1
0.87158,1,1
0.79377,1,1
0.7216,1,1
0.68918,0,0
0.71307,0,0
0.7626,1,1
0.77754,1,1
0.7538,1,1
0.76028,1,1
0.79368,1,1
0.86455,1,1
0.9713,1,1
1.02493,1,1
1.03041,1,1
1.04527,1,1
1.06984,1,1
1.09756,1,1
1.12753,1,1
1.09744,1,1
1.05328,1,1
0.90009,1,1
0.63334,0,0
0.41401,0,0
0.23895,0,0
0.16551,0,0
0.18151,0,0
0.21138,0,0
0.25421,0,0
0.25919,0,0
0.2265,0,0
0.22648,0,0
0.27032,0,0
0.34515,0,0
0.44016,0,0
0.46585,0,0
0.37645,0,0
0.30138,0,0
0.23176,0,0
0.19976,0,0
0.19106,0,0
0.1829,0,0
0.17405,0,0
0.17045,0,0
0.17162,0,0
0.1728,0,0
0.17342,0,0
0.20406,0,0
0.26482,0,0
0.34685,0,0
0.42805,0,0
0.47372,0,0
0.47712,0,0
0.47892,0,0
0.48073,0,0
0.43764,0,0
0.35606,0,0
0.27388,0,0
0.21262,0,0
0.1794,0,0
0.17274,0,0
0.16578,0,0
0.15791,0,0
0.17437,0,0
0.21364,0,0
0.25389,0,0
0.29334,0,0
0.28997,0,0
0.24078,0,0
0.19156,0,0
0.14116,0,0
0.11577,0,0
0.10146,0,0
0.0869,0,0
0.0721,0,0
0.07241,0,0
0.08801,0,0
0.10404,0,0
0.11971,0,0
0.13147,0,0
0.13933,0,0
0.14966,0,0
0.16186,0,0
0.21877,0,0
0.32051,0,0
0.45891,0,0
0.62094,0,0
0.85154,1,1
1.08909,1,1
1.37955,1,1
1.67306,1,1
1.81671,1,1
1.75101,1,1
1.71263,1,1
1.6844,1,1
1.98488,1,1
2.67501,1,1
2.99867,1,1
2.89014,1,1
2.37807,1,1
1.68629,1,1
1.26694,1,1
1.05421,1,1
1.09148,1,1
1.18484,1,1
1.1663,1,1
1.02886,1,1
0.9056,1,1
0.80818,1,1
0.74753,1,1
0.72565,1,1
0.68848,0,0
0.63831,0,0
0.5904,0,0
0.52993,0,0
0.51697,0,0
0.5418,0,0
0.48796,0,0
0.35156,0,0
0.219,0,0
0.09168,0,0
0.04416,0,0
0.07472,0,0
0.08679,0,0
0.08016,0,0
0.07126,0,0
0.06038,0,0
0.05275,0,0
0.04855,0,0
0.03441,0,0
0.0109,0,0
0.0,0,0
0.0,0,0
0.0,0,0
0.0,0,0
0.0,0,0
0.0,0,0
0.0,0,0
0.0,0,0
0.0,0,0
0.0,0,0
0.0,0,0
0.0,0,0
0.0,0,0
0.0,0,0
0.0,0,0
0.0,0,0
0.0,0,0
0.0,0,0
0.0,0,0
0.0,0,0
0.0,0,0
0.0,0,0
0.0,0,0
0.0,0,0
0.0,0,0
0.0,0,0
0.00375,0,0
0.01118,0,0
0.01508,0,0
0.0152,0,0
0.01532,0,0
0.01545,0,0
0.01834,0,0
0.02633,0,0
0.05303,0,0
0.0804,0,0
0.11524,0,0
0.16933,0,0
0.23662,0,0
0.30451,0,0
0.29977,0,0
0.22049,0,0
0.14194,0,0
0.09121,0,0
0.06526,0,0
0.06501,0,0
0.06476,0,0
0.06451,0,0
0.04277,0,0
0.01888,0,0
0.01001,0,0
0.00132,0,0
0.0,0,0
0.03623,0,0
0.06105,0,0
0.08612,0,0
0.18714,0,0
0.38778,0,0
0.44209,0,0
0.30993,0,0
0.18699,0,0
0.11277,0,0
0.16018,0,0
0.34416,0,0
0.5215,0,0
0.68436,0,0
0.81269,0,0
0.90518,0,0
1.15769,1,1
1.57465,1,1
1.63209,1,1
1.32459,1,1
1.00226,1,1
0.8106,0,0
0.77468,0,0
0.79369,0,0
0.91656,0,0
1.09129,1,1
1.06787,1,1
0.82724,0,0
0.67308,0,0
0.59155,0,0
0.60447,0,0
0.71629,0,0
0.81283,0,0
0.88318,0,0
0.92223,0,0
0.93257,0,0
1.00188,1,1
1.13265,1,1
1.29743,1,1
1.4407,1,1
1.55681,1,1
1.67055,1,1
1.77374,1,1
1.86924,1,1
1.68934,1,1
1.24307,1,1
0.86693,0,0
0.58489,0,0
0.43626,0,0
0.41054,0,0
0.38605,0,0
0.36019,0,0
0.38113,0,0
0.44811,0,0
0.56675,0,0
0.69063,0,0
0.76538,0,0
0.79237,0,0
0.82233,0,0
0.85813,0,0
0.8815,0,0
0.89101,0,0
0.90072,0,0
0.91064,0,0
0.99436,1,1
1.15917,1,1
1.32059,1,1
1.50362,1,1
1.46561,1,1
1.22261,1,1
0.97933,1,1
0.78688,0,0
0.69265,0,0
0.68712,0,0
0.6788,0,0
0.67032,0,0
0.62829,0,0
0.5512,0,0
0.50716,0,0
0.46425,0,0
0.43273,0,0
0.41132,0,0
0.38953,0,0
0.36892,0,0
0.35774,0,0
0.35796,0,0
0.35819,0,0
0.35841,0,0
0.35709,0,0
0.35426,0,0
0.35147,0,0
0.35019,0,0
0.38787,0,0
0.46412,0,0
0.54018,0,0
0.66146,0,0
0.80714,0,0
0.99799,0,0
1.30762,0,0
1.6587,1,1
1.81954,1,1
1.7891,1,1
1.73299,1,1
1.64858,1,1
1.56947,1,1
1.49767,0,0
1.55705,0,0
1.77064,1,1
2.00018,1,1
2.24752,1,1
2.29492,1,1
2.14134,1,1
2.04699,1,1
2.03472,1,1
2.12728,1,1
2.34603,1,1
2.38951,1,1
2.26019,1,1
2.0952,1,1
1.92475,1,1
1.8961,1,1
1.9975,1,1
1.96299,1,1
1.80617,1,1
1.63819,1,1
1.46707,0,0
1.29981,0,0
1.13256,0,0
0.89726,0,0
0.76992,0,0
0.63808,0,0
0.54788,0,0
0.51366,0,0
0.51416,0,0
0.43734,0,0
0.31237,0,0
0.22744,0,0
0.16489,0,0
0.10031,0,0
0.04185,0,0
0.01875,0,0
0.01851,0,0
0.01833,0,0
0.01809,0,0
0.01894,0,0
0.02771,0,0
0.03702,0,0
0.04624,0,0
0.05429,0,0
0.0607,0,0
0.06739,0,0
0.07392,0,0
0.06972,0,0
0.05395,0,0
0.0383,0,0
0.02245,0,0
0.01655,0,0
0.01199,0,0
0.00733,0,0
0.00257,0,0
0.00084,0,0
0.00225,0,0
0.00366,0,0
0.00509,0,0
0.00481,0,0
0.00272,0,0
0.00053,0,0
0.0,0,0
0.0021,0,0
0.01222,0,0
0.02244,0,0
0.06771,0,0
0.11317,0,0
0.16698,0,0
0.23435,0,0
0.30289,0,0
0.28541,0,0
0.17676,0,0
0.09427,0,0
0.0247,0,0
0.01505,0,0
0.01085,0,0
0.00658,0,0
0.00232,0,0
0.00447,0,0
0.01307,0,0
0.02158,0,0
0.0473,0,0
0.07154,0,0
0.07939,0,0
0.0868,0,0
0.0941,0,0
0.10961,0,0
0.15389,0,0
0.22907,0,0
0.30968,0,0
0.48647,0,0
0.82256,0,0
1.23903,0,0
1.7246,1,1
1.86184,1,1
1.53236,0,0
1.40609,0,0
1.49233,0,0
1.59468,0,0
1.69967,1,1
1.90799,1,1
2.19891,1,1
2.43939,1,1
2.58921,1,1
2.5665,1,1
2.35536,1,1
2.08286,1,1
1.78877,1,1
1.62987,1,1
1.60259,1,1
1.65153,1,1
1.76937,1,1
1.79977,1,1
1.74775,1,1
1.74454,1,1
1.83824,1,1
1.98608,1,1
2.19181,1,1
2.22921,1,1
2.08972,1,1
1.86271,1,1
1.56396,0,0
1.24755,0,0
0.95073,0,0
0.7235,0,0
0.5827,0,0
0.46922,0,0
0.39325,0,0
0.29593,0,0
0.20462,0,0
0.15047,0,0
0.11283,0,0
0.08795,0,0
0.06358,0,0
0.04366,0,0
0.02836,0,0
0.01822,0,0
0.01499,0,0
0.0151,0,0
0.01856,0,0
0.02923,0,0
0.04551,0,0
0.04911,0,0
0.0395,0,0
0.0297,0,0
0.02046,0,0
0.01812,0,0
0.01542,0,0
0.01269,0,0
0.00995,0,0
0.00999,0,0
0.01285,0,0
0.01569,0,0
0.01859,0,0
0.0188,0,0
0.01624,0,0
0.01358,0,0
0.0108,0,0
0.01017,0,0
0.01176,0,0
0.01336,0,0
0.01498,0,0
0.01511,0,0
0.01365,0,0
0.01217,0,0
0.01066,0,0
0.01279,0,0
0.01866,0,0
0.02463,0,0
0.05196,0,0
0.06045,0,0
0.04844,0,0
0.03658,0,0
0.02522,0,0
0.02867,0,0
0.04895,0,0
0.06925,0,0
0.08956,0,0
0.11145,0,0
0.1346,0,0
0.16497,0,0
0.19973,0,0
0.22236,0,0
0.25154,0,0
0.30287,0,0
0.35336,0,0
0.36102,0,0
0.32789,0,0
0.34973,0,0
0.42703,0,0
0.48988,0,0
0.53831,0,0
0.57266,1,1
0.59645,1,1
0.64691,1,1
0.7387,1,1
0.83051,1,1
1.0352,1,1
1.29442,1,1
1.50908,1,1
1.54003,1,1
1.38948,1,1
1.25028,1,1
1.12132,1,1
1.04116,1,1
1.01731,1,1
0.96187,1,1
0.87605,1,1
0.85546,1,1
0.89025,1,1
0.96116,1,1
1.06314,1,1
1.01792,1,1
0.83789,1,1
0.69202,1,1
0.57106,1,1
0.50643,0,0
0.4839,0,0
0.46143,0,0
0.4524,0,0
0.4206,0,0
0.38735,0,0
0.31254,0,0
0.1984,0,0
0.10515,0,0
0.03337,0,0
0.01186,0,0
0.00996,0,0
0.00806,0,0
0.00618,0,0
0.00397,0,0
0.00142,0,0
0.0,0,0
0.0,0,0
0.0,0,0
0.00673,0,0
0.01476,0,0
0.03377,0,0
0.04031,0,0
0.01902,0,0
0.01373,0,0
0.00832,0,0
0.00972,0,0
0.01794,0,0
0.04763,0,0
0.08687,0,0
0.1069,0,0
0.10771,0,0
0.10852,0,0
0.10934,0,0
0.11058,0,0
0.11227,0,0
0.114,0,0
0.11579,0,0
0.10998,0,0
0.09599,0,0
0.08188,0,0
0.06765,0,0
0.03883,0,0
0.01737,0,0
0.00808,0,0
0.0,0,0
0.0,0,0
0.0,0,0
0.0,0,0
0.0,0,0
0.0,0,0
0.0,0,0
0.0,0,0
0.00391,0,0
0.0056,0,0
0.00309,0,0
0.00059,0,0
0.0,0,0
0.0,0,0
0.00182,0,0
0.00508,0,0
0.00825,0,0
0.00979,0,0
0.02849,0,0
0.06795,0,0
0.10821,0,0
0.18097,0,0
0.29468,0,0
0.31696,1,0
0.23469,0,0
0.14391,0,0
0.05757,0,0
0.09207,0,0
0.2397,0,0
0.41978,1,1
0.63446,1,1
0.68356,1,1
0.56462,1,1
0.49247,1,1
0.46942,1,1
0.45227,1,1
0.4413,1,1
0.43333,1,1
0.42674,1,1
0.40876,1,1
0.38241,1,1
0.35107,1,1
0.3292,1,1
0.32644,1,1
0.35371,1,1
0.39998,1,1
0.46791,1,1
0.44346,1,1
0.32467,1,1
0.21302,0,0
0.10638,0,0
0.08504,0,0
0.14986,0,0
0.24156,0,0
0.3493,1,1
0.38147,1,1
0.33717,1,1
0.25865,0,0
0.16774,0,0
0.0868,0,0
0.02341,0,0
0.0,0,0
0.0,0,0
0.0,0,0
0.0,0,0
0.0,0,0
0.0,0,0
0.0,0,0
0.0,0,0
0.0,0,0
0.0,0,0
0.0,0,0
0.0,0,0
0.0,0,0
0.0,0,0
0.00114,0,0
0.00585,0,0
0.00891,0,0
0.0103,0,0
0.01166,0,0
0.01306,0,0
0.01686,0,0
0.03293,0,0
0.06257,0,0
0.09244,0,0
0.08878,0,0
0.0496,0,0
0.01905,0,0
0.01053,0,0
0.00728,0,0
0.00956,0,0
0.01187,0,0
0.01414,0,0
0.01616,0,0
0.01783,0,0
0.01952,0,0
0.02133,0,0
0.02032,0,0
0.0165,0,0
0.01262,0,0
0.00868,0,0
0.00385,0,0
0.0,0,0
0.0,0,0
0.0,0,0
0.0,0,0
0.0,0,0
0.0,0,0
0.0,0,0
0.0014,0,0
0.00382,0,0
0.00621,0,0
0.00855,0,0
0.01046,0,0
0.02633,0,0
0.05846,0,0
0.09078,0,0
0.13924,0,0
0.2029,0,0
0.2341,0,0
0.2314,0,0
0.21567,0,0
0.18621,0,0
0.23314,0,0
0.34664,0,0
0.51435,0,0
0.74213,1,1
0.91747,1,1
1.0458,1,1
1.05118,1,1
0.92463,1,1
0.86078,1,1
0.86269,1,1
0.79968,1,1
0.73843,1,1
0.70672,1,1
0.91702,1,1
1.32298,1,1
1.64062,1,1
1.64351,1,1
1.35571,1,1
1.11954,1,1
0.92997,1,1
0.88908,1,1
0.98017,1,1
1.0582,1,1
1.1269,1,1
1.0302,1,1
0.80757,1,1
0.62024,1,1
0.46884,0,0
0.37937,0,0
0.32722,0,0
0.27323,0,0
0.21709,0,0
0.12569,0,0
0.03195,0,0
0.0,0,0
0.0,0,0
0.0,0,0
0.0,0,0
0.00075,0,0
0.00199,0,0
0.00324,0,0
0.00452,0,0
0.0102,0,0
0.02594,0,0
0.07486,0,0
0.13161,0,0
0.16137,0,0
0.14221,0,0
0.12346,0,0
0.10732,0,0
0.08281,0,0
0.04575,0,0
0.01731,0,0
0.00945,0,0
0.00448,0,0
0.00249,0,0
0.00048,0,0
0.0,0,0
0.0,0,0
0.00049,0,0
0.00264,0,0
0.00487,0,0
0.0031,0,0
0.0,0,0
0.0,0,0
0.0,0,0
0.0,0,0
0.0,0,0
0.0,0,0
0.0,0,0
0.0,0,0
0.0,0,0
0.0,0,0
0.0,0,0
0.0,0,0
0.00057,0,0
0.00945,0,0
0.01834,0,0
0.0227,0,0
0.02272,0,0
0.02273,0,0
0.02274,0,0
0.02386,0,0
0.03465,0,0
0.04574,0,0
0.05666,0,0
0.06954,0,0
0.09058,0,0
0.11835,0,0
0.14666,0,0
0.18779,0,0
0.24475,0,0
0.25507,0,0
0.23514,0,0
0.23865,0,0
0.25602,0,0
0.26658,0,0
0.27068,0,0
0.26883,0,0
0.25935,0,0
0.29162,0,0
0.36402,0,0
0.43984,0,0
0.51859,1,1
0.56461,1,1
0.57526,1,1
0.59782,1,1
0.63555,1,1
0.66511,1,1
0.68269,1,1
0.75544,1,1
0.87837,1,1
0.97282,1,1
1.09147,1,1
1.1546,1,1
1.32785,1,1
1.39059,1,1
1.48593,1,1
1.60024,1,1
1.70817,1,1
1.53225,1,1
1.12786,1,1
0.79454,1,1
0.49861,1,1
0.35551,0,0
0.28814,0,0
0.29048,0,0
0.33484,0,0
0.35128,0,0
0.33934,0,0
0.35876,0,0
0.40307,0,0
0.45822,1,1
0.5401,1,1
0.47305,1,1
0.3374,0,0
0.22623,0,0
0.13785,0,0
0.11498,0,0
0.15903,0,0
0.2037,0,0
0.24903,0,0
0.24508,0,0
0.19201,0,0
0.13805,0,0
0.09511,0,0
0.07008,0,0
0.05441,0,0
0.03863,0,0
0.02272,0,0
0.01838,0,0
0.0171,0,0
0.01586,0,0
0.01455,0,0
0.01328,0,0
0.01207,0,0
0.01079,0,0
0.00952,0,0
0.0089,0,0
0.00901,0,0
0.00908,0,0
0.00919,0,0
0.00623,0,0
0.00016,0,0
0.0,0,0
0.0,0,0
0.0,0,0
0.0,0,0
0.0,0,0
0.0,0,0
0.0,0,0
0.00462,0,0
0.01191,0,0
0.01921,0,0
0.02737,0,0
0.04654,0,0
0.06556,0,0
0.08409,0,0
0.07021,0,0
0.02436,0,0
0.01392,0,0
0.00467,0,0
0.00202,0,0
0.02028,0,0
0.05514,0,0
0.09084,0,0
0.10751,0,0
0.10438,0,0
0.13843,0,0
0.2131,0,0
0.29538,0,0
0.38423,0,0
0.42864,0,0
0.42795,0,0
0.44045,0,0
0.46947,1,1
0.4777,1,1
0.46472,0,0
0.43332,0,0
0.6311,1,1
0.65423,1,1
0.72891,1,1
0.87795,1,1
1.1041,1,1
1.17999,1,1
1.11308,1,1
1.08492,1,1
1.0895,1,1
1.0986,1,1
1.10828,1,1
1.10576,1,1
1.08548,1,1
1.11483,1,1
1.18064,1,1
1.25876,1,1
1.34269,1,1
1.23949,1,1
0.98363,1,1
0.77777,1,1
0.61497,1,1
0.4875,1,1
0.38302,0,0
0.29172,0,0
0.21216,0,0
0.11707,0,0
0.03029,0,0
0.0,0,0
0.0,0,0
0.0,0,0
0.0,0,0
0.0,0,0
0.0,0,0
0.0,0,0
0.0,0,0
0.0,0,0
0.0,0,0
0.0,0,0
0.0,0,0
0.0,0,0
0.0,0,0
0.00141,0,0
0.00397,0,0
0.00561,0,0
0.0063,0,0
0.00703,0,0
0.00774,0,0
0.01042,0,0
0.01517,0,0
0.01993,0,0
0.042,0,0
0.07953,0,0
0.14134,0,0
0.22658,0,0
0.32702,0,0
0.3782,0,0
0.3591,0,0
0.3397,0,0
0.31876,0,0
0.29997,0,0
0.28592,0,0
0.27242,0,0
0.25965,0,0
0.25417,0,0
0.25633,0,0
0.25962,0,0
0.26188,0,0
0.27209,0,0
0.289,0,0
0.30707,0,0
0.326,0,0
0.36542,0,0
0.41898,0,0
0.47363,0,0
0.52567,0,0
0.53333,0,0
0.49365,0,0
0.45704,0,0
0.41962,0,0
0.42766,0,0
0.47656,0,0
0.54453,0,0
0.63971,0,0
0.82761,0,0
1.1715,0,0
1.53473,0,0
1.94695,1,1
2.34508,1,1
2.70604,1,1
3.04415,1,1
3.3686,1,1
3.39168,1,1
3.1645,1,1
2.93524,1,1
2.74097,1,1
2.59381,1,1
2.44063,1,1
2.26249,1,1
2.06719,1,1
1.96134,1,1
1.94426,1,1
1.91881,1,1
1.8728,1,1
1.74445,1,1
1.65931,0,0
1.50135,0,0
1.34438,0,0
1.4259,0,0
1.74811,1,1
2.01998,1,1
2.22239,1,1
2.25047,1,1
2.07857,1,1
1.89133,1,1
1.70096,0,0
1.35033,0,0
0.91448,0,0
0.59395,0,0
0.38211,0,0
0.27387,0,0
0.2371,0,0
0.20976,0,0
0.18083,0,0
0.172,0,0
0.17961,0,0
0.18708,0,0
0.1944,0,0
0.16423,0,0
0.09942,0,0
0.05584,0,0
0.017,0,0
0.01059,0,0
0.00695,0,0
0.00325,0,0
0.0,0,0
0.0,0,0
0.00045,0,0
0.00235,0,0
0.00427,0,0
0.00302,0,0
0.0,0,0
0.0,0,0
0.0,0,0
0.0,0,0
0.0,0,0
0.0,0,0
0.0,0,0
0.0,0,0
0.0,0,0
0.0,0,0
0.0,0,0
0.0,0,0
0.0,0,0
0.0,0,0
0.0,0,0
0.0,0,0
0.0,0,0
0.0,0,0
0.0,0,0
0.00288,0,0
0.00839,0,0
0.01394,0,0
0.01954,0,0
0.01972,0,0
0.0142,0,0
0.00866,0,0
0.00303,0,0
0.0,0,0
0.0,0,0
0.0,0,0
0.0,0,0
0.0,0,0
0.0,0,0
0.0,0,0
0.0,0,0
0.0,0,0
0.0,0,0
0.00542,0,0
0.00918,0,0
0.02681,0,0
0.06051,0,0
0.1072,0,0
0.16597,0,0
0.23026,0,0
0.29791,0,0
0.32075,0,0
0.29864,0,0
0.30043,0,0
0.32399,0,0
0.34184,0,0
0.33292,0,0
0.3254,0,0
0.33266,0,0
0.38617,0,0
0.49921,0,0
0.55334,0,0
0.54608,0,0
0.50983,0,0
0.45717,0,0
0.42469,0,0
0.41277,0,0
0.35966,0,0
0.26461,0,0
0.18228,0,0
0.16943,0,0
0.21096,0,0
0.25963,0,0
0.28167,0,0
0.26234,0,0
0.25544,0,0
0.25965,0,0
0.25588,0,0
0.24412,0,0
0.20349,0,0
0.14812,0,0
0.13115,0,0
0.16744,0,0
0.21999,0,0
0.29339,0,0
0.35778,0,0
0.4019,0,0
0.45535,0,0
0.53487,0,0
0.60307,1,1
0.66421,1,1
0.72617,1,1
0.78739,1,1
0.79274,1,1
0.74113,1,1
0.68717,1,1
0.63246,1,1
0.68849,1,1
0.87647,1,1
1.111,1,1
1.35197,1,1
1.54974,1,1
1.66289,1,1
1.77763,1,1
1.894,1,1
1.78642,1,1
1.45866,1,1
1.16484,1,1
0.89145,1,1
0.81843,1,1
0.90858,1,1
1.01642,1,1
1.12832,1,1
1.04772,1,1
0.81431,1,1
0.61378,0,0
0.46142,0,0
0.38495,0,0
0.34324,0,0
0.30151,0,0
0.26938,0,0
0.24837,0,0
0.23875,0,0
0.22802,0,0
0.21719,0,0
0.19948,0,0
0.17654,0,0
0.15276,0,0
0.13236,0,0
0.09835,0,0
0.04453,0,0
0.0171,0,0
0.00584,0,0
0.0,0,0
0.0,0,0
0.0,0,0
0.0,0,0
0.0,0,0
0.01176,0,0
0.03796,0,0
0.0646,0,0
0.14001,0,0
0.28683,0,0
0.37722,0,0
0.38843,0,0
0.39608,0,0
0.40272,0,0
0.47456,0,0
0.62695,1,1
0.81366,1,1
1.04,1,1
1.08082,1,1
0.91138,1,1
0.71665,1,1
0.61614,1,1
0.62743,1,1
0.65617,1,1
0.73172,1,1
0.81953,1,1
0.7508,1,1
0.52832,0,0
0.36239,0,0
0.25645,0,0
0.2383,0,0
0.3064,0,0
0.36637,0,0
0.41757,0,0
0.45817,0,0
0.49912,0,0
0.61479,1,1
0.80492,1,1
0.91552,1,1
0.94308,1,1
1.05293,1,1
1.17675,1,1
1.16338,1,1
1.09538,1,1
0.88754,1,1
0.61499,1,1
0.41828,0,0
0.30843,0,0
0.25428,0,0
0.25439,0,0
0.2545,0,0
0.25542,0,0
0.27715,0,0
0.32259,0,0
0.36747,0,0
0.41401,0,0
0.40604,0,0
0.34531,0,0
0.28466,0,0
0.2298,0,0
0.23065,0,0
0.28879,0,0
0.35524,0,0
0.42218,0,0
0.41199,0,0
0.32069,0,0
0.23752,0,0
0.17033,0,0
0.12652,0,0
0.11,0,0
0.09766,0,0
0.08521,0,0
0.08615,0,0
0.10094,0,0
0.11628,0,0
0.13682,0,0
0.14382,0,0
0.13356,0,0
0.12436,0,0
0.11831,0,0
0.17503,0,0
0.31557,0,0
0.50475,1,1
0.82559,1,1
0.94983,1,1
0.83944,1,1
0.73102,1,1
0.62075,1,1
0.54479,1,1
0.51473,1,1
0.4824,1,1
0.45005,1,1
0.40956,1,1
0.36092,1,1
0.3133,0,0
0.27769,0,0
0.2084,0,0
0.1174,0,0
0.05277,0,0
0.01615,0,0
0.01103,0,0
0.01944,0,0
0.03404,0,0
0.04867,0,0
0.07387,0,0
0.10996,0,0
0.142,0,0
0.16977,0,0
0.20499,0,0
0.24634,0,0
0.26629,0,0
0.26596,0,0
0.27185,0,0
0.28285,0,0
0.29199,0,0
0.30035,0,0
0.29647,0,0
0.28265,0,0
0.31476,0,0
0.3905,1,1
0.50749,1,1
0.66043,1,1
0.66631,1,1
0.5318,1,1
0.43272,1,1
0.36868,1,1
0.34714,1,1
0.3662,1,1
0.3924,1,1
0.42637,1,1
0.4006,1,1
0.31585,0,0
0.23463,0,0
0.15713,0,0
0.13487,0,0
0.16719,0,0
0.22082,0,0
0.28843,0,0
0.26461,0,0
0.16124,0,0
0.06073,0,0
0.01048,0,0
0.01043,0,0
0.00502,0,0
0.0,0,0
0.0,0,0
0.0,0,0
0.0,0,0
0.0,0,0
0.0,0,0
0.0,0,0
0.0,0,0
0.0,0,0
0.0,0,0
0.0,0,0
0.0,0,0
0.0,0,0
0.0,0,0
0.0,0,0
0.0,0,0
0.0,0,0
0.0,0,0
0.0,0,0
0.0,0,0
0.0,0,0
0.0,0,0
0.0,0,0
0.0,0,0
0.0,0,0
0.0,0,0
0.0,0,0
0.0,0,0
0.0,0,0
0.0,0,0
0.0,0,0
0.0,0,0
0.0,0,0
0.0,0,0
0.0,0,0
0.0,0,0
0.0,0,0
0.0,0,0
0.0,0,0
0.0,0,0
0.0,0,0
0.0,0,0
0.0,0,0
0.0,0,0
0.0,0,0
0.0,0,0
0.0,0,0
0.0,0,0
0.0,0,0
0.0,0,0
0.0,0,0
0.0,0,0
0.0,0,0
0.00358,0,0
0.01289,0,0
0.02974,0,0
0.08705,0,0
0.18751,0,0
0.24921,0,0
0.27095,0,0
0.29081,0,0
0.30873,0,0
0.36134,0,0
0.44693,1,1
0.56327,1,1
0.71508,1,1
0.73831,1,1
0.62911,1,1
0.57204,1,1
0.56567,1,1
0.51238,1,1
0.41194,1,1
0.30303,0,0
0.18856,0,0
0.16724,0,0
0.21982,0,0
0.25466,0,0
0.27314,0,0
0.29428,0,0
0.31634,0,0
0.35772,0,0
0.41775,1,1
0.42211,1,1
0.37087,1,1
0.33759,0,0
0.32103,0,0
0.28956,0,0
0.24466,0,0
0.20274,0,0
0.16346,0,0
0.13289,0,0
0.111,0,0
0.09562,0,0
0.08646,0,0
0.0634,0,0
0.04796,0,0
0.04432,0,0
0.03551,0,0
0.02678,0,0
0.01838,0,0
0.04761,0,0
0.12097,0,0
0.22833,0,0
0.36899,1,1
0.43248,1,1
0.40956,1,1
0.38633,1,1
0.36278,0,1
0.36409,1,1
0.39184,1,1
0.4198,1,1
0.44795,1,1
0.44809,1,1
0.42444,1,1
0.3991,1,1
0.37357,1,1
0.32753,0,0
0.26164,0,0
0.21269,0,0
0.16338,0,0
0.13014,0,0
0.11515,0,0
0.10409,0,0
0.09287,0,0
0.08687,0,0
0.08722,0,0
0.08723,0,0
0.08758,0,0
0.10264,0,0
0.13325,0,0
0.18053,0,0
0.22805,0,0
0.29955,0,0
0.42676,1,1
0.56104,1,1
0.79994,1,1
0.84742,1,1
0.7005,1,1
0.55831,1,1
0.47868,1,1
0.41313,1,1
0.36548,0,0
0.31717,0,0
0.28105,0,0
0.24991,0,0
0.22408,0,0
0.19786,0,0
0.17295,0,0
0.14259,0,0
0.12522,0,0
0.12042,0,0
0.11572,0,0
0.22017,0,0
0.46211,1,1
0.57784,1,1
0.51686,1,1
0.41039,0,0
0.29746,0,0
0.2802,0,0
0.31716,0,0
0.40058,0,0
0.52107,1,1
0.52702,1,1
0.4175,1,1
0.33981,0,0
0.29395,0,0
0.26744,0,0
0.25761,0,0
0.22549,0,0
0.17295,0,0
0.19175,0,0
0.27961,0,0
0.40432,0,0
0.56741,1,1
0.67508,1,1
0.72106,1,1
1.03009,1,1
1.58767,1,1
1.65545,1,1
1.26946,1,1
1.02361,1,1
0.9125,1,1
0.70193,1,1
0.41288,0,0
0.25025,0,0
0.18705,0,0
0.14864,0,0
0.13466,0,0
0.13546,0,0
0.13791,0,0
0.09854,0,0
0.04298,0,0
0.01597,0,0
0.01286,0,0
0.00979,0,0
0.00667,0,0
0.00543,0,0
0.00609,0,0
0.00674,0,0
0.00742,0,0
0.00618,0,0
0.00302,0,0
0.0,0,0
0.0,0,0
0.0,0,0
0.0,0,0
0.0,0,0
0.0,0,0
0.0,0,0
0.0,0,0
0.0,0,0
0.0,0,0
0.0,0,0
0.0,0,0
0.0,0,0
0.0,0,0
0.0,0,0
0.0,0,0
0.0,0,0
0.0,0,0
0.0,0,0
0.0,0,0
0.0,0,0
0.0,0,0
0.0,0,0
0.0,0,0
0.0,0,0
0.0,0,0
0.0,0,0
0.0,0,0
0.0,0,0
0.0,0,0
0.0,0,0
0.0,0,0
0.0,0,0
0.0,0,0
0.0,0,0
0.0,0,0
0.0,0,0
0.0,0,0
0.0,0,0
0.0,0,0
0.0,0,0
0.0,0,0
0.0,0,0
0.0,0,0
0.0,0,0
0.0,0,0
0.03947,0,0
0.12398,0,0
0.20841,0,0
0.29055,0,0
0.2735,0,0
0.15816,0,0
0.15629,0,0
0.26478,0,0
0.35985,0,0
0.43905,0,0
0.47001,0,0
0.45367,0,0
0.45452,0,0
0.47058,0,0
0.47003,0,0
0.45335,0,0
0.4438,0,0
0.44115,0,0
0.42838,0,0
0.40907,0,0
0.38729,0,0
0.37749,0,0
0.37747,0,0
0.39787,0,0
0.47213,0,0
0.62294,0,0
0.71596,0,0
0.75819,0,0
0.78512,1,0
0.7025,0,0
0.67845,0,0
0.70786,0,0
0.67005,0,0
0.56471,0,0
0.493,0,0
0.43805,0,0
0.42091,0,0
0.43819,0,0
0.44837,0,0
0.4521,0,0
0.48937,0,0
0.5545,0,0
0.61638,0,0
0.67671,0,0
0.75151,0,0
0.87479,1,1
1.00467,1,1
1.13914,1,1
1.18318,1,1
1.14284,1,1
1.10195,1,1
1.06048,1,1
1.05142,1,1
1.07182,1,1
1.09238,1,1
1.11309,1,1
1.17127,1,1
1.26399,1,1
1.36273,1,1
1.47601,1,1
1.59093,1,1
1.70155,1,1
1.81299,1,1
1.93208,1,1
1.99972,1,1
2.02931,1,1
2.06733,1,1
2.09892,1,1
2.21056,0,1
2.4013,1,1
2.59508,1,1
2.78124,1,1
2.85929,1,1
2.81587,1,1
2.77097,1,1
2.7245,1,1
2.75961,1,1
2.87904,1,1
3.00057,1,1
3.11106,1,1
3.45778,1,1
4.03893,1,1
4.54965,1,1
4.91599,1,1
4.96196,1,1
4.84295,1,1
4.64478,1,1
4.46751,1,1
4.21604,1,1
3.83127,1,1
3.46763,1,1
3.09024,1,1
2.69708,1,1
2.26658,0,0
1.81952,0,0
1.39559,0,0
1.16075,0,0
1.06805,0,0
1.00556,0,0
0.95866,0,0
0.81649,0,0
0.59455,0,0
0.49989,0,0
0.48066,0,0
0.4555,0,0
0.43745,0,0
0.36992,0,0
0.26526,0,0
0.16364,0,0
0.09728,0,0
0.07444,0,0
0.14166,0,0
0.26192,0,0
0.35959,0,0
0.40556,0,0
0.38847,0,0
0.37663,0,0
0.37112,0,0
0.3683,0,0
0.36579,0,0
0.37237,0,0
0.38589,0,0
0.36447,0,0
0.30467,0,0
0.24815,0,0
0.19496,0,0
0.15546,0,0
0.13035,0,0
0.11483,0,0
0.11141,0,0
0.12361,0,0
0.15099,0,0
0.15209,0,0
0.12043,0,0
0.09168,0,0
0.06413,0,0
0.04586,0,0
0.03624,0,0
0.02688,0,0
0.0182,0,0
0.02926,0,0
0.06138,0,0
0.09397,0,0
0.1379,0,0
0.1383,0,0
0.09478,0,0
0.06266,0,0
0.03005,0,0
0.01711,0,0
0.0159,0,0
0.01473,0,0
0.01354,0,0
0.01202,0,0
0.01016,0,0
0.0083,0,0
0.0064,0,0
0.00645,0,0
0.00849,0,0
0.01057,0,0
0.01267,0,0
0.01628,0,0
0.02359,0,0
0.04796,0,0
0.07314,0,0
0.10554,0,0
0.15434,0,0
0.21552,0,0
0.27716,0,0
0.31505,0,0
0.31869,0,0
0.32241,0,0
0.32623,0,0
0.34072,0,0
0.36596,0,0
0.3914,0,0
0.41876,0,0
0.42039,0,0
0.39761,0,0
0.37466,0,0
0.35153,0,0
0.32682,0,0
0.30649,0,0
0.28961,0,0
0.27146,0,0
0.27922,0,0
0.31116,0,0
0.35412,0,0
0.39865,0,0
0.36398,0,0
0.26558,0,0
0.1836,0,0
0.11315,0,0
0.10435,0,0
0.14084,0,0
0.13795,0,0
0.09682,0,0
0.06844,0,0
0.0518,0,0
0.08279,0,0
0.1609,0,0
0.23378,0,0
0.30278,0,0
0.35657,0,0
0.40007,0,0
0.42654,0,0
0.44637,0,0
0.4184,0,0
0.35261,0,0
0.31217,0,0
0.28109,0,0
0.27478,0,0
0.29369,0,0
0.32258,0,0
0.36253,0,0
0.34926,0,0
0.2834,0,0
0.23199,0,0
0.20165,0,0
0.19383,0,0
0.20803,0,0
0.22768,0,0
0.26414,0,0
0.29933,0,0
0.34768,0,0
0.39866,0,0
0.45983,0,0
0.58097,0,0
0.71877,0,0
1.00093,0,0
1.4486,1,1
1.92681,1,1
2.37435,1,1
2.48367,1,1
2.28658,1,1
2.06963,1,1
1.85455,1,1
1.69856,1,1
1.61091,1,1
1.52267,1,1
1.43841,1,1
1.33924,1,1
1.23446,1,1
1.15128,1,1
1.06293,0,0
1.11044,0,0
1.29677,1,1
1.52224,1,1
1.7508,1,1
1.81677,1,1
1.72353,1,1
1.6241,1,1
1.52979,1,1
1.42466,1,1
1.30923,1,1
1.21751,1,1
1.12061,0,0
0.98746,0,0
0.82283,0,0
0.69846,0,0
0.56947,0,0
0.47548,0,0
0.42697,0,0
0.37799,0,0
0.32978,0,0
0.28705,0,0
0.26326,0,0
0.23797,0,0
0.21305,0,0
0.2347,0,0
0.3074,0,0
0.40477,0,0
0.50596,0,0
0.50856,0,0
0.41267,0,0
0.31658,0,0
0.24511,0,0
0.19229,0,0
0.15642,0,0
0.12673,0,0
0.10418,0,0
0.1001,0,0
0.11436,0,0
0.12894,0,0
0.14786,0,0
0.17839,0,0
0.21705,0,0
0.2552,0,0
0.29285,0,0
0.46172,0,0
0.82626,0,0
1.27271,0,0
1.79591,1,1
1.91111,1,1
1.52781,1,1
1.43113,1,1
1.68036,1,1
1.90496,1,1
2.10226,1,1
2.23408,1,1
2.27688,1,1
2.24583,1,1
2.12117,1,1
2.11338,1,1
2.20894,1,1
2.32939,1,1
2.48638,1,1
2.5951,1,1
2.65461,1,1
2.60572,1,1
2.45779,1,1
2.28813,1,1
2.04418,1,1
1.84995,1,1
1.70518,1,1
1.54666,1,1
1.37799,0,0
1.26072,0,0
1.17588,0,0
1.04651,0,0
0.88118,0,0
0.73461,0,0
0.60291,0,0
0.47388,0,0
0.34475,0,0
0.2436,0,0
0.163,0,0
0.08824,0,0
0.02528,0,0
0.0,0,0
0.0,0,0
0.0,0,0
0.0,0,0
0.0,0,0
0.0,0,0
0.00132,0,0
0.00375,0,0
0.00498,0,0
0.00502,0,0
0.00505,0,0
0.00509,0,0
0.00324,0,0
0.0,0,0
0.0,0,0
0.0,0,0
0.0,0,0
0.0,0,0
0.0,0,0
0.0,0,0
0.0,0,0
0.0,0,0
0.0,0,0
0.0,0,0
0.0,0,0
0.0,0,0
0.0,0,0
0.0,0,0
0.0,0,0
0.0,0,0
0.00625,0,0
0.01566,0,0
0.01979,0,0
0.01855,0,0
0.01729,0,0
0.01605,0,0
0.0181,0,0
0.026,0,0
0.05196,0,0
0.07849,0,0
0.08821,0,0
0.08079,0,0
0.07365,0,0
0.06644,0,0
0.04946,0,0
0.02357,0,0
0.01796,0,0
0.01243,0,0
0.01476,0,0
0.03018,0,0
0.07789,0,0
0.12505,0,0
0.15117,0,0
0.13938,0,0
0.12837,0,0
0.12079,0,0
0.17526,0,0
0.31141,0,0
0.46533,0,0
0.63385,0,0
0.6651,0,0
0.55495,0,0
0.56917,0,0
0.70888,0,0
0.84639,1,1
0.98254,1,1
1.04722,1,1
1.04065,1,1
1.03637,1,1
1.04324,1,1
1.07476,1,1
1.12969,1,1
1.20037,1,1
1.2799,1,1
1.26811,1,1
1.16083,1,1
1.08036,1,1
1.02034,1,1
0.96702,1,1
0.9227,1,1
0.85165,1,1
0.76091,1,1
0.77206,1,1
0.86977,1,1
0.95994,1,1
1.04114,1,1
0.97654,1,1
0.79454,1,1
0.66273,0,0
0.57508,0,0
0.44413,0,0
0.29498,0,0
0.14834,0,0
0.06236,0,0
0.03758,0,0
0.0201,0,0
0.01259,0,0
0.01378,0,0
0.01502,0,0
0.01627,0,0
0.01693,0,0
0.01705,0,0
0.01711,0,0
0.01723,0,0
0.01673,0,0
0.01561,0,0
0.01452,0,0
0.0134,0,0
0.01345,0,0
0.01478,0,0
0.01611,0,0
0.0174,0,0
0.01683,0,0
0.01431,0,0
0.01178,0,0
0.0092,0,0
0.00665,0,0
0.00406,0,0
0.00145,0,0
0.0,0,0
0.0,0,0
0.0,0,0
0.0,0,0
0.0,0,0
0.0,0,0
0.0,0,0
0.0,0,0
0.0,0,0
0.00199,0,0
0.00572,0,0
0.00951,0,0
0.01336,0,0
0.01538,0,0
0.0155,0,0
0.01563,0,0
0.01576,0,0
0.01348,0,0
0.00882,0,0
0.00411,0,0
0.0,0,0
0.0,0,0
0.0,0,0
0.0,0,0
0.0,0,0
0.0,0,0
0.0,0,0
0.0,0,0
0.0,0,0
0.0,0,0
0.0,0,0
0.0,0,0
0.0,0,0
0.15538,0,0
0.56003,0,0
0.82526,1,1
0.83853,1,1
0.87019,1,1
0.94823,1,1
0.96875,1,1
0.91321,1,1
0.80549,0,0
0.64535,0,0
0.67888,0,0
0.92819,1,1
1.17285,1,1
1.40866,1,1
1.47593,1,1
1.37357,1,1
1.29665,1,1
1.25666,1,1
1.23543,1,1
1.23936,1,1
1.24712,1,1
1.25832,1,1
1.22142,1,1
1.13898,1,1
1.07839,1,1
1.03823,1,1
0.98778,1,1
0.93979,1,1
0.88015,1,1
0.8065,0,0
0.72244,0,0
0.62842,0,0
0.55019,0,0
0.4914,0,0
0.43395,0,0
0.37946,0,0
0.33504,0,0
0.30061,0,0
0.23879,0,0
0.17823,0,0
0.15811,0,0
0.15865,0,0
0.1597,0,0
0.16026,0,0
0.14728,0,0
0.12062,0,0
0.09798,0,0
0.0805,0,0
0.08105,0,0
0.09935,0,0
0.12359,0,0
0.1525,0,0
0.1859,0,0
0.225,0,0
0.26814,0,0
0.32118,0,0
0.32889,0,0
0.29077,0,0
0.25238,0,0
0.22443,0,0
0.21076,0,0
0.21083,0,0
0.21162,0,0
0.21241,0,0
0.21466,0,0
0.21999,0,0
0.22478,0,0
0.22978,0,0
0.26535,0,0
0.34763,0,0
0.43909,0,0
0.54571,0,0
0.57027,0,0
0.48172,0,0
0.41869,0,0
0.35416,0,0
0.33366,0,0
0.35849,0,0
0.38505,0,0
0.41205,0,0
0.39383,0,0
0.33139,0,0
0.28027,0,0
0.23322,0,0
0.20382,0,0
0.1921,0,0
0.17963,0,0
0.16794,0,0
0.19069,0,0
0.24722,0,0
0.30287,0,0
0.3776,0,0
0.39175,0,0
0.34378,0,0
0.29718,0,0
0.26231,0,0
0.27363,0,0
0.33301,0,0
0.40329,0,0
0.47202,0,0
0.47103,0,0
0.40155,0,0
0.36571,0,0
0.36031,0,0
0.35724,0,0
0.36508,0,0
0.38018,0,0
0.50881,0,0
0.72292,0,0
0.9047,1,1
1.0124,1,1
1.04708,1,1
0.9688,1,1
0.8606,1,1
0.81284,0,0
0.85522,0,0
0.97589,1,1
1.05867,1,1
1.07966,1,1
1.0401,1,1
1.0448,1,1
1.09542,1,1
1.11516,1,1
1.1069,1,1
1.09499,1,1
1.07442,1,1
0.97952,1,1
0.82745,0,0
0.70485,0,0
0.60518,0,0
0.48915,0,0
0.36293,0,0
0.26885,0,0
0.19615,0,0
0.11593,0,0
0.04462,0,0
0.03618,0,0
0.08252,0,0
0.1424,0,0
0.21463,0,0
0.23583,0,0
0.20494,0,0
0.17437,0,0
0.1429,0,0
0.1181,0,0
0.103,0,0
0.09204,0,0
0.08058,0,0
0.11204,0,0
0.22685,0,0
0.37509,0,0
0.60319,0,0
0.79437,0,0
0.92524,1,1
1.06327,1,1
1.20242,1,1
1.25807,1,1
1.22918,1,1
1.20004,1,1
1.16665,1,1
1.02786,1,1
0.79108,0,0
0.60003,0,0
0.44494,0,0
0.40625,0,0
0.43929,0,0
0.47289,0,0
0.50705,0,0
0.51144,0,0
0.48713,0,0
0.46219,0,0
0.4366,0,0
0.42631,0,0
0.43018,0,0
0.43411,0,0
0.43992,0,0
0.40734,0,0
0.34165,0,0
0.28682,0,0
0.23886,0,0
0.25616,0,0
0.34703,0,0
0.45849,0,0
0.58129,0,0
0.63297,0,0
0.54033,0,0
0.48765,0,0
0.43443,0,0
0.38416,0,0
0.33745,0,0
0.29199,0,0
0.25702,0,0
0.33081,0,0
0.55746,0,0
0.83207,1,1
1.15686,1,1
1.32632,1,1
1.27142,1,1
1.38439,1,1
1.70873,1,1
1.83723,1,1
1.77017,1,1
1.66825,1,1
1.57856,1,1
1.50801,1,1
1.45922,1,1
1.48628,1,1
1.59548,1,1
1.70716,1,1
1.81953,1,1
1.88394,1,1
1.88848,1,1
1.91059,1,1
1.93478,1,1
1.74801,1,1
1.36559,1,1
1.05023,1,1
0.80678,1,1
0.67992,0,0
0.65953,0,0
0.54804,0,0
0.40799,0,0
0.35085,0,0
0.4357,0,0
0.59973,0,0
0.70903,0,0
0.62116,0,0
0.39389,0,0
0.2185,0,0
0.08965,0,0
0.02779,0,0
0.00878,0,0
0.00076,0,0
0.00201,0,0
0.00323,0,0
0.00444,0,0
0.00227,0,0
0.0,0,0
0.0,0,0
0.0,0,0
0.0,0,0
0.0,0,0
0.0,0,0
0.0,0,0
0.0,0,0
0.0,0,0
0.0,0,0
0.0,0,0
0.00078,0,0
0.00209,0,0
0.00344,0,0
0.00479,0,0
0.00884,0,0
0.01564,0,0
0.03102,0,0
0.06366,0,0
0.08408,0,0
0.09197,0,0
0.10009,0,0
0.10885,0,0
0.13103,0,0
0.18131,0,0
0.23236,0,0
0.28419,0,0
0.30648,0,0
0.29091,0,0
0.27822,0,0
0.26405,0,0
0.2535,0,0
0.2436,0,0
0.23451,0,0
0.22519,0,0
0.2138,0,0
0.20062,0,0
0.18833,0,0
0.1753,0,0
0.15564,0,0
0.1337,0,0
0.11682,0,0
0.10073,0,0
0.14313,0,0
0.28977,0,0
0.48058,0,0
0.79109,1,1
0.958,1,1
0.9181,1,1
0.8877,1,1
0.85753,1,1
0.75256,1,1
0.59481,0,0
0.53079,0,0
0.48686,0,0
0.50469,0,0
0.56587,0,0
0.70699,0,0
0.9423,1,1
1.23534,1,1
1.59169,1,1
1.68032,1,1
1.48812,1,1
1.2938,1,1
1.10683,1,1
1.08523,1,1
1.23584,1,1
1.38896,1,1
1.54018,1,1
1.44651,1,1
1.12008,1,1
0.75921,1,1
0.54977,0,0
0.53593,0,0
0.59002,0,0
0.67916,0,0
0.75352,1,1
0.77639,1,1
0.74449,1,1
0.73672,0,1
0.74683,1,1
0.7001,0,0
0.60185,0,0
0.50207,0,0
0.39808,0,0
0.36451,0,0
0.38111,0,0
0.38338,0,0
0.3649,0,0
0.28589,0,0
0.19672,0,0
0.1369,0,0
0.09212,0,0
0.0598,0,0
0.02825,0,0
0.01648,0,0
0.01654,0,0
0.01659,0,0
0.01665,0,0
0.02565,0,0
0.05141,0,0
0.07752,0,0
0.10397,0,0
0.11546,0,0
0.10066,0,0
0.08933,0,0
0.07816,0,0
0.06537,0,0
0.05107,0,0
0.0366,0,0
0.02167,0,0
0.01927,0,0
0.02828,0,0
0.0379,0,0
0.04749,0,0
0.05614,0,0
0.06365,0,0
0.07168,0,0
0.07977,0,0
0.0841,0,0
0.08445,0,0
0.0848,0,0
0.08516,0,0
0.06985,0,0
0.03899,0,0
0.01919,0,0
0.01262,0,0
0.01086,0,0
0.01404,0,0
0.01727,0,0
0.02055,0,0
0.01946,0,0
0.01401,0,0
0.00851,0,0
0.00295,0,0
0.0,0,0
0.0,0,0
0.0,0,0
0.0,0,0
0.0,0,0
0.0,0,0
0.0,0,0
0.0,0,0
0.0,0,0
0.0,0,0
0.0,0,0
0.0,0,0
0.02695,0,0
0.08325,0,0
0.13941,0,0
0.19549,1,1
0.19179,1,1
0.13261,0,0
0.14347,0,0
0.21953,1,1
0.29476,1,1
0.36977,1,1
0.38697,1,1
0.34661,1,1
0.31396,1,1
0.28724,1,1
0.30201,1,1
0.35371,1,1
0.43679,1,1
0.54784,1,1
0.533,1,1
0.39361,1,1
0.27278,1,1
0.17195,1,1
0.15656,0,1
0.22104,1,1
0.28436,1,1
0.34665,1,1
0.34176,1,1
0.26902,1,1
0.20878,1,1
0.16303,1,1
0.13231,0,0
0.11586,0,0
0.09346,0,0
0.06498,0,0
0.04574,0,0
0.03525,0,0
0.0146,0,0
0.0,0,0
0.0,0,0
0.0,0,0
0.0,0,0
0.0,0,0
0.0,0,0
0.0,0,0
0.0,0,0
0.0,0,0
0.0,0,0
0.0,0,0
0.0,0,0
0.0,0,0
0.0,0,0
0.0,0,0
0.0,0,0
0.0,0,0
0.0,0,0
0.0,0,0
0.0,0,0
0.0,0,0
0.0,0,0
0.0,0,0
0.0,0,0
0.0,0,0
0.0,0,0
0.0,0,0
0.0,0,0
0.0,0,0
0.0,0,0
0.0,0,0
0.0,0,0
0.0,0,0
0.0,0,0
0.0,0,0
0.0,0,0
0.0,0,0
0.0,0,0
0.0,0,0
0.0,0,0
0.0,0,0
0.0,0,0
0.0,0,0
0.0,0,0
0.0,0,0
0.0,0,0
0.0,0,0
0.0,0,0
0.0,0,0
0.0,0,0
0.0,0,0
0.0,0,0
0.0,0,0
0.0,0,0
0.0,0,0
0.0,0,0
0.0,0,0
0.0,0,0
0.0,0,0
0.02423,0,0
0.0751,0,0
0.12624,0,0
0.17708,0,0
0.29209,1,1
0.47942,1,1
0.51213,1,1
0.37403,1,1
0.26507,1,1
0.20626,0,0
0.23092,0,0
0.32052,1,1
0.43672,1,1
0.58034,1,1
0.66524,1,1
0.69212,1,1
0.86549,1,1
1.18352,1,1
1.26676,1,1
1.12679,1,1
1.07516,1,1
1.10356,1,1
1.01578,1,1
0.82095,1,1
0.59547,1,1
0.47614,1,1
0.45785,1,1
0.40849,1,1
0.34602,1,1
0.28787,1,1
0.25732,0,0
0.23978,0,0
0.21366,0,0
0.23142,0,0
0.19575,0,0
0.16055,0,0
0.14325,0,0
0.13289,0,0
0.08259,0,0
0.02357,0,0
0.00095,0,0
0.00265,0,0
0.00438,0,0
0.00612,0,0
0.00556,0,0
0.00271,0,0
0.0,0,0
0.0,0,0
0.0,0,0
0.0,0,0
0.0,0,0
0.0,0,0
0.0,0,0
0.0,0,0
0.0,0,0
0.0,0,0
0.0,0,0
0.0,0,0
0.0,0,0
0.0,0,0
0.0,0,0
0.0,0,0
0.0,0,0
0.0,0,0
0.0,0,0
0.0,0,0
0.0,0,0
0.0,0,0
0.0,0,0
0.0,0,0
0.0,0,0
0.0,0,0
0.0,0,0
0.0,0,0
0.0,0,0
0.0,0,0
0.0,0,0
0.0,0,0
0.0,0,0
0.0,0,0
0.0,0,0
0.0,0,0
0.0,0,0
0.0,0,0
0.0,0,0
0.00054,0,0
0.00283,0,0
0.00513,0,0
0.01235,0,0
0.03095,0,0
0.08841,0,0
0.15375,0,0
0.19139,0,0
0.17842,0,0
0.16573,0,0
0.15385,0,0
0.17138,0,0
0.21975,0,0
0.26779,0,0
0.31516,0,0
0.34997,0,0
0.36969,0,0
0.42087,0,0
0.49043,0,0
0.51672,0,0
0.50062,0,0
0.48927,0,0
0.48776,0,0
0.51492,0,0
0.57152,0,0
0.59449,0,0
0.58805,0,0
0.56976,0,0
0.6254,0,0
0.63066,0,0
0.6667,0,0
0.7448,1,1
0.87264,1,1
0.80825,1,1
0.55932,0,0
0.41908,0,0
0.38131,0,0
0.36097,0,0
0.35733,0,0
0.35944,0,0
0.38288,0,0
0.44509,0,0
0.56859,0,0
0.71362,1,1
0.8459,1,1
0.98963,1,1
1.10627,1,1
1.27772,1,1
1.52354,1,1
1.7757,1,1
2.03942,1,1
2.25318,1,1
2.41201,1,1
2.57187,1,1
2.72868,1,1
2.77417,1,1
2.70984,1,1
2.65192,1,1
2.58318,1,1
2.37402,1,1
2.01359,1,1
1.6248,1,1
1.20931,1,1
0.86911,1,1
0.59436,0,0
0.38464,0,0
0.24979,0,0
0.16809,0,0
0.10958,0,0
0.07022,0,0
0.03232,0,0
0.02372,0,0
0.04457,0,0
0.0657,0,0
0.08711,0,0
0.08549,0,0
0.05945,0,0
0.03215,0,0
0.01687,0,0
0.014,0,0
0.01405,0,0
0.01411,0,0
0.01417,0,0
0.01675,0,0
0.02421,0,0
0.04873,0,0
0.07382,0,0
0.07469,0,0
0.05029,0,0
0.02549,0,0
0.01805,0,0
0.01354,0,0
0.00972,0,0
0.00592,0,0
0.00208,0,0
0.00093,0,0
0.00247,0,0
0.00401,0,0
0.00556,0,0
0.00823,0,0
0.01199,0,0
0.01576,0,0
0.01944,0,0
0.03968,0,0
0.08536,0,0
0.13237,0,0
0.20166,0,0
0.3305,0,0
0.57649,0,0
0.8895,0,0
1.25485,1,1
1.30673,1,1
0.99106,0,0
0.91792,0,0
1.11726,0,0
1.29179,1,1
1.44474,1,1
1.53985,1,1
1.55826,1,1
1.59104,1,1
1.64622,1,1
1.65166,1,1
1.60948,1,1
1.52996,1,1
1.41373,1,1
1.39418,1,1
1.47397,1,1
1.55406,1,1
1.63345,1,1
1.61344,1,1
1.49505,1,1
1.41109,1,1
1.3667,1,1
1.29587,1,1
1.20061,1,1
1.13056,0,0
1.08554,0,0
1.10041,0,0
1.15404,1,1
1.14385,1,1
1.03552,0,0
0.8307,0,0
0.56619,0,0
0.34468,0,0
0.234,0,0
0.1922,0,0
0.14169,0,0
0.09056,0,0
0.05298,0,0
0.01662,0,0
0.00869,0,0
0.007,0,0
0.01166,0,0
0.01638,0,0
0.03506,0,0
0.03669,0,0
0.01764,0,0
0.01357,0,0
0.00948,0,0
0.00618,0,0
0.00377,0,0
0.00135,0,0
0.0,0,0
0.0,0,0
0.0,0,0
0.0,0,0
0.0,0,0
0.0,0,0
0.0,0,0
0.0,0,0
0.0,0,0
0.0,0,0
0.0,0,0
0.0,0,0
0.0,0,0
0.0,0,0
0.0,0,0
0.0,0,0
0.0,0,0
0.0,0,0
0.0,0,0
0.0,0,0
0.0,0,0
0.0,0,0
0.00203,0,0
0.0073,0,0
0.01266,0,0
0.01619,0,0
0.01778,0,0
0.01946,0,0
0.02108,0,0
0.02997,0,0
0.05573,0,0
0.0816,0,0
0.10706,0,0
0.11626,0,0
0.10807,0,0
0.10038,0,0
0.09275,0,0
0.0917,0,0
0.09777,0,0
0.10333,0,0
0.10911,0,0
0.16201,0,0
0.27951,0,0
0.41134,0,0
0.55256,1,1
0.76107,1,1
1.06073,1,1
1.23677,1,1
1.2456,1,1
1.29381,1,1
1.3763,1,1
1.41623,1,1
1.406,1,1
1.40664,1,1
1.43015,1,1
1.33222,1,1
1.11206,1,1
0.79529,1,1
0.58637,1,1
0.55769,1,1
0.67923,1,1
0.91807,1,1
1.12481,1,1
1.0982,1,1
0.85129,1,1
0.66371,1,1
0.53216,1,1
0.42948,1,1
0.35193,0,0
0.29134,0,0
0.24677,0,0
0.20759,0,0
0.17602,0,0
0.13661,0,0
0.08634,0,0
0.0606,0,0
0.05888,0,0
0.05298,0,0
0.04283,0,0
0.02811,0,0
0.009,0,0
0.0,0,0
0.0,0,0
0.0,0,0
0.0,0,0
0.0,0,0
0.0,0,0
0.0,0,0
0.0,0,0
0.0,0,0
0.0,0,0
0.0,0,0
0.0,0,0
0.0,0,0
0.0,0,0
0.0,0,0
0.0,0,0
0.0,0,0
0.0,0,0
0.0,0,0
0.0,0,0
0.0,0,0
0.0,0,0
0.0,0,0
0.0,0,0
0.0,0,0
0.0,0,0
0.0,0,0
0.0,0,0
0.0,0,0
0.0,0,0
0.00119,0,0
0.00611,0,0
0.00795,0,0
0.00663,0,0
0.00526,0,0
0.00386,0,0
0.00053,0,0
0.0,0,0
0.0,0,0
0.0,0,0
0.0,0,0
0.0,0,0
0.0,0,0
0.0,0,0
0.0,0,0
0.0,0,0
0.0,0,0
0.0,0,0
0.00388,0,0
0.00529,0,0
0.00666,0,0
0.00799,0,0
0.00721,0,0
0.00435,0,0
0.00154,0,0
0.0,0,0
0.06548,0,0
0.22961,0,0
0.34368,0,0
0.3624,0,0
0.37102,0,0
0.38016,0,0
0.41952,0,0
0.49452,1,1
0.57521,1,1
0.65778,1,1
0.67438,1,1
0.62384,1,1
0.55788,1,1
0.52827,1,1
0.55946,1,1
0.71182,1,1
0.94442,1,1
1.12849,1,1
1.14346,1,1
0.99513,1,1
0.86489,1,1
0.75742,1,1
0.73632,1,1
0.80109,1,1
0.88693,1,1
1.00323,1,1
0.93341,1,1
0.68848,1,1
0.43546,1,1
0.42869,1,1
0.38837,0,0
0.36564,0,0
0.41132,0,0
0.5026,1,0
0.40966,0,0
0.18778,0,0
0.049,0,0
0.00524,0,0
0.00697,0,0
0.00863,0,0
0.01201,0,0
0.01699,0,0
0.0407,0,0
0.0641,0,0
0.07192,0,0
0.06416,0,0
0.05651,0,0
0.04863,0,0
0.02727,0,0
0.01182,0,0
0.00443,0,0
0.0,0,0
0.0,0,0
0.0,0,0
0.0,0,0
0.0,0,0
0.0,0,0
0.0,0,0
0.0,0,0
0.0,0,0
0.0,0,0
0.0,0,0
0.0,0,0
0.0,0,0
0.0,0,0
0.00339,0,0
0.00739,0,0
0.01155,0,0
0.0158,0,0
0.02004,0,0
0.03817,0,0
0.0584,0,0
0.06074,0,0
0.04475,0,0
0.02806,0,0
0.01975,0,0
0.01969,0,0
0.02385,0,0
0.03868,0,0
0.05396,0,0
0.05441,0,0
0.03951,0,0
0.02448,0,0
0.02047,0,0
0.02157,0,0
0.04069,0,0
0.06594,0,0
0.0905,0,0
0.10204,0,0
0.10024,0,0
0.09851,0,0
0.09684,0,0
0.09253,0,0
0.08558,0,0
0.07866,0,0
0.07154,0,0
0.1196,0,0
0.23184,0,0
0.36753,0,0
0.50907,0,0
0.65477,1,1
0.82097,1,1
0.96083,1,1
1.06637,1,1
1.1987,1,1
1.36788,1,1
1.43537,1,1
1.38402,1,1
1.39724,1,1
1.4946,1,1
1.45845,1,1
1.29437,1,1
1.0727,1,1
0.94289,1,1
0.96181,1,1
1.04918,1,1
1.14327,1,1
1.24769,1,1
1.22174,1,1
1.07464,1,1
0.92447,1,1
0.77283,1,1
0.65993,1,1
0.58662,0,0
0.55407,0,0
0.52909,0,0
0.49327,0,0
0.44644,0,0
0.35338,0,0
0.23206,0,0
0.14316,0,0
0.09484,0,0
0.07325,0,0
0.0713,0,0
0.06683,0,0
0.0603,0,0
0.04987,0,0
0.03566,0,0
0.02171,0,0
0.01488,0,0
0.01535,0,0
0.02934,0,0
0.04801,0,0
0.06677,0,0
0.0765,0,0
0.07691,0,0
0.07755,0,0
0.07798,0,0
0.07156,0,0
0.05799,0,0
0.04435,0,0
0.03064,0,0
0.02811,0,0
0.0368,0,0
0.04578,0,0
0.05497,0,0
0.0729,0,0
0.09995,0,0
0.13893,0,0
0.1821,0,0
0.23935,0,0
0.33182,0,0
0.43243,0,0
0.59036,1,1
0.68631,1,1
0.68861,1,1
0.69092,1,1
0.69325,1,1
0.68524,1,1
0.66659,1,1
0.64986,1,1
0.63037,0,0
0.57032,0,0
0.48525,0,0
0.42895,0,0
0.37046,0,0
0.33538,0,0
0.32023,0,0
0.30623,0,0
0.29311,0,0
0.28194,0,0
0.27078,0,0
0.25961,0,0
0.24845,0,0
0.22252,0,0
0.18161,0,0
0.14214,0,0
0.11077,0,0
0.10995,0,0
0.13851,0,0
0.17438,0,0
0.209,0,0
0.25418,0,0
0.33368,0,0
0.38171,0,0
0.3636,0,0
0.33335,0,0
0.30894,0,0
0.31523,0,0
0.3384,0,0
0.3385,0,0
0.33569,0,0
0.35903,0,0
0.52271,0,0
0.80281,1,1
1.06765,1,1
1.09626,1,1
0.88982,1,1
0.66285,1,1
0.54424,0,0
0.53835,0,0
0.60675,0,0
0.71069,1,1
0.77247,1,1
0.79793,1,1
0.78778,1,1
0.79223,1,1
0.81429,1,1
0.80263,1,1
0.76344,1,1
0.71817,1,1
0.66734,1,1
0.64348,0,0
0.64006,0,0
0.64945,1,1
0.6624,1,1
0.56394,0,0
0.38331,0,0
0.24624,0,0
0.1457,0,0
0.0685,0,0
0.01938,0,0
0.0,0,0
0.0,0,0
0.0,0,0
0.0,0,0
0.0,0,0
0.0,0,0
0.0,0,0
0.0,0,0
0.0,0,0
0.0,0,0
0.0,0,0
0.0,0,0
0.0,0,0
0.0,0,0
0.0,0,0
0.0,0,0
0.0,0,0
0.0,0,0
0.0,0,0
0.0,0,0
0.0,0,0
0.0,0,0
0.0,0,0
0.00043,0,0
0.00043,0,0
0.0,0,0
0.0,0,0
0.0,0,0
0.0,0,0
0.0,0,0
0.0,0,0
0.00514,0,0
0.00517,0,0
0.0,0,0
0.0,0,0
0.0,0,0
0.0,0,0
0.0,0,0
0.0,0,0
0.0,0,0
0.0,0,0
0.0,0,0
0.0,0,0
0.0,0,0
0.0,0,0
0.0,0,0
0.0,0,0
0.0,0,0
0.0,0,0
0.0,0,0
0.0,0,0
0.00015,0,0
0.00227,0,0
0.00085,0,0
0.0,0,0
0.0,0,0
0.03357,0,0
0.10797,0,0
0.18797,0,0
0.27222,0,0
0.40887,1,1
0.61494,1,1
0.74824,1,1
0.78983,1,1
0.8848,1,1
1.03597,1,1
1.06616,1,1
0.96214,1,1
0.877,1,1
0.81297,1,1
0.76372,1,1
0.73944,1,1
0.68182,1,1
0.59774,1,1
0.59431,1,1
0.6712,1,1
0.74657,1,1
0.82264,1,1
0.82488,1,1
0.75528,1,1
0.72199,1,1
0.72449,1,1
0.65812,1,1
0.52492,1,1
0.37954,0,0
0.28252,0,0
0.24746,0,0
0.20692,0,0
0.16164,0,0
0.11627,0,0
0.0884,0,0
0.07774,0,0
0.063,0,0
0.04405,0,0
0.02571,0,0
0.0082,0,0
0.0,0,0
0.0,0,0
0.0,0,0
0.0,0,0
0.0,0,0
0.0,0,0
0.0,0,0
0.0,0,0
0.0,0,0
0.0,0,0
0.0032,0,0
0.00719,0,0
0.00724,0,0
0.00325,0,0
0.0,0,0
0.0,0,0
0.0,0,0
0.0,0,0
0.00186,0,0
0.00535,0,0
0.00656,0,0
0.00542,0,0
0.00427,0,0
0.00311,0,0
0.00194,0,0
0.00075,0,0
0.0,0,0
0.0,0,0
0.00047,0,0
0.00647,0,0
0.01252,0,0
0.01861,0,0
0.04061,0,0
0.06716,0,0
0.0943,0,0
0.12281,0,0
0.17091,0,0
0.22502,0,0
0.27895,0,0
0.35318,0,0
0.35463,0,0
0.2824,0,0
0.22885,0,0
0.17523,0,0
0.13231,0,0
0.10935,0,0
0.08895,0,0
0.06812,0,0
0.07859,0,0
0.11912,0,0
0.1793,0,0
0.2417,0,0
0.29298,0,0
0.33977,0,0
0.38699,1,1
0.43212,1,1
0.52908,1,1
0.74036,1,1
0.8765,1,1
0.8683,1,1
0.9023,1,1
1.02522,1,1
1.26031,1,1
1.62464,1,1
1.92077,1,1
2.13133,1,1
2.09942,1,1
1.78112,1,1
1.47948,1,1
1.17876,1,1
1.00539,1,1
0.96333,1,1
0.90775,1,1
0.81013,1,1
0.68962,1,1
0.53565,1,1
0.41394,1,1
0.33701,0,0
0.32096,0,0
0.34599,0,0
0.36743,0,0
0.38461,1,0
0.36299,0,0
0.30083,0,0
0.25645,0,0
0.23117,0,0
0.21835,0,0
0.21882,0,0
0.19058,0,0
0.13751,0,0
0.10165,0,0
0.08269,0,0
0.07624,0,0
0.08038,0,0
0.06309,0,0
0.0264,0,0
0.01126,0,0
0.00749,0,0
0.00369,0,0
0.0,0,0
0.00039,0,0
0.0054,0,0
0.01041,0,0
0.01547,0,0
0.02967,0,0
0.04344,0,0
0.05745,0,0
0.07171,0,0
0.07906,0,0
0.07908,0,0
0.07911,0,0
0.07913,0,0
0.06965,0,0
0.05051,0,0
0.03105,0,0
0.01638,0,0
0.01291,0,0
0.01,0,0
0.00707,0,0
0.00408,0,0
0.00382,0,0
0.00642,0,0
0.00914,0,0
0.01195,0,0
0.01282,0,0
0.01153,0,0
0.01026,0,0
0.00894,0,0
0.01075,0,0
0.01571,0,0
0.02077,0,0
0.04393,0,0
0.07329,0,0
0.10806,0,0
0.15377,0,0
0.20909,0,0
0.24797,0,0
0.26982,0,0
0.29271,0,0
0.32376,0,0
0.35747,0,0
0.39493,0,0
0.43399,0,0
0.47163,0,0
0.50742,0,0
0.56366,0,0
0.62619,1,1
0.68787,1,1
0.65041,1,1
0.51584,0,0
0.43152,0,0
0.35763,0,0
0.40304,0,0
0.6049,1,1
0.74987,1,1
0.79491,1,1
0.90156,1,1
1.11539,1,1
1.27345,1,1
1.42214,1,1
1.36312,1,1
1.18372,1,1
1.05387,1,1
0.97655,1,1
0.91307,1,1
0.86225,1,1
0.79731,1,1
0.72401,1,1
0.67204,1,1
0.64073,1,1
0.60567,1,1
0.56704,0,0
0.54483,0,0
0.53426,0,0
0.50831,0,0
0.46464,0,0
0.448,0,0
0.4613,0,0
0.50031,0,0
0.55723,0,0
0.58018,1,1
0.56983,1,1
0.54762,0,0
0.51337,0,0
0.53943,0,0
0.60549,1,0
0.54746,0,0
0.38774,0,0
0.32078,0,0
0.33483,0,0
0.36446,0,0
0.40386,0,0
0.45123,0,0
0.42254,0,0
0.39368,0,0
0.37312,0,0
0.35847,0,0
0.34267,0,0
0.32769,0,0
0.31253,0,0
0.28288,0,0
0.23915,0,0
0.20263,0,0
0.17011,0,0
0.12758,0,0
0.08478,0,0
0.05168,0,0
0.0183,0,0
0.01358,0,0
0.01249,0,0
0.01135,0,0
0.0102,0,0
0.00758,0,0
0.00342,0,0
0.0,0,0
0.0,0,0
0.0,0,0
0.0,0,0
0.0,0,0
0.0,0,0
0.0,0,0
0.0,0,0
0.0,0,0
0.0,0,0
0.0,0,0
0.0,0,0
0.0,0,0
0.0,0,0
0.0,0,0
0.0,0,0
0.0,0,0
0.0,0,0
0.0,0,0
0.0,0,0
0.0,0,0
0.0,0,0
0.0,0,0
0.00568,0,0
0.01526,0,0
0.03544,0,0
0.0581,0,0
0.05769,0,0
0.05709,0,0
0.0567,0,0
0.05292,0,0
0.04597,0,0
0.03894,0,0
0.03211,0,0
0.09028,0,0
0.24015,0,0
0.33656,0,0
0.34018,0,0
0.30208,0,0
0.25496,0,0
0.34002,0,0
0.5152,0,0
0.70662,1,1
0.93239,1,1
1.1764,1,1
1.42953,1,1
1.61796,1,1
1.75254,1,1
1.61509,1,1
1.19466,1,1
0.84547,1,1
0.8039,1,1
0.81352,1,1
0.85607,1,1
0.92226,1,1
1.02534,1,1
1.12301,1,1
1.20987,1,1
1.2755,1,1
1.31958,1,1
1.32687,1,1
1.29067,1,1
1.27102,1,1
1.26278,1,1
1.13425,1,1
0.88114,1,1
0.68351,0,0
0.54275,0,0
0.45567,0,0
0.40932,0,0
0.35936,0,0
0.30673,0,0
0.2735,0,0
0.25766,0,0
0.22886,0,0
0.19387,0,0
0.16225,0,0
0.13025,0,0
0.09433,0,0
0.06803,0,0
0.04156,0,0
0.01639,0,0
0.01109,0,0
0.00608,0,0
0.00097,0,0
0.0,0,0
0.0,0,0
0.0,0,0
0.00187,0,0
0.00538,0,0
0.006,0,0
0.00366,0,0
0.00131,0,0
0.0,0,0
0.0,0,0
0.00133,0,0
0.00376,0,0
0.0062,0,0
0.00628,0,0
0.00389,0,0
0.00141,0,0
0.0,0,0
0.0,0,0
0.00345,0,0
0.00751,0,0
0.01162,0,0
0.01243,0,0
0.0098,0,0
0.00712,0,0
0.00438,0,0
0.00157,0,0
0.0,0,0
0.0,0,0
0.0,0,0
0.0,0,0
0.0,0,0
0.00238,0,0
0.0068,0,0
0.00641,0,0
0.00124,0,0
0.0,0,0
0.0,0,0
0.0,0,0
0.0,0,0
0.0,0,0
0.0,0,0
0.0,0,0
0.0,0,0
0.0,0,0
0.0,0,0
0.04464,0,0
0.15318,0,0
0.28108,0,0
0.42671,0,0
0.51027,0,0
0.5165,0,0
0.52134,0,0
0.5247,0,0
0.46317,0,0
0.41832,0,0
0.42549,0,0
0.64132,1,1
1.0231,1,1
1.32251,1,1
1.43359,1,1
1.34429,1,1
1.32338,1,1
1.37432,1,1
1.31982,1,1
1.16812,1,1
1.01184,1,1
0.85553,1,1
0.81356,1,1
0.88683,1,1
0.92149,1,1
0.91677,1,1
0.9484,1,1
1.00518,1,1
1.06175,1,1
1.10393,1,1
1.06029,1,1
0.95185,1,1
0.8928,1,1
0.87045,1,1
0.69158,1,1
0.41429,0,0
0.16627,0,0
0.0518,0,0
0.03358,0,0
0.01028,0,0
0.0,0,0
0.0,0,0
0.0,0,0
0.0,0,0
0.0,0,0
0.0,0,0
0.0,0,0
0.0,0,0
0.0,0,0
0.0,0,0
0.0,0,0
0.0,0,0
0.0,0,0
0.0,0,0
0.0,0,0
0.0,0,0
0.0,0,0
0.0,0,0
0.0,0,0
0.0,0,0
0.0,0,0
0.0,0,0
0.0,0,0
0.0,0,0
0.0,0,0
0.0,0,0
0.0,0,0
0.0,0,0
0.0,0,0
0.0,0,0
0.0,0,0
0.0,0,0
0.0,0,0
0.0,0,0
0.0,0,0
0.0,0,0
0.0,0,0
0.0,0,0
0.0,0,0
0.0,0,0
0.0,0,0
0.0,0,0
0.0,0,0
0.0,0,0
0.0,0,0
0.0,0,0
0.0,0,0
0.0,0,0
0.0,0,0
0.0,0,0
0.0,0,0
0.0,0,0
0.0,0,0
0.0,0,0
0.0,0,0
0.0,0,0
0.08043,0,0
0.29113,0,0
0.55878,0,0
0.87374,1,1
0.99571,1,1
0.86296,0,0
0.86676,0,0
1.0193,1,1
1.11726,1,1
1.15619,1,1
1.22226,1,1
1.32524,1,1
1.44942,1,1
1.60156,1,1
1.6165,1,1
1.48742,1,1
1.35458,1,1
1.22192,1,1
1.18983,1,1
1.25763,1,1
1.30941,1,1
1.3506,1,1
1.34621,1,1
1.30121,1,1
1.2863,1,1
1.29595,1,1
1.23149,1,1
1.1031,1,1
0.97314,1,1
0.84728,0,0
0.78504,0,0
0.76594,0,0
0.79485,0,0
0.85559,0,0
0.64233,0,0
0.24738,0,0
0.07297,0,0
0.04589,0,0
0.02423,0,0
0.00765,0,0
0.0,0,0
0.0,0,0
0.0,0,0
0.0,0,0
0.0,0,0
0.0,0,0
0.0,0,0
0.0,0,0
0.0,0,0
0.0,0,0
0.0,0,0
0.00125,0,0
0.00324,0,0
0.00498,0,0
0.00672,0,0
0.00849,0,0
0.00854,0,0
0.00688,0,0
0.00517,0,0
0.00342,0,0
0.00375,0,0
0.00621,0,0
0.0087,0,0
0.01122,0,0
0.01422,0,0
0.01787,0,0
0.02877,0,0
0.04585,0,0
0.03671,0,0
0.01653,0,0
0.00886,0,0
0.00119,0,0
0.0,0,0
0.00157,0,0
0.00446,0,0
0.00741,0,0
0.00746,0,0
0.00459,0,0
0.00164,0,0
0.0,0,0
0.0,0,0
0.00281,0,0
0.00661,0,0
0.01045,0,0
0.01198,0,0
0.01118,0,0
0.01042,0,0
0.00963,0,0
0.01035,0,0
0.01257,0,0
0.01477,0,0
0.01696,0,0
0.0161,0,0
0.01226,0,0
0.0085,0,0
0.00483,0,0
0.02773,0,0
0.082,0,0
0.13906,0,0
0.19735,0,0
0.27459,0,0
0.37866,0,0
0.46912,0,0
0.53736,0,0
0.63193,1,1
0.76278,1,1
0.81685,1,1
0.78108,1,1
0.72486,1,1
0.65011,1,1
0.65746,1,1
0.74265,1,1
0.80208,1,1
0.83657,1,1
0.90202,1,1
0.99884,1,1
1.13462,1,1
1.31131,1,1
1.28308,1,1
1.05985,1,1
0.84077,1,1
0.62875,1,1
0.62134,1,1
0.79533,1,1
0.95347,1,1
1.0928,1,1
1.02031,1,1
0.77836,1,1
0.61557,0,0
0.52106,0,0
0.36785,0,0
0.17402,0,0
0.06852,0,0
0.02242,0,0
0.0,0,0
0.00039,0,0
0.00373,0,0
0.00655,0,0
0.0094,0,0
0.01229,0,0
0.01518,0,0
0.02197,0,0
0.03559,0,0
0.04936,0,0
0.04968,0,0
0.03628,0,0
0.02262,0,0
0.01583,0,0
0.01355,0,0
0.0118,0,0
0.01004,0,0
0.00824,0,0
0.00827,0,0
0.01015,0,0
0.01202,0,0
0.01394,0,0
0.01276,0,0
0.0085,0,0
0.00419,0,0
0.0,0,0
0.0,0,0
0.00242,0,0
0.00584,0,0
0.00942,0,0
0.01095,0,0
0.01029,0,0
0.0096,0,0
0.00894,0,0
0.00936,0,0
0.0109,0,0
0.01244,0,0
0.01405,0,0
0.01195,0,0
0.0061,0,0
0.00015,0,0
0.0,0,0
0.0,0,0
0.0,0,0
0.0,0,0
0.0,0,0
0.0,0,0
0.0,0,0
0.0,0,0
0.0,0,0
0.0,0,0
0.0,0,0
0.0,0,0
0.0,0,0
0.0,0,0
0.0,0,0
0.0,0,0
0.0,0,0
0.02208,0,0
0.07208,0,0
0.12246,0,0
0.17285,0,0
0.27879,0,0
0.45823,0,0
0.63315,1,1
0.79062,1,1
0.89692,1,1
0.94515,1,1
1.00914,1,1
1.09925,1,1
1.17998,1,1
1.24924,1,1
1.31778,1,1
1.38629,1,1
1.49102,1,1
1.63518,1,1
1.59602,1,1
1.37556,1,1
1.17467,1,1
0.99543,1,1
0.85918,1,1
0.7528,1,1
0.65377,1,1
0.56136,1,1
0.53944,0,1
0.58119,1,1
0.62125,1,1
0.64107,1,1
0.55334,1,1
0.36645,0,0
0.23797,0,0
0.15824,0,0
0.12578,0,0
0.13886,0,0
0.17796,0,0
0.23363,0,0
0.2337,0,0
0.19704,0,0
0.17101,0,0
0.14198,0,0
0.11262,0,0
0.08928,0,0
0.08421,0,0
0.0929,0,0
0.10164,0,0
0.1147,0,0
0.11539,0,0
0.10289,0,0
0.09519,0,0
0.08709,0,0
0.08301,0,0
0.08327,0,0
0.08353,0,0
0.08379,0,0
0.09169,0,0
0.10678,0,0
0.13012,0,0
0.15424,0,0
0.18044,0,0
0.20983,0,0
0.23961,0,0
0.27592,0,0
0.29271,0,0
0.28506,0,0
0.27802,0,0
0.27157,0,0
0.26399,0,0
0.25355,0,0
0.24397,0,0
0.2335,0,0
0.25358,0,0
0.31317,0,0
0.38301,0,0
0.45603,0,0
0.4838,0,0
0.46451,0,0
0.44661,0,0
0.42667,0,0
0.42828,0,0
0.45166,0,0
0.47504,0,0
0.49841,0,0
0.4965,0,0
0.47317,0,0
0.44985,0,0
0.42652,0,0
0.38084,0,0
0.31669,0,0
0.26372,0,0
0.21777,0,0
0.17523,0,0
0.13603,0,0
0.1072,0,0
0.08275,0,0
0.10317,0,0
0.17175,0,0
0.24085,0,0
0.31483,0,0
0.54593,0,0
0.96829,0,0
1.21362,0,0
1.25615,1,1
1.38706,1,1
1.60775,1,1
1.72605,1,1
1.75987,1,1
1.7179,1,1
1.62563,1,1
1.55624,1,1
1.4979,1,1
1.49451,1,1
1.53677,1,1
1.46809,1,1
1.29108,1,1
1.08337,0,0
0.84993,0,0
0.82699,0,0
1.0059,0,0
1.18573,0,0
1.37384,1,1
1.38977,1,1
1.24427,0,0
1.17372,0,0
1.16932,0,0
1.18938,0,0
1.24455,0,0
1.27753,1,1
1.29792,1,1
1.20618,0,0
1.04947,0,0
0.94715,0,0
0.8593,0,0
0.77937,0,0
0.70921,0,0
0.66651,0,0
0.63802,0,0
0.61108,0,0
0.58379,0,0
0.55975,0,0
0.54078,0,0
0.52319,0,0
0.50389,0,0
0.5551,0,0
0.67664,0,0
0.82884,0,0
1.00164,0,0
1.04661,0,0
0.95825,0,0
0.86924,0,0
0.77957,0,0
0.7646,0,0
0.82969,0,0
0.89526,0,0
0.96133,0,0
1.07837,0,0
1.24461,1,1
1.44592,1,1
1.65061,1,1
1.77144,1,1
1.81323,1,1
1.85078,1,1
1.89634,1,1
1.99914,0,1
2.15254,1,1
2.30553,1,1
2.45986,1,1
2.58452,1,1
2.69817,1,1
2.8085,1,1
2.90889,1,1
3.21808,1,1
3.70638,1,1
4.14058,1,1
4.47438,1,1
4.51548,1,1
4.35573,1,1
4.13184,1,1
3.83608,1,1
3.4554,1,1
3.00906,1,1
2.52439,1,1
2.01802,1,1
1.83438,0,0
1.98731,0,0
2.13827,1,1
2.28321,1,1
2.15714,1,1
1.75307,0,0
1.37642,0,0
1.04504,0,0
0.78922,0,0
0.59175,0,0
0.47942,0,0
0.38925,0,0
0.49783,0,0
0.80201,0,0
1.07393,0,0
1.31387,0,0
1.45282,0,0
1.46912,0,0
1.56402,0,0
1.75007,0,0
1.89852,0,0
2.01476,1,1
2.04734,1,1
1.98815,0,0
1.95928,0,0
1.94991,0,0
1.89141,0,0
1.78568,0,0
1.69972,0,0
1.63518,0,0
1.56493,0,0
1.48561,0,0
1.37083,0,0
1.22024,0,0
1.08761,0,0
0.98849,0,0
0.88782,0,0
0.78373,0,0
0.73774,0,0
0.73728,0,0
0.73806,0,0
0.74083,0,0
0.63477,0,0
0.44878,0,0
0.30968,0,0
0.2071,0,0
0.10532,0,0
0.02991,0,0
0.00355,0,0
0.00585,0,0
0.00817,0,0
0.0105,0,0
0.01405,0,0
0.02382,0,0
0.04633,0,0
0.06891,0,0
0.07357,0,0
0.05983,0,0
0.04592,0,0
0.03183,0,0
0.01896,0,0
0.01589,0,0
0.01355,0,0
0.01114,0,0
0.01425,0,0
0.03991,0,0
0.08133,0,0
0.13156,0,0
0.19027,0,0
0.242,0,0
0.3122,0,0
0.3838,0,0
0.45522,0,0
0.56225,0,0
0.67436,0,0
0.79192,0,0
0.82227,0,0
0.76343,0,0
0.70128,0,0
0.6387,0,0
0.6432,0,0
0.71627,0,0
0.79093,0,0
0.86723,0,0
0.90766,0,0
0.91096,0,0
0.91429,0,0
0.91765,0,0
0.95262,0,0
1.03755,0,0
1.11948,0,0
1.20664,0,0
1.28518,0,0
1.35848,0,0
1.43669,0,0
1.5091,0,0
1.42979,0,0
1.2076,0,0
0.98877,0,0
0.81498,0,0
0.78204,0,0
0.87301,0,0
0.98563,0,0
1.10806,0,0
1.20898,0,0
1.2789,0,0
1.35341,0,0
1.42761,0,0
1.62897,0,0
2.00786,1,1
2.29874,1,1
2.46618,1,1
2.70208,1,1
3.01637,1,1
3.31581,1,1
3.62634,1,1
3.81555,1,1
3.88523,1,1
3.8649,1,1
3.75019,1,1
3.67524,1,1
3.64055,1,1
3.53353,1,1
3.36705,1,1
3.17251,1,1
3.0688,1,1
3.04064,1,1
3.01297,1,1
2.90257,1,1
2.68888,1,1
2.45994,1,1
2.20876,1,1
2.01352,1,1
1.90858,0,0
1.77397,0,0
1.63708,0,0
1.54753,0,0
1.50069,0,0
1.43887,0,0
1.35906,0,0
1.19858,0,0
0.96519,0,0
0.74153,0,0
0.57535,0,0
0.47958,0,0
0.4504,0,0
0.41961,0,0
0.39887,0,0
0.39112,0,0
0.39233,0,0
0.39237,0,0
0.39359,0,0
0.4452,0,0
0.58027,0,0
0.71703,0,0
0.89684,0,0
1.02523,0,0
1.09156,0,0
1.15833,0,0
1.22941,0,0
1.28736,0,0
1.33023,0,0
1.37338,0,0
1.42135,0,0
1.26995,0,0
0.98149,0,0
0.71784,0,0
0.50987,0,0
0.47953,0,0
0.6337,0,0
0.79421,0,0
1.0048,0,0
1.01914,1,1
0.82845,1,1
0.682,1,1
0.53039,1,1
0.45153,1,1
0.40497,0,0
0.35734,0,0
0.30861,0,0
0.27072,0,0
0.23919,0,0
0.20715,0,0
0.17459,0,0
0.14096,0,0
0.11604,0,0
0.09402,0,0
0.07198,0,0
0.04074,0,0
0.01814,0,0
0.00965,0,0
0.00129,0,0
0.0,0,0
0.00272,0,0
0.0063,0,0
0.00978,0,0
0.01145,0,0
0.01145,0,0
0.01145,0,0
0.01142,0,0
0.04715,0,0
0.13447,0,0
0.20032,0,0
0.22467,0,0
0.24262,0,0
0.26238,0,0
0.28593,0,0
0.3146,0,0
0.33265,0,0
0.34585,0,0
0.38629,0,0
0.48663,1,1
0.60162,1,1
0.69731,1,1
0.75911,1,1
0.79498,1,1
0.83563,1,1
0.89148,1,1
0.85255,1,1
0.72548,1,1
0.62755,1,1
0.56125,1,1
0.52025,1,1
0.5001,1,1
0.4463,1,1
0.3844,0,0
0.36625,0,0
0.48783,1,1
0.72659,1,1
0.9604,1,1
0.8538,1,1
0.44947,1,1
0.22347,0,0
0.14824,0,0
0.10358,0,0
0.08899,0,0
0.06231,0,0
0.02483,0,0
0.00521,0,0
0.00163,0,0
0.0,0,0
0.0,0,0
0.0,0,0
0.0,0,0
0.0,0,0
0.0,0,0
0.0,0,0
0.0,0,0
0.0,0,0
0.0,0,0
0.0,0,0
0.0,0,0
0.0,0,0
0.0,0,0
0.0,0,0
0.0,0,0
0.0,0,0
0.0,0,0
0.0,0,0
0.0,0,0
0.0,0,0
0.0,0,0
0.00204,0,0
0.00591,0,0
0.00664,0,0
0.0041,0,0
0.00149,0,0
0.0,0,0
0.0,0,0
0.0,0,0
0.0,0,0
0.0,0,0
0.0,0,0
0.00273,0,0
0.00649,0,0
0.01038,0,0
0.00973,0,0
0.00441,0,0
0.0,0,0
0.0,0,0
0.0,0,0
0.0,0,0
0.0,0,0
0.0,0,0
0.0,0,0
0.0,0,0
0.0,0,0
0.0,0,0
0.0,0,0
0.0,0,0
0.0,0,0
0.0,0,0
0.0,0,0
0.0,0,0
0.0,0,0
0.0,0,0
0.03055,0,0
0.10088,0,0
0.18591,0,0
0.27807,0,0
0.35517,0,0
0.41571,0,0
0.51703,0,0
0.65834,0,0
0.77814,1,1
0.87475,1,1
0.97343,1,1
1.07492,1,1
1.21166,1,1
1.38443,1,1
1.42818,1,1
1.33467,1,1
1.29401,1,1
1.31698,1,1
1.22456,1,1
1.02269,1,1
0.75369,1,1
0.6051,0,0
0.60511,0,0
0.61142,0,0
0.68435,1,1
0.77904,1,1
0.7041,1,1
0.46335,0,0
0.29011,0,0
0.17674,0,0
0.1307,0,0
0.15119,0,0
0.16612,0,0
0.17499,0,0
0.17861,0,0
0.1789,0,0
0.18569,0,0
0.19128,0,0
0.20348,0,0
0.2218,0,0
0.23937,0,0
0.26057,0,0
0.28212,0,0
0.3033,0,0
0.32216,0,0
0.33993,0,0
0.35771,0,0
0.37551,0,0
0.37678,0,0
0.36246,0,0
0.34681,0,0
0.33197,0,0
0.34938,0,0
0.39952,0,0
0.47291,0,0
0.56366,0,0
0.61225,0,0
0.61828,0,0
0.62442,0,0
0.62866,0,0
0.69897,1,1
0.84754,1,1
1.03451,1,1
1.22818,1,1
1.22836,1,1
1.03038,1,1
0.8357,1,1
0.68614,1,1
0.57196,0,0
0.49766,0,0
0.45761,0,0
0.41537,0,0
0.42618,0,0
0.48962,0,0
0.5823,0,0
0.69736,0,0
0.78262,1,1
0.83471,1,1
0.88459,1,1
0.93906,1,1
0.85997,1,1
0.64221,0,0
0.48394,0,0
0.36436,0,0
0.29499,0,0
0.2703,0,0
0.24677,0,0
0.22231,0,0
0.2098,0,0
0.20746,0,0
0.20598,0,0
0.20452,0,0
0.19663,0,0
0.18469,0,0
0.17217,0,0
0.15982,0,0
0.1997,0,0
0.3237,0,0
0.40403,0,0
0.39187,0,0
0.39894,0,0
0.44197,0,0
0.4605,0,0
0.44527,0,0
0.41897,0,0
0.38669,0,0
0.42369,0,0
0.52873,0,0
0.72852,0,0
1.02899,1,1
1.09837,1,1
0.94849,1,1
0.74333,0,0
0.52998,0,0
0.44945,0,0
0.4907,0,0
0.67096,0,0
0.98456,1,1
1.04711,1,1
0.86655,1,1
0.70548,0,0
0.6187,0,0
0.56124,0,0
0.73524,0,0
1.05945,1,1
1.28753,1,1
1.30873,1,1
1.15172,1,1
1.06252,1,1
1.03419,1,1
0.91512,1,1
0.7541,1,1
0.66702,0,0
0.6784,0,0
0.74559,1,1
0.8566,1,1
0.91053,1,1
0.85385,1,1
0.79682,1,1
0.73942,0,0
0.71717,0,0
0.71945,0,0
0.72392,0,0
0.72625,0,0
0.70341,0,0
0.65473,0,0
0.60511,0,0
0.55279,0,0
0.4488,0,0
0.35411,0,0
0.26703,0,0
0.19718,0,0
0.17462,0,0
0.19447,0,0
0.21389,0,0
0.23419,0,0
0.23499,0,0
0.2175,0,0
0.19911,0,0
0.18119,0,0
0.21223,0,0
0.3069,0,0
0.4224,0,0
0.58873,0,0
0.71625,0,0
0.75721,0,0
0.79563,0,0
0.83701,0,0
0.91004,0,0
1.02944,0,0
1.15144,0,0
1.28087,0,0
1.34697,1,1
1.35702,1,1
1.36722,1,1
1.37757,1,1
1.47963,1,1
1.71144,1,1
1.95387,1,1
2.18963,1,1
2.24532,1,1
2.10304,1,1
1.95318,1,1
1.8115,1,1
1.73387,1,1
1.72043,1,1
1.70073,1,1
1.68779,1,1
1.60704,1,1
1.46065,1,1
1.3389,1,1
1.21892,0,0
1.10874,0,0
1.08212,0,0
1.16185,0,0
1.29584,1,1
1.3336,1,1
1.1805,0,0
1.16023,0,0
1.28756,0,0
1.42085,1,1
1.5642,1,1
1.51332,1,1
1.24437,0,0
1.02611,0,0
0.86118,0,0
0.75923,0,0
0.73757,0,0
0.65388,0,0
0.64796,0,0
0.68892,0,0
0.82134,0,0
0.8802,0,0
0.90122,0,0
0.88251,0,0
0.83137,0,0
0.82412,0,0
0.85324,0,0
0.87022,0,0
0.86978,0,0
0.90349,0,0
0.96703,0,0
0.8824,0,0
0.67583,0,0
0.45617,0,0
0.32398,0,0
0.28506,0,0
0.24801,0,0
0.21526,0,0
0.1752,0,0
0.11884,0,0
0.06492,0,0
0.04698,0,0
0.05512,0,0
0.06318,0,0
0.0715,0,0
0.07307,0,0
0.068,0,0
0.06272,0,0
0.05759,0,0
0.07005,0,0
0.10192,0,0
0.14938,0,0
0.19804,0,0
0.24145,0,0
0.28468,0,0
0.32748,0,0
0.37059,0,0
0.35388,0,0
0.2767,0,0
0.2087,0,0
0.15166,0,0
0.10215,0,0
0.07393,0,0
0.04533,0,0
0.018,0,0
0.01476,0,0
0.01437,0,0
0.01402,0,0
0.01361,0,0
0.01043,0,0
0.00446,0,0
0.0,0,0
0.0,0,0
0.0,0,0
0.0,0,0
0.0,0,0
0.0,0,0
0.0,0,0
0.0,0,0
0.0,0,0
0.0,0,0
0.0,0,0
0.0,0,0
0.0,0,0
0.0,0,0
0.0,0,0
0.00163,0,0
0.00458,0,0
0.00754,0,0
0.00822,0,0
0.00671,0,0
0.00522,0,0
0.00374,0,0
0.00479,0,0
0.00828,0,0
0.01174,0,0
0.0151,0,0
0.06707,0,0
0.20013,0,0
0.29661,0,0
0.31761,0,0
0.34231,0,0
0.3742,0,0
0.44017,0,0
0.55278,0,0
0.68293,0,0
0.83419,0,0
0.8967,0,0
0.8654,0,0
0.84101,0,0
0.82994,0,0
0.80043,0,0
0.74305,0,0
0.65499,0,0
0.53628,0,0
0.57289,0,0
0.76322,0,0
0.92833,0,0
1.06731,0,0
1.13129,0,0
1.12156,0,0
1.16436,1,1
1.24996,1,1
1.20728,1,1
1.03952,0,0
0.89497,0,0
0.77116,0,0
0.67555,0,0
0.59775,0,0
0.52081,0,0
0.45232,0,0
0.40394,0,0
0.37342,0,0
0.38318,0,0
0.41628,0,0
0.41745,0,0
0.4076,0,0
0.43383,0,0
0.40744,0,0
0.38177,0,0
0.36392,0,0
0.45066,0,0
0.67015,0,0
0.97391,0,0
1.32269,1,1
1.60913,1,1
1.80158,1,1
1.99754,1,1
2.19174,1,1
2.24327,1,1
2.16042,1,1
2.0678,1,1
1.97448,1,1
1.93665,1,1
1.94928,1,1
1.96206,1,1
1.975,1,1
1.988,1,1
2.00107,1,1
2.01431,1,1
2.02771,1,1
2.0783,1,1
2.15563,1,1
2.236,1,1
2.32725,1,1
2.39045,1,1
2.43031,1,1
2.47849,1,1
2.51852,1,1
2.40999,1,1
2.1472,1,1
1.86967,1,1
1.56921,1,1
1.44594,1,1
1.5005,1,1
1.55587,1,1
1.61793,1,1
1.69155,1,1
1.78827,1,1
1.88578,1,1
1.98412,1,1
1.87905,1,1
1.55647,1,1
1.2802,1,1
1.01485,0,0
0.85485,0,0
0.78291,0,0
0.71193,0,0
0.6419,0,0
0.52734,0,0
0.42173,0,0
0.33427,0,0
0.25364,0,0
0.27415,0,0
0.42004,0,0
0.61349,0,0
0.84891,0,0
0.97726,0,0
0.97132,0,0
1.00311,0,0
1.05248,0,0
1.09982,0,0
1.15301,0,0
1.19099,0,0
1.21363,0,0
1.23213,0,0
1.25419,1,1
1.26257,1,1
1.25724,1,1
1.24255,0,0
1.22569,0,0
1.2199,0,0
1.22851,0,0
1.23743,0,0
1.2403,0,0
1.2424,0,0
1.24291,0,0
1.25617,1,1
1.27159,1,1
1.24944,0,0
1.19022,0,0
1.15486,0,0
1.13392,0,0
1.02307,0,0
0.83218,0,0
0.66701,0,0
0.53415,0,0
0.42416,0,0
0.3297,0,0
0.24875,0,0
0.18032,0,0
0.10022,0,0
0.02851,0,0
0.00037,0,0
0.0,0,0
0.0,0,0
0.0,0,0
0.0,0,0
0.0,0,0
0.00064,0,0
0.00601,0,0
0.00929,0,0
0.01044,0,0
0.0116,0,0
0.01278,0,0
0.01342,0,0
0.01351,0,0
0.0136,0,0
0.01365,0,0
0.01087,0,0
0.00523,0,0
0.0,0,0
0.0,0,0
0.0,0,0
0.0,0,0
0.0,0,0
0.0,0,0
0.0,0,0
0.0,0,0
0.0,0,0
0.0,0,0
0.0,0,0
0.0,0,0
0.0,0,0
0.0,0,0
0.0,0,0
0.0,0,0
0.0,0,0
0.0,0,0
0.0,0,0
0.0,0,0
0.0,0,0
0.0,0,0
0.0,0,0
0.0,0,0
0.0,0,0
0.0,0,0
0.0,0,0
0.0,0,0
0.0,0,0
0.0,0,0
0.0,0,0
0.0,0,0
0.0,0,0
0.0,0,0
0.0,0,0
0.0,0,0
0.0,0,0
0.0,0,0
0.02373,0,0
0.07628,0,0
0.12259,0,0
0.1561,0,0
0.18038,0,0
0.19859,0,0
0.22139,0,0
0.2496,0,0
0.27072,0,0
0.28373,0,0
0.31504,1,1
0.40688,1,1
0.5129,1,1
0.58347,1,1
0.66661,1,1
0.76493,1,1
0.86674,1,1
0.97188,1,1
1.03836,1,1
1.07117,1,1
1.13495,1,1
1.23053,1,1
1.23371,1,1
1.14757,1,1
1.07491,1,1
1.00876,1,1
0.98876,1,1
1.00681,1,1
1.04269,1,1
1.09497,1,1
0.99095,1,1
0.75979,1,1
0.55792,1,1
0.38834,1,1
0.30355,0,0
0.27875,0,0
0.25072,0,0
0.21852,0,0
0.13445,0,0
0.0373,0,0
0.00039,0,0
0.00532,0,0
0.01028,0,0
0.01531,0,0
0.02267,0,0
0.02274,0,0
0.02286,0,0
0.02293,0,0
0.01675,0,0
0.01405,0,0
0.0113,0,0
0.00848,0,0
0.00389,0,0
0.0,0,0
0.0,0,0
0.0,0,0
0.0,0,0
0.0,0,0
0.0,0,0
0.0,0,0
0.0,0,0
0.0,0,0
0.0,0,0
0.0,0,0
0.0,0,0
0.0,0,0
0.0,0,0
0.0,0,0
0.00512,0,0
0.00983,0,0
0.0146,0,0
0.01943,0,0
0.04102,0,0
0.06803,0,0
0.09579,0,0
0.12556,0,0
0.13226,0,0
0.10962,0,0
0.08975,0,0
0.06919,0,0
0.07297,0,0
0.1013,0,0
0.12995,0,0
0.17392,0,0
0.15952,0,0
0.10143,0,0
0.05565,0,0
0.01916,0,0
0.01612,0,0
0.01925,0,0
0.02955,0,0
0.04505,0,0
0.04933,0,0
0.04285,0,0
0.0364,0,0
0.03,0,0
0.05098,0,0
0.10997,0,0
0.18092,0,0
0.25959,0,0
0.3158,1,1
0.34243,1,1
0.43722,1,1
0.62101,1,1
0.86399,1,1
1.17178,1,1
1.22349,1,1
1.01138,1,1
0.81445,1,1
0.63916,1,1
0.52364,1,1
0.48712,1,1
0.40828,1,1
0.33276,1,1
0.32616,1,1
0.36137,1,1
0.41488,1,1
0.48765,1,1
0.53075,1,1
0.54151,1,1
0.51578,1,1
0.45104,1,1
0.38657,1,1
0.33654,1,1
0.28564,0,0
0.24039,0,0
0.2144,0,0
0.18984,0,0
0.17216,0,0
0.16168,0,0
0.13986,0,0
0.10673,0,0
0.05576,0,0
0.02321,0,0
0.0241,0,0
0.024,0,0
0.01552,0,0
0.01036,0,0
0.00532,0,0
0.00038,0,0
0.0,0,0
0.00119,0,0
0.00337,0,0
0.00554,0,0
0.00694,0,0
0.00753,0,0
0.00813,0,0
0.00876,0,0
0.00823,0,0
0.00659,0,0
0.00491,0,0
0.00324,0,0
0.00298,0,0
0.00414,0,0
0.00533,0,0
0.00654,0,0
0.00776,0,0
0.00902,0,0
0.0103,0,0
0.01161,0,0
0.01333,0,0
0.01547,0,0
0.01775,0,0
0.02213,0,0
0.01975,0,0
0.01649,0,0
0.01326,0,0
0.00993,0,0
0.01107,0,0
0.01683,0,0
0.02887,0,0
0.05664,0,0
0.08006,0,0
0.09819,0,0
0.11661,0,0
0.13912,0,0
0.17034,0,0
0.20386,0,0
0.23742,0,0
0.27204,0,0
0.23494,0,0
0.12872,0,0
0.06052,0,0
0.01608,0,0
0.00891,0,0
0.00876,0,0
0.00858,0,0
0.00844,0,0
0.00596,0,0
0.00116,0,0
0.0,0,0
0.0,0,0
0.0378,0,0
0.13208,0,0
0.24638,0,0
0.37983,0,0
0.57044,0,0
0.8363,1,1
0.97628,1,1
0.94879,1,1
0.94305,1,1
0.97561,1,1
1.00161,1,1
1.01446,1,1
1.04406,1,1
1.117,1,1
1.10259,1,1
0.99401,1,1
0.80174,1,1
0.65218,1,1
0.6611,1,1
0.91371,1,1
1.34363,1,1
1.71998,1,1
1.74914,1,1
1.43922,1,1
1.18643,1,1
0.98354,1,1
0.841,1,1
0.74987,1,1
0.61347,1,1
0.51189,0,0
0.47436,0,0
0.44288,0,0
0.41916,0,0
0.39556,0,0
0.38383,0,0
0.37773,0,0
0.36446,0,0
0.33821,0,0
0.27709,0,0
0.20935,0,0
0.18216,0,0
0.18025,0,0
0.17838,0,0
0.17655,0,0
0.15195,0,0
0.10383,0,0
0.06916,0,0
0.03807,0,0
0.01471,0,0
0.00871,0,0
0.00263,0,0
0.0,0,0
0.0,0,0
0.0,0,0
0.0,0,0
0.0,0,0
0.0,0,0
0.0,0,0
0.0,0,0
0.0,0,0
0.0,0,0
0.0,0,0
0.0,0,0
0.00013,0,0
0.00201,0,0
0.00078,0,0
0.0,0,0
0.0,0,0
0.0,0,0
0.00152,0,0
0.00429,0,0
0.00709,0,0
0.00714,0,0
0.00441,0,0
0.00159,0,0
0.0,0,0
0.0,0,0
0.0,0,0
0.0,0,0
0.0,0,0
0.0,0,0
0.0,0,0
0.0,0,0
0.0,0,0
0.0,0,0
0.0,0,0
0.0,0,0
0.0,0,0
0.0,0,0
0.0,0,0
0.0,0,0
0.0,0,0
0.0,0,0
0.0,0,0
0.0,0,0
0.0,0,0
0.02758,0,0
0.09092,0,0
0.1626,0,0
0.24049,0,0
0.35104,0,0
0.49288,0,0
0.63394,0,0
0.77829,1,1
0.96829,1,1
1.20475,1,1
1.32285,1,1
1.311,1,1
1.34131,1,1
1.41783,1,1
1.41905,1,1
1.33235,1,1
1.27714,1,1
1.25496,1,1
1.16538,1,1
1.00916,1,1
0.83148,1,1
0.63243,0,0
0.58927,0,0
0.70295,1,1
0.7829,1,1
0.82595,1,1
0.83427,1,1
0.80982,1,1
0.79602,1,1
0.78984,1,1
0.74482,1,1
0.66332,1,1
0.6375,0,1
0.65137,1,1
0.48745,0,0
0.20297,0,0
0.06985,0,0
0.04051,0,0
0.01989,0,0
0.00791,0,0
0.00011,0,0
0.0,0,0
0.0,0,0
0.0,0,0
0.0,0,0
0.0,0,0
0.0,0,0
0.0,0,0
0.0,0,0
0.0,0,0
0.0,0,0
0.0,0,0
0.0,0,0
0.0,0,0
0.0,0,0
0.0,0,0
0.0,0,0
0.0,0,0
0.0,0,0
0.0047,0,0
0.00566,0,0
0.00198,0,0
0.0,0,0
0.0,0,0
0.0,0,0
0.0,0,0
0.0,0,0
0.0,0,0
0.0,0,0
0.00153,0,0
0.0099,0,0
0.01833,0,0
0.04562,0,0
0.07978,0,0
0.11483,0,0
0.16495,0,0
0.17157,0,0
0.12955,0,0
0.10132,0,0
0.07376,0,0
0.09418,0,0
0.18149,0,0
0.28999,0,0
0.43326,1,1
0.48164,1,1
0.42558,1,1
0.37131,0,0
0.31703,0,0
0.32626,0,0
0.40036,1,1
0.47339,1,1
0.56538,1,1
0.64229,1,1
0.66455,1,1
0.68651,1,1
0.70817,1,1
0.5846,1,1
0.40348,1,1
0.26578,0,0
0.15028,0,0
0.09094,0,0
0.19786,0,0
0.17807,0,0
0.15865,0,0
0.19075,0,0
0.27165,0,0
0.32702,0,0
0.35748,0,0
0.38931,0,0
0.42302,1,1
0.45379,1,1
0.48288,1,1
0.67782,1,1
1.03607,1,1
1.099,1,1
0.87017,1,1
0.72836,1,1
0.67457,1,1
0.58686,1,1
0.46986,1,1
0.38396,0,0
0.3261,0,0
0.31323,0,0
0.35009,0,0
0.38425,0,0
0.41561,1,0
0.38518,0,0
0.29155,0,0
0.20247,0,0
0.11999,0,0
0.07832,0,0
0.07499,0,0
0.07063,0,0
0.06501,0,0
0.05196,0,0
0.03192,0,0
0.04101,0,0
0.07831,0,0
0.12709,0,0
0.18578,0,0
0.18686,0,0
0.12861,0,0
0.07996,0,0
0.04224,0,0
0.02067,0,0
0.01685,0,0
0.01579,0,0
0.01476,0,0
0.01282,0,0
0.0099,0,0
0.00696,0,0
0.00401,0,0
0.00342,0,0
0.00526,0,0
0.00709,0,0
0.00896,0,0
0.00899,0,0
0.0072,0,0
0.00539,0,0
0.00356,0,0
0.00045,0,0
0.0,0,0
0.0,0,0
0.0,0,0
0.0,0,0
0.0,0,0
0.0,0,0
0.0,0,0
0.0,0,0
0.0,0,0
0.0,0,0
0.0,0,0
0.0,0,0
0.0,0,0
0.0,0,0
0.0,0,0
0.0,0,0
0.0,0,0
0.0,0,0
0.0,0,0
0.0,0,0
0.0,0,0
0.0,0,0
0.0,0,0
0.0,0,0
0.0,0,0
0.0,0,0
0.0,0,0
0.0,0,0
0.0,0,0
0.0,0,0
0.0,0,0
0.05237,0,0
0.18863,0,0
0.36188,0,0
0.57326,0,0
0.75886,0,0
0.90994,0,0
1.0362,1,1
1.11568,1,1
1.21732,1,1
1.34641,1,1
1.4253,1,1
1.4404,1,1
1.46628,1,1
1.51824,1,1
1.57988,1,1
1.65168,1,1
1.68254,1,1
1.67703,1,1
1.62769,1,1
1.55244,1,1
1.50338,1,1
1.4856,1,1
1.43437,1,1
1.3477,1,1
1.26028,1,1
1.1664,1,1
1.12241,1,1
1.11659,1,1
1.09805,1,1
1.06703,1,1
0.99867,0,0
0.90565,0,0
0.83752,0,0
0.78693,0,0
0.65839,0,0
0.47633,0,0
0.34514,0,0
0.25679,0,0
0.15144,0,0
0.04784,0,0
0.01208,0,0
0.02754,0,0
0.05914,0,0
0.09111,0,0
0.09405,0,0
0.06802,0,0
0.04156,0,0
0.01639,0,0
0.01508,0,0
0.02188,0,0
0.03575,0,0
0.04972,0,0
0.05541,0,0
0.05298,0,0
0.05037,0,0
0.04774,0,0
0.05492,0,0
0.0722,0,0
0.08971,0,0
0.10937,0,0
0.12349,0,0
0.12429,0,0
0.12547,0,0
0.12629,0,0
0.12133,0,0
0.10996,0,0
0.10314,0,0
0.09631,0,0
0.09764,0,0
0.10739,0,0
0.11755,0,0
0.1331,0,0
0.18281,0,0
0.26775,0,0
0.38244,0,0
0.50435,1,1
0.52301,1,1
0.41577,0,0
0.31593,0,0
0.23423,0,0
0.24153,0,0
0.34345,0,0
0.4664,1,1
0.6411,1,1
0.69623,1,1
0.58632,1,1
0.49717,1,1
0.4364,0,0
0.38939,0,0
0.35651,0,0
0.32294,0,0
0.2911,0,0
0.23888,0,0
0.1628,0,0
0.10023,0,0
0.05225,0,0
0.04952,0,0
0.11544,0,0
0.16534,0,0
0.18347,0,0
0.18933,0,0
0.19682,0,0
0.22867,0,0
0.32422,0,0
0.45549,1,1
0.57226,1,1
0.65247,1,1
0.70965,1,1
0.79664,1,1
0.90999,1,1
0.91835,1,1
0.81695,1,1
0.73414,1,1
0.67219,1,1
0.6011,1,1
0.52262,1,1
0.42125,0,0
0.43754,0,0
0.43476,0,0
0.47235,1,1
0.54977,1,1
0.66782,1,1
0.65556,1,1
0.5171,1,1
0.38746,0,0
0.3099,0,0
0.28217,0,0
0.26284,0,0
0.25443,0,0
0.2604,0,0
0.27419,0,0
0.28143,0,0
0.25176,0,0
0.22546,0,0
0.23665,0,0
0.24523,0,0
0.23312,0,0
0.20432,0,0
0.18108,0,0
0.15715,0,0
0.14983,0,0
0.1589,0,0
0.16761,0,0
0.17686,0,0
0.15281,0,0
0.09606,0,0
0.05859,0,0
0.02075,0,0
0.01394,0,0
0.01402,0,0
0.01406,0,0
0.01414,0,0
0.0136,0,0
0.01246,0,0
0.01132,0,0
0.01014,0,0
0.01228,0,0
0.01772,0,0
0.04329,0,0
0.06956,0,0
0.0941,0,0
0.12241,0,0
0.15873,0,0
0.19672,0,0
0.20747,0,0
0.18751,0,0
0.16811,0,0
0.14859,0,0
0.12433,0,0
0.10339,0,0
0.08462,0,0
0.06568,0,0
0.07966,0,0
0.13055,0,0
0.20628,0,0
0.2831,0,0
0.30532,1,0
0.25808,0,0
0.21473,0,0
0.17138,0,0
0.17139,0,0
0.21476,0,0
0.25814,0,0
0.30652,1,1
0.35342,1,1
0.38754,1,1
0.42118,1,1
0.45275,1,1
0.4496,1,1
0.411,1,1
0.37293,1,1
0.33537,1,1
0.29482,0,0
0.25683,0,0
0.22781,0,0
0.19706,0,0
0.19818,0,0
0.22974,0,0
0.2612,0,0
0.29246,0,0
0.31962,1,1
0.34423,1,1
0.34699,1,1
0.32857,1,1
0.33184,1,1
0.36068,1,1
0.39808,1,1
0.44379,1,1
0.4524,1,1
0.42259,1,1
0.39811,1,1
0.37881,1,1
0.34376,1,1
0.31279,1,1
0.25899,0,0
0.19543,0,0
0.14415,0,0
0.10622,0,0
0.09053,0,0
0.0805,0,0
0.07275,0,0
0.0628,0,0
0.05891,0,0
0.06077,0,0
0.06328,0,0
0.06609,0,0
0.06056,0,0
0.0466,0,0
0.03507,0,0
0.02616,0,0
0.01608,0,0
0.00513,0,0
0.0,0,0
0.0,0,0
0.0,0,0
0.0,0,0
0.0,0,0
0.0,0,0
0.0,0,0
0.0,0,0
0.0,0,0
0.0,0,0
0.0,0,0
0.0,0,0
0.0,0,0
0.0,0,0
0.00129,0,0
0.00832,0,0
0.01363,0,0
0.0172,0,0
0.03271,0,0
0.04995,0,0
0.06576,0,0
0.08047,0,0
0.09535,0,0
0.1135,0,0
0.14004,0,0
0.17114,0,0
0.20297,0,0
0.23605,0,0
0.25474,0,0
0.25643,0,0
0.25814,0,0
0.25987,0,0
0.25236,0,0
0.2344,0,0
0.21684,0,0
0.19878,0,0
0.2196,0,0
0.28135,0,0
0.36317,0,0
0.44816,0,0
0.49109,0,0
0.49105,0,0
0.48918,0,0
0.48734,0,0
0.41864,0,0
0.28379,0,0
0.18599,0,0
0.10121,0,0
0.07304,0,0
0.07867,0,0
0.08416,0,0
0.08918,0,0
0.09178,0,0
0.09145,0,0
0.09112,0,0
0.0905,0,0
0.10712,0,0
0.14196,0,0
0.17742,0,0
0.21907,0,0
0.25102,0,0
0.27242,0,0
0.32067,0,0
0.39671,0,0
0.46121,0,0
0.5157,0,0
0.52672,0,0
0.49502,0,0
0.4876,0,0
0.50385,0,0
0.50978,0,0
0.50869,0,0
0.53979,0,0
0.61542,0,0
0.66217,0,0
0.68584,0,0
0.68387,0,0
0.61611,0,0
0.61268,0,0
0.673,0,0
0.78237,0,0
0.9414,1,1
1.05896,1,1
1.16454,1,1
1.25768,1,1
1.34457,1,1
1.42488,1,1
1.52505,1,1
1.54693,1,1
1.48882,1,1
1.42746,1,1
1.35826,1,1
1.32912,1,1
1.3351,1,1
1.32492,1,1
1.31256,1,1
1.33324,1,1
1.39177,1,1
1.44933,1,1
1.50171,1,1
1.41254,1,1
1.17404,1,1
0.96539,1,1
0.7679,0,0
0.71356,0,0
0.80322,0,0
0.89648,0,0
0.98853,1,1
0.99155,1,1
0.90729,0,0
0.8249,0,0
0.73937,0,0
0.64669,0,0
0.53511,0,0
0.42149,0,0
0.35381,0,0
0.32274,0,0
0.32575,0,0
0.32781,0,0
0.32989,0,0
0.27772,0,0
0.18959,0,0
0.10899,0,0
0.05493,0,0
0.04951,0,0
0.09468,0,0
0.15384,0,0
0.2266,0,0
0.24869,0,0
0.22112,0,0
0.19205,0,0
0.16293,0,0
0.14053,0,0
0.12596,0,0
0.11637,0,0
0.10703,0,0
0.10745,0,0
0.11819,0,0
0.12894,0,0
0.1455,0,0
0.19774,0,0
0.28452,0,0
0.3992,1,1
0.51893,1,1
0.5115,1,1
0.38378,1,1
0.26778,0,0
0.1816,0,0
0.13181,0,0
0.11645,0,0
0.10606,0,0
0.09613,0,0
0.10904,0,0
0.14641,0,0
0.19306,0,0
0.24013,0,0
0.25372,0,0
0.23576,0,0
0.21336,0,0
0.17507,0,0
0.13201,0,0
0.0854,0,0
0.12217,0,0
0.24161,0,0
0.37263,1,1
0.51578,1,1
0.59752,1,1
0.62435,1,1
0.66438,1,1
0.71191,1,1
0.6872,1,1
0.59112,1,1
0.50093,1,1
0.44116,1,1
0.42198,1,1
0.42152,1,1
0.42555,1,1
0.43118,1,1
0.41337,1,1
0.37166,1,1
0.33173,1,1
0.29242,1,1
0.24761,0,0
0.19558,0,0
0.14862,0,0
0.10783,0,0
0.08686,0,0
0.08444,0,0
0.06582,0,0
0.05073,0,0
0.05293,0,0
0.05524,0,0
0.05462,0,0
0.05132,0,0
0.04796,0,0
0.04469,0,0
0.04445,0,0
0.0472,0,0
0.04997,0,0
0.05275,0,0
0.07136,0,0
0.11204,0,0
0.16675,0,0
0.22278,0,0
0.25511,0,0
0.24438,0,0
0.23425,0,0
0.22411,0,0
0.23057,0,0
0.25708,0,0
0.28339,0,0
0.31113,1,1
0.30795,1,1
0.27302,0,0
0.23918,0,0
0.2133,0,0
0.17489,0,0
0.12182,0,0
0.08327,0,0
0.04677,0,0
0.03116,0,0
0.03768,0,0
0.04436,0,0
0.05091,0,0
0.05952,0,0
0.07015,0,0
0.08102,0,0
0.09247,0,0
0.11769,0,0
0.17422,0,0
0.23572,0,0
0.30024,0,0
0.31399,0,0
0.26553,0,0
0.22182,0,0
0.17776,0,0
0.1722,0,0
0.20603,0,0
0.23988,0,0
0.27375,0,0
0.27843,0,0
0.25319,0,0
0.22935,0,0
0.20585,0,0
0.16637,0,0
0.11583,0,0
0.08049,0,0
0.04587,0,0
0.07775,0,0
0.18402,0,0
0.28991,0,0
0.38009,1,1
0.37932,1,1
0.30123,0,0
0.30744,0,0
0.39167,1,1
0.63567,1,1
1.0659,1,1
1.14461,1,1
0.84388,1,1
0.62382,1,1
0.50358,1,1
0.45636,1,1
0.48176,1,1
0.50925,1,1
0.51931,1,1
0.5455,1,1
0.59056,1,1
0.68649,1,1
0.83313,1,1
0.75525,1,1
0.45679,1,1
0.26067,0,0
0.15801,0,0
0.13832,0,0
0.204,0,0
0.27121,0,0
0.33483,0,0
0.3584,1,0
0.34287,0,0
0.37868,1,1
0.46538,1,1
0.4522,1,1
0.35961,1,1
0.28722,0,0
0.2196,0,0
0.16754,0,0
0.12938,0,0
0.10525,0,0
0.09358,0,0
0.08632,0,0
0.07896,0,0
0.08185,0,0
0.09533,0,0
0.1165,0,0
0.13768,0,0
0.12388,0,0
0.0828,0,0
0.05076,0,0
0.01814,0,0
0.01321,0,0
0.0115,0,0
0.00979,0,0
0.00808,0,0
0.00338,0,0
0.0,0,0
0.0,0,0
0.0,0,0
0.0,0,0
0.0,0,0
0.0,0,0
0.0,0,0
0.0,0,0
0.0,0,0
0.0,0,0
0.0,0,0
