0.0,0,0
0.0,0,0
0.0,0,0
0.0,0,0
0.00194,0,0
0.00298,0,0
0.00166,0,0
0.00028,0,0
0.0,0,0
0.0,0,0
0.0,0,0
0.0,0,0
0.0,0,0
0.0,0,0
0.0,0,0
0.0,0,0
0.0,0,0
5e-05,0,0
5e-05,0,0
5e-05,0,0
5e-05,0,0
0.0004,0,0
0.00109,0,0
0.00176,0,0
0.0024,0,0
0.00215,0,0
0.00104,0,0
0.0,0,0
0.0,0,0
0.0018,0,0
0.00656,0,0
0.0122,0,0
0.01788,0,0
0.0246,0,0
0.03237,0,0
0.03259,0,0
0.0257,0,0
0.02144,0,0
0.02556,0,0
0.04077,0,0
0.06606,1,1
0.07562,1,1
0.06772,1,1
0.06023,1,1
0.05545,1,1
0.05676,1,1
0.06268,1,1
0.05827,1,1
0.04395,1,1
0.03056,0,0
0.02662,0,0
0.03072,0,0
0.0375,0,0
0.04392,1,1
0.04681,1,1
0.05141,1,1
0.05755,1,1
0.06001,1,1
0.05855,1,1
0.05176,1,1
0.04164,0,0
0.03952,0,0
0.05087,1,1
0.06592,1,1
0.08614,1,1
0.08959,1,1
0.07382,1,1
0.05981,1,1
0.04437,1,1
0.03791,0,0
0.03994,0,0
0.04202,0,0
0.04394,1,0
0.04057,0,0
0.0318,0,0
0.02531,0,0
0.01966,0,0
0.01685,0,0
0.01693,0,0
0.01702,0,0
0.0171,0,0
0.01807,0,0
0.0199,0,0
0.0217,0,0
0.02357,0,0
0.0208,0,0
0.01316,0,0
0.00551,0,0
0.00389,0,0
0.00251,0,0
0.00138,0,0
0.00023,0,0
0.0,0,0
0.0,0,0
0.0,0,0
0.0,0,0
0.0,0,0
0.0,0,0
0.0,0,0
0.0,0,0
0.0,0,0
0.0,0,0
0.00269,0,0
0.00574,0,0
0.01582,0,0
0.02952,0,0
0.04299,0,0
0.06328,0,0
0.08371,1,1
0.09073,1,1
0.08374,1,1
0.07696,1,1
0.06984,1,1
0.07291,1,1
0.08567,1,1
0.09871,1,1
0.11653,1,1
0.11614,1,1
0.0974,1,1
0.08369,1,1
0.07027,1,1
0.06691,1,1
0.0733,1,1
0.07957,1,1
0.08571,1,1
0.07822,1,1
0.05781,0,0
0.04506,0,0
0.03535,0,0
0.03289,0,0
0.02825,0,0
0.02902,0,0
0.03426,0,0
0.03702,0,0
0.0376,0,0
0.03696,0,0
0.03513,0,0
0.03315,0,0
0.03112,0,0
0.03446,0,0
0.04297,0,0
0.04857,0,0
0.05204,0,0
0.05411,0,0
0.05237,0,0
0.05388,0,0
0.05858,0,0
0.06494,1,1
0.06751,1,1
0.07089,1,1
0.07498,1,1
0.07204,1,1
0.06332,1,1
0.04286,0,0
0.02533,0,0
0.01887,0,0
0.01643,0,0
0.02192,0,0
0.0311,0,0
0.03474,0,0
0.03297,0,0
0.02802,0,0
0.02003,0,0
0.01384,0,0
0.00912,0,0
0.00832,0,0
0.01088,0,0
0.01344,0,0
0.01607,0,0
0.01319,0,0
0.0052,0,0
0.00344,0,0
0.00165,0,0
0.00031,0,0
0.0,0,0
0.0,0,0
0.0,0,0
0.0,0,0
0.0,0,0
0.0,0,0
0.0,0,0
0.0,0,0
0.0,0,0
0.0,0,0
0.0,0,0
0.0,0,0
0.0,0,0
0.0,0,0
0.0,0,0
0.0,0,0
0.0,0,0
0.0,0,0
0.0,0,0
0.0,0,0
0.0,0,0
0.0,0,0
0.0,0,0
0.0,0,0
0.0,0,0
0.0,0,0
0.0,0,0
0.0,0,0
0.0,0,0
0.0,0,0
0.0,0,0
0.0,0,0
0.0,0,0
0.0,0,0
0.0,0,0
0.0,0,0
0.0,0,0
0.0,0,0
0.0,0,0
0.0,0,0
0.0,0,0
0.0,0,0
0.0,0,0
0.0,0,0
0.0,0,0
0.0,0,0
0.0,0,0
0.00093,0,0
0.00288,0,0
0.00482,0,0
0.00675,0,0
0.0127,0,0
0.02248,0,0
0.02481,0,0
0.02032,0,0
0.01502,0,0
0.00901,0,0
0.01373,0,0
0.02905,0,0
0.0444,0,0
0.05968,1,1
0.06338,1,1
0.0559,1,1
0.05217,1,1
0.05059,0,0
0.04902,0,0
0.04721,0,0
0.04715,0,0
0.04878,0,0
0.04602,0,0
0.03871,0,0
0.03014,0,0
0.02028,0,0
0.01758,0,0
0.02213,0,0
0.02621,0,0
0.03032,0,0
0.02942,0,0
0.02311,0,0
0.01769,0,0
0.01318,0,0
0.01033,0,0
0.00915,0,0
0.00877,0,0
0.00922,0,0
0.0111,0,0
0.01929,0,0
0.03031,0,0
0.05097,1,1
0.07312,1,1
0.10193,1,1
0.11524,1,1
0.11225,1,1
0.10922,1,1
0.10616,1,1
0.09508,1,1
0.07531,1,1
0.05996,1,1
0.04537,0,0
0.03804,0,0
0.03824,0,0
0.03845,0,0
0.03856,0,0
0.04158,0,0
0.04733,0,0
0.05327,1,1
0.0591,1,1
0.06086,1,1
0.05849,1,1
0.05608,1,1
0.05348,1,1
0.05306,1,1
0.05463,1,1
0.0563,1,1
0.05807,1,1
0.05755,0,0
0.05446,0,0
0.05134,0,0
0.04819,0,0
0.04671,0,0
0.04722,0,0
0.04774,0,0
0.04827,0,0
0.05235,0,0
0.0601,0,0
0.06779,0,0
0.07587,0,0
0.08475,0,0
0.09437,0,0
0.10576,0,0
0.11894,0,0
0.13813,0,0
0.16373,0,0
0.20097,0,0
0.24733,0,0
0.23985,0,0
0.17901,0,0
0.14252,0,0
0.10932,0,0
0.0818,0,0
0.05771,0,0
0.03678,0,0
0.02168,0,0
0.03177,0,0
0.08156,0,0
0.14928,0,0
0.23347,0,0
0.29364,0,0
0.31756,1,1
0.33065,1,1
0.32656,1,1
0.3183,1,1
0.30553,1,1
0.29895,1,1
0.29833,1,1
0.28715,0,0
0.26391,0,0
0.27039,0,0
0.3104,1,1
0.34144,1,1
0.36475,1,1
0.38146,1,1
0.39096,1,1
0.40731,1,1
0.42914,1,1
0.43748,1,1
0.43149,1,1
0.43054,1,1
0.43182,1,1
0.41699,1,1
0.38508,1,1
0.3549,1,1
0.32679,1,1
0.3098,1,1
0.30078,1,1
0.29238,0,0
0.28387,0,0
0.24852,0,0
0.19308,0,0
0.1569,0,0
0.13387,0,0
0.08104,0,0
0.02037,0,0
0.0,0,0
0.0,0,0
0.00085,0,0
0.00175,0,0
0.00222,0,0
0.00222,0,0
0.00223,0,0
0.00224,0,0
0.00272,0,0
0.00368,0,0
0.00465,0,0
0.00564,0,0
0.00538,0,0
0.00388,0,0
0.00236,0,0
0.00081,0,0
0.00062,0,0
0.0018,0,0
0.00299,0,0
0.00419,0,0
0.00461,0,0
0.00425,0,0
0.00388,0,0
0.00351,0,0
0.00326,0,0
0.00314,0,0
0.00302,0,0
0.00288,0,0
0.00454,0,0
0.01226,0,0
0.02895,0,0
0.04883,0,0
0.06839,0,0
0.08144,0,0
0.09477,0,0
0.113,1,1
0.11379,1,1
0.09744,1,1
0.08519,0,0
0.07303,0,0
0.06019,0,0
0.04724,0,0
0.03764,0,0
0.02917,0,0
0.03353,0,0
0.05405,0,0
0.0805,0,0
0.1094,1,1
0.11804,1,1
0.09933,1,1
0.08535,0,0
0.0719,0,0
0.07142,0,0
0.08335,0,0
0.09505,1,1
0.11106,1,1
0.10594,1,1
0.08564,0,0
0.06837,0,0
0.05249,0,0
0.06453,0,0
0.09726,1,1
0.10303,1,1
0.0837,0,0
0.06967,0,0
0.0605,0,0
0.06201,0,0
0.07396,0,0
0.08281,0,0
0.08847,0,0
0.0958,1,1
0.10524,1,1
0.11642,1,1
0.12936,1,1
0.14055,1,1
0.15,1,1
0.19958,1,1
0.2885,1,1
0.29203,1,1
0.21268,1,1
0.14457,1,1
0.10936,1,1
0.09895,1,1
0.09151,0,0
0.08019,0,0
0.06239,0,0
0.05672,0,0
0.06247,0,0
0.07007,0,0
0.07963,0,0
0.07307,0,0
0.05146,0,0
0.03338,0,0
0.02211,0,0
0.01944,0,0
0.02315,0,0
0.02904,0,0
0.04007,0,0
0.05261,0,0
0.06523,0,0
0.07187,0,0
0.07228,0,0
0.07269,0,0
0.07311,0,0
0.06356,0,0
0.0441,0,0
0.02757,0,0
0.01469,0,0
0.01383,0,0
0.02522,0,0
0.03801,0,0
0.05584,0,0
0.06495,0,0
0.06516,0,0
0.06555,0,0
0.06577,0,0
0.06313,0,0
0.05741,0,0
0.05162,0,0
0.04576,0,0
0.04489,0,0
0.04906,0,0
0.05342,0,0
0.05798,0,0
0.07148,0,0
0.09546,0,0
0.12672,0,0
0.15842,0,0
0.19171,0,0
0.2076,0,0
0.22471,1,1
0.24242,1,1
0.2451,1,1
0.23382,1,1
0.2223,1,1
0.20974,0,0
0.19868,0,0
0.18924,0,0
0.17995,0,0
0.17415,0,0
0.16839,0,0
0.16208,0,0
0.15586,0,0
0.14972,0,0
0.14267,0,0
0.13488,0,0
0.1274,0,0
0.1202,0,0
0.1191,0,0
0.12309,0,0
0.12744,0,0
0.13177,0,0
0.13481,0,0
0.13701,0,0
0.13939,0,0
0.14184,0,0
0.14475,0,0
0.14898,0,0
0.15527,0,0
0.164,0,0
0.17455,0,0
0.18587,0,0
0.17504,0,0
0.14741,0,0
0.12903,0,0
0.15011,0,0
0.15905,0,0
0.18246,0,0
0.21278,0,0
0.25103,1,1
0.2872,1,1
0.31782,1,1
0.36385,1,1
0.42663,1,1
0.43987,1,1
0.40276,1,1
0.37037,1,1
0.35328,1,1
0.36783,1,1
0.41141,1,1
0.43662,1,1
0.44528,1,1
0.46384,1,1
0.49219,1,1
0.50172,1,1
0.49207,1,1
0.41787,1,1
0.30036,1,1
0.20731,0,0
0.12808,0,0
0.0766,0,0
0.03947,0,0
0.01976,0,0
0.00802,0,0
0.00361,0,0
0.00122,0,0
0.00013,0,0
0.00031,0,0
0.00049,0,0
0.00067,0,0
0.00022,0,0
0.0,0,0
0.0,0,0
0.0,0,0
0.0,0,0
0.0,0,0
0.0,0,0
0.0,0,0
0.0,0,0
0.0,0,0
0.0,0,0
0.0,0,0
0.0,0,0
0.0,0,0
0.0,0,0
0.0,0,0
0.0,0,0
0.0,0,0
0.0,0,0
0.0,0,0
0.0,0,0
0.0,0,0
0.0,0,0
0.0,0,0
0.0,0,0
0.0,0,0
0.0,0,0
0.0,0,0
0.0,0,0
0.0,0,0
0.0,0,0
0.0,0,0
0.0,0,0
0.0,0,0
0.0,0,0
0.0,0,0
0.0,0,0
0.0,0,0
0.0,0,0
0.0,0,0
0.0,0,0
0.0,0,0
0.0,0,0
0.0,0,0
0.0,0,0
0.0,0,0
0.0,0,0
0.0,0,0
0.00497,0,0
0.01541,0,0
0.02603,0,0
0.03669,0,0
0.04433,0,0
0.04898,0,0
0.06282,0,0
0.08562,0,0
0.12023,1,1
0.16786,1,1
0.20845,1,1
0.24289,1,1
0.2647,1,1
0.27249,1,1
0.2692,1,1
0.25358,1,1
0.24395,1,1
0.23985,1,1
0.22292,1,1
0.19247,1,1
0.15144,1,1
0.11701,0,0
0.11539,0,0
0.1434,1,1
0.18145,1,1
0.21621,1,1
0.21668,1,1
0.18341,1,1
0.1485,1,1
0.12384,1,1
0.11436,0,1
0.14136,1,1
0.19884,1,1
0.24844,1,1
0.20635,1,1
0.09601,0,0
0.03904,0,0
0.02067,0,0
0.00869,0,0
0.00274,0,0
0.0,0,0
0.0,0,0
0.0,0,0
0.0,0,0
0.0,0,0
0.0,0,0
0.0,0,0
0.00039,0,0
0.0012,0,0
0.0021,0,0
0.00302,0,0
0.00396,0,0
0.00417,0,0
0.00364,0,0
0.0031,0,0
0.00257,0,0
0.00259,0,0
0.00319,0,0
0.00381,0,0
0.00443,0,0
0.00458,0,0
0.00423,0,0
0.00386,0,0
0.0035,0,0
0.00335,0,0
0.00344,0,0
0.00353,0,0
0.00362,0,0
0.00334,0,0
0.00267,0,0
0.002,0,0
0.00131,0,0
0.00121,0,0
0.00169,0,0
0.00219,0,0
0.0027,0,0
0.00309,0,0
0.00337,0,0
0.00365,0,0
0.00393,0,0
0.0032,0,0
0.00144,0,0
0.0,0,0
0.0,0,0
0.0,0,0
0.0,0,0
0.0,0,0
0.0,0,0
0.0,0,0
0.0,0,0
0.0,0,0
0.0,0,0
0.0,0,0
0.0,0,0
0.0,0,0
0.0,0,0
0.00248,0,0
0.0077,0,0
0.01291,0,0
0.01805,0,0
0.0246,0,0
0.03242,0,0
0.04262,0,0
0.05526,0,0
0.07122,1,1
0.09066,1,1
0.09237,1,1
0.07717,1,1
0.06657,0,0
0.06026,0,0
0.05526,0,0
0.05262,0,0
0.04766,0,0
0.04023,0,0
0.04079,0,0
0.0491,0,0
0.05878,0,0
0.06702,0,0
0.08266,1,1
0.1091,1,1
0.14292,1,1
0.18298,1,1
0.20285,1,1
0.19711,1,1
0.17632,1,1
0.14043,1,1
0.11397,1,1
0.1017,1,1
0.0852,1,1
0.06994,0,0
0.05171,0,0
0.03525,0,0
0.02526,0,0
0.01971,0,0
0.02398,0,0
0.03057,0,0
0.0375,0,0
0.04043,0,0
0.04341,0,0
0.04643,0,0
0.04466,0,0
0.03812,0,0
0.03148,0,0
0.02719,0,0
0.02339,0,0
0.02003,0,0
0.01661,0,0
0.01315,0,0
0.01235,0,0
0.01421,0,0
0.01612,0,0
0.01801,0,0
0.02645,0,0
0.04574,0,0
0.06929,0,0
0.09849,1,1
0.11544,1,1
0.11613,1,1
0.11714,1,1
0.11818,1,1
0.12865,1,1
0.15041,1,1
0.18658,1,1
0.22481,1,1
0.22431,0,0
0.18261,0,0
0.14954,0,0
0.1268,0,0
0.12301,0,0
0.13853,0,0
0.15439,0,0
0.17375,0,0
0.18891,0,0
0.19096,0,0
0.1924,0,0
0.19452,0,0
0.18682,0,0
0.1726,0,0
0.16362,0,0
0.15395,0,0
0.14239,0,0
0.12906,0,0
0.1158,0,0
0.10261,0,0
0.09098,0,0
0.07927,0,0
0.06769,0,0
0.05607,0,0
0.05846,0,0
0.07392,0,0
0.08928,0,0
0.10827,0,0
0.13297,0,0
0.16961,0,0
0.19563,0,0
0.1987,0,0
0.17317,0,0
0.13517,0,0
0.12088,0,0
0.16199,0,0
0.24522,0,0
0.31937,1,1
0.38022,1,1
0.42577,1,1
0.48678,1,1
0.56479,1,1
0.58688,1,1
0.5505,1,1
0.51586,1,1
0.48823,1,1
0.49013,1,1
0.52164,1,1
0.54319,1,1
0.55599,1,1
0.53757,1,1
0.4894,1,1
0.45244,1,1
0.42872,1,1
0.40177,1,1
0.37115,1,1
0.34392,1,1
0.31882,1,1
0.29667,1,1
0.27543,1,1
0.25372,1,1
0.23091,0,0
0.19877,0,0
0.15931,0,0
0.1335,0,0
0.1179,0,0
0.07708,0,0
0.02581,0,0
0.01298,0,0
0.02478,0,0
0.0402,0,0
0.0589,0,0
0.07233,0,0
0.08186,0,0
0.09148,0,0
0.10122,0,0
0.10457,0,0
0.10168,0,0
0.09875,0,0
0.09552,0,0
0.0913,0,0
0.08608,0,0
0.08058,0,0
0.07524,0,0
0.07192,0,0
0.06967,0,0
0.06719,0,0
0.06469,0,0
0.05867,0,0
0.04872,0,0
0.03876,0,0
0.03082,0,0
0.0294,0,0
0.0332,0,0
0.0371,0,0
0.04304,0,0
0.04374,0,0
0.0389,0,0
0.03568,0,0
0.03256,0,0
0.03768,0,0
0.05785,0,0
0.07956,0,0
0.10445,0,0
0.10553,0,0
0.08206,0,0
0.0609,0,0
0.04047,0,0
0.03074,0,0
0.02486,0,0
0.01903,0,0
0.01312,0,0
0.01194,0,0
0.0155,0,0
0.01906,0,0
0.02263,0,0
0.02729,0,0
0.03298,0,0
0.03847,0,0
0.04524,0,0
0.04675,0,0
0.04104,0,0
0.03739,0,0
0.03379,0,0
0.03213,0,0
0.03291,0,0
0.03371,0,0
0.03466,0,0
0.03717,0,0
0.04116,0,0
0.06051,0,0
0.09475,0,0
0.18451,0,0
0.34144,0,0
0.38569,0,0
0.30509,0,0
0.27034,0,0
0.2782,0,0
0.30342,0,0
0.32803,0,0
0.3133,0,0
0.26135,0,0
0.23405,0,0
0.23073,0,0
0.26116,0,0
0.32467,0,0
0.37157,0,0
0.40014,0,0
0.43809,0,0
0.47781,0,0
0.51259,0,0
0.54701,1,1
0.59161,1,1
0.65154,1,1
0.72071,1,1
0.81504,1,1
0.87208,1,1
0.86689,1,1
0.83192,1,1
0.77313,1,1
0.7092,1,1
0.62957,1,1
0.52356,1,1
0.40716,0,0
0.4605,0,0
0.66249,1,1
0.84516,1,1
0.99966,1,1
1.04427,1,1
1.01138,1,1
0.97548,1,1
0.92154,1,1
0.86828,1,1
0.81529,1,1
0.76259,1,1
0.70667,1,1
0.62246,1,1
0.513,0,0
0.39735,0,0
0.29842,0,0
0.2159,0,0
0.1537,0,0
0.11041,0,0
0.07583,0,0
0.06177,0,0
0.05938,0,0
0.05679,0,0
0.05416,0,0
0.05903,0,0
0.07165,0,0
0.08505,0,0
0.10384,0,0
0.1078,0,0
0.09632,0,0
0.08633,0,0
0.0779,0,0
0.07416,0,0
0.07514,0,0
0.07589,0,0
0.07691,0,0
0.08215,0,0
0.09169,0,0
0.10371,0,0
0.11691,0,0
0.11522,0,0
0.09765,0,0
0.08508,0,0
0.07243,0,0
0.06966,0,0
0.07709,0,0
0.08451,0,0
0.09162,0,0
0.10533,0,0
0.12669,0,0
0.14813,0,0
0.16953,0,0
0.18328,0,0
0.17335,0,0
0.16376,0,0
0.15796,0,0
0.15033,0,0
0.14202,0,0
0.1337,0,0
0.12611,0,0
0.17406,0,0
0.28078,0,0
0.36205,1,1
0.39258,1,1
0.39624,1,1
0.36489,1,1
0.35047,1,1
0.34699,1,1
0.33494,1,1
0.32295,1,1
0.30323,0,0
0.27601,0,0
0.24287,0,0
0.26684,0,0
0.2554,0,0
0.25285,0,0
0.28384,0,0
0.34675,1,1
0.35735,1,1
0.31703,0,0
0.2679,0,0
0.21729,0,0
0.18739,0,0
0.17841,0,0
0.18304,0,0
0.20543,0,0
0.24657,0,0
0.31063,0,0
0.368,1,1
0.38485,1,1
0.37004,1,1
0.33452,1,1
0.31262,0,0
0.30055,0,0
0.29456,0,0
0.29056,0,0
0.32931,1,1
0.41844,1,1
0.51589,1,1
0.6103,1,1
0.62462,1,1
0.55672,1,1
0.48557,1,1
0.41402,1,1
0.36155,1,1
0.33102,1,1
0.29917,0,0
0.26764,0,0
0.24227,0,0
0.22858,0,0
0.21515,0,0
0.20217,0,0
0.1957,0,0
0.19692,0,0
0.19815,0,0
0.1994,0,0
0.1946,0,0
0.18478,0,0
0.17482,0,0
0.16474,0,0
0.17532,0,0
0.20745,0,0
0.24211,0,0
0.279,0,0
0.34543,1,1
0.43002,1,1
0.52503,1,1
0.62853,1,1
0.6587,1,1
0.6142,1,1
0.57062,1,1
0.52399,1,1
0.45616,1,1
0.37076,1,1
0.29179,1,1
0.22938,1,1
0.17419,0,0
0.14609,0,0
0.11793,0,0
0.09248,0,0
0.08059,0,0
0.07688,0,0
0.07342,0,0
0.06968,0,0
0.06761,0,0
0.0672,0,0
0.0668,0,0
0.06641,0,0
0.07226,0,0
0.0847,0,0
0.09701,0,0
0.11346,0,0
0.10271,0,0
0.07563,0,0
0.05167,0,0
0.03776,0,0
0.0407,0,0
0.06324,0,0
0.08091,0,0
0.09406,0,0
0.11755,0,0
0.15368,0,0
0.18536,0,0
0.21326,0,0
0.24154,1,1
0.26941,1,1
0.27529,1,1
0.25889,1,1
0.23931,1,1
0.21639,0,1
0.22378,1,1
0.26197,1,1
0.30807,1,1
0.36245,1,1
0.35599,1,1
0.2892,1,1
0.23201,1,1
0.18421,0,0
0.16368,0,0
0.16896,0,0
0.17205,0,0
0.17351,0,0
0.15322,0,0
0.11312,0,0
0.08357,0,0
0.06311,0,0
0.05012,0,0
0.04479,0,0
0.04011,0,0
0.03575,0,0
0.02581,0,0
0.01135,0,0
0.00518,0,0
0.00996,0,0
0.01635,0,0
0.0228,0,0
0.02933,0,0
0.03733,0,0
0.0476,0,0
0.05783,0,0
0.05164,0,0
0.03055,0,0
0.01564,0,0
0.00483,0,0
0.00344,0,0
0.00385,0,0
0.00427,0,0
0.00468,0,0
0.00429,0,0
0.0031,0,0
0.00188,0,0
0.00066,0,0
0.0,0,0
0.0,0,0
0.0,0,0
0.0,0,0
0.0,0,0
0.0,0,0
0.0,0,0
0.0,0,0
0.0,0,0
0.0,0,0
0.0,0,0
0.0,0,0
0.0,0,0
0.0,0,0
0.0,0,0
0.0,0,0
0.0,0,0
0.0,0,0
0.0,0,0
0.00031,0,0
0.00268,0,0
0.00581,0,0
0.01315,0,0
0.02807,0,0
0.03281,0,0
0.02767,0,0
0.02253,0,0
0.01755,0,0
0.0191,0,0
0.02695,0,0
0.03454,0,0
0.04246,0,0
0.05338,0,0
0.06364,0,0
0.07359,0,0
0.08367,0,0
0.08849,0,0
0.0891,0,0
0.08989,0,0
0.09078,0,0
0.14121,1,1
0.25617,1,1
0.28789,1,1
0.21859,1,1
0.17974,1,1
0.17889,1,1
0.18747,1,1
0.20433,1,1
0.21814,1,1
0.22755,1,1
0.22872,1,1
0.22134,1,1
0.20579,1,1
0.1864,1,1
0.17913,1,1
0.18913,1,1
0.21999,1,1
0.26055,1,1
0.24512,1,1
0.17516,1,1
0.13015,1,1
0.10815,1,1
0.09808,0,1
0.10029,1,1
0.09994,0,1
0.10011,1,1
0.08911,0,0
0.06693,0,0
0.0441,0,0
0.02147,0,0
0.01106,0,0
0.0124,0,0
0.01066,0,0
0.00606,0,0
0.00345,0,0
0.00216,0,0
0.00281,0,0
0.00373,0,0
0.00462,0,0
0.00551,0,0
0.0159,0,0
0.03308,0,0
0.05933,0,0
0.09006,0,0
0.10002,0,0
0.08345,0,0
0.06893,0,0
0.05661,0,0
0.04569,0,0
0.03593,0,0
0.02869,0,0
0.02235,0,0
0.01833,0,0
0.0166,0,0
0.01484,0,0
0.01304,0,0
0.01854,0,0
0.03145,0,0
0.04952,0,0
0.07039,0,0
0.07145,0,0
0.05194,0,0
0.03401,0,0
0.02061,0,0
0.01381,0,0
0.01395,0,0
0.01405,0,0
0.0142,0,0
0.01377,0,0
0.01285,0,0
0.01186,0,0
0.01084,0,0
0.0065,0,0
0.00325,0,0
0.0,0,0
0.0,0,0
0.0,0,0
0.0,0,0
0.0,0,0
0.0,0,0
0.0,0,0
0.0,0,0
0.0,0,0
0.0,0,0
0.0,0,0
0.0,0,0
0.0,0,0
0.0,0,0
0.0,0,0
0.0,0,0
0.0,0,0
0.0,0,0
0.00973,0,0
0.03345,0,0
0.06194,0,0
0.09504,0,0
0.13748,0,0
0.19158,0,0
0.23897,0,0
0.27867,0,0
0.32343,0,0
0.37409,1,1
0.41605,1,1
0.44933,1,1
0.49002,1,1
0.53753,1,1
0.56448,1,1
0.57018,1,1
0.58392,1,1
0.60533,1,1
0.61211,1,1
0.60404,1,1
0.60009,1,1
0.59856,1,1
0.58751,1,1
0.56444,1,1
0.54471,1,1
0.52786,1,1
0.51376,1,1
0.50434,1,1
0.49366,1,1
0.48397,1,1
0.45679,1,1
0.41653,1,1
0.38044,1,1
0.35007,0,0
0.30063,0,0
0.23816,0,0
0.19714,0,0
0.17195,0,0
0.10764,0,0
0.0277,0,0
0.0,0,0
0.0,0,0
0.0,0,0
0.0,0,0
0.0,0,0
0.0,0,0
0.0,0,0
0.0,0,0
0.0,0,0
0.0,0,0
0.0,0,0
0.00022,0,0
0.00153,0,0
0.00304,0,0
0.00457,0,0
0.00778,0,0
0.01013,0,0
0.00747,0,0
0.00563,0,0
0.0051,0,0
0.00506,0,0
0.00553,0,0
0.00599,0,0
0.0075,0,0
0.00764,0,0
0.00633,0,0
0.00606,0,0
0.00578,0,0
0.00586,0,0
0.00634,0,0
0.00681,0,0
0.00846,0,0
0.01133,0,0
0.01485,0,0
0.01845,0,0
0.02212,0,0
0.02528,0,0
0.02792,0,0
0.03051,0,0
0.03313,0,0
0.04185,0,0
0.06367,0,0
0.08674,0,0
0.11316,0,0
0.1341,0,0
0.1446,0,0
0.1551,0,0
0.16562,0,0
0.17292,0,0
0.17634,0,0
0.18366,0,0
0.19168,0,0
0.19437,0,0
0.19251,0,0
0.19131,0,0
0.18951,0,0
0.20173,0,0
0.22946,0,0
0.25607,0,0
0.28212,1,1
0.27981,1,1
0.2504,0,0
0.22968,0,0
0.21901,0,0
0.22183,0,0
0.23853,0,0
0.23644,0,0
0.21052,0,0
0.18323,0,0
0.16343,0,0
0.15462,0,0
0.14881,0,0
0.15706,0,0
0.17015,0,0
0.16113,0,0
0.13115,0,0
0.10852,0,0
0.09197,0,0
0.08372,0,0
0.08342,0,0
0.0807,0,0
0.07532,0,0
0.0753,0,0
0.08057,0,0
0.0864,0,0
0.09566,0,0
0.10497,0,0
0.10907,0,0
0.12675,0,0
0.15325,0,0
0.16975,0,0
0.17387,0,0
0.16649,0,0
0.13603,0,0
0.11878,0,0
0.10977,0,0
0.11189,0,0
0.12572,0,0
0.14861,0,0
0.17308,0,0
0.20971,0,0
0.26916,1,1
0.33778,1,1
0.41192,1,1
0.46796,1,1
0.49534,1,1
0.52316,1,1
0.55143,1,1
0.55444,1,1
0.53176,1,1
0.50896,1,1
0.48602,1,1
0.48872,1,1
0.51607,1,1
0.54373,1,1
0.5717,1,1
0.57494,1,1
0.55302,1,1
0.53085,1,1
0.50843,1,1
0.45762,1,1
0.38628,1,1
0.31789,1,1
0.25599,0,1
0.21506,1,1
0.1862,1,1
0.15833,1,1
0.14245,1,1
0.13982,1,1
0.15067,1,1
0.16173,1,1
0.17815,1,1
0.16884,1,1
0.14803,1,1
0.12704,1,1
0.10598,0,0
0.08105,0,0
0.05132,0,0
0.0293,0,0
0.01022,0,0
0.0058,0,0
0.0053,0,0
0.0048,0,0
0.0043,0,0
0.00453,0,0
0.00551,0,0
0.00646,0,0
0.00768,0,0
0.0128,0,0
0.01839,0,0
0.02388,0,0
0.02925,0,0
0.03063,0,0
0.0294,0,0
0.02786,0,0
0.0263,0,0
0.0278,0,0
0.03216,0,0
0.04088,0,0
0.05351,0,0
0.07226,0,0
0.09667,0,0
0.12171,1,1
0.15137,1,1
0.17056,1,1
0.1806,1,1
0.1801,1,1
0.17091,1,1
0.16868,1,1
0.17078,1,1
0.16544,1,1
0.15303,1,1
0.14724,1,1
0.14784,1,1
0.13803,1,1
0.11928,0,0
0.09195,0,0
0.05947,0,0
0.03861,0,0
0.0351,0,0
0.02752,0,0
0.01606,0,0
0.01749,0,0
0.03201,0,0
0.0475,0,0
0.07003,0,0
0.07841,0,0
0.07215,0,0
0.06277,0,0
0.04997,0,0
0.03441,0,0
0.0161,0,0
0.00512,0,0
0.00389,0,0
0.00265,0,0
0.0014,0,0
0.00149,0,0
0.00296,0,0
0.00444,0,0
0.00752,0,0
0.012,0,0
0.01383,0,0
0.01573,0,0
0.01766,0,0
0.01503,0,0
0.00782,0,0
0.00464,0,0
0.00311,0,0
0.00187,0,0
0.00091,0,0
0.0,0,0
0.0,0,0
0.0,0,0
0.00024,0,0
0.00144,0,0
0.00266,0,0
0.00353,0,0
0.00402,0,0
0.00454,0,0
0.00509,0,0
0.00593,0,0
0.00861,0,0
0.01399,0,0
0.01946,0,0
0.0223,0,0
0.02251,0,0
0.02266,0,0
0.02288,0,0
0.02583,0,0
0.03173,0,0
0.03763,0,0
0.04484,0,0
0.04694,0,0
0.04175,0,0
0.03841,0,0
0.03505,0,0
0.02922,0,0
0.02114,0,0
0.01295,0,0
0.00679,0,0
0.0053,0,0
0.00404,0,0
0.00281,0,0
0.0016,0,0
0.00064,0,0
0.0,0,0
0.0,0,0
0.0,0,0
0.0011,0,0
0.00504,0,0
0.00956,0,0
0.01401,0,0
0.02047,0,0
0.02505,0,0
0.03588,0,0
0.05318,0,0
0.07131,0,0
0.08632,1,1
0.10028,1,1
0.11272,1,1
0.11223,1,1
0.09901,1,1
0.08279,0,0
0.06018,0,0
0.05124,0,0
0.05397,0,0
0.05998,0,0
0.06868,0,0
0.07182,0,0
0.06709,0,0
0.06197,0,0
0.05574,0,0
0.05466,0,0
0.05859,0,0
0.06486,0,0
0.07498,0,0
0.08989,1,1
0.11023,1,1
0.13281,1,1
0.15169,1,1
0.16616,1,1
0.16241,1,1
0.15857,1,1
0.15544,1,1
0.14578,1,1
0.13131,1,1
0.12036,1,1
0.10915,1,1
0.0941,1,1
0.07471,0,0
0.05946,0,0
0.04486,0,0
0.03556,0,0
0.0316,0,0
0.02905,0,0
0.02649,0,0
0.0222,0,0
0.01609,0,0
0.00994,0,0
0.00524,0,0
0.00489,0,0
0.00547,0,0
0.00737,0,0
0.01013,0,0
0.01662,0,0
0.02689,0,0
0.0393,0,0
0.05555,0,0
0.06905,0,0
0.08053,0,0
0.09522,1,1
0.11007,1,1
0.11751,1,1
0.1167,1,1
0.11584,1,1
0.11529,1,1
0.10901,0,0
0.0977,0,0
0.08728,0,0
0.079,0,0
0.06745,0,0
0.05244,0,0
0.03845,0,0
0.02868,0,0
0.02369,0,0
0.02394,0,0
0.0241,0,0
0.02427,0,0
0.01553,0,0
0.0054,0,0
0.00168,0,0
0.0,0,0
0.0,0,0
0.0,0,0
0.0,0,0
0.0,0,0
0.0,0,0
0.00042,0,0
0.00262,0,0
0.00479,0,0
0.00476,0,0
0.00256,0,0
0.00041,0,0
0.0,0,0
0.01079,0,0
0.03763,0,0
0.06102,0,0
0.07276,0,0
0.08509,0,0
0.10022,0,0
0.11119,0,0
0.11835,0,0
0.12694,0,0
0.13742,0,0
0.13962,0,0
0.13352,0,0
0.1293,0,0
0.12637,0,0
0.13419,0,0
0.15732,0,0
0.17786,0,0
0.20229,0,0
0.22863,1,1
0.26228,1,1
0.2982,1,1
0.33601,1,1
0.31579,1,1
0.24075,1,1
0.18221,0,0
0.1395,0,0
0.10945,0,0
0.09559,0,0
0.0791,0,0
0.07321,0,0
0.08196,0,0
0.09347,0,0
0.11194,0,0
0.13664,0,0
0.18095,0,0
0.2256,1,1
0.2338,1,1
0.20548,0,0
0.17248,0,0
0.13557,0,0
0.12452,0,0
0.12894,0,0
0.1359,0,0
0.14313,0,0
0.1439,0,0
0.13736,0,0
0.13173,0,0
0.12823,0,0
0.13282,0,0
0.15457,0,0
0.17729,0,0
0.20039,0,0
0.21782,1,1
0.22871,1,1
0.24026,1,1
0.25365,1,1
0.26893,1,1
0.28502,1,1
0.30119,1,1
0.31747,1,1
0.3451,1,1
0.38343,1,1
0.42597,1,1
0.47303,1,1
0.49438,1,1
0.48938,1,1
0.48406,1,1
0.4784,1,1
0.52243,1,1
0.61647,1,1
0.7116,1,1
0.80117,1,1
0.77202,1,1
0.61462,1,1
0.45558,1,1
0.31702,0,0
0.24196,0,0
0.19825,0,0
0.16287,0,0
0.13904,0,0
0.12288,0,0
0.11521,0,0
0.10791,0,0
0.10021,0,0
0.10797,0,0
0.13168,0,0
0.15501,0,0
0.17859,0,0
0.18966,0,0
0.17267,0,0
0.16131,0,0
0.1501,0,0
0.15286,0,0
0.16874,0,0
0.19715,0,0
0.22694,0,0
0.24048,0,0
0.23809,0,0
0.23607,0,0
0.23428,0,0
0.23702,0,0
0.24248,0,0
0.24792,0,0
0.25263,0,0
0.25098,0,0
0.24363,0,0
0.2712,0,0
0.3351,0,0
0.4016,1,1
0.46646,1,1
0.5053,1,1
0.51573,1,1
0.5744,1,1
0.67977,1,1
0.74104,1,1
0.76999,1,1
0.8022,1,1
0.838,1,1
0.83998,1,1
0.81388,1,1
0.7483,1,1
0.64248,1,1
0.5479,1,1
0.46538,1,1
0.39728,1,1
0.36164,0,0
0.34185,0,0
0.33628,0,0
0.34751,0,0
0.35846,0,0
0.32833,0,0
0.26593,0,0
0.21843,0,0
0.18078,0,0
0.15166,0,0
0.13164,0,0
0.13126,0,0
0.15196,0,0
0.17387,0,0
0.19549,0,0
0.20491,0,0
0.20256,0,0
0.19964,0,0
0.1967,0,0
0.21042,0,0
0.24056,0,0
0.28152,0,0
0.32415,0,0
0.33641,0,0
0.31775,0,0
0.298,0,0
0.27893,0,0
0.26148,0,0
0.24921,0,0
0.23799,0,0
0.22743,0,0
0.23576,0,0
0.26582,0,0
0.30504,0,0
0.34476,0,0
0.35725,0,0
0.34065,0,0
0.32454,0,0
0.30778,0,0
0.2885,1,1
0.27244,1,1
0.25737,1,1
0.24208,0,0
0.23025,0,0
0.22028,0,0
0.21075,0,0
0.20088,0,0
0.18303,0,0
0.16621,0,0
0.15242,0,0
0.13781,0,0
0.11855,0,0
0.09658,0,0
0.07927,0,0
0.06172,0,0
0.04793,0,0
0.04023,0,0
0.03392,0,0
0.0277,0,0
0.02564,0,0
0.02754,0,0
0.02929,0,0
0.03107,0,0
0.0291,0,0
0.02338,0,0
0.01778,0,0
0.01218,0,0
0.02068,0,0
0.04441,0,0
0.06768,0,0
0.09026,0,0
0.11137,0,0
0.12688,0,0
0.1535,0,0
0.19468,0,0
0.2258,0,0
0.24936,0,0
0.27379,1,1
0.29678,1,1
0.30304,1,1
0.29053,1,1
0.29184,1,1
0.30785,1,1
0.33562,1,1
0.37488,1,1
0.3313,1,1
0.20821,0,0
0.12499,0,0
0.08106,0,0
0.08206,0,0
0.12545,0,0
0.1774,0,0
0.23819,0,0
0.26052,1,0
0.23758,0,0
0.21099,0,0
0.18115,0,0
0.18307,0,0
0.21471,0,0
0.25649,1,1
0.30692,1,1
0.33264,1,1
0.33228,1,1
0.33561,1,1
0.34483,1,1
0.34285,1,1
0.33277,1,1
0.31977,1,1
0.29709,1,1
0.27415,1,1
0.25179,0,0
0.21571,0,0
0.1725,0,0
0.12904,0,0
0.10485,0,0
0.08185,0,0
0.06334,0,0
0.04707,0,0
0.03124,0,0
0.0274,0,0
0.03023,0,0
0.03317,0,0
0.03765,0,0
0.03797,0,0
0.03395,0,0
0.0315,0,0
0.02898,0,0
0.02341,0,0
0.01479,0,0
0.00616,0,0
0.00432,0,0
0.00312,0,0
0.00253,0,0
0.00192,0,0
0.00128,0,0
0.00153,0,0
0.00269,0,0
0.00386,0,0
0.00505,0,0
0.00652,0,0
0.0126,0,0
0.02093,0,0
0.02945,0,0
0.03572,0,0
0.03985,0,0
0.04396,0,0
0.05016,0,0
0.06217,0,0
0.07963,0,0
0.09676,0,0
0.11845,0,0
0.13783,0,0
0.15206,0,0
0.16601,0,0
0.18302,0,0
0.19426,0,0
0.19043,0,0
0.18675,0,0
0.18321,0,0
0.18155,0,0
0.18106,0,0
0.18058,0,0
0.18068,0,0
0.20232,0,0
0.25881,0,0
0.33094,0,0
0.419,0,0
0.47031,0,0
0.46394,0,0
0.51673,0,0
0.63926,0,0
0.74077,0,0
0.81628,0,0
0.8643,1,1
0.88853,1,1
0.89993,1,1
0.90238,1,1
0.88418,1,1
0.84811,1,1
0.86568,1,1
0.9358,1,1
1.01088,1,1
1.08402,1,1
1.2018,1,1
1.35959,1,1
1.4944,1,1
1.59689,1,1
1.61803,1,1
1.58893,1,1
1.53802,1,1
1.45234,1,1
1.38534,1,1
1.33072,1,1
1.26391,1,1
1.18455,1,1
1.07456,1,1
0.9315,1,1
0.79404,0,0
0.65184,0,0
0.5841,0,0
0.58668,0,0
0.53925,0,0
0.47041,0,0
0.42398,0,0
0.37926,0,0
0.34103,0,0
0.30497,0,0
0.28091,0,0
0.26814,0,0
0.25528,0,0
0.24172,0,0
0.23623,0,0
0.23701,0,0
0.23841,0,0
0.23982,0,0
0.25769,0,0
0.29231,0,0
0.32822,0,0
0.36377,0,0
0.37421,0,0
0.35895,0,0
0.34334,0,0
0.32735,0,0
0.33886,0,0
0.37779,0,0
0.41995,0,0
0.46934,0,0
0.49085,0,0
0.48476,0,0
0.4783,0,0
0.47144,0,0
0.49368,1,1
0.54388,1,1
0.59609,1,1
0.6487,1,1
0.62807,1,1
0.53238,1,1
0.44251,1,1
0.36077,0,0
0.36472,0,0
0.45562,1,1
0.55826,1,1
0.67069,1,1
0.66184,1,1
0.53216,1,1
0.41986,1,1
0.31256,0,0
0.27414,0,0
0.27434,0,0
0.27356,0,0
0.27376,0,0
0.27065,0,0
0.26429,0,0
0.25711,0,0
0.25094,0,0
0.18831,0,0
0.11524,0,0
0.06234,0,0
0.02478,0,0
0.01993,0,0
0.04343,0,0
0.07013,0,0
0.09961,0,0
0.12204,0,0
0.13791,0,0
0.15882,0,0
0.18939,0,0
0.22352,0,0
0.26071,0,0
0.28956,0,0
0.30852,0,0
0.33794,0,0
0.37866,0,0
0.38357,1,0
0.35082,0,0
0.31357,0,0
0.27073,0,0
0.27507,0,0
0.32423,0,0
0.36403,0,0
0.39444,1,1
0.41611,1,1
0.4286,1,1
0.44588,1,1
0.46974,1,1
0.47228,1,1
0.45621,1,1
0.45038,1,1
0.45323,1,1
0.42338,1,1
0.36394,0,0
0.31313,0,0
0.26833,0,0
0.23341,0,0
0.20362,0,0
0.18725,0,0
0.17939,0,0
0.12079,0,0
0.03743,0,0
0.01264,0,0
0.02319,0,0
0.03496,0,0
0.05166,0,0
0.06975,0,0
0.09546,0,0
0.12275,0,0
0.16531,0,0
0.16983,0,0
0.13089,0,0
0.10824,0,0
0.08555,0,0
0.07715,0,0
0.08341,0,0
0.08997,0,0
0.09633,0,0
0.09088,0,0
0.07432,0,0
0.06119,0,0
0.04796,0,0
0.04151,0,0
0.04191,0,0
0.04231,0,0
0.04272,0,0
0.04352,0,0
0.04463,0,0
0.04579,0,0
0.04702,0,0
0.05112,0,0
0.05846,0,0
0.06568,0,0
0.07296,0,0
0.06644,0,0
0.04574,0,0
0.03068,0,0
0.01701,0,0
0.00646,0,0
0.00353,0,0
0.00055,0,0
0.0,0,0
0.0,0,0
0.0,0,0
0.00043,0,0
0.00223,0,0
0.00274,0,0
0.00197,0,0
0.00121,0,0
0.00044,0,0
0.00043,0,0
0.00119,0,0
0.00195,0,0
0.00269,0,0
0.00242,0,0
0.00116,0,0
0.0,0,0
0.0,0,0
0.01264,0,0
0.04447,0,0
0.08393,0,0
0.12979,0,0
0.16794,0,0
0.19307,1,1
0.20433,1,1
0.19704,1,1
0.18615,1,1
0.17166,0,0
0.16887,0,0
0.18121,1,1
0.18402,1,1
0.18518,1,1
0.19213,1,1
0.2279,1,1
0.28453,1,1
0.32832,1,1
0.3405,1,1
0.32377,1,1
0.31523,1,1
0.3158,1,1
0.31655,1,1
0.3164,1,1
0.32461,1,1
0.34032,1,1
0.32588,1,1
0.283,1,1
0.25523,1,1
0.24245,1,1
0.19944,1,1
0.1301,0,0
0.08476,0,0
0.06089,0,0
0.04732,0,0
0.0443,0,0
0.03978,0,0
0.0341,0,0
0.02318,0,0
0.0074,0,0
0.0,0,0
0.0,0,0
0.0,0,0
0.0,0,0
0.0,0,0
0.0,0,0
0.0,0,0
0.0,0,0
0.0,0,0
0.0,0,0
0.0,0,0
0.0,0,0
0.0,0,0
0.0,0,0
0.0,0,0
0.0,0,0
0.0,0,0
0.0,0,0
0.0,0,0
0.0,0,0
0.0,0,0
0.0,0,0
0.0,0,0
0.0,0,0
0.0,0,0
0.0,0,0
0.0,0,0
0.0,0,0
0.0,0,0
0.0,0,0
0.0,0,0
0.0,0,0
0.0,0,0
0.0,0,0
0.0,0,0
0.0,0,0
0.0,0,0
0.0,0,0
0.0,0,0
0.0,0,0
0.0,0,0
0.0,0,0
0.0,0,0
0.0,0,0
0.0,0,0
0.0,0,0
0.0,0,0
0.0,0,0
0.0,0,0
0.0,0,0
0.0,0,0
0.0,0,0
0.0,0,0
0.0,0,0
0.0,0,0
0.0,0,0
0.00471,0,0
0.01455,0,0
0.0244,0,0
0.03417,0,0
0.03094,0,0
0.01532,0,0
0.02317,0,0
0.05369,0,0
0.07962,0,0
0.1011,0,0
0.11569,0,0
0.12363,0,0
0.13577,1,1
0.15211,1,1
0.16362,1,1
0.16956,1,1
0.17749,1,1
0.1872,1,1
0.18512,1,1
0.17122,1,1
0.1587,1,1
0.14647,1,1
0.14653,1,1
0.15864,1,1
0.16628,1,1
0.16932,1,1
0.18006,1,1
0.19764,1,1
0.21721,1,1
0.23807,1,1
0.23589,1,1
0.21169,1,1
0.19506,1,1
0.18498,1,1
0.16208,1,1
0.12891,1,1
0.1042,0,0
0.08646,0,0
0.05543,0,0
0.0164,0,0
0.0,0,0
0.0,0,0
0.0,0,0
0.0,0,0
0.0,0,0
0.0,0,0
0.0,0,0
0.0,0,0
0.0,0,0
0.0,0,0
0.0,0,0
0.0,0,0
0.0,0,0
0.0,0,0
0.0,0,0
0.0,0,0
0.00015,0,0
0.00036,0,0
0.00058,0,0
0.00079,0,0
0.00166,0,0
0.00318,0,0
0.00472,0,0
0.00629,0,0
0.00661,0,0
0.00562,0,0
0.0046,0,0
0.00352,0,0
0.00357,0,0
0.00479,0,0
0.00603,0,0
0.00728,0,0
0.00672,0,0
0.00431,0,0
0.00182,0,0
0.0,0,0
0.0,0,0
0.0,0,0
0.0,0,0
0.0,0,0
0.0,0,0
0.0,0,0
0.0,0,0
0.0,0,0
0.0,0,0
0.0,0,0
0.0,0,0
0.0,0,0
0.0,0,0
0.0,0,0
0.0,0,0
0.0,0,0
0.0,0,0
0.00107,0,0
0.0031,0,0
0.00509,0,0
0.01505,0,0
0.03373,0,0
0.037,0,0
0.02507,0,0
0.01502,0,0
0.01028,0,0
0.00919,0,0
0.02367,0,0
0.04118,0,0
0.04595,0,0
0.06768,0,0
0.10604,1,1
0.15017,1,1
0.20021,1,1
0.22869,1,1
0.23585,1,1
0.24844,1,1
0.26674,1,1
0.28385,1,1
0.30159,1,1
0.32658,1,1
0.35984,1,1
0.36147,1,1
0.33355,1,1
0.31991,1,1
0.31935,1,1
0.29911,1,1
0.25831,1,1
0.22,1,1
0.18335,1,1
0.16255,1,1
0.15524,1,1
0.14533,1,1
0.13299,1,1
0.11397,1,1
0.08899,0,0
0.06595,0,0
0.04941,0,0
0.03219,0,0
0.01035,0,0
4e-05,0,0
4e-05,0,0
4e-05,0,0
4e-05,0,0
0.00034,0,0
0.00095,0,0
0.00155,0,0
0.00216,0,0
0.00187,0,0
0.00066,0,0
0.0,0,0
0.0,0,0
0.0,0,0
0.0,0,0
0.0,0,0
0.0,0,0
0.0,0,0
0.0,0,0
0.0,0,0
0.0,0,0
0.0,0,0
0.0,0,0
0.0,0,0
0.0,0,0
0.0,0,0
0.0,0,0
0.0,0,0
0.0,0,0
0.0,0,0
0.0,0,0
0.0,0,0
0.0,0,0
0.0,0,0
0.0,0,0
0.0,0,0
0.0,0,0
0.0,0,0
0.0,0,0
0.00197,0,0
0.00483,0,0
0.00655,0,0
0.0071,0,0
0.00765,0,0
0.00946,0,0
0.00689,0,0
0.00372,0,0
0.00058,0,0
0.0,0,0
0.0,0,0
0.0,0,0
0.0,0,0
0.0,0,0
0.0,0,0
0.0,0,0
0.0,0,0
0.0,0,0
0.00624,0,0
0.01931,0,0
0.0324,0,0
0.04553,0,0
0.05019,0,0
0.04674,0,0
0.05514,0,0
0.07495,0,0
0.09362,0,0
0.11107,0,0
0.12253,0,0
0.12808,0,0
0.13691,1,1
0.1493,1,1
0.15291,1,1
0.14834,1,1
0.14541,1,1
0.14149,1,1
0.14117,1,1
0.14436,1,1
0.1542,1,1
0.17059,1,1
0.18134,1,1
0.19067,1,1
0.19013,1,1
0.18071,1,1
0.16566,1,1
0.1471,1,1
0.13956,1,1
0.14238,1,1
0.14359,1,1
0.14106,1,1
0.13026,0,0
0.11081,0,0
0.09627,0,0
0.08659,0,0
0.07865,0,0
0.07228,0,0
0.0589,0,0
0.03713,0,0
0.03245,0,0
0.04933,0,0
0.06715,0,0
0.08754,0,0
0.10605,0,0
0.11891,0,0
0.13155,1,1
0.14737,1,1
0.14827,1,1
0.13396,1,1
0.12222,0,0
0.11001,0,0
0.10435,0,0
0.10469,0,0
0.10503,0,0
0.10537,0,0
0.10036,0,0
0.09023,0,0
0.08087,0,0
0.07343,0,0
0.06249,0,0
0.04842,0,0
0.03527,0,0
0.02612,0,0
0.02532,0,0
0.03322,0,0
0.04267,0,0
0.05548,0,0
0.06237,0,0
0.06281,0,0
0.06326,0,0
0.06371,0,0
0.07072,0,0
0.08458,0,0
0.09884,0,0
0.11795,0,0
0.12493,0,0
0.118,0,0
0.11096,0,0
0.10381,0,0
0.1163,0,0
0.14855,0,0
0.18149,0,0
0.23704,0,0
0.28239,0,0
0.313,0,0
0.35221,0,0
0.39609,0,0
0.42797,0,0
0.44629,0,0
0.46562,0,0
0.48277,0,0
0.51759,0,0
0.56815,0,0
0.62049,0,0
0.6706,0,0
0.6979,0,0
0.70545,0,0
0.7132,0,0
0.72106,0,0
0.72282,0,0
0.72524,0,0
0.68941,0,0
0.61237,0,0
0.6131,0,0
0.69642,0,0
0.77697,0,0
0.85038,1,1
0.86173,1,1
0.81875,1,1
0.77871,0,0
0.74626,0,0
0.71091,0,0
0.6734,0,0
0.62853,0,0
0.57647,0,0
0.58903,0,0
0.66699,0,0
0.74657,0,0
0.82349,1,1
0.89576,1,1
0.95478,1,1
1.01248,1,1
1.06776,1,1
1.10005,1,1
1.11475,1,1
1.11287,1,1
1.09778,1,1
1.04396,1,1
0.9513,1,1
0.84772,1,1
0.74257,0,0
0.65658,0,0
0.59148,0,0
0.52132,0,0
0.44706,0,0
0.48703,0,0
0.63121,0,0
0.76668,0,0
0.88805,1,1
0.97759,1,1
1.04399,1,1
1.08898,1,1
1.13403,1,1
1.12044,1,1
1.0373,1,1
0.91747,1,1
0.79272,1,1
0.70916,0,0
0.67805,0,0
0.64466,0,0
0.61102,0,0
0.56639,0,0
0.50737,0,0
0.44854,0,0
0.39407,0,0
0.4144,0,0
0.52056,0,0
0.63186,0,0
0.73946,0,0
0.75899,0,0
0.68983,0,0
0.61384,0,0
0.53109,0,0
0.54048,0,0
0.64467,0,0
0.74982,1,1
0.85055,1,1
0.84542,1,1
0.72968,0,0
0.60223,0,0
0.4811,0,0
0.44441,0,0
0.47725,0,0
0.51088,0,0
0.54533,0,0
0.55139,0,0
0.53058,0,0
0.50779,0,0
0.48513,0,0
0.50827,0,0
0.58018,0,0
0.6576,0,0
0.73616,0,0
0.85652,1,1
1.01469,1,1
1.15005,1,1
1.27877,1,1
1.30146,1,1
1.22252,1,1
1.14399,1,1
1.06636,1,1
1.00511,1,1
0.97968,1,1
0.93621,1,1
0.86422,1,1
0.8594,1,1
0.91941,1,1
0.97994,1,1
1.03597,1,1
1.02074,1,1
0.93278,1,1
0.85815,1,1
0.79744,1,1
0.74814,1,1
0.70595,0,0
0.6549,0,0
0.58649,0,0
0.55722,0,0
0.55542,0,0
0.52942,0,0
0.483,0,0
0.43995,0,0
0.40084,0,0
0.42029,0,0
0.49795,0,0
0.56877,0,0
0.63815,0,0
0.61192,0,0
0.49453,0,0
0.41215,0,0
0.36622,0,0
0.33389,0,0
0.31765,0,0
0.28745,0,0
0.24533,0,0
0.20394,0,0
0.16349,0,0
0.1289,0,0
0.09717,0,0
0.07146,0,0
0.05135,0,0
0.03635,0,0
0.02868,0,0
0.02176,0,0
0.01496,0,0
0.01349,0,0
0.01724,0,0
0.02108,0,0
0.02489,0,0
0.03342,0,0
0.05392,0,0
0.07499,0,0
0.10231,0,0
0.11211,0,0
0.1028,0,0
0.09305,0,0
0.08318,0,0
0.06872,0,0
0.04758,0,0
0.02976,0,0
0.01586,0,0
0.01135,0,0
0.01658,0,0
0.02188,0,0
0.02732,0,0
0.02776,0,0
0.02317,0,0
0.01827,0,0
0.01299,0,0
0.01202,0,0
0.01566,0,0
0.01925,0,0
0.02284,0,0
0.03024,0,0
0.04169,0,0
0.05805,0,0
0.07652,0,0
0.084,0,0
0.08066,0,0
0.07699,0,0
0.07356,0,0
0.08091,0,0
0.09906,0,0
0.12139,1,1
0.14686,1,1
0.14964,1,1
0.13019,1,1
0.11074,1,1
0.09576,0,0
0.08122,0,0
0.06653,0,0
0.05227,0,0
0.04088,0,0
0.03488,0,0
0.03199,0,0
0.02928,0,0
0.0265,0,0
0.03058,0,0
0.04125,0,0
0.05747,0,0
0.07421,0,0
0.09803,0,0
0.12965,1,1
0.14742,1,1
0.15181,1,1
0.15292,1,1
0.15142,1,1
0.16303,1,1
0.18738,1,1
0.22143,1,1
0.2661,1,1
0.27406,1,1
0.24387,1,1
0.23258,1,1
0.2402,1,1
0.21373,1,1
0.15371,1,1
0.09608,0,0
0.04022,0,0
0.0291,0,0
0.05933,0,0
0.08578,0,0
0.10895,0,0
0.11384,1,0
0.1006,0,0
0.09479,0,0
0.09308,0,0
0.08361,0,0
0.06586,0,0
0.04536,0,0
0.02496,0,0
0.01628,0,0
0.01859,0,0
0.01938,0,0
0.01857,0,0
0.01414,0,0
0.00619,0,0
0.0038,0,0
0.00786,0,0
0.02056,0,0
0.03335,0,0
0.03843,0,0
0.03267,0,0
0.02782,0,0
0.023,0,0
0.01963,0,0
0.01774,0,0
0.01582,0,0
0.01387,0,0
0.01242,0,0
0.01143,0,0
0.01043,0,0
0.00942,0,0
0.00945,0,0
0.01056,0,0
0.01165,0,0
0.01278,0,0
0.01926,0,0
0.03109,0,0
0.04548,0,0
0.06415,0,0
0.08403,0,0
0.11015,1,1
0.14035,1,1
0.17227,1,1
0.22498,1,1
0.27748,1,1
0.33331,1,1
0.40698,1,1
0.44322,1,1
0.44158,1,1
0.4399,1,1
0.43654,1,1
0.39672,1,1
0.32273,1,1
0.26494,1,1
0.20619,1,1
0.19124,0,1
0.21564,1,1
0.24132,1,1
0.26807,1,1
0.25015,1,1
0.1909,0,0
0.15693,0,0
0.12295,0,0
0.09324,0,0
0.06588,0,0
0.0419,0,0
0.02474,0,0
0.01877,0,0
0.02375,0,0
0.02865,0,0
0.03349,0,0
0.04925,0,0
0.08382,0,0
0.10885,0,0
0.11099,0,0
0.10075,0,0
0.08677,0,0
0.08745,0,0
0.09905,0,0
0.09977,0,0
0.09042,0,0
0.09265,0,0
0.10609,0,0
0.11404,0,0
0.11698,0,0
0.13397,0,0
0.1612,0,0
0.24793,1,1
0.39338,1,1
0.40844,1,1
0.29762,1,1
0.19515,0,0
0.15855,0,0
0.15532,0,0
0.17518,0,0
0.20186,1,1
0.23555,1,1
0.23566,1,1
0.20222,1,1
0.17427,0,0
0.15097,0,0
0.13854,0,0
0.13526,0,0
0.13384,0,0
0.13372,0,0
0.11449,0,0
0.07885,0,0
0.05063,0,0
0.02816,0,0
0.01271,0,0
0.00406,0,0
0.0,0,0
0.0,0,0
0.0,0,0
0.00046,0,0
0.0012,0,0
0.00184,0,0
0.00248,0,0
0.00312,0,0
0.00496,0,0
0.01398,0,0
0.02867,0,0
0.04682,0,0
0.05026,0,0
0.03548,0,0
0.02492,0,0
0.01435,0,0
0.01334,0,0
0.02197,0,0
0.03071,0,0
0.03983,0,0
0.05198,0,0
0.06219,0,0
0.07264,0,0
0.08289,0,0
0.08168,0,0
0.06788,0,0
0.0535,0,0
0.04013,0,0
0.0438,0,0
0.07028,0,0
0.09717,0,0
0.13268,0,0
0.14905,0,0
0.14593,0,0
0.14217,0,0
0.13886,0,0
0.1405,0,0
0.14725,0,0
0.15411,0,0
0.16108,0,0
0.14453,0,0
0.10627,0,0
0.07657,0,0
0.04774,0,0
0.0417,0,0
0.04861,0,0
0.05905,0,0
0.06956,0,0
0.0672,0,0
0.05214,0,0
0.04107,0,0
0.03145,0,0
0.02473,0,0
0.02077,0,0
0.01676,0,0
0.01282,0,0
0.01683,0,0
0.02931,0,0
0.04188,0,0
0.0544,0,0
0.0532,0,0
0.03923,0,0
0.06098,0,0
0.11787,0,0
0.17831,1,1
0.24176,1,1
0.28996,1,1
0.32113,1,1
0.32482,1,1
0.29888,1,1
0.28265,1,1
0.27866,1,1
0.26816,1,1
0.25207,1,1
0.24246,1,1
0.24098,1,1
0.23458,1,1
0.22564,1,1
0.22912,1,1
0.24592,1,1
0.26424,1,1
0.28246,1,1
0.28846,1,1
0.28393,1,1
0.29088,1,1
0.30903,1,1
0.2846,1,1
0.22319,1,1
0.17203,0,0
0.13131,0,0
0.09816,0,0
0.07057,0,0
0.04468,0,0
0.01979,0,0
0.00566,0,0
0.0018,0,0
0.0,0,0
0.00087,0,0
0.00255,0,0
0.00423,0,0
0.0054,0,0
0.00607,0,0
0.00817,0,0
0.01128,0,0
0.01746,0,0
0.02683,0,0
0.03634,0,0
0.05058,0,0
0.05665,0,0
0.05357,0,0
0.05046,0,0
0.04734,0,0
0.0363,0,0
0.0226,0,0
0.00869,0,0
0.00424,0,0
0.0029,0,0
0.00314,0,0
0.00339,0,0
0.00363,0,0
0.00334,0,0
0.00247,0,0
0.00154,0,0
0.00056,0,0
0.00096,0,0
0.0028,0,0
0.00463,0,0
0.00649,0,0
0.00548,0,0
0.00152,0,0
0.0,0,0
0.0,0,0
0.0,0,0
0.0,0,0
0.00299,0,0
0.00781,0,0
0.01434,0,0
0.00896,0,0
0.00752,0,0
0.0064,0,0
0.00556,0,0
0.00497,0,0
0.00439,0,0
0.00382,0,0
0.00522,0,0
0.00893,0,0
0.02493,0,0
0.04058,0,0
0.04687,0,0
0.04391,0,0
0.041,0,0
0.03813,0,0
0.04553,0,0
0.06576,0,0
0.08905,0,0
0.11479,0,0
0.16841,0,0
0.25861,1,1
0.32078,1,1
0.3411,1,1
0.39041,1,1
0.4758,1,1
0.42723,1,1
0.23525,0,0
0.12046,0,0
0.09204,0,0
0.10004,0,0
0.14271,0,0
0.19517,0,0
0.25702,1,1
0.29541,1,1
0.3106,1,1
0.29607,1,1
0.25354,0,1
0.25585,1,1
0.30257,1,1
0.34124,1,1
0.37246,1,1
0.39191,1,1
0.39696,1,1
0.40405,1,1
0.41966,1,1
0.43739,1,1
0.45682,1,1
0.47066,1,1
0.47484,1,1
0.41986,1,1
0.32111,1,1
0.25317,0,0
0.21233,0,0
0.15346,0,0
0.08408,0,0
0.06465,0,0
0.08087,0,0
0.10163,0,0
0.12363,0,0
0.14545,0,0
0.1769,0,0
0.21444,0,0
0.25249,0,0
0.25425,0,0
0.21966,0,0
0.18375,0,0
0.15272,0,0
0.13935,0,0
0.13288,0,0
0.12637,0,0
0.1198,0,0
0.12263,0,0
0.13497,0,0
0.14741,0,0
0.15995,0,0
0.16058,0,0
0.14866,0,0
0.1372,0,0
0.12521,0,0
0.11678,0,0
0.11079,0,0
0.10435,0,0
0.0996,0,0
0.08349,0,0
0.05474,0,0
0.0339,0,0
0.01535,0,0
0.00665,0,0
0.00419,0,0
0.00165,0,0
0.0,0,0
0.0,0,0
0.0,0,0
0.0,0,0
0.0,0,0
0.0,0,0
0.0,0,0
0.00477,0,0
0.01605,0,0
0.02983,0,0
0.02997,0,0
0.02999,0,0
0.03013,0,0
0.03148,0,0
0.03398,0,0
0.03657,0,0
0.03912,0,0
0.04023,0,0
0.03992,0,0
0.03962,0,0
0.03932,0,0
0.06853,0,0
0.15158,0,0
0.25043,0,0
0.37548,0,0
0.47263,0,0
0.55932,0,0
0.67443,0,0
0.84559,1,1
0.93204,1,1
0.93795,1,1
0.90417,1,1
0.838,1,1
0.81405,1,1
0.83199,1,1
0.85769,1,1
0.89542,1,1
0.91041,1,1
0.89685,1,1
0.88282,1,1
0.86547,1,1
0.87461,1,1
0.91222,1,1
0.94717,1,1
0.9892,1,1
1.00262,1,1
0.98724,1,1
0.96134,1,1
0.92533,1,1
0.88535,1,1
0.83086,1,1
0.76457,0,0
0.69083,0,0
0.66825,0,0
0.71648,0,0
0.75813,0,0
0.79418,1,0
0.76088,0,0
0.64436,0,0
0.45293,0,0
0.24696,0,0
0.14414,0,0
0.10961,0,0
0.07896,0,0
0.05331,0,0
0.04749,0,0
0.0617,0,0
0.07636,0,0
0.09104,0,0
0.10289,0,0
0.10856,0,0
0.11431,0,0
0.12015,0,0
0.10568,0,0
0.07782,0,0
0.05228,0,0
0.03235,0,0
0.0207,0,0
0.01369,0,0
0.00727,0,0
0.0058,0,0
0.00457,0,0
0.00358,0,0
0.00258,0,0
0.00158,0,0
0.0,0,0
0.0,0,0
0.0,0,0
0.0,0,0
0.0,0,0
0.0,0,0
0.0,0,0
0.0,0,0
0.0,0,0
0.0,0,0
0.0,0,0
0.0,0,0
0.0,0,0
0.0,0,0
0.0,0,0
0.0,0,0
0.0,0,0
0.0,0,0
0.0,0,0
0.0,0,0
0.0,0,0
0.0,0,0
0.0,0,0
0.0,0,0
0.0,0,0
0.0,0,0
0.0,0,0
0.0,0,0
0.0,0,0
0.0,0,0
0.0,0,0
0.0,0,0
0.01255,0,0
0.04107,0,0
0.0728,0,0
0.10779,0,0
0.16328,0,0
0.24892,0,0
0.30497,1,1
0.31696,1,1
0.34636,1,1
0.39903,1,1
0.39629,1,1
0.33701,1,1
0.2522,1,1
0.19545,0,0
0.20411,0,0
0.25006,1,1
0.30434,1,1
0.34292,1,1
0.35986,1,1
0.35424,1,1
0.34984,1,1
0.34446,1,1
0.36449,1,1
0.40734,1,1
0.46357,1,1
0.53413,1,1
0.53115,1,1
0.45669,1,1
0.39852,1,1
0.35969,1,1
0.31942,1,1
0.27635,1,1
0.23077,0,0
0.18459,0,0
0.15089,0,0
0.12635,0,0
0.10309,0,0
0.08167,0,0
0.05433,0,0
0.01935,0,0
0.00243,0,0
0.00116,0,0
0.0,0,0
0.0,0,0
0.0,0,0
0.0,0,0
0.0,0,0
0.0,0,0
0.0,0,0
0.0,0,0
0.0,0,0
0.0,0,0
0.0,0,0
0.0,0,0
0.0,0,0
0.0,0,0
0.0,0,0
0.0,0,0
0.0,0,0
0.0,0,0
0.0,0,0
0.0,0,0
0.0,0,0
0.0,0,0
0.0,0,0
0.0,0,0
0.0,0,0
0.0,0,0
0.00021,0,0
0.00051,0,0
0.00081,0,0
0.00113,0,0
0.0019,0,0
0.00316,0,0
0.00446,0,0
0.0058,0,0
0.0065,0,0
0.00656,0,0
0.00663,0,0
0.00669,0,0
0.00673,0,0
0.00673,0,0
0.00671,0,0
0.00671,0,0
0.00834,0,0
0.01821,0,0
0.03382,0,0
0.04932,0,0
0.05024,0,0
0.03744,0,0
0.02484,0,0
0.01264,0,0
0.00869,0,0
0.00869,0,0
0.00866,0,0
0.00867,0,0
0.03537,0,0
0.11033,0,0
0.20705,0,0
0.3256,0,0
0.39179,0,0
0.38179,0,0
0.41138,0,0
0.49242,0,0
0.56164,1,1
0.6184,1,1
0.64342,1,1
0.63401,1,1
0.63199,1,1
0.62833,1,1
0.64232,1,1
0.67421,1,1
0.70625,1,1
0.75986,1,1
0.81984,1,1
0.87856,1,1
0.90796,1,1
0.89933,1,1
0.86196,1,1
0.79125,1,1
0.75644,1,1
0.74539,1,1
0.71737,1,1
0.66929,1,1
0.59994,1,1
0.51308,0,0
0.49264,0,0
0.52654,1,1
0.55628,1,1
0.57863,1,1
0.49822,0,0
0.33754,0,0
0.22596,0,0
0.15851,0,0
0.10581,0,0
0.05803,0,0
0.03787,0,0
0.03999,0,0
0.04222,0,0
0.04425,0,0
0.0379,0,0
0.02312,0,0
0.00819,0,0
0.00477,0,0
0.00176,0,0
0.0,0,0
0.0,0,0
0.0,0,0
0.0,0,0
0.0,0,0
0.0,0,0
0.0,0,0
0.0,0,0
0.0,0,0
0.00186,0,0
0.0044,0,0
0.0054,0,0
0.00486,0,0
0.0043,0,0
0.00375,0,0
0.00279,0,0
0.00137,0,0
0.0,0,0
0.0,0,0
0.0,0,0
0.0,0,0
0.0,0,0
0.0,0,0
0.0,0,0
0.0,0,0
0.0,0,0
0.0,0,0
0.00072,0,0
0.00728,0,0
0.02919,0,0
0.06301,0,0
0.10036,0,0
0.12564,0,0
0.15728,0,0
0.19207,0,0
0.20056,0,0
0.18351,0,0
0.16568,0,0
0.14871,0,0
0.13957,0,0
0.13828,0,0
0.13701,0,0
0.13576,0,0
0.14658,0,0
0.16868,0,0
0.19143,0,0
0.21323,0,0
0.21264,0,0
0.18919,0,0
0.16591,0,0
0.14359,0,0
0.18444,0,0
0.29235,1,1
0.31355,1,1
0.24408,1,1
0.20061,0,0
0.19587,0,0
0.20317,0,0
0.21853,0,0
0.2303,0,0
0.23552,0,0
0.24983,1,1
0.30519,1,1
0.39863,1,1
0.4978,1,1
0.49582,1,1
0.39532,1,1
0.29773,1,1
0.24442,1,1
0.23734,0,1
0.24921,1,1
0.26748,1,1
0.29315,1,1
0.30792,1,1
0.31253,1,1
0.32369,1,1
0.34053,1,1
0.36187,1,1
0.4136,1,1
0.4316,1,1
0.40497,1,1
0.35173,1,1
0.26175,1,1
0.19683,0,0
0.15603,0,0
0.10945,0,0
0.0595,0,0
0.03938,0,0
0.04189,0,0
0.04438,0,0
0.04685,0,0
0.05157,0,0
0.05797,0,0
0.06444,0,0
0.07096,0,0
0.07784,0,0
0.08449,0,0
0.09156,0,0
0.09876,0,0
0.09919,0,0
0.09276,0,0
0.08633,0,0
0.07989,0,0
0.07669,0,0
0.07703,0,0
0.07706,0,0
0.07709,0,0
0.08069,0,0
0.08724,0,0
0.09379,0,0
0.10034,0,0
0.09352,0,0
0.0728,0,0
0.05183,0,0
0.03776,0,0
0.03603,0,0
0.04672,0,0
0.05914,0,0
0.07599,0,0
0.08825,0,0
0.09629,0,0
0.10449,0,0
0.11336,0,0
0.12629,0,0
0.14888,0,0
0.17352,1,1
0.19935,1,1
0.20631,1,1
0.19698,1,1
0.18665,1,1
0.17716,1,1
0.1598,0,0
0.13546,0,0
0.11764,0,0
0.09981,0,0
0.07651,0,0
0.05205,0,0
0.03405,0,0
0.01621,0,0
0.00842,0,0
0.00639,0,0
0.00438,0,0
0.00237,0,0
0.00375,0,0
0.00874,0,0
0.01379,0,0
0.01887,0,0
0.02579,0,0
0.03465,0,0
0.05881,0,0
0.09706,0,0
0.13475,0,0
0.17292,0,0
0.20697,1,1
0.23683,1,1
0.31876,1,1
0.45689,1,1
0.4956,1,1
0.43162,1,1
0.38694,1,1
0.3636,1,1
0.35384,1,1
0.35796,1,1
0.36774,1,1
0.38161,1,1
0.36812,1,1
0.32785,1,1
0.30012,1,1
0.28455,1,1
0.25468,1,1
0.20993,1,1
0.17328,0,0
0.14408,0,0
0.12565,0,0
0.12664,0,0
0.12303,0,0
0.1135,0,0
0.10981,0,0
0.1152,0,0
0.11134,0,0
0.09832,0,0
0.08712,0,0
0.07778,0,0
0.0702,0,0
0.06404,0,0
0.05787,0,0
0.0517,0,0
0.03907,0,0
0.02074,0,0
0.00709,0,0
0.00317,0,0
0.00362,0,0
0.0085,0,0
0.03177,0,0
0.05842,0,0
0.07383,0,0
0.06763,0,0
0.06112,0,0
0.05484,0,0
0.04584,0,0
0.03459,0,0
0.02343,0,0
0.01218,0,0
0.00706,0,0
0.00438,0,0
0.00171,0,0
0.0,0,0
0.0,0,0
0.0,0,0
0.00145,0,0
0.00301,0,0
0.0035,0,0
0.00288,0,0
0.00226,0,0
0.00164,0,0
0.00086,0,0
0.0,0,0
0.0,0,0
0.0,0,0
0.0,0,0
0.0,0,0
0.00157,0,0
0.00327,0,0
0.00379,0,0
0.00313,0,0
0.00246,0,0
0.00178,0,0
0.00093,0,0
0.0,0,0
0.0,0,0
0.0,0,0
0.0,0,0
0.00193,0,0
0.00492,0,0
0.00783,0,0
0.00895,0,0
0.00822,0,0
0.00753,0,0
0.00686,0,0
0.02871,0,0
0.08702,0,0
0.14347,0,0
0.17515,0,0
0.20002,0,0
0.21948,0,0
0.24838,0,0
0.28186,0,0
0.30203,0,0
0.31761,0,0
0.32497,0,0
0.41185,1,1
0.55484,1,1
0.66713,1,1
0.69401,1,1
0.6442,1,1
0.60762,1,1
0.58601,1,1
0.59365,1,1
0.63053,1,1
0.67576,1,1
0.73073,1,1
0.71981,1,1
0.64548,1,1
0.5867,1,1
0.54697,1,1
0.52278,1,1
0.52349,1,1
0.50812,1,1
0.47568,1,1
0.44872,1,1
0.42384,1,1
0.40228,1,1
0.37975,1,1
0.34487,1,1
0.30105,0,0
0.27522,0,0
0.26826,0,0
0.18188,0,0
0.04971,0,0
0.0,0,0
0.0,0,0
0.00124,0,0
0.00257,0,0
0.00258,0,0
0.00126,0,0
0.0,0,0
0.0,0,0
0.0,0,0
0.0,0,0
0.0,0,0
0.0,0,0
0.0,0,0
0.0,0,0
0.0,0,0
0.0,0,0
0.0,0,0
0.0,0,0
0.0,0,0
0.0,0,0
0.0,0,0
0.0,0,0
0.0,0,0
0.0,0,0
0.0,0,0
0.0,0,0
0.0,0,0
0.0,0,0
0.0,0,0
0.0,0,0
0.0,0,0
0.0,0,0
0.0,0,0
0.0,0,0
0.0,0,0
0.0,0,0
0.0,0,0
0.0,0,0
0.0,0,0
0.00235,0,0
0.00433,0,0
0.00499,0,0
0.00567,0,0
0.00633,0,0
0.00733,0,0
0.00869,0,0
0.01041,0,0
0.01683,0,0
0.03103,0,0
0.05252,0,0
0.08368,0,0
0.11655,0,0
0.1132,0,0
0.07487,0,0
0.04325,0,0
0.01888,0,0
0.03257,0,0
0.09486,0,0
0.14717,0,0
0.17571,1,1
0.18156,1,1
0.17581,1,1
0.18164,1,1
0.24492,1,1
0.35838,1,1
0.46546,1,1
0.50628,1,1
0.46874,1,1
0.4552,1,1
0.46666,1,1
0.44353,1,1
0.38533,1,1
0.33017,1,1
0.28021,1,1
0.24072,1,1
0.21064,1,1
0.16893,1,1
0.126,0,0
0.1145,0,0
0.12433,0,0
0.12817,0,0
0.12567,0,0
0.13088,0,0
0.14403,0,0
0.16157,1,1
0.18373,1,1
0.18928,1,1
0.17779,1,1
0.17473,1,1
0.18048,1,1
0.15909,0,0
0.11442,0,0
0.08284,0,0
0.06198,0,0
0.03818,0,0
0.01251,0,0
0.00068,0,0
0.0,0,0
0.0,0,0
0.0,0,0
0.0,0,0
0.00375,0,0
0.00761,0,0
0.02587,0,0
0.03397,0,0
0.03175,0,0
0.02949,0,0
0.02719,0,0
0.02613,0,0
0.02623,0,0
0.02634,0,0
0.02654,0,0
0.03119,0,0
0.04027,0,0
0.05074,0,0
0.06491,0,0
0.07736,0,0
0.0882,0,0
0.09884,0,0
0.10957,0,0
0.11045,0,0
0.10085,0,0
0.09111,0,0
0.0812,0,0
0.06871,0,0
0.05375,0,0
0.04286,0,0
0.03322,0,0
0.02584,0,0
0.02053,0,0
0.01509,0,0
0.0095,0,0
0.0125,0,0
0.02427,0,0
0.0363,0,0
0.04856,0,0
0.05327,0,0
0.05029,0,0
0.04752,0,0
0.04452,0,0
0.0417,0,0
0.03869,0,0
0.03568,0,0
0.03281,0,0
0.02813,0,0
0.02189,0,0
0.01575,0,0
0.00975,0,0
0.00901,0,0
0.01106,0,0
0.01381,0,0
0.01656,0,0
0.04291,0,0
0.10827,0,0
0.19131,0,0
0.29062,0,0
0.33915,0,0
0.31661,0,0
0.36276,0,0
0.49853,1,1
0.63565,1,1
0.73483,1,1
0.75431,1,1
0.68522,1,1
0.5836,1,1
0.51934,1,1
0.51924,1,1
0.51869,1,1
0.52541,1,1
0.55067,1,1
0.59054,1,1
0.64916,1,1
0.69367,1,1
0.71921,1,1
0.76517,1,1
0.82852,1,1
0.8293,1,1
0.78687,1,1
0.69788,1,1
0.56812,1,1
0.49737,1,1
0.4563,1,1
0.43834,1,1
0.43401,0,0
0.429,0,0
0.42132,0,0
0.38926,0,0
0.34167,0,0
0.31769,0,0
0.31228,0,0
0.26011,0,0
0.17791,0,0
0.12135,0,0
0.07732,0,0
0.0406,0,0
0.01704,0,0
0.00647,0,0
0.00604,0,0
0.0056,0,0
0.00515,0,0
0.00444,0,0
0.00349,0,0
0.00252,0,0
0.00155,0,0
5e-05,0,0
0.0,0,0
0.0,0,0
0.0,0,0
0.0,0,0
0.0,0,0
0.0,0,0
0.0,0,0
0.0,0,0
0.0,0,0
0.0,0,0
0.0,0,0
0.0,0,0
0.0,0,0
0.0,0,0
0.0,0,0
0.0,0,0
0.0,0,0
0.0,0,0
0.0,0,0
0.0,0,0
0.0,0,0
0.0,0,0
0.0,0,0
0.0,0,0
0.0,0,0
0.0,0,0
0.0,0,0
0.0,0,0
0.0,0,0
0.0,0,0
0.0,0,0
0.0,0,0
0.0,0,0
6e-05,0,0
0.00243,0,0
0.00355,0,0
0.0035,0,0
0.00343,0,0
0.00337,0,0
0.0036,0,0
0.00413,0,0
0.00466,0,0
0.00519,0,0
0.01442,0,0
0.03332,0,0
0.05246,0,0
0.07192,0,0
0.11165,0,0
0.17807,0,0
0.21579,0,0
0.217,0,0
0.21879,0,0
0.22148,0,0
0.25132,0,0
0.31328,1,1
0.38758,1,1
0.47656,1,1
0.48859,1,1
0.41951,1,1
0.35351,1,1
0.29159,0,0
0.28468,0,0
0.33316,1,1
0.36678,1,1
0.38544,1,1
0.40704,1,1
0.42965,1,1
0.45224,1,1
0.4752,1,1
0.50056,1,1
0.52755,1,1
0.55727,1,1
0.59134,1,1
0.57734,1,1
0.5189,1,1
0.47075,1,1
0.42947,1,1
0.38349,1,1
0.33665,1,1
0.31036,1,1
0.29636,0,0
0.20394,0,0
0.07629,0,0
0.02546,0,0
0.01494,0,0
0.00324,0,0
0.00036,0,0
0.00131,0,0
0.00215,0,0
0.003,0,0
0.00385,0,0
0.00387,0,0
0.00305,0,0
0.00221,0,0
0.00135,0,0
0.00114,0,0
0.00159,0,0
0.00204,0,0
0.0025,0,0
0.00342,0,0
0.00482,0,0
0.00625,0,0
0.01063,0,0
0.02589,0,0
0.05479,0,0
0.09274,0,0
0.14471,0,0
0.16987,0,0
0.16728,0,0
0.16403,0,0
0.16127,0,0
0.13564,0,0
0.09085,0,0
0.05464,0,0
0.02774,0,0
0.0198,0,0
0.02786,0,0
0.03631,0,0
0.04493,0,0
0.03803,0,0
0.01519,0,0
0.00514,0,0
0.00021,0,0
0.0,0,0
0.0008,0,0
0.00286,0,0
0.0049,0,0
0.0062,0,0
0.0067,0,0
0.00723,0,0
0.00772,0,0
0.0088,0,0
0.01389,0,0
0.01881,0,0
0.02363,0,0
0.02717,0,0
0.02949,0,0
0.03178,0,0
0.03416,0,0
0.06084,0,0
0.13285,0,0
0.23052,0,0
0.35328,0,0
0.40202,0,0
0.34734,0,0
0.35813,0,0
0.45476,0,0
0.52437,0,0
0.56232,0,0
0.59661,0,0
0.62315,0,0
0.66645,1,1
0.72271,1,1
0.76815,1,1
0.79873,1,1
0.82209,1,1
0.83877,1,1
0.84057,1,1
0.8222,1,1
0.81241,1,1
0.81131,1,1
0.81745,1,1
0.82485,1,1
0.8166,1,1
0.79728,1,1
0.77618,1,1
0.75591,1,1
0.74395,1,1
0.74674,1,1
0.70824,1,1
0.63614,1,1
0.57494,0,0
0.52616,0,0
0.48979,0,0
0.45994,0,0
0.41505,0,0
0.35362,0,0
0.26399,0,0
0.15786,0,0
0.12135,0,0
0.13144,0,0
0.14197,0,0
0.16964,0,0
0.20214,0,0
0.23182,0,0
0.26627,0,0
0.30873,0,0
0.3306,0,0
0.33358,0,0
0.33563,0,0
0.3387,0,0
0.3731,0,0
0.44363,0,0
0.52548,0,0
0.60839,0,0
0.64499,1,1
0.64026,1,1
0.63277,1,1
0.62513,0,0
0.61038,0,0
0.58832,0,0
0.56763,0,0
0.54461,0,0
0.55198,0,0
0.5891,0,0
0.62724,0,0
0.66645,1,1
0.68362,1,1
0.67542,1,1
0.66469,1,1
0.65612,1,1
0.60953,1,1
0.5224,1,1
0.4481,1,1
0.3729,1,1
0.28934,0,0
0.19465,0,0
0.14243,0,0
0.09542,0,0
0.06396,0,0
0.04355,0,0
0.02863,0,0
0.01364,0,0
0.01022,0,0
0.01817,0,0
0.02601,0,0
0.0336,0,0
0.03583,0,0
0.0325,0,0
0.02943,0,0
0.02637,0,0
0.02913,0,0
0.03747,0,0
0.04705,0,0
0.05977,0,0
0.07986,0,0
0.10859,0,0
0.13793,0,0
0.16762,0,0
0.20064,0,0
0.24337,0,0
0.28618,0,0
0.34204,0,0
0.3877,1,1
0.41426,1,1
0.43831,1,1
0.45992,1,1
0.46459,1,1
0.45311,1,1
0.42744,1,1
0.38792,1,1
0.36888,1,1
0.37075,1,1
0.34111,0,0
0.27863,0,0
0.22372,0,0
0.1752,0,0
0.16907,0,0
0.20611,0,0
0.25729,0,0
0.32384,0,0
0.36706,1,1
0.38753,1,1
0.41261,1,1
0.44198,1,1
0.42469,1,1
0.36367,1,1
0.3003,0,0
0.25698,0,0
0.24008,0,0
0.23521,0,0
0.24285,0,0
0.26127,0,0
0.27169,0,0
0.27775,0,0
0.24297,0,0
0.17578,0,0
0.12802,0,0
0.09653,0,0
0.08015,0,0
0.07664,0,0
0.07373,0,0
0.07101,0,0
0.06259,0,0
0.04804,0,0
0.03381,0,0
0.02444,0,0
0.01598,0,0
0.00831,0,0
0.00496,0,0
0.00335,0,0
0.00536,0,0
0.02918,0,0
0.06826,0,0
0.12237,0,0
0.1434,0,0
0.12465,0,0
0.10587,0,0
0.08695,0,0
0.08046,0,0
0.08123,0,0
0.08229,0,0
0.08337,0,0
0.07712,0,0
0.0636,0,0
0.04964,0,0
0.03795,0,0
0.0367,0,0
0.0432,0,0
0.05341,0,0
0.06382,0,0
0.0667,0,0
0.06151,0,0
0.05599,0,0
0.05058,0,0
0.0538,0,0
0.06617,0,0
0.07834,0,0
0.09051,0,0
0.09824,0,0
0.10112,0,0
0.10394,0,0
0.10777,0,0
0.11804,0,0
0.13353,0,0
0.14889,0,0
0.16315,0,0
0.18681,0,0
0.21709,0,0
0.24634,0,0
0.27612,0,0
0.34078,0,0
0.44483,1,1
0.56129,1,1
0.68456,1,1
0.77876,1,1
0.85449,1,1
0.8638,1,1
0.79252,1,1
0.71839,1,1
0.64866,1,1
0.57291,1,1
0.47913,1,1
0.41825,1,1
0.39456,0,0
0.39572,0,0
0.41414,0,0
0.41458,1,0
0.39268,0,0
0.38487,0,0
0.38898,0,0
0.43635,1,1
0.52259,1,1
0.58877,1,1
0.63743,1,1
0.66726,1,1
0.68023,1,1
0.67389,1,1
0.64496,1,1
0.58804,1,1
0.5048,1,1
0.43665,1,1
0.3957,0,0
0.36925,0,0
0.36052,0,0
0.34596,0,0
0.32676,0,0
0.32517,0,0
0.33804,0,0
0.34074,0,0
0.34627,0,0
0.31196,0,0
0.24375,0,0
0.19538,0,0
0.152,0,0
0.12486,0,0
0.11195,0,0
0.0987,0,0
0.08543,0,0
0.07924,0,0
0.07971,0,0
0.08041,0,0
0.08112,0,0
0.07163,0,0
0.05464,0,0
0.03733,0,0
0.025,0,0
0.01664,0,0
0.01112,0,0
0.00595,0,0
0.00479,0,0
0.00328,0,0
0.00141,0,0
0.0,0,0
0.0,0,0
0.0,0,0
0.0,0,0
0.0,0,0
0.00039,0,0
5e-05,0,0
0.0,0,0
0.0,0,0
0.0,0,0
0.0,0,0
0.0,0,0
0.0,0,0
0.0,0,0
0.0,0,0
0.0,0,0
0.0,0,0
0.0,0,0
0.0,0,0
0.0,0,0
6e-05,0,0
0.00224,0,0
0.00306,0,0
0.00249,0,0
0.00193,0,0
0.00138,0,0
0.00215,0,0
0.00415,0,0
0.0061,0,0
0.01012,0,0
0.01588,0,0
0.01812,0,0
0.0204,0,0
0.0226,0,0
0.04415,0,0
0.0955,0,0
0.15964,0,0
0.23537,0,0
0.27365,0,0
0.25995,0,0
0.28211,0,0
0.35007,0,0
0.41646,0,0
0.48071,1,1
0.50585,1,1
0.48196,1,1
0.45458,0,0
0.42466,0,0
0.42383,0,0
0.45605,0,0
0.48848,1,1
0.51875,1,1
0.53342,1,1
0.52917,1,1
0.53542,1,1
0.54929,1,1
0.54182,1,1
0.51084,1,1
0.48654,1,1
0.46868,0,0
0.4497,0,0
0.42936,0,0
0.41407,0,0
0.40252,0,0
0.3701,0,0
0.31994,0,0
0.27847,0,0
0.24512,0,0
0.22251,0,0
0.21003,0,0
0.19544,0,0
0.1782,0,0
0.1537,0,0
0.12757,0,0
0.12119,0,0
0.13927,0,0
0.19807,0,0
0.26516,0,0
0.26398,0,0
0.19407,0,0
0.13226,0,0
0.09773,0,0
0.09438,0,0
0.12274,0,0
0.16336,0,0
0.21531,0,0
0.27058,0,0
0.33245,0,0
0.39579,0,0
0.47019,0,0
0.52435,1,1
0.55424,1,1
0.58465,1,1
0.61706,1,1
0.64425,1,1
0.67078,1,1
0.7,1,1
0.72794,1,1
0.73927,1,1
0.73333,1,1
0.72943,1,1
0.72301,1,1
0.77465,0,0
0.88563,0,0
0.99444,0,0
1.09878,0,0
1.15828,0,0
1.178,0,0
1.19841,1,1
1.21955,1,1
1.20556,1,1
1.16203,0,0
1.11756,0,0
1.06813,0,0
1.04698,0,0
1.043,0,0
1.04291,0,0
1.03896,0,0
1.0002,0,0
0.92215,0,0
0.84218,0,0
0.76644,0,0
0.71151,0,0
0.68105,0,0
0.65404,0,0
0.62584,0,0
0.61962,0,0
0.63036,0,0
0.64306,0,0
0.65354,0,0
0.69046,0,0
0.75353,0,0
0.81617,0,0
0.87893,0,0
0.98566,0,0
1.12532,0,0
1.23514,1,1
1.30462,1,1
1.34823,1,1
1.36201,1,1
1.37114,1,1
1.37907,1,1
1.40801,1,1
1.42497,1,1
1.4184,1,1
1.41282,1,1
1.40696,1,1
1.40079,1,1
1.37753,1,1
1.31079,1,1
1.2492,1,1
1.21608,1,1
1.17769,0,0
1.12582,0,0
1.08468,0,0
1.0568,0,0
1.03507,0,0
1.01519,0,0
1.04405,0,0
1.11864,0,0
1.14148,0,0
1.12459,0,0
1.14232,0,0
1.19752,1,1
1.26717,1,1
1.33246,1,1
1.33287,1,1
1.27016,1,1
1.19034,0,0
1.09897,0,0
1.00677,0,0
0.91793,0,0
0.83165,0,0
0.75195,0,0
0.71296,0,0
0.70383,0,0
0.69646,0,0
0.68719,0,0
0.71312,0,0
0.76877,0,0
0.824,0,0
0.87982,0,0
0.89985,0,0
0.88189,0,0
0.86592,0,0
0.84745,0,0
0.81496,0,0
0.76755,0,0
0.71101,0,0
0.65475,0,0
0.60863,0,0
0.57676,0,0
0.54254,0,0
0.50771,0,0
0.49522,0,0
0.50745,0,0
0.51866,0,0
0.53037,0,0
0.52811,1,1
0.51123,1,1
0.49236,1,1
0.477,1,1
0.47246,1,1
0.47898,1,1
0.48399,1,1
0.49083,1,1
0.48621,1,1
0.47152,1,1
0.4565,1,1
0.43953,1,1
0.40524,1,1
0.35063,0,0
0.30624,0,0
0.26712,0,0
0.22147,0,0
0.1768,0,0
0.14853,0,0
0.12087,0,0
0.09739,0,0
0.08086,0,0
0.06489,0,0
0.04947,0,0
0.04704,0,0
0.05727,0,0
0.06758,0,0
0.07758,0,0
0.10713,0,0
0.17088,0,0
0.22016,0,0
0.23295,0,0
0.22838,0,0
0.2121,0,0
0.22876,0,0
0.28272,0,0
0.33101,0,0
0.37436,1,1
0.39304,1,1
0.38508,1,1
0.39417,1,1
0.4221,1,1
0.40283,1,1
0.34,0,0
0.265,0,0
0.21924,0,0
0.21386,0,0
0.21627,0,0
0.22451,0,0
0.24127,0,0
0.21962,0,0
0.16094,0,0
0.11085,0,0
0.06884,0,0
0.06011,0,0
0.09424,0,0
0.12014,0,0
0.13488,0,0
0.12867,0,0
0.10044,0,0
0.06791,0,0
0.05625,0,0
0.06843,0,0
0.0923,0,0
0.13221,0,0
0.17505,0,0
0.1816,0,0
0.1587,0,0
0.1429,0,0
0.15575,0,0
0.1851,0,0
0.21426,0,0
0.22863,0,0
0.22863,0,0
0.22923,0,0
0.22923,0,0
0.21834,0,0
0.19568,0,0
0.17266,0,0
0.14926,0,0
0.13465,0,0
0.13143,0,0
0.12782,0,0
0.12453,0,0
0.12859,0,0
0.14002,0,0
0.16018,0,0
0.18081,0,0
0.21838,0,0
0.28027,0,0
0.35835,0,0
0.4399,1,1
0.48333,1,1
0.47186,1,1
0.4614,1,1
0.45253,1,1
0.44954,0,0
0.45408,0,0
0.45718,0,0
0.46032,0,0
0.46662,0,0
0.47471,0,0
0.48308,0,0
0.49,0,0
0.48723,0,0
0.47088,0,0
0.45596,0,0
0.43908,0,0
0.4713,0,0
0.55684,0,0
0.65539,1,1
0.75393,1,1
0.75117,1,1
0.64587,0,0
0.54482,0,0
0.45619,0,0
0.39789,0,0
0.36551,0,0
0.33423,0,0
0.304,0,0
0.29004,0,0
0.2891,0,0
0.28722,0,0
0.28537,0,0
0.2752,0,0
0.25661,0,0
0.23848,0,0
0.22138,0,0
0.20087,0,0
0.17893,0,0
0.18301,0,0
0.21366,0,0
0.223,0,0
0.21371,0,0
0.20291,0,0
0.19703,0,0
0.21963,0,0
0.27088,0,0
0.28326,0,0
0.26235,0,0
0.24752,0,0
0.30731,0,0
0.36826,0,0
0.47292,0,0
0.57109,0,0
0.65259,0,0
0.69765,1,1
0.7043,1,1
0.73384,1,1
0.78802,1,1
0.80348,1,1
0.78408,1,1
0.72422,1,1
0.63435,0,0
0.57461,0,0
0.53668,0,0
0.52554,0,0
0.53347,0,0
0.49789,0,0
0.42897,0,0
0.36404,0,0
0.30397,0,0
0.25867,0,0
0.22409,0,0
0.18434,0,0
0.15144,0,0
0.13015,0,0
0.11829,0,0
0.12144,0,0
0.14762,0,0
0.17829,0,0
0.2086,0,0
0.26099,0,0
0.33834,0,0
0.42648,0,0
0.52193,0,0
0.59742,0,0
0.65131,0,0
0.70585,1,1
0.75866,1,1
0.77826,1,1
0.76419,1,1
0.75144,1,1
0.73673,1,1
0.7396,1,1
0.75848,1,1
0.77998,1,1
0.79962,1,1
0.79886,1,1
0.77166,1,1
0.74321,1,1
0.71574,1,1
0.69485,1,1
0.6861,1,1
0.6765,1,1
0.66676,1,1
0.61458,1,1
0.51979,1,1
0.43658,1,1
0.35361,0,0
0.28677,0,0
0.23185,0,0
0.17967,0,0
0.14886,0,0
0.13331,0,0
0.1334,0,0
0.13348,0,0
0.13307,0,0
0.13939,0,0
0.15182,0,0
0.1635,0,0
0.17557,0,0
0.21378,0,0
0.27375,0,0
0.34156,0,0
0.42124,1,1
0.46772,1,1
0.48483,1,1
0.50384,1,1
0.52264,1,1
0.50451,1,1
0.45697,1,1
0.41497,0,0
0.37356,0,0
0.36548,0,0
0.38985,0,0
0.38069,0,0
0.33372,0,0
0.29495,0,0
0.27772,0,0
0.2739,0,0
0.31286,0,0
0.40135,0,0
0.49746,1,1
0.56197,1,1
0.57873,1,1
0.55717,1,1
0.49918,1,1
0.46472,1,1
0.45325,1,1
0.46551,1,1
0.50082,1,1
0.47172,1,1
0.37721,0,0
0.27709,0,0
0.21509,0,0
0.21404,0,0
0.25325,0,0
0.30056,0,0
0.33338,0,0
0.31993,0,0
0.26478,0,0
0.20947,0,0
0.1712,0,0
0.152,0,0
0.14791,0,0
0.15262,0,0
0.15241,0,0
0.12551,0,0
0.08447,0,0
0.05654,0,0
0.04046,0,0
0.03089,0,0
0.02546,0,0
0.02662,0,0
0.03107,0,0
0.03784,0,0
0.0447,0,0
0.04629,0,0
0.04245,0,0
0.03856,0,0
0.03463,0,0
0.03274,0,0
0.03301,0,0
0.03319,0,0
0.03347,0,0
0.02712,0,0
0.01448,0,0
0.00497,0,0
0.00223,0,0
0.00055,0,0
0.0,0,0
0.0,0,0
0.0,0,0
0.0,0,0
0.0,0,0
0.0,0,0
0.0,0,0
0.00064,0,0
0.00184,0,0
0.00303,0,0
0.00422,0,0
0.0046,0,0
0.00417,0,0
0.00372,0,0
0.00326,0,0
0.0028,0,0
0.00232,0,0
0.00183,0,0
0.00133,0,0
0.00237,0,0
0.00497,0,0
0.00762,0,0
0.01952,0,0
0.02588,0,0
0.02588,0,0
0.02588,0,0
0.02588,0,0
0.03644,0,0
0.06374,0,0
0.09509,0,0
0.13566,0,0
0.15583,1,0
0.15421,0,0
0.15315,0,0
0.1521,0,0
0.1716,1,1
0.21477,1,1
0.26953,1,1
0.32572,1,1
0.33805,1,1
0.33182,1,1
0.33023,1,1
0.32488,1,1
0.34399,1,1
0.38517,1,1
0.39106,1,1
0.36037,1,1
0.34322,1,1
0.34486,1,1
0.34402,1,1
0.34095,1,1
0.33172,1,1
0.31629,1,1
0.28303,1,1
0.23339,1,1
0.17442,1,1
0.11996,0,0
0.0982,0,0
0.09415,0,0
0.08867,0,0
0.07989,0,0
0.08606,0,0
0.10662,0,0
0.1295,0,0
0.15897,1,1
0.15624,1,1
0.12167,0,0
0.09639,0,0
0.0809,0,0
0.06734,0,0
0.05457,0,0
0.03972,0,0
0.02286,0,0
0.01399,0,0
0.01286,0,0
0.00763,0,0
0.00226,0,0
0.00072,0,0
0.0,0,0
0.0,0,0
0.0,0,0
0.0,0,0
0.0,0,0
0.0,0,0
0.0,0,0
0.0,0,0
0.00023,0,0
0.0016,0,0
0.00317,0,0
0.00475,0,0
0.00807,0,0
0.00588,0,0
0.00331,0,0
0.00074,0,0
0.0,0,0
0.0,0,0
0.0,0,0
0.0,0,0
0.00035,0,0
4e-05,0,0
0.0,0,0
0.0,0,0
0.0,0,0
0.0,0,0
0.0,0,0
0.0,0,0
0.0,0,0
0.0,0,0
0.0,0,0
0.0,0,0
0.0,0,0
0.0,0,0
0.0,0,0
0.0,0,0
0.0,0,0
0.0,0,0
0.0,0,0
0.0,0,0
0.0,0,0
0.0,0,0
0.0,0,0
0.0,0,0
0.0,0,0
0.0,0,0
0.0,0,0
0.0,0,0
0.0,0,0
0.00067,0,0
0.00189,0,0
0.00308,0,0
0.00425,0,0
0.02245,0,0
0.06434,0,0
0.11333,0,0
0.16871,0,0
0.20743,0,0
0.22629,0,0
0.25375,0,0
0.28929,1,1
0.33122,1,1
0.37885,1,1
0.40694,1,1
0.40979,1,1
0.41611,1,1
0.42426,1,1
0.43659,1,1
0.45629,1,1
0.48536,1,1
0.52628,1,1
0.51301,1,1
0.44665,1,1
0.37601,1,1
0.30223,1,1
0.28222,0,1
0.31424,1,1
0.33923,1,1
0.35697,1,1
0.36304,1,1
0.35727,1,1
0.3543,1,1
0.35406,1,1
0.3317,1,1
0.29242,1,1
0.25496,0,0
0.22191,0,0
0.20993,0,0
0.2118,0,0
0.20811,0,0
0.1968,0,0
0.15517,0,0
0.09891,0,0
0.06241,0,0
0.04653,0,0
0.03749,0,0
0.04209,0,0
0.05323,0,0
0.06294,0,0
0.07271,0,0
0.08606,0,0
0.10069,0,0
0.11706,0,0
0.13439,0,0
0.1636,0,0
0.16983,0,0
0.15307,0,0
0.13573,0,0
0.12643,0,0
0.10895,0,0
0.08362,0,0
0.06319,0,0
0.04427,0,0
0.0329,0,0
0.02927,0,0
0.02567,0,0
0.022,0,0
0.02041,0,0
0.02091,0,0
0.0215,0,0
0.02213,0,0
0.02351,0,0
0.02578,0,0
0.02806,0,0
0.03036,0,0
0.03445,0,0
0.04053,0,0
0.04991,0,0
0.0594,0,0
0.06728,0,0
0.07324,0,0
0.07957,0,0
0.08572,0,0
0.08916,0,0
0.08948,0,0
0.08981,0,0
0.08982,0,0
0.09868,0,0
0.12088,0,0
0.1436,0,0
0.16677,0,0
0.17838,0,0
0.17715,0,0
0.17533,0,0
0.17354,0,0
0.16441,0,0
0.15111,0,0
0.13751,0,0
0.12419,0,0
0.14442,0,0
0.22351,0,0
0.3324,0,0
0.46795,1,1
0.50582,1,1
0.41652,0,0
0.39403,0,0
0.4488,0,0
0.49477,1,1
0.53004,1,1
0.54206,1,1
0.53164,1,1
0.53054,1,1
0.54671,1,1
0.5833,1,1
0.66898,1,1
0.69791,1,1
0.67287,1,1
0.63385,1,1
0.59379,1,1
0.58332,1,1
0.60814,1,1
0.64602,1,1
0.68648,1,1
0.70266,1,1
0.68014,1,1
0.6456,1,1
0.59655,1,1
0.54332,1,1
0.48338,1,1
0.43694,0,0
0.40459,0,0
0.38872,0,0
0.38113,0,0
0.34703,0,0
0.29517,0,0
0.24422,0,0
0.19439,0,0
0.14953,0,0
0.11127,0,0
0.07838,0,0
0.05783,0,0
0.04246,0,0
0.03313,0,0
0.02773,0,0
0.02098,0,0
0.01423,0,0
0.00738,0,0
0.00744,0,0
0.0145,0,0
0.02168,0,0
0.02906,0,0
0.03102,0,0
0.02759,0,0
0.02412,0,0
0.02061,0,0
0.01792,0,0
0.01614,0,0
0.01435,0,0
0.01254,0,0
0.01076,0,0
0.00898,0,0
0.00717,0,0
0.00584,0,0
0.00575,0,0
0.00589,0,0
0.00605,0,0
0.00621,0,0
0.00631,0,0
0.00633,0,0
0.00635,0,0
0.00635,0,0
0.00596,0,0
0.0051,0,0
0.00424,0,0
0.00334,0,0
0.0016,0,0
0.0,0,0
0.0,0,0
0.0,0,0
0.0,0,0
0.0,0,0
0.0,0,0
0.0,0,0
0.0,0,0
0.0,0,0
0.0,0,0
0.0,0,0
0.0,0,0
0.0,0,0
0.0,0,0
0.0,0,0
0.0,0,0
0.0,0,0
0.0,0,0
0.0,0,0
0.01659,0,0
0.05436,0,0
0.09627,0,0
0.14157,0,0
0.18011,0,0
0.21426,1,1
0.23843,1,1
0.24344,1,1
0.24503,1,1
0.2432,1,1
0.26093,1,1
0.30257,1,1
0.35101,1,1
0.40755,1,1
0.42251,1,1
0.39518,1,1
0.37909,1,1
0.37032,1,1
0.34404,1,1
0.30309,1,1
0.24829,1,1
0.21044,0,0
0.19834,0,0
0.17872,0,0
0.15107,0,0
0.18855,0,0
0.18356,0,0
0.1969,0,0
0.22471,1,1
0.2652,1,1
0.27908,1,1
0.26645,1,1
0.26253,1,1
0.26453,1,1
0.24157,1,1
0.1988,0,0
0.16596,0,0
0.1423,0,0
0.1094,0,0
0.08017,0,0
0.06036,0,0
0.05353,0,0
0.0562,0,0
0.06608,0,0
0.08197,0,0
0.09535,0,0
0.10891,0,0
0.1223,0,0
0.14276,0,0
0.16754,0,0
0.19316,0,0
0.21925,1,0
0.19445,0,0
0.1252,0,0
0.0827,0,0
0.04962,0,0
0.03613,0,0
0.04072,0,0
0.04523,0,0
0.04978,0,0
0.05011,0,0
0.04601,0,0
0.04198,0,0
0.03786,0,0
0.03407,0,0
0.03099,0,0
0.02781,0,0
0.02433,0,0
0.02649,0,0
0.03423,0,0
0.04332,0,0
0.05546,0,0
0.04893,0,0
0.02944,0,0
0.01265,0,0
0.00477,0,0
0.00444,0,0
0.00772,0,0
0.02199,0,0
0.0365,0,0
0.05838,0,0
0.08694,0,0
0.12136,0,0
0.16041,0,0
0.20795,0,0
0.25916,0,0
0.31123,0,0
0.37928,0,0
0.40128,0,0
0.37427,0,0
0.34617,0,0
0.31839,0,0
0.29689,0,0
0.276,0,0
0.25636,0,0
0.23614,0,0
0.25461,0,0
0.33669,0,0
0.4512,0,0
0.59678,0,0
0.68996,1,1
0.71552,1,1
0.83796,1,1
1.07479,1,1
1.16755,1,1
1.123,1,1
1.06827,1,1
1.00419,1,1
0.94301,1,1
0.87764,1,1
0.83159,1,1
0.7898,1,1
0.79324,1,1
0.81554,1,1
0.81583,1,1
0.7941,1,1
0.75628,1,1
0.70454,1,1
0.67029,1,1
0.65667,1,1
0.65545,1,1
0.66524,1,1
0.66156,1,1
0.64141,1,1
0.62601,0,0
0.61141,0,0
0.58773,0,0
0.55968,0,0
0.52576,0,0
0.48654,0,0
0.4323,0,0
0.36829,0,0
0.3394,0,0
0.33444,0,0
0.24929,0,0
0.1288,0,0
0.09261,0,0
0.09074,0,0
0.07525,0,0
0.06827,0,0
0.05558,0,0
0.03111,0,0
0.01452,0,0
0.00416,0,0
0.00221,0,0
0.00183,0,0
0.00144,0,0
0.00105,0,0
0.00186,0,0
0.0039,0,0
0.00597,0,0
0.01525,0,0
0.01628,0,0
0.00848,0,0
0.00505,0,0
0.00339,0,0
0.00173,0,0
4e-05,0,0
0.0,0,0
0.0,0,0
0.0,0,0
0.0,0,0
0.0,0,0
0.00028,0,0
0.00064,0,0
0.0,0,0
0.0,0,0
0.0,0,0
0.0,0,0
0.0,0,0
0.0,0,0
0.0,0,0
0.0,0,0
0.0,0,0
0.0,0,0
0.0,0,0
0.0,0,0
0.0,0,0
0.0,0,0
0.0,0,0
0.0,0,0
0.0,0,0
0.0,0,0
0.0,0,0
0.0,0,0
0.0,0,0
0.0,0,0
0.0,0,0
0.0,0,0
0.00208,0,0
0.00469,0,0
0.00798,0,0
0.0453,0,0
0.11895,0,0
0.21056,0,0
0.31888,0,0
0.3694,0,0
0.35654,0,0
0.36716,0,0
0.39667,0,0
0.43684,0,0
0.48616,1,1
0.52662,1,1
0.55861,1,1
0.603,1,1
0.65781,1,1
0.68899,1,1
0.69106,1,1
0.69573,1,1
0.70356,1,1
0.70274,1,1
0.69315,1,1
0.68949,1,1
0.69362,1,1
0.68736,1,1
0.67279,1,1
0.66129,1,1
0.65626,1,1
0.63592,1,1
0.59911,1,1
0.56854,1,1
0.54142,1,1
0.52084,1,1
0.50338,1,1
0.48891,1,1
0.47114,0,0
0.42808,0,0
0.36551,0,0
0.30699,0,0
0.25067,0,0
0.19432,0,0
0.13802,0,0
0.09006,0,0
0.06016,0,0
0.03905,0,0
0.02799,0,0
0.02473,0,0
0.02301,0,0
0.02128,0,0
0.01949,0,0
0.02506,0,0
0.0409,0,0
0.06147,0,0
0.08428,0,0
0.09883,0,0
0.09917,0,0
0.0998,0,0
0.10014,0,0
0.10078,0,0
0.10142,0,0
0.10237,0,0
0.10333,0,0
0.0874,0,0
0.06164,0,0
0.03698,0,0
0.02087,0,0
0.01296,0,0
0.01326,0,0
0.01356,0,0
0.01388,0,0
0.013,0,0
0.01083,0,0
0.00863,0,0
0.00703,0,0
0.00879,0,0
0.01599,0,0
0.02348,0,0
0.03114,0,0
0.03828,0,0
0.0448,0,0
0.05485,0,0
0.06514,0,0
0.0855,0,0
0.11899,0,0
0.15981,0,0
0.21192,0,0
0.26763,0,0
0.30478,0,0
0.34538,0,0
0.39657,0,0
0.38131,0,0
0.3069,0,0
0.25249,0,0
0.19882,0,0
0.14969,0,0
0.10759,0,0
0.07334,0,0
0.04276,0,0
0.0579,0,0
0.12419,0,0
0.20797,0,0
0.30886,0,0
0.36928,0,0
0.37709,0,0
0.40944,0,0
0.47034,0,0
0.52882,1,1
0.58248,1,1
0.61477,1,1
0.62078,1,1
0.63755,1,1
0.66031,1,1
0.67982,1,1
0.69384,1,1
0.70606,1,1
0.71617,1,1
0.71906,1,1
0.7148,1,1
0.71414,1,1
0.71352,1,1
0.7028,1,1
0.67857,1,1
0.66169,1,1
0.65003,1,1
0.63607,1,1
0.61747,1,1
0.59075,1,1
0.55985,1,1
0.52955,1,1
0.49769,1,1
0.46736,0,0
0.43688,0,0
0.38611,0,0
0.31832,0,0
0.26573,0,0
0.22481,0,0
0.16924,0,0
0.10866,0,0
0.07105,0,0
0.04298,0,0
0.01564,0,0
0.00943,0,0
0.00717,0,0
0.00424,0,0
0.00257,0,0
0.00088,0,0
0.00013,0,0
0.00032,0,0
0.00052,0,0
0.00072,0,0
0.00179,0,0
0.00374,0,0
0.00573,0,0
0.01466,0,0
0.0167,0,0
0.01113,0,0
0.00596,0,0
0.00479,0,0
0.00349,0,0
0.00204,0,0
0.00057,0,0
0.0,0,0
0.0,0,0
0.0,0,0
0.0,0,0
0.0,0,0
0.0,0,0
0.0,0,0
0.0,0,0
0.0,0,0
0.0,0,0
0.0,0,0
0.0,0,0
0.0,0,0
0.0,0,0
0.0,0,0
0.0,0,0
0.0,0,0
0.0,0,0
0.0,0,0
0.0,0,0
0.00072,0,0
0.00099,0,0
0.00072,0,0
0.00046,0,0
0.00019,0,0
0.0,0,0
0.0,0,0
0.0,0,0
0.0,0,0
0.0,0,0
0.0,0,0
0.0,0,0
0.0,0,0
0.01799,0,0
0.05747,0,0
0.09442,0,0
0.12444,0,0
0.12798,0,0
0.10869,0,0
0.1148,0,0
0.16097,0,0
0.21496,1,1
0.25765,1,1
0.2874,1,1
0.30436,1,1
0.3372,1,1
0.38516,1,1
0.38566,1,1
0.33548,1,1
0.28945,1,1
0.24698,1,1
0.23283,1,1
0.24816,1,1
0.25849,1,1
0.26287,1,1
0.26266,1,1
0.25715,1,1
0.24811,1,1
0.23495,1,1
0.2448,1,1
0.2746,1,1
0.31463,1,1
0.3622,1,1
0.3401,1,1
0.25399,1,1
0.17116,0,0
0.12397,0,0
0.10529,0,0
0.08237,0,0
0.05476,0,0
0.02386,0,0
0.01196,0,0
0.01816,0,0
0.02416,0,0
0.02712,0,0
0.02026,0,0
0.0051,0,0
0.00554,0,0
0.01933,0,0
0.03477,0,0
0.05865,0,0
0.06661,0,0
0.05798,0,0
0.04925,0,0
0.04054,0,0
0.03104,0,0
0.02127,0,0
0.01144,0,0
0.00524,0,0
0.00506,0,0
0.00858,0,0
0.01667,0,0
0.02479,0,0
0.02392,0,0
0.01382,0,0
0.00584,0,0
0.00371,0,0
0.00234,0,0
0.00173,0,0
0.00108,0,0
0.0004,0,0
0.0,0,0
0.0,0,0
0.0,0,0
0.0,0,0
0.0,0,0
0.0,0,0
0.0,0,0
0.0,0,0
0.0,0,0
0.00145,0,0
0.00377,0,0
0.00612,0,0
0.00642,0,0
0.00462,0,0
0.00279,0,0
0.00097,0,0
0.0015,0,0
0.00437,0,0
0.00725,0,0
0.01883,0,0
0.02179,0,0
0.01424,0,0
0.00745,0,0
0.00587,0,0
0.00556,0,0
0.00652,0,0
0.00775,0,0
0.01237,0,0
0.01466,0,0
0.02051,0,0
0.02856,0,0
0.03645,0,0
0.0343,0,0
0.02328,0,0
0.02033,0,0
0.02461,0,0
0.02349,0,0
0.01731,0,0
0.02524,0,0
0.04712,0,0
0.06872,0,0
0.08993,1,1
0.09704,1,1
0.09099,1,1
0.08703,1,1
0.08503,1,1
0.08915,1,1
0.09921,1,1
0.11231,1,1
0.12881,1,1
0.12662,1,1
0.10594,1,1
0.08963,1,1
0.07802,1,1
0.07067,0,0
0.07014,0,0
0.06721,0,0
0.06169,0,0
0.05445,0,0
0.04521,0,0
0.03239,0,0
0.01613,0,0
0.01143,0,0
0.01563,0,0
0.0203,0,0
0.03228,0,0
0.04282,0,0
0.05248,0,0
0.05953,0,0
0.06029,0,0
0.06258,0,0
0.06637,0,0
0.06439,0,0
0.05588,0,0
0.04745,0,0
0.03882,0,0
0.0405,0,0
0.05267,0,0
0.06486,0,0
0.07741,0,0
0.08011,1,0
0.07255,0,0
0.06519,0,0
0.05762,0,0
0.05929,0,0
0.07031,0,0
0.08146,1,1
0.0967,1,1
0.11317,1,1
0.1309,1,1
0.15036,1,1
0.18257,1,1
0.18536,1,1
0.15743,1,1
0.14139,1,1
0.12622,1,1
0.12431,0,0
0.13676,0,0
0.1493,0,0
0.16191,0,0
0.19459,0,0
0.24563,0,0
0.29671,1,1
0.36629,1,1
0.415,1,1
0.43732,1,1
0.45996,1,1
0.48117,1,1
0.49454,1,1
0.49636,1,1
0.49819,1,1
0.50004,1,1
0.47681,1,1
0.43037,1,1
0.38392,1,1
0.33873,1,1
0.28815,1,1
0.22942,0,0
0.17444,0,0
0.14232,0,0
0.14588,0,0
0.19467,0,0
0.26579,0,0
0.34828,1,1
0.40609,1,1
0.42488,1,1
0.4416,1,1
0.45622,1,1
0.43629,1,1
0.38685,1,1
0.34094,1,1
0.29968,1,1
0.26042,0,0
0.2185,0,0
0.17463,0,0
0.14374,0,0
0.11408,0,0
0.09072,0,0
0.06692,0,0
0.04518,0,0
0.02797,0,0
0.01286,0,0
0.00993,0,0
0.01234,0,0
0.01387,0,0
0.0153,0,0
0.01695,0,0
0.01863,0,0
0.02065,0,0
0.02309,0,0
0.02444,0,0
0.02457,0,0
0.02582,0,0
0.0282,0,0
0.02722,0,0
0.02299,0,0
0.01956,0,0
0.01698,0,0
0.01426,0,0
0.01139,0,0
0.00804,0,0
0.00425,0,0
0.00254,0,0
0.00282,0,0
0.00265,0,0
0.00203,0,0
0.00128,0,0
0.0,0,0
0.0,0,0
0.0,0,0
0.0,0,0
0.0,0,0
0.0,0,0
0.0,0,0
0.0,0,0
0.0,0,0
0.00054,0,0
0.00155,0,0
0.00256,0,0
0.00358,0,0
0.0039,0,0
0.00351,0,0
0.00312,0,0
0.00272,0,0
0.00356,0,0
0.00568,0,0
0.01361,0,0
0.02384,0,0
0.02823,0,0
0.02685,0,0
0.02531,0,0
0.02378,0,0
0.02578,0,0
0.03159,0,0
0.03735,0,0
0.04453,0,0
0.04076,0,0
0.02962,0,0
0.01823,0,0
0.00725,0,0
0.00532,0,0
0.00384,0,0
0.00234,0,0
0.00082,0,0
5e-05,0,0
5e-05,0,0
5e-05,0,0
5e-05,0,0
0.0,0,0
0.0,0,0
0.0,0,0
0.0,0,0
0.0,0,0
0.0,0,0
0.0,0,0
0.0,0,0
0.0,0,0
0.00121,0,0
0.00378,0,0
0.00637,0,0
0.01592,0,0
0.03252,0,0
0.04176,0,0
0.04365,0,0
0.05047,0,0
0.06162,0,0
0.06394,0,0
0.06517,1,0
0.05309,0,0
0.02628,0,0
0.03558,0,0
0.07471,1,1
0.11441,1,1
0.15398,1,1
0.17281,1,1
0.17782,1,1
0.18949,1,1
0.20752,1,1
0.1955,1,1
0.15403,1,1
0.12386,1,1
0.10426,1,1
0.10453,1,1
0.1206,1,1
0.13299,1,1
0.14806,1,1
0.16674,1,1
0.19389,1,1
0.2038,1,1
0.18502,1,1
0.17104,1,1
0.15273,1,1
0.11882,1,1
0.07882,1,1
0.04962,0,0
0.03202,0,0
0.02961,0,0
0.02839,0,0
0.02448,0,0
0.01871,0,0
0.01399,0,0
0.01009,0,0
0.00604,0,0
0.00193,0,0
0.0,0,0
0.0,0,0
0.0,0,0
0.0,0,0
0.0,0,0
0.0,0,0
0.0,0,0
0.0,0,0
0.0,0,0
0.0,0,0
0.0,0,0
0.0,0,0
0.0,0,0
0.0,0,0
0.0,0,0
0.0,0,0
0.0,0,0
0.0,0,0
0.0,0,0
0.0,0,0
0.0,0,0
0.0,0,0
0.0,0,0
0.0,0,0
0.0,0,0
0.0,0,0
0.0,0,0
0.0,0,0
0.0,0,0
0.0,0,0
0.0,0,0
0.0,0,0
5e-05,0,0
5e-05,0,0
5e-05,0,0
5e-05,0,0
0.00058,0,0
0.00163,0,0
0.00269,0,0
0.00375,0,0
0.00612,0,0
0.01717,0,0
0.0349,0,0
0.05649,0,0
0.07011,0,0
0.06991,0,0
0.06945,0,0
0.06925,0,0
0.06394,0,0
0.059,0,0
0.06016,0,0
0.06487,0,0
0.1068,0,0
0.21099,0,0
0.34586,0,0
0.53996,0,0
0.6386,1,0
0.59648,0,0
0.59024,0,0
0.63116,1,1
0.64849,1,1
0.6473,1,1
0.64616,1,1
0.6263,1,1
0.62427,1,1
0.63853,1,1
0.63868,1,1
0.62961,1,1
0.61815,1,1
0.6045,0,1
0.60756,1,1
0.6297,1,1
0.6511,1,1
0.67316,1,1
0.68084,1,1
0.67237,1,1
0.66866,1,1
0.66732,1,1
0.64158,1,1
0.59529,0,0
0.55457,0,0
0.52098,0,0
0.48449,0,0
0.44859,0,0
0.43662,0,0
0.45439,0,0
0.43609,0,0
0.39979,0,0
0.39054,0,0
0.46525,0,0
0.6058,1,1
0.74026,1,1
0.75371,1,1
0.64079,1,1
0.52142,0,0
0.40275,0,0
0.31173,0,0
0.23284,0,0
0.17319,0,0
0.12354,0,0
0.09951,0,0
0.08393,0,0
0.07136,0,0
0.05994,0,0
0.06339,0,0
0.08227,0,0
0.10775,0,0
0.13343,0,0
0.13394,0,0
0.10899,0,0
0.08385,0,0
0.0651,0,0
0.05216,0,0
0.04446,0,0
0.03686,0,0
0.03197,0,0
0.03552,0,0
0.05339,0,0
0.07313,0,0
0.09464,0,0
0.10563,0,0
0.09915,0,0
0.09323,0,0
0.08854,0,0
0.09136,0,0
0.10298,0,0
0.11732,0,0
0.1321,0,0
0.14023,0,0
0.14192,0,0
0.14311,0,0
0.14485,0,0
0.13872,0,0
0.12474,0,0
0.11084,0,0
0.09955,0,0
0.08937,0,0
0.07924,0,0
0.06892,0,0
0.05894,0,0
0.06127,0,0
0.07549,0,0
0.08924,0,0
0.10426,0,0
0.11571,0,0
0.12688,0,0
0.14574,0,0
0.16523,0,0
0.20652,0,0
0.28381,0,0
0.38253,0,0
0.49355,0,0
0.58628,0,0
0.64718,1,1
0.69716,1,1
0.73142,1,1
0.75164,1,1
0.75912,1,1
0.76272,1,1
0.75023,1,1
0.74037,1,1
0.74131,1,1
0.73425,1,1
0.72186,1,1
0.71633,1,1
0.71366,1,1
0.70856,1,1
0.70337,1,1
0.70302,1,1
0.71147,1,1
0.71,1,1
0.70079,1,1
0.68648,1,1
0.67297,1,1
0.65499,1,1
0.63467,1,1
0.61623,1,1
0.60272,0,0
0.57261,0,0
0.53014,0,0
0.49664,0,0
0.4727,0,0
0.42368,0,0
0.35875,0,0
0.29919,0,0
0.24495,0,0
0.19573,0,0
0.14796,0,0
0.10695,0,0
0.07388,0,0
0.0464,0,0
0.02647,0,0
0.01963,0,0
0.02152,0,0
0.02342,0,0
0.02534,0,0
0.03011,0,0
0.04002,0,0
0.05208,0,0
0.06416,0,0
0.0727,0,0
0.0774,0,0
0.08324,0,0
0.08965,0,0
0.09563,0,0
0.10097,0,0
0.10643,0,0
0.11203,0,0
0.11958,0,0
0.12906,0,0
0.1391,0,0
0.14933,0,0
0.14903,0,0
0.13867,0,0
0.12781,0,0
0.11642,0,0
0.12904,0,0
0.16626,0,0
0.23262,1,1
0.30171,1,1
0.32257,1,1
0.28169,1,1
0.2446,1,1
0.20538,1,1
0.16874,0,0
0.13785,0,0
0.10647,0,0
0.083,0,0
0.07132,0,0
0.07134,0,0
0.07163,0,0
0.07192,0,0
0.07972,0,0
0.09477,0,0
0.1113,0,0
0.1314,0,0
0.13741,0,0
0.12986,0,0
0.12257,0,0
0.11552,0,0
0.11928,0,0
0.13697,0,0
0.1589,0,0
0.1804,0,0
0.20619,1,1
0.23476,1,1
0.25137,1,1
0.25667,1,1
0.28885,1,1
0.35029,1,1
0.4456,1,1
0.55523,1,1
0.58955,1,1
0.53986,1,1
0.50505,1,1
0.47887,1,1
0.49215,1,1
0.54711,1,1
0.54083,1,1
0.47719,1,1
0.37455,1,1
0.25617,1,1
0.19208,0,0
0.16375,0,0
0.14677,0,0
0.13292,0,0
0.12598,0,0
0.12204,0,0
0.12219,0,0
0.12716,0,0
0.13631,0,0
0.14978,0,0
0.17143,0,0
0.20216,0,0
0.19128,0,0
0.13921,0,0
0.09325,0,0
0.05391,0,0
0.03868,0,0
0.04671,0,0
0.04684,0,0
0.03996,0,0
0.03405,0,0
0.02616,0,0
0.01873,0,0
0.01176,0,0
0.00577,0,0
0.00174,0,0
0.0,0,0
0.0,0,0
0.0,0,0
0.0,0,0
0.0,0,0
0.0,0,0
0.0,0,0
0.0,0,0
0.0,0,0
0.0,0,0
0.0,0,0
0.0,0,0
0.0,0,0
0.0,0,0
0.0,0,0
0.00036,0,0
0.00154,0,0
0.00285,0,0
0.00418,0,0
0.00554,0,0
0.00596,0,0
0.00541,0,0
0.00485,0,0
0.00425,0,0
0.0031,0,0
0.0014,0,0
0.0,0,0
0.0,0,0
0.0,0,0
0.0,0,0
0.0,0,0
0.0,0,0
0.0,0,0
0.0,0,0
0.0,0,0
0.0,0,0
0.0,0,0
0.00032,0,0
0.00195,0,0
0.00359,0,0
0.00345,0,0
0.00155,0,0
0.0,0,0
0.0,0,0
0.0,0,0
0.0,0,0
0.0,0,0
0.0,0,0
0.0,0,0
0.00362,0,0
0.01192,0,0
0.02191,0,0
0.02485,0,0
0.02093,0,0
0.02104,0,0
0.02638,0,0
0.0252,0,0
0.01758,0,0
0.03136,0,0
0.06601,0,0
0.09515,0,0
0.11924,0,0
0.14261,1,1
0.16445,1,1
0.19449,1,1
0.23297,1,1
0.24587,1,1
0.23499,1,1
0.22365,1,1
0.21241,1,1
0.22479,1,1
0.2601,1,1
0.29942,1,1
0.3419,1,1
0.34478,1,1
0.31016,1,1
0.29172,1,1
0.29019,1,1
0.26696,1,1
0.22125,1,1
0.17011,1,1
0.12899,1,1
0.11545,0,0
0.12059,0,0
0.12136,1,0
0.11819,0,0
0.11104,0,0
0.10375,0,0
0.10109,0,0
0.09847,0,0
0.0838,0,0
0.06012,0,0
0.03841,0,0
0.02001,0,0
0.00867,0,0
0.00276,0,0
0.0,0,0
0.0,0,0
0.0,0,0
0.0,0,0
0.0,0,0
0.0,0,0
0.0,0,0
0.00025,0,0
0.0017,0,0
0.00338,0,0
0.00506,0,0
0.00858,0,0
0.01161,0,0
0.00966,0,0
0.00767,0,0
0.00624,0,0
0.01183,0,0
0.02631,0,0
0.04294,0,0
0.06595,0,0
0.10422,0,0
0.17308,1,1
0.28673,1,1
0.45054,1,1
0.4705,1,1
0.34321,1,1
0.23909,1,1
0.15655,0,0
0.11939,0,0
0.09637,0,0
0.07917,0,0
0.06147,0,0
0.04595,0,0
0.03705,0,0
0.02864,0,0
0.0201,0,0
0.01391,0,0
0.01018,0,0
0.00759,0,0
0.00682,0,0
0.00709,0,0
0.01019,0,0
0.0165,0,0
0.02272,0,0
0.02327,0,0
0.01819,0,0
0.01311,0,0
0.00812,0,0
0.01419,0,0
0.03102,0,0
0.05164,0,0
0.07831,0,0
0.09655,0,0
0.10718,0,0
0.10574,0,0
0.09206,0,0
0.0754,0,0
0.05581,0,0
0.05356,0,0
0.07049,0,0
0.08512,0,0
0.09731,0,0
0.09525,0,0
0.08552,0,0
0.07876,0,0
0.08029,0,0
0.10023,0,0
0.13572,0,0
0.1678,0,0
0.19217,0,0
0.21725,0,0
0.24559,1,1
0.28422,1,1
0.33942,1,1
0.38748,1,1
0.41466,1,1
0.45506,1,1
0.49226,1,1
0.52905,1,1
0.5675,1,1
0.61943,1,1
0.67951,1,1
0.72126,1,1
0.74074,1,1
0.7367,1,1
0.70681,1,1
0.69592,1,1
0.69988,1,1
0.62586,1,1
0.47011,1,1
0.33044,1,1
0.2207,1,1
0.16672,0,0
0.14692,0,0
0.13227,0,0
0.11404,0,0
0.10033,0,0
0.09075,0,0
0.08132,0,0
0.07319,0,0
0.06407,0,0
0.05278,0,0
0.04128,0,0
0.03153,0,0
0.03318,0,0
0.04889,0,0
0.06584,0,0
0.08346,0,0
0.0924,0,0
0.08636,0,0
0.08084,0,0
0.07666,0,0
0.08318,0,0
0.10771,0,0
0.1323,0,0
0.16271,0,0
0.17184,0,0
0.14945,0,0
0.13463,0,0
0.119,0,0
0.10722,0,0
0.10026,0,0
0.09391,0,0
0.08884,0,0
0.08675,0,0
0.08738,0,0
0.08833,0,0
0.08898,0,0
0.10425,0,0
0.14148,0,0
0.17929,0,0
0.24677,0,0
0.22941,0,0
0.1507,0,0
0.09547,0,0
0.05247,0,0
0.04438,0,0
0.06928,0,0
0.09461,0,0
0.12601,0,0
0.1398,0,0
0.13351,0,0
0.12684,0,0
0.12075,0,0
0.09069,0,0
0.05549,0,0
0.04555,0,0
0.05321,0,0
0.06877,0,0
0.08059,0,0
0.09858,0,0
0.12498,0,0
0.15239,0,0
0.18005,0,0
0.19179,0,0
0.18731,0,0
0.18185,0,0
0.17665,0,0
0.18574,0,0
0.21106,0,0
0.24383,0,0
0.28326,0,0
0.29916,1,0
0.28231,0,0
0.26613,0,0
0.2449,0,0
0.24561,0,0
0.27086,0,0
0.28741,1,1
0.29509,1,1
0.28796,1,1
0.26673,0,0
0.25348,0,0
0.24938,0,0
0.2308,0,0
0.19899,0,0
0.17141,0,0
0.14854,0,0
0.13474,0,0
0.1301,0,0
0.12255,0,0
0.11215,0,0
0.0848,0,0
0.04015,0,0
0.02579,0,0
0.04303,0,0
0.0645,0,0
0.08944,0,0
0.11063,0,0
0.12413,0,0
0.13278,0,0
0.13718,0,0
0.2174,0,0
0.43027,1,1
0.69176,1,1
0.92846,1,1
1.02366,1,1
0.99164,1,1
0.95904,1,1
0.92465,1,1
0.91944,1,1
0.94199,1,1
0.96714,1,1
0.99175,1,1
0.93484,1,1
0.79095,1,1
0.63233,1,1
0.46453,1,1
0.37894,1,1
0.35832,1,1
0.33859,1,1
0.3186,1,1
0.30112,1,1
0.28487,0,0
0.27424,0,0
0.26427,0,0
0.29449,1,1
0.39249,1,1
0.49456,1,1
0.61719,1,1
0.65216,1,1
0.59786,1,1
0.54045,1,1
0.48816,1,1
0.42988,1,1
0.36213,1,1
0.30188,1,1
0.25215,0,0
0.20707,0,0
0.17565,0,0
0.15423,0,0
0.13279,0,0
0.11174,0,0
0.09416,0,0
0.07867,0,0
0.06281,0,0
0.04203,0,0
0.02281,0,0
0.00702,0,0
0.00305,0,0
0.00109,0,0
0.00401,0,0
0.01015,0,0
0.01637,0,0
0.04457,0,0
0.0998,0,0
0.1284,0,0
0.1215,0,0
0.1199,0,0
0.1265,0,0
0.13704,0,0
0.15266,0,0
0.16894,0,0
0.18533,0,0
0.19324,0,0
0.19201,0,0
0.19849,0,0
0.21138,0,0
0.20511,0,0
0.17904,0,0
0.15934,0,0
0.14581,0,0
0.12797,0,0
0.10674,0,0
0.08341,0,0
0.06081,0,0
0.05644,0,0
0.08061,0,0
0.09404,0,0
0.09641,0,0
0.08273,0,0
0.05862,0,0
0.02835,0,0
0.01074,0,0
0.01121,0,0
0.02615,0,0
0.04842,0,0
0.063,0,0
0.07044,0,0
0.07045,0,0
0.0786,0,0
0.09367,0,0
0.0873,0,0
0.06134,0,0
0.04863,0,0
0.0587,0,0
0.08664,0,0
0.13377,0,0
0.1579,0,0
0.13464,0,0
0.1185,0,0
0.10257,0,0
0.0969,0,0
0.10167,0,0
0.10651,0,0
0.1114,0,0
0.14096,0,0
0.23348,0,0
0.35816,1,1
0.50969,1,1
0.54105,1,1
0.43788,1,1
0.34993,1,1
0.26439,0,1
0.29187,1,1
0.43817,1,1
0.61748,1,1
0.79155,1,1
0.91061,1,1
0.98323,1,1
1.05969,1,1
1.13942,1,1
1.12328,1,1
1.00525,1,1
0.88187,1,1
0.75436,1,1
0.6895,1,1
0.69924,1,1
0.70674,1,1
0.7144,1,1
0.71959,1,1
0.7222,1,1
0.72483,1,1
0.72747,1,1
0.65293,1,1
0.50738,1,1
0.38005,1,1
0.27456,1,1
0.23545,0,0
0.25015,0,0
0.26387,1,1
0.27749,1,1
0.24261,0,0
0.17027,0,0
0.12448,0,0
0.08542,0,0
0.0598,0,0
0.04619,0,0
0.04182,0,0
0.03756,0,0
0.05555,0,0
0.09659,0,0
0.12507,0,0
0.14084,0,0
0.16914,0,0
0.21056,0,0
0.22335,0,0
0.20566,0,0
0.18333,0,0
0.1681,0,0
0.16422,0,0
0.15539,0,0
0.13934,0,0
0.14915,0,0
0.1603,0,0
0.20024,0,0
0.2578,1,1
0.33536,1,1
0.33823,1,1
0.26405,1,1
0.20918,0,0
0.17829,0,0
0.15531,0,0
0.12296,0,0
0.07113,0,0
0.03445,0,0
0.03091,0,0
0.0282,0,0
0.02041,0,0
0.0868,0,0
0.08903,0,0
0.09155,0,0
0.13585,0,0
0.21966,0,0
0.22307,0,0
0.15142,0,0
0.10383,0,0
0.07957,0,0
0.07129,0,0
0.07859,0,0
0.08553,0,0
0.09253,0,0
0.11062,0,0
0.13303,0,0
0.13001,0,0
0.10142,0,0
0.0748,0,0
0.05358,0,0
0.04054,0,0
0.03615,0,0
0.03334,0,0
0.0305,0,0
0.03835,0,0
0.06561,0,0
0.09627,0,0
0.13402,0,0
0.17231,0,0
0.20893,0,0
0.24502,0,0
0.28552,1,1
0.27517,1,1
0.22378,0,0
0.17156,0,0
0.13564,0,0
0.12665,0,0
0.13844,0,0
0.1507,0,0
0.16346,0,0
0.16324,0,0
0.14953,0,0
0.13561,0,0
0.1215,0,0
0.11138,0,0
0.10527,0,0
0.09931,0,0
0.09498,0,0
0.09312,0,0
0.09383,0,0
0.09455,0,0
0.09528,0,0
0.0816,0,0
0.05368,0,0
0.0331,0,0
0.01498,0,0
0.0079,0,0
0.0097,0,0
0.01222,0,0
0.01467,0,0
0.02007,0,0
0.0284,0,0
0.03637,0,0
0.04482,0,0
0.05998,0,0
0.08658,0,0
0.12453,0,0
0.17379,0,0
0.18697,0,0
0.16807,0,0
0.15316,0,0
0.14495,0,0
0.14569,0,0
0.15125,0,0
0.16714,0,0
0.19459,0,0
0.23057,1,1
0.26462,1,1
0.27969,1,1
0.27273,1,1
0.27213,1,1
0.27655,1,1
0.27886,1,1
0.27982,1,1
0.29155,1,1
0.31348,1,1
0.29437,1,1
0.235,1,1
0.171,0,0
0.10916,0,0
0.10144,0,0
0.14198,0,0
0.1815,0,0
0.22183,0,0
0.23893,1,0
0.22709,0,0
0.22285,0,0
0.22285,0,0
0.22737,1,1
0.2372,1,1
0.26855,1,1
0.33806,1,1
0.42287,1,1
0.52349,1,1
0.52798,1,1
0.42551,1,1
0.34171,1,1
0.27812,1,1
0.24384,1,1
0.22629,0,0
0.20577,0,0
0.18377,0,0
0.15789,0,0
0.13391,0,0
0.11756,0,0
0.1012,0,0
0.09535,0,0
0.10006,0,0
0.10483,0,0
0.10998,0,0
0.09874,0,0
0.07463,0,0
0.05464,0,0
0.03513,0,0
0.02577,0,0
0.01991,0,0
0.0139,0,0
0.00783,0,0
0.00584,0,0
0.00522,0,0
0.0046,0,0
0.00397,0,0
0.003,0,0
0.00167,0,0
0.00028,0,0
0.0,0,0
0.0,0,0
0.0,0,0
0.0,0,0
0.0,0,0
0.0,0,0
0.0,0,0
0.0,0,0
0.0,0,0
0.0,0,0
0.0,0,0
0.0,0,0
0.0,0,0
0.0,0,0
0.0,0,0
0.0,0,0
0.0,0,0
0.0,0,0
0.0,0,0
0.0,0,0
0.0,0,0
0.0,0,0
0.0,0,0
0.0,0,0
0.0,0,0
0.0,0,0
0.00488,0,0
0.00827,0,0
0.01168,0,0
0.03889,0,0
0.09345,0,0
0.13487,0,0
0.1631,0,0
0.19331,0,0
0.22201,0,0
0.23966,0,0
0.24746,0,0
0.24746,0,0
0.25055,1,1
0.25561,1,1
0.31774,1,1
0.42668,1,1
0.51536,1,1
0.55007,1,1
0.52923,1,1
0.53321,1,1
0.56261,1,1
0.54237,1,1
0.47211,1,1
0.40597,1,1
0.34679,1,1
0.31567,1,1
0.31292,1,1
0.29494,1,1
0.26238,1,1
0.27084,1,1
0.32041,1,1
0.3687,1,1
0.41632,1,1
0.40406,1,1
0.34095,1,1
0.28275,1,1
0.23156,0,0
0.2148,0,0
0.22188,0,0
0.21879,0,0
0.20499,0,0
0.16632,0,0
0.11862,0,0
0.08472,0,0
0.05891,0,0
0.0309,0,0
0.0081,0,0
0.0,0,0
0.0,0,0
0.0,0,0
0.0,0,0
0.0,0,0
0.0,0,0
0.0,0,0
0.0,0,0
0.0,0,0
0.0,0,0
0.0,0,0
0.0,0,0
0.0,0,0
0.0,0,0
0.0,0,0
0.0,0,0
0.0,0,0
0.0,0,0
0.0,0,0
0.0,0,0
0.0,0,0
0.0,0,0
0.0,0,0
0.0,0,0
0.0,0,0
0.0,0,0
0.0,0,0
0.0,0,0
0.0,0,0
0.0,0,0
0.0,0,0
0.0,0,0
0.0,0,0
0.0,0,0
0.0,0,0
0.0,0,0
0.0,0,0
0.0,0,0
0.0,0,0
0.0,0,0
0.0,0,0
0.0,0,0
0.0,0,0
0.0,0,0
0.0,0,0
0.0,0,0
0.0,0,0
0.0,0,0
0.00289,0,0
0.01389,0,0
0.02353,0,0
0.03279,0,0
0.04782,0,0
0.06894,0,0
0.08195,0,0
0.08657,0,0
0.09362,0,0
0.10281,0,0
0.10665,1,0
0.10481,0,0
0.10583,0,0
0.1096,1,1
0.10963,1,1
0.10672,1,1
0.10078,0,0
0.09255,0,0
0.09828,0,0
0.11816,1,1
0.13528,1,1
0.15003,1,1
0.16025,1,1
0.16608,1,1
0.18077,1,1
0.2037,1,1
0.20102,1,1
0.17442,1,1
0.15258,1,1
0.13656,1,1
0.12883,1,1
0.12829,1,1
0.12466,1,1
0.11803,1,1
0.11535,1,1
0.11745,1,1
0.11892,1,1
0.11977,1,1
0.11396,1,1
0.1011,0,0
0.09191,0,0
0.08566,0,0
0.07453,0,0
0.05821,0,0
0.04267,0,0
0.02723,0,0
0.01541,0,0
0.00724,0,0
0.00339,0,0
0.00341,0,0
0.00343,0,0
0.00345,0,0
0.00272,0,0
0.00123,0,0
0.0,0,0
0.0,0,0
0.0,0,0
0.0,0,0
0.0,0,0
0.00049,0,0
0.00093,0,0
0.00093,0,0
0.00094,0,0
0.00094,0,0
0.00207,0,0
0.00435,0,0
0.00666,0,0
0.01706,0,0
0.02062,0,0
0.01657,0,0
0.01227,0,0
0.00779,0,0
0.00635,0,0
0.00484,0,0
0.00334,0,0
0.00182,0,0
0.00018,0,0
0.0,0,0
0.0,0,0
0.0,0,0
0.0,0,0
0.0,0,0
0.0,0,0
0.00114,0,0
0.00169,0,0
0.0006,0,0
0.0,0,0
0.0,0,0
0.0,0,0
0.0,0,0
0.0,0,0
0.0,0,0
0.0,0,0
0.0,0,0
0.0,0,0
0.0,0,0
0.00164,0,0
0.00511,0,0
0.00863,0,0
0.01215,0,0
0.0182,0,0
0.02667,0,0
0.04768,0,0
0.08112,0,0
0.11374,0,0
0.14593,0,0
0.17314,0,0
0.19657,0,0
0.22273,0,0
0.25206,1,1
0.26384,1,1
0.25673,1,1
0.25913,1,1
0.27163,1,1
0.26269,1,1
0.23279,1,1
0.21393,0,0
0.20639,0,0
0.17601,0,0
0.12315,0,0
0.05448,0,0
0.01368,0,0
0.0152,0,0
0.04089,0,0
0.07864,0,0
0.10382,0,0
0.11305,0,0
0.10584,0,0
0.10627,0,0
0.11447,0,0
0.11036,0,0
0.09611,0,0
0.08216,0,0
0.06737,0,0
0.05793,0,0
0.05395,0,0
0.04881,0,0
0.0426,0,0
0.03926,0,0
0.0386,0,0
0.03663,0,0
0.03346,0,0
0.029,0,0
0.02334,0,0
0.02575,0,0
0.03593,0,0
0.0515,0,0
0.06749,0,0
0.09634,0,0
0.14547,0,0
0.2299,0,0
0.3383,1,1
0.38999,1,1
0.36869,1,1
0.34725,1,1
0.32566,1,1
0.37797,1,1
0.51657,1,1
0.67207,1,1
0.81972,1,1
0.83566,1,1
0.71861,1,1
0.59713,1,1
0.47196,1,1
0.44635,1,1
0.50979,1,1
0.57994,1,1
0.65305,1,1
0.61991,1,1
0.47819,1,1
0.35813,1,1
0.25777,0,0
0.25965,0,0
0.36609,1,1
0.4961,1,1
0.65291,1,1
0.73577,1,1
0.74147,1,1
0.74442,1,1
0.75026,1,1
0.66521,1,1
0.50075,1,1
0.35586,1,1
0.24721,0,0
0.17354,0,0
0.13408,0,0
0.09824,0,0
0.06969,0,0
0.04837,0,0
0.03856,0,0
0.02936,0,0
0.02038,0,0
0.0162,0,0
0.017,0,0
0.01795,0,0
0.01961,0,0
0.02933,0,0
0.04749,0,0
0.06635,0,0
0.08528,0,0
0.12108,0,0
0.17937,0,0
0.22406,0,0
0.25701,0,0
0.27966,1,0
0.26052,0,0
0.24603,0,0
0.23756,0,0
0.23133,0,0
0.22796,0,0
0.2429,0,0
0.27502,0,0
0.29935,1,1
0.31442,1,1
0.31464,1,1
0.30046,1,1
0.28415,1,1
0.26759,0,0
0.23358,0,0
0.1857,0,0
0.15255,0,0
0.13451,0,0
0.12294,0,0
0.11763,0,0
0.09362,0,0
0.05488,0,0
0.0494,0,0
0.08796,0,0
0.15981,0,0
0.25693,0,0
0.26142,0,0
0.1851,0,0
0.13803,0,0
0.11653,0,0
0.09643,0,0
0.07742,0,0
0.05939,0,0
0.04511,0,0
0.03496,0,0
0.02979,0,0
0.02596,0,0
0.02219,0,0
0.01837,0,0
0.01451,0,0
0.01861,0,0
0.03082,0,0
0.04684,0,0
0.06624,0,0
0.0803,0,0
0.08954,0,0
0.10085,0,0
0.11225,0,0
0.13701,0,0
0.19345,0,0
0.26269,0,0
0.35633,1,1
0.36896,1,1
0.29606,1,1
0.23929,0,0
0.18644,0,0
0.18893,0,0
0.2483,0,0
0.31677,1,1
0.40597,1,1
0.39776,0,0
0.29633,0,0
0.21983,0,0
0.15685,0,0
0.14398,0,0
0.1611,0,0
0.17862,0,0
0.20854,0,0
0.26076,0,0
0.33798,0,0
0.44313,0,0
0.55185,1,1
0.65865,1,1
0.74541,1,1
0.8312,1,1
0.91158,1,1
0.89598,1,1
0.78338,1,1
0.66551,1,1
0.54779,1,1
0.48139,1,1
0.45211,1,1
0.42143,0,0
0.39118,0,0
0.32101,0,0
0.23874,0,0
0.17468,0,0
0.13261,0,0
0.1199,0,0
0.1281,0,0
0.14316,0,0
0.16449,0,0
0.19881,0,0
0.25062,0,0
0.29457,0,0
0.32945,0,0
0.37034,0,0
0.41995,0,0
0.43378,0,0
0.41072,0,0
0.35964,0,0
0.31026,0,0
0.30819,0,0
0.36802,0,0
0.44696,1,1
0.49515,1,1
0.50944,1,1
0.49641,1,1
0.51689,1,1
0.57061,1,1
0.5311,1,1
0.40212,0,0
0.25965,0,0
0.27355,0,0
0.30284,0,0
0.37048,0,0
0.42631,0,0
0.46241,1,1
0.4711,1,1
0.44854,1,1
0.4436,1,1
0.45192,1,1
0.41794,0,0
0.35455,0,0
0.31979,0,0
0.30829,0,0
0.26768,0,0
0.21124,0,0
0.1776,0,0
0.15231,0,0
0.13177,0,0
0.11677,0,0
0.11562,0,0
0.12871,0,0
0.14155,0,0
0.16439,0,0
0.16541,0,0
0.14464,0,0
0.13318,0,0
0.1215,0,0
0.13813,0,0
0.21245,0,0
0.30618,0,0
0.42268,0,0
0.46552,1,0
0.41723,0,0
0.37537,0,0
0.33296,0,0
0.27501,0,0
0.22372,0,0
0.17155,0,0
0.13525,0,0
0.11336,0,0
0.09722,0,0
0.08385,0,0
0.07173,0,0
0.0847,0,0
0.13321,0,0
0.19799,0,0
0.29548,0,0
0.34579,0,0
0.32226,0,0
0.3045,0,0
0.28782,0,0
0.31031,0,0
0.38748,1,1
0.47398,1,1
0.5666,1,1
0.56887,1,1
0.48152,1,1
0.39826,1,1
0.32143,0,0
0.26925,0,0
0.22365,0,0
0.18325,0,0
0.158,0,0
0.14517,0,0
0.14408,0,0
0.14301,0,0
0.14195,0,0
0.12769,0,0
0.10248,0,0
0.08381,0,0
0.06543,0,0
0.06641,0,0
0.08601,0,0
0.10245,0,0
0.11675,0,0
0.14082,0,0
0.17259,0,0
0.23345,0,0
0.31279,0,0
0.37315,1,1
0.37252,1,1
0.35945,0,0
0.32895,0,0
0.37214,0,0
0.51518,1,1
0.68172,1,1
0.83174,1,1
0.85571,1,1
0.75641,1,1
0.65966,1,1
0.56501,1,1
0.502,1,1
0.46816,1,1
0.44521,1,1
0.4348,1,1
0.43993,1,1
0.45954,1,1
0.46283,1,1
0.45212,1,1
0.39968,1,1
0.30672,0,0
0.23618,0,0
0.17896,0,0
0.15362,0,0
0.14417,0,0
0.13388,0,0
0.1228,0,0
0.10894,0,0
0.09218,0,0
0.08419,0,0
0.0847,0,0
0.08593,0,0
0.08757,0,0
0.08017,0,0
0.06361,0,0
0.06027,0,0
0.06982,0,0
0.07967,0,0
0.09139,0,0
0.10711,0,0
0.12519,0,0
0.14394,0,0
0.17132,0,0
0.16021,0,0
0.12633,0,0
0.09521,0,0
0.07026,0,0
0.05292,0,0
0.0415,0,0
0.03304,0,0
0.02559,0,0
0.02726,0,0
0.03816,0,0
0.05468,0,0
0.0719,0,0
0.08536,0,0
0.09702,0,0
0.1111,0,0
0.12576,0,0
0.12125,0,0
0.09719,0,0
0.07928,0,0
0.06111,0,0
0.0474,0,0
0.04049,0,0
0.03475,0,0
0.02888,0,0
0.02478,0,0
0.02242,0,0
0.02002,0,0
0.01758,0,0
0.0118,0,0
0.007,0,0
0.00509,0,0
0.0032,0,0
0.00169,0,0
0.0006,0,0
0.0,0,0
0.0,0,0
0.0,0,0
0.0,0,0
0.0,0,0
0.0,0,0
0.00447,0,0
0.01399,0,0
0.02377,0,0
0.03356,0,0
0.05982,0,0
0.1041,0,0
0.1279,0,0
0.12814,0,0
0.13992,1,1
0.16467,1,1
0.16258,1,1
0.13337,0,0
0.10583,0,0
0.08044,0,0
0.07868,0,0
0.1002,0,0
0.11181,0,0
0.11342,0,0
0.13688,0,0
0.18878,1,1
0.23632,1,1
0.27946,1,1
0.29541,1,1
0.2798,1,1
0.27795,1,1
0.29137,1,1
0.29243,1,1
0.28204,1,1
0.27941,1,1
0.28776,1,1
0.28644,1,1
0.27169,1,1
0.24611,1,1
0.21304,1,1
0.19316,1,1
0.1994,1,1
0.21948,1,1
0.24142,1,1
0.2148,1,1
0.14449,1,1
0.09024,0,0
0.04898,0,0
0.02918,0,0
0.02952,0,0
0.02483,0,0
0.01533,0,0
0.00995,0,0
0.0113,0,0
0.01004,0,0
0.006,0,0
0.00496,0,0
0.0039,0,0
0.00308,0,0
0.00248,0,0
0.00185,0,0
0.00122,0,0
0.00091,0,0
0.00091,0,0
0.00092,0,0
0.00092,0,0
0.00126,0,0
0.00194,0,0
0.00264,0,0
0.00333,0,0
0.00346,0,0
0.00302,0,0
0.00257,0,0
0.00212,0,0
0.00249,0,0
0.00372,0,0
0.005,0,0
0.00634,0,0
0.00902,0,0
0.01631,0,0
0.02371,0,0
0.03125,0,0
0.04843,0,0
0.08649,0,0
0.13265,0,0
0.18664,0,0
0.22995,0,0
0.22192,0,0
0.21459,0,0
0.20621,0,0
0.22564,0,0
0.27198,0,0
0.31807,0,0
0.36997,0,0
0.41612,0,0
0.44217,0,0
0.46788,0,0
0.49326,1,1
0.48816,1,1
0.45357,0,0
0.42154,0,0
0.38871,0,0
0.35387,0,0
0.32791,0,0
0.31463,0,0
0.30914,0,0
0.29741,0,0
0.29285,0,0
0.28692,0,0
0.30683,0,0
0.3879,0,0
0.47021,1,1
0.52756,1,1
0.55269,1,1
0.60479,1,1
0.68812,1,1
0.70919,1,1
0.65586,1,1
0.58154,1,1
0.49814,1,1
0.46268,0,1
0.48158,1,1
0.49353,1,1
0.49506,1,1
0.49496,1,1
0.49335,1,1
0.49221,1,1
0.49154,1,1
0.49218,1,1
0.49367,1,1
0.50312,1,1
0.5227,1,1
0.5084,1,1
0.4633,0,0
0.41176,0,0
0.35323,0,0
0.3546,0,0
0.4033,0,0
0.44494,0,0
0.47775,1,0
0.43191,0,0
0.32955,0,0
0.24827,0,0
0.18763,0,0
0.14362,0,0
0.10888,0,0
0.07779,0,0
0.05056,0,0
0.02561,0,0
0.00681,0,0
0.0,0,0
0.0,0,0
0.0,0,0
0.0,0,0
0.0,0,0
0.0,0,0
0.0,0,0
0.0,0,0
0.0,0,0
0.0,0,0
0.0,0,0
0.0,0,0
0.0,0,0
0.0,0,0
0.0,0,0
0.0,0,0
0.0,0,0
0.0,0,0
0.0,0,0
0.0,0,0
0.0,0,0
0.0,0,0
0.0,0,0
0.0,0,0
0.0,0,0
0.0,0,0
0.0,0,0
0.0,0,0
0.0,0,0
0.0,0,0
0.0,0,0
0.00141,0,0
0.00169,0,0
0.00061,0,0
0.0,0,0
0.0,0,0
0.0,0,0
0.0,0,0
0.00062,0,0
0.00175,0,0
0.00204,0,0
0.00147,0,0
0.0009,0,0
0.00034,0,0
0.0,0,0
0.0,0,0
0.0,0,0
0.0,0,0
0.00431,0,0
0.01337,0,0
0.02254,0,0
0.03157,0,0
0.02937,0,0
0.01628,0,0
0.01994,0,0
0.04049,0,0
0.05268,0,0
0.05623,0,0
0.07569,0,0
0.10873,0,0
0.15041,1,1
0.20148,1,1
0.19957,1,1
0.14524,1,1
0.1052,0,0
0.07913,0,0
0.05907,0,0
0.04404,0,0
0.01779,0,0
0.06788,0,0
0.06708,0,0
0.0663,0,0
0.08681,0,0
0.12805,1,1
0.15132,1,1
0.15641,1,1
0.17528,1,1
0.20828,1,1
0.20744,1,1
0.17354,1,1
0.14738,1,1
0.12965,1,1
0.11251,0,0
0.09566,0,0
0.07496,0,0
0.05052,0,0
0.03731,0,0
0.0349,0,0
0.02939,0,0
0.02105,0,0
0.01663,0,0
0.01598,0,0
0.01474,0,0
0.01282,0,0
0.01077,0,0
0.01173,0,0
0.0235,0,0
0.04956,0,0
0.08356,0,0
0.12945,1,1
0.1491,1,1
0.14116,1,1
0.13311,1,1
0.12495,1,1
0.10988,0,0
0.08776,0,0
0.07156,0,0
0.05496,0,0
0.06276,0,0
0.0971,0,0
0.14166,1,1
0.20685,1,1
0.22869,1,1
0.19197,1,1
0.15834,1,1
0.13751,1,1
0.11291,0,0
0.0866,0,0
0.06479,0,0
0.04244,0,0
0.03374,0,0
0.0313,0,0
0.02896,0,0
0.02651,0,0
0.03476,0,0
0.05856,0,0
0.08876,0,0
0.12431,0,0
0.15184,0,0
0.16413,0,0
0.17592,1,1
0.18855,1,1
0.20145,1,1
0.21252,1,1
0.22279,1,1
0.23399,1,1
0.25714,1,1
0.29312,1,1
0.33044,1,1
0.37318,1,1
0.34471,1,1
0.26564,1,1
0.18976,1,1
0.1467,0,0
0.10765,0,0
0.08247,0,0
0.05862,0,0
0.04505,0,0
0.0568,0,0
0.09882,0,0
0.14427,0,0
0.19804,1,1
0.25552,1,1
0.31327,1,1
0.3751,1,1
0.4507,1,1
0.42374,1,1
0.31327,1,1
0.21881,1,1
0.15302,0,0
0.11521,0,0
0.09865,0,0
0.10961,0,0
0.14644,0,0
0.17544,0,0
0.19655,1,1
0.19618,1,1
0.17559,1,1
0.15283,0,0
0.1281,0,0
0.10927,0,0
0.09309,0,0
0.08417,0,0
0.08004,0,0
0.07952,0,0
0.08319,0,0
0.08803,0,0
0.09453,0,0
0.08914,0,0
0.07073,0,0
0.0525,0,0
0.03462,0,0
0.0286,0,0
0.03429,0,0
0.03906,0,0
0.04312,0,0
0.03859,0,0
0.02583,0,0
0.01002,0,0
0.00096,0,0
0.00096,0,0
0.0,0,0
0.0,0,0
0.0,0,0
0.00059,0,0
0.00255,0,0
0.00355,0,0
0.00357,0,0
0.00359,0,0
0.00362,0,0
0.00318,0,0
0.00229,0,0
0.0014,0,0
0.0005,0,0
0.0005,0,0
0.00141,0,0
0.00233,0,0
0.00326,0,0
0.00478,0,0
0.00691,0,0
0.01678,0,0
0.02699,0,0
0.03418,0,0
0.03837,0,0
0.0426,0,0
0.04912,0,0
0.04603,0,0
0.03684,0,0
0.02837,0,0
0.01984,0,0
0.01372,0,0
0.01008,0,0
0.0076,0,0
0.00686,0,0
0.00788,0,0
0.02021,0,0
0.03345,0,0
0.0469,0,0
0.05202,0,0
0.04414,0,0
0.03763,0,0
0.03105,0,0
0.02433,0,0
0.0176,0,0
0.01087,0,0
0.00754,0,0
0.00751,0,0
0.0107,0,0
0.01713,0,0
0.02341,0,0
0.02781,0,0
0.03118,0,0
0.03474,0,0
0.03841,0,0
0.03333,0,0
0.01645,0,0
0.02735,0,0
0.06657,0,0
0.09815,0,0
0.12116,0,0
0.1441,0,0
0.16694,0,0
0.20297,0,0
0.25411,0,0
0.26866,1,0
0.24551,0,0
0.23497,0,0
0.23866,0,0
0.22753,0,0
0.20139,0,0
0.17459,0,0
0.14934,0,0
0.14321,0,0
0.15275,0,0
0.16633,0,0
0.18243,0,0
0.17166,0,0
0.1334,0,0
0.09914,0,0
0.06778,0,0
0.05755,0,0
0.06884,0,0
0.07568,0,0
0.08691,0,0
0.10498,0,0
0.13575,0,0
0.15369,0,0
0.15964,0,0
0.14652,0,0
0.11489,0,0
0.09374,0,0
0.08286,0,0
0.08119,0,0
0.08791,0,0
0.09704,0,0
0.11511,0,0
0.13524,0,0
0.16286,0,0
0.24916,0,0
0.42478,1,1
0.64471,1,1
0.85434,1,1
0.96733,1,1
0.99685,1,1
1.0297,1,1
1.06244,1,1
1.13459,1,1
1.2403,1,1
1.31961,1,1
1.37266,1,1
1.3805,1,1
1.38499,1,1
1.38952,1,1
1.39408,1,1
1.39866,1,1
1.39997,1,1
1.39115,1,1
1.37638,1,1
1.39498,1,1
1.44391,1,1
1.48837,1,1
1.52947,1,1
1.54182,1,1
1.49245,1,1
1.4079,1,1
1.29682,1,1
1.21408,1,1
1.17288,1,1
1.12978,1,1
1.08987,1,1
1.06945,1,1
1.0778,1,1
1.08629,1,1
1.09058,1,1
1.04166,1,1
0.9276,1,1
0.81352,1,1
0.69333,1,1
0.56032,1,1
0.44091,1,1
0.32739,0,0
0.24156,0,0
0.18309,0,0
0.15582,0,0
0.12919,0,0
0.10389,0,0
0.09421,0,0
0.0943,0,0
0.09422,0,0
0.09459,0,0
0.10045,0,0
0.11731,0,0
0.1475,0,0
0.20711,0,0
0.25956,0,0
0.27282,0,0
0.28027,0,0
0.28218,0,0
0.29931,0,0
0.33141,0,0
0.35576,0,0
0.37256,0,0
0.39495,1,1
0.42144,1,1
0.42199,1,1
0.39745,1,1
0.3905,1,1
0.39827,1,1
0.33374,0,0
0.20144,0,0
0.12463,0,0
0.09673,0,0
0.07099,0,0
0.05059,0,0
0.07203,0,0
0.14179,0,0
0.21408,0,0
0.28796,0,0
0.29326,0,0
0.22862,0,0
0.19136,0,0
0.18132,0,0
0.15697,0,0
0.12568,0,0
0.10744,0,0
0.1062,0,0
0.10829,0,0
0.12083,0,0
0.1279,0,0
0.1344,0,0
0.129,0,0
0.11065,0,0
0.08662,0,0
0.06429,0,0
0.0573,0,0
0.06234,0,0
0.06745,0,0
0.07262,0,0
0.07549,0,0
0.076,0,0
0.07676,0,0
0.07753,0,0
0.06964,0,0
0.0535,0,0
0.03746,0,0
0.02703,0,0
0.01971,0,0
0.01552,0,0
0.01131,0,0
0.00706,0,0
0.00605,0,0
0.00541,0,0
0.00476,0,0
0.0041,0,0
0.00357,0,0
0.00315,0,0
0.00272,0,0
0.00228,0,0
0.00193,0,0
0.00169,0,0
0.00144,0,0
0.00119,0,0
0.00235,0,0
0.00495,0,0
0.00765,0,0
0.01969,0,0
0.02633,0,0
0.02655,0,0
0.02677,0,0
0.027,0,0
0.03174,0,0
0.041,0,0
0.05168,0,0
0.0664,0,0
0.07649,0,0
0.08274,0,0
0.08899,0,0
0.09525,0,0
0.09288,0,0
0.08201,0,0
0.07128,0,0
0.0607,0,0
0.06843,0,0
0.09712,0,0
0.13015,0,0
0.16918,0,0
0.20716,0,0
0.25198,0,0
0.28215,0,0
0.28045,0,0
0.27883,0,0
0.2761,0,0
0.30167,0,0
0.36421,0,0
0.42136,0,0
0.47297,1,1
0.4901,1,1
0.46814,1,1
0.4561,0,0
0.4518,0,0
0.45958,0,0
0.48237,1,1
0.52408,1,1
0.59396,1,1
0.67031,1,1
0.76533,1,1
0.80604,1,1
0.77125,1,1
0.7094,1,1
0.63157,1,1
0.57413,1,1
0.53082,1,1
0.50692,1,1
0.49812,1,1
0.5009,1,1
0.5125,1,1
0.50377,1,1
0.47503,1,1
0.45064,0,0
0.43394,0,0
0.42439,0,0
0.42481,0,0
0.44528,0,0
0.48618,1,1
0.53525,1,1
0.5886,1,1
0.54462,1,1
0.40732,0,0
0.29747,0,0
0.21492,0,0
0.18554,0,0
0.19777,0,0
0.21073,0,0
0.22386,0,0
0.20363,0,0
0.15007,0,0
0.12012,0,0
0.08978,0,0
0.07775,0,0
0.07778,0,0
0.07806,0,0
0.07808,0,0
0.07013,0,0
0.05386,0,0
0.03795,0,0
0.02738,0,0
0.01996,0,0
0.01577,0,0
0.01148,0,0
0.00716,0,0
0.00584,0,0
0.00452,0,0
0.00316,0,0
0.00176,0,0
0.0003,0,0
0.0,0,0
0.0,0,0
0.0,0,0
0.0,0,0
0.0,0,0
0.0,0,0
0.0,0,0
0.0,0,0
0.0,0,0
0.0,0,0
0.0,0,0
0.0,0,0
0.0,0,0
0.0,0,0
0.0,0,0
0.0,0,0
0.0,0,0
0.0,0,0
0.0,0,0
0.0,0,0
0.0,0,0
0.0,0,0
0.0,0,0
0.0,0,0
0.00102,0,0
0.00172,0,0
0.00243,0,0
0.00135,0,0
0.08903,0,0
0.08936,0,0
0.08979,0,0
0.12333,0,0
0.19177,0,0
0.23104,0,0
0.23727,0,0
0.24823,0,0
0.26078,1,1
0.28622,1,1
0.32958,1,1
0.38073,1,1
0.43754,1,1
0.48767,1,1
0.52337,1,1
0.57256,1,1
0.63129,1,1
0.58496,1,1
0.43279,1,1
0.27783,1,1
0.17872,0,0
0.1636,0,0
0.18201,0,0
0.2042,0,0
0.23014,0,0
0.21811,0,0
0.16696,0,0
0.11207,0,0
0.09825,0,0
0.13062,0,0
0.16862,0,0
0.20275,0,0
0.23946,0,0
0.25286,1,1
0.26549,1,1
0.35303,1,1
0.54788,1,1
0.74613,1,1
0.9087,1,1
0.93088,1,1
0.8224,1,1
0.68925,1,1
0.54438,1,1
0.39645,1,1
0.25833,1,1
0.15906,0,0
0.09797,0,0
0.06997,0,0
0.06261,0,0
0.05515,0,0
0.0476,0,0
0.03671,0,0
0.02773,0,0
0.01858,0,0
0.00939,0,0
0.00583,0,0
0.00523,0,0
0.00461,0,0
0.00398,0,0
0.00344,0,0
0.003,0,0
0.00256,0,0
0.00211,0,0
0.00168,0,0
0.00124,0,0
0.00077,0,0
0.0003,0,0
0.00093,0,0
0.0027,0,0
0.00449,0,0
0.00632,0,0
0.01431,0,0
0.032,0,0
0.05254,0,0
0.0815,0,0
0.11212,0,0
0.15237,0,0
0.19333,0,0
0.26752,0,0
0.29753,0,0
0.28221,0,0
0.26793,0,0
0.25248,0,0
0.21513,0,0
0.17481,0,0
0.14223,0,0
0.1101,0,0
0.0891,0,0
0.07172,0,0
0.05463,0,0
0.04078,0,0
0.04662,0,0
0.07265,0,0
0.10567,0,0
0.14814,0,0
0.20733,0,0
0.29761,0,0
0.37238,0,0
0.40548,0,0
0.45166,0,0
0.51528,0,0
0.57194,0,0
0.61366,1,1
0.64604,1,1
0.66756,1,1
0.69202,1,1
0.71649,1,1
0.75578,1,1
0.80683,1,1
0.84197,1,1
0.86186,1,1
0.86409,1,1
0.85355,1,1
0.82516,1,1
0.78937,1,1
0.76911,1,1
0.7644,1,1
0.75882,1,1
0.75334,1,1
0.74721,1,1
0.73881,1,1
0.7241,1,1
0.70737,1,1
0.68042,1,1
0.64873,1,1
0.61006,1,1
0.56914,0,0
0.5445,0,0
0.5322,0,0
0.49048,0,0
0.43154,0,0
0.39732,0,0
0.38189,0,0
0.3107,0,0
0.21026,0,0
0.16119,0,0
0.13488,0,0
0.1088,0,0
0.08411,0,0
0.06248,0,0
0.04098,0,0
0.02536,0,0
0.01149,0,0
0.00539,0,0
0.00437,0,0
0.00334,0,0
0.00229,0,0
0.00155,0,0
0.00112,0,0
0.00069,0,0
0.00026,0,0
0.0007,0,0
0.00203,0,0
0.0034,0,0
0.00481,0,0
0.00553,0,0
0.00557,0,0
0.00559,0,0
0.00562,0,0
0.00476,0,0
0.00295,0,0
0.00104,0,0
0.0,0,0
0.0,0,0
0.00302,0,0
0.0064,0,0
0.01755,0,0
0.02586,0,0
0.02608,0,0
0.02639,0,0
0.02672,0,0
0.02564,0,0
0.02331,0,0
0.02083,0,0
0.01832,0,0
0.01976,0,0
0.0253,0,0
0.03077,0,0
0.0364,0,0
0.04807,0,0
0.07507,0,0
0.10294,0,0
0.13714,0,0
0.1681,0,0
0.19284,0,0
0.23371,0,0
0.27832,0,0
0.30888,0,0
0.331,0,0
0.36134,0,0
0.40404,0,0
0.44415,0,0
0.47451,0,0
0.5133,0,0
0.55485,0,0
0.59912,0,0
0.64477,0,0
0.68791,0,0
0.73222,0,0
0.82561,0,0
0.96616,1,1
1.11811,1,1
1.25719,1,1
1.30703,1,1
1.2618,1,1
1.20036,1,1
1.11484,1,1
1.08879,1,1
1.11358,1,1
1.12979,1,1
1.14089,1,1
1.15339,1,1
1.17295,1,1
1.19642,1,1
1.22383,1,1
1.23022,1,1
1.21147,1,1
1.16304,1,1
1.08693,1,1
1.06776,1,1
1.09826,1,1
1.13259,1,1
1.16243,1,1
1.10203,1,1
0.95013,0,0
0.81428,0,0
0.68744,0,0
0.638,0,0
0.64677,0,0
0.62018,0,0
0.58163,0,0
0.54285,0,0
0.51559,0,0
0.50341,0,0
0.49156,0,0
0.41289,0,0
0.28964,0,0
0.19351,0,0
0.12429,0,0
0.10863,0,0
0.1271,0,0
0.14628,0,0
0.17373,0,0
0.20572,0,0
0.23458,0,0
0.26431,0,0
0.29857,0,0
0.35459,0,0
0.42693,0,0
0.50696,0,0
0.59589,0,0
0.57319,0,0
0.44528,0,0
0.33468,0,0
0.24262,0,0
0.20003,0,0
0.19537,0,0
0.19049,0,0
0.18607,0,0
0.16639,0,0
0.13491,0,0
0.1038,0,0
0.0803,0,0
0.06028,0,0
0.0441,0,0
0.03317,0,0
0.0219,0,0
0.02086,0,0
0.03019,0,0
0.03967,0,0
0.04999,0,0
0.0575,0,0
0.05775,0,0
0.05777,0,0
0.05802,0,0
0.06645,0,0
0.0833,0,0
0.09976,0,0
0.1185,0,0
0.12949,0,0
0.12851,0,0
0.12805,0,0
0.1276,0,0
0.13807,0,0
0.16963,0,0
0.22301,0,0
0.30027,0,0
0.34155,0,0
0.3053,0,0
0.30475,0,0
0.37053,0,0
0.44472,0,0
0.51765,1,1
0.56342,1,1
0.56719,1,1
0.57896,1,1
0.59967,1,1
0.61338,1,1
0.62525,1,1
0.63829,1,1
0.65326,1,1
0.66066,1,1
0.66209,1,1
0.65741,1,1
0.64509,1,1
0.62833,1,1
0.60777,1,1
0.59447,1,1
0.58568,1,1
0.56752,1,1
0.53722,1,1
0.50878,1,1
0.48103,1,1
0.47078,0,1
0.474,1,1
0.47228,0,0
0.46318,0,0
0.45184,0,0
0.43761,0,0
0.41142,0,0
0.37916,0,0
0.34875,0,0
0.31758,0,0
0.28811,0,0
0.25588,0,0
0.2019,0,0
0.14188,0,0
0.10246,0,0
0.07551,0,0
0.03994,0,0
0.0115,0,0
0.00412,0,0
0.00562,0,0
0.0102,0,0
0.01735,0,0
0.0277,0,0
0.04356,0,0
0.06491,0,0
0.08658,0,0
0.09283,0,0
0.0785,0,0
0.06558,0,0
0.05255,0,0
0.05777,0,0
0.08148,0,0
0.11163,0,0
0.14455,0,0
0.16262,0,0
0.1633,0,0
0.16399,0,0
0.16414,0,0
0.22394,0,0
0.36677,0,0
0.55285,1,1
0.77126,1,1
0.85796,0,0
0.82008,0,0
0.78158,0,0
0.7416,0,0
0.77908,0,0
0.89337,0,0
1.00952,0,0
1.12176,1,1
1.21045,1,1
1.27793,1,1
1.345,1,1
1.41323,1,1
1.3561,1,1
1.17202,1,1
0.96983,0,0
0.75305,0,0
0.73626,0,0
0.92259,0,0
1.10162,1,1
1.2672,1,1
1.37696,1,1
1.42412,1,1
1.47064,1,1
1.51101,1,1
1.45637,1,1
1.29063,1,1
1.13879,1,1
0.99998,0,0
0.94204,0,0
0.95965,0,0
0.99826,0,0
1.05255,0,0
1.02914,0,0
0.9265,0,0
0.85746,0,0
0.80511,0,0
0.83833,0,0
0.9351,0,0
1.0105,0,0
1.0472,0,0
1.0332,0,0
0.96559,0,0
0.90867,0,0
0.85104,0,0
0.83708,0,0
0.86844,0,0
0.88119,0,0
0.8795,0,0
0.9235,0,0
1.01111,0,0
1.1312,1,1
1.25999,1,1
1.2793,1,1
1.18505,1,1
1.06246,1,1
0.92065,0,0
0.84853,0,0
0.83392,0,0
0.79976,0,0
0.75306,0,0
0.70095,0,0
0.64628,0,0
0.58723,0,0
0.52411,0,0
0.46968,0,0
0.42559,0,0
0.40324,0,0
0.39394,0,0
0.39319,0,0
0.3988,0,0
0.39116,0,0
0.38734,0,0
0.42864,0,0
0.52458,0,0
0.62009,0,0
0.71446,0,0
0.82607,0,0
0.94954,0,0
1.07181,1,1
1.19298,1,1
1.18433,1,1
1.03965,0,0
0.88994,0,0
0.72201,0,0
0.62153,0,0
0.59353,0,0
0.56737,0,0
0.53922,0,0
0.54133,0,0
0.57407,0,0
0.60524,0,0
0.63882,0,0
0.61636,0,0
0.53952,0,0
0.46613,0,0
0.39867,0,0
0.40328,1,1
0.4841,1,1
0.57288,1,1
0.67134,1,1
0.6902,1,1
0.63083,1,1
0.57268,1,1
0.5157,1,1
0.4647,1,1
0.41285,1,1
0.36156,1,1
0.31841,0,0
0.32108,0,0
0.36778,1,1
0.42696,1,1
0.48667,1,1
0.53023,1,1
0.55709,1,1
0.59035,1,1
0.62289,1,1
0.54967,1,1
0.39647,1,1
0.27312,0,0
0.17754,0,0
0.1406,0,0
0.13241,0,0
0.1343,0,0
0.14078,0,0
0.15762,0,0
0.17176,0,0
0.18782,0,0
0.20816,0,0
0.23716,0,0
0.2725,0,0
0.29387,0,0
0.29428,0,0
0.27388,0,0
0.23901,0,0
0.23484,0,0
0.27111,0,0
0.33821,0,0
0.42816,1,1
0.46443,1,1
0.45059,1,1
0.40995,1,1
0.34566,0,0
0.29416,0,0
0.2514,0,0
0.21794,0,0
0.18654,0,0
0.17085,0,0
0.17343,0,0
0.17904,0,0
0.19624,0,0
0.21015,0,0
0.2266,0,0
0.22594,0,0
0.20785,0,0
0.18126,0,0
0.15139,0,0
0.13027,0,0
0.11791,0,0
0.10042,0,0
0.07766,0,0
0.04573,0,0
0.04783,0,0
0.0528,0,0
0.05883,0,0
0.07221,0,0
0.08814,0,0
0.06989,0,0
0.03003,0,0
0.01504,0,0
0.01929,0,0
0.02352,0,0
0.02778,0,0
0.03691,0,0
0.05799,0,0
0.07999,0,0
0.10721,0,0
0.12252,0,0
0.12295,0,0
0.12339,0,0
0.12382,0,0
0.12427,0,0
0.12471,0,0
0.12516,0,0
0.12561,0,0
0.11425,0,0
0.09126,0,0
0.07418,0,0
0.05698,0,0
0.056,0,0
0.07142,0,0
0.0877,0,0
0.10605,0,0
0.13236,0,0
0.16161,0,0
0.19982,0,0
0.25297,0,0
0.2813,0,0
0.28455,0,0
0.28787,0,0
0.29127,0,0
0.3036,0,0
0.3262,0,0
0.34924,0,0
0.38058,0,0
0.46093,0,0
0.59804,1,1
0.76073,1,1
0.91788,1,1
0.99315,1,1
0.99324,1,1
0.9893,1,1
0.98939,1,1
0.92377,1,1
0.79778,1,1
0.67216,1,1
0.5466,1,1
0.45116,0,0
0.36452,0,0
0.29777,0,0
0.23699,0,0
0.20566,0,0
0.20516,0,0
0.20593,0,0
0.2087,0,0
0.22048,0,0
0.24137,0,0
0.27894,0,0
0.33071,0,0
0.37607,0,0
0.41741,0,0
0.40192,0,0
0.33624,0,0
0.27022,0,0
0.21703,0,0
0.21011,0,0
0.27589,0,0
0.37521,0,0
0.47712,0,0
0.49887,0,0
0.43797,0,0
0.36363,0,0
0.305,0,0
0.28849,0,0
0.32304,0,0
0.40438,0,0
0.48094,0,0
0.46751,0,0
0.36834,0,0
0.27038,0,0
0.21665,0,0
0.20876,0,0
0.20646,0,0
0.21061,0,0
0.2314,0,0
0.27495,0,0
0.36826,0,0
0.44655,0,0
0.48671,0,0
0.51201,0,0
0.53258,0,0
0.5344,0,0
0.53836,1,1
0.56749,1,1
0.59598,1,1
0.55559,1,1
0.4486,0,0
0.35872,0,0
0.27121,0,0
0.22932,0,0
0.21103,0,0
0.19173,0,0
0.17216,0,0
0.19024,0,0
0.24597,0,0
0.30754,0,0
0.38609,0,0
0.46665,0,0
0.56935,1,1
0.67079,1,1
0.76789,1,1
0.79841,1,1
0.76266,1,1
0.72638,1,1
0.68876,1,1
0.6288,1,1
0.54665,1,1
0.46895,0,0
0.39815,0,0
0.34041,0,0
0.30393,0,0
0.27295,0,0
0.24147,0,0
0.20703,0,0
0.17765,0,0
0.15783,0,0
0.1375,0,0
0.11243,0,0
0.08972,0,0
0.0674,0,0
0.04647,0,0
0.03763,0,0
0.03478,0,0
0.03195,0,0
0.02914,0,0
0.02635,0,0
0.02358,0,0
0.02082,0,0
0.01809,0,0
0.02126,0,0
0.02995,0,0
0.03846,0,0
0.04737,0,0
0.07562,0,0
0.12155,0,0
0.17132,0,0
0.23079,0,0
0.26238,0,0
0.26862,0,0
0.28639,0,0
0.31886,0,0
0.38123,0,0
0.46583,0,0
0.53052,1,1
0.56953,1,1
0.6234,1,1
0.69144,1,1
0.73097,1,1
0.73264,1,1
0.72277,1,1
0.71062,1,1
0.7013,1,1
0.70753,1,1
0.71594,1,1
0.73011,1,1
0.73144,1,1
0.72229,1,1
0.71631,1,1
0.71112,1,1
0.70374,1,1
0.69412,1,1
0.69707,1,1
0.71985,1,1
0.71047,1,1
0.66903,1,1
0.61736,1,1
0.55186,1,1
0.51267,0,0
0.48981,0,0
0.46466,0,0
0.43667,0,0
0.42353,0,0
0.416,0,0
0.38792,0,0
0.33797,0,0
0.26347,0,0
0.1858,0,0
0.14,0,0
0.11444,0,0
0.08371,0,0
0.06114,0,0
0.05867,0,0
0.06368,0,0
0.06873,0,0
0.07382,0,0
0.07437,0,0
0.06983,0,0
0.06546,0,0
0.06082,0,0
0.05467,0,0
0.04662,0,0
0.03867,0,0
0.03346,0,0
0.02992,0,0
0.02796,0,0
0.02598,0,0
0.02404,0,0
0.02695,0,0
0.03494,0,0
0.04437,0,0
0.057,0,0
0.06394,0,0
0.06492,0,0
0.06592,0,0
0.0672,0,0
0.06038,0,0
0.04565,0,0
0.03575,0,0
0.02606,0,0
0.02118,0,0
0.02145,0,0
0.02164,0,0
0.02192,0,0
0.0308,0,0
0.04878,0,0
0.07714,0,0
0.10589,0,0
0.11078,0,0
0.091,0,0
0.07164,0,0
0.05201,0,0
0.03942,0,0
0.02819,0,0
0.01718,0,0
0.00802,0,0
0.00737,0,0
0.00873,0,0
0.01383,0,0
0.01887,0,0
0.03181,0,0
0.05741,0,0
0.09016,0,0
0.13086,0,0
0.18927,0,0
0.28569,0,0
0.36459,0,0
0.39658,0,0
0.43039,0,0
0.47391,0,0
0.52111,0,0
0.5673,0,0
0.61287,0,0
0.65992,1,1
0.69994,1,1
0.72841,1,1
0.75874,1,1
0.79408,1,1
0.82036,1,1
0.82763,1,1
0.84174,1,1
0.86262,1,1
0.88228,1,1
0.8931,1,1
0.91913,1,1
0.96765,1,1
1.04026,1,1
1.1387,1,1
1.18781,1,1
1.18785,1,1
1.17794,1,1
1.1587,1,1
1.10843,1,1
1.02642,1,1
0.93307,1,1
0.83969,1,1
0.73801,1,1
0.63501,0,0
0.55189,0,0
0.46841,0,0
0.41005,0,0
0.36977,0,0
0.31488,0,0
0.25563,0,0
0.22288,0,0
0.20859,0,0
0.1862,0,0
0.16866,0,0
0.1532,0,0
0.13505,0,0
0.11751,0,0
0.10026,0,0
0.07646,0,0
0.04921,0,0
0.02752,0,0
0.00965,0,0
0.00653,0,0
0.01674,0,0
0.02758,0,0
0.03864,0,0
0.04538,0,0
0.04227,0,0
0.03962,0,0
0.03766,0,0
0.03794,0,0
0.04049,0,0
0.04399,0,0
0.04775,0,0
0.05462,0,0
0.06487,0,0
0.07549,0,0
0.0862,0,0
0.0872,0,0
0.07813,0,0
0.06866,0,0
0.05912,0,0
0.05957,0,0
0.07028,0,0
0.08123,0,0
0.09245,0,0
0.10913,0,0
0.13769,0,0
0.16754,0,0
0.19709,0,0
0.2075,0,0
0.18712,0,0
0.17039,0,0
0.15351,0,0
0.13887,0,0
0.12664,0,0
0.11498,0,0
0.10561,0,0
0.10837,0,0
0.12661,0,0
0.14683,0,0
0.16638,0,0
0.2167,0,0
0.33096,0,0
0.46997,0,0
0.62297,1,1
0.74169,1,1
0.80056,1,1
0.8592,1,1
0.91673,1,1
0.92113,1,1
0.87112,1,1
0.86109,1,1
0.89012,1,1
0.99989,1,1
1.18874,1,1
1.29092,1,1
1.31056,1,1
1.19497,1,1
0.94404,1,1
0.74826,1,1
0.62548,1,1
0.57232,1,1
0.5696,1,1
0.52712,0,0
0.46295,0,0
0.4325,0,0
0.43426,0,0
0.47183,0,0
0.54437,1,1
0.613,1,1
0.6722,1,1
0.65858,1,1
0.57377,1,1
0.51829,0,0
0.49356,0,0
0.47417,0,0
0.46401,0,0
0.44511,0,0
0.41854,0,0
0.35699,0,0
0.26558,0,0
0.18675,0,0
0.11963,0,0
0.08549,0,0
0.07986,0,0
0.09576,0,0
0.13953,0,0
0.19314,0,0
0.27554,0,0
0.33415,0,0
0.33536,0,0
0.33659,0,0
0.33674,0,0
0.31336,0,0
0.26831,0,0
0.23362,0,0
0.19755,0,0
0.20739,0,0
0.26239,0,0
0.33061,0,0
0.40909,0,0
0.44941,0,0
0.45266,0,0
0.45595,0,0
0.45771,0,0
0.42902,0,0
0.36824,0,0
0.3074,0,0
0.26174,0,0
0.22167,0,0
0.18517,0,0
0.15937,0,0
0.13912,0,0
0.13681,1,1
0.15371,1,1
0.17024,1,1
0.1911,1,1
0.18378,1,1
0.15821,1,1
0.1322,1,1
0.10611,0,1
0.11083,1,1
0.14882,1,1
0.18702,1,1
0.25032,1,1
0.22799,1,1
0.1514,1,1
0.09444,0,0
0.04854,0,0
0.0307,0,0
0.02528,0,0
0.01977,0,0
0.01435,0,0
0.01431,0,0
0.01957,0,0
0.02476,0,0
0.02987,0,0
0.0437,0,0
0.06691,0,0
0.09439,0,0
0.12241,1,1
0.12584,1,1
0.10563,0,0
0.0899,0,0
0.0717,0,0
0.06579,0,0
0.0726,0,0
0.07792,0,0
0.08262,0,0
0.07596,0,0
0.05901,0,0
0.04921,0,0
0.04588,0,0
0.04377,0,0
0.0425,0,0
0.05327,0,0
0.07627,0,0
0.09331,0,0
0.10444,0,0
0.11308,1,1
0.12292,1,1
0.1395,1,1
0.16259,1,1
0.16352,1,1
0.14258,1,1
0.13031,1,1
0.12654,1,1
0.11459,1,1
0.09368,0,0
0.07096,0,0
0.04611,0,0
0.03943,0,0
0.05086,0,0
0.06029,0,0
0.06759,0,0
0.0646,0,0
0.05177,0,0
0.04049,0,0
0.03073,0,0
0.0229,0,0
0.01714,0,0
0.00756,0,0
0.00109,0,0
0.0011,0,0
5e-05,0,0
0.0,0,0
0.0,0,0
0.0,0,0
0.0,0,0
0.0,0,0
0.0,0,0
0.0,0,0
0.0,0,0
0.0,0,0
0.0,0,0
0.0,0,0
0.0,0,0
0.0,0,0
0.0,0,0
0.0,0,0
0.0,0,0
0.0,0,0
0.0,0,0
0.0,0,0
0.0,0,0
0.0,0,0
0.0,0,0
0.0,0,0
0.0,0,0
0.0,0,0
0.0,0,0
0.0,0,0
0.0,0,0
0.0,0,0
0.0,0,0
0.0,0,0
0.0,0,0
0.0,0,0
0.0,0,0
0.0,0,0
0.0,0,0
0.0,0,0
0.0,0,0
0.0,0,0
0.0,0,0
0.0,0,0
0.0,0,0
0.0,0,0
0.0,0,0
0.0,0,0
0.0,0,0
0.0,0,0
0.0,0,0
0.00503,0,0
0.01579,0,0
0.02681,0,0
0.03782,0,0
0.05255,0,0
0.07122,1,1
0.07253,1,1
0.05621,1,1
0.04141,0,0
0.02855,0,0
0.02579,0,0
0.03274,0,0
0.03336,0,0
0.02775,0,0
0.03698,0,0
0.06074,1,1
0.08286,1,1
0.10322,1,1
0.11351,1,1
0.11408,1,1
0.11847,1,1
0.12734,1,1
0.131,1,1
0.12952,1,1
0.13165,1,1
0.13773,1,1
0.1345,1,1
0.12286,1,1
0.11737,1,1
0.11835,1,1
0.10662,1,1
0.08184,1,1
0.05327,1,1
0.02097,0,0
0.01484,0,0
0.03515,0,0
0.05225,0,0
0.0652,1,1
0.06612,1,1
0.05482,1,1
0.04619,0,0
0.04043,0,0
0.03532,0,0
0.03086,0,0
0.02778,0,0
0.02616,0,0
0.0187,0,0
0.00589,0,0
0.0,0,0
0.0,0,0
0.0,0,0
0.0,0,0
0.0,0,0
0.0,0,0
0.0,0,0
0.0,0,0
0.0,0,0
0.0,0,0
0.0,0,0
0.0,0,0
0.0,0,0
0.00115,0,0
0.00426,0,0
0.01021,0,0
0.01564,0,0
0.01142,0,0
0.00714,0,0
0.00601,0,0
0.00611,0,0
0.00751,0,0
0.01248,0,0
0.0177,0,0
0.02608,0,0
0.03722,0,0
0.05056,0,0
0.06799,0,0
0.07047,0,0
0.05725,0,0
0.04477,0,0
0.03612,0,0
0.03785,0,0
0.05137,0,0
0.07034,0,0
0.08962,0,0
0.09938,0,0
0.09938,0,0
0.09938,0,0
0.09938,0,0
0.0879,0,0
0.0652,0,0
0.04447,0,0
0.02968,0,0
0.02219,0,0
0.02201,0,0
0.02183,0,0
0.02166,0,0
0.03428,0,0
0.06006,0,0
0.0952,0,0
0.13024,0,0
0.17693,1,1
0.23265,1,1
0.25232,1,1
0.23188,1,1
0.21004,1,1
0.18631,1,1
0.17487,0,1
0.17857,1,1
0.18423,1,1
0.19771,1,1
0.20294,1,1
0.19402,1,1
0.18765,1,1
0.18208,1,1
0.18968,1,1
0.21018,1,1
0.23513,1,1
0.26474,1,1
0.26161,1,1
0.22435,1,1
0.18923,1,1
0.1568,0,0
0.15003,0,0
0.16959,0,0
0.18965,1,1
0.20879,1,1
0.2094,1,1
0.19123,1,1
0.17471,0,0
0.16204,0,0
0.15611,0,0
0.158,0,0
0.15828,0,0
0.1575,0,0
0.15103,0,0
0.14653,0,0
0.14863,0,0
0.15022,0,0
0.13605,0,0
0.111,0,0
0.09214,0,0
0.06884,0,0
0.04253,0,0
0.01624,0,0
0.00463,0,0
0.00489,0,0
0.00515,0,0
0.00541,0,0
0.00624,0,0
0.01051,0,0
0.01716,0,0
0.02394,0,0
0.02849,0,0
0.03073,0,0
0.03309,0,0
0.03547,0,0
0.03955,0,0
0.04767,0,0
0.05668,0,0
0.06553,0,0
0.06579,0,0
0.05735,0,0
0.04862,0,0
0.04051,0,0
0.03584,0,0
0.03174,0,0
0.02758,0,0
0.02323,0,0
0.02098,0,0
0.02115,0,0
0.02124,0,0
0.02133,0,0
0.0169,0,0
0.00812,0,0
0.00626,0,0
0.00436,0,0
0.00342,0,0
0.00345,0,0
0.00347,0,0
0.0035,0,0
0.00395,0,0
0.00483,0,0
0.00573,0,0
0.00663,0,0
0.00634,0,0
0.00488,0,0
0.00342,0,0
0.00196,0,0
0.00181,0,0
0.00295,0,0
0.00407,0,0
0.00516,0,0
0.00735,0,0
0.01085,0,0
0.01449,0,0
0.01816,0,0
0.04903,0,0
0.10824,0,0
0.14341,0,0
0.15313,0,0
0.18334,1,1
0.23363,1,1
0.23863,1,1
0.19525,1,1
0.1581,0,0
0.13043,0,0
0.12782,0,0
0.14836,0,0
0.16187,0,0
0.16819,0,0
0.1782,1,1
0.1918,1,1
0.2042,1,1
0.21468,1,1
0.22572,1,1
0.23644,1,1
0.24966,1,1
0.26457,1,1
0.27441,1,1
0.27918,1,1
0.29482,1,1
0.32037,1,1
0.31539,1,1
0.27833,1,1
0.24384,1,1
0.2133,1,1
0.19817,1,1
0.19755,1,1
0.19115,1,1
0.18092,1,1
0.16938,0,0
0.16622,0,0
0.16531,0,0
0.1566,0,0
0.14262,0,0
0.12273,0,0
0.10743,0,0
0.09214,0,0
0.05473,0,0
0.015,0,0
0.0,0,0
0.0,0,0
0.0,0,0
0.0,0,0
0.0,0,0
0.0,0,0
0.0,0,0
0.0,0,0
0.0,0,0
0.0,0,0
0.00079,0,0
0.00228,0,0
0.00441,0,0
0.00715,0,0
0.01918,0,0
0.03231,0,0
0.03769,0,0
0.03544,0,0
0.03317,0,0
0.03077,0,0
0.03525,0,0
0.04819,0,0
0.06623,0,0
0.08502,0,0
0.09266,0,0
0.08939,0,0
0.08606,0,0
0.08235,0,0
0.0779,0,0
0.07265,0,0
0.06698,0,0
0.06123,0,0
0.0484,0,0
0.03509,0,0
0.02155,0,0
0.00854,0,0
0.00708,0,0
0.00708,0,0
0.00705,0,0
0.00705,0,0
0.00661,0,0
0.00574,0,0
0.00484,0,0
0.00397,0,0
0.00379,0,0
0.00428,0,0
0.00476,0,0
0.00521,0,0
0.01102,0,0
0.02672,0,0
0.04776,0,0
0.06903,0,0
0.10423,0,0
0.15867,0,0
0.19518,0,0
0.22149,0,0
0.21883,0,0
0.18653,0,0
0.17125,0,0
0.17485,0,0
0.19301,0,0
0.22332,0,0
0.23338,0,0
0.22061,0,0
0.18885,0,0
0.13875,0,0
0.14199,0,0
0.19736,0,0
0.24551,0,0
0.28556,0,0
0.30764,0,0
0.31535,0,0
0.35094,0,0
0.41591,1,1
0.43247,1,1
0.39955,0,0
0.37083,0,0
0.34693,0,0
0.33589,0,0
0.33925,0,0
0.35598,0,0
0.39363,0,0
0.42221,1,1
0.46359,1,1
0.48092,1,1
0.47509,1,1
0.4815,1,1
0.49413,1,1
0.52584,1,1
0.57388,1,1
0.63311,1,1
0.69597,1,1
0.66459,1,1
0.54141,1,1
0.42723,1,1
0.31034,0,0
0.26297,0,0
0.26311,0,0
0.26414,0,0
0.26519,0,0
0.28323,0,0
0.32983,0,0
0.37896,0,0
0.42847,1,1
0.44221,1,1
0.42122,1,1
0.39851,0,0
0.37694,0,0
0.37982,0,0
0.40625,1,1
0.43289,1,1
0.45974,1,1
0.46332,1,1
0.43985,1,1
0.41772,1,1
0.39378,0,0
0.37104,0,0
0.34925,0,0
0.32694,0,0
0.31152,0,0
0.30441,0,0
0.30699,0,0
0.30962,0,0
0.31104,0,0
0.28734,0,0
0.23598,0,0
0.18875,0,0
0.15998,0,0
0.13203,0,0
0.1089,0,0
0.09017,0,0
0.0711,0,0
0.06478,0,0
0.07151,0,0
0.07824,0,0
0.08499,0,0
0.09023,0,0
0.09351,0,0
0.09713,0,0
0.10027,0,0
0.11873,0,0
0.16043,0,0
0.2052,0,0
0.27872,0,0
0.33848,0,0
0.39317,0,0
0.46759,0,0
0.55544,0,0
0.6042,0,0
0.6065,0,0
0.61795,0,0
0.63291,0,0
0.62856,0,0
0.60263,0,0
0.60487,0,0
0.65053,1,1
0.70781,1,1
0.77457,1,1
0.79313,1,1
0.74873,1,1
0.70509,1,1
0.66096,1,1
0.64207,0,1
0.65295,1,1
0.68818,1,1
0.75008,1,1
0.76865,1,1
0.76222,1,1
0.73246,1,1
0.67075,1,1
0.64784,0,1
0.66179,1,1
0.6911,1,1
0.74154,1,1
0.76298,1,1
0.75889,1,1
0.77373,1,1
0.8177,1,1
0.83201,1,1
0.8155,1,1
0.72334,1,1
0.5606,0,0
0.45891,0,0
0.38801,0,0
0.36533,0,0
0.3561,0,0
0.30887,0,0
0.24517,0,0
0.19949,0,0
0.16057,0,0
0.1237,0,0
0.09109,0,0
0.07535,0,0
0.07239,0,0
0.06918,0,0
0.06597,0,0
0.05154,0,0
0.0302,0,0
0.01343,0,0
0.00456,0,0
0.00254,0,0
0.00209,0,0
0.00164,0,0
0.00119,0,0
0.00143,0,0
0.00237,0,0
0.00334,0,0
0.00431,0,0
0.00519,0,0
0.00596,0,0
0.00673,0,0
0.00826,0,0
0.01663,0,0
0.03007,0,0
0.04411,0,0
0.06604,0,0
0.07244,0,0
0.06294,0,0
0.05316,0,0
0.04431,0,0
0.03321,0,0
0.01685,0,0
0.00648,0,0
0.00296,0,0
0.00048,0,0
0.0,0,0
0.0,0,0
0.0,0,0
0.0,0,0
0.00236,0,0
0.007,0,0
0.02289,0,0
0.0327,0,0
0.02981,0,0
0.02705,0,0
0.02429,0,0
0.0242,0,0
0.02674,0,0
0.02923,0,0
0.03169,0,0
0.05009,0,0
0.09086,0,0
0.13364,0,0
0.16709,0,0
0.1974,0,0
0.23238,0,0
0.26906,0,0
0.31363,0,0
0.31974,0,0
0.32859,0,0
0.33246,0,0
0.3607,0,0
0.42546,0,0
0.52842,1,1
0.59769,1,1
0.63817,1,1
0.66361,1,1
0.67533,1,1
0.66462,1,1
0.62728,1,1
0.60213,1,1
0.59015,1,1
0.59091,1,1
0.59909,1,1
0.58613,1,1
0.55446,1,1
0.51845,1,1
0.48648,0,0
0.49576,0,0
0.56358,1,1
0.61191,1,1
0.64995,1,1
0.65811,1,1
0.62515,1,1
0.60784,1,1
0.60613,1,1
0.57079,1,1
0.4999,1,1
0.44721,0,0
0.40648,0,0
0.38413,0,0
0.38415,0,0
0.38057,0,0
0.3722,0,0
0.3902,0,0
0.43476,0,0
0.47253,0,0
0.51432,1,0
0.48842,0,0
0.40287,0,0
0.32482,0,0
0.25608,0,0
0.19022,0,0
0.13544,0,0
0.09398,0,0
0.06279,0,0
0.05784,0,0
0.07848,0,0
0.10232,0,0
0.13108,0,0
0.13747,0,0
0.12125,0,0
0.10529,0,0
0.09008,0,0
0.07624,0,0
0.06053,0,0
0.04472,0,0
0.03333,0,0
0.03241,0,0
0.04123,0,0
0.05413,0,0
0.0684,0,0
0.0711,0,0
0.06151,0,0
0.05213,0,0
0.04343,0,0
0.04359,0,0
0.05312,0,0
0.06365,0,0
0.07443,0,0
0.07704,0,0
0.07154,0,0
0.06596,0,0
0.06028,0,0
0.05533,0,0
0.05117,0,0
0.04764,0,0
0.04496,0,0
0.04495,0,0
0.04763,0,0
0.05136,0,0
0.0553,0,0
0.05713,0,0
0.05689,0,0
0.05643,0,0
0.05619,0,0
0.07013,0,0
0.09968,0,0
0.12935,0,0
0.15881,0,0
0.14973,0,0
0.10353,0,0
0.07514,0,0
0.05703,0,0
0.03179,0,0
0.01603,0,0
0.01574,0,0
0.05479,0,0
0.11918,0,0
0.17054,0,0
0.18392,0,0
0.16004,0,0
0.14508,0,0
0.15063,0,0
0.17032,0,0
0.21105,0,0
0.23076,0,0
0.23118,0,0
0.23938,0,0
0.26273,0,0
0.29345,0,0
0.32432,0,0
0.36913,1,1
0.42149,1,1
0.49842,1,1
0.62553,1,1
0.68662,1,1
0.70333,1,1
0.64598,1,1
0.51389,1,1
0.42732,1,1
0.36496,1,1
0.33374,0,0
0.30867,0,0
0.2869,0,0
0.26494,0,0
0.25386,0,0
0.25263,0,0
0.24206,0,0
0.22619,0,0
0.21376,0,0
0.20328,0,0
0.18621,0,0
0.17053,0,0
0.22564,0,0
0.37996,1,1
0.57596,1,1
0.77782,1,1
0.8532,1,1
0.81098,1,1
0.7677,1,1
0.72111,1,1
0.63137,1,1
0.49564,1,1
0.37342,1,1
0.26457,0,0
0.24501,0,0
0.29097,0,0
0.35125,0,0
0.41241,1,1
0.43165,1,1
0.40969,1,1
0.38623,1,1
0.364,0,0
0.34398,0,0
0.3258,0,0
0.30695,0,0
0.29328,0,0
0.26226,0,0
0.21266,0,0
0.16924,0,0
0.14158,0,0
0.12275,0,0
0.11373,0,0
0.10409,0,0
0.09678,0,0
0.07595,0,0
0.04272,0,0
0.01999,0,0
0.00575,0,0
0.00457,0,0
0.00707,0,0
0.01459,0,0
0.02668,0,0
0.03268,0,0
0.03269,0,0
0.03258,0,0
0.03246,0,0
0.03366,0,0
0.03616,0,0
0.0385,0,0
0.04096,0,0
0.05426,0,0
0.09713,0,0
0.15161,0,0
0.18512,0,0
0.20908,0,0
0.23245,0,0
0.26093,0,0
0.29966,0,0
0.34004,0,0
0.37569,0,0
0.40209,0,0
0.4191,1,1
0.43431,1,1
0.45077,1,1
0.46674,1,1
0.48606,1,1
0.50478,1,1
0.52593,1,1
0.53971,1,1
0.54869,1,1
0.5615,1,1
0.58137,1,1
0.57568,1,1
0.54085,1,1
0.5121,1,1
0.48923,1,1
0.47283,1,1
0.45958,1,1
0.44066,1,1
0.41436,1,1
0.41259,0,1
0.43265,1,1
0.44723,1,1
0.45524,1,1
0.44371,1,1
0.41521,1,1
0.38837,0,0
0.36345,0,0
0.32468,0,0
0.28048,0,0
0.25623,0,0
0.24596,0,0
0.18272,0,0
0.09452,0,0
0.05596,0,0
0.04423,0,0
0.0285,0,0
0.0091,0,0
0.0,0,0
0.0,0,0
0.0,0,0
0.0,0,0
0.0,0,0
0.0,0,0
0.0,0,0
0.0,0,0
0.0,0,0
0.0,0,0
0.0,0,0
0.0,0,0
0.0,0,0
0.0,0,0
0.0,0,0
0.0,0,0
0.0,0,0
0.0,0,0
0.0,0,0
0.0,0,0
0.0,0,0
0.0,0,0
0.0,0,0
0.0,0,0
0.0,0,0
0.0,0,0
0.0,0,0
0.0,0,0
0.0,0,0
0.0,0,0
0.0,0,0
0.0,0,0
0.00046,0,0
0.00346,0,0
0.00651,0,0
0.01458,0,0
0.02922,0,0
0.04401,0,0
0.0646,0,0
0.0879,0,0
0.09741,0,0
0.09297,0,0
0.08891,0,0
0.08484,0,0
0.08252,0,0
0.08195,0,0
0.08139,0,0
0.08085,0,0
0.10998,0,0
0.18818,0,0
0.29175,0,0
0.4397,0,0
0.49867,0,0
0.45259,0,0
0.4568,0,0
0.49239,0,0
0.55306,0,0
0.63224,0,0
0.69669,0,0
0.74385,0,0
0.81356,0,0
0.89448,1,1
0.98601,1,1
1.07924,1,1
1.12772,1,1
1.14043,1,1
1.14015,1,1
1.13419,1,1
1.11202,1,1
1.08152,1,1
1.04769,1,1
1.01745,1,1
1.00832,1,1
1.02581,1,1
1.02968,1,1
1.02663,1,1
1.01764,1,1
1.00311,1,1
0.99848,1,1
0.99539,1,1
0.98509,1,1
0.96748,1,1
0.9406,1,1
0.9069,1,1
0.89176,1,1
0.88968,0,0
0.86062,0,0
0.81185,0,0
0.70576,0,0
0.56048,0,0
0.43201,0,0
0.32925,0,0
0.26554,0,0
0.23815,0,0
0.20093,0,0
0.17416,0,0
0.1507,0,0
0.13332,0,0
0.11677,0,0
0.09999,0,0
0.08962,0,0
0.08611,0,0
0.08345,0,0
0.08049,0,0
0.07776,0,0
0.07475,0,0
0.0717,0,0
0.06863,0,0
0.06128,0,0
0.04961,0,0
0.03838,0,0
0.03085,0,0
0.02933,0,0
0.03377,0,0
0.03836,0,0
0.04449,0,0
0.04514,0,0
0.03996,0,0
0.03613,0,0
0.03213,0,0
0.03007,0,0
0.03008,0,0
0.03021,0,0
0.03023,0,0
0.02923,0,0
0.02708,0,0
0.02496,0,0
0.02269,0,0
0.01703,0,0
0.00818,0,0
0.00628,0,0
0.00438,0,0
0.00466,0,0
0.00718,0,0
0.01477,0,0
0.02678,0,0
0.03014,0,0
0.02481,0,0
0.01948,0,0
0.01415,0,0
0.01143,0,0
0.0114,0,0
0.01131,0,0
0.01123,0,0
0.02885,0,0
0.0728,0,0
0.13019,0,0
0.20165,0,0
0.24964,0,0
0.26836,0,0
0.30947,0,0
0.36246,0,0
0.40926,0,0
0.45208,0,0
0.49066,0,0
0.5294,0,0
0.56845,0,0
0.60979,1,1
0.63711,1,1
0.64842,1,1
0.6601,1,1
0.67024,1,1
0.68402,1,1
0.6983,1,1
0.71513,1,1
0.73205,1,1
0.72974,1,1
0.71325,1,1
0.69922,1,1
0.69182,1,1
0.67787,1,1
0.6557,1,1
0.63875,1,1
0.62522,1,1
0.61153,1,1
0.60047,1,1
0.58976,1,1
0.58072,1,1
0.54895,0,0
0.50109,0,0
0.45181,0,0
0.40296,0,0
0.36243,0,0
0.32448,0,0
0.28502,0,0
0.24507,0,0
0.19162,0,0
0.13794,0,0
0.10204,0,0
0.07741,0,0
0.04283,0,0
0.01104,0,0
0.0,0,0
0.0,0,0
0.0,0,0
0.0,0,0
0.0,0,0
0.0,0,0
0.00106,0,0
0.00219,0,0
0.00379,0,0
0.00586,0,0
0.01209,0,0
0.02208,0,0
0.03421,0,0
0.05343,0,0
0.07607,0,0
0.10111,0,0
0.13944,0,0
0.20276,0,0
0.28669,0,0
0.40031,0,0
0.54648,0,0
0.7308,1,1
0.91352,1,1
1.09117,1,1
1.16606,0,0
1.1324,0,0
1.1028,0,0
1.07294,0,0
1.09223,0,0
1.16209,0,0
1.23845,0,0
1.30984,0,0
1.38632,0,0
1.46246,1,1
1.53162,1,1
1.59018,1,1
1.55624,1,1
1.40335,1,1
1.22892,0,0
1.05315,0,0
0.97051,0,0
0.99218,0,0
1.01783,0,0
1.0435,0,0
1.10229,0,0
1.19598,0,0
1.28546,0,0
1.36392,0,0
1.34676,0,0
1.24405,0,0
1.1699,0,0
1.12776,0,0
1.16991,0,0
1.2603,0,0
1.38475,0,0
1.58966,1,1
1.71593,1,1
1.75347,1,1
1.7834,1,1
1.80242,1,1
1.8182,1,1
1.82532,1,1
1.82369,1,1
1.80629,1,1
1.7891,1,1
1.75994,1,1
1.7168,1,1
1.67139,1,1
1.59155,1,1
1.48692,1,1
1.37375,0,0
1.25974,0,0
1.24144,0,0
1.32079,0,0
1.39026,1,1
1.44256,1,1
1.45148,1,1
1.4136,1,1
1.3783,0,0
1.33867,0,0
1.30902,0,0
1.27671,0,0
1.22136,0,0
1.14654,0,0
1.01095,0,0
0.8384,0,0
0.67747,0,0
0.53926,0,0
0.47405,0,0
0.45522,0,0
0.4148,0,0
0.36097,0,0
0.3329,0,0
0.32915,0,0
0.32898,0,0
0.328,0,0
0.32892,0,0
0.33023,0,0
0.33155,0,0
0.33288,0,0
0.37362,0,0
0.45641,0,0
0.55429,0,0
0.65295,0,0
0.70154,0,0
0.70672,0,0
0.70962,0,0
0.71253,0,0
0.639,0,0
0.47984,0,0
0.34507,0,0
0.23299,0,0
0.1849,0,0
0.18568,0,0
0.18647,0,0
0.18792,0,0
0.21905,0,0
0.28124,0,0
0.35978,0,0
0.45047,0,0
0.48564,0,0
0.46113,0,0
0.43641,0,0
0.41147,0,0
0.42835,0,0
0.49017,0,0
0.55519,0,0
0.63046,0,0
0.72063,0,0
0.82292,0,0
0.92229,0,0
1.02316,0,0
1.04069,0,0
0.97349,0,0
0.90621,0,0
0.83838,0,0
0.97527,0,0
1.29106,0,0
1.56125,1,1
1.71777,1,1
1.70077,1,1
1.63881,1,1
1.52888,1,1
1.3862,0,0
1.26332,0,0
1.18085,0,0
1.09841,0,0
1.01517,0,0
0.99475,0,0
1.0459,0,0
1.0967,0,0
1.15523,0,0
1.22529,0,0
1.31323,0,0
1.37593,0,0
1.4013,0,0
1.46323,0,0
1.56163,1,1
1.61496,1,1
1.61574,1,1
1.66818,1,1
1.78897,1,1
1.87799,1,1
1.92838,1,1
1.93866,1,1
1.91933,1,1
1.87419,1,1
1.79761,1,1
1.7056,1,1
1.59217,1,1
1.47712,0,0
1.37145,0,0
1.24713,0,0
1.14154,0,0
1.05423,0,0
0.99391,0,0
0.99423,0,0
1.04398,0,0
1.06449,0,0
1.06426,0,0
1.1319,0,0
1.2633,0,0
1.40628,0,0
1.54914,1,1
1.61457,1,1
1.62041,1,1
1.59578,1,1
1.56095,1,1
1.50071,1,1
1.40214,0,0
1.24103,0,0
1.04654,0,0
0.91007,0,0
0.83209,0,0
0.74522,0,0
0.65558,0,0
0.6111,0,0
0.61543,0,0
0.61781,0,0
0.62222,0,0
0.58636,0,0
0.51519,0,0
0.4443,0,0
0.38263,0,0
0.32601,0,0
0.27833,0,0
0.24165,0,0
0.20372,0,0
0.19653,0,0
0.21918,0,0
0.242,0,0
0.26594,0,0
0.2622,0,0
0.23147,0,0
0.1986,0,0
0.17228,0,0
0.13966,0,0
0.09491,0,0
0.0598,0,0
0.03207,0,0
0.01779,0,0
0.01161,0,0
0.00749,0,0
0.00622,0,0
0.00627,0,0
0.00771,0,0
0.01216,0,0
0.01902,0,0
0.01979,0,0
0.01443,0,0
0.00901,0,0
0.00756,0,0
0.0076,0,0
0.0091,0,0
0.01465,0,0
0.02011,0,0
0.02416,0,0
0.02669,0,0
0.02917,0,0
0.03162,0,0
0.05095,0,0
0.09,0,0
0.12912,0,0
0.16679,0,0
0.18495,0,0
0.19146,0,0
0.20916,0,0
0.24251,0,0
0.24715,0,0
0.22187,0,0
0.22244,0,0
0.25147,0,0
0.28944,0,0
0.34451,0,0
0.39834,1,1
0.45049,1,1
0.49574,1,1
0.53121,1,1
0.55458,1,1
0.56387,1,1
0.57552,1,1
0.59077,1,1
0.57427,1,1
0.53547,1,1
0.51448,1,1
0.50509,1,1
0.49975,1,1
0.49501,1,1
0.49836,1,1
0.5081,1,1
0.4971,1,1
0.46626,1,1
0.43685,1,1
0.40676,1,1
0.39054,1,1
0.38286,1,1
0.36711,1,1
0.34599,1,1
0.31459,0,0
0.27664,0,0
0.24017,0,0
0.2042,0,0
0.16853,0,0
0.13359,0,0
0.10621,0,0
0.08042,0,0
0.04277,0,0
0.01269,0,0
0.0029,0,0
0.00335,0,0
0.00382,0,0
0.00428,0,0
0.00409,0,0
0.00321,0,0
0.00232,0,0
0.00142,0,0
0.00143,0,0
0.00236,0,0
0.00329,0,0
0.00423,0,0
0.00632,0,0
0.01964,0,0
0.03542,0,0
0.05726,0,0
0.06013,0,0
0.04111,0,0
0.02869,0,0
0.01617,0,0
0.0088,0,0
0.00725,0,0
0.00688,0,0
0.0065,0,0
0.00616,0,0
0.00593,0,0
0.00569,0,0
0.00543,0,0
0.00482,0,0
0.00379,0,0
0.00273,0,0
0.00168,0,0
0.00237,0,0
0.00488,0,0
0.00746,0,0
0.0163,0,0
0.01917,0,0
0.01232,0,0
0.00789,0,0
0.00644,0,0
0.00574,0,0
0.00574,0,0
0.00577,0,0
0.00577,0,0
0.00547,0,0
0.00486,0,0
0.00426,0,0
0.00367,0,0
0.02044,0,0
0.05676,0,0
0.09416,0,0
0.13344,0,0
0.15951,0,0
0.17542,0,0
0.2061,0,0
0.25355,0,0
0.30872,0,0
0.37428,1,1
0.39657,1,1
0.36849,1,1
0.32477,1,1
0.30325,0,0
0.31515,0,0
0.36611,1,1
0.44378,1,1
0.50508,1,1
0.53118,1,1
0.51957,1,1
0.50898,1,1
0.50438,1,1
0.50905,1,1
0.52557,1,1
0.55861,1,1
0.60955,1,1
0.58399,1,1
0.48458,1,1
0.36682,1,1
0.30223,0,0
0.30282,0,0
0.33075,1,1
0.37949,1,1
0.40851,1,1
0.39806,1,1
0.35475,1,1
0.32181,1,1
0.29737,0,0
0.26549,0,0
0.22596,0,0
0.18696,0,0
0.14919,0,0
0.12764,0,0
0.11403,0,0
0.09856,0,0
0.07856,0,0
0.04381,0,0
0.01197,0,0
0.0,0,0
0.0,0,0
0.0,0,0
0.0,0,0
0.0,0,0
0.0,0,0
0.0,0,0
0.0,0,0
0.0,0,0
0.0,0,0
0.0,0,0
0.0,0,0
0.0,0,0
0.0,0,0
0.00111,0,0
0.00231,0,0
0.0016,0,0
0.0,0,0
0.0,0,0
0.0,0,0
0.0,0,0
0.0,0,0
0.0,0,0
0.0,0,0
0.0,0,0
0.0,0,0
0.0,0,0
0.0,0,0
0.0,0,0
0.0,0,0
0.0,0,0
0.0,0,0
0.0,0,0
0.0,0,0
0.0,0,0
0.0,0,0
0.0,0,0
0.0,0,0
0.0,0,0
0.0,0,0
0.0,0,0
0.0,0,0
0.0,0,0
0.0,0,0
0.0,0,0
0.00281,0,0
0.00876,0,0
0.01478,0,0
0.03624,0,0
0.07687,0,0
0.11554,0,0
0.15331,0,0
0.19252,0,0
0.22421,0,0
0.25458,0,0
0.29336,0,0
0.33499,0,0
0.37606,0,0
0.41457,0,0
0.45273,0,0
0.49839,1,1
0.55268,1,1
0.59161,1,1
0.61682,1,1
0.6478,1,1
0.685,1,1
0.69925,1,1
0.69132,1,1
0.68743,1,1
0.69021,1,1
0.68059,1,1
0.65904,1,1
0.63908,1,1
0.62281,1,1
0.61172,1,1
0.60645,1,1
0.59479,1,1
0.57728,1,1
0.57434,1,1
0.58145,1,1
0.58086,1,1
0.57706,1,1
0.54682,1,1
0.49582,1,1
0.4565,0,0
0.42434,0,0
0.37146,0,0
0.30629,0,0
0.2491,0,0
0.20383,0,0
0.16679,0,0
0.12997,0,0
0.10047,0,0
0.07466,0,0
0.03962,0,0
0.01041,0,0
0.0,0,0
0.0,0,0
0.0,0,0
0.0,0,0
0.0,0,0
0.0,0,0
0.0,0,0
0.0,0,0
0.0,0,0
0.0,0,0
0.0,0,0
0.0,0,0
0.0,0,0
0.0,0,0
0.0,0,0
0.0,0,0
0.0,0,0
0.0,0,0
0.0,0,0
0.0,0,0
0.0,0,0
0.0,0,0
0.0,0,0
0.0,0,0
0.0,0,0
0.0,0,0
0.0,0,0
0.0,0,0
0.0,0,0
0.0,0,0
0.0,0,0
0.0,0,0
0.0,0,0
0.0,0,0
0.0,0,0
0.0,0,0
0.0,0,0
0.0,0,0
0.0,0,0
0.0,0,0
0.0,0,0
0.0,0,0
0.0,0,0
0.0,0,0
0.0,0,0
0.00594,0,0
0.01836,0,0
0.03308,0,0
0.04651,0,0
0.08049,0,0
0.13499,0,0
0.17157,0,0
0.20495,0,0
0.24577,0,0
0.28472,0,0
0.333,0,0
0.39086,0,0
0.45387,0,0
0.50025,0,0
0.53554,0,0
0.56751,0,0
0.60039,1,1
0.62409,1,1
0.6382,1,1
0.6493,1,1
0.65538,1,1
0.66463,1,1
0.67867,1,1
0.69894,1,1
0.72717,1,1
0.72389,1,1
0.69181,1,1
0.66373,1,1
0.64161,1,1
0.63057,1,1
0.63175,1,1
0.64373,1,1
0.67148,1,1
0.68721,1,1
0.69786,1,1
0.69185,1,1
0.66485,1,1
0.65541,1,1
0.66098,1,1
0.63564,1,1
0.59366,0,0
0.51902,0,0
0.42996,0,0
0.37415,0,0
0.3408,0,0
0.2973,0,0
0.24516,0,0
0.20697,0,0
0.17958,0,0
0.14608,0,0
0.10834,0,0
0.088,0,0
0.08146,0,0
0.07517,0,0
0.06907,0,0
0.05434,0,0
0.03411,0,0
0.01912,0,0
0.00625,0,0
0.00421,0,0
0.0033,0,0
0.00238,0,0
0.00146,0,0
0.00087,0,0
0.00064,0,0
0.00041,0,0
0.00017,0,0
0.0,0,0
0.0,0,0
0.0,0,0
0.0,0,0
0.0,0,0
0.0,0,0
0.0,0,0
0.0,0,0
0.0,0,0
0.0,0,0
0.0,0,0
0.0,0,0
0.0,0,0
0.0,0,0
0.0,0,0
0.0,0,0
0.0,0,0
0.0,0,0
0.0,0,0
0.0,0,0
0.0,0,0
0.0,0,0
0.0,0,0
0.0,0,0
0.0,0,0
0.0,0,0
0.0,0,0
0.0,0,0
0.0,0,0
0.00432,0,0
0.01349,0,0
0.02274,0,0
0.04392,0,0
0.09401,0,0
0.1425,0,0
0.15238,0,0
0.16272,0,0
0.18805,0,0
0.19829,0,0
0.196,0,0
0.18006,0,0
0.16124,0,0
0.17828,0,0
0.2439,0,0
0.31902,0,0
0.37859,0,0
0.42168,1,1
0.44888,1,1
0.49175,1,1
0.55041,1,1
0.56793,1,1
0.54089,1,1
0.51641,1,1
0.50254,1,1
0.51157,1,1
0.53661,1,1
0.5672,1,1
0.59835,1,1
0.61321,1,1
0.61195,1,1
0.61195,1,1
0.61099,1,1
0.58277,1,1
0.53103,1,1
0.48678,1,1
0.45126,1,1
0.43894,1,1
0.44229,1,1
0.44439,1,1
0.44314,1,1
0.41357,0,0
0.36522,0,0
0.29589,0,0
0.21309,0,0
0.15626,0,0
0.12029,0,0
0.09281,0,0
0.0771,0,0
0.04972,0,0
0.01705,0,0
0.00344,0,0
0.00501,0,0
0.0066,0,0
0.01395,0,0
0.01674,0,0
0.01469,0,0
0.01262,0,0
0.01051,0,0
0.01386,0,0
0.02268,0,0
0.03152,0,0
0.04076,0,0
0.05392,0,0
0.06631,0,0
0.07879,0,0
0.09138,0,0
0.10916,0,0
0.12848,0,0
0.14833,0,0
0.16896,0,0
0.19956,0,0
0.22572,0,0
0.25285,0,0
0.27997,0,0
0.30556,0,0
0.32844,0,0
0.35792,0,0
0.38641,1,1
0.37402,1,1
0.32066,0,0
0.27974,0,0
0.23779,0,0
0.23982,0,0
0.28922,0,0
0.33988,0,0
0.40321,1,1
0.38294,1,1
0.29702,0,0
0.21776,0,0
0.16655,0,0
0.14844,0,0
0.156,0,0
0.16411,0,0
0.17216,0,0
0.18574,0,0
0.22087,0,0
0.26939,0,0
0.31586,0,0
0.35443,0,0
0.39461,1,1
0.42118,1,1
0.41275,1,1
0.39464,1,1
0.38348,1,1
0.387,1,1
0.40213,1,1
0.37925,1,1
0.34306,0,0
0.30368,0,0
0.2559,0,0
0.234,0,0
0.23556,0,0
0.25385,0,0
0.29053,0,0
0.33119,0,0
0.37371,1,1
0.41456,1,1
0.47565,1,1
0.47283,1,1
0.4274,1,1
0.40177,1,1
0.3901,1,1
0.40562,1,1
0.44571,1,1
0.43236,1,1
0.36451,0,0
0.30278,0,0
0.26176,0,0
0.24506,0,0
0.23498,0,0
0.21324,0,0
0.26839,0,0
0.26663,0,0
0.28754,0,0
0.33121,0,0
0.38933,1,1
0.38024,1,1
0.31528,0,0
0.26814,0,0
0.23868,0,0
0.22582,0,0
0.21933,0,0
0.21605,0,0
0.20927,0,0
0.18592,0,0
0.16846,0,0
0.17685,0,0
0.19015,0,0
0.20297,0,0
0.21658,0,0
0.22757,0,0
0.23658,0,0
0.24646,0,0
0.25563,0,0
0.24485,0,0
0.2122,0,0
0.17931,0,0
0.15307,0,0
0.14117,0,0
0.13459,0,0
0.12839,0,0
0.1221,0,0
0.11451,0,0
0.10523,0,0
0.09588,0,0
0.08905,0,0
0.08639,0,0
0.08766,0,0
0.0893,0,0
0.09099,0,0
0.08333,0,0
0.06618,0,0
0.04909,0,0
0.03674,0,0
0.02875,0,0
0.02403,0,0
0.01908,0,0
0.01401,0,0
0.01687,0,0
0.02782,0,0
0.03896,0,0
0.05081,0,0
0.06695,0,0
0.08203,0,0
0.0967,0,0
0.11171,0,0
0.11778,0,0
0.1114,0,0
0.10672,0,0
0.10209,0,0
0.0967,0,0
0.09108,0,0
0.0866,0,0
0.08198,0,0
0.07443,0,0
0.06397,0,0
0.05419,0,0
0.05196,0,0
0.06072,0,0
0.07544,0,0
0.1084,0,0
0.16063,1,1
0.19319,1,1
0.20566,1,1
0.19251,1,1
0.16198,1,1
0.14235,1,1
0.13413,0,0
0.13228,0,0
0.13651,0,0
0.13897,0,0
0.1407,0,0
0.15678,1,1
0.18732,1,1
0.21466,1,1
0.23875,1,1
0.25359,1,1
0.265,1,1
0.29574,1,1
0.34021,1,1
0.31926,1,1
0.23429,1,1
0.1614,1,1
0.09828,0,0
0.08277,0,0
0.11622,0,0
0.14213,1,1
0.15885,1,1
0.16106,1,1
0.14789,1,1
0.14421,1,1
0.1507,1,1
0.14818,1,1
0.13767,0,0
0.12443,0,0
0.10915,0,0
0.09232,0,0
0.07404,0,0
0.05241,0,0
0.02814,0,0
0.0124,0,0
0.00666,0,0
0.00548,0,0
0.00592,0,0
0.00637,0,0
0.00789,0,0
0.01105,0,0
0.01533,0,0
0.01967,0,0
0.02407,0,0
0.02745,0,0
0.02969,0,0
0.03206,0,0
0.03434,0,0
0.03239,0,0
0.02608,0,0
0.01958,0,0
0.01303,0,0
0.00859,0,0
0.00697,0,0
0.00651,0,0
0.00606,0,0
0.00468,0,0
0.00228,0,0
0.0,0,0
0.0,0,0
0.0,0,0
0.0,0,0
0.0,0,0
0.0,0,0
0.0,0,0
0.0,0,0
0.0,0,0
0.0,0,0
0.0,0,0
0.0,0,0
0.0,0,0
0.0,0,0
0.0,0,0
0.0,0,0
0.0,0,0
0.0,0,0
0.00149,0,0
0.00435,0,0
0.00721,0,0
0.01573,0,0
0.02852,0,0
0.04172,0,0
0.05842,0,0
0.07943,0,0
0.1092,0,0
0.1479,0,0
0.19155,0,0
0.23458,0,0
0.30328,0,0
0.43001,0,0
0.59934,0,0
0.79266,1,1
0.92512,1,1
0.98027,1,1
1.00014,1,1
0.988,1,1
1.00581,1,1
1.05685,1,1
1.09075,1,1
1.11231,1,1
1.08869,1,1
1.01873,1,1
0.99691,1,1
1.0216,1,1
1.04911,1,1
1.07034,1,1
1.03464,1,1
0.94347,1,1
0.86134,1,1
0.79077,1,1
0.73675,0,0
0.69442,0,0
0.6449,0,0
0.58844,0,0
0.54961,0,0
0.52155,0,0
0.56927,0,0
0.7065,0,0
0.82873,1,1
0.91915,1,1
0.89287,1,1
0.74854,0,0
0.6016,0,0
0.47357,0,0
0.40782,0,0
0.39358,0,0
0.37894,0,0
0.36636,0,0
0.32906,0,0
0.28286,0,0
0.25627,0,0
0.2314,0,0
0.23132,0,0
0.25714,0,0
0.28516,0,0
0.32027,0,0
0.33964,0,0
0.342,0,0
0.34438,0,0
0.3468,0,0
0.38912,0,0
0.47519,0,0
0.57886,0,0
0.68168,0,0
0.73904,0,0
0.75556,0,0
0.77221,0,0
0.78898,1,1
0.78155,1,1
0.74706,0,0
0.71501,0,0
0.67938,0,0
0.59375,0,0
0.45817,0,0
0.3394,0,0
0.24336,0,0
0.19236,1,1
0.1797,1,1
0.17232,1,1
0.16576,1,1
0.16308,1,1
0.16439,1,1
0.16636,1,1
0.16772,1,1
0.17323,1,1
0.18301,1,1
0.19244,1,1
0.20932,1,1
0.19746,1,1
0.1749,1,1
0.15277,0,0
0.13045,0,0
0.10801,0,0
0.08866,0,0
0.06945,0,0
0.05059,0,0
0.04099,0,0
0.0352,0,0
0.03065,0,0
0.02588,0,0
0.0361,0,0
0.06177,0,0
0.0924,0,0
0.13073,0,0
0.14914,0,0
0.15221,0,0
0.14433,0,0
0.12238,0,0
0.11927,0,0
0.12716,0,0
0.13481,0,0
0.13755,0,0
0.12764,0,0
0.10565,0,0
0.0969,0,0
0.10076,0,0
0.10945,0,0
0.12216,0,0
0.1175,0,0
0.09643,0,0
0.07419,0,0
0.05127,0,0
0.04994,0,0
0.07027,0,0
0.08949,0,0
0.10585,0,0
0.1191,0,0
0.12964,0,0
0.14644,0,0
0.17349,1,1
0.18291,1,1
0.17492,1,1
0.16798,1,1
0.16249,1,1
0.16219,1,1
0.16454,1,1
0.15895,1,1
0.14541,0,0
0.1329,0,0
0.12226,0,0
0.11457,0,0
0.10992,0,0
0.10954,0,0
0.11296,0,0
0.1202,0,0
0.13027,0,0
0.14105,0,0
0.15581,0,0
0.15562,0,0
0.14065,0,0
0.12836,0,0
0.11591,0,0
0.09551,0,0
0.07216,0,0
0.05123,0,0
0.03305,0,0
0.02409,0,0
0.01989,0,0
0.01561,0,0
0.01137,0,0
0.01249,0,0
0.01903,0,0
0.02562,0,0
0.03236,0,0
0.03961,0,0
0.0519,0,0
0.06463,0,0
0.07737,0,0
0.09657,0,0
0.13034,0,0
0.16533,1,1
0.2217,1,1
0.23351,0,0
0.19236,0,0
0.16322,0,0
0.14042,0,0
0.11524,0,0
0.0916,0,0
0.07077,0,0
0.04979,0,0
0.04049,0,0
0.03823,0,0
0.03593,0,0
0.0336,0,0
0.02979,0,0
0.02452,0,0
0.01932,0,0
0.01402,0,0
0.0127,0,0
0.01536,0,0
0.01802,0,0
0.02068,0,0
0.02059,0,0
0.02604,0,0
0.04052,0,0
0.05532,0,0
0.07184,0,0
0.11421,0,0
0.18365,0,0
0.24288,0,0
0.28317,0,0
0.3141,0,0
0.34712,0,0
0.39356,1,1
0.43053,1,1
0.45857,1,1
0.46507,1,1
0.44304,1,1
0.42564,1,1
0.41445,1,1
0.40265,1,1
0.38785,1,1
0.36272,1,1
0.35244,1,1
0.36634,1,1
0.41788,1,1
0.48407,1,1
0.52465,1,1
0.53688,1,1
0.52313,1,1
0.53105,1,1
0.5629,1,1
0.53573,1,1
0.45111,1,1
0.3574,1,1
0.30132,0,0
0.2982,0,0
0.32149,0,0
0.34842,1,1
0.35744,1,1
0.34149,0,0
0.30218,0,0
0.27275,0,0
0.2516,0,0
0.22543,0,0
0.19432,0,0
0.16337,0,0
0.13258,0,0
0.11416,0,0
0.10231,0,0
0.09045,0,0
0.07703,0,0
0.0483,0,0
0.01497,0,0
0.00225,0,0
0.005,0,0
0.01321,0,0
0.02636,0,0
0.0301,0,0
0.02424,0,0
0.01825,0,0
0.01211,0,0
0.00745,0,0
0.00614,0,0
0.0055,0,0
0.00483,0,0
0.00463,0,0
0.00487,0,0
0.00511,0,0
0.00534,0,0
0.00457,0,0
0.00278,0,0
0.00096,0,0
0.0,0,0
0.0,0,0
0.00101,0,0
0.003,0,0
0.00511,0,0
0.01596,0,0
0.04799,0,0
0.09581,0,0
0.15912,0,0
0.19602,0,0
0.18388,0,0
0.17704,0,0
0.17102,0,0
0.1642,0,0
0.15727,0,0
0.14962,0,0
0.14248,0,0
0.14311,0,0
0.15223,0,0
0.16143,0,0
0.17071,0,0
0.17934,0,0
0.18799,0,0
0.19611,0,0
0.21164,0,0
0.198,0,0
0.17561,0,0
0.15851,0,0
0.14243,0,0
0.16121,0,0
0.21836,0,0
0.2669,0,0
0.30564,0,0
0.36198,0,0
0.44597,0,0
0.49742,1,1
0.50314,1,1
0.46689,0,1
0.49528,1,1
0.49642,1,1
0.52456,1,1
0.60758,1,1
0.74578,1,1
0.7744,1,1
0.68137,1,1
0.59961,1,1
0.59884,1,1
0.62608,1,1
0.63136,1,1
0.5689,1,1
0.44616,0,0
0.39283,0,0
0.42094,0,0
0.47955,0,0
0.55425,1,1
0.56043,1,1
0.50286,1,1
0.45132,0,0
0.405,0,0
0.36964,0,0
0.35019,0,0
0.32998,0,0
0.30671,0,0
0.29436,0,0
0.29246,0,0
0.30874,0,0
0.34189,0,0
0.34724,0,0
0.33207,0,0
0.3272,0,0
0.33282,0,0
0.36701,0,0
0.4143,0,0
0.41312,0,0
0.3789,0,0
0.3573,0,0
0.33672,0,0
0.31589,0,0
0.29484,0,0
0.27452,0,0
0.25831,0,0
0.25197,0,0
0.25365,0,0
0.25619,0,0
0.25793,0,0
0.28482,0,0
0.35532,0,0
0.42632,0,0
0.50612,1,1
0.53621,1,1
0.5097,1,1
0.48139,0,0
0.45603,0,0
0.45766,0,0
0.48657,0,0
0.51715,1,1
0.54795,1,1
0.53912,1,1
0.49262,1,1
0.45489,0,0
0.41448,0,0
0.41919,1,1
0.47389,1,1
0.52815,1,1
0.59459,1,1
0.58067,1,1
0.4965,1,1
0.4185,1,1
0.33928,0,0
0.26859,0,0
0.18768,0,0
0.14179,0,0
0.09892,0,0
0.08591,0,0
0.09416,0,0
0.10284,0,0
0.11197,0,0
0.11197,0,0
0.10326,0,0
0.09493,0,0
0.0866,0,0
0.07691,0,0
0.0735,0,0
0.07865,0,0
0.08492,0,0
0.11489,0,0
0.17052,0,0
0.24093,0,0
0.32926,0,0
0.36954,1,0
0.32935,0,0
0.32097,0,0
0.32068,0,0
0.34432,0,0
0.39171,1,1
0.43313,1,1
0.46787,1,1
0.53729,1,1
0.6241,1,1
0.64496,1,1
0.61038,1,1
0.51913,1,1
0.38973,1,1
0.34851,1,1
0.37208,1,1
0.40222,1,1
0.44189,1,1
0.42123,1,1
0.33968,0,0
0.25704,0,0
0.18376,0,0
0.17632,0,0
0.24177,0,0
0.32128,0,0
0.39966,1,1
0.40773,1,1
0.34191,0,0
0.29666,0,0
0.27067,0,0
0.26289,0,0
0.2701,0,0
0.27058,0,0
0.26512,0,0
0.26608,0,0
0.27276,0,0
0.27819,0,0
0.28246,0,0
0.26253,0,0
0.22524,0,0
0.19982,0,0
0.18066,0,0
0.16906,0,0
0.16989,0,0
0.1891,0,0
0.22535,0,0
0.26249,0,0
0.30988,0,0
0.31107,0,0
0.26638,0,0
0.23197,0,0
0.19618,0,0
0.17186,0,0
0.16048,0,0
0.15388,0,0
0.14744,0,0
0.14095,0,0
0.13442,0,0
0.12739,0,0
0.12077,0,0
0.12796,0,0
0.14995,0,0
0.17755,0,0
0.21653,0,0
0.21891,0,0
0.18223,0,0
0.15685,0,0
0.13641,0,0
0.11877,0,0
0.10422,0,0
0.09257,0,0
0.08149,0,0
0.07181,0,0
0.06288,0,0
0.05373,0,0
0.04514,0,0
0.04374,0,0
0.04693,0,0
0.05105,0,0
0.0559,0,0
0.05851,0,0
0.05854,0,0
0.05856,0,0
0.05859,0,0
0.05837,0,0
0.05792,0,0
0.05748,0,0
0.05704,0,0
0.04135,0,0
0.02231,0,0
0.02001,0,0
0.02536,0,0
0.04117,0,0
0.06369,0,0
0.07577,0,0
0.0774,0,0
0.08652,0,0
0.1028,0,0
0.10237,0,0
0.08557,0,0
0.07502,0,0
0.07709,0,0
0.08497,0,0
0.09449,0,0
0.08672,0,0
0.08447,0,0
0.08359,0,0
0.08273,0,0
0.0716,0,0
0.05295,0,0
0.04054,0,0
0.07811,0,0
0.14827,0,0
0.20093,0,0
0.24559,0,0
0.28216,0,0
0.35194,0,0
0.45809,1,1
0.51259,1,1
0.50969,1,1
0.5175,1,1
0.53325,1,1
0.5501,1,1
0.56289,1,1
0.56457,1,1
0.55426,1,1
0.52847,1,1
0.48253,1,1
0.44769,1,1
0.42197,1,1
0.41641,1,1
0.42003,1,1
0.41081,1,1
0.37878,0,0
0.30854,0,0
0.22641,0,0
0.1794,0,0
0.16086,0,0
0.13588,0,0
0.10245,0,0
0.09787,0,0
0.11557,0,0
0.13341,0,0
0.15248,0,0
0.19467,0,0
0.24712,0,0
0.31237,0,0
0.38778,0,0
0.43734,1,1
0.46663,1,1
0.49611,1,1
0.52583,1,1
0.52967,1,1
0.5054,1,1
0.48078,1,1
0.45723,1,1
0.37303,0,0
0.24463,0,0
0.14995,0,0
0.09131,0,0
0.06752,0,0
0.06334,0,0
0.0588,0,0
0.05432,0,0
0.05496,0,0
0.06113,0,0
0.06764,0,0
0.07404,0,0
0.08184,0,0
0.09082,0,0
0.10004,0,0
0.11031,0,0
0.12452,0,0
0.1394,0,0
0.15506,1,1
0.171,1,1
0.17186,1,1
0.1574,1,1
0.14233,1,1
0.12787,0,0
0.11125,0,0
0.096,0,0
0.08084,0,0
0.06578,0,0
0.04789,0,0
0.03375,0,0
0.02016,0,0
0.0078,0,0
0.0178,0,0
0.04191,0,0
0.06638,0,0
0.09059,0,0
0.11492,0,0
0.14501,1,1
0.15105,1,1
0.13147,0,0
0.08882,0,0
0.05084,0,0
0.03955,0,0
0.08975,0,0
0.19458,1,1
0.29199,1,1
0.29679,1,1
0.21032,1,1
0.14685,1,1
0.10689,0,0
0.08502,0,0
0.07757,0,0
0.06003,0,0
0.03289,0,0
0.03305,0,0
0.06024,0,0
0.08195,0,0
0.09853,0,0
0.11008,0,0
0.11688,0,0
0.12734,0,0
0.1421,0,0
0.14795,1,1
0.14436,1,1
0.14311,1,1
0.14451,1,1
0.14638,1,1
0.14946,1,1
0.15288,1,1
0.15627,1,1
0.15516,1,1
0.14895,1,1
0.14487,1,1
0.14373,1,1
0.13274,0,0
0.11054,0,0
0.09459,0,0
0.08266,0,0
0.05539,0,0
0.01985,0,0
0.00444,0,0
0.00467,0,0
0.00491,0,0
0.00516,0,0
0.00517,0,0
0.00499,0,0
0.00479,0,0
0.0046,0,0
0.0045,0,0
0.00453,0,0
0.00455,0,0
0.00458,0,0
0.00473,0,0
0.00499,0,0
0.00526,0,0
0.00555,0,0
0.00535,0,0
0.00468,0,0
0.00401,0,0
0.00331,0,0
0.0041,0,0
0.00642,0,0
0.01349,0,0
0.02491,0,0
0.04104,0,0
0.07022,0,0
0.10219,0,0
0.145,0,0
0.17904,0,0
0.21372,1,1
0.25591,1,1
0.2988,1,1
0.30248,1,1
0.26338,1,1
0.22272,1,1
0.19041,1,1
0.18029,0,0
0.18035,0,0
0.18116,0,0
0.18198,0,0
0.16869,0,0
0.14145,0,0
0.11489,0,0
0.09505,0,0
0.07536,0,0
0.05858,0,0
0.05062,0,0
0.04515,0,0
0.05265,0,0
0.07314,0,0
0.08665,0,0
0.09418,0,0
0.09863,0,0
0.09594,0,0
0.10149,0,0
0.11438,0,0
0.12811,0,0
0.14156,0,0
0.15434,0,0
0.16709,0,0
0.17998,0,0
0.19301,1,1
0.20819,1,1
0.2252,1,1
0.23391,1,1
0.23562,1,1
0.22866,1,1
0.21327,1,1
0.21024,1,1
0.21979,1,1
0.21699,1,1
0.2037,1,1
0.19339,1,1
0.18645,1,1
0.17249,0,0
0.15272,0,0
0.1194,0,0
0.07261,0,0
0.07455,0,0
0.12885,0,0
0.19811,1,1
0.27718,1,1
0.27731,1,1
0.19958,1,1
0.13434,0,0
0.08356,0,0
0.06787,0,0
0.08614,0,0
0.10167,0,0
0.11427,0,0
0.10905,0,0
0.0872,0,0
0.07069,0,0
0.05823,0,0
0.04043,0,0
0.0166,0,0
0.00607,0,0
0.01021,0,0
0.01665,0,0
0.02319,0,0
0.02657,0,0
0.02672,0,0
0.02696,0,0
0.02711,0,0
0.02505,0,0
0.02067,0,0
0.01631,0,0
0.01187,0,0
0.00796,0,0
0.00653,0,0
0.00584,0,0
0.00514,0,0
0.00539,0,0
0.00659,0,0
0.01033,0,0
0.01612,0,0
0.02437,0,0
0.0355,0,0
0.04906,0,0
0.0674,0,0
0.08202,0,0
0.09207,0,0
0.10219,0,0
0.11572,0,0
0.10469,0,0
0.07771,0,0
0.0501,0,0
0.03115,0,0
0.01614,0,0
0.00751,0,0
0.00502,0,0
0.00249,0,0
0.00035,0,0
0.0,0,0
0.0,0,0
0.0,0,0
0.0,0,0
0.0,0,0
0.0,0,0
0.0,0,0
0.00106,0,0
0.00897,0,0
0.01505,0,0
0.02102,0,0
0.03336,0,0
0.05329,0,0
0.07968,0,0
0.11146,0,0
0.15191,0,0
0.20551,0,0
0.22536,0,0
0.20583,0,0
0.20064,0,0
0.21111,0,0
0.2093,0,0
0.19523,0,0
0.18345,0,0
0.17841,0,0
0.18995,0,0
0.21103,0,0
0.23937,0,0
0.27188,1,1
0.34892,1,1
0.44996,1,1
0.51917,1,1
0.54133,1,1
0.53672,1,1
0.50785,1,1
0.44209,1,1
0.35214,1,1
0.28318,1,1
0.23767,0,0
0.21738,0,0
0.20825,0,0
0.21988,0,0
0.25328,1,1
0.30869,1,1
0.40859,1,1
0.50636,1,1
0.61918,1,1
0.63437,1,1
0.55619,1,1
0.46715,1,1
0.35348,1,1
0.30464,1,1
0.30079,1,1
0.3081,1,1
0.3182,1,1
0.27859,1,1
0.19757,0,0
0.1405,0,0
0.08712,0,0
0.0625,0,0
0.0576,0,0
0.05287,0,0
0.0481,0,0
0.03916,0,0
0.03061,0,0
0.0222,0,0
0.01366,0,0
0.00774,0,0
0.00636,0,0
0.00569,0,0
0.00502,0,0
0.00573,0,0
0.01123,0,0
0.02142,0,0
0.03176,0,0
0.03826,0,0
0.0407,0,0
0.04422,0,0
0.048,0,0
0.05329,0,0
0.06057,0,0
0.06803,0,0
0.07592,0,0
0.08324,0,0
0.0897,0,0
0.09661,0,0
0.10322,0,0
0.11414,0,0
0.13224,0,0
0.15065,0,0
0.16868,0,0
0.17016,0,0
0.15402,0,0
0.13759,0,0
0.12086,0,0
0.10479,0,0
0.08722,0,0
0.06993,0,0
0.05225,0,0
0.04076,0,0
0.02936,0,0
0.01787,0,0
0.0084,0,0
0.01003,0,0
0.01974,0,0
0.0285,0,0
0.03716,0,0
0.06131,0,0
0.10354,0,0
0.14579,0,0
0.1865,0,0
0.23417,0,0
0.28424,0,0
0.33239,0,0
0.37427,0,0
0.40682,1,1
0.43254,1,1
0.46254,1,1
0.50165,1,1
0.52652,1,1
0.53707,1,1
0.54256,1,1
0.54166,1,1
0.52759,1,1
0.50741,1,1
0.52072,1,1
0.56508,1,1
0.63009,1,1
0.70983,1,1
0.7041,1,1
0.61322,1,1
0.52523,1,1
0.44286,1,1
0.42639,1,1
0.47267,1,1
0.51769,1,1
0.56662,1,1
0.55309,1,1
0.47509,1,1
0.40536,0,0
0.34606,0,0
0.32274,0,0
0.32993,0,0
0.33354,0,0
0.33546,0,0
0.3001,0,0
0.23488,0,0
0.17416,0,0
0.13283,0,0
0.11161,0,0
0.09432,0,0
0.07807,0,0
0.0639,0,0
0.04209,0,0
0.01341,0,0
0.0,0,0
0.0,0,0
0.0,0,0
0.0,0,0
0.0,0,0
0.0,0,0
0.0,0,0
0.0,0,0
0.0,0,0
0.0,0,0
0.0,0,0
0.0,0,0
0.0,0,0
0.0,0,0
0.0,0,0
0.0,0,0
0.0,0,0
0.0,0,0
0.0,0,0
0.0,0,0
0.0,0,0
0.0,0,0
0.0,0,0
0.0,0,0
0.0,0,0
0.0,0,0
0.0,0,0
0.0,0,0
0.0,0,0
0.00063,0,0
0.00179,0,0
0.00298,0,0
0.00359,0,0
0.00359,0,0
0.00361,0,0
0.00363,0,0
0.00365,0,0
0.00365,0,0
0.00367,0,0
0.00369,0,0
0.00401,0,0
0.0046,0,0
0.00521,0,0
0.00579,0,0
0.00997,0,0
0.01823,0,0
0.02673,0,0
0.03529,0,0
0.05283,0,0
0.09857,0,0
0.15526,0,0
0.19056,0,0
0.22508,0,0
0.26646,0,0
0.30145,0,0
0.33879,0,0
0.38391,0,0
0.43282,1,1
0.46881,1,1
0.48618,1,1
0.50234,1,1
0.51724,1,1
0.54103,1,1
0.57777,1,1
0.61999,1,1
0.66948,1,1
0.69112,1,1
0.68498,1,1
0.68717,1,1
0.69575,1,1
0.68657,1,1
0.65517,1,1
0.62692,1,1
0.60395,1,1
0.58957,1,1
0.58325,1,1
0.58556,1,1
0.59617,1,1
0.57338,1,1
0.51927,1,1
0.4712,1,1
0.432,0,0
0.39762,0,0
0.36588,0,0
0.32503,0,0
0.27786,0,0
0.25745,0,0
0.25534,0,0
0.25616,0,0
0.25802,0,0
0.20344,0,0
0.12285,0,0
0.08274,0,0
0.0632,0,0
0.0398,0,0
0.01269,0,0
0.0,0,0
0.0,0,0
0.0,0,0
0.0,0,0
0.0,0,0
0.0,0,0
0.0,0,0
0.0,0,0
0.0,0,0
0.0,0,0
0.0,0,0
0.0,0,0
0.0,0,0
0.0,0,0
0.0,0,0
0.0,0,0
0.0,0,0
0.0,0,0
0.0,0,0
0.0,0,0
0.0,0,0
0.0,0,0
0.0,0,0
0.0,0,0
0.0,0,0
0.0,0,0
0.0,0,0
0.0002,0,0
0.00146,0,0
0.00205,0,0
0.00265,0,0
0.00325,0,0
0.00299,0,0
0.00183,0,0
0.00065,0,0
0.0,0,0
0.0,0,0
0.0,0,0
0.00036,0,0
0.00097,0,0
0.00203,0,0
0.00355,0,0
0.00507,0,0
0.00662,0,0
0.01316,0,0
0.02909,0,0
0.04783,0,0
0.06714,0,0
0.09624,0,0
0.14226,0,0
0.19328,0,0
0.22524,0,0
0.24915,0,0
0.26407,0,0
0.29391,0,0
0.36567,0,0
0.45219,1,1
0.55764,1,1
0.58934,1,1
0.52718,1,1
0.44287,1,1
0.42074,1,1
0.46727,1,1
0.51212,1,1
0.54226,1,1
0.53222,1,1
0.54809,1,1
0.5935,1,1
0.63413,1,1
0.67015,1,1
0.64793,1,1
0.56548,1,1
0.51019,1,1
0.46753,1,1
0.45837,1,1
0.48074,1,1
0.51613,1,1
0.56733,1,1
0.54249,1,1
0.44308,1,1
0.32497,0,0
0.23407,0,0
0.21501,0,0
0.24348,0,0
0.27843,0,0
0.30181,0,0
0.28163,0,0
0.22511,0,0
0.17656,0,0
0.14457,0,0
0.12398,0,0
0.10745,0,0
0.09258,0,0
0.07872,0,0
0.05569,0,0
0.02417,0,0
0.01403,0,0
0.02314,0,0
0.03239,0,0
0.04205,0,0
0.04597,0,0
0.03998,0,0
0.03563,0,0
0.03121,0,0
0.02544,0,0
0.01844,0,0
0.01134,0,0
0.00676,0,0
0.00479,0,0
0.00231,0,0
0.0,0,0
0.0,0,0
0.0,0,0
0.0,0,0
0.0,0,0
0.0,0,0
0.0,0,0
0.0,0,0
0.0,0,0
0.0,0,0
0.0,0,0
0.0,0,0
0.0,0,0
0.0,0,0
0.0,0,0
0.0,0,0
0.0,0,0
0.0,0,0
0.0,0,0
0.0,0,0
0.0,0,0
0.0,0,0
0.0,0,0
0.0,0,0
0.0,0,0
0.0,0,0
0.0,0,0
0.0,0,0
0.0,0,0
0.0,0,0
0.00552,0,0
0.01714,0,0
0.02866,0,0
0.04017,0,0
0.05924,0,0
0.085,0,0
0.1084,0,0
0.1426,0,0
0.19748,0,0
0.25854,0,0
0.30783,0,0
0.34324,0,0
0.38474,1,1
0.43833,1,1
0.47458,1,1
0.48469,1,1
0.48789,1,1
0.48413,1,1
0.49937,1,1
0.54377,1,1
0.59491,1,1
0.65459,1,1
0.66238,1,1
0.61946,1,1
0.58406,1,1
0.55794,1,1
0.54042,1,1
0.52877,1,1
0.51711,1,1
0.50232,1,1
0.49362,1,1
0.49059,1,1
0.50004,1,1
0.52064,1,1
0.49257,1,1
0.41772,1,1
0.32836,0,0
0.26267,0,0
0.2494,0,0
0.27483,0,0
0.30721,0,0
0.32213,0,0
0.30568,0,0
0.26383,0,0
0.23035,0,0
0.20602,0,0
0.17414,0,0
0.13703,0,0
0.10756,0,0
0.08546,0,0
0.05441,0,0
0.01677,0,0
0.0,0,0
0.0,0,0
0.0,0,0
0.0,0,0
0.0,0,0
0.0,0,0
0.0,0,0
0.0,0,0
0.0,0,0
0.0,0,0
0.0,0,0
0.0,0,0
0.0,0,0
0.0,0,0
0.0,0,0
0.0,0,0
0.0,0,0
0.0,0,0
0.00089,0,0
0.00355,0,0
0.00528,0,0
0.00611,0,0
0.00693,0,0
0.00857,0,0
0.01292,0,0
0.01795,0,0
0.02315,0,0
0.02837,0,0
0.02417,0,0
0.01032,0,0
0.00562,0,0
0.00266,0,0
0.00047,0,0
0.0,0,0
0.0,0,0
0.0,0,0
0.0,0,0
0.0,0,0
0.0,0,0
0.0,0,0
0.0,0,0
0.0,0,0
6e-05,0,0
0.00232,0,0
0.00896,0,0
0.02053,0,0
0.03202,0,0
0.04345,0,0
0.06617,0,0
0.10018,0,0
0.1263,0,0
0.15874,0,0
0.21254,0,0
0.29063,0,0
0.35138,0,0
0.37727,0,0
0.39854,0,0
0.42289,1,1
0.45054,1,1
0.48605,1,1
0.51393,1,1
0.53227,1,1
0.55381,1,1
0.58102,1,1
0.61678,1,1
0.66331,1,1
0.66581,1,1
0.61922,1,1
0.58481,1,1
0.5616,1,1
0.53074,1,1
0.49495,1,1
0.45134,1,1
0.40121,0,0
0.38896,0,0
0.4156,0,0
0.43983,1,1
0.46234,1,1
0.47181,1,1
0.4768,1,1
0.48486,1,1
0.49504,1,1
0.48632,1,1
0.4587,1,1
0.41071,0,0
0.3462,0,0
0.30866,0,0
0.28302,0,0
0.26567,0,0
0.24554,0,0
0.1977,0,0
0.1401,0,0
0.10351,0,0
0.08311,0,0
0.0573,0,0
0.02242,0,0
0.01864,0,0
0.04024,0,0
0.07174,0,0
0.11088,0,0
0.1471,0,0
0.19792,0,0
0.25103,0,0
0.31691,0,0
0.27428,0,0
0.15845,0,0
0.09215,0,0
0.04325,0,0
0.02639,0,0
0.02659,0,0
0.02688,0,0
0.02718,0,0
0.02348,0,0
0.01575,0,0
0.00795,0,0
0.00563,0,0
0.00545,0,0
0.00675,0,0
0.01075,0,0
0.017,0,0
0.02392,0,0
0.03139,0,0
0.03893,0,0
0.04768,0,0
0.05957,0,0
0.07184,0,0
0.08431,0,0
0.09661,0,0
0.10083,0,0
0.09561,0,0
0.09066,0,0
0.08523,0,0
0.07938,0,0
0.07316,0,0
0.06695,0,0
0.06072,0,0
0.05554,0,0
0.05139,0,0
0.04788,0,0
0.04521,0,0
0.04287,0,0
0.04147,0,0
0.04059,0,0
0.04529,0,0
0.06498,0,0
0.10703,0,0
0.14839,0,0
0.1939,0,0
0.21601,0,0
0.21215,0,0
0.21995,0,0
0.23557,0,0
0.27015,0,0
0.31556,1,1
0.33315,1,1
0.31769,1,1
0.29847,1,1
0.2891,1,1
0.30284,1,1
0.34193,1,1
0.39431,1,1
0.44597,1,1
0.46264,1,1
0.44319,1,1
0.427,1,1
0.41586,1,1
0.42898,1,1
0.46296,1,1
0.48828,1,1
0.5051,1,1
0.47079,1,1
0.38351,1,1
0.30678,1,1
0.26113,0,0
0.26106,0,0
0.2927,1,1
0.30514,1,1
0.29263,1,1
0.28238,0,0
0.27628,0,0
0.27865,0,0
0.28833,1,0
0.28324,0,0
0.26493,0,0
0.24744,0,0
0.2307,0,0
0.20247,0,0
0.16641,0,0
0.136,0,0
0.10798,0,0
0.08446,0,0
0.0676,0,0
0.04728,0,0
0.03827,0,0
0.04729,0,0
0.05889,0,0
0.06096,0,0
0.05331,0,0
0.04533,0,0
0.03803,0,0
0.03546,0,0
0.03548,0,0
0.0355,0,0
0.03552,0,0
0.03554,0,0
0.03568,0,0
0.03595,0,0
0.03609,0,0
0.03178,0,0
0.02298,0,0
0.0141,0,0
0.00666,0,0
0.00494,0,0
0.00333,0,0
0.00166,0,0
0.0,0,0
0.0,0,0
0.00133,0,0
0.00289,0,0
0.00445,0,0
0.00644,0,0
0.01263,0,0
0.02411,0,0
0.03592,0,0
0.0513,0,0
0.07597,0,0
0.10066,0,0
0.13246,0,0
0.13305,0,0
0.10243,0,0
0.078,0,0
0.05335,0,0
0.0469,0,0
0.05653,0,0
0.06698,0,0
0.07745,0,0
0.0844,0,0
0.08891,0,0
0.09332,0,0
0.0983,0,0
0.11752,0,0
0.15074,0,0
0.1821,0,0
0.21986,1,1
0.27485,1,1
0.33369,1,1
0.38842,1,1
0.43632,1,1
0.48643,1,1
0.53928,1,1
0.57014,1,1
0.57475,1,1
0.59479,1,1
0.6321,1,1
0.59609,1,1
0.48629,1,1
0.34737,1,1
0.22423,1,1
0.18151,0,0
0.17585,0,0
0.16447,0,0
0.14175,0,0
0.15065,0,0
0.19633,0,0
0.24797,1,1
0.29781,1,1
0.31532,1,1
0.30123,1,1
0.30826,1,1
0.33205,1,1
0.31817,1,1
0.26594,1,1
0.21255,1,1
0.16592,0,0
0.14475,0,0
0.14343,0,0
0.13625,0,0
0.12434,0,0
0.11107,0,0
0.0975,0,0
0.08162,0,0
0.06464,0,0
0.05953,0,0
0.0664,0,0
0.08148,0,0
0.10185,0,0
0.09811,0,0
0.08187,0,0
0.06929,0,0
0.06948,0,0
0.08611,0,0
0.1086,0,0
0.12029,0,0
0.12115,0,0
0.12163,0,0
0.12251,0,0
0.12572,0,0
0.13043,0,0
0.13559,0,0
0.1408,0,0
0.14955,0,0
0.16212,0,0
0.1841,0,0
0.20625,0,0
0.21138,0,0
0.19928,0,0
0.18643,0,0
0.17417,0,0
0.16403,0,0
0.15714,0,0
0.14999,0,0
0.14309,0,0
0.16309,0,0
0.23574,0,0
0.32263,0,0
0.44221,1,1
0.46933,1,1
0.40022,1,1
0.32965,0,0
0.27794,0,0
0.20538,0,0
0.1472,0,0
0.09845,0,0
0.05984,0,0
0.04315,0,0
0.04318,0,0
0.04337,0,0
0.0434,0,0
0.04675,0,0
0.05636,0,0
0.06652,0,0
0.07692,0,0
0.07667,0,0
0.06621,0,0
0.05707,0,0
0.05217,0,0
0.05228,0,0
0.05692,0,0
0.06179,0,0
0.10615,0,0
0.17549,0,0
0.23602,0,0
0.23391,0,0
0.16386,0,0
0.09713,0,0
0.03803,0,0
0.05116,0,0
0.13252,0,0
0.20988,0,0
0.28434,0,0
0.33268,0,0
0.3533,0,0
0.37336,1,1
0.39403,1,1
0.42077,1,1
0.45594,1,1
0.49459,1,1
0.53264,1,1
0.54862,1,1
0.54283,1,1
0.55254,1,1
0.57561,1,1
0.57494,1,1
0.55144,1,1
0.543,1,1
0.54916,1,1
0.52494,1,1
0.47112,1,1
0.42013,1,1
0.37027,1,1
0.3389,0,0
0.32415,0,0
0.31538,0,0
0.31373,0,0
0.31948,0,0
0.32937,0,0
0.34349,0,0
0.35812,1,1
0.36486,1,1
0.36738,1,1
0.34205,0,0
0.28621,0,0
0.23959,0,0
0.20098,0,0
0.16008,0,0
0.13019,0,0
0.11098,0,0
0.09246,0,0
0.08007,0,0
0.07068,0,0
0.06096,0,0
0.05134,0,0
0.04648,0,0
0.04666,0,0
0.04669,0,0
0.04687,0,0
0.04535,0,0
0.04224,0,0
0.03933,0,0
0.03739,0,0
0.03307,0,0
0.02646,0,0
0.01981,0,0
0.0131,0,0
0.00664,0,0
0.00457,0,0
0.00241,0,0
0.00018,0,0
0.0,0,0
0.00057,0,0
0.00161,0,0
0.00265,0,0
0.00346,0,0
0.00402,0,0
0.00458,0,0
0.00518,0,0
0.00781,0,0
0.02878,0,0
0.05352,0,0
0.08913,0,0
0.10409,0,0
0.09792,0,0
0.09174,0,0
0.08555,0,0
0.0679,0,0
0.04237,0,0
0.0236,0,0
0.00769,0,0
0.01081,0,0
0.02166,0,0
0.03278,0,0
0.04465,0,0
0.07072,0,0
0.11995,0,0
0.17338,0,0
0.21052,0,0
0.24602,0,0
0.28441,1,1
0.32758,1,1
0.37646,1,1
0.43253,1,1
0.49348,1,1
0.51936,1,1
0.49191,1,1
0.45863,1,1
0.41999,1,1
0.39815,1,1
0.39918,1,1
0.40489,1,1
0.41598,1,1
0.39183,1,1
0.33275,1,1
0.26439,0,0
0.2021,0,0
0.16268,0,0
0.12808,0,0
0.07392,0,0
0.04272,0,0
0.05031,0,0
0.12756,0,0
0.26311,0,0
0.3817,1,1
0.4031,1,1
0.32183,1,1
0.26925,1,1
0.25371,0,0
0.25649,0,0
0.31533,1,1
0.39299,1,1
0.44589,1,1
0.41534,1,1
0.31709,1,1
0.23004,0,0
0.18274,0,0
0.1588,0,0
0.14251,0,0
0.12418,0,0
0.10378,0,0
0.08441,0,0
0.06705,0,0
0.04511,0,0
0.02532,0,0
0.01296,0,0
0.00606,0,0
0.00431,0,0
0.00208,0,0
0.0,0,0
0.0,0,0
0.0,0,0
0.0,0,0
0.0,0,0
0.0,0,0
0.0,0,0
0.0,0,0
0.0,0,0
0.0,0,0
0.0,0,0
0.0,0,0
0.0,0,0
0.0,0,0
0.0,0,0
0.0,0,0
0.0,0,0
0.0,0,0
0.0,0,0
0.0,0,0
0.0,0,0
0.0,0,0
0.0,0,0
0.0,0,0
0.0,0,0
0.0,0,0
0.0,0,0
0.0,0,0
0.0,0,0
0.0,0,0
0.0,0,0
0.0,0,0
0.0,0,0
0.00201,0,0
0.00437,0,0
0.00635,0,0
0.0083,0,0
0.01751,0,0
0.02667,0,0
0.03617,0,0
0.04579,0,0
0.05539,0,0
0.06153,0,0
0.06422,0,0
0.08196,0,0
0.11474,0,0
0.15106,0,0
0.1929,0,0
0.20056,0,0
0.17376,0,0
0.14848,0,0
0.127,0,0
0.12883,0,0
0.1531,0,0
0.17164,0,0
0.18423,0,0
0.20947,0,0
0.24853,0,0
0.2909,0,0
0.3376,0,0
0.37376,0,0
0.40033,1,1
0.43051,1,1
0.46412,1,1
0.47014,1,1
0.4466,1,1
0.43327,1,1
0.43022,1,1
0.48002,1,1
0.599,1,1
0.72375,1,1
0.85033,1,1
0.84062,1,1
0.69566,1,1
0.53305,1,1
0.43444,1,1
0.40613,1,1
0.42268,1,1
0.43626,1,1
0.44709,1,1
0.42811,1,1
0.43013,1,1
0.46129,1,1
0.46962,1,1
0.4231,1,1
0.35488,0,0
0.2894,0,0
0.22626,0,0
0.18039,0,0
0.13775,0,0
0.10055,0,0
0.07317,0,0
0.05454,0,0
0.03902,0,0
0.03917,0,0
0.05283,0,0
0.06647,0,0
0.08049,0,0
0.08507,0,0
0.0803,0,0
0.0755,0,0
0.07065,0,0
0.06835,0,0
0.0684,0,0
0.06868,0,0
0.06873,0,0
0.07163,0,0
0.07718,0,0
0.08306,0,0
0.08872,0,0
0.08495,0,0
0.07174,0,0
0.05812,0,0
0.04392,0,0
0.0345,0,0
0.02514,0,0
0.0155,0,0
0.00735,0,0
0.0057,0,0
0.00444,0,0
0.00314,0,0
0.00181,0,0
0.00143,0,0
0.00199,0,0
0.00258,0,0
0.00318,0,0
0.00377,0,0
0.00434,0,0
0.00491,0,0
0.00549,0,0
0.00476,0,0
0.00274,0,0
0.00076,0,0
0.0,0,0
0.0,0,0
0.0,0,0
0.00089,0,0
0.00126,0,0
0.01604,0,0
0.04652,0,0
0.0693,0,0
0.08396,0,0
0.10411,0,0
0.12866,0,0
0.14709,0,0
0.164,1,1
0.18165,1,1
0.19848,1,1
0.19817,1,1
0.18482,1,1
0.16525,1,1
0.14006,0,0
0.15354,0,0
0.21034,1,1
0.26928,1,1
0.32396,1,1
0.33761,1,1
0.30954,1,1
0.28888,1,1
0.2745,1,1
0.27895,1,1
0.3,1,1
0.32817,1,1
0.36439,1,1
0.3557,1,1
0.30504,1,1
0.27047,1,1
0.25083,1,1
0.21867,1,1
0.17204,1,1
0.1177,0,0
0.0544,0,0
0.04283,0,0
0.08398,0,0
0.12295,0,0
0.15848,0,0
0.15468,0,0
0.11093,0,0
0.07177,0,0
0.03768,0,0
0.02377,0,0
0.02862,0,0
0.03083,0,0
0.04001,0,0
0.05024,0,0
0.06513,0,0
0.05455,0,0
0.02696,0,0
0.00804,0,0
0.00295,0,0
0.00195,0,0
0.004,0,0
0.00605,0,0
0.01314,0,0
0.02028,0,0
0.02474,0,0
0.02923,0,0
0.03375,0,0
0.03609,0,0
0.03647,0,0
0.03673,0,0
0.03699,0,0
0.0421,0,0
0.05638,0,0
0.07091,0,0
0.08555,0,0
0.10233,0,0
0.12435,0,0
0.14666,0,0
0.17027,1,0
0.17222,0,0
0.15231,0,0
0.1326,0,0
0.11198,0,0
0.09706,0,0
0.08611,0,0
0.07489,0,0
0.06339,0,0
0.07047,0,0
0.09643,0,0
0.12637,0,0
0.16341,0,0
0.20119,0,0
0.26885,0,0
0.33867,0,0
0.42599,0,0
0.50798,0,0
0.57761,0,0
0.66111,0,0
0.74357,1,1
0.78369,1,1
0.78332,1,1
0.78636,1,1
0.78757,1,1
0.7589,1,1
0.69815,0,0
0.65457,0,0
0.63439,0,0
0.64132,0,0
0.67549,0,0
0.70504,0,0
0.74748,1,1
0.77407,1,1
0.77673,1,1
0.77263,1,1
0.75732,1,1
0.78563,1,1
0.86146,1,1
0.90315,1,1
0.91613,1,1
0.87408,1,1
0.78289,1,1
0.7397,1,1
0.743,1,1
0.76189,1,1
0.79494,1,1
0.81038,1,1
0.80314,1,1
0.77254,1,1
0.7212,0,0
0.69292,0,0
0.68579,0,0
0.68091,0,0
0.6886,0,0
0.66377,0,0
0.61173,0,0
0.58005,0,0
0.56599,0,0
0.54548,0,0
0.52004,0,0
0.48916,0,0
0.45158,0,0
0.39034,0,0
0.30567,0,0
0.23519,0,0
0.18018,0,0
0.15219,0,0
0.13557,0,0
0.12682,0,0
0.12891,0,0
0.13864,0,0
0.16856,0,0
0.1761,0,0
0.16243,0,0
0.15614,0,0
0.15379,0,0
0.16443,0,0
0.18577,0,0
0.20743,0,0
0.22866,0,0
0.2078,0,0
0.14895,0,0
0.11296,0,0
0.08031,0,0
0.06478,0,0
0.06013,0,0
0.05561,0,0
0.05098,0,0
0.04856,0,0
0.04877,0,0
0.04898,0,0
0.04901,0,0
0.05227,0,0
0.05874,0,0
0.06546,0,0
0.07272,0,0
0.08133,0,0
0.09141,0,0
0.10196,0,0
0.11516,0,0
0.12293,0,0
0.12399,0,0
0.12557,0,0
0.12669,0,0
0.12077,0,0
0.10883,0,0
0.09928,0,0
0.08993,0,0
0.07965,0,0
0.06898,0,0
0.05829,0,0
0.04842,0,0
0.05301,0,0
0.07431,0,0
0.09588,0,0
0.11868,0,0
0.14333,0,0
0.16385,0,0
0.18367,0,0
0.20522,0,0
0.22928,0,0
0.24464,0,0
0.26232,0,0
0.29726,0,0
0.33886,0,0
0.38055,0,0
0.41245,0,0
0.42369,0,0
0.4434,0,0
0.47078,0,0
0.49909,0,0
0.52583,0,0
0.5528,0,0
0.57981,0,0
0.61113,0,0
0.65717,0,0
0.69968,0,0
0.7354,0,0
0.75339,1,1
0.75216,1,1
0.75729,1,1
0.77117,1,1
0.7715,1,1
0.75777,1,1
0.75652,1,1
0.76929,1,1
0.78376,1,1
0.80998,1,1
0.81831,1,1
0.79464,1,1
0.76174,1,1
0.72433,0,0
0.6914,0,0
0.66543,0,0
0.63538,0,0
0.60169,0,0
0.56282,0,0
0.51549,0,0
0.46178,0,0
0.41006,0,0
0.36236,0,0
0.32195,0,0
0.27896,0,0
0.23653,0,0
0.22899,0,0
0.26596,0,0
0.32521,0,0
0.43183,0,0
0.49152,0,0
0.48647,0,0
0.4812,0,0
0.48148,0,0
0.4766,0,0
0.4661,0,0
0.45566,0,0
0.44729,0,0
0.45494,0,0
0.48381,0,0
0.51435,0,0
0.54329,0,0
0.66774,0,0
0.8767,1,1
1.06507,1,1
1.24901,1,1
1.28835,1,1
1.21396,1,1
1.12821,1,1
1.03916,1,1
1.02145,1,1
1.08584,1,1
1.15243,1,1
1.21966,1,1
1.23379,1,1
1.19266,1,1
1.14929,1,1
1.10539,1,1
1.06523,0,0
1.02447,0,0
0.98365,0,0
0.93997,0,0
0.93968,0,0
0.99175,0,0
1.04088,0,0
1.0889,1,0
1.06687,0,0
0.95914,0,0
0.85136,0,0
0.73876,0,0
0.69513,0,0
0.72162,0,0
0.74811,0,0
0.77462,0,0
0.77961,0,0
0.76447,0,0
0.75007,0,0
0.73709,0,0
0.77091,0,0
0.84319,0,0
0.91929,0,0
1.01517,0,0
1.13778,1,1
1.27656,1,1
1.39935,1,1
1.52654,1,1
1.58622,1,1
1.57835,1,1
1.56729,1,1
1.54366,1,1
1.54868,1,1
1.57804,1,1
1.58682,1,1
1.56395,1,1
1.51624,1,1
1.45612,1,1
1.38865,1,1
1.32266,1,1
1.24568,1,1
1.16133,1,1
1.10908,1,1
1.08777,0,0
1.07235,0,0
1.06655,0,0
1.022,0,0
0.94071,0,0
0.87084,0,0
0.80716,0,0
0.7325,0,0
0.6606,0,0
0.61832,0,0
0.60893,0,0
0.60194,0,0
0.60054,0,0
0.58432,0,0
0.55226,0,0
0.5357,0,0
0.52755,0,0
0.5058,0,0
0.47042,0,0
0.42019,0,0
0.36498,0,0
0.31868,0,0
0.27276,0,0
0.23131,0,0
0.19823,0,0
0.20339,0,0
0.24615,0,0
0.3007,0,0
0.3751,0,0
0.39038,0,0
0.34431,0,0
0.29632,0,0
0.25612,0,0
0.23472,0,0
0.22746,0,0
0.21941,0,0
0.21206,0,0
0.19433,0,0
0.1661,0,0
0.14722,0,0
0.13159,0,0
0.13256,0,0
0.14948,0,0
0.17056,0,0
0.20112,0,0
0.20333,0,0
0.17628,0,0
0.15799,0,0
0.14332,0,0
0.14753,0,0
0.17119,0,0
0.20906,0,0
0.25179,0,0
0.29598,0,0
0.34876,0,0
0.41297,0,0
0.47686,0,0
0.49093,0,0
0.45574,0,0
0.41968,0,0
0.38116,0,0
0.36319,0,0
0.36331,0,0
0.36344,0,0
0.36356,0,0
0.37282,0,0
0.39414,0,0
0.41382,0,0
0.4351,0,0
0.47986,0,0
0.54957,0,0
0.63301,0,0
0.71605,0,0
0.72397,0,0
0.65826,0,0
0.59391,0,0
0.558,0,0
0.57564,0,0
0.61099,0,0
0.63976,0,0
0.65973,0,0
0.66217,0,0
0.64928,0,0
0.60314,0,0
0.52216,0,0
0.50492,0,0
0.56058,0,0
0.68372,0,0
0.85538,0,0
0.95715,1,1
0.98926,1,1
1.01315,1,1
1.02877,1,1
1.13776,1,1
1.32304,1,1
1.44656,1,1
1.51675,1,1
1.51425,1,1
1.46793,1,1
1.43777,1,1
1.43092,1,1
1.43445,1,1
1.45609,1,1
1.41977,1,1
1.3388,1,1
1.27423,1,1
1.22543,1,1
1.17,1,1
1.09949,1,1
1.06615,1,1
1.06297,1,1
1.03202,1,1
0.97486,1,1
0.92066,0,0
0.86392,0,0
0.82722,0,0
0.81119,0,0
0.80833,0,0
0.82125,0,0
0.83076,0,0
0.84091,0,0
0.80943,0,0
0.74322,0,0
0.68598,0,0
0.62591,0,0
0.53717,0,0
0.42154,0,0
0.32439,0,0
0.23827,0,0
0.2191,0,0
0.25211,0,0
0.28971,0,0
0.33608,0,0
0.30608,0,0
0.22114,0,0
0.14934,0,0
0.10701,0,0
0.0948,0,0
0.11357,0,0
0.13293,0,0
0.15256,0,0
0.1819,0,0
0.21992,0,0
0.25934,0,0
0.30131,0,0
0.38551,0,0
0.50261,0,0
0.64467,1,1
0.78582,1,1
0.81458,1,1
0.73221,1,1
0.6417,1,1
0.55182,0,0
0.52526,0,0
0.56113,0,0
0.59929,1,1
0.6381,1,1
0.63088,1,1
0.57179,1,1
0.52159,0,0
0.47436,0,0
0.42851,0,0
0.3846,0,0
0.34292,0,0
0.31143,0,0
0.28339,0,0
0.25863,0,0
0.23373,0,0
0.21891,0,0
0.23982,0,0
0.29208,0,0
0.33557,0,0
0.35788,0,0
0.37789,0,0
0.43126,0,0
0.4769,0,0
0.54028,0,0
0.58883,1,1
0.629,1,1
0.61769,1,1
0.54846,0,0
0.495,0,0
0.45975,0,0
0.45055,0,0
0.47077,0,0
0.51749,0,0
0.58773,1,1
0.63744,1,1
0.6453,1,1
0.6273,1,1
0.57661,1,1
0.572,1,1
0.61567,1,1
0.62018,1,1
0.59599,1,1
0.57042,0,0
0.55446,0,0
0.57843,1,1
0.64158,1,1
0.63059,1,1
0.54918,0,0
0.47357,0,0
0.40569,0,0
0.35581,0,0
0.32195,0,0
0.28116,0,0
0.24455,0,0
0.21753,0,0
0.19113,0,0
0.15701,0,0
0.11566,0,0
0.08925,0,0
0.07713,0,0
0.06992,0,0
0.06315,0,0
0.0575,0,0
0.05299,0,0
0.05126,0,0
0.05317,0,0
0.05402,0,0
0.05877,0,0
0.06317,0,0
0.06361,0,0
0.06406,0,0
0.06452,0,0
0.07072,0,0
0.08251,0,0
0.09683,0,0
0.1127,0,0
0.09839,0,0
0.06268,0,0
0.03282,0,0
0.0114,0,0
0.00538,0,0
0.00517,0,0
0.00496,0,0
0.00475,0,0
0.00575,0,0
0.01139,0,0
0.02204,0,0
0.03316,0,0
0.03116,0,0
0.01569,0,0
0.00601,0,0
0.00273,0,0
0.00134,0,0
0.00187,0,0
0.00241,0,0
0.00297,0,0
0.0022,0,0
6e-05,0,0
0.0,0,0
0.0,0,0
0.0,0,0
0.0,0,0
0.0,0,0
0.0,0,0
0.0,0,0
0.0,0,0
0.0,0,0
0.0,0,0
0.00644,0,0
0.01997,0,0
0.03365,0,0
0.04836,0,0
0.06812,0,0
0.0952,0,0
0.13738,0,0
0.18537,0,0
0.23061,0,0
0.27897,0,0
0.3267,0,0
0.36164,0,0
0.38609,0,0
0.40566,0,0
0.42869,0,0
0.45858,0,0
0.47687,0,0
0.4722,0,0
0.49642,1,1
0.55303,1,1
0.61825,1,1
0.69119,1,1
0.71003,1,1
0.67768,1,1
0.65902,1,1
0.65639,1,1
0.66555,1,1
0.69554,1,1
0.68709,1,1
0.63933,1,1
0.62856,1,1
0.65051,1,1
0.71265,1,1
0.81525,1,1
0.89441,1,1
0.94252,1,1
0.92215,1,1
0.83053,1,1
0.7264,1,1
0.6323,1,1
0.55523,1,1
0.49361,1,1
0.43477,0,0
0.36732,0,0
0.31114,0,0
0.26691,0,0
0.22866,0,0
0.19084,0,0
0.15848,0,0
0.13231,0,0
0.11473,0,0
0.10313,0,0
0.08097,0,0
0.0583,0,0
0.04593,0,0
0.03646,0,0
0.03201,0,0
0.02793,0,0
0.02389,0,0
0.0198,0,0
0.01774,0,0
0.0178,0,0
0.01793,0,0
0.018,0,0
0.02788,0,0
0.05204,0,0
0.08269,0,0
0.12222,0,0
0.14145,0,0
0.1373,0,0
0.13311,0,0
0.1289,0,0
0.12551,0,0
0.12248,0,0
0.11936,0,0
0.11572,0,0
0.11492,0,0
0.11622,0,0
0.11711,0,0
0.11846,0,0
0.10399,0,0
0.08108,0,0
0.05839,0,0
0.03915,0,0
0.03043,0,0
0.02819,0,0
0.02579,0,0
0.02335,0,0
0.01478,0,0
0.00663,0,0
0.00354,0,0
0.00048,0,0
0.00047,0,0
0.00353,0,0
0.00656,0,0
0.01457,0,0
0.03016,0,0
0.04746,0,0
0.06475,0,0
0.08196,0,0
0.10889,0,0
0.14528,0,0
0.176,0,0
0.2045,0,0
0.24623,0,0
0.30598,0,0
0.36496,1,1
0.41687,1,1
0.45407,1,1
0.47898,1,1
0.48469,1,1
0.47148,1,1
0.4691,1,1
0.47884,1,1
0.48121,1,1
0.47379,1,1
0.46772,1,1
0.46448,1,1
0.4432,1,1
0.40474,1,1
0.34751,0,0
0.29987,0,0
0.29497,0,0
0.35617,1,1
0.44352,1,1
0.51069,1,1
0.52935,1,1
0.50095,1,1
0.49856,1,1
0.52309,1,1
0.50026,1,1
0.43129,1,1
0.36997,1,1
0.31907,0,0
0.28391,0,0
0.26297,0,0
0.24174,0,0
0.21646,0,0
0.21549,0,0
0.23617,0,0
0.23988,0,0
0.22844,0,0
0.20051,0,0
0.15905,0,0
0.12345,0,0
0.09348,0,0
0.08386,0,0
0.09272,0,0
0.08264,0,0
0.04907,0,0
0.02135,0,0
0.00465,0,0
0.00241,0,0
0.00199,0,0
0.00157,0,0
0.00114,0,0
0.00114,0,0
0.00159,0,0
0.00204,0,0
0.00248,0,0
0.00272,0,0
0.00273,0,0
0.00275,0,0
0.00277,0,0
0.00302,0,0
0.00349,0,0
0.00397,0,0
0.00446,0,0
0.00428,0,0
0.00341,0,0
0.00249,0,0
0.00154,0,0
0.00043,0,0
0.0,0,0
0.0,0,0
0.0,0,0
0.0,0,0
0.0,0,0
0.0,0,0
0.0,0,0
0.0,0,0
0.0,0,0
0.0,0,0
0.0,0,0
0.0,0,0
0.0,0,0
0.0,0,0
0.0,0,0
0.0,0,0
0.0,0,0
0.0,0,0
0.0,0,0
0.00239,0,0
0.00741,0,0
0.01239,0,0
0.01727,0,0
0.0235,0,0
0.03117,0,0
0.05309,0,0
0.08988,0,0
0.12677,0,0
0.16474,0,0
0.19699,0,0
0.22205,1,1
0.2707,1,1
0.34615,1,1
0.35413,1,1
0.29131,1,1
0.22305,1,1
0.17979,0,0
0.18277,0,0
0.22011,1,1
0.2553,1,1
0.28805,1,1
0.29452,1,1
0.27463,1,1
0.26141,1,1
0.25633,1,1
0.25024,1,1
0.24245,1,1
0.23456,1,1
0.22321,1,1
0.2246,1,1
0.23807,1,1
0.25639,1,1
0.27985,1,1
0.27706,1,1
0.24922,1,1
0.22599,1,1
0.20789,0,0
0.19155,0,0
0.17686,0,0
0.16005,0,0
0.14135,0,0
0.12707,0,0
0.11722,0,0
0.10501,0,0
0.09014,0,0
0.08091,0,0
0.07715,0,0
0.07562,0,0
0.0745,0,0
0.06226,0,0
0.04122,0,0
0.01518,0,0
0.00057,0,0
0.00205,0,0
0.00355,0,0
0.00548,0,0
0.01335,0,0
0.02474,0,0
0.03618,0,0
0.0354,0,0
0.02197,0,0
0.00842,0,0
0.0041,0,0
0.00248,0,0
0.00205,0,0
0.00161,0,0
0.00117,0,0
0.00073,0,0
0.00028,0,0
0.0,0,0
0.0,0,0
0.0,0,0
0.0,0,0
0.0,0,0
0.0,0,0
0.0,0,0
0.0,0,0
0.0,0,0
0.00069,0,0
0.00198,0,0
0.00382,0,0
0.00568,0,0
0.00757,0,0
0.0079,0,0
0.00663,0,0
0.00535,0,0
0.00403,0,0
0.00462,0,0
0.00711,0,0
0.01468,0,0
0.02672,0,0
0.03272,0,0
0.0326,0,0
0.03261,0,0
0.03249,0,0
0.04193,0,0
0.06579,0,0
0.09327,0,0
0.12074,0,0
0.15228,0,0
0.18138,1,1
0.18843,1,1
0.17049,0,0
0.16243,0,0
0.16403,0,0
0.14538,0,0
0.11075,0,0
0.06509,0,0
0.03769,0,0
0.03714,0,0
0.10921,0,0
0.25539,1,1
0.4024,1,1
0.43142,1,1
0.34207,1,1
0.26999,1,1
0.22956,1,1
0.19689,1,1
0.17337,1,1
0.15379,0,0
0.13795,0,0
0.11871,0,0
0.09701,0,0
0.0578,0,0
0.02929,0,0
0.02799,0,0
0.07086,0,0
0.14588,0,0
0.20911,1,1
0.2453,1,1
0.25769,1,1
0.26529,1,1
0.27777,1,1
0.28692,1,1
0.29311,1,1
0.30479,1,1
0.31112,1,1
0.31386,1,1
0.31215,1,1
0.30129,1,1
0.28368,1,1
0.22355,1,1
0.14539,0,0
0.10068,0,0
0.07233,0,0
0.05217,0,0
0.03965,0,0
0.01815,0,0
0.00465,0,0
0.00316,0,0
0.00166,0,0
0.0007,0,0
0.00026,0,0
0.0,0,0
0.0,0,0
0.0,0,0
0.0005,0,0
0.0014,0,0
0.00231,0,0
0.00311,0,0
0.00381,0,0
0.00449,0,0
0.0052,0,0
0.00579,0,0
0.00627,0,0
0.00676,0,0
0.00843,0,0
0.01409,0,0
0.02348,0,0
0.0331,0,0
0.04344,0,0
0.05676,0,0
0.06841,0,0
0.07995,0,0
0.09157,0,0
0.10215,0,0
0.11387,0,0
0.12539,0,0
0.13764,0,0
0.15424,0,0
0.17467,0,0
0.20016,0,0
0.23705,0,0
0.22041,0,0
0.16867,0,0
0.13013,0,0
0.09575,0,0
0.09064,0,0
0.10917,0,0
0.13449,0,0
0.15982,0,0
0.17723,0,0
0.18624,0,0
0.19521,0,0
0.20406,0,0
0.2279,0,0
0.26407,0,0
0.3023,0,0
0.34481,0,0
0.36254,0,0
0.35439,0,0
0.34645,0,0
0.33869,0,0
0.36363,1,1
0.41715,1,1
0.45822,1,1
0.48618,1,1
0.48973,1,1
0.47019,1,1
0.4424,1,1
0.4035,1,1
0.39462,1,1
0.41586,1,1
0.47338,1,1
0.55444,1,1
0.63205,1,1
0.71255,1,1
0.76891,1,1
0.79948,1,1
0.80246,1,1
0.78352,1,1
0.77861,1,1
0.7899,1,1
0.7525,1,1
0.668,1,1
0.54964,1,1
0.39333,1,1
0.31466,0,0
0.28565,0,0
0.29964,0,0
0.3473,0,0
0.32803,0,0
0.25293,0,0
0.19659,0,0
0.16159,0,0
0.15772,0,0
0.17374,0,0
0.17593,0,0
0.16546,0,0
0.15101,0,0
0.13297,0,0
0.11885,0,0
0.1093,0,0
0.11049,0,0
0.12555,0,0
0.14524,0,0
0.17916,0,0
0.17977,0,0
0.14768,0,0
0.12937,0,0
0.11033,0,0
0.09214,0,0
0.07812,0,0
0.06522,0,0
0.05223,0,0
0.03784,0,0
0.0273,0,0
0.01663,0,0
0.00654,0,0
0.00611,0,0
0.01033,0,0
0.01687,0,0
0.02353,0,0
0.02709,0,0
0.02757,0,0
0.02806,0,0
0.02858,0,0
0.03125,0,0
0.03623,0,0
0.04113,0,0
0.04786,0,0
0.052,0,0
0.05261,0,0
0.05302,0,0
0.05365,0,0
0.06583,0,0
0.08971,0,0
0.11753,0,0
0.1507,0,0
0.17731,0,0
0.20421,0,0
0.23999,0,0
0.27608,0,0
0.30871,0,0
0.33885,0,0
0.37883,0,0
0.41906,0,0
0.4546,0,0
0.48447,0,0
0.51625,0,0
0.5458,0,0
0.53711,0,0
0.48911,0,0
0.45838,0,0
0.44106,0,0
0.44209,0,0
0.4611,0,0
0.47763,0,0
0.49515,0,0
0.5373,0,0
0.60369,1,1
0.67105,1,1
0.75326,1,1
0.81271,1,1
0.85091,1,1
0.88671,1,1
0.92142,1,1
0.94676,1,1
0.96601,1,1
0.9337,1,1
0.84998,1,1
0.77512,1,1
0.71138,1,1
0.65512,1,1
0.61158,1,1
0.56217,1,1
0.51125,0,0
0.49229,0,0
0.50501,0,0
0.5286,0,0
0.55627,1,1
0.57073,1,1
0.56853,1,1
0.52905,0,0
0.46895,0,0
0.41067,0,0
0.37855,0,0
0.40856,0,0
0.46093,0,0
0.43732,0,0
0.35839,0,0
0.30639,0,0
0.26704,0,0
0.23644,0,0
0.21356,0,0
0.23094,0,0
0.29293,0,0
0.39149,0,0
0.51457,0,0
0.54178,0,0
0.47458,0,0
0.41285,0,0
0.3615,0,0
0.35595,0,0
0.39711,0,0
0.44031,0,0
0.49098,0,0
0.52595,0,0
0.54788,0,0
0.56998,1,1
0.59032,1,1
0.59447,1,1
0.57644,1,1
0.56012,1,1
0.54355,0,0
0.52156,0,0
0.49429,0,0
0.46855,0,0
0.44254,0,0
0.38365,0,0
0.28597,0,0
0.21438,0,0
0.15223,0,0
0.1409,0,0
0.1589,0,0
0.182,0,0
0.21465,0,0
0.2852,0,0
0.42544,0,0
0.5926,0,0
0.77841,0,0
0.95542,0,0
1.11882,1,1
1.27899,1,1
1.4335,1,1
1.45021,1,1
1.32148,1,1
1.18837,1,1
1.04995,1,1
1.05045,1,1
1.19957,1,1
1.3405,1,1
1.47247,1,1
1.55767,1,1
1.61289,1,1
1.64394,1,1
1.65303,1,1
1.63841,1,1
1.57487,1,1
1.49906,1,1
1.41412,1,1
1.30345,1,1
1.21783,1,1
1.12063,1,1
1.00448,0,0
0.97963,0,0
1.04416,0,0
1.07784,1,1
1.07292,1,1
1.03766,0,0
0.98001,0,0
0.92384,0,0
0.8707,0,0
0.8199,0,0
0.77909,0,0
0.73078,0,0
0.67493,0,0
0.63974,0,0
0.62937,0,0
0.58809,0,0
0.51491,0,0
0.43737,0,0
0.37139,0,0
0.29346,0,0
0.20721,0,0
0.1411,0,0
0.0946,0,0
0.10352,0,0
0.16978,0,0
0.21755,0,0
0.24598,0,0
0.23762,0,0
0.19207,0,0
0.15475,0,0
0.12656,0,0
0.11641,0,0
0.12413,0,0
0.12769,0,0
0.12665,0,0
0.12486,0,0
0.12195,0,0
0.12605,0,0
0.13757,0,0
0.14644,0,0
0.15315,0,0
0.1512,0,0
0.14223,0,0
0.13459,0,0
0.12945,0,0
0.1188,0,0
0.10096,0,0
0.08277,0,0
0.06919,0,0
0.06255,0,0
0.06257,0,0
0.06259,0,0
0.06261,0,0
0.05235,0,0
0.03377,0,0
0.02063,0,0
0.00732,0,0
0.00496,0,0
0.00433,0,0
0.0037,0,0
0.00306,0,0
0.00253,0,0
0.00212,0,0
0.00169,0,0
0.00125,0,0
0.00163,0,0
0.00286,0,0
0.00412,0,0
0.00537,0,0
0.00504,0,0
0.00307,0,0
0.00107,0,0
0.0,0,0
0.0,0,0
0.0,0,0
0.0,0,0
0.0,0,0
0.0,0,0
0.0,0,0
0.0,0,0
0.0,0,0
0.0,0,0
0.0,0,0
0.0,0,0
0.0,0,0
0.00701,0,0
0.02193,0,0
0.03697,0,0
0.05319,0,0
0.07282,0,0
0.09819,0,0
0.14026,0,0
0.18247,0,0
0.21103,0,0
0.22572,0,0
0.24621,0,0
0.28333,0,0
0.31702,0,0
0.34431,0,0
0.37262,0,0
0.40197,1,1
0.43596,1,1
0.46884,1,1
0.49078,1,1
0.50061,1,1
0.51634,1,1
0.53996,1,1
0.54698,1,1
0.53578,1,1
0.53006,1,1
0.53049,1,1
0.51445,1,1
0.47934,1,1
0.4484,1,1
0.41756,1,1
0.40617,1,1
0.4119,1,1
0.41814,1,1
0.42609,1,1
0.42339,1,1
0.41941,1,1
0.4164,1,1
0.41418,1,1
0.39165,1,1
0.35112,0,0
0.32203,0,0
0.30783,0,0
0.29764,0,0
0.295,0,0
0.27006,0,0
0.23196,0,0
0.20149,0,0
0.17527,0,0
0.15509,0,0
0.13806,0,0
0.11928,0,0
0.10338,0,0
0.08217,0,0
0.06642,0,0
0.06234,0,0
0.06049,0,0
0.05092,0,0
0.03295,0,0
0.02014,0,0
0.00715,0,0
0.00461,0,0
0.00356,0,0
0.00251,0,0
0.00144,0,0
0.00037,0,0
0.0,0,0
0.0,0,0
0.0,0,0
0.0,0,0
0.0,0,0
0.0,0,0
0.00038,0,0
0.00117,0,0
0.00166,0,0
0.00217,0,0
0.00269,0,0
0.00358,0,0
0.00483,0,0
0.00608,0,0
0.00734,0,0
0.009,0,0
0.00739,0,0
0.00696,0,0
0.00653,0,0
0.00739,0,0
0.01592,0,0
0.02627,0,0
0.03679,0,0
0.03516,0,0
0.0208,0,0
0.00779,0,0
0.00481,0,0
0.00223,0,0
6e-05,0,0
0.0,0,0
0.0,0,0
0.00752,0,0
0.02316,0,0
0.03875,0,0
0.05419,0,0
0.07435,0,0
0.1156,0,0
0.1668,0,0
0.19586,0,0
0.22074,0,0
0.24499,0,0
0.27398,0,0
0.32401,0,0
0.38129,0,0
0.44301,0,0
0.48664,1,1
0.49162,1,1
0.49659,1,1
0.50422,1,1
0.50724,1,1
0.50342,1,1
0.49247,1,1
0.47413,0,1
0.47527,1,1
0.49904,1,1
0.51658,1,1
0.52661,1,1
0.53733,1,1
0.54864,1,1
0.55952,1,1
0.57173,1,1
0.59077,1,1
0.61895,1,1
0.66541,1,1
0.7293,1,1
0.73974,1,1
0.7163,1,1
0.66564,1,1
0.59464,1,1
0.53598,1,1
0.47239,0,0
0.43835,0,0
0.43238,0,0
0.41871,0,0
0.40874,0,0
0.3884,0,0
0.36739,0,0
0.36502,0,0
0.37441,0,0
0.35529,0,0
0.30456,0,0
0.25397,0,0
0.20687,0,0
0.17248,0,0
0.14701,0,0
0.1199,0,0
0.10077,0,0
0.09488,0,0
0.0955,0,0
0.09613,0,0
0.09677,0,0
0.08855,0,0
0.07507,0,0
0.06268,0,0
0.0502,0,0
0.04081,0,0
0.03559,0,0
0.03168,0,0
0.02773,0,0
0.02267,0,0
0.01648,0,0
0.0102,0,0
0.00612,0,0
0.0093,0,0
0.02712,0,0
0.04818,0,0
0.07748,0,0
0.08732,0,0
0.0771,0,0
0.06674,0,0
0.05622,0,0
0.04571,0,0
0.03805,0,0
0.03129,0,0
0.02423,0,0
0.01951,0,0
0.01714,0,0
0.01474,0,0
0.01224,0,0
0.01105,0,0
0.0111,0,0
0.0111,0,0
0.01114,0,0
0.01628,0,0
0.02642,0,0
0.03641,0,0
0.04634,0,0
0.05841,0,0
0.06713,0,0
0.07566,0,0
0.08424,0,0
0.11075,0,0
0.15702,0,0
0.1856,0,0
0.19597,0,0
0.20634,0,0
0.2161,0,0
0.23517,0,0
0.26188,0,0
0.29033,1,1
0.3192,1,1
0.32021,1,1
0.28973,1,1
0.27937,1,1
0.28866,1,1
0.28506,1,1
0.26939,1,1
0.24499,0,0
0.212,0,0
0.21157,0,0
0.24288,0,0
0.26351,0,0
0.27446,1,1
0.269,1,1
0.2492,0,0
0.24859,0,0
0.26761,1,1
0.29299,1,1
0.33163,1,1
0.36422,1,1
0.39114,1,1
0.39694,1,1
0.37851,1,1
0.37495,1,1
0.38334,1,1
0.38846,1,1
0.39274,1,1
0.37401,1,1
0.33593,1,1
0.30008,1,1
0.26639,0,0
0.23396,0,0
0.20566,0,0
0.18229,0,0
0.16483,0,0
0.12893,0,0
0.08392,0,0
0.04943,0,0
0.02721,0,0
0.01766,0,0
0.01188,0,0
0.00692,0,0
0.00134,0,0
0.00125,0,0
0.00206,0,0
0.00289,0,0
0.00373,0,0
0.00446,0,0
0.0051,0,0
0.00573,0,0
0.00701,0,0
0.00955,0,0
0.01166,0,0
0.01381,0,0
0.016,0,0
0.01507,0,0
0.01101,0,0
0.00692,0,0
0.00582,0,0
0.00468,0,0
0.00316,0,0
0.00158,0,0
0.0,0,0
0.00091,0,0
0.0046,0,0
0.01188,0,0
0.02968,0,0
0.03527,0,0
0.02844,0,0
0.02145,0,0
0.01429,0,0
0.00723,0,0
0.00492,0,0
0.00257,0,0
0.00019,0,0
0.0,0,0
0.0,0,0
0.0,0,0
0.0,0,0
0.0,0,0
0.0,0,0
0.00047,0,0
0.00238,0,0
0.01006,0,0
0.02596,0,0
0.05316,0,0
0.07976,0,0
0.09711,0,0
0.10937,0,0
0.13461,0,0
0.2056,0,0
0.27367,1,1
0.29866,1,1
0.29411,1,1
0.24513,1,1
0.22489,1,1
0.22969,1,1
0.21788,0,0
0.19072,0,0
0.16247,0,0
0.13537,0,0
0.12309,0,0
0.12622,0,0
0.12383,0,0
0.11418,0,0
0.1294,0,0
0.17017,0,0
0.20444,0,0
0.22967,1,1
0.24335,1,1
0.24935,1,1
0.25567,1,1
0.26456,1,1
0.26283,1,1
0.32678,1,1
0.44186,1,1
0.53251,1,1
0.54516,1,1
0.48741,1,1
0.45367,1,1
0.44137,1,1
0.40703,1,1
0.35634,1,1
0.31276,1,1
0.27657,1,1
0.24257,1,1
0.20611,0,0
0.17269,0,0
0.14364,0,0
0.11924,0,0
0.09684,0,0
0.07461,0,0
0.05186,0,0
0.03796,0,0
0.03275,0,0
0.0247,0,0
0.01383,0,0
0.00627,0,0
0.00094,0,0
0.0,0,0
0.0,0,0
0.0,0,0
0.0,0,0
0.0,0,0
0.0,0,0
0.0,0,0
0.0,0,0
0.0,0,0
0.0,0,0
0.0,0,0
0.0,0,0
0.0,0,0
0.0,0,0
0.0,0,0
0.0,0,0
0.0,0,0
0.0,0,0
0.0,0,0
0.0,0,0
0.0,0,0
0.0,0,0
0.0,0,0
0.0,0,0
0.0,0,0
0.0,0,0
0.0,0,0
0.0,0,0
0.0,0,0
0.0,0,0
0.0,0,0
0.0,0,0
0.0,0,0
0.0,0,0
0.0,0,0
0.0,0,0
0.0,0,0
0.0,0,0
0.0,0,0
0.0,0,0
0.00851,0,0
0.02653,0,0
0.04471,0,0
0.06307,0,0
0.08857,0,0
0.12376,0,0
0.15426,0,0
0.17472,0,0
0.20433,0,0
0.2466,1,1
0.24797,1,1
0.20738,0,0
0.15677,0,0
0.11485,0,0
0.11537,0,0
0.14522,0,0
0.16599,0,0
0.19346,0,0
0.20768,0,0
0.22184,1,1
0.23164,1,1
0.23682,1,1
0.27148,1,1
0.33631,1,1
0.41315,1,1
0.50263,1,1
0.50298,1,1
0.41725,1,1
0.34847,1,1
0.29376,1,1
0.27678,1,1
0.29462,1,1
0.30872,1,1
0.31877,1,1
0.31239,1,1
0.2893,1,1
0.27116,1,1
0.25759,1,1
0.24511,1,1
0.23347,1,1
0.21951,1,1
0.20453,0,0
0.18859,0,0
0.17164,0,0
0.15986,0,0
0.16243,0,0
0.15167,0,0
0.13558,0,0
0.10635,0,0
0.06176,0,0
0.03853,0,0
0.03793,0,0
0.03385,0,0
0.02616,0,0
0.0188,0,0
0.01184,0,0
0.00593,0,0
0.00453,0,0
0.00309,0,0
0.00164,0,0
0.00133,0,0
0.00219,0,0
0.00306,0,0
0.00395,0,0
0.00593,0,0
0.01829,0,0
0.03299,0,0
0.05332,0,0
0.056,0,0
0.03827,0,0
0.02671,0,0
0.0151,0,0
0.01532,0,0
0.02807,0,0
0.04142,0,0
0.06266,0,0
0.06736,0,0
0.05454,0,0
0.04234,0,0
0.03391,0,0
0.02627,0,0
0.0192,0,0
0.01195,0,0
0.00717,0,0
0.00673,0,0
0.0073,0,0
0.00787,0,0
0.00982,0,0
0.01117,0,0
0.01118,0,0
0.01123,0,0
0.01124,0,0
0.00792,0,0
0.00597,0,0
0.00405,0,0
0.00212,0,0
0.01117,0,0
0.03246,0,0
0.0541,0,0
0.07683,0,0
0.10096,0,0
0.11407,0,0
0.13178,0,0
0.17091,0,0
0.2131,0,0
0.25403,0,0
0.29327,0,0
0.32572,0,0
0.3557,0,0
0.38478,1,1
0.41053,1,1
0.43078,1,1
0.45138,1,1
0.47517,1,1
0.49345,1,1
0.50789,1,1
0.52488,1,1
0.54576,1,1
0.55405,1,1
0.54892,1,1
0.54598,1,1
0.54538,1,1
0.53931,1,1
0.53125,1,1
0.52935,1,1
0.53323,1,1
0.52647,1,1
0.51021,1,1
0.50314,1,1
0.5081,1,1
0.47982,1,1
0.4197,1,1
0.35622,1,1
0.29139,0,0
0.279,0,0
0.31245,0,0
0.33701,0,0
0.35609,0,0
0.33694,0,0
0.29255,0,0
0.25207,0,0
0.21496,0,0
0.18549,0,0
0.15433,0,0
0.11948,0,0
0.08268,0,0
0.05494,0,0
0.04441,0,0
0.03477,0,0
0.02059,0,0
0.01095,0,0
0.00243,0,0
0.0,0,0
0.0,0,0
0.0,0,0
0.0,0,0
0.0,0,0
0.0,0,0
0.0,0,0
0.0,0,0
0.0,0,0
0.0,0,0
0.0,0,0
0.0,0,0
0.0,0,0
0.0,0,0
0.0,0,0
0.0,0,0
0.0012,0,0
0.00851,0,0
0.03842,0,0
0.085,0,0
0.11182,0,0
0.10719,0,0
0.10251,0,0
0.09814,0,0
0.09888,0,0
0.10488,0,0
0.11136,0,0
0.11798,0,0
0.13367,0,0
0.15906,0,0
0.18485,0,0
0.2291,0,0
0.24501,0,0
0.23102,0,0
0.21603,0,0
0.20186,0,0
0.18182,0,0
0.15958,0,0
0.13733,0,0
0.11508,0,0
0.12416,0,0
0.16383,0,0
0.20598,0,0
0.2734,0,0
0.35686,1,1
0.48424,1,1
0.60746,1,1
0.74365,1,1
0.8067,1,1
0.80174,1,1
0.75594,1,1
0.66967,1,1
0.54159,1,1
0.39338,1,1
0.29317,0,0
0.24716,0,0
0.23862,0,0
0.26455,0,0
0.29653,0,0
0.3344,1,1
0.35962,1,1
0.37051,1,1
0.34935,1,1
0.29487,0,0
0.23723,0,0
0.17732,0,0
0.14944,0,0
0.15581,0,0
0.17106,0,0
0.19464,0,0
0.21185,0,0
0.22148,0,0
0.23344,0,0
0.24804,0,0
0.24416,0,0
0.22061,0,0
0.20432,0,0
0.19597,0,0
0.20858,0,0
0.24658,0,0
0.28431,0,0
0.31428,0,0
0.32383,1,0
0.31252,0,0
0.31649,0,0
0.34692,1,1
0.35971,1,1
0.35682,1,1
0.34101,1,1
0.30334,0,0
0.27703,0,0
0.26194,0,0
0.25333,0,0
0.25239,0,0
0.25873,0,0
0.27161,0,0
0.26089,0,0
0.23112,0,0
0.20095,0,0
0.17035,0,0
0.16093,0,0
0.17358,0,0
0.18631,0,0
0.19913,0,0
0.19577,0,0
0.17606,0,0
0.15621,0,0
0.1447,0,0
0.15433,0,0
0.20763,0,0
0.26245,0,0
0.33239,1,1
0.38318,1,1
0.40944,1,1
0.43685,1,1
0.46547,1,1
0.46931,1,1
0.4455,1,1
0.42307,1,1
0.39878,1,1
0.35934,0,0
0.30917,0,0
0.26858,0,0
0.22822,0,0
0.2252,0,0
0.26047,0,0
0.29604,0,0
0.33192,0,0
0.36301,0,0
0.37701,0,0
0.39259,0,0
0.40666,1,1
0.39284,1,1
0.35111,0,0
0.31783,0,0
0.28793,0,0
0.26838,0,0
0.26095,0,0
0.25384,0,0
0.24694,0,0
0.26779,0,0
0.3174,0,0
0.35589,0,0
0.3832,0,0
0.37043,0,0
0.33742,0,0
0.30078,0,0
0.25402,0,0
0.21401,0,0
0.2485,0,0
0.26572,0,0
0.32292,0,0
0.40599,1,1
0.51965,1,1
0.56377,1,1
0.53456,1,1
0.52559,1,1
0.53786,1,1
0.5344,1,1
0.51478,1,1
0.47985,1,1
0.43423,1,1
0.42122,1,1
0.43723,1,1
0.47274,1,1
0.52762,1,1
0.50542,1,1
0.40995,1,1
0.30176,0,0
0.22566,0,0
0.2318,0,0
0.30106,0,0
0.369,0,0
0.40745,1,1
0.41253,1,1
0.38421,0,0
0.36307,0,0
0.34862,0,0
0.32346,0,0
0.28763,0,0
0.26125,0,0
0.24281,0,0
0.21247,0,0
0.18004,0,0
0.15318,0,0
0.12605,0,0
0.10293,0,0
0.08365,0,0
0.06853,0,0
0.06047,0,0
0.06176,0,0
0.07207,0,0
0.08853,0,0
0.11823,0,0
0.14786,0,0
0.1968,0,0
0.20985,0,0
0.18179,0,0
0.15463,0,0
0.1392,0,0
0.12709,0,0
0.11835,0,0
0.10991,0,0
0.10101,0,0
0.08573,0,0
0.06717,0,0
0.0483,0,0
0.03328,0,0
0.02078,0,0
0.00746,0,0
0.00439,0,0
0.00153,0,0
5e-05,0,0
5e-05,0,0
5e-05,0,0
5e-05,0,0
5e-05,0,0
5e-05,0,0
5e-05,0,0
5e-05,0,0
0.00127,0,0
0.00371,0,0
0.00617,0,0
0.01056,0,0
0.01514,0,0
0.01253,0,0
0.00987,0,0
0.00798,0,0
0.00923,0,0
0.01569,0,0
0.02219,0,0
0.02858,0,0
0.04546,0,0
0.0732,0,0
0.10277,0,0
0.13345,0,0
0.15178,0,0
0.15639,0,0
0.18161,0,0
0.23322,0,0
0.2761,0,0
0.30294,1,1
0.31882,1,1
0.32397,1,1
0.33989,1,1
0.36617,1,1
0.37159,1,1
0.3487,1,1
0.31677,1,1
0.29583,0,1
0.30291,1,1
0.33367,1,1
0.37029,1,1
0.39732,1,1
0.41823,1,1
0.43325,1,1
0.46741,1,1
0.52271,1,1
0.50938,1,1
0.42892,1,1
0.34278,1,1
0.2781,0,0
0.2525,0,0
0.24153,0,0
0.2185,0,0
0.18325,0,0
0.18606,0,0
0.27056,0,0
0.39033,1,1
0.49377,1,1
0.50221,1,1
0.42028,1,1
0.34457,1,1
0.28067,0,0
0.26474,0,0
0.2785,0,0
0.27588,0,0
0.25605,0,0
0.21397,0,0
0.16719,0,0
0.12944,0,0
0.09424,0,0
0.06123,0,0
0.0408,0,0
0.02961,0,0
0.01859,0,0
0.01017,0,0
0.00441,0,0
0.00325,0,0
0.00625,0,0
0.02014,0,0
0.03478,0,0
0.05528,0,0
0.07688,0,0
0.10266,0,0
0.13269,0,0
0.14611,0,0
0.14258,0,0
0.13899,0,0
0.13535,0,0
0.14168,0,0
0.15858,0,0
0.1872,0,0
0.21773,0,0
0.22871,0,0
0.21896,0,0
0.20892,0,0
0.19857,0,0
0.20158,0,0
0.21691,0,0
0.23248,0,0
0.24829,0,0
0.25729,0,0
0.26032,0,0
0.26343,0,0
0.26556,0,0
0.25648,0,0
0.23471,0,0
0.21154,0,0
0.19077,0,0
0.17605,0,0
0.15914,0,0
0.14164,0,0
0.12478,0,0
0.11588,0,0
0.11541,0,0
0.11448,0,0
0.11403,0,0
0.12516,0,0
0.14845,0,0
0.17128,0,0
0.19356,0,0
0.22037,0,0
0.26818,0,0
0.29966,0,0
0.28333,0,0
0.2896,0,0
0.33792,1,1
0.41757,1,1
0.54029,1,1
0.63648,1,1
0.67475,1,1
0.64246,1,1
0.54823,1,1
0.48205,1,1
0.44684,1,1
0.40508,1,1
0.36012,1,1
0.30502,1,1
0.25386,0,0
0.25238,0,0
0.29227,0,0
0.32797,1,1
0.3679,1,1
0.38726,1,1
0.38489,1,1
0.36012,1,1
0.31252,1,1
0.28845,0,0
0.29846,0,0
0.30827,1,1
0.31465,1,1
0.30911,1,1
0.2929,0,0
0.28819,0,0
0.29678,0,0
0.26861,0,0
0.19942,0,0
0.13626,0,0
0.08049,0,0
0.07327,0,0
0.11452,0,0
0.15239,0,0
0.18495,0,0
0.18049,0,0
0.14418,0,0
0.11993,0,0
0.10752,0,0
0.10078,0,0
0.09845,0,0
0.10071,0,0
0.10916,0,0
0.12624,0,0
0.14507,0,0
0.17663,0,0
0.20481,0,0
0.23336,0,0
0.26231,0,0
0.28762,0,0
0.29972,0,0
0.31191,1,1
0.32419,1,1
0.31527,1,1
0.28462,0,0
0.26026,0,0
0.2382,0,0
0.22118,0,0
0.20949,0,0
0.19839,0,0
0.18648,0,0
0.16501,0,0
0.14703,0,0
0.12974,0,0
0.11194,0,0
0.10575,0,0
0.11166,0,0
0.11722,0,0
0.1233,0,0
0.11276,0,0
0.0897,0,0
0.06934,0,0
0.04882,0,0
0.03532,0,0
0.02411,0,0
0.01285,0,0
0.00663,0,0
0.00547,0,0
0.0055,0,0
0.00555,0,0
0.00558,0,0
0.0087,0,0
0.03507,0,0
0.0692,0,0
0.11042,0,0
0.15979,0,0
0.20222,0,0
0.25199,0,0
0.3145,0,0
0.38041,0,0
0.44663,0,0
0.52869,0,0
0.62256,0,0
0.64448,0,0
0.59496,0,0
0.56595,0,0
0.53392,0,0
0.56117,0,0
0.62424,0,0
0.66885,0,0
0.70043,0,0
0.70552,0,0
0.71027,1,0
0.70678,0,0
0.6962,0,0
0.70167,0,0
0.71781,1,1
0.72695,1,1
0.72879,1,1
0.72989,1,1
0.72823,1,1
0.724,1,1
0.71547,1,1
0.71057,1,1
0.70955,1,1
0.70728,0,0
0.7057,0,0
0.70657,0,0
0.70784,1,0
0.70224,0,0
0.6883,0,0
0.68732,0,0
0.7076,1,1
0.7185,1,1
0.73498,1,1
0.75079,1,1
0.76245,1,1
0.74484,1,1
0.70926,1,1
0.66201,0,0
0.60192,0,0
0.56041,0,0
0.51813,0,0
0.50294,0,0
0.52106,0,0
0.54951,0,0
0.59575,0,0
0.63938,0,0
0.67086,0,0
0.70321,0,0
0.73239,1,1
0.7488,1,1
0.75627,1,1
0.76148,1,1
0.76676,1,1
0.73439,1,1
0.65937,0,0
0.58187,0,0
0.50421,0,0
0.41907,0,0
0.33858,0,0
0.26052,0,0
0.20194,0,0
0.16484,0,0
0.15269,0,0
0.14466,0,0
0.13697,0,0
0.1466,0,0
0.18451,0,0
0.23492,0,0
0.28682,0,0
0.30687,0,0
0.28786,0,0
0.27109,0,0
0.25418,0,0
0.20183,0,0
0.14,0,0
0.09283,0,0
0.05605,0,0
0.04415,0,0
0.05812,0,0
0.07221,0,0
0.08653,0,0
0.10207,0,0
0.12362,0,0
0.14604,0,0
0.16932,0,0
0.18731,0,0
0.20952,0,0
0.23351,0,0
0.25632,0,0
0.29706,0,0
0.35468,0,0
0.42852,0,0
0.50232,0,0
0.54545,0,0
0.56076,0,0
0.59185,0,0
0.63494,0,0
0.69377,0,0
0.7696,1,1
0.85302,1,1
0.93126,1,1
0.97061,1,1
0.96952,1,1
0.96464,1,1
0.95958,1,1
0.97516,1,1
1.01812,1,1
1.04709,1,1
1.06325,1,1
1.08957,1,1
1.12281,1,1
1.1529,1,1
1.18748,1,1
1.19725,1,1
1.17936,1,1
1.16096,1,1
1.13562,1,1
1.08374,1,1
0.99717,1,1
0.91156,1,1
0.83198,1,1
0.76202,1,1
0.70766,0,0
0.6541,0,0
0.61306,0,0
0.5851,0,0
0.57167,0,0
0.55078,0,0
0.52485,0,0
0.47379,0,0
0.41235,0,0
0.34839,0,0
0.28826,0,0
0.25241,0,0
0.22677,0,0
0.18758,0,0
0.13959,0,0
0.10792,0,0
0.09002,0,0
0.07364,0,0
0.0596,0,0
0.04169,0,0
0.0298,0,0
0.03167,0,0
0.03119,0,0
0.02364,0,0
0.01083,0,0
0.0042,0,0
0.00144,0,0
0.00045,0,0
0.00126,0,0
0.00208,0,0
0.00291,0,0
0.00313,0,0
0.00273,0,0
0.00232,0,0
0.00191,0,0
0.00192,0,0
0.00235,0,0
0.00279,0,0
0.00324,0,0
0.00329,0,0
0.00292,0,0
0.00252,0,0
0.00211,0,0
0.0033,0,0
0.00612,0,0
0.01636,0,0
0.02993,0,0
0.03796,0,0
0.04051,0,0
0.04401,0,0
0.04794,0,0
0.04099,0,0
0.02835,0,0
0.01557,0,0
0.00647,0,0
0.00652,0,0
0.01594,0,0
0.02946,0,0
0.04309,0,0
0.04636,0,0
0.03697,0,0
0.02826,0,0
0.01962,0,0
0.00908,0,0
0.00904,0,0
0.00908,0,0
0.01151,0,0
0.01662,0,0
0.02349,0,0
0.04272,0,0
0.07426,0,0
0.10743,0,0
0.14218,0,0
0.15924,0,0
0.15822,0,0
0.1589,0,0
0.16184,0,0
0.16749,0,0
0.17694,0,0
0.18716,1,1
0.19931,1,1
0.20855,1,1
0.2149,1,1
0.2306,1,1
0.25422,1,1
0.24448,1,1
0.20118,1,1
0.15515,0,0
0.1106,0,0
0.10572,0,0
0.13657,0,0
0.15879,0,0
0.17237,0,0
0.18316,0,0
0.19697,1,1
0.22317,1,1
0.25599,1,1
0.2571,1,1
0.22795,1,1
0.20136,1,1
0.18937,1,1
0.19529,1,1
0.22056,1,1
0.24104,1,1
0.24912,1,1
0.24484,1,1
0.22845,1,1
0.21729,1,1
0.21036,1,1
0.18961,1,1
0.15953,0,0
0.13259,0,0
0.11022,0,0
0.09611,0,0
0.0884,0,0
0.08325,0,0
0.08115,0,0
0.08267,0,0
0.09163,0,0
0.093,0,0
0.08542,0,0
0.07802,0,0
0.07239,0,0
0.05799,0,0
0.03478,0,0
0.01951,0,0
0.00562,0,0
0.00474,0,0
0.0068,0,0
0.01357,0,0
0.02044,0,0
0.02497,0,0
0.02709,0,0
0.02924,0,0
0.03133,0,0
0.03294,0,0
0.03392,0,0
0.03507,0,0
0.03618,0,0
0.03287,0,0
0.02514,0,0
0.01724,0,0
0.00927,0,0
0.00934,0,0
0.01756,0,0
0.02591,0,0
0.03439,0,0
0.03287,0,0
0.02111,0,0
0.00914,0,0
0.0054,0,0
0.00363,0,0
0.00262,0,0
0.0016,0,0
0.00057,0,0
0.00031,0,0
0.00083,0,0
0.00135,0,0
0.00187,0,0
0.00934,0,0
0.02484,0,0
0.04159,0,0
0.05856,0,0
0.07061,0,0
0.07694,0,0
0.08582,0,0
0.09788,0,0
0.10533,0,0
0.1086,0,0
0.13255,0,0
0.18099,1,1
0.22587,1,1
0.2676,1,1
0.29943,1,1
0.31964,1,1
0.33692,1,1
0.35477,1,1
0.32153,1,1
0.24134,1,1
0.16501,0,0
0.09307,0,0
0.08634,0,0
0.14451,0,0
0.18595,1,1
0.20456,1,1
0.2275,1,1
0.28694,1,1
0.37159,1,1
0.44795,1,1
0.47403,1,1
0.45377,1,1
0.45715,1,1
0.48445,1,1
0.46333,1,1
0.39373,1,1
0.33917,1,1
0.29992,1,1
0.23978,1,1
0.1606,0,0
0.06516,0,0
0.0138,0,0
0.02236,0,0
0.04937,0,0
0.08133,0,0
0.09837,0,0
0.10136,0,0
0.09024,0,0
0.08886,0,0
0.10129,0,0
0.10806,0,0
0.10922,0,0
0.09185,0,0
0.05574,0,0
0.02944,0,0
0.01277,0,0
0.00546,0,0
0.00489,0,0
0.00431,0,0
0.00372,0,0
0.00428,0,0
0.00597,0,0
0.01275,0,0
0.02087,0,0
0.02705,0,0
0.03124,0,0
0.03545,0,0
0.04108,0,0
0.04122,0,0
0.03583,0,0
0.03191,0,0
0.02784,0,0
0.02928,0,0
0.03676,0,0
0.0467,0,0
0.05891,0,0
0.06185,0,0
0.05471,0,0
0.04752,0,0
0.04132,0,0
0.0319,0,0
0.0177,0,0
0.00675,0,0
0.00369,0,0
0.00176,0,0
0.00097,0,0
0.00019,0,0
0.0,0,0
0.0,0,0
0.0,0,0
0.0,0,0
0.0,0,0
0.0,0,0
0.0,0,0
0.0,0,0
0.0,0,0
0.00992,0,0
0.0323,0,0
0.05507,0,0
0.07784,0,0
0.08216,0,0
0.0752,0,0
0.09967,0,0
0.15152,0,0
0.20275,0,0
0.24829,1,1
0.26736,1,1
0.25694,1,1
0.24473,0,0
0.23204,0,0
0.22274,0,0
0.21833,0,0
0.20271,0,0
0.1793,0,0
0.1892,0,0
0.24791,0,0
0.31301,1,1
0.37073,1,1
0.40691,1,1
0.41699,1,1
0.43343,1,1
0.45741,1,1
0.44857,1,1
0.41138,1,1
0.38478,1,1
0.36707,1,1
0.35387,1,1
0.343,1,1
0.33546,1,1
0.33034,1,1
0.31908,1,1
0.30166,1,1
0.27465,1,1
0.24658,0,0
0.23448,0,0
0.26662,1,1
0.32026,1,1
0.36259,1,1
0.33242,1,1
0.24489,0,0
0.16708,0,0
0.11808,0,0
0.09836,0,0
0.08889,0,0
0.07627,0,0
0.06054,0,0
0.04749,0,0
0.03688,0,0
0.02377,0,0
0.00857,0,0
0.00097,0,0
0.0,0,0
0.0,0,0
0.0,0,0
0.0,0,0
0.0,0,0
0.0,0,0
0.0,0,0
0.0,0,0
0.0,0,0
0.0,0,0
0.0,0,0
0.0,0,0
0.0,0,0
0.0,0,0
0.0,0,0
0.0,0,0
0.0,0,0
0.0,0,0
0.0,0,0
0.0,0,0
0.0,0,0
0.0,0,0
0.0,0,0
0.0,0,0
0.0,0,0
0.0,0,0
0.0,0,0
0.0,0,0
0.0,0,0
0.0,0,0
0.0,0,0
0.0,0,0
0.0,0,0
0.0,0,0
0.0,0,0
0.0,0,0
0.0,0,0
0.0,0,0
0.0,0,0
0.0,0,0
0.00129,0,0
0.01258,0,0
0.03409,0,0
0.03874,0,0
0.03007,0,0
0.01892,0,0
0.08551,0,0
0.08419,0,0
0.08317,0,0
0.1028,0,0
0.14387,0,0
0.17862,0,0
0.20688,0,0
0.25617,0,0
0.333,1,1
0.3524,1,1
0.31141,0,0
0.27487,0,0
0.2542,0,0
0.24005,0,0
0.21977,0,0
0.17989,0,0
0.12635,0,0
0.12945,0,0
0.18317,0,0
0.22915,0,0
0.26119,0,0
0.29184,0,0
0.32315,1,1
0.35851,1,1
0.39922,1,1
0.42335,1,1
0.43132,1,1
0.45651,1,1
0.5046,1,1
0.5122,1,1
0.47906,1,1
0.43738,1,1
0.38383,1,1
0.3694,1,1
0.38618,1,1
0.3904,1,1
0.3866,1,1
0.3728,1,1
0.34996,1,1
0.32892,1,1
0.30466,0,0
0.25392,0,0
0.19875,0,0
0.16791,0,0
0.16212,0,0
0.16122,0,0
0.1646,0,0
0.15313,0,0
0.12373,0,0
0.09976,0,0
0.08294,0,0
0.0777,0,0
0.08119,0,0
0.0847,0,0
0.08913,0,0
0.09167,0,0
0.0923,0,0
0.09294,0,0
0.09359,0,0
0.09621,0,0
0.10147,0,0
0.10681,0,0
0.11223,0,0
0.13291,0,0
0.17452,0,0
0.2399,0,0
0.31064,0,0
0.35214,1,1
0.34139,1,1
0.33171,1,1
0.32075,1,1
0.28791,0,0
0.24195,0,0
0.19425,0,0
0.15775,0,0
0.15957,0,0
0.20106,0,0
0.2563,0,0
0.3133,0,0
0.33554,0,0
0.31727,0,0
0.30011,0,0
0.28266,0,0
0.27388,0,0
0.27511,0,0
0.27523,0,0
0.27534,0,0
0.27434,0,0
0.27224,0,0
0.27017,0,0
0.26814,0,0
0.25064,0,0
0.22083,0,0
0.20488,0,0
0.19554,0,0
0.20947,0,0
0.24711,0,0
0.28606,0,0
0.32195,0,0
0.37465,0,0
0.45788,0,0
0.52653,0,0
0.58747,0,0
0.63546,0,0
0.66049,0,0
0.67113,1,1
0.674,1,1
0.68816,1,1
0.73528,1,1
0.81693,1,1
0.93645,1,1
0.99791,1,1
0.99738,1,1
0.975,1,1
0.93505,1,1
0.87546,1,1
0.80218,1,1
0.7361,1,1
0.67345,1,1
0.65736,0,1
0.66938,1,1
0.67901,1,1
0.68557,1,1
0.73223,1,1
0.83086,1,1
0.9088,1,1
0.96583,1,1
0.93315,1,1
0.80687,1,1
0.6883,1,1
0.58983,0,0
0.49597,0,0
0.42928,0,0
0.39415,0,0
0.37854,0,0
0.36278,0,0
0.33939,0,0
0.28155,0,0
0.21676,0,0
0.16083,0,0
0.11665,0,0
0.08095,0,0
0.054,0,0
0.03621,0,0
0.02264,0,0
0.01668,0,0
0.02081,0,0
0.03113,0,0
0.0548,0,0
0.08097,0,0
0.11625,0,0
0.13244,0,0
0.12877,0,0
0.12508,0,0
0.12135,0,0
0.12043,0,0
0.12161,0,0
0.12281,0,0
0.12442,0,0
0.13292,0,0
0.14971,0,0
0.17729,0,0
0.20753,0,0
0.22478,0,0
0.22869,0,0
0.23273,0,0
0.23692,0,0
0.21028,0,0
0.15973,0,0
0.1287,0,0
0.09708,0,0
0.0747,0,0
0.05375,0,0
0.036,0,0
0.0222,0,0
0.01394,0,0
0.01167,0,0
0.00931,0,0
0.00761,0,0
0.00699,0,0
0.00623,0,0
0.00544,0,0
0.00467,0,0
0.00401,0,0
0.00349,0,0
0.00296,0,0
0.00244,0,0
0.00686,0,0
0.01681,0,0
0.02689,0,0
0.03697,0,0
0.05876,0,0
0.09405,0,0
0.12311,0,0
0.14481,0,0
0.17396,0,0
0.21217,0,0
0.24761,0,0
0.28388,0,0
0.32876,0,0
0.38304,0,0
0.41896,1,1
0.44754,1,1
0.47247,1,1
0.49858,1,1
0.51878,1,1
0.53056,1,1
0.54508,1,1
0.56642,1,1
0.57007,1,1
0.55318,1,1
0.53829,1,1
0.52724,1,1
0.52081,1,1
0.51903,1,1
0.51789,1,1
0.5183,1,1
0.52293,1,1
0.5367,1,1
0.54896,1,1
0.56098,1,1
0.54538,1,1
0.50414,1,1
0.4674,1,1
0.43388,1,1
0.40573,0,0
0.38147,0,0
0.34616,0,0
0.30651,0,0
0.28201,0,0
0.26165,0,0
0.23517,0,0
0.20197,0,0
0.1658,0,0
0.1335,0,0
0.10939,0,0
0.08495,0,0
0.0526,0,0
0.03427,0,0
0.02741,0,0
0.02139,0,0
0.02246,0,0
0.02759,0,0
0.03517,0,0
0.04861,0,0
0.0624,0,0
0.07622,0,0
0.07821,0,0
0.06793,0,0
0.05759,0,0
0.04717,0,0
0.05037,0,0
0.06734,0,0
0.08582,0,0
0.1093,0,0
0.12169,0,0
0.12211,0,0
0.12293,0,0
0.12375,0,0
0.12758,0,0
0.13506,0,0
0.14242,0,0
0.1506,0,0
0.14207,0,0
0.11639,0,0
0.09115,0,0
0.07217,0,0
0.06563,0,0
0.07172,0,0
0.07794,0,0
0.084,0,0
0.08495,0,0
0.08034,0,0
0.07533,0,0
0.07051,0,0
0.05267,0,0
0.03008,0,0
0.0105,0,0
0.00416,0,0
0.00249,0,0
0.00326,0,0
0.00405,0,0
0.00482,0,0
0.01307,0,0
0.02971,0,0
0.04655,0,0
0.06316,0,0
0.06799,0,0
0.06077,0,0
0.06755,0,0
0.0877,0,0
0.11577,0,0
0.15165,0,0
0.14634,0,0
0.10045,0,0
0.04359,0,0
0.02334,0,0
0.04062,0,0
0.11573,0,0
0.20235,0,0
0.24846,1,1
0.25646,1,1
0.23053,1,1
0.20035,0,0
0.1684,0,0
0.18178,0,0
0.26821,1,1
0.37705,1,1
0.46306,1,1
0.49873,1,1
0.48485,1,1
0.49271,1,1
0.52138,1,1
0.51889,1,1
0.48539,1,1
0.47117,1,1
0.47389,1,1
0.44248,1,1
0.37898,1,1
0.29593,1,1
0.2485,1,1
0.24464,1,1
0.25116,1,1
0.26395,1,1
0.26597,1,1
0.25347,1,1
0.22897,1,1
0.20447,0,0
0.18263,0,0
0.16234,0,0
0.13933,0,0
0.11169,0,0
0.07827,0,0
0.04928,0,0
0.03734,0,0
0.03132,0,0
0.02377,0,0
0.01485,0,0
0.00475,0,0
0.0,0,0
0.0,0,0
0.0,0,0
0.0,0,0
0.0,0,0
0.0,0,0
0.0,0,0
0.0,0,0
0.0,0,0
0.0,0,0
0.0,0,0
0.0,0,0
0.0,0,0
0.0,0,0
0.0,0,0
0.0,0,0
0.0,0,0
0.0,0,0
0.0,0,0
0.0,0,0
0.0,0,0
0.0,0,0
0.0,0,0
0.0,0,0
0.0,0,0
0.0,0,0
0.0,0,0
0.0,0,0
0.0,0,0
0.0,0,0
0.0,0,0
0.0,0,0
0.0,0,0
0.0,0,0
0.0,0,0
0.0,0,0
0.0,0,0
0.0,0,0
0.0,0,0
0.0,0,0
0.00653,0,0
0.02042,0,0
0.03449,0,0
0.0487,0,0
0.06809,0,0
0.09543,0,0
0.12654,0,0
0.16249,0,0
0.1962,0,0
0.22075,1,1
0.23895,1,1
0.25448,1,1
0.26321,1,1
0.26199,1,1
0.28423,1,1
0.33426,1,1
0.3976,1,1
0.47121,1,1
0.49352,1,1
0.45357,1,1
0.42617,1,1
0.41362,1,1
0.38969,1,1
0.35696,1,1
0.32111,1,1
0.28338,1,1
0.25951,1,1
0.24999,1,1
0.23716,1,1
0.22175,1,1
0.20785,0,0
0.19432,0,0
0.17431,0,0
0.15015,0,0
0.15269,0,0
0.18614,0,0
0.22622,1,1
0.26789,1,1
0.26391,1,1
0.21492,0,0
0.16766,0,0
0.12654,0,0
0.11147,0,0
0.12057,0,0
0.12566,0,0
0.12563,0,0
0.11727,0,0
0.10574,0,0
0.09633,0,0
0.08316,0,0
0.06503,0,0
0.04775,0,0
0.03352,0,0
0.01883,0,0
0.00858,0,0
0.00273,0,0
0.0,0,0
0.0,0,0
0.00114,0,0
0.00256,0,0
0.00328,0,0
0.00329,0,0
0.0033,0,0
0.00333,0,0
0.00385,0,0
0.0049,0,0
0.00595,0,0
0.01001,0,0
0.01603,0,0
0.02316,0,0
0.03039,0,0
0.03812,0,0
0.05483,0,0
0.07753,0,0
0.10604,0,0
0.13952,0,0
0.1524,0,0
0.14335,0,0
0.13422,0,0
0.12458,0,0
0.10109,0,0
0.07189,0,0
0.04335,0,0
0.02452,0,0
0.0079,0,0
0.00462,0,0
0.00158,0,0
0.0,0,0
0.0,0,0
0.0,0,0
0.0,0,0
0.0,0,0
0.0,0,0
0.0,0,0
0.0,0,0
0.0,0,0
0.00665,0,0
0.02085,0,0
0.03521,0,0
0.04954,0,0
0.06716,0,0
0.10386,0,0
0.15126,0,0
0.18149,0,0
0.21649,0,0
0.25203,0,0
0.28941,0,0
0.32968,1,1
0.37009,1,1
0.41109,1,1
0.4207,1,1
0.39356,1,1
0.35223,1,1
0.33371,1,1
0.34494,1,1
0.38322,1,1
0.45473,1,1
0.51946,1,1
0.50826,1,1
0.41736,1,1
0.31047,0,0
0.23749,0,0
0.22874,0,0
0.24555,0,0
0.26234,0,0
0.27145,0,0
0.2834,0,0
0.29929,0,0
0.32271,1,1
0.36038,1,1
0.3986,1,1
0.44462,1,1
0.47652,1,1
0.49427,1,1
0.48276,1,1
0.4445,1,1
0.41246,1,1
0.38719,1,1
0.3529,1,1
0.31,0,0
0.2816,0,0
0.26705,0,0
0.25642,0,0
0.24751,0,0
0.22178,0,0
0.17985,0,0
0.13964,0,0
0.10886,0,0
0.08483,0,0
0.06687,0,0
0.05668,0,0
0.05422,0,0
0.05551,0,0
0.0604,0,0
0.06515,0,0
0.07015,0,0
0.07598,0,0
0.08295,0,0
0.09172,0,0
0.10086,0,0
0.10337,0,0
0.09946,0,0
0.09582,0,0
0.09184,0,0
0.08783,0,0
0.08408,0,0
0.08118,0,0
0.07827,0,0
0.06628,0,0
0.04448,0,0
0.028,0,0
0.01295,0,0
0.01541,0,0
0.0361,0,0
0.06551,0,0
0.09911,0,0
0.12755,0,0
0.13905,0,0
0.15082,0,0
0.16286,0,0
0.17648,0,0
0.19897,0,0
0.22438,0,0
0.2502,0,0
0.28501,0,0
0.32892,0,0
0.38964,0,0
0.4504,0,0
0.48087,0,0
0.48104,0,0
0.4812,0,0
0.48137,0,0
0.44804,0,0
0.38339,0,0
0.33401,0,0
0.29491,0,0
0.28355,0,0
0.30248,0,0
0.34765,0,0
0.4127,0,0
0.46292,0,0
0.49963,0,0
0.53468,0,0
0.56454,0,0
0.58679,0,0
0.59943,1,1
0.61387,1,1
0.62874,1,1
0.61707,1,1
0.58531,0,0
0.56393,0,0
0.54488,0,0
0.54322,0,0
0.55652,0,0
0.56947,0,0
0.58072,0,0
0.59023,0,0
0.59283,1,0
0.57403,0,0
0.53267,0,0
0.51354,0,0
0.5177,0,0
0.5192,0,0
0.52427,0,0
0.51872,0,0
0.50102,0,0
0.49855,0,0
0.50696,0,0
0.52688,0,0
0.56671,0,0
0.59632,1,1
0.62226,1,1
0.63029,1,1
0.61277,1,1
0.58701,0,0
0.553,0,0
0.54697,0,0
0.56926,0,0
0.58574,0,0
0.60446,1,1
0.62327,1,1
0.64291,1,1
0.66989,1,1
0.70117,1,1
0.72717,1,1
0.74588,1,1
0.76969,1,1
0.79468,1,1
0.79434,1,1
0.76442,1,1
0.73293,1,1
0.70102,1,1
0.64079,1,1
0.54426,0,0
0.44649,0,0
0.3618,0,0
0.35498,0,0
0.42302,0,0
0.50442,0,0
0.58641,0,0
0.60059,1,0
0.54211,0,0
0.48318,0,0
0.42835,0,0
0.3973,0,0
0.38555,0,0
0.37347,0,0
0.36104,0,0
0.32785,0,0
0.28084,0,0
0.24382,0,0
0.20625,0,0
0.16727,0,0
0.1444,0,0
0.12147,0,0
0.09816,0,0
0.07665,0,0
0.05063,0,0
0.03159,0,0
0.01447,0,0
0.00637,0,0
0.00425,0,0
0.00214,0,0
5e-05,0,0
0.0,0,0
0.00096,0,0
0.00223,0,0
0.00349,0,0
0.01103,0,0
0.02549,0,0
0.04005,0,0
0.05429,0,0
0.06749,0,0
0.08027,0,0
0.10054,0,0
0.12851,0,0
0.1685,0,0
0.22865,0,0
0.28167,0,0
0.33224,0,0
0.39058,1,1
0.45641,1,1
0.49932,1,1
0.5133,1,1
0.52675,1,1
0.53577,1,1
0.54424,1,1
0.55818,1,1
0.58326,1,1
0.6215,1,1
0.62149,1,1
0.57974,1,1
0.54351,1,1
0.51363,1,1
0.50695,1,1
0.52121,1,1
0.52832,1,1
0.52748,1,1
0.51813,1,1
0.49964,1,1
0.48696,1,1
0.48118,1,1
0.44948,1,1
0.39276,1,1
0.32866,0,0
0.28026,0,0
0.2645,0,0
0.29051,0,0
0.33533,0,0
0.36586,0,0
0.35352,0,0
0.30891,0,0
0.26881,0,0
0.23206,0,0
0.18828,0,0
0.14537,0,0
0.11256,0,0
0.08628,0,0
0.06572,0,0
0.04943,0,0
0.03111,0,0
0.01024,0,0
0.0,0,0
0.0,0,0
0.0,0,0
0.0,0,0
0.00113,0,0
0.00254,0,0
0.00245,0,0
0.00085,0,0
0.0,0,0
0.0,0,0
0.0,0,0
0.0,0,0
0.0,0,0
0.0,0,0
0.0,0,0
0.0,0,0
0.0,0,0
0.0,0,0
0.0,0,0
0.00016,0,0
0.00083,0,0
0.00151,0,0
0.00152,0,0
0.00085,0,0
0.00016,0,0
0.0,0,0
0.0,0,0
0.0,0,0
0.0,0,0
0.0,0,0
0.0,0,0
0.0,0,0
0.0,0,0
0.0,0,0
0.0,0,0
0.0,0,0
0.0,0,0
0.0,0,0
0.0,0,0
0.0,0,0
0.0,0,0
0.0,0,0
0.0,0,0
0.00199,0,0
0.00336,0,0
0.00471,0,0
0.00939,0,0
0.01765,0,0
0.03807,0,0
0.07101,0,0
0.10807,0,0
0.15044,0,0
0.16717,0,0
0.15677,0,0
0.1513,0,0
0.15074,0,0
0.15514,0,0
0.16341,0,0
0.16384,0,0
0.16884,0,0
0.18388,0,0
0.21778,0,0
0.25629,1,1
0.30017,1,1
0.31496,1,1
0.30098,1,1
0.29043,1,1
0.28414,1,1
0.29179,1,1
0.31536,1,1
0.33306,1,1
0.34262,1,1
0.3617,1,1
0.38986,1,1
0.43504,1,1
0.49936,1,1
0.48385,1,1
0.38982,1,1
0.29436,1,1
0.23502,1,1
0.21949,1,1
0.20684,0,0
0.18608,0,0
0.16366,0,0
0.15017,0,0
0.14096,0,0
0.12824,0,0
0.13037,0,0
0.11628,0,0
0.10464,0,0
0.09581,0,0
0.08773,0,0
0.07319,0,0
0.05688,0,0
0.04518,0,0
0.03811,0,0
0.03137,0,0
0.02511,0,0
0.02009,0,0
0.01564,0,0
0.01113,0,0
0.00656,0,0
0.0108,0,0
0.024,0,0
0.03918,0,0
0.05998,0,0
0.07225,0,0
0.07593,0,0
0.07944,0,0
0.08384,0,0
0.10248,0,0
0.13482,0,0
0.18555,0,0
0.24501,1,1
0.27184,1,1
0.26002,1,1
0.24888,1,1
0.2381,1,1
0.23214,0,0
0.23384,0,0
0.23474,0,0
0.23564,0,0
0.22218,0,0
0.19388,0,0
0.1667,0,0
0.15174,0,0
0.14161,0,0
0.13714,0,0
0.13263,0,0
0.12856,0,0
0.11201,0,0
0.08839,0,0
0.06803,0,0
0.04733,0,0
0.04198,0,0
0.04849,0,0
0.05608,0,0
0.06368,0,0
0.07551,0,0
0.09259,0,0
0.10988,0,0
0.12728,0,0
0.1494,0,0
0.1737,0,0
0.20213,0,0
0.24484,0,0
0.29147,0,0
0.33472,0,0
0.36963,0,0
0.39387,0,0
0.43323,0,0
0.48662,0,0
0.52832,0,0
0.54819,0,0
0.5701,0,0
0.58836,0,0
0.61443,0,0
0.64778,1,1
0.67946,1,1
0.70882,1,1
0.71778,1,1
0.70289,1,1
0.70336,1,1
0.71897,1,1
0.73988,1,1
0.76811,1,1
0.77061,1,1
0.75002,1,1
0.71741,1,1
0.68328,1,1
0.66441,1,1
0.65845,1,1
0.64195,1,1
0.616,0,0
0.60514,0,0
0.62802,1,1
0.66125,1,1
0.71535,1,1
0.74606,1,1
0.74673,1,1
0.74705,1,1
0.74591,1,1
0.7008,1,1
0.61208,0,0
0.52254,0,0
0.43719,0,0
0.37166,0,0
0.32054,0,0
0.2742,0,0
0.23505,0,0
0.21203,0,0
0.19667,0,0
0.17967,0,0
0.16118,0,0
0.15264,0,0
0.15358,0,0
0.15452,0,0
0.15501,0,0
0.14866,0,0
0.13631,0,0
0.12862,0,0
0.12089,0,0
0.12843,0,0
0.15987,0,0
0.20191,0,0
0.24374,0,0
0.24529,0,0
0.20453,0,0
0.16402,0,0
0.13304,0,0
0.13005,0,0
0.14785,0,0
0.17735,0,0
0.20896,0,0
0.2346,0,0
0.25201,0,0
0.26953,0,0
0.28837,0,0
0.29136,0,0
0.27611,0,0
0.2627,0,0
0.248,0,0
0.2684,0,0
0.3322,0,0
0.40988,0,0
0.48689,1,1
0.50237,1,1
0.45236,0,0
0.4031,0,0
0.35347,0,0
0.29324,0,0
0.2329,0,0
0.17367,0,0
0.14015,0,0
0.13025,0,0
0.14501,0,0
0.16001,0,0
0.17525,0,0
0.17943,0,0
0.1746,0,0
0.18928,0,0
0.2171,0,0
0.25819,0,0
0.3144,0,0
0.36801,0,0
0.41349,0,0
0.44593,0,0
0.46505,0,0
0.48095,1,1
0.49465,1,1
0.5151,1,1
0.536,1,1
0.55414,1,1
0.56613,1,1
0.57895,1,1
0.59461,1,1
0.60295,1,1
0.60163,1,1
0.60404,1,1
0.61361,1,1
0.62092,1,1
0.62987,1,1
0.62921,1,1
0.62246,1,1
0.60971,1,1
0.59424,1,1
0.57463,1,1
0.55274,1,1
0.52541,1,1
0.49462,1,1
0.47523,0,0
0.4619,0,0
0.43807,0,0
0.39816,0,0
0.36891,0,0
0.34605,0,0
0.3179,0,0
0.28853,0,0
0.26687,0,0
0.24809,0,0
0.22464,0,0
0.19557,0,0
0.17823,0,0
0.17547,0,0
0.17221,0,0
0.17127,0,0
0.15329,0,0
0.12461,0,0
0.11368,0,0
0.10143,0,0
0.08816,0,0
0.07496,0,0
0.06549,0,0
0.05574,0,0
0.04964,0,0
0.04694,0,0
0.04421,0,0
0.04147,0,0
0.03725,0,0
0.03237,0,0
0.02872,0,0
0.02505,0,0
0.02751,0,0
0.03739,0,0
0.0513,0,0
0.06547,0,0
0.06634,0,0
0.05353,0,0
0.04008,0,0
0.03038,0,0
0.02701,0,0
0.02924,0,0
0.03138,0,0
0.03363,0,0
0.03496,0,0
0.03547,0,0
0.03599,0,0
0.03653,0,0
0.03004,0,0
0.0166,0,0
0.00628,0,0
0.00342,0,0
0.00235,0,0
0.00307,0,0
0.00382,0,0
0.00457,0,0
0.00689,0,0
0.02398,0,0
0.04292,0,0
0.07204,0,0
0.08528,0,0
0.08378,0,0
0.08276,0,0
0.08652,0,0
0.09833,0,0
0.11626,0,0
0.14029,0,0
0.1719,0,0
0.19924,0,0
0.22148,0,0
0.24087,0,0
0.25655,0,0
0.28119,1,1
0.31161,1,1
0.32936,1,1
0.33105,1,1
0.32746,1,1
0.32636,1,1
0.33495,1,1
0.35221,1,1
0.37364,1,1
0.39668,1,1
0.40511,1,1
0.39801,1,1
0.40168,1,1
0.41715,1,1
0.41115,1,1
0.38178,1,1
0.35573,1,1
0.33042,1,1
0.30045,1,1
0.2653,0,0
0.23001,0,0
0.19445,0,0
0.1894,0,0
0.21402,0,0
0.22848,0,0
0.23278,0,0
0.22571,0,0
0.20804,0,0
0.19445,0,0
0.18623,0,0
0.18792,0,0
0.19496,0,0
0.18989,0,0
0.17386,0,0
0.15983,0,0
0.14194,0,0
0.12007,0,0
0.09339,0,0
0.06234,0,0
0.04318,0,0
0.03244,0,0
0.02153,0,0
0.01195,0,0
0.00381,0,0
0.00157,0,0
0.00466,0,0
0.01536,0,0
0.03038,0,0
0.04698,0,0
0.06018,0,0
0.0734,0,0
0.09013,0,0
0.10355,0,0
0.11201,0,0
0.12091,0,0
0.12952,0,0
0.15444,0,0
0.20713,0,0
0.26274,0,0
0.33699,1,1
0.39445,1,1
0.4396,1,1
0.49043,1,1
0.54557,1,1
0.56388,1,1
0.54304,1,1
0.52399,1,1
0.50479,1,1
0.47477,1,1
0.44202,1,1
0.41083,1,1
0.37758,1,1
0.32365,0,0
0.26129,0,0
0.20541,0,0
0.15905,0,0
0.12094,0,0
0.08196,0,0
0.04909,0,0
0.02564,0,0
0.01495,0,0
0.0149,0,0
0.0149,0,0
0.01485,0,0
0.02544,0,0
0.04721,0,0
0.06916,0,0
0.09158,0,0
0.1098,0,0
0.12823,0,0
0.12779,0,0
0.10899,0,0
0.09669,0,0
0.09007,0,0
0.11104,0,0
0.15296,0,0
0.18824,0,0
0.22009,0,0
0.2557,0,0
0.29319,0,0
0.35426,0,0
0.43968,1,1
0.47752,1,1
0.46537,1,1
0.45605,1,1
0.45387,1,1
0.45953,1,1
0.47363,1,1
0.4923,1,1
0.51283,1,1
0.49752,1,1
0.44492,1,1
0.39985,1,1
0.36478,1,1
0.35362,0,0
0.36405,0,0
0.37473,1,1
0.38502,1,1
0.37983,1,1
0.35683,0,0
0.34045,0,0
0.33146,0,0
0.30621,0,0
0.26581,0,0
0.22743,0,0
0.18994,0,0
0.17206,0,0
0.16998,0,0
0.16704,0,0
0.16291,0,0
0.14018,0,0
0.10556,0,0
0.07846,0,0
0.05513,0,0
0.04126,0,0
0.03668,0,0
0.02988,0,0
0.02066,0,0
0.01193,0,0
0.00379,0,0
0.0,0,0
0.0,0,0
0.0,0,0
0.00093,0,0
0.00369,0,0
0.01518,0,0
0.03562,0,0
0.06687,0,0
0.07775,0,0
0.06753,0,0
0.05725,0,0
0.04689,0,0
0.03258,0,0
0.01912,0,0
0.006,0,0
0.00313,0,0
0.00245,0,0
0.00401,0,0
0.00566,0,0
0.00977,0,0
0.00718,0,0
0.00418,0,0
0.00143,0,0
0.0,0,0
0.0,0,0
0.0,0,0
0.00135,0,0
0.00304,0,0
0.00561,0,0
0.01579,0,0
0.03232,0,0
0.05268,0,0
0.06399,0,0
0.06031,0,0
0.05662,0,0
0.05294,0,0
0.05965,0,0
0.0764,0,0
0.09316,0,0
0.11446,0,0
0.12768,1,1
0.13145,1,1
0.13532,1,1
0.13974,1,1
0.13557,1,1
0.12411,1,1
0.11901,0,1
0.11926,1,1
0.14247,1,1
0.18771,1,1
0.25673,1,1
0.32739,1,1
0.33049,1,1
0.25828,1,1
0.20408,1,1
0.16919,1,1
0.14627,1,1
0.12233,1,1
0.10394,0,0
0.08693,0,0
0.08318,0,0
0.08642,0,0
0.08381,0,0
0.07521,0,0
0.06963,0,0
0.06526,0,0
0.07107,0,0
0.08589,0,0
0.10423,0,0
0.12613,1,1
0.13953,1,1
0.14772,1,1
0.15763,1,1
0.1685,1,1
0.1576,1,1
0.12458,1,1
0.08697,0,0
0.04969,0,0
0.02811,0,0
0.02481,0,0
0.0226,0,0
0.01708,0,0
0.0234,0,0
0.03709,0,0
0.0474,0,0
0.0543,0,0
0.05462,0,0
0.04821,0,0
0.0426,0,0
0.03744,0,0
0.03134,0,0
0.02432,0,0
0.01804,0,0
0.01689,0,0
0.01985,0,0
0.02205,0,0
0.01594,0,0
0.00491,0,0
0.00167,0,0
0.0,0,0
0.0,0,0
0.0,0,0
0.0,0,0
0.0,0,0
0.0,0,0
0.0,0,0
0.0,0,0
0.0,0,0
0.0,0,0
0.0,0,0
0.00079,0,0
0.00314,0,0
0.00437,0,0
0.00445,0,0
0.00454,0,0
0.00463,0,0
0.00341,0,0
0.00087,0,0
0.0,0,0
0.0,0,0
0.0,0,0
0.0,0,0
0.0,0,0
0.0,0,0
0.0,0,0
0.0,0,0
0.0,0,0
0.0,0,0
0.0,0,0
0.0,0,0
0.0,0,0
0.0,0,0
0.0,0,0
0.0,0,0
0.0,0,0
0.0,0,0
0.00582,0,0
0.01813,0,0
0.03052,0,0
0.04281,0,0
0.06248,0,0
0.09127,0,0
0.11408,0,0
0.13192,0,0
0.17106,0,0
0.24433,0,0
0.29725,0,0
0.30603,0,0
0.31886,0,0
0.34143,0,0
0.35011,1,1
0.34223,1,1
0.31684,0,0
0.29974,0,0
0.308,0,0
0.34958,1,1
0.41426,1,1
0.46134,1,1
0.48727,1,1
0.49245,1,1
0.50563,1,1
0.52816,1,1
0.53353,1,1
0.52359,1,1
0.52737,1,1
0.54447,1,1
0.52679,1,1
0.47532,1,1
0.43007,1,1
0.38934,1,1
0.3752,1,1
0.38734,1,1
0.39011,1,1
0.38425,1,1
0.3737,1,1
0.35773,1,1
0.3445,1,1
0.3375,0,0
0.30526,0,0
0.25452,0,0
0.20199,0,0
0.16579,0,0
0.14459,0,0
0.13112,0,0
0.11714,0,0
0.09088,0,0
0.06215,0,0
0.0448,0,0
0.03394,0,0
0.02275,0,0
0.01276,0,0
0.00405,0,0
0.0,0,0
0.0,0,0
0.0,0,0
0.0,0,0
0.0,0,0
0.0,0,0
0.0,0,0
0.0,0,0
0.0,0,0
0.0,0,0
0.0,0,0
0.0,0,0
0.0,0,0
0.0,0,0
0.0,0,0
0.0,0,0
0.0,0,0
0.0,0,0
0.0,0,0
0.0,0,0
0.0,0,0
0.0,0,0
0.0,0,0
0.0,0,0
0.00089,0,0
0.00452,0,0
0.0117,0,0
0.02933,0,0
0.03736,0,0
0.03553,0,0
0.03352,0,0
0.03159,0,0
0.02873,0,0
0.02491,0,0
0.02111,0,0
0.01733,0,0
0.0142,0,0
0.01171,0,0
0.00923,0,0
0.00743,0,0
0.01393,0,0
0.02825,0,0
0.04256,0,0
0.05667,0,0
0.06441,0,0
0.06882,0,0
0.08549,0,0
0.11476,0,0
0.1365,0,0
0.14979,0,0
0.14854,0,0
0.13309,0,0
0.11444,0,0
0.09305,0,0
0.1062,0,0
0.15373,1,1
0.20231,1,1
0.25111,1,1
0.27469,1,1
0.27457,1,1
0.2816,1,1
0.29398,1,1
0.28173,1,1
0.24746,1,1
0.21096,1,1
0.17813,1,1
0.16923,1,1
0.1798,1,1
0.19013,1,1
0.20024,1,1
0.19804,1,1
0.18397,1,1
0.17154,1,1
0.16064,1,1
0.15323,1,1
0.14898,0,0
0.14157,0,0
0.1319,0,0
0.13647,0,0
0.16631,1,1
0.1941,1,1
0.21663,1,1
0.19784,1,1
0.14545,0,0
0.10175,0,0
0.06552,0,0
0.04586,0,0
0.04135,0,0
0.03109,0,0
0.01536,0,0
0.00953,0,0
0.0122,0,0
0.01397,0,0
0.01485,0,0
0.01137,0,0
0.00362,0,0
0.0,0,0
0.0,0,0
0.0,0,0
0.0,0,0
0.0,0,0
0.0,0,0
0.0,0,0
0.0,0,0
0.0,0,0
0.0,0,0
0.0,0,0
0.0,0,0
0.0,0,0
0.0,0,0
0.0,0,0
0.0,0,0
0.0,0,0
0.0,0,0
0.0,0,0
0.0,0,0
0.0,0,0
0.0,0,0
0.0,0,0
0.00124,0,0
0.00233,0,0
0.00307,0,0
0.00383,0,0
0.0046,0,0
0.0055,0,0
0.00654,0,0
0.00789,0,0
0.01279,0,0
0.01284,0,0
0.00802,0,0
0.0067,0,0
0.0057,0,0
0.0048,0,0
0.00403,0,0
0.00326,0,0
0.00249,0,0
0.00446,0,0
0.00955,0,0
0.01474,0,0
0.01995,0,0
0.0228,0,0
0.02327,0,0
0.02941,0,0
0.04139,0,0
0.04389,0,0
0.03694,0,0
0.05907,0,0
0.1105,0,0
0.17698,1,1
0.2594,1,1
0.2772,1,1
0.22237,1,1
0.17206,1,1
0.13076,0,0
0.12801,0,0
0.16348,0,0
0.19685,1,1
0.22174,1,1
0.23723,1,1
0.24203,1,1
0.24968,1,1
0.25994,1,1
0.26967,1,1
0.27967,1,1
0.30045,1,1
0.33325,1,1
0.32127,1,1
0.26535,1,1
0.20851,1,1
0.15024,0,0
0.14664,0,0
0.19694,1,1
0.24788,1,1
0.29953,1,1
0.29189,1,1
0.2286,1,1
0.17008,1,1
0.12809,0,0
0.10861,0,0
0.10274,0,0
0.0917,0,0
0.08096,0,0
0.08324,0,0
0.09547,0,0
0.09758,0,0
0.08985,0,0
0.07201,0,0
0.04764,0,0
0.02975,0,0
0.01354,0,0
0.00466,0,0
0.00259,0,0
0.00053,0,0
0.0,0,0
0.0,0,0
0.0,0,0
0.0,0,0
0.0,0,0
0.0,0,0
0.0,0,0
0.0,0,0
0.0,0,0
0.0,0,0
0.0,0,0
0.0,0,0
0.0,0,0
0.0,0,0
0.0,0,0
0.0,0,0
0.0,0,0
0.0,0,0
0.0,0,0
0.0,0,0
0.0,0,0
0.0,0,0
0.0,0,0
0.0,0,0
0.0,0,0
0.0,0,0
0.0,0,0
0.0,0,0
0.0,0,0
0.0,0,0
0.0,0,0
0.00068,0,0
0.00195,0,0
0.00323,0,0
0.00454,0,0
0.0057,0,0
0.00673,0,0
0.00807,0,0
0.01298,0,0
0.0144,0,0
0.01995,0,0
0.02742,0,0
0.03492,0,0
0.04192,0,0
0.04819,0,0
0.06909,0,0
0.10408,0,0
0.14132,0,0
0.18366,0,0
0.22075,0,0
0.25154,0,0
0.26412,1,0
0.25272,0,0
0.2608,0,0
0.293,1,1
0.33197,1,1
0.37412,1,1
0.38392,1,1
0.35599,1,1
0.33062,1,1
0.30618,1,1
0.30176,1,1
0.31673,1,1
0.32665,1,1
0.33225,1,1
0.33857,1,1
0.34641,1,1
0.36306,1,1
0.38623,1,1
0.38011,1,1
0.34657,1,1
0.3227,1,1
0.31144,1,1
0.30545,1,1
0.30255,1,1
0.28978,1,1
0.26626,1,1
0.25147,0,0
0.2425,0,0
0.23363,0,0
0.22479,0,0
0.21042,0,0
0.19081,0,0
0.1741,0,0
0.16003,0,0
0.14758,0,0
0.13384,0,0
0.11377,0,0
0.091,0,0
0.07139,0,0
0.05576,0,0
0.04189,0,0
0.02876,0,0
0.01681,0,0
0.00536,0,0
0.0,0,0
0.0,0,0
0.0,0,0
0.0,0,0
0.0,0,0
0.0,0,0
0.0,0,0
0.00065,0,0
0.00239,0,0
0.00383,0,0
0.00529,0,0
0.00894,0,0
0.01494,0,0
0.02003,0,0
0.02519,0,0
0.03042,0,0
0.02715,0,0
0.01519,0,0
0.00582,0,0
0.00322,0,0
0.00188,0,0
0.00189,0,0
0.0019,0,0
0.0019,0,0
0.0011,0,0
0.0,0,0
0.0,0,0
0.0,0,0
0.0,0,0
0.0,0,0
0.0,0,0
0.0,0,0
0.0,0,0
0.0,0,0
0.0,0,0
0.00132,0,0
0.00233,0,0
0.00284,0,0
0.00335,0,0
0.00385,0,0
0.00965,0,0
0.02212,0,0
0.03733,0,0
0.05251,0,0
0.06662,0,0
0.0827,0,0
0.11688,0,0
0.15708,0,0
0.1845,0,0
0.19815,0,0
0.21734,0,0
0.25417,1,1
0.29632,1,1
0.33883,1,1
0.35706,1,1
0.34328,1,1
0.33484,1,1
0.33022,1,1
0.33127,1,1
0.34002,1,1
0.35055,1,1
0.3621,1,1
0.35878,1,1
0.33703,1,1
0.31444,1,1
0.29063,1,1
0.27988,1,1
0.28177,1,1
0.28324,1,1
0.28726,1,1
0.29,1,1
0.29218,1,1
0.29778,1,1
0.30665,1,1
0.28516,1,1
0.23072,0,0
0.17209,0,0
0.12444,0,0
0.11396,0,0
0.13715,0,0
0.15435,0,0
0.16569,0,0
0.16634,0,0
0.1667,0,0
0.17658,0,0
0.18384,0,0
0.16899,0,0
0.13841,0,0
0.11561,0,0
0.09892,0,0
0.0908,0,0
0.08521,0,0
0.07419,0,0
0.05202,0,0
0.03674,0,0
0.02726,0,0
0.01808,0,0
0.0089,0,0
0.00455,0,0
0.00261,0,0
0.00074,0,0
0.0,0,0
0.0,0,0
0.0,0,0
0.0,0,0
0.0,0,0
0.00045,0,0
0.0029,0,0
0.00456,0,0
0.00541,0,0
0.0065,0,0
0.01049,0,0
0.01163,0,0
0.00981,0,0
0.00792,0,0
0.00653,0,0
0.00637,0,0
0.00639,0,0
0.00639,0,0
0.00642,0,0
0.00646,0,0
0.00655,0,0
0.00665,0,0
0.00674,0,0
0.00703,0,0
0.00877,0,0
0.01116,0,0
0.0136,0,0
0.01188,0,0
0.00712,0,0
0.00588,0,0
0.00466,0,0
0.00503,0,0
0.00703,0,0
0.01495,0,0
0.02447,0,0
0.03554,0,0
0.04946,0,0
0.04787,0,0
0.03092,0,0
0.02516,0,0
0.0862,0,0
0.10272,0,0
0.12236,0,0
0.15433,0,0
0.2017,0,0
0.23439,0,0
0.25105,0,0
0.2695,0,0
0.29649,0,0
0.30897,0,0
0.30453,0,0
0.31392,0,0
0.35085,0,0
0.43172,0,0
0.55496,1,1
0.60418,1,1
0.57891,1,1
0.5479,1,1
0.50414,1,1
0.46759,0,0
0.44631,0,0
0.4466,0,0
0.46793,0,0
0.50718,1,1
0.55508,1,1
0.54831,1,1
0.49197,0,0
0.45686,0,0
0.44069,0,0
0.42031,0,0
0.39851,0,0
0.3821,0,0
0.37249,0,0
0.37013,0,0
0.36849,0,0
0.3775,0,0
0.40377,0,0
0.44713,0,0
0.50103,1,1
0.52203,1,1
0.49296,0,0
0.44211,0,0
0.37911,0,0
0.34507,0,0
0.33421,0,0
0.33668,0,0
0.35236,0,0
0.37943,0,0
0.4243,0,0
0.47006,0,0
0.51433,1,1
0.55533,1,1
0.59329,1,1
0.63194,1,1
0.67129,1,1
0.6848,1,1
0.67585,1,1
0.66492,1,1
0.65587,1,1
0.64111,1,1
0.62058,1,1
0.60165,1,1
0.58248,1,1
0.53145,1,1
0.44997,0,0
0.37246,0,0
0.30329,0,0
0.25308,0,0
0.23035,0,0
0.20687,0,0
0.18319,0,0
0.1705,0,0
0.17117,0,0
0.17129,0,0
0.1714,0,0
0.21518,0,0
0.3146,0,0
0.44123,1,1
0.59205,1,1
0.59142,1,1
0.4365,1,1
0.30101,0,0
0.20101,0,0
0.16114,0,0
0.16672,0,0
0.17555,0,0
0.18521,0,0
0.1898,0,0
0.18925,0,0
0.18938,0,0
0.18951,0,0
0.18083,0,0
0.17371,0,0
0.17022,0,0
0.16699,0,0
0.17466,0,0
0.20011,0,0
0.22977,0,0
0.25259,0,0
0.27045,0,0
0.28827,0,0
0.30129,0,0
0.31434,0,0
0.33735,0,0
0.36375,0,0
0.38658,0,0
0.40914,0,0
0.45068,1,1
0.50522,1,1
0.55016,1,1
0.58402,1,1
0.62593,1,1
0.68895,1,1
0.73704,1,1
0.76712,1,1
0.80332,1,1
0.8351,1,1
0.85973,1,1
0.8796,1,1
0.85351,1,1
0.78279,1,1
0.72421,1,1
0.67506,1,1
0.6078,1,1
0.54122,1,1
0.48262,1,1
0.43824,1,1
0.40324,0,0
0.3752,0,0
0.36509,0,0
0.36887,0,0
0.37252,0,0
0.37658,0,0
0.34058,0,0
0.28089,0,0
0.23481,0,0
0.20073,0,0
0.17408,0,0
0.14903,0,0
0.13243,0,0
0.13354,0,0
0.13797,0,0
0.1526,0,0
0.14763,0,0
0.12196,0,0
0.10071,0,0
0.08359,0,0
0.06715,0,0
0.05287,0,0
0.03823,0,0
0.02647,0,0
0.02442,0,0
0.02991,0,0
0.03708,0,0
0.04573,0,0
0.05503,0,0
0.06509,0,0
0.07524,0,0
0.08909,0,0
0.08378,0,0
0.06348,0,0
0.04505,0,0
0.02914,0,0
0.02618,0,0
0.03256,0,0
0.04113,0,0
0.05138,0,0
0.06984,0,0
0.09965,0,0
0.13572,0,0
0.1878,0,0
0.22966,0,0
0.24926,0,0
0.2685,0,0
0.29032,0,0
0.27305,0,0
0.22004,0,0
0.16588,0,0
0.13585,0,0
0.14981,0,0
0.24044,0,0
0.36359,0,0
0.51692,0,0
0.60388,0,0
0.60202,0,0
0.59808,0,0
0.59626,0,0
0.61139,0,0
0.64144,0,0
0.67287,0,0
0.70084,0,0
0.69997,0,0
0.67046,0,0
0.64321,0,0
0.62174,0,0
0.59332,0,0
0.56814,0,0
0.54848,0,0
0.54018,0,0
0.58429,0,0
0.6803,0,0
0.74548,0,0
0.77436,0,0
0.81668,0,0
0.86741,0,0
0.93423,0,0
1.01966,0,0
1.0822,0,0
1.12623,0,0
1.16972,1,1
1.21826,1,1
1.29023,1,1
1.3861,1,1
1.46777,1,1
1.52345,1,1
1.57962,1,1
1.62426,1,1
1.64286,1,1
1.63202,1,1
1.60396,1,1
1.54483,1,1
1.46586,1,1
1.35909,1,1
1.30598,1,1
1.3108,1,1
1.29729,1,1
1.27254,1,1
1.2658,1,1
1.28109,1,1
1.27813,1,1
1.26874,1,1
1.23141,1,1
1.15724,1,1
1.07118,0,0
0.97868,0,0
0.90042,0,0
0.83657,0,0
0.77798,0,0
0.7168,0,0
0.7159,0,0
0.7706,0,0
0.82967,0,0
0.88812,0,0
0.94097,0,0
0.98167,0,0
1.01585,0,0
1.04771,0,0
1.05381,0,0
1.03083,0,0
1.0077,0,0
0.97716,0,0
0.94415,0,0
0.91854,0,0
0.89248,0,0
0.86223,0,0
0.83901,0,0
0.82573,0,0
0.8098,0,0
0.79367,0,0
0.80583,0,0
0.84794,0,0
0.88937,0,0
0.93571,0,0
0.93367,1,1
0.88088,1,1
0.82223,0,0
0.76208,0,0
0.76727,0,0
0.84202,0,0
0.91456,1,1
0.98612,1,1
1.01494,1,1
1.00687,1,1
0.99507,1,1
0.98663,1,1
0.97098,1,1
0.95181,1,1
0.92928,1,1
0.9092,1,1
0.91662,1,1
0.94832,1,1
0.97957,1,1
1.0104,1,1
0.96827,1,1
0.84506,0,0
0.72096,0,0
0.59405,0,0
0.52225,0,0
0.51865,0,0
0.53517,0,0
0.56881,0,0
0.59679,0,0
0.58205,0,0
0.59234,0,0
0.656,0,0
0.69393,0,0
0.70179,0,0
0.68866,0,0
0.65607,0,0
0.62458,0,0
0.59201,0,0
0.57947,0,0
0.59615,0,0
0.62031,0,0
0.64324,0,0
0.65503,0,0
0.65823,0,0
0.67512,0,0
0.70769,0,0
0.7318,0,0
0.74113,0,0
0.77454,0,0
0.84851,1,1
0.91687,1,1
0.98959,1,1
1.01084,1,1
0.98246,1,1
0.93784,1,1
0.87335,1,1
0.79865,0,0
0.72373,0,0
0.65475,0,0
0.58466,0,0
0.53243,0,0
0.49874,0,0
0.48104,0,0
0.47536,0,0
0.48557,0,0
0.5152,0,0
0.53314,0,0
0.5399,0,0
0.51656,0,0
0.45536,0,0
0.39922,0,0
0.34978,0,0
0.28231,0,0
0.21163,0,0
0.14957,0,0
0.11064,0,0
0.08267,0,0
0.064,0,0
0.04744,0,0
0.0314,0,0
0.02839,0,0
0.03306,0,0
0.04017,0,0
0.04747,0,0
0.05136,0,0
0.05183,0,0
0.05215,0,0
0.05263,0,0
0.05296,0,0
0.05313,0,0
0.0533,0,0
0.05347,0,0
0.05965,0,0
0.07191,0,0
0.08501,0,0
0.10304,0,0
0.11737,0,0
0.12694,0,0
0.13658,0,0
0.14629,0,0
0.15777,0,0
0.17901,0,0
0.20239,0,0
0.22628,0,0
0.2651,0,0
0.32694,0,0
0.40341,0,0
0.47925,1,1
0.52459,1,1
0.52652,1,1
0.52847,1,1
0.52847,1,1
0.47068,1,1
0.36518,0,0
0.27184,0,0
0.19573,0,0
0.17559,0,0
0.20687,0,0
0.23959,0,0
0.27177,0,0
0.30739,0,0
0.35439,0,0
0.3982,0,0
0.41256,0,0
0.42972,1,1
0.46293,1,1
0.48397,1,1
0.49882,1,1
0.46249,1,1
0.39039,0,0
0.35512,0,0
0.34915,0,0
0.39222,0,0
0.47881,1,1
0.50596,1,1
0.47379,1,1
0.41669,0,0
0.34426,0,0
0.31502,0,0
0.32159,0,0
0.35774,0,0
0.41968,1,1
0.45284,1,1
0.46545,1,1
0.42749,1,1
0.34011,0,0
0.30274,0,0
0.31006,0,0
0.31927,0,0
0.32918,0,0
0.35011,0,0
0.37815,0,0
0.42743,1,1
0.49662,1,1
0.49525,1,1
0.43406,1,1
0.38902,0,0
0.3756,0,0
0.38259,0,0
0.40543,0,0
0.39767,0,0
0.35951,0,0
0.31329,0,0
0.25957,0,0
0.22143,0,0
0.18834,0,0
0.16012,0,0
0.13553,0,0
0.12404,0,0
0.12511,0,0
0.12981,0,0
0.13913,0,0
0.16629,0,0
0.1993,0,0
0.23273,0,0
0.27626,0,0
0.305,0,0
0.31714,0,0
0.32844,0,0
0.33981,0,0
0.35641,0,0
0.37712,0,0
0.39784,0,0
0.42162,1,1
0.41685,1,1
0.38643,0,0
0.3576,0,0
0.32839,0,0
0.27133,0,0
0.20701,0,0
0.14694,0,0
0.11183,0,0
0.09064,0,0
0.08506,0,0
0.08037,0,0
0.07564,0,0
0.08294,0,0
0.10702,0,0
0.13414,0,0
0.16244,0,0
0.18594,0,0
0.18734,0,0
0.18877,0,0
0.19021,0,0
0.19099,0,0
0.19177,0,0
0.19256,0,0
0.19336,0,0
0.22831,0,0
0.29784,0,0
0.38871,0,0
0.48649,1,1
0.51137,1,1
0.46341,1,1
0.41897,0,0
0.3741,0,0
0.34239,0,0
0.31767,0,0
0.29476,0,0
0.29345,0,0
0.31708,0,0
0.35759,0,0
0.39426,0,0
0.42279,0,0
0.43841,1,1
0.44898,1,1
0.45708,1,1
0.46076,1,1
0.4814,1,1
0.50727,1,1
0.51932,1,1
0.51601,1,1
0.51288,1,1
0.51055,1,1
0.50556,1,1
0.49822,1,1
0.48512,1,1
0.47096,1,1
0.46348,1,1
0.46343,1,1
0.46843,1,1
0.48101,1,1
0.46979,1,1
0.4425,1,1
0.41519,0,0
0.38605,0,0
0.3872,0,0
0.41639,0,0
0.43816,0,0
0.45022,1,0
0.42349,0,0
0.36322,0,0
0.31217,0,0
0.27931,0,0
0.24779,0,0
0.21624,0,0
0.18847,0,0
0.16445,0,0
0.14301,0,0
0.12111,0,0
0.10012,0,0
0.07934,0,0
0.06168,0,0
0.04843,0,0
0.03463,0,0
0.01913,0,0
0.00852,0,0
0.00284,0,0
0.00173,0,0
0.00364,0,0
0.00557,0,0
0.01431,0,0
0.01903,0,0
0.0191,0,0
0.01917,0,0
0.01918,0,0
0.01364,0,0
0.00517,0,0
0.00281,0,0
0.00044,0,0
0.00024,0,0
0.00226,0,0
0.0043,0,0
0.00738,0,0
0.01147,0,0
0.00967,0,0
0.00781,0,0
0.00646,0,0
0.00541,0,0
0.00364,0,0
0.00185,0,0
5e-05,0,0
0.0,0,0
0.0,0,0
0.0,0,0
0.0,0,0
0.0,0,0
0.0,0,0
0.0,0,0
0.0,0,0
0.0,0,0
0.0,0,0
0.0,0,0
0.0,0,0
0.0,0,0
0.0,0,0
0.0,0,0
0.0,0,0
0.00788,0,0
0.02462,0,0
0.04138,0,0
0.05799,0,0
0.07655,0,0
0.09215,0,0
0.10847,0,0
0.13819,0,0
0.17406,0,0
0.21355,0,0
0.2497,0,0
0.27225,0,0
0.28924,0,0
0.29788,0,0
0.31907,0,0
0.36027,1,1
0.41358,1,1
0.47089,1,1
0.49766,1,1
0.48686,1,1
0.48159,1,1
0.48439,1,1
0.48061,1,1
0.47295,1,1
0.4658,1,1
0.4601,1,1
0.44982,1,1
0.43494,1,1
0.42009,1,1
0.40636,1,1
0.40179,1,1
0.40675,1,1
0.4155,1,1
0.42658,1,1
0.4182,1,1
0.38935,1,1
0.36446,1,1
0.34478,1,1
0.32597,1,1
0.30839,0,0
0.2923,0,0
0.27961,0,0
0.25376,0,0
0.21643,0,0
0.18328,0,0
0.15445,0,0
0.13096,0,0
0.11014,0,0
0.08685,0,0
0.06464,0,0
0.0515,0,0
0.04542,0,0
0.03778,0,0
0.02937,0,0
0.01865,0,0
0.00596,0,0
0.0,0,0
0.0,0,0
0.0,0,0
0.0,0,0
0.0,0,0
0.0,0,0
0.0,0,0
0.0,0,0
0.0,0,0
0.0,0,0
0.0,0,0
0.0,0,0
0.0,0,0
0.00106,0,0
0.00229,0,0
0.00352,0,0
0.0044,0,0
0.00492,0,0
0.00547,0,0
0.00602,0,0
0.00704,0,0
0.01139,0,0
0.01575,0,0
0.0202,0,0
0.02362,0,0
0.02599,0,0
0.02849,0,0
0.03093,0,0
0.03126,0,0
0.0292,0,0
0.02711,0,0
0.02498,0,0
0.02507,0,0
0.0274,0,0
0.02972,0,0
0.03204,0,0
0.04729,0,0
0.08531,0,0
0.13331,0,0
0.19751,0,0
0.21793,0,0
0.17552,0,0
0.15227,0,0
0.13163,0,0
0.13642,0,0
0.16776,0,0
0.1956,0,0
0.22277,0,0
0.24788,0,0
0.26259,0,0
0.2895,0,0
0.32738,0,0
0.36414,0,0
0.40047,0,0
0.42873,0,0
0.44363,1,1
0.44852,1,1
0.43927,1,1
0.43581,1,1
0.44801,1,1
0.46238,1,1
0.47299,1,1
0.48567,1,1
0.50257,1,1
0.52112,1,1
0.53985,1,1
0.54599,1,1
0.53679,1,1
0.5306,1,1
0.52444,1,1
0.51806,1,1
0.50887,1,1
0.50122,1,1
0.49417,1,1
0.49093,1,1
0.48912,1,1
0.48474,1,1
0.47764,1,1
0.45512,1,1
0.42453,0,0
0.39219,0,0
0.36331,0,0
0.32743,0,0
0.28852,0,0
0.25698,0,0
0.22994,0,0
0.19078,0,0
0.14425,0,0
0.11071,0,0
0.08912,0,0
0.06906,0,0
0.04864,0,0
0.03393,0,0
0.02178,0,0
0.01232,0,0
0.00545,0,0
0.00265,0,0
0.00343,0,0
0.00421,0,0
0.005,0,0
0.00542,0,0
0.00545,0,0
0.00549,0,0
0.00551,0,0
0.00944,0,0
0.01976,0,0
0.03017,0,0
0.04431,0,0
0.05422,0,0
0.05755,0,0
0.06093,0,0
0.06436,0,0
0.06366,0,0
0.05902,0,0
0.05397,0,0
0.04867,0,0
0.04198,0,0
0.0356,0,0
0.03042,0,0
0.02509,0,0
0.01925,0,0
0.01281,0,0
0.00685,0,0
0.0055,0,0
0.00614,0,0
0.015,0,0
0.02782,0,0
0.04068,0,0
0.03981,0,0
0.02463,0,0
0.00944,0,0
0.0046,0,0
0.00399,0,0
0.00596,0,0
0.0101,0,0
0.01953,0,0
0.03591,0,0
0.06106,0,0
0.09244,0,0
0.12354,0,0
0.12898,0,0
0.10931,0,0
0.10523,0,0
0.11262,0,0
0.14214,0,0
0.1884,0,0
0.22549,0,0
0.24618,0,0
0.27752,0,0
0.31302,0,0
0.32306,0,0
0.30601,0,0
0.29866,0,0
0.30279,0,0
0.34559,0,0
0.42063,0,0
0.46429,0,0
0.47434,0,0
0.48294,0,0
0.52406,0,0
0.60743,0,0
0.6962,0,0
0.70752,0,0
0.64653,0,0
0.60724,0,0
0.59113,0,0
0.59579,0,0
0.62363,0,0
0.64796,0,0
0.66184,0,0
0.63832,0,0
0.57584,0,0
0.54901,0,0
0.55991,0,0
0.63041,0,0
0.76396,0,0
0.92316,0,0
1.10024,1,1
1.19945,1,1
1.22989,1,1
1.21597,1,1
1.17567,1,1
1.11776,1,1
1.05201,1,1
1.07171,1,1
1.14309,1,1
1.18691,1,1
1.20717,1,1
1.18608,1,1
1.1187,1,1
1.01592,1,1
0.86018,0,0
0.77304,0,0
0.76223,0,0
0.75129,0,0
0.73944,0,0
0.74396,0,0
0.76289,0,0
0.78116,0,0
0.79953,0,0
0.86327,0,0
0.97067,1,1
1.07621,1,1
1.15178,1,1
1.16431,1,1
1.10719,1,1
1.02831,1,1
0.94567,1,1
0.92144,0,1
0.96721,1,1
1.0106,1,1
1.0585,1,1
1.04424,1,1
0.96265,1,1
0.87905,1,1
0.78465,1,1
0.72899,1,1
0.71431,1,1
0.69912,1,1
0.67979,1,1
0.67209,1,1
0.67441,1,1
0.67675,1,1
0.67911,1,1
0.69665,1,1
0.72652,1,1
0.75518,1,1
0.78097,1,1
0.73067,1,1
0.59316,1,1
0.45968,0,0
0.3471,0,0
0.28318,0,0
0.26423,0,0
0.2463,0,0
0.22995,0,0
0.21023,0,0
0.20843,0,0
0.22062,0,0
0.23775,0,0
0.25286,0,0
0.2733,0,0
0.29912,0,0
0.31538,0,0
0.34404,0,0
0.3786,0,0
0.41473,0,0
0.45259,0,0
0.49163,0,0
0.51788,0,0
0.53486,0,0
0.53752,0,0
0.54033,0,0
0.54376,0,0
0.54974,1,1
0.56238,1,1
0.55938,1,1
0.54069,0,0
0.53703,0,0
0.54769,0,0
0.55842,1,1
0.57207,1,1
0.56761,1,1
0.54871,0,0
0.53434,0,0
0.53088,0,0
0.50709,0,0
0.46517,0,0
0.43034,0,0
0.39853,0,0
0.37897,0,0
0.36535,0,0
0.34917,0,0
0.33469,0,0
0.30813,0,0
0.27492,0,0
0.24948,0,0
0.22293,0,0
0.18821,0,0
0.14906,0,0
0.11468,0,0
0.08705,0,0
0.06543,0,0
0.04634,0,0
0.02097,0,0
0.005,0,0
0.00502,0,0
0.00359,0,0
0.00179,0,0
0.00087,0,0
0.0,0,0
0.0,0,0
0.0,0,0
0.0,0,0
0.0,0,0
0.0,0,0
0.0,0,0
0.0,0,0
0.0,0,0
0.0,0,0
0.0,0,0
0.0,0,0
0.0,0,0
0.0,0,0
0.0,0,0
0.0,0,0
0.0,0,0
0.0,0,0
0.0,0,0
0.0,0,0
0.0,0,0
0.0,0,0
0.0,0,0
0.0,0,0
0.0,0,0
0.0,0,0
0.0,0,0
0.0,0,0
0.0,0,0
0.0,0,0
0.0,0,0
0.0,0,0
0.0,0,0
0.0,0,0
0.0,0,0
0.0,0,0
0.0,0,0
0.0,0,0
0.00562,0,0
0.01748,0,0
0.02936,0,0
0.04109,0,0
0.05701,0,0
0.07693,0,0
0.10036,0,0
0.12718,0,0
0.15614,0,0
0.18784,0,0
0.21474,0,0
0.23491,0,0
0.25783,0,0
0.28259,0,0
0.30036,0,0
0.31081,0,0
0.32136,1,1
0.32951,1,1
0.34348,1,1
0.36558,1,1
0.38715,1,1
0.41209,1,1
0.42818,1,1
0.43553,1,1
0.45482,1,1
0.48473,1,1
0.49553,1,1
0.48868,1,1
0.46874,1,1
0.43743,1,1
0.42132,1,1
0.41937,1,1
0.42666,1,1
0.44321,1,1
0.43343,1,1
0.40026,1,1
0.37007,1,1
0.34136,1,1
0.3251,1,1
0.31901,1,1
0.31117,0,0
0.30491,0,0
0.28684,0,0
0.27014,0,0
0.24238,0,0
0.20727,0,0
0.17792,0,0
0.148,0,0
0.11611,0,0
0.08301,0,0
0.05707,0,0
0.04457,0,0
0.03607,0,0
0.02759,0,0
0.01728,0,0
0.00549,0,0
0.00084,0,0
0.00389,0,0
0.01301,0,0
0.02793,0,0
0.04384,0,0
0.0563,0,0
0.06903,0,0
0.08473,0,0
0.09949,0,0
0.11189,0,0
0.12451,0,0
0.13992,0,0
0.1337,0,0
0.11273,0,0
0.09177,0,0
0.07236,0,0
0.07199,0,0
0.08961,0,0
0.11089,0,0
0.13315,0,0
0.15491,0,0
0.18702,0,0
0.21915,0,0
0.25212,0,0
0.2765,0,0
0.29551,0,0
0.31585,0,0
0.33663,0,0
0.33138,0,0
0.29824,0,0
0.27185,0,0
0.24801,0,0
0.25325,0,0
0.28889,0,0
0.33638,0,0
0.38644,0,0
0.37126,0,0
0.29336,0,0
0.23659,0,0
0.1798,0,0
0.15266,0,0
0.14186,0,0
0.1316,0,0
0.12484,0,0
0.13665,0,0
0.16245,0,0
0.18894,0,0
0.22221,0,0
0.24893,0,0
0.26797,0,0
0.28363,0,0
0.30334,0,0
0.33887,0,0
0.39069,0,0
0.42421,0,0
0.43759,0,0
0.46132,0,0
0.50398,0,0
0.53719,1,1
0.56017,1,1
0.58088,1,1
0.58708,1,1
0.59773,1,1
0.61763,1,1
0.61786,1,1
0.59691,1,1
0.58069,1,1
0.57481,1,1
0.57702,1,1
0.58848,1,1
0.59237,1,1
0.58567,1,1
0.58882,1,1
0.60003,1,1
0.59961,1,1
0.5887,1,1
0.57683,1,1
0.56147,1,1
0.53642,1,1
0.50638,1,1
0.48653,0,0
0.48124,0,0
0.46715,0,0
0.44656,0,0
0.42936,0,0
0.42219,0,0
0.41868,0,0
0.41471,0,0
0.42072,0,0
0.44043,0,0
0.46866,0,0
0.50521,1,1
0.51036,1,1
0.4761,0,0
0.44188,0,0
0.40781,0,0
0.34797,0,0
0.2706,0,0
0.20209,0,0
0.14585,0,0
0.11418,0,0
0.0979,0,0
0.08142,0,0
0.06728,0,0
0.04436,0,0
0.01858,0,0
0.00383,0,0
0.0,0,0
0.0,0,0
0.0,0,0
0.0,0,0
0.0,0,0
0.0,0,0
0.00116,0,0
0.00307,0,0
0.00507,0,0
0.00527,0,0
0.00354,0,0
0.0018,0,0
5e-05,0,0
0.0,0,0
0.0,0,0
0.0,0,0
0.0,0,0
0.0,0,0
0.0,0,0
0.0004,0,0
0.00206,0,0
0.00387,0,0
0.0058,0,0
0.00984,0,0
0.01909,0,0
0.02669,0,0
0.03237,0,0
0.03815,0,0
0.045,0,0
0.05802,0,0
0.07501,0,0
0.09215,0,0
0.10913,0,0
0.14555,0,0
0.20134,0,0
0.23194,0,0
0.23106,0,0
0.21136,0,0
0.17849,0,0
0.17496,0,0
0.19545,0,0
0.23641,0,0
0.29964,0,0
0.33019,1,1
0.32434,1,1
0.32082,1,1
0.32033,1,1
0.32757,1,1
0.34535,1,1
0.37454,1,1
0.41585,1,1
0.41622,1,1
0.37716,1,1
0.33447,1,1
0.29412,0,0
0.2665,0,0
0.25435,0,0
0.24306,0,0
0.23989,0,0
0.26291,0,0
0.31086,1,1
0.35076,1,1
0.37339,1,1
0.39433,1,1
0.41249,1,1
0.41352,1,1
0.39702,1,1
0.39112,1,1
0.39255,1,1
0.39939,1,1
0.40469,1,1
0.37261,1,1
0.31286,1,1
0.27179,0,0
0.24621,0,0
0.22514,0,0
0.20462,0,0
0.18638,0,0
0.16507,0,0
0.13714,0,0
0.11624,0,0
0.1014,0,0
0.08513,0,0
0.07276,0,0
0.06417,0,0
0.05996,0,0
0.06033,0,0
0.06053,0,0
0.06091,0,0
0.06112,0,0
0.06152,0,0
0.06173,0,0
0.06213,0,0
0.05735,0,0
0.04737,0,0
0.03748,0,0
0.02964,0,0
0.02789,0,0
0.03078,0,0
0.03379,0,0
0.03838,0,0
0.04421,0,0
0.05148,0,0
0.05932,0,0
0.06741,0,0
0.06858,0,0
0.06201,0,0
0.05544,0,0
0.04903,0,0
0.0434,0,0
0.03889,0,0
0.03605,0,0
0.03314,0,0
0.03339,0,0
0.03714,0,0
0.04082,0,0
0.04641,0,0
0.05304,0,0
0.06046,0,0
0.06794,0,0
0.07548,0,0
0.06396,0,0
0.0362,0,0
0.0164,0,0
0.00506,0,0
0.01106,0,0
0.03228,0,0
0.06279,0,0
0.09582,0,0
0.1125,0,0
0.11479,0,0
0.13946,0,0
0.17871,0,0
0.21855,0,0
0.26349,0,0
0.29999,0,0
0.31875,0,0
0.31788,0,0
0.29891,0,0
0.29554,0,0
0.32008,0,0
0.33465,0,0
0.33735,1,1
0.35619,1,1
0.39001,1,1
0.43662,1,1
0.49497,1,1
0.51148,1,1
0.48548,1,1
0.4603,1,1
0.4356,1,1
0.41814,1,1
0.40606,1,1
0.39408,1,1
0.38141,1,1
0.37405,1,1
0.37129,1,1
0.37127,1,1
0.37376,1,1
0.36805,1,1
0.35851,1,1
0.35547,1,1
0.35598,1,1
0.36272,1,1
0.37065,1,1
0.35653,1,1
0.31973,0,0
0.28678,0,0
0.25972,0,0
0.23963,0,0
0.22384,0,0
0.18597,0,0
0.13745,0,0
0.09763,0,0
0.07476,0,0
0.05938,0,0
0.04235,0,0
0.01699,0,0
4e-05,0,0
0.0,0,0
0.0,0,0
0.0,0,0
0.0,0,0
0.0,0,0
0.0,0,0
0.0,0,0
0.0,0,0
0.0,0,0
0.0,0,0
0.0,0,0
0.00043,0,0
0.00121,0,0
0.002,0,0
0.00241,0,0
0.00242,0,0
0.00243,0,0
0.00244,0,0
0.00288,0,0
0.00378,0,0
0.00472,0,0
0.00572,0,0
0.0058,0,0
0.00493,0,0
0.00406,0,0
0.00318,0,0
0.005,0,0
0.02008,0,0
0.04362,0,0
0.07824,0,0
0.10276,0,0
0.11305,0,0
0.12393,0,0
0.13506,0,0
0.13557,0,0
0.12624,0,0
0.11642,0,0
0.10699,0,0
0.08414,0,0
0.05165,0,0
0.0272,0,0
0.00706,0,0
0.00906,0,0
0.01817,0,0
0.02803,0,0
0.03948,0,0
0.05654,0,0
0.07894,0,0
0.09148,0,0
0.09456,0,0
0.09674,0,0
0.10026,0,0
0.11154,0,0
0.13095,0,0
0.15036,0,0
0.16848,1,1
0.17729,1,1
0.17723,1,1
0.17424,1,1
0.1701,1,1
0.18564,1,1
0.24437,1,1
0.31576,1,1
0.37978,1,1
0.39295,1,1
0.35482,1,1
0.32956,1,1
0.31618,1,1
0.31472,1,1
0.32501,1,1
0.33493,1,1
0.3432,1,1
0.31356,1,1
0.24322,1,1
0.16476,1,1
0.11512,0,0
0.10718,0,0
0.15299,0,0
0.21164,1,1
0.28248,1,1
0.27094,1,1
0.17824,1,1
0.10593,0,0
0.05213,0,0
0.03075,0,0
0.04045,0,0
0.04365,0,0
0.04008,0,0
0.03578,0,0
0.03064,0,0
0.0248,0,0
0.01841,0,0
0.01598,0,0
0.01987,0,0
0.02173,0,0
0.02159,0,0
0.01879,0,0
0.01345,0,0
0.01586,0,0
0.02574,0,0
0.03785,0,0
0.05369,0,0
0.06394,0,0
0.06841,0,0
0.07291,0,0
0.07797,0,0
0.08117,0,0
0.08167,0,0
0.08194,0,0
0.08222,0,0
0.06675,0,0
0.03761,0,0
0.01761,0,0
0.00444,0,0
0.00267,0,0
0.00316,0,0
0.00366,0,0
0.00419,0,0
0.00403,0,0
0.00315,0,0
0.00227,0,0
0.00138,0,0
0.00162,0,0
0.003,0,0
0.00442,0,0
0.00587,0,0
0.00556,0,0
0.00348,0,0
0.00135,0,0
0.0,0,0
0.0,0,0
0.0,0,0
0.0,0,0
0.0,0,0
0.0,0,0
0.0,0,0
0.0,0,0
0.00042,0,0
0.00509,0,0
0.0137,0,0
0.02241,0,0
0.03112,0,0
0.05915,0,0
0.11257,0,0
0.15227,0,0
0.18385,0,0
0.23537,0,0
0.31197,0,0
0.37339,0,0
0.41058,0,0
0.46166,1,1
0.53586,1,1
0.62017,1,1
0.69966,1,1
0.75537,1,1
0.77145,1,1
0.79032,1,1
0.80959,1,1
0.81053,1,1
0.7961,1,1
0.77787,1,1
0.75687,1,1
0.7287,1,1
0.69549,1,1
0.67363,1,1
0.64512,1,1
0.63501,1,1
0.63931,1,1
0.63355,1,1
0.61457,1,1
0.58112,1,1
0.5403,1,1
0.50518,1,1
0.47278,1,1
0.45297,0,0
0.43328,0,0
0.41307,0,0
0.39184,0,0
0.37156,0,0
0.34718,0,0
0.31653,0,0
0.2794,0,0
0.24392,0,0
0.21049,0,0
0.17805,0,0
0.14531,0,0
0.11585,0,0
0.09338,0,0
0.07525,0,0
0.06748,0,0
0.0622,0,0
0.051,0,0
0.03679,0,0
0.0196,0,0
0.01228,0,0
0.01423,0,0
0.01616,0,0
0.01817,0,0
0.01643,0,0
0.01083,0,0
0.00575,0,0
0.00457,0,0
0.00439,0,0
0.0052,0,0
0.00625,0,0
0.01009,0,0
0.01395,0,0
0.0179,0,0
0.02191,0,0
0.02597,0,0
0.02631,0,0
0.02273,0,0
0.01908,0,0
0.01528,0,0
0.0075,0,0
0.00441,0,0
0.00196,0,0
0.0,0,0
0.0,0,0
0.0,0,0
0.0,0,0
0.00065,0,0
0.00174,0,0
0.00323,0,0
0.00474,0,0
0.0063,0,0
0.00658,0,0
0.00555,0,0
0.00456,0,0
0.00354,0,0
0.00378,0,0
0.00524,0,0
0.00665,0,0
0.01109,0,0
0.01775,0,0
0.02463,0,0
0.03142,0,0
0.03822,0,0
0.06426,0,0
0.11074,0,0
0.15616,0,0
0.19594,0,0
0.23989,0,0
0.28351,0,0
0.32958,0,0
0.4006,0,0
0.45989,1,1
0.50572,1,1
0.57777,1,1
0.67564,1,1
0.77002,1,1
0.86086,1,1
0.90935,1,1
0.90707,1,1
0.91473,1,1
0.92884,1,1
0.96465,1,1
1.0303,1,1
1.05055,1,1
1.02628,1,1
0.93192,1,1
0.76134,1,1
0.58906,1,1
0.47686,1,1
0.43987,1,1
0.4217,1,1
0.42334,1,1
0.4374,1,1
0.4347,1,1
0.41349,1,1
0.38938,0,0
0.36478,0,0
0.33018,0,0
0.29001,0,0
0.26493,0,0
0.25333,0,0
0.23728,0,0
0.21472,0,0
0.18551,0,0
0.14939,0,0
0.13132,0,0
0.13009,0,0
0.13536,0,0
0.14535,0,0
0.14302,0,0
0.13552,0,0
0.1133,0,0
0.07867,0,0
0.05242,0,0
0.03285,0,0
0.019,0,0
0.00566,0,0
0.00282,0,0
0.0,0,0
0.0,0,0
0.00229,0,0
0.00483,0,0
0.01318,0,0
0.0175,0,0
0.01387,0,0
0.01016,0,0
0.00638,0,0
0.0074,0,0
0.01334,0,0
0.01931,0,0
0.0254,0,0
0.02364,0,0
0.01384,0,0
0.00593,0,0
0.00382,0,0
0.00218,0,0
0.00107,0,0
0.0,0,0
0.0,0,0
0.0,0,0
0.0,0,0
0.0,0,0
0.0,0,0
0.0,0,0
0.0,0,0
0.0,0,0
0.0,0,0
0.0,0,0
0.0,0,0
0.0,0,0
0.0,0,0
0.0,0,0
0.0,0,0
0.0,0,0
0.0,0,0
0.00505,0,0
0.01564,0,0
0.02615,0,0
0.03643,0,0
0.03814,0,0
0.03132,0,0
0.04733,0,0
0.08633,0,0
0.12913,0,0
0.18031,0,0
0.22802,0,0
0.27185,0,0
0.29015,0,0
0.27166,0,0
0.27717,0,0
0.31768,0,0
0.34889,0,0
0.36938,1,1
0.39068,1,1
0.41278,1,1
0.44328,1,1
0.48073,1,1
0.48923,1,1
0.46974,1,1
0.45494,1,1
0.44581,1,1
0.43791,1,1
0.43325,1,1
0.42961,1,1
0.42817,1,1
0.42117,1,1
0.40837,1,1
0.39201,1,1
0.37228,1,1
0.37728,1,1
0.40718,1,1
0.4375,1,1
0.46701,1,1
0.45457,1,1
0.40644,1,1
0.35924,1,1
0.31421,0,0
0.29733,0,0
0.29273,0,0
0.2756,0,0
0.24757,0,0
0.20196,0,0
0.15513,0,0
0.11889,0,0
0.0889,0,0
0.06154,0,0
0.04039,0,0
0.02897,0,0
0.02114,0,0
0.01279,0,0
0.00406,0,0
0.0,0,0
0.0,0,0
0.0,0,0
0.0,0,0
0.0,0,0
0.0,0,0
0.0,0,0
0.0,0,0
0.0,0,0
0.0,0,0
0.0,0,0
0.0,0,0
0.0,0,0
0.0,0,0
0.0,0,0
0.0,0,0
0.0,0,0
0.0,0,0
0.00102,0,0
0.00214,0,0
0.00339,0,0
0.00476,0,0
0.00615,0,0
0.0104,0,0
0.00938,0,0
0.00559,0,0
0.00378,0,0
0.00194,0,0
0.00195,0,0
0.00388,0,0
0.00581,0,0
0.00989,0,0
0.00723,0,0
0.00408,0,0
0.00091,0,0
0.0,0,0
0.0,0,0
0.0,0,0
0.00042,0,0
0.00215,0,0
0.00694,0,0
0.01509,0,0
0.02999,0,0
0.04704,0,0
0.08298,0,0
0.1499,0,0
0.19535,0,0
0.19865,0,0
0.19674,0,0
0.19841,0,0
0.18347,0,0
0.14969,0,0
0.11447,0,0
0.10101,0,0
0.1096,0,0
0.17058,0,0
0.25749,0,0
0.32216,1,1
0.33305,1,1
0.28865,1,1
0.2635,0,0
0.25725,0,0
0.26204,0,0
0.27971,1,1
0.30817,1,1
0.3493,1,1
0.41858,1,1
0.50325,1,1
0.53817,1,1
0.51212,1,1
0.46805,1,1
0.39845,1,1
0.35922,1,1
0.35044,1,1
0.37001,1,1
0.41885,1,1
0.44085,1,1
0.43444,1,1
0.44604,1,1
0.46845,1,1
0.45981,1,1
0.44009,1,1
0.38354,1,1
0.29879,1,1
0.25124,0,0
0.23431,0,0
0.21958,0,0
0.20846,0,0
0.19388,0,0
0.17306,0,0
0.15292,0,0
0.13079,0,0
0.10521,0,0
0.07893,0,0
0.05865,0,0
0.04438,0,0
0.03764,0,0
0.03797,0,0
0.0383,0,0
0.03864,0,0
0.03536,0,0
0.03006,0,0
0.0256,0,0
0.02117,0,0
0.01296,0,0
0.0048,0,0
0.00228,0,0
0.0,0,0
0.0,0,0
0.0,0,0
0.0,0,0
0.0,0,0
0.0,0,0
0.0,0,0
0.00099,0,0
0.00207,0,0
0.00306,0,0
0.00392,0,0
0.0048,0,0
0.00568,0,0
0.00572,0,0
0.0049,0,0
0.00406,0,0
0.0032,0,0
0.00186,0,0
5e-05,0,0
0.0,0,0
0.0,0,0
0.0,0,0
0.0,0,0
0.0,0,0
0.0,0,0
0.0,0,0
0.0,0,0
0.0,0,0
0.0,0,0
0.00596,0,0
0.01858,0,0
0.0314,0,0
0.04404,0,0
0.05984,0,0
0.07983,0,0
0.10106,0,0
0.13033,0,0
0.1688,0,0
0.21435,0,0
0.25094,0,0
0.27722,0,0
0.30789,0,0
0.34318,0,0
0.36991,0,0
0.38713,1,1
0.40285,1,1
0.41907,1,1
0.43153,1,1
0.43987,1,1
0.44696,1,1
0.45143,1,1
0.45924,1,1
0.47091,1,1
0.483,1,1
0.49414,1,1
0.497,1,1
0.4893,1,1
0.48849,1,1
0.49185,1,1
0.48382,1,1
0.46478,1,1
0.44939,1,1
0.4358,1,1
0.42635,1,1
0.4185,1,1
0.41059,1,1
0.40335,1,1
0.38897,1,1
0.36801,0,0
0.34291,0,0
0.31339,0,0
0.28254,0,0
0.24724,0,0
0.21684,0,0
0.19342,0,0
0.16189,0,0
0.12368,0,0
0.09287,0,0
0.0704,0,0
0.05723,0,0
0.04635,0,0
0.03312,0,0
0.01916,0,0
0.0098,0,0
0.00311,0,0
0.0,0,0
0.0,0,0
0.0,0,0
0.0,0,0
0.0,0,0
0.0,0,0
0.0,0,0
0.0,0,0
0.0,0,0
0.0,0,0
0.0,0,0
0.0,0,0
0.0,0,0
0.0,0,0
0.0,0,0
0.0,0,0
0.0,0,0
0.0,0,0
0.0,0,0
0.0,0,0
0.0,0,0
0.0,0,0
0.0,0,0
0.0,0,0
0.0,0,0
0.0,0,0
0.0,0,0
0.0,0,0
0.0,0,0
0.00015,0,0
0.00256,0,0
0.00501,0,0
0.00697,0,0
0.01128,0,0
0.0156,0,0
0.01994,0,0
0.02692,0,0
0.03646,0,0
0.05005,0,0
0.06478,0,0
0.07923,0,0
0.09396,0,0
0.11216,0,0
0.13019,1,1
0.13333,1,1
0.12294,0,0
0.10984,0,0
0.09456,0,0
0.08417,0,0
0.07893,0,0
0.07103,0,0
0.06269,0,0
0.0519,0,0
0.03899,0,0
0.04381,0,0
0.06524,0,0
0.0919,0,0
0.12409,1,1
0.13032,1,1
0.1128,0,0
0.09986,0,0
0.09064,0,0
0.08663,0,0
0.08729,0,0
0.08084,0,0
0.06729,0,0
0.07788,0,0
0.11204,0,0
0.14863,1,1
0.18905,1,1
0.21823,1,1
0.23316,1,1
0.25466,1,1
0.28773,1,1
0.30307,1,1
0.29941,1,1
0.28737,1,1
0.26791,1,1
0.25252,1,1
0.24139,1,1
0.22861,1,1
0.21926,1,1
0.19582,1,1
0.15667,1,1
0.1135,0,0
0.09064,0,0
0.09066,0,0
0.09464,0,0
0.104,0,0
0.11432,0,0
0.12017,0,0
0.12092,0,0
0.12334,0,0
0.13321,1,1
0.14503,1,1
0.15763,1,1
0.13003,1,1
0.08567,0,0
0.0523,0,0
0.02576,0,0
0.0203,0,0
0.02773,0,0
0.03842,0,0
0.05018,0,0
0.06077,0,0
0.07067,0,0
0.08332,0,0
0.09631,0,0
0.09505,0,0
0.07931,0,0
0.06533,0,0
0.05366,0,0
0.04233,0,0
0.03142,0,0
0.02399,0,0
0.01609,0,0
0.01012,0,0
0.00632,0,0
0.00529,0,0
0.0045,0,0
0.00341,0,0
0.002,0,0
0.00056,0,0
0.0,0,0
0.0,0,0
0.0,0,0
0.00102,0,0
0.00212,0,0
0.00214,0,0
0.00104,0,0
0.0,0,0
0.0,0,0
0.0,0,0
0.0,0,0
0.0,0,0
0.0,0,0
0.00403,0,0
0.01267,0,0
0.02138,0,0
0.03015,0,0
0.05021,0,0
0.08519,0,0
0.10907,0,0
0.12524,0,0
0.157,0,0
0.20925,0,0
0.25458,0,0
0.27336,0,0
0.28383,0,0
0.28885,0,0
0.29805,0,0
0.31847,1,1
0.33826,1,1
0.35647,1,1
0.37045,1,1
0.38137,1,1
0.39597,1,1
0.40982,1,1
0.4166,1,1
0.41619,1,1
0.41724,1,1
0.41893,1,1
0.40989,1,1
0.38945,1,1
0.36317,1,1
0.3312,1,1
0.32636,1,1
0.34684,1,1
0.3686,1,1
0.38874,1,1
0.38843,1,1
0.36839,1,1
0.3579,1,1
0.3548,1,1
0.33168,1,1
0.29206,0,0
0.26169,0,0
0.2418,0,0
0.2097,0,0
0.16826,0,0
0.12348,0,0
0.0956,0,0
0.08312,0,0
0.07726,0,0
0.07215,0,0
0.06692,0,0
0.05557,0,0
0.03981,0,0
0.01742,0,0
0.00275,0,0
0.00244,0,0
0.00213,0,0
0.0023,0,0
0.00298,0,0
0.00366,0,0
0.00437,0,0
0.00726,0,0
0.01451,0,0
0.02179,0,0
0.02905,0,0
0.03738,0,0
0.04256,0,0
0.04789,0,0
0.05329,0,0
0.06197,0,0
0.0761,0,0
0.09286,0,0
0.11022,0,0
0.11026,0,0
0.09234,0,0
0.07376,0,0
0.05978,0,0
0.05112,0,0
0.04832,0,0
0.04551,0,0
0.04269,0,0
0.03921,0,0
0.03509,0,0
0.03248,0,0
0.02983,0,0
0.02562,0,0
0.01974,0,0
0.01383,0,0
0.00777,0,0
0.00934,0,0
0.01867,0,0
0.02807,0,0
0.03754,0,0
0.05211,0,0
0.06652,0,0
0.08111,0,0
0.09896,0,0
0.1049,0,0
0.09842,0,0
0.09637,0,0
0.09421,0,0
0.09851,0,0
0.10825,0,0
0.11725,0,0
0.12912,0,0
0.14466,0,0
0.15895,0,0
0.18269,0,0
0.22403,0,0
0.27407,0,0
0.33112,1,1
0.3644,1,1
0.36247,1,1
0.37331,1,1
0.40273,1,1
0.42418,1,1
0.43694,1,1
0.43502,1,1
0.41905,1,1
0.40551,1,1
0.3985,1,1
0.39653,1,1
0.3971,1,1
0.41272,1,1
0.44082,1,1
0.47718,1,1
0.52258,1,1
0.51711,1,1
0.46119,1,1
0.41871,1,1
0.38749,1,1
0.36793,1,1
0.35626,1,1
0.34206,1,1
0.32685,0,0
0.28617,0,0
0.22142,0,0
0.15657,0,0
0.09288,0,0
0.06595,0,0
0.07208,0,0
0.07042,0,0
0.06316,0,0
0.05989,0,0
0.05992,0,0
0.07059,0,0
0.0868,0,0
0.07898,0,0
0.05593,0,0
0.04203,0,0
0.03459,0,0
0.03123,0,0
0.03212,0,0
0.03683,0,0
0.04214,0,0
0.04753,0,0
0.053,0,0
0.05457,0,0
0.05215,0,0
0.04972,0,0
0.04727,0,0
0.04028,0,0
0.02929,0,0
0.0219,0,0
0.01438,0,0
0.01234,0,0
0.01578,0,0
0.01928,0,0
0.02276,0,0
0.02215,0,0
0.01729,0,0
0.0122,0,0
0.00695,0,0
0.00568,0,0
0.0071,0,0
0.00903,0,0
0.01098,0,0
0.01208,0,0
0.01227,0,0
0.01242,0,0
0.01262,0,0
0.00971,0,0
0.00584,0,0
0.0046,0,0
0.00332,0,0
0.00268,0,0
0.00268,0,0
0.00268,0,0
0.00268,0,0
0.0018,0,0
4e-05,0,0
0.0,0,0
0.0,0,0
0.00274,0,0
0.00856,0,0
0.01435,0,0
0.02008,0,0
0.03418,0,0
0.05729,0,0
0.07927,0,0
0.10016,0,0
0.12766,0,0
0.16456,0,0
0.19201,0,0
0.20712,0,0
0.22832,0,0
0.25765,1,1
0.27025,1,1
0.26182,1,1
0.24758,1,1
0.22705,0,1
0.23741,1,1
0.28061,1,1
0.31975,1,1
0.35378,1,1
0.37883,1,1
0.39339,1,1
0.41722,1,1
0.44916,1,1
0.45739,1,1
0.4416,1,1
0.44106,1,1
0.45652,1,1
0.42959,1,1
0.36195,1,1
0.27999,1,1
0.23379,0,1
0.2342,1,1
0.23934,1,1
0.24961,1,1
0.25491,1,1
0.24573,1,1
0.22303,0,0
0.20283,0,0
0.18547,0,0
0.17071,0,0
0.15705,0,0
0.14056,0,0
0.12329,0,0
0.11035,0,0
0.0996,0,0
0.08675,0,0
0.0718,0,0
0.05476,0,0
0.04019,0,0
0.02771,0,0
0.0149,0,0
0.00639,0,0
0.00202,0,0
0.0,0,0
0.0,0,0
0.0,0,0
0.0,0,0
0.0,0,0
0.0,0,0
0.0,0,0
0.0,0,0
0.0,0,0
0.0,0,0
0.0,0,0
0.0,0,0
0.0,0,0
0.0,0,0
0.0,0,0
0.0,0,0
0.0,0,0
0.0,0,0
0.0,0,0
0.0,0,0
0.0,0,0
0.0,0,0
0.0,0,0
0.0,0,0
0.0,0,0
0.0,0,0
0.0,0,0
0.0,0,0
0.0,0,0
0.0,0,0
0.0,0,0
0.0,0,0
0.0,0,0
0.0,0,0
0.0,0,0
0.0,0,0
0.0,0,0
0.0,0,0
0.0,0,0
0.0016,0,0
0.0054,0,0
0.01157,0,0
0.01779,0,0
0.02489,0,0
0.02272,0,0
0.0117,0,0
0.02239,0,0
0.05581,0,0
0.08867,0,0
0.12451,0,0
0.1685,0,0
0.21442,0,0
0.25247,0,0
0.2748,0,0
0.30418,0,0
0.34295,0,0
0.3888,0,0
0.43816,0,0
0.45641,0,0
0.43765,0,0
0.41618,0,0
0.39391,0,0
0.38298,0,0
0.38829,0,0
0.4025,0,0
0.42529,0,0
0.43929,0,0
0.44034,0,0
0.4393,0,0
0.43631,0,0
0.43232,0,0
0.42725,0,0
0.42975,0,0
0.44303,0,0
0.46286,0,0
0.48561,1,1
0.50984,1,1
0.52285,1,1
0.49866,1,1
0.44159,0,0
0.42188,0,0
0.44554,0,0
0.50317,1,1
0.58391,1,1
0.60217,1,1
0.55764,1,1
0.5074,1,1
0.45159,0,0
0.42403,0,0
0.42081,0,0
0.42565,0,0
0.43619,0,0
0.44998,0,0
0.4652,1,1
0.48531,1,1
0.50957,1,1
0.5094,1,1
0.48658,1,1
0.46342,1,1
0.43837,0,0
0.39405,0,0
0.3291,0,0
0.27193,0,0
0.21735,0,0
0.23512,0,0
0.32939,0,0
0.44345,0,0
0.55632,1,1
0.61065,1,1
0.60733,1,1
0.60394,1,1
0.59889,1,1
0.63656,1,1
0.71201,1,1
0.79043,1,1
0.86899,1,1
0.93844,1,1
0.99847,1,1
1.0393,1,1
1.08213,1,1
1.0887,1,1
1.06149,1,1
1.03246,1,1
0.98539,1,1
0.95192,1,1
0.93276,1,1
0.91303,1,1
0.89219,1,1
0.89797,1,1
0.92801,1,1
0.96038,1,1
0.99285,1,1
0.96691,1,1
0.88305,1,1
0.79882,1,1
0.71094,1,1
0.65097,1,1
0.62743,1,1
0.60412,0,0
0.58002,0,0
0.53098,0,0
0.46087,0,0
0.40221,0,0
0.34783,0,0
0.31674,0,0
0.30949,0,0
0.28977,0,0
0.26265,0,0
0.25364,0,0
0.26704,0,0
0.29269,0,0
0.35105,0,0
0.42035,0,0
0.47742,0,0
0.48829,0,0
0.45017,0,0
0.44074,0,0
0.47626,0,0
0.52944,0,0
0.61117,1,1
0.63353,1,1
0.59739,0,0
0.54762,0,0
0.48956,0,0
0.47472,0,0
0.50218,0,0
0.51804,0,0
0.51766,0,0
0.47695,0,0
0.3995,0,0
0.35374,0,0
0.34011,0,0
0.33486,0,0
0.33633,0,0
0.33003,0,0
0.3159,0,0
0.28368,0,0
0.24175,0,0
0.20417,0,0
0.17194,0,0
0.15399,0,0
0.15201,0,0
0.13549,0,0
0.11948,0,0
0.11492,0,0
0.12017,0,0
0.12047,0,0
0.11644,0,0
0.11077,0,0
0.10253,0,0
0.09842,0,0
0.09831,0,0
0.09412,0,0
0.08589,0,0
0.07731,0,0
0.06877,0,0
0.05542,0,0
0.03957,0,0
0.02475,0,0
0.01447,0,0
0.01083,0,0
0.01387,0,0
0.01695,0,0
0.02005,0,0
0.02021,0,0
0.0173,0,0
0.01438,0,0
0.01138,0,0
0.01429,0,0
0.02342,0,0
0.03468,0,0
0.04969,0,0
0.06213,0,0
0.07208,0,0
0.08501,0,0
0.0983,0,0
0.09706,0,0
0.08147,0,0
0.06734,0,0
0.05565,0,0
0.04636,0,0
0.03983,0,0
0.0331,0,0
0.02878,0,0
0.02663,0,0
0.02673,0,0
0.02682,0,0
0.02691,0,0
0.02228,0,0
0.0128,0,0
0.00538,0,0
0.00339,0,0
0.0057,0,0
0.01275,0,0
0.01989,0,0
0.02709,0,0
0.03714,0,0
0.05786,0,0
0.08408,0,0
0.10936,0,0
0.13989,0,0
0.17891,0,0
0.21485,0,0
0.2413,0,0
0.2676,0,0
0.28747,0,0
0.3109,0,0
0.33703,0,0
0.35922,1,1
0.37464,1,1
0.3887,1,1
0.39969,1,1
0.41813,1,1
0.44414,1,1
0.46199,1,1
0.46807,1,1
0.47637,1,1
0.48555,1,1
0.49325,1,1
0.49532,1,1
0.4942,1,1
0.49005,1,1
0.48324,1,1
0.47465,1,1
0.47315,1,1
0.47686,1,1
0.48519,1,1
0.49147,1,1
0.4762,1,1
0.43925,1,1
0.40813,1,1
0.37823,1,1
0.35184,0,0
0.32811,0,0
0.29129,0,0
0.24836,0,0
0.22291,0,0
0.21931,0,0
0.22152,0,0
0.24438,0,0
0.23179,0,0
0.18412,0,0
0.13827,0,0
0.10862,0,0
0.09394,0,0
0.09049,0,0
0.08691,0,0
0.08331,0,0
0.08063,0,0
0.07849,0,0
0.07632,0,0
0.07394,0,0
0.0693,0,0
0.06208,0,0
0.05574,0,0
0.05043,0,0
0.04794,0,0
0.0483,0,0
0.04856,0,0
0.04882,0,0
0.04524,0,0
0.03772,0,0
0.03004,0,0
0.02392,0,0
0.02434,0,0
0.03168,0,0
0.04113,0,0
0.05116,0,0
0.06092,0,0
0.07067,0,0
0.08334,0,0
0.09609,0,0
0.1164,0,0
0.16128,0,0
0.21297,0,0
0.2808,0,0
0.32828,0,0
0.34935,0,0
0.37067,0,0
0.3951,0,0
0.37531,0,0
0.31909,0,0
0.26215,0,0
0.2147,0,0
0.19412,0,0
0.19365,0,0
0.19375,0,0
0.19328,0,0
0.20965,0,0
0.24178,0,0
0.28275,0,0
0.32486,0,0
0.35099,0,0
0.36992,0,0
0.40029,0,0
0.44474,1,1
0.50489,1,1
0.55786,1,1
0.6337,1,1
0.7401,1,1
0.75452,1,1
0.67302,1,1
0.5983,1,1
0.53164,1,1
0.50349,1,1
0.51028,1,1
0.52149,1,1
0.53927,1,1
0.54027,1,1
0.52711,1,1
0.5035,1,1
0.47085,1,1
0.44713,1,1
0.43123,0,0
0.42572,0,0
0.43043,0,0
0.43825,0,0
0.44908,1,1
0.45048,1,1
0.44206,1,1
0.44158,1,1
0.44638,1,1
0.4447,1,1
0.43518,0,0
0.41536,0,0
0.38476,0,0
0.34792,0,0
0.30834,0,0
0.27359,0,0
0.24704,0,0
0.22226,0,0
0.19953,0,0
0.17853,0,0
0.15952,0,0
0.13278,0,0
0.10415,0,0
0.08328,0,0
0.06907,0,0
0.05305,0,0
0.0352,0,0
0.01744,0,0
0.01179,0,0
0.01779,0,0
0.02387,0,0
0.02338,0,0
0.01613,0,0
0.00882,0,0
0.00366,0,0
0.00275,0,0
0.00247,0,0
0.0022,0,0
0.00192,0,0
0.00127,0,0
0.00025,0,0
0.0,0,0
0.0,0,0
0.0,0,0
0.0,0,0
0.00026,0,0
0.00133,0,0
0.00206,0,0
0.00243,0,0
0.00282,0,0
0.00322,0,0
0.00285,0,0
0.00166,0,0
0.00046,0,0
0.0,0,0
0.0,0,0
0.0,0,0
0.0,0,0
0.0,0,0
0.0,0,0
0.0,0,0
0.0,0,0
0.0,0,0
0.00041,0,0
0.00265,0,0
0.00492,0,0
0.01311,0,0
0.01495,0,0
0.00774,0,0
0.00458,0,0
0.00306,0,0
0.00556,0,0
0.01245,0,0
0.01942,0,0
0.02645,0,0
0.04028,0,0
0.06061,0,0
0.0777,0,0
0.09822,0,0
0.12815,0,0
0.16692,0,0
0.19742,0,0
0.2134,0,0
0.23128,0,0
0.25112,0,0
0.27094,0,0
0.29143,0,0
0.31178,1,1
0.33166,1,1
0.34932,1,1
0.36389,1,1
0.38175,1,1
0.40375,1,1
0.41737,1,1
0.42234,1,1
0.42509,1,1
0.42739,1,1
0.42321,1,1
0.40842,1,1
0.39865,1,1
0.39461,1,1
0.39117,1,1
0.38874,1,1
0.3908,1,1
0.39425,1,1
0.40458,1,1
0.41646,1,1
0.41333,1,1
0.39164,1,1
0.36181,1,1
0.32443,1,1
0.29874,0,0
0.28026,0,0
0.25231,0,0
0.22112,0,0
0.19128,0,0
0.16387,0,0
0.13807,0,0
0.11342,0,0
0.09051,0,0
0.06904,0,0
0.04763,0,0
0.03193,0,0
0.02311,0,0
0.02075,0,0
0.02203,0,0
0.02481,0,0
0.03171,0,0
0.03927,0,0
0.04691,0,0
0.05468,0,0
0.05348,0,0
0.04312,0,0
0.03259,0,0
0.02304,0,0
0.01833,0,0
0.01565,0,0
0.01294,0,0
0.0102,0,0
0.00885,0,0
0.00893,0,0
0.00902,0,0
0.00908,0,0
0.00558,0,0
0.00337,0,0
0.00184,0,0
0.0002,0,0
0.0,0,0
0.00089,0,0
0.00193,0,0
0.00297,0,0
0.00463,0,0
0.01344,0,0
0.02458,0,0
0.0388,0,0
0.05863,0,0
0.08362,0,0
0.1138,0,0
0.15733,0,0
0.19053,0,0
0.20193,0,0
0.21347,0,0
0.22515,0,0
0.21722,0,0
0.18901,0,0
0.1614,0,0
0.13338,0,0
0.12356,0,0
0.12231,0,0
0.12096,0,0
0.12009,0,0
0.13573,0,0
0.16772,0,0
0.19391,0,0
0.22783,0,0
0.26395,0,0
0.29519,0,0
0.32267,0,0
0.33654,0,0
0.36375,0,0
0.403,0,0
0.43548,0,0
0.44987,0,0
0.4596,0,0
0.4661,0,0
0.47009,0,0
0.47141,0,0
0.477,1,1
0.48571,1,1
0.49009,1,1
0.48744,1,1
0.47543,0,0
0.45343,0,0
0.43977,0,0
0.43405,0,0
0.44228,0,0
0.46155,0,0
0.49561,1,1
0.54878,1,1
0.58724,1,1
0.60928,1,1
0.6052,1,1
0.57659,1,1
0.55684,1,1
0.54744,1,1
0.54918,1,1
0.56233,1,1
0.57311,1,1
0.57941,1,1
0.57767,1,1
0.56831,1,1
0.51049,1,1
0.40439,0,0
0.29911,0,0
0.21295,0,0
0.16497,0,0
0.14798,0,0
0.13203,0,0
0.11459,0,0
0.11209,0,0
0.13611,0,0
0.16855,0,0
0.21632,0,0
0.27007,0,0
0.33499,0,0
0.40274,0,0
0.46955,0,0
0.50352,1,1
0.50588,1,1
0.50827,1,1
0.51068,1,1
0.4797,1,1
0.41632,0,0
0.34962,0,0
0.28454,0,0
0.26554,0,0
0.28289,0,0
0.3012,0,0
0.32217,0,0
0.34859,0,0
0.38193,0,0
0.41592,0,0
0.45265,0,0
0.41507,1,1
0.30991,1,1
0.2151,1,1
0.14631,0,0
0.10909,0,0
0.09398,0,0
0.07853,0,0
0.0654,0,0
0.05705,0,0
0.05202,0,0
0.04703,0,0
0.0418,0,0
0.03414,0,0
0.0274,0,0
0.02103,0,0
0.01465,0,0
0.01321,0,0
0.01669,0,0
0.02005,0,0
0.02334,0,0
0.02539,0,0
0.02662,0,0
0.02798,0,0
0.02938,0,0
0.03202,0,0
0.03594,0,0
0.04895,0,0
0.07102,0,0
0.0915,0,0
0.11128,0,0
0.13026,0,0
0.14678,0,0
0.16307,0,0
0.17801,0,0
0.1982,1,1
0.22687,1,1
0.26324,1,1
0.3096,1,1
0.32226,1,1
0.29634,1,1
0.27764,1,1
0.26692,1,1
0.25,1,1
0.22927,1,1
0.20312,1,1
0.17154,0,0
0.16524,0,0
0.18131,1,1
0.1967,1,1
0.21151,1,1
0.21044,1,1
0.19443,1,1
0.18189,1,1
0.17253,0,0
0.17734,0,0
0.20039,1,1
0.21908,1,1
0.23267,1,1
0.21855,1,1
0.17932,0,0
0.14266,0,0
0.11314,0,0
0.10801,0,0
0.12393,0,0
0.13055,0,0
0.12703,0,0
0.11576,0,0
0.09834,0,0
0.08911,0,0
0.08989,0,0
0.08678,0,0
0.08205,0,0
0.06571,0,0
0.04916,0,0
0.04417,0,0
0.03914,0,0
0.03674,0,0
0.0369,0,0
0.03706,0,0
0.03731,0,0
0.03748,0,0
0.03773,0,0
0.0379,0,0
0.03816,0,0
0.03141,0,0
0.02031,0,0
0.01133,0,0
0.00398,0,0
0.00387,0,0
0.00948,0,0
0.01762,0,0
0.02591,0,0
0.02704,0,0
0.02075,0,0
0.01417,0,0
0.00726,0,0
0.00404,0,0
0.00253,0,0
0.00099,0,0
0.0,0,0
0.0,0,0
0.0,0,0
0.0,0,0
0.0005,0,0
0.0,0,0
0.0,0,0
0.0,0,0
0.0,0,0
0.0,0,0
0.0,0,0
0.0,0,0
0.0,0,0
0.0,0,0
0.0,0,0
0.0,0,0
0.0,0,0
0.00237,0,0
0.00867,0,0
0.01452,0,0
0.02025,0,0
0.03399,0,0
0.05977,0,0
0.07667,0,0
0.07455,0,0
0.0705,0,0
0.07273,0,0
0.0834,0,0
0.10162,0,0
0.12295,0,0
0.14682,1,1
0.14852,1,1
0.12783,1,1
0.10321,0,0
0.08695,0,0
0.09272,0,0
0.12597,1,1
0.15582,1,1
0.18284,1,1
0.20229,1,1
0.2146,1,1
0.23567,1,1
0.2653,1,1
0.26909,1,1
0.24591,1,1
0.23069,1,1
0.22504,1,1
0.2149,1,1
0.20086,1,1
0.1891,1,1
0.17502,1,1
0.16175,1,1
0.14693,1,1
0.12565,0,0
0.1014,0,0
0.09799,0,0
0.11508,0,0
0.13191,1,1
0.14493,1,1
0.14324,1,1
0.12735,1,1
0.11868,0,0
0.1175,0,0
0.11501,0,0
0.10815,0,0
0.09623,0,0
0.07363,0,0
0.05829,0,0
0.04979,0,0
0.03655,0,0
0.02178,0,0
0.0117,0,0
0.00589,0,0
0.00428,0,0
0.00693,0,0
0.00959,0,0
0.01231,0,0
0.01239,0,0
0.00979,0,0
0.00715,0,0
0.00448,0,0
0.00406,0,0
0.0041,0,0
0.00415,0,0
0.00419,0,0
0.00378,0,0
0.00291,0,0
0.00202,0,0
0.00111,0,0
0.00184,0,0
0.0043,0,0
0.01426,0,0
0.02671,0,0
0.03533,0,0
0.03544,0,0
0.03555,0,0
0.03557,0,0
0.03393,0,0
0.03041,0,0
0.0282,0,0
0.02601,0,0
0.02231,0,0
0.01728,0,0
0.01209,0,0
0.00681,0,0
0.00497,0,0
0.00421,0,0
0.00346,0,0
0.0027,0,0
0.00232,0,0
0.00233,0,0
0.00232,0,0
0.00232,0,0
0.00455,0,0
0.0118,0,0
0.01834,0,0
0.02715,0,0
0.0421,0,0
0.06481,0,0
0.08105,0,0
0.08951,0,0
0.11731,0,0
0.17535,0,0
0.21868,0,0
0.22965,1,1
0.24658,1,1
0.2861,1,1
0.32249,1,1
0.351,1,1
0.36044,1,1
0.34705,1,1
0.33022,1,1
0.31371,1,1
0.30638,1,1
0.30895,1,1
0.28733,1,1
0.24269,1,1
0.18398,0,0
0.16344,0,0
0.16193,0,0
0.19002,0,0
0.23409,1,1
0.29334,1,1
0.28616,1,1
0.21496,0,0
0.15877,0,0
0.13768,0,0
0.14599,0,0
0.17298,0,0
0.18045,0,0
0.14825,0,0
0.13854,0,0
0.15105,0,0
0.17878,0,0
0.22149,0,0
0.25237,1,1
0.27676,1,1
0.28434,1,1
0.27451,1,1
0.27092,1,1
0.27351,1,1
0.25969,1,1
0.22502,1,1
0.18635,0,0
0.13762,0,0
0.12214,0,0
0.13858,0,0
0.16088,0,0
0.19333,0,0
0.20254,0,0
0.18221,0,0
0.16601,0,0
0.15139,0,0
0.12995,0,0
0.1011,0,0
0.08523,0,0
0.06935,0,0
0.05179,0,0
0.03463,0,0
0.02022,0,0
0.00896,0,0
0.00378,0,0
0.0029,0,0
0.00201,0,0
0.00111,0,0
0.00081,0,0
0.00115,0,0
0.00151,0,0
0.00189,0,0
0.00098,0,0
0.0,0,0
0.0,0,0
0.0,0,0
0.0,0,0
0.0,0,0
0.0,0,0
0.0,0,0
0.0,0,0
0.0,0,0
0.0,0,0
0.0,0,0
0.0,0,0
0.0,0,0
0.0,0,0
0.0,0,0
0.0,0,0
0.0,0,0
0.0,0,0
0.0,0,0
0.00082,0,0
0.00989,0,0
0.01673,0,0
0.02356,0,0
0.03305,0,0
0.05145,0,0
0.07608,0,0
0.09972,0,0
0.1256,0,0
0.15472,0,0
0.18249,0,0
0.2073,0,0
0.23004,0,0
0.25226,0,0
0.27236,0,0
0.29189,0,0
0.31645,0,0
0.3473,0,0
0.36141,0,0
0.35748,0,0
0.35652,0,0
0.36235,0,0
0.37354,0,0
0.3911,1,1
0.40812,1,1
0.42211,1,1
0.42961,1,1
0.43036,1,1
0.42874,1,1
0.42496,1,1
0.42649,1,1
0.43569,1,1
0.44495,1,1
0.45166,1,1
0.44165,1,1
0.41503,1,1
0.39896,1,1
0.39438,1,1
0.40866,1,1
0.4419,1,1
0.44653,1,1
0.4199,1,1
0.38424,1,1
0.33938,0,0
0.3019,0,0
0.26746,0,0
0.2261,0,0
0.18566,0,0
0.16131,0,0
0.14562,0,0
0.12607,0,0
0.10734,0,0
0.09607,0,0
0.08801,0,0
0.08549,0,0
0.0887,0,0
0.11933,0,0
0.19154,0,0
0.28721,0,0
0.40197,1,1
0.4158,1,1
0.32529,0,0
0.24348,0,0
0.1708,0,0
0.14008,0,0
0.13289,0,0
0.12562,0,0
0.11853,0,0
0.14246,0,0
0.2037,0,0
0.2829,0,0
0.37578,1,1
0.38326,1,1
0.29959,0,0
0.22412,0,0
0.16296,0,0
0.14202,0,0
0.15825,0,0
0.17504,0,0
0.19151,0,0
0.19634,0,0
0.1883,0,0
0.1806,0,0
0.17273,0,0
0.15753,0,0
0.13494,0,0
0.1198,0,0
0.10732,0,0
0.10133,0,0
0.10196,0,0
0.10259,0,0
0.10324,0,0
0.08903,0,0
0.06391,0,0
0.04268,0,0
0.02554,0,0
0.02449,0,0
0.04877,0,0
0.07395,0,0
0.09882,0,0
0.11542,0,0
0.12183,0,0
0.1272,0,0
0.13012,0,0
0.13781,0,0
0.14846,0,0
0.16769,0,0
0.1987,0,0
0.22221,0,0
0.24239,0,0
0.25115,0,0
0.24964,0,0
0.25807,0,0
0.27738,0,0
0.29674,1,1
0.31412,1,1
0.33442,1,1
0.35313,1,1
0.37687,1,1
0.40495,1,1
0.4313,1,1
0.45953,1,1
0.4857,1,1
0.50595,1,1
0.49834,1,1
0.46624,1,1
0.43837,1,1
0.4033,1,1
0.38785,1,1
0.38964,1,1
0.37207,1,1
0.33855,1,1
0.30994,1,1
0.2871,1,1
0.28232,1,1
0.2916,1,1
0.29488,1,1
0.29096,1,1
0.28068,0,0
0.2646,0,0
0.25044,0,0
0.23407,0,0
0.20243,0,0
0.1644,0,0
0.13339,0,0
0.11735,0,0
0.10931,0,0
0.10158,0,0
0.0836,0,0
0.05708,0,0
0.03804,0,0
0.02375,0,0
0.0176,0,0
0.01506,0,0
0.01248,0,0
0.00986,0,0
0.01127,0,0
0.01679,0,0
0.02231,0,0
0.02963,0,0
0.03509,0,0
0.03743,0,0
0.0398,0,0
0.04218,0,0
0.04745,0,0
0.05568,0,0
0.06573,0,0
0.07721,0,0
0.07082,0,0
0.04996,0,0
0.0307,0,0
0.01705,0,0
0.00954,0,0
0.00792,0,0
0.00629,0,0
0.00509,0,0
0.00514,0,0
0.00641,0,0
0.0082,0,0
0.00999,0,0
0.01444,0,0
0.02159,0,0
0.02888,0,0
0.03839,0,0
0.04912,0,0
0.05911,0,0
0.06917,0,0
0.08086,0,0
0.08574,0,0
0.08168,0,0
0.07764,0,0
0.07408,0,0
0.07388,0,0
0.08202,0,0
0.09588,0,0
0.10966,0,0
0.11355,0,0
0.11329,0,0
0.11581,0,0
0.12167,0,0
0.14507,0,0
0.17958,0,0
0.21462,0,0
0.25587,0,0
0.30895,0,0
0.37724,0,0
0.42007,0,0
0.4296,0,0
0.43964,0,0
0.45436,0,0
0.44868,0,0
0.41753,0,0
0.39493,0,0
0.37798,0,0
0.39498,0,0
0.45612,0,0
0.499,0,0
0.52748,0,0
0.54376,0,0
0.54624,0,0
0.57167,0,0
0.62177,1,1
0.65912,1,1
0.67951,1,1
0.69774,1,1
0.72005,1,1
0.7597,1,1
0.81879,1,1
0.85308,1,1
0.85903,1,1
0.85663,1,1
0.84293,1,1
0.85988,1,1
0.90635,1,1
0.93132,1,1
0.93222,1,1
0.91092,1,1
0.88038,1,1
0.85967,1,1
0.84117,1,1
0.8105,1,1
0.76019,1,1
0.70167,1,1
0.64423,1,1
0.59794,1,1
0.56466,0,0
0.53645,0,0
0.50839,0,0
0.46736,0,0
0.41133,0,0
0.35176,0,0
0.29212,0,0
0.23925,0,0
0.18355,0,0
0.14335,0,0
0.10339,0,0
0.10052,0,0
0.12879,0,0
0.15965,0,0
0.19216,0,0
0.20329,0,0
0.18387,0,0
0.16831,0,0
0.15288,0,0
0.14716,0,0
0.15234,0,0
0.15789,0,0
0.16429,0,0
0.19561,0,0
0.26273,1,1
0.34142,1,1
0.43206,1,1
0.4824,1,1
0.48795,1,1
0.49362,1,1
0.49943,1,1
0.5362,1,1
0.60393,1,1
0.66984,1,1
0.73872,1,1
0.70968,1,1
0.58741,1,1
0.45592,1,1
0.33578,1,1
0.24734,1,1
0.19938,0,0
0.15198,0,0
0.11946,0,0
0.10587,0,0
0.10939,0,0
0.11732,0,0
0.12575,0,0
0.12675,0,0
0.12169,0,0
0.12408,0,0
0.13069,0,0
0.13933,0,0
0.15851,0,0
0.16865,0,0
0.16791,0,0
0.1681,0,0
0.16634,0,0
0.18193,0,0
0.21906,0,0
0.26975,1,1
0.33338,1,1
0.33749,1,1
0.27659,1,1
0.20881,0,0
0.16662,0,0
0.16188,0,0
0.16822,0,0
0.16529,0,0
0.15424,0,0
0.15696,0,0
0.20623,0,0
0.28826,1,1
0.36273,1,1
0.3651,1,1
0.29776,1,1
0.24489,0,0
0.20627,0,0
0.18698,0,0
0.18638,0,0
0.17448,0,0
0.15925,0,0
0.1548,0,0
0.17744,0,0
0.2159,0,0
0.24306,0,0
0.22992,0,0
0.18368,0,0
0.14709,0,0
0.12026,0,0
0.10261,0,0
0.09018,0,0
0.07808,0,0
0.0662,0,0
0.05437,0,0
0.04857,0,0
0.03598,0,0
0.02842,0,0
0.03518,0,0
0.04069,0,0
0.04928,0,0
0.05964,0,0
0.074,0,0
0.08838,0,0
0.09117,0,0
0.08222,0,0
0.07317,0,0
0.06403,0,0
0.0666,0,0
0.08115,0,0
0.09579,0,0
0.11066,0,0
0.11708,0,0
0.10681,0,0
0.09946,0,0
0.092,0,0
0.08359,0,0
0.07411,0,0
0.06527,0,0
0.05802,0,0
0.05627,0,0
0.06074,0,0
0.06525,0,0
0.06983,0,0
0.06834,0,0
0.0608,0,0
0.05287,0,0
0.04475,0,0
0.03864,0,0
0.03457,0,0
0.032,0,0
0.02929,0,0
0.03095,0,0
0.03762,0,0
0.04682,0,0
0.05602,0,0
0.049,0,0
0.02918,0,0
0.0145,0,0
0.00474,0,0
0.0031,0,0
0.00553,0,0
0.01093,0,0
0.01634,0,0
0.0219,0,0
0.02767,0,0
0.04304,0,0
0.06806,0,0
0.10175,0,0
0.14805,1,1
0.15895,1,1
0.12735,0,0
0.09629,0,0
0.07343,0,0
0.08909,0,0
0.14052,1,1
0.18759,1,1
0.22981,1,1
0.24794,1,1
0.24248,1,1
0.24833,1,1
0.26385,1,1
0.24856,1,1
0.20247,1,1
0.14869,1,1
0.09461,0,0
0.09371,0,0
0.14176,1,1
0.18283,1,1
0.21299,1,1
0.22501,1,1
0.21907,1,1
0.22502,1,1
0.24247,1,1
0.23606,1,1
0.20538,1,1
0.17453,1,1
0.14631,1,1
0.13414,0,0
0.13607,0,0
0.13607,0,0
0.1342,0,0
0.12574,0,0
0.11024,0,0
0.0951,0,0
0.09926,0,0
0.08658,0,0
0.07733,0,0
0.07331,0,0
0.06882,0,0
0.05176,0,0
0.0341,0,0
0.02181,0,0
0.01262,0,0
0.006,0,0
0.00367,0,0
0.00408,0,0
0.00348,0,0
0.00286,0,0
0.00225,0,0
0.00178,0,0
0.00147,0,0
0.00115,0,0
0.00084,0,0
0.00117,0,0
0.00216,0,0
0.00317,0,0
0.0042,0,0
0.00423,0,0
0.00325,0,0
0.00225,0,0
0.00124,0,0
0.00038,0,0
0.0,0,0
0.0,0,0
0.0,0,0
0.0,0,0
0.0,0,0
0.0,0,0
0.0,0,0
0.0,0,0
0.0,0,0
0.0,0,0
0.0,0,0
0.0,0,0
0.0,0,0
0.0,0,0
0.0,0,0
0.0,0,0
0.0,0,0
0.0,0,0
0.0,0,0
0.0,0,0
0.0,0,0
0.0,0,0
0.0,0,0
0.0,0,0
0.00094,0,0
0.00294,0,0
0.00493,0,0
0.01026,0,0
0.01906,0,0
0.0362,0,0
0.06177,0,0
0.09085,0,0
0.12626,0,0
0.15957,0,0
0.18938,0,0
0.22686,0,0
0.27084,0,0
0.29398,1,0
0.29102,0,0
0.29243,0,0
0.29765,1,1
0.30093,1,1
0.30383,1,1
0.30103,1,1
0.29356,1,1
0.30486,1,1
0.33624,1,1
0.36761,1,1
0.40013,1,1
0.40365,1,1
0.38042,1,1
0.36287,1,1
0.3515,1,1
0.35522,1,1
0.37486,1,1
0.3995,1,1
0.42222,1,1
0.41993,1,1
0.39372,1,1
0.37077,1,1
0.35063,1,1
0.32588,1,1
0.29771,1,1
0.2708,0,0
0.24741,0,0
0.22117,0,0
0.19068,0,0
0.15742,0,0
0.1246,0,0
0.11009,0,0
0.10407,0,0
0.09351,0,0
0.07546,0,0
0.04811,0,0
0.03078,0,0
0.02172,0,0
0.01257,0,0
0.004,0,0
0.0,0,0
0.0,0,0
0.0,0,0
0.0,0,0
0.0,0,0
0.0,0,0
0.00067,0,0
0.00322,0,0
0.00963,0,0
0.01317,0,0
0.00785,0,0
0.00441,0,0
0.00329,0,0
0.00222,0,0
0.00122,0,0
0.00021,0,0
0.0,0,0
0.0,0,0
0.0,0,0
0.00087,0,0
0.00184,0,0
0.00234,0,0
0.00235,0,0
0.00236,0,0
0.00238,0,0
0.00249,0,0
0.00271,0,0
0.00294,0,0
0.00317,0,0
0.00289,0,0
0.0021,0,0
0.00129,0,0
0.00046,0,0
4e-05,0,0
4e-05,0,0
4e-05,0,0
4e-05,0,0
0.00047,0,0
0.00133,0,0
0.00218,0,0
0.00303,0,0
0.00301,0,0
0.00751,0,0
0.0181,0,0
0.02888,0,0
0.03635,0,0
0.05412,0,0
0.09249,0,0
0.11977,0,0
0.14114,0,0
0.16774,0,0
0.18812,0,0
0.20261,0,0
0.21285,0,0
0.21747,0,0
0.22363,0,0
0.23159,0,0
0.23934,1,1
0.24529,1,1
0.25458,1,1
0.26775,1,1
0.27883,1,1
0.28672,1,1
0.30277,1,1
0.32652,1,1
0.35603,1,1
0.39088,1,1
0.3919,1,1
0.35979,1,1
0.33664,1,1
0.32326,1,1
0.30955,1,1
0.29456,1,1
0.27721,1,1
0.2573,1,1
0.254,1,1
0.26591,1,1
0.27987,1,1
0.29563,1,1
0.27904,1,1
0.23403,1,1
0.18535,0,0
0.15448,0,0
0.14401,0,0
0.14628,0,0
0.15015,0,0
0.14381,0,0
0.13092,0,0
0.11156,0,0
0.09554,0,0
0.07758,0,0
0.04983,0,0
0.03056,0,0
0.01699,0,0
0.00639,0,0
0.00203,0,0
0.0,0,0
0.0,0,0
0.0,0,0
0.0,0,0
0.0,0,0
0.0,0,0
0.0,0,0
0.0,0,0
0.0,0,0
0.0,0,0
0.0,0,0
0.0,0,0
0.0,0,0
0.0,0,0
0.0,0,0
0.0,0,0
0.0,0,0
0.0,0,0
0.0,0,0
0.0,0,0
0.0,0,0
0.00013,0,0
0.00032,0,0
0.00052,0,0
0.00071,0,0
0.001,0,0
0.0014,0,0
0.00181,0,0
0.00223,0,0
0.00155,0,0
0.0,0,0
0.0,0,0
0.0,0,0
0.0,0,0
0.0,0,0
0.0,0,0
0.0,0,0
0.0,0,0
0.00182,0,0
0.00412,0,0
0.00706,0,0
0.00804,0,0
0.00886,0,0
0.0159,0,0
0.02303,0,0
0.03593,0,0
0.05538,0,0
0.07953,0,0
0.11368,0,0
0.15145,0,0
0.19555,0,0
0.22109,1,1
0.21898,1,1
0.20076,1,1
0.17979,0,0
0.1736,0,0
0.17146,0,0
0.17139,0,0
0.17315,0,0
0.186,0,0
0.21977,1,1
0.26128,1,1
0.29845,1,1
0.33162,1,1
0.36669,1,1
0.38833,1,1
0.40083,1,1
0.39412,1,1
0.3687,1,1
0.35582,1,1
0.3511,1,1
0.34617,1,1
0.33992,1,1
0.34343,1,1
0.35494,1,1
0.33971,1,1
0.29975,1,1
0.26839,1,1
0.24818,1,1
0.22901,1,1
0.2098,1,1
0.17538,0,0
0.13822,0,0
0.11899,0,0
0.11291,0,0
0.10971,0,0
0.10936,0,0
0.10913,0,0
0.10535,0,0
0.09761,0,0
0.08122,0,0
0.06519,0,0
0.05284,0,0
0.04045,0,0
0.0292,0,0
0.02023,0,0
0.01536,0,0
0.01403,0,0
0.01272,0,0
0.01136,0,0
0.01,0,0
0.01005,0,0
0.01158,0,0
0.01311,0,0
0.01464,0,0
0.01471,0,0
0.01328,0,0
0.01183,0,0
0.01036,0,0
0.01813,0,0
0.0395,0,0
0.06733,0,0
0.10512,0,0
0.13972,0,0
0.15849,0,0
0.17853,0,0
0.19957,0,0
0.22196,0,0
0.25383,0,0
0.28766,0,0
0.32169,0,0
0.31641,0,0
0.27183,0,0
0.22937,0,0
0.19672,0,0
0.16459,0,0
0.13471,0,0
0.11791,0,0
0.1008,0,0
0.09605,0,0
0.10451,0,0
0.11268,0,0
0.12085,0,0
0.11001,0,0
0.07963,0,0
0.05715,0,0
0.03482,0,0
0.02749,0,0
0.03144,0,0
0.04031,0,0
0.04915,0,0
0.06333,0,0
0.08777,0,0
0.1161,0,0
0.15188,0,0
0.18408,0,0
0.20768,0,0
0.22838,0,0
0.24987,0,0
0.28758,0,0
0.3368,0,0
0.38883,0,0
0.43468,0,0
0.47624,0,0
0.51632,0,0
0.55484,0,0
0.58674,1,1
0.61507,1,1
0.64279,1,1
0.66796,1,1
0.68589,1,1
0.66394,1,1
0.6114,1,1
0.56486,0,0
0.53225,0,0
0.52249,0,0
0.53161,0,0
0.53938,0,0
0.55248,0,0
0.5804,1,1
0.62936,1,1
0.68005,1,1
0.73111,1,1
0.7429,1,1
0.7102,1,1
0.67627,1,1
0.6414,1,1
0.63284,1,1
0.65463,1,1
0.67093,1,1
0.68499,1,1
0.68436,1,1
0.6666,1,1
0.63263,1,1
0.58852,1,1
0.56939,0,0
0.5719,0,0
0.57999,0,0
0.58756,1,0
0.56481,0,0
0.51039,0,0
0.45933,0,0
0.4103,0,0
0.38079,0,0
0.37073,0,0
0.36048,0,0
0.35003,0,0
0.35183,0,0
0.3669,0,0
0.38206,0,0
0.39731,0,0
0.38517,0,0
0.34351,0,0
0.30369,0,0
0.26953,0,0
0.25697,0,0
0.26827,0,0
0.27917,0,0
0.29029,0,0
0.2997,0,0
0.3075,0,0
0.31653,0,0
0.32523,0,0
0.37319,0,0
0.47528,0,0
0.57574,0,0
0.67208,0,0
0.73858,0,0
0.77682,0,0
0.81596,0,0
0.85602,1,1
0.90145,1,1
0.94651,1,1
0.99213,1,1
1.03833,1,1
1.08764,1,1
1.14689,1,1
1.18895,1,1
1.2204,1,1
1.23327,1,1
1.2338,1,1
1.23801,1,1
1.23854,1,1
1.20893,1,1
1.11102,1,1
0.95902,1,1
0.7827,0,0
0.67437,0,0
0.64201,0,0
0.61048,0,0
0.57447,0,0
0.58765,0,0
0.64338,0,0
0.70962,0,0
0.78719,0,0
0.85372,1,1
0.92606,1,1
0.92333,1,1
0.83308,1,1
0.75609,0,0
0.69914,0,0
0.65515,0,0
0.62669,0,0
0.61476,0,0
0.61881,0,0
0.58919,0,0
0.52183,0,0
0.48533,0,0
0.47918,0,0
0.50443,0,0
0.55453,0,0
0.58879,0,0
0.60867,0,0
0.64823,0,0
0.70905,0,0
0.78211,0,0
0.86313,1,1
0.90691,1,1
0.91712,1,1
0.87741,1,1
0.78347,0,0
0.66526,0,0
0.52361,0,0
0.42537,0,0
0.36079,0,0
0.30436,0,0
0.26048,0,0
0.2297,0,0
0.2158,0,0
0.21148,0,0
0.21314,0,0
0.19151,0,0
0.14632,0,0
0.11387,0,0
0.08638,0,0
0.06133,0,0
0.04653,0,0
0.0396,0,0
0.03328,0,0
0.03351,0,0
0.04036,0,0
0.0473,0,0
0.05422,0,0
0.05516,0,0
0.04967,0,0
0.04425,0,0
0.03878,0,0
0.0304,0,0
0.02173,0,0
0.01445,0,0
0.0071,0,0
0.00331,0,0
0.00114,0,0
0.0,0,0
0.0,0,0
0.0,0,0
0.0,0,0
0.0,0,0
0.0,0,0
0.0,0,0
0.0,0,0
0.0,0,0
0.0,0,0
0.0,0,0
0.0,0,0
0.0,0,0
0.0,0,0
0.0,0,0
0.0,0,0
0.0,0,0
0.0,0,0
0.0,0,0
0.0,0,0
0.0,0,0
0.0,0,0
0.00116,0,0
0.0034,0,0
0.00564,0,0
0.01464,0,0
0.02082,0,0
0.02577,0,0
0.03435,0,0
0.04313,0,0
0.05601,0,0
0.07659,0,0
0.09186,0,0
0.09475,0,0
0.10168,0,0
0.11698,0,0
0.1411,0,0
0.19061,1,1
0.2505,1,1
0.30095,1,1
0.31026,1,1
0.2694,1,1
0.25044,1,1
0.25287,1,1
0.24314,1,1
0.22734,1,1
0.18553,0,0
0.13566,0,0
0.11841,0,0
0.12712,0,0
0.13098,0,0
0.12791,0,0
0.13841,0,0
0.17041,0,0
0.21356,1,1
0.25748,1,1
0.26415,1,1
0.23365,1,1
0.21889,1,1
0.22083,1,1
0.19843,1,1
0.15108,0,0
0.10743,0,0
0.07006,0,0
0.06092,0,0
0.07538,0,0
0.0772,0,0
0.06394,0,0
0.05672,0,0
0.05502,0,0
0.05544,0,0
0.05814,0,0
0.06108,0,0
0.06507,0,0
0.07082,0,0
0.07743,0,0
0.07705,0,0
0.07003,0,0
0.071,0,0
0.08854,0,0
0.11125,0,0
0.15769,0,0
0.18382,0,0
0.18519,0,0
0.18658,1,1
0.188,1,1
0.19348,1,1
0.20306,1,1
0.21481,1,1
0.2275,1,1
0.22175,1,1
0.19961,1,1
0.18185,0,0
0.164,0,0
0.15563,0,0
0.15685,0,0
0.15767,0,0
0.15892,0,0
0.16188,0,0
0.16676,0,0
0.17146,0,0
0.17694,0,0
0.19788,0,0
0.23487,0,0
0.28333,0,0
0.33566,0,0
0.35407,0,0
0.33674,0,0
0.31909,0,0
0.30204,0,0
0.31557,0,0
0.36158,0,0
0.40718,0,0
0.46034,0,0
0.51152,0,0
0.55788,0,0
0.6023,1,1
0.64736,1,1
0.73269,1,1
0.85342,1,1
0.96556,1,1
1.0713,1,1
1.0507,1,1
0.90651,1,1
0.76535,1,1
0.61611,1,1
0.5572,0,1
0.5908,1,1
0.62788,1,1
0.66781,1,1
0.67189,1,1
0.63562,1,1
0.58173,0,0
0.50896,0,0
0.46191,0,0
0.43122,0,0
0.42179,0,0
0.4363,0,0
0.45488,0,0
0.47365,0,0
0.46673,0,0
0.43863,0,0
0.41826,0,0
0.40638,0,0
0.39462,0,0
0.38336,0,0
0.36648,0,0
0.34744,0,0
0.34476,0,0
0.39305,0,0
0.47876,0,0
0.56624,0,0
0.56153,0,0
0.4641,0,0
0.3779,0,0
0.33826,0,0
0.34598,0,0
0.36758,0,0
0.35984,0,0
0.31909,0,0
0.2862,0,0
0.28525,0,0
0.29606,0,0
0.30222,0,0
0.29103,0,0
0.2627,0,0
0.25825,0,0
0.27577,0,0
0.29025,0,0
0.30227,0,0
0.26389,0,0
0.18013,0,0
0.12447,0,0
0.08413,0,0
0.0609,0,0
0.05879,0,0
0.06893,0,0
0.08043,0,0
0.08794,0,0
0.09165,0,0
0.0954,0,0
0.09945,0,0
0.10412,0,0
0.1094,0,0
0.11516,0,0
0.12489,0,0
0.1764,0,0
0.29528,0,0
0.44636,0,0
0.60541,1,1
0.70984,1,1
0.76701,1,1
0.82459,1,1
0.88142,1,1
0.89386,1,1
0.86019,1,1
0.82332,1,1
0.78431,1,1
0.69901,1,1
0.56067,1,1
0.41267,1,1
0.28695,0,0
0.21779,0,0
0.19108,0,0
0.16298,0,0
0.14,0,0
0.13319,0,0
0.13455,0,0
0.13639,0,0
0.13781,0,0
0.13156,0,0
0.11807,0,0
0.10423,0,0
0.09077,0,0
0.09354,0,0
0.11256,0,0
0.13166,0,0
0.15023,0,0
0.15221,0,0
0.13464,0,0
0.12191,0,0
0.10979,0,0
0.11045,0,0
0.12327,0,0
0.14406,0,0
0.173,0,0
0.2213,0,0
0.30691,0,0
0.38412,0,0
0.44339,1,1
0.4289,1,1
0.35457,0,0
0.30693,0,0
0.30312,0,0
0.33092,0,0
0.38784,0,0
0.41633,1,1
0.42588,1,1
0.43039,1,1
0.4251,1,1
0.43777,1,1
0.46837,1,1
0.49612,1,1
0.52092,1,1
0.52013,1,1
0.49391,1,1
0.46546,1,1
0.43591,1,1
0.4159,1,1
0.40524,0,0
0.39164,0,0
0.37544,0,0
0.3815,0,0
0.40598,0,0
0.42955,1,1
0.45108,1,1
0.455,1,1
0.43963,1,1
0.43686,1,1
0.44201,1,1
0.4071,0,0
0.34983,0,0
0.3108,0,0
0.28758,0,0
0.2725,0,0
0.26001,0,0
0.24415,0,0
0.22501,0,0
0.21077,0,0
0.20221,0,0
0.18122,0,0
0.15761,0,0
0.14286,0,0
0.12868,0,0
0.13366,0,0
0.1574,0,0
0.18138,0,0
0.20927,0,0
0.24313,0,0
0.27735,0,0
0.31193,0,0
0.35019,0,0
0.34622,0,0
0.3003,0,0
0.25703,0,0
0.2126,0,0
0.18471,0,0
0.16083,0,0
0.13655,0,0
0.11674,0,0
0.11566,0,0
0.12772,0,0
0.14739,0,0
0.16837,0,0
0.18458,1,1
0.19585,1,1
0.20657,1,1
0.21795,1,1
0.20676,1,1
0.17247,1,1
0.13816,1,1
0.11906,1,1
0.1099,0,0
0.11097,0,0
0.11171,0,0
0.11281,1,0
0.09941,0,0
0.07493,0,0
0.05506,0,0
0.03541,0,0
0.02886,0,0
0.02887,0,0
0.02878,0,0
0.02879,0,0
0.02861,0,0
0.0294,0,0
0.03131,0,0
0.03327,0,0
0.03364,0,0
0.03251,0,0
0.02933,0,0
0.02749,0,0
0.02922,0,0
0.0344,0,0
0.03353,0,0
0.027,0,0
0.02016,0,0
0.01312,0,0
0.01492,0,0
0.02753,0,0
0.03765,0,0
0.04483,0,0
0.05985,0,0
0.08451,0,0
0.10328,0,0
0.11481,1,1
0.12658,1,1
0.138,1,1
0.15039,1,1
0.16302,1,1
0.16615,1,1
0.15896,1,1
0.15612,1,1
0.15713,1,1
0.15848,1,1
0.1605,1,1
0.16509,1,1
0.17292,1,1
0.15863,1,1
0.12046,1,1
0.08474,0,0
0.05164,0,0
0.04334,0,0
0.06008,0,0
0.0741,0,0
0.08541,0,0
0.08429,0,0
0.07089,0,0
0.05802,0,0
0.04569,0,0
0.03907,0,0
0.03867,0,0
0.03949,0,0
0.04069,0,0
0.03538,0,0
0.02354,0,0
0.00855,0,0
0.0,0,0
0.0,0,0
0.0,0,0
0.0,0,0
0.0,0,0
0.0,0,0
0.0,0,0
0.0,0,0
0.0,0,0
0.0,0,0
0.0,0,0
0.0,0,0
0.0,0,0
0.0,0,0
0.0,0,0
0.0,0,0
0.0,0,0
0.0,0,0
0.0,0,0
0.0,0,0
0.0,0,0
0.0,0,0
0.0,0,0
0.0,0,0
0.00163,0,0
0.0037,0,0
0.00633,0,0
0.01897,0,0
0.03564,0,0
0.06047,0,0
0.0891,0,0
0.10526,0,0
0.10216,0,0
0.0987,0,0
0.0955,0,0
0.09195,0,0
0.08808,0,0
0.08445,0,0
0.08079,0,0
0.08787,0,0
0.10677,0,0
0.12528,0,0
0.14387,0,0
0.18291,0,0
0.22933,0,0
0.28442,1,1
0.35031,1,1
0.3676,1,1
0.34347,1,1
0.32108,1,1
0.28555,1,1
0.24007,0,0
0.20888,0,0
0.18215,0,0
0.16088,0,0
0.16196,0,0
0.18145,0,0
0.18472,0,0
0.17708,0,0
0.15715,0,0
0.12562,0,0
0.12224,0,0
0.14564,0,0
0.17089,0,0
0.19778,0,0
0.22035,0,0
0.2396,0,0
0.263,1,1
0.29159,1,1
0.3035,1,1
0.3022,1,1
0.30857,1,1
0.31918,1,1
0.31733,1,1
0.30246,1,1
0.30181,1,1
0.31404,1,1
0.31081,1,1
0.29469,1,1
0.26316,1,1
0.24673,0,1
0.26248,1,1
0.30544,1,1
0.35513,1,1
0.38078,1,1
0.34471,1,1
0.25839,0,0
0.19907,0,0
0.16609,0,0
0.14654,0,0
0.13788,0,0
0.11264,0,0
0.09082,0,0
0.07823,0,0
0.06539,0,0
0.06712,0,0
0.08276,0,0
0.09806,0,0
0.12306,0,0
0.1267,0,0
0.10356,0,0
0.09047,0,0
0.07702,0,0
0.06668,0,0
0.05947,0,0
0.05402,0,0
0.04853,0,0
0.04124,0,0
0.03214,0,0
0.02445,0,0
0.01858,0,0
0.01301,0,0
0.00774,0,0
0.00434,0,0
0.00324,0,0
0.00246,0,0
0.00201,0,0
0.00154,0,0
0.00103,0,0
0.00013,0,0
0.0,0,0
0.0,0,0
0.0,0,0
0.0,0,0
0.0,0,0
0.0,0,0
0.0,0,0
0.00073,0,0
0.00211,0,0
0.00351,0,0
0.00493,0,0
0.0063,0,0
0.01017,0,0
0.01406,0,0
0.01798,0,0
0.02282,0,0
0.02864,0,0
0.03435,0,0
0.04308,0,0
0.05121,0,0
0.06035,0,0
0.07209,0,0
0.08384,0,0
0.09896,0,0
0.11929,0,0
0.13318,0,0
0.14064,0,0
0.13378,0,0
0.11569,0,0
0.09838,0,0
0.07816,0,0
0.06666,0,0
0.05786,0,0
0.06384,0,0
0.08358,0,0
0.09944,0,0
0.1113,0,0
0.11147,0,0
0.10488,0,0
0.10489,0,0
0.11344,0,0
0.11965,0,0
0.11903,0,0
0.11248,0,0
0.09711,0,0
0.10114,0,0
0.12365,0,0
0.14586,0,0
0.16707,0,0
0.17527,0,0
0.17018,0,0
0.16831,0,0
0.16935,0,0
0.18226,0,0
0.20616,0,0
0.23584,1,1
0.27231,1,1
0.27732,1,1
0.2522,1,1
0.22427,1,1
0.19913,0,0
0.18823,0,0
0.197,0,0
0.21546,0,0
0.23208,1,0
0.21496,0,0
0.17757,0,0
0.16332,0,0
0.16642,0,0
0.18426,0,0
0.2258,1,1
0.2561,1,1
0.27711,1,1
0.30054,1,1
0.33012,1,1
0.35281,1,1
0.36953,1,1
0.38558,1,1
0.40275,1,1
0.39516,1,1
0.3625,1,1
0.32967,1,1
0.30046,1,1
0.28314,1,1
0.27647,1,1
0.27038,1,1
0.26356,1,1
0.24021,1,1
0.20091,0,0
0.17253,0,0
0.14334,0,0
0.11413,0,0
0.09652,0,0
0.07787,0,0
0.06178,0,0
0.05251,0,0
0.04852,0,0
0.04451,0,0
0.04047,0,0
0.04433,0,0
0.05605,0,0
0.06818,0,0
0.08195,0,0
0.09771,0,0
0.11241,0,0
0.1273,0,0
0.14422,1,1
0.14884,1,1
0.13593,1,1
0.12602,0,0
0.11641,0,0
0.11157,0,0
0.11125,0,0
0.11093,0,0
0.11062,0,0
0.11029,0,0
0.10927,0,0
0.1097,0,0
0.10971,0,0
0.11251,0,0
0.11753,0,0
0.12627,0,0
0.13804,1,1
0.14317,1,1
0.14215,1,1
0.147,1,1
0.15718,1,1
0.16486,1,1
0.16889,1,1
0.17769,1,1
0.19091,1,1
0.22258,1,1
0.27371,1,1
0.29011,1,1
0.27133,1,1
0.25824,1,1
0.25485,1,1
0.23724,1,1
0.21069,1,1
0.19093,1,1
0.17622,1,1
0.16143,1,1
0.14664,1,1
0.12912,0,0
0.11221,0,0
0.10664,0,0
0.11107,0,0
0.11651,0,0
0.12082,0,0
0.11598,0,0
0.10139,0,0
0.08843,0,0
0.07712,0,0
0.07492,0,0
0.084,0,0
0.08316,0,0
0.07194,0,0
0.07056,0,0
0.07921,0,0
0.09215,0,0
0.10823,0,0
0.09743,0,0
0.06498,0,0
0.04102,0,0
0.02441,0,0
0.01356,0,0
0.00982,0,0
0.00826,0,0
0.00686,0,0
0.00546,0,0
0.00443,0,0
0.00445,0,0
0.00555,0,0
0.00705,0,0
0.00858,0,0
0.00937,0,0
0.00941,0,0
0.00946,0,0
0.00948,0,0
0.01256,0,0
0.01872,0,0
0.02493,0,0
0.03311,0,0
0.03568,0,0
0.0311,0,0
0.02714,0,0
0.02418,0,0
0.02301,0,0
0.02362,0,0
0.02434,0,0
0.02502,0,0
0.03124,0,0
0.04875,0,0
0.06699,0,0
0.08919,0,0
0.10406,0,0
0.10915,0,0
0.11436,0,0
0.11933,0,0
0.12778,0,0
0.13882,0,0
0.158,0,0
0.17796,0,0
0.20697,0,0
0.24494,0,0
0.29459,1,1
0.34685,1,1
0.40298,1,1
0.46938,1,1
0.53719,1,1
0.606,1,1
0.61413,1,1
0.5691,1,1
0.5249,1,1
0.47988,1,1
0.43687,1,1
0.40354,1,1
0.36601,1,1
0.31962,1,1
0.29127,1,1
0.26365,1,1
0.23704,0,0
0.21345,0,0
0.1971,0,0
0.1871,0,0
0.19008,0,0
0.20557,0,0
0.23234,0,0
0.27124,1,1
0.26652,1,1
0.21891,0,0
0.16595,0,0
0.11297,0,0
0.10302,0,0
0.13191,0,0
0.15505,0,0
0.17269,0,0
0.18987,0,0
0.21464,0,0
0.23782,0,0
0.25192,1,1
0.25534,1,1
0.2519,1,1
0.25639,1,1
0.27387,1,1
0.26825,1,1
0.24018,0,0
0.22087,0,0
0.20981,0,0
0.19198,0,0
0.16777,0,0
0.14056,0,0
0.11785,0,0
0.10623,0,0
0.09956,0,0
0.09332,0,0
0.08721,0,0
0.07386,0,0
0.05417,0,0
0.03571,0,0
0.01788,0,0
0.0068,0,0
0.00215,0,0
0.0,0,0
0.0,0,0
0.0,0,0
0.0,0,0
0.0,0,0
0.0,0,0
0.0,0,0
0.0,0,0
0.0,0,0
0.0,0,0
0.0,0,0
0.0,0,0
0.0,0,0
0.0,0,0
0.0,0,0
0.0,0,0
0.0,0,0
0.0,0,0
0.0,0,0
0.0,0,0
0.0,0,0
0.0,0,0
0.0,0,0
0.0,0,0
0.0,0,0
0.0,0,0
0.0,0,0
0.0,0,0
0.0,0,0
0.0,0,0
0.0,0,0
0.0,0,0
0.0,0,0
0.0,0,0
0.0,0,0
0.0,0,0
0.0,0,0
0.0,0,0
0.0,0,0
0.0,0,0
0.0,0,0
0.0,0,0
0.0,0,0
0.0,0,0
0.0,0,0
0.00308,0,0
0.0096,0,0
0.01614,0,0
0.02985,0,0
0.05313,0,0
0.07777,0,0
0.1042,0,0
0.12835,0,0
0.14332,0,0
0.15813,0,0
0.17771,0,0
0.19312,0,0
0.20047,0,0
0.22183,0,0
0.26256,0,0
0.3064,1,1
0.35005,1,1
0.37813,1,1
0.3863,1,1
0.40734,1,1
0.44016,1,1
0.44645,1,1
0.42245,1,1
0.39878,1,1
0.37608,1,1
0.36946,1,1
0.38082,1,1
0.38851,1,1
0.39232,1,1
0.39953,1,1
0.41089,1,1
0.42912,1,1
0.45477,1,1
0.44476,1,1
0.40306,1,1
0.36966,1,1
0.34467,1,1
0.31904,1,1
0.29201,1,1
0.26056,0,0
0.2265,0,0
0.20768,0,0
0.19712,0,0
0.18261,0,0
0.16379,0,0
0.13228,0,0
0.09908,0,0
0.07674,0,0
0.0623,0,0
0.03947,0,0
0.01182,0,0
0.00104,0,0
0.00192,0,0
0.0028,0,0
0.00369,0,0
0.00461,0,0
0.00746,0,0
0.01034,0,0
0.01324,0,0
0.01224,0,0
0.00726,0,0
0.00405,0,0
0.003,0,0
0.00242,0,0
0.00229,0,0
0.00215,0,0
0.00202,0,0
0.00244,0,0
0.00343,0,0
0.00444,0,0
0.00752,0,0
0.01085,0,0
0.01279,0,0
0.01479,0,0
0.01694,0,0
0.02164,0,0
0.02894,0,0
0.03847,0,0
0.04992,0,0
0.0562,0,0
0.05705,0,0
0.05794,0,0
0.05903,0,0
0.05752,0,0
0.05335,0,0
0.04927,0,0
0.04497,0,0
0.0521,0,0
0.07072,0,0
0.09192,0,0
0.11738,0,0
0.12932,0,0
0.12854,0,0
0.12737,0,0
0.12623,0,0
0.1152,0,0
0.09758,0,0
0.08334,0,0
0.07439,0,0
0.08297,0,0
0.10982,0,0
0.13446,0,0
0.15892,0,0
0.19316,0,0
0.24095,0,0
0.28553,0,0
0.32537,1,1
0.37085,1,1
0.42775,1,1
0.44792,1,1
0.41952,1,1
0.39103,1,1
0.36562,1,1
0.36387,1,1
0.39243,1,1
0.40476,1,1
0.40566,1,1
0.39623,1,1
0.37731,1,1
0.37399,1,1
0.38347,1,1
0.37725,1,1
0.35714,1,1
0.33495,1,1
0.31089,0,0
0.31224,0,0
0.33702,1,1
0.36815,1,1
0.40547,1,1
0.40275,1,1
0.36106,1,1
0.32752,1,1
0.30167,0,0
0.28705,0,0
0.28106,0,0
0.25677,0,0
0.21678,0,0
0.19926,0,0
0.19859,0,0
0.1975,0,0
0.19455,0,0
0.1737,0,0
0.14559,0,0
0.12602,0,0
0.10976,0,0
0.08471,0,0
0.06271,0,0
0.05083,0,0
0.04123,0,0
0.03158,0,0
0.02308,0,0
0.01794,0,0
0.01383,0,0
0.00964,0,0
0.00542,0,0
0.00396,0,0
0.00337,0,0
0.00279,0,0
0.00219,0,0
0.00143,0,0
0.0005,0,0
0.0,0,0
0.0,0,0
0.0,0,0
0.0,0,0
0.0,0,0
0.0,0,0
0.0,0,0
0.0,0,0
0.0,0,0
0.0,0,0
0.0,0,0
0.0,0,0
0.0,0,0
0.0,0,0
0.0,0,0
0.0,0,0
0.0,0,0
0.0,0,0
0.0,0,0
0.0,0,0
0.0,0,0
0.0,0,0
0.0,0,0
0.0,0,0
0.0,0,0
0.0,0,0
0.0,0,0
0.0,0,0
0.0,0,0
0.00057,0,0
0.00121,0,0
0.00359,0,0
0.00802,0,0
0.01251,0,0
0.02891,0,0
0.05968,0,0
0.08807,0,0
0.11738,0,0
0.15315,0,0
0.18825,0,0
0.22867,0,0
0.27427,0,0
0.30652,0,0
0.32018,0,0
0.3293,0,0
0.32961,0,0
0.33623,1,1
0.34983,1,1
0.35506,1,1
0.35089,1,1
0.35291,1,1
0.35954,1,1
0.36421,1,1
0.36762,1,1
0.36915,1,1
0.37058,1,1
0.37613,1,1
0.38614,1,1
0.39694,1,1
0.4089,1,1
0.42112,1,1
0.43334,1,1
0.44418,1,1
0.45274,1,1
0.45861,1,1
0.46548,1,1
0.45933,1,1
0.45013,1,1
0.41531,1,1
0.3609,1,1
0.31271,0,0
0.27035,0,0
0.24974,0,0
0.24088,0,0
0.22749,0,0
0.21029,0,0
0.17479,0,0
0.13556,0,0
0.11105,0,0
0.09582,0,0
0.07032,0,0
0.04439,0,0
0.03207,0,0
0.02572,0,0
0.0215,0,0
0.01719,0,0
0.01438,0,0
0.01305,0,0
0.01168,0,0
0.01029,0,0
0.00883,0,0
0.00732,0,0
0.00581,0,0
0.00471,0,0
0.00473,0,0
0.00588,0,0
0.00746,0,0
0.00907,0,0
0.0107,0,0
0.01238,0,0
0.01409,0,0
0.01582,0,0
0.02313,0,0
0.03986,0,0
0.0616,0,0
0.08839,0,0
0.0959,0,0
0.07852,0,0
0.06544,0,0
0.05258,0,0
0.04047,0,0
0.03102,0,0
0.02371,0,0
0.0162,0,0
0.01241,0,0
0.0125,0,0
0.01263,0,0
0.01272,0,0
0.01484,0,0
0.01899,0,0
0.0231,0,0
0.02729,0,0
0.02628,0,0
0.02007,0,0
0.01393,0,0
0.00775,0,0
0.00671,0,0
0.01069,0,0
0.01463,0,0
0.01853,0,0
0.03516,0,0
0.07126,0,0
0.11771,0,0
0.17604,0,0
0.21055,0,0
0.20231,0,0
0.21509,0,0
0.25869,0,0
0.30729,0,0
0.35773,0,0
0.3986,0,0
0.42506,0,0
0.44569,1,1
0.46188,1,1
0.46912,1,1
0.46858,1,1
0.47735,1,1
0.49741,1,1
0.51184,1,1
0.51679,1,1
0.52069,1,1
0.52132,1,1
0.52459,1,1
0.5337,1,1
0.54477,1,1
0.55844,1,1
0.56607,1,1
0.5667,1,1
0.57263,1,1
0.57666,1,1
0.56753,1,1
0.549,1,1
0.51828,1,1
0.47867,1,1
0.44777,1,1
0.42764,1,1
0.40168,0,0
0.37036,0,0
0.32601,0,0
0.27639,0,0
0.23424,0,0
0.19811,0,0
0.15916,0,0
0.12198,0,0
0.09586,0,0
0.07722,0,0
0.04787,0,0
0.01923,0,0
0.00477,0,0
0.00278,0,0
0.00095,0,0
0.0,0,0
0.0,0,0
0.0,0,0
0.0,0,0
0.0,0,0
0.0,0,0
0.0,0,0
0.0014,0,0
0.0035,0,0
0.00585,0,0
0.01056,0,0
0.01532,0,0
0.02018,0,0
0.02432,0,0
0.02774,0,0
0.03238,0,0
0.03786,0,0
0.03459,0,0
0.02529,0,0
0.01722,0,0
0.00865,0,0
0.00513,0,0
0.00457,0,0
0.00402,0,0
0.00345,0,0
0.00288,0,0
0.00232,0,0
0.00175,0,0
0.00116,0,0
0.00188,0,0
0.00395,0,0
0.00605,0,0
0.01551,0,0
0.01362,0,0
0.00491,0,0
0.00196,0,0
0.0,0,0
0.0,0,0
0.0,0,0
0.0,0,0
0.0,0,0
0.0,0,0
0.0,0,0
0.0,0,0
0.0,0,0
0.01257,0,0
0.04453,0,0
0.08746,0,0
0.14182,0,0
0.17376,0,0
0.1757,0,0
0.1966,0,0
0.23702,0,0
0.2686,0,0
0.29062,0,0
0.31025,0,0
0.32832,1,1
0.34792,1,1
0.3704,1,1
0.38567,1,1
0.39121,1,1
0.39866,1,1
0.40743,1,1
0.41405,1,1
0.42116,1,1
0.43043,1,1
0.44077,1,1
0.43671,1,1
0.41631,1,1
0.40171,1,1
0.39029,1,1
0.37592,1,1
0.35808,1,1
0.33842,1,1
0.31828,0,0
0.31339,0,0
0.32202,0,0
0.32802,0,0
0.32928,1,0
0.31593,0,0
0.28996,0,0
0.27053,0,0
0.25649,0,0
0.22715,0,0
0.18865,0,0
0.15606,0,0
0.13124,0,0
0.11013,0,0
0.08834,0,0
0.07055,0,0
0.05721,0,0
0.03761,0,0
0.01439,0,0
0.01018,0,0
0.02404,0,0
0.04454,0,0
0.06861,0,0
0.09592,0,0
0.1293,0,0
0.17359,0,0
0.22689,0,0
0.27707,0,0
0.31545,0,0
0.36054,1,1
0.40755,1,1
0.40367,1,1
0.35023,1,1
0.30207,0,0
0.25656,0,0
0.23948,0,0
0.25061,0,0
0.26198,0,0
0.27359,0,0
0.28696,0,0
0.30237,0,0
0.31936,0,0
0.33626,1,1
0.33633,1,1
0.3179,1,1
0.29936,1,1
0.28071,1,1
0.25285,1,1
0.22283,1,1
0.19613,1,1
0.16945,0,0
0.14351,0,0
0.12867,0,0
0.11506,0,0
0.1016,0,0
0.0876,0,0
0.07543,0,0
0.06468,0,0
0.05393,0,0
0.05411,0,0
0.06532,0,0
0.07643,0,0
0.08935,0,0
0.08113,0,0
0.05723,0,0
0.03438,0,0
0.0195,0,0
0.02574,0,0
0.05372,0,0
0.08607,0,0
0.12035,0,0
0.1584,0,0
0.20126,1,1
0.22841,1,1
0.24981,1,1
0.22645,1,1
0.17624,1,1
0.1536,0,0
0.15814,0,0
0.16968,1,1
0.1908,1,1
0.1982,1,1
0.19196,1,1
0.19037,1,1
0.19266,1,1
0.19805,1,1
0.20694,1,1
0.21738,1,1
0.22885,1,1
0.21546,1,1
0.17848,1,1
0.15159,0,0
0.13443,0,0
0.13204,0,0
0.14212,0,0
0.13633,0,0
0.11492,0,0
0.10963,0,0
0.1207,0,0
0.13133,0,0
0.14047,0,0
0.14573,0,0
0.14747,0,0
0.15078,0,0
0.15612,0,0
0.15757,0,0
0.15318,0,0
0.14822,0,0
0.14406,0,0
0.13374,0,0
0.11725,0,0
0.09839,0,0
0.0769,0,0
0.04365,0,0
0.01426,0,0
0.0054,0,0
0.00974,0,0
0.01411,0,0
0.01853,0,0
0.0219,0,0
0.02421,0,0
0.0266,0,0
0.03024,0,0
0.03563,0,0
0.04283,0,0
0.04999,0,0
0.05732,0,0
0.05762,0,0
0.05077,0,0
0.04385,0,0
0.03686,0,0
0.03047,0,0
0.02595,0,0
0.02226,0,0
0.01849,0,0
0.0139,0,0
0.00842,0,0
0.00481,0,0
0.00365,0,0
0.00267,0,0
0.00192,0,0
0.00117,0,0
0.00042,0,0
4e-05,0,0
4e-05,0,0
4e-05,0,0
4e-05,0,0
0.00034,0,0
0.00094,0,0
0.00154,0,0
0.00216,0,0
0.00329,0,0
0.00495,0,0
0.00839,0,0
0.01627,0,0
0.01485,0,0
0.0057,0,0
0.00343,0,0
0.00117,0,0
0.00076,0,0
0.00217,0,0
0.00356,0,0
0.00493,0,0
0.01653,0,0
0.0399,0,0
0.0638,0,0
0.08793,0,0
0.10754,0,0
0.12634,0,0
0.1548,0,0
0.18324,0,0
0.205,0,0
0.21749,0,0
0.22566,0,0
0.22832,0,0
0.22927,1,0
0.22687,0,0
0.25081,1,1
0.30635,1,1
0.36226,1,1
0.41974,1,1
0.42094,1,1
0.36926,1,1
0.32301,1,1
0.28026,1,1
0.28261,1,1
0.32877,1,1
0.37259,1,1
0.41503,1,1
0.42163,1,1
0.39372,1,1
0.3719,1,1
0.35548,1,1
0.34853,1,1
0.34837,1,1
0.35352,1,1
0.36191,1,1
0.33639,1,1
0.28153,1,1
0.24367,1,1
0.22081,0,0
0.17882,0,0
0.12096,0,0
0.08324,0,0
0.06057,0,0
0.04955,0,0
0.05029,0,0
0.05945,0,0
0.06852,0,0
0.0522,0,0
0.02527,0,0
0.01354,0,0
0.01065,0,0
0.00775,0,0
0.00484,0,0
0.00561,0,0
0.01013,0,0
0.01468,0,0
0.01933,0,0
0.02284,0,0
0.02525,0,0
0.02768,0,0
0.03132,0,0
0.03149,0,0
0.02799,0,0
0.02573,0,0
0.02352,0,0
0.02483,0,0
0.03033,0,0
0.03803,0,0
0.04585,0,0
0.05231,0,0
0.05735,0,0
0.06278,0,0
0.06829,0,0
0.07156,0,0
0.07221,0,0
0.07265,0,0
0.07331,0,0
0.05622,0,0
0.02527,0,0
0.00511,0,0
0.00014,0,0
0.0,0,0
0.0,0,0
0.0,0,0
0.0,0,0
0.0,0,0
0.0,0,0
0.0,0,0
0.0,0,0
0.0,0,0
0.0,0,0
0.0,0,0
0.0,0,0
0.0,0,0
0.0,0,0
0.0,0,0
0.0,0,0
0.00514,0,0
0.01617,0,0
0.02746,0,0
0.03884,0,0
0.06994,0,0
0.1245,0,0
0.16235,0,0
0.18397,0,0
0.2275,0,0
0.29681,1,1
0.32674,1,1
0.30734,1,1
0.28195,1,1
0.25399,0,0
0.26342,0,0
0.31524,1,1
0.36705,1,1
0.42257,1,1
0.44434,1,1
0.42884,1,1
0.42173,1,1
0.42377,1,1
0.41875,1,1
0.40666,1,1
0.39691,1,1
0.39149,1,1
0.37896,1,1
0.36086,1,1
0.34415,1,1
0.33064,1,1
0.31972,1,1
0.30995,1,1
0.30195,1,1
0.29535,1,1
0.28076,1,1
0.25833,0,0
0.23598,0,0
0.21362,0,0
0.19214,0,0
0.17083,0,0
0.14959,0,0
0.12915,0,0
0.10944,0,0
0.08878,0,0
0.07154,0,0
0.05648,0,0
0.03394,0,0
0.00985,0,0
0.0,0,0
0.00018,0,0
0.00225,0,0
0.00434,0,0
0.00504,0,0
0.00296,0,0
0.00131,0,0
0.0,0,0
0.0,0,0
0.00134,0,0
0.00305,0,0
0.00526,0,0
0.0053,0,0
0.00312,0,0
0.0014,0,0
0.0,0,0
0.0,0,0
0.0,0,0
0.00079,0,0
0.00164,0,0
0.00158,0,0
0.00056,0,0
0.0,0,0
0.0,0,0
0.0,0,0
0.0,0,0
0.0,0,0
0.0,0,0
0.0,0,0
0.0,0,0
0.0,0,0
0.0,0,0
0.00053,0,0
0.0,0,0
0.0,0,0
0.0,0,0
0.0,0,0
0.0,0,0
0.0,0,0
0.0,0,0
0.0,0,0
0.0,0,0
0.0,0,0
0.0,0,0
0.00014,0,0
0.00033,0,0
0.00051,0,0
0.00069,0,0
0.01104,0,0
0.0331,0,0
0.05599,0,0
0.07921,0,0
0.09936,0,0
0.11806,0,0
0.13798,0,0
0.15649,0,0
0.17721,1,1
0.20138,1,1
0.22012,1,1
0.23485,1,1
0.25923,1,1
0.29436,1,1
0.258,1,1
0.15471,0,0
0.05513,0,0
0.00886,0,0
0.00878,0,0
0.04065,0,0
0.0855,0,0
0.11021,0,0
0.1382,0,0
0.169,1,1
0.24955,1,1
0.37953,1,1
0.42669,1,1
0.392,1,1
0.37786,1,1
0.38384,1,1
0.38256,1,1
0.37332,1,1
0.36865,1,1
0.3706,1,1
0.3544,1,1
0.32408,1,1
0.30158,1,1
0.28693,1,1
0.25737,1,1
0.21499,1,1
0.15901,0,0
0.12061,0,0
0.0922,0,0
0.07039,0,0
0.05916,0,0
0.05303,0,0
0.03502,0,0
0.01297,0,0
0.00404,0,0
0.00404,0,0
0.00405,0,0
0.00406,0,0
0.0066,0,0
0.01359,0,0
0.02062,0,0
0.02913,0,0
0.03972,0,0
0.04997,0,0
0.06065,0,0
0.07487,0,0
0.07927,0,0
0.07398,0,0
0.06855,0,0
0.06284,0,0
0.05571,0,0
0.04552,0,0
0.03521,0,0
0.02593,0,0
0.02514,0,0
0.03119,0,0
0.03963,0,0
0.04831,0,0
0.05299,0,0
0.053,0,0
0.05316,0,0
0.05331,0,0
0.057,0,0
0.06432,0,0
0.07196,0,0
0.08161,0,0
0.09894,0,0
0.12315,0,0
0.15828,0,0
0.20266,0,0
0.24563,0,0
0.30188,0,0
0.35848,0,0
0.42023,1,1
0.42028,1,1
0.3597,0,0
0.30298,0,0
0.24732,0,0
0.23475,0,0
0.25447,0,0
0.27788,0,0
0.30102,0,0
0.3215,0,0
0.34169,0,0
0.36472,0,0
0.38845,1,1
0.3968,1,1
0.40029,1,1
0.4036,1,1
0.38381,1,1
0.37124,0,0
0.37321,0,0
0.36938,0,0
0.36141,0,0
0.34683,0,0
0.33372,0,0
0.32376,0,0
0.31643,0,0
0.31021,0,0
0.30539,0,0
0.30723,0,0
0.31524,0,0
0.33157,0,0
0.35685,0,0
0.38899,1,1
0.43591,1,1
0.47276,1,1
0.49985,1,1
0.47112,1,1
0.38845,1,1
0.3028,0,0
0.24878,0,0
0.23897,0,0
0.2414,0,0
0.24956,0,0
0.26945,0,0
0.29655,0,0
0.32922,0,0
0.34908,0,0
0.34548,0,0
0.32211,0,0
0.28444,0,0
0.25738,0,0
0.24649,0,0
0.2441,0,0
0.24402,0,0
0.24395,0,0
0.24345,0,0
0.23926,0,0
0.2317,0,0
0.22931,0,0
0.23039,0,0
0.23097,0,0
0.23206,0,0
0.22445,0,0
0.20744,0,0
0.19062,0,0
0.17606,0,0
0.19903,0,0
0.26814,0,0
0.34624,0,0
0.43167,1,1
0.45764,1,1
0.42793,1,1
0.3971,1,1
0.3651,0,0
0.3678,0,0
0.40409,1,1
0.44197,1,1
0.47859,1,1
0.48816,1,1
0.46817,1,1
0.44714,1,1
0.42345,1,1
0.42057,1,1
0.43744,1,1
0.45556,1,1
0.47249,1,1
0.45271,1,1
0.39411,1,1
0.34206,0,0
0.29228,0,0
0.2731,0,0
0.28619,0,0
0.29871,0,0
0.31145,0,0
0.33352,0,0
0.36598,1,1
0.39765,1,1
0.43704,1,1
0.45569,1,1
0.45443,1,1
0.45454,1,1
0.45328,1,1
0.41837,1,1
0.35709,1,1
0.29997,0,0
0.24349,0,0
0.22335,0,0
0.22589,0,0
0.22921,0,0
0.23298,0,0
0.21994,0,0
0.20504,0,0
0.1946,0,0
0.1911,0,0
0.1962,0,0
0.20671,0,0
0.21567,0,0
0.22374,0,0
0.23542,0,0
0.25055,0,0
0.26337,0,0
0.27366,0,0
0.28816,0,0
0.30642,0,0
0.33195,0,0
0.36501,1,1
0.38481,1,1
0.38924,1,1
0.39448,1,1
0.40017,1,1
0.41425,1,1
0.44058,1,1
0.41701,1,1
0.35144,1,1
0.3028,0,0
0.27048,0,0
0.24844,0,0
0.23542,0,0
0.21913,0,0
0.2004,0,0
0.18874,0,0
0.1828,0,0
0.16747,0,0
0.14479,0,0
0.13643,0,0
0.13876,0,0
0.14792,0,0
0.15867,0,0
0.12764,0,0
0.07266,0,0
0.04215,0,0
0.02436,0,0
0.01288,0,0
0.00951,0,0
0.00638,0,0
0.00382,0,0
0.003,0,0
0.00216,0,0
0.00232,0,0
0.00349,0,0
0.00594,0,0
0.01156,0,0
0.01897,0,0
0.02976,0,0
0.04424,0,0
0.05888,0,0
0.06908,0,0
0.06942,0,0
0.06977,0,0
0.07029,0,0
0.05838,0,0
0.03925,0,0
0.02242,0,0
0.00982,0,0
0.00473,0,0
0.00612,0,0
0.0081,0,0
0.0103,0,0
0.01514,0,0
0.02252,0,0
0.03004,0,0
0.03982,0,0
0.04516,0,0
0.04398,0,0
0.04293,0,0
0.04185,0,0
0.03468,0,0
0.02628,0,0
0.01771,0,0
0.00898,0,0
0.00514,0,0
0.0037,0,0
0.00224,0,0
0.00078,0,0
0.0,0,0
0.0,0,0
0.0,0,0
0.0,0,0
0.0,0,0
0.0,0,0
0.00117,0,0
0.0026,0,0
0.0153,0,0
0.04247,0,0
0.07312,0,0
0.10723,0,0
0.15507,0,0
0.23711,0,0
0.28061,1,1
0.248,1,1
0.18631,0,0
0.14944,0,0
0.16324,0,0
0.21388,0,0
0.29225,1,1
0.36109,1,1
0.38571,1,1
0.36132,1,1
0.34751,1,1
0.347,1,1
0.3383,1,1
0.32363,1,1
0.31087,1,1
0.29807,1,1
0.29377,1,1
0.29787,1,1
0.28145,1,1
0.24257,1,1
0.25246,1,1
0.30747,1,1
0.3738,1,1
0.45159,1,1
0.45298,1,1
0.38376,1,1
0.32598,1,1
0.28149,1,1
0.23714,0,0
0.19307,0,0
0.14265,0,0
0.10251,0,0
0.08556,0,0
0.08897,0,0
0.09637,0,0
0.10694,0,0
0.10227,0,0
0.08475,0,0
0.06992,0,0
0.05808,0,0
0.04438,0,0
0.02863,0,0
0.02545,0,0
0.03748,0,0
0.05058,0,0
0.06424,0,0
0.06781,0,0
0.0585,0,0
0.05042,0,0
0.04236,0,0
0.03227,0,0
0.02313,0,0
0.01539,0,0
0.00757,0,0
0.00469,0,0
0.00471,0,0
0.00474,0,0
0.00475,0,0
0.00477,0,0
0.0048,0,0
0.00483,0,0
0.00485,0,0
0.00513,0,0
0.00662,0,0
0.00874,0,0
0.01105,0,0
0.0123,0,0
0.01234,0,0
0.01242,0,0
0.01246,0,0
0.01155,0,0
0.00964,0,0
0.0077,0,0
0.00629,0,0
0.00635,0,0
0.00788,0,0
0.01003,0,0
0.01221,0,0
0.0186,0,0
0.02929,0,0
0.04089,0,0
0.05771,0,0
0.07356,0,0
0.08858,0,0
0.10948,0,0
0.13008,0,0
0.13535,0,0
0.12496,0,0
0.11478,0,0
0.10479,0,0
0.10254,0,0
0.10899,0,0
0.11533,0,0
0.12241,0,0
0.12828,0,0
0.13298,0,0
0.13569,1,1
0.13764,1,1
0.22222,1,1
0.40565,1,1
0.46716,1,1
0.37699,1,1
0.32056,1,1
0.30719,1,1
0.31417,1,1
0.3518,1,1
0.39941,1,1
0.45472,1,1
0.45464,1,1
0.39814,1,1
0.35781,1,1
0.33653,1,1
0.29715,1,1
0.24238,1,1
0.17675,1,1
0.12389,0,0
0.10926,0,0
0.11256,0,0
0.1119,0,0
0.107,0,0
0.10124,0,0
0.09432,0,0
0.08224,0,0
0.06539,0,0
0.0694,0,0
0.09492,0,0
0.15426,1,1
0.239,1,1
0.24296,1,1
0.17961,1,1
0.14177,1,1
0.12581,0,0
0.10896,0,0
0.09243,0,0
0.07894,0,0
0.06493,0,0
0.04384,0,0
0.02026,0,0
0.00573,0,0
0.00336,0,0
0.00149,0,0
0.0,0,0
0.0,0,0
0.0,0,0
0.0,0,0
0.0,0,0
0.0,0,0
0.0,0,0
0.0,0,0
0.0,0,0
0.0,0,0
0.0,0,0
0.0,0,0
0.0,0,0
0.0,0,0
0.0,0,0
0.0,0,0
0.0,0,0
0.0,0,0
0.0,0,0
0.0,0,0
0.0,0,0
0.0,0,0
0.0,0,0
0.0,0,0
0.0,0,0
0.0,0,0
0.0,0,0
0.0,0,0
0.0,0,0
0.0,0,0
0.0,0,0
0.0,0,0
0.0,0,0
0.0,0,0
0.0,0,0
0.0,0,0
0.0,0,0
0.0,0,0
0.0,0,0
0.0,0,0
0.00028,0,0
0.00193,0,0
0.00379,0,0
0.00562,0,0
0.00943,0,0
0.02208,0,0
0.04115,0,0
0.06381,0,0
0.08643,0,0
0.12414,0,0
0.19191,0,0
0.26609,0,0
0.33769,0,0
0.40482,0,0
0.45335,0,0
0.51681,0,0
0.59135,0,0
0.64815,0,0
0.67543,0,0
0.66077,0,0
0.57911,0,0
0.53015,0,0
0.51495,0,0
0.52037,0,0
0.54242,0,0
0.53239,0,0
0.50987,0,0
0.54281,0,0
0.62494,0,0
0.72002,1,1
0.79917,1,1
0.84386,1,1
0.8542,1,1
0.86079,1,1
0.86911,1,1
0.86648,1,1
0.8571,1,1
0.82972,1,1
0.78756,1,1
0.73303,1,1
0.66795,0,0
0.62017,0,0
0.59072,0,0
0.57326,0,0
0.56452,0,0
0.54025,0,0
0.50014,0,0
0.44205,0,0
0.37064,0,0
0.38845,0,0
0.51149,0,0
0.63682,0,0
0.75946,1,1
0.77478,1,1
0.68281,0,0
0.58037,0,0
0.47347,0,0
0.44792,0,0
0.50784,0,0
0.56732,0,0
0.62573,0,0
0.68487,0,0
0.74051,1,1
0.79345,1,1
0.84674,1,1
0.88732,1,1
0.91737,1,1
0.94499,1,1
0.97568,1,1
0.95426,1,1
0.88223,1,1
0.80463,1,1
0.7273,1,1
0.67443,0,0
0.64959,0,0
0.62545,0,0
0.59595,0,0
0.58918,1,1
0.60498,1,1
0.62299,1,1
0.63908,1,1
0.60205,1,1
0.51211,1,1
0.42719,1,1
0.34832,1,1
0.28801,1,1
0.25537,1,1
0.22222,1,1
0.18855,1,1
0.1605,1,1
0.1409,1,1
0.12129,0,0
0.10167,0,0
0.09071,0,0
0.08652,0,0
0.08239,0,0
0.07832,0,0
0.061,0,0
0.03416,0,0
0.01521,0,0
0.00463,0,0
0.0108,0,0
0.02795,0,0
0.05373,0,0
0.08071,0,0
0.09671,0,0
0.10204,0,0
0.1038,0,0
0.10315,0,0
0.10034,0,0
0.09512,0,0
0.11079,0,0
0.14755,1,1
0.2032,1,1
0.27839,1,1
0.28539,1,1
0.22134,1,1
0.17877,1,1
0.15782,1,1
0.13559,0,0
0.1129,0,0
0.08798,0,0
0.05995,0,0
0.05064,0,0
0.05912,0,0
0.05982,0,0
0.05284,0,0
0.05968,0,0
0.08008,0,0
0.10036,0,0
0.12104,0,0
0.13433,0,0
0.13912,0,0
0.152,1,1
0.17303,1,1
0.16629,1,1
0.13108,0,0
0.10149,0,0
0.07809,0,0
0.06239,0,0
0.05429,0,0
0.04167,0,0
0.02498,0,0
0.01818,0,0
0.02067,0,0
0.02284,0,0
0.02464,0,0
0.01883,0,0
0.00591,0,0
0.0,0,0
0.0,0,0
0.00032,0,0
0.00165,0,0
0.00317,0,0
0.00491,0,0
0.01012,0,0
0.01845,0,0
0.02359,0,0
0.02559,0,0
0.02753,0,0
0.02949,0,0
0.03605,0,0
0.05102,0,0
0.06638,0,0
0.08286,0,0
0.0834,0,0
0.06767,0,0
0.05285,0,0
0.03771,0,0
0.02994,0,0
0.02545,0,0
0.02079,0,0
0.01598,0,0
0.00761,0,0
0.00447,0,0
0.00199,0,0
0.0,0,0
0.0,0,0
0.0,0,0
0.00112,0,0
0.00236,0,0
0.00373,0,0
0.00525,0,0
0.00679,0,0
0.01149,0,0
0.01809,0,0
0.02411,0,0
0.03013,0,0
0.03615,0,0
0.03888,0,0
0.03861,0,0
0.03835,0,0
0.03808,0,0
0.03942,0,0
0.04304,0,0
0.0479,0,0
0.05248,0,0
0.07283,0,0
0.11324,0,0
0.15808,0,0
0.20785,0,0
0.24469,0,0
0.2731,0,0
0.30494,0,0
0.3357,0,0
0.37546,0,0
0.42624,0,0
0.46647,0,0
0.48702,1,1
0.50716,1,1
0.5235,1,1
0.54569,1,1
0.57898,1,1
0.62539,1,1
0.68443,1,1
0.72222,1,1
0.73875,1,1
0.74369,1,1
0.73786,1,1
0.72445,1,1
0.70399,1,1
0.68965,1,1
0.67824,1,1
0.65802,1,1
0.6317,1,1
0.61226,1,1
0.59674,1,1
0.58118,1,1
0.56825,1,1
0.55366,1,1
0.53856,1,1
0.51219,1,1
0.47513,0,0
0.44092,0,0
0.4058,0,0
0.35913,0,0
0.30393,0,0
0.25976,0,0
0.22575,0,0
0.17584,0,0
0.11881,0,0
0.08006,0,0
0.05875,0,0
0.03708,0,0
0.01158,0,0
0.00118,0,0
0.00194,0,0
0.00271,0,0
0.00348,0,0
0.00456,0,0
0.00653,0,0
0.01307,0,0
0.0197,0,0
0.02171,0,0
0.01889,0,0
0.01613,0,0
0.0133,0,0
0.01576,0,0
0.0236,0,0
0.03149,0,0
0.04202,0,0
0.03617,0,0
0.02036,0,0
0.00589,0,0
0.00257,0,0
0.00036,0,0
0.0,0,0
0.0,0,0
0.0,0,0
0.0,0,0
0.0,0,0
0.0,0,0
0.0,0,0
0.0,0,0
0.0,0,0
0.0,0,0
0.0,0,0
0.0,0,0
0.0,0,0
0.0,0,0
0.0,0,0
0.0,0,0
0.0,0,0
0.0,0,0
0.0,0,0
0.0,0,0
0.0,0,0
0.0,0,0
0.0,0,0
0.0,0,0
0.0,0,0
0.0,0,0
0.0,0,0
0.01467,0,0
0.05107,0,0
0.08895,0,0
0.11676,0,0
0.12316,0,0
0.11571,0,0
0.12582,0,0
0.17997,0,0
0.25797,0,0
0.32662,1,1
0.36341,1,1
0.36178,1,1
0.37206,1,1
0.39763,1,1
0.40027,1,1
0.37981,1,1
0.3552,1,1
0.32621,1,1
0.32577,1,1
0.35578,1,1
0.38211,1,1
0.40485,1,1
0.41027,1,1
0.40046,1,1
0.39671,1,1
0.40046,1,1
0.39445,1,1
0.37967,1,1
0.3732,1,1
0.37225,1,1
0.35494,1,1
0.32169,1,1
0.28235,0,0
0.23872,0,0
0.23503,0,0
0.26414,0,0
0.28898,0,0
0.30818,1,0
0.28222,0,0
0.22124,0,0
0.17397,0,0
0.13885,0,0
0.11022,0,0
0.08507,0,0
0.06178,0,0
0.04178,0,0
0.02399,0,0
0.0075,0,0
0.0,0,0
0.0,0,0
0.0,0,0
0.0,0,0
0.0,0,0
0.0,0,0
0.0,0,0
0.0,0,0
0.0,0,0
0.0,0,0
0.0,0,0
0.0,0,0
0.0,0,0
0.0,0,0
0.0,0,0
0.0,0,0
0.0,0,0
0.0,0,0
0.0,0,0
0.0,0,0
0.0,0,0
0.0,0,0
0.0,0,0
0.0,0,0
0.0,0,0
0.0,0,0
0.0,0,0
0.0,0,0
0.0,0,0
0.0,0,0
0.0,0,0
0.0,0,0
0.0,0,0
0.0,0,0
0.0,0,0
0.0,0,0
0.0,0,0
0.0,0,0
0.0,0,0
0.0,0,0
0.0,0,0
0.0,0,0
0.0,0,0
0.0,0,0
0.0,0,0
0.0,0,0
0.0,0,0
0.0,0,0
0.01664,0,0
0.06458,0,0
0.11888,0,0
0.15586,0,0
0.17218,0,0
0.17592,0,0
0.19438,0,0
0.22452,0,0
0.24449,0,0
0.254,0,0
0.26844,0,0
0.2901,1,1
0.30676,1,1
0.31654,1,1
0.34586,1,1
0.39878,1,1
0.46213,1,1
0.53683,1,1
0.55555,1,1
0.51624,1,1
0.48903,1,1
0.47551,1,1
0.46036,1,1
0.4432,1,1
0.42411,1,1
0.40371,1,1
0.3922,1,1
0.38849,1,1
0.38936,1,1
0.3937,1,1
0.38436,1,1
0.3602,1,1
0.33516,1,1
0.30986,1,1
0.29063,1,1
0.27615,0,0
0.26238,0,0
0.25056,0,0
0.2355,0,0
0.21618,0,0
0.20163,0,0
0.19101,0,0
0.16477,0,0
0.13443,0,0
0.11457,0,0
0.09831,0,0
0.08471,0,0
0.07439,0,0
0.07635,0,0
0.09116,0,0
0.10628,0,0
0.12115,0,0
0.12562,0,0
0.11923,0,0
0.1124,0,0
0.10579,0,0
0.10934,0,0
0.12358,0,0
0.14091,0,0
0.16653,0,0
0.17951,0,0
0.18065,0,0
0.18127,0,0
0.18244,0,0
0.1885,0,0
0.20065,0,0
0.21232,0,0
0.22408,0,0
0.20282,0,0
0.14619,0,0
0.11387,0,0
0.08219,0,0
0.06535,0,0
0.05572,0,0
0.04609,0,0
0.03679,0,0
0.03028,0,0
0.02332,0,0
0.0161,0,0
0.00875,0,0
0.00577,0,0
0.00443,0,0
0.00307,0,0
0.00169,0,0
0.00146,0,0
0.00242,0,0
0.00339,0,0
0.00436,0,0
0.00631,0,0
0.01669,0,0
0.03044,0,0
0.04575,0,0
0.05184,0,0
0.0425,0,0
0.03603,0,0
0.03022,0,0
0.03502,0,0
0.06337,0,0
0.10075,0,0
0.12573,0,0
0.14615,0,0
0.16733,0,0
0.19346,0,0
0.23675,0,0
0.2808,0,0
0.32497,0,0
0.35203,0,0
0.35432,1,1
0.35942,1,1
0.36965,1,1
0.3873,1,1
0.41362,1,1
0.42965,1,1
0.43348,1,1
0.44181,1,1
0.46223,1,1
0.49231,1,1
0.53781,1,1
0.55062,1,1
0.52871,1,1
0.50222,1,1
0.46921,1,1
0.45925,1,1
0.47151,1,1
0.48401,1,1
0.49513,1,1
0.48291,1,1
0.45148,1,1
0.43114,1,1
0.41918,1,1
0.38291,1,1
0.32547,0,0
0.27809,0,0
0.24262,0,0
0.20691,0,0
0.16729,0,0
0.13074,0,0
0.09843,0,0
0.07676,0,0
0.06234,0,0
0.04744,0,0
0.03185,0,0
0.0175,0,0
0.00542,0,0
0.0,0,0
0.0,0,0
0.0,0,0
0.0,0,0
0.0,0,0
0.0,0,0
0.0,0,0
0.0,0,0
0.0,0,0
0.0,0,0
0.0,0,0
0.0,0,0
0.0,0,0
0.00051,0,0
0.00183,0,0
0.00317,0,0
0.00452,0,0
0.00648,0,0
0.01297,0,0
0.0196,0,0
0.02314,0,0
0.02366,0,0
0.02419,0,0
0.02475,0,0
0.01947,0,0
0.00828,0,0
0.00445,0,0
0.00209,0,0
0.00178,0,0
0.00356,0,0
0.00535,0,0
0.00915,0,0
0.00924,0,0
0.00553,0,0
0.00376,0,0
0.00192,0,0
0.00052,0,0
0.0,0,0
0.0,0,0
0.0,0,0
0.0,0,0
0.00147,0,0
0.00431,0,0
0.00744,0,0
0.0108,0,0
0.00639,0,0
0.00495,0,0
0.00352,0,0
0.01568,0,0
0.05263,0,0
0.09354,0,0
0.11929,0,0
0.13878,0,0
0.15894,0,0
0.17567,1,1
0.18892,1,1
0.19158,1,1
0.18147,1,1
0.20311,1,1
0.26212,1,1
0.33046,1,1
0.4063,1,1
0.4219,1,1
0.37208,1,1
0.31347,1,1
0.28547,1,1
0.28675,1,1
0.34167,1,1
0.44063,1,1
0.51697,1,1
0.52559,1,1
0.47077,1,1
0.44273,1,1
0.44198,1,1
0.40277,1,1
0.32695,1,1
0.23813,1,1
0.17837,1,1
0.16386,0,0
0.15465,0,0
0.13603,0,0
0.11027,0,0
0.10348,0,0
0.11296,0,0
0.12362,0,0
0.13441,0,0
0.12712,0,0
0.10257,0,0
0.08093,0,0
0.06176,0,0
0.05056,0,0
0.04717,0,0
0.04842,0,0
0.04943,0,0
0.03412,0,0
0.01031,0,0
4e-05,0,0
4e-05,0,0
4e-05,0,0
4e-05,0,0
0.0003,0,0
0.00085,0,0
0.0014,0,0
0.00196,0,0
0.00261,0,0
0.00337,0,0
0.00412,0,0
0.00488,0,0
0.00396,0,0
0.00135,0,0
0.0,0,0
0.0,0,0
0.0,0,0
0.0,0,0
0.0,0,0
0.0,0,0
0.0,0,0
0.0,0,0
0.0,0,0
0.00026,0,0
0.00135,0,0
0.00222,0,0
0.00311,0,0
0.004,0,0
0.00544,0,0
0.01073,0,0
0.02054,0,0
0.03055,0,0
0.02858,0,0
0.01444,0,0
0.00551,0,0
0.00251,0,0
0.00169,0,0
0.00311,0,0
0.00453,0,0
0.00597,0,0
0.008,0,0
0.01365,0,0
0.01932,0,0
0.02498,0,0
0.03337,0,0
0.04648,0,0
0.06353,0,0
0.08035,0,0
0.10332,0,0
0.13592,0,0
0.16899,0,0
0.20223,1,1
0.22891,1,1
0.26419,1,1
0.29433,1,1
0.29767,1,1
0.33905,1,1
0.42138,1,1
0.4779,1,1
0.50189,1,1
0.49697,1,1
0.43982,1,1
0.4287,1,1
0.46568,1,1
0.51669,1,1
0.58059,1,1
0.57889,1,1
0.50598,1,1
0.43568,1,1
0.37081,1,1
0.31893,1,1
0.27649,1,1
0.23177,1,1
0.19265,0,0
0.17359,0,0
0.16291,0,0
0.14884,0,0
0.13101,0,0
0.13068,0,0
0.15051,0,0
0.17494,0,0
0.20092,0,0
0.19724,0,0
0.16763,0,0
0.14685,0,0
0.13778,0,0
0.13852,0,0
0.14319,0,0
0.14319,0,0
0.13985,0,0
0.1446,0,0
0.15724,0,0
0.17597,0,0
0.1963,0,0
0.20485,1,1
0.20648,1,1
0.17762,0,0
0.12026,0,0
0.08529,0,0
0.0561,0,0
0.05094,0,0
0.06644,0,0
0.08518,0,0
0.10671,0,0
0.10255,0,0
0.07279,0,0
0.05053,0,0
0.02974,0,0
0.02022,0,0
0.01574,0,0
0.01116,0,0
0.00656,0,0
0.00752,0,0
0.01412,0,0
0.0208,0,0
0.02756,0,0
0.03414,0,0
0.04361,0,0
0.0536,0,0
0.06411,0,0
0.07136,0,0
0.07531,0,0
0.07935,0,0
0.08319,0,0
0.07907,0,0
0.06671,0,0
0.0538,0,0
0.04062,0,0
0.04627,0,0
0.07139,0,0
0.09804,0,0
0.13304,0,0
0.14339,0,0
0.12869,0,0
0.11357,0,0
0.09855,0,0
0.10796,0,0
0.14106,0,0
0.18137,0,0
0.24073,0,0
0.25113,0,0
0.21396,0,0
0.17777,0,0
0.14874,0,0
0.13694,0,0
0.14302,0,0
0.16608,0,0
0.20854,0,0
0.24632,0,0
0.26331,0,0
0.29846,0,0
0.36099,0,0
0.41103,0,0
0.44457,0,0
0.50148,0,0
0.57271,0,0
0.62043,0,0
0.64764,0,0
0.66286,0,0
0.66487,0,0
0.67567,0,0
0.70002,0,0
0.73114,0,0
0.77062,0,0
0.86823,0,0
1.05895,1,1
1.22192,1,1
1.35352,1,1
1.35802,1,1
1.23966,1,1
1.11021,1,1
0.97075,1,1
0.9007,0,1
0.90125,1,1
0.90431,1,1
0.90399,1,1
1.03206,1,1
1.26455,1,1
1.45959,1,1
1.55542,1,1
1.54629,1,1
1.473,1,1
1.35395,1,1
1.19984,1,1
1.11049,1,1
1.09712,1,1
1.09557,1,1
1.09631,1,1
1.05692,1,1
0.96969,1,1
0.88613,0,0
0.81173,0,0
0.76937,0,0
0.753,0,0
0.73651,0,0
0.72189,0,0
0.67392,0,0
0.587,0,0
0.49675,0,0
0.40258,0,0
0.32504,0,0
0.2594,0,0
0.20512,0,0
0.15753,0,0
0.15855,0,0
0.20915,0,0
0.26873,0,0
0.34118,0,0
0.32432,0,0
0.22461,0,0
0.14541,0,0
0.09909,0,0
0.07435,0,0
0.06766,0,0
0.06079,0,0
0.05357,0,0
0.04793,0,0
0.04361,0,0
0.03919,0,0
0.03591,0,0
0.03215,0,0
0.027,0,0
0.02186,0,0
0.0166,0,0
0.01177,0,0
0.0074,0,0
0.00626,0,0
0.00538,0,0
0.00638,0,0
0.01694,0,0
0.03103,0,0
0.04665,0,0
0.04834,0,0
0.03412,0,0
0.02236,0,0
0.01083,0,0
0.00684,0,0
0.00835,0,0
0.01039,0,0
0.01236,0,0
0.02137,0,0
0.0494,0,0
0.09988,0,0
0.17176,0,0
0.21995,0,0
0.22085,0,0
0.25164,0,0
0.32167,0,0
0.38633,0,0
0.4464,0,0
0.49809,0,0
0.52824,1,1
0.53631,1,1
0.52236,1,1
0.51928,1,1
0.53379,1,1
0.55455,1,1
0.58252,1,1
0.59087,1,1
0.58156,1,1
0.575,1,1
0.57469,1,1
0.58967,1,1
0.61963,1,1
0.62786,1,1
0.61966,1,1
0.59601,1,1
0.5668,1,1
0.55216,1,1
0.55192,1,1
0.55263,1,1
0.55591,1,1
0.55928,1,1
0.56157,1,1
0.53939,1,1
0.49712,0,0
0.45064,0,0
0.39925,0,0
0.35451,0,0
0.31217,0,0
0.27091,0,0
0.22944,0,0
0.17753,0,0
0.12688,0,0
0.09126,0,0
0.06592,0,0
0.03906,0,0
0.01397,0,0
0.0049,0,0
0.00491,0,0
0.00493,0,0
0.00494,0,0
0.00462,0,0
0.00394,0,0
0.00326,0,0
0.00256,0,0
0.00221,0,0
0.00222,0,0
0.00224,0,0
0.00225,0,0
0.00282,0,0
0.00397,0,0
0.00514,0,0
0.00871,0,0
0.01385,0,0
0.01867,0,0
0.02353,0,0
0.02849,0,0
0.03135,0,0
0.03194,0,0
0.03256,0,0
0.0332,0,0
0.03802,0,0
0.05109,0,0
0.06425,0,0
0.07751,0,0
0.08297,0,0
0.08079,0,0
0.07828,0,0
0.07597,0,0
0.07679,0,0
0.08054,0,0
0.08462,0,0
0.08875,0,0
0.08942,0,0
0.08622,0,0
0.08271,0,0
0.07948,0,0
0.07238,0,0
0.06171,0,0
0.05086,0,0
0.04044,0,0
0.03578,0,0
0.0333,0,0
0.03084,0,0
0.02842,0,0
0.03159,0,0
0.04175,0,0
0.05567,0,0
0.07384,0,0
0.11231,0,0
0.18482,0,0
0.26682,0,0
0.35597,0,0
0.37978,1,0
0.31573,0,0
0.31143,0,0
0.38054,1,1
0.44264,1,1
0.49476,1,1
0.51807,1,1
0.51066,1,1
0.5063,1,1
0.50733,1,1
0.50955,1,1
0.51228,1,1
0.5163,1,1
0.52024,1,1
0.51174,1,1
0.49126,1,1
0.47403,1,1
0.46098,1,1
0.45091,1,1
0.44338,1,1
0.43593,1,1
0.42943,1,1
0.41548,1,1
0.39556,1,1
0.38426,1,1
0.38036,1,1
0.34922,0,0
0.29611,0,0
0.2456,0,0
0.19778,0,0
0.17302,0,0
0.16072,0,0
0.1444,0,0
0.12629,0,0
0.10635,0,0
0.0846,0,0
0.06422,0,0
0.04525,0,0
0.02821,0,0
0.02168,0,0
0.02222,0,0
0.02648,0,0
0.03121,0,0
0.0378,0,0
0.04455,0,0
0.05151,0,0
0.05844,0,0
0.06544,0,0
0.064,0,0
0.05356,0,0
0.043,0,0
0.03231,0,0
0.02781,0,0
0.02613,0,0
0.02445,0,0
0.02269,0,0
0.01658,0,0
0.00592,0,0
0.00346,0,0
0.00119,0,0
0.0,0,0
0.0,0,0
0.0,0,0
0.0,0,0
0.0,0,0
0.0,0,0
0.0,0,0
0.00153,0,0
0.00304,0,0
0.00395,0,0
0.00487,0,0
0.00582,0,0
0.00633,0,0
0.00638,0,0
0.00642,0,0
0.00649,0,0
0.0049,0,0
0.00167,0,0
0.0,0,0
0.0,0,0
0.0,0,0
0.0,0,0
0.0,0,0
0.0,0,0
0.0,0,0
0.0,0,0
0.0,0,0
0.0,0,0
0.01055,0,0
0.03281,0,0
0.05542,0,0
0.07781,0,0
0.11226,0,0
0.16959,0,0
0.2139,0,0
0.23732,0,0
0.26889,0,0
0.3116,0,0
0.34256,0,0
0.35841,0,0
0.37992,0,0
0.40607,0,0
0.41802,0,0
0.41403,0,0
0.41473,0,0
0.42063,0,0
0.43339,0,0
0.45224,0,0
0.46996,1,1
0.48533,1,1
0.48723,1,1
0.47611,1,1
0.46671,0,0
0.46015,0,0
0.47554,1,1
0.51223,1,1
0.54275,1,1
0.56584,1,1
0.57256,1,1
0.56545,1,1
0.57326,1,1
0.59368,1,1
0.57665,1,1
0.5323,1,1
0.50199,1,1
0.49189,1,1
0.48643,1,1
0.48038,1,1
0.46827,1,1
0.45133,0,0
0.43798,0,0
0.42584,0,0
0.43639,0,0
0.46954,1,1
0.50906,1,1
0.5503,1,1
0.54758,1,1
0.50216,1,1
0.45467,0,0
0.40462,0,0
0.34571,0,0
0.28639,0,0
0.22836,0,0
0.18148,0,0
0.17342,0,0
0.19939,0,0
0.22894,0,0
0.26536,0,0
0.2983,0,0
0.3271,0,0
0.35623,0,0
0.39229,0,0
0.3956,0,0
0.36534,0,0
0.33933,0,0
0.31388,0,0
0.30484,0,0
0.31376,0,0
0.32225,0,0
0.3312,0,0
0.34438,1,1
0.36149,1,1
0.37871,1,1
0.39604,1,1
0.39051,1,1
0.36275,1,1
0.33319,1,1
0.30305,0,0
0.31453,0,0
0.36767,1,1
0.42154,1,1
0.48133,1,1
0.53361,1,1
0.57059,1,1
0.60783,1,1
0.64316,1,1
0.66312,1,1
0.6655,1,1
0.66561,1,1
0.66573,1,1
0.61406,1,1
0.50991,1,1
0.41521,1,1
0.33162,0,0
0.28001,0,0
0.26582,0,0
0.25334,0,0
0.24118,0,0
0.21327,0,0
0.17639,0,0
0.15538,0,0
0.17851,0,0
0.23012,0,0
0.2739,0,0
0.30564,0,0
0.32299,0,0
0.32808,0,0
0.31447,0,0
0.29197,0,0
0.26296,0,0
0.21793,0,0
0.17877,0,0
0.18045,0,0
0.21394,0,0
0.24825,0,0
0.2673,0,0
0.28498,0,0
0.30304,0,0
0.33694,1,1
0.38534,1,1
0.37211,1,1
0.29817,0,0
0.2231,0,0
0.17715,0,0
0.16805,0,0
0.16662,0,0
0.16594,0,0
0.16364,0,0
0.14905,0,0
0.12242,0,0
0.09662,0,0
0.07199,0,0
0.06158,0,0
0.06559,0,0
0.07196,0,0
0.0791,0,0
0.0686,0,0
0.04306,0,0
0.01502,0,0
0.0,0,0
0.0,0,0
0.0,0,0
0.0,0,0
0.00012,0,0
0.00192,0,0
0.00374,0,0
0.00394,0,0
0.00247,0,0
0.00097,0,0
0.0,0,0
0.0,0,0
0.0,0,0
0.0,0,0
0.0,0,0
0.0,0,0
0.0,0,0
0.00083,0,0
0.00172,0,0
0.00218,0,0
0.0022,0,0
0.00222,0,0
0.00224,0,0
0.00229,0,0
0.00237,0,0
0.00245,0,0
0.00254,0,0
0.00228,0,0
0.00165,0,0
0.00101,0,0
0.00037,0,0
0.00134,0,0
0.00397,0,0
0.00689,0,0
0.01967,0,0
0.02461,0,0
0.02163,0,0
0.01854,0,0
0.01544,0,0
0.01551,0,0
0.01882,0,0
0.02221,0,0
0.02555,0,0
0.02445,0,0
0.01892,0,0
0.01339,0,0
0.00785,0,0
0.00631,0,0
0.00581,0,0
0.00531,0,0
0.00481,0,0
0.01792,0,0
0.05583,0,0
0.10155,0,0
0.15354,0,0
0.19805,0,0
0.2327,0,0
0.26814,0,0
0.29893,0,0
0.33674,0,0
0.38145,0,0
0.41013,1,1
0.4171,1,1
0.42263,1,1
0.43404,1,1
0.45042,1,1
0.47278,1,1
0.49677,1,1
0.523,1,1
0.53371,1,1
0.52982,1,1
0.53208,1,1
0.5408,1,1
0.53466,1,1
0.51107,1,1
0.48907,1,1
0.46982,1,1
0.46063,1,1
0.46077,1,1
0.46351,1,1
0.46849,1,1
0.45638,1,1
0.42871,1,1
0.40688,1,1
0.39048,1,1
0.35546,0,0
0.30485,0,0
0.25311,0,0
0.20275,0,0
0.18527,0,0
0.18866,0,0
0.18527,0,0
0.1747,0,0
0.1384,0,0
0.09278,0,0
0.05942,0,0
0.03394,0,0
0.01628,0,0
0.00529,0,0
0.00127,0,0
0.00235,0,0
0.00344,0,0
0.00454,0,0
0.00531,0,0
0.00659,0,0
0.00838,0,0
0.01019,0,0
0.01467,0,0
0.02182,0,0
0.02902,0,0
0.03846,0,0
0.04627,0,0
0.05061,0,0
0.05499,0,0
0.05939,0,0
0.05745,0,0
0.04926,0,0
0.04085,0,0
0.03278,0,0
0.03453,0,0
0.04765,0,0
0.0618,0,0
0.07673,0,0
0.07802,0,0
0.06491,0,0
0.05164,0,0
0.03857,0,0
0.03331,0,0
0.03152,0,0
0.02979,0,0
0.02792,0,0
0.02325,0,0
0.01553,0,0
0.00783,0,0
0.00552,0,0
0.00449,0,0
0.00405,0,0
0.00359,0,0
0.00313,0,0
0.0042,0,0
0.00681,0,0
0.01819,0,0
0.03064,0,0
0.03673,0,0
0.03635,0,0
0.03597,0,0
0.03561,0,0
0.04249,0,0
0.05797,0,0
0.07388,0,0
0.08995,0,0
0.12553,0,0
0.1902,0,0
0.22646,0,0
0.21833,0,0
0.20884,0,0
0.21352,0,0
0.23134,0,0
0.27711,0,0
0.33511,0,0
0.38749,0,0
0.39184,0,0
0.34596,0,0
0.30996,0,0
0.2839,0,0
0.29999,0,0
0.36048,0,0
0.41767,0,0
0.46679,1,1
0.46532,1,1
0.41705,0,0
0.39443,0,0
0.39595,0,0
0.39285,0,0
0.38063,0,0
0.37584,0,0
0.39423,0,0
0.46307,1,1
0.56609,1,1
0.66156,1,1
0.71712,1,1
0.73497,1,1
0.72,1,1
0.65757,1,1
0.56235,1,1
0.48676,1,1
0.43473,1,1
0.42378,1,1
0.44536,1,1
0.45985,1,1
0.47653,1,1
0.46109,1,1
0.41239,0,0
0.36496,0,0
0.32272,0,0
0.29621,0,0
0.28199,0,0
0.26851,0,0
0.25495,0,0
0.23644,0,0
0.2208,0,0
0.20458,0,0
0.1887,0,0
0.18097,0,0
0.18159,0,0
0.18222,0,0
0.18286,0,0
0.21793,0,0
0.30305,0,0
0.40098,0,0
0.51945,1,1
0.55526,1,1
0.50754,1,1
0.46088,1,1
0.41362,0,0
0.41764,0,0
0.4745,1,1
0.53455,1,1
0.59468,1,1
0.65646,1,1
0.7186,1,1
0.78161,1,1
0.84521,1,1
0.78961,1,1
0.61077,1,1
0.42679,0,0
0.27225,0,0
0.21562,0,0
0.218,0,0
0.22043,0,0
0.22371,0,0
0.22464,0,0
0.22397,0,0
0.2241,0,0
0.22343,0,0
0.23376,0,0
0.25407,0,0
0.27412,0,0
0.2943,0,0
0.28462,0,0
0.24718,0,0
0.2107,0,0
0.17457,0,0
0.18206,0,0
0.24164,0,0
0.3037,0,0
0.34701,0,0
0.34944,0,0
0.32167,0,0
0.30509,0,0
0.33157,0,0
0.42354,0,0
0.55528,0,0
0.6412,1,1
0.67683,1,1
0.68092,1,1
0.64942,1,1
0.6509,1,1
0.69112,1,1
0.72418,1,1
0.75161,1,1
0.74988,1,1
0.72173,1,1
0.69625,1,1
0.68248,1,1
0.65382,1,1
0.61207,1,1
0.5592,1,1
0.4971,0,0
0.48822,0,0
0.52262,0,0
0.57634,1,1
0.64729,1,1
0.62622,1,1
0.5202,0,0
0.38606,0,0
0.30051,0,0
0.27481,0,0
0.27166,0,0
0.28987,0,0
0.28689,0,0
0.26422,0,0
0.22696,0,0
0.19662,0,0
0.17126,0,0
0.14567,0,0
0.1223,0,0
0.10164,0,0
0.07398,0,0
0.04905,0,0
0.02932,0,0
0.0189,0,0
0.01466,0,0
0.0104,0,0
0.00611,0,0
0.00512,0,0
0.00515,0,0
0.00518,0,0
0.00521,0,0
0.00628,0,0
0.01075,0,0
0.01529,0,0
0.01983,0,0
0.02221,0,0
0.02241,0,0
0.02261,0,0
0.02282,0,0
0.01881,0,0
0.01044,0,0
0.00513,0,0
0.00335,0,0
0.00339,0,0
0.00531,0,0
0.01109,0,0
0.02043,0,0
0.02379,0,0
0.02077,0,0
0.01779,0,0
0.01472,0,0
0.01751,0,0
0.02631,0,0
0.03536,0,0
0.04737,0,0
0.04787,0,0
0.03662,0,0
0.02783,0,0
0.01898,0,0
0.01215,0,0
0.00756,0,0
0.00629,0,0
0.00531,0,0
0.00919,0,0
0.03523,0,0
0.07242,0,0
0.11923,0,0
0.16534,0,0
0.2291,0,0
0.29575,0,0
0.38157,0,0
0.4098,1,0
0.3875,0,0
0.36437,0,0
0.3416,0,0
0.33606,0,0
0.35426,0,0
0.3641,0,0
0.36382,0,0
0.38417,0,0
0.43067,1,1
0.43076,1,1
0.38731,0,0
0.36001,0,0
0.35013,0,0
0.35922,0,0
0.38213,0,0
0.40944,1,1
0.44407,1,1
0.46627,1,1
0.47851,1,1
0.45876,1,1
0.40659,1,1
0.37904,0,0
0.38022,0,0
0.39876,1,1
0.43382,1,1
0.43222,1,1
0.39885,1,1
0.38436,0,1
0.39112,1,1
0.43037,1,1
0.50571,1,1
0.58722,1,1
0.66541,1,1
0.72851,1,1
0.77167,1,1
0.75392,1,1
0.67462,1,1
0.58322,1,1
0.48727,1,1
0.38085,0,0
0.26651,0,0
0.18388,0,0
0.13074,0,0
0.09883,0,0
0.07969,0,0
0.06338,0,0
0.0484,0,0
0.04448,0,0
0.05116,0,0
0.05787,0,0
0.06462,0,0
0.08024,0,0
0.10646,0,0
0.1385,0,0
0.18616,0,0
0.21418,0,0
0.22223,0,0
0.23038,0,0
0.24096,0,0
0.22282,0,0
0.18306,0,0
0.14217,0,0
0.11589,0,0
0.11201,0,0
0.12658,0,0
0.14475,0,0
0.17106,0,0
0.17317,0,0
0.1502,0,0
0.13467,0,0
0.12223,0,0
0.12426,0,0
0.14057,0,0
0.16144,0,0
0.19163,0,0
0.21835,0,0
0.24231,0,0
0.26697,0,0
0.29271,0,0
0.28144,0,0
0.23099,0,0
0.18038,0,0
0.14742,0,0
0.1094,0,0
0.07116,0,0
0.03863,0,0
0.01639,0,0
0.00822,0,0
0.01388,0,0
0.01951,0,0
0.02497,0,0
0.03191,0,0
0.04043,0,0
0.05327,0,0
0.06571,0,0
0.08359,0,0
0.11943,0,0
0.15918,0,0
0.18076,0,0
0.18644,0,0
0.18243,0,0
0.19282,0,0
0.21934,0,0
0.26512,0,0
0.32083,0,0
0.34318,1,1
0.32351,1,1
0.29865,0,0
0.26919,0,0
0.26944,0,0
0.30327,0,0
0.33637,1,1
0.36729,1,1
0.39063,1,1
0.3996,1,1
0.40712,1,1
0.41336,1,1
0.41678,1,1
0.41523,1,1
0.40447,1,1
0.38473,1,1
0.38982,1,1
0.42164,1,1
0.45225,1,1
0.4818,1,1
0.49162,1,1
0.48184,1,1
0.484,1,1
0.49325,1,1
0.47025,1,1
0.41904,1,1
0.37362,1,1
0.32847,1,1
0.28392,0,0
0.24045,0,0
0.20084,0,0
0.16328,0,0
0.11927,0,0
0.07694,0,0
0.04674,0,0
0.02639,0,0
0.01285,0,0
0.00376,0,0
0.0,0,0
0.0,0,0
0.0,0,0
0.0,0,0
0.0,0,0
0.0,0,0
0.0,0,0
0.0,0,0
0.00085,0,0
0.00248,0,0
0.00413,0,0
0.00705,0,0
0.00843,0,0
0.00508,0,0
0.00399,0,0
0.0029,0,0
0.00254,0,0
0.00295,0,0
0.00336,0,0
0.00379,0,0
0.00557,0,0
0.0188,0,0
0.03454,0,0
0.05876,0,0
0.06966,0,0
0.06491,0,0
0.06013,0,0
0.05532,0,0
0.05317,0,0
0.05371,0,0
0.05407,0,0
0.05463,0,0
0.03859,0,0
0.0165,0,0
0.00437,0,0
0.0,0,0
0.0,0,0
0.0,0,0
0.0,0,0
0.0,0,0
5e-05,0,0
5e-05,0,0
5e-05,0,0
5e-05,0,0
0.0,0,0
0.0,0,0
0.0,0,0
0.0,0,0
0.01098,0,0
0.04287,0,0
0.08945,0,0
0.15174,0,0
0.19404,0,0
0.20141,0,0
0.2299,0,0
0.2863,0,0
0.34108,1,1
0.39293,1,1
0.41497,1,1
0.39583,1,1
0.37797,1,1
0.36303,1,1
0.35161,1,1
0.34708,1,1
0.3318,1,1
0.3054,1,1
0.30918,1,1
0.34699,1,1
0.38276,1,1
0.41712,1,1
0.41941,1,1
0.3902,1,1
0.37057,1,1
0.36059,1,1
0.34561,1,1
0.32685,1,1
0.30014,0,0
0.2672,0,0
0.27162,0,0
0.31013,1,1
0.35678,1,1
0.40981,1,1
0.37692,1,1
0.26742,0,0
0.1593,0,0
0.10388,0,0
0.09292,0,0
0.08766,0,0
0.08402,0,0
0.08236,0,0
0.06866,0,0
0.04541,0,0
0.01759,0,0
0.0013,0,0
0.00131,0,0
0.00063,0,0
0.0,0,0
0.0,0,0
0.0,0,0
0.0,0,0
0.0,0,0
0.0,0,0
0.0,0,0
0.0,0,0
0.0,0,0
0.0,0,0
0.0,0,0
0.00137,0,0
0.00213,0,0
0.00176,0,0
0.00138,0,0
0.001,0,0
0.00159,0,0
0.00315,0,0
0.00474,0,0
0.00806,0,0
0.01012,0,0
0.00647,0,0
0.00558,0,0
0.00487,0,0
0.00428,0,0
0.00384,0,0
0.00339,0,0
0.00295,0,0
0.00297,0,0
0.00345,0,0
0.00395,0,0
0.00447,0,0
0.00558,0,0
0.00801,0,0
0.01605,0,0
0.02421,0,0
0.03526,0,0
0.05344,0,0
0.07512,0,0
0.09751,0,0
0.09754,0,0
0.07546,0,0
0.05371,0,0
0.03559,0,0
0.02851,0,0
0.02831,0,0
0.02812,0,0
0.02793,0,0
0.04148,0,0
0.07068,0,0
0.10175,0,0
0.13595,1,1
0.16529,1,1
0.19473,1,1
0.19888,1,1
0.16748,1,1
0.13393,1,1
0.1145,0,1
0.11753,1,1
0.13566,1,1
0.15763,1,1
0.18294,1,1
0.1803,1,1
0.15018,1,1
0.12526,1,1
0.10599,0,0
0.0995,0,0
0.10438,0,0
0.11186,0,0
0.12127,1,0
0.10975,0,0
0.07799,0,0
0.03586,0,0
0.01005,0,0
0.01,0,0
0.03693,0,0
0.07789,0,0
0.10508,0,0
0.12564,1,1
0.13931,1,1
0.16731,1,1
0.21218,1,1
0.21969,1,1
0.19966,1,1
0.18101,1,1
0.16462,1,1
0.14592,1,1
0.12569,1,1
0.11165,0,0
0.10703,0,0
0.10888,0,0
0.11444,0,0
0.11093,0,0
0.09303,0,0
0.08077,0,0
0.07372,0,0
0.06738,0,0
0.06088,0,0
0.0543,0,0
0.04778,0,0
0.04793,0,0
0.05529,0,0
0.06275,0,0
0.0703,0,0
0.07268,0,0
0.07025,0,0
0.06758,0,0
0.06509,0,0
0.04994,0,0
0.02645,0,0
0.00855,0,0
0.00272,0,0
0.00084,0,0
0.00084,0,0
0.00085,0,0
0.00086,0,0
0.00108,0,0
0.00153,0,0
0.00202,0,0
0.00252,0,0
0.00519,0,0
0.02199,0,0
0.04819,0,0
0.08421,0,0
0.10237,0,0
0.09393,0,0
0.08756,0,0
0.08139,0,0
0.07122,0,0
0.05727,0,0
0.04311,0,0
0.03361,0,0
0.02607,0,0
0.02024,0,0
0.01437,0,0
0.00846,0,0
0.00846,0,0
0.01439,0,0
0.02028,0,0
0.02623,0,0
0.03028,0,0
0.03242,0,0
0.03466,0,0
0.03675,0,0
0.04994,0,0
0.09045,0,0
0.13371,0,0
0.15082,0,0
0.15601,0,0
0.15644,0,0
0.17574,0,0
0.21537,0,0
0.24665,0,0
0.26744,1,1
0.2902,1,1
0.31945,1,1
0.36153,1,1
0.41726,1,1
0.43666,1,1
0.41191,1,1
0.38838,1,1
0.36666,1,1
0.36674,1,1
0.39066,1,1
0.40425,1,1
0.41895,1,1
0.41088,1,1
0.38334,1,1
0.36264,1,1
0.34907,1,1
0.33581,1,1
0.32353,1,1
0.31376,1,1
0.30809,1,1
0.29571,1,1
0.27676,1,1
0.25918,1,1
0.24262,0,0
0.22594,0,0
0.209,0,0
0.19076,0,0
0.17195,0,0
0.15598,0,0
0.14059,0,0
0.1281,0,0
0.11648,0,0
0.08948,0,0
0.05627,0,0
0.03197,0,0
0.0108,0,0
0.00055,0,0
0.0,0,0
0.0,0,0
0.0,0,0
0.0,0,0
0.0,0,0
0.0,0,0
0.0,0,0
0.0,0,0
0.0,0,0
0.0,0,0
0.0,0,0
0.0,0,0
0.0,0,0
0.0,0,0
0.0,0,0
0.0,0,0
0.0,0,0
0.0,0,0
0.0,0,0
0.0018,0,0
0.00451,0,0
0.00813,0,0
0.01562,0,0
0.0235,0,0
0.03181,0,0
0.03348,0,0
0.02812,0,0
0.0226,0,0
0.0171,0,0
0.00809,0,0
0.00476,0,0
0.00212,0,0
0.0,0,0
0.0,0,0
0.0,0,0
0.0,0,0
0.0,0,0
0.0,0,0
0.0,0,0
0.0,0,0
0.0,0,0
0.0,0,0
0.0,0,0
0.0,0,0
0.0,0,0
0.0,0,0
0.0,0,0
0.0,0,0
0.0,0,0
0.0115,0,0
0.04885,0,0
0.10884,0,0
0.19176,0,0
0.24431,0,0
0.24059,0,0
0.26845,0,0
0.34011,0,0
0.40185,0,0
0.45471,1,1
0.49834,1,1
0.53179,1,1
0.57312,1,1
0.61264,1,1
0.64559,1,1
0.66911,1,1
0.68837,1,1
0.70149,1,1
0.70985,1,1
0.70913,1,1
0.71155,1,1
0.71716,1,1
0.7102,1,1
0.69097,1,1
0.66824,1,1
0.63859,1,1
0.61102,1,1
0.58745,1,1
0.56761,1,1
0.55474,1,1
0.53427,1,1
0.5045,1,1
0.4788,1,1
0.45393,0,0
0.42245,0,0
0.38598,0,0
0.36093,0,0
0.34642,0,0
0.29635,0,0
0.22707,0,0
0.16905,0,0
0.12291,0,0
0.09456,0,0
0.07377,0,0
0.05237,0,0
0.02961,0,0
0.01487,0,0
0.00777,0,0
0.00904,0,0
0.0186,0,0
0.02819,0,0
0.03968,0,0
0.0557,0,0
0.07267,0,0
0.09322,0,0
0.11684,0,0
0.11235,0,0
0.07978,0,0
0.05524,0,0
0.03253,0,0
0.03365,0,0
0.06054,0,0
0.09141,0,0
0.13073,0,0
0.14424,0,0
0.13126,0,0
0.11864,0,0
0.10559,0,0
0.10479,0,0
0.11556,0,0
0.12713,0,0
0.13919,0,0
0.14406,0,0
0.14032,0,0
0.13701,0,0
0.13314,0,0
0.12721,0,0
0.1182,0,0
0.10946,0,0
0.10051,0,0
0.11674,0,0
0.15977,0,0
0.22218,0,0
0.30082,1,1
0.34587,1,1
0.34599,1,1
0.34611,1,1
0.34488,1,1
0.30495,1,1
0.23701,0,0
0.17395,0,0
0.13626,0,0
0.12494,0,0
0.13789,0,0
0.15092,0,0
0.1636,0,0
0.15902,0,0
0.13776,0,0
0.11871,0,0
0.10667,0,0
0.13803,0,0
0.21632,0,0
0.26619,0,0
0.28547,1,1
0.28619,1,1
0.26881,1,1
0.26691,1,1
0.27607,1,1
0.28636,1,1
0.29271,1,1
0.30979,1,1
0.34621,1,1
0.40956,1,1
0.49967,1,1
0.48586,1,1
0.36518,1,1
0.23006,0,0
0.16591,0,0
0.16499,0,0
0.21288,0,0
0.27053,1,1
0.33734,1,1
0.33727,1,1
0.27361,1,1
0.21486,0,0
0.1748,0,0
0.17019,0,0
0.20057,0,0
0.23873,0,0
0.2703,1,0
0.26474,0,0
0.22524,0,0
0.19874,0,0
0.18475,0,0
0.15347,0,0
0.10977,0,0
0.05641,0,0
0.02391,0,0
0.02369,0,0
0.02311,0,0
0.0172,0,0
0.01083,0,0
0.00879,0,0
0.00656,0,0
0.01542,0,0
0.03916,0,0
0.07366,0,0
0.119,0,0
0.14103,0,0
0.13774,0,0
0.13441,0,0
0.13063,0,0
0.12091,0,0
0.10438,0,0
0.08802,0,0
0.07436,0,0
0.05991,0,0
0.04303,0,0
0.02979,0,0
0.0187,0,0
0.01727,0,0
0.02569,0,0
0.03427,0,0
0.04544,0,0
0.05671,0,0
0.06635,0,0
0.07614,0,0
0.08628,0,0
0.09197,0,0
0.09263,0,0
0.09296,0,0
0.09363,0,0
0.09282,0,0
0.09014,0,0
0.08774,0,0
0.08493,0,0
0.0811,0,0
0.0756,0,0
0.07035,0,0
0.06501,0,0
0.07314,0,0
0.09482,0,0
0.12084,0,0
0.15045,0,0
0.14582,0,0
0.10741,0,0
0.07844,0,0
0.0512,0,0
0.03852,0,0
0.03553,0,0
0.03276,0,0
0.03004,0,0
0.03419,0,0
0.04641,0,0
0.05899,0,0
0.07169,0,0
0.10143,0,0
0.14905,0,0
0.1922,0,0
0.23139,0,0
0.26825,1,1
0.30667,1,1
0.35268,1,1
0.42086,1,1
0.46805,1,1
0.48445,1,1
0.47944,1,1
0.45222,1,1
0.44357,1,1
0.4518,1,1
0.43672,1,1
0.39925,1,1
0.36592,1,1
0.3399,1,1
0.30819,1,1
0.27308,1,1
0.22345,0,0
0.16043,0,0
0.14306,0,0
0.17313,0,0
0.21741,0,0
0.27521,1,1
0.3049,1,1
0.3018,1,1
0.30964,1,1
0.32971,1,1
0.33251,1,1
0.30838,1,1
0.26972,1,1
0.21672,0,0
0.18587,0,0
0.17652,0,0
0.16291,0,0
0.15315,0,0
0.15173,0,0
0.14921,0,0
0.13988,0,0
0.12609,0,0
0.11255,0,0
0.09924,0,0
0.07652,0,0
0.05108,0,0
0.02899,0,0
0.01264,0,0
0.01172,0,0
0.02644,0,0
0.04459,0,0
0.068,0,0
0.0909,0,0
0.11462,0,0
0.1385,0,0
0.17488,0,0
0.19165,0,0
0.18173,0,0
0.17162,0,0
0.1613,0,0
0.15298,0,0
0.14953,0,0
0.14554,0,0
0.14201,0,0
0.14349,0,0
0.15122,0,0
0.15871,0,0
0.16648,0,0
0.18985,0,0
0.22638,0,0
0.2632,0,0
0.30032,0,0
0.34476,0,0
0.38587,0,0
0.42763,0,0
0.47006,0,0
0.46911,0,0
0.41992,0,0
0.37136,0,0
0.32279,0,0
0.28041,0,0
0.23185,0,0
0.18408,0,0
0.15722,0,0
0.16403,0,0
0.22006,0,0
0.29333,0,0
0.38062,0,0
0.41323,0,0
0.37648,0,0
0.34027,0,0
0.30983,0,0
0.30755,0,0
0.33861,0,0
0.38528,0,0
0.44543,0,0
0.47051,0,0
0.45987,0,0
0.46599,0,0
0.47901,0,0
0.51183,0,0
0.56849,0,0
0.61123,0,0
0.63817,1,1
0.6506,1,1
0.64797,1,1
0.64444,1,1
0.64131,1,1
0.63472,1,1
0.62472,1,1
0.61472,0,0
0.60866,0,0
0.60305,0,0
0.59582,0,0
0.58789,0,0
0.57108,0,0
0.56428,0,0
0.5667,0,0
0.56817,0,0
0.56308,0,0
0.5672,0,0
0.57234,0,0
0.55803,0,0
0.52565,0,0
0.48797,0,0
0.45191,0,0
0.44866,0,0
0.4721,0,0
0.49096,0,0
0.5059,0,0
0.47527,0,0
0.40973,0,0
0.36811,0,0
0.34729,0,0
0.34773,0,0
0.36497,0,0
0.37133,0,0
0.36893,0,0
0.37263,0,0
0.37912,0,0
0.42406,0,0
0.5081,0,0
0.59327,0,0
0.67344,1,1
0.78623,1,1
0.92121,1,1
1.05152,1,1
1.16591,1,1
1.20007,1,1
1.17088,1,1
1.1357,1,1
1.09097,1,1
1.0541,1,1
1.02516,1,1
0.99925,1,1
0.97148,1,1
0.91975,1,1
0.84435,1,1
0.76456,1,1
0.68099,1,1
0.5628,0,0
0.41471,0,0
0.28328,0,0
0.18453,0,0
0.14662,0,0
0.14233,0,0
0.13801,0,0
0.13365,0,0
0.12725,0,0
0.11825,0,0
0.10952,0,0
0.1002,0,0
0.09254,0,0
0.08379,0,0
0.0749,0,0
0.06586,0,0
0.06445,0,0
0.07032,0,0
0.0765,0,0
0.08272,0,0
0.07096,0,0
0.0428,0,0
0.02397,0,0
0.00727,0,0
0.00528,0,0
0.00527,0,0
0.00523,0,0
0.00521,0,0
0.01736,0,0
0.04731,0,0
0.08489,0,0
0.13016,0,0
0.17852,0,0
0.23549,0,0
0.28656,0,0
0.31932,0,0
0.35626,0,0
0.39717,0,0
0.43681,1,1
0.47313,1,1
0.51731,1,1
0.56646,1,1
0.59593,1,1
0.60444,1,1
0.6204,1,1
0.64312,1,1
0.65479,1,1
0.65747,1,1
0.65707,1,1
0.65372,1,1
0.63951,1,1
0.61195,1,1
0.59228,1,1
0.57961,1,1
0.55774,1,1
0.52853,1,1
0.49824,1,1
0.46724,1,1
0.45409,1,1
0.45748,1,1
0.45833,1,1
0.45875,1,1
0.42746,0,0
0.37187,0,0
0.32098,0,0
0.27453,0,0
0.24046,0,0
0.21136,0,0
0.18359,0,0
0.15504,0,0
0.11252,0,0
0.07039,0,0
0.04718,0,0
0.02838,0,0
0.00779,0,0
0.0,0,0
0.0,0,0
0.0,0,0
0.0,0,0
0.0,0,0
0.0,0,0
0.0,0,0
0.0,0,0
0.0,0,0
0.0,0,0
0.0,0,0
0.0,0,0
0.00036,0,0
0.00203,0,0
0.00437,0,0
0.00818,0,0
0.01946,0,0
0.02927,0,0
0.03773,0,0
0.05056,0,0
0.0636,0,0
0.08158,0,0
0.11137,0,0
0.14451,0,0
0.19185,0,0
0.19916,0,0
0.1584,0,0
0.13163,0,0
0.1052,0,0
0.10197,0,0
0.12313,0,0
0.1448,0,0
0.16761,0,0
0.18767,0,0
0.20339,0,0
0.21853,0,0
0.23472,0,0
0.24301,0,0
0.24417,0,0
0.24533,0,0
0.24554,0,0
0.25787,0,0
0.28236,0,0
0.30689,0,0
0.33059,0,0
0.39366,0,0
0.48477,0,0
0.5833,0,0
0.69083,0,0
0.63307,0,0
0.43824,0,0
0.2972,0,0
0.21891,0,0
0.22958,0,0
0.3168,0,0
0.37837,0,0
0.39273,0,0
0.42577,0,0
0.48209,0,0
0.52626,0,0
0.56008,0,0
0.60693,0,0
0.66683,0,0
0.70951,0,0
0.72998,0,0
0.74809,1,1
0.76247,1,1
0.76684,1,1
0.76574,1,1
0.77189,1,1
0.78809,1,1
0.79801,1,1
0.80183,1,1
0.79851,1,1
0.78369,1,1
0.76091,1,1
0.72858,0,0
0.70982,0,0
0.70211,0,0
0.68089,0,0
0.64577,0,0
0.63437,0,0
0.67012,0,0
0.71144,0,0
0.75679,1,1
0.75283,1,1
0.68135,0,0
0.60776,0,0
0.53132,0,0
0.44179,0,0
0.35199,0,0
0.25623,0,0
0.17078,0,0
0.15173,0,0
0.19493,0,0
0.24857,0,0
0.33534,0,0
0.40338,0,0
0.45253,0,0
0.5032,0,0
0.5542,0,0
0.60753,0,0
0.66655,0,0
0.72666,0,0
0.78762,1,1
0.8065,1,1
0.78652,1,1
0.76231,1,1
0.74039,1,1
0.75758,1,1
0.8091,1,1
0.85969,1,1
0.90807,1,1
0.85422,1,1
0.67799,0,0
0.48932,0,0
0.32068,0,0
0.3025,0,0
0.42895,0,0
0.58176,0,0
0.74246,1,1
0.83697,1,1
0.86792,1,1
0.8991,1,1
0.92856,1,1
0.91939,1,1
0.8657,1,1
0.81343,1,1
0.75677,1,1
0.75061,1,1
0.7907,1,1
0.8311,1,1
0.87183,1,1
0.8183,1,1
0.65738,1,1
0.49868,0,0
0.36028,0,0
0.30013,0,0
0.30018,0,0
0.30023,0,0
0.30028,0,0
0.34254,0,0
0.44587,0,0
0.55428,0,0
0.67629,1,1
0.72217,1,1
0.69221,1,1
0.66586,1,1
0.63785,1,1
0.61168,1,1
0.58293,1,1
0.57444,1,1
0.58138,1,1
0.56745,1,1
0.52997,0,0
0.50983,0,0
0.5064,0,0
0.46098,0,0
0.37987,0,0
0.3067,0,0
0.24081,0,0
0.20838,0,0
0.19867,0,0
0.19568,0,0
0.19896,0,0
0.19527,0,0
0.18477,0,0
0.19597,0,0
0.23546,0,0
0.28775,0,0
0.34605,0,0
0.36066,0,0
0.33205,0,0
0.30888,0,0
0.29145,0,0
0.28203,0,0
0.2798,0,0
0.28952,0,0
0.3106,0,0
0.3143,0,0
0.3003,0,0
0.28949,0,0
0.27882,0,0
0.26866,0,0
0.25858,0,0
0.2098,0,0
0.1459,0,0
0.0983,0,0
0.06662,0,0
0.04501,0,0
0.03423,0,0
0.0278,0,0
0.02381,0,0
0.01735,0,0
0.00616,0,0
0.0036,0,0
0.00123,0,0
0.00034,0,0
0.00095,0,0
0.00157,0,0
0.0022,0,0
0.00231,0,0
0.0019,0,0
0.00149,0,0
0.00108,0,0
4e-05,0,0
0.0,0,0
0.0,0,0
0.0,0,0
0.0,0,0
0.0,0,0
0.0,0,0
0.0,0,0
0.0,0,0
0.0,0,0
0.0,0,0
0.0,0,0
0.0,0,0
0.0,0,0
0.00112,0,0
0.00232,0,0
0.00403,0,0
0.00627,0,0
0.01302,0,0
0.02387,0,0
0.02106,0,0
0.00689,0,0
0.00337,0,0
0.0,0,0
0.0,0,0
0.0,0,0
0.0,0,0
0.0,0,0
0.0,0,0
0.0,0,0
0.0,0,0
0.0,0,0
0.0,0,0
0.0,0,0
0.0,0,0
0.0,0,0
0.00246,0,0
0.00771,0,0
0.01299,0,0
0.01831,0,0
0.02957,0,0
0.04682,0,0
0.06675,0,0
0.08927,0,0
0.11958,0,0
0.15706,1,1
0.15898,1,1
0.12698,0,0
0.09634,0,0
0.06736,0,0
0.07308,0,0
0.1115,0,0
0.15177,1,1
0.19374,1,1
0.20022,1,1
0.17314,1,1
0.15411,1,1
0.14358,1,1
0.13683,1,1
0.13455,1,1
0.13082,1,1
0.12631,0,0
0.12514,0,0
0.12703,0,0
0.12985,1,1
0.13251,1,1
0.13317,1,1
0.13106,1,1
0.12863,1,1
0.12562,0,0
0.12632,0,0
0.1313,1,1
0.1386,1,1
0.15526,1,1
0.16448,1,1
0.16547,1,1
0.16155,1,1
0.14859,1,1
0.12919,1,1
0.10743,0,0
0.08526,0,0
0.07292,0,0
0.07322,0,0
0.07499,0,0
0.07322,0,0
0.06597,0,0
0.05886,0,0
0.05165,0,0
0.0535,0,0
0.06457,0,0
0.07578,0,0
0.08858,0,0
0.09234,0,0
0.08409,0,0
0.07755,0,0
0.07153,0,0
0.06646,0,0
0.06193,0,0
0.05756,0,0
0.05295,0,0
0.04686,0,0
0.03894,0,0
0.03334,0,0
0.02824,0,0
0.02009,0,0
0.00862,0,0
0.0047,0,0
0.00224,0,0
0.00121,0,0
0.00169,0,0
0.00218,0,0
0.00266,0,0
0.00341,0,0
0.00445,0,0
0.0055,0,0
0.00659,0,0
0.00628,0,0
0.00454,0,0
0.00276,0,0
0.00096,0,0
0.0,0,0
0.0,0,0
0.0,0,0
0.0,0,0
0.0,0,0
0.0,0,0
0.0,0,0
0.0,0,0
0.0,0,0
0.0,0,0
0.0,0,0
0.0,0,0
0.00401,0,0
0.01265,0,0
0.02153,0,0
0.03053,0,0
0.05944,0,0
0.10999,0,0
0.14431,1,1
0.16307,1,1
0.18802,1,1
0.21676,1,1
0.22326,1,1
0.2062,1,1
0.19624,1,1
0.19174,1,1
0.17912,1,1
0.15932,1,1
0.13667,0,0
0.1142,0,0
0.11038,0,0
0.12408,0,0
0.13053,0,0
0.1309,0,0
0.14393,1,1
0.16986,1,1
0.21001,1,1
0.25165,1,1
0.24596,1,1
0.19362,1,1
0.15727,1,1
0.13942,1,1
0.13667,0,1
0.1441,1,1
0.13227,0,0
0.10054,0,0
0.09226,0,0
0.10819,0,0
0.12024,0,0
0.12836,0,0
0.12338,0,0
0.1053,0,0
0.09797,0,0
0.10129,0,0
0.10406,0,0
0.10801,0,0
0.107,0,0
0.10273,0,0
0.10217,0,0
0.10341,0,0
0.10707,0,0
0.11134,0,0
0.11531,0,0
0.11961,0,0
0.12232,0,0
0.12305,0,0
0.12379,0,0
0.12453,0,0
0.13551,0,0
0.16904,1,1
0.20674,1,1
0.24468,1,1
0.21619,1,1
0.13056,0,0
0.07824,0,0
0.03841,0,0
0.02728,0,0
0.03263,0,0
0.03848,0,0
0.04676,0,0
0.05144,0,0
0.0523,0,0
0.05336,0,0
0.05428,0,0
0.05244,0,0
0.04772,0,0
0.04275,0,0
0.03904,0,0
0.03657,0,0
0.03476,0,0
0.0329,0,0
0.03086,0,0
0.02695,0,0
0.02101,0,0
0.01497,0,0
0.00884,0,0
0.02017,0,0
0.05108,0,0
0.09609,0,0
0.15476,1,1
0.1635,1,1
0.11995,1,1
0.08342,0,0
0.05242,0,0
0.03803,0,0
0.03497,0,0
0.03214,0,0
0.02929,0,0
0.03767,0,0
0.06095,0,0
0.08408,0,0
0.10078,0,0
0.10162,0,0
0.09058,0,0
0.08739,0,0
0.09044,0,0
0.09477,0,0
0.09999,0,0
0.11122,0,0
0.12834,1,1
0.13299,1,1
0.12547,1,1
0.12604,1,1
0.12505,1,1
0.12965,1,1
0.13968,1,1
0.15431,1,1
0.17198,1,1
0.18775,1,1
0.19273,1,1
0.1896,1,1
0.1797,1,1
0.16877,1,1
0.15729,1,1
0.14521,1,1
0.13091,1,1
0.12285,1,1
0.12165,1,1
0.12122,1,1
0.12372,1,1
0.11098,0,0
0.08922,0,0
0.06962,0,0
0.06004,0,0
0.0531,0,0
0.04628,0,0
0.04073,0,0
0.03656,0,0
0.03264,0,0
0.02912,0,0
0.02396,0,0
0.01714,0,0
0.00846,0,0
0.00243,0,0
0.00076,0,0
0.00043,0,0
0.00053,0,0
0.0,0,0
0.0,0,0
0.0,0,0
0.0,0,0
0.0,0,0
0.0,0,0
0.0,0,0
0.0,0,0
0.00055,0,0
0.00198,0,0
0.00342,0,0
0.00416,0,0
0.0042,0,0
0.00422,0,0
0.00426,0,0
0.00356,0,0
0.00208,0,0
0.00058,0,0
0.0,0,0
0.0,0,0
0.0,0,0
0.0,0,0
0.0,0,0
0.0,0,0
0.0,0,0
0.00116,0,0
0.00241,0,0
0.00332,0,0
0.00386,0,0
0.00444,0,0
0.00502,0,0
0.00534,0,0
0.00539,0,0
0.00545,0,0
0.0055,0,0
0.00498,0,0
0.00388,0,0
0.00279,0,0
0.00169,0,0
0.00224,0,0
0.00438,0,0
0.00653,0,0
0.01099,0,0
0.01087,0,0
0.00633,0,0
0.00418,0,0
0.00208,0,0
0.00611,0,0
0.01664,0,0
0.03838,0,0
0.06304,0,0
0.07499,1,0
0.06908,0,0
0.06897,0,0
0.07523,1,1
0.08034,1,1
0.08423,1,1
0.09304,1,1
0.1068,1,1
0.11549,1,1
0.11992,1,1
0.12112,1,1
0.11959,1,1
0.12593,1,1
0.1395,1,1
0.14659,1,1
0.14739,1,1
0.13621,1,1
0.11339,1,1
0.09767,1,1
0.08471,1,1
0.07485,1,1
0.07167,0,0
0.07185,0,0
0.07535,1,1
0.08077,1,1
0.08803,1,1
0.08767,1,1
0.07829,1,1
0.07214,0,0
0.06964,0,0
0.06074,0,0
0.04556,0,0
0.02816,0,0
0.00917,0,0
0.00393,0,0
0.01167,0,0
0.01755,0,0
0.02141,0,0
0.01969,0,0
0.01256,0,0
0.00462,0,0
0.0,0,0
0.0,0,0
0.0,0,0
0.0,0,0
0.0,0,0
0.0,0,0
0.0,0,0
0.0,0,0
0.0,0,0
0.0,0,0
0.0,0,0
0.0,0,0
0.0,0,0
0.0,0,0
0.0,0,0
0.0,0,0
0.0,0,0
0.0,0,0
0.0,0,0
0.0,0,0
0.0,0,0
0.0,0,0
0.0,0,0
0.0,0,0
0.0,0,0
0.0,0,0
0.0,0,0
0.00031,0,0
0.0,0,0
0.0,0,0
0.0,0,0
0.0,0,0
0.0,0,0
0.0,0,0
0.0,0,0
0.0,0,0
0.0,0,0
0.0,0,0
0.0,0,0
0.0,0,0
0.0,0,0
0.00134,0,0
0.00275,0,0
0.00429,0,0
0.00596,0,0
0.00762,0,0
0.01274,0,0
0.01594,0,0
0.01445,0,0
0.01294,0,0
0.01148,0,0
0.01578,0,0
0.02572,0,0
0.03659,0,0
0.04706,0,0
0.06523,0,0
0.08626,0,0
0.10404,0,0
0.11803,0,0
0.13737,0,0
0.16471,0,0
0.1968,0,0
0.22867,0,0
0.25029,0,0
0.26068,0,0
0.25936,0,0
0.2477,0,0
0.23315,0,0
0.21654,0,0
0.19848,0,0
0.18047,0,0
0.17164,0,0
0.17125,0,0
0.18414,0,0
0.20999,0,0
0.24233,0,0
0.29541,0,0
0.33422,1,1
0.35769,1,1
0.37513,1,1
0.37923,1,1
0.37736,1,1
0.37061,1,1
0.36252,1,1
0.35313,1,1
0.34857,1,1
0.34885,1,1
0.35338,1,1
0.35969,1,1
0.37067,1,1
0.38502,1,1
0.41677,1,1
0.46786,1,1
0.51865,1,1
0.57558,1,1
0.60502,1,1
0.61029,1,1
0.61754,1,1
0.62556,1,1
0.56388,1,1
0.43497,1,1
0.32569,0,0
0.23442,0,0
0.19542,0,0
0.19677,0,0
0.19747,0,0
0.19885,0,0
0.15112,0,0
0.0888,0,0
0.04204,0,0
0.01127,0,0
0.00454,0,0
0.00409,0,0
0.00366,0,0
0.0032,0,0
0.00481,0,0
0.01294,0,0
0.03046,0,0
0.05137,0,0
0.06395,0,0
0.06116,0,0
0.05849,0,0
0.05552,0,0
0.06207,0,0
0.07841,0,0
0.09501,0,0
0.11375,0,0
0.13743,0,0
0.16105,0,0
0.18583,0,0
0.22198,1,1
0.21958,1,1
0.1835,0,0
0.15545,0,0
0.1269,0,0
0.11997,0,0
0.13506,0,0
0.15082,0,0
0.16601,0,0
0.16535,0,0
0.14904,0,0
0.13301,0,0
0.11723,0,0
0.10545,0,0
0.09579,0,0
0.08636,0,0
0.07715,0,0
0.06497,0,0
0.05819,0,0
0.05545,0,0
0.0633,0,0
0.08913,0,0
0.12936,0,0
0.15716,0,0
0.16927,0,0
0.18388,0,0
0.19719,0,0
0.21723,1,1
0.24535,1,1
0.26971,1,1
0.29317,1,1
0.31193,1,1
0.32735,1,1
0.34475,1,1
0.36364,1,1
0.37792,1,1
0.38962,1,1
0.41977,1,1
0.46792,1,1
0.45041,1,1
0.36806,1,1
0.28068,1,1
0.22235,1,1
0.20957,0,0
0.21284,0,0
0.21159,0,0
0.20324,0,0
0.20368,0,0
0.21358,1,1
0.22381,1,1
0.23687,1,1
0.23028,1,1
0.20384,0,0
0.18239,0,0
0.16588,0,0
0.14229,0,0
0.11335,0,0
0.08774,0,0
0.06382,0,0
0.04658,0,0
0.03573,0,0
0.01636,0,0
0.00223,0,0
0.0007,0,0
0.0,0,0
0.0,0,0
0.0,0,0
0.0,0,0
0.0,0,0
0.0,0,0
0.0,0,0
0.0,0,0
0.0,0,0
0.0,0,0
0.0,0,0
0.0,0,0
0.0016,0,0
0.00497,0,0
0.01623,0,0
0.03611,0,0
0.06409,0,0
0.08849,0,0
0.1082,0,0
0.13146,0,0
0.1549,0,0
0.17688,0,0
0.21179,0,0
0.24752,1,1
0.28409,1,1
0.2864,0,0
0.25456,0,0
0.2222,0,0
0.18929,0,0
0.18093,0,0
0.18319,0,0
0.18475,0,0
0.1871,0,0
0.19387,0,0
0.20699,0,0
0.22484,0,0
0.24405,0,0
0.2452,0,0
0.229,0,0
0.21279,0,0
0.20114,0,0
0.22561,0,0
0.29907,0,0
0.37341,0,0
0.47346,0,0
0.52599,0,0
0.53205,0,0
0.53792,0,0
0.54362,0,0
0.52201,0,0
0.47869,0,0
0.4343,0,0
0.39209,0,0
0.41949,0,0
0.51033,0,0
0.60776,0,0
0.70003,0,0
0.7748,0,0
0.82965,0,0
0.8629,1,1
0.8717,1,1
0.8563,0,0
0.81517,0,0
0.78392,0,0
0.75048,0,0
0.77251,0,0
0.8609,0,0
0.96192,1,1
1.0641,1,1
1.08632,1,1
1.0205,1,1
0.9995,1,1
1.0157,1,1
1.05289,1,1
1.10838,1,1
1.08285,1,1
0.9816,1,1
0.92291,1,1
0.90972,1,1
0.96285,1,1
1.0708,1,1
1.13651,1,1
1.16171,1,1
1.14336,1,1
1.08778,1,1
1.03456,1,1
0.97444,1,1
0.91711,1,1
0.86319,1,1
0.83435,0,0
0.82459,0,0
0.74967,0,0
0.65748,0,0
0.5792,0,0
0.48304,0,0
0.39814,0,0
0.32241,0,0
0.30955,0,0
0.36074,0,0
0.4123,0,0
0.47081,0,0
0.47937,0,0
0.43666,0,0
0.39969,0,0
0.36099,0,0
0.29707,0,0
0.22796,0,0
0.16182,0,0
0.1245,0,0
0.08617,0,0
0.05389,0,0
0.02816,0,0
0.00705,0,0
0.00339,0,0
0.00053,0,0
0.0,0,0
0.0,0,0
0.0,0,0
0.0,0,0
0.0,0,0
0.0,0,0
0.0,0,0
0.0,0,0
0.0,0,0
0.0,0,0
0.0,0,0
0.0,0,0
0.0,0,0
0.0,0,0
0.0,0,0
0.0,0,0
0.0,0,0
0.0,0,0
0.0,0,0
0.0,0,0
0.0,0,0
0.0,0,0
0.0,0,0
0.0,0,0
0.0,0,0
0.0,0,0
0.0,0,0
0.0,0,0
0.0,0,0
0.0,0,0
0.0118,0,0
0.04584,0,0
0.08,0,0
0.09446,0,0
0.10198,0,0
0.10899,0,0
0.12398,0,0
0.14997,0,0
0.17069,0,0
0.18836,0,0
0.20476,0,0
0.26212,0,0
0.36818,1,1
0.4762,1,1
0.49939,1,1
0.42927,1,1
0.33837,1,1
0.2825,0,0
0.28573,0,0
0.31172,1,1
0.34245,1,1
0.35554,1,1
0.37803,1,1
0.40827,1,1
0.43265,1,1
0.45349,1,1
0.45913,1,1
0.45425,1,1
0.46844,1,1
0.49837,1,1
0.4937,1,1
0.45874,1,1
0.43116,1,1
0.41192,1,1
0.38232,1,1
0.34733,1,1
0.31404,1,1
0.28889,0,0
0.27653,0,0
0.26832,0,0
0.27641,0,0
0.29686,1,0
0.28958,0,0
0.28098,0,0
0.2682,0,0
0.22892,0,0
0.19119,0,0
0.15362,0,0
0.13893,0,0
0.13507,0,0
0.13119,0,0
0.12728,0,0
0.10584,0,0
0.07191,0,0
0.04304,0,0
0.02247,0,0
0.01318,0,0
0.01327,0,0
0.01332,0,0
0.01341,0,0
0.01136,0,0
0.00711,0,0
0.006,0,0
0.00512,0,0
0.00446,0,0
0.00401,0,0
0.00356,0,0
0.0031,0,0
0.00265,0,0
0.00221,0,0
0.00176,0,0
0.00129,0,0
0.00105,0,0
0.00106,0,0
0.00107,0,0
0.00109,0,0
0.00252,0,0
0.00545,0,0
0.01022,0,0
0.02433,0,0
0.03108,0,0
0.02992,0,0
0.02886,0,0
0.02778,0,0
0.02923,0,0
0.03307,0,0
0.03688,0,0
0.04066,0,0
0.03659,0,0
0.02476,0,0
0.01303,0,0
0.00667,0,0
0.00514,0,0
0.00456,0,0
0.00398,0,0
0.0034,0,0
0.01006,0,0
0.0249,0,0
0.04002,0,0
0.05589,0,0
0.05941,0,0
0.05044,0,0
0.05126,0,0
0.06212,0,0
0.06981,0,0
0.0748,0,0
0.08495,0,0
0.10211,0,0
0.12237,0,0
0.13883,1,1
0.14658,1,1
0.14649,1,1
0.14964,1,1
0.15543,1,1
0.15539,1,1
0.14915,1,1
0.15282,1,1
0.17048,1,1
0.18583,1,1
0.20605,1,1
0.21124,1,1
0.20186,1,1
0.20013,1,1
0.20665,1,1
0.22311,1,1
0.24856,1,1
0.25928,1,1
0.25826,1,1
0.23141,1,1
0.18439,1,1
0.15887,1,1
0.14694,1,1
0.13687,1,1
0.12774,0,0
0.11783,0,0
0.10525,0,0
0.09057,0,0
0.07369,0,0
0.05357,0,0
0.03512,0,0
0.03266,0,0
0.04882,0,0
0.06771,0,0
0.0867,0,0
0.10257,0,0
0.10949,0,0
0.11609,0,0
0.12309,0,0
0.1235,0,0
0.11725,0,0
0.11097,0,0
0.10498,0,0
0.09522,0,0
0.08379,0,0
0.0746,0,0
0.06501,0,0
0.06186,0,0
0.06569,0,0
0.06933,0,0
0.07325,0,0
0.07868,0,0
0.08588,0,0
0.09345,0,0
0.10331,0,0
0.10404,0,0
0.09614,0,0
0.08994,0,0
0.08391,0,0
0.08113,0,0
0.08174,0,0
0.08236,0,0
0.08298,0,0
0.08554,0,0
0.09041,0,0
0.09577,0,0
0.10091,0,0
0.09305,0,0
0.07143,0,0
0.04945,0,0
0.03459,0,0
0.01942,0,0
0.00732,0,0
0.00397,0,0
0.00062,0,0
0.0,0,0
0.0,0,0
0.0,0,0
0.0,0,0
0.0,0,0
0.0,0,0
0.0,0,0
0.00044,0,0
0.00386,0,0
0.00974,0,0
0.01575,0,0
0.02184,0,0
0.04089,0,0
0.06916,0,0
0.08311,0,0
0.08231,0,0
0.08149,0,0
0.08066,0,0
0.09232,0,0
0.11723,0,0
0.14566,0,0
0.17646,1,1
0.18331,1,1
0.16696,1,1
0.15783,0,0
0.15821,0,0
0.17514,1,1
0.20386,1,1
0.20292,1,1
0.17259,1,1
0.15558,0,0
0.15732,0,0
0.1696,1,1
0.19293,1,1
0.20054,1,1
0.19178,1,1
0.19771,1,1
0.21804,1,1
0.21565,1,1
0.18978,1,1
0.15812,0,0
0.11984,0,0
0.10724,0,0
0.11957,0,0
0.13642,0,0
0.15676,0,0
0.17008,1,1
0.17154,1,1
0.17032,1,1
0.16469,1,1
0.15862,0,0
0.15171,0,0
0.15607,0,0
0.18232,1,1
0.20858,1,1
0.23359,1,1
0.22304,1,1
0.17639,1,1
0.1385,0,0
0.11266,0,0
0.10314,0,0
0.11048,0,0
0.11792,0,0
0.12546,0,0
0.12927,0,0
0.12972,0,0
0.13018,0,0
0.13064,0,0
0.12351,0,0
0.10857,0,0
0.093,0,0
0.08099,0,0
0.07896,0,0
0.0862,0,0
0.09416,0,0
0.10411,0,0
0.10766,0,0
0.10469,0,0
0.1016,0,0
0.09873,0,0
0.08849,0,0
0.06978,0,0
0.05092,0,0
0.03645,0,0
0.03674,0,0
0.05195,0,0
0.07234,0,0
0.09286,0,0
0.10988,0,0
0.1242,0,0
0.13921,0,0
0.15447,0,0
0.15797,0,0
0.14891,0,0
0.1405,0,0
0.13207,0,0
0.1321,0,0
0.14117,0,0
0.14969,0,0
0.15821,0,0
0.16888,1,1
0.18154,1,1
0.19651,1,1
0.2199,1,1
0.22312,1,1
0.20852,1,1
0.19297,1,1
0.18247,1,1
0.18552,1,1
0.20281,1,1
0.21997,1,1
0.23124,1,1
0.21061,1,1
0.17254,1,1
0.14858,0,0
0.13215,0,0
0.1359,0,0
0.15952,0,0
0.17124,1,1
0.1708,1,1
0.16931,1,1
0.1662,0,0
0.16713,0,0
0.17137,1,1
0.17123,1,1
0.16524,0,0
0.15773,0,0
0.14776,0,0
0.13151,0,0
0.10886,0,0
0.09075,0,0
0.07831,0,0
0.07165,0,0
0.07093,0,0
0.06764,0,0
0.06214,0,0
0.07037,0,0
0.09236,0,0
0.12714,0,0
0.16755,0,0
0.18785,1,0
0.16573,0,0
0.14757,0,0
0.1251,0,0
0.11272,0,0
0.11077,0,0
0.10736,0,0
0.10194,0,0
0.11276,0,0
0.13957,0,0
0.17838,1,1
0.2271,1,1
0.22786,1,1
0.18017,1,1
0.14238,0,0
0.1158,0,0
0.09583,0,0
0.08461,0,0
0.07509,0,0
0.06543,0,0
0.05223,0,0
0.03675,0,0
0.0259,0,0
0.01497,0,0
0.01001,0,0
0.01115,0,0
0.0123,0,0
0.01345,0,0
0.01518,0,0
0.01748,0,0
0.01979,0,0
0.02212,0,0
0.02171,0,0
0.01863,0,0
0.01538,0,0
0.01207,0,0
0.01096,0,0
0.01222,0,0
0.01343,0,0
0.01465,0,0
0.01294,0,0
0.00811,0,0
0.00686,0,0
0.00588,0,0
0.00513,0,0
0.00464,0,0
0.00413,0,0
0.0036,0,0
0.00446,0,0
0.0067,0,0
0.01137,0,0
0.02217,0,0
0.03624,0,0
0.0566,0,0
0.08379,0,0
0.11103,0,0
0.13342,0,0
0.14089,0,0
0.14826,0,0
0.15551,0,0
0.1453,0,0
0.13846,0,0
0.14168,0,0
0.1371,0,0
0.15003,0,0
0.18058,0,0
0.21268,0,0
0.25349,0,0
0.29722,0,0
0.34939,1,1
0.37029,1,1
0.35404,1,1
0.33617,0,0
0.31497,0,0
0.33031,0,0
0.38558,1,1
0.44029,1,1
0.49227,1,1
0.51007,1,1
0.49298,1,1
0.4857,1,1
0.48969,1,1
0.48726,1,1
0.48495,1,1
0.47575,1,1
0.45883,1,1
0.4569,1,1
0.46825,1,1
0.47901,1,1
0.48953,1,1
0.48661,1,1
0.47131,1,1
0.46754,1,1
0.47131,1,1
0.4269,1,1
0.34343,1,1
0.27044,0,0
0.20863,0,0
0.18577,0,0
0.18324,0,0
0.17582,0,0
0.16127,0,0
0.10012,0,0
0.0286,0,0
0.00537,0,0
0.01309,0,0
0.02418,0,0
0.03523,0,0
0.04037,0,0
0.03508,0,0
0.03113,0,0
0.02715,0,0
0.02631,0,0
0.02856,0,0
0.03094,0,0
0.03326,0,0
0.03296,0,0
0.02989,0,0
0.02679,0,0
0.02367,0,0
0.02268,0,0
0.02376,0,0
0.02485,0,0
0.02602,0,0
0.02991,0,0
0.03668,0,0
0.04565,0,0
0.05635,0,0
0.07006,0,0
0.08702,0,0
0.10779,0,0
0.13185,0,0
0.13333,0,0
0.11104,0,0
0.09164,0,0
0.07513,0,0
0.07758,0,0
0.09947,0,0
0.12847,0,0
0.15924,0,0
0.16318,0,0
0.14015,0,0
0.11675,0,0
0.09704,0,0
0.07921,0,0
0.06097,0,0
0.04444,0,0
0.0327,0,0
0.0314,0,0
0.04036,0,0
0.05084,0,0
0.06475,0,0
0.08256,0,0
0.10382,0,0
0.13252,0,0
0.16108,0,0
0.19086,0,0
0.23664,0,0
0.28291,0,0
0.32762,0,0
0.3809,0,0
0.43666,1,1
0.45488,1,1
0.4239,0,0
0.37657,0,0
0.31743,0,0
0.28403,0,0
0.27917,0,0
0.31482,0,0
0.38592,0,0
0.41904,0,0
0.41466,0,0
0.40102,0,0
0.39699,0,0
0.42415,1,1
0.47541,1,1
0.48817,1,1
0.46506,1,1
0.45734,1,1
0.46456,1,1
0.48137,1,1
0.50626,1,1
0.47856,1,1
0.40377,0,0
0.3479,0,0
0.31075,0,0
0.27523,0,0
0.24139,0,0
0.20564,0,0
0.19645,0,0
0.21204,0,0
0.23366,0,0
0.2475,0,0
0.24769,0,0
0.25091,0,0
0.25645,0,0
0.26016,0,0
0.2614,0,0
0.23913,0,0
0.19544,0,0
0.22136,0,0
0.34008,0,0
0.48507,1,1
0.64393,1,1
0.71277,1,1
0.69685,1,1
0.68082,1,1
0.66468,1,1
0.63811,1,1
0.59756,1,1
0.55532,1,1
0.51253,1,1
0.47765,1,1
0.45254,1,1
0.42862,1,1
0.40782,0,0
0.34619,0,0
0.2499,0,0
0.17408,0,0
0.12327,0,0
0.11581,0,0
0.14384,0,0
0.18386,0,0
0.2349,0,0
0.24363,0,0
0.20953,0,0
0.17421,0,0
0.1512,0,0
0.12569,0,0
0.09458,0,0
0.07126,0,0
0.04775,0,0
0.03483,0,0
0.02808,0,0
0.02118,0,0
0.01411,0,0
0.01299,0,0
0.01805,0,0
0.02328,0,0
0.02852,0,0
0.02111,0,0
0.00646,0,0
0.0022,0,0
0.0,0,0
0.0,0,0
0.0,0,0
0.0,0,0
0.0,0,0
0.0,0,0
0.0,0,0
0.0,0,0
0.0,0,0
0.00532,0,0
0.01665,0,0
0.02811,0,0
0.03955,0,0
0.06936,0,0
0.11909,0,0
0.13577,1,0
0.11569,0,0
0.1006,0,0
0.0928,0,0
0.09799,0,0
0.11406,0,0
0.13026,0,0
0.14727,1,1
0.15421,1,1
0.15139,1,1
0.15083,1,1
0.15189,1,1
0.15062,1,1
0.14763,1,1
0.14148,1,1
0.132,1,1
0.13935,1,1
0.16395,1,1
0.19778,1,1
0.23416,1,1
0.24437,1,1
0.22765,1,1
0.22081,1,1
0.21995,1,1
0.19684,1,1
0.14901,1,1
0.10656,0,0
0.06982,0,0
0.06263,0,0
0.08398,0,0
0.10025,0,0
0.11128,0,0
0.12769,0,0
0.14897,1,1
0.17939,1,1
0.20841,1,1
0.17668,1,1
0.10647,0,0
0.07006,0,0
0.05848,0,0
0.04683,0,0
0.0351,0,0
0.03223,0,0
0.03427,0,0
0.0372,0,0
0.04048,0,0
0.04215,0,0
0.04243,0,0
0.04271,0,0
0.04286,0,0
0.04158,0,0
0.03859,0,0
0.03603,0,0
0.03424,0,0
0.03641,0,0
0.04566,0,0
0.05544,0,0
0.06507,0,0
0.06875,0,0
0.06598,0,0
0.06317,0,0
0.06052,0,0
0.05197,0,0
0.03825,0,0
0.02894,0,0
0.0193,0,0
0.01213,0,0
0.00757,0,0
0.00637,0,0
0.00544,0,0
0.00475,0,0
0.00429,0,0
0.00382,0,0
0.00334,0,0
0.00375,0,0
0.00509,0,0
0.00646,0,0
0.00786,0,0
0.01151,0,0
0.01279,0,0
0.01406,0,0
0.0154,0,0
0.01094,0,0
0.00645,0,0
0.00432,0,0
0.00219,0,0
0.00085,0,0
0.00032,0,0
0.0,0,0
0.0,0,0
0.0049,0,0
0.0172,0,0
0.0297,0,0
0.04335,0,0
0.11319,0,0
0.25314,1,1
0.33191,1,1
0.32082,1,1
0.31237,1,1
0.31741,1,1
0.30088,1,1
0.25836,1,1
0.21845,0,0
0.20168,0,0
0.21012,0,0
0.22305,0,0
0.22528,0,0
0.30686,1,1
0.3187,1,1
0.33883,1,1
0.38057,1,1
0.4495,1,1
0.43747,1,1
0.35521,1,1
0.27765,1,1
0.2392,0,0
0.2372,0,0
0.26297,1,1
0.30404,1,1
0.32579,1,1
0.33936,1,1
0.34257,1,1
0.34557,1,1
0.35396,1,1
0.33234,1,1
0.28582,1,1
0.24921,0,0
0.22092,0,0
0.18929,0,0
0.15593,0,0
0.1315,0,0
0.11201,0,0
0.07173,0,0
0.02249,0,0
0.00378,0,0
0.00341,0,0
0.00303,0,0
0.00265,0,0
0.00176,0,0
0.00035,0,0
0.0,0,0
0.0,0,0
0.0,0,0
0.0,0,0
0.0,0,0
0.00035,0,0
0.00109,0,0
0.00152,0,0
0.00195,0,0
0.00239,0,0
0.00219,0,0
0.00134,0,0
0.00048,0,0
0.0,0,0
0.0,0,0
0.0,0,0
0.0,0,0
0.0,0,0
0.0,0,0
0.0,0,0
0.0,0,0
0.0,0,0
0.0,0,0
0.0,0,0
0.0,0,0
0.0,0,0
0.0,0,0
0.0,0,0
0.0,0,0
0.0,0,0
0.0,0,0
0.0,0,0
0.0,0,0
0.0,0,0
0.0,0,0
0.0,0,0
0.0,0,0
0.0,0,0
0.0,0,0
0.0,0,0
0.0,0,0
0.0,0,0
0.0,0,0
0.0,0,0
0.0,0,0
0.0,0,0
0.00986,0,0
0.04108,0,0
0.07429,0,0
0.09286,0,0
0.11705,0,0
0.15223,0,0
0.18042,0,0
0.2002,0,0
0.21703,0,0
0.23144,0,0
0.248,0,0
0.26858,0,0
0.28206,0,0
0.28569,0,0
0.31207,1,1
0.36141,1,1
0.42274,1,1
0.49365,1,1
0.5021,1,1
0.44827,1,1
0.39607,1,1
0.34671,1,1
0.34476,1,1
0.38972,1,1
0.42103,1,1
0.43996,1,1
0.46184,1,1
0.48478,1,1
0.51745,1,1
0.55865,1,1
0.55265,1,1
0.50522,1,1
0.46502,1,1
0.43236,1,1
0.40023,1,1
0.37046,1,1
0.34729,1,1
0.32878,1,1
0.2752,0,0
0.19713,0,0
0.13948,0,0
0.10073,0,0
0.05997,0,0
0.01716,0,0
0.0,0,0
0.0,0,0
0.0,0,0
0.0,0,0
0.0,0,0
0.0,0,0
0.0,0,0
0.0,0,0
0.0,0,0
0.0,0,0
0.0,0,0
0.0,0,0
0.0,0,0
0.0,0,0
0.0,0,0
0.0,0,0
0.0,0,0
0.0,0,0
0.0,0,0
0.0,0,0
0.0,0,0
0.0,0,0
0.0,0,0
0.0,0,0
0.0,0,0
0.0,0,0
0.0,0,0
0.0,0,0
0.0,0,0
0.0,0,0
0.0,0,0
0.0,0,0
0.0,0,0
0.0,0,0
0.0,0,0
0.0,0,0
0.0,0,0
0.0,0,0
0.0,0,0
0.0,0,0
0.0,0,0
0.0,0,0
0.0,0,0
0.0,0,0
0.0,0,0
0.0,0,0
0.0,0,0
0.0,0,0
0.0,0,0
0.0,0,0
0.00122,0,0
0.00248,0,0
0.01126,0,0
0.03706,0,0
0.0782,0,0
0.13339,0,0
0.16976,0,0
0.16848,0,0
0.18562,0,0
0.22946,0,0
0.25771,0,0
0.26629,0,0
0.29363,0,0
0.35345,0,0
0.41209,1,1
0.46764,1,1
0.50471,1,1
0.52179,1,1
0.55354,1,1
0.59994,1,1
0.60861,1,1
0.57442,1,1
0.54707,1,1
0.52537,1,1
0.51364,1,1
0.51194,1,1
0.50243,1,1
0.48689,1,1
0.48979,1,1
0.51095,1,1
0.52927,1,1
0.54615,1,1
0.54487,1,1
0.52285,1,1
0.50877,1,1
0.50033,1,1
0.46227,1,1
0.40187,1,1
0.35261,0,0
0.31456,0,0
0.26049,0,0
0.1938,0,0
0.1434,0,0
0.11022,0,0
0.0683,0,0
0.02187,0,0
0.00423,0,0
0.00418,0,0
0.00414,0,0
0.00409,0,0
0.00479,0,0
0.00684,0,0
0.01362,0,0
0.02047,0,0
0.0225,0,0
0.01971,0,0
0.01688,0,0
0.01401,0,0
0.01356,0,0
0.01562,0,0
0.01775,0,0
0.01984,0,0
0.02151,0,0
0.02284,0,0
0.02413,0,0
0.02544,0,0
0.02243,0,0
0.01504,0,0
0.00759,0,0
0.00535,0,0
0.00508,0,0
0.00615,0,0
0.00755,0,0
0.01247,0,0
0.01261,0,0
0.00787,0,0
0.0066,0,0
0.0056,0,0
0.0059,0,0
0.00751,0,0
0.01437,0,0
0.02217,0,0
0.02681,0,0
0.02832,0,0
0.02973,0,0
0.03128,0,0
0.03011,0,0
0.02631,0,0
0.02239,0,0
0.01846,0,0
0.01986,0,0
0.02646,0,0
0.03306,0,0
0.03967,0,0
0.04281,0,0
0.04248,0,0
0.04215,0,0
0.042,0,0
0.04357,0,0
0.04767,0,0
0.05173,0,0
0.05606,0,0
0.06007,0,0
0.06367,0,0
0.09013,0,0
0.14073,0,0
0.20492,0,0
0.28671,1,1
0.35779,1,1
0.41606,1,1
0.4289,1,1
0.38732,1,1
0.37873,1,1
0.40815,1,1
0.42474,1,1
0.42939,1,1
0.46512,1,1
0.53445,1,1
0.60986,1,1
0.68545,1,1
0.66849,1,1
0.55779,1,1
0.46222,1,1
0.38078,1,1
0.32192,1,1
0.28884,1,1
0.24523,1,1
0.20913,1,1
0.19915,0,0
0.20095,0,0
0.21421,1,1
0.23337,1,1
0.22182,1,1
0.18092,0,0
0.14582,0,0
0.11311,0,0
0.0918,0,0
0.08116,0,0
0.07447,0,0
0.07172,0,0
0.06239,0,0
0.04778,0,0
0.04822,0,0
0.06064,0,0
0.07292,0,0
0.08689,0,0
0.09563,0,0
0.09626,0,0
0.0969,0,0
0.09755,0,0
0.08522,0,0
0.06614,0,0
0.04723,0,0
0.0314,0,0
0.02541,0,0
0.02559,0,0
0.02577,0,0
0.02586,0,0
0.02393,0,0
0.01969,0,0
0.01546,0,0
0.01126,0,0
0.0062,0,0
0.0042,0,0
0.00219,0,0
0.00016,0,0
0.00016,0,0
0.00227,0,0
0.00447,0,0
0.00676,0,0
0.01069,0,0
0.01196,0,0
0.01325,0,0
0.01451,0,0
0.01281,0,0
0.00806,0,0
0.00681,0,0
0.00582,0,0
0.00574,0,0
0.00658,0,0
0.00745,0,0
0.00911,0,0
0.00754,0,0
0.00511,0,0
0.00267,0,0
0.0002,0,0
0.0002,0,0
0.00269,0,0
0.00519,0,0
0.00769,0,0
0.01915,0,0
0.03465,0,0
0.05145,0,0
0.07499,0,0
0.10663,0,0
0.15725,0,0
0.21052,1,1
0.29655,1,1
0.33325,1,1
0.32262,1,1
0.31454,1,1
0.30897,1,1
0.26913,1,1
0.23274,1,1
0.20388,1,1
0.18388,1,1
0.18146,0,1
0.19166,1,1
0.20003,1,1
0.2079,1,1
0.22267,1,1
0.24401,1,1
0.24384,1,1
0.22274,1,1
0.2009,1,1
0.18202,0,1
0.18497,1,1
0.21794,1,1
0.26462,1,1
0.31138,1,1
0.28739,1,1
0.18847,1,1
0.11745,0,0
0.07076,0,0
0.05211,0,0
0.06144,0,0
0.06038,0,0
0.04892,0,0
0.04748,0,0
0.0572,0,0
0.06913,0,0
0.08381,0,0
0.08,0,0
0.05704,0,0
0.03501,0,0
0.01458,0,0
0.00312,0,0
0.00098,0,0
0.0,0,0
0.0,0,0
0.0,0,0
0.0,0,0
0.0,0,0
0.0,0,0
0.0,0,0
0.0,0,0
0.00015,0,0
0.00212,0,0
0.0041,0,0
0.00612,0,0
0.01441,0,0
0.02511,0,0
0.03589,0,0
0.05136,0,0
0.05661,0,0
0.04988,0,0
0.0433,0,0
0.03764,0,0
0.03067,0,0
0.02099,0,0
0.01113,0,0
0.00576,0,0
0.00512,0,0
0.00593,0,0
0.00677,0,0
0.0084,0,0
0.01511,0,0
0.02491,0,0
0.03487,0,0
0.0451,0,0
0.04086,0,0
0.0226,0,0
0.00706,0,0
0.00312,0,0
0.00314,0,0
0.00726,0,0
0.02364,0,0
0.04363,0,0
0.05497,0,0
0.05086,0,0
0.04718,0,0
0.04473,0,0
0.04608,0,0
0.05301,0,0
0.06131,0,0
0.06962,0,0
0.0642,0,0
0.04627,0,0
0.03427,0,0
0.02227,0,0
0.02505,0,0
0.04274,0,0
0.06055,0,0
0.07825,0,0
0.10526,0,0
0.14307,0,0
0.16655,0,0
0.17673,0,0
0.18621,0,0
0.20127,0,0
0.21808,0,0
0.30921,0,0
0.4803,1,1
0.64842,1,1
0.70335,1,1
0.62154,1,1
0.53182,1,1
0.43597,1,1
0.39593,1,1
0.41748,1,1
0.42309,1,1
0.41257,1,1
0.44094,1,1
0.50651,1,1
0.56468,1,1
0.61912,1,1
0.61686,1,1
0.55996,1,1
0.53185,1,1
0.53054,1,1
0.50277,1,1
0.45154,1,1
0.40324,1,1
0.36,0,0
0.35633,0,0
0.38125,1,1
0.3944,1,1
0.39136,1,1
0.34339,0,0
0.26925,0,0
0.21986,0,0
0.19095,0,0
0.15273,0,0
0.11205,0,0
0.09327,0,0
0.08471,0,0
0.0779,0,0
0.07166,0,0
0.06404,0,0
0.05478,0,0
0.04545,0,0
0.03651,0,0
0.03664,0,0
0.04641,0,0
0.05654,0,0
0.06682,0,0
0.07559,0,0
0.08227,0,0
0.08927,0,0
0.0984,0,0
0.09423,0,0
0.07993,0,0
0.06698,0,0
0.05385,0,0
0.04738,0,0
0.04757,0,0
0.04776,0,0
0.04778,0,0
0.04831,0,0
0.04919,0,0
0.04993,0,0
0.05087,0,0
0.0587,0,0
0.07415,0,0
0.08951,0,0
0.10673,0,0
0.1154,0,0
0.11152,0,0
0.10713,0,0
0.10342,0,0
0.09873,0,0
0.0919,0,0
0.08455,0,0
0.07739,0,0
0.07361,0,0
0.07335,0,0
0.07339,0,0
0.07312,0,0
0.07727,0,0
0.08588,0,0
0.09419,0,0
0.10292,0,0
0.10875,0,0
0.11271,0,0
0.1174,0,0
0.12202,0,0
0.1241,0,0
0.12455,0,0
0.12785,0,0
0.13164,0,0
0.16511,0,0
0.24471,0,0
0.28038,1,0
0.25504,0,0
0.24108,0,0
0.24197,0,0
0.26763,0,0
0.323,1,1
0.38107,1,1
0.44118,1,1
0.46474,1,1
0.44674,1,1
0.44637,1,1
0.46321,1,1
0.45405,1,1
0.41574,1,1
0.37118,1,1
0.32009,1,1
0.31819,1,1
0.36431,1,1
0.41505,1,1
0.46754,1,1
0.46184,1,1
0.40358,1,1
0.35009,1,1
0.30252,1,1
0.27648,1,1
0.27555,1,1
0.27283,1,1
0.26917,1,1
0.24815,0,0
0.20956,0,0
0.17323,0,0
0.13745,0,0
0.11676,0,0
0.1069,0,0
0.09777,0,0
0.08771,0,0
0.05571,0,0
0.01521,0,0
0.0,0,0
0.0,0,0
0.0,0,0
0.00036,0,0
0.00036,0,0
0.0,0,0
0.0,0,0
0.0,0,0
0.0,0,0
0.0,0,0
0.0,0,0
0.0,0,0
0.0,0,0
0.0,0,0
0.0,0,0
0.0,0,0
0.0,0,0
0.0,0,0
0.0,0,0
0.0,0,0
0.0,0,0
0.0,0,0
0.00154,0,0
0.00364,0,0
0.0045,0,0
0.00412,0,0
0.00372,0,0
0.0033,0,0
0.00284,0,0
0.00234,0,0
0.00184,0,0
0.00134,0,0
0.00031,0,0
0.0,0,0
0.0,0,0
0.0,0,0
0.0,0,0
0.0,0,0
0.0,0,0
0.0,0,0
0.0,0,0
0.0,0,0
0.0,0,0
0.0,0,0
0.0,0,0
0.0,0,0
0.0,0,0
0.0,0,0
0.0,0,0
0.00226,0,0
0.00662,0,0
0.02138,0,0
0.03939,0,0
0.05598,0,0
0.07329,0,0
0.09118,0,0
0.12363,0,0
0.17781,0,0
0.22519,0,0
0.26454,0,0
0.30874,0,0
0.36071,0,0
0.40964,0,0
0.45615,1,1
0.50262,1,1
0.55162,1,1
0.57963,1,1
0.57876,1,1
0.57269,1,1
0.566,1,1
0.56629,1,1
0.57427,1,1
0.56937,1,1
0.55775,1,1
0.53017,1,1
0.48265,1,1
0.44407,1,1
0.4172,0,0
0.42359,0,0
0.46205,1,1
0.50397,1,1
0.54816,1,1
0.54608,1,1
0.50102,1,1
0.45345,1,1
0.40843,0,0
0.41909,0,0
0.46937,1,1
0.50511,1,1
0.52217,1,1
0.4592,1,1
0.34913,0,0
0.25958,0,0
0.18469,0,0
0.12285,0,0
0.06832,0,0
0.03285,0,0
0.01545,0,0
0.00468,0,0
0.00101,0,0
0.0,0,0
0.0,0,0
0.00026,0,0
0.00071,0,0
0.00071,0,0
0.00027,0,0
0.0,0,0
0.0,0,0
0.0,0,0
0.00118,0,0
0.00256,0,0
0.00396,0,0
0.00419,0,0
0.00328,0,0
0.00236,0,0
0.00144,0,0
0.00121,0,0
0.00168,0,0
0.00215,0,0
0.00263,0,0
0.00147,0,0
0.0,0,0
0.0,0,0
0.0,0,0
0.0,0,0
0.0,0,0
0.0,0,0
0.0,0,0
0.0,0,0
0.0,0,0
0.0,0,0
0.0,0,0
0.0,0,0
0.0,0,0
0.0,0,0
0.0,0,0
0.0,0,0
0.0,0,0
0.0,0,0
0.0,0,0
0.0,0,0
0.0,0,0
0.0,0,0
0.0,0,0
0.0,0,0
0.0,0,0
0.0,0,0
0.0,0,0
0.01053,0,0
0.04298,0,0
0.0746,0,0
0.08334,0,0
0.09088,0,0
0.10367,0,0
0.12957,0,0
0.17248,0,0
0.21537,0,0
0.25557,0,0
0.29002,0,0
0.32081,1,1
0.3512,1,1
0.38113,1,1
0.4144,1,1
0.45496,1,1
0.51188,1,1
0.58392,1,1
0.58813,1,1
0.52225,1,1
0.46766,1,1
0.42242,1,1
0.40737,1,1
0.41975,1,1
0.41367,1,1
0.39,1,1
0.40451,1,1
0.45515,1,1
0.49974,1,1
0.53943,1,1
0.52902,1,1
0.47586,1,1
0.44032,1,1
0.42371,1,1
0.38131,1,1
0.32016,0,0
0.26067,0,0
0.20617,0,0
0.17429,0,0
0.15284,0,0
0.1337,0,0
0.11494,0,0
0.068,0,0
0.01677,0,0
0.0,0,0
0.0,0,0
0.00026,0,0
0.00068,0,0
0.00163,0,0
0.00312,0,0
0.00461,0,0
0.00612,0,0
0.0093,0,0
0.01036,0,0
0.01143,0,0
0.01255,0,0
0.01416,0,0
0.01631,0,0
0.01854,0,0
0.02073,0,0
0.02453,0,0
0.03006,0,0
0.03567,0,0
0.04253,0,0
0.05223,0,0
0.06293,0,0
0.07379,0,0
0.08452,0,0
0.08721,0,0
0.08167,0,0
0.07563,0,0
0.06941,0,0
0.06018,0,0
0.04726,0,0
0.03782,0,0
0.02954,0,0
0.02731,0,0
0.03141,0,0
0.03575,0,0
0.04007,0,0
0.04254,0,0
0.04291,0,0
0.0431,0,0
0.04348,0,0
0.04637,0,0
0.05357,0,0
0.06197,0,0
0.07038,0,0
0.08577,0,0
0.10788,0,0
0.13721,0,0
0.16682,0,0
0.22236,0,0
0.31838,0,0
0.4428,0,0
0.57926,1,1
0.71417,1,1
0.83095,1,1
0.95473,1,1
1.07972,1,1
1.14392,1,1
1.14727,1,1
1.15127,1,1
1.16492,1,1
1.12357,1,1
1.02962,1,1
0.90233,1,1
0.74894,1,1
0.62129,1,1
0.52367,1,1
0.46674,1,1
0.451,0,0
0.45864,0,0
0.47679,1,1
0.48182,1,1
0.4805,1,1
0.47426,1,1
0.46261,0,0
0.46483,0,0
0.48059,1,1
0.51147,1,1
0.55493,1,1
0.53171,1,1
0.44435,0,0
0.38349,0,0
0.34043,0,0
0.31251,0,0
0.29633,0,0
0.2758,0,0
0.25315,0,0
0.23559,0,0
0.22218,0,0
0.20534,0,0
0.19162,0,0
0.14822,0,0
0.08254,0,0
0.02617,0,0
0.0,0,0
0.0,0,0
0.0,0,0
0.0,0,0
0.0,0,0
0.0,0,0
0.0,0,0
0.0,0,0
0.0,0,0
0.0,0,0
0.0,0,0
0.0009,0,0
0.0009,0,0
0.00091,0,0
0.00091,0,0
0.00113,0,0
0.00157,0,0
0.00202,0,0
0.00247,0,0
0.00215,0,0
0.00105,0,0
0.0,0,0
0.0,0,0
0.0,0,0
0.0,0,0
0.0,0,0
0.0,0,0
0.0,0,0
0.00282,0,0
0.00606,0,0
0.01684,0,0
0.03277,0,0
0.05155,0,0
0.07658,0,0
0.10222,0,0
0.12028,0,0
0.12125,0,0
0.12224,0,0
0.12373,0,0
0.14677,0,0
0.19377,0,0
0.27524,0,0
0.36437,0,0
0.43367,0,0
0.45705,0,0
0.47864,0,0
0.50232,0,0
0.542,0,0
0.60693,0,0
0.67386,0,0
0.74334,0,0
0.74047,0,0
0.66613,0,0
0.59295,0,0
0.52554,0,0
0.50961,0,0
0.53313,0,0
0.5634,0,0
0.5946,0,0
0.6581,0,0
0.75641,0,0
0.84189,0,0
0.9135,0,0
0.96156,0,0
0.98975,0,0
1.00783,0,0
1.01854,0,0
1.0368,1,1
1.05903,1,1
1.06953,1,1
1.06873,1,1
1.05874,1,1
1.04709,1,1
1.05316,1,1
1.08393,1,1
1.08689,1,1
1.06945,1,1
1.03468,1,1
0.99065,0,1
1.02619,1,1
1.1412,1,1
1.23042,1,1
1.2877,1,1
1.2977,1,1
1.27678,1,1
1.23602,1,1
1.18261,1,1
1.14612,1,1
1.13623,1,1
1.13219,1,1
1.14078,1,1
1.07853,1,1
0.94752,0,0
0.81609,0,0
0.67276,0,0
0.62114,0,0
0.66007,0,0
0.69449,0,0
0.72527,0,0
0.68272,0,0
0.56106,0,0
0.43755,0,0
0.33237,0,0
0.2878,0,0
0.30073,0,0
0.31382,0,0
0.32709,0,0
0.33491,0,0
0.33716,0,0
0.33944,0,0
0.3429,0,0
0.3325,0,0
0.31038,0,0
0.28714,0,0
0.2693,0,0
0.27652,0,0
0.31555,0,0
0.35662,0,0
0.39905,0,0
0.40046,0,0
0.36164,0,0
0.32118,0,0
0.28443,0,0
0.28093,0,0
0.30386,0,0
0.33447,0,0
0.36487,0,0
0.37545,1,1
0.36406,1,1
0.35257,1,1
0.34099,1,1
0.31091,1,1
0.27179,1,1
0.23172,1,1
0.19068,1,1
0.17486,0,0
0.17083,0,0
0.16673,0,0
0.16191,0,0
0.14789,0,0
0.12325,0,0
0.10141,0,0
0.08353,0,0
0.07211,0,0
0.06769,0,0
0.06305,0,0
0.05872,0,0
0.07282,0,0
0.10473,0,0
0.14747,0,0
0.19161,1,1
0.21105,1,1
0.18576,1,1
0.16907,0,0
0.15282,0,0
0.17972,0,0
0.25073,1,1
0.29436,1,1
0.31482,1,1
0.28988,1,1
0.24964,1,1
0.20591,1,1
0.16029,0,0
0.12532,0,0
0.09646,0,0
0.1024,0,0
0.14204,0,0
0.18244,1,1
0.23376,1,1
0.24622,1,1
0.22243,1,1
0.22093,1,1
0.23917,1,1
0.21465,1,1
0.14746,0,0
0.0721,0,0
0.03035,0,0
0.03396,0,0
0.06837,0,0
0.10706,0,0
0.12588,0,0
0.12737,0,0
0.11668,0,0
0.11465,0,0
0.12082,0,0
0.11327,0,0
0.0922,0,0
0.0722,0,0
0.05397,0,0
0.03961,0,0
0.03001,0,0
0.01277,0,0
0.00162,0,0
0.00436,0,0
0.00627,0,0
0.01065,0,0
0.00662,0,0
0.00555,0,0
0.0047,0,0
0.00429,0,0
0.00431,0,0
0.00433,0,0
0.00435,0,0
0.00297,0,0
0.00015,0,0
0.0,0,0
0.0,0,0
0.0,0,0
0.0,0,0
0.0,0,0
0.0,0,0
0.0,0,0
0.0,0,0
0.0,0,0
0.0,0,0
0.0,0,0
0.0,0,0
0.0,0,0
0.0,0,0
0.0,0,0
0.0,0,0
0.0,0,0
0.0,0,0
0.0,0,0
0.0,0,0
0.0,0,0
0.0,0,0
0.0,0,0
0.0,0,0
0.0,0,0
0.0,0,0
0.0,0,0
0.0,0,0
0.0,0,0
0.0,0,0
0.0,0,0
0.0,0,0
0.00347,0,0
0.00703,0,0
0.00812,0,0
0.00675,0,0
0.00536,0,0
0.004,0,0
0.00399,0,0
0.0053,0,0
0.00659,0,0
0.00786,0,0
0.01334,0,0
0.01878,0,0
0.0243,0,0
0.02974,0,0
0.03772,0,0
0.04797,0,0
0.05488,0,0
0.05846,0,0
0.0641,0,0
0.07187,0,0
0.07028,0,0
0.05962,0,0
0.05733,0,0
0.07118,0,0
0.10077,0,0
0.15234,0,0
0.18255,0,0
0.19147,0,0
0.19481,0,0
0.19267,0,0
0.1969,0,0
0.20982,0,0
0.21628,0,0
0.21342,0,0
0.2181,0,0
0.23103,0,0
0.26254,1,1
0.32249,1,1
0.40216,1,1
0.50521,1,1
0.59635,1,1
0.66329,1,1
0.69628,1,1
0.6993,1,1
0.71925,1,1
0.75182,1,1
0.77192,1,1
0.77678,1,1
0.7743,1,1
0.7598,1,1
0.71288,1,1
0.63112,1,1
0.54794,1,1
0.46666,1,1
0.42619,1,1
0.42626,1,1
0.42766,1,1
0.42773,1,1
0.38505,1,1
0.2997,1,1
0.22881,0,0
0.16692,0,0
0.15027,0,0
0.179,0,0
0.20812,0,0
0.23838,0,0
0.22503,0,0
0.16898,0,0
0.13101,0,0
0.09993,0,0
0.08535,0,0
0.08564,0,0
0.08623,0,0
0.08653,0,0
0.08852,0,0
0.09346,0,0
0.09844,0,0
0.10381,0,0
0.12144,0,0
0.15245,0,0
0.19767,0,0
0.25539,0,0
0.27661,0,0
0.26058,0,0
0.24337,0,0
0.22682,0,0
0.2194,0,0
0.22133,0,0
0.22329,0,0
0.22528,0,0
0.20293,0,0
0.16961,0,0
0.1437,0,0
0.11732,0,0
0.11793,0,0
0.14654,0,0
0.17544,0,0
0.21207,0,0
0.19782,0,0
0.15128,0,0
0.10718,0,0
0.07404,0,0
0.04532,0,0
0.02784,0,0
0.0106,0,0
0.00511,0,0
0.00744,0,0
0.01627,0,0
0.02529,0,0
0.03485,0,0
0.07403,0,0
0.15556,0,0
0.24236,0,0
0.33215,0,0
0.35544,1,0
0.29368,0,0
0.29424,0,0
0.37357,1,1
0.44459,1,1
0.50482,1,1
0.53837,1,1
0.5466,1,1
0.56062,1,1
0.58263,1,1
0.59087,1,1
0.58126,1,1
0.57488,1,1
0.57174,1,1
0.5639,1,1
0.55502,1,1
0.54577,1,1
0.53776,1,1
0.53112,1,1
0.52304,1,1
0.52154,1,1
0.52514,1,1
0.49941,1,1
0.44428,1,1
0.39873,1,1
0.35969,1,1
0.32409,0,0
0.28993,0,0
0.25352,0,0
0.21689,0,0
0.18396,0,0
0.15345,0,0
0.13138,0,0
0.11275,0,0
0.06886,0,0
0.02005,0,0
0.0056,0,0
0.01614,0,0
0.02939,0,0
0.04605,0,0
0.05972,0,0
0.06654,0,0
0.07321,0,0
0.0802,0,0
0.07344,0,0
0.05248,0,0
0.03387,0,0
0.02029,0,0
0.0129,0,0
0.01188,0,0
0.01088,0,0
0.00984,0,0
0.00771,0,0
0.00633,0,0
0.00567,0,0
0.00498,0,0
0.005,0,0
0.00574,0,0
0.00646,0,0
0.00793,0,0
0.00975,0,0
0.00996,0,0
0.01019,0,0
0.01042,0,0
0.00768,0,0
0.00642,0,0
0.00514,0,0
0.00385,0,0
0.00441,0,0
0.00685,0,0
0.01419,0,0
0.02594,0,0
0.02486,0,0
0.01061,0,0
0.00573,0,0
0.00271,0,0
0.00174,0,0
0.00286,0,0
0.004,0,0
0.00515,0,0
0.00728,0,0
0.01768,0,0
0.03271,0,0
0.04768,0,0
0.05408,0,0
0.04648,0,0
0.04064,0,0
0.03507,0,0
0.0344,0,0
0.04147,0,0
0.05356,0,0
0.07666,0,0
0.15056,0,0
0.30262,0,0
0.38009,1,1
0.33709,1,1
0.29057,0,0
0.25044,0,0
0.24707,0,0
0.28936,0,0
0.31831,0,0
0.33231,1,1
0.36112,1,1
0.40975,1,1
0.46324,1,1
0.52007,1,1
0.53997,1,1
0.5198,1,1
0.50834,1,1
0.50332,1,1
0.51024,1,1
0.53127,1,1
0.54827,1,1
0.55922,1,1
0.55785,1,1
0.54467,1,1
0.53654,1,1
0.53433,1,1
0.51675,1,1
0.48561,1,1
0.46513,1,1
0.45475,1,1
0.40212,1,1
0.31464,0,0
0.23829,0,0
0.17786,0,0
0.13888,0,0
0.11173,0,0
0.08538,0,0
0.0623,0,0
0.03803,0,0
0.01428,0,0
0.00437,0,0
0.00438,0,0
0.00439,0,0
0.0044,0,0
0.00486,0,0
0.00575,0,0
0.00691,0,0
0.01116,0,0
0.00615,0,0
0.0024,0,0
0.0,0,0
0.0,0,0
0.0,0,0
0.0,0,0
0.0,0,0
0.0,0,0
0.00074,0,0
0.00028,0,0
0.0,0,0
0.0,0,0
0.0,0,0
0.0,0,0
0.0,0,0
0.0,0,0
0.0,0,0
0.0,0,0
0.0,0,0
0.0,0,0
0.0,0,0
0.0,0,0
0.0,0,0
0.0,0,0
0.0,0,0
0.0,0,0
0.0,0,0
0.0,0,0
0.0,0,0
0.0,0,0
0.0,0,0
0.0,0,0
0.0,0,0
0.0,0,0
0.0,0,0
0.0,0,0
0.00077,0,0
0.0,0,0
0.0,0,0
0.0,0,0
0.0,0,0
0.0,0,0
0.00127,0,0
0.00257,0,0
0.00837,0,0
0.01917,0,0
0.03987,0,0
0.06185,0,0
0.11046,0,0
0.20323,0,0
0.24413,1,0
0.21235,0,0
0.20182,0,0
0.21818,0,0
0.22938,0,0
0.23728,0,0
0.23475,0,0
0.23156,0,0
0.24247,0,0
0.30746,1,1
0.40593,1,1
0.48854,1,1
0.51286,1,1
0.47723,1,1
0.45143,1,1
0.43723,1,1
0.44091,1,1
0.46269,1,1
0.48682,1,1
0.51446,1,1
0.51218,1,1
0.48408,1,1
0.45907,1,1
0.44178,1,1
0.43488,1,1
0.43852,1,1
0.44078,1,1
0.44034,1,1
0.40896,1,1
0.35288,1,1
0.30673,1,1
0.26883,1,1
0.22042,0,0
0.16576,0,0
0.12394,0,0
0.0922,0,0
0.05302,0,0
0.01386,0,0
0.0,0,0
0.0,0,0
0.0,0,0
0.0,0,0
0.0,0,0
0.0,0,0
0.0,0,0
0.0,0,0
0.0,0,0
0.0,0,0
0.0,0,0
0.0,0,0
0.0,0,0
0.0,0,0
0.0,0,0
0.0,0,0
0.0,0,0
0.0,0,0
0.0,0,0
0.0,0,0
0.0,0,0
0.0,0,0
0.0,0,0
0.0,0,0
0.0,0,0
0.0,0,0
0.0,0,0
0.0,0,0
0.0,0,0
0.0,0,0
0.0,0,0
0.0,0,0
0.0,0,0
0.0,0,0
0.0,0,0
0.00047,0,0
0.00146,0,0
0.00204,0,0
0.00264,0,0
0.00325,0,0
0.00166,0,0
0.0,0,0
0.0,0,0
0.0,0,0
0.0,0,0
0.0,0,0
0.0,0,0
0.0,0,0
0.0,0,0
0.0,0,0
0.0,0,0
0.0,0,0
0.00902,0,0
0.03253,0,0
0.06715,0,0
0.11248,0,0
0.15148,0,0
0.1706,0,0
0.21177,0,0
0.29694,0,0
0.39453,0,0
0.49945,0,0
0.56687,1,1
0.58958,1,1
0.62596,1,1
0.67816,1,1
0.7036,1,1
0.69903,1,1
0.69657,1,1
0.69515,1,1
0.69784,1,1
0.70497,1,1
0.71652,1,1
0.73259,1,1
0.71582,1,1
0.66687,1,1
0.61438,1,1
0.55859,1,1
0.5456,1,1
0.57331,1,1
0.59401,1,1
0.61384,1,1
0.60689,1,1
0.57801,1,1
0.56073,1,1
0.54954,1,1
0.50357,0,0
0.42846,0,0
0.36173,0,0
0.30377,0,0
0.24494,0,0
0.18628,0,0
0.14074,0,0
0.10622,0,0
0.06131,0,0
0.01559,0,0
0.0,0,0
0.0,0,0
0.0,0,0
0.0,0,0
0.0,0,0
0.0,0,0
0.0,0,0
0.0,0,0
0.0,0,0
0.0,0,0
0.0,0,0
0.00038,0,0
0.0,0,0
0.0,0,0
0.0,0,0
0.0,0,0
0.0,0,0
0.0,0,0
0.0,0,0
0.0,0,0
0.0,0,0
0.0,0,0
0.0,0,0
0.0,0,0
0.0,0,0
0.0,0,0
0.0,0,0
0.0,0,0
0.0,0,0
0.0,0,0
0.0,0,0
0.0,0,0
0.0,0,0
0.0,0,0
0.0,0,0
0.0,0,0
0.0,0,0
0.0,0,0
0.0,0,0
0.0,0,0
0.0,0,0
0.0,0,0
0.0,0,0
0.0,0,0
0.0,0,0
0.0,0,0
0.0,0,0
0.0,0,0
0.0,0,0
0.0,0,0
0.0,0,0
0.0,0,0
0.00778,0,0
0.02713,0,0
0.05449,0,0
0.08945,0,0
0.12596,0,0
0.15674,0,0
0.19689,0,0
0.25255,0,0
0.31252,0,0
0.37175,0,0
0.41845,1,1
0.45153,1,1
0.49285,1,1
0.54318,1,1
0.5851,1,1
0.61738,1,1
0.65817,1,1
0.70476,1,1
0.71973,1,1
0.7,1,1
0.68415,1,1
0.67511,1,1
0.66349,1,1
0.65272,1,1
0.64169,1,1
0.63241,1,1
0.61278,1,1
0.58341,1,1
0.5558,1,1
0.53003,1,1
0.50695,1,1
0.48713,1,1
0.46758,1,1
0.44639,1,1
0.40986,0,0
0.36489,0,0
0.33489,0,0
0.31719,0,0
0.25919,0,0
0.17043,0,0
0.08839,0,0
0.04571,0,0
0.03016,0,0
0.00952,0,0
0.0,0,0
0.0,0,0
0.0,0,0
0.0,0,0
0.0,0,0
0.0,0,0
0.0,0,0
0.0,0,0
0.0,0,0
0.0,0,0
0.0,0,0
0.0,0,0
0.0,0,0
0.0,0,0
0.0,0,0
0.0,0,0
0.0,0,0
0.0,0,0
0.0,0,0
0.0,0,0
0.00016,0,0
0.00227,0,0
0.00441,0,0
0.00656,0,0
0.00712,0,0
0.00603,0,0
0.00488,0,0
0.00371,0,0
0.00222,0,0
0.00044,0,0
0.0,0,0
0.0,0,0
0.0,0,0
0.0,0,0
0.00045,0,0
0.00231,0,0
0.00501,0,0
0.01041,0,0
0.02741,0,0
0.04468,0,0
0.05669,0,0
0.05694,0,0
0.05719,0,0
0.05744,0,0
0.06606,0,0
0.08247,0,0
0.09916,0,0
0.1173,0,0
0.12817,0,0
0.12718,0,0
0.12621,0,0
0.12525,0,0
0.1219,0,0
0.121,0,0
0.12275,0,0
0.11546,0,0
0.116,0,0
0.12785,0,0
0.137,0,0
0.14236,0,0
0.13557,0,0
0.11867,0,0
0.10996,0,0
0.11439,0,0
0.11317,0,0
0.10586,0,0
0.11791,0,0
0.15383,0,0
0.199,0,0
0.25398,0,0
0.28669,1,1
0.29756,1,1
0.32455,1,1
0.36596,1,1
0.36401,1,1
0.32148,1,1
0.28838,1,1
0.26538,0,0
0.25873,0,0
0.26709,0,0
0.27465,0,0
0.28275,1,0
0.26768,0,0
0.23167,0,0
0.18463,0,0
0.14831,0,0
0.13529,0,0
0.1887,0,0
0.27579,0,0
0.33057,1,1
0.29489,1,1
0.19447,0,0
0.12357,0,0
0.07601,0,0
0.0382,0,0
0.01031,0,0
0.00174,0,0
0.00344,0,0
0.00515,0,0
0.00873,0,0
0.01847,0,0
0.02992,0,0
0.04379,0,0
0.06199,0,0
0.07856,0,0
0.09634,0,0
0.11742,0,0
0.13879,0,0
0.1765,0,0
0.24368,0,0
0.32141,1,1
0.41451,1,1
0.45694,1,1
0.447,1,1
0.43699,1,1
0.4269,1,1
0.40193,1,1
0.36189,1,1
0.32153,1,1
0.28388,1,1
0.28698,1,1
0.33345,1,1
0.38517,1,1
0.43762,1,1
0.48043,1,1
0.50879,1,1
0.54129,1,1
0.57787,1,1
0.53595,1,1
0.43739,1,1
0.33906,0,0
0.26586,0,0
0.21858,0,0
0.19545,0,0
0.18067,0,0
0.16818,0,0
0.1498,0,0
0.12488,0,0
0.10278,0,0
0.08434,0,0
0.07282,0,0
0.06864,0,0
0.06447,0,0
0.06004,0,0
0.05565,0,0
0.05108,0,0
0.04701,0,0
0.04404,0,0
0.052,0,0
0.07864,0,0
0.11302,0,0
0.15453,0,0
0.19272,0,0
0.22675,0,0
0.2634,0,0
0.30534,0,0
0.35939,1,1
0.42458,1,1
0.45665,1,1
0.45041,1,1
0.44472,1,1
0.44237,1,1
0.42934,1,1
0.41035,1,1
0.38942,1,1
0.36494,1,1
0.3584,0,1
0.36895,1,1
0.3731,1,1
0.36877,1,1
0.36774,1,1
0.36814,1,1
0.3742,1,1
0.38451,1,1
0.37755,1,1
0.35201,0,0
0.33631,0,0
0.32954,0,0
0.3221,0,0
0.30724,0,0
0.2886,0,0
0.26744,0,0
0.24277,0,0
0.214,0,0
0.1833,0,0
0.15548,0,0
0.12754,0,0
0.09894,0,0
0.07489,0,0
0.05439,0,0
0.03398,0,0
0.02369,0,0
0.01777,0,0
0.01175,0,0
0.00624,0,0
0.00498,0,0
0.00414,0,0
0.00372,0,0
0.00331,0,0
0.00289,0,0
0.00291,0,0
0.00337,0,0
0.00386,0,0
0.00434,0,0
0.00392,0,0
0.00255,0,0
0.00119,0,0
0.0,0,0
0.0,0,0
0.0,0,0
0.00028,0,0
0.00075,0,0
0.00063,0,0
0.0,0,0
0.0,0,0
0.0,0,0
0.0,0,0
0.0,0,0
0.0,0,0
0.0,0,0
0.0,0,0
0.0,0,0
0.0,0,0
0.0,0,0
6e-05,0,0
6e-05,0,0
6e-05,0,0
6e-05,0,0
0.0,0,0
0.0,0,0
0.0,0,0
0.0,0,0
0.0,0,0
0.0015,0,0
0.00323,0,0
0.00497,0,0
0.00584,0,0
0.00585,0,0
0.00586,0,0
0.00586,0,0
0.00686,0,0
0.0097,0,0
0.01924,0,0
0.0286,0,0
0.04636,0,0
0.08373,0,0
0.12515,0,0
0.17688,0,0
0.22277,0,0
0.2672,1,1
0.28845,1,1
0.28608,1,1
0.29867,1,1
0.32205,1,1
0.31905,1,1
0.29022,1,1
0.26328,1,1
0.25095,0,0
0.25952,0,0
0.27766,1,1
0.28327,1,1
0.27487,1,1
0.27767,1,1
0.29047,1,1
0.31666,1,1
0.35568,1,1
0.37497,1,1
0.37637,1,1
0.38129,1,1
0.38991,1,1
0.3997,1,1
0.41034,1,1
0.4002,1,1
0.38562,1,1
0.33014,1,1
0.2322,0,0
0.15163,0,0
0.08727,0,0
0.0605,0,0
0.06698,0,0
0.07817,0,0
0.09375,0,0
0.09526,0,0
0.08277,0,0
0.08201,0,0
0.09695,0,0
0.12307,0,0
0.15654,0,0
0.16553,0,0
0.13376,0,0
0.10709,0,0
0.08235,0,0
0.07098,0,0
0.06789,0,0
0.06499,0,0
0.06184,0,0
0.06057,0,0
0.06098,0,0
0.0614,0,0
0.06162,0,0
0.07251,0,0
0.0941,0,0
0.12325,0,0
0.1521,0,0
0.16833,0,0
0.16954,0,0
0.17018,0,0
0.17082,0,0
0.15551,0,0
0.12652,0,0
0.09732,0,0
0.07555,0,0
0.06375,0,0
0.06138,0,0
0.05891,0,0
0.05611,0,0
0.06196,0,0
0.07591,0,0
0.09022,0,0
0.10424,0,0
0.10303,0,0
0.08556,0,0
0.06807,0,0
0.05016,0,0
0.04114,0,0
0.03605,0,0
0.03088,0,0
0.02562,0,0
0.02573,0,0
0.03127,0,0
0.03697,0,0
0.04254,0,0
0.04672,0,0
0.04951,0,0
0.05318,0,0
0.05751,0,0
0.07774,0,0
0.11389,0,0
0.16307,0,0
0.22064,0,0
0.30268,1,1
0.3874,1,1
0.49089,1,1
0.59547,1,1
0.64721,1,1
0.62499,1,1
0.61254,1,1
0.60375,1,1
0.71494,1,1
0.96851,1,1
1.08568,1,1
1.04225,1,1
0.85527,1,1
0.60688,1,1
0.4582,1,1
0.38435,1,1
0.3999,1,1
0.43501,1,1
0.4285,1,1
0.37781,1,1
0.33249,1,1
0.2967,1,1
0.27458,1,1
0.26687,1,1
0.25366,0,0
0.23573,0,0
0.21844,0,0
0.19649,0,0
0.19186,0,0
0.20109,0,0
0.18107,0,0
0.13038,0,0
0.08114,0,0
0.03386,0,0
0.01625,0,0
0.02766,0,0
0.03219,0,0
0.02977,0,0
0.02649,0,0
0.02244,0,0
0.01961,0,0
0.01804,0,0
0.01279,0,0
0.00405,0,0
0.0,0,0
0.0,0,0
0.0,0,0
0.0,0,0
0.0,0,0
0.0,0,0
0.0,0,0
0.0,0,0
0.0,0,0
0.0,0,0
0.0,0,0
0.0,0,0
0.0,0,0
0.0,0,0
0.0,0,0
0.0,0,0
0.0,0,0
0.0,0,0
0.0,0,0
0.0,0,0
0.0,0,0
0.0,0,0
0.0,0,0
0.0,0,0
0.0,0,0
0.0,0,0
0.00133,0,0
0.00397,0,0
0.00536,0,0
0.0054,0,0
0.00544,0,0
0.00549,0,0
0.00652,0,0
0.00936,0,0
0.01884,0,0
0.02857,0,0
0.04095,0,0
0.06017,0,0
0.08408,0,0
0.1082,0,0
0.10652,0,0
0.07835,0,0
0.05044,0,0
0.03241,0,0
0.02319,0,0
0.0231,0,0
0.02301,0,0
0.02292,0,0
0.0152,0,0
0.00671,0,0
0.00356,0,0
0.00047,0,0
0.0,0,0
0.01347,0,0
0.02269,0,0
0.03201,0,0
0.06956,0,0
0.14412,0,0
0.16431,0,0
0.11519,0,0
0.0695,0,0
0.04175,0,0
0.0592,0,0
0.1269,0,0
0.19225,0,0
0.25246,0,0
0.29974,0,0
0.33362,0,0
0.42725,1,1
0.58226,1,1
0.60365,1,1
0.4894,1,1
0.36995,1,1
0.29939,0,0
0.28648,0,0
0.29396,0,0
0.33951,0,0
0.4038,1,1
0.3941,1,1
0.30367,0,0
0.24542,0,0
0.2143,0,0
0.21828,0,0
0.25901,0,0
0.29406,0,0
0.31955,0,0
0.33339,0,0
0.33651,0,0
0.36079,1,1
0.40712,1,1
0.46518,1,1
0.51524,1,1
0.55575,1,1
0.59549,1,1
0.63136,1,1
0.66452,1,1
0.60028,1,1
0.4417,1,1
0.30805,0,0
0.20783,0,0
0.15502,0,0
0.14588,0,0
0.13718,0,0
0.12799,0,0
0.13543,0,0
0.15923,0,0
0.20139,0,0
0.2454,0,0
0.27197,0,0
0.28156,0,0
0.2922,0,0
0.30492,0,0
0.31323,0,0
0.31661,0,0
0.32006,0,0
0.32358,0,0
0.35333,1,1
0.41189,1,1
0.46925,1,1
0.53429,1,1
0.52078,1,1
0.43443,1,1
0.34799,1,1
0.2796,0,0
0.24612,0,0
0.24416,0,0
0.2412,0,0
0.23819,0,0
0.22325,0,0
0.19586,0,0
0.18021,0,0
0.16496,0,0
0.15376,0,0
0.14616,0,0
0.13841,0,0
0.13109,0,0
0.12712,0,0
0.1272,0,0
0.12728,0,0
0.12736,0,0
0.12689,0,0
0.12588,0,0
0.12489,0,0
0.12443,0,0
0.13782,0,0
0.16492,0,0
0.19194,0,0
0.23504,0,0
0.28681,0,0
0.35523,0,0
0.46688,0,0
0.59382,1,1
0.65291,1,1
0.64349,1,1
0.62461,1,1
0.59514,1,1
0.5668,1,1
0.54027,0,0
0.56242,0,0
0.64195,1,1
0.72747,1,1
0.81961,1,1
0.83749,1,1
0.78061,1,1
0.74492,1,1
0.73875,1,1
0.77163,1,1
0.85138,1,1
0.86849,1,1
0.82376,1,1
0.76557,1,1
0.70453,1,1
0.69473,1,1
0.73189,1,1
0.71854,1,1
0.65969,1,1
0.59751,1,1
0.53492,0,0
0.47379,0,0
0.41269,0,0
0.32669,0,0
0.28107,0,0
0.23354,0,0
0.20132,0,0
0.1894,0,0
0.19007,0,0
0.162,0,0
0.11582,0,0
0.08429,0,0
0.06103,0,0
0.037,0,0
0.01526,0,0
0.00666,0,0
0.00658,0,0
0.00651,0,0
0.00643,0,0
0.00673,0,0
0.00985,0,0
0.01315,0,0
0.01643,0,0
0.01929,0,0
0.02157,0,0
0.02394,0,0
0.02627,0,0
0.02477,0,0
0.01917,0,0
0.01361,0,0
0.00798,0,0
0.00588,0,0
0.00426,0,0
0.00261,0,0
0.00091,0,0
0.0003,0,0
0.0008,0,0
0.0013,0,0
0.00181,0,0
0.00171,0,0
0.00097,0,0
0.00019,0,0
0.0,0,0
0.00075,0,0
0.00434,0,0
0.00797,0,0
0.02406,0,0
0.04021,0,0
0.05933,0,0
0.08327,0,0
0.10763,0,0
0.10142,0,0
0.06281,0,0
0.0335,0,0
0.00878,0,0
0.00535,0,0
0.00386,0,0
0.00234,0,0
0.00083,0,0
0.00159,0,0
0.00464,0,0
0.00767,0,0
0.01681,0,0
0.02542,0,0
0.02821,0,0
0.03084,0,0
0.03344,0,0
0.03895,0,0
0.05504,0,0
0.08249,0,0
0.11188,0,0
0.17665,0,0
0.3001,0,0
0.45311,0,0
0.63164,1,1
0.6822,1,1
0.56147,0,0
0.5158,0,0
0.54907,0,0
0.58684,0,0
0.62419,1,1
0.69906,1,1
0.80425,1,1
0.89205,1,1
0.94797,1,1
0.9397,1,1
0.86139,1,1
0.7613,1,1
0.65369,1,1
0.59629,1,1
0.58776,1,1
0.60619,1,1
0.64892,1,1
0.65916,1,1
0.63878,1,1
0.63599,1,1
0.66788,1,1
0.71984,1,1
0.79307,1,1
0.80651,1,1
0.75713,1,1
0.67508,1,1
0.56633,0,0
0.45157,0,0
0.34412,0,0
0.26214,0,0
0.21139,0,0
0.17029,0,0
0.14243,0,0
0.10664,0,0
0.07309,0,0
0.05347,0,0
0.04009,0,0
0.03125,0,0
0.02259,0,0
0.01552,0,0
0.01008,0,0
0.00647,0,0
0.00533,0,0
0.00537,0,0
0.0066,0,0
0.01039,0,0
0.01617,0,0
0.01745,0,0
0.01404,0,0
0.01055,0,0
0.00727,0,0
0.00644,0,0
0.00548,0,0
0.00451,0,0
0.00353,0,0
0.00355,0,0
0.00457,0,0
0.00557,0,0
0.0066,0,0
0.00668,0,0
0.00577,0,0
0.00482,0,0
0.00384,0,0
0.00361,0,0
0.00418,0,0
0.00475,0,0
0.00532,0,0
0.00537,0,0
0.00485,0,0
0.00433,0,0
0.00379,0,0
0.00455,0,0
0.00663,0,0
0.00875,0,0
0.01846,0,0
0.02148,0,0
0.01721,0,0
0.013,0,0
0.00896,0,0
0.01019,0,0
0.01739,0,0
0.02461,0,0
0.03182,0,0
0.0396,0,0
0.04783,0,0
0.05862,0,0
0.07097,0,0
0.07901,0,0
0.08969,0,0
0.10859,0,0
0.1272,0,0
0.13008,0,0
0.11798,0,0
0.1263,0,0
0.15524,0,0
0.17892,0,0
0.19736,0,0
0.21054,1,1
0.21973,1,1
0.23821,1,1
0.27134,1,1
0.3045,1,1
0.37937,1,1
0.47513,1,1
0.55496,1,1
0.56654,1,1
0.51066,1,1
0.45931,1,1
0.41208,1,1
0.38297,1,1
0.37461,1,1
0.35463,1,1
0.32349,1,1
0.31646,1,1
0.32987,1,1
0.35652,1,1
0.39456,1,1
0.37789,1,1
0.31112,1,1
0.25691,1,1
0.21196,1,1
0.18793,0,0
0.17956,0,0
0.171,0,0
0.1671,0,0
0.15474,0,0
0.14165,0,0
0.11392,0,0
0.07231,0,0
0.03829,0,0
0.01213,0,0
0.00421,0,0
0.00354,0,0
0.00286,0,0
0.0022,0,0
0.00141,0,0
0.0005,0,0
0.0,0,0
0.0,0,0
0.0,0,0
0.00239,0,0
0.00524,0,0
0.012,0,0
0.01432,0,0
0.00676,0,0
0.00488,0,0
0.00296,0,0
0.00346,0,0
0.00638,0,0
0.01692,0,0
0.03087,0,0
0.03799,0,0
0.03827,0,0
0.03856,0,0
0.03885,0,0
0.03929,0,0
0.03989,0,0
0.04051,0,0
0.04114,0,0
0.03908,0,0
0.03411,0,0
0.02909,0,0
0.02404,0,0
0.0138,0,0
0.00617,0,0
0.00287,0,0
0.0,0,0
0.0,0,0
0.0,0,0
0.0,0,0
0.0,0,0
0.0,0,0
0.0,0,0
0.0,0,0
0.00139,0,0
0.00199,0,0
0.0011,0,0
0.00021,0,0
0.0,0,0
0.0,0,0
0.00065,0,0
0.00181,0,0
0.00293,0,0
0.00348,0,0
0.01043,0,0
0.0251,0,0
0.04006,0,0
0.0671,0,0
0.10937,0,0
0.11765,1,0
0.08708,0,0
0.05336,0,0
0.02132,0,0
0.03419,0,0
0.08909,0,0
0.15602,1,1
0.23581,1,1
0.25406,1,1
0.20985,1,1
0.18304,1,1
0.17447,1,1
0.16809,1,1
0.16402,1,1
0.16105,1,1
0.15861,1,1
0.15192,1,1
0.14213,1,1
0.13048,1,1
0.12235,1,1
0.12133,1,1
0.13146,1,1
0.14866,1,1
0.1739,1,1
0.16482,1,1
0.12067,1,1
0.07917,0,0
0.03954,0,0
0.0316,0,0
0.0557,0,0
0.08978,0,0
0.12982,1,1
0.14178,1,1
0.12531,1,1
0.09613,0,0
0.06234,0,0
0.03226,0,0
0.0087,0,0
0.0,0,0
0.0,0,0
0.0,0,0
0.0,0,0
0.0,0,0
0.0,0,0
0.0,0,0
0.0,0,0
0.0,0,0
0.0,0,0
0.0,0,0
0.0,0,0
0.0,0,0
0.0,0,0
0.00041,0,0
0.00208,0,0
0.00317,0,0
0.00366,0,0
0.00414,0,0
0.00464,0,0
0.00599,0,0
0.0117,0,0
0.02223,0,0
0.03285,0,0
0.03155,0,0
0.01763,0,0
0.00677,0,0
0.00374,0,0
0.00259,0,0
0.0034,0,0
0.00422,0,0
0.00502,0,0
0.00574,0,0
0.00633,0,0
0.00694,0,0
0.00758,0,0
0.00722,0,0
0.00586,0,0
0.00449,0,0
0.00308,0,0
0.00137,0,0
0.0,0,0
0.0,0,0
0.0,0,0
0.0,0,0
0.0,0,0
0.0,0,0
0.0,0,0
0.0005,0,0
0.00136,0,0
0.00221,0,0
0.00304,0,0
0.00372,0,0
0.00959,0,0
0.02151,0,0
0.0335,0,0
0.05151,0,0
0.07519,0,0
0.08682,0,0
0.08584,0,0
0.08006,0,0
0.06921,0,0
0.08665,0,0
0.12884,0,0
0.19117,0,0
0.27583,1,1
0.34099,1,1
0.38869,1,1
0.39069,1,1
0.34366,1,1
0.31992,1,1
0.32063,1,1
0.29721,1,1
0.27445,1,1
0.26267,1,1
0.34083,1,1
0.49171,1,1
0.60977,1,1
0.61084,1,1
0.50387,1,1
0.4161,1,1
0.34564,1,1
0.33044,1,1
0.3643,1,1
0.3933,1,1
0.41878,1,1
0.38278,1,1
0.29998,1,1
0.23031,1,1
0.17402,0,0
0.14075,0,0
0.12134,0,0
0.10131,0,0
0.08052,0,0
0.04663,0,0
0.01187,0,0
0.0,0,0
0.0,0,0
0.0,0,0
0.0,0,0
0.00026,0,0
0.00071,0,0
0.00115,0,0
0.00161,0,0
0.00362,0,0
0.00922,0,0
0.0266,0,0
0.04677,0,0
0.05734,0,0
0.05053,0,0
0.04387,0,0
0.03814,0,0
0.02942,0,0
0.01626,0,0
0.00615,0,0
0.00336,0,0
0.00159,0,0
0.00088,0,0
0.00017,0,0
0.0,0,0
0.0,0,0
0.00017,0,0
0.00094,0,0
0.00173,0,0
0.0011,0,0
0.0,0,0
0.0,0,0
0.0,0,0
0.0,0,0
0.0,0,0
0.0,0,0
0.0,0,0
0.0,0,0
0.0,0,0
0.0,0,0
0.0,0,0
0.0,0,0
0.0002,0,0
0.00336,0,0
0.00652,0,0
0.00807,0,0
0.00807,0,0
0.00808,0,0
0.00808,0,0
0.00848,0,0
0.01231,0,0
0.01625,0,0
0.02013,0,0
0.02471,0,0
0.03229,0,0
0.04238,0,0
0.05267,0,0
0.06812,0,0
0.08983,0,0
0.09421,0,0
0.08709,0,0
0.08847,0,0
0.09497,0,0
0.09893,0,0
0.10049,0,0
0.09982,0,0
0.0963,0,0
0.10829,0,0
0.1352,0,0
0.16336,1,1
0.19258,1,1
0.20963,1,1
0.21354,1,1
0.22174,1,1
0.23534,1,1
0.2459,1,1
0.25203,1,1
0.27803,1,1
0.32215,1,1
0.35532,1,1
0.39631,1,1
0.41752,1,1
0.48075,1,1
0.50268,1,1
0.5367,1,1
0.57904,1,1
0.6204,1,1
0.55628,1,1
0.40699,1,1
0.28504,1,1
0.17805,1,1
0.12658,0,0
0.10315,0,0
0.10441,0,0
0.12045,0,0
0.12596,0,0
0.12093,0,0
0.12748,0,0
0.14322,0,0
0.16282,0,0
0.19192,1,1
0.16809,1,1
0.11989,0,0
0.08039,0,0
0.04898,0,0
0.04086,0,0
0.05651,0,0
0.07238,0,0
0.08849,0,0
0.08709,0,0
0.06823,0,0
0.04905,0,0
0.0338,0,0
0.0249,0,0
0.01934,0,0
0.01373,0,0
0.00807,0,0
0.00653,0,0
0.00608,0,0
0.00564,0,0
0.00517,0,0
0.00472,0,0
0.00429,0,0
0.00383,0,0
0.00338,0,0
0.00316,0,0
0.0032,0,0
0.00323,0,0
0.00327,0,0
0.00221,0,0
6e-05,0,0
0.0,0,0
0.0,0,0
0.0,0,0
0.0,0,0
0.0,0,0
0.0,0,0
0.0,0,0
0.00164,0,0
0.00423,0,0
0.00683,0,0
0.00973,0,0
0.01654,0,0
0.0233,0,0
0.02988,0,0
0.02495,0,0
0.00866,0,0
0.00495,0,0
0.00166,0,0
0.00072,0,0
0.00744,0,0
0.02034,0,0
0.03355,0,0
0.03976,0,0
0.03868,0,0
0.05142,0,0
0.0792,0,0
0.10978,0,0
0.14281,0,0
0.15931,0,0
0.15906,0,0
0.1637,0,0
0.17448,1,1
0.17754,1,1
0.17272,0,0
0.16105,0,0
0.23456,1,1
0.24315,1,1
0.27091,1,1
0.32631,1,1
0.41036,1,1
0.43856,1,1
0.4137,1,1
0.40323,1,1
0.4049,1,1
0.40822,1,1
0.41174,1,1
0.41078,1,1
0.40326,1,1
0.41419,1,1
0.43867,1,1
0.46775,1,1
0.49903,1,1
0.46068,1,1
0.36558,1,1
0.28907,1,1
0.22856,1,1
0.18119,1,1
0.14235,0,0
0.10842,0,0
0.07885,0,0
0.04351,0,0
0.01126,0,0
0.0,0,0
0.0,0,0
0.0,0,0
0.0,0,0
0.0,0,0
0.0,0,0
0.0,0,0
0.0,0,0
0.0,0,0
0.0,0,0
0.0,0,0
0.0,0,0
0.0,0,0
0.0,0,0
0.0005,0,0
0.00141,0,0
0.00199,0,0
0.00224,0,0
0.0025,0,0
0.00275,0,0
0.0037,0,0
0.00539,0,0
0.00708,0,0
0.01493,0,0
0.02826,0,0
0.05022,0,0
0.08051,0,0
0.1162,0,0
0.13439,0,0
0.1276,0,0
0.12071,0,0
0.11326,0,0
0.10659,0,0
0.1016,0,0
0.0968,0,0
0.09226,0,0
0.09032,0,0
0.09108,0,0
0.09225,0,0
0.09305,0,0
0.09668,0,0
0.10269,0,0
0.10911,0,0
0.11584,0,0
0.12984,0,0
0.14888,0,0
0.1683,0,0
0.18679,0,0
0.18951,0,0
0.17541,0,0
0.1624,0,0
0.14911,0,0
0.15196,0,0
0.16934,0,0
0.19357,0,0
0.22745,0,0
0.2945,0,0
0.41721,0,0
0.54642,0,0
0.69266,1,1
0.834,1,1
0.96222,1,1
1.08231,1,1
1.19751,1,1
1.20552,1,1
1.12465,1,1
1.04318,1,1
0.97461,1,1
0.92311,1,1
0.86931,1,1
0.80614,1,1
0.7364,1,1
0.69863,1,1
0.69259,1,1
0.68333,1,1
0.66653,1,1
0.62027,1,1
0.59112,0,0
0.53499,0,0
0.47921,0,0
0.50875,0,0
0.62443,1,1
0.72129,1,1
0.79248,1,1
0.802,1,1
0.7407,1,1
0.67386,1,1
0.60584,0,0
0.48081,0,0
0.32547,0,0
0.21135,0,0
0.13607,0,0
0.09747,0,0
0.08428,0,0
0.07456,0,0
0.06425,0,0
0.06112,0,0
0.06382,0,0
0.06648,0,0
0.06908,0,0
0.05836,0,0
0.03533,0,0
0.01984,0,0
0.00604,0,0
0.00376,0,0
0.00247,0,0
0.00115,0,0
0.0,0,0
0.0,0,0
0.00016,0,0
0.00084,0,0
0.00152,0,0
0.00107,0,0
0.0,0,0
0.0,0,0
0.0,0,0
0.0,0,0
0.0,0,0
0.0,0,0
0.0,0,0
0.0,0,0
0.0,0,0
0.0,0,0
0.0,0,0
0.0,0,0
0.0,0,0
0.0,0,0
0.0,0,0
0.0,0,0
0.0,0,0
0.0,0,0
0.0,0,0
0.00102,0,0
0.00298,0,0
0.00495,0,0
0.00694,0,0
0.00701,0,0
0.00504,0,0
0.00308,0,0
0.00108,0,0
0.0,0,0
0.0,0,0
0.0,0,0
0.0,0,0
0.0,0,0
0.0,0,0
0.0,0,0
0.0,0,0
0.0,0,0
0.0,0,0
0.00201,0,0
0.00341,0,0
0.00997,0,0
0.02246,0,0
0.03977,0,0
0.06156,0,0
0.08543,0,0
0.11058,0,0
0.11907,0,0
0.11085,0,0
0.11146,0,0
0.1201,0,0
0.12622,0,0
0.12235,0,0
0.11893,0,0
0.12071,0,0
0.13971,0,0
0.18061,0,0
0.20048,0,0
0.19846,0,0
0.18564,0,0
0.16655,0,0
0.15494,0,0
0.15095,0,0
0.13164,0,0
0.09673,0,0
0.06603,0,0
0.0606,0,0
0.07536,0,0
0.09277,0,0
0.10068,0,0
0.09372,0,0
0.09135,0,0
0.09312,0,0
0.09212,0,0
0.08835,0,0
0.07386,0,0
0.05367,0,0
0.04722,0,0
0.05978,0,0
0.07826,0,0
0.10428,0,0
0.12713,0,0
0.14281,0,0
0.1618,0,0
0.19006,0,0
0.21429,1,1
0.23602,1,1
0.25803,1,1
0.27979,1,1
0.28169,1,1
0.26335,1,1
0.24417,1,1
0.22473,1,1
0.24464,1,1
0.31144,1,1
0.39477,1,1
0.4804,1,1
0.55068,1,1
0.59088,1,1
0.63165,1,1
0.673,1,1
0.63478,1,1
0.51831,1,1
0.41391,1,1
0.31676,1,1
0.29082,1,1
0.32285,1,1
0.36117,1,1
0.40093,1,1
0.37229,1,1
0.28935,1,1
0.2181,0,0
0.16396,0,0
0.13679,0,0
0.12196,0,0
0.10714,0,0
0.09572,0,0
0.08825,0,0
0.08484,0,0
0.08102,0,0
0.07718,0,0
0.07088,0,0
0.06273,0,0
0.05428,0,0
0.04703,0,0
0.03495,0,0
0.01582,0,0
0.00608,0,0
0.00207,0,0
0.0,0,0
0.0,0,0
0.0,0,0
0.0,0,0
0.0,0,0
0.00436,0,0
0.01406,0,0
0.02393,0,0
0.052,0,0
0.10661,0,0
0.1402,0,0
0.14437,0,0
0.14721,0,0
0.14968,0,0
0.17638,0,0
0.23302,1,1
0.30241,1,1
0.38653,1,1
0.40171,1,1
0.33873,1,1
0.26635,1,1
0.229,1,1
0.23315,1,1
0.24378,1,1
0.27181,1,1
0.30441,1,1
0.27883,1,1
0.19611,0,0
0.13441,0,0
0.09491,0,0
0.08803,0,0
0.1132,0,0
0.13524,0,0
0.1539,0,0
0.16861,0,0
0.18325,0,0
0.22544,1,1
0.29498,1,1
0.33467,1,1
0.34335,1,1
0.3821,1,1
0.42649,1,1
0.41984,1,1
0.3923,1,1
0.31618,1,1
0.21853,1,1
0.14863,0,0
0.10959,0,0
0.09035,0,0
0.09039,0,0
0.09043,0,0
0.09076,0,0
0.09848,0,0
0.11463,0,0
0.13057,0,0
0.14711,0,0
0.14428,0,0
0.1227,0,0
0.10115,0,0
0.08166,0,0
0.08196,0,0
0.10262,0,0
0.12623,0,0
0.15002,0,0
0.14639,0,0
0.11395,0,0
0.0844,0,0
0.06052,0,0
0.04496,0,0
0.03909,0,0
0.0347,0,0
0.03028,0,0
0.03061,0,0
0.03587,0,0
0.04132,0,0
0.04862,0,0
0.0511,0,0
0.04746,0,0
0.04419,0,0
0.04204,0,0
0.06219,0,0
0.11213,0,0
0.17935,1,1
0.29336,1,1
0.33751,1,1
0.29828,1,1
0.25976,1,1
0.22057,1,1
0.19358,1,1
0.1829,1,1
0.17141,1,1
0.15992,1,1
0.14553,1,1
0.12825,1,1
0.11132,0,0
0.09867,0,0
0.07405,0,0
0.04172,0,0
0.01875,0,0
0.00574,0,0
0.00392,0,0
0.007,0,0
0.01237,0,0
0.01776,0,0
0.02715,0,0
0.04065,0,0
0.05265,0,0
0.06305,0,0
0.07619,0,0
0.09156,0,0
0.09897,0,0
0.09885,0,0
0.10104,0,0
0.10513,0,0
0.10852,0,0
0.11163,0,0
0.11019,0,0
0.10505,0,0
0.11698,0,0
0.14514,1,1
0.18862,1,1
0.24546,1,1
0.24764,1,1
0.19765,1,1
0.16083,1,1
0.13703,1,1
0.12902,1,1
0.13611,1,1
0.14584,1,1
0.15847,1,1
0.14889,1,1
0.11739,0,0
0.0872,0,0
0.0584,0,0
0.05013,0,0
0.06214,0,0
0.08207,0,0
0.1072,0,0
0.09835,0,0
0.05993,0,0
0.02257,0,0
0.0039,0,0
0.00388,0,0
0.00187,0,0
0.0,0,0
0.0,0,0
0.0,0,0
0.0,0,0
0.0,0,0
0.0,0,0
0.0,0,0
0.0,0,0
0.0,0,0
0.0,0,0
0.0,0,0
0.0,0,0
0.0,0,0
0.0,0,0
0.0,0,0
0.0,0,0
0.0,0,0
0.0,0,0
0.0,0,0
0.0,0,0
0.0,0,0
0.0,0,0
0.0,0,0
0.0,0,0
0.0,0,0
0.0,0,0
0.0,0,0
0.0,0,0
0.0,0,0
0.0,0,0
0.0,0,0
0.0,0,0
0.0,0,0
0.0,0,0
0.0,0,0
0.0,0,0
0.0,0,0
0.0,0,0
0.0,0,0
0.0,0,0
0.0,0,0
0.0,0,0
0.0,0,0
0.0,0,0
0.0,0,0
0.0,0,0
0.0,0,0
0.0,0,0
0.0,0,0
0.0,0,0
0.0,0,0
0.0,0,0
0.0,0,0
0.00133,0,0
0.00476,0,0
0.01088,0,0
0.03207,0,0
0.06935,0,0
0.09209,0,0
0.09989,0,0
0.10702,0,0
0.11348,0,0
0.13284,1,1
0.16446,1,1
0.20767,1,1
0.26422,1,1
0.27298,1,1
0.23251,1,1
0.21141,1,1
0.20916,1,1
0.18947,1,1
0.15224,1,1
0.112,0,0
0.06978,0,0
0.06193,0,0
0.08155,0,0
0.09454,0,0
0.10144,0,0
0.10933,0,0
0.11756,0,0
0.13295,1,1
0.15526,1,1
0.15688,1,1
0.13784,1,1
0.12547,0,0
0.11932,0,0
0.10762,0,0
0.09093,0,0
0.07535,0,0
0.06075,0,0
0.04939,0,0
0.04126,0,0
0.03552,0,0
0.03201,0,0
0.02333,0,0
0.01729,0,0
0.01575,0,0
0.01262,0,0
0.00952,0,0
0.00653,0,0
0.01692,0,0
0.04299,0,0
0.08113,0,0
0.13111,0,0
0.15367,1,1
0.14553,1,1
0.13728,1,1
0.12891,0,0
0.12938,0,0
0.13923,1,1
0.14917,1,1
0.15917,1,1
0.15922,1,1
0.15082,1,1
0.14181,1,1
0.13274,1,1
0.11638,0,0
0.09297,0,0
0.07558,0,0
0.05805,0,0
0.04624,0,0
0.04092,0,0
0.03699,0,0
0.033,0,0
0.03087,0,0
0.03099,0,0
0.031,0,0
0.03112,0,0
0.03647,0,0
0.04735,0,0
0.06415,0,0
0.08103,0,0
0.10644,0,0
0.15164,1,1
0.19935,1,1
0.28424,1,1
0.30112,1,1
0.24891,1,1
0.19839,1,1
0.17009,1,1
0.1468,0,0
0.12987,0,0
0.1127,0,0
0.09987,0,0
0.0888,0,0
0.07962,0,0
0.07031,0,0
0.06145,0,0
0.05067,0,0
0.04463,0,0
0.04322,0,0
0.04184,0,0
0.08055,0,0
0.16989,1,1
0.21216,1,1
0.18862,1,1
0.14923,0,0
0.10844,0,0
0.10281,0,0
0.11727,0,0
0.14861,0,0
0.1935,1,1
0.19581,1,1
0.15517,1,1
0.1263,0,0
0.10925,0,0
0.0994,0,0
0.09575,0,0
0.08381,0,0
0.06428,0,0
0.07127,0,0
0.10392,0,0
0.15027,0,0
0.21088,1,1
0.25079,1,1
0.26777,1,1
0.38256,1,1
0.58966,1,1
0.61471,1,1
0.4711,1,1
0.37972,1,1
0.33856,1,1
0.26045,1,1
0.15315,1,1
0.09272,0,0
0.06923,0,0
0.05496,0,0
0.04976,0,0
0.05006,0,0
0.05097,0,0
0.03634,0,0
0.01569,0,0
0.00567,0,0
0.00457,0,0
0.00348,0,0
0.00237,0,0
0.00193,0,0
0.00216,0,0
0.0024,0,0
0.00264,0,0
0.00219,0,0
0.00107,0,0
0.0,0,0
0.0,0,0
0.0,0,0
0.0,0,0
0.0,0,0
0.0,0,0
0.0,0,0
0.0,0,0
0.0,0,0
0.0,0,0
0.0,0,0
0.0,0,0
0.0,0,0
0.0,0,0
0.0,0,0
0.0,0,0
0.0,0,0
0.0,0,0
0.0,0,0
0.0,0,0
0.0,0,0
0.0,0,0
0.0,0,0
0.0,0,0
0.0,0,0
0.0,0,0
0.0,0,0
0.0,0,0
0.0,0,0
0.0,0,0
0.0,0,0
0.0,0,0
0.0,0,0
0.0,0,0
0.0,0,0
0.0,0,0
0.0,0,0
0.0,0,0
0.0,0,0
0.0,0,0
0.0,0,0
0.0,0,0
0.0,0,0
0.0,0,0
0.0,0,0
0.0,0,0
0.01467,0,0
0.04608,0,0
0.07746,0,0
0.10799,0,0
0.10165,0,0
0.05878,0,0
0.05809,0,0
0.09841,0,0
0.13374,0,0
0.16318,0,0
0.17469,0,0
0.16862,0,0
0.16893,0,0
0.1749,0,0
0.17469,0,0
0.1685,0,0
0.16494,0,0
0.16396,0,0
0.15922,0,0
0.15199,0,0
0.14383,0,0
0.14014,0,0
0.14009,0,0
0.14761,0,0
0.17465,0,0
0.2293,0,0
0.26189,0,0
0.27485,0,0
0.28259,1,0
0.25162,0,0
0.24238,0,0
0.25303,0,0
0.23955,0,0
0.2018,0,0
0.17612,0,0
0.15649,0,0
0.15031,0,0
0.15635,0,0
0.15976,0,0
0.16079,0,0
0.17389,0,0
0.19703,0,0
0.21902,0,0
0.24046,0,0
0.26704,0,0
0.31084,1,1
0.35699,1,1
0.40477,1,1
0.42042,1,1
0.40609,1,1
0.39156,1,1
0.37683,1,1
0.3736,1,1
0.38085,1,1
0.38816,1,1
0.39552,1,1
0.41619,1,1
0.44914,1,1
0.48422,1,1
0.52448,1,1
0.56531,1,1
0.60462,1,1
0.64422,1,1
0.68653,1,1
0.71057,1,1
0.72108,1,1
0.73459,1,1
0.74582,1,1
0.78549,0,1
0.85326,1,1
0.92212,1,1
0.98827,1,1
1.016,1,1
1.00057,1,1
0.98462,1,1
0.96811,1,1
0.98058,1,1
1.02302,1,1
1.0662,1,1
1.10546,1,1
1.22867,1,1
1.43517,1,1
1.61664,1,1
1.74681,1,1
1.76315,1,1
1.72086,1,1
1.65044,1,1
1.58745,1,1
1.4981,1,1
1.36138,1,1
1.23216,1,1
1.09807,1,1
0.95836,1,1
0.80539,0,0
0.64654,0,0
0.4959,0,0
0.41292,0,0
0.38097,0,0
0.35978,0,0
0.34414,0,0
0.29335,0,0
0.21293,0,0
0.17902,0,0
0.17311,0,0
0.16498,0,0
0.15927,0,0
0.13514,0,0
0.09701,0,0
0.05972,0,0
0.03543,0,0
0.02731,0,0
0.0524,0,0
0.0971,0,0
0.1333,0,0
0.15004,0,0
0.14335,0,0
0.13879,0,0
0.13675,0,0
0.1357,0,0
0.13477,0,0
0.13726,0,0
0.14237,0,0
0.13449,0,0
0.11236,0,0
0.09147,0,0
0.07184,0,0
0.05731,0,0
0.04812,0,0
0.0422,0,0
0.04046,0,0
0.04452,0,0
0.05423,0,0
0.05453,0,0
0.04313,0,0
0.03278,0,0
0.02285,0,0
0.01629,0,0
0.01288,0,0
0.00955,0,0
0.00647,0,0
0.0104,0,0
0.02181,0,0
0.03339,0,0
0.049,0,0
0.04914,0,0
0.03368,0,0
0.02227,0,0
0.01068,0,0
0.00608,0,0
0.00565,0,0
0.00523,0,0
0.00481,0,0
0.00427,0,0
0.00361,0,0
0.00295,0,0
0.00228,0,0
0.00229,0,0
0.00302,0,0
0.00375,0,0
0.0045,0,0
0.00578,0,0
0.00838,0,0
0.01704,0,0
0.02599,0,0
0.0375,0,0
0.05484,0,0
0.07658,0,0
0.09848,0,0
0.11195,0,0
0.11324,0,0
0.11456,0,0
0.11592,0,0
0.12107,0,0
0.13004,0,0
0.13908,0,0
0.1488,0,0
0.14938,0,0
0.14129,0,0
0.13313,0,0
0.12491,0,0
0.11613,0,0
0.10891,0,0
0.10291,0,0
0.09646,0,0
0.09922,0,0
0.11057,0,0
0.12583,0,0
0.14165,0,0
0.12933,0,0
0.09437,0,0
0.06524,0,0
0.0402,0,0
0.0375,0,0
0.05136,0,0
0.05059,0,0
0.03558,0,0
0.02509,0,0
0.01876,0,0
0.03013,0,0
0.05901,0,0
0.08588,0,0
0.11123,0,0
0.13094,0,0
0.14679,0,0
0.15681,0,0
0.16473,0,0
0.15488,0,0
0.1308,0,0
0.11583,0,0
0.10431,0,0
0.10198,0,0
0.10903,0,0
0.11976,0,0
0.13457,0,0
0.1296,0,0
0.10509,0,0
0.08587,0,0
0.07428,0,0
0.07105,0,0
0.07601,0,0
0.08281,0,0
0.0955,0,0
0.10771,0,0
0.12458,0,0
0.14233,0,0
0.16365,0,0
0.20654,0,0
0.25557,0,0
0.35584,0,0
0.51487,1,1
0.68474,1,1
0.84371,1,1
0.88253,1,1
0.8125,1,1
0.73541,1,1
0.65898,1,1
0.60356,1,1
0.57241,1,1
0.54105,1,1
0.51111,1,1
0.47588,1,1
0.43864,1,1
0.40909,1,1
0.37769,0,0
0.39458,0,0
0.46079,1,1
0.5409,1,1
0.62212,1,1
0.64556,1,1
0.61243,1,1
0.5771,1,1
0.54359,1,1
0.50623,1,1
0.46521,1,1
0.43262,1,1
0.39819,0,0
0.35088,0,0
0.29238,0,0
0.24819,0,0
0.20235,0,0
0.16895,0,0
0.15172,0,0
0.13431,0,0
0.11718,0,0
0.102,0,0
0.09354,0,0
0.08456,0,0
0.0757,0,0
0.0834,0,0
0.10923,0,0
0.14383,0,0
0.17979,0,0
0.18071,0,0
0.14664,0,0
0.11249,0,0
0.0871,0,0
0.06833,0,0
0.05558,0,0
0.04503,0,0
0.03702,0,0
0.03557,0,0
0.04064,0,0
0.04582,0,0
0.05254,0,0
0.06339,0,0
0.07713,0,0
0.09068,0,0
0.10406,0,0
0.16603,0,0
0.30072,0,0
0.46588,0,0
0.65955,1,1
0.70203,1,1
0.55974,1,1
0.524,1,1
0.61678,1,1
0.69962,1,1
0.77153,1,1
0.81911,1,1
0.83368,1,1
0.82164,1,1
0.77599,1,1
0.77359,1,1
0.80963,1,1
0.8542,1,1
0.91141,1,1
0.95055,1,1
0.97139,1,1
0.95408,1,1
0.90199,1,1
0.84102,1,1
0.75239,1,1
0.68195,1,1
0.62956,1,1
0.57186,1,1
0.51025,0,0
0.46716,0,0
0.43571,0,0
0.38771,0,0
0.32635,0,0
0.27203,0,0
0.22331,0,0
0.17558,0,0
0.12781,0,0
0.0903,0,0
0.06041,0,0
0.03269,0,0
0.00936,0,0
0.0,0,0
0.0,0,0
0.0,0,0
0.0,0,0
0.0,0,0
0.0,0,0
0.00047,0,0
0.00133,0,0
0.00177,0,0
0.00178,0,0
0.0018,0,0
0.00181,0,0
0.00115,0,0
0.0,0,0
0.0,0,0
0.0,0,0
0.0,0,0
0.0,0,0
0.0,0,0
0.0,0,0
0.0,0,0
0.0,0,0
0.0,0,0
0.0,0,0
0.0,0,0
0.0,0,0
0.0,0,0
0.0,0,0
0.0,0,0
0.0,0,0
0.00222,0,0
0.00556,0,0
0.00703,0,0
0.00659,0,0
0.00614,0,0
0.0057,0,0
0.00643,0,0
0.00924,0,0
0.01846,0,0
0.02789,0,0
0.03135,0,0
0.02871,0,0
0.02617,0,0
0.02361,0,0
0.01758,0,0
0.00838,0,0
0.00638,0,0
0.00442,0,0
0.00524,0,0
0.01072,0,0
0.02768,0,0
0.04443,0,0
0.05372,0,0
0.04953,0,0
0.04561,0,0
0.04292,0,0
0.0633,0,0
0.11403,0,0
0.17137,0,0
0.23414,0,0
0.24627,0,0
0.20598,0,0
0.21145,0,0
0.26347,0,0
0.31457,1,1
0.36518,1,1
0.38922,1,1
0.38678,1,1
0.38519,1,1
0.38774,1,1
0.39945,1,1
0.41987,1,1
0.44614,1,1
0.4757,1,1
0.47131,1,1
0.43144,1,1
0.40153,1,1
0.37923,1,1
0.35941,1,1
0.34294,1,1
0.31653,1,1
0.28281,1,1
0.28695,1,1
0.32326,1,1
0.35678,1,1
0.38696,1,1
0.36295,1,1
0.2953,1,1
0.24632,0,0
0.21374,0,0
0.16507,0,0
0.10951,0,0
0.05494,0,0
0.02298,0,0
0.01377,0,0
0.00727,0,0
0.00447,0,0
0.0049,0,0
0.00534,0,0
0.00578,0,0
0.00602,0,0
0.00606,0,0
0.00608,0,0
0.00612,0,0
0.00595,0,0
0.00555,0,0
0.00516,0,0
0.00476,0,0
0.00478,0,0
0.00525,0,0
0.00573,0,0
0.00618,0,0
0.00598,0,0
0.00509,0,0
0.00419,0,0
0.00327,0,0
0.00236,0,0
0.00144,0,0
0.00052,0,0
0.0,0,0
0.0,0,0
0.0,0,0
0.0,0,0
0.0,0,0
0.0,0,0
0.0,0,0
0.0,0,0
0.0,0,0
0.00071,0,0
0.00203,0,0
0.00338,0,0
0.00475,0,0
0.00546,0,0
0.00551,0,0
0.00555,0,0
0.0056,0,0
0.00479,0,0
0.00313,0,0
0.00146,0,0
0.0,0,0
0.0,0,0
0.0,0,0
0.0,0,0
0.0,0,0
0.0,0,0
0.0,0,0
0.0,0,0
0.0,0,0
0.0,0,0
0.0,0,0
0.0,0,0
0.0,0,0
0.05775,0,0
0.20815,0,0
0.30672,1,1
0.31165,1,1
0.32342,1,1
0.35243,1,1
0.36005,1,1
0.33941,1,1
0.29938,0,0
0.23986,0,0
0.25232,0,0
0.34498,1,1
0.43591,1,1
0.52355,1,1
0.54855,1,1
0.51051,1,1
0.48192,1,1
0.46705,1,1
0.45913,1,1
0.46056,1,1
0.46344,1,1
0.4676,1,1
0.45389,1,1
0.42325,1,1
0.40069,1,1
0.38569,1,1
0.36686,1,1
0.34872,1,1
0.32643,1,1
0.29919,0,0
0.26809,0,0
0.23328,0,0
0.20411,0,0
0.18194,0,0
0.16026,0,0
0.13968,0,0
0.12292,0,0
0.10987,0,0
0.08661,0,0
0.06382,0,0
0.05618,0,0
0.05638,0,0
0.05675,0,0
0.05695,0,0
0.05233,0,0
0.04286,0,0
0.03481,0,0
0.02861,0,0
0.0288,0,0
0.0353,0,0
0.04392,0,0
0.05419,0,0
0.06606,0,0
0.07995,0,0
0.09528,0,0
0.11413,0,0
0.11687,0,0
0.10332,0,0
0.08968,0,0
0.07975,0,0
0.07489,0,0
0.07492,0,0
0.07519,0,0
0.07547,0,0
0.07627,0,0
0.07817,0,0
0.07987,0,0
0.08165,0,0
0.09429,0,0
0.12352,0,0
0.15602,0,0
0.19391,0,0
0.20264,0,0
0.17117,0,0
0.14877,0,0
0.12585,0,0
0.11856,0,0
0.12738,0,0
0.13682,0,0
0.14641,0,0
0.13994,0,0
0.11776,0,0
0.09959,0,0
0.08287,0,0
0.07243,0,0
0.06826,0,0
0.06383,0,0
0.05967,0,0
0.06776,0,0
0.08784,0,0
0.10762,0,0
0.13418,0,0
0.1392,0,0
0.12216,0,0
0.1056,0,0
0.09321,0,0
0.09745,0,0
0.11901,0,0
0.14445,0,0
0.16934,0,0
0.16886,0,0
0.14348,0,0
0.13059,0,0
0.12902,0,0
0.12795,0,0
0.13058,0,0
0.13594,0,0
0.18349,0,0
0.26297,0,0
0.3306,1,1
0.37069,1,1
0.38364,1,1
0.35514,1,1
0.31598,1,1
0.29901,0,0
0.31553,0,0
0.36107,1,1
0.39225,1,1
0.40046,1,1
0.38617,1,1
0.38795,1,1
0.40645,1,1
0.41346,1,1
0.41006,1,1
0.40555,1,1
0.39809,1,1
0.363,1,1
0.30667,0,0
0.26126,0,0
0.22436,0,0
0.18138,0,0
0.1346,0,0
0.09964,0,0
0.07262,0,0
0.04281,0,0
0.0163,0,0
0.01285,0,0
0.02932,0,0
0.0506,0,0
0.07627,0,0
0.0838,0,0
0.07282,0,0
0.06196,0,0
0.05078,0,0
0.04196,0,0
0.0366,0,0
0.03271,0,0
0.02863,0,0
0.03981,0,0
0.08061,0,0
0.13328,0,0
0.21434,0,0
0.28227,0,0
0.32877,1,1
0.37781,1,1
0.42726,1,1
0.44703,1,1
0.43677,1,1
0.42642,1,1
0.41455,1,1
0.36523,1,1
0.2811,0,0
0.21321,0,0
0.1581,0,0
0.14435,0,0
0.15609,0,0
0.16803,0,0
0.18017,0,0
0.18173,0,0
0.17309,0,0
0.16423,0,0
0.15514,0,0
0.15148,0,0
0.15286,0,0
0.15426,0,0
0.15632,0,0
0.14474,0,0
0.1214,0,0
0.10192,0,0
0.08487,0,0
0.09102,0,0
0.12331,0,0
0.16292,0,0
0.20655,0,0
0.22492,0,0
0.192,0,0
0.17328,0,0
0.15437,0,0
0.13651,0,0
0.11991,0,0
0.10375,0,0
0.09133,0,0
0.11889,0,0
0.20286,0,0
0.30466,1,1
0.42507,1,1
0.48709,1,1
0.46516,1,1
0.50515,1,1
0.62299,1,1
0.67058,1,1
0.64794,1,1
0.61224,1,1
0.58015,1,1
0.55458,1,1
0.53651,1,1
0.54664,1,1
0.58729,1,1
0.62864,1,1
0.67005,1,1
0.69363,1,1
0.69497,1,1
0.70373,1,1
0.71417,1,1
0.64606,1,1
0.50497,1,1
0.38835,1,1
0.29799,1,1
0.25096,0,0
0.24345,0,0
0.2024,0,0
0.15105,0,0
0.13017,0,0
0.16186,0,0
0.22287,0,0
0.26344,0,0
0.23072,0,0
0.1462,0,0
0.08102,0,0
0.03318,0,0
0.01025,0,0
0.00324,0,0
0.00027,0,0
0.00071,0,0
0.00115,0,0
0.00158,0,0
0.00081,0,0
0.0,0,0
0.0,0,0
0.0,0,0
0.0,0,0
0.0,0,0
0.0,0,0
0.0,0,0
0.0,0,0
0.0,0,0
0.0,0,0
0.0,0,0
0.00028,0,0
0.00074,0,0
0.00122,0,0
0.0017,0,0
0.00314,0,0
0.00556,0,0
0.01102,0,0
0.02262,0,0
0.02988,0,0
0.03268,0,0
0.03556,0,0
0.03868,0,0
0.04656,0,0
0.06443,0,0
0.08256,0,0
0.10098,0,0
0.1089,0,0
0.10337,0,0
0.09886,0,0
0.09382,0,0
0.09008,0,0
0.08656,0,0
0.08333,0,0
0.08002,0,0
0.07597,0,0
0.07129,0,0
0.06692,0,0
0.06229,0,0
0.0553,0,0
0.04751,0,0
0.04151,0,0
0.03579,0,0
0.05086,0,0
0.10297,0,0
0.17077,0,0
0.2811,1,1
0.34041,1,1
0.32623,1,1
0.31543,1,1
0.30471,1,1
0.26795,0,0
0.21304,0,0
0.19146,0,0
0.17703,0,0
0.18437,0,0
0.20698,0,0
0.25929,0,0
0.34661,1,1
0.45537,1,1
0.58763,1,1
0.62041,1,1
0.54877,1,1
0.47662,1,1
0.40743,1,1
0.39968,1,1
0.45592,1,1
0.51335,1,1
0.57032,1,1
0.53614,1,1
0.41529,1,1
0.28148,1,1
0.20378,0,0
0.19877,0,0
0.21901,0,0
0.2521,0,0
0.2795,1,1
0.28775,1,1
0.27565,1,1
0.27253,1,1
0.27608,1,1
0.2585,0,0
0.22171,0,0
0.18437,0,0
0.14557,0,0
0.13292,0,0
0.13893,0,0
0.13971,0,0
0.13288,0,0
0.10355,0,0
0.07044,0,0
0.04864,0,0
0.03273,0,0
0.02125,0,0
0.01004,0,0
0.00586,0,0
0.00588,0,0
0.0059,0,0
0.00592,0,0
0.00911,0,0
0.01827,0,0
0.02754,0,0
0.03694,0,0
0.04103,0,0
0.03577,0,0
0.03174,0,0
0.02777,0,0
0.02323,0,0
0.01815,0,0
0.01301,0,0
0.0077,0,0
0.00685,0,0
0.01005,0,0
0.01347,0,0
0.01687,0,0
0.01995,0,0
0.02262,0,0
0.02547,0,0
0.02835,0,0
0.02989,0,0
0.03001,0,0
0.03013,0,0
0.03026,0,0
0.02482,0,0
0.01385,0,0
0.00682,0,0
0.00449,0,0
0.00386,0,0
0.00499,0,0
0.00614,0,0
0.0073,0,0
0.00692,0,0
0.00498,0,0
0.00302,0,0
0.00105,0,0
0.0,0,0
0.0,0,0
0.0,0,0
0.0,0,0
0.0,0,0
0.0,0,0
0.0,0,0
0.0,0,0
0.0,0,0
0.0,0,0
0.0,0,0
0.0,0,0
0.01002,0,0
0.03094,0,0
0.05181,0,0
0.07266,1,1
0.07128,1,1
0.04929,0,0
0.05332,0,0
0.08159,1,1
0.10955,1,1
0.13743,1,1
0.14383,1,1
0.12882,1,1
0.11669,1,1
0.10676,1,1
0.11225,1,1
0.13146,1,1
0.16234,1,1
0.20361,1,1
0.1981,1,1
0.14629,1,1
0.10138,1,1
0.06391,1,1
0.05819,0,1
0.08215,1,1
0.10569,1,1
0.12884,1,1
0.12702,1,1
0.09998,1,1
0.0776,1,1
0.06059,1,1
0.04917,0,0
0.04306,0,0
0.03474,0,0
0.02415,0,0
0.017,0,0
0.0131,0,0
0.00543,0,0
0.0,0,0
0.0,0,0
0.0,0,0
0.0,0,0
0.0,0,0
0.0,0,0
0.0,0,0
0.0,0,0
0.0,0,0
0.0,0,0
0.0,0,0
0.0,0,0
0.0,0,0
0.0,0,0
0.0,0,0
0.0,0,0
0.0,0,0
0.0,0,0
0.0,0,0
0.0,0,0
0.0,0,0
0.0,0,0
0.0,0,0
0.0,0,0
0.0,0,0
0.0,0,0
0.0,0,0
0.0,0,0
0.0,0,0
0.0,0,0
0.0,0,0
0.0,0,0
0.0,0,0
0.0,0,0
0.0,0,0
0.0,0,0
0.0,0,0
0.0,0,0
0.0,0,0
0.0,0,0
0.0,0,0
0.0,0,0
0.0,0,0
0.0,0,0
0.0,0,0
0.0,0,0
0.0,0,0
0.0,0,0
0.0,0,0
0.0,0,0
0.0,0,0
0.0,0,0
0.0,0,0
0.0,0,0
0.0,0,0
0.0,0,0
0.0,0,0
0.0,0,0
0.0,0,0
0.00901,0,0
0.02791,0,0
0.04692,0,0
0.06582,0,0
0.10856,1,1
0.17819,1,1
0.19034,1,1
0.13901,1,1
0.09852,1,1
0.07666,0,0
0.08583,0,0
0.11913,1,1
0.16231,1,1
0.21569,1,1
0.24725,1,1
0.25724,1,1
0.32166,1,1
0.43984,1,1
0.47076,1,1
0.41873,1,1
0.39953,1,1
0.41008,1,1
0.37746,1,1
0.30505,1,1
0.22123,1,1
0.17685,1,1
0.17003,1,1
0.15166,1,1
0.12841,1,1
0.10678,1,1
0.09541,0,0
0.08887,0,0
0.07917,0,0
0.08581,0,0
0.07259,0,0
0.05954,0,0
0.05314,0,0
0.04932,0,0
0.03065,0,0
0.00875,0,0
0.00034,0,0
0.00094,0,0
0.00155,0,0
0.00217,0,0
0.00198,0,0
0.00096,0,0
0.0,0,0
0.0,0,0
0.0,0,0
0.0,0,0
0.0,0,0
0.0,0,0
0.0,0,0
0.0,0,0
0.0,0,0
0.0,0,0
0.0,0,0
0.0,0,0
0.0,0,0
0.0,0,0
0.0,0,0
0.0,0,0
0.0,0,0
0.0,0,0
0.0,0,0
0.0,0,0
0.0,0,0
0.0,0,0
0.0,0,0
0.0,0,0
0.0,0,0
0.0,0,0
0.0,0,0
0.0,0,0
0.0,0,0
0.0,0,0
0.0,0,0
0.0,0,0
0.0,0,0
0.0,0,0
0.0,0,0
0.0,0,0
0.0,0,0
0.0,0,0
0.0,0,0
0.00019,0,0
0.00101,0,0
0.00182,0,0
0.00439,0,0
0.011,0,0
0.03141,0,0
0.05463,0,0
0.06801,0,0
0.0634,0,0
0.05889,0,0
0.05467,0,0
0.06112,0,0
0.07879,0,0
0.09633,0,0
0.11364,0,0
0.12621,0,0
0.13315,0,0
0.15162,0,0
0.17695,0,0
0.18681,0,0
0.18151,0,0
0.17794,0,0
0.17787,0,0
0.18811,0,0
0.20897,0,0
0.21733,0,0
0.21475,0,0
0.20786,0,0
0.22858,0,0
0.23059,0,0
0.24403,0,0
0.27338,1,1
0.32137,1,1
0.29791,1,1
0.20585,0,0
0.15382,0,0
0.13951,0,0
0.13166,0,0
0.13003,0,0
0.13023,0,0
0.13779,0,0
0.15967,0,0
0.20388,0,0
0.25573,1,1
0.30303,1,1
0.35389,1,1
0.39464,1,1
0.45492,1,1
0.54169,1,1
0.63101,1,1
0.72468,1,1
0.80063,1,1
0.85707,1,1
0.91387,1,1
0.96959,1,1
0.98576,1,1
0.9629,1,1
0.94232,1,1
0.91789,1,1
0.84357,1,1
0.71549,1,1
0.57735,1,1
0.42971,1,1
0.30883,1,1
0.2112,0,0
0.13667,0,0
0.08876,0,0
0.05973,0,0
0.03894,0,0
0.02495,0,0
0.01148,0,0
0.00843,0,0
0.01584,0,0
0.02334,0,0
0.03095,0,0
0.03038,0,0
0.02112,0,0
0.01142,0,0
0.00599,0,0
0.00497,0,0
0.00499,0,0
0.00501,0,0
0.00503,0,0
0.00595,0,0
0.0086,0,0
0.01731,0,0
0.02623,0,0
0.02654,0,0
0.01787,0,0
0.00906,0,0
0.00641,0,0
0.00481,0,0
0.00345,0,0
0.0021,0,0
0.00074,0,0
0.00033,0,0
0.00088,0,0
0.00143,0,0
0.00197,0,0
0.00292,0,0
0.00426,0,0
0.0056,0,0
0.00691,0,0
0.0141,0,0
0.03033,0,0
0.04703,0,0
0.07166,0,0
0.11908,0,0
0.21073,0,0
0.32728,0,0
0.46328,1,1
0.48316,1,1
0.36667,0,0
0.34009,0,0
0.41475,0,0
0.47977,1,1
0.53638,1,1
0.5715,1,1
0.57812,1,1
0.5901,1,1
0.61044,1,1
0.6123,1,1
0.59639,1,1
0.56679,1,1
0.52376,1,1
0.51663,1,1
0.54639,1,1
0.57622,1,1
0.60573,1,1
0.5983,1,1
0.5543,1,1
0.52305,1,1
0.50646,1,1
0.48001,1,1
0.44445,1,1
0.4178,0,0
0.39997,0,0
0.40403,0,0
0.42239,1,1
0.41824,1,1
0.3793,0,0
0.30429,0,0
0.20701,0,0
0.12524,0,0
0.08438,0,0
0.06912,0,0
0.05063,0,0
0.03218,0,0
0.01883,0,0
0.00591,0,0
0.00309,0,0
0.00249,0,0
0.00414,0,0
0.00582,0,0
0.01246,0,0
0.01304,0,0
0.00627,0,0
0.00482,0,0
0.00337,0,0
0.0022,0,0
0.00134,0,0
0.00048,0,0
0.0,0,0
0.0,0,0
0.0,0,0
0.0,0,0
0.0,0,0
0.0,0,0
0.0,0,0
0.0,0,0
0.0,0,0
0.0,0,0
0.0,0,0
0.0,0,0
0.0,0,0
0.0,0,0
0.0,0,0
0.0,0,0
0.0,0,0
0.0,0,0
0.0,0,0
0.0,0,0
0.0,0,0
0.0,0,0
0.00072,0,0
0.00259,0,0
0.0045,0,0
0.00575,0,0
0.00632,0,0
0.00691,0,0
0.00749,0,0
0.01065,0,0
0.0198,0,0
0.029,0,0
0.03804,0,0
0.04131,0,0
0.0384,0,0
0.03567,0,0
0.03296,0,0
0.03259,0,0
0.03474,0,0
0.03672,0,0
0.03877,0,0
0.05828,0,0
0.10168,0,0
0.15035,0,0
0.20252,1,1
0.27968,1,1
0.39071,1,1
0.45582,1,1
0.4588,1,1
0.47651,1,1
0.50723,1,1
0.52214,1,1
0.51839,1,1
0.51901,1,1
0.5283,1,1
0.49245,1,1
0.41114,1,1
0.29414,1,1
0.21721,1,1
0.20706,1,1
0.25237,1,1
0.34122,1,1
0.41805,1,1
0.40817,1,1
0.3164,1,1
0.24668,1,1
0.19779,1,1
0.15962,1,1
0.1308,0,0
0.10828,0,0
0.09172,0,0
0.07715,0,0
0.06539,0,0
0.05071,0,0
0.03204,0,0
0.02249,0,0
0.02187,0,0
0.01969,0,0
0.01592,0,0
0.01045,0,0
0.00334,0,0
0.0,0,0
0.0,0,0
0.0,0,0
0.0,0,0
0.0,0,0
0.0,0,0
0.0,0,0
0.0,0,0
0.0,0,0
0.0,0,0
0.0,0,0
0.0,0,0
0.0,0,0
0.0,0,0
0.0,0,0
0.0,0,0
0.0,0,0
0.0,0,0
0.0,0,0
0.0,0,0
0.0,0,0
0.0,0,0
0.0,0,0
0.0,0,0
0.0,0,0
0.0,0,0
0.0,0,0
0.0,0,0
0.0,0,0
0.0,0,0
0.00042,0,0
0.00217,0,0
0.00282,0,0
0.00235,0,0
0.00187,0,0
0.00137,0,0
0.00019,0,0
0.0,0,0
0.0,0,0
0.0,0,0
0.0,0,0
0.0,0,0
0.0,0,0
0.0,0,0
0.0,0,0
0.0,0,0
0.0,0,0
0.0,0,0
0.00138,0,0
0.00188,0,0
0.00237,0,0
0.00284,0,0
0.00256,0,0
0.00155,0,0
0.00055,0,0
0.0,0,0
0.02434,0,0
0.08534,0,0
0.12774,0,0
0.13469,0,0
0.13789,0,0
0.14129,0,0
0.15592,0,0
0.18378,1,1
0.21372,1,1
0.24437,1,1
0.2505,1,1
0.23168,1,1
0.2071,1,1
0.19594,1,1
0.20716,1,1
0.26343,1,1
0.34975,1,1
0.41827,1,1
0.42393,1,1
0.3689,1,1
0.32061,1,1
0.2808,1,1
0.27309,1,1
0.2973,1,1
0.32938,1,1
0.37266,1,1
0.34678,1,1
0.25581,1,1
0.16181,1,1
0.15929,1,1
0.1443,0,0
0.13586,0,0
0.15283,0,0
0.18676,1,0
0.15221,0,0
0.06975,0,0
0.01816,0,0
0.00186,0,0
0.00248,0,0
0.00307,0,0
0.00427,0,0
0.00604,0,0
0.01446,0,0
0.02278,0,0
0.02556,0,0
0.0228,0,0
0.02008,0,0
0.01728,0,0
0.00969,0,0
0.0042,0,0
0.00157,0,0
0.0,0,0
0.0,0,0
0.0,0,0
0.0,0,0
0.0,0,0
0.0,0,0
0.0,0,0
0.0,0,0
0.0,0,0
0.0,0,0
0.0,0,0
0.0,0,0
0.0,0,0
0.0,0,0
0.0012,0,0
0.00263,0,0
0.0041,0,0
0.00561,0,0
0.00712,0,0
0.01356,0,0
0.02075,0,0
0.02158,0,0
0.0159,0,0
0.00997,0,0
0.00702,0,0
0.007,0,0
0.00847,0,0
0.01374,0,0
0.01917,0,0
0.01934,0,0
0.01404,0,0
0.0087,0,0
0.00727,0,0
0.00766,0,0
0.01446,0,0
0.02343,0,0
0.03216,0,0
0.03626,0,0
0.03562,0,0
0.035,0,0
0.03441,0,0
0.03288,0,0
0.03041,0,0
0.02795,0,0
0.02542,0,0
0.04304,0,0
0.08414,0,0
0.13366,0,0
0.18535,0,0
0.2389,1,1
0.30027,1,1
0.35187,1,1
0.39072,1,1
0.43963,1,1
0.50229,1,1
0.52716,1,1
0.5079,1,1
0.5125,1,1
0.54792,1,1
0.5337,1,1
0.47192,1,1
0.38892,1,1
0.34023,1,1
0.34686,1,1
0.37891,1,1
0.41369,1,1
0.4525,1,1
0.44289,1,1
0.38822,1,1
0.33304,1,1
0.27792,1,1
0.23723,1,1
0.21128,1,1
0.19968,0,0
0.19063,0,0
0.17756,0,0
0.1604,0,0
0.12676,0,0
0.08302,0,0
0.05117,0,0
0.03408,0,0
0.02642,0,0
0.02566,0,0
0.02396,0,0
0.02149,0,0
0.01772,0,0
0.01267,0,0
0.00771,0,0
0.00529,0,0
0.00545,0,0
0.01043,0,0
0.01706,0,0
0.02372,0,0
0.02718,0,0
0.02733,0,0
0.02756,0,0
0.02771,0,0
0.02543,0,0
0.02061,0,0
0.01576,0,0
0.01089,0,0
0.00999,0,0
0.01308,0,0
0.01627,0,0
0.01953,0,0
0.0259,0,0
0.03552,0,0
0.04937,0,0
0.06471,0,0
0.08505,0,0
0.11791,0,0
0.15366,0,0
0.20978,0,0
0.24387,1,1
0.24469,1,1
0.24551,1,1
0.24633,1,1
0.24349,1,1
0.23686,0,0
0.23092,0,0
0.22399,0,0
0.20266,0,0
0.17242,0,0
0.15242,0,0
0.13164,0,0
0.11917,0,0
0.11379,0,0
0.10881,0,0
0.10415,0,0
0.10018,0,0
0.09622,0,0
0.09225,0,0
0.08828,0,0
0.07907,0,0
0.06453,0,0
0.05051,0,0
0.03936,0,0
0.03907,0,0
0.04922,0,0
0.06196,0,0
0.07427,0,0
0.09121,0,0
0.12163,0,0
0.1402,0,0
0.13401,0,0
0.12327,0,0
0.11454,0,0
0.11698,0,0
0.12568,0,0
0.12581,0,0
0.12477,0,0
0.13344,0,0
0.19427,0,0
0.29838,1,1
0.39681,1,1
0.40744,1,1
0.33072,1,1
0.24636,1,1
0.20227,0,0
0.20009,0,0
0.22551,0,0
0.26414,1,1
0.2871,1,1
0.29656,1,1
0.29279,1,1
0.29445,1,1
0.30264,1,1
0.29831,1,1
0.28374,1,1
0.26692,1,1
0.24803,1,1
0.23916,1,1
0.23789,1,1
0.24138,1,1
0.24619,1,1
0.2096,0,0
0.14247,0,0
0.09152,0,0
0.05415,0,0
0.02546,0,0
0.0072,0,0
0.0,0,0
0.0,0,0
0.0,0,0
0.0,0,0
0.0,0,0
0.0,0,0
0.0,0,0
0.0,0,0
0.0,0,0
0.0,0,0
0.0,0,0
0.0,0,0
0.0,0,0
0.0,0,0
0.0,0,0
0.0,0,0
0.0,0,0
0.0,0,0
0.0,0,0
0.0,0,0
0.0,0,0
0.0,0,0
0.0,0,0
0.00015,0,0
0.00015,0,0
0.0,0,0
0.0,0,0
0.0,0,0
0.0,0,0
0.0,0,0
0.0,0,0
0.00182,0,0
0.00184,0,0
0.0,0,0
0.0,0,0
0.0,0,0
0.0,0,0
0.0,0,0
0.0,0,0
0.0,0,0
0.0,0,0
0.0,0,0
0.0,0,0
0.0,0,0
0.0,0,0
0.0,0,0
0.0,0,0
0.0,0,0
0.0,0,0
0.0,0,0
0.0,0,0
5e-05,0,0
0.00081,0,0
0.0003,0,0
0.0,0,0
0.0,0,0
0.01248,0,0
0.04013,0,0
0.06986,0,0
0.10118,0,0
0.15196,1,1
0.22855,1,1
0.2781,1,1
0.29355,1,1
0.32885,1,1
0.38504,1,1
0.39626,1,1
0.35759,1,1
0.32595,1,1
0.30216,1,1
0.28385,1,1
0.27482,1,1
0.25341,1,1
0.22216,1,1
0.22089,1,1
0.24946,1,1
0.27748,1,1
0.30575,1,1
0.30658,1,1
0.28071,1,1
0.26834,1,1
0.26927,1,1
0.2446,1,1
0.19509,1,1
0.14106,0,0
0.105,0,0
0.09197,0,0
0.0769,0,0
0.06008,0,0
0.04321,0,0
0.03285,0,0
0.02889,0,0
0.02342,0,0
0.01637,0,0
0.00956,0,0
0.00305,0,0
0.0,0,0
0.0,0,0
0.0,0,0
0.0,0,0
0.0,0,0
0.0,0,0
0.0,0,0
0.0,0,0
0.0,0,0
0.0,0,0
0.00114,0,0
0.00256,0,0
0.00257,0,0
0.00116,0,0
0.0,0,0
0.0,0,0
0.0,0,0
0.0,0,0
0.00066,0,0
0.0019,0,0
0.00233,0,0
0.00193,0,0
0.00152,0,0
0.0011,0,0
0.00069,0,0
0.00027,0,0
0.0,0,0
0.0,0,0
0.00017,0,0
0.0023,0,0
0.00445,0,0
0.00661,0,0
0.01443,0,0
0.02386,0,0
0.03351,0,0
0.04364,0,0
0.06073,0,0
0.07996,0,0
0.09912,0,0
0.1255,0,0
0.12601,0,0
0.10035,0,0
0.08132,0,0
0.06227,0,0
0.04702,0,0
0.03886,0,0
0.03161,0,0
0.0242,0,0
0.02793,0,0
0.04233,0,0
0.06371,0,0
0.08588,0,0
0.10411,0,0
0.12073,0,0
0.13751,1,1
0.15355,1,1
0.18944,1,1
0.26834,1,1
0.31933,1,1
0.31667,1,1
0.32876,1,1
0.37241,1,1
0.45722,1,1
0.58963,1,1
0.6986,1,1
0.77806,1,1
0.76732,1,1
0.65015,1,1
0.53923,1,1
0.42895,1,1
0.36595,1,1
0.35171,1,1
0.33234,1,1
0.29768,1,1
0.25408,1,1
0.19788,1,1
0.15297,1,1
0.1243,0,0
0.11826,0,0
0.12749,0,0
0.13548,0,0
0.14197,1,0
0.13405,0,0
0.11106,0,0
0.0945,0,0
0.08485,0,0
0.07983,0,0
0.07971,0,0
0.06928,0,0
0.0499,0,0
0.03691,0,0
0.0302,0,0
0.02802,0,0
0.02962,0,0
0.02321,0,0
0.00959,0,0
0.004,0,0
0.00266,0,0
0.00131,0,0
0.0,0,0
0.00014,0,0
0.00192,0,0
0.0037,0,0
0.0055,0,0
0.01054,0,0
0.01544,0,0
0.02041,0,0
0.02548,0,0
0.02809,0,0
0.0281,0,0
0.02811,0,0
0.02812,0,0
0.02475,0,0
0.01795,0,0
0.01103,0,0
0.00582,0,0
0.00459,0,0
0.00355,0,0
0.00251,0,0
0.00145,0,0
0.00136,0,0
0.00228,0,0
0.00325,0,0
0.00425,0,0
0.00456,0,0
0.0041,0,0
0.00365,0,0
0.00318,0,0
0.00382,0,0
0.00558,0,0
0.00738,0,0
0.01561,0,0
0.02604,0,0
0.0384,0,0
0.05464,0,0
0.0743,0,0
0.08811,0,0
0.09588,0,0
0.10401,0,0
0.11504,0,0
0.12702,0,0
0.14033,0,0
0.15421,0,0
0.16759,0,0
0.1803,0,0
0.20029,0,0
0.22251,1,1
0.24442,1,1
0.23111,1,1
0.18329,0,0
0.15333,0,0
0.12708,0,0
0.14431,0,0
0.21883,1,1
0.27225,1,1
0.28852,1,1
0.32693,1,1
0.40392,1,1
0.46018,1,1
0.51212,1,1
0.48987,1,1
0.42559,1,1
0.37971,1,1
0.35269,1,1
0.33068,1,1
0.31325,1,1
0.29028,1,1
0.26384,1,1
0.24513,1,1
0.2339,1,1
0.22127,1,1
0.2073,1,1
0.19928,0,0
0.1955,0,0
0.18598,0,0
0.1699,0,0
0.16348,0,0
0.16775,0,0
0.18143,0,0
0.20176,0,0
0.21,1,0
0.20638,0,0
0.19837,0,0
0.18588,0,0
0.19613,0,0
0.22158,1,0
0.20067,0,0
0.14195,0,0
0.11687,0,0
0.12104,0,0
0.13064,0,0
0.1438,0,0
0.16034,0,0
0.15014,0,0
0.13989,0,0
0.13258,0,0
0.12738,0,0
0.12176,0,0
0.11644,0,0
0.11105,0,0
0.10052,0,0
0.08498,0,0
0.072,0,0
0.06045,0,0
0.04533,0,0
0.03013,0,0
0.01836,0,0
0.0065,0,0
0.00483,0,0
0.00444,0,0
0.00403,0,0
0.00362,0,0
0.00269,0,0
0.00122,0,0
0.0,0,0
0.0,0,0
0.0,0,0
0.0,0,0
0.0,0,0
0.0,0,0
0.0,0,0
0.0,0,0
0.0,0,0
0.0,0,0
0.0,0,0
0.0,0,0
0.0,0,0
0.0,0,0
0.0,0,0
0.0,0,0
0.0,0,0
0.0,0,0
0.0,0,0
0.0,0,0
0.0,0,0
0.0,0,0
0.0,0,0
0.00202,0,0
0.00542,0,0
0.01259,0,0
0.02064,0,0
0.0205,0,0
0.02029,0,0
0.02015,0,0
0.0188,0,0
0.01634,0,0
0.01384,0,0
0.01141,0,0
0.03309,0,0
0.08879,0,0
0.12463,0,0
0.12598,0,0
0.11137,0,0
0.09297,0,0
0.12324,0,0
0.18691,0,0
0.25645,1,1
0.33837,1,1
0.42649,1,1
0.51756,1,1
0.58778,1,1
0.64104,1,1
0.59261,1,1
0.43838,1,1
0.30921,1,1
0.29356,1,1
0.29694,1,1
0.31256,1,1
0.33685,1,1
0.37446,1,1
0.40999,1,1
0.44152,1,1
0.46566,1,1
0.48229,1,1
0.48524,1,1
0.47204,1,1
0.46535,1,1
0.46321,1,1
0.41595,1,1
0.3224,1,1
0.24922,0,0
0.1969,0,0
0.16455,0,0
0.14731,0,0
0.12885,0,0
0.10946,0,0
0.09729,0,0
0.09159,0,0
0.08132,0,0
0.06889,0,0
0.05765,0,0
0.04628,0,0
0.03352,0,0
0.02417,0,0
0.01477,0,0
0.00582,0,0
0.00394,0,0
0.00216,0,0
0.00035,0,0
0.0,0,0
0.0,0,0
0.0,0,0
0.00066,0,0
0.00191,0,0
0.00213,0,0
0.0013,0,0
0.00046,0,0
0.0,0,0
0.0,0,0
0.00047,0,0
0.00134,0,0
0.0022,0,0
0.00223,0,0
0.00138,0,0
0.0005,0,0
0.0,0,0
0.0,0,0
0.00123,0,0
0.00267,0,0
0.00413,0,0
0.00442,0,0
0.00348,0,0
0.00253,0,0
0.00155,0,0
0.00056,0,0
0.0,0,0
0.0,0,0
0.0,0,0
0.0,0,0
0.0,0,0
0.00084,0,0
0.00242,0,0
0.00228,0,0
0.00044,0,0
0.0,0,0
0.0,0,0
0.0,0,0
0.0,0,0
0.0,0,0
0.0,0,0
0.0,0,0
0.0,0,0
0.0,0,0
0.0,0,0
0.01659,0,0
0.05693,0,0
0.10447,0,0
0.15859,0,0
0.18965,0,0
0.19197,0,0
0.19376,0,0
0.19501,0,0
0.17214,0,0
0.15547,0,0
0.15814,0,0
0.23836,1,1
0.38025,1,1
0.49153,1,1
0.53282,1,1
0.49963,1,1
0.49186,1,1
0.51079,1,1
0.49053,1,1
0.43415,1,1
0.37607,1,1
0.31797,1,1
0.30237,1,1
0.3296,1,1
0.34249,1,1
0.34073,1,1
0.35249,1,1
0.37359,1,1
0.39459,1,1
0.41028,1,1
0.39407,1,1
0.35377,1,1
0.33183,1,1
0.32352,1,1
0.25704,1,1
0.15398,0,0
0.0618,0,0
0.01925,0,0
0.01248,0,0
0.00382,0,0
0.0,0,0
0.0,0,0
0.0,0,0
0.0,0,0
0.0,0,0
0.0,0,0
0.0,0,0
0.0,0,0
0.0,0,0
0.0,0,0
0.0,0,0
0.0,0,0
0.0,0,0
0.0,0,0
0.0,0,0
0.0,0,0
0.0,0,0
0.0,0,0
0.0,0,0
0.0,0,0
0.0,0,0
0.0,0,0
0.0,0,0
0.0,0,0
0.0,0,0
0.0,0,0
0.0,0,0
0.0,0,0
0.0,0,0
0.0,0,0
0.0,0,0
0.0,0,0
0.0,0,0
0.0,0,0
0.0,0,0
0.0,0,0
0.0,0,0
0.0,0,0
0.0,0,0
0.0,0,0
0.0,0,0
0.0,0,0
0.0,0,0
0.0,0,0
0.0,0,0
0.0,0,0
0.0,0,0
0.0,0,0
0.0,0,0
0.0,0,0
0.0,0,0
0.0,0,0
0.0,0,0
0.0,0,0
0.0,0,0
0.0,0,0
0.02989,0,0
0.1082,0,0
0.20768,0,0
0.32474,1,1
0.37007,1,1
0.32073,0,0
0.32215,0,0
0.37884,1,1
0.41525,1,1
0.42972,1,1
0.45427,1,1
0.49255,1,1
0.5387,1,1
0.59525,1,1
0.6008,1,1
0.55283,1,1
0.50345,1,1
0.45415,1,1
0.44222,1,1
0.46742,1,1
0.48666,1,1
0.50197,1,1
0.50034,1,1
0.48362,1,1
0.47808,1,1
0.48166,1,1
0.4577,1,1
0.40999,1,1
0.36168,1,1
0.31491,0,0
0.29177,0,0
0.28467,0,0
0.29542,0,0
0.318,0,0
0.23873,0,0
0.09194,0,0
0.02712,0,0
0.01706,0,0
0.009,0,0
0.00284,0,0
0.0,0,0
0.0,0,0
0.0,0,0
0.0,0,0
0.0,0,0
0.0,0,0
0.0,0,0
0.0,0,0
0.0,0,0
0.0,0,0
0.0,0,0
0.00044,0,0
0.00115,0,0
0.00177,0,0
0.00239,0,0
0.00302,0,0
0.00304,0,0
0.00245,0,0
0.00184,0,0
0.00121,0,0
0.00133,0,0
0.00221,0,0
0.00309,0,0
0.00399,0,0
0.00505,0,0
0.00635,0,0
0.01022,0,0
0.01629,0,0
0.01304,0,0
0.00587,0,0
0.00315,0,0
0.00042,0,0
0.0,0,0
0.00056,0,0
0.00158,0,0
0.00263,0,0
0.00265,0,0
0.00163,0,0
0.00058,0,0
0.0,0,0
0.0,0,0
0.001,0,0
0.00235,0,0
0.00371,0,0
0.00426,0,0
0.00397,0,0
0.0037,0,0
0.00342,0,0
0.00368,0,0
0.00447,0,0
0.00525,0,0
0.00603,0,0
0.00572,0,0
0.00436,0,0
0.00302,0,0
0.00172,0,0
0.01028,0,0
0.03048,0,0
0.05168,0,0
0.07335,0,0
0.10206,0,0
0.14072,0,0
0.17424,0,0
0.19951,0,0
0.23459,1,1
0.28311,1,1
0.30297,1,1
0.28945,1,1
0.26864,1,1
0.24123,1,1
0.24413,1,1
0.27586,1,1
0.29801,1,1
0.31087,1,1
0.33523,1,1
0.37124,1,1
0.4217,1,1
0.48734,1,1
0.4768,1,1
0.39379,1,1
0.31236,1,1
0.23358,1,1
0.23085,1,1
0.29555,1,1
0.35435,1,1
0.40616,1,1
0.37921,1,1
0.28929,1,1
0.22879,0,0
0.19366,0,0
0.13672,0,0
0.06468,0,0
0.02547,0,0
0.00833,0,0
0.0,0,0
0.00014,0,0
0.00132,0,0
0.00233,0,0
0.00334,0,0
0.00437,0,0
0.00539,0,0
0.00781,0,0
0.01265,0,0
0.01754,0,0
0.01765,0,0
0.01289,0,0
0.00804,0,0
0.00562,0,0
0.00481,0,0
0.00419,0,0
0.00357,0,0
0.00293,0,0
0.00294,0,0
0.00361,0,0
0.00427,0,0
0.00495,0,0
0.00453,0,0
0.00302,0,0
0.00149,0,0
0.0,0,0
0.0,0,0
0.00086,0,0
0.00207,0,0
0.00335,0,0
0.00389,0,0
0.00366,0,0
0.00341,0,0
0.00318,0,0
0.00333,0,0
0.00387,0,0
0.00442,0,0
0.00499,0,0
0.00425,0,0
0.00217,0,0
6e-05,0,0
0.0,0,0
0.0,0,0
0.0,0,0
0.0,0,0
0.0,0,0
0.0,0,0
0.0,0,0
0.0,0,0
0.0,0,0
0.0,0,0
0.0,0,0
0.0,0,0
0.0,0,0
0.0,0,0
0.0,0,0
0.0,0,0
0.0,0,0
0.00821,0,0
0.02673,0,0
0.04538,0,0
0.06404,0,0
0.10334,0,0
0.16986,0,0
0.23447,1,1
0.29261,1,1
0.33186,1,1
0.34966,1,1
0.37332,1,1
0.40661,1,1
0.43646,1,1
0.46208,1,1
0.48745,1,1
0.5128,1,1
0.55168,1,1
0.60529,1,1
0.59076,1,1
0.50884,1,1
0.43453,1,1
0.36853,1,1
0.31832,1,1
0.27922,1,1
0.24245,1,1
0.20776,1,1
0.19926,0,1
0.2144,1,1
0.2291,1,1
0.23667,1,1
0.20419,1,1
0.13486,0,0
0.08718,0,0
0.05754,0,0
0.04548,0,0
0.05034,0,0
0.06472,0,0
0.08502,0,0
0.08456,0,0
0.07044,0,0
0.06076,0,0
0.05045,0,0
0.04002,0,0
0.03172,0,0
0.02992,0,0
0.03301,0,0
0.03612,0,0
0.04076,0,0
0.041,0,0
0.03656,0,0
0.03383,0,0
0.03095,0,0
0.02949,0,0
0.02959,0,0
0.02968,0,0
0.02977,0,0
0.03258,0,0
0.03794,0,0
0.04624,0,0
0.0548,0,0
0.06412,0,0
0.07456,0,0
0.08514,0,0
0.09804,0,0
0.10401,0,0
0.10129,0,0
0.09879,0,0
0.0965,0,0
0.0938,0,0
0.0901,0,0
0.08669,0,0
0.08297,0,0
0.09011,0,0
0.11128,0,0
0.1361,0,0
0.16204,0,0
0.17191,0,0
0.16506,0,0
0.1587,0,0
0.15161,0,0
0.15218,0,0
0.16049,0,0
0.1688,0,0
0.1771,0,0
0.17642,0,0
0.16813,0,0
0.15985,0,0
0.15156,0,0
0.13533,0,0
0.11253,0,0
0.09371,0,0
0.07738,0,0
0.06227,0,0
0.04833,0,0
0.03809,0,0
0.0294,0,0
0.03706,0,0
0.06228,0,0
0.08771,0,0
0.11489,0,0
0.20028,0,0
0.35666,0,0
0.44729,0,0
0.46249,1,1
0.5104,1,1
0.59168,1,1
0.63494,1,1
0.64645,1,1
0.63129,1,1
0.59846,1,1
0.57387,1,1
0.55328,1,1
0.55248,1,1
0.56822,1,1
0.54273,1,1
0.47698,1,1
0.39994,0,0
0.31345,0,0
0.30519,0,0
0.37195,0,0
0.43872,0,0
0.50823,1,1
0.51374,1,1
0.45925,1,1
0.43216,0,0
0.42915,0,0
0.43475,0,0
0.45271,0,0
0.46333,1,1
0.46997,1,1
0.43497,0,0
0.37578,0,0
0.33774,0,0
0.30603,0,0
0.27728,0,0
0.25212,0,0
0.23683,0,0
0.22671,0,0
0.21714,0,0
0.20744,0,0
0.1989,0,0
0.19216,0,0
0.18591,0,0
0.17905,0,0
0.19725,0,0
0.24043,0,0
0.29452,0,0
0.35592,0,0
0.3719,0,0
0.3405,0,0
0.30887,0,0
0.27701,0,0
0.27169,0,0
0.29482,0,0
0.31812,0,0
0.34159,0,0
0.38318,0,0
0.44225,0,0
0.51378,1,1
0.58652,1,1
0.62945,1,1
0.6443,1,1
0.65764,1,1
0.67383,1,1
0.71036,0,1
0.76487,1,1
0.81923,1,1
0.87407,1,1
0.91836,1,1
0.95875,1,1
0.99795,1,1
1.03363,1,1
1.14349,1,1
1.317,1,1
1.47129,1,1
1.5899,1,1
1.6045,1,1
1.54774,1,1
1.46818,1,1
1.36309,1,1
1.22782,1,1
1.06922,1,1
0.897,1,1
0.71707,0,0
0.65182,0,0
0.70616,0,0
0.7598,1,1
0.8113,1,1
0.76651,1,1
0.62293,0,0
0.48909,0,0
0.37134,0,0
0.28069,0,0
0.21106,0,0
0.17169,0,0
0.1402,0,0
0.18142,0,0
0.29472,0,0
0.39602,0,0
0.48542,0,0
0.53688,0,0
0.54237,0,0
0.57702,0,0
0.64542,0,0
0.70037,0,0
0.74383,1,1
0.75619,1,1
0.73445,1,1
0.72396,0,0
0.72072,0,0
0.69922,0,0
0.66014,0,0
0.62829,0,0
0.60431,0,0
0.57822,0,0
0.54876,0,0
0.50685,0,0
0.45224,0,0
0.40393,0,0
0.36732,0,0
0.32997,0,0
0.29129,0,0
0.27419,0,0
0.27402,0,0
0.27431,0,0
0.27534,0,0
0.23592,0,0
0.1668,0,0
0.1151,0,0
0.07697,0,0
0.03914,0,0
0.0111,0,0
0.00126,0,0
0.00208,0,0
0.0029,0,0
0.00373,0,0
0.00499,0,0
0.00846,0,0
0.01646,0,0
0.02449,0,0
0.02614,0,0
0.02126,0,0
0.01632,0,0
0.01131,0,0
0.00674,0,0
0.00565,0,0
0.00481,0,0
0.00396,0,0
0.00506,0,0
0.01418,0,0
0.0289,0,0
0.04675,0,0
0.06761,0,0
0.08599,0,0
0.11093,0,0
0.13638,0,0
0.16176,0,0
0.19979,0,0
0.23962,0,0
0.2814,0,0
0.29218,0,0
0.27127,0,0
0.24919,0,0
0.22695,0,0
0.22855,0,0
0.25452,0,0
0.28104,0,0
0.30816,0,0
0.32252,0,0
0.3237,0,0
0.32488,0,0
0.32607,0,0
0.3385,0,0
0.36868,0,0
0.39779,0,0
0.42876,0,0
0.45667,0,0
0.48271,0,0
0.5105,0,0
0.53623,0,0
0.50805,0,0
0.4291,0,0
0.35134,0,0
0.28959,0,0
0.27789,0,0
0.31021,0,0
0.35023,0,0
0.39373,0,0
0.42996,0,0
0.45558,0,0
0.48284,0,0
0.51,0,0
0.58342,0,0
0.72137,1,1
0.82658,1,1
0.88602,1,1
0.9701,1,1
1.08242,1,1
1.18968,1,1
1.30124,1,1
1.37,1,1
1.39655,1,1
1.38963,1,1
1.34763,1,1
1.32036,1,1
1.30804,1,1
1.26882,1,1
1.20736,1,1
1.13545,1,1
1.09702,1,1
1.08667,1,1
1.07662,1,1
1.03719,1,1
0.96105,1,1
0.87941,1,1
0.78982,1,1
0.72007,1,1
0.68278,0,0
0.63463,0,0
0.58566,0,0
0.55362,0,0
0.53686,0,0
0.51446,0,0
0.48538,0,0
0.4277,0,0
0.34416,0,0
0.2641,0,0
0.20462,0,0
0.17041,0,0
0.16004,0,0
0.1491,0,0
0.14173,0,0
0.13898,0,0
0.13941,0,0
0.13942,0,0
0.13986,0,0
0.15819,0,0
0.20619,0,0
0.25478,0,0
0.31868,0,0
0.3643,0,0
0.38787,0,0
0.41159,0,0
0.43685,0,0
0.45744,0,0
0.47267,0,0
0.48801,0,0
0.50505,0,0
0.45125,0,0
0.34876,0,0
0.25507,0,0
0.18117,0,0
0.17039,0,0
0.22517,0,0
0.28221,0,0
0.35704,0,0
0.36213,1,1
0.29438,1,1
0.24234,1,1
0.18847,1,1
0.16044,1,1
0.1439,0,0
0.12698,0,0
0.10966,0,0
0.0962,0,0
0.08499,0,0
0.07361,0,0
0.06204,0,0
0.05009,0,0
0.04123,0,0
0.03341,0,0
0.02558,0,0
0.01448,0,0
0.00645,0,0
0.00343,0,0
0.00046,0,0
0.0,0,0
0.00097,0,0
0.00224,0,0
0.00348,0,0
0.00407,0,0
0.00407,0,0
0.00407,0,0
0.00406,0,0
0.01735,0,0
0.04984,0,0
0.07435,0,0
0.08344,0,0
0.09011,0,0
0.09744,0,0
0.10617,0,0
0.1168,0,0
0.12346,0,0
0.12828,0,0
0.14313,0,0
0.18004,1,1
0.22246,1,1
0.25779,1,1
0.28054,1,1
0.2936,1,1
0.30884,1,1
0.32999,1,1
0.31591,1,1
0.26906,1,1
0.23285,1,1
0.20821,1,1
0.19297,1,1
0.18548,1,1
0.16562,1,1
0.14271,0,0
0.13608,0,0
0.18131,1,1
0.27005,1,1
0.35695,1,1
0.31733,1,1
0.16705,1,1
0.08306,0,0
0.0551,0,0
0.0385,0,0
0.03307,0,0
0.02316,0,0
0.00923,0,0
0.00194,0,0
0.0006,0,0
0.0,0,0
0.0,0,0
0.0,0,0
0.0,0,0
0.0,0,0
0.0,0,0
0.0,0,0
0.0,0,0
0.0,0,0
0.0,0,0
0.0,0,0
0.0,0,0
0.0,0,0
0.0,0,0
0.0,0,0
0.0,0,0
0.0,0,0
0.0,0,0
0.0,0,0
0.0,0,0
0.0,0,0
0.0,0,0
0.00073,0,0
0.0021,0,0
0.00236,0,0
0.00146,0,0
0.00053,0,0
0.0,0,0
0.0,0,0
0.0,0,0
0.0,0,0
0.0,0,0
0.0,0,0
0.00097,0,0
0.00231,0,0
0.00369,0,0
0.00346,0,0
0.00157,0,0
0.0,0,0
0.0,0,0
0.0,0,0
0.0,0,0
0.0,0,0
0.0,0,0
0.0,0,0
0.0,0,0
0.0,0,0
0.0,0,0
0.0,0,0
0.0,0,0
0.0,0,0
0.0,0,0
0.0,0,0
0.0,0,0
0.0,0,0
0.0,0,0
0.01135,0,0
0.03749,0,0
0.069,0,0
0.10316,0,0
0.13173,0,0
0.15404,0,0
0.19128,0,0
0.24338,0,0
0.28777,1,1
0.3238,1,1
0.3606,1,1
0.39844,1,1
0.4494,1,1
0.51377,1,1
0.53018,1,1
0.49557,1,1
0.48063,1,1
0.48922,1,1
0.45491,1,1
0.37993,1,1
0.27997,1,1
0.22474,0,0
0.22475,0,0
0.22709,0,0
0.25416,1,1
0.28929,1,1
0.26122,1,1
0.17141,0,0
0.10687,0,0
0.06478,0,0
0.0477,0,0
0.05536,0,0
0.06078,0,0
0.06378,0,0
0.06483,0,0
0.06461,0,0
0.06668,0,0
0.06833,0,0
0.07246,0,0
0.07886,0,0
0.08506,0,0
0.09259,0,0
0.10025,0,0
0.10777,0,0
0.11447,0,0
0.12079,0,0
0.12711,0,0
0.13343,0,0
0.13388,0,0
0.12879,0,0
0.12323,0,0
0.11796,0,0
0.12415,0,0
0.14196,0,0
0.16804,0,0
0.20029,0,0
0.21755,0,0
0.21969,0,0
0.22188,0,0
0.22338,0,0
0.24837,1,1
0.30116,1,1
0.3676,1,1
0.43641,1,1
0.43648,1,1
0.36613,1,1
0.29695,1,1
0.24381,1,1
0.20324,0,0
0.17684,0,0
0.1626,0,0
0.14759,0,0
0.15143,0,0
0.17398,0,0
0.20691,0,0
0.24779,0,0
0.27809,1,1
0.2966,1,1
0.31432,1,1
0.33368,1,1
0.30557,1,1
0.2282,0,0
0.17196,0,0
0.12947,0,0
0.10482,0,0
0.09605,0,0
0.08769,0,0
0.079,0,0
0.07455,0,0
0.07372,0,0
0.07319,0,0
0.07267,0,0
0.06987,0,0
0.06563,0,0
0.06118,0,0
0.05679,0,0
0.07187,0,0
0.11824,0,0
0.14829,0,0
0.14396,0,0
0.14651,0,0
0.16209,0,0
0.16844,0,0
0.16228,0,0
0.15221,0,0
0.14008,0,0
0.15372,0,0
0.19264,0,0
0.2664,0,0
0.37713,1,1
0.40199,1,1
0.34511,1,1
0.26931,0,0
0.19156,0,0
0.16302,0,0
0.17944,0,0
0.24688,0,0
0.3633,1,1
0.38643,1,1
0.31919,1,1
0.2595,0,0
0.2277,0,0
0.20681,0,0
0.27185,1,1
0.39239,1,1
0.47692,1,1
0.48446,1,1
0.42574,1,1
0.39213,1,1
0.38103,1,1
0.33615,1,1
0.27554,1,1
0.24207,0,0
0.24432,0,0
0.26669,0,0
0.30488,1,1
0.32354,1,1
0.3034,1,1
0.28314,1,1
0.26274,0,0
0.25483,0,0
0.25564,0,0
0.25723,0,0
0.25806,0,0
0.24995,0,0
0.23265,0,0
0.21502,0,0
0.19643,0,0
0.15947,0,0
0.12583,0,0
0.09489,0,0
0.07006,0,0
0.06205,0,0
0.0691,0,0
0.076,0,0
0.08322,0,0
0.0835,0,0
0.07728,0,0
0.07075,0,0
0.06438,0,0
0.07541,0,0
0.10905,0,0
0.15009,0,0
0.2092,0,0
0.25451,0,0
0.26906,0,0
0.28271,0,0
0.29742,0,0
0.32337,0,0
0.36579,0,0
0.40914,0,0
0.45514,0,0
0.47862,1,1
0.48219,1,1
0.48582,1,1
0.4895,1,1
0.52576,1,1
0.60813,1,1
0.69428,1,1
0.77805,1,1
0.79784,1,1
0.74728,1,1
0.69403,1,1
0.64369,1,1
0.6161,1,1
0.61133,1,1
0.60433,1,1
0.59973,1,1
0.57103,1,1
0.51902,1,1
0.47576,1,1
0.43312,0,0
0.39508,0,0
0.38864,0,0
0.42093,0,0
0.47332,0,0
0.48869,1,0
0.43251,0,0
0.42566,0,0
0.47365,1,1
0.52392,1,1
0.57791,1,1
0.55962,1,1
0.46027,0,0
0.37918,0,0
0.31735,0,0
0.27895,0,0
0.27033,0,0
0.23855,0,0
0.23569,0,0
0.25026,0,0
0.29853,0,0
0.32091,0,0
0.33007,0,0
0.32434,0,0
0.30631,0,0
0.30411,0,0
0.31505,0,0
0.32147,0,0
0.32142,0,0
0.33401,0,0
0.35761,0,0
0.32615,0,0
0.24936,0,0
0.16782,0,0
0.11889,0,0
0.10455,0,0
0.0909,0,0
0.07886,0,0
0.0641,0,0
0.04327,0,0
0.02336,0,0
0.01669,0,0
0.01959,0,0
0.02245,0,0
0.02541,0,0
0.02596,0,0
0.02416,0,0
0.02229,0,0
0.02047,0,0
0.02489,0,0
0.03621,0,0
0.05308,0,0
0.07037,0,0
0.08579,0,0
0.10115,0,0
0.11636,0,0
0.13168,0,0
0.12574,0,0
0.09832,0,0
0.07416,0,0
0.05389,0,0
0.0363,0,0
0.02627,0,0
0.01611,0,0
0.00639,0,0
0.00524,0,0
0.00511,0,0
0.00498,0,0
0.00483,0,0
0.00371,0,0
0.00158,0,0
0.0,0,0
0.0,0,0
0.0,0,0
0.0,0,0
0.0,0,0
0.0,0,0
0.0,0,0
0.0,0,0
0.0,0,0
0.0,0,0
0.0,0,0
0.0,0,0
0.0,0,0
0.0,0,0
0.0,0,0
0.00058,0,0
0.00163,0,0
0.00268,0,0
0.00292,0,0
0.00238,0,0
0.00185,0,0
0.00133,0,0
0.0017,0,0
0.00294,0,0
0.00417,0,0
0.00537,0,0
0.02469,0,0
0.0742,0,0
0.11011,0,0
0.11797,0,0
0.12716,0,0
0.13899,0,0
0.16348,0,0
0.2053,0,0
0.25364,0,0
0.3098,0,0
0.33294,0,0
0.32105,0,0
0.31199,0,0
0.30814,0,0
0.29727,0,0
0.276,0,0
0.24328,0,0
0.19913,0,0
0.2127,0,0
0.2834,0,0
0.34473,0,0
0.39644,0,0
0.42024,0,0
0.41664,0,0
0.43254,1,1
0.46431,1,1
0.44829,1,1
0.38578,0,0
0.33201,0,0
0.28607,0,0
0.25062,0,0
0.22178,0,0
0.19306,0,0
0.16728,0,0
0.14898,0,0
0.1373,0,0
0.14017,0,0
0.15146,0,0
0.15054,0,0
0.14545,0,0
0.15415,0,0
0.14478,0,0
0.13566,0,0
0.12931,0,0
0.16013,0,0
0.23813,0,0
0.34606,0,0
0.47,1,1
0.57178,1,1
0.64016,1,1
0.70979,1,1
0.7788,1,1
0.79711,1,1
0.76767,1,1
0.73476,1,1
0.7016,1,1
0.68816,1,1
0.69264,1,1
0.69719,1,1
0.70178,1,1
0.7064,1,1
0.71105,1,1
0.71575,1,1
0.72051,1,1
0.73849,1,1
0.76597,1,1
0.79453,1,1
0.82695,1,1
0.84941,1,1
0.86357,1,1
0.88069,1,1
0.89491,1,1
0.85635,1,1
0.76297,1,1
0.66436,1,1
0.55759,1,1
0.51379,1,1
0.53318,1,1
0.55285,1,1
0.57491,1,1
0.60107,1,1
0.63543,1,1
0.67008,1,1
0.70502,1,1
0.66769,1,1
0.55306,1,1
0.4549,0,0
0.36061,0,0
0.30376,0,0
0.27819,0,0
0.25297,0,0
0.22809,0,0
0.18738,0,0
0.14985,0,0
0.11878,0,0
0.09013,0,0
0.09838,0,0
0.1528,0,0
0.2249,0,0
0.3126,0,0
0.36075,0,0
0.35922,0,0
0.37147,0,0
0.39022,0,0
0.40813,0,0
0.42813,0,0
0.4424,0,0
0.45086,0,0
0.45778,0,0
0.46601,1,1
0.46917,1,1
0.46722,1,1
0.46178,0,0
0.45551,0,0
0.45336,0,0
0.45656,0,0
0.45987,0,0
0.46092,0,0
0.46169,0,0
0.46186,0,0
0.46676,1,1
0.47245,1,1
0.46417,1,1
0.44212,0,0
0.42899,0,0
0.42126,0,0
0.38012,0,0
0.30923,0,0
0.24789,0,0
0.19853,0,0
0.15765,0,0
0.12254,0,0
0.09245,0,0
0.06702,0,0
0.03725,0,0
0.01058,0,0
0.00013,0,0
0.0,0,0
0.0,0,0
0.0,0,0
0.0,0,0
0.0,0,0
0.00023,0,0
0.00214,0,0
0.0033,0,0
0.00371,0,0
0.00412,0,0
0.00454,0,0
0.00477,0,0
0.0048,0,0
0.00483,0,0
0.00485,0,0
0.00386,0,0
0.00186,0,0
0.0,0,0
0.0,0,0
0.0,0,0
0.0,0,0
0.0,0,0
0.0,0,0
0.0,0,0
0.0,0,0
0.0,0,0
0.0,0,0
0.0,0,0
0.0,0,0
0.0,0,0
0.0,0,0
0.0,0,0
0.0,0,0
0.0,0,0
0.0,0,0
0.0,0,0
0.0,0,0
0.0,0,0
0.0,0,0
0.0,0,0
0.0,0,0
0.0,0,0
0.0,0,0
0.0,0,0
0.0,0,0
0.0,0,0
0.0,0,0
0.0,0,0
0.0,0,0
0.0,0,0
0.0,0,0
0.0,0,0
0.0,0,0
0.0,0,0
0.0,0,0
0.00882,0,0
0.02835,0,0
0.04556,0,0
0.05802,0,0
0.06704,0,0
0.07381,0,0
0.08228,0,0
0.09277,0,0
0.10062,0,0
0.10545,0,0
0.11709,1,1
0.15121,1,1
0.1906,1,1
0.21684,1,1
0.24776,1,1
0.2843,1,1
0.32214,1,1
0.36121,1,1
0.38592,1,1
0.39812,1,1
0.42182,1,1
0.45735,1,1
0.45853,1,1
0.42651,1,1
0.3995,1,1
0.37492,1,1
0.36749,1,1
0.3742,1,1
0.38753,1,1
0.40697,1,1
0.3683,1,1
0.28239,1,1
0.20736,1,1
0.14433,1,1
0.11282,0,0
0.1036,0,0
0.09318,0,0
0.08122,0,0
0.04997,0,0
0.01386,0,0
0.00014,0,0
0.00189,0,0
0.00365,0,0
0.00544,0,0
0.00806,0,0
0.00808,0,0
0.00812,0,0
0.00815,0,0
0.00595,0,0
0.00499,0,0
0.00402,0,0
0.00301,0,0
0.00138,0,0
0.0,0,0
0.0,0,0
0.0,0,0
0.0,0,0
0.0,0,0
0.0,0,0
0.0,0,0
0.0,0,0
0.0,0,0
0.0,0,0
0.0,0,0
0.0,0,0
0.0,0,0
0.0,0,0
0.0,0,0
0.00182,0,0
0.00349,0,0
0.00519,0,0
0.00691,0,0
0.01458,0,0
0.02417,0,0
0.03404,0,0
0.04461,0,0
0.047,0,0
0.03895,0,0
0.03189,0,0
0.02458,0,0
0.02593,0,0
0.036,0,0
0.04618,0,0
0.0618,0,0
0.05668,0,0
0.03604,0,0
0.01978,0,0
0.00681,0,0
0.00573,0,0
0.00684,0,0
0.0105,0,0
0.01601,0,0
0.01753,0,0
0.01522,0,0
0.01293,0,0
0.01066,0,0
0.01856,0,0
0.04056,0,0
0.06695,0,0
0.09621,0,0
0.11714,1,1
0.1271,1,1
0.16238,1,1
0.23074,1,1
0.32102,1,1
0.43532,1,1
0.45444,1,1
0.37518,1,1
0.30188,1,1
0.23697,1,1
0.19426,1,1
0.1808,1,1
0.15151,1,1
0.12343,1,1
0.12096,1,1
0.13399,1,1
0.15354,1,1
0.17999,1,1
0.19523,1,1
0.19832,1,1
0.18864,1,1
0.16528,1,1
0.14203,1,1
0.12393,1,1
0.10551,0,0
0.0891,0,0
0.07955,0,0
0.07054,0,0
0.06399,0,0
0.06003,0,0
0.05185,0,0
0.03947,0,0
0.02048,0,0
0.00837,0,0
0.00868,0,0
0.00859,0,0
0.00551,0,0
0.00368,0,0
0.00189,0,0
0.00014,0,0
0.0,0,0
0.00042,0,0
0.0012,0,0
0.00197,0,0
0.00247,0,0
0.00268,0,0
0.00289,0,0
0.00311,0,0
0.00292,0,0
0.00234,0,0
0.00175,0,0
0.00115,0,0
0.00106,0,0
0.00147,0,0
0.00189,0,0
0.00233,0,0
0.00276,0,0
0.00321,0,0
0.00366,0,0
0.00413,0,0
0.00474,0,0
0.0055,0,0
0.00631,0,0
0.00787,0,0
0.00702,0,0
0.00586,0,0
0.00471,0,0
0.00353,0,0
0.00393,0,0
0.00598,0,0
0.01026,0,0
0.02013,0,0
0.02845,0,0
0.03489,0,0
0.04143,0,0
0.04943,0,0
0.06053,0,0
0.07244,0,0
0.08436,0,0
0.09667,0,0
0.08348,0,0
0.04574,0,0
0.0215,0,0
0.00571,0,0
0.00317,0,0
0.00311,0,0
0.00305,0,0
0.003,0,0
0.00212,0,0
0.00041,0,0
0.0,0,0
0.0,0,0
0.01405,0,0
0.04909,0,0
0.09157,0,0
0.14117,0,0
0.21202,0,0
0.31083,1,1
0.36285,1,1
0.35263,1,1
0.3505,1,1
0.3626,1,1
0.37218,1,1
0.37688,1,1
0.38779,1,1
0.41456,1,1
0.40871,1,1
0.36788,1,1
0.29601,1,1
0.24031,1,1
0.2435,1,1
0.33727,1,1
0.4968,1,1
0.63629,1,1
0.64673,1,1
0.53107,1,1
0.4371,1,1
0.36214,1,1
0.30954,1,1
0.27604,1,1
0.2256,1,1
0.18797,0,0
0.17414,0,0
0.16256,0,0
0.15367,0,0
0.14461,0,0
0.13995,0,0
0.13739,0,0
0.13233,0,0
0.12262,0,0
0.09995,0,0
0.0748,0,0
0.06473,0,0
0.06405,0,0
0.06338,0,0
0.06273,0,0
0.05399,0,0
0.03689,0,0
0.02458,0,0
0.01353,0,0
0.00523,0,0
0.00309,0,0
0.00093,0,0
0.0,0,0
0.0,0,0
0.0,0,0
0.0,0,0
0.0,0,0
0.0,0,0
0.0,0,0
0.0,0,0
0.0,0,0
0.0,0,0
0.0,0,0
0.0,0,0
5e-05,0,0
0.00071,0,0
0.00028,0,0
0.0,0,0
0.0,0,0
0.0,0,0
0.00054,0,0
0.00152,0,0
0.00252,0,0
0.00254,0,0
0.00157,0,0
0.00056,0,0
0.0,0,0
0.0,0,0
0.0,0,0
0.0,0,0
0.0,0,0
0.0,0,0
0.0,0,0
0.0,0,0
0.0,0,0
0.0,0,0
0.0,0,0
0.0,0,0
0.0,0,0
0.0,0,0
0.0,0,0
0.0,0,0
0.0,0,0
0.0,0,0
0.0,0,0
0.0,0,0
0.0,0,0
0.01025,0,0
0.03379,0,0
0.06043,0,0
0.08938,0,0
0.13047,0,0
0.18319,0,0
0.23562,0,0
0.28926,1,1
0.35988,1,1
0.44776,1,1
0.49166,1,1
0.48725,1,1
0.49852,1,1
0.52696,1,1
0.52741,1,1
0.49519,1,1
0.47467,1,1
0.46643,1,1
0.43313,1,1
0.37507,1,1
0.30903,1,1
0.23505,0,0
0.21901,0,0
0.26121,1,1
0.29089,1,1
0.30692,1,1
0.31005,1,1
0.30098,1,1
0.29585,1,1
0.29356,1,1
0.27682,1,1
0.2465,1,1
0.2369,0,1
0.24206,1,1
0.18113,0,0
0.0754,0,0
0.02592,0,0
0.01502,0,0
0.00735,0,0
0.0029,0,0
4e-05,0,0
0.0,0,0
0.0,0,0
0.0,0,0
0.0,0,0
0.0,0,0
0.0,0,0
0.0,0,0
0.0,0,0
0.0,0,0
0.0,0,0
0.0,0,0
0.0,0,0
0.0,0,0
0.0,0,0
0.0,0,0
0.0,0,0
0.0,0,0
0.0,0,0
0.00167,0,0
0.00201,0,0
0.0007,0,0
0.0,0,0
0.0,0,0
0.0,0,0
0.0,0,0
0.0,0,0
0.0,0,0
0.0,0,0
0.00054,0,0
0.00352,0,0
0.00651,0,0
0.01621,0,0
0.02835,0,0
0.0408,0,0
0.05861,0,0
0.06096,0,0
0.04603,0,0
0.036,0,0
0.02621,0,0
0.03347,0,0
0.06449,0,0
0.10304,0,0
0.15395,1,1
0.17114,1,1
0.15122,1,1
0.13194,0,0
0.11265,0,0
0.11593,0,0
0.14226,0,0
0.16821,1,1
0.2009,1,1
0.22823,1,1
0.23614,1,1
0.24394,1,1
0.25164,1,1
0.20783,1,1
0.14367,1,1
0.0948,0,0
0.05367,0,0
0.03242,0,0
0.07245,0,0
0.06538,0,0
0.05842,0,0
0.07036,0,0
0.1002,0,0
0.12055,0,0
0.13165,0,0
0.14343,1,1
0.15607,1,1
0.1676,1,1
0.17851,1,1
0.25102,1,1
0.38419,1,1
0.40759,1,1
0.32255,1,1
0.26981,1,1
0.24974,1,1
0.21706,1,1
0.1735,1,1
0.14147,0,0
0.11983,0,0
0.11492,0,0
0.12841,0,0
0.1411,0,0
0.15294,1,0
0.14175,0,0
0.10707,0,0
0.07413,0,0
0.04369,0,0
0.02841,0,0
0.02739,0,0
0.02588,0,0
0.02379,0,0
0.01894,0,0
0.0115,0,0
0.01457,0,0
0.02783,0,0
0.04516,0,0
0.06601,0,0
0.0664,0,0
0.0457,0,0
0.02841,0,0
0.01501,0,0
0.00734,0,0
0.00599,0,0
0.00561,0,0
0.00524,0,0
0.00456,0,0
0.00352,0,0
0.00247,0,0
0.00143,0,0
0.00122,0,0
0.00187,0,0
0.00252,0,0
0.00318,0,0
0.0032,0,0
0.00256,0,0
0.00192,0,0
0.00126,0,0
0.00016,0,0
0.0,0,0
0.0,0,0
0.0,0,0
0.0,0,0
0.0,0,0
0.0,0,0
0.0,0,0
0.0,0,0
0.0,0,0
0.0,0,0
0.0,0,0
0.0,0,0
0.0,0,0
0.0,0,0
0.0,0,0
0.0,0,0
0.0,0,0
0.0,0,0
0.0,0,0
0.0,0,0
0.0,0,0
0.0,0,0
0.0,0,0
0.0,0,0
0.0,0,0
0.0,0,0
0.0,0,0
0.0,0,0
0.0,0,0
0.0,0,0
0.0,0,0
0.01946,0,0
0.07011,0,0
0.13448,0,0
0.21294,0,0
0.28187,0,0
0.33804,0,0
0.38498,1,1
0.41453,1,1
0.45231,1,1
0.50027,1,1
0.52957,1,1
0.53517,1,1
0.54473,1,1
0.5637,1,1
0.58614,1,1
0.61236,1,1
0.62393,1,1
0.62254,1,1
0.60473,1,1
0.57689,1,1
0.5587,1,1
0.55206,1,1
0.53299,1,1
0.50074,1,1
0.46824,1,1
0.43337,1,1
0.41703,1,1
0.41488,1,1
0.40802,1,1
0.39653,1,1
0.37115,0,0
0.3366,0,0
0.31128,0,0
0.29247,0,0
0.2447,0,0
0.17703,0,0
0.12828,0,0
0.09544,0,0
0.05625,0,0
0.01767,0,0
0.00429,0,0
0.00979,0,0
0.02101,0,0
0.03238,0,0
0.03342,0,0
0.02417,0,0
0.01477,0,0
0.00582,0,0
0.00536,0,0
0.00778,0,0
0.0127,0,0
0.01767,0,0
0.01969,0,0
0.01882,0,0
0.0179,0,0
0.01696,0,0
0.01951,0,0
0.02566,0,0
0.03188,0,0
0.03886,0,0
0.04388,0,0
0.04416,0,0
0.04458,0,0
0.04487,0,0
0.04311,0,0
0.03907,0,0
0.03665,0,0
0.03422,0,0
0.03469,0,0
0.03816,0,0
0.04177,0,0
0.0473,0,0
0.06496,0,0
0.09514,0,0
0.13589,0,0
0.17921,1,1
0.18584,1,1
0.14774,0,0
0.11226,0,0
0.08323,0,0
0.08582,0,0
0.12204,0,0
0.16573,1,1
0.2278,1,1
0.24739,1,1
0.20834,1,1
0.17666,1,1
0.15507,0,0
0.13836,0,0
0.12668,0,0
0.11475,0,0
0.10344,0,0
0.08488,0,0
0.05785,0,0
0.03561,0,0
0.01857,0,0
0.01808,0,0
0.04266,0,0
0.06129,0,0
0.0681,0,0
0.07032,0,0
0.07311,0,0
0.08494,0,0
0.12046,0,0
0.16921,1,1
0.21252,1,1
0.24225,1,1
0.26321,1,1
0.29533,1,1
0.33742,1,1
0.34049,1,1
0.30277,1,1
0.27204,1,1
0.24916,1,1
0.22287,1,1
0.19383,1,1
0.15618,0,0
0.16215,0,0
0.16104,0,0
0.17493,1,1
0.20367,1,1
0.24754,1,1
0.24297,1,1
0.19151,1,1
0.1433,0,0
0.11443,0,0
0.10407,0,0
0.09685,0,0
0.09347,0,0
0.0952,0,0
0.0996,0,0
0.10157,0,0
0.09011,0,0
0.08018,0,0
0.08415,0,0
0.08717,0,0
0.08284,0,0
0.0726,0,0
0.06434,0,0
0.05584,0,0
0.05324,0,0
0.05646,0,0
0.05956,0,0
0.06284,0,0
0.0543,0,0
0.03413,0,0
0.02082,0,0
0.00737,0,0
0.00495,0,0
0.00498,0,0
0.005,0,0
0.00503,0,0
0.00483,0,0
0.00443,0,0
0.00402,0,0
0.0036,0,0
0.00436,0,0
0.0063,0,0
0.01538,0,0
0.02472,0,0
0.03344,0,0
0.0435,0,0
0.0564,0,0
0.0699,0,0
0.07372,0,0
0.06663,0,0
0.05974,0,0
0.0528,0,0
0.04418,0,0
0.03674,0,0
0.03007,0,0
0.02334,0,0
0.0283,0,0
0.04639,0,0
0.0733,0,0
0.10059,0,0
0.10849,1,0
0.09171,0,0
0.0763,0,0
0.0609,0,0
0.0609,0,0
0.07631,0,0
0.09173,0,0
0.10892,1,1
0.12558,1,1
0.13771,1,1
0.14966,1,1
0.16088,1,1
0.15976,1,1
0.14604,1,1
0.13251,1,1
0.11917,1,1
0.10476,0,0
0.09126,0,0
0.08099,0,0
0.07007,0,0
0.07061,0,0
0.08209,0,0
0.09355,0,0
0.10495,0,0
0.11496,1,1
0.12415,1,1
0.12523,1,1
0.11843,1,1
0.11939,1,1
0.12948,1,1
0.14278,1,1
0.15917,1,1
0.16233,1,1
0.15177,1,1
0.14318,1,1
0.13651,1,1
0.12432,1,1
0.11366,1,1
0.09451,0,0
0.07152,0,0
0.05297,0,0
0.03925,0,0
0.03352,0,0
0.0299,0,0
0.02704,0,0
0.02334,0,0
0.02189,0,0
0.02258,0,0
0.02352,0,0
0.02456,0,0
0.02251,0,0
0.01732,0,0
0.01304,0,0
0.00972,0,0
0.00598,0,0
0.00191,0,0
0.0,0,0
0.0,0,0
0.0,0,0
0.0,0,0
0.0,0,0
0.0,0,0
0.0,0,0
0.0,0,0
0.0,0,0
0.0,0,0
0.0,0,0
0.0,0,0
0.0,0,0
0.0,0,0
0.00046,0,0
0.00296,0,0
0.00484,0,0
0.00611,0,0
0.01162,0,0
0.01775,0,0
0.02337,0,0
0.02859,0,0
0.03388,0,0
0.04033,0,0
0.04976,0,0
0.06081,0,0
0.07212,0,0
0.08387,0,0
0.09052,0,0
0.09112,0,0
0.09173,0,0
0.09234,0,0
0.08967,0,0
0.08329,0,0
0.07705,0,0
0.07063,0,0
0.07803,0,0
0.09997,0,0
0.12905,0,0
0.15925,0,0
0.1745,0,0
0.17449,0,0
0.17382,0,0
0.17317,0,0
0.14876,0,0
0.10084,0,0
0.06609,0,0
0.03596,0,0
0.02595,0,0
0.02796,0,0
0.0299,0,0
0.03169,0,0
0.03261,0,0
0.03249,0,0
0.03238,0,0
0.03216,0,0
0.03826,0,0
0.05105,0,0
0.06408,0,0
0.07931,0,0
0.09092,0,0
0.09858,0,0
0.11622,0,0
0.14419,0,0
0.16813,0,0
0.18859,0,0
0.19289,0,0
0.1813,0,0
0.17858,0,0
0.1845,0,0
0.18659,0,0
0.18608,0,0
0.19718,0,0
0.22428,0,0
0.24056,0,0
0.24808,0,0
0.24638,0,0
0.22122,0,0
0.21997,0,0
0.24241,0,0
0.28226,0,0
0.33976,1,1
0.38172,1,1
0.41862,1,1
0.45128,1,1
0.48196,1,1
0.51021,1,1
0.54547,1,1
0.55293,1,1
0.532,1,1
0.50979,1,1
0.48467,1,1
0.47395,1,1
0.47582,1,1
0.47168,1,1
0.46668,1,1
0.47375,1,1
0.49454,1,1
0.515,1,1
0.53361,1,1
0.50192,1,1
0.41718,1,1
0.34304,1,1
0.27286,0,0
0.25355,0,0
0.28541,0,0
0.31855,0,0
0.35126,1,1
0.35233,1,1
0.32239,0,0
0.29312,0,0
0.26272,0,0
0.22979,0,0
0.19014,0,0
0.14977,0,0
0.12572,0,0
0.11468,0,0
0.11575,0,0
0.11648,0,0
0.11722,0,0
0.09868,0,0
0.06737,0,0
0.03873,0,0
0.01952,0,0
0.01759,0,0
0.03364,0,0
0.05467,0,0
0.08052,0,0
0.08837,0,0
0.07857,0,0
0.06824,0,0
0.05789,0,0
0.04993,0,0
0.04476,0,0
0.04135,0,0
0.03803,0,0
0.03818,0,0
0.042,0,0
0.04582,0,0
0.0517,0,0
0.07026,0,0
0.1011,0,0
0.14185,1,1
0.18439,1,1
0.18175,1,1
0.13637,1,1
0.09515,0,0
0.06453,0,0
0.04684,0,0
0.04138,0,0
0.03769,0,0
0.03416,0,0
0.03891,0,0
0.05254,0,0
0.06948,0,0
0.08657,0,0
0.09176,0,0
0.08574,0,0
0.07785,0,0
0.06404,0,0
0.04824,0,0
0.03093,0,0
0.04461,0,0
0.08902,0,0
0.13758,1,1
0.19052,1,1
0.22064,1,1
0.23032,1,1
0.24511,1,1
0.26299,1,1
0.25396,1,1
0.21839,1,1
0.18494,1,1
0.16273,1,1
0.15561,1,1
0.15544,1,1
0.15693,1,1
0.15901,1,1
0.15237,1,1
0.13686,1,1
0.12212,1,1
0.10772,1,1
0.09129,0,0
0.07218,0,0
0.05479,0,0
0.03954,0,0
0.03165,0,0
0.03066,0,0
0.02367,0,0
0.01803,0,0
0.01881,0,0
0.01963,0,0
0.01941,0,0
0.01824,0,0
0.01704,0,0
0.01588,0,0
0.0158,0,0
0.01677,0,0
0.01775,0,0
0.01874,0,0
0.02536,0,0
0.03981,0,0
0.05925,0,0
0.07916,0,0
0.09065,0,0
0.08684,0,0
0.08324,0,0
0.07963,0,0
0.08193,0,0
0.09135,0,0
0.1007,0,0
0.11055,1,1
0.10943,1,1
0.09701,0,0
0.08499,0,0
0.07579,0,0
0.06214,0,0
0.04329,0,0
0.02959,0,0
0.01662,0,0
0.01107,0,0
0.01339,0,0
0.01576,0,0
0.01809,0,0
0.02115,0,0
0.02493,0,0
0.02879,0,0
0.03286,0,0
0.04182,0,0
0.06191,0,0
0.08376,0,0
0.10668,0,0
0.11157,0,0
0.09435,0,0
0.07882,0,0
0.06316,0,0
0.06119,0,0
0.07321,0,0
0.08524,0,0
0.09727,0,0
0.09893,0,0
0.08997,0,0
0.0815,0,0
0.07314,0,0
0.05912,0,0
0.04116,0,0
0.0286,0,0
0.0163,0,0
0.02805,0,0
0.0668,0,0
0.1052,0,0
0.1376,1,1
0.13697,1,1
0.10836,0,0
0.11107,0,0
0.14274,1,1
0.23363,1,1
0.39357,1,1
0.42287,1,1
0.31114,1,1
0.22984,1,1
0.18589,1,1
0.16891,1,1
0.17881,1,1
0.18909,1,1
0.19283,1,1
0.20257,1,1
0.21932,1,1
0.25497,1,1
0.30947,1,1
0.28053,1,1
0.1696,1,1
0.0967,0,0
0.05852,0,0
0.05117,0,0
0.07553,0,0
0.10034,0,0
0.12378,0,0
0.13232,1,0
0.12634,0,0
0.13935,1,1
0.17105,1,1
0.16556,1,1
0.13055,1,1
0.10355,0,0
0.07882,0,0
0.05986,0,0
0.04608,0,0
0.0374,0,0
0.03325,0,0
0.03067,0,0
0.02806,0,0
0.02908,0,0
0.03387,0,0
0.0414,0,0
0.04892,0,0
0.04402,0,0
0.02942,0,0
0.01804,0,0
0.00644,0,0
0.00469,0,0
0.00409,0,0
0.00348,0,0
0.00287,0,0
0.0012,0,0
0.0,0,0
0.0,0,0
0.0,0,0
0.0,0,0
0.0,0,0
0.0,0,0
0.0,0,0
0.0,0,0
0.0,0,0
0.0,0,0
0.0,0,0
