            TRNSYS - the TRaNsient SYstem Simulation program

   The Solar Energy Lab at the University of Wisconsin - Madison, USA
Le Centre Scientifique et Technique du Batiment, Sophia Antipolis, France
           Transsolar Energietechnik GmBH, Stuttgart, Germany
        Thermal Energy System Specialists, LLC, Madison Wisconsin, USA

                           Release 18.02.0002
                           User ID  18-F1234

Simulation log for: "D:\Trnsys18\T\TRNSYS18\MyProjects\A07_Test_final\S2_1_lowcarbon_full_storage_cooling3000\Project11.dck"
 
*** Notice at time        :         0.000000
    Generated by Unit     : Not applicable or not available
    Generated by Type     : Not applicable or not available
    Message               : The TRNSYS Executable (TRNExe.exe) and main DLL (TRNDll.dll) are located in "D:\Trnsys18\T\TRNSYS18\Exe"
 
*** Notice at time        :         0.000000
    Generated by Unit     : Not applicable or not available
    Generated by Type     : Not applicable or not available
    TRNSYS Message     90 : TRNDll.dll is compiled in release mode. External DLLs will be loaded from the .\UserLib\ReleaseDLLs\ directory.
    Reported information  : Not available
 
*** Notice at time        :         0.000000
    Generated by Unit     : Not applicable or not available
    Generated by Type     : Not applicable or not available
    Message               : The following Types were loaded from TRNDll64.dll: Type31, Type114, Type11, Type126, Type9, Type15, Type65, Type24
 
*** Notice at time        :         0.000000
    Generated by Unit     : Not applicable or not available
    Generated by Type     : Not applicable or not available
    Message               : "DS_Illuminance.dll" was found but did not contain any components from the input file.
 
*** Notice at time        :         0.000000
    Generated by Unit     : Not applicable or not available
    Generated by Type     : Not applicable or not available
    Message               : "TESSArchiveDLL_v17.2.01_Release.dll" was found but did not contain any components from the input file.
 
*** Notice at time        :         0.000000
    Generated by Unit     : Not applicable or not available
    Generated by Type     : Not applicable or not available
    Message               : "TESSHTSLibrary_v17.2.01_Release.dll" was found but did not contain any components from the input file.
 
*** Notice at time        :         0.000000
    Generated by Unit     : Not applicable or not available
    Generated by Type     : Not applicable or not available
    Message               : "TESS_Application_v17.2.01_64.dll" was found but did not contain any components from the input file.
 
*** Notice at time        :         0.000000
    Generated by Unit     : Not applicable or not available
    Generated by Type     : Not applicable or not available
    Message               : The following Types were loaded from "TESS_CHP_v17.2.01_64.dll": Type682
 
*** Notice at time        :         0.000000
    Generated by Unit     : Not applicable or not available
    Generated by Type     : Not applicable or not available
    Message               : "TESS_Controls_v17.2.01_64.dll" was found but did not contain any components from the input file.
 
*** Notice at time        :         0.000000
    Generated by Unit     : Not applicable or not available
    Generated by Type     : Not applicable or not available
    Message               : "TESS_Electrical_v17.2.01_64.dll" was found but did not contain any components from the input file.
 
*** Notice at time        :         0.000000
    Generated by Unit     : Not applicable or not available
    Generated by Type     : Not applicable or not available
    Message               : "TESS_GHP_v17.2.01_64.dll" was found but did not contain any components from the input file.
 
*** Notice at time        :         0.000000
    Generated by Unit     : Not applicable or not available
    Generated by Type     : Not applicable or not available
    Message               : "TESS_GroundCoupling_1256_v17.2.01_64.dll" was found but did not contain any components from the input file.
 
*** Notice at time        :         0.000000
    Generated by Unit     : Not applicable or not available
    Generated by Type     : Not applicable or not available
    Message               : "TESS_GroundCoupling_v17.2.01_64.dll" was found but did not contain any components from the input file.
 
*** Notice at time        :         0.000000
    Generated by Unit     : Not applicable or not available
    Generated by Type     : Not applicable or not available
    Message               : "TESS_HTS_v17.2.01_64.dll" was found but did not contain any components from the input file.
 
*** Notice at time        :         0.000000
    Generated by Unit     : Not applicable or not available
    Generated by Type     : Not applicable or not available
    Message               : The following Types were loaded from "TESS_HVAC_v17.2.01_64.dll": Type666
 
*** Notice at time        :         0.000000
    Generated by Unit     : Not applicable or not available
    Generated by Type     : Not applicable or not available
    Message               : The following Types were loaded from "TESS_Hydronics_v17.2.01_64.dll": Type649
 
*** Warning at time       :         0.000000
    Generated by Unit     : Not applicable or not available
    Generated by Type     :   682
    TRNSYS Message    200 : This TYPE was found in more than one DLL. The first instance of the TYPE was loaded. Subsequent instances have been ignored
    Reported information  : A duplicate of TYPE682 was found in "TESS_LoadsStructures_v17.2.01_64.dll"
 
*** Notice at time        :         0.000000
    Generated by Unit     : Not applicable or not available
    Generated by Type     : Not applicable or not available
    Message               : The following Types were loaded from "TESS_LoadsStructures_v17.2.01_64.dll":
 
*** Notice at time        :         0.000000
    Generated by Unit     : Not applicable or not available
    Generated by Type     : Not applicable or not available
    Message               : "TESS_Optimization_v17.2.01_64.dll" was found but did not contain any components from the input file.
 
*** Notice at time        :         0.000000
    Generated by Unit     : Not applicable or not available
    Generated by Type     : Not applicable or not available
    Message               : "TESS_Solar_v17.2.01_64.dll" was found but did not contain any components from the input file.
 
*** Notice at time        :         0.000000
    Generated by Unit     : Not applicable or not available
    Generated by Type     : Not applicable or not available
    Message               : The following Types were loaded from "TESS_Storage_v17.2.01_64.dll": Type534
 
*** Notice at time        :         0.000000
    Generated by Unit     : Not applicable or not available
    Generated by Type     : Not applicable or not available
    Message               : "TESS_Type1334_ReleaseVersion_64Bit.dll" was found but did not contain any components from the input file.
 
*** Notice at time        :         0.000000
    Generated by Unit     : Not applicable or not available
    Generated by Type     : Not applicable or not available
    Message               : "TESS_Utility_v17.2.01_64.dll" was found but did not contain any components from the input file.
 
*** Notice at time        :         0.000000
    Generated by Unit     : Not applicable or not available
    Generated by Type     : Not applicable or not available
    Message               : "Type159.dll" was found but did not contain any components from the input file.
 
*** Notice at time        :         0.000000
    Generated by Unit     : Not applicable or not available
    Generated by Type     : Not applicable or not available
    Message               : "Type169.dll" was found but did not contain any components from the input file.
 
*** Notice at time        :         0.000000
    Generated by Unit     : Not applicable or not available
    Generated by Type     : Not applicable or not available
    Message               : "Type210.dll" was found but did not contain any components from the input file.
 
*** Notice at time        :         0.000000
    Generated by Unit     : Not applicable or not available
    Generated by Type     : Not applicable or not available
    Message               : "Type225Lib.dll" was found but did not contain any components from the input file.
 
*** Notice at time        :         0.000000
    Generated by Unit     : Not applicable or not available
    Generated by Type     : Not applicable or not available
    Message               : "Type227Lib.dll" was found but did not contain any components from the input file.
 
*** Notice at time        :         0.000000
    Generated by Unit     : Not applicable or not available
    Generated by Type     : Not applicable or not available
    Message               : "Type270Lib.dll" was found but did not contain any components from the input file.
 
*** Notice at time        :         0.000000
    Generated by Unit     : Not applicable or not available
    Generated by Type     : Not applicable or not available
    Message               : "Type56_x64.dll" was found but did not contain any components from the input file.
 
*** Notice at time        :         0.000000
    Generated by Unit     : Not applicable or not available
    Generated by Type     : Not applicable or not available
    Message               : "Type76Lib64.dll" was found but did not contain any components from the input file.
 
*** Notice at time        :         0.000000
    Generated by Unit     : Not applicable or not available
    Generated by Type     : Not applicable or not available
    Message               : "Type82Lib64.dll" was found but did not contain any components from the input file.
 
*** Notice at time        :         0.000000
    Generated by Unit     : Not applicable or not available
    Generated by Type     : Not applicable or not available
    TRNSYS Message    199 : TRNSYS found at least one user DLL in the UserLib directory. (Note: Only DLL's including Types that are used in the simulation are loaded)
    Reported information  : 5 user DLLs were loaded after searching in "D:\Trnsys18\T\TRNSYS18\UserLib\ReleaseDLLs"
 
*** Warning at time       :      3226.250000
    Generated by Unit     : Not applicable or not available
    Generated by Type     : Not applicable or not available
    TRNSYS Message    441 : The inputs to the listed units have not converged at this timestep. The values at the last iteration will be used and the simulation will proceed.
    Reported information  : UNITS: 4   5   6   7   9  10  12  13  14  15  16  18  19  25  26  28  29  31  32  33  35  40  42  43
 
*** Warning at time       :      3226.500000
    Generated by Unit     : Not applicable or not available
    Generated by Type     : Not applicable or not available
    TRNSYS Message    441 : The inputs to the listed units have not converged at this timestep. The values at the last iteration will be used and the simulation will proceed.
    Reported information  : UNITS: 4   5   6   7   9  10  12  13  14  15  16  18  19  25  26  28  29  31  32  33  35  40  42  43
 
*** Warning at time       :      3232.500000
    Generated by Unit     : Not applicable or not available
    Generated by Type     : Not applicable or not available
    TRNSYS Message    441 : The inputs to the listed units have not converged at this timestep. The values at the last iteration will be used and the simulation will proceed.
    Reported information  : UNITS: 4   5   6   7   9  10  12  13  14  15  16  18  19  25  26  28  29  31  32  33  35  40  42  43
 
*** Warning at time       :      3232.750000
    Generated by Unit     : Not applicable or not available
    Generated by Type     : Not applicable or not available
    TRNSYS Message    441 : The inputs to the listed units have not converged at this timestep. The values at the last iteration will be used and the simulation will proceed.
    Reported information  : UNITS: 4   5   6   7   9  10  12  13  14  15  16  18  19  25  26  28  29  31  32  33  35  40  42  43
 
*** Warning at time       :      3451.500000
    Generated by Unit     : Not applicable or not available
    Generated by Type     : Not applicable or not available
    TRNSYS Message    441 : The inputs to the listed units have not converged at this timestep. The values at the last iteration will be used and the simulation will proceed.
    Reported information  : UNITS: 4   5   6   7   9  10  12  13  14  15  16  17  18  19  20  21  25  26  28  29  31  32  33  40  42  43
 
*** Warning at time       :      3451.750000
    Generated by Unit     : Not applicable or not available
    Generated by Type     : Not applicable or not available
    TRNSYS Message    441 : The inputs to the listed units have not converged at this timestep. The values at the last iteration will be used and the simulation will proceed.
    Reported information  : UNITS: 4   5   6   7   9  10  12  13  14  15  16  17  18  19  20  21  25  26  28  29  31  32  33  40  42  43
 
*** Warning at time       :      3452.000000
    Generated by Unit     : Not applicable or not available
    Generated by Type     : Not applicable or not available
    TRNSYS Message    441 : The inputs to the listed units have not converged at this timestep. The values at the last iteration will be used and the simulation will proceed.
    Reported information  : UNITS: 4   5   6   7   9  10  12  13  14  15  16  17  18  19  20  21  25  26  28  29  31  32  33  40  42  43
 
*** Warning at time       :      3452.250000
    Generated by Unit     : Not applicable or not available
    Generated by Type     : Not applicable or not available
    TRNSYS Message    441 : The inputs to the listed units have not converged at this timestep. The values at the last iteration will be used and the simulation will proceed.
    Reported information  : UNITS: 4   5   6   7   9  10  12  13  14  15  16  17  18  19  20  21  25  26  28  29  31  32  33  40  42  43
 
*** Warning at time       :      3452.500000
    Generated by Unit     : Not applicable or not available
    Generated by Type     : Not applicable or not available
    TRNSYS Message    441 : The inputs to the listed units have not converged at this timestep. The values at the last iteration will be used and the simulation will proceed.
    Reported information  : UNITS: 4   5   6   7   9  10  12  13  14  15  16  17  18  19  20  21  25  26  28  29  31  32  33  40  42  43
 
*** Warning at time       :      3452.750000
    Generated by Unit     : Not applicable or not available
    Generated by Type     : Not applicable or not available
    TRNSYS Message    441 : The inputs to the listed units have not converged at this timestep. The values at the last iteration will be used and the simulation will proceed.
    Reported information  : UNITS: 4   5   6   7   9  10  12  13  14  15  16  17  18  19  20  21  25  26  28  29  31  32  33  40  42  43
 
*** Warning at time       :      3453.000000
    Generated by Unit     : Not applicable or not available
    Generated by Type     : Not applicable or not available
    TRNSYS Message    441 : The inputs to the listed units have not converged at this timestep. The values at the last iteration will be used and the simulation will proceed.
    Reported information  : UNITS: 4   5   6   7   9  10  12  13  14  15  16  18  19  25  26  28  29  31  32  33  35  40  42  43
 
*** Warning at time       :      3618.750000
    Generated by Unit     : Not applicable or not available
    Generated by Type     : Not applicable or not available
    TRNSYS Message    441 : The inputs to the listed units have not converged at this timestep. The values at the last iteration will be used and the simulation will proceed.
    Reported information  : UNITS: 4   5   6   7   9  10  12  13  14  15  16  17  18  19  20  21  25  26  28  29  31  32  33  40  42  43
 
*** Warning at time       :      3619.000000
    Generated by Unit     : Not applicable or not available
    Generated by Type     : Not applicable or not available
    TRNSYS Message    441 : The inputs to the listed units have not converged at this timestep. The values at the last iteration will be used and the simulation will proceed.
    Reported information  : UNITS: 4   5   6   7   9  10  12  13  14  15  16  17  18  19  20  21  25  26  28  29  31  32  33  40  42  43
 
*** Warning at time       :      3619.250000
    Generated by Unit     : Not applicable or not available
    Generated by Type     : Not applicable or not available
    TRNSYS Message    441 : The inputs to the listed units have not converged at this timestep. The values at the last iteration will be used and the simulation will proceed.
    Reported information  : UNITS: 4   5   6   7   9  10  12  13  14  15  16  17  18  19  20  21  25  26  28  29  31  32  33  40  42  43
 
*** Warning at time       :      3619.500000
    Generated by Unit     : Not applicable or not available
    Generated by Type     : Not applicable or not available
    TRNSYS Message    441 : The inputs to the listed units have not converged at this timestep. The values at the last iteration will be used and the simulation will proceed.
    Reported information  : UNITS: 4   5   6   7   9  10  12  13  14  15  16  17  18  19  20  21  25  26  28  29  31  32  33  40  42  43
 
*** Warning at time       :      3619.750000
    Generated by Unit     : Not applicable or not available
    Generated by Type     : Not applicable or not available
    TRNSYS Message    441 : The inputs to the listed units have not converged at this timestep. The values at the last iteration will be used and the simulation will proceed.
    Reported information  : UNITS: 4   5   6   7   9  10  12  13  14  15  16  17  18  19  20  21  25  26  28  29  31  32  33  40  42  43
 
*** Warning at time       :      3620.000000
    Generated by Unit     : Not applicable or not available
    Generated by Type     : Not applicable or not available
    TRNSYS Message    441 : The inputs to the listed units have not converged at this timestep. The values at the last iteration will be used and the simulation will proceed.
    Reported information  : UNITS: 4   5   6   7   9  10  12  13  14  15  16  17  18  19  20  21  25  26  28  29  31  32  33  40  42  43
 
*** Warning at time       :      3620.250000
    Generated by Unit     : Not applicable or not available
    Generated by Type     : Not applicable or not available
    TRNSYS Message    441 : The inputs to the listed units have not converged at this timestep. The values at the last iteration will be used and the simulation will proceed.
    Reported information  : UNITS: 4   5   6   7   9  10  12  13  14  15  16  17  18  19  20  21  25  26  28  29  31  32  33  40  42  43
 
*** Warning at time       :      3620.500000
    Generated by Unit     : Not applicable or not available
    Generated by Type     : Not applicable or not available
    TRNSYS Message    441 : The inputs to the listed units have not converged at this timestep. The values at the last iteration will be used and the simulation will proceed.
    Reported information  : UNITS: 4   5   6   7   9  10  12  13  14  15  16  17  18  19  20  21  25  26  28  29  31  32  33  40  42  43
 
*** Warning at time       :      3620.750000
    Generated by Unit     : Not applicable or not available
    Generated by Type     : Not applicable or not available
    TRNSYS Message    441 : The inputs to the listed units have not converged at this timestep. The values at the last iteration will be used and the simulation will proceed.
    Reported information  : UNITS: 4   5   6   7   9  10  12  13  14  15  16  17  18  19  20  21  25  26  28  29  31  32  33  40  42  43
 
*** Warning at time       :      3621.000000
    Generated by Unit     : Not applicable or not available
    Generated by Type     : Not applicable or not available
    TRNSYS Message    441 : The inputs to the listed units have not converged at this timestep. The values at the last iteration will be used and the simulation will proceed.
    Reported information  : UNITS: 4   5   6   7   9  10  12  13  14  15  16  17  18  19  20  21  25  26  28  29  31  32  33  40  42  43
 
*** Warning at time       :      3645.250000
    Generated by Unit     : Not applicable or not available
    Generated by Type     : Not applicable or not available
    TRNSYS Message    441 : The inputs to the listed units have not converged at this timestep. The values at the last iteration will be used and the simulation will proceed.
    Reported information  : UNITS: 4   5   6   7   9  10  12  13  14  15  16  18  19  25  26  28  29  31  32  33  35  40  42  43
 
*** Warning at time       :      3933.250000
    Generated by Unit     : Not applicable or not available
    Generated by Type     : Not applicable or not available
    TRNSYS Message    441 : The inputs to the listed units have not converged at this timestep. The values at the last iteration will be used and the simulation will proceed.
    Reported information  : UNITS: 4   5   6   7   9  10  12  13  14  15  16  18  19  25  26  28  29  31  32  33  40  42  43
 
*** Warning at time       :      3933.500000
    Generated by Unit     : Not applicable or not available
    Generated by Type     : Not applicable or not available
    TRNSYS Message    441 : The inputs to the listed units have not converged at this timestep. The values at the last iteration will be used and the simulation will proceed.
    Reported information  : UNITS: 4   5   6   7   9  10  12  13  14  15  16  18  19  25  26  28  29  31  32  33  35  40  42  43
 
*** Warning at time       :      3957.750000
    Generated by Unit     : Not applicable or not available
    Generated by Type     : Not applicable or not available
    TRNSYS Message    441 : The inputs to the listed units have not converged at this timestep. The values at the last iteration will be used and the simulation will proceed.
    Reported information  : UNITS: 4   5   6   7   9  10  12  13  14  15  16  18  19  25  26  28  29  31  32  33  35  40  42  43
 
*** Warning at time       :      3970.750000
    Generated by Unit     : Not applicable or not available
    Generated by Type     : Not applicable or not available
    TRNSYS Message    441 : The inputs to the listed units have not converged at this timestep. The values at the last iteration will be used and the simulation will proceed.
    Reported information  : UNITS: 4   5   6   7   9  10  12  13  14  15  16  17  18  19  20  21  25  26  28  29  31  32  33  40  42  43
 
*** Warning at time       :      3971.000000
    Generated by Unit     : Not applicable or not available
    Generated by Type     : Not applicable or not available
    TRNSYS Message    441 : The inputs to the listed units have not converged at this timestep. The values at the last iteration will be used and the simulation will proceed.
    Reported information  : UNITS: 4   5   6   7   9  10  12  13  14  15  16  17  18  19  20  21  25  26  28  29  31  32  33  40  42  43
 
*** Warning at time       :      3971.250000
    Generated by Unit     : Not applicable or not available
    Generated by Type     : Not applicable or not available
    TRNSYS Message    441 : The inputs to the listed units have not converged at this timestep. The values at the last iteration will be used and the simulation will proceed.
    Reported information  : UNITS: 4   5   6   7   9  10  12  13  14  15  16  17  18  19  20  21  25  26  28  29  31  32  33  40  42  43
 
*** Warning at time       :      3971.500000
    Generated by Unit     : Not applicable or not available
    Generated by Type     : Not applicable or not available
    TRNSYS Message    441 : The inputs to the listed units have not converged at this timestep. The values at the last iteration will be used and the simulation will proceed.
    Reported information  : UNITS: 4   5   6   7   9  10  12  13  14  15  16  17  18  19  20  21  25  26  28  29  31  32  33  40  42  43
 
*** Warning at time       :      3971.750000
    Generated by Unit     : Not applicable or not available
    Generated by Type     : Not applicable or not available
    TRNSYS Message    441 : The inputs to the listed units have not converged at this timestep. The values at the last iteration will be used and the simulation will proceed.
    Reported information  : UNITS: 4   5   6   7   9  10  12  13  14  15  16  17  18  19  20  21  25  26  28  29  31  32  33  40  42  43
 
*** Warning at time       :      3972.000000
    Generated by Unit     : Not applicable or not available
    Generated by Type     : Not applicable or not available
    TRNSYS Message    441 : The inputs to the listed units have not converged at this timestep. The values at the last iteration will be used and the simulation will proceed.
    Reported information  : UNITS: 4   5   6   7   9  10  12  13  14  15  16  17  18  19  20  21  25  26  28  29  31  32  33  40  42  43
 
*** Warning at time       :      3972.250000
    Generated by Unit     : Not applicable or not available
    Generated by Type     : Not applicable or not available
    TRNSYS Message    441 : The inputs to the listed units have not converged at this timestep. The values at the last iteration will be used and the simulation will proceed.
    Reported information  : UNITS: 4   5   6   7   9  10  12  13  14  15  16  17  18  19  20  21  25  26  28  29  31  32  33  40  42  43
 
*** Warning at time       :      3972.500000
    Generated by Unit     : Not applicable or not available
    Generated by Type     : Not applicable or not available
    TRNSYS Message    441 : The inputs to the listed units have not converged at this timestep. The values at the last iteration will be used and the simulation will proceed.
    Reported information  : UNITS: 4   5   6   7   9  10  12  13  14  15  16  17  18  19  20  21  25  26  28  29  31  32  33  40  42  43
 
*** Warning at time       :      3972.750000
    Generated by Unit     : Not applicable or not available
    Generated by Type     : Not applicable or not available
    TRNSYS Message    441 : The inputs to the listed units have not converged at this timestep. The values at the last iteration will be used and the simulation will proceed.
    Reported information  : UNITS: 4   5   6   7   9  10  12  13  14  15  16  17  18  19  20  21  25  26  28  29  31  32  33  40  42  43
 
*** Warning at time       :      3973.000000
    Generated by Unit     : Not applicable or not available
    Generated by Type     : Not applicable or not available
    TRNSYS Message    441 : The inputs to the listed units have not converged at this timestep. The values at the last iteration will be used and the simulation will proceed.
    Reported information  : UNITS: 4   5   6   7   9  10  12  13  14  15  16  17  18  19  20  21  25  26  28  29  31  32  33  40  42  43
 
*** Warning at time       :      3973.250000
    Generated by Unit     : Not applicable or not available
    Generated by Type     : Not applicable or not available
    TRNSYS Message    441 : The inputs to the listed units have not converged at this timestep. The values at the last iteration will be used and the simulation will proceed.
    Reported information  : UNITS: 4   5   6   7   9  10  12  13  14  15  16  17  18  19  20  21  25  26  28  29  31  32  33  40  42  43
 
*** Warning at time       :      3973.500000
    Generated by Unit     : Not applicable or not available
    Generated by Type     : Not applicable or not available
    TRNSYS Message    441 : The inputs to the listed units have not converged at this timestep. The values at the last iteration will be used and the simulation will proceed.
    Reported information  : UNITS: 4   5   6   7   9  10  12  13  14  15  16  17  18  19  20  21  25  26  28  29  31  32  33  40  42  43
 
*** Warning at time       :      3973.750000
    Generated by Unit     : Not applicable or not available
    Generated by Type     : Not applicable or not available
    TRNSYS Message    441 : The inputs to the listed units have not converged at this timestep. The values at the last iteration will be used and the simulation will proceed.
    Reported information  : UNITS: 4   5   6   7   9  10  12  13  14  15  16  17  18  19  20  21  25  26  28  29  31  32  33  40  42  43
 
*** Warning at time       :      3974.000000
    Generated by Unit     : Not applicable or not available
    Generated by Type     : Not applicable or not available
    TRNSYS Message    441 : The inputs to the listed units have not converged at this timestep. The values at the last iteration will be used and the simulation will proceed.
    Reported information  : UNITS: 4   5   6   7   9  10  12  13  14  15  16  17  18  19  20  21  25  26  28  29  31  32  33  40  42  43
 
*** Warning at time       :      3974.250000
    Generated by Unit     : Not applicable or not available
    Generated by Type     : Not applicable or not available
    TRNSYS Message    441 : The inputs to the listed units have not converged at this timestep. The values at the last iteration will be used and the simulation will proceed.
    Reported information  : UNITS: 4   5   6   7   9  10  12  13  14  15  16  17  18  19  20  21  25  26  28  29  31  32  33  40  42  43
 
*** Warning at time       :      3974.500000
    Generated by Unit     : Not applicable or not available
    Generated by Type     : Not applicable or not available
    TRNSYS Message    441 : The inputs to the listed units have not converged at this timestep. The values at the last iteration will be used and the simulation will proceed.
    Reported information  : UNITS: 4   5   6   7   9  10  12  13  14  15  16  17  18  19  20  21  25  26  28  29  31  32  33  40  42  43
 
*** Warning at time       :      4076.000000
    Generated by Unit     : Not applicable or not available
    Generated by Type     : Not applicable or not available
    TRNSYS Message    441 : The inputs to the listed units have not converged at this timestep. The values at the last iteration will be used and the simulation will proceed.
    Reported information  : UNITS: 4   5   6   7   9  10  12  13  14  15  16  17  18  19  20  21  25  26  28  29  31  32  33  40  42  43
 
*** Warning at time       :      4076.250000
    Generated by Unit     : Not applicable or not available
    Generated by Type     : Not applicable or not available
    TRNSYS Message    441 : The inputs to the listed units have not converged at this timestep. The values at the last iteration will be used and the simulation will proceed.
    Reported information  : UNITS: 4   5   6   7   9  10  12  13  14  15  16  17  18  19  20  21  25  26  28  29  31  32  33  40  42  43
 
*** Warning at time       :      4076.500000
    Generated by Unit     : Not applicable or not available
    Generated by Type     : Not applicable or not available
    TRNSYS Message    441 : The inputs to the listed units have not converged at this timestep. The values at the last iteration will be used and the simulation will proceed.
    Reported information  : UNITS: 4   5   6   7   9  10  12  13  14  15  16  17  18  19  20  21  25  26  28  29  31  32  33  40  42  43
 
*** Warning at time       :      4076.750000
    Generated by Unit     : Not applicable or not available
    Generated by Type     : Not applicable or not available
    TRNSYS Message    441 : The inputs to the listed units have not converged at this timestep. The values at the last iteration will be used and the simulation will proceed.
    Reported information  : UNITS: 4   5   6   7   9  10  12  13  14  15  16  17  18  19  20  21  25  26  28  29  31  32  33  40  42  43
 
*** Warning at time       :      4077.000000
    Generated by Unit     : Not applicable or not available
    Generated by Type     : Not applicable or not available
    TRNSYS Message    441 : The inputs to the listed units have not converged at this timestep. The values at the last iteration will be used and the simulation will proceed.
    Reported information  : UNITS: 4   5   6   7   9  10  12  13  14  15  16  17  18  19  20  21  25  26  28  29  31  32  33  40  42  43
 
*** Warning at time       :      4077.250000
    Generated by Unit     : Not applicable or not available
    Generated by Type     : Not applicable or not available
    TRNSYS Message    441 : The inputs to the listed units have not converged at this timestep. The values at the last iteration will be used and the simulation will proceed.
    Reported information  : UNITS: 4   5   6   7   9  10  12  13  14  15  16  17  18  19  20  21  25  26  28  29  31  32  33  40  42  43
 
*** Warning at time       :      4077.500000
    Generated by Unit     : Not applicable or not available
    Generated by Type     : Not applicable or not available
    TRNSYS Message    441 : The inputs to the listed units have not converged at this timestep. The values at the last iteration will be used and the simulation will proceed.
    Reported information  : UNITS: 4   5   6   7   9  10  12  13  14  15  16  17  18  19  20  21  25  26  28  29  31  32  33  40  42  43
 
*** Warning at time       :      4098.000000
    Generated by Unit     : Not applicable or not available
    Generated by Type     : Not applicable or not available
    TRNSYS Message    441 : The inputs to the listed units have not converged at this timestep. The values at the last iteration will be used and the simulation will proceed.
    Reported information  : UNITS: 4   5   6   7   9  10  12  13  14  15  16  17  18  19  20  21  25  26  28  29  31  32  33  40  42  43
 
*** Warning at time       :      4098.250000
    Generated by Unit     : Not applicable or not available
    Generated by Type     : Not applicable or not available
    TRNSYS Message    441 : The inputs to the listed units have not converged at this timestep. The values at the last iteration will be used and the simulation will proceed.
    Reported information  : UNITS: 4   5   6   7   9  10  12  13  14  15  16  17  18  19  20  21  25  26  28  29  31  32  33  40  42  43
 
*** Warning at time       :      4098.500000
    Generated by Unit     : Not applicable or not available
    Generated by Type     : Not applicable or not available
    TRNSYS Message    441 : The inputs to the listed units have not converged at this timestep. The values at the last iteration will be used and the simulation will proceed.
    Reported information  : UNITS: 4   5   6   7   9  10  12  13  14  15  16  17  18  19  20  21  25  26  28  29  31  32  33  40  42  43
 
*** Warning at time       :      4098.750000
    Generated by Unit     : Not applicable or not available
    Generated by Type     : Not applicable or not available
    TRNSYS Message    441 : The inputs to the listed units have not converged at this timestep. The values at the last iteration will be used and the simulation will proceed.
    Reported information  : UNITS: 4   5   6   7   9  10  12  13  14  15  16  17  18  19  20  21  25  26  28  29  31  32  33  40  42  43
 
*** Warning at time       :      4099.000000
    Generated by Unit     : Not applicable or not available
    Generated by Type     : Not applicable or not available
    TRNSYS Message    441 : The inputs to the listed units have not converged at this timestep. The values at the last iteration will be used and the simulation will proceed.
    Reported information  : UNITS: 4   5   6   7   9  10  12  13  14  15  16  17  18  19  20  21  25  26  28  29  31  32  33  40  42  43
 
*** Warning at time       :      4099.250000
    Generated by Unit     : Not applicable or not available
    Generated by Type     : Not applicable or not available
    TRNSYS Message    441 : The inputs to the listed units have not converged at this timestep. The values at the last iteration will be used and the simulation will proceed.
    Reported information  : UNITS: 4   5   6   7   9  10  12  13  14  15  16  17  18  19  20  21  25  26  28  29  31  32  33  40  42  43
 
*** Warning at time       :      4099.500000
    Generated by Unit     : Not applicable or not available
    Generated by Type     : Not applicable or not available
    TRNSYS Message    441 : The inputs to the listed units have not converged at this timestep. The values at the last iteration will be used and the simulation will proceed.
    Reported information  : UNITS: 4   5   6   7   9  10  12  13  14  15  16  17  18  19  20  21  25  26  28  29  31  32  33  40  42  43
 
*** Warning at time       :      4099.750000
    Generated by Unit     : Not applicable or not available
    Generated by Type     : Not applicable or not available
    TRNSYS Message    441 : The inputs to the listed units have not converged at this timestep. The values at the last iteration will be used and the simulation will proceed.
    Reported information  : UNITS: 4   5   6   7   9  10  12  13  14  15  16  17  18  19  20  21  25  26  28  29  31  32  33  40  42  43
 
*** Warning at time       :      4100.000000
    Generated by Unit     : Not applicable or not available
    Generated by Type     : Not applicable or not available
    TRNSYS Message    441 : The inputs to the listed units have not converged at this timestep. The values at the last iteration will be used and the simulation will proceed.
    Reported information  : UNITS: 4   5   6   7   9  10  12  13  14  15  16  17  18  19  20  21  25  26  28  29  31  32  33  40  42  43
 
*** Warning at time       :      4100.250000
    Generated by Unit     : Not applicable or not available
    Generated by Type     : Not applicable or not available
    TRNSYS Message    441 : The inputs to the listed units have not converged at this timestep. The values at the last iteration will be used and the simulation will proceed.
    Reported information  : UNITS: 4   5   6   7   9  10  12  13  14  15  16  17  18  19  20  21  25  26  28  29  31  32  33  40  42  43
 
*** Warning at time       :      4100.500000
    Generated by Unit     : Not applicable or not available
    Generated by Type     : Not applicable or not available
    TRNSYS Message    441 : The inputs to the listed units have not converged at this timestep. The values at the last iteration will be used and the simulation will proceed.
    Reported information  : UNITS: 4   5   6   7   9  10  12  13  14  15  16  17  18  19  20  21  25  26  28  29  31  32  33  40  42  43
 
*** Warning at time       :      4100.750000
    Generated by Unit     : Not applicable or not available
    Generated by Type     : Not applicable or not available
    TRNSYS Message    441 : The inputs to the listed units have not converged at this timestep. The values at the last iteration will be used and the simulation will proceed.
    Reported information  : UNITS: 4   5   6   7   9  10  12  13  14  15  16  17  18  19  20  21  25  26  28  29  31  32  33  40  42  43
 
*** Warning at time       :      4101.000000
    Generated by Unit     : Not applicable or not available
    Generated by Type     : Not applicable or not available
    TRNSYS Message    441 : The inputs to the listed units have not converged at this timestep. The values at the last iteration will be used and the simulation will proceed.
    Reported information  : UNITS: 4   5   6   7   9  10  12  13  14  15  16  17  18  19  20  21  25  26  28  29  31  32  33  40  42  43
 
*** Warning at time       :      4101.250000
    Generated by Unit     : Not applicable or not available
    Generated by Type     : Not applicable or not available
    TRNSYS Message    441 : The inputs to the listed units have not converged at this timestep. The values at the last iteration will be used and the simulation will proceed.
    Reported information  : UNITS: 4   5   6   7   9  10  12  13  14  15  16  17  18  19  20  21  25  26  28  29  31  32  33  40  42  43
 
*** Warning at time       :      4101.500000
    Generated by Unit     : Not applicable or not available
    Generated by Type     : Not applicable or not available
    TRNSYS Message    441 : The inputs to the listed units have not converged at this timestep. The values at the last iteration will be used and the simulation will proceed.
    Reported information  : UNITS: 4   5   6   7   9  10  12  13  14  15  16  17  18  19  20  21  25  26  28  29  31  32  33  40  42  43
 
*** Warning at time       :      4101.750000
    Generated by Unit     : Not applicable or not available
    Generated by Type     : Not applicable or not available
    TRNSYS Message    441 : The inputs to the listed units have not converged at this timestep. The values at the last iteration will be used and the simulation will proceed.
    Reported information  : UNITS: 4   5   6   7   9  10  12  13  14  15  16  18  19  25  26  28  29  31  32  33  35  40  42  43
 
*** Warning at time       :      4122.750000
    Generated by Unit     : Not applicable or not available
    Generated by Type     : Not applicable or not available
    TRNSYS Message    441 : The inputs to the listed units have not converged at this timestep. The values at the last iteration will be used and the simulation will proceed.
    Reported information  : UNITS: 4   5   6   7   9  10  12  13  14  15  16  17  18  19  20  21  25  26  28  29  31  32  33  40  42  43
 
*** Warning at time       :      4123.000000
    Generated by Unit     : Not applicable or not available
    Generated by Type     : Not applicable or not available
    TRNSYS Message    441 : The inputs to the listed units have not converged at this timestep. The values at the last iteration will be used and the simulation will proceed.
    Reported information  : UNITS: 4   5   6   7   9  10  12  13  14  15  16  17  18  19  20  21  25  26  28  29  31  32  33  40  42  43
 
*** Warning at time       :      4123.250000
    Generated by Unit     : Not applicable or not available
    Generated by Type     : Not applicable or not available
    TRNSYS Message    441 : The inputs to the listed units have not converged at this timestep. The values at the last iteration will be used and the simulation will proceed.
    Reported information  : UNITS: 4   5   6   7   9  10  12  13  14  15  16  17  18  19  20  21  25  26  28  29  31  32  33  40  42  43
 
*** Warning at time       :      4123.500000
    Generated by Unit     : Not applicable or not available
    Generated by Type     : Not applicable or not available
    TRNSYS Message    441 : The inputs to the listed units have not converged at this timestep. The values at the last iteration will be used and the simulation will proceed.
    Reported information  : UNITS: 4   5   6   7   9  10  12  13  14  15  16  17  18  19  20  21  25  26  28  29  31  32  33  40  42  43
 
*** Warning at time       :      4123.750000
    Generated by Unit     : Not applicable or not available
    Generated by Type     : Not applicable or not available
    TRNSYS Message    441 : The inputs to the listed units have not converged at this timestep. The values at the last iteration will be used and the simulation will proceed.
    Reported information  : UNITS: 4   5   6   7   9  10  12  13  14  15  16  17  18  19  20  21  25  26  28  29  31  32  33  40  42  43
 
*** Warning at time       :      4124.000000
    Generated by Unit     : Not applicable or not available
    Generated by Type     : Not applicable or not available
    TRNSYS Message    441 : The inputs to the listed units have not converged at this timestep. The values at the last iteration will be used and the simulation will proceed.
    Reported information  : UNITS: 4   5   6   7   9  10  12  13  14  15  16  17  18  19  20  21  25  26  28  29  31  32  33  40  42  43
 
*** Warning at time       :      4124.250000
    Generated by Unit     : Not applicable or not available
    Generated by Type     : Not applicable or not available
    TRNSYS Message    441 : The inputs to the listed units have not converged at this timestep. The values at the last iteration will be used and the simulation will proceed.
    Reported information  : UNITS: 4   5   6   7   9  10  12  13  14  15  16  17  18  19  20  21  25  26  28  29  31  32  33  40  42  43
 
*** Warning at time       :      4124.500000
    Generated by Unit     : Not applicable or not available
    Generated by Type     : Not applicable or not available
    TRNSYS Message    441 : The inputs to the listed units have not converged at this timestep. The values at the last iteration will be used and the simulation will proceed.
    Reported information  : UNITS: 4   5   6   7   9  10  12  13  14  15  16  17  18  19  20  21  25  26  28  29  31  32  33  40  42  43
 
*** Warning at time       :      4124.750000
    Generated by Unit     : Not applicable or not available
    Generated by Type     : Not applicable or not available
    TRNSYS Message    441 : The inputs to the listed units have not converged at this timestep. The values at the last iteration will be used and the simulation will proceed.
    Reported information  : UNITS: 4   5   6   7   9  10  12  13  14  15  16  17  18  19  20  21  25  26  28  29  31  32  33  40  42  43
 
*** Warning at time       :      4125.000000
    Generated by Unit     : Not applicable or not available
    Generated by Type     : Not applicable or not available
    TRNSYS Message    441 : The inputs to the listed units have not converged at this timestep. The values at the last iteration will be used and the simulation will proceed.
    Reported information  : UNITS: 4   5   6   7   9  10  12  13  14  15  16  17  18  19  20  21  25  26  28  29  31  32  33  40  42  43
 
*** Warning at time       :      4125.250000
    Generated by Unit     : Not applicable or not available
    Generated by Type     : Not applicable or not available
    TRNSYS Message    441 : The inputs to the listed units have not converged at this timestep. The values at the last iteration will be used and the simulation will proceed.
    Reported information  : UNITS: 4   5   6   7   9  10  12  13  14  15  16  17  18  19  20  21  25  26  28  29  31  32  33  40  42  43
 
*** Warning at time       :      4125.500000
    Generated by Unit     : Not applicable or not available
    Generated by Type     : Not applicable or not available
    TRNSYS Message    441 : The inputs to the listed units have not converged at this timestep. The values at the last iteration will be used and the simulation will proceed.
    Reported information  : UNITS: 4   5   6   7   9  10  12  13  14  15  16  17  18  19  20  21  25  26  28  29  31  32  33  40  42  43
 
*** Warning at time       :      4220.000000
    Generated by Unit     : Not applicable or not available
    Generated by Type     : Not applicable or not available
    TRNSYS Message    441 : The inputs to the listed units have not converged at this timestep. The values at the last iteration will be used and the simulation will proceed.
    Reported information  : UNITS: 4   5   6   7   9  10  12  13  14  15  16  17  18  19  20  21  25  26  28  29  31  32  33  40  42  43
 
*** Warning at time       :      4220.250000
    Generated by Unit     : Not applicable or not available
    Generated by Type     : Not applicable or not available
    TRNSYS Message    441 : The inputs to the listed units have not converged at this timestep. The values at the last iteration will be used and the simulation will proceed.
    Reported information  : UNITS: 4   5   6   7   9  10  12  13  14  15  16  17  18  19  20  21  25  26  28  29  31  32  33  40  42  43
 
*** Warning at time       :      4220.500000
    Generated by Unit     : Not applicable or not available
    Generated by Type     : Not applicable or not available
    TRNSYS Message    441 : The inputs to the listed units have not converged at this timestep. The values at the last iteration will be used and the simulation will proceed.
    Reported information  : UNITS: 4   5   6   7   9  10  12  13  14  15  16  17  18  19  20  21  25  26  28  29  31  32  33  40  42  43
 
*** Warning at time       :      4220.750000
    Generated by Unit     : Not applicable or not available
    Generated by Type     : Not applicable or not available
    TRNSYS Message    441 : The inputs to the listed units have not converged at this timestep. The values at the last iteration will be used and the simulation will proceed.
    Reported information  : UNITS: 4   5   6   7   9  10  12  13  14  15  16  17  18  19  20  21  25  26  28  29  31  32  33  40  42  43
 
*** Warning at time       :      4221.000000
    Generated by Unit     : Not applicable or not available
    Generated by Type     : Not applicable or not available
    TRNSYS Message    441 : The inputs to the listed units have not converged at this timestep. The values at the last iteration will be used and the simulation will proceed.
    Reported information  : UNITS: 4   5   6   7   9  10  12  13  14  15  16  17  18  19  20  21  25  26  28  29  31  32  33  40  42  43
 
*** Warning at time       :      4221.250000
    Generated by Unit     : Not applicable or not available
    Generated by Type     : Not applicable or not available
    TRNSYS Message    441 : The inputs to the listed units have not converged at this timestep. The values at the last iteration will be used and the simulation will proceed.
    Reported information  : UNITS: 4   5   6   7   9  10  12  13  14  15  16  17  18  19  20  21  25  26  28  29  31  32  33  40  42  43
 
*** Warning at time       :      4221.500000
    Generated by Unit     : Not applicable or not available
    Generated by Type     : Not applicable or not available
    TRNSYS Message    441 : The inputs to the listed units have not converged at this timestep. The values at the last iteration will be used and the simulation will proceed.
    Reported information  : UNITS: 4   5   6   7   9  10  12  13  14  15  16  18  19  25  26  28  29  31  32  33  35  40  42  43
 
*** Warning at time       :      4281.500000
    Generated by Unit     : Not applicable or not available
    Generated by Type     : Not applicable or not available
    TRNSYS Message    441 : The inputs to the listed units have not converged at this timestep. The values at the last iteration will be used and the simulation will proceed.
    Reported information  : UNITS: 4   5   7   9  10  12  13  14  15  16  17  18  19  20  21  25  26  28  29  31  33  35  40  42  43
 
*** Warning at time       :      4286.000000
    Generated by Unit     : Not applicable or not available
    Generated by Type     : Not applicable or not available
    TRNSYS Message    441 : The inputs to the listed units have not converged at this timestep. The values at the last iteration will be used and the simulation will proceed.
    Reported information  : UNITS: 4   5   6   7   9  10  12  13  14  15  16  17  18  19  20  21  25  26  28  29  31  32  33  40  42  43
 
*** Warning at time       :      4286.250000
    Generated by Unit     : Not applicable or not available
    Generated by Type     : Not applicable or not available
    TRNSYS Message    441 : The inputs to the listed units have not converged at this timestep. The values at the last iteration will be used and the simulation will proceed.
    Reported information  : UNITS: 4   5   6   7   9  10  12  13  14  15  16  17  18  19  20  21  25  26  28  29  31  32  33  40  42  43
 
*** Warning at time       :      4286.500000
    Generated by Unit     : Not applicable or not available
    Generated by Type     : Not applicable or not available
    TRNSYS Message    441 : The inputs to the listed units have not converged at this timestep. The values at the last iteration will be used and the simulation will proceed.
    Reported information  : UNITS: 4   5   6   7   9  10  12  13  14  15  16  17  18  19  20  21  25  26  28  29  31  32  33  40  42  43
 
*** Warning at time       :      4286.750000
    Generated by Unit     : Not applicable or not available
    Generated by Type     : Not applicable or not available
    TRNSYS Message    441 : The inputs to the listed units have not converged at this timestep. The values at the last iteration will be used and the simulation will proceed.
    Reported information  : UNITS: 4   5   6   7   9  10  12  13  14  15  16  17  18  19  20  21  25  26  28  29  31  32  33  40  42  43
 
*** Warning at time       :      4287.000000
    Generated by Unit     : Not applicable or not available
    Generated by Type     : Not applicable or not available
    TRNSYS Message    441 : The inputs to the listed units have not converged at this timestep. The values at the last iteration will be used and the simulation will proceed.
    Reported information  : UNITS: 4   5   6   7   9  10  12  13  14  15  16  17  18  19  20  21  25  26  28  29  31  32  33  40  42  43
 
*** Warning at time       :      4287.250000
    Generated by Unit     : Not applicable or not available
    Generated by Type     : Not applicable or not available
    TRNSYS Message    441 : The inputs to the listed units have not converged at this timestep. The values at the last iteration will be used and the simulation will proceed.
    Reported information  : UNITS: 4   5   6   7   9  10  12  13  14  15  16  17  18  19  20  21  25  26  28  29  31  32  33  40  42  43
 
*** Warning at time       :      4287.500000
    Generated by Unit     : Not applicable or not available
    Generated by Type     : Not applicable or not available
    TRNSYS Message    441 : The inputs to the listed units have not converged at this timestep. The values at the last iteration will be used and the simulation will proceed.
    Reported information  : UNITS: 4   5   6   7   9  10  12  13  14  15  16  17  18  19  20  21  25  26  28  29  31  32  33  40  42  43
 
*** Warning at time       :      4287.750000
    Generated by Unit     : Not applicable or not available
    Generated by Type     : Not applicable or not available
    TRNSYS Message    441 : The inputs to the listed units have not converged at this timestep. The values at the last iteration will be used and the simulation will proceed.
    Reported information  : UNITS: 4   5   6   7   9  10  12  13  14  15  16  17  18  19  20  21  25  26  28  29  31  32  33  40  42  43
 
*** Warning at time       :      4288.750000
    Generated by Unit     : Not applicable or not available
    Generated by Type     : Not applicable or not available
    TRNSYS Message    441 : The inputs to the listed units have not converged at this timestep. The values at the last iteration will be used and the simulation will proceed.
    Reported information  : UNITS: 4   5   7   9  10  12  13  14  15  16  17  18  19  20  21  25  26  28  29  31  33  35  40  42  43
 
*** Warning at time       :      4385.750000
    Generated by Unit     : Not applicable or not available
    Generated by Type     : Not applicable or not available
    TRNSYS Message    441 : The inputs to the listed units have not converged at this timestep. The values at the last iteration will be used and the simulation will proceed.
    Reported information  : UNITS: 4   5   6   7   9  10  12  13  14  15  16  17  18  19  20  21  25  26  28  29  31  32  33  40  42  43
 
*** Warning at time       :      4386.000000
    Generated by Unit     : Not applicable or not available
    Generated by Type     : Not applicable or not available
    TRNSYS Message    441 : The inputs to the listed units have not converged at this timestep. The values at the last iteration will be used and the simulation will proceed.
    Reported information  : UNITS: 4   5   6   7   9  10  12  13  14  15  16  17  18  19  20  21  25  26  28  29  31  32  33  40  42  43
 
*** Warning at time       :      4386.250000
    Generated by Unit     : Not applicable or not available
    Generated by Type     : Not applicable or not available
    TRNSYS Message    441 : The inputs to the listed units have not converged at this timestep. The values at the last iteration will be used and the simulation will proceed.
    Reported information  : UNITS: 4   5   6   7   9  10  12  13  14  15  16  17  18  19  20  21  25  26  28  29  31  32  33  40  42  43
 
*** Warning at time       :      4411.750000
    Generated by Unit     : Not applicable or not available
    Generated by Type     : Not applicable or not available
    TRNSYS Message    441 : The inputs to the listed units have not converged at this timestep. The values at the last iteration will be used and the simulation will proceed.
    Reported information  : UNITS: 4   5   6   7   9  10  12  13  14  15  16  17  18  19  20  21  25  26  28  29  31  32  33  40  42  43
 
*** Warning at time       :      4412.000000
    Generated by Unit     : Not applicable or not available
    Generated by Type     : Not applicable or not available
    TRNSYS Message    441 : The inputs to the listed units have not converged at this timestep. The values at the last iteration will be used and the simulation will proceed.
    Reported information  : UNITS: 4   5   6   7   9  10  12  13  14  15  16  17  18  19  20  21  25  26  28  29  31  32  33  40  42  43
 
*** Warning at time       :      4412.250000
    Generated by Unit     : Not applicable or not available
    Generated by Type     : Not applicable or not available
    TRNSYS Message    441 : The inputs to the listed units have not converged at this timestep. The values at the last iteration will be used and the simulation will proceed.
    Reported information  : UNITS: 4   5   6   7   9  10  12  13  14  15  16  17  18  19  20  21  25  26  28  29  31  32  33  40  42  43
 
*** Warning at time       :      4412.500000
    Generated by Unit     : Not applicable or not available
    Generated by Type     : Not applicable or not available
    TRNSYS Message    441 : The inputs to the listed units have not converged at this timestep. The values at the last iteration will be used and the simulation will proceed.
    Reported information  : UNITS: 4   5   6   7   9  10  12  13  14  15  16  17  18  19  20  21  25  26  28  29  31  32  33  40  42  43
 
*** Warning at time       :      4412.750000
    Generated by Unit     : Not applicable or not available
    Generated by Type     : Not applicable or not available
    TRNSYS Message    441 : The inputs to the listed units have not converged at this timestep. The values at the last iteration will be used and the simulation will proceed.
    Reported information  : UNITS: 4   5   6   7   9  10  12  13  14  15  16  17  18  19  20  21  25  26  28  29  31  32  33  40  42  43
 
*** Warning at time       :      4413.000000
    Generated by Unit     : Not applicable or not available
    Generated by Type     : Not applicable or not available
    TRNSYS Message    441 : The inputs to the listed units have not converged at this timestep. The values at the last iteration will be used and the simulation will proceed.
    Reported information  : UNITS: 4   5   6   7   9  10  12  13  14  15  16  17  18  19  20  21  25  26  28  29  31  32  33  40  42  43
 
*** Warning at time       :      4413.250000
    Generated by Unit     : Not applicable or not available
    Generated by Type     : Not applicable or not available
    TRNSYS Message    441 : The inputs to the listed units have not converged at this timestep. The values at the last iteration will be used and the simulation will proceed.
    Reported information  : UNITS: 4   5   6   7   9  10  12  13  14  15  16  17  18  19  20  21  25  26  28  29  31  32  33  40  42  43
 
*** Warning at time       :      4413.500000
    Generated by Unit     : Not applicable or not available
    Generated by Type     : Not applicable or not available
    TRNSYS Message    441 : The inputs to the listed units have not converged at this timestep. The values at the last iteration will be used and the simulation will proceed.
    Reported information  : UNITS: 4   5   6   7   9  10  12  13  14  15  16  18  19  25  26  28  29  31  32  33  35  40  42  43
 
*** Warning at time       :      4413.750000
    Generated by Unit     : Not applicable or not available
    Generated by Type     : Not applicable or not available
    TRNSYS Message    441 : The inputs to the listed units have not converged at this timestep. The values at the last iteration will be used and the simulation will proceed.
    Reported information  : UNITS: 4   5   6   7   9  10  12  13  14  15  16  18  19  25  26  28  29  31  32  33  35  40  42  43
 
*** Warning at time       :      4568.250000
    Generated by Unit     : Not applicable or not available
    Generated by Type     : Not applicable or not available
    TRNSYS Message    441 : The inputs to the listed units have not converged at this timestep. The values at the last iteration will be used and the simulation will proceed.
    Reported information  : UNITS: 4   5   6   7   9  10  12  13  15  16  18  19  25  26  28  29  31  32  33  40  42  43
 
*** Warning at time       :      4580.500000
    Generated by Unit     : Not applicable or not available
    Generated by Type     : Not applicable or not available
    TRNSYS Message    441 : The inputs to the listed units have not converged at this timestep. The values at the last iteration will be used and the simulation will proceed.
    Reported information  : UNITS: 4   5   6   7   9  10  12  13  14  15  16  17  18  19  20  21  25  26  28  29  31  32  33  40  42  43
 
*** Warning at time       :      4580.750000
    Generated by Unit     : Not applicable or not available
    Generated by Type     : Not applicable or not available
    TRNSYS Message    441 : The inputs to the listed units have not converged at this timestep. The values at the last iteration will be used and the simulation will proceed.
    Reported information  : UNITS: 4   5   6   7   9  10  12  13  14  15  16  17  18  19  20  21  25  26  28  29  31  32  33  40  42  43
 
*** Warning at time       :      4581.000000
    Generated by Unit     : Not applicable or not available
    Generated by Type     : Not applicable or not available
    TRNSYS Message    441 : The inputs to the listed units have not converged at this timestep. The values at the last iteration will be used and the simulation will proceed.
    Reported information  : UNITS: 4   5   6   7   9  10  12  13  14  15  16  17  18  19  20  21  25  26  28  29  31  32  33  40  42  43
 
*** Warning at time       :      4581.250000
    Generated by Unit     : Not applicable or not available
    Generated by Type     : Not applicable or not available
    TRNSYS Message    441 : The inputs to the listed units have not converged at this timestep. The values at the last iteration will be used and the simulation will proceed.
    Reported information  : UNITS: 4   5   6   7   9  10  12  13  14  15  16  17  18  19  20  21  25  26  28  29  31  32  33  40  42  43
 
*** Warning at time       :      4581.500000
    Generated by Unit     : Not applicable or not available
    Generated by Type     : Not applicable or not available
    TRNSYS Message    441 : The inputs to the listed units have not converged at this timestep. The values at the last iteration will be used and the simulation will proceed.
    Reported information  : UNITS: 4   5   6   7   9  10  12  14  16  17  18  19  20  21  26  28  29  31  32  33  40  42  43
 
*** Warning at time       :      4714.500000
    Generated by Unit     : Not applicable or not available
    Generated by Type     : Not applicable or not available
    TRNSYS Message    441 : The inputs to the listed units have not converged at this timestep. The values at the last iteration will be used and the simulation will proceed.
    Reported information  : UNITS: 4   5   6   7   9  10  12  13  14  15  16  17  18  19  20  21  25  26  28  29  31  32  33  40  42  43
 
*** Warning at time       :      4714.750000
    Generated by Unit     : Not applicable or not available
    Generated by Type     : Not applicable or not available
    TRNSYS Message    441 : The inputs to the listed units have not converged at this timestep. The values at the last iteration will be used and the simulation will proceed.
    Reported information  : UNITS: 4   5   6   7   9  10  12  13  14  15  16  17  18  19  20  21  25  26  28  29  31  32  33  40  42  43
 
*** Warning at time       :      4916.500000
    Generated by Unit     : Not applicable or not available
    Generated by Type     : Not applicable or not available
    TRNSYS Message    441 : The inputs to the listed units have not converged at this timestep. The values at the last iteration will be used and the simulation will proceed.
    Reported information  : UNITS: 4   5   6   7   9  10  12  13  14  15  16  17  18  19  20  21  25  26  28  29  31  32  33  40  42  43
 
*** Warning at time       :      4916.750000
    Generated by Unit     : Not applicable or not available
    Generated by Type     : Not applicable or not available
    TRNSYS Message    441 : The inputs to the listed units have not converged at this timestep. The values at the last iteration will be used and the simulation will proceed.
    Reported information  : UNITS: 4   5   6   7   9  10  12  13  14  15  16  17  18  19  20  21  25  26  28  29  31  32  33  40  42  43
 
*** Warning at time       :      4917.000000
    Generated by Unit     : Not applicable or not available
    Generated by Type     : Not applicable or not available
    TRNSYS Message    441 : The inputs to the listed units have not converged at this timestep. The values at the last iteration will be used and the simulation will proceed.
    Reported information  : UNITS: 4   5   6   7   9  10  12  13  14  15  16  17  18  19  20  21  25  26  28  29  31  32  33  40  42  43
 
*** Warning at time       :      4917.250000
    Generated by Unit     : Not applicable or not available
    Generated by Type     : Not applicable or not available
    TRNSYS Message    441 : The inputs to the listed units have not converged at this timestep. The values at the last iteration will be used and the simulation will proceed.
    Reported information  : UNITS: 4   5   6   7   9  10  12  13  14  15  16  17  18  19  20  21  25  26  28  29  31  32  33  40  42  43
 
*** Warning at time       :      4917.500000
    Generated by Unit     : Not applicable or not available
    Generated by Type     : Not applicable or not available
    TRNSYS Message    441 : The inputs to the listed units have not converged at this timestep. The values at the last iteration will be used and the simulation will proceed.
    Reported information  : UNITS: 4   5   6   7   9  10  12  13  14  15  16  17  18  19  20  21  25  26  28  29  31  32  33  40  42  43
 
*** Warning at time       :      4917.750000
    Generated by Unit     : Not applicable or not available
    Generated by Type     : Not applicable or not available
    TRNSYS Message    441 : The inputs to the listed units have not converged at this timestep. The values at the last iteration will be used and the simulation will proceed.
    Reported information  : UNITS: 4   5   6   7   9  10  12  13  14  15  16  18  19  25  26  28  29  31  32  33  35  40  42  43
 
*** Warning at time       :      4938.500000
    Generated by Unit     : Not applicable or not available
    Generated by Type     : Not applicable or not available
    TRNSYS Message    441 : The inputs to the listed units have not converged at this timestep. The values at the last iteration will be used and the simulation will proceed.
    Reported information  : UNITS: 4   5   6   7   9  10  12  13  14  15  16  17  18  19  20  21  25  26  28  29  31  32  33  40  42  43
 
*** Warning at time       :      4938.750000
    Generated by Unit     : Not applicable or not available
    Generated by Type     : Not applicable or not available
    TRNSYS Message    441 : The inputs to the listed units have not converged at this timestep. The values at the last iteration will be used and the simulation will proceed.
    Reported information  : UNITS: 4   5   6   7   9  10  12  13  14  15  16  17  18  19  20  21  25  26  28  29  31  32  33  40  42  43
 
*** Warning at time       :      4939.000000
    Generated by Unit     : Not applicable or not available
    Generated by Type     : Not applicable or not available
    TRNSYS Message    441 : The inputs to the listed units have not converged at this timestep. The values at the last iteration will be used and the simulation will proceed.
    Reported information  : UNITS: 4   5   6   7   9  10  12  13  14  15  16  17  18  19  20  21  25  26  28  29  31  32  33  40  42  43
 
*** Warning at time       :      4939.250000
    Generated by Unit     : Not applicable or not available
    Generated by Type     : Not applicable or not available
    TRNSYS Message    441 : The inputs to the listed units have not converged at this timestep. The values at the last iteration will be used and the simulation will proceed.
    Reported information  : UNITS: 4   5   6   7   9  10  12  13  14  15  16  17  18  19  20  21  25  26  28  29  31  32  33  40  42  43
 
*** Warning at time       :      4939.500000
    Generated by Unit     : Not applicable or not available
    Generated by Type     : Not applicable or not available
    TRNSYS Message    441 : The inputs to the listed units have not converged at this timestep. The values at the last iteration will be used and the simulation will proceed.
    Reported information  : UNITS: 4   5   6   7   9  10  12  13  14  15  16  17  18  19  20  21  25  26  28  29  31  32  33  40  42  43
 
*** Warning at time       :      4939.750000
    Generated by Unit     : Not applicable or not available
    Generated by Type     : Not applicable or not available
    TRNSYS Message    441 : The inputs to the listed units have not converged at this timestep. The values at the last iteration will be used and the simulation will proceed.
    Reported information  : UNITS: 4   5   6   7   9  10  12  13  14  15  16  17  18  19  20  21  25  26  28  29  31  32  33  40  42  43
 
*** Warning at time       :      4940.000000
    Generated by Unit     : Not applicable or not available
    Generated by Type     : Not applicable or not available
    TRNSYS Message    441 : The inputs to the listed units have not converged at this timestep. The values at the last iteration will be used and the simulation will proceed.
    Reported information  : UNITS: 4   5   6   7   9  10  12  13  14  15  16  17  18  19  20  21  25  26  28  29  31  32  33  40  42  43
 
*** Warning at time       :      4940.250000
    Generated by Unit     : Not applicable or not available
    Generated by Type     : Not applicable or not available
    TRNSYS Message    441 : The inputs to the listed units have not converged at this timestep. The values at the last iteration will be used and the simulation will proceed.
    Reported information  : UNITS: 4   5   6   7   9  10  12  13  14  15  16  17  18  19  20  21  25  26  28  29  31  32  33  40  42  43
 
*** Warning at time       :      4940.500000
    Generated by Unit     : Not applicable or not available
    Generated by Type     : Not applicable or not available
    TRNSYS Message    441 : The inputs to the listed units have not converged at this timestep. The values at the last iteration will be used and the simulation will proceed.
    Reported information  : UNITS: 4   5   6   7   9  10  12  13  14  15  16  17  18  19  20  21  25  26  28  29  31  32  33  40  42  43
 
*** Warning at time       :      4940.750000
    Generated by Unit     : Not applicable or not available
    Generated by Type     : Not applicable or not available
    TRNSYS Message    441 : The inputs to the listed units have not converged at this timestep. The values at the last iteration will be used and the simulation will proceed.
    Reported information  : UNITS: 4   5   6   7   9  10  12  13  14  15  16  17  18  19  20  21  25  26  28  29  31  32  33  40  42  43
 
*** Warning at time       :      4941.000000
    Generated by Unit     : Not applicable or not available
    Generated by Type     : Not applicable or not available
    TRNSYS Message    441 : The inputs to the listed units have not converged at this timestep. The values at the last iteration will be used and the simulation will proceed.
    Reported information  : UNITS: 4   5   6   7   9  10  12  13  14  15  16  17  18  19  20  21  25  26  28  29  31  32  33  40  42  43
 
*** Warning at time       :      4941.250000
    Generated by Unit     : Not applicable or not available
    Generated by Type     : Not applicable or not available
    TRNSYS Message    441 : The inputs to the listed units have not converged at this timestep. The values at the last iteration will be used and the simulation will proceed.
    Reported information  : UNITS: 4   5   6   7   9  10  12  13  14  15  16  17  18  19  20  21  25  26  28  29  31  32  33  40  42  43
 
*** Warning at time       :      4941.500000
    Generated by Unit     : Not applicable or not available
    Generated by Type     : Not applicable or not available
    TRNSYS Message    441 : The inputs to the listed units have not converged at this timestep. The values at the last iteration will be used and the simulation will proceed.
    Reported information  : UNITS: 4   5   6   7   9  10  12  13  14  15  16  17  18  19  20  21  25  26  28  29  31  32  33  40  42  43
 
*** Warning at time       :      4941.750000
    Generated by Unit     : Not applicable or not available
    Generated by Type     : Not applicable or not available
    TRNSYS Message    441 : The inputs to the listed units have not converged at this timestep. The values at the last iteration will be used and the simulation will proceed.
    Reported information  : UNITS: 4   5   6   7   9  10  12  13  14  15  16  18  19  25  26  28  29  31  32  33  35  40  42  43
 
*** Warning at time       :      4979.500000
    Generated by Unit     : Not applicable or not available
    Generated by Type     : Not applicable or not available
    TRNSYS Message    441 : The inputs to the listed units have not converged at this timestep. The values at the last iteration will be used and the simulation will proceed.
    Reported information  : UNITS: 4   5   6   7   9  10  12  13  14  15  16  17  18  19  20  21  25  26  28  29  31  32  33  40  42  43
 
*** Warning at time       :      4979.750000
    Generated by Unit     : Not applicable or not available
    Generated by Type     : Not applicable or not available
    TRNSYS Message    441 : The inputs to the listed units have not converged at this timestep. The values at the last iteration will be used and the simulation will proceed.
    Reported information  : UNITS: 4   5   6   7   9  10  12  13  14  15  16  17  18  19  20  21  25  26  28  29  31  32  33  40  42  43
 
*** Warning at time       :      4980.000000
    Generated by Unit     : Not applicable or not available
    Generated by Type     : Not applicable or not available
    TRNSYS Message    441 : The inputs to the listed units have not converged at this timestep. The values at the last iteration will be used and the simulation will proceed.
    Reported information  : UNITS: 4   5   6   7   9  10  12  13  14  15  16  17  18  19  20  21  25  26  28  29  31  32  33  40  42  43
 
*** Warning at time       :      4980.250000
    Generated by Unit     : Not applicable or not available
    Generated by Type     : Not applicable or not available
    TRNSYS Message    441 : The inputs to the listed units have not converged at this timestep. The values at the last iteration will be used and the simulation will proceed.
    Reported information  : UNITS: 4   5   6   7   9  10  12  13  14  15  16  17  18  19  20  21  25  26  28  29  31  32  33  40  42  43
 
*** Warning at time       :      4980.500000
    Generated by Unit     : Not applicable or not available
    Generated by Type     : Not applicable or not available
    TRNSYS Message    441 : The inputs to the listed units have not converged at this timestep. The values at the last iteration will be used and the simulation will proceed.
    Reported information  : UNITS: 4   5   6   7   9  10  12  13  14  15  16  17  18  19  20  21  25  26  28  29  31  32  33  40  42  43
 
*** Warning at time       :      5055.500000
    Generated by Unit     : Not applicable or not available
    Generated by Type     : Not applicable or not available
    TRNSYS Message    441 : The inputs to the listed units have not converged at this timestep. The values at the last iteration will be used and the simulation will proceed.
    Reported information  : UNITS: 4   5   6   7   9  10  12  13  14  15  16  17  18  19  20  21  25  26  28  29  31  32  33  40  42  43
 
*** Warning at time       :      5097.250000
    Generated by Unit     : Not applicable or not available
    Generated by Type     : Not applicable or not available
    TRNSYS Message    441 : The inputs to the listed units have not converged at this timestep. The values at the last iteration will be used and the simulation will proceed.
    Reported information  : UNITS: 4   5   6   7   9  10  12  13  14  15  16  17  18  19  20  21  25  26  28  29  31  32  33  40  42  43
 
*** Warning at time       :      5097.500000
    Generated by Unit     : Not applicable or not available
    Generated by Type     : Not applicable or not available
    TRNSYS Message    441 : The inputs to the listed units have not converged at this timestep. The values at the last iteration will be used and the simulation will proceed.
    Reported information  : UNITS: 4   5   6   7   9  10  12  13  14  15  16  17  18  19  20  21  25  26  28  29  31  32  33  40  42  43
 
*** Warning at time       :      5121.500000
    Generated by Unit     : Not applicable or not available
    Generated by Type     : Not applicable or not available
    TRNSYS Message    441 : The inputs to the listed units have not converged at this timestep. The values at the last iteration will be used and the simulation will proceed.
    Reported information  : UNITS: 4   5   6   7   9  10  12  13  14  15  16  17  18  19  20  21  25  26  28  29  31  32  33  40  42  43
 
*** Warning at time       :      5121.750000
    Generated by Unit     : Not applicable or not available
    Generated by Type     : Not applicable or not available
    TRNSYS Message    441 : The inputs to the listed units have not converged at this timestep. The values at the last iteration will be used and the simulation will proceed.
    Reported information  : UNITS: 4   5   6   7   9  10  12  13  14  15  16  17  18  19  20  21  25  26  28  29  31  32  33  40  42  43
 
*** Warning at time       :      5122.000000
    Generated by Unit     : Not applicable or not available
    Generated by Type     : Not applicable or not available
    TRNSYS Message    441 : The inputs to the listed units have not converged at this timestep. The values at the last iteration will be used and the simulation will proceed.
    Reported information  : UNITS: 4   5   6   7   9  10  12  13  14  15  16  17  18  19  20  21  25  26  28  29  31  32  33  40  42  43
 
*** Warning at time       :      5122.250000
    Generated by Unit     : Not applicable or not available
    Generated by Type     : Not applicable or not available
    TRNSYS Message    441 : The inputs to the listed units have not converged at this timestep. The values at the last iteration will be used and the simulation will proceed.
    Reported information  : UNITS: 4   5   6   7   9  10  12  13  14  15  16  17  18  19  20  21  25  26  28  29  31  32  33  40  42  43
 
*** Warning at time       :      5122.500000
    Generated by Unit     : Not applicable or not available
    Generated by Type     : Not applicable or not available
    TRNSYS Message    441 : The inputs to the listed units have not converged at this timestep. The values at the last iteration will be used and the simulation will proceed.
    Reported information  : UNITS: 4   5   6   7   9  10  12  13  14  15  16  17  18  19  20  21  25  26  28  29  31  32  33  40  42  43
 
*** Warning at time       :      5122.750000
    Generated by Unit     : Not applicable or not available
    Generated by Type     : Not applicable or not available
    TRNSYS Message    441 : The inputs to the listed units have not converged at this timestep. The values at the last iteration will be used and the simulation will proceed.
    Reported information  : UNITS: 4   5   6   7   9  10  12  13  14  15  16  17  18  19  20  21  25  26  28  29  31  32  33  40  42  43
 
*** Warning at time       :      5123.000000
    Generated by Unit     : Not applicable or not available
    Generated by Type     : Not applicable or not available
    TRNSYS Message    441 : The inputs to the listed units have not converged at this timestep. The values at the last iteration will be used and the simulation will proceed.
    Reported information  : UNITS: 4   5   6   7   9  10  12  13  14  15  16  17  18  19  20  21  25  26  28  29  31  32  33  40  42  43
 
*** Warning at time       :      5123.250000
    Generated by Unit     : Not applicable or not available
    Generated by Type     : Not applicable or not available
    TRNSYS Message    441 : The inputs to the listed units have not converged at this timestep. The values at the last iteration will be used and the simulation will proceed.
    Reported information  : UNITS: 4   5   6   7   9  10  12  13  14  15  16  17  18  19  20  21  25  26  28  29  31  32  33  40  42  43
 
*** Warning at time       :      5123.500000
    Generated by Unit     : Not applicable or not available
    Generated by Type     : Not applicable or not available
    TRNSYS Message    441 : The inputs to the listed units have not converged at this timestep. The values at the last iteration will be used and the simulation will proceed.
    Reported information  : UNITS: 4   5   6   7   9  10  12  13  14  15  16  17  18  19  20  21  25  26  28  29  31  32  33  40  42  43
 
*** Warning at time       :      5123.750000
    Generated by Unit     : Not applicable or not available
    Generated by Type     : Not applicable or not available
    TRNSYS Message    441 : The inputs to the listed units have not converged at this timestep. The values at the last iteration will be used and the simulation will proceed.
    Reported information  : UNITS: 4   5   6   7   9  10  12  13  14  15  16  17  18  19  20  21  25  26  28  29  31  32  33  40  42  43
 
*** Warning at time       :      5124.000000
    Generated by Unit     : Not applicable or not available
    Generated by Type     : Not applicable or not available
    TRNSYS Message    441 : The inputs to the listed units have not converged at this timestep. The values at the last iteration will be used and the simulation will proceed.
    Reported information  : UNITS: 4   5   6   7   9  10  12  13  14  15  16  17  18  19  20  21  25  26  28  29  31  32  33  40  42  43
 
*** Warning at time       :      5124.250000
    Generated by Unit     : Not applicable or not available
    Generated by Type     : Not applicable or not available
    TRNSYS Message    441 : The inputs to the listed units have not converged at this timestep. The values at the last iteration will be used and the simulation will proceed.
    Reported information  : UNITS: 4   5   6   7   9  10  12  13  14  15  16  17  18  19  20  21  25  26  28  29  31  32  33  40  42  43
 
*** Warning at time       :      5316.000000
    Generated by Unit     : Not applicable or not available
    Generated by Type     : Not applicable or not available
    TRNSYS Message    441 : The inputs to the listed units have not converged at this timestep. The values at the last iteration will be used and the simulation will proceed.
    Reported information  : UNITS: 4   5   6   7   9  10  12  13  14  15  16  17  18  19  20  21  25  26  28  29  31  32  33  40  42  43
 
*** Warning at time       :      5319.750000
    Generated by Unit     : Not applicable or not available
    Generated by Type     : Not applicable or not available
    TRNSYS Message    441 : The inputs to the listed units have not converged at this timestep. The values at the last iteration will be used and the simulation will proceed.
    Reported information  : UNITS: 4   5   6   7   9  10  12  13  14  15  16  17  18  19  20  21  25  26  28  29  31  32  33  40  42  43
 
*** Warning at time       :      5320.000000
    Generated by Unit     : Not applicable or not available
    Generated by Type     : Not applicable or not available
    TRNSYS Message    441 : The inputs to the listed units have not converged at this timestep. The values at the last iteration will be used and the simulation will proceed.
    Reported information  : UNITS: 4   5   6   7   9  10  12  13  14  15  16  17  18  19  20  21  25  26  28  29  31  32  33  40  42  43
 
*** Warning at time       :      5320.250000
    Generated by Unit     : Not applicable or not available
    Generated by Type     : Not applicable or not available
    TRNSYS Message    441 : The inputs to the listed units have not converged at this timestep. The values at the last iteration will be used and the simulation will proceed.
    Reported information  : UNITS: 4   5   6   7   9  10  12  13  14  15  16  17  18  19  20  21  25  26  28  29  31  32  33  40  42  43
 
*** Warning at time       :      5320.500000
    Generated by Unit     : Not applicable or not available
    Generated by Type     : Not applicable or not available
    TRNSYS Message    441 : The inputs to the listed units have not converged at this timestep. The values at the last iteration will be used and the simulation will proceed.
    Reported information  : UNITS: 4   5   6   7   9  10  12  13  14  15  16  17  18  19  20  21  25  26  28  29  31  32  33  40  42  43
 
*** Warning at time       :      5320.750000
    Generated by Unit     : Not applicable or not available
    Generated by Type     : Not applicable or not available
    TRNSYS Message    441 : The inputs to the listed units have not converged at this timestep. The values at the last iteration will be used and the simulation will proceed.
    Reported information  : UNITS: 4   5   6   7   9  10  12  13  14  15  16  17  18  19  20  21  25  26  28  29  31  32  33  40  42  43
 
*** Warning at time       :      5321.000000
    Generated by Unit     : Not applicable or not available
    Generated by Type     : Not applicable or not available
    TRNSYS Message    441 : The inputs to the listed units have not converged at this timestep. The values at the last iteration will be used and the simulation will proceed.
    Reported information  : UNITS: 4   5   6   7   9  10  12  13  14  15  16  17  18  19  20  21  25  26  28  29  31  32  33  40  42  43
 
*** Warning at time       :      5321.250000
    Generated by Unit     : Not applicable or not available
    Generated by Type     : Not applicable or not available
    TRNSYS Message    441 : The inputs to the listed units have not converged at this timestep. The values at the last iteration will be used and the simulation will proceed.
    Reported information  : UNITS: 4   5   6   7   9  10  12  13  14  15  16  17  18  19  20  21  25  26  28  29  31  32  33  40  42  43
 
*** Warning at time       :      5321.500000
    Generated by Unit     : Not applicable or not available
    Generated by Type     : Not applicable or not available
    TRNSYS Message    441 : The inputs to the listed units have not converged at this timestep. The values at the last iteration will be used and the simulation will proceed.
    Reported information  : UNITS: 4   5   6   7   9  10  12  13  14  15  16  17  18  19  20  21  25  26  28  29  31  32  33  40  42  43
 
*** Warning at time       :      5321.750000
    Generated by Unit     : Not applicable or not available
    Generated by Type     : Not applicable or not available
    TRNSYS Message    441 : The inputs to the listed units have not converged at this timestep. The values at the last iteration will be used and the simulation will proceed.
    Reported information  : UNITS: 4   5   6   7   9  10  12  13  14  15  16  17  18  19  20  21  25  26  28  29  31  32  33  40  42  43
 
*** Warning at time       :      5322.000000
    Generated by Unit     : Not applicable or not available
    Generated by Type     : Not applicable or not available
    TRNSYS Message    441 : The inputs to the listed units have not converged at this timestep. The values at the last iteration will be used and the simulation will proceed.
    Reported information  : UNITS: 4   5   6   7   9  10  12  13  14  15  16  17  18  19  20  21  25  26  28  29  31  32  33  40  42  43
 
*** Warning at time       :      5322.250000
    Generated by Unit     : Not applicable or not available
    Generated by Type     : Not applicable or not available
    TRNSYS Message    441 : The inputs to the listed units have not converged at this timestep. The values at the last iteration will be used and the simulation will proceed.
    Reported information  : UNITS: 4   5   6   7   9  10  12  13  14  15  16  17  18  19  20  21  25  26  28  29  31  32  33  40  42  43
 
*** Warning at time       :      5322.500000
    Generated by Unit     : Not applicable or not available
    Generated by Type     : Not applicable or not available
    TRNSYS Message    441 : The inputs to the listed units have not converged at this timestep. The values at the last iteration will be used and the simulation will proceed.
    Reported information  : UNITS: 4   5   6   7   9  10  12  13  14  15  16  17  18  19  20  21  25  26  28  29  31  32  33  40  42  43
 
*** Warning at time       :      5322.750000
    Generated by Unit     : Not applicable or not available
    Generated by Type     : Not applicable or not available
    TRNSYS Message    441 : The inputs to the listed units have not converged at this timestep. The values at the last iteration will be used and the simulation will proceed.
    Reported information  : UNITS: 4   5   6   7   9  10  12  13  14  15  16  17  18  19  20  21  25  26  28  29  31  32  33  40  42  43
 
*** Warning at time       :      5323.000000
    Generated by Unit     : Not applicable or not available
    Generated by Type     : Not applicable or not available
    TRNSYS Message    441 : The inputs to the listed units have not converged at this timestep. The values at the last iteration will be used and the simulation will proceed.
    Reported information  : UNITS: 4   5   6   7   9  10  12  13  14  15  16  17  18  19  20  21  25  26  28  29  31  32  33  40  42  43
 
*** Warning at time       :      5323.250000
    Generated by Unit     : Not applicable or not available
    Generated by Type     : Not applicable or not available
    TRNSYS Message    441 : The inputs to the listed units have not converged at this timestep. The values at the last iteration will be used and the simulation will proceed.
    Reported information  : UNITS: 4   5   6   7   9  10  12  13  14  15  16  17  18  19  20  21  25  26  28  29  31  32  33  40  42  43
 
*** Warning at time       :      5395.000000
    Generated by Unit     : Not applicable or not available
    Generated by Type     : Not applicable or not available
    TRNSYS Message    441 : The inputs to the listed units have not converged at this timestep. The values at the last iteration will be used and the simulation will proceed.
    Reported information  : UNITS: 4   5   6   7   9  10  12  13  14  15  16  17  18  19  20  21  25  26  28  29  31  32  33  40  42  43
 
*** Warning at time       :      5395.250000
    Generated by Unit     : Not applicable or not available
    Generated by Type     : Not applicable or not available
    TRNSYS Message    441 : The inputs to the listed units have not converged at this timestep. The values at the last iteration will be used and the simulation will proceed.
    Reported information  : UNITS: 4   5   6   7   9  10  12  13  14  15  16  17  18  19  20  21  25  26  28  29  31  32  33  40  42  43
 
*** Warning at time       :      5395.500000
    Generated by Unit     : Not applicable or not available
    Generated by Type     : Not applicable or not available
    TRNSYS Message    441 : The inputs to the listed units have not converged at this timestep. The values at the last iteration will be used and the simulation will proceed.
    Reported information  : UNITS: 4   5   6   7   9  10  12  13  14  15  16  17  18  19  20  21  25  26  28  29  31  32  33  40  42  43
 
*** Warning at time       :      5395.750000
    Generated by Unit     : Not applicable or not available
    Generated by Type     : Not applicable or not available
    TRNSYS Message    441 : The inputs to the listed units have not converged at this timestep. The values at the last iteration will be used and the simulation will proceed.
    Reported information  : UNITS: 4   5   6   7   9  10  12  13  14  15  16  17  18  19  20  21  25  26  28  29  31  32  33  40  42  43
 
*** Warning at time       :      5396.000000
    Generated by Unit     : Not applicable or not available
    Generated by Type     : Not applicable or not available
    TRNSYS Message    441 : The inputs to the listed units have not converged at this timestep. The values at the last iteration will be used and the simulation will proceed.
    Reported information  : UNITS: 4   5   6   7   9  10  12  13  14  15  16  17  18  19  20  21  25  26  28  29  31  32  33  40  42  43
 
*** Warning at time       :      5396.250000
    Generated by Unit     : Not applicable or not available
    Generated by Type     : Not applicable or not available
    TRNSYS Message    441 : The inputs to the listed units have not converged at this timestep. The values at the last iteration will be used and the simulation will proceed.
    Reported information  : UNITS: 4   5   6   7   9  10  12  13  14  15  16  17  18  19  20  21  25  26  28  29  31  32  33  40  42  43
 
*** Warning at time       :      5396.500000
    Generated by Unit     : Not applicable or not available
    Generated by Type     : Not applicable or not available
    TRNSYS Message    441 : The inputs to the listed units have not converged at this timestep. The values at the last iteration will be used and the simulation will proceed.
    Reported information  : UNITS: 4   5   6   7   9  10  12  13  14  15  16  17  18  19  20  21  25  26  28  29  31  32  33  40  42  43
 
*** Warning at time       :      5396.750000
    Generated by Unit     : Not applicable or not available
    Generated by Type     : Not applicable or not available
    TRNSYS Message    441 : The inputs to the listed units have not converged at this timestep. The values at the last iteration will be used and the simulation will proceed.
    Reported information  : UNITS: 4   5   6   7   9  10  12  13  14  15  16  17  18  19  20  21  25  26  28  29  31  32  33  40  42  43
 
*** Warning at time       :      5397.000000
    Generated by Unit     : Not applicable or not available
    Generated by Type     : Not applicable or not available
    TRNSYS Message    441 : The inputs to the listed units have not converged at this timestep. The values at the last iteration will be used and the simulation will proceed.
    Reported information  : UNITS: 4   5   6   7   9  10  12  13  14  15  16  17  18  19  20  21  25  26  28  29  31  32  33  40  42  43
 
*** Warning at time       :      5397.250000
    Generated by Unit     : Not applicable or not available
    Generated by Type     : Not applicable or not available
    TRNSYS Message    441 : The inputs to the listed units have not converged at this timestep. The values at the last iteration will be used and the simulation will proceed.
    Reported information  : UNITS: 4   5   6   7   9  10  12  13  14  15  16  17  18  19  20  21  25  26  28  29  31  32  33  40  42  43
 
*** Warning at time       :      5397.500000
    Generated by Unit     : Not applicable or not available
    Generated by Type     : Not applicable or not available
    TRNSYS Message    441 : The inputs to the listed units have not converged at this timestep. The values at the last iteration will be used and the simulation will proceed.
    Reported information  : UNITS: 4   5   6   7   9  10  12  13  14  15  16  17  18  19  20  21  25  26  28  29  31  32  33  40  42  43
 
*** Warning at time       :      5397.750000
    Generated by Unit     : Not applicable or not available
    Generated by Type     : Not applicable or not available
    TRNSYS Message    441 : The inputs to the listed units have not converged at this timestep. The values at the last iteration will be used and the simulation will proceed.
    Reported information  : UNITS: 4   5   6   7   9  10  12  13  14  15  16  18  19  25  26  28  29  31  32  33  35  40  42  43
 
*** Warning at time       :      5410.000000
    Generated by Unit     : Not applicable or not available
    Generated by Type     : Not applicable or not available
    TRNSYS Message    441 : The inputs to the listed units have not converged at this timestep. The values at the last iteration will be used and the simulation will proceed.
    Reported information  : UNITS: 4   5   6   7   9  10  12  13  14  15  16  17  18  19  20  21  25  26  28  29  31  32  33  40  42  43
 
*** Warning at time       :      5410.250000
    Generated by Unit     : Not applicable or not available
    Generated by Type     : Not applicable or not available
    TRNSYS Message    441 : The inputs to the listed units have not converged at this timestep. The values at the last iteration will be used and the simulation will proceed.
    Reported information  : UNITS: 4   5   6   7   9  10  12  13  14  15  16  17  18  19  20  21  25  26  28  29  31  32  33  40  42  43
 
*** Warning at time       :      5410.500000
    Generated by Unit     : Not applicable or not available
    Generated by Type     : Not applicable or not available
    TRNSYS Message    441 : The inputs to the listed units have not converged at this timestep. The values at the last iteration will be used and the simulation will proceed.
    Reported information  : UNITS: 4   5   6   7   9  10  12  13  14  15  16  17  18  19  20  21  25  26  28  29  31  32  33  40  42  43
 
*** Warning at time       :      5410.750000
    Generated by Unit     : Not applicable or not available
    Generated by Type     : Not applicable or not available
    TRNSYS Message    441 : The inputs to the listed units have not converged at this timestep. The values at the last iteration will be used and the simulation will proceed.
    Reported information  : UNITS: 4   5   6   7   9  10  12  13  14  15  16  17  18  19  20  21  25  26  28  29  31  32  33  40  42  43
 
*** Warning at time       :      5411.000000
    Generated by Unit     : Not applicable or not available
    Generated by Type     : Not applicable or not available
    TRNSYS Message    441 : The inputs to the listed units have not converged at this timestep. The values at the last iteration will be used and the simulation will proceed.
    Reported information  : UNITS: 4   5   6   7   9  10  12  13  14  15  16  17  18  19  20  21  25  26  28  29  31  32  33  40  42  43
 
*** Warning at time       :      5440.250000
    Generated by Unit     : Not applicable or not available
    Generated by Type     : Not applicable or not available
    TRNSYS Message    441 : The inputs to the listed units have not converged at this timestep. The values at the last iteration will be used and the simulation will proceed.
    Reported information  : UNITS: 4   5   6   7   9  10  12  13  14  15  16  17  18  19  20  21  25  26  28  29  31  32  33  40  42  43
 
*** Warning at time       :      5440.500000
    Generated by Unit     : Not applicable or not available
    Generated by Type     : Not applicable or not available
    TRNSYS Message    441 : The inputs to the listed units have not converged at this timestep. The values at the last iteration will be used and the simulation will proceed.
    Reported information  : UNITS: 4   5   6   7   9  10  12  13  14  15  16  17  18  19  20  21  25  26  28  29  31  32  33  40  42  43
 
*** Warning at time       :      5440.750000
    Generated by Unit     : Not applicable or not available
    Generated by Type     : Not applicable or not available
    TRNSYS Message    441 : The inputs to the listed units have not converged at this timestep. The values at the last iteration will be used and the simulation will proceed.
    Reported information  : UNITS: 4   5   6   7   9  10  12  13  14  15  16  17  18  19  20  21  25  26  28  29  31  32  33  40  42  43
 
*** Warning at time       :      5441.000000
    Generated by Unit     : Not applicable or not available
    Generated by Type     : Not applicable or not available
    TRNSYS Message    441 : The inputs to the listed units have not converged at this timestep. The values at the last iteration will be used and the simulation will proceed.
    Reported information  : UNITS: 4   5   6   7   9  10  12  13  14  15  16  17  18  19  20  21  25  26  28  29  31  32  33  40  42  43
 
*** Warning at time       :      5441.250000
    Generated by Unit     : Not applicable or not available
    Generated by Type     : Not applicable or not available
    TRNSYS Message    441 : The inputs to the listed units have not converged at this timestep. The values at the last iteration will be used and the simulation will proceed.
    Reported information  : UNITS: 4   5   6   7   9  10  12  13  14  15  16  17  18  19  20  21  25  26  28  29  31  32  33  40  42  43
 
*** Warning at time       :      5441.500000
    Generated by Unit     : Not applicable or not available
    Generated by Type     : Not applicable or not available
    TRNSYS Message    441 : The inputs to the listed units have not converged at this timestep. The values at the last iteration will be used and the simulation will proceed.
    Reported information  : UNITS: 4   5   6   7   9  10  12  13  14  15  16  17  18  19  20  21  25  26  28  29  31  32  33  40  42  43
 
*** Warning at time       :      5441.750000
    Generated by Unit     : Not applicable or not available
    Generated by Type     : Not applicable or not available
    TRNSYS Message    441 : The inputs to the listed units have not converged at this timestep. The values at the last iteration will be used and the simulation will proceed.
    Reported information  : UNITS: 4   5   6   7   9  10  12  13  14  15  16  17  18  19  20  21  25  26  28  29  31  32  33  40  42  43
 
*** Warning at time       :      5456.500000
    Generated by Unit     : Not applicable or not available
    Generated by Type     : Not applicable or not available
    TRNSYS Message    441 : The inputs to the listed units have not converged at this timestep. The values at the last iteration will be used and the simulation will proceed.
    Reported information  : UNITS: 6   7  26  32  35  36  37  38
 
*** Warning at time       :      5466.000000
    Generated by Unit     : Not applicable or not available
    Generated by Type     : Not applicable or not available
    TRNSYS Message    441 : The inputs to the listed units have not converged at this timestep. The values at the last iteration will be used and the simulation will proceed.
    Reported information  : UNITS: 4   5   6   7   9  10  12  13  14  15  16  17  18  19  20  21  25  26  28  29  31  32  33  40  42  43
 
*** Warning at time       :      5466.250000
    Generated by Unit     : Not applicable or not available
    Generated by Type     : Not applicable or not available
    TRNSYS Message    441 : The inputs to the listed units have not converged at this timestep. The values at the last iteration will be used and the simulation will proceed.
    Reported information  : UNITS: 4   5   6   7   9  10  12  13  14  15  16  17  18  19  20  21  25  26  28  29  31  32  33  40  42  43
 
*** Warning at time       :      5466.500000
    Generated by Unit     : Not applicable or not available
    Generated by Type     : Not applicable or not available
    TRNSYS Message    441 : The inputs to the listed units have not converged at this timestep. The values at the last iteration will be used and the simulation will proceed.
    Reported information  : UNITS: 4   5   6   7   9  10  12  13  14  15  16  17  18  19  20  21  25  26  28  29  31  32  33  40  42  43
 
*** Warning at time       :      5466.750000
    Generated by Unit     : Not applicable or not available
    Generated by Type     : Not applicable or not available
    TRNSYS Message    441 : The inputs to the listed units have not converged at this timestep. The values at the last iteration will be used and the simulation will proceed.
    Reported information  : UNITS: 4   5   6   7   9  10  12  13  14  15  16  17  18  19  20  21  25  26  28  29  31  32  33  40  42  43
 
*** Warning at time       :      5467.000000
    Generated by Unit     : Not applicable or not available
    Generated by Type     : Not applicable or not available
    TRNSYS Message    441 : The inputs to the listed units have not converged at this timestep. The values at the last iteration will be used and the simulation will proceed.
    Reported information  : UNITS: 4   5   6   7   9  10  12  13  14  15  16  17  18  19  20  21  25  26  28  29  31  32  33  40  42  43
 
*** Warning at time       :      5467.250000
    Generated by Unit     : Not applicable or not available
    Generated by Type     : Not applicable or not available
    TRNSYS Message    441 : The inputs to the listed units have not converged at this timestep. The values at the last iteration will be used and the simulation will proceed.
    Reported information  : UNITS: 4   5   6   7   9  10  12  13  14  15  16  17  18  19  20  21  25  26  28  29  31  32  33  40  42  43
 
*** Warning at time       :      5467.500000
    Generated by Unit     : Not applicable or not available
    Generated by Type     : Not applicable or not available
    TRNSYS Message    441 : The inputs to the listed units have not converged at this timestep. The values at the last iteration will be used and the simulation will proceed.
    Reported information  : UNITS: 4   5   6   7   9  10  12  13  14  15  16  17  18  19  20  21  25  26  28  29  31  32  33  40  42  43
 
*** Warning at time       :      5467.750000
    Generated by Unit     : Not applicable or not available
    Generated by Type     : Not applicable or not available
    TRNSYS Message    441 : The inputs to the listed units have not converged at this timestep. The values at the last iteration will be used and the simulation will proceed.
    Reported information  : UNITS: 4   5   6   7   9  10  12  13  14  15  16  17  18  19  20  21  25  26  28  29  31  32  33  40  42  43
 
*** Warning at time       :      5468.000000
    Generated by Unit     : Not applicable or not available
    Generated by Type     : Not applicable or not available
    TRNSYS Message    441 : The inputs to the listed units have not converged at this timestep. The values at the last iteration will be used and the simulation will proceed.
    Reported information  : UNITS: 4   5   6   7   9  10  12  13  14  15  16  17  18  19  20  21  25  26  28  29  31  32  33  40  42  43
 
*** Warning at time       :      5468.250000
    Generated by Unit     : Not applicable or not available
    Generated by Type     : Not applicable or not available
    TRNSYS Message    441 : The inputs to the listed units have not converged at this timestep. The values at the last iteration will be used and the simulation will proceed.
    Reported information  : UNITS: 4   5   6   7   9  10  12  13  14  15  16  17  18  19  20  21  25  26  28  29  31  32  33  40  42  43
 
*** Warning at time       :      5468.500000
    Generated by Unit     : Not applicable or not available
    Generated by Type     : Not applicable or not available
    TRNSYS Message    441 : The inputs to the listed units have not converged at this timestep. The values at the last iteration will be used and the simulation will proceed.
    Reported information  : UNITS: 4   5   6   7   9  10  12  13  14  15  16  17  18  19  20  21  25  26  28  29  31  32  33  40  42  43
 
*** Warning at time       :      5468.750000
    Generated by Unit     : Not applicable or not available
    Generated by Type     : Not applicable or not available
    TRNSYS Message    441 : The inputs to the listed units have not converged at this timestep. The values at the last iteration will be used and the simulation will proceed.
    Reported information  : UNITS: 4   5   6   7   9  10  12  13  14  15  16  17  18  19  20  21  25  26  28  29  31  32  33  40  42  43
 
*** Warning at time       :      5469.000000
    Generated by Unit     : Not applicable or not available
    Generated by Type     : Not applicable or not available
    TRNSYS Message    441 : The inputs to the listed units have not converged at this timestep. The values at the last iteration will be used and the simulation will proceed.
    Reported information  : UNITS: 4   5   6   7   9  10  12  13  14  15  16  17  18  19  20  21  25  26  28  29  31  32  33  40  42  43
 
*** Warning at time       :      5469.250000
    Generated by Unit     : Not applicable or not available
    Generated by Type     : Not applicable or not available
    TRNSYS Message    441 : The inputs to the listed units have not converged at this timestep. The values at the last iteration will be used and the simulation will proceed.
    Reported information  : UNITS: 4   5   6   7   9  10  12  13  14  15  16  17  18  19  20  21  25  26  28  29  31  32  33  40  42  43
 
*** Warning at time       :      5469.500000
    Generated by Unit     : Not applicable or not available
    Generated by Type     : Not applicable or not available
    TRNSYS Message    441 : The inputs to the listed units have not converged at this timestep. The values at the last iteration will be used and the simulation will proceed.
    Reported information  : UNITS: 4   5   6   7   9  10  12  13  14  15  16  17  18  19  20  21  25  26  28  29  31  32  33  40  42  43
 
*** Warning at time       :      5487.750000
    Generated by Unit     : Not applicable or not available
    Generated by Type     : Not applicable or not available
    TRNSYS Message    441 : The inputs to the listed units have not converged at this timestep. The values at the last iteration will be used and the simulation will proceed.
    Reported information  : UNITS: 4   5   6   7   9  10  12  13  14  15  16  17  18  19  20  21  25  26  28  29  31  32  33  40  42  43
 
*** Warning at time       :      5488.000000
    Generated by Unit     : Not applicable or not available
    Generated by Type     : Not applicable or not available
    TRNSYS Message    441 : The inputs to the listed units have not converged at this timestep. The values at the last iteration will be used and the simulation will proceed.
    Reported information  : UNITS: 4   5   6   7   9  10  12  13  14  15  16  17  18  19  20  21  25  26  28  29  31  32  33  40  42  43
 
*** Warning at time       :      5488.250000
    Generated by Unit     : Not applicable or not available
    Generated by Type     : Not applicable or not available
    TRNSYS Message    441 : The inputs to the listed units have not converged at this timestep. The values at the last iteration will be used and the simulation will proceed.
    Reported information  : UNITS: 4   5   6   7   9  10  12  13  14  15  16  17  18  19  20  21  25  26  28  29  31  32  33  40  42  43
 
*** Warning at time       :      5488.500000
    Generated by Unit     : Not applicable or not available
    Generated by Type     : Not applicable or not available
    TRNSYS Message    441 : The inputs to the listed units have not converged at this timestep. The values at the last iteration will be used and the simulation will proceed.
    Reported information  : UNITS: 4   5   6   7   9  10  12  13  14  15  16  17  18  19  20  21  25  26  28  29  31  32  33  40  42  43
 
*** Warning at time       :      5488.750000
    Generated by Unit     : Not applicable or not available
    Generated by Type     : Not applicable or not available
    TRNSYS Message    441 : The inputs to the listed units have not converged at this timestep. The values at the last iteration will be used and the simulation will proceed.
    Reported information  : UNITS: 4   5   6   7   9  10  12  13  14  15  16  17  18  19  20  21  25  26  28  29  31  32  33  40  42  43
 
*** Warning at time       :      5489.000000
    Generated by Unit     : Not applicable or not available
    Generated by Type     : Not applicable or not available
    TRNSYS Message    441 : The inputs to the listed units have not converged at this timestep. The values at the last iteration will be used and the simulation will proceed.
    Reported information  : UNITS: 4   5   6   7   9  10  12  13  14  15  16  17  18  19  20  21  25  26  28  29  31  32  33  40  42  43
 
*** Warning at time       :      5489.250000
    Generated by Unit     : Not applicable or not available
    Generated by Type     : Not applicable or not available
    TRNSYS Message    441 : The inputs to the listed units have not converged at this timestep. The values at the last iteration will be used and the simulation will proceed.
    Reported information  : UNITS: 4   5   6   7   9  10  12  13  14  15  16  17  18  19  20  21  25  26  28  29  31  32  33  40  42  43
 
*** Warning at time       :      5489.500000
    Generated by Unit     : Not applicable or not available
    Generated by Type     : Not applicable or not available
    TRNSYS Message    441 : The inputs to the listed units have not converged at this timestep. The values at the last iteration will be used and the simulation will proceed.
    Reported information  : UNITS: 4   5   6   7   9  10  12  13  14  15  16  17  18  19  20  21  25  26  28  29  31  32  33  40  42  43
 
*** Warning at time       :      5489.750000
    Generated by Unit     : Not applicable or not available
    Generated by Type     : Not applicable or not available
    TRNSYS Message    441 : The inputs to the listed units have not converged at this timestep. The values at the last iteration will be used and the simulation will proceed.
    Reported information  : UNITS: 4   5   6   7   9  10  12  13  14  15  16  17  18  19  20  21  25  26  28  29  31  32  33  40  42  43
 
*** Warning at time       :      5490.000000
    Generated by Unit     : Not applicable or not available
    Generated by Type     : Not applicable or not available
    TRNSYS Message    441 : The inputs to the listed units have not converged at this timestep. The values at the last iteration will be used and the simulation will proceed.
    Reported information  : UNITS: 4   5   6   7   9  10  12  13  14  15  16  17  18  19  20  21  25  26  28  29  31  32  33  40  42  43
 
*** Warning at time       :      5490.250000
    Generated by Unit     : Not applicable or not available
    Generated by Type     : Not applicable or not available
    TRNSYS Message    441 : The inputs to the listed units have not converged at this timestep. The values at the last iteration will be used and the simulation will proceed.
    Reported information  : UNITS: 4   5   6   7   9  10  12  13  14  15  16  17  18  19  20  21  25  26  28  29  31  32  33  40  42  43
 
*** Warning at time       :      5490.500000
    Generated by Unit     : Not applicable or not available
    Generated by Type     : Not applicable or not available
    TRNSYS Message    441 : The inputs to the listed units have not converged at this timestep. The values at the last iteration will be used and the simulation will proceed.
    Reported information  : UNITS: 4   5   6   7   9  10  12  13  14  15  16  17  18  19  20  21  25  26  28  29  31  32  33  40  42  43
 
*** Warning at time       :      5490.750000
    Generated by Unit     : Not applicable or not available
    Generated by Type     : Not applicable or not available
    TRNSYS Message    441 : The inputs to the listed units have not converged at this timestep. The values at the last iteration will be used and the simulation will proceed.
    Reported information  : UNITS: 4   5   6   7   9  10  12  13  14  15  16  17  18  19  20  21  25  26  28  29  31  32  33  40  42  43
 
*** Warning at time       :      5491.000000
    Generated by Unit     : Not applicable or not available
    Generated by Type     : Not applicable or not available
    TRNSYS Message    441 : The inputs to the listed units have not converged at this timestep. The values at the last iteration will be used and the simulation will proceed.
    Reported information  : UNITS: 4   5   6   7   9  10  12  13  14  15  16  17  18  19  20  21  25  26  28  29  31  32  33  40  42  43
 
*** Warning at time       :      5491.250000
    Generated by Unit     : Not applicable or not available
    Generated by Type     : Not applicable or not available
    TRNSYS Message    441 : The inputs to the listed units have not converged at this timestep. The values at the last iteration will be used and the simulation will proceed.
    Reported information  : UNITS: 4   5   6   7   9  10  12  13  14  15  16  17  18  19  20  21  25  26  28  29  31  32  33  40  42  43
 
*** Warning at time       :      5491.500000
    Generated by Unit     : Not applicable or not available
    Generated by Type     : Not applicable or not available
    TRNSYS Message    441 : The inputs to the listed units have not converged at this timestep. The values at the last iteration will be used and the simulation will proceed.
    Reported information  : UNITS: 4   5   6   7   9  10  12  13  14  15  16  17  18  19  20  21  25  26  28  29  31  32  33  40  42  43
 
*** Warning at time       :      5491.750000
    Generated by Unit     : Not applicable or not available
    Generated by Type     : Not applicable or not available
    TRNSYS Message    441 : The inputs to the listed units have not converged at this timestep. The values at the last iteration will be used and the simulation will proceed.
    Reported information  : UNITS: 4   5   6   7   9  10  12  13  14  15  16  17  18  19  20  21  25  26  28  29  31  32  33  40  42  43
 
*** Warning at time       :      5492.000000
    Generated by Unit     : Not applicable or not available
    Generated by Type     : Not applicable or not available
    TRNSYS Message    441 : The inputs to the listed units have not converged at this timestep. The values at the last iteration will be used and the simulation will proceed.
    Reported information  : UNITS: 4   5   6   7   9  10  12  13  14  15  16  17  18  19  20  21  25  26  28  29  31  32  33  40  42  43
 
*** Warning at time       :      5492.250000
    Generated by Unit     : Not applicable or not available
    Generated by Type     : Not applicable or not available
    TRNSYS Message    441 : The inputs to the listed units have not converged at this timestep. The values at the last iteration will be used and the simulation will proceed.
    Reported information  : UNITS: 4   5   6   7   9  10  12  13  14  15  16  17  18  19  20  21  25  26  28  29  31  32  33  40  42  43
 
*** Warning at time       :      5492.500000
    Generated by Unit     : Not applicable or not available
    Generated by Type     : Not applicable or not available
    TRNSYS Message    441 : The inputs to the listed units have not converged at this timestep. The values at the last iteration will be used and the simulation will proceed.
    Reported information  : UNITS: 4   5   6   7   9  10  12  13  14  15  16  17  18  19  20  21  25  26  28  29  31  32  33  40  42  43
 
*** Warning at time       :      5492.750000
    Generated by Unit     : Not applicable or not available
    Generated by Type     : Not applicable or not available
    TRNSYS Message    441 : The inputs to the listed units have not converged at this timestep. The values at the last iteration will be used and the simulation will proceed.
    Reported information  : UNITS: 4   5   6   7   9  10  12  13  14  15  16  17  18  19  20  21  25  26  28  29  31  32  33  40  42  43
 
*** Warning at time       :      5493.000000
    Generated by Unit     : Not applicable or not available
    Generated by Type     : Not applicable or not available
    TRNSYS Message    441 : The inputs to the listed units have not converged at this timestep. The values at the last iteration will be used and the simulation will proceed.
    Reported information  : UNITS: 4   5   6   7   9  10  12  13  14  15  16  17  18  19  20  21  25  26  28  29  31  32  33  40  42  43
 
*** Warning at time       :      5493.250000
    Generated by Unit     : Not applicable or not available
    Generated by Type     : Not applicable or not available
    TRNSYS Message    441 : The inputs to the listed units have not converged at this timestep. The values at the last iteration will be used and the simulation will proceed.
    Reported information  : UNITS: 4   5   6   7   9  10  12  13  14  15  16  17  18  19  20  21  25  26  28  29  31  32  33  40  42  43
 
*** Warning at time       :      5493.500000
    Generated by Unit     : Not applicable or not available
    Generated by Type     : Not applicable or not available
    TRNSYS Message    441 : The inputs to the listed units have not converged at this timestep. The values at the last iteration will be used and the simulation will proceed.
    Reported information  : UNITS: 4   5   6   7   9  10  12  13  14  15  16  17  18  19  20  21  25  26  28  29  31  32  33  40  42  43
 
*** Warning at time       :      5493.750000
    Generated by Unit     : Not applicable or not available
    Generated by Type     : Not applicable or not available
    TRNSYS Message    441 : The inputs to the listed units have not converged at this timestep. The values at the last iteration will be used and the simulation will proceed.
    Reported information  : UNITS: 4   5   6   7   9  10  12  13  14  15  16  17  18  19  20  21  25  26  28  29  31  32  33  40  42  43
 
*** Warning at time       :      5564.500000
    Generated by Unit     : Not applicable or not available
    Generated by Type     : Not applicable or not available
    TRNSYS Message    441 : The inputs to the listed units have not converged at this timestep. The values at the last iteration will be used and the simulation will proceed.
    Reported information  : UNITS: 4   5   6   7   9  10  12  13  14  15  16  17  18  19  20  21  25  26  28  29  31  32  33  40  42  43
 
*** Warning at time       :      5564.750000
    Generated by Unit     : Not applicable or not available
    Generated by Type     : Not applicable or not available
    TRNSYS Message    441 : The inputs to the listed units have not converged at this timestep. The values at the last iteration will be used and the simulation will proceed.
    Reported information  : UNITS: 4   5   6   7   9  10  12  13  14  15  16  17  18  19  20  21  25  26  28  29  31  32  33  40  42  43
 
*** Warning at time       :      5565.000000
    Generated by Unit     : Not applicable or not available
    Generated by Type     : Not applicable or not available
    TRNSYS Message    441 : The inputs to the listed units have not converged at this timestep. The values at the last iteration will be used and the simulation will proceed.
    Reported information  : UNITS: 4   5   6   7   9  10  12  13  14  15  16  17  18  19  20  21  25  26  28  29  31  32  33  40  42  43
 
*** Warning at time       :      5565.250000
    Generated by Unit     : Not applicable or not available
    Generated by Type     : Not applicable or not available
    TRNSYS Message    441 : The inputs to the listed units have not converged at this timestep. The values at the last iteration will be used and the simulation will proceed.
    Reported information  : UNITS: 4   5   6   7   9  10  12  13  14  15  16  17  18  19  20  21  25  26  28  29  31  32  33  40  42  43
 
*** Warning at time       :      5565.500000
    Generated by Unit     : Not applicable or not available
    Generated by Type     : Not applicable or not available
    TRNSYS Message    441 : The inputs to the listed units have not converged at this timestep. The values at the last iteration will be used and the simulation will proceed.
    Reported information  : UNITS: 4   5   6   7   9  10  12  13  14  15  16  17  18  19  20  21  25  26  28  29  31  32  33  40  42  43
 
*** Warning at time       :      5565.750000
    Generated by Unit     : Not applicable or not available
    Generated by Type     : Not applicable or not available
    TRNSYS Message    441 : The inputs to the listed units have not converged at this timestep. The values at the last iteration will be used and the simulation will proceed.
    Reported information  : UNITS: 4   5   6   7   9  10  12  13  14  15  16  18  19  25  26  28  29  31  32  33  35  40  42  43
 
*** Warning at time       :      5610.250000
    Generated by Unit     : Not applicable or not available
    Generated by Type     : Not applicable or not available
    TRNSYS Message    441 : The inputs to the listed units have not converged at this timestep. The values at the last iteration will be used and the simulation will proceed.
    Reported information  : UNITS: 4   5   6   7   9  10  12  13  14  15  16  17  18  19  20  21  25  26  28  29  31  32  33  40  42  43
 
*** Warning at time       :      5610.500000
    Generated by Unit     : Not applicable or not available
    Generated by Type     : Not applicable or not available
    TRNSYS Message    441 : The inputs to the listed units have not converged at this timestep. The values at the last iteration will be used and the simulation will proceed.
    Reported information  : UNITS: 4   5   6   7   9  10  12  13  14  15  16  17  18  19  20  21  25  26  28  29  31  32  33  40  42  43
 
*** Warning at time       :      5610.750000
    Generated by Unit     : Not applicable or not available
    Generated by Type     : Not applicable or not available
    TRNSYS Message    441 : The inputs to the listed units have not converged at this timestep. The values at the last iteration will be used and the simulation will proceed.
    Reported information  : UNITS: 4   5   6   7   9  10  12  13  14  15  16  17  18  19  20  21  25  26  28  29  31  32  33  40  42  43
 
*** Warning at time       :      5611.000000
    Generated by Unit     : Not applicable or not available
    Generated by Type     : Not applicable or not available
    TRNSYS Message    441 : The inputs to the listed units have not converged at this timestep. The values at the last iteration will be used and the simulation will proceed.
    Reported information  : UNITS: 4   5   6   7   9  10  12  13  14  15  16  17  18  19  20  21  25  26  28  29  31  32  33  40  42  43
 
*** Warning at time       :      5611.250000
    Generated by Unit     : Not applicable or not available
    Generated by Type     : Not applicable or not available
    TRNSYS Message    441 : The inputs to the listed units have not converged at this timestep. The values at the last iteration will be used and the simulation will proceed.
    Reported information  : UNITS: 4   5   6   7   9  10  12  13  14  15  16  17  18  19  20  21  25  26  28  29  31  32  33  40  42  43
 
*** Warning at time       :      5611.500000
    Generated by Unit     : Not applicable or not available
    Generated by Type     : Not applicable or not available
    TRNSYS Message    441 : The inputs to the listed units have not converged at this timestep. The values at the last iteration will be used and the simulation will proceed.
    Reported information  : UNITS: 4   5   6   7   9  10  12  13  14  15  16  17  18  19  20  21  25  26  28  29  31  32  33  40  42  43
 
*** Warning at time       :      5611.750000
    Generated by Unit     : Not applicable or not available
    Generated by Type     : Not applicable or not available
    TRNSYS Message    441 : The inputs to the listed units have not converged at this timestep. The values at the last iteration will be used and the simulation will proceed.
    Reported information  : UNITS: 4   5   6   7   9  10  12  13  14  15  16  17  18  19  20  21  25  26  28  29  31  32  33  40  42  43
 
*** Warning at time       :      5612.000000
    Generated by Unit     : Not applicable or not available
    Generated by Type     : Not applicable or not available
    TRNSYS Message    441 : The inputs to the listed units have not converged at this timestep. The values at the last iteration will be used and the simulation will proceed.
    Reported information  : UNITS: 4   5   6   7   9  10  12  13  14  15  16  17  18  19  20  21  25  26  28  29  31  32  33  40  42  43
 
*** Warning at time       :      5612.250000
    Generated by Unit     : Not applicable or not available
    Generated by Type     : Not applicable or not available
    TRNSYS Message    441 : The inputs to the listed units have not converged at this timestep. The values at the last iteration will be used and the simulation will proceed.
    Reported information  : UNITS: 4   5   6   7   9  10  12  13  14  15  16  17  18  19  20  21  25  26  28  29  31  32  33  40  42  43
 
*** Warning at time       :      5612.500000
    Generated by Unit     : Not applicable or not available
    Generated by Type     : Not applicable or not available
    TRNSYS Message    441 : The inputs to the listed units have not converged at this timestep. The values at the last iteration will be used and the simulation will proceed.
    Reported information  : UNITS: 4   5   6   7   9  10  12  13  14  15  16  17  18  19  20  21  25  26  28  29  31  32  33  40  42  43
 
*** Warning at time       :      5634.000000
    Generated by Unit     : Not applicable or not available
    Generated by Type     : Not applicable or not available
    TRNSYS Message    441 : The inputs to the listed units have not converged at this timestep. The values at the last iteration will be used and the simulation will proceed.
    Reported information  : UNITS: 4   5   6   7   9  10  12  13  14  15  16  17  18  19  20  21  25  26  28  29  31  32  33  40  42  43
 
*** Warning at time       :      5634.250000
    Generated by Unit     : Not applicable or not available
    Generated by Type     : Not applicable or not available
    TRNSYS Message    441 : The inputs to the listed units have not converged at this timestep. The values at the last iteration will be used and the simulation will proceed.
    Reported information  : UNITS: 4   5   6   7   9  10  12  13  14  15  16  17  18  19  20  21  25  26  28  29  31  32  33  40  42  43
 
*** Warning at time       :      5634.500000
    Generated by Unit     : Not applicable or not available
    Generated by Type     : Not applicable or not available
    TRNSYS Message    441 : The inputs to the listed units have not converged at this timestep. The values at the last iteration will be used and the simulation will proceed.
    Reported information  : UNITS: 4   5   6   7   9  10  12  13  14  15  16  17  18  19  20  21  25  26  28  29  31  32  33  40  42  43
 
*** Warning at time       :      5634.750000
    Generated by Unit     : Not applicable or not available
    Generated by Type     : Not applicable or not available
    TRNSYS Message    441 : The inputs to the listed units have not converged at this timestep. The values at the last iteration will be used and the simulation will proceed.
    Reported information  : UNITS: 4   5   6   7   9  10  12  13  14  15  16  17  18  19  20  21  25  26  28  29  31  32  33  40  42  43
 
*** Warning at time       :      5635.000000
    Generated by Unit     : Not applicable or not available
    Generated by Type     : Not applicable or not available
    TRNSYS Message    441 : The inputs to the listed units have not converged at this timestep. The values at the last iteration will be used and the simulation will proceed.
    Reported information  : UNITS: 4   5   6   7   9  10  12  13  14  15  16  17  18  19  20  21  25  26  28  29  31  32  33  40  42  43
 
*** Warning at time       :      5635.250000
    Generated by Unit     : Not applicable or not available
    Generated by Type     : Not applicable or not available
    TRNSYS Message    441 : The inputs to the listed units have not converged at this timestep. The values at the last iteration will be used and the simulation will proceed.
    Reported information  : UNITS: 4   5   6   7   9  10  12  13  14  15  16  17  18  19  20  21  25  26  28  29  31  32  33  40  42  43
 
*** Warning at time       :      5635.500000
    Generated by Unit     : Not applicable or not available
    Generated by Type     : Not applicable or not available
    TRNSYS Message    441 : The inputs to the listed units have not converged at this timestep. The values at the last iteration will be used and the simulation will proceed.
    Reported information  : UNITS: 4   5   6   7   9  10  12  13  14  15  16  17  18  19  20  21  25  26  28  29  31  32  33  40  42  43
 
*** Warning at time       :      5635.750000
    Generated by Unit     : Not applicable or not available
    Generated by Type     : Not applicable or not available
    TRNSYS Message    441 : The inputs to the listed units have not converged at this timestep. The values at the last iteration will be used and the simulation will proceed.
    Reported information  : UNITS: 4   5   6   7   9  10  12  13  14  15  16  17  18  19  20  21  25  26  28  29  31  32  33  40  42  43
 
*** Warning at time       :      5636.000000
    Generated by Unit     : Not applicable or not available
    Generated by Type     : Not applicable or not available
    TRNSYS Message    441 : The inputs to the listed units have not converged at this timestep. The values at the last iteration will be used and the simulation will proceed.
    Reported information  : UNITS: 4   5   6   7   9  10  12  13  14  15  16  17  18  19  20  21  25  26  28  29  31  32  33  40  42  43
 
*** Warning at time       :      5636.250000
    Generated by Unit     : Not applicable or not available
    Generated by Type     : Not applicable or not available
    TRNSYS Message    441 : The inputs to the listed units have not converged at this timestep. The values at the last iteration will be used and the simulation will proceed.
    Reported information  : UNITS: 4   5   6   7   9  10  12  13  14  15  16  17  18  19  20  21  25  26  28  29  31  32  33  40  42  43
 
*** Warning at time       :      5636.500000
    Generated by Unit     : Not applicable or not available
    Generated by Type     : Not applicable or not available
    TRNSYS Message    441 : The inputs to the listed units have not converged at this timestep. The values at the last iteration will be used and the simulation will proceed.
    Reported information  : UNITS: 4   5   6   7   9  10  12  13  14  15  16  17  18  19  20  21  25  26  28  29  31  32  33  40  42  43
 
*** Warning at time       :      5636.750000
    Generated by Unit     : Not applicable or not available
    Generated by Type     : Not applicable or not available
    TRNSYS Message    441 : The inputs to the listed units have not converged at this timestep. The values at the last iteration will be used and the simulation will proceed.
    Reported information  : UNITS: 4   5   6   7   9  10  12  13  14  15  16  17  18  19  20  21  25  26  28  29  31  32  33  40  42  43
 
*** Warning at time       :      5637.000000
    Generated by Unit     : Not applicable or not available
    Generated by Type     : Not applicable or not available
    TRNSYS Message    441 : The inputs to the listed units have not converged at this timestep. The values at the last iteration will be used and the simulation will proceed.
    Reported information  : UNITS: 4   5   6   7   9  10  12  13  14  15  16  17  18  19  20  21  25  26  28  29  31  32  33  40  42  43
 
*** Warning at time       :      5637.250000
    Generated by Unit     : Not applicable or not available
    Generated by Type     : Not applicable or not available
    TRNSYS Message    441 : The inputs to the listed units have not converged at this timestep. The values at the last iteration will be used and the simulation will proceed.
    Reported information  : UNITS: 4   5   6   7   9  10  12  13  14  15  16  17  18  19  20  21  25  26  28  29  31  32  33  40  42  43
 
*** Warning at time       :      5637.500000
    Generated by Unit     : Not applicable or not available
    Generated by Type     : Not applicable or not available
    TRNSYS Message    441 : The inputs to the listed units have not converged at this timestep. The values at the last iteration will be used and the simulation will proceed.
    Reported information  : UNITS: 4   5   6   7   9  10  12  13  14  15  16  17  18  19  20  21  25  26  28  29  31  32  33  40  42  43
 
*** Warning at time       :      5637.750000
    Generated by Unit     : Not applicable or not available
    Generated by Type     : Not applicable or not available
    TRNSYS Message    441 : The inputs to the listed units have not converged at this timestep. The values at the last iteration will be used and the simulation will proceed.
    Reported information  : UNITS: 4   5   6   7   9  10  12  13  14  15  16  18  19  25  26  28  29  31  32  33  35  40  42  43
 
*** Warning at time       :      5661.250000
    Generated by Unit     : Not applicable or not available
    Generated by Type     : Not applicable or not available
    TRNSYS Message    441 : The inputs to the listed units have not converged at this timestep. The values at the last iteration will be used and the simulation will proceed.
    Reported information  : UNITS: 4   5   6   7   9  10  12  13  14  15  16  17  18  19  20  21  25  26  28  29  31  33  40  42  43
 
*** Warning at time       :      5661.500000
    Generated by Unit     : Not applicable or not available
    Generated by Type     : Not applicable or not available
    TRNSYS Message    441 : The inputs to the listed units have not converged at this timestep. The values at the last iteration will be used and the simulation will proceed.
    Reported information  : UNITS: 4   5   6   7   9  10  12  14  16  17  18  19  20  21  26  28  29  31  32  33  40  42  43
 
*** Warning at time       :      5661.750000
    Generated by Unit     : Not applicable or not available
    Generated by Type     : Not applicable or not available
    TRNSYS Message    441 : The inputs to the listed units have not converged at this timestep. The values at the last iteration will be used and the simulation will proceed.
    Reported information  : UNITS: 4   5   6   7   9  10  12  13  14  15  16  18  19  25  26  28  29  31  32  33  35  40  42  43
 
*** Warning at time       :      5722.000000
    Generated by Unit     : Not applicable or not available
    Generated by Type     : Not applicable or not available
    TRNSYS Message    441 : The inputs to the listed units have not converged at this timestep. The values at the last iteration will be used and the simulation will proceed.
    Reported information  : UNITS: 4   5   6   7   9  10  12  13  14  15  16  17  18  19  20  21  25  26  28  29  31  32  33  40  42  43
 
*** Warning at time       :      5722.250000
    Generated by Unit     : Not applicable or not available
    Generated by Type     : Not applicable or not available
    TRNSYS Message    441 : The inputs to the listed units have not converged at this timestep. The values at the last iteration will be used and the simulation will proceed.
    Reported information  : UNITS: 4   5   6   7   9  10  12  13  14  15  16  17  18  19  20  21  25  26  28  29  31  32  33  40  42  43
 
*** Warning at time       :      5722.500000
    Generated by Unit     : Not applicable or not available
    Generated by Type     : Not applicable or not available
    TRNSYS Message    441 : The inputs to the listed units have not converged at this timestep. The values at the last iteration will be used and the simulation will proceed.
    Reported information  : UNITS: 4   5   6   7   9  10  12  13  14  15  16  17  18  19  20  21  25  26  28  29  31  32  33  40  42  43
 
*** Warning at time       :      5722.750000
    Generated by Unit     : Not applicable or not available
    Generated by Type     : Not applicable or not available
    TRNSYS Message    441 : The inputs to the listed units have not converged at this timestep. The values at the last iteration will be used and the simulation will proceed.
    Reported information  : UNITS: 4   5   6   7   9  10  12  13  14  15  16  17  18  19  20  21  25  26  28  29  31  32  33  40  42  43
 
*** Warning at time       :      5723.000000
    Generated by Unit     : Not applicable or not available
    Generated by Type     : Not applicable or not available
    TRNSYS Message    441 : The inputs to the listed units have not converged at this timestep. The values at the last iteration will be used and the simulation will proceed.
    Reported information  : UNITS: 4   5   6   7   9  10  12  13  14  15  16  17  18  19  20  21  25  26  28  29  31  32  33  40  42  43
 
*** Warning at time       :      5723.250000
    Generated by Unit     : Not applicable or not available
    Generated by Type     : Not applicable or not available
    TRNSYS Message    441 : The inputs to the listed units have not converged at this timestep. The values at the last iteration will be used and the simulation will proceed.
    Reported information  : UNITS: 4   5   6   7   9  10  12  13  14  15  16  17  18  19  20  21  25  26  28  29  31  32  33  40  42  43
 
*** Warning at time       :      5723.500000
    Generated by Unit     : Not applicable or not available
    Generated by Type     : Not applicable or not available
    TRNSYS Message    441 : The inputs to the listed units have not converged at this timestep. The values at the last iteration will be used and the simulation will proceed.
    Reported information  : UNITS: 4   5   6   7   9  10  12  13  14  15  16  17  18  19  20  21  25  26  28  29  31  32  33  40  42  43
 
*** Warning at time       :      5726.500000
    Generated by Unit     : Not applicable or not available
    Generated by Type     : Not applicable or not available
    TRNSYS Message    441 : The inputs to the listed units have not converged at this timestep. The values at the last iteration will be used and the simulation will proceed.
    Reported information  : UNITS: 4   5   6   7   9  10  12  13  14  15  16  17  18  19  20  21  25  26  28  29  31  32  33  40  42  43
 
*** Warning at time       :      5754.000000
    Generated by Unit     : Not applicable or not available
    Generated by Type     : Not applicable or not available
    TRNSYS Message    441 : The inputs to the listed units have not converged at this timestep. The values at the last iteration will be used and the simulation will proceed.
    Reported information  : UNITS: 4   5   6   7   9  10  12  13  14  15  16  17  18  19  20  21  25  26  28  29  31  32  33  40  42  43
 
*** Warning at time       :      5754.250000
    Generated by Unit     : Not applicable or not available
    Generated by Type     : Not applicable or not available
    TRNSYS Message    441 : The inputs to the listed units have not converged at this timestep. The values at the last iteration will be used and the simulation will proceed.
    Reported information  : UNITS: 4   5   6   7   9  10  12  13  14  15  16  17  18  19  20  21  25  26  28  29  31  32  33  40  42  43
 
*** Warning at time       :      5754.500000
    Generated by Unit     : Not applicable or not available
    Generated by Type     : Not applicable or not available
    TRNSYS Message    441 : The inputs to the listed units have not converged at this timestep. The values at the last iteration will be used and the simulation will proceed.
    Reported information  : UNITS: 4   5   6   7   9  10  12  13  14  15  16  17  18  19  20  21  25  26  28  29  31  32  33  40  42  43
 
*** Warning at time       :      5754.750000
    Generated by Unit     : Not applicable or not available
    Generated by Type     : Not applicable or not available
    TRNSYS Message    441 : The inputs to the listed units have not converged at this timestep. The values at the last iteration will be used and the simulation will proceed.
    Reported information  : UNITS: 4   5   6   7   9  10  12  13  14  15  16  17  18  19  20  21  25  26  28  29  31  32  33  40  42  43
 
*** Warning at time       :      5755.000000
    Generated by Unit     : Not applicable or not available
    Generated by Type     : Not applicable or not available
    TRNSYS Message    441 : The inputs to the listed units have not converged at this timestep. The values at the last iteration will be used and the simulation will proceed.
    Reported information  : UNITS: 4   5   6   7   9  10  12  13  14  15  16  17  18  19  20  21  25  26  28  29  31  32  33  40  42  43
 
*** Warning at time       :      5755.250000
    Generated by Unit     : Not applicable or not available
    Generated by Type     : Not applicable or not available
    TRNSYS Message    441 : The inputs to the listed units have not converged at this timestep. The values at the last iteration will be used and the simulation will proceed.
    Reported information  : UNITS: 4   5   6   7   9  10  12  13  14  15  16  17  18  19  20  21  25  26  28  29  31  32  33  40  42  43
 
*** Warning at time       :      5755.500000
    Generated by Unit     : Not applicable or not available
    Generated by Type     : Not applicable or not available
    TRNSYS Message    441 : The inputs to the listed units have not converged at this timestep. The values at the last iteration will be used and the simulation will proceed.
    Reported information  : UNITS: 4   5   6   7   9  10  12  13  14  15  16  17  18  19  20  21  25  26  28  29  31  32  33  40  42  43
 
*** Warning at time       :      5755.750000
    Generated by Unit     : Not applicable or not available
    Generated by Type     : Not applicable or not available
    TRNSYS Message    441 : The inputs to the listed units have not converged at this timestep. The values at the last iteration will be used and the simulation will proceed.
    Reported information  : UNITS: 4   5   6   7   9  10  12  13  14  15  16  17  18  19  20  21  25  26  28  29  31  32  33  40  42  43
 
*** Warning at time       :      5756.000000
    Generated by Unit     : Not applicable or not available
    Generated by Type     : Not applicable or not available
    TRNSYS Message    441 : The inputs to the listed units have not converged at this timestep. The values at the last iteration will be used and the simulation will proceed.
    Reported information  : UNITS: 4   5   6   7   9  10  12  13  14  15  16  17  18  19  20  21  25  26  28  29  31  32  33  40  42  43
 
*** Warning at time       :      5756.250000
    Generated by Unit     : Not applicable or not available
    Generated by Type     : Not applicable or not available
    TRNSYS Message    441 : The inputs to the listed units have not converged at this timestep. The values at the last iteration will be used and the simulation will proceed.
    Reported information  : UNITS: 4   5   6   7   9  10  12  13  14  15  16  17  18  19  20  21  25  26  28  29  31  32  33  40  42  43
 
*** Warning at time       :      5756.500000
    Generated by Unit     : Not applicable or not available
    Generated by Type     : Not applicable or not available
    TRNSYS Message    441 : The inputs to the listed units have not converged at this timestep. The values at the last iteration will be used and the simulation will proceed.
    Reported information  : UNITS: 4   5   6   7   9  10  12  13  14  15  16  17  18  19  20  21  25  26  28  29  31  32  33  40  42  43
 
*** Warning at time       :      5756.750000
    Generated by Unit     : Not applicable or not available
    Generated by Type     : Not applicable or not available
    TRNSYS Message    441 : The inputs to the listed units have not converged at this timestep. The values at the last iteration will be used and the simulation will proceed.
    Reported information  : UNITS: 4   5   6   7   9  10  12  13  14  15  16  17  18  19  20  21  25  26  28  29  31  32  33  40  42  43
 
*** Warning at time       :      5757.000000
    Generated by Unit     : Not applicable or not available
    Generated by Type     : Not applicable or not available
    TRNSYS Message    441 : The inputs to the listed units have not converged at this timestep. The values at the last iteration will be used and the simulation will proceed.
    Reported information  : UNITS: 4   5   6   7   9  10  12  13  14  15  16  17  18  19  20  21  25  26  28  29  31  32  33  40  42  43
 
*** Warning at time       :      5757.250000
    Generated by Unit     : Not applicable or not available
    Generated by Type     : Not applicable or not available
    TRNSYS Message    441 : The inputs to the listed units have not converged at this timestep. The values at the last iteration will be used and the simulation will proceed.
    Reported information  : UNITS: 4   5   6   7   9  10  12  13  14  15  16  17  18  19  20  21  25  26  28  29  31  32  33  40  42  43
 
*** Warning at time       :      5757.500000
    Generated by Unit     : Not applicable or not available
    Generated by Type     : Not applicable or not available
    TRNSYS Message    441 : The inputs to the listed units have not converged at this timestep. The values at the last iteration will be used and the simulation will proceed.
    Reported information  : UNITS: 4   5   6   7   9  10  12  13  14  15  16  17  18  19  20  21  25  26  28  29  31  32  33  40  42  43
 
*** Warning at time       :      5768.750000
    Generated by Unit     : Not applicable or not available
    Generated by Type     : Not applicable or not available
    TRNSYS Message    441 : The inputs to the listed units have not converged at this timestep. The values at the last iteration will be used and the simulation will proceed.
    Reported information  : UNITS: 4   5   6   7   9  10  12  13  14  15  16  18  19  25  26  28  29  31  32  33  35  40  42  43
 
*** Warning at time       :      5780.500000
    Generated by Unit     : Not applicable or not available
    Generated by Type     : Not applicable or not available
    TRNSYS Message    441 : The inputs to the listed units have not converged at this timestep. The values at the last iteration will be used and the simulation will proceed.
    Reported information  : UNITS: 4   5   6   7   9  10  12  13  14  15  16  17  18  19  20  21  25  26  28  29  31  32  33  40  42  43
 
*** Warning at time       :      5780.750000
    Generated by Unit     : Not applicable or not available
    Generated by Type     : Not applicable or not available
    TRNSYS Message    441 : The inputs to the listed units have not converged at this timestep. The values at the last iteration will be used and the simulation will proceed.
    Reported information  : UNITS: 4   5   6   7   9  10  12  13  14  15  16  17  18  19  20  21  25  26  28  29  31  32  33  40  42  43
 
*** Warning at time       :      5781.000000
    Generated by Unit     : Not applicable or not available
    Generated by Type     : Not applicable or not available
    TRNSYS Message    441 : The inputs to the listed units have not converged at this timestep. The values at the last iteration will be used and the simulation will proceed.
    Reported information  : UNITS: 4   5   6   7   9  10  12  13  14  15  16  17  18  19  20  21  25  26  28  29  31  32  33  40  42  43
 
*** Warning at time       :      5781.250000
    Generated by Unit     : Not applicable or not available
    Generated by Type     : Not applicable or not available
    TRNSYS Message    441 : The inputs to the listed units have not converged at this timestep. The values at the last iteration will be used and the simulation will proceed.
    Reported information  : UNITS: 4   5   6   7   9  10  12  13  14  15  16  17  18  19  20  21  25  26  28  29  31  32  33  40  42  43
 
*** Warning at time       :      5781.500000
    Generated by Unit     : Not applicable or not available
    Generated by Type     : Not applicable or not available
    TRNSYS Message    441 : The inputs to the listed units have not converged at this timestep. The values at the last iteration will be used and the simulation will proceed.
    Reported information  : UNITS: 4   5   6   7   9  10  12  13  14  15  16  17  18  19  20  21  25  26  28  29  31  32  33  40  42  43
 
*** Warning at time       :      5781.750000
    Generated by Unit     : Not applicable or not available
    Generated by Type     : Not applicable or not available
    TRNSYS Message    441 : The inputs to the listed units have not converged at this timestep. The values at the last iteration will be used and the simulation will proceed.
    Reported information  : UNITS: 4   5   6   7   9  10  12  13  14  15  16  18  19  25  26  28  29  31  32  33  35  40  42  43
 
*** Warning at time       :      5825.500000
    Generated by Unit     : Not applicable or not available
    Generated by Type     : Not applicable or not available
    TRNSYS Message    441 : The inputs to the listed units have not converged at this timestep. The values at the last iteration will be used and the simulation will proceed.
    Reported information  : UNITS: 4   5   6   7   9  10  12  13  14  15  16  17  18  19  20  21  25  26  28  29  31  32  33  40  42  43
 
*** Warning at time       :      5825.750000
    Generated by Unit     : Not applicable or not available
    Generated by Type     : Not applicable or not available
    TRNSYS Message    441 : The inputs to the listed units have not converged at this timestep. The values at the last iteration will be used and the simulation will proceed.
    Reported information  : UNITS: 4   5   6   7   9  10  12  13  14  15  16  17  18  19  20  21  25  26  28  29  31  32  33  40  42  43
 
*** Warning at time       :      5826.500000
    Generated by Unit     : Not applicable or not available
    Generated by Type     : Not applicable or not available
    TRNSYS Message    441 : The inputs to the listed units have not converged at this timestep. The values at the last iteration will be used and the simulation will proceed.
    Reported information  : UNITS: 4   5   6   7   9  10  12  13  14  15  16  17  18  19  20  21  25  26  28  29  31  32  33  40  42  43
 
*** Warning at time       :      5826.750000
    Generated by Unit     : Not applicable or not available
    Generated by Type     : Not applicable or not available
    TRNSYS Message    441 : The inputs to the listed units have not converged at this timestep. The values at the last iteration will be used and the simulation will proceed.
    Reported information  : UNITS: 4   5   6   7   9  10  12  13  14  15  16  17  18  19  20  21  25  26  28  29  31  32  33  40  42  43
 
*** Warning at time       :      5827.000000
    Generated by Unit     : Not applicable or not available
    Generated by Type     : Not applicable or not available
    TRNSYS Message    441 : The inputs to the listed units have not converged at this timestep. The values at the last iteration will be used and the simulation will proceed.
    Reported information  : UNITS: 4   5   6   7   9  10  12  13  14  15  16  17  18  19  20  21  25  26  28  29  31  32  33  40  42  43
 
*** Warning at time       :      5827.250000
    Generated by Unit     : Not applicable or not available
    Generated by Type     : Not applicable or not available
    TRNSYS Message    441 : The inputs to the listed units have not converged at this timestep. The values at the last iteration will be used and the simulation will proceed.
    Reported information  : UNITS: 4   5   6   7   9  10  12  13  14  15  16  17  18  19  20  21  25  26  28  29  31  32  33  40  42  43
 
*** Warning at time       :      5827.500000
    Generated by Unit     : Not applicable or not available
    Generated by Type     : Not applicable or not available
    TRNSYS Message    441 : The inputs to the listed units have not converged at this timestep. The values at the last iteration will be used and the simulation will proceed.
    Reported information  : UNITS: 4   5   6   7   9  10  12  13  14  15  16  17  18  19  20  21  25  26  28  29  31  32  33  40  42  43
 
*** Warning at time       :      5827.750000
    Generated by Unit     : Not applicable or not available
    Generated by Type     : Not applicable or not available
    TRNSYS Message    441 : The inputs to the listed units have not converged at this timestep. The values at the last iteration will be used and the simulation will proceed.
    Reported information  : UNITS: 4   5   6   7   9  10  12  13  14  15  16  17  18  19  20  21  25  26  28  29  31  32  33  40  42  43
 
*** Warning at time       :      5828.000000
    Generated by Unit     : Not applicable or not available
    Generated by Type     : Not applicable or not available
    TRNSYS Message    441 : The inputs to the listed units have not converged at this timestep. The values at the last iteration will be used and the simulation will proceed.
    Reported information  : UNITS: 4   5   6   7   9  10  12  13  14  15  16  17  18  19  20  21  25  26  28  29  31  32  33  40  42  43
 
*** Warning at time       :      5828.250000
    Generated by Unit     : Not applicable or not available
    Generated by Type     : Not applicable or not available
    TRNSYS Message    441 : The inputs to the listed units have not converged at this timestep. The values at the last iteration will be used and the simulation will proceed.
    Reported information  : UNITS: 4   5   6   7   9  10  12  13  14  15  16  17  18  19  20  21  25  26  28  29  31  32  33  40  42  43
 
*** Warning at time       :      5924.500000
    Generated by Unit     : Not applicable or not available
    Generated by Type     : Not applicable or not available
    TRNSYS Message    441 : The inputs to the listed units have not converged at this timestep. The values at the last iteration will be used and the simulation will proceed.
    Reported information  : UNITS: 4   5   6   7   9  10  12  13  14  15  16  17  18  19  20  21  25  26  28  29  31  32  33  40  42  43
 
*** Warning at time       :      5924.750000
    Generated by Unit     : Not applicable or not available
    Generated by Type     : Not applicable or not available
    TRNSYS Message    441 : The inputs to the listed units have not converged at this timestep. The values at the last iteration will be used and the simulation will proceed.
    Reported information  : UNITS: 4   5   6   7   9  10  12  13  14  15  16  17  18  19  20  21  25  26  28  29  31  32  33  40  42  43
 
*** Warning at time       :      5925.000000
    Generated by Unit     : Not applicable or not available
    Generated by Type     : Not applicable or not available
    TRNSYS Message    441 : The inputs to the listed units have not converged at this timestep. The values at the last iteration will be used and the simulation will proceed.
    Reported information  : UNITS: 4   5   6   7   9  10  12  13  14  15  16  17  18  19  20  21  25  26  28  29  31  32  33  40  42  43
 
*** Warning at time       :      5925.250000
    Generated by Unit     : Not applicable or not available
    Generated by Type     : Not applicable or not available
    TRNSYS Message    441 : The inputs to the listed units have not converged at this timestep. The values at the last iteration will be used and the simulation will proceed.
    Reported information  : UNITS: 4   5   6   7   9  10  12  13  14  15  16  17  18  19  20  21  25  26  28  29  31  32  33  40  42  43
 
*** Warning at time       :      5925.500000
    Generated by Unit     : Not applicable or not available
    Generated by Type     : Not applicable or not available
    TRNSYS Message    441 : The inputs to the listed units have not converged at this timestep. The values at the last iteration will be used and the simulation will proceed.
    Reported information  : UNITS: 4   5   6   7   9  10  12  13  14  15  16  17  18  19  20  21  25  26  28  29  31  32  33  40  42  43
 
*** Warning at time       :      5949.000000
    Generated by Unit     : Not applicable or not available
    Generated by Type     : Not applicable or not available
    TRNSYS Message    441 : The inputs to the listed units have not converged at this timestep. The values at the last iteration will be used and the simulation will proceed.
    Reported information  : UNITS: 4   5   6   7   9  10  12  13  14  15  16  17  18  19  20  21  25  26  28  29  31  32  33  40  42  43
 
*** Warning at time       :      5949.250000
    Generated by Unit     : Not applicable or not available
    Generated by Type     : Not applicable or not available
    TRNSYS Message    441 : The inputs to the listed units have not converged at this timestep. The values at the last iteration will be used and the simulation will proceed.
    Reported information  : UNITS: 4   5   6   7   9  10  12  13  14  15  16  17  18  19  20  21  25  26  28  29  31  32  33  40  42  43
 
*** Warning at time       :      5949.500000
    Generated by Unit     : Not applicable or not available
    Generated by Type     : Not applicable or not available
    TRNSYS Message    441 : The inputs to the listed units have not converged at this timestep. The values at the last iteration will be used and the simulation will proceed.
    Reported information  : UNITS: 4   5   6   7   9  10  12  13  14  15  16  18  19  25  26  28  29  31  32  33  35  40  42  43
 
*** Warning at time       :      5949.750000
    Generated by Unit     : Not applicable or not available
    Generated by Type     : Not applicable or not available
    TRNSYS Message    441 : The inputs to the listed units have not converged at this timestep. The values at the last iteration will be used and the simulation will proceed.
    Reported information  : UNITS: 4   5   6   7   9  10  12  13  14  15  16  18  19  25  26  28  29  31  32  33  35  40  42  43
 
*** Warning at time       :      5995.750000
    Generated by Unit     : Not applicable or not available
    Generated by Type     : Not applicable or not available
    TRNSYS Message    441 : The inputs to the listed units have not converged at this timestep. The values at the last iteration will be used and the simulation will proceed.
    Reported information  : UNITS: 4   5   6   7   9  10  12  13  14  15  16  17  18  19  20  21  25  26  28  29  31  32  33  40  42  43
 
*** Warning at time       :      5996.000000
    Generated by Unit     : Not applicable or not available
    Generated by Type     : Not applicable or not available
    TRNSYS Message    441 : The inputs to the listed units have not converged at this timestep. The values at the last iteration will be used and the simulation will proceed.
    Reported information  : UNITS: 4   5   6   7   9  10  12  13  14  15  16  17  18  19  20  21  25  26  28  29  31  32  33  40  42  43
 
*** Warning at time       :      5996.250000
    Generated by Unit     : Not applicable or not available
    Generated by Type     : Not applicable or not available
    TRNSYS Message    441 : The inputs to the listed units have not converged at this timestep. The values at the last iteration will be used and the simulation will proceed.
    Reported information  : UNITS: 4   5   6   7   9  10  12  13  14  15  16  17  18  19  20  21  25  26  28  29  31  32  33  40  42  43
 
*** Warning at time       :      5996.500000
    Generated by Unit     : Not applicable or not available
    Generated by Type     : Not applicable or not available
    TRNSYS Message    441 : The inputs to the listed units have not converged at this timestep. The values at the last iteration will be used and the simulation will proceed.
    Reported information  : UNITS: 4   5   6   7   9  10  12  13  14  15  16  17  18  19  20  21  25  26  28  29  31  32  33  40  42  43
 
*** Warning at time       :      5996.750000
    Generated by Unit     : Not applicable or not available
    Generated by Type     : Not applicable or not available
    TRNSYS Message    441 : The inputs to the listed units have not converged at this timestep. The values at the last iteration will be used and the simulation will proceed.
    Reported information  : UNITS: 4   5   6   7   9  10  12  13  14  15  16  17  18  19  20  21  25  26  28  29  31  32  33  40  42  43
 
*** Warning at time       :      5997.000000
    Generated by Unit     : Not applicable or not available
    Generated by Type     : Not applicable or not available
    TRNSYS Message    441 : The inputs to the listed units have not converged at this timestep. The values at the last iteration will be used and the simulation will proceed.
    Reported information  : UNITS: 4   5   6   7   9  10  12  13  14  15  16  17  18  19  20  21  25  26  28  29  31  32  33  40  42  43
 
*** Warning at time       :      5997.250000
    Generated by Unit     : Not applicable or not available
    Generated by Type     : Not applicable or not available
    TRNSYS Message    441 : The inputs to the listed units have not converged at this timestep. The values at the last iteration will be used and the simulation will proceed.
    Reported information  : UNITS: 4   5   6   7   9  10  12  13  14  15  16  17  18  19  20  21  25  26  28  29  31  32  33  40  42  43
 
*** Warning at time       :      6083.000000
    Generated by Unit     : Not applicable or not available
    Generated by Type     : Not applicable or not available
    TRNSYS Message    441 : The inputs to the listed units have not converged at this timestep. The values at the last iteration will be used and the simulation will proceed.
    Reported information  : UNITS: 4   5   6   7   9  10  12  13  14  15  16  17  18  19  20  21  25  26  28  29  31  32  33  40  42  43
 
*** Warning at time       :      6083.250000
    Generated by Unit     : Not applicable or not available
    Generated by Type     : Not applicable or not available
    TRNSYS Message    441 : The inputs to the listed units have not converged at this timestep. The values at the last iteration will be used and the simulation will proceed.
    Reported information  : UNITS: 4   5   6   7   9  10  12  13  14  15  16  17  18  19  20  21  25  26  28  29  31  32  33  40  42  43
 
*** Warning at time       :      6114.000000
    Generated by Unit     : Not applicable or not available
    Generated by Type     : Not applicable or not available
    TRNSYS Message    441 : The inputs to the listed units have not converged at this timestep. The values at the last iteration will be used and the simulation will proceed.
    Reported information  : UNITS: 4   5   6   7   9  10  12  13  14  15  16  17  18  19  20  21  25  26  28  29  31  32  33  40  42  43
 
*** Warning at time       :      6114.250000
    Generated by Unit     : Not applicable or not available
    Generated by Type     : Not applicable or not available
    TRNSYS Message    441 : The inputs to the listed units have not converged at this timestep. The values at the last iteration will be used and the simulation will proceed.
    Reported information  : UNITS: 4   5   6   7   9  10  12  13  14  15  16  17  18  19  20  21  25  26  28  29  31  32  33  40  42  43
 
*** Warning at time       :      6114.500000
    Generated by Unit     : Not applicable or not available
    Generated by Type     : Not applicable or not available
    TRNSYS Message    441 : The inputs to the listed units have not converged at this timestep. The values at the last iteration will be used and the simulation will proceed.
    Reported information  : UNITS: 4   5   6   7   9  10  12  13  14  15  16  17  18  19  20  21  25  26  28  29  31  32  33  40  42  43
 
*** Warning at time       :      6114.750000
    Generated by Unit     : Not applicable or not available
    Generated by Type     : Not applicable or not available
    TRNSYS Message    441 : The inputs to the listed units have not converged at this timestep. The values at the last iteration will be used and the simulation will proceed.
    Reported information  : UNITS: 4   5   6   7   9  10  12  13  14  15  16  17  18  19  20  21  25  26  28  29  31  32  33  40  42  43
 
*** Warning at time       :      6115.000000
    Generated by Unit     : Not applicable or not available
    Generated by Type     : Not applicable or not available
    TRNSYS Message    441 : The inputs to the listed units have not converged at this timestep. The values at the last iteration will be used and the simulation will proceed.
    Reported information  : UNITS: 4   5   6   7   9  10  12  13  14  15  16  17  18  19  20  21  25  26  28  29  31  32  33  40  42  43
 
*** Warning at time       :      6115.250000
    Generated by Unit     : Not applicable or not available
    Generated by Type     : Not applicable or not available
    TRNSYS Message    441 : The inputs to the listed units have not converged at this timestep. The values at the last iteration will be used and the simulation will proceed.
    Reported information  : UNITS: 4   5   6   7   9  10  12  13  14  15  16  17  18  19  20  21  25  26  28  29  31  32  33  40  42  43
 
*** Warning at time       :      6115.500000
    Generated by Unit     : Not applicable or not available
    Generated by Type     : Not applicable or not available
    TRNSYS Message    441 : The inputs to the listed units have not converged at this timestep. The values at the last iteration will be used and the simulation will proceed.
    Reported information  : UNITS: 4   5   6   7   9  10  12  13  14  15  16  17  18  19  20  21  25  26  28  29  31  32  33  40  42  43
 
*** Warning at time       :      6115.750000
    Generated by Unit     : Not applicable or not available
    Generated by Type     : Not applicable or not available
    TRNSYS Message    441 : The inputs to the listed units have not converged at this timestep. The values at the last iteration will be used and the simulation will proceed.
    Reported information  : UNITS: 4   5   6   7   9  10  12  13  14  15  16  17  18  19  20  21  25  26  28  29  31  32  33  40  42  43
 
*** Warning at time       :      6116.000000
    Generated by Unit     : Not applicable or not available
    Generated by Type     : Not applicable or not available
    TRNSYS Message    441 : The inputs to the listed units have not converged at this timestep. The values at the last iteration will be used and the simulation will proceed.
    Reported information  : UNITS: 4   5   6   7   9  10  12  13  14  15  16  17  18  19  20  21  25  26  28  29  31  32  33  40  42  43
 
*** Warning at time       :      6116.250000
    Generated by Unit     : Not applicable or not available
    Generated by Type     : Not applicable or not available
    TRNSYS Message    441 : The inputs to the listed units have not converged at this timestep. The values at the last iteration will be used and the simulation will proceed.
    Reported information  : UNITS: 4   5   6   7   9  10  12  13  14  15  16  17  18  19  20  21  25  26  28  29  31  32  33  40  42  43
 
*** Warning at time       :      6116.500000
    Generated by Unit     : Not applicable or not available
    Generated by Type     : Not applicable or not available
    TRNSYS Message    441 : The inputs to the listed units have not converged at this timestep. The values at the last iteration will be used and the simulation will proceed.
    Reported information  : UNITS: 4   5   6   7   9  10  12  13  14  15  16  17  18  19  20  21  25  26  28  29  31  32  33  40  42  43
 
*** Warning at time       :      6116.750000
    Generated by Unit     : Not applicable or not available
    Generated by Type     : Not applicable or not available
    TRNSYS Message    441 : The inputs to the listed units have not converged at this timestep. The values at the last iteration will be used and the simulation will proceed.
    Reported information  : UNITS: 4   5   6   7   9  10  12  13  14  15  16  17  18  19  20  21  25  26  28  29  31  32  33  40  42  43
 
*** Warning at time       :      6117.000000
    Generated by Unit     : Not applicable or not available
    Generated by Type     : Not applicable or not available
    TRNSYS Message    441 : The inputs to the listed units have not converged at this timestep. The values at the last iteration will be used and the simulation will proceed.
    Reported information  : UNITS: 4   5   6   7   9  10  12  13  14  15  16  17  18  19  20  21  25  26  28  29  31  32  33  40  42  43
 
*** Warning at time       :      6117.250000
    Generated by Unit     : Not applicable or not available
    Generated by Type     : Not applicable or not available
    TRNSYS Message    441 : The inputs to the listed units have not converged at this timestep. The values at the last iteration will be used and the simulation will proceed.
    Reported information  : UNITS: 4   5   6   7   9  10  12  13  14  15  16  18  19  25  26  28  29  31  32  33  35  40  42  43
 
*** Warning at time       :      6117.500000
    Generated by Unit     : Not applicable or not available
    Generated by Type     : Not applicable or not available
    TRNSYS Message    441 : The inputs to the listed units have not converged at this timestep. The values at the last iteration will be used and the simulation will proceed.
    Reported information  : UNITS: 4   5   6   7   9  10  12  13  14  15  16  18  19  25  26  28  29  31  32  33  35  40  42  43
 
*** Warning at time       :      6154.000000
    Generated by Unit     : Not applicable or not available
    Generated by Type     : Not applicable or not available
    TRNSYS Message    441 : The inputs to the listed units have not converged at this timestep. The values at the last iteration will be used and the simulation will proceed.
    Reported information  : UNITS: 4   5   6   7   9  10  12  13  14  15  16  17  18  19  20  21  25  26  28  29  31  32  33  40  42  43
 
*** Warning at time       :      6154.250000
    Generated by Unit     : Not applicable or not available
    Generated by Type     : Not applicable or not available
    TRNSYS Message    441 : The inputs to the listed units have not converged at this timestep. The values at the last iteration will be used and the simulation will proceed.
    Reported information  : UNITS: 4   5   6   7   9  10  12  13  14  15  16  17  18  19  20  21  25  26  28  29  31  32  33  40  42  43
 
*** Warning at time       :      6154.500000
    Generated by Unit     : Not applicable or not available
    Generated by Type     : Not applicable or not available
    TRNSYS Message    441 : The inputs to the listed units have not converged at this timestep. The values at the last iteration will be used and the simulation will proceed.
    Reported information  : UNITS: 4   5   6   7   9  10  12  13  14  15  16  17  18  19  20  21  25  26  28  29  31  32  33  40  42  43
 
*** Warning at time       :      6154.750000
    Generated by Unit     : Not applicable or not available
    Generated by Type     : Not applicable or not available
    TRNSYS Message    441 : The inputs to the listed units have not converged at this timestep. The values at the last iteration will be used and the simulation will proceed.
    Reported information  : UNITS: 4   5   6   7   9  10  12  13  14  15  16  17  18  19  20  21  25  26  28  29  31  32  33  40  42  43
 
*** Warning at time       :      6155.000000
    Generated by Unit     : Not applicable or not available
    Generated by Type     : Not applicable or not available
    TRNSYS Message    441 : The inputs to the listed units have not converged at this timestep. The values at the last iteration will be used and the simulation will proceed.
    Reported information  : UNITS: 4   5   6   7   9  10  12  13  14  15  16  17  18  19  20  21  25  26  28  29  31  32  33  40  42  43
 
*** Warning at time       :      6155.250000
    Generated by Unit     : Not applicable or not available
    Generated by Type     : Not applicable or not available
    TRNSYS Message    441 : The inputs to the listed units have not converged at this timestep. The values at the last iteration will be used and the simulation will proceed.
    Reported information  : UNITS: 4   5   6   7   9  10  12  13  14  15  16  17  18  19  20  21  25  26  28  29  31  32  33  40  42  43
 
*** Warning at time       :      6156.250000
    Generated by Unit     : Not applicable or not available
    Generated by Type     : Not applicable or not available
    TRNSYS Message    441 : The inputs to the listed units have not converged at this timestep. The values at the last iteration will be used and the simulation will proceed.
    Reported information  : UNITS: 4   5   6   7   9  10  12  13  14  15  16  17  18  19  20  21  25  26  28  29  31  32  33  40  42  43
 
*** Warning at time       :      6156.500000
    Generated by Unit     : Not applicable or not available
    Generated by Type     : Not applicable or not available
    TRNSYS Message    441 : The inputs to the listed units have not converged at this timestep. The values at the last iteration will be used and the simulation will proceed.
    Reported information  : UNITS: 4   5   6   7   9  10  12  13  14  15  16  17  18  19  20  21  25  26  28  29  31  32  33  40  42  43
 
*** Warning at time       :      6156.750000
    Generated by Unit     : Not applicable or not available
    Generated by Type     : Not applicable or not available
    TRNSYS Message    441 : The inputs to the listed units have not converged at this timestep. The values at the last iteration will be used and the simulation will proceed.
    Reported information  : UNITS: 4   5   6   7   9  10  12  13  14  15  16  17  18  19  20  21  25  26  28  29  31  32  33  40  42  43
 
*** Warning at time       :      6157.000000
    Generated by Unit     : Not applicable or not available
    Generated by Type     : Not applicable or not available
    TRNSYS Message    441 : The inputs to the listed units have not converged at this timestep. The values at the last iteration will be used and the simulation will proceed.
    Reported information  : UNITS: 4   5   6   7   9  10  12  13  14  15  16  17  18  19  20  21  25  26  28  29  31  32  33  40  42  43
 
*** Warning at time       :      6157.250000
    Generated by Unit     : Not applicable or not available
    Generated by Type     : Not applicable or not available
    TRNSYS Message    441 : The inputs to the listed units have not converged at this timestep. The values at the last iteration will be used and the simulation will proceed.
    Reported information  : UNITS: 4   5   6   7   9  10  12  13  14  15  16  17  18  19  20  21  25  26  28  29  31  32  33  40  42  43
 
*** Warning at time       :      6157.500000
    Generated by Unit     : Not applicable or not available
    Generated by Type     : Not applicable or not available
    TRNSYS Message    441 : The inputs to the listed units have not converged at this timestep. The values at the last iteration will be used and the simulation will proceed.
    Reported information  : UNITS: 4   5   6   7   9  10  12  13  14  15  16  17  18  19  20  21  25  26  28  29  31  32  33  40  42  43
 
*** Warning at time       :      6397.750000
    Generated by Unit     : Not applicable or not available
    Generated by Type     : Not applicable or not available
    TRNSYS Message    441 : The inputs to the listed units have not converged at this timestep. The values at the last iteration will be used and the simulation will proceed.
    Reported information  : UNITS: 4   5   6   7   9  10  12  13  14  15  16  17  18  19  20  21  25  26  28  29  31  32  33  40  42  43
 
*** Warning at time       :      6398.000000
    Generated by Unit     : Not applicable or not available
    Generated by Type     : Not applicable or not available
    TRNSYS Message    441 : The inputs to the listed units have not converged at this timestep. The values at the last iteration will be used and the simulation will proceed.
    Reported information  : UNITS: 4   5   6   7   9  10  12  13  14  15  16  17  18  19  20  21  25  26  28  29  31  32  33  40  42  43
 
*** Warning at time       :      6398.250000
    Generated by Unit     : Not applicable or not available
    Generated by Type     : Not applicable or not available
    TRNSYS Message    441 : The inputs to the listed units have not converged at this timestep. The values at the last iteration will be used and the simulation will proceed.
    Reported information  : UNITS: 4   5   6   7   9  10  12  13  14  15  16  17  18  19  20  21  25  26  28  29  31  32  33  40  42  43
 
*** Warning at time       :      6398.500000
    Generated by Unit     : Not applicable or not available
    Generated by Type     : Not applicable or not available
    TRNSYS Message    441 : The inputs to the listed units have not converged at this timestep. The values at the last iteration will be used and the simulation will proceed.
    Reported information  : UNITS: 4   5   6   7   9  10  12  13  14  15  16  17  18  19  20  21  25  26  28  29  31  32  33  40  42  43
 
*** Warning at time       :      6398.750000
    Generated by Unit     : Not applicable or not available
    Generated by Type     : Not applicable or not available
    TRNSYS Message    441 : The inputs to the listed units have not converged at this timestep. The values at the last iteration will be used and the simulation will proceed.
    Reported information  : UNITS: 4   5   6   7   9  10  12  13  14  15  16  17  18  19  20  21  25  26  28  29  31  32  33  40  42  43
 
*** Warning at time       :      6399.000000
    Generated by Unit     : Not applicable or not available
    Generated by Type     : Not applicable or not available
    TRNSYS Message    441 : The inputs to the listed units have not converged at this timestep. The values at the last iteration will be used and the simulation will proceed.
    Reported information  : UNITS: 4   5   6   7   9  10  12  13  14  15  16  17  18  19  20  21  25  26  28  29  31  32  33  40  42  43
 
*** Warning at time       :      6399.250000
    Generated by Unit     : Not applicable or not available
    Generated by Type     : Not applicable or not available
    TRNSYS Message    441 : The inputs to the listed units have not converged at this timestep. The values at the last iteration will be used and the simulation will proceed.
    Reported information  : UNITS: 4   5   6   7   9  10  12  13  14  15  16  17  18  19  20  21  25  26  28  29  31  32  33  40  42  43
 
*** Warning at time       :      6399.500000
    Generated by Unit     : Not applicable or not available
    Generated by Type     : Not applicable or not available
    TRNSYS Message    441 : The inputs to the listed units have not converged at this timestep. The values at the last iteration will be used and the simulation will proceed.
    Reported information  : UNITS: 4   5   6   7   9  10  12  13  14  15  16  17  18  19  20  21  25  26  28  29  31  32  33  40  42  43
 
*** Warning at time       :      6399.750000
    Generated by Unit     : Not applicable or not available
    Generated by Type     : Not applicable or not available
    TRNSYS Message    441 : The inputs to the listed units have not converged at this timestep. The values at the last iteration will be used and the simulation will proceed.
    Reported information  : UNITS: 4   5   6   7   9  10  12  13  14  15  16  17  18  19  20  21  25  26  28  29  31  32  33  40  42  43
 
*** Warning at time       :      6400.000000
    Generated by Unit     : Not applicable or not available
    Generated by Type     : Not applicable or not available
    TRNSYS Message    441 : The inputs to the listed units have not converged at this timestep. The values at the last iteration will be used and the simulation will proceed.
    Reported information  : UNITS: 4   5   6   7   9  10  12  13  14  15  16  17  18  19  20  21  25  26  28  29  31  32  33  40  42  43
 
*** Warning at time       :      6400.250000
    Generated by Unit     : Not applicable or not available
    Generated by Type     : Not applicable or not available
    TRNSYS Message    441 : The inputs to the listed units have not converged at this timestep. The values at the last iteration will be used and the simulation will proceed.
    Reported information  : UNITS: 4   5   6   7   9  10  12  13  14  15  16  17  18  19  20  21  25  26  28  29  31  32  33  40  42  43
 
*** Warning at time       :      6400.500000
    Generated by Unit     : Not applicable or not available
    Generated by Type     : Not applicable or not available
    TRNSYS Message    441 : The inputs to the listed units have not converged at this timestep. The values at the last iteration will be used and the simulation will proceed.
    Reported information  : UNITS: 4   5   6   7   9  10  12  13  14  15  16  17  18  19  20  21  25  26  28  29  31  32  33  40  42  43
 
*** Warning at time       :      6400.750000
    Generated by Unit     : Not applicable or not available
    Generated by Type     : Not applicable or not available
    TRNSYS Message    441 : The inputs to the listed units have not converged at this timestep. The values at the last iteration will be used and the simulation will proceed.
    Reported information  : UNITS: 4   5   6   7   9  10  12  13  14  15  16  17  18  19  20  21  25  26  28  29  31  32  33  40  42  43
 
*** Warning at time       :      6401.000000
    Generated by Unit     : Not applicable or not available
    Generated by Type     : Not applicable or not available
    TRNSYS Message    441 : The inputs to the listed units have not converged at this timestep. The values at the last iteration will be used and the simulation will proceed.
    Reported information  : UNITS: 4   5   6   7   9  10  12  13  14  15  16  17  18  19  20  21  25  26  28  29  31  32  33  40  42  43
 
*** Warning at time       :      6401.250000
    Generated by Unit     : Not applicable or not available
    Generated by Type     : Not applicable or not available
    TRNSYS Message    441 : The inputs to the listed units have not converged at this timestep. The values at the last iteration will be used and the simulation will proceed.
    Reported information  : UNITS: 4   5   6   7   9  10  12  13  14  15  16  17  18  19  20  21  25  26  28  29  31  32  33  40  42  43
 
*** Warning at time       :      6401.500000
    Generated by Unit     : Not applicable or not available
    Generated by Type     : Not applicable or not available
    TRNSYS Message    441 : The inputs to the listed units have not converged at this timestep. The values at the last iteration will be used and the simulation will proceed.
    Reported information  : UNITS: 4   5   6   7   9  10  12  13  14  15  16  17  18  19  20  21  25  26  28  29  31  32  33  40  42  43
 
*** Warning at time       :      6401.750000
    Generated by Unit     : Not applicable or not available
    Generated by Type     : Not applicable or not available
    TRNSYS Message    441 : The inputs to the listed units have not converged at this timestep. The values at the last iteration will be used and the simulation will proceed.
    Reported information  : UNITS: 4   5   6   7   9  10  12  13  14  15  16  17  18  19  20  21  25  26  28  29  31  32  33  40  42  43
 
*** Warning at time       :      6402.000000
    Generated by Unit     : Not applicable or not available
    Generated by Type     : Not applicable or not available
    TRNSYS Message    441 : The inputs to the listed units have not converged at this timestep. The values at the last iteration will be used and the simulation will proceed.
    Reported information  : UNITS: 4   5   6   7   9  10  12  13  14  15  16  17  18  19  20  21  25  26  28  29  31  32  33  40  42  43
 
*** Warning at time       :      6402.250000
    Generated by Unit     : Not applicable or not available
    Generated by Type     : Not applicable or not available
    TRNSYS Message    441 : The inputs to the listed units have not converged at this timestep. The values at the last iteration will be used and the simulation will proceed.
    Reported information  : UNITS: 4   5   6   7   9  10  12  13  14  15  16  17  18  19  20  21  25  26  28  29  31  32  33  40  42  43
 
*** Warning at time       :      6402.500000
    Generated by Unit     : Not applicable or not available
    Generated by Type     : Not applicable or not available
    TRNSYS Message    441 : The inputs to the listed units have not converged at this timestep. The values at the last iteration will be used and the simulation will proceed.
    Reported information  : UNITS: 4   5   6   7   9  10  12  13  14  15  16  17  18  19  20  21  25  26  28  29  31  32  33  40  42  43
 
*** Warning at time       :      6402.750000
    Generated by Unit     : Not applicable or not available
    Generated by Type     : Not applicable or not available
    TRNSYS Message    441 : The inputs to the listed units have not converged at this timestep. The values at the last iteration will be used and the simulation will proceed.
    Reported information  : UNITS: 4   5   6   7   9  10  12  13  14  15  16  17  18  19  20  21  25  26  28  29  31  32  33  40  42  43
 
*** Warning at time       :      6450.750000
    Generated by Unit     : Not applicable or not available
    Generated by Type     : Not applicable or not available
    TRNSYS Message    441 : The inputs to the listed units have not converged at this timestep. The values at the last iteration will be used and the simulation will proceed.
    Reported information  : UNITS: 4   5   6   7   9  10  12  13  14  15  16  17  18  19  20  21  25  26  28  29  31  32  33  40  42  43
 
*** Warning at time       :      6451.000000
    Generated by Unit     : Not applicable or not available
    Generated by Type     : Not applicable or not available
    TRNSYS Message    441 : The inputs to the listed units have not converged at this timestep. The values at the last iteration will be used and the simulation will proceed.
    Reported information  : UNITS: 4   5   6   7   9  10  12  13  14  15  16  17  18  19  20  21  25  26  28  29  31  32  33  40  42  43
 
*** Warning at time       :      6451.250000
    Generated by Unit     : Not applicable or not available
    Generated by Type     : Not applicable or not available
    TRNSYS Message    441 : The inputs to the listed units have not converged at this timestep. The values at the last iteration will be used and the simulation will proceed.
    Reported information  : UNITS: 4   5   6   7   9  10  12  13  14  15  16  17  18  19  20  21  25  26  28  29  31  32  33  40  42  43
 
*** Warning at time       :      6451.500000
    Generated by Unit     : Not applicable or not available
    Generated by Type     : Not applicable or not available
    TRNSYS Message    441 : The inputs to the listed units have not converged at this timestep. The values at the last iteration will be used and the simulation will proceed.
    Reported information  : UNITS: 4   5   6   7   9  10  12  13  14  15  16  17  18  19  20  21  25  26  28  29  31  32  33  40  42  43
 
*** Warning at time       :      6462.500000
    Generated by Unit     : Not applicable or not available
    Generated by Type     : Not applicable or not available
    TRNSYS Message    441 : The inputs to the listed units have not converged at this timestep. The values at the last iteration will be used and the simulation will proceed.
    Reported information  : UNITS: 5   6   7  26  32  35  36  37  38
 
*** Warning at time       :      6552.000000
    Generated by Unit     :    23
    Generated by Type     :    15
    Message               : The calculated horizontal diffuse radiation exceeded the horizontal extraterrestrial radiation and was set to the extraterrestrial for 5 timesteps during the simulation.
 
*** Warning at time       :      6552.000000
    Generated by Unit     :    23
    Generated by Type     :    15
    Message               : The total horizontal radiation calculated from the sum of the beam and diffuse horizontal radiation exceeded the horizontal extraterrestrial radiation and was set to the extraterrestrial. The beam and diffuse radiation on the horizontal were then calculated base on their original ratios for 4 timesteps during the simulation.
 
*** Warning at time       :      6552.000000
    Generated by Unit     :    23
    Generated by Type     :    15
    Message               : The weather data file contained positive solar radiation values when the sun was down for 2 timesteps during the simulation.
 
*** Warning at time       :      6552.000000
    Generated by Unit     :     5
    Generated by Type     :    31
    Message               : The pipe model has reported that the flow rate through the pipe during at least one of the timesteps was greater than the capacity of the pipe.  Users should be aware that at least one component in a closed piping loop should contain enough capacitance to hold at least one timesteps worth of fluid or a run-away solution may be encountered.
 
*** Warning at time       :      6552.000000
    Generated by Unit     :     6
    Generated by Type     :   114
    Message               : Pump mass balance failed during 376 timesteps. Please check the connections.
 
*** Warning at time       :      6552.000000
    Generated by Unit     :    10
    Generated by Type     :   114
    Message               : Pump mass balance failed during 377 timesteps. Please check the connections.
 
*** Warning at time       :      6552.000000
    Generated by Unit     :    13
    Generated by Type     :   114
    Message               : Pump mass balance failed during 2 timesteps. Please check the connections.
 
*** Warning at time       :      6552.000000
    Generated by Unit     :    19
    Generated by Type     :   114
    Message               : Pump mass balance failed during 16 timesteps. Please check the connections.
 
*** Warning at time       :      6552.000000
    Generated by Unit     :    20
    Generated by Type     :   114
    Message               : Pump mass balance failed during 2 timesteps. Please check the connections.
 
*** Warning at time       :      6552.000000
    Generated by Unit     :    25
    Generated by Type     :    31
    Message               : The pipe model has reported that the flow rate through the pipe during at least one of the timesteps was greater than the capacity of the pipe.  Users should be aware that at least one component in a closed piping loop should contain enough capacitance to hold at least one timesteps worth of fluid or a run-away solution may be encountered.
 
*** Warning at time       :      6552.000000
    Generated by Unit     :    28
    Generated by Type     :    31
    Message               : The pipe model has reported that the flow rate through the pipe during at least one of the timesteps was greater than the capacity of the pipe.  Users should be aware that at least one component in a closed piping loop should contain enough capacitance to hold at least one timesteps worth of fluid or a run-away solution may be encountered.
 
*** Warning at time       :      6552.000000
    Generated by Unit     :    31
    Generated by Type     :    31
    Message               : The pipe model has reported that the flow rate through the pipe during at least one of the timesteps was greater than the capacity of the pipe.  Users should be aware that at least one component in a closed piping loop should contain enough capacitance to hold at least one timesteps worth of fluid or a run-away solution may be encountered.
 
*** Warning at time       :      6552.000000
    Generated by Unit     :    32
    Generated by Type     :   114
    Message               : Pump mass balance failed during 2 timesteps. Please check the connections.
 
*** Warning at time       :      6552.000000
    Generated by Unit     :    33
    Generated by Type     :   114
    Message               : Pump mass balance failed during 2689 timesteps. Please check the connections.
 
*** Warning at time       :      6552.000000
    Generated by Unit     :    38
    Generated by Type     :   114
    Message               : Pump mass balance failed during 2 timesteps. Please check the connections.
 
*** Warning at time       :      6552.000000
    Generated by Unit     :    40
    Generated by Type     :   114
    Message               : Pump mass balance failed during 5030 timesteps. Please check the connections.
 
*** Warning at time       :      6552.000000
    Generated by Unit     :    43
    Generated by Type     :   114
    Message               : Pump mass balance failed during 3737 timesteps. Please check the connections.
 
*** Warning at time       :      6552.000000
    Generated by Unit     : Not applicable or not available
    Generated by Type     : Not applicable or not available
    Message               : The simulation failed to converge during 380 timesteps (2% of the time).
 
*** Warning at time       :      6552.000000
    Generated by Unit     :    35
    Generated by Type     :   666
    Message               : The file Samp_C3_4C.Dat was called 1 times (0% of the time) with a first independent variable value below the range supplied in the data file. Data is interpolated within the data file range but is not extrapolated beyond the range. Performance of the equipment modeled by this UNIT may be incorrect.
 
*** Warning at time       :      6552.000000
    Generated by Unit     :     9
    Generated by Type     :   666
    Message               : The file Samp_C1.Dat was called 1 times (0% of the time) with a first independent variable value below the range supplied in the data file. Data is interpolated within the data file range but is not extrapolated beyond the range. Performance of the equipment modeled by this UNIT may be incorrect.
