1,0.00000 
2,0.00000 
3,0.00000 
4,0.00000 
5,0.00194 
6,0.00298 
7,0.00166 
8,0.00028 
9,0.00000 
10,0.00000 
11,0.00000 
12,0.00000 
13,0.00000 
14,0.00000 
15,0.00000 
16,0.00000 
17,0.00000 
18,0.00005 
19,0.00005 
20,0.00005 
21,0.00005 
22,0.00040 
23,0.00109 
24,0.00176 
25,0.00240 
26,0.00215 
27,0.00104 
28,0.00000 
29,0.00000 
30,0.00180 
31,0.00656 
32,0.01220 
33,0.01788 
34,0.02460 
35,0.03237 
36,0.03259 
37,0.02570 
38,0.02144 
39,0.02556 
40,0.04077 
41,0.06606 
42,0.07562 
43,0.06772 
44,0.06023 
45,0.05545 
46,0.05676 
47,0.06268 
48,0.05827 
49,0.04395 
50,0.03056 
51,0.02662 
52,0.03072 
53,0.03750 
54,0.04392 
55,0.04681 
56,0.05141 
57,0.05755 
58,0.06001 
59,0.05855 
60,0.05176 
61,0.04164 
62,0.03952 
63,0.05087 
64,0.06592 
65,0.08614 
66,0.08959 
67,0.07382 
68,0.05981 
69,0.04437 
70,0.03791 
71,0.03994 
72,0.04202 
73,0.04394 
74,0.04057 
75,0.03180 
76,0.02531 
77,0.01966 
78,0.01685 
79,0.01693 
80,0.01702 
81,0.01710 
82,0.01807 
83,0.01990 
84,0.02170 
85,0.02357 
86,0.02080 
87,0.01316 
88,0.00551 
89,0.00389 
90,0.00251 
91,0.00138 
92,0.00023 
93,0.00000 
94,0.00000 
95,0.00000 
96,0.00000 
97,0.00000 
98,0.00000 
99,0.00000 
100,0.00000 
101,0.00000 
102,0.00000 
103,0.00269 
104,0.00574 
105,0.01582 
106,0.02952 
107,0.04299 
108,0.06328 
109,0.08371 
110,0.09073 
111,0.08374 
112,0.07696 
113,0.06984 
114,0.07291 
115,0.08567 
116,0.09871 
117,0.11653 
118,0.11614 
119,0.09740 
120,0.08369 
121,0.07027 
122,0.06691 
123,0.07330 
124,0.07957 
125,0.08571 
126,0.07822 
127,0.05781 
128,0.04506 
129,0.03535 
130,0.03289 
131,0.02825 
132,0.02902 
133,0.03426 
134,0.03702 
135,0.03760 
136,0.03696 
137,0.03513 
138,0.03315 
139,0.03112 
140,0.03446 
141,0.04297 
142,0.04857 
143,0.05204 
144,0.05411 
145,0.05237 
146,0.05388 
147,0.05858 
148,0.06494 
149,0.06751 
150,0.07089 
151,0.07498 
152,0.07204 
153,0.06332 
154,0.04286 
155,0.02533 
156,0.01887 
157,0.01643 
158,0.02192 
159,0.03110 
160,0.03474 
161,0.03297 
162,0.02802 
163,0.02003 
164,0.01384 
165,0.00912 
166,0.00832 
167,0.01088 
168,0.01344 
169,0.01607 
170,0.01319 
171,0.00520 
172,0.00344 
173,0.00165 
174,0.00031 
175,0.00000 
176,0.00000 
177,0.00000 
178,0.00000 
179,0.00000 
180,0.00000 
181,0.00000 
182,0.00000 
183,0.00000 
184,0.00000 
185,0.00000 
186,0.00000 
187,0.00000 
188,0.00000 
189,0.00000 
190,0.00000 
191,0.00000 
192,0.00000 
193,0.00000 
194,0.00000 
195,0.00000 
196,0.00000 
197,0.00000 
198,0.00000 
199,0.00000 
200,0.00000 
201,0.00000 
202,0.00000 
203,0.00000 
204,0.00000 
205,0.00000 
206,0.00000 
207,0.00000 
208,0.00000 
209,0.00000 
210,0.00000 
211,0.00000 
212,0.00000 
213,0.00000 
214,0.00000 
215,0.00000 
216,0.00000 
217,0.00000 
218,0.00000 
219,0.00000 
220,0.00000 
221,0.00000 
222,0.00093 
223,0.00288 
224,0.00482 
225,0.00675 
226,0.01270 
227,0.02248 
228,0.02481 
229,0.02032 
230,0.01502 
231,0.00901 
232,0.01373 
233,0.02905 
234,0.04440 
235,0.05968 
236,0.06338 
237,0.05590 
238,0.05217 
239,0.05059 
240,0.04902 
241,0.04721 
242,0.04715 
243,0.04878 
244,0.04602 
245,0.03871 
246,0.03014 
247,0.02028 
248,0.01758 
249,0.02213 
250,0.02621 
251,0.03032 
252,0.02942 
253,0.02311 
254,0.01769 
255,0.01318 
256,0.01033 
257,0.00915 
258,0.00877 
259,0.00922 
260,0.01110 
261,0.01929 
262,0.03031 
263,0.05097 
264,0.07312 
265,0.10193 
266,0.11524 
267,0.11225 
268,0.10922 
269,0.10616 
270,0.09508 
271,0.07531 
272,0.05996 
273,0.04537 
274,0.03804 
275,0.03824 
276,0.03845 
277,0.03856 
278,0.04158 
279,0.04733 
280,0.05327 
281,0.05910 
282,0.06086 
283,0.05849 
284,0.05608 
285,0.05348 
286,0.05306 
287,0.05463 
288,0.05630 
289,0.05807 
290,0.05755 
291,0.05446 
292,0.05134 
293,0.04819 
294,0.04671 
295,0.04722 
296,0.04774 
297,0.04827 
298,0.05235 
299,0.06010 
300,0.06779 
301,0.07587 
302,0.08475 
303,0.09437 
304,0.10576 
305,0.11894 
306,0.13813 
307,0.16373 
308,0.20097 
309,0.24733 
310,0.23985 
311,0.17901 
312,0.14252 
313,0.10932 
314,0.08180 
315,0.05771 
316,0.03678 
317,0.02168 
318,0.03177 
319,0.08156 
320,0.14928 
321,0.23347 
322,0.29364 
323,0.31756 
324,0.33065 
325,0.32656 
326,0.31830 
327,0.30553 
328,0.29895 
329,0.29833 
330,0.28715 
331,0.26391 
332,0.27039 
333,0.31040 
334,0.34144 
335,0.36475 
336,0.38146 
337,0.39096 
338,0.40731 
339,0.42914 
340,0.43748 
341,0.43149 
342,0.43054 
343,0.43182 
344,0.41699 
345,0.38508 
346,0.35490 
347,0.32679 
348,0.30980 
349,0.30078 
350,0.29238 
351,0.28387 
352,0.24852 
353,0.19308 
354,0.15690 
355,0.13387 
356,0.08104 
357,0.02037 
358,0.00000 
359,0.00000 
360,0.00085 
361,0.00175 
362,0.00222 
363,0.00222 
364,0.00223 
365,0.00224 
366,0.00272 
367,0.00368 
368,0.00465 
369,0.00564 
370,0.00538 
371,0.00388 
372,0.00236 
373,0.00081 
374,0.00062 
375,0.00180 
376,0.00299 
377,0.00419 
378,0.00461 
379,0.00425 
380,0.00388 
381,0.00351 
382,0.00326 
383,0.00314 
384,0.00302 
385,0.00288 
386,0.00454 
387,0.01226 
388,0.02895 
389,0.04883 
390,0.06839 
391,0.08144 
392,0.09477 
393,0.11300 
394,0.11379 
395,0.09744 
396,0.08519 
397,0.07303 
398,0.06019 
399,0.04724 
400,0.03764 
401,0.02917 
402,0.03353 
403,0.05405 
404,0.08050 
405,0.10940 
406,0.11804 
407,0.09933 
408,0.08535 
409,0.07190 
410,0.07142 
411,0.08335 
412,0.09505 
413,0.11106 
414,0.10594 
415,0.08564 
416,0.06837 
417,0.05249 
418,0.06453 
419,0.09726 
420,0.10303 
421,0.08370 
422,0.06967 
423,0.06050 
424,0.06201 
425,0.07396 
426,0.08281 
427,0.08847 
428,0.09580 
429,0.10524 
430,0.11642 
431,0.12936 
432,0.14055 
433,0.15000 
434,0.19958 
435,0.28850 
436,0.29203 
437,0.21268 
438,0.14457 
439,0.10936 
440,0.09895 
441,0.09151 
442,0.08019 
443,0.06239 
444,0.05672 
445,0.06247 
446,0.07007 
447,0.07963 
448,0.07307 
449,0.05146 
450,0.03338 
451,0.02211 
452,0.01944 
453,0.02315 
454,0.02904 
455,0.04007 
456,0.05261 
457,0.06523 
458,0.07187 
459,0.07228 
460,0.07269 
461,0.07311 
462,0.06356 
463,0.04410 
464,0.02757 
465,0.01469 
466,0.01383 
467,0.02522 
468,0.03801 
469,0.05584 
470,0.06495 
471,0.06516 
472,0.06555 
473,0.06577 
474,0.06313 
475,0.05741 
476,0.05162 
477,0.04576 
478,0.04489 
479,0.04906 
480,0.05342 
481,0.05798 
482,0.07148 
483,0.09546 
484,0.12672 
485,0.15842 
486,0.19171 
487,0.20760 
488,0.22471 
489,0.24242 
490,0.24510 
491,0.23382 
492,0.22230 
493,0.20974 
494,0.19868 
495,0.18924 
496,0.17995 
497,0.17415 
498,0.16839 
499,0.16208 
500,0.15586 
501,0.14972 
502,0.14267 
503,0.13488 
504,0.12740 
505,0.12020 
506,0.11910 
507,0.12309 
508,0.12744 
509,0.13177 
510,0.13481 
511,0.13701 
512,0.13939 
513,0.14184 
514,0.14475 
515,0.14898 
516,0.15527 
517,0.16400 
518,0.17455 
519,0.18587 
520,0.17504 
521,0.14741 
522,0.12903 
523,0.15011 
524,0.15905 
525,0.18246 
526,0.21278 
527,0.25103 
528,0.28720 
529,0.31782 
530,0.36385 
531,0.42663 
532,0.43987 
533,0.40276 
534,0.37037 
535,0.35328 
536,0.36783 
537,0.41141 
538,0.43662 
539,0.44528 
540,0.46384 
541,0.49219 
542,0.50172 
543,0.49207 
544,0.41787 
545,0.30036 
546,0.20731 
547,0.12808 
548,0.07660 
549,0.03947 
550,0.01976 
551,0.00802 
552,0.00361 
553,0.00122 
554,0.00013 
555,0.00031 
556,0.00049 
557,0.00067 
558,0.00022 
559,0.00000 
560,0.00000 
561,0.00000 
562,0.00000 
563,0.00000 
564,0.00000 
565,0.00000 
566,0.00000 
567,0.00000 
568,0.00000 
569,0.00000 
570,0.00000 
571,0.00000 
572,0.00000 
573,0.00000 
574,0.00000 
575,0.00000 
576,0.00000 
577,0.00000 
578,0.00000 
579,0.00000 
580,0.00000 
581,0.00000 
582,0.00000 
583,0.00000 
584,0.00000 
585,0.00000 
586,0.00000 
587,0.00000 
588,0.00000 
589,0.00000 
590,0.00000 
591,0.00000 
592,0.00000 
593,0.00000 
594,0.00000 
595,0.00000 
596,0.00000 
597,0.00000 
598,0.00000 
599,0.00000 
600,0.00000 
601,0.00000 
602,0.00000 
603,0.00000 
604,0.00000 
605,0.00000 
606,0.00497 
607,0.01541 
608,0.02603 
609,0.03669 
610,0.04433 
611,0.04898 
612,0.06282 
613,0.08562 
614,0.12023 
615,0.16786 
616,0.20845 
617,0.24289 
618,0.26470 
619,0.27249 
620,0.26920 
621,0.25358 
622,0.24395 
623,0.23985 
624,0.22292 
625,0.19247 
626,0.15144 
627,0.11701 
628,0.11539 
629,0.14340 
630,0.18145 
631,0.21621 
632,0.21668 
633,0.18341 
634,0.14850 
635,0.12384 
636,0.11436 
637,0.14136 
638,0.19884 
639,0.24844 
640,0.20635 
641,0.09601 
642,0.03904 
643,0.02067 
644,0.00869 
645,0.00274 
646,0.00000 
647,0.00000 
648,0.00000 
649,0.00000 
650,0.00000 
651,0.00000 
652,0.00000 
653,0.00039 
654,0.00120 
655,0.00210 
656,0.00302 
657,0.00396 
658,0.00417 
659,0.00364 
660,0.00310 
661,0.00257 
662,0.00259 
663,0.00319 
664,0.00381 
665,0.00443 
666,0.00458 
667,0.00423 
668,0.00386 
669,0.00350 
670,0.00335 
671,0.00344 
672,0.00353 
673,0.00362 
674,0.00334 
675,0.00267 
676,0.00200 
677,0.00131 
678,0.00121 
679,0.00169 
680,0.00219 
681,0.00270 
682,0.00309 
683,0.00337 
684,0.00365 
685,0.00393 
686,0.00320 
687,0.00144 
688,0.00000 
689,0.00000 
690,0.00000 
691,0.00000 
692,0.00000 
693,0.00000 
694,0.00000 
695,0.00000 
696,0.00000 
697,0.00000 
698,0.00000 
699,0.00000 
700,0.00000 
701,0.00000 
702,0.00248 
703,0.00770 
704,0.01291 
705,0.01805 
706,0.02460 
707,0.03242 
708,0.04262 
709,0.05526 
710,0.07122 
711,0.09066 
712,0.09237 
713,0.07717 
714,0.06657 
715,0.06026 
716,0.05526 
717,0.05262 
718,0.04766 
719,0.04023 
720,0.04079 
721,0.04910 
722,0.05878 
723,0.06702 
724,0.08266 
725,0.10910 
726,0.14292 
727,0.18298 
728,0.20285 
729,0.19711 
730,0.17632 
731,0.14043 
732,0.11397 
733,0.10170 
734,0.08520 
735,0.06994 
736,0.05171 
737,0.03525 
738,0.02526 
739,0.01971 
740,0.02398 
741,0.03057 
742,0.03750 
743,0.04043 
744,0.04341 
745,0.04643 
746,0.04466 
747,0.03812 
748,0.03148 
749,0.02719 
750,0.02339 
751,0.02003 
752,0.01661 
753,0.01315 
754,0.01235 
755,0.01421 
756,0.01612 
757,0.01801 
758,0.02645 
759,0.04574 
760,0.06929 
761,0.09849 
762,0.11544 
763,0.11613 
764,0.11714 
765,0.11818 
766,0.12865 
767,0.15041 
768,0.18658 
769,0.22481 
770,0.22431 
771,0.18261 
772,0.14954 
773,0.12680 
774,0.12301 
775,0.13853 
776,0.15439 
777,0.17375 
778,0.18891 
779,0.19096 
780,0.19240 
781,0.19452 
782,0.18682 
783,0.17260 
784,0.16362 
785,0.15395 
786,0.14239 
787,0.12906 
788,0.11580 
789,0.10261 
790,0.09098 
791,0.07927 
792,0.06769 
793,0.05607 
794,0.05846 
795,0.07392 
796,0.08928 
797,0.10827 
798,0.13297 
799,0.16961 
800,0.19563 
801,0.19870 
802,0.17317 
803,0.13517 
804,0.12088 
805,0.16199 
806,0.24522 
807,0.31937 
808,0.38022 
809,0.42577 
810,0.48678 
811,0.56479 
812,0.58688 
813,0.55050 
814,0.51586 
815,0.48823 
816,0.49013 
817,0.52164 
818,0.54319 
819,0.55599 
820,0.53757 
821,0.48940 
822,0.45244 
823,0.42872 
824,0.40177 
825,0.37115 
826,0.34392 
827,0.31882 
828,0.29667 
829,0.27543 
830,0.25372 
831,0.23091 
832,0.19877 
833,0.15931 
834,0.13350 
835,0.11790 
836,0.07708 
837,0.02581 
838,0.01298 
839,0.02478 
840,0.04020 
841,0.05890 
842,0.07233 
843,0.08186 
844,0.09148 
845,0.10122 
846,0.10457 
847,0.10168 
848,0.09875 
849,0.09552 
850,0.09130 
851,0.08608 
852,0.08058 
853,0.07524 
854,0.07192 
855,0.06967 
856,0.06719 
857,0.06469 
858,0.05867 
859,0.04872 
860,0.03876 
861,0.03082 
862,0.02940 
863,0.03320 
864,0.03710 
865,0.04304 
866,0.04374 
867,0.03890 
868,0.03568 
869,0.03256 
870,0.03768 
871,0.05785 
872,0.07956 
873,0.10445 
874,0.10553 
875,0.08206 
876,0.06090 
877,0.04047 
878,0.03074 
879,0.02486 
880,0.01903 
881,0.01312 
882,0.01194 
883,0.01550 
884,0.01906 
885,0.02263 
886,0.02729 
887,0.03298 
888,0.03847 
889,0.04524 
890,0.04675 
891,0.04104 
892,0.03739 
893,0.03379 
894,0.03213 
895,0.03291 
896,0.03371 
897,0.03466 
898,0.03717 
899,0.04116 
900,0.06051 
901,0.09475 
902,0.18451 
903,0.34144 
904,0.38569 
905,0.30509 
906,0.27034 
907,0.27820 
908,0.30342 
909,0.32803 
910,0.31330 
911,0.26135 
912,0.23405 
913,0.23073 
914,0.26116 
915,0.32467 
916,0.37157 
917,0.40014 
918,0.43809 
919,0.47781 
920,0.51259 
921,0.54701 
922,0.59161 
923,0.65154 
924,0.72071 
925,0.81504 
926,0.87208 
927,0.86689 
928,0.83192 
929,0.77313 
930,0.70920 
931,0.62957 
932,0.52356 
933,0.40716 
934,0.46050 
935,0.66249 
936,0.84516 
937,0.99966 
938,1.04427 
939,1.01138 
940,0.97548 
941,0.92154 
942,0.86828 
943,0.81529 
944,0.76259 
945,0.70667 
946,0.62246 
947,0.51300 
948,0.39735 
949,0.29842 
950,0.21590 
951,0.15370 
952,0.11041 
953,0.07583 
954,0.06177 
955,0.05938 
956,0.05679 
957,0.05416 
958,0.05903 
959,0.07165 
960,0.08505 
961,0.10384 
962,0.10780 
963,0.09632 
964,0.08633 
965,0.07790 
966,0.07416 
967,0.07514 
968,0.07589 
969,0.07691 
970,0.08215 
971,0.09169 
972,0.10371 
973,0.11691 
974,0.11522 
975,0.09765 
976,0.08508 
977,0.07243 
978,0.06966 
979,0.07709 
980,0.08451 
981,0.09162 
982,0.10533 
983,0.12669 
984,0.14813 
985,0.16953 
986,0.18328 
987,0.17335 
988,0.16376 
989,0.15796 
990,0.15033 
991,0.14202 
992,0.13370 
993,0.12611 
994,0.17406 
995,0.28078 
996,0.36205 
997,0.39258 
998,0.39624 
999,0.36489 
1000,0.35047 
1001,0.34699 
1002,0.33494 
1003,0.32295 
1004,0.30323 
1005,0.27601 
1006,0.24287 
1007,0.26684 
1008,0.25540 
1009,0.25285 
1010,0.28384 
1011,0.34675 
1012,0.35735 
1013,0.31703 
1014,0.26790 
1015,0.21729 
1016,0.18739 
1017,0.17841 
1018,0.18304 
1019,0.20543 
1020,0.24657 
1021,0.31063 
1022,0.36800 
1023,0.38485 
1024,0.37004 
1025,0.33452 
1026,0.31262 
1027,0.30055 
1028,0.29456 
1029,0.29056 
1030,0.32931 
1031,0.41844 
1032,0.51589 
1033,0.61030 
1034,0.62462 
1035,0.55672 
1036,0.48557 
1037,0.41402 
1038,0.36155 
1039,0.33102 
1040,0.29917 
1041,0.26764 
1042,0.24227 
1043,0.22858 
1044,0.21515 
1045,0.20217 
1046,0.19570 
1047,0.19692 
1048,0.19815 
1049,0.19940 
1050,0.19460 
1051,0.18478 
1052,0.17482 
1053,0.16474 
1054,0.17532 
1055,0.20745 
1056,0.24211 
1057,0.27900 
1058,0.34543 
1059,0.43002 
1060,0.52503 
1061,0.62853 
1062,0.65870 
1063,0.61420 
1064,0.57062 
1065,0.52399 
1066,0.45616 
1067,0.37076 
1068,0.29179 
1069,0.22938 
1070,0.17419 
1071,0.14609 
1072,0.11793 
1073,0.09248 
1074,0.08059 
1075,0.07688 
1076,0.07342 
1077,0.06968 
1078,0.06761 
1079,0.06720 
1080,0.06680 
1081,0.06641 
1082,0.07226 
1083,0.08470 
1084,0.09701 
1085,0.11346 
1086,0.10271 
1087,0.07563 
1088,0.05167 
1089,0.03776 
1090,0.04070 
1091,0.06324 
1092,0.08091 
1093,0.09406 
1094,0.11755 
1095,0.15368 
1096,0.18536 
1097,0.21326 
1098,0.24154 
1099,0.26941 
1100,0.27529 
1101,0.25889 
1102,0.23931 
1103,0.21639 
1104,0.22378 
1105,0.26197 
1106,0.30807 
1107,0.36245 
1108,0.35599 
1109,0.28920 
1110,0.23201 
1111,0.18421 
1112,0.16368 
1113,0.16896 
1114,0.17205 
1115,0.17351 
1116,0.15322 
1117,0.11312 
1118,0.08357 
1119,0.06311 
1120,0.05012 
1121,0.04479 
1122,0.04011 
1123,0.03575 
1124,0.02581 
1125,0.01135 
1126,0.00518 
1127,0.00996 
1128,0.01635 
1129,0.02280 
1130,0.02933 
1131,0.03733 
1132,0.04760 
1133,0.05783 
1134,0.05164 
1135,0.03055 
1136,0.01564 
1137,0.00483 
1138,0.00344 
1139,0.00385 
1140,0.00427 
1141,0.00468 
1142,0.00429 
1143,0.00310 
1144,0.00188 
1145,0.00066 
1146,0.00000 
1147,0.00000 
1148,0.00000 
1149,0.00000 
1150,0.00000 
1151,0.00000 
1152,0.00000 
1153,0.00000 
1154,0.00000 
1155,0.00000 
1156,0.00000 
1157,0.00000 
1158,0.00000 
1159,0.00000 
1160,0.00000 
1161,0.00000 
1162,0.00000 
1163,0.00000 
1164,0.00000 
1165,0.00031 
1166,0.00268 
1167,0.00581 
1168,0.01315 
1169,0.02807 
1170,0.03281 
1171,0.02767 
1172,0.02253 
1173,0.01755 
1174,0.01910 
1175,0.02695 
1176,0.03454 
1177,0.04246 
1178,0.05338 
1179,0.06364 
1180,0.07359 
1181,0.08367 
1182,0.08849 
1183,0.08910 
1184,0.08989 
1185,0.09078 
1186,0.14121 
1187,0.25617 
1188,0.28789 
1189,0.21859 
1190,0.17974 
1191,0.17889 
1192,0.18747 
1193,0.20433 
1194,0.21814 
1195,0.22755 
1196,0.22872 
1197,0.22134 
1198,0.20579 
1199,0.18640 
1200,0.17913 
1201,0.18913 
1202,0.21999 
1203,0.26055 
1204,0.24512 
1205,0.17516 
1206,0.13015 
1207,0.10815 
1208,0.09808 
1209,0.10029 
1210,0.09994 
1211,0.10011 
1212,0.08911 
1213,0.06693 
1214,0.04410 
1215,0.02147 
1216,0.01106 
1217,0.01240 
1218,0.01066 
1219,0.00606 
1220,0.00345 
1221,0.00216 
1222,0.00281 
1223,0.00373 
1224,0.00462 
1225,0.00551 
1226,0.01590 
1227,0.03308 
1228,0.05933 
1229,0.09006 
1230,0.10002 
1231,0.08345 
1232,0.06893 
1233,0.05661 
1234,0.04569 
1235,0.03593 
1236,0.02869 
1237,0.02235 
1238,0.01833 
1239,0.01660 
1240,0.01484 
1241,0.01304 
1242,0.01854 
1243,0.03145 
1244,0.04952 
1245,0.07039 
1246,0.07145 
1247,0.05194 
1248,0.03401 
1249,0.02061 
1250,0.01381 
1251,0.01395 
1252,0.01405 
1253,0.01420 
1254,0.01377 
1255,0.01285 
1256,0.01186 
1257,0.01084 
1258,0.00650 
1259,0.00325 
1260,0.00000 
1261,0.00000 
1262,0.00000 
1263,0.00000 
1264,0.00000 
1265,0.00000 
1266,0.00000 
1267,0.00000 
1268,0.00000 
1269,0.00000 
1270,0.00000 
1271,0.00000 
1272,0.00000 
1273,0.00000 
1274,0.00000 
1275,0.00000 
1276,0.00000 
1277,0.00000 
1278,0.00973 
1279,0.03345 
1280,0.06194 
1281,0.09504 
1282,0.13748 
1283,0.19158 
1284,0.23897 
1285,0.27867 
1286,0.32343 
1287,0.37409 
1288,0.41605 
1289,0.44933 
1290,0.49002 
1291,0.53753 
1292,0.56448 
1293,0.57018 
1294,0.58392 
1295,0.60533 
1296,0.61211 
1297,0.60404 
1298,0.60009 
1299,0.59856 
1300,0.58751 
1301,0.56444 
1302,0.54471 
1303,0.52786 
1304,0.51376 
1305,0.50434 
1306,0.49366 
1307,0.48397 
1308,0.45679 
1309,0.41653 
1310,0.38044 
1311,0.35007 
1312,0.30063 
1313,0.23816 
1314,0.19714 
1315,0.17195 
1316,0.10764 
1317,0.02770 
1318,0.00000 
1319,0.00000 
1320,0.00000 
1321,0.00000 
1322,0.00000 
1323,0.00000 
1324,0.00000 
1325,0.00000 
1326,0.00000 
1327,0.00000 
1328,0.00000 
1329,0.00022 
1330,0.00153 
1331,0.00304 
1332,0.00457 
1333,0.00778 
1334,0.01013 
1335,0.00747 
1336,0.00563 
1337,0.00510 
1338,0.00506 
1339,0.00553 
1340,0.00599 
1341,0.00750 
1342,0.00764 
1343,0.00633 
1344,0.00606 
1345,0.00578 
1346,0.00586 
1347,0.00634 
1348,0.00681 
1349,0.00846 
1350,0.01133 
1351,0.01485 
1352,0.01845 
1353,0.02212 
1354,0.02528 
1355,0.02792 
1356,0.03051 
1357,0.03313 
1358,0.04185 
1359,0.06367 
1360,0.08674 
1361,0.11316 
1362,0.13410 
1363,0.14460 
1364,0.15510 
1365,0.16562 
1366,0.17292 
1367,0.17634 
1368,0.18366 
1369,0.19168 
1370,0.19437 
1371,0.19251 
1372,0.19131 
1373,0.18951 
1374,0.20173 
1375,0.22946 
1376,0.25607 
1377,0.28212 
1378,0.27981 
1379,0.25040 
1380,0.22968 
1381,0.21901 
1382,0.22183 
1383,0.23853 
1384,0.23644 
1385,0.21052 
1386,0.18323 
1387,0.16343 
1388,0.15462 
1389,0.14881 
1390,0.15706 
1391,0.17015 
1392,0.16113 
1393,0.13115 
1394,0.10852 
1395,0.09197 
1396,0.08372 
1397,0.08342 
1398,0.08070 
1399,0.07532 
1400,0.07530 
1401,0.08057 
1402,0.08640 
1403,0.09566 
1404,0.10497 
1405,0.10907 
1406,0.12675 
1407,0.15325 
1408,0.16975 
1409,0.17387 
1410,0.16649 
1411,0.13603 
1412,0.11878 
1413,0.10977 
1414,0.11189 
1415,0.12572 
1416,0.14861 
1417,0.17308 
1418,0.20971 
1419,0.26916 
1420,0.33778 
1421,0.41192 
1422,0.46796 
1423,0.49534 
1424,0.52316 
1425,0.55143 
1426,0.55444 
1427,0.53176 
1428,0.50896 
1429,0.48602 
1430,0.48872 
1431,0.51607 
1432,0.54373 
1433,0.57170 
1434,0.57494 
1435,0.55302 
1436,0.53085 
1437,0.50843 
1438,0.45762 
1439,0.38628 
1440,0.31789 
1441,0.25599 
1442,0.21506 
1443,0.18620 
1444,0.15833 
1445,0.14245 
1446,0.13982 
1447,0.15067 
1448,0.16173 
1449,0.17815 
1450,0.16884 
1451,0.14803 
1452,0.12704 
1453,0.10598 
1454,0.08105 
1455,0.05132 
1456,0.02930 
1457,0.01022 
1458,0.00580 
1459,0.00530 
1460,0.00480 
1461,0.00430 
1462,0.00453 
1463,0.00551 
1464,0.00646 
1465,0.00768 
1466,0.01280 
1467,0.01839 
1468,0.02388 
1469,0.02925 
1470,0.03063 
1471,0.02940 
1472,0.02786 
1473,0.02630 
1474,0.02780 
1475,0.03216 
1476,0.04088 
1477,0.05351 
1478,0.07226 
1479,0.09667 
1480,0.12171 
1481,0.15137 
1482,0.17056 
1483,0.18060 
1484,0.18010 
1485,0.17091 
1486,0.16868 
1487,0.17078 
1488,0.16544 
1489,0.15303 
1490,0.14724 
1491,0.14784 
1492,0.13803 
1493,0.11928 
1494,0.09195 
1495,0.05947 
1496,0.03861 
1497,0.03510 
1498,0.02752 
1499,0.01606 
1500,0.01749 
1501,0.03201 
1502,0.04750 
1503,0.07003 
1504,0.07841 
1505,0.07215 
1506,0.06277 
1507,0.04997 
1508,0.03441 
1509,0.01610 
1510,0.00512 
1511,0.00389 
1512,0.00265 
1513,0.00140 
1514,0.00149 
1515,0.00296 
1516,0.00444 
1517,0.00752 
1518,0.01200 
1519,0.01383 
1520,0.01573 
1521,0.01766 
1522,0.01503 
1523,0.00782 
1524,0.00464 
1525,0.00311 
1526,0.00187 
1527,0.00091 
1528,0.00000 
1529,0.00000 
1530,0.00000 
1531,0.00024 
1532,0.00144 
1533,0.00266 
1534,0.00353 
1535,0.00402 
1536,0.00454 
1537,0.00509 
1538,0.00593 
1539,0.00861 
1540,0.01399 
1541,0.01946 
1542,0.02230 
1543,0.02251 
1544,0.02266 
1545,0.02288 
1546,0.02583 
1547,0.03173 
1548,0.03763 
1549,0.04484 
1550,0.04694 
1551,0.04175 
1552,0.03841 
1553,0.03505 
1554,0.02922 
1555,0.02114 
1556,0.01295 
1557,0.00679 
1558,0.00530 
1559,0.00404 
1560,0.00281 
1561,0.00160 
1562,0.00064 
1563,0.00000 
1564,0.00000 
1565,0.00000 
1566,0.00110 
1567,0.00504 
1568,0.00956 
1569,0.01401 
1570,0.02047 
1571,0.02505 
1572,0.03588 
1573,0.05318 
1574,0.07131 
1575,0.08632 
1576,0.10028 
1577,0.11272 
1578,0.11223 
1579,0.09901 
1580,0.08279 
1581,0.06018 
1582,0.05124 
1583,0.05397 
1584,0.05998 
1585,0.06868 
1586,0.07182 
1587,0.06709 
1588,0.06197 
1589,0.05574 
1590,0.05466 
1591,0.05859 
1592,0.06486 
1593,0.07498 
1594,0.08989 
1595,0.11023 
1596,0.13281 
1597,0.15169 
1598,0.16616 
1599,0.16241 
1600,0.15857 
1601,0.15544 
1602,0.14578 
1603,0.13131 
1604,0.12036 
1605,0.10915 
1606,0.09410 
1607,0.07471 
1608,0.05946 
1609,0.04486 
1610,0.03556 
1611,0.03160 
1612,0.02905 
1613,0.02649 
1614,0.02220 
1615,0.01609 
1616,0.00994 
1617,0.00524 
1618,0.00489 
1619,0.00547 
1620,0.00737 
1621,0.01013 
1622,0.01662 
1623,0.02689 
1624,0.03930 
1625,0.05555 
1626,0.06905 
1627,0.08053 
1628,0.09522 
1629,0.11007 
1630,0.11751 
1631,0.11670 
1632,0.11584 
1633,0.11529 
1634,0.10901 
1635,0.09770 
1636,0.08728 
1637,0.07900 
1638,0.06745 
1639,0.05244 
1640,0.03845 
1641,0.02868 
1642,0.02369 
1643,0.02394 
1644,0.02410 
1645,0.02427 
1646,0.01553 
1647,0.00540 
1648,0.00168 
1649,0.00000 
1650,0.00000 
1651,0.00000 
1652,0.00000 
1653,0.00000 
1654,0.00000 
1655,0.00042 
1656,0.00262 
1657,0.00479 
1658,0.00476 
1659,0.00256 
1660,0.00041 
1661,0.00000 
1662,0.01079 
1663,0.03763 
1664,0.06102 
1665,0.07276 
1666,0.08509 
1667,0.10022 
1668,0.11119 
1669,0.11835 
1670,0.12694 
1671,0.13742 
1672,0.13962 
1673,0.13352 
1674,0.12930 
1675,0.12637 
1676,0.13419 
1677,0.15732 
1678,0.17786 
1679,0.20229 
1680,0.22863 
1681,0.26228 
1682,0.29820 
1683,0.33601 
1684,0.31579 
1685,0.24075 
1686,0.18221 
1687,0.13950 
1688,0.10945 
1689,0.09559 
1690,0.07910 
1691,0.07321 
1692,0.08196 
1693,0.09347 
1694,0.11194 
1695,0.13664 
1696,0.18095 
1697,0.22560 
1698,0.23380 
1699,0.20548 
1700,0.17248 
1701,0.13557 
1702,0.12452 
1703,0.12894 
1704,0.13590 
1705,0.14313 
1706,0.14390 
1707,0.13736 
1708,0.13173 
1709,0.12823 
1710,0.13282 
1711,0.15457 
1712,0.17729 
1713,0.20039 
1714,0.21782 
1715,0.22871 
1716,0.24026 
1717,0.25365 
1718,0.26893 
1719,0.28502 
1720,0.30119 
1721,0.31747 
1722,0.34510 
1723,0.38343 
1724,0.42597 
1725,0.47303 
1726,0.49438 
1727,0.48938 
1728,0.48406 
1729,0.47840 
1730,0.52243 
1731,0.61647 
1732,0.71160 
1733,0.80117 
1734,0.77202 
1735,0.61462 
1736,0.45558 
1737,0.31702 
1738,0.24196 
1739,0.19825 
1740,0.16287 
1741,0.13904 
1742,0.12288 
1743,0.11521 
1744,0.10791 
1745,0.10021 
1746,0.10797 
1747,0.13168 
1748,0.15501 
1749,0.17859 
1750,0.18966 
1751,0.17267 
1752,0.16131 
1753,0.15010 
1754,0.15286 
1755,0.16874 
1756,0.19715 
1757,0.22694 
1758,0.24048 
1759,0.23809 
1760,0.23607 
1761,0.23428 
1762,0.23702 
1763,0.24248 
1764,0.24792 
1765,0.25263 
1766,0.25098 
1767,0.24363 
1768,0.27120 
1769,0.33510 
1770,0.40160 
1771,0.46646 
1772,0.50530 
1773,0.51573 
1774,0.57440 
1775,0.67977 
1776,0.74104 
1777,0.76999 
1778,0.80220 
1779,0.83800 
1780,0.83998 
1781,0.81388 
1782,0.74830 
1783,0.64248 
1784,0.54790 
1785,0.46538 
1786,0.39728 
1787,0.36164 
1788,0.34185 
1789,0.33628 
1790,0.34751 
1791,0.35846 
1792,0.32833 
1793,0.26593 
1794,0.21843 
1795,0.18078 
1796,0.15166 
1797,0.13164 
1798,0.13126 
1799,0.15196 
1800,0.17387 
1801,0.19549 
1802,0.20491 
1803,0.20256 
1804,0.19964 
1805,0.19670 
1806,0.21042 
1807,0.24056 
1808,0.28152 
1809,0.32415 
1810,0.33641 
1811,0.31775 
1812,0.29800 
1813,0.27893 
1814,0.26148 
1815,0.24921 
1816,0.23799 
1817,0.22743 
1818,0.23576 
1819,0.26582 
1820,0.30504 
1821,0.34476 
1822,0.35725 
1823,0.34065 
1824,0.32454 
1825,0.30778 
1826,0.28850 
1827,0.27244 
1828,0.25737 
1829,0.24208 
1830,0.23025 
1831,0.22028 
1832,0.21075 
1833,0.20088 
1834,0.18303 
1835,0.16621 
1836,0.15242 
1837,0.13781 
1838,0.11855 
1839,0.09658 
1840,0.07927 
1841,0.06172 
1842,0.04793 
1843,0.04023 
1844,0.03392 
1845,0.02770 
1846,0.02564 
1847,0.02754 
1848,0.02929 
1849,0.03107 
1850,0.02910 
1851,0.02338 
1852,0.01778 
1853,0.01218 
1854,0.02068 
1855,0.04441 
1856,0.06768 
1857,0.09026 
1858,0.11137 
1859,0.12688 
1860,0.15350 
1861,0.19468 
1862,0.22580 
1863,0.24936 
1864,0.27379 
1865,0.29678 
1866,0.30304 
1867,0.29053 
1868,0.29184 
1869,0.30785 
1870,0.33562 
1871,0.37488 
1872,0.33130 
1873,0.20821 
1874,0.12499 
1875,0.08106 
1876,0.08206 
1877,0.12545 
1878,0.17740 
1879,0.23819 
1880,0.26052 
1881,0.23758 
1882,0.21099 
1883,0.18115 
1884,0.18307 
1885,0.21471 
1886,0.25649 
1887,0.30692 
1888,0.33264 
1889,0.33228 
1890,0.33561 
1891,0.34483 
1892,0.34285 
1893,0.33277 
1894,0.31977 
1895,0.29709 
1896,0.27415 
1897,0.25179 
1898,0.21571 
1899,0.17250 
1900,0.12904 
1901,0.10485 
1902,0.08185 
1903,0.06334 
1904,0.04707 
1905,0.03124 
1906,0.02740 
1907,0.03023 
1908,0.03317 
1909,0.03765 
1910,0.03797 
1911,0.03395 
1912,0.03150 
1913,0.02898 
1914,0.02341 
1915,0.01479 
1916,0.00616 
1917,0.00432 
1918,0.00312 
1919,0.00253 
1920,0.00192 
1921,0.00128 
1922,0.00153 
1923,0.00269 
1924,0.00386 
1925,0.00505 
1926,0.00652 
1927,0.01260 
1928,0.02093 
1929,0.02945 
1930,0.03572 
1931,0.03985 
1932,0.04396 
1933,0.05016 
1934,0.06217 
1935,0.07963 
1936,0.09676 
1937,0.11845 
1938,0.13783 
1939,0.15206 
1940,0.16601 
1941,0.18302 
1942,0.19426 
1943,0.19043 
1944,0.18675 
1945,0.18321 
1946,0.18155 
1947,0.18106 
1948,0.18058 
1949,0.18068 
1950,0.20232 
1951,0.25881 
1952,0.33094 
1953,0.41900 
1954,0.47031 
1955,0.46394 
1956,0.51673 
1957,0.63926 
1958,0.74077 
1959,0.81628 
1960,0.86430 
1961,0.88853 
1962,0.89993 
1963,0.90238 
1964,0.88418 
1965,0.84811 
1966,0.86568 
1967,0.93580 
1968,1.01088 
1969,1.08402 
1970,1.20180 
1971,1.35959 
1972,1.49440 
1973,1.59689 
1974,1.61803 
1975,1.58893 
1976,1.53802 
1977,1.45234 
1978,1.38534 
1979,1.33072 
1980,1.26391 
1981,1.18455 
1982,1.07456 
1983,0.93150 
1984,0.79404 
1985,0.65184 
1986,0.58410 
1987,0.58668 
1988,0.53925 
1989,0.47041 
1990,0.42398 
1991,0.37926 
1992,0.34103 
1993,0.30497 
1994,0.28091 
1995,0.26814 
1996,0.25528 
1997,0.24172 
1998,0.23623 
1999,0.23701 
2000,0.23841 
2001,0.23982 
2002,0.25769 
2003,0.29231 
2004,0.32822 
2005,0.36377 
2006,0.37421 
2007,0.35895 
2008,0.34334 
2009,0.32735 
2010,0.33886 
2011,0.37779 
2012,0.41995 
2013,0.46934 
2014,0.49085 
2015,0.48476 
2016,0.47830 
2017,0.47144 
2018,0.49368 
2019,0.54388 
2020,0.59609 
2021,0.64870 
2022,0.62807 
2023,0.53238 
2024,0.44251 
2025,0.36077 
2026,0.36472 
2027,0.45562 
2028,0.55826 
2029,0.67069 
2030,0.66184 
2031,0.53216 
2032,0.41986 
2033,0.31256 
2034,0.27414 
2035,0.27434 
2036,0.27356 
2037,0.27376 
2038,0.27065 
2039,0.26429 
2040,0.25711 
2041,0.25094 
2042,0.18831 
2043,0.11524 
2044,0.06234 
2045,0.02478 
2046,0.01993 
2047,0.04343 
2048,0.07013 
2049,0.09961 
2050,0.12204 
2051,0.13791 
2052,0.15882 
2053,0.18939 
2054,0.22352 
2055,0.26071 
2056,0.28956 
2057,0.30852 
2058,0.33794 
2059,0.37866 
2060,0.38357 
2061,0.35082 
2062,0.31357 
2063,0.27073 
2064,0.27507 
2065,0.32423 
2066,0.36403 
2067,0.39444 
2068,0.41611 
2069,0.42860 
2070,0.44588 
2071,0.46974 
2072,0.47228 
2073,0.45621 
2074,0.45038 
2075,0.45323 
2076,0.42338 
2077,0.36394 
2078,0.31313 
2079,0.26833 
2080,0.23341 
2081,0.20362 
2082,0.18725 
2083,0.17939 
2084,0.12079 
2085,0.03743 
2086,0.01264 
2087,0.02319 
2088,0.03496 
2089,0.05166 
2090,0.06975 
2091,0.09546 
2092,0.12275 
2093,0.16531 
2094,0.16983 
2095,0.13089 
2096,0.10824 
2097,0.08555 
2098,0.07715 
2099,0.08341 
2100,0.08997 
2101,0.09633 
2102,0.09088 
2103,0.07432 
2104,0.06119 
2105,0.04796 
2106,0.04151 
2107,0.04191 
2108,0.04231 
2109,0.04272 
2110,0.04352 
2111,0.04463 
2112,0.04579 
2113,0.04702 
2114,0.05112 
2115,0.05846 
2116,0.06568 
2117,0.07296 
2118,0.06644 
2119,0.04574 
2120,0.03068 
2121,0.01701 
2122,0.00646 
2123,0.00353 
2124,0.00055 
2125,0.00000 
2126,0.00000 
2127,0.00000 
2128,0.00043 
2129,0.00223 
2130,0.00274 
2131,0.00197 
2132,0.00121 
2133,0.00044 
2134,0.00043 
2135,0.00119 
2136,0.00195 
2137,0.00269 
2138,0.00242 
2139,0.00116 
2140,0.00000 
2141,0.00000 
2142,0.01264 
2143,0.04447 
2144,0.08393 
2145,0.12979 
2146,0.16794 
2147,0.19307 
2148,0.20433 
2149,0.19704 
2150,0.18615 
2151,0.17166 
2152,0.16887 
2153,0.18121 
2154,0.18402 
2155,0.18518 
2156,0.19213 
2157,0.22790 
2158,0.28453 
2159,0.32832 
2160,0.34050 
2161,0.32377 
2162,0.31523 
2163,0.31580 
2164,0.31655 
2165,0.31640 
2166,0.32461 
2167,0.34032 
2168,0.32588 
2169,0.28300 
2170,0.25523 
2171,0.24245 
2172,0.19944 
2173,0.13010 
2174,0.08476 
2175,0.06089 
2176,0.04732 
2177,0.04430 
2178,0.03978 
2179,0.03410 
2180,0.02318 
2181,0.00740 
2182,0.00000 
2183,0.00000 
2184,0.00000 
2185,0.00000 
2186,0.00000 
2187,0.00000 
2188,0.00000 
2189,0.00000 
2190,0.00000 
2191,0.00000 
2192,0.00000 
2193,0.00000 
2194,0.00000 
2195,0.00000 
2196,0.00000 
2197,0.00000 
2198,0.00000 
2199,0.00000 
2200,0.00000 
2201,0.00000 
2202,0.00000 
2203,0.00000 
2204,0.00000 
2205,0.00000 
2206,0.00000 
2207,0.00000 
2208,0.00000 
2209,0.00000 
2210,0.00000 
2211,0.00000 
2212,0.00000 
2213,0.00000 
2214,0.00000 
2215,0.00000 
2216,0.00000 
2217,0.00000 
2218,0.00000 
2219,0.00000 
2220,0.00000 
2221,0.00000 
2222,0.00000 
2223,0.00000 
2224,0.00000 
2225,0.00000 
2226,0.00000 
2227,0.00000 
2228,0.00000 
2229,0.00000 
2230,0.00000 
2231,0.00000 
2232,0.00000 
2233,0.00000 
2234,0.00000 
2235,0.00000 
2236,0.00000 
2237,0.00000 
2238,0.00471 
2239,0.01455 
2240,0.02440 
2241,0.03417 
2242,0.03094 
2243,0.01532 
2244,0.02317 
2245,0.05369 
2246,0.07962 
2247,0.10110 
2248,0.11569 
2249,0.12363 
2250,0.13577 
2251,0.15211 
2252,0.16362 
2253,0.16956 
2254,0.17749 
2255,0.18720 
2256,0.18512 
2257,0.17122 
2258,0.15870 
2259,0.14647 
2260,0.14653 
2261,0.15864 
2262,0.16628 
2263,0.16932 
2264,0.18006 
2265,0.19764 
2266,0.21721 
2267,0.23807 
2268,0.23589 
2269,0.21169 
2270,0.19506 
2271,0.18498 
2272,0.16208 
2273,0.12891 
2274,0.10420 
2275,0.08646 
2276,0.05543 
2277,0.01640 
2278,0.00000 
2279,0.00000 
2280,0.00000 
2281,0.00000 
2282,0.00000 
2283,0.00000 
2284,0.00000 
2285,0.00000 
2286,0.00000 
2287,0.00000 
2288,0.00000 
2289,0.00000 
2290,0.00000 
2291,0.00000 
2292,0.00000 
2293,0.00000 
2294,0.00015 
2295,0.00036 
2296,0.00058 
2297,0.00079 
2298,0.00166 
2299,0.00318 
2300,0.00472 
2301,0.00629 
2302,0.00661 
2303,0.00562 
2304,0.00460 
2305,0.00352 
2306,0.00357 
2307,0.00479 
2308,0.00603 
2309,0.00728 
2310,0.00672 
2311,0.00431 
2312,0.00182 
2313,0.00000 
2314,0.00000 
2315,0.00000 
2316,0.00000 
2317,0.00000 
2318,0.00000 
2319,0.00000 
2320,0.00000 
2321,0.00000 
2322,0.00000 
2323,0.00000 
2324,0.00000 
2325,0.00000 
2326,0.00000 
2327,0.00000 
2328,0.00000 
2329,0.00000 
2330,0.00000 
2331,0.00107 
2332,0.00310 
2333,0.00509 
2334,0.01505 
2335,0.03373 
2336,0.03700 
2337,0.02507 
2338,0.01502 
2339,0.01028 
2340,0.00919 
2341,0.02367 
2342,0.04118 
2343,0.04595 
2344,0.06768 
2345,0.10604 
2346,0.15017 
2347,0.20021 
2348,0.22869 
2349,0.23585 
2350,0.24844 
2351,0.26674 
2352,0.28385 
2353,0.30159 
2354,0.32658 
2355,0.35984 
2356,0.36147 
2357,0.33355 
2358,0.31991 
2359,0.31935 
2360,0.29911 
2361,0.25831 
2362,0.22000 
2363,0.18335 
2364,0.16255 
2365,0.15524 
2366,0.14533 
2367,0.13299 
2368,0.11397 
2369,0.08899 
2370,0.06595 
2371,0.04941 
2372,0.03219 
2373,0.01035 
2374,0.00004 
2375,0.00004 
2376,0.00004 
2377,0.00004 
2378,0.00034 
2379,0.00095 
2380,0.00155 
2381,0.00216 
2382,0.00187 
2383,0.00066 
2384,0.00000 
2385,0.00000 
2386,0.00000 
2387,0.00000 
2388,0.00000 
2389,0.00000 
2390,0.00000 
2391,0.00000 
2392,0.00000 
2393,0.00000 
2394,0.00000 
2395,0.00000 
2396,0.00000 
2397,0.00000 
2398,0.00000 
2399,0.00000 
2400,0.00000 
2401,0.00000 
2402,0.00000 
2403,0.00000 
2404,0.00000 
2405,0.00000 
2406,0.00000 
2407,0.00000 
2408,0.00000 
2409,0.00000 
2410,0.00000 
2411,0.00000 
2412,0.00197 
2413,0.00483 
2414,0.00655 
2415,0.00710 
2416,0.00765 
2417,0.00946 
2418,0.00689 
2419,0.00372 
2420,0.00058 
2421,0.00000 
2422,0.00000 
2423,0.00000 
2424,0.00000 
2425,0.00000 
2426,0.00000 
2427,0.00000 
2428,0.00000 
2429,0.00000 
2430,0.00624 
2431,0.01931 
2432,0.03240 
2433,0.04553 
2434,0.05019 
2435,0.04674 
2436,0.05514 
2437,0.07495 
2438,0.09362 
2439,0.11107 
2440,0.12253 
2441,0.12808 
2442,0.13691 
2443,0.14930 
2444,0.15291 
2445,0.14834 
2446,0.14541 
2447,0.14149 
2448,0.14117 
2449,0.14436 
2450,0.15420 
2451,0.17059 
2452,0.18134 
2453,0.19067 
2454,0.19013 
2455,0.18071 
2456,0.16566 
2457,0.14710 
2458,0.13956 
2459,0.14238 
2460,0.14359 
2461,0.14106 
2462,0.13026 
2463,0.11081 
2464,0.09627 
2465,0.08659 
2466,0.07865 
2467,0.07228 
2468,0.05890 
2469,0.03713 
2470,0.03245 
2471,0.04933 
2472,0.06715 
2473,0.08754 
2474,0.10605 
2475,0.11891 
2476,0.13155 
2477,0.14737 
2478,0.14827 
2479,0.13396 
2480,0.12222 
2481,0.11001 
2482,0.10435 
2483,0.10469 
2484,0.10503 
2485,0.10537 
2486,0.10036 
2487,0.09023 
2488,0.08087 
2489,0.07343 
2490,0.06249 
2491,0.04842 
2492,0.03527 
2493,0.02612 
2494,0.02532 
2495,0.03322 
2496,0.04267 
2497,0.05548 
2498,0.06237 
2499,0.06281 
2500,0.06326 
2501,0.06371 
2502,0.07072 
2503,0.08458 
2504,0.09884 
2505,0.11795 
2506,0.12493 
2507,0.11800 
2508,0.11096 
2509,0.10381 
2510,0.11630 
2511,0.14855 
2512,0.18149 
2513,0.23704 
2514,0.28239 
2515,0.31300 
2516,0.35221 
2517,0.39609 
2518,0.42797 
2519,0.44629 
2520,0.46562 
2521,0.48277 
2522,0.51759 
2523,0.56815 
2524,0.62049 
2525,0.67060 
2526,0.69790 
2527,0.70545 
2528,0.71320 
2529,0.72106 
2530,0.72282 
2531,0.72524 
2532,0.68941 
2533,0.61237 
2534,0.61310 
2535,0.69642 
2536,0.77697 
2537,0.85038 
2538,0.86173 
2539,0.81875 
2540,0.77871 
2541,0.74626 
2542,0.71091 
2543,0.67340 
2544,0.62853 
2545,0.57647 
2546,0.58903 
2547,0.66699 
2548,0.74657 
2549,0.82349 
2550,0.89576 
2551,0.95478 
2552,1.01248 
2553,1.06776 
2554,1.10005 
2555,1.11475 
2556,1.11287 
2557,1.09778 
2558,1.04396 
2559,0.95130 
2560,0.84772 
2561,0.74257 
2562,0.65658 
2563,0.59148 
2564,0.52132 
2565,0.44706 
2566,0.48703 
2567,0.63121 
2568,0.76668 
2569,0.88805 
2570,0.97759 
2571,1.04399 
2572,1.08898 
2573,1.13403 
2574,1.12044 
2575,1.03730 
2576,0.91747 
2577,0.79272 
2578,0.70916 
2579,0.67805 
2580,0.64466 
2581,0.61102 
2582,0.56639 
2583,0.50737 
2584,0.44854 
2585,0.39407 
2586,0.41440 
2587,0.52056 
2588,0.63186 
2589,0.73946 
2590,0.75899 
2591,0.68983 
2592,0.61384 
2593,0.53109 
2594,0.54048 
2595,0.64467 
2596,0.74982 
2597,0.85055 
2598,0.84542 
2599,0.72968 
2600,0.60223 
2601,0.48110 
2602,0.44441 
2603,0.47725 
2604,0.51088 
2605,0.54533 
2606,0.55139 
2607,0.53058 
2608,0.50779 
2609,0.48513 
2610,0.50827 
2611,0.58018 
2612,0.65760 
2613,0.73616 
2614,0.85652 
2615,1.01469 
2616,1.15005 
2617,1.27877 
2618,1.30146 
2619,1.22252 
2620,1.14399 
2621,1.06636 
2622,1.00511 
2623,0.97968 
2624,0.93621 
2625,0.86422 
2626,0.85940 
2627,0.91941 
2628,0.97994 
2629,1.03597 
2630,1.02074 
2631,0.93278 
2632,0.85815 
2633,0.79744 
2634,0.74814 
2635,0.70595 
2636,0.65490 
2637,0.58649 
2638,0.55722 
2639,0.55542 
2640,0.52942 
2641,0.48300 
2642,0.43995 
2643,0.40084 
2644,0.42029 
2645,0.49795 
2646,0.56877 
2647,0.63815 
2648,0.61192 
2649,0.49453 
2650,0.41215 
2651,0.36622 
2652,0.33389 
2653,0.31765 
2654,0.28745 
2655,0.24533 
2656,0.20394 
2657,0.16349 
2658,0.12890 
2659,0.09717 
2660,0.07146 
2661,0.05135 
2662,0.03635 
2663,0.02868 
2664,0.02176 
2665,0.01496 
2666,0.01349 
2667,0.01724 
2668,0.02108 
2669,0.02489 
2670,0.03342 
2671,0.05392 
2672,0.07499 
2673,0.10231 
2674,0.11211 
2675,0.10280 
2676,0.09305 
2677,0.08318 
2678,0.06872 
2679,0.04758 
2680,0.02976 
2681,0.01586 
2682,0.01135 
2683,0.01658 
2684,0.02188 
2685,0.02732 
2686,0.02776 
2687,0.02317 
2688,0.01827 
2689,0.01299 
2690,0.01202 
2691,0.01566 
2692,0.01925 
2693,0.02284 
2694,0.03024 
2695,0.04169 
2696,0.05805 
2697,0.07652 
2698,0.08400 
2699,0.08066 
2700,0.07699 
2701,0.07356 
2702,0.08091 
2703,0.09906 
2704,0.12139 
2705,0.14686 
2706,0.14964 
2707,0.13019 
2708,0.11074 
2709,0.09576 
2710,0.08122 
2711,0.06653 
2712,0.05227 
2713,0.04088 
2714,0.03488 
2715,0.03199 
2716,0.02928 
2717,0.02650 
2718,0.03058 
2719,0.04125 
2720,0.05747 
2721,0.07421 
2722,0.09803 
2723,0.12965 
2724,0.14742 
2725,0.15181 
2726,0.15292 
2727,0.15142 
2728,0.16303 
2729,0.18738 
2730,0.22143 
2731,0.26610 
2732,0.27406 
2733,0.24387 
2734,0.23258 
2735,0.24020 
2736,0.21373 
2737,0.15371 
2738,0.09608 
2739,0.04022 
2740,0.02910 
2741,0.05933 
2742,0.08578 
2743,0.10895 
2744,0.11384 
2745,0.10060 
2746,0.09479 
2747,0.09308 
2748,0.08361 
2749,0.06586 
2750,0.04536 
2751,0.02496 
2752,0.01628 
2753,0.01859 
2754,0.01938 
2755,0.01857 
2756,0.01414 
2757,0.00619 
2758,0.00380 
2759,0.00786 
2760,0.02056 
2761,0.03335 
2762,0.03843 
2763,0.03267 
2764,0.02782 
2765,0.02300 
2766,0.01963 
2767,0.01774 
2768,0.01582 
2769,0.01387 
2770,0.01242 
2771,0.01143 
2772,0.01043 
2773,0.00942 
2774,0.00945 
2775,0.01056 
2776,0.01165 
2777,0.01278 
2778,0.01926 
2779,0.03109 
2780,0.04548 
2781,0.06415 
2782,0.08403 
2783,0.11015 
2784,0.14035 
2785,0.17227 
2786,0.22498 
2787,0.27748 
2788,0.33331 
2789,0.40698 
2790,0.44322 
2791,0.44158 
2792,0.43990 
2793,0.43654 
2794,0.39672 
2795,0.32273 
2796,0.26494 
2797,0.20619 
2798,0.19124 
2799,0.21564 
2800,0.24132 
2801,0.26807 
2802,0.25015 
2803,0.19090 
2804,0.15693 
2805,0.12295 
2806,0.09324 
2807,0.06588 
2808,0.04190 
2809,0.02474 
2810,0.01877 
2811,0.02375 
2812,0.02865 
2813,0.03349 
2814,0.04925 
2815,0.08382 
2816,0.10885 
2817,0.11099 
2818,0.10075 
2819,0.08677 
2820,0.08745 
2821,0.09905 
2822,0.09977 
2823,0.09042 
2824,0.09265 
2825,0.10609 
2826,0.11404 
2827,0.11698 
2828,0.13397 
2829,0.16120 
2830,0.24793 
2831,0.39338 
2832,0.40844 
2833,0.29762 
2834,0.19515 
2835,0.15855 
2836,0.15532 
2837,0.17518 
2838,0.20186 
2839,0.23555 
2840,0.23566 
2841,0.20222 
2842,0.17427 
2843,0.15097 
2844,0.13854 
2845,0.13526 
2846,0.13384 
2847,0.13372 
2848,0.11449 
2849,0.07885 
2850,0.05063 
2851,0.02816 
2852,0.01271 
2853,0.00406 
2854,0.00000 
2855,0.00000 
2856,0.00000 
2857,0.00046 
2858,0.00120 
2859,0.00184 
2860,0.00248 
2861,0.00312 
2862,0.00496 
2863,0.01398 
2864,0.02867 
2865,0.04682 
2866,0.05026 
2867,0.03548 
2868,0.02492 
2869,0.01435 
2870,0.01334 
2871,0.02197 
2872,0.03071 
2873,0.03983 
2874,0.05198 
2875,0.06219 
2876,0.07264 
2877,0.08289 
2878,0.08168 
2879,0.06788 
2880,0.05350 
2881,0.04013 
2882,0.04380 
2883,0.07028 
2884,0.09717 
2885,0.13268 
2886,0.14905 
2887,0.14593 
2888,0.14217 
2889,0.13886 
2890,0.14050 
2891,0.14725 
2892,0.15411 
2893,0.16108 
2894,0.14453 
2895,0.10627 
2896,0.07657 
2897,0.04774 
2898,0.04170 
2899,0.04861 
2900,0.05905 
2901,0.06956 
2902,0.06720 
2903,0.05214 
2904,0.04107 
2905,0.03145 
2906,0.02473 
2907,0.02077 
2908,0.01676 
2909,0.01282 
2910,0.01683 
2911,0.02931 
2912,0.04188 
2913,0.05440 
2914,0.05320 
2915,0.03923 
2916,0.06098 
2917,0.11787 
2918,0.17831 
2919,0.24176 
2920,0.28996 
2921,0.32113 
2922,0.32482 
2923,0.29888 
2924,0.28265 
2925,0.27866 
2926,0.26816 
2927,0.25207 
2928,0.24246 
2929,0.24098 
2930,0.23458 
2931,0.22564 
2932,0.22912 
2933,0.24592 
2934,0.26424 
2935,0.28246 
2936,0.28846 
2937,0.28393 
2938,0.29088 
2939,0.30903 
2940,0.28460 
2941,0.22319 
2942,0.17203 
2943,0.13131 
2944,0.09816 
2945,0.07057 
2946,0.04468 
2947,0.01979 
2948,0.00566 
2949,0.00180 
2950,0.00000 
2951,0.00087 
2952,0.00255 
2953,0.00423 
2954,0.00540 
2955,0.00607 
2956,0.00817 
2957,0.01128 
2958,0.01746 
2959,0.02683 
2960,0.03634 
2961,0.05058 
2962,0.05665 
2963,0.05357 
2964,0.05046 
2965,0.04734 
2966,0.03630 
2967,0.02260 
2968,0.00869 
2969,0.00424 
2970,0.00290 
2971,0.00314 
2972,0.00339 
2973,0.00363 
2974,0.00334 
2975,0.00247 
2976,0.00154 
2977,0.00056 
2978,0.00096 
2979,0.00280 
2980,0.00463 
2981,0.00649 
2982,0.00548 
2983,0.00152 
2984,0.00000 
2985,0.00000 
2986,0.00000 
2987,0.00000 
2988,0.00299 
2989,0.00781 
2990,0.01434 
2991,0.00896 
2992,0.00752 
2993,0.00640 
2994,0.00556 
2995,0.00497 
2996,0.00439 
2997,0.00382 
2998,0.00522 
2999,0.00893 
3000,0.02493 
3001,0.04058 
3002,0.04687 
3003,0.04391 
3004,0.04100 
3005,0.03813 
3006,0.04553 
3007,0.06576 
3008,0.08905 
3009,0.11479 
3010,0.16841 
3011,0.25861 
3012,0.32078 
3013,0.34110 
3014,0.39041 
3015,0.47580 
3016,0.42723 
3017,0.23525 
3018,0.12046 
3019,0.09204 
3020,0.10004 
3021,0.14271 
3022,0.19517 
3023,0.25702 
3024,0.29541 
3025,0.31060 
3026,0.29607 
3027,0.25354 
3028,0.25585 
3029,0.30257 
3030,0.34124 
3031,0.37246 
3032,0.39191 
3033,0.39696 
3034,0.40405 
3035,0.41966 
3036,0.43739 
3037,0.45682 
3038,0.47066 
3039,0.47484 
3040,0.41986 
3041,0.32111 
3042,0.25317 
3043,0.21233 
3044,0.15346 
3045,0.08408 
3046,0.06465 
3047,0.08087 
3048,0.10163 
3049,0.12363 
3050,0.14545 
3051,0.17690 
3052,0.21444 
3053,0.25249 
3054,0.25425 
3055,0.21966 
3056,0.18375 
3057,0.15272 
3058,0.13935 
3059,0.13288 
3060,0.12637 
3061,0.11980 
3062,0.12263 
3063,0.13497 
3064,0.14741 
3065,0.15995 
3066,0.16058 
3067,0.14866 
3068,0.13720 
3069,0.12521 
3070,0.11678 
3071,0.11079 
3072,0.10435 
3073,0.09960 
3074,0.08349 
3075,0.05474 
3076,0.03390 
3077,0.01535 
3078,0.00665 
3079,0.00419 
3080,0.00165 
3081,0.00000 
3082,0.00000 
3083,0.00000 
3084,0.00000 
3085,0.00000 
3086,0.00000 
3087,0.00000 
3088,0.00477 
3089,0.01605 
3090,0.02983 
3091,0.02997 
3092,0.02999 
3093,0.03013 
3094,0.03148 
3095,0.03398 
3096,0.03657 
3097,0.03912 
3098,0.04023 
3099,0.03992 
3100,0.03962 
3101,0.03932 
3102,0.06853 
3103,0.15158 
3104,0.25043 
3105,0.37548 
3106,0.47263 
3107,0.55932 
3108,0.67443 
3109,0.84559 
3110,0.93204 
3111,0.93795 
3112,0.90417 
3113,0.83800 
3114,0.81405 
3115,0.83199 
3116,0.85769 
3117,0.89542 
3118,0.91041 
3119,0.89685 
3120,0.88282 
3121,0.86547 
3122,0.87461 
3123,0.91222 
3124,0.94717 
3125,0.98920 
3126,1.00262 
3127,0.98724 
3128,0.96134 
3129,0.92533 
3130,0.88535 
3131,0.83086 
3132,0.76457 
3133,0.69083 
3134,0.66825 
3135,0.71648 
3136,0.75813 
3137,0.79418 
3138,0.76088 
3139,0.64436 
3140,0.45293 
3141,0.24696 
3142,0.14414 
3143,0.10961 
3144,0.07896 
3145,0.05331 
3146,0.04749 
3147,0.06170 
3148,0.07636 
3149,0.09104 
3150,0.10289 
3151,0.10856 
3152,0.11431 
3153,0.12015 
3154,0.10568 
3155,0.07782 
3156,0.05228 
3157,0.03235 
3158,0.02070 
3159,0.01369 
3160,0.00727 
3161,0.00580 
3162,0.00457 
3163,0.00358 
3164,0.00258 
3165,0.00158 
3166,0.00000 
3167,0.00000 
3168,0.00000 
3169,0.00000 
3170,0.00000 
3171,0.00000 
3172,0.00000 
3173,0.00000 
3174,0.00000 
3175,0.00000 
3176,0.00000 
3177,0.00000 
3178,0.00000 
3179,0.00000 
3180,0.00000 
3181,0.00000 
3182,0.00000 
3183,0.00000 
3184,0.00000 
3185,0.00000 
3186,0.00000 
3187,0.00000 
3188,0.00000 
3189,0.00000 
3190,0.00000 
3191,0.00000 
3192,0.00000 
3193,0.00000 
3194,0.00000 
3195,0.00000 
3196,0.00000 
3197,0.00000 
3198,0.01255 
3199,0.04107 
3200,0.07280 
3201,0.10779 
3202,0.16328 
3203,0.24892 
3204,0.30497 
3205,0.31696 
3206,0.34636 
3207,0.39903 
3208,0.39629 
3209,0.33701 
3210,0.25220 
3211,0.19545 
3212,0.20411 
3213,0.25006 
3214,0.30434 
3215,0.34292 
3216,0.35986 
3217,0.35424 
3218,0.34984 
3219,0.34446 
3220,0.36449 
3221,0.40734 
3222,0.46357 
3223,0.53413 
3224,0.53115 
3225,0.45669 
3226,0.39852 
3227,0.35969 
3228,0.31942 
3229,0.27635 
3230,0.23077 
3231,0.18459 
3232,0.15089 
3233,0.12635 
3234,0.10309 
3235,0.08167 
3236,0.05433 
3237,0.01935 
3238,0.00243 
3239,0.00116 
3240,0.00000 
3241,0.00000 
3242,0.00000 
3243,0.00000 
3244,0.00000 
3245,0.00000 
3246,0.00000 
3247,0.00000 
3248,0.00000 
3249,0.00000 
3250,0.00000 
3251,0.00000 
3252,0.00000 
3253,0.00000 
3254,0.00000 
3255,0.00000 
3256,0.00000 
3257,0.00000 
3258,0.00000 
3259,0.00000 
3260,0.00000 
3261,0.00000 
3262,0.00000 
3263,0.00000 
3264,0.00000 
3265,0.00000 
3266,0.00021 
3267,0.00051 
3268,0.00081 
3269,0.00113 
3270,0.00190 
3271,0.00316 
3272,0.00446 
3273,0.00580 
3274,0.00650 
3275,0.00656 
3276,0.00663 
3277,0.00669 
3278,0.00673 
3279,0.00673 
3280,0.00671 
3281,0.00671 
3282,0.00834 
3283,0.01821 
3284,0.03382 
3285,0.04932 
3286,0.05024 
3287,0.03744 
3288,0.02484 
3289,0.01264 
3290,0.00869 
3291,0.00869 
3292,0.00866 
3293,0.00867 
3294,0.03537 
3295,0.11033 
3296,0.20705 
3297,0.32560 
3298,0.39179 
3299,0.38179 
3300,0.41138 
3301,0.49242 
3302,0.56164 
3303,0.61840 
3304,0.64342 
3305,0.63401 
3306,0.63199 
3307,0.62833 
3308,0.64232 
3309,0.67421 
3310,0.70625 
3311,0.75986 
3312,0.81984 
3313,0.87856 
3314,0.90796 
3315,0.89933 
3316,0.86196 
3317,0.79125 
3318,0.75644 
3319,0.74539 
3320,0.71737 
3321,0.66929 
3322,0.59994 
3323,0.51308 
3324,0.49264 
3325,0.52654 
3326,0.55628 
3327,0.57863 
3328,0.49822 
3329,0.33754 
3330,0.22596 
3331,0.15851 
3332,0.10581 
3333,0.05803 
3334,0.03787 
3335,0.03999 
3336,0.04222 
3337,0.04425 
3338,0.03790 
3339,0.02312 
3340,0.00819 
3341,0.00477 
3342,0.00176 
3343,0.00000 
3344,0.00000 
3345,0.00000 
3346,0.00000 
3347,0.00000 
3348,0.00000 
3349,0.00000 
3350,0.00000 
3351,0.00000 
3352,0.00186 
3353,0.00440 
3354,0.00540 
3355,0.00486 
3356,0.00430 
3357,0.00375 
3358,0.00279 
3359,0.00137 
3360,0.00000 
3361,0.00000 
3362,0.00000 
3363,0.00000 
3364,0.00000 
3365,0.00000 
3366,0.00000 
3367,0.00000 
3368,0.00000 
3369,0.00000 
3370,0.00072 
3371,0.00728 
3372,0.02919 
3373,0.06301 
3374,0.10036 
3375,0.12564 
3376,0.15728 
3377,0.19207 
3378,0.20056 
3379,0.18351 
3380,0.16568 
3381,0.14871 
3382,0.13957 
3383,0.13828 
3384,0.13701 
3385,0.13576 
3386,0.14658 
3387,0.16868 
3388,0.19143 
3389,0.21323 
3390,0.21264 
3391,0.18919 
3392,0.16591 
3393,0.14359 
3394,0.18444 
3395,0.29235 
3396,0.31355 
3397,0.24408 
3398,0.20061 
3399,0.19587 
3400,0.20317 
3401,0.21853 
3402,0.23030 
3403,0.23552 
3404,0.24983 
3405,0.30519 
3406,0.39863 
3407,0.49780 
3408,0.49582 
3409,0.39532 
3410,0.29773 
3411,0.24442 
3412,0.23734 
3413,0.24921 
3414,0.26748 
3415,0.29315 
3416,0.30792 
3417,0.31253 
3418,0.32369 
3419,0.34053 
3420,0.36187 
3421,0.41360 
3422,0.43160 
3423,0.40497 
3424,0.35173 
3425,0.26175 
3426,0.19683 
3427,0.15603 
3428,0.10945 
3429,0.05950 
3430,0.03938 
3431,0.04189 
3432,0.04438 
3433,0.04685 
3434,0.05157 
3435,0.05797 
3436,0.06444 
3437,0.07096 
3438,0.07784 
3439,0.08449 
3440,0.09156 
3441,0.09876 
3442,0.09919 
3443,0.09276 
3444,0.08633 
3445,0.07989 
3446,0.07669 
3447,0.07703 
3448,0.07706 
3449,0.07709 
3450,0.08069 
3451,0.08724 
3452,0.09379 
3453,0.10034 
3454,0.09352 
3455,0.07280 
3456,0.05183 
3457,0.03776 
3458,0.03603 
3459,0.04672 
3460,0.05914 
3461,0.07599 
3462,0.08825 
3463,0.09629 
3464,0.10449 
3465,0.11336 
3466,0.12629 
3467,0.14888 
3468,0.17352 
3469,0.19935 
3470,0.20631 
3471,0.19698 
3472,0.18665 
3473,0.17716 
3474,0.15980 
3475,0.13546 
3476,0.11764 
3477,0.09981 
3478,0.07651 
3479,0.05205 
3480,0.03405 
3481,0.01621 
3482,0.00842 
3483,0.00639 
3484,0.00438 
3485,0.00237 
3486,0.00375 
3487,0.00874 
3488,0.01379 
3489,0.01887 
3490,0.02579 
3491,0.03465 
3492,0.05881 
3493,0.09706 
3494,0.13475 
3495,0.17292 
3496,0.20697 
3497,0.23683 
3498,0.31876 
3499,0.45689 
3500,0.49560 
3501,0.43162 
3502,0.38694 
3503,0.36360 
3504,0.35384 
3505,0.35796 
3506,0.36774 
3507,0.38161 
3508,0.36812 
3509,0.32785 
3510,0.30012 
3511,0.28455 
3512,0.25468 
3513,0.20993 
3514,0.17328 
3515,0.14408 
3516,0.12565 
3517,0.12664 
3518,0.12303 
3519,0.11350 
3520,0.10981 
3521,0.11520 
3522,0.11134 
3523,0.09832 
3524,0.08712 
3525,0.07778 
3526,0.07020 
3527,0.06404 
3528,0.05787 
3529,0.05170 
3530,0.03907 
3531,0.02074 
3532,0.00709 
3533,0.00317 
3534,0.00362 
3535,0.00850 
3536,0.03177 
3537,0.05842 
3538,0.07383 
3539,0.06763 
3540,0.06112 
3541,0.05484 
3542,0.04584 
3543,0.03459 
3544,0.02343 
3545,0.01218 
3546,0.00706 
3547,0.00438 
3548,0.00171 
3549,0.00000 
3550,0.00000 
3551,0.00000 
3552,0.00145 
3553,0.00301 
3554,0.00350 
3555,0.00288 
3556,0.00226 
3557,0.00164 
3558,0.00086 
3559,0.00000 
3560,0.00000 
3561,0.00000 
3562,0.00000 
3563,0.00000 
3564,0.00157 
3565,0.00327 
3566,0.00379 
3567,0.00313 
3568,0.00246 
3569,0.00178 
3570,0.00093 
3571,0.00000 
3572,0.00000 
3573,0.00000 
3574,0.00000 
3575,0.00193 
3576,0.00492 
3577,0.00783 
3578,0.00895 
3579,0.00822 
3580,0.00753 
3581,0.00686 
3582,0.02871 
3583,0.08702 
3584,0.14347 
3585,0.17515 
3586,0.20002 
3587,0.21948 
3588,0.24838 
3589,0.28186 
3590,0.30203 
3591,0.31761 
3592,0.32497 
3593,0.41185 
3594,0.55484 
3595,0.66713 
3596,0.69401 
3597,0.64420 
3598,0.60762 
3599,0.58601 
3600,0.59365 
3601,0.63053 
3602,0.67576 
3603,0.73073 
3604,0.71981 
3605,0.64548 
3606,0.58670 
3607,0.54697 
3608,0.52278 
3609,0.52349 
3610,0.50812 
3611,0.47568 
3612,0.44872 
3613,0.42384 
3614,0.40228 
3615,0.37975 
3616,0.34487 
3617,0.30105 
3618,0.27522 
3619,0.26826 
3620,0.18188 
3621,0.04971 
3622,0.00000 
3623,0.00000 
3624,0.00124 
3625,0.00257 
3626,0.00258 
3627,0.00126 
3628,0.00000 
3629,0.00000 
3630,0.00000 
3631,0.00000 
3632,0.00000 
3633,0.00000 
3634,0.00000 
3635,0.00000 
3636,0.00000 
3637,0.00000 
3638,0.00000 
3639,0.00000 
3640,0.00000 
3641,0.00000 
3642,0.00000 
3643,0.00000 
3644,0.00000 
3645,0.00000 
3646,0.00000 
3647,0.00000 
3648,0.00000 
3649,0.00000 
3650,0.00000 
3651,0.00000 
3652,0.00000 
3653,0.00000 
3654,0.00000 
3655,0.00000 
3656,0.00000 
3657,0.00000 
3658,0.00000 
3659,0.00000 
3660,0.00000 
3661,0.00235 
3662,0.00433 
3663,0.00499 
3664,0.00567 
3665,0.00633 
3666,0.00733 
3667,0.00869 
3668,0.01041 
3669,0.01683 
3670,0.03103 
3671,0.05252 
3672,0.08368 
3673,0.11655 
3674,0.11320 
3675,0.07487 
3676,0.04325 
3677,0.01888 
3678,0.03257 
3679,0.09486 
3680,0.14717 
3681,0.17571 
3682,0.18156 
3683,0.17581 
3684,0.18164 
3685,0.24492 
3686,0.35838 
3687,0.46546 
3688,0.50628 
3689,0.46874 
3690,0.45520 
3691,0.46666 
3692,0.44353 
3693,0.38533 
3694,0.33017 
3695,0.28021 
3696,0.24072 
3697,0.21064 
3698,0.16893 
3699,0.12600 
3700,0.11450 
3701,0.12433 
3702,0.12817 
3703,0.12567 
3704,0.13088 
3705,0.14403 
3706,0.16157 
3707,0.18373 
3708,0.18928 
3709,0.17779 
3710,0.17473 
3711,0.18048 
3712,0.15909 
3713,0.11442 
3714,0.08284 
3715,0.06198 
3716,0.03818 
3717,0.01251 
3718,0.00068 
3719,0.00000 
3720,0.00000 
3721,0.00000 
3722,0.00000 
3723,0.00375 
3724,0.00761 
3725,0.02587 
3726,0.03397 
3727,0.03175 
3728,0.02949 
3729,0.02719 
3730,0.02613 
3731,0.02623 
3732,0.02634 
3733,0.02654 
3734,0.03119 
3735,0.04027 
3736,0.05074 
3737,0.06491 
3738,0.07736 
3739,0.08820 
3740,0.09884 
3741,0.10957 
3742,0.11045 
3743,0.10085 
3744,0.09111 
3745,0.08120 
3746,0.06871 
3747,0.05375 
3748,0.04286 
3749,0.03322 
3750,0.02584 
3751,0.02053 
3752,0.01509 
3753,0.00950 
3754,0.01250 
3755,0.02427 
3756,0.03630 
3757,0.04856 
3758,0.05327 
3759,0.05029 
3760,0.04752 
3761,0.04452 
3762,0.04170 
3763,0.03869 
3764,0.03568 
3765,0.03281 
3766,0.02813 
3767,0.02189 
3768,0.01575 
3769,0.00975 
3770,0.00901 
3771,0.01106 
3772,0.01381 
3773,0.01656 
3774,0.04291 
3775,0.10827 
3776,0.19131 
3777,0.29062 
3778,0.33915 
3779,0.31661 
3780,0.36276 
3781,0.49853 
3782,0.63565 
3783,0.73483 
3784,0.75431 
3785,0.68522 
3786,0.58360 
3787,0.51934 
3788,0.51924 
3789,0.51869 
3790,0.52541 
3791,0.55067 
3792,0.59054 
3793,0.64916 
3794,0.69367 
3795,0.71921 
3796,0.76517 
3797,0.82852 
3798,0.82930 
3799,0.78687 
3800,0.69788 
3801,0.56812 
3802,0.49737 
3803,0.45630 
3804,0.43834 
3805,0.43401 
3806,0.42900 
3807,0.42132 
3808,0.38926 
3809,0.34167 
3810,0.31769 
3811,0.31228 
3812,0.26011 
3813,0.17791 
3814,0.12135 
3815,0.07732 
3816,0.04060 
3817,0.01704 
3818,0.00647 
3819,0.00604 
3820,0.00560 
3821,0.00515 
3822,0.00444 
3823,0.00349 
3824,0.00252 
3825,0.00155 
3826,0.00005 
3827,0.00000 
3828,0.00000 
3829,0.00000 
3830,0.00000 
3831,0.00000 
3832,0.00000 
3833,0.00000 
3834,0.00000 
3835,0.00000 
3836,0.00000 
3837,0.00000 
3838,0.00000 
3839,0.00000 
3840,0.00000 
3841,0.00000 
3842,0.00000 
3843,0.00000 
3844,0.00000 
3845,0.00000 
3846,0.00000 
3847,0.00000 
3848,0.00000 
3849,0.00000 
3850,0.00000 
3851,0.00000 
3852,0.00000 
3853,0.00000 
3854,0.00000 
3855,0.00000 
3856,0.00000 
3857,0.00000 
3858,0.00000 
3859,0.00000 
3860,0.00006 
3861,0.00243 
3862,0.00355 
3863,0.00350 
3864,0.00343 
3865,0.00337 
3866,0.00360 
3867,0.00413 
3868,0.00466 
3869,0.00519 
3870,0.01442 
3871,0.03332 
3872,0.05246 
3873,0.07192 
3874,0.11165 
3875,0.17807 
3876,0.21579 
3877,0.21700 
3878,0.21879 
3879,0.22148 
3880,0.25132 
3881,0.31328 
3882,0.38758 
3883,0.47656 
3884,0.48859 
3885,0.41951 
3886,0.35351 
3887,0.29159 
3888,0.28468 
3889,0.33316 
3890,0.36678 
3891,0.38544 
3892,0.40704 
3893,0.42965 
3894,0.45224 
3895,0.47520 
3896,0.50056 
3897,0.52755 
3898,0.55727 
3899,0.59134 
3900,0.57734 
3901,0.51890 
3902,0.47075 
3903,0.42947 
3904,0.38349 
3905,0.33665 
3906,0.31036 
3907,0.29636 
3908,0.20394 
3909,0.07629 
3910,0.02546 
3911,0.01494 
3912,0.00324 
3913,0.00036 
3914,0.00131 
3915,0.00215 
3916,0.00300 
3917,0.00385 
3918,0.00387 
3919,0.00305 
3920,0.00221 
3921,0.00135 
3922,0.00114 
3923,0.00159 
3924,0.00204 
3925,0.00250 
3926,0.00342 
3927,0.00482 
3928,0.00625 
3929,0.01063 
3930,0.02589 
3931,0.05479 
3932,0.09274 
3933,0.14471 
3934,0.16987 
3935,0.16728 
3936,0.16403 
3937,0.16127 
3938,0.13564 
3939,0.09085 
3940,0.05464 
3941,0.02774 
3942,0.01980 
3943,0.02786 
3944,0.03631 
3945,0.04493 
3946,0.03803 
3947,0.01519 
3948,0.00514 
3949,0.00021 
3950,0.00000 
3951,0.00080 
3952,0.00286 
3953,0.00490 
3954,0.00620 
3955,0.00670 
3956,0.00723 
3957,0.00772 
3958,0.00880 
3959,0.01389 
3960,0.01881 
3961,0.02363 
3962,0.02717 
3963,0.02949 
3964,0.03178 
3965,0.03416 
3966,0.06084 
3967,0.13285 
3968,0.23052 
3969,0.35328 
3970,0.40202 
3971,0.34734 
3972,0.35813 
3973,0.45476 
3974,0.52437 
3975,0.56232 
3976,0.59661 
3977,0.62315 
3978,0.66645 
3979,0.72271 
3980,0.76815 
3981,0.79873 
3982,0.82209 
3983,0.83877 
3984,0.84057 
3985,0.82220 
3986,0.81241 
3987,0.81131 
3988,0.81745 
3989,0.82485 
3990,0.81660 
3991,0.79728 
3992,0.77618 
3993,0.75591 
3994,0.74395 
3995,0.74674 
3996,0.70824 
3997,0.63614 
3998,0.57494 
3999,0.52616 
4000,0.48979 
4001,0.45994 
4002,0.41505 
4003,0.35362 
4004,0.26399 
4005,0.15786 
4006,0.12135 
4007,0.13144 
4008,0.14197 
4009,0.16964 
4010,0.20214 
4011,0.23182 
4012,0.26627 
4013,0.30873 
4014,0.33060 
4015,0.33358 
4016,0.33563 
4017,0.33870 
4018,0.37310 
4019,0.44363 
4020,0.52548 
4021,0.60839 
4022,0.64499 
4023,0.64026 
4024,0.63277 
4025,0.62513 
4026,0.61038 
4027,0.58832 
4028,0.56763 
4029,0.54461 
4030,0.55198 
4031,0.58910 
4032,0.62724 
4033,0.66645 
4034,0.68362 
4035,0.67542 
4036,0.66469 
4037,0.65612 
4038,0.60953 
4039,0.52240 
4040,0.44810 
4041,0.37290 
4042,0.28934 
4043,0.19465 
4044,0.14243 
4045,0.09542 
4046,0.06396 
4047,0.04355 
4048,0.02863 
4049,0.01364 
4050,0.01022 
4051,0.01817 
4052,0.02601 
4053,0.03360 
4054,0.03583 
4055,0.03250 
4056,0.02943 
4057,0.02637 
4058,0.02913 
4059,0.03747 
4060,0.04705 
4061,0.05977 
4062,0.07986 
4063,0.10859 
4064,0.13793 
4065,0.16762 
4066,0.20064 
4067,0.24337 
4068,0.28618 
4069,0.34204 
4070,0.38770 
4071,0.41426 
4072,0.43831 
4073,0.45992 
4074,0.46459 
4075,0.45311 
4076,0.42744 
4077,0.38792 
4078,0.36888 
4079,0.37075 
4080,0.34111 
4081,0.27863 
4082,0.22372 
4083,0.17520 
4084,0.16907 
4085,0.20611 
4086,0.25729 
4087,0.32384 
4088,0.36706 
4089,0.38753 
4090,0.41261 
4091,0.44198 
4092,0.42469 
4093,0.36367 
4094,0.30030 
4095,0.25698 
4096,0.24008 
4097,0.23521 
4098,0.24285 
4099,0.26127 
4100,0.27169 
4101,0.27775 
4102,0.24297 
4103,0.17578 
4104,0.12802 
4105,0.09653 
4106,0.08015 
4107,0.07664 
4108,0.07373 
4109,0.07101 
4110,0.06259 
4111,0.04804 
4112,0.03381 
4113,0.02444 
4114,0.01598 
4115,0.00831 
4116,0.00496 
4117,0.00335 
4118,0.00536 
4119,0.02918 
4120,0.06826 
4121,0.12237 
4122,0.14340 
4123,0.12465 
4124,0.10587 
4125,0.08695 
4126,0.08046 
4127,0.08123 
4128,0.08229 
4129,0.08337 
4130,0.07712 
4131,0.06360 
4132,0.04964 
4133,0.03795 
4134,0.03670 
4135,0.04320 
4136,0.05341 
4137,0.06382 
4138,0.06670 
4139,0.06151 
4140,0.05599 
4141,0.05058 
4142,0.05380 
4143,0.06617 
4144,0.07834 
4145,0.09051 
4146,0.09824 
4147,0.10112 
4148,0.10394 
4149,0.10777 
4150,0.11804 
4151,0.13353 
4152,0.14889 
4153,0.16315 
4154,0.18681 
4155,0.21709 
4156,0.24634 
4157,0.27612 
4158,0.34078 
4159,0.44483 
4160,0.56129 
4161,0.68456 
4162,0.77876 
4163,0.85449 
4164,0.86380 
4165,0.79252 
4166,0.71839 
4167,0.64866 
4168,0.57291 
4169,0.47913 
4170,0.41825 
4171,0.39456 
4172,0.39572 
4173,0.41414 
4174,0.41458 
4175,0.39268 
4176,0.38487 
4177,0.38898 
4178,0.43635 
4179,0.52259 
4180,0.58877 
4181,0.63743 
4182,0.66726 
4183,0.68023 
4184,0.67389 
4185,0.64496 
4186,0.58804 
4187,0.50480 
4188,0.43665 
4189,0.39570 
4190,0.36925 
4191,0.36052 
4192,0.34596 
4193,0.32676 
4194,0.32517 
4195,0.33804 
4196,0.34074 
4197,0.34627 
4198,0.31196 
4199,0.24375 
4200,0.19538 
4201,0.15200 
4202,0.12486 
4203,0.11195 
4204,0.09870 
4205,0.08543 
4206,0.07924 
4207,0.07971 
4208,0.08041 
4209,0.08112 
4210,0.07163 
4211,0.05464 
4212,0.03733 
4213,0.02500 
4214,0.01664 
4215,0.01112 
4216,0.00595 
4217,0.00479 
4218,0.00328 
4219,0.00141 
4220,0.00000 
4221,0.00000 
4222,0.00000 
4223,0.00000 
4224,0.00000 
4225,0.00039 
4226,0.00005 
4227,0.00000 
4228,0.00000 
4229,0.00000 
4230,0.00000 
4231,0.00000 
4232,0.00000 
4233,0.00000 
4234,0.00000 
4235,0.00000 
4236,0.00000 
4237,0.00000 
4238,0.00000 
4239,0.00000 
4240,0.00006 
4241,0.00224 
4242,0.00306 
4243,0.00249 
4244,0.00193 
4245,0.00138 
4246,0.00215 
4247,0.00415 
4248,0.00610 
4249,0.01012 
4250,0.01588 
4251,0.01812 
4252,0.02040 
4253,0.02260 
4254,0.04415 
4255,0.09550 
4256,0.15964 
4257,0.23537 
4258,0.27365 
4259,0.25995 
4260,0.28211 
4261,0.35007 
4262,0.41646 
4263,0.48071 
4264,0.50585 
4265,0.48196 
4266,0.45458 
4267,0.42466 
4268,0.42383 
4269,0.45605 
4270,0.48848 
4271,0.51875 
4272,0.53342 
4273,0.52917 
4274,0.53542 
4275,0.54929 
4276,0.54182 
4277,0.51084 
4278,0.48654 
4279,0.46868 
4280,0.44970 
4281,0.42936 
4282,0.41407 
4283,0.40252 
4284,0.37010 
4285,0.31994 
4286,0.27847 
4287,0.24512 
4288,0.22251 
4289,0.21003 
4290,0.19544 
4291,0.17820 
4292,0.15370 
4293,0.12757 
4294,0.12119 
4295,0.13927 
4296,0.19807 
4297,0.26516 
4298,0.26398 
4299,0.19407 
4300,0.13226 
4301,0.09773 
4302,0.09438 
4303,0.12274 
4304,0.16336 
4305,0.21531 
4306,0.27058 
4307,0.33245 
4308,0.39579 
4309,0.47019 
4310,0.52435 
4311,0.55424 
4312,0.58465 
4313,0.61706 
4314,0.64425 
4315,0.67078 
4316,0.70000 
4317,0.72794 
4318,0.73927 
4319,0.73333 
4320,0.72943 
4321,0.72301 
4322,0.77465 
4323,0.88563 
4324,0.99444 
4325,1.09878 
4326,1.15828 
4327,1.17800 
4328,1.19841 
4329,1.21955 
4330,1.20556 
4331,1.16203 
4332,1.11756 
4333,1.06813 
4334,1.04698 
4335,1.04300 
4336,1.04291 
4337,1.03896 
4338,1.00020 
4339,0.92215 
4340,0.84218 
4341,0.76644 
4342,0.71151 
4343,0.68105 
4344,0.65404 
4345,0.62584 
4346,0.61962 
4347,0.63036 
4348,0.64306 
4349,0.65354 
4350,0.69046 
4351,0.75353 
4352,0.81617 
4353,0.87893 
4354,0.98566 
4355,1.12532 
4356,1.23514 
4357,1.30462 
4358,1.34823 
4359,1.36201 
4360,1.37114 
4361,1.37907 
4362,1.40801 
4363,1.42497 
4364,1.41840 
4365,1.41282 
4366,1.40696 
4367,1.40079 
4368,1.37753 
4369,1.31079 
4370,1.24920 
4371,1.21608 
4372,1.17769 
4373,1.12582 
4374,1.08468 
4375,1.05680 
4376,1.03507 
4377,1.01519 
4378,1.04405 
4379,1.11864 
4380,1.14148 
4381,1.12459 
4382,1.14232 
4383,1.19752 
4384,1.26717 
4385,1.33246 
4386,1.33287 
4387,1.27016 
4388,1.19034 
4389,1.09897 
4390,1.00677 
4391,0.91793 
4392,0.83165 
4393,0.75195 
4394,0.71296 
4395,0.70383 
4396,0.69646 
4397,0.68719 
4398,0.71312 
4399,0.76877 
4400,0.82400 
4401,0.87982 
4402,0.89985 
4403,0.88189 
4404,0.86592 
4405,0.84745 
4406,0.81496 
4407,0.76755 
4408,0.71101 
4409,0.65475 
4410,0.60863 
4411,0.57676 
4412,0.54254 
4413,0.50771 
4414,0.49522 
4415,0.50745 
4416,0.51866 
4417,0.53037 
4418,0.52811 
4419,0.51123 
4420,0.49236 
4421,0.47700 
4422,0.47246 
4423,0.47898 
4424,0.48399 
4425,0.49083 
4426,0.48621 
4427,0.47152 
4428,0.45650 
4429,0.43953 
4430,0.40524 
4431,0.35063 
4432,0.30624 
4433,0.26712 
4434,0.22147 
4435,0.17680 
4436,0.14853 
4437,0.12087 
4438,0.09739 
4439,0.08086 
4440,0.06489 
4441,0.04947 
4442,0.04704 
4443,0.05727 
4444,0.06758 
4445,0.07758 
4446,0.10713 
4447,0.17088 
4448,0.22016 
4449,0.23295 
4450,0.22838 
4451,0.21210 
4452,0.22876 
4453,0.28272 
4454,0.33101 
4455,0.37436 
4456,0.39304 
4457,0.38508 
4458,0.39417 
4459,0.42210 
4460,0.40283 
4461,0.34000 
4462,0.26500 
4463,0.21924 
4464,0.21386 
4465,0.21627 
4466,0.22451 
4467,0.24127 
4468,0.21962 
4469,0.16094 
4470,0.11085 
4471,0.06884 
4472,0.06011 
4473,0.09424 
4474,0.12014 
4475,0.13488 
4476,0.12867 
4477,0.10044 
4478,0.06791 
4479,0.05625 
4480,0.06843 
4481,0.09230 
4482,0.13221 
4483,0.17505 
4484,0.18160 
4485,0.15870 
4486,0.14290 
4487,0.15575 
4488,0.18510 
4489,0.21426 
4490,0.22863 
4491,0.22863 
4492,0.22923 
4493,0.22923 
4494,0.21834 
4495,0.19568 
4496,0.17266 
4497,0.14926 
4498,0.13465 
4499,0.13143 
4500,0.12782 
4501,0.12453 
4502,0.12859 
4503,0.14002 
4504,0.16018 
4505,0.18081 
4506,0.21838 
4507,0.28027 
4508,0.35835 
4509,0.43990 
4510,0.48333 
4511,0.47186 
4512,0.46140 
4513,0.45253 
4514,0.44954 
4515,0.45408 
4516,0.45718 
4517,0.46032 
4518,0.46662 
4519,0.47471 
4520,0.48308 
4521,0.49000 
4522,0.48723 
4523,0.47088 
4524,0.45596 
4525,0.43908 
4526,0.47130 
4527,0.55684 
4528,0.65539 
4529,0.75393 
4530,0.75117 
4531,0.64587 
4532,0.54482 
4533,0.45619 
4534,0.39789 
4535,0.36551 
4536,0.33423 
4537,0.30400 
4538,0.29004 
4539,0.28910 
4540,0.28722 
4541,0.28537 
4542,0.27520 
4543,0.25661 
4544,0.23848 
4545,0.22138 
4546,0.20087 
4547,0.17893 
4548,0.18301 
4549,0.21366 
4550,0.22300 
4551,0.21371 
4552,0.20291 
4553,0.19703 
4554,0.21963 
4555,0.27088 
4556,0.28326 
4557,0.26235 
4558,0.24752 
4559,0.30731 
4560,0.36826 
4561,0.47292 
4562,0.57109 
4563,0.65259 
4564,0.69765 
4565,0.70430 
4566,0.73384 
4567,0.78802 
4568,0.80348 
4569,0.78408 
4570,0.72422 
4571,0.63435 
4572,0.57461 
4573,0.53668 
4574,0.52554 
4575,0.53347 
4576,0.49789 
4577,0.42897 
4578,0.36404 
4579,0.30397 
4580,0.25867 
4581,0.22409 
4582,0.18434 
4583,0.15144 
4584,0.13015 
4585,0.11829 
4586,0.12144 
4587,0.14762 
4588,0.17829 
4589,0.20860 
4590,0.26099 
4591,0.33834 
4592,0.42648 
4593,0.52193 
4594,0.59742 
4595,0.65131 
4596,0.70585 
4597,0.75866 
4598,0.77826 
4599,0.76419 
4600,0.75144 
4601,0.73673 
4602,0.73960 
4603,0.75848 
4604,0.77998 
4605,0.79962 
4606,0.79886 
4607,0.77166 
4608,0.74321 
4609,0.71574 
4610,0.69485 
4611,0.68610 
4612,0.67650 
4613,0.66676 
4614,0.61458 
4615,0.51979 
4616,0.43658 
4617,0.35361 
4618,0.28677 
4619,0.23185 
4620,0.17967 
4621,0.14886 
4622,0.13331 
4623,0.13340 
4624,0.13348 
4625,0.13307 
4626,0.13939 
4627,0.15182 
4628,0.16350 
4629,0.17557 
4630,0.21378 
4631,0.27375 
4632,0.34156 
4633,0.42124 
4634,0.46772 
4635,0.48483 
4636,0.50384 
4637,0.52264 
4638,0.50451 
4639,0.45697 
4640,0.41497 
4641,0.37356 
4642,0.36548 
4643,0.38985 
4644,0.38069 
4645,0.33372 
4646,0.29495 
4647,0.27772 
4648,0.27390 
4649,0.31286 
4650,0.40135 
4651,0.49746 
4652,0.56197 
4653,0.57873 
4654,0.55717 
4655,0.49918 
4656,0.46472 
4657,0.45325 
4658,0.46551 
4659,0.50082 
4660,0.47172 
4661,0.37721 
4662,0.27709 
4663,0.21509 
4664,0.21404 
4665,0.25325 
4666,0.30056 
4667,0.33338 
4668,0.31993 
4669,0.26478 
4670,0.20947 
4671,0.17120 
4672,0.15200 
4673,0.14791 
4674,0.15262 
4675,0.15241 
4676,0.12551 
4677,0.08447 
4678,0.05654 
4679,0.04046 
4680,0.03089 
4681,0.02546 
4682,0.02662 
4683,0.03107 
4684,0.03784 
4685,0.04470 
4686,0.04629 
4687,0.04245 
4688,0.03856 
4689,0.03463 
4690,0.03274 
4691,0.03301 
4692,0.03319 
4693,0.03347 
4694,0.02712 
4695,0.01448 
4696,0.00497 
4697,0.00223 
4698,0.00055 
4699,0.00000 
4700,0.00000 
4701,0.00000 
4702,0.00000 
4703,0.00000 
4704,0.00000 
4705,0.00000 
4706,0.00064 
4707,0.00184 
4708,0.00303 
4709,0.00422 
4710,0.00460 
4711,0.00417 
4712,0.00372 
4713,0.00326 
4714,0.00280 
4715,0.00232 
4716,0.00183 
4717,0.00133 
4718,0.00237 
4719,0.00497 
4720,0.00762 
4721,0.01952 
4722,0.02588 
4723,0.02588 
4724,0.02588 
4725,0.02588 
4726,0.03644 
4727,0.06374 
4728,0.09509 
4729,0.13566 
4730,0.15583 
4731,0.15421 
4732,0.15315 
4733,0.15210 
4734,0.17160 
4735,0.21477 
4736,0.26953 
4737,0.32572 
4738,0.33805 
4739,0.33182 
4740,0.33023 
4741,0.32488 
4742,0.34399 
4743,0.38517 
4744,0.39106 
4745,0.36037 
4746,0.34322 
4747,0.34486 
4748,0.34402 
4749,0.34095 
4750,0.33172 
4751,0.31629 
4752,0.28303 
4753,0.23339 
4754,0.17442 
4755,0.11996 
4756,0.09820 
4757,0.09415 
4758,0.08867 
4759,0.07989 
4760,0.08606 
4761,0.10662 
4762,0.12950 
4763,0.15897 
4764,0.15624 
4765,0.12167 
4766,0.09639 
4767,0.08090 
4768,0.06734 
4769,0.05457 
4770,0.03972 
4771,0.02286 
4772,0.01399 
4773,0.01286 
4774,0.00763 
4775,0.00226 
4776,0.00072 
4777,0.00000 
4778,0.00000 
4779,0.00000 
4780,0.00000 
4781,0.00000 
4782,0.00000 
4783,0.00000 
4784,0.00000 
4785,0.00023 
4786,0.00160 
4787,0.00317 
4788,0.00475 
4789,0.00807 
4790,0.00588 
4791,0.00331 
4792,0.00074 
4793,0.00000 
4794,0.00000 
4795,0.00000 
4796,0.00000 
4797,0.00035 
4798,0.00004 
4799,0.00000 
4800,0.00000 
4801,0.00000 
4802,0.00000 
4803,0.00000 
4804,0.00000 
4805,0.00000 
4806,0.00000 
4807,0.00000 
4808,0.00000 
4809,0.00000 
4810,0.00000 
4811,0.00000 
4812,0.00000 
4813,0.00000 
4814,0.00000 
4815,0.00000 
4816,0.00000 
4817,0.00000 
4818,0.00000 
4819,0.00000 
4820,0.00000 
4821,0.00000 
4822,0.00000 
4823,0.00000 
4824,0.00000 
4825,0.00000 
4826,0.00067 
4827,0.00189 
4828,0.00308 
4829,0.00425 
4830,0.02245 
4831,0.06434 
4832,0.11333 
4833,0.16871 
4834,0.20743 
4835,0.22629 
4836,0.25375 
4837,0.28929 
4838,0.33122 
4839,0.37885 
4840,0.40694 
4841,0.40979 
4842,0.41611 
4843,0.42426 
4844,0.43659 
4845,0.45629 
4846,0.48536 
4847,0.52628 
4848,0.51301 
4849,0.44665 
4850,0.37601 
4851,0.30223 
4852,0.28222 
4853,0.31424 
4854,0.33923 
4855,0.35697 
4856,0.36304 
4857,0.35727 
4858,0.35430 
4859,0.35406 
4860,0.33170 
4861,0.29242 
4862,0.25496 
4863,0.22191 
4864,0.20993 
4865,0.21180 
4866,0.20811 
4867,0.19680 
4868,0.15517 
4869,0.09891 
4870,0.06241 
4871,0.04653 
4872,0.03749 
4873,0.04209 
4874,0.05323 
4875,0.06294 
4876,0.07271 
4877,0.08606 
4878,0.10069 
4879,0.11706 
4880,0.13439 
4881,0.16360 
4882,0.16983 
4883,0.15307 
4884,0.13573 
4885,0.12643 
4886,0.10895 
4887,0.08362 
4888,0.06319 
4889,0.04427 
4890,0.03290 
4891,0.02927 
4892,0.02567 
4893,0.02200 
4894,0.02041 
4895,0.02091 
4896,0.02150 
4897,0.02213 
4898,0.02351 
4899,0.02578 
4900,0.02806 
4901,0.03036 
4902,0.03445 
4903,0.04053 
4904,0.04991 
4905,0.05940 
4906,0.06728 
4907,0.07324 
4908,0.07957 
4909,0.08572 
4910,0.08916 
4911,0.08948 
4912,0.08981 
4913,0.08982 
4914,0.09868 
4915,0.12088 
4916,0.14360 
4917,0.16677 
4918,0.17838 
4919,0.17715 
4920,0.17533 
4921,0.17354 
4922,0.16441 
4923,0.15111 
4924,0.13751 
4925,0.12419 
4926,0.14442 
4927,0.22351 
4928,0.33240 
4929,0.46795 
4930,0.50582 
4931,0.41652 
4932,0.39403 
4933,0.44880 
4934,0.49477 
4935,0.53004 
4936,0.54206 
4937,0.53164 
4938,0.53054 
4939,0.54671 
4940,0.58330 
4941,0.66898 
4942,0.69791 
4943,0.67287 
4944,0.63385 
4945,0.59379 
4946,0.58332 
4947,0.60814 
4948,0.64602 
4949,0.68648 
4950,0.70266 
4951,0.68014 
4952,0.64560 
4953,0.59655 
4954,0.54332 
4955,0.48338 
4956,0.43694 
4957,0.40459 
4958,0.38872 
4959,0.38113 
4960,0.34703 
4961,0.29517 
4962,0.24422 
4963,0.19439 
4964,0.14953 
4965,0.11127 
4966,0.07838 
4967,0.05783 
4968,0.04246 
4969,0.03313 
4970,0.02773 
4971,0.02098 
4972,0.01423 
4973,0.00738 
4974,0.00744 
4975,0.01450 
4976,0.02168 
4977,0.02906 
4978,0.03102 
4979,0.02759 
4980,0.02412 
4981,0.02061 
4982,0.01792 
4983,0.01614 
4984,0.01435 
4985,0.01254 
4986,0.01076 
4987,0.00898 
4988,0.00717 
4989,0.00584 
4990,0.00575 
4991,0.00589 
4992,0.00605 
4993,0.00621 
4994,0.00631 
4995,0.00633 
4996,0.00635 
4997,0.00635 
4998,0.00596 
4999,0.00510 
5000,0.00424 
5001,0.00334 
5002,0.00160 
5003,0.00000 
5004,0.00000 
5005,0.00000 
5006,0.00000 
5007,0.00000 
5008,0.00000 
5009,0.00000 
5010,0.00000 
5011,0.00000 
5012,0.00000 
5013,0.00000 
5014,0.00000 
5015,0.00000 
5016,0.00000 
5017,0.00000 
5018,0.00000 
5019,0.00000 
5020,0.00000 
5021,0.00000 
5022,0.01659 
5023,0.05436 
5024,0.09627 
5025,0.14157 
5026,0.18011 
5027,0.21426 
5028,0.23843 
5029,0.24344 
5030,0.24503 
5031,0.24320 
5032,0.26093 
5033,0.30257 
5034,0.35101 
5035,0.40755 
5036,0.42251 
5037,0.39518 
5038,0.37909 
5039,0.37032 
5040,0.34404 
5041,0.30309 
5042,0.24829 
5043,0.21044 
5044,0.19834 
5045,0.17872 
5046,0.15107 
5047,0.18855 
5048,0.18356 
5049,0.19690 
5050,0.22471 
5051,0.26520 
5052,0.27908 
5053,0.26645 
5054,0.26253 
5055,0.26453 
5056,0.24157 
5057,0.19880 
5058,0.16596 
5059,0.14230 
5060,0.10940 
5061,0.08017 
5062,0.06036 
5063,0.05353 
5064,0.05620 
5065,0.06608 
5066,0.08197 
5067,0.09535 
5068,0.10891 
5069,0.12230 
5070,0.14276 
5071,0.16754 
5072,0.19316 
5073,0.21925 
5074,0.19445 
5075,0.12520 
5076,0.08270 
5077,0.04962 
5078,0.03613 
5079,0.04072 
5080,0.04523 
5081,0.04978 
5082,0.05011 
5083,0.04601 
5084,0.04198 
5085,0.03786 
5086,0.03407 
5087,0.03099 
5088,0.02781 
5089,0.02433 
5090,0.02649 
5091,0.03423 
5092,0.04332 
5093,0.05546 
5094,0.04893 
5095,0.02944 
5096,0.01265 
5097,0.00477 
5098,0.00444 
5099,0.00772 
5100,0.02199 
5101,0.03650 
5102,0.05838 
5103,0.08694 
5104,0.12136 
5105,0.16041 
5106,0.20795 
5107,0.25916 
5108,0.31123 
5109,0.37928 
5110,0.40128 
5111,0.37427 
5112,0.34617 
5113,0.31839 
5114,0.29689 
5115,0.27600 
5116,0.25636 
5117,0.23614 
5118,0.25461 
5119,0.33669 
5120,0.45120 
5121,0.59678 
5122,0.68996 
5123,0.71552 
5124,0.83796 
5125,1.07479 
5126,1.16755 
5127,1.12300 
5128,1.06827 
5129,1.00419 
5130,0.94301 
5131,0.87764 
5132,0.83159 
5133,0.78980 
5134,0.79324 
5135,0.81554 
5136,0.81583 
5137,0.79410 
5138,0.75628 
5139,0.70454 
5140,0.67029 
5141,0.65667 
5142,0.65545 
5143,0.66524 
5144,0.66156 
5145,0.64141 
5146,0.62601 
5147,0.61141 
5148,0.58773 
5149,0.55968 
5150,0.52576 
5151,0.48654 
5152,0.43230 
5153,0.36829 
5154,0.33940 
5155,0.33444 
5156,0.24929 
5157,0.12880 
5158,0.09261 
5159,0.09074 
5160,0.07525 
5161,0.06827 
5162,0.05558 
5163,0.03111 
5164,0.01452 
5165,0.00416 
5166,0.00221 
5167,0.00183 
5168,0.00144 
5169,0.00105 
5170,0.00186 
5171,0.00390 
5172,0.00597 
5173,0.01525 
5174,0.01628 
5175,0.00848 
5176,0.00505 
5177,0.00339 
5178,0.00173 
5179,0.00004 
5180,0.00000 
5181,0.00000 
5182,0.00000 
5183,0.00000 
5184,0.00000 
5185,0.00028 
5186,0.00064 
5187,0.00000 
5188,0.00000 
5189,0.00000 
5190,0.00000 
5191,0.00000 
5192,0.00000 
5193,0.00000 
5194,0.00000 
5195,0.00000 
5196,0.00000 
5197,0.00000 
5198,0.00000 
5199,0.00000 
5200,0.00000 
5201,0.00000 
5202,0.00000 
5203,0.00000 
5204,0.00000 
5205,0.00000 
5206,0.00000 
5207,0.00000 
5208,0.00000 
5209,0.00000 
5210,0.00000 
5211,0.00208 
5212,0.00469 
5213,0.00798 
5214,0.04530 
5215,0.11895 
5216,0.21056 
5217,0.31888 
5218,0.36940 
5219,0.35654 
5220,0.36716 
5221,0.39667 
5222,0.43684 
5223,0.48616 
5224,0.52662 
5225,0.55861 
5226,0.60300 
5227,0.65781 
5228,0.68899 
5229,0.69106 
5230,0.69573 
5231,0.70356 
5232,0.70274 
5233,0.69315 
5234,0.68949 
5235,0.69362 
5236,0.68736 
5237,0.67279 
5238,0.66129 
5239,0.65626 
5240,0.63592 
5241,0.59911 
5242,0.56854 
5243,0.54142 
5244,0.52084 
5245,0.50338 
5246,0.48891 
5247,0.47114 
5248,0.42808 
5249,0.36551 
5250,0.30699 
5251,0.25067 
5252,0.19432 
5253,0.13802 
5254,0.09006 
5255,0.06016 
5256,0.03905 
5257,0.02799 
5258,0.02473 
5259,0.02301 
5260,0.02128 
5261,0.01949 
5262,0.02506 
5263,0.04090 
5264,0.06147 
5265,0.08428 
5266,0.09883 
5267,0.09917 
5268,0.09980 
5269,0.10014 
5270,0.10078 
5271,0.10142 
5272,0.10237 
5273,0.10333 
5274,0.08740 
5275,0.06164 
5276,0.03698 
5277,0.02087 
5278,0.01296 
5279,0.01326 
5280,0.01356 
5281,0.01388 
5282,0.01300 
5283,0.01083 
5284,0.00863 
5285,0.00703 
5286,0.00879 
5287,0.01599 
5288,0.02348 
5289,0.03114 
5290,0.03828 
5291,0.04480 
5292,0.05485 
5293,0.06514 
5294,0.08550 
5295,0.11899 
5296,0.15981 
5297,0.21192 
5298,0.26763 
5299,0.30478 
5300,0.34538 
5301,0.39657 
5302,0.38131 
5303,0.30690 
5304,0.25249 
5305,0.19882 
5306,0.14969 
5307,0.10759 
5308,0.07334 
5309,0.04276 
5310,0.05790 
5311,0.12419 
5312,0.20797 
5313,0.30886 
5314,0.36928 
5315,0.37709 
5316,0.40944 
5317,0.47034 
5318,0.52882 
5319,0.58248 
5320,0.61477 
5321,0.62078 
5322,0.63755 
5323,0.66031 
5324,0.67982 
5325,0.69384 
5326,0.70606 
5327,0.71617 
5328,0.71906 
5329,0.71480 
5330,0.71414 
5331,0.71352 
5332,0.70280 
5333,0.67857 
5334,0.66169 
5335,0.65003 
5336,0.63607 
5337,0.61747 
5338,0.59075 
5339,0.55985 
5340,0.52955 
5341,0.49769 
5342,0.46736 
5343,0.43688 
5344,0.38611 
5345,0.31832 
5346,0.26573 
5347,0.22481 
5348,0.16924 
5349,0.10866 
5350,0.07105 
5351,0.04298 
5352,0.01564 
5353,0.00943 
5354,0.00717 
5355,0.00424 
5356,0.00257 
5357,0.00088 
5358,0.00013 
5359,0.00032 
5360,0.00052 
5361,0.00072 
5362,0.00179 
5363,0.00374 
5364,0.00573 
5365,0.01466 
5366,0.01670 
5367,0.01113 
5368,0.00596 
5369,0.00479 
5370,0.00349 
5371,0.00204 
5372,0.00057 
5373,0.00000 
5374,0.00000 
5375,0.00000 
5376,0.00000 
5377,0.00000 
5378,0.00000 
5379,0.00000 
5380,0.00000 
5381,0.00000 
5382,0.00000 
5383,0.00000 
5384,0.00000 
5385,0.00000 
5386,0.00000 
5387,0.00000 
5388,0.00000 
5389,0.00000 
5390,0.00000 
5391,0.00000 
5392,0.00000 
5393,0.00072 
5394,0.00099 
5395,0.00072 
5396,0.00046 
5397,0.00019 
5398,0.00000 
5399,0.00000 
5400,0.00000 
5401,0.00000 
5402,0.00000 
5403,0.00000 
5404,0.00000 
5405,0.00000 
5406,0.01799 
5407,0.05747 
5408,0.09442 
5409,0.12444 
5410,0.12798 
5411,0.10869 
5412,0.11480 
5413,0.16097 
5414,0.21496 
5415,0.25765 
5416,0.28740 
5417,0.30436 
5418,0.33720 
5419,0.38516 
5420,0.38566 
5421,0.33548 
5422,0.28945 
5423,0.24698 
5424,0.23283 
5425,0.24816 
5426,0.25849 
5427,0.26287 
5428,0.26266 
5429,0.25715 
5430,0.24811 
5431,0.23495 
5432,0.24480 
5433,0.27460 
5434,0.31463 
5435,0.36220 
5436,0.34010 
5437,0.25399 
5438,0.17116 
5439,0.12397 
5440,0.10529 
5441,0.08237 
5442,0.05476 
5443,0.02386 
5444,0.01196 
5445,0.01816 
5446,0.02416 
5447,0.02712 
5448,0.02026 
5449,0.00510 
5450,0.00554 
5451,0.01933 
5452,0.03477 
5453,0.05865 
5454,0.06661 
5455,0.05798 
5456,0.04925 
5457,0.04054 
5458,0.03104 
5459,0.02127 
5460,0.01144 
5461,0.00524 
5462,0.00506 
5463,0.00858 
5464,0.01667 
5465,0.02479 
5466,0.02392 
5467,0.01382 
5468,0.00584 
5469,0.00371 
5470,0.00234 
5471,0.00173 
5472,0.00108 
5473,0.00040 
5474,0.00000 
5475,0.00000 
5476,0.00000 
5477,0.00000 
5478,0.00000 
5479,0.00000 
5480,0.00000 
5481,0.00000 
5482,0.00000 
5483,0.00145 
5484,0.00377 
5485,0.00612 
5486,0.00642 
5487,0.00462 
5488,0.00279 
5489,0.00097 
5490,0.00150 
5491,0.00437 
5492,0.00725 
5493,0.01883 
5494,0.02179 
5495,0.01424 
5496,0.00745 
5497,0.00587 
5498,0.00556 
5499,0.00652 
5500,0.00775 
5501,0.01237 
5502,0.01466 
5503,0.02051 
5504,0.02856 
5505,0.03645 
5506,0.03430 
5507,0.02328 
5508,0.02033 
5509,0.02461 
5510,0.02349 
5511,0.01731 
5512,0.02524 
5513,0.04712 
5514,0.06872 
5515,0.08993 
5516,0.09704 
5517,0.09099 
5518,0.08703 
5519,0.08503 
5520,0.08915 
5521,0.09921 
5522,0.11231 
5523,0.12881 
5524,0.12662 
5525,0.10594 
5526,0.08963 
5527,0.07802 
5528,0.07067 
5529,0.07014 
5530,0.06721 
5531,0.06169 
5532,0.05445 
5533,0.04521 
5534,0.03239 
5535,0.01613 
5536,0.01143 
5537,0.01563 
5538,0.02030 
5539,0.03228 
5540,0.04282 
5541,0.05248 
5542,0.05953 
5543,0.06029 
5544,0.06258 
5545,0.06637 
5546,0.06439 
5547,0.05588 
5548,0.04745 
5549,0.03882 
5550,0.04050 
5551,0.05267 
5552,0.06486 
5553,0.07741 
5554,0.08011 
5555,0.07255 
5556,0.06519 
5557,0.05762 
5558,0.05929 
5559,0.07031 
5560,0.08146 
5561,0.09670 
5562,0.11317 
5563,0.13090 
5564,0.15036 
5565,0.18257 
5566,0.18536 
5567,0.15743 
5568,0.14139 
5569,0.12622 
5570,0.12431 
5571,0.13676 
5572,0.14930 
5573,0.16191 
5574,0.19459 
5575,0.24563 
5576,0.29671 
5577,0.36629 
5578,0.41500 
5579,0.43732 
5580,0.45996 
5581,0.48117 
5582,0.49454 
5583,0.49636 
5584,0.49819 
5585,0.50004 
5586,0.47681 
5587,0.43037 
5588,0.38392 
5589,0.33873 
5590,0.28815 
5591,0.22942 
5592,0.17444 
5593,0.14232 
5594,0.14588 
5595,0.19467 
5596,0.26579 
5597,0.34828 
5598,0.40609 
5599,0.42488 
5600,0.44160 
5601,0.45622 
5602,0.43629 
5603,0.38685 
5604,0.34094 
5605,0.29968 
5606,0.26042 
5607,0.21850 
5608,0.17463 
5609,0.14374 
5610,0.11408 
5611,0.09072 
5612,0.06692 
5613,0.04518 
5614,0.02797 
5615,0.01286 
5616,0.00993 
5617,0.01234 
5618,0.01387 
5619,0.01530 
5620,0.01695 
5621,0.01863 
5622,0.02065 
5623,0.02309 
5624,0.02444 
5625,0.02457 
5626,0.02582 
5627,0.02820 
5628,0.02722 
5629,0.02299 
5630,0.01956 
5631,0.01698 
5632,0.01426 
5633,0.01139 
5634,0.00804 
5635,0.00425 
5636,0.00254 
5637,0.00282 
5638,0.00265 
5639,0.00203 
5640,0.00128 
5641,0.00000 
5642,0.00000 
5643,0.00000 
5644,0.00000 
5645,0.00000 
5646,0.00000 
5647,0.00000 
5648,0.00000 
5649,0.00000 
5650,0.00054 
5651,0.00155 
5652,0.00256 
5653,0.00358 
5654,0.00390 
5655,0.00351 
5656,0.00312 
5657,0.00272 
5658,0.00356 
5659,0.00568 
5660,0.01361 
5661,0.02384 
5662,0.02823 
5663,0.02685 
5664,0.02531 
5665,0.02378 
5666,0.02578 
5667,0.03159 
5668,0.03735 
5669,0.04453 
5670,0.04076 
5671,0.02962 
5672,0.01823 
5673,0.00725 
5674,0.00532 
5675,0.00384 
5676,0.00234 
5677,0.00082 
5678,0.00005 
5679,0.00005 
5680,0.00005 
5681,0.00005 
5682,0.00000 
5683,0.00000 
5684,0.00000 
5685,0.00000 
5686,0.00000 
5687,0.00000 
5688,0.00000 
5689,0.00000 
5690,0.00000 
5691,0.00121 
5692,0.00378 
5693,0.00637 
5694,0.01592 
5695,0.03252 
5696,0.04176 
5697,0.04365 
5698,0.05047 
5699,0.06162 
5700,0.06394 
5701,0.06517 
5702,0.05309 
5703,0.02628 
5704,0.03558 
5705,0.07471 
5706,0.11441 
5707,0.15398 
5708,0.17281 
5709,0.17782 
5710,0.18949 
5711,0.20752 
5712,0.19550 
5713,0.15403 
5714,0.12386 
5715,0.10426 
5716,0.10453 
5717,0.12060 
5718,0.13299 
5719,0.14806 
5720,0.16674 
5721,0.19389 
5722,0.20380 
5723,0.18502 
5724,0.17104 
5725,0.15273 
5726,0.11882 
5727,0.07882 
5728,0.04962 
5729,0.03202 
5730,0.02961 
5731,0.02839 
5732,0.02448 
5733,0.01871 
5734,0.01399 
5735,0.01009 
5736,0.00604 
5737,0.00193 
5738,0.00000 
5739,0.00000 
5740,0.00000 
5741,0.00000 
5742,0.00000 
5743,0.00000 
5744,0.00000 
5745,0.00000 
5746,0.00000 
5747,0.00000 
5748,0.00000 
5749,0.00000 
5750,0.00000 
5751,0.00000 
5752,0.00000 
5753,0.00000 
5754,0.00000 
5755,0.00000 
5756,0.00000 
5757,0.00000 
5758,0.00000 
5759,0.00000 
5760,0.00000 
5761,0.00000 
5762,0.00000 
5763,0.00000 
5764,0.00000 
5765,0.00000 
5766,0.00000 
5767,0.00000 
5768,0.00000 
5769,0.00000 
5770,0.00005 
5771,0.00005 
5772,0.00005 
5773,0.00005 
5774,0.00058 
5775,0.00163 
5776,0.00269 
5777,0.00375 
5778,0.00612 
5779,0.01717 
5780,0.03490 
5781,0.05649 
5782,0.07011 
5783,0.06991 
5784,0.06945 
5785,0.06925 
5786,0.06394 
5787,0.05900 
5788,0.06016 
5789,0.06487 
5790,0.10680 
5791,0.21099 
5792,0.34586 
5793,0.53996 
5794,0.63860 
5795,0.59648 
5796,0.59024 
5797,0.63116 
5798,0.64849 
5799,0.64730 
5800,0.64616 
5801,0.62630 
5802,0.62427 
5803,0.63853 
5804,0.63868 
5805,0.62961 
5806,0.61815 
5807,0.60450 
5808,0.60756 
5809,0.62970 
5810,0.65110 
5811,0.67316 
5812,0.68084 
5813,0.67237 
5814,0.66866 
5815,0.66732 
5816,0.64158 
5817,0.59529 
5818,0.55457 
5819,0.52098 
5820,0.48449 
5821,0.44859 
5822,0.43662 
5823,0.45439 
5824,0.43609 
5825,0.39979 
5826,0.39054 
5827,0.46525 
5828,0.60580 
5829,0.74026 
5830,0.75371 
5831,0.64079 
5832,0.52142 
5833,0.40275 
5834,0.31173 
5835,0.23284 
5836,0.17319 
5837,0.12354 
5838,0.09951 
5839,0.08393 
5840,0.07136 
5841,0.05994 
5842,0.06339 
5843,0.08227 
5844,0.10775 
5845,0.13343 
5846,0.13394 
5847,0.10899 
5848,0.08385 
5849,0.06510 
5850,0.05216 
5851,0.04446 
5852,0.03686 
5853,0.03197 
5854,0.03552 
5855,0.05339 
5856,0.07313 
5857,0.09464 
5858,0.10563 
5859,0.09915 
5860,0.09323 
5861,0.08854 
5862,0.09136 
5863,0.10298 
5864,0.11732 
5865,0.13210 
5866,0.14023 
5867,0.14192 
5868,0.14311 
5869,0.14485 
5870,0.13872 
5871,0.12474 
5872,0.11084 
5873,0.09955 
5874,0.08937 
5875,0.07924 
5876,0.06892 
5877,0.05894 
5878,0.06127 
5879,0.07549 
5880,0.08924 
5881,0.10426 
5882,0.11571 
5883,0.12688 
5884,0.14574 
5885,0.16523 
5886,0.20652 
5887,0.28381 
5888,0.38253 
5889,0.49355 
5890,0.58628 
5891,0.64718 
5892,0.69716 
5893,0.73142 
5894,0.75164 
5895,0.75912 
5896,0.76272 
5897,0.75023 
5898,0.74037 
5899,0.74131 
5900,0.73425 
5901,0.72186 
5902,0.71633 
5903,0.71366 
5904,0.70856 
5905,0.70337 
5906,0.70302 
5907,0.71147 
5908,0.71000 
5909,0.70079 
5910,0.68648 
5911,0.67297 
5912,0.65499 
5913,0.63467 
5914,0.61623 
5915,0.60272 
5916,0.57261 
5917,0.53014 
5918,0.49664 
5919,0.47270 
5920,0.42368 
5921,0.35875 
5922,0.29919 
5923,0.24495 
5924,0.19573 
5925,0.14796 
5926,0.10695 
5927,0.07388 
5928,0.04640 
5929,0.02647 
5930,0.01963 
5931,0.02152 
5932,0.02342 
5933,0.02534 
5934,0.03011 
5935,0.04002 
5936,0.05208 
5937,0.06416 
5938,0.07270 
5939,0.07740 
5940,0.08324 
5941,0.08965 
5942,0.09563 
5943,0.10097 
5944,0.10643 
5945,0.11203 
5946,0.11958 
5947,0.12906 
5948,0.13910 
5949,0.14933 
5950,0.14903 
5951,0.13867 
5952,0.12781 
5953,0.11642 
5954,0.12904 
5955,0.16626 
5956,0.23262 
5957,0.30171 
5958,0.32257 
5959,0.28169 
5960,0.24460 
5961,0.20538 
5962,0.16874 
5963,0.13785 
5964,0.10647 
5965,0.08300 
5966,0.07132 
5967,0.07134 
5968,0.07163 
5969,0.07192 
5970,0.07972 
5971,0.09477 
5972,0.11130 
5973,0.13140 
5974,0.13741 
5975,0.12986 
5976,0.12257 
5977,0.11552 
5978,0.11928 
5979,0.13697 
5980,0.15890 
5981,0.18040 
5982,0.20619 
5983,0.23476 
5984,0.25137 
5985,0.25667 
5986,0.28885 
5987,0.35029 
5988,0.44560 
5989,0.55523 
5990,0.58955 
5991,0.53986 
5992,0.50505 
5993,0.47887 
5994,0.49215 
5995,0.54711 
5996,0.54083 
5997,0.47719 
5998,0.37455 
5999,0.25617 
6000,0.19208 
6001,0.16375 
6002,0.14677 
6003,0.13292 
6004,0.12598 
6005,0.12204 
6006,0.12219 
6007,0.12716 
6008,0.13631 
6009,0.14978 
6010,0.17143 
6011,0.20216 
6012,0.19128 
6013,0.13921 
6014,0.09325 
6015,0.05391 
6016,0.03868 
6017,0.04671 
6018,0.04684 
6019,0.03996 
6020,0.03405 
6021,0.02616 
6022,0.01873 
6023,0.01176 
6024,0.00577 
6025,0.00174 
6026,0.00000 
6027,0.00000 
6028,0.00000 
6029,0.00000 
6030,0.00000 
6031,0.00000 
6032,0.00000 
6033,0.00000 
6034,0.00000 
6035,0.00000 
6036,0.00000 
6037,0.00000 
6038,0.00000 
6039,0.00000 
6040,0.00000 
6041,0.00036 
6042,0.00154 
6043,0.00285 
6044,0.00418 
6045,0.00554 
6046,0.00596 
6047,0.00541 
6048,0.00485 
6049,0.00425 
6050,0.00310 
6051,0.00140 
6052,0.00000 
6053,0.00000 
6054,0.00000 
6055,0.00000 
6056,0.00000 
6057,0.00000 
6058,0.00000 
6059,0.00000 
6060,0.00000 
6061,0.00000 
6062,0.00000 
6063,0.00032 
6064,0.00195 
6065,0.00359 
6066,0.00345 
6067,0.00155 
6068,0.00000 
6069,0.00000 
6070,0.00000 
6071,0.00000 
6072,0.00000 
6073,0.00000 
6074,0.00000 
6075,0.00362 
6076,0.01192 
6077,0.02191 
6078,0.02485 
6079,0.02093 
6080,0.02104 
6081,0.02638 
6082,0.02520 
6083,0.01758 
6084,0.03136 
6085,0.06601 
6086,0.09515 
6087,0.11924 
6088,0.14261 
6089,0.16445 
6090,0.19449 
6091,0.23297 
6092,0.24587 
6093,0.23499 
6094,0.22365 
6095,0.21241 
6096,0.22479 
6097,0.26010 
6098,0.29942 
6099,0.34190 
6100,0.34478 
6101,0.31016 
6102,0.29172 
6103,0.29019 
6104,0.26696 
6105,0.22125 
6106,0.17011 
6107,0.12899 
6108,0.11545 
6109,0.12059 
6110,0.12136 
6111,0.11819 
6112,0.11104 
6113,0.10375 
6114,0.10109 
6115,0.09847 
6116,0.08380 
6117,0.06012 
6118,0.03841 
6119,0.02001 
6120,0.00867 
6121,0.00276 
6122,0.00000 
6123,0.00000 
6124,0.00000 
6125,0.00000 
6126,0.00000 
6127,0.00000 
6128,0.00000 
6129,0.00025 
6130,0.00170 
6131,0.00338 
6132,0.00506 
6133,0.00858 
6134,0.01161 
6135,0.00966 
6136,0.00767 
6137,0.00624 
6138,0.01183 
6139,0.02631 
6140,0.04294 
6141,0.06595 
6142,0.10422 
6143,0.17308 
6144,0.28673 
6145,0.45054 
6146,0.47050 
6147,0.34321 
6148,0.23909 
6149,0.15655 
6150,0.11939 
6151,0.09637 
6152,0.07917 
6153,0.06147 
6154,0.04595 
6155,0.03705 
6156,0.02864 
6157,0.02010 
6158,0.01391 
6159,0.01018 
6160,0.00759 
6161,0.00682 
6162,0.00709 
6163,0.01019 
6164,0.01650 
6165,0.02272 
6166,0.02327 
6167,0.01819 
6168,0.01311 
6169,0.00812 
6170,0.01419 
6171,0.03102 
6172,0.05164 
6173,0.07831 
6174,0.09655 
6175,0.10718 
6176,0.10574 
6177,0.09206 
6178,0.07540 
6179,0.05581 
6180,0.05356 
6181,0.07049 
6182,0.08512 
6183,0.09731 
6184,0.09525 
6185,0.08552 
6186,0.07876 
6187,0.08029 
6188,0.10023 
6189,0.13572 
6190,0.16780 
6191,0.19217 
6192,0.21725 
6193,0.24559 
6194,0.28422 
6195,0.33942 
6196,0.38748 
6197,0.41466 
6198,0.45506 
6199,0.49226 
6200,0.52905 
6201,0.56750 
6202,0.61943 
6203,0.67951 
6204,0.72126 
6205,0.74074 
6206,0.73670 
6207,0.70681 
6208,0.69592 
6209,0.69988 
6210,0.62586 
6211,0.47011 
6212,0.33044 
6213,0.22070 
6214,0.16672 
6215,0.14692 
6216,0.13227 
6217,0.11404 
6218,0.10033 
6219,0.09075 
6220,0.08132 
6221,0.07319 
6222,0.06407 
6223,0.05278 
6224,0.04128 
6225,0.03153 
6226,0.03318 
6227,0.04889 
6228,0.06584 
6229,0.08346 
6230,0.09240 
6231,0.08636 
6232,0.08084 
6233,0.07666 
6234,0.08318 
6235,0.10771 
6236,0.13230 
6237,0.16271 
6238,0.17184 
6239,0.14945 
6240,0.13463 
6241,0.11900 
6242,0.10722 
6243,0.10026 
6244,0.09391 
6245,0.08884 
6246,0.08675 
6247,0.08738 
6248,0.08833 
6249,0.08898 
6250,0.10425 
6251,0.14148 
6252,0.17929 
6253,0.24677 
6254,0.22941 
6255,0.15070 
6256,0.09547 
6257,0.05247 
6258,0.04438 
6259,0.06928 
6260,0.09461 
6261,0.12601 
6262,0.13980 
6263,0.13351 
6264,0.12684 
6265,0.12075 
6266,0.09069 
6267,0.05549 
6268,0.04555 
6269,0.05321 
6270,0.06877 
6271,0.08059 
6272,0.09858 
6273,0.12498 
6274,0.15239 
6275,0.18005 
6276,0.19179 
6277,0.18731 
6278,0.18185 
6279,0.17665 
6280,0.18574 
6281,0.21106 
6282,0.24383 
6283,0.28326 
6284,0.29916 
6285,0.28231 
6286,0.26613 
6287,0.24490 
6288,0.24561 
6289,0.27086 
6290,0.28741 
6291,0.29509 
6292,0.28796 
6293,0.26673 
6294,0.25348 
6295,0.24938 
6296,0.23080 
6297,0.19899 
6298,0.17141 
6299,0.14854 
6300,0.13474 
6301,0.13010 
6302,0.12255 
6303,0.11215 
6304,0.08480 
6305,0.04015 
6306,0.02579 
6307,0.04303 
6308,0.06450 
6309,0.08944 
6310,0.11063 
6311,0.12413 
6312,0.13278 
6313,0.13718 
6314,0.21740 
6315,0.43027 
6316,0.69176 
6317,0.92846 
6318,1.02366 
6319,0.99164 
6320,0.95904 
6321,0.92465 
6322,0.91944 
6323,0.94199 
6324,0.96714 
6325,0.99175 
6326,0.93484 
6327,0.79095 
6328,0.63233 
6329,0.46453 
6330,0.37894 
6331,0.35832 
6332,0.33859 
6333,0.31860 
6334,0.30112 
6335,0.28487 
6336,0.27424 
6337,0.26427 
6338,0.29449 
6339,0.39249 
6340,0.49456 
6341,0.61719 
6342,0.65216 
6343,0.59786 
6344,0.54045 
6345,0.48816 
6346,0.42988 
6347,0.36213 
6348,0.30188 
6349,0.25215 
6350,0.20707 
6351,0.17565 
6352,0.15423 
6353,0.13279 
6354,0.11174 
6355,0.09416 
6356,0.07867 
6357,0.06281 
6358,0.04203 
6359,0.02281 
6360,0.00702 
6361,0.00305 
6362,0.00109 
6363,0.00401 
6364,0.01015 
6365,0.01637 
6366,0.04457 
6367,0.09980 
6368,0.12840 
6369,0.12150 
6370,0.11990 
6371,0.12650 
6372,0.13704 
6373,0.15266 
6374,0.16894 
6375,0.18533 
6376,0.19324 
6377,0.19201 
6378,0.19849 
6379,0.21138 
6380,0.20511 
6381,0.17904 
6382,0.15934 
6383,0.14581 
6384,0.12797 
6385,0.10674 
6386,0.08341 
6387,0.06081 
6388,0.05644 
6389,0.08061 
6390,0.09404 
6391,0.09641 
6392,0.08273 
6393,0.05862 
6394,0.02835 
6395,0.01074 
6396,0.01121 
6397,0.02615 
6398,0.04842 
6399,0.06300 
6400,0.07044 
6401,0.07045 
6402,0.07860 
6403,0.09367 
6404,0.08730 
6405,0.06134 
6406,0.04863 
6407,0.05870 
6408,0.08664 
6409,0.13377 
6410,0.15790 
6411,0.13464 
6412,0.11850 
6413,0.10257 
6414,0.09690 
6415,0.10167 
6416,0.10651 
6417,0.11140 
6418,0.14096 
6419,0.23348 
6420,0.35816 
6421,0.50969 
6422,0.54105 
6423,0.43788 
6424,0.34993 
6425,0.26439 
6426,0.29187 
6427,0.43817 
6428,0.61748 
6429,0.79155 
6430,0.91061 
6431,0.98323 
6432,1.05969 
6433,1.13942 
6434,1.12328 
6435,1.00525 
6436,0.88187 
6437,0.75436 
6438,0.68950 
6439,0.69924 
6440,0.70674 
6441,0.71440 
6442,0.71959 
6443,0.72220 
6444,0.72483 
6445,0.72747 
6446,0.65293 
6447,0.50738 
6448,0.38005 
6449,0.27456 
6450,0.23545 
6451,0.25015 
6452,0.26387 
6453,0.27749 
6454,0.24261 
6455,0.17027 
6456,0.12448 
6457,0.08542 
6458,0.05980 
6459,0.04619 
6460,0.04182 
6461,0.03756 
6462,0.05555 
6463,0.09659 
6464,0.12507 
6465,0.14084 
6466,0.16914 
6467,0.21056 
6468,0.22335 
6469,0.20566 
6470,0.18333 
6471,0.16810 
6472,0.16422 
6473,0.15539 
6474,0.13934 
6475,0.14915 
6476,0.16030 
6477,0.20024 
6478,0.25780 
6479,0.33536 
6480,0.33823 
6481,0.26405 
6482,0.20918 
6483,0.17829 
6484,0.15531 
6485,0.12296 
6486,0.07113 
6487,0.03445 
6488,0.03091 
6489,0.02820 
6490,0.02041 
6491,0.08680 
6492,0.08903 
6493,0.09155 
6494,0.13585 
6495,0.21966 
6496,0.22307 
6497,0.15142 
6498,0.10383 
6499,0.07957 
6500,0.07129 
6501,0.07859 
6502,0.08553 
6503,0.09253 
6504,0.11062 
6505,0.13303 
6506,0.13001 
6507,0.10142 
6508,0.07480 
6509,0.05358 
6510,0.04054 
6511,0.03615 
6512,0.03334 
6513,0.03050 
6514,0.03835 
6515,0.06561 
6516,0.09627 
6517,0.13402 
6518,0.17231 
6519,0.20893 
6520,0.24502 
6521,0.28552 
6522,0.27517 
6523,0.22378 
6524,0.17156 
6525,0.13564 
6526,0.12665 
6527,0.13844 
6528,0.15070 
6529,0.16346 
6530,0.16324 
6531,0.14953 
6532,0.13561 
6533,0.12150 
6534,0.11138 
6535,0.10527 
6536,0.09931 
6537,0.09498 
6538,0.09312 
6539,0.09383 
6540,0.09455 
6541,0.09528 
6542,0.08160 
6543,0.05368 
6544,0.03310 
6545,0.01498 
6546,0.00790 
6547,0.00970 
6548,0.01222 
6549,0.01467 
6550,0.02007 
6551,0.02840 
6552,0.03637 
6553,0.04482 
6554,0.05998 
6555,0.08658 
6556,0.12453 
6557,0.17379 
6558,0.18697 
6559,0.16807 
6560,0.15316 
6561,0.14495 
6562,0.14569 
6563,0.15125 
6564,0.16714 
6565,0.19459 
6566,0.23057 
6567,0.26462 
6568,0.27969 
6569,0.27273 
6570,0.27213 
6571,0.27655 
6572,0.27886 
6573,0.27982 
6574,0.29155 
6575,0.31348 
6576,0.29437 
6577,0.23500 
6578,0.17100 
6579,0.10916 
6580,0.10144 
6581,0.14198 
6582,0.18150 
6583,0.22183 
6584,0.23893 
6585,0.22709 
6586,0.22285 
6587,0.22285 
6588,0.22737 
6589,0.23720 
6590,0.26855 
6591,0.33806 
6592,0.42287 
6593,0.52349 
6594,0.52798 
6595,0.42551 
6596,0.34171 
6597,0.27812 
6598,0.24384 
6599,0.22629 
6600,0.20577 
6601,0.18377 
6602,0.15789 
6603,0.13391 
6604,0.11756 
6605,0.10120 
6606,0.09535 
6607,0.10006 
6608,0.10483 
6609,0.10998 
6610,0.09874 
6611,0.07463 
6612,0.05464 
6613,0.03513 
6614,0.02577 
6615,0.01991 
6616,0.01390 
6617,0.00783 
6618,0.00584 
6619,0.00522 
6620,0.00460 
6621,0.00397 
6622,0.00300 
6623,0.00167 
6624,0.00028 
6625,0.00000 
6626,0.00000 
6627,0.00000 
6628,0.00000 
6629,0.00000 
6630,0.00000 
6631,0.00000 
6632,0.00000 
6633,0.00000 
6634,0.00000 
6635,0.00000 
6636,0.00000 
6637,0.00000 
6638,0.00000 
6639,0.00000 
6640,0.00000 
6641,0.00000 
6642,0.00000 
6643,0.00000 
6644,0.00000 
6645,0.00000 
6646,0.00000 
6647,0.00000 
6648,0.00000 
6649,0.00000 
6650,0.00000 
6651,0.00488 
6652,0.00827 
6653,0.01168 
6654,0.03889 
6655,0.09345 
6656,0.13487 
6657,0.16310 
6658,0.19331 
6659,0.22201 
6660,0.23966 
6661,0.24746 
6662,0.24746 
6663,0.25055 
6664,0.25561 
6665,0.31774 
6666,0.42668 
6667,0.51536 
6668,0.55007 
6669,0.52923 
6670,0.53321 
6671,0.56261 
6672,0.54237 
6673,0.47211 
6674,0.40597 
6675,0.34679 
6676,0.31567 
6677,0.31292 
6678,0.29494 
6679,0.26238 
6680,0.27084 
6681,0.32041 
6682,0.36870 
6683,0.41632 
6684,0.40406 
6685,0.34095 
6686,0.28275 
6687,0.23156 
6688,0.21480 
6689,0.22188 
6690,0.21879 
6691,0.20499 
6692,0.16632 
6693,0.11862 
6694,0.08472 
6695,0.05891 
6696,0.03090 
6697,0.00810 
6698,0.00000 
6699,0.00000 
6700,0.00000 
6701,0.00000 
6702,0.00000 
6703,0.00000 
6704,0.00000 
6705,0.00000 
6706,0.00000 
6707,0.00000 
6708,0.00000 
6709,0.00000 
6710,0.00000 
6711,0.00000 
6712,0.00000 
6713,0.00000 
6714,0.00000 
6715,0.00000 
6716,0.00000 
6717,0.00000 
6718,0.00000 
6719,0.00000 
6720,0.00000 
6721,0.00000 
6722,0.00000 
6723,0.00000 
6724,0.00000 
6725,0.00000 
6726,0.00000 
6727,0.00000 
6728,0.00000 
6729,0.00000 
6730,0.00000 
6731,0.00000 
6732,0.00000 
6733,0.00000 
6734,0.00000 
6735,0.00000 
6736,0.00000 
6737,0.00000 
6738,0.00000 
6739,0.00000 
6740,0.00000 
6741,0.00000 
6742,0.00000 
6743,0.00000 
6744,0.00000 
6745,0.00000 
6746,0.00289 
6747,0.01389 
6748,0.02353 
6749,0.03279 
6750,0.04782 
6751,0.06894 
6752,0.08195 
6753,0.08657 
6754,0.09362 
6755,0.10281 
6756,0.10665 
6757,0.10481 
6758,0.10583 
6759,0.10960 
6760,0.10963 
6761,0.10672 
6762,0.10078 
6763,0.09255 
6764,0.09828 
6765,0.11816 
6766,0.13528 
6767,0.15003 
6768,0.16025 
6769,0.16608 
6770,0.18077 
6771,0.20370 
6772,0.20102 
6773,0.17442 
6774,0.15258 
6775,0.13656 
6776,0.12883 
6777,0.12829 
6778,0.12466 
6779,0.11803 
6780,0.11535 
6781,0.11745 
6782,0.11892 
6783,0.11977 
6784,0.11396 
6785,0.10110 
6786,0.09191 
6787,0.08566 
6788,0.07453 
6789,0.05821 
6790,0.04267 
6791,0.02723 
6792,0.01541 
6793,0.00724 
6794,0.00339 
6795,0.00341 
6796,0.00343 
6797,0.00345 
6798,0.00272 
6799,0.00123 
6800,0.00000 
6801,0.00000 
6802,0.00000 
6803,0.00000 
6804,0.00000 
6805,0.00049 
6806,0.00093 
6807,0.00093 
6808,0.00094 
6809,0.00094 
6810,0.00207 
6811,0.00435 
6812,0.00666 
6813,0.01706 
6814,0.02062 
6815,0.01657 
6816,0.01227 
6817,0.00779 
6818,0.00635 
6819,0.00484 
6820,0.00334 
6821,0.00182 
6822,0.00018 
6823,0.00000 
6824,0.00000 
6825,0.00000 
6826,0.00000 
6827,0.00000 
6828,0.00000 
6829,0.00114 
6830,0.00169 
6831,0.00060 
6832,0.00000 
6833,0.00000 
6834,0.00000 
6835,0.00000 
6836,0.00000 
6837,0.00000 
6838,0.00000 
6839,0.00000 
6840,0.00000 
6841,0.00000 
6842,0.00164 
6843,0.00511 
6844,0.00863 
6845,0.01215 
6846,0.01820 
6847,0.02667 
6848,0.04768 
6849,0.08112 
6850,0.11374 
6851,0.14593 
6852,0.17314 
6853,0.19657 
6854,0.22273 
6855,0.25206 
6856,0.26384 
6857,0.25673 
6858,0.25913 
6859,0.27163 
6860,0.26269 
6861,0.23279 
6862,0.21393 
6863,0.20639 
6864,0.17601 
6865,0.12315 
6866,0.05448 
6867,0.01368 
6868,0.01520 
6869,0.04089 
6870,0.07864 
6871,0.10382 
6872,0.11305 
6873,0.10584 
6874,0.10627 
6875,0.11447 
6876,0.11036 
6877,0.09611 
6878,0.08216 
6879,0.06737 
6880,0.05793 
6881,0.05395 
6882,0.04881 
6883,0.04260 
6884,0.03926 
6885,0.03860 
6886,0.03663 
6887,0.03346 
6888,0.02900 
6889,0.02334 
6890,0.02575 
6891,0.03593 
6892,0.05150 
6893,0.06749 
6894,0.09634 
6895,0.14547 
6896,0.22990 
6897,0.33830 
6898,0.38999 
6899,0.36869 
6900,0.34725 
6901,0.32566 
6902,0.37797 
6903,0.51657 
6904,0.67207 
6905,0.81972 
6906,0.83566 
6907,0.71861 
6908,0.59713 
6909,0.47196 
6910,0.44635 
6911,0.50979 
6912,0.57994 
6913,0.65305 
6914,0.61991 
6915,0.47819 
6916,0.35813 
6917,0.25777 
6918,0.25965 
6919,0.36609 
6920,0.49610 
6921,0.65291 
6922,0.73577 
6923,0.74147 
6924,0.74442 
6925,0.75026 
6926,0.66521 
6927,0.50075 
6928,0.35586 
6929,0.24721 
6930,0.17354 
6931,0.13408 
6932,0.09824 
6933,0.06969 
6934,0.04837 
6935,0.03856 
6936,0.02936 
6937,0.02038 
6938,0.01620 
6939,0.01700 
6940,0.01795 
6941,0.01961 
6942,0.02933 
6943,0.04749 
6944,0.06635 
6945,0.08528 
6946,0.12108 
6947,0.17937 
6948,0.22406 
6949,0.25701 
6950,0.27966 
6951,0.26052 
6952,0.24603 
6953,0.23756 
6954,0.23133 
6955,0.22796 
6956,0.24290 
6957,0.27502 
6958,0.29935 
6959,0.31442 
6960,0.31464 
6961,0.30046 
6962,0.28415 
6963,0.26759 
6964,0.23358 
6965,0.18570 
6966,0.15255 
6967,0.13451 
6968,0.12294 
6969,0.11763 
6970,0.09362 
6971,0.05488 
6972,0.04940 
6973,0.08796 
6974,0.15981 
6975,0.25693 
6976,0.26142 
6977,0.18510 
6978,0.13803 
6979,0.11653 
6980,0.09643 
6981,0.07742 
6982,0.05939 
6983,0.04511 
6984,0.03496 
6985,0.02979 
6986,0.02596 
6987,0.02219 
6988,0.01837 
6989,0.01451 
6990,0.01861 
6991,0.03082 
6992,0.04684 
6993,0.06624 
6994,0.08030 
6995,0.08954 
6996,0.10085 
6997,0.11225 
6998,0.13701 
6999,0.19345 
7000,0.26269 
7001,0.35633 
7002,0.36896 
7003,0.29606 
7004,0.23929 
7005,0.18644 
7006,0.18893 
7007,0.24830 
7008,0.31677 
7009,0.40597 
7010,0.39776 
7011,0.29633 
7012,0.21983 
7013,0.15685 
7014,0.14398 
7015,0.16110 
7016,0.17862 
7017,0.20854 
7018,0.26076 
7019,0.33798 
7020,0.44313 
7021,0.55185 
7022,0.65865 
7023,0.74541 
7024,0.83120 
7025,0.91158 
7026,0.89598 
7027,0.78338 
7028,0.66551 
7029,0.54779 
7030,0.48139 
7031,0.45211 
7032,0.42143 
7033,0.39118 
7034,0.32101 
7035,0.23874 
7036,0.17468 
7037,0.13261 
7038,0.11990 
7039,0.12810 
7040,0.14316 
7041,0.16449 
7042,0.19881 
7043,0.25062 
7044,0.29457 
7045,0.32945 
7046,0.37034 
7047,0.41995 
7048,0.43378 
7049,0.41072 
7050,0.35964 
7051,0.31026 
7052,0.30819 
7053,0.36802 
7054,0.44696 
7055,0.49515 
7056,0.50944 
7057,0.49641 
7058,0.51689 
7059,0.57061 
7060,0.53110 
7061,0.40212 
7062,0.25965 
7063,0.27355 
7064,0.30284 
7065,0.37048 
7066,0.42631 
7067,0.46241 
7068,0.47110 
7069,0.44854 
7070,0.44360 
7071,0.45192 
7072,0.41794 
7073,0.35455 
7074,0.31979 
7075,0.30829 
7076,0.26768 
7077,0.21124 
7078,0.17760 
7079,0.15231 
7080,0.13177 
7081,0.11677 
7082,0.11562 
7083,0.12871 
7084,0.14155 
7085,0.16439 
7086,0.16541 
7087,0.14464 
7088,0.13318 
7089,0.12150 
7090,0.13813 
7091,0.21245 
7092,0.30618 
7093,0.42268 
7094,0.46552 
7095,0.41723 
7096,0.37537 
7097,0.33296 
7098,0.27501 
7099,0.22372 
7100,0.17155 
7101,0.13525 
7102,0.11336 
7103,0.09722 
7104,0.08385 
7105,0.07173 
7106,0.08470 
7107,0.13321 
7108,0.19799 
7109,0.29548 
7110,0.34579 
7111,0.32226 
7112,0.30450 
7113,0.28782 
7114,0.31031 
7115,0.38748 
7116,0.47398 
7117,0.56660 
7118,0.56887 
7119,0.48152 
7120,0.39826 
7121,0.32143 
7122,0.26925 
7123,0.22365 
7124,0.18325 
7125,0.15800 
7126,0.14517 
7127,0.14408 
7128,0.14301 
7129,0.14195 
7130,0.12769 
7131,0.10248 
7132,0.08381 
7133,0.06543 
7134,0.06641 
7135,0.08601 
7136,0.10245 
7137,0.11675 
7138,0.14082 
7139,0.17259 
7140,0.23345 
7141,0.31279 
7142,0.37315 
7143,0.37252 
7144,0.35945 
7145,0.32895 
7146,0.37214 
7147,0.51518 
7148,0.68172 
7149,0.83174 
7150,0.85571 
7151,0.75641 
7152,0.65966 
7153,0.56501 
7154,0.50200 
7155,0.46816 
7156,0.44521 
7157,0.43480 
7158,0.43993 
7159,0.45954 
7160,0.46283 
7161,0.45212 
7162,0.39968 
7163,0.30672 
7164,0.23618 
7165,0.17896 
7166,0.15362 
7167,0.14417 
7168,0.13388 
7169,0.12280 
7170,0.10894 
7171,0.09218 
7172,0.08419 
7173,0.08470 
7174,0.08593 
7175,0.08757 
7176,0.08017 
7177,0.06361 
7178,0.06027 
7179,0.06982 
7180,0.07967 
7181,0.09139 
7182,0.10711 
7183,0.12519 
7184,0.14394 
7185,0.17132 
7186,0.16021 
7187,0.12633 
7188,0.09521 
7189,0.07026 
7190,0.05292 
7191,0.04150 
7192,0.03304 
7193,0.02559 
7194,0.02726 
7195,0.03816 
7196,0.05468 
7197,0.07190 
7198,0.08536 
7199,0.09702 
7200,0.11110 
7201,0.12576 
7202,0.12125 
7203,0.09719 
7204,0.07928 
7205,0.06111 
7206,0.04740 
7207,0.04049 
7208,0.03475 
7209,0.02888 
7210,0.02478 
7211,0.02242 
7212,0.02002 
7213,0.01758 
7214,0.01180 
7215,0.00700 
7216,0.00509 
7217,0.00320 
7218,0.00169 
7219,0.00060 
7220,0.00000 
7221,0.00000 
7222,0.00000 
7223,0.00000 
7224,0.00000 
7225,0.00000 
7226,0.00447 
7227,0.01399 
7228,0.02377 
7229,0.03356 
7230,0.05982 
7231,0.10410 
7232,0.12790 
7233,0.12814 
7234,0.13992 
7235,0.16467 
7236,0.16258 
7237,0.13337 
7238,0.10583 
7239,0.08044 
7240,0.07868 
7241,0.10020 
7242,0.11181 
7243,0.11342 
7244,0.13688 
7245,0.18878 
7246,0.23632 
7247,0.27946 
7248,0.29541 
7249,0.27980 
7250,0.27795 
7251,0.29137 
7252,0.29243 
7253,0.28204 
7254,0.27941 
7255,0.28776 
7256,0.28644 
7257,0.27169 
7258,0.24611 
7259,0.21304 
7260,0.19316 
7261,0.19940 
7262,0.21948 
7263,0.24142 
7264,0.21480 
7265,0.14449 
7266,0.09024 
7267,0.04898 
7268,0.02918 
7269,0.02952 
7270,0.02483 
7271,0.01533 
7272,0.00995 
7273,0.01130 
7274,0.01004 
7275,0.00600 
7276,0.00496 
7277,0.00390 
7278,0.00308 
7279,0.00248 
7280,0.00185 
7281,0.00122 
7282,0.00091 
7283,0.00091 
7284,0.00092 
7285,0.00092 
7286,0.00126 
7287,0.00194 
7288,0.00264 
7289,0.00333 
7290,0.00346 
7291,0.00302 
7292,0.00257 
7293,0.00212 
7294,0.00249 
7295,0.00372 
7296,0.00500 
7297,0.00634 
7298,0.00902 
7299,0.01631 
7300,0.02371 
7301,0.03125 
7302,0.04843 
7303,0.08649 
7304,0.13265 
7305,0.18664 
7306,0.22995 
7307,0.22192 
7308,0.21459 
7309,0.20621 
7310,0.22564 
7311,0.27198 
7312,0.31807 
7313,0.36997 
7314,0.41612 
7315,0.44217 
7316,0.46788 
7317,0.49326 
7318,0.48816 
7319,0.45357 
7320,0.42154 
7321,0.38871 
7322,0.35387 
7323,0.32791 
7324,0.31463 
7325,0.30914 
7326,0.29741 
7327,0.29285 
7328,0.28692 
7329,0.30683 
7330,0.38790 
7331,0.47021 
7332,0.52756 
7333,0.55269 
7334,0.60479 
7335,0.68812 
7336,0.70919 
7337,0.65586 
7338,0.58154 
7339,0.49814 
7340,0.46268 
7341,0.48158 
7342,0.49353 
7343,0.49506 
7344,0.49496 
7345,0.49335 
7346,0.49221 
7347,0.49154 
7348,0.49218 
7349,0.49367 
7350,0.50312 
7351,0.52270 
7352,0.50840 
7353,0.46330 
7354,0.41176 
7355,0.35323 
7356,0.35460 
7357,0.40330 
7358,0.44494 
7359,0.47775 
7360,0.43191 
7361,0.32955 
7362,0.24827 
7363,0.18763 
7364,0.14362 
7365,0.10888 
7366,0.07779 
7367,0.05056 
7368,0.02561 
7369,0.00681 
7370,0.00000 
7371,0.00000 
7372,0.00000 
7373,0.00000 
7374,0.00000 
7375,0.00000 
7376,0.00000 
7377,0.00000 
7378,0.00000 
7379,0.00000 
7380,0.00000 
7381,0.00000 
7382,0.00000 
7383,0.00000 
7384,0.00000 
7385,0.00000 
7386,0.00000 
7387,0.00000 
7388,0.00000 
7389,0.00000 
7390,0.00000 
7391,0.00000 
7392,0.00000 
7393,0.00000 
7394,0.00000 
7395,0.00000 
7396,0.00000 
7397,0.00000 
7398,0.00000 
7399,0.00000 
7400,0.00000 
7401,0.00141 
7402,0.00169 
7403,0.00061 
7404,0.00000 
7405,0.00000 
7406,0.00000 
7407,0.00000 
7408,0.00062 
7409,0.00175 
7410,0.00204 
7411,0.00147 
7412,0.00090 
7413,0.00034 
7414,0.00000 
7415,0.00000 
7416,0.00000 
7417,0.00000 
7418,0.00431 
7419,0.01337 
7420,0.02254 
7421,0.03157 
7422,0.02937 
7423,0.01628 
7424,0.01994 
7425,0.04049 
7426,0.05268 
7427,0.05623 
7428,0.07569 
7429,0.10873 
7430,0.15041 
7431,0.20148 
7432,0.19957 
7433,0.14524 
7434,0.10520 
7435,0.07913 
7436,0.05907 
7437,0.04404 
7438,0.01779 
7439,0.06788 
7440,0.06708 
7441,0.06630 
7442,0.08681 
7443,0.12805 
7444,0.15132 
7445,0.15641 
7446,0.17528 
7447,0.20828 
7448,0.20744 
7449,0.17354 
7450,0.14738 
7451,0.12965 
7452,0.11251 
7453,0.09566 
7454,0.07496 
7455,0.05052 
7456,0.03731 
7457,0.03490 
7458,0.02939 
7459,0.02105 
7460,0.01663 
7461,0.01598 
7462,0.01474 
7463,0.01282 
7464,0.01077 
7465,0.01173 
7466,0.02350 
7467,0.04956 
7468,0.08356 
7469,0.12945 
7470,0.14910 
7471,0.14116 
7472,0.13311 
7473,0.12495 
7474,0.10988 
7475,0.08776 
7476,0.07156 
7477,0.05496 
7478,0.06276 
7479,0.09710 
7480,0.14166 
7481,0.20685 
7482,0.22869 
7483,0.19197 
7484,0.15834 
7485,0.13751 
7486,0.11291 
7487,0.08660 
7488,0.06479 
7489,0.04244 
7490,0.03374 
7491,0.03130 
7492,0.02896 
7493,0.02651 
7494,0.03476 
7495,0.05856 
7496,0.08876 
7497,0.12431 
7498,0.15184 
7499,0.16413 
7500,0.17592 
7501,0.18855 
7502,0.20145 
7503,0.21252 
7504,0.22279 
7505,0.23399 
7506,0.25714 
7507,0.29312 
7508,0.33044 
7509,0.37318 
7510,0.34471 
7511,0.26564 
7512,0.18976 
7513,0.14670 
7514,0.10765 
7515,0.08247 
7516,0.05862 
7517,0.04505 
7518,0.05680 
7519,0.09882 
7520,0.14427 
7521,0.19804 
7522,0.25552 
7523,0.31327 
7524,0.37510 
7525,0.45070 
7526,0.42374 
7527,0.31327 
7528,0.21881 
7529,0.15302 
7530,0.11521 
7531,0.09865 
7532,0.10961 
7533,0.14644 
7534,0.17544 
7535,0.19655 
7536,0.19618 
7537,0.17559 
7538,0.15283 
7539,0.12810 
7540,0.10927 
7541,0.09309 
7542,0.08417 
7543,0.08004 
7544,0.07952 
7545,0.08319 
7546,0.08803 
7547,0.09453 
7548,0.08914 
7549,0.07073 
7550,0.05250 
7551,0.03462 
7552,0.02860 
7553,0.03429 
7554,0.03906 
7555,0.04312 
7556,0.03859 
7557,0.02583 
7558,0.01002 
7559,0.00096 
7560,0.00096 
7561,0.00000 
7562,0.00000 
7563,0.00000 
7564,0.00059 
7565,0.00255 
7566,0.00355 
7567,0.00357 
7568,0.00359 
7569,0.00362 
7570,0.00318 
7571,0.00229 
7572,0.00140 
7573,0.00050 
7574,0.00050 
7575,0.00141 
7576,0.00233 
7577,0.00326 
7578,0.00478 
7579,0.00691 
7580,0.01678 
7581,0.02699 
7582,0.03418 
7583,0.03837 
7584,0.04260 
7585,0.04912 
7586,0.04603 
7587,0.03684 
7588,0.02837 
7589,0.01984 
7590,0.01372 
7591,0.01008 
7592,0.00760 
7593,0.00686 
7594,0.00788 
7595,0.02021 
7596,0.03345 
7597,0.04690 
7598,0.05202 
7599,0.04414 
7600,0.03763 
7601,0.03105 
7602,0.02433 
7603,0.01760 
7604,0.01087 
7605,0.00754 
7606,0.00751 
7607,0.01070 
7608,0.01713 
7609,0.02341 
7610,0.02781 
7611,0.03118 
7612,0.03474 
7613,0.03841 
7614,0.03333 
7615,0.01645 
7616,0.02735 
7617,0.06657 
7618,0.09815 
7619,0.12116 
7620,0.14410 
7621,0.16694 
7622,0.20297 
7623,0.25411 
7624,0.26866 
7625,0.24551 
7626,0.23497 
7627,0.23866 
7628,0.22753 
7629,0.20139 
7630,0.17459 
7631,0.14934 
7632,0.14321 
7633,0.15275 
7634,0.16633 
7635,0.18243 
7636,0.17166 
7637,0.13340 
7638,0.09914 
7639,0.06778 
7640,0.05755 
7641,0.06884 
7642,0.07568 
7643,0.08691 
7644,0.10498 
7645,0.13575 
7646,0.15369 
7647,0.15964 
7648,0.14652 
7649,0.11489 
7650,0.09374 
7651,0.08286 
7652,0.08119 
7653,0.08791 
7654,0.09704 
7655,0.11511 
7656,0.13524 
7657,0.16286 
7658,0.24916 
7659,0.42478 
7660,0.64471 
7661,0.85434 
7662,0.96733 
7663,0.99685 
7664,1.02970 
7665,1.06244 
7666,1.13459 
7667,1.24030 
7668,1.31961 
7669,1.37266 
7670,1.38050 
7671,1.38499 
7672,1.38952 
7673,1.39408 
7674,1.39866 
7675,1.39997 
7676,1.39115 
7677,1.37638 
7678,1.39498 
7679,1.44391 
7680,1.48837 
7681,1.52947 
7682,1.54182 
7683,1.49245 
7684,1.40790 
7685,1.29682 
7686,1.21408 
7687,1.17288 
7688,1.12978 
7689,1.08987 
7690,1.06945 
7691,1.07780 
7692,1.08629 
7693,1.09058 
7694,1.04166 
7695,0.92760 
7696,0.81352 
7697,0.69333 
7698,0.56032 
7699,0.44091 
7700,0.32739 
7701,0.24156 
7702,0.18309 
7703,0.15582 
7704,0.12919 
7705,0.10389 
7706,0.09421 
7707,0.09430 
7708,0.09422 
7709,0.09459 
7710,0.10045 
7711,0.11731 
7712,0.14750 
7713,0.20711 
7714,0.25956 
7715,0.27282 
7716,0.28027 
7717,0.28218 
7718,0.29931 
7719,0.33141 
7720,0.35576 
7721,0.37256 
7722,0.39495 
7723,0.42144 
7724,0.42199 
7725,0.39745 
7726,0.39050 
7727,0.39827 
7728,0.33374 
7729,0.20144 
7730,0.12463 
7731,0.09673 
7732,0.07099 
7733,0.05059 
7734,0.07203 
7735,0.14179 
7736,0.21408 
7737,0.28796 
7738,0.29326 
7739,0.22862 
7740,0.19136 
7741,0.18132 
7742,0.15697 
7743,0.12568 
7744,0.10744 
7745,0.10620 
7746,0.10829 
7747,0.12083 
7748,0.12790 
7749,0.13440 
7750,0.12900 
7751,0.11065 
7752,0.08662 
7753,0.06429 
7754,0.05730 
7755,0.06234 
7756,0.06745 
7757,0.07262 
7758,0.07549 
7759,0.07600 
7760,0.07676 
7761,0.07753 
7762,0.06964 
7763,0.05350 
7764,0.03746 
7765,0.02703 
7766,0.01971 
7767,0.01552 
7768,0.01131 
7769,0.00706 
7770,0.00605 
7771,0.00541 
7772,0.00476 
7773,0.00410 
7774,0.00357 
7775,0.00315 
7776,0.00272 
7777,0.00228 
7778,0.00193 
7779,0.00169 
7780,0.00144 
7781,0.00119 
7782,0.00235 
7783,0.00495 
7784,0.00765 
7785,0.01969 
7786,0.02633 
7787,0.02655 
7788,0.02677 
7789,0.02700 
7790,0.03174 
7791,0.04100 
7792,0.05168 
7793,0.06640 
7794,0.07649 
7795,0.08274 
7796,0.08899 
7797,0.09525 
7798,0.09288 
7799,0.08201 
7800,0.07128 
7801,0.06070 
7802,0.06843 
7803,0.09712 
7804,0.13015 
7805,0.16918 
7806,0.20716 
7807,0.25198 
7808,0.28215 
7809,0.28045 
7810,0.27883 
7811,0.27610 
7812,0.30167 
7813,0.36421 
7814,0.42136 
7815,0.47297 
7816,0.49010 
7817,0.46814 
7818,0.45610 
7819,0.45180 
7820,0.45958 
7821,0.48237 
7822,0.52408 
7823,0.59396 
7824,0.67031 
7825,0.76533 
7826,0.80604 
7827,0.77125 
7828,0.70940 
7829,0.63157 
7830,0.57413 
7831,0.53082 
7832,0.50692 
7833,0.49812 
7834,0.50090 
7835,0.51250 
7836,0.50377 
7837,0.47503 
7838,0.45064 
7839,0.43394 
7840,0.42439 
7841,0.42481 
7842,0.44528 
7843,0.48618 
7844,0.53525 
7845,0.58860 
7846,0.54462 
7847,0.40732 
7848,0.29747 
7849,0.21492 
7850,0.18554 
7851,0.19777 
7852,0.21073 
7853,0.22386 
7854,0.20363 
7855,0.15007 
7856,0.12012 
7857,0.08978 
7858,0.07775 
7859,0.07778 
7860,0.07806 
7861,0.07808 
7862,0.07013 
7863,0.05386 
7864,0.03795 
7865,0.02738 
7866,0.01996 
7867,0.01577 
7868,0.01148 
7869,0.00716 
7870,0.00584 
7871,0.00452 
7872,0.00316 
7873,0.00176 
7874,0.00030 
7875,0.00000 
7876,0.00000 
7877,0.00000 
7878,0.00000 
7879,0.00000 
7880,0.00000 
7881,0.00000 
7882,0.00000 
7883,0.00000 
7884,0.00000 
7885,0.00000 
7886,0.00000 
7887,0.00000 
7888,0.00000 
7889,0.00000 
7890,0.00000 
7891,0.00000 
7892,0.00000 
7893,0.00000 
7894,0.00000 
7895,0.00000 
7896,0.00000 
7897,0.00000 
7898,0.00000 
7899,0.00102 
7900,0.00172 
7901,0.00243 
7902,0.00135 
7903,0.08903 
7904,0.08936 
7905,0.08979 
7906,0.12333 
7907,0.19177 
7908,0.23104 
7909,0.23727 
7910,0.24823 
7911,0.26078 
7912,0.28622 
7913,0.32958 
7914,0.38073 
7915,0.43754 
7916,0.48767 
7917,0.52337 
7918,0.57256 
7919,0.63129 
7920,0.58496 
7921,0.43279 
7922,0.27783 
7923,0.17872 
7924,0.16360 
7925,0.18201 
7926,0.20420 
7927,0.23014 
7928,0.21811 
7929,0.16696 
7930,0.11207 
7931,0.09825 
7932,0.13062 
7933,0.16862 
7934,0.20275 
7935,0.23946 
7936,0.25286 
7937,0.26549 
7938,0.35303 
7939,0.54788 
7940,0.74613 
7941,0.90870 
7942,0.93088 
7943,0.82240 
7944,0.68925 
7945,0.54438 
7946,0.39645 
7947,0.25833 
7948,0.15906 
7949,0.09797 
7950,0.06997 
7951,0.06261 
7952,0.05515 
7953,0.04760 
7954,0.03671 
7955,0.02773 
7956,0.01858 
7957,0.00939 
7958,0.00583 
7959,0.00523 
7960,0.00461 
7961,0.00398 
7962,0.00344 
7963,0.00300 
7964,0.00256 
7965,0.00211 
7966,0.00168 
7967,0.00124 
7968,0.00077 
7969,0.00030 
7970,0.00093 
7971,0.00270 
7972,0.00449 
7973,0.00632 
7974,0.01431 
7975,0.03200 
7976,0.05254 
7977,0.08150 
7978,0.11212 
7979,0.15237 
7980,0.19333 
7981,0.26752 
7982,0.29753 
7983,0.28221 
7984,0.26793 
7985,0.25248 
7986,0.21513 
7987,0.17481 
7988,0.14223 
7989,0.11010 
7990,0.08910 
7991,0.07172 
7992,0.05463 
7993,0.04078 
7994,0.04662 
7995,0.07265 
7996,0.10567 
7997,0.14814 
7998,0.20733 
7999,0.29761 
8000,0.37238 
8001,0.40548 
8002,0.45166 
8003,0.51528 
8004,0.57194 
8005,0.61366 
8006,0.64604 
8007,0.66756 
8008,0.69202 
8009,0.71649 
8010,0.75578 
8011,0.80683 
8012,0.84197 
8013,0.86186 
8014,0.86409 
8015,0.85355 
8016,0.82516 
8017,0.78937 
8018,0.76911 
8019,0.76440 
8020,0.75882 
8021,0.75334 
8022,0.74721 
8023,0.73881 
8024,0.72410 
8025,0.70737 
8026,0.68042 
8027,0.64873 
8028,0.61006 
8029,0.56914 
8030,0.54450 
8031,0.53220 
8032,0.49048 
8033,0.43154 
8034,0.39732 
8035,0.38189 
8036,0.31070 
8037,0.21026 
8038,0.16119 
8039,0.13488 
8040,0.10880 
8041,0.08411 
8042,0.06248 
8043,0.04098 
8044,0.02536 
8045,0.01149 
8046,0.00539 
8047,0.00437 
8048,0.00334 
8049,0.00229 
8050,0.00155 
8051,0.00112 
8052,0.00069 
8053,0.00026 
8054,0.00070 
8055,0.00203 
8056,0.00340 
8057,0.00481 
8058,0.00553 
8059,0.00557 
8060,0.00559 
8061,0.00562 
8062,0.00476 
8063,0.00295 
8064,0.00104 
8065,0.00000 
8066,0.00000 
8067,0.00302 
8068,0.00640 
8069,0.01755 
8070,0.02586 
8071,0.02608 
8072,0.02639 
8073,0.02672 
8074,0.02564 
8075,0.02331 
8076,0.02083 
8077,0.01832 
8078,0.01976 
8079,0.02530 
8080,0.03077 
8081,0.03640 
8082,0.04807 
8083,0.07507 
8084,0.10294 
8085,0.13714 
8086,0.16810 
8087,0.19284 
8088,0.23371 
8089,0.27832 
8090,0.30888 
8091,0.33100 
8092,0.36134 
8093,0.40404 
8094,0.44415 
8095,0.47451 
8096,0.51330 
8097,0.55485 
8098,0.59912 
8099,0.64477 
8100,0.68791 
8101,0.73222 
8102,0.82561 
8103,0.96616 
8104,1.11811 
8105,1.25719 
8106,1.30703 
8107,1.26180 
8108,1.20036 
8109,1.11484 
8110,1.08879 
8111,1.11358 
8112,1.12979 
8113,1.14089 
8114,1.15339 
8115,1.17295 
8116,1.19642 
8117,1.22383 
8118,1.23022 
8119,1.21147 
8120,1.16304 
8121,1.08693 
8122,1.06776 
8123,1.09826 
8124,1.13259 
8125,1.16243 
8126,1.10203 
8127,0.95013 
8128,0.81428 
8129,0.68744 
8130,0.63800 
8131,0.64677 
8132,0.62018 
8133,0.58163 
8134,0.54285 
8135,0.51559 
8136,0.50341 
8137,0.49156 
8138,0.41289 
8139,0.28964 
8140,0.19351 
8141,0.12429 
8142,0.10863 
8143,0.12710 
8144,0.14628 
8145,0.17373 
8146,0.20572 
8147,0.23458 
8148,0.26431 
8149,0.29857 
8150,0.35459 
8151,0.42693 
8152,0.50696 
8153,0.59589 
8154,0.57319 
8155,0.44528 
8156,0.33468 
8157,0.24262 
8158,0.20003 
8159,0.19537 
8160,0.19049 
8161,0.18607 
8162,0.16639 
8163,0.13491 
8164,0.10380 
8165,0.08030 
8166,0.06028 
8167,0.04410 
8168,0.03317 
8169,0.02190 
8170,0.02086 
8171,0.03019 
8172,0.03967 
8173,0.04999 
8174,0.05750 
8175,0.05775 
8176,0.05777 
8177,0.05802 
8178,0.06645 
8179,0.08330 
8180,0.09976 
8181,0.11850 
8182,0.12949 
8183,0.12851 
8184,0.12805 
8185,0.12760 
8186,0.13807 
8187,0.16963 
8188,0.22301 
8189,0.30027 
8190,0.34155 
8191,0.30530 
8192,0.30475 
8193,0.37053 
8194,0.44472 
8195,0.51765 
8196,0.56342 
8197,0.56719 
8198,0.57896 
8199,0.59967 
8200,0.61338 
8201,0.62525 
8202,0.63829 
8203,0.65326 
8204,0.66066 
8205,0.66209 
8206,0.65741 
8207,0.64509 
8208,0.62833 
8209,0.60777 
8210,0.59447 
8211,0.58568 
8212,0.56752 
8213,0.53722 
8214,0.50878 
8215,0.48103 
8216,0.47078 
8217,0.47400 
8218,0.47228 
8219,0.46318 
8220,0.45184 
8221,0.43761 
8222,0.41142 
8223,0.37916 
8224,0.34875 
8225,0.31758 
8226,0.28811 
8227,0.25588 
8228,0.20190 
8229,0.14188 
8230,0.10246 
8231,0.07551 
8232,0.03994 
8233,0.01150 
8234,0.00412 
8235,0.00562 
8236,0.01020 
8237,0.01735 
8238,0.02770 
8239,0.04356 
8240,0.06491 
8241,0.08658 
8242,0.09283 
8243,0.07850 
8244,0.06558 
8245,0.05255 
8246,0.05777 
8247,0.08148 
8248,0.11163 
8249,0.14455 
8250,0.16262 
8251,0.16330 
8252,0.16399 
8253,0.16414 
8254,0.22394 
8255,0.36677 
8256,0.55285 
8257,0.77126 
8258,0.85796 
8259,0.82008 
8260,0.78158 
8261,0.74160 
8262,0.77908 
8263,0.89337 
8264,1.00952 
8265,1.12176 
8266,1.21045 
8267,1.27793 
8268,1.34500 
8269,1.41323 
8270,1.35610 
8271,1.17202 
8272,0.96983 
8273,0.75305 
8274,0.73626 
8275,0.92259 
8276,1.10162 
8277,1.26720 
8278,1.37696 
8279,1.42412 
8280,1.47064 
8281,1.51101 
8282,1.45637 
8283,1.29063 
8284,1.13879 
8285,0.99998 
8286,0.94204 
8287,0.95965 
8288,0.99826 
8289,1.05255 
8290,1.02914 
8291,0.92650 
8292,0.85746 
8293,0.80511 
8294,0.83833 
8295,0.93510 
8296,1.01050 
8297,1.04720 
8298,1.03320 
8299,0.96559 
8300,0.90867 
8301,0.85104 
8302,0.83708 
8303,0.86844 
8304,0.88119 
8305,0.87950 
8306,0.92350 
8307,1.01111 
8308,1.13120 
8309,1.25999 
8310,1.27930 
8311,1.18505 
8312,1.06246 
8313,0.92065 
8314,0.84853 
8315,0.83392 
8316,0.79976 
8317,0.75306 
8318,0.70095 
8319,0.64628 
8320,0.58723 
8321,0.52411 
8322,0.46968 
8323,0.42559 
8324,0.40324 
8325,0.39394 
8326,0.39319 
8327,0.39880 
8328,0.39116 
8329,0.38734 
8330,0.42864 
8331,0.52458 
8332,0.62009 
8333,0.71446 
8334,0.82607 
8335,0.94954 
8336,1.07181 
8337,1.19298 
8338,1.18433 
8339,1.03965 
8340,0.88994 
8341,0.72201 
8342,0.62153 
8343,0.59353 
8344,0.56737 
8345,0.53922 
8346,0.54133 
8347,0.57407 
8348,0.60524 
8349,0.63882 
8350,0.61636 
8351,0.53952 
8352,0.46613 
8353,0.39867 
8354,0.40328 
8355,0.48410 
8356,0.57288 
8357,0.67134 
8358,0.69020 
8359,0.63083 
8360,0.57268 
8361,0.51570 
8362,0.46470 
8363,0.41285 
8364,0.36156 
8365,0.31841 
8366,0.32108 
8367,0.36778 
8368,0.42696 
8369,0.48667 
8370,0.53023 
8371,0.55709 
8372,0.59035 
8373,0.62289 
8374,0.54967 
8375,0.39647 
8376,0.27312 
8377,0.17754 
8378,0.14060 
8379,0.13241 
8380,0.13430 
8381,0.14078 
8382,0.15762 
8383,0.17176 
8384,0.18782 
8385,0.20816 
8386,0.23716 
8387,0.27250 
8388,0.29387 
8389,0.29428 
8390,0.27388 
8391,0.23901 
8392,0.23484 
8393,0.27111 
8394,0.33821 
8395,0.42816 
8396,0.46443 
8397,0.45059 
8398,0.40995 
8399,0.34566 
8400,0.29416 
8401,0.25140 
8402,0.21794 
8403,0.18654 
8404,0.17085 
8405,0.17343 
8406,0.17904 
8407,0.19624 
8408,0.21015 
8409,0.22660 
8410,0.22594 
8411,0.20785 
8412,0.18126 
8413,0.15139 
8414,0.13027 
8415,0.11791 
8416,0.10042 
8417,0.07766 
8418,0.04573 
8419,0.04783 
8420,0.05280 
8421,0.05883 
8422,0.07221 
8423,0.08814 
8424,0.06989 
8425,0.03003 
8426,0.01504 
8427,0.01929 
8428,0.02352 
8429,0.02778 
8430,0.03691 
8431,0.05799 
8432,0.07999 
8433,0.10721 
8434,0.12252 
8435,0.12295 
8436,0.12339 
8437,0.12382 
8438,0.12427 
8439,0.12471 
8440,0.12516 
8441,0.12561 
8442,0.11425 
8443,0.09126 
8444,0.07418 
8445,0.05698 
8446,0.05600 
8447,0.07142 
8448,0.08770 
8449,0.10605 
8450,0.13236 
8451,0.16161 
8452,0.19982 
8453,0.25297 
8454,0.28130 
8455,0.28455 
8456,0.28787 
8457,0.29127 
8458,0.30360 
8459,0.32620 
8460,0.34924 
8461,0.38058 
8462,0.46093 
8463,0.59804 
8464,0.76073 
8465,0.91788 
8466,0.99315 
8467,0.99324 
8468,0.98930 
8469,0.98939 
8470,0.92377 
8471,0.79778 
8472,0.67216 
8473,0.54660 
8474,0.45116 
8475,0.36452 
8476,0.29777 
8477,0.23699 
8478,0.20566 
8479,0.20516 
8480,0.20593 
8481,0.20870 
8482,0.22048 
8483,0.24137 
8484,0.27894 
8485,0.33071 
8486,0.37607 
8487,0.41741 
8488,0.40192 
8489,0.33624 
8490,0.27022 
8491,0.21703 
8492,0.21011 
8493,0.27589 
8494,0.37521 
8495,0.47712 
8496,0.49887 
8497,0.43797 
8498,0.36363 
8499,0.30500 
8500,0.28849 
8501,0.32304 
8502,0.40438 
8503,0.48094 
8504,0.46751 
8505,0.36834 
8506,0.27038 
8507,0.21665 
8508,0.20876 
8509,0.20646 
8510,0.21061 
8511,0.23140 
8512,0.27495 
8513,0.36826 
8514,0.44655 
8515,0.48671 
8516,0.51201 
8517,0.53258 
8518,0.53440 
8519,0.53836 
8520,0.56749 
8521,0.59598 
8522,0.55559 
8523,0.44860 
8524,0.35872 
8525,0.27121 
8526,0.22932 
8527,0.21103 
8528,0.19173 
8529,0.17216 
8530,0.19024 
8531,0.24597 
8532,0.30754 
8533,0.38609 
8534,0.46665 
8535,0.56935 
8536,0.67079 
8537,0.76789 
8538,0.79841 
8539,0.76266 
8540,0.72638 
8541,0.68876 
8542,0.62880 
8543,0.54665 
8544,0.46895 
8545,0.39815 
8546,0.34041 
8547,0.30393 
8548,0.27295 
8549,0.24147 
8550,0.20703 
8551,0.17765 
8552,0.15783 
8553,0.13750 
8554,0.11243 
8555,0.08972 
8556,0.06740 
8557,0.04647 
8558,0.03763 
8559,0.03478 
8560,0.03195 
8561,0.02914 
8562,0.02635 
8563,0.02358 
8564,0.02082 
8565,0.01809 
8566,0.02126 
8567,0.02995 
8568,0.03846 
8569,0.04737 
8570,0.07562 
8571,0.12155 
8572,0.17132 
8573,0.23079 
8574,0.26238 
8575,0.26862 
8576,0.28639 
8577,0.31886 
8578,0.38123 
8579,0.46583 
8580,0.53052 
8581,0.56953 
8582,0.62340 
8583,0.69144 
8584,0.73097 
8585,0.73264 
8586,0.72277 
8587,0.71062 
8588,0.70130 
8589,0.70753 
8590,0.71594 
8591,0.73011 
8592,0.73144 
8593,0.72229 
8594,0.71631 
8595,0.71112 
8596,0.70374 
8597,0.69412 
8598,0.69707 
8599,0.71985 
8600,0.71047 
8601,0.66903 
8602,0.61736 
8603,0.55186 
8604,0.51267 
8605,0.48981 
8606,0.46466 
8607,0.43667 
8608,0.42353 
8609,0.41600 
8610,0.38792 
8611,0.33797 
8612,0.26347 
8613,0.18580 
8614,0.14000 
8615,0.11444 
8616,0.08371 
8617,0.06114 
8618,0.05867 
8619,0.06368 
8620,0.06873 
8621,0.07382 
8622,0.07437 
8623,0.06983 
8624,0.06546 
8625,0.06082 
8626,0.05467 
8627,0.04662 
8628,0.03867 
8629,0.03346 
8630,0.02992 
8631,0.02796 
8632,0.02598 
8633,0.02404 
8634,0.02695 
8635,0.03494 
8636,0.04437 
8637,0.05700 
8638,0.06394 
8639,0.06492 
8640,0.06592 
8641,0.06720 
8642,0.06038 
8643,0.04565 
8644,0.03575 
8645,0.02606 
8646,0.02118 
8647,0.02145 
8648,0.02164 
8649,0.02192 
8650,0.03080 
8651,0.04878 
8652,0.07714 
8653,0.10589 
8654,0.11078 
8655,0.09100 
8656,0.07164 
8657,0.05201 
8658,0.03942 
8659,0.02819 
8660,0.01718 
8661,0.00802 
8662,0.00737 
8663,0.00873 
8664,0.01383 
8665,0.01887 
8666,0.03181 
8667,0.05741 
8668,0.09016 
8669,0.13086 
8670,0.18927 
8671,0.28569 
8672,0.36459 
8673,0.39658 
8674,0.43039 
8675,0.47391 
8676,0.52111 
8677,0.56730 
8678,0.61287 
8679,0.65992 
8680,0.69994 
8681,0.72841 
8682,0.75874 
8683,0.79408 
8684,0.82036 
8685,0.82763 
8686,0.84174 
8687,0.86262 
8688,0.88228 
8689,0.89310 
8690,0.91913 
8691,0.96765 
8692,1.04026 
8693,1.13870 
8694,1.18781 
8695,1.18785 
8696,1.17794 
8697,1.15870 
8698,1.10843 
8699,1.02642 
8700,0.93307 
8701,0.83969 
8702,0.73801 
8703,0.63501 
8704,0.55189 
8705,0.46841 
8706,0.41005 
8707,0.36977 
8708,0.31488 
8709,0.25563 
8710,0.22288 
8711,0.20859 
8712,0.18620 
8713,0.16866 
8714,0.15320 
8715,0.13505 
8716,0.11751 
8717,0.10026 
8718,0.07646 
8719,0.04921 
8720,0.02752 
8721,0.00965 
8722,0.00653 
8723,0.01674 
8724,0.02758 
8725,0.03864 
8726,0.04538 
8727,0.04227 
8728,0.03962 
8729,0.03766 
8730,0.03794 
8731,0.04049 
8732,0.04399 
8733,0.04775 
8734,0.05462 
8735,0.06487 
8736,0.07549 
8737,0.08620 
8738,0.08720 
8739,0.07813 
8740,0.06866 
8741,0.05912 
8742,0.05957 
8743,0.07028 
8744,0.08123 
8745,0.09245 
8746,0.10913 
8747,0.13769 
8748,0.16754 
8749,0.19709 
8750,0.20750 
8751,0.18712 
8752,0.17039 
8753,0.15351 
8754,0.13887 
8755,0.12664 
8756,0.11498 
8757,0.10561 
8758,0.10837 
8759,0.12661 
8760,0.14683 
8761,0.16638 
8762,0.21670 
8763,0.33096 
8764,0.46997 
8765,0.62297 
8766,0.74169 
8767,0.80056 
8768,0.85920 
8769,0.91673 
8770,0.92113 
8771,0.87112 
8772,0.86109 
8773,0.89012 
8774,0.99989 
8775,1.18874 
8776,1.29092 
8777,1.31056 
8778,1.19497 
8779,0.94404 
8780,0.74826 
8781,0.62548 
8782,0.57232 
8783,0.56960 
8784,0.52712 
8785,0.46295 
8786,0.43250 
8787,0.43426 
8788,0.47183 
8789,0.54437 
8790,0.61300 
8791,0.67220 
8792,0.65858 
8793,0.57377 
8794,0.51829 
8795,0.49356 
8796,0.47417 
8797,0.46401 
8798,0.44511 
8799,0.41854 
8800,0.35699 
8801,0.26558 
8802,0.18675 
8803,0.11963 
8804,0.08549 
8805,0.07986 
8806,0.09576 
8807,0.13953 
8808,0.19314 
8809,0.27554 
8810,0.33415 
8811,0.33536 
8812,0.33659 
8813,0.33674 
8814,0.31336 
8815,0.26831 
8816,0.23362 
8817,0.19755 
8818,0.20739 
8819,0.26239 
8820,0.33061 
8821,0.40909 
8822,0.44941 
8823,0.45266 
8824,0.45595 
8825,0.45771 
8826,0.42902 
8827,0.36824 
8828,0.30740 
8829,0.26174 
8830,0.22167 
8831,0.18517 
8832,0.15937 
8833,0.13912 
8834,0.13681 
8835,0.15371 
8836,0.17024 
8837,0.19110 
8838,0.18378 
8839,0.15821 
8840,0.13220 
8841,0.10611 
8842,0.11083 
8843,0.14882 
8844,0.18702 
8845,0.25032 
8846,0.22799 
8847,0.15140 
8848,0.09444 
8849,0.04854 
8850,0.03070 
8851,0.02528 
8852,0.01977 
8853,0.01435 
8854,0.01431 
8855,0.01957 
8856,0.02476 
8857,0.02987 
8858,0.04370 
8859,0.06691 
8860,0.09439 
8861,0.12241 
8862,0.12584 
8863,0.10563 
8864,0.08990 
8865,0.07170 
8866,0.06579 
8867,0.07260 
8868,0.07792 
8869,0.08262 
8870,0.07596 
8871,0.05901 
8872,0.04921 
8873,0.04588 
8874,0.04377 
8875,0.04250 
8876,0.05327 
8877,0.07627 
8878,0.09331 
8879,0.10444 
8880,0.11308 
8881,0.12292 
8882,0.13950 
8883,0.16259 
8884,0.16352 
8885,0.14258 
8886,0.13031 
8887,0.12654 
8888,0.11459 
8889,0.09368 
8890,0.07096 
8891,0.04611 
8892,0.03943 
8893,0.05086 
8894,0.06029 
8895,0.06759 
8896,0.06460 
8897,0.05177 
8898,0.04049 
8899,0.03073 
8900,0.02290 
8901,0.01714 
8902,0.00756 
8903,0.00109 
8904,0.00110 
8905,0.00005 
8906,0.00000 
8907,0.00000 
8908,0.00000 
8909,0.00000 
8910,0.00000 
8911,0.00000 
8912,0.00000 
8913,0.00000 
8914,0.00000 
8915,0.00000 
8916,0.00000 
8917,0.00000 
8918,0.00000 
8919,0.00000 
8920,0.00000 
8921,0.00000 
8922,0.00000 
8923,0.00000 
8924,0.00000 
8925,0.00000 
8926,0.00000 
8927,0.00000 
8928,0.00000 
8929,0.00000 
8930,0.00000 
8931,0.00000 
8932,0.00000 
8933,0.00000 
8934,0.00000 
8935,0.00000 
8936,0.00000 
8937,0.00000 
8938,0.00000 
8939,0.00000 
8940,0.00000 
8941,0.00000 
8942,0.00000 
8943,0.00000 
8944,0.00000 
8945,0.00000 
8946,0.00000 
8947,0.00000 
8948,0.00000 
8949,0.00000 
8950,0.00000 
8951,0.00000 
8952,0.00000 
8953,0.00000 
8954,0.00503 
8955,0.01579 
8956,0.02681 
8957,0.03782 
8958,0.05255 
8959,0.07122 
8960,0.07253 
8961,0.05621 
8962,0.04141 
8963,0.02855 
8964,0.02579 
8965,0.03274 
8966,0.03336 
8967,0.02775 
8968,0.03698 
8969,0.06074 
8970,0.08286 
8971,0.10322 
8972,0.11351 
8973,0.11408 
8974,0.11847 
8975,0.12734 
8976,0.13100 
8977,0.12952 
8978,0.13165 
8979,0.13773 
8980,0.13450 
8981,0.12286 
8982,0.11737 
8983,0.11835 
8984,0.10662 
8985,0.08184 
8986,0.05327 
8987,0.02097 
8988,0.01484 
8989,0.03515 
8990,0.05225 
8991,0.06520 
8992,0.06612 
8993,0.05482 
8994,0.04619 
8995,0.04043 
8996,0.03532 
8997,0.03086 
8998,0.02778 
8999,0.02616 
9000,0.01870 
9001,0.00589 
9002,0.00000 
9003,0.00000 
9004,0.00000 
9005,0.00000 
9006,0.00000 
9007,0.00000 
9008,0.00000 
9009,0.00000 
9010,0.00000 
9011,0.00000 
9012,0.00000 
9013,0.00000 
9014,0.00000 
9015,0.00115 
9016,0.00426 
9017,0.01021 
9018,0.01564 
9019,0.01142 
9020,0.00714 
9021,0.00601 
9022,0.00611 
9023,0.00751 
9024,0.01248 
9025,0.01770 
9026,0.02608 
9027,0.03722 
9028,0.05056 
9029,0.06799 
9030,0.07047 
9031,0.05725 
9032,0.04477 
9033,0.03612 
9034,0.03785 
9035,0.05137 
9036,0.07034 
9037,0.08962 
9038,0.09938 
9039,0.09938 
9040,0.09938 
9041,0.09938 
9042,0.08790 
9043,0.06520 
9044,0.04447 
9045,0.02968 
9046,0.02219 
9047,0.02201 
9048,0.02183 
9049,0.02166 
9050,0.03428 
9051,0.06006 
9052,0.09520 
9053,0.13024 
9054,0.17693 
9055,0.23265 
9056,0.25232 
9057,0.23188 
9058,0.21004 
9059,0.18631 
9060,0.17487 
9061,0.17857 
9062,0.18423 
9063,0.19771 
9064,0.20294 
9065,0.19402 
9066,0.18765 
9067,0.18208 
9068,0.18968 
9069,0.21018 
9070,0.23513 
9071,0.26474 
9072,0.26161 
9073,0.22435 
9074,0.18923 
9075,0.15680 
9076,0.15003 
9077,0.16959 
9078,0.18965 
9079,0.20879 
9080,0.20940 
9081,0.19123 
9082,0.17471 
9083,0.16204 
9084,0.15611 
9085,0.15800 
9086,0.15828 
9087,0.15750 
9088,0.15103 
9089,0.14653 
9090,0.14863 
9091,0.15022 
9092,0.13605 
9093,0.11100 
9094,0.09214 
9095,0.06884 
9096,0.04253 
9097,0.01624 
9098,0.00463 
9099,0.00489 
9100,0.00515 
9101,0.00541 
9102,0.00624 
9103,0.01051 
9104,0.01716 
9105,0.02394 
9106,0.02849 
9107,0.03073 
9108,0.03309 
9109,0.03547 
9110,0.03955 
9111,0.04767 
9112,0.05668 
9113,0.06553 
9114,0.06579 
9115,0.05735 
9116,0.04862 
9117,0.04051 
9118,0.03584 
9119,0.03174 
9120,0.02758 
9121,0.02323 
9122,0.02098 
9123,0.02115 
9124,0.02124 
9125,0.02133 
9126,0.01690 
9127,0.00812 
9128,0.00626 
9129,0.00436 
9130,0.00342 
9131,0.00345 
9132,0.00347 
9133,0.00350 
9134,0.00395 
9135,0.00483 
9136,0.00573 
9137,0.00663 
9138,0.00634 
9139,0.00488 
9140,0.00342 
9141,0.00196 
9142,0.00181 
9143,0.00295 
9144,0.00407 
9145,0.00516 
9146,0.00735 
9147,0.01085 
9148,0.01449 
9149,0.01816 
9150,0.04903 
9151,0.10824 
9152,0.14341 
9153,0.15313 
9154,0.18334 
9155,0.23363 
9156,0.23863 
9157,0.19525 
9158,0.15810 
9159,0.13043 
9160,0.12782 
9161,0.14836 
9162,0.16187 
9163,0.16819 
9164,0.17820 
9165,0.19180 
9166,0.20420 
9167,0.21468 
9168,0.22572 
9169,0.23644 
9170,0.24966 
9171,0.26457 
9172,0.27441 
9173,0.27918 
9174,0.29482 
9175,0.32037 
9176,0.31539 
9177,0.27833 
9178,0.24384 
9179,0.21330 
9180,0.19817 
9181,0.19755 
9182,0.19115 
9183,0.18092 
9184,0.16938 
9185,0.16622 
9186,0.16531 
9187,0.15660 
9188,0.14262 
9189,0.12273 
9190,0.10743 
9191,0.09214 
9192,0.05473 
9193,0.01500 
9194,0.00000 
9195,0.00000 
9196,0.00000 
9197,0.00000 
9198,0.00000 
9199,0.00000 
9200,0.00000 
9201,0.00000 
9202,0.00000 
9203,0.00000 
9204,0.00079 
9205,0.00228 
9206,0.00441 
9207,0.00715 
9208,0.01918 
9209,0.03231 
9210,0.03769 
9211,0.03544 
9212,0.03317 
9213,0.03077 
9214,0.03525 
9215,0.04819 
9216,0.06623 
9217,0.08502 
9218,0.09266 
9219,0.08939 
9220,0.08606 
9221,0.08235 
9222,0.07790 
9223,0.07265 
9224,0.06698 
9225,0.06123 
9226,0.04840 
9227,0.03509 
9228,0.02155 
9229,0.00854 
9230,0.00708 
9231,0.00708 
9232,0.00705 
9233,0.00705 
9234,0.00661 
9235,0.00574 
9236,0.00484 
9237,0.00397 
9238,0.00379 
9239,0.00428 
9240,0.00476 
9241,0.00521 
9242,0.01102 
9243,0.02672 
9244,0.04776 
9245,0.06903 
9246,0.10423 
9247,0.15867 
9248,0.19518 
9249,0.22149 
9250,0.21883 
9251,0.18653 
9252,0.17125 
9253,0.17485 
9254,0.19301 
9255,0.22332 
9256,0.23338 
9257,0.22061 
9258,0.18885 
9259,0.13875 
9260,0.14199 
9261,0.19736 
9262,0.24551 
9263,0.28556 
9264,0.30764 
9265,0.31535 
9266,0.35094 
9267,0.41591 
9268,0.43247 
9269,0.39955 
9270,0.37083 
9271,0.34693 
9272,0.33589 
9273,0.33925 
9274,0.35598 
9275,0.39363 
9276,0.42221 
9277,0.46359 
9278,0.48092 
9279,0.47509 
9280,0.48150 
9281,0.49413 
9282,0.52584 
9283,0.57388 
9284,0.63311 
9285,0.69597 
9286,0.66459 
9287,0.54141 
9288,0.42723 
9289,0.31034 
9290,0.26297 
9291,0.26311 
9292,0.26414 
9293,0.26519 
9294,0.28323 
9295,0.32983 
9296,0.37896 
9297,0.42847 
9298,0.44221 
9299,0.42122 
9300,0.39851 
9301,0.37694 
9302,0.37982 
9303,0.40625 
9304,0.43289 
9305,0.45974 
9306,0.46332 
9307,0.43985 
9308,0.41772 
9309,0.39378 
9310,0.37104 
9311,0.34925 
9312,0.32694 
9313,0.31152 
9314,0.30441 
9315,0.30699 
9316,0.30962 
9317,0.31104 
9318,0.28734 
9319,0.23598 
9320,0.18875 
9321,0.15998 
9322,0.13203 
9323,0.10890 
9324,0.09017 
9325,0.07110 
9326,0.06478 
9327,0.07151 
9328,0.07824 
9329,0.08499 
9330,0.09023 
9331,0.09351 
9332,0.09713 
9333,0.10027 
9334,0.11873 
9335,0.16043 
9336,0.20520 
9337,0.27872 
9338,0.33848 
9339,0.39317 
9340,0.46759 
9341,0.55544 
9342,0.60420 
9343,0.60650 
9344,0.61795 
9345,0.63291 
9346,0.62856 
9347,0.60263 
9348,0.60487 
9349,0.65053 
9350,0.70781 
9351,0.77457 
9352,0.79313 
9353,0.74873 
9354,0.70509 
9355,0.66096 
9356,0.64207 
9357,0.65295 
9358,0.68818 
9359,0.75008 
9360,0.76865 
9361,0.76222 
9362,0.73246 
9363,0.67075 
9364,0.64784 
9365,0.66179 
9366,0.69110 
9367,0.74154 
9368,0.76298 
9369,0.75889 
9370,0.77373 
9371,0.81770 
9372,0.83201 
9373,0.81550 
9374,0.72334 
9375,0.56060 
9376,0.45891 
9377,0.38801 
9378,0.36533 
9379,0.35610 
9380,0.30887 
9381,0.24517 
9382,0.19949 
9383,0.16057 
9384,0.12370 
9385,0.09109 
9386,0.07535 
9387,0.07239 
9388,0.06918 
9389,0.06597 
9390,0.05154 
9391,0.03020 
9392,0.01343 
9393,0.00456 
9394,0.00254 
9395,0.00209 
9396,0.00164 
9397,0.00119 
9398,0.00143 
9399,0.00237 
9400,0.00334 
9401,0.00431 
9402,0.00519 
9403,0.00596 
9404,0.00673 
9405,0.00826 
9406,0.01663 
9407,0.03007 
9408,0.04411 
9409,0.06604 
9410,0.07244 
9411,0.06294 
9412,0.05316 
9413,0.04431 
9414,0.03321 
9415,0.01685 
9416,0.00648 
9417,0.00296 
9418,0.00048 
9419,0.00000 
9420,0.00000 
9421,0.00000 
9422,0.00000 
9423,0.00236 
9424,0.00700 
9425,0.02289 
9426,0.03270 
9427,0.02981 
9428,0.02705 
9429,0.02429 
9430,0.02420 
9431,0.02674 
9432,0.02923 
9433,0.03169 
9434,0.05009 
9435,0.09086 
9436,0.13364 
9437,0.16709 
9438,0.19740 
9439,0.23238 
9440,0.26906 
9441,0.31363 
9442,0.31974 
9443,0.32859 
9444,0.33246 
9445,0.36070 
9446,0.42546 
9447,0.52842 
9448,0.59769 
9449,0.63817 
9450,0.66361 
9451,0.67533 
9452,0.66462 
9453,0.62728 
9454,0.60213 
9455,0.59015 
9456,0.59091 
9457,0.59909 
9458,0.58613 
9459,0.55446 
9460,0.51845 
9461,0.48648 
9462,0.49576 
9463,0.56358 
9464,0.61191 
9465,0.64995 
9466,0.65811 
9467,0.62515 
9468,0.60784 
9469,0.60613 
9470,0.57079 
9471,0.49990 
9472,0.44721 
9473,0.40648 
9474,0.38413 
9475,0.38415 
9476,0.38057 
9477,0.37220 
9478,0.39020 
9479,0.43476 
9480,0.47253 
9481,0.51432 
9482,0.48842 
9483,0.40287 
9484,0.32482 
9485,0.25608 
9486,0.19022 
9487,0.13544 
9488,0.09398 
9489,0.06279 
9490,0.05784 
9491,0.07848 
9492,0.10232 
9493,0.13108 
9494,0.13747 
9495,0.12125 
9496,0.10529 
9497,0.09008 
9498,0.07624 
9499,0.06053 
9500,0.04472 
9501,0.03333 
9502,0.03241 
9503,0.04123 
9504,0.05413 
9505,0.06840 
9506,0.07110 
9507,0.06151 
9508,0.05213 
9509,0.04343 
9510,0.04359 
9511,0.05312 
9512,0.06365 
9513,0.07443 
9514,0.07704 
9515,0.07154 
9516,0.06596 
9517,0.06028 
9518,0.05533 
9519,0.05117 
9520,0.04764 
9521,0.04496 
9522,0.04495 
9523,0.04763 
9524,0.05136 
9525,0.05530 
9526,0.05713 
9527,0.05689 
9528,0.05643 
9529,0.05619 
9530,0.07013 
9531,0.09968 
9532,0.12935 
9533,0.15881 
9534,0.14973 
9535,0.10353 
9536,0.07514 
9537,0.05703 
9538,0.03179 
9539,0.01603 
9540,0.01574 
9541,0.05479 
9542,0.11918 
9543,0.17054 
9544,0.18392 
9545,0.16004 
9546,0.14508 
9547,0.15063 
9548,0.17032 
9549,0.21105 
9550,0.23076 
9551,0.23118 
9552,0.23938 
9553,0.26273 
9554,0.29345 
9555,0.32432 
9556,0.36913 
9557,0.42149 
9558,0.49842 
9559,0.62553 
9560,0.68662 
9561,0.70333 
9562,0.64598 
9563,0.51389 
9564,0.42732 
9565,0.36496 
9566,0.33374 
9567,0.30867 
9568,0.28690 
9569,0.26494 
9570,0.25386 
9571,0.25263 
9572,0.24206 
9573,0.22619 
9574,0.21376 
9575,0.20328 
9576,0.18621 
9577,0.17053 
9578,0.22564 
9579,0.37996 
9580,0.57596 
9581,0.77782 
9582,0.85320 
9583,0.81098 
9584,0.76770 
9585,0.72111 
9586,0.63137 
9587,0.49564 
9588,0.37342 
9589,0.26457 
9590,0.24501 
9591,0.29097 
9592,0.35125 
9593,0.41241 
9594,0.43165 
9595,0.40969 
9596,0.38623 
9597,0.36400 
9598,0.34398 
9599,0.32580 
9600,0.30695 
9601,0.29328 
9602,0.26226 
9603,0.21266 
9604,0.16924 
9605,0.14158 
9606,0.12275 
9607,0.11373 
9608,0.10409 
9609,0.09678 
9610,0.07595 
9611,0.04272 
9612,0.01999 
9613,0.00575 
9614,0.00457 
9615,0.00707 
9616,0.01459 
9617,0.02668 
9618,0.03268 
9619,0.03269 
9620,0.03258 
9621,0.03246 
9622,0.03366 
9623,0.03616 
9624,0.03850 
9625,0.04096 
9626,0.05426 
9627,0.09713 
9628,0.15161 
9629,0.18512 
9630,0.20908 
9631,0.23245 
9632,0.26093 
9633,0.29966 
9634,0.34004 
9635,0.37569 
9636,0.40209 
9637,0.41910 
9638,0.43431 
9639,0.45077 
9640,0.46674 
9641,0.48606 
9642,0.50478 
9643,0.52593 
9644,0.53971 
9645,0.54869 
9646,0.56150 
9647,0.58137 
9648,0.57568 
9649,0.54085 
9650,0.51210 
9651,0.48923 
9652,0.47283 
9653,0.45958 
9654,0.44066 
9655,0.41436 
9656,0.41259 
9657,0.43265 
9658,0.44723 
9659,0.45524 
9660,0.44371 
9661,0.41521 
9662,0.38837 
9663,0.36345 
9664,0.32468 
9665,0.28048 
9666,0.25623 
9667,0.24596 
9668,0.18272 
9669,0.09452 
9670,0.05596 
9671,0.04423 
9672,0.02850 
9673,0.00910 
9674,0.00000 
9675,0.00000 
9676,0.00000 
9677,0.00000 
9678,0.00000 
9679,0.00000 
9680,0.00000 
9681,0.00000 
9682,0.00000 
9683,0.00000 
9684,0.00000 
9685,0.00000 
9686,0.00000 
9687,0.00000 
9688,0.00000 
9689,0.00000 
9690,0.00000 
9691,0.00000 
9692,0.00000 
9693,0.00000 
9694,0.00000 
9695,0.00000 
9696,0.00000 
9697,0.00000 
9698,0.00000 
9699,0.00000 
9700,0.00000 
9701,0.00000 
9702,0.00000 
9703,0.00000 
9704,0.00000 
9705,0.00000 
9706,0.00046 
9707,0.00346 
9708,0.00651 
9709,0.01458 
9710,0.02922 
9711,0.04401 
9712,0.06460 
9713,0.08790 
9714,0.09741 
9715,0.09297 
9716,0.08891 
9717,0.08484 
9718,0.08252 
9719,0.08195 
9720,0.08139 
9721,0.08085 
9722,0.10998 
9723,0.18818 
9724,0.29175 
9725,0.43970 
9726,0.49867 
9727,0.45259 
9728,0.45680 
9729,0.49239 
9730,0.55306 
9731,0.63224 
9732,0.69669 
9733,0.74385 
9734,0.81356 
9735,0.89448 
9736,0.98601 
9737,1.07924 
9738,1.12772 
9739,1.14043 
9740,1.14015 
9741,1.13419 
9742,1.11202 
9743,1.08152 
9744,1.04769 
9745,1.01745 
9746,1.00832 
9747,1.02581 
9748,1.02968 
9749,1.02663 
9750,1.01764 
9751,1.00311 
9752,0.99848 
9753,0.99539 
9754,0.98509 
9755,0.96748 
9756,0.94060 
9757,0.90690 
9758,0.89176 
9759,0.88968 
9760,0.86062 
9761,0.81185 
9762,0.70576 
9763,0.56048 
9764,0.43201 
9765,0.32925 
9766,0.26554 
9767,0.23815 
9768,0.20093 
9769,0.17416 
9770,0.15070 
9771,0.13332 
9772,0.11677 
9773,0.09999 
9774,0.08962 
9775,0.08611 
9776,0.08345 
9777,0.08049 
9778,0.07776 
9779,0.07475 
9780,0.07170 
9781,0.06863 
9782,0.06128 
9783,0.04961 
9784,0.03838 
9785,0.03085 
9786,0.02933 
9787,0.03377 
9788,0.03836 
9789,0.04449 
9790,0.04514 
9791,0.03996 
9792,0.03613 
9793,0.03213 
9794,0.03007 
9795,0.03008 
9796,0.03021 
9797,0.03023 
9798,0.02923 
9799,0.02708 
9800,0.02496 
9801,0.02269 
9802,0.01703 
9803,0.00818 
9804,0.00628 
9805,0.00438 
9806,0.00466 
9807,0.00718 
9808,0.01477 
9809,0.02678 
9810,0.03014 
9811,0.02481 
9812,0.01948 
9813,0.01415 
9814,0.01143 
9815,0.01140 
9816,0.01131 
9817,0.01123 
9818,0.02885 
9819,0.07280 
9820,0.13019 
9821,0.20165 
9822,0.24964 
9823,0.26836 
9824,0.30947 
9825,0.36246 
9826,0.40926 
9827,0.45208 
9828,0.49066 
9829,0.52940 
9830,0.56845 
9831,0.60979 
9832,0.63711 
9833,0.64842 
9834,0.66010 
9835,0.67024 
9836,0.68402 
9837,0.69830 
9838,0.71513 
9839,0.73205 
9840,0.72974 
9841,0.71325 
9842,0.69922 
9843,0.69182 
9844,0.67787 
9845,0.65570 
9846,0.63875 
9847,0.62522 
9848,0.61153 
9849,0.60047 
9850,0.58976 
9851,0.58072 
9852,0.54895 
9853,0.50109 
9854,0.45181 
9855,0.40296 
9856,0.36243 
9857,0.32448 
9858,0.28502 
9859,0.24507 
9860,0.19162 
9861,0.13794 
9862,0.10204 
9863,0.07741 
9864,0.04283 
9865,0.01104 
9866,0.00000 
9867,0.00000 
9868,0.00000 
9869,0.00000 
9870,0.00000 
9871,0.00000 
9872,0.00106 
9873,0.00219 
9874,0.00379 
9875,0.00586 
9876,0.01209 
9877,0.02208 
9878,0.03421 
9879,0.05343 
9880,0.07607 
9881,0.10111 
9882,0.13944 
9883,0.20276 
9884,0.28669 
9885,0.40031 
9886,0.54648 
9887,0.73080 
9888,0.91352 
9889,1.09117 
9890,1.16606 
9891,1.13240 
9892,1.10280 
9893,1.07294 
9894,1.09223 
9895,1.16209 
9896,1.23845 
9897,1.30984 
9898,1.38632 
9899,1.46246 
9900,1.53162 
9901,1.59018 
9902,1.55624 
9903,1.40335 
9904,1.22892 
9905,1.05315 
9906,0.97051 
9907,0.99218 
9908,1.01783 
9909,1.04350 
9910,1.10229 
9911,1.19598 
9912,1.28546 
9913,1.36392 
9914,1.34676 
9915,1.24405 
9916,1.16990 
9917,1.12776 
9918,1.16991 
9919,1.26030 
9920,1.38475 
9921,1.58966 
9922,1.71593 
9923,1.75347 
9924,1.78340 
9925,1.80242 
9926,1.81820 
9927,1.82532 
9928,1.82369 
9929,1.80629 
9930,1.78910 
9931,1.75994 
9932,1.71680 
9933,1.67139 
9934,1.59155 
9935,1.48692 
9936,1.37375 
9937,1.25974 
9938,1.24144 
9939,1.32079 
9940,1.39026 
9941,1.44256 
9942,1.45148 
9943,1.41360 
9944,1.37830 
9945,1.33867 
9946,1.30902 
9947,1.27671 
9948,1.22136 
9949,1.14654 
9950,1.01095 
9951,0.83840 
9952,0.67747 
9953,0.53926 
9954,0.47405 
9955,0.45522 
9956,0.41480 
9957,0.36097 
9958,0.33290 
9959,0.32915 
9960,0.32898 
9961,0.32800 
9962,0.32892 
9963,0.33023 
9964,0.33155 
9965,0.33288 
9966,0.37362 
9967,0.45641 
9968,0.55429 
9969,0.65295 
9970,0.70154 
9971,0.70672 
9972,0.70962 
9973,0.71253 
9974,0.63900 
9975,0.47984 
9976,0.34507 
9977,0.23299 
9978,0.18490 
9979,0.18568 
9980,0.18647 
9981,0.18792 
9982,0.21905 
9983,0.28124 
9984,0.35978 
9985,0.45047 
9986,0.48564 
9987,0.46113 
9988,0.43641 
9989,0.41147 
9990,0.42835 
9991,0.49017 
9992,0.55519 
9993,0.63046 
9994,0.72063 
9995,0.82292 
9996,0.92229 
9997,1.02316 
9998,1.04069 
9999,0.97349 
10000,0.90621 
10001,0.83838 
10002,0.97527 
10003,1.29106 
10004,1.56125 
10005,1.71777 
10006,1.70077 
10007,1.63881 
10008,1.52888 
10009,1.38620 
10010,1.26332 
10011,1.18085 
10012,1.09841 
10013,1.01517 
10014,0.99475 
10015,1.04590 
10016,1.09670 
10017,1.15523 
10018,1.22529 
10019,1.31323 
10020,1.37593 
10021,1.40130 
10022,1.46323 
10023,1.56163 
10024,1.61496 
10025,1.61574 
10026,1.66818 
10027,1.78897 
10028,1.87799 
10029,1.92838 
10030,1.93866 
10031,1.91933 
10032,1.87419 
10033,1.79761 
10034,1.70560 
10035,1.59217 
10036,1.47712 
10037,1.37145 
10038,1.24713 
10039,1.14154 
10040,1.05423 
10041,0.99391 
10042,0.99423 
10043,1.04398 
10044,1.06449 
10045,1.06426 
10046,1.13190 
10047,1.26330 
10048,1.40628 
10049,1.54914 
10050,1.61457 
10051,1.62041 
10052,1.59578 
10053,1.56095 
10054,1.50071 
10055,1.40214 
10056,1.24103 
10057,1.04654 
10058,0.91007 
10059,0.83209 
10060,0.74522 
10061,0.65558 
10062,0.61110 
10063,0.61543 
10064,0.61781 
10065,0.62222 
10066,0.58636 
10067,0.51519 
10068,0.44430 
10069,0.38263 
10070,0.32601 
10071,0.27833 
10072,0.24165 
10073,0.20372 
10074,0.19653 
10075,0.21918 
10076,0.24200 
10077,0.26594 
10078,0.26220 
10079,0.23147 
10080,0.19860 
10081,0.17228 
10082,0.13966 
10083,0.09491 
10084,0.05980 
10085,0.03207 
10086,0.01779 
10087,0.01161 
10088,0.00749 
10089,0.00622 
10090,0.00627 
10091,0.00771 
10092,0.01216 
10093,0.01902 
10094,0.01979 
10095,0.01443 
10096,0.00901 
10097,0.00756 
10098,0.00760 
10099,0.00910 
10100,0.01465 
10101,0.02011 
10102,0.02416 
10103,0.02669 
10104,0.02917 
10105,0.03162 
10106,0.05095 
10107,0.09000 
10108,0.12912 
10109,0.16679 
10110,0.18495 
10111,0.19146 
10112,0.20916 
10113,0.24251 
10114,0.24715 
10115,0.22187 
10116,0.22244 
10117,0.25147 
10118,0.28944 
10119,0.34451 
10120,0.39834 
10121,0.45049 
10122,0.49574 
10123,0.53121 
10124,0.55458 
10125,0.56387 
10126,0.57552 
10127,0.59077 
10128,0.57427 
10129,0.53547 
10130,0.51448 
10131,0.50509 
10132,0.49975 
10133,0.49501 
10134,0.49836 
10135,0.50810 
10136,0.49710 
10137,0.46626 
10138,0.43685 
10139,0.40676 
10140,0.39054 
10141,0.38286 
10142,0.36711 
10143,0.34599 
10144,0.31459 
10145,0.27664 
10146,0.24017 
10147,0.20420 
10148,0.16853 
10149,0.13359 
10150,0.10621 
10151,0.08042 
10152,0.04277 
10153,0.01269 
10154,0.00290 
10155,0.00335 
10156,0.00382 
10157,0.00428 
10158,0.00409 
10159,0.00321 
10160,0.00232 
10161,0.00142 
10162,0.00143 
10163,0.00236 
10164,0.00329 
10165,0.00423 
10166,0.00632 
10167,0.01964 
10168,0.03542 
10169,0.05726 
10170,0.06013 
10171,0.04111 
10172,0.02869 
10173,0.01617 
10174,0.00880 
10175,0.00725 
10176,0.00688 
10177,0.00650 
10178,0.00616 
10179,0.00593 
10180,0.00569 
10181,0.00543 
10182,0.00482 
10183,0.00379 
10184,0.00273 
10185,0.00168 
10186,0.00237 
10187,0.00488 
10188,0.00746 
10189,0.01630 
10190,0.01917 
10191,0.01232 
10192,0.00789 
10193,0.00644 
10194,0.00574 
10195,0.00574 
10196,0.00577 
10197,0.00577 
10198,0.00547 
10199,0.00486 
10200,0.00426 
10201,0.00367 
10202,0.02044 
10203,0.05676 
10204,0.09416 
10205,0.13344 
10206,0.15951 
10207,0.17542 
10208,0.20610 
10209,0.25355 
10210,0.30872 
10211,0.37428 
10212,0.39657 
10213,0.36849 
10214,0.32477 
10215,0.30325 
10216,0.31515 
10217,0.36611 
10218,0.44378 
10219,0.50508 
10220,0.53118 
10221,0.51957 
10222,0.50898 
10223,0.50438 
10224,0.50905 
10225,0.52557 
10226,0.55861 
10227,0.60955 
10228,0.58399 
10229,0.48458 
10230,0.36682 
10231,0.30223 
10232,0.30282 
10233,0.33075 
10234,0.37949 
10235,0.40851 
10236,0.39806 
10237,0.35475 
10238,0.32181 
10239,0.29737 
10240,0.26549 
10241,0.22596 
10242,0.18696 
10243,0.14919 
10244,0.12764 
10245,0.11403 
10246,0.09856 
10247,0.07856 
10248,0.04381 
10249,0.01197 
10250,0.00000 
10251,0.00000 
10252,0.00000 
10253,0.00000 
10254,0.00000 
10255,0.00000 
10256,0.00000 
10257,0.00000 
10258,0.00000 
10259,0.00000 
10260,0.00000 
10261,0.00000 
10262,0.00000 
10263,0.00000 
10264,0.00111 
10265,0.00231 
10266,0.00160 
10267,0.00000 
10268,0.00000 
10269,0.00000 
10270,0.00000 
10271,0.00000 
10272,0.00000 
10273,0.00000 
10274,0.00000 
10275,0.00000 
10276,0.00000 
10277,0.00000 
10278,0.00000 
10279,0.00000 
10280,0.00000 
10281,0.00000 
10282,0.00000 
10283,0.00000 
10284,0.00000 
10285,0.00000 
10286,0.00000 
10287,0.00000 
10288,0.00000 
10289,0.00000 
10290,0.00000 
10291,0.00000 
10292,0.00000 
10293,0.00000 
10294,0.00000 
10295,0.00281 
10296,0.00876 
10297,0.01478 
10298,0.03624 
10299,0.07687 
10300,0.11554 
10301,0.15331 
10302,0.19252 
10303,0.22421 
10304,0.25458 
10305,0.29336 
10306,0.33499 
10307,0.37606 
10308,0.41457 
10309,0.45273 
10310,0.49839 
10311,0.55268 
10312,0.59161 
10313,0.61682 
10314,0.64780 
10315,0.68500 
10316,0.69925 
10317,0.69132 
10318,0.68743 
10319,0.69021 
10320,0.68059 
10321,0.65904 
10322,0.63908 
10323,0.62281 
10324,0.61172 
10325,0.60645 
10326,0.59479 
10327,0.57728 
10328,0.57434 
10329,0.58145 
10330,0.58086 
10331,0.57706 
10332,0.54682 
10333,0.49582 
10334,0.45650 
10335,0.42434 
10336,0.37146 
10337,0.30629 
10338,0.24910 
10339,0.20383 
10340,0.16679 
10341,0.12997 
10342,0.10047 
10343,0.07466 
10344,0.03962 
10345,0.01041 
10346,0.00000 
10347,0.00000 
10348,0.00000 
10349,0.00000 
10350,0.00000 
10351,0.00000 
10352,0.00000 
10353,0.00000 
10354,0.00000 
10355,0.00000 
10356,0.00000 
10357,0.00000 
10358,0.00000 
10359,0.00000 
10360,0.00000 
10361,0.00000 
10362,0.00000 
10363,0.00000 
10364,0.00000 
10365,0.00000 
10366,0.00000 
10367,0.00000 
10368,0.00000 
10369,0.00000 
10370,0.00000 
10371,0.00000 
10372,0.00000 
10373,0.00000 
10374,0.00000 
10375,0.00000 
10376,0.00000 
10377,0.00000 
10378,0.00000 
10379,0.00000 
10380,0.00000 
10381,0.00000 
10382,0.00000 
10383,0.00000 
10384,0.00000 
10385,0.00000 
10386,0.00000 
10387,0.00000 
10388,0.00000 
10389,0.00000 
10390,0.00000 
10391,0.00594 
10392,0.01836 
10393,0.03308 
10394,0.04651 
10395,0.08049 
10396,0.13499 
10397,0.17157 
10398,0.20495 
10399,0.24577 
10400,0.28472 
10401,0.33300 
10402,0.39086 
10403,0.45387 
10404,0.50025 
10405,0.53554 
10406,0.56751 
10407,0.60039 
10408,0.62409 
10409,0.63820 
10410,0.64930 
10411,0.65538 
10412,0.66463 
10413,0.67867 
10414,0.69894 
10415,0.72717 
10416,0.72389 
10417,0.69181 
10418,0.66373 
10419,0.64161 
10420,0.63057 
10421,0.63175 
10422,0.64373 
10423,0.67148 
10424,0.68721 
10425,0.69786 
10426,0.69185 
10427,0.66485 
10428,0.65541 
10429,0.66098 
10430,0.63564 
10431,0.59366 
10432,0.51902 
10433,0.42996 
10434,0.37415 
10435,0.34080 
10436,0.29730 
10437,0.24516 
10438,0.20697 
10439,0.17958 
10440,0.14608 
10441,0.10834 
10442,0.08800 
10443,0.08146 
10444,0.07517 
10445,0.06907 
10446,0.05434 
10447,0.03411 
10448,0.01912 
10449,0.00625 
10450,0.00421 
10451,0.00330 
10452,0.00238 
10453,0.00146 
10454,0.00087 
10455,0.00064 
10456,0.00041 
10457,0.00017 
10458,0.00000 
10459,0.00000 
10460,0.00000 
10461,0.00000 
10462,0.00000 
10463,0.00000 
10464,0.00000 
10465,0.00000 
10466,0.00000 
10467,0.00000 
10468,0.00000 
10469,0.00000 
10470,0.00000 
10471,0.00000 
10472,0.00000 
10473,0.00000 
10474,0.00000 
10475,0.00000 
10476,0.00000 
10477,0.00000 
10478,0.00000 
10479,0.00000 
10480,0.00000 
10481,0.00000 
10482,0.00000 
10483,0.00000 
10484,0.00000 
10485,0.00000 
10486,0.00000 
10487,0.00432 
10488,0.01349 
10489,0.02274 
10490,0.04392 
10491,0.09401 
10492,0.14250 
10493,0.15238 
10494,0.16272 
10495,0.18805 
10496,0.19829 
10497,0.19600 
10498,0.18006 
10499,0.16124 
10500,0.17828 
10501,0.24390 
10502,0.31902 
10503,0.37859 
10504,0.42168 
10505,0.44888 
10506,0.49175 
10507,0.55041 
10508,0.56793 
10509,0.54089 
10510,0.51641 
10511,0.50254 
10512,0.51157 
10513,0.53661 
10514,0.56720 
10515,0.59835 
10516,0.61321 
10517,0.61195 
10518,0.61195 
10519,0.61099 
10520,0.58277 
10521,0.53103 
10522,0.48678 
10523,0.45126 
10524,0.43894 
10525,0.44229 
10526,0.44439 
10527,0.44314 
10528,0.41357 
10529,0.36522 
10530,0.29589 
10531,0.21309 
10532,0.15626 
10533,0.12029 
10534,0.09281 
10535,0.07710 
10536,0.04972 
10537,0.01705 
10538,0.00344 
10539,0.00501 
10540,0.00660 
10541,0.01395 
10542,0.01674 
10543,0.01469 
10544,0.01262 
10545,0.01051 
10546,0.01386 
10547,0.02268 
10548,0.03152 
10549,0.04076 
10550,0.05392 
10551,0.06631 
10552,0.07879 
10553,0.09138 
10554,0.10916 
10555,0.12848 
10556,0.14833 
10557,0.16896 
10558,0.19956 
10559,0.22572 
10560,0.25285 
10561,0.27997 
10562,0.30556 
10563,0.32844 
10564,0.35792 
10565,0.38641 
10566,0.37402 
10567,0.32066 
10568,0.27974 
10569,0.23779 
10570,0.23982 
10571,0.28922 
10572,0.33988 
10573,0.40321 
10574,0.38294 
10575,0.29702 
10576,0.21776 
10577,0.16655 
10578,0.14844 
10579,0.15600 
10580,0.16411 
10581,0.17216 
10582,0.18574 
10583,0.22087 
10584,0.26939 
10585,0.31586 
10586,0.35443 
10587,0.39461 
10588,0.42118 
10589,0.41275 
10590,0.39464 
10591,0.38348 
10592,0.38700 
10593,0.40213 
10594,0.37925 
10595,0.34306 
10596,0.30368 
10597,0.25590 
10598,0.23400 
10599,0.23556 
10600,0.25385 
10601,0.29053 
10602,0.33119 
10603,0.37371 
10604,0.41456 
10605,0.47565 
10606,0.47283 
10607,0.42740 
10608,0.40177 
10609,0.39010 
10610,0.40562 
10611,0.44571 
10612,0.43236 
10613,0.36451 
10614,0.30278 
10615,0.26176 
10616,0.24506 
10617,0.23498 
10618,0.21324 
10619,0.26839 
10620,0.26663 
10621,0.28754 
10622,0.33121 
10623,0.38933 
10624,0.38024 
10625,0.31528 
10626,0.26814 
10627,0.23868 
10628,0.22582 
10629,0.21933 
10630,0.21605 
10631,0.20927 
10632,0.18592 
10633,0.16846 
10634,0.17685 
10635,0.19015 
10636,0.20297 
10637,0.21658 
10638,0.22757 
10639,0.23658 
10640,0.24646 
10641,0.25563 
10642,0.24485 
10643,0.21220 
10644,0.17931 
10645,0.15307 
10646,0.14117 
10647,0.13459 
10648,0.12839 
10649,0.12210 
10650,0.11451 
10651,0.10523 
10652,0.09588 
10653,0.08905 
10654,0.08639 
10655,0.08766 
10656,0.08930 
10657,0.09099 
10658,0.08333 
10659,0.06618 
10660,0.04909 
10661,0.03674 
10662,0.02875 
10663,0.02403 
10664,0.01908 
10665,0.01401 
10666,0.01687 
10667,0.02782 
10668,0.03896 
10669,0.05081 
10670,0.06695 
10671,0.08203 
10672,0.09670 
10673,0.11171 
10674,0.11778 
10675,0.11140 
10676,0.10672 
10677,0.10209 
10678,0.09670 
10679,0.09108 
10680,0.08660 
10681,0.08198 
10682,0.07443 
10683,0.06397 
10684,0.05419 
10685,0.05196 
10686,0.06072 
10687,0.07544 
10688,0.10840 
10689,0.16063 
10690,0.19319 
10691,0.20566 
10692,0.19251 
10693,0.16198 
10694,0.14235 
10695,0.13413 
10696,0.13228 
10697,0.13651 
10698,0.13897 
10699,0.14070 
10700,0.15678 
10701,0.18732 
10702,0.21466 
10703,0.23875 
10704,0.25359 
10705,0.26500 
10706,0.29574 
10707,0.34021 
10708,0.31926 
10709,0.23429 
10710,0.16140 
10711,0.09828 
10712,0.08277 
10713,0.11622 
10714,0.14213 
10715,0.15885 
10716,0.16106 
10717,0.14789 
10718,0.14421 
10719,0.15070 
10720,0.14818 
10721,0.13767 
10722,0.12443 
10723,0.10915 
10724,0.09232 
10725,0.07404 
10726,0.05241 
10727,0.02814 
10728,0.01240 
10729,0.00666 
10730,0.00548 
10731,0.00592 
10732,0.00637 
10733,0.00789 
10734,0.01105 
10735,0.01533 
10736,0.01967 
10737,0.02407 
10738,0.02745 
10739,0.02969 
10740,0.03206 
10741,0.03434 
10742,0.03239 
10743,0.02608 
10744,0.01958 
10745,0.01303 
10746,0.00859 
10747,0.00697 
10748,0.00651 
10749,0.00606 
10750,0.00468 
10751,0.00228 
10752,0.00000 
10753,0.00000 
10754,0.00000 
10755,0.00000 
10756,0.00000 
10757,0.00000 
10758,0.00000 
10759,0.00000 
10760,0.00000 
10761,0.00000 
10762,0.00000 
10763,0.00000 
10764,0.00000 
10765,0.00000 
10766,0.00000 
10767,0.00000 
10768,0.00000 
10769,0.00000 
10770,0.00149 
10771,0.00435 
10772,0.00721 
10773,0.01573 
10774,0.02852 
10775,0.04172 
10776,0.05842 
10777,0.07943 
10778,0.10920 
10779,0.14790 
10780,0.19155 
10781,0.23458 
10782,0.30328 
10783,0.43001 
10784,0.59934 
10785,0.79266 
10786,0.92512 
10787,0.98027 
10788,1.00014 
10789,0.98800 
10790,1.00581 
10791,1.05685 
10792,1.09075 
10793,1.11231 
10794,1.08869 
10795,1.01873 
10796,0.99691 
10797,1.02160 
10798,1.04911 
10799,1.07034 
10800,1.03464 
10801,0.94347 
10802,0.86134 
10803,0.79077 
10804,0.73675 
10805,0.69442 
10806,0.64490 
10807,0.58844 
10808,0.54961 
10809,0.52155 
10810,0.56927 
10811,0.70650 
10812,0.82873 
10813,0.91915 
10814,0.89287 
10815,0.74854 
10816,0.60160 
10817,0.47357 
10818,0.40782 
10819,0.39358 
10820,0.37894 
10821,0.36636 
10822,0.32906 
10823,0.28286 
10824,0.25627 
10825,0.23140 
10826,0.23132 
10827,0.25714 
10828,0.28516 
10829,0.32027 
10830,0.33964 
10831,0.34200 
10832,0.34438 
10833,0.34680 
10834,0.38912 
10835,0.47519 
10836,0.57886 
10837,0.68168 
10838,0.73904 
10839,0.75556 
10840,0.77221 
10841,0.78898 
10842,0.78155 
10843,0.74706 
10844,0.71501 
10845,0.67938 
10846,0.59375 
10847,0.45817 
10848,0.33940 
10849,0.24336 
10850,0.19236 
10851,0.17970 
10852,0.17232 
10853,0.16576 
10854,0.16308 
10855,0.16439 
10856,0.16636 
10857,0.16772 
10858,0.17323 
10859,0.18301 
10860,0.19244 
10861,0.20932 
10862,0.19746 
10863,0.17490 
10864,0.15277 
10865,0.13045 
10866,0.10801 
10867,0.08866 
10868,0.06945 
10869,0.05059 
10870,0.04099 
10871,0.03520 
10872,0.03065 
10873,0.02588 
10874,0.03610 
10875,0.06177 
10876,0.09240 
10877,0.13073 
10878,0.14914 
10879,0.15221 
10880,0.14433 
10881,0.12238 
10882,0.11927 
10883,0.12716 
10884,0.13481 
10885,0.13755 
10886,0.12764 
10887,0.10565 
10888,0.09690 
10889,0.10076 
10890,0.10945 
10891,0.12216 
10892,0.11750 
10893,0.09643 
10894,0.07419 
10895,0.05127 
10896,0.04994 
10897,0.07027 
10898,0.08949 
10899,0.10585 
10900,0.11910 
10901,0.12964 
10902,0.14644 
10903,0.17349 
10904,0.18291 
10905,0.17492 
10906,0.16798 
10907,0.16249 
10908,0.16219 
10909,0.16454 
10910,0.15895 
10911,0.14541 
10912,0.13290 
10913,0.12226 
10914,0.11457 
10915,0.10992 
10916,0.10954 
10917,0.11296 
10918,0.12020 
10919,0.13027 
10920,0.14105 
10921,0.15581 
10922,0.15562 
10923,0.14065 
10924,0.12836 
10925,0.11591 
10926,0.09551 
10927,0.07216 
10928,0.05123 
10929,0.03305 
10930,0.02409 
10931,0.01989 
10932,0.01561 
10933,0.01137 
10934,0.01249 
10935,0.01903 
10936,0.02562 
10937,0.03236 
10938,0.03961 
10939,0.05190 
10940,0.06463 
10941,0.07737 
10942,0.09657 
10943,0.13034 
10944,0.16533 
10945,0.22170 
10946,0.23351 
10947,0.19236 
10948,0.16322 
10949,0.14042 
10950,0.11524 
10951,0.09160 
10952,0.07077 
10953,0.04979 
10954,0.04049 
10955,0.03823 
10956,0.03593 
10957,0.03360 
10958,0.02979 
10959,0.02452 
10960,0.01932 
10961,0.01402 
10962,0.01270 
10963,0.01536 
10964,0.01802 
10965,0.02068 
10966,0.02059 
10967,0.02604 
10968,0.04052 
10969,0.05532 
10970,0.07184 
10971,0.11421 
10972,0.18365 
10973,0.24288 
10974,0.28317 
10975,0.31410 
10976,0.34712 
10977,0.39356 
10978,0.43053 
10979,0.45857 
10980,0.46507 
10981,0.44304 
10982,0.42564 
10983,0.41445 
10984,0.40265 
10985,0.38785 
10986,0.36272 
10987,0.35244 
10988,0.36634 
10989,0.41788 
10990,0.48407 
10991,0.52465 
10992,0.53688 
10993,0.52313 
10994,0.53105 
10995,0.56290 
10996,0.53573 
10997,0.45111 
10998,0.35740 
10999,0.30132 
11000,0.29820 
11001,0.32149 
11002,0.34842 
11003,0.35744 
11004,0.34149 
11005,0.30218 
11006,0.27275 
11007,0.25160 
11008,0.22543 
11009,0.19432 
11010,0.16337 
11011,0.13258 
11012,0.11416 
11013,0.10231 
11014,0.09045 
11015,0.07703 
11016,0.04830 
11017,0.01497 
11018,0.00225 
11019,0.00500 
11020,0.01321 
11021,0.02636 
11022,0.03010 
11023,0.02424 
11024,0.01825 
11025,0.01211 
11026,0.00745 
11027,0.00614 
11028,0.00550 
11029,0.00483 
11030,0.00463 
11031,0.00487 
11032,0.00511 
11033,0.00534 
11034,0.00457 
11035,0.00278 
11036,0.00096 
11037,0.00000 
11038,0.00000 
11039,0.00101 
11040,0.00300 
11041,0.00511 
11042,0.01596 
11043,0.04799 
11044,0.09581 
11045,0.15912 
11046,0.19602 
11047,0.18388 
11048,0.17704 
11049,0.17102 
11050,0.16420 
11051,0.15727 
11052,0.14962 
11053,0.14248 
11054,0.14311 
11055,0.15223 
11056,0.16143 
11057,0.17071 
11058,0.17934 
11059,0.18799 
11060,0.19611 
11061,0.21164 
11062,0.19800 
11063,0.17561 
11064,0.15851 
11065,0.14243 
11066,0.16121 
11067,0.21836 
11068,0.26690 
11069,0.30564 
11070,0.36198 
11071,0.44597 
11072,0.49742 
11073,0.50314 
11074,0.46689 
11075,0.49528 
11076,0.49642 
11077,0.52456 
11078,0.60758 
11079,0.74578 
11080,0.77440 
11081,0.68137 
11082,0.59961 
11083,0.59884 
11084,0.62608 
11085,0.63136 
11086,0.56890 
11087,0.44616 
11088,0.39283 
11089,0.42094 
11090,0.47955 
11091,0.55425 
11092,0.56043 
11093,0.50286 
11094,0.45132 
11095,0.40500 
11096,0.36964 
11097,0.35019 
11098,0.32998 
11099,0.30671 
11100,0.29436 
11101,0.29246 
11102,0.30874 
11103,0.34189 
11104,0.34724 
11105,0.33207 
11106,0.32720 
11107,0.33282 
11108,0.36701 
11109,0.41430 
11110,0.41312 
11111,0.37890 
11112,0.35730 
11113,0.33672 
11114,0.31589 
11115,0.29484 
11116,0.27452 
11117,0.25831 
11118,0.25197 
11119,0.25365 
11120,0.25619 
11121,0.25793 
11122,0.28482 
11123,0.35532 
11124,0.42632 
11125,0.50612 
11126,0.53621 
11127,0.50970 
11128,0.48139 
11129,0.45603 
11130,0.45766 
11131,0.48657 
11132,0.51715 
11133,0.54795 
11134,0.53912 
11135,0.49262 
11136,0.45489 
11137,0.41448 
11138,0.41919 
11139,0.47389 
11140,0.52815 
11141,0.59459 
11142,0.58067 
11143,0.49650 
11144,0.41850 
11145,0.33928 
11146,0.26859 
11147,0.18768 
11148,0.14179 
11149,0.09892 
11150,0.08591 
11151,0.09416 
11152,0.10284 
11153,0.11197 
11154,0.11197 
11155,0.10326 
11156,0.09493 
11157,0.08660 
11158,0.07691 
11159,0.07350 
11160,0.07865 
11161,0.08492 
11162,0.11489 
11163,0.17052 
11164,0.24093 
11165,0.32926 
11166,0.36954 
11167,0.32935 
11168,0.32097 
11169,0.32068 
11170,0.34432 
11171,0.39171 
11172,0.43313 
11173,0.46787 
11174,0.53729 
11175,0.62410 
11176,0.64496 
11177,0.61038 
11178,0.51913 
11179,0.38973 
11180,0.34851 
11181,0.37208 
11182,0.40222 
11183,0.44189 
11184,0.42123 
11185,0.33968 
11186,0.25704 
11187,0.18376 
11188,0.17632 
11189,0.24177 
11190,0.32128 
11191,0.39966 
11192,0.40773 
11193,0.34191 
11194,0.29666 
11195,0.27067 
11196,0.26289 
11197,0.27010 
11198,0.27058 
11199,0.26512 
11200,0.26608 
11201,0.27276 
11202,0.27819 
11203,0.28246 
11204,0.26253 
11205,0.22524 
11206,0.19982 
11207,0.18066 
11208,0.16906 
11209,0.16989 
11210,0.18910 
11211,0.22535 
11212,0.26249 
11213,0.30988 
11214,0.31107 
11215,0.26638 
11216,0.23197 
11217,0.19618 
11218,0.17186 
11219,0.16048 
11220,0.15388 
11221,0.14744 
11222,0.14095 
11223,0.13442 
11224,0.12739 
11225,0.12077 
11226,0.12796 
11227,0.14995 
11228,0.17755 
11229,0.21653 
11230,0.21891 
11231,0.18223 
11232,0.15685 
11233,0.13641 
11234,0.11877 
11235,0.10422 
11236,0.09257 
11237,0.08149 
11238,0.07181 
11239,0.06288 
11240,0.05373 
11241,0.04514 
11242,0.04374 
11243,0.04693 
11244,0.05105 
11245,0.05590 
11246,0.05851 
11247,0.05854 
11248,0.05856 
11249,0.05859 
11250,0.05837 
11251,0.05792 
11252,0.05748 
11253,0.05704 
11254,0.04135 
11255,0.02231 
11256,0.02001 
11257,0.02536 
11258,0.04117 
11259,0.06369 
11260,0.07577 
11261,0.07740 
11262,0.08652 
11263,0.10280 
11264,0.10237 
11265,0.08557 
11266,0.07502 
11267,0.07709 
11268,0.08497 
11269,0.09449 
11270,0.08672 
11271,0.08447 
11272,0.08359 
11273,0.08273 
11274,0.07160 
11275,0.05295 
11276,0.04054 
11277,0.07811 
11278,0.14827 
11279,0.20093 
11280,0.24559 
11281,0.28216 
11282,0.35194 
11283,0.45809 
11284,0.51259 
11285,0.50969 
11286,0.51750 
11287,0.53325 
11288,0.55010 
11289,0.56289 
11290,0.56457 
11291,0.55426 
11292,0.52847 
11293,0.48253 
11294,0.44769 
11295,0.42197 
11296,0.41641 
11297,0.42003 
11298,0.41081 
11299,0.37878 
11300,0.30854 
11301,0.22641 
11302,0.17940 
11303,0.16086 
11304,0.13588 
11305,0.10245 
11306,0.09787 
11307,0.11557 
11308,0.13341 
11309,0.15248 
11310,0.19467 
11311,0.24712 
11312,0.31237 
11313,0.38778 
11314,0.43734 
11315,0.46663 
11316,0.49611 
11317,0.52583 
11318,0.52967 
11319,0.50540 
11320,0.48078 
11321,0.45723 
11322,0.37303 
11323,0.24463 
11324,0.14995 
11325,0.09131 
11326,0.06752 
11327,0.06334 
11328,0.05880 
11329,0.05432 
11330,0.05496 
11331,0.06113 
11332,0.06764 
11333,0.07404 
11334,0.08184 
11335,0.09082 
11336,0.10004 
11337,0.11031 
11338,0.12452 
11339,0.13940 
11340,0.15506 
11341,0.17100 
11342,0.17186 
11343,0.15740 
11344,0.14233 
11345,0.12787 
11346,0.11125 
11347,0.09600 
11348,0.08084 
11349,0.06578 
11350,0.04789 
11351,0.03375 
11352,0.02016 
11353,0.00780 
11354,0.01780 
11355,0.04191 
11356,0.06638 
11357,0.09059 
11358,0.11492 
11359,0.14501 
11360,0.15105 
11361,0.13147 
11362,0.08882 
11363,0.05084 
11364,0.03955 
11365,0.08975 
11366,0.19458 
11367,0.29199 
11368,0.29679 
11369,0.21032 
11370,0.14685 
11371,0.10689 
11372,0.08502 
11373,0.07757 
11374,0.06003 
11375,0.03289 
11376,0.03305 
11377,0.06024 
11378,0.08195 
11379,0.09853 
11380,0.11008 
11381,0.11688 
11382,0.12734 
11383,0.14210 
11384,0.14795 
11385,0.14436 
11386,0.14311 
11387,0.14451 
11388,0.14638 
11389,0.14946 
11390,0.15288 
11391,0.15627 
11392,0.15516 
11393,0.14895 
11394,0.14487 
11395,0.14373 
11396,0.13274 
11397,0.11054 
11398,0.09459 
11399,0.08266 
11400,0.05539 
11401,0.01985 
11402,0.00444 
11403,0.00467 
11404,0.00491 
11405,0.00516 
11406,0.00517 
11407,0.00499 
11408,0.00479 
11409,0.00460 
11410,0.00450 
11411,0.00453 
11412,0.00455 
11413,0.00458 
11414,0.00473 
11415,0.00499 
11416,0.00526 
11417,0.00555 
11418,0.00535 
11419,0.00468 
11420,0.00401 
11421,0.00331 
11422,0.00410 
11423,0.00642 
11424,0.01349 
11425,0.02491 
11426,0.04104 
11427,0.07022 
11428,0.10219 
11429,0.14500 
11430,0.17904 
11431,0.21372 
11432,0.25591 
11433,0.29880 
11434,0.30248 
11435,0.26338 
11436,0.22272 
11437,0.19041 
11438,0.18029 
11439,0.18035 
11440,0.18116 
11441,0.18198 
11442,0.16869 
11443,0.14145 
11444,0.11489 
11445,0.09505 
11446,0.07536 
11447,0.05858 
11448,0.05062 
11449,0.04515 
11450,0.05265 
11451,0.07314 
11452,0.08665 
11453,0.09418 
11454,0.09863 
11455,0.09594 
11456,0.10149 
11457,0.11438 
11458,0.12811 
11459,0.14156 
11460,0.15434 
11461,0.16709 
11462,0.17998 
11463,0.19301 
11464,0.20819 
11465,0.22520 
11466,0.23391 
11467,0.23562 
11468,0.22866 
11469,0.21327 
11470,0.21024 
11471,0.21979 
11472,0.21699 
11473,0.20370 
11474,0.19339 
11475,0.18645 
11476,0.17249 
11477,0.15272 
11478,0.11940 
11479,0.07261 
11480,0.07455 
11481,0.12885 
11482,0.19811 
11483,0.27718 
11484,0.27731 
11485,0.19958 
11486,0.13434 
11487,0.08356 
11488,0.06787 
11489,0.08614 
11490,0.10167 
11491,0.11427 
11492,0.10905 
11493,0.08720 
11494,0.07069 
11495,0.05823 
11496,0.04043 
11497,0.01660 
11498,0.00607 
11499,0.01021 
11500,0.01665 
11501,0.02319 
11502,0.02657 
11503,0.02672 
11504,0.02696 
11505,0.02711 
11506,0.02505 
11507,0.02067 
11508,0.01631 
11509,0.01187 
11510,0.00796 
11511,0.00653 
11512,0.00584 
11513,0.00514 
11514,0.00539 
11515,0.00659 
11516,0.01033 
11517,0.01612 
11518,0.02437 
11519,0.03550 
11520,0.04906 
11521,0.06740 
11522,0.08202 
11523,0.09207 
11524,0.10219 
11525,0.11572 
11526,0.10469 
11527,0.07771 
11528,0.05010 
11529,0.03115 
11530,0.01614 
11531,0.00751 
11532,0.00502 
11533,0.00249 
11534,0.00035 
11535,0.00000 
11536,0.00000 
11537,0.00000 
11538,0.00000 
11539,0.00000 
11540,0.00000 
11541,0.00000 
11542,0.00106 
11543,0.00897 
11544,0.01505 
11545,0.02102 
11546,0.03336 
11547,0.05329 
11548,0.07968 
11549,0.11146 
11550,0.15191 
11551,0.20551 
11552,0.22536 
11553,0.20583 
11554,0.20064 
11555,0.21111 
11556,0.20930 
11557,0.19523 
11558,0.18345 
11559,0.17841 
11560,0.18995 
11561,0.21103 
11562,0.23937 
11563,0.27188 
11564,0.34892 
11565,0.44996 
11566,0.51917 
11567,0.54133 
11568,0.53672 
11569,0.50785 
11570,0.44209 
11571,0.35214 
11572,0.28318 
11573,0.23767 
11574,0.21738 
11575,0.20825 
11576,0.21988 
11577,0.25328 
11578,0.30869 
11579,0.40859 
11580,0.50636 
11581,0.61918 
11582,0.63437 
11583,0.55619 
11584,0.46715 
11585,0.35348 
11586,0.30464 
11587,0.30079 
11588,0.30810 
11589,0.31820 
11590,0.27859 
11591,0.19757 
11592,0.14050 
11593,0.08712 
11594,0.06250 
11595,0.05760 
11596,0.05287 
11597,0.04810 
11598,0.03916 
11599,0.03061 
11600,0.02220 
11601,0.01366 
11602,0.00774 
11603,0.00636 
11604,0.00569 
11605,0.00502 
11606,0.00573 
11607,0.01123 
11608,0.02142 
11609,0.03176 
11610,0.03826 
11611,0.04070 
11612,0.04422 
11613,0.04800 
11614,0.05329 
11615,0.06057 
11616,0.06803 
11617,0.07592 
11618,0.08324 
11619,0.08970 
11620,0.09661 
11621,0.10322 
11622,0.11414 
11623,0.13224 
11624,0.15065 
11625,0.16868 
11626,0.17016 
11627,0.15402 
11628,0.13759 
11629,0.12086 
11630,0.10479 
11631,0.08722 
11632,0.06993 
11633,0.05225 
11634,0.04076 
11635,0.02936 
11636,0.01787 
11637,0.00840 
11638,0.01003 
11639,0.01974 
11640,0.02850 
11641,0.03716 
11642,0.06131 
11643,0.10354 
11644,0.14579 
11645,0.18650 
11646,0.23417 
11647,0.28424 
11648,0.33239 
11649,0.37427 
11650,0.40682 
11651,0.43254 
11652,0.46254 
11653,0.50165 
11654,0.52652 
11655,0.53707 
11656,0.54256 
11657,0.54166 
11658,0.52759 
11659,0.50741 
11660,0.52072 
11661,0.56508 
11662,0.63009 
11663,0.70983 
11664,0.70410 
11665,0.61322 
11666,0.52523 
11667,0.44286 
11668,0.42639 
11669,0.47267 
11670,0.51769 
11671,0.56662 
11672,0.55309 
11673,0.47509 
11674,0.40536 
11675,0.34606 
11676,0.32274 
11677,0.32993 
11678,0.33354 
11679,0.33546 
11680,0.30010 
11681,0.23488 
11682,0.17416 
11683,0.13283 
11684,0.11161 
11685,0.09432 
11686,0.07807 
11687,0.06390 
11688,0.04209 
11689,0.01341 
11690,0.00000 
11691,0.00000 
11692,0.00000 
11693,0.00000 
11694,0.00000 
11695,0.00000 
11696,0.00000 
11697,0.00000 
11698,0.00000 
11699,0.00000 
11700,0.00000 
11701,0.00000 
11702,0.00000 
11703,0.00000 
11704,0.00000 
11705,0.00000 
11706,0.00000 
11707,0.00000 
11708,0.00000 
11709,0.00000 
11710,0.00000 
11711,0.00000 
11712,0.00000 
11713,0.00000 
11714,0.00000 
11715,0.00000 
11716,0.00000 
11717,0.00000 
11718,0.00000 
11719,0.00063 
11720,0.00179 
11721,0.00298 
11722,0.00359 
11723,0.00359 
11724,0.00361 
11725,0.00363 
11726,0.00365 
11727,0.00365 
11728,0.00367 
11729,0.00369 
11730,0.00401 
11731,0.00460 
11732,0.00521 
11733,0.00579 
11734,0.00997 
11735,0.01823 
11736,0.02673 
11737,0.03529 
11738,0.05283 
11739,0.09857 
11740,0.15526 
11741,0.19056 
11742,0.22508 
11743,0.26646 
11744,0.30145 
11745,0.33879 
11746,0.38391 
11747,0.43282 
11748,0.46881 
11749,0.48618 
11750,0.50234 
11751,0.51724 
11752,0.54103 
11753,0.57777 
11754,0.61999 
11755,0.66948 
11756,0.69112 
11757,0.68498 
11758,0.68717 
11759,0.69575 
11760,0.68657 
11761,0.65517 
11762,0.62692 
11763,0.60395 
11764,0.58957 
11765,0.58325 
11766,0.58556 
11767,0.59617 
11768,0.57338 
11769,0.51927 
11770,0.47120 
11771,0.43200 
11772,0.39762 
11773,0.36588 
11774,0.32503 
11775,0.27786 
11776,0.25745 
11777,0.25534 
11778,0.25616 
11779,0.25802 
11780,0.20344 
11781,0.12285 
11782,0.08274 
11783,0.06320 
11784,0.03980 
11785,0.01269 
11786,0.00000 
11787,0.00000 
11788,0.00000 
11789,0.00000 
11790,0.00000 
11791,0.00000 
11792,0.00000 
11793,0.00000 
11794,0.00000 
11795,0.00000 
11796,0.00000 
11797,0.00000 
11798,0.00000 
11799,0.00000 
11800,0.00000 
11801,0.00000 
11802,0.00000 
11803,0.00000 
11804,0.00000 
11805,0.00000 
11806,0.00000 
11807,0.00000 
11808,0.00000 
11809,0.00000 
11810,0.00000 
11811,0.00000 
11812,0.00000 
11813,0.00020 
11814,0.00146 
11815,0.00205 
11816,0.00265 
11817,0.00325 
11818,0.00299 
11819,0.00183 
11820,0.00065 
11821,0.00000 
11822,0.00000 
11823,0.00000 
11824,0.00036 
11825,0.00097 
11826,0.00203 
11827,0.00355 
11828,0.00507 
11829,0.00662 
11830,0.01316 
11831,0.02909 
11832,0.04783 
11833,0.06714 
11834,0.09624 
11835,0.14226 
11836,0.19328 
11837,0.22524 
11838,0.24915 
11839,0.26407 
11840,0.29391 
11841,0.36567 
11842,0.45219 
11843,0.55764 
11844,0.58934 
11845,0.52718 
11846,0.44287 
11847,0.42074 
11848,0.46727 
11849,0.51212 
11850,0.54226 
11851,0.53222 
11852,0.54809 
11853,0.59350 
11854,0.63413 
11855,0.67015 
11856,0.64793 
11857,0.56548 
11858,0.51019 
11859,0.46753 
11860,0.45837 
11861,0.48074 
11862,0.51613 
11863,0.56733 
11864,0.54249 
11865,0.44308 
11866,0.32497 
11867,0.23407 
11868,0.21501 
11869,0.24348 
11870,0.27843 
11871,0.30181 
11872,0.28163 
11873,0.22511 
11874,0.17656 
11875,0.14457 
11876,0.12398 
11877,0.10745 
11878,0.09258 
11879,0.07872 
11880,0.05569 
11881,0.02417 
11882,0.01403 
11883,0.02314 
11884,0.03239 
11885,0.04205 
11886,0.04597 
11887,0.03998 
11888,0.03563 
11889,0.03121 
11890,0.02544 
11891,0.01844 
11892,0.01134 
11893,0.00676 
11894,0.00479 
11895,0.00231 
11896,0.00000 
11897,0.00000 
11898,0.00000 
11899,0.00000 
11900,0.00000 
11901,0.00000 
11902,0.00000 
11903,0.00000 
11904,0.00000 
11905,0.00000 
11906,0.00000 
11907,0.00000 
11908,0.00000 
11909,0.00000 
11910,0.00000 
11911,0.00000 
11912,0.00000 
11913,0.00000 
11914,0.00000 
11915,0.00000 
11916,0.00000 
11917,0.00000 
11918,0.00000 
11919,0.00000 
11920,0.00000 
11921,0.00000 
11922,0.00000 
11923,0.00000 
11924,0.00000 
11925,0.00000 
11926,0.00552 
11927,0.01714 
11928,0.02866 
11929,0.04017 
11930,0.05924 
11931,0.08500 
11932,0.10840 
11933,0.14260 
11934,0.19748 
11935,0.25854 
11936,0.30783 
11937,0.34324 
11938,0.38474 
11939,0.43833 
11940,0.47458 
11941,0.48469 
11942,0.48789 
11943,0.48413 
11944,0.49937 
11945,0.54377 
11946,0.59491 
11947,0.65459 
11948,0.66238 
11949,0.61946 
11950,0.58406 
11951,0.55794 
11952,0.54042 
11953,0.52877 
11954,0.51711 
11955,0.50232 
11956,0.49362 
11957,0.49059 
11958,0.50004 
11959,0.52064 
11960,0.49257 
11961,0.41772 
11962,0.32836 
11963,0.26267 
11964,0.24940 
11965,0.27483 
11966,0.30721 
11967,0.32213 
11968,0.30568 
11969,0.26383 
11970,0.23035 
11971,0.20602 
11972,0.17414 
11973,0.13703 
11974,0.10756 
11975,0.08546 
11976,0.05441 
11977,0.01677 
11978,0.00000 
11979,0.00000 
11980,0.00000 
11981,0.00000 
11982,0.00000 
11983,0.00000 
11984,0.00000 
11985,0.00000 
11986,0.00000 
11987,0.00000 
11988,0.00000 
11989,0.00000 
11990,0.00000 
11991,0.00000 
11992,0.00000 
11993,0.00000 
11994,0.00000 
11995,0.00000 
11996,0.00089 
11997,0.00355 
11998,0.00528 
11999,0.00611 
12000,0.00693 
12001,0.00857 
12002,0.01292 
12003,0.01795 
12004,0.02315 
12005,0.02837 
12006,0.02417 
12007,0.01032 
12008,0.00562 
12009,0.00266 
12010,0.00047 
12011,0.00000 
12012,0.00000 
12013,0.00000 
12014,0.00000 
12015,0.00000 
12016,0.00000 
12017,0.00000 
12018,0.00000 
12019,0.00000 
12020,0.00006 
12021,0.00232 
12022,0.00896 
12023,0.02053 
12024,0.03202 
12025,0.04345 
12026,0.06617 
12027,0.10018 
12028,0.12630 
12029,0.15874 
12030,0.21254 
12031,0.29063 
12032,0.35138 
12033,0.37727 
12034,0.39854 
12035,0.42289 
12036,0.45054 
12037,0.48605 
12038,0.51393 
12039,0.53227 
12040,0.55381 
12041,0.58102 
12042,0.61678 
12043,0.66331 
12044,0.66581 
12045,0.61922 
12046,0.58481 
12047,0.56160 
12048,0.53074 
12049,0.49495 
12050,0.45134 
12051,0.40121 
12052,0.38896 
12053,0.41560 
12054,0.43983 
12055,0.46234 
12056,0.47181 
12057,0.47680 
12058,0.48486 
12059,0.49504 
12060,0.48632 
12061,0.45870 
12062,0.41071 
12063,0.34620 
12064,0.30866 
12065,0.28302 
12066,0.26567 
12067,0.24554 
12068,0.19770 
12069,0.14010 
12070,0.10351 
12071,0.08311 
12072,0.05730 
12073,0.02242 
12074,0.01864 
12075,0.04024 
12076,0.07174 
12077,0.11088 
12078,0.14710 
12079,0.19792 
12080,0.25103 
12081,0.31691 
12082,0.27428 
12083,0.15845 
12084,0.09215 
12085,0.04325 
12086,0.02639 
12087,0.02659 
12088,0.02688 
12089,0.02718 
12090,0.02348 
12091,0.01575 
12092,0.00795 
12093,0.00563 
12094,0.00545 
12095,0.00675 
12096,0.01075 
12097,0.01700 
12098,0.02392 
12099,0.03139 
12100,0.03893 
12101,0.04768 
12102,0.05957 
12103,0.07184 
12104,0.08431 
12105,0.09661 
12106,0.10083 
12107,0.09561 
12108,0.09066 
12109,0.08523 
12110,0.07938 
12111,0.07316 
12112,0.06695 
12113,0.06072 
12114,0.05554 
12115,0.05139 
12116,0.04788 
12117,0.04521 
12118,0.04287 
12119,0.04147 
12120,0.04059 
12121,0.04529 
12122,0.06498 
12123,0.10703 
12124,0.14839 
12125,0.19390 
12126,0.21601 
12127,0.21215 
12128,0.21995 
12129,0.23557 
12130,0.27015 
12131,0.31556 
12132,0.33315 
12133,0.31769 
12134,0.29847 
12135,0.28910 
12136,0.30284 
12137,0.34193 
12138,0.39431 
12139,0.44597 
12140,0.46264 
12141,0.44319 
12142,0.42700 
12143,0.41586 
12144,0.42898 
12145,0.46296 
12146,0.48828 
12147,0.50510 
12148,0.47079 
12149,0.38351 
12150,0.30678 
12151,0.26113 
12152,0.26106 
12153,0.29270 
12154,0.30514 
12155,0.29263 
12156,0.28238 
12157,0.27628 
12158,0.27865 
12159,0.28833 
12160,0.28324 
12161,0.26493 
12162,0.24744 
12163,0.23070 
12164,0.20247 
12165,0.16641 
12166,0.13600 
12167,0.10798 
12168,0.08446 
12169,0.06760 
12170,0.04728 
12171,0.03827 
12172,0.04729 
12173,0.05889 
12174,0.06096 
12175,0.05331 
12176,0.04533 
12177,0.03803 
12178,0.03546 
12179,0.03548 
12180,0.03550 
12181,0.03552 
12182,0.03554 
12183,0.03568 
12184,0.03595 
12185,0.03609 
12186,0.03178 
12187,0.02298 
12188,0.01410 
12189,0.00666 
12190,0.00494 
12191,0.00333 
12192,0.00166 
12193,0.00000 
12194,0.00000 
12195,0.00133 
12196,0.00289 
12197,0.00445 
12198,0.00644 
12199,0.01263 
12200,0.02411 
12201,0.03592 
12202,0.05130 
12203,0.07597 
12204,0.10066 
12205,0.13246 
12206,0.13305 
12207,0.10243 
12208,0.07800 
12209,0.05335 
12210,0.04690 
12211,0.05653 
12212,0.06698 
12213,0.07745 
12214,0.08440 
12215,0.08891 
12216,0.09332 
12217,0.09830 
12218,0.11752 
12219,0.15074 
12220,0.18210 
12221,0.21986 
12222,0.27485 
12223,0.33369 
12224,0.38842 
12225,0.43632 
12226,0.48643 
12227,0.53928 
12228,0.57014 
12229,0.57475 
12230,0.59479 
12231,0.63210 
12232,0.59609 
12233,0.48629 
12234,0.34737 
12235,0.22423 
12236,0.18151 
12237,0.17585 
12238,0.16447 
12239,0.14175 
12240,0.15065 
12241,0.19633 
12242,0.24797 
12243,0.29781 
12244,0.31532 
12245,0.30123 
12246,0.30826 
12247,0.33205 
12248,0.31817 
12249,0.26594 
12250,0.21255 
12251,0.16592 
12252,0.14475 
12253,0.14343 
12254,0.13625 
12255,0.12434 
12256,0.11107 
12257,0.09750 
12258,0.08162 
12259,0.06464 
12260,0.05953 
12261,0.06640 
12262,0.08148 
12263,0.10185 
12264,0.09811 
12265,0.08187 
12266,0.06929 
12267,0.06948 
12268,0.08611 
12269,0.10860 
12270,0.12029 
12271,0.12115 
12272,0.12163 
12273,0.12251 
12274,0.12572 
12275,0.13043 
12276,0.13559 
12277,0.14080 
12278,0.14955 
12279,0.16212 
12280,0.18410 
12281,0.20625 
12282,0.21138 
12283,0.19928 
12284,0.18643 
12285,0.17417 
12286,0.16403 
12287,0.15714 
12288,0.14999 
12289,0.14309 
12290,0.16309 
12291,0.23574 
12292,0.32263 
12293,0.44221 
12294,0.46933 
12295,0.40022 
12296,0.32965 
12297,0.27794 
12298,0.20538 
12299,0.14720 
12300,0.09845 
12301,0.05984 
12302,0.04315 
12303,0.04318 
12304,0.04337 
12305,0.04340 
12306,0.04675 
12307,0.05636 
12308,0.06652 
12309,0.07692 
12310,0.07667 
12311,0.06621 
12312,0.05707 
12313,0.05217 
12314,0.05228 
12315,0.05692 
12316,0.06179 
12317,0.10615 
12318,0.17549 
12319,0.23602 
12320,0.23391 
12321,0.16386 
12322,0.09713 
12323,0.03803 
12324,0.05116 
12325,0.13252 
12326,0.20988 
12327,0.28434 
12328,0.33268 
12329,0.35330 
12330,0.37336 
12331,0.39403 
12332,0.42077 
12333,0.45594 
12334,0.49459 
12335,0.53264 
12336,0.54862 
12337,0.54283 
12338,0.55254 
12339,0.57561 
12340,0.57494 
12341,0.55144 
12342,0.54300 
12343,0.54916 
12344,0.52494 
12345,0.47112 
12346,0.42013 
12347,0.37027 
12348,0.33890 
12349,0.32415 
12350,0.31538 
12351,0.31373 
12352,0.31948 
12353,0.32937 
12354,0.34349 
12355,0.35812 
12356,0.36486 
12357,0.36738 
12358,0.34205 
12359,0.28621 
12360,0.23959 
12361,0.20098 
12362,0.16008 
12363,0.13019 
12364,0.11098 
12365,0.09246 
12366,0.08007 
12367,0.07068 
12368,0.06096 
12369,0.05134 
12370,0.04648 
12371,0.04666 
12372,0.04669 
12373,0.04687 
12374,0.04535 
12375,0.04224 
12376,0.03933 
12377,0.03739 
12378,0.03307 
12379,0.02646 
12380,0.01981 
12381,0.01310 
12382,0.00664 
12383,0.00457 
12384,0.00241 
12385,0.00018 
12386,0.00000 
12387,0.00057 
12388,0.00161 
12389,0.00265 
12390,0.00346 
12391,0.00402 
12392,0.00458 
12393,0.00518 
12394,0.00781 
12395,0.02878 
12396,0.05352 
12397,0.08913 
12398,0.10409 
12399,0.09792 
12400,0.09174 
12401,0.08555 
12402,0.06790 
12403,0.04237 
12404,0.02360 
12405,0.00769 
12406,0.01081 
12407,0.02166 
12408,0.03278 
12409,0.04465 
12410,0.07072 
12411,0.11995 
12412,0.17338 
12413,0.21052 
12414,0.24602 
12415,0.28441 
12416,0.32758 
12417,0.37646 
12418,0.43253 
12419,0.49348 
12420,0.51936 
12421,0.49191 
12422,0.45863 
12423,0.41999 
12424,0.39815 
12425,0.39918 
12426,0.40489 
12427,0.41598 
12428,0.39183 
12429,0.33275 
12430,0.26439 
12431,0.20210 
12432,0.16268 
12433,0.12808 
12434,0.07392 
12435,0.04272 
12436,0.05031 
12437,0.12756 
12438,0.26311 
12439,0.38170 
12440,0.40310 
12441,0.32183 
12442,0.26925 
12443,0.25371 
12444,0.25649 
12445,0.31533 
12446,0.39299 
12447,0.44589 
12448,0.41534 
12449,0.31709 
12450,0.23004 
12451,0.18274 
12452,0.15880 
12453,0.14251 
12454,0.12418 
12455,0.10378 
12456,0.08441 
12457,0.06705 
12458,0.04511 
12459,0.02532 
12460,0.01296 
12461,0.00606 
12462,0.00431 
12463,0.00208 
12464,0.00000 
12465,0.00000 
12466,0.00000 
12467,0.00000 
12468,0.00000 
12469,0.00000 
12470,0.00000 
12471,0.00000 
12472,0.00000 
12473,0.00000 
12474,0.00000 
12475,0.00000 
12476,0.00000 
12477,0.00000 
12478,0.00000 
12479,0.00000 
12480,0.00000 
12481,0.00000 
12482,0.00000 
12483,0.00000 
12484,0.00000 
12485,0.00000 
12486,0.00000 
12487,0.00000 
12488,0.00000 
12489,0.00000 
12490,0.00000 
12491,0.00000 
12492,0.00000 
12493,0.00000 
12494,0.00000 
12495,0.00000 
12496,0.00000 
12497,0.00201 
12498,0.00437 
12499,0.00635 
12500,0.00830 
12501,0.01751 
12502,0.02667 
12503,0.03617 
12504,0.04579 
12505,0.05539 
12506,0.06153 
12507,0.06422 
12508,0.08196 
12509,0.11474 
12510,0.15106 
12511,0.19290 
12512,0.20056 
12513,0.17376 
12514,0.14848 
12515,0.12700 
12516,0.12883 
12517,0.15310 
12518,0.17164 
12519,0.18423 
12520,0.20947 
12521,0.24853 
12522,0.29090 
12523,0.33760 
12524,0.37376 
12525,0.40033 
12526,0.43051 
12527,0.46412 
12528,0.47014 
12529,0.44660 
12530,0.43327 
12531,0.43022 
12532,0.48002 
12533,0.59900 
12534,0.72375 
12535,0.85033 
12536,0.84062 
12537,0.69566 
12538,0.53305 
12539,0.43444 
12540,0.40613 
12541,0.42268 
12542,0.43626 
12543,0.44709 
12544,0.42811 
12545,0.43013 
12546,0.46129 
12547,0.46962 
12548,0.42310 
12549,0.35488 
12550,0.28940 
12551,0.22626 
12552,0.18039 
12553,0.13775 
12554,0.10055 
12555,0.07317 
12556,0.05454 
12557,0.03902 
12558,0.03917 
12559,0.05283 
12560,0.06647 
12561,0.08049 
12562,0.08507 
12563,0.08030 
12564,0.07550 
12565,0.07065 
12566,0.06835 
12567,0.06840 
12568,0.06868 
12569,0.06873 
12570,0.07163 
12571,0.07718 
12572,0.08306 
12573,0.08872 
12574,0.08495 
12575,0.07174 
12576,0.05812 
12577,0.04392 
12578,0.03450 
12579,0.02514 
12580,0.01550 
12581,0.00735 
12582,0.00570 
12583,0.00444 
12584,0.00314 
12585,0.00181 
12586,0.00143 
12587,0.00199 
12588,0.00258 
12589,0.00318 
12590,0.00377 
12591,0.00434 
12592,0.00491 
12593,0.00549 
12594,0.00476 
12595,0.00274 
12596,0.00076 
12597,0.00000 
12598,0.00000 
12599,0.00000 
12600,0.00089 
12601,0.00126 
12602,0.01604 
12603,0.04652 
12604,0.06930 
12605,0.08396 
12606,0.10411 
12607,0.12866 
12608,0.14709 
12609,0.16400 
12610,0.18165 
12611,0.19848 
12612,0.19817 
12613,0.18482 
12614,0.16525 
12615,0.14006 
12616,0.15354 
12617,0.21034 
12618,0.26928 
12619,0.32396 
12620,0.33761 
12621,0.30954 
12622,0.28888 
12623,0.27450 
12624,0.27895 
12625,0.30000 
12626,0.32817 
12627,0.36439 
12628,0.35570 
12629,0.30504 
12630,0.27047 
12631,0.25083 
12632,0.21867 
12633,0.17204 
12634,0.11770 
12635,0.05440 
12636,0.04283 
12637,0.08398 
12638,0.12295 
12639,0.15848 
12640,0.15468 
12641,0.11093 
12642,0.07177 
12643,0.03768 
12644,0.02377 
12645,0.02862 
12646,0.03083 
12647,0.04001 
12648,0.05024 
12649,0.06513 
12650,0.05455 
12651,0.02696 
12652,0.00804 
12653,0.00295 
12654,0.00195 
12655,0.00400 
12656,0.00605 
12657,0.01314 
12658,0.02028 
12659,0.02474 
12660,0.02923 
12661,0.03375 
12662,0.03609 
12663,0.03647 
12664,0.03673 
12665,0.03699 
12666,0.04210 
12667,0.05638 
12668,0.07091 
12669,0.08555 
12670,0.10233 
12671,0.12435 
12672,0.14666 
12673,0.17027 
12674,0.17222 
12675,0.15231 
12676,0.13260 
12677,0.11198 
12678,0.09706 
12679,0.08611 
12680,0.07489 
12681,0.06339 
12682,0.07047 
12683,0.09643 
12684,0.12637 
12685,0.16341 
12686,0.20119 
12687,0.26885 
12688,0.33867 
12689,0.42599 
12690,0.50798 
12691,0.57761 
12692,0.66111 
12693,0.74357 
12694,0.78369 
12695,0.78332 
12696,0.78636 
12697,0.78757 
12698,0.75890 
12699,0.69815 
12700,0.65457 
12701,0.63439 
12702,0.64132 
12703,0.67549 
12704,0.70504 
12705,0.74748 
12706,0.77407 
12707,0.77673 
12708,0.77263 
12709,0.75732 
12710,0.78563 
12711,0.86146 
12712,0.90315 
12713,0.91613 
12714,0.87408 
12715,0.78289 
12716,0.73970 
12717,0.74300 
12718,0.76189 
12719,0.79494 
12720,0.81038 
12721,0.80314 
12722,0.77254 
12723,0.72120 
12724,0.69292 
12725,0.68579 
12726,0.68091 
12727,0.68860 
12728,0.66377 
12729,0.61173 
12730,0.58005 
12731,0.56599 
12732,0.54548 
12733,0.52004 
12734,0.48916 
12735,0.45158 
12736,0.39034 
12737,0.30567 
12738,0.23519 
12739,0.18018 
12740,0.15219 
12741,0.13557 
12742,0.12682 
12743,0.12891 
12744,0.13864 
12745,0.16856 
12746,0.17610 
12747,0.16243 
12748,0.15614 
12749,0.15379 
12750,0.16443 
12751,0.18577 
12752,0.20743 
12753,0.22866 
12754,0.20780 
12755,0.14895 
12756,0.11296 
12757,0.08031 
12758,0.06478 
12759,0.06013 
12760,0.05561 
12761,0.05098 
12762,0.04856 
12763,0.04877 
12764,0.04898 
12765,0.04901 
12766,0.05227 
12767,0.05874 
12768,0.06546 
12769,0.07272 
12770,0.08133 
12771,0.09141 
12772,0.10196 
12773,0.11516 
12774,0.12293 
12775,0.12399 
12776,0.12557 
12777,0.12669 
12778,0.12077 
12779,0.10883 
12780,0.09928 
12781,0.08993 
12782,0.07965 
12783,0.06898 
12784,0.05829 
12785,0.04842 
12786,0.05301 
12787,0.07431 
12788,0.09588 
12789,0.11868 
12790,0.14333 
12791,0.16385 
12792,0.18367 
12793,0.20522 
12794,0.22928 
12795,0.24464 
12796,0.26232 
12797,0.29726 
12798,0.33886 
12799,0.38055 
12800,0.41245 
12801,0.42369 
12802,0.44340 
12803,0.47078 
12804,0.49909 
12805,0.52583 
12806,0.55280 
12807,0.57981 
12808,0.61113 
12809,0.65717 
12810,0.69968 
12811,0.73540 
12812,0.75339 
12813,0.75216 
12814,0.75729 
12815,0.77117 
12816,0.77150 
12817,0.75777 
12818,0.75652 
12819,0.76929 
12820,0.78376 
12821,0.80998 
12822,0.81831 
12823,0.79464 
12824,0.76174 
12825,0.72433 
12826,0.69140 
12827,0.66543 
12828,0.63538 
12829,0.60169 
12830,0.56282 
12831,0.51549 
12832,0.46178 
12833,0.41006 
12834,0.36236 
12835,0.32195 
12836,0.27896 
12837,0.23653 
12838,0.22899 
12839,0.26596 
12840,0.32521 
12841,0.43183 
12842,0.49152 
12843,0.48647 
12844,0.48120 
12845,0.48148 
12846,0.47660 
12847,0.46610 
12848,0.45566 
12849,0.44729 
12850,0.45494 
12851,0.48381 
12852,0.51435 
12853,0.54329 
12854,0.66774 
12855,0.87670 
12856,1.06507 
12857,1.24901 
12858,1.28835 
12859,1.21396 
12860,1.12821 
12861,1.03916 
12862,1.02145 
12863,1.08584 
12864,1.15243 
12865,1.21966 
12866,1.23379 
12867,1.19266 
12868,1.14929 
12869,1.10539 
12870,1.06523 
12871,1.02447 
12872,0.98365 
12873,0.93997 
12874,0.93968 
12875,0.99175 
12876,1.04088 
12877,1.08890 
12878,1.06687 
12879,0.95914 
12880,0.85136 
12881,0.73876 
12882,0.69513 
12883,0.72162 
12884,0.74811 
12885,0.77462 
12886,0.77961 
12887,0.76447 
12888,0.75007 
12889,0.73709 
12890,0.77091 
12891,0.84319 
12892,0.91929 
12893,1.01517 
12894,1.13778 
12895,1.27656 
12896,1.39935 
12897,1.52654 
12898,1.58622 
12899,1.57835 
12900,1.56729 
12901,1.54366 
12902,1.54868 
12903,1.57804 
12904,1.58682 
12905,1.56395 
12906,1.51624 
12907,1.45612 
12908,1.38865 
12909,1.32266 
12910,1.24568 
12911,1.16133 
12912,1.10908 
12913,1.08777 
12914,1.07235 
12915,1.06655 
12916,1.02200 
12917,0.94071 
12918,0.87084 
12919,0.80716 
12920,0.73250 
12921,0.66060 
12922,0.61832 
12923,0.60893 
12924,0.60194 
12925,0.60054 
12926,0.58432 
12927,0.55226 
12928,0.53570 
12929,0.52755 
12930,0.50580 
12931,0.47042 
12932,0.42019 
12933,0.36498 
12934,0.31868 
12935,0.27276 
12936,0.23131 
12937,0.19823 
12938,0.20339 
12939,0.24615 
12940,0.30070 
12941,0.37510 
12942,0.39038 
12943,0.34431 
12944,0.29632 
12945,0.25612 
12946,0.23472 
12947,0.22746 
12948,0.21941 
12949,0.21206 
12950,0.19433 
12951,0.16610 
12952,0.14722 
12953,0.13159 
12954,0.13256 
12955,0.14948 
12956,0.17056 
12957,0.20112 
12958,0.20333 
12959,0.17628 
12960,0.15799 
12961,0.14332 
12962,0.14753 
12963,0.17119 
12964,0.20906 
12965,0.25179 
12966,0.29598 
12967,0.34876 
12968,0.41297 
12969,0.47686 
12970,0.49093 
12971,0.45574 
12972,0.41968 
12973,0.38116 
12974,0.36319 
12975,0.36331 
12976,0.36344 
12977,0.36356 
12978,0.37282 
12979,0.39414 
12980,0.41382 
12981,0.43510 
12982,0.47986 
12983,0.54957 
12984,0.63301 
12985,0.71605 
12986,0.72397 
12987,0.65826 
12988,0.59391 
12989,0.55800 
12990,0.57564 
12991,0.61099 
12992,0.63976 
12993,0.65973 
12994,0.66217 
12995,0.64928 
12996,0.60314 
12997,0.52216 
12998,0.50492 
12999,0.56058 
13000,0.68372 
13001,0.85538 
13002,0.95715 
13003,0.98926 
13004,1.01315 
13005,1.02877 
13006,1.13776 
13007,1.32304 
13008,1.44656 
13009,1.51675 
13010,1.51425 
13011,1.46793 
13012,1.43777 
13013,1.43092 
13014,1.43445 
13015,1.45609 
13016,1.41977 
13017,1.33880 
13018,1.27423 
13019,1.22543 
13020,1.17000 
13021,1.09949 
13022,1.06615 
13023,1.06297 
13024,1.03202 
13025,0.97486 
13026,0.92066 
13027,0.86392 
13028,0.82722 
13029,0.81119 
13030,0.80833 
13031,0.82125 
13032,0.83076 
13033,0.84091 
13034,0.80943 
13035,0.74322 
13036,0.68598 
13037,0.62591 
13038,0.53717 
13039,0.42154 
13040,0.32439 
13041,0.23827 
13042,0.21910 
13043,0.25211 
13044,0.28971 
13045,0.33608 
13046,0.30608 
13047,0.22114 
13048,0.14934 
13049,0.10701 
13050,0.09480 
13051,0.11357 
13052,0.13293 
13053,0.15256 
13054,0.18190 
13055,0.21992 
13056,0.25934 
13057,0.30131 
13058,0.38551 
13059,0.50261 
13060,0.64467 
13061,0.78582 
13062,0.81458 
13063,0.73221 
13064,0.64170 
13065,0.55182 
13066,0.52526 
13067,0.56113 
13068,0.59929 
13069,0.63810 
13070,0.63088 
13071,0.57179 
13072,0.52159 
13073,0.47436 
13074,0.42851 
13075,0.38460 
13076,0.34292 
13077,0.31143 
13078,0.28339 
13079,0.25863 
13080,0.23373 
13081,0.21891 
13082,0.23982 
13083,0.29208 
13084,0.33557 
13085,0.35788 
13086,0.37789 
13087,0.43126 
13088,0.47690 
13089,0.54028 
13090,0.58883 
13091,0.62900 
13092,0.61769 
13093,0.54846 
13094,0.49500 
13095,0.45975 
13096,0.45055 
13097,0.47077 
13098,0.51749 
13099,0.58773 
13100,0.63744 
13101,0.64530 
13102,0.62730 
13103,0.57661 
13104,0.57200 
13105,0.61567 
13106,0.62018 
13107,0.59599 
13108,0.57042 
13109,0.55446 
13110,0.57843 
13111,0.64158 
13112,0.63059 
13113,0.54918 
13114,0.47357 
13115,0.40569 
13116,0.35581 
13117,0.32195 
13118,0.28116 
13119,0.24455 
13120,0.21753 
13121,0.19113 
13122,0.15701 
13123,0.11566 
13124,0.08925 
13125,0.07713 
13126,0.06992 
13127,0.06315 
13128,0.05750 
13129,0.05299 
13130,0.05126 
13131,0.05317 
13132,0.05402 
13133,0.05877 
13134,0.06317 
13135,0.06361 
13136,0.06406 
13137,0.06452 
13138,0.07072 
13139,0.08251 
13140,0.09683 
13141,0.11270 
13142,0.09839 
13143,0.06268 
13144,0.03282 
13145,0.01140 
13146,0.00538 
13147,0.00517 
13148,0.00496 
13149,0.00475 
13150,0.00575 
13151,0.01139 
13152,0.02204 
13153,0.03316 
13154,0.03116 
13155,0.01569 
13156,0.00601 
13157,0.00273 
13158,0.00134 
13159,0.00187 
13160,0.00241 
13161,0.00297 
13162,0.00220 
13163,0.00006 
13164,0.00000 
13165,0.00000 
13166,0.00000 
13167,0.00000 
13168,0.00000 
13169,0.00000 
13170,0.00000 
13171,0.00000 
13172,0.00000 
13173,0.00000 
13174,0.00644 
13175,0.01997 
13176,0.03365 
13177,0.04836 
13178,0.06812 
13179,0.09520 
13180,0.13738 
13181,0.18537 
13182,0.23061 
13183,0.27897 
13184,0.32670 
13185,0.36164 
13186,0.38609 
13187,0.40566 
13188,0.42869 
13189,0.45858 
13190,0.47687 
13191,0.47220 
13192,0.49642 
13193,0.55303 
13194,0.61825 
13195,0.69119 
13196,0.71003 
13197,0.67768 
13198,0.65902 
13199,0.65639 
13200,0.66555 
13201,0.69554 
13202,0.68709 
13203,0.63933 
13204,0.62856 
13205,0.65051 
13206,0.71265 
13207,0.81525 
13208,0.89441 
13209,0.94252 
13210,0.92215 
13211,0.83053 
13212,0.72640 
13213,0.63230 
13214,0.55523 
13215,0.49361 
13216,0.43477 
13217,0.36732 
13218,0.31114 
13219,0.26691 
13220,0.22866 
13221,0.19084 
13222,0.15848 
13223,0.13231 
13224,0.11473 
13225,0.10313 
13226,0.08097 
13227,0.05830 
13228,0.04593 
13229,0.03646 
13230,0.03201 
13231,0.02793 
13232,0.02389 
13233,0.01980 
13234,0.01774 
13235,0.01780 
13236,0.01793 
13237,0.01800 
13238,0.02788 
13239,0.05204 
13240,0.08269 
13241,0.12222 
13242,0.14145 
13243,0.13730 
13244,0.13311 
13245,0.12890 
13246,0.12551 
13247,0.12248 
13248,0.11936 
13249,0.11572 
13250,0.11492 
13251,0.11622 
13252,0.11711 
13253,0.11846 
13254,0.10399 
13255,0.08108 
13256,0.05839 
13257,0.03915 
13258,0.03043 
13259,0.02819 
13260,0.02579 
13261,0.02335 
13262,0.01478 
13263,0.00663 
13264,0.00354 
13265,0.00048 
13266,0.00047 
13267,0.00353 
13268,0.00656 
13269,0.01457 
13270,0.03016 
13271,0.04746 
13272,0.06475 
13273,0.08196 
13274,0.10889 
13275,0.14528 
13276,0.17600 
13277,0.20450 
13278,0.24623 
13279,0.30598 
13280,0.36496 
13281,0.41687 
13282,0.45407 
13283,0.47898 
13284,0.48469 
13285,0.47148 
13286,0.46910 
13287,0.47884 
13288,0.48121 
13289,0.47379 
13290,0.46772 
13291,0.46448 
13292,0.44320 
13293,0.40474 
13294,0.34751 
13295,0.29987 
13296,0.29497 
13297,0.35617 
13298,0.44352 
13299,0.51069 
13300,0.52935 
13301,0.50095 
13302,0.49856 
13303,0.52309 
13304,0.50026 
13305,0.43129 
13306,0.36997 
13307,0.31907 
13308,0.28391 
13309,0.26297 
13310,0.24174 
13311,0.21646 
13312,0.21549 
13313,0.23617 
13314,0.23988 
13315,0.22844 
13316,0.20051 
13317,0.15905 
13318,0.12345 
13319,0.09348 
13320,0.08386 
13321,0.09272 
13322,0.08264 
13323,0.04907 
13324,0.02135 
13325,0.00465 
13326,0.00241 
13327,0.00199 
13328,0.00157 
13329,0.00114 
13330,0.00114 
13331,0.00159 
13332,0.00204 
13333,0.00248 
13334,0.00272 
13335,0.00273 
13336,0.00275 
13337,0.00277 
13338,0.00302 
13339,0.00349 
13340,0.00397 
13341,0.00446 
13342,0.00428 
13343,0.00341 
13344,0.00249 
13345,0.00154 
13346,0.00043 
13347,0.00000 
13348,0.00000 
13349,0.00000 
13350,0.00000 
13351,0.00000 
13352,0.00000 
13353,0.00000 
13354,0.00000 
13355,0.00000 
13356,0.00000 
13357,0.00000 
13358,0.00000 
13359,0.00000 
13360,0.00000 
13361,0.00000 
13362,0.00000 
13363,0.00000 
13364,0.00000 
13365,0.00000 
13366,0.00239 
13367,0.00741 
13368,0.01239 
13369,0.01727 
13370,0.02350 
13371,0.03117 
13372,0.05309 
13373,0.08988 
13374,0.12677 
13375,0.16474 
13376,0.19699 
13377,0.22205 
13378,0.27070 
13379,0.34615 
13380,0.35413 
13381,0.29131 
13382,0.22305 
13383,0.17979 
13384,0.18277 
13385,0.22011 
13386,0.25530 
13387,0.28805 
13388,0.29452 
13389,0.27463 
13390,0.26141 
13391,0.25633 
13392,0.25024 
13393,0.24245 
13394,0.23456 
13395,0.22321 
13396,0.22460 
13397,0.23807 
13398,0.25639 
13399,0.27985 
13400,0.27706 
13401,0.24922 
13402,0.22599 
13403,0.20789 
13404,0.19155 
13405,0.17686 
13406,0.16005 
13407,0.14135 
13408,0.12707 
13409,0.11722 
13410,0.10501 
13411,0.09014 
13412,0.08091 
13413,0.07715 
13414,0.07562 
13415,0.07450 
13416,0.06226 
13417,0.04122 
13418,0.01518 
13419,0.00057 
13420,0.00205 
13421,0.00355 
13422,0.00548 
13423,0.01335 
13424,0.02474 
13425,0.03618 
13426,0.03540 
13427,0.02197 
13428,0.00842 
13429,0.00410 
13430,0.00248 
13431,0.00205 
13432,0.00161 
13433,0.00117 
13434,0.00073 
13435,0.00028 
13436,0.00000 
13437,0.00000 
13438,0.00000 
13439,0.00000 
13440,0.00000 
13441,0.00000 
13442,0.00000 
13443,0.00000 
13444,0.00000 
13445,0.00069 
13446,0.00198 
13447,0.00382 
13448,0.00568 
13449,0.00757 
13450,0.00790 
13451,0.00663 
13452,0.00535 
13453,0.00403 
13454,0.00462 
13455,0.00711 
13456,0.01468 
13457,0.02672 
13458,0.03272 
13459,0.03260 
13460,0.03261 
13461,0.03249 
13462,0.04193 
13463,0.06579 
13464,0.09327 
13465,0.12074 
13466,0.15228 
13467,0.18138 
13468,0.18843 
13469,0.17049 
13470,0.16243 
13471,0.16403 
13472,0.14538 
13473,0.11075 
13474,0.06509 
13475,0.03769 
13476,0.03714 
13477,0.10921 
13478,0.25539 
13479,0.40240 
13480,0.43142 
13481,0.34207 
13482,0.26999 
13483,0.22956 
13484,0.19689 
13485,0.17337 
13486,0.15379 
13487,0.13795 
13488,0.11871 
13489,0.09701 
13490,0.05780 
13491,0.02929 
13492,0.02799 
13493,0.07086 
13494,0.14588 
13495,0.20911 
13496,0.24530 
13497,0.25769 
13498,0.26529 
13499,0.27777 
13500,0.28692 
13501,0.29311 
13502,0.30479 
13503,0.31112 
13504,0.31386 
13505,0.31215 
13506,0.30129 
13507,0.28368 
13508,0.22355 
13509,0.14539 
13510,0.10068 
13511,0.07233 
13512,0.05217 
13513,0.03965 
13514,0.01815 
13515,0.00465 
13516,0.00316 
13517,0.00166 
13518,0.00070 
13519,0.00026 
13520,0.00000 
13521,0.00000 
13522,0.00000 
13523,0.00050 
13524,0.00140 
13525,0.00231 
13526,0.00311 
13527,0.00381 
13528,0.00449 
13529,0.00520 
13530,0.00579 
13531,0.00627 
13532,0.00676 
13533,0.00843 
13534,0.01409 
13535,0.02348 
13536,0.03310 
13537,0.04344 
13538,0.05676 
13539,0.06841 
13540,0.07995 
13541,0.09157 
13542,0.10215 
13543,0.11387 
13544,0.12539 
13545,0.13764 
13546,0.15424 
13547,0.17467 
13548,0.20016 
13549,0.23705 
13550,0.22041 
13551,0.16867 
13552,0.13013 
13553,0.09575 
13554,0.09064 
13555,0.10917 
13556,0.13449 
13557,0.15982 
13558,0.17723 
13559,0.18624 
13560,0.19521 
13561,0.20406 
13562,0.22790 
13563,0.26407 
13564,0.30230 
13565,0.34481 
13566,0.36254 
13567,0.35439 
13568,0.34645 
13569,0.33869 
13570,0.36363 
13571,0.41715 
13572,0.45822 
13573,0.48618 
13574,0.48973 
13575,0.47019 
13576,0.44240 
13577,0.40350 
13578,0.39462 
13579,0.41586 
13580,0.47338 
13581,0.55444 
13582,0.63205 
13583,0.71255 
13584,0.76891 
13585,0.79948 
13586,0.80246 
13587,0.78352 
13588,0.77861 
13589,0.78990 
13590,0.75250 
13591,0.66800 
13592,0.54964 
13593,0.39333 
13594,0.31466 
13595,0.28565 
13596,0.29964 
13597,0.34730 
13598,0.32803 
13599,0.25293 
13600,0.19659 
13601,0.16159 
13602,0.15772 
13603,0.17374 
13604,0.17593 
13605,0.16546 
13606,0.15101 
13607,0.13297 
13608,0.11885 
13609,0.10930 
13610,0.11049 
13611,0.12555 
13612,0.14524 
13613,0.17916 
13614,0.17977 
13615,0.14768 
13616,0.12937 
13617,0.11033 
13618,0.09214 
13619,0.07812 
13620,0.06522 
13621,0.05223 
13622,0.03784 
13623,0.02730 
13624,0.01663 
13625,0.00654 
13626,0.00611 
13627,0.01033 
13628,0.01687 
13629,0.02353 
13630,0.02709 
13631,0.02757 
13632,0.02806 
13633,0.02858 
13634,0.03125 
13635,0.03623 
13636,0.04113 
13637,0.04786 
13638,0.05200 
13639,0.05261 
13640,0.05302 
13641,0.05365 
13642,0.06583 
13643,0.08971 
13644,0.11753 
13645,0.15070 
13646,0.17731 
13647,0.20421 
13648,0.23999 
13649,0.27608 
13650,0.30871 
13651,0.33885 
13652,0.37883 
13653,0.41906 
13654,0.45460 
13655,0.48447 
13656,0.51625 
13657,0.54580 
13658,0.53711 
13659,0.48911 
13660,0.45838 
13661,0.44106 
13662,0.44209 
13663,0.46110 
13664,0.47763 
13665,0.49515 
13666,0.53730 
13667,0.60369 
13668,0.67105 
13669,0.75326 
13670,0.81271 
13671,0.85091 
13672,0.88671 
13673,0.92142 
13674,0.94676 
13675,0.96601 
13676,0.93370 
13677,0.84998 
13678,0.77512 
13679,0.71138 
13680,0.65512 
13681,0.61158 
13682,0.56217 
13683,0.51125 
13684,0.49229 
13685,0.50501 
13686,0.52860 
13687,0.55627 
13688,0.57073 
13689,0.56853 
13690,0.52905 
13691,0.46895 
13692,0.41067 
13693,0.37855 
13694,0.40856 
13695,0.46093 
13696,0.43732 
13697,0.35839 
13698,0.30639 
13699,0.26704 
13700,0.23644 
13701,0.21356 
13702,0.23094 
13703,0.29293 
13704,0.39149 
13705,0.51457 
13706,0.54178 
13707,0.47458 
13708,0.41285 
13709,0.36150 
13710,0.35595 
13711,0.39711 
13712,0.44031 
13713,0.49098 
13714,0.52595 
13715,0.54788 
13716,0.56998 
13717,0.59032 
13718,0.59447 
13719,0.57644 
13720,0.56012 
13721,0.54355 
13722,0.52156 
13723,0.49429 
13724,0.46855 
13725,0.44254 
13726,0.38365 
13727,0.28597 
13728,0.21438 
13729,0.15223 
13730,0.14090 
13731,0.15890 
13732,0.18200 
13733,0.21465 
13734,0.28520 
13735,0.42544 
13736,0.59260 
13737,0.77841 
13738,0.95542 
13739,1.11882 
13740,1.27899 
13741,1.43350 
13742,1.45021 
13743,1.32148 
13744,1.18837 
13745,1.04995 
13746,1.05045 
13747,1.19957 
13748,1.34050 
13749,1.47247 
13750,1.55767 
13751,1.61289 
13752,1.64394 
13753,1.65303 
13754,1.63841 
13755,1.57487 
13756,1.49906 
13757,1.41412 
13758,1.30345 
13759,1.21783 
13760,1.12063 
13761,1.00448 
13762,0.97963 
13763,1.04416 
13764,1.07784 
13765,1.07292 
13766,1.03766 
13767,0.98001 
13768,0.92384 
13769,0.87070 
13770,0.81990 
13771,0.77909 
13772,0.73078 
13773,0.67493 
13774,0.63974 
13775,0.62937 
13776,0.58809 
13777,0.51491 
13778,0.43737 
13779,0.37139 
13780,0.29346 
13781,0.20721 
13782,0.14110 
13783,0.09460 
13784,0.10352 
13785,0.16978 
13786,0.21755 
13787,0.24598 
13788,0.23762 
13789,0.19207 
13790,0.15475 
13791,0.12656 
13792,0.11641 
13793,0.12413 
13794,0.12769 
13795,0.12665 
13796,0.12486 
13797,0.12195 
13798,0.12605 
13799,0.13757 
13800,0.14644 
13801,0.15315 
13802,0.15120 
13803,0.14223 
13804,0.13459 
13805,0.12945 
13806,0.11880 
13807,0.10096 
13808,0.08277 
13809,0.06919 
13810,0.06255 
13811,0.06257 
13812,0.06259 
13813,0.06261 
13814,0.05235 
13815,0.03377 
13816,0.02063 
13817,0.00732 
13818,0.00496 
13819,0.00433 
13820,0.00370 
13821,0.00306 
13822,0.00253 
13823,0.00212 
13824,0.00169 
13825,0.00125 
13826,0.00163 
13827,0.00286 
13828,0.00412 
13829,0.00537 
13830,0.00504 
13831,0.00307 
13832,0.00107 
13833,0.00000 
13834,0.00000 
13835,0.00000 
13836,0.00000 
13837,0.00000 
13838,0.00000 
13839,0.00000 
13840,0.00000 
13841,0.00000 
13842,0.00000 
13843,0.00000 
13844,0.00000 
13845,0.00000 
13846,0.00701 
13847,0.02193 
13848,0.03697 
13849,0.05319 
13850,0.07282 
13851,0.09819 
13852,0.14026 
13853,0.18247 
13854,0.21103 
13855,0.22572 
13856,0.24621 
13857,0.28333 
13858,0.31702 
13859,0.34431 
13860,0.37262 
13861,0.40197 
13862,0.43596 
13863,0.46884 
13864,0.49078 
13865,0.50061 
13866,0.51634 
13867,0.53996 
13868,0.54698 
13869,0.53578 
13870,0.53006 
13871,0.53049 
13872,0.51445 
13873,0.47934 
13874,0.44840 
13875,0.41756 
13876,0.40617 
13877,0.41190 
13878,0.41814 
13879,0.42609 
13880,0.42339 
13881,0.41941 
13882,0.41640 
13883,0.41418 
13884,0.39165 
13885,0.35112 
13886,0.32203 
13887,0.30783 
13888,0.29764 
13889,0.29500 
13890,0.27006 
13891,0.23196 
13892,0.20149 
13893,0.17527 
13894,0.15509 
13895,0.13806 
13896,0.11928 
13897,0.10338 
13898,0.08217 
13899,0.06642 
13900,0.06234 
13901,0.06049 
13902,0.05092 
13903,0.03295 
13904,0.02014 
13905,0.00715 
13906,0.00461 
13907,0.00356 
13908,0.00251 
13909,0.00144 
13910,0.00037 
13911,0.00000 
13912,0.00000 
13913,0.00000 
13914,0.00000 
13915,0.00000 
13916,0.00000 
13917,0.00038 
13918,0.00117 
13919,0.00166 
13920,0.00217 
13921,0.00269 
13922,0.00358 
13923,0.00483 
13924,0.00608 
13925,0.00734 
13926,0.00900 
13927,0.00739 
13928,0.00696 
13929,0.00653 
13930,0.00739 
13931,0.01592 
13932,0.02627 
13933,0.03679 
13934,0.03516 
13935,0.02080 
13936,0.00779 
13937,0.00481 
13938,0.00223 
13939,0.00006 
13940,0.00000 
13941,0.00000 
13942,0.00752 
13943,0.02316 
13944,0.03875 
13945,0.05419 
13946,0.07435 
13947,0.11560 
13948,0.16680 
13949,0.19586 
13950,0.22074 
13951,0.24499 
13952,0.27398 
13953,0.32401 
13954,0.38129 
13955,0.44301 
13956,0.48664 
13957,0.49162 
13958,0.49659 
13959,0.50422 
13960,0.50724 
13961,0.50342 
13962,0.49247 
13963,0.47413 
13964,0.47527 
13965,0.49904 
13966,0.51658 
13967,0.52661 
13968,0.53733 
13969,0.54864 
13970,0.55952 
13971,0.57173 
13972,0.59077 
13973,0.61895 
13974,0.66541 
13975,0.72930 
13976,0.73974 
13977,0.71630 
13978,0.66564 
13979,0.59464 
13980,0.53598 
13981,0.47239 
13982,0.43835 
13983,0.43238 
13984,0.41871 
13985,0.40874 
13986,0.38840 
13987,0.36739 
13988,0.36502 
13989,0.37441 
13990,0.35529 
13991,0.30456 
13992,0.25397 
13993,0.20687 
13994,0.17248 
13995,0.14701 
13996,0.11990 
13997,0.10077 
13998,0.09488 
13999,0.09550 
14000,0.09613 
14001,0.09677 
14002,0.08855 
14003,0.07507 
14004,0.06268 
14005,0.05020 
14006,0.04081 
14007,0.03559 
14008,0.03168 
14009,0.02773 
14010,0.02267 
14011,0.01648 
14012,0.01020 
14013,0.00612 
14014,0.00930 
14015,0.02712 
14016,0.04818 
14017,0.07748 
14018,0.08732 
14019,0.07710 
14020,0.06674 
14021,0.05622 
14022,0.04571 
14023,0.03805 
14024,0.03129 
14025,0.02423 
14026,0.01951 
14027,0.01714 
14028,0.01474 
14029,0.01224 
14030,0.01105 
14031,0.01110 
14032,0.01110 
14033,0.01114 
14034,0.01628 
14035,0.02642 
14036,0.03641 
14037,0.04634 
14038,0.05841 
14039,0.06713 
14040,0.07566 
14041,0.08424 
14042,0.11075 
14043,0.15702 
14044,0.18560 
14045,0.19597 
14046,0.20634 
14047,0.21610 
14048,0.23517 
14049,0.26188 
14050,0.29033 
14051,0.31920 
14052,0.32021 
14053,0.28973 
14054,0.27937 
14055,0.28866 
14056,0.28506 
14057,0.26939 
14058,0.24499 
14059,0.21200 
14060,0.21157 
14061,0.24288 
14062,0.26351 
14063,0.27446 
14064,0.26900 
14065,0.24920 
14066,0.24859 
14067,0.26761 
14068,0.29299 
14069,0.33163 
14070,0.36422 
14071,0.39114 
14072,0.39694 
14073,0.37851 
14074,0.37495 
14075,0.38334 
14076,0.38846 
14077,0.39274 
14078,0.37401 
14079,0.33593 
14080,0.30008 
14081,0.26639 
14082,0.23396 
14083,0.20566 
14084,0.18229 
14085,0.16483 
14086,0.12893 
14087,0.08392 
14088,0.04943 
14089,0.02721 
14090,0.01766 
14091,0.01188 
14092,0.00692 
14093,0.00134 
14094,0.00125 
14095,0.00206 
14096,0.00289 
14097,0.00373 
14098,0.00446 
14099,0.00510 
14100,0.00573 
14101,0.00701 
14102,0.00955 
14103,0.01166 
14104,0.01381 
14105,0.01600 
14106,0.01507 
14107,0.01101 
14108,0.00692 
14109,0.00582 
14110,0.00468 
14111,0.00316 
14112,0.00158 
14113,0.00000 
14114,0.00091 
14115,0.00460 
14116,0.01188 
14117,0.02968 
14118,0.03527 
14119,0.02844 
14120,0.02145 
14121,0.01429 
14122,0.00723 
14123,0.00492 
14124,0.00257 
14125,0.00019 
14126,0.00000 
14127,0.00000 
14128,0.00000 
14129,0.00000 
14130,0.00000 
14131,0.00000 
14132,0.00047 
14133,0.00238 
14134,0.01006 
14135,0.02596 
14136,0.05316 
14137,0.07976 
14138,0.09711 
14139,0.10937 
14140,0.13461 
14141,0.20560 
14142,0.27367 
14143,0.29866 
14144,0.29411 
14145,0.24513 
14146,0.22489 
14147,0.22969 
14148,0.21788 
14149,0.19072 
14150,0.16247 
14151,0.13537 
14152,0.12309 
14153,0.12622 
14154,0.12383 
14155,0.11418 
14156,0.12940 
14157,0.17017 
14158,0.20444 
14159,0.22967 
14160,0.24335 
14161,0.24935 
14162,0.25567 
14163,0.26456 
14164,0.26283 
14165,0.32678 
14166,0.44186 
14167,0.53251 
14168,0.54516 
14169,0.48741 
14170,0.45367 
14171,0.44137 
14172,0.40703 
14173,0.35634 
14174,0.31276 
14175,0.27657 
14176,0.24257 
14177,0.20611 
14178,0.17269 
14179,0.14364 
14180,0.11924 
14181,0.09684 
14182,0.07461 
14183,0.05186 
14184,0.03796 
14185,0.03275 
14186,0.02470 
14187,0.01383 
14188,0.00627 
14189,0.00094 
14190,0.00000 
14191,0.00000 
14192,0.00000 
14193,0.00000 
14194,0.00000 
14195,0.00000 
14196,0.00000 
14197,0.00000 
14198,0.00000 
14199,0.00000 
14200,0.00000 
14201,0.00000 
14202,0.00000 
14203,0.00000 
14204,0.00000 
14205,0.00000 
14206,0.00000 
14207,0.00000 
14208,0.00000 
14209,0.00000 
14210,0.00000 
14211,0.00000 
14212,0.00000 
14213,0.00000 
14214,0.00000 
14215,0.00000 
14216,0.00000 
14217,0.00000 
14218,0.00000 
14219,0.00000 
14220,0.00000 
14221,0.00000 
14222,0.00000 
14223,0.00000 
14224,0.00000 
14225,0.00000 
14226,0.00000 
14227,0.00000 
14228,0.00000 
14229,0.00000 
14230,0.00851 
14231,0.02653 
14232,0.04471 
14233,0.06307 
14234,0.08857 
14235,0.12376 
14236,0.15426 
14237,0.17472 
14238,0.20433 
14239,0.24660 
14240,0.24797 
14241,0.20738 
14242,0.15677 
14243,0.11485 
14244,0.11537 
14245,0.14522 
14246,0.16599 
14247,0.19346 
14248,0.20768 
14249,0.22184 
14250,0.23164 
14251,0.23682 
14252,0.27148 
14253,0.33631 
14254,0.41315 
14255,0.50263 
14256,0.50298 
14257,0.41725 
14258,0.34847 
14259,0.29376 
14260,0.27678 
14261,0.29462 
14262,0.30872 
14263,0.31877 
14264,0.31239 
14265,0.28930 
14266,0.27116 
14267,0.25759 
14268,0.24511 
14269,0.23347 
14270,0.21951 
14271,0.20453 
14272,0.18859 
14273,0.17164 
14274,0.15986 
14275,0.16243 
14276,0.15167 
14277,0.13558 
14278,0.10635 
14279,0.06176 
14280,0.03853 
14281,0.03793 
14282,0.03385 
14283,0.02616 
14284,0.01880 
14285,0.01184 
14286,0.00593 
14287,0.00453 
14288,0.00309 
14289,0.00164 
14290,0.00133 
14291,0.00219 
14292,0.00306 
14293,0.00395 
14294,0.00593 
14295,0.01829 
14296,0.03299 
14297,0.05332 
14298,0.05600 
14299,0.03827 
14300,0.02671 
14301,0.01510 
14302,0.01532 
14303,0.02807 
14304,0.04142 
14305,0.06266 
14306,0.06736 
14307,0.05454 
14308,0.04234 
14309,0.03391 
14310,0.02627 
14311,0.01920 
14312,0.01195 
14313,0.00717 
14314,0.00673 
14315,0.00730 
14316,0.00787 
14317,0.00982 
14318,0.01117 
14319,0.01118 
14320,0.01123 
14321,0.01124 
14322,0.00792 
14323,0.00597 
14324,0.00405 
14325,0.00212 
14326,0.01117 
14327,0.03246 
14328,0.05410 
14329,0.07683 
14330,0.10096 
14331,0.11407 
14332,0.13178 
14333,0.17091 
14334,0.21310 
14335,0.25403 
14336,0.29327 
14337,0.32572 
14338,0.35570 
14339,0.38478 
14340,0.41053 
14341,0.43078 
14342,0.45138 
14343,0.47517 
14344,0.49345 
14345,0.50789 
14346,0.52488 
14347,0.54576 
14348,0.55405 
14349,0.54892 
14350,0.54598 
14351,0.54538 
14352,0.53931 
14353,0.53125 
14354,0.52935 
14355,0.53323 
14356,0.52647 
14357,0.51021 
14358,0.50314 
14359,0.50810 
14360,0.47982 
14361,0.41970 
14362,0.35622 
14363,0.29139 
14364,0.27900 
14365,0.31245 
14366,0.33701 
14367,0.35609 
14368,0.33694 
14369,0.29255 
14370,0.25207 
14371,0.21496 
14372,0.18549 
14373,0.15433 
14374,0.11948 
14375,0.08268 
14376,0.05494 
14377,0.04441 
14378,0.03477 
14379,0.02059 
14380,0.01095 
14381,0.00243 
14382,0.00000 
14383,0.00000 
14384,0.00000 
14385,0.00000 
14386,0.00000 
14387,0.00000 
14388,0.00000 
14389,0.00000 
14390,0.00000 
14391,0.00000 
14392,0.00000 
14393,0.00000 
14394,0.00000 
14395,0.00000 
14396,0.00000 
14397,0.00000 
14398,0.00120 
14399,0.00851 
14400,0.03842 
14401,0.08500 
14402,0.11182 
14403,0.10719 
14404,0.10251 
14405,0.09814 
14406,0.09888 
14407,0.10488 
14408,0.11136 
14409,0.11798 
14410,0.13367 
14411,0.15906 
14412,0.18485 
14413,0.22910 
14414,0.24501 
14415,0.23102 
14416,0.21603 
14417,0.20186 
14418,0.18182 
14419,0.15958 
14420,0.13733 
14421,0.11508 
14422,0.12416 
14423,0.16383 
14424,0.20598 
14425,0.27340 
14426,0.35686 
14427,0.48424 
14428,0.60746 
14429,0.74365 
14430,0.80670 
14431,0.80174 
14432,0.75594 
14433,0.66967 
14434,0.54159 
14435,0.39338 
14436,0.29317 
14437,0.24716 
14438,0.23862 
14439,0.26455 
14440,0.29653 
14441,0.33440 
14442,0.35962 
14443,0.37051 
14444,0.34935 
14445,0.29487 
14446,0.23723 
14447,0.17732 
14448,0.14944 
14449,0.15581 
14450,0.17106 
14451,0.19464 
14452,0.21185 
14453,0.22148 
14454,0.23344 
14455,0.24804 
14456,0.24416 
14457,0.22061 
14458,0.20432 
14459,0.19597 
14460,0.20858 
14461,0.24658 
14462,0.28431 
14463,0.31428 
14464,0.32383 
14465,0.31252 
14466,0.31649 
14467,0.34692 
14468,0.35971 
14469,0.35682 
14470,0.34101 
14471,0.30334 
14472,0.27703 
14473,0.26194 
14474,0.25333 
14475,0.25239 
14476,0.25873 
14477,0.27161 
14478,0.26089 
14479,0.23112 
14480,0.20095 
14481,0.17035 
14482,0.16093 
14483,0.17358 
14484,0.18631 
14485,0.19913 
14486,0.19577 
14487,0.17606 
14488,0.15621 
14489,0.14470 
14490,0.15433 
14491,0.20763 
14492,0.26245 
14493,0.33239 
14494,0.38318 
14495,0.40944 
14496,0.43685 
14497,0.46547 
14498,0.46931 
14499,0.44550 
14500,0.42307 
14501,0.39878 
14502,0.35934 
14503,0.30917 
14504,0.26858 
14505,0.22822 
14506,0.22520 
14507,0.26047 
14508,0.29604 
14509,0.33192 
14510,0.36301 
14511,0.37701 
14512,0.39259 
14513,0.40666 
14514,0.39284 
14515,0.35111 
14516,0.31783 
14517,0.28793 
14518,0.26838 
14519,0.26095 
14520,0.25384 
14521,0.24694 
14522,0.26779 
14523,0.31740 
14524,0.35589 
14525,0.38320 
14526,0.37043 
14527,0.33742 
14528,0.30078 
14529,0.25402 
14530,0.21401 
14531,0.24850 
14532,0.26572 
14533,0.32292 
14534,0.40599 
14535,0.51965 
14536,0.56377 
14537,0.53456 
14538,0.52559 
14539,0.53786 
14540,0.53440 
14541,0.51478 
14542,0.47985 
14543,0.43423 
14544,0.42122 
14545,0.43723 
14546,0.47274 
14547,0.52762 
14548,0.50542 
14549,0.40995 
14550,0.30176 
14551,0.22566 
14552,0.23180 
14553,0.30106 
14554,0.36900 
14555,0.40745 
14556,0.41253 
14557,0.38421 
14558,0.36307 
14559,0.34862 
14560,0.32346 
14561,0.28763 
14562,0.26125 
14563,0.24281 
14564,0.21247 
14565,0.18004 
14566,0.15318 
14567,0.12605 
14568,0.10293 
14569,0.08365 
14570,0.06853 
14571,0.06047 
14572,0.06176 
14573,0.07207 
14574,0.08853 
14575,0.11823 
14576,0.14786 
14577,0.19680 
14578,0.20985 
14579,0.18179 
14580,0.15463 
14581,0.13920 
14582,0.12709 
14583,0.11835 
14584,0.10991 
14585,0.10101 
14586,0.08573 
14587,0.06717 
14588,0.04830 
14589,0.03328 
14590,0.02078 
14591,0.00746 
14592,0.00439 
14593,0.00153 
14594,0.00005 
14595,0.00005 
14596,0.00005 
14597,0.00005 
14598,0.00005 
14599,0.00005 
14600,0.00005 
14601,0.00005 
14602,0.00127 
14603,0.00371 
14604,0.00617 
14605,0.01056 
14606,0.01514 
14607,0.01253 
14608,0.00987 
14609,0.00798 
14610,0.00923 
14611,0.01569 
14612,0.02219 
14613,0.02858 
14614,0.04546 
14615,0.07320 
14616,0.10277 
14617,0.13345 
14618,0.15178 
14619,0.15639 
14620,0.18161 
14621,0.23322 
14622,0.27610 
14623,0.30294 
14624,0.31882 
14625,0.32397 
14626,0.33989 
14627,0.36617 
14628,0.37159 
14629,0.34870 
14630,0.31677 
14631,0.29583 
14632,0.30291 
14633,0.33367 
14634,0.37029 
14635,0.39732 
14636,0.41823 
14637,0.43325 
14638,0.46741 
14639,0.52271 
14640,0.50938 
14641,0.42892 
14642,0.34278 
14643,0.27810 
14644,0.25250 
14645,0.24153 
14646,0.21850 
14647,0.18325 
14648,0.18606 
14649,0.27056 
14650,0.39033 
14651,0.49377 
14652,0.50221 
14653,0.42028 
14654,0.34457 
14655,0.28067 
14656,0.26474 
14657,0.27850 
14658,0.27588 
14659,0.25605 
14660,0.21397 
14661,0.16719 
14662,0.12944 
14663,0.09424 
14664,0.06123 
14665,0.04080 
14666,0.02961 
14667,0.01859 
14668,0.01017 
14669,0.00441 
14670,0.00325 
14671,0.00625 
14672,0.02014 
14673,0.03478 
14674,0.05528 
14675,0.07688 
14676,0.10266 
14677,0.13269 
14678,0.14611 
14679,0.14258 
14680,0.13899 
14681,0.13535 
14682,0.14168 
14683,0.15858 
14684,0.18720 
14685,0.21773 
14686,0.22871 
14687,0.21896 
14688,0.20892 
14689,0.19857 
14690,0.20158 
14691,0.21691 
14692,0.23248 
14693,0.24829 
14694,0.25729 
14695,0.26032 
14696,0.26343 
14697,0.26556 
14698,0.25648 
14699,0.23471 
14700,0.21154 
14701,0.19077 
14702,0.17605 
14703,0.15914 
14704,0.14164 
14705,0.12478 
14706,0.11588 
14707,0.11541 
14708,0.11448 
14709,0.11403 
14710,0.12516 
14711,0.14845 
14712,0.17128 
14713,0.19356 
14714,0.22037 
14715,0.26818 
14716,0.29966 
14717,0.28333 
14718,0.28960 
14719,0.33792 
14720,0.41757 
14721,0.54029 
14722,0.63648 
14723,0.67475 
14724,0.64246 
14725,0.54823 
14726,0.48205 
14727,0.44684 
14728,0.40508 
14729,0.36012 
14730,0.30502 
14731,0.25386 
14732,0.25238 
14733,0.29227 
14734,0.32797 
14735,0.36790 
14736,0.38726 
14737,0.38489 
14738,0.36012 
14739,0.31252 
14740,0.28845 
14741,0.29846 
14742,0.30827 
14743,0.31465 
14744,0.30911 
14745,0.29290 
14746,0.28819 
14747,0.29678 
14748,0.26861 
14749,0.19942 
14750,0.13626 
14751,0.08049 
14752,0.07327 
14753,0.11452 
14754,0.15239 
14755,0.18495 
14756,0.18049 
14757,0.14418 
14758,0.11993 
14759,0.10752 
14760,0.10078 
14761,0.09845 
14762,0.10071 
14763,0.10916 
14764,0.12624 
14765,0.14507 
14766,0.17663 
14767,0.20481 
14768,0.23336 
14769,0.26231 
14770,0.28762 
14771,0.29972 
14772,0.31191 
14773,0.32419 
14774,0.31527 
14775,0.28462 
14776,0.26026 
14777,0.23820 
14778,0.22118 
14779,0.20949 
14780,0.19839 
14781,0.18648 
14782,0.16501 
14783,0.14703 
14784,0.12974 
14785,0.11194 
14786,0.10575 
14787,0.11166 
14788,0.11722 
14789,0.12330 
14790,0.11276 
14791,0.08970 
14792,0.06934 
14793,0.04882 
14794,0.03532 
14795,0.02411 
14796,0.01285 
14797,0.00663 
14798,0.00547 
14799,0.00550 
14800,0.00555 
14801,0.00558 
14802,0.00870 
14803,0.03507 
14804,0.06920 
14805,0.11042 
14806,0.15979 
14807,0.20222 
14808,0.25199 
14809,0.31450 
14810,0.38041 
14811,0.44663 
14812,0.52869 
14813,0.62256 
14814,0.64448 
14815,0.59496 
14816,0.56595 
14817,0.53392 
14818,0.56117 
14819,0.62424 
14820,0.66885 
14821,0.70043 
14822,0.70552 
14823,0.71027 
14824,0.70678 
14825,0.69620 
14826,0.70167 
14827,0.71781 
14828,0.72695 
14829,0.72879 
14830,0.72989 
14831,0.72823 
14832,0.72400 
14833,0.71547 
14834,0.71057 
14835,0.70955 
14836,0.70728 
14837,0.70570 
14838,0.70657 
14839,0.70784 
14840,0.70224 
14841,0.68830 
14842,0.68732 
14843,0.70760 
14844,0.71850 
14845,0.73498 
14846,0.75079 
14847,0.76245 
14848,0.74484 
14849,0.70926 
14850,0.66201 
14851,0.60192 
14852,0.56041 
14853,0.51813 
14854,0.50294 
14855,0.52106 
14856,0.54951 
14857,0.59575 
14858,0.63938 
14859,0.67086 
14860,0.70321 
14861,0.73239 
14862,0.74880 
14863,0.75627 
14864,0.76148 
14865,0.76676 
14866,0.73439 
14867,0.65937 
14868,0.58187 
14869,0.50421 
14870,0.41907 
14871,0.33858 
14872,0.26052 
14873,0.20194 
14874,0.16484 
14875,0.15269 
14876,0.14466 
14877,0.13697 
14878,0.14660 
14879,0.18451 
14880,0.23492 
14881,0.28682 
14882,0.30687 
14883,0.28786 
14884,0.27109 
14885,0.25418 
14886,0.20183 
14887,0.14000 
14888,0.09283 
14889,0.05605 
14890,0.04415 
14891,0.05812 
14892,0.07221 
14893,0.08653 
14894,0.10207 
14895,0.12362 
14896,0.14604 
14897,0.16932 
14898,0.18731 
14899,0.20952 
14900,0.23351 
14901,0.25632 
14902,0.29706 
14903,0.35468 
14904,0.42852 
14905,0.50232 
14906,0.54545 
14907,0.56076 
14908,0.59185 
14909,0.63494 
14910,0.69377 
14911,0.76960 
14912,0.85302 
14913,0.93126 
14914,0.97061 
14915,0.96952 
14916,0.96464 
14917,0.95958 
14918,0.97516 
14919,1.01812 
14920,1.04709 
14921,1.06325 
14922,1.08957 
14923,1.12281 
14924,1.15290 
14925,1.18748 
14926,1.19725 
14927,1.17936 
14928,1.16096 
14929,1.13562 
14930,1.08374 
14931,0.99717 
14932,0.91156 
14933,0.83198 
14934,0.76202 
14935,0.70766 
14936,0.65410 
14937,0.61306 
14938,0.58510 
14939,0.57167 
14940,0.55078 
14941,0.52485 
14942,0.47379 
14943,0.41235 
14944,0.34839 
14945,0.28826 
14946,0.25241 
14947,0.22677 
14948,0.18758 
14949,0.13959 
14950,0.10792 
14951,0.09002 
14952,0.07364 
14953,0.05960 
14954,0.04169 
14955,0.02980 
14956,0.03167 
14957,0.03119 
14958,0.02364 
14959,0.01083 
14960,0.00420 
14961,0.00144 
14962,0.00045 
14963,0.00126 
14964,0.00208 
14965,0.00291 
14966,0.00313 
14967,0.00273 
14968,0.00232 
14969,0.00191 
14970,0.00192 
14971,0.00235 
14972,0.00279 
14973,0.00324 
14974,0.00329 
14975,0.00292 
14976,0.00252 
14977,0.00211 
14978,0.00330 
14979,0.00612 
14980,0.01636 
14981,0.02993 
14982,0.03796 
14983,0.04051 
14984,0.04401 
14985,0.04794 
14986,0.04099 
14987,0.02835 
14988,0.01557 
14989,0.00647 
14990,0.00652 
14991,0.01594 
14992,0.02946 
14993,0.04309 
14994,0.04636 
14995,0.03697 
14996,0.02826 
14997,0.01962 
14998,0.00908 
14999,0.00904 
15000,0.00908 
15001,0.01151 
15002,0.01662 
15003,0.02349 
15004,0.04272 
15005,0.07426 
15006,0.10743 
15007,0.14218 
15008,0.15924 
15009,0.15822 
15010,0.15890 
15011,0.16184 
15012,0.16749 
15013,0.17694 
15014,0.18716 
15015,0.19931 
15016,0.20855 
15017,0.21490 
15018,0.23060 
15019,0.25422 
15020,0.24448 
15021,0.20118 
15022,0.15515 
15023,0.11060 
15024,0.10572 
15025,0.13657 
15026,0.15879 
15027,0.17237 
15028,0.18316 
15029,0.19697 
15030,0.22317 
15031,0.25599 
15032,0.25710 
15033,0.22795 
15034,0.20136 
15035,0.18937 
15036,0.19529 
15037,0.22056 
15038,0.24104 
15039,0.24912 
15040,0.24484 
15041,0.22845 
15042,0.21729 
15043,0.21036 
15044,0.18961 
15045,0.15953 
15046,0.13259 
15047,0.11022 
15048,0.09611 
15049,0.08840 
15050,0.08325 
15051,0.08115 
15052,0.08267 
15053,0.09163 
15054,0.09300 
15055,0.08542 
15056,0.07802 
15057,0.07239 
15058,0.05799 
15059,0.03478 
15060,0.01951 
15061,0.00562 
15062,0.00474 
15063,0.00680 
15064,0.01357 
15065,0.02044 
15066,0.02497 
15067,0.02709 
15068,0.02924 
15069,0.03133 
15070,0.03294 
15071,0.03392 
15072,0.03507 
15073,0.03618 
15074,0.03287 
15075,0.02514 
15076,0.01724 
15077,0.00927 
15078,0.00934 
15079,0.01756 
15080,0.02591 
15081,0.03439 
15082,0.03287 
15083,0.02111 
15084,0.00914 
15085,0.00540 
15086,0.00363 
15087,0.00262 
15088,0.00160 
15089,0.00057 
15090,0.00031 
15091,0.00083 
15092,0.00135 
15093,0.00187 
15094,0.00934 
15095,0.02484 
15096,0.04159 
15097,0.05856 
15098,0.07061 
15099,0.07694 
15100,0.08582 
15101,0.09788 
15102,0.10533 
15103,0.10860 
15104,0.13255 
15105,0.18099 
15106,0.22587 
15107,0.26760 
15108,0.29943 
15109,0.31964 
15110,0.33692 
15111,0.35477 
15112,0.32153 
15113,0.24134 
15114,0.16501 
15115,0.09307 
15116,0.08634 
15117,0.14451 
15118,0.18595 
15119,0.20456 
15120,0.22750 
15121,0.28694 
15122,0.37159 
15123,0.44795 
15124,0.47403 
15125,0.45377 
15126,0.45715 
15127,0.48445 
15128,0.46333 
15129,0.39373 
15130,0.33917 
15131,0.29992 
15132,0.23978 
15133,0.16060 
15134,0.06516 
15135,0.01380 
15136,0.02236 
15137,0.04937 
15138,0.08133 
15139,0.09837 
15140,0.10136 
15141,0.09024 
15142,0.08886 
15143,0.10129 
15144,0.10806 
15145,0.10922 
15146,0.09185 
15147,0.05574 
15148,0.02944 
15149,0.01277 
15150,0.00546 
15151,0.00489 
15152,0.00431 
15153,0.00372 
15154,0.00428 
15155,0.00597 
15156,0.01275 
15157,0.02087 
15158,0.02705 
15159,0.03124 
15160,0.03545 
15161,0.04108 
15162,0.04122 
15163,0.03583 
15164,0.03191 
15165,0.02784 
15166,0.02928 
15167,0.03676 
15168,0.04670 
15169,0.05891 
15170,0.06185 
15171,0.05471 
15172,0.04752 
15173,0.04132 
15174,0.03190 
15175,0.01770 
15176,0.00675 
15177,0.00369 
15178,0.00176 
15179,0.00097 
15180,0.00019 
15181,0.00000 
15182,0.00000 
15183,0.00000 
15184,0.00000 
15185,0.00000 
15186,0.00000 
15187,0.00000 
15188,0.00000 
15189,0.00000 
15190,0.00992 
15191,0.03230 
15192,0.05507 
15193,0.07784 
15194,0.08216 
15195,0.07520 
15196,0.09967 
15197,0.15152 
15198,0.20275 
15199,0.24829 
15200,0.26736 
15201,0.25694 
15202,0.24473 
15203,0.23204 
15204,0.22274 
15205,0.21833 
15206,0.20271 
15207,0.17930 
15208,0.18920 
15209,0.24791 
15210,0.31301 
15211,0.37073 
15212,0.40691 
15213,0.41699 
15214,0.43343 
15215,0.45741 
15216,0.44857 
15217,0.41138 
15218,0.38478 
15219,0.36707 
15220,0.35387 
15221,0.34300 
15222,0.33546 
15223,0.33034 
15224,0.31908 
15225,0.30166 
15226,0.27465 
15227,0.24658 
15228,0.23448 
15229,0.26662 
15230,0.32026 
15231,0.36259 
15232,0.33242 
15233,0.24489 
15234,0.16708 
15235,0.11808 
15236,0.09836 
15237,0.08889 
15238,0.07627 
15239,0.06054 
15240,0.04749 
15241,0.03688 
15242,0.02377 
15243,0.00857 
15244,0.00097 
15245,0.00000 
15246,0.00000 
15247,0.00000 
15248,0.00000 
15249,0.00000 
15250,0.00000 
15251,0.00000 
15252,0.00000 
15253,0.00000 
15254,0.00000 
15255,0.00000 
15256,0.00000 
15257,0.00000 
15258,0.00000 
15259,0.00000 
15260,0.00000 
15261,0.00000 
15262,0.00000 
15263,0.00000 
15264,0.00000 
15265,0.00000 
15266,0.00000 
15267,0.00000 
15268,0.00000 
15269,0.00000 
15270,0.00000 
15271,0.00000 
15272,0.00000 
15273,0.00000 
15274,0.00000 
15275,0.00000 
15276,0.00000 
15277,0.00000 
15278,0.00000 
15279,0.00000 
15280,0.00000 
15281,0.00000 
15282,0.00000 
15283,0.00000 
15284,0.00000 
15285,0.00129 
15286,0.01258 
15287,0.03409 
15288,0.03874 
15289,0.03007 
15290,0.01892 
15291,0.08551 
15292,0.08419 
15293,0.08317 
15294,0.10280 
15295,0.14387 
15296,0.17862 
15297,0.20688 
15298,0.25617 
15299,0.33300 
15300,0.35240 
15301,0.31141 
15302,0.27487 
15303,0.25420 
15304,0.24005 
15305,0.21977 
15306,0.17989 
15307,0.12635 
15308,0.12945 
15309,0.18317 
15310,0.22915 
15311,0.26119 
15312,0.29184 
15313,0.32315 
15314,0.35851 
15315,0.39922 
15316,0.42335 
15317,0.43132 
15318,0.45651 
15319,0.50460 
15320,0.51220 
15321,0.47906 
15322,0.43738 
15323,0.38383 
15324,0.36940 
15325,0.38618 
15326,0.39040 
15327,0.38660 
15328,0.37280 
15329,0.34996 
15330,0.32892 
15331,0.30466 
15332,0.25392 
15333,0.19875 
15334,0.16791 
15335,0.16212 
15336,0.16122 
15337,0.16460 
15338,0.15313 
15339,0.12373 
15340,0.09976 
15341,0.08294 
15342,0.07770 
15343,0.08119 
15344,0.08470 
15345,0.08913 
15346,0.09167 
15347,0.09230 
15348,0.09294 
15349,0.09359 
15350,0.09621 
15351,0.10147 
15352,0.10681 
15353,0.11223 
15354,0.13291 
15355,0.17452 
15356,0.23990 
15357,0.31064 
15358,0.35214 
15359,0.34139 
15360,0.33171 
15361,0.32075 
15362,0.28791 
15363,0.24195 
15364,0.19425 
15365,0.15775 
15366,0.15957 
15367,0.20106 
15368,0.25630 
15369,0.31330 
15370,0.33554 
15371,0.31727 
15372,0.30011 
15373,0.28266 
15374,0.27388 
15375,0.27511 
15376,0.27523 
15377,0.27534 
15378,0.27434 
15379,0.27224 
15380,0.27017 
15381,0.26814 
15382,0.25064 
15383,0.22083 
15384,0.20488 
15385,0.19554 
15386,0.20947 
15387,0.24711 
15388,0.28606 
15389,0.32195 
15390,0.37465 
15391,0.45788 
15392,0.52653 
15393,0.58747 
15394,0.63546 
15395,0.66049 
15396,0.67113 
15397,0.67400 
15398,0.68816 
15399,0.73528 
15400,0.81693 
15401,0.93645 
15402,0.99791 
15403,0.99738 
15404,0.97500 
15405,0.93505 
15406,0.87546 
15407,0.80218 
15408,0.73610 
15409,0.67345 
15410,0.65736 
15411,0.66938 
15412,0.67901 
15413,0.68557 
15414,0.73223 
15415,0.83086 
15416,0.90880 
15417,0.96583 
15418,0.93315 
15419,0.80687 
15420,0.68830 
15421,0.58983 
15422,0.49597 
15423,0.42928 
15424,0.39415 
15425,0.37854 
15426,0.36278 
15427,0.33939 
15428,0.28155 
15429,0.21676 
15430,0.16083 
15431,0.11665 
15432,0.08095 
15433,0.05400 
15434,0.03621 
15435,0.02264 
15436,0.01668 
15437,0.02081 
15438,0.03113 
15439,0.05480 
15440,0.08097 
15441,0.11625 
15442,0.13244 
15443,0.12877 
15444,0.12508 
15445,0.12135 
15446,0.12043 
15447,0.12161 
15448,0.12281 
15449,0.12442 
15450,0.13292 
15451,0.14971 
15452,0.17729 
15453,0.20753 
15454,0.22478 
15455,0.22869 
15456,0.23273 
15457,0.23692 
15458,0.21028 
15459,0.15973 
15460,0.12870 
15461,0.09708 
15462,0.07470 
15463,0.05375 
15464,0.03600 
15465,0.02220 
15466,0.01394 
15467,0.01167 
15468,0.00931 
15469,0.00761 
15470,0.00699 
15471,0.00623 
15472,0.00544 
15473,0.00467 
15474,0.00401 
15475,0.00349 
15476,0.00296 
15477,0.00244 
15478,0.00686 
15479,0.01681 
15480,0.02689 
15481,0.03697 
15482,0.05876 
15483,0.09405 
15484,0.12311 
15485,0.14481 
15486,0.17396 
15487,0.21217 
15488,0.24761 
15489,0.28388 
15490,0.32876 
15491,0.38304 
15492,0.41896 
15493,0.44754 
15494,0.47247 
15495,0.49858 
15496,0.51878 
15497,0.53056 
15498,0.54508 
15499,0.56642 
15500,0.57007 
15501,0.55318 
15502,0.53829 
15503,0.52724 
15504,0.52081 
15505,0.51903 
15506,0.51789 
15507,0.51830 
15508,0.52293 
15509,0.53670 
15510,0.54896 
15511,0.56098 
15512,0.54538 
15513,0.50414 
15514,0.46740 
15515,0.43388 
15516,0.40573 
15517,0.38147 
15518,0.34616 
15519,0.30651 
15520,0.28201 
15521,0.26165 
15522,0.23517 
15523,0.20197 
15524,0.16580 
15525,0.13350 
15526,0.10939 
15527,0.08495 
15528,0.05260 
15529,0.03427 
15530,0.02741 
15531,0.02139 
15532,0.02246 
15533,0.02759 
15534,0.03517 
15535,0.04861 
15536,0.06240 
15537,0.07622 
15538,0.07821 
15539,0.06793 
15540,0.05759 
15541,0.04717 
15542,0.05037 
15543,0.06734 
15544,0.08582 
15545,0.10930 
15546,0.12169 
15547,0.12211 
15548,0.12293 
15549,0.12375 
15550,0.12758 
15551,0.13506 
15552,0.14242 
15553,0.15060 
15554,0.14207 
15555,0.11639 
15556,0.09115 
15557,0.07217 
15558,0.06563 
15559,0.07172 
15560,0.07794 
15561,0.08400 
15562,0.08495 
15563,0.08034 
15564,0.07533 
15565,0.07051 
15566,0.05267 
15567,0.03008 
15568,0.01050 
15569,0.00416 
15570,0.00249 
15571,0.00326 
15572,0.00405 
15573,0.00482 
15574,0.01307 
15575,0.02971 
15576,0.04655 
15577,0.06316 
15578,0.06799 
15579,0.06077 
15580,0.06755 
15581,0.08770 
15582,0.11577 
15583,0.15165 
15584,0.14634 
15585,0.10045 
15586,0.04359 
15587,0.02334 
15588,0.04062 
15589,0.11573 
15590,0.20235 
15591,0.24846 
15592,0.25646 
15593,0.23053 
15594,0.20035 
15595,0.16840 
15596,0.18178 
15597,0.26821 
15598,0.37705 
15599,0.46306 
15600,0.49873 
15601,0.48485 
15602,0.49271 
15603,0.52138 
15604,0.51889 
15605,0.48539 
15606,0.47117 
15607,0.47389 
15608,0.44248 
15609,0.37898 
15610,0.29593 
15611,0.24850 
15612,0.24464 
15613,0.25116 
15614,0.26395 
15615,0.26597 
15616,0.25347 
15617,0.22897 
15618,0.20447 
15619,0.18263 
15620,0.16234 
15621,0.13933 
15622,0.11169 
15623,0.07827 
15624,0.04928 
15625,0.03734 
15626,0.03132 
15627,0.02377 
15628,0.01485 
15629,0.00475 
15630,0.00000 
15631,0.00000 
15632,0.00000 
15633,0.00000 
15634,0.00000 
15635,0.00000 
15636,0.00000 
15637,0.00000 
15638,0.00000 
15639,0.00000 
15640,0.00000 
15641,0.00000 
15642,0.00000 
15643,0.00000 
15644,0.00000 
15645,0.00000 
15646,0.00000 
15647,0.00000 
15648,0.00000 
15649,0.00000 
15650,0.00000 
15651,0.00000 
15652,0.00000 
15653,0.00000 
15654,0.00000 
15655,0.00000 
15656,0.00000 
15657,0.00000 
15658,0.00000 
15659,0.00000 
15660,0.00000 
15661,0.00000 
15662,0.00000 
15663,0.00000 
15664,0.00000 
15665,0.00000 
15666,0.00000 
15667,0.00000 
15668,0.00000 
15669,0.00000 
15670,0.00653 
15671,0.02042 
15672,0.03449 
15673,0.04870 
15674,0.06809 
15675,0.09543 
15676,0.12654 
15677,0.16249 
15678,0.19620 
15679,0.22075 
15680,0.23895 
15681,0.25448 
15682,0.26321 
15683,0.26199 
15684,0.28423 
15685,0.33426 
15686,0.39760 
15687,0.47121 
15688,0.49352 
15689,0.45357 
15690,0.42617 
15691,0.41362 
15692,0.38969 
15693,0.35696 
15694,0.32111 
15695,0.28338 
15696,0.25951 
15697,0.24999 
15698,0.23716 
15699,0.22175 
15700,0.20785 
15701,0.19432 
15702,0.17431 
15703,0.15015 
15704,0.15269 
15705,0.18614 
15706,0.22622 
15707,0.26789 
15708,0.26391 
15709,0.21492 
15710,0.16766 
15711,0.12654 
15712,0.11147 
15713,0.12057 
15714,0.12566 
15715,0.12563 
15716,0.11727 
15717,0.10574 
15718,0.09633 
15719,0.08316 
15720,0.06503 
15721,0.04775 
15722,0.03352 
15723,0.01883 
15724,0.00858 
15725,0.00273 
15726,0.00000 
15727,0.00000 
15728,0.00114 
15729,0.00256 
15730,0.00328 
15731,0.00329 
15732,0.00330 
15733,0.00333 
15734,0.00385 
15735,0.00490 
15736,0.00595 
15737,0.01001 
15738,0.01603 
15739,0.02316 
15740,0.03039 
15741,0.03812 
15742,0.05483 
15743,0.07753 
15744,0.10604 
15745,0.13952 
15746,0.15240 
15747,0.14335 
15748,0.13422 
15749,0.12458 
15750,0.10109 
15751,0.07189 
15752,0.04335 
15753,0.02452 
15754,0.00790 
15755,0.00462 
15756,0.00158 
15757,0.00000 
15758,0.00000 
15759,0.00000 
15760,0.00000 
15761,0.00000 
15762,0.00000 
15763,0.00000 
15764,0.00000 
15765,0.00000 
15766,0.00665 
15767,0.02085 
15768,0.03521 
15769,0.04954 
15770,0.06716 
15771,0.10386 
15772,0.15126 
15773,0.18149 
15774,0.21649 
15775,0.25203 
15776,0.28941 
15777,0.32968 
15778,0.37009 
15779,0.41109 
15780,0.42070 
15781,0.39356 
15782,0.35223 
15783,0.33371 
15784,0.34494 
15785,0.38322 
15786,0.45473 
15787,0.51946 
15788,0.50826 
15789,0.41736 
15790,0.31047 
15791,0.23749 
15792,0.22874 
15793,0.24555 
15794,0.26234 
15795,0.27145 
15796,0.28340 
15797,0.29929 
15798,0.32271 
15799,0.36038 
15800,0.39860 
15801,0.44462 
15802,0.47652 
15803,0.49427 
15804,0.48276 
15805,0.44450 
15806,0.41246 
15807,0.38719 
15808,0.35290 
15809,0.31000 
15810,0.28160 
15811,0.26705 
15812,0.25642 
15813,0.24751 
15814,0.22178 
15815,0.17985 
15816,0.13964 
15817,0.10886 
15818,0.08483 
15819,0.06687 
15820,0.05668 
15821,0.05422 
15822,0.05551 
15823,0.06040 
15824,0.06515 
15825,0.07015 
15826,0.07598 
15827,0.08295 
15828,0.09172 
15829,0.10086 
15830,0.10337 
15831,0.09946 
15832,0.09582 
15833,0.09184 
15834,0.08783 
15835,0.08408 
15836,0.08118 
15837,0.07827 
15838,0.06628 
15839,0.04448 
15840,0.02800 
15841,0.01295 
15842,0.01541 
15843,0.03610 
15844,0.06551 
15845,0.09911 
15846,0.12755 
15847,0.13905 
15848,0.15082 
15849,0.16286 
15850,0.17648 
15851,0.19897 
15852,0.22438 
15853,0.25020 
15854,0.28501 
15855,0.32892 
15856,0.38964 
15857,0.45040 
15858,0.48087 
15859,0.48104 
15860,0.48120 
15861,0.48137 
15862,0.44804 
15863,0.38339 
15864,0.33401 
15865,0.29491 
15866,0.28355 
15867,0.30248 
15868,0.34765 
15869,0.41270 
15870,0.46292 
15871,0.49963 
15872,0.53468 
15873,0.56454 
15874,0.58679 
15875,0.59943 
15876,0.61387 
15877,0.62874 
15878,0.61707 
15879,0.58531 
15880,0.56393 
15881,0.54488 
15882,0.54322 
15883,0.55652 
15884,0.56947 
15885,0.58072 
15886,0.59023 
15887,0.59283 
15888,0.57403 
15889,0.53267 
15890,0.51354 
15891,0.51770 
15892,0.51920 
15893,0.52427 
15894,0.51872 
15895,0.50102 
15896,0.49855 
15897,0.50696 
15898,0.52688 
15899,0.56671 
15900,0.59632 
15901,0.62226 
15902,0.63029 
15903,0.61277 
15904,0.58701 
15905,0.55300 
15906,0.54697 
15907,0.56926 
15908,0.58574 
15909,0.60446 
15910,0.62327 
15911,0.64291 
15912,0.66989 
15913,0.70117 
15914,0.72717 
15915,0.74588 
15916,0.76969 
15917,0.79468 
15918,0.79434 
15919,0.76442 
15920,0.73293 
15921,0.70102 
15922,0.64079 
15923,0.54426 
15924,0.44649 
15925,0.36180 
15926,0.35498 
15927,0.42302 
15928,0.50442 
15929,0.58641 
15930,0.60059 
15931,0.54211 
15932,0.48318 
15933,0.42835 
15934,0.39730 
15935,0.38555 
15936,0.37347 
15937,0.36104 
15938,0.32785 
15939,0.28084 
15940,0.24382 
15941,0.20625 
15942,0.16727 
15943,0.14440 
15944,0.12147 
15945,0.09816 
15946,0.07665 
15947,0.05063 
15948,0.03159 
15949,0.01447 
15950,0.00637 
15951,0.00425 
15952,0.00214 
15953,0.00005 
15954,0.00000 
15955,0.00096 
15956,0.00223 
15957,0.00349 
15958,0.01103 
15959,0.02549 
15960,0.04005 
15961,0.05429 
15962,0.06749 
15963,0.08027 
15964,0.10054 
15965,0.12851 
15966,0.16850 
15967,0.22865 
15968,0.28167 
15969,0.33224 
15970,0.39058 
15971,0.45641 
15972,0.49932 
15973,0.51330 
15974,0.52675 
15975,0.53577 
15976,0.54424 
15977,0.55818 
15978,0.58326 
15979,0.62150 
15980,0.62149 
15981,0.57974 
15982,0.54351 
15983,0.51363 
15984,0.50695 
15985,0.52121 
15986,0.52832 
15987,0.52748 
15988,0.51813 
15989,0.49964 
15990,0.48696 
15991,0.48118 
15992,0.44948 
15993,0.39276 
15994,0.32866 
15995,0.28026 
15996,0.26450 
15997,0.29051 
15998,0.33533 
15999,0.36586 
16000,0.35352 
16001,0.30891 
16002,0.26881 
16003,0.23206 
16004,0.18828 
16005,0.14537 
16006,0.11256 
16007,0.08628 
16008,0.06572 
16009,0.04943 
16010,0.03111 
16011,0.01024 
16012,0.00000 
16013,0.00000 
16014,0.00000 
16015,0.00000 
16016,0.00113 
16017,0.00254 
16018,0.00245 
16019,0.00085 
16020,0.00000 
16021,0.00000 
16022,0.00000 
16023,0.00000 
16024,0.00000 
16025,0.00000 
16026,0.00000 
16027,0.00000 
16028,0.00000 
16029,0.00000 
16030,0.00000 
16031,0.00016 
16032,0.00083 
16033,0.00151 
16034,0.00152 
16035,0.00085 
16036,0.00016 
16037,0.00000 
16038,0.00000 
16039,0.00000 
16040,0.00000 
16041,0.00000 
16042,0.00000 
16043,0.00000 
16044,0.00000 
16045,0.00000 
16046,0.00000 
16047,0.00000 
16048,0.00000 
16049,0.00000 
16050,0.00000 
16051,0.00000 
16052,0.00000 
16053,0.00000 
16054,0.00000 
16055,0.00199 
16056,0.00336 
16057,0.00471 
16058,0.00939 
16059,0.01765 
16060,0.03807 
16061,0.07101 
16062,0.10807 
16063,0.15044 
16064,0.16717 
16065,0.15677 
16066,0.15130 
16067,0.15074 
16068,0.15514 
16069,0.16341 
16070,0.16384 
16071,0.16884 
16072,0.18388 
16073,0.21778 
16074,0.25629 
16075,0.30017 
16076,0.31496 
16077,0.30098 
16078,0.29043 
16079,0.28414 
16080,0.29179 
16081,0.31536 
16082,0.33306 
16083,0.34262 
16084,0.36170 
16085,0.38986 
16086,0.43504 
16087,0.49936 
16088,0.48385 
16089,0.38982 
16090,0.29436 
16091,0.23502 
16092,0.21949 
16093,0.20684 
16094,0.18608 
16095,0.16366 
16096,0.15017 
16097,0.14096 
16098,0.12824 
16099,0.13037 
16100,0.11628 
16101,0.10464 
16102,0.09581 
16103,0.08773 
16104,0.07319 
16105,0.05688 
16106,0.04518 
16107,0.03811 
16108,0.03137 
16109,0.02511 
16110,0.02009 
16111,0.01564 
16112,0.01113 
16113,0.00656 
16114,0.01080 
16115,0.02400 
16116,0.03918 
16117,0.05998 
16118,0.07225 
16119,0.07593 
16120,0.07944 
16121,0.08384 
16122,0.10248 
16123,0.13482 
16124,0.18555 
16125,0.24501 
16126,0.27184 
16127,0.26002 
16128,0.24888 
16129,0.23810 
16130,0.23214 
16131,0.23384 
16132,0.23474 
16133,0.23564 
16134,0.22218 
16135,0.19388 
16136,0.16670 
16137,0.15174 
16138,0.14161 
16139,0.13714 
16140,0.13263 
16141,0.12856 
16142,0.11201 
16143,0.08839 
16144,0.06803 
16145,0.04733 
16146,0.04198 
16147,0.04849 
16148,0.05608 
16149,0.06368 
16150,0.07551 
16151,0.09259 
16152,0.10988 
16153,0.12728 
16154,0.14940 
16155,0.17370 
16156,0.20213 
16157,0.24484 
16158,0.29147 
16159,0.33472 
16160,0.36963 
16161,0.39387 
16162,0.43323 
16163,0.48662 
16164,0.52832 
16165,0.54819 
16166,0.57010 
16167,0.58836 
16168,0.61443 
16169,0.64778 
16170,0.67946 
16171,0.70882 
16172,0.71778 
16173,0.70289 
16174,0.70336 
16175,0.71897 
16176,0.73988 
16177,0.76811 
16178,0.77061 
16179,0.75002 
16180,0.71741 
16181,0.68328 
16182,0.66441 
16183,0.65845 
16184,0.64195 
16185,0.61600 
16186,0.60514 
16187,0.62802 
16188,0.66125 
16189,0.71535 
16190,0.74606 
16191,0.74673 
16192,0.74705 
16193,0.74591 
16194,0.70080 
16195,0.61208 
16196,0.52254 
16197,0.43719 
16198,0.37166 
16199,0.32054 
16200,0.27420 
16201,0.23505 
16202,0.21203 
16203,0.19667 
16204,0.17967 
16205,0.16118 
16206,0.15264 
16207,0.15358 
16208,0.15452 
16209,0.15501 
16210,0.14866 
16211,0.13631 
16212,0.12862 
16213,0.12089 
16214,0.12843 
16215,0.15987 
16216,0.20191 
16217,0.24374 
16218,0.24529 
16219,0.20453 
16220,0.16402 
16221,0.13304 
16222,0.13005 
16223,0.14785 
16224,0.17735 
16225,0.20896 
16226,0.23460 
16227,0.25201 
16228,0.26953 
16229,0.28837 
16230,0.29136 
16231,0.27611 
16232,0.26270 
16233,0.24800 
16234,0.26840 
16235,0.33220 
16236,0.40988 
16237,0.48689 
16238,0.50237 
16239,0.45236 
16240,0.40310 
16241,0.35347 
16242,0.29324 
16243,0.23290 
16244,0.17367 
16245,0.14015 
16246,0.13025 
16247,0.14501 
16248,0.16001 
16249,0.17525 
16250,0.17943 
16251,0.17460 
16252,0.18928 
16253,0.21710 
16254,0.25819 
16255,0.31440 
16256,0.36801 
16257,0.41349 
16258,0.44593 
16259,0.46505 
16260,0.48095 
16261,0.49465 
16262,0.51510 
16263,0.53600 
16264,0.55414 
16265,0.56613 
16266,0.57895 
16267,0.59461 
16268,0.60295 
16269,0.60163 
16270,0.60404 
16271,0.61361 
16272,0.62092 
16273,0.62987 
16274,0.62921 
16275,0.62246 
16276,0.60971 
16277,0.59424 
16278,0.57463 
16279,0.55274 
16280,0.52541 
16281,0.49462 
16282,0.47523 
16283,0.46190 
16284,0.43807 
16285,0.39816 
16286,0.36891 
16287,0.34605 
16288,0.31790 
16289,0.28853 
16290,0.26687 
16291,0.24809 
16292,0.22464 
16293,0.19557 
16294,0.17823 
16295,0.17547 
16296,0.17221 
16297,0.17127 
16298,0.15329 
16299,0.12461 
16300,0.11368 
16301,0.10143 
16302,0.08816 
16303,0.07496 
16304,0.06549 
16305,0.05574 
16306,0.04964 
16307,0.04694 
16308,0.04421 
16309,0.04147 
16310,0.03725 
16311,0.03237 
16312,0.02872 
16313,0.02505 
16314,0.02751 
16315,0.03739 
16316,0.05130 
16317,0.06547 
16318,0.06634 
16319,0.05353 
16320,0.04008 
16321,0.03038 
16322,0.02701 
16323,0.02924 
16324,0.03138 
16325,0.03363 
16326,0.03496 
16327,0.03547 
16328,0.03599 
16329,0.03653 
16330,0.03004 
16331,0.01660 
16332,0.00628 
16333,0.00342 
16334,0.00235 
16335,0.00307 
16336,0.00382 
16337,0.00457 
16338,0.00689 
16339,0.02398 
16340,0.04292 
16341,0.07204 
16342,0.08528 
16343,0.08378 
16344,0.08276 
16345,0.08652 
16346,0.09833 
16347,0.11626 
16348,0.14029 
16349,0.17190 
16350,0.19924 
16351,0.22148 
16352,0.24087 
16353,0.25655 
16354,0.28119 
16355,0.31161 
16356,0.32936 
16357,0.33105 
16358,0.32746 
16359,0.32636 
16360,0.33495 
16361,0.35221 
16362,0.37364 
16363,0.39668 
16364,0.40511 
16365,0.39801 
16366,0.40168 
16367,0.41715 
16368,0.41115 
16369,0.38178 
16370,0.35573 
16371,0.33042 
16372,0.30045 
16373,0.26530 
16374,0.23001 
16375,0.19445 
16376,0.18940 
16377,0.21402 
16378,0.22848 
16379,0.23278 
16380,0.22571 
16381,0.20804 
16382,0.19445 
16383,0.18623 
16384,0.18792 
16385,0.19496 
16386,0.18989 
16387,0.17386 
16388,0.15983 
16389,0.14194 
16390,0.12007 
16391,0.09339 
16392,0.06234 
16393,0.04318 
16394,0.03244 
16395,0.02153 
16396,0.01195 
16397,0.00381 
16398,0.00157 
16399,0.00466 
16400,0.01536 
16401,0.03038 
16402,0.04698 
16403,0.06018 
16404,0.07340 
16405,0.09013 
16406,0.10355 
16407,0.11201 
16408,0.12091 
16409,0.12952 
16410,0.15444 
16411,0.20713 
16412,0.26274 
16413,0.33699 
16414,0.39445 
16415,0.43960 
16416,0.49043 
16417,0.54557 
16418,0.56388 
16419,0.54304 
16420,0.52399 
16421,0.50479 
16422,0.47477 
16423,0.44202 
16424,0.41083 
16425,0.37758 
16426,0.32365 
16427,0.26129 
16428,0.20541 
16429,0.15905 
16430,0.12094 
16431,0.08196 
16432,0.04909 
16433,0.02564 
16434,0.01495 
16435,0.01490 
16436,0.01490 
16437,0.01485 
16438,0.02544 
16439,0.04721 
16440,0.06916 
16441,0.09158 
16442,0.10980 
16443,0.12823 
16444,0.12779 
16445,0.10899 
16446,0.09669 
16447,0.09007 
16448,0.11104 
16449,0.15296 
16450,0.18824 
16451,0.22009 
16452,0.25570 
16453,0.29319 
16454,0.35426 
16455,0.43968 
16456,0.47752 
16457,0.46537 
16458,0.45605 
16459,0.45387 
16460,0.45953 
16461,0.47363 
16462,0.49230 
16463,0.51283 
16464,0.49752 
16465,0.44492 
16466,0.39985 
16467,0.36478 
16468,0.35362 
16469,0.36405 
16470,0.37473 
16471,0.38502 
16472,0.37983 
16473,0.35683 
16474,0.34045 
16475,0.33146 
16476,0.30621 
16477,0.26581 
16478,0.22743 
16479,0.18994 
16480,0.17206 
16481,0.16998 
16482,0.16704 
16483,0.16291 
16484,0.14018 
16485,0.10556 
16486,0.07846 
16487,0.05513 
16488,0.04126 
16489,0.03668 
16490,0.02988 
16491,0.02066 
16492,0.01193 
16493,0.00379 
16494,0.00000 
16495,0.00000 
16496,0.00000 
16497,0.00093 
16498,0.00369 
16499,0.01518 
16500,0.03562 
16501,0.06687 
16502,0.07775 
16503,0.06753 
16504,0.05725 
16505,0.04689 
16506,0.03258 
16507,0.01912 
16508,0.00600 
16509,0.00313 
16510,0.00245 
16511,0.00401 
16512,0.00566 
16513,0.00977 
16514,0.00718 
16515,0.00418 
16516,0.00143 
16517,0.00000 
16518,0.00000 
16519,0.00000 
16520,0.00135 
16521,0.00304 
16522,0.00561 
16523,0.01579 
16524,0.03232 
16525,0.05268 
16526,0.06399 
16527,0.06031 
16528,0.05662 
16529,0.05294 
16530,0.05965 
16531,0.07640 
16532,0.09316 
16533,0.11446 
16534,0.12768 
16535,0.13145 
16536,0.13532 
16537,0.13974 
16538,0.13557 
16539,0.12411 
16540,0.11901 
16541,0.11926 
16542,0.14247 
16543,0.18771 
16544,0.25673 
16545,0.32739 
16546,0.33049 
16547,0.25828 
16548,0.20408 
16549,0.16919 
16550,0.14627 
16551,0.12233 
16552,0.10394 
16553,0.08693 
16554,0.08318 
16555,0.08642 
16556,0.08381 
16557,0.07521 
16558,0.06963 
16559,0.06526 
16560,0.07107 
16561,0.08589 
16562,0.10423 
16563,0.12613 
16564,0.13953 
16565,0.14772 
16566,0.15763 
16567,0.16850 
16568,0.15760 
16569,0.12458 
16570,0.08697 
16571,0.04969 
16572,0.02811 
16573,0.02481 
16574,0.02260 
16575,0.01708 
16576,0.02340 
16577,0.03709 
16578,0.04740 
16579,0.05430 
16580,0.05462 
16581,0.04821 
16582,0.04260 
16583,0.03744 
16584,0.03134 
16585,0.02432 
16586,0.01804 
16587,0.01689 
16588,0.01985 
16589,0.02205 
16590,0.01594 
16591,0.00491 
16592,0.00167 
16593,0.00000 
16594,0.00000 
16595,0.00000 
16596,0.00000 
16597,0.00000 
16598,0.00000 
16599,0.00000 
16600,0.00000 
16601,0.00000 
16602,0.00000 
16603,0.00000 
16604,0.00079 
16605,0.00314 
16606,0.00437 
16607,0.00445 
16608,0.00454 
16609,0.00463 
16610,0.00341 
16611,0.00087 
16612,0.00000 
16613,0.00000 
16614,0.00000 
16615,0.00000 
16616,0.00000 
16617,0.00000 
16618,0.00000 
16619,0.00000 
16620,0.00000 
16621,0.00000 
16622,0.00000 
16623,0.00000 
16624,0.00000 
16625,0.00000 
16626,0.00000 
16627,0.00000 
16628,0.00000 
16629,0.00000 
16630,0.00582 
16631,0.01813 
16632,0.03052 
16633,0.04281 
16634,0.06248 
16635,0.09127 
16636,0.11408 
16637,0.13192 
16638,0.17106 
16639,0.24433 
16640,0.29725 
16641,0.30603 
16642,0.31886 
16643,0.34143 
16644,0.35011 
16645,0.34223 
16646,0.31684 
16647,0.29974 
16648,0.30800 
16649,0.34958 
16650,0.41426 
16651,0.46134 
16652,0.48727 
16653,0.49245 
16654,0.50563 
16655,0.52816 
16656,0.53353 
16657,0.52359 
16658,0.52737 
16659,0.54447 
16660,0.52679 
16661,0.47532 
16662,0.43007 
16663,0.38934 
16664,0.37520 
16665,0.38734 
16666,0.39011 
16667,0.38425 
16668,0.37370 
16669,0.35773 
16670,0.34450 
16671,0.33750 
16672,0.30526 
16673,0.25452 
16674,0.20199 
16675,0.16579 
16676,0.14459 
16677,0.13112 
16678,0.11714 
16679,0.09088 
16680,0.06215 
16681,0.04480 
16682,0.03394 
16683,0.02275 
16684,0.01276 
16685,0.00405 
16686,0.00000 
16687,0.00000 
16688,0.00000 
16689,0.00000 
16690,0.00000 
16691,0.00000 
16692,0.00000 
16693,0.00000 
16694,0.00000 
16695,0.00000 
16696,0.00000 
16697,0.00000 
16698,0.00000 
16699,0.00000 
16700,0.00000 
16701,0.00000 
16702,0.00000 
16703,0.00000 
16704,0.00000 
16705,0.00000 
16706,0.00000 
16707,0.00000 
16708,0.00000 
16709,0.00000 
16710,0.00089 
16711,0.00452 
16712,0.01170 
16713,0.02933 
16714,0.03736 
16715,0.03553 
16716,0.03352 
16717,0.03159 
16718,0.02873 
16719,0.02491 
16720,0.02111 
16721,0.01733 
16722,0.01420 
16723,0.01171 
16724,0.00923 
16725,0.00743 
16726,0.01393 
16727,0.02825 
16728,0.04256 
16729,0.05667 
16730,0.06441 
16731,0.06882 
16732,0.08549 
16733,0.11476 
16734,0.13650 
16735,0.14979 
16736,0.14854 
16737,0.13309 
16738,0.11444 
16739,0.09305 
16740,0.10620 
16741,0.15373 
16742,0.20231 
16743,0.25111 
16744,0.27469 
16745,0.27457 
16746,0.28160 
16747,0.29398 
16748,0.28173 
16749,0.24746 
16750,0.21096 
16751,0.17813 
16752,0.16923 
16753,0.17980 
16754,0.19013 
16755,0.20024 
16756,0.19804 
16757,0.18397 
16758,0.17154 
16759,0.16064 
16760,0.15323 
16761,0.14898 
16762,0.14157 
16763,0.13190 
16764,0.13647 
16765,0.16631 
16766,0.19410 
16767,0.21663 
16768,0.19784 
16769,0.14545 
16770,0.10175 
16771,0.06552 
16772,0.04586 
16773,0.04135 
16774,0.03109 
16775,0.01536 
16776,0.00953 
16777,0.01220 
16778,0.01397 
16779,0.01485 
16780,0.01137 
16781,0.00362 
16782,0.00000 
16783,0.00000 
16784,0.00000 
16785,0.00000 
16786,0.00000 
16787,0.00000 
16788,0.00000 
16789,0.00000 
16790,0.00000 
16791,0.00000 
16792,0.00000 
16793,0.00000 
16794,0.00000 
16795,0.00000 
16796,0.00000 
16797,0.00000 
16798,0.00000 
16799,0.00000 
16800,0.00000 
16801,0.00000 
16802,0.00000 
16803,0.00000 
16804,0.00000 
16805,0.00124 
16806,0.00233 
16807,0.00307 
16808,0.00383 
16809,0.00460 
16810,0.00550 
16811,0.00654 
16812,0.00789 
16813,0.01279 
16814,0.01284 
16815,0.00802 
16816,0.00670 
16817,0.00570 
16818,0.00480 
16819,0.00403 
16820,0.00326 
16821,0.00249 
16822,0.00446 
16823,0.00955 
16824,0.01474 
16825,0.01995 
16826,0.02280 
16827,0.02327 
16828,0.02941 
16829,0.04139 
16830,0.04389 
16831,0.03694 
16832,0.05907 
16833,0.11050 
16834,0.17698 
16835,0.25940 
16836,0.27720 
16837,0.22237 
16838,0.17206 
16839,0.13076 
16840,0.12801 
16841,0.16348 
16842,0.19685 
16843,0.22174 
16844,0.23723 
16845,0.24203 
16846,0.24968 
16847,0.25994 
16848,0.26967 
16849,0.27967 
16850,0.30045 
16851,0.33325 
16852,0.32127 
16853,0.26535 
16854,0.20851 
16855,0.15024 
16856,0.14664 
16857,0.19694 
16858,0.24788 
16859,0.29953 
16860,0.29189 
16861,0.22860 
16862,0.17008 
16863,0.12809 
16864,0.10861 
16865,0.10274 
16866,0.09170 
16867,0.08096 
16868,0.08324 
16869,0.09547 
16870,0.09758 
16871,0.08985 
16872,0.07201 
16873,0.04764 
16874,0.02975 
16875,0.01354 
16876,0.00466 
16877,0.00259 
16878,0.00053 
16879,0.00000 
16880,0.00000 
16881,0.00000 
16882,0.00000 
16883,0.00000 
16884,0.00000 
16885,0.00000 
16886,0.00000 
16887,0.00000 
16888,0.00000 
16889,0.00000 
16890,0.00000 
16891,0.00000 
16892,0.00000 
16893,0.00000 
16894,0.00000 
16895,0.00000 
16896,0.00000 
16897,0.00000 
16898,0.00000 
16899,0.00000 
16900,0.00000 
16901,0.00000 
16902,0.00000 
16903,0.00000 
16904,0.00000 
16905,0.00000 
16906,0.00000 
16907,0.00000 
16908,0.00000 
16909,0.00000 
16910,0.00068 
16911,0.00195 
16912,0.00323 
16913,0.00454 
16914,0.00570 
16915,0.00673 
16916,0.00807 
16917,0.01298 
16918,0.01440 
16919,0.01995 
16920,0.02742 
16921,0.03492 
16922,0.04192 
16923,0.04819 
16924,0.06909 
16925,0.10408 
16926,0.14132 
16927,0.18366 
16928,0.22075 
16929,0.25154 
16930,0.26412 
16931,0.25272 
16932,0.26080 
16933,0.29300 
16934,0.33197 
16935,0.37412 
16936,0.38392 
16937,0.35599 
16938,0.33062 
16939,0.30618 
16940,0.30176 
16941,0.31673 
16942,0.32665 
16943,0.33225 
16944,0.33857 
16945,0.34641 
16946,0.36306 
16947,0.38623 
16948,0.38011 
16949,0.34657 
16950,0.32270 
16951,0.31144 
16952,0.30545 
16953,0.30255 
16954,0.28978 
16955,0.26626 
16956,0.25147 
16957,0.24250 
16958,0.23363 
16959,0.22479 
16960,0.21042 
16961,0.19081 
16962,0.17410 
16963,0.16003 
16964,0.14758 
16965,0.13384 
16966,0.11377 
16967,0.09100 
16968,0.07139 
16969,0.05576 
16970,0.04189 
16971,0.02876 
16972,0.01681 
16973,0.00536 
16974,0.00000 
16975,0.00000 
16976,0.00000 
16977,0.00000 
16978,0.00000 
16979,0.00000 
16980,0.00000 
16981,0.00065 
16982,0.00239 
16983,0.00383 
16984,0.00529 
16985,0.00894 
16986,0.01494 
16987,0.02003 
16988,0.02519 
16989,0.03042 
16990,0.02715 
16991,0.01519 
16992,0.00582 
16993,0.00322 
16994,0.00188 
16995,0.00189 
16996,0.00190 
16997,0.00190 
16998,0.00110 
16999,0.00000 
17000,0.00000 
17001,0.00000 
17002,0.00000 
17003,0.00000 
17004,0.00000 
17005,0.00000 
17006,0.00000 
17007,0.00000 
17008,0.00000 
17009,0.00132 
17010,0.00233 
17011,0.00284 
17012,0.00335 
17013,0.00385 
17014,0.00965 
17015,0.02212 
17016,0.03733 
17017,0.05251 
17018,0.06662 
17019,0.08270 
17020,0.11688 
17021,0.15708 
17022,0.18450 
17023,0.19815 
17024,0.21734 
17025,0.25417 
17026,0.29632 
17027,0.33883 
17028,0.35706 
17029,0.34328 
17030,0.33484 
17031,0.33022 
17032,0.33127 
17033,0.34002 
17034,0.35055 
17035,0.36210 
17036,0.35878 
17037,0.33703 
17038,0.31444 
17039,0.29063 
17040,0.27988 
17041,0.28177 
17042,0.28324 
17043,0.28726 
17044,0.29000 
17045,0.29218 
17046,0.29778 
17047,0.30665 
17048,0.28516 
17049,0.23072 
17050,0.17209 
17051,0.12444 
17052,0.11396 
17053,0.13715 
17054,0.15435 
17055,0.16569 
17056,0.16634 
17057,0.16670 
17058,0.17658 
17059,0.18384 
17060,0.16899 
17061,0.13841 
17062,0.11561 
17063,0.09892 
17064,0.09080 
17065,0.08521 
17066,0.07419 
17067,0.05202 
17068,0.03674 
17069,0.02726 
17070,0.01808 
17071,0.00890 
17072,0.00455 
17073,0.00261 
17074,0.00074 
17075,0.00000 
17076,0.00000 
17077,0.00000 
17078,0.00000 
17079,0.00000 
17080,0.00045 
17081,0.00290 
17082,0.00456 
17083,0.00541 
17084,0.00650 
17085,0.01049 
17086,0.01163 
17087,0.00981 
17088,0.00792 
17089,0.00653 
17090,0.00637 
17091,0.00639 
17092,0.00639 
17093,0.00642 
17094,0.00646 
17095,0.00655 
17096,0.00665 
17097,0.00674 
17098,0.00703 
17099,0.00877 
17100,0.01116 
17101,0.01360 
17102,0.01188 
17103,0.00712 
17104,0.00588 
17105,0.00466 
17106,0.00503 
17107,0.00703 
17108,0.01495 
17109,0.02447 
17110,0.03554 
17111,0.04946 
17112,0.04787 
17113,0.03092 
17114,0.02516 
17115,0.08620 
17116,0.10272 
17117,0.12236 
17118,0.15433 
17119,0.20170 
17120,0.23439 
17121,0.25105 
17122,0.26950 
17123,0.29649 
17124,0.30897 
17125,0.30453 
17126,0.31392 
17127,0.35085 
17128,0.43172 
17129,0.55496 
17130,0.60418 
17131,0.57891 
17132,0.54790 
17133,0.50414 
17134,0.46759 
17135,0.44631 
17136,0.44660 
17137,0.46793 
17138,0.50718 
17139,0.55508 
17140,0.54831 
17141,0.49197 
17142,0.45686 
17143,0.44069 
17144,0.42031 
17145,0.39851 
17146,0.38210 
17147,0.37249 
17148,0.37013 
17149,0.36849 
17150,0.37750 
17151,0.40377 
17152,0.44713 
17153,0.50103 
17154,0.52203 
17155,0.49296 
17156,0.44211 
17157,0.37911 
17158,0.34507 
17159,0.33421 
17160,0.33668 
17161,0.35236 
17162,0.37943 
17163,0.42430 
17164,0.47006 
17165,0.51433 
17166,0.55533 
17167,0.59329 
17168,0.63194 
17169,0.67129 
17170,0.68480 
17171,0.67585 
17172,0.66492 
17173,0.65587 
17174,0.64111 
17175,0.62058 
17176,0.60165 
17177,0.58248 
17178,0.53145 
17179,0.44997 
17180,0.37246 
17181,0.30329 
17182,0.25308 
17183,0.23035 
17184,0.20687 
17185,0.18319 
17186,0.17050 
17187,0.17117 
17188,0.17129 
17189,0.17140 
17190,0.21518 
17191,0.31460 
17192,0.44123 
17193,0.59205 
17194,0.59142 
17195,0.43650 
17196,0.30101 
17197,0.20101 
17198,0.16114 
17199,0.16672 
17200,0.17555 
17201,0.18521 
17202,0.18980 
17203,0.18925 
17204,0.18938 
17205,0.18951 
17206,0.18083 
17207,0.17371 
17208,0.17022 
17209,0.16699 
17210,0.17466 
17211,0.20011 
17212,0.22977 
17213,0.25259 
17214,0.27045 
17215,0.28827 
17216,0.30129 
17217,0.31434 
17218,0.33735 
17219,0.36375 
17220,0.38658 
17221,0.40914 
17222,0.45068 
17223,0.50522 
17224,0.55016 
17225,0.58402 
17226,0.62593 
17227,0.68895 
17228,0.73704 
17229,0.76712 
17230,0.80332 
17231,0.83510 
17232,0.85973 
17233,0.87960 
17234,0.85351 
17235,0.78279 
17236,0.72421 
17237,0.67506 
17238,0.60780 
17239,0.54122 
17240,0.48262 
17241,0.43824 
17242,0.40324 
17243,0.37520 
17244,0.36509 
17245,0.36887 
17246,0.37252 
17247,0.37658 
17248,0.34058 
17249,0.28089 
17250,0.23481 
17251,0.20073 
17252,0.17408 
17253,0.14903 
17254,0.13243 
17255,0.13354 
17256,0.13797 
17257,0.15260 
17258,0.14763 
17259,0.12196 
17260,0.10071 
17261,0.08359 
17262,0.06715 
17263,0.05287 
17264,0.03823 
17265,0.02647 
17266,0.02442 
17267,0.02991 
17268,0.03708 
17269,0.04573 
17270,0.05503 
17271,0.06509 
17272,0.07524 
17273,0.08909 
17274,0.08378 
17275,0.06348 
17276,0.04505 
17277,0.02914 
17278,0.02618 
17279,0.03256 
17280,0.04113 
17281,0.05138 
17282,0.06984 
17283,0.09965 
17284,0.13572 
17285,0.18780 
17286,0.22966 
17287,0.24926 
17288,0.26850 
17289,0.29032 
17290,0.27305 
17291,0.22004 
17292,0.16588 
17293,0.13585 
17294,0.14981 
17295,0.24044 
17296,0.36359 
17297,0.51692 
17298,0.60388 
17299,0.60202 
17300,0.59808 
17301,0.59626 
17302,0.61139 
17303,0.64144 
17304,0.67287 
17305,0.70084 
17306,0.69997 
17307,0.67046 
17308,0.64321 
17309,0.62174 
17310,0.59332 
17311,0.56814 
17312,0.54848 
17313,0.54018 
17314,0.58429 
17315,0.68030 
17316,0.74548 
17317,0.77436 
17318,0.81668 
17319,0.86741 
17320,0.93423 
17321,1.01966 
17322,1.08220 
17323,1.12623 
17324,1.16972 
17325,1.21826 
17326,1.29023 
17327,1.38610 
17328,1.46777 
17329,1.52345 
17330,1.57962 
17331,1.62426 
17332,1.64286 
17333,1.63202 
17334,1.60396 
17335,1.54483 
17336,1.46586 
17337,1.35909 
17338,1.30598 
17339,1.31080 
17340,1.29729 
17341,1.27254 
17342,1.26580 
17343,1.28109 
17344,1.27813 
17345,1.26874 
17346,1.23141 
17347,1.15724 
17348,1.07118 
17349,0.97868 
17350,0.90042 
17351,0.83657 
17352,0.77798 
17353,0.71680 
17354,0.71590 
17355,0.77060 
17356,0.82967 
17357,0.88812 
17358,0.94097 
17359,0.98167 
17360,1.01585 
17361,1.04771 
17362,1.05381 
17363,1.03083 
17364,1.00770 
17365,0.97716 
17366,0.94415 
17367,0.91854 
17368,0.89248 
17369,0.86223 
17370,0.83901 
17371,0.82573 
17372,0.80980 
17373,0.79367 
17374,0.80583 
17375,0.84794 
17376,0.88937 
17377,0.93571 
17378,0.93367 
17379,0.88088 
17380,0.82223 
17381,0.76208 
17382,0.76727 
17383,0.84202 
17384,0.91456 
17385,0.98612 
17386,1.01494 
17387,1.00687 
17388,0.99507 
17389,0.98663 
17390,0.97098 
17391,0.95181 
17392,0.92928 
17393,0.90920 
17394,0.91662 
17395,0.94832 
17396,0.97957 
17397,1.01040 
17398,0.96827 
17399,0.84506 
17400,0.72096 
17401,0.59405 
17402,0.52225 
17403,0.51865 
17404,0.53517 
17405,0.56881 
17406,0.59679 
17407,0.58205 
17408,0.59234 
17409,0.65600 
17410,0.69393 
17411,0.70179 
17412,0.68866 
17413,0.65607 
17414,0.62458 
17415,0.59201 
17416,0.57947 
17417,0.59615 
17418,0.62031 
17419,0.64324 
17420,0.65503 
17421,0.65823 
17422,0.67512 
17423,0.70769 
17424,0.73180 
17425,0.74113 
17426,0.77454 
17427,0.84851 
17428,0.91687 
17429,0.98959 
17430,1.01084 
17431,0.98246 
17432,0.93784 
17433,0.87335 
17434,0.79865 
17435,0.72373 
17436,0.65475 
17437,0.58466 
17438,0.53243 
17439,0.49874 
17440,0.48104 
17441,0.47536 
17442,0.48557 
17443,0.51520 
17444,0.53314 
17445,0.53990 
17446,0.51656 
17447,0.45536 
17448,0.39922 
17449,0.34978 
17450,0.28231 
17451,0.21163 
17452,0.14957 
17453,0.11064 
17454,0.08267 
17455,0.06400 
17456,0.04744 
17457,0.03140 
17458,0.02839 
17459,0.03306 
17460,0.04017 
17461,0.04747 
17462,0.05136 
17463,0.05183 
17464,0.05215 
17465,0.05263 
17466,0.05296 
17467,0.05313 
17468,0.05330 
17469,0.05347 
17470,0.05965 
17471,0.07191 
17472,0.08501 
17473,0.10304 
17474,0.11737 
17475,0.12694 
17476,0.13658 
17477,0.14629 
17478,0.15777 
17479,0.17901 
17480,0.20239 
17481,0.22628 
17482,0.26510 
17483,0.32694 
17484,0.40341 
17485,0.47925 
17486,0.52459 
17487,0.52652 
17488,0.52847 
17489,0.52847 
17490,0.47068 
17491,0.36518 
17492,0.27184 
17493,0.19573 
17494,0.17559 
17495,0.20687 
17496,0.23959 
17497,0.27177 
17498,0.30739 
17499,0.35439 
17500,0.39820 
17501,0.41256 
17502,0.42972 
17503,0.46293 
17504,0.48397 
17505,0.49882 
17506,0.46249 
17507,0.39039 
17508,0.35512 
17509,0.34915 
17510,0.39222 
17511,0.47881 
17512,0.50596 
17513,0.47379 
17514,0.41669 
17515,0.34426 
17516,0.31502 
17517,0.32159 
17518,0.35774 
17519,0.41968 
17520,0.45284 
17521,0.46545 
17522,0.42749 
17523,0.34011 
17524,0.30274 
17525,0.31006 
17526,0.31927 
17527,0.32918 
17528,0.35011 
17529,0.37815 
17530,0.42743 
17531,0.49662 
17532,0.49525 
17533,0.43406 
17534,0.38902 
17535,0.37560 
17536,0.38259 
17537,0.40543 
17538,0.39767 
17539,0.35951 
17540,0.31329 
17541,0.25957 
17542,0.22143 
17543,0.18834 
17544,0.16012 
17545,0.13553 
17546,0.12404 
17547,0.12511 
17548,0.12981 
17549,0.13913 
17550,0.16629 
17551,0.19930 
17552,0.23273 
17553,0.27626 
17554,0.30500 
17555,0.31714 
17556,0.32844 
17557,0.33981 
17558,0.35641 
17559,0.37712 
17560,0.39784 
17561,0.42162 
17562,0.41685 
17563,0.38643 
17564,0.35760 
17565,0.32839 
17566,0.27133 
17567,0.20701 
17568,0.14694 
17569,0.11183 
17570,0.09064 
17571,0.08506 
17572,0.08037 
17573,0.07564 
17574,0.08294 
17575,0.10702 
17576,0.13414 
17577,0.16244 
17578,0.18594 
17579,0.18734 
17580,0.18877 
17581,0.19021 
17582,0.19099 
17583,0.19177 
17584,0.19256 
17585,0.19336 
17586,0.22831 
17587,0.29784 
17588,0.38871 
17589,0.48649 
17590,0.51137 
17591,0.46341 
17592,0.41897 
17593,0.37410 
17594,0.34239 
17595,0.31767 
17596,0.29476 
17597,0.29345 
17598,0.31708 
17599,0.35759 
17600,0.39426 
17601,0.42279 
17602,0.43841 
17603,0.44898 
17604,0.45708 
17605,0.46076 
17606,0.48140 
17607,0.50727 
17608,0.51932 
17609,0.51601 
17610,0.51288 
17611,0.51055 
17612,0.50556 
17613,0.49822 
17614,0.48512 
17615,0.47096 
17616,0.46348 
17617,0.46343 
17618,0.46843 
17619,0.48101 
17620,0.46979 
17621,0.44250 
17622,0.41519 
17623,0.38605 
17624,0.38720 
17625,0.41639 
17626,0.43816 
17627,0.45022 
17628,0.42349 
17629,0.36322 
17630,0.31217 
17631,0.27931 
17632,0.24779 
17633,0.21624 
17634,0.18847 
17635,0.16445 
17636,0.14301 
17637,0.12111 
17638,0.10012 
17639,0.07934 
17640,0.06168 
17641,0.04843 
17642,0.03463 
17643,0.01913 
17644,0.00852 
17645,0.00284 
17646,0.00173 
17647,0.00364 
17648,0.00557 
17649,0.01431 
17650,0.01903 
17651,0.01910 
17652,0.01917 
17653,0.01918 
17654,0.01364 
17655,0.00517 
17656,0.00281 
17657,0.00044 
17658,0.00024 
17659,0.00226 
17660,0.00430 
17661,0.00738 
17662,0.01147 
17663,0.00967 
17664,0.00781 
17665,0.00646 
17666,0.00541 
17667,0.00364 
17668,0.00185 
17669,0.00005 
17670,0.00000 
17671,0.00000 
17672,0.00000 
17673,0.00000 
17674,0.00000 
17675,0.00000 
17676,0.00000 
17677,0.00000 
17678,0.00000 
17679,0.00000 
17680,0.00000 
17681,0.00000 
17682,0.00000 
17683,0.00000 
17684,0.00000 
17685,0.00000 
17686,0.00788 
17687,0.02462 
17688,0.04138 
17689,0.05799 
17690,0.07655 
17691,0.09215 
17692,0.10847 
17693,0.13819 
17694,0.17406 
17695,0.21355 
17696,0.24970 
17697,0.27225 
17698,0.28924 
17699,0.29788 
17700,0.31907 
17701,0.36027 
17702,0.41358 
17703,0.47089 
17704,0.49766 
17705,0.48686 
17706,0.48159 
17707,0.48439 
17708,0.48061 
17709,0.47295 
17710,0.46580 
17711,0.46010 
17712,0.44982 
17713,0.43494 
17714,0.42009 
17715,0.40636 
17716,0.40179 
17717,0.40675 
17718,0.41550 
17719,0.42658 
17720,0.41820 
17721,0.38935 
17722,0.36446 
17723,0.34478 
17724,0.32597 
17725,0.30839 
17726,0.29230 
17727,0.27961 
17728,0.25376 
17729,0.21643 
17730,0.18328 
17731,0.15445 
17732,0.13096 
17733,0.11014 
17734,0.08685 
17735,0.06464 
17736,0.05150 
17737,0.04542 
17738,0.03778 
17739,0.02937 
17740,0.01865 
17741,0.00596 
17742,0.00000 
17743,0.00000 
17744,0.00000 
17745,0.00000 
17746,0.00000 
17747,0.00000 
17748,0.00000 
17749,0.00000 
17750,0.00000 
17751,0.00000 
17752,0.00000 
17753,0.00000 
17754,0.00000 
17755,0.00106 
17756,0.00229 
17757,0.00352 
17758,0.00440 
17759,0.00492 
17760,0.00547 
17761,0.00602 
17762,0.00704 
17763,0.01139 
17764,0.01575 
17765,0.02020 
17766,0.02362 
17767,0.02599 
17768,0.02849 
17769,0.03093 
17770,0.03126 
17771,0.02920 
17772,0.02711 
17773,0.02498 
17774,0.02507 
17775,0.02740 
17776,0.02972 
17777,0.03204 
17778,0.04729 
17779,0.08531 
17780,0.13331 
17781,0.19751 
17782,0.21793 
17783,0.17552 
17784,0.15227 
17785,0.13163 
17786,0.13642 
17787,0.16776 
17788,0.19560 
17789,0.22277 
17790,0.24788 
17791,0.26259 
17792,0.28950 
17793,0.32738 
17794,0.36414 
17795,0.40047 
17796,0.42873 
17797,0.44363 
17798,0.44852 
17799,0.43927 
17800,0.43581 
17801,0.44801 
17802,0.46238 
17803,0.47299 
17804,0.48567 
17805,0.50257 
17806,0.52112 
17807,0.53985 
17808,0.54599 
17809,0.53679 
17810,0.53060 
17811,0.52444 
17812,0.51806 
17813,0.50887 
17814,0.50122 
17815,0.49417 
17816,0.49093 
17817,0.48912 
17818,0.48474 
17819,0.47764 
17820,0.45512 
17821,0.42453 
17822,0.39219 
17823,0.36331 
17824,0.32743 
17825,0.28852 
17826,0.25698 
17827,0.22994 
17828,0.19078 
17829,0.14425 
17830,0.11071 
17831,0.08912 
17832,0.06906 
17833,0.04864 
17834,0.03393 
17835,0.02178 
17836,0.01232 
17837,0.00545 
17838,0.00265 
17839,0.00343 
17840,0.00421 
17841,0.00500 
17842,0.00542 
17843,0.00545 
17844,0.00549 
17845,0.00551 
17846,0.00944 
17847,0.01976 
17848,0.03017 
17849,0.04431 
17850,0.05422 
17851,0.05755 
17852,0.06093 
17853,0.06436 
17854,0.06366 
17855,0.05902 
17856,0.05397 
17857,0.04867 
17858,0.04198 
17859,0.03560 
17860,0.03042 
17861,0.02509 
17862,0.01925 
17863,0.01281 
17864,0.00685 
17865,0.00550 
17866,0.00614 
17867,0.01500 
17868,0.02782 
17869,0.04068 
17870,0.03981 
17871,0.02463 
17872,0.00944 
17873,0.00460 
17874,0.00399 
17875,0.00596 
17876,0.01010 
17877,0.01953 
17878,0.03591 
17879,0.06106 
17880,0.09244 
17881,0.12354 
17882,0.12898 
17883,0.10931 
17884,0.10523 
17885,0.11262 
17886,0.14214 
17887,0.18840 
17888,0.22549 
17889,0.24618 
17890,0.27752 
17891,0.31302 
17892,0.32306 
17893,0.30601 
17894,0.29866 
17895,0.30279 
17896,0.34559 
17897,0.42063 
17898,0.46429 
17899,0.47434 
17900,0.48294 
17901,0.52406 
17902,0.60743 
17903,0.69620 
17904,0.70752 
17905,0.64653 
17906,0.60724 
17907,0.59113 
17908,0.59579 
17909,0.62363 
17910,0.64796 
17911,0.66184 
17912,0.63832 
17913,0.57584 
17914,0.54901 
17915,0.55991 
17916,0.63041 
17917,0.76396 
17918,0.92316 
17919,1.10024 
17920,1.19945 
17921,1.22989 
17922,1.21597 
17923,1.17567 
17924,1.11776 
17925,1.05201 
17926,1.07171 
17927,1.14309 
17928,1.18691 
17929,1.20717 
17930,1.18608 
17931,1.11870 
17932,1.01592 
17933,0.86018 
17934,0.77304 
17935,0.76223 
17936,0.75129 
17937,0.73944 
17938,0.74396 
17939,0.76289 
17940,0.78116 
17941,0.79953 
17942,0.86327 
17943,0.97067 
17944,1.07621 
17945,1.15178 
17946,1.16431 
17947,1.10719 
17948,1.02831 
17949,0.94567 
17950,0.92144 
17951,0.96721 
17952,1.01060 
17953,1.05850 
17954,1.04424 
17955,0.96265 
17956,0.87905 
17957,0.78465 
17958,0.72899 
17959,0.71431 
17960,0.69912 
17961,0.67979 
17962,0.67209 
17963,0.67441 
17964,0.67675 
17965,0.67911 
17966,0.69665 
17967,0.72652 
17968,0.75518 
17969,0.78097 
17970,0.73067 
17971,0.59316 
17972,0.45968 
17973,0.34710 
17974,0.28318 
17975,0.26423 
17976,0.24630 
17977,0.22995 
17978,0.21023 
17979,0.20843 
17980,0.22062 
17981,0.23775 
17982,0.25286 
17983,0.27330 
17984,0.29912 
17985,0.31538 
17986,0.34404 
17987,0.37860 
17988,0.41473 
17989,0.45259 
17990,0.49163 
17991,0.51788 
17992,0.53486 
17993,0.53752 
17994,0.54033 
17995,0.54376 
17996,0.54974 
17997,0.56238 
17998,0.55938 
17999,0.54069 
18000,0.53703 
18001,0.54769 
18002,0.55842 
18003,0.57207 
18004,0.56761 
18005,0.54871 
18006,0.53434 
18007,0.53088 
18008,0.50709 
18009,0.46517 
18010,0.43034 
18011,0.39853 
18012,0.37897 
18013,0.36535 
18014,0.34917 
18015,0.33469 
18016,0.30813 
18017,0.27492 
18018,0.24948 
18019,0.22293 
18020,0.18821 
18021,0.14906 
18022,0.11468 
18023,0.08705 
18024,0.06543 
18025,0.04634 
18026,0.02097 
18027,0.00500 
18028,0.00502 
18029,0.00359 
18030,0.00179 
18031,0.00087 
18032,0.00000 
18033,0.00000 
18034,0.00000 
18035,0.00000 
18036,0.00000 
18037,0.00000 
18038,0.00000 
18039,0.00000 
18040,0.00000 
18041,0.00000 
18042,0.00000 
18043,0.00000 
18044,0.00000 
18045,0.00000 
18046,0.00000 
18047,0.00000 
18048,0.00000 
18049,0.00000 
18050,0.00000 
18051,0.00000 
18052,0.00000 
18053,0.00000 
18054,0.00000 
18055,0.00000 
18056,0.00000 
18057,0.00000 
18058,0.00000 
18059,0.00000 
18060,0.00000 
18061,0.00000 
18062,0.00000 
18063,0.00000 
18064,0.00000 
18065,0.00000 
18066,0.00000 
18067,0.00000 
18068,0.00000 
18069,0.00000 
18070,0.00562 
18071,0.01748 
18072,0.02936 
18073,0.04109 
18074,0.05701 
18075,0.07693 
18076,0.10036 
18077,0.12718 
18078,0.15614 
18079,0.18784 
18080,0.21474 
18081,0.23491 
18082,0.25783 
18083,0.28259 
18084,0.30036 
18085,0.31081 
18086,0.32136 
18087,0.32951 
18088,0.34348 
18089,0.36558 
18090,0.38715 
18091,0.41209 
18092,0.42818 
18093,0.43553 
18094,0.45482 
18095,0.48473 
18096,0.49553 
18097,0.48868 
18098,0.46874 
18099,0.43743 
18100,0.42132 
18101,0.41937 
18102,0.42666 
18103,0.44321 
18104,0.43343 
18105,0.40026 
18106,0.37007 
18107,0.34136 
18108,0.32510 
18109,0.31901 
18110,0.31117 
18111,0.30491 
18112,0.28684 
18113,0.27014 
18114,0.24238 
18115,0.20727 
18116,0.17792 
18117,0.14800 
18118,0.11611 
18119,0.08301 
18120,0.05707 
18121,0.04457 
18122,0.03607 
18123,0.02759 
18124,0.01728 
18125,0.00549 
18126,0.00084 
18127,0.00389 
18128,0.01301 
18129,0.02793 
18130,0.04384 
18131,0.05630 
18132,0.06903 
18133,0.08473 
18134,0.09949 
18135,0.11189 
18136,0.12451 
18137,0.13992 
18138,0.13370 
18139,0.11273 
18140,0.09177 
18141,0.07236 
18142,0.07199 
18143,0.08961 
18144,0.11089 
18145,0.13315 
18146,0.15491 
18147,0.18702 
18148,0.21915 
18149,0.25212 
18150,0.27650 
18151,0.29551 
18152,0.31585 
18153,0.33663 
18154,0.33138 
18155,0.29824 
18156,0.27185 
18157,0.24801 
18158,0.25325 
18159,0.28889 
18160,0.33638 
18161,0.38644 
18162,0.37126 
18163,0.29336 
18164,0.23659 
18165,0.17980 
18166,0.15266 
18167,0.14186 
18168,0.13160 
18169,0.12484 
18170,0.13665 
18171,0.16245 
18172,0.18894 
18173,0.22221 
18174,0.24893 
18175,0.26797 
18176,0.28363 
18177,0.30334 
18178,0.33887 
18179,0.39069 
18180,0.42421 
18181,0.43759 
18182,0.46132 
18183,0.50398 
18184,0.53719 
18185,0.56017 
18186,0.58088 
18187,0.58708 
18188,0.59773 
18189,0.61763 
18190,0.61786 
18191,0.59691 
18192,0.58069 
18193,0.57481 
18194,0.57702 
18195,0.58848 
18196,0.59237 
18197,0.58567 
18198,0.58882 
18199,0.60003 
18200,0.59961 
18201,0.58870 
18202,0.57683 
18203,0.56147 
18204,0.53642 
18205,0.50638 
18206,0.48653 
18207,0.48124 
18208,0.46715 
18209,0.44656 
18210,0.42936 
18211,0.42219 
18212,0.41868 
18213,0.41471 
18214,0.42072 
18215,0.44043 
18216,0.46866 
18217,0.50521 
18218,0.51036 
18219,0.47610 
18220,0.44188 
18221,0.40781 
18222,0.34797 
18223,0.27060 
18224,0.20209 
18225,0.14585 
18226,0.11418 
18227,0.09790 
18228,0.08142 
18229,0.06728 
18230,0.04436 
18231,0.01858 
18232,0.00383 
18233,0.00000 
18234,0.00000 
18235,0.00000 
18236,0.00000 
18237,0.00000 
18238,0.00000 
18239,0.00116 
18240,0.00307 
18241,0.00507 
18242,0.00527 
18243,0.00354 
18244,0.00180 
18245,0.00005 
18246,0.00000 
18247,0.00000 
18248,0.00000 
18249,0.00000 
18250,0.00000 
18251,0.00000 
18252,0.00040 
18253,0.00206 
18254,0.00387 
18255,0.00580 
18256,0.00984 
18257,0.01909 
18258,0.02669 
18259,0.03237 
18260,0.03815 
18261,0.04500 
18262,0.05802 
18263,0.07501 
18264,0.09215 
18265,0.10913 
18266,0.14555 
18267,0.20134 
18268,0.23194 
18269,0.23106 
18270,0.21136 
18271,0.17849 
18272,0.17496 
18273,0.19545 
18274,0.23641 
18275,0.29964 
18276,0.33019 
18277,0.32434 
18278,0.32082 
18279,0.32033 
18280,0.32757 
18281,0.34535 
18282,0.37454 
18283,0.41585 
18284,0.41622 
18285,0.37716 
18286,0.33447 
18287,0.29412 
18288,0.26650 
18289,0.25435 
18290,0.24306 
18291,0.23989 
18292,0.26291 
18293,0.31086 
18294,0.35076 
18295,0.37339 
18296,0.39433 
18297,0.41249 
18298,0.41352 
18299,0.39702 
18300,0.39112 
18301,0.39255 
18302,0.39939 
18303,0.40469 
18304,0.37261 
18305,0.31286 
18306,0.27179 
18307,0.24621 
18308,0.22514 
18309,0.20462 
18310,0.18638 
18311,0.16507 
18312,0.13714 
18313,0.11624 
18314,0.10140 
18315,0.08513 
18316,0.07276 
18317,0.06417 
18318,0.05996 
18319,0.06033 
18320,0.06053 
18321,0.06091 
18322,0.06112 
18323,0.06152 
18324,0.06173 
18325,0.06213 
18326,0.05735 
18327,0.04737 
18328,0.03748 
18329,0.02964 
18330,0.02789 
18331,0.03078 
18332,0.03379 
18333,0.03838 
18334,0.04421 
18335,0.05148 
18336,0.05932 
18337,0.06741 
18338,0.06858 
18339,0.06201 
18340,0.05544 
18341,0.04903 
18342,0.04340 
18343,0.03889 
18344,0.03605 
18345,0.03314 
18346,0.03339 
18347,0.03714 
18348,0.04082 
18349,0.04641 
18350,0.05304 
18351,0.06046 
18352,0.06794 
18353,0.07548 
18354,0.06396 
18355,0.03620 
18356,0.01640 
18357,0.00506 
18358,0.01106 
18359,0.03228 
18360,0.06279 
18361,0.09582 
18362,0.11250 
18363,0.11479 
18364,0.13946 
18365,0.17871 
18366,0.21855 
18367,0.26349 
18368,0.29999 
18369,0.31875 
18370,0.31788 
18371,0.29891 
18372,0.29554 
18373,0.32008 
18374,0.33465 
18375,0.33735 
18376,0.35619 
18377,0.39001 
18378,0.43662 
18379,0.49497 
18380,0.51148 
18381,0.48548 
18382,0.46030 
18383,0.43560 
18384,0.41814 
18385,0.40606 
18386,0.39408 
18387,0.38141 
18388,0.37405 
18389,0.37129 
18390,0.37127 
18391,0.37376 
18392,0.36805 
18393,0.35851 
18394,0.35547 
18395,0.35598 
18396,0.36272 
18397,0.37065 
18398,0.35653 
18399,0.31973 
18400,0.28678 
18401,0.25972 
18402,0.23963 
18403,0.22384 
18404,0.18597 
18405,0.13745 
18406,0.09763 
18407,0.07476 
18408,0.05938 
18409,0.04235 
18410,0.01699 
18411,0.00004 
18412,0.00000 
18413,0.00000 
18414,0.00000 
18415,0.00000 
18416,0.00000 
18417,0.00000 
18418,0.00000 
18419,0.00000 
18420,0.00000 
18421,0.00000 
18422,0.00000 
18423,0.00043 
18424,0.00121 
18425,0.00200 
18426,0.00241 
18427,0.00242 
18428,0.00243 
18429,0.00244 
18430,0.00288 
18431,0.00378 
18432,0.00472 
18433,0.00572 
18434,0.00580 
18435,0.00493 
18436,0.00406 
18437,0.00318 
18438,0.00500 
18439,0.02008 
18440,0.04362 
18441,0.07824 
18442,0.10276 
18443,0.11305 
18444,0.12393 
18445,0.13506 
18446,0.13557 
18447,0.12624 
18448,0.11642 
18449,0.10699 
18450,0.08414 
18451,0.05165 
18452,0.02720 
18453,0.00706 
18454,0.00906 
18455,0.01817 
18456,0.02803 
18457,0.03948 
18458,0.05654 
18459,0.07894 
18460,0.09148 
18461,0.09456 
18462,0.09674 
18463,0.10026 
18464,0.11154 
18465,0.13095 
18466,0.15036 
18467,0.16848 
18468,0.17729 
18469,0.17723 
18470,0.17424 
18471,0.17010 
18472,0.18564 
18473,0.24437 
18474,0.31576 
18475,0.37978 
18476,0.39295 
18477,0.35482 
18478,0.32956 
18479,0.31618 
18480,0.31472 
18481,0.32501 
18482,0.33493 
18483,0.34320 
18484,0.31356 
18485,0.24322 
18486,0.16476 
18487,0.11512 
18488,0.10718 
18489,0.15299 
18490,0.21164 
18491,0.28248 
18492,0.27094 
18493,0.17824 
18494,0.10593 
18495,0.05213 
18496,0.03075 
18497,0.04045 
18498,0.04365 
18499,0.04008 
18500,0.03578 
18501,0.03064 
18502,0.02480 
18503,0.01841 
18504,0.01598 
18505,0.01987 
18506,0.02173 
18507,0.02159 
18508,0.01879 
18509,0.01345 
18510,0.01586 
18511,0.02574 
18512,0.03785 
18513,0.05369 
18514,0.06394 
18515,0.06841 
18516,0.07291 
18517,0.07797 
18518,0.08117 
18519,0.08167 
18520,0.08194 
18521,0.08222 
18522,0.06675 
18523,0.03761 
18524,0.01761 
18525,0.00444 
18526,0.00267 
18527,0.00316 
18528,0.00366 
18529,0.00419 
18530,0.00403 
18531,0.00315 
18532,0.00227 
18533,0.00138 
18534,0.00162 
18535,0.00300 
18536,0.00442 
18537,0.00587 
18538,0.00556 
18539,0.00348 
18540,0.00135 
18541,0.00000 
18542,0.00000 
18543,0.00000 
18544,0.00000 
18545,0.00000 
18546,0.00000 
18547,0.00000 
18548,0.00000 
18549,0.00042 
18550,0.00509 
18551,0.01370 
18552,0.02241 
18553,0.03112 
18554,0.05915 
18555,0.11257 
18556,0.15227 
18557,0.18385 
18558,0.23537 
18559,0.31197 
18560,0.37339 
18561,0.41058 
18562,0.46166 
18563,0.53586 
18564,0.62017 
18565,0.69966 
18566,0.75537 
18567,0.77145 
18568,0.79032 
18569,0.80959 
18570,0.81053 
18571,0.79610 
18572,0.77787 
18573,0.75687 
18574,0.72870 
18575,0.69549 
18576,0.67363 
18577,0.64512 
18578,0.63501 
18579,0.63931 
18580,0.63355 
18581,0.61457 
18582,0.58112 
18583,0.54030 
18584,0.50518 
18585,0.47278 
18586,0.45297 
18587,0.43328 
18588,0.41307 
18589,0.39184 
18590,0.37156 
18591,0.34718 
18592,0.31653 
18593,0.27940 
18594,0.24392 
18595,0.21049 
18596,0.17805 
18597,0.14531 
18598,0.11585 
18599,0.09338 
18600,0.07525 
18601,0.06748 
18602,0.06220 
18603,0.05100 
18604,0.03679 
18605,0.01960 
18606,0.01228 
18607,0.01423 
18608,0.01616 
18609,0.01817 
18610,0.01643 
18611,0.01083 
18612,0.00575 
18613,0.00457 
18614,0.00439 
18615,0.00520 
18616,0.00625 
18617,0.01009 
18618,0.01395 
18619,0.01790 
18620,0.02191 
18621,0.02597 
18622,0.02631 
18623,0.02273 
18624,0.01908 
18625,0.01528 
18626,0.00750 
18627,0.00441 
18628,0.00196 
18629,0.00000 
18630,0.00000 
18631,0.00000 
18632,0.00000 
18633,0.00065 
18634,0.00174 
18635,0.00323 
18636,0.00474 
18637,0.00630 
18638,0.00658 
18639,0.00555 
18640,0.00456 
18641,0.00354 
18642,0.00378 
18643,0.00524 
18644,0.00665 
18645,0.01109 
18646,0.01775 
18647,0.02463 
18648,0.03142 
18649,0.03822 
18650,0.06426 
18651,0.11074 
18652,0.15616 
18653,0.19594 
18654,0.23989 
18655,0.28351 
18656,0.32958 
18657,0.40060 
18658,0.45989 
18659,0.50572 
18660,0.57777 
18661,0.67564 
18662,0.77002 
18663,0.86086 
18664,0.90935 
18665,0.90707 
18666,0.91473 
18667,0.92884 
18668,0.96465 
18669,1.03030 
18670,1.05055 
18671,1.02628 
18672,0.93192 
18673,0.76134 
18674,0.58906 
18675,0.47686 
18676,0.43987 
18677,0.42170 
18678,0.42334 
18679,0.43740 
18680,0.43470 
18681,0.41349 
18682,0.38938 
18683,0.36478 
18684,0.33018 
18685,0.29001 
18686,0.26493 
18687,0.25333 
18688,0.23728 
18689,0.21472 
18690,0.18551 
18691,0.14939 
18692,0.13132 
18693,0.13009 
18694,0.13536 
18695,0.14535 
18696,0.14302 
18697,0.13552 
18698,0.11330 
18699,0.07867 
18700,0.05242 
18701,0.03285 
18702,0.01900 
18703,0.00566 
18704,0.00282 
18705,0.00000 
18706,0.00000 
18707,0.00229 
18708,0.00483 
18709,0.01318 
18710,0.01750 
18711,0.01387 
18712,0.01016 
18713,0.00638 
18714,0.00740 
18715,0.01334 
18716,0.01931 
18717,0.02540 
18718,0.02364 
18719,0.01384 
18720,0.00593 
18721,0.00382 
18722,0.00218 
18723,0.00107 
18724,0.00000 
18725,0.00000 
18726,0.00000 
18727,0.00000 
18728,0.00000 
18729,0.00000 
18730,0.00000 
18731,0.00000 
18732,0.00000 
18733,0.00000 
18734,0.00000 
18735,0.00000 
18736,0.00000 
18737,0.00000 
18738,0.00000 
18739,0.00000 
18740,0.00000 
18741,0.00000 
18742,0.00505 
18743,0.01564 
18744,0.02615 
18745,0.03643 
18746,0.03814 
18747,0.03132 
18748,0.04733 
18749,0.08633 
18750,0.12913 
18751,0.18031 
18752,0.22802 
18753,0.27185 
18754,0.29015 
18755,0.27166 
18756,0.27717 
18757,0.31768 
18758,0.34889 
18759,0.36938 
18760,0.39068 
18761,0.41278 
18762,0.44328 
18763,0.48073 
18764,0.48923 
18765,0.46974 
18766,0.45494 
18767,0.44581 
18768,0.43791 
18769,0.43325 
18770,0.42961 
18771,0.42817 
18772,0.42117 
18773,0.40837 
18774,0.39201 
18775,0.37228 
18776,0.37728 
18777,0.40718 
18778,0.43750 
18779,0.46701 
18780,0.45457 
18781,0.40644 
18782,0.35924 
18783,0.31421 
18784,0.29733 
18785,0.29273 
18786,0.27560 
18787,0.24757 
18788,0.20196 
18789,0.15513 
18790,0.11889 
18791,0.08890 
18792,0.06154 
18793,0.04039 
18794,0.02897 
18795,0.02114 
18796,0.01279 
18797,0.00406 
18798,0.00000 
18799,0.00000 
18800,0.00000 
18801,0.00000 
18802,0.00000 
18803,0.00000 
18804,0.00000 
18805,0.00000 
18806,0.00000 
18807,0.00000 
18808,0.00000 
18809,0.00000 
18810,0.00000 
18811,0.00000 
18812,0.00000 
18813,0.00000 
18814,0.00000 
18815,0.00000 
18816,0.00102 
18817,0.00214 
18818,0.00339 
18819,0.00476 
18820,0.00615 
18821,0.01040 
18822,0.00938 
18823,0.00559 
18824,0.00378 
18825,0.00194 
18826,0.00195 
18827,0.00388 
18828,0.00581 
18829,0.00989 
18830,0.00723 
18831,0.00408 
18832,0.00091 
18833,0.00000 
18834,0.00000 
18835,0.00000 
18836,0.00042 
18837,0.00215 
18838,0.00694 
18839,0.01509 
18840,0.02999 
18841,0.04704 
18842,0.08298 
18843,0.14990 
18844,0.19535 
18845,0.19865 
18846,0.19674 
18847,0.19841 
18848,0.18347 
18849,0.14969 
18850,0.11447 
18851,0.10101 
18852,0.10960 
18853,0.17058 
18854,0.25749 
18855,0.32216 
18856,0.33305 
18857,0.28865 
18858,0.26350 
18859,0.25725 
18860,0.26204 
18861,0.27971 
18862,0.30817 
18863,0.34930 
18864,0.41858 
18865,0.50325 
18866,0.53817 
18867,0.51212 
18868,0.46805 
18869,0.39845 
18870,0.35922 
18871,0.35044 
18872,0.37001 
18873,0.41885 
18874,0.44085 
18875,0.43444 
18876,0.44604 
18877,0.46845 
18878,0.45981 
18879,0.44009 
18880,0.38354 
18881,0.29879 
18882,0.25124 
18883,0.23431 
18884,0.21958 
18885,0.20846 
18886,0.19388 
18887,0.17306 
18888,0.15292 
18889,0.13079 
18890,0.10521 
18891,0.07893 
18892,0.05865 
18893,0.04438 
18894,0.03764 
18895,0.03797 
18896,0.03830 
18897,0.03864 
18898,0.03536 
18899,0.03006 
18900,0.02560 
18901,0.02117 
18902,0.01296 
18903,0.00480 
18904,0.00228 
18905,0.00000 
18906,0.00000 
18907,0.00000 
18908,0.00000 
18909,0.00000 
18910,0.00000 
18911,0.00000 
18912,0.00099 
18913,0.00207 
18914,0.00306 
18915,0.00392 
18916,0.00480 
18917,0.00568 
18918,0.00572 
18919,0.00490 
18920,0.00406 
18921,0.00320 
18922,0.00186 
18923,0.00005 
18924,0.00000 
18925,0.00000 
18926,0.00000 
18927,0.00000 
18928,0.00000 
18929,0.00000 
18930,0.00000 
18931,0.00000 
18932,0.00000 
18933,0.00000 
18934,0.00596 
18935,0.01858 
18936,0.03140 
18937,0.04404 
18938,0.05984 
18939,0.07983 
18940,0.10106 
18941,0.13033 
18942,0.16880 
18943,0.21435 
18944,0.25094 
18945,0.27722 
18946,0.30789 
18947,0.34318 
18948,0.36991 
18949,0.38713 
18950,0.40285 
18951,0.41907 
18952,0.43153 
18953,0.43987 
18954,0.44696 
18955,0.45143 
18956,0.45924 
18957,0.47091 
18958,0.48300 
18959,0.49414 
18960,0.49700 
18961,0.48930 
18962,0.48849 
18963,0.49185 
18964,0.48382 
18965,0.46478 
18966,0.44939 
18967,0.43580 
18968,0.42635 
18969,0.41850 
18970,0.41059 
18971,0.40335 
18972,0.38897 
18973,0.36801 
18974,0.34291 
18975,0.31339 
18976,0.28254 
18977,0.24724 
18978,0.21684 
18979,0.19342 
18980,0.16189 
18981,0.12368 
18982,0.09287 
18983,0.07040 
18984,0.05723 
18985,0.04635 
18986,0.03312 
18987,0.01916 
18988,0.00980 
18989,0.00311 
18990,0.00000 
18991,0.00000 
18992,0.00000 
18993,0.00000 
18994,0.00000 
18995,0.00000 
18996,0.00000 
18997,0.00000 
18998,0.00000 
18999,0.00000 
19000,0.00000 
19001,0.00000 
19002,0.00000 
19003,0.00000 
19004,0.00000 
19005,0.00000 
19006,0.00000 
19007,0.00000 
19008,0.00000 
19009,0.00000 
19010,0.00000 
19011,0.00000 
19012,0.00000 
19013,0.00000 
19014,0.00000 
19015,0.00000 
19016,0.00000 
19017,0.00000 
19018,0.00000 
19019,0.00015 
19020,0.00256 
19021,0.00501 
19022,0.00697 
19023,0.01128 
19024,0.01560 
19025,0.01994 
19026,0.02692 
19027,0.03646 
19028,0.05005 
19029,0.06478 
19030,0.07923 
19031,0.09396 
19032,0.11216 
19033,0.13019 
19034,0.13333 
19035,0.12294 
19036,0.10984 
19037,0.09456 
19038,0.08417 
19039,0.07893 
19040,0.07103 
19041,0.06269 
19042,0.05190 
19043,0.03899 
19044,0.04381 
19045,0.06524 
19046,0.09190 
19047,0.12409 
19048,0.13032 
19049,0.11280 
19050,0.09986 
19051,0.09064 
19052,0.08663 
19053,0.08729 
19054,0.08084 
19055,0.06729 
19056,0.07788 
19057,0.11204 
19058,0.14863 
19059,0.18905 
19060,0.21823 
19061,0.23316 
19062,0.25466 
19063,0.28773 
19064,0.30307 
19065,0.29941 
19066,0.28737 
19067,0.26791 
19068,0.25252 
19069,0.24139 
19070,0.22861 
19071,0.21926 
19072,0.19582 
19073,0.15667 
19074,0.11350 
19075,0.09064 
19076,0.09066 
19077,0.09464 
19078,0.10400 
19079,0.11432 
19080,0.12017 
19081,0.12092 
19082,0.12334 
19083,0.13321 
19084,0.14503 
19085,0.15763 
19086,0.13003 
19087,0.08567 
19088,0.05230 
19089,0.02576 
19090,0.02030 
19091,0.02773 
19092,0.03842 
19093,0.05018 
19094,0.06077 
19095,0.07067 
19096,0.08332 
19097,0.09631 
19098,0.09505 
19099,0.07931 
19100,0.06533 
19101,0.05366 
19102,0.04233 
19103,0.03142 
19104,0.02399 
19105,0.01609 
19106,0.01012 
19107,0.00632 
19108,0.00529 
19109,0.00450 
19110,0.00341 
19111,0.00200 
19112,0.00056 
19113,0.00000 
19114,0.00000 
19115,0.00000 
19116,0.00102 
19117,0.00212 
19118,0.00214 
19119,0.00104 
19120,0.00000 
19121,0.00000 
19122,0.00000 
19123,0.00000 
19124,0.00000 
19125,0.00000 
19126,0.00403 
19127,0.01267 
19128,0.02138 
19129,0.03015 
19130,0.05021 
19131,0.08519 
19132,0.10907 
19133,0.12524 
19134,0.15700 
19135,0.20925 
19136,0.25458 
19137,0.27336 
19138,0.28383 
19139,0.28885 
19140,0.29805 
19141,0.31847 
19142,0.33826 
19143,0.35647 
19144,0.37045 
19145,0.38137 
19146,0.39597 
19147,0.40982 
19148,0.41660 
19149,0.41619 
19150,0.41724 
19151,0.41893 
19152,0.40989 
19153,0.38945 
19154,0.36317 
19155,0.33120 
19156,0.32636 
19157,0.34684 
19158,0.36860 
19159,0.38874 
19160,0.38843 
19161,0.36839 
19162,0.35790 
19163,0.35480 
19164,0.33168 
19165,0.29206 
19166,0.26169 
19167,0.24180 
19168,0.20970 
19169,0.16826 
19170,0.12348 
19171,0.09560 
19172,0.08312 
19173,0.07726 
19174,0.07215 
19175,0.06692 
19176,0.05557 
19177,0.03981 
19178,0.01742 
19179,0.00275 
19180,0.00244 
19181,0.00213 
19182,0.00230 
19183,0.00298 
19184,0.00366 
19185,0.00437 
19186,0.00726 
19187,0.01451 
19188,0.02179 
19189,0.02905 
19190,0.03738 
19191,0.04256 
19192,0.04789 
19193,0.05329 
19194,0.06197 
19195,0.07610 
19196,0.09286 
19197,0.11022 
19198,0.11026 
19199,0.09234 
19200,0.07376 
19201,0.05978 
19202,0.05112 
19203,0.04832 
19204,0.04551 
19205,0.04269 
19206,0.03921 
19207,0.03509 
19208,0.03248 
19209,0.02983 
19210,0.02562 
19211,0.01974 
19212,0.01383 
19213,0.00777 
19214,0.00934 
19215,0.01867 
19216,0.02807 
19217,0.03754 
19218,0.05211 
19219,0.06652 
19220,0.08111 
19221,0.09896 
19222,0.10490 
19223,0.09842 
19224,0.09637 
19225,0.09421 
19226,0.09851 
19227,0.10825 
19228,0.11725 
19229,0.12912 
19230,0.14466 
19231,0.15895 
19232,0.18269 
19233,0.22403 
19234,0.27407 
19235,0.33112 
19236,0.36440 
19237,0.36247 
19238,0.37331 
19239,0.40273 
19240,0.42418 
19241,0.43694 
19242,0.43502 
19243,0.41905 
19244,0.40551 
19245,0.39850 
19246,0.39653 
19247,0.39710 
19248,0.41272 
19249,0.44082 
19250,0.47718 
19251,0.52258 
19252,0.51711 
19253,0.46119 
19254,0.41871 
19255,0.38749 
19256,0.36793 
19257,0.35626 
19258,0.34206 
19259,0.32685 
19260,0.28617 
19261,0.22142 
19262,0.15657 
19263,0.09288 
19264,0.06595 
19265,0.07208 
19266,0.07042 
19267,0.06316 
19268,0.05989 
19269,0.05992 
19270,0.07059 
19271,0.08680 
19272,0.07898 
19273,0.05593 
19274,0.04203 
19275,0.03459 
19276,0.03123 
19277,0.03212 
19278,0.03683 
19279,0.04214 
19280,0.04753 
19281,0.05300 
19282,0.05457 
19283,0.05215 
19284,0.04972 
19285,0.04727 
19286,0.04028 
19287,0.02929 
19288,0.02190 
19289,0.01438 
19290,0.01234 
19291,0.01578 
19292,0.01928 
19293,0.02276 
19294,0.02215 
19295,0.01729 
19296,0.01220 
19297,0.00695 
19298,0.00568 
19299,0.00710 
19300,0.00903 
19301,0.01098 
19302,0.01208 
19303,0.01227 
19304,0.01242 
19305,0.01262 
19306,0.00971 
19307,0.00584 
19308,0.00460 
19309,0.00332 
19310,0.00268 
19311,0.00268 
19312,0.00268 
19313,0.00268 
19314,0.00180 
19315,0.00004 
19316,0.00000 
19317,0.00000 
19318,0.00274 
19319,0.00856 
19320,0.01435 
19321,0.02008 
19322,0.03418 
19323,0.05729 
19324,0.07927 
19325,0.10016 
19326,0.12766 
19327,0.16456 
19328,0.19201 
19329,0.20712 
19330,0.22832 
19331,0.25765 
19332,0.27025 
19333,0.26182 
19334,0.24758 
19335,0.22705 
19336,0.23741 
19337,0.28061 
19338,0.31975 
19339,0.35378 
19340,0.37883 
19341,0.39339 
19342,0.41722 
19343,0.44916 
19344,0.45739 
19345,0.44160 
19346,0.44106 
19347,0.45652 
19348,0.42959 
19349,0.36195 
19350,0.27999 
19351,0.23379 
19352,0.23420 
19353,0.23934 
19354,0.24961 
19355,0.25491 
19356,0.24573 
19357,0.22303 
19358,0.20283 
19359,0.18547 
19360,0.17071 
19361,0.15705 
19362,0.14056 
19363,0.12329 
19364,0.11035 
19365,0.09960 
19366,0.08675 
19367,0.07180 
19368,0.05476 
19369,0.04019 
19370,0.02771 
19371,0.01490 
19372,0.00639 
19373,0.00202 
19374,0.00000 
19375,0.00000 
19376,0.00000 
19377,0.00000 
19378,0.00000 
19379,0.00000 
19380,0.00000 
19381,0.00000 
19382,0.00000 
19383,0.00000 
19384,0.00000 
19385,0.00000 
19386,0.00000 
19387,0.00000 
19388,0.00000 
19389,0.00000 
19390,0.00000 
19391,0.00000 
19392,0.00000 
19393,0.00000 
19394,0.00000 
19395,0.00000 
19396,0.00000 
19397,0.00000 
19398,0.00000 
19399,0.00000 
19400,0.00000 
19401,0.00000 
19402,0.00000 
19403,0.00000 
19404,0.00000 
19405,0.00000 
19406,0.00000 
19407,0.00000 
19408,0.00000 
19409,0.00000 
19410,0.00000 
19411,0.00000 
19412,0.00000 
19413,0.00160 
19414,0.00540 
19415,0.01157 
19416,0.01779 
19417,0.02489 
19418,0.02272 
19419,0.01170 
19420,0.02239 
19421,0.05581 
19422,0.08867 
19423,0.12451 
19424,0.16850 
19425,0.21442 
19426,0.25247 
19427,0.27480 
19428,0.30418 
19429,0.34295 
19430,0.38880 
19431,0.43816 
19432,0.45641 
19433,0.43765 
19434,0.41618 
19435,0.39391 
19436,0.38298 
19437,0.38829 
19438,0.40250 
19439,0.42529 
19440,0.43929 
19441,0.44034 
19442,0.43930 
19443,0.43631 
19444,0.43232 
19445,0.42725 
19446,0.42975 
19447,0.44303 
19448,0.46286 
19449,0.48561 
19450,0.50984 
19451,0.52285 
19452,0.49866 
19453,0.44159 
19454,0.42188 
19455,0.44554 
19456,0.50317 
19457,0.58391 
19458,0.60217 
19459,0.55764 
19460,0.50740 
19461,0.45159 
19462,0.42403 
19463,0.42081 
19464,0.42565 
19465,0.43619 
19466,0.44998 
19467,0.46520 
19468,0.48531 
19469,0.50957 
19470,0.50940 
19471,0.48658 
19472,0.46342 
19473,0.43837 
19474,0.39405 
19475,0.32910 
19476,0.27193 
19477,0.21735 
19478,0.23512 
19479,0.32939 
19480,0.44345 
19481,0.55632 
19482,0.61065 
19483,0.60733 
19484,0.60394 
19485,0.59889 
19486,0.63656 
19487,0.71201 
19488,0.79043 
19489,0.86899 
19490,0.93844 
19491,0.99847 
19492,1.03930 
19493,1.08213 
19494,1.08870 
19495,1.06149 
19496,1.03246 
19497,0.98539 
19498,0.95192 
19499,0.93276 
19500,0.91303 
19501,0.89219 
19502,0.89797 
19503,0.92801 
19504,0.96038 
19505,0.99285 
19506,0.96691 
19507,0.88305 
19508,0.79882 
19509,0.71094 
19510,0.65097 
19511,0.62743 
19512,0.60412 
19513,0.58002 
19514,0.53098 
19515,0.46087 
19516,0.40221 
19517,0.34783 
19518,0.31674 
19519,0.30949 
19520,0.28977 
19521,0.26265 
19522,0.25364 
19523,0.26704 
19524,0.29269 
19525,0.35105 
19526,0.42035 
19527,0.47742 
19528,0.48829 
19529,0.45017 
19530,0.44074 
19531,0.47626 
19532,0.52944 
19533,0.61117 
19534,0.63353 
19535,0.59739 
19536,0.54762 
19537,0.48956 
19538,0.47472 
19539,0.50218 
19540,0.51804 
19541,0.51766 
19542,0.47695 
19543,0.39950 
19544,0.35374 
19545,0.34011 
19546,0.33486 
19547,0.33633 
19548,0.33003 
19549,0.31590 
19550,0.28368 
19551,0.24175 
19552,0.20417 
19553,0.17194 
19554,0.15399 
19555,0.15201 
19556,0.13549 
19557,0.11948 
19558,0.11492 
19559,0.12017 
19560,0.12047 
19561,0.11644 
19562,0.11077 
19563,0.10253 
19564,0.09842 
19565,0.09831 
19566,0.09412 
19567,0.08589 
19568,0.07731 
19569,0.06877 
19570,0.05542 
19571,0.03957 
19572,0.02475 
19573,0.01447 
19574,0.01083 
19575,0.01387 
19576,0.01695 
19577,0.02005 
19578,0.02021 
19579,0.01730 
19580,0.01438 
19581,0.01138 
19582,0.01429 
19583,0.02342 
19584,0.03468 
19585,0.04969 
19586,0.06213 
19587,0.07208 
19588,0.08501 
19589,0.09830 
19590,0.09706 
19591,0.08147 
19592,0.06734 
19593,0.05565 
19594,0.04636 
19595,0.03983 
19596,0.03310 
19597,0.02878 
19598,0.02663 
19599,0.02673 
19600,0.02682 
19601,0.02691 
19602,0.02228 
19603,0.01280 
19604,0.00538 
19605,0.00339 
19606,0.00570 
19607,0.01275 
19608,0.01989 
19609,0.02709 
19610,0.03714 
19611,0.05786 
19612,0.08408 
19613,0.10936 
19614,0.13989 
19615,0.17891 
19616,0.21485 
19617,0.24130 
19618,0.26760 
19619,0.28747 
19620,0.31090 
19621,0.33703 
19622,0.35922 
19623,0.37464 
19624,0.38870 
19625,0.39969 
19626,0.41813 
19627,0.44414 
19628,0.46199 
19629,0.46807 
19630,0.47637 
19631,0.48555 
19632,0.49325 
19633,0.49532 
19634,0.49420 
19635,0.49005 
19636,0.48324 
19637,0.47465 
19638,0.47315 
19639,0.47686 
19640,0.48519 
19641,0.49147 
19642,0.47620 
19643,0.43925 
19644,0.40813 
19645,0.37823 
19646,0.35184 
19647,0.32811 
19648,0.29129 
19649,0.24836 
19650,0.22291 
19651,0.21931 
19652,0.22152 
19653,0.24438 
19654,0.23179 
19655,0.18412 
19656,0.13827 
19657,0.10862 
19658,0.09394 
19659,0.09049 
19660,0.08691 
19661,0.08331 
19662,0.08063 
19663,0.07849 
19664,0.07632 
19665,0.07394 
19666,0.06930 
19667,0.06208 
19668,0.05574 
19669,0.05043 
19670,0.04794 
19671,0.04830 
19672,0.04856 
19673,0.04882 
19674,0.04524 
19675,0.03772 
19676,0.03004 
19677,0.02392 
19678,0.02434 
19679,0.03168 
19680,0.04113 
19681,0.05116 
19682,0.06092 
19683,0.07067 
19684,0.08334 
19685,0.09609 
19686,0.11640 
19687,0.16128 
19688,0.21297 
19689,0.28080 
19690,0.32828 
19691,0.34935 
19692,0.37067 
19693,0.39510 
19694,0.37531 
19695,0.31909 
19696,0.26215 
19697,0.21470 
19698,0.19412 
19699,0.19365 
19700,0.19375 
19701,0.19328 
19702,0.20965 
19703,0.24178 
19704,0.28275 
19705,0.32486 
19706,0.35099 
19707,0.36992 
19708,0.40029 
19709,0.44474 
19710,0.50489 
19711,0.55786 
19712,0.63370 
19713,0.74010 
19714,0.75452 
19715,0.67302 
19716,0.59830 
19717,0.53164 
19718,0.50349 
19719,0.51028 
19720,0.52149 
19721,0.53927 
19722,0.54027 
19723,0.52711 
19724,0.50350 
19725,0.47085 
19726,0.44713 
19727,0.43123 
19728,0.42572 
19729,0.43043 
19730,0.43825 
19731,0.44908 
19732,0.45048 
19733,0.44206 
19734,0.44158 
19735,0.44638 
19736,0.44470 
19737,0.43518 
19738,0.41536 
19739,0.38476 
19740,0.34792 
19741,0.30834 
19742,0.27359 
19743,0.24704 
19744,0.22226 
19745,0.19953 
19746,0.17853 
19747,0.15952 
19748,0.13278 
19749,0.10415 
19750,0.08328 
19751,0.06907 
19752,0.05305 
19753,0.03520 
19754,0.01744 
19755,0.01179 
19756,0.01779 
19757,0.02387 
19758,0.02338 
19759,0.01613 
19760,0.00882 
19761,0.00366 
19762,0.00275 
19763,0.00247 
19764,0.00220 
19765,0.00192 
19766,0.00127 
19767,0.00025 
19768,0.00000 
19769,0.00000 
19770,0.00000 
19771,0.00000 
19772,0.00026 
19773,0.00133 
19774,0.00206 
19775,0.00243 
19776,0.00282 
19777,0.00322 
19778,0.00285 
19779,0.00166 
19780,0.00046 
19781,0.00000 
19782,0.00000 
19783,0.00000 
19784,0.00000 
19785,0.00000 
19786,0.00000 
19787,0.00000 
19788,0.00000 
19789,0.00000 
19790,0.00041 
19791,0.00265 
19792,0.00492 
19793,0.01311 
19794,0.01495 
19795,0.00774 
19796,0.00458 
19797,0.00306 
19798,0.00556 
19799,0.01245 
19800,0.01942 
19801,0.02645 
19802,0.04028 
19803,0.06061 
19804,0.07770 
19805,0.09822 
19806,0.12815 
19807,0.16692 
19808,0.19742 
19809,0.21340 
19810,0.23128 
19811,0.25112 
19812,0.27094 
19813,0.29143 
19814,0.31178 
19815,0.33166 
19816,0.34932 
19817,0.36389 
19818,0.38175 
19819,0.40375 
19820,0.41737 
19821,0.42234 
19822,0.42509 
19823,0.42739 
19824,0.42321 
19825,0.40842 
19826,0.39865 
19827,0.39461 
19828,0.39117 
19829,0.38874 
19830,0.39080 
19831,0.39425 
19832,0.40458 
19833,0.41646 
19834,0.41333 
19835,0.39164 
19836,0.36181 
19837,0.32443 
19838,0.29874 
19839,0.28026 
19840,0.25231 
19841,0.22112 
19842,0.19128 
19843,0.16387 
19844,0.13807 
19845,0.11342 
19846,0.09051 
19847,0.06904 
19848,0.04763 
19849,0.03193 
19850,0.02311 
19851,0.02075 
19852,0.02203 
19853,0.02481 
19854,0.03171 
19855,0.03927 
19856,0.04691 
19857,0.05468 
19858,0.05348 
19859,0.04312 
19860,0.03259 
19861,0.02304 
19862,0.01833 
19863,0.01565 
19864,0.01294 
19865,0.01020 
19866,0.00885 
19867,0.00893 
19868,0.00902 
19869,0.00908 
19870,0.00558 
19871,0.00337 
19872,0.00184 
19873,0.00020 
19874,0.00000 
19875,0.00089 
19876,0.00193 
19877,0.00297 
19878,0.00463 
19879,0.01344 
19880,0.02458 
19881,0.03880 
19882,0.05863 
19883,0.08362 
19884,0.11380 
19885,0.15733 
19886,0.19053 
19887,0.20193 
19888,0.21347 
19889,0.22515 
19890,0.21722 
19891,0.18901 
19892,0.16140 
19893,0.13338 
19894,0.12356 
19895,0.12231 
19896,0.12096 
19897,0.12009 
19898,0.13573 
19899,0.16772 
19900,0.19391 
19901,0.22783 
19902,0.26395 
19903,0.29519 
19904,0.32267 
19905,0.33654 
19906,0.36375 
19907,0.40300 
19908,0.43548 
19909,0.44987 
19910,0.45960 
19911,0.46610 
19912,0.47009 
19913,0.47141 
19914,0.47700 
19915,0.48571 
19916,0.49009 
19917,0.48744 
19918,0.47543 
19919,0.45343 
19920,0.43977 
19921,0.43405 
19922,0.44228 
19923,0.46155 
19924,0.49561 
19925,0.54878 
19926,0.58724 
19927,0.60928 
19928,0.60520 
19929,0.57659 
19930,0.55684 
19931,0.54744 
19932,0.54918 
19933,0.56233 
19934,0.57311 
19935,0.57941 
19936,0.57767 
19937,0.56831 
19938,0.51049 
19939,0.40439 
19940,0.29911 
19941,0.21295 
19942,0.16497 
19943,0.14798 
19944,0.13203 
19945,0.11459 
19946,0.11209 
19947,0.13611 
19948,0.16855 
19949,0.21632 
19950,0.27007 
19951,0.33499 
19952,0.40274 
19953,0.46955 
19954,0.50352 
19955,0.50588 
19956,0.50827 
19957,0.51068 
19958,0.47970 
19959,0.41632 
19960,0.34962 
19961,0.28454 
19962,0.26554 
19963,0.28289 
19964,0.30120 
19965,0.32217 
19966,0.34859 
19967,0.38193 
19968,0.41592 
19969,0.45265 
19970,0.41507 
19971,0.30991 
19972,0.21510 
19973,0.14631 
19974,0.10909 
19975,0.09398 
19976,0.07853 
19977,0.06540 
19978,0.05705 
19979,0.05202 
19980,0.04703 
19981,0.04180 
19982,0.03414 
19983,0.02740 
19984,0.02103 
19985,0.01465 
19986,0.01321 
19987,0.01669 
19988,0.02005 
19989,0.02334 
19990,0.02539 
19991,0.02662 
19992,0.02798 
19993,0.02938 
19994,0.03202 
19995,0.03594 
19996,0.04895 
19997,0.07102 
19998,0.09150 
19999,0.11128 
20000,0.13026 
20001,0.14678 
20002,0.16307 
20003,0.17801 
20004,0.19820 
20005,0.22687 
20006,0.26324 
20007,0.30960 
20008,0.32226 
20009,0.29634 
20010,0.27764 
20011,0.26692 
20012,0.25000 
20013,0.22927 
20014,0.20312 
20015,0.17154 
20016,0.16524 
20017,0.18131 
20018,0.19670 
20019,0.21151 
20020,0.21044 
20021,0.19443 
20022,0.18189 
20023,0.17253 
20024,0.17734 
20025,0.20039 
20026,0.21908 
20027,0.23267 
20028,0.21855 
20029,0.17932 
20030,0.14266 
20031,0.11314 
20032,0.10801 
20033,0.12393 
20034,0.13055 
20035,0.12703 
20036,0.11576 
20037,0.09834 
20038,0.08911 
20039,0.08989 
20040,0.08678 
20041,0.08205 
20042,0.06571 
20043,0.04916 
20044,0.04417 
20045,0.03914 
20046,0.03674 
20047,0.03690 
20048,0.03706 
20049,0.03731 
20050,0.03748 
20051,0.03773 
20052,0.03790 
20053,0.03816 
20054,0.03141 
20055,0.02031 
20056,0.01133 
20057,0.00398 
20058,0.00387 
20059,0.00948 
20060,0.01762 
20061,0.02591 
20062,0.02704 
20063,0.02075 
20064,0.01417 
20065,0.00726 
20066,0.00404 
20067,0.00253 
20068,0.00099 
20069,0.00000 
20070,0.00000 
20071,0.00000 
20072,0.00000 
20073,0.00050 
20074,0.00000 
20075,0.00000 
20076,0.00000 
20077,0.00000 
20078,0.00000 
20079,0.00000 
20080,0.00000 
20081,0.00000 
20082,0.00000 
20083,0.00000 
20084,0.00000 
20085,0.00000 
20086,0.00237 
20087,0.00867 
20088,0.01452 
20089,0.02025 
20090,0.03399 
20091,0.05977 
20092,0.07667 
20093,0.07455 
20094,0.07050 
20095,0.07273 
20096,0.08340 
20097,0.10162 
20098,0.12295 
20099,0.14682 
20100,0.14852 
20101,0.12783 
20102,0.10321 
20103,0.08695 
20104,0.09272 
20105,0.12597 
20106,0.15582 
20107,0.18284 
20108,0.20229 
20109,0.21460 
20110,0.23567 
20111,0.26530 
20112,0.26909 
20113,0.24591 
20114,0.23069 
20115,0.22504 
20116,0.21490 
20117,0.20086 
20118,0.18910 
20119,0.17502 
20120,0.16175 
20121,0.14693 
20122,0.12565 
20123,0.10140 
20124,0.09799 
20125,0.11508 
20126,0.13191 
20127,0.14493 
20128,0.14324 
20129,0.12735 
20130,0.11868 
20131,0.11750 
20132,0.11501 
20133,0.10815 
20134,0.09623 
20135,0.07363 
20136,0.05829 
20137,0.04979 
20138,0.03655 
20139,0.02178 
20140,0.01170 
20141,0.00589 
20142,0.00428 
20143,0.00693 
20144,0.00959 
20145,0.01231 
20146,0.01239 
20147,0.00979 
20148,0.00715 
20149,0.00448 
20150,0.00406 
20151,0.00410 
20152,0.00415 
20153,0.00419 
20154,0.00378 
20155,0.00291 
20156,0.00202 
20157,0.00111 
20158,0.00184 
20159,0.00430 
20160,0.01426 
20161,0.02671 
20162,0.03533 
20163,0.03544 
20164,0.03555 
20165,0.03557 
20166,0.03393 
20167,0.03041 
20168,0.02820 
20169,0.02601 
20170,0.02231 
20171,0.01728 
20172,0.01209 
20173,0.00681 
20174,0.00497 
20175,0.00421 
20176,0.00346 
20177,0.00270 
20178,0.00232 
20179,0.00233 
20180,0.00232 
20181,0.00232 
20182,0.00455 
20183,0.01180 
20184,0.01834 
20185,0.02715 
20186,0.04210 
20187,0.06481 
20188,0.08105 
20189,0.08951 
20190,0.11731 
20191,0.17535 
20192,0.21868 
20193,0.22965 
20194,0.24658 
20195,0.28610 
20196,0.32249 
20197,0.35100 
20198,0.36044 
20199,0.34705 
20200,0.33022 
20201,0.31371 
20202,0.30638 
20203,0.30895 
20204,0.28733 
20205,0.24269 
20206,0.18398 
20207,0.16344 
20208,0.16193 
20209,0.19002 
20210,0.23409 
20211,0.29334 
20212,0.28616 
20213,0.21496 
20214,0.15877 
20215,0.13768 
20216,0.14599 
20217,0.17298 
20218,0.18045 
20219,0.14825 
20220,0.13854 
20221,0.15105 
20222,0.17878 
20223,0.22149 
20224,0.25237 
20225,0.27676 
20226,0.28434 
20227,0.27451 
20228,0.27092 
20229,0.27351 
20230,0.25969 
20231,0.22502 
20232,0.18635 
20233,0.13762 
20234,0.12214 
20235,0.13858 
20236,0.16088 
20237,0.19333 
20238,0.20254 
20239,0.18221 
20240,0.16601 
20241,0.15139 
20242,0.12995 
20243,0.10110 
20244,0.08523 
20245,0.06935 
20246,0.05179 
20247,0.03463 
20248,0.02022 
20249,0.00896 
20250,0.00378 
20251,0.00290 
20252,0.00201 
20253,0.00111 
20254,0.00081 
20255,0.00115 
20256,0.00151 
20257,0.00189 
20258,0.00098 
20259,0.00000 
20260,0.00000 
20261,0.00000 
20262,0.00000 
20263,0.00000 
20264,0.00000 
20265,0.00000 
20266,0.00000 
20267,0.00000 
20268,0.00000 
20269,0.00000 
20270,0.00000 
20271,0.00000 
20272,0.00000 
20273,0.00000 
20274,0.00000 
20275,0.00000 
20276,0.00000 
20277,0.00000 
20278,0.00082 
20279,0.00989 
20280,0.01673 
20281,0.02356 
20282,0.03305 
20283,0.05145 
20284,0.07608 
20285,0.09972 
20286,0.12560 
20287,0.15472 
20288,0.18249 
20289,0.20730 
20290,0.23004 
20291,0.25226 
20292,0.27236 
20293,0.29189 
20294,0.31645 
20295,0.34730 
20296,0.36141 
20297,0.35748 
20298,0.35652 
20299,0.36235 
20300,0.37354 
20301,0.39110 
20302,0.40812 
20303,0.42211 
20304,0.42961 
20305,0.43036 
20306,0.42874 
20307,0.42496 
20308,0.42649 
20309,0.43569 
20310,0.44495 
20311,0.45166 
20312,0.44165 
20313,0.41503 
20314,0.39896 
20315,0.39438 
20316,0.40866 
20317,0.44190 
20318,0.44653 
20319,0.41990 
20320,0.38424 
20321,0.33938 
20322,0.30190 
20323,0.26746 
20324,0.22610 
20325,0.18566 
20326,0.16131 
20327,0.14562 
20328,0.12607 
20329,0.10734 
20330,0.09607 
20331,0.08801 
20332,0.08549 
20333,0.08870 
20334,0.11933 
20335,0.19154 
20336,0.28721 
20337,0.40197 
20338,0.41580 
20339,0.32529 
20340,0.24348 
20341,0.17080 
20342,0.14008 
20343,0.13289 
20344,0.12562 
20345,0.11853 
20346,0.14246 
20347,0.20370 
20348,0.28290 
20349,0.37578 
20350,0.38326 
20351,0.29959 
20352,0.22412 
20353,0.16296 
20354,0.14202 
20355,0.15825 
20356,0.17504 
20357,0.19151 
20358,0.19634 
20359,0.18830 
20360,0.18060 
20361,0.17273 
20362,0.15753 
20363,0.13494 
20364,0.11980 
20365,0.10732 
20366,0.10133 
20367,0.10196 
20368,0.10259 
20369,0.10324 
20370,0.08903 
20371,0.06391 
20372,0.04268 
20373,0.02554 
20374,0.02449 
20375,0.04877 
20376,0.07395 
20377,0.09882 
20378,0.11542 
20379,0.12183 
20380,0.12720 
20381,0.13012 
20382,0.13781 
20383,0.14846 
20384,0.16769 
20385,0.19870 
20386,0.22221 
20387,0.24239 
20388,0.25115 
20389,0.24964 
20390,0.25807 
20391,0.27738 
20392,0.29674 
20393,0.31412 
20394,0.33442 
20395,0.35313 
20396,0.37687 
20397,0.40495 
20398,0.43130 
20399,0.45953 
20400,0.48570 
20401,0.50595 
20402,0.49834 
20403,0.46624 
20404,0.43837 
20405,0.40330 
20406,0.38785 
20407,0.38964 
20408,0.37207 
20409,0.33855 
20410,0.30994 
20411,0.28710 
20412,0.28232 
20413,0.29160 
20414,0.29488 
20415,0.29096 
20416,0.28068 
20417,0.26460 
20418,0.25044 
20419,0.23407 
20420,0.20243 
20421,0.16440 
20422,0.13339 
20423,0.11735 
20424,0.10931 
20425,0.10158 
20426,0.08360 
20427,0.05708 
20428,0.03804 
20429,0.02375 
20430,0.01760 
20431,0.01506 
20432,0.01248 
20433,0.00986 
20434,0.01127 
20435,0.01679 
20436,0.02231 
20437,0.02963 
20438,0.03509 
20439,0.03743 
20440,0.03980 
20441,0.04218 
20442,0.04745 
20443,0.05568 
20444,0.06573 
20445,0.07721 
20446,0.07082 
20447,0.04996 
20448,0.03070 
20449,0.01705 
20450,0.00954 
20451,0.00792 
20452,0.00629 
20453,0.00509 
20454,0.00514 
20455,0.00641 
20456,0.00820 
20457,0.00999 
20458,0.01444 
20459,0.02159 
20460,0.02888 
20461,0.03839 
20462,0.04912 
20463,0.05911 
20464,0.06917 
20465,0.08086 
20466,0.08574 
20467,0.08168 
20468,0.07764 
20469,0.07408 
20470,0.07388 
20471,0.08202 
20472,0.09588 
20473,0.10966 
20474,0.11355 
20475,0.11329 
20476,0.11581 
20477,0.12167 
20478,0.14507 
20479,0.17958 
20480,0.21462 
20481,0.25587 
20482,0.30895 
20483,0.37724 
20484,0.42007 
20485,0.42960 
20486,0.43964 
20487,0.45436 
20488,0.44868 
20489,0.41753 
20490,0.39493 
20491,0.37798 
20492,0.39498 
20493,0.45612 
20494,0.49900 
20495,0.52748 
20496,0.54376 
20497,0.54624 
20498,0.57167 
20499,0.62177 
20500,0.65912 
20501,0.67951 
20502,0.69774 
20503,0.72005 
20504,0.75970 
20505,0.81879 
20506,0.85308 
20507,0.85903 
20508,0.85663 
20509,0.84293 
20510,0.85988 
20511,0.90635 
20512,0.93132 
20513,0.93222 
20514,0.91092 
20515,0.88038 
20516,0.85967 
20517,0.84117 
20518,0.81050 
20519,0.76019 
20520,0.70167 
20521,0.64423 
20522,0.59794 
20523,0.56466 
20524,0.53645 
20525,0.50839 
20526,0.46736 
20527,0.41133 
20528,0.35176 
20529,0.29212 
20530,0.23925 
20531,0.18355 
20532,0.14335 
20533,0.10339 
20534,0.10052 
20535,0.12879 
20536,0.15965 
20537,0.19216 
20538,0.20329 
20539,0.18387 
20540,0.16831 
20541,0.15288 
20542,0.14716 
20543,0.15234 
20544,0.15789 
20545,0.16429 
20546,0.19561 
20547,0.26273 
20548,0.34142 
20549,0.43206 
20550,0.48240 
20551,0.48795 
20552,0.49362 
20553,0.49943 
20554,0.53620 
20555,0.60393 
20556,0.66984 
20557,0.73872 
20558,0.70968 
20559,0.58741 
20560,0.45592 
20561,0.33578 
20562,0.24734 
20563,0.19938 
20564,0.15198 
20565,0.11946 
20566,0.10587 
20567,0.10939 
20568,0.11732 
20569,0.12575 
20570,0.12675 
20571,0.12169 
20572,0.12408 
20573,0.13069 
20574,0.13933 
20575,0.15851 
20576,0.16865 
20577,0.16791 
20578,0.16810 
20579,0.16634 
20580,0.18193 
20581,0.21906 
20582,0.26975 
20583,0.33338 
20584,0.33749 
20585,0.27659 
20586,0.20881 
20587,0.16662 
20588,0.16188 
20589,0.16822 
20590,0.16529 
20591,0.15424 
20592,0.15696 
20593,0.20623 
20594,0.28826 
20595,0.36273 
20596,0.36510 
20597,0.29776 
20598,0.24489 
20599,0.20627 
20600,0.18698 
20601,0.18638 
20602,0.17448 
20603,0.15925 
20604,0.15480 
20605,0.17744 
20606,0.21590 
20607,0.24306 
20608,0.22992 
20609,0.18368 
20610,0.14709 
20611,0.12026 
20612,0.10261 
20613,0.09018 
20614,0.07808 
20615,0.06620 
20616,0.05437 
20617,0.04857 
20618,0.03598 
20619,0.02842 
20620,0.03518 
20621,0.04069 
20622,0.04928 
20623,0.05964 
20624,0.07400 
20625,0.08838 
20626,0.09117 
20627,0.08222 
20628,0.07317 
20629,0.06403 
20630,0.06660 
20631,0.08115 
20632,0.09579 
20633,0.11066 
20634,0.11708 
20635,0.10681 
20636,0.09946 
20637,0.09200 
20638,0.08359 
20639,0.07411 
20640,0.06527 
20641,0.05802 
20642,0.05627 
20643,0.06074 
20644,0.06525 
20645,0.06983 
20646,0.06834 
20647,0.06080 
20648,0.05287 
20649,0.04475 
20650,0.03864 
20651,0.03457 
20652,0.03200 
20653,0.02929 
20654,0.03095 
20655,0.03762 
20656,0.04682 
20657,0.05602 
20658,0.04900 
20659,0.02918 
20660,0.01450 
20661,0.00474 
20662,0.00310 
20663,0.00553 
20664,0.01093 
20665,0.01634 
20666,0.02190 
20667,0.02767 
20668,0.04304 
20669,0.06806 
20670,0.10175 
20671,0.14805 
20672,0.15895 
20673,0.12735 
20674,0.09629 
20675,0.07343 
20676,0.08909 
20677,0.14052 
20678,0.18759 
20679,0.22981 
20680,0.24794 
20681,0.24248 
20682,0.24833 
20683,0.26385 
20684,0.24856 
20685,0.20247 
20686,0.14869 
20687,0.09461 
20688,0.09371 
20689,0.14176 
20690,0.18283 
20691,0.21299 
20692,0.22501 
20693,0.21907 
20694,0.22502 
20695,0.24247 
20696,0.23606 
20697,0.20538 
20698,0.17453 
20699,0.14631 
20700,0.13414 
20701,0.13607 
20702,0.13607 
20703,0.13420 
20704,0.12574 
20705,0.11024 
20706,0.09510 
20707,0.09926 
20708,0.08658 
20709,0.07733 
20710,0.07331 
20711,0.06882 
20712,0.05176 
20713,0.03410 
20714,0.02181 
20715,0.01262 
20716,0.00600 
20717,0.00367 
20718,0.00408 
20719,0.00348 
20720,0.00286 
20721,0.00225 
20722,0.00178 
20723,0.00147 
20724,0.00115 
20725,0.00084 
20726,0.00117 
20727,0.00216 
20728,0.00317 
20729,0.00420 
20730,0.00423 
20731,0.00325 
20732,0.00225 
20733,0.00124 
20734,0.00038 
20735,0.00000 
20736,0.00000 
20737,0.00000 
20738,0.00000 
20739,0.00000 
20740,0.00000 
20741,0.00000 
20742,0.00000 
20743,0.00000 
20744,0.00000 
20745,0.00000 
20746,0.00000 
20747,0.00000 
20748,0.00000 
20749,0.00000 
20750,0.00000 
20751,0.00000 
20752,0.00000 
20753,0.00000 
20754,0.00000 
20755,0.00000 
20756,0.00000 
20757,0.00000 
20758,0.00000 
20759,0.00094 
20760,0.00294 
20761,0.00493 
20762,0.01026 
20763,0.01906 
20764,0.03620 
20765,0.06177 
20766,0.09085 
20767,0.12626 
20768,0.15957 
20769,0.18938 
20770,0.22686 
20771,0.27084 
20772,0.29398 
20773,0.29102 
20774,0.29243 
20775,0.29765 
20776,0.30093 
20777,0.30383 
20778,0.30103 
20779,0.29356 
20780,0.30486 
20781,0.33624 
20782,0.36761 
20783,0.40013 
20784,0.40365 
20785,0.38042 
20786,0.36287 
20787,0.35150 
20788,0.35522 
20789,0.37486 
20790,0.39950 
20791,0.42222 
20792,0.41993 
20793,0.39372 
20794,0.37077 
20795,0.35063 
20796,0.32588 
20797,0.29771 
20798,0.27080 
20799,0.24741 
20800,0.22117 
20801,0.19068 
20802,0.15742 
20803,0.12460 
20804,0.11009 
20805,0.10407 
20806,0.09351 
20807,0.07546 
20808,0.04811 
20809,0.03078 
20810,0.02172 
20811,0.01257 
20812,0.00400 
20813,0.00000 
20814,0.00000 
20815,0.00000 
20816,0.00000 
20817,0.00000 
20818,0.00000 
20819,0.00067 
20820,0.00322 
20821,0.00963 
20822,0.01317 
20823,0.00785 
20824,0.00441 
20825,0.00329 
20826,0.00222 
20827,0.00122 
20828,0.00021 
20829,0.00000 
20830,0.00000 
20831,0.00000 
20832,0.00087 
20833,0.00184 
20834,0.00234 
20835,0.00235 
20836,0.00236 
20837,0.00238 
20838,0.00249 
20839,0.00271 
20840,0.00294 
20841,0.00317 
20842,0.00289 
20843,0.00210 
20844,0.00129 
20845,0.00046 
20846,0.00004 
20847,0.00004 
20848,0.00004 
20849,0.00004 
20850,0.00047 
20851,0.00133 
20852,0.00218 
20853,0.00303 
20854,0.00301 
20855,0.00751 
20856,0.01810 
20857,0.02888 
20858,0.03635 
20859,0.05412 
20860,0.09249 
20861,0.11977 
20862,0.14114 
20863,0.16774 
20864,0.18812 
20865,0.20261 
20866,0.21285 
20867,0.21747 
20868,0.22363 
20869,0.23159 
20870,0.23934 
20871,0.24529 
20872,0.25458 
20873,0.26775 
20874,0.27883 
20875,0.28672 
20876,0.30277 
20877,0.32652 
20878,0.35603 
20879,0.39088 
20880,0.39190 
20881,0.35979 
20882,0.33664 
20883,0.32326 
20884,0.30955 
20885,0.29456 
20886,0.27721 
20887,0.25730 
20888,0.25400 
20889,0.26591 
20890,0.27987 
20891,0.29563 
20892,0.27904 
20893,0.23403 
20894,0.18535 
20895,0.15448 
20896,0.14401 
20897,0.14628 
20898,0.15015 
20899,0.14381 
20900,0.13092 
20901,0.11156 
20902,0.09554 
20903,0.07758 
20904,0.04983 
20905,0.03056 
20906,0.01699 
20907,0.00639 
20908,0.00203 
20909,0.00000 
20910,0.00000 
20911,0.00000 
20912,0.00000 
20913,0.00000 
20914,0.00000 
20915,0.00000 
20916,0.00000 
20917,0.00000 
20918,0.00000 
20919,0.00000 
20920,0.00000 
20921,0.00000 
20922,0.00000 
20923,0.00000 
20924,0.00000 
20925,0.00000 
20926,0.00000 
20927,0.00000 
20928,0.00000 
20929,0.00000 
20930,0.00013 
20931,0.00032 
20932,0.00052 
20933,0.00071 
20934,0.00100 
20935,0.00140 
20936,0.00181 
20937,0.00223 
20938,0.00155 
20939,0.00000 
20940,0.00000 
20941,0.00000 
20942,0.00000 
20943,0.00000 
20944,0.00000 
20945,0.00000 
20946,0.00000 
20947,0.00182 
20948,0.00412 
20949,0.00706 
20950,0.00804 
20951,0.00886 
20952,0.01590 
20953,0.02303 
20954,0.03593 
20955,0.05538 
20956,0.07953 
20957,0.11368 
20958,0.15145 
20959,0.19555 
20960,0.22109 
20961,0.21898 
20962,0.20076 
20963,0.17979 
20964,0.17360 
20965,0.17146 
20966,0.17139 
20967,0.17315 
20968,0.18600 
20969,0.21977 
20970,0.26128 
20971,0.29845 
20972,0.33162 
20973,0.36669 
20974,0.38833 
20975,0.40083 
20976,0.39412 
20977,0.36870 
20978,0.35582 
20979,0.35110 
20980,0.34617 
20981,0.33992 
20982,0.34343 
20983,0.35494 
20984,0.33971 
20985,0.29975 
20986,0.26839 
20987,0.24818 
20988,0.22901 
20989,0.20980 
20990,0.17538 
20991,0.13822 
20992,0.11899 
20993,0.11291 
20994,0.10971 
20995,0.10936 
20996,0.10913 
20997,0.10535 
20998,0.09761 
20999,0.08122 
21000,0.06519 
21001,0.05284 
21002,0.04045 
21003,0.02920 
21004,0.02023 
21005,0.01536 
21006,0.01403 
21007,0.01272 
21008,0.01136 
21009,0.01000 
21010,0.01005 
21011,0.01158 
21012,0.01311 
21013,0.01464 
21014,0.01471 
21015,0.01328 
21016,0.01183 
21017,0.01036 
21018,0.01813 
21019,0.03950 
21020,0.06733 
21021,0.10512 
21022,0.13972 
21023,0.15849 
21024,0.17853 
21025,0.19957 
21026,0.22196 
21027,0.25383 
21028,0.28766 
21029,0.32169 
21030,0.31641 
21031,0.27183 
21032,0.22937 
21033,0.19672 
21034,0.16459 
21035,0.13471 
21036,0.11791 
21037,0.10080 
21038,0.09605 
21039,0.10451 
21040,0.11268 
21041,0.12085 
21042,0.11001 
21043,0.07963 
21044,0.05715 
21045,0.03482 
21046,0.02749 
21047,0.03144 
21048,0.04031 
21049,0.04915 
21050,0.06333 
21051,0.08777 
21052,0.11610 
21053,0.15188 
21054,0.18408 
21055,0.20768 
21056,0.22838 
21057,0.24987 
21058,0.28758 
21059,0.33680 
21060,0.38883 
21061,0.43468 
21062,0.47624 
21063,0.51632 
21064,0.55484 
21065,0.58674 
21066,0.61507 
21067,0.64279 
21068,0.66796 
21069,0.68589 
21070,0.66394 
21071,0.61140 
21072,0.56486 
21073,0.53225 
21074,0.52249 
21075,0.53161 
21076,0.53938 
21077,0.55248 
21078,0.58040 
21079,0.62936 
21080,0.68005 
21081,0.73111 
21082,0.74290 
21083,0.71020 
21084,0.67627 
21085,0.64140 
21086,0.63284 
21087,0.65463 
21088,0.67093 
21089,0.68499 
21090,0.68436 
21091,0.66660 
21092,0.63263 
21093,0.58852 
21094,0.56939 
21095,0.57190 
21096,0.57999 
21097,0.58756 
21098,0.56481 
21099,0.51039 
21100,0.45933 
21101,0.41030 
21102,0.38079 
21103,0.37073 
21104,0.36048 
21105,0.35003 
21106,0.35183 
21107,0.36690 
21108,0.38206 
21109,0.39731 
21110,0.38517 
21111,0.34351 
21112,0.30369 
21113,0.26953 
21114,0.25697 
21115,0.26827 
21116,0.27917 
21117,0.29029 
21118,0.29970 
21119,0.30750 
21120,0.31653 
21121,0.32523 
21122,0.37319 
21123,0.47528 
21124,0.57574 
21125,0.67208 
21126,0.73858 
21127,0.77682 
21128,0.81596 
21129,0.85602 
21130,0.90145 
21131,0.94651 
21132,0.99213 
21133,1.03833 
21134,1.08764 
21135,1.14689 
21136,1.18895 
21137,1.22040 
21138,1.23327 
21139,1.23380 
21140,1.23801 
21141,1.23854 
21142,1.20893 
21143,1.11102 
21144,0.95902 
21145,0.78270 
21146,0.67437 
21147,0.64201 
21148,0.61048 
21149,0.57447 
21150,0.58765 
21151,0.64338 
21152,0.70962 
21153,0.78719 
21154,0.85372 
21155,0.92606 
21156,0.92333 
21157,0.83308 
21158,0.75609 
21159,0.69914 
21160,0.65515 
21161,0.62669 
21162,0.61476 
21163,0.61881 
21164,0.58919 
21165,0.52183 
21166,0.48533 
21167,0.47918 
21168,0.50443 
21169,0.55453 
21170,0.58879 
21171,0.60867 
21172,0.64823 
21173,0.70905 
21174,0.78211 
21175,0.86313 
21176,0.90691 
21177,0.91712 
21178,0.87741 
21179,0.78347 
21180,0.66526 
21181,0.52361 
21182,0.42537 
21183,0.36079 
21184,0.30436 
21185,0.26048 
21186,0.22970 
21187,0.21580 
21188,0.21148 
21189,0.21314 
21190,0.19151 
21191,0.14632 
21192,0.11387 
21193,0.08638 
21194,0.06133 
21195,0.04653 
21196,0.03960 
21197,0.03328 
21198,0.03351 
21199,0.04036 
21200,0.04730 
21201,0.05422 
21202,0.05516 
21203,0.04967 
21204,0.04425 
21205,0.03878 
21206,0.03040 
21207,0.02173 
21208,0.01445 
21209,0.00710 
21210,0.00331 
21211,0.00114 
21212,0.00000 
21213,0.00000 
21214,0.00000 
21215,0.00000 
21216,0.00000 
21217,0.00000 
21218,0.00000 
21219,0.00000 
21220,0.00000 
21221,0.00000 
21222,0.00000 
21223,0.00000 
21224,0.00000 
21225,0.00000 
21226,0.00000 
21227,0.00000 
21228,0.00000 
21229,0.00000 
21230,0.00000 
21231,0.00000 
21232,0.00000 
21233,0.00000 
21234,0.00116 
21235,0.00340 
21236,0.00564 
21237,0.01464 
21238,0.02082 
21239,0.02577 
21240,0.03435 
21241,0.04313 
21242,0.05601 
21243,0.07659 
21244,0.09186 
21245,0.09475 
21246,0.10168 
21247,0.11698 
21248,0.14110 
21249,0.19061 
21250,0.25050 
21251,0.30095 
21252,0.31026 
21253,0.26940 
21254,0.25044 
21255,0.25287 
21256,0.24314 
21257,0.22734 
21258,0.18553 
21259,0.13566 
21260,0.11841 
21261,0.12712 
21262,0.13098 
21263,0.12791 
21264,0.13841 
21265,0.17041 
21266,0.21356 
21267,0.25748 
21268,0.26415 
21269,0.23365 
21270,0.21889 
21271,0.22083 
21272,0.19843 
21273,0.15108 
21274,0.10743 
21275,0.07006 
21276,0.06092 
21277,0.07538 
21278,0.07720 
21279,0.06394 
21280,0.05672 
21281,0.05502 
21282,0.05544 
21283,0.05814 
21284,0.06108 
21285,0.06507 
21286,0.07082 
21287,0.07743 
21288,0.07705 
21289,0.07003 
21290,0.07100 
21291,0.08854 
21292,0.11125 
21293,0.15769 
21294,0.18382 
21295,0.18519 
21296,0.18658 
21297,0.18800 
21298,0.19348 
21299,0.20306 
21300,0.21481 
21301,0.22750 
21302,0.22175 
21303,0.19961 
21304,0.18185 
21305,0.16400 
21306,0.15563 
21307,0.15685 
21308,0.15767 
21309,0.15892 
21310,0.16188 
21311,0.16676 
21312,0.17146 
21313,0.17694 
21314,0.19788 
21315,0.23487 
21316,0.28333 
21317,0.33566 
21318,0.35407 
21319,0.33674 
21320,0.31909 
21321,0.30204 
21322,0.31557 
21323,0.36158 
21324,0.40718 
21325,0.46034 
21326,0.51152 
21327,0.55788 
21328,0.60230 
21329,0.64736 
21330,0.73269 
21331,0.85342 
21332,0.96556 
21333,1.07130 
21334,1.05070 
21335,0.90651 
21336,0.76535 
21337,0.61611 
21338,0.55720 
21339,0.59080 
21340,0.62788 
21341,0.66781 
21342,0.67189 
21343,0.63562 
21344,0.58173 
21345,0.50896 
21346,0.46191 
21347,0.43122 
21348,0.42179 
21349,0.43630 
21350,0.45488 
21351,0.47365 
21352,0.46673 
21353,0.43863 
21354,0.41826 
21355,0.40638 
21356,0.39462 
21357,0.38336 
21358,0.36648 
21359,0.34744 
21360,0.34476 
21361,0.39305 
21362,0.47876 
21363,0.56624 
21364,0.56153 
21365,0.46410 
21366,0.37790 
21367,0.33826 
21368,0.34598 
21369,0.36758 
21370,0.35984 
21371,0.31909 
21372,0.28620 
21373,0.28525 
21374,0.29606 
21375,0.30222 
21376,0.29103 
21377,0.26270 
21378,0.25825 
21379,0.27577 
21380,0.29025 
21381,0.30227 
21382,0.26389 
21383,0.18013 
21384,0.12447 
21385,0.08413 
21386,0.06090 
21387,0.05879 
21388,0.06893 
21389,0.08043 
21390,0.08794 
21391,0.09165 
21392,0.09540 
21393,0.09945 
21394,0.10412 
21395,0.10940 
21396,0.11516 
21397,0.12489 
21398,0.17640 
21399,0.29528 
21400,0.44636 
21401,0.60541 
21402,0.70984 
21403,0.76701 
21404,0.82459 
21405,0.88142 
21406,0.89386 
21407,0.86019 
21408,0.82332 
21409,0.78431 
21410,0.69901 
21411,0.56067 
21412,0.41267 
21413,0.28695 
21414,0.21779 
21415,0.19108 
21416,0.16298 
21417,0.14000 
21418,0.13319 
21419,0.13455 
21420,0.13639 
21421,0.13781 
21422,0.13156 
21423,0.11807 
21424,0.10423 
21425,0.09077 
21426,0.09354 
21427,0.11256 
21428,0.13166 
21429,0.15023 
21430,0.15221 
21431,0.13464 
21432,0.12191 
21433,0.10979 
21434,0.11045 
21435,0.12327 
21436,0.14406 
21437,0.17300 
21438,0.22130 
21439,0.30691 
21440,0.38412 
21441,0.44339 
21442,0.42890 
21443,0.35457 
21444,0.30693 
21445,0.30312 
21446,0.33092 
21447,0.38784 
21448,0.41633 
21449,0.42588 
21450,0.43039 
21451,0.42510 
21452,0.43777 
21453,0.46837 
21454,0.49612 
21455,0.52092 
21456,0.52013 
21457,0.49391 
21458,0.46546 
21459,0.43591 
21460,0.41590 
21461,0.40524 
21462,0.39164 
21463,0.37544 
21464,0.38150 
21465,0.40598 
21466,0.42955 
21467,0.45108 
21468,0.45500 
21469,0.43963 
21470,0.43686 
21471,0.44201 
21472,0.40710 
21473,0.34983 
21474,0.31080 
21475,0.28758 
21476,0.27250 
21477,0.26001 
21478,0.24415 
21479,0.22501 
21480,0.21077 
21481,0.20221 
21482,0.18122 
21483,0.15761 
21484,0.14286 
21485,0.12868 
21486,0.13366 
21487,0.15740 
21488,0.18138 
21489,0.20927 
21490,0.24313 
21491,0.27735 
21492,0.31193 
21493,0.35019 
21494,0.34622 
21495,0.30030 
21496,0.25703 
21497,0.21260 
21498,0.18471 
21499,0.16083 
21500,0.13655 
21501,0.11674 
21502,0.11566 
21503,0.12772 
21504,0.14739 
21505,0.16837 
21506,0.18458 
21507,0.19585 
21508,0.20657 
21509,0.21795 
21510,0.20676 
21511,0.17247 
21512,0.13816 
21513,0.11906 
21514,0.10990 
21515,0.11097 
21516,0.11171 
21517,0.11281 
21518,0.09941 
21519,0.07493 
21520,0.05506 
21521,0.03541 
21522,0.02886 
21523,0.02887 
21524,0.02878 
21525,0.02879 
21526,0.02861 
21527,0.02940 
21528,0.03131 
21529,0.03327 
21530,0.03364 
21531,0.03251 
21532,0.02933 
21533,0.02749 
21534,0.02922 
21535,0.03440 
21536,0.03353 
21537,0.02700 
21538,0.02016 
21539,0.01312 
21540,0.01492 
21541,0.02753 
21542,0.03765 
21543,0.04483 
21544,0.05985 
21545,0.08451 
21546,0.10328 
21547,0.11481 
21548,0.12658 
21549,0.13800 
21550,0.15039 
21551,0.16302 
21552,0.16615 
21553,0.15896 
21554,0.15612 
21555,0.15713 
21556,0.15848 
21557,0.16050 
21558,0.16509 
21559,0.17292 
21560,0.15863 
21561,0.12046 
21562,0.08474 
21563,0.05164 
21564,0.04334 
21565,0.06008 
21566,0.07410 
21567,0.08541 
21568,0.08429 
21569,0.07089 
21570,0.05802 
21571,0.04569 
21572,0.03907 
21573,0.03867 
21574,0.03949 
21575,0.04069 
21576,0.03538 
21577,0.02354 
21578,0.00855 
21579,0.00000 
21580,0.00000 
21581,0.00000 
21582,0.00000 
21583,0.00000 
21584,0.00000 
21585,0.00000 
21586,0.00000 
21587,0.00000 
21588,0.00000 
21589,0.00000 
21590,0.00000 
21591,0.00000 
21592,0.00000 
21593,0.00000 
21594,0.00000 
21595,0.00000 
21596,0.00000 
21597,0.00000 
21598,0.00000 
21599,0.00000 
21600,0.00000 
21601,0.00000 
21602,0.00000 
21603,0.00163 
21604,0.00370 
21605,0.00633 
21606,0.01897 
21607,0.03564 
21608,0.06047 
21609,0.08910 
21610,0.10526 
21611,0.10216 
21612,0.09870 
21613,0.09550 
21614,0.09195 
21615,0.08808 
21616,0.08445 
21617,0.08079 
21618,0.08787 
21619,0.10677 
21620,0.12528 
21621,0.14387 
21622,0.18291 
21623,0.22933 
21624,0.28442 
21625,0.35031 
21626,0.36760 
21627,0.34347 
21628,0.32108 
21629,0.28555 
21630,0.24007 
21631,0.20888 
21632,0.18215 
21633,0.16088 
21634,0.16196 
21635,0.18145 
21636,0.18472 
21637,0.17708 
21638,0.15715 
21639,0.12562 
21640,0.12224 
21641,0.14564 
21642,0.17089 
21643,0.19778 
21644,0.22035 
21645,0.23960 
21646,0.26300 
21647,0.29159 
21648,0.30350 
21649,0.30220 
21650,0.30857 
21651,0.31918 
21652,0.31733 
21653,0.30246 
21654,0.30181 
21655,0.31404 
21656,0.31081 
21657,0.29469 
21658,0.26316 
21659,0.24673 
21660,0.26248 
21661,0.30544 
21662,0.35513 
21663,0.38078 
21664,0.34471 
21665,0.25839 
21666,0.19907 
21667,0.16609 
21668,0.14654 
21669,0.13788 
21670,0.11264 
21671,0.09082 
21672,0.07823 
21673,0.06539 
21674,0.06712 
21675,0.08276 
21676,0.09806 
21677,0.12306 
21678,0.12670 
21679,0.10356 
21680,0.09047 
21681,0.07702 
21682,0.06668 
21683,0.05947 
21684,0.05402 
21685,0.04853 
21686,0.04124 
21687,0.03214 
21688,0.02445 
21689,0.01858 
21690,0.01301 
21691,0.00774 
21692,0.00434 
21693,0.00324 
21694,0.00246 
21695,0.00201 
21696,0.00154 
21697,0.00103 
21698,0.00013 
21699,0.00000 
21700,0.00000 
21701,0.00000 
21702,0.00000 
21703,0.00000 
21704,0.00000 
21705,0.00000 
21706,0.00073 
21707,0.00211 
21708,0.00351 
21709,0.00493 
21710,0.00630 
21711,0.01017 
21712,0.01406 
21713,0.01798 
21714,0.02282 
21715,0.02864 
21716,0.03435 
21717,0.04308 
21718,0.05121 
21719,0.06035 
21720,0.07209 
21721,0.08384 
21722,0.09896 
21723,0.11929 
21724,0.13318 
21725,0.14064 
21726,0.13378 
21727,0.11569 
21728,0.09838 
21729,0.07816 
21730,0.06666 
21731,0.05786 
21732,0.06384 
21733,0.08358 
21734,0.09944 
21735,0.11130 
21736,0.11147 
21737,0.10488 
21738,0.10489 
21739,0.11344 
21740,0.11965 
21741,0.11903 
21742,0.11248 
21743,0.09711 
21744,0.10114 
21745,0.12365 
21746,0.14586 
21747,0.16707 
21748,0.17527 
21749,0.17018 
21750,0.16831 
21751,0.16935 
21752,0.18226 
21753,0.20616 
21754,0.23584 
21755,0.27231 
21756,0.27732 
21757,0.25220 
21758,0.22427 
21759,0.19913 
21760,0.18823 
21761,0.19700 
21762,0.21546 
21763,0.23208 
21764,0.21496 
21765,0.17757 
21766,0.16332 
21767,0.16642 
21768,0.18426 
21769,0.22580 
21770,0.25610 
21771,0.27711 
21772,0.30054 
21773,0.33012 
21774,0.35281 
21775,0.36953 
21776,0.38558 
21777,0.40275 
21778,0.39516 
21779,0.36250 
21780,0.32967 
21781,0.30046 
21782,0.28314 
21783,0.27647 
21784,0.27038 
21785,0.26356 
21786,0.24021 
21787,0.20091 
21788,0.17253 
21789,0.14334 
21790,0.11413 
21791,0.09652 
21792,0.07787 
21793,0.06178 
21794,0.05251 
21795,0.04852 
21796,0.04451 
21797,0.04047 
21798,0.04433 
21799,0.05605 
21800,0.06818 
21801,0.08195 
21802,0.09771 
21803,0.11241 
21804,0.12730 
21805,0.14422 
21806,0.14884 
21807,0.13593 
21808,0.12602 
21809,0.11641 
21810,0.11157 
21811,0.11125 
21812,0.11093 
21813,0.11062 
21814,0.11029 
21815,0.10927 
21816,0.10970 
21817,0.10971 
21818,0.11251 
21819,0.11753 
21820,0.12627 
21821,0.13804 
21822,0.14317 
21823,0.14215 
21824,0.14700 
21825,0.15718 
21826,0.16486 
21827,0.16889 
21828,0.17769 
21829,0.19091 
21830,0.22258 
21831,0.27371 
21832,0.29011 
21833,0.27133 
21834,0.25824 
21835,0.25485 
21836,0.23724 
21837,0.21069 
21838,0.19093 
21839,0.17622 
21840,0.16143 
21841,0.14664 
21842,0.12912 
21843,0.11221 
21844,0.10664 
21845,0.11107 
21846,0.11651 
21847,0.12082 
21848,0.11598 
21849,0.10139 
21850,0.08843 
21851,0.07712 
21852,0.07492 
21853,0.08400 
21854,0.08316 
21855,0.07194 
21856,0.07056 
21857,0.07921 
21858,0.09215 
21859,0.10823 
21860,0.09743 
21861,0.06498 
21862,0.04102 
21863,0.02441 
21864,0.01356 
21865,0.00982 
21866,0.00826 
21867,0.00686 
21868,0.00546 
21869,0.00443 
21870,0.00445 
21871,0.00555 
21872,0.00705 
21873,0.00858 
21874,0.00937 
21875,0.00941 
21876,0.00946 
21877,0.00948 
21878,0.01256 
21879,0.01872 
21880,0.02493 
21881,0.03311 
21882,0.03568 
21883,0.03110 
21884,0.02714 
21885,0.02418 
21886,0.02301 
21887,0.02362 
21888,0.02434 
21889,0.02502 
21890,0.03124 
21891,0.04875 
21892,0.06699 
21893,0.08919 
21894,0.10406 
21895,0.10915 
21896,0.11436 
21897,0.11933 
21898,0.12778 
21899,0.13882 
21900,0.15800 
21901,0.17796 
21902,0.20697 
21903,0.24494 
21904,0.29459 
21905,0.34685 
21906,0.40298 
21907,0.46938 
21908,0.53719 
21909,0.60600 
21910,0.61413 
21911,0.56910 
21912,0.52490 
21913,0.47988 
21914,0.43687 
21915,0.40354 
21916,0.36601 
21917,0.31962 
21918,0.29127 
21919,0.26365 
21920,0.23704 
21921,0.21345 
21922,0.19710 
21923,0.18710 
21924,0.19008 
21925,0.20557 
21926,0.23234 
21927,0.27124 
21928,0.26652 
21929,0.21891 
21930,0.16595 
21931,0.11297 
21932,0.10302 
21933,0.13191 
21934,0.15505 
21935,0.17269 
21936,0.18987 
21937,0.21464 
21938,0.23782 
21939,0.25192 
21940,0.25534 
21941,0.25190 
21942,0.25639 
21943,0.27387 
21944,0.26825 
21945,0.24018 
21946,0.22087 
21947,0.20981 
21948,0.19198 
21949,0.16777 
21950,0.14056 
21951,0.11785 
21952,0.10623 
21953,0.09956 
21954,0.09332 
21955,0.08721 
21956,0.07386 
21957,0.05417 
21958,0.03571 
21959,0.01788 
21960,0.00680 
21961,0.00215 
21962,0.00000 
21963,0.00000 
21964,0.00000 
21965,0.00000 
21966,0.00000 
21967,0.00000 
21968,0.00000 
21969,0.00000 
21970,0.00000 
21971,0.00000 
21972,0.00000 
21973,0.00000 
21974,0.00000 
21975,0.00000 
21976,0.00000 
21977,0.00000 
21978,0.00000 
21979,0.00000 
21980,0.00000 
21981,0.00000 
21982,0.00000 
21983,0.00000 
21984,0.00000 
21985,0.00000 
21986,0.00000 
21987,0.00000 
21988,0.00000 
21989,0.00000 
21990,0.00000 
21991,0.00000 
21992,0.00000 
21993,0.00000 
21994,0.00000 
21995,0.00000 
21996,0.00000 
21997,0.00000 
21998,0.00000 
21999,0.00000 
22000,0.00000 
22001,0.00000 
22002,0.00000 
22003,0.00000 
22004,0.00000 
22005,0.00000 
22006,0.00000 
22007,0.00308 
22008,0.00960 
22009,0.01614 
22010,0.02985 
22011,0.05313 
22012,0.07777 
22013,0.10420 
22014,0.12835 
22015,0.14332 
22016,0.15813 
22017,0.17771 
22018,0.19312 
22019,0.20047 
22020,0.22183 
22021,0.26256 
22022,0.30640 
22023,0.35005 
22024,0.37813 
22025,0.38630 
22026,0.40734 
22027,0.44016 
22028,0.44645 
22029,0.42245 
22030,0.39878 
22031,0.37608 
22032,0.36946 
22033,0.38082 
22034,0.38851 
22035,0.39232 
22036,0.39953 
22037,0.41089 
22038,0.42912 
22039,0.45477 
22040,0.44476 
22041,0.40306 
22042,0.36966 
22043,0.34467 
22044,0.31904 
22045,0.29201 
22046,0.26056 
22047,0.22650 
22048,0.20768 
22049,0.19712 
22050,0.18261 
22051,0.16379 
22052,0.13228 
22053,0.09908 
22054,0.07674 
22055,0.06230 
22056,0.03947 
22057,0.01182 
22058,0.00104 
22059,0.00192 
22060,0.00280 
22061,0.00369 
22062,0.00461 
22063,0.00746 
22064,0.01034 
22065,0.01324 
22066,0.01224 
22067,0.00726 
22068,0.00405 
22069,0.00300 
22070,0.00242 
22071,0.00229 
22072,0.00215 
22073,0.00202 
22074,0.00244 
22075,0.00343 
22076,0.00444 
22077,0.00752 
22078,0.01085 
22079,0.01279 
22080,0.01479 
22081,0.01694 
22082,0.02164 
22083,0.02894 
22084,0.03847 
22085,0.04992 
22086,0.05620 
22087,0.05705 
22088,0.05794 
22089,0.05903 
22090,0.05752 
22091,0.05335 
22092,0.04927 
22093,0.04497 
22094,0.05210 
22095,0.07072 
22096,0.09192 
22097,0.11738 
22098,0.12932 
22099,0.12854 
22100,0.12737 
22101,0.12623 
22102,0.11520 
22103,0.09758 
22104,0.08334 
22105,0.07439 
22106,0.08297 
22107,0.10982 
22108,0.13446 
22109,0.15892 
22110,0.19316 
22111,0.24095 
22112,0.28553 
22113,0.32537 
22114,0.37085 
22115,0.42775 
22116,0.44792 
22117,0.41952 
22118,0.39103 
22119,0.36562 
22120,0.36387 
22121,0.39243 
22122,0.40476 
22123,0.40566 
22124,0.39623 
22125,0.37731 
22126,0.37399 
22127,0.38347 
22128,0.37725 
22129,0.35714 
22130,0.33495 
22131,0.31089 
22132,0.31224 
22133,0.33702 
22134,0.36815 
22135,0.40547 
22136,0.40275 
22137,0.36106 
22138,0.32752 
22139,0.30167 
22140,0.28705 
22141,0.28106 
22142,0.25677 
22143,0.21678 
22144,0.19926 
22145,0.19859 
22146,0.19750 
22147,0.19455 
22148,0.17370 
22149,0.14559 
22150,0.12602 
22151,0.10976 
22152,0.08471 
22153,0.06271 
22154,0.05083 
22155,0.04123 
22156,0.03158 
22157,0.02308 
22158,0.01794 
22159,0.01383 
22160,0.00964 
22161,0.00542 
22162,0.00396 
22163,0.00337 
22164,0.00279 
22165,0.00219 
22166,0.00143 
22167,0.00050 
22168,0.00000 
22169,0.00000 
22170,0.00000 
22171,0.00000 
22172,0.00000 
22173,0.00000 
22174,0.00000 
22175,0.00000 
22176,0.00000 
22177,0.00000 
22178,0.00000 
22179,0.00000 
22180,0.00000 
22181,0.00000 
22182,0.00000 
22183,0.00000 
22184,0.00000 
22185,0.00000 
22186,0.00000 
22187,0.00000 
22188,0.00000 
22189,0.00000 
22190,0.00000 
22191,0.00000 
22192,0.00000 
22193,0.00000 
22194,0.00000 
22195,0.00000 
22196,0.00000 
22197,0.00057 
22198,0.00121 
22199,0.00359 
22200,0.00802 
22201,0.01251 
22202,0.02891 
22203,0.05968 
22204,0.08807 
22205,0.11738 
22206,0.15315 
22207,0.18825 
22208,0.22867 
22209,0.27427 
22210,0.30652 
22211,0.32018 
22212,0.32930 
22213,0.32961 
22214,0.33623 
22215,0.34983 
22216,0.35506 
22217,0.35089 
22218,0.35291 
22219,0.35954 
22220,0.36421 
22221,0.36762 
22222,0.36915 
22223,0.37058 
22224,0.37613 
22225,0.38614 
22226,0.39694 
22227,0.40890 
22228,0.42112 
22229,0.43334 
22230,0.44418 
22231,0.45274 
22232,0.45861 
22233,0.46548 
22234,0.45933 
22235,0.45013 
22236,0.41531 
22237,0.36090 
22238,0.31271 
22239,0.27035 
22240,0.24974 
22241,0.24088 
22242,0.22749 
22243,0.21029 
22244,0.17479 
22245,0.13556 
22246,0.11105 
22247,0.09582 
22248,0.07032 
22249,0.04439 
22250,0.03207 
22251,0.02572 
22252,0.02150 
22253,0.01719 
22254,0.01438 
22255,0.01305 
22256,0.01168 
22257,0.01029 
22258,0.00883 
22259,0.00732 
22260,0.00581 
22261,0.00471 
22262,0.00473 
22263,0.00588 
22264,0.00746 
22265,0.00907 
22266,0.01070 
22267,0.01238 
22268,0.01409 
22269,0.01582 
22270,0.02313 
22271,0.03986 
22272,0.06160 
22273,0.08839 
22274,0.09590 
22275,0.07852 
22276,0.06544 
22277,0.05258 
22278,0.04047 
22279,0.03102 
22280,0.02371 
22281,0.01620 
22282,0.01241 
22283,0.01250 
22284,0.01263 
22285,0.01272 
22286,0.01484 
22287,0.01899 
22288,0.02310 
22289,0.02729 
22290,0.02628 
22291,0.02007 
22292,0.01393 
22293,0.00775 
22294,0.00671 
22295,0.01069 
22296,0.01463 
22297,0.01853 
22298,0.03516 
22299,0.07126 
22300,0.11771 
22301,0.17604 
22302,0.21055 
22303,0.20231 
22304,0.21509 
22305,0.25869 
22306,0.30729 
22307,0.35773 
22308,0.39860 
22309,0.42506 
22310,0.44569 
22311,0.46188 
22312,0.46912 
22313,0.46858 
22314,0.47735 
22315,0.49741 
22316,0.51184 
22317,0.51679 
22318,0.52069 
22319,0.52132 
22320,0.52459 
22321,0.53370 
22322,0.54477 
22323,0.55844 
22324,0.56607 
22325,0.56670 
22326,0.57263 
22327,0.57666 
22328,0.56753 
22329,0.54900 
22330,0.51828 
22331,0.47867 
22332,0.44777 
22333,0.42764 
22334,0.40168 
22335,0.37036 
22336,0.32601 
22337,0.27639 
22338,0.23424 
22339,0.19811 
22340,0.15916 
22341,0.12198 
22342,0.09586 
22343,0.07722 
22344,0.04787 
22345,0.01923 
22346,0.00477 
22347,0.00278 
22348,0.00095 
22349,0.00000 
22350,0.00000 
22351,0.00000 
22352,0.00000 
22353,0.00000 
22354,0.00000 
22355,0.00000 
22356,0.00140 
22357,0.00350 
22358,0.00585 
22359,0.01056 
22360,0.01532 
22361,0.02018 
22362,0.02432 
22363,0.02774 
22364,0.03238 
22365,0.03786 
22366,0.03459 
22367,0.02529 
22368,0.01722 
22369,0.00865 
22370,0.00513 
22371,0.00457 
22372,0.00402 
22373,0.00345 
22374,0.00288 
22375,0.00232 
22376,0.00175 
22377,0.00116 
22378,0.00188 
22379,0.00395 
22380,0.00605 
22381,0.01551 
22382,0.01362 
22383,0.00491 
22384,0.00196 
22385,0.00000 
22386,0.00000 
22387,0.00000 
22388,0.00000 
22389,0.00000 
22390,0.00000 
22391,0.00000 
22392,0.00000 
22393,0.00000 
22394,0.01257 
22395,0.04453 
22396,0.08746 
22397,0.14182 
22398,0.17376 
22399,0.17570 
22400,0.19660 
22401,0.23702 
22402,0.26860 
22403,0.29062 
22404,0.31025 
22405,0.32832 
22406,0.34792 
22407,0.37040 
22408,0.38567 
22409,0.39121 
22410,0.39866 
22411,0.40743 
22412,0.41405 
22413,0.42116 
22414,0.43043 
22415,0.44077 
22416,0.43671 
22417,0.41631 
22418,0.40171 
22419,0.39029 
22420,0.37592 
22421,0.35808 
22422,0.33842 
22423,0.31828 
22424,0.31339 
22425,0.32202 
22426,0.32802 
22427,0.32928 
22428,0.31593 
22429,0.28996 
22430,0.27053 
22431,0.25649 
22432,0.22715 
22433,0.18865 
22434,0.15606 
22435,0.13124 
22436,0.11013 
22437,0.08834 
22438,0.07055 
22439,0.05721 
22440,0.03761 
22441,0.01439 
22442,0.01018 
22443,0.02404 
22444,0.04454 
22445,0.06861 
22446,0.09592 
22447,0.12930 
22448,0.17359 
22449,0.22689 
22450,0.27707 
22451,0.31545 
22452,0.36054 
22453,0.40755 
22454,0.40367 
22455,0.35023 
22456,0.30207 
22457,0.25656 
22458,0.23948 
22459,0.25061 
22460,0.26198 
22461,0.27359 
22462,0.28696 
22463,0.30237 
22464,0.31936 
22465,0.33626 
22466,0.33633 
22467,0.31790 
22468,0.29936 
22469,0.28071 
22470,0.25285 
22471,0.22283 
22472,0.19613 
22473,0.16945 
22474,0.14351 
22475,0.12867 
22476,0.11506 
22477,0.10160 
22478,0.08760 
22479,0.07543 
22480,0.06468 
22481,0.05393 
22482,0.05411 
22483,0.06532 
22484,0.07643 
22485,0.08935 
22486,0.08113 
22487,0.05723 
22488,0.03438 
22489,0.01950 
22490,0.02574 
22491,0.05372 
22492,0.08607 
22493,0.12035 
22494,0.15840 
22495,0.20126 
22496,0.22841 
22497,0.24981 
22498,0.22645 
22499,0.17624 
22500,0.15360 
22501,0.15814 
22502,0.16968 
22503,0.19080 
22504,0.19820 
22505,0.19196 
22506,0.19037 
22507,0.19266 
22508,0.19805 
22509,0.20694 
22510,0.21738 
22511,0.22885 
22512,0.21546 
22513,0.17848 
22514,0.15159 
22515,0.13443 
22516,0.13204 
22517,0.14212 
22518,0.13633 
22519,0.11492 
22520,0.10963 
22521,0.12070 
22522,0.13133 
22523,0.14047 
22524,0.14573 
22525,0.14747 
22526,0.15078 
22527,0.15612 
22528,0.15757 
22529,0.15318 
22530,0.14822 
22531,0.14406 
22532,0.13374 
22533,0.11725 
22534,0.09839 
22535,0.07690 
22536,0.04365 
22537,0.01426 
22538,0.00540 
22539,0.00974 
22540,0.01411 
22541,0.01853 
22542,0.02190 
22543,0.02421 
22544,0.02660 
22545,0.03024 
22546,0.03563 
22547,0.04283 
22548,0.04999 
22549,0.05732 
22550,0.05762 
22551,0.05077 
22552,0.04385 
22553,0.03686 
22554,0.03047 
22555,0.02595 
22556,0.02226 
22557,0.01849 
22558,0.01390 
22559,0.00842 
22560,0.00481 
22561,0.00365 
22562,0.00267 
22563,0.00192 
22564,0.00117 
22565,0.00042 
22566,0.00004 
22567,0.00004 
22568,0.00004 
22569,0.00004 
22570,0.00034 
22571,0.00094 
22572,0.00154 
22573,0.00216 
22574,0.00329 
22575,0.00495 
22576,0.00839 
22577,0.01627 
22578,0.01485 
22579,0.00570 
22580,0.00343 
22581,0.00117 
22582,0.00076 
22583,0.00217 
22584,0.00356 
22585,0.00493 
22586,0.01653 
22587,0.03990 
22588,0.06380 
22589,0.08793 
22590,0.10754 
22591,0.12634 
22592,0.15480 
22593,0.18324 
22594,0.20500 
22595,0.21749 
22596,0.22566 
22597,0.22832 
22598,0.22927 
22599,0.22687 
22600,0.25081 
22601,0.30635 
22602,0.36226 
22603,0.41974 
22604,0.42094 
22605,0.36926 
22606,0.32301 
22607,0.28026 
22608,0.28261 
22609,0.32877 
22610,0.37259 
22611,0.41503 
22612,0.42163 
22613,0.39372 
22614,0.37190 
22615,0.35548 
22616,0.34853 
22617,0.34837 
22618,0.35352 
22619,0.36191 
22620,0.33639 
22621,0.28153 
22622,0.24367 
22623,0.22081 
22624,0.17882 
22625,0.12096 
22626,0.08324 
22627,0.06057 
22628,0.04955 
22629,0.05029 
22630,0.05945 
22631,0.06852 
22632,0.05220 
22633,0.02527 
22634,0.01354 
22635,0.01065 
22636,0.00775 
22637,0.00484 
22638,0.00561 
22639,0.01013 
22640,0.01468 
22641,0.01933 
22642,0.02284 
22643,0.02525 
22644,0.02768 
22645,0.03132 
22646,0.03149 
22647,0.02799 
22648,0.02573 
22649,0.02352 
22650,0.02483 
22651,0.03033 
22652,0.03803 
22653,0.04585 
22654,0.05231 
22655,0.05735 
22656,0.06278 
22657,0.06829 
22658,0.07156 
22659,0.07221 
22660,0.07265 
22661,0.07331 
22662,0.05622 
22663,0.02527 
22664,0.00511 
22665,0.00014 
22666,0.00000 
22667,0.00000 
22668,0.00000 
22669,0.00000 
22670,0.00000 
22671,0.00000 
22672,0.00000 
22673,0.00000 
22674,0.00000 
22675,0.00000 
22676,0.00000 
22677,0.00000 
22678,0.00000 
22679,0.00000 
22680,0.00000 
22681,0.00000 
22682,0.00514 
22683,0.01617 
22684,0.02746 
22685,0.03884 
22686,0.06994 
22687,0.12450 
22688,0.16235 
22689,0.18397 
22690,0.22750 
22691,0.29681 
22692,0.32674 
22693,0.30734 
22694,0.28195 
22695,0.25399 
22696,0.26342 
22697,0.31524 
22698,0.36705 
22699,0.42257 
22700,0.44434 
22701,0.42884 
22702,0.42173 
22703,0.42377 
22704,0.41875 
22705,0.40666 
22706,0.39691 
22707,0.39149 
22708,0.37896 
22709,0.36086 
22710,0.34415 
22711,0.33064 
22712,0.31972 
22713,0.30995 
22714,0.30195 
22715,0.29535 
22716,0.28076 
22717,0.25833 
22718,0.23598 
22719,0.21362 
22720,0.19214 
22721,0.17083 
22722,0.14959 
22723,0.12915 
22724,0.10944 
22725,0.08878 
22726,0.07154 
22727,0.05648 
22728,0.03394 
22729,0.00985 
22730,0.00000 
22731,0.00018 
22732,0.00225 
22733,0.00434 
22734,0.00504 
22735,0.00296 
22736,0.00131 
22737,0.00000 
22738,0.00000 
22739,0.00134 
22740,0.00305 
22741,0.00526 
22742,0.00530 
22743,0.00312 
22744,0.00140 
22745,0.00000 
22746,0.00000 
22747,0.00000 
22748,0.00079 
22749,0.00164 
22750,0.00158 
22751,0.00056 
22752,0.00000 
22753,0.00000 
22754,0.00000 
22755,0.00000 
22756,0.00000 
22757,0.00000 
22758,0.00000 
22759,0.00000 
22760,0.00000 
22761,0.00000 
22762,0.00053 
22763,0.00000 
22764,0.00000 
22765,0.00000 
22766,0.00000 
22767,0.00000 
22768,0.00000 
22769,0.00000 
22770,0.00000 
22771,0.00000 
22772,0.00000 
22773,0.00000 
22774,0.00014 
22775,0.00033 
22776,0.00051 
22777,0.00069 
22778,0.01104 
22779,0.03310 
22780,0.05599 
22781,0.07921 
22782,0.09936 
22783,0.11806 
22784,0.13798 
22785,0.15649 
22786,0.17721 
22787,0.20138 
22788,0.22012 
22789,0.23485 
22790,0.25923 
22791,0.29436 
22792,0.25800 
22793,0.15471 
22794,0.05513 
22795,0.00886 
22796,0.00878 
22797,0.04065 
22798,0.08550 
22799,0.11021 
22800,0.13820 
22801,0.16900 
22802,0.24955 
22803,0.37953 
22804,0.42669 
22805,0.39200 
22806,0.37786 
22807,0.38384 
22808,0.38256 
22809,0.37332 
22810,0.36865 
22811,0.37060 
22812,0.35440 
22813,0.32408 
22814,0.30158 
22815,0.28693 
22816,0.25737 
22817,0.21499 
22818,0.15901 
22819,0.12061 
22820,0.09220 
22821,0.07039 
22822,0.05916 
22823,0.05303 
22824,0.03502 
22825,0.01297 
22826,0.00404 
22827,0.00404 
22828,0.00405 
22829,0.00406 
22830,0.00660 
22831,0.01359 
22832,0.02062 
22833,0.02913 
22834,0.03972 
22835,0.04997 
22836,0.06065 
22837,0.07487 
22838,0.07927 
22839,0.07398 
22840,0.06855 
22841,0.06284 
22842,0.05571 
22843,0.04552 
22844,0.03521 
22845,0.02593 
22846,0.02514 
22847,0.03119 
22848,0.03963 
22849,0.04831 
22850,0.05299 
22851,0.05300 
22852,0.05316 
22853,0.05331 
22854,0.05700 
22855,0.06432 
22856,0.07196 
22857,0.08161 
22858,0.09894 
22859,0.12315 
22860,0.15828 
22861,0.20266 
22862,0.24563 
22863,0.30188 
22864,0.35848 
22865,0.42023 
22866,0.42028 
22867,0.35970 
22868,0.30298 
22869,0.24732 
22870,0.23475 
22871,0.25447 
22872,0.27788 
22873,0.30102 
22874,0.32150 
22875,0.34169 
22876,0.36472 
22877,0.38845 
22878,0.39680 
22879,0.40029 
22880,0.40360 
22881,0.38381 
22882,0.37124 
22883,0.37321 
22884,0.36938 
22885,0.36141 
22886,0.34683 
22887,0.33372 
22888,0.32376 
22889,0.31643 
22890,0.31021 
22891,0.30539 
22892,0.30723 
22893,0.31524 
22894,0.33157 
22895,0.35685 
22896,0.38899 
22897,0.43591 
22898,0.47276 
22899,0.49985 
22900,0.47112 
22901,0.38845 
22902,0.30280 
22903,0.24878 
22904,0.23897 
22905,0.24140 
22906,0.24956 
22907,0.26945 
22908,0.29655 
22909,0.32922 
22910,0.34908 
22911,0.34548 
22912,0.32211 
22913,0.28444 
22914,0.25738 
22915,0.24649 
22916,0.24410 
22917,0.24402 
22918,0.24395 
22919,0.24345 
22920,0.23926 
22921,0.23170 
22922,0.22931 
22923,0.23039 
22924,0.23097 
22925,0.23206 
22926,0.22445 
22927,0.20744 
22928,0.19062 
22929,0.17606 
22930,0.19903 
22931,0.26814 
22932,0.34624 
22933,0.43167 
22934,0.45764 
22935,0.42793 
22936,0.39710 
22937,0.36510 
22938,0.36780 
22939,0.40409 
22940,0.44197 
22941,0.47859 
22942,0.48816 
22943,0.46817 
22944,0.44714 
22945,0.42345 
22946,0.42057 
22947,0.43744 
22948,0.45556 
22949,0.47249 
22950,0.45271 
22951,0.39411 
22952,0.34206 
22953,0.29228 
22954,0.27310 
22955,0.28619 
22956,0.29871 
22957,0.31145 
22958,0.33352 
22959,0.36598 
22960,0.39765 
22961,0.43704 
22962,0.45569 
22963,0.45443 
22964,0.45454 
22965,0.45328 
22966,0.41837 
22967,0.35709 
22968,0.29997 
22969,0.24349 
22970,0.22335 
22971,0.22589 
22972,0.22921 
22973,0.23298 
22974,0.21994 
22975,0.20504 
22976,0.19460 
22977,0.19110 
22978,0.19620 
22979,0.20671 
22980,0.21567 
22981,0.22374 
22982,0.23542 
22983,0.25055 
22984,0.26337 
22985,0.27366 
22986,0.28816 
22987,0.30642 
22988,0.33195 
22989,0.36501 
22990,0.38481 
22991,0.38924 
22992,0.39448 
22993,0.40017 
22994,0.41425 
22995,0.44058 
22996,0.41701 
22997,0.35144 
22998,0.30280 
22999,0.27048 
23000,0.24844 
23001,0.23542 
23002,0.21913 
23003,0.20040 
23004,0.18874 
23005,0.18280 
23006,0.16747 
23007,0.14479 
23008,0.13643 
23009,0.13876 
23010,0.14792 
23011,0.15867 
23012,0.12764 
23013,0.07266 
23014,0.04215 
23015,0.02436 
23016,0.01288 
23017,0.00951 
23018,0.00638 
23019,0.00382 
23020,0.00300 
23021,0.00216 
23022,0.00232 
23023,0.00349 
23024,0.00594 
23025,0.01156 
23026,0.01897 
23027,0.02976 
23028,0.04424 
23029,0.05888 
23030,0.06908 
23031,0.06942 
23032,0.06977 
23033,0.07029 
23034,0.05838 
23035,0.03925 
23036,0.02242 
23037,0.00982 
23038,0.00473 
23039,0.00612 
23040,0.00810 
23041,0.01030 
23042,0.01514 
23043,0.02252 
23044,0.03004 
23045,0.03982 
23046,0.04516 
23047,0.04398 
23048,0.04293 
23049,0.04185 
23050,0.03468 
23051,0.02628 
23052,0.01771 
23053,0.00898 
23054,0.00514 
23055,0.00370 
23056,0.00224 
23057,0.00078 
23058,0.00000 
23059,0.00000 
23060,0.00000 
23061,0.00000 
23062,0.00000 
23063,0.00000 
23064,0.00117 
23065,0.00260 
23066,0.01530 
23067,0.04247 
23068,0.07312 
23069,0.10723 
23070,0.15507 
23071,0.23711 
23072,0.28061 
23073,0.24800 
23074,0.18631 
23075,0.14944 
23076,0.16324 
23077,0.21388 
23078,0.29225 
23079,0.36109 
23080,0.38571 
23081,0.36132 
23082,0.34751 
23083,0.34700 
23084,0.33830 
23085,0.32363 
23086,0.31087 
23087,0.29807 
23088,0.29377 
23089,0.29787 
23090,0.28145 
23091,0.24257 
23092,0.25246 
23093,0.30747 
23094,0.37380 
23095,0.45159 
23096,0.45298 
23097,0.38376 
23098,0.32598 
23099,0.28149 
23100,0.23714 
23101,0.19307 
23102,0.14265 
23103,0.10251 
23104,0.08556 
23105,0.08897 
23106,0.09637 
23107,0.10694 
23108,0.10227 
23109,0.08475 
23110,0.06992 
23111,0.05808 
23112,0.04438 
23113,0.02863 
23114,0.02545 
23115,0.03748 
23116,0.05058 
23117,0.06424 
23118,0.06781 
23119,0.05850 
23120,0.05042 
23121,0.04236 
23122,0.03227 
23123,0.02313 
23124,0.01539 
23125,0.00757 
23126,0.00469 
23127,0.00471 
23128,0.00474 
23129,0.00475 
23130,0.00477 
23131,0.00480 
23132,0.00483 
23133,0.00485 
23134,0.00513 
23135,0.00662 
23136,0.00874 
23137,0.01105 
23138,0.01230 
23139,0.01234 
23140,0.01242 
23141,0.01246 
23142,0.01155 
23143,0.00964 
23144,0.00770 
23145,0.00629 
23146,0.00635 
23147,0.00788 
23148,0.01003 
23149,0.01221 
23150,0.01860 
23151,0.02929 
23152,0.04089 
23153,0.05771 
23154,0.07356 
23155,0.08858 
23156,0.10948 
23157,0.13008 
23158,0.13535 
23159,0.12496 
23160,0.11478 
23161,0.10479 
23162,0.10254 
23163,0.10899 
23164,0.11533 
23165,0.12241 
23166,0.12828 
23167,0.13298 
23168,0.13569 
23169,0.13764 
23170,0.22222 
23171,0.40565 
23172,0.46716 
23173,0.37699 
23174,0.32056 
23175,0.30719 
23176,0.31417 
23177,0.35180 
23178,0.39941 
23179,0.45472 
23180,0.45464 
23181,0.39814 
23182,0.35781 
23183,0.33653 
23184,0.29715 
23185,0.24238 
23186,0.17675 
23187,0.12389 
23188,0.10926 
23189,0.11256 
23190,0.11190 
23191,0.10700 
23192,0.10124 
23193,0.09432 
23194,0.08224 
23195,0.06539 
23196,0.06940 
23197,0.09492 
23198,0.15426 
23199,0.23900 
23200,0.24296 
23201,0.17961 
23202,0.14177 
23203,0.12581 
23204,0.10896 
23205,0.09243 
23206,0.07894 
23207,0.06493 
23208,0.04384 
23209,0.02026 
23210,0.00573 
23211,0.00336 
23212,0.00149 
23213,0.00000 
23214,0.00000 
23215,0.00000 
23216,0.00000 
23217,0.00000 
23218,0.00000 
23219,0.00000 
23220,0.00000 
23221,0.00000 
23222,0.00000 
23223,0.00000 
23224,0.00000 
23225,0.00000 
23226,0.00000 
23227,0.00000 
23228,0.00000 
23229,0.00000 
23230,0.00000 
23231,0.00000 
23232,0.00000 
23233,0.00000 
23234,0.00000 
23235,0.00000 
23236,0.00000 
23237,0.00000 
23238,0.00000 
23239,0.00000 
23240,0.00000 
23241,0.00000 
23242,0.00000 
23243,0.00000 
23244,0.00000 
23245,0.00000 
23246,0.00000 
23247,0.00000 
23248,0.00000 
23249,0.00000 
23250,0.00000 
23251,0.00000 
23252,0.00000 
23253,0.00028 
23254,0.00193 
23255,0.00379 
23256,0.00562 
23257,0.00943 
23258,0.02208 
23259,0.04115 
23260,0.06381 
23261,0.08643 
23262,0.12414 
23263,0.19191 
23264,0.26609 
23265,0.33769 
23266,0.40482 
23267,0.45335 
23268,0.51681 
23269,0.59135 
23270,0.64815 
23271,0.67543 
23272,0.66077 
23273,0.57911 
23274,0.53015 
23275,0.51495 
23276,0.52037 
23277,0.54242 
23278,0.53239 
23279,0.50987 
23280,0.54281 
23281,0.62494 
23282,0.72002 
23283,0.79917 
23284,0.84386 
23285,0.85420 
23286,0.86079 
23287,0.86911 
23288,0.86648 
23289,0.85710 
23290,0.82972 
23291,0.78756 
23292,0.73303 
23293,0.66795 
23294,0.62017 
23295,0.59072 
23296,0.57326 
23297,0.56452 
23298,0.54025 
23299,0.50014 
23300,0.44205 
23301,0.37064 
23302,0.38845 
23303,0.51149 
23304,0.63682 
23305,0.75946 
23306,0.77478 
23307,0.68281 
23308,0.58037 
23309,0.47347 
23310,0.44792 
23311,0.50784 
23312,0.56732 
23313,0.62573 
23314,0.68487 
23315,0.74051 
23316,0.79345 
23317,0.84674 
23318,0.88732 
23319,0.91737 
23320,0.94499 
23321,0.97568 
23322,0.95426 
23323,0.88223 
23324,0.80463 
23325,0.72730 
23326,0.67443 
23327,0.64959 
23328,0.62545 
23329,0.59595 
23330,0.58918 
23331,0.60498 
23332,0.62299 
23333,0.63908 
23334,0.60205 
23335,0.51211 
23336,0.42719 
23337,0.34832 
23338,0.28801 
23339,0.25537 
23340,0.22222 
23341,0.18855 
23342,0.16050 
23343,0.14090 
23344,0.12129 
23345,0.10167 
23346,0.09071 
23347,0.08652 
23348,0.08239 
23349,0.07832 
23350,0.06100 
23351,0.03416 
23352,0.01521 
23353,0.00463 
23354,0.01080 
23355,0.02795 
23356,0.05373 
23357,0.08071 
23358,0.09671 
23359,0.10204 
23360,0.10380 
23361,0.10315 
23362,0.10034 
23363,0.09512 
23364,0.11079 
23365,0.14755 
23366,0.20320 
23367,0.27839 
23368,0.28539 
23369,0.22134 
23370,0.17877 
23371,0.15782 
23372,0.13559 
23373,0.11290 
23374,0.08798 
23375,0.05995 
23376,0.05064 
23377,0.05912 
23378,0.05982 
23379,0.05284 
23380,0.05968 
23381,0.08008 
23382,0.10036 
23383,0.12104 
23384,0.13433 
23385,0.13912 
23386,0.15200 
23387,0.17303 
23388,0.16629 
23389,0.13108 
23390,0.10149 
23391,0.07809 
23392,0.06239 
23393,0.05429 
23394,0.04167 
23395,0.02498 
23396,0.01818 
23397,0.02067 
23398,0.02284 
23399,0.02464 
23400,0.01883 
23401,0.00591 
23402,0.00000 
23403,0.00000 
23404,0.00032 
23405,0.00165 
23406,0.00317 
23407,0.00491 
23408,0.01012 
23409,0.01845 
23410,0.02359 
23411,0.02559 
23412,0.02753 
23413,0.02949 
23414,0.03605 
23415,0.05102 
23416,0.06638 
23417,0.08286 
23418,0.08340 
23419,0.06767 
23420,0.05285 
23421,0.03771 
23422,0.02994 
23423,0.02545 
23424,0.02079 
23425,0.01598 
23426,0.00761 
23427,0.00447 
23428,0.00199 
23429,0.00000 
23430,0.00000 
23431,0.00000 
23432,0.00112 
23433,0.00236 
23434,0.00373 
23435,0.00525 
23436,0.00679 
23437,0.01149 
23438,0.01809 
23439,0.02411 
23440,0.03013 
23441,0.03615 
23442,0.03888 
23443,0.03861 
23444,0.03835 
23445,0.03808 
23446,0.03942 
23447,0.04304 
23448,0.04790 
23449,0.05248 
23450,0.07283 
23451,0.11324 
23452,0.15808 
23453,0.20785 
23454,0.24469 
23455,0.27310 
23456,0.30494 
23457,0.33570 
23458,0.37546 
23459,0.42624 
23460,0.46647 
23461,0.48702 
23462,0.50716 
23463,0.52350 
23464,0.54569 
23465,0.57898 
23466,0.62539 
23467,0.68443 
23468,0.72222 
23469,0.73875 
23470,0.74369 
23471,0.73786 
23472,0.72445 
23473,0.70399 
23474,0.68965 
23475,0.67824 
23476,0.65802 
23477,0.63170 
23478,0.61226 
23479,0.59674 
23480,0.58118 
23481,0.56825 
23482,0.55366 
23483,0.53856 
23484,0.51219 
23485,0.47513 
23486,0.44092 
23487,0.40580 
23488,0.35913 
23489,0.30393 
23490,0.25976 
23491,0.22575 
23492,0.17584 
23493,0.11881 
23494,0.08006 
23495,0.05875 
23496,0.03708 
23497,0.01158 
23498,0.00118 
23499,0.00194 
23500,0.00271 
23501,0.00348 
23502,0.00456 
23503,0.00653 
23504,0.01307 
23505,0.01970 
23506,0.02171 
23507,0.01889 
23508,0.01613 
23509,0.01330 
23510,0.01576 
23511,0.02360 
23512,0.03149 
23513,0.04202 
23514,0.03617 
23515,0.02036 
23516,0.00589 
23517,0.00257 
23518,0.00036 
23519,0.00000 
23520,0.00000 
23521,0.00000 
23522,0.00000 
23523,0.00000 
23524,0.00000 
23525,0.00000 
23526,0.00000 
23527,0.00000 
23528,0.00000 
23529,0.00000 
23530,0.00000 
23531,0.00000 
23532,0.00000 
23533,0.00000 
23534,0.00000 
23535,0.00000 
23536,0.00000 
23537,0.00000 
23538,0.00000 
23539,0.00000 
23540,0.00000 
23541,0.00000 
23542,0.00000 
23543,0.00000 
23544,0.00000 
23545,0.00000 
23546,0.01467 
23547,0.05107 
23548,0.08895 
23549,0.11676 
23550,0.12316 
23551,0.11571 
23552,0.12582 
23553,0.17997 
23554,0.25797 
23555,0.32662 
23556,0.36341 
23557,0.36178 
23558,0.37206 
23559,0.39763 
23560,0.40027 
23561,0.37981 
23562,0.35520 
23563,0.32621 
23564,0.32577 
23565,0.35578 
23566,0.38211 
23567,0.40485 
23568,0.41027 
23569,0.40046 
23570,0.39671 
23571,0.40046 
23572,0.39445 
23573,0.37967 
23574,0.37320 
23575,0.37225 
23576,0.35494 
23577,0.32169 
23578,0.28235 
23579,0.23872 
23580,0.23503 
23581,0.26414 
23582,0.28898 
23583,0.30818 
23584,0.28222 
23585,0.22124 
23586,0.17397 
23587,0.13885 
23588,0.11022 
23589,0.08507 
23590,0.06178 
23591,0.04178 
23592,0.02399 
23593,0.00750 
23594,0.00000 
23595,0.00000 
23596,0.00000 
23597,0.00000 
23598,0.00000 
23599,0.00000 
23600,0.00000 
23601,0.00000 
23602,0.00000 
23603,0.00000 
23604,0.00000 
23605,0.00000 
23606,0.00000 
23607,0.00000 
23608,0.00000 
23609,0.00000 
23610,0.00000 
23611,0.00000 
23612,0.00000 
23613,0.00000 
23614,0.00000 
23615,0.00000 
23616,0.00000 
23617,0.00000 
23618,0.00000 
23619,0.00000 
23620,0.00000 
23621,0.00000 
23622,0.00000 
23623,0.00000 
23624,0.00000 
23625,0.00000 
23626,0.00000 
23627,0.00000 
23628,0.00000 
23629,0.00000 
23630,0.00000 
23631,0.00000 
23632,0.00000 
23633,0.00000 
23634,0.00000 
23635,0.00000 
23636,0.00000 
23637,0.00000 
23638,0.00000 
23639,0.00000 
23640,0.00000 
23641,0.00000 
23642,0.01664 
23643,0.06458 
23644,0.11888 
23645,0.15586 
23646,0.17218 
23647,0.17592 
23648,0.19438 
23649,0.22452 
23650,0.24449 
23651,0.25400 
23652,0.26844 
23653,0.29010 
23654,0.30676 
23655,0.31654 
23656,0.34586 
23657,0.39878 
23658,0.46213 
23659,0.53683 
23660,0.55555 
23661,0.51624 
23662,0.48903 
23663,0.47551 
23664,0.46036 
23665,0.44320 
23666,0.42411 
23667,0.40371 
23668,0.39220 
23669,0.38849 
23670,0.38936 
23671,0.39370 
23672,0.38436 
23673,0.36020 
23674,0.33516 
23675,0.30986 
23676,0.29063 
23677,0.27615 
23678,0.26238 
23679,0.25056 
23680,0.23550 
23681,0.21618 
23682,0.20163 
23683,0.19101 
23684,0.16477 
23685,0.13443 
23686,0.11457 
23687,0.09831 
23688,0.08471 
23689,0.07439 
23690,0.07635 
23691,0.09116 
23692,0.10628 
23693,0.12115 
23694,0.12562 
23695,0.11923 
23696,0.11240 
23697,0.10579 
23698,0.10934 
23699,0.12358 
23700,0.14091 
23701,0.16653 
23702,0.17951 
23703,0.18065 
23704,0.18127 
23705,0.18244 
23706,0.18850 
23707,0.20065 
23708,0.21232 
23709,0.22408 
23710,0.20282 
23711,0.14619 
23712,0.11387 
23713,0.08219 
23714,0.06535 
23715,0.05572 
23716,0.04609 
23717,0.03679 
23718,0.03028 
23719,0.02332 
23720,0.01610 
23721,0.00875 
23722,0.00577 
23723,0.00443 
23724,0.00307 
23725,0.00169 
23726,0.00146 
23727,0.00242 
23728,0.00339 
23729,0.00436 
23730,0.00631 
23731,0.01669 
23732,0.03044 
23733,0.04575 
23734,0.05184 
23735,0.04250 
23736,0.03603 
23737,0.03022 
23738,0.03502 
23739,0.06337 
23740,0.10075 
23741,0.12573 
23742,0.14615 
23743,0.16733 
23744,0.19346 
23745,0.23675 
23746,0.28080 
23747,0.32497 
23748,0.35203 
23749,0.35432 
23750,0.35942 
23751,0.36965 
23752,0.38730 
23753,0.41362 
23754,0.42965 
23755,0.43348 
23756,0.44181 
23757,0.46223 
23758,0.49231 
23759,0.53781 
23760,0.55062 
23761,0.52871 
23762,0.50222 
23763,0.46921 
23764,0.45925 
23765,0.47151 
23766,0.48401 
23767,0.49513 
23768,0.48291 
23769,0.45148 
23770,0.43114 
23771,0.41918 
23772,0.38291 
23773,0.32547 
23774,0.27809 
23775,0.24262 
23776,0.20691 
23777,0.16729 
23778,0.13074 
23779,0.09843 
23780,0.07676 
23781,0.06234 
23782,0.04744 
23783,0.03185 
23784,0.01750 
23785,0.00542 
23786,0.00000 
23787,0.00000 
23788,0.00000 
23789,0.00000 
23790,0.00000 
23791,0.00000 
23792,0.00000 
23793,0.00000 
23794,0.00000 
23795,0.00000 
23796,0.00000 
23797,0.00000 
23798,0.00000 
23799,0.00051 
23800,0.00183 
23801,0.00317 
23802,0.00452 
23803,0.00648 
23804,0.01297 
23805,0.01960 
23806,0.02314 
23807,0.02366 
23808,0.02419 
23809,0.02475 
23810,0.01947 
23811,0.00828 
23812,0.00445 
23813,0.00209 
23814,0.00178 
23815,0.00356 
23816,0.00535 
23817,0.00915 
23818,0.00924 
23819,0.00553 
23820,0.00376 
23821,0.00192 
23822,0.00052 
23823,0.00000 
23824,0.00000 
23825,0.00000 
23826,0.00000 
23827,0.00147 
23828,0.00431 
23829,0.00744 
23830,0.01080 
23831,0.00639 
23832,0.00495 
23833,0.00352 
23834,0.01568 
23835,0.05263 
23836,0.09354 
23837,0.11929 
23838,0.13878 
23839,0.15894 
23840,0.17567 
23841,0.18892 
23842,0.19158 
23843,0.18147 
23844,0.20311 
23845,0.26212 
23846,0.33046 
23847,0.40630 
23848,0.42190 
23849,0.37208 
23850,0.31347 
23851,0.28547 
23852,0.28675 
23853,0.34167 
23854,0.44063 
23855,0.51697 
23856,0.52559 
23857,0.47077 
23858,0.44273 
23859,0.44198 
23860,0.40277 
23861,0.32695 
23862,0.23813 
23863,0.17837 
23864,0.16386 
23865,0.15465 
23866,0.13603 
23867,0.11027 
23868,0.10348 
23869,0.11296 
23870,0.12362 
23871,0.13441 
23872,0.12712 
23873,0.10257 
23874,0.08093 
23875,0.06176 
23876,0.05056 
23877,0.04717 
23878,0.04842 
23879,0.04943 
23880,0.03412 
23881,0.01031 
23882,0.00004 
23883,0.00004 
23884,0.00004 
23885,0.00004 
23886,0.00030 
23887,0.00085 
23888,0.00140 
23889,0.00196 
23890,0.00261 
23891,0.00337 
23892,0.00412 
23893,0.00488 
23894,0.00396 
23895,0.00135 
23896,0.00000 
23897,0.00000 
23898,0.00000 
23899,0.00000 
23900,0.00000 
23901,0.00000 
23902,0.00000 
23903,0.00000 
23904,0.00000 
23905,0.00026 
23906,0.00135 
23907,0.00222 
23908,0.00311 
23909,0.00400 
23910,0.00544 
23911,0.01073 
23912,0.02054 
23913,0.03055 
23914,0.02858 
23915,0.01444 
23916,0.00551 
23917,0.00251 
23918,0.00169 
23919,0.00311 
23920,0.00453 
23921,0.00597 
23922,0.00800 
23923,0.01365 
23924,0.01932 
23925,0.02498 
23926,0.03337 
23927,0.04648 
23928,0.06353 
23929,0.08035 
23930,0.10332 
23931,0.13592 
23932,0.16899 
23933,0.20223 
23934,0.22891 
23935,0.26419 
23936,0.29433 
23937,0.29767 
23938,0.33905 
23939,0.42138 
23940,0.47790 
23941,0.50189 
23942,0.49697 
23943,0.43982 
23944,0.42870 
23945,0.46568 
23946,0.51669 
23947,0.58059 
23948,0.57889 
23949,0.50598 
23950,0.43568 
23951,0.37081 
23952,0.31893 
23953,0.27649 
23954,0.23177 
23955,0.19265 
23956,0.17359 
23957,0.16291 
23958,0.14884 
23959,0.13101 
23960,0.13068 
23961,0.15051 
23962,0.17494 
23963,0.20092 
23964,0.19724 
23965,0.16763 
23966,0.14685 
23967,0.13778 
23968,0.13852 
23969,0.14319 
23970,0.14319 
23971,0.13985 
23972,0.14460 
23973,0.15724 
23974,0.17597 
23975,0.19630 
23976,0.20485 
23977,0.20648 
23978,0.17762 
23979,0.12026 
23980,0.08529 
23981,0.05610 
23982,0.05094 
23983,0.06644 
23984,0.08518 
23985,0.10671 
23986,0.10255 
23987,0.07279 
23988,0.05053 
23989,0.02974 
23990,0.02022 
23991,0.01574 
23992,0.01116 
23993,0.00656 
23994,0.00752 
23995,0.01412 
23996,0.02080 
23997,0.02756 
23998,0.03414 
23999,0.04361 
24000,0.05360 
24001,0.06411 
24002,0.07136 
24003,0.07531 
24004,0.07935 
24005,0.08319 
24006,0.07907 
24007,0.06671 
24008,0.05380 
24009,0.04062 
24010,0.04627 
24011,0.07139 
24012,0.09804 
24013,0.13304 
24014,0.14339 
24015,0.12869 
24016,0.11357 
24017,0.09855 
24018,0.10796 
24019,0.14106 
24020,0.18137 
24021,0.24073 
24022,0.25113 
24023,0.21396 
24024,0.17777 
24025,0.14874 
24026,0.13694 
24027,0.14302 
24028,0.16608 
24029,0.20854 
24030,0.24632 
24031,0.26331 
24032,0.29846 
24033,0.36099 
24034,0.41103 
24035,0.44457 
24036,0.50148 
24037,0.57271 
24038,0.62043 
24039,0.64764 
24040,0.66286 
24041,0.66487 
24042,0.67567 
24043,0.70002 
24044,0.73114 
24045,0.77062 
24046,0.86823 
24047,1.05895 
24048,1.22192 
24049,1.35352 
24050,1.35802 
24051,1.23966 
24052,1.11021 
24053,0.97075 
24054,0.90070 
24055,0.90125 
24056,0.90431 
24057,0.90399 
24058,1.03206 
24059,1.26455 
24060,1.45959 
24061,1.55542 
24062,1.54629 
24063,1.47300 
24064,1.35395 
24065,1.19984 
24066,1.11049 
24067,1.09712 
24068,1.09557 
24069,1.09631 
24070,1.05692 
24071,0.96969 
24072,0.88613 
24073,0.81173 
24074,0.76937 
24075,0.75300 
24076,0.73651 
24077,0.72189 
24078,0.67392 
24079,0.58700 
24080,0.49675 
24081,0.40258 
24082,0.32504 
24083,0.25940 
24084,0.20512 
24085,0.15753 
24086,0.15855 
24087,0.20915 
24088,0.26873 
24089,0.34118 
24090,0.32432 
24091,0.22461 
24092,0.14541 
24093,0.09909 
24094,0.07435 
24095,0.06766 
24096,0.06079 
24097,0.05357 
24098,0.04793 
24099,0.04361 
24100,0.03919 
24101,0.03591 
24102,0.03215 
24103,0.02700 
24104,0.02186 
24105,0.01660 
24106,0.01177 
24107,0.00740 
24108,0.00626 
24109,0.00538 
24110,0.00638 
24111,0.01694 
24112,0.03103 
24113,0.04665 
24114,0.04834 
24115,0.03412 
24116,0.02236 
24117,0.01083 
24118,0.00684 
24119,0.00835 
24120,0.01039 
24121,0.01236 
24122,0.02137 
24123,0.04940 
24124,0.09988 
24125,0.17176 
24126,0.21995 
24127,0.22085 
24128,0.25164 
24129,0.32167 
24130,0.38633 
24131,0.44640 
24132,0.49809 
24133,0.52824 
24134,0.53631 
24135,0.52236 
24136,0.51928 
24137,0.53379 
24138,0.55455 
24139,0.58252 
24140,0.59087 
24141,0.58156 
24142,0.57500 
24143,0.57469 
24144,0.58967 
24145,0.61963 
24146,0.62786 
24147,0.61966 
24148,0.59601 
24149,0.56680 
24150,0.55216 
24151,0.55192 
24152,0.55263 
24153,0.55591 
24154,0.55928 
24155,0.56157 
24156,0.53939 
24157,0.49712 
24158,0.45064 
24159,0.39925 
24160,0.35451 
24161,0.31217 
24162,0.27091 
24163,0.22944 
24164,0.17753 
24165,0.12688 
24166,0.09126 
24167,0.06592 
24168,0.03906 
24169,0.01397 
24170,0.00490 
24171,0.00491 
24172,0.00493 
24173,0.00494 
24174,0.00462 
24175,0.00394 
24176,0.00326 
24177,0.00256 
24178,0.00221 
24179,0.00222 
24180,0.00224 
24181,0.00225 
24182,0.00282 
24183,0.00397 
24184,0.00514 
24185,0.00871 
24186,0.01385 
24187,0.01867 
24188,0.02353 
24189,0.02849 
24190,0.03135 
24191,0.03194 
24192,0.03256 
24193,0.03320 
24194,0.03802 
24195,0.05109 
24196,0.06425 
24197,0.07751 
24198,0.08297 
24199,0.08079 
24200,0.07828 
24201,0.07597 
24202,0.07679 
24203,0.08054 
24204,0.08462 
24205,0.08875 
24206,0.08942 
24207,0.08622 
24208,0.08271 
24209,0.07948 
24210,0.07238 
24211,0.06171 
24212,0.05086 
24213,0.04044 
24214,0.03578 
24215,0.03330 
24216,0.03084 
24217,0.02842 
24218,0.03159 
24219,0.04175 
24220,0.05567 
24221,0.07384 
24222,0.11231 
24223,0.18482 
24224,0.26682 
24225,0.35597 
24226,0.37978 
24227,0.31573 
24228,0.31143 
24229,0.38054 
24230,0.44264 
24231,0.49476 
24232,0.51807 
24233,0.51066 
24234,0.50630 
24235,0.50733 
24236,0.50955 
24237,0.51228 
24238,0.51630 
24239,0.52024 
24240,0.51174 
24241,0.49126 
24242,0.47403 
24243,0.46098 
24244,0.45091 
24245,0.44338 
24246,0.43593 
24247,0.42943 
24248,0.41548 
24249,0.39556 
24250,0.38426 
24251,0.38036 
24252,0.34922 
24253,0.29611 
24254,0.24560 
24255,0.19778 
24256,0.17302 
24257,0.16072 
24258,0.14440 
24259,0.12629 
24260,0.10635 
24261,0.08460 
24262,0.06422 
24263,0.04525 
24264,0.02821 
24265,0.02168 
24266,0.02222 
24267,0.02648 
24268,0.03121 
24269,0.03780 
24270,0.04455 
24271,0.05151 
24272,0.05844 
24273,0.06544 
24274,0.06400 
24275,0.05356 
24276,0.04300 
24277,0.03231 
24278,0.02781 
24279,0.02613 
24280,0.02445 
24281,0.02269 
24282,0.01658 
24283,0.00592 
24284,0.00346 
24285,0.00119 
24286,0.00000 
24287,0.00000 
24288,0.00000 
24289,0.00000 
24290,0.00000 
24291,0.00000 
24292,0.00000 
24293,0.00153 
24294,0.00304 
24295,0.00395 
24296,0.00487 
24297,0.00582 
24298,0.00633 
24299,0.00638 
24300,0.00642 
24301,0.00649 
24302,0.00490 
24303,0.00167 
24304,0.00000 
24305,0.00000 
24306,0.00000 
24307,0.00000 
24308,0.00000 
24309,0.00000 
24310,0.00000 
24311,0.00000 
24312,0.00000 
24313,0.00000 
24314,0.01055 
24315,0.03281 
24316,0.05542 
24317,0.07781 
24318,0.11226 
24319,0.16959 
24320,0.21390 
24321,0.23732 
24322,0.26889 
24323,0.31160 
24324,0.34256 
24325,0.35841 
24326,0.37992 
24327,0.40607 
24328,0.41802 
24329,0.41403 
24330,0.41473 
24331,0.42063 
24332,0.43339 
24333,0.45224 
24334,0.46996 
24335,0.48533 
24336,0.48723 
24337,0.47611 
24338,0.46671 
24339,0.46015 
24340,0.47554 
24341,0.51223 
24342,0.54275 
24343,0.56584 
24344,0.57256 
24345,0.56545 
24346,0.57326 
24347,0.59368 
24348,0.57665 
24349,0.53230 
24350,0.50199 
24351,0.49189 
24352,0.48643 
24353,0.48038 
24354,0.46827 
24355,0.45133 
24356,0.43798 
24357,0.42584 
24358,0.43639 
24359,0.46954 
24360,0.50906 
24361,0.55030 
24362,0.54758 
24363,0.50216 
24364,0.45467 
24365,0.40462 
24366,0.34571 
24367,0.28639 
24368,0.22836 
24369,0.18148 
24370,0.17342 
24371,0.19939 
24372,0.22894 
24373,0.26536 
24374,0.29830 
24375,0.32710 
24376,0.35623 
24377,0.39229 
24378,0.39560 
24379,0.36534 
24380,0.33933 
24381,0.31388 
24382,0.30484 
24383,0.31376 
24384,0.32225 
24385,0.33120 
24386,0.34438 
24387,0.36149 
24388,0.37871 
24389,0.39604 
24390,0.39051 
24391,0.36275 
24392,0.33319 
24393,0.30305 
24394,0.31453 
24395,0.36767 
24396,0.42154 
24397,0.48133 
24398,0.53361 
24399,0.57059 
24400,0.60783 
24401,0.64316 
24402,0.66312 
24403,0.66550 
24404,0.66561 
24405,0.66573 
24406,0.61406 
24407,0.50991 
24408,0.41521 
24409,0.33162 
24410,0.28001 
24411,0.26582 
24412,0.25334 
24413,0.24118 
24414,0.21327 
24415,0.17639 
24416,0.15538 
24417,0.17851 
24418,0.23012 
24419,0.27390 
24420,0.30564 
24421,0.32299 
24422,0.32808 
24423,0.31447 
24424,0.29197 
24425,0.26296 
24426,0.21793 
24427,0.17877 
24428,0.18045 
24429,0.21394 
24430,0.24825 
24431,0.26730 
24432,0.28498 
24433,0.30304 
24434,0.33694 
24435,0.38534 
24436,0.37211 
24437,0.29817 
24438,0.22310 
24439,0.17715 
24440,0.16805 
24441,0.16662 
24442,0.16594 
24443,0.16364 
24444,0.14905 
24445,0.12242 
24446,0.09662 
24447,0.07199 
24448,0.06158 
24449,0.06559 
24450,0.07196 
24451,0.07910 
24452,0.06860 
24453,0.04306 
24454,0.01502 
24455,0.00000 
24456,0.00000 
24457,0.00000 
24458,0.00000 
24459,0.00012 
24460,0.00192 
24461,0.00374 
24462,0.00394 
24463,0.00247 
24464,0.00097 
24465,0.00000 
24466,0.00000 
24467,0.00000 
24468,0.00000 
24469,0.00000 
24470,0.00000 
24471,0.00000 
24472,0.00083 
24473,0.00172 
24474,0.00218 
24475,0.00220 
24476,0.00222 
24477,0.00224 
24478,0.00229 
24479,0.00237 
24480,0.00245 
24481,0.00254 
24482,0.00228 
24483,0.00165 
24484,0.00101 
24485,0.00037 
24486,0.00134 
24487,0.00397 
24488,0.00689 
24489,0.01967 
24490,0.02461 
24491,0.02163 
24492,0.01854 
24493,0.01544 
24494,0.01551 
24495,0.01882 
24496,0.02221 
24497,0.02555 
24498,0.02445 
24499,0.01892 
24500,0.01339 
24501,0.00785 
24502,0.00631 
24503,0.00581 
24504,0.00531 
24505,0.00481 
24506,0.01792 
24507,0.05583 
24508,0.10155 
24509,0.15354 
24510,0.19805 
24511,0.23270 
24512,0.26814 
24513,0.29893 
24514,0.33674 
24515,0.38145 
24516,0.41013 
24517,0.41710 
24518,0.42263 
24519,0.43404 
24520,0.45042 
24521,0.47278 
24522,0.49677 
24523,0.52300 
24524,0.53371 
24525,0.52982 
24526,0.53208 
24527,0.54080 
24528,0.53466 
24529,0.51107 
24530,0.48907 
24531,0.46982 
24532,0.46063 
24533,0.46077 
24534,0.46351 
24535,0.46849 
24536,0.45638 
24537,0.42871 
24538,0.40688 
24539,0.39048 
24540,0.35546 
24541,0.30485 
24542,0.25311 
24543,0.20275 
24544,0.18527 
24545,0.18866 
24546,0.18527 
24547,0.17470 
24548,0.13840 
24549,0.09278 
24550,0.05942 
24551,0.03394 
24552,0.01628 
24553,0.00529 
24554,0.00127 
24555,0.00235 
24556,0.00344 
24557,0.00454 
24558,0.00531 
24559,0.00659 
24560,0.00838 
24561,0.01019 
24562,0.01467 
24563,0.02182 
24564,0.02902 
24565,0.03846 
24566,0.04627 
24567,0.05061 
24568,0.05499 
24569,0.05939 
24570,0.05745 
24571,0.04926 
24572,0.04085 
24573,0.03278 
24574,0.03453 
24575,0.04765 
24576,0.06180 
24577,0.07673 
24578,0.07802 
24579,0.06491 
24580,0.05164 
24581,0.03857 
24582,0.03331 
24583,0.03152 
24584,0.02979 
24585,0.02792 
24586,0.02325 
24587,0.01553 
24588,0.00783 
24589,0.00552 
24590,0.00449 
24591,0.00405 
24592,0.00359 
24593,0.00313 
24594,0.00420 
24595,0.00681 
24596,0.01819 
24597,0.03064 
24598,0.03673 
24599,0.03635 
24600,0.03597 
24601,0.03561 
24602,0.04249 
24603,0.05797 
24604,0.07388 
24605,0.08995 
24606,0.12553 
24607,0.19020 
24608,0.22646 
24609,0.21833 
24610,0.20884 
24611,0.21352 
24612,0.23134 
24613,0.27711 
24614,0.33511 
24615,0.38749 
24616,0.39184 
24617,0.34596 
24618,0.30996 
24619,0.28390 
24620,0.29999 
24621,0.36048 
24622,0.41767 
24623,0.46679 
24624,0.46532 
24625,0.41705 
24626,0.39443 
24627,0.39595 
24628,0.39285 
24629,0.38063 
24630,0.37584 
24631,0.39423 
24632,0.46307 
24633,0.56609 
24634,0.66156 
24635,0.71712 
24636,0.73497 
24637,0.72000 
24638,0.65757 
24639,0.56235 
24640,0.48676 
24641,0.43473 
24642,0.42378 
24643,0.44536 
24644,0.45985 
24645,0.47653 
24646,0.46109 
24647,0.41239 
24648,0.36496 
24649,0.32272 
24650,0.29621 
24651,0.28199 
24652,0.26851 
24653,0.25495 
24654,0.23644 
24655,0.22080 
24656,0.20458 
24657,0.18870 
24658,0.18097 
24659,0.18159 
24660,0.18222 
24661,0.18286 
24662,0.21793 
24663,0.30305 
24664,0.40098 
24665,0.51945 
24666,0.55526 
24667,0.50754 
24668,0.46088 
24669,0.41362 
24670,0.41764 
24671,0.47450 
24672,0.53455 
24673,0.59468 
24674,0.65646 
24675,0.71860 
24676,0.78161 
24677,0.84521 
24678,0.78961 
24679,0.61077 
24680,0.42679 
24681,0.27225 
24682,0.21562 
24683,0.21800 
24684,0.22043 
24685,0.22371 
24686,0.22464 
24687,0.22397 
24688,0.22410 
24689,0.22343 
24690,0.23376 
24691,0.25407 
24692,0.27412 
24693,0.29430 
24694,0.28462 
24695,0.24718 
24696,0.21070 
24697,0.17457 
24698,0.18206 
24699,0.24164 
24700,0.30370 
24701,0.34701 
24702,0.34944 
24703,0.32167 
24704,0.30509 
24705,0.33157 
24706,0.42354 
24707,0.55528 
24708,0.64120 
24709,0.67683 
24710,0.68092 
24711,0.64942 
24712,0.65090 
24713,0.69112 
24714,0.72418 
24715,0.75161 
24716,0.74988 
24717,0.72173 
24718,0.69625 
24719,0.68248 
24720,0.65382 
24721,0.61207 
24722,0.55920 
24723,0.49710 
24724,0.48822 
24725,0.52262 
24726,0.57634 
24727,0.64729 
24728,0.62622 
24729,0.52020 
24730,0.38606 
24731,0.30051 
24732,0.27481 
24733,0.27166 
24734,0.28987 
24735,0.28689 
24736,0.26422 
24737,0.22696 
24738,0.19662 
24739,0.17126 
24740,0.14567 
24741,0.12230 
24742,0.10164 
24743,0.07398 
24744,0.04905 
24745,0.02932 
24746,0.01890 
24747,0.01466 
24748,0.01040 
24749,0.00611 
24750,0.00512 
24751,0.00515 
24752,0.00518 
24753,0.00521 
24754,0.00628 
24755,0.01075 
24756,0.01529 
24757,0.01983 
24758,0.02221 
24759,0.02241 
24760,0.02261 
24761,0.02282 
24762,0.01881 
24763,0.01044 
24764,0.00513 
24765,0.00335 
24766,0.00339 
24767,0.00531 
24768,0.01109 
24769,0.02043 
24770,0.02379 
24771,0.02077 
24772,0.01779 
24773,0.01472 
24774,0.01751 
24775,0.02631 
24776,0.03536 
24777,0.04737 
24778,0.04787 
24779,0.03662 
24780,0.02783 
24781,0.01898 
24782,0.01215 
24783,0.00756 
24784,0.00629 
24785,0.00531 
24786,0.00919 
24787,0.03523 
24788,0.07242 
24789,0.11923 
24790,0.16534 
24791,0.22910 
24792,0.29575 
24793,0.38157 
24794,0.40980 
24795,0.38750 
24796,0.36437 
24797,0.34160 
24798,0.33606 
24799,0.35426 
24800,0.36410 
24801,0.36382 
24802,0.38417 
24803,0.43067 
24804,0.43076 
24805,0.38731 
24806,0.36001 
24807,0.35013 
24808,0.35922 
24809,0.38213 
24810,0.40944 
24811,0.44407 
24812,0.46627 
24813,0.47851 
24814,0.45876 
24815,0.40659 
24816,0.37904 
24817,0.38022 
24818,0.39876 
24819,0.43382 
24820,0.43222 
24821,0.39885 
24822,0.38436 
24823,0.39112 
24824,0.43037 
24825,0.50571 
24826,0.58722 
24827,0.66541 
24828,0.72851 
24829,0.77167 
24830,0.75392 
24831,0.67462 
24832,0.58322 
24833,0.48727 
24834,0.38085 
24835,0.26651 
24836,0.18388 
24837,0.13074 
24838,0.09883 
24839,0.07969 
24840,0.06338 
24841,0.04840 
24842,0.04448 
24843,0.05116 
24844,0.05787 
24845,0.06462 
24846,0.08024 
24847,0.10646 
24848,0.13850 
24849,0.18616 
24850,0.21418 
24851,0.22223 
24852,0.23038 
24853,0.24096 
24854,0.22282 
24855,0.18306 
24856,0.14217 
24857,0.11589 
24858,0.11201 
24859,0.12658 
24860,0.14475 
24861,0.17106 
24862,0.17317 
24863,0.15020 
24864,0.13467 
24865,0.12223 
24866,0.12426 
24867,0.14057 
24868,0.16144 
24869,0.19163 
24870,0.21835 
24871,0.24231 
24872,0.26697 
24873,0.29271 
24874,0.28144 
24875,0.23099 
24876,0.18038 
24877,0.14742 
24878,0.10940 
24879,0.07116 
24880,0.03863 
24881,0.01639 
24882,0.00822 
24883,0.01388 
24884,0.01951 
24885,0.02497 
24886,0.03191 
24887,0.04043 
24888,0.05327 
24889,0.06571 
24890,0.08359 
24891,0.11943 
24892,0.15918 
24893,0.18076 
24894,0.18644 
24895,0.18243 
24896,0.19282 
24897,0.21934 
24898,0.26512 
24899,0.32083 
24900,0.34318 
24901,0.32351 
24902,0.29865 
24903,0.26919 
24904,0.26944 
24905,0.30327 
24906,0.33637 
24907,0.36729 
24908,0.39063 
24909,0.39960 
24910,0.40712 
24911,0.41336 
24912,0.41678 
24913,0.41523 
24914,0.40447 
24915,0.38473 
24916,0.38982 
24917,0.42164 
24918,0.45225 
24919,0.48180 
24920,0.49162 
24921,0.48184 
24922,0.48400 
24923,0.49325 
24924,0.47025 
24925,0.41904 
24926,0.37362 
24927,0.32847 
24928,0.28392 
24929,0.24045 
24930,0.20084 
24931,0.16328 
24932,0.11927 
24933,0.07694 
24934,0.04674 
24935,0.02639 
24936,0.01285 
24937,0.00376 
24938,0.00000 
24939,0.00000 
24940,0.00000 
24941,0.00000 
24942,0.00000 
24943,0.00000 
24944,0.00000 
24945,0.00000 
24946,0.00085 
24947,0.00248 
24948,0.00413 
24949,0.00705 
24950,0.00843 
24951,0.00508 
24952,0.00399 
24953,0.00290 
24954,0.00254 
24955,0.00295 
24956,0.00336 
24957,0.00379 
24958,0.00557 
24959,0.01880 
24960,0.03454 
24961,0.05876 
24962,0.06966 
24963,0.06491 
24964,0.06013 
24965,0.05532 
24966,0.05317 
24967,0.05371 
24968,0.05407 
24969,0.05463 
24970,0.03859 
24971,0.01650 
24972,0.00437 
24973,0.00000 
24974,0.00000 
24975,0.00000 
24976,0.00000 
24977,0.00000 
24978,0.00005 
24979,0.00005 
24980,0.00005 
24981,0.00005 
24982,0.00000 
24983,0.00000 
24984,0.00000 
24985,0.00000 
24986,0.01098 
24987,0.04287 
24988,0.08945 
24989,0.15174 
24990,0.19404 
24991,0.20141 
24992,0.22990 
24993,0.28630 
24994,0.34108 
24995,0.39293 
24996,0.41497 
24997,0.39583 
24998,0.37797 
24999,0.36303 
25000,0.35161 
25001,0.34708 
25002,0.33180 
25003,0.30540 
25004,0.30918 
25005,0.34699 
25006,0.38276 
25007,0.41712 
25008,0.41941 
25009,0.39020 
25010,0.37057 
25011,0.36059 
25012,0.34561 
25013,0.32685 
25014,0.30014 
25015,0.26720 
25016,0.27162 
25017,0.31013 
25018,0.35678 
25019,0.40981 
25020,0.37692 
25021,0.26742 
25022,0.15930 
25023,0.10388 
25024,0.09292 
25025,0.08766 
25026,0.08402 
25027,0.08236 
25028,0.06866 
25029,0.04541 
25030,0.01759 
25031,0.00130 
25032,0.00131 
25033,0.00063 
25034,0.00000 
25035,0.00000 
25036,0.00000 
25037,0.00000 
25038,0.00000 
25039,0.00000 
25040,0.00000 
25041,0.00000 
25042,0.00000 
25043,0.00000 
25044,0.00000 
25045,0.00137 
25046,0.00213 
25047,0.00176 
25048,0.00138 
25049,0.00100 
25050,0.00159 
25051,0.00315 
25052,0.00474 
25053,0.00806 
25054,0.01012 
25055,0.00647 
25056,0.00558 
25057,0.00487 
25058,0.00428 
25059,0.00384 
25060,0.00339 
25061,0.00295 
25062,0.00297 
25063,0.00345 
25064,0.00395 
25065,0.00447 
25066,0.00558 
25067,0.00801 
25068,0.01605 
25069,0.02421 
25070,0.03526 
25071,0.05344 
25072,0.07512 
25073,0.09751 
25074,0.09754 
25075,0.07546 
25076,0.05371 
25077,0.03559 
25078,0.02851 
25079,0.02831 
25080,0.02812 
25081,0.02793 
25082,0.04148 
25083,0.07068 
25084,0.10175 
25085,0.13595 
25086,0.16529 
25087,0.19473 
25088,0.19888 
25089,0.16748 
25090,0.13393 
25091,0.11450 
25092,0.11753 
25093,0.13566 
25094,0.15763 
25095,0.18294 
25096,0.18030 
25097,0.15018 
25098,0.12526 
25099,0.10599 
25100,0.09950 
25101,0.10438 
25102,0.11186 
25103,0.12127 
25104,0.10975 
25105,0.07799 
25106,0.03586 
25107,0.01005 
25108,0.01000 
25109,0.03693 
25110,0.07789 
25111,0.10508 
25112,0.12564 
25113,0.13931 
25114,0.16731 
25115,0.21218 
25116,0.21969 
25117,0.19966 
25118,0.18101 
25119,0.16462 
25120,0.14592 
25121,0.12569 
25122,0.11165 
25123,0.10703 
25124,0.10888 
25125,0.11444 
25126,0.11093 
25127,0.09303 
25128,0.08077 
25129,0.07372 
25130,0.06738 
25131,0.06088 
25132,0.05430 
25133,0.04778 
25134,0.04793 
25135,0.05529 
25136,0.06275 
25137,0.07030 
25138,0.07268 
25139,0.07025 
25140,0.06758 
25141,0.06509 
25142,0.04994 
25143,0.02645 
25144,0.00855 
25145,0.00272 
25146,0.00084 
25147,0.00084 
25148,0.00085 
25149,0.00086 
25150,0.00108 
25151,0.00153 
25152,0.00202 
25153,0.00252 
25154,0.00519 
25155,0.02199 
25156,0.04819 
25157,0.08421 
25158,0.10237 
25159,0.09393 
25160,0.08756 
25161,0.08139 
25162,0.07122 
25163,0.05727 
25164,0.04311 
25165,0.03361 
25166,0.02607 
25167,0.02024 
25168,0.01437 
25169,0.00846 
25170,0.00846 
25171,0.01439 
25172,0.02028 
25173,0.02623 
25174,0.03028 
25175,0.03242 
25176,0.03466 
25177,0.03675 
25178,0.04994 
25179,0.09045 
25180,0.13371 
25181,0.15082 
25182,0.15601 
25183,0.15644 
25184,0.17574 
25185,0.21537 
25186,0.24665 
25187,0.26744 
25188,0.29020 
25189,0.31945 
25190,0.36153 
25191,0.41726 
25192,0.43666 
25193,0.41191 
25194,0.38838 
25195,0.36666 
25196,0.36674 
25197,0.39066 
25198,0.40425 
25199,0.41895 
25200,0.41088 
25201,0.38334 
25202,0.36264 
25203,0.34907 
25204,0.33581 
25205,0.32353 
25206,0.31376 
25207,0.30809 
25208,0.29571 
25209,0.27676 
25210,0.25918 
25211,0.24262 
25212,0.22594 
25213,0.20900 
25214,0.19076 
25215,0.17195 
25216,0.15598 
25217,0.14059 
25218,0.12810 
25219,0.11648 
25220,0.08948 
25221,0.05627 
25222,0.03197 
25223,0.01080 
25224,0.00055 
25225,0.00000 
25226,0.00000 
25227,0.00000 
25228,0.00000 
25229,0.00000 
25230,0.00000 
25231,0.00000 
25232,0.00000 
25233,0.00000 
25234,0.00000 
25235,0.00000 
25236,0.00000 
25237,0.00000 
25238,0.00000 
25239,0.00000 
25240,0.00000 
25241,0.00000 
25242,0.00000 
25243,0.00000 
25244,0.00180 
25245,0.00451 
25246,0.00813 
25247,0.01562 
25248,0.02350 
25249,0.03181 
25250,0.03348 
25251,0.02812 
25252,0.02260 
25253,0.01710 
25254,0.00809 
25255,0.00476 
25256,0.00212 
25257,0.00000 
25258,0.00000 
25259,0.00000 
25260,0.00000 
25261,0.00000 
25262,0.00000 
25263,0.00000 
25264,0.00000 
25265,0.00000 
25266,0.00000 
25267,0.00000 
25268,0.00000 
25269,0.00000 
25270,0.00000 
25271,0.00000 
25272,0.00000 
25273,0.00000 
25274,0.01150 
25275,0.04885 
25276,0.10884 
25277,0.19176 
25278,0.24431 
25279,0.24059 
25280,0.26845 
25281,0.34011 
25282,0.40185 
25283,0.45471 
25284,0.49834 
25285,0.53179 
25286,0.57312 
25287,0.61264 
25288,0.64559 
25289,0.66911 
25290,0.68837 
25291,0.70149 
25292,0.70985 
25293,0.70913 
25294,0.71155 
25295,0.71716 
25296,0.71020 
25297,0.69097 
25298,0.66824 
25299,0.63859 
25300,0.61102 
25301,0.58745 
25302,0.56761 
25303,0.55474 
25304,0.53427 
25305,0.50450 
25306,0.47880 
25307,0.45393 
25308,0.42245 
25309,0.38598 
25310,0.36093 
25311,0.34642 
25312,0.29635 
25313,0.22707 
25314,0.16905 
25315,0.12291 
25316,0.09456 
25317,0.07377 
25318,0.05237 
25319,0.02961 
25320,0.01487 
25321,0.00777 
25322,0.00904 
25323,0.01860 
25324,0.02819 
25325,0.03968 
25326,0.05570 
25327,0.07267 
25328,0.09322 
25329,0.11684 
25330,0.11235 
25331,0.07978 
25332,0.05524 
25333,0.03253 
25334,0.03365 
25335,0.06054 
25336,0.09141 
25337,0.13073 
25338,0.14424 
25339,0.13126 
25340,0.11864 
25341,0.10559 
25342,0.10479 
25343,0.11556 
25344,0.12713 
25345,0.13919 
25346,0.14406 
25347,0.14032 
25348,0.13701 
25349,0.13314 
25350,0.12721 
25351,0.11820 
25352,0.10946 
25353,0.10051 
25354,0.11674 
25355,0.15977 
25356,0.22218 
25357,0.30082 
25358,0.34587 
25359,0.34599 
25360,0.34611 
25361,0.34488 
25362,0.30495 
25363,0.23701 
25364,0.17395 
25365,0.13626 
25366,0.12494 
25367,0.13789 
25368,0.15092 
25369,0.16360 
25370,0.15902 
25371,0.13776 
25372,0.11871 
25373,0.10667 
25374,0.13803 
25375,0.21632 
25376,0.26619 
25377,0.28547 
25378,0.28619 
25379,0.26881 
25380,0.26691 
25381,0.27607 
25382,0.28636 
25383,0.29271 
25384,0.30979 
25385,0.34621 
25386,0.40956 
25387,0.49967 
25388,0.48586 
25389,0.36518 
25390,0.23006 
25391,0.16591 
25392,0.16499 
25393,0.21288 
25394,0.27053 
25395,0.33734 
25396,0.33727 
25397,0.27361 
25398,0.21486 
25399,0.17480 
25400,0.17019 
25401,0.20057 
25402,0.23873 
25403,0.27030 
25404,0.26474 
25405,0.22524 
25406,0.19874 
25407,0.18475 
25408,0.15347 
25409,0.10977 
25410,0.05641 
25411,0.02391 
25412,0.02369 
25413,0.02311 
25414,0.01720 
25415,0.01083 
25416,0.00879 
25417,0.00656 
25418,0.01542 
25419,0.03916 
25420,0.07366 
25421,0.11900 
25422,0.14103 
25423,0.13774 
25424,0.13441 
25425,0.13063 
25426,0.12091 
25427,0.10438 
25428,0.08802 
25429,0.07436 
25430,0.05991 
25431,0.04303 
25432,0.02979 
25433,0.01870 
25434,0.01727 
25435,0.02569 
25436,0.03427 
25437,0.04544 
25438,0.05671 
25439,0.06635 
25440,0.07614 
25441,0.08628 
25442,0.09197 
25443,0.09263 
25444,0.09296 
25445,0.09363 
25446,0.09282 
25447,0.09014 
25448,0.08774 
25449,0.08493 
25450,0.08110 
25451,0.07560 
25452,0.07035 
25453,0.06501 
25454,0.07314 
25455,0.09482 
25456,0.12084 
25457,0.15045 
25458,0.14582 
25459,0.10741 
25460,0.07844 
25461,0.05120 
25462,0.03852 
25463,0.03553 
25464,0.03276 
25465,0.03004 
25466,0.03419 
25467,0.04641 
25468,0.05899 
25469,0.07169 
25470,0.10143 
25471,0.14905 
25472,0.19220 
25473,0.23139 
25474,0.26825 
25475,0.30667 
25476,0.35268 
25477,0.42086 
25478,0.46805 
25479,0.48445 
25480,0.47944 
25481,0.45222 
25482,0.44357 
25483,0.45180 
25484,0.43672 
25485,0.39925 
25486,0.36592 
25487,0.33990 
25488,0.30819 
25489,0.27308 
25490,0.22345 
25491,0.16043 
25492,0.14306 
25493,0.17313 
25494,0.21741 
25495,0.27521 
25496,0.30490 
25497,0.30180 
25498,0.30964 
25499,0.32971 
25500,0.33251 
25501,0.30838 
25502,0.26972 
25503,0.21672 
25504,0.18587 
25505,0.17652 
25506,0.16291 
25507,0.15315 
25508,0.15173 
25509,0.14921 
25510,0.13988 
25511,0.12609 
25512,0.11255 
25513,0.09924 
25514,0.07652 
25515,0.05108 
25516,0.02899 
25517,0.01264 
25518,0.01172 
25519,0.02644 
25520,0.04459 
25521,0.06800 
25522,0.09090 
25523,0.11462 
25524,0.13850 
25525,0.17488 
25526,0.19165 
25527,0.18173 
25528,0.17162 
25529,0.16130 
25530,0.15298 
25531,0.14953 
25532,0.14554 
25533,0.14201 
25534,0.14349 
25535,0.15122 
25536,0.15871 
25537,0.16648 
25538,0.18985 
25539,0.22638 
25540,0.26320 
25541,0.30032 
25542,0.34476 
25543,0.38587 
25544,0.42763 
25545,0.47006 
25546,0.46911 
25547,0.41992 
25548,0.37136 
25549,0.32279 
25550,0.28041 
25551,0.23185 
25552,0.18408 
25553,0.15722 
25554,0.16403 
25555,0.22006 
25556,0.29333 
25557,0.38062 
25558,0.41323 
25559,0.37648 
25560,0.34027 
25561,0.30983 
25562,0.30755 
25563,0.33861 
25564,0.38528 
25565,0.44543 
25566,0.47051 
25567,0.45987 
25568,0.46599 
25569,0.47901 
25570,0.51183 
25571,0.56849 
25572,0.61123 
25573,0.63817 
25574,0.65060 
25575,0.64797 
25576,0.64444 
25577,0.64131 
25578,0.63472 
25579,0.62472 
25580,0.61472 
25581,0.60866 
25582,0.60305 
25583,0.59582 
25584,0.58789 
25585,0.57108 
25586,0.56428 
25587,0.56670 
25588,0.56817 
25589,0.56308 
25590,0.56720 
25591,0.57234 
25592,0.55803 
25593,0.52565 
25594,0.48797 
25595,0.45191 
25596,0.44866 
25597,0.47210 
25598,0.49096 
25599,0.50590 
25600,0.47527 
25601,0.40973 
25602,0.36811 
25603,0.34729 
25604,0.34773 
25605,0.36497 
25606,0.37133 
25607,0.36893 
25608,0.37263 
25609,0.37912 
25610,0.42406 
25611,0.50810 
25612,0.59327 
25613,0.67344 
25614,0.78623 
25615,0.92121 
25616,1.05152 
25617,1.16591 
25618,1.20007 
25619,1.17088 
25620,1.13570 
25621,1.09097 
25622,1.05410 
25623,1.02516 
25624,0.99925 
25625,0.97148 
25626,0.91975 
25627,0.84435 
25628,0.76456 
25629,0.68099 
25630,0.56280 
25631,0.41471 
25632,0.28328 
25633,0.18453 
25634,0.14662 
25635,0.14233 
25636,0.13801 
25637,0.13365 
25638,0.12725 
25639,0.11825 
25640,0.10952 
25641,0.10020 
25642,0.09254 
25643,0.08379 
25644,0.07490 
25645,0.06586 
25646,0.06445 
25647,0.07032 
25648,0.07650 
25649,0.08272 
25650,0.07096 
25651,0.04280 
25652,0.02397 
25653,0.00727 
25654,0.00528 
25655,0.00527 
25656,0.00523 
25657,0.00521 
25658,0.01736 
25659,0.04731 
25660,0.08489 
25661,0.13016 
25662,0.17852 
25663,0.23549 
25664,0.28656 
25665,0.31932 
25666,0.35626 
25667,0.39717 
25668,0.43681 
25669,0.47313 
25670,0.51731 
25671,0.56646 
25672,0.59593 
25673,0.60444 
25674,0.62040 
25675,0.64312 
25676,0.65479 
25677,0.65747 
25678,0.65707 
25679,0.65372 
25680,0.63951 
25681,0.61195 
25682,0.59228 
25683,0.57961 
25684,0.55774 
25685,0.52853 
25686,0.49824 
25687,0.46724 
25688,0.45409 
25689,0.45748 
25690,0.45833 
25691,0.45875 
25692,0.42746 
25693,0.37187 
25694,0.32098 
25695,0.27453 
25696,0.24046 
25697,0.21136 
25698,0.18359 
25699,0.15504 
25700,0.11252 
25701,0.07039 
25702,0.04718 
25703,0.02838 
25704,0.00779 
25705,0.00000 
25706,0.00000 
25707,0.00000 
25708,0.00000 
25709,0.00000 
25710,0.00000 
25711,0.00000 
25712,0.00000 
25713,0.00000 
25714,0.00000 
25715,0.00000 
25716,0.00000 
25717,0.00036 
25718,0.00203 
25719,0.00437 
25720,0.00818 
25721,0.01946 
25722,0.02927 
25723,0.03773 
25724,0.05056 
25725,0.06360 
25726,0.08158 
25727,0.11137 
25728,0.14451 
25729,0.19185 
25730,0.19916 
25731,0.15840 
25732,0.13163 
25733,0.10520 
25734,0.10197 
25735,0.12313 
25736,0.14480 
25737,0.16761 
25738,0.18767 
25739,0.20339 
25740,0.21853 
25741,0.23472 
25742,0.24301 
25743,0.24417 
25744,0.24533 
25745,0.24554 
25746,0.25787 
25747,0.28236 
25748,0.30689 
25749,0.33059 
25750,0.39366 
25751,0.48477 
25752,0.58330 
25753,0.69083 
25754,0.63307 
25755,0.43824 
25756,0.29720 
25757,0.21891 
25758,0.22958 
25759,0.31680 
25760,0.37837 
25761,0.39273 
25762,0.42577 
25763,0.48209 
25764,0.52626 
25765,0.56008 
25766,0.60693 
25767,0.66683 
25768,0.70951 
25769,0.72998 
25770,0.74809 
25771,0.76247 
25772,0.76684 
25773,0.76574 
25774,0.77189 
25775,0.78809 
25776,0.79801 
25777,0.80183 
25778,0.79851 
25779,0.78369 
25780,0.76091 
25781,0.72858 
25782,0.70982 
25783,0.70211 
25784,0.68089 
25785,0.64577 
25786,0.63437 
25787,0.67012 
25788,0.71144 
25789,0.75679 
25790,0.75283 
25791,0.68135 
25792,0.60776 
25793,0.53132 
25794,0.44179 
25795,0.35199 
25796,0.25623 
25797,0.17078 
25798,0.15173 
25799,0.19493 
25800,0.24857 
25801,0.33534 
25802,0.40338 
25803,0.45253 
25804,0.50320 
25805,0.55420 
25806,0.60753 
25807,0.66655 
25808,0.72666 
25809,0.78762 
25810,0.80650 
25811,0.78652 
25812,0.76231 
25813,0.74039 
25814,0.75758 
25815,0.80910 
25816,0.85969 
25817,0.90807 
25818,0.85422 
25819,0.67799 
25820,0.48932 
25821,0.32068 
25822,0.30250 
25823,0.42895 
25824,0.58176 
25825,0.74246 
25826,0.83697 
25827,0.86792 
25828,0.89910 
25829,0.92856 
25830,0.91939 
25831,0.86570 
25832,0.81343 
25833,0.75677 
25834,0.75061 
25835,0.79070 
25836,0.83110 
25837,0.87183 
25838,0.81830 
25839,0.65738 
25840,0.49868 
25841,0.36028 
25842,0.30013 
25843,0.30018 
25844,0.30023 
25845,0.30028 
25846,0.34254 
25847,0.44587 
25848,0.55428 
25849,0.67629 
25850,0.72217 
25851,0.69221 
25852,0.66586 
25853,0.63785 
25854,0.61168 
25855,0.58293 
25856,0.57444 
25857,0.58138 
25858,0.56745 
25859,0.52997 
25860,0.50983 
25861,0.50640 
25862,0.46098 
25863,0.37987 
25864,0.30670 
25865,0.24081 
25866,0.20838 
25867,0.19867 
25868,0.19568 
25869,0.19896 
25870,0.19527 
25871,0.18477 
25872,0.19597 
25873,0.23546 
25874,0.28775 
25875,0.34605 
25876,0.36066 
25877,0.33205 
25878,0.30888 
25879,0.29145 
25880,0.28203 
25881,0.27980 
25882,0.28952 
25883,0.31060 
25884,0.31430 
25885,0.30030 
25886,0.28949 
25887,0.27882 
25888,0.26866 
25889,0.25858 
25890,0.20980 
25891,0.14590 
25892,0.09830 
25893,0.06662 
25894,0.04501 
25895,0.03423 
25896,0.02780 
25897,0.02381 
25898,0.01735 
25899,0.00616 
25900,0.00360 
25901,0.00123 
25902,0.00034 
25903,0.00095 
25904,0.00157 
25905,0.00220 
25906,0.00231 
25907,0.00190 
25908,0.00149 
25909,0.00108 
25910,0.00004 
25911,0.00000 
25912,0.00000 
25913,0.00000 
25914,0.00000 
25915,0.00000 
25916,0.00000 
25917,0.00000 
25918,0.00000 
25919,0.00000 
25920,0.00000 
25921,0.00000 
25922,0.00000 
25923,0.00000 
25924,0.00112 
25925,0.00232 
25926,0.00403 
25927,0.00627 
25928,0.01302 
25929,0.02387 
25930,0.02106 
25931,0.00689 
25932,0.00337 
25933,0.00000 
25934,0.00000 
25935,0.00000 
25936,0.00000 
25937,0.00000 
25938,0.00000 
25939,0.00000 
25940,0.00000 
25941,0.00000 
25942,0.00000 
25943,0.00000 
25944,0.00000 
25945,0.00000 
25946,0.00246 
25947,0.00771 
25948,0.01299 
25949,0.01831 
25950,0.02957 
25951,0.04682 
25952,0.06675 
25953,0.08927 
25954,0.11958 
25955,0.15706 
25956,0.15898 
25957,0.12698 
25958,0.09634 
25959,0.06736 
25960,0.07308 
25961,0.11150 
25962,0.15177 
25963,0.19374 
25964,0.20022 
25965,0.17314 
25966,0.15411 
25967,0.14358 
25968,0.13683 
25969,0.13455 
25970,0.13082 
25971,0.12631 
25972,0.12514 
25973,0.12703 
25974,0.12985 
25975,0.13251 
25976,0.13317 
25977,0.13106 
25978,0.12863 
25979,0.12562 
25980,0.12632 
25981,0.13130 
25982,0.13860 
25983,0.15526 
25984,0.16448 
25985,0.16547 
25986,0.16155 
25987,0.14859 
25988,0.12919 
25989,0.10743 
25990,0.08526 
25991,0.07292 
25992,0.07322 
25993,0.07499 
25994,0.07322 
25995,0.06597 
25996,0.05886 
25997,0.05165 
25998,0.05350 
25999,0.06457 
26000,0.07578 
26001,0.08858 
26002,0.09234 
26003,0.08409 
26004,0.07755 
26005,0.07153 
26006,0.06646 
26007,0.06193 
26008,0.05756 
26009,0.05295 
26010,0.04686 
26011,0.03894 
26012,0.03334 
26013,0.02824 
26014,0.02009 
26015,0.00862 
26016,0.00470 
26017,0.00224 
26018,0.00121 
26019,0.00169 
26020,0.00218 
26021,0.00266 
26022,0.00341 
26023,0.00445 
26024,0.00550 
26025,0.00659 
26026,0.00628 
26027,0.00454 
26028,0.00276 
26029,0.00096 
26030,0.00000 
26031,0.00000 
26032,0.00000 
26033,0.00000 
26034,0.00000 
26035,0.00000 
26036,0.00000 
26037,0.00000 
26038,0.00000 
26039,0.00000 
26040,0.00000 
26041,0.00000 
26042,0.00401 
26043,0.01265 
26044,0.02153 
26045,0.03053 
26046,0.05944 
26047,0.10999 
26048,0.14431 
26049,0.16307 
26050,0.18802 
26051,0.21676 
26052,0.22326 
26053,0.20620 
26054,0.19624 
26055,0.19174 
26056,0.17912 
26057,0.15932 
26058,0.13667 
26059,0.11420 
26060,0.11038 
26061,0.12408 
26062,0.13053 
26063,0.13090 
26064,0.14393 
26065,0.16986 
26066,0.21001 
26067,0.25165 
26068,0.24596 
26069,0.19362 
26070,0.15727 
26071,0.13942 
26072,0.13667 
26073,0.14410 
26074,0.13227 
26075,0.10054 
26076,0.09226 
26077,0.10819 
26078,0.12024 
26079,0.12836 
26080,0.12338 
26081,0.10530 
26082,0.09797 
26083,0.10129 
26084,0.10406 
26085,0.10801 
26086,0.10700 
26087,0.10273 
26088,0.10217 
26089,0.10341 
26090,0.10707 
26091,0.11134 
26092,0.11531 
26093,0.11961 
26094,0.12232 
26095,0.12305 
26096,0.12379 
26097,0.12453 
26098,0.13551 
26099,0.16904 
26100,0.20674 
26101,0.24468 
26102,0.21619 
26103,0.13056 
26104,0.07824 
26105,0.03841 
26106,0.02728 
26107,0.03263 
26108,0.03848 
26109,0.04676 
26110,0.05144 
26111,0.05230 
26112,0.05336 
26113,0.05428 
26114,0.05244 
26115,0.04772 
26116,0.04275 
26117,0.03904 
26118,0.03657 
26119,0.03476 
26120,0.03290 
26121,0.03086 
26122,0.02695 
26123,0.02101 
26124,0.01497 
26125,0.00884 
26126,0.02017 
26127,0.05108 
26128,0.09609 
26129,0.15476 
26130,0.16350 
26131,0.11995 
26132,0.08342 
26133,0.05242 
26134,0.03803 
26135,0.03497 
26136,0.03214 
26137,0.02929 
26138,0.03767 
26139,0.06095 
26140,0.08408 
26141,0.10078 
26142,0.10162 
26143,0.09058 
26144,0.08739 
26145,0.09044 
26146,0.09477 
26147,0.09999 
26148,0.11122 
26149,0.12834 
26150,0.13299 
26151,0.12547 
26152,0.12604 
26153,0.12505 
26154,0.12965 
26155,0.13968 
26156,0.15431 
26157,0.17198 
26158,0.18775 
26159,0.19273 
26160,0.18960 
26161,0.17970 
26162,0.16877 
26163,0.15729 
26164,0.14521 
26165,0.13091 
26166,0.12285 
26167,0.12165 
26168,0.12122 
26169,0.12372 
26170,0.11098 
26171,0.08922 
26172,0.06962 
26173,0.06004 
26174,0.05310 
26175,0.04628 
26176,0.04073 
26177,0.03656 
26178,0.03264 
26179,0.02912 
26180,0.02396 
26181,0.01714 
26182,0.00846 
26183,0.00243 
26184,0.00076 
26185,0.00043 
26186,0.00053 
26187,0.00000 
26188,0.00000 
26189,0.00000 
26190,0.00000 
26191,0.00000 
26192,0.00000 
26193,0.00000 
26194,0.00000 
26195,0.00055 
26196,0.00198 
26197,0.00342 
26198,0.00416 
26199,0.00420 
26200,0.00422 
26201,0.00426 
26202,0.00356 
26203,0.00208 
26204,0.00058 
26205,0.00000 
26206,0.00000 
26207,0.00000 
26208,0.00000 
26209,0.00000 
26210,0.00000 
26211,0.00000 
26212,0.00116 
26213,0.00241 
26214,0.00332 
26215,0.00386 
26216,0.00444 
26217,0.00502 
26218,0.00534 
26219,0.00539 
26220,0.00545 
26221,0.00550 
26222,0.00498 
26223,0.00388 
26224,0.00279 
26225,0.00169 
26226,0.00224 
26227,0.00438 
26228,0.00653 
26229,0.01099 
26230,0.01087 
26231,0.00633 
26232,0.00418 
26233,0.00208 
26234,0.00611 
26235,0.01664 
26236,0.03838 
26237,0.06304 
26238,0.07499 
26239,0.06908 
26240,0.06897 
26241,0.07523 
26242,0.08034 
26243,0.08423 
26244,0.09304 
26245,0.10680 
26246,0.11549 
26247,0.11992 
26248,0.12112 
26249,0.11959 
26250,0.12593 
26251,0.13950 
26252,0.14659 
26253,0.14739 
26254,0.13621 
26255,0.11339 
26256,0.09767 
26257,0.08471 
26258,0.07485 
26259,0.07167 
26260,0.07185 
26261,0.07535 
26262,0.08077 
26263,0.08803 
26264,0.08767 
26265,0.07829 
26266,0.07214 
26267,0.06964 
26268,0.06074 
26269,0.04556 
26270,0.02816 
26271,0.00917 
26272,0.00393 
26273,0.01167 
26274,0.01755 
26275,0.02141 
26276,0.01969 
26277,0.01256 
26278,0.00462 
26279,0.00000 
26280,0.00000 
26281,0.00000 
26282,0.00000 
26283,0.00000 
26284,0.00000 
26285,0.00000 
26286,0.00000 
26287,0.00000 
26288,0.00000 
26289,0.00000 
26290,0.00000 
26291,0.00000 
26292,0.00000 
26293,0.00000 
26294,0.00000 
26295,0.00000 
26296,0.00000 
26297,0.00000 
26298,0.00000 
26299,0.00000 
26300,0.00000 
26301,0.00000 
26302,0.00000 
26303,0.00000 
26304,0.00000 
26305,0.00000 
26306,0.00031 
26307,0.00000 
26308,0.00000 
26309,0.00000 
26310,0.00000 
26311,0.00000 
26312,0.00000 
26313,0.00000 
26314,0.00000 
26315,0.00000 
26316,0.00000 
26317,0.00000 
26318,0.00000 
26319,0.00000 
26320,0.00134 
26321,0.00275 
26322,0.00429 
26323,0.00596 
26324,0.00762 
26325,0.01274 
26326,0.01594 
26327,0.01445 
26328,0.01294 
26329,0.01148 
26330,0.01578 
26331,0.02572 
26332,0.03659 
26333,0.04706 
26334,0.06523 
26335,0.08626 
26336,0.10404 
26337,0.11803 
26338,0.13737 
26339,0.16471 
26340,0.19680 
26341,0.22867 
26342,0.25029 
26343,0.26068 
26344,0.25936 
26345,0.24770 
26346,0.23315 
26347,0.21654 
26348,0.19848 
26349,0.18047 
26350,0.17164 
26351,0.17125 
26352,0.18414 
26353,0.20999 
26354,0.24233 
26355,0.29541 
26356,0.33422 
26357,0.35769 
26358,0.37513 
26359,0.37923 
26360,0.37736 
26361,0.37061 
26362,0.36252 
26363,0.35313 
26364,0.34857 
26365,0.34885 
26366,0.35338 
26367,0.35969 
26368,0.37067 
26369,0.38502 
26370,0.41677 
26371,0.46786 
26372,0.51865 
26373,0.57558 
26374,0.60502 
26375,0.61029 
26376,0.61754 
26377,0.62556 
26378,0.56388 
26379,0.43497 
26380,0.32569 
26381,0.23442 
26382,0.19542 
26383,0.19677 
26384,0.19747 
26385,0.19885 
26386,0.15112 
26387,0.08880 
26388,0.04204 
26389,0.01127 
26390,0.00454 
26391,0.00409 
26392,0.00366 
26393,0.00320 
26394,0.00481 
26395,0.01294 
26396,0.03046 
26397,0.05137 
26398,0.06395 
26399,0.06116 
26400,0.05849 
26401,0.05552 
26402,0.06207 
26403,0.07841 
26404,0.09501 
26405,0.11375 
26406,0.13743 
26407,0.16105 
26408,0.18583 
26409,0.22198 
26410,0.21958 
26411,0.18350 
26412,0.15545 
26413,0.12690 
26414,0.11997 
26415,0.13506 
26416,0.15082 
26417,0.16601 
26418,0.16535 
26419,0.14904 
26420,0.13301 
26421,0.11723 
26422,0.10545 
26423,0.09579 
26424,0.08636 
26425,0.07715 
26426,0.06497 
26427,0.05819 
26428,0.05545 
26429,0.06330 
26430,0.08913 
26431,0.12936 
26432,0.15716 
26433,0.16927 
26434,0.18388 
26435,0.19719 
26436,0.21723 
26437,0.24535 
26438,0.26971 
26439,0.29317 
26440,0.31193 
26441,0.32735 
26442,0.34475 
26443,0.36364 
26444,0.37792 
26445,0.38962 
26446,0.41977 
26447,0.46792 
26448,0.45041 
26449,0.36806 
26450,0.28068 
26451,0.22235 
26452,0.20957 
26453,0.21284 
26454,0.21159 
26455,0.20324 
26456,0.20368 
26457,0.21358 
26458,0.22381 
26459,0.23687 
26460,0.23028 
26461,0.20384 
26462,0.18239 
26463,0.16588 
26464,0.14229 
26465,0.11335 
26466,0.08774 
26467,0.06382 
26468,0.04658 
26469,0.03573 
26470,0.01636 
26471,0.00223 
26472,0.00070 
26473,0.00000 
26474,0.00000 
26475,0.00000 
26476,0.00000 
26477,0.00000 
26478,0.00000 
26479,0.00000 
26480,0.00000 
26481,0.00000 
26482,0.00000 
26483,0.00000 
26484,0.00000 
26485,0.00160 
26486,0.00497 
26487,0.01623 
26488,0.03611 
26489,0.06409 
26490,0.08849 
26491,0.10820 
26492,0.13146 
26493,0.15490 
26494,0.17688 
26495,0.21179 
26496,0.24752 
26497,0.28409 
26498,0.28640 
26499,0.25456 
26500,0.22220 
26501,0.18929 
26502,0.18093 
26503,0.18319 
26504,0.18475 
26505,0.18710 
26506,0.19387 
26507,0.20699 
26508,0.22484 
26509,0.24405 
26510,0.24520 
26511,0.22900 
26512,0.21279 
26513,0.20114 
26514,0.22561 
26515,0.29907 
26516,0.37341 
26517,0.47346 
26518,0.52599 
26519,0.53205 
26520,0.53792 
26521,0.54362 
26522,0.52201 
26523,0.47869 
26524,0.43430 
26525,0.39209 
26526,0.41949 
26527,0.51033 
26528,0.60776 
26529,0.70003 
26530,0.77480 
26531,0.82965 
26532,0.86290 
26533,0.87170 
26534,0.85630 
26535,0.81517 
26536,0.78392 
26537,0.75048 
26538,0.77251 
26539,0.86090 
26540,0.96192 
26541,1.06410 
26542,1.08632 
26543,1.02050 
26544,0.99950 
26545,1.01570 
26546,1.05289 
26547,1.10838 
26548,1.08285 
26549,0.98160 
26550,0.92291 
26551,0.90972 
26552,0.96285 
26553,1.07080 
26554,1.13651 
26555,1.16171 
26556,1.14336 
26557,1.08778 
26558,1.03456 
26559,0.97444 
26560,0.91711 
26561,0.86319 
26562,0.83435 
26563,0.82459 
26564,0.74967 
26565,0.65748 
26566,0.57920 
26567,0.48304 
26568,0.39814 
26569,0.32241 
26570,0.30955 
26571,0.36074 
26572,0.41230 
26573,0.47081 
26574,0.47937 
26575,0.43666 
26576,0.39969 
26577,0.36099 
26578,0.29707 
26579,0.22796 
26580,0.16182 
26581,0.12450 
26582,0.08617 
26583,0.05389 
26584,0.02816 
26585,0.00705 
26586,0.00339 
26587,0.00053 
26588,0.00000 
26589,0.00000 
26590,0.00000 
26591,0.00000 
26592,0.00000 
26593,0.00000 
26594,0.00000 
26595,0.00000 
26596,0.00000 
26597,0.00000 
26598,0.00000 
26599,0.00000 
26600,0.00000 
26601,0.00000 
26602,0.00000 
26603,0.00000 
26604,0.00000 
26605,0.00000 
26606,0.00000 
26607,0.00000 
26608,0.00000 
26609,0.00000 
26610,0.00000 
26611,0.00000 
26612,0.00000 
26613,0.00000 
26614,0.00000 
26615,0.00000 
26616,0.00000 
26617,0.00000 
26618,0.01180 
26619,0.04584 
26620,0.08000 
26621,0.09446 
26622,0.10198 
26623,0.10899 
26624,0.12398 
26625,0.14997 
26626,0.17069 
26627,0.18836 
26628,0.20476 
26629,0.26212 
26630,0.36818 
26631,0.47620 
26632,0.49939 
26633,0.42927 
26634,0.33837 
26635,0.28250 
26636,0.28573 
26637,0.31172 
26638,0.34245 
26639,0.35554 
26640,0.37803 
26641,0.40827 
26642,0.43265 
26643,0.45349 
26644,0.45913 
26645,0.45425 
26646,0.46844 
26647,0.49837 
26648,0.49370 
26649,0.45874 
26650,0.43116 
26651,0.41192 
26652,0.38232 
26653,0.34733 
26654,0.31404 
26655,0.28889 
26656,0.27653 
26657,0.26832 
26658,0.27641 
26659,0.29686 
26660,0.28958 
26661,0.28098 
26662,0.26820 
26663,0.22892 
26664,0.19119 
26665,0.15362 
26666,0.13893 
26667,0.13507 
26668,0.13119 
26669,0.12728 
26670,0.10584 
26671,0.07191 
26672,0.04304 
26673,0.02247 
26674,0.01318 
26675,0.01327 
26676,0.01332 
26677,0.01341 
26678,0.01136 
26679,0.00711 
26680,0.00600 
26681,0.00512 
26682,0.00446 
26683,0.00401 
26684,0.00356 
26685,0.00310 
26686,0.00265 
26687,0.00221 
26688,0.00176 
26689,0.00129 
26690,0.00105 
26691,0.00106 
26692,0.00107 
26693,0.00109 
26694,0.00252 
26695,0.00545 
26696,0.01022 
26697,0.02433 
26698,0.03108 
26699,0.02992 
26700,0.02886 
26701,0.02778 
26702,0.02923 
26703,0.03307 
26704,0.03688 
26705,0.04066 
26706,0.03659 
26707,0.02476 
26708,0.01303 
26709,0.00667 
26710,0.00514 
26711,0.00456 
26712,0.00398 
26713,0.00340 
26714,0.01006 
26715,0.02490 
26716,0.04002 
26717,0.05589 
26718,0.05941 
26719,0.05044 
26720,0.05126 
26721,0.06212 
26722,0.06981 
26723,0.07480 
26724,0.08495 
26725,0.10211 
26726,0.12237 
26727,0.13883 
26728,0.14658 
26729,0.14649 
26730,0.14964 
26731,0.15543 
26732,0.15539 
26733,0.14915 
26734,0.15282 
26735,0.17048 
26736,0.18583 
26737,0.20605 
26738,0.21124 
26739,0.20186 
26740,0.20013 
26741,0.20665 
26742,0.22311 
26743,0.24856 
26744,0.25928 
26745,0.25826 
26746,0.23141 
26747,0.18439 
26748,0.15887 
26749,0.14694 
26750,0.13687 
26751,0.12774 
26752,0.11783 
26753,0.10525 
26754,0.09057 
26755,0.07369 
26756,0.05357 
26757,0.03512 
26758,0.03266 
26759,0.04882 
26760,0.06771 
26761,0.08670 
26762,0.10257 
26763,0.10949 
26764,0.11609 
26765,0.12309 
26766,0.12350 
26767,0.11725 
26768,0.11097 
26769,0.10498 
26770,0.09522 
26771,0.08379 
26772,0.07460 
26773,0.06501 
26774,0.06186 
26775,0.06569 
26776,0.06933 
26777,0.07325 
26778,0.07868 
26779,0.08588 
26780,0.09345 
26781,0.10331 
26782,0.10404 
26783,0.09614 
26784,0.08994 
26785,0.08391 
26786,0.08113 
26787,0.08174 
26788,0.08236 
26789,0.08298 
26790,0.08554 
26791,0.09041 
26792,0.09577 
26793,0.10091 
26794,0.09305 
26795,0.07143 
26796,0.04945 
26797,0.03459 
26798,0.01942 
26799,0.00732 
26800,0.00397 
26801,0.00062 
26802,0.00000 
26803,0.00000 
26804,0.00000 
26805,0.00000 
26806,0.00000 
26807,0.00000 
26808,0.00000 
26809,0.00044 
26810,0.00386 
26811,0.00974 
26812,0.01575 
26813,0.02184 
26814,0.04089 
26815,0.06916 
26816,0.08311 
26817,0.08231 
26818,0.08149 
26819,0.08066 
26820,0.09232 
26821,0.11723 
26822,0.14566 
26823,0.17646 
26824,0.18331 
26825,0.16696 
26826,0.15783 
26827,0.15821 
26828,0.17514 
26829,0.20386 
26830,0.20292 
26831,0.17259 
26832,0.15558 
26833,0.15732 
26834,0.16960 
26835,0.19293 
26836,0.20054 
26837,0.19178 
26838,0.19771 
26839,0.21804 
26840,0.21565 
26841,0.18978 
26842,0.15812 
26843,0.11984 
26844,0.10724 
26845,0.11957 
26846,0.13642 
26847,0.15676 
26848,0.17008 
26849,0.17154 
26850,0.17032 
26851,0.16469 
26852,0.15862 
26853,0.15171 
26854,0.15607 
26855,0.18232 
26856,0.20858 
26857,0.23359 
26858,0.22304 
26859,0.17639 
26860,0.13850 
26861,0.11266 
26862,0.10314 
26863,0.11048 
26864,0.11792 
26865,0.12546 
26866,0.12927 
26867,0.12972 
26868,0.13018 
26869,0.13064 
26870,0.12351 
26871,0.10857 
26872,0.09300 
26873,0.08099 
26874,0.07896 
26875,0.08620 
26876,0.09416 
26877,0.10411 
26878,0.10766 
26879,0.10469 
26880,0.10160 
26881,0.09873 
26882,0.08849 
26883,0.06978 
26884,0.05092 
26885,0.03645 
26886,0.03674 
26887,0.05195 
26888,0.07234 
26889,0.09286 
26890,0.10988 
26891,0.12420 
26892,0.13921 
26893,0.15447 
26894,0.15797 
26895,0.14891 
26896,0.14050 
26897,0.13207 
26898,0.13210 
26899,0.14117 
26900,0.14969 
26901,0.15821 
26902,0.16888 
26903,0.18154 
26904,0.19651 
26905,0.21990 
26906,0.22312 
26907,0.20852 
26908,0.19297 
26909,0.18247 
26910,0.18552 
26911,0.20281 
26912,0.21997 
26913,0.23124 
26914,0.21061 
26915,0.17254 
26916,0.14858 
26917,0.13215 
26918,0.13590 
26919,0.15952 
26920,0.17124 
26921,0.17080 
26922,0.16931 
26923,0.16620 
26924,0.16713 
26925,0.17137 
26926,0.17123 
26927,0.16524 
26928,0.15773 
26929,0.14776 
26930,0.13151 
26931,0.10886 
26932,0.09075 
26933,0.07831 
26934,0.07165 
26935,0.07093 
26936,0.06764 
26937,0.06214 
26938,0.07037 
26939,0.09236 
26940,0.12714 
26941,0.16755 
26942,0.18785 
26943,0.16573 
26944,0.14757 
26945,0.12510 
26946,0.11272 
26947,0.11077 
26948,0.10736 
26949,0.10194 
26950,0.11276 
26951,0.13957 
26952,0.17838 
26953,0.22710 
26954,0.22786 
26955,0.18017 
26956,0.14238 
26957,0.11580 
26958,0.09583 
26959,0.08461 
26960,0.07509 
26961,0.06543 
26962,0.05223 
26963,0.03675 
26964,0.02590 
26965,0.01497 
26966,0.01001 
26967,0.01115 
26968,0.01230 
26969,0.01345 
26970,0.01518 
26971,0.01748 
26972,0.01979 
26973,0.02212 
26974,0.02171 
26975,0.01863 
26976,0.01538 
26977,0.01207 
26978,0.01096 
26979,0.01222 
26980,0.01343 
26981,0.01465 
26982,0.01294 
26983,0.00811 
26984,0.00686 
26985,0.00588 
26986,0.00513 
26987,0.00464 
26988,0.00413 
26989,0.00360 
26990,0.00446 
26991,0.00670 
26992,0.01137 
26993,0.02217 
26994,0.03624 
26995,0.05660 
26996,0.08379 
26997,0.11103 
26998,0.13342 
26999,0.14089 
27000,0.14826 
27001,0.15551 
27002,0.14530 
27003,0.13846 
27004,0.14168 
27005,0.13710 
27006,0.15003 
27007,0.18058 
27008,0.21268 
27009,0.25349 
27010,0.29722 
27011,0.34939 
27012,0.37029 
27013,0.35404 
27014,0.33617 
27015,0.31497 
27016,0.33031 
27017,0.38558 
27018,0.44029 
27019,0.49227 
27020,0.51007 
27021,0.49298 
27022,0.48570 
27023,0.48969 
27024,0.48726 
27025,0.48495 
27026,0.47575 
27027,0.45883 
27028,0.45690 
27029,0.46825 
27030,0.47901 
27031,0.48953 
27032,0.48661 
27033,0.47131 
27034,0.46754 
27035,0.47131 
27036,0.42690 
27037,0.34343 
27038,0.27044 
27039,0.20863 
27040,0.18577 
27041,0.18324 
27042,0.17582 
27043,0.16127 
27044,0.10012 
27045,0.02860 
27046,0.00537 
27047,0.01309 
27048,0.02418 
27049,0.03523 
27050,0.04037 
27051,0.03508 
27052,0.03113 
27053,0.02715 
27054,0.02631 
27055,0.02856 
27056,0.03094 
27057,0.03326 
27058,0.03296 
27059,0.02989 
27060,0.02679 
27061,0.02367 
27062,0.02268 
27063,0.02376 
27064,0.02485 
27065,0.02602 
27066,0.02991 
27067,0.03668 
27068,0.04565 
27069,0.05635 
27070,0.07006 
27071,0.08702 
27072,0.10779 
27073,0.13185 
27074,0.13333 
27075,0.11104 
27076,0.09164 
27077,0.07513 
27078,0.07758 
27079,0.09947 
27080,0.12847 
27081,0.15924 
27082,0.16318 
27083,0.14015 
27084,0.11675 
27085,0.09704 
27086,0.07921 
27087,0.06097 
27088,0.04444 
27089,0.03270 
27090,0.03140 
27091,0.04036 
27092,0.05084 
27093,0.06475 
27094,0.08256 
27095,0.10382 
27096,0.13252 
27097,0.16108 
27098,0.19086 
27099,0.23664 
27100,0.28291 
27101,0.32762 
27102,0.38090 
27103,0.43666 
27104,0.45488 
27105,0.42390 
27106,0.37657 
27107,0.31743 
27108,0.28403 
27109,0.27917 
27110,0.31482 
27111,0.38592 
27112,0.41904 
27113,0.41466 
27114,0.40102 
27115,0.39699 
27116,0.42415 
27117,0.47541 
27118,0.48817 
27119,0.46506 
27120,0.45734 
27121,0.46456 
27122,0.48137 
27123,0.50626 
27124,0.47856 
27125,0.40377 
27126,0.34790 
27127,0.31075 
27128,0.27523 
27129,0.24139 
27130,0.20564 
27131,0.19645 
27132,0.21204 
27133,0.23366 
27134,0.24750 
27135,0.24769 
27136,0.25091 
27137,0.25645 
27138,0.26016 
27139,0.26140 
27140,0.23913 
27141,0.19544 
27142,0.22136 
27143,0.34008 
27144,0.48507 
27145,0.64393 
27146,0.71277 
27147,0.69685 
27148,0.68082 
27149,0.66468 
27150,0.63811 
27151,0.59756 
27152,0.55532 
27153,0.51253 
27154,0.47765 
27155,0.45254 
27156,0.42862 
27157,0.40782 
27158,0.34619 
27159,0.24990 
27160,0.17408 
27161,0.12327 
27162,0.11581 
27163,0.14384 
27164,0.18386 
27165,0.23490 
27166,0.24363 
27167,0.20953 
27168,0.17421 
27169,0.15120 
27170,0.12569 
27171,0.09458 
27172,0.07126 
27173,0.04775 
27174,0.03483 
27175,0.02808 
27176,0.02118 
27177,0.01411 
27178,0.01299 
27179,0.01805 
27180,0.02328 
27181,0.02852 
27182,0.02111 
27183,0.00646 
27184,0.00220 
27185,0.00000 
27186,0.00000 
27187,0.00000 
27188,0.00000 
27189,0.00000 
27190,0.00000 
27191,0.00000 
27192,0.00000 
27193,0.00000 
27194,0.00532 
27195,0.01665 
27196,0.02811 
27197,0.03955 
27198,0.06936 
27199,0.11909 
27200,0.13577 
27201,0.11569 
27202,0.10060 
27203,0.09280 
27204,0.09799 
27205,0.11406 
27206,0.13026 
27207,0.14727 
27208,0.15421 
27209,0.15139 
27210,0.15083 
27211,0.15189 
27212,0.15062 
27213,0.14763 
27214,0.14148 
27215,0.13200 
27216,0.13935 
27217,0.16395 
27218,0.19778 
27219,0.23416 
27220,0.24437 
27221,0.22765 
27222,0.22081 
27223,0.21995 
27224,0.19684 
27225,0.14901 
27226,0.10656 
27227,0.06982 
27228,0.06263 
27229,0.08398 
27230,0.10025 
27231,0.11128 
27232,0.12769 
27233,0.14897 
27234,0.17939 
27235,0.20841 
27236,0.17668 
27237,0.10647 
27238,0.07006 
27239,0.05848 
27240,0.04683 
27241,0.03510 
27242,0.03223 
27243,0.03427 
27244,0.03720 
27245,0.04048 
27246,0.04215 
27247,0.04243 
27248,0.04271 
27249,0.04286 
27250,0.04158 
27251,0.03859 
27252,0.03603 
27253,0.03424 
27254,0.03641 
27255,0.04566 
27256,0.05544 
27257,0.06507 
27258,0.06875 
27259,0.06598 
27260,0.06317 
27261,0.06052 
27262,0.05197 
27263,0.03825 
27264,0.02894 
27265,0.01930 
27266,0.01213 
27267,0.00757 
27268,0.00637 
27269,0.00544 
27270,0.00475 
27271,0.00429 
27272,0.00382 
27273,0.00334 
27274,0.00375 
27275,0.00509 
27276,0.00646 
27277,0.00786 
27278,0.01151 
27279,0.01279 
27280,0.01406 
27281,0.01540 
27282,0.01094 
27283,0.00645 
27284,0.00432 
27285,0.00219 
27286,0.00085 
27287,0.00032 
27288,0.00000 
27289,0.00000 
27290,0.00490 
27291,0.01720 
27292,0.02970 
27293,0.04335 
27294,0.11319 
27295,0.25314 
27296,0.33191 
27297,0.32082 
27298,0.31237 
27299,0.31741 
27300,0.30088 
27301,0.25836 
27302,0.21845 
27303,0.20168 
27304,0.21012 
27305,0.22305 
27306,0.22528 
27307,0.30686 
27308,0.31870 
27309,0.33883 
27310,0.38057 
27311,0.44950 
27312,0.43747 
27313,0.35521 
27314,0.27765 
27315,0.23920 
27316,0.23720 
27317,0.26297 
27318,0.30404 
27319,0.32579 
27320,0.33936 
27321,0.34257 
27322,0.34557 
27323,0.35396 
27324,0.33234 
27325,0.28582 
27326,0.24921 
27327,0.22092 
27328,0.18929 
27329,0.15593 
27330,0.13150 
27331,0.11201 
27332,0.07173 
27333,0.02249 
27334,0.00378 
27335,0.00341 
27336,0.00303 
27337,0.00265 
27338,0.00176 
27339,0.00035 
27340,0.00000 
27341,0.00000 
27342,0.00000 
27343,0.00000 
27344,0.00000 
27345,0.00035 
27346,0.00109 
27347,0.00152 
27348,0.00195 
27349,0.00239 
27350,0.00219 
27351,0.00134 
27352,0.00048 
27353,0.00000 
27354,0.00000 
27355,0.00000 
27356,0.00000 
27357,0.00000 
27358,0.00000 
27359,0.00000 
27360,0.00000 
27361,0.00000 
27362,0.00000 
27363,0.00000 
27364,0.00000 
27365,0.00000 
27366,0.00000 
27367,0.00000 
27368,0.00000 
27369,0.00000 
27370,0.00000 
27371,0.00000 
27372,0.00000 
27373,0.00000 
27374,0.00000 
27375,0.00000 
27376,0.00000 
27377,0.00000 
27378,0.00000 
27379,0.00000 
27380,0.00000 
27381,0.00000 
27382,0.00000 
27383,0.00000 
27384,0.00000 
27385,0.00000 
27386,0.00986 
27387,0.04108 
27388,0.07429 
27389,0.09286 
27390,0.11705 
27391,0.15223 
27392,0.18042 
27393,0.20020 
27394,0.21703 
27395,0.23144 
27396,0.24800 
27397,0.26858 
27398,0.28206 
27399,0.28569 
27400,0.31207 
27401,0.36141 
27402,0.42274 
27403,0.49365 
27404,0.50210 
27405,0.44827 
27406,0.39607 
27407,0.34671 
27408,0.34476 
27409,0.38972 
27410,0.42103 
27411,0.43996 
27412,0.46184 
27413,0.48478 
27414,0.51745 
27415,0.55865 
27416,0.55265 
27417,0.50522 
27418,0.46502 
27419,0.43236 
27420,0.40023 
27421,0.37046 
27422,0.34729 
27423,0.32878 
27424,0.27520 
27425,0.19713 
27426,0.13948 
27427,0.10073 
27428,0.05997 
27429,0.01716 
27430,0.00000 
27431,0.00000 
27432,0.00000 
27433,0.00000 
27434,0.00000 
27435,0.00000 
27436,0.00000 
27437,0.00000 
27438,0.00000 
27439,0.00000 
27440,0.00000 
27441,0.00000 
27442,0.00000 
27443,0.00000 
27444,0.00000 
27445,0.00000 
27446,0.00000 
27447,0.00000 
27448,0.00000 
27449,0.00000 
27450,0.00000 
27451,0.00000 
27452,0.00000 
27453,0.00000 
27454,0.00000 
27455,0.00000 
27456,0.00000 
27457,0.00000 
27458,0.00000 
27459,0.00000 
27460,0.00000 
27461,0.00000 
27462,0.00000 
27463,0.00000 
27464,0.00000 
27465,0.00000 
27466,0.00000 
27467,0.00000 
27468,0.00000 
27469,0.00000 
27470,0.00000 
27471,0.00000 
27472,0.00000 
27473,0.00000 
27474,0.00000 
27475,0.00000 
27476,0.00000 
27477,0.00000 
27478,0.00000 
27479,0.00000 
27480,0.00122 
27481,0.00248 
27482,0.01126 
27483,0.03706 
27484,0.07820 
27485,0.13339 
27486,0.16976 
27487,0.16848 
27488,0.18562 
27489,0.22946 
27490,0.25771 
27491,0.26629 
27492,0.29363 
27493,0.35345 
27494,0.41209 
27495,0.46764 
27496,0.50471 
27497,0.52179 
27498,0.55354 
27499,0.59994 
27500,0.60861 
27501,0.57442 
27502,0.54707 
27503,0.52537 
27504,0.51364 
27505,0.51194 
27506,0.50243 
27507,0.48689 
27508,0.48979 
27509,0.51095 
27510,0.52927 
27511,0.54615 
27512,0.54487 
27513,0.52285 
27514,0.50877 
27515,0.50033 
27516,0.46227 
27517,0.40187 
27518,0.35261 
27519,0.31456 
27520,0.26049 
27521,0.19380 
27522,0.14340 
27523,0.11022 
27524,0.06830 
27525,0.02187 
27526,0.00423 
27527,0.00418 
27528,0.00414 
27529,0.00409 
27530,0.00479 
27531,0.00684 
27532,0.01362 
27533,0.02047 
27534,0.02250 
27535,0.01971 
27536,0.01688 
27537,0.01401 
27538,0.01356 
27539,0.01562 
27540,0.01775 
27541,0.01984 
27542,0.02151 
27543,0.02284 
27544,0.02413 
27545,0.02544 
27546,0.02243 
27547,0.01504 
27548,0.00759 
27549,0.00535 
27550,0.00508 
27551,0.00615 
27552,0.00755 
27553,0.01247 
27554,0.01261 
27555,0.00787 
27556,0.00660 
27557,0.00560 
27558,0.00590 
27559,0.00751 
27560,0.01437 
27561,0.02217 
27562,0.02681 
27563,0.02832 
27564,0.02973 
27565,0.03128 
27566,0.03011 
27567,0.02631 
27568,0.02239 
27569,0.01846 
27570,0.01986 
27571,0.02646 
27572,0.03306 
27573,0.03967 
27574,0.04281 
27575,0.04248 
27576,0.04215 
27577,0.04200 
27578,0.04357 
27579,0.04767 
27580,0.05173 
27581,0.05606 
27582,0.06007 
27583,0.06367 
27584,0.09013 
27585,0.14073 
27586,0.20492 
27587,0.28671 
27588,0.35779 
27589,0.41606 
27590,0.42890 
27591,0.38732 
27592,0.37873 
27593,0.40815 
27594,0.42474 
27595,0.42939 
27596,0.46512 
27597,0.53445 
27598,0.60986 
27599,0.68545 
27600,0.66849 
27601,0.55779 
27602,0.46222 
27603,0.38078 
27604,0.32192 
27605,0.28884 
27606,0.24523 
27607,0.20913 
27608,0.19915 
27609,0.20095 
27610,0.21421 
27611,0.23337 
27612,0.22182 
27613,0.18092 
27614,0.14582 
27615,0.11311 
27616,0.09180 
27617,0.08116 
27618,0.07447 
27619,0.07172 
27620,0.06239 
27621,0.04778 
27622,0.04822 
27623,0.06064 
27624,0.07292 
27625,0.08689 
27626,0.09563 
27627,0.09626 
27628,0.09690 
27629,0.09755 
27630,0.08522 
27631,0.06614 
27632,0.04723 
27633,0.03140 
27634,0.02541 
27635,0.02559 
27636,0.02577 
27637,0.02586 
27638,0.02393 
27639,0.01969 
27640,0.01546 
27641,0.01126 
27642,0.00620 
27643,0.00420 
27644,0.00219 
27645,0.00016 
27646,0.00016 
27647,0.00227 
27648,0.00447 
27649,0.00676 
27650,0.01069 
27651,0.01196 
27652,0.01325 
27653,0.01451 
27654,0.01281 
27655,0.00806 
27656,0.00681 
27657,0.00582 
27658,0.00574 
27659,0.00658 
27660,0.00745 
27661,0.00911 
27662,0.00754 
27663,0.00511 
27664,0.00267 
27665,0.00020 
27666,0.00020 
27667,0.00269 
27668,0.00519 
27669,0.00769 
27670,0.01915 
27671,0.03465 
27672,0.05145 
27673,0.07499 
27674,0.10663 
27675,0.15725 
27676,0.21052 
27677,0.29655 
27678,0.33325 
27679,0.32262 
27680,0.31454 
27681,0.30897 
27682,0.26913 
27683,0.23274 
27684,0.20388 
27685,0.18388 
27686,0.18146 
27687,0.19166 
27688,0.20003 
27689,0.20790 
27690,0.22267 
27691,0.24401 
27692,0.24384 
27693,0.22274 
27694,0.20090 
27695,0.18202 
27696,0.18497 
27697,0.21794 
27698,0.26462 
27699,0.31138 
27700,0.28739 
27701,0.18847 
27702,0.11745 
27703,0.07076 
27704,0.05211 
27705,0.06144 
27706,0.06038 
27707,0.04892 
27708,0.04748 
27709,0.05720 
27710,0.06913 
27711,0.08381 
27712,0.08000 
27713,0.05704 
27714,0.03501 
27715,0.01458 
27716,0.00312 
27717,0.00098 
27718,0.00000 
27719,0.00000 
27720,0.00000 
27721,0.00000 
27722,0.00000 
27723,0.00000 
27724,0.00000 
27725,0.00000 
27726,0.00015 
27727,0.00212 
27728,0.00410 
27729,0.00612 
27730,0.01441 
27731,0.02511 
27732,0.03589 
27733,0.05136 
27734,0.05661 
27735,0.04988 
27736,0.04330 
27737,0.03764 
27738,0.03067 
27739,0.02099 
27740,0.01113 
27741,0.00576 
27742,0.00512 
27743,0.00593 
27744,0.00677 
27745,0.00840 
27746,0.01511 
27747,0.02491 
27748,0.03487 
27749,0.04510 
27750,0.04086 
27751,0.02260 
27752,0.00706 
27753,0.00312 
27754,0.00314 
27755,0.00726 
27756,0.02364 
27757,0.04363 
27758,0.05497 
27759,0.05086 
27760,0.04718 
27761,0.04473 
27762,0.04608 
27763,0.05301 
27764,0.06131 
27765,0.06962 
27766,0.06420 
27767,0.04627 
27768,0.03427 
27769,0.02227 
27770,0.02505 
27771,0.04274 
27772,0.06055 
27773,0.07825 
27774,0.10526 
27775,0.14307 
27776,0.16655 
27777,0.17673 
27778,0.18621 
27779,0.20127 
27780,0.21808 
27781,0.30921 
27782,0.48030 
27783,0.64842 
27784,0.70335 
27785,0.62154 
27786,0.53182 
27787,0.43597 
27788,0.39593 
27789,0.41748 
27790,0.42309 
27791,0.41257 
27792,0.44094 
27793,0.50651 
27794,0.56468 
27795,0.61912 
27796,0.61686 
27797,0.55996 
27798,0.53185 
27799,0.53054 
27800,0.50277 
27801,0.45154 
27802,0.40324 
27803,0.36000 
27804,0.35633 
27805,0.38125 
27806,0.39440 
27807,0.39136 
27808,0.34339 
27809,0.26925 
27810,0.21986 
27811,0.19095 
27812,0.15273 
27813,0.11205 
27814,0.09327 
27815,0.08471 
27816,0.07790 
27817,0.07166 
27818,0.06404 
27819,0.05478 
27820,0.04545 
27821,0.03651 
27822,0.03664 
27823,0.04641 
27824,0.05654 
27825,0.06682 
27826,0.07559 
27827,0.08227 
27828,0.08927 
27829,0.09840 
27830,0.09423 
27831,0.07993 
27832,0.06698 
27833,0.05385 
27834,0.04738 
27835,0.04757 
27836,0.04776 
27837,0.04778 
27838,0.04831 
27839,0.04919 
27840,0.04993 
27841,0.05087 
27842,0.05870 
27843,0.07415 
27844,0.08951 
27845,0.10673 
27846,0.11540 
27847,0.11152 
27848,0.10713 
27849,0.10342 
27850,0.09873 
27851,0.09190 
27852,0.08455 
27853,0.07739 
27854,0.07361 
27855,0.07335 
27856,0.07339 
27857,0.07312 
27858,0.07727 
27859,0.08588 
27860,0.09419 
27861,0.10292 
27862,0.10875 
27863,0.11271 
27864,0.11740 
27865,0.12202 
27866,0.12410 
27867,0.12455 
27868,0.12785 
27869,0.13164 
27870,0.16511 
27871,0.24471 
27872,0.28038 
27873,0.25504 
27874,0.24108 
27875,0.24197 
27876,0.26763 
27877,0.32300 
27878,0.38107 
27879,0.44118 
27880,0.46474 
27881,0.44674 
27882,0.44637 
27883,0.46321 
27884,0.45405 
27885,0.41574 
27886,0.37118 
27887,0.32009 
27888,0.31819 
27889,0.36431 
27890,0.41505 
27891,0.46754 
27892,0.46184 
27893,0.40358 
27894,0.35009 
27895,0.30252 
27896,0.27648 
27897,0.27555 
27898,0.27283 
27899,0.26917 
27900,0.24815 
27901,0.20956 
27902,0.17323 
27903,0.13745 
27904,0.11676 
27905,0.10690 
27906,0.09777 
27907,0.08771 
27908,0.05571 
27909,0.01521 
27910,0.00000 
27911,0.00000 
27912,0.00000 
27913,0.00036 
27914,0.00036 
27915,0.00000 
27916,0.00000 
27917,0.00000 
27918,0.00000 
27919,0.00000 
27920,0.00000 
27921,0.00000 
27922,0.00000 
27923,0.00000 
27924,0.00000 
27925,0.00000 
27926,0.00000 
27927,0.00000 
27928,0.00000 
27929,0.00000 
27930,0.00000 
27931,0.00000 
27932,0.00154 
27933,0.00364 
27934,0.00450 
27935,0.00412 
27936,0.00372 
27937,0.00330 
27938,0.00284 
27939,0.00234 
27940,0.00184 
27941,0.00134 
27942,0.00031 
27943,0.00000 
27944,0.00000 
27945,0.00000 
27946,0.00000 
27947,0.00000 
27948,0.00000 
27949,0.00000 
27950,0.00000 
27951,0.00000 
27952,0.00000 
27953,0.00000 
27954,0.00000 
27955,0.00000 
27956,0.00000 
27957,0.00000 
27958,0.00000 
27959,0.00226 
27960,0.00662 
27961,0.02138 
27962,0.03939 
27963,0.05598 
27964,0.07329 
27965,0.09118 
27966,0.12363 
27967,0.17781 
27968,0.22519 
27969,0.26454 
27970,0.30874 
27971,0.36071 
27972,0.40964 
27973,0.45615 
27974,0.50262 
27975,0.55162 
27976,0.57963 
27977,0.57876 
27978,0.57269 
27979,0.56600 
27980,0.56629 
27981,0.57427 
27982,0.56937 
27983,0.55775 
27984,0.53017 
27985,0.48265 
27986,0.44407 
27987,0.41720 
27988,0.42359 
27989,0.46205 
27990,0.50397 
27991,0.54816 
27992,0.54608 
27993,0.50102 
27994,0.45345 
27995,0.40843 
27996,0.41909 
27997,0.46937 
27998,0.50511 
27999,0.52217 
28000,0.45920 
28001,0.34913 
28002,0.25958 
28003,0.18469 
28004,0.12285 
28005,0.06832 
28006,0.03285 
28007,0.01545 
28008,0.00468 
28009,0.00101 
28010,0.00000 
28011,0.00000 
28012,0.00026 
28013,0.00071 
28014,0.00071 
28015,0.00027 
28016,0.00000 
28017,0.00000 
28018,0.00000 
28019,0.00118 
28020,0.00256 
28021,0.00396 
28022,0.00419 
28023,0.00328 
28024,0.00236 
28025,0.00144 
28026,0.00121 
28027,0.00168 
28028,0.00215 
28029,0.00263 
28030,0.00147 
28031,0.00000 
28032,0.00000 
28033,0.00000 
28034,0.00000 
28035,0.00000 
28036,0.00000 
28037,0.00000 
28038,0.00000 
28039,0.00000 
28040,0.00000 
28041,0.00000 
28042,0.00000 
28043,0.00000 
28044,0.00000 
28045,0.00000 
28046,0.00000 
28047,0.00000 
28048,0.00000 
28049,0.00000 
28050,0.00000 
28051,0.00000 
28052,0.00000 
28053,0.00000 
28054,0.00000 
28055,0.00000 
28056,0.00000 
28057,0.00000 
28058,0.01053 
28059,0.04298 
28060,0.07460 
28061,0.08334 
28062,0.09088 
28063,0.10367 
28064,0.12957 
28065,0.17248 
28066,0.21537 
28067,0.25557 
28068,0.29002 
28069,0.32081 
28070,0.35120 
28071,0.38113 
28072,0.41440 
28073,0.45496 
28074,0.51188 
28075,0.58392 
28076,0.58813 
28077,0.52225 
28078,0.46766 
28079,0.42242 
28080,0.40737 
28081,0.41975 
28082,0.41367 
28083,0.39000 
28084,0.40451 
28085,0.45515 
28086,0.49974 
28087,0.53943 
28088,0.52902 
28089,0.47586 
28090,0.44032 
28091,0.42371 
28092,0.38131 
28093,0.32016 
28094,0.26067 
28095,0.20617 
28096,0.17429 
28097,0.15284 
28098,0.13370 
28099,0.11494 
28100,0.06800 
28101,0.01677 
28102,0.00000 
28103,0.00000 
28104,0.00026 
28105,0.00068 
28106,0.00163 
28107,0.00312 
28108,0.00461 
28109,0.00612 
28110,0.00930 
28111,0.01036 
28112,0.01143 
28113,0.01255 
28114,0.01416 
28115,0.01631 
28116,0.01854 
28117,0.02073 
28118,0.02453 
28119,0.03006 
28120,0.03567 
28121,0.04253 
28122,0.05223 
28123,0.06293 
28124,0.07379 
28125,0.08452 
28126,0.08721 
28127,0.08167 
28128,0.07563 
28129,0.06941 
28130,0.06018 
28131,0.04726 
28132,0.03782 
28133,0.02954 
28134,0.02731 
28135,0.03141 
28136,0.03575 
28137,0.04007 
28138,0.04254 
28139,0.04291 
28140,0.04310 
28141,0.04348 
28142,0.04637 
28143,0.05357 
28144,0.06197 
28145,0.07038 
28146,0.08577 
28147,0.10788 
28148,0.13721 
28149,0.16682 
28150,0.22236 
28151,0.31838 
28152,0.44280 
28153,0.57926 
28154,0.71417 
28155,0.83095 
28156,0.95473 
28157,1.07972 
28158,1.14392 
28159,1.14727 
28160,1.15127 
28161,1.16492 
28162,1.12357 
28163,1.02962 
28164,0.90233 
28165,0.74894 
28166,0.62129 
28167,0.52367 
28168,0.46674 
28169,0.45100 
28170,0.45864 
28171,0.47679 
28172,0.48182 
28173,0.48050 
28174,0.47426 
28175,0.46261 
28176,0.46483 
28177,0.48059 
28178,0.51147 
28179,0.55493 
28180,0.53171 
28181,0.44435 
28182,0.38349 
28183,0.34043 
28184,0.31251 
28185,0.29633 
28186,0.27580 
28187,0.25315 
28188,0.23559 
28189,0.22218 
28190,0.20534 
28191,0.19162 
28192,0.14822 
28193,0.08254 
28194,0.02617 
28195,0.00000 
28196,0.00000 
28197,0.00000 
28198,0.00000 
28199,0.00000 
28200,0.00000 
28201,0.00000 
28202,0.00000 
28203,0.00000 
28204,0.00000 
28205,0.00000 
28206,0.00090 
28207,0.00090 
28208,0.00091 
28209,0.00091 
28210,0.00113 
28211,0.00157 
28212,0.00202 
28213,0.00247 
28214,0.00215 
28215,0.00105 
28216,0.00000 
28217,0.00000 
28218,0.00000 
28219,0.00000 
28220,0.00000 
28221,0.00000 
28222,0.00000 
28223,0.00282 
28224,0.00606 
28225,0.01684 
28226,0.03277 
28227,0.05155 
28228,0.07658 
28229,0.10222 
28230,0.12028 
28231,0.12125 
28232,0.12224 
28233,0.12373 
28234,0.14677 
28235,0.19377 
28236,0.27524 
28237,0.36437 
28238,0.43367 
28239,0.45705 
28240,0.47864 
28241,0.50232 
28242,0.54200 
28243,0.60693 
28244,0.67386 
28245,0.74334 
28246,0.74047 
28247,0.66613 
28248,0.59295 
28249,0.52554 
28250,0.50961 
28251,0.53313 
28252,0.56340 
28253,0.59460 
28254,0.65810 
28255,0.75641 
28256,0.84189 
28257,0.91350 
28258,0.96156 
28259,0.98975 
28260,1.00783 
28261,1.01854 
28262,1.03680 
28263,1.05903 
28264,1.06953 
28265,1.06873 
28266,1.05874 
28267,1.04709 
28268,1.05316 
28269,1.08393 
28270,1.08689 
28271,1.06945 
28272,1.03468 
28273,0.99065 
28274,1.02619 
28275,1.14120 
28276,1.23042 
28277,1.28770 
28278,1.29770 
28279,1.27678 
28280,1.23602 
28281,1.18261 
28282,1.14612 
28283,1.13623 
28284,1.13219 
28285,1.14078 
28286,1.07853 
28287,0.94752 
28288,0.81609 
28289,0.67276 
28290,0.62114 
28291,0.66007 
28292,0.69449 
28293,0.72527 
28294,0.68272 
28295,0.56106 
28296,0.43755 
28297,0.33237 
28298,0.28780 
28299,0.30073 
28300,0.31382 
28301,0.32709 
28302,0.33491 
28303,0.33716 
28304,0.33944 
28305,0.34290 
28306,0.33250 
28307,0.31038 
28308,0.28714 
28309,0.26930 
28310,0.27652 
28311,0.31555 
28312,0.35662 
28313,0.39905 
28314,0.40046 
28315,0.36164 
28316,0.32118 
28317,0.28443 
28318,0.28093 
28319,0.30386 
28320,0.33447 
28321,0.36487 
28322,0.37545 
28323,0.36406 
28324,0.35257 
28325,0.34099 
28326,0.31091 
28327,0.27179 
28328,0.23172 
28329,0.19068 
28330,0.17486 
28331,0.17083 
28332,0.16673 
28333,0.16191 
28334,0.14789 
28335,0.12325 
28336,0.10141 
28337,0.08353 
28338,0.07211 
28339,0.06769 
28340,0.06305 
28341,0.05872 
28342,0.07282 
28343,0.10473 
28344,0.14747 
28345,0.19161 
28346,0.21105 
28347,0.18576 
28348,0.16907 
28349,0.15282 
28350,0.17972 
28351,0.25073 
28352,0.29436 
28353,0.31482 
28354,0.28988 
28355,0.24964 
28356,0.20591 
28357,0.16029 
28358,0.12532 
28359,0.09646 
28360,0.10240 
28361,0.14204 
28362,0.18244 
28363,0.23376 
28364,0.24622 
28365,0.22243 
28366,0.22093 
28367,0.23917 
28368,0.21465 
28369,0.14746 
28370,0.07210 
28371,0.03035 
28372,0.03396 
28373,0.06837 
28374,0.10706 
28375,0.12588 
28376,0.12737 
28377,0.11668 
28378,0.11465 
28379,0.12082 
28380,0.11327 
28381,0.09220 
28382,0.07220 
28383,0.05397 
28384,0.03961 
28385,0.03001 
28386,0.01277 
28387,0.00162 
28388,0.00436 
28389,0.00627 
28390,0.01065 
28391,0.00662 
28392,0.00555 
28393,0.00470 
28394,0.00429 
28395,0.00431 
28396,0.00433 
28397,0.00435 
28398,0.00297 
28399,0.00015 
28400,0.00000 
28401,0.00000 
28402,0.00000 
28403,0.00000 
28404,0.00000 
28405,0.00000 
28406,0.00000 
28407,0.00000 
28408,0.00000 
28409,0.00000 
28410,0.00000 
28411,0.00000 
28412,0.00000 
28413,0.00000 
28414,0.00000 
28415,0.00000 
28416,0.00000 
28417,0.00000 
28418,0.00000 
28419,0.00000 
28420,0.00000 
28421,0.00000 
28422,0.00000 
28423,0.00000 
28424,0.00000 
28425,0.00000 
28426,0.00000 
28427,0.00000 
28428,0.00000 
28429,0.00000 
28430,0.00000 
28431,0.00000 
28432,0.00347 
28433,0.00703 
28434,0.00812 
28435,0.00675 
28436,0.00536 
28437,0.00400 
28438,0.00399 
28439,0.00530 
28440,0.00659 
28441,0.00786 
28442,0.01334 
28443,0.01878 
28444,0.02430 
28445,0.02974 
28446,0.03772 
28447,0.04797 
28448,0.05488 
28449,0.05846 
28450,0.06410 
28451,0.07187 
28452,0.07028 
28453,0.05962 
28454,0.05733 
28455,0.07118 
28456,0.10077 
28457,0.15234 
28458,0.18255 
28459,0.19147 
28460,0.19481 
28461,0.19267 
28462,0.19690 
28463,0.20982 
28464,0.21628 
28465,0.21342 
28466,0.21810 
28467,0.23103 
28468,0.26254 
28469,0.32249 
28470,0.40216 
28471,0.50521 
28472,0.59635 
28473,0.66329 
28474,0.69628 
28475,0.69930 
28476,0.71925 
28477,0.75182 
28478,0.77192 
28479,0.77678 
28480,0.77430 
28481,0.75980 
28482,0.71288 
28483,0.63112 
28484,0.54794 
28485,0.46666 
28486,0.42619 
28487,0.42626 
28488,0.42766 
28489,0.42773 
28490,0.38505 
28491,0.29970 
28492,0.22881 
28493,0.16692 
28494,0.15027 
28495,0.17900 
28496,0.20812 
28497,0.23838 
28498,0.22503 
28499,0.16898 
28500,0.13101 
28501,0.09993 
28502,0.08535 
28503,0.08564 
28504,0.08623 
28505,0.08653 
28506,0.08852 
28507,0.09346 
28508,0.09844 
28509,0.10381 
28510,0.12144 
28511,0.15245 
28512,0.19767 
28513,0.25539 
28514,0.27661 
28515,0.26058 
28516,0.24337 
28517,0.22682 
28518,0.21940 
28519,0.22133 
28520,0.22329 
28521,0.22528 
28522,0.20293 
28523,0.16961 
28524,0.14370 
28525,0.11732 
28526,0.11793 
28527,0.14654 
28528,0.17544 
28529,0.21207 
28530,0.19782 
28531,0.15128 
28532,0.10718 
28533,0.07404 
28534,0.04532 
28535,0.02784 
28536,0.01060 
28537,0.00511 
28538,0.00744 
28539,0.01627 
28540,0.02529 
28541,0.03485 
28542,0.07403 
28543,0.15556 
28544,0.24236 
28545,0.33215 
28546,0.35544 
28547,0.29368 
28548,0.29424 
28549,0.37357 
28550,0.44459 
28551,0.50482 
28552,0.53837 
28553,0.54660 
28554,0.56062 
28555,0.58263 
28556,0.59087 
28557,0.58126 
28558,0.57488 
28559,0.57174 
28560,0.56390 
28561,0.55502 
28562,0.54577 
28563,0.53776 
28564,0.53112 
28565,0.52304 
28566,0.52154 
28567,0.52514 
28568,0.49941 
28569,0.44428 
28570,0.39873 
28571,0.35969 
28572,0.32409 
28573,0.28993 
28574,0.25352 
28575,0.21689 
28576,0.18396 
28577,0.15345 
28578,0.13138 
28579,0.11275 
28580,0.06886 
28581,0.02005 
28582,0.00560 
28583,0.01614 
28584,0.02939 
28585,0.04605 
28586,0.05972 
28587,0.06654 
28588,0.07321 
28589,0.08020 
28590,0.07344 
28591,0.05248 
28592,0.03387 
28593,0.02029 
28594,0.01290 
28595,0.01188 
28596,0.01088 
28597,0.00984 
28598,0.00771 
28599,0.00633 
28600,0.00567 
28601,0.00498 
28602,0.00500 
28603,0.00574 
28604,0.00646 
28605,0.00793 
28606,0.00975 
28607,0.00996 
28608,0.01019 
28609,0.01042 
28610,0.00768 
28611,0.00642 
28612,0.00514 
28613,0.00385 
28614,0.00441 
28615,0.00685 
28616,0.01419 
28617,0.02594 
28618,0.02486 
28619,0.01061 
28620,0.00573 
28621,0.00271 
28622,0.00174 
28623,0.00286 
28624,0.00400 
28625,0.00515 
28626,0.00728 
28627,0.01768 
28628,0.03271 
28629,0.04768 
28630,0.05408 
28631,0.04648 
28632,0.04064 
28633,0.03507 
28634,0.03440 
28635,0.04147 
28636,0.05356 
28637,0.07666 
28638,0.15056 
28639,0.30262 
28640,0.38009 
28641,0.33709 
28642,0.29057 
28643,0.25044 
28644,0.24707 
28645,0.28936 
28646,0.31831 
28647,0.33231 
28648,0.36112 
28649,0.40975 
28650,0.46324 
28651,0.52007 
28652,0.53997 
28653,0.51980 
28654,0.50834 
28655,0.50332 
28656,0.51024 
28657,0.53127 
28658,0.54827 
28659,0.55922 
28660,0.55785 
28661,0.54467 
28662,0.53654 
28663,0.53433 
28664,0.51675 
28665,0.48561 
28666,0.46513 
28667,0.45475 
28668,0.40212 
28669,0.31464 
28670,0.23829 
28671,0.17786 
28672,0.13888 
28673,0.11173 
28674,0.08538 
28675,0.06230 
28676,0.03803 
28677,0.01428 
28678,0.00437 
28679,0.00438 
28680,0.00439 
28681,0.00440 
28682,0.00486 
28683,0.00575 
28684,0.00691 
28685,0.01116 
28686,0.00615 
28687,0.00240 
28688,0.00000 
28689,0.00000 
28690,0.00000 
28691,0.00000 
28692,0.00000 
28693,0.00000 
28694,0.00074 
28695,0.00028 
28696,0.00000 
28697,0.00000 
28698,0.00000 
28699,0.00000 
28700,0.00000 
28701,0.00000 
28702,0.00000 
28703,0.00000 
28704,0.00000 
28705,0.00000 
28706,0.00000 
28707,0.00000 
28708,0.00000 
28709,0.00000 
28710,0.00000 
28711,0.00000 
28712,0.00000 
28713,0.00000 
28714,0.00000 
28715,0.00000 
28716,0.00000 
28717,0.00000 
28718,0.00000 
28719,0.00000 
28720,0.00000 
28721,0.00000 
28722,0.00077 
28723,0.00000 
28724,0.00000 
28725,0.00000 
28726,0.00000 
28727,0.00000 
28728,0.00127 
28729,0.00257 
28730,0.00837 
28731,0.01917 
28732,0.03987 
28733,0.06185 
28734,0.11046 
28735,0.20323 
28736,0.24413 
28737,0.21235 
28738,0.20182 
28739,0.21818 
28740,0.22938 
28741,0.23728 
28742,0.23475 
28743,0.23156 
28744,0.24247 
28745,0.30746 
28746,0.40593 
28747,0.48854 
28748,0.51286 
28749,0.47723 
28750,0.45143 
28751,0.43723 
28752,0.44091 
28753,0.46269 
28754,0.48682 
28755,0.51446 
28756,0.51218 
28757,0.48408 
28758,0.45907 
28759,0.44178 
28760,0.43488 
28761,0.43852 
28762,0.44078 
28763,0.44034 
28764,0.40896 
28765,0.35288 
28766,0.30673 
28767,0.26883 
28768,0.22042 
28769,0.16576 
28770,0.12394 
28771,0.09220 
28772,0.05302 
28773,0.01386 
28774,0.00000 
28775,0.00000 
28776,0.00000 
28777,0.00000 
28778,0.00000 
28779,0.00000 
28780,0.00000 
28781,0.00000 
28782,0.00000 
28783,0.00000 
28784,0.00000 
28785,0.00000 
28786,0.00000 
28787,0.00000 
28788,0.00000 
28789,0.00000 
28790,0.00000 
28791,0.00000 
28792,0.00000 
28793,0.00000 
28794,0.00000 
28795,0.00000 
28796,0.00000 
28797,0.00000 
28798,0.00000 
28799,0.00000 
28800,0.00000 
28801,0.00000 
28802,0.00000 
28803,0.00000 
28804,0.00000 
28805,0.00000 
28806,0.00000 
28807,0.00000 
28808,0.00000 
28809,0.00047 
28810,0.00146 
28811,0.00204 
28812,0.00264 
28813,0.00325 
28814,0.00166 
28815,0.00000 
28816,0.00000 
28817,0.00000 
28818,0.00000 
28819,0.00000 
28820,0.00000 
28821,0.00000 
28822,0.00000 
28823,0.00000 
28824,0.00000 
28825,0.00000 
28826,0.00902 
28827,0.03253 
28828,0.06715 
28829,0.11248 
28830,0.15148 
28831,0.17060 
28832,0.21177 
28833,0.29694 
28834,0.39453 
28835,0.49945 
28836,0.56687 
28837,0.58958 
28838,0.62596 
28839,0.67816 
28840,0.70360 
28841,0.69903 
28842,0.69657 
28843,0.69515 
28844,0.69784 
28845,0.70497 
28846,0.71652 
28847,0.73259 
28848,0.71582 
28849,0.66687 
28850,0.61438 
28851,0.55859 
28852,0.54560 
28853,0.57331 
28854,0.59401 
28855,0.61384 
28856,0.60689 
28857,0.57801 
28858,0.56073 
28859,0.54954 
28860,0.50357 
28861,0.42846 
28862,0.36173 
28863,0.30377 
28864,0.24494 
28865,0.18628 
28866,0.14074 
28867,0.10622 
28868,0.06131 
28869,0.01559 
28870,0.00000 
28871,0.00000 
28872,0.00000 
28873,0.00000 
28874,0.00000 
28875,0.00000 
28876,0.00000 
28877,0.00000 
28878,0.00000 
28879,0.00000 
28880,0.00000 
28881,0.00038 
28882,0.00000 
28883,0.00000 
28884,0.00000 
28885,0.00000 
28886,0.00000 
28887,0.00000 
28888,0.00000 
28889,0.00000 
28890,0.00000 
28891,0.00000 
28892,0.00000 
28893,0.00000 
28894,0.00000 
28895,0.00000 
28896,0.00000 
28897,0.00000 
28898,0.00000 
28899,0.00000 
28900,0.00000 
28901,0.00000 
28902,0.00000 
28903,0.00000 
28904,0.00000 
28905,0.00000 
28906,0.00000 
28907,0.00000 
28908,0.00000 
28909,0.00000 
28910,0.00000 
28911,0.00000 
28912,0.00000 
28913,0.00000 
28914,0.00000 
28915,0.00000 
28916,0.00000 
28917,0.00000 
28918,0.00000 
28919,0.00000 
28920,0.00000 
28921,0.00000 
28922,0.00778 
28923,0.02713 
28924,0.05449 
28925,0.08945 
28926,0.12596 
28927,0.15674 
28928,0.19689 
28929,0.25255 
28930,0.31252 
28931,0.37175 
28932,0.41845 
28933,0.45153 
28934,0.49285 
28935,0.54318 
28936,0.58510 
28937,0.61738 
28938,0.65817 
28939,0.70476 
28940,0.71973 
28941,0.70000 
28942,0.68415 
28943,0.67511 
28944,0.66349 
28945,0.65272 
28946,0.64169 
28947,0.63241 
28948,0.61278 
28949,0.58341 
28950,0.55580 
28951,0.53003 
28952,0.50695 
28953,0.48713 
28954,0.46758 
28955,0.44639 
28956,0.40986 
28957,0.36489 
28958,0.33489 
28959,0.31719 
28960,0.25919 
28961,0.17043 
28962,0.08839 
28963,0.04571 
28964,0.03016 
28965,0.00952 
28966,0.00000 
28967,0.00000 
28968,0.00000 
28969,0.00000 
28970,0.00000 
28971,0.00000 
28972,0.00000 
28973,0.00000 
28974,0.00000 
28975,0.00000 
28976,0.00000 
28977,0.00000 
28978,0.00000 
28979,0.00000 
28980,0.00000 
28981,0.00000 
28982,0.00000 
28983,0.00000 
28984,0.00000 
28985,0.00000 
28986,0.00016 
28987,0.00227 
28988,0.00441 
28989,0.00656 
28990,0.00712 
28991,0.00603 
28992,0.00488 
28993,0.00371 
28994,0.00222 
28995,0.00044 
28996,0.00000 
28997,0.00000 
28998,0.00000 
28999,0.00000 
29000,0.00045 
29001,0.00231 
29002,0.00501 
29003,0.01041 
29004,0.02741 
29005,0.04468 
29006,0.05669 
29007,0.05694 
29008,0.05719 
29009,0.05744 
29010,0.06606 
29011,0.08247 
29012,0.09916 
29013,0.11730 
29014,0.12817 
29015,0.12718 
29016,0.12621 
29017,0.12525 
29018,0.12190 
29019,0.12100 
29020,0.12275 
29021,0.11546 
29022,0.11600 
29023,0.12785 
29024,0.13700 
29025,0.14236 
29026,0.13557 
29027,0.11867 
29028,0.10996 
29029,0.11439 
29030,0.11317 
29031,0.10586 
29032,0.11791 
29033,0.15383 
29034,0.19900 
29035,0.25398 
29036,0.28669 
29037,0.29756 
29038,0.32455 
29039,0.36596 
29040,0.36401 
29041,0.32148 
29042,0.28838 
29043,0.26538 
29044,0.25873 
29045,0.26709 
29046,0.27465 
29047,0.28275 
29048,0.26768 
29049,0.23167 
29050,0.18463 
29051,0.14831 
29052,0.13529 
29053,0.18870 
29054,0.27579 
29055,0.33057 
29056,0.29489 
29057,0.19447 
29058,0.12357 
29059,0.07601 
29060,0.03820 
29061,0.01031 
29062,0.00174 
29063,0.00344 
29064,0.00515 
29065,0.00873 
29066,0.01847 
29067,0.02992 
29068,0.04379 
29069,0.06199 
29070,0.07856 
29071,0.09634 
29072,0.11742 
29073,0.13879 
29074,0.17650 
29075,0.24368 
29076,0.32141 
29077,0.41451 
29078,0.45694 
29079,0.44700 
29080,0.43699 
29081,0.42690 
29082,0.40193 
29083,0.36189 
29084,0.32153 
29085,0.28388 
29086,0.28698 
29087,0.33345 
29088,0.38517 
29089,0.43762 
29090,0.48043 
29091,0.50879 
29092,0.54129 
29093,0.57787 
29094,0.53595 
29095,0.43739 
29096,0.33906 
29097,0.26586 
29098,0.21858 
29099,0.19545 
29100,0.18067 
29101,0.16818 
29102,0.14980 
29103,0.12488 
29104,0.10278 
29105,0.08434 
29106,0.07282 
29107,0.06864 
29108,0.06447 
29109,0.06004 
29110,0.05565 
29111,0.05108 
29112,0.04701 
29113,0.04404 
29114,0.05200 
29115,0.07864 
29116,0.11302 
29117,0.15453 
29118,0.19272 
29119,0.22675 
29120,0.26340 
29121,0.30534 
29122,0.35939 
29123,0.42458 
29124,0.45665 
29125,0.45041 
29126,0.44472 
29127,0.44237 
29128,0.42934 
29129,0.41035 
29130,0.38942 
29131,0.36494 
29132,0.35840 
29133,0.36895 
29134,0.37310 
29135,0.36877 
29136,0.36774 
29137,0.36814 
29138,0.37420 
29139,0.38451 
29140,0.37755 
29141,0.35201 
29142,0.33631 
29143,0.32954 
29144,0.32210 
29145,0.30724 
29146,0.28860 
29147,0.26744 
29148,0.24277 
29149,0.21400 
29150,0.18330 
29151,0.15548 
29152,0.12754 
29153,0.09894 
29154,0.07489 
29155,0.05439 
29156,0.03398 
29157,0.02369 
29158,0.01777 
29159,0.01175 
29160,0.00624 
29161,0.00498 
29162,0.00414 
29163,0.00372 
29164,0.00331 
29165,0.00289 
29166,0.00291 
29167,0.00337 
29168,0.00386 
29169,0.00434 
29170,0.00392 
29171,0.00255 
29172,0.00119 
29173,0.00000 
29174,0.00000 
29175,0.00000 
29176,0.00028 
29177,0.00075 
29178,0.00063 
29179,0.00000 
29180,0.00000 
29181,0.00000 
29182,0.00000 
29183,0.00000 
29184,0.00000 
29185,0.00000 
29186,0.00000 
29187,0.00000 
29188,0.00000 
29189,0.00000 
29190,0.00006 
29191,0.00006 
29192,0.00006 
29193,0.00006 
29194,0.00000 
29195,0.00000 
29196,0.00000 
29197,0.00000 
29198,0.00000 
29199,0.00150 
29200,0.00323 
29201,0.00497 
29202,0.00584 
29203,0.00585 
29204,0.00586 
29205,0.00586 
29206,0.00686 
29207,0.00970 
29208,0.01924 
29209,0.02860 
29210,0.04636 
29211,0.08373 
29212,0.12515 
29213,0.17688 
29214,0.22277 
29215,0.26720 
29216,0.28845 
29217,0.28608 
29218,0.29867 
29219,0.32205 
29220,0.31905 
29221,0.29022 
29222,0.26328 
29223,0.25095 
29224,0.25952 
29225,0.27766 
29226,0.28327 
29227,0.27487 
29228,0.27767 
29229,0.29047 
29230,0.31666 
29231,0.35568 
29232,0.37497 
29233,0.37637 
29234,0.38129 
29235,0.38991 
29236,0.39970 
29237,0.41034 
29238,0.40020 
29239,0.38562 
29240,0.33014 
29241,0.23220 
29242,0.15163 
29243,0.08727 
29244,0.06050 
29245,0.06698 
29246,0.07817 
29247,0.09375 
29248,0.09526 
29249,0.08277 
29250,0.08201 
29251,0.09695 
29252,0.12307 
29253,0.15654 
29254,0.16553 
29255,0.13376 
29256,0.10709 
29257,0.08235 
29258,0.07098 
29259,0.06789 
29260,0.06499 
29261,0.06184 
29262,0.06057 
29263,0.06098 
29264,0.06140 
29265,0.06162 
29266,0.07251 
29267,0.09410 
29268,0.12325 
29269,0.15210 
29270,0.16833 
29271,0.16954 
29272,0.17018 
29273,0.17082 
29274,0.15551 
29275,0.12652 
29276,0.09732 
29277,0.07555 
29278,0.06375 
29279,0.06138 
29280,0.05891 
29281,0.05611 
29282,0.06196 
29283,0.07591 
29284,0.09022 
29285,0.10424 
29286,0.10303 
29287,0.08556 
29288,0.06807 
29289,0.05016 
29290,0.04114 
29291,0.03605 
29292,0.03088 
29293,0.02562 
29294,0.02573 
29295,0.03127 
29296,0.03697 
29297,0.04254 
29298,0.04672 
29299,0.04951 
29300,0.05318 
29301,0.05751 
29302,0.07774 
29303,0.11389 
29304,0.16307 
29305,0.22064 
29306,0.30268 
29307,0.38740 
29308,0.49089 
29309,0.59547 
29310,0.64721 
29311,0.62499 
29312,0.61254 
29313,0.60375 
29314,0.71494 
29315,0.96851 
29316,1.08568 
29317,1.04225 
29318,0.85527 
29319,0.60688 
29320,0.45820 
29321,0.38435 
29322,0.39990 
29323,0.43501 
29324,0.42850 
29325,0.37781 
29326,0.33249 
29327,0.29670 
29328,0.27458 
29329,0.26687 
29330,0.25366 
29331,0.23573 
29332,0.21844 
29333,0.19649 
29334,0.19186 
29335,0.20109 
29336,0.18107 
29337,0.13038 
29338,0.08114 
29339,0.03386 
29340,0.01625 
29341,0.02766 
29342,0.03219 
29343,0.02977 
29344,0.02649 
29345,0.02244 
29346,0.01961 
29347,0.01804 
29348,0.01279 
29349,0.00405 
29350,0.00000 
29351,0.00000 
29352,0.00000 
29353,0.00000 
29354,0.00000 
29355,0.00000 
29356,0.00000 
29357,0.00000 
29358,0.00000 
29359,0.00000 
29360,0.00000 
29361,0.00000 
29362,0.00000 
29363,0.00000 
29364,0.00000 
29365,0.00000 
29366,0.00000 
29367,0.00000 
29368,0.00000 
29369,0.00000 
29370,0.00000 
29371,0.00000 
29372,0.00000 
29373,0.00000 
29374,0.00000 
29375,0.00000 
29376,0.00133 
29377,0.00397 
29378,0.00536 
29379,0.00540 
29380,0.00544 
29381,0.00549 
29382,0.00652 
29383,0.00936 
29384,0.01884 
29385,0.02857 
29386,0.04095 
29387,0.06017 
29388,0.08408 
29389,0.10820 
29390,0.10652 
29391,0.07835 
29392,0.05044 
29393,0.03241 
29394,0.02319 
29395,0.02310 
29396,0.02301 
29397,0.02292 
29398,0.01520 
29399,0.00671 
29400,0.00356 
29401,0.00047 
29402,0.00000 
29403,0.01347 
29404,0.02269 
29405,0.03201 
29406,0.06956 
29407,0.14412 
29408,0.16431 
29409,0.11519 
29410,0.06950 
29411,0.04175 
29412,0.05920 
29413,0.12690 
29414,0.19225 
29415,0.25246 
29416,0.29974 
29417,0.33362 
29418,0.42725 
29419,0.58226 
29420,0.60365 
29421,0.48940 
29422,0.36995 
29423,0.29939 
29424,0.28648 
29425,0.29396 
29426,0.33951 
29427,0.40380 
29428,0.39410 
29429,0.30367 
29430,0.24542 
29431,0.21430 
29432,0.21828 
29433,0.25901 
29434,0.29406 
29435,0.31955 
29436,0.33339 
29437,0.33651 
29438,0.36079 
29439,0.40712 
29440,0.46518 
29441,0.51524 
29442,0.55575 
29443,0.59549 
29444,0.63136 
29445,0.66452 
29446,0.60028 
29447,0.44170 
29448,0.30805 
29449,0.20783 
29450,0.15502 
29451,0.14588 
29452,0.13718 
29453,0.12799 
29454,0.13543 
29455,0.15923 
29456,0.20139 
29457,0.24540 
29458,0.27197 
29459,0.28156 
29460,0.29220 
29461,0.30492 
29462,0.31323 
29463,0.31661 
29464,0.32006 
29465,0.32358 
29466,0.35333 
29467,0.41189 
29468,0.46925 
29469,0.53429 
29470,0.52078 
29471,0.43443 
29472,0.34799 
29473,0.27960 
29474,0.24612 
29475,0.24416 
29476,0.24120 
29477,0.23819 
29478,0.22325 
29479,0.19586 
29480,0.18021 
29481,0.16496 
29482,0.15376 
29483,0.14616 
29484,0.13841 
29485,0.13109 
29486,0.12712 
29487,0.12720 
29488,0.12728 
29489,0.12736 
29490,0.12689 
29491,0.12588 
29492,0.12489 
29493,0.12443 
29494,0.13782 
29495,0.16492 
29496,0.19194 
29497,0.23504 
29498,0.28681 
29499,0.35523 
29500,0.46688 
29501,0.59382 
29502,0.65291 
29503,0.64349 
29504,0.62461 
29505,0.59514 
29506,0.56680 
29507,0.54027 
29508,0.56242 
29509,0.64195 
29510,0.72747 
29511,0.81961 
29512,0.83749 
29513,0.78061 
29514,0.74492 
29515,0.73875 
29516,0.77163 
29517,0.85138 
29518,0.86849 
29519,0.82376 
29520,0.76557 
29521,0.70453 
29522,0.69473 
29523,0.73189 
29524,0.71854 
29525,0.65969 
29526,0.59751 
29527,0.53492 
29528,0.47379 
29529,0.41269 
29530,0.32669 
29531,0.28107 
29532,0.23354 
29533,0.20132 
29534,0.18940 
29535,0.19007 
29536,0.16200 
29537,0.11582 
29538,0.08429 
29539,0.06103 
29540,0.03700 
29541,0.01526 
29542,0.00666 
29543,0.00658 
29544,0.00651 
29545,0.00643 
29546,0.00673 
29547,0.00985 
29548,0.01315 
29549,0.01643 
29550,0.01929 
29551,0.02157 
29552,0.02394 
29553,0.02627 
29554,0.02477 
29555,0.01917 
29556,0.01361 
29557,0.00798 
29558,0.00588 
29559,0.00426 
29560,0.00261 
29561,0.00091 
29562,0.00030 
29563,0.00080 
29564,0.00130 
29565,0.00181 
29566,0.00171 
29567,0.00097 
29568,0.00019 
29569,0.00000 
29570,0.00075 
29571,0.00434 
29572,0.00797 
29573,0.02406 
29574,0.04021 
29575,0.05933 
29576,0.08327 
29577,0.10763 
29578,0.10142 
29579,0.06281 
29580,0.03350 
29581,0.00878 
29582,0.00535 
29583,0.00386 
29584,0.00234 
29585,0.00083 
29586,0.00159 
29587,0.00464 
29588,0.00767 
29589,0.01681 
29590,0.02542 
29591,0.02821 
29592,0.03084 
29593,0.03344 
29594,0.03895 
29595,0.05504 
29596,0.08249 
29597,0.11188 
29598,0.17665 
29599,0.30010 
29600,0.45311 
29601,0.63164 
29602,0.68220 
29603,0.56147 
29604,0.51580 
29605,0.54907 
29606,0.58684 
29607,0.62419 
29608,0.69906 
29609,0.80425 
29610,0.89205 
29611,0.94797 
29612,0.93970 
29613,0.86139 
29614,0.76130 
29615,0.65369 
29616,0.59629 
29617,0.58776 
29618,0.60619 
29619,0.64892 
29620,0.65916 
29621,0.63878 
29622,0.63599 
29623,0.66788 
29624,0.71984 
29625,0.79307 
29626,0.80651 
29627,0.75713 
29628,0.67508 
29629,0.56633 
29630,0.45157 
29631,0.34412 
29632,0.26214 
29633,0.21139 
29634,0.17029 
29635,0.14243 
29636,0.10664 
29637,0.07309 
29638,0.05347 
29639,0.04009 
29640,0.03125 
29641,0.02259 
29642,0.01552 
29643,0.01008 
29644,0.00647 
29645,0.00533 
29646,0.00537 
29647,0.00660 
29648,0.01039 
29649,0.01617 
29650,0.01745 
29651,0.01404 
29652,0.01055 
29653,0.00727 
29654,0.00644 
29655,0.00548 
29656,0.00451 
29657,0.00353 
29658,0.00355 
29659,0.00457 
29660,0.00557 
29661,0.00660 
29662,0.00668 
29663,0.00577 
29664,0.00482 
29665,0.00384 
29666,0.00361 
29667,0.00418 
29668,0.00475 
29669,0.00532 
29670,0.00537 
29671,0.00485 
29672,0.00433 
29673,0.00379 
29674,0.00455 
29675,0.00663 
29676,0.00875 
29677,0.01846 
29678,0.02148 
29679,0.01721 
29680,0.01300 
29681,0.00896 
29682,0.01019 
29683,0.01739 
29684,0.02461 
29685,0.03182 
29686,0.03960 
29687,0.04783 
29688,0.05862 
29689,0.07097 
29690,0.07901 
29691,0.08969 
29692,0.10859 
29693,0.12720 
29694,0.13008 
29695,0.11798 
29696,0.12630 
29697,0.15524 
29698,0.17892 
29699,0.19736 
29700,0.21054 
29701,0.21973 
29702,0.23821 
29703,0.27134 
29704,0.30450 
29705,0.37937 
29706,0.47513 
29707,0.55496 
29708,0.56654 
29709,0.51066 
29710,0.45931 
29711,0.41208 
29712,0.38297 
29713,0.37461 
29714,0.35463 
29715,0.32349 
29716,0.31646 
29717,0.32987 
29718,0.35652 
29719,0.39456 
29720,0.37789 
29721,0.31112 
29722,0.25691 
29723,0.21196 
29724,0.18793 
29725,0.17956 
29726,0.17100 
29727,0.16710 
29728,0.15474 
29729,0.14165 
29730,0.11392 
29731,0.07231 
29732,0.03829 
29733,0.01213 
29734,0.00421 
29735,0.00354 
29736,0.00286 
29737,0.00220 
29738,0.00141 
29739,0.00050 
29740,0.00000 
29741,0.00000 
29742,0.00000 
29743,0.00239 
29744,0.00524 
29745,0.01200 
29746,0.01432 
29747,0.00676 
29748,0.00488 
29749,0.00296 
29750,0.00346 
29751,0.00638 
29752,0.01692 
29753,0.03087 
29754,0.03799 
29755,0.03827 
29756,0.03856 
29757,0.03885 
29758,0.03929 
29759,0.03989 
29760,0.04051 
29761,0.04114 
29762,0.03908 
29763,0.03411 
29764,0.02909 
29765,0.02404 
29766,0.01380 
29767,0.00617 
29768,0.00287 
29769,0.00000 
29770,0.00000 
29771,0.00000 
29772,0.00000 
29773,0.00000 
29774,0.00000 
29775,0.00000 
29776,0.00000 
29777,0.00139 
29778,0.00199 
29779,0.00110 
29780,0.00021 
29781,0.00000 
29782,0.00000 
29783,0.00065 
29784,0.00181 
29785,0.00293 
29786,0.00348 
29787,0.01043 
29788,0.02510 
29789,0.04006 
29790,0.06710 
29791,0.10937 
29792,0.11765 
29793,0.08708 
29794,0.05336 
29795,0.02132 
29796,0.03419 
29797,0.08909 
29798,0.15602 
29799,0.23581 
29800,0.25406 
29801,0.20985 
29802,0.18304 
29803,0.17447 
29804,0.16809 
29805,0.16402 
29806,0.16105 
29807,0.15861 
29808,0.15192 
29809,0.14213 
29810,0.13048 
29811,0.12235 
29812,0.12133 
29813,0.13146 
29814,0.14866 
29815,0.17390 
29816,0.16482 
29817,0.12067 
29818,0.07917 
29819,0.03954 
29820,0.03160 
29821,0.05570 
29822,0.08978 
29823,0.12982 
29824,0.14178 
29825,0.12531 
29826,0.09613 
29827,0.06234 
29828,0.03226 
29829,0.00870 
29830,0.00000 
29831,0.00000 
29832,0.00000 
29833,0.00000 
29834,0.00000 
29835,0.00000 
29836,0.00000 
29837,0.00000 
29838,0.00000 
29839,0.00000 
29840,0.00000 
29841,0.00000 
29842,0.00000 
29843,0.00000 
29844,0.00041 
29845,0.00208 
29846,0.00317 
29847,0.00366 
29848,0.00414 
29849,0.00464 
29850,0.00599 
29851,0.01170 
29852,0.02223 
29853,0.03285 
29854,0.03155 
29855,0.01763 
29856,0.00677 
29857,0.00374 
29858,0.00259 
29859,0.00340 
29860,0.00422 
29861,0.00502 
29862,0.00574 
29863,0.00633 
29864,0.00694 
29865,0.00758 
29866,0.00722 
29867,0.00586 
29868,0.00449 
29869,0.00308 
29870,0.00137 
29871,0.00000 
29872,0.00000 
29873,0.00000 
29874,0.00000 
29875,0.00000 
29876,0.00000 
29877,0.00000 
29878,0.00050 
29879,0.00136 
29880,0.00221 
29881,0.00304 
29882,0.00372 
29883,0.00959 
29884,0.02151 
29885,0.03350 
29886,0.05151 
29887,0.07519 
29888,0.08682 
29889,0.08584 
29890,0.08006 
29891,0.06921 
29892,0.08665 
29893,0.12884 
29894,0.19117 
29895,0.27583 
29896,0.34099 
29897,0.38869 
29898,0.39069 
29899,0.34366 
29900,0.31992 
29901,0.32063 
29902,0.29721 
29903,0.27445 
29904,0.26267 
29905,0.34083 
29906,0.49171 
29907,0.60977 
29908,0.61084 
29909,0.50387 
29910,0.41610 
29911,0.34564 
29912,0.33044 
29913,0.36430 
29914,0.39330 
29915,0.41878 
29916,0.38278 
29917,0.29998 
29918,0.23031 
29919,0.17402 
29920,0.14075 
29921,0.12134 
29922,0.10131 
29923,0.08052 
29924,0.04663 
29925,0.01187 
29926,0.00000 
29927,0.00000 
29928,0.00000 
29929,0.00000 
29930,0.00026 
29931,0.00071 
29932,0.00115 
29933,0.00161 
29934,0.00362 
29935,0.00922 
29936,0.02660 
29937,0.04677 
29938,0.05734 
29939,0.05053 
29940,0.04387 
29941,0.03814 
29942,0.02942 
29943,0.01626 
29944,0.00615 
29945,0.00336 
29946,0.00159 
29947,0.00088 
29948,0.00017 
29949,0.00000 
29950,0.00000 
29951,0.00017 
29952,0.00094 
29953,0.00173 
29954,0.00110 
29955,0.00000 
29956,0.00000 
29957,0.00000 
29958,0.00000 
29959,0.00000 
29960,0.00000 
29961,0.00000 
29962,0.00000 
29963,0.00000 
29964,0.00000 
29965,0.00000 
29966,0.00000 
29967,0.00020 
29968,0.00336 
29969,0.00652 
29970,0.00807 
29971,0.00807 
29972,0.00808 
29973,0.00808 
29974,0.00848 
29975,0.01231 
29976,0.01625 
29977,0.02013 
29978,0.02471 
29979,0.03229 
29980,0.04238 
29981,0.05267 
29982,0.06812 
29983,0.08983 
29984,0.09421 
29985,0.08709 
29986,0.08847 
29987,0.09497 
29988,0.09893 
29989,0.10049 
29990,0.09982 
29991,0.09630 
29992,0.10829 
29993,0.13520 
29994,0.16336 
29995,0.19258 
29996,0.20963 
29997,0.21354 
29998,0.22174 
29999,0.23534 
30000,0.24590 
30001,0.25203 
30002,0.27803 
30003,0.32215 
30004,0.35532 
30005,0.39631 
30006,0.41752 
30007,0.48075 
30008,0.50268 
30009,0.53670 
30010,0.57904 
30011,0.62040 
30012,0.55628 
30013,0.40699 
30014,0.28504 
30015,0.17805 
30016,0.12658 
30017,0.10315 
30018,0.10441 
30019,0.12045 
30020,0.12596 
30021,0.12093 
30022,0.12748 
30023,0.14322 
30024,0.16282 
30025,0.19192 
30026,0.16809 
30027,0.11989 
30028,0.08039 
30029,0.04898 
30030,0.04086 
30031,0.05651 
30032,0.07238 
30033,0.08849 
30034,0.08709 
30035,0.06823 
30036,0.04905 
30037,0.03380 
30038,0.02490 
30039,0.01934 
30040,0.01373 
30041,0.00807 
30042,0.00653 
30043,0.00608 
30044,0.00564 
30045,0.00517 
30046,0.00472 
30047,0.00429 
30048,0.00383 
30049,0.00338 
30050,0.00316 
30051,0.00320 
30052,0.00323 
30053,0.00327 
30054,0.00221 
30055,0.00006 
30056,0.00000 
30057,0.00000 
30058,0.00000 
30059,0.00000 
30060,0.00000 
30061,0.00000 
30062,0.00000 
30063,0.00164 
30064,0.00423 
30065,0.00683 
30066,0.00973 
30067,0.01654 
30068,0.02330 
30069,0.02988 
30070,0.02495 
30071,0.00866 
30072,0.00495 
30073,0.00166 
30074,0.00072 
30075,0.00744 
30076,0.02034 
30077,0.03355 
30078,0.03976 
30079,0.03868 
30080,0.05142 
30081,0.07920 
30082,0.10978 
30083,0.14281 
30084,0.15931 
30085,0.15906 
30086,0.16370 
30087,0.17448 
30088,0.17754 
30089,0.17272 
30090,0.16105 
30091,0.23456 
30092,0.24315 
30093,0.27091 
30094,0.32631 
30095,0.41036 
30096,0.43856 
30097,0.41370 
30098,0.40323 
30099,0.40490 
30100,0.40822 
30101,0.41174 
30102,0.41078 
30103,0.40326 
30104,0.41419 
30105,0.43867 
30106,0.46775 
30107,0.49903 
30108,0.46068 
30109,0.36558 
30110,0.28907 
30111,0.22856 
30112,0.18119 
30113,0.14235 
30114,0.10842 
30115,0.07885 
30116,0.04351 
30117,0.01126 
30118,0.00000 
30119,0.00000 
30120,0.00000 
30121,0.00000 
30122,0.00000 
30123,0.00000 
30124,0.00000 
30125,0.00000 
30126,0.00000 
30127,0.00000 
30128,0.00000 
30129,0.00000 
30130,0.00000 
30131,0.00000 
30132,0.00050 
30133,0.00141 
30134,0.00199 
30135,0.00224 
30136,0.00250 
30137,0.00275 
30138,0.00370 
30139,0.00539 
30140,0.00708 
30141,0.01493 
30142,0.02826 
30143,0.05022 
30144,0.08051 
30145,0.11620 
30146,0.13439 
30147,0.12760 
30148,0.12071 
30149,0.11326 
30150,0.10659 
30151,0.10160 
30152,0.09680 
30153,0.09226 
30154,0.09032 
30155,0.09108 
30156,0.09225 
30157,0.09305 
30158,0.09668 
30159,0.10269 
30160,0.10911 
30161,0.11584 
30162,0.12984 
30163,0.14888 
30164,0.16830 
30165,0.18679 
30166,0.18951 
30167,0.17541 
30168,0.16240 
30169,0.14911 
30170,0.15196 
30171,0.16934 
30172,0.19357 
30173,0.22745 
30174,0.29450 
30175,0.41721 
30176,0.54642 
30177,0.69266 
30178,0.83400 
30179,0.96222 
30180,1.08231 
30181,1.19751 
30182,1.20552 
30183,1.12465 
30184,1.04318 
30185,0.97461 
30186,0.92311 
30187,0.86931 
30188,0.80614 
30189,0.73640 
30190,0.69863 
30191,0.69259 
30192,0.68333 
30193,0.66653 
30194,0.62027 
30195,0.59112 
30196,0.53499 
30197,0.47921 
30198,0.50875 
30199,0.62443 
30200,0.72129 
30201,0.79248 
30202,0.80200 
30203,0.74070 
30204,0.67386 
30205,0.60584 
30206,0.48081 
30207,0.32547 
30208,0.21135 
30209,0.13607 
30210,0.09747 
30211,0.08428 
30212,0.07456 
30213,0.06425 
30214,0.06112 
30215,0.06382 
30216,0.06648 
30217,0.06908 
30218,0.05836 
30219,0.03533 
30220,0.01984 
30221,0.00604 
30222,0.00376 
30223,0.00247 
30224,0.00115 
30225,0.00000 
30226,0.00000 
30227,0.00016 
30228,0.00084 
30229,0.00152 
30230,0.00107 
30231,0.00000 
30232,0.00000 
30233,0.00000 
30234,0.00000 
30235,0.00000 
30236,0.00000 
30237,0.00000 
30238,0.00000 
30239,0.00000 
30240,0.00000 
30241,0.00000 
30242,0.00000 
30243,0.00000 
30244,0.00000 
30245,0.00000 
30246,0.00000 
30247,0.00000 
30248,0.00000 
30249,0.00000 
30250,0.00102 
30251,0.00298 
30252,0.00495 
30253,0.00694 
30254,0.00701 
30255,0.00504 
30256,0.00308 
30257,0.00108 
30258,0.00000 
30259,0.00000 
30260,0.00000 
30261,0.00000 
30262,0.00000 
30263,0.00000 
30264,0.00000 
30265,0.00000 
30266,0.00000 
30267,0.00000 
30268,0.00201 
30269,0.00341 
30270,0.00997 
30271,0.02246 
30272,0.03977 
30273,0.06156 
30274,0.08543 
30275,0.11058 
30276,0.11907 
30277,0.11085 
30278,0.11146 
30279,0.12010 
30280,0.12622 
30281,0.12235 
30282,0.11893 
30283,0.12071 
30284,0.13971 
30285,0.18061 
30286,0.20048 
30287,0.19846 
30288,0.18564 
30289,0.16655 
30290,0.15494 
30291,0.15095 
30292,0.13164 
30293,0.09673 
30294,0.06603 
30295,0.06060 
30296,0.07536 
30297,0.09277 
30298,0.10068 
30299,0.09372 
30300,0.09135 
30301,0.09312 
30302,0.09212 
30303,0.08835 
30304,0.07386 
30305,0.05367 
30306,0.04722 
30307,0.05978 
30308,0.07826 
30309,0.10428 
30310,0.12713 
30311,0.14281 
30312,0.16180 
30313,0.19006 
30314,0.21429 
30315,0.23602 
30316,0.25803 
30317,0.27979 
30318,0.28169 
30319,0.26335 
30320,0.24417 
30321,0.22473 
30322,0.24464 
30323,0.31144 
30324,0.39477 
30325,0.48040 
30326,0.55068 
30327,0.59088 
30328,0.63165 
30329,0.67300 
30330,0.63478 
30331,0.51831 
30332,0.41391 
30333,0.31676 
30334,0.29082 
30335,0.32285 
30336,0.36117 
30337,0.40093 
30338,0.37229 
30339,0.28935 
30340,0.21810 
30341,0.16396 
30342,0.13679 
30343,0.12196 
30344,0.10714 
30345,0.09572 
30346,0.08825 
30347,0.08484 
30348,0.08102 
30349,0.07718 
30350,0.07088 
30351,0.06273 
30352,0.05428 
30353,0.04703 
30354,0.03495 
30355,0.01582 
30356,0.00608 
30357,0.00207 
30358,0.00000 
30359,0.00000 
30360,0.00000 
30361,0.00000 
30362,0.00000 
30363,0.00436 
30364,0.01406 
30365,0.02393 
30366,0.05200 
30367,0.10661 
30368,0.14020 
30369,0.14437 
30370,0.14721 
30371,0.14968 
30372,0.17638 
30373,0.23302 
30374,0.30241 
30375,0.38653 
30376,0.40171 
30377,0.33873 
30378,0.26635 
30379,0.22900 
30380,0.23315 
30381,0.24378 
30382,0.27181 
30383,0.30441 
30384,0.27883 
30385,0.19611 
30386,0.13441 
30387,0.09491 
30388,0.08803 
30389,0.11320 
30390,0.13524 
30391,0.15390 
30392,0.16861 
30393,0.18325 
30394,0.22544 
30395,0.29498 
30396,0.33467 
30397,0.34335 
30398,0.38210 
30399,0.42649 
30400,0.41984 
30401,0.39230 
30402,0.31618 
30403,0.21853 
30404,0.14863 
30405,0.10959 
30406,0.09035 
30407,0.09039 
30408,0.09043 
30409,0.09076 
30410,0.09848 
30411,0.11463 
30412,0.13057 
30413,0.14711 
30414,0.14428 
30415,0.12270 
30416,0.10115 
30417,0.08166 
30418,0.08196 
30419,0.10262 
30420,0.12623 
30421,0.15002 
30422,0.14639 
30423,0.11395 
30424,0.08440 
30425,0.06052 
30426,0.04496 
30427,0.03909 
30428,0.03470 
30429,0.03028 
30430,0.03061 
30431,0.03587 
30432,0.04132 
30433,0.04862 
30434,0.05110 
30435,0.04746 
30436,0.04419 
30437,0.04204 
30438,0.06219 
30439,0.11213 
30440,0.17935 
30441,0.29336 
30442,0.33751 
30443,0.29828 
30444,0.25976 
30445,0.22057 
30446,0.19358 
30447,0.18290 
30448,0.17141 
30449,0.15992 
30450,0.14553 
30451,0.12825 
30452,0.11132 
30453,0.09867 
30454,0.07405 
30455,0.04172 
30456,0.01875 
30457,0.00574 
30458,0.00392 
30459,0.00700 
30460,0.01237 
30461,0.01776 
30462,0.02715 
30463,0.04065 
30464,0.05265 
30465,0.06305 
30466,0.07619 
30467,0.09156 
30468,0.09897 
30469,0.09885 
30470,0.10104 
30471,0.10513 
30472,0.10852 
30473,0.11163 
30474,0.11019 
30475,0.10505 
30476,0.11698 
30477,0.14514 
30478,0.18862 
30479,0.24546 
30480,0.24764 
30481,0.19765 
30482,0.16083 
30483,0.13703 
30484,0.12902 
30485,0.13611 
30486,0.14584 
30487,0.15847 
30488,0.14889 
30489,0.11739 
30490,0.08720 
30491,0.05840 
30492,0.05013 
30493,0.06214 
30494,0.08207 
30495,0.10720 
30496,0.09835 
30497,0.05993 
30498,0.02257 
30499,0.00390 
30500,0.00388 
30501,0.00187 
30502,0.00000 
30503,0.00000 
30504,0.00000 
30505,0.00000 
30506,0.00000 
30507,0.00000 
30508,0.00000 
30509,0.00000 
30510,0.00000 
30511,0.00000 
30512,0.00000 
30513,0.00000 
30514,0.00000 
30515,0.00000 
30516,0.00000 
30517,0.00000 
30518,0.00000 
30519,0.00000 
30520,0.00000 
30521,0.00000 
30522,0.00000 
30523,0.00000 
30524,0.00000 
30525,0.00000 
30526,0.00000 
30527,0.00000 
30528,0.00000 
30529,0.00000 
30530,0.00000 
30531,0.00000 
30532,0.00000 
30533,0.00000 
30534,0.00000 
30535,0.00000 
30536,0.00000 
30537,0.00000 
30538,0.00000 
30539,0.00000 
30540,0.00000 
30541,0.00000 
30542,0.00000 
30543,0.00000 
30544,0.00000 
30545,0.00000 
30546,0.00000 
30547,0.00000 
30548,0.00000 
30549,0.00000 
30550,0.00000 
30551,0.00000 
30552,0.00000 
30553,0.00000 
30554,0.00000 
30555,0.00133 
30556,0.00476 
30557,0.01088 
30558,0.03207 
30559,0.06935 
30560,0.09209 
30561,0.09989 
30562,0.10702 
30563,0.11348 
30564,0.13284 
30565,0.16446 
30566,0.20767 
30567,0.26422 
30568,0.27298 
30569,0.23251 
30570,0.21141 
30571,0.20916 
30572,0.18947 
30573,0.15224 
30574,0.11200 
30575,0.06978 
30576,0.06193 
30577,0.08155 
30578,0.09454 
30579,0.10144 
30580,0.10933 
30581,0.11756 
30582,0.13295 
30583,0.15526 
30584,0.15688 
30585,0.13784 
30586,0.12547 
30587,0.11932 
30588,0.10762 
30589,0.09093 
30590,0.07535 
30591,0.06075 
30592,0.04939 
30593,0.04126 
30594,0.03552 
30595,0.03201 
30596,0.02333 
30597,0.01729 
30598,0.01575 
30599,0.01262 
30600,0.00952 
30601,0.00653 
30602,0.01692 
30603,0.04299 
30604,0.08113 
30605,0.13111 
30606,0.15367 
30607,0.14553 
30608,0.13728 
30609,0.12891 
30610,0.12938 
30611,0.13923 
30612,0.14917 
30613,0.15917 
30614,0.15922 
30615,0.15082 
30616,0.14181 
30617,0.13274 
30618,0.11638 
30619,0.09297 
30620,0.07558 
30621,0.05805 
30622,0.04624 
30623,0.04092 
30624,0.03699 
30625,0.03300 
30626,0.03087 
30627,0.03099 
30628,0.03100 
30629,0.03112 
30630,0.03647 
30631,0.04735 
30632,0.06415 
30633,0.08103 
30634,0.10644 
30635,0.15164 
30636,0.19935 
30637,0.28424 
30638,0.30112 
30639,0.24891 
30640,0.19839 
30641,0.17009 
30642,0.14680 
30643,0.12987 
30644,0.11270 
30645,0.09987 
30646,0.08880 
30647,0.07962 
30648,0.07031 
30649,0.06145 
30650,0.05067 
30651,0.04463 
30652,0.04322 
30653,0.04184 
30654,0.08055 
30655,0.16989 
30656,0.21216 
30657,0.18862 
30658,0.14923 
30659,0.10844 
30660,0.10281 
30661,0.11727 
30662,0.14861 
30663,0.19350 
30664,0.19581 
30665,0.15517 
30666,0.12630 
30667,0.10925 
30668,0.09940 
30669,0.09575 
30670,0.08381 
30671,0.06428 
30672,0.07127 
30673,0.10392 
30674,0.15027 
30675,0.21088 
30676,0.25079 
30677,0.26777 
30678,0.38256 
30679,0.58966 
30680,0.61471 
30681,0.47110 
30682,0.37972 
30683,0.33856 
30684,0.26045 
30685,0.15315 
30686,0.09272 
30687,0.06923 
30688,0.05496 
30689,0.04976 
30690,0.05006 
30691,0.05097 
30692,0.03634 
30693,0.01569 
30694,0.00567 
30695,0.00457 
30696,0.00348 
30697,0.00237 
30698,0.00193 
30699,0.00216 
30700,0.00240 
30701,0.00264 
30702,0.00219 
30703,0.00107 
30704,0.00000 
30705,0.00000 
30706,0.00000 
30707,0.00000 
30708,0.00000 
30709,0.00000 
30710,0.00000 
30711,0.00000 
30712,0.00000 
30713,0.00000 
30714,0.00000 
30715,0.00000 
30716,0.00000 
30717,0.00000 
30718,0.00000 
30719,0.00000 
30720,0.00000 
30721,0.00000 
30722,0.00000 
30723,0.00000 
30724,0.00000 
30725,0.00000 
30726,0.00000 
30727,0.00000 
30728,0.00000 
30729,0.00000 
30730,0.00000 
30731,0.00000 
30732,0.00000 
30733,0.00000 
30734,0.00000 
30735,0.00000 
30736,0.00000 
30737,0.00000 
30738,0.00000 
30739,0.00000 
30740,0.00000 
30741,0.00000 
30742,0.00000 
30743,0.00000 
30744,0.00000 
30745,0.00000 
30746,0.00000 
30747,0.00000 
30748,0.00000 
30749,0.00000 
30750,0.01467 
30751,0.04608 
30752,0.07746 
30753,0.10799 
30754,0.10165 
30755,0.05878 
30756,0.05809 
30757,0.09841 
30758,0.13374 
30759,0.16318 
30760,0.17469 
30761,0.16862 
30762,0.16893 
30763,0.17490 
30764,0.17469 
30765,0.16850 
30766,0.16494 
30767,0.16396 
30768,0.15922 
30769,0.15199 
30770,0.14383 
30771,0.14014 
30772,0.14009 
30773,0.14761 
30774,0.17465 
30775,0.22930 
30776,0.26189 
30777,0.27485 
30778,0.28259 
30779,0.25162 
30780,0.24238 
30781,0.25303 
30782,0.23955 
30783,0.20180 
30784,0.17612 
30785,0.15649 
30786,0.15031 
30787,0.15635 
30788,0.15976 
30789,0.16079 
30790,0.17389 
30791,0.19703 
30792,0.21902 
30793,0.24046 
30794,0.26704 
30795,0.31084 
30796,0.35699 
30797,0.40477 
30798,0.42042 
30799,0.40609 
30800,0.39156 
30801,0.37683 
30802,0.37360 
30803,0.38085 
30804,0.38816 
30805,0.39552 
30806,0.41619 
30807,0.44914 
30808,0.48422 
30809,0.52448 
30810,0.56531 
30811,0.60462 
30812,0.64422 
30813,0.68653 
30814,0.71057 
30815,0.72108 
30816,0.73459 
30817,0.74582 
30818,0.78549 
30819,0.85326 
30820,0.92212 
30821,0.98827 
30822,1.01600 
30823,1.00057 
30824,0.98462 
30825,0.96811 
30826,0.98058 
30827,1.02302 
30828,1.06620 
30829,1.10546 
30830,1.22867 
30831,1.43517 
30832,1.61664 
30833,1.74681 
30834,1.76315 
30835,1.72086 
30836,1.65044 
30837,1.58745 
30838,1.49810 
30839,1.36138 
30840,1.23216 
30841,1.09807 
30842,0.95836 
30843,0.80539 
30844,0.64654 
30845,0.49590 
30846,0.41292 
30847,0.38097 
30848,0.35978 
30849,0.34414 
30850,0.29335 
30851,0.21293 
30852,0.17902 
30853,0.17311 
30854,0.16498 
30855,0.15927 
30856,0.13514 
30857,0.09701 
30858,0.05972 
30859,0.03543 
30860,0.02731 
30861,0.05240 
30862,0.09710 
30863,0.13330 
30864,0.15004 
30865,0.14335 
30866,0.13879 
30867,0.13675 
30868,0.13570 
30869,0.13477 
30870,0.13726 
30871,0.14237 
30872,0.13449 
30873,0.11236 
30874,0.09147 
30875,0.07184 
30876,0.05731 
30877,0.04812 
30878,0.04220 
30879,0.04046 
30880,0.04452 
30881,0.05423 
30882,0.05453 
30883,0.04313 
30884,0.03278 
30885,0.02285 
30886,0.01629 
30887,0.01288 
30888,0.00955 
30889,0.00647 
30890,0.01040 
30891,0.02181 
30892,0.03339 
30893,0.04900 
30894,0.04914 
30895,0.03368 
30896,0.02227 
30897,0.01068 
30898,0.00608 
30899,0.00565 
30900,0.00523 
30901,0.00481 
30902,0.00427 
30903,0.00361 
30904,0.00295 
30905,0.00228 
30906,0.00229 
30907,0.00302 
30908,0.00375 
30909,0.00450 
30910,0.00578 
30911,0.00838 
30912,0.01704 
30913,0.02599 
30914,0.03750 
30915,0.05484 
30916,0.07658 
30917,0.09848 
30918,0.11195 
30919,0.11324 
30920,0.11456 
30921,0.11592 
30922,0.12107 
30923,0.13004 
30924,0.13908 
30925,0.14880 
30926,0.14938 
30927,0.14129 
30928,0.13313 
30929,0.12491 
30930,0.11613 
30931,0.10891 
30932,0.10291 
30933,0.09646 
30934,0.09922 
30935,0.11057 
30936,0.12583 
30937,0.14165 
30938,0.12933 
30939,0.09437 
30940,0.06524 
30941,0.04020 
30942,0.03750 
30943,0.05136 
30944,0.05059 
30945,0.03558 
30946,0.02509 
30947,0.01876 
30948,0.03013 
30949,0.05901 
30950,0.08588 
30951,0.11123 
30952,0.13094 
30953,0.14679 
30954,0.15681 
30955,0.16473 
30956,0.15488 
30957,0.13080 
30958,0.11583 
30959,0.10431 
30960,0.10198 
30961,0.10903 
30962,0.11976 
30963,0.13457 
30964,0.12960 
30965,0.10509 
30966,0.08587 
30967,0.07428 
30968,0.07105 
30969,0.07601 
30970,0.08281 
30971,0.09550 
30972,0.10771 
30973,0.12458 
30974,0.14233 
30975,0.16365 
30976,0.20654 
30977,0.25557 
30978,0.35584 
30979,0.51487 
30980,0.68474 
30981,0.84371 
30982,0.88253 
30983,0.81250 
30984,0.73541 
30985,0.65898 
30986,0.60356 
30987,0.57241 
30988,0.54105 
30989,0.51111 
30990,0.47588 
30991,0.43864 
30992,0.40909 
30993,0.37769 
30994,0.39458 
30995,0.46079 
30996,0.54090 
30997,0.62212 
30998,0.64556 
30999,0.61243 
31000,0.57710 
31001,0.54359 
31002,0.50623 
31003,0.46521 
31004,0.43262 
31005,0.39819 
31006,0.35088 
31007,0.29238 
31008,0.24819 
31009,0.20235 
31010,0.16895 
31011,0.15172 
31012,0.13431 
31013,0.11718 
31014,0.10200 
31015,0.09354 
31016,0.08456 
31017,0.07570 
31018,0.08340 
31019,0.10923 
31020,0.14383 
31021,0.17979 
31022,0.18071 
31023,0.14664 
31024,0.11249 
31025,0.08710 
31026,0.06833 
31027,0.05558 
31028,0.04503 
31029,0.03702 
31030,0.03557 
31031,0.04064 
31032,0.04582 
31033,0.05254 
31034,0.06339 
31035,0.07713 
31036,0.09068 
31037,0.10406 
31038,0.16603 
31039,0.30072 
31040,0.46588 
31041,0.65955 
31042,0.70203 
31043,0.55974 
31044,0.52400 
31045,0.61678 
31046,0.69962 
31047,0.77153 
31048,0.81911 
31049,0.83368 
31050,0.82164 
31051,0.77599 
31052,0.77359 
31053,0.80963 
31054,0.85420 
31055,0.91141 
31056,0.95055 
31057,0.97139 
31058,0.95408 
31059,0.90199 
31060,0.84102 
31061,0.75239 
31062,0.68195 
31063,0.62956 
31064,0.57186 
31065,0.51025 
31066,0.46716 
31067,0.43571 
31068,0.38771 
31069,0.32635 
31070,0.27203 
31071,0.22331 
31072,0.17558 
31073,0.12781 
31074,0.09030 
31075,0.06041 
31076,0.03269 
31077,0.00936 
31078,0.00000 
31079,0.00000 
31080,0.00000 
31081,0.00000 
31082,0.00000 
31083,0.00000 
31084,0.00047 
31085,0.00133 
31086,0.00177 
31087,0.00178 
31088,0.00180 
31089,0.00181 
31090,0.00115 
31091,0.00000 
31092,0.00000 
31093,0.00000 
31094,0.00000 
31095,0.00000 
31096,0.00000 
31097,0.00000 
31098,0.00000 
31099,0.00000 
31100,0.00000 
31101,0.00000 
31102,0.00000 
31103,0.00000 
31104,0.00000 
31105,0.00000 
31106,0.00000 
31107,0.00000 
31108,0.00222 
31109,0.00556 
31110,0.00703 
31111,0.00659 
31112,0.00614 
31113,0.00570 
31114,0.00643 
31115,0.00924 
31116,0.01846 
31117,0.02789 
31118,0.03135 
31119,0.02871 
31120,0.02617 
31121,0.02361 
31122,0.01758 
31123,0.00838 
31124,0.00638 
31125,0.00442 
31126,0.00524 
31127,0.01072 
31128,0.02768 
31129,0.04443 
31130,0.05372 
31131,0.04953 
31132,0.04561 
31133,0.04292 
31134,0.06330 
31135,0.11403 
31136,0.17137 
31137,0.23414 
31138,0.24627 
31139,0.20598 
31140,0.21145 
31141,0.26347 
31142,0.31457 
31143,0.36518 
31144,0.38922 
31145,0.38678 
31146,0.38519 
31147,0.38774 
31148,0.39945 
31149,0.41987 
31150,0.44614 
31151,0.47570 
31152,0.47131 
31153,0.43144 
31154,0.40153 
31155,0.37923 
31156,0.35941 
31157,0.34294 
31158,0.31653 
31159,0.28281 
31160,0.28695 
31161,0.32326 
31162,0.35678 
31163,0.38696 
31164,0.36295 
31165,0.29530 
31166,0.24632 
31167,0.21374 
31168,0.16507 
31169,0.10951 
31170,0.05494 
31171,0.02298 
31172,0.01377 
31173,0.00727 
31174,0.00447 
31175,0.00490 
31176,0.00534 
31177,0.00578 
31178,0.00602 
31179,0.00606 
31180,0.00608 
31181,0.00612 
31182,0.00595 
31183,0.00555 
31184,0.00516 
31185,0.00476 
31186,0.00478 
31187,0.00525 
31188,0.00573 
31189,0.00618 
31190,0.00598 
31191,0.00509 
31192,0.00419 
31193,0.00327 
31194,0.00236 
31195,0.00144 
31196,0.00052 
31197,0.00000 
31198,0.00000 
31199,0.00000 
31200,0.00000 
31201,0.00000 
31202,0.00000 
31203,0.00000 
31204,0.00000 
31205,0.00000 
31206,0.00071 
31207,0.00203 
31208,0.00338 
31209,0.00475 
31210,0.00546 
31211,0.00551 
31212,0.00555 
31213,0.00560 
31214,0.00479 
31215,0.00313 
31216,0.00146 
31217,0.00000 
31218,0.00000 
31219,0.00000 
31220,0.00000 
31221,0.00000 
31222,0.00000 
31223,0.00000 
31224,0.00000 
31225,0.00000 
31226,0.00000 
31227,0.00000 
31228,0.00000 
31229,0.00000 
31230,0.05775 
31231,0.20815 
31232,0.30672 
31233,0.31165 
31234,0.32342 
31235,0.35243 
31236,0.36005 
31237,0.33941 
31238,0.29938 
31239,0.23986 
31240,0.25232 
31241,0.34498 
31242,0.43591 
31243,0.52355 
31244,0.54855 
31245,0.51051 
31246,0.48192 
31247,0.46705 
31248,0.45913 
31249,0.46056 
31250,0.46344 
31251,0.46760 
31252,0.45389 
31253,0.42325 
31254,0.40069 
31255,0.38569 
31256,0.36686 
31257,0.34872 
31258,0.32643 
31259,0.29919 
31260,0.26809 
31261,0.23328 
31262,0.20411 
31263,0.18194 
31264,0.16026 
31265,0.13968 
31266,0.12292 
31267,0.10987 
31268,0.08661 
31269,0.06382 
31270,0.05618 
31271,0.05638 
31272,0.05675 
31273,0.05695 
31274,0.05233 
31275,0.04286 
31276,0.03481 
31277,0.02861 
31278,0.02880 
31279,0.03530 
31280,0.04392 
31281,0.05419 
31282,0.06606 
31283,0.07995 
31284,0.09528 
31285,0.11413 
31286,0.11687 
31287,0.10332 
31288,0.08968 
31289,0.07975 
31290,0.07489 
31291,0.07492 
31292,0.07519 
31293,0.07547 
31294,0.07627 
31295,0.07817 
31296,0.07987 
31297,0.08165 
31298,0.09429 
31299,0.12352 
31300,0.15602 
31301,0.19391 
31302,0.20264 
31303,0.17117 
31304,0.14877 
31305,0.12585 
31306,0.11856 
31307,0.12738 
31308,0.13682 
31309,0.14641 
31310,0.13994 
31311,0.11776 
31312,0.09959 
31313,0.08287 
31314,0.07243 
31315,0.06826 
31316,0.06383 
31317,0.05967 
31318,0.06776 
31319,0.08784 
31320,0.10762 
31321,0.13418 
31322,0.13920 
31323,0.12216 
31324,0.10560 
31325,0.09321 
31326,0.09745 
31327,0.11901 
31328,0.14445 
31329,0.16934 
31330,0.16886 
31331,0.14348 
31332,0.13059 
31333,0.12902 
31334,0.12795 
31335,0.13058 
31336,0.13594 
31337,0.18349 
31338,0.26297 
31339,0.33060 
31340,0.37069 
31341,0.38364 
31342,0.35514 
31343,0.31598 
31344,0.29901 
31345,0.31553 
31346,0.36107 
31347,0.39225 
31348,0.40046 
31349,0.38617 
31350,0.38795 
31351,0.40645 
31352,0.41346 
31353,0.41006 
31354,0.40555 
31355,0.39809 
31356,0.36300 
31357,0.30667 
31358,0.26126 
31359,0.22436 
31360,0.18138 
31361,0.13460 
31362,0.09964 
31363,0.07262 
31364,0.04281 
31365,0.01630 
31366,0.01285 
31367,0.02932 
31368,0.05060 
31369,0.07627 
31370,0.08380 
31371,0.07282 
31372,0.06196 
31373,0.05078 
31374,0.04196 
31375,0.03660 
31376,0.03271 
31377,0.02863 
31378,0.03981 
31379,0.08061 
31380,0.13328 
31381,0.21434 
31382,0.28227 
31383,0.32877 
31384,0.37781 
31385,0.42726 
31386,0.44703 
31387,0.43677 
31388,0.42642 
31389,0.41455 
31390,0.36523 
31391,0.28110 
31392,0.21321 
31393,0.15810 
31394,0.14435 
31395,0.15609 
31396,0.16803 
31397,0.18017 
31398,0.18173 
31399,0.17309 
31400,0.16423 
31401,0.15514 
31402,0.15148 
31403,0.15286 
31404,0.15426 
31405,0.15632 
31406,0.14474 
31407,0.12140 
31408,0.10192 
31409,0.08487 
31410,0.09102 
31411,0.12331 
31412,0.16292 
31413,0.20655 
31414,0.22492 
31415,0.19200 
31416,0.17328 
31417,0.15437 
31418,0.13651 
31419,0.11991 
31420,0.10375 
31421,0.09133 
31422,0.11889 
31423,0.20286 
31424,0.30466 
31425,0.42507 
31426,0.48709 
31427,0.46516 
31428,0.50515 
31429,0.62299 
31430,0.67058 
31431,0.64794 
31432,0.61224 
31433,0.58015 
31434,0.55458 
31435,0.53651 
31436,0.54664 
31437,0.58729 
31438,0.62864 
31439,0.67005 
31440,0.69363 
31441,0.69497 
31442,0.70373 
31443,0.71417 
31444,0.64606 
31445,0.50497 
31446,0.38835 
31447,0.29799 
31448,0.25096 
31449,0.24345 
31450,0.20240 
31451,0.15105 
31452,0.13017 
31453,0.16186 
31454,0.22287 
31455,0.26344 
31456,0.23072 
31457,0.14620 
31458,0.08102 
31459,0.03318 
31460,0.01025 
31461,0.00324 
31462,0.00027 
31463,0.00071 
31464,0.00115 
31465,0.00158 
31466,0.00081 
31467,0.00000 
31468,0.00000 
31469,0.00000 
31470,0.00000 
31471,0.00000 
31472,0.00000 
31473,0.00000 
31474,0.00000 
31475,0.00000 
31476,0.00000 
31477,0.00000 
31478,0.00028 
31479,0.00074 
31480,0.00122 
31481,0.00170 
31482,0.00314 
31483,0.00556 
31484,0.01102 
31485,0.02262 
31486,0.02988 
31487,0.03268 
31488,0.03556 
31489,0.03868 
31490,0.04656 
31491,0.06443 
31492,0.08256 
31493,0.10098 
31494,0.10890 
31495,0.10337 
31496,0.09886 
31497,0.09382 
31498,0.09008 
31499,0.08656 
31500,0.08333 
31501,0.08002 
31502,0.07597 
31503,0.07129 
31504,0.06692 
31505,0.06229 
31506,0.05530 
31507,0.04751 
31508,0.04151 
31509,0.03579 
31510,0.05086 
31511,0.10297 
31512,0.17077 
31513,0.28110 
31514,0.34041 
31515,0.32623 
31516,0.31543 
31517,0.30471 
31518,0.26795 
31519,0.21304 
31520,0.19146 
31521,0.17703 
31522,0.18437 
31523,0.20698 
31524,0.25929 
31525,0.34661 
31526,0.45537 
31527,0.58763 
31528,0.62041 
31529,0.54877 
31530,0.47662 
31531,0.40743 
31532,0.39968 
31533,0.45592 
31534,0.51335 
31535,0.57032 
31536,0.53614 
31537,0.41529 
31538,0.28148 
31539,0.20378 
31540,0.19877 
31541,0.21901 
31542,0.25210 
31543,0.27950 
31544,0.28775 
31545,0.27565 
31546,0.27253 
31547,0.27608 
31548,0.25850 
31549,0.22171 
31550,0.18437 
31551,0.14557 
31552,0.13292 
31553,0.13893 
31554,0.13971 
31555,0.13288 
31556,0.10355 
31557,0.07044 
31558,0.04864 
31559,0.03273 
31560,0.02125 
31561,0.01004 
31562,0.00586 
31563,0.00588 
31564,0.00590 
31565,0.00592 
31566,0.00911 
31567,0.01827 
31568,0.02754 
31569,0.03694 
31570,0.04103 
31571,0.03577 
31572,0.03174 
31573,0.02777 
31574,0.02323 
31575,0.01815 
31576,0.01301 
31577,0.00770 
31578,0.00685 
31579,0.01005 
31580,0.01347 
31581,0.01687 
31582,0.01995 
31583,0.02262 
31584,0.02547 
31585,0.02835 
31586,0.02989 
31587,0.03001 
31588,0.03013 
31589,0.03026 
31590,0.02482 
31591,0.01385 
31592,0.00682 
31593,0.00449 
31594,0.00386 
31595,0.00499 
31596,0.00614 
31597,0.00730 
31598,0.00692 
31599,0.00498 
31600,0.00302 
31601,0.00105 
31602,0.00000 
31603,0.00000 
31604,0.00000 
31605,0.00000 
31606,0.00000 
31607,0.00000 
31608,0.00000 
31609,0.00000 
31610,0.00000 
31611,0.00000 
31612,0.00000 
31613,0.00000 
31614,0.01002 
31615,0.03094 
31616,0.05181 
31617,0.07266 
31618,0.07128 
31619,0.04929 
31620,0.05332 
31621,0.08159 
31622,0.10955 
31623,0.13743 
31624,0.14383 
31625,0.12882 
31626,0.11669 
31627,0.10676 
31628,0.11225 
31629,0.13146 
31630,0.16234 
31631,0.20361 
31632,0.19810 
31633,0.14629 
31634,0.10138 
31635,0.06391 
31636,0.05819 
31637,0.08215 
31638,0.10569 
31639,0.12884 
31640,0.12702 
31641,0.09998 
31642,0.07760 
31643,0.06059 
31644,0.04917 
31645,0.04306 
31646,0.03474 
31647,0.02415 
31648,0.01700 
31649,0.01310 
31650,0.00543 
31651,0.00000 
31652,0.00000 
31653,0.00000 
31654,0.00000 
31655,0.00000 
31656,0.00000 
31657,0.00000 
31658,0.00000 
31659,0.00000 
31660,0.00000 
31661,0.00000 
31662,0.00000 
31663,0.00000 
31664,0.00000 
31665,0.00000 
31666,0.00000 
31667,0.00000 
31668,0.00000 
31669,0.00000 
31670,0.00000 
31671,0.00000 
31672,0.00000 
31673,0.00000 
31674,0.00000 
31675,0.00000 
31676,0.00000 
31677,0.00000 
31678,0.00000 
31679,0.00000 
31680,0.00000 
31681,0.00000 
31682,0.00000 
31683,0.00000 
31684,0.00000 
31685,0.00000 
31686,0.00000 
31687,0.00000 
31688,0.00000 
31689,0.00000 
31690,0.00000 
31691,0.00000 
31692,0.00000 
31693,0.00000 
31694,0.00000 
31695,0.00000 
31696,0.00000 
31697,0.00000 
31698,0.00000 
31699,0.00000 
31700,0.00000 
31701,0.00000 
31702,0.00000 
31703,0.00000 
31704,0.00000 
31705,0.00000 
31706,0.00000 
31707,0.00000 
31708,0.00000 
31709,0.00000 
31710,0.00901 
31711,0.02791 
31712,0.04692 
31713,0.06582 
31714,0.10856 
31715,0.17819 
31716,0.19034 
31717,0.13901 
31718,0.09852 
31719,0.07666 
31720,0.08583 
31721,0.11913 
31722,0.16231 
31723,0.21569 
31724,0.24725 
31725,0.25724 
31726,0.32166 
31727,0.43984 
31728,0.47076 
31729,0.41873 
31730,0.39953 
31731,0.41008 
31732,0.37746 
31733,0.30505 
31734,0.22123 
31735,0.17685 
31736,0.17003 
31737,0.15166 
31738,0.12841 
31739,0.10678 
31740,0.09541 
31741,0.08887 
31742,0.07917 
31743,0.08581 
31744,0.07259 
31745,0.05954 
31746,0.05314 
31747,0.04932 
31748,0.03065 
31749,0.00875 
31750,0.00034 
31751,0.00094 
31752,0.00155 
31753,0.00217 
31754,0.00198 
31755,0.00096 
31756,0.00000 
31757,0.00000 
31758,0.00000 
31759,0.00000 
31760,0.00000 
31761,0.00000 
31762,0.00000 
31763,0.00000 
31764,0.00000 
31765,0.00000 
31766,0.00000 
31767,0.00000 
31768,0.00000 
31769,0.00000 
31770,0.00000 
31771,0.00000 
31772,0.00000 
31773,0.00000 
31774,0.00000 
31775,0.00000 
31776,0.00000 
31777,0.00000 
31778,0.00000 
31779,0.00000 
31780,0.00000 
31781,0.00000 
31782,0.00000 
31783,0.00000 
31784,0.00000 
31785,0.00000 
31786,0.00000 
31787,0.00000 
31788,0.00000 
31789,0.00000 
31790,0.00000 
31791,0.00000 
31792,0.00000 
31793,0.00000 
31794,0.00000 
31795,0.00019 
31796,0.00101 
31797,0.00182 
31798,0.00439 
31799,0.01100 
31800,0.03141 
31801,0.05463 
31802,0.06801 
31803,0.06340 
31804,0.05889 
31805,0.05467 
31806,0.06112 
31807,0.07879 
31808,0.09633 
31809,0.11364 
31810,0.12621 
31811,0.13315 
31812,0.15162 
31813,0.17695 
31814,0.18681 
31815,0.18151 
31816,0.17794 
31817,0.17787 
31818,0.18811 
31819,0.20897 
31820,0.21733 
31821,0.21475 
31822,0.20786 
31823,0.22858 
31824,0.23059 
31825,0.24403 
31826,0.27338 
31827,0.32137 
31828,0.29791 
31829,0.20585 
31830,0.15382 
31831,0.13951 
31832,0.13166 
31833,0.13003 
31834,0.13023 
31835,0.13779 
31836,0.15967 
31837,0.20388 
31838,0.25573 
31839,0.30303 
31840,0.35389 
31841,0.39464 
31842,0.45492 
31843,0.54169 
31844,0.63101 
31845,0.72468 
31846,0.80063 
31847,0.85707 
31848,0.91387 
31849,0.96959 
31850,0.98576 
31851,0.96290 
31852,0.94232 
31853,0.91789 
31854,0.84357 
31855,0.71549 
31856,0.57735 
31857,0.42971 
31858,0.30883 
31859,0.21120 
31860,0.13667 
31861,0.08876 
31862,0.05973 
31863,0.03894 
31864,0.02495 
31865,0.01148 
31866,0.00843 
31867,0.01584 
31868,0.02334 
31869,0.03095 
31870,0.03038 
31871,0.02112 
31872,0.01142 
31873,0.00599 
31874,0.00497 
31875,0.00499 
31876,0.00501 
31877,0.00503 
31878,0.00595 
31879,0.00860 
31880,0.01731 
31881,0.02623 
31882,0.02654 
31883,0.01787 
31884,0.00906 
31885,0.00641 
31886,0.00481 
31887,0.00345 
31888,0.00210 
31889,0.00074 
31890,0.00033 
31891,0.00088 
31892,0.00143 
31893,0.00197 
31894,0.00292 
31895,0.00426 
31896,0.00560 
31897,0.00691 
31898,0.01410 
31899,0.03033 
31900,0.04703 
31901,0.07166 
31902,0.11908 
31903,0.21073 
31904,0.32728 
31905,0.46328 
31906,0.48316 
31907,0.36667 
31908,0.34009 
31909,0.41475 
31910,0.47977 
31911,0.53638 
31912,0.57150 
31913,0.57812 
31914,0.59010 
31915,0.61044 
31916,0.61230 
31917,0.59639 
31918,0.56679 
31919,0.52376 
31920,0.51663 
31921,0.54639 
31922,0.57622 
31923,0.60573 
31924,0.59830 
31925,0.55430 
31926,0.52305 
31927,0.50646 
31928,0.48001 
31929,0.44445 
31930,0.41780 
31931,0.39997 
31932,0.40403 
31933,0.42239 
31934,0.41824 
31935,0.37930 
31936,0.30429 
31937,0.20701 
31938,0.12524 
31939,0.08438 
31940,0.06912 
31941,0.05063 
31942,0.03218 
31943,0.01883 
31944,0.00591 
31945,0.00309 
31946,0.00249 
31947,0.00414 
31948,0.00582 
31949,0.01246 
31950,0.01304 
31951,0.00627 
31952,0.00482 
31953,0.00337 
31954,0.00220 
31955,0.00134 
31956,0.00048 
31957,0.00000 
31958,0.00000 
31959,0.00000 
31960,0.00000 
31961,0.00000 
31962,0.00000 
31963,0.00000 
31964,0.00000 
31965,0.00000 
31966,0.00000 
31967,0.00000 
31968,0.00000 
31969,0.00000 
31970,0.00000 
31971,0.00000 
31972,0.00000 
31973,0.00000 
31974,0.00000 
31975,0.00000 
31976,0.00000 
31977,0.00000 
31978,0.00000 
31979,0.00072 
31980,0.00259 
31981,0.00450 
31982,0.00575 
31983,0.00632 
31984,0.00691 
31985,0.00749 
31986,0.01065 
31987,0.01980 
31988,0.02900 
31989,0.03804 
31990,0.04131 
31991,0.03840 
31992,0.03567 
31993,0.03296 
31994,0.03259 
31995,0.03474 
31996,0.03672 
31997,0.03877 
31998,0.05828 
31999,0.10168 
32000,0.15035 
32001,0.20252 
32002,0.27968 
32003,0.39071 
32004,0.45582 
32005,0.45880 
32006,0.47651 
32007,0.50723 
32008,0.52214 
32009,0.51839 
32010,0.51901 
32011,0.52830 
32012,0.49245 
32013,0.41114 
32014,0.29414 
32015,0.21721 
32016,0.20706 
32017,0.25237 
32018,0.34122 
32019,0.41805 
32020,0.40817 
32021,0.31640 
32022,0.24668 
32023,0.19779 
32024,0.15962 
32025,0.13080 
32026,0.10828 
32027,0.09172 
32028,0.07715 
32029,0.06539 
32030,0.05071 
32031,0.03204 
32032,0.02249 
32033,0.02187 
32034,0.01969 
32035,0.01592 
32036,0.01045 
32037,0.00334 
32038,0.00000 
32039,0.00000 
32040,0.00000 
32041,0.00000 
32042,0.00000 
32043,0.00000 
32044,0.00000 
32045,0.00000 
32046,0.00000 
32047,0.00000 
32048,0.00000 
32049,0.00000 
32050,0.00000 
32051,0.00000 
32052,0.00000 
32053,0.00000 
32054,0.00000 
32055,0.00000 
32056,0.00000 
32057,0.00000 
32058,0.00000 
32059,0.00000 
32060,0.00000 
32061,0.00000 
32062,0.00000 
32063,0.00000 
32064,0.00000 
32065,0.00000 
32066,0.00000 
32067,0.00000 
32068,0.00042 
32069,0.00217 
32070,0.00282 
32071,0.00235 
32072,0.00187 
32073,0.00137 
32074,0.00019 
32075,0.00000 
32076,0.00000 
32077,0.00000 
32078,0.00000 
32079,0.00000 
32080,0.00000 
32081,0.00000 
32082,0.00000 
32083,0.00000 
32084,0.00000 
32085,0.00000 
32086,0.00138 
32087,0.00188 
32088,0.00237 
32089,0.00284 
32090,0.00256 
32091,0.00155 
32092,0.00055 
32093,0.00000 
32094,0.02434 
32095,0.08534 
32096,0.12774 
32097,0.13469 
32098,0.13789 
32099,0.14129 
32100,0.15592 
32101,0.18378 
32102,0.21372 
32103,0.24437 
32104,0.25050 
32105,0.23168 
32106,0.20710 
32107,0.19594 
32108,0.20716 
32109,0.26343 
32110,0.34975 
32111,0.41827 
32112,0.42393 
32113,0.36890 
32114,0.32061 
32115,0.28080 
32116,0.27309 
32117,0.29730 
32118,0.32938 
32119,0.37266 
32120,0.34678 
32121,0.25581 
32122,0.16181 
32123,0.15929 
32124,0.14430 
32125,0.13586 
32126,0.15283 
32127,0.18676 
32128,0.15221 
32129,0.06975 
32130,0.01816 
32131,0.00186 
32132,0.00248 
32133,0.00307 
32134,0.00427 
32135,0.00604 
32136,0.01446 
32137,0.02278 
32138,0.02556 
32139,0.02280 
32140,0.02008 
32141,0.01728 
32142,0.00969 
32143,0.00420 
32144,0.00157 
32145,0.00000 
32146,0.00000 
32147,0.00000 
32148,0.00000 
32149,0.00000 
32150,0.00000 
32151,0.00000 
32152,0.00000 
32153,0.00000 
32154,0.00000 
32155,0.00000 
32156,0.00000 
32157,0.00000 
32158,0.00000 
32159,0.00120 
32160,0.00263 
32161,0.00410 
32162,0.00561 
32163,0.00712 
32164,0.01356 
32165,0.02075 
32166,0.02158 
32167,0.01590 
32168,0.00997 
32169,0.00702 
32170,0.00700 
32171,0.00847 
32172,0.01374 
32173,0.01917 
32174,0.01934 
32175,0.01404 
32176,0.00870 
32177,0.00727 
32178,0.00766 
32179,0.01446 
32180,0.02343 
32181,0.03216 
32182,0.03626 
32183,0.03562 
32184,0.03500 
32185,0.03441 
32186,0.03288 
32187,0.03041 
32188,0.02795 
32189,0.02542 
32190,0.04304 
32191,0.08414 
32192,0.13366 
32193,0.18535 
32194,0.23890 
32195,0.30027 
32196,0.35187 
32197,0.39072 
32198,0.43963 
32199,0.50229 
32200,0.52716 
32201,0.50790 
32202,0.51250 
32203,0.54792 
32204,0.53370 
32205,0.47192 
32206,0.38892 
32207,0.34023 
32208,0.34686 
32209,0.37891 
32210,0.41369 
32211,0.45250 
32212,0.44289 
32213,0.38822 
32214,0.33304 
32215,0.27792 
32216,0.23723 
32217,0.21128 
32218,0.19968 
32219,0.19063 
32220,0.17756 
32221,0.16040 
32222,0.12676 
32223,0.08302 
32224,0.05117 
32225,0.03408 
32226,0.02642 
32227,0.02566 
32228,0.02396 
32229,0.02149 
32230,0.01772 
32231,0.01267 
32232,0.00771 
32233,0.00529 
32234,0.00545 
32235,0.01043 
32236,0.01706 
32237,0.02372 
32238,0.02718 
32239,0.02733 
32240,0.02756 
32241,0.02771 
32242,0.02543 
32243,0.02061 
32244,0.01576 
32245,0.01089 
32246,0.00999 
32247,0.01308 
32248,0.01627 
32249,0.01953 
32250,0.02590 
32251,0.03552 
32252,0.04937 
32253,0.06471 
32254,0.08505 
32255,0.11791 
32256,0.15366 
32257,0.20978 
32258,0.24387 
32259,0.24469 
32260,0.24551 
32261,0.24633 
32262,0.24349 
32263,0.23686 
32264,0.23092 
32265,0.22399 
32266,0.20266 
32267,0.17242 
32268,0.15242 
32269,0.13164 
32270,0.11917 
32271,0.11379 
32272,0.10881 
32273,0.10415 
32274,0.10018 
32275,0.09622 
32276,0.09225 
32277,0.08828 
32278,0.07907 
32279,0.06453 
32280,0.05051 
32281,0.03936 
32282,0.03907 
32283,0.04922 
32284,0.06196 
32285,0.07427 
32286,0.09121 
32287,0.12163 
32288,0.14020 
32289,0.13401 
32290,0.12327 
32291,0.11454 
32292,0.11698 
32293,0.12568 
32294,0.12581 
32295,0.12477 
32296,0.13344 
32297,0.19427 
32298,0.29838 
32299,0.39681 
32300,0.40744 
32301,0.33072 
32302,0.24636 
32303,0.20227 
32304,0.20009 
32305,0.22551 
32306,0.26414 
32307,0.28710 
32308,0.29656 
32309,0.29279 
32310,0.29445 
32311,0.30264 
32312,0.29831 
32313,0.28374 
32314,0.26692 
32315,0.24803 
32316,0.23916 
32317,0.23789 
32318,0.24138 
32319,0.24619 
32320,0.20960 
32321,0.14247 
32322,0.09152 
32323,0.05415 
32324,0.02546 
32325,0.00720 
32326,0.00000 
32327,0.00000 
32328,0.00000 
32329,0.00000 
32330,0.00000 
32331,0.00000 
32332,0.00000 
32333,0.00000 
32334,0.00000 
32335,0.00000 
32336,0.00000 
32337,0.00000 
32338,0.00000 
32339,0.00000 
32340,0.00000 
32341,0.00000 
32342,0.00000 
32343,0.00000 
32344,0.00000 
32345,0.00000 
32346,0.00000 
32347,0.00000 
32348,0.00000 
32349,0.00015 
32350,0.00015 
32351,0.00000 
32352,0.00000 
32353,0.00000 
32354,0.00000 
32355,0.00000 
32356,0.00000 
32357,0.00182 
32358,0.00184 
32359,0.00000 
32360,0.00000 
32361,0.00000 
32362,0.00000 
32363,0.00000 
32364,0.00000 
32365,0.00000 
32366,0.00000 
32367,0.00000 
32368,0.00000 
32369,0.00000 
32370,0.00000 
32371,0.00000 
32372,0.00000 
32373,0.00000 
32374,0.00000 
32375,0.00000 
32376,0.00000 
32377,0.00005 
32378,0.00081 
32379,0.00030 
32380,0.00000 
32381,0.00000 
32382,0.01248 
32383,0.04013 
32384,0.06986 
32385,0.10118 
32386,0.15196 
32387,0.22855 
32388,0.27810 
32389,0.29355 
32390,0.32885 
32391,0.38504 
32392,0.39626 
32393,0.35759 
32394,0.32595 
32395,0.30216 
32396,0.28385 
32397,0.27482 
32398,0.25341 
32399,0.22216 
32400,0.22089 
32401,0.24946 
32402,0.27748 
32403,0.30575 
32404,0.30658 
32405,0.28071 
32406,0.26834 
32407,0.26927 
32408,0.24460 
32409,0.19509 
32410,0.14106 
32411,0.10500 
32412,0.09197 
32413,0.07690 
32414,0.06008 
32415,0.04321 
32416,0.03285 
32417,0.02889 
32418,0.02342 
32419,0.01637 
32420,0.00956 
32421,0.00305 
32422,0.00000 
32423,0.00000 
32424,0.00000 
32425,0.00000 
32426,0.00000 
32427,0.00000 
32428,0.00000 
32429,0.00000 
32430,0.00000 
32431,0.00000 
32432,0.00114 
32433,0.00256 
32434,0.00257 
32435,0.00116 
32436,0.00000 
32437,0.00000 
32438,0.00000 
32439,0.00000 
32440,0.00066 
32441,0.00190 
32442,0.00233 
32443,0.00193 
32444,0.00152 
32445,0.00110 
32446,0.00069 
32447,0.00027 
32448,0.00000 
32449,0.00000 
32450,0.00017 
32451,0.00230 
32452,0.00445 
32453,0.00661 
32454,0.01443 
32455,0.02386 
32456,0.03351 
32457,0.04364 
32458,0.06073 
32459,0.07996 
32460,0.09912 
32461,0.12550 
32462,0.12601 
32463,0.10035 
32464,0.08132 
32465,0.06227 
32466,0.04702 
32467,0.03886 
32468,0.03161 
32469,0.02420 
32470,0.02793 
32471,0.04233 
32472,0.06371 
32473,0.08588 
32474,0.10411 
32475,0.12073 
32476,0.13751 
32477,0.15355 
32478,0.18944 
32479,0.26834 
32480,0.31933 
32481,0.31667 
32482,0.32876 
32483,0.37241 
32484,0.45722 
32485,0.58963 
32486,0.69860 
32487,0.77806 
32488,0.76732 
32489,0.65015 
32490,0.53923 
32491,0.42895 
32492,0.36595 
32493,0.35171 
32494,0.33234 
32495,0.29768 
32496,0.25408 
32497,0.19788 
32498,0.15297 
32499,0.12430 
32500,0.11826 
32501,0.12749 
32502,0.13548 
32503,0.14197 
32504,0.13405 
32505,0.11106 
32506,0.09450 
32507,0.08485 
32508,0.07983 
32509,0.07971 
32510,0.06928 
32511,0.04990 
32512,0.03691 
32513,0.03020 
32514,0.02802 
32515,0.02962 
32516,0.02321 
32517,0.00959 
32518,0.00400 
32519,0.00266 
32520,0.00131 
32521,0.00000 
32522,0.00014 
32523,0.00192 
32524,0.00370 
32525,0.00550 
32526,0.01054 
32527,0.01544 
32528,0.02041 
32529,0.02548 
32530,0.02809 
32531,0.02810 
32532,0.02811 
32533,0.02812 
32534,0.02475 
32535,0.01795 
32536,0.01103 
32537,0.00582 
32538,0.00459 
32539,0.00355 
32540,0.00251 
32541,0.00145 
32542,0.00136 
32543,0.00228 
32544,0.00325 
32545,0.00425 
32546,0.00456 
32547,0.00410 
32548,0.00365 
32549,0.00318 
32550,0.00382 
32551,0.00558 
32552,0.00738 
32553,0.01561 
32554,0.02604 
32555,0.03840 
32556,0.05464 
32557,0.07430 
32558,0.08811 
32559,0.09588 
32560,0.10401 
32561,0.11504 
32562,0.12702 
32563,0.14033 
32564,0.15421 
32565,0.16759 
32566,0.18030 
32567,0.20029 
32568,0.22251 
32569,0.24442 
32570,0.23111 
32571,0.18329 
32572,0.15333 
32573,0.12708 
32574,0.14431 
32575,0.21883 
32576,0.27225 
32577,0.28852 
32578,0.32693 
32579,0.40392 
32580,0.46018 
32581,0.51212 
32582,0.48987 
32583,0.42559 
32584,0.37971 
32585,0.35269 
32586,0.33068 
32587,0.31325 
32588,0.29028 
32589,0.26384 
32590,0.24513 
32591,0.23390 
32592,0.22127 
32593,0.20730 
32594,0.19928 
32595,0.19550 
32596,0.18598 
32597,0.16990 
32598,0.16348 
32599,0.16775 
32600,0.18143 
32601,0.20176 
32602,0.21000 
32603,0.20638 
32604,0.19837 
32605,0.18588 
32606,0.19613 
32607,0.22158 
32608,0.20067 
32609,0.14195 
32610,0.11687 
32611,0.12104 
32612,0.13064 
32613,0.14380 
32614,0.16034 
32615,0.15014 
32616,0.13989 
32617,0.13258 
32618,0.12738 
32619,0.12176 
32620,0.11644 
32621,0.11105 
32622,0.10052 
32623,0.08498 
32624,0.07200 
32625,0.06045 
32626,0.04533 
32627,0.03013 
32628,0.01836 
32629,0.00650 
32630,0.00483 
32631,0.00444 
32632,0.00403 
32633,0.00362 
32634,0.00269 
32635,0.00122 
32636,0.00000 
32637,0.00000 
32638,0.00000 
32639,0.00000 
32640,0.00000 
32641,0.00000 
32642,0.00000 
32643,0.00000 
32644,0.00000 
32645,0.00000 
32646,0.00000 
32647,0.00000 
32648,0.00000 
32649,0.00000 
32650,0.00000 
32651,0.00000 
32652,0.00000 
32653,0.00000 
32654,0.00000 
32655,0.00000 
32656,0.00000 
32657,0.00000 
32658,0.00000 
32659,0.00202 
32660,0.00542 
32661,0.01259 
32662,0.02064 
32663,0.02050 
32664,0.02029 
32665,0.02015 
32666,0.01880 
32667,0.01634 
32668,0.01384 
32669,0.01141 
32670,0.03309 
32671,0.08879 
32672,0.12463 
32673,0.12598 
32674,0.11137 
32675,0.09297 
32676,0.12324 
32677,0.18691 
32678,0.25645 
32679,0.33837 
32680,0.42649 
32681,0.51756 
32682,0.58778 
32683,0.64104 
32684,0.59261 
32685,0.43838 
32686,0.30921 
32687,0.29356 
32688,0.29694 
32689,0.31256 
32690,0.33685 
32691,0.37446 
32692,0.40999 
32693,0.44152 
32694,0.46566 
32695,0.48229 
32696,0.48524 
32697,0.47204 
32698,0.46535 
32699,0.46321 
32700,0.41595 
32701,0.32240 
32702,0.24922 
32703,0.19690 
32704,0.16455 
32705,0.14731 
32706,0.12885 
32707,0.10946 
32708,0.09729 
32709,0.09159 
32710,0.08132 
32711,0.06889 
32712,0.05765 
32713,0.04628 
32714,0.03352 
32715,0.02417 
32716,0.01477 
32717,0.00582 
32718,0.00394 
32719,0.00216 
32720,0.00035 
32721,0.00000 
32722,0.00000 
32723,0.00000 
32724,0.00066 
32725,0.00191 
32726,0.00213 
32727,0.00130 
32728,0.00046 
32729,0.00000 
32730,0.00000 
32731,0.00047 
32732,0.00134 
32733,0.00220 
32734,0.00223 
32735,0.00138 
32736,0.00050 
32737,0.00000 
32738,0.00000 
32739,0.00123 
32740,0.00267 
32741,0.00413 
32742,0.00442 
32743,0.00348 
32744,0.00253 
32745,0.00155 
32746,0.00056 
32747,0.00000 
32748,0.00000 
32749,0.00000 
32750,0.00000 
32751,0.00000 
32752,0.00084 
32753,0.00242 
32754,0.00228 
32755,0.00044 
32756,0.00000 
32757,0.00000 
32758,0.00000 
32759,0.00000 
32760,0.00000 
32761,0.00000 
32762,0.00000 
32763,0.00000 
32764,0.00000 
32765,0.00000 
32766,0.01659 
32767,0.05693 
32768,0.10447 
32769,0.15859 
32770,0.18965 
32771,0.19197 
32772,0.19376 
32773,0.19501 
32774,0.17214 
32775,0.15547 
32776,0.15814 
32777,0.23836 
32778,0.38025 
32779,0.49153 
32780,0.53282 
32781,0.49963 
32782,0.49186 
32783,0.51079 
32784,0.49053 
32785,0.43415 
32786,0.37607 
32787,0.31797 
32788,0.30237 
32789,0.32960 
32790,0.34249 
32791,0.34073 
32792,0.35249 
32793,0.37359 
32794,0.39459 
32795,0.41028 
32796,0.39407 
32797,0.35377 
32798,0.33183 
32799,0.32352 
32800,0.25704 
32801,0.15398 
32802,0.06180 
32803,0.01925 
32804,0.01248 
32805,0.00382 
32806,0.00000 
32807,0.00000 
32808,0.00000 
32809,0.00000 
32810,0.00000 
32811,0.00000 
32812,0.00000 
32813,0.00000 
32814,0.00000 
32815,0.00000 
32816,0.00000 
32817,0.00000 
32818,0.00000 
32819,0.00000 
32820,0.00000 
32821,0.00000 
32822,0.00000 
32823,0.00000 
32824,0.00000 
32825,0.00000 
32826,0.00000 
32827,0.00000 
32828,0.00000 
32829,0.00000 
32830,0.00000 
32831,0.00000 
32832,0.00000 
32833,0.00000 
32834,0.00000 
32835,0.00000 
32836,0.00000 
32837,0.00000 
32838,0.00000 
32839,0.00000 
32840,0.00000 
32841,0.00000 
32842,0.00000 
32843,0.00000 
32844,0.00000 
32845,0.00000 
32846,0.00000 
32847,0.00000 
32848,0.00000 
32849,0.00000 
32850,0.00000 
32851,0.00000 
32852,0.00000 
32853,0.00000 
32854,0.00000 
32855,0.00000 
32856,0.00000 
32857,0.00000 
32858,0.00000 
32859,0.00000 
32860,0.00000 
32861,0.00000 
32862,0.02989 
32863,0.10820 
32864,0.20768 
32865,0.32474 
32866,0.37007 
32867,0.32073 
32868,0.32215 
32869,0.37884 
32870,0.41525 
32871,0.42972 
32872,0.45427 
32873,0.49255 
32874,0.53870 
32875,0.59525 
32876,0.60080 
32877,0.55283 
32878,0.50345 
32879,0.45415 
32880,0.44222 
32881,0.46742 
32882,0.48666 
32883,0.50197 
32884,0.50034 
32885,0.48362 
32886,0.47808 
32887,0.48166 
32888,0.45770 
32889,0.40999 
32890,0.36168 
32891,0.31491 
32892,0.29177 
32893,0.28467 
32894,0.29542 
32895,0.31800 
32896,0.23873 
32897,0.09194 
32898,0.02712 
32899,0.01706 
32900,0.00900 
32901,0.00284 
32902,0.00000 
32903,0.00000 
32904,0.00000 
32905,0.00000 
32906,0.00000 
32907,0.00000 
32908,0.00000 
32909,0.00000 
32910,0.00000 
32911,0.00000 
32912,0.00000 
32913,0.00044 
32914,0.00115 
32915,0.00177 
32916,0.00239 
32917,0.00302 
32918,0.00304 
32919,0.00245 
32920,0.00184 
32921,0.00121 
32922,0.00133 
32923,0.00221 
32924,0.00309 
32925,0.00399 
32926,0.00505 
32927,0.00635 
32928,0.01022 
32929,0.01629 
32930,0.01304 
32931,0.00587 
32932,0.00315 
32933,0.00042 
32934,0.00000 
32935,0.00056 
32936,0.00158 
32937,0.00263 
32938,0.00265 
32939,0.00163 
32940,0.00058 
32941,0.00000 
32942,0.00000 
32943,0.00100 
32944,0.00235 
32945,0.00371 
32946,0.00426 
32947,0.00397 
32948,0.00370 
32949,0.00342 
32950,0.00368 
32951,0.00447 
32952,0.00525 
32953,0.00603 
32954,0.00572 
32955,0.00436 
32956,0.00302 
32957,0.00172 
32958,0.01028 
32959,0.03048 
32960,0.05168 
32961,0.07335 
32962,0.10206 
32963,0.14072 
32964,0.17424 
32965,0.19951 
32966,0.23459 
32967,0.28311 
32968,0.30297 
32969,0.28945 
32970,0.26864 
32971,0.24123 
32972,0.24413 
32973,0.27586 
32974,0.29801 
32975,0.31087 
32976,0.33523 
32977,0.37124 
32978,0.42170 
32979,0.48734 
32980,0.47680 
32981,0.39379 
32982,0.31236 
32983,0.23358 
32984,0.23085 
32985,0.29555 
32986,0.35435 
32987,0.40616 
32988,0.37921 
32989,0.28929 
32990,0.22879 
32991,0.19366 
32992,0.13672 
32993,0.06468 
32994,0.02547 
32995,0.00833 
32996,0.00000 
32997,0.00014 
32998,0.00132 
32999,0.00233 
33000,0.00334 
33001,0.00437 
33002,0.00539 
33003,0.00781 
33004,0.01265 
33005,0.01754 
33006,0.01765 
33007,0.01289 
33008,0.00804 
33009,0.00562 
33010,0.00481 
33011,0.00419 
33012,0.00357 
33013,0.00293 
33014,0.00294 
33015,0.00361 
33016,0.00427 
33017,0.00495 
33018,0.00453 
33019,0.00302 
33020,0.00149 
33021,0.00000 
33022,0.00000 
33023,0.00086 
33024,0.00207 
33025,0.00335 
33026,0.00389 
33027,0.00366 
33028,0.00341 
33029,0.00318 
33030,0.00333 
33031,0.00387 
33032,0.00442 
33033,0.00499 
33034,0.00425 
33035,0.00217 
33036,0.00006 
33037,0.00000 
33038,0.00000 
33039,0.00000 
33040,0.00000 
33041,0.00000 
33042,0.00000 
33043,0.00000 
33044,0.00000 
33045,0.00000 
33046,0.00000 
33047,0.00000 
33048,0.00000 
33049,0.00000 
33050,0.00000 
33051,0.00000 
33052,0.00000 
33053,0.00000 
33054,0.00821 
33055,0.02673 
33056,0.04538 
33057,0.06404 
33058,0.10334 
33059,0.16986 
33060,0.23447 
33061,0.29261 
33062,0.33186 
33063,0.34966 
33064,0.37332 
33065,0.40661 
33066,0.43646 
33067,0.46208 
33068,0.48745 
33069,0.51280 
33070,0.55168 
33071,0.60529 
33072,0.59076 
33073,0.50884 
33074,0.43453 
33075,0.36853 
33076,0.31832 
33077,0.27922 
33078,0.24245 
33079,0.20776 
33080,0.19926 
33081,0.21440 
33082,0.22910 
33083,0.23667 
33084,0.20419 
33085,0.13486 
33086,0.08718 
33087,0.05754 
33088,0.04548 
33089,0.05034 
33090,0.06472 
33091,0.08502 
33092,0.08456 
33093,0.07044 
33094,0.06076 
33095,0.05045 
33096,0.04002 
33097,0.03172 
33098,0.02992 
33099,0.03301 
33100,0.03612 
33101,0.04076 
33102,0.04100 
33103,0.03656 
33104,0.03383 
33105,0.03095 
33106,0.02949 
33107,0.02959 
33108,0.02968 
33109,0.02977 
33110,0.03258 
33111,0.03794 
33112,0.04624 
33113,0.05480 
33114,0.06412 
33115,0.07456 
33116,0.08514 
33117,0.09804 
33118,0.10401 
33119,0.10129 
33120,0.09879 
33121,0.09650 
33122,0.09380 
33123,0.09010 
33124,0.08669 
33125,0.08297 
33126,0.09011 
33127,0.11128 
33128,0.13610 
33129,0.16204 
33130,0.17191 
33131,0.16506 
33132,0.15870 
33133,0.15161 
33134,0.15218 
33135,0.16049 
33136,0.16880 
33137,0.17710 
33138,0.17642 
33139,0.16813 
33140,0.15985 
33141,0.15156 
33142,0.13533 
33143,0.11253 
33144,0.09371 
33145,0.07738 
33146,0.06227 
33147,0.04833 
33148,0.03809 
33149,0.02940 
33150,0.03706 
33151,0.06228 
33152,0.08771 
33153,0.11489 
33154,0.20028 
33155,0.35666 
33156,0.44729 
33157,0.46249 
33158,0.51040 
33159,0.59168 
33160,0.63494 
33161,0.64645 
33162,0.63129 
33163,0.59846 
33164,0.57387 
33165,0.55328 
33166,0.55248 
33167,0.56822 
33168,0.54273 
33169,0.47698 
33170,0.39994 
33171,0.31345 
33172,0.30519 
33173,0.37195 
33174,0.43872 
33175,0.50823 
33176,0.51374 
33177,0.45925 
33178,0.43216 
33179,0.42915 
33180,0.43475 
33181,0.45271 
33182,0.46333 
33183,0.46997 
33184,0.43497 
33185,0.37578 
33186,0.33774 
33187,0.30603 
33188,0.27728 
33189,0.25212 
33190,0.23683 
33191,0.22671 
33192,0.21714 
33193,0.20744 
33194,0.19890 
33195,0.19216 
33196,0.18591 
33197,0.17905 
33198,0.19725 
33199,0.24043 
33200,0.29452 
33201,0.35592 
33202,0.37190 
33203,0.34050 
33204,0.30887 
33205,0.27701 
33206,0.27169 
33207,0.29482 
33208,0.31812 
33209,0.34159 
33210,0.38318 
33211,0.44225 
33212,0.51378 
33213,0.58652 
33214,0.62945 
33215,0.64430 
33216,0.65764 
33217,0.67383 
33218,0.71036 
33219,0.76487 
33220,0.81923 
33221,0.87407 
33222,0.91836 
33223,0.95875 
33224,0.99795 
33225,1.03363 
33226,1.14349 
33227,1.31700 
33228,1.47129 
33229,1.58990 
33230,1.60450 
33231,1.54774 
33232,1.46818 
33233,1.36309 
33234,1.22782 
33235,1.06922 
33236,0.89700 
33237,0.71707 
33238,0.65182 
33239,0.70616 
33240,0.75980 
33241,0.81130 
33242,0.76651 
33243,0.62293 
33244,0.48909 
33245,0.37134 
33246,0.28069 
33247,0.21106 
33248,0.17169 
33249,0.14020 
33250,0.18142 
33251,0.29472 
33252,0.39602 
33253,0.48542 
33254,0.53688 
33255,0.54237 
33256,0.57702 
33257,0.64542 
33258,0.70037 
33259,0.74383 
33260,0.75619 
33261,0.73445 
33262,0.72396 
33263,0.72072 
33264,0.69922 
33265,0.66014 
33266,0.62829 
33267,0.60431 
33268,0.57822 
33269,0.54876 
33270,0.50685 
33271,0.45224 
33272,0.40393 
33273,0.36732 
33274,0.32997 
33275,0.29129 
33276,0.27419 
33277,0.27402 
33278,0.27431 
33279,0.27534 
33280,0.23592 
33281,0.16680 
33282,0.11510 
33283,0.07697 
33284,0.03914 
33285,0.01110 
33286,0.00126 
33287,0.00208 
33288,0.00290 
33289,0.00373 
33290,0.00499 
33291,0.00846 
33292,0.01646 
33293,0.02449 
33294,0.02614 
33295,0.02126 
33296,0.01632 
33297,0.01131 
33298,0.00674 
33299,0.00565 
33300,0.00481 
33301,0.00396 
33302,0.00506 
33303,0.01418 
33304,0.02890 
33305,0.04675 
33306,0.06761 
33307,0.08599 
33308,0.11093 
33309,0.13638 
33310,0.16176 
33311,0.19979 
33312,0.23962 
33313,0.28140 
33314,0.29218 
33315,0.27127 
33316,0.24919 
33317,0.22695 
33318,0.22855 
33319,0.25452 
33320,0.28104 
33321,0.30816 
33322,0.32252 
33323,0.32370 
33324,0.32488 
33325,0.32607 
33326,0.33850 
33327,0.36868 
33328,0.39779 
33329,0.42876 
33330,0.45667 
33331,0.48271 
33332,0.51050 
33333,0.53623 
33334,0.50805 
33335,0.42910 
33336,0.35134 
33337,0.28959 
33338,0.27789 
33339,0.31021 
33340,0.35023 
33341,0.39373 
33342,0.42996 
33343,0.45558 
33344,0.48284 
33345,0.51000 
33346,0.58342 
33347,0.72137 
33348,0.82658 
33349,0.88602 
33350,0.97010 
33351,1.08242 
33352,1.18968 
33353,1.30124 
33354,1.37000 
33355,1.39655 
33356,1.38963 
33357,1.34763 
33358,1.32036 
33359,1.30804 
33360,1.26882 
33361,1.20736 
33362,1.13545 
33363,1.09702 
33364,1.08667 
33365,1.07662 
33366,1.03719 
33367,0.96105 
33368,0.87941 
33369,0.78982 
33370,0.72007 
33371,0.68278 
33372,0.63463 
33373,0.58566 
33374,0.55362 
33375,0.53686 
33376,0.51446 
33377,0.48538 
33378,0.42770 
33379,0.34416 
33380,0.26410 
33381,0.20462 
33382,0.17041 
33383,0.16004 
33384,0.14910 
33385,0.14173 
33386,0.13898 
33387,0.13941 
33388,0.13942 
33389,0.13986 
33390,0.15819 
33391,0.20619 
33392,0.25478 
33393,0.31868 
33394,0.36430 
33395,0.38787 
33396,0.41159 
33397,0.43685 
33398,0.45744 
33399,0.47267 
33400,0.48801 
33401,0.50505 
33402,0.45125 
33403,0.34876 
33404,0.25507 
33405,0.18117 
33406,0.17039 
33407,0.22517 
33408,0.28221 
33409,0.35704 
33410,0.36213 
33411,0.29438 
33412,0.24234 
33413,0.18847 
33414,0.16044 
33415,0.14390 
33416,0.12698 
33417,0.10966 
33418,0.09620 
33419,0.08499 
33420,0.07361 
33421,0.06204 
33422,0.05009 
33423,0.04123 
33424,0.03341 
33425,0.02558 
33426,0.01448 
33427,0.00645 
33428,0.00343 
33429,0.00046 
33430,0.00000 
33431,0.00097 
33432,0.00224 
33433,0.00348 
33434,0.00407 
33435,0.00407 
33436,0.00407 
33437,0.00406 
33438,0.01735 
33439,0.04984 
33440,0.07435 
33441,0.08344 
33442,0.09011 
33443,0.09744 
33444,0.10617 
33445,0.11680 
33446,0.12346 
33447,0.12828 
33448,0.14313 
33449,0.18004 
33450,0.22246 
33451,0.25779 
33452,0.28054 
33453,0.29360 
33454,0.30884 
33455,0.32999 
33456,0.31591 
33457,0.26906 
33458,0.23285 
33459,0.20821 
33460,0.19297 
33461,0.18548 
33462,0.16562 
33463,0.14271 
33464,0.13608 
33465,0.18131 
33466,0.27005 
33467,0.35695 
33468,0.31733 
33469,0.16705 
33470,0.08306 
33471,0.05510 
33472,0.03850 
33473,0.03307 
33474,0.02316 
33475,0.00923 
33476,0.00194 
33477,0.00060 
33478,0.00000 
33479,0.00000 
33480,0.00000 
33481,0.00000 
33482,0.00000 
33483,0.00000 
33484,0.00000 
33485,0.00000 
33486,0.00000 
33487,0.00000 
33488,0.00000 
33489,0.00000 
33490,0.00000 
33491,0.00000 
33492,0.00000 
33493,0.00000 
33494,0.00000 
33495,0.00000 
33496,0.00000 
33497,0.00000 
33498,0.00000 
33499,0.00000 
33500,0.00073 
33501,0.00210 
33502,0.00236 
33503,0.00146 
33504,0.00053 
33505,0.00000 
33506,0.00000 
33507,0.00000 
33508,0.00000 
33509,0.00000 
33510,0.00000 
33511,0.00097 
33512,0.00231 
33513,0.00369 
33514,0.00346 
33515,0.00157 
33516,0.00000 
33517,0.00000 
33518,0.00000 
33519,0.00000 
33520,0.00000 
33521,0.00000 
33522,0.00000 
33523,0.00000 
33524,0.00000 
33525,0.00000 
33526,0.00000 
33527,0.00000 
33528,0.00000 
33529,0.00000 
33530,0.00000 
33531,0.00000 
33532,0.00000 
33533,0.00000 
33534,0.01135 
33535,0.03749 
33536,0.06900 
33537,0.10316 
33538,0.13173 
33539,0.15404 
33540,0.19128 
33541,0.24338 
33542,0.28777 
33543,0.32380 
33544,0.36060 
33545,0.39844 
33546,0.44940 
33547,0.51377 
33548,0.53018 
33549,0.49557 
33550,0.48063 
33551,0.48922 
33552,0.45491 
33553,0.37993 
33554,0.27997 
33555,0.22474 
33556,0.22475 
33557,0.22709 
33558,0.25416 
33559,0.28929 
33560,0.26122 
33561,0.17141 
33562,0.10687 
33563,0.06478 
33564,0.04770 
33565,0.05536 
33566,0.06078 
33567,0.06378 
33568,0.06483 
33569,0.06461 
33570,0.06668 
33571,0.06833 
33572,0.07246 
33573,0.07886 
33574,0.08506 
33575,0.09259 
33576,0.10025 
33577,0.10777 
33578,0.11447 
33579,0.12079 
33580,0.12711 
33581,0.13343 
33582,0.13388 
33583,0.12879 
33584,0.12323 
33585,0.11796 
33586,0.12415 
33587,0.14196 
33588,0.16804 
33589,0.20029 
33590,0.21755 
33591,0.21969 
33592,0.22188 
33593,0.22338 
33594,0.24837 
33595,0.30116 
33596,0.36760 
33597,0.43641 
33598,0.43648 
33599,0.36613 
33600,0.29695 
33601,0.24381 
33602,0.20324 
33603,0.17684 
33604,0.16260 
33605,0.14759 
33606,0.15143 
33607,0.17398 
33608,0.20691 
33609,0.24779 
33610,0.27809 
33611,0.29660 
33612,0.31432 
33613,0.33368 
33614,0.30557 
33615,0.22820 
33616,0.17196 
33617,0.12947 
33618,0.10482 
33619,0.09605 
33620,0.08769 
33621,0.07900 
33622,0.07455 
33623,0.07372 
33624,0.07319 
33625,0.07267 
33626,0.06987 
33627,0.06563 
33628,0.06118 
33629,0.05679 
33630,0.07187 
33631,0.11824 
33632,0.14829 
33633,0.14396 
33634,0.14651 
33635,0.16209 
33636,0.16844 
33637,0.16228 
33638,0.15221 
33639,0.14008 
33640,0.15372 
33641,0.19264 
33642,0.26640 
33643,0.37713 
33644,0.40199 
33645,0.34511 
33646,0.26931 
33647,0.19156 
33648,0.16302 
33649,0.17944 
33650,0.24688 
33651,0.36330 
33652,0.38643 
33653,0.31919 
33654,0.25950 
33655,0.22770 
33656,0.20681 
33657,0.27185 
33658,0.39239 
33659,0.47692 
33660,0.48446 
33661,0.42574 
33662,0.39213 
33663,0.38103 
33664,0.33615 
33665,0.27554 
33666,0.24207 
33667,0.24432 
33668,0.26669 
33669,0.30488 
33670,0.32354 
33671,0.30340 
33672,0.28314 
33673,0.26274 
33674,0.25483 
33675,0.25564 
33676,0.25723 
33677,0.25806 
33678,0.24995 
33679,0.23265 
33680,0.21502 
33681,0.19643 
33682,0.15947 
33683,0.12583 
33684,0.09489 
33685,0.07006 
33686,0.06205 
33687,0.06910 
33688,0.07600 
33689,0.08322 
33690,0.08350 
33691,0.07728 
33692,0.07075 
33693,0.06438 
33694,0.07541 
33695,0.10905 
33696,0.15009 
33697,0.20920 
33698,0.25451 
33699,0.26906 
33700,0.28271 
33701,0.29742 
33702,0.32337 
33703,0.36579 
33704,0.40914 
33705,0.45514 
33706,0.47862 
33707,0.48219 
33708,0.48582 
33709,0.48950 
33710,0.52576 
33711,0.60813 
33712,0.69428 
33713,0.77805 
33714,0.79784 
33715,0.74728 
33716,0.69403 
33717,0.64369 
33718,0.61610 
33719,0.61133 
33720,0.60433 
33721,0.59973 
33722,0.57103 
33723,0.51902 
33724,0.47576 
33725,0.43312 
33726,0.39508 
33727,0.38864 
33728,0.42093 
33729,0.47332 
33730,0.48869 
33731,0.43251 
33732,0.42566 
33733,0.47365 
33734,0.52392 
33735,0.57791 
33736,0.55962 
33737,0.46027 
33738,0.37918 
33739,0.31735 
33740,0.27895 
33741,0.27033 
33742,0.23855 
33743,0.23569 
33744,0.25026 
33745,0.29853 
33746,0.32091 
33747,0.33007 
33748,0.32434 
33749,0.30631 
33750,0.30411 
33751,0.31505 
33752,0.32147 
33753,0.32142 
33754,0.33401 
33755,0.35761 
33756,0.32615 
33757,0.24936 
33758,0.16782 
33759,0.11889 
33760,0.10455 
33761,0.09090 
33762,0.07886 
33763,0.06410 
33764,0.04327 
33765,0.02336 
33766,0.01669 
33767,0.01959 
33768,0.02245 
33769,0.02541 
33770,0.02596 
33771,0.02416 
33772,0.02229 
33773,0.02047 
33774,0.02489 
33775,0.03621 
33776,0.05308 
33777,0.07037 
33778,0.08579 
33779,0.10115 
33780,0.11636 
33781,0.13168 
33782,0.12574 
33783,0.09832 
33784,0.07416 
33785,0.05389 
33786,0.03630 
33787,0.02627 
33788,0.01611 
33789,0.00639 
33790,0.00524 
33791,0.00511 
33792,0.00498 
33793,0.00483 
33794,0.00371 
33795,0.00158 
33796,0.00000 
33797,0.00000 
33798,0.00000 
33799,0.00000 
33800,0.00000 
33801,0.00000 
33802,0.00000 
33803,0.00000 
33804,0.00000 
33805,0.00000 
33806,0.00000 
33807,0.00000 
33808,0.00000 
33809,0.00000 
33810,0.00000 
33811,0.00058 
33812,0.00163 
33813,0.00268 
33814,0.00292 
33815,0.00238 
33816,0.00185 
33817,0.00133 
33818,0.00170 
33819,0.00294 
33820,0.00417 
33821,0.00537 
33822,0.02469 
33823,0.07420 
33824,0.11011 
33825,0.11797 
33826,0.12716 
33827,0.13899 
33828,0.16348 
33829,0.20530 
33830,0.25364 
33831,0.30980 
33832,0.33294 
33833,0.32105 
33834,0.31199 
33835,0.30814 
33836,0.29727 
33837,0.27600 
33838,0.24328 
33839,0.19913 
33840,0.21270 
33841,0.28340 
33842,0.34473 
33843,0.39644 
33844,0.42024 
33845,0.41664 
33846,0.43254 
33847,0.46431 
33848,0.44829 
33849,0.38578 
33850,0.33201 
33851,0.28607 
33852,0.25062 
33853,0.22178 
33854,0.19306 
33855,0.16728 
33856,0.14898 
33857,0.13730 
33858,0.14017 
33859,0.15146 
33860,0.15054 
33861,0.14545 
33862,0.15415 
33863,0.14478 
33864,0.13566 
33865,0.12931 
33866,0.16013 
33867,0.23813 
33868,0.34606 
33869,0.47000 
33870,0.57178 
33871,0.64016 
33872,0.70979 
33873,0.77880 
33874,0.79711 
33875,0.76767 
33876,0.73476 
33877,0.70160 
33878,0.68816 
33879,0.69264 
33880,0.69719 
33881,0.70178 
33882,0.70640 
33883,0.71105 
33884,0.71575 
33885,0.72051 
33886,0.73849 
33887,0.76597 
33888,0.79453 
33889,0.82695 
33890,0.84941 
33891,0.86357 
33892,0.88069 
33893,0.89491 
33894,0.85635 
33895,0.76297 
33896,0.66436 
33897,0.55759 
33898,0.51379 
33899,0.53318 
33900,0.55285 
33901,0.57491 
33902,0.60107 
33903,0.63543 
33904,0.67008 
33905,0.70502 
33906,0.66769 
33907,0.55306 
33908,0.45490 
33909,0.36061 
33910,0.30376 
33911,0.27819 
33912,0.25297 
33913,0.22809 
33914,0.18738 
33915,0.14985 
33916,0.11878 
33917,0.09013 
33918,0.09838 
33919,0.15280 
33920,0.22490 
33921,0.31260 
33922,0.36075 
33923,0.35922 
33924,0.37147 
33925,0.39022 
33926,0.40813 
33927,0.42813 
33928,0.44240 
33929,0.45086 
33930,0.45778 
33931,0.46601 
33932,0.46917 
33933,0.46722 
33934,0.46178 
33935,0.45551 
33936,0.45336 
33937,0.45656 
33938,0.45987 
33939,0.46092 
33940,0.46169 
33941,0.46186 
33942,0.46676 
33943,0.47245 
33944,0.46417 
33945,0.44212 
33946,0.42899 
33947,0.42126 
33948,0.38012 
33949,0.30923 
33950,0.24789 
33951,0.19853 
33952,0.15765 
33953,0.12254 
33954,0.09245 
33955,0.06702 
33956,0.03725 
33957,0.01058 
33958,0.00013 
33959,0.00000 
33960,0.00000 
33961,0.00000 
33962,0.00000 
33963,0.00000 
33964,0.00023 
33965,0.00214 
33966,0.00330 
33967,0.00371 
33968,0.00412 
33969,0.00454 
33970,0.00477 
33971,0.00480 
33972,0.00483 
33973,0.00485 
33974,0.00386 
33975,0.00186 
33976,0.00000 
33977,0.00000 
33978,0.00000 
33979,0.00000 
33980,0.00000 
33981,0.00000 
33982,0.00000 
33983,0.00000 
33984,0.00000 
33985,0.00000 
33986,0.00000 
33987,0.00000 
33988,0.00000 
33989,0.00000 
33990,0.00000 
33991,0.00000 
33992,0.00000 
33993,0.00000 
33994,0.00000 
33995,0.00000 
33996,0.00000 
33997,0.00000 
33998,0.00000 
33999,0.00000 
34000,0.00000 
34001,0.00000 
34002,0.00000 
34003,0.00000 
34004,0.00000 
34005,0.00000 
34006,0.00000 
34007,0.00000 
34008,0.00000 
34009,0.00000 
34010,0.00000 
34011,0.00000 
34012,0.00000 
34013,0.00000 
34014,0.00882 
34015,0.02835 
34016,0.04556 
34017,0.05802 
34018,0.06704 
34019,0.07381 
34020,0.08228 
34021,0.09277 
34022,0.10062 
34023,0.10545 
34024,0.11709 
34025,0.15121 
34026,0.19060 
34027,0.21684 
34028,0.24776 
34029,0.28430 
34030,0.32214 
34031,0.36121 
34032,0.38592 
34033,0.39812 
34034,0.42182 
34035,0.45735 
34036,0.45853 
34037,0.42651 
34038,0.39950 
34039,0.37492 
34040,0.36749 
34041,0.37420 
34042,0.38753 
34043,0.40697 
34044,0.36830 
34045,0.28239 
34046,0.20736 
34047,0.14433 
34048,0.11282 
34049,0.10360 
34050,0.09318 
34051,0.08122 
34052,0.04997 
34053,0.01386 
34054,0.00014 
34055,0.00189 
34056,0.00365 
34057,0.00544 
34058,0.00806 
34059,0.00808 
34060,0.00812 
34061,0.00815 
34062,0.00595 
34063,0.00499 
34064,0.00402 
34065,0.00301 
34066,0.00138 
34067,0.00000 
34068,0.00000 
34069,0.00000 
34070,0.00000 
34071,0.00000 
34072,0.00000 
34073,0.00000 
34074,0.00000 
34075,0.00000 
34076,0.00000 
34077,0.00000 
34078,0.00000 
34079,0.00000 
34080,0.00000 
34081,0.00000 
34082,0.00182 
34083,0.00349 
34084,0.00519 
34085,0.00691 
34086,0.01458 
34087,0.02417 
34088,0.03404 
34089,0.04461 
34090,0.04700 
34091,0.03895 
34092,0.03189 
34093,0.02458 
34094,0.02593 
34095,0.03600 
34096,0.04618 
34097,0.06180 
34098,0.05668 
34099,0.03604 
34100,0.01978 
34101,0.00681 
34102,0.00573 
34103,0.00684 
34104,0.01050 
34105,0.01601 
34106,0.01753 
34107,0.01522 
34108,0.01293 
34109,0.01066 
34110,0.01856 
34111,0.04056 
34112,0.06695 
34113,0.09621 
34114,0.11714 
34115,0.12710 
34116,0.16238 
34117,0.23074 
34118,0.32102 
34119,0.43532 
34120,0.45444 
34121,0.37518 
34122,0.30188 
34123,0.23697 
34124,0.19426 
34125,0.18080 
34126,0.15151 
34127,0.12343 
34128,0.12096 
34129,0.13399 
34130,0.15354 
34131,0.17999 
34132,0.19523 
34133,0.19832 
34134,0.18864 
34135,0.16528 
34136,0.14203 
34137,0.12393 
34138,0.10551 
34139,0.08910 
34140,0.07955 
34141,0.07054 
34142,0.06399 
34143,0.06003 
34144,0.05185 
34145,0.03947 
34146,0.02048 
34147,0.00837 
34148,0.00868 
34149,0.00859 
34150,0.00551 
34151,0.00368 
34152,0.00189 
34153,0.00014 
34154,0.00000 
34155,0.00042 
34156,0.00120 
34157,0.00197 
34158,0.00247 
34159,0.00268 
34160,0.00289 
34161,0.00311 
34162,0.00292 
34163,0.00234 
34164,0.00175 
34165,0.00115 
34166,0.00106 
34167,0.00147 
34168,0.00189 
34169,0.00233 
34170,0.00276 
34171,0.00321 
34172,0.00366 
34173,0.00413 
34174,0.00474 
34175,0.00550 
34176,0.00631 
34177,0.00787 
34178,0.00702 
34179,0.00586 
34180,0.00471 
34181,0.00353 
34182,0.00393 
34183,0.00598 
34184,0.01026 
34185,0.02013 
34186,0.02845 
34187,0.03489 
34188,0.04143 
34189,0.04943 
34190,0.06053 
34191,0.07244 
34192,0.08436 
34193,0.09667 
34194,0.08348 
34195,0.04574 
34196,0.02150 
34197,0.00571 
34198,0.00317 
34199,0.00311 
34200,0.00305 
34201,0.00300 
34202,0.00212 
34203,0.00041 
34204,0.00000 
34205,0.00000 
34206,0.01405 
34207,0.04909 
34208,0.09157 
34209,0.14117 
34210,0.21202 
34211,0.31083 
34212,0.36285 
34213,0.35263 
34214,0.35050 
34215,0.36260 
34216,0.37218 
34217,0.37688 
34218,0.38779 
34219,0.41456 
34220,0.40871 
34221,0.36788 
34222,0.29601 
34223,0.24031 
34224,0.24350 
34225,0.33727 
34226,0.49680 
34227,0.63629 
34228,0.64673 
34229,0.53107 
34230,0.43710 
34231,0.36214 
34232,0.30954 
34233,0.27604 
34234,0.22560 
34235,0.18797 
34236,0.17414 
34237,0.16256 
34238,0.15367 
34239,0.14461 
34240,0.13995 
34241,0.13739 
34242,0.13233 
34243,0.12262 
34244,0.09995 
34245,0.07480 
34246,0.06473 
34247,0.06405 
34248,0.06338 
34249,0.06273 
34250,0.05399 
34251,0.03689 
34252,0.02458 
34253,0.01353 
34254,0.00523 
34255,0.00309 
34256,0.00093 
34257,0.00000 
34258,0.00000 
34259,0.00000 
34260,0.00000 
34261,0.00000 
34262,0.00000 
34263,0.00000 
34264,0.00000 
34265,0.00000 
34266,0.00000 
34267,0.00000 
34268,0.00000 
34269,0.00005 
34270,0.00071 
34271,0.00028 
34272,0.00000 
34273,0.00000 
34274,0.00000 
34275,0.00054 
34276,0.00152 
34277,0.00252 
34278,0.00254 
34279,0.00157 
34280,0.00056 
34281,0.00000 
34282,0.00000 
34283,0.00000 
34284,0.00000 
34285,0.00000 
34286,0.00000 
34287,0.00000 
34288,0.00000 
34289,0.00000 
34290,0.00000 
34291,0.00000 
34292,0.00000 
34293,0.00000 
34294,0.00000 
34295,0.00000 
34296,0.00000 
34297,0.00000 
34298,0.00000 
34299,0.00000 
34300,0.00000 
34301,0.00000 
34302,0.01025 
34303,0.03379 
34304,0.06043 
34305,0.08938 
34306,0.13047 
34307,0.18319 
34308,0.23562 
34309,0.28926 
34310,0.35988 
34311,0.44776 
34312,0.49166 
34313,0.48725 
34314,0.49852 
34315,0.52696 
34316,0.52741 
34317,0.49519 
34318,0.47467 
34319,0.46643 
34320,0.43313 
34321,0.37507 
34322,0.30903 
34323,0.23505 
34324,0.21901 
34325,0.26121 
34326,0.29089 
34327,0.30692 
34328,0.31005 
34329,0.30098 
34330,0.29585 
34331,0.29356 
34332,0.27682 
34333,0.24650 
34334,0.23690 
34335,0.24206 
34336,0.18113 
34337,0.07540 
34338,0.02592 
34339,0.01502 
34340,0.00735 
34341,0.00290 
34342,0.00004 
34343,0.00000 
34344,0.00000 
34345,0.00000 
34346,0.00000 
34347,0.00000 
34348,0.00000 
34349,0.00000 
34350,0.00000 
34351,0.00000 
34352,0.00000 
34353,0.00000 
34354,0.00000 
34355,0.00000 
34356,0.00000 
34357,0.00000 
34358,0.00000 
34359,0.00000 
34360,0.00000 
34361,0.00167 
34362,0.00201 
34363,0.00070 
34364,0.00000 
34365,0.00000 
34366,0.00000 
34367,0.00000 
34368,0.00000 
34369,0.00000 
34370,0.00000 
34371,0.00054 
34372,0.00352 
34373,0.00651 
34374,0.01621 
34375,0.02835 
34376,0.04080 
34377,0.05861 
34378,0.06096 
34379,0.04603 
34380,0.03600 
34381,0.02621 
34382,0.03347 
34383,0.06449 
34384,0.10304 
34385,0.15395 
34386,0.17114 
34387,0.15122 
34388,0.13194 
34389,0.11265 
34390,0.11593 
34391,0.14226 
34392,0.16821 
34393,0.20090 
34394,0.22823 
34395,0.23614 
34396,0.24394 
34397,0.25164 
34398,0.20783 
34399,0.14367 
34400,0.09480 
34401,0.05367 
34402,0.03242 
34403,0.07245 
34404,0.06538 
34405,0.05842 
34406,0.07036 
34407,0.10020 
34408,0.12055 
34409,0.13165 
34410,0.14343 
34411,0.15607 
34412,0.16760 
34413,0.17851 
34414,0.25102 
34415,0.38419 
34416,0.40759 
34417,0.32255 
34418,0.26981 
34419,0.24974 
34420,0.21706 
34421,0.17350 
34422,0.14147 
34423,0.11983 
34424,0.11492 
34425,0.12841 
34426,0.14110 
34427,0.15294 
34428,0.14175 
34429,0.10707 
34430,0.07413 
34431,0.04369 
34432,0.02841 
34433,0.02739 
34434,0.02588 
34435,0.02379 
34436,0.01894 
34437,0.01150 
34438,0.01457 
34439,0.02783 
34440,0.04516 
34441,0.06601 
34442,0.06640 
34443,0.04570 
34444,0.02841 
34445,0.01501 
34446,0.00734 
34447,0.00599 
34448,0.00561 
34449,0.00524 
34450,0.00456 
34451,0.00352 
34452,0.00247 
34453,0.00143 
34454,0.00122 
34455,0.00187 
34456,0.00252 
34457,0.00318 
34458,0.00320 
34459,0.00256 
34460,0.00192 
34461,0.00126 
34462,0.00016 
34463,0.00000 
34464,0.00000 
34465,0.00000 
34466,0.00000 
34467,0.00000 
34468,0.00000 
34469,0.00000 
34470,0.00000 
34471,0.00000 
34472,0.00000 
34473,0.00000 
34474,0.00000 
34475,0.00000 
34476,0.00000 
34477,0.00000 
34478,0.00000 
34479,0.00000 
34480,0.00000 
34481,0.00000 
34482,0.00000 
34483,0.00000 
34484,0.00000 
34485,0.00000 
34486,0.00000 
34487,0.00000 
34488,0.00000 
34489,0.00000 
34490,0.00000 
34491,0.00000 
34492,0.00000 
34493,0.00000 
34494,0.01946 
34495,0.07011 
34496,0.13448 
34497,0.21294 
34498,0.28187 
34499,0.33804 
34500,0.38498 
34501,0.41453 
34502,0.45231 
34503,0.50027 
34504,0.52957 
34505,0.53517 
34506,0.54473 
34507,0.56370 
34508,0.58614 
34509,0.61236 
34510,0.62393 
34511,0.62254 
34512,0.60473 
34513,0.57689 
34514,0.55870 
34515,0.55206 
34516,0.53299 
34517,0.50074 
34518,0.46824 
34519,0.43337 
34520,0.41703 
34521,0.41488 
34522,0.40802 
34523,0.39653 
34524,0.37115 
34525,0.33660 
34526,0.31128 
34527,0.29247 
34528,0.24470 
34529,0.17703 
34530,0.12828 
34531,0.09544 
34532,0.05625 
34533,0.01767 
34534,0.00429 
34535,0.00979 
34536,0.02101 
34537,0.03238 
34538,0.03342 
34539,0.02417 
34540,0.01477 
34541,0.00582 
34542,0.00536 
34543,0.00778 
34544,0.01270 
34545,0.01767 
34546,0.01969 
34547,0.01882 
34548,0.01790 
34549,0.01696 
34550,0.01951 
34551,0.02566 
34552,0.03188 
34553,0.03886 
34554,0.04388 
34555,0.04416 
34556,0.04458 
34557,0.04487 
34558,0.04311 
34559,0.03907 
34560,0.03665 
34561,0.03422 
34562,0.03469 
34563,0.03816 
34564,0.04177 
34565,0.04730 
34566,0.06496 
34567,0.09514 
34568,0.13589 
34569,0.17921 
34570,0.18584 
34571,0.14774 
34572,0.11226 
34573,0.08323 
34574,0.08582 
34575,0.12204 
34576,0.16573 
34577,0.22780 
34578,0.24739 
34579,0.20834 
34580,0.17666 
34581,0.15507 
34582,0.13836 
34583,0.12668 
34584,0.11475 
34585,0.10344 
34586,0.08488 
34587,0.05785 
34588,0.03561 
34589,0.01857 
34590,0.01808 
34591,0.04266 
34592,0.06129 
34593,0.06810 
34594,0.07032 
34595,0.07311 
34596,0.08494 
34597,0.12046 
34598,0.16921 
34599,0.21252 
34600,0.24225 
34601,0.26321 
34602,0.29533 
34603,0.33742 
34604,0.34049 
34605,0.30277 
34606,0.27204 
34607,0.24916 
34608,0.22287 
34609,0.19383 
34610,0.15618 
34611,0.16215 
34612,0.16104 
34613,0.17493 
34614,0.20367 
34615,0.24754 
34616,0.24297 
34617,0.19151 
34618,0.14330 
34619,0.11443 
34620,0.10407 
34621,0.09685 
34622,0.09347 
34623,0.09520 
34624,0.09960 
34625,0.10157 
34626,0.09011 
34627,0.08018 
34628,0.08415 
34629,0.08717 
34630,0.08284 
34631,0.07260 
34632,0.06434 
34633,0.05584 
34634,0.05324 
34635,0.05646 
34636,0.05956 
34637,0.06284 
34638,0.05430 
34639,0.03413 
34640,0.02082 
34641,0.00737 
34642,0.00495 
34643,0.00498 
34644,0.00500 
34645,0.00503 
34646,0.00483 
34647,0.00443 
34648,0.00402 
34649,0.00360 
34650,0.00436 
34651,0.00630 
34652,0.01538 
34653,0.02472 
34654,0.03344 
34655,0.04350 
34656,0.05640 
34657,0.06990 
34658,0.07372 
34659,0.06663 
34660,0.05974 
34661,0.05280 
34662,0.04418 
34663,0.03674 
34664,0.03007 
34665,0.02334 
34666,0.02830 
34667,0.04639 
34668,0.07330 
34669,0.10059 
34670,0.10849 
34671,0.09171 
34672,0.07630 
34673,0.06090 
34674,0.06090 
34675,0.07631 
34676,0.09173 
34677,0.10892 
34678,0.12558 
34679,0.13771 
34680,0.14966 
34681,0.16088 
34682,0.15976 
34683,0.14604 
34684,0.13251 
34685,0.11917 
34686,0.10476 
34687,0.09126 
34688,0.08099 
34689,0.07007 
34690,0.07061 
34691,0.08209 
34692,0.09355 
34693,0.10495 
34694,0.11496 
34695,0.12415 
34696,0.12523 
34697,0.11843 
34698,0.11939 
34699,0.12948 
34700,0.14278 
34701,0.15917 
34702,0.16233 
34703,0.15177 
34704,0.14318 
34705,0.13651 
34706,0.12432 
34707,0.11366 
34708,0.09451 
34709,0.07152 
34710,0.05297 
34711,0.03925 
34712,0.03352 
34713,0.02990 
34714,0.02704 
34715,0.02334 
34716,0.02189 
34717,0.02258 
34718,0.02352 
34719,0.02456 
34720,0.02251 
34721,0.01732 
34722,0.01304 
34723,0.00972 
34724,0.00598 
34725,0.00191 
34726,0.00000 
34727,0.00000 
34728,0.00000 
34729,0.00000 
34730,0.00000 
34731,0.00000 
34732,0.00000 
34733,0.00000 
34734,0.00000 
34735,0.00000 
34736,0.00000 
34737,0.00000 
34738,0.00000 
34739,0.00000 
34740,0.00046 
34741,0.00296 
34742,0.00484 
34743,0.00611 
34744,0.01162 
34745,0.01775 
34746,0.02337 
34747,0.02859 
34748,0.03388 
34749,0.04033 
34750,0.04976 
34751,0.06081 
34752,0.07212 
34753,0.08387 
34754,0.09052 
34755,0.09112 
34756,0.09173 
34757,0.09234 
34758,0.08967 
34759,0.08329 
34760,0.07705 
34761,0.07063 
34762,0.07803 
34763,0.09997 
34764,0.12905 
34765,0.15925 
34766,0.17450 
34767,0.17449 
34768,0.17382 
34769,0.17317 
34770,0.14876 
34771,0.10084 
34772,0.06609 
34773,0.03596 
34774,0.02595 
34775,0.02796 
34776,0.02990 
34777,0.03169 
34778,0.03261 
34779,0.03249 
34780,0.03238 
34781,0.03216 
34782,0.03826 
34783,0.05105 
34784,0.06408 
34785,0.07931 
34786,0.09092 
34787,0.09858 
34788,0.11622 
34789,0.14419 
34790,0.16813 
34791,0.18859 
34792,0.19289 
34793,0.18130 
34794,0.17858 
34795,0.18450 
34796,0.18659 
34797,0.18608 
34798,0.19718 
34799,0.22428 
34800,0.24056 
34801,0.24808 
34802,0.24638 
34803,0.22122 
34804,0.21997 
34805,0.24241 
34806,0.28226 
34807,0.33976 
34808,0.38172 
34809,0.41862 
34810,0.45128 
34811,0.48196 
34812,0.51021 
34813,0.54547 
34814,0.55293 
34815,0.53200 
34816,0.50979 
34817,0.48467 
34818,0.47395 
34819,0.47582 
34820,0.47168 
34821,0.46668 
34822,0.47375 
34823,0.49454 
34824,0.51500 
34825,0.53361 
34826,0.50192 
34827,0.41718 
34828,0.34304 
34829,0.27286 
34830,0.25355 
34831,0.28541 
34832,0.31855 
34833,0.35126 
34834,0.35233 
34835,0.32239 
34836,0.29312 
34837,0.26272 
34838,0.22979 
34839,0.19014 
34840,0.14977 
34841,0.12572 
34842,0.11468 
34843,0.11575 
34844,0.11648 
34845,0.11722 
34846,0.09868 
34847,0.06737 
34848,0.03873 
34849,0.01952 
34850,0.01759 
34851,0.03364 
34852,0.05467 
34853,0.08052 
34854,0.08837 
34855,0.07857 
34856,0.06824 
34857,0.05789 
34858,0.04993 
34859,0.04476 
34860,0.04135 
34861,0.03803 
34862,0.03818 
34863,0.04200 
34864,0.04582 
34865,0.05170 
34866,0.07026 
34867,0.10110 
34868,0.14185 
34869,0.18439 
34870,0.18175 
34871,0.13637 
34872,0.09515 
34873,0.06453 
34874,0.04684 
34875,0.04138 
34876,0.03769 
34877,0.03416 
34878,0.03891 
34879,0.05254 
34880,0.06948 
34881,0.08657 
34882,0.09176 
34883,0.08574 
34884,0.07785 
34885,0.06404 
34886,0.04824 
34887,0.03093 
34888,0.04461 
34889,0.08902 
34890,0.13758 
34891,0.19052 
34892,0.22064 
34893,0.23032 
34894,0.24511 
34895,0.26299 
34896,0.25396 
34897,0.21839 
34898,0.18494 
34899,0.16273 
34900,0.15561 
34901,0.15544 
34902,0.15693 
34903,0.15901 
34904,0.15237 
34905,0.13686 
34906,0.12212 
34907,0.10772 
34908,0.09129 
34909,0.07218 
34910,0.05479 
34911,0.03954 
34912,0.03165 
34913,0.03066 
34914,0.02367 
34915,0.01803 
34916,0.01881 
34917,0.01963 
34918,0.01941 
34919,0.01824 
34920,0.01704 
34921,0.01588 
34922,0.01580 
34923,0.01677 
34924,0.01775 
34925,0.01874 
34926,0.02536 
34927,0.03981 
34928,0.05925 
34929,0.07916 
34930,0.09065 
34931,0.08684 
34932,0.08324 
34933,0.07963 
34934,0.08193 
34935,0.09135 
34936,0.10070 
34937,0.11055 
34938,0.10943 
34939,0.09701 
34940,0.08499 
34941,0.07579 
34942,0.06214 
34943,0.04329 
34944,0.02959 
34945,0.01662 
34946,0.01107 
34947,0.01339 
34948,0.01576 
34949,0.01809 
34950,0.02115 
34951,0.02493 
34952,0.02879 
34953,0.03286 
34954,0.04182 
34955,0.06191 
34956,0.08376 
34957,0.10668 
34958,0.11157 
34959,0.09435 
34960,0.07882 
34961,0.06316 
34962,0.06119 
34963,0.07321 
34964,0.08524 
34965,0.09727 
34966,0.09893 
34967,0.08997 
34968,0.08150 
34969,0.07314 
34970,0.05912 
34971,0.04116 
34972,0.02860 
34973,0.01630 
34974,0.02805 
34975,0.06680 
34976,0.10520 
34977,0.13760 
34978,0.13697 
34979,0.10836 
34980,0.11107 
34981,0.14274 
34982,0.23363 
34983,0.39357 
34984,0.42287 
34985,0.31114 
34986,0.22984 
34987,0.18589 
34988,0.16891 
34989,0.17881 
34990,0.18909 
34991,0.19283 
34992,0.20257 
34993,0.21932 
34994,0.25497 
34995,0.30947 
34996,0.28053 
34997,0.16960 
34998,0.09670 
34999,0.05852 
35000,0.05117 
35001,0.07553 
35002,0.10034 
35003,0.12378 
35004,0.13232 
35005,0.12634 
35006,0.13935 
35007,0.17105 
35008,0.16556 
35009,0.13055 
35010,0.10355 
35011,0.07882 
35012,0.05986 
35013,0.04608 
35014,0.03740 
35015,0.03325 
35016,0.03067 
35017,0.02806 
35018,0.02908 
35019,0.03387 
35020,0.04140 
35021,0.04892 
35022,0.04402 
35023,0.02942 
35024,0.01804 
35025,0.00644 
35026,0.00469 
35027,0.00409 
35028,0.00348 
35029,0.00287 
35030,0.00120 
35031,0.00000 
35032,0.00000 
35033,0.00000 
35034,0.00000 
35035,0.00000 
35036,0.00000 
35037,0.00000 
35038,0.00000 
35039,0.00000 
35040,0.00000 
35041,0.00000 
