1,0.00000 
2,0.00000 
3,0.00000 
4,0.00000 
5,0.00365 
6,0.00559 
7,0.00311 
8,0.00053 
9,0.00000 
10,0.00000 
11,0.00000 
12,0.00000 
13,0.00000 
14,0.00000 
15,0.00000 
16,0.00000 
17,0.00000 
18,0.00010 
19,0.00010 
20,0.00009 
21,0.00009 
22,0.00076 
23,0.00205 
24,0.00329 
25,0.00450 
26,0.00403 
27,0.00194 
28,0.00000 
29,0.00000 
30,0.00323 
31,0.01183 
32,0.02211 
33,0.03242 
34,0.04452 
35,0.05841 
36,0.05874 
37,0.04633 
38,0.03880 
39,0.04693 
40,0.07547 
41,0.12254 
42,0.14021 
43,0.12521 
44,0.11095 
45,0.10174 
46,0.10376 
47,0.11422 
48,0.10616 
49,0.08033 
50,0.05640 
51,0.04968 
52,0.05736 
53,0.06995 
54,0.08186 
55,0.08729 
56,0.09580 
57,0.10707 
58,0.11137 
59,0.10821 
60,0.09549 
61,0.07699 
62,0.07345 
63,0.09513 
64,0.12351 
65,0.16133 
66,0.16771 
67,0.13807 
68,0.11187 
69,0.08314 
70,0.07112 
71,0.07494 
72,0.07884 
73,0.08244 
74,0.07611 
75,0.05967 
76,0.04749 
77,0.03689 
78,0.03161 
79,0.03177 
80,0.03193 
81,0.03209 
82,0.03391 
83,0.03733 
84,0.04071 
85,0.04423 
86,0.03902 
87,0.02469 
88,0.01034 
89,0.00730 
90,0.00471 
91,0.00260 
92,0.00044 
93,0.00000 
94,0.00000 
95,0.00000 
96,0.00000 
97,0.00000 
98,0.00000 
99,0.00000 
100,0.00000 
101,0.00000 
102,0.00000 
103,0.00505 
104,0.01077 
105,0.02968 
106,0.05538 
107,0.08067 
108,0.11872 
109,0.15705 
110,0.17022 
111,0.15710 
112,0.14440 
113,0.13103 
114,0.13678 
115,0.16073 
116,0.18520 
117,0.21863 
118,0.21791 
119,0.18274 
120,0.15702 
121,0.13184 
122,0.12553 
123,0.13752 
124,0.14928 
125,0.16082 
126,0.14646 
127,0.10753 
128,0.08299 
129,0.06416 
130,0.05946 
131,0.05117 
132,0.05269 
133,0.06232 
134,0.06733 
135,0.06828 
136,0.06703 
137,0.06367 
138,0.06012 
139,0.05654 
140,0.06260 
141,0.07791 
142,0.08782 
143,0.09375 
144,0.09739 
145,0.09419 
146,0.09693 
147,0.10550 
148,0.11747 
149,0.12267 
150,0.12913 
151,0.13668 
152,0.13162 
153,0.11631 
154,0.07936 
155,0.04738 
156,0.03525 
157,0.03033 
158,0.04008 
159,0.05688 
160,0.06374 
161,0.06092 
162,0.05202 
163,0.03737 
164,0.02593 
165,0.01711 
166,0.01561 
167,0.02041 
168,0.02522 
169,0.03016 
170,0.02475 
171,0.00975 
172,0.00645 
173,0.00310 
174,0.00058 
175,0.00000 
176,0.00000 
177,0.00000 
178,0.00000 
179,0.00000 
180,0.00000 
181,0.00000 
182,0.00000 
183,0.00000 
184,0.00000 
185,0.00000 
186,0.00000 
187,0.00000 
188,0.00000 
189,0.00000 
190,0.00000 
191,0.00000 
192,0.00000 
193,0.00000 
194,0.00000 
195,0.00000 
196,0.00000 
197,0.00000 
198,0.00000 
199,0.00000 
200,0.00000 
201,0.00000 
202,0.00000 
203,0.00000 
204,0.00000 
205,0.00000 
206,0.00000 
207,0.00000 
208,0.00000 
209,0.00000 
210,0.00000 
211,0.00000 
212,0.00000 
213,0.00000 
214,0.00000 
215,0.00000 
216,0.00000 
217,0.00000 
218,0.00000 
219,0.00000 
220,0.00000 
221,0.00000 
222,0.00166 
223,0.00516 
224,0.00864 
225,0.01211 
226,0.02278 
227,0.04032 
228,0.04451 
229,0.03645 
230,0.02695 
231,0.01617 
232,0.02463 
233,0.05211 
234,0.07964 
235,0.10705 
236,0.11368 
237,0.10027 
238,0.09365 
239,0.09080 
240,0.08798 
241,0.08474 
242,0.08466 
243,0.08766 
244,0.08277 
245,0.06973 
246,0.05436 
247,0.03661 
248,0.03170 
249,0.03980 
250,0.04704 
251,0.05438 
252,0.05278 
253,0.04146 
254,0.03173 
255,0.02364 
256,0.01853 
257,0.01640 
258,0.01583 
259,0.01682 
260,0.02052 
261,0.03609 
262,0.05686 
263,0.09564 
264,0.13719 
265,0.19123 
266,0.21622 
267,0.21060 
268,0.20492 
269,0.19918 
270,0.17839 
271,0.14130 
272,0.11250 
273,0.08512 
274,0.07137 
275,0.07175 
276,0.07214 
277,0.07234 
278,0.07801 
279,0.08881 
280,0.09993 
281,0.11088 
282,0.11419 
283,0.10974 
284,0.10522 
285,0.10033 
286,0.09956 
287,0.10250 
288,0.10563 
289,0.10895 
290,0.10798 
291,0.10217 
292,0.09632 
293,0.09041 
294,0.08763 
295,0.08859 
296,0.08957 
297,0.09057 
298,0.09822 
299,0.11276 
300,0.12719 
301,0.14234 
302,0.15900 
303,0.17705 
304,0.19842 
305,0.22314 
306,0.25916 
307,0.30719 
308,0.37705 
309,0.46403 
310,0.45001 
311,0.33585 
312,0.26740 
313,0.20510 
314,0.15347 
315,0.10827 
316,0.06900 
317,0.04068 
318,0.05802 
319,0.14703 
320,0.26830 
321,0.41927 
322,0.52715 
323,0.57004 
324,0.59351 
325,0.58616 
326,0.57129 
327,0.54828 
328,0.53639 
329,0.53517 
330,0.51510 
331,0.47345 
332,0.48512 
333,0.55694 
334,0.61261 
335,0.65437 
336,0.68431 
337,0.70130 
338,0.73067 
339,0.76995 
340,0.78505 
341,0.77451 
342,0.77280 
343,0.77488 
344,0.74816 
345,0.69079 
346,0.63660 
347,0.58618 
348,0.55569 
349,0.53951 
350,0.52445 
351,0.50918 
352,0.44578 
353,0.34633 
354,0.28143 
355,0.24012 
356,0.14536 
357,0.03653 
358,0.00000 
359,0.00000 
360,0.00159 
361,0.00329 
362,0.00416 
363,0.00417 
364,0.00419 
365,0.00420 
366,0.00510 
367,0.00690 
368,0.00872 
369,0.01057 
370,0.01010 
371,0.00728 
372,0.00442 
373,0.00153 
374,0.00117 
375,0.00338 
376,0.00561 
377,0.00785 
378,0.00865 
379,0.00797 
380,0.00729 
381,0.00659 
382,0.00612 
383,0.00589 
384,0.00566 
385,0.00540 
386,0.00852 
387,0.02299 
388,0.05432 
389,0.09160 
390,0.12831 
391,0.15280 
392,0.17781 
393,0.21201 
394,0.21349 
395,0.18281 
396,0.15983 
397,0.13703 
398,0.11292 
399,0.08863 
400,0.07062 
401,0.05473 
402,0.06291 
403,0.10140 
404,0.15104 
405,0.20526 
406,0.22146 
407,0.18637 
408,0.16012 
409,0.13490 
410,0.13399 
411,0.15637 
412,0.17833 
413,0.20837 
414,0.19860 
415,0.16016 
416,0.12742 
417,0.09727 
418,0.11811 
419,0.17642 
420,0.18637 
421,0.15133 
422,0.12586 
423,0.10916 
424,0.11171 
425,0.13308 
426,0.14889 
427,0.15895 
428,0.17202 
429,0.18887 
430,0.20888 
431,0.23207 
432,0.25214 
433,0.26908 
434,0.35800 
435,0.51748 
436,0.52383 
437,0.38148 
438,0.25939 
439,0.19635 
440,0.17779 
441,0.16456 
442,0.14438 
443,0.11235 
444,0.10215 
445,0.11244 
446,0.12605 
447,0.14320 
448,0.13143 
449,0.09268 
450,0.06029 
451,0.04046 
452,0.03618 
453,0.04333 
454,0.05448 
455,0.07517 
456,0.09871 
457,0.12238 
458,0.13483 
459,0.13560 
460,0.13638 
461,0.13716 
462,0.11924 
463,0.08275 
464,0.05173 
465,0.02756 
466,0.02594 
467,0.04732 
468,0.07131 
469,0.10476 
470,0.12186 
471,0.12225 
472,0.12299 
473,0.12339 
474,0.11845 
475,0.10772 
476,0.09686 
477,0.08586 
478,0.08422 
479,0.09205 
480,0.10023 
481,0.10877 
482,0.13410 
483,0.17910 
484,0.23775 
485,0.29723 
486,0.35968 
487,0.38950 
488,0.42159 
489,0.45483 
490,0.45984 
491,0.43869 
492,0.41706 
493,0.39351 
494,0.37275 
495,0.35504 
496,0.33761 
497,0.32673 
498,0.31592 
499,0.30409 
500,0.29242 
501,0.28090 
502,0.26766 
503,0.25305 
504,0.23902 
505,0.22552 
506,0.22345 
507,0.23094 
508,0.23910 
509,0.24722 
510,0.25264 
511,0.25617 
512,0.26000 
513,0.26399 
514,0.26864 
515,0.27558 
516,0.28621 
517,0.30121 
518,0.31912 
519,0.33789 
520,0.31701 
521,0.26648 
522,0.23312 
523,0.27107 
524,0.28725 
525,0.32937 
526,0.38406 
527,0.45329 
528,0.51896 
529,0.57465 
530,0.65809 
531,0.77186 
532,0.79695 
533,0.73174 
534,0.67481 
535,0.64592 
536,0.67388 
537,0.75395 
538,0.80065 
539,0.81725 
540,0.85158 
541,0.90363 
542,0.91979 
543,0.89979 
544,0.76394 
545,0.55047 
546,0.38128 
547,0.23647 
548,0.14205 
549,0.07354 
550,0.03708 
551,0.01505 
552,0.00678 
553,0.00229 
554,0.00024 
555,0.00058 
556,0.00092 
557,0.00126 
558,0.00041 
559,0.00000 
560,0.00000 
561,0.00000 
562,0.00000 
563,0.00000 
564,0.00000 
565,0.00000 
566,0.00000 
567,0.00000 
568,0.00000 
569,0.00000 
570,0.00000 
571,0.00000 
572,0.00000 
573,0.00000 
574,0.00000 
575,0.00000 
576,0.00000 
577,0.00000 
578,0.00000 
579,0.00000 
580,0.00000 
581,0.00000 
582,0.00000 
583,0.00000 
584,0.00000 
585,0.00000 
586,0.00000 
587,0.00000 
588,0.00000 
589,0.00000 
590,0.00000 
591,0.00000 
592,0.00000 
593,0.00000 
594,0.00000 
595,0.00000 
596,0.00000 
597,0.00000 
598,0.00000 
599,0.00000 
600,0.00000 
601,0.00000 
602,0.00000 
603,0.00000 
604,0.00000 
605,0.00000 
606,0.00891 
607,0.02764 
608,0.04669 
609,0.06582 
610,0.07951 
611,0.08785 
612,0.11269 
613,0.15358 
614,0.21565 
615,0.30109 
616,0.37391 
617,0.43568 
618,0.47481 
619,0.48878 
620,0.48287 
621,0.45486 
622,0.43757 
623,0.43023 
624,0.39985 
625,0.34523 
626,0.27164 
627,0.20988 
628,0.20698 
629,0.25721 
630,0.32547 
631,0.38781 
632,0.38865 
633,0.32899 
634,0.26637 
635,0.22213 
636,0.20513 
637,0.25356 
638,0.35667 
639,0.44564 
640,0.37013 
641,0.17222 
642,0.07003 
643,0.03708 
644,0.01559 
645,0.00491 
646,0.00000 
647,0.00000 
648,0.00000 
649,0.00000 
650,0.00000 
651,0.00000 
652,0.00000 
653,0.00073 
654,0.00224 
655,0.00395 
656,0.00567 
657,0.00742 
658,0.00783 
659,0.00683 
660,0.00582 
661,0.00482 
662,0.00486 
663,0.00599 
664,0.00714 
665,0.00832 
666,0.00860 
667,0.00793 
668,0.00724 
669,0.00657 
670,0.00628 
671,0.00645 
672,0.00663 
673,0.00680 
674,0.00627 
675,0.00501 
676,0.00375 
677,0.00247 
678,0.00227 
679,0.00318 
680,0.00411 
681,0.00506 
682,0.00580 
683,0.00632 
684,0.00685 
685,0.00737 
686,0.00601 
687,0.00271 
688,0.00000 
689,0.00000 
690,0.00000 
691,0.00000 
692,0.00000 
693,0.00000 
694,0.00000 
695,0.00000 
696,0.00000 
697,0.00000 
698,0.00000 
699,0.00000 
700,0.00000 
701,0.00000 
702,0.00446 
703,0.01381 
704,0.02315 
705,0.03238 
706,0.04413 
707,0.05815 
708,0.07646 
709,0.09912 
710,0.12774 
711,0.16262 
712,0.16568 
713,0.13843 
714,0.11941 
715,0.10809 
716,0.09912 
717,0.09450 
718,0.08570 
719,0.07245 
720,0.07351 
721,0.08850 
722,0.10636 
723,0.12180 
724,0.15053 
725,0.19890 
726,0.26066 
727,0.33369 
728,0.37092 
729,0.36226 
730,0.32501 
731,0.25905 
732,0.21003 
733,0.18686 
734,0.15586 
735,0.12726 
736,0.09352 
737,0.06352 
738,0.04559 
739,0.03591 
740,0.04448 
741,0.05718 
742,0.07035 
743,0.07585 
744,0.08144 
745,0.08712 
746,0.08379 
747,0.07153 
748,0.05906 
749,0.05102 
750,0.04387 
751,0.03758 
752,0.03117 
753,0.02466 
754,0.02316 
755,0.02666 
756,0.03025 
757,0.03380 
758,0.04962 
759,0.08582 
760,0.13001 
761,0.18479 
762,0.21659 
763,0.21787 
764,0.21978 
765,0.22173 
766,0.24137 
767,0.28220 
768,0.35006 
769,0.42177 
770,0.42084 
771,0.34261 
772,0.28056 
773,0.23789 
774,0.23078 
775,0.25991 
776,0.28966 
777,0.32599 
778,0.35443 
779,0.35827 
780,0.36097 
781,0.36495 
782,0.35050 
783,0.32382 
784,0.30697 
785,0.28884 
786,0.26715 
787,0.24213 
788,0.21725 
789,0.19251 
790,0.17070 
791,0.14872 
792,0.12700 
793,0.10519 
794,0.10969 
795,0.13868 
796,0.16751 
797,0.20314 
798,0.24824 
799,0.31382 
800,0.36035 
801,0.36573 
802,0.31864 
803,0.24844 
804,0.22112 
805,0.29333 
806,0.44236 
807,0.57598 
808,0.68592 
809,0.76836 
810,0.87824 
811,1.01832 
812,1.05811 
813,0.99301 
814,0.93107 
815,0.88186 
816,0.88562 
817,0.94249 
818,0.98066 
819,1.00244 
820,0.96845 
821,0.88112 
822,0.81401 
823,0.77098 
824,0.72220 
825,0.66681 
826,0.61781 
827,0.57292 
828,0.53334 
829,0.49538 
830,0.45640 
831,0.41528 
832,0.35744 
833,0.28645 
834,0.24005 
835,0.21207 
836,0.13885 
837,0.04688 
838,0.02435 
839,0.04649 
840,0.07542 
841,0.11051 
842,0.13571 
843,0.15358 
844,0.17164 
845,0.18990 
846,0.19618 
847,0.19077 
848,0.18527 
849,0.17921 
850,0.17130 
851,0.16150 
852,0.15118 
853,0.14117 
854,0.13493 
855,0.13071 
856,0.12607 
857,0.12137 
858,0.11008 
859,0.09141 
860,0.07272 
861,0.05781 
862,0.05516 
863,0.06230 
864,0.06961 
865,0.08076 
866,0.08206 
867,0.07298 
868,0.06694 
869,0.06108 
870,0.07069 
871,0.10855 
872,0.14927 
873,0.19596 
874,0.19798 
875,0.15395 
876,0.11426 
877,0.07594 
878,0.05768 
879,0.04664 
880,0.03571 
881,0.02461 
882,0.02240 
883,0.02908 
884,0.03576 
885,0.04245 
886,0.05119 
887,0.06188 
888,0.07218 
889,0.08488 
890,0.08770 
891,0.07699 
892,0.07015 
893,0.06340 
894,0.06006 
895,0.06107 
896,0.06211 
897,0.06344 
898,0.06783 
899,0.07512 
900,0.10996 
901,0.17152 
902,0.33310 
903,0.61585 
904,0.69680 
905,0.55387 
906,0.49355 
907,0.50955 
908,0.55822 
909,0.60579 
910,0.57971 
911,0.48396 
912,0.43248 
913,0.42406 
914,0.47857 
915,0.59474 
916,0.68114 
917,0.73461 
918,0.80592 
919,0.88084 
920,0.94699 
921,1.01306 
922,1.09872 
923,1.21279 
924,1.34339 
925,1.51880 
926,1.62319 
927,1.61210 
928,1.54744 
929,1.43990 
930,1.32154 
931,1.17312 
932,0.97727 
933,0.76260 
934,0.86398 
935,1.24294 
936,1.58567 
937,1.87553 
938,1.95924 
939,1.89753 
940,1.83017 
941,1.72897 
942,1.62904 
943,1.52963 
944,1.43075 
945,1.32583 
946,1.16784 
947,0.96249 
948,0.74550 
949,0.55989 
950,0.40506 
951,0.28837 
952,0.20715 
953,0.14227 
954,0.11589 
955,0.11140 
956,0.10654 
957,0.10162 
958,0.11075 
959,0.13443 
960,0.15957 
961,0.19482 
962,0.20226 
963,0.18071 
964,0.16196 
965,0.14615 
966,0.13913 
967,0.14097 
968,0.14238 
969,0.14430 
970,0.15414 
971,0.17203 
972,0.19458 
973,0.21935 
974,0.21618 
975,0.18321 
976,0.15963 
977,0.13589 
978,0.13070 
979,0.14463 
980,0.15856 
981,0.17190 
982,0.19761 
983,0.23770 
984,0.27792 
985,0.31806 
986,0.34386 
987,0.32524 
988,0.30724 
989,0.29637 
990,0.28168 
991,0.26530 
992,0.24890 
993,0.23388 
994,0.32084 
995,0.51545 
996,0.66658 
997,0.72743 
998,0.73690 
999,0.67905 
1000,0.65161 
1001,0.64383 
1002,0.62001 
1003,0.59630 
1004,0.55879 
1005,0.50786 
1006,0.44608 
1007,0.48760 
1008,0.46566 
1009,0.45967 
1010,0.51478 
1011,0.62804 
1012,0.64747 
1013,0.57554 
1014,0.48628 
1015,0.39348 
1016,0.33811 
1017,0.32070 
1018,0.32937 
1019,0.37183 
1020,0.44905 
1021,0.56903 
1022,0.67623 
1023,0.70725 
1024,0.68149 
1025,0.61872 
1026,0.58057 
1027,0.56006 
1028,0.55052 
1029,0.54448 
1030,0.61785 
1031,0.78507 
1032,0.96789 
1033,1.14503 
1034,1.17189 
1035,1.04450 
1036,0.91102 
1037,0.77677 
1038,0.67832 
1039,0.62106 
1040,0.56129 
1041,0.50214 
1042,0.45454 
1043,0.42885 
1044,0.40365 
1045,0.37931 
1046,0.36717 
1047,0.36945 
1048,0.37176 
1049,0.37410 
1050,0.36511 
1051,0.34667 
1052,0.32800 
1053,0.30909 
1054,0.32892 
1055,0.38921 
1056,0.45425 
1057,0.52346 
1058,0.64808 
1059,0.80678 
1060,0.98504 
1061,1.17922 
1062,1.23584 
1063,1.15235 
1064,1.07058 
1065,0.98310 
1066,0.85583 
1067,0.69561 
1068,0.54746 
1069,0.43035 
1070,0.32681 
1071,0.27409 
1072,0.22126 
1073,0.17351 
1074,0.15121 
1075,0.14425 
1076,0.13775 
1077,0.13074 
1078,0.12684 
1079,0.12608 
1080,0.12533 
1081,0.12459 
1082,0.13558 
1083,0.15892 
1084,0.18201 
1085,0.21287 
1086,0.19249 
1087,0.14123 
1088,0.09583 
1089,0.06929 
1090,0.07360 
1091,0.11391 
1092,0.14553 
1093,0.16903 
1094,0.21114 
1095,0.27594 
1096,0.33276 
1097,0.38280 
1098,0.43351 
1099,0.48348 
1100,0.49401 
1101,0.46459 
1102,0.42940 
1103,0.38820 
1104,0.40139 
1105,0.46991 
1106,0.55260 
1107,0.65013 
1108,0.63863 
1109,0.51894 
1110,0.41642 
1111,0.33071 
1112,0.29391 
1113,0.30342 
1114,0.30896 
1115,0.31155 
1116,0.27512 
1117,0.20316 
1118,0.15013 
1119,0.11339 
1120,0.09003 
1121,0.08043 
1122,0.07205 
1123,0.06431 
1124,0.04655 
1125,0.02069 
1126,0.00972 
1127,0.01869 
1128,0.03067 
1129,0.04278 
1130,0.05503 
1131,0.07003 
1132,0.08931 
1133,0.10851 
1134,0.09688 
1135,0.05733 
1136,0.02934 
1137,0.00906 
1138,0.00646 
1139,0.00723 
1140,0.00800 
1141,0.00878 
1142,0.00805 
1143,0.00581 
1144,0.00353 
1145,0.00123 
1146,0.00000 
1147,0.00000 
1148,0.00000 
1149,0.00000 
1150,0.00000 
1151,0.00000 
1152,0.00000 
1153,0.00000 
1154,0.00000 
1155,0.00000 
1156,0.00000 
1157,0.00000 
1158,0.00000 
1159,0.00000 
1160,0.00000 
1161,0.00000 
1162,0.00000 
1163,0.00000 
1164,0.00000 
1165,0.00059 
1166,0.00503 
1167,0.01090 
1168,0.02468 
1169,0.05267 
1170,0.06156 
1171,0.05192 
1172,0.04227 
1173,0.03294 
1174,0.03583 
1175,0.05056 
1176,0.06480 
1177,0.07966 
1178,0.10015 
1179,0.11939 
1180,0.13806 
1181,0.15699 
1182,0.16572 
1183,0.16622 
1184,0.16706 
1185,0.16808 
1186,0.25786 
1187,0.46334 
1188,0.51951 
1189,0.39475 
1190,0.32502 
1191,0.32385 
1192,0.33982 
1193,0.37062 
1194,0.39564 
1195,0.41247 
1196,0.41453 
1197,0.40126 
1198,0.37280 
1199,0.33699 
1200,0.32325 
1201,0.34050 
1202,0.39549 
1203,0.46817 
1204,0.44042 
1205,0.31485 
1206,0.23409 
1207,0.19463 
1208,0.17657 
1209,0.18054 
1210,0.17974 
1211,0.17997 
1212,0.16016 
1213,0.12029 
1214,0.07930 
1215,0.03866 
1216,0.01996 
1217,0.02233 
1218,0.01921 
1219,0.01100 
1220,0.00634 
1221,0.00406 
1222,0.00527 
1223,0.00699 
1224,0.00868 
1225,0.01033 
1226,0.02984 
1227,0.06207 
1228,0.11131 
1229,0.16897 
1230,0.18766 
1231,0.15657 
1232,0.12932 
1233,0.10621 
1234,0.08573 
1235,0.06742 
1236,0.05382 
1237,0.04194 
1238,0.03439 
1239,0.03114 
1240,0.02783 
1241,0.02447 
1242,0.03478 
1243,0.05900 
1244,0.09290 
1245,0.13206 
1246,0.13405 
1247,0.09746 
1248,0.06381 
1249,0.03868 
1250,0.02591 
1251,0.02618 
1252,0.02636 
1253,0.02663 
1254,0.02584 
1255,0.02411 
1256,0.02225 
1257,0.02033 
1258,0.01220 
1259,0.00610 
1260,0.00000 
1261,0.00000 
1262,0.00000 
1263,0.00000 
1264,0.00000 
1265,0.00000 
1266,0.00000 
1267,0.00000 
1268,0.00000 
1269,0.00000 
1270,0.00000 
1271,0.00000 
1272,0.00000 
1273,0.00000 
1274,0.00000 
1275,0.00000 
1276,0.00000 
1277,0.00000 
1278,0.01745 
1279,0.06000 
1280,0.11110 
1281,0.17048 
1282,0.24659 
1283,0.34363 
1284,0.42864 
1285,0.49985 
1286,0.58014 
1287,0.67101 
1288,0.74627 
1289,0.80596 
1290,0.87896 
1291,0.96418 
1292,1.01251 
1293,1.02274 
1294,1.04740 
1295,1.08579 
1296,1.09795 
1297,1.08348 
1298,1.07640 
1299,1.07365 
1300,1.05384 
1301,1.01246 
1302,0.97705 
1303,0.94683 
1304,0.92154 
1305,0.90465 
1306,0.88549 
1307,0.86810 
1308,0.81935 
1309,0.74714 
1310,0.68241 
1311,0.62792 
1312,0.53925 
1313,0.42719 
1314,0.35362 
1315,0.30843 
1316,0.19308 
1317,0.04968 
1318,0.00000 
1319,0.00000 
1320,0.00000 
1321,0.00000 
1322,0.00000 
1323,0.00000 
1324,0.00000 
1325,0.00000 
1326,0.00000 
1327,0.00000 
1328,0.00000 
1329,0.00042 
1330,0.00287 
1331,0.00570 
1332,0.00858 
1333,0.01459 
1334,0.01901 
1335,0.01402 
1336,0.01057 
1337,0.00957 
1338,0.00950 
1339,0.01037 
1340,0.01124 
1341,0.01408 
1342,0.01434 
1343,0.01187 
1344,0.01137 
1345,0.01084 
1346,0.01099 
1347,0.01190 
1348,0.01278 
1349,0.01587 
1350,0.02126 
1351,0.02787 
1352,0.03461 
1353,0.04150 
1354,0.04743 
1355,0.05238 
1356,0.05723 
1357,0.06216 
1358,0.07851 
1359,0.11945 
1360,0.16274 
1361,0.21231 
1362,0.25160 
1363,0.27129 
1364,0.29100 
1365,0.31073 
1366,0.32442 
1367,0.33084 
1368,0.34459 
1369,0.35963 
1370,0.36468 
1371,0.36118 
1372,0.35893 
1373,0.35555 
1374,0.37799 
1375,0.42898 
1376,0.47790 
1377,0.52576 
1378,0.52020 
1379,0.46362 
1380,0.42347 
1381,0.40227 
1382,0.40569 
1383,0.43435 
1384,0.42968 
1385,0.38227 
1386,0.33214 
1387,0.29543 
1388,0.27872 
1389,0.26741 
1390,0.28205 
1391,0.30546 
1392,0.28919 
1393,0.23534 
1394,0.19471 
1395,0.16501 
1396,0.15020 
1397,0.14964 
1398,0.14478 
1399,0.13519 
1400,0.13521 
1401,0.14473 
1402,0.15531 
1403,0.17234 
1404,0.18987 
1405,0.19810 
1406,0.23124 
1407,0.28045 
1408,0.31222 
1409,0.32191 
1410,0.30983 
1411,0.25424 
1412,0.22268 
1413,0.20589 
1414,0.20993 
1415,0.23587 
1416,0.27883 
1417,0.32473 
1418,0.39346 
1419,0.50499 
1420,0.63373 
1421,0.77283 
1422,0.87797 
1423,0.92934 
1424,0.98153 
1425,1.03457 
1426,1.04023 
1427,0.99768 
1428,0.95489 
1429,0.91187 
1430,0.91692 
1431,0.96824 
1432,1.02014 
1433,1.07262 
1434,1.07869 
1435,1.03757 
1436,0.99597 
1437,0.95390 
1438,0.85857 
1439,0.72473 
1440,0.59643 
1441,0.48027 
1442,0.40349 
1443,0.34935 
1444,0.29706 
1445,0.26726 
1446,0.26232 
1447,0.28269 
1448,0.30344 
1449,0.33423 
1450,0.31676 
1451,0.27772 
1452,0.23834 
1453,0.19884 
1454,0.15207 
1455,0.09628 
1456,0.05497 
1457,0.01918 
1458,0.01088 
1459,0.00994 
1460,0.00900 
1461,0.00806 
1462,0.00850 
1463,0.01034 
1464,0.01212 
1465,0.01441 
1466,0.02402 
1467,0.03451 
1468,0.04480 
1469,0.05488 
1470,0.05747 
1471,0.05503 
1472,0.05208 
1473,0.04907 
1474,0.05150 
1475,0.05904 
1476,0.07439 
1477,0.09678 
1478,0.13075 
1479,0.17546 
1480,0.22135 
1481,0.27593 
1482,0.31056 
1483,0.32773 
1484,0.32600 
1485,0.30885 
1486,0.30458 
1487,0.30832 
1488,0.29873 
1489,0.27644 
1490,0.26614 
1491,0.26740 
1492,0.25000 
1493,0.21667 
1494,0.16715 
1495,0.10788 
1496,0.06964 
1497,0.06312 
1498,0.04947 
1499,0.02897 
1500,0.03162 
1501,0.05773 
1502,0.08562 
1503,0.12670 
1504,0.14243 
1505,0.13191 
1506,0.11517 
1507,0.09163 
1508,0.06316 
1509,0.02976 
1510,0.00961 
1511,0.00730 
1512,0.00497 
1513,0.00262 
1514,0.00280 
1515,0.00556 
1516,0.00833 
1517,0.01411 
1518,0.02251 
1519,0.02595 
1520,0.02951 
1521,0.03313 
1522,0.02820 
1523,0.01466 
1524,0.00870 
1525,0.00584 
1526,0.00352 
1527,0.00171 
1528,0.00000 
1529,0.00000 
1530,0.00000 
1531,0.00045 
1532,0.00270 
1533,0.00499 
1534,0.00662 
1535,0.00754 
1536,0.00852 
1537,0.00955 
1538,0.01113 
1539,0.01616 
1540,0.02625 
1541,0.03652 
1542,0.04183 
1543,0.04223 
1544,0.04251 
1545,0.04292 
1546,0.04845 
1547,0.05954 
1548,0.07061 
1549,0.08412 
1550,0.08807 
1551,0.07833 
1552,0.07206 
1553,0.06576 
1554,0.05483 
1555,0.03966 
1556,0.02430 
1557,0.01274 
1558,0.00995 
1559,0.00758 
1560,0.00528 
1561,0.00299 
1562,0.00120 
1563,0.00000 
1564,0.00000 
1565,0.00000 
1566,0.00197 
1567,0.00917 
1568,0.01747 
1569,0.02563 
1570,0.03778 
1571,0.04664 
1572,0.06668 
1573,0.09831 
1574,0.13165 
1575,0.15923 
1576,0.18494 
1577,0.20788 
1578,0.20637 
1579,0.18075 
1580,0.15028 
1581,0.10857 
1582,0.09234 
1583,0.09790 
1584,0.10936 
1585,0.12563 
1586,0.13149 
1587,0.12260 
1588,0.11305 
1589,0.10154 
1590,0.09967 
1591,0.10720 
1592,0.11902 
1593,0.13794 
1594,0.16579 
1595,0.20378 
1596,0.24627 
1597,0.28214 
1598,0.30965 
1599,0.30292 
1600,0.29601 
1601,0.29040 
1602,0.27254 
1603,0.24562 
1604,0.22537 
1605,0.20464 
1606,0.17654 
1607,0.14016 
1608,0.11155 
1609,0.08417 
1610,0.06672 
1611,0.05929 
1612,0.05451 
1613,0.04970 
1614,0.04166 
1615,0.03019 
1616,0.01864 
1617,0.00983 
1618,0.00917 
1619,0.01027 
1620,0.01382 
1621,0.01900 
1622,0.03119 
1623,0.05044 
1624,0.07372 
1625,0.10422 
1626,0.12955 
1627,0.15110 
1628,0.17864 
1629,0.20651 
1630,0.22046 
1631,0.21895 
1632,0.21734 
1633,0.21631 
1634,0.20452 
1635,0.18330 
1636,0.16375 
1637,0.14822 
1638,0.12655 
1639,0.09839 
1640,0.07215 
1641,0.05381 
1642,0.04445 
1643,0.04491 
1644,0.04522 
1645,0.04553 
1646,0.02914 
1647,0.01014 
1648,0.00314 
1649,0.00000 
1650,0.00000 
1651,0.00000 
1652,0.00000 
1653,0.00000 
1654,0.00000 
1655,0.00079 
1656,0.00492 
1657,0.00899 
1658,0.00893 
1659,0.00480 
1660,0.00076 
1661,0.00000 
1662,0.01936 
1663,0.06750 
1664,0.10956 
1665,0.13075 
1666,0.15293 
1667,0.18006 
1668,0.19972 
1669,0.21256 
1670,0.22794 
1671,0.24666 
1672,0.25055 
1673,0.23953 
1674,0.23204 
1675,0.22699 
1676,0.24138 
1677,0.28382 
1678,0.32163 
1679,0.36698 
1680,0.41574 
1681,0.47806 
1682,0.54348 
1683,0.61127 
1684,0.57496 
1685,0.44033 
1686,0.33480 
1687,0.25721 
1688,0.20229 
1689,0.17668 
1690,0.14701 
1691,0.13702 
1692,0.15344 
1693,0.17490 
1694,0.20942 
1695,0.25578 
1696,0.33891 
1697,0.42267 
1698,0.43794 
1699,0.38462 
1700,0.32288 
1701,0.25412 
1702,0.23362 
1703,0.24192 
1704,0.25497 
1705,0.26854 
1706,0.26998 
1707,0.25771 
1708,0.24715 
1709,0.24059 
1710,0.24920 
1711,0.29000 
1712,0.33262 
1713,0.37596 
1714,0.40866 
1715,0.42909 
1716,0.45078 
1717,0.47589 
1718,0.50457 
1719,0.53474 
1720,0.56509 
1721,0.59562 
1722,0.64747 
1723,0.71939 
1724,0.79919 
1725,0.88748 
1726,0.92754 
1727,0.91816 
1728,0.90818 
1729,0.89756 
1730,0.98017 
1731,1.15660 
1732,1.33509 
1733,1.50313 
1734,1.44845 
1735,1.15314 
1736,0.85476 
1737,0.59479 
1738,0.45396 
1739,0.37194 
1740,0.30557 
1741,0.26087 
1742,0.23054 
1743,0.21615 
1744,0.20247 
1745,0.18801 
1746,0.20257 
1747,0.24705 
1748,0.29082 
1749,0.33507 
1750,0.35583 
1751,0.32397 
1752,0.30264 
1753,0.28161 
1754,0.28679 
1755,0.31658 
1756,0.36988 
1757,0.42578 
1758,0.45066 
1759,0.44507 
1760,0.44020 
1761,0.43574 
1762,0.44045 
1763,0.45092 
1764,0.46137 
1765,0.47049 
1766,0.46839 
1767,0.45626 
1768,0.50674 
1769,0.62246 
1770,0.74233 
1771,0.85838 
1772,0.92784 
1773,0.94626 
1774,1.05327 
1775,1.24600 
1776,1.35947 
1777,1.41556 
1778,1.47628 
1779,1.54221 
1780,1.54737 
1781,1.50224 
1782,1.38236 
1783,1.18632 
1784,1.01086 
1785,0.85758 
1786,0.73221 
1787,0.66739 
1788,0.63116 
1789,0.62037 
1790,0.63998 
1791,0.65929 
1792,0.60498 
1793,0.49277 
1794,0.40667 
1795,0.33772 
1796,0.28407 
1797,0.24683 
1798,0.24626 
1799,0.28511 
1800,0.32621 
1801,0.36677 
1802,0.38444 
1803,0.38005 
1804,0.37456 
1805,0.36903 
1806,0.39479 
1807,0.45134 
1808,0.52818 
1809,0.60815 
1810,0.63116 
1811,0.59615 
1812,0.55910 
1813,0.52332 
1814,0.49059 
1815,0.46757 
1816,0.44651 
1817,0.42669 
1818,0.44233 
1819,0.49872 
1820,0.57231 
1821,0.64683 
1822,0.67026 
1823,0.63912 
1824,0.60888 
1825,0.57746 
1826,0.54128 
1827,0.51115 
1828,0.48286 
1829,0.45418 
1830,0.43198 
1831,0.41328 
1832,0.39540 
1833,0.37688 
1834,0.34340 
1835,0.31184 
1836,0.28597 
1837,0.25855 
1838,0.22243 
1839,0.18119 
1840,0.14872 
1841,0.11579 
1842,0.08993 
1843,0.07548 
1844,0.06364 
1845,0.05196 
1846,0.04810 
1847,0.05167 
1848,0.05495 
1849,0.05829 
1850,0.05461 
1851,0.04387 
1852,0.03337 
1853,0.02285 
1854,0.03823 
1855,0.08151 
1856,0.12397 
1857,0.16520 
1858,0.20422 
1859,0.23323 
1860,0.28213 
1861,0.35742 
1862,0.41310 
1863,0.45376 
1864,0.49630 
1865,0.53632 
1866,0.54705 
1867,0.52483 
1868,0.52740 
1869,0.55631 
1870,0.60591 
1871,0.67571 
1872,0.59693 
1873,0.37575 
1874,0.22646 
1875,0.14803 
1876,0.15039 
1877,0.22877 
1878,0.32291 
1879,0.43325 
1880,0.47511 
1881,0.43582 
1882,0.38930 
1883,0.33620 
1884,0.34030 
1885,0.39781 
1886,0.47370 
1887,0.56539 
1888,0.61275 
1889,0.61327 
1890,0.62082 
1891,0.63941 
1892,0.63847 
1893,0.62301 
1894,0.59995 
1895,0.55739 
1896,0.51435 
1897,0.47241 
1898,0.40470 
1899,0.32365 
1900,0.24210 
1901,0.19672 
1902,0.15356 
1903,0.11884 
1904,0.08831 
1905,0.05861 
1906,0.05141 
1907,0.05672 
1908,0.06223 
1909,0.07063 
1910,0.07125 
1911,0.06370 
1912,0.05909 
1913,0.05437 
1914,0.04391 
1915,0.02775 
1916,0.01157 
1917,0.00811 
1918,0.00585 
1919,0.00474 
1920,0.00361 
1921,0.00241 
1922,0.00287 
1923,0.00504 
1924,0.00725 
1925,0.00948 
1926,0.01223 
1927,0.02365 
1928,0.03927 
1929,0.05526 
1930,0.06701 
1931,0.07477 
1932,0.08248 
1933,0.09411 
1934,0.11664 
1935,0.14940 
1936,0.18153 
1937,0.22224 
1938,0.25859 
1939,0.28529 
1940,0.31146 
1941,0.34338 
1942,0.36447 
1943,0.35728 
1944,0.35038 
1945,0.34374 
1946,0.34061 
1947,0.33971 
1948,0.33881 
1949,0.33899 
1950,0.37827 
1951,0.48055 
1952,0.61087 
1953,0.76982 
1954,0.86351 
1955,0.85449 
1956,0.95236 
1957,1.17542 
1958,1.35946 
1959,1.49559 
1960,1.58228 
1961,1.62636 
1962,1.64546 
1963,1.64668 
1964,1.61084 
1965,1.54309 
1966,1.57577 
1967,1.70677 
1968,1.84729 
1969,1.98464 
1970,2.20564 
1971,2.50150 
1972,2.75501 
1973,2.94835 
1974,2.98876 
1975,2.93422 
1976,2.84028 
1977,2.68244 
1978,2.55914 
1979,2.45882 
1980,2.33667 
1981,2.19197 
1982,1.98962 
1983,1.72486 
1984,1.47003 
1985,1.20612 
1986,1.08078 
1987,1.08654 
1988,1.00250 
1989,0.88012 
1990,0.79546 
1991,0.71157 
1992,0.63983 
1993,0.57218 
1994,0.52704 
1995,0.50307 
1996,0.47895 
1997,0.45351 
1998,0.44321 
1999,0.44467 
2000,0.44730 
2001,0.44995 
2002,0.48348 
2003,0.54843 
2004,0.61579 
2005,0.68250 
2006,0.70209 
2007,0.67346 
2008,0.64416 
2009,0.61416 
2010,0.63576 
2011,0.70880 
2012,0.78790 
2013,0.88056 
2014,0.92092 
2015,0.90949 
2016,0.89737 
2017,0.88450 
2018,0.92623 
2019,1.02042 
2020,1.11837 
2021,1.21708 
2022,1.17837 
2023,0.99884 
2024,0.83022 
2025,0.67686 
2026,0.68427 
2027,0.85482 
2028,1.04738 
2029,1.25834 
2030,1.24173 
2031,0.99843 
2032,0.78773 
2033,0.58641 
2034,0.51434 
2035,0.51471 
2036,0.51325 
2037,0.51362 
2038,0.50778 
2039,0.49585 
2040,0.48238 
2041,0.47081 
2042,0.35330 
2043,0.21621 
2044,0.11696 
2045,0.04649 
2046,0.03655 
2047,0.07869 
2048,0.12658 
2049,0.17945 
2050,0.21944 
2051,0.24777 
2052,0.28513 
2053,0.33984 
2054,0.40103 
2055,0.46775 
2056,0.51954 
2057,0.55357 
2058,0.60636 
2059,0.67936 
2060,0.68813 
2061,0.62935 
2062,0.56250 
2063,0.48561 
2064,0.49340 
2065,0.58159 
2066,0.65297 
2067,0.70751 
2068,0.74639 
2069,0.76879 
2070,0.79979 
2071,0.84259 
2072,0.84713 
2073,0.81831 
2074,0.80786 
2075,0.81296 
2076,0.75943 
2077,0.65281 
2078,0.56167 
2079,0.48133 
2080,0.41883 
2081,0.36554 
2082,0.33626 
2083,0.32218 
2084,0.21710 
2085,0.06767 
2086,0.02372 
2087,0.04351 
2088,0.06559 
2089,0.09692 
2090,0.13087 
2091,0.17910 
2092,0.23031 
2093,0.31015 
2094,0.31864 
2095,0.24557 
2096,0.20308 
2097,0.16050 
2098,0.14476 
2099,0.15649 
2100,0.16879 
2101,0.18074 
2102,0.17050 
2103,0.13944 
2104,0.11480 
2105,0.08999 
2106,0.07788 
2107,0.07862 
2108,0.07938 
2109,0.08015 
2110,0.08166 
2111,0.08374 
2112,0.08592 
2113,0.08821 
2114,0.09592 
2115,0.10967 
2116,0.12322 
2117,0.13688 
2118,0.12465 
2119,0.08581 
2120,0.05756 
2121,0.03192 
2122,0.01212 
2123,0.00662 
2124,0.00104 
2125,0.00000 
2126,0.00000 
2127,0.00000 
2128,0.00082 
2129,0.00418 
2130,0.00514 
2131,0.00370 
2132,0.00226 
2133,0.00082 
2134,0.00082 
2135,0.00224 
2136,0.00365 
2137,0.00504 
2138,0.00454 
2139,0.00218 
2140,0.00000 
2141,0.00000 
2142,0.02268 
2143,0.07976 
2144,0.15055 
2145,0.23281 
2146,0.30124 
2147,0.34631 
2148,0.36652 
2149,0.35344 
2150,0.33390 
2151,0.30792 
2152,0.30292 
2153,0.32504 
2154,0.33013 
2155,0.33232 
2156,0.34488 
2157,0.40912 
2158,0.51067 
2159,0.58907 
2160,0.61076 
2161,0.58075 
2162,0.56544 
2163,0.56645 
2164,0.56781 
2165,0.56753 
2166,0.58227 
2167,0.61044 
2168,0.58453 
2169,0.50763 
2170,0.45782 
2171,0.43489 
2172,0.35774 
2173,0.23336 
2174,0.15204 
2175,0.10922 
2176,0.08489 
2177,0.07947 
2178,0.07135 
2179,0.06117 
2180,0.04157 
2181,0.01328 
2182,0.00000 
2183,0.00000 
2184,0.00000 
2185,0.00000 
2186,0.00000 
2187,0.00000 
2188,0.00000 
2189,0.00000 
2190,0.00000 
2191,0.00000 
2192,0.00000 
2193,0.00000 
2194,0.00000 
2195,0.00000 
2196,0.00000 
2197,0.00000 
2198,0.00000 
2199,0.00000 
2200,0.00000 
2201,0.00000 
2202,0.00000 
2203,0.00000 
2204,0.00000 
2205,0.00000 
2206,0.00000 
2207,0.00000 
2208,0.00000 
2209,0.00000 
2210,0.00000 
2211,0.00000 
2212,0.00000 
2213,0.00000 
2214,0.00000 
2215,0.00000 
2216,0.00000 
2217,0.00000 
2218,0.00000 
2219,0.00000 
2220,0.00000 
2221,0.00000 
2222,0.00000 
2223,0.00000 
2224,0.00000 
2225,0.00000 
2226,0.00000 
2227,0.00000 
2228,0.00000 
2229,0.00000 
2230,0.00000 
2231,0.00000 
2232,0.00000 
2233,0.00000 
2234,0.00000 
2235,0.00000 
2236,0.00000 
2237,0.00000 
2238,0.00845 
2239,0.02609 
2240,0.04377 
2241,0.06130 
2242,0.05550 
2243,0.02748 
2244,0.04157 
2245,0.09630 
2246,0.14281 
2247,0.18134 
2248,0.20752 
2249,0.22175 
2250,0.24353 
2251,0.27284 
2252,0.29350 
2253,0.30414 
2254,0.31837 
2255,0.33579 
2256,0.33206 
2257,0.30712 
2258,0.28466 
2259,0.26273 
2260,0.26284 
2261,0.28456 
2262,0.29825 
2263,0.30372 
2264,0.32298 
2265,0.35450 
2266,0.38962 
2267,0.42703 
2268,0.42312 
2269,0.37972 
2270,0.34988 
2271,0.33181 
2272,0.29073 
2273,0.23123 
2274,0.18690 
2275,0.15508 
2276,0.09942 
2277,0.02942 
2278,0.00000 
2279,0.00000 
2280,0.00000 
2281,0.00000 
2282,0.00000 
2283,0.00000 
2284,0.00000 
2285,0.00000 
2286,0.00000 
2287,0.00000 
2288,0.00000 
2289,0.00000 
2290,0.00000 
2291,0.00000 
2292,0.00000 
2293,0.00000 
2294,0.00028 
2295,0.00068 
2296,0.00108 
2297,0.00149 
2298,0.00311 
2299,0.00597 
2300,0.00886 
2301,0.01180 
2302,0.01240 
2303,0.01055 
2304,0.00864 
2305,0.00660 
2306,0.00669 
2307,0.00900 
2308,0.01132 
2309,0.01366 
2310,0.01260 
2311,0.00808 
2312,0.00342 
2313,0.00000 
2314,0.00000 
2315,0.00000 
2316,0.00000 
2317,0.00000 
2318,0.00000 
2319,0.00000 
2320,0.00000 
2321,0.00000 
2322,0.00000 
2323,0.00000 
2324,0.00000 
2325,0.00000 
2326,0.00000 
2327,0.00000 
2328,0.00000 
2329,0.00000 
2330,0.00000 
2331,0.00202 
2332,0.00581 
2333,0.00956 
2334,0.02747 
2335,0.06094 
2336,0.06675 
2337,0.04532 
2338,0.02721 
2339,0.01863 
2340,0.01661 
2341,0.04249 
2342,0.07389 
2343,0.08252 
2344,0.12154 
2345,0.19039 
2346,0.26950 
2347,0.35912 
2348,0.41021 
2349,0.42306 
2350,0.44563 
2351,0.47847 
2352,0.50914 
2353,0.54098 
2354,0.58579 
2355,0.64546 
2356,0.64838 
2357,0.59830 
2358,0.57383 
2359,0.57283 
2360,0.53652 
2361,0.46334 
2362,0.39462 
2363,0.32888 
2364,0.29157 
2365,0.27846 
2366,0.26069 
2367,0.23855 
2368,0.20443 
2369,0.15963 
2370,0.11829 
2371,0.08862 
2372,0.05774 
2373,0.01857 
2374,0.00008 
2375,0.00008 
2376,0.00008 
2377,0.00008 
2378,0.00065 
2379,0.00178 
2380,0.00291 
2381,0.00405 
2382,0.00350 
2383,0.00123 
2384,0.00000 
2385,0.00000 
2386,0.00000 
2387,0.00000 
2388,0.00000 
2389,0.00000 
2390,0.00000 
2391,0.00000 
2392,0.00000 
2393,0.00000 
2394,0.00000 
2395,0.00000 
2396,0.00000 
2397,0.00000 
2398,0.00000 
2399,0.00000 
2400,0.00000 
2401,0.00000 
2402,0.00000 
2403,0.00000 
2404,0.00000 
2405,0.00000 
2406,0.00000 
2407,0.00000 
2408,0.00000 
2409,0.00000 
2410,0.00000 
2411,0.00000 
2412,0.00370 
2413,0.00906 
2414,0.01230 
2415,0.01332 
2416,0.01435 
2417,0.01775 
2418,0.01292 
2419,0.00698 
2420,0.00108 
2421,0.00000 
2422,0.00000 
2423,0.00000 
2424,0.00000 
2425,0.00000 
2426,0.00000 
2427,0.00000 
2428,0.00000 
2429,0.00000 
2430,0.01119 
2431,0.03463 
2432,0.05812 
2433,0.08166 
2434,0.09004 
2435,0.08384 
2436,0.09891 
2437,0.13444 
2438,0.16792 
2439,0.19922 
2440,0.21983 
2441,0.22991 
2442,0.24582 
2443,0.26813 
2444,0.27470 
2445,0.26658 
2446,0.26149 
2447,0.25446 
2448,0.25388 
2449,0.25959 
2450,0.27768 
2451,0.30797 
2452,0.32824 
2453,0.34635 
2454,0.34568 
2455,0.32800 
2456,0.30021 
2457,0.26628 
2458,0.25279 
2459,0.25851 
2460,0.26153 
2461,0.25785 
2462,0.23867 
2463,0.20330 
2464,0.17674 
2465,0.15889 
2466,0.14422 
2467,0.13243 
2468,0.10820 
2469,0.06892 
2470,0.06088 
2471,0.09255 
2472,0.12599 
2473,0.16424 
2474,0.19896 
2475,0.22310 
2476,0.24681 
2477,0.27649 
2478,0.27818 
2479,0.25134 
2480,0.22931 
2481,0.20639 
2482,0.19577 
2483,0.19641 
2484,0.19705 
2485,0.19769 
2486,0.18830 
2487,0.16928 
2488,0.15173 
2489,0.13777 
2490,0.11725 
2491,0.09085 
2492,0.06617 
2493,0.04901 
2494,0.04751 
2495,0.06232 
2496,0.08005 
2497,0.10408 
2498,0.11701 
2499,0.11784 
2500,0.11868 
2501,0.11953 
2502,0.13269 
2503,0.15868 
2504,0.18545 
2505,0.22129 
2506,0.23438 
2507,0.22138 
2508,0.20817 
2509,0.19476 
2510,0.21820 
2511,0.27870 
2512,0.34051 
2513,0.44472 
2514,0.52981 
2515,0.58725 
2516,0.66080 
2517,0.74313 
2518,0.80294 
2519,0.83732 
2520,0.87358 
2521,0.90576 
2522,0.97109 
2523,1.06594 
2524,1.16414 
2525,1.25817 
2526,1.30908 
2527,1.32257 
2528,1.33643 
2529,1.35049 
2530,1.35109 
2531,1.35060 
2532,1.28165 
2533,1.13899 
2534,1.14146 
2535,1.29759 
2536,1.44845 
2537,1.58602 
2538,1.60721 
2539,1.52649 
2540,1.45095 
2541,1.38926 
2542,1.32205 
2543,1.25074 
2544,1.16630 
2545,1.06903 
2546,1.09284 
2547,1.23919 
2548,1.38834 
2549,1.53233 
2550,1.66742 
2551,1.77758 
2552,1.88556 
2553,1.98930 
2554,2.04968 
2555,2.07672 
2556,2.07380 
2557,2.04718 
2558,1.94761 
2559,1.77490 
2560,1.58194 
2561,1.38617 
2562,1.22616 
2563,1.10511 
2564,0.97511 
2565,0.83783 
2566,0.91376 
2567,1.18426 
2568,1.43843 
2569,1.66614 
2570,1.83414 
2571,1.95871 
2572,2.04312 
2573,2.12764 
2574,2.10214 
2575,1.94615 
2576,1.72134 
2577,1.48728 
2578,1.33051 
2579,1.27213 
2580,1.20949 
2581,1.14638 
2582,1.06265 
2583,0.95191 
2584,0.84154 
2585,0.73934 
2586,0.77748 
2587,0.97667 
2588,1.18547 
2589,1.38735 
2590,1.42399 
2591,1.29424 
2592,1.15168 
2593,0.99642 
2594,1.01404 
2595,1.20951 
2596,1.40679 
2597,1.59577 
2598,1.58616 
2599,1.36900 
2600,1.12990 
2601,0.90263 
2602,0.83379 
2603,0.89541 
2604,0.95851 
2605,1.02313 
2606,1.03450 
2607,0.99546 
2608,0.95269 
2609,0.91019 
2610,0.95359 
2611,1.08851 
2612,1.23376 
2613,1.38116 
2614,1.60697 
2615,1.90373 
2616,2.15768 
2617,2.39919 
2618,2.44177 
2619,2.29366 
2620,2.14632 
2621,2.00068 
2622,1.88426 
2623,1.83237 
2624,1.74750 
2625,1.61154 
2626,1.60112 
2627,1.71154 
2628,1.82302 
2629,1.92617 
2630,1.89591 
2631,1.72969 
2632,1.58760 
2633,1.47052 
2634,1.37429 
2635,1.29102 
2636,1.19327 
2637,1.06536 
2638,1.00993 
2639,1.00506 
2640,0.95684 
2641,0.87223 
2642,0.79474 
2643,0.72519 
2644,0.76079 
2645,0.90092 
2646,1.02763 
2647,1.15080 
2648,1.10271 
2649,0.89107 
2650,0.74334 
2651,0.66214 
2652,0.60532 
2653,0.57771 
2654,0.52409 
2655,0.44804 
2656,0.37328 
2657,0.30020 
2658,0.23753 
2659,0.17977 
2660,0.13283 
2661,0.09596 
2662,0.06821 
2663,0.05381 
2664,0.04083 
2665,0.02806 
2666,0.02531 
2667,0.03235 
2668,0.03954 
2669,0.04669 
2670,0.06270 
2671,0.10117 
2672,0.14069 
2673,0.19194 
2674,0.21034 
2675,0.19286 
2676,0.17457 
2677,0.15605 
2678,0.12892 
2679,0.08926 
2680,0.05583 
2681,0.02976 
2682,0.02130 
2683,0.03111 
2684,0.04104 
2685,0.05126 
2686,0.05208 
2687,0.04348 
2688,0.03428 
2689,0.02436 
2690,0.02256 
2691,0.02938 
2692,0.03612 
2693,0.04286 
2694,0.05674 
2695,0.07821 
2696,0.10892 
2697,0.14357 
2698,0.15759 
2699,0.15134 
2700,0.14444 
2701,0.13801 
2702,0.15179 
2703,0.18585 
2704,0.22775 
2705,0.27554 
2706,0.28075 
2707,0.24426 
2708,0.20777 
2709,0.17965 
2710,0.15237 
2711,0.12482 
2712,0.09806 
2713,0.07669 
2714,0.06544 
2715,0.06002 
2716,0.05493 
2717,0.04972 
2718,0.05737 
2719,0.07739 
2720,0.10775 
2721,0.13914 
2722,0.18258 
2723,0.23943 
2724,0.27143 
2725,0.27942 
2726,0.28127 
2727,0.27822 
2728,0.29868 
2729,0.34201 
2730,0.40263 
2731,0.48220 
2732,0.49592 
2733,0.44122 
2734,0.42036 
2735,0.43350 
2736,0.38558 
2737,0.27750 
2738,0.17362 
2739,0.07281 
2740,0.05259 
2741,0.10669 
2742,0.15411 
2743,0.19575 
2744,0.20460 
2745,0.18094 
2746,0.17071 
2747,0.16763 
2748,0.15065 
2749,0.11882 
2750,0.08188 
2751,0.04522 
2752,0.02957 
2753,0.03365 
2754,0.03502 
2755,0.03355 
2756,0.02559 
2757,0.01131 
2758,0.00713 
2759,0.01474 
2760,0.03858 
2761,0.06257 
2762,0.07210 
2763,0.06129 
2764,0.05219 
2765,0.04316 
2766,0.03684 
2767,0.03328 
2768,0.02967 
2769,0.02603 
2770,0.02330 
2771,0.02144 
2772,0.01956 
2773,0.01768 
2774,0.01774 
2775,0.01982 
2776,0.02186 
2777,0.02399 
2778,0.03614 
2779,0.05832 
2780,0.08533 
2781,0.12036 
2782,0.15766 
2783,0.20665 
2784,0.26332 
2785,0.32320 
2786,0.42211 
2787,0.52059 
2788,0.62535 
2789,0.76356 
2790,0.83155 
2791,0.82848 
2792,0.82534 
2793,0.81902 
2794,0.74432 
2795,0.60550 
2796,0.49706 
2797,0.38685 
2798,0.35881 
2799,0.40457 
2800,0.45275 
2801,0.50294 
2802,0.46932 
2803,0.35816 
2804,0.29443 
2805,0.23067 
2806,0.17494 
2807,0.12360 
2808,0.07862 
2809,0.04642 
2810,0.03521 
2811,0.04455 
2812,0.05376 
2813,0.06284 
2814,0.09102 
2815,0.15250 
2816,0.19687 
2817,0.20019 
2818,0.18179 
2819,0.15718 
2820,0.15885 
2821,0.18008 
2822,0.18137 
2823,0.16421 
2824,0.16783 
2825,0.19158 
2826,0.20544 
2827,0.21035 
2828,0.24073 
2829,0.28947 
2830,0.44494 
2831,0.70572 
2832,0.73262 
2833,0.53384 
2834,0.35005 
2835,0.28439 
2836,0.27860 
2837,0.31423 
2838,0.36207 
2839,0.42251 
2840,0.42271 
2841,0.36273 
2842,0.31264 
2843,0.27081 
2844,0.24850 
2845,0.24262 
2846,0.24007 
2847,0.23986 
2848,0.20537 
2849,0.14143 
2850,0.09081 
2851,0.05051 
2852,0.02281 
2853,0.00728 
2854,0.00000 
2855,0.00000 
2856,0.00000 
2857,0.00087 
2858,0.00225 
2859,0.00345 
2860,0.00465 
2861,0.00586 
2862,0.00931 
2863,0.02623 
2864,0.05379 
2865,0.08783 
2866,0.09429 
2867,0.06657 
2868,0.04675 
2869,0.02692 
2870,0.02503 
2871,0.04122 
2872,0.05763 
2873,0.07472 
2874,0.09753 
2875,0.11668 
2876,0.13628 
2877,0.15551 
2878,0.15324 
2879,0.12736 
2880,0.10038 
2881,0.07529 
2882,0.08218 
2883,0.13186 
2884,0.18231 
2885,0.24892 
2886,0.27965 
2887,0.27379 
2888,0.26674 
2889,0.26052 
2890,0.26359 
2891,0.27626 
2892,0.28913 
2893,0.30222 
2894,0.27116 
2895,0.19938 
2896,0.14366 
2897,0.08956 
2898,0.07824 
2899,0.09120 
2900,0.11079 
2901,0.13051 
2902,0.12607 
2903,0.09782 
2904,0.07705 
2905,0.05901 
2906,0.04640 
2907,0.03896 
2908,0.03145 
2909,0.02406 
2910,0.03114 
2911,0.05362 
2912,0.07625 
2913,0.09880 
2914,0.09703 
2915,0.07262 
2916,0.11226 
2917,0.21494 
2918,0.32357 
2919,0.43693 
2920,0.52307 
2921,0.57869 
2922,0.58504 
2923,0.53831 
2924,0.50900 
2925,0.50165 
2926,0.48259 
2927,0.45345 
2928,0.43596 
2929,0.43305 
2930,0.42122 
2931,0.40502 
2932,0.41110 
2933,0.44111 
2934,0.47396 
2935,0.50665 
2936,0.51742 
2937,0.50930 
2938,0.52176 
2939,0.55432 
2940,0.51049 
2941,0.40035 
2942,0.30858 
2943,0.23554 
2944,0.17607 
2945,0.12659 
2946,0.08014 
2947,0.03550 
2948,0.01016 
2949,0.00322 
2950,0.00000 
2951,0.00164 
2952,0.00478 
2953,0.00793 
2954,0.01013 
2955,0.01139 
2956,0.01534 
2957,0.02117 
2958,0.03275 
2959,0.05035 
2960,0.06817 
2961,0.09489 
2962,0.10628 
2963,0.10050 
2964,0.09468 
2965,0.08881 
2966,0.06810 
2967,0.04241 
2968,0.01631 
2969,0.00795 
2970,0.00544 
2971,0.00588 
2972,0.00636 
2973,0.00682 
2974,0.00627 
2975,0.00463 
2976,0.00289 
2977,0.00106 
2978,0.00181 
2979,0.00525 
2980,0.00869 
2981,0.01218 
2982,0.01029 
2983,0.00286 
2984,0.00000 
2985,0.00000 
2986,0.00000 
2987,0.00000 
2988,0.00561 
2989,0.01465 
2990,0.02691 
2991,0.01681 
2992,0.01411 
2993,0.01201 
2994,0.01044 
2995,0.00932 
2996,0.00824 
2997,0.00716 
2998,0.00979 
2999,0.01675 
3000,0.04678 
3001,0.07613 
3002,0.08793 
3003,0.08239 
3004,0.07693 
3005,0.07154 
3006,0.08448 
3007,0.12032 
3008,0.16166 
3009,0.20740 
3010,0.30366 
3011,0.46602 
3012,0.57809 
3013,0.61506 
3014,0.70304 
3015,0.85477 
3016,0.76678 
3017,0.42212 
3018,0.21607 
3019,0.16509 
3020,0.17945 
3021,0.25598 
3022,0.35007 
3023,0.46107 
3024,0.53005 
3025,0.55742 
3026,0.53139 
3027,0.45507 
3028,0.45919 
3029,0.54295 
3030,0.61230 
3031,0.66830 
3032,0.70319 
3033,0.71226 
3034,0.72513 
3035,0.75407 
3036,0.78740 
3037,0.82453 
3038,0.85034 
3039,0.85745 
3040,0.75843 
3041,0.58091 
3042,0.45883 
3043,0.38555 
3044,0.27995 
3045,0.15549 
3046,0.12129 
3047,0.15172 
3048,0.19067 
3049,0.23195 
3050,0.27290 
3051,0.33190 
3052,0.40232 
3053,0.47372 
3054,0.47702 
3055,0.41212 
3056,0.34474 
3057,0.28653 
3058,0.26145 
3059,0.24931 
3060,0.23709 
3061,0.22476 
3062,0.23007 
3063,0.25323 
3064,0.27657 
3065,0.30009 
3066,0.30128 
3067,0.27892 
3068,0.25740 
3069,0.23491 
3070,0.21909 
3071,0.20786 
3072,0.19578 
3073,0.18686 
3074,0.15664 
3075,0.10270 
3076,0.06360 
3077,0.02880 
3078,0.01247 
3079,0.00786 
3080,0.00310 
3081,0.00000 
3082,0.00000 
3083,0.00000 
3084,0.00000 
3085,0.00000 
3086,0.00000 
3087,0.00000 
3088,0.00894 
3089,0.03011 
3090,0.05596 
3091,0.05623 
3092,0.05626 
3093,0.05654 
3094,0.05906 
3095,0.06375 
3096,0.06861 
3097,0.07340 
3098,0.07548 
3099,0.07490 
3100,0.07433 
3101,0.07377 
3102,0.12701 
3103,0.27857 
3104,0.45844 
3105,0.68626 
3106,0.86409 
3107,1.02586 
3108,1.23879 
3109,1.55409 
3110,1.70990 
3111,1.71411 
3112,1.64737 
3113,1.52416 
3114,1.47966 
3115,1.51314 
3116,1.56045 
3117,1.62931 
3118,1.65593 
3119,1.62981 
3120,1.60299 
3121,1.57022 
3122,1.58710 
3123,1.65717 
3124,1.72272 
3125,1.80170 
3126,1.82677 
3127,1.79757 
3128,1.74947 
3129,1.68321 
3130,1.60939 
3131,1.50863 
3132,1.38672 
3133,1.25186 
3134,1.21266 
3135,1.30581 
3136,1.38857 
3137,1.46237 
3138,1.40320 
3139,1.18592 
3140,0.83474 
3141,0.45939 
3142,0.27043 
3143,0.20566 
3144,0.14814 
3145,0.10001 
3146,0.08911 
3147,0.11575 
3148,0.14327 
3149,0.17080 
3150,0.19304 
3151,0.20367 
3152,0.21447 
3153,0.22543 
3154,0.19827 
3155,0.14600 
3156,0.09809 
3157,0.06069 
3158,0.03884 
3159,0.02568 
3160,0.01364 
3161,0.01088 
3162,0.00857 
3163,0.00672 
3164,0.00485 
3165,0.00296 
3166,0.00000 
3167,0.00000 
3168,0.00000 
3169,0.00000 
3170,0.00000 
3171,0.00000 
3172,0.00000 
3173,0.00000 
3174,0.00000 
3175,0.00000 
3176,0.00000 
3177,0.00000 
3178,0.00000 
3179,0.00000 
3180,0.00000 
3181,0.00000 
3182,0.00000 
3183,0.00000 
3184,0.00000 
3185,0.00000 
3186,0.00000 
3187,0.00000 
3188,0.00000 
3189,0.00000 
3190,0.00000 
3191,0.00000 
3192,0.00000 
3193,0.00000 
3194,0.00000 
3195,0.00000 
3196,0.00000 
3197,0.00000 
3198,0.02251 
3199,0.07366 
3200,0.13059 
3201,0.19334 
3202,0.29288 
3203,0.44649 
3204,0.54703 
3205,0.56854 
3206,0.62128 
3207,0.71575 
3208,0.71083 
3209,0.60450 
3210,0.45237 
3211,0.35059 
3212,0.36612 
3213,0.44853 
3214,0.54591 
3215,0.61510 
3216,0.64549 
3217,0.63542 
3218,0.62752 
3219,0.61787 
3220,0.65379 
3221,0.73066 
3222,0.83151 
3223,0.95807 
3224,0.95274 
3225,0.81917 
3226,0.71484 
3227,0.64519 
3228,0.57295 
3229,0.49569 
3230,0.41393 
3231,0.33111 
3232,0.27065 
3233,0.22664 
3234,0.18492 
3235,0.14649 
3236,0.09756 
3237,0.03491 
3238,0.00457 
3239,0.00218 
3240,0.00000 
3241,0.00000 
3242,0.00000 
3243,0.00000 
3244,0.00000 
3245,0.00000 
3246,0.00000 
3247,0.00000 
3248,0.00000 
3249,0.00000 
3250,0.00000 
3251,0.00000 
3252,0.00000 
3253,0.00000 
3254,0.00000 
3255,0.00000 
3256,0.00000 
3257,0.00000 
3258,0.00000 
3259,0.00000 
3260,0.00000 
3261,0.00000 
3262,0.00000 
3263,0.00000 
3264,0.00000 
3265,0.00000 
3266,0.00039 
3267,0.00096 
3268,0.00153 
3269,0.00211 
3270,0.00357 
3271,0.00593 
3272,0.00837 
3273,0.01088 
3274,0.01219 
3275,0.01231 
3276,0.01243 
3277,0.01256 
3278,0.01262 
3279,0.01263 
3280,0.01259 
3281,0.01260 
3282,0.01566 
3283,0.03417 
3284,0.06346 
3285,0.09253 
3286,0.09427 
3287,0.07024 
3288,0.04660 
3289,0.02372 
3290,0.01630 
3291,0.01631 
3292,0.01626 
3293,0.01627 
3294,0.06436 
3295,0.19954 
3296,0.37375 
3297,0.58713 
3298,0.70622 
3299,0.68826 
3300,0.74134 
3301,0.88670 
3302,1.01034 
3303,1.11117 
3304,1.15510 
3305,1.13782 
3306,1.13407 
3307,1.12744 
3308,1.15249 
3309,1.20965 
3310,1.26740 
3311,1.36605 
3312,1.47760 
3313,1.58814 
3314,1.64273 
3315,1.62525 
3316,1.55625 
3317,1.42749 
3318,1.36455 
3319,1.34514 
3320,1.29533 
3321,1.20960 
3322,1.08497 
3323,0.92840 
3324,0.89095 
3325,0.95096 
3326,1.00315 
3327,1.04177 
3328,0.89654 
3329,0.60733 
3330,0.40690 
3331,0.28633 
3332,0.19223 
3333,0.10693 
3334,0.07106 
3335,0.07503 
3336,0.07921 
3337,0.08302 
3338,0.07111 
3339,0.04337 
3340,0.01536 
3341,0.00895 
3342,0.00331 
3343,0.00000 
3344,0.00000 
3345,0.00000 
3346,0.00000 
3347,0.00000 
3348,0.00000 
3349,0.00000 
3350,0.00000 
3351,0.00000 
3352,0.00350 
3353,0.00826 
3354,0.01014 
3355,0.00912 
3356,0.00806 
3357,0.00703 
3358,0.00523 
3359,0.00258 
3360,0.00000 
3361,0.00000 
3362,0.00000 
3363,0.00000 
3364,0.00000 
3365,0.00000 
3366,0.00000 
3367,0.00000 
3368,0.00000 
3369,0.00000 
3370,0.00135 
3371,0.01366 
3372,0.05476 
3373,0.11822 
3374,0.18830 
3375,0.23572 
3376,0.29509 
3377,0.36035 
3378,0.37629 
3379,0.34429 
3380,0.31084 
3381,0.27901 
3382,0.26186 
3383,0.25943 
3384,0.25705 
3385,0.25471 
3386,0.27501 
3387,0.31647 
3388,0.35916 
3389,0.40005 
3390,0.39873 
3391,0.35426 
3392,0.31010 
3393,0.26772 
3394,0.33910 
3395,0.53068 
3396,0.56678 
3397,0.44091 
3398,0.36220 
3399,0.35343 
3400,0.36628 
3401,0.39357 
3402,0.41456 
3403,0.42390 
3404,0.44956 
3405,0.54884 
3406,0.71664 
3407,0.89493 
3408,0.89178 
3409,0.71188 
3410,0.53713 
3411,0.44170 
3412,0.42920 
3413,0.45069 
3414,0.48426 
3415,0.53168 
3416,0.55957 
3417,0.56927 
3418,0.59135 
3419,0.62392 
3420,0.66459 
3421,0.76122 
3422,0.79351 
3423,0.74196 
3424,0.64411 
3425,0.48037 
3426,0.36174 
3427,0.28684 
3428,0.20157 
3429,0.11043 
3430,0.07388 
3431,0.07859 
3432,0.08326 
3433,0.08790 
3434,0.09675 
3435,0.10877 
3436,0.12089 
3437,0.13312 
3438,0.14603 
3439,0.15851 
3440,0.17179 
3441,0.18529 
3442,0.18609 
3443,0.17403 
3444,0.16197 
3445,0.14989 
3446,0.14388 
3447,0.14452 
3448,0.14457 
3449,0.14463 
3450,0.15139 
3451,0.16367 
3452,0.17596 
3453,0.18825 
3454,0.17546 
3455,0.13658 
3456,0.09725 
3457,0.07084 
3458,0.06759 
3459,0.08766 
3460,0.11095 
3461,0.14257 
3462,0.16558 
3463,0.18066 
3464,0.19604 
3465,0.21269 
3466,0.23695 
3467,0.27933 
3468,0.32555 
3469,0.37401 
3470,0.38708 
3471,0.36956 
3472,0.35019 
3473,0.33239 
3474,0.29982 
3475,0.25414 
3476,0.22070 
3477,0.18727 
3478,0.14354 
3479,0.09766 
3480,0.06389 
3481,0.03041 
3482,0.01580 
3483,0.01199 
3484,0.00821 
3485,0.00444 
3486,0.00686 
3487,0.01586 
3488,0.02499 
3489,0.03414 
3490,0.04649 
3491,0.06220 
3492,0.10549 
3493,0.17410 
3494,0.24170 
3495,0.31016 
3496,0.37125 
3497,0.42481 
3498,0.57176 
3499,0.81954 
3500,0.88897 
3501,0.77420 
3502,0.69406 
3503,0.65220 
3504,0.63468 
3505,0.64208 
3506,0.65964 
3507,0.68454 
3508,0.66036 
3509,0.58814 
3510,0.53842 
3511,0.51047 
3512,0.45687 
3513,0.37657 
3514,0.31095 
3515,0.25882 
3516,0.22600 
3517,0.22881 
3518,0.22331 
3519,0.20700 
3520,0.20126 
3521,0.21217 
3522,0.20584 
3523,0.18246 
3524,0.16235 
3525,0.14559 
3526,0.13170 
3527,0.12014 
3528,0.10858 
3529,0.09701 
3530,0.07331 
3531,0.03892 
3532,0.01331 
3533,0.00594 
3534,0.00679 
3535,0.01595 
3536,0.05960 
3537,0.10961 
3538,0.13851 
3539,0.12688 
3540,0.11468 
3541,0.10289 
3542,0.08600 
3543,0.06490 
3544,0.04397 
3545,0.02285 
3546,0.01324 
3547,0.00822 
3548,0.00320 
3549,0.00000 
3550,0.00000 
3551,0.00000 
3552,0.00271 
3553,0.00564 
3554,0.00657 
3555,0.00540 
3556,0.00425 
3557,0.00308 
3558,0.00161 
3559,0.00000 
3560,0.00000 
3561,0.00000 
3562,0.00000 
3563,0.00000 
3564,0.00295 
3565,0.00614 
3566,0.00712 
3567,0.00588 
3568,0.00462 
3569,0.00334 
3570,0.00175 
3571,0.00000 
3572,0.00000 
3573,0.00000 
3574,0.00000 
3575,0.00362 
3576,0.00924 
3577,0.01469 
3578,0.01679 
3579,0.01542 
3580,0.01413 
3581,0.01286 
3582,0.05214 
3583,0.15717 
3584,0.25944 
3585,0.31725 
3586,0.36265 
3587,0.39810 
3588,0.45082 
3589,0.51169 
3590,0.54825 
3591,0.57613 
3592,0.58925 
3593,0.74502 
3594,0.99994 
3595,1.19919 
3596,1.24553 
3597,1.15580 
3598,1.09000 
3599,1.05124 
3600,1.06494 
3601,1.13108 
3602,1.21221 
3603,1.31078 
3604,1.29118 
3605,1.15782 
3606,1.05249 
3607,0.98146 
3608,0.93831 
3609,0.94052 
3610,0.91332 
3611,0.85473 
3612,0.80598 
3613,0.76094 
3614,0.72221 
3615,0.68196 
3616,0.61961 
3617,0.54121 
3618,0.49441 
3619,0.48162 
3620,0.32644 
3621,0.08916 
3622,0.00000 
3623,0.00000 
3624,0.00233 
3625,0.00482 
3626,0.00484 
3627,0.00236 
3628,0.00000 
3629,0.00000 
3630,0.00000 
3631,0.00000 
3632,0.00000 
3633,0.00000 
3634,0.00000 
3635,0.00000 
3636,0.00000 
3637,0.00000 
3638,0.00000 
3639,0.00000 
3640,0.00000 
3641,0.00000 
3642,0.00000 
3643,0.00000 
3644,0.00000 
3645,0.00000 
3646,0.00000 
3647,0.00000 
3648,0.00000 
3649,0.00000 
3650,0.00000 
3651,0.00000 
3652,0.00000 
3653,0.00000 
3654,0.00000 
3655,0.00000 
3656,0.00000 
3657,0.00000 
3658,0.00000 
3659,0.00000 
3660,0.00000 
3661,0.00441 
3662,0.00812 
3663,0.00936 
3664,0.01064 
3665,0.01188 
3666,0.01375 
3667,0.01631 
3668,0.01953 
3669,0.03158 
3670,0.05821 
3671,0.09854 
3672,0.15700 
3673,0.21866 
3674,0.21239 
3675,0.14047 
3676,0.08114 
3677,0.03542 
3678,0.05936 
3679,0.17181 
3680,0.26634 
3681,0.31822 
3682,0.32868 
3683,0.31761 
3684,0.32735 
3685,0.44017 
3686,0.64338 
3687,0.83525 
3688,0.90825 
3689,0.84079 
3690,0.81650 
3691,0.83707 
3692,0.79557 
3693,0.69117 
3694,0.59223 
3695,0.50261 
3696,0.43178 
3697,0.37784 
3698,0.30301 
3699,0.22600 
3700,0.20539 
3701,0.22301 
3702,0.22991 
3703,0.22542 
3704,0.23476 
3705,0.25835 
3706,0.28982 
3707,0.32956 
3708,0.33951 
3709,0.31891 
3710,0.31341 
3711,0.32372 
3712,0.28536 
3713,0.20523 
3714,0.14860 
3715,0.11117 
3716,0.06848 
3717,0.02246 
3718,0.00127 
3719,0.00000 
3720,0.00000 
3721,0.00000 
3722,0.00000 
3723,0.00704 
3724,0.01428 
3725,0.04853 
3726,0.06374 
3727,0.05956 
3728,0.05532 
3729,0.05102 
3730,0.04902 
3731,0.04922 
3732,0.04942 
3733,0.04980 
3734,0.05851 
3735,0.07555 
3736,0.09521 
3737,0.12179 
3738,0.14514 
3739,0.16549 
3740,0.18544 
3741,0.20558 
3742,0.20723 
3743,0.18922 
3744,0.17093 
3745,0.15235 
3746,0.12892 
3747,0.10085 
3748,0.08041 
3749,0.06232 
3750,0.04849 
3751,0.03852 
3752,0.02830 
3753,0.01783 
3754,0.02345 
3755,0.04554 
3756,0.06811 
3757,0.09110 
3758,0.09995 
3759,0.09436 
3760,0.08915 
3761,0.08353 
3762,0.07824 
3763,0.07259 
3764,0.06694 
3765,0.06155 
3766,0.05278 
3767,0.04107 
3768,0.02955 
3769,0.01830 
3770,0.01690 
3771,0.02074 
3772,0.02590 
3773,0.03107 
3774,0.07867 
3775,0.19637 
3776,0.34576 
3777,0.52431 
3778,0.61283 
3779,0.57571 
3780,0.66239 
3781,0.91058 
3782,1.16103 
3783,1.34024 
3784,1.37644 
3785,1.25375 
3786,1.07196 
3787,0.95644 
3788,0.95599 
3789,0.95475 
3790,0.96806 
3791,1.01651 
3792,1.09099 
3793,1.19911 
3794,1.28100 
3795,1.32823 
3796,1.41227 
3797,1.52748 
3798,1.52448 
3799,1.43960 
3800,1.27225 
3801,1.03307 
3802,0.90381 
3803,0.82959 
3804,0.79686 
3805,0.78853 
3806,0.77928 
3807,0.76550 
3808,0.70801 
3809,0.62264 
3810,0.57989 
3811,0.57074 
3812,0.47777 
3813,0.33088 
3814,0.22767 
3815,0.14506 
3816,0.07617 
3817,0.03197 
3818,0.01214 
3819,0.01133 
3820,0.01050 
3821,0.00967 
3822,0.00833 
3823,0.00655 
3824,0.00474 
3825,0.00290 
3826,0.00010 
3827,0.00000 
3828,0.00000 
3829,0.00000 
3830,0.00000 
3831,0.00000 
3832,0.00000 
3833,0.00000 
3834,0.00000 
3835,0.00000 
3836,0.00000 
3837,0.00000 
3838,0.00000 
3839,0.00000 
3840,0.00000 
3841,0.00000 
3842,0.00000 
3843,0.00000 
3844,0.00000 
3845,0.00000 
3846,0.00000 
3847,0.00000 
3848,0.00000 
3849,0.00000 
3850,0.00000 
3851,0.00000 
3852,0.00000 
3853,0.00000 
3854,0.00000 
3855,0.00000 
3856,0.00000 
3857,0.00000 
3858,0.00000 
3859,0.00000 
3860,0.00012 
3861,0.00456 
3862,0.00667 
3863,0.00656 
3864,0.00644 
3865,0.00632 
3866,0.00676 
3867,0.00776 
3868,0.00875 
3869,0.00973 
3870,0.02632 
3871,0.06021 
3872,0.09455 
3873,0.12945 
3874,0.20066 
3875,0.31972 
3876,0.38729 
3877,0.38936 
3878,0.39260 
3879,0.39754 
3880,0.45118 
3881,0.56243 
3882,0.69575 
3883,0.85536 
3884,0.87693 
3885,0.75301 
3886,0.63458 
3887,0.52343 
3888,0.51097 
3889,0.59785 
3890,0.65805 
3891,0.69140 
3892,0.73011 
3893,0.77067 
3894,0.81119 
3895,0.85238 
3896,0.89787 
3897,0.94627 
3898,0.99958 
3899,1.06069 
3900,1.03558 
3901,0.93076 
3902,0.84439 
3903,0.77052 
3904,0.68825 
3905,0.60451 
3906,0.55727 
3907,0.53191 
3908,0.36589 
3909,0.13685 
3910,0.04568 
3911,0.02679 
3912,0.00581 
3913,0.00068 
3914,0.00245 
3915,0.00403 
3916,0.00563 
3917,0.00722 
3918,0.00726 
3919,0.00572 
3920,0.00414 
3921,0.00254 
3922,0.00215 
3923,0.00298 
3924,0.00383 
3925,0.00470 
3926,0.00642 
3927,0.00904 
3928,0.01172 
3929,0.01995 
3930,0.04857 
3931,0.10280 
3932,0.17400 
3933,0.27150 
3934,0.31871 
3935,0.31384 
3936,0.30774 
3937,0.30257 
3938,0.25448 
3939,0.17045 
3940,0.10251 
3941,0.05205 
3942,0.03716 
3943,0.05227 
3944,0.06813 
3945,0.08429 
3946,0.07136 
3947,0.02850 
3948,0.00963 
3949,0.00039 
3950,0.00000 
3951,0.00149 
3952,0.00536 
3953,0.00919 
3954,0.01163 
3955,0.01258 
3956,0.01356 
3957,0.01448 
3958,0.01651 
3959,0.02607 
3960,0.03528 
3961,0.04434 
3962,0.05097 
3963,0.05532 
3964,0.05962 
3965,0.06409 
3966,0.11193 
3967,0.24088 
3968,0.41587 
3969,0.63586 
3970,0.72353 
3971,0.62611 
3972,0.64618 
3973,0.82052 
3974,0.94582 
3975,1.01375 
3976,1.07516 
3977,1.12265 
3978,1.20092 
3979,1.30310 
3980,1.38622 
3981,1.44279 
3982,1.48547 
3983,1.51528 
3984,1.51842 
3985,1.48537 
3986,1.46816 
3987,1.46701 
3988,1.47953 
3989,1.49432 
3990,1.47986 
3991,1.44445 
3992,1.40582 
3993,1.36871 
3994,1.34688 
3995,1.35203 
3996,1.28310 
3997,1.15393 
3998,1.04473 
3999,0.95826 
4000,0.89408 
4001,0.84157 
4002,0.75979 
4003,0.64638 
4004,0.48365 
4005,0.29138 
4006,0.22577 
4007,0.24552 
4008,0.26602 
4009,0.31828 
4010,0.37924 
4011,0.43494 
4012,0.49958 
4013,0.57924 
4014,0.62026 
4015,0.62585 
4016,0.62971 
4017,0.63546 
4018,0.70001 
4019,0.83233 
4020,0.98590 
4021,1.14145 
4022,1.21012 
4023,1.20123 
4024,1.18718 
4025,1.17284 
4026,1.14518 
4027,1.10379 
4028,1.06497 
4029,1.02179 
4030,1.03561 
4031,1.10525 
4032,1.17681 
4033,1.25038 
4034,1.28259 
4035,1.26720 
4036,1.24707 
4037,1.23099 
4038,1.14357 
4039,0.98012 
4040,0.84072 
4041,0.69963 
4042,0.54285 
4043,0.36520 
4044,0.26723 
4045,0.17903 
4046,0.12001 
4047,0.08171 
4048,0.05371 
4049,0.02559 
4050,0.01917 
4051,0.03409 
4052,0.04879 
4053,0.06303 
4054,0.06722 
4055,0.06098 
4056,0.05522 
4057,0.04948 
4058,0.05464 
4059,0.07030 
4060,0.08828 
4061,0.11213 
4062,0.14891 
4063,0.20088 
4064,0.25394 
4065,0.30762 
4066,0.36795 
4067,0.44689 
4068,0.52592 
4069,0.62939 
4070,0.71382 
4071,0.76246 
4072,0.80657 
4073,0.84628 
4074,0.85382 
4075,0.83074 
4076,0.78224 
4077,0.70898 
4078,0.67311 
4079,0.67552 
4080,0.62145 
4081,0.50845 
4082,0.40935 
4083,0.32199 
4084,0.31063 
4085,0.37675 
4086,0.46885 
4087,0.58917 
4088,0.66764 
4089,0.70535 
4090,0.75108 
4091,0.80420 
4092,0.77365 
4093,0.66467 
4094,0.55131 
4095,0.47357 
4096,0.44321 
4097,0.43445 
4098,0.44921 
4099,0.48434 
4100,0.50501 
4101,0.51787 
4102,0.45419 
4103,0.32920 
4104,0.24000 
4105,0.18111 
4106,0.15037 
4107,0.14380 
4108,0.13833 
4109,0.13323 
4110,0.11744 
4111,0.09013 
4112,0.06343 
4113,0.04586 
4114,0.02998 
4115,0.01560 
4116,0.00931 
4117,0.00629 
4118,0.01006 
4119,0.05475 
4120,0.12808 
4121,0.22960 
4122,0.26905 
4123,0.23386 
4124,0.19864 
4125,0.16314 
4126,0.15095 
4127,0.15240 
4128,0.15438 
4129,0.15641 
4130,0.14469 
4131,0.11933 
4132,0.09314 
4133,0.07120 
4134,0.06886 
4135,0.08105 
4136,0.10021 
4137,0.11973 
4138,0.12515 
4139,0.11540 
4140,0.10505 
4141,0.09489 
4142,0.10093 
4143,0.12415 
4144,0.14699 
4145,0.16981 
4146,0.18432 
4147,0.18972 
4148,0.19500 
4149,0.20220 
4150,0.22146 
4151,0.25053 
4152,0.27934 
4153,0.30611 
4154,0.35048 
4155,0.40730 
4156,0.46218 
4157,0.51804 
4158,0.63903 
4159,0.83356 
4160,1.05135 
4161,1.28193 
4162,1.45403 
4163,1.58669 
4164,1.60027 
4165,1.46940 
4166,1.33113 
4167,1.19874 
4168,1.05683 
4169,0.88282 
4170,0.77088 
4171,0.72820 
4172,0.73010 
4173,0.76297 
4174,0.76252 
4175,0.72099 
4176,0.70482 
4177,0.71003 
4178,0.79597 
4179,0.95464 
4180,1.07797 
4181,1.17078 
4182,1.22716 
4183,1.25074 
4184,1.23979 
4185,1.18822 
4186,1.08407 
4187,0.93037 
4188,0.80374 
4189,0.72708 
4190,0.67798 
4191,0.66237 
4192,0.63626 
4193,0.60181 
4194,0.60011 
4195,0.62539 
4196,0.63270 
4197,0.64570 
4198,0.58322 
4199,0.45639 
4200,0.36627 
4201,0.28518 
4202,0.23425 
4203,0.21004 
4204,0.18518 
4205,0.16028 
4206,0.14866 
4207,0.14955 
4208,0.15087 
4209,0.15220 
4210,0.13438 
4211,0.10251 
4212,0.07004 
4213,0.04691 
4214,0.03122 
4215,0.02087 
4216,0.01117 
4217,0.00898 
4218,0.00616 
4219,0.00265 
4220,0.00000 
4221,0.00000 
4222,0.00000 
4223,0.00000 
4224,0.00000 
4225,0.00074 
4226,0.00009 
4227,0.00000 
4228,0.00000 
4229,0.00000 
4230,0.00000 
4231,0.00000 
4232,0.00000 
4233,0.00000 
4234,0.00000 
4235,0.00000 
4236,0.00000 
4237,0.00000 
4238,0.00000 
4239,0.00000 
4240,0.00011 
4241,0.00421 
4242,0.00574 
4243,0.00467 
4244,0.00362 
4245,0.00259 
4246,0.00403 
4247,0.00779 
4248,0.01145 
4249,0.01898 
4250,0.02979 
4251,0.03399 
4252,0.03828 
4253,0.04240 
4254,0.08125 
4255,0.17353 
4256,0.28874 
4257,0.42476 
4258,0.49359 
4259,0.46916 
4260,0.50904 
4261,0.63109 
4262,0.75023 
4263,0.86542 
4264,0.91046 
4265,0.86755 
4266,0.81813 
4267,0.76394 
4268,0.76195 
4269,0.81926 
4270,0.87718 
4271,0.93146 
4272,0.95778 
4273,0.95014 
4274,0.96134 
4275,0.98623 
4276,0.97282 
4277,0.91726 
4278,0.87351 
4279,0.84118 
4280,0.80706 
4281,0.77052 
4282,0.74310 
4283,0.72244 
4284,0.66439 
4285,0.57474 
4286,0.50089 
4287,0.44180 
4288,0.40199 
4289,0.38070 
4290,0.35539 
4291,0.32503 
4292,0.28163 
4293,0.23529 
4294,0.22568 
4295,0.26093 
4296,0.37150 
4297,0.49748 
4298,0.49527 
4299,0.36410 
4300,0.24815 
4301,0.18335 
4302,0.17708 
4303,0.23027 
4304,0.30649 
4305,0.40397 
4306,0.50766 
4307,0.62374 
4308,0.74257 
4309,0.88216 
4310,0.98377 
4311,1.03984 
4312,1.09691 
4313,1.15771 
4314,1.20873 
4315,1.25849 
4316,1.31332 
4317,1.36573 
4318,1.38701 
4319,1.37585 
4320,1.36854 
4321,1.35650 
4322,1.45338 
4323,1.66159 
4324,1.86574 
4325,2.06151 
4326,2.17313 
4327,2.21014 
4328,2.24843 
4329,2.28809 
4330,2.26183 
4331,2.18018 
4332,2.09673 
4333,2.00400 
4334,1.96431 
4335,1.95685 
4336,1.95667 
4337,1.94927 
4338,1.87655 
4339,1.73010 
4340,1.58008 
4341,1.43798 
4342,1.33491 
4343,1.27776 
4344,1.22709 
4345,1.17419 
4346,1.16251 
4347,1.18267 
4348,1.20649 
4349,1.22616 
4350,1.29460 
4351,1.41115 
4352,1.52687 
4353,1.64281 
4354,1.84022 
4355,2.09801 
4356,2.30192 
4357,2.43295 
4358,2.51478 
4359,2.53981 
4360,2.55623 
4361,2.57051 
4362,2.62410 
4363,2.65504 
4364,2.64215 
4365,2.63132 
4366,2.62001 
4367,2.60815 
4368,2.56395 
4369,2.43779 
4370,2.32122 
4371,2.25794 
4372,2.18542 
4373,2.08837 
4374,2.01137 
4375,1.95908 
4376,1.91774 
4377,1.87939 
4378,1.93178 
4379,2.06946 
4380,2.11408 
4381,2.08768 
4382,2.12579 
4383,2.23351 
4384,2.36615 
4385,2.48897 
4386,2.49028 
4387,2.37348 
4388,2.22611 
4389,2.05774 
4390,1.88657 
4391,1.72097 
4392,1.55992 
4393,1.41079 
4394,1.33764 
4395,1.32051 
4396,1.30667 
4397,1.28930 
4398,1.33793 
4399,1.44235 
4400,1.54596 
4401,1.65069 
4402,1.68827 
4403,1.65457 
4404,1.62461 
4405,1.58997 
4406,1.52901 
4407,1.44005 
4408,1.33397 
4409,1.22843 
4410,1.14189 
4411,1.08210 
4412,1.01789 
4413,0.95254 
4414,0.92912 
4415,0.95207 
4416,0.97309 
4417,0.99506 
4418,0.99082 
4419,0.95915 
4420,0.92375 
4421,0.89493 
4422,0.88642 
4423,0.89865 
4424,0.90804 
4425,0.92088 
4426,0.91222 
4427,0.88465 
4428,0.85647 
4429,0.82463 
4430,0.76030 
4431,0.65784 
4432,0.57456 
4433,0.50117 
4434,0.41552 
4435,0.33171 
4436,0.27867 
4437,0.22677 
4438,0.18273 
4439,0.15171 
4440,0.12175 
4441,0.09281 
4442,0.08826 
4443,0.10745 
4444,0.12680 
4445,0.14555 
4446,0.19910 
4447,0.31370 
4448,0.40237 
4449,0.42567 
4450,0.41760 
4451,0.38829 
4452,0.41809 
4453,0.51478 
4454,0.60085 
4455,0.67783 
4456,0.71057 
4457,0.69559 
4458,0.71119 
4459,0.76061 
4460,0.72540 
4461,0.61227 
4462,0.47737 
4463,0.39497 
4464,0.38501 
4465,0.38902 
4466,0.40317 
4467,0.43303 
4468,0.39399 
4469,0.28869 
4470,0.19884 
4471,0.12364 
4472,0.10825 
4473,0.17060 
4474,0.21774 
4475,0.24418 
4476,0.23307 
4477,0.18244 
4478,0.12442 
4479,0.10435 
4480,0.12720 
4481,0.17102 
4482,0.24351 
4483,0.32137 
4484,0.33421 
4485,0.29421 
4486,0.26703 
4487,0.29221 
4488,0.34727 
4489,0.40199 
4490,0.42895 
4491,0.42895 
4492,0.43007 
4493,0.43007 
4494,0.40964 
4495,0.36713 
4496,0.32394 
4497,0.28004 
4498,0.25263 
4499,0.24658 
4500,0.23981 
4501,0.23364 
4502,0.24126 
4503,0.26270 
4504,0.30053 
4505,0.33923 
4506,0.40972 
4507,0.52583 
4508,0.67233 
4509,0.82534 
4510,0.90682 
4511,0.88529 
4512,0.86567 
4513,0.84903 
4514,0.84342 
4515,0.85193 
4516,0.85774 
4517,0.86364 
4518,0.87547 
4519,0.89064 
4520,0.90635 
4521,0.91933 
4522,0.91413 
4523,0.88346 
4524,0.85547 
4525,0.82378 
4526,0.88425 
4527,1.04473 
4528,1.22962 
4529,1.41450 
4530,1.40933 
4531,1.21177 
4532,1.02217 
4533,0.85589 
4534,0.74651 
4535,0.68575 
4536,0.62707 
4537,0.57035 
4538,0.54416 
4539,0.54240 
4540,0.53888 
4541,0.53541 
4542,0.51584 
4543,0.47996 
4544,0.44492 
4545,0.41179 
4546,0.37365 
4547,0.33412 
4548,0.34123 
4549,0.39604 
4550,0.41143 
4551,0.39242 
4552,0.37081 
4553,0.35861 
4554,0.39877 
4555,0.49149 
4556,0.51447 
4557,0.47804 
4558,0.45324 
4559,0.56357 
4560,0.67738 
4561,0.87029 
4562,1.05000 
4563,1.19734 
4564,1.27932 
4565,1.29232 
4566,1.34661 
4567,1.44547 
4568,1.47500 
4569,1.44212 
4570,1.33327 
4571,1.16786 
4572,1.05678 
4573,0.98473 
4574,0.96291 
4575,0.97706 
4576,0.91324 
4577,0.78963 
4578,0.67239 
4579,0.56318 
4580,0.48052 
4581,0.41717 
4582,0.34439 
4583,0.28383 
4584,0.24408 
4585,0.22194 
4586,0.22785 
4587,0.27696 
4588,0.33449 
4589,0.39137 
4590,0.48966 
4591,0.63478 
4592,0.80014 
4593,0.97922 
4594,1.12087 
4595,1.22198 
4596,1.32429 
4597,1.42337 
4598,1.46015 
4599,1.43375 
4600,1.40983 
4601,1.38224 
4602,1.38762 
4603,1.42304 
4604,1.46338 
4605,1.50023 
4606,1.49880 
4607,1.44776 
4608,1.39439 
4609,1.34285 
4610,1.30365 
4611,1.28725 
4612,1.26924 
4613,1.25096 
4614,1.15305 
4615,0.97522 
4616,0.81910 
4617,0.66343 
4618,0.53803 
4619,0.43499 
4620,0.33710 
4621,0.27930 
4622,0.25012 
4623,0.25028 
4624,0.25044 
4625,0.24967 
4626,0.26153 
4627,0.28485 
4628,0.30675 
4629,0.32941 
4630,0.40108 
4631,0.51360 
4632,0.64083 
4633,0.79032 
4634,0.87753 
4635,0.90962 
4636,0.94529 
4637,0.98057 
4638,0.94583 
4639,0.85509 
4640,0.77474 
4641,0.69547 
4642,0.67735 
4643,0.71838 
4644,0.69929 
4645,0.61250 
4646,0.54103 
4647,0.50899 
4648,0.50105 
4649,0.56988 
4650,0.72905 
4651,0.90329 
4652,1.02219 
4653,1.05559 
4654,1.01646 
4655,0.90833 
4656,0.84330 
4657,0.82047 
4658,0.84097 
4659,0.90373 
4660,0.85096 
4661,0.68087 
4662,0.50119 
4663,0.39038 
4664,0.38889 
4665,0.45964 
4666,0.54455 
4667,0.60313 
4668,0.57868 
4669,0.47946 
4670,0.37990 
4671,0.31088 
4672,0.27607 
4673,0.26837 
4674,0.27660 
4675,0.27619 
4676,0.22792 
4677,0.15427 
4678,0.10404 
4679,0.07502 
4680,0.05768 
4681,0.04776 
4682,0.04995 
4683,0.05829 
4684,0.07100 
4685,0.08386 
4686,0.08685 
4687,0.07964 
4688,0.07234 
4689,0.06497 
4690,0.06142 
4691,0.06193 
4692,0.06227 
4693,0.06279 
4694,0.05087 
4695,0.02716 
4696,0.00932 
4697,0.00419 
4698,0.00102 
4699,0.00000 
4700,0.00000 
4701,0.00000 
4702,0.00000 
4703,0.00000 
4704,0.00000 
4705,0.00000 
4706,0.00121 
4707,0.00344 
4708,0.00568 
4709,0.00791 
4710,0.00864 
4711,0.00782 
4712,0.00698 
4713,0.00613 
4714,0.00525 
4715,0.00435 
4716,0.00343 
4717,0.00249 
4718,0.00444 
4719,0.00933 
4720,0.01429 
4721,0.03662 
4722,0.04855 
4723,0.04855 
4724,0.04855 
4725,0.04855 
4726,0.06836 
4727,0.11959 
4728,0.17841 
4729,0.25452 
4730,0.29236 
4731,0.28932 
4732,0.28733 
4733,0.28537 
4734,0.32072 
4735,0.39898 
4736,0.49878 
4737,0.60109 
4738,0.62111 
4739,0.60599 
4740,0.60015 
4741,0.58821 
4742,0.62113 
4743,0.69431 
4744,0.70422 
4745,0.64875 
4746,0.61814 
4747,0.62211 
4748,0.62169 
4749,0.61725 
4750,0.60092 
4751,0.57262 
4752,0.51237 
4753,0.42275 
4754,0.31609 
4755,0.21736 
4756,0.17757 
4757,0.16956 
4758,0.15947 
4759,0.14382 
4760,0.15502 
4761,0.19205 
4762,0.23284 
4763,0.28549 
4764,0.28045 
4765,0.21832 
4766,0.17289 
4767,0.14512 
4768,0.12079 
4769,0.09788 
4770,0.07124 
4771,0.04101 
4772,0.02509 
4773,0.02307 
4774,0.01368 
4775,0.00405 
4776,0.00129 
4777,0.00000 
4778,0.00000 
4779,0.00000 
4780,0.00000 
4781,0.00000 
4782,0.00000 
4783,0.00000 
4784,0.00000 
4785,0.00044 
4786,0.00300 
4787,0.00595 
4788,0.00891 
4789,0.01514 
4790,0.01103 
4791,0.00622 
4792,0.00139 
4793,0.00000 
4794,0.00000 
4795,0.00000 
4796,0.00000 
4797,0.00066 
4798,0.00008 
4799,0.00000 
4800,0.00000 
4801,0.00000 
4802,0.00000 
4803,0.00000 
4804,0.00000 
4805,0.00000 
4806,0.00000 
4807,0.00000 
4808,0.00000 
4809,0.00000 
4810,0.00000 
4811,0.00000 
4812,0.00000 
4813,0.00000 
4814,0.00000 
4815,0.00000 
4816,0.00000 
4817,0.00000 
4818,0.00000 
4819,0.00000 
4820,0.00000 
4821,0.00000 
4822,0.00000 
4823,0.00000 
4824,0.00000 
4825,0.00000 
4826,0.00126 
4827,0.00355 
4828,0.00578 
4829,0.00798 
4830,0.04059 
4831,0.11559 
4832,0.20333 
4833,0.30262 
4834,0.37207 
4835,0.40590 
4836,0.45516 
4837,0.51890 
4838,0.59412 
4839,0.67955 
4840,0.72994 
4841,0.73506 
4842,0.74638 
4843,0.76101 
4844,0.78312 
4845,0.81859 
4846,0.87083 
4847,0.94436 
4848,0.92078 
4849,0.80230 
4850,0.67578 
4851,0.54331 
4852,0.50727 
4853,0.56456 
4854,0.60947 
4855,0.64155 
4856,0.65273 
4857,0.64265 
4858,0.63741 
4859,0.63684 
4860,0.59661 
4861,0.52602 
4862,0.45889 
4863,0.39988 
4864,0.37868 
4865,0.38232 
4866,0.37563 
4867,0.35492 
4868,0.27984 
4869,0.17850 
4870,0.11315 
4871,0.08529 
4872,0.06974 
4873,0.07897 
4874,0.09987 
4875,0.11808 
4876,0.13642 
4877,0.16146 
4878,0.18891 
4879,0.21963 
4880,0.25215 
4881,0.30694 
4882,0.31863 
4883,0.28718 
4884,0.25466 
4885,0.23721 
4886,0.20440 
4887,0.15688 
4888,0.11856 
4889,0.08306 
4890,0.06172 
4891,0.05491 
4892,0.04815 
4893,0.04127 
4894,0.03829 
4895,0.03923 
4896,0.04034 
4897,0.04152 
4898,0.04411 
4899,0.04837 
4900,0.05265 
4901,0.05696 
4902,0.06463 
4903,0.07605 
4904,0.09364 
4905,0.11145 
4906,0.12624 
4907,0.13742 
4908,0.14928 
4909,0.16083 
4910,0.16727 
4911,0.16789 
4912,0.16850 
4913,0.16852 
4914,0.18514 
4915,0.22679 
4916,0.26943 
4917,0.31289 
4918,0.33467 
4919,0.33237 
4920,0.32894 
4921,0.32559 
4922,0.30846 
4923,0.28350 
4924,0.25800 
4925,0.23300 
4926,0.26865 
4927,0.41040 
4928,0.60559 
4929,0.84862 
4930,0.91567 
4931,0.75401 
4932,0.71259 
4933,0.80981 
4934,0.89175 
4935,0.95494 
4936,0.97643 
4937,0.95767 
4938,0.95670 
4939,0.98824 
4940,1.05665 
4941,1.21536 
4942,1.26802 
4943,1.21976 
4944,1.14665 
4945,1.07300 
4946,1.05442 
4947,1.10168 
4948,1.17365 
4949,1.25083 
4950,1.28202 
4951,1.24031 
4952,1.17707 
4953,1.08775 
4954,0.99062 
4955,0.88084 
4956,0.79526 
4957,0.73528 
4958,0.70618 
4959,0.69260 
4960,0.63144 
4961,0.53841 
4962,0.44629 
4963,0.35545 
4964,0.27361 
4965,0.20392 
4966,0.14424 
4967,0.10708 
4968,0.07920 
4969,0.06215 
4970,0.05203 
4971,0.03936 
4972,0.02670 
4973,0.01385 
4974,0.01396 
4975,0.02721 
4976,0.04068 
4977,0.05453 
4978,0.05820 
4979,0.05177 
4980,0.04525 
4981,0.03867 
4982,0.03363 
4983,0.03029 
4984,0.02692 
4985,0.02354 
4986,0.02019 
4987,0.01685 
4988,0.01345 
4989,0.01097 
4990,0.01078 
4991,0.01104 
4992,0.01135 
4993,0.01165 
4994,0.01184 
4995,0.01188 
4996,0.01192 
4997,0.01192 
4998,0.01119 
4999,0.00958 
5000,0.00796 
5001,0.00627 
5002,0.00299 
5003,0.00000 
5004,0.00000 
5005,0.00000 
5006,0.00000 
5007,0.00000 
5008,0.00000 
5009,0.00000 
5010,0.00000 
5011,0.00000 
5012,0.00000 
5013,0.00000 
5014,0.00000 
5015,0.00000 
5016,0.00000 
5017,0.00000 
5018,0.00000 
5019,0.00000 
5020,0.00000 
5021,0.00000 
5022,0.02976 
5023,0.09751 
5024,0.17268 
5025,0.25393 
5026,0.32307 
5027,0.38433 
5028,0.42767 
5029,0.43666 
5030,0.43951 
5031,0.43623 
5032,0.46804 
5033,0.54272 
5034,0.62961 
5035,0.73113 
5036,0.75818 
5037,0.70977 
5038,0.68143 
5039,0.66567 
5040,0.61852 
5041,0.54505 
5042,0.44637 
5043,0.37787 
5044,0.35600 
5045,0.32065 
5046,0.27098 
5047,0.33821 
5048,0.32926 
5049,0.35318 
5050,0.40306 
5051,0.47569 
5052,0.50060 
5053,0.47794 
5054,0.47090 
5055,0.47450 
5056,0.43330 
5057,0.35659 
5058,0.29768 
5059,0.25542 
5060,0.19660 
5061,0.14478 
5062,0.11011 
5063,0.09880 
5064,0.10491 
5065,0.12398 
5066,0.15379 
5067,0.17890 
5068,0.20433 
5069,0.22946 
5070,0.26784 
5071,0.31433 
5072,0.36240 
5073,0.41136 
5074,0.36482 
5075,0.23489 
5076,0.15516 
5077,0.09309 
5078,0.06779 
5079,0.07639 
5080,0.08486 
5081,0.09340 
5082,0.09402 
5083,0.08633 
5084,0.07876 
5085,0.07104 
5086,0.06392 
5087,0.05814 
5088,0.05217 
5089,0.04565 
5090,0.04970 
5091,0.06423 
5092,0.08127 
5093,0.10404 
5094,0.09180 
5095,0.05524 
5096,0.02373 
5097,0.00895 
5098,0.00834 
5099,0.01448 
5100,0.04126 
5101,0.06848 
5102,0.10952 
5103,0.16312 
5104,0.22769 
5105,0.30096 
5106,0.39015 
5107,0.48622 
5108,0.58393 
5109,0.71160 
5110,0.75288 
5111,0.70220 
5112,0.64947 
5113,0.59735 
5114,0.55702 
5115,0.51782 
5116,0.48097 
5117,0.44304 
5118,0.47528 
5119,0.62227 
5120,0.82743 
5121,1.08839 
5122,1.25925 
5123,1.31483 
5124,1.54553 
5125,1.98226 
5126,2.15056 
5127,2.06352 
5128,1.95822 
5129,1.83638 
5130,1.72000 
5131,1.59577 
5132,1.50786 
5133,1.42804 
5134,1.43289 
5135,1.47308 
5136,1.47380 
5137,1.43501 
5138,1.36607 
5139,1.27094 
5140,1.20746 
5141,1.18134 
5142,1.17848 
5143,1.19640 
5144,1.19017 
5145,1.15437 
5146,1.12723 
5147,1.10164 
5148,1.05976 
5149,1.01006 
5150,0.94924 
5151,0.87833 
5152,0.78045 
5153,0.66506 
5154,0.61312 
5155,0.60456 
5156,0.45217 
5157,0.23637 
5158,0.17165 
5159,0.16833 
5160,0.14056 
5161,0.12809 
5162,0.10428 
5163,0.05837 
5164,0.02725 
5165,0.00780 
5166,0.00415 
5167,0.00343 
5168,0.00270 
5169,0.00196 
5170,0.00350 
5171,0.00732 
5172,0.01120 
5173,0.02860 
5174,0.03055 
5175,0.01591 
5176,0.00947 
5177,0.00637 
5178,0.00325 
5179,0.00008 
5180,0.00000 
5181,0.00000 
5182,0.00000 
5183,0.00000 
5184,0.00000 
5185,0.00053 
5186,0.00120 
5187,0.00000 
5188,0.00000 
5189,0.00000 
5190,0.00000 
5191,0.00000 
5192,0.00000 
5193,0.00000 
5194,0.00000 
5195,0.00000 
5196,0.00000 
5197,0.00000 
5198,0.00000 
5199,0.00000 
5200,0.00000 
5201,0.00000 
5202,0.00000 
5203,0.00000 
5204,0.00000 
5205,0.00000 
5206,0.00000 
5207,0.00000 
5208,0.00000 
5209,0.00000 
5210,0.00000 
5211,0.00390 
5212,0.00880 
5213,0.01497 
5214,0.08331 
5215,0.21742 
5216,0.38449 
5217,0.58218 
5218,0.67330 
5219,0.64761 
5220,0.66460 
5221,0.71566 
5222,0.78677 
5223,0.87518 
5224,0.94770 
5225,1.00504 
5226,1.08480 
5227,1.18346 
5228,1.23972 
5229,1.24375 
5230,1.25208 
5231,1.26573 
5232,1.26388 
5233,1.24630 
5234,1.23971 
5235,1.24746 
5236,1.23658 
5237,1.21078 
5238,1.19035 
5239,1.18137 
5240,1.14493 
5241,1.07894 
5242,1.02445 
5243,0.97646 
5244,0.94021 
5245,0.90956 
5246,0.88424 
5247,0.85273 
5248,0.77582 
5249,0.66391 
5250,0.55848 
5251,0.45619 
5252,0.35418 
5253,0.25230 
5254,0.16550 
5255,0.11123 
5256,0.07275 
5257,0.05252 
5258,0.04640 
5259,0.04318 
5260,0.03993 
5261,0.03657 
5262,0.04702 
5263,0.07674 
5264,0.11532 
5265,0.15813 
5266,0.18542 
5267,0.18606 
5268,0.18723 
5269,0.18788 
5270,0.18907 
5271,0.19028 
5272,0.19205 
5273,0.19386 
5274,0.16398 
5275,0.11565 
5276,0.06939 
5277,0.03916 
5278,0.02432 
5279,0.02487 
5280,0.02544 
5281,0.02604 
5282,0.02439 
5283,0.02032 
5284,0.01620 
5285,0.01318 
5286,0.01650 
5287,0.03000 
5288,0.04405 
5289,0.05843 
5290,0.07182 
5291,0.08404 
5292,0.10291 
5293,0.12221 
5294,0.16042 
5295,0.22325 
5296,0.29982 
5297,0.39760 
5298,0.50211 
5299,0.57181 
5300,0.64800 
5301,0.74404 
5302,0.71540 
5303,0.57579 
5304,0.47372 
5305,0.37302 
5306,0.28085 
5307,0.20187 
5308,0.13761 
5309,0.08023 
5310,0.10662 
5311,0.22571 
5312,0.37616 
5313,0.55729 
5314,0.66575 
5315,0.67972 
5316,0.73771 
5317,0.84691 
5318,0.95164 
5319,1.04766 
5320,1.10537 
5321,1.11592 
5322,1.14596 
5323,1.18692 
5324,1.22204 
5325,1.24732 
5326,1.26932 
5327,1.28741 
5328,1.29257 
5329,1.28490 
5330,1.28361 
5331,1.28235 
5332,1.26297 
5333,1.21935 
5334,1.18901 
5335,1.16812 
5336,1.14312 
5337,1.10977 
5338,1.06172 
5339,1.00599 
5340,0.95134 
5341,0.89389 
5342,0.83908 
5343,0.78410 
5344,0.69294 
5345,0.57124 
5346,0.47687 
5347,0.40351 
5348,0.30385 
5349,0.19522 
5350,0.12780 
5351,0.07751 
5352,0.02854 
5353,0.01770 
5354,0.01346 
5355,0.00796 
5356,0.00482 
5357,0.00166 
5358,0.00025 
5359,0.00061 
5360,0.00097 
5361,0.00134 
5362,0.00336 
5363,0.00702 
5364,0.01075 
5365,0.02751 
5366,0.03133 
5367,0.02088 
5368,0.01118 
5369,0.00899 
5370,0.00655 
5371,0.00383 
5372,0.00108 
5373,0.00000 
5374,0.00000 
5375,0.00000 
5376,0.00000 
5377,0.00000 
5378,0.00000 
5379,0.00000 
5380,0.00000 
5381,0.00000 
5382,0.00000 
5383,0.00000 
5384,0.00000 
5385,0.00000 
5386,0.00000 
5387,0.00000 
5388,0.00000 
5389,0.00000 
5390,0.00000 
5391,0.00000 
5392,0.00000 
5393,0.00136 
5394,0.00186 
5395,0.00136 
5396,0.00086 
5397,0.00035 
5398,0.00000 
5399,0.00000 
5400,0.00000 
5401,0.00000 
5402,0.00000 
5403,0.00000 
5404,0.00000 
5405,0.00000 
5406,0.03226 
5407,0.10309 
5408,0.16936 
5409,0.22321 
5410,0.22956 
5411,0.19495 
5412,0.20592 
5413,0.28873 
5414,0.38558 
5415,0.46215 
5416,0.51552 
5417,0.54593 
5418,0.60485 
5419,0.69087 
5420,0.69176 
5421,0.60175 
5422,0.51920 
5423,0.44301 
5424,0.41763 
5425,0.44514 
5426,0.46366 
5427,0.47152 
5428,0.47114 
5429,0.46126 
5430,0.44504 
5431,0.42143 
5432,0.43911 
5433,0.49256 
5434,0.56435 
5435,0.64968 
5436,0.61005 
5437,0.45559 
5438,0.30701 
5439,0.22241 
5440,0.18901 
5441,0.14802 
5442,0.09854 
5443,0.04307 
5444,0.02169 
5445,0.03279 
5446,0.04355 
5447,0.04889 
5448,0.03662 
5449,0.00946 
5450,0.01039 
5451,0.03626 
5452,0.06523 
5453,0.11004 
5454,0.12498 
5455,0.10879 
5456,0.09241 
5457,0.07606 
5458,0.05823 
5459,0.03990 
5460,0.02147 
5461,0.00983 
5462,0.00949 
5463,0.01609 
5464,0.03128 
5465,0.04651 
5466,0.04489 
5467,0.02592 
5468,0.01095 
5469,0.00697 
5470,0.00439 
5471,0.00324 
5472,0.00202 
5473,0.00075 
5474,0.00000 
5475,0.00000 
5476,0.00000 
5477,0.00000 
5478,0.00000 
5479,0.00000 
5480,0.00000 
5481,0.00000 
5482,0.00000 
5483,0.00272 
5484,0.00707 
5485,0.01148 
5486,0.01205 
5487,0.00867 
5488,0.00524 
5489,0.00182 
5490,0.00281 
5491,0.00821 
5492,0.01361 
5493,0.03533 
5494,0.04088 
5495,0.02672 
5496,0.01397 
5497,0.01102 
5498,0.01043 
5499,0.01223 
5500,0.01453 
5501,0.02321 
5502,0.02712 
5503,0.03726 
5504,0.05154 
5505,0.06554 
5506,0.06155 
5507,0.04176 
5508,0.03647 
5509,0.04414 
5510,0.04213 
5511,0.03106 
5512,0.04527 
5513,0.08451 
5514,0.12326 
5515,0.16130 
5516,0.17406 
5517,0.16325 
5518,0.15621 
5519,0.15268 
5520,0.16013 
5521,0.17823 
5522,0.20175 
5523,0.23135 
5524,0.22743 
5525,0.19032 
5526,0.16110 
5527,0.14035 
5528,0.12724 
5529,0.12659 
5530,0.12149 
5531,0.11158 
5532,0.09861 
5533,0.08202 
5534,0.05889 
5535,0.02942 
5536,0.02091 
5537,0.02838 
5538,0.03683 
5539,0.05910 
5540,0.07899 
5541,0.09752 
5542,0.11112 
5543,0.11286 
5544,0.11733 
5545,0.12452 
5546,0.12081 
5547,0.10483 
5548,0.08902 
5549,0.07283 
5550,0.07598 
5551,0.09882 
5552,0.12169 
5553,0.14523 
5554,0.15030 
5555,0.13611 
5556,0.12230 
5557,0.10810 
5558,0.11124 
5559,0.13191 
5560,0.15283 
5561,0.18142 
5562,0.21233 
5563,0.24558 
5564,0.28210 
5565,0.34253 
5566,0.34777 
5567,0.29537 
5568,0.26528 
5569,0.23680 
5570,0.23323 
5571,0.25659 
5572,0.28010 
5573,0.30378 
5574,0.36509 
5575,0.46085 
5576,0.55667 
5577,0.68722 
5578,0.77861 
5579,0.82048 
5580,0.86296 
5581,0.90276 
5582,0.92784 
5583,0.93125 
5584,0.93469 
5585,0.93815 
5586,0.89458 
5587,0.80745 
5588,0.72031 
5589,0.63552 
5590,0.54062 
5591,0.43043 
5592,0.32727 
5593,0.26702 
5594,0.27369 
5595,0.36523 
5596,0.49859 
5597,0.65330 
5598,0.76157 
5599,0.79644 
5600,0.82757 
5601,0.85493 
5602,0.81748 
5603,0.72468 
5604,0.63832 
5605,0.56050 
5606,0.48636 
5607,0.40718 
5608,0.32477 
5609,0.26718 
5610,0.21170 
5611,0.16787 
5612,0.12345 
5613,0.08311 
5614,0.05134 
5615,0.02352 
5616,0.01810 
5617,0.02227 
5618,0.02489 
5619,0.02745 
5620,0.03040 
5621,0.03342 
5622,0.03704 
5623,0.04141 
5624,0.04384 
5625,0.04407 
5626,0.04631 
5627,0.05058 
5628,0.04882 
5629,0.04124 
5630,0.03508 
5631,0.03046 
5632,0.02558 
5633,0.02043 
5634,0.01441 
5635,0.00762 
5636,0.00456 
5637,0.00505 
5638,0.00475 
5639,0.00364 
5640,0.00229 
5641,0.00000 
5642,0.00000 
5643,0.00000 
5644,0.00000 
5645,0.00000 
5646,0.00000 
5647,0.00000 
5648,0.00000 
5649,0.00000 
5650,0.00102 
5651,0.00291 
5652,0.00480 
5653,0.00671 
5654,0.00732 
5655,0.00658 
5656,0.00585 
5657,0.00510 
5658,0.00668 
5659,0.01066 
5660,0.02553 
5661,0.04474 
5662,0.05297 
5663,0.05037 
5664,0.04749 
5665,0.04461 
5666,0.04837 
5667,0.05927 
5668,0.07008 
5669,0.08354 
5670,0.07647 
5671,0.05557 
5672,0.03421 
5673,0.01359 
5674,0.00998 
5675,0.00721 
5676,0.00440 
5677,0.00154 
5678,0.00010 
5679,0.00010 
5680,0.00010 
5681,0.00010 
5682,0.00000 
5683,0.00000 
5684,0.00000 
5685,0.00000 
5686,0.00000 
5687,0.00000 
5688,0.00000 
5689,0.00000 
5690,0.00000 
5691,0.00218 
5692,0.00678 
5693,0.01143 
5694,0.02856 
5695,0.05833 
5696,0.07490 
5697,0.07829 
5698,0.09065 
5699,0.11084 
5700,0.11519 
5701,0.11818 
5702,0.09657 
5703,0.04773 
5704,0.06419 
5705,0.13422 
5706,0.20544 
5707,0.27656 
5708,0.31051 
5709,0.32020 
5710,0.34144 
5711,0.37377 
5712,0.35220 
5713,0.27778 
5714,0.22401 
5715,0.18957 
5716,0.19115 
5717,0.22108 
5718,0.24448 
5719,0.27325 
5720,0.30852 
5721,0.35940 
5722,0.37796 
5723,0.34268 
5724,0.31670 
5725,0.28294 
5726,0.21990 
5727,0.14544 
5728,0.09092 
5729,0.05787 
5730,0.05333 
5731,0.05104 
5732,0.04394 
5733,0.03356 
5734,0.02510 
5735,0.01810 
5736,0.01083 
5737,0.00347 
5738,0.00000 
5739,0.00000 
5740,0.00000 
5741,0.00000 
5742,0.00000 
5743,0.00000 
5744,0.00000 
5745,0.00000 
5746,0.00000 
5747,0.00000 
5748,0.00000 
5749,0.00000 
5750,0.00000 
5751,0.00000 
5752,0.00000 
5753,0.00000 
5754,0.00000 
5755,0.00000 
5756,0.00000 
5757,0.00000 
5758,0.00000 
5759,0.00000 
5760,0.00000 
5761,0.00000 
5762,0.00000 
5763,0.00000 
5764,0.00000 
5765,0.00000 
5766,0.00000 
5767,0.00000 
5768,0.00000 
5769,0.00000 
5770,0.00010 
5771,0.00010 
5772,0.00010 
5773,0.00010 
5774,0.00108 
5775,0.00305 
5776,0.00504 
5777,0.00703 
5778,0.01149 
5779,0.03221 
5780,0.06547 
5781,0.10599 
5782,0.13154 
5783,0.13116 
5784,0.13030 
5785,0.12993 
5786,0.11996 
5787,0.11026 
5788,0.11152 
5789,0.11943 
5790,0.19593 
5791,0.38676 
5792,0.63388 
5793,0.99094 
5794,1.17205 
5795,1.09399 
5796,1.08075 
5797,1.15229 
5798,1.17961 
5799,1.17246 
5800,1.16727 
5801,1.12901 
5802,1.12393 
5803,1.14883 
5804,1.14844 
5805,1.13175 
5806,1.11097 
5807,1.08645 
5808,1.09192 
5809,1.13160 
5810,1.17015 
5811,1.21007 
5812,1.22439 
5813,1.20974 
5814,1.20308 
5815,1.20014 
5816,1.15344 
5817,1.07005 
5818,0.99684 
5819,0.93660 
5820,0.87115 
5821,0.80678 
5822,0.78628 
5823,0.82072 
5824,0.79120 
5825,0.73085 
5826,0.72155 
5827,0.86595 
5828,1.13058 
5829,1.38370 
5830,1.40973 
5831,1.19913 
5832,0.97674 
5833,0.75521 
5834,0.58486 
5835,0.43685 
5836,0.32493 
5837,0.23179 
5838,0.18669 
5839,0.15747 
5840,0.13388 
5841,0.11246 
5842,0.11893 
5843,0.15435 
5844,0.20216 
5845,0.25034 
5846,0.25129 
5847,0.20449 
5848,0.15731 
5849,0.12214 
5850,0.09787 
5851,0.08341 
5852,0.06915 
5853,0.05998 
5854,0.06665 
5855,0.10016 
5856,0.13720 
5857,0.17756 
5858,0.19818 
5859,0.18603 
5860,0.17491 
5861,0.16611 
5862,0.17140 
5863,0.19321 
5864,0.22012 
5865,0.24784 
5866,0.26310 
5867,0.26626 
5868,0.26849 
5869,0.27177 
5870,0.26027 
5871,0.23404 
5872,0.20795 
5873,0.18677 
5874,0.16767 
5875,0.14867 
5876,0.12930 
5877,0.11059 
5878,0.11495 
5879,0.14163 
5880,0.16744 
5881,0.19561 
5882,0.21709 
5883,0.23746 
5884,0.27162 
5885,0.30695 
5886,0.38208 
5887,0.52251 
5888,0.70248 
5889,0.90484 
5890,1.07269 
5891,1.18160 
5892,1.27100 
5893,1.33214 
5894,1.36624 
5895,1.37573 
5896,1.37937 
5897,1.35481 
5898,1.33487 
5899,1.33483 
5900,1.32047 
5901,1.29698 
5902,1.28632 
5903,1.28113 
5904,1.27158 
5905,1.26208 
5906,1.26147 
5907,1.27702 
5908,1.27491 
5909,1.25892 
5910,1.23337 
5911,1.20885 
5912,1.17632 
5913,1.13958 
5914,1.10643 
5915,1.08237 
5916,1.02853 
5917,0.95253 
5918,0.89282 
5919,0.85044 
5920,0.76317 
5921,0.64757 
5922,0.54104 
5923,0.44345 
5924,0.35488 
5925,0.26891 
5926,0.19489 
5927,0.13508 
5928,0.08537 
5929,0.04922 
5930,0.03683 
5931,0.04037 
5932,0.04394 
5933,0.04753 
5934,0.05649 
5935,0.07509 
5936,0.09771 
5937,0.12038 
5938,0.13640 
5939,0.14522 
5940,0.15617 
5941,0.16821 
5942,0.17942 
5943,0.18943 
5944,0.19968 
5945,0.21019 
5946,0.22435 
5947,0.24215 
5948,0.26098 
5949,0.28017 
5950,0.27961 
5951,0.26016 
5952,0.23979 
5953,0.21843 
5954,0.24209 
5955,0.31194 
5956,0.43644 
5957,0.56606 
5958,0.60520 
5959,0.52850 
5960,0.45892 
5961,0.38533 
5962,0.31658 
5963,0.25862 
5964,0.19975 
5965,0.15571 
5966,0.13381 
5967,0.13384 
5968,0.13439 
5969,0.13494 
5970,0.14957 
5971,0.17780 
5972,0.20882 
5973,0.24653 
5974,0.25781 
5975,0.24364 
5976,0.22995 
5977,0.21673 
5978,0.22379 
5979,0.25671 
5980,0.29726 
5981,0.33699 
5982,0.38426 
5983,0.43622 
5984,0.46668 
5985,0.47684 
5986,0.53750 
5987,0.65308 
5988,0.83116 
5989,1.03505 
5990,1.09813 
5991,1.00407 
5992,0.93732 
5993,0.88619 
5994,0.90778 
5995,1.00612 
5996,0.99454 
5997,0.88015 
5998,0.69174 
5999,0.47277 
6000,0.35348 
6001,0.29939 
6002,0.26707 
6003,0.24117 
6004,0.22800 
6005,0.22025 
6006,0.22024 
6007,0.22933 
6008,0.24590 
6009,0.27024 
6010,0.30909 
6011,0.36406 
6012,0.34439 
6013,0.25084 
6014,0.16832 
6015,0.09775 
6016,0.07043 
6017,0.08484 
6018,0.08485 
6019,0.07217 
6020,0.06148 
6021,0.04725 
6022,0.03382 
6023,0.02121 
6024,0.01037 
6025,0.00312 
6026,0.00000 
6027,0.00000 
6028,0.00000 
6029,0.00000 
6030,0.00000 
6031,0.00000 
6032,0.00000 
6033,0.00000 
6034,0.00000 
6035,0.00000 
6036,0.00000 
6037,0.00000 
6038,0.00000 
6039,0.00000 
6040,0.00000 
6041,0.00068 
6042,0.00289 
6043,0.00534 
6044,0.00784 
6045,0.01039 
6046,0.01118 
6047,0.01015 
6048,0.00910 
6049,0.00797 
6050,0.00582 
6051,0.00263 
6052,0.00000 
6053,0.00000 
6054,0.00000 
6055,0.00000 
6056,0.00000 
6057,0.00000 
6058,0.00000 
6059,0.00000 
6060,0.00000 
6061,0.00000 
6062,0.00000 
6063,0.00061 
6064,0.00366 
6065,0.00673 
6066,0.00647 
6067,0.00291 
6068,0.00000 
6069,0.00000 
6070,0.00000 
6071,0.00000 
6072,0.00000 
6073,0.00000 
6074,0.00000 
6075,0.00650 
6076,0.02144 
6077,0.03955 
6078,0.04485 
6079,0.03768 
6080,0.03776 
6081,0.04733 
6082,0.04521 
6083,0.03154 
6084,0.05625 
6085,0.11841 
6086,0.17068 
6087,0.21389 
6088,0.25580 
6089,0.29498 
6090,0.34887 
6091,0.41788 
6092,0.44103 
6093,0.42151 
6094,0.40116 
6095,0.38100 
6096,0.40322 
6097,0.46655 
6098,0.53707 
6099,0.61327 
6100,0.61843 
6101,0.55634 
6102,0.52326 
6103,0.52053 
6104,0.47885 
6105,0.39687 
6106,0.30513 
6107,0.23138 
6108,0.20709 
6109,0.21630 
6110,0.21769 
6111,0.21199 
6112,0.19918 
6113,0.18610 
6114,0.18133 
6115,0.17664 
6116,0.15032 
6117,0.10784 
6118,0.06890 
6119,0.03589 
6120,0.01556 
6121,0.00495 
6122,0.00000 
6123,0.00000 
6124,0.00000 
6125,0.00000 
6126,0.00000 
6127,0.00000 
6128,0.00000 
6129,0.00047 
6130,0.00320 
6131,0.00633 
6132,0.00949 
6133,0.01609 
6134,0.02179 
6135,0.01813 
6136,0.01439 
6137,0.01170 
6138,0.02220 
6139,0.04936 
6140,0.08057 
6141,0.12374 
6142,0.19554 
6143,0.32472 
6144,0.53796 
6145,0.84529 
6146,0.88275 
6147,0.64393 
6148,0.44857 
6149,0.29371 
6150,0.22400 
6151,0.18081 
6152,0.14854 
6153,0.11534 
6154,0.08622 
6155,0.06951 
6156,0.05373 
6157,0.03772 
6158,0.02609 
6159,0.01910 
6160,0.01423 
6161,0.01279 
6162,0.01329 
6163,0.01911 
6164,0.03095 
6165,0.04263 
6166,0.04366 
6167,0.03413 
6168,0.02459 
6169,0.01524 
6170,0.02663 
6171,0.05820 
6172,0.09674 
6173,0.14666 
6174,0.18015 
6175,0.19869 
6176,0.19560 
6177,0.17054 
6178,0.14000 
6179,0.10404 
6180,0.09924 
6181,0.12909 
6182,0.15470 
6183,0.17580 
6184,0.17135 
6185,0.15374 
6186,0.14165 
6187,0.14509 
6188,0.18194 
6189,0.24687 
6190,0.30569 
6191,0.35030 
6192,0.39623 
6193,0.44825 
6194,0.51910 
6195,0.62057 
6196,0.71036 
6197,0.76268 
6198,0.83927 
6199,0.90930 
6200,0.97870 
6201,1.05148 
6202,1.14915 
6203,1.26173 
6204,1.34148 
6205,1.38100 
6206,1.37620 
6207,1.32274 
6208,1.30353 
6209,1.31080 
6210,1.17222 
6211,0.88074 
6212,0.61903 
6213,0.41305 
6214,0.31174 
6215,0.27455 
6216,0.24734 
6217,0.21370 
6218,0.18824 
6219,0.17025 
6220,0.15258 
6221,0.13732 
6222,0.12021 
6223,0.09902 
6224,0.07746 
6225,0.05915 
6226,0.06224 
6227,0.09172 
6228,0.12352 
6229,0.15659 
6230,0.17336 
6231,0.16203 
6232,0.15167 
6233,0.14383 
6234,0.15606 
6235,0.20209 
6236,0.24822 
6237,0.30528 
6238,0.32240 
6239,0.28039 
6240,0.25259 
6241,0.22327 
6242,0.20116 
6243,0.18811 
6244,0.17618 
6245,0.16667 
6246,0.16276 
6247,0.16394 
6248,0.16572 
6249,0.16694 
6250,0.19559 
6251,0.26544 
6252,0.33637 
6253,0.46298 
6254,0.43041 
6255,0.28274 
6256,0.17912 
6257,0.09845 
6258,0.08327 
6259,0.12998 
6260,0.17751 
6261,0.23641 
6262,0.26229 
6263,0.25048 
6264,0.23798 
6265,0.22655 
6266,0.17014 
6267,0.10340 
6268,0.08318 
6269,0.09577 
6270,0.12340 
6271,0.14456 
6272,0.17683 
6273,0.22418 
6274,0.27334 
6275,0.32295 
6276,0.34401 
6277,0.33598 
6278,0.32619 
6279,0.31685 
6280,0.33316 
6281,0.37860 
6282,0.43758 
6283,0.50858 
6284,0.53841 
6285,0.50966 
6286,0.48196 
6287,0.44454 
6288,0.44644 
6289,0.49249 
6290,0.52237 
6291,0.53564 
6292,0.52241 
6293,0.48397 
6294,0.45987 
6295,0.45222 
6296,0.41858 
6297,0.36121 
6298,0.31159 
6299,0.27059 
6300,0.24587 
6301,0.23755 
6302,0.22362 
6303,0.20413 
6304,0.15446 
6305,0.07384 
6306,0.04839 
6307,0.08072 
6308,0.12101 
6309,0.16780 
6310,0.20736 
6311,0.23229 
6312,0.24848 
6313,0.25710 
6314,0.40789 
6315,0.80727 
6316,1.29787 
6317,1.74195 
6318,1.92056 
6319,1.86050 
6320,1.79932 
6321,1.73480 
6322,1.72502 
6323,1.76734 
6324,1.81451 
6325,1.86070 
6326,1.75391 
6327,1.48396 
6328,1.18636 
6329,0.87154 
6330,0.71095 
6331,0.67228 
6332,0.63526 
6333,0.59775 
6334,0.56496 
6335,0.53447 
6336,0.51452 
6337,0.49582 
6338,0.55252 
6339,0.73637 
6340,0.92788 
6341,1.15795 
6342,1.22356 
6343,1.12169 
6344,1.01397 
6345,0.91587 
6346,0.80654 
6347,0.67942 
6348,0.56638 
6349,0.47308 
6350,0.38849 
6351,0.32954 
6352,0.28936 
6353,0.24914 
6354,0.20965 
6355,0.17665 
6356,0.14760 
6357,0.11785 
6358,0.07885 
6359,0.04280 
6360,0.01316 
6361,0.00573 
6362,0.00204 
6363,0.00728 
6364,0.01829 
6365,0.02945 
6366,0.08001 
6367,0.17902 
6368,0.23032 
6369,0.21793 
6370,0.21507 
6371,0.22691 
6372,0.24586 
6373,0.27394 
6374,0.30313 
6375,0.33245 
6376,0.34662 
6377,0.34442 
6378,0.35604 
6379,0.37916 
6380,0.36791 
6381,0.32115 
6382,0.28580 
6383,0.26155 
6384,0.22954 
6385,0.19146 
6386,0.14961 
6387,0.10931 
6388,0.10170 
6389,0.14616 
6390,0.17048 
6391,0.17406 
6392,0.14886 
6393,0.10548 
6394,0.05112 
6395,0.01958 
6396,0.02045 
6397,0.04728 
6398,0.08725 
6399,0.11343 
6400,0.12678 
6401,0.12683 
6402,0.14145 
6403,0.16845 
6404,0.15700 
6405,0.11044 
6406,0.08829 
6407,0.10854 
6408,0.16185 
6409,0.25076 
6410,0.29624 
6411,0.25260 
6412,0.22233 
6413,0.19244 
6414,0.18180 
6415,0.19076 
6416,0.19982 
6417,0.20900 
6418,0.26447 
6419,0.43805 
6420,0.67197 
6421,0.95627 
6422,1.01509 
6423,0.82154 
6424,0.65653 
6425,0.49605 
6426,0.54760 
6427,0.82208 
6428,1.15851 
6429,1.48508 
6430,1.70846 
6431,1.84471 
6432,1.98816 
6433,2.13775 
6434,2.10746 
6435,1.88602 
6436,1.65454 
6437,1.41532 
6438,1.29361 
6439,1.31189 
6440,1.32596 
6441,1.34034 
6442,1.35008 
6443,1.35497 
6444,1.35990 
6445,1.36486 
6446,1.22501 
6447,0.95193 
6448,0.71303 
6449,0.51513 
6450,0.44175 
6451,0.46932 
6452,0.49507 
6453,0.52062 
6454,0.45517 
6455,0.31945 
6456,0.23355 
6457,0.16026 
6458,0.11220 
6459,0.08639 
6460,0.07762 
6461,0.06906 
6462,0.10087 
6463,0.17448 
6464,0.22556 
6465,0.25383 
6466,0.30467 
6467,0.37914 
6468,0.40222 
6469,0.37065 
6470,0.33017 
6471,0.30204 
6472,0.29486 
6473,0.27883 
6474,0.24993 
6475,0.26754 
6476,0.28754 
6477,0.35917 
6478,0.46242 
6479,0.60161 
6480,0.60696 
6481,0.47411 
6482,0.37634 
6483,0.32124 
6484,0.28032 
6485,0.22259 
6486,0.12961 
6487,0.06354 
6488,0.05688 
6489,0.05172 
6490,0.03767 
6491,0.15692 
6492,0.16110 
6493,0.16578 
6494,0.24533 
6495,0.39565 
6496,0.40178 
6497,0.27325 
6498,0.18817 
6499,0.14521 
6500,0.13100 
6501,0.14497 
6502,0.15860 
6503,0.17268 
6504,0.20719 
6505,0.24948 
6506,0.24392 
6507,0.19028 
6508,0.14035 
6509,0.10052 
6510,0.07606 
6511,0.06782 
6512,0.06256 
6513,0.05723 
6514,0.07196 
6515,0.12309 
6516,0.18063 
6517,0.25145 
6518,0.32329 
6519,0.39199 
6520,0.45970 
6521,0.53569 
6522,0.51626 
6523,0.41985 
6524,0.32187 
6525,0.25449 
6526,0.23761 
6527,0.25974 
6528,0.28274 
6529,0.30667 
6530,0.30627 
6531,0.28054 
6532,0.25444 
6533,0.22796 
6534,0.20897 
6535,0.19750 
6536,0.18632 
6537,0.17820 
6538,0.17471 
6539,0.17604 
6540,0.17739 
6541,0.17877 
6542,0.15309 
6543,0.10071 
6544,0.06210 
6545,0.02811 
6546,0.01481 
6547,0.01820 
6548,0.02293 
6549,0.02751 
6550,0.03766 
6551,0.05329 
6552,0.06823 
6553,0.08409 
6554,0.11254 
6555,0.16174 
6556,0.23125 
6557,0.32160 
6558,0.34421 
6559,0.30707 
6560,0.27764 
6561,0.26100 
6562,0.26174 
6563,0.27160 
6564,0.29998 
6565,0.34911 
6566,0.41358 
6567,0.47466 
6568,0.50170 
6569,0.48921 
6570,0.48815 
6571,0.49612 
6572,0.50029 
6573,0.50205 
6574,0.52312 
6575,0.56248 
6576,0.52823 
6577,0.42178 
6578,0.30699 
6579,0.19607 
6580,0.18223 
6581,0.25493 
6582,0.32594 
6583,0.39876 
6584,0.43042 
6585,0.41021 
6586,0.40387 
6587,0.40496 
6588,0.41417 
6589,0.43304 
6590,0.49214 
6591,0.62270 
6592,0.78304 
6593,0.97409 
6594,0.98474 
6595,0.79468 
6596,0.63855 
6597,0.51931 
6598,0.45526 
6599,0.42274 
6600,0.38487 
6601,0.34441 
6602,0.29623 
6603,0.25123 
6604,0.22056 
6605,0.18986 
6606,0.17889 
6607,0.18773 
6608,0.19668 
6609,0.20635 
6610,0.18526 
6611,0.14001 
6612,0.10251 
6613,0.06590 
6614,0.04835 
6615,0.03735 
6616,0.02607 
6617,0.01469 
6618,0.01095 
6619,0.00979 
6620,0.00863 
6621,0.00746 
6622,0.00563 
6623,0.00314 
6624,0.00053 
6625,0.00000 
6626,0.00000 
6627,0.00000 
6628,0.00000 
6629,0.00000 
6630,0.00000 
6631,0.00000 
6632,0.00000 
6633,0.00000 
6634,0.00000 
6635,0.00000 
6636,0.00000 
6637,0.00000 
6638,0.00000 
6639,0.00000 
6640,0.00000 
6641,0.00000 
6642,0.00000 
6643,0.00000 
6644,0.00000 
6645,0.00000 
6646,0.00000 
6647,0.00000 
6648,0.00000 
6649,0.00000 
6650,0.00000 
6651,0.00875 
6652,0.01483 
6653,0.02094 
6654,0.06975 
6655,0.16763 
6656,0.24192 
6657,0.29256 
6658,0.34674 
6659,0.39823 
6660,0.42989 
6661,0.44387 
6662,0.44388 
6663,0.44943 
6664,0.45850 
6665,0.56995 
6666,0.76534 
6667,0.92441 
6668,0.98668 
6669,0.94929 
6670,0.95643 
6671,1.00917 
6672,0.97286 
6673,0.84683 
6674,0.72820 
6675,0.62205 
6676,0.56622 
6677,0.56129 
6678,0.52904 
6679,0.47064 
6680,0.48580 
6681,0.57472 
6682,0.66135 
6683,0.74677 
6684,0.72477 
6685,0.61157 
6686,0.50718 
6687,0.41535 
6688,0.38530 
6689,0.39799 
6690,0.39245 
6691,0.36769 
6692,0.29833 
6693,0.21277 
6694,0.15197 
6695,0.10566 
6696,0.05543 
6697,0.01453 
6698,0.00000 
6699,0.00000 
6700,0.00000 
6701,0.00000 
6702,0.00000 
6703,0.00000 
6704,0.00000 
6705,0.00000 
6706,0.00000 
6707,0.00000 
6708,0.00000 
6709,0.00000 
6710,0.00000 
6711,0.00000 
6712,0.00000 
6713,0.00000 
6714,0.00000 
6715,0.00000 
6716,0.00000 
6717,0.00000 
6718,0.00000 
6719,0.00000 
6720,0.00000 
6721,0.00000 
6722,0.00000 
6723,0.00000 
6724,0.00000 
6725,0.00000 
6726,0.00000 
6727,0.00000 
6728,0.00000 
6729,0.00000 
6730,0.00000 
6731,0.00000 
6732,0.00000 
6733,0.00000 
6734,0.00000 
6735,0.00000 
6736,0.00000 
6737,0.00000 
6738,0.00000 
6739,0.00000 
6740,0.00000 
6741,0.00000 
6742,0.00000 
6743,0.00000 
6744,0.00000 
6745,0.00000 
6746,0.00518 
6747,0.02491 
6748,0.04221 
6749,0.05881 
6750,0.08577 
6751,0.12366 
6752,0.14700 
6753,0.15527 
6754,0.16793 
6755,0.18442 
6756,0.19131 
6757,0.18799 
6758,0.18983 
6759,0.19660 
6760,0.19665 
6761,0.19142 
6762,0.18077 
6763,0.16600 
6764,0.17628 
6765,0.21194 
6766,0.24265 
6767,0.26912 
6768,0.28745 
6769,0.29789 
6770,0.32424 
6771,0.36538 
6772,0.36057 
6773,0.31286 
6774,0.27369 
6775,0.24495 
6776,0.23109 
6777,0.23012 
6778,0.22361 
6779,0.21170 
6780,0.20692 
6781,0.21076 
6782,0.21341 
6783,0.21485 
6784,0.20440 
6785,0.18134 
6786,0.16486 
6787,0.15364 
6788,0.13379 
6789,0.10463 
6790,0.07681 
6791,0.04912 
6792,0.02792 
6793,0.01327 
6794,0.00636 
6795,0.00639 
6796,0.00644 
6797,0.00648 
6798,0.00509 
6799,0.00230 
6800,0.00000 
6801,0.00000 
6802,0.00000 
6803,0.00000 
6804,0.00000 
6805,0.00091 
6806,0.00175 
6807,0.00175 
6808,0.00176 
6809,0.00176 
6810,0.00388 
6811,0.00816 
6812,0.01250 
6813,0.03201 
6814,0.03869 
6815,0.03108 
6816,0.02303 
6817,0.01462 
6818,0.01192 
6819,0.00908 
6820,0.00627 
6821,0.00342 
6822,0.00034 
6823,0.00000 
6824,0.00000 
6825,0.00000 
6826,0.00000 
6827,0.00000 
6828,0.00000 
6829,0.00213 
6830,0.00317 
6831,0.00113 
6832,0.00000 
6833,0.00000 
6834,0.00000 
6835,0.00000 
6836,0.00000 
6837,0.00000 
6838,0.00000 
6839,0.00000 
6840,0.00000 
6841,0.00000 
6842,0.00294 
6843,0.00917 
6844,0.01548 
6845,0.02179 
6846,0.03266 
6847,0.04787 
6848,0.08558 
6849,0.14558 
6850,0.20416 
6851,0.26200 
6852,0.31089 
6853,0.35300 
6854,0.39995 
6855,0.45252 
6856,0.47362 
6857,0.46082 
6858,0.46507 
6859,0.48743 
6860,0.47134 
6861,0.41766 
6862,0.38378 
6863,0.37020 
6864,0.31571 
6865,0.22090 
6866,0.09773 
6867,0.02460 
6868,0.02746 
6869,0.07367 
6870,0.14144 
6871,0.18657 
6872,0.20310 
6873,0.19013 
6874,0.19093 
6875,0.20573 
6876,0.19844 
6877,0.17322 
6878,0.14840 
6879,0.12187 
6880,0.10494 
6881,0.09781 
6882,0.08867 
6883,0.07769 
6884,0.07186 
6885,0.07084 
6886,0.06739 
6887,0.06171 
6888,0.05371 
6889,0.04357 
6890,0.04832 
6891,0.06741 
6892,0.09662 
6893,0.12663 
6894,0.18075 
6895,0.27292 
6896,0.43133 
6897,0.63472 
6898,0.73170 
6899,0.69172 
6900,0.65149 
6901,0.61100 
6902,0.70913 
6903,0.96918 
6904,1.26092 
6905,1.53794 
6906,1.56785 
6907,1.34823 
6908,1.12032 
6909,0.88548 
6910,0.83743 
6911,0.95646 
6912,1.08807 
6913,1.22523 
6914,1.16307 
6915,0.89717 
6916,0.67192 
6917,0.48362 
6918,0.48716 
6919,0.68685 
6920,0.93077 
6921,1.22497 
6922,1.38042 
6923,1.39113 
6924,1.39667 
6925,1.40762 
6926,1.24805 
6927,0.93950 
6928,0.66766 
6929,0.46381 
6930,0.32559 
6931,0.25156 
6932,0.18431 
6933,0.13075 
6934,0.09074 
6935,0.07234 
6936,0.05509 
6937,0.03824 
6938,0.03026 
6939,0.03148 
6940,0.03297 
6941,0.03580 
6942,0.05323 
6943,0.08595 
6944,0.11997 
6945,0.15410 
6946,0.21952 
6947,0.32676 
6948,0.41035 
6949,0.47367 
6950,0.51725 
6951,0.48202 
6952,0.45513 
6953,0.43912 
6954,0.42778 
6955,0.42226 
6956,0.44958 
6957,0.50765 
6958,0.55116 
6959,0.57741 
6960,0.57702 
6961,0.55084 
6962,0.51994 
6963,0.48790 
6964,0.42476 
6965,0.33720 
6966,0.27691 
6967,0.24457 
6968,0.22385 
6969,0.21435 
6970,0.17057 
6971,0.09999 
6972,0.08909 
6973,0.15803 
6974,0.28679 
6975,0.46097 
6976,0.46900 
6977,0.33210 
6978,0.24770 
6979,0.20924 
6980,0.17330 
6981,0.13929 
6982,0.10713 
6983,0.08199 
6984,0.06427 
6985,0.05550 
6986,0.04870 
6987,0.04163 
6988,0.03447 
6989,0.02722 
6990,0.03491 
6991,0.05783 
6992,0.08787 
6993,0.12429 
6994,0.15066 
6995,0.16799 
6996,0.18922 
6997,0.21059 
6998,0.25705 
6999,0.36294 
7000,0.49285 
7001,0.66854 
7002,0.69224 
7003,0.55546 
7004,0.44895 
7005,0.34979 
7006,0.35447 
7007,0.46586 
7008,0.59431 
7009,0.76168 
7010,0.74626 
7011,0.55596 
7012,0.41244 
7013,0.29427 
7014,0.27013 
7015,0.30226 
7016,0.33512 
7017,0.39126 
7018,0.48923 
7019,0.63411 
7020,0.83139 
7021,1.03537 
7022,1.23574 
7023,1.39851 
7024,1.55948 
7025,1.71027 
7026,1.68101 
7027,1.46976 
7028,1.24861 
7029,1.02774 
7030,0.90317 
7031,0.84823 
7032,0.79067 
7033,0.73393 
7034,0.60204 
7035,0.44720 
7036,0.32651 
7037,0.24709 
7038,0.22219 
7039,0.23602 
7040,0.26220 
7041,0.29962 
7042,0.36050 
7043,0.45294 
7044,0.53141 
7045,0.59365 
7046,0.66730 
7047,0.75764 
7048,0.78383 
7049,0.74387 
7050,0.65286 
7051,0.56367 
7052,0.55939 
7053,0.66627 
7054,0.80699 
7055,0.89213 
7056,0.91655 
7057,0.89238 
7058,0.92853 
7059,1.02449 
7060,0.95326 
7061,0.72171 
7062,0.46667 
7063,0.49345 
7064,0.54885 
7065,0.67390 
7066,0.77560 
7067,0.83939 
7068,0.85404 
7069,0.81260 
7070,0.80325 
7071,0.81818 
7072,0.75722 
7073,0.64353 
7074,0.58166 
7075,0.56200 
7076,0.49016 
7077,0.38990 
7078,0.32972 
7079,0.28376 
7080,0.24631 
7081,0.21879 
7082,0.21692 
7083,0.24149 
7084,0.26557 
7085,0.30842 
7086,0.31034 
7087,0.27137 
7088,0.24987 
7089,0.22796 
7090,0.25916 
7091,0.39859 
7092,0.57444 
7093,0.79303 
7094,0.87340 
7095,0.78279 
7096,0.70426 
7097,0.62469 
7098,0.51596 
7099,0.41973 
7100,0.32186 
7101,0.25375 
7102,0.21269 
7103,0.18241 
7104,0.15732 
7105,0.13458 
7106,0.15891 
7107,0.24992 
7108,0.37146 
7109,0.55436 
7110,0.64876 
7111,0.60462 
7112,0.57129 
7113,0.53999 
7114,0.58219 
7115,0.72698 
7116,0.88928 
7117,1.06303 
7118,1.06729 
7119,0.90342 
7120,0.74720 
7121,0.60306 
7122,0.50515 
7123,0.41961 
7124,0.34381 
7125,0.29644 
7126,0.27237 
7127,0.27032 
7128,0.26830 
7129,0.26632 
7130,0.23958 
7131,0.19213 
7132,0.15702 
7133,0.12244 
7134,0.12403 
7135,0.16038 
7136,0.19107 
7137,0.21803 
7138,0.26349 
7139,0.32333 
7140,0.43752 
7141,0.58476 
7142,0.69527 
7143,0.69195 
7144,0.66680 
7145,0.61045 
7146,0.69189 
7147,0.96020 
7148,1.27292 
7149,1.55494 
7150,1.60042 
7151,1.41461 
7152,1.23336 
7153,1.05580 
7154,0.93784 
7155,0.87485 
7156,0.83153 
7157,0.81097 
7158,0.81941 
7159,0.85484 
7160,0.86091 
7161,0.84197 
7162,0.74445 
7163,0.57067 
7164,0.43883 
7165,0.33187 
7166,0.28475 
7167,0.26744 
7168,0.24865 
7169,0.22841 
7170,0.20311 
7171,0.17251 
7172,0.15769 
7173,0.15821 
7174,0.16003 
7175,0.16259 
7176,0.14896 
7177,0.11888 
7178,0.11308 
7179,0.13100 
7180,0.14947 
7181,0.17146 
7182,0.20096 
7183,0.23489 
7184,0.27005 
7185,0.32143 
7186,0.30058 
7187,0.23702 
7188,0.17863 
7189,0.13182 
7190,0.09930 
7191,0.07787 
7192,0.06200 
7193,0.04801 
7194,0.05115 
7195,0.07159 
7196,0.10259 
7197,0.13489 
7198,0.16014 
7199,0.18202 
7200,0.20843 
7201,0.23594 
7202,0.22749 
7203,0.18234 
7204,0.14874 
7205,0.11465 
7206,0.08892 
7207,0.07596 
7208,0.06519 
7209,0.05418 
7210,0.04649 
7211,0.04205 
7212,0.03755 
7213,0.03298 
7214,0.02213 
7215,0.01314 
7216,0.00956 
7217,0.00600 
7218,0.00317 
7219,0.00112 
7220,0.00000 
7221,0.00000 
7222,0.00000 
7223,0.00000 
7224,0.00000 
7225,0.00000 
7226,0.00801 
7227,0.02509 
7228,0.04264 
7229,0.06020 
7230,0.10730 
7231,0.18672 
7232,0.22942 
7233,0.22986 
7234,0.25099 
7235,0.29538 
7236,0.29162 
7237,0.23923 
7238,0.18983 
7239,0.14429 
7240,0.14112 
7241,0.17978 
7242,0.20072 
7243,0.20379 
7244,0.24605 
7245,0.33998 
7246,0.42523 
7247,0.50179 
7248,0.53022 
7249,0.50204 
7250,0.49868 
7251,0.52284 
7252,0.52484 
7253,0.50627 
7254,0.50167 
7255,0.51710 
7256,0.51533 
7257,0.48950 
7258,0.44355 
7259,0.38345 
7260,0.34702 
7261,0.35806 
7262,0.39401 
7263,0.43340 
7264,0.38568 
7265,0.25961 
7266,0.16230 
7267,0.08824 
7268,0.05269 
7269,0.05327 
7270,0.04487 
7271,0.02793 
7272,0.01836 
7273,0.02110 
7274,0.01884 
7275,0.01126 
7276,0.00930 
7277,0.00732 
7278,0.00578 
7279,0.00464 
7280,0.00348 
7281,0.00229 
7282,0.00170 
7283,0.00171 
7284,0.00173 
7285,0.00173 
7286,0.00237 
7287,0.00364 
7288,0.00494 
7289,0.00626 
7290,0.00649 
7291,0.00566 
7292,0.00482 
7293,0.00398 
7294,0.00468 
7295,0.00698 
7296,0.00938 
7297,0.01190 
7298,0.01693 
7299,0.03059 
7300,0.04449 
7301,0.05863 
7302,0.09087 
7303,0.16228 
7304,0.24887 
7305,0.35017 
7306,0.43143 
7307,0.41636 
7308,0.40261 
7309,0.38689 
7310,0.42334 
7311,0.51029 
7312,0.59676 
7313,0.69413 
7314,0.78072 
7315,0.82959 
7316,0.87783 
7317,0.92545 
7318,0.91588 
7319,0.85098 
7320,0.79089 
7321,0.72928 
7322,0.66340 
7323,0.61346 
7324,0.58677 
7325,0.57410 
7326,0.54953 
7327,0.53835 
7328,0.52535 
7329,0.55868 
7330,0.70282 
7331,0.84965 
7332,0.95168 
7333,0.99594 
7334,1.08911 
7335,1.23882 
7336,1.27683 
7337,1.18139 
7338,1.04674 
7339,0.89520 
7340,0.83034 
7341,0.86386 
7342,0.88526 
7343,0.88800 
7344,0.88782 
7345,0.88492 
7346,0.88289 
7347,0.88169 
7348,0.88283 
7349,0.88550 
7350,0.90246 
7351,0.93757 
7352,0.91193 
7353,0.83103 
7354,0.73858 
7355,0.63359 
7356,0.63605 
7357,0.72341 
7358,0.79810 
7359,0.85695 
7360,0.77472 
7361,0.59113 
7362,0.44533 
7363,0.33655 
7364,0.25761 
7365,0.19531 
7366,0.13954 
7367,0.09070 
7368,0.04594 
7369,0.01222 
7370,0.00000 
7371,0.00000 
7372,0.00000 
7373,0.00000 
7374,0.00000 
7375,0.00000 
7376,0.00000 
7377,0.00000 
7378,0.00000 
7379,0.00000 
7380,0.00000 
7381,0.00000 
7382,0.00000 
7383,0.00000 
7384,0.00000 
7385,0.00000 
7386,0.00000 
7387,0.00000 
7388,0.00000 
7389,0.00000 
7390,0.00000 
7391,0.00000 
7392,0.00000 
7393,0.00000 
7394,0.00000 
7395,0.00000 
7396,0.00000 
7397,0.00000 
7398,0.00000 
7399,0.00000 
7400,0.00000 
7401,0.00264 
7402,0.00317 
7403,0.00114 
7404,0.00000 
7405,0.00000 
7406,0.00000 
7407,0.00000 
7408,0.00117 
7409,0.00329 
7410,0.00382 
7411,0.00275 
7412,0.00169 
7413,0.00063 
7414,0.00000 
7415,0.00000 
7416,0.00000 
7417,0.00000 
7418,0.00773 
7419,0.02398 
7420,0.04043 
7421,0.05663 
7422,0.05269 
7423,0.02920 
7424,0.03577 
7425,0.07263 
7426,0.09449 
7427,0.10085 
7428,0.13592 
7429,0.19539 
7430,0.27021 
7431,0.36170 
7432,0.35815 
7433,0.26057 
7434,0.18870 
7435,0.14193 
7436,0.10596 
7437,0.07900 
7438,0.03191 
7439,0.12175 
7440,0.12032 
7441,0.11892 
7442,0.15571 
7443,0.22968 
7444,0.27143 
7445,0.28055 
7446,0.31441 
7447,0.37359 
7448,0.37210 
7449,0.31128 
7450,0.26435 
7451,0.23256 
7452,0.20191 
7453,0.17181 
7454,0.13471 
7455,0.09082 
7456,0.06708 
7457,0.06270 
7458,0.05281 
7459,0.03791 
7460,0.03002 
7461,0.02891 
7462,0.02676 
7463,0.02341 
7464,0.01983 
7465,0.02189 
7466,0.04410 
7467,0.09299 
7468,0.15677 
7469,0.24286 
7470,0.27974 
7471,0.26483 
7472,0.24973 
7473,0.23443 
7474,0.20615 
7475,0.16465 
7476,0.13425 
7477,0.10311 
7478,0.11775 
7479,0.18217 
7480,0.26578 
7481,0.38808 
7482,0.42906 
7483,0.36016 
7484,0.29708 
7485,0.25799 
7486,0.21183 
7487,0.16247 
7488,0.12155 
7489,0.07962 
7490,0.06330 
7491,0.05872 
7492,0.05433 
7493,0.04973 
7494,0.06521 
7495,0.10987 
7496,0.16653 
7497,0.23323 
7498,0.28489 
7499,0.30793 
7500,0.33005 
7501,0.35375 
7502,0.37796 
7503,0.39872 
7504,0.41799 
7505,0.43901 
7506,0.48243 
7507,0.54995 
7508,0.61997 
7509,0.70016 
7510,0.64673 
7511,0.49838 
7512,0.35602 
7513,0.27524 
7514,0.20174 
7515,0.15404 
7516,0.10883 
7517,0.08289 
7518,0.10426 
7519,0.18222 
7520,0.26704 
7521,0.36788 
7522,0.47561 
7523,0.58377 
7524,0.69957 
7525,0.84119 
7526,0.79014 
7527,0.58220 
7528,0.40523 
7529,0.28291 
7530,0.21339 
7531,0.18402 
7532,0.20410 
7533,0.27062 
7534,0.32255 
7535,0.35977 
7536,0.35854 
7537,0.32115 
7538,0.27921 
7539,0.23309 
7540,0.19803 
7541,0.16790 
7542,0.15141 
7543,0.14396 
7544,0.14298 
7545,0.14953 
7546,0.15810 
7547,0.16958 
7548,0.15989 
7549,0.12688 
7550,0.09417 
7551,0.06211 
7552,0.05130 
7553,0.06151 
7554,0.07006 
7555,0.07735 
7556,0.06922 
7557,0.04634 
7558,0.01798 
7559,0.00172 
7560,0.00172 
7561,0.00000 
7562,0.00000 
7563,0.00000 
7564,0.00110 
7565,0.00478 
7566,0.00666 
7567,0.00670 
7568,0.00674 
7569,0.00679 
7570,0.00597 
7571,0.00430 
7572,0.00263 
7573,0.00093 
7574,0.00094 
7575,0.00265 
7576,0.00438 
7577,0.00612 
7578,0.00897 
7579,0.01296 
7580,0.03149 
7581,0.05063 
7582,0.06412 
7583,0.07200 
7584,0.07993 
7585,0.09215 
7586,0.08636 
7587,0.06911 
7588,0.05323 
7589,0.03723 
7590,0.02575 
7591,0.01891 
7592,0.01425 
7593,0.01286 
7594,0.01478 
7595,0.03791 
7596,0.06275 
7597,0.08799 
7598,0.09761 
7599,0.08282 
7600,0.07059 
7601,0.05826 
7602,0.04565 
7603,0.03302 
7604,0.02040 
7605,0.01414 
7606,0.01408 
7607,0.02008 
7608,0.03214 
7609,0.04392 
7610,0.05185 
7611,0.05745 
7612,0.06343 
7613,0.06957 
7614,0.06038 
7615,0.03008 
7616,0.04961 
7617,0.11994 
7618,0.17656 
7619,0.21786 
7620,0.25901 
7621,0.29998 
7622,0.36461 
7623,0.45634 
7624,0.48244 
7625,0.44090 
7626,0.42193 
7627,0.42844 
7628,0.40836 
7629,0.36136 
7630,0.31320 
7631,0.26787 
7632,0.25687 
7633,0.27400 
7634,0.29835 
7635,0.32723 
7636,0.30791 
7637,0.23928 
7638,0.17789 
7639,0.12174 
7640,0.10349 
7641,0.12383 
7642,0.13641 
7643,0.15780 
7644,0.19156 
7645,0.24870 
7646,0.28154 
7647,0.29157 
7648,0.26739 
7649,0.21000 
7650,0.17208 
7651,0.15319 
7652,0.15085 
7653,0.16355 
7654,0.18097 
7655,0.21536 
7656,0.25346 
7657,0.30546 
7658,0.46746 
7659,0.79696 
7660,1.20958 
7661,1.60288 
7662,1.81488 
7663,1.87025 
7664,1.93190 
7665,1.99332 
7666,2.12870 
7667,2.32701 
7668,2.47581 
7669,2.57535 
7670,2.59005 
7671,2.59849 
7672,2.60698 
7673,2.61553 
7674,2.62413 
7675,2.62658 
7676,2.61004 
7677,2.58232 
7678,2.61722 
7679,2.70902 
7680,2.79244 
7681,2.86955 
7682,2.89273 
7683,2.80010 
7684,2.64146 
7685,2.43305 
7686,2.27783 
7687,2.20053 
7688,2.11967 
7689,2.04478 
7690,2.00647 
7691,2.02214 
7692,2.03807 
7693,2.04612 
7694,1.95433 
7695,1.74033 
7696,1.52631 
7697,1.30081 
7698,1.05125 
7699,0.82722 
7700,0.61424 
7701,0.45322 
7702,0.34351 
7703,0.29235 
7704,0.24238 
7705,0.19492 
7706,0.17650 
7707,0.17615 
7708,0.17546 
7709,0.17562 
7710,0.18681 
7711,0.21888 
7712,0.27555 
7713,0.38488 
7714,0.47960 
7715,0.50225 
7716,0.51454 
7717,0.51695 
7718,0.54748 
7719,0.60566 
7720,0.64992 
7721,0.68063 
7722,0.72140 
7723,0.76944 
7724,0.77094 
7725,0.72741 
7726,0.71480 
7727,0.72790 
7728,0.61133 
7729,0.37324 
7730,0.23382 
7731,0.18148 
7732,0.13320 
7733,0.09492 
7734,0.13224 
7735,0.25692 
7736,0.38621 
7737,0.51836 
7738,0.52767 
7739,0.41172 
7740,0.34489 
7741,0.32689 
7742,0.28302 
7743,0.22650 
7744,0.19338 
7745,0.19095 
7746,0.19489 
7747,0.21859 
7748,0.23257 
7749,0.24609 
7750,0.23717 
7751,0.20389 
7752,0.16043 
7753,0.12003 
7754,0.10750 
7755,0.11696 
7756,0.12654 
7757,0.13625 
7758,0.14163 
7759,0.14259 
7760,0.14401 
7761,0.14546 
7762,0.13067 
7763,0.10037 
7764,0.07028 
7765,0.05071 
7766,0.03697 
7767,0.02912 
7768,0.02121 
7769,0.01324 
7770,0.01135 
7771,0.01015 
7772,0.00893 
7773,0.00769 
7774,0.00670 
7775,0.00592 
7776,0.00511 
7777,0.00428 
7778,0.00362 
7779,0.00316 
7780,0.00269 
7781,0.00223 
7782,0.00440 
7783,0.00929 
7784,0.01434 
7785,0.03694 
7786,0.04939 
7787,0.04981 
7788,0.05023 
7789,0.05066 
7790,0.05955 
7791,0.07692 
7792,0.09697 
7793,0.12458 
7794,0.14351 
7795,0.15523 
7796,0.16696 
7797,0.17870 
7798,0.17427 
7799,0.15386 
7800,0.13373 
7801,0.11389 
7802,0.12772 
7803,0.17994 
7804,0.23994 
7805,0.31069 
7806,0.37851 
7807,0.45761 
7808,0.51042 
7809,0.50629 
7810,0.50319 
7811,0.49870 
7812,0.54521 
7813,0.65804 
7814,0.76047 
7815,0.85229 
7816,0.88228 
7817,0.84240 
7818,0.82070 
7819,0.81321 
7820,0.82738 
7821,0.86859 
7822,0.94527 
7823,1.07465 
7824,1.21772 
7825,1.39726 
7826,1.47401 
7827,1.40818 
7828,1.29376 
7829,1.15134 
7830,1.04673 
7831,0.96829 
7832,0.92470 
7833,0.90813 
7834,0.91325 
7835,0.93502 
7836,0.92039 
7837,0.86987 
7838,0.82723 
7839,0.79852 
7840,0.78269 
7841,0.78512 
7842,0.82525 
7843,0.90373 
7844,0.99759 
7845,1.09945 
7846,1.01879 
7847,0.76316 
7848,0.55802 
7849,0.40323 
7850,0.34810 
7851,0.37105 
7852,0.39537 
7853,0.42000 
7854,0.38205 
7855,0.28155 
7856,0.22537 
7857,0.16844 
7858,0.14588 
7859,0.14593 
7860,0.14645 
7861,0.14650 
7862,0.13158 
7863,0.10106 
7864,0.07120 
7865,0.05137 
7866,0.03744 
7867,0.02958 
7868,0.02154 
7869,0.01344 
7870,0.01095 
7871,0.00849 
7872,0.00594 
7873,0.00330 
7874,0.00056 
7875,0.00000 
7876,0.00000 
7877,0.00000 
7878,0.00000 
7879,0.00000 
7880,0.00000 
7881,0.00000 
7882,0.00000 
7883,0.00000 
7884,0.00000 
7885,0.00000 
7886,0.00000 
7887,0.00000 
7888,0.00000 
7889,0.00000 
7890,0.00000 
7891,0.00000 
7892,0.00000 
7893,0.00000 
7894,0.00000 
7895,0.00000 
7896,0.00000 
7897,0.00000 
7898,0.00000 
7899,0.00182 
7900,0.00308 
7901,0.00437 
7902,0.00242 
7903,0.15969 
7904,0.16028 
7905,0.16109 
7906,0.22133 
7907,0.34417 
7908,0.41465 
7909,0.42588 
7910,0.44562 
7911,0.46823 
7912,0.51395 
7913,0.59208 
7914,0.68471 
7915,0.78789 
7916,0.87975 
7917,0.94570 
7918,1.03445 
7919,1.13857 
7920,1.05439 
7921,0.78037 
7922,0.50189 
7923,0.32410 
7924,0.29698 
7925,0.32999 
7926,0.36995 
7927,0.41679 
7928,0.39552 
7929,0.30409 
7930,0.20675 
7931,0.18408 
7932,0.24481 
7933,0.31592 
7934,0.38010 
7935,0.44698 
7936,0.47211 
7937,0.49580 
7938,0.65909 
7939,1.02281 
7940,1.39452 
7941,1.70087 
7942,1.74260 
7943,1.53871 
7944,1.29034 
7945,1.02058 
7946,0.74381 
7947,0.48467 
7948,0.29842 
7949,0.18381 
7950,0.13128 
7951,0.11746 
7952,0.10347 
7953,0.08931 
7954,0.06887 
7955,0.05203 
7956,0.03485 
7957,0.01762 
7958,0.01094 
7959,0.00980 
7960,0.00865 
7961,0.00747 
7962,0.00646 
7963,0.00563 
7964,0.00481 
7965,0.00396 
7966,0.00315 
7967,0.00232 
7968,0.00145 
7969,0.00056 
7970,0.00174 
7971,0.00507 
7972,0.00843 
7973,0.01187 
7974,0.02684 
7975,0.06004 
7976,0.09858 
7977,0.15291 
7978,0.21036 
7979,0.28587 
7980,0.36273 
7981,0.50192 
7982,0.55822 
7983,0.52947 
7984,0.50268 
7985,0.47370 
7986,0.40361 
7987,0.32797 
7988,0.26685 
7989,0.20657 
7990,0.16716 
7991,0.13457 
7992,0.10250 
7993,0.07652 
7994,0.08669 
7995,0.13367 
7996,0.19321 
7997,0.26983 
7998,0.37638 
7999,0.53861 
8000,0.67303 
8001,0.73267 
8002,0.81586 
8003,0.93038 
8004,1.03241 
8005,1.10762 
8006,1.16546 
8007,1.20324 
8008,1.24632 
8009,1.28943 
8010,1.36006 
8011,1.45270 
8012,1.51675 
8013,1.55356 
8014,1.55700 
8015,1.53631 
8016,1.48363 
8017,1.41813 
8018,1.38146 
8019,1.37341 
8020,1.36381 
8021,1.35447 
8022,1.34382 
8023,1.32880 
8024,1.30244 
8025,1.27247 
8026,1.22370 
8027,1.16623 
8028,1.09628 
8029,1.02229 
8030,0.97832 
8031,0.95733 
8032,0.88384 
8033,0.77979 
8034,0.71952 
8035,0.69255 
8036,0.56567 
8037,0.38632 
8038,0.29823 
8039,0.25005 
8040,0.20234 
8041,0.15724 
8042,0.11723 
8043,0.07688 
8044,0.04758 
8045,0.02156 
8046,0.01010 
8047,0.00820 
8048,0.00626 
8049,0.00430 
8050,0.00290 
8051,0.00210 
8052,0.00130 
8053,0.00049 
8054,0.00131 
8055,0.00381 
8056,0.00638 
8057,0.00902 
8058,0.01038 
8059,0.01045 
8060,0.01050 
8061,0.01054 
8062,0.00893 
8063,0.00553 
8064,0.00195 
8065,0.00000 
8066,0.00000 
8067,0.00567 
8068,0.01202 
8069,0.03292 
8070,0.04852 
8071,0.04892 
8072,0.04952 
8073,0.05013 
8074,0.04810 
8075,0.04373 
8076,0.03909 
8077,0.03436 
8078,0.03707 
8079,0.04747 
8080,0.05773 
8081,0.06828 
8082,0.09019 
8083,0.14084 
8084,0.19312 
8085,0.25730 
8086,0.31538 
8087,0.36180 
8088,0.43847 
8089,0.52217 
8090,0.57869 
8091,0.61816 
8092,0.67225 
8093,0.74863 
8094,0.82035 
8095,0.87460 
8096,0.94405 
8097,1.01835 
8098,1.09817 
8099,1.18103 
8100,1.25944 
8101,1.34030 
8102,1.51285 
8103,1.77381 
8104,2.05644 
8105,2.31527 
8106,2.40617 
8107,2.31863 
8108,2.20223 
8109,2.04257 
8110,1.99377 
8111,2.03995 
8112,2.07069 
8113,2.09239 
8114,2.11694 
8115,2.15469 
8116,2.19937 
8117,2.25107 
8118,2.26266 
8119,2.22658 
8120,2.13722 
8121,1.99810 
8122,1.96521 
8123,2.02507 
8124,2.09202 
8125,2.15079 
8126,2.04063 
8127,1.75907 
8128,1.50599 
8129,1.26887 
8130,1.17694 
8131,1.19446 
8132,1.14873 
8133,1.08175 
8134,1.01330 
8135,0.96446 
8136,0.94279 
8137,0.92172 
8138,0.77466 
8139,0.54342 
8140,0.36307 
8141,0.23319 
8142,0.20380 
8143,0.23845 
8144,0.27444 
8145,0.32596 
8146,0.38597 
8147,0.44010 
8148,0.49589 
8149,0.56018 
8150,0.66528 
8151,0.80099 
8152,0.95114 
8153,1.11799 
8154,1.07541 
8155,0.83543 
8156,0.62791 
8157,0.45519 
8158,0.37529 
8159,0.36654 
8160,0.35740 
8161,0.34910 
8162,0.31217 
8163,0.25311 
8164,0.19474 
8165,0.15066 
8166,0.11310 
8167,0.08275 
8168,0.06224 
8169,0.04108 
8170,0.03914 
8171,0.05664 
8172,0.07444 
8173,0.09379 
8174,0.10788 
8175,0.10835 
8176,0.10839 
8177,0.10886 
8178,0.12468 
8179,0.15629 
8180,0.18717 
8181,0.22233 
8182,0.24294 
8183,0.24111 
8184,0.24025 
8185,0.23939 
8186,0.25832 
8187,0.31525 
8188,0.41134 
8189,0.55021 
8190,0.62326 
8191,0.55600 
8192,0.55335 
8193,0.66972 
8194,0.80158 
8195,0.93172 
8196,1.01327 
8197,1.01951 
8198,1.04015 
8199,1.07682 
8200,1.10095 
8201,1.12202 
8202,1.14540 
8203,1.17245 
8204,1.18614 
8205,1.18911 
8206,1.18075 
8207,1.15829 
8208,1.12789 
8209,1.09069 
8210,1.06678 
8211,1.05101 
8212,1.01843 
8213,0.96409 
8214,0.91306 
8215,0.86327 
8216,0.84488 
8217,0.85063 
8218,0.84758 
8219,0.83129 
8220,0.81113 
8221,0.78586 
8222,0.73871 
8223,0.68055 
8224,0.62588 
8225,0.56984 
8226,0.51692 
8227,0.45910 
8228,0.36224 
8229,0.25458 
8230,0.18389 
8231,0.13558 
8232,0.07183 
8233,0.02089 
8234,0.00773 
8235,0.01055 
8236,0.01913 
8237,0.03255 
8238,0.05198 
8239,0.08172 
8240,0.12178 
8241,0.16244 
8242,0.17416 
8243,0.14728 
8244,0.12303 
8245,0.09859 
8246,0.10839 
8247,0.15287 
8248,0.20944 
8249,0.27121 
8250,0.30510 
8251,0.30639 
8252,0.30768 
8253,0.30795 
8254,0.42015 
8255,0.68813 
8256,1.03723 
8257,1.44702 
8258,1.60968 
8259,1.53861 
8260,1.46638 
8261,1.39136 
8262,1.46170 
8263,1.67611 
8264,1.89403 
8265,2.10462 
8266,2.27102 
8267,2.39762 
8268,2.52346 
8269,2.65146 
8270,2.54428 
8271,2.19890 
8272,1.81956 
8273,1.41285 
8274,1.38135 
8275,1.73094 
8276,2.06683 
8277,2.37749 
8278,2.58342 
8279,2.67190 
8280,2.75917 
8281,2.83491 
8282,2.73163 
8283,2.41838 
8284,2.12968 
8285,1.86360 
8286,1.75049 
8287,1.78149 
8288,1.85017 
8289,1.94699 
8290,1.89905 
8291,1.70372 
8292,1.57084 
8293,1.46836 
8294,1.52608 
8295,1.70249 
8296,1.84120 
8297,1.91029 
8298,1.88365 
8299,1.75601 
8300,1.64896 
8301,1.54117 
8302,1.51529 
8303,1.57420 
8304,1.59966 
8305,1.59940 
8306,1.68478 
8307,1.85205 
8308,2.07852 
8309,2.31982 
8310,2.35559 
8311,2.17827 
8312,1.94960 
8313,1.68623 
8314,1.55300 
8315,1.52699 
8316,1.46581 
8317,1.38223 
8318,1.28799 
8319,1.18828 
8320,1.08060 
8321,0.96562 
8322,0.86712 
8323,0.78800 
8324,0.74786 
8325,0.73113 
8326,0.73071 
8327,0.74266 
8328,0.73087 
8329,0.72593 
8330,0.80421 
8331,0.98420 
8332,1.16339 
8333,1.34045 
8334,1.54986 
8335,1.78150 
8336,2.01089 
8337,2.23823 
8338,2.22200 
8339,1.95056 
8340,1.66968 
8341,1.35462 
8342,1.16609 
8343,1.11356 
8344,1.06449 
8345,1.01167 
8346,1.01562 
8347,1.07705 
8348,1.13554 
8349,1.19854 
8350,1.15640 
8351,1.01224 
8352,0.87455 
8353,0.74798 
8354,0.75663 
8355,0.90826 
8356,1.07482 
8357,1.25955 
8358,1.29493 
8359,1.18355 
8360,1.07445 
8361,0.96754 
8362,0.87186 
8363,0.77457 
8364,0.67835 
8365,0.59739 
8366,0.60241 
8367,0.69003 
8368,0.80106 
8369,0.91308 
8370,0.99480 
8371,1.04520 
8372,1.10759 
8373,1.16865 
8374,1.03127 
8375,0.74386 
8376,0.51241 
8377,0.33309 
8378,0.26285 
8379,0.24541 
8380,0.24661 
8381,0.25616 
8382,0.28555 
8383,0.31071 
8384,0.33929 
8385,0.37557 
8386,0.42796 
8387,0.49226 
8388,0.53199 
8389,0.53408 
8390,0.49755 
8391,0.43381 
8392,0.42512 
8393,0.48921 
8394,0.60997 
8395,0.77360 
8396,0.84115 
8397,0.81934 
8398,0.74629 
8399,0.62782 
8400,0.53292 
8401,0.45399 
8402,0.39288 
8403,0.33582 
8404,0.30695 
8405,0.31143 
8406,0.32157 
8407,0.35346 
8408,0.37980 
8409,0.41145 
8410,0.41075 
8411,0.37705 
8412,0.32811 
8413,0.27371 
8414,0.23540 
8415,0.21324 
8416,0.18187 
8417,0.14102 
8418,0.08398 
8419,0.08815 
8420,0.09748 
8421,0.10879 
8422,0.13267 
8423,0.16063 
8424,0.12731 
8425,0.05522 
8426,0.02821 
8427,0.03619 
8428,0.04413 
8429,0.05213 
8430,0.06926 
8431,0.10879 
8432,0.15007 
8433,0.20115 
8434,0.22986 
8435,0.23068 
8436,0.23149 
8437,0.23232 
8438,0.23314 
8439,0.23398 
8440,0.23482 
8441,0.23566 
8442,0.21435 
8443,0.17122 
8444,0.13918 
8445,0.10690 
8446,0.10507 
8447,0.13399 
8448,0.16454 
8449,0.19897 
8450,0.24832 
8451,0.30320 
8452,0.37489 
8453,0.47462 
8454,0.52777 
8455,0.53386 
8456,0.54009 
8457,0.54647 
8458,0.56960 
8459,0.61202 
8460,0.65524 
8461,0.71404 
8462,0.86478 
8463,1.12203 
8464,1.42726 
8465,1.72210 
8466,1.86332 
8467,1.86348 
8468,1.85610 
8469,1.85627 
8470,1.73315 
8471,1.49677 
8472,1.26108 
8473,1.02552 
8474,0.84627 
8475,0.68332 
8476,0.55769 
8477,0.44325 
8478,0.38359 
8479,0.38130 
8480,0.38131 
8481,0.38497 
8482,0.40597 
8483,0.44452 
8484,0.51298 
8485,0.60684 
8486,0.68739 
8487,0.75901 
8488,0.72872 
8489,0.60908 
8490,0.48874 
8491,0.39176 
8492,0.37809 
8493,0.49530 
8494,0.67344 
8495,0.85698 
8496,0.89715 
8497,0.78928 
8498,0.65611 
8499,0.54970 
8500,0.51918 
8501,0.58026 
8502,0.72579 
8503,0.86303 
8504,0.83886 
8505,0.66089 
8506,0.48523 
8507,0.38905 
8508,0.37547 
8509,0.37229 
8510,0.38158 
8511,0.42241 
8512,0.50526 
8513,0.68090 
8514,0.82827 
8515,0.90400 
8516,0.95298 
8517,0.99402 
8518,1.00063 
8519,1.00998 
8520,1.06464 
8521,1.11815 
8522,1.04239 
8523,0.84164 
8524,0.67302 
8525,0.50883 
8526,0.43024 
8527,0.39593 
8528,0.35972 
8529,0.32299 
8530,0.35692 
8531,0.46148 
8532,0.57700 
8533,0.72437 
8534,0.87551 
8535,1.06821 
8536,1.25852 
8537,1.44069 
8538,1.49795 
8539,1.43088 
8540,1.36281 
8541,1.29223 
8542,1.17973 
8543,1.02560 
8544,0.87983 
8545,0.74699 
8546,0.63867 
8547,0.57023 
8548,0.51211 
8549,0.45303 
8550,0.38842 
8551,0.33331 
8552,0.29611 
8553,0.25798 
8554,0.21093 
8555,0.16833 
8556,0.12646 
8557,0.08719 
8558,0.07060 
8559,0.06525 
8560,0.05994 
8561,0.05467 
8562,0.04943 
8563,0.04423 
8564,0.03907 
8565,0.03394 
8566,0.03989 
8567,0.05619 
8568,0.07216 
8569,0.08888 
8570,0.14088 
8571,0.22484 
8572,0.31570 
8573,0.42447 
8574,0.48079 
8575,0.48944 
8576,0.51926 
8577,0.57551 
8578,0.68671 
8579,0.83844 
8580,0.95445 
8581,1.02441 
8582,1.12117 
8583,1.24345 
8584,1.31459 
8585,1.31797 
8586,1.29965 
8587,1.27672 
8588,1.25888 
8589,1.26952 
8590,1.28452 
8591,1.30999 
8592,1.31242 
8593,1.29607 
8594,1.28533 
8595,1.27596 
8596,1.26268 
8597,1.24536 
8598,1.25076 
8599,1.29237 
8600,1.27676 
8601,1.20392 
8602,1.11175 
8603,0.99335 
8604,0.92236 
8605,0.88076 
8606,0.83579 
8607,0.78649 
8608,0.76431 
8609,0.75221 
8610,0.70195 
8611,0.61118 
8612,0.47641 
8613,0.33612 
8614,0.25382 
8615,0.20837 
8616,0.15387 
8617,0.11399 
8618,0.11008 
8619,0.11948 
8620,0.12895 
8621,0.13851 
8622,0.13954 
8623,0.13101 
8624,0.12281 
8625,0.11411 
8626,0.10258 
8627,0.08746 
8628,0.07255 
8629,0.06277 
8630,0.05613 
8631,0.05246 
8632,0.04873 
8633,0.04510 
8634,0.05056 
8635,0.06555 
8636,0.08324 
8637,0.10693 
8638,0.11996 
8639,0.12179 
8640,0.12368 
8641,0.12608 
8642,0.11328 
8643,0.08565 
8644,0.06707 
8645,0.04890 
8646,0.03974 
8647,0.04024 
8648,0.04060 
8649,0.04113 
8650,0.05778 
8651,0.09152 
8652,0.14472 
8653,0.19866 
8654,0.20784 
8655,0.17073 
8656,0.13440 
8657,0.09758 
8658,0.07397 
8659,0.05288 
8660,0.03222 
8661,0.01504 
8662,0.01383 
8663,0.01637 
8664,0.02596 
8665,0.03540 
8666,0.05870 
8667,0.10440 
8668,0.16294 
8669,0.23572 
8670,0.34049 
8671,0.51365 
8672,0.65537 
8673,0.71295 
8674,0.77318 
8675,0.85059 
8676,0.93504 
8677,1.01769 
8678,1.09939 
8679,1.18390 
8680,1.25581 
8681,1.30698 
8682,1.36147 
8683,1.42497 
8684,1.47247 
8685,1.48585 
8686,1.51190 
8687,1.55048 
8688,1.58747 
8689,1.60857 
8690,1.65813 
8691,1.74959 
8692,1.88667 
8693,2.07221 
8694,2.16521 
8695,2.16571 
8696,2.14838 
8697,2.11432 
8698,2.02210 
8699,1.87038 
8700,1.69832 
8701,1.52729 
8702,1.34090 
8703,1.15199 
8704,1.00035 
8705,0.84804 
8706,0.74262 
8707,0.67090 
8708,0.57314 
8709,0.46751 
8710,0.40963 
8711,0.38500 
8712,0.34582 
8713,0.31556 
8714,0.28743 
8715,0.25339 
8716,0.22046 
8717,0.18810 
8718,0.14345 
8719,0.09232 
8720,0.05164 
8721,0.01810 
8722,0.01225 
8723,0.03140 
8724,0.05175 
8725,0.07250 
8726,0.08514 
8727,0.07931 
8728,0.07433 
8729,0.07066 
8730,0.07118 
8731,0.07597 
8732,0.08253 
8733,0.08958 
8734,0.10248 
8735,0.12170 
8736,0.14164 
8737,0.16173 
8738,0.16360 
8739,0.14658 
8740,0.12882 
8741,0.11091 
8742,0.11177 
8743,0.13185 
8744,0.15241 
8745,0.17346 
8746,0.20475 
8747,0.25834 
8748,0.31434 
8749,0.36977 
8750,0.38930 
8751,0.35106 
8752,0.31967 
8753,0.28802 
8754,0.26055 
8755,0.23760 
8756,0.21572 
8757,0.19814 
8758,0.20333 
8759,0.23755 
8760,0.27548 
8761,0.31216 
8762,0.40598 
8763,0.61910 
8764,0.87865 
8765,1.16448 
8766,1.38668 
8767,1.49728 
8768,1.60731 
8769,1.71507 
8770,1.72404 
8771,1.63177 
8772,1.61131 
8773,1.66100 
8774,1.86107 
8775,2.20829 
8776,2.39906 
8777,2.44121 
8778,2.22943 
8779,1.76316 
8780,1.39471 
8781,1.15717 
8782,1.05036 
8783,1.03919 
8784,0.95752 
8785,0.83921 
8786,0.78372 
8787,0.78824 
8788,0.85699 
8789,0.98853 
8790,1.11198 
8791,1.21700 
8792,1.19160 
8793,1.03848 
8794,0.93903 
8795,0.89579 
8796,0.86213 
8797,0.84529 
8798,0.81144 
8799,0.76248 
8800,0.65099 
8801,0.48596 
8802,0.34316 
8803,0.22128 
8804,0.15882 
8805,0.14751 
8806,0.17703 
8807,0.25929 
8808,0.36054 
8809,0.51638 
8810,0.62692 
8811,0.62920 
8812,0.63150 
8813,0.63178 
8814,0.58792 
8815,0.50340 
8816,0.43831 
8817,0.37063 
8818,0.38910 
8819,0.49228 
8820,0.62029 
8821,0.76753 
8822,0.84318 
8823,0.84927 
8824,0.85544 
8825,0.85874 
8826,0.80492 
8827,0.69089 
8828,0.57674 
8829,0.49107 
8830,0.41590 
8831,0.34741 
8832,0.29901 
8833,0.26100 
8834,0.25668 
8835,0.28838 
8836,0.31939 
8837,0.35854 
8838,0.34480 
8839,0.29682 
8840,0.24803 
8841,0.19909 
8842,0.20793 
8843,0.27920 
8844,0.35087 
8845,0.46964 
8846,0.42774 
8847,0.28405 
8848,0.17718 
8849,0.09107 
8850,0.05760 
8851,0.04743 
8852,0.03709 
8853,0.02693 
8854,0.02684 
8855,0.03672 
8856,0.04645 
8857,0.05605 
8858,0.08142 
8859,0.12379 
8860,0.17415 
8861,0.22551 
8862,0.23129 
8863,0.19323 
8864,0.16386 
8865,0.13006 
8866,0.11928 
8867,0.13228 
8868,0.14257 
8869,0.15176 
8870,0.13976 
8871,0.10853 
8872,0.09018 
8873,0.08345 
8874,0.07938 
8875,0.07726 
8876,0.09676 
8877,0.13816 
8878,0.16863 
8879,0.18824 
8880,0.20339 
8881,0.22094 
8882,0.25060 
8883,0.29193 
8884,0.29352 
8885,0.25587 
8886,0.23381 
8887,0.22703 
8888,0.20556 
8889,0.16804 
8890,0.12729 
8891,0.08274 
8892,0.07077 
8893,0.09129 
8894,0.10825 
8895,0.12138 
8896,0.11603 
8897,0.09307 
8898,0.07282 
8899,0.05526 
8900,0.04117 
8901,0.03077 
8902,0.01356 
8903,0.00196 
8904,0.00197 
8905,0.00009 
8906,0.00000 
8907,0.00000 
8908,0.00000 
8909,0.00000 
8910,0.00000 
8911,0.00000 
8912,0.00000 
8913,0.00000 
8914,0.00000 
8915,0.00000 
8916,0.00000 
8917,0.00000 
8918,0.00000 
8919,0.00000 
8920,0.00000 
8921,0.00000 
8922,0.00000 
8923,0.00000 
8924,0.00000 
8925,0.00000 
8926,0.00000 
8927,0.00000 
8928,0.00000 
8929,0.00000 
8930,0.00000 
8931,0.00000 
8932,0.00000 
8933,0.00000 
8934,0.00000 
8935,0.00000 
8936,0.00000 
8937,0.00000 
8938,0.00000 
8939,0.00000 
8940,0.00000 
8941,0.00000 
8942,0.00000 
8943,0.00000 
8944,0.00000 
8945,0.00000 
8946,0.00000 
8947,0.00000 
8948,0.00000 
8949,0.00000 
8950,0.00000 
8951,0.00000 
8952,0.00000 
8953,0.00000 
8954,0.00902 
8955,0.02832 
8956,0.04810 
8957,0.06785 
8958,0.09426 
8959,0.12775 
8960,0.13010 
8961,0.10083 
8962,0.07428 
8963,0.05122 
8964,0.04627 
8965,0.05872 
8966,0.05984 
8967,0.04977 
8968,0.06633 
8969,0.10895 
8970,0.14862 
8971,0.18516 
8972,0.20360 
8973,0.20463 
8974,0.21250 
8975,0.22842 
8976,0.23498 
8977,0.23233 
8978,0.23614 
8979,0.24705 
8980,0.24125 
8981,0.22038 
8982,0.21053 
8983,0.21229 
8984,0.19125 
8985,0.14679 
8986,0.09556 
8987,0.03762 
8988,0.02661 
8989,0.06305 
8990,0.09372 
8991,0.11696 
8992,0.11859 
8993,0.09833 
8994,0.08285 
8995,0.07251 
8996,0.06336 
8997,0.05535 
8998,0.04984 
8999,0.04692 
9000,0.03354 
9001,0.01056 
9002,0.00000 
9003,0.00000 
9004,0.00000 
9005,0.00000 
9006,0.00000 
9007,0.00000 
9008,0.00000 
9009,0.00000 
9010,0.00000 
9011,0.00000 
9012,0.00000 
9013,0.00000 
9014,0.00000 
9015,0.00215 
9016,0.00800 
9017,0.01915 
9018,0.02934 
9019,0.02142 
9020,0.01340 
9021,0.01127 
9022,0.01146 
9023,0.01410 
9024,0.02341 
9025,0.03322 
9026,0.04893 
9027,0.06983 
9028,0.09487 
9029,0.12757 
9030,0.13221 
9031,0.10741 
9032,0.08400 
9033,0.06776 
9034,0.07102 
9035,0.09637 
9036,0.13197 
9037,0.16814 
9038,0.18645 
9039,0.18645 
9040,0.18645 
9041,0.18645 
9042,0.16491 
9043,0.12233 
9044,0.08343 
9045,0.05568 
9046,0.04164 
9047,0.04130 
9048,0.04097 
9049,0.04064 
9050,0.06396 
9051,0.11159 
9052,0.17675 
9053,0.24171 
9054,0.32643 
9055,0.42587 
9056,0.46078 
9057,0.42373 
9058,0.38346 
9059,0.33907 
9060,0.31694 
9061,0.32246 
9062,0.33152 
9063,0.35511 
9064,0.36427 
9065,0.34806 
9066,0.33660 
9067,0.32660 
9068,0.34023 
9069,0.37701 
9070,0.42176 
9071,0.47493 
9072,0.46943 
9073,0.40272 
9074,0.33971 
9075,0.28139 
9076,0.26912 
9077,0.30419 
9078,0.34017 
9079,0.37450 
9080,0.37561 
9081,0.34302 
9082,0.31337 
9083,0.29065 
9084,0.28001 
9085,0.28341 
9086,0.28391 
9087,0.28252 
9088,0.27091 
9089,0.26283 
9090,0.26659 
9091,0.26955 
9092,0.24438 
9093,0.19994 
9094,0.16651 
9095,0.12428 
9096,0.07679 
9097,0.02955 
9098,0.00868 
9099,0.00917 
9100,0.00966 
9101,0.01016 
9102,0.01170 
9103,0.01972 
9104,0.03220 
9105,0.04492 
9106,0.05346 
9107,0.05766 
9108,0.06209 
9109,0.06655 
9110,0.07421 
9111,0.08944 
9112,0.10635 
9113,0.12295 
9114,0.12343 
9115,0.10761 
9116,0.09121 
9117,0.07600 
9118,0.06724 
9119,0.05954 
9120,0.05174 
9121,0.04358 
9122,0.03935 
9123,0.03968 
9124,0.03985 
9125,0.04002 
9126,0.03171 
9127,0.01523 
9128,0.01174 
9129,0.00819 
9130,0.00642 
9131,0.00648 
9132,0.00651 
9133,0.00656 
9134,0.00740 
9135,0.00907 
9136,0.01074 
9137,0.01244 
9138,0.01189 
9139,0.00916 
9140,0.00642 
9141,0.00368 
9142,0.00339 
9143,0.00553 
9144,0.00764 
9145,0.00967 
9146,0.01363 
9147,0.01987 
9148,0.02634 
9149,0.03288 
9150,0.08820 
9151,0.19436 
9152,0.25741 
9153,0.27479 
9154,0.32893 
9155,0.41909 
9156,0.42803 
9157,0.35022 
9158,0.28359 
9159,0.23395 
9160,0.22927 
9161,0.26612 
9162,0.29035 
9163,0.30169 
9164,0.31965 
9165,0.34404 
9166,0.36628 
9167,0.38508 
9168,0.40487 
9169,0.42416 
9170,0.44791 
9171,0.47471 
9172,0.49239 
9173,0.50098 
9174,0.52907 
9175,0.57494 
9176,0.56605 
9177,0.49961 
9178,0.43777 
9179,0.38302 
9180,0.35590 
9181,0.35482 
9182,0.34332 
9183,0.32492 
9184,0.30416 
9185,0.29843 
9186,0.29672 
9187,0.28102 
9188,0.25586 
9189,0.22015 
9190,0.19270 
9191,0.16526 
9192,0.09817 
9193,0.02690 
9194,0.00000 
9195,0.00000 
9196,0.00000 
9197,0.00000 
9198,0.00000 
9199,0.00000 
9200,0.00000 
9201,0.00000 
9202,0.00000 
9203,0.00000 
9204,0.00149 
9205,0.00429 
9206,0.00828 
9207,0.01342 
9208,0.03599 
9209,0.06063 
9210,0.07071 
9211,0.06649 
9212,0.06224 
9213,0.05773 
9214,0.06614 
9215,0.09041 
9216,0.12425 
9217,0.15952 
9218,0.17384 
9219,0.16770 
9220,0.16147 
9221,0.15451 
9222,0.14616 
9223,0.13630 
9224,0.12567 
9225,0.11487 
9226,0.09080 
9227,0.06583 
9228,0.04043 
9229,0.01602 
9230,0.01328 
9231,0.01328 
9232,0.01322 
9233,0.01322 
9234,0.01240 
9235,0.01076 
9236,0.00909 
9237,0.00745 
9238,0.00712 
9239,0.00803 
9240,0.00893 
9241,0.00977 
9242,0.02032 
9243,0.04900 
9244,0.08767 
9245,0.12678 
9246,0.19134 
9247,0.29132 
9248,0.35924 
9249,0.40965 
9250,0.40568 
9251,0.34605 
9252,0.31699 
9253,0.32197 
9254,0.35420 
9255,0.40914 
9256,0.42794 
9257,0.40574 
9258,0.34845 
9259,0.25726 
9260,0.26199 
9261,0.36037 
9262,0.44571 
9263,0.51644 
9264,0.55504 
9265,0.56818 
9266,0.63209 
9267,0.74954 
9268,0.78049 
9269,0.72269 
9270,0.67184 
9271,0.62907 
9272,0.60937 
9273,0.61548 
9274,0.64679 
9275,0.71744 
9276,0.77222 
9277,0.85214 
9278,0.88687 
9279,0.87801 
9280,0.89161 
9281,0.91635 
9282,0.97702 
9283,1.06851 
9284,1.18085 
9285,1.29984 
9286,1.24182 
9287,1.01138 
9288,0.79859 
9289,0.58132 
9290,0.49338 
9291,0.49363 
9292,0.49558 
9293,0.49753 
9294,0.53138 
9295,0.61881 
9296,0.71099 
9297,0.80389 
9298,0.82966 
9299,0.79029 
9300,0.74767 
9301,0.70721 
9302,0.71262 
9303,0.76219 
9304,0.81217 
9305,0.86256 
9306,0.86926 
9307,0.82523 
9308,0.78372 
9309,0.73880 
9310,0.69613 
9311,0.65525 
9312,0.61340 
9313,0.58447 
9314,0.57113 
9315,0.57597 
9316,0.58089 
9317,0.58356 
9318,0.53910 
9319,0.44274 
9320,0.35412 
9321,0.30016 
9322,0.24770 
9323,0.20431 
9324,0.16918 
9325,0.13339 
9326,0.12154 
9327,0.13416 
9328,0.14680 
9329,0.15945 
9330,0.16929 
9331,0.17545 
9332,0.18224 
9333,0.18813 
9334,0.22276 
9335,0.30100 
9336,0.38499 
9337,0.52292 
9338,0.63385 
9339,0.73344 
9340,0.86905 
9341,1.02872 
9342,1.11612 
9343,1.11794 
9344,1.13618 
9345,1.16125 
9346,1.15152 
9347,1.10280 
9348,1.10467 
9349,1.18445 
9350,1.28543 
9351,1.40379 
9352,1.43621 
9353,1.35575 
9354,1.27631 
9355,1.19565 
9356,1.16027 
9357,1.17844 
9358,1.24202 
9359,1.35543 
9360,1.39107 
9361,1.38331 
9362,1.33155 
9363,1.21980 
9364,1.17766 
9365,1.20163 
9366,1.25457 
9367,1.34698 
9368,1.38735 
9369,1.38200 
9370,1.41110 
9371,1.49387 
9372,1.52379 
9373,1.49851 
9374,1.33133 
9375,1.03141 
9376,0.84286 
9377,0.70986 
9378,0.66747 
9379,0.65075 
9380,0.56588 
9381,0.45150 
9382,0.36875 
9383,0.29754 
9384,0.22999 
9385,0.17024 
9386,0.14138 
9387,0.13582 
9388,0.12980 
9389,0.12377 
9390,0.09670 
9391,0.05666 
9392,0.02520 
9393,0.00855 
9394,0.00477 
9395,0.00392 
9396,0.00308 
9397,0.00223 
9398,0.00268 
9399,0.00445 
9400,0.00626 
9401,0.00808 
9402,0.00974 
9403,0.01118 
9404,0.01263 
9405,0.01550 
9406,0.03119 
9407,0.05642 
9408,0.08275 
9409,0.12391 
9410,0.13590 
9411,0.11809 
9412,0.09973 
9413,0.08313 
9414,0.06230 
9415,0.03162 
9416,0.01216 
9417,0.00556 
9418,0.00090 
9419,0.00000 
9420,0.00000 
9421,0.00000 
9422,0.00000 
9423,0.00443 
9424,0.01314 
9425,0.04294 
9426,0.06135 
9427,0.05593 
9428,0.05076 
9429,0.04558 
9430,0.04540 
9431,0.05016 
9432,0.05485 
9433,0.05946 
9434,0.09266 
9435,0.16597 
9436,0.24290 
9437,0.30308 
9438,0.35850 
9439,0.42350 
9440,0.49164 
9441,0.57461 
9442,0.58642 
9443,0.60096 
9444,0.60659 
9445,0.65603 
9446,0.77288 
9447,0.96005 
9448,1.08756 
9449,1.16467 
9450,1.21237 
9451,1.23308 
9452,1.21363 
9453,1.14634 
9454,1.10162 
9455,1.08125 
9456,1.08413 
9457,1.10028 
9458,1.07679 
9459,1.01813 
9460,0.95163 
9461,0.89288 
9462,0.91094 
9463,1.03820 
9464,1.13053 
9465,1.20517 
9466,1.22352 
9467,1.16455 
9468,1.13367 
9469,1.13077 
9470,1.06529 
9471,0.93366 
9472,0.83537 
9473,0.75870 
9474,0.71666 
9475,0.71672 
9476,0.71031 
9477,0.69523 
9478,0.72939 
9479,0.81316 
9480,0.88475 
9481,0.96438 
9482,0.91635 
9483,0.75585 
9484,0.60942 
9485,0.48045 
9486,0.35689 
9487,0.25410 
9488,0.17632 
9489,0.11781 
9490,0.10852 
9491,0.14725 
9492,0.19198 
9493,0.24593 
9494,0.25792 
9495,0.22749 
9496,0.19755 
9497,0.16901 
9498,0.14305 
9499,0.11357 
9500,0.08389 
9501,0.06253 
9502,0.06081 
9503,0.07735 
9504,0.10155 
9505,0.12834 
9506,0.13339 
9507,0.11541 
9508,0.09780 
9509,0.08147 
9510,0.08178 
9511,0.09967 
9512,0.11942 
9513,0.13964 
9514,0.14454 
9515,0.13423 
9516,0.12375 
9517,0.11310 
9518,0.10381 
9519,0.09600 
9520,0.08938 
9521,0.08435 
9522,0.08434 
9523,0.08936 
9524,0.09635 
9525,0.10374 
9526,0.10719 
9527,0.10674 
9528,0.10587 
9529,0.10543 
9530,0.13063 
9531,0.18409 
9532,0.23775 
9533,0.29103 
9534,0.27405 
9535,0.18940 
9536,0.13733 
9537,0.10372 
9538,0.05788 
9539,0.02960 
9540,0.02907 
9541,0.09908 
9542,0.21443 
9543,0.30644 
9544,0.33036 
9545,0.28747 
9546,0.26076 
9547,0.27197 
9548,0.30865 
9549,0.38379 
9550,0.41997 
9551,0.42041 
9552,0.43480 
9553,0.47637 
9554,0.53189 
9555,0.58833 
9556,0.67022 
9557,0.76561 
9558,0.90583 
9559,1.13884 
9560,1.25380 
9561,1.29092 
9562,1.18822 
9563,0.94435 
9564,0.78380 
9565,0.66690 
9566,0.60901 
9567,0.56316 
9568,0.52326 
9569,0.48297 
9570,0.46310 
9571,0.46175 
9572,0.44361 
9573,0.41599 
9574,0.39439 
9575,0.37616 
9576,0.34612 
9577,0.31897 
9578,0.42334 
9579,0.71287 
9580,1.08060 
9581,1.45932 
9582,1.60074 
9583,1.52154 
9584,1.44033 
9585,1.35293 
9586,1.18455 
9587,0.92991 
9588,0.70060 
9589,0.49637 
9590,0.45968 
9591,0.54590 
9592,0.65901 
9593,0.77375 
9594,0.80985 
9595,0.76865 
9596,0.72464 
9597,0.68293 
9598,0.64536 
9599,0.61126 
9600,0.57590 
9601,0.55025 
9602,0.49205 
9603,0.39899 
9604,0.31752 
9605,0.26562 
9606,0.23029 
9607,0.21337 
9608,0.19528 
9609,0.18157 
9610,0.14249 
9611,0.08016 
9612,0.03750 
9613,0.01079 
9614,0.00858 
9615,0.01326 
9616,0.02738 
9617,0.05005 
9618,0.06131 
9619,0.06134 
9620,0.06112 
9621,0.06090 
9622,0.06315 
9623,0.06785 
9624,0.07222 
9625,0.07684 
9626,0.10067 
9627,0.17732 
9628,0.27481 
9629,0.33467 
9630,0.37721 
9631,0.41852 
9632,0.46898 
9633,0.53806 
9634,0.61041 
9635,0.67428 
9636,0.72157 
9637,0.75201 
9638,0.77919 
9639,0.80858 
9640,0.83720 
9641,0.87186 
9642,0.90543 
9643,0.94338 
9644,0.96808 
9645,0.98419 
9646,1.00720 
9647,1.04289 
9648,1.03274 
9649,0.97031 
9650,0.91879 
9651,0.87779 
9652,0.84840 
9653,0.82467 
9654,0.79069 
9655,0.74338 
9656,0.74007 
9657,0.77606 
9658,0.80220 
9659,0.81658 
9660,0.79589 
9661,0.74477 
9662,0.69662 
9663,0.65194 
9664,0.58238 
9665,0.50310 
9666,0.45960 
9667,0.44118 
9668,0.32775 
9669,0.16955 
9670,0.10038 
9671,0.07933 
9672,0.05112 
9673,0.01631 
9674,0.00000 
9675,0.00000 
9676,0.00000 
9677,0.00000 
9678,0.00000 
9679,0.00000 
9680,0.00000 
9681,0.00000 
9682,0.00000 
9683,0.00000 
9684,0.00000 
9685,0.00000 
9686,0.00000 
9687,0.00000 
9688,0.00000 
9689,0.00000 
9690,0.00000 
9691,0.00000 
9692,0.00000 
9693,0.00000 
9694,0.00000 
9695,0.00000 
9696,0.00000 
9697,0.00000 
9698,0.00000 
9699,0.00000 
9700,0.00000 
9701,0.00000 
9702,0.00000 
9703,0.00000 
9704,0.00000 
9705,0.00000 
9706,0.00086 
9707,0.00649 
9708,0.01221 
9709,0.02736 
9710,0.05482 
9711,0.08257 
9712,0.12121 
9713,0.16492 
9714,0.18276 
9715,0.17443 
9716,0.16681 
9717,0.15918 
9718,0.15482 
9719,0.15375 
9720,0.15271 
9721,0.15168 
9722,0.20513 
9723,0.34839 
9724,0.53748 
9725,0.80778 
9726,0.91378 
9727,0.82633 
9728,0.83092 
9729,0.89182 
9730,1.00024 
9731,1.14414 
9732,1.26154 
9733,1.34790 
9734,1.47669 
9735,1.62617 
9736,1.79566 
9737,1.96881 
9738,2.05834 
9739,2.08074 
9740,2.07976 
9741,2.06868 
9742,2.02755 
9743,1.97073 
9744,1.90789 
9745,1.85162 
9746,1.83499 
9747,1.86797 
9748,1.87642 
9749,1.87253 
9750,1.85734 
9751,1.83156 
9752,1.82364 
9753,1.81840 
9754,1.80012 
9755,1.76864 
9756,1.72051 
9757,1.66017 
9758,1.63403 
9759,1.63224 
9760,1.58228 
9761,1.49695 
9762,1.30309 
9763,1.03450 
9764,0.79649 
9765,0.60672 
9766,0.48978 
9767,0.44071 
9768,0.37401 
9769,0.32605 
9770,0.28275 
9771,0.25013 
9772,0.21909 
9773,0.18760 
9774,0.16814 
9775,0.16155 
9776,0.15657 
9777,0.15102 
9778,0.14590 
9779,0.14024 
9780,0.13452 
9781,0.12876 
9782,0.11498 
9783,0.09308 
9784,0.07201 
9785,0.05788 
9786,0.05502 
9787,0.06337 
9788,0.07197 
9789,0.08346 
9790,0.08469 
9791,0.07497 
9792,0.06779 
9793,0.06028 
9794,0.05641 
9795,0.05644 
9796,0.05668 
9797,0.05671 
9798,0.05484 
9799,0.05080 
9800,0.04684 
9801,0.04257 
9802,0.03194 
9803,0.01534 
9804,0.01178 
9805,0.00822 
9806,0.00875 
9807,0.01347 
9808,0.02770 
9809,0.05025 
9810,0.05654 
9811,0.04656 
9812,0.03656 
9813,0.02654 
9814,0.02145 
9815,0.02138 
9816,0.02122 
9817,0.02107 
9818,0.05279 
9819,0.13182 
9820,0.23496 
9821,0.36333 
9822,0.44924 
9823,0.48230 
9824,0.55570 
9825,0.65064 
9826,0.73454 
9827,0.81135 
9828,0.88057 
9829,0.95007 
9830,1.02006 
9831,1.09409 
9832,1.14297 
9833,1.16315 
9834,1.18404 
9835,1.20223 
9836,1.22695 
9837,1.25257 
9838,1.28274 
9839,1.31310 
9840,1.30896 
9841,1.27937 
9842,1.25420 
9843,1.24093 
9844,1.21591 
9845,1.17614 
9846,1.14574 
9847,1.12147 
9848,1.09691 
9849,1.07708 
9850,1.05786 
9851,1.04174 
9852,0.98494 
9853,0.89928 
9854,0.81093 
9855,0.72319 
9856,0.65035 
9857,0.58216 
9858,0.51136 
9859,0.43977 
9860,0.34396 
9861,0.24774 
9862,0.18334 
9863,0.13907 
9864,0.07696 
9865,0.01985 
9866,0.00000 
9867,0.00000 
9868,0.00000 
9869,0.00000 
9870,0.00000 
9871,0.00000 
9872,0.00198 
9873,0.00410 
9874,0.00711 
9875,0.01099 
9876,0.02268 
9877,0.04143 
9878,0.06418 
9879,0.10024 
9880,0.14272 
9881,0.18970 
9882,0.26161 
9883,0.38042 
9884,0.53787 
9885,0.75105 
9886,1.02530 
9887,1.37110 
9888,1.71393 
9889,2.04723 
9890,2.18774 
9891,2.12457 
9892,2.06905 
9893,2.01303 
9894,2.04921 
9895,2.18028 
9896,2.32354 
9897,2.45749 
9898,2.60097 
9899,2.74383 
9900,2.87359 
9901,2.98346 
9902,2.91978 
9903,2.63293 
9904,2.30568 
9905,1.97590 
9906,1.82084 
9907,1.86151 
9908,1.90962 
9909,1.95779 
9910,2.06809 
9911,2.24387 
9912,2.41175 
9913,2.55896 
9914,2.52580 
9915,2.32974 
9916,2.18461 
9917,2.09659 
9918,2.17049 
9919,2.34275 
9920,2.57490 
9921,2.95129 
9922,3.18110 
9923,3.24624 
9924,3.29775 
9925,3.32972 
9926,3.35577 
9927,3.36593 
9928,3.36047 
9929,3.32649 
9930,3.29255 
9931,3.23620 
9932,3.15460 
9933,3.06929 
9934,2.91960 
9935,2.72335 
9936,2.51145 
9937,2.29812 
9938,2.26419 
9939,2.41309 
9940,2.54427 
9941,2.64422 
9942,2.66237 
9943,2.59254 
9944,2.52726 
9945,2.45392 
9946,2.39914 
9947,2.33978 
9948,2.23906 
9949,2.10341 
9950,1.85357 
9951,1.53408 
9952,1.23660 
9953,0.98163 
9954,0.86281 
9955,0.83031 
9956,0.75976 
9957,0.66510 
9958,0.61664 
9959,0.61168 
9960,0.61342 
9961,0.61422 
9962,0.61712 
9963,0.61957 
9964,0.62205 
9965,0.62454 
9966,0.70098 
9967,0.85631 
9968,1.03994 
9969,1.22504 
9970,1.31622 
9971,1.32594 
9972,1.33136 
9973,1.33683 
9974,1.19888 
9975,0.90026 
9976,0.64740 
9977,0.43712 
9978,0.34690 
9979,0.34837 
9980,0.34985 
9981,0.35258 
9982,0.41098 
9983,0.52765 
9984,0.67502 
9985,0.84516 
9986,0.91115 
9987,0.86516 
9988,0.81878 
9989,0.77199 
9990,0.80366 
9991,0.91964 
9992,1.04164 
9993,1.18285 
9994,1.35202 
9995,1.54394 
9996,1.73037 
9997,1.91962 
9998,1.95251 
9999,1.82643 
10000,1.70021 
10001,1.57294 
10002,1.82978 
10003,2.42225 
10004,2.92918 
10005,3.22283 
10006,3.19094 
10007,3.07469 
10008,2.86845 
10009,2.60075 
10010,2.36939 
10011,2.21295 
10012,2.05654 
10013,1.89859 
10014,1.85839 
10015,1.95227 
10016,2.04523 
10017,2.15237 
10018,2.27858 
10019,2.43528 
10020,2.54702 
10021,2.59152 
10022,2.70250 
10023,2.87971 
10024,2.97598 
10025,2.97798 
10026,3.07599 
10027,3.30064 
10028,3.46754 
10029,3.56366 
10030,3.58372 
10031,3.54756 
10032,3.46546 
10033,3.32699 
10034,3.15902 
10035,2.95029 
10036,2.73750 
10037,2.54152 
10038,2.31210 
10039,2.11693 
10040,1.95348 
10041,1.83850 
10042,1.83650 
10043,1.92804 
10044,1.96693 
10045,1.96882 
10046,2.09835 
10047,2.34755 
10048,2.61677 
10049,2.88469 
10050,3.00821 
10051,3.02095 
10052,2.97805 
10053,2.91650 
10054,2.80605 
10055,2.62321 
10056,2.32428 
10057,1.96241 
10058,1.70745 
10059,1.56114 
10060,1.39817 
10061,1.22999 
10062,1.14653 
10063,1.15466 
10064,1.15911 
10065,1.16740 
10066,1.10012 
10067,0.96659 
10068,0.83359 
10069,0.71788 
10070,0.61166 
10071,0.52219 
10072,0.45338 
10073,0.38222 
10074,0.36873 
10075,0.41122 
10076,0.45404 
10077,0.49895 
10078,0.49194 
10079,0.43428 
10080,0.37261 
10081,0.32322 
10082,0.26203 
10083,0.17807 
10084,0.11219 
10085,0.06016 
10086,0.03338 
10087,0.02178 
10088,0.01406 
10089,0.01166 
10090,0.01176 
10091,0.01447 
10092,0.02282 
10093,0.03569 
10094,0.03713 
10095,0.02707 
10096,0.01691 
10097,0.01419 
10098,0.01426 
10099,0.01708 
10100,0.02748 
10101,0.03773 
10102,0.04532 
10103,0.05007 
10104,0.05473 
10105,0.05933 
10106,0.09419 
10107,0.16444 
10108,0.23480 
10109,0.30257 
10110,0.33593 
10111,0.34940 
10112,0.38292 
10113,0.44480 
10114,0.45373 
10115,0.40733 
10116,0.40730 
10117,0.45859 
10118,0.52701 
10119,0.62769 
10120,0.72612 
10121,0.82150 
10122,0.90280 
10123,0.96464 
10124,1.00491 
10125,1.01993 
10126,1.03817 
10127,1.06234 
10128,1.03061 
10129,0.96057 
10130,0.92283 
10131,0.90599 
10132,0.89642 
10133,0.88791 
10134,0.89392 
10135,0.91139 
10136,0.89165 
10137,0.83635 
10138,0.78358 
10139,0.72962 
10140,0.70057 
10141,0.68691 
10142,0.65869 
10143,0.62078 
10144,0.56442 
10145,0.49631 
10146,0.43087 
10147,0.36636 
10148,0.30237 
10149,0.23970 
10150,0.19061 
10151,0.14439 
10152,0.07689 
10153,0.02296 
10154,0.00544 
10155,0.00629 
10156,0.00717 
10157,0.00803 
10158,0.00767 
10159,0.00603 
10160,0.00436 
10161,0.00267 
10162,0.00268 
10163,0.00443 
10164,0.00617 
10165,0.00793 
10166,0.01186 
10167,0.03684 
10168,0.06645 
10169,0.10742 
10170,0.11282 
10171,0.07712 
10172,0.05383 
10173,0.03034 
10174,0.01651 
10175,0.01359 
10176,0.01291 
10177,0.01219 
10178,0.01156 
10179,0.01112 
10180,0.01068 
10181,0.01019 
10182,0.00903 
10183,0.00711 
10184,0.00513 
10185,0.00315 
10186,0.00445 
10187,0.00916 
10188,0.01400 
10189,0.03059 
10190,0.03597 
10191,0.02311 
10192,0.01480 
10193,0.01209 
10194,0.01076 
10195,0.01077 
10196,0.01082 
10197,0.01083 
10198,0.01025 
10199,0.00911 
10200,0.00799 
10201,0.00688 
10202,0.03688 
10203,0.10191 
10204,0.16890 
10205,0.23936 
10206,0.28612 
10207,0.31465 
10208,0.36968 
10209,0.45480 
10210,0.55375 
10211,0.67135 
10212,0.71134 
10213,0.66097 
10214,0.58254 
10215,0.54395 
10216,0.56529 
10217,0.65669 
10218,0.79603 
10219,0.90598 
10220,0.95279 
10221,0.93196 
10222,0.91297 
10223,0.90472 
10224,0.91309 
10225,0.94272 
10226,1.00198 
10227,1.09336 
10228,1.04751 
10229,0.86920 
10230,0.65797 
10231,0.54212 
10232,0.54318 
10233,0.59327 
10234,0.68070 
10235,0.73275 
10236,0.71400 
10237,0.63632 
10238,0.57724 
10239,0.53339 
10240,0.47622 
10241,0.40530 
10242,0.33536 
10243,0.26760 
10244,0.22896 
10245,0.20453 
10246,0.17680 
10247,0.14091 
10248,0.07857 
10249,0.02148 
10250,0.00000 
10251,0.00000 
10252,0.00000 
10253,0.00000 
10254,0.00000 
10255,0.00000 
10256,0.00000 
10257,0.00000 
10258,0.00000 
10259,0.00000 
10260,0.00000 
10261,0.00000 
10262,0.00000 
10263,0.00000 
10264,0.00208 
10265,0.00433 
10266,0.00299 
10267,0.00000 
10268,0.00000 
10269,0.00000 
10270,0.00000 
10271,0.00000 
10272,0.00000 
10273,0.00000 
10274,0.00000 
10275,0.00000 
10276,0.00000 
10277,0.00000 
10278,0.00000 
10279,0.00000 
10280,0.00000 
10281,0.00000 
10282,0.00000 
10283,0.00000 
10284,0.00000 
10285,0.00000 
10286,0.00000 
10287,0.00000 
10288,0.00000 
10289,0.00000 
10290,0.00000 
10291,0.00000 
10292,0.00000 
10293,0.00000 
10294,0.00000 
10295,0.00505 
10296,0.01572 
10297,0.02651 
10298,0.06501 
10299,0.13789 
10300,0.20725 
10301,0.27500 
10302,0.34532 
10303,0.40217 
10304,0.45665 
10305,0.52621 
10306,0.60088 
10307,0.67454 
10308,0.74362 
10309,0.81208 
10310,0.89398 
10311,0.99135 
10312,1.06119 
10313,1.10640 
10314,1.16198 
10315,1.22870 
10316,1.25428 
10317,1.24010 
10318,1.23319 
10319,1.23826 
10320,1.22108 
10321,1.18251 
10322,1.14678 
10323,1.11769 
10324,1.09811 
10325,1.08898 
10326,1.06815 
10327,1.03659 
10328,1.03116 
10329,1.04375 
10330,1.04241 
10331,1.03548 
10332,0.98110 
10333,0.88950 
10334,0.81889 
10335,0.76119 
10336,0.66633 
10337,0.54942 
10338,0.44682 
10339,0.36561 
10340,0.29918 
10341,0.23313 
10342,0.18022 
10343,0.13393 
10344,0.07107 
10345,0.01867 
10346,0.00000 
10347,0.00000 
10348,0.00000 
10349,0.00000 
10350,0.00000 
10351,0.00000 
10352,0.00000 
10353,0.00000 
10354,0.00000 
10355,0.00000 
10356,0.00000 
10357,0.00000 
10358,0.00000 
10359,0.00000 
10360,0.00000 
10361,0.00000 
10362,0.00000 
10363,0.00000 
10364,0.00000 
10365,0.00000 
10366,0.00000 
10367,0.00000 
10368,0.00000 
10369,0.00000 
10370,0.00000 
10371,0.00000 
10372,0.00000 
10373,0.00000 
10374,0.00000 
10375,0.00000 
10376,0.00000 
10377,0.00000 
10378,0.00000 
10379,0.00000 
10380,0.00000 
10381,0.00000 
10382,0.00000 
10383,0.00000 
10384,0.00000 
10385,0.00000 
10386,0.00000 
10387,0.00000 
10388,0.00000 
10389,0.00000 
10390,0.00000 
10391,0.01065 
10392,0.03292 
10393,0.05952 
10394,0.08365 
10395,0.14452 
10396,0.24219 
10397,0.30776 
10398,0.36762 
10399,0.44085 
10400,0.51072 
10401,0.59730 
10402,0.70123 
10403,0.81451 
10404,0.89797 
10405,0.96242 
10406,1.02021 
10407,1.07898 
10408,1.12128 
10409,1.14639 
10410,1.16609 
10411,1.17679 
10412,1.19320 
10413,1.21819 
10414,1.25453 
10415,1.30534 
10416,1.29961 
10417,1.24221 
10418,1.19199 
10419,1.15247 
10420,1.13283 
10421,1.13509 
10422,1.15732 
10423,1.20901 
10424,1.23932 
10425,1.26125 
10426,1.25227 
10427,1.20441 
10428,1.18811 
10429,1.19917 
10430,1.15266 
10431,1.07554 
10432,0.93980 
10433,0.77825 
10434,0.67774 
10435,0.61846 
10436,0.54114 
10437,0.44833 
10438,0.38002 
10439,0.33055 
10440,0.27014 
10441,0.20211 
10442,0.16510 
10443,0.15283 
10444,0.14104 
10445,0.12958 
10446,0.10195 
10447,0.06399 
10448,0.03588 
10449,0.01173 
10450,0.00790 
10451,0.00619 
10452,0.00447 
10453,0.00274 
10454,0.00164 
10455,0.00120 
10456,0.00076 
10457,0.00032 
10458,0.00000 
10459,0.00000 
10460,0.00000 
10461,0.00000 
10462,0.00000 
10463,0.00000 
10464,0.00000 
10465,0.00000 
10466,0.00000 
10467,0.00000 
10468,0.00000 
10469,0.00000 
10470,0.00000 
10471,0.00000 
10472,0.00000 
10473,0.00000 
10474,0.00000 
10475,0.00000 
10476,0.00000 
10477,0.00000 
10478,0.00000 
10479,0.00000 
10480,0.00000 
10481,0.00000 
10482,0.00000 
10483,0.00000 
10484,0.00000 
10485,0.00000 
10486,0.00000 
10487,0.00774 
10488,0.02420 
10489,0.04080 
10490,0.07878 
10491,0.16863 
10492,0.25560 
10493,0.27332 
10494,0.29188 
10495,0.33731 
10496,0.35568 
10497,0.35157 
10498,0.32297 
10499,0.28922 
10500,0.31979 
10501,0.43752 
10502,0.57232 
10503,0.67918 
10504,0.75646 
10505,0.80525 
10506,0.88219 
10507,0.98748 
10508,1.01898 
10509,0.97055 
10510,0.92677 
10511,0.90254 
10512,0.91967 
10513,0.96548 
10514,1.02155 
10515,1.07856 
10516,1.10637 
10517,1.10552 
10518,1.10599 
10519,1.10362 
10520,1.05236 
10521,0.95906 
10522,0.87972 
10523,0.81659 
10524,0.79524 
10525,0.80201 
10526,0.80645 
10527,0.80477 
10528,0.75227 
10529,0.66613 
10530,0.54019 
10531,0.38833 
10532,0.28370 
10533,0.21735 
10534,0.16701 
10535,0.13874 
10536,0.08953 
10537,0.03085 
10538,0.00645 
10539,0.00940 
10540,0.01238 
10541,0.02618 
10542,0.03140 
10543,0.02756 
10544,0.02367 
10545,0.01972 
10546,0.02600 
10547,0.04256 
10548,0.05914 
10549,0.07647 
10550,0.10115 
10551,0.12440 
10552,0.14783 
10553,0.17145 
10554,0.20480 
10555,0.24105 
10556,0.27829 
10557,0.31701 
10558,0.37442 
10559,0.42350 
10560,0.47440 
10561,0.52528 
10562,0.57329 
10563,0.61621 
10564,0.67152 
10565,0.72497 
10566,0.70172 
10567,0.60162 
10568,0.52484 
10569,0.44614 
10570,0.44993 
10571,0.54263 
10572,0.63768 
10573,0.75650 
10574,0.71847 
10575,0.55726 
10576,0.40856 
10577,0.31248 
10578,0.27850 
10579,0.29268 
10580,0.30789 
10581,0.32300 
10582,0.34849 
10583,0.41396 
10584,0.50408 
10585,0.59034 
10586,0.66094 
10587,0.73289 
10588,0.78042 
10589,0.76527 
10590,0.73228 
10591,0.71146 
10592,0.71698 
10593,0.74340 
10594,0.69830 
10595,0.62801 
10596,0.55340 
10597,0.46472 
10598,0.42455 
10599,0.42834 
10600,0.46212 
10601,0.52888 
10602,0.60345 
10603,0.68184 
10604,0.75719 
10605,0.87049 
10606,0.86403 
10607,0.77776 
10608,0.72828 
10609,0.70471 
10610,0.73091 
10611,0.80222 
10612,0.77775 
10613,0.65552 
10614,0.54424 
10615,0.47008 
10616,0.43999 
10617,0.42179 
10618,0.38281 
10619,0.48192 
10620,0.47930 
10621,0.51765 
10622,0.59660 
10623,0.70122 
10624,0.68529 
10625,0.56927 
10626,0.48548 
10627,0.43360 
10628,0.41149 
10629,0.40077 
10630,0.39619 
10631,0.38544 
10632,0.34490 
10633,0.31500 
10634,0.33180 
10635,0.35675 
10636,0.38080 
10637,0.40634 
10638,0.42697 
10639,0.44387 
10640,0.46240 
10641,0.47960 
10642,0.45939 
10643,0.39812 
10644,0.33641 
10645,0.28719 
10646,0.26487 
10647,0.25251 
10648,0.24087 
10649,0.22908 
10650,0.21484 
10651,0.19742 
10652,0.17988 
10653,0.16708 
10654,0.16209 
10655,0.16447 
10656,0.16753 
10657,0.17071 
10658,0.15634 
10659,0.12417 
10660,0.09210 
10661,0.06894 
10662,0.05394 
10663,0.04508 
10664,0.03580 
10665,0.02629 
10666,0.03164 
10667,0.05220 
10668,0.07309 
10669,0.09533 
10670,0.12562 
10671,0.15390 
10672,0.18142 
10673,0.20959 
10674,0.22097 
10675,0.20900 
10676,0.20023 
10677,0.19153 
10678,0.18143 
10679,0.17089 
10680,0.16240 
10681,0.15368 
10682,0.13951 
10683,0.11993 
10684,0.10157 
10685,0.09681 
10686,0.11278 
10687,0.14061 
10688,0.20118 
10689,0.29629 
10690,0.35435 
10691,0.37461 
10692,0.34896 
10693,0.29287 
10694,0.25689 
10695,0.24193 
10696,0.23839 
10697,0.24578 
10698,0.25027 
10699,0.25373 
10700,0.28293 
10701,0.33805 
10702,0.38734 
10703,0.43072 
10704,0.45747 
10705,0.47810 
10706,0.53321 
10707,0.61280 
10708,0.57504 
10709,0.42244 
10710,0.29154 
10711,0.17816 
10712,0.15020 
10713,0.21004 
10714,0.25636 
10715,0.28617 
10716,0.28996 
10717,0.26618 
10718,0.25975 
10719,0.27196 
10720,0.26799 
10721,0.24971 
10722,0.22613 
10723,0.19849 
10724,0.16810 
10725,0.13511 
10726,0.09592 
10727,0.05184 
10728,0.02307 
10729,0.01243 
10730,0.01029 
10731,0.01110 
10732,0.01196 
10733,0.01480 
10734,0.02074 
10735,0.02877 
10736,0.03690 
10737,0.04515 
10738,0.05149 
10739,0.05571 
10740,0.06015 
10741,0.06444 
10742,0.06077 
10743,0.04894 
10744,0.03674 
10745,0.02445 
10746,0.01611 
10747,0.01307 
10748,0.01222 
10749,0.01136 
10750,0.00878 
10751,0.00429 
10752,0.00000 
10753,0.00000 
10754,0.00000 
10755,0.00000 
10756,0.00000 
10757,0.00000 
10758,0.00000 
10759,0.00000 
10760,0.00000 
10761,0.00000 
10762,0.00000 
10763,0.00000 
10764,0.00000 
10765,0.00000 
10766,0.00000 
10767,0.00000 
10768,0.00000 
10769,0.00000 
10770,0.00279 
10771,0.00816 
10772,0.01353 
10773,0.02952 
10774,0.05352 
10775,0.07816 
10776,0.10925 
10777,0.14843 
10778,0.20333 
10779,0.27423 
10780,0.35451 
10781,0.43368 
10782,0.56116 
10783,0.79761 
10784,1.11354 
10785,1.47407 
10786,1.71960 
10787,1.81930 
10788,1.85561 
10789,1.83467 
10790,1.86890 
10791,1.96435 
10792,2.02873 
10793,2.07086 
10794,2.02897 
10795,1.90070 
10796,1.85913 
10797,1.90096 
10798,1.94752 
10799,1.98232 
10800,1.91507 
10801,1.74839 
10802,1.59791 
10803,1.46790 
10804,1.36751 
10805,1.28814 
10806,1.19562 
10807,1.09046 
10808,1.01749 
10809,0.96389 
10810,1.05213 
10811,1.30795 
10812,1.53793 
10813,1.71047 
10814,1.66352 
10815,1.39458 
10816,1.12032 
10817,0.88106 
10818,0.75878 
10819,0.73325 
10820,0.70689 
10821,0.68434 
10822,0.61608 
10823,0.53054 
10824,0.48065 
10825,0.43408 
10826,0.43399 
10827,0.48243 
10828,0.53500 
10829,0.60089 
10830,0.63723 
10831,0.64164 
10832,0.64612 
10833,0.65065 
10834,0.73006 
10835,0.89154 
10836,1.08603 
10837,1.27895 
10838,1.38656 
10839,1.41756 
10840,1.44880 
10841,1.48026 
10842,1.46632 
10843,1.40161 
10844,1.34148 
10845,1.27463 
10846,1.11397 
10847,0.85960 
10848,0.63677 
10849,0.45659 
10850,0.36089 
10851,0.33716 
10852,0.32331 
10853,0.31099 
10854,0.30597 
10855,0.30843 
10856,0.31212 
10857,0.31467 
10858,0.32501 
10859,0.34335 
10860,0.36105 
10861,0.39272 
10862,0.37047 
10863,0.32815 
10864,0.28663 
10865,0.24474 
10866,0.20265 
10867,0.16634 
10868,0.13030 
10869,0.09491 
10870,0.07691 
10871,0.06604 
10872,0.05741 
10873,0.04841 
10874,0.06700 
10875,0.11399 
10876,0.17003 
10877,0.24024 
10878,0.27281 
10879,0.27629 
10880,0.26070 
10881,0.22010 
10882,0.21445 
10883,0.22907 
10884,0.24364 
10885,0.24936 
10886,0.23136 
10887,0.19069 
10888,0.17426 
10889,0.18094 
10890,0.19644 
10891,0.21931 
10892,0.21101 
10893,0.17329 
10894,0.13346 
10895,0.09240 
10896,0.09006 
10897,0.12662 
10898,0.16145 
10899,0.19126 
10900,0.21551 
10901,0.23489 
10902,0.26556 
10903,0.31496 
10904,0.33276 
10905,0.31936 
10906,0.30765 
10907,0.29836 
10908,0.29857 
10909,0.30354 
10910,0.29372 
10911,0.26908 
10912,0.24626 
10913,0.22681 
10914,0.21303 
10915,0.20504 
10916,0.20472 
10917,0.21118 
10918,0.22492 
10919,0.24405 
10920,0.26444 
10921,0.29227 
10922,0.29197 
10923,0.26388 
10924,0.24083 
10925,0.21747 
10926,0.17919 
10927,0.13538 
10928,0.09612 
10929,0.06201 
10930,0.04520 
10931,0.03733 
10932,0.02930 
10933,0.02133 
10934,0.02343 
10935,0.03570 
10936,0.04806 
10937,0.06071 
10938,0.07432 
10939,0.09737 
10940,0.12126 
10941,0.14516 
10942,0.18119 
10943,0.24454 
10944,0.31018 
10945,0.41595 
10946,0.43811 
10947,0.36090 
10948,0.30623 
10949,0.26345 
10950,0.21620 
10951,0.17186 
10952,0.13277 
10953,0.09341 
10954,0.07596 
10955,0.07172 
10956,0.06741 
10957,0.06304 
10958,0.05588 
10959,0.04600 
10960,0.03625 
10961,0.02631 
10962,0.02383 
10963,0.02882 
10964,0.03380 
10965,0.03879 
10966,0.03864 
10967,0.04818 
10968,0.07392 
10969,0.10024 
10970,0.13034 
10971,0.20749 
10972,0.33316 
10973,0.44113 
10974,0.51441 
10975,0.57018 
10976,0.62966 
10977,0.71324 
10978,0.77920 
10979,0.82858 
10980,0.83940 
10981,0.79904 
10982,0.76711 
10983,0.74651 
10984,0.72495 
10985,0.69802 
10986,0.65303 
10987,0.63518 
10988,0.66095 
10989,0.75428 
10990,0.87319 
10991,0.94554 
10992,0.96705 
10993,0.94197 
10994,0.95583 
10995,1.01271 
10996,0.96374 
10997,0.81178 
10998,0.64362 
10999,0.54304 
11000,0.53747 
11001,0.57928 
11002,0.62708 
11003,0.64220 
11004,0.61295 
11005,0.54221 
11006,0.48929 
11007,0.45130 
11008,0.40435 
11009,0.34856 
11010,0.29305 
11011,0.23781 
11012,0.20478 
11013,0.18352 
11014,0.16224 
11015,0.13817 
11016,0.08665 
11017,0.02691 
11018,0.00422 
11019,0.00938 
11020,0.02479 
11021,0.04945 
11022,0.05648 
11023,0.04547 
11024,0.03425 
11025,0.02271 
11026,0.01398 
11027,0.01152 
11028,0.01031 
11029,0.00907 
11030,0.00868 
11031,0.00914 
11032,0.00959 
11033,0.01002 
11034,0.00857 
11035,0.00522 
11036,0.00180 
11037,0.00000 
11038,0.00000 
11039,0.00189 
11040,0.00562 
11041,0.00959 
11042,0.02995 
11043,0.09003 
11044,0.17975 
11045,0.29854 
11046,0.36777 
11047,0.34498 
11048,0.33216 
11049,0.32086 
11050,0.30807 
11051,0.29506 
11052,0.28072 
11053,0.26731 
11054,0.26850 
11055,0.28561 
11056,0.30287 
11057,0.32028 
11058,0.33648 
11059,0.35269 
11060,0.36794 
11061,0.39707 
11062,0.37149 
11063,0.32921 
11064,0.29658 
11065,0.26586 
11066,0.29913 
11067,0.40272 
11068,0.49085 
11069,0.56134 
11070,0.66374 
11071,0.81682 
11072,0.91203 
11073,0.92522 
11074,0.86090 
11075,0.91065 
11076,0.91149 
11077,0.96082 
11078,1.10950 
11079,1.35787 
11080,1.40973 
11081,1.24338 
11082,1.09820 
11083,1.10027 
11084,1.15259 
11085,1.16547 
11086,1.05256 
11087,0.82741 
11088,0.72697 
11089,0.77372 
11090,0.87714 
11091,1.01106 
11092,1.02205 
11093,0.91873 
11094,0.82540 
11095,0.74059 
11096,0.67546 
11097,0.63941 
11098,0.60243 
11099,0.56018 
11100,0.53755 
11101,0.53363 
11102,0.56339 
11103,0.62445 
11104,0.63611 
11105,0.61181 
11106,0.60615 
11107,0.61961 
11108,0.68545 
11109,0.77468 
11110,0.77394 
11111,0.71089 
11112,0.67036 
11113,0.63174 
11114,0.59267 
11115,0.55317 
11116,0.51504 
11117,0.48463 
11118,0.47273 
11119,0.47590 
11120,0.48066 
11121,0.48393 
11122,0.53438 
11123,0.66664 
11124,0.79985 
11125,0.94958 
11126,1.00602 
11127,0.95628 
11128,0.90317 
11129,0.85560 
11130,0.85866 
11131,0.91289 
11132,0.97026 
11133,1.02805 
11134,1.01148 
11135,0.92424 
11136,0.85345 
11137,0.77763 
11138,0.78647 
11139,0.88910 
11140,0.99091 
11141,1.11556 
11142,1.08944 
11143,0.93152 
11144,0.78517 
11145,0.63654 
11146,0.50392 
11147,0.35212 
11148,0.26603 
11149,0.18560 
11150,0.16118 
11151,0.17667 
11152,0.19294 
11153,0.21008 
11154,0.21008 
11155,0.19373 
11156,0.17811 
11157,0.16249 
11158,0.14430 
11159,0.13728 
11160,0.14562 
11161,0.15608 
11162,0.21098 
11163,0.31400 
11164,0.44451 
11165,0.60845 
11166,0.68239 
11167,0.60574 
11168,0.58820 
11169,0.58523 
11170,0.62719 
11171,0.71375 
11172,0.78960 
11173,0.85350 
11174,0.98098 
11175,1.13966 
11176,1.17997 
11177,1.12160 
11178,0.95755 
11179,0.72120 
11180,0.64402 
11181,0.68306 
11182,0.73417 
11183,0.80364 
11184,0.76506 
11185,0.61728 
11186,0.46770 
11187,0.33533 
11188,0.32108 
11189,0.43758 
11190,0.57951 
11191,0.71969 
11192,0.73388 
11193,0.61551 
11194,0.53448 
11195,0.48846 
11196,0.47539 
11197,0.48926 
11198,0.49101 
11199,0.48201 
11200,0.48463 
11201,0.49774 
11202,0.50828 
11203,0.51646 
11204,0.48121 
11205,0.41481 
11206,0.36976 
11207,0.33597 
11208,0.31577 
11209,0.31830 
11210,0.35479 
11211,0.42280 
11212,0.49248 
11213,0.58139 
11214,0.58361 
11215,0.49978 
11216,0.43522 
11217,0.36806 
11218,0.32244 
11219,0.30109 
11220,0.28870 
11221,0.27662 
11222,0.26445 
11223,0.25219 
11224,0.23901 
11225,0.22658 
11226,0.24008 
11227,0.28134 
11228,0.33311 
11229,0.40624 
11230,0.41071 
11231,0.34189 
11232,0.29427 
11233,0.25594 
11234,0.22284 
11235,0.19554 
11236,0.17368 
11237,0.15289 
11238,0.13473 
11239,0.11797 
11240,0.10080 
11241,0.08468 
11242,0.08207 
11243,0.08805 
11244,0.09577 
11245,0.10488 
11246,0.10978 
11247,0.10982 
11248,0.10987 
11249,0.10992 
11250,0.10952 
11251,0.10867 
11252,0.10784 
11253,0.10702 
11254,0.07758 
11255,0.04147 
11256,0.03631 
11257,0.04551 
11258,0.07384 
11259,0.11423 
11260,0.13592 
11261,0.13883 
11262,0.15523 
11263,0.18450 
11264,0.18379 
11265,0.15372 
11266,0.13498 
11267,0.13954 
11268,0.15525 
11269,0.17435 
11270,0.16158 
11271,0.15748 
11272,0.15584 
11273,0.15423 
11274,0.13354 
11275,0.09873 
11276,0.07544 
11277,0.14199 
11278,0.26751 
11279,0.36214 
11280,0.44241 
11281,0.50816 
11282,0.63387 
11283,0.82545 
11284,0.92467 
11285,0.92092 
11286,0.93597 
11287,0.96465 
11288,0.99535 
11289,1.01875 
11290,1.02118 
11291,1.00118 
11292,0.95370 
11293,0.87008 
11294,0.80746 
11295,0.76232 
11296,0.75335 
11297,0.76084 
11298,0.74452 
11299,0.68638 
11300,0.55976 
11301,0.41182 
11302,0.32743 
11303,0.29465 
11304,0.25029 
11305,0.19080 
11306,0.18362 
11307,0.21684 
11308,0.25031 
11309,0.28608 
11310,0.36523 
11311,0.46363 
11312,0.58607 
11313,0.72755 
11314,0.82053 
11315,0.87547 
11316,0.93079 
11317,0.98654 
11318,0.99374 
11319,0.94822 
11320,0.90202 
11321,0.85784 
11322,0.69987 
11323,0.45897 
11324,0.28133 
11325,0.17131 
11326,0.12667 
11327,0.11885 
11328,0.11033 
11329,0.10191 
11330,0.10312 
11331,0.11468 
11332,0.12691 
11333,0.13891 
11334,0.15354 
11335,0.17040 
11336,0.18769 
11337,0.20697 
11338,0.23363 
11339,0.26155 
11340,0.29092 
11341,0.32083 
11342,0.32244 
11343,0.29531 
11344,0.26703 
11345,0.23991 
11346,0.20872 
11347,0.18010 
11348,0.15167 
11349,0.12342 
11350,0.08985 
11351,0.06332 
11352,0.03782 
11353,0.01464 
11354,0.03246 
11355,0.07569 
11356,0.11958 
11357,0.16300 
11358,0.20675 
11359,0.26139 
11360,0.27305 
11361,0.23873 
11362,0.16217 
11363,0.09311 
11364,0.07195 
11365,0.16150 
11366,0.34940 
11367,0.52404 
11368,0.53256 
11369,0.37739 
11370,0.26345 
11371,0.19173 
11372,0.15250 
11373,0.13915 
11374,0.10767 
11375,0.05900 
11376,0.05928 
11377,0.10810 
11378,0.14710 
11379,0.17686 
11380,0.19762 
11381,0.20984 
11382,0.22857 
11383,0.25491 
11384,0.26539 
11385,0.25895 
11386,0.25670 
11387,0.25921 
11388,0.26256 
11389,0.26810 
11390,0.27422 
11391,0.28031 
11392,0.27831 
11393,0.26717 
11394,0.25989 
11395,0.25791 
11396,0.23824 
11397,0.19848 
11398,0.16992 
11399,0.14854 
11400,0.09967 
11401,0.03595 
11402,0.00833 
11403,0.00877 
11404,0.00920 
11405,0.00967 
11406,0.00971 
11407,0.00936 
11408,0.00898 
11409,0.00863 
11410,0.00845 
11411,0.00851 
11412,0.00854 
11413,0.00860 
11414,0.00887 
11415,0.00936 
11416,0.00986 
11417,0.01041 
11418,0.01004 
11419,0.00878 
11420,0.00752 
11421,0.00622 
11422,0.00769 
11423,0.01204 
11424,0.02530 
11425,0.04673 
11426,0.07700 
11427,0.13175 
11428,0.19172 
11429,0.27205 
11430,0.33591 
11431,0.40098 
11432,0.48013 
11433,0.56060 
11434,0.56750 
11435,0.49415 
11436,0.41786 
11437,0.35725 
11438,0.33825 
11439,0.33837 
11440,0.33989 
11441,0.34143 
11442,0.31650 
11443,0.26539 
11444,0.21556 
11445,0.17834 
11446,0.14139 
11447,0.10965 
11448,0.09415 
11449,0.08332 
11450,0.09658 
11451,0.13398 
11452,0.15884 
11453,0.17308 
11454,0.18154 
11455,0.17667 
11456,0.18659 
11457,0.20966 
11458,0.23447 
11459,0.25898 
11460,0.28229 
11461,0.30553 
11462,0.32910 
11463,0.35297 
11464,0.38072 
11465,0.41176 
11466,0.42707 
11467,0.42905 
11468,0.41552 
11469,0.38688 
11470,0.38112 
11471,0.39861 
11472,0.39392 
11473,0.37041 
11474,0.35206 
11475,0.33960 
11476,0.31453 
11477,0.27905 
11478,0.21898 
11479,0.13446 
11480,0.13731 
11481,0.23415 
11482,0.35800 
11483,0.49949 
11484,0.49938 
11485,0.35960 
11486,0.24219 
11487,0.15067 
11488,0.12226 
11489,0.15494 
11490,0.18277 
11491,0.20542 
11492,0.19612 
11493,0.15702 
11494,0.12747 
11495,0.10498 
11496,0.07301 
11497,0.03024 
11498,0.01139 
11499,0.01916 
11500,0.03124 
11501,0.04352 
11502,0.04984 
11503,0.05013 
11504,0.05058 
11505,0.05087 
11506,0.04700 
11507,0.03877 
11508,0.03060 
11509,0.02226 
11510,0.01493 
11511,0.01225 
11512,0.01095 
11513,0.00964 
11514,0.01011 
11515,0.01237 
11516,0.01938 
11517,0.03025 
11518,0.04572 
11519,0.06660 
11520,0.09204 
11521,0.12645 
11522,0.15388 
11523,0.17273 
11524,0.19172 
11525,0.21711 
11526,0.19641 
11527,0.14579 
11528,0.09400 
11529,0.05844 
11530,0.03029 
11531,0.01409 
11532,0.00942 
11533,0.00467 
11534,0.00065 
11535,0.00000 
11536,0.00000 
11537,0.00000 
11538,0.00000 
11539,0.00000 
11540,0.00000 
11541,0.00000 
11542,0.00190 
11543,0.01610 
11544,0.02699 
11545,0.03771 
11546,0.05985 
11547,0.09568 
11548,0.14319 
11549,0.20037 
11550,0.27298 
11551,0.36905 
11552,0.40459 
11553,0.36949 
11554,0.36026 
11555,0.37922 
11556,0.37654 
11557,0.35220 
11558,0.33211 
11559,0.32454 
11560,0.34700 
11561,0.38655 
11562,0.44021 
11563,0.50219 
11564,0.64639 
11565,0.83433 
11566,0.96236 
11567,1.00190 
11568,0.99330 
11569,0.94121 
11570,0.81949 
11571,0.65201 
11572,0.52318 
11573,0.43764 
11574,0.39992 
11575,0.38367 
11576,0.40466 
11577,0.46472 
11578,0.56600 
11579,0.75070 
11580,0.93280 
11581,1.14460 
11582,1.17234 
11583,1.02392 
11584,0.85787 
11585,0.64808 
11586,0.55938 
11587,0.55428 
11588,0.56972 
11589,0.59019 
11590,0.51738 
11591,0.36682 
11592,0.26128 
11593,0.16272 
11594,0.11726 
11595,0.10807 
11596,0.09919 
11597,0.09025 
11598,0.07347 
11599,0.05744 
11600,0.04165 
11601,0.02564 
11602,0.01453 
11603,0.01193 
11604,0.01068 
11605,0.00942 
11606,0.01076 
11607,0.02108 
11608,0.04019 
11609,0.05959 
11610,0.07179 
11611,0.07636 
11612,0.08296 
11613,0.09006 
11614,0.09999 
11615,0.11364 
11616,0.12764 
11617,0.14243 
11618,0.15617 
11619,0.16830 
11620,0.18127 
11621,0.19366 
11622,0.21415 
11623,0.24811 
11624,0.28265 
11625,0.31647 
11626,0.31925 
11627,0.28897 
11628,0.25814 
11629,0.22675 
11630,0.19661 
11631,0.16363 
11632,0.13120 
11633,0.09803 
11634,0.07647 
11635,0.05508 
11636,0.03353 
11637,0.01577 
11638,0.01857 
11639,0.03597 
11640,0.05164 
11641,0.06714 
11642,0.11050 
11643,0.18637 
11644,0.26253 
11645,0.33608 
11646,0.42252 
11647,0.51363 
11648,0.60192 
11649,0.67908 
11650,0.73901 
11651,0.78638 
11652,0.84135 
11653,0.91270 
11654,0.95735 
11655,0.97525 
11656,0.98416 
11657,0.98161 
11658,0.95500 
11659,0.91737 
11660,0.93999 
11661,1.01829 
11662,1.13426 
11663,1.27721 
11664,1.26688 
11665,1.10380 
11666,0.94553 
11667,0.79715 
11668,0.76706 
11669,0.84955 
11670,0.92956 
11671,1.01679 
11672,0.99233 
11673,0.85221 
11674,0.72710 
11675,0.62073 
11676,0.57891 
11677,0.59181 
11678,0.59827 
11679,0.60171 
11680,0.53829 
11681,0.42131 
11682,0.31240 
11683,0.23826 
11684,0.20020 
11685,0.16918 
11686,0.14004 
11687,0.11463 
11688,0.07549 
11689,0.02406 
11690,0.00000 
11691,0.00000 
11692,0.00000 
11693,0.00000 
11694,0.00000 
11695,0.00000 
11696,0.00000 
11697,0.00000 
11698,0.00000 
11699,0.00000 
11700,0.00000 
11701,0.00000 
11702,0.00000 
11703,0.00000 
11704,0.00000 
11705,0.00000 
11706,0.00000 
11707,0.00000 
11708,0.00000 
11709,0.00000 
11710,0.00000 
11711,0.00000 
11712,0.00000 
11713,0.00000 
11714,0.00000 
11715,0.00000 
11716,0.00000 
11717,0.00000 
11718,0.00000 
11719,0.00119 
11720,0.00336 
11721,0.00558 
11722,0.00674 
11723,0.00674 
11724,0.00678 
11725,0.00681 
11726,0.00684 
11727,0.00685 
11728,0.00688 
11729,0.00692 
11730,0.00752 
11731,0.00863 
11732,0.00977 
11733,0.01086 
11734,0.01834 
11735,0.03305 
11736,0.04820 
11737,0.06346 
11738,0.09478 
11739,0.17681 
11740,0.27849 
11741,0.34181 
11742,0.40373 
11743,0.47795 
11744,0.54072 
11745,0.60770 
11746,0.68862 
11747,0.77636 
11748,0.84092 
11749,0.87208 
11750,0.90106 
11751,0.92778 
11752,0.97045 
11753,1.03635 
11754,1.11210 
11755,1.20087 
11756,1.23968 
11757,1.22867 
11758,1.23260 
11759,1.24797 
11760,1.23151 
11761,1.17519 
11762,1.12451 
11763,1.08331 
11764,1.05752 
11765,1.04619 
11766,1.05032 
11767,1.06936 
11768,1.02848 
11769,0.93142 
11770,0.84519 
11771,0.77490 
11772,0.71321 
11773,0.65629 
11774,0.58301 
11775,0.49841 
11776,0.46180 
11777,0.45800 
11778,0.45947 
11779,0.46282 
11780,0.36491 
11781,0.22035 
11782,0.14841 
11783,0.11336 
11784,0.07140 
11785,0.02277 
11786,0.00000 
11787,0.00000 
11788,0.00000 
11789,0.00000 
11790,0.00000 
11791,0.00000 
11792,0.00000 
11793,0.00000 
11794,0.00000 
11795,0.00000 
11796,0.00000 
11797,0.00000 
11798,0.00000 
11799,0.00000 
11800,0.00000 
11801,0.00000 
11802,0.00000 
11803,0.00000 
11804,0.00000 
11805,0.00000 
11806,0.00000 
11807,0.00000 
11808,0.00000 
11809,0.00000 
11810,0.00000 
11811,0.00000 
11812,0.00000 
11813,0.00037 
11814,0.00274 
11815,0.00384 
11816,0.00497 
11817,0.00610 
11818,0.00561 
11819,0.00343 
11820,0.00122 
11821,0.00000 
11822,0.00000 
11823,0.00000 
11824,0.00068 
11825,0.00182 
11826,0.00381 
11827,0.00666 
11828,0.00951 
11829,0.01242 
11830,0.02429 
11831,0.05331 
11832,0.08761 
11833,0.12291 
11834,0.17532 
11835,0.25761 
11836,0.34889 
11837,0.40596 
11838,0.44875 
11839,0.47549 
11840,0.52902 
11841,0.65773 
11842,0.81291 
11843,1.00203 
11844,1.05886 
11845,0.94733 
11846,0.79678 
11847,0.75856 
11848,0.84419 
11849,0.92678 
11850,0.98198 
11851,0.96341 
11852,0.99134 
11853,1.07233 
11854,1.14377 
11855,1.20602 
11856,1.16442 
11857,1.01508 
11858,0.91561 
11859,0.83912 
11860,0.82272 
11861,0.86298 
11862,0.92672 
11863,1.01892 
11864,0.97473 
11865,0.79679 
11866,0.58494 
11867,0.42155 
11868,0.38701 
11869,0.43772 
11870,0.50013 
11871,0.54193 
11872,0.50570 
11873,0.40428 
11874,0.31719 
11875,0.25984 
11876,0.22296 
11877,0.19344 
11878,0.16686 
11879,0.14200 
11880,0.10068 
11881,0.04415 
11882,0.02632 
11883,0.04341 
11884,0.06077 
11885,0.07889 
11886,0.08625 
11887,0.07501 
11888,0.06684 
11889,0.05856 
11890,0.04774 
11891,0.03460 
11892,0.02128 
11893,0.01268 
11894,0.00899 
11895,0.00433 
11896,0.00000 
11897,0.00000 
11898,0.00000 
11899,0.00000 
11900,0.00000 
11901,0.00000 
11902,0.00000 
11903,0.00000 
11904,0.00000 
11905,0.00000 
11906,0.00000 
11907,0.00000 
11908,0.00000 
11909,0.00000 
11910,0.00000 
11911,0.00000 
11912,0.00000 
11913,0.00000 
11914,0.00000 
11915,0.00000 
11916,0.00000 
11917,0.00000 
11918,0.00000 
11919,0.00000 
11920,0.00000 
11921,0.00000 
11922,0.00000 
11923,0.00000 
11924,0.00000 
11925,0.00000 
11926,0.00990 
11927,0.03074 
11928,0.05140 
11929,0.07206 
11930,0.10626 
11931,0.15246 
11932,0.19444 
11933,0.25578 
11934,0.35423 
11935,0.46375 
11936,0.55216 
11937,0.61568 
11938,0.69012 
11939,0.78625 
11940,0.85126 
11941,0.86940 
11942,0.87514 
11943,0.86839 
11944,0.89574 
11945,0.97537 
11946,1.06710 
11947,1.17414 
11948,1.18812 
11949,1.11114 
11950,1.04764 
11951,1.00079 
11952,0.96937 
11953,0.94846 
11954,0.92756 
11955,0.90102 
11956,0.88542 
11957,0.87998 
11958,0.89693 
11959,0.93389 
11960,0.88354 
11961,0.74928 
11962,0.58899 
11963,0.47116 
11964,0.44736 
11965,0.49297 
11966,0.55105 
11967,0.57781 
11968,0.54830 
11969,0.47324 
11970,0.41319 
11971,0.36954 
11972,0.31236 
11973,0.24579 
11974,0.19292 
11975,0.15330 
11976,0.09759 
11977,0.03008 
11978,0.00000 
11979,0.00000 
11980,0.00000 
11981,0.00000 
11982,0.00000 
11983,0.00000 
11984,0.00000 
11985,0.00000 
11986,0.00000 
11987,0.00000 
11988,0.00000 
11989,0.00000 
11990,0.00000 
11991,0.00000 
11992,0.00000 
11993,0.00000 
11994,0.00000 
11995,0.00000 
11996,0.00167 
11997,0.00666 
11998,0.00991 
11999,0.01145 
12000,0.01300 
12001,0.01608 
12002,0.02423 
12003,0.03367 
12004,0.04343 
12005,0.05322 
12006,0.04535 
12007,0.01936 
12008,0.01054 
12009,0.00498 
12010,0.00089 
12011,0.00000 
12012,0.00000 
12013,0.00000 
12014,0.00000 
12015,0.00000 
12016,0.00000 
12017,0.00000 
12018,0.00000 
12019,0.00000 
12020,0.00011 
12021,0.00435 
12022,0.01639 
12023,0.03720 
12024,0.05788 
12025,0.07842 
12026,0.11913 
12027,0.17996 
12028,0.22665 
12029,0.28474 
12030,0.38123 
12031,0.52131 
12032,0.63027 
12033,0.67672 
12034,0.71487 
12035,0.75854 
12036,0.80818 
12037,0.87202 
12038,0.92207 
12039,0.95492 
12040,0.99352 
12041,1.04228 
12042,1.10639 
12043,1.18981 
12044,1.19428 
12045,1.11072 
12046,1.04899 
12047,1.00736 
12048,0.95200 
12049,0.88781 
12050,0.80958 
12051,0.71967 
12052,0.69769 
12053,0.74551 
12054,0.78911 
12055,0.82967 
12056,0.84699 
12057,0.85691 
12058,0.87219 
12059,0.89110 
12060,0.87642 
12061,0.82790 
12062,0.74141 
12063,0.62400 
12064,0.55547 
12065,0.50830 
12066,0.47694 
12067,0.44075 
12068,0.35484 
12069,0.25142 
12070,0.18580 
12071,0.14934 
12072,0.10317 
12073,0.04071 
12074,0.03498 
12075,0.07550 
12076,0.13459 
12077,0.20803 
12078,0.27599 
12079,0.37132 
12080,0.47097 
12081,0.59457 
12082,0.51459 
12083,0.29729 
12084,0.17289 
12085,0.08114 
12086,0.04952 
12087,0.04989 
12088,0.05043 
12089,0.05099 
12090,0.04406 
12091,0.02955 
12092,0.01492 
12093,0.01056 
12094,0.01023 
12095,0.01267 
12096,0.02017 
12097,0.03189 
12098,0.04489 
12099,0.05890 
12100,0.07303 
12101,0.08946 
12102,0.11176 
12103,0.13478 
12104,0.15818 
12105,0.18126 
12106,0.18918 
12107,0.17938 
12108,0.17009 
12109,0.15990 
12110,0.14892 
12111,0.13727 
12112,0.12561 
12113,0.11393 
12114,0.10420 
12115,0.09642 
12116,0.08982 
12117,0.08482 
12118,0.08000 
12119,0.07648 
12120,0.07390 
12121,0.08180 
12122,0.11715 
12123,0.19384 
12124,0.26949 
12125,0.35313 
12126,0.39284 
12127,0.38397 
12128,0.39660 
12129,0.42327 
12130,0.48513 
12131,0.56667 
12132,0.59861 
12133,0.57123 
12134,0.53711 
12135,0.52066 
12136,0.54564 
12137,0.61611 
12138,0.71043 
12139,0.80369 
12140,0.83424 
12141,0.79998 
12142,0.77166 
12143,0.75253 
12144,0.77710 
12145,0.83919 
12146,0.88426 
12147,0.91265 
12148,0.84982 
12149,0.69200 
12150,0.55410 
12151,0.47301 
12152,0.47370 
12153,0.53128 
12154,0.55339 
12155,0.52968 
12156,0.51002 
12157,0.49809 
12158,0.50209 
12159,0.51978 
12160,0.51098 
12161,0.47859 
12162,0.44732 
12163,0.41703 
12164,0.36618 
12165,0.30131 
12166,0.24660 
12167,0.19617 
12168,0.15382 
12169,0.12342 
12170,0.08720 
12171,0.07164 
12172,0.08873 
12173,0.11050 
12174,0.11438 
12175,0.10001 
12176,0.08505 
12177,0.07135 
12178,0.06653 
12179,0.06657 
12180,0.06661 
12181,0.06665 
12182,0.06669 
12183,0.06695 
12184,0.06744 
12185,0.06771 
12186,0.05963 
12187,0.04311 
12188,0.02646 
12189,0.01249 
12190,0.00927 
12191,0.00625 
12192,0.00312 
12193,0.00000 
12194,0.00000 
12195,0.00250 
12196,0.00541 
12197,0.00835 
12198,0.01208 
12199,0.02370 
12200,0.04523 
12201,0.06739 
12202,0.09625 
12203,0.14254 
12204,0.18885 
12205,0.24852 
12206,0.24963 
12207,0.19217 
12208,0.14634 
12209,0.10010 
12210,0.08798 
12211,0.10606 
12212,0.12567 
12213,0.14531 
12214,0.15792 
12215,0.16547 
12216,0.17281 
12217,0.18122 
12218,0.21566 
12219,0.27571 
12220,0.33242 
12221,0.40058 
12222,0.50000 
12223,0.60659 
12224,0.70603 
12225,0.79337 
12226,0.88428 
12227,0.97969 
12228,1.03562 
12229,1.04444 
12230,1.08039 
12231,1.14676 
12232,1.08164 
12233,0.88418 
12234,0.63316 
12235,0.40924 
12236,0.33039 
12237,0.31822 
12238,0.29672 
12239,0.25519 
12240,0.27067 
12241,0.35245 
12242,0.44504 
12243,0.53453 
12244,0.56601 
12245,0.54082 
12246,0.55363 
12247,0.59630 
12248,0.57141 
12249,0.47773 
12250,0.38178 
12251,0.29805 
12252,0.25999 
12253,0.25754 
12254,0.24458 
12255,0.22314 
12256,0.19926 
12257,0.17489 
12258,0.14640 
12259,0.11604 
12260,0.10697 
12261,0.11941 
12262,0.14660 
12263,0.18380 
12264,0.17803 
12265,0.14985 
12266,0.12865 
12267,0.13035 
12268,0.16155 
12269,0.20375 
12270,0.22568 
12271,0.22731 
12272,0.22820 
12273,0.22986 
12274,0.23588 
12275,0.24471 
12276,0.25440 
12277,0.26416 
12278,0.28059 
12279,0.30416 
12280,0.34540 
12281,0.38697 
12282,0.39659 
12283,0.37388 
12284,0.34978 
12285,0.32677 
12286,0.30775 
12287,0.29482 
12288,0.28140 
12289,0.26845 
12290,0.30598 
12291,0.44229 
12292,0.60530 
12293,0.82965 
12294,0.88054 
12295,0.75089 
12296,0.61848 
12297,0.52146 
12298,0.38533 
12299,0.27616 
12300,0.18472 
12301,0.11227 
12302,0.08096 
12303,0.08100 
12304,0.08138 
12305,0.08142 
12306,0.08771 
12307,0.10574 
12308,0.12480 
12309,0.14431 
12310,0.14367 
12311,0.12367 
12312,0.10614 
12313,0.09659 
12314,0.09661 
12315,0.10533 
12316,0.11447 
12317,0.19457 
12318,0.31861 
12319,0.42630 
12320,0.42168 
12321,0.29520 
12322,0.17509 
12323,0.06907 
12324,0.09259 
12325,0.23852 
12326,0.37728 
12327,0.51083 
12328,0.59752 
12329,0.63451 
12330,0.67057 
12331,0.70782 
12332,0.75594 
12333,0.81919 
12334,0.88858 
12335,0.95681 
12336,0.98545 
12337,0.97504 
12338,0.99262 
12339,1.03432 
12340,1.03344 
12341,0.99159 
12342,0.97671 
12343,0.98793 
12344,0.94476 
12345,0.84850 
12346,0.75719 
12347,0.66778 
12348,0.61151 
12349,0.58508 
12350,0.57030 
12351,0.56920 
12352,0.58183 
12353,0.60211 
12354,0.63011 
12355,0.65893 
12356,0.67353 
12357,0.68058 
12358,0.63516 
12359,0.53242 
12360,0.44625 
12361,0.37445 
12362,0.29900 
12363,0.24399 
12364,0.20814 
12365,0.17347 
12366,0.15022 
12367,0.13261 
12368,0.11438 
12369,0.09632 
12370,0.08721 
12371,0.08755 
12372,0.08759 
12373,0.08793 
12374,0.08508 
12375,0.07926 
12376,0.07378 
12377,0.07015 
12378,0.06204 
12379,0.04965 
12380,0.03716 
12381,0.02457 
12382,0.01246 
12383,0.00857 
12384,0.00451 
12385,0.00033 
12386,0.00000 
12387,0.00106 
12388,0.00301 
12389,0.00498 
12390,0.00649 
12391,0.00754 
12392,0.00860 
12393,0.00972 
12394,0.01465 
12395,0.05399 
12396,0.10041 
12397,0.16723 
12398,0.19529 
12399,0.18371 
12400,0.17212 
12401,0.16051 
12402,0.12740 
12403,0.07950 
12404,0.04428 
12405,0.01443 
12406,0.01981 
12407,0.03918 
12408,0.05902 
12409,0.08022 
12410,0.12700 
12411,0.21541 
12412,0.31137 
12413,0.37808 
12414,0.44181 
12415,0.51065 
12416,0.58805 
12417,0.67571 
12418,0.77634 
12419,0.88587 
12420,0.93294 
12421,0.88434 
12422,0.82504 
12423,0.75589 
12424,0.71685 
12425,0.71886 
12426,0.72938 
12427,0.74988 
12428,0.70720 
12429,0.60187 
12430,0.47919 
12431,0.36674 
12432,0.29532 
12433,0.23264 
12434,0.13546 
12435,0.08007 
12436,0.09429 
12437,0.23348 
12438,0.47625 
12439,0.68762 
12440,0.72512 
12441,0.57845 
12442,0.48413 
12443,0.45720 
12444,0.46314 
12445,0.57016 
12446,0.71021 
12447,0.80510 
12448,0.75029 
12449,0.57404 
12450,0.41771 
12451,0.33246 
12452,0.28912 
12453,0.25951 
12454,0.22615 
12455,0.18910 
12456,0.15403 
12457,0.12255 
12458,0.08276 
12459,0.04677 
12460,0.02407 
12461,0.01137 
12462,0.00808 
12463,0.00390 
12464,0.00000 
12465,0.00000 
12466,0.00000 
12467,0.00000 
12468,0.00000 
12469,0.00000 
12470,0.00000 
12471,0.00000 
12472,0.00000 
12473,0.00000 
12474,0.00000 
12475,0.00000 
12476,0.00000 
12477,0.00000 
12478,0.00000 
12479,0.00000 
12480,0.00000 
12481,0.00000 
12482,0.00000 
12483,0.00000 
12484,0.00000 
12485,0.00000 
12486,0.00000 
12487,0.00000 
12488,0.00000 
12489,0.00000 
12490,0.00000 
12491,0.00000 
12492,0.00000 
12493,0.00000 
12494,0.00000 
12495,0.00000 
12496,0.00000 
12497,0.00377 
12498,0.00821 
12499,0.01191 
12500,0.01558 
12501,0.03285 
12502,0.04966 
12503,0.06668 
12504,0.08392 
12505,0.10113 
12506,0.11223 
12507,0.11726 
12508,0.14926 
12509,0.20825 
12510,0.27348 
12511,0.34854 
12512,0.36227 
12513,0.31418 
12514,0.26880 
12515,0.23024 
12516,0.23349 
12517,0.27698 
12518,0.31041 
12519,0.33334 
12520,0.37896 
12521,0.44947 
12522,0.52614 
12523,0.61069 
12524,0.67632 
12525,0.72472 
12526,0.77916 
12527,0.83935 
12528,0.85007 
12529,0.80775 
12530,0.78487 
12531,0.78166 
12532,0.87337 
12533,1.09083 
12534,1.31721 
12535,1.54537 
12536,1.52915 
12537,1.27046 
12538,0.97892 
12539,0.80096 
12540,0.74926 
12541,0.77803 
12542,0.80156 
12543,0.82033 
12544,0.78557 
12545,0.78854 
12546,0.84409 
12547,0.85904 
12548,0.77559 
12549,0.65322 
12550,0.53396 
12551,0.41769 
12552,0.33342 
12553,0.25492 
12554,0.18676 
12555,0.13658 
12556,0.10211 
12557,0.07320 
12558,0.07350 
12559,0.09913 
12560,0.12472 
12561,0.15102 
12562,0.15960 
12563,0.15066 
12564,0.14164 
12565,0.13255 
12566,0.12824 
12567,0.12833 
12568,0.12886 
12569,0.12895 
12570,0.13439 
12571,0.14480 
12572,0.15583 
12573,0.16645 
12574,0.15938 
12575,0.13459 
12576,0.10904 
12577,0.08240 
12578,0.06474 
12579,0.04718 
12580,0.02907 
12581,0.01378 
12582,0.01070 
12583,0.00834 
12584,0.00589 
12585,0.00340 
12586,0.00268 
12587,0.00374 
12588,0.00484 
12589,0.00597 
12590,0.00707 
12591,0.00814 
12592,0.00922 
12593,0.01030 
12594,0.00893 
12595,0.00515 
12596,0.00143 
12597,0.00000 
12598,0.00000 
12599,0.00000 
12600,0.00160 
12601,0.00226 
12602,0.02877 
12603,0.08344 
12604,0.12431 
12605,0.15064 
12606,0.18693 
12607,0.23115 
12608,0.26441 
12609,0.29542 
12610,0.32732 
12611,0.35710 
12612,0.35613 
12613,0.33207 
12614,0.29692 
12615,0.25170 
12616,0.27585 
12617,0.37771 
12618,0.48331 
12619,0.58117 
12620,0.60559 
12621,0.55522 
12622,0.51817 
12623,0.49237 
12624,0.50036 
12625,0.53812 
12626,0.58864 
12627,0.65361 
12628,0.63803 
12629,0.54716 
12630,0.48515 
12631,0.44992 
12632,0.39223 
12633,0.30861 
12634,0.21121 
12635,0.09767 
12636,0.07690 
12637,0.15072 
12638,0.22067 
12639,0.28451 
12640,0.27779 
12641,0.19940 
12642,0.12921 
12643,0.06802 
12644,0.04306 
12645,0.05173 
12646,0.05582 
12647,0.07332 
12648,0.09289 
12649,0.12125 
12650,0.10198 
12651,0.05059 
12652,0.01509 
12653,0.00553 
12654,0.00366 
12655,0.00750 
12656,0.01135 
12657,0.02465 
12658,0.03805 
12659,0.04641 
12660,0.05484 
12661,0.06332 
12662,0.06771 
12663,0.06842 
12664,0.06891 
12665,0.06940 
12666,0.07898 
12667,0.10577 
12668,0.13304 
12669,0.16051 
12670,0.19199 
12671,0.23331 
12672,0.27516 
12673,0.31945 
12674,0.32312 
12675,0.28577 
12676,0.24878 
12677,0.21010 
12678,0.18210 
12679,0.16155 
12680,0.14050 
12681,0.11893 
12682,0.13221 
12683,0.18092 
12684,0.23709 
12685,0.30658 
12686,0.37747 
12687,0.50442 
12688,0.63540 
12689,0.79922 
12690,0.95307 
12691,1.08370 
12692,1.24036 
12693,1.39506 
12694,1.46984 
12695,1.46810 
12696,1.47275 
12697,1.47392 
12698,1.41835 
12699,1.30239 
12700,1.21749 
12701,1.17556 
12702,1.18506 
12703,1.24644 
12704,1.29942 
12705,1.37550 
12706,1.42095 
12707,1.42119 
12708,1.41009 
12709,1.37941 
12710,1.42993 
12711,1.56861 
12712,1.64626 
12713,1.67316 
12714,1.59728 
12715,1.42948 
12716,1.34857 
12717,1.35149 
12718,1.38416 
12719,1.44393 
12720,1.47216 
12721,1.45963 
12722,1.40313 
12723,1.30743 
12724,1.25407 
12725,1.23929 
12726,1.22848 
12727,1.24073 
12728,1.19463 
12729,1.09997 
12730,1.04295 
12731,1.01839 
12732,0.98255 
12733,0.93792 
12734,0.88242 
12735,0.81373 
12736,0.70292 
12737,0.55020 
12738,0.42327 
12739,0.32441 
12740,0.27402 
12741,0.24402 
12742,0.22918 
12743,0.23507 
12744,0.25542 
12745,0.31287 
12746,0.32844 
12747,0.30397 
12748,0.29269 
12749,0.28854 
12750,0.30850 
12751,0.34854 
12752,0.38918 
12753,0.42901 
12754,0.38986 
12755,0.27946 
12756,0.21193 
12757,0.15068 
12758,0.12153 
12759,0.11282 
12760,0.10433 
12761,0.09565 
12762,0.09111 
12763,0.09150 
12764,0.09189 
12765,0.09196 
12766,0.09806 
12767,0.11021 
12768,0.12282 
12769,0.13643 
12770,0.15259 
12771,0.17149 
12772,0.19130 
12773,0.21606 
12774,0.23063 
12775,0.23263 
12776,0.23560 
12777,0.23768 
12778,0.22659 
12779,0.20419 
12780,0.18627 
12781,0.16872 
12782,0.14944 
12783,0.12942 
12784,0.10936 
12785,0.09084 
12786,0.09946 
12787,0.13942 
12788,0.17989 
12789,0.22267 
12790,0.26830 
12791,0.30547 
12792,0.34134 
12793,0.38036 
12794,0.42323 
12795,0.44974 
12796,0.48048 
12797,0.54218 
12798,0.61523 
12799,0.68763 
12800,0.74291 
12801,0.76159 
12802,0.79595 
12803,0.84491 
12804,0.89553 
12805,0.94335 
12806,0.99176 
12807,1.04042 
12808,1.09694 
12809,1.18052 
12810,1.25734 
12811,1.32156 
12812,1.35396 
12813,1.35189 
12814,1.36135 
12815,1.38681 
12816,1.38800 
12817,1.36396 
12818,1.36287 
12819,1.38788 
12820,1.41617 
12821,1.46633 
12822,1.48269 
12823,1.43881 
12824,1.37837 
12825,1.31048 
12826,1.25104 
12827,1.20452 
12828,1.15067 
12829,1.09027 
12830,1.02022 
12831,0.93458 
12832,0.83751 
12833,0.74403 
12834,0.65808 
12835,0.58561 
12836,0.50848 
12837,0.43236 
12838,0.42083 
12839,0.49254 
12840,0.60636 
12841,0.80780 
12842,0.92056 
12843,0.91179 
12844,0.90252 
12845,0.90334 
12846,0.89419 
12847,0.87449 
12848,0.85490 
12849,0.83920 
12850,0.85354 
12851,0.90770 
12852,0.96502 
12853,1.01930 
12854,1.25279 
12855,1.64484 
12856,1.99826 
12857,2.34337 
12858,2.41716 
12859,2.27760 
12860,2.11672 
12861,1.94964 
12862,1.91642 
12863,2.03722 
12864,2.16215 
12865,2.28828 
12866,2.31480 
12867,2.23764 
12868,2.15627 
12869,2.07390 
12870,1.99855 
12871,1.92209 
12872,1.84549 
12873,1.76356 
12874,1.76300 
12875,1.86069 
12876,1.95286 
12877,2.04297 
12878,2.00163 
12879,1.79952 
12880,1.59730 
12881,1.38605 
12882,1.30419 
12883,1.35387 
12884,1.40359 
12885,1.45333 
12886,1.46199 
12887,1.43211 
12888,1.40362 
12889,1.37770 
12890,1.43926 
12891,1.57347 
12892,1.71420 
12893,1.89040 
12894,2.11676 
12895,2.37400 
12896,2.60168 
12897,2.83735 
12898,2.94571 
12899,2.92720 
12900,2.90348 
12901,2.85728 
12902,2.86391 
12903,2.91528 
12904,2.93003 
12905,2.88805 
12906,2.79934 
12907,2.68680 
12908,2.56096 
12909,2.43796 
12910,2.29519 
12911,2.13940 
12912,2.04134 
12913,1.99885 
12914,1.96719 
12915,1.95321 
12916,1.86973 
12917,1.72037 
12918,1.59131 
12919,1.47269 
12920,1.33439 
12921,1.20222 
12922,1.12556 
12923,1.11038 
12924,1.09946 
12925,1.09867 
12926,1.07068 
12927,1.01317 
12928,0.98349 
12929,0.96886 
12930,0.92921 
12931,0.86459 
12932,0.77357 
12933,0.67354 
12934,0.58930 
12935,0.50538 
12936,0.42950 
12937,0.36863 
12938,0.37938 
12939,0.46063 
12940,0.56379 
12941,0.70375 
12942,0.73242 
12943,0.64599 
12944,0.55594 
12945,0.48053 
12946,0.44038 
12947,0.42676 
12948,0.41166 
12949,0.39786 
12950,0.36460 
12951,0.31164 
12952,0.27622 
12953,0.24689 
12954,0.24871 
12955,0.28045 
12956,0.32000 
12957,0.37734 
12958,0.38148 
12959,0.33073 
12960,0.29641 
12961,0.26889 
12962,0.27679 
12963,0.32118 
12964,0.39223 
12965,0.47241 
12966,0.55531 
12967,0.65433 
12968,0.77479 
12969,0.89467 
12970,0.92108 
12971,0.85505 
12972,0.78739 
12973,0.71513 
12974,0.68140 
12975,0.68164 
12976,0.68187 
12977,0.68211 
12978,0.69947 
12979,0.73948 
12980,0.77640 
12981,0.81633 
12982,0.90022 
12983,1.03086 
12984,1.18724 
12985,1.34287 
12986,1.35763 
12987,1.23436 
12988,1.11363 
12989,1.04420 
12990,1.07409 
12991,1.13825 
12992,1.19078 
12993,1.22754 
12994,1.23044 
12995,1.20371 
12996,1.11771 
12997,0.96933 
12998,0.94088 
12999,1.04950 
13000,1.27977 
13001,1.59624 
13002,1.78217 
13003,1.83803 
13004,1.87918 
13005,1.90551 
13006,2.10553 
13007,2.44731 
13008,2.67742 
13009,2.81133 
13010,2.80826 
13011,2.72248 
13012,2.66482 
13013,2.64886 
13014,2.65196 
13015,2.68845 
13016,2.62062 
13017,2.47285 
13018,2.35470 
13019,2.26511 
13020,2.16378 
13021,2.03500 
13022,1.97488 
13023,1.97046 
13024,1.91643 
13025,1.81525 
13026,1.71805 
13027,1.61494 
13028,1.54767 
13029,1.51744 
13030,1.51235 
13031,1.53726 
13032,1.55583 
13033,1.57565 
13034,1.51782 
13035,1.39441 
13036,1.28701 
13037,1.17432 
13038,1.00783 
13039,0.79088 
13040,0.60862 
13041,0.44704 
13042,0.41106 
13043,0.47299 
13044,0.54355 
13045,0.63054 
13046,0.57425 
13047,0.41490 
13048,0.28019 
13049,0.20077 
13050,0.17787 
13051,0.21308 
13052,0.24940 
13053,0.28624 
13054,0.34127 
13055,0.41261 
13056,0.48656 
13057,0.56531 
13058,0.72328 
13059,0.94299 
13060,1.20952 
13061,1.47433 
13062,1.52829 
13063,1.37376 
13064,1.20394 
13065,1.03530 
13066,0.98549 
13067,1.05277 
13068,1.12436 
13069,1.19718 
13070,1.18363 
13071,1.07278 
13072,0.97860 
13073,0.88999 
13074,0.80396 
13075,0.72157 
13076,0.64337 
13077,0.58429 
13078,0.53120 
13079,0.48372 
13080,0.43596 
13081,0.40711 
13082,0.44429 
13083,0.53907 
13084,0.61893 
13085,0.66077 
13086,0.69844 
13087,0.79593 
13088,0.87953 
13089,0.99494 
13090,1.08114 
13091,1.14976 
13092,1.12618 
13093,0.99884 
13094,0.90067 
13095,0.83616 
13096,0.81840 
13097,0.85344 
13098,0.93788 
13099,1.06629 
13100,1.15954 
13101,1.17791 
13102,1.14792 
13103,1.05670 
13104,1.04808 
13105,1.12614 
13106,1.13159 
13107,1.08392 
13108,1.03418 
13109,1.00320 
13110,1.04539 
13111,1.15939 
13112,1.14042 
13113,0.99516 
13114,0.85959 
13115,0.73720 
13116,0.64707 
13117,0.58568 
13118,0.51201 
13119,0.44600 
13120,0.39717 
13121,0.34951 
13122,0.28765 
13123,0.21245 
13124,0.16407 
13125,0.14130 
13126,0.12804 
13127,0.11591 
13128,0.10580 
13129,0.09772 
13130,0.09484 
13131,0.09889 
13132,0.10107 
13133,0.11026 
13134,0.11852 
13135,0.11935 
13136,0.12019 
13137,0.12104 
13138,0.13268 
13139,0.15480 
13140,0.18167 
13141,0.21145 
13142,0.18459 
13143,0.11760 
13144,0.06157 
13145,0.02138 
13146,0.01008 
13147,0.00970 
13148,0.00931 
13149,0.00891 
13150,0.01079 
13151,0.02137 
13152,0.04134 
13153,0.06222 
13154,0.05846 
13155,0.02944 
13156,0.01128 
13157,0.00512 
13158,0.00251 
13159,0.00350 
13160,0.00453 
13161,0.00558 
13162,0.00412 
13163,0.00010 
13164,0.00000 
13165,0.00000 
13166,0.00000 
13167,0.00000 
13168,0.00000 
13169,0.00000 
13170,0.00000 
13171,0.00000 
13172,0.00000 
13173,0.00000 
13174,0.01156 
13175,0.03583 
13176,0.06036 
13177,0.08674 
13178,0.12218 
13179,0.17076 
13180,0.24643 
13181,0.33251 
13182,0.41365 
13183,0.50039 
13184,0.58601 
13185,0.64868 
13186,0.69263 
13187,0.72809 
13188,0.77040 
13189,0.82557 
13190,0.85957 
13191,0.85158 
13192,0.89540 
13193,0.99732 
13194,1.11479 
13195,1.24626 
13196,1.28062 
13197,1.22339 
13198,1.19126 
13199,1.18836 
13200,1.20712 
13201,1.26417 
13202,1.24983 
13203,1.16257 
13204,1.14169 
13205,1.17953 
13206,1.29271 
13207,1.48180 
13208,1.63032 
13209,1.72391 
13210,1.68824 
13211,1.51820 
13212,1.32570 
13213,1.15259 
13214,1.01085 
13215,0.89754 
13216,0.79038 
13217,0.66779 
13218,0.56576 
13219,0.48557 
13220,0.41632 
13221,0.34782 
13222,0.28946 
13223,0.24250 
13224,0.21098 
13225,0.19017 
13226,0.15011 
13227,0.10881 
13228,0.08599 
13229,0.06840 
13230,0.06006 
13231,0.05240 
13232,0.04483 
13233,0.03715 
13234,0.03328 
13235,0.03340 
13236,0.03364 
13237,0.03377 
13238,0.05230 
13239,0.09764 
13240,0.15514 
13241,0.22930 
13242,0.26538 
13243,0.25759 
13244,0.24974 
13245,0.24183 
13246,0.23548 
13247,0.22980 
13248,0.22394 
13249,0.21712 
13250,0.21562 
13251,0.21805 
13252,0.21972 
13253,0.22224 
13254,0.19510 
13255,0.15211 
13256,0.10955 
13257,0.07344 
13258,0.05710 
13259,0.05290 
13260,0.04839 
13261,0.04382 
13262,0.02773 
13263,0.01244 
13264,0.00664 
13265,0.00089 
13266,0.00089 
13267,0.00662 
13268,0.01231 
13269,0.02733 
13270,0.05597 
13271,0.08719 
13272,0.11837 
13273,0.14941 
13274,0.19788 
13275,0.26335 
13276,0.31865 
13277,0.36996 
13278,0.44532 
13279,0.55374 
13280,0.66079 
13281,0.75514 
13282,0.82140 
13283,0.86387 
13284,0.87230 
13285,0.84722 
13286,0.84246 
13287,0.86028 
13288,0.86489 
13289,0.85190 
13290,0.84099 
13291,0.83481 
13292,0.79627 
13293,0.72693 
13294,0.62385 
13295,0.53822 
13296,0.52926 
13297,0.63888 
13298,0.79556 
13299,0.91603 
13300,0.94953 
13301,0.89862 
13302,0.89436 
13303,0.93840 
13304,0.89749 
13305,0.77382 
13306,0.66389 
13307,0.57269 
13308,0.50972 
13309,0.47226 
13310,0.43502 
13311,0.39094 
13312,0.39085 
13313,0.42992 
13314,0.43731 
13315,0.41634 
13316,0.36575 
13317,0.29092 
13318,0.22700 
13319,0.17357 
13320,0.15664 
13321,0.17285 
13322,0.15369 
13323,0.09102 
13324,0.03973 
13325,0.00872 
13326,0.00452 
13327,0.00373 
13328,0.00294 
13329,0.00214 
13330,0.00215 
13331,0.00298 
13332,0.00382 
13333,0.00465 
13334,0.00510 
13335,0.00513 
13336,0.00516 
13337,0.00520 
13338,0.00566 
13339,0.00654 
13340,0.00745 
13341,0.00838 
13342,0.00802 
13343,0.00639 
13344,0.00468 
13345,0.00290 
13346,0.00081 
13347,0.00000 
13348,0.00000 
13349,0.00000 
13350,0.00000 
13351,0.00000 
13352,0.00000 
13353,0.00000 
13354,0.00000 
13355,0.00000 
13356,0.00000 
13357,0.00000 
13358,0.00000 
13359,0.00000 
13360,0.00000 
13361,0.00000 
13362,0.00000 
13363,0.00000 
13364,0.00000 
13365,0.00000 
13366,0.00429 
13367,0.01329 
13368,0.02223 
13369,0.03097 
13370,0.04216 
13371,0.05591 
13372,0.09522 
13373,0.16122 
13374,0.22740 
13375,0.29550 
13376,0.35334 
13377,0.39829 
13378,0.48556 
13379,0.62089 
13380,0.63522 
13381,0.52253 
13382,0.40009 
13383,0.32249 
13384,0.32783 
13385,0.39481 
13386,0.45795 
13387,0.51668 
13388,0.52829 
13389,0.49260 
13390,0.46890 
13391,0.45979 
13392,0.44887 
13393,0.43489 
13394,0.42078 
13395,0.40038 
13396,0.40287 
13397,0.42704 
13398,0.45989 
13399,0.50197 
13400,0.49697 
13401,0.44702 
13402,0.40536 
13403,0.37290 
13404,0.34359 
13405,0.31724 
13406,0.28709 
13407,0.25354 
13408,0.22793 
13409,0.21027 
13410,0.18835 
13411,0.16169 
13412,0.14513 
13413,0.13838 
13414,0.13565 
13415,0.13363 
13416,0.11167 
13417,0.07394 
13418,0.02722 
13419,0.00107 
13420,0.00385 
13421,0.00666 
13422,0.01028 
13423,0.02504 
13424,0.04642 
13425,0.06789 
13426,0.06641 
13427,0.04122 
13428,0.01580 
13429,0.00770 
13430,0.00464 
13431,0.00384 
13432,0.00303 
13433,0.00220 
13434,0.00137 
13435,0.00052 
13436,0.00000 
13437,0.00000 
13438,0.00000 
13439,0.00000 
13440,0.00000 
13441,0.00000 
13442,0.00000 
13443,0.00000 
13444,0.00000 
13445,0.00130 
13446,0.00372 
13447,0.00716 
13448,0.01066 
13449,0.01421 
13450,0.01483 
13451,0.01244 
13452,0.01004 
13453,0.00756 
13454,0.00866 
13455,0.01333 
13456,0.02753 
13457,0.05013 
13458,0.06139 
13459,0.06116 
13460,0.06119 
13461,0.06096 
13462,0.07854 
13463,0.12301 
13464,0.17425 
13465,0.22548 
13466,0.28277 
13467,0.33384 
13468,0.34560 
13469,0.31256 
13470,0.29708 
13471,0.29880 
13472,0.26428 
13473,0.20146 
13474,0.11918 
13475,0.06999 
13476,0.06898 
13477,0.19821 
13478,0.46057 
13479,0.72461 
13480,0.77698 
13481,0.61716 
13482,0.48721 
13483,0.41336 
13484,0.35365 
13485,0.31119 
13486,0.27596 
13487,0.24762 
13488,0.21317 
13489,0.17431 
13490,0.10396 
13491,0.05273 
13492,0.05029 
13493,0.12710 
13494,0.26173 
13495,0.37539 
13496,0.44083 
13497,0.46429 
13498,0.47877 
13499,0.50177 
13500,0.51887 
13501,0.53064 
13502,0.55225 
13503,0.56426 
13504,0.56980 
13505,0.56755 
13506,0.54743 
13507,0.51424 
13508,0.40483 
13509,0.26333 
13510,0.18248 
13511,0.13128 
13512,0.09480 
13513,0.07200 
13514,0.03307 
13515,0.00873 
13516,0.00594 
13517,0.00312 
13518,0.00131 
13519,0.00050 
13520,0.00000 
13521,0.00000 
13522,0.00000 
13523,0.00093 
13524,0.00263 
13525,0.00433 
13526,0.00584 
13527,0.00714 
13528,0.00843 
13529,0.00975 
13530,0.01086 
13531,0.01177 
13532,0.01268 
13533,0.01581 
13534,0.02644 
13535,0.04405 
13536,0.06210 
13537,0.08150 
13538,0.10649 
13539,0.12835 
13540,0.14999 
13541,0.17180 
13542,0.19165 
13543,0.21365 
13544,0.23526 
13545,0.25823 
13546,0.28939 
13547,0.32771 
13548,0.37553 
13549,0.44475 
13550,0.41353 
13551,0.31646 
13552,0.24414 
13553,0.17964 
13554,0.17005 
13555,0.20482 
13556,0.25233 
13557,0.29986 
13558,0.33229 
13559,0.34873 
13560,0.36509 
13561,0.38124 
13562,0.42520 
13563,0.49199 
13564,0.56240 
13565,0.64052 
13566,0.67223 
13567,0.65550 
13568,0.63917 
13569,0.62320 
13570,0.66832 
13571,0.76690 
13572,0.84312 
13573,0.89573 
13574,0.90222 
13575,0.86508 
13576,0.81331 
13577,0.74159 
13578,0.72642 
13579,0.76794 
13580,0.87569 
13581,1.02576 
13582,1.16937 
13583,1.31845 
13584,1.42423 
13585,1.48358 
13586,1.49088 
13587,1.45674 
13588,1.44778 
13589,1.46801 
13590,1.39631 
13591,1.23548 
13592,1.01471 
13593,0.72640 
13594,0.58343 
13595,0.53339 
13596,0.56122 
13597,0.64949 
13598,0.61303 
13599,0.47269 
13600,0.36689 
13601,0.30049 
13602,0.29238 
13603,0.32147 
13604,0.32572 
13605,0.30729 
13606,0.28119 
13607,0.24817 
13608,0.22215 
13609,0.20436 
13610,0.20695 
13611,0.23555 
13612,0.27249 
13613,0.33613 
13614,0.33728 
13615,0.27707 
13616,0.24272 
13617,0.20699 
13618,0.17287 
13619,0.14657 
13620,0.12236 
13621,0.09799 
13622,0.07099 
13623,0.05122 
13624,0.03120 
13625,0.01226 
13626,0.01146 
13627,0.01939 
13628,0.03165 
13629,0.04415 
13630,0.05082 
13631,0.05172 
13632,0.05265 
13633,0.05362 
13634,0.05863 
13635,0.06798 
13636,0.07717 
13637,0.08980 
13638,0.09757 
13639,0.09870 
13640,0.09948 
13641,0.10065 
13642,0.12352 
13643,0.16832 
13644,0.22051 
13645,0.28274 
13646,0.33267 
13647,0.38314 
13648,0.45027 
13649,0.51798 
13650,0.57920 
13651,0.63575 
13652,0.71076 
13653,0.78623 
13654,0.85240 
13655,0.90736 
13656,0.96587 
13657,1.02022 
13658,1.00345 
13659,0.91360 
13660,0.85493 
13661,0.82026 
13662,0.82029 
13663,0.85427 
13664,0.88370 
13665,0.91500 
13666,0.99277 
13667,1.11625 
13668,1.24115 
13669,1.39340 
13670,1.50300 
13671,1.57272 
13672,1.63811 
13673,1.70152 
13674,1.74631 
13675,1.77856 
13676,1.71841 
13677,1.56609 
13678,1.42946 
13679,1.31272 
13680,1.20934 
13681,1.12902 
13682,1.03867 
13683,0.94593 
13684,0.91054 
13685,0.93199 
13686,0.97377 
13687,1.02363 
13688,1.04985 
13689,1.04614 
13690,0.97234 
13691,0.85930 
13692,0.75032 
13693,0.68927 
13694,0.74243 
13695,0.83754 
13696,0.79666 
13697,0.65717 
13698,0.56450 
13699,0.49297 
13700,0.43718 
13701,0.39524 
13702,0.42916 
13703,0.54706 
13704,0.73289 
13705,0.96406 
13706,1.01586 
13707,0.89039 
13708,0.77457 
13709,0.67823 
13710,0.66783 
13711,0.74504 
13712,0.82610 
13713,0.92117 
13714,0.98677 
13715,1.02792 
13716,1.06938 
13717,1.10755 
13718,1.11533 
13719,1.08151 
13720,1.05088 
13721,1.01980 
13722,0.97853 
13723,0.92737 
13724,0.87908 
13725,0.83028 
13726,0.71979 
13727,0.53652 
13728,0.40222 
13729,0.28561 
13730,0.26434 
13731,0.29813 
13732,0.34147 
13733,0.40272 
13734,0.53509 
13735,0.79819 
13736,1.11182 
13737,1.46042 
13738,1.79254 
13739,2.09910 
13740,2.39961 
13741,2.68950 
13742,2.72085 
13743,2.47933 
13744,2.22958 
13745,1.96990 
13746,1.97083 
13747,2.25061 
13748,2.51501 
13749,2.76261 
13750,2.92222 
13751,3.02529 
13752,3.08301 
13753,3.09955 
13754,3.07194 
13755,2.95294 
13756,2.80898 
13757,2.64588 
13758,2.43445 
13759,2.26969 
13760,2.08397 
13761,1.86351 
13762,1.81321 
13763,1.92951 
13764,1.99039 
13765,1.98197 
13766,1.91619 
13767,1.80767 
13768,1.70186 
13769,1.60161 
13770,1.50570 
13771,1.42850 
13772,1.33800 
13773,1.23408 
13774,1.16801 
13775,1.14771 
13776,1.07202 
13777,0.93908 
13778,0.79672 
13779,0.67505 
13780,0.53249 
13781,0.37581 
13782,0.25695 
13783,0.17495 
13784,0.19261 
13785,0.31345 
13786,0.39984 
13787,0.45024 
13788,0.43465 
13789,0.35233 
13790,0.28509 
13791,0.23455 
13792,0.21634 
13793,0.23020 
13794,0.23659 
13795,0.23469 
13796,0.23149 
13797,0.22628 
13798,0.23414 
13799,0.25582 
13800,0.27276 
13801,0.28588 
13802,0.28275 
13803,0.26637 
13804,0.25236 
13805,0.24287 
13806,0.22289 
13807,0.18942 
13808,0.15529 
13809,0.12982 
13810,0.11735 
13811,0.11739 
13812,0.11743 
13813,0.11747 
13814,0.09822 
13815,0.06336 
13816,0.03871 
13817,0.01374 
13818,0.00930 
13819,0.00813 
13820,0.00694 
13821,0.00573 
13822,0.00475 
13823,0.00397 
13824,0.00317 
13825,0.00234 
13826,0.00306 
13827,0.00537 
13828,0.00772 
13829,0.01007 
13830,0.00945 
13831,0.00575 
13832,0.00200 
13833,0.00000 
13834,0.00000 
13835,0.00000 
13836,0.00000 
13837,0.00000 
13838,0.00000 
13839,0.00000 
13840,0.00000 
13841,0.00000 
13842,0.00000 
13843,0.00000 
13844,0.00000 
13845,0.00000 
13846,0.01257 
13847,0.03933 
13848,0.06631 
13849,0.09541 
13850,0.13061 
13851,0.17612 
13852,0.25159 
13853,0.32730 
13854,0.37853 
13855,0.40488 
13856,0.44164 
13857,0.50822 
13858,0.56865 
13859,0.61759 
13860,0.66862 
13861,0.72150 
13862,0.78266 
13863,0.84150 
13864,0.88081 
13865,0.89839 
13866,0.92655 
13867,0.96883 
13868,0.98133 
13869,0.96115 
13870,0.95082 
13871,0.95155 
13872,0.92277 
13873,0.85980 
13874,0.80430 
13875,0.74899 
13876,0.72856 
13877,0.73884 
13878,0.75007 
13879,0.76453 
13880,0.75990 
13881,0.75369 
13882,0.74888 
13883,0.74505 
13884,0.70481 
13885,0.63228 
13886,0.58077 
13887,0.55677 
13888,0.53997 
13889,0.53712 
13890,0.49278 
13891,0.42324 
13892,0.36752 
13893,0.31964 
13894,0.28300 
13895,0.25249 
13896,0.21882 
13897,0.19032 
13898,0.15228 
13899,0.12407 
13900,0.11679 
13901,0.11349 
13902,0.09553 
13903,0.06183 
13904,0.03779 
13905,0.01341 
13906,0.00866 
13907,0.00669 
13908,0.00470 
13909,0.00270 
13910,0.00069 
13911,0.00000 
13912,0.00000 
13913,0.00000 
13914,0.00000 
13915,0.00000 
13916,0.00000 
13917,0.00071 
13918,0.00220 
13919,0.00311 
13920,0.00406 
13921,0.00506 
13922,0.00671 
13923,0.00906 
13924,0.01141 
13925,0.01377 
13926,0.01689 
13927,0.01386 
13928,0.01306 
13929,0.01225 
13930,0.01387 
13931,0.02987 
13932,0.04928 
13933,0.06902 
13934,0.06596 
13935,0.03902 
13936,0.01461 
13937,0.00902 
13938,0.00418 
13939,0.00010 
13940,0.00000 
13941,0.00000 
13942,0.01348 
13943,0.04154 
13944,0.06951 
13945,0.09720 
13946,0.13336 
13947,0.20736 
13948,0.29919 
13949,0.35132 
13950,0.39595 
13951,0.43944 
13952,0.49144 
13953,0.58118 
13954,0.68393 
13955,0.79469 
13956,0.87302 
13957,0.88202 
13958,0.89108 
13959,0.90493 
13960,0.91084 
13961,0.90476 
13962,0.88567 
13963,0.85308 
13964,0.85545 
13965,0.89851 
13966,0.93038 
13967,0.94873 
13968,0.96830 
13969,0.98892 
13970,1.00889 
13971,1.03143 
13972,1.06617 
13973,1.11750 
13974,1.20207 
13975,1.31837 
13976,1.33882 
13977,1.29975 
13978,1.20869 
13979,1.07839 
13980,0.97125 
13981,0.85519 
13982,0.79417 
13983,0.78549 
13984,0.76299 
13985,0.74816 
13986,0.71422 
13987,0.67801 
13988,0.67515 
13989,0.69344 
13990,0.65846 
13991,0.56469 
13992,0.47130 
13993,0.38422 
13994,0.32069 
13995,0.27397 
13996,0.22437 
13997,0.18907 
13998,0.17801 
13999,0.17918 
14000,0.18036 
14001,0.18156 
14002,0.16613 
14003,0.14085 
14004,0.11759 
14005,0.09418 
14006,0.07657 
14007,0.06677 
14008,0.05945 
14009,0.05203 
14010,0.04253 
14011,0.03092 
14012,0.01914 
14013,0.01148 
14014,0.01745 
14015,0.05088 
14016,0.09039 
14017,0.14537 
14018,0.16382 
14019,0.14466 
14020,0.12521 
14021,0.10547 
14022,0.08575 
14023,0.07138 
14024,0.05871 
14025,0.04546 
14026,0.03660 
14027,0.03216 
14028,0.02765 
14029,0.02297 
14030,0.02074 
14031,0.02082 
14032,0.02082 
14033,0.02091 
14034,0.03054 
14035,0.04957 
14036,0.06830 
14037,0.08694 
14038,0.10943 
14039,0.12545 
14040,0.14111 
14041,0.15689 
14042,0.20482 
14043,0.28825 
14044,0.33997 
14045,0.35901 
14046,0.37782 
14047,0.39530 
14048,0.42950 
14049,0.47738 
14050,0.52794 
14051,0.57877 
14052,0.57965 
14053,0.52407 
14054,0.50542 
14055,0.52284 
14056,0.51711 
14057,0.48970 
14058,0.44625 
14059,0.38702 
14060,0.38617 
14061,0.44228 
14062,0.47870 
14063,0.49730 
14064,0.48646 
14065,0.44992 
14066,0.44919 
14067,0.48500 
14068,0.53230 
14069,0.60394 
14070,0.66380 
14071,0.71255 
14072,0.72347 
14073,0.69091 
14074,0.68575 
14075,0.70254 
14076,0.71346 
14077,0.72294 
14078,0.68941 
14079,0.61951 
14080,0.55354 
14081,0.49146 
14082,0.43192 
14083,0.38028 
14084,0.33749 
14085,0.30534 
14086,0.23875 
14087,0.15522 
14088,0.09108 
14089,0.04963 
14090,0.03204 
14091,0.02159 
14092,0.01260 
14093,0.00252 
14094,0.00235 
14095,0.00387 
14096,0.00543 
14097,0.00700 
14098,0.00837 
14099,0.00956 
14100,0.01076 
14101,0.01315 
14102,0.01792 
14103,0.02187 
14104,0.02590 
14105,0.03002 
14106,0.02828 
14107,0.02066 
14108,0.01298 
14109,0.01091 
14110,0.00877 
14111,0.00593 
14112,0.00296 
14113,0.00000 
14114,0.00170 
14115,0.00864 
14116,0.02228 
14117,0.05568 
14118,0.06618 
14119,0.05336 
14120,0.04024 
14121,0.02682 
14122,0.01356 
14123,0.00923 
14124,0.00483 
14125,0.00036 
14126,0.00000 
14127,0.00000 
14128,0.00000 
14129,0.00000 
14130,0.00000 
14131,0.00000 
14132,0.00087 
14133,0.00446 
14134,0.01846 
14135,0.04742 
14136,0.09756 
14137,0.14659 
14138,0.17957 
14139,0.20343 
14140,0.25079 
14141,0.38062 
14142,0.50240 
14143,0.54413 
14144,0.53367 
14145,0.44364 
14146,0.40634 
14147,0.41470 
14148,0.39327 
14149,0.34434 
14150,0.29327 
14151,0.24414 
14152,0.22159 
14153,0.22687 
14154,0.22257 
14155,0.20534 
14156,0.23295 
14157,0.30638 
14158,0.36785 
14159,0.41277 
14160,0.43700 
14161,0.44768 
14162,0.45892 
14163,0.47474 
14164,0.47151 
14165,0.58615 
14166,0.79257 
14167,0.95517 
14168,0.97787 
14169,0.87428 
14170,0.81375 
14171,0.79169 
14172,0.73010 
14173,0.63917 
14174,0.56101 
14175,0.49609 
14176,0.43510 
14177,0.36970 
14178,0.30976 
14179,0.25765 
14180,0.21387 
14181,0.17370 
14182,0.13383 
14183,0.09302 
14184,0.06809 
14185,0.05875 
14186,0.04430 
14187,0.02480 
14188,0.01125 
14189,0.00168 
14190,0.00000 
14191,0.00000 
14192,0.00000 
14193,0.00000 
14194,0.00000 
14195,0.00000 
14196,0.00000 
14197,0.00000 
14198,0.00000 
14199,0.00000 
14200,0.00000 
14201,0.00000 
14202,0.00000 
14203,0.00000 
14204,0.00000 
14205,0.00000 
14206,0.00000 
14207,0.00000 
14208,0.00000 
14209,0.00000 
14210,0.00000 
14211,0.00000 
14212,0.00000 
14213,0.00000 
14214,0.00000 
14215,0.00000 
14216,0.00000 
14217,0.00000 
14218,0.00000 
14219,0.00000 
14220,0.00000 
14221,0.00000 
14222,0.00000 
14223,0.00000 
14224,0.00000 
14225,0.00000 
14226,0.00000 
14227,0.00000 
14228,0.00000 
14229,0.00000 
14230,0.01527 
14231,0.04759 
14232,0.08021 
14233,0.11313 
14234,0.15886 
14235,0.22200 
14236,0.27670 
14237,0.31340 
14238,0.36652 
14239,0.44234 
14240,0.44480 
14241,0.37199 
14242,0.28121 
14243,0.20601 
14244,0.20694 
14245,0.26063 
14246,0.29799 
14247,0.34730 
14248,0.37284 
14249,0.39826 
14250,0.41587 
14251,0.42517 
14252,0.48734 
14253,0.60365 
14254,0.74144 
14255,0.90184 
14256,0.90240 
14257,0.74854 
14258,0.62515 
14259,0.52709 
14260,0.49669 
14261,0.52875 
14262,0.55402 
14263,0.57196 
14264,0.56043 
14265,0.51892 
14266,0.48639 
14267,0.46215 
14268,0.43989 
14269,0.41912 
14270,0.39413 
14271,0.36726 
14272,0.33867 
14273,0.30827 
14274,0.28731 
14275,0.29294 
14276,0.27466 
14277,0.24725 
14278,0.19519 
14279,0.11436 
14280,0.07189 
14281,0.07027 
14282,0.06252 
14283,0.04842 
14284,0.03490 
14285,0.02210 
14286,0.01113 
14287,0.00850 
14288,0.00580 
14289,0.00307 
14290,0.00249 
14291,0.00411 
14292,0.00575 
14293,0.00742 
14294,0.01113 
14295,0.03432 
14296,0.06190 
14297,0.10005 
14298,0.10506 
14299,0.07180 
14300,0.05011 
14301,0.02833 
14302,0.02874 
14303,0.05266 
14304,0.07771 
14305,0.11756 
14306,0.12638 
14307,0.10232 
14308,0.07943 
14309,0.06362 
14310,0.04929 
14311,0.03602 
14312,0.02241 
14313,0.01346 
14314,0.01263 
14315,0.01369 
14316,0.01476 
14317,0.01843 
14318,0.02096 
14319,0.02097 
14320,0.02107 
14321,0.02109 
14322,0.01486 
14323,0.01120 
14324,0.00759 
14325,0.00398 
14326,0.02011 
14327,0.05825 
14328,0.09703 
14329,0.13781 
14330,0.18109 
14331,0.20466 
14332,0.23652 
14333,0.30678 
14334,0.38251 
14335,0.45592 
14336,0.52630 
14337,0.58451 
14338,0.63823 
14339,0.69031 
14340,0.73641 
14341,0.77270 
14342,0.80965 
14343,0.85233 
14344,0.88511 
14345,0.91101 
14346,0.94149 
14347,0.97895 
14348,0.99381 
14349,0.98461 
14350,0.97934 
14351,0.97827 
14352,0.96737 
14353,0.95291 
14354,0.94951 
14355,0.95647 
14356,0.94437 
14357,0.91531 
14358,0.90272 
14359,0.91166 
14360,0.86098 
14361,0.75319 
14362,0.63937 
14363,0.52312 
14364,0.50093 
14365,0.56106 
14366,0.60545 
14367,0.64016 
14368,0.60629 
14369,0.52715 
14370,0.45454 
14371,0.38749 
14372,0.33412 
14373,0.27776 
14374,0.21493 
14375,0.14880 
14376,0.09901 
14377,0.08008 
14378,0.06265 
14379,0.03696 
14380,0.01963 
14381,0.00436 
14382,0.00000 
14383,0.00000 
14384,0.00000 
14385,0.00000 
14386,0.00000 
14387,0.00000 
14388,0.00000 
14389,0.00000 
14390,0.00000 
14391,0.00000 
14392,0.00000 
14393,0.00000 
14394,0.00000 
14395,0.00000 
14396,0.00000 
14397,0.00000 
14398,0.00226 
14399,0.01597 
14400,0.07208 
14401,0.15947 
14402,0.20980 
14403,0.20110 
14404,0.19233 
14405,0.18412 
14406,0.18552 
14407,0.19677 
14408,0.20892 
14409,0.22136 
14410,0.25078 
14411,0.29842 
14412,0.34682 
14413,0.42982 
14414,0.45968 
14415,0.43343 
14416,0.40531 
14417,0.37872 
14418,0.34112 
14419,0.29939 
14420,0.25766 
14421,0.21591 
14422,0.23273 
14423,0.30671 
14424,0.38531 
14425,0.51134 
14426,0.66663 
14427,0.90353 
14428,1.13309 
14429,1.38752 
14430,1.50374 
14431,1.49135 
14432,1.40574 
14433,1.24756 
14434,1.01084 
14435,0.73607 
14436,0.54848 
14437,0.45988 
14438,0.44241 
14439,0.49045 
14440,0.54929 
14441,0.61867 
14442,0.66371 
14443,0.68137 
14444,0.64162 
14445,0.54210 
14446,0.43647 
14447,0.32645 
14448,0.27413 
14449,0.28376 
14450,0.31041 
14451,0.35305 
14452,0.38428 
14453,0.40191 
14454,0.42338 
14455,0.44924 
14456,0.44195 
14457,0.39935 
14458,0.37048 
14459,0.35653 
14460,0.38020 
14461,0.44950 
14462,0.51826 
14463,0.57271 
14464,0.59053 
14465,0.57095 
14466,0.57926 
14467,0.63657 
14468,0.66258 
14469,0.66046 
14470,0.63333 
14471,0.56482 
14472,0.51675 
14473,0.48886 
14474,0.47348 
14475,0.47283 
14476,0.48528 
14477,0.50960 
14478,0.48948 
14479,0.43363 
14480,0.37701 
14481,0.31961 
14482,0.30194 
14483,0.32566 
14484,0.34955 
14485,0.37360 
14486,0.36731 
14487,0.33032 
14488,0.29308 
14489,0.27149 
14490,0.28955 
14491,0.38956 
14492,0.49241 
14493,0.62363 
14494,0.71891 
14495,0.76819 
14496,0.81961 
14497,0.87330 
14498,0.88052 
14499,0.83583 
14500,0.79375 
14501,0.74818 
14502,0.67419 
14503,0.58005 
14504,0.50390 
14505,0.42819 
14506,0.42252 
14507,0.48870 
14508,0.55543 
14509,0.62273 
14510,0.68107 
14511,0.70733 
14512,0.73656 
14513,0.76296 
14514,0.73703 
14515,0.65874 
14516,0.59630 
14517,0.54021 
14518,0.50319 
14519,0.48855 
14520,0.47450 
14521,0.46082 
14522,0.49806 
14523,0.58810 
14524,0.65816 
14525,0.70818 
14526,0.68224 
14527,0.61773 
14528,0.54811 
14529,0.46132 
14530,0.38796 
14531,0.44945 
14532,0.48002 
14533,0.58236 
14534,0.73132 
14535,0.93534 
14536,1.01469 
14537,0.96253 
14538,0.94669 
14539,0.96892 
14540,0.96293 
14541,0.92796 
14542,0.86480 
14543,0.78180 
14544,0.75770 
14545,0.78565 
14546,0.84910 
14547,0.94777 
14548,0.90819 
14549,0.73717 
14550,0.54348 
14551,0.40748 
14552,0.41916 
14553,0.54420 
14554,0.66621 
14555,0.73467 
14556,0.74329 
14557,0.69207 
14558,0.65377 
14559,0.62744 
14560,0.58188 
14561,0.51719 
14562,0.46996 
14563,0.43745 
14564,0.38362 
14565,0.32605 
14566,0.27820 
14567,0.22929 
14568,0.18760 
14569,0.15286 
14570,0.12596 
14571,0.11244 
14572,0.11569 
14573,0.13516 
14574,0.16609 
14575,0.22182 
14576,0.27741 
14577,0.36923 
14578,0.39372 
14579,0.34107 
14580,0.29011 
14581,0.26115 
14582,0.23844 
14583,0.22204 
14584,0.20621 
14585,0.18951 
14586,0.16084 
14587,0.12602 
14588,0.09062 
14589,0.06243 
14590,0.03898 
14591,0.01400 
14592,0.00825 
14593,0.00286 
14594,0.00010 
14595,0.00010 
14596,0.00010 
14597,0.00010 
14598,0.00010 
14599,0.00010 
14600,0.00010 
14601,0.00010 
14602,0.00238 
14603,0.00696 
14604,0.01158 
14605,0.01981 
14606,0.02840 
14607,0.02350 
14608,0.01852 
14609,0.01497 
14610,0.01731 
14611,0.02943 
14612,0.04163 
14613,0.05362 
14614,0.08445 
14615,0.13479 
14616,0.18856 
14617,0.24443 
14618,0.27813 
14619,0.28714 
14620,0.33314 
14621,0.42647 
14622,0.50292 
14623,0.54937 
14624,0.57618 
14625,0.58408 
14626,0.61158 
14627,0.65774 
14628,0.66700 
14629,0.62575 
14630,0.56839 
14631,0.53088 
14632,0.54364 
14633,0.59887 
14634,0.66460 
14635,0.71311 
14636,0.75065 
14637,0.77763 
14638,0.83911 
14639,0.93891 
14640,0.91557 
14641,0.77181 
14642,0.61729 
14643,0.50067 
14644,0.45418 
14645,0.43391 
14646,0.39236 
14647,0.32902 
14648,0.33392 
14649,0.48538 
14650,0.70023 
14651,0.88594 
14652,0.90125 
14653,0.75460 
14654,0.61880 
14655,0.50388 
14656,0.47514 
14657,0.49964 
14658,0.49491 
14659,0.45943 
14660,0.38404 
14661,0.30022 
14662,0.23252 
14663,0.16931 
14664,0.11006 
14665,0.07335 
14666,0.05325 
14667,0.03348 
14668,0.01838 
14669,0.00806 
14670,0.00609 
14671,0.01174 
14672,0.03778 
14673,0.06525 
14674,0.10371 
14675,0.14423 
14676,0.19261 
14677,0.24895 
14678,0.27413 
14679,0.26750 
14680,0.26077 
14681,0.25394 
14682,0.26582 
14683,0.29752 
14684,0.35123 
14685,0.40849 
14686,0.42910 
14687,0.41081 
14688,0.39197 
14689,0.37255 
14690,0.37819 
14691,0.40696 
14692,0.43617 
14693,0.46583 
14694,0.48271 
14695,0.48841 
14696,0.49424 
14697,0.49823 
14698,0.48120 
14699,0.44036 
14700,0.39689 
14701,0.35791 
14702,0.33031 
14703,0.29858 
14704,0.26573 
14705,0.23411 
14706,0.21741 
14707,0.21653 
14708,0.21479 
14709,0.21394 
14710,0.23446 
14711,0.27740 
14712,0.31949 
14713,0.36055 
14714,0.40848 
14715,0.49290 
14716,0.54805 
14717,0.51747 
14718,0.52959 
14719,0.61939 
14720,0.76706 
14721,0.99279 
14722,1.16559 
14723,1.22923 
14724,1.16643 
14725,0.99465 
14726,0.87451 
14727,0.81119 
14728,0.73613 
14729,0.65537 
14730,0.55677 
14731,0.46565 
14732,0.46360 
14733,0.53578 
14734,0.60052 
14735,0.67355 
14736,0.70980 
14737,0.70705 
14738,0.66225 
14739,0.57459 
14740,0.52927 
14741,0.54598 
14742,0.56224 
14743,0.57220 
14744,0.56094 
14745,0.53075 
14746,0.52115 
14747,0.53540 
14748,0.48411 
14749,0.35921 
14750,0.24566 
14751,0.14588 
14752,0.13320 
14753,0.20745 
14754,0.27550 
14755,0.33388 
14756,0.32585 
14757,0.26071 
14758,0.21745 
14759,0.19565 
14760,0.18419 
14761,0.18076 
14762,0.18598 
14763,0.20288 
14764,0.23580 
14765,0.27184 
14766,0.33140 
14767,0.38425 
14768,0.43783 
14769,0.49213 
14770,0.53962 
14771,0.56232 
14772,0.58520 
14773,0.60824 
14774,0.59151 
14775,0.53400 
14776,0.48830 
14777,0.44691 
14778,0.41498 
14779,0.39305 
14780,0.37221 
14781,0.34987 
14782,0.30958 
14783,0.27586 
14784,0.24342 
14785,0.21001 
14786,0.19841 
14787,0.20949 
14788,0.21993 
14789,0.23133 
14790,0.21156 
14791,0.16829 
14792,0.13009 
14793,0.09159 
14794,0.06626 
14795,0.04524 
14796,0.02410 
14797,0.01245 
14798,0.01027 
14799,0.01032 
14800,0.01041 
14801,0.01047 
14802,0.01633 
14803,0.06579 
14804,0.12983 
14805,0.20718 
14806,0.29902 
14807,0.37702 
14808,0.46878 
14809,0.58440 
14810,0.70606 
14811,0.82827 
14812,0.98017 
14813,1.15334 
14814,1.19044 
14815,1.09280 
14816,1.03445 
14817,0.97136 
14818,1.01874 
14819,1.13241 
14820,1.21293 
14821,1.27046 
14822,1.27834 
14823,1.28482 
14824,1.27657 
14825,1.25567 
14826,1.26475 
14827,1.29363 
14828,1.30996 
14829,1.31320 
14830,1.31512 
14831,1.31206 
14832,1.30441 
14833,1.28906 
14834,1.28048 
14835,1.27913 
14836,1.27566 
14837,1.27344 
14838,1.27566 
14839,1.27863 
14840,1.26929 
14841,1.24497 
14842,1.24479 
14843,1.28452 
14844,1.30741 
14845,1.34102 
14846,1.37304 
14847,1.39648 
14848,1.36743 
14849,1.30631 
14850,1.22234 
14851,1.11303 
14852,1.03720 
14853,0.96003 
14854,0.93417 
14855,0.97115 
14856,1.02707 
14857,1.11483 
14858,1.19712 
14859,1.25675 
14860,1.31813 
14861,1.37370 
14862,1.40489 
14863,1.41890 
14864,1.42868 
14865,1.43857 
14866,1.37785 
14867,1.23710 
14868,1.09169 
14869,0.94599 
14870,0.78624 
14871,0.63523 
14872,0.48877 
14873,0.37888 
14874,0.30926 
14875,0.28648 
14876,0.27141 
14877,0.25697 
14878,0.27504 
14879,0.34616 
14880,0.44076 
14881,0.53812 
14882,0.57575 
14883,0.54008 
14884,0.50861 
14885,0.47689 
14886,0.37867 
14887,0.26266 
14888,0.17417 
14889,0.10515 
14890,0.08283 
14891,0.10905 
14892,0.13548 
14893,0.16235 
14894,0.19150 
14895,0.23193 
14896,0.27399 
14897,0.31768 
14898,0.35142 
14899,0.39309 
14900,0.43811 
14901,0.48090 
14902,0.55672 
14903,0.66351 
14904,0.80070 
14905,0.93776 
14906,1.01725 
14907,1.04453 
14908,1.09995 
14909,1.17693 
14910,1.28356 
14911,1.42227 
14912,1.57512 
14913,1.71843 
14914,1.78902 
14915,1.78411 
14916,1.77255 
14917,1.76081 
14918,1.78796 
14919,1.86609 
14920,1.91898 
14921,1.94886 
14922,1.99783 
14923,2.05994 
14924,2.11614 
14925,2.18037 
14926,2.19820 
14927,2.16445 
14928,2.12997 
14929,2.08295 
14930,1.98576 
14931,1.82343 
14932,1.66321 
14933,1.51470 
14934,1.38407 
14935,1.28256 
14936,1.18303 
14937,1.10719 
14938,1.05606 
14939,1.03232 
14940,0.99520 
14941,0.94905 
14942,0.85605 
14943,0.74351 
14944,0.62687 
14945,0.51754 
14946,0.45305 
14947,0.40705 
14948,0.33674 
14949,0.25064 
14950,0.19389 
14951,0.16190 
14952,0.13302 
14953,0.10845 
14954,0.07671 
14955,0.05554 
14956,0.05904 
14957,0.05834 
14958,0.04436 
14959,0.02032 
14960,0.00788 
14961,0.00270 
14962,0.00083 
14963,0.00236 
14964,0.00390 
14965,0.00547 
14966,0.00587 
14967,0.00512 
14968,0.00434 
14969,0.00358 
14970,0.00361 
14971,0.00442 
14972,0.00524 
14973,0.00608 
14974,0.00618 
14975,0.00547 
14976,0.00472 
14977,0.00396 
14978,0.00620 
14979,0.01148 
14980,0.03069 
14981,0.05616 
14982,0.07122 
14983,0.07601 
14984,0.08257 
14985,0.08994 
14986,0.07690 
14987,0.05319 
14988,0.02922 
14989,0.01213 
14990,0.01223 
14991,0.02990 
14992,0.05527 
14993,0.08085 
14994,0.08699 
14995,0.06936 
14996,0.05303 
14997,0.03681 
14998,0.01691 
14999,0.01657 
15000,0.01637 
15001,0.02064 
15002,0.02981 
15003,0.04213 
15004,0.07664 
15005,0.13320 
15006,0.19270 
15007,0.25503 
15008,0.28563 
15009,0.28381 
15010,0.28503 
15011,0.29029 
15012,0.30042 
15013,0.31739 
15014,0.33571 
15015,0.35759 
15016,0.37426 
15017,0.38574 
15018,0.41397 
15019,0.45637 
15020,0.43893 
15021,0.36128 
15022,0.27874 
15023,0.19882 
15024,0.19006 
15025,0.24540 
15026,0.28523 
15027,0.30954 
15028,0.32884 
15029,0.35356 
15030,0.40056 
15031,0.45944 
15032,0.46145 
15033,0.40917 
15034,0.36159 
15035,0.34083 
15036,0.35239 
15037,0.39890 
15038,0.43639 
15039,0.45089 
15040,0.44322 
15041,0.41381 
15042,0.39380 
15043,0.38136 
15044,0.34415 
15045,0.29020 
15046,0.24189 
15047,0.20176 
15048,0.17647 
15049,0.16264 
15050,0.15382 
15051,0.15091 
15052,0.15449 
15053,0.17172 
15054,0.17448 
15055,0.16026 
15056,0.14637 
15057,0.13582 
15058,0.10880 
15059,0.06526 
15060,0.03660 
15061,0.01055 
15062,0.00890 
15063,0.01275 
15064,0.02545 
15065,0.03835 
15066,0.04684 
15067,0.05083 
15068,0.05486 
15069,0.05877 
15070,0.06180 
15071,0.06364 
15072,0.06580 
15073,0.06788 
15074,0.06168 
15075,0.04717 
15076,0.03234 
15077,0.01739 
15078,0.01752 
15079,0.03295 
15080,0.04862 
15081,0.06452 
15082,0.06167 
15083,0.03961 
15084,0.01714 
15085,0.01014 
15086,0.00682 
15087,0.00492 
15088,0.00300 
15089,0.00107 
15090,0.00059 
15091,0.00156 
15092,0.00253 
15093,0.00350 
15094,0.01688 
15095,0.04457 
15096,0.07461 
15097,0.10504 
15098,0.12666 
15099,0.13801 
15100,0.15395 
15101,0.17569 
15102,0.18919 
15103,0.19527 
15104,0.23866 
15105,0.32649 
15106,0.40771 
15107,0.48306 
15108,0.54081 
15109,0.57781 
15110,0.60820 
15111,0.63871 
15112,0.57789 
15113,0.43330 
15114,0.29630 
15115,0.16735 
15116,0.15536 
15117,0.26003 
15118,0.33467 
15119,0.36827 
15120,0.40963 
15121,0.51647 
15122,0.66848 
15123,0.80560 
15124,0.85250 
15125,0.81631 
15126,0.82244 
15127,0.87142 
15128,0.83357 
15129,0.70872 
15130,0.61054 
15131,0.53945 
15132,0.43088 
15133,0.28848 
15134,0.11729 
15135,0.02555 
15136,0.04160 
15137,0.09075 
15138,0.14842 
15139,0.17899 
15140,0.18437 
15141,0.16442 
15142,0.16233 
15143,0.18574 
15144,0.19901 
15145,0.20220 
15146,0.17064 
15147,0.10390 
15148,0.05509 
15149,0.02390 
15150,0.01024 
15151,0.00917 
15152,0.00809 
15153,0.00698 
15154,0.00802 
15155,0.01121 
15156,0.02392 
15157,0.03916 
15158,0.05076 
15159,0.05860 
15160,0.06651 
15161,0.07707 
15162,0.07735 
15163,0.06723 
15164,0.05986 
15165,0.05223 
15166,0.05493 
15167,0.06896 
15168,0.08762 
15169,0.11052 
15170,0.11604 
15171,0.10265 
15172,0.08915 
15173,0.07753 
15174,0.05984 
15175,0.03321 
15176,0.01267 
15177,0.00692 
15178,0.00329 
15179,0.00183 
15180,0.00035 
15181,0.00000 
15182,0.00000 
15183,0.00000 
15184,0.00000 
15185,0.00000 
15186,0.00000 
15187,0.00000 
15188,0.00000 
15189,0.00000 
15190,0.01780 
15191,0.05806 
15192,0.09903 
15193,0.14000 
15194,0.14793 
15195,0.13624 
15196,0.18125 
15197,0.27536 
15198,0.36821 
15199,0.45018 
15200,0.48464 
15201,0.46622 
15202,0.44396 
15203,0.42022 
15204,0.40273 
15205,0.39422 
15206,0.36556 
15207,0.32290 
15208,0.34001 
15209,0.44513 
15210,0.56190 
15211,0.66561 
15212,0.73109 
15213,0.74977 
15214,0.77919 
15215,0.82152 
15216,0.80509 
15217,0.73824 
15218,0.69048 
15219,0.65876 
15220,0.63514 
15221,0.61570 
15222,0.60219 
15223,0.59297 
15224,0.57274 
15225,0.54145 
15226,0.49293 
15227,0.44243 
15228,0.42060 
15229,0.47824 
15230,0.57445 
15231,0.65038 
15232,0.59627 
15233,0.43926 
15234,0.29970 
15235,0.21180 
15236,0.17643 
15237,0.15945 
15238,0.13681 
15239,0.10860 
15240,0.08519 
15241,0.06615 
15242,0.04263 
15243,0.01538 
15244,0.00174 
15245,0.00000 
15246,0.00000 
15247,0.00000 
15248,0.00000 
15249,0.00000 
15250,0.00000 
15251,0.00000 
15252,0.00000 
15253,0.00000 
15254,0.00000 
15255,0.00000 
15256,0.00000 
15257,0.00000 
15258,0.00000 
15259,0.00000 
15260,0.00000 
15261,0.00000 
15262,0.00000 
15263,0.00000 
15264,0.00000 
15265,0.00000 
15266,0.00000 
15267,0.00000 
15268,0.00000 
15269,0.00000 
15270,0.00000 
15271,0.00000 
15272,0.00000 
15273,0.00000 
15274,0.00000 
15275,0.00000 
15276,0.00000 
15277,0.00000 
15278,0.00000 
15279,0.00000 
15280,0.00000 
15281,0.00000 
15282,0.00000 
15283,0.00000 
15284,0.00000 
15285,0.00241 
15286,0.02282 
15287,0.06156 
15288,0.07004 
15289,0.05485 
15290,0.03499 
15291,0.15403 
15292,0.15157 
15293,0.14966 
15294,0.18485 
15295,0.25855 
15296,0.32092 
15297,0.37165 
15298,0.46020 
15299,0.59851 
15300,0.63378 
15301,0.56073 
15302,0.49540 
15303,0.45829 
15304,0.43288 
15305,0.39647 
15306,0.32418 
15307,0.22709 
15308,0.23235 
15309,0.32856 
15310,0.41103 
15311,0.46851 
15312,0.52348 
15313,0.57964 
15314,0.64307 
15315,0.71608 
15316,0.75943 
15317,0.77393 
15318,0.81930 
15319,0.90623 
15320,0.92083 
15321,0.86238 
15322,0.78789 
15323,0.69119 
15324,0.66468 
15325,0.69415 
15326,0.70141 
15327,0.69460 
15328,0.66985 
15329,0.62887 
15330,0.59136 
15331,0.54827 
15332,0.45766 
15333,0.35911 
15334,0.30466 
15335,0.29597 
15336,0.29602 
15337,0.30424 
15338,0.28427 
15339,0.23053 
15340,0.18649 
15341,0.15540 
15342,0.14578 
15343,0.15232 
15344,0.15891 
15345,0.16723 
15346,0.17199 
15347,0.17318 
15348,0.17438 
15349,0.17560 
15350,0.18051 
15351,0.19038 
15352,0.20040 
15353,0.21056 
15354,0.24936 
15355,0.32743 
15356,0.45009 
15357,0.58282 
15358,0.66068 
15359,0.64050 
15360,0.62235 
15361,0.60179 
15362,0.54016 
15363,0.45395 
15364,0.36445 
15365,0.29597 
15366,0.29937 
15367,0.37722 
15368,0.48086 
15369,0.58780 
15370,0.62953 
15371,0.59525 
15372,0.56306 
15373,0.53031 
15374,0.51385 
15375,0.51615 
15376,0.51637 
15377,0.51659 
15378,0.51471 
15379,0.51077 
15380,0.50689 
15381,0.50307 
15382,0.46954 
15383,0.41218 
15384,0.38080 
15385,0.36190 
15386,0.38625 
15387,0.45452 
15388,0.52515 
15389,0.59029 
15390,0.68667 
15391,0.83995 
15392,0.96708 
15393,1.08112 
15394,1.17063 
15395,1.21680 
15396,1.23703 
15397,1.24340 
15398,1.27197 
15399,1.36267 
15400,1.51519 
15401,1.73532 
15402,1.84621 
15403,1.84160 
15404,1.79760 
15405,1.72214 
15406,1.60931 
15407,1.47030 
15408,1.34514 
15409,1.22686 
15410,1.19566 
15411,1.21717 
15412,1.23437 
15413,1.24608 
15414,1.33213 
15415,1.51494 
15416,1.66158 
15417,1.77165 
15418,1.71270 
15419,1.47771 
15420,1.25723 
15421,1.07475 
15422,0.90195 
15423,0.78048 
15424,0.71564 
15425,0.68588 
15426,0.65672 
15427,0.61433 
15428,0.51014 
15429,0.39349 
15430,0.29192 
15431,0.21118 
15432,0.14586 
15433,0.09712 
15434,0.06517 
15435,0.04099 
15436,0.03066 
15437,0.03885 
15438,0.05841 
15439,0.10282 
15440,0.15192 
15441,0.21811 
15442,0.24849 
15443,0.24160 
15444,0.23466 
15445,0.22768 
15446,0.22594 
15447,0.22815 
15448,0.23040 
15449,0.23344 
15450,0.24938 
15451,0.28088 
15452,0.33262 
15453,0.38935 
15454,0.42173 
15455,0.42906 
15456,0.43665 
15457,0.44450 
15458,0.39453 
15459,0.29969 
15460,0.24147 
15461,0.18214 
15462,0.14015 
15463,0.10084 
15464,0.06755 
15465,0.04166 
15466,0.02616 
15467,0.02189 
15468,0.01746 
15469,0.01428 
15470,0.01311 
15471,0.01169 
15472,0.01021 
15473,0.00877 
15474,0.00753 
15475,0.00654 
15476,0.00555 
15477,0.00458 
15478,0.01248 
15479,0.03033 
15480,0.04842 
15481,0.06649 
15482,0.10550 
15483,0.16870 
15484,0.22083 
15485,0.25975 
15486,0.31204 
15487,0.38057 
15488,0.44414 
15489,0.50921 
15490,0.58975 
15491,0.68735 
15492,0.75203 
15493,0.80430 
15494,0.84942 
15495,0.89597 
15496,0.93194 
15497,0.95280 
15498,0.97835 
15499,1.01637 
15500,1.02277 
15501,0.99233 
15502,0.96555 
15503,0.94573 
15504,0.93419 
15505,0.93101 
15506,0.92906 
15507,0.93000 
15508,0.93881 
15509,0.96451 
15510,0.98699 
15511,1.00857 
15512,0.98059 
15513,0.90663 
15514,0.84067 
15515,0.78041 
15516,0.72978 
15517,0.68612 
15518,0.62235 
15519,0.55049 
15520,0.50620 
15521,0.46952 
15522,0.42192 
15523,0.36228 
15524,0.29740 
15525,0.23945 
15526,0.19621 
15527,0.15237 
15528,0.09436 
15529,0.06155 
15530,0.04940 
15531,0.03878 
15532,0.04139 
15533,0.05153 
15534,0.06599 
15535,0.09120 
15536,0.11707 
15537,0.14300 
15538,0.14673 
15539,0.12745 
15540,0.10804 
15541,0.08850 
15542,0.09451 
15543,0.12634 
15544,0.16101 
15545,0.20506 
15546,0.22831 
15547,0.22911 
15548,0.23063 
15549,0.23218 
15550,0.23937 
15551,0.25340 
15552,0.26720 
15553,0.28255 
15554,0.26654 
15555,0.21836 
15556,0.17101 
15557,0.13541 
15558,0.12313 
15559,0.13455 
15560,0.14623 
15561,0.15760 
15562,0.15939 
15563,0.15073 
15564,0.14133 
15565,0.13229 
15566,0.09883 
15567,0.05644 
15568,0.01970 
15569,0.00780 
15570,0.00467 
15571,0.00612 
15572,0.00760 
15573,0.00905 
15574,0.02389 
15575,0.05379 
15576,0.08402 
15577,0.11385 
15578,0.12248 
15579,0.10942 
15580,0.12148 
15581,0.15752 
15582,0.20784 
15583,0.27223 
15584,0.26276 
15585,0.18047 
15586,0.07865 
15587,0.04346 
15588,0.07589 
15589,0.21274 
15590,0.36854 
15591,0.45004 
15592,0.46320 
15593,0.41585 
15594,0.36082 
15595,0.30253 
15596,0.32631 
15597,0.48115 
15598,0.67632 
15599,0.83061 
15600,0.89459 
15601,0.86968 
15602,0.88378 
15603,0.93520 
15604,0.93074 
15605,0.87065 
15606,0.84515 
15607,0.85004 
15608,0.79369 
15609,0.67978 
15610,0.53082 
15611,0.44573 
15612,0.43882 
15613,0.45051 
15614,0.47345 
15615,0.47707 
15616,0.45465 
15617,0.41072 
15618,0.36676 
15619,0.32758 
15620,0.29120 
15621,0.24992 
15622,0.20033 
15623,0.14039 
15624,0.08840 
15625,0.06697 
15626,0.05617 
15627,0.04263 
15628,0.02664 
15629,0.00852 
15630,0.00000 
15631,0.00000 
15632,0.00000 
15633,0.00000 
15634,0.00000 
15635,0.00000 
15636,0.00000 
15637,0.00000 
15638,0.00000 
15639,0.00000 
15640,0.00000 
15641,0.00000 
15642,0.00000 
15643,0.00000 
15644,0.00000 
15645,0.00000 
15646,0.00000 
15647,0.00000 
15648,0.00000 
15649,0.00000 
15650,0.00000 
15651,0.00000 
15652,0.00000 
15653,0.00000 
15654,0.00000 
15655,0.00000 
15656,0.00000 
15657,0.00000 
15658,0.00000 
15659,0.00000 
15660,0.00000 
15661,0.00000 
15662,0.00000 
15663,0.00000 
15664,0.00000 
15665,0.00000 
15666,0.00000 
15667,0.00000 
15668,0.00000 
15669,0.00000 
15670,0.01172 
15671,0.03663 
15672,0.06186 
15673,0.08736 
15674,0.12213 
15675,0.17118 
15676,0.22698 
15677,0.29146 
15678,0.35192 
15679,0.39597 
15680,0.42860 
15681,0.45646 
15682,0.47213 
15683,0.46993 
15684,0.50983 
15685,0.59957 
15686,0.71319 
15687,0.84522 
15688,0.88524 
15689,0.81358 
15690,0.76443 
15691,0.74193 
15692,0.69899 
15693,0.64028 
15694,0.57598 
15695,0.50830 
15696,0.46549 
15697,0.44841 
15698,0.42540 
15699,0.39775 
15700,0.37283 
15701,0.34855 
15702,0.31266 
15703,0.26933 
15704,0.27388 
15705,0.33388 
15706,0.40577 
15707,0.48051 
15708,0.47339 
15709,0.38568 
15710,0.30093 
15711,0.22704 
15712,0.19995 
15713,0.21628 
15714,0.22540 
15715,0.22534 
15716,0.21035 
15717,0.18967 
15718,0.17279 
15719,0.14917 
15720,0.11665 
15721,0.08565 
15722,0.06013 
15723,0.03378 
15724,0.01540 
15725,0.00489 
15726,0.00000 
15727,0.00000 
15728,0.00215 
15729,0.00479 
15730,0.00615 
15731,0.00618 
15732,0.00620 
15733,0.00624 
15734,0.00723 
15735,0.00919 
15736,0.01117 
15737,0.01878 
15738,0.03007 
15739,0.04345 
15740,0.05702 
15741,0.07151 
15742,0.10287 
15743,0.14546 
15744,0.19896 
15745,0.26177 
15746,0.28592 
15747,0.26894 
15748,0.25182 
15749,0.23373 
15750,0.18966 
15751,0.13489 
15752,0.08133 
15753,0.04599 
15754,0.01482 
15755,0.00867 
15756,0.00297 
15757,0.00000 
15758,0.00000 
15759,0.00000 
15760,0.00000 
15761,0.00000 
15762,0.00000 
15763,0.00000 
15764,0.00000 
15765,0.00000 
15766,0.01193 
15767,0.03740 
15768,0.06315 
15769,0.08886 
15770,0.12046 
15771,0.18637 
15772,0.27166 
15773,0.32614 
15774,0.38966 
15775,0.45369 
15776,0.52101 
15777,0.59352 
15778,0.66619 
15779,0.73986 
15780,0.75722 
15781,0.70866 
15782,0.63473 
15783,0.60192 
15784,0.62253 
15785,0.69166 
15786,0.82002 
15787,0.93581 
15788,0.91545 
15789,0.75211 
15790,0.55980 
15791,0.42829 
15792,0.41205 
15793,0.44166 
15794,0.47161 
15795,0.48816 
15796,0.50981 
15797,0.53852 
15798,0.58128 
15799,0.65070 
15800,0.72129 
15801,0.80660 
15802,0.86507 
15803,0.89666 
15804,0.87574 
15805,0.80680 
15806,0.74888 
15807,0.70290 
15808,0.64073 
15809,0.56311 
15810,0.51233 
15811,0.48720 
15812,0.46912 
15813,0.45412 
15814,0.40757 
15815,0.33058 
15816,0.25671 
15817,0.20020 
15818,0.15646 
15819,0.12426 
15820,0.10601 
15821,0.10162 
15822,0.10415 
15823,0.11332 
15824,0.12223 
15825,0.13161 
15826,0.14255 
15827,0.15563 
15828,0.17207 
15829,0.18923 
15830,0.19394 
15831,0.18660 
15832,0.17978 
15833,0.17231 
15834,0.16479 
15835,0.15774 
15836,0.15231 
15837,0.14684 
15838,0.12435 
15839,0.08345 
15840,0.05253 
15841,0.02429 
15842,0.02890 
15843,0.06773 
15844,0.12291 
15845,0.18594 
15846,0.23930 
15847,0.26088 
15848,0.28296 
15849,0.30555 
15850,0.33111 
15851,0.37331 
15852,0.42098 
15853,0.46943 
15854,0.53472 
15855,0.61712 
15856,0.73103 
15857,0.84502 
15858,0.90220 
15859,0.90251 
15860,0.90282 
15861,0.90312 
15862,0.83986 
15863,0.71700 
15864,0.62276 
15865,0.54780 
15866,0.52552 
15867,0.56055 
15868,0.64256 
15869,0.76028 
15870,0.85074 
15871,0.91636 
15872,0.97898 
15873,1.03231 
15874,1.07193 
15875,1.09419 
15876,1.11974 
15877,1.14603 
15878,1.12220 
15879,1.06094 
15880,1.01963 
15881,0.98302 
15882,0.97915 
15883,1.00332 
15884,1.02690 
15885,1.04736 
15886,1.06412 
15887,1.06786 
15888,1.03324 
15889,0.95819 
15890,0.92420 
15891,0.93317 
15892,0.93736 
15893,0.94844 
15894,0.93970 
15895,0.90833 
15896,0.90430 
15897,0.91977 
15898,0.95693 
15899,1.03171 
15900,1.08821 
15901,1.13870 
15902,1.15549 
15903,1.12407 
15904,1.07793 
15905,1.01694 
15906,1.00794 
15907,1.05162 
15908,1.08505 
15909,1.12306 
15910,1.16085 
15911,1.19977 
15912,1.25177 
15913,1.31143 
15914,1.36133 
15915,1.39772 
15916,1.44329 
15917,1.49071 
15918,1.49032 
15919,1.43418 
15920,1.37511 
15921,1.31523 
15922,1.20223 
15923,1.02113 
15924,0.83770 
15925,0.67880 
15926,0.66600 
15927,0.79365 
15928,0.94639 
15929,1.10020 
15930,1.12681 
15931,1.01709 
15932,0.90653 
15933,0.80366 
15934,0.74539 
15935,0.72336 
15936,0.70070 
15937,0.67737 
15938,0.61511 
15939,0.52690 
15940,0.45745 
15941,0.38696 
15942,0.31382 
15943,0.27093 
15944,0.22789 
15945,0.18416 
15946,0.14382 
15947,0.09499 
15948,0.05926 
15949,0.02715 
15950,0.01195 
15951,0.00797 
15952,0.00402 
15953,0.00010 
15954,0.00000 
15955,0.00180 
15956,0.00419 
15957,0.00655 
15958,0.02016 
15959,0.04614 
15960,0.07232 
15961,0.09792 
15962,0.12161 
15963,0.14454 
15964,0.18089 
15965,0.23106 
15966,0.30317 
15967,0.41208 
15968,0.50819 
15969,0.60027 
15970,0.70591 
15971,0.82439 
15972,0.90174 
15973,0.92717 
15974,0.95124 
15975,0.96691 
15976,0.98160 
15977,1.00612 
15978,1.05086 
15979,1.11939 
15980,1.11933 
15981,1.04440 
15982,0.97967 
15983,0.92666 
15984,0.91526 
15985,0.94139 
15986,0.95434 
15987,0.95254 
15988,0.93552 
15989,0.90211 
15990,0.87883 
15991,0.86765 
15992,0.80997 
15993,0.70740 
15994,0.59195 
15995,0.50476 
15996,0.47609 
15997,0.52234 
15998,0.60275 
15999,0.65794 
16000,0.63620 
16001,0.55660 
16002,0.48449 
16003,0.41782 
16004,0.33854 
16005,0.26117 
16006,0.20223 
16007,0.15507 
16008,0.11816 
16009,0.08893 
16010,0.05600 
16011,0.01846 
16012,0.00000 
16013,0.00000 
16014,0.00000 
16015,0.00000 
16016,0.00212 
16017,0.00476 
16018,0.00459 
16019,0.00159 
16020,0.00000 
16021,0.00000 
16022,0.00000 
16023,0.00000 
16024,0.00000 
16025,0.00000 
16026,0.00000 
16027,0.00000 
16028,0.00000 
16029,0.00000 
16030,0.00000 
16031,0.00029 
16032,0.00155 
16033,0.00284 
16034,0.00286 
16035,0.00160 
16036,0.00031 
16037,0.00000 
16038,0.00000 
16039,0.00000 
16040,0.00000 
16041,0.00000 
16042,0.00000 
16043,0.00000 
16044,0.00000 
16045,0.00000 
16046,0.00000 
16047,0.00000 
16048,0.00000 
16049,0.00000 
16050,0.00000 
16051,0.00000 
16052,0.00000 
16053,0.00000 
16054,0.00000 
16055,0.00357 
16056,0.00602 
16057,0.00844 
16058,0.01684 
16059,0.03165 
16060,0.06828 
16061,0.12737 
16062,0.19386 
16063,0.26984 
16064,0.29986 
16065,0.28120 
16066,0.27139 
16067,0.27038 
16068,0.27828 
16069,0.29312 
16070,0.29388 
16071,0.30285 
16072,0.32984 
16073,0.39064 
16074,0.45972 
16075,0.53841 
16076,0.56494 
16077,0.53987 
16078,0.52095 
16079,0.50967 
16080,0.52339 
16081,0.56574 
16082,0.59751 
16083,0.61457 
16084,0.64879 
16085,0.69930 
16086,0.78034 
16087,0.89571 
16088,0.86789 
16089,0.69922 
16090,0.52800 
16091,0.42155 
16092,0.39370 
16093,0.37101 
16094,0.33377 
16095,0.29357 
16096,0.26937 
16097,0.25284 
16098,0.23003 
16099,0.23386 
16100,0.20864 
16101,0.18780 
16102,0.17203 
16103,0.15762 
16104,0.13161 
16105,0.10243 
16106,0.08156 
16107,0.06927 
16108,0.05756 
16109,0.04669 
16110,0.03770 
16111,0.02934 
16112,0.02087 
16113,0.01231 
16114,0.02026 
16115,0.04504 
16116,0.07350 
16117,0.11254 
16118,0.13555 
16119,0.14246 
16120,0.14905 
16121,0.15730 
16122,0.19226 
16123,0.25294 
16124,0.34813 
16125,0.45968 
16126,0.51002 
16127,0.48784 
16128,0.46695 
16129,0.44671 
16130,0.43554 
16131,0.43872 
16132,0.44040 
16133,0.44210 
16134,0.41684 
16135,0.36375 
16136,0.31276 
16137,0.28470 
16138,0.26568 
16139,0.25729 
16140,0.24883 
16141,0.24120 
16142,0.21015 
16143,0.16583 
16144,0.12764 
16145,0.08880 
16146,0.07876 
16147,0.09097 
16148,0.10522 
16149,0.11947 
16150,0.14098 
16151,0.17157 
16152,0.20255 
16153,0.23370 
16154,0.27372 
16155,0.31801 
16156,0.36966 
16157,0.44697 
16158,0.53084 
16159,0.60796 
16160,0.67024 
16161,0.71335 
16162,0.78398 
16163,0.88017 
16164,0.95554 
16165,0.99173 
16166,1.03143 
16167,1.06441 
16168,1.11142 
16169,1.17146 
16170,1.22815 
16171,1.28038 
16172,1.29600 
16173,1.26883 
16174,1.27014 
16175,1.29947 
16176,1.33866 
16177,1.39165 
16178,1.39628 
16179,1.35740 
16180,1.29704 
16181,1.23471 
16182,1.20036 
16183,1.18973 
16184,1.16020 
16185,1.11373 
16186,1.09557 
16187,1.14073 
16188,1.20488 
16189,1.30823 
16190,1.36775 
16191,1.37148 
16192,1.37494 
16193,1.37577 
16194,1.29404 
16195,1.13051 
16196,0.96601 
16197,0.80931 
16198,0.68890 
16199,0.59490 
16200,0.50995 
16201,0.43808 
16202,0.39561 
16203,0.36728 
16204,0.33600 
16205,0.30205 
16206,0.28639 
16207,0.28814 
16208,0.28991 
16209,0.29083 
16210,0.27891 
16211,0.25573 
16212,0.24132 
16213,0.22681 
16214,0.24095 
16215,0.29994 
16216,0.37883 
16217,0.45729 
16218,0.46021 
16219,0.38374 
16220,0.30772 
16221,0.24961 
16222,0.24400 
16223,0.27739 
16224,0.33274 
16225,0.39204 
16226,0.44014 
16227,0.47281 
16228,0.50569 
16229,0.54103 
16230,0.54664 
16231,0.51802 
16232,0.49286 
16233,0.46529 
16234,0.50357 
16235,0.62327 
16236,0.76901 
16237,0.91350 
16238,0.94253 
16239,0.84871 
16240,0.75628 
16241,0.66318 
16242,0.55018 
16243,0.43696 
16244,0.32583 
16245,0.26294 
16246,0.24377 
16247,0.27016 
16248,0.29698 
16249,0.32423 
16250,0.33096 
16251,0.32084 
16252,0.34611 
16253,0.39496 
16254,0.46847 
16255,0.56993 
16256,0.66672 
16257,0.74891 
16258,0.80686 
16259,0.84008 
16260,0.86759 
16261,0.89119 
16262,0.92725 
16263,0.96444 
16264,0.99674 
16265,1.01805 
16266,1.04094 
16267,1.06901 
16268,1.08394 
16269,1.08156 
16270,1.08620 
16271,1.10434 
16272,1.11839 
16273,1.13538 
16274,1.13436 
16275,1.12170 
16276,1.09828 
16277,1.06999 
16278,1.03380 
16279,0.99338 
16280,0.94337 
16281,0.88756 
16282,0.85269 
16283,0.82883 
16284,0.78613 
16285,0.71459 
16286,0.66237 
16287,0.62201 
16288,0.57216 
16289,0.52014 
16290,0.48206 
16291,0.44892 
16292,0.40742 
16293,0.35584 
16294,0.32559 
16295,0.32215 
16296,0.31788 
16297,0.31776 
16298,0.28606 
16299,0.23356 
16300,0.21305 
16301,0.19019 
16302,0.16540 
16303,0.14063 
16304,0.12287 
16305,0.10457 
16306,0.09314 
16307,0.08806 
16308,0.08295 
16309,0.07780 
16310,0.06989 
16311,0.06073 
16312,0.05389 
16313,0.04700 
16314,0.05161 
16315,0.07016 
16316,0.09624 
16317,0.12284 
16318,0.12446 
16319,0.10044 
16320,0.07519 
16321,0.05700 
16322,0.05068 
16323,0.05486 
16324,0.05887 
16325,0.06310 
16326,0.06559 
16327,0.06654 
16328,0.06753 
16329,0.06854 
16330,0.05635 
16331,0.03115 
16332,0.01179 
16333,0.00642 
16334,0.00440 
16335,0.00577 
16336,0.00716 
16337,0.00857 
16338,0.01292 
16339,0.04499 
16340,0.08053 
16341,0.13517 
16342,0.15942 
16343,0.15533 
16344,0.15213 
16345,0.15792 
16346,0.17875 
16347,0.21108 
16348,0.25435 
16349,0.31121 
16350,0.36000 
16351,0.39925 
16352,0.43340 
16353,0.46090 
16354,0.50492 
16355,0.55958 
16356,0.59157 
16357,0.59475 
16358,0.58790 
16359,0.58570 
16360,0.60090 
16361,0.63177 
16362,0.67021 
16363,0.71158 
16364,0.72687 
16365,0.71428 
16366,0.72117 
16367,0.74955 
16368,0.73942 
16369,0.68734 
16370,0.64070 
16371,0.59477 
16372,0.54052 
16373,0.47700 
16374,0.41362 
16375,0.35020 
16376,0.34152 
16377,0.38603 
16378,0.41192 
16379,0.41913 
16380,0.40595 
16381,0.37376 
16382,0.34930 
16383,0.33493 
16384,0.33831 
16385,0.35130 
16386,0.34203 
16387,0.31255 
16388,0.28705 
16389,0.25480 
16390,0.21547 
16391,0.16757 
16392,0.11183 
16393,0.07745 
16394,0.05819 
16395,0.03862 
16396,0.02143 
16397,0.00683 
16398,0.00294 
16399,0.00874 
16400,0.02881 
16401,0.05699 
16402,0.08815 
16403,0.11291 
16404,0.13770 
16405,0.16910 
16406,0.19428 
16407,0.21016 
16408,0.22684 
16409,0.24299 
16410,0.28976 
16411,0.38861 
16412,0.49294 
16413,0.63224 
16414,0.74006 
16415,0.82477 
16416,0.92014 
16417,1.02358 
16418,1.05793 
16419,1.01884 
16420,0.98310 
16421,0.94708 
16422,0.89074 
16423,0.82930 
16424,0.77078 
16425,0.70841 
16426,0.60723 
16427,0.49023 
16428,0.38539 
16429,0.29840 
16430,0.22690 
16431,0.15376 
16432,0.09210 
16433,0.04810 
16434,0.02805 
16435,0.02795 
16436,0.02796 
16437,0.02787 
16438,0.04719 
16439,0.08690 
16440,0.12691 
16441,0.16781 
16442,0.20023 
16443,0.23227 
16444,0.23044 
16445,0.19600 
16446,0.17391 
16447,0.16247 
16448,0.20088 
16449,0.27686 
16450,0.34080 
16451,0.39880 
16452,0.46353 
16453,0.53159 
16454,0.64162 
16455,0.79501 
16456,0.86304 
16457,0.84148 
16458,0.82443 
16459,0.81986 
16460,0.82937 
16461,0.85403 
16462,0.88665 
16463,0.92245 
16464,0.89429 
16465,0.79928 
16466,0.71793 
16467,0.65475 
16468,0.63465 
16469,0.65328 
16470,0.67238 
16471,0.69082 
16472,0.68148 
16473,0.64019 
16474,0.61073 
16475,0.59454 
16476,0.54926 
16477,0.47678 
16478,0.40794 
16479,0.34069 
16480,0.30863 
16481,0.30490 
16482,0.29962 
16483,0.29222 
16484,0.25144 
16485,0.18935 
16486,0.14074 
16487,0.09889 
16488,0.07401 
16489,0.06579 
16490,0.05360 
16491,0.03706 
16492,0.02139 
16493,0.00680 
16494,0.00000 
16495,0.00000 
16496,0.00000 
16497,0.00174 
16498,0.00692 
16499,0.02849 
16500,0.06683 
16501,0.12546 
16502,0.14587 
16503,0.12670 
16504,0.10741 
16505,0.08798 
16506,0.06112 
16507,0.03587 
16508,0.01126 
16509,0.00588 
16510,0.00460 
16511,0.00752 
16512,0.01062 
16513,0.01832 
16514,0.01346 
16515,0.00784 
16516,0.00268 
16517,0.00000 
16518,0.00000 
16519,0.00000 
16520,0.00254 
16521,0.00570 
16522,0.01053 
16523,0.02963 
16524,0.06064 
16525,0.09884 
16526,0.12005 
16527,0.11315 
16528,0.10623 
16529,0.09932 
16530,0.11192 
16531,0.14334 
16532,0.17478 
16533,0.21476 
16534,0.23938 
16535,0.24605 
16536,0.25292 
16537,0.26080 
16538,0.25302 
16539,0.23194 
16540,0.22233 
16541,0.22229 
16542,0.26534 
16543,0.34973 
16544,0.47914 
16545,0.61207 
16546,0.61833 
16547,0.48339 
16548,0.38149 
16549,0.31509 
16550,0.27132 
16551,0.22578 
16552,0.19080 
16553,0.15852 
16554,0.15098 
16555,0.15637 
16556,0.15128 
16557,0.13547 
16558,0.12537 
16559,0.11763 
16560,0.12820 
16561,0.15494 
16562,0.18824 
16563,0.22818 
16564,0.25288 
16565,0.26854 
16566,0.28672 
16567,0.30602 
16568,0.28628 
16569,0.22684 
16570,0.15867 
16571,0.09097 
16572,0.05143 
16573,0.04491 
16574,0.04091 
16575,0.03118 
16576,0.04305 
16577,0.06814 
16578,0.08692 
16579,0.09929 
16580,0.09986 
16581,0.08836 
16582,0.07819 
16583,0.06871 
16584,0.05754 
16585,0.04471 
16586,0.03345 
16587,0.03163 
16588,0.03719 
16589,0.04136 
16590,0.02990 
16591,0.00921 
16592,0.00314 
16593,0.00000 
16594,0.00000 
16595,0.00000 
16596,0.00000 
16597,0.00000 
16598,0.00000 
16599,0.00000 
16600,0.00000 
16601,0.00000 
16602,0.00000 
16603,0.00000 
16604,0.00148 
16605,0.00589 
16606,0.00820 
16607,0.00834 
16608,0.00851 
16609,0.00869 
16610,0.00639 
16611,0.00163 
16612,0.00000 
16613,0.00000 
16614,0.00000 
16615,0.00000 
16616,0.00000 
16617,0.00000 
16618,0.00000 
16619,0.00000 
16620,0.00000 
16621,0.00000 
16622,0.00000 
16623,0.00000 
16624,0.00000 
16625,0.00000 
16626,0.00000 
16627,0.00000 
16628,0.00000 
16629,0.00000 
16630,0.01043 
16631,0.03252 
16632,0.05474 
16633,0.07679 
16634,0.11207 
16635,0.16372 
16636,0.20463 
16637,0.23664 
16638,0.30684 
16639,0.43826 
16640,0.53318 
16641,0.54894 
16642,0.57195 
16643,0.61244 
16644,0.62801 
16645,0.61386 
16646,0.56833 
16647,0.53765 
16648,0.55247 
16649,0.62704 
16650,0.74306 
16651,0.82751 
16652,0.87403 
16653,0.88332 
16654,0.90697 
16655,0.94738 
16656,0.95701 
16657,0.93917 
16658,0.94596 
16659,0.97662 
16660,0.94492 
16661,0.85259 
16662,0.77143 
16663,0.69837 
16664,0.67301 
16665,0.69477 
16666,0.69974 
16667,0.68924 
16668,0.67032 
16669,0.64167 
16670,0.61795 
16671,0.60538 
16672,0.54755 
16673,0.45653 
16674,0.36232 
16675,0.29738 
16676,0.25935 
16677,0.23519 
16678,0.21012 
16679,0.16301 
16680,0.11148 
16681,0.08037 
16682,0.06087 
16683,0.04081 
16684,0.02288 
16685,0.00726 
16686,0.00000 
16687,0.00000 
16688,0.00000 
16689,0.00000 
16690,0.00000 
16691,0.00000 
16692,0.00000 
16693,0.00000 
16694,0.00000 
16695,0.00000 
16696,0.00000 
16697,0.00000 
16698,0.00000 
16699,0.00000 
16700,0.00000 
16701,0.00000 
16702,0.00000 
16703,0.00000 
16704,0.00000 
16705,0.00000 
16706,0.00000 
16707,0.00000 
16708,0.00000 
16709,0.00000 
16710,0.00166 
16711,0.00848 
16712,0.02194 
16713,0.05503 
16714,0.07009 
16715,0.06667 
16716,0.06290 
16717,0.05926 
16718,0.05391 
16719,0.04673 
16720,0.03960 
16721,0.03252 
16722,0.02665 
16723,0.02196 
16724,0.01731 
16725,0.01394 
16726,0.02558 
16727,0.05125 
16728,0.07691 
16729,0.10221 
16730,0.11638 
16731,0.12511 
16732,0.15583 
16733,0.20914 
16734,0.24825 
16735,0.27142 
16736,0.26854 
16737,0.24020 
16738,0.20633 
16739,0.16777 
16740,0.19116 
16741,0.27629 
16742,0.36340 
16743,0.45093 
16744,0.49322 
16745,0.49300 
16746,0.50558 
16747,0.52774 
16748,0.50569 
16749,0.44416 
16750,0.37859 
16751,0.31955 
16752,0.30354 
16753,0.32252 
16754,0.34105 
16755,0.35918 
16756,0.35532 
16757,0.33024 
16758,0.30799 
16759,0.28835 
16760,0.27497 
16761,0.26728 
16762,0.25404 
16763,0.23691 
16764,0.24533 
16765,0.29984 
16766,0.34992 
16767,0.38975 
16768,0.35546 
16769,0.26131 
16770,0.18285 
16771,0.11780 
16772,0.08248 
16773,0.07433 
16774,0.05586 
16775,0.02757 
16776,0.01710 
16777,0.02188 
16778,0.02506 
16779,0.02664 
16780,0.02040 
16781,0.00649 
16782,0.00000 
16783,0.00000 
16784,0.00000 
16785,0.00000 
16786,0.00000 
16787,0.00000 
16788,0.00000 
16789,0.00000 
16790,0.00000 
16791,0.00000 
16792,0.00000 
16793,0.00000 
16794,0.00000 
16795,0.00000 
16796,0.00000 
16797,0.00000 
16798,0.00000 
16799,0.00000 
16800,0.00000 
16801,0.00000 
16802,0.00000 
16803,0.00000 
16804,0.00000 
16805,0.00232 
16806,0.00436 
16807,0.00576 
16808,0.00719 
16809,0.00863 
16810,0.01032 
16811,0.01228 
16812,0.01481 
16813,0.02400 
16814,0.02410 
16815,0.01504 
16816,0.01257 
16817,0.01069 
16818,0.00900 
16819,0.00756 
16820,0.00612 
16821,0.00467 
16822,0.00815 
16823,0.01723 
16824,0.02651 
16825,0.03581 
16826,0.04094 
16827,0.04190 
16828,0.05302 
16829,0.07459 
16830,0.07913 
16831,0.06666 
16832,0.10635 
16833,0.19859 
16834,0.31791 
16835,0.46592 
16836,0.49844 
16837,0.40065 
16838,0.31046 
16839,0.23594 
16840,0.23060 
16841,0.29381 
16842,0.35353 
16843,0.39808 
16844,0.42578 
16845,0.43431 
16846,0.44798 
16847,0.46639 
16848,0.48383 
16849,0.50177 
16850,0.53904 
16851,0.59783 
16852,0.57631 
16853,0.47598 
16854,0.37400 
16855,0.26949 
16856,0.26303 
16857,0.35325 
16858,0.44462 
16859,0.53727 
16860,0.52359 
16861,0.41022 
16862,0.30534 
16863,0.23004 
16864,0.19512 
16865,0.18459 
16866,0.16490 
16867,0.14620 
16868,0.15113 
16869,0.17388 
16870,0.17768 
16871,0.16299 
16872,0.13015 
16873,0.08587 
16874,0.05365 
16875,0.02453 
16876,0.00857 
16877,0.00479 
16878,0.00100 
16879,0.00000 
16880,0.00000 
16881,0.00000 
16882,0.00000 
16883,0.00000 
16884,0.00000 
16885,0.00000 
16886,0.00000 
16887,0.00000 
16888,0.00000 
16889,0.00000 
16890,0.00000 
16891,0.00000 
16892,0.00000 
16893,0.00000 
16894,0.00000 
16895,0.00000 
16896,0.00000 
16897,0.00000 
16898,0.00000 
16899,0.00000 
16900,0.00000 
16901,0.00000 
16902,0.00000 
16903,0.00000 
16904,0.00000 
16905,0.00000 
16906,0.00000 
16907,0.00000 
16908,0.00000 
16909,0.00000 
16910,0.00128 
16911,0.00366 
16912,0.00606 
16913,0.00852 
16914,0.01069 
16915,0.01263 
16916,0.01513 
16917,0.02436 
16918,0.02665 
16919,0.03626 
16920,0.04947 
16921,0.06274 
16922,0.07522 
16923,0.08651 
16924,0.12403 
16925,0.18683 
16926,0.25361 
16927,0.32945 
16928,0.39597 
16929,0.45118 
16930,0.47376 
16931,0.45330 
16932,0.46780 
16933,0.52556 
16934,0.59548 
16935,0.67111 
16936,0.68873 
16937,0.63867 
16938,0.59315 
16939,0.54929 
16940,0.54133 
16941,0.56815 
16942,0.58594 
16943,0.59601 
16944,0.60738 
16945,0.62147 
16946,0.65139 
16947,0.69303 
16948,0.68213 
16949,0.62204 
16950,0.57948 
16951,0.55992 
16952,0.54984 
16953,0.54530 
16954,0.52252 
16955,0.47980 
16956,0.45277 
16957,0.43618 
16958,0.41993 
16959,0.40393 
16960,0.37800 
16961,0.34270 
16962,0.31274 
16963,0.28761 
16964,0.26542 
16965,0.24092 
16966,0.20475 
16967,0.16363 
16968,0.12835 
16969,0.10021 
16970,0.07519 
16971,0.05158 
16972,0.03014 
16973,0.00961 
16974,0.00000 
16975,0.00000 
16976,0.00000 
16977,0.00000 
16978,0.00000 
16979,0.00000 
16980,0.00000 
16981,0.00122 
16982,0.00448 
16983,0.00719 
16984,0.00992 
16985,0.01676 
16986,0.02804 
16987,0.03758 
16988,0.04726 
16989,0.05707 
16990,0.05094 
16991,0.02850 
16992,0.01093 
16993,0.00605 
16994,0.00353 
16995,0.00354 
16996,0.00356 
16997,0.00357 
16998,0.00206 
16999,0.00000 
17000,0.00000 
17001,0.00000 
17002,0.00000 
17003,0.00000 
17004,0.00000 
17005,0.00000 
17006,0.00000 
17007,0.00000 
17008,0.00000 
17009,0.00247 
17010,0.00437 
17011,0.00532 
17012,0.00628 
17013,0.00723 
17014,0.01752 
17015,0.03968 
17016,0.06695 
17017,0.09418 
17018,0.11950 
17019,0.14834 
17020,0.20965 
17021,0.28175 
17022,0.33094 
17023,0.35542 
17024,0.38984 
17025,0.45592 
17026,0.53151 
17027,0.60777 
17028,0.64047 
17029,0.61574 
17030,0.60061 
17031,0.59233 
17032,0.59420 
17033,0.60989 
17034,0.62878 
17035,0.64956 
17036,0.64377 
17037,0.60490 
17038,0.56445 
17039,0.52174 
17040,0.50245 
17041,0.50584 
17042,0.50856 
17043,0.51612 
17044,0.52139 
17045,0.52564 
17046,0.53552 
17047,0.55072 
17048,0.51184 
17049,0.41405 
17050,0.30875 
17051,0.22321 
17052,0.20441 
17053,0.24601 
17054,0.27686 
17055,0.29719 
17056,0.29838 
17057,0.29901 
17058,0.31674 
17059,0.32976 
17060,0.30313 
17061,0.24836 
17062,0.20760 
17063,0.17789 
17064,0.16432 
17065,0.15535 
17066,0.13607 
17067,0.09590 
17068,0.06821 
17069,0.05091 
17070,0.03393 
17071,0.01670 
17072,0.00854 
17073,0.00489 
17074,0.00138 
17075,0.00000 
17076,0.00000 
17077,0.00000 
17078,0.00000 
17079,0.00000 
17080,0.00084 
17081,0.00545 
17082,0.00855 
17083,0.01015 
17084,0.01219 
17085,0.01968 
17086,0.02182 
17087,0.01840 
17088,0.01485 
17089,0.01225 
17090,0.01195 
17091,0.01199 
17092,0.01200 
17093,0.01204 
17094,0.01212 
17095,0.01229 
17096,0.01247 
17097,0.01265 
17098,0.01319 
17099,0.01645 
17100,0.02094 
17101,0.02551 
17102,0.02229 
17103,0.01336 
17104,0.01104 
17105,0.00874 
17106,0.00944 
17107,0.01319 
17108,0.02805 
17109,0.04591 
17110,0.06599 
17111,0.09065 
17112,0.08750 
17113,0.05680 
17114,0.04687 
17115,0.15746 
17116,0.18851 
17117,0.22539 
17118,0.28411 
17119,0.37045 
17120,0.43054 
17121,0.46186 
17122,0.49596 
17123,0.54554 
17124,0.56921 
17125,0.56242 
17126,0.58197 
17127,0.65351 
17128,0.80439 
17129,1.03178 
17130,1.12051 
17131,1.06959 
17132,1.00928 
17133,0.92629 
17134,0.85686 
17135,0.81604 
17136,0.81397 
17137,0.84971 
17138,0.91843 
17139,1.00272 
17140,0.98901 
17141,0.88677 
17142,0.82291 
17143,0.79329 
17144,0.75621 
17145,0.71670 
17146,0.68738 
17147,0.67086 
17148,0.66760 
17149,0.66566 
17150,0.68373 
17151,0.73413 
17152,0.81752 
17153,0.92138 
17154,0.96261 
17155,0.90927 
17156,0.81688 
17157,0.70276 
17158,0.64170 
17159,0.62347 
17160,0.62920 
17161,0.65859 
17162,0.70961 
17163,0.79423 
17164,0.88073 
17165,0.96459 
17166,1.04189 
17167,1.11312 
17168,1.18563 
17169,1.25946 
17170,1.28480 
17171,1.26802 
17172,1.24751 
17173,1.23053 
17174,1.20283 
17175,1.16431 
17176,1.12880 
17177,1.09283 
17178,0.99709 
17179,0.84423 
17180,0.69879 
17181,0.56903 
17182,0.47482 
17183,0.43217 
17184,0.38812 
17185,0.34370 
17186,0.31988 
17187,0.32115 
17188,0.32137 
17189,0.32158 
17190,0.40372 
17191,0.59024 
17192,0.82782 
17193,1.11078 
17194,1.10960 
17195,0.81895 
17196,0.56475 
17197,0.37713 
17198,0.30234 
17199,0.31280 
17200,0.32936 
17201,0.34749 
17202,0.35610 
17203,0.35507 
17204,0.35531 
17205,0.35556 
17206,0.33879 
17207,0.32440 
17208,0.31682 
17209,0.30974 
17210,0.32264 
17211,0.36786 
17212,0.42062 
17213,0.46113 
17214,0.49230 
17215,0.52323 
17216,0.54557 
17217,0.56799 
17218,0.60873 
17219,0.65599 
17220,0.69683 
17221,0.73721 
17222,0.81233 
17223,0.91136 
17224,0.99328 
17225,1.05564 
17226,1.13256 
17227,1.24845 
17228,1.33809 
17229,1.39579 
17230,1.46458 
17231,1.52460 
17232,1.57200 
17233,1.61121 
17234,1.56413 
17235,1.43325 
17236,1.32462 
17237,1.23318 
17238,1.10768 
17239,0.98347 
17240,0.87439 
17241,0.79217 
17242,0.72801 
17243,0.67721 
17244,0.65857 
17245,0.66482 
17246,0.67101 
17247,0.67808 
17248,0.61331 
17249,0.50611 
17250,0.42332 
17251,0.36206 
17252,0.31411 
17253,0.26905 
17254,0.23979 
17255,0.24349 
17256,0.25330 
17257,0.28208 
17258,0.27400 
17259,0.22713 
17260,0.18816 
17261,0.15658 
17262,0.12599 
17263,0.09919 
17264,0.07172 
17265,0.04966 
17266,0.04581 
17267,0.05612 
17268,0.06957 
17269,0.08579 
17270,0.10324 
17271,0.12213 
17272,0.14116 
17273,0.16715 
17274,0.15719 
17275,0.11910 
17276,0.08453 
17277,0.05467 
17278,0.04911 
17279,0.06110 
17280,0.07716 
17281,0.09640 
17282,0.13104 
17283,0.18696 
17284,0.25464 
17285,0.35235 
17286,0.43089 
17287,0.46766 
17288,0.50374 
17289,0.54469 
17290,0.51229 
17291,0.41283 
17292,0.31121 
17293,0.25488 
17294,0.28107 
17295,0.45110 
17296,0.68215 
17297,0.96984 
17298,1.13298 
17299,1.12949 
17300,1.12211 
17301,1.11869 
17302,1.14650 
17303,1.20169 
17304,1.25948 
17305,1.31081 
17306,1.30788 
17307,1.25103 
17308,1.19810 
17309,1.15570 
17310,1.10044 
17311,1.05153 
17312,1.01261 
17313,0.99406 
17314,1.07310 
17315,1.24872 
17316,1.36900 
17317,1.42429 
17318,1.50503 
17319,1.60164 
17320,1.72680 
17321,1.88501 
17322,2.00083 
17323,2.08237 
17324,2.16256 
17325,2.25176 
17326,2.38478 
17327,2.56238 
17328,2.71424 
17329,2.81798 
17330,2.92204 
17331,3.00389 
17332,3.03897 
17333,3.02088 
17334,2.97025 
17335,2.86103 
17336,2.71302 
17337,2.51167 
17338,2.41144 
17339,2.42046 
17340,2.39641 
17341,2.35220 
17342,2.34179 
17343,2.37237 
17344,2.36991 
17345,2.35593 
17346,2.28873 
17347,2.15198 
17348,1.99397 
17349,1.82441 
17350,1.68044 
17351,1.56241 
17352,1.45390 
17353,1.34065 
17354,1.34030 
17355,1.44410 
17356,1.55580 
17357,1.66600 
17358,1.76542 
17359,1.84179 
17360,1.90592 
17361,1.96568 
17362,1.97713 
17363,1.93401 
17364,1.89061 
17365,1.83332 
17366,1.77138 
17367,1.72334 
17368,1.67444 
17369,1.61770 
17370,1.57413 
17371,1.54921 
17372,1.51933 
17373,1.48907 
17374,1.51188 
17375,1.59088 
17376,1.66862 
17377,1.75556 
17378,1.75172 
17379,1.65268 
17380,1.54265 
17381,1.42979 
17382,1.43954 
17383,1.57978 
17384,1.71588 
17385,1.85014 
17386,1.90420 
17387,1.88906 
17388,1.86692 
17389,1.85109 
17390,1.82173 
17391,1.78577 
17392,1.74349 
17393,1.70582 
17394,1.71974 
17395,1.77921 
17396,1.83785 
17397,1.89568 
17398,1.81619 
17399,1.58407 
17400,1.35027 
17401,1.11119 
17402,0.97537 
17403,0.96661 
17404,0.99421 
17405,1.05243 
17406,1.10167 
17407,1.07520 
17408,1.09363 
17409,1.20779 
17410,1.27385 
17411,1.28408 
17412,1.25681 
17413,1.19563 
17414,1.13688 
17415,1.07672 
17416,1.05251 
17417,1.08089 
17418,1.12352 
17419,1.16422 
17420,1.18490 
17421,1.19022 
17422,1.22083 
17423,1.28030 
17424,1.32535 
17425,1.34397 
17426,1.40722 
17427,1.54600 
17428,1.67522 
17429,1.81356 
17430,1.85462 
17431,1.80179 
17432,1.71989 
17433,1.60217 
17434,1.46503 
17435,1.32708 
17436,1.19986 
17437,1.07052 
17438,0.97514 
17439,0.91472 
17440,0.88299 
17441,0.87280 
17442,0.89273 
17443,0.94937 
17444,0.98503 
17445,1.00052 
17446,0.95912 
17447,0.84644 
17448,0.74305 
17449,0.65180 
17450,0.52657 
17451,0.39535 
17452,0.27986 
17453,0.20733 
17454,0.15510 
17455,0.12007 
17456,0.08900 
17457,0.05891 
17458,0.05327 
17459,0.06203 
17460,0.07537 
17461,0.08906 
17462,0.09637 
17463,0.09724 
17464,0.09784 
17465,0.09874 
17466,0.09936 
17467,0.09967 
17468,0.09999 
17469,0.10032 
17470,0.11191 
17471,0.13491 
17472,0.15949 
17473,0.19331 
17474,0.22021 
17475,0.23817 
17476,0.25625 
17477,0.27446 
17478,0.29600 
17479,0.33585 
17480,0.37973 
17481,0.42455 
17482,0.49737 
17483,0.61340 
17484,0.75687 
17485,0.89916 
17486,0.98423 
17487,0.98785 
17488,0.99149 
17489,0.99149 
17490,0.88307 
17491,0.68514 
17492,0.51003 
17493,0.36722 
17494,0.32894 
17495,0.38660 
17496,0.44692 
17497,0.50626 
17498,0.57144 
17499,0.65658 
17500,0.73603 
17501,0.76258 
17502,0.79427 
17503,0.85518 
17504,0.89416 
17505,0.92210 
17506,0.85470 
17507,0.72059 
17508,0.65341 
17509,0.63891 
17510,0.71551 
17511,0.87315 
17512,0.92414 
17513,0.86869 
17514,0.76633 
17515,0.63443 
17516,0.58009 
17517,0.58996 
17518,0.65536 
17519,0.76940 
17520,0.83200 
17521,0.85855 
17522,0.79033 
17523,0.62935 
17524,0.55910 
17525,0.56921 
17526,0.58346 
17527,0.60020 
17528,0.63688 
17529,0.68631 
17530,0.77460 
17531,0.89936 
17532,0.89756 
17533,0.78846 
17534,0.70868 
17535,0.68690 
17536,0.70170 
17537,0.74494 
17538,0.73102 
17539,0.66025 
17540,0.57511 
17541,0.47649 
17542,0.40691 
17543,0.34662 
17544,0.29509 
17545,0.25004 
17546,0.22962 
17547,0.23284 
17548,0.24260 
17549,0.26073 
17550,0.31199 
17551,0.37392 
17552,0.43663 
17553,0.51832 
17554,0.57223 
17555,0.59501 
17556,0.61621 
17557,0.63755 
17558,0.66868 
17559,0.70754 
17560,0.74642 
17561,0.79103 
17562,0.78208 
17563,0.72501 
17564,0.67092 
17565,0.61611 
17566,0.50905 
17567,0.38839 
17568,0.27569 
17569,0.20980 
17570,0.17006 
17571,0.15959 
17572,0.15078 
17573,0.14191 
17574,0.15561 
17575,0.20078 
17576,0.25167 
17577,0.30476 
17578,0.34885 
17579,0.35148 
17580,0.35416 
17581,0.35687 
17582,0.35832 
17583,0.35980 
17584,0.36128 
17585,0.36278 
17586,0.42836 
17587,0.55881 
17588,0.72928 
17589,0.91274 
17590,0.95882 
17591,0.86760 
17592,0.78295 
17593,0.69751 
17594,0.63651 
17595,0.58840 
17596,0.54358 
17597,0.53857 
17598,0.57966 
17599,0.65182 
17600,0.71707 
17601,0.76776 
17602,0.79433 
17603,0.81134 
17604,0.82418 
17605,0.82926 
17606,0.86569 
17607,0.91189 
17608,0.93334 
17609,0.92723 
17610,0.92143 
17611,0.91709 
17612,0.90799 
17613,0.89465 
17614,0.87071 
17615,0.84509 
17616,0.83152 
17617,0.83129 
17618,0.84027 
17619,0.86300 
17620,0.84304 
17621,0.79472 
17622,0.74631 
17623,0.69439 
17624,0.69682 
17625,0.74961 
17626,0.78858 
17627,0.80968 
17628,0.76126 
17629,0.65266 
17630,0.56046 
17631,0.50129 
17632,0.44460 
17633,0.38787 
17634,0.33806 
17635,0.29498 
17636,0.25652 
17637,0.21724 
17638,0.17959 
17639,0.14232 
17640,0.11064 
17641,0.08687 
17642,0.06212 
17643,0.03431 
17644,0.01528 
17645,0.00510 
17646,0.00324 
17647,0.00683 
17648,0.01046 
17649,0.02686 
17650,0.03571 
17651,0.03584 
17652,0.03596 
17653,0.03599 
17654,0.02558 
17655,0.00970 
17656,0.00528 
17657,0.00082 
17658,0.00045 
17659,0.00424 
17660,0.00807 
17661,0.01385 
17662,0.02151 
17663,0.01815 
17664,0.01465 
17665,0.01212 
17666,0.01015 
17667,0.00682 
17668,0.00347 
17669,0.00009 
17670,0.00000 
17671,0.00000 
17672,0.00000 
17673,0.00000 
17674,0.00000 
17675,0.00000 
17676,0.00000 
17677,0.00000 
17678,0.00000 
17679,0.00000 
17680,0.00000 
17681,0.00000 
17682,0.00000 
17683,0.00000 
17684,0.00000 
17685,0.00000 
17686,0.01414 
17687,0.04415 
17688,0.07423 
17689,0.10402 
17690,0.13731 
17691,0.16529 
17692,0.19456 
17693,0.24787 
17694,0.31221 
17695,0.38304 
17696,0.44788 
17697,0.48834 
17698,0.51882 
17699,0.53432 
17700,0.57233 
17701,0.64622 
17702,0.74185 
17703,0.84464 
17704,0.89266 
17705,0.87329 
17706,0.86383 
17707,0.86885 
17708,0.86208 
17709,0.84834 
17710,0.83551 
17711,0.82529 
17712,0.80686 
17713,0.78016 
17714,0.75353 
17715,0.72890 
17716,0.72070 
17717,0.72959 
17718,0.74529 
17719,0.76517 
17720,0.75013 
17721,0.69839 
17722,0.65375 
17723,0.61844 
17724,0.58471 
17725,0.55316 
17726,0.52430 
17727,0.50154 
17728,0.45518 
17729,0.38822 
17730,0.32876 
17731,0.27705 
17732,0.23490 
17733,0.19755 
17734,0.15578 
17735,0.11595 
17736,0.09238 
17737,0.08146 
17738,0.06776 
17739,0.05268 
17740,0.03345 
17741,0.01068 
17742,0.00000 
17743,0.00000 
17744,0.00000 
17745,0.00000 
17746,0.00000 
17747,0.00000 
17748,0.00000 
17749,0.00000 
17750,0.00000 
17751,0.00000 
17752,0.00000 
17753,0.00000 
17754,0.00000 
17755,0.00199 
17756,0.00429 
17757,0.00661 
17758,0.00825 
17759,0.00923 
17760,0.01026 
17761,0.01129 
17762,0.01320 
17763,0.02137 
17764,0.02954 
17765,0.03790 
17766,0.04432 
17767,0.04876 
17768,0.05345 
17769,0.05804 
17770,0.05865 
17771,0.05478 
17772,0.05086 
17773,0.04688 
17774,0.04704 
17775,0.05140 
17776,0.05575 
17777,0.06011 
17778,0.08872 
17779,0.16006 
17780,0.25011 
17781,0.37057 
17782,0.40841 
17783,0.32787 
17784,0.28326 
17785,0.24352 
17786,0.25074 
17787,0.30633 
17788,0.35567 
17789,0.40381 
17790,0.44803 
17791,0.47371 
17792,0.52132 
17793,0.58863 
17794,0.65454 
17795,0.72027 
17796,0.77149 
17797,0.79877 
17798,0.80729 
17799,0.78982 
17800,0.78272 
17801,0.80401 
17802,0.82974 
17803,0.84883 
17804,0.87165 
17805,0.90224 
17806,0.93572 
17807,0.96944 
17808,0.98059 
17809,0.96420 
17810,0.95309 
17811,0.94191 
17812,0.93032 
17813,0.91369 
17814,0.89983 
17815,0.88707 
17816,0.88111 
17817,0.87778 
17818,0.86991 
17819,0.85717 
17820,0.81678 
17821,0.76191 
17822,0.70388 
17823,0.65205 
17824,0.58766 
17825,0.51784 
17826,0.46123 
17827,0.41270 
17828,0.34243 
17829,0.25894 
17830,0.19874 
17831,0.15999 
17832,0.12399 
17833,0.08732 
17834,0.06093 
17835,0.03918 
17836,0.02223 
17837,0.00995 
17838,0.00498 
17839,0.00644 
17840,0.00790 
17841,0.00938 
17842,0.01016 
17843,0.01023 
17844,0.01029 
17845,0.01033 
17846,0.01772 
17847,0.03707 
17848,0.05661 
17849,0.08313 
17850,0.10172 
17851,0.10798 
17852,0.11432 
17853,0.12075 
17854,0.11943 
17855,0.11074 
17856,0.10125 
17857,0.09132 
17858,0.07876 
17859,0.06678 
17860,0.05708 
17861,0.04708 
17862,0.03611 
17863,0.02403 
17864,0.01285 
17865,0.01032 
17866,0.01151 
17867,0.02814 
17868,0.05219 
17869,0.07632 
17870,0.07470 
17871,0.04621 
17872,0.01771 
17873,0.00863 
17874,0.00748 
17875,0.01117 
17876,0.01896 
17877,0.03665 
17878,0.06699 
17879,0.11334 
17880,0.17139 
17881,0.22888 
17882,0.23815 
17883,0.20021 
17884,0.19092 
17885,0.20257 
17886,0.25544 
17887,0.33912 
17888,0.40661 
17889,0.44466 
17890,0.50202 
17891,0.56651 
17892,0.58534 
17893,0.55551 
17894,0.54397 
17895,0.55365 
17896,0.63370 
17897,0.77231 
17898,0.85247 
17899,0.87033 
17900,0.88559 
17901,0.95911 
17902,1.10895 
17903,1.26912 
17904,1.29031 
17905,1.18181 
17906,1.11286 
17907,1.08617 
17908,1.09663 
17909,1.14881 
17910,1.19389 
17911,1.21896 
17912,1.17701 
17913,1.06520 
17914,1.02029 
17915,1.04612 
17916,1.17878 
17917,1.42460 
17918,1.71707 
17919,2.04208 
17920,2.22719 
17921,2.28882 
17922,2.26533 
17923,2.19080 
17924,2.08396 
17925,1.96310 
17926,2.00218 
17927,2.13797 
17928,2.22192 
17929,2.26143 
17930,2.22396 
17931,2.09888 
17932,1.90604 
17933,1.61384 
17934,1.45036 
17935,1.43008 
17936,1.40956 
17937,1.38731 
17938,1.39579 
17939,1.43132 
17940,1.46558 
17941,1.50006 
17942,1.61965 
17943,1.82115 
17944,2.01916 
17945,2.16094 
17946,2.18445 
17947,2.07728 
17948,1.92928 
17949,1.77423 
17950,1.72878 
17951,1.81465 
17952,1.89605 
17953,1.98594 
17954,1.95917 
17955,1.80610 
17956,1.64924 
17957,1.47214 
17958,1.36771 
17959,1.34017 
17960,1.31168 
17961,1.27540 
17962,1.26096 
17963,1.26532 
17964,1.26970 
17965,1.27412 
17966,1.30704 
17967,1.36308 
17968,1.41685 
17969,1.46524 
17970,1.37086 
17971,1.11286 
17972,0.86244 
17973,0.65122 
17974,0.53084 
17975,0.49432 
17976,0.45971 
17977,0.42808 
17978,0.39017 
17979,0.38526 
17980,0.40560 
17981,0.43481 
17982,0.45982 
17983,0.49406 
17984,0.53856 
17985,0.56622 
17986,0.61758 
17987,0.68021 
17988,0.74593 
17989,0.81475 
17990,0.88565 
17991,0.93318 
17992,0.96408 
17993,0.96925 
17994,0.97477 
17995,0.98147 
17996,0.99284 
17997,1.01626 
17998,1.01082 
17999,0.97644 
18000,0.96913 
18001,0.98764 
18002,1.00635 
18003,1.03039 
18004,1.02191 
18005,0.98756 
18006,0.96100 
18007,0.95401 
18008,0.91055 
18009,0.83480 
18010,0.77219 
18011,0.71503 
18012,0.67984 
18013,0.65533 
18014,0.62633 
18015,0.60052 
18016,0.55304 
18017,0.49371 
18018,0.44847 
18019,0.40083 
18020,0.33854 
18021,0.26832 
18022,0.20642 
18023,0.15657 
18024,0.11769 
18025,0.08334 
18026,0.03779 
18027,0.00915 
18028,0.00918 
18029,0.00662 
18030,0.00335 
18031,0.00163 
18032,0.00000 
18033,0.00000 
18034,0.00000 
18035,0.00000 
18036,0.00000 
18037,0.00000 
18038,0.00000 
18039,0.00000 
18040,0.00000 
18041,0.00000 
18042,0.00000 
18043,0.00000 
18044,0.00000 
18045,0.00000 
18046,0.00000 
18047,0.00000 
18048,0.00000 
18049,0.00000 
18050,0.00000 
18051,0.00000 
18052,0.00000 
18053,0.00000 
18054,0.00000 
18055,0.00000 
18056,0.00000 
18057,0.00000 
18058,0.00000 
18059,0.00000 
18060,0.00000 
18061,0.00000 
18062,0.00000 
18063,0.00000 
18064,0.00000 
18065,0.00000 
18066,0.00000 
18067,0.00000 
18068,0.00000 
18069,0.00000 
18070,0.01008 
18071,0.03135 
18072,0.05266 
18073,0.07371 
18074,0.10226 
18075,0.13800 
18076,0.18010 
18077,0.22829 
18078,0.28029 
18079,0.33714 
18080,0.38540 
18081,0.42158 
18082,0.46271 
18083,0.50715 
18084,0.53906 
18085,0.55784 
18086,0.57680 
18087,0.59143 
18088,0.61653 
18089,0.65620 
18090,0.69491 
18091,0.73975 
18092,0.76875 
18093,0.78207 
18094,0.81713 
18095,0.87157 
18096,0.89185 
18097,0.88077 
18098,0.84498 
18099,0.78760 
18100,0.75778 
18101,0.75350 
18102,0.76612 
18103,0.79567 
18104,0.77801 
18105,0.71840 
18106,0.66417 
18107,0.61256 
18108,0.58327 
18109,0.57222 
18110,0.55820 
18111,0.54720 
18112,0.51508 
18113,0.48618 
18114,0.43644 
18115,0.37257 
18116,0.31947 
18117,0.26563 
18118,0.20832 
18119,0.14891 
18120,0.10237 
18121,0.07995 
18122,0.06470 
18123,0.04949 
18124,0.03100 
18125,0.00984 
18126,0.00157 
18127,0.00730 
18128,0.02441 
18129,0.05239 
18130,0.08225 
18131,0.10563 
18132,0.12951 
18133,0.15897 
18134,0.18666 
18135,0.20992 
18136,0.23360 
18137,0.26251 
18138,0.25085 
18139,0.21150 
18140,0.17218 
18141,0.13575 
18142,0.13507 
18143,0.16812 
18144,0.20805 
18145,0.24982 
18146,0.29064 
18147,0.35089 
18148,0.41116 
18149,0.47302 
18150,0.51876 
18151,0.55442 
18152,0.59260 
18153,0.63157 
18154,0.62173 
18155,0.55954 
18156,0.51003 
18157,0.46530 
18158,0.47515 
18159,0.54201 
18160,0.63111 
18161,0.72503 
18162,0.69654 
18163,0.55039 
18164,0.44388 
18165,0.33733 
18166,0.28596 
18167,0.26472 
18168,0.24446 
18169,0.23079 
18170,0.25150 
18171,0.29815 
18172,0.34606 
18173,0.40613 
18174,0.45367 
18175,0.48679 
18176,0.51385 
18177,0.54823 
18178,0.61168 
18179,0.70505 
18180,0.76556 
18181,0.78992 
18182,0.83329 
18183,0.91135 
18184,0.97257 
18185,1.01542 
18186,1.05430 
18187,1.06609 
18188,1.08582 
18189,1.12218 
18190,1.12189 
18191,1.08228 
18192,1.05134 
18193,1.03969 
18194,1.04309 
18195,1.06361 
18196,1.07059 
18197,1.05855 
18198,1.06450 
18199,1.08521 
18200,1.08509 
18201,1.06645 
18202,1.04572 
18203,1.01822 
18204,0.97331 
18205,0.91948 
18206,0.88470 
18207,0.87677 
18208,0.85306 
18209,0.81771 
18210,0.78838 
18211,0.77736 
18212,0.77283 
18213,0.76747 
18214,0.78081 
18215,0.81979 
18216,0.87461 
18217,0.94442 
18218,0.95489 
18219,0.89142 
18220,0.82798 
18221,0.76478 
18222,0.65286 
18223,0.50770 
18224,0.37916 
18225,0.27364 
18226,0.21423 
18227,0.18368 
18228,0.15276 
18229,0.12624 
18230,0.08322 
18231,0.03486 
18232,0.00718 
18233,0.00000 
18234,0.00000 
18235,0.00000 
18236,0.00000 
18237,0.00000 
18238,0.00000 
18239,0.00218 
18240,0.00577 
18241,0.00951 
18242,0.00988 
18243,0.00664 
18244,0.00337 
18245,0.00009 
18246,0.00000 
18247,0.00000 
18248,0.00000 
18249,0.00000 
18250,0.00000 
18251,0.00000 
18252,0.00075 
18253,0.00387 
18254,0.00725 
18255,0.01088 
18256,0.01846 
18257,0.03583 
18258,0.05008 
18259,0.06073 
18260,0.07158 
18261,0.08444 
18262,0.10864 
18263,0.14010 
18264,0.17181 
18265,0.20322 
18266,0.26952 
18267,0.37029 
18268,0.42589 
18269,0.42499 
18270,0.38889 
18271,0.32780 
18272,0.31980 
18273,0.35502 
18274,0.42782 
18275,0.54140 
18276,0.59636 
18277,0.58601 
18278,0.57945 
18279,0.57793 
18280,0.59030 
18281,0.62178 
18282,0.67405 
18283,0.74833 
18284,0.74918 
18285,0.67943 
18286,0.60242 
18287,0.52926 
18288,0.47893 
18289,0.45659 
18290,0.43644 
18291,0.43210 
18292,0.47512 
18293,0.56324 
18294,0.63654 
18295,0.67777 
18296,0.71599 
18297,0.74921 
18298,0.75075 
18299,0.71980 
18300,0.70792 
18301,0.70937 
18302,0.72092 
18303,0.72999 
18304,0.67203 
18305,0.56441 
18306,0.49092 
18307,0.44578 
18308,0.40876 
18309,0.37269 
18310,0.34046 
18311,0.30226 
18312,0.25217 
18313,0.21469 
18314,0.18789 
18315,0.15839 
18316,0.13589 
18317,0.12020 
18318,0.11249 
18319,0.11319 
18320,0.11357 
18321,0.11429 
18322,0.11468 
18323,0.11541 
18324,0.11582 
18325,0.11657 
18326,0.10759 
18327,0.08887 
18328,0.07033 
18329,0.05562 
18330,0.05233 
18331,0.05775 
18332,0.06340 
18333,0.07200 
18334,0.08295 
18335,0.09658 
18336,0.11129 
18337,0.12647 
18338,0.12867 
18339,0.11635 
18340,0.10402 
18341,0.09199 
18342,0.08143 
18343,0.07296 
18344,0.06763 
18345,0.06218 
18346,0.06265 
18347,0.06967 
18348,0.07658 
18349,0.08707 
18350,0.09952 
18351,0.11343 
18352,0.12746 
18353,0.14161 
18354,0.11999 
18355,0.06791 
18356,0.03077 
18357,0.00949 
18358,0.02024 
18359,0.05895 
18360,0.11508 
18361,0.17594 
18362,0.20656 
18363,0.20992 
18364,0.25344 
18365,0.32338 
18366,0.39480 
18367,0.47583 
18368,0.54193 
18369,0.57623 
18370,0.57459 
18371,0.53982 
18372,0.53307 
18373,0.57662 
18374,0.60206 
18375,0.60593 
18376,0.63926 
18377,0.69972 
18378,0.78332 
18379,0.88814 
18380,0.91790 
18381,0.87193 
18382,0.82683 
18383,0.78194 
18384,0.75037 
18385,0.72859 
18386,0.70703 
18387,0.68427 
18388,0.67105 
18389,0.66606 
18390,0.66608 
18391,0.67065 
18392,0.66052 
18393,0.64367 
18394,0.63899 
18395,0.64089 
18396,0.65443 
18397,0.67022 
18398,0.64490 
18399,0.57735 
18400,0.51678 
18401,0.46725 
18402,0.43058 
18403,0.40198 
18404,0.33396 
18405,0.24688 
18406,0.17540 
18407,0.13435 
18408,0.10673 
18409,0.07616 
18410,0.03059 
18411,0.00007 
18412,0.00000 
18413,0.00000 
18414,0.00000 
18415,0.00000 
18416,0.00000 
18417,0.00000 
18418,0.00000 
18419,0.00000 
18420,0.00000 
18421,0.00000 
18422,0.00000 
18423,0.00080 
18424,0.00228 
18425,0.00376 
18426,0.00452 
18427,0.00454 
18428,0.00456 
18429,0.00458 
18430,0.00540 
18431,0.00709 
18432,0.00885 
18433,0.01073 
18434,0.01088 
18435,0.00925 
18436,0.00761 
18437,0.00596 
18438,0.00938 
18439,0.03768 
18440,0.08184 
18441,0.14679 
18442,0.19279 
18443,0.21210 
18444,0.23252 
18445,0.25340 
18446,0.25435 
18447,0.23685 
18448,0.21843 
18449,0.20073 
18450,0.15787 
18451,0.09690 
18452,0.05103 
18453,0.01325 
18454,0.01657 
18455,0.03272 
18456,0.05027 
18457,0.07082 
18458,0.10142 
18459,0.14159 
18460,0.16410 
18461,0.16961 
18462,0.17353 
18463,0.17983 
18464,0.20007 
18465,0.23492 
18466,0.26979 
18467,0.30228 
18468,0.31809 
18469,0.31797 
18470,0.31270 
18471,0.30542 
18472,0.33345 
18473,0.43950 
18474,0.56792 
18475,0.68274 
18476,0.70635 
18477,0.63793 
18478,0.59285 
18479,0.56933 
18480,0.56724 
18481,0.58640 
18482,0.60407 
18483,0.61799 
18484,0.56421 
18485,0.43743 
18486,0.29605 
18487,0.20680 
18488,0.19241 
18489,0.27445 
18490,0.37962 
18491,0.50681 
18492,0.48623 
18493,0.32006 
18494,0.19038 
18495,0.09380 
18496,0.05535 
18497,0.07266 
18498,0.07838 
18499,0.07204 
18500,0.06438 
18501,0.05523 
18502,0.04482 
18503,0.03340 
18504,0.02913 
18505,0.03639 
18506,0.03988 
18507,0.03962 
18508,0.03460 
18509,0.02503 
18510,0.02976 
18511,0.04829 
18512,0.07102 
18513,0.10074 
18514,0.11997 
18515,0.12835 
18516,0.13679 
18517,0.14628 
18518,0.15228 
18519,0.15324 
18520,0.15374 
18521,0.15425 
18522,0.12524 
18523,0.07056 
18524,0.03304 
18525,0.00833 
18526,0.00502 
18527,0.00593 
18528,0.00686 
18529,0.00786 
18530,0.00756 
18531,0.00592 
18532,0.00425 
18533,0.00260 
18534,0.00304 
18535,0.00562 
18536,0.00830 
18537,0.01101 
18538,0.01043 
18539,0.00652 
18540,0.00254 
18541,0.00000 
18542,0.00000 
18543,0.00000 
18544,0.00000 
18545,0.00000 
18546,0.00000 
18547,0.00000 
18548,0.00000 
18549,0.00078 
18550,0.00928 
18551,0.02484 
18552,0.04058 
18553,0.05631 
18554,0.10702 
18555,0.20384 
18556,0.27604 
18557,0.33403 
18558,0.42766 
18559,0.56599 
18560,0.67707 
18561,0.74502 
18562,0.83855 
18563,0.97462 
18564,1.13038 
18565,1.27771 
18566,1.38057 
18567,1.40907 
18568,1.44265 
18569,1.47696 
18570,1.47709 
18571,1.44848 
18572,1.41354 
18573,1.37395 
18574,1.32084 
18575,1.25810 
18576,1.21709 
18577,1.16421 
18578,1.14535 
18579,1.15333 
18580,1.14328 
18581,1.10948 
18582,1.04817 
18583,0.97280 
18584,0.90803 
18585,0.84850 
18586,0.81281 
18587,0.77749 
18588,0.74123 
18589,0.70315 
18590,0.66680 
18591,0.62309 
18592,0.56814 
18593,0.50157 
18594,0.43794 
18595,0.37794 
18596,0.31972 
18597,0.26097 
18598,0.20820 
18599,0.16843 
18600,0.13673 
18601,0.12359 
18602,0.11431 
18603,0.09369 
18604,0.06769 
18605,0.03634 
18606,0.02305 
18607,0.02670 
18608,0.03032 
18609,0.03410 
18610,0.03082 
18611,0.02031 
18612,0.01078 
18613,0.00857 
18614,0.00824 
18615,0.00976 
18616,0.01172 
18617,0.01892 
18618,0.02618 
18619,0.03359 
18620,0.04110 
18621,0.04872 
18622,0.04937 
18623,0.04264 
18624,0.03580 
18625,0.02867 
18626,0.01407 
18627,0.00827 
18628,0.00367 
18629,0.00000 
18630,0.00000 
18631,0.00000 
18632,0.00000 
18633,0.00121 
18634,0.00327 
18635,0.00607 
18636,0.00890 
18637,0.01181 
18638,0.01234 
18639,0.01042 
18640,0.00855 
18641,0.00665 
18642,0.00709 
18643,0.00983 
18644,0.01248 
18645,0.02081 
18646,0.03303 
18647,0.04535 
18648,0.05750 
18649,0.06969 
18650,0.11701 
18651,0.20163 
18652,0.28490 
18653,0.35819 
18654,0.43915 
18655,0.51948 
18656,0.60421 
18657,0.73534 
18658,0.84478 
18659,0.92947 
18660,1.06201 
18661,1.24104 
18662,1.41276 
18663,1.57705 
18664,1.66547 
18665,1.66292 
18666,1.67865 
18667,1.70617 
18668,1.77244 
18669,1.89234 
18670,1.92597 
18671,1.87507 
18672,1.69945 
18673,1.38756 
18674,1.07378 
18675,0.86847 
18676,0.79887 
18677,0.76407 
18678,0.76592 
18679,0.79122 
18680,0.78645 
18681,0.74847 
18682,0.70456 
18683,0.65926 
18684,0.59601 
18685,0.52286 
18686,0.47777 
18687,0.45766 
18688,0.42974 
18689,0.39014 
18690,0.33803 
18691,0.27293 
18692,0.24021 
18693,0.23771 
18694,0.24741 
18695,0.26610 
18696,0.26267 
18697,0.25024 
18698,0.20999 
18699,0.14634 
18700,0.09788 
18701,0.06149 
18702,0.03564 
18703,0.01063 
18704,0.00529 
18705,0.00000 
18706,0.00000 
18707,0.00429 
18708,0.00907 
18709,0.02473 
18710,0.03284 
18711,0.02602 
18712,0.01906 
18713,0.01197 
18714,0.01388 
18715,0.02503 
18716,0.03623 
18717,0.04765 
18718,0.04436 
18719,0.02597 
18720,0.01113 
18721,0.00716 
18722,0.00410 
18723,0.00200 
18724,0.00000 
18725,0.00000 
18726,0.00000 
18727,0.00000 
18728,0.00000 
18729,0.00000 
18730,0.00000 
18731,0.00000 
18732,0.00000 
18733,0.00000 
18734,0.00000 
18735,0.00000 
18736,0.00000 
18737,0.00000 
18738,0.00000 
18739,0.00000 
18740,0.00000 
18741,0.00000 
18742,0.00906 
18743,0.02805 
18744,0.04690 
18745,0.06535 
18746,0.06841 
18747,0.05618 
18748,0.08489 
18749,0.15485 
18750,0.23161 
18751,0.32342 
18752,0.40900 
18753,0.48763 
18754,0.52045 
18755,0.48729 
18756,0.49717 
18757,0.56983 
18758,0.62582 
18759,0.66256 
18760,0.70077 
18761,0.74041 
18762,0.79512 
18763,0.86230 
18764,0.87755 
18765,0.84259 
18766,0.81604 
18767,0.79966 
18768,0.78548 
18769,0.77713 
18770,0.77060 
18771,0.76802 
18772,0.75546 
18773,0.73250 
18774,0.70315 
18775,0.66776 
18776,0.67673 
18777,0.73036 
18778,0.78475 
18779,0.83768 
18780,0.81536 
18781,0.72904 
18782,0.64438 
18783,0.56361 
18784,0.53332 
18785,0.52507 
18786,0.49435 
18787,0.44408 
18788,0.36227 
18789,0.27826 
18790,0.21325 
18791,0.15946 
18792,0.11039 
18793,0.07246 
18794,0.05196 
18795,0.03793 
18796,0.02295 
18797,0.00729 
18798,0.00000 
18799,0.00000 
18800,0.00000 
18801,0.00000 
18802,0.00000 
18803,0.00000 
18804,0.00000 
18805,0.00000 
18806,0.00000 
18807,0.00000 
18808,0.00000 
18809,0.00000 
18810,0.00000 
18811,0.00000 
18812,0.00000 
18813,0.00000 
18814,0.00000 
18815,0.00000 
18816,0.00192 
18817,0.00402 
18818,0.00637 
18819,0.00894 
18820,0.01155 
18821,0.01952 
18822,0.01760 
18823,0.01049 
18824,0.00709 
18825,0.00363 
18826,0.00366 
18827,0.00727 
18828,0.01090 
18829,0.01856 
18830,0.01357 
18831,0.00766 
18832,0.00171 
18833,0.00000 
18834,0.00000 
18835,0.00000 
18836,0.00079 
18837,0.00404 
18838,0.01280 
18839,0.02761 
18840,0.05509 
18841,0.08659 
18842,0.15197 
18843,0.27329 
18844,0.35622 
18845,0.36349 
18846,0.36035 
18847,0.36256 
18848,0.33498 
18849,0.27365 
18850,0.21053 
18851,0.18718 
18852,0.20334 
18853,0.31377 
18854,0.46969 
18855,0.58475 
18856,0.60346 
18857,0.52315 
18858,0.47785 
18859,0.46694 
18860,0.47580 
18861,0.50783 
18862,0.56048 
18863,0.63719 
18864,0.76644 
18865,0.92422 
18866,0.98815 
18867,0.93722 
18868,0.85492 
18869,0.72712 
18870,0.65611 
18871,0.64204 
18872,0.67881 
18873,0.76814 
18874,0.80812 
18875,0.79587 
18876,0.81595 
18877,0.85543 
18878,0.83668 
18879,0.79743 
18880,0.69309 
18881,0.53879 
18882,0.45308 
18883,0.42394 
18884,0.39882 
18885,0.38033 
18886,0.35493 
18887,0.31736 
18888,0.28097 
18889,0.24103 
18890,0.19451 
18891,0.14661 
18892,0.10946 
18893,0.08307 
18894,0.07062 
18895,0.07123 
18896,0.07186 
18897,0.07250 
18898,0.06633 
18899,0.05640 
18900,0.04803 
18901,0.03972 
18902,0.02431 
18903,0.00900 
18904,0.00428 
18905,0.00000 
18906,0.00000 
18907,0.00000 
18908,0.00000 
18909,0.00000 
18910,0.00000 
18911,0.00000 
18912,0.00185 
18913,0.00388 
18914,0.00573 
18915,0.00735 
18916,0.00900 
18917,0.01066 
18918,0.01073 
18919,0.00919 
18920,0.00761 
18921,0.00600 
18922,0.00349 
18923,0.00009 
18924,0.00000 
18925,0.00000 
18926,0.00000 
18927,0.00000 
18928,0.00000 
18929,0.00000 
18930,0.00000 
18931,0.00000 
18932,0.00000 
18933,0.00000 
18934,0.01068 
18935,0.03333 
18936,0.05632 
18937,0.07899 
18938,0.10734 
18939,0.14319 
18940,0.18127 
18941,0.23378 
18942,0.30278 
18943,0.38449 
18944,0.45012 
18945,0.49725 
18946,0.55226 
18947,0.61556 
18948,0.66351 
18949,0.69441 
18950,0.72260 
18951,0.75170 
18952,0.77405 
18953,0.78901 
18954,0.80171 
18955,0.80974 
18956,0.82375 
18957,0.84468 
18958,0.86637 
18959,0.88636 
18960,0.89148 
18961,0.87768 
18962,0.87621 
18963,0.88224 
18964,0.86783 
18965,0.83371 
18966,0.80614 
18967,0.78179 
18968,0.76487 
18969,0.75081 
18970,0.73671 
18971,0.72386 
18972,0.69858 
18973,0.66162 
18974,0.61681 
18975,0.56359 
18976,0.50799 
18977,0.44442 
18978,0.38957 
18979,0.34732 
18980,0.29068 
18981,0.22206 
18982,0.16677 
18983,0.12649 
18984,0.10289 
18985,0.08341 
18986,0.05957 
18987,0.03437 
18988,0.01758 
18989,0.00558 
18990,0.00000 
18991,0.00000 
18992,0.00000 
18993,0.00000 
18994,0.00000 
18995,0.00000 
18996,0.00000 
18997,0.00000 
18998,0.00000 
18999,0.00000 
19000,0.00000 
19001,0.00000 
19002,0.00000 
19003,0.00000 
19004,0.00000 
19005,0.00000 
19006,0.00000 
19007,0.00000 
19008,0.00000 
19009,0.00000 
19010,0.00000 
19011,0.00000 
19012,0.00000 
19013,0.00000 
19014,0.00000 
19015,0.00000 
19016,0.00000 
19017,0.00000 
19018,0.00000 
19019,0.00029 
19020,0.00481 
19021,0.00940 
19022,0.01307 
19023,0.02116 
19024,0.02926 
19025,0.03742 
19026,0.05051 
19027,0.06840 
19028,0.09389 
19029,0.12154 
19030,0.14853 
19031,0.17589 
19032,0.20979 
19033,0.24333 
19034,0.24869 
19035,0.22837 
19036,0.20341 
19037,0.17480 
19038,0.15520 
19039,0.14510 
19040,0.13028 
19041,0.11489 
19042,0.09521 
19043,0.07184 
19044,0.08029 
19045,0.11854 
19046,0.16644 
19047,0.22450 
19048,0.23599 
19049,0.20494 
19050,0.18206 
19051,0.16570 
19052,0.15867 
19053,0.16002 
19054,0.14861 
19055,0.12445 
19056,0.14360 
19057,0.20503 
19058,0.27114 
19059,0.34460 
19060,0.39810 
19061,0.42599 
19062,0.46546 
19063,0.52590 
19064,0.55467 
19065,0.54936 
19066,0.52809 
19067,0.49252 
19068,0.46423 
19069,0.44359 
19070,0.41962 
19071,0.40187 
19072,0.35902 
19073,0.28799 
19074,0.21015 
19075,0.16915 
19076,0.16917 
19077,0.17631 
19078,0.19338 
19079,0.21246 
19080,0.22354 
19081,0.22547 
19082,0.23044 
19083,0.24931 
19084,0.27176 
19085,0.29563 
19086,0.24396 
19087,0.16073 
19088,0.09812 
19089,0.04832 
19090,0.03808 
19091,0.05204 
19092,0.07207 
19093,0.09414 
19094,0.11402 
19095,0.13260 
19096,0.15633 
19097,0.18069 
19098,0.17832 
19099,0.14879 
19100,0.12258 
19101,0.10068 
19102,0.07942 
19103,0.05895 
19104,0.04500 
19105,0.03019 
19106,0.01899 
19107,0.01185 
19108,0.00993 
19109,0.00845 
19110,0.00640 
19111,0.00375 
19112,0.00106 
19113,0.00000 
19114,0.00000 
19115,0.00000 
19116,0.00191 
19117,0.00398 
19118,0.00401 
19119,0.00195 
19120,0.00000 
19121,0.00000 
19122,0.00000 
19123,0.00000 
19124,0.00000 
19125,0.00000 
19126,0.00723 
19127,0.02272 
19128,0.03835 
19129,0.05408 
19130,0.09007 
19131,0.15280 
19132,0.19564 
19133,0.22464 
19134,0.28161 
19135,0.37534 
19136,0.45665 
19137,0.49034 
19138,0.50910 
19139,0.51811 
19140,0.53461 
19141,0.57126 
19142,0.60686 
19143,0.63963 
19144,0.66482 
19145,0.68464 
19146,0.71121 
19147,0.73629 
19148,0.74870 
19149,0.74820 
19150,0.75020 
19151,0.75320 
19152,0.73697 
19153,0.70028 
19154,0.65296 
19155,0.59525 
19156,0.58620 
19157,0.62258 
19158,0.66147 
19159,0.69752 
19160,0.69691 
19161,0.66088 
19162,0.64202 
19163,0.63646 
19164,0.59499 
19165,0.52393 
19166,0.46944 
19167,0.43372 
19168,0.37614 
19169,0.30181 
19170,0.22149 
19171,0.17149 
19172,0.14909 
19173,0.13862 
19174,0.12949 
19175,0.12017 
19176,0.09986 
19177,0.07164 
19178,0.03149 
19179,0.00517 
19180,0.00458 
19181,0.00399 
19182,0.00432 
19183,0.00559 
19184,0.00687 
19185,0.00820 
19186,0.01362 
19187,0.02722 
19188,0.04089 
19189,0.05450 
19190,0.07013 
19191,0.07985 
19192,0.08986 
19193,0.09998 
19194,0.11626 
19195,0.14277 
19196,0.17423 
19197,0.20679 
19198,0.20686 
19199,0.17325 
19200,0.13839 
19201,0.11217 
19202,0.09590 
19203,0.09066 
19204,0.08539 
19205,0.08008 
19206,0.07356 
19207,0.06583 
19208,0.06095 
19209,0.05596 
19210,0.04806 
19211,0.03704 
19212,0.02595 
19213,0.01458 
19214,0.01753 
19215,0.03504 
19216,0.05267 
19217,0.07044 
19218,0.09777 
19219,0.12480 
19220,0.15218 
19221,0.18566 
19222,0.19645 
19223,0.18350 
19224,0.17887 
19225,0.17404 
19226,0.18094 
19227,0.19774 
19228,0.21323 
19229,0.23409 
19230,0.26174 
19231,0.28736 
19232,0.32991 
19233,0.40405 
19234,0.49377 
19235,0.59607 
19236,0.65571 
19237,0.65220 
19238,0.67197 
19239,0.72569 
19240,0.76519 
19241,0.78906 
19242,0.78556 
19243,0.75584 
19244,0.73048 
19245,0.71698 
19246,0.71332 
19247,0.71487 
19248,0.74354 
19249,0.79457 
19250,0.86034 
19251,0.94225 
19252,0.93300 
19253,0.83331 
19254,0.75771 
19255,0.70228 
19256,0.66777 
19257,0.64739 
19258,0.62196 
19259,0.59421 
19260,0.52073 
19261,0.40409 
19262,0.28691 
19263,0.17158 
19264,0.12238 
19265,0.13249 
19266,0.12871 
19267,0.11520 
19268,0.10890 
19269,0.10851 
19270,0.12742 
19271,0.15650 
19272,0.14247 
19273,0.10112 
19274,0.07644 
19275,0.06353 
19276,0.05798 
19277,0.06007 
19278,0.06911 
19279,0.07906 
19280,0.08917 
19281,0.09944 
19282,0.10238 
19283,0.09784 
19284,0.09327 
19285,0.08869 
19286,0.07557 
19287,0.05496 
19288,0.04109 
19289,0.02698 
19290,0.02316 
19291,0.02960 
19292,0.03617 
19293,0.04270 
19294,0.04156 
19295,0.03244 
19296,0.02289 
19297,0.01304 
19298,0.01066 
19299,0.01332 
19300,0.01694 
19301,0.02060 
19302,0.02266 
19303,0.02301 
19304,0.02331 
19305,0.02369 
19306,0.01821 
19307,0.01095 
19308,0.00862 
19309,0.00623 
19310,0.00503 
19311,0.00503 
19312,0.00503 
19313,0.00503 
19314,0.00337 
19315,0.00008 
19316,0.00000 
19317,0.00000 
19318,0.00492 
19319,0.01536 
19320,0.02574 
19321,0.03601 
19322,0.06131 
19323,0.10276 
19324,0.14219 
19325,0.17967 
19326,0.22898 
19327,0.29517 
19328,0.34442 
19329,0.37151 
19330,0.40954 
19331,0.46215 
19332,0.48476 
19333,0.46965 
19334,0.44418 
19335,0.40738 
19336,0.42599 
19337,0.50349 
19338,0.57371 
19339,0.63476 
19340,0.67968 
19341,0.70581 
19342,0.74855 
19343,0.80588 
19344,0.82065 
19345,0.79236 
19346,0.79137 
19347,0.81901 
19348,0.77063 
19349,0.64924 
19350,0.50222 
19351,0.41936 
19352,0.42009 
19353,0.42930 
19354,0.44773 
19355,0.45723 
19356,0.44077 
19357,0.40005 
19358,0.36382 
19359,0.33269 
19360,0.30620 
19361,0.28170 
19362,0.25213 
19363,0.22114 
19364,0.19793 
19365,0.17865 
19366,0.15560 
19367,0.12880 
19368,0.09822 
19369,0.07209 
19370,0.04970 
19371,0.02672 
19372,0.01147 
19373,0.00362 
19374,0.00000 
19375,0.00000 
19376,0.00000 
19377,0.00000 
19378,0.00000 
19379,0.00000 
19380,0.00000 
19381,0.00000 
19382,0.00000 
19383,0.00000 
19384,0.00000 
19385,0.00000 
19386,0.00000 
19387,0.00000 
19388,0.00000 
19389,0.00000 
19390,0.00000 
19391,0.00000 
19392,0.00000 
19393,0.00000 
19394,0.00000 
19395,0.00000 
19396,0.00000 
19397,0.00000 
19398,0.00000 
19399,0.00000 
19400,0.00000 
19401,0.00000 
19402,0.00000 
19403,0.00000 
19404,0.00000 
19405,0.00000 
19406,0.00000 
19407,0.00000 
19408,0.00000 
19409,0.00000 
19410,0.00000 
19411,0.00000 
19412,0.00000 
19413,0.00300 
19414,0.00986 
19415,0.02083 
19416,0.03191 
19417,0.04465 
19418,0.04076 
19419,0.02099 
19420,0.04017 
19421,0.10015 
19422,0.15926 
19423,0.22401 
19424,0.30429 
19425,0.38848 
19426,0.45794 
19427,0.49826 
19428,0.55121 
19429,0.62104 
19430,0.70341 
19431,0.79184 
19432,0.82447 
19433,0.79072 
19434,0.75145 
19435,0.71026 
19436,0.68945 
19437,0.69812 
19438,0.72350 
19439,0.76492 
19440,0.79080 
19441,0.79349 
19442,0.79203 
19443,0.78666 
19444,0.77948 
19445,0.77038 
19446,0.77539 
19447,0.80053 
19448,0.83761 
19449,0.87997 
19450,0.92475 
19451,0.94816 
19452,0.90486 
19453,0.80257 
19454,0.76971 
19455,0.81750 
19456,0.92769 
19457,1.08034 
19458,1.11593 
19459,1.03369 
19460,0.94125 
19461,0.83878 
19462,0.78908 
19463,0.78485 
19464,0.79513 
19465,0.81559 
19466,0.84227 
19467,0.87179 
19468,0.91011 
19469,0.95591 
19470,0.95572 
19471,0.91290 
19472,0.86945 
19473,0.82245 
19474,0.73931 
19475,0.61745 
19476,0.51018 
19477,0.40780 
19478,0.44113 
19479,0.61799 
19480,0.83199 
19481,1.04374 
19482,1.14568 
19483,1.13946 
19484,1.13309 
19485,1.12363 
19486,1.19430 
19487,1.33586 
19488,1.48299 
19489,1.63038 
19490,1.76067 
19491,1.87331 
19492,1.94990 
19493,2.03025 
19494,2.04258 
19495,1.99154 
19496,1.93707 
19497,1.84875 
19498,1.78597 
19499,1.75002 
19500,1.71300 
19501,1.67389 
19502,1.68475 
19503,1.74111 
19504,1.80185 
19505,1.86276 
19506,1.81408 
19507,1.65676 
19508,1.49872 
19509,1.33385 
19510,1.22125 
19511,1.17689 
19512,1.13296 
19513,1.08754 
19514,0.99455 
19515,0.86125 
19516,0.74952 
19517,0.64597 
19518,0.58549 
19519,0.56881 
19520,0.53008 
19521,0.47946 
19522,0.46288 
19523,0.48797 
19524,0.53536 
19525,0.64194 
19526,0.76709 
19527,0.86925 
19528,0.88855 
19529,0.82002 
19530,0.80484 
19531,0.87332 
19532,0.97373 
19533,1.12635 
19534,1.16765 
19535,1.09927 
19536,1.00650 
19537,0.89935 
19538,0.87259 
19539,0.92452 
19540,0.95602 
19541,0.95836 
19542,0.88540 
19543,0.74345 
19544,0.65835 
19545,0.63128 
19546,0.62033 
19547,0.62240 
19548,0.61057 
19549,0.58467 
19550,0.52466 
19551,0.44631 
19552,0.37612 
19553,0.31597 
19554,0.28259 
19555,0.27822 
19556,0.24776 
19557,0.21841 
19558,0.21023 
19559,0.22033 
19560,0.22174 
19561,0.21541 
19562,0.20581 
19563,0.19131 
19564,0.18423 
19565,0.18431 
19566,0.17659 
19567,0.16114 
19568,0.14505 
19569,0.12903 
19570,0.10397 
19571,0.07423 
19572,0.04643 
19573,0.02715 
19574,0.02032 
19575,0.02603 
19576,0.03180 
19577,0.03762 
19578,0.03792 
19579,0.03246 
19580,0.02699 
19581,0.02134 
19582,0.02682 
19583,0.04394 
19584,0.06507 
19585,0.09323 
19586,0.11656 
19587,0.13523 
19588,0.15950 
19589,0.18443 
19590,0.18209 
19591,0.15285 
19592,0.12633 
19593,0.10441 
19594,0.08697 
19595,0.07474 
19596,0.06210 
19597,0.05399 
19598,0.04997 
19599,0.05014 
19600,0.05032 
19601,0.05050 
19602,0.04181 
19603,0.02401 
19604,0.01009 
19605,0.00637 
19606,0.01042 
19607,0.02307 
19608,0.03587 
19609,0.04879 
19610,0.06678 
19611,0.10385 
19612,0.15081 
19613,0.19616 
19614,0.25092 
19615,0.32105 
19616,0.38566 
19617,0.43330 
19618,0.48107 
19619,0.51713 
19620,0.55954 
19621,0.60681 
19622,0.64675 
19623,0.67410 
19624,0.69912 
19625,0.71864 
19626,0.75180 
19627,0.79892 
19628,0.83151 
19629,0.84297 
19630,0.85841 
19631,0.87544 
19632,0.89000 
19633,0.89444 
19634,0.89276 
19635,0.88531 
19636,0.87307 
19637,0.85763 
19638,0.85533 
19639,0.86278 
19640,0.87907 
19641,0.89180 
19642,0.86424 
19643,0.79617 
19644,0.73909 
19645,0.68447 
19646,0.63625 
19647,0.59291 
19648,0.52628 
19649,0.44871 
19650,0.40355 
19651,0.39899 
19652,0.40509 
19653,0.44993 
19654,0.42809 
19655,0.34023 
19656,0.25573 
19657,0.20122 
19658,0.17436 
19659,0.16842 
19660,0.16225 
19661,0.15605 
19662,0.15127 
19663,0.14727 
19664,0.14319 
19665,0.13872 
19666,0.13002 
19667,0.11648 
19668,0.10458 
19669,0.09462 
19670,0.08995 
19671,0.09063 
19672,0.09111 
19673,0.09159 
19674,0.08488 
19675,0.07077 
19676,0.05637 
19677,0.04487 
19678,0.04567 
19679,0.05944 
19680,0.07716 
19681,0.09599 
19682,0.11430 
19683,0.13260 
19684,0.15637 
19685,0.18028 
19686,0.21839 
19687,0.30259 
19688,0.39957 
19689,0.52683 
19690,0.61591 
19691,0.65543 
19692,0.69544 
19693,0.74128 
19694,0.70414 
19695,0.59866 
19696,0.49185 
19697,0.40282 
19698,0.36420 
19699,0.36332 
19700,0.36350 
19701,0.36263 
19702,0.39312 
19703,0.45289 
19704,0.52927 
19705,0.60776 
19706,0.65598 
19707,0.68969 
19708,0.74392 
19709,0.82342 
19710,0.93346 
19711,1.03345 
19712,1.17476 
19713,1.37051 
19714,1.39446 
19715,1.23964 
19716,1.09775 
19717,0.97170 
19718,0.91808 
19719,0.93003 
19720,0.94994 
19721,0.98163 
19722,0.98174 
19723,0.95508 
19724,0.91029 
19725,0.85007 
19726,0.80650 
19727,0.77767 
19728,0.76750 
19729,0.77566 
19730,0.78966 
19731,0.80932 
19732,0.81207 
19733,0.79720 
19734,0.79683 
19735,0.80610 
19736,0.80378 
19737,0.78737 
19738,0.75146 
19739,0.69518 
19740,0.62786 
19741,0.55582 
19742,0.49277 
19743,0.44483 
19744,0.40012 
19745,0.35910 
19746,0.32125 
19747,0.28704 
19748,0.23897 
19749,0.18752 
19750,0.14998 
19751,0.12439 
19752,0.09556 
19753,0.06346 
19754,0.03177 
19755,0.02213 
19756,0.03338 
19757,0.04479 
19758,0.04386 
19759,0.03025 
19760,0.01655 
19761,0.00687 
19762,0.00516 
19763,0.00464 
19764,0.00412 
19765,0.00360 
19766,0.00238 
19767,0.00047 
19768,0.00000 
19769,0.00000 
19770,0.00000 
19771,0.00000 
19772,0.00049 
19773,0.00250 
19774,0.00386 
19775,0.00455 
19776,0.00528 
19777,0.00605 
19778,0.00535 
19779,0.00312 
19780,0.00087 
19781,0.00000 
19782,0.00000 
19783,0.00000 
19784,0.00000 
19785,0.00000 
19786,0.00000 
19787,0.00000 
19788,0.00000 
19789,0.00000 
19790,0.00077 
19791,0.00498 
19792,0.00924 
19793,0.02459 
19794,0.02806 
19795,0.01452 
19796,0.00860 
19797,0.00574 
19798,0.01020 
19799,0.02262 
19800,0.03517 
19801,0.04783 
19802,0.07267 
19803,0.10914 
19804,0.13979 
19805,0.17659 
19806,0.23026 
19807,0.29977 
19808,0.35444 
19809,0.38308 
19810,0.41515 
19811,0.45077 
19812,0.48640 
19813,0.52336 
19814,0.55997 
19815,0.59562 
19816,0.62729 
19817,0.65341 
19818,0.68550 
19819,0.72505 
19820,0.74958 
19821,0.75859 
19822,0.76326 
19823,0.76690 
19824,0.75928 
19825,0.73262 
19826,0.71508 
19827,0.70793 
19828,0.70188 
19829,0.69767 
19830,0.70202 
19831,0.70903 
19832,0.72882 
19833,0.75149 
19834,0.74611 
19835,0.70612 
19836,0.65168 
19837,0.58370 
19838,0.53732 
19839,0.50418 
19840,0.45404 
19841,0.39810 
19842,0.34453 
19843,0.29526 
19844,0.24888 
19845,0.20456 
19846,0.16325 
19847,0.12444 
19848,0.08576 
19849,0.05753 
19850,0.04174 
19851,0.03791 
19852,0.04080 
19853,0.04638 
19854,0.05949 
19855,0.07368 
19856,0.08800 
19857,0.10259 
19858,0.10033 
19859,0.08090 
19860,0.06114 
19861,0.04323 
19862,0.03439 
19863,0.02936 
19864,0.02428 
19865,0.01914 
19866,0.01660 
19867,0.01676 
19868,0.01692 
19869,0.01704 
19870,0.01047 
19871,0.00632 
19872,0.00344 
19873,0.00038 
19874,0.00000 
19875,0.00168 
19876,0.00362 
19877,0.00556 
19878,0.00869 
19879,0.02522 
19880,0.04612 
19881,0.07280 
19882,0.11000 
19883,0.15689 
19884,0.21350 
19885,0.29518 
19886,0.35746 
19887,0.37885 
19888,0.40051 
19889,0.42242 
19890,0.40754 
19891,0.35461 
19892,0.30281 
19893,0.25025 
19894,0.23155 
19895,0.22863 
19896,0.22551 
19897,0.22329 
19898,0.25143 
19899,0.30963 
19900,0.35743 
19901,0.41931 
19902,0.48423 
19903,0.53921 
19904,0.58778 
19905,0.61196 
19906,0.66062 
19907,0.73134 
19908,0.78991 
19909,0.81631 
19910,0.83404 
19911,0.84555 
19912,0.85260 
19913,0.85484 
19914,0.86507 
19915,0.88123 
19916,0.88961 
19917,0.88537 
19918,0.86372 
19919,0.82356 
19920,0.79835 
19921,0.78739 
19922,0.80291 
19923,0.83962 
19924,0.90303 
19925,1.00140 
19926,1.07193 
19927,1.11155 
19928,1.10432 
19929,1.05313 
19930,1.01834 
19931,1.00268 
19932,1.00697 
19933,1.03196 
19934,1.05289 
19935,1.06585 
19936,1.06440 
19937,1.04927 
19938,0.94264 
19939,0.74529 
19940,0.55025 
19941,0.39126 
19942,0.30316 
19943,0.27251 
19944,0.24372 
19945,0.21224 
19946,0.20855 
19947,0.25445 
19948,0.31586 
19949,0.40574 
19950,0.50670 
19951,0.62851 
19952,0.75560 
19953,0.88096 
19954,0.94468 
19955,0.94913 
19956,0.95361 
19957,0.95813 
19958,0.90000 
19959,0.78108 
19960,0.65595 
19961,0.53385 
19962,0.49820 
19963,0.53075 
19964,0.56510 
19965,0.60445 
19966,0.65401 
19967,0.71657 
19968,0.78034 
19969,0.84925 
19970,0.77874 
19971,0.58145 
19972,0.40356 
19973,0.27451 
19974,0.20467 
19975,0.17632 
19976,0.14734 
19977,0.12271 
19978,0.10704 
19979,0.09759 
19980,0.08823 
19981,0.07842 
19982,0.06405 
19983,0.05141 
19984,0.03945 
19985,0.02749 
19986,0.02478 
19987,0.03131 
19988,0.03763 
19989,0.04380 
19990,0.04744 
19991,0.04934 
19992,0.05147 
19993,0.05370 
19994,0.05827 
19995,0.06531 
19996,0.08864 
19997,0.12823 
19998,0.16482 
19999,0.20005 
20000,0.23401 
20001,0.26359 
20002,0.29280 
20003,0.31962 
20004,0.35586 
20005,0.40730 
20006,0.47259 
20007,0.55598 
20008,0.57892 
20009,0.53265 
20010,0.49915 
20011,0.47980 
20012,0.44933 
20013,0.41201 
20014,0.36494 
20015,0.30806 
20016,0.29670 
20017,0.32547 
20018,0.35309 
20019,0.37968 
20020,0.37783 
20021,0.34934 
20022,0.32720 
20023,0.31093 
20024,0.32006 
20025,0.36220 
20026,0.39593 
20027,0.41987 
20028,0.39412 
20029,0.32348 
20030,0.25772 
20031,0.20507 
20032,0.19632 
20033,0.22533 
20034,0.23718 
20035,0.23039 
20036,0.20971 
20037,0.17816 
20038,0.16172 
20039,0.16387 
20040,0.15912 
20041,0.15144 
20042,0.12233 
20043,0.09224 
20044,0.08286 
20045,0.07344 
20046,0.06893 
20047,0.06924 
20048,0.06954 
20049,0.07000 
20050,0.07031 
20051,0.07079 
20052,0.07111 
20053,0.07160 
20054,0.05893 
20055,0.03810 
20056,0.02126 
20057,0.00747 
20058,0.00726 
20059,0.01778 
20060,0.03305 
20061,0.04862 
20062,0.05074 
20063,0.03894 
20064,0.02659 
20065,0.01363 
20066,0.00758 
20067,0.00474 
20068,0.00185 
20069,0.00000 
20070,0.00000 
20071,0.00000 
20072,0.00000 
20073,0.00093 
20074,0.00000 
20075,0.00000 
20076,0.00000 
20077,0.00000 
20078,0.00000 
20079,0.00000 
20080,0.00000 
20081,0.00000 
20082,0.00000 
20083,0.00000 
20084,0.00000 
20085,0.00000 
20086,0.00424 
20087,0.01556 
20088,0.02605 
20089,0.03632 
20090,0.06097 
20091,0.10721 
20092,0.13753 
20093,0.13373 
20094,0.12646 
20095,0.13045 
20096,0.14966 
20097,0.18249 
20098,0.22079 
20099,0.26359 
20100,0.26661 
20101,0.22947 
20102,0.18528 
20103,0.15608 
20104,0.16640 
20105,0.22602 
20106,0.27953 
20107,0.32798 
20108,0.36285 
20109,0.38492 
20110,0.42273 
20111,0.47588 
20112,0.48268 
20113,0.44109 
20114,0.41381 
20115,0.40379 
20116,0.38570 
20117,0.36069 
20118,0.33977 
20119,0.31429 
20120,0.29045 
20121,0.26382 
20122,0.22561 
20123,0.18208 
20124,0.17596 
20125,0.20658 
20126,0.23673 
20127,0.26003 
20128,0.25697 
20129,0.22843 
20130,0.21296 
20131,0.21109 
20132,0.20771 
20133,0.19688 
20134,0.17618 
20135,0.13527 
20136,0.10738 
20137,0.09178 
20138,0.06748 
20139,0.04051 
20140,0.02195 
20141,0.01105 
20142,0.00802 
20143,0.01299 
20144,0.01799 
20145,0.02309 
20146,0.02325 
20147,0.01837 
20148,0.01342 
20149,0.00840 
20150,0.00763 
20151,0.00770 
20152,0.00779 
20153,0.00786 
20154,0.00710 
20155,0.00546 
20156,0.00379 
20157,0.00209 
20158,0.00345 
20159,0.00807 
20160,0.02675 
20161,0.05012 
20162,0.06628 
20163,0.06649 
20164,0.06670 
20165,0.06674 
20166,0.06365 
20167,0.05705 
20168,0.05290 
20169,0.04879 
20170,0.04186 
20171,0.03242 
20172,0.02268 
20173,0.01277 
20174,0.00932 
20175,0.00790 
20176,0.00650 
20177,0.00507 
20178,0.00436 
20179,0.00436 
20180,0.00435 
20181,0.00435 
20182,0.00841 
20183,0.02150 
20184,0.03332 
20185,0.04940 
20186,0.07621 
20187,0.11667 
20188,0.14570 
20189,0.16077 
20190,0.21059 
20191,0.31471 
20192,0.39242 
20193,0.41210 
20194,0.44262 
20195,0.51472 
20196,0.58185 
20197,0.63532 
20198,0.65307 
20199,0.62787 
20200,0.59665 
20201,0.56619 
20202,0.55253 
20203,0.55694 
20204,0.51797 
20205,0.43770 
20206,0.33216 
20207,0.29506 
20208,0.29216 
20209,0.34238 
20210,0.42130 
20211,0.52747 
20212,0.51449 
20213,0.38666 
20214,0.28641 
20215,0.25032 
20216,0.26743 
20217,0.31885 
20218,0.33430 
20219,0.27597 
20220,0.25800 
20221,0.27988 
20222,0.33045 
20223,0.40930 
20224,0.46713 
20225,0.51401 
20226,0.52917 
20227,0.51150 
20228,0.50504 
20229,0.50966 
20230,0.48309 
20231,0.41737 
20232,0.34544 
20233,0.25542 
20234,0.22748 
20235,0.25929 
20236,0.30167 
20237,0.36266 
20238,0.38001 
20239,0.34185 
20240,0.31147 
20241,0.28403 
20242,0.24380 
20243,0.18968 
20244,0.15991 
20245,0.13012 
20246,0.09718 
20247,0.06497 
20248,0.03794 
20249,0.01682 
20250,0.00710 
20251,0.00545 
20252,0.00377 
20253,0.00207 
20254,0.00152 
20255,0.00216 
20256,0.00284 
20257,0.00355 
20258,0.00183 
20259,0.00000 
20260,0.00000 
20261,0.00000 
20262,0.00000 
20263,0.00000 
20264,0.00000 
20265,0.00000 
20266,0.00000 
20267,0.00000 
20268,0.00000 
20269,0.00000 
20270,0.00000 
20271,0.00000 
20272,0.00000 
20273,0.00000 
20274,0.00000 
20275,0.00000 
20276,0.00000 
20277,0.00000 
20278,0.00147 
20279,0.01774 
20280,0.03000 
20281,0.04225 
20282,0.05928 
20283,0.09229 
20284,0.13647 
20285,0.17887 
20286,0.22530 
20287,0.27753 
20288,0.32734 
20289,0.37184 
20290,0.41262 
20291,0.45248 
20292,0.48854 
20293,0.52357 
20294,0.56762 
20295,0.62302 
20296,0.64840 
20297,0.64141 
20298,0.63981 
20299,0.65081 
20300,0.67156 
20301,0.70390 
20302,0.73528 
20303,0.76107 
20304,0.77533 
20305,0.77757 
20306,0.77533 
20307,0.76895 
20308,0.77210 
20309,0.78922 
20310,0.80622 
20311,0.81830 
20312,0.80039 
20313,0.75267 
20314,0.72473 
20315,0.71832 
20316,0.74572 
20317,0.80764 
20318,0.81640 
20319,0.76698 
20320,0.70174 
20321,0.62008 
20322,0.55179 
20323,0.48902 
20324,0.41385 
20325,0.34040 
20326,0.29637 
20327,0.26807 
20328,0.23281 
20329,0.19905 
20330,0.17888 
20331,0.16467 
20332,0.16040 
20333,0.16641 
20334,0.22387 
20335,0.35937 
20336,0.53886 
20337,0.75416 
20338,0.78012 
20339,0.61030 
20340,0.45682 
20341,0.32045 
20342,0.26282 
20343,0.24933 
20344,0.23568 
20345,0.22239 
20346,0.26728 
20347,0.38218 
20348,0.53077 
20349,0.70502 
20350,0.71907 
20351,0.56208 
20352,0.42049 
20353,0.30574 
20354,0.26646 
20355,0.29691 
20356,0.32840 
20357,0.35931 
20358,0.36837 
20359,0.35328 
20360,0.33884 
20361,0.32407 
20362,0.29556 
20363,0.25318 
20364,0.22476 
20365,0.20135 
20366,0.19012 
20367,0.19130 
20368,0.19249 
20369,0.19369 
20370,0.16703 
20371,0.11991 
20372,0.08008 
20373,0.04792 
20374,0.04595 
20375,0.09060 
20376,0.13723 
20377,0.18327 
20378,0.21336 
20379,0.22380 
20380,0.23251 
20381,0.23683 
20382,0.25021 
20383,0.26938 
20384,0.30394 
20385,0.35962 
20386,0.40111 
20387,0.43635 
20388,0.45123 
20389,0.44807 
20390,0.46318 
20391,0.49823 
20392,0.53368 
20393,0.56563 
20394,0.60304 
20395,0.63751 
20396,0.68118 
20397,0.73276 
20398,0.78103 
20399,0.83291 
20400,0.88136 
20401,0.91915 
20402,0.90435 
20403,0.84334 
20404,0.79126 
20405,0.72663 
20406,0.69813 
20407,0.70128 
20408,0.66969 
20409,0.60950 
20410,0.55848 
20411,0.51815 
20412,0.51024 
20413,0.52761 
20414,0.53417 
20415,0.52759 
20416,0.50958 
20417,0.48118 
20418,0.45589 
20419,0.42630 
20420,0.36931 
20421,0.30088 
20422,0.24516 
20423,0.21645 
20424,0.20208 
20425,0.18827 
20426,0.15531 
20427,0.10643 
20428,0.07119 
20429,0.04450 
20430,0.03303 
20431,0.02825 
20432,0.02341 
20433,0.01850 
20434,0.02114 
20435,0.03150 
20436,0.04187 
20437,0.05559 
20438,0.06584 
20439,0.07023 
20440,0.07467 
20441,0.07915 
20442,0.08902 
20443,0.10447 
20444,0.12332 
20445,0.14486 
20446,0.13287 
20447,0.09374 
20448,0.05761 
20449,0.03199 
20450,0.01791 
20451,0.01486 
20452,0.01179 
20453,0.00956 
20454,0.00964 
20455,0.01203 
20456,0.01538 
20457,0.01875 
20458,0.02708 
20459,0.04051 
20460,0.05418 
20461,0.07203 
20462,0.09216 
20463,0.11091 
20464,0.12978 
20465,0.15171 
20466,0.16086 
20467,0.15324 
20468,0.14566 
20469,0.13898 
20470,0.13861 
20471,0.15349 
20472,0.17865 
20473,0.20364 
20474,0.20988 
20475,0.20804 
20476,0.21128 
20477,0.22063 
20478,0.26241 
20479,0.32475 
20480,0.38820 
20481,0.46279 
20482,0.55857 
20483,0.68165 
20484,0.75915 
20485,0.77701 
20486,0.79507 
20487,0.82088 
20488,0.81013 
20489,0.75370 
20490,0.71371 
20491,0.68491 
20492,0.71733 
20493,0.82986 
20494,0.90862 
20495,0.96080 
20496,0.99127 
20497,0.99696 
20498,1.04497 
20499,1.13863 
20500,1.20988 
20501,1.25072 
20502,1.28754 
20503,1.33193 
20504,1.40711 
20505,1.51707 
20506,1.58078 
20507,1.59165 
20508,1.58768 
20509,1.56330 
20510,1.59598 
20511,1.68364 
20512,1.73225 
20513,1.73684 
20514,1.69970 
20515,1.64437 
20516,1.60653 
20517,1.57267 
20518,1.51603 
20519,1.42266 
20520,1.31364 
20521,1.20646 
20522,1.12033 
20523,1.05872 
20524,1.00627 
20525,0.95375 
20526,0.87685 
20527,0.77172 
20528,0.65996 
20529,0.54806 
20530,0.44887 
20531,0.34438 
20532,0.26895 
20533,0.19398 
20534,0.18860 
20535,0.24163 
20536,0.29954 
20537,0.36053 
20538,0.38141 
20539,0.34497 
20540,0.31578 
20541,0.28682 
20542,0.27610 
20543,0.28581 
20544,0.29622 
20545,0.30823 
20546,0.36700 
20547,0.49293 
20548,0.64056 
20549,0.81063 
20550,0.90506 
20551,0.91548 
20552,0.92612 
20553,0.93701 
20554,1.00600 
20555,1.13308 
20556,1.25674 
20557,1.38597 
20558,1.33148 
20559,1.10207 
20560,0.85538 
20561,0.62998 
20562,0.46406 
20563,0.37407 
20564,0.28514 
20565,0.22412 
20566,0.19863 
20567,0.20489 
20568,0.21905 
20569,0.23411 
20570,0.23510 
20571,0.22459 
20572,0.22776 
20573,0.23855 
20574,0.25276 
20575,0.28611 
20576,0.30337 
20577,0.30152 
20578,0.30171 
20579,0.29848 
20580,0.32635 
20581,0.39293 
20582,0.48385 
20583,0.59801 
20584,0.60545 
20585,0.49629 
20586,0.37475 
20587,0.29907 
20588,0.29056 
20589,0.30194 
20590,0.29667 
20591,0.27685 
20592,0.28173 
20593,0.37010 
20594,0.51725 
20595,0.65081 
20596,0.65504 
20597,0.53424 
20598,0.43938 
20599,0.37008 
20600,0.33545 
20601,0.33434 
20602,0.31298 
20603,0.28568 
20604,0.27770 
20605,0.31832 
20606,0.38732 
20607,0.43604 
20608,0.41245 
20609,0.32952 
20610,0.26389 
20611,0.21577 
20612,0.18411 
20613,0.16180 
20614,0.14018 
20615,0.11901 
20616,0.09813 
20617,0.08841 
20618,0.06636 
20619,0.05320 
20620,0.06589 
20621,0.07635 
20622,0.09246 
20623,0.11190 
20624,0.13885 
20625,0.16581 
20626,0.17106 
20627,0.15425 
20628,0.13728 
20629,0.12013 
20630,0.12494 
20631,0.15225 
20632,0.17971 
20633,0.20762 
20634,0.21966 
20635,0.20039 
20636,0.18660 
20637,0.17261 
20638,0.15683 
20639,0.13904 
20640,0.12245 
20641,0.10885 
20642,0.10558 
20643,0.11395 
20644,0.12243 
20645,0.13100 
20646,0.12822 
20647,0.11406 
20648,0.09919 
20649,0.08395 
20650,0.07250 
20651,0.06486 
20652,0.06004 
20653,0.05495 
20654,0.05807 
20655,0.07059 
20656,0.08784 
20657,0.10510 
20658,0.09194 
20659,0.05476 
20660,0.02721 
20661,0.00889 
20662,0.00582 
20663,0.01016 
20664,0.01982 
20665,0.02951 
20666,0.03951 
20667,0.04991 
20668,0.07754 
20669,0.12248 
20670,0.18294 
20671,0.26599 
20672,0.28555 
20673,0.22886 
20674,0.17327 
20675,0.13268 
20676,0.16119 
20677,0.25385 
20678,0.33833 
20679,0.41375 
20680,0.44598 
20681,0.43591 
20682,0.44633 
20683,0.47429 
20684,0.44699 
20685,0.36443 
20686,0.26808 
20687,0.17119 
20688,0.16970 
20689,0.25600 
20690,0.32966 
20691,0.38362 
20692,0.40505 
20693,0.39428 
20694,0.40483 
20695,0.43602 
20696,0.42440 
20697,0.36927 
20698,0.31362 
20699,0.26277 
20700,0.24083 
20701,0.24419 
20702,0.24412 
20703,0.24075 
20704,0.22557 
20705,0.19774 
20706,0.17057 
20707,0.17804 
20708,0.15529 
20709,0.13871 
20710,0.13150 
20711,0.12344 
20712,0.09284 
20713,0.06117 
20714,0.03912 
20715,0.02272 
20716,0.01096 
20717,0.00689 
20718,0.00766 
20719,0.00652 
20720,0.00537 
20721,0.00421 
20722,0.00334 
20723,0.00276 
20724,0.00216 
20725,0.00157 
20726,0.00219 
20727,0.00405 
20728,0.00594 
20729,0.00788 
20730,0.00794 
20731,0.00610 
20732,0.00422 
20733,0.00232 
20734,0.00072 
20735,0.00000 
20736,0.00000 
20737,0.00000 
20738,0.00000 
20739,0.00000 
20740,0.00000 
20741,0.00000 
20742,0.00000 
20743,0.00000 
20744,0.00000 
20745,0.00000 
20746,0.00000 
20747,0.00000 
20748,0.00000 
20749,0.00000 
20750,0.00000 
20751,0.00000 
20752,0.00000 
20753,0.00000 
20754,0.00000 
20755,0.00000 
20756,0.00000 
20757,0.00000 
20758,0.00000 
20759,0.00169 
20760,0.00527 
20761,0.00884 
20762,0.01840 
20763,0.03419 
20764,0.06493 
20765,0.11080 
20766,0.16296 
20767,0.22648 
20768,0.28632 
20769,0.33990 
20770,0.40715 
20771,0.48598 
20772,0.52746 
20773,0.52209 
20774,0.52462 
20775,0.53403 
20776,0.53995 
20777,0.54520 
20778,0.54019 
20779,0.52678 
20780,0.54705 
20781,0.60334 
20782,0.65956 
20783,0.71780 
20784,0.72403 
20785,0.68236 
20786,0.65089 
20787,0.63058 
20788,0.63741 
20789,0.67279 
20790,0.71742 
20791,0.75830 
20792,0.75433 
20793,0.70745 
20794,0.66614 
20795,0.62957 
20796,0.58490 
20797,0.53428 
20798,0.48589 
20799,0.44381 
20800,0.39672 
20801,0.34203 
20802,0.28236 
20803,0.22349 
20804,0.19747 
20805,0.18668 
20806,0.16772 
20807,0.13536 
20808,0.08629 
20809,0.05521 
20810,0.03896 
20811,0.02254 
20812,0.00717 
20813,0.00000 
20814,0.00000 
20815,0.00000 
20816,0.00000 
20817,0.00000 
20818,0.00000 
20819,0.00125 
20820,0.00604 
20821,0.01806 
20822,0.02472 
20823,0.01474 
20824,0.00827 
20825,0.00617 
20826,0.00417 
20827,0.00229 
20828,0.00039 
20829,0.00000 
20830,0.00000 
20831,0.00000 
20832,0.00163 
20833,0.00344 
20834,0.00440 
20835,0.00441 
20836,0.00443 
20837,0.00446 
20838,0.00467 
20839,0.00508 
20840,0.00551 
20841,0.00594 
20842,0.00542 
20843,0.00394 
20844,0.00242 
20845,0.00087 
20846,0.00008 
20847,0.00008 
20848,0.00008 
20849,0.00008 
20850,0.00089 
20851,0.00249 
20852,0.00408 
20853,0.00568 
20854,0.00565 
20855,0.01365 
20856,0.03257 
20857,0.05185 
20858,0.06524 
20859,0.09716 
20860,0.16603 
20861,0.21500 
20862,0.25336 
20863,0.30107 
20864,0.33763 
20865,0.36362 
20866,0.38192 
20867,0.39008 
20868,0.40113 
20869,0.41541 
20870,0.42932 
20871,0.43999 
20872,0.45665 
20873,0.48026 
20874,0.50014 
20875,0.51429 
20876,0.54309 
20877,0.58568 
20878,0.63861 
20879,0.70113 
20880,0.70296 
20881,0.64536 
20882,0.60383 
20883,0.57984 
20884,0.55525 
20885,0.52837 
20886,0.49723 
20887,0.46152 
20888,0.45560 
20889,0.47697 
20890,0.50202 
20891,0.53028 
20892,0.50053 
20893,0.41978 
20894,0.33246 
20895,0.27710 
20896,0.25831 
20897,0.26238 
20898,0.26932 
20899,0.25795 
20900,0.23483 
20901,0.20010 
20902,0.17138 
20903,0.13915 
20904,0.08938 
20905,0.05482 
20906,0.03048 
20907,0.01146 
20908,0.00364 
20909,0.00000 
20910,0.00000 
20911,0.00000 
20912,0.00000 
20913,0.00000 
20914,0.00000 
20915,0.00000 
20916,0.00000 
20917,0.00000 
20918,0.00000 
20919,0.00000 
20920,0.00000 
20921,0.00000 
20922,0.00000 
20923,0.00000 
20924,0.00000 
20925,0.00000 
20926,0.00000 
20927,0.00000 
20928,0.00000 
20929,0.00000 
20930,0.00025 
20931,0.00061 
20932,0.00097 
20933,0.00133 
20934,0.00188 
20935,0.00263 
20936,0.00340 
20937,0.00418 
20938,0.00290 
20939,0.00000 
20940,0.00000 
20941,0.00000 
20942,0.00000 
20943,0.00000 
20944,0.00000 
20945,0.00000 
20946,0.00000 
20947,0.00341 
20948,0.00773 
20949,0.01325 
20950,0.01508 
20951,0.01628 
20952,0.02874 
20953,0.04139 
20954,0.06456 
20955,0.09966 
20956,0.14336 
20957,0.20560 
20958,0.27405 
20959,0.35363 
20960,0.40009 
20961,0.39693 
20962,0.36405 
20963,0.32546 
20964,0.31356 
20965,0.30914 
20966,0.30888 
20967,0.31235 
20968,0.33566 
20969,0.39657 
20970,0.47170 
20971,0.53926 
20972,0.59962 
20973,0.66369 
20974,0.70213 
20975,0.72295 
20976,0.70958 
20977,0.66290 
20978,0.63919 
20979,0.63033 
20980,0.62124 
20981,0.60994 
20982,0.61622 
20983,0.63690 
20984,0.60962 
20985,0.53798 
20986,0.48191 
20987,0.44617 
20988,0.41230 
20989,0.37835 
20990,0.31652 
20991,0.24920 
20992,0.21403 
20993,0.20278 
20994,0.19705 
20995,0.19685 
20996,0.19717 
20997,0.19117 
20998,0.17769 
20999,0.14796 
21000,0.11890 
21001,0.09654 
21002,0.07415 
21003,0.05386 
21004,0.03766 
21005,0.02881 
21006,0.02633 
21007,0.02387 
21008,0.02131 
21009,0.01875 
21010,0.01885 
21011,0.02173 
21012,0.02459 
21013,0.02746 
21014,0.02760 
21015,0.02491 
21016,0.02219 
21017,0.01944 
21018,0.03402 
21019,0.07410 
21020,0.12633 
21021,0.19722 
21022,0.26214 
21023,0.29735 
21024,0.33495 
21025,0.37442 
21026,0.41643 
21027,0.47623 
21028,0.53970 
21029,0.60355 
21030,0.59363 
21031,0.51001 
21032,0.43034 
21033,0.36908 
21034,0.30881 
21035,0.25273 
21036,0.22121 
21037,0.18911 
21038,0.18021 
21039,0.19607 
21040,0.21140 
21041,0.22673 
21042,0.20640 
21043,0.14940 
21044,0.10722 
21045,0.06532 
21046,0.05158 
21047,0.05864 
21048,0.07453 
21049,0.09035 
21050,0.11587 
21051,0.15992 
21052,0.21093 
21053,0.27543 
21054,0.33281 
21055,0.37446 
21056,0.41093 
21057,0.44883 
21058,0.51686 
21059,0.60651 
21060,0.70188 
21061,0.78648 
21062,0.86279 
21063,0.93606 
21064,1.00685 
21065,1.06570 
21066,1.11780 
21067,1.16868 
21068,1.21520 
21069,1.24866 
21070,1.20732 
21071,1.10878 
21072,1.02161 
21073,0.96088 
21074,0.94287 
21075,0.96023 
21076,0.97516 
21077,1.00037 
21078,1.05311 
21079,1.14516 
21080,1.24112 
21081,1.33850 
21082,1.36222 
21083,1.30251 
21084,1.24058 
21085,1.17703 
21086,1.16290 
21087,1.20566 
21088,1.23844 
21089,1.26712 
21090,1.26777 
21091,1.23585 
21092,1.17492 
21093,1.09574 
21094,1.06230 
21095,1.06848 
21096,1.08469 
21097,1.09987 
21098,1.05819 
21099,0.95687 
21100,0.86156 
21101,0.76980 
21102,0.71443 
21103,0.69556 
21104,0.67633 
21105,0.65671 
21106,0.66009 
21107,0.68837 
21108,0.71682 
21109,0.74542 
21110,0.72264 
21111,0.64448 
21112,0.56978 
21113,0.50569 
21114,0.48213 
21115,0.50332 
21116,0.52377 
21117,0.54464 
21118,0.56228 
21119,0.57692 
21120,0.59387 
21121,0.61019 
21122,0.70017 
21123,0.89170 
21124,1.08018 
21125,1.26093 
21126,1.38570 
21127,1.45745 
21128,1.53088 
21129,1.60604 
21130,1.69128 
21131,1.77582 
21132,1.86142 
21133,1.94809 
21134,2.04059 
21135,2.15177 
21136,2.23068 
21137,2.28968 
21138,2.31384 
21139,2.31481 
21140,2.32272 
21141,2.32371 
21142,2.26817 
21143,2.08427 
21144,1.79866 
21145,1.46743 
21146,1.26343 
21147,1.20167 
21148,1.14160 
21149,1.07327 
21150,1.09750 
21151,1.20181 
21152,1.32478 
21153,1.46796 
21154,1.58744 
21155,1.71402 
21156,1.70601 
21157,1.54119 
21158,1.39940 
21159,1.29296 
21160,1.20976 
21161,1.15444 
21162,1.12963 
21163,1.13433 
21164,1.07908 
21165,0.95620 
21166,0.89101 
21167,0.88248 
21168,0.93075 
21169,1.02359 
21170,1.08767 
21171,1.12571 
21172,1.19884 
21173,1.31009 
21174,1.44404 
21175,1.59272 
21176,1.67446 
21177,1.69600 
21178,1.62283 
21179,1.44693 
21180,1.22697 
21181,0.96436 
21182,0.78282 
21183,0.66401 
21184,0.55996 
21185,0.47912 
21186,0.42317 
21187,0.39886 
21188,0.39174 
21189,0.39536 
21190,0.35543 
21191,0.27141 
21192,0.21122 
21193,0.16027 
21194,0.11431 
21195,0.08724 
21196,0.07430 
21197,0.06243 
21198,0.06288 
21199,0.07572 
21200,0.08875 
21201,0.10172 
21202,0.10350 
21203,0.09319 
21204,0.08302 
21205,0.07276 
21206,0.05703 
21207,0.04076 
21208,0.02711 
21209,0.01333 
21210,0.00622 
21211,0.00213 
21212,0.00000 
21213,0.00000 
21214,0.00000 
21215,0.00000 
21216,0.00000 
21217,0.00000 
21218,0.00000 
21219,0.00000 
21220,0.00000 
21221,0.00000 
21222,0.00000 
21223,0.00000 
21224,0.00000 
21225,0.00000 
21226,0.00000 
21227,0.00000 
21228,0.00000 
21229,0.00000 
21230,0.00000 
21231,0.00000 
21232,0.00000 
21233,0.00000 
21234,0.00218 
21235,0.00638 
21236,0.01058 
21237,0.02746 
21238,0.03906 
21239,0.04807 
21240,0.06361 
21241,0.07951 
21242,0.10244 
21243,0.13888 
21244,0.16581 
21245,0.17053 
21246,0.18310 
21247,0.21128 
21248,0.25526 
21249,0.34491 
21250,0.45229 
21251,0.54189 
21252,0.55786 
21253,0.48387 
21254,0.44992 
21255,0.45505 
21256,0.43835 
21257,0.41114 
21258,0.33590 
21259,0.24513 
21260,0.21317 
21261,0.22827 
21262,0.23509 
21263,0.22955 
21264,0.24835 
21265,0.30572 
21266,0.38313 
21267,0.46195 
21268,0.47395 
21269,0.41928 
21270,0.39283 
21271,0.39631 
21272,0.35613 
21273,0.27120 
21274,0.19298 
21275,0.12631 
21276,0.11062 
21277,0.13729 
21278,0.14083 
21279,0.11669 
21280,0.10343 
21281,0.10008 
21282,0.10085 
21283,0.10599 
21284,0.11158 
21285,0.11910 
21286,0.12979 
21287,0.14194 
21288,0.14155 
21289,0.12926 
21290,0.13197 
21291,0.16554 
21292,0.20853 
21293,0.29585 
21294,0.34489 
21295,0.34746 
21296,0.35007 
21297,0.35271 
21298,0.36300 
21299,0.38097 
21300,0.40302 
21301,0.42683 
21302,0.41604 
21303,0.37451 
21304,0.34119 
21305,0.30769 
21306,0.29199 
21307,0.29427 
21308,0.29582 
21309,0.29815 
21310,0.30371 
21311,0.31287 
21312,0.32168 
21313,0.33197 
21314,0.37125 
21315,0.44066 
21316,0.53158 
21317,0.62976 
21318,0.66430 
21319,0.63178 
21320,0.59866 
21321,0.56668 
21322,0.59206 
21323,0.67838 
21324,0.76394 
21325,0.86368 
21326,0.95970 
21327,1.04668 
21328,1.13001 
21329,1.21456 
21330,1.37466 
21331,1.60117 
21332,1.81155 
21333,2.00995 
21334,1.97129 
21335,1.70050 
21336,1.43510 
21337,1.15451 
21338,1.04325 
21339,1.10535 
21340,1.17366 
21341,1.24701 
21342,1.25266 
21343,1.18205 
21344,1.07984 
21345,0.94395 
21346,0.85644 
21347,0.79954 
21348,0.78082 
21349,0.80506 
21350,0.83671 
21351,0.86890 
21352,0.85506 
21353,0.80358 
21354,0.76603 
21355,0.74383 
21356,0.72185 
21357,0.70078 
21358,0.66977 
21359,0.63505 
21360,0.62966 
21361,0.71573 
21362,0.86916 
21363,1.02605 
21364,1.01758 
21365,0.84280 
21366,0.68884 
21367,0.61907 
21368,0.63431 
21369,0.67445 
21370,0.66010 
21371,0.58455 
21372,0.52312 
21373,0.52003 
21374,0.53845 
21375,0.54891 
21376,0.52826 
21377,0.47687 
21378,0.46976 
21379,0.50353 
21380,0.53301 
21381,0.55864 
21382,0.48927 
21383,0.33399 
21384,0.23066 
21385,0.15570 
21386,0.11339 
21387,0.11030 
21388,0.12933 
21389,0.15089 
21390,0.16498 
21391,0.17195 
21392,0.17899 
21393,0.18658 
21394,0.19534 
21395,0.20525 
21396,0.21605 
21397,0.23431 
21398,0.33095 
21399,0.55399 
21400,0.83744 
21401,1.13586 
21402,1.33178 
21403,1.43904 
21404,1.54708 
21405,1.65370 
21406,1.67703 
21407,1.61387 
21408,1.54468 
21409,1.47149 
21410,1.31145 
21411,1.05191 
21412,0.77423 
21413,0.53837 
21414,0.40861 
21415,0.35850 
21416,0.30579 
21417,0.26267 
21418,0.24989 
21419,0.25244 
21420,0.25589 
21421,0.25856 
21422,0.24683 
21423,0.22153 
21424,0.19555 
21425,0.17029 
21426,0.17550 
21427,0.21119 
21428,0.24701 
21429,0.28186 
21430,0.28556 
21431,0.25244 
21432,0.22821 
21433,0.20511 
21434,0.20581 
21435,0.22911 
21436,0.26671 
21437,0.31893 
21438,0.40689 
21439,0.56379 
21440,0.70657 
21441,0.81802 
21442,0.79101 
21443,0.65142 
21444,0.56076 
21445,0.55090 
21446,0.60006 
21447,0.70366 
21448,0.75621 
21449,0.77558 
21450,0.78529 
21451,0.77641 
21452,0.79978 
21453,0.85529 
21454,0.90531 
21455,0.94967 
21456,0.94812 
21457,0.90097 
21458,0.84926 
21459,0.79506 
21460,0.75797 
21461,0.73765 
21462,0.71236 
21463,0.68266 
21464,0.69319 
21465,0.73677 
21466,0.77892 
21467,0.81760 
21468,0.82473 
21469,0.79722 
21470,0.79251 
21471,0.80217 
21472,0.73998 
21473,0.63803 
21474,0.56897 
21475,0.52843 
21476,0.50248 
21477,0.48117 
21478,0.45315 
21479,0.41867 
21480,0.39295 
21481,0.37747 
21482,0.33916 
21483,0.29565 
21484,0.26802 
21485,0.24143 
21486,0.25077 
21487,0.29531 
21488,0.34031 
21489,0.39262 
21490,0.45615 
21491,0.52035 
21492,0.58523 
21493,0.65701 
21494,0.64957 
21495,0.56342 
21496,0.48224 
21497,0.39888 
21498,0.34654 
21499,0.30174 
21500,0.25618 
21501,0.21902 
21502,0.21699 
21503,0.23962 
21504,0.27654 
21505,0.31590 
21506,0.34631 
21507,0.36744 
21508,0.38757 
21509,0.40891 
21510,0.38792 
21511,0.32358 
21512,0.25921 
21513,0.22338 
21514,0.20620 
21515,0.20820 
21516,0.20958 
21517,0.21165 
21518,0.18652 
21519,0.14059 
21520,0.10330 
21521,0.06643 
21522,0.05414 
21523,0.05416 
21524,0.05400 
21525,0.05402 
21526,0.05368 
21527,0.05507 
21528,0.05849 
21529,0.06200 
21530,0.06224 
21531,0.05940 
21532,0.05306 
21533,0.04959 
21534,0.05261 
21535,0.06193 
21536,0.06037 
21537,0.04868 
21538,0.03645 
21539,0.02388 
21540,0.02717 
21541,0.05006 
21542,0.06862 
21543,0.08201 
21544,0.10944 
21545,0.15430 
21546,0.18827 
21547,0.20882 
21548,0.22981 
21549,0.25018 
21550,0.27218 
21551,0.29454 
21552,0.29995 
21553,0.28687 
21554,0.28167 
21555,0.28347 
21556,0.28588 
21557,0.28950 
21558,0.29740 
21559,0.31077 
21560,0.28480 
21561,0.21619 
21562,0.15205 
21563,0.09268 
21564,0.07779 
21565,0.10782 
21566,0.13300 
21567,0.15337 
21568,0.15143 
21569,0.12746 
21570,0.10436 
21571,0.08214 
21572,0.07015 
21573,0.06937 
21574,0.07083 
21575,0.07298 
21576,0.06347 
21577,0.04222 
21578,0.01533 
21579,0.00000 
21580,0.00000 
21581,0.00000 
21582,0.00000 
21583,0.00000 
21584,0.00000 
21585,0.00000 
21586,0.00000 
21587,0.00000 
21588,0.00000 
21589,0.00000 
21590,0.00000 
21591,0.00000 
21592,0.00000 
21593,0.00000 
21594,0.00000 
21595,0.00000 
21596,0.00000 
21597,0.00000 
21598,0.00000 
21599,0.00000 
21600,0.00000 
21601,0.00000 
21602,0.00000 
21603,0.00306 
21604,0.00693 
21605,0.01188 
21606,0.03558 
21607,0.06686 
21608,0.11345 
21609,0.16717 
21610,0.19748 
21611,0.19167 
21612,0.18519 
21613,0.17918 
21614,0.17251 
21615,0.16525 
21616,0.15844 
21617,0.15157 
21618,0.16485 
21619,0.20032 
21620,0.23504 
21621,0.26993 
21622,0.34318 
21623,0.43004 
21624,0.53291 
21625,0.65604 
21626,0.68730 
21627,0.63951 
21628,0.59527 
21629,0.52839 
21630,0.44287 
21631,0.38363 
21632,0.33310 
21633,0.29296 
21634,0.29443 
21635,0.33023 
21636,0.33692 
21637,0.32431 
21638,0.28876 
21639,0.23158 
21640,0.22491 
21641,0.26628 
21642,0.31152 
21643,0.36019 
21644,0.40110 
21645,0.43608 
21646,0.47853 
21647,0.53034 
21648,0.55222 
21649,0.55059 
21650,0.56270 
21651,0.58213 
21652,0.57920 
21653,0.55290 
21654,0.55258 
21655,0.57583 
21656,0.57139 
21657,0.54412 
21658,0.48912 
21659,0.46093 
21660,0.49047 
21661,0.56882 
21662,0.65710 
21663,0.70007 
21664,0.63254 
21665,0.47553 
21666,0.36783 
21667,0.30823 
21668,0.27270 
21669,0.25671 
21670,0.21028 
21671,0.17010 
21672,0.14648 
21673,0.12238 
21674,0.12564 
21675,0.15508 
21676,0.18391 
21677,0.23089 
21678,0.23770 
21679,0.19430 
21680,0.16975 
21681,0.14450 
21682,0.12511 
21683,0.11157 
21684,0.10136 
21685,0.09105 
21686,0.07738 
21687,0.06030 
21688,0.04587 
21689,0.03486 
21690,0.02441 
21691,0.01451 
21692,0.00815 
21693,0.00607 
21694,0.00461 
21695,0.00377 
21696,0.00288 
21697,0.00194 
21698,0.00024 
21699,0.00000 
21700,0.00000 
21701,0.00000 
21702,0.00000 
21703,0.00000 
21704,0.00000 
21705,0.00000 
21706,0.00136 
21707,0.00396 
21708,0.00659 
21709,0.00925 
21710,0.01182 
21711,0.01908 
21712,0.02638 
21713,0.03373 
21714,0.04282 
21715,0.05374 
21716,0.06445 
21717,0.08082 
21718,0.09607 
21719,0.11306 
21720,0.13468 
21721,0.15634 
21722,0.18396 
21723,0.22101 
21724,0.24651 
21725,0.26047 
21726,0.24736 
21727,0.21299 
21728,0.18040 
21729,0.14268 
21730,0.12155 
21731,0.10572 
21732,0.11639 
21733,0.15177 
21734,0.17989 
21735,0.20059 
21736,0.20033 
21737,0.18839 
21738,0.18842 
21739,0.20411 
21740,0.21594 
21741,0.21551 
21742,0.20423 
21743,0.17663 
21744,0.18385 
21745,0.22419 
21746,0.26407 
21747,0.30219 
21748,0.31697 
21749,0.30792 
21750,0.30484 
21751,0.30713 
21752,0.33075 
21753,0.37408 
21754,0.42786 
21755,0.49401 
21756,0.50373 
21757,0.45941 
21758,0.40967 
21759,0.36458 
21760,0.34501 
21761,0.36073 
21762,0.39403 
21763,0.42419 
21764,0.39386 
21765,0.32745 
21766,0.30332 
21767,0.31115 
21768,0.34546 
21769,0.42310 
21770,0.48008 
21771,0.51980 
21772,0.56383 
21773,0.61935 
21774,0.66194 
21775,0.69330 
21776,0.72342 
21777,0.75562 
21778,0.74138 
21779,0.68012 
21780,0.61853 
21781,0.56372 
21782,0.53122 
21783,0.51870 
21784,0.50728 
21785,0.49448 
21786,0.45068 
21787,0.37695 
21788,0.32369 
21789,0.26893 
21790,0.21412 
21791,0.18110 
21792,0.14609 
21793,0.11590 
21794,0.09851 
21795,0.09103 
21796,0.08350 
21797,0.07593 
21798,0.08318 
21799,0.10517 
21800,0.12793 
21801,0.15375 
21802,0.18331 
21803,0.21090 
21804,0.23883 
21805,0.27057 
21806,0.27925 
21807,0.25504 
21808,0.23644 
21809,0.21841 
21810,0.20933 
21811,0.20873 
21812,0.20813 
21813,0.20754 
21814,0.20692 
21815,0.20502 
21816,0.20570 
21817,0.20564 
21818,0.21060 
21819,0.21952 
21820,0.23516 
21821,0.25619 
21822,0.26498 
21823,0.26241 
21824,0.27041 
21825,0.28796 
21826,0.30106 
21827,0.30750 
21828,0.32255 
21829,0.34555 
21830,0.40202 
21831,0.49368 
21832,0.52305 
21833,0.48932 
21834,0.46530 
21835,0.45847 
21836,0.42618 
21837,0.37818 
21838,0.34267 
21839,0.31627 
21840,0.28973 
21841,0.26319 
21842,0.23178 
21843,0.20153 
21844,0.19160 
21845,0.19976 
21846,0.20975 
21847,0.21759 
21848,0.20903 
21849,0.18296 
21850,0.15996 
21851,0.14002 
21852,0.13643 
21853,0.15325 
21854,0.15182 
21855,0.13134 
21856,0.12857 
21857,0.14384 
21858,0.16665 
21859,0.19492 
21860,0.17509 
21861,0.11677 
21862,0.07377 
21863,0.04405 
21864,0.02465 
21865,0.01817 
21866,0.01549 
21867,0.01288 
21868,0.01024 
21869,0.00831 
21870,0.00835 
21871,0.01041 
21872,0.01322 
21873,0.01610 
21874,0.01757 
21875,0.01766 
21876,0.01775 
21877,0.01779 
21878,0.02357 
21879,0.03511 
21880,0.04678 
21881,0.06211 
21882,0.06695 
21883,0.05835 
21884,0.05092 
21885,0.04537 
21886,0.04317 
21887,0.04432 
21888,0.04566 
21889,0.04695 
21890,0.05861 
21891,0.09146 
21892,0.12569 
21893,0.16734 
21894,0.19524 
21895,0.20479 
21896,0.21456 
21897,0.22389 
21898,0.23974 
21899,0.26046 
21900,0.29643 
21901,0.33388 
21902,0.38832 
21903,0.45954 
21904,0.55269 
21905,0.65075 
21906,0.75607 
21907,0.88065 
21908,1.00787 
21909,1.13696 
21910,1.15222 
21911,1.06763 
21912,0.98450 
21913,0.89982 
21914,0.81792 
21915,0.75308 
21916,0.68106 
21917,0.59315 
21918,0.53877 
21919,0.48557 
21920,0.43498 
21921,0.39069 
21922,0.36017 
21923,0.34176 
21924,0.34668 
21925,0.37407 
21926,0.42197 
21927,0.49193 
21928,0.48367 
21929,0.39845 
21930,0.30321 
21931,0.20752 
21932,0.18916 
21933,0.24047 
21934,0.28185 
21935,0.31374 
21936,0.34478 
21937,0.38944 
21938,0.43062 
21939,0.45494 
21940,0.46010 
21941,0.45328 
21942,0.46059 
21943,0.49148 
21944,0.48122 
21945,0.43082 
21946,0.39618 
21947,0.37634 
21948,0.34436 
21949,0.30094 
21950,0.25213 
21951,0.21138 
21952,0.19055 
21953,0.17858 
21954,0.16739 
21955,0.15644 
21956,0.13249 
21957,0.09717 
21958,0.06405 
21959,0.03208 
21960,0.01220 
21961,0.00386 
21962,0.00000 
21963,0.00000 
21964,0.00000 
21965,0.00000 
21966,0.00000 
21967,0.00000 
21968,0.00000 
21969,0.00000 
21970,0.00000 
21971,0.00000 
21972,0.00000 
21973,0.00000 
21974,0.00000 
21975,0.00000 
21976,0.00000 
21977,0.00000 
21978,0.00000 
21979,0.00000 
21980,0.00000 
21981,0.00000 
21982,0.00000 
21983,0.00000 
21984,0.00000 
21985,0.00000 
21986,0.00000 
21987,0.00000 
21988,0.00000 
21989,0.00000 
21990,0.00000 
21991,0.00000 
21992,0.00000 
21993,0.00000 
21994,0.00000 
21995,0.00000 
21996,0.00000 
21997,0.00000 
21998,0.00000 
21999,0.00000 
22000,0.00000 
22001,0.00000 
22002,0.00000 
22003,0.00000 
22004,0.00000 
22005,0.00000 
22006,0.00000 
22007,0.00553 
22008,0.01722 
22009,0.02896 
22010,0.05354 
22011,0.09529 
22012,0.13950 
22013,0.18690 
22014,0.23022 
22015,0.25707 
22016,0.28365 
22017,0.31877 
22018,0.34646 
22019,0.35966 
22020,0.39796 
22021,0.47102 
22022,0.54962 
22023,0.62789 
22024,0.67825 
22025,0.69291 
22026,0.73065 
22027,0.78953 
22028,0.80081 
22029,0.75777 
22030,0.71529 
22031,0.67458 
22032,0.66271 
22033,0.68309 
22034,0.69689 
22035,0.70371 
22036,0.71664 
22037,0.73702 
22038,0.76972 
22039,0.81573 
22040,0.79778 
22041,0.72297 
22042,0.66312 
22043,0.61838 
22044,0.57250 
22045,0.52411 
22046,0.46773 
22047,0.40658 
22048,0.37279 
22049,0.35381 
22050,0.32773 
22051,0.29387 
22052,0.23728 
22053,0.17772 
22054,0.13765 
22055,0.11174 
22056,0.07080 
22057,0.02122 
22058,0.00196 
22059,0.00360 
22060,0.00526 
22061,0.00693 
22062,0.00864 
22063,0.01400 
22064,0.01940 
22065,0.02485 
22066,0.02296 
22067,0.01361 
22068,0.00760 
22069,0.00564 
22070,0.00454 
22071,0.00429 
22072,0.00404 
22073,0.00378 
22074,0.00457 
22075,0.00644 
22076,0.00833 
22077,0.01410 
22078,0.02036 
22079,0.02399 
22080,0.02775 
22081,0.03178 
22082,0.04059 
22083,0.05429 
22084,0.07217 
22085,0.09365 
22086,0.10543 
22087,0.10704 
22088,0.10870 
22089,0.11075 
22090,0.10792 
22091,0.10009 
22092,0.09244 
22093,0.08436 
22094,0.09775 
22095,0.13268 
22096,0.17245 
22097,0.22023 
22098,0.24262 
22099,0.24116 
22100,0.23897 
22101,0.23683 
22102,0.21613 
22103,0.18289 
22104,0.15574 
22105,0.13854 
22106,0.15365 
22107,0.20236 
22108,0.24711 
22109,0.29170 
22110,0.35378 
22111,0.44006 
22112,0.52058 
22113,0.59263 
22114,0.67409 
22115,0.77546 
22116,0.81094 
22117,0.75931 
22118,0.70782 
22119,0.66212 
22120,0.65888 
22121,0.71000 
22122,0.73099 
22123,0.73092 
22124,0.71256 
22125,0.67758 
22126,0.67120 
22127,0.68819 
22128,0.67702 
22129,0.64096 
22130,0.60116 
22131,0.55809 
22132,0.56064 
22133,0.60520 
22134,0.66130 
22135,0.72866 
22136,0.72422 
22137,0.64991 
22138,0.59039 
22139,0.54461 
22140,0.51898 
22141,0.50885 
22142,0.46515 
22143,0.39253 
22144,0.36024 
22145,0.35828 
22146,0.35621 
22147,0.35131 
22148,0.31446 
22149,0.26457 
22150,0.22984 
22151,0.20090 
22152,0.15619 
22153,0.11697 
22154,0.09537 
22155,0.07736 
22156,0.05925 
22157,0.04331 
22158,0.03366 
22159,0.02596 
22160,0.01809 
22161,0.01017 
22162,0.00743 
22163,0.00633 
22164,0.00523 
22165,0.00410 
22166,0.00268 
22167,0.00094 
22168,0.00000 
22169,0.00000 
22170,0.00000 
22171,0.00000 
22172,0.00000 
22173,0.00000 
22174,0.00000 
22175,0.00000 
22176,0.00000 
22177,0.00000 
22178,0.00000 
22179,0.00000 
22180,0.00000 
22181,0.00000 
22182,0.00000 
22183,0.00000 
22184,0.00000 
22185,0.00000 
22186,0.00000 
22187,0.00000 
22188,0.00000 
22189,0.00000 
22190,0.00000 
22191,0.00000 
22192,0.00000 
22193,0.00000 
22194,0.00000 
22195,0.00000 
22196,0.00000 
22197,0.00108 
22198,0.00226 
22199,0.00659 
22200,0.01459 
22201,0.02270 
22202,0.05217 
22203,0.10745 
22204,0.15844 
22205,0.21134 
22206,0.27625 
22207,0.34035 
22208,0.41450 
22209,0.49798 
22210,0.55629 
22211,0.57970 
22212,0.59516 
22213,0.59487 
22214,0.60612 
22215,0.63005 
22216,0.63907 
22217,0.63130 
22218,0.63490 
22219,0.64700 
22220,0.65568 
22221,0.66213 
22222,0.66526 
22223,0.66823 
22224,0.67860 
22225,0.69696 
22226,0.71685 
22227,0.73902 
22228,0.76163 
22229,0.78425 
22230,0.80425 
22231,0.81998 
22232,0.83093 
22233,0.84395 
22234,0.83231 
22235,0.81472 
22236,0.75119 
22237,0.65252 
22238,0.56536 
22239,0.48892 
22240,0.45149 
22241,0.43513 
22242,0.41085 
22243,0.37990 
22244,0.31615 
22245,0.24569 
22246,0.20173 
22247,0.17451 
22248,0.12887 
22249,0.08248 
22250,0.06017 
22251,0.04825 
22252,0.04033 
22253,0.03225 
22254,0.02699 
22255,0.02448 
22256,0.02192 
22257,0.01931 
22258,0.01656 
22259,0.01374 
22260,0.01091 
22261,0.00884 
22262,0.00887 
22263,0.01104 
22264,0.01400 
22265,0.01702 
22266,0.02007 
22267,0.02322 
22268,0.02643 
22269,0.02969 
22270,0.04340 
22271,0.07478 
22272,0.11557 
22273,0.16583 
22274,0.17993 
22275,0.14731 
22276,0.12278 
22277,0.09864 
22278,0.07593 
22279,0.05820 
22280,0.04448 
22281,0.03039 
22282,0.02329 
22283,0.02345 
22284,0.02369 
22285,0.02386 
22286,0.02785 
22287,0.03563 
22288,0.04333 
22289,0.05121 
22290,0.04932 
22291,0.03765 
22292,0.02613 
22293,0.01454 
22294,0.01259 
22295,0.02005 
22296,0.02746 
22297,0.03477 
22298,0.06494 
22299,0.13009 
22300,0.21379 
22301,0.31888 
22302,0.38087 
22303,0.36568 
22304,0.38832 
22305,0.46628 
22306,0.55363 
22307,0.64490 
22308,0.71908 
22309,0.76738 
22310,0.80427 
22311,0.83233 
22312,0.84436 
22313,0.84258 
22314,0.85819 
22315,0.89456 
22316,0.92098 
22317,0.93039 
22318,0.93785 
22319,0.93939 
22320,0.94565 
22321,0.96253 
22322,0.98307 
22323,1.00842 
22324,1.02295 
22325,1.02500 
22326,1.03663 
22327,1.04436 
22328,1.02845 
22329,0.99573 
22330,0.94033 
22331,0.86818 
22332,0.81166 
22333,0.77495 
22334,0.72752 
22335,0.67023 
22336,0.58958 
22337,0.49976 
22338,0.42347 
22339,0.35812 
22340,0.28771 
22341,0.22063 
22342,0.17349 
22343,0.13984 
22344,0.08697 
22345,0.03536 
22346,0.00895 
22347,0.00522 
22348,0.00179 
22349,0.00000 
22350,0.00000 
22351,0.00000 
22352,0.00000 
22353,0.00000 
22354,0.00000 
22355,0.00000 
22356,0.00263 
22357,0.00657 
22358,0.01097 
22359,0.01982 
22360,0.02874 
22361,0.03786 
22362,0.04564 
22363,0.05204 
22364,0.06075 
22365,0.07103 
22366,0.06490 
22367,0.04744 
22368,0.03231 
22369,0.01623 
22370,0.00963 
22371,0.00858 
22372,0.00754 
22373,0.00647 
22374,0.00541 
22375,0.00435 
22376,0.00327 
22377,0.00217 
22378,0.00353 
22379,0.00742 
22380,0.01136 
22381,0.02911 
22382,0.02555 
22383,0.00922 
22384,0.00368 
22385,0.00000 
22386,0.00000 
22387,0.00000 
22388,0.00000 
22389,0.00000 
22390,0.00000 
22391,0.00000 
22392,0.00000 
22393,0.00000 
22394,0.02254 
22395,0.07987 
22396,0.15687 
22397,0.25438 
22398,0.31167 
22399,0.31515 
22400,0.35264 
22401,0.42514 
22402,0.48179 
22403,0.52129 
22404,0.55650 
22405,0.58891 
22406,0.62408 
22407,0.66440 
22408,0.69178 
22409,0.70173 
22410,0.71508 
22411,0.73081 
22412,0.74268 
22413,0.75545 
22414,0.77207 
22415,0.79061 
22416,0.78334 
22417,0.74674 
22418,0.72056 
22419,0.70006 
22420,0.67430 
22421,0.64229 
22422,0.60703 
22423,0.57091 
22424,0.56213 
22425,0.57761 
22426,0.58837 
22427,0.59064 
22428,0.56670 
22429,0.52011 
22430,0.48529 
22431,0.46013 
22432,0.40754 
22433,0.33851 
22434,0.28007 
22435,0.23551 
22436,0.19763 
22437,0.15852 
22438,0.12664 
22439,0.10278 
22440,0.06770 
22441,0.02612 
22442,0.01910 
22443,0.04510 
22444,0.08356 
22445,0.12873 
22446,0.17997 
22447,0.24259 
22448,0.32569 
22449,0.42568 
22450,0.51982 
22451,0.59184 
22452,0.67643 
22453,0.76464 
22454,0.75735 
22455,0.65709 
22456,0.56673 
22457,0.48135 
22458,0.44930 
22459,0.47019 
22460,0.49152 
22461,0.51331 
22462,0.53838 
22463,0.56730 
22464,0.59917 
22465,0.63089 
22466,0.63101 
22467,0.59644 
22468,0.56165 
22469,0.52665 
22470,0.47440 
22471,0.41807 
22472,0.36797 
22473,0.31791 
22474,0.26925 
22475,0.24141 
22476,0.21588 
22477,0.19062 
22478,0.16435 
22479,0.14152 
22480,0.12135 
22481,0.10119 
22482,0.10152 
22483,0.12255 
22484,0.14340 
22485,0.16763 
22486,0.15221 
22487,0.10738 
22488,0.06450 
22489,0.03658 
22490,0.04767 
22491,0.09887 
22492,0.15826 
22493,0.22127 
22494,0.29104 
22495,0.36954 
22496,0.41984 
22497,0.46064 
22498,0.41764 
22499,0.32432 
22500,0.28109 
22501,0.28734 
22502,0.30667 
22503,0.34395 
22504,0.35663 
22505,0.34489 
22506,0.34193 
22507,0.34640 
22508,0.35641 
22509,0.37269 
22510,0.39146 
22511,0.41180 
22512,0.38753 
22513,0.32097 
22514,0.27298 
22515,0.24292 
22516,0.23963 
22517,0.25884 
22518,0.24880 
22519,0.20998 
22520,0.20008 
22521,0.21950 
22522,0.23832 
22523,0.25464 
22524,0.26399 
22525,0.26704 
22526,0.27294 
22527,0.28250 
22528,0.28511 
22529,0.27724 
22530,0.26834 
22531,0.26088 
22532,0.24236 
22533,0.21277 
22534,0.17856 
22535,0.13950 
22536,0.07935 
22537,0.02610 
22538,0.01012 
22539,0.01827 
22540,0.02648 
22541,0.03477 
22542,0.04109 
22543,0.04542 
22544,0.04991 
22545,0.05673 
22546,0.06685 
22547,0.08036 
22548,0.09379 
22549,0.10755 
22550,0.10811 
22551,0.09526 
22552,0.08228 
22553,0.06915 
22554,0.05717 
22555,0.04869 
22556,0.04176 
22557,0.03468 
22558,0.02608 
22559,0.01580 
22560,0.00902 
22561,0.00685 
22562,0.00501 
22563,0.00361 
22564,0.00220 
22565,0.00078 
22566,0.00007 
22567,0.00007 
22568,0.00007 
22569,0.00008 
22570,0.00063 
22571,0.00176 
22572,0.00290 
22573,0.00405 
22574,0.00617 
22575,0.00928 
22576,0.01574 
22577,0.03052 
22578,0.02785 
22579,0.01070 
22580,0.00643 
22581,0.00219 
22582,0.00142 
22583,0.00407 
22584,0.00668 
22585,0.00926 
22586,0.03008 
22587,0.07193 
22588,0.11474 
22589,0.15794 
22590,0.19319 
22591,0.22722 
22592,0.27922 
22593,0.33116 
22594,0.37061 
22595,0.39262 
22596,0.40702 
22597,0.41154 
22598,0.41322 
22599,0.40908 
22600,0.45219 
22601,0.55206 
22602,0.65191 
22603,0.75419 
22604,0.75554 
22605,0.66259 
22606,0.57952 
22607,0.50281 
22608,0.50698 
22609,0.58974 
22610,0.66836 
22611,0.74453 
22612,0.75640 
22613,0.70639 
22614,0.66724 
22615,0.63771 
22616,0.62519 
22617,0.62489 
22618,0.63411 
22619,0.64916 
22620,0.60339 
22621,0.50503 
22622,0.43714 
22623,0.39617 
22624,0.32087 
22625,0.21711 
22626,0.14947 
22627,0.10881 
22628,0.08906 
22629,0.09040 
22630,0.10688 
22631,0.12324 
22632,0.09423 
22633,0.04635 
22634,0.02541 
22635,0.01999 
22636,0.01454 
22637,0.00909 
22638,0.01052 
22639,0.01900 
22640,0.02754 
22641,0.03626 
22642,0.04286 
22643,0.04738 
22644,0.05194 
22645,0.05876 
22646,0.05907 
22647,0.05250 
22648,0.04827 
22649,0.04413 
22650,0.04658 
22651,0.05690 
22652,0.07134 
22653,0.08602 
22654,0.09814 
22655,0.10759 
22656,0.11778 
22657,0.12813 
22658,0.13427 
22659,0.13547 
22660,0.13630 
22661,0.13754 
22662,0.10548 
22663,0.04742 
22664,0.00958 
22665,0.00027 
22666,0.00000 
22667,0.00000 
22668,0.00000 
22669,0.00000 
22670,0.00000 
22671,0.00000 
22672,0.00000 
22673,0.00000 
22674,0.00000 
22675,0.00000 
22676,0.00000 
22677,0.00000 
22678,0.00000 
22679,0.00000 
22680,0.00000 
22681,0.00000 
22682,0.00921 
22683,0.02900 
22684,0.04925 
22685,0.06967 
22686,0.12546 
22687,0.22332 
22688,0.29121 
22689,0.33000 
22690,0.40807 
22691,0.53240 
22692,0.58607 
22693,0.55127 
22694,0.50574 
22695,0.45558 
22696,0.47250 
22697,0.56545 
22698,0.65838 
22699,0.75798 
22700,0.79702 
22701,0.76921 
22702,0.75646 
22703,0.76013 
22704,0.75112 
22705,0.72943 
22706,0.71195 
22707,0.70223 
22708,0.67975 
22709,0.64729 
22710,0.61732 
22711,0.59308 
22712,0.57349 
22713,0.55596 
22714,0.54162 
22715,0.52977 
22716,0.50360 
22717,0.46337 
22718,0.42328 
22719,0.38318 
22720,0.34465 
22721,0.30642 
22722,0.26833 
22723,0.23167 
22724,0.19630 
22725,0.15924 
22726,0.12833 
22727,0.10131 
22728,0.06089 
22729,0.01766 
22730,0.00000 
22731,0.00033 
22732,0.00423 
22733,0.00815 
22734,0.00947 
22735,0.00555 
22736,0.00247 
22737,0.00000 
22738,0.00000 
22739,0.00251 
22740,0.00573 
22741,0.00986 
22742,0.00994 
22743,0.00586 
22744,0.00262 
22745,0.00000 
22746,0.00000 
22747,0.00000 
22748,0.00147 
22749,0.00307 
22750,0.00296 
22751,0.00105 
22752,0.00000 
22753,0.00000 
22754,0.00000 
22755,0.00000 
22756,0.00000 
22757,0.00000 
22758,0.00000 
22759,0.00000 
22760,0.00000 
22761,0.00000 
22762,0.00100 
22763,0.00000 
22764,0.00000 
22765,0.00000 
22766,0.00000 
22767,0.00000 
22768,0.00000 
22769,0.00000 
22770,0.00000 
22771,0.00000 
22772,0.00000 
22773,0.00000 
22774,0.00026 
22775,0.00062 
22776,0.00096 
22777,0.00129 
22778,0.01987 
22779,0.05941 
22780,0.10045 
22781,0.14209 
22782,0.17823 
22783,0.21179 
22784,0.24753 
22785,0.28076 
22786,0.31801 
22787,0.36154 
22788,0.39555 
22789,0.42275 
22790,0.46653 
22791,0.52886 
22792,0.46313 
22793,0.27774 
22794,0.09904 
22795,0.01604 
22796,0.01591 
22797,0.07307 
22798,0.15353 
22799,0.19790 
22800,0.24817 
22801,0.30345 
22802,0.44807 
22803,0.68155 
22804,0.76650 
22805,0.70462 
22806,0.67943 
22807,0.69018 
22808,0.68790 
22809,0.67133 
22810,0.66310 
22811,0.66686 
22812,0.63815 
22813,0.58416 
22814,0.54424 
22815,0.51844 
22816,0.46590 
22817,0.39034 
22818,0.28944 
22819,0.21908 
22820,0.16700 
22821,0.12698 
22822,0.10647 
22823,0.09546 
22824,0.06316 
22825,0.02360 
22826,0.00757 
22827,0.00759 
22828,0.00761 
22829,0.00763 
22830,0.01238 
22831,0.02549 
22832,0.03869 
22833,0.05465 
22834,0.07452 
22835,0.09375 
22836,0.11378 
22837,0.14047 
22838,0.14873 
22839,0.13879 
22840,0.12862 
22841,0.11790 
22842,0.10452 
22843,0.08541 
22844,0.06607 
22845,0.04865 
22846,0.04716 
22847,0.05851 
22848,0.07435 
22849,0.09063 
22850,0.09943 
22851,0.09944 
22852,0.09973 
22853,0.10002 
22854,0.10695 
22855,0.12067 
22856,0.13501 
22857,0.15311 
22858,0.18563 
22859,0.23105 
22860,0.29697 
22861,0.38023 
22862,0.46085 
22863,0.56638 
22864,0.67257 
22865,0.78842 
22866,0.78852 
22867,0.67485 
22868,0.56843 
22869,0.46402 
22870,0.44043 
22871,0.47742 
22872,0.52135 
22873,0.56477 
22874,0.60229 
22875,0.63818 
22876,0.67926 
22877,0.72151 
22878,0.73465 
22879,0.73747 
22880,0.74066 
22881,0.70280 
22882,0.67863 
22883,0.68133 
22884,0.67364 
22885,0.65857 
22886,0.63116 
22887,0.60652 
22888,0.58767 
22889,0.57356 
22890,0.56178 
22891,0.55284 
22892,0.55586 
22893,0.56995 
22894,0.59987 
22895,0.64678 
22896,0.70627 
22897,0.79317 
22898,0.86011 
22899,0.90767 
22900,0.85510 
22901,0.70580 
22902,0.55138 
22903,0.45394 
22904,0.43603 
22905,0.44009 
22906,0.45520 
22907,0.49299 
22908,0.54388 
22909,0.60490 
22910,0.64171 
22911,0.63439 
22912,0.59166 
22913,0.52348 
22914,0.47494 
22915,0.45603 
22916,0.45253 
22917,0.45326 
22918,0.45393 
22919,0.45374 
22920,0.44693 
22921,0.43408 
22922,0.43022 
22923,0.43224 
22924,0.43333 
22925,0.43538 
22926,0.42110 
22927,0.38919 
22928,0.35763 
22929,0.33032 
22930,0.37341 
22931,0.50307 
22932,0.64960 
22933,0.80988 
22934,0.85860 
22935,0.80287 
22936,0.74502 
22937,0.68499 
22938,0.69005 
22939,0.75813 
22940,0.82921 
22941,0.89792 
22942,0.91588 
22943,0.87837 
22944,0.83891 
22945,0.79447 
22946,0.78907 
22947,0.82071 
22948,0.85472 
22949,0.88647 
22950,0.84935 
22951,0.73942 
22952,0.64176 
22953,0.54837 
22954,0.51239 
22955,0.53694 
22956,0.56042 
22957,0.58434 
22958,0.62574 
22959,0.68664 
22960,0.74606 
22961,0.81996 
22962,0.85495 
22963,0.85258 
22964,0.85279 
22965,0.85044 
22966,0.78493 
22967,0.66996 
22968,0.56279 
22969,0.45682 
22970,0.41817 
22971,0.42107 
22972,0.42539 
22973,0.43059 
22974,0.40482 
22975,0.37612 
22976,0.35547 
22977,0.34764 
22978,0.35605 
22979,0.37479 
22980,0.39075 
22981,0.40512 
22982,0.42614 
22983,0.45348 
22984,0.47667 
22985,0.49534 
22986,0.52192 
22987,0.55568 
22988,0.60248 
22989,0.66278 
22990,0.69841 
22991,0.70539 
22992,0.71392 
22993,0.72327 
22994,0.74737 
22995,0.79354 
22996,0.75019 
22997,0.63179 
22998,0.54420 
22999,0.48624 
23000,0.44671 
23001,0.42336 
23002,0.39419 
23003,0.36071 
23004,0.33990 
23005,0.32936 
23006,0.30175 
23007,0.26075 
23008,0.24545 
23009,0.24930 
23010,0.26563 
23011,0.28487 
23012,0.22919 
23013,0.13053 
23014,0.07581 
23015,0.04397 
23016,0.02343 
23017,0.01760 
23018,0.01198 
23019,0.00717 
23020,0.00562 
23021,0.00405 
23022,0.00435 
23023,0.00654 
23024,0.01114 
23025,0.02168 
23026,0.03559 
23027,0.05583 
23028,0.08301 
23029,0.11047 
23030,0.12960 
23031,0.13025 
23032,0.13091 
23033,0.13188 
23034,0.10953 
23035,0.07365 
23036,0.04207 
23037,0.01843 
23038,0.00887 
23039,0.01149 
23040,0.01520 
23041,0.01932 
23042,0.02840 
23043,0.04225 
23044,0.05636 
23045,0.07471 
23046,0.08472 
23047,0.08252 
23048,0.08054 
23049,0.07852 
23050,0.06506 
23051,0.04930 
23052,0.03323 
23053,0.01685 
23054,0.00965 
23055,0.00694 
23056,0.00421 
23057,0.00146 
23058,0.00000 
23059,0.00000 
23060,0.00000 
23061,0.00000 
23062,0.00000 
23063,0.00000 
23064,0.00220 
23065,0.00488 
23066,0.02771 
23067,0.07643 
23068,0.13138 
23069,0.19255 
23070,0.27829 
23071,0.42535 
23072,0.50333 
23073,0.44484 
23074,0.33419 
23075,0.26805 
23076,0.29289 
23077,0.38382 
23078,0.52449 
23079,0.64805 
23080,0.69251 
23081,0.64919 
23082,0.62480 
23083,0.62419 
23084,0.60886 
23085,0.58290 
23086,0.56061 
23087,0.53836 
23088,0.53136 
23089,0.53949 
23090,0.51018 
23091,0.43983 
23092,0.45709 
23093,0.55530 
23094,0.67420 
23095,0.81403 
23096,0.81683 
23097,0.69298 
23098,0.58908 
23099,0.50846 
23100,0.42808 
23101,0.34831 
23102,0.25742 
23103,0.18506 
23104,0.15430 
23105,0.16004 
23106,0.17333 
23107,0.19264 
23108,0.18462 
23109,0.15356 
23110,0.12715 
23111,0.10591 
23112,0.08135 
23113,0.05310 
23114,0.04775 
23115,0.07033 
23116,0.09489 
23117,0.12052 
23118,0.12722 
23119,0.10975 
23120,0.09460 
23121,0.07948 
23122,0.06055 
23123,0.04340 
23124,0.02888 
23125,0.01420 
23126,0.00879 
23127,0.00884 
23128,0.00888 
23129,0.00891 
23130,0.00896 
23131,0.00901 
23132,0.00906 
23133,0.00910 
23134,0.00963 
23135,0.01242 
23136,0.01639 
23137,0.02073 
23138,0.02309 
23139,0.02316 
23140,0.02331 
23141,0.02338 
23142,0.02166 
23143,0.01809 
23144,0.01445 
23145,0.01179 
23146,0.01191 
23147,0.01479 
23148,0.01882 
23149,0.02291 
23150,0.03490 
23151,0.05495 
23152,0.07672 
23153,0.10827 
23154,0.13801 
23155,0.16619 
23156,0.20541 
23157,0.24406 
23158,0.25394 
23159,0.23445 
23160,0.21534 
23161,0.19661 
23162,0.19194 
23163,0.20309 
23164,0.21404 
23165,0.22635 
23166,0.23612 
23167,0.24336 
23168,0.24706 
23169,0.24954 
23170,0.40086 
23171,0.72983 
23172,0.84011 
23173,0.67832 
23174,0.57674 
23175,0.55210 
23176,0.56398 
23177,0.63134 
23178,0.71661 
23179,0.81573 
23180,0.81550 
23181,0.71416 
23182,0.64181 
23183,0.60365 
23184,0.53300 
23185,0.43476 
23186,0.31705 
23187,0.22223 
23188,0.19598 
23189,0.20190 
23190,0.20072 
23191,0.19192 
23192,0.18160 
23193,0.16918 
23194,0.14752 
23195,0.11729 
23196,0.12449 
23197,0.17027 
23198,0.27671 
23199,0.42872 
23200,0.43584 
23201,0.32222 
23202,0.25441 
23203,0.22588 
23204,0.19578 
23205,0.16636 
23206,0.14242 
23207,0.11729 
23208,0.07947 
23209,0.03718 
23210,0.01076 
23211,0.00630 
23212,0.00279 
23213,0.00000 
23214,0.00000 
23215,0.00000 
23216,0.00000 
23217,0.00000 
23218,0.00000 
23219,0.00000 
23220,0.00000 
23221,0.00000 
23222,0.00000 
23223,0.00000 
23224,0.00000 
23225,0.00000 
23226,0.00000 
23227,0.00000 
23228,0.00000 
23229,0.00000 
23230,0.00000 
23231,0.00000 
23232,0.00000 
23233,0.00000 
23234,0.00000 
23235,0.00000 
23236,0.00000 
23237,0.00000 
23238,0.00000 
23239,0.00000 
23240,0.00000 
23241,0.00000 
23242,0.00000 
23243,0.00000 
23244,0.00000 
23245,0.00000 
23246,0.00000 
23247,0.00000 
23248,0.00000 
23249,0.00000 
23250,0.00000 
23251,0.00000 
23252,0.00000 
23253,0.00053 
23254,0.00362 
23255,0.00711 
23256,0.01054 
23257,0.01770 
23258,0.04051 
23259,0.07435 
23260,0.11490 
23261,0.15538 
23262,0.22307 
23263,0.34514 
23264,0.47922 
23265,0.60865 
23266,0.73080 
23267,0.81991 
23268,0.93649 
23269,1.07334 
23270,1.17592 
23271,1.22196 
23272,1.19382 
23273,1.04549 
23274,0.95807 
23275,0.93333 
23276,0.94688 
23277,0.99088 
23278,0.97720 
23279,0.93952 
23280,1.00127 
23281,1.15156 
23282,1.32514 
23283,1.46995 
23284,1.55292 
23285,1.57417 
23286,1.58741 
23287,1.60278 
23288,1.59840 
23289,1.58205 
23290,1.53170 
23291,1.45329 
23292,1.35256 
23293,1.23289 
23294,1.14571 
23295,1.09290 
23296,1.06158 
23297,1.04591 
23298,1.00096 
23299,0.92625 
23300,0.81983 
23301,0.68945 
23302,0.72514 
23303,0.95758 
23304,1.19385 
23305,1.42459 
23306,1.45362 
23307,1.28107 
23308,1.08887 
23309,0.88831 
23310,0.84038 
23311,0.95279 
23312,1.06440 
23313,1.17399 
23314,1.28493 
23315,1.38932 
23316,1.48865 
23317,1.58864 
23318,1.66477 
23319,1.72114 
23320,1.77296 
23321,1.83055 
23322,1.79035 
23323,1.65521 
23324,1.50963 
23325,1.36453 
23326,1.26534 
23327,1.21875 
23328,1.17345 
23329,1.11811 
23330,1.10540 
23331,1.13504 
23332,1.16883 
23333,1.19903 
23334,1.12954 
23335,0.96081 
23336,0.80148 
23337,0.65352 
23338,0.54036 
23339,0.47911 
23340,0.41692 
23341,0.35376 
23342,0.30113 
23343,0.26436 
23344,0.22756 
23345,0.19074 
23346,0.17019 
23347,0.16233 
23348,0.15458 
23349,0.14693 
23350,0.11445 
23351,0.06409 
23352,0.02854 
23353,0.00868 
23354,0.01970 
23355,0.05065 
23356,0.09777 
23357,0.14713 
23358,0.17574 
23359,0.18416 
23360,0.18663 
23361,0.18521 
23362,0.18006 
23363,0.17067 
23364,0.19876 
23365,0.26467 
23366,0.36451 
23367,0.49943 
23368,0.51204 
23369,0.39720 
23370,0.32082 
23371,0.28316 
23372,0.24321 
23373,0.20251 
23374,0.15781 
23375,0.10754 
23376,0.09084 
23377,0.10605 
23378,0.10729 
23379,0.09477 
23380,0.10705 
23381,0.14364 
23382,0.18002 
23383,0.21714 
23384,0.24100 
23385,0.24960 
23386,0.27271 
23387,0.31041 
23388,0.29831 
23389,0.23514 
23390,0.18204 
23391,0.14007 
23392,0.11191 
23393,0.09738 
23394,0.07474 
23395,0.04481 
23396,0.03261 
23397,0.03708 
23398,0.04097 
23399,0.04419 
23400,0.03377 
23401,0.01061 
23402,0.00000 
23403,0.00000 
23404,0.00061 
23405,0.00309 
23406,0.00595 
23407,0.00921 
23408,0.01899 
23409,0.03462 
23410,0.04425 
23411,0.04801 
23412,0.05165 
23413,0.05532 
23414,0.06764 
23415,0.09572 
23416,0.12454 
23417,0.15546 
23418,0.15647 
23419,0.12696 
23420,0.09915 
23421,0.07074 
23422,0.05618 
23423,0.04776 
23424,0.03900 
23425,0.02998 
23426,0.01427 
23427,0.00839 
23428,0.00374 
23429,0.00000 
23430,0.00000 
23431,0.00000 
23432,0.00211 
23433,0.00442 
23434,0.00700 
23435,0.00985 
23436,0.01273 
23437,0.02155 
23438,0.03395 
23439,0.04523 
23440,0.05653 
23441,0.06783 
23442,0.07295 
23443,0.07245 
23444,0.07195 
23445,0.07145 
23446,0.07397 
23447,0.08075 
23448,0.08987 
23449,0.09846 
23450,0.13550 
23451,0.20869 
23452,0.28981 
23453,0.37976 
23454,0.44580 
23455,0.49602 
23456,0.55242 
23457,0.60687 
23458,0.67749 
23459,0.76786 
23460,0.83952 
23461,0.87593 
23462,0.91169 
23463,0.94072 
23464,0.98023 
23465,1.03969 
23466,1.12324 
23467,1.23002 
23468,1.29884 
23469,1.32984 
23470,1.33895 
23471,1.32770 
23472,1.30288 
23473,1.26545 
23474,1.23914 
23475,1.21800 
23476,1.18106 
23477,1.13349 
23478,1.09847 
23479,1.07047 
23480,1.04248 
23481,1.01928 
23482,0.99312 
23483,0.96603 
23484,0.91881 
23485,0.85251 
23486,0.79125 
23487,0.72829 
23488,0.64460 
23489,0.54563 
23490,0.46633 
23491,0.40515 
23492,0.31546 
23493,0.21311 
23494,0.14360 
23495,0.10538 
23496,0.06651 
23497,0.02081 
23498,0.00221 
23499,0.00364 
23500,0.00509 
23501,0.00652 
23502,0.00855 
23503,0.01225 
23504,0.02452 
23505,0.03696 
23506,0.04073 
23507,0.03545 
23508,0.03026 
23509,0.02495 
23510,0.02957 
23511,0.04427 
23512,0.05908 
23513,0.07883 
23514,0.06787 
23515,0.03820 
23516,0.01105 
23517,0.00482 
23518,0.00068 
23519,0.00000 
23520,0.00000 
23521,0.00000 
23522,0.00000 
23523,0.00000 
23524,0.00000 
23525,0.00000 
23526,0.00000 
23527,0.00000 
23528,0.00000 
23529,0.00000 
23530,0.00000 
23531,0.00000 
23532,0.00000 
23533,0.00000 
23534,0.00000 
23535,0.00000 
23536,0.00000 
23537,0.00000 
23538,0.00000 
23539,0.00000 
23540,0.00000 
23541,0.00000 
23542,0.00000 
23543,0.00000 
23544,0.00000 
23545,0.00000 
23546,0.02631 
23547,0.09160 
23548,0.15954 
23549,0.20944 
23550,0.22092 
23551,0.20755 
23552,0.22568 
23553,0.32282 
23554,0.46273 
23555,0.58587 
23556,0.65185 
23557,0.64892 
23558,0.66737 
23559,0.71324 
23560,0.71798 
23561,0.68127 
23562,0.63713 
23563,0.58512 
23564,0.58435 
23565,0.63816 
23566,0.68540 
23567,0.72620 
23568,0.73590 
23569,0.71832 
23570,0.71158 
23571,0.71831 
23572,0.70754 
23573,0.68103 
23574,0.66942 
23575,0.66771 
23576,0.63666 
23577,0.57702 
23578,0.50645 
23579,0.42820 
23580,0.42157 
23581,0.47379 
23582,0.51835 
23583,0.55279 
23584,0.50623 
23585,0.39685 
23586,0.31206 
23587,0.24906 
23588,0.19770 
23589,0.15260 
23590,0.11081 
23591,0.07495 
23592,0.04303 
23593,0.01345 
23594,0.00000 
23595,0.00000 
23596,0.00000 
23597,0.00000 
23598,0.00000 
23599,0.00000 
23600,0.00000 
23601,0.00000 
23602,0.00000 
23603,0.00000 
23604,0.00000 
23605,0.00000 
23606,0.00000 
23607,0.00000 
23608,0.00000 
23609,0.00000 
23610,0.00000 
23611,0.00000 
23612,0.00000 
23613,0.00000 
23614,0.00000 
23615,0.00000 
23616,0.00000 
23617,0.00000 
23618,0.00000 
23619,0.00000 
23620,0.00000 
23621,0.00000 
23622,0.00000 
23623,0.00000 
23624,0.00000 
23625,0.00000 
23626,0.00000 
23627,0.00000 
23628,0.00000 
23629,0.00000 
23630,0.00000 
23631,0.00000 
23632,0.00000 
23633,0.00000 
23634,0.00000 
23635,0.00000 
23636,0.00000 
23637,0.00000 
23638,0.00000 
23639,0.00000 
23640,0.00000 
23641,0.00000 
23642,0.02985 
23643,0.11584 
23644,0.21324 
23645,0.27956 
23646,0.30884 
23647,0.31554 
23648,0.34866 
23649,0.40273 
23650,0.43854 
23651,0.45561 
23652,0.48151 
23653,0.52036 
23654,0.55025 
23655,0.56779 
23656,0.62038 
23657,0.71530 
23658,0.82893 
23659,0.96292 
23660,0.99650 
23661,0.92599 
23662,0.87718 
23663,0.85297 
23664,0.82590 
23665,0.79522 
23666,0.76105 
23667,0.72451 
23668,0.70393 
23669,0.69754 
23670,0.69941 
23671,0.70754 
23672,0.69114 
23673,0.64815 
23674,0.60343 
23675,0.55805 
23676,0.52356 
23677,0.49761 
23678,0.47301 
23679,0.45207 
23680,0.42538 
23681,0.39106 
23682,0.36539 
23683,0.34688 
23684,0.30033 
23685,0.24642 
23686,0.21108 
23687,0.18196 
23688,0.15761 
23689,0.13915 
23690,0.14325 
23691,0.17103 
23692,0.19940 
23693,0.22730 
23694,0.23569 
23695,0.22370 
23696,0.21089 
23697,0.19849 
23698,0.20515 
23699,0.23185 
23700,0.26437 
23701,0.31245 
23702,0.33679 
23703,0.33894 
23704,0.34009 
23705,0.34228 
23706,0.35365 
23707,0.37646 
23708,0.39836 
23709,0.42041 
23710,0.38053 
23711,0.27428 
23712,0.21363 
23713,0.15420 
23714,0.12260 
23715,0.10455 
23716,0.08647 
23717,0.06902 
23718,0.05682 
23719,0.04375 
23720,0.03020 
23721,0.01641 
23722,0.01082 
23723,0.00830 
23724,0.00575 
23725,0.00318 
23726,0.00275 
23727,0.00453 
23728,0.00636 
23729,0.00819 
23730,0.01183 
23731,0.03130 
23732,0.05711 
23733,0.08583 
23734,0.09726 
23735,0.07974 
23736,0.06760 
23737,0.05669 
23738,0.06464 
23739,0.11467 
23740,0.18120 
23741,0.22584 
23742,0.26244 
23743,0.30053 
23744,0.34750 
23745,0.42547 
23746,0.50446 
23747,0.58337 
23748,0.63178 
23749,0.63579 
23750,0.64497 
23751,0.66345 
23752,0.69551 
23753,0.74336 
23754,0.77218 
23755,0.77853 
23756,0.79298 
23757,0.82945 
23758,0.88345 
23759,0.96567 
23760,0.98942 
23761,0.95099 
23762,0.90391 
23763,0.84437 
23764,0.82619 
23765,0.84795 
23766,0.87011 
23767,0.88975 
23768,0.86751 
23769,0.81083 
23770,0.77404 
23771,0.75233 
23772,0.68720 
23773,0.58412 
23774,0.49908 
23775,0.43543 
23776,0.37136 
23777,0.30026 
23778,0.23470 
23779,0.17676 
23780,0.13792 
23781,0.11210 
23782,0.08534 
23783,0.05726 
23784,0.03142 
23785,0.00972 
23786,0.00000 
23787,0.00000 
23788,0.00000 
23789,0.00000 
23790,0.00000 
23791,0.00000 
23792,0.00000 
23793,0.00000 
23794,0.00000 
23795,0.00000 
23796,0.00000 
23797,0.00000 
23798,0.00000 
23799,0.00096 
23800,0.00344 
23801,0.00594 
23802,0.00848 
23803,0.01215 
23804,0.02433 
23805,0.03678 
23806,0.04342 
23807,0.04438 
23808,0.04539 
23809,0.04644 
23810,0.03653 
23811,0.01553 
23812,0.00835 
23813,0.00393 
23814,0.00335 
23815,0.00668 
23816,0.01004 
23817,0.01716 
23818,0.01734 
23819,0.01037 
23820,0.00705 
23821,0.00361 
23822,0.00097 
23823,0.00000 
23824,0.00000 
23825,0.00000 
23826,0.00000 
23827,0.00276 
23828,0.00809 
23829,0.01395 
23830,0.02026 
23831,0.01199 
23832,0.00928 
23833,0.00661 
23834,0.02834 
23835,0.09454 
23836,0.16788 
23837,0.21401 
23838,0.24894 
23839,0.28510 
23840,0.31511 
23841,0.33888 
23842,0.34365 
23843,0.32551 
23844,0.36433 
23845,0.47017 
23846,0.59275 
23847,0.72879 
23848,0.75677 
23849,0.66741 
23850,0.56228 
23851,0.51205 
23852,0.51435 
23853,0.61286 
23854,0.79037 
23855,0.92731 
23856,0.94277 
23857,0.84447 
23858,0.79418 
23859,0.79283 
23860,0.72248 
23861,0.58647 
23862,0.42715 
23863,0.31997 
23864,0.29397 
23865,0.27745 
23866,0.24404 
23867,0.19779 
23868,0.18561 
23869,0.20261 
23870,0.22173 
23871,0.24113 
23872,0.22815 
23873,0.18422 
23874,0.14543 
23875,0.11099 
23876,0.09084 
23877,0.08470 
23878,0.08691 
23879,0.08871 
23880,0.06122 
23881,0.01851 
23882,0.00007 
23883,0.00007 
23884,0.00007 
23885,0.00007 
23886,0.00057 
23887,0.00159 
23888,0.00262 
23889,0.00367 
23890,0.00490 
23891,0.00632 
23892,0.00773 
23893,0.00915 
23894,0.00743 
23895,0.00253 
23896,0.00000 
23897,0.00000 
23898,0.00000 
23899,0.00000 
23900,0.00000 
23901,0.00000 
23902,0.00000 
23903,0.00000 
23904,0.00000 
23905,0.00048 
23906,0.00254 
23907,0.00417 
23908,0.00583 
23909,0.00750 
23910,0.01021 
23911,0.02014 
23912,0.03853 
23913,0.05731 
23914,0.05362 
23915,0.02708 
23916,0.01033 
23917,0.00470 
23918,0.00318 
23919,0.00584 
23920,0.00850 
23921,0.01120 
23922,0.01500 
23923,0.02562 
23924,0.03624 
23925,0.04687 
23926,0.06260 
23927,0.08721 
23928,0.11919 
23929,0.15074 
23930,0.19291 
23931,0.25210 
23932,0.31211 
23933,0.37243 
23934,0.41946 
23935,0.48059 
23936,0.53300 
23937,0.53734 
23938,0.61196 
23939,0.76200 
23940,0.86626 
23941,0.91275 
23942,0.90551 
23943,0.80077 
23944,0.77926 
23945,0.84435 
23946,0.93519 
23947,1.04971 
23948,1.04658 
23949,0.91570 
23950,0.78860 
23951,0.67053 
23952,0.57611 
23953,0.49868 
23954,0.41770 
23955,0.34706 
23956,0.31239 
23957,0.29275 
23958,0.26736 
23959,0.23535 
23960,0.23474 
23961,0.27029 
23962,0.31412 
23963,0.36078 
23964,0.35425 
23965,0.30142 
23966,0.26476 
23967,0.24940 
23968,0.25202 
23969,0.26183 
23970,0.26310 
23971,0.25830 
23972,0.26800 
23973,0.29185 
23974,0.32694 
23975,0.36507 
23976,0.38209 
23977,0.38671 
23978,0.33325 
23979,0.22564 
23980,0.16002 
23981,0.10526 
23982,0.09558 
23983,0.12465 
23984,0.15982 
23985,0.20021 
23986,0.19240 
23987,0.13656 
23988,0.09479 
23989,0.05580 
23990,0.03794 
23991,0.02952 
23992,0.02095 
23993,0.01231 
23994,0.01410 
23995,0.02648 
23996,0.03902 
23997,0.05172 
23998,0.06406 
23999,0.08182 
24000,0.10056 
24001,0.12028 
24002,0.13388 
24003,0.14130 
24004,0.14887 
24005,0.15608 
24006,0.14836 
24007,0.12515 
24008,0.10094 
24009,0.07620 
24010,0.08682 
24011,0.13393 
24012,0.18395 
24013,0.24961 
24014,0.26903 
24015,0.24145 
24016,0.21308 
24017,0.18490 
24018,0.20255 
24019,0.26466 
24020,0.34029 
24021,0.45164 
24022,0.47116 
24023,0.40142 
24024,0.33352 
24025,0.27907 
24026,0.25600 
24027,0.26483 
24028,0.30436 
24029,0.37902 
24030,0.44663 
24031,0.47829 
24032,0.54254 
24033,0.65631 
24034,0.74774 
24035,0.80956 
24036,0.91463 
24037,1.04545 
24038,1.13234 
24039,1.18090 
24040,1.20795 
24041,1.21130 
24042,1.23117 
24043,1.27638 
24044,1.33395 
24045,1.40654 
24046,1.58822 
24047,1.94429 
24048,2.24954 
24049,2.49707 
24050,2.50586 
24051,2.28386 
24052,2.04138 
24053,1.78046 
24054,1.64949 
24055,1.65085 
24056,1.65680 
24057,1.65662 
24058,1.89707 
24059,2.33351 
24060,2.70149 
24061,2.88505 
24062,2.87086 
24063,2.73580 
24064,2.51610 
24065,2.23153 
24066,2.06800 
24067,2.04639 
24068,2.04592 
24069,2.04937 
24070,1.97741 
24071,1.81568 
24072,1.66087 
24073,1.52251 
24074,1.44347 
24075,1.41276 
24076,1.38183 
24077,1.35439 
24078,1.26439 
24079,1.10131 
24080,0.93199 
24081,0.75531 
24082,0.60983 
24083,0.48668 
24084,0.38484 
24085,0.29555 
24086,0.29746 
24087,0.39240 
24088,0.50419 
24089,0.64011 
24090,0.60848 
24091,0.42141 
24092,0.27281 
24093,0.18590 
24094,0.13949 
24095,0.12694 
24096,0.11406 
24097,0.10050 
24098,0.08992 
24099,0.08181 
24100,0.07353 
24101,0.06738 
24102,0.06031 
24103,0.05067 
24104,0.04101 
24105,0.03114 
24106,0.02209 
24107,0.01389 
24108,0.01174 
24109,0.01010 
24110,0.01197 
24111,0.03179 
24112,0.05822 
24113,0.08753 
24114,0.09069 
24115,0.06402 
24116,0.04196 
24117,0.02032 
24118,0.01282 
24119,0.01567 
24120,0.01948 
24121,0.02318 
24122,0.03924 
24123,0.08919 
24124,0.17963 
24125,0.30848 
24126,0.39494 
24127,0.39675 
24128,0.45257 
24129,0.57876 
24130,0.69535 
24131,0.80377 
24132,0.89749 
24133,0.95255 
24134,0.96696 
24135,0.94085 
24136,0.93428 
24137,0.95964 
24138,0.99661 
24139,1.04692 
24140,1.06201 
24141,1.04544 
24142,1.03413 
24143,1.03466 
24144,1.06261 
24145,1.11747 
24146,1.13187 
24147,1.11553 
24148,1.07151 
24149,1.01808 
24150,0.99158 
24151,0.99172 
24152,0.99359 
24153,1.00024 
24154,1.00705 
24155,1.01177 
24156,0.97259 
24157,0.89740 
24158,0.81405 
24159,0.72130 
24160,0.64046 
24161,0.56394 
24162,0.48945 
24163,0.41467 
24164,0.32118 
24165,0.23004 
24166,0.16576 
24167,0.11980 
24168,0.07112 
24169,0.02562 
24170,0.00919 
24171,0.00921 
24172,0.00924 
24173,0.00927 
24174,0.00867 
24175,0.00739 
24176,0.00611 
24177,0.00480 
24178,0.00415 
24179,0.00417 
24180,0.00420 
24181,0.00422 
24182,0.00529 
24183,0.00745 
24184,0.00965 
24185,0.01635 
24186,0.02598 
24187,0.03502 
24188,0.04415 
24189,0.05346 
24190,0.05881 
24191,0.05993 
24192,0.06109 
24193,0.06229 
24194,0.07133 
24195,0.09585 
24196,0.12055 
24197,0.14543 
24198,0.15567 
24199,0.15157 
24200,0.14686 
24201,0.14254 
24202,0.14407 
24203,0.15111 
24204,0.15876 
24205,0.16651 
24206,0.16776 
24207,0.16177 
24208,0.15518 
24209,0.14911 
24210,0.13580 
24211,0.11578 
24212,0.09541 
24213,0.07587 
24214,0.06713 
24215,0.06247 
24216,0.05787 
24217,0.05332 
24218,0.05849 
24219,0.07588 
24220,0.10034 
24221,0.13276 
24222,0.20170 
24223,0.33180 
24224,0.47890 
24225,0.63885 
24226,0.68153 
24227,0.56657 
24228,0.55878 
24229,0.68269 
24230,0.79402 
24231,0.88746 
24232,0.92927 
24233,0.91597 
24234,0.90816 
24235,0.91001 
24236,0.91400 
24237,0.91888 
24238,0.92610 
24239,0.93316 
24240,0.91792 
24241,0.88119 
24242,0.85028 
24243,0.82686 
24244,0.80880 
24245,0.79530 
24246,0.78194 
24247,0.77028 
24248,0.74526 
24249,0.70956 
24250,0.68937 
24251,0.68248 
24252,0.62674 
24253,0.53170 
24254,0.44124 
24255,0.35519 
24256,0.31071 
24257,0.28858 
24258,0.25930 
24259,0.22685 
24260,0.19111 
24261,0.15213 
24262,0.11566 
24263,0.08197 
24264,0.05174 
24265,0.04037 
24266,0.04170 
24267,0.04968 
24268,0.05855 
24269,0.07091 
24270,0.08358 
24271,0.09664 
24272,0.10964 
24273,0.12279 
24274,0.12007 
24275,0.10049 
24276,0.08067 
24277,0.06062 
24278,0.05218 
24279,0.04903 
24280,0.04587 
24281,0.04256 
24282,0.03110 
24283,0.01111 
24284,0.00649 
24285,0.00223 
24286,0.00000 
24287,0.00000 
24288,0.00000 
24289,0.00000 
24290,0.00000 
24291,0.00000 
24292,0.00000 
24293,0.00287 
24294,0.00570 
24295,0.00741 
24296,0.00913 
24297,0.01092 
24298,0.01188 
24299,0.01196 
24300,0.01205 
24301,0.01218 
24302,0.00919 
24303,0.00314 
24304,0.00000 
24305,0.00000 
24306,0.00000 
24307,0.00000 
24308,0.00000 
24309,0.00000 
24310,0.00000 
24311,0.00000 
24312,0.00000 
24313,0.00000 
24314,0.01893 
24315,0.05885 
24316,0.09940 
24317,0.13958 
24318,0.20136 
24319,0.30429 
24320,0.38392 
24321,0.42608 
24322,0.48280 
24323,0.55951 
24324,0.61517 
24325,0.64374 
24326,0.68229 
24327,0.72905 
24328,0.75033 
24329,0.74308 
24330,0.74444 
24331,0.75549 
24332,0.77882 
24333,0.81307 
24334,0.84514 
24335,0.87291 
24336,0.87658 
24337,0.85690 
24338,0.84058 
24339,0.82968 
24340,0.85817 
24341,0.92512 
24342,0.98072 
24343,1.02270 
24344,1.03530 
24345,1.02313 
24346,1.03823 
24347,1.07634 
24348,1.04725 
24349,0.96921 
24350,0.91659 
24351,0.90101 
24352,0.89393 
24353,0.88579 
24354,0.86594 
24355,0.83662 
24356,0.81392 
24357,0.79340 
24358,0.81508 
24359,0.87877 
24360,0.95393 
24361,1.03209 
24362,1.02735 
24363,0.94215 
24364,0.85304 
24365,0.75913 
24366,0.64861 
24367,0.53732 
24368,0.42845 
24369,0.34049 
24370,0.32537 
24371,0.37409 
24372,0.42954 
24373,0.49786 
24374,0.55967 
24375,0.61370 
24376,0.66835 
24377,0.73600 
24378,0.74222 
24379,0.68543 
24380,0.63664 
24381,0.58889 
24382,0.57194 
24383,0.58867 
24384,0.60460 
24385,0.62140 
24386,0.64612 
24387,0.67822 
24388,0.71052 
24389,0.74304 
24390,0.73266 
24391,0.68058 
24392,0.62513 
24393,0.56858 
24394,0.59011 
24395,0.68982 
24396,0.79089 
24397,0.90306 
24398,1.00114 
24399,1.07052 
24400,1.14040 
24401,1.20667 
24402,1.24414 
24403,1.24860 
24404,1.24881 
24405,1.24902 
24406,1.15208 
24407,0.95668 
24408,0.77900 
24409,0.62218 
24410,0.52500 
24411,0.49764 
24412,0.47348 
24413,0.44991 
24414,0.39774 
24415,0.32913 
24416,0.28974 
24417,0.32986 
24418,0.42065 
24419,0.49718 
24420,0.55256 
24421,0.58222 
24422,0.59060 
24423,0.56580 
24424,0.52509 
24425,0.47269 
24426,0.39161 
24427,0.32110 
24428,0.32403 
24429,0.38404 
24430,0.44550 
24431,0.47955 
24432,0.51118 
24433,0.54357 
24434,0.60438 
24435,0.69118 
24436,0.66747 
24437,0.53483 
24438,0.40017 
24439,0.31776 
24440,0.30144 
24441,0.29887 
24442,0.29765 
24443,0.29352 
24444,0.26736 
24445,0.21959 
24446,0.17332 
24447,0.12914 
24448,0.11045 
24449,0.11765 
24450,0.12908 
24451,0.14188 
24452,0.12305 
24453,0.07725 
24454,0.02694 
24455,0.00000 
24456,0.00000 
24457,0.00000 
24458,0.00000 
24459,0.00022 
24460,0.00360 
24461,0.00702 
24462,0.00739 
24463,0.00463 
24464,0.00182 
24465,0.00000 
24466,0.00000 
24467,0.00000 
24468,0.00000 
24469,0.00000 
24470,0.00000 
24471,0.00000 
24472,0.00155 
24473,0.00323 
24474,0.00409 
24475,0.00412 
24476,0.00416 
24477,0.00421 
24478,0.00429 
24479,0.00444 
24480,0.00460 
24481,0.00476 
24482,0.00427 
24483,0.00309 
24484,0.00189 
24485,0.00069 
24486,0.00252 
24487,0.00745 
24488,0.01293 
24489,0.03690 
24490,0.04617 
24491,0.04059 
24492,0.03478 
24493,0.02898 
24494,0.02909 
24495,0.03531 
24496,0.04168 
24497,0.04793 
24498,0.04588 
24499,0.03550 
24500,0.02512 
24501,0.01473 
24502,0.01183 
24503,0.01089 
24504,0.00997 
24505,0.00902 
24506,0.03263 
24507,0.10142 
24508,0.18448 
24509,0.27887 
24510,0.35928 
24511,0.42100 
24512,0.48415 
24513,0.53904 
24514,0.60650 
24515,0.68624 
24516,0.73725 
24517,0.74933 
24518,0.75873 
24519,0.77892 
24520,0.80818 
24521,0.84816 
24522,0.89108 
24523,0.93812 
24524,0.95732 
24525,0.95035 
24526,0.95440 
24527,0.97004 
24528,0.95904 
24529,0.91671 
24530,0.87725 
24531,0.84273 
24532,0.82625 
24533,0.82649 
24534,0.83145 
24535,0.84048 
24536,0.81887 
24537,0.76934 
24538,0.73022 
24539,0.70077 
24540,0.63793 
24541,0.54712 
24542,0.45424 
24543,0.36381 
24544,0.33236 
24545,0.33841 
24546,0.33233 
24547,0.31340 
24548,0.24839 
24549,0.16667 
24550,0.10685 
24551,0.06109 
24552,0.02934 
24553,0.00958 
24554,0.00239 
24555,0.00442 
24556,0.00646 
24557,0.00852 
24558,0.00996 
24559,0.01236 
24560,0.01572 
24561,0.01911 
24562,0.02753 
24563,0.04094 
24564,0.05444 
24565,0.07216 
24566,0.08680 
24567,0.09496 
24568,0.10317 
24569,0.11143 
24570,0.10779 
24571,0.09242 
24572,0.07664 
24573,0.06150 
24574,0.06478 
24575,0.08940 
24576,0.11595 
24577,0.14396 
24578,0.14637 
24579,0.12179 
24580,0.09688 
24581,0.07237 
24582,0.06250 
24583,0.05914 
24584,0.05589 
24585,0.05238 
24586,0.04361 
24587,0.02913 
24588,0.01470 
24589,0.01036 
24590,0.00842 
24591,0.00760 
24592,0.00674 
24593,0.00587 
24594,0.00788 
24595,0.01277 
24596,0.03412 
24597,0.05748 
24598,0.06892 
24599,0.06820 
24600,0.06749 
24601,0.06680 
24602,0.07890 
24603,0.10621 
24604,0.13431 
24605,0.16267 
24606,0.22649 
24607,0.34292 
24608,0.40838 
24609,0.39421 
24610,0.37749 
24611,0.38614 
24612,0.41843 
24613,0.50086 
24614,0.60427 
24615,0.69715 
24616,0.70399 
24617,0.62099 
24618,0.55641 
24619,0.51033 
24620,0.54009 
24621,0.64956 
24622,0.75280 
24623,0.84085 
24624,0.83816 
24625,0.75155 
24626,0.71166 
24627,0.71580 
24628,0.71207 
24629,0.69205 
24630,0.68680 
24631,0.72448 
24632,0.85417 
24633,1.04562 
24634,1.22216 
24635,1.32425 
24636,1.35872 
24637,1.33443 
24638,1.22105 
24639,1.04509 
24640,0.90442 
24641,0.80671 
24642,0.78609 
24643,0.82717 
24644,0.85543 
24645,0.88818 
24646,0.86050 
24647,0.77044 
24648,0.68301 
24649,0.60498 
24650,0.55574 
24651,0.52906 
24652,0.50378 
24653,0.47832 
24654,0.44360 
24655,0.41425 
24656,0.38382 
24657,0.35404 
24658,0.33953 
24659,0.34070 
24660,0.34189 
24661,0.34308 
24662,0.40887 
24663,0.56858 
24664,0.75230 
24665,0.97457 
24666,1.04176 
24667,0.95223 
24668,0.86470 
24669,0.77602 
24670,0.78356 
24671,0.89025 
24672,1.00292 
24673,1.11572 
24674,1.23162 
24675,1.34821 
24676,1.46644 
24677,1.58575 
24678,1.48144 
24679,1.14592 
24680,0.80073 
24681,0.51079 
24682,0.40453 
24683,0.40900 
24684,0.41356 
24685,0.41972 
24686,0.42147 
24687,0.42021 
24688,0.42046 
24689,0.41920 
24690,0.43857 
24691,0.47669 
24692,0.51431 
24693,0.55215 
24694,0.53400 
24695,0.46374 
24696,0.39531 
24697,0.32753 
24698,0.34053 
24699,0.44927 
24700,0.56250 
24701,0.64208 
24702,0.64609 
24703,0.59364 
24704,0.56130 
24705,0.60666 
24706,0.77203 
24707,1.01224 
24708,1.17033 
24709,1.23918 
24710,1.24900 
24711,1.19206 
24712,1.19428 
24713,1.26601 
24714,1.32435 
24715,1.37217 
24716,1.36762 
24717,1.31577 
24718,1.26828 
24719,1.24198 
24720,1.18901 
24721,1.11263 
24722,1.01604 
24723,0.90269 
24724,0.88543 
24725,0.94606 
24726,1.04193 
24727,1.16928 
24728,1.13157 
24729,0.94149 
24730,0.69987 
24731,0.54449 
24732,0.49680 
24733,0.48971 
24734,0.52149 
24735,0.51546 
24736,0.47436 
24737,0.40737 
24738,0.35300 
24739,0.30792 
24740,0.26305 
24741,0.22222 
24742,0.18565 
24743,0.13542 
24744,0.09028 
24745,0.05451 
24746,0.03546 
24747,0.02751 
24748,0.01951 
24749,0.01147 
24750,0.00961 
24751,0.00967 
24752,0.00973 
24753,0.00978 
24754,0.01178 
24755,0.02017 
24756,0.02869 
24757,0.03721 
24758,0.04167 
24759,0.04204 
24760,0.04243 
24761,0.04281 
24762,0.03530 
24763,0.01960 
24764,0.00962 
24765,0.00629 
24766,0.00635 
24767,0.00996 
24768,0.02080 
24769,0.03833 
24770,0.04464 
24771,0.03897 
24772,0.03338 
24773,0.02761 
24774,0.03284 
24775,0.04936 
24776,0.06633 
24777,0.08887 
24778,0.08982 
24779,0.06871 
24780,0.05221 
24781,0.03560 
24782,0.02280 
24783,0.01418 
24784,0.01180 
24785,0.00997 
24786,0.01724 
24787,0.06610 
24788,0.13587 
24789,0.22369 
24790,0.31021 
24791,0.42983 
24792,0.55487 
24793,0.71589 
24794,0.76842 
24795,0.72563 
24796,0.68128 
24797,0.63759 
24798,0.62512 
24799,0.65603 
24800,0.67203 
24801,0.66988 
24802,0.70463 
24803,0.78629 
24804,0.78468 
24805,0.70574 
24806,0.65663 
24807,0.63959 
24808,0.65721 
24809,0.69963 
24810,0.75029 
24811,0.81456 
24812,0.85681 
24813,0.88168 
24814,0.84664 
24815,0.75093 
24816,0.69942 
24817,0.69981 
24818,0.73257 
24819,0.79599 
24820,0.79362 
24821,0.73449 
24822,0.71068 
24823,0.72652 
24824,0.80069 
24825,0.94006 
24826,1.09123 
24827,1.23654 
24828,1.35487 
24829,1.43722 
24830,1.40485 
24831,1.25653 
24832,1.08607 
24833,0.90760 
24834,0.70948 
24835,0.49650 
24836,0.34239 
24837,0.24304 
24838,0.18365 
24839,0.14836 
24840,0.11828 
24841,0.09060 
24842,0.08346 
24843,0.09598 
24844,0.10857 
24845,0.12124 
24846,0.15054 
24847,0.19973 
24848,0.25985 
24849,0.34926 
24850,0.40185 
24851,0.41695 
24852,0.43223 
24853,0.45208 
24854,0.41805 
24855,0.34344 
24856,0.26674 
24857,0.21743 
24858,0.21016 
24859,0.23749 
24860,0.27157 
24861,0.32094 
24862,0.32490 
24863,0.28180 
24864,0.25267 
24865,0.22932 
24866,0.23314 
24867,0.26374 
24868,0.30289 
24869,0.35953 
24870,0.40966 
24871,0.45462 
24872,0.50088 
24873,0.54918 
24874,0.52803 
24875,0.43337 
24876,0.33842 
24877,0.27658 
24878,0.20525 
24879,0.13351 
24880,0.07248 
24881,0.03075 
24882,0.01541 
24883,0.02605 
24884,0.03660 
24885,0.04686 
24886,0.05986 
24887,0.07586 
24888,0.09994 
24889,0.12328 
24890,0.15585 
24891,0.22008 
24892,0.29135 
24893,0.33003 
24894,0.33920 
24895,0.33012 
24896,0.34747 
24897,0.39392 
24898,0.47592 
24899,0.57588 
24900,0.61600 
24901,0.58075 
24902,0.53614 
24903,0.48321 
24904,0.48360 
24905,0.54420 
24906,0.60364 
24907,0.65926 
24908,0.70186 
24909,0.71874 
24910,0.73260 
24911,0.74378 
24912,0.74990 
24913,0.74710 
24914,0.72746 
24915,0.69143 
24916,0.69993 
24917,0.75667 
24918,0.81148 
24919,0.86442 
24920,0.88199 
24921,0.86437 
24922,0.86829 
24923,0.88501 
24924,0.84388 
24925,0.75228 
24926,0.67104 
24927,0.58990 
24928,0.50984 
24929,0.43176 
24930,0.36060 
24931,0.29306 
24932,0.21396 
24933,0.13801 
24934,0.08383 
24935,0.04734 
24936,0.02305 
24937,0.00674 
24938,0.00000 
24939,0.00000 
24940,0.00000 
24941,0.00000 
24942,0.00000 
24943,0.00000 
24944,0.00000 
24945,0.00000 
24946,0.00159 
24947,0.00465 
24948,0.00775 
24949,0.01322 
24950,0.01581 
24951,0.00953 
24952,0.00749 
24953,0.00543 
24954,0.00476 
24955,0.00553 
24956,0.00631 
24957,0.00711 
24958,0.01044 
24959,0.03527 
24960,0.06481 
24961,0.11024 
24962,0.13070 
24963,0.12179 
24964,0.11282 
24965,0.10379 
24966,0.09976 
24967,0.10076 
24968,0.10145 
24969,0.10249 
24970,0.07241 
24971,0.03096 
24972,0.00819 
24973,0.00000 
24974,0.00000 
24975,0.00000 
24976,0.00000 
24977,0.00000 
24978,0.00009 
24979,0.00009 
24980,0.00009 
24981,0.00009 
24982,0.00000 
24983,0.00000 
24984,0.00000 
24985,0.00000 
24986,0.01970 
24987,0.07690 
24988,0.16046 
24989,0.27217 
24990,0.34806 
24991,0.36127 
24992,0.41237 
24993,0.51353 
24994,0.61181 
24995,0.70481 
24996,0.74434 
24997,0.71000 
24998,0.67797 
24999,0.65117 
25000,0.63070 
25001,0.62256 
25002,0.59516 
25003,0.54781 
25004,0.55459 
25005,0.62239 
25006,0.68656 
25007,0.74820 
25008,0.75230 
25009,0.69991 
25010,0.66470 
25011,0.64679 
25012,0.61993 
25013,0.58627 
25014,0.53837 
25015,0.47929 
25016,0.48722 
25017,0.55628 
25018,0.63997 
25019,0.73508 
25020,0.67609 
25021,0.47970 
25022,0.28580 
25023,0.18639 
25024,0.16674 
25025,0.15730 
25026,0.15071 
25027,0.14773 
25028,0.12316 
25029,0.08146 
25030,0.03156 
25031,0.00234 
25032,0.00235 
25033,0.00114 
25034,0.00000 
25035,0.00000 
25036,0.00000 
25037,0.00000 
25038,0.00000 
25039,0.00000 
25040,0.00000 
25041,0.00000 
25042,0.00000 
25043,0.00000 
25044,0.00000 
25045,0.00257 
25046,0.00400 
25047,0.00330 
25048,0.00260 
25049,0.00188 
25050,0.00298 
25051,0.00592 
25052,0.00889 
25053,0.01512 
25054,0.01899 
25055,0.01214 
25056,0.01047 
25057,0.00914 
25058,0.00804 
25059,0.00720 
25060,0.00637 
25061,0.00553 
25062,0.00557 
25063,0.00648 
25064,0.00741 
25065,0.00839 
25066,0.01047 
25067,0.01502 
25068,0.03011 
25069,0.04542 
25070,0.06615 
25071,0.10026 
25072,0.14093 
25073,0.18295 
25074,0.18300 
25075,0.14158 
25076,0.10077 
25077,0.06677 
25078,0.05349 
25079,0.05312 
25080,0.05275 
25081,0.05240 
25082,0.07692 
25083,0.12974 
25084,0.18596 
25085,0.24795 
25086,0.30035 
25087,0.35218 
25088,0.35889 
25089,0.30184 
25090,0.24122 
25091,0.20618 
25092,0.21144 
25093,0.24382 
25094,0.28313 
25095,0.32839 
25096,0.32349 
25097,0.26938 
25098,0.22469 
25099,0.19012 
25100,0.17848 
25101,0.18723 
25102,0.20064 
25103,0.21753 
25104,0.19685 
25105,0.13990 
25106,0.06432 
25107,0.01803 
25108,0.01794 
25109,0.06624 
25110,0.13971 
25111,0.18848 
25112,0.22536 
25113,0.24989 
25114,0.30011 
25115,0.38083 
25116,0.39468 
25117,0.35989 
25118,0.32695 
25119,0.29740 
25120,0.26371 
25121,0.22727 
25122,0.20244 
25123,0.19528 
25124,0.19994 
25125,0.21126 
25126,0.20574 
25127,0.17334 
25128,0.15109 
25129,0.13816 
25130,0.12642 
25131,0.11422 
25132,0.10188 
25133,0.08964 
25134,0.08993 
25135,0.10374 
25136,0.11773 
25137,0.13189 
25138,0.13637 
25139,0.13180 
25140,0.12680 
25141,0.12212 
25142,0.09369 
25143,0.04963 
25144,0.01605 
25145,0.00510 
25146,0.00157 
25147,0.00158 
25148,0.00159 
25149,0.00160 
25150,0.00202 
25151,0.00287 
25152,0.00378 
25153,0.00473 
25154,0.00974 
25155,0.04126 
25156,0.09040 
25157,0.15800 
25158,0.19206 
25159,0.17623 
25160,0.16429 
25161,0.15271 
25162,0.13363 
25163,0.10746 
25164,0.08088 
25165,0.06305 
25166,0.04891 
25167,0.03798 
25168,0.02697 
25169,0.01587 
25170,0.01587 
25171,0.02700 
25172,0.03805 
25173,0.04921 
25174,0.05682 
25175,0.06083 
25176,0.06503 
25177,0.06895 
25178,0.09235 
25179,0.16433 
25180,0.24126 
25181,0.27128 
25182,0.28036 
25183,0.28109 
25184,0.31567 
25185,0.38671 
25186,0.44276 
25187,0.47996 
25188,0.52071 
25189,0.57312 
25190,0.64861 
25191,0.74867 
25192,0.78356 
25193,0.73927 
25194,0.69712 
25195,0.65826 
25196,0.65856 
25197,0.70160 
25198,0.72555 
25199,0.75169 
25200,0.73700 
25201,0.68760 
25202,0.65047 
25203,0.62614 
25204,0.60235 
25205,0.58033 
25206,0.56279 
25207,0.55263 
25208,0.53041 
25209,0.49642 
25210,0.46490 
25211,0.43519 
25212,0.40527 
25213,0.37489 
25214,0.34217 
25215,0.30842 
25216,0.27978 
25217,0.25219 
25218,0.22978 
25219,0.20893 
25220,0.16050 
25221,0.10093 
25222,0.05734 
25223,0.01937 
25224,0.00098 
25225,0.00000 
25226,0.00000 
25227,0.00000 
25228,0.00000 
25229,0.00000 
25230,0.00000 
25231,0.00000 
25232,0.00000 
25233,0.00000 
25234,0.00000 
25235,0.00000 
25236,0.00000 
25237,0.00000 
25238,0.00000 
25239,0.00000 
25240,0.00000 
25241,0.00000 
25242,0.00000 
25243,0.00000 
25244,0.00338 
25245,0.00846 
25246,0.01525 
25247,0.02931 
25248,0.04408 
25249,0.05967 
25250,0.06282 
25251,0.05276 
25252,0.04240 
25253,0.03208 
25254,0.01517 
25255,0.00892 
25256,0.00399 
25257,0.00000 
25258,0.00000 
25259,0.00000 
25260,0.00000 
25261,0.00000 
25262,0.00000 
25263,0.00000 
25264,0.00000 
25265,0.00000 
25266,0.00000 
25267,0.00000 
25268,0.00000 
25269,0.00000 
25270,0.00000 
25271,0.00000 
25272,0.00000 
25273,0.00000 
25274,0.02062 
25275,0.08762 
25276,0.19522 
25277,0.34397 
25278,0.43822 
25279,0.43155 
25280,0.48153 
25281,0.61006 
25282,0.72081 
25283,0.81580 
25284,0.89425 
25285,0.95450 
25286,1.02930 
25287,1.10059 
25288,1.16010 
25289,1.20267 
25290,1.23731 
25291,1.26066 
25292,1.27547 
25293,1.27399 
25294,1.27830 
25295,1.28850 
25296,1.27614 
25297,1.24176 
25298,1.20056 
25299,1.14641 
25300,1.09637 
25301,1.05388 
25302,1.01817 
25303,0.99505 
25304,0.95832 
25305,0.90494 
25306,0.85883 
25307,0.81423 
25308,0.75776 
25309,0.69238 
25310,0.64757 
25311,0.62171 
25312,0.53220 
25313,0.40877 
25314,0.30513 
25315,0.22237 
25316,0.17151 
25317,0.13422 
25318,0.09565 
25319,0.05443 
25320,0.02761 
25321,0.01448 
25322,0.01696 
25323,0.03489 
25324,0.05290 
25325,0.07445 
25326,0.10450 
25327,0.13634 
25328,0.17490 
25329,0.21922 
25330,0.21079 
25331,0.14968 
25332,0.10365 
25333,0.06104 
25334,0.06314 
25335,0.11359 
25336,0.17150 
25337,0.24526 
25338,0.27062 
25339,0.24626 
25340,0.22258 
25341,0.19810 
25342,0.19661 
25343,0.21682 
25344,0.23852 
25345,0.26114 
25346,0.27029 
25347,0.26327 
25348,0.25706 
25349,0.24980 
25350,0.23867 
25351,0.22177 
25352,0.20536 
25353,0.18858 
25354,0.21903 
25355,0.29977 
25356,0.41685 
25357,0.56439 
25358,0.64891 
25359,0.64913 
25360,0.64936 
25361,0.64705 
25362,0.57213 
25363,0.44468 
25364,0.32637 
25365,0.25564 
25366,0.23441 
25367,0.25870 
25368,0.28316 
25369,0.30694 
25370,0.29792 
25371,0.25712 
25372,0.22044 
25373,0.19691 
25374,0.25287 
25375,0.39461 
25376,0.48543 
25377,0.52176 
25378,0.52275 
25379,0.48933 
25380,0.48415 
25381,0.49886 
25382,0.51611 
25383,0.52649 
25384,0.55620 
25385,0.62132 
25386,0.73486 
25387,0.89648 
25388,0.87171 
25389,0.65524 
25390,0.41290 
25391,0.29786 
25392,0.29624 
25393,0.38218 
25394,0.48552 
25395,0.60521 
25396,0.60497 
25397,0.49077 
25398,0.38541 
25399,0.31353 
25400,0.30527 
25401,0.35977 
25402,0.42821 
25403,0.48484 
25404,0.47488 
25405,0.40416 
25406,0.35676 
25407,0.33176 
25408,0.27577 
25409,0.19771 
25410,0.10225 
25411,0.04394 
25412,0.04355 
25413,0.04250 
25414,0.03181 
25415,0.02020 
25416,0.01638 
25417,0.01226 
25418,0.02893 
25419,0.07347 
25420,0.13820 
25421,0.22326 
25422,0.26459 
25423,0.25842 
25424,0.25217 
25425,0.24509 
25426,0.22685 
25427,0.19583 
25428,0.16513 
25429,0.13952 
25430,0.11239 
25431,0.08073 
25432,0.05590 
25433,0.03509 
25434,0.03239 
25435,0.04819 
25436,0.06430 
25437,0.08525 
25438,0.10639 
25439,0.12449 
25440,0.14286 
25441,0.16188 
25442,0.17256 
25443,0.17379 
25444,0.17440 
25445,0.17566 
25446,0.17415 
25447,0.16912 
25448,0.16461 
25449,0.15934 
25450,0.15215 
25451,0.14185 
25452,0.13198 
25453,0.12196 
25454,0.13723 
25455,0.17789 
25456,0.22671 
25457,0.28228 
25458,0.27359 
25459,0.20151 
25460,0.14718 
25461,0.09606 
25462,0.07227 
25463,0.06666 
25464,0.06145 
25465,0.05636 
25466,0.06353 
25467,0.08516 
25468,0.10743 
25469,0.12992 
25470,0.18365 
25471,0.27009 
25472,0.34875 
25473,0.42068 
25474,0.48852 
25475,0.55982 
25476,0.64479 
25477,0.77050 
25478,0.85666 
25479,0.88480 
25480,0.87458 
25481,0.82454 
25482,0.80840 
25483,0.82303 
25484,0.79586 
25485,0.72852 
25486,0.66835 
25487,0.62125 
25488,0.56392 
25489,0.50053 
25490,0.41059 
25491,0.29615 
25492,0.26364 
25493,0.31645 
25494,0.39591 
25495,0.50078 
25496,0.55552 
25497,0.55147 
25498,0.56680 
25499,0.60382 
25500,0.61061 
25501,0.56908 
25502,0.50012 
25503,0.40407 
25504,0.34769 
25505,0.32989 
25506,0.30490 
25507,0.28724 
25508,0.28457 
25509,0.27990 
25510,0.26245 
25511,0.23657 
25512,0.21116 
25513,0.18620 
25514,0.14357 
25515,0.09584 
25516,0.05439 
25517,0.02372 
25518,0.02198 
25519,0.04960 
25520,0.08366 
25521,0.12758 
25522,0.17054 
25523,0.21505 
25524,0.25986 
25525,0.32811 
25526,0.35956 
25527,0.34096 
25528,0.32198 
25529,0.30262 
25530,0.28701 
25531,0.28054 
25532,0.27307 
25533,0.26643 
25534,0.26922 
25535,0.28371 
25536,0.29777 
25537,0.31235 
25538,0.35620 
25539,0.42473 
25540,0.49382 
25541,0.56345 
25542,0.64684 
25543,0.72395 
25544,0.80231 
25545,0.88192 
25546,0.88014 
25547,0.78784 
25548,0.69674 
25549,0.60561 
25550,0.52610 
25551,0.43500 
25552,0.34537 
25553,0.29497 
25554,0.30774 
25555,0.41287 
25556,0.55033 
25557,0.71410 
25558,0.77528 
25559,0.70634 
25560,0.63840 
25561,0.58129 
25562,0.57602 
25563,0.63152 
25564,0.71512 
25565,0.82280 
25566,0.86530 
25567,0.84156 
25568,0.84883 
25569,0.86963 
25570,0.92774 
25571,1.03037 
25572,1.10793 
25573,1.15714 
25574,1.17907 
25575,1.17276 
25576,1.16487 
25577,1.15773 
25578,1.14452 
25579,1.12524 
25580,1.10598 
25581,1.09411 
25582,1.08316 
25583,1.06924 
25584,1.05480 
25585,1.02445 
25586,1.01230 
25587,1.01691 
25588,1.02056 
25589,1.01266 
25590,1.02132 
25591,1.03115 
25592,1.00614 
25593,0.94870 
25594,0.88187 
25595,0.81821 
25596,0.81339 
25597,0.85650 
25598,0.89123 
25599,0.91889 
25600,0.86545 
25601,0.74940 
25602,0.67669 
25603,0.64171 
25604,0.64518 
25605,0.67938 
25606,0.69312 
25607,0.69016 
25608,0.69818 
25609,0.71120 
25610,0.79561 
25611,0.95329 
25612,1.11307 
25613,1.26349 
25614,1.47510 
25615,1.72835 
25616,1.97284 
25617,2.18745 
25618,2.25153 
25619,2.19678 
25620,2.13076 
25621,2.04685 
25622,1.97767 
25623,1.92338 
25624,1.87477 
25625,1.82267 
25626,1.72562 
25627,1.58414 
25628,1.43445 
25629,1.27766 
25630,1.05591 
25631,0.77808 
25632,0.53147 
25633,0.34622 
25634,0.27508 
25635,0.26704 
25636,0.25892 
25637,0.25075 
25638,0.23874 
25639,0.22186 
25640,0.20547 
25641,0.18799 
25642,0.17363 
25643,0.15721 
25644,0.14052 
25645,0.12356 
25646,0.12092 
25647,0.13194 
25648,0.14352 
25649,0.15520 
25650,0.13314 
25651,0.08031 
25652,0.04497 
25653,0.01364 
25654,0.00991 
25655,0.00988 
25656,0.00981 
25657,0.00977 
25658,0.03158 
25659,0.08534 
25660,0.15280 
25661,0.23402 
25662,0.32075 
25663,0.42285 
25664,0.51437 
25665,0.57305 
25666,0.63921 
25667,0.71250 
25668,0.78352 
25669,0.84867 
25670,0.92792 
25671,1.01608 
25672,1.06893 
25673,1.08421 
25674,1.11282 
25675,1.15363 
25676,1.17468 
25677,1.17960 
25678,1.17888 
25679,1.17275 
25680,1.14714 
25681,1.09766 
25682,1.06238 
25683,1.03965 
25684,1.00042 
25685,0.94803 
25686,0.89370 
25687,0.83809 
25688,0.81451 
25689,0.82059 
25690,0.82212 
25691,0.82286 
25692,0.76675 
25693,0.66703 
25694,0.57575 
25695,0.49244 
25696,0.43132 
25697,0.37911 
25698,0.32931 
25699,0.27809 
25700,0.20183 
25701,0.12626 
25702,0.08463 
25703,0.05090 
25704,0.01398 
25705,0.00000 
25706,0.00000 
25707,0.00000 
25708,0.00000 
25709,0.00000 
25710,0.00000 
25711,0.00000 
25712,0.00000 
25713,0.00000 
25714,0.00000 
25715,0.00000 
25716,0.00000 
25717,0.00067 
25718,0.00381 
25719,0.00819 
25720,0.01535 
25721,0.03652 
25722,0.05492 
25723,0.07079 
25724,0.09485 
25725,0.11933 
25726,0.15306 
25727,0.20895 
25728,0.27112 
25729,0.35994 
25730,0.37366 
25731,0.29718 
25732,0.24696 
25733,0.19738 
25734,0.19132 
25735,0.23102 
25736,0.27167 
25737,0.31447 
25738,0.35209 
25739,0.38159 
25740,0.41000 
25741,0.44037 
25742,0.45594 
25743,0.45810 
25744,0.46028 
25745,0.46067 
25746,0.48382 
25747,0.52976 
25748,0.57578 
25749,0.62025 
25750,0.73858 
25751,0.90952 
25752,1.09437 
25753,1.29611 
25754,1.18688 
25755,0.81942 
25756,0.55270 
25757,0.40357 
25758,0.41923 
25759,0.57483 
25760,0.68447 
25761,0.70945 
25762,0.76827 
25763,0.86921 
25764,0.94833 
25765,1.00893 
25766,1.09335 
25767,1.20163 
25768,1.27902 
25769,1.31666 
25770,1.34946 
25771,1.37484 
25772,1.38226 
25773,1.37991 
25774,1.39132 
25775,1.42158 
25776,1.44055 
25777,1.44855 
25778,1.44284 
25779,1.41557 
25780,1.37405 
25781,1.31541 
25782,1.28163 
25783,1.26815 
25784,1.23049 
25785,1.16787 
25786,1.14942 
25787,1.21907 
25788,1.29989 
25789,1.38901 
25790,1.38515 
25791,1.25410 
25792,1.11968 
25793,0.98022 
25794,0.81527 
25795,0.64900 
25796,0.47280 
25797,0.31619 
25798,0.28227 
25799,0.36430 
25800,0.46590 
25801,0.62916 
25802,0.75681 
25803,0.84903 
25804,0.94410 
25805,1.03978 
25806,1.13984 
25807,1.25056 
25808,1.36335 
25809,1.47772 
25810,1.51313 
25811,1.47564 
25812,1.43023 
25813,1.38911 
25814,1.42135 
25815,1.51801 
25816,1.61293 
25817,1.70370 
25818,1.60266 
25819,1.27203 
25820,0.91805 
25821,0.60166 
25822,0.56753 
25823,0.80478 
25824,1.09148 
25825,1.39299 
25826,1.57031 
25827,1.62837 
25828,1.68687 
25829,1.74213 
25830,1.72494 
25831,1.62421 
25832,1.52614 
25833,1.41983 
25834,1.40827 
25835,1.48348 
25836,1.55929 
25837,1.63570 
25838,1.53528 
25839,1.23337 
25840,0.93560 
25841,0.67594 
25842,0.56309 
25843,0.56319 
25844,0.56328 
25845,0.56338 
25846,0.64266 
25847,0.83653 
25848,1.03993 
25849,1.26884 
25850,1.35425 
25851,1.29663 
25852,1.24577 
25853,1.19181 
25854,1.14296 
25855,1.09090 
25856,1.07535 
25857,1.08731 
25858,1.06082 
25859,0.99082 
25860,0.95219 
25861,0.94379 
25862,0.85651 
25863,0.70216 
25864,0.56431 
25865,0.44158 
25866,0.38140 
25867,0.36356 
25868,0.35780 
25869,0.36329 
25870,0.35635 
25871,0.33722 
25872,0.35700 
25873,0.42755 
25874,0.52140 
25875,0.62641 
25876,0.65307 
25877,0.60235 
25878,0.56094 
25879,0.52941 
25880,0.51226 
25881,0.50799 
25882,0.52593 
25883,0.56507 
25884,0.57304 
25885,0.54926 
25886,0.53108 
25887,0.51281 
25888,0.49547 
25889,0.47823 
25890,0.38838 
25891,0.27026 
25892,0.18200 
25893,0.12294 
25894,0.08312 
25895,0.06365 
25896,0.05197 
25897,0.04466 
25898,0.03255 
25899,0.01156 
25900,0.00675 
25901,0.00231 
25902,0.00064 
25903,0.00178 
25904,0.00294 
25905,0.00412 
25906,0.00433 
25907,0.00357 
25908,0.00280 
25909,0.00202 
25910,0.00008 
25911,0.00000 
25912,0.00000 
25913,0.00000 
25914,0.00000 
25915,0.00000 
25916,0.00000 
25917,0.00000 
25918,0.00000 
25919,0.00000 
25920,0.00000 
25921,0.00000 
25922,0.00000 
25923,0.00000 
25924,0.00210 
25925,0.00436 
25926,0.00756 
25927,0.01175 
25928,0.02443 
25929,0.04479 
25930,0.03952 
25931,0.01292 
25932,0.00632 
25933,0.00000 
25934,0.00000 
25935,0.00000 
25936,0.00000 
25937,0.00000 
25938,0.00000 
25939,0.00000 
25940,0.00000 
25941,0.00000 
25942,0.00000 
25943,0.00000 
25944,0.00000 
25945,0.00000 
25946,0.00441 
25947,0.01382 
25948,0.02329 
25949,0.03283 
25950,0.05304 
25951,0.08398 
25952,0.11974 
25953,0.16013 
25954,0.21448 
25955,0.28172 
25956,0.28517 
25957,0.22777 
25958,0.17282 
25959,0.12082 
25960,0.13108 
25961,0.20001 
25962,0.27224 
25963,0.34752 
25964,0.35914 
25965,0.31056 
25966,0.27643 
25967,0.25755 
25968,0.24544 
25969,0.24134 
25970,0.23465 
25971,0.22657 
25972,0.22447 
25973,0.22786 
25974,0.23292 
25975,0.23769 
25976,0.23888 
25977,0.23508 
25978,0.23073 
25979,0.22533 
25980,0.22662 
25981,0.23566 
25982,0.24895 
25983,0.27959 
25984,0.29746 
25985,0.30107 
25986,0.29509 
25987,0.27181 
25988,0.23701 
25989,0.19795 
25990,0.15831 
25991,0.13645 
25992,0.13726 
25993,0.14069 
25994,0.13737 
25995,0.12378 
25996,0.11043 
25997,0.09691 
25998,0.10038 
25999,0.12115 
26000,0.14218 
26001,0.16619 
26002,0.17325 
26003,0.15777 
26004,0.14549 
26005,0.13419 
26006,0.12469 
26007,0.11620 
26008,0.10799 
26009,0.09935 
26010,0.08792 
26011,0.07306 
26012,0.06256 
26013,0.05298 
26014,0.03770 
26015,0.01617 
26016,0.00881 
26017,0.00420 
26018,0.00228 
26019,0.00317 
26020,0.00408 
26021,0.00499 
26022,0.00639 
26023,0.00834 
26024,0.01032 
26025,0.01237 
26026,0.01179 
26027,0.00851 
26028,0.00519 
26029,0.00180 
26030,0.00000 
26031,0.00000 
26032,0.00000 
26033,0.00000 
26034,0.00000 
26035,0.00000 
26036,0.00000 
26037,0.00000 
26038,0.00000 
26039,0.00000 
26040,0.00000 
26041,0.00000 
26042,0.00720 
26043,0.02269 
26044,0.03862 
26045,0.05477 
26046,0.10661 
26047,0.19729 
26048,0.25885 
26049,0.29250 
26050,0.33726 
26051,0.38881 
26052,0.40046 
26053,0.36987 
26054,0.35200 
26055,0.34392 
26056,0.32128 
26057,0.28577 
26058,0.24514 
26059,0.20485 
26060,0.19800 
26061,0.22256 
26062,0.23413 
26063,0.23486 
26064,0.25845 
26065,0.30517 
26066,0.37768 
26067,0.45236 
26068,0.44214 
26069,0.34826 
26070,0.28357 
26071,0.25258 
26072,0.24911 
26073,0.26410 
26074,0.24365 
26075,0.18655 
26076,0.17147 
26077,0.19984 
26078,0.22116 
26079,0.23534 
26080,0.22601 
26081,0.19319 
26082,0.18028 
26083,0.18707 
26084,0.19286 
26085,0.20089 
26086,0.19974 
26087,0.19232 
26088,0.19155 
26089,0.19402 
26090,0.20089 
26091,0.20890 
26092,0.21633 
26093,0.22442 
26094,0.22949 
26095,0.23086 
26096,0.23224 
26097,0.23365 
26098,0.25423 
26099,0.31714 
26100,0.38788 
26101,0.45907 
26102,0.40561 
26103,0.24495 
26104,0.14680 
26105,0.07206 
26106,0.05118 
26107,0.06121 
26108,0.07219 
26109,0.08773 
26110,0.09651 
26111,0.09812 
26112,0.10012 
26113,0.10185 
26114,0.09838 
26115,0.08953 
26116,0.08020 
26117,0.07324 
26118,0.06861 
26119,0.06522 
26120,0.06173 
26121,0.05790 
26122,0.05056 
26123,0.03941 
26124,0.02809 
26125,0.01659 
26126,0.03785 
26127,0.09584 
26128,0.18028 
26129,0.29036 
26130,0.30676 
26131,0.22505 
26132,0.15651 
26133,0.09836 
26134,0.07136 
26135,0.06562 
26136,0.06030 
26137,0.05495 
26138,0.06988 
26139,0.11162 
26140,0.15310 
26141,0.18305 
26142,0.18441 
26143,0.16432 
26144,0.15832 
26145,0.16352 
26146,0.17136 
26147,0.18118 
26148,0.20175 
26149,0.23291 
26150,0.24072 
26151,0.22580 
26152,0.22638 
26153,0.22431 
26154,0.23259 
26155,0.25091 
26156,0.27812 
26157,0.31133 
26158,0.34073 
26159,0.34963 
26160,0.34400 
26161,0.32621 
26162,0.30627 
26163,0.28506 
26164,0.26296 
26165,0.23691 
26166,0.22246 
26167,0.22073 
26168,0.22044 
26169,0.22558 
26170,0.20220 
26171,0.16198 
26172,0.12568 
26173,0.10804 
26174,0.09543 
26175,0.08315 
26176,0.07315 
26177,0.06561 
26178,0.05854 
26179,0.05224 
26180,0.04298 
26181,0.03074 
26182,0.01517 
26183,0.00437 
26184,0.00136 
26185,0.00081 
26186,0.00099 
26187,0.00000 
26188,0.00000 
26189,0.00000 
26190,0.00000 
26191,0.00000 
26192,0.00000 
26193,0.00000 
26194,0.00000 
26195,0.00103 
26196,0.00371 
26197,0.00641 
26198,0.00780 
26199,0.00788 
26200,0.00793 
26201,0.00800 
26202,0.00668 
26203,0.00391 
26204,0.00110 
26205,0.00000 
26206,0.00000 
26207,0.00000 
26208,0.00000 
26209,0.00000 
26210,0.00000 
26211,0.00000 
26212,0.00218 
26213,0.00452 
26214,0.00622 
26215,0.00725 
26216,0.00833 
26217,0.00941 
26218,0.01002 
26219,0.01010 
26220,0.01023 
26221,0.01032 
26222,0.00934 
26223,0.00729 
26224,0.00524 
26225,0.00317 
26226,0.00420 
26227,0.00823 
26228,0.01224 
26229,0.02062 
26230,0.02039 
26231,0.01188 
26232,0.00784 
26233,0.00391 
26234,0.01121 
26235,0.03040 
26236,0.07062 
26237,0.11631 
26238,0.13870 
26239,0.12810 
26240,0.12792 
26241,0.13915 
26242,0.14848 
26243,0.15574 
26244,0.17182 
26245,0.19679 
26246,0.21233 
26247,0.21992 
26248,0.22171 
26249,0.21862 
26250,0.23010 
26251,0.25494 
26252,0.26817 
26253,0.27010 
26254,0.24944 
26255,0.20685 
26256,0.17748 
26257,0.15319 
26258,0.13479 
26259,0.12900 
26260,0.12922 
26261,0.13541 
26262,0.14503 
26263,0.15793 
26264,0.15725 
26265,0.14043 
26266,0.12940 
26267,0.12491 
26268,0.10896 
26269,0.08172 
26270,0.05051 
26271,0.01645 
26272,0.00705 
26273,0.02093 
26274,0.03147 
26275,0.03840 
26276,0.03531 
26277,0.02252 
26278,0.00829 
26279,0.00000 
26280,0.00000 
26281,0.00000 
26282,0.00000 
26283,0.00000 
26284,0.00000 
26285,0.00000 
26286,0.00000 
26287,0.00000 
26288,0.00000 
26289,0.00000 
26290,0.00000 
26291,0.00000 
26292,0.00000 
26293,0.00000 
26294,0.00000 
26295,0.00000 
26296,0.00000 
26297,0.00000 
26298,0.00000 
26299,0.00000 
26300,0.00000 
26301,0.00000 
26302,0.00000 
26303,0.00000 
26304,0.00000 
26305,0.00000 
26306,0.00058 
26307,0.00000 
26308,0.00000 
26309,0.00000 
26310,0.00000 
26311,0.00000 
26312,0.00000 
26313,0.00000 
26314,0.00000 
26315,0.00000 
26316,0.00000 
26317,0.00000 
26318,0.00000 
26319,0.00000 
26320,0.00251 
26321,0.00516 
26322,0.00805 
26323,0.01119 
26324,0.01429 
26325,0.02391 
26326,0.02991 
26327,0.02711 
26328,0.02428 
26329,0.02153 
26330,0.02961 
26331,0.04826 
26332,0.06857 
26333,0.08819 
26334,0.12174 
26335,0.16011 
26336,0.19267 
26337,0.21841 
26338,0.25415 
26339,0.30484 
26340,0.36437 
26341,0.42346 
26342,0.46309 
26343,0.48153 
26344,0.47894 
26345,0.45788 
26346,0.43111 
26347,0.40021 
26348,0.36668 
26349,0.33329 
26350,0.31739 
26351,0.31757 
26352,0.34156 
26353,0.38877 
26354,0.44816 
26355,0.54642 
26356,0.61907 
26357,0.66409 
26358,0.69735 
26359,0.70511 
26360,0.70209 
26361,0.69034 
26362,0.67608 
26363,0.65943 
26364,0.65143 
26365,0.65212 
26366,0.66097 
26367,0.67333 
26368,0.69417 
26369,0.72106 
26370,0.78065 
26371,0.87656 
26372,0.97204 
26373,1.07917 
26374,1.13479 
26375,1.14493 
26376,1.15862 
26377,1.17366 
26378,1.05794 
26379,0.81607 
26380,0.61104 
26381,0.43981 
26382,0.36664 
26383,0.36917 
26384,0.37048 
26385,0.37307 
26386,0.28353 
26387,0.16661 
26388,0.07888 
26389,0.02115 
26390,0.00851 
26391,0.00768 
26392,0.00686 
26393,0.00600 
26394,0.00902 
26395,0.02427 
26396,0.05714 
26397,0.09639 
26398,0.11998 
26399,0.11474 
26400,0.10975 
26401,0.10416 
26402,0.11644 
26403,0.14710 
26404,0.17826 
26405,0.21342 
26406,0.25785 
26407,0.30216 
26408,0.34865 
26409,0.41648 
26410,0.41198 
26411,0.34428 
26412,0.29165 
26413,0.23808 
26414,0.22508 
26415,0.25340 
26416,0.28297 
26417,0.31145 
26418,0.31022 
26419,0.27963 
26420,0.24954 
26421,0.21994 
26422,0.19785 
26423,0.17972 
26424,0.16203 
26425,0.14474 
26426,0.12126 
26427,0.10716 
26428,0.10063 
26429,0.11398 
26430,0.16020 
26431,0.23247 
26432,0.28245 
26433,0.30428 
26434,0.33073 
26435,0.35461 
26436,0.39055 
26437,0.44098 
26438,0.48442 
26439,0.52639 
26440,0.55993 
26441,0.58748 
26442,0.61858 
26443,0.65236 
26444,0.67789 
26445,0.69887 
26446,0.75295 
26447,0.83931 
26448,0.80791 
26449,0.66019 
26450,0.50347 
26451,0.39884 
26452,0.37592 
26453,0.38177 
26454,0.37954 
26455,0.36456 
26456,0.36534 
26457,0.38310 
26458,0.40145 
26459,0.42493 
26460,0.41318 
26461,0.36584 
26462,0.32736 
26463,0.29767 
26464,0.25527 
26465,0.20332 
26466,0.15738 
26467,0.11447 
26468,0.08355 
26469,0.06408 
26470,0.02935 
26471,0.00400 
26472,0.00125 
26473,0.00000 
26474,0.00000 
26475,0.00000 
26476,0.00000 
26477,0.00000 
26478,0.00000 
26479,0.00000 
26480,0.00000 
26481,0.00000 
26482,0.00000 
26483,0.00000 
26484,0.00000 
26485,0.00300 
26486,0.00932 
26487,0.03046 
26488,0.06775 
26489,0.12024 
26490,0.16603 
26491,0.20300 
26492,0.24663 
26493,0.29062 
26494,0.33186 
26495,0.39735 
26496,0.46438 
26497,0.53301 
26498,0.53734 
26499,0.47761 
26500,0.41689 
26501,0.35515 
26502,0.33945 
26503,0.34369 
26504,0.34662 
26505,0.35104 
26506,0.36372 
26507,0.38835 
26508,0.42184 
26509,0.45788 
26510,0.46004 
26511,0.42965 
26512,0.39923 
26513,0.37737 
26514,0.42329 
26515,0.56110 
26516,0.70059 
26517,0.88829 
26518,0.98686 
26519,0.99821 
26520,1.00923 
26521,1.01993 
26522,0.97864 
26523,0.89583 
26524,0.81096 
26525,0.73019 
26526,0.77829 
26527,0.94289 
26528,1.11994 
26529,1.28761 
26530,1.42266 
26531,1.52084 
26532,1.58016 
26533,1.59563 
26534,1.56556 
26535,1.48728 
26536,1.42785 
26537,1.36462 
26538,1.40545 
26539,1.57048 
26540,1.75984 
26541,1.95200 
26542,1.99516 
26543,1.87412 
26544,1.83371 
26545,1.85995 
26546,1.92472 
26547,2.02318 
26548,1.97633 
26549,1.79365 
26550,1.68995 
26551,1.67090 
26552,1.77128 
26553,1.97009 
26554,2.09077 
26555,2.13651 
26556,2.10415 
26557,2.00482 
26558,1.90914 
26559,1.80013 
26560,1.69612 
26561,1.59841 
26562,1.54637 
26563,1.52941 
26564,1.39555 
26565,1.23087 
26566,1.08667 
26567,0.90626 
26568,0.74697 
26569,0.60489 
26570,0.58078 
26571,0.67681 
26572,0.77354 
26573,0.88333 
26574,0.89939 
26575,0.81924 
26576,0.74989 
26577,0.67729 
26578,0.55735 
26579,0.42769 
26580,0.30360 
26581,0.23359 
26582,0.16166 
26583,0.10110 
26584,0.05284 
26585,0.01322 
26586,0.00637 
26587,0.00099 
26588,0.00000 
26589,0.00000 
26590,0.00000 
26591,0.00000 
26592,0.00000 
26593,0.00000 
26594,0.00000 
26595,0.00000 
26596,0.00000 
26597,0.00000 
26598,0.00000 
26599,0.00000 
26600,0.00000 
26601,0.00000 
26602,0.00000 
26603,0.00000 
26604,0.00000 
26605,0.00000 
26606,0.00000 
26607,0.00000 
26608,0.00000 
26609,0.00000 
26610,0.00000 
26611,0.00000 
26612,0.00000 
26613,0.00000 
26614,0.00000 
26615,0.00000 
26616,0.00000 
26617,0.00000 
26618,0.02116 
26619,0.08223 
26620,0.14362 
26621,0.16976 
26622,0.18332 
26623,0.19580 
26624,0.22260 
26625,0.26913 
26626,0.30627 
26627,0.33796 
26628,0.36736 
26629,0.47026 
26630,0.66062 
26631,0.85464 
26632,0.89700 
26633,0.77242 
26634,0.60985 
26635,0.50941 
26636,0.51500 
26637,0.56143 
26638,0.61652 
26639,0.64015 
26640,0.68062 
26641,0.73502 
26642,0.77841 
26643,0.81503 
26644,0.82440 
26645,0.81523 
26646,0.84064 
26647,0.89441 
26648,0.88613 
26649,0.82378 
26650,0.77472 
26651,0.74066 
26652,0.68803 
26653,0.62572 
26654,0.56663 
26655,0.52265 
26656,0.50161 
26657,0.48801 
26658,0.50454 
26659,0.54419 
26660,0.53535 
26661,0.52513 
26662,0.50318 
26663,0.42949 
26664,0.35871 
26665,0.28822 
26666,0.26065 
26667,0.25342 
26668,0.24614 
26669,0.23881 
26670,0.19857 
26671,0.13491 
26672,0.08076 
26673,0.04215 
26674,0.02474 
26675,0.02490 
26676,0.02499 
26677,0.02517 
26678,0.02131 
26679,0.01334 
26680,0.01126 
26681,0.00961 
26682,0.00837 
26683,0.00753 
26684,0.00668 
26685,0.00582 
26686,0.00498 
26687,0.00415 
26688,0.00329 
26689,0.00242 
26690,0.00197 
26691,0.00200 
26692,0.00201 
26693,0.00204 
26694,0.00473 
26695,0.01022 
26696,0.01917 
26697,0.04565 
26698,0.05832 
26699,0.05613 
26700,0.05415 
26701,0.05213 
26702,0.05483 
26703,0.06204 
26704,0.06919 
26705,0.07629 
26706,0.06865 
26707,0.04646 
26708,0.02444 
26709,0.01251 
26710,0.00965 
26711,0.00855 
26712,0.00747 
26713,0.00639 
26714,0.01827 
26715,0.04479 
26716,0.07184 
26717,0.10026 
26718,0.10657 
26719,0.09048 
26720,0.09198 
26721,0.11149 
26722,0.12539 
26723,0.13450 
26724,0.15288 
26725,0.18400 
26726,0.22088 
26727,0.25068 
26728,0.26484 
26729,0.26493 
26730,0.27079 
26731,0.28132 
26732,0.28140 
26733,0.27037 
26734,0.27774 
26735,0.31115 
26736,0.34040 
26737,0.37892 
26738,0.38936 
26739,0.37253 
26740,0.36939 
26741,0.38106 
26742,0.41110 
26743,0.45779 
26744,0.47828 
26745,0.47827 
26746,0.42975 
26747,0.34331 
26748,0.29608 
26749,0.27320 
26750,0.25402 
26751,0.23687 
26752,0.21849 
26753,0.19535 
26754,0.16814 
26755,0.13666 
26756,0.09940 
26757,0.06554 
26758,0.06128 
26759,0.09160 
26760,0.12704 
26761,0.16267 
26762,0.19243 
26763,0.20543 
26764,0.21781 
26765,0.23094 
26766,0.23170 
26767,0.21999 
26768,0.20820 
26769,0.19697 
26770,0.17865 
26771,0.15721 
26772,0.13997 
26773,0.12197 
26774,0.11605 
26775,0.12324 
26776,0.13007 
26777,0.13743 
26778,0.14762 
26779,0.16112 
26780,0.17533 
26781,0.19383 
26782,0.19520 
26783,0.18037 
26784,0.16875 
26785,0.15744 
26786,0.15222 
26787,0.15336 
26788,0.15452 
26789,0.15569 
26790,0.16048 
26791,0.16963 
26792,0.17969 
26793,0.18932 
26794,0.17457 
26795,0.13401 
26796,0.09278 
26797,0.06490 
26798,0.03643 
26799,0.01373 
26800,0.00744 
26801,0.00116 
26802,0.00000 
26803,0.00000 
26804,0.00000 
26805,0.00000 
26806,0.00000 
26807,0.00000 
26808,0.00000 
26809,0.00082 
26810,0.00708 
26811,0.01778 
26812,0.02871 
26813,0.03978 
26814,0.07441 
26815,0.12552 
26816,0.15094 
26817,0.14992 
26818,0.14883 
26819,0.14771 
26820,0.16901 
26821,0.21416 
26822,0.26571 
26823,0.32151 
26824,0.33433 
26825,0.30551 
26826,0.29000 
26827,0.29211 
26828,0.32414 
26829,0.37728 
26830,0.37528 
26831,0.31868 
26832,0.28608 
26833,0.28767 
26834,0.30893 
26835,0.35077 
26836,0.36441 
26837,0.34869 
26838,0.35961 
26839,0.39669 
26840,0.39301 
26841,0.34724 
26842,0.29069 
26843,0.22178 
26844,0.19898 
26845,0.22085 
26846,0.25148 
26847,0.28900 
26848,0.31427 
26849,0.31822 
26850,0.31689 
26851,0.30702 
26852,0.29638 
26853,0.28425 
26854,0.29282 
26855,0.34207 
26856,0.39134 
26857,0.43825 
26858,0.41847 
26859,0.33094 
26860,0.25986 
26861,0.21137 
26862,0.19352 
26863,0.20728 
26864,0.22124 
26865,0.23538 
26866,0.24254 
26867,0.24339 
26868,0.24424 
26869,0.24510 
26870,0.23173 
26871,0.20370 
26872,0.17449 
26873,0.15194 
26874,0.14815 
26875,0.16173 
26876,0.17665 
26877,0.19532 
26878,0.20200 
26879,0.19642 
26880,0.19063 
26881,0.18524 
26882,0.16602 
26883,0.13092 
26884,0.09554 
26885,0.06839 
26886,0.06893 
26887,0.09747 
26888,0.13572 
26889,0.17421 
26890,0.20616 
26891,0.23302 
26892,0.26117 
26893,0.28980 
26894,0.29638 
26895,0.27938 
26896,0.26359 
26897,0.24780 
26898,0.24785 
26899,0.26485 
26900,0.28084 
26901,0.29683 
26902,0.31684 
26903,0.34059 
26904,0.36868 
26905,0.41256 
26906,0.41860 
26907,0.39113 
26908,0.36190 
26909,0.34213 
26910,0.34748 
26911,0.37924 
26912,0.41113 
26913,0.43239 
26914,0.39383 
26915,0.32260 
26916,0.27731 
26917,0.24564 
26918,0.25174 
26919,0.29503 
26920,0.31693 
26921,0.31697 
26922,0.31485 
26923,0.30955 
26924,0.31147 
26925,0.31929 
26926,0.31893 
26927,0.30765 
26928,0.29367 
26929,0.27528 
26930,0.24508 
26931,0.20285 
26932,0.16896 
26933,0.14550 
26934,0.13288 
26935,0.13138 
26936,0.12526 
26937,0.11519 
26938,0.13090 
26939,0.17247 
26940,0.23774 
26941,0.31326 
26942,0.35104 
26943,0.30921 
26944,0.27517 
26945,0.23342 
26946,0.21045 
26947,0.20693 
26948,0.20082 
26949,0.19106 
26950,0.21157 
26951,0.26186 
26952,0.33468 
26953,0.42608 
26954,0.42750 
26955,0.33803 
26956,0.26713 
26957,0.21726 
26958,0.17980 
26959,0.15874 
26960,0.14088 
26961,0.12276 
26962,0.09800 
26963,0.06896 
26964,0.04859 
26965,0.02808 
26966,0.01877 
26967,0.02091 
26968,0.02307 
26969,0.02524 
26970,0.02848 
26971,0.03279 
26972,0.03713 
26973,0.04151 
26974,0.04074 
26975,0.03495 
26976,0.02885 
26977,0.02264 
26978,0.02056 
26979,0.02292 
26980,0.02521 
26981,0.02750 
26982,0.02428 
26983,0.01522 
26984,0.01287 
26985,0.01104 
26986,0.00963 
26987,0.00870 
26988,0.00775 
26989,0.00676 
26990,0.00837 
26991,0.01256 
26992,0.02133 
26993,0.04160 
26994,0.06799 
26995,0.10619 
26996,0.15721 
26997,0.20831 
26998,0.25032 
26999,0.26434 
27000,0.27815 
27001,0.29177 
27002,0.27163 
27003,0.25572 
27004,0.25848 
27005,0.24817 
27006,0.27037 
27007,0.32504 
27008,0.38251 
27009,0.45560 
27010,0.53368 
27011,0.62699 
27012,0.66424 
27013,0.63505 
27014,0.60300 
27015,0.56497 
27016,0.59249 
27017,0.69163 
27018,0.78976 
27019,0.88299 
27020,0.91493 
27021,0.88427 
27022,0.87126 
27023,0.87861 
27024,0.87445 
27025,0.87104 
27026,0.85491 
27027,0.82439 
27028,0.82078 
27029,0.84098 
27030,0.86016 
27031,0.87896 
27032,0.87365 
27033,0.84613 
27034,0.83920 
27035,0.84587 
27036,0.76615 
27037,0.61639 
27038,0.48550 
27039,0.37473 
27040,0.33417 
27041,0.33012 
27042,0.31682 
27043,0.29023 
27044,0.18009 
27045,0.05171 
27046,0.01008 
27047,0.02455 
27048,0.04536 
27049,0.06610 
27050,0.07573 
27051,0.06581 
27052,0.05840 
27053,0.05094 
27054,0.04935 
27055,0.05358 
27056,0.05805 
27057,0.06241 
27058,0.06185 
27059,0.05608 
27060,0.05027 
27061,0.04441 
27062,0.04255 
27063,0.04458 
27064,0.04662 
27065,0.04881 
27066,0.05612 
27067,0.06882 
27068,0.08564 
27069,0.10572 
27070,0.13144 
27071,0.16326 
27072,0.20223 
27073,0.24737 
27074,0.25015 
27075,0.20833 
27076,0.17193 
27077,0.14095 
27078,0.14556 
27079,0.18663 
27080,0.24104 
27081,0.29877 
27082,0.30615 
27083,0.26295 
27084,0.21905 
27085,0.18207 
27086,0.14861 
27087,0.11440 
27088,0.08338 
27089,0.06135 
27090,0.05890 
27091,0.07572 
27092,0.09538 
27093,0.12148 
27094,0.15490 
27095,0.19478 
27096,0.24864 
27097,0.30221 
27098,0.35793 
27099,0.44347 
27100,0.52993 
27101,0.61345 
27102,0.71043 
27103,0.80907 
27104,0.84078 
27105,0.78416 
27106,0.69631 
27107,0.58545 
27108,0.52181 
27109,0.51054 
27110,0.57432 
27111,0.70398 
27112,0.76639 
27113,0.76230 
27114,0.74066 
27115,0.73611 
27116,0.78770 
27117,0.88246 
27118,0.90584 
27119,0.86272 
27120,0.84726 
27121,0.85864 
27122,0.88720 
27123,0.93010 
27124,0.87871 
27125,0.74322 
27126,0.64184 
27127,0.57417 
27128,0.50941 
27129,0.44765 
27130,0.38362 
27131,0.36845 
27132,0.39771 
27133,0.43784 
27134,0.46335 
27135,0.46369 
27136,0.46948 
27137,0.47936 
27138,0.48541 
27139,0.48641 
27140,0.44517 
27141,0.36557 
27142,0.41532 
27143,0.63805 
27144,0.91008 
27145,1.20813 
27146,1.33728 
27147,1.30741 
27148,1.27733 
27149,1.24705 
27150,1.19721 
27151,1.12113 
27152,1.04188 
27153,0.96160 
27154,0.89615 
27155,0.84904 
27156,0.80417 
27157,0.76514 
27158,0.64951 
27159,0.46886 
27160,0.32660 
27161,0.23128 
27162,0.21727 
27163,0.26986 
27164,0.34495 
27165,0.44071 
27166,0.45709 
27167,0.39311 
27168,0.32685 
27169,0.28368 
27170,0.23582 
27171,0.17745 
27172,0.13369 
27173,0.08960 
27174,0.06535 
27175,0.05269 
27176,0.03973 
27177,0.02647 
27178,0.02438 
27179,0.03387 
27180,0.04368 
27181,0.05351 
27182,0.03961 
27183,0.01213 
27184,0.00413 
27185,0.00000 
27186,0.00000 
27187,0.00000 
27188,0.00000 
27189,0.00000 
27190,0.00000 
27191,0.00000 
27192,0.00000 
27193,0.00000 
27194,0.00955 
27195,0.02986 
27196,0.05043 
27197,0.07095 
27198,0.12442 
27199,0.21362 
27200,0.24353 
27201,0.20751 
27202,0.18044 
27203,0.16645 
27204,0.17577 
27205,0.20460 
27206,0.23365 
27207,0.26416 
27208,0.27661 
27209,0.27155 
27210,0.27055 
27211,0.27244 
27212,0.27018 
27213,0.26481 
27214,0.25391 
27215,0.23702 
27216,0.25031 
27217,0.29453 
27218,0.35570 
27219,0.42156 
27220,0.44045 
27221,0.41106 
27222,0.39902 
27223,0.39711 
27224,0.35539 
27225,0.26930 
27226,0.19325 
27227,0.12782 
27228,0.11554 
27229,0.15457 
27230,0.18468 
27231,0.20557 
27232,0.23634 
27233,0.27604 
27234,0.33095 
27235,0.38213 
27236,0.32438 
27237,0.19759 
27238,0.13144 
27239,0.10973 
27240,0.08787 
27241,0.06585 
27242,0.06046 
27243,0.06429 
27244,0.06978 
27245,0.07595 
27246,0.07908 
27247,0.07960 
27248,0.08013 
27249,0.08041 
27250,0.07801 
27251,0.07241 
27252,0.06760 
27253,0.06424 
27254,0.06831 
27255,0.08567 
27256,0.10401 
27257,0.12208 
27258,0.12898 
27259,0.12378 
27260,0.11851 
27261,0.11355 
27262,0.09750 
27263,0.07176 
27264,0.05430 
27265,0.03620 
27266,0.02275 
27267,0.01421 
27268,0.01196 
27269,0.01021 
27270,0.00890 
27271,0.00804 
27272,0.00716 
27273,0.00627 
27274,0.00704 
27275,0.00955 
27276,0.01212 
27277,0.01475 
27278,0.02160 
27279,0.02399 
27280,0.02638 
27281,0.02889 
27282,0.02053 
27283,0.01211 
27284,0.00811 
27285,0.00411 
27286,0.00159 
27287,0.00060 
27288,0.00000 
27289,0.00000 
27290,0.00881 
27291,0.03109 
27292,0.05373 
27293,0.07851 
27294,0.20482 
27295,0.45690 
27296,0.59942 
27297,0.58113 
27298,0.56581 
27299,0.57301 
27300,0.54209 
27301,0.46472 
27302,0.39283 
27303,0.36326 
27304,0.37890 
27305,0.40257 
27306,0.40694 
27307,0.55367 
27308,0.57537 
27309,0.61192 
27310,0.68607 
27311,0.80830 
27312,0.78554 
27313,0.63746 
27314,0.49827 
27315,0.42937 
27316,0.42585 
27317,0.47216 
27318,0.54603 
27319,0.58513 
27320,0.60955 
27321,0.61540 
27322,0.62044 
27323,0.63524 
27324,0.59631 
27325,0.51269 
27326,0.44703 
27327,0.39644 
27328,0.33984 
27329,0.28015 
27330,0.23642 
27331,0.20136 
27332,0.12907 
27333,0.04070 
27334,0.00708 
27335,0.00639 
27336,0.00568 
27337,0.00497 
27338,0.00330 
27339,0.00065 
27340,0.00000 
27341,0.00000 
27342,0.00000 
27343,0.00000 
27344,0.00000 
27345,0.00067 
27346,0.00204 
27347,0.00285 
27348,0.00366 
27349,0.00449 
27350,0.00411 
27351,0.00251 
27352,0.00089 
27353,0.00000 
27354,0.00000 
27355,0.00000 
27356,0.00000 
27357,0.00000 
27358,0.00000 
27359,0.00000 
27360,0.00000 
27361,0.00000 
27362,0.00000 
27363,0.00000 
27364,0.00000 
27365,0.00000 
27366,0.00000 
27367,0.00000 
27368,0.00000 
27369,0.00000 
27370,0.00000 
27371,0.00000 
27372,0.00000 
27373,0.00000 
27374,0.00000 
27375,0.00000 
27376,0.00000 
27377,0.00000 
27378,0.00000 
27379,0.00000 
27380,0.00000 
27381,0.00000 
27382,0.00000 
27383,0.00000 
27384,0.00000 
27385,0.00000 
27386,0.01769 
27387,0.07368 
27388,0.13326 
27389,0.16656 
27390,0.20995 
27391,0.27305 
27392,0.32363 
27393,0.35910 
27394,0.38930 
27395,0.41514 
27396,0.44484 
27397,0.48175 
27398,0.50593 
27399,0.51245 
27400,0.55976 
27401,0.64828 
27402,0.75828 
27403,0.88547 
27404,0.90062 
27405,0.80408 
27406,0.71043 
27407,0.62190 
27408,0.61840 
27409,0.69905 
27410,0.75522 
27411,0.78916 
27412,0.82842 
27413,0.86956 
27414,0.92816 
27415,1.00207 
27416,0.99129 
27417,0.90622 
27418,0.83411 
27419,0.77553 
27420,0.71790 
27421,0.66450 
27422,0.62294 
27423,0.58973 
27424,0.49363 
27425,0.35360 
27426,0.25020 
27427,0.18069 
27428,0.10757 
27429,0.03078 
27430,0.00000 
27431,0.00000 
27432,0.00000 
27433,0.00000 
27434,0.00000 
27435,0.00000 
27436,0.00000 
27437,0.00000 
27438,0.00000 
27439,0.00000 
27440,0.00000 
27441,0.00000 
27442,0.00000 
27443,0.00000 
27444,0.00000 
27445,0.00000 
27446,0.00000 
27447,0.00000 
27448,0.00000 
27449,0.00000 
27450,0.00000 
27451,0.00000 
27452,0.00000 
27453,0.00000 
27454,0.00000 
27455,0.00000 
27456,0.00000 
27457,0.00000 
27458,0.00000 
27459,0.00000 
27460,0.00000 
27461,0.00000 
27462,0.00000 
27463,0.00000 
27464,0.00000 
27465,0.00000 
27466,0.00000 
27467,0.00000 
27468,0.00000 
27469,0.00000 
27470,0.00000 
27471,0.00000 
27472,0.00000 
27473,0.00000 
27474,0.00000 
27475,0.00000 
27476,0.00000 
27477,0.00000 
27478,0.00000 
27479,0.00000 
27480,0.00229 
27481,0.00466 
27482,0.02037 
27483,0.06647 
27484,0.14028 
27485,0.23927 
27486,0.30450 
27487,0.30221 
27488,0.33294 
27489,0.41158 
27490,0.46225 
27491,0.47765 
27492,0.52668 
27493,0.63399 
27494,0.73917 
27495,0.83881 
27496,0.90530 
27497,0.93594 
27498,0.99289 
27499,1.07613 
27500,1.09167 
27501,1.03034 
27502,0.98130 
27503,0.94237 
27504,0.92132 
27505,0.91828 
27506,0.90123 
27507,0.87334 
27508,0.87855 
27509,0.91650 
27510,0.94937 
27511,0.97965 
27512,0.97734 
27513,0.93785 
27514,0.91259 
27515,0.89746 
27516,0.82920 
27517,0.72091 
27518,0.63255 
27519,0.56426 
27520,0.46725 
27521,0.34762 
27522,0.25721 
27523,0.19779 
27524,0.12271 
27525,0.03953 
27526,0.00793 
27527,0.00784 
27528,0.00777 
27529,0.00768 
27530,0.00899 
27531,0.01284 
27532,0.02556 
27533,0.03841 
27534,0.04221 
27535,0.03698 
27536,0.03167 
27537,0.02629 
27538,0.02545 
27539,0.02931 
27540,0.03330 
27541,0.03723 
27542,0.04037 
27543,0.04286 
27544,0.04526 
27545,0.04772 
27546,0.04208 
27547,0.02821 
27548,0.01424 
27549,0.01004 
27550,0.00954 
27551,0.01154 
27552,0.01417 
27553,0.02339 
27554,0.02366 
27555,0.01477 
27556,0.01239 
27557,0.01050 
27558,0.01107 
27559,0.01409 
27560,0.02697 
27561,0.04160 
27562,0.05030 
27563,0.05313 
27564,0.05577 
27565,0.05868 
27566,0.05649 
27567,0.04936 
27568,0.04200 
27569,0.03463 
27570,0.03726 
27571,0.04964 
27572,0.06203 
27573,0.07443 
27574,0.08032 
27575,0.07970 
27576,0.07909 
27577,0.07880 
27578,0.08149 
27579,0.08860 
27580,0.09566 
27581,0.10320 
27582,0.11048 
27583,0.11731 
27584,0.16515 
27585,0.25640 
27586,0.37148 
27587,0.51759 
27588,0.64464 
27589,0.74872 
27590,0.77163 
27591,0.69720 
27592,0.68194 
27593,0.73486 
27594,0.76516 
27595,0.77477 
27596,0.84011 
27597,0.96573 
27598,1.10161 
27599,1.23675 
27600,1.20590 
27601,1.00695 
27602,0.83467 
27603,0.68722 
27604,0.58031 
27605,0.52008 
27606,0.44133 
27607,0.37637 
27608,0.35824 
27609,0.36124 
27610,0.38523 
27611,0.42023 
27612,0.40016 
27613,0.32748 
27614,0.26470 
27615,0.20555 
27616,0.16693 
27617,0.14745 
27618,0.13543 
27619,0.13092 
27620,0.11458 
27621,0.08886 
27622,0.09048 
27623,0.11377 
27624,0.13681 
27625,0.16303 
27626,0.17942 
27627,0.18061 
27628,0.18181 
27629,0.18302 
27630,0.15988 
27631,0.12410 
27632,0.08862 
27633,0.05891 
27634,0.04768 
27635,0.04801 
27636,0.04834 
27637,0.04852 
27638,0.04489 
27639,0.03695 
27640,0.02900 
27641,0.02112 
27642,0.01164 
27643,0.00789 
27644,0.00411 
27645,0.00030 
27646,0.00030 
27647,0.00426 
27648,0.00838 
27649,0.01269 
27650,0.02006 
27651,0.02244 
27652,0.02487 
27653,0.02722 
27654,0.02403 
27655,0.01512 
27656,0.01278 
27657,0.01092 
27658,0.01076 
27659,0.01235 
27660,0.01397 
27661,0.01710 
27662,0.01415 
27663,0.00960 
27664,0.00500 
27665,0.00037 
27666,0.00037 
27667,0.00505 
27668,0.00974 
27669,0.01443 
27670,0.03593 
27671,0.06501 
27672,0.09653 
27673,0.14070 
27674,0.19968 
27675,0.29386 
27676,0.39300 
27677,0.55358 
27678,0.62160 
27679,0.60078 
27680,0.58456 
27681,0.57286 
27682,0.49702 
27683,0.42780 
27684,0.37260 
27685,0.33398 
27686,0.32825 
27687,0.34606 
27688,0.36060 
27689,0.37426 
27690,0.40051 
27691,0.43878 
27692,0.43845 
27693,0.40060 
27694,0.36153 
27695,0.32791 
27696,0.33343 
27697,0.39279 
27698,0.47618 
27699,0.55918 
27700,0.51583 
27701,0.33823 
27702,0.21075 
27703,0.12704 
27704,0.09362 
27705,0.11039 
27706,0.10848 
27707,0.08783 
27708,0.08517 
27709,0.10259 
27710,0.12401 
27711,0.15038 
27712,0.14367 
27713,0.10260 
27714,0.06307 
27715,0.02627 
27716,0.00559 
27717,0.00176 
27718,0.00000 
27719,0.00000 
27720,0.00000 
27721,0.00000 
27722,0.00000 
27723,0.00000 
27724,0.00000 
27725,0.00000 
27726,0.00029 
27727,0.00397 
27728,0.00770 
27729,0.01148 
27730,0.02703 
27731,0.04711 
27732,0.06733 
27733,0.09637 
27734,0.10620 
27735,0.09359 
27736,0.08124 
27737,0.07061 
27738,0.05755 
27739,0.03938 
27740,0.02088 
27741,0.01081 
27742,0.00960 
27743,0.01112 
27744,0.01270 
27745,0.01577 
27746,0.02835 
27747,0.04674 
27748,0.06543 
27749,0.08462 
27750,0.07665 
27751,0.04239 
27752,0.01324 
27753,0.00585 
27754,0.00590 
27755,0.01362 
27756,0.04436 
27757,0.08186 
27758,0.10313 
27759,0.09542 
27760,0.08852 
27761,0.08392 
27762,0.08646 
27763,0.09946 
27764,0.11503 
27765,0.13062 
27766,0.12046 
27767,0.08680 
27768,0.06430 
27769,0.04179 
27770,0.04655 
27771,0.07878 
27772,0.11124 
27773,0.14348 
27774,0.19206 
27775,0.25967 
27776,0.30155 
27777,0.31958 
27778,0.33675 
27779,0.36431 
27780,0.39514 
27781,0.55941 
27782,0.86746 
27783,1.17048 
27784,1.27098 
27785,1.12615 
27786,0.96547 
27787,0.79212 
27788,0.71889 
27789,0.75620 
27790,0.76574 
27791,0.74711 
27792,0.79824 
27793,0.91610 
27794,1.01986 
27795,1.11638 
27796,1.11133 
27797,1.00827 
27798,0.95737 
27799,0.95504 
27800,0.90526 
27801,0.81341 
27802,0.72730 
27803,0.65076 
27804,0.64522 
27805,0.69108 
27806,0.71523 
27807,0.70945 
27808,0.62305 
27809,0.48975 
27810,0.40117 
27811,0.34966 
27812,0.28146 
27813,0.20885 
27814,0.17499 
27815,0.15893 
27816,0.14616 
27817,0.13444 
27818,0.12015 
27819,0.10278 
27820,0.08527 
27821,0.06849 
27822,0.06875 
27823,0.08708 
27824,0.10609 
27825,0.12537 
27826,0.14182 
27827,0.15435 
27828,0.16748 
27829,0.18461 
27830,0.17679 
27831,0.14996 
27832,0.12567 
27833,0.10103 
27834,0.08889 
27835,0.08925 
27836,0.08960 
27837,0.08965 
27838,0.09063 
27839,0.09229 
27840,0.09368 
27841,0.09545 
27842,0.11014 
27843,0.13912 
27844,0.16793 
27845,0.20025 
27846,0.21652 
27847,0.20924 
27848,0.20100 
27849,0.19404 
27850,0.18523 
27851,0.17241 
27852,0.15863 
27853,0.14520 
27854,0.13810 
27855,0.13761 
27856,0.13768 
27857,0.13719 
27858,0.14497 
27859,0.16113 
27860,0.17671 
27861,0.19310 
27862,0.20404 
27863,0.21145 
27864,0.22025 
27865,0.22892 
27866,0.23236 
27867,0.23219 
27868,0.23735 
27869,0.24345 
27870,0.30246 
27871,0.44395 
27872,0.50662 
27873,0.46032 
27874,0.43480 
27875,0.43625 
27876,0.48215 
27877,0.58134 
27878,0.68506 
27879,0.79214 
27880,0.83406 
27881,0.80162 
27882,0.80089 
27883,0.83109 
27884,0.81466 
27885,0.74593 
27886,0.66604 
27887,0.57449 
27888,0.57117 
27889,0.65396 
27890,0.74533 
27891,0.83979 
27892,0.82987 
27893,0.72569 
27894,0.62961 
27895,0.54374 
27896,0.49649 
27897,0.49466 
27898,0.48967 
27899,0.48301 
27900,0.44520 
27901,0.37588 
27902,0.31073 
27903,0.24654 
27904,0.20943 
27905,0.19175 
27906,0.17537 
27907,0.15734 
27908,0.09992 
27909,0.02728 
27910,0.00000 
27911,0.00000 
27912,0.00000 
27913,0.00068 
27914,0.00068 
27915,0.00000 
27916,0.00000 
27917,0.00000 
27918,0.00000 
27919,0.00000 
27920,0.00000 
27921,0.00000 
27922,0.00000 
27923,0.00000 
27924,0.00000 
27925,0.00000 
27926,0.00000 
27927,0.00000 
27928,0.00000 
27929,0.00000 
27930,0.00000 
27931,0.00000 
27932,0.00290 
27933,0.00683 
27934,0.00845 
27935,0.00773 
27936,0.00699 
27937,0.00618 
27938,0.00533 
27939,0.00440 
27940,0.00346 
27941,0.00251 
27942,0.00059 
27943,0.00000 
27944,0.00000 
27945,0.00000 
27946,0.00000 
27947,0.00000 
27948,0.00000 
27949,0.00000 
27950,0.00000 
27951,0.00000 
27952,0.00000 
27953,0.00000 
27954,0.00000 
27955,0.00000 
27956,0.00000 
27957,0.00000 
27958,0.00000 
27959,0.00424 
27960,0.01242 
27961,0.04012 
27962,0.07337 
27963,0.10331 
27964,0.13457 
27965,0.16686 
27966,0.22544 
27967,0.32353 
27968,0.40945 
27969,0.48095 
27970,0.56131 
27971,0.65603 
27972,0.74548 
27973,0.83056 
27974,0.91492 
27975,1.00338 
27976,1.05451 
27977,1.05382 
27978,1.04321 
27979,1.03103 
27980,1.03139 
27981,1.04553 
27982,1.03526 
27983,1.01217 
27984,0.96113 
27985,0.87439 
27986,0.80467 
27987,0.75696 
27988,0.76888 
27989,0.83832 
27990,0.91397 
27991,0.99367 
27992,0.99038 
27993,0.91000 
27994,0.82517 
27995,0.74520 
27996,0.76537 
27997,0.85658 
27998,0.92073 
27999,0.95041 
28000,0.83647 
28001,0.63834 
28002,0.47623 
28003,0.33954 
28004,0.22656 
28005,0.12703 
28006,0.06163 
28007,0.02898 
28008,0.00878 
28009,0.00190 
28010,0.00000 
28011,0.00000 
28012,0.00050 
28013,0.00132 
28014,0.00133 
28015,0.00051 
28016,0.00000 
28017,0.00000 
28018,0.00000 
28019,0.00222 
28020,0.00480 
28021,0.00742 
28022,0.00786 
28023,0.00615 
28024,0.00442 
28025,0.00270 
28026,0.00227 
28027,0.00315 
28028,0.00404 
28029,0.00493 
28030,0.00276 
28031,0.00000 
28032,0.00000 
28033,0.00000 
28034,0.00000 
28035,0.00000 
28036,0.00000 
28037,0.00000 
28038,0.00000 
28039,0.00000 
28040,0.00000 
28041,0.00000 
28042,0.00000 
28043,0.00000 
28044,0.00000 
28045,0.00000 
28046,0.00000 
28047,0.00000 
28048,0.00000 
28049,0.00000 
28050,0.00000 
28051,0.00000 
28052,0.00000 
28053,0.00000 
28054,0.00000 
28055,0.00000 
28056,0.00000 
28057,0.00000 
28058,0.01888 
28059,0.07709 
28060,0.13381 
28061,0.14949 
28062,0.16301 
28063,0.18596 
28064,0.23242 
28065,0.30939 
28066,0.38631 
28067,0.45842 
28068,0.52021 
28069,0.57544 
28070,0.62996 
28071,0.68369 
28072,0.74344 
28073,0.81627 
28074,0.91841 
28075,1.04761 
28076,1.05517 
28077,0.93699 
28078,0.83916 
28079,0.75817 
28080,0.73166 
28081,0.75460 
28082,0.74424 
28083,0.70211 
28084,0.72845 
28085,0.81973 
28086,0.89947 
28087,0.97000 
28088,0.95067 
28089,0.85464 
28090,0.79043 
28091,0.76053 
28092,0.68442 
28093,0.57469 
28094,0.46783 
28095,0.36983 
28096,0.31263 
28097,0.27416 
28098,0.23982 
28099,0.20617 
28100,0.12197 
28101,0.03007 
28102,0.00000 
28103,0.00000 
28104,0.00049 
28105,0.00128 
28106,0.00306 
28107,0.00586 
28108,0.00865 
28109,0.01148 
28110,0.01744 
28111,0.01944 
28112,0.02145 
28113,0.02355 
28114,0.02658 
28115,0.03061 
28116,0.03478 
28117,0.03889 
28118,0.04602 
28119,0.05640 
28120,0.06693 
28121,0.07979 
28122,0.09798 
28123,0.11806 
28124,0.13844 
28125,0.15857 
28126,0.16363 
28127,0.15322 
28128,0.14189 
28129,0.13022 
28130,0.11291 
28131,0.08867 
28132,0.07097 
28133,0.05543 
28134,0.05125 
28135,0.05893 
28136,0.06706 
28137,0.07517 
28138,0.07980 
28139,0.08050 
28140,0.08087 
28141,0.08159 
28142,0.08700 
28143,0.10051 
28144,0.11627 
28145,0.13204 
28146,0.16092 
28147,0.20240 
28148,0.25742 
28149,0.31299 
28150,0.41718 
28151,0.59733 
28152,0.83076 
28153,1.08680 
28154,1.33931 
28155,1.55682 
28156,1.78688 
28157,2.01866 
28158,2.13649 
28159,2.14127 
28160,2.14720 
28161,2.17047 
28162,2.09021 
28163,1.91099 
28164,1.67149 
28165,1.38534 
28166,1.14849 
28167,0.96727 
28168,0.85982 
28169,0.82739 
28170,0.83838 
28171,0.86978 
28172,0.87762 
28173,0.87441 
28174,0.86217 
28175,0.83986 
28176,0.84247 
28177,0.86939 
28178,0.92365 
28179,1.00053 
28180,0.95783 
28181,0.80007 
28182,0.69046 
28183,0.61299 
28184,0.56270 
28185,0.53344 
28186,0.49650 
28187,0.45589 
28188,0.42440 
28189,0.40038 
28190,0.36950 
28191,0.34413 
28192,0.26598 
28193,0.14805 
28194,0.04695 
28195,0.00000 
28196,0.00000 
28197,0.00000 
28198,0.00000 
28199,0.00000 
28200,0.00000 
28201,0.00000 
28202,0.00000 
28203,0.00000 
28204,0.00000 
28205,0.00000 
28206,0.00168 
28207,0.00169 
28208,0.00170 
28209,0.00171 
28210,0.00213 
28211,0.00295 
28212,0.00379 
28213,0.00463 
28214,0.00404 
28215,0.00197 
28216,0.00000 
28217,0.00000 
28218,0.00000 
28219,0.00000 
28220,0.00000 
28221,0.00000 
28222,0.00000 
28223,0.00529 
28224,0.01137 
28225,0.03160 
28226,0.06148 
28227,0.09672 
28228,0.14369 
28229,0.19179 
28230,0.22567 
28231,0.22749 
28232,0.22934 
28233,0.23214 
28234,0.27536 
28235,0.36355 
28236,0.51640 
28237,0.68363 
28238,0.81364 
28239,0.85750 
28240,0.89801 
28241,0.94244 
28242,1.01689 
28243,1.13871 
28244,1.26428 
28245,1.39463 
28246,1.38925 
28247,1.24977 
28248,1.11248 
28249,0.98600 
28250,0.95611 
28251,1.00024 
28252,1.05696 
28253,1.11547 
28254,1.23371 
28255,1.41632 
28256,1.57568 
28257,1.70986 
28258,1.79958 
28259,1.85177 
28260,1.88538 
28261,1.90555 
28262,1.93951 
28263,1.98058 
28264,2.00060 
28265,2.00031 
28266,1.98301 
28267,1.96275 
28268,1.97393 
28269,2.02967 
28270,2.03343 
28271,1.99909 
28272,1.93338 
28273,1.85138 
28274,1.91828 
28275,2.13387 
28276,2.30148 
28277,2.40955 
28278,2.42860 
28279,2.38937 
28280,2.31356 
28281,2.21472 
28282,2.14765 
28283,2.13050 
28284,2.12357 
28285,2.13957 
28286,2.02305 
28287,1.77756 
28288,1.53097 
28289,1.26196 
28290,1.16492 
28291,1.23775 
28292,1.30244 
28293,1.36055 
28294,1.28090 
28295,1.05265 
28296,0.82092 
28297,0.62357 
28298,0.53997 
28299,0.56422 
28300,0.58879 
28301,0.61368 
28302,0.62834 
28303,0.63257 
28304,0.63685 
28305,0.64333 
28306,0.62382 
28307,0.58232 
28308,0.53872 
28309,0.50526 
28310,0.51879 
28311,0.59202 
28312,0.66908 
28313,0.74868 
28314,0.75133 
28315,0.67850 
28316,0.60259 
28317,0.53363 
28318,0.52707 
28319,0.57009 
28320,0.62751 
28321,0.68455 
28322,0.70441 
28323,0.68303 
28324,0.66148 
28325,0.63975 
28326,0.58332 
28327,0.50992 
28328,0.43475 
28329,0.35775 
28330,0.32806 
28331,0.32050 
28332,0.31281 
28333,0.30376 
28334,0.27746 
28335,0.23123 
28336,0.19026 
28337,0.15672 
28338,0.13529 
28339,0.12700 
28340,0.11829 
28341,0.11016 
28342,0.13662 
28343,0.19649 
28344,0.27667 
28345,0.35949 
28346,0.39552 
28347,0.34713 
28348,0.31486 
28349,0.28343 
28350,0.33163 
28351,0.46109 
28352,0.54140 
28353,0.58080 
28354,0.53437 
28355,0.45820 
28356,0.37626 
28357,0.29168 
28358,0.22755 
28359,0.17530 
28360,0.18547 
28361,0.25611 
28362,0.32776 
28363,0.41952 
28364,0.44165 
28365,0.39898 
28366,0.39628 
28367,0.42901 
28368,0.38502 
28369,0.26451 
28370,0.12949 
28371,0.05478 
28372,0.06156 
28373,0.12414 
28374,0.19372 
28375,0.22692 
28376,0.22904 
28377,0.20969 
28378,0.20600 
28379,0.21707 
28380,0.20352 
28381,0.16573 
28382,0.12978 
28383,0.09693 
28384,0.07106 
28385,0.05383 
28386,0.02290 
28387,0.00297 
28388,0.00811 
28389,0.01176 
28390,0.01998 
28391,0.01242 
28392,0.01041 
28393,0.00882 
28394,0.00805 
28395,0.00808 
28396,0.00813 
28397,0.00816 
28398,0.00557 
28399,0.00029 
28400,0.00000 
28401,0.00000 
28402,0.00000 
28403,0.00000 
28404,0.00000 
28405,0.00000 
28406,0.00000 
28407,0.00000 
28408,0.00000 
28409,0.00000 
28410,0.00000 
28411,0.00000 
28412,0.00000 
28413,0.00000 
28414,0.00000 
28415,0.00000 
28416,0.00000 
28417,0.00000 
28418,0.00000 
28419,0.00000 
28420,0.00000 
28421,0.00000 
28422,0.00000 
28423,0.00000 
28424,0.00000 
28425,0.00000 
28426,0.00000 
28427,0.00000 
28428,0.00000 
28429,0.00000 
28430,0.00000 
28431,0.00000 
28432,0.00652 
28433,0.01318 
28434,0.01523 
28435,0.01267 
28436,0.01006 
28437,0.00751 
28438,0.00748 
28439,0.00994 
28440,0.01237 
28441,0.01475 
28442,0.02487 
28443,0.03472 
28444,0.04473 
28445,0.05458 
28446,0.06903 
28447,0.08761 
28448,0.10018 
28449,0.10680 
28450,0.11703 
28451,0.13103 
28452,0.12822 
28453,0.10916 
28454,0.10583 
28455,0.13286 
28456,0.18828 
28457,0.28385 
28458,0.33949 
28459,0.35538 
28460,0.36126 
28461,0.35729 
28462,0.36501 
28463,0.38871 
28464,0.40108 
28465,0.39671 
28466,0.40666 
28467,0.43224 
28468,0.49114 
28469,0.60183 
28470,0.74940 
28471,0.94059 
28472,1.11153 
28473,1.23914 
28474,1.30283 
28475,1.31009 
28476,1.34791 
28477,1.40821 
28478,1.44522 
28479,1.45374 
28480,1.44929 
28481,1.42309 
28482,1.33590 
28483,1.18317 
28484,1.02760 
28485,0.87540 
28486,0.79960 
28487,0.79974 
28488,0.80236 
28489,0.80250 
28490,0.72241 
28491,0.56229 
28492,0.42928 
28493,0.31317 
28494,0.28193 
28495,0.33584 
28496,0.39047 
28497,0.44725 
28498,0.42220 
28499,0.31703 
28500,0.24580 
28501,0.18748 
28502,0.16013 
28503,0.16068 
28504,0.16178 
28505,0.16235 
28506,0.16607 
28507,0.17535 
28508,0.18469 
28509,0.19476 
28510,0.22785 
28511,0.28603 
28512,0.37087 
28513,0.47916 
28514,0.51897 
28515,0.48890 
28516,0.45660 
28517,0.42556 
28518,0.41162 
28519,0.41525 
28520,0.41892 
28521,0.42266 
28522,0.38073 
28523,0.31821 
28524,0.26961 
28525,0.22012 
28526,0.22126 
28527,0.27493 
28528,0.32916 
28529,0.39788 
28530,0.37115 
28531,0.28383 
28532,0.20109 
28533,0.13892 
28534,0.08503 
28535,0.05224 
28536,0.01988 
28537,0.00959 
28538,0.01357 
28539,0.02932 
28540,0.04541 
28541,0.06252 
28542,0.13280 
28543,0.27914 
28544,0.43497 
28545,0.59614 
28546,0.63789 
28547,0.52691 
28548,0.52778 
28549,0.67008 
28550,0.79746 
28551,0.90550 
28552,0.96568 
28553,0.98046 
28554,1.00560 
28555,1.04508 
28556,1.05986 
28557,1.04262 
28558,1.03117 
28559,1.02554 
28560,1.01147 
28561,0.99554 
28562,0.97896 
28563,0.96460 
28564,0.95267 
28565,0.93823 
28566,0.93551 
28567,0.94195 
28568,0.89580 
28569,0.79691 
28570,0.71521 
28571,0.64519 
28572,0.58133 
28573,0.52005 
28574,0.45475 
28575,0.38907 
28576,0.33007 
28577,0.27542 
28578,0.23589 
28579,0.20251 
28580,0.12382 
28581,0.03629 
28582,0.01050 
28583,0.03028 
28584,0.05514 
28585,0.08639 
28586,0.11204 
28587,0.12483 
28588,0.13736 
28589,0.15047 
28590,0.13779 
28591,0.09847 
28592,0.06355 
28593,0.03807 
28594,0.02419 
28595,0.02228 
28596,0.02042 
28597,0.01847 
28598,0.01446 
28599,0.01187 
28600,0.01063 
28601,0.00935 
28602,0.00938 
28603,0.01076 
28604,0.01212 
28605,0.01488 
28606,0.01829 
28607,0.01869 
28608,0.01911 
28609,0.01955 
28610,0.01441 
28611,0.01204 
28612,0.00964 
28613,0.00723 
28614,0.00828 
28615,0.01284 
28616,0.02662 
28617,0.04867 
28618,0.04663 
28619,0.01991 
28620,0.01075 
28621,0.00508 
28622,0.00326 
28623,0.00537 
28624,0.00751 
28625,0.00967 
28626,0.01366 
28627,0.03317 
28628,0.06136 
28629,0.08945 
28630,0.10146 
28631,0.08721 
28632,0.07625 
28633,0.06579 
28634,0.06398 
28635,0.07589 
28636,0.09683 
28637,0.13803 
28638,0.27049 
28639,0.54319 
28640,0.68210 
28641,0.60493 
28642,0.52139 
28643,0.44926 
28644,0.44317 
28645,0.51903 
28646,0.57096 
28647,0.59607 
28648,0.64779 
28649,0.73514 
28650,0.83115 
28651,0.93309 
28652,0.96878 
28653,0.93260 
28654,0.91213 
28655,0.90328 
28656,0.91616 
28657,0.95462 
28658,0.98556 
28659,1.00535 
28660,1.00304 
28661,0.97954 
28662,0.96495 
28663,0.96086 
28664,0.92918 
28665,0.87318 
28666,0.83620 
28667,0.81725 
28668,0.72253 
28669,0.56529 
28670,0.42794 
28671,0.31942 
28672,0.24937 
28673,0.20055 
28674,0.15327 
28675,0.11193 
28676,0.06847 
28677,0.02594 
28678,0.00820 
28679,0.00823 
28680,0.00823 
28681,0.00826 
28682,0.00911 
28683,0.01079 
28684,0.01297 
28685,0.02093 
28686,0.01154 
28687,0.00450 
28688,0.00000 
28689,0.00000 
28690,0.00000 
28691,0.00000 
28692,0.00000 
28693,0.00000 
28694,0.00139 
28695,0.00053 
28696,0.00000 
28697,0.00000 
28698,0.00000 
28699,0.00000 
28700,0.00000 
28701,0.00000 
28702,0.00000 
28703,0.00000 
28704,0.00000 
28705,0.00000 
28706,0.00000 
28707,0.00000 
28708,0.00000 
28709,0.00000 
28710,0.00000 
28711,0.00000 
28712,0.00000 
28713,0.00000 
28714,0.00000 
28715,0.00000 
28716,0.00000 
28717,0.00000 
28718,0.00000 
28719,0.00000 
28720,0.00000 
28721,0.00000 
28722,0.00145 
28723,0.00000 
28724,0.00000 
28725,0.00000 
28726,0.00000 
28727,0.00000 
28728,0.00238 
28729,0.00481 
28730,0.01540 
28731,0.03500 
28732,0.07317 
28733,0.11372 
28734,0.20100 
28735,0.36649 
28736,0.43893 
28737,0.38143 
28738,0.36248 
28739,0.39187 
28740,0.41202 
28741,0.42631 
28742,0.42197 
28743,0.41633 
28744,0.43599 
28745,0.55265 
28746,0.72883 
28747,0.87672 
28748,0.92015 
28749,0.85604 
28750,0.80973 
28751,0.78427 
28752,0.79088 
28753,0.82994 
28754,0.87322 
28755,0.92279 
28756,0.91871 
28757,0.86830 
28758,0.82345 
28759,0.79242 
28760,0.78005 
28761,0.78658 
28762,0.79064 
28763,0.78985 
28764,0.73356 
28765,0.63297 
28766,0.55018 
28767,0.48221 
28768,0.39538 
28769,0.29732 
28770,0.22231 
28771,0.16539 
28772,0.09510 
28773,0.02486 
28774,0.00000 
28775,0.00000 
28776,0.00000 
28777,0.00000 
28778,0.00000 
28779,0.00000 
28780,0.00000 
28781,0.00000 
28782,0.00000 
28783,0.00000 
28784,0.00000 
28785,0.00000 
28786,0.00000 
28787,0.00000 
28788,0.00000 
28789,0.00000 
28790,0.00000 
28791,0.00000 
28792,0.00000 
28793,0.00000 
28794,0.00000 
28795,0.00000 
28796,0.00000 
28797,0.00000 
28798,0.00000 
28799,0.00000 
28800,0.00000 
28801,0.00000 
28802,0.00000 
28803,0.00000 
28804,0.00000 
28805,0.00000 
28806,0.00000 
28807,0.00000 
28808,0.00000 
28809,0.00089 
28810,0.00274 
28811,0.00383 
28812,0.00496 
28813,0.00609 
28814,0.00312 
28815,0.00000 
28816,0.00000 
28817,0.00000 
28818,0.00000 
28819,0.00000 
28820,0.00000 
28821,0.00000 
28822,0.00000 
28823,0.00000 
28824,0.00000 
28825,0.00000 
28826,0.01617 
28827,0.05836 
28828,0.12045 
28829,0.20176 
28830,0.27172 
28831,0.30602 
28832,0.37986 
28833,0.53264 
28834,0.70769 
28835,0.89588 
28836,1.01681 
28837,1.05755 
28838,1.12279 
28839,1.21643 
28840,1.26206 
28841,1.25386 
28842,1.24946 
28843,1.24690 
28844,1.25173 
28845,1.26452 
28846,1.28524 
28847,1.31407 
28848,1.28399 
28849,1.19620 
28850,1.10208 
28851,1.00197 
28852,0.97866 
28853,1.02835 
28854,1.06550 
28855,1.10106 
28856,1.08861 
28857,1.03684 
28858,1.00590 
28859,0.98585 
28860,0.90344 
28861,0.76876 
28862,0.64909 
28863,0.54512 
28864,0.43959 
28865,0.33437 
28866,0.25261 
28867,0.19056 
28868,0.10997 
28869,0.02796 
28870,0.00000 
28871,0.00000 
28872,0.00000 
28873,0.00000 
28874,0.00000 
28875,0.00000 
28876,0.00000 
28877,0.00000 
28878,0.00000 
28879,0.00000 
28880,0.00000 
28881,0.00072 
28882,0.00000 
28883,0.00000 
28884,0.00000 
28885,0.00000 
28886,0.00000 
28887,0.00000 
28888,0.00000 
28889,0.00000 
28890,0.00000 
28891,0.00000 
28892,0.00000 
28893,0.00000 
28894,0.00000 
28895,0.00000 
28896,0.00000 
28897,0.00000 
28898,0.00000 
28899,0.00000 
28900,0.00000 
28901,0.00000 
28902,0.00000 
28903,0.00000 
28904,0.00000 
28905,0.00000 
28906,0.00000 
28907,0.00000 
28908,0.00000 
28909,0.00000 
28910,0.00000 
28911,0.00000 
28912,0.00000 
28913,0.00000 
28914,0.00000 
28915,0.00000 
28916,0.00000 
28917,0.00000 
28918,0.00000 
28919,0.00000 
28920,0.00000 
28921,0.00000 
28922,0.01395 
28923,0.04866 
28924,0.09778 
28925,0.16052 
28926,0.22603 
28927,0.28124 
28928,0.35326 
28929,0.45310 
28930,0.56057 
28931,0.66681 
28932,0.75059 
28933,0.80993 
28934,0.88404 
28935,0.97432 
28936,1.04950 
28937,1.10742 
28938,1.18057 
28939,1.26414 
28940,1.29100 
28941,1.25561 
28942,1.22717 
28943,1.21100 
28944,1.19028 
28945,1.17109 
28946,1.15134 
28947,1.13465 
28948,1.09941 
28949,1.04669 
28950,0.99709 
28951,0.95073 
28952,0.90933 
28953,0.87378 
28954,0.83871 
28955,0.80069 
28956,0.73517 
28957,0.65450 
28958,0.60071 
28959,0.56894 
28960,0.46492 
28961,0.30571 
28962,0.15855 
28963,0.08200 
28964,0.05410 
28965,0.01707 
28966,0.00000 
28967,0.00000 
28968,0.00000 
28969,0.00000 
28970,0.00000 
28971,0.00000 
28972,0.00000 
28973,0.00000 
28974,0.00000 
28975,0.00000 
28976,0.00000 
28977,0.00000 
28978,0.00000 
28979,0.00000 
28980,0.00000 
28981,0.00000 
28982,0.00000 
28983,0.00000 
28984,0.00000 
28985,0.00000 
28986,0.00031 
28987,0.00427 
28988,0.00828 
28989,0.01232 
28990,0.01335 
28991,0.01131 
28992,0.00915 
28993,0.00696 
28994,0.00417 
28995,0.00082 
28996,0.00000 
28997,0.00000 
28998,0.00000 
28999,0.00000 
29000,0.00084 
29001,0.00434 
29002,0.00941 
29003,0.01954 
29004,0.05142 
29005,0.08383 
29006,0.10635 
29007,0.10682 
29008,0.10730 
29009,0.10777 
29010,0.12394 
29011,0.15472 
29012,0.18604 
29013,0.22008 
29014,0.24047 
29015,0.23861 
29016,0.23679 
29017,0.23499 
29018,0.22823 
29019,0.22533 
29020,0.22746 
29021,0.21334 
29022,0.21397 
29023,0.23549 
29024,0.25218 
29025,0.26208 
29026,0.24932 
29027,0.21770 
29028,0.20078 
29029,0.20789 
29030,0.20497 
29031,0.19117 
29032,0.21214 
29033,0.27637 
29034,0.35732 
29035,0.45594 
29036,0.51461 
29037,0.53410 
29038,0.58245 
29039,0.65661 
29040,0.65297 
29041,0.57664 
29042,0.51728 
29043,0.47613 
29044,0.46437 
29045,0.47954 
29046,0.49306 
29047,0.50734 
29048,0.48014 
29049,0.41555 
29050,0.33117 
29051,0.26603 
29052,0.24267 
29053,0.33847 
29054,0.49469 
29055,0.59296 
29056,0.52895 
29057,0.34883 
29058,0.22165 
29059,0.13634 
29060,0.06851 
29061,0.01849 
29062,0.00326 
29063,0.00646 
29064,0.00966 
29065,0.01638 
29066,0.03466 
29067,0.05613 
29068,0.08216 
29069,0.11631 
29070,0.14739 
29071,0.18076 
29072,0.22029 
29073,0.26040 
29074,0.33114 
29075,0.45719 
29076,0.60303 
29077,0.77770 
29078,0.85729 
29079,0.83866 
29080,0.81988 
29081,0.80094 
29082,0.75408 
29083,0.67896 
29084,0.60324 
29085,0.53260 
29086,0.53843 
29087,0.62561 
29088,0.72265 
29089,0.82106 
29090,0.90136 
29091,0.95458 
29092,1.01554 
29093,1.08419 
29094,1.00554 
29095,0.82063 
29096,0.63613 
29097,0.49881 
29098,0.41009 
29099,0.36670 
29100,0.33897 
29101,0.31553 
29102,0.28105 
29103,0.23429 
29104,0.19283 
29105,0.15824 
29106,0.13662 
29107,0.12879 
29108,0.12095 
29109,0.11265 
29110,0.10440 
29111,0.09583 
29112,0.08821 
29113,0.08263 
29114,0.09698 
29115,0.14532 
29116,0.20762 
29117,0.28268 
29118,0.35113 
29119,0.41149 
29120,0.47656 
29121,0.55121 
29122,0.64793 
29123,0.76479 
29124,0.82223 
29125,0.81098 
29126,0.80023 
29127,0.79496 
29128,0.77067 
29129,0.73638 
29130,0.69879 
29131,0.65497 
29132,0.64332 
29133,0.66232 
29134,0.66984 
29135,0.66195 
29136,0.66005 
29137,0.66071 
29138,0.67156 
29139,0.69004 
29140,0.67756 
29141,0.63174 
29142,0.60365 
29143,0.59167 
29144,0.57890 
29145,0.55281 
29146,0.51956 
29147,0.48136 
29148,0.43688 
29149,0.38503 
29150,0.32950 
29151,0.27931 
29152,0.22906 
29153,0.17762 
29154,0.13449 
29155,0.09790 
29156,0.06147 
29157,0.04379 
29158,0.03335 
29159,0.02205 
29160,0.01171 
29161,0.00934 
29162,0.00776 
29163,0.00698 
29164,0.00621 
29165,0.00542 
29166,0.00546 
29167,0.00633 
29168,0.00724 
29169,0.00814 
29170,0.00735 
29171,0.00479 
29172,0.00224 
29173,0.00000 
29174,0.00000 
29175,0.00000 
29176,0.00053 
29177,0.00141 
29178,0.00119 
29179,0.00000 
29180,0.00000 
29181,0.00000 
29182,0.00000 
29183,0.00000 
29184,0.00000 
29185,0.00000 
29186,0.00000 
29187,0.00000 
29188,0.00000 
29189,0.00000 
29190,0.00010 
29191,0.00010 
29192,0.00011 
29193,0.00011 
29194,0.00000 
29195,0.00000 
29196,0.00000 
29197,0.00000 
29198,0.00000 
29199,0.00281 
29200,0.00606 
29201,0.00932 
29202,0.01096 
29203,0.01097 
29204,0.01099 
29205,0.01100 
29206,0.01287 
29207,0.01819 
29208,0.03609 
29209,0.05367 
29210,0.08691 
29211,0.15684 
29212,0.23438 
29213,0.33127 
29214,0.41473 
29215,0.49269 
29216,0.52911 
29217,0.52318 
29218,0.54486 
29219,0.58662 
29220,0.58105 
29221,0.52918 
29222,0.48106 
29223,0.45946 
29224,0.47538 
29225,0.50840 
29226,0.51836 
29227,0.50253 
29228,0.50685 
29229,0.52912 
29230,0.57637 
29231,0.64754 
29232,0.68328 
29233,0.68694 
29234,0.69685 
29235,0.71322 
29236,0.73170 
29237,0.75168 
29238,0.73163 
29239,0.70218 
29240,0.60006 
29241,0.42223 
29242,0.27601 
29243,0.15930 
29244,0.11034 
29245,0.12101 
29246,0.14092 
29247,0.16947 
29248,0.17279 
29249,0.15100 
29250,0.15099 
29251,0.18021 
29252,0.23010 
29253,0.29344 
29254,0.31057 
29255,0.25096 
29256,0.20092 
29257,0.15451 
29258,0.13317 
29259,0.12738 
29260,0.12193 
29261,0.11603 
29262,0.11363 
29263,0.11441 
29264,0.11520 
29265,0.11561 
29266,0.13604 
29267,0.17655 
29268,0.23123 
29269,0.28537 
29270,0.31582 
29271,0.31808 
29272,0.31928 
29273,0.32049 
29274,0.29176 
29275,0.23738 
29276,0.18259 
29277,0.14175 
29278,0.11960 
29279,0.11516 
29280,0.11052 
29281,0.10527 
29282,0.11625 
29283,0.14243 
29284,0.16926 
29285,0.19556 
29286,0.19331 
29287,0.16052 
29288,0.12771 
29289,0.09411 
29290,0.07718 
29291,0.06764 
29292,0.05793 
29293,0.04807 
29294,0.04827 
29295,0.05867 
29296,0.06936 
29297,0.07981 
29298,0.08765 
29299,0.09289 
29300,0.09978 
29301,0.10790 
29302,0.14585 
29303,0.21368 
29304,0.30594 
29305,0.41396 
29306,0.56770 
29307,0.72606 
29308,0.91970 
29309,1.11537 
29310,1.21114 
29311,1.16734 
29312,1.14175 
29313,1.12293 
29314,1.32325 
29315,1.78334 
29316,1.99911 
29317,1.92676 
29318,1.58538 
29319,1.12419 
29320,0.84463 
29321,0.70281 
29322,0.72765 
29323,0.78989 
29324,0.77753 
29325,0.68591 
29326,0.60373 
29327,0.53879 
29328,0.49835 
29329,0.48376 
29330,0.45899 
29331,0.42554 
29332,0.39360 
29333,0.35328 
29334,0.34465 
29335,0.36120 
29336,0.32530 
29337,0.23437 
29338,0.14600 
29339,0.06112 
29340,0.02944 
29341,0.04981 
29342,0.05786 
29343,0.05344 
29344,0.04751 
29345,0.04025 
29346,0.03517 
29347,0.03236 
29348,0.02294 
29349,0.00726 
29350,0.00000 
29351,0.00000 
29352,0.00000 
29353,0.00000 
29354,0.00000 
29355,0.00000 
29356,0.00000 
29357,0.00000 
29358,0.00000 
29359,0.00000 
29360,0.00000 
29361,0.00000 
29362,0.00000 
29363,0.00000 
29364,0.00000 
29365,0.00000 
29366,0.00000 
29367,0.00000 
29368,0.00000 
29369,0.00000 
29370,0.00000 
29371,0.00000 
29372,0.00000 
29373,0.00000 
29374,0.00000 
29375,0.00000 
29376,0.00250 
29377,0.00745 
29378,0.01005 
29379,0.01013 
29380,0.01021 
29381,0.01030 
29382,0.01223 
29383,0.01756 
29384,0.03536 
29385,0.05360 
29386,0.07683 
29387,0.11289 
29388,0.15775 
29389,0.20301 
29390,0.19984 
29391,0.14700 
29392,0.09463 
29393,0.06080 
29394,0.04351 
29395,0.04334 
29396,0.04317 
29397,0.04301 
29398,0.02851 
29399,0.01259 
29400,0.00667 
29401,0.00088 
29402,0.00000 
29403,0.02416 
29404,0.04070 
29405,0.05741 
29406,0.12476 
29407,0.25852 
29408,0.29473 
29409,0.20662 
29410,0.12466 
29411,0.07518 
29412,0.10678 
29413,0.22944 
29414,0.34767 
29415,0.45624 
29416,0.54179 
29417,0.60345 
29418,0.77179 
29419,1.04977 
29420,1.08806 
29421,0.88306 
29422,0.66817 
29423,0.54040 
29424,0.51646 
29425,0.52912 
29426,0.61104 
29427,0.72753 
29428,0.71191 
29429,0.55149 
29430,0.44872 
29431,0.39437 
29432,0.40298 
29433,0.47753 
29434,0.54189 
29435,0.58879 
29436,0.61482 
29437,0.62171 
29438,0.66792 
29439,0.75510 
29440,0.86495 
29441,0.96047 
29442,1.03787 
29443,1.11370 
29444,1.18249 
29445,1.24616 
29446,1.12622 
29447,0.82871 
29448,0.57795 
29449,0.38992 
29450,0.29084 
29451,0.27369 
29452,0.25737 
29453,0.24013 
29454,0.25409 
29455,0.29874 
29456,0.37784 
29457,0.46042 
29458,0.51026 
29459,0.52825 
29460,0.54822 
29461,0.57209 
29462,0.58767 
29463,0.59401 
29464,0.60048 
29465,0.60709 
29466,0.66291 
29467,0.77278 
29468,0.88039 
29469,1.00241 
29470,0.97707 
29471,0.81507 
29472,0.65289 
29473,0.52459 
29474,0.46177 
29475,0.45808 
29476,0.45253 
29477,0.44688 
29478,0.41886 
29479,0.36747 
29480,0.33811 
29481,0.30950 
29482,0.28848 
29483,0.27422 
29484,0.25969 
29485,0.24594 
29486,0.23849 
29487,0.23864 
29488,0.23879 
29489,0.23894 
29490,0.23806 
29491,0.23617 
29492,0.23431 
29493,0.23346 
29494,0.25858 
29495,0.30941 
29496,0.36012 
29497,0.44097 
29498,0.53810 
29499,0.66533 
29500,0.87174 
29501,1.10580 
29502,1.21303 
29503,1.19274 
29504,1.15532 
29505,1.09905 
29506,1.04631 
29507,0.99845 
29508,1.03804 
29509,1.18043 
29510,1.33345 
29511,1.49835 
29512,1.52995 
29513,1.42756 
29514,1.36466 
29515,1.35648 
29516,1.41819 
29517,1.56402 
29518,1.59301 
29519,1.50679 
29520,1.39680 
29521,1.28317 
29522,1.26407 
29523,1.33167 
29524,1.30866 
29525,1.20411 
29526,1.09212 
29527,0.97805 
29528,0.86654 
29529,0.75504 
29530,0.59817 
29531,0.51328 
29532,0.42539 
29533,0.36525 
29534,0.34244 
29535,0.34277 
29536,0.29156 
29537,0.20824 
29538,0.15163 
29539,0.10993 
29540,0.06688 
29541,0.02790 
29542,0.01250 
29543,0.01234 
29544,0.01222 
29545,0.01206 
29546,0.01263 
29547,0.01848 
29548,0.02468 
29549,0.03082 
29550,0.03619 
29551,0.04047 
29552,0.04492 
29553,0.04928 
29554,0.04648 
29555,0.03597 
29556,0.02553 
29557,0.01497 
29558,0.01104 
29559,0.00800 
29560,0.00489 
29561,0.00171 
29562,0.00056 
29563,0.00150 
29564,0.00244 
29565,0.00339 
29566,0.00320 
29567,0.00181 
29568,0.00035 
29569,0.00000 
29570,0.00140 
29571,0.00815 
29572,0.01496 
29573,0.04514 
29574,0.07545 
29575,0.11132 
29576,0.15623 
29577,0.20193 
29578,0.19027 
29579,0.11784 
29580,0.06285 
29581,0.01647 
29582,0.01003 
29583,0.00723 
29584,0.00439 
29585,0.00155 
29586,0.00298 
29587,0.00871 
29588,0.01438 
29589,0.03153 
29590,0.04770 
29591,0.05293 
29592,0.05787 
29593,0.06274 
29594,0.07307 
29595,0.10259 
29596,0.15271 
29597,0.20645 
29598,0.32431 
29599,0.54837 
29600,0.82602 
29601,1.14973 
29602,1.24123 
29603,1.02157 
29604,0.93740 
29605,0.99489 
29606,1.06312 
29607,1.13311 
29608,1.27199 
29609,1.46594 
29610,1.62626 
29611,1.72614 
29612,1.71100 
29613,1.57024 
29614,1.38857 
29615,1.19251 
29616,1.08658 
29617,1.06839 
29618,1.10102 
29619,1.17958 
29620,1.19984 
29621,1.16517 
29622,1.16303 
29623,1.22550 
29624,1.32405 
29625,1.46121 
29626,1.48614 
29627,1.39315 
29628,1.24181 
29629,1.04264 
29630,0.83170 
29631,0.63382 
29632,0.48234 
29633,0.38846 
29634,0.31282 
29635,0.26217 
29636,0.19729 
29637,0.13642 
29638,0.10031 
29639,0.07522 
29640,0.05863 
29641,0.04239 
29642,0.02911 
29643,0.01891 
29644,0.01215 
29645,0.00999 
29646,0.01007 
29647,0.01237 
29648,0.01948 
29649,0.03034 
29650,0.03274 
29651,0.02633 
29652,0.01980 
29653,0.01364 
29654,0.01208 
29655,0.01028 
29656,0.00846 
29657,0.00663 
29658,0.00666 
29659,0.00857 
29660,0.01046 
29661,0.01239 
29662,0.01254 
29663,0.01083 
29664,0.00905 
29665,0.00720 
29666,0.00678 
29667,0.00784 
29668,0.00891 
29669,0.00999 
29670,0.01007 
29671,0.00910 
29672,0.00812 
29673,0.00711 
29674,0.00853 
29675,0.01244 
29676,0.01642 
29677,0.03464 
29678,0.04030 
29679,0.03230 
29680,0.02439 
29681,0.01681 
29682,0.01911 
29683,0.03263 
29684,0.04616 
29685,0.05971 
29686,0.07430 
29687,0.08973 
29688,0.10998 
29689,0.13315 
29690,0.14824 
29691,0.16769 
29692,0.20192 
29693,0.23557 
29694,0.24068 
29695,0.21860 
29696,0.23315 
29697,0.28468 
29698,0.32659 
29699,0.35887 
29700,0.38178 
29701,0.39764 
29702,0.43127 
29703,0.49246 
29704,0.55367 
29705,0.69014 
29706,0.86295 
29707,1.00605 
29708,1.02669 
29709,0.92632 
29710,0.83352 
29711,0.74755 
29712,0.69411 
29713,0.67821 
29714,0.64125 
29715,0.58404 
29716,0.57031 
29717,0.59350 
29718,0.64077 
29719,0.70876 
29720,0.67861 
29721,0.55859 
29722,0.46135 
29723,0.38071 
29724,0.33762 
29725,0.32260 
29726,0.30762 
29727,0.30160 
29728,0.28040 
29729,0.25823 
29730,0.20836 
29731,0.13227 
29732,0.07010 
29733,0.02225 
29734,0.00790 
29735,0.00664 
29736,0.00537 
29737,0.00412 
29738,0.00264 
29739,0.00095 
29740,0.00000 
29741,0.00000 
29742,0.00000 
29743,0.00449 
29744,0.00984 
29745,0.02251 
29746,0.02687 
29747,0.01268 
29748,0.00915 
29749,0.00555 
29750,0.00648 
29751,0.01196 
29752,0.03175 
29753,0.05792 
29754,0.07127 
29755,0.07180 
29756,0.07235 
29757,0.07290 
29758,0.07372 
29759,0.07484 
29760,0.07600 
29761,0.07719 
29762,0.07332 
29763,0.06399 
29764,0.05459 
29765,0.04510 
29766,0.02589 
29767,0.01158 
29768,0.00539 
29769,0.00000 
29770,0.00000 
29771,0.00000 
29772,0.00000 
29773,0.00000 
29774,0.00000 
29775,0.00000 
29776,0.00000 
29777,0.00261 
29778,0.00373 
29779,0.00206 
29780,0.00039 
29781,0.00000 
29782,0.00000 
29783,0.00121 
29784,0.00339 
29785,0.00550 
29786,0.00653 
29787,0.01899 
29788,0.04530 
29789,0.07214 
29790,0.12064 
29791,0.19645 
29792,0.21131 
29793,0.15646 
29794,0.09594 
29795,0.03838 
29796,0.06138 
29797,0.15980 
29798,0.27985 
29799,0.42297 
29800,0.45571 
29801,0.37642 
29802,0.32831 
29803,0.31295 
29804,0.30151 
29805,0.29420 
29806,0.28888 
29807,0.28449 
29808,0.27251 
29809,0.25494 
29810,0.23405 
29811,0.21947 
29812,0.21763 
29813,0.23580 
29814,0.26665 
29815,0.31194 
29816,0.29564 
29817,0.21645 
29818,0.14201 
29819,0.07092 
29820,0.05669 
29821,0.09990 
29822,0.16104 
29823,0.23286 
29824,0.25431 
29825,0.22478 
29826,0.17243 
29827,0.11183 
29828,0.05786 
29829,0.01561 
29830,0.00000 
29831,0.00000 
29832,0.00000 
29833,0.00000 
29834,0.00000 
29835,0.00000 
29836,0.00000 
29837,0.00000 
29838,0.00000 
29839,0.00000 
29840,0.00000 
29841,0.00000 
29842,0.00000 
29843,0.00000 
29844,0.00076 
29845,0.00390 
29846,0.00594 
29847,0.00687 
29848,0.00777 
29849,0.00871 
29850,0.01124 
29851,0.02195 
29852,0.04172 
29853,0.06163 
29854,0.05919 
29855,0.03307 
29856,0.01270 
29857,0.00702 
29858,0.00485 
29859,0.00638 
29860,0.00791 
29861,0.00943 
29862,0.01077 
29863,0.01188 
29864,0.01301 
29865,0.01422 
29866,0.01355 
29867,0.01100 
29868,0.00842 
29869,0.00579 
29870,0.00256 
29871,0.00000 
29872,0.00000 
29873,0.00000 
29874,0.00000 
29875,0.00000 
29876,0.00000 
29877,0.00000 
29878,0.00093 
29879,0.00255 
29880,0.00414 
29881,0.00570 
29882,0.00697 
29883,0.01756 
29884,0.03897 
29885,0.06052 
29886,0.09283 
29887,0.13526 
29888,0.15607 
29889,0.15427 
29890,0.14378 
29891,0.12414 
29892,0.15543 
29893,0.23110 
29894,0.34290 
29895,0.49475 
29896,0.61165 
29897,0.69720 
29898,0.70078 
29899,0.61642 
29900,0.57386 
29901,0.57513 
29902,0.53312 
29903,0.49229 
29904,0.47115 
29905,0.61135 
29906,0.88199 
29907,1.09375 
29908,1.09568 
29909,0.90381 
29910,0.74636 
29911,0.61998 
29912,0.59272 
29913,0.65345 
29914,0.70547 
29915,0.75127 
29916,0.68680 
29917,0.53838 
29918,0.41349 
29919,0.31256 
29920,0.25291 
29921,0.21815 
29922,0.18215 
29923,0.14473 
29924,0.08379 
29925,0.02130 
29926,0.00000 
29927,0.00000 
29928,0.00000 
29929,0.00000 
29930,0.00050 
29931,0.00133 
29932,0.00216 
29933,0.00301 
29934,0.00680 
29935,0.01729 
29936,0.04991 
29937,0.08774 
29938,0.10758 
29939,0.09481 
29940,0.08231 
29941,0.07155 
29942,0.05520 
29943,0.03050 
29944,0.01154 
29945,0.00630 
29946,0.00299 
29947,0.00166 
29948,0.00032 
29949,0.00000 
29950,0.00000 
29951,0.00033 
29952,0.00176 
29953,0.00324 
29954,0.00207 
29955,0.00000 
29956,0.00000 
29957,0.00000 
29958,0.00000 
29959,0.00000 
29960,0.00000 
29961,0.00000 
29962,0.00000 
29963,0.00000 
29964,0.00000 
29965,0.00000 
29966,0.00000 
29967,0.00038 
29968,0.00630 
29969,0.01223 
29970,0.01514 
29971,0.01514 
29972,0.01515 
29973,0.01516 
29974,0.01591 
29975,0.02310 
29976,0.03049 
29977,0.03778 
29978,0.04636 
29979,0.06039 
29980,0.07890 
29981,0.09777 
29982,0.12520 
29983,0.16317 
29984,0.17005 
29985,0.15676 
29986,0.15910 
29987,0.17068 
29988,0.17772 
29989,0.18045 
29990,0.17922 
29991,0.17290 
29992,0.19441 
29993,0.24268 
29994,0.29323 
29995,0.34573 
29996,0.37641 
29997,0.38351 
29998,0.39854 
29999,0.42370 
30000,0.44341 
30001,0.45513 
30002,0.50363 
30003,0.58558 
30004,0.64855 
30005,0.72764 
30006,0.76973 
30007,0.88523 
30008,0.92706 
30009,0.99062 
30010,1.06683 
30011,1.13878 
30012,1.02150 
30013,0.75190 
30014,0.52969 
30015,0.33241 
30016,0.23701 
30017,0.19209 
30018,0.19365 
30019,0.22323 
30020,0.23418 
30021,0.22622 
30022,0.23917 
30023,0.26871 
30024,0.30548 
30025,0.36007 
30026,0.31537 
30027,0.22494 
30028,0.15082 
30029,0.09190 
30030,0.07665 
30031,0.10602 
30032,0.13580 
30033,0.16602 
30034,0.16339 
30035,0.12801 
30036,0.09203 
30037,0.06341 
30038,0.04672 
30039,0.03628 
30040,0.02575 
30041,0.01515 
30042,0.01226 
30043,0.01140 
30044,0.01057 
30045,0.00970 
30046,0.00885 
30047,0.00805 
30048,0.00719 
30049,0.00634 
30050,0.00593 
30051,0.00600 
30052,0.00605 
30053,0.00613 
30054,0.00415 
30055,0.00011 
30056,0.00000 
30057,0.00000 
30058,0.00000 
30059,0.00000 
30060,0.00000 
30061,0.00000 
30062,0.00000 
30063,0.00308 
30064,0.00794 
30065,0.01281 
30066,0.01825 
30067,0.03102 
30068,0.04371 
30069,0.05606 
30070,0.04681 
30071,0.01624 
30072,0.00928 
30073,0.00312 
30074,0.00135 
30075,0.01352 
30076,0.03676 
30077,0.06056 
30078,0.07167 
30079,0.06959 
30080,0.09228 
30081,0.14207 
30082,0.19692 
30083,0.25615 
30084,0.28576 
30085,0.28530 
30086,0.29363 
30087,0.31298 
30088,0.31846 
30089,0.30981 
30090,0.28888 
30091,0.42073 
30092,0.43615 
30093,0.48594 
30094,0.58530 
30095,0.73606 
30096,0.78666 
30097,0.74205 
30098,0.72328 
30099,0.72633 
30100,0.73240 
30101,0.73885 
30102,0.73718 
30103,0.72365 
30104,0.74322 
30105,0.78709 
30106,0.83917 
30107,0.89513 
30108,0.82633 
30109,0.65575 
30110,0.51851 
30111,0.40998 
30112,0.32500 
30113,0.25534 
30114,0.19448 
30115,0.14144 
30116,0.07804 
30117,0.02019 
30118,0.00000 
30119,0.00000 
30120,0.00000 
30121,0.00000 
30122,0.00000 
30123,0.00000 
30124,0.00000 
30125,0.00000 
30126,0.00000 
30127,0.00000 
30128,0.00000 
30129,0.00000 
30130,0.00000 
30131,0.00000 
30132,0.00094 
30133,0.00265 
30134,0.00374 
30135,0.00420 
30136,0.00468 
30137,0.00516 
30138,0.00695 
30139,0.01012 
30140,0.01328 
30141,0.02800 
30142,0.05302 
30143,0.09423 
30144,0.15106 
30145,0.21801 
30146,0.25213 
30147,0.23940 
30148,0.22647 
30149,0.21250 
30150,0.19998 
30151,0.19061 
30152,0.18162 
30153,0.17310 
30154,0.16945 
30155,0.17089 
30156,0.17308 
30157,0.17458 
30158,0.18139 
30159,0.19267 
30160,0.20472 
30161,0.21734 
30162,0.24361 
30163,0.27932 
30164,0.31576 
30165,0.35045 
30166,0.35555 
30167,0.32910 
30168,0.30469 
30169,0.27975 
30170,0.28511 
30171,0.31771 
30172,0.36302 
30173,0.42647 
30174,0.55174 
30175,0.78100 
30176,1.02315 
30177,1.29797 
30178,1.56339 
30179,1.80403 
30180,2.02943 
30181,2.24574 
30182,2.26112 
30183,2.10967 
30184,1.95683 
30185,1.82732 
30186,1.72921 
30187,1.62709 
30188,1.50832 
30189,1.37812 
30190,1.30756 
30191,1.29617 
30192,1.27921 
30193,1.24853 
30194,1.16297 
30195,1.10621 
30196,1.00090 
30197,0.89625 
30198,0.95060 
30199,1.16541 
30200,1.34665 
30201,1.48160 
30202,1.50032 
30203,1.38571 
30204,1.26088 
30205,1.13398 
30206,0.90022 
30207,0.60965 
30208,0.39597 
30209,0.25474 
30210,0.18258 
30211,0.15806 
30212,0.13984 
30213,0.12055 
30214,0.11466 
30215,0.11974 
30216,0.12472 
30217,0.12960 
30218,0.10949 
30219,0.06628 
30220,0.03723 
30221,0.01133 
30222,0.00706 
30223,0.00463 
30224,0.00217 
30225,0.00000 
30226,0.00000 
30227,0.00030 
30228,0.00157 
30229,0.00285 
30230,0.00201 
30231,0.00000 
30232,0.00000 
30233,0.00000 
30234,0.00000 
30235,0.00000 
30236,0.00000 
30237,0.00000 
30238,0.00000 
30239,0.00000 
30240,0.00000 
30241,0.00000 
30242,0.00000 
30243,0.00000 
30244,0.00000 
30245,0.00000 
30246,0.00000 
30247,0.00000 
30248,0.00000 
30249,0.00000 
30250,0.00192 
30251,0.00559 
30252,0.00929 
30253,0.01303 
30254,0.01314 
30255,0.00946 
30256,0.00577 
30257,0.00202 
30258,0.00000 
30259,0.00000 
30260,0.00000 
30261,0.00000 
30262,0.00000 
30263,0.00000 
30264,0.00000 
30265,0.00000 
30266,0.00000 
30267,0.00000 
30268,0.00361 
30269,0.00612 
30270,0.01788 
30271,0.04034 
30272,0.07146 
30273,0.11064 
30274,0.15351 
30275,0.19861 
30276,0.21383 
30277,0.19909 
30278,0.20029 
30279,0.21599 
30280,0.22789 
30281,0.22195 
30282,0.21693 
30283,0.22177 
30284,0.25745 
30285,0.33281 
30286,0.36889 
30287,0.36405 
30288,0.33989 
30289,0.30478 
30290,0.28313 
30291,0.27518 
30292,0.23977 
30293,0.17641 
30294,0.12152 
30295,0.11295 
30296,0.14064 
30297,0.17309 
30298,0.18778 
30299,0.17489 
30300,0.17029 
30301,0.17310 
30302,0.17059 
30303,0.16275 
30304,0.13566 
30305,0.09874 
30306,0.08743 
30307,0.11163 
30308,0.14666 
30309,0.19560 
30310,0.23852 
30311,0.26794 
30312,0.30357 
30313,0.35658 
30314,0.40205 
30315,0.44281 
30316,0.48411 
30317,0.52493 
30318,0.52850 
30319,0.49408 
30320,0.45811 
30321,0.42164 
30322,0.45900 
30323,0.58431 
30324,0.74066 
30325,0.90132 
30326,1.03316 
30327,1.10859 
30328,1.18508 
30329,1.26266 
30330,1.19095 
30331,0.97244 
30332,0.77656 
30333,0.59430 
30334,0.54562 
30335,0.60572 
30336,0.67761 
30337,0.75222 
30338,0.69848 
30339,0.54287 
30340,0.40918 
30341,0.30762 
30342,0.25663 
30343,0.22883 
30344,0.20101 
30345,0.17959 
30346,0.16558 
30347,0.15917 
30348,0.15201 
30349,0.14480 
30350,0.13299 
30351,0.11770 
30352,0.10184 
30353,0.08824 
30354,0.06557 
30355,0.02969 
30356,0.01140 
30357,0.00389 
30358,0.00000 
30359,0.00000 
30360,0.00000 
30361,0.00000 
30362,0.00000 
30363,0.00784 
30364,0.02531 
30365,0.04307 
30366,0.09334 
30367,0.19122 
30368,0.25148 
30369,0.25895 
30370,0.26405 
30371,0.26848 
30372,0.31638 
30373,0.41797 
30374,0.54244 
30375,0.69333 
30376,0.72055 
30377,0.60758 
30378,0.47777 
30379,0.41076 
30380,0.41828 
30381,0.43745 
30382,0.48781 
30383,0.54635 
30384,0.50053 
30385,0.35221 
30386,0.24159 
30387,0.17097 
30388,0.15887 
30389,0.20427 
30390,0.24425 
30391,0.27838 
30392,0.30545 
30393,0.33275 
30394,0.40986 
30395,0.53662 
30396,0.61034 
30397,0.62872 
30398,0.70195 
30399,0.78450 
30400,0.77559 
30401,0.73025 
30402,0.59169 
30403,0.40999 
30404,0.27885 
30405,0.20562 
30406,0.16952 
30407,0.16959 
30408,0.16967 
30409,0.17028 
30410,0.18477 
30411,0.21506 
30412,0.24498 
30413,0.27600 
30414,0.27070 
30415,0.23020 
30416,0.18977 
30417,0.15320 
30418,0.15377 
30419,0.19253 
30420,0.23682 
30421,0.28146 
30422,0.27466 
30423,0.21379 
30424,0.15835 
30425,0.11356 
30426,0.08435 
30427,0.07333 
30428,0.06510 
30429,0.05681 
30430,0.05743 
30431,0.06729 
30432,0.07752 
30433,0.09121 
30434,0.09588 
30435,0.08904 
30436,0.08291 
30437,0.07887 
30438,0.11669 
30439,0.21038 
30440,0.33650 
30441,0.55039 
30442,0.63322 
30443,0.55962 
30444,0.48735 
30445,0.41383 
30446,0.36319 
30447,0.34315 
30448,0.32160 
30449,0.30003 
30450,0.27304 
30451,0.24061 
30452,0.20886 
30453,0.18512 
30454,0.13893 
30455,0.07827 
30456,0.03518 
30457,0.01076 
30458,0.00736 
30459,0.01296 
30460,0.02269 
30461,0.03244 
30462,0.04925 
30463,0.07331 
30464,0.09467 
30465,0.11318 
30466,0.13666 
30467,0.16423 
30468,0.17753 
30469,0.17730 
30470,0.18123 
30471,0.18857 
30472,0.19466 
30473,0.20023 
30474,0.19764 
30475,0.18843 
30476,0.20984 
30477,0.26034 
30478,0.33832 
30479,0.44029 
30480,0.44420 
30481,0.35453 
30482,0.28848 
30483,0.24579 
30484,0.23143 
30485,0.24414 
30486,0.26160 
30487,0.28424 
30488,0.26706 
30489,0.21056 
30490,0.15642 
30491,0.10476 
30492,0.08991 
30493,0.11146 
30494,0.14722 
30495,0.19229 
30496,0.17641 
30497,0.10749 
30498,0.04049 
30499,0.00699 
30500,0.00695 
30501,0.00335 
30502,0.00000 
30503,0.00000 
30504,0.00000 
30505,0.00000 
30506,0.00000 
30507,0.00000 
30508,0.00000 
30509,0.00000 
30510,0.00000 
30511,0.00000 
30512,0.00000 
30513,0.00000 
30514,0.00000 
30515,0.00000 
30516,0.00000 
30517,0.00000 
30518,0.00000 
30519,0.00000 
30520,0.00000 
30521,0.00000 
30522,0.00000 
30523,0.00000 
30524,0.00000 
30525,0.00000 
30526,0.00000 
30527,0.00000 
30528,0.00000 
30529,0.00000 
30530,0.00000 
30531,0.00000 
30532,0.00000 
30533,0.00000 
30534,0.00000 
30535,0.00000 
30536,0.00000 
30537,0.00000 
30538,0.00000 
30539,0.00000 
30540,0.00000 
30541,0.00000 
30542,0.00000 
30543,0.00000 
30544,0.00000 
30545,0.00000 
30546,0.00000 
30547,0.00000 
30548,0.00000 
30549,0.00000 
30550,0.00000 
30551,0.00000 
30552,0.00000 
30553,0.00000 
30554,0.00000 
30555,0.00239 
30556,0.00859 
30557,0.01983 
30558,0.05803 
30559,0.12501 
30560,0.16614 
30561,0.18063 
30562,0.19387 
30563,0.20582 
30564,0.24089 
30565,0.29795 
30566,0.37551 
30567,0.47672 
30568,0.49221 
30569,0.41940 
30570,0.38136 
30571,0.37711 
30572,0.34159 
30573,0.27463 
30574,0.20202 
30575,0.12571 
30576,0.11149 
30577,0.14655 
30578,0.16977 
30579,0.18209 
30580,0.19619 
30581,0.21089 
30582,0.23848 
30583,0.27850 
30584,0.28141 
30585,0.24724 
30586,0.22506 
30587,0.21402 
30588,0.19304 
30589,0.16310 
30590,0.13516 
30591,0.10897 
30592,0.08859 
30593,0.07400 
30594,0.06375 
30595,0.05764 
30596,0.04227 
30597,0.03197 
30598,0.02955 
30599,0.02367 
30600,0.01785 
30601,0.01225 
30602,0.03174 
30603,0.08065 
30604,0.15222 
30605,0.24599 
30606,0.28832 
30607,0.27304 
30608,0.25755 
30609,0.24185 
30610,0.24273 
30611,0.26123 
30612,0.27986 
30613,0.29864 
30614,0.29873 
30615,0.28296 
30616,0.26607 
30617,0.24905 
30618,0.21835 
30619,0.17443 
30620,0.14180 
30621,0.10892 
30622,0.08676 
30623,0.07677 
30624,0.06939 
30625,0.06191 
30626,0.05791 
30627,0.05815 
30628,0.05816 
30629,0.05839 
30630,0.06843 
30631,0.08883 
30632,0.12035 
30633,0.15203 
30634,0.19970 
30635,0.28451 
30636,0.37402 
30637,0.53329 
30638,0.56495 
30639,0.46700 
30640,0.37221 
30641,0.31912 
30642,0.27542 
30643,0.24365 
30644,0.21145 
30645,0.18736 
30646,0.16661 
30647,0.14939 
30648,0.13191 
30649,0.11530 
30650,0.09506 
30651,0.08348 
30652,0.08028 
30653,0.07715 
30654,0.14678 
30655,0.30808 
30656,0.38523 
30657,0.34457 
30658,0.27360 
30659,0.19830 
30660,0.18680 
30661,0.21144 
30662,0.26705 
30663,0.34738 
30664,0.35135 
30665,0.27833 
30666,0.22654 
30667,0.19596 
30668,0.17829 
30669,0.17174 
30670,0.15033 
30671,0.11530 
30672,0.12783 
30673,0.18641 
30674,0.26954 
30675,0.37828 
30676,0.45005 
30677,0.48071 
30678,0.68673 
30679,1.05845 
30680,1.10363 
30681,0.84631 
30682,0.68241 
30683,0.60833 
30684,0.46796 
30685,0.27525 
30686,0.16683 
30687,0.12470 
30688,0.09910 
30689,0.08978 
30690,0.09031 
30691,0.09194 
30692,0.06569 
30693,0.02866 
30694,0.01064 
30695,0.00858 
30696,0.00653 
30697,0.00445 
30698,0.00362 
30699,0.00406 
30700,0.00450 
30701,0.00495 
30702,0.00412 
30703,0.00202 
30704,0.00000 
30705,0.00000 
30706,0.00000 
30707,0.00000 
30708,0.00000 
30709,0.00000 
30710,0.00000 
30711,0.00000 
30712,0.00000 
30713,0.00000 
30714,0.00000 
30715,0.00000 
30716,0.00000 
30717,0.00000 
30718,0.00000 
30719,0.00000 
30720,0.00000 
30721,0.00000 
30722,0.00000 
30723,0.00000 
30724,0.00000 
30725,0.00000 
30726,0.00000 
30727,0.00000 
30728,0.00000 
30729,0.00000 
30730,0.00000 
30731,0.00000 
30732,0.00000 
30733,0.00000 
30734,0.00000 
30735,0.00000 
30736,0.00000 
30737,0.00000 
30738,0.00000 
30739,0.00000 
30740,0.00000 
30741,0.00000 
30742,0.00000 
30743,0.00000 
30744,0.00000 
30745,0.00000 
30746,0.00000 
30747,0.00000 
30748,0.00000 
30749,0.00000 
30750,0.02632 
30751,0.08266 
30752,0.13894 
30753,0.19370 
30754,0.18233 
30755,0.10544 
30756,0.10419 
30757,0.17652 
30758,0.23990 
30759,0.29270 
30760,0.31334 
30761,0.30245 
30762,0.30301 
30763,0.31372 
30764,0.31335 
30765,0.30223 
30766,0.29587 
30767,0.29410 
30768,0.28559 
30769,0.27272 
30770,0.25819 
30771,0.25166 
30772,0.25165 
30773,0.26525 
30774,0.31476 
30775,0.41529 
30776,0.47731 
30777,0.50546 
30778,0.52341 
30779,0.46833 
30780,0.45230 
30781,0.47191 
30782,0.44670 
30783,0.37647 
30784,0.32867 
30785,0.29204 
30786,0.28061 
30787,0.29213 
30788,0.29892 
30789,0.30140 
30790,0.32625 
30791,0.36967 
30792,0.41092 
30793,0.45114 
30794,0.50101 
30795,0.58319 
30796,0.66978 
30797,0.75942 
30798,0.78878 
30799,0.76189 
30800,0.73463 
30801,0.70699 
30802,0.70094 
30803,0.71455 
30804,0.72825 
30805,0.74206 
30806,0.78085 
30807,0.84266 
30808,0.90849 
30809,0.98401 
30810,1.06062 
30811,1.13436 
30812,1.20866 
30813,1.28805 
30814,1.33315 
30815,1.35287 
30816,1.37822 
30817,1.39928 
30818,1.47371 
30819,1.60087 
30820,1.73005 
30821,1.85416 
30822,1.90619 
30823,1.87725 
30824,1.84731 
30825,1.81634 
30826,1.83974 
30827,1.91936 
30828,2.00038 
30829,2.07404 
30830,2.30519 
30831,2.69262 
30832,3.03310 
30833,3.27732 
30834,3.30797 
30835,3.22863 
30836,3.09652 
30837,2.97834 
30838,2.81070 
30839,2.55418 
30840,2.31175 
30841,2.06016 
30842,1.79805 
30843,1.51105 
30844,1.21301 
30845,0.93039 
30846,0.77384 
30847,0.71203 
30848,0.67037 
30849,0.63911 
30850,0.54433 
30851,0.39637 
30852,0.33326 
30853,0.32044 
30854,0.30367 
30855,0.29163 
30856,0.24662 
30857,0.17684 
30858,0.10910 
30859,0.06485 
30860,0.04963 
30861,0.09444 
30862,0.17462 
30863,0.23973 
30864,0.27037 
30865,0.25898 
30866,0.25109 
30867,0.24741 
30868,0.24553 
30869,0.24386 
30870,0.24825 
30871,0.25726 
30872,0.24298 
30873,0.20311 
30874,0.16543 
30875,0.12997 
30876,0.10364 
30877,0.08690 
30878,0.07655 
30879,0.07427 
30880,0.08240 
30881,0.10066 
30882,0.10139 
30883,0.08029 
30884,0.06112 
30885,0.04275 
30886,0.03057 
30887,0.02416 
30888,0.01792 
30889,0.01214 
30890,0.01951 
30891,0.04092 
30892,0.06265 
30893,0.09194 
30894,0.09220 
30895,0.06319 
30896,0.04178 
30897,0.02003 
30898,0.01141 
30899,0.01060 
30900,0.00982 
30901,0.00903 
30902,0.00801 
30903,0.00677 
30904,0.00553 
30905,0.00427 
30906,0.00430 
30907,0.00566 
30908,0.00704 
30909,0.00845 
30910,0.01085 
30911,0.01573 
30912,0.03197 
30913,0.04876 
30914,0.07036 
30915,0.10289 
30916,0.14368 
30917,0.18477 
30918,0.21003 
30919,0.21246 
30920,0.21494 
30921,0.21749 
30922,0.22715 
30923,0.24398 
30924,0.26093 
30925,0.27917 
30926,0.28026 
30927,0.26508 
30928,0.24977 
30929,0.23435 
30930,0.21788 
30931,0.20432 
30932,0.19308 
30933,0.18097 
30934,0.18615 
30935,0.20744 
30936,0.23608 
30937,0.26577 
30938,0.24265 
30939,0.17705 
30940,0.12240 
30941,0.07543 
30942,0.06957 
30943,0.09389 
30944,0.09197 
30945,0.06455 
30946,0.04563 
30947,0.03453 
30948,0.05519 
30949,0.10726 
30950,0.15585 
30951,0.20185 
30952,0.23771 
30953,0.26671 
30954,0.28436 
30955,0.29758 
30956,0.27894 
30957,0.23507 
30958,0.20811 
30959,0.18739 
30960,0.18319 
30961,0.19580 
30962,0.21505 
30963,0.24169 
30964,0.23284 
30965,0.18894 
30966,0.15466 
30967,0.13443 
30968,0.12922 
30969,0.13869 
30970,0.15178 
30971,0.17610 
30972,0.19955 
30973,0.23179 
30974,0.26577 
30975,0.30655 
30976,0.38732 
30977,0.47918 
30978,0.66729 
30979,0.96573 
30980,1.28454 
30981,1.58290 
30982,1.65578 
30983,1.52439 
30984,1.37976 
30985,1.23637 
30986,1.13238 
30987,1.07394 
30988,1.01511 
30989,0.95894 
30990,0.89283 
30991,0.82297 
30992,0.76752 
30993,0.70862 
30994,0.74029 
30995,0.86452 
30996,1.01483 
30997,1.16720 
30998,1.21118 
30999,1.14902 
31000,1.08273 
31001,1.01986 
31002,0.94978 
31003,0.87282 
31004,0.81167 
31005,0.74707 
31006,0.65831 
31007,0.54855 
31008,0.46564 
31009,0.37965 
31010,0.31699 
31011,0.28465 
31012,0.25199 
31013,0.21985 
31014,0.19136 
31015,0.17550 
31016,0.15864 
31017,0.14204 
31018,0.15646 
31019,0.20493 
31020,0.26984 
31021,0.33731 
31022,0.33904 
31023,0.27511 
31024,0.21105 
31025,0.16341 
31026,0.12819 
31027,0.10428 
31028,0.08448 
31029,0.06945 
31030,0.06673 
31031,0.07624 
31032,0.08596 
31033,0.09857 
31034,0.11893 
31035,0.14470 
31036,0.17013 
31037,0.19523 
31038,0.30781 
31039,0.55084 
31040,0.84847 
31041,1.19727 
31042,1.27407 
31043,1.01854 
31044,0.95409 
31045,1.12024 
31046,1.26997 
31047,1.40151 
31048,1.48939 
31049,1.51792 
31050,1.49722 
31051,1.41412 
31052,1.40892 
31053,1.47263 
31054,1.55293 
31055,1.65759 
31056,1.73006 
31057,1.76974 
31058,1.73715 
31059,1.63853 
31060,1.52542 
31061,1.36279 
31062,1.23330 
31063,1.13679 
31064,1.03111 
31065,0.91866 
31066,0.84048 
31067,0.78392 
31068,0.69767 
31069,0.58745 
31070,0.48974 
31071,0.40194 
31072,0.31592 
31073,0.22984 
31074,0.16240 
31075,0.10866 
31076,0.05883 
31077,0.01685 
31078,0.00000 
31079,0.00000 
31080,0.00000 
31081,0.00000 
31082,0.00000 
31083,0.00000 
31084,0.00088 
31085,0.00250 
31086,0.00332 
31087,0.00334 
31088,0.00337 
31089,0.00339 
31090,0.00216 
31091,0.00000 
31092,0.00000 
31093,0.00000 
31094,0.00000 
31095,0.00000 
31096,0.00000 
31097,0.00000 
31098,0.00000 
31099,0.00000 
31100,0.00000 
31101,0.00000 
31102,0.00000 
31103,0.00000 
31104,0.00000 
31105,0.00000 
31106,0.00000 
31107,0.00000 
31108,0.00417 
31109,0.01044 
31110,0.01319 
31111,0.01237 
31112,0.01152 
31113,0.01070 
31114,0.01207 
31115,0.01733 
31116,0.03464 
31117,0.05232 
31118,0.05881 
31119,0.05386 
31120,0.04910 
31121,0.04429 
31122,0.03298 
31123,0.01572 
31124,0.01197 
31125,0.00829 
31126,0.00984 
31127,0.02012 
31128,0.05193 
31129,0.08337 
31130,0.10078 
31131,0.09292 
31132,0.08558 
31133,0.08052 
31134,0.11684 
31135,0.20760 
31136,0.31022 
31137,0.42256 
31138,0.44340 
31139,0.36997 
31140,0.37944 
31141,0.47259 
31142,0.56426 
31143,0.65502 
31144,0.69815 
31145,0.69377 
31146,0.69092 
31147,0.69549 
31148,0.71651 
31149,0.75313 
31150,0.80024 
31151,0.85327 
31152,0.84541 
31153,0.77389 
31154,0.72024 
31155,0.68023 
31156,0.64468 
31157,0.61514 
31158,0.56777 
31159,0.50727 
31160,0.51471 
31161,0.57985 
31162,0.63996 
31163,0.69410 
31164,0.65103 
31165,0.52969 
31166,0.44182 
31167,0.38339 
31168,0.29609 
31169,0.19665 
31170,0.09889 
31171,0.04158 
31172,0.02506 
31173,0.01340 
31174,0.00839 
31175,0.00919 
31176,0.01002 
31177,0.01085 
31178,0.01129 
31179,0.01137 
31180,0.01141 
31181,0.01149 
31182,0.01115 
31183,0.01041 
31184,0.00968 
31185,0.00894 
31186,0.00897 
31187,0.00985 
31188,0.01074 
31189,0.01160 
31190,0.01122 
31191,0.00954 
31192,0.00785 
31193,0.00613 
31194,0.00444 
31195,0.00271 
31196,0.00097 
31197,0.00000 
31198,0.00000 
31199,0.00000 
31200,0.00000 
31201,0.00000 
31202,0.00000 
31203,0.00000 
31204,0.00000 
31205,0.00000 
31206,0.00133 
31207,0.00382 
31208,0.00634 
31209,0.00891 
31210,0.01025 
31211,0.01033 
31212,0.01042 
31213,0.01051 
31214,0.00898 
31215,0.00588 
31216,0.00274 
31217,0.00000 
31218,0.00000 
31219,0.00000 
31220,0.00000 
31221,0.00000 
31222,0.00000 
31223,0.00000 
31224,0.00000 
31225,0.00000 
31226,0.00000 
31227,0.00000 
31228,0.00000 
31229,0.00000 
31230,0.10359 
31231,0.37336 
31232,0.55017 
31233,0.55902 
31234,0.58013 
31235,0.63216 
31236,0.64583 
31237,0.60881 
31238,0.53700 
31239,0.43023 
31240,0.45259 
31241,0.61880 
31242,0.78190 
31243,0.93910 
31244,0.98395 
31245,0.91571 
31246,0.86443 
31247,0.83777 
31248,0.82362 
31249,0.82624 
31250,0.83141 
31251,0.83888 
31252,0.81428 
31253,0.75932 
31254,0.71893 
31255,0.69215 
31256,0.65852 
31257,0.62653 
31258,0.58677 
31259,0.53767 
31260,0.48163 
31261,0.41895 
31262,0.36680 
31263,0.32760 
31264,0.28930 
31265,0.25298 
31266,0.22336 
31267,0.20041 
31268,0.15919 
31269,0.11882 
31270,0.10540 
31271,0.10577 
31272,0.10647 
31273,0.10684 
31274,0.09819 
31275,0.08041 
31276,0.06532 
31277,0.05367 
31278,0.05403 
31279,0.06624 
31280,0.08239 
31281,0.10166 
31282,0.12393 
31283,0.15000 
31284,0.17876 
31285,0.21412 
31286,0.21926 
31287,0.19385 
31288,0.16826 
31289,0.14962 
31290,0.14051 
31291,0.14056 
31292,0.14108 
31293,0.14160 
31294,0.14310 
31295,0.14666 
31296,0.14985 
31297,0.15319 
31298,0.17690 
31299,0.23175 
31300,0.29273 
31301,0.36381 
31302,0.38018 
31303,0.32114 
31304,0.27913 
31305,0.23611 
31306,0.22244 
31307,0.23899 
31308,0.25670 
31309,0.27470 
31310,0.26256 
31311,0.22093 
31312,0.18685 
31313,0.15548 
31314,0.13588 
31315,0.12806 
31316,0.11975 
31317,0.11196 
31318,0.12713 
31319,0.16481 
31320,0.20191 
31321,0.25174 
31322,0.26117 
31323,0.22919 
31324,0.19812 
31325,0.17488 
31326,0.18242 
31327,0.22201 
31328,0.26886 
31329,0.31468 
31330,0.31402 
31331,0.26770 
31332,0.24381 
31333,0.24020 
31334,0.23816 
31335,0.24338 
31336,0.25345 
31337,0.33921 
31338,0.48195 
31339,0.60313 
31340,0.67493 
31341,0.69805 
31342,0.64587 
31343,0.57373 
31344,0.54189 
31345,0.57015 
31346,0.65060 
31347,0.70578 
31348,0.71977 
31349,0.69340 
31350,0.69653 
31351,0.73028 
31352,0.74344 
31353,0.73793 
31354,0.73000 
31355,0.71628 
31356,0.65301 
31357,0.55163 
31358,0.46990 
31359,0.40346 
31360,0.32610 
31361,0.24195 
31362,0.17923 
31363,0.13076 
31364,0.07729 
31365,0.02974 
31366,0.02412 
31367,0.05501 
31368,0.09493 
31369,0.14309 
31370,0.15722 
31371,0.13663 
31372,0.11625 
31373,0.09527 
31374,0.07873 
31375,0.06867 
31376,0.06136 
31377,0.05372 
31378,0.07470 
31379,0.15123 
31380,0.25006 
31381,0.40213 
31382,0.52958 
31383,0.61683 
31384,0.70885 
31385,0.80161 
31386,0.83871 
31387,0.81945 
31388,0.80003 
31389,0.77777 
31390,0.68524 
31391,0.52739 
31392,0.40002 
31393,0.29663 
31394,0.27083 
31395,0.29286 
31396,0.31526 
31397,0.33804 
31398,0.34096 
31399,0.32475 
31400,0.30813 
31401,0.29107 
31402,0.28421 
31403,0.28679 
31404,0.28941 
31405,0.29328 
31406,0.27156 
31407,0.22777 
31408,0.19121 
31409,0.15924 
31410,0.17077 
31411,0.23135 
31412,0.30566 
31413,0.38753 
31414,0.42198 
31415,0.36022 
31416,0.32510 
31417,0.28962 
31418,0.25611 
31419,0.22497 
31420,0.19466 
31421,0.17134 
31422,0.22054 
31423,0.37164 
31424,0.55471 
31425,0.77124 
31426,0.88421 
31427,0.84761 
31428,0.92293 
31429,1.13915 
31430,1.22482 
31431,1.18012 
31432,1.11217 
31433,1.05237 
31434,1.00534 
31435,0.97281 
31436,0.99086 
31437,1.06365 
31438,1.13810 
31439,1.21302 
31440,1.25596 
31441,1.25899 
31442,1.27372 
31443,1.28985 
31444,1.16534 
31445,0.91039 
31446,0.70016 
31447,0.53786 
31448,0.45328 
31449,0.43969 
31450,0.36536 
31451,0.27200 
31452,0.23390 
31453,0.29047 
31454,0.39982 
31455,0.47269 
31456,0.41411 
31457,0.26259 
31458,0.14567 
31459,0.05977 
31460,0.01852 
31461,0.00586 
31462,0.00051 
31463,0.00134 
31464,0.00216 
31465,0.00296 
31466,0.00152 
31467,0.00000 
31468,0.00000 
31469,0.00000 
31470,0.00000 
31471,0.00000 
31472,0.00000 
31473,0.00000 
31474,0.00000 
31475,0.00000 
31476,0.00000 
31477,0.00000 
31478,0.00052 
31479,0.00140 
31480,0.00229 
31481,0.00319 
31482,0.00589 
31483,0.01043 
31484,0.02068 
31485,0.04244 
31486,0.05605 
31487,0.06131 
31488,0.06672 
31489,0.07257 
31490,0.08736 
31491,0.12087 
31492,0.15491 
31493,0.18946 
31494,0.20432 
31495,0.19394 
31496,0.18548 
31497,0.17603 
31498,0.16900 
31499,0.16240 
31500,0.15634 
31501,0.15012 
31502,0.14253 
31503,0.13375 
31504,0.12555 
31505,0.11687 
31506,0.10376 
31507,0.08914 
31508,0.07788 
31509,0.06716 
31510,0.09542 
31511,0.19318 
31512,0.32039 
31513,0.52739 
31514,0.63867 
31515,0.61206 
31516,0.59180 
31517,0.57168 
31518,0.50171 
31519,0.39654 
31520,0.35386 
31521,0.32457 
31522,0.33646 
31523,0.37725 
31524,0.47133 
31525,0.62820 
31526,0.82356 
31527,1.06113 
31528,1.12021 
31529,0.99208 
31530,0.86254 
31531,0.73789 
31532,0.72348 
31533,0.82389 
31534,0.92597 
31535,1.02679 
31536,0.96434 
31537,0.74672 
31538,0.50614 
31539,0.36651 
31540,0.35729 
31541,0.39335 
31542,0.45277 
31543,0.50235 
31544,0.51759 
31545,0.49633 
31546,0.49114 
31547,0.49789 
31548,0.46674 
31549,0.40123 
31550,0.33471 
31551,0.26539 
31552,0.24300 
31553,0.25407 
31554,0.25558 
31555,0.24327 
31556,0.19060 
31557,0.13115 
31558,0.09126 
31559,0.06141 
31560,0.03987 
31561,0.01883 
31562,0.01099 
31563,0.01103 
31564,0.01106 
31565,0.01110 
31566,0.01710 
31567,0.03428 
31568,0.05168 
31569,0.06931 
31570,0.07697 
31571,0.06710 
31572,0.05955 
31573,0.05211 
31574,0.04358 
31575,0.03405 
31576,0.02440 
31577,0.01444 
31578,0.01284 
31579,0.01885 
31580,0.02526 
31581,0.03166 
31582,0.03743 
31583,0.04243 
31584,0.04778 
31585,0.05318 
31586,0.05607 
31587,0.05630 
31588,0.05654 
31589,0.05677 
31590,0.04657 
31591,0.02599 
31592,0.01280 
31593,0.00841 
31594,0.00724 
31595,0.00936 
31596,0.01151 
31597,0.01370 
31598,0.01297 
31599,0.00934 
31600,0.00567 
31601,0.00196 
31602,0.00000 
31603,0.00000 
31604,0.00000 
31605,0.00000 
31606,0.00000 
31607,0.00000 
31608,0.00000 
31609,0.00000 
31610,0.00000 
31611,0.00000 
31612,0.00000 
31613,0.00000 
31614,0.01797 
31615,0.05550 
31616,0.09294 
31617,0.13033 
31618,0.12786 
31619,0.08841 
31620,0.09564 
31621,0.14635 
31622,0.19651 
31623,0.24651 
31624,0.25798 
31625,0.23107 
31626,0.20931 
31627,0.19149 
31628,0.20134 
31629,0.23581 
31630,0.29119 
31631,0.36522 
31632,0.35534 
31633,0.26241 
31634,0.18186 
31635,0.11463 
31636,0.10438 
31637,0.14736 
31638,0.18958 
31639,0.23110 
31640,0.22784 
31641,0.17934 
31642,0.13919 
31643,0.10869 
31644,0.08820 
31645,0.07724 
31646,0.06231 
31647,0.04332 
31648,0.03050 
31649,0.02350 
31650,0.00973 
31651,0.00000 
31652,0.00000 
31653,0.00000 
31654,0.00000 
31655,0.00000 
31656,0.00000 
31657,0.00000 
31658,0.00000 
31659,0.00000 
31660,0.00000 
31661,0.00000 
31662,0.00000 
31663,0.00000 
31664,0.00000 
31665,0.00000 
31666,0.00000 
31667,0.00000 
31668,0.00000 
31669,0.00000 
31670,0.00000 
31671,0.00000 
31672,0.00000 
31673,0.00000 
31674,0.00000 
31675,0.00000 
31676,0.00000 
31677,0.00000 
31678,0.00000 
31679,0.00000 
31680,0.00000 
31681,0.00000 
31682,0.00000 
31683,0.00000 
31684,0.00000 
31685,0.00000 
31686,0.00000 
31687,0.00000 
31688,0.00000 
31689,0.00000 
31690,0.00000 
31691,0.00000 
31692,0.00000 
31693,0.00000 
31694,0.00000 
31695,0.00000 
31696,0.00000 
31697,0.00000 
31698,0.00000 
31699,0.00000 
31700,0.00000 
31701,0.00000 
31702,0.00000 
31703,0.00000 
31704,0.00000 
31705,0.00000 
31706,0.00000 
31707,0.00000 
31708,0.00000 
31709,0.00000 
31710,0.01615 
31711,0.05006 
31712,0.08416 
31713,0.11806 
31714,0.19473 
31715,0.31961 
31716,0.34142 
31717,0.24935 
31718,0.17672 
31719,0.13751 
31720,0.15395 
31721,0.21368 
31722,0.29115 
31723,0.38689 
31724,0.44349 
31725,0.46141 
31726,0.57699 
31727,0.78901 
31728,0.84451 
31729,0.75120 
31730,0.71677 
31731,0.73570 
31732,0.67719 
31733,0.54730 
31734,0.39698 
31735,0.31742 
31736,0.30523 
31737,0.27233 
31738,0.23068 
31739,0.19192 
31740,0.17155 
31741,0.15985 
31742,0.14244 
31743,0.15428 
31744,0.13050 
31745,0.10704 
31746,0.09550 
31747,0.08859 
31748,0.05506 
31749,0.01572 
31750,0.00064 
31751,0.00177 
31752,0.00292 
31753,0.00408 
31754,0.00371 
31755,0.00181 
31756,0.00000 
31757,0.00000 
31758,0.00000 
31759,0.00000 
31760,0.00000 
31761,0.00000 
31762,0.00000 
31763,0.00000 
31764,0.00000 
31765,0.00000 
31766,0.00000 
31767,0.00000 
31768,0.00000 
31769,0.00000 
31770,0.00000 
31771,0.00000 
31772,0.00000 
31773,0.00000 
31774,0.00000 
31775,0.00000 
31776,0.00000 
31777,0.00000 
31778,0.00000 
31779,0.00000 
31780,0.00000 
31781,0.00000 
31782,0.00000 
31783,0.00000 
31784,0.00000 
31785,0.00000 
31786,0.00000 
31787,0.00000 
31788,0.00000 
31789,0.00000 
31790,0.00000 
31791,0.00000 
31792,0.00000 
31793,0.00000 
31794,0.00000 
31795,0.00036 
31796,0.00189 
31797,0.00342 
31798,0.00823 
31799,0.02063 
31800,0.05894 
31801,0.10250 
31802,0.12759 
31803,0.11895 
31804,0.11048 
31805,0.10257 
31806,0.11425 
31807,0.14650 
31808,0.17853 
31809,0.21011 
31810,0.23331 
31811,0.24646 
31812,0.28058 
31813,0.32695 
31814,0.34448 
31815,0.33375 
31816,0.32618 
31817,0.32518 
31818,0.34328 
31819,0.38101 
31820,0.39633 
31821,0.39203 
31822,0.37984 
31823,0.41693 
31824,0.42044 
31825,0.44447 
31826,0.49653 
31827,0.58176 
31828,0.53884 
31829,0.37288 
31830,0.27939 
31831,0.25421 
31832,0.24064 
31833,0.23822 
31834,0.23963 
31835,0.25525 
31836,0.29673 
31837,0.37906 
31838,0.47574 
31839,0.56394 
31840,0.65975 
31841,0.73751 
31842,0.85181 
31843,1.01569 
31844,1.18380 
31845,1.35962 
31846,1.50212 
31847,1.60801 
31848,1.71458 
31849,1.81912 
31850,1.84945 
31851,1.80656 
31852,1.76795 
31853,1.72212 
31854,1.58268 
31855,1.34239 
31856,1.08320 
31857,0.80621 
31858,0.57941 
31859,0.39624 
31860,0.25643 
31861,0.16653 
31862,0.11206 
31863,0.07306 
31864,0.04681 
31865,0.02154 
31866,0.01581 
31867,0.02971 
31868,0.04380 
31869,0.05807 
31870,0.05699 
31871,0.03963 
31872,0.02143 
31873,0.01125 
31874,0.00933 
31875,0.00937 
31876,0.00941 
31877,0.00944 
31878,0.01117 
31879,0.01614 
31880,0.03248 
31881,0.04921 
31882,0.04979 
31883,0.03353 
31884,0.01699 
31885,0.01203 
31886,0.00903 
31887,0.00648 
31888,0.00395 
31889,0.00139 
31890,0.00062 
31891,0.00165 
31892,0.00267 
31893,0.00370 
31894,0.00549 
31895,0.00799 
31896,0.01051 
31897,0.01296 
31898,0.02645 
31899,0.05691 
31900,0.08825 
31901,0.13444 
31902,0.22033 
31903,0.38433 
31904,0.59300 
31905,0.83656 
31906,0.87115 
31907,0.66071 
31908,0.61195 
31909,0.74484 
31910,0.86119 
31911,0.96316 
31912,1.02657 
31913,1.03884 
31914,1.06070 
31915,1.09748 
31916,1.10111 
31917,1.07299 
31918,1.01998 
31919,0.94249 
31920,0.92945 
31921,0.98265 
31922,1.03604 
31923,1.08896 
31924,1.07563 
31925,0.99670 
31926,0.94073 
31927,0.91113 
31928,0.86391 
31929,0.80041 
31930,0.75371 
31931,0.72369 
31932,0.73361 
31933,0.76936 
31934,0.76257 
31935,0.69035 
31936,0.55380 
31937,0.37746 
31938,0.22979 
31939,0.15600 
31940,0.12813 
31941,0.09446 
31942,0.06038 
31943,0.03532 
31944,0.01108 
31945,0.00579 
31946,0.00466 
31947,0.00777 
31948,0.01092 
31949,0.02337 
31950,0.02446 
31951,0.01176 
31952,0.00905 
31953,0.00632 
31954,0.00412 
31955,0.00251 
31956,0.00090 
31957,0.00000 
31958,0.00000 
31959,0.00000 
31960,0.00000 
31961,0.00000 
31962,0.00000 
31963,0.00000 
31964,0.00000 
31965,0.00000 
31966,0.00000 
31967,0.00000 
31968,0.00000 
31969,0.00000 
31970,0.00000 
31971,0.00000 
31972,0.00000 
31973,0.00000 
31974,0.00000 
31975,0.00000 
31976,0.00000 
31977,0.00000 
31978,0.00000 
31979,0.00135 
31980,0.00487 
31981,0.00844 
31982,0.01079 
31983,0.01185 
31984,0.01297 
31985,0.01406 
31986,0.01998 
31987,0.03716 
31988,0.05440 
31989,0.07137 
31990,0.07751 
31991,0.07204 
31992,0.06692 
31993,0.06183 
31994,0.06114 
31995,0.06518 
31996,0.06889 
31997,0.07274 
31998,0.10801 
31999,0.18634 
32000,0.27423 
32001,0.36837 
32002,0.50738 
32003,0.70715 
32004,0.82451 
32005,0.83040 
32006,0.86254 
32007,0.91753 
32008,0.94415 
32009,0.93733 
32010,0.93776 
32011,0.95343 
32012,0.88815 
32013,0.74137 
32014,0.53019 
32015,0.39091 
32016,0.37179 
32017,0.45282 
32018,0.61205 
32019,0.74987 
32020,0.73213 
32021,0.56753 
32022,0.44248 
32023,0.35477 
32024,0.28632 
32025,0.23462 
32026,0.19422 
32027,0.16451 
32028,0.13839 
32029,0.11734 
32030,0.09107 
32031,0.05756 
32032,0.04040 
32033,0.03925 
32034,0.03532 
32035,0.02855 
32036,0.01874 
32037,0.00600 
32038,0.00000 
32039,0.00000 
32040,0.00000 
32041,0.00000 
32042,0.00000 
32043,0.00000 
32044,0.00000 
32045,0.00000 
32046,0.00000 
32047,0.00000 
32048,0.00000 
32049,0.00000 
32050,0.00000 
32051,0.00000 
32052,0.00000 
32053,0.00000 
32054,0.00000 
32055,0.00000 
32056,0.00000 
32057,0.00000 
32058,0.00000 
32059,0.00000 
32060,0.00000 
32061,0.00000 
32062,0.00000 
32063,0.00000 
32064,0.00000 
32065,0.00000 
32066,0.00000 
32067,0.00000 
32068,0.00079 
32069,0.00407 
32070,0.00530 
32071,0.00442 
32072,0.00351 
32073,0.00257 
32074,0.00035 
32075,0.00000 
32076,0.00000 
32077,0.00000 
32078,0.00000 
32079,0.00000 
32080,0.00000 
32081,0.00000 
32082,0.00000 
32083,0.00000 
32084,0.00000 
32085,0.00000 
32086,0.00258 
32087,0.00353 
32088,0.00444 
32089,0.00533 
32090,0.00480 
32091,0.00290 
32092,0.00102 
32093,0.00000 
32094,0.04365 
32095,0.15308 
32096,0.22912 
32097,0.24160 
32098,0.24734 
32099,0.25344 
32100,0.27968 
32101,0.32968 
32102,0.38347 
32103,0.43852 
32104,0.44958 
32105,0.41589 
32106,0.37192 
32107,0.35218 
32108,0.37297 
32109,0.47455 
32110,0.62961 
32111,0.75232 
32112,0.76231 
32113,0.66342 
32114,0.57660 
32115,0.50494 
32116,0.49088 
32117,0.53406 
32118,0.59129 
32119,0.66882 
32120,0.62227 
32121,0.45899 
32122,0.29031 
32123,0.28579 
32124,0.25891 
32125,0.24376 
32126,0.27421 
32127,0.33507 
32128,0.27311 
32129,0.12518 
32130,0.03267 
32131,0.00349 
32132,0.00464 
32133,0.00575 
32134,0.00801 
32135,0.01133 
32136,0.02713 
32137,0.04273 
32138,0.04795 
32139,0.04277 
32140,0.03767 
32141,0.03242 
32142,0.01818 
32143,0.00788 
32144,0.00295 
32145,0.00000 
32146,0.00000 
32147,0.00000 
32148,0.00000 
32149,0.00000 
32150,0.00000 
32151,0.00000 
32152,0.00000 
32153,0.00000 
32154,0.00000 
32155,0.00000 
32156,0.00000 
32157,0.00000 
32158,0.00000 
32159,0.00226 
32160,0.00493 
32161,0.00770 
32162,0.01053 
32163,0.01336 
32164,0.02545 
32165,0.03893 
32166,0.04049 
32167,0.02984 
32168,0.01871 
32169,0.01317 
32170,0.01312 
32171,0.01590 
32172,0.02578 
32173,0.03597 
32174,0.03628 
32175,0.02634 
32176,0.01632 
32177,0.01364 
32178,0.01438 
32179,0.02712 
32180,0.04396 
32181,0.06033 
32182,0.06803 
32183,0.06683 
32184,0.06567 
32185,0.06456 
32186,0.06169 
32187,0.05705 
32188,0.05244 
32189,0.04769 
32190,0.07973 
32191,0.15456 
32192,0.24502 
32193,0.33938 
32194,0.43652 
32195,0.54731 
32196,0.64055 
32197,0.71092 
32198,0.79914 
32199,0.91192 
32200,0.95691 
32201,0.92268 
32202,0.93149 
32203,0.99640 
32204,0.97230 
32205,0.86291 
32206,0.71513 
32207,0.62860 
32208,0.64121 
32209,0.69946 
32210,0.76218 
32211,0.83179 
32212,0.81449 
32213,0.71643 
32214,0.61631 
32215,0.51522 
32216,0.43996 
32217,0.39108 
32218,0.36938 
32219,0.35273 
32220,0.32885 
32221,0.29762 
32222,0.23559 
32223,0.15471 
32224,0.09544 
32225,0.06323 
32226,0.04883 
32227,0.04753 
32228,0.04456 
32229,0.04020 
32230,0.03325 
32231,0.02377 
32232,0.01447 
32233,0.00992 
32234,0.01023 
32235,0.01956 
32236,0.03201 
32237,0.04451 
32238,0.05100 
32239,0.05128 
32240,0.05170 
32241,0.05199 
32242,0.04770 
32243,0.03866 
32244,0.02957 
32245,0.02043 
32246,0.01874 
32247,0.02453 
32248,0.03052 
32249,0.03664 
32250,0.04860 
32251,0.06663 
32252,0.09262 
32253,0.12140 
32254,0.15957 
32255,0.22122 
32256,0.28828 
32257,0.39357 
32258,0.45754 
32259,0.45907 
32260,0.46061 
32261,0.46217 
32262,0.45683 
32263,0.44439 
32264,0.43324 
32265,0.42025 
32266,0.38022 
32267,0.32350 
32268,0.28597 
32269,0.24697 
32270,0.22359 
32271,0.21349 
32272,0.20415 
32273,0.19541 
32274,0.18796 
32275,0.18052 
32276,0.17307 
32277,0.16563 
32278,0.14835 
32279,0.12107 
32280,0.09476 
32281,0.07384 
32282,0.07330 
32283,0.09234 
32284,0.11626 
32285,0.13934 
32286,0.16945 
32287,0.22245 
32288,0.25448 
32289,0.24240 
32290,0.22223 
32291,0.20596 
32292,0.21015 
32293,0.22560 
32294,0.22566 
32295,0.22379 
32296,0.23936 
32297,0.34847 
32298,0.53521 
32299,0.71176 
32300,0.73084 
32301,0.59321 
32302,0.44190 
32303,0.36282 
32304,0.35890 
32305,0.40450 
32306,0.47380 
32307,0.51498 
32308,0.53195 
32309,0.52519 
32310,0.52815 
32311,0.54286 
32312,0.53509 
32313,0.50896 
32314,0.47878 
32315,0.44490 
32316,0.42899 
32317,0.42671 
32318,0.43297 
32319,0.44160 
32320,0.37596 
32321,0.25554 
32322,0.16416 
32323,0.09713 
32324,0.04566 
32325,0.01292 
32326,0.00000 
32327,0.00000 
32328,0.00000 
32329,0.00000 
32330,0.00000 
32331,0.00000 
32332,0.00000 
32333,0.00000 
32334,0.00000 
32335,0.00000 
32336,0.00000 
32337,0.00000 
32338,0.00000 
32339,0.00000 
32340,0.00000 
32341,0.00000 
32342,0.00000 
32343,0.00000 
32344,0.00000 
32345,0.00000 
32346,0.00000 
32347,0.00000 
32348,0.00000 
32349,0.00028 
32350,0.00029 
32351,0.00000 
32352,0.00000 
32353,0.00000 
32354,0.00000 
32355,0.00000 
32356,0.00000 
32357,0.00342 
32358,0.00345 
32359,0.00000 
32360,0.00000 
32361,0.00000 
32362,0.00000 
32363,0.00000 
32364,0.00000 
32365,0.00000 
32366,0.00000 
32367,0.00000 
32368,0.00000 
32369,0.00000 
32370,0.00000 
32371,0.00000 
32372,0.00000 
32373,0.00000 
32374,0.00000 
32375,0.00000 
32376,0.00000 
32377,0.00010 
32378,0.00151 
32379,0.00056 
32380,0.00000 
32381,0.00000 
32382,0.02238 
32383,0.07198 
32384,0.12531 
32385,0.18148 
32386,0.27258 
32387,0.40996 
32388,0.49883 
32389,0.52655 
32390,0.58986 
32391,0.69065 
32392,0.71077 
32393,0.64143 
32394,0.58467 
32395,0.54198 
32396,0.50915 
32397,0.49296 
32398,0.45455 
32399,0.39849 
32400,0.39621 
32401,0.44747 
32402,0.49771 
32403,0.54843 
32404,0.54992 
32405,0.50352 
32406,0.48133 
32407,0.48300 
32408,0.43874 
32409,0.34995 
32410,0.25303 
32411,0.18835 
32412,0.16498 
32413,0.13795 
32414,0.10776 
32415,0.07751 
32416,0.05893 
32417,0.05182 
32418,0.04200 
32419,0.02937 
32420,0.01714 
32421,0.00546 
32422,0.00000 
32423,0.00000 
32424,0.00000 
32425,0.00000 
32426,0.00000 
32427,0.00000 
32428,0.00000 
32429,0.00000 
32430,0.00000 
32431,0.00000 
32432,0.00213 
32433,0.00479 
32434,0.00482 
32435,0.00217 
32436,0.00000 
32437,0.00000 
32438,0.00000 
32439,0.00000 
32440,0.00124 
32441,0.00357 
32442,0.00437 
32443,0.00361 
32444,0.00285 
32445,0.00207 
32446,0.00129 
32447,0.00050 
32448,0.00000 
32449,0.00000 
32450,0.00031 
32451,0.00431 
32452,0.00835 
32453,0.01241 
32454,0.02707 
32455,0.04477 
32456,0.06287 
32457,0.08187 
32458,0.11394 
32459,0.15001 
32460,0.18597 
32461,0.23545 
32462,0.23642 
32463,0.18827 
32464,0.15256 
32465,0.11682 
32466,0.08821 
32467,0.07290 
32468,0.05930 
32469,0.04541 
32470,0.05240 
32471,0.07941 
32472,0.11954 
32473,0.16113 
32474,0.19532 
32475,0.22652 
32476,0.25799 
32477,0.28808 
32478,0.35272 
32479,0.49358 
32480,0.58434 
32481,0.57886 
32482,0.60153 
32483,0.68348 
32484,0.84021 
32485,1.08309 
32486,1.28051 
32487,1.42089 
32488,1.39961 
32489,1.18741 
32490,0.98632 
32491,0.78584 
32492,0.67026 
32493,0.64222 
32494,0.60517 
32495,0.54009 
32496,0.45974 
32497,0.35710 
32498,0.27596 
32499,0.22467 
32500,0.21397 
32501,0.23066 
32502,0.24496 
32503,0.25641 
32504,0.24200 
32505,0.20055 
32506,0.17097 
32507,0.15412 
32508,0.14557 
32509,0.14588 
32510,0.12705 
32511,0.09168 
32512,0.06777 
32513,0.05513 
32514,0.05083 
32515,0.05359 
32516,0.04206 
32517,0.01760 
32518,0.00750 
32519,0.00500 
32520,0.00246 
32521,0.00000 
32522,0.00026 
32523,0.00360 
32524,0.00694 
32525,0.01031 
32526,0.01978 
32527,0.02896 
32528,0.03830 
32529,0.04781 
32530,0.05271 
32531,0.05272 
32532,0.05274 
32533,0.05275 
32534,0.04644 
32535,0.03368 
32536,0.02070 
32537,0.01092 
32538,0.00861 
32539,0.00667 
32540,0.00472 
32541,0.00272 
32542,0.00255 
32543,0.00428 
32544,0.00610 
32545,0.00797 
32546,0.00855 
32547,0.00769 
32548,0.00684 
32549,0.00596 
32550,0.00717 
32551,0.01047 
32552,0.01385 
32553,0.02929 
32554,0.04886 
32555,0.07204 
32556,0.10251 
32557,0.13939 
32558,0.16532 
32559,0.17988 
32560,0.19514 
32561,0.21584 
32562,0.23832 
32563,0.26329 
32564,0.28933 
32565,0.31442 
32566,0.33828 
32567,0.37577 
32568,0.41746 
32569,0.45858 
32570,0.43361 
32571,0.34389 
32572,0.28768 
32573,0.23842 
32574,0.26869 
32575,0.40326 
32576,0.49991 
32577,0.52994 
32578,0.60104 
32579,0.74359 
32580,0.84897 
32581,0.94809 
32582,0.90875 
32583,0.78915 
32584,0.70258 
32585,0.65103 
32586,0.60871 
32587,0.57484 
32588,0.53154 
32589,0.48268 
32590,0.44803 
32591,0.42715 
32592,0.40378 
32593,0.37802 
32594,0.36322 
32595,0.35617 
32596,0.33887 
32597,0.30976 
32598,0.29866 
32599,0.30753 
32600,0.33354 
32601,0.37149 
32602,0.38679 
32603,0.37988 
32604,0.36508 
32605,0.34225 
32606,0.35962 
32607,0.40366 
32608,0.36498 
32609,0.25849 
32610,0.21385 
32611,0.22322 
32612,0.24297 
32613,0.26924 
32614,0.30082 
32615,0.28170 
32616,0.26245 
32617,0.24875 
32618,0.23898 
32619,0.22845 
32620,0.21846 
32621,0.20836 
32622,0.18859 
32623,0.15943 
32624,0.13509 
32625,0.11341 
32626,0.08505 
32627,0.05652 
32628,0.03445 
32629,0.01220 
32630,0.00905 
32631,0.00832 
32632,0.00756 
32633,0.00680 
32634,0.00505 
32635,0.00228 
32636,0.00000 
32637,0.00000 
32638,0.00000 
32639,0.00000 
32640,0.00000 
32641,0.00000 
32642,0.00000 
32643,0.00000 
32644,0.00000 
32645,0.00000 
32646,0.00000 
32647,0.00000 
32648,0.00000 
32649,0.00000 
32650,0.00000 
32651,0.00000 
32652,0.00000 
32653,0.00000 
32654,0.00000 
32655,0.00000 
32656,0.00000 
32657,0.00000 
32658,0.00000 
32659,0.00379 
32660,0.01017 
32661,0.02363 
32662,0.03873 
32663,0.03846 
32664,0.03806 
32665,0.03780 
32666,0.03528 
32667,0.03065 
32668,0.02596 
32669,0.02140 
32670,0.06018 
32671,0.16010 
32672,0.22437 
32673,0.22678 
32674,0.20139 
32675,0.16997 
32676,0.22668 
32677,0.34346 
32678,0.47108 
32679,0.62159 
32680,0.78427 
32681,0.95302 
32682,1.07864 
32683,1.16836 
32684,1.07673 
32685,0.79644 
32686,0.56365 
32687,0.53594 
32688,0.54235 
32689,0.57071 
32690,0.61484 
32691,0.68356 
32692,0.74868 
32693,0.80658 
32694,0.85033 
32695,0.87972 
32696,0.88458 
32697,0.86045 
32698,0.84734 
32699,0.84185 
32700,0.75617 
32701,0.58743 
32702,0.45568 
32703,0.36183 
32704,0.30378 
32705,0.27288 
32706,0.23957 
32707,0.20449 
32708,0.18233 
32709,0.17177 
32710,0.15257 
32711,0.12925 
32712,0.10817 
32713,0.08683 
32714,0.06289 
32715,0.04535 
32716,0.02771 
32717,0.01093 
32718,0.00740 
32719,0.00405 
32720,0.00065 
32721,0.00000 
32722,0.00000 
32723,0.00000 
32724,0.00124 
32725,0.00359 
32726,0.00400 
32727,0.00244 
32728,0.00087 
32729,0.00000 
32730,0.00000 
32731,0.00088 
32732,0.00251 
32733,0.00413 
32734,0.00419 
32735,0.00259 
32736,0.00094 
32737,0.00000 
32738,0.00000 
32739,0.00230 
32740,0.00501 
32741,0.00775 
32742,0.00829 
32743,0.00653 
32744,0.00475 
32745,0.00292 
32746,0.00105 
32747,0.00000 
32748,0.00000 
32749,0.00000 
32750,0.00000 
32751,0.00000 
32752,0.00158 
32753,0.00453 
32754,0.00427 
32755,0.00083 
32756,0.00000 
32757,0.00000 
32758,0.00000 
32759,0.00000 
32760,0.00000 
32761,0.00000 
32762,0.00000 
32763,0.00000 
32764,0.00000 
32765,0.00000 
32766,0.02976 
32767,0.10212 
32768,0.18739 
32769,0.28447 
32770,0.34018 
32771,0.34433 
32772,0.34756 
32773,0.34980 
32774,0.30878 
32775,0.27888 
32776,0.28366 
32777,0.42754 
32778,0.68207 
32779,0.88167 
32780,0.95573 
32781,0.89619 
32782,0.88225 
32783,0.91621 
32784,0.87988 
32785,0.77874 
32786,0.67456 
32787,0.57035 
32788,0.54237 
32789,0.59122 
32790,0.61433 
32791,0.61118 
32792,0.63227 
32793,0.67012 
32794,0.70783 
32795,0.73595 
32796,0.70686 
32797,0.63457 
32798,0.59520 
32799,0.58030 
32800,0.46105 
32801,0.27619 
32802,0.11085 
32803,0.03453 
32804,0.02239 
32805,0.00685 
32806,0.00000 
32807,0.00000 
32808,0.00000 
32809,0.00000 
32810,0.00000 
32811,0.00000 
32812,0.00000 
32813,0.00000 
32814,0.00000 
32815,0.00000 
32816,0.00000 
32817,0.00000 
32818,0.00000 
32819,0.00000 
32820,0.00000 
32821,0.00000 
32822,0.00000 
32823,0.00000 
32824,0.00000 
32825,0.00000 
32826,0.00000 
32827,0.00000 
32828,0.00000 
32829,0.00000 
32830,0.00000 
32831,0.00000 
32832,0.00000 
32833,0.00000 
32834,0.00000 
32835,0.00000 
32836,0.00000 
32837,0.00000 
32838,0.00000 
32839,0.00000 
32840,0.00000 
32841,0.00000 
32842,0.00000 
32843,0.00000 
32844,0.00000 
32845,0.00000 
32846,0.00000 
32847,0.00000 
32848,0.00000 
32849,0.00000 
32850,0.00000 
32851,0.00000 
32852,0.00000 
32853,0.00000 
32854,0.00000 
32855,0.00000 
32856,0.00000 
32857,0.00000 
32858,0.00000 
32859,0.00000 
32860,0.00000 
32861,0.00000 
32862,0.05362 
32863,0.19408 
32864,0.37252 
32865,0.58249 
32866,0.66380 
32867,0.57531 
32868,0.57784 
32869,0.67953 
32870,0.74484 
32871,0.77080 
32872,0.81484 
32873,0.88350 
32874,0.96628 
32875,1.06771 
32876,1.07767 
32877,0.99161 
32878,0.90305 
32879,0.81462 
32880,0.79322 
32881,0.83842 
32882,0.87294 
32883,0.90040 
32884,0.89748 
32885,0.86748 
32886,0.85753 
32887,0.86397 
32888,0.82099 
32889,0.73540 
32890,0.64876 
32891,0.56485 
32892,0.52336 
32893,0.51062 
32894,0.52990 
32895,0.57040 
32896,0.42822 
32897,0.16492 
32898,0.04864 
32899,0.03060 
32900,0.01615 
32901,0.00510 
32902,0.00000 
32903,0.00000 
32904,0.00000 
32905,0.00000 
32906,0.00000 
32907,0.00000 
32908,0.00000 
32909,0.00000 
32910,0.00000 
32911,0.00000 
32912,0.00000 
32913,0.00083 
32914,0.00216 
32915,0.00332 
32916,0.00448 
32917,0.00566 
32918,0.00569 
32919,0.00459 
32920,0.00344 
32921,0.00228 
32922,0.00250 
32923,0.00414 
32924,0.00580 
32925,0.00748 
32926,0.00948 
32927,0.01191 
32928,0.01918 
32929,0.03057 
32930,0.02447 
32931,0.01102 
32932,0.00591 
32933,0.00080 
32934,0.00000 
32935,0.00104 
32936,0.00297 
32937,0.00494 
32938,0.00498 
32939,0.00306 
32940,0.00110 
32941,0.00000 
32942,0.00000 
32943,0.00188 
32944,0.00441 
32945,0.00697 
32946,0.00799 
32947,0.00745 
32948,0.00695 
32949,0.00642 
32950,0.00690 
32951,0.00838 
32952,0.00985 
32953,0.01131 
32954,0.01073 
32955,0.00817 
32956,0.00567 
32957,0.00322 
32958,0.01848 
32959,0.05467 
32960,0.09270 
32961,0.13156 
32962,0.18306 
32963,0.25244 
32964,0.31274 
32965,0.35824 
32966,0.42129 
32967,0.50852 
32968,0.54457 
32969,0.52072 
32970,0.48324 
32971,0.43341 
32972,0.43831 
32973,0.49510 
32974,0.53472 
32975,0.55771 
32976,0.60134 
32977,0.66589 
32978,0.75641 
32979,0.87421 
32980,0.85539 
32981,0.70657 
32982,0.56052 
32983,0.41917 
32984,0.41423 
32985,0.53022 
32986,0.63565 
32987,0.72854 
32988,0.68020 
32989,0.51891 
32990,0.41038 
32991,0.34737 
32992,0.24523 
32993,0.11602 
32994,0.04568 
32995,0.01495 
32996,0.00000 
32997,0.00026 
32998,0.00248 
32999,0.00436 
33000,0.00627 
33001,0.00819 
33002,0.01012 
33003,0.01465 
33004,0.02373 
33005,0.03291 
33006,0.03312 
33007,0.02419 
33008,0.01508 
33009,0.01055 
33010,0.00903 
33011,0.00787 
33012,0.00669 
33013,0.00550 
33014,0.00552 
33015,0.00677 
33016,0.00801 
33017,0.00929 
33018,0.00851 
33019,0.00567 
33020,0.00279 
33021,0.00000 
33022,0.00000 
33023,0.00161 
33024,0.00389 
33025,0.00628 
33026,0.00730 
33027,0.00686 
33028,0.00640 
33029,0.00596 
33030,0.00624 
33031,0.00727 
33032,0.00829 
33033,0.00936 
33034,0.00797 
33035,0.00407 
33036,0.00010 
33037,0.00000 
33038,0.00000 
33039,0.00000 
33040,0.00000 
33041,0.00000 
33042,0.00000 
33043,0.00000 
33044,0.00000 
33045,0.00000 
33046,0.00000 
33047,0.00000 
33048,0.00000 
33049,0.00000 
33050,0.00000 
33051,0.00000 
33052,0.00000 
33053,0.00000 
33054,0.01472 
33055,0.04805 
33056,0.08164 
33057,0.11523 
33058,0.18586 
33059,0.30549 
33060,0.42210 
33061,0.52708 
33062,0.59794 
33063,0.63010 
33064,0.67276 
33065,0.73283 
33066,0.78665 
33067,0.83283 
33068,0.87852 
33069,0.92419 
33070,0.99401 
33071,1.09012 
33072,1.06401 
33073,0.91704 
33074,0.78312 
33075,0.66362 
33076,0.57278 
33077,0.50187 
33078,0.43585 
33079,0.37424 
33080,0.35963 
33081,0.38746 
33082,0.41416 
33083,0.42738 
33084,0.36889 
33085,0.24430 
33086,0.15865 
33087,0.10549 
33088,0.08386 
33089,0.09257 
33090,0.11864 
33091,0.15576 
33092,0.15580 
33093,0.13136 
33094,0.11400 
33095,0.09466 
33096,0.07508 
33097,0.05952 
33098,0.05614 
33099,0.06193 
33100,0.06776 
33101,0.07647 
33102,0.07693 
33103,0.06860 
33104,0.06346 
33105,0.05806 
33106,0.05534 
33107,0.05551 
33108,0.05568 
33109,0.05586 
33110,0.06113 
33111,0.07119 
33112,0.08675 
33113,0.10282 
33114,0.12030 
33115,0.13989 
33116,0.15974 
33117,0.18394 
33118,0.19514 
33119,0.19004 
33120,0.18535 
33121,0.18104 
33122,0.17599 
33123,0.16904 
33124,0.16265 
33125,0.15567 
33126,0.16906 
33127,0.20878 
33128,0.25534 
33129,0.30402 
33130,0.32253 
33131,0.30967 
33132,0.29774 
33133,0.28445 
33134,0.28552 
33135,0.30111 
33136,0.31669 
33137,0.33228 
33138,0.33100 
33139,0.31545 
33140,0.29990 
33141,0.28435 
33142,0.25390 
33143,0.21113 
33144,0.17581 
33145,0.14518 
33146,0.11682 
33147,0.09068 
33148,0.07147 
33149,0.05517 
33150,0.06878 
33151,0.11450 
33152,0.16057 
33153,0.20988 
33154,0.36396 
33155,0.64553 
33156,0.80908 
33157,0.83743 
33158,0.92471 
33159,1.07184 
33160,1.15070 
33161,1.17325 
33162,1.14527 
33163,1.08376 
33164,1.03749 
33165,0.99860 
33166,0.99634 
33167,1.02452 
33168,0.97873 
33169,0.86072 
33170,0.72225 
33171,0.56662 
33172,0.55133 
33173,0.67060 
33174,0.79048 
33175,0.91589 
33176,0.92651 
33177,0.82951 
33178,0.78248 
33179,0.77955 
33180,0.79292 
33181,0.82970 
33182,0.85169 
33183,0.86528 
33184,0.80412 
33185,0.69965 
33186,0.63144 
33187,0.57286 
33188,0.51958 
33189,0.47281 
33190,0.44434 
33191,0.42535 
33192,0.40739 
33193,0.38919 
33194,0.37317 
33195,0.36052 
33196,0.34879 
33197,0.33593 
33198,0.37007 
33199,0.45110 
33200,0.55256 
33201,0.66776 
33202,0.69774 
33203,0.63883 
33204,0.57949 
33205,0.51971 
33206,0.50974 
33207,0.55312 
33208,0.59684 
33209,0.64089 
33210,0.71891 
33211,0.82974 
33212,0.96394 
33213,1.10040 
33214,1.18096 
33215,1.20882 
33216,1.23385 
33217,1.26423 
33218,1.33276 
33219,1.43503 
33220,1.53702 
33221,1.63991 
33222,1.72301 
33223,1.79878 
33224,1.87233 
33225,1.93926 
33226,2.14538 
33227,2.47092 
33228,2.76039 
33229,2.98292 
33230,3.01032 
33231,2.90382 
33232,2.75456 
33233,2.55738 
33234,2.30360 
33235,2.00604 
33236,1.68293 
33237,1.34535 
33238,1.22292 
33239,1.32487 
33240,1.42551 
33241,1.52214 
33242,1.43810 
33243,1.16872 
33244,0.91761 
33245,0.69669 
33246,0.52614 
33247,0.39450 
33248,0.31961 
33249,0.25950 
33250,0.33188 
33251,0.53467 
33252,0.71596 
33253,0.87591 
33254,0.96855 
33255,0.97941 
33256,1.04268 
33257,1.16671 
33258,1.26568 
33259,1.34317 
33260,1.36489 
33261,1.32543 
33262,1.30619 
33263,1.29994 
33264,1.26094 
33265,1.19045 
33266,1.13315 
33267,1.09012 
33268,1.04329 
33269,0.99041 
33270,0.91389 
33271,0.81349 
33272,0.72507 
33273,0.65899 
33274,0.59188 
33275,0.52249 
33276,0.49183 
33277,0.49152 
33278,0.49204 
33279,0.49389 
33280,0.42318 
33281,0.29918 
33282,0.20645 
33283,0.13807 
33284,0.07021 
33285,0.01994 
33286,0.00236 
33287,0.00390 
33288,0.00545 
33289,0.00700 
33290,0.00937 
33291,0.01588 
33292,0.03089 
33293,0.04594 
33294,0.04904 
33295,0.03988 
33296,0.03061 
33297,0.02122 
33298,0.01264 
33299,0.01059 
33300,0.00903 
33301,0.00743 
33302,0.00950 
33303,0.02660 
33304,0.05422 
33305,0.08771 
33306,0.12685 
33307,0.16133 
33308,0.20813 
33309,0.25587 
33310,0.30348 
33311,0.37483 
33312,0.44957 
33313,0.52795 
33314,0.54818 
33315,0.50895 
33316,0.46752 
33317,0.42580 
33318,0.42880 
33319,0.47752 
33320,0.52729 
33321,0.57815 
33322,0.60511 
33323,0.60731 
33324,0.60953 
33325,0.61176 
33326,0.63508 
33327,0.69170 
33328,0.74632 
33329,0.80443 
33330,0.85679 
33331,0.90565 
33332,0.95779 
33333,1.00607 
33334,0.95319 
33335,0.80507 
33336,0.65918 
33337,0.54332 
33338,0.52136 
33339,0.58200 
33340,0.65709 
33341,0.73871 
33342,0.80599 
33343,0.85260 
33344,0.90228 
33345,0.95174 
33346,1.08598 
33347,1.33858 
33348,1.53249 
33349,1.64412 
33350,1.80138 
33351,2.01091 
33352,2.21054 
33353,2.41756 
33354,2.54370 
33355,2.59015 
33356,2.57660 
33357,2.50013 
33358,2.45016 
33359,2.42703 
33360,2.35569 
33361,2.24470 
33362,2.11501 
33363,2.04587 
33364,2.02710 
33365,2.00865 
33366,1.93504 
33367,1.79258 
33368,1.63996 
33369,1.47251 
33370,1.34235 
33371,1.27239 
33372,1.18265 
33373,1.09139 
33374,1.03168 
33375,1.00046 
33376,0.95925 
33377,0.90604 
33378,0.79906 
33379,0.64346 
33380,0.49435 
33381,0.38357 
33382,0.31972 
33383,0.30026 
33384,0.27974 
33385,0.26591 
33386,0.26075 
33387,0.26156 
33388,0.26158 
33389,0.26239 
33390,0.29680 
33391,0.38685 
33392,0.47802 
33393,0.59789 
33394,0.68349 
33395,0.72771 
33396,0.77222 
33397,0.81961 
33398,0.85824 
33399,0.88682 
33400,0.91558 
33401,0.94756 
33402,0.84663 
33403,0.65433 
33404,0.47856 
33405,0.33991 
33406,0.31969 
33407,0.42247 
33408,0.52948 
33409,0.66987 
33410,0.67943 
33411,0.55230 
33412,0.45467 
33413,0.35360 
33414,0.30102 
33415,0.26998 
33416,0.23823 
33417,0.20574 
33418,0.18048 
33419,0.15946 
33420,0.13810 
33421,0.11640 
33422,0.09397 
33423,0.07736 
33424,0.06268 
33425,0.04799 
33426,0.02716 
33427,0.01209 
33428,0.00643 
33429,0.00086 
33430,0.00000 
33431,0.00182 
33432,0.00420 
33433,0.00652 
33434,0.00763 
33435,0.00763 
33436,0.00764 
33437,0.00761 
33438,0.03143 
33439,0.08964 
33440,0.13355 
33441,0.14978 
33442,0.16174 
33443,0.17492 
33444,0.19062 
33445,0.20973 
33446,0.22176 
33447,0.23057 
33448,0.25752 
33449,0.32442 
33450,0.40108 
33451,0.46487 
33452,0.50607 
33453,0.52999 
33454,0.55709 
33455,0.59432 
33456,0.56837 
33457,0.48365 
33458,0.41837 
33459,0.37417 
33460,0.34683 
33461,0.33340 
33462,0.29753 
33463,0.25626 
33464,0.24417 
33465,0.32522 
33466,0.48440 
33467,0.64027 
33468,0.56920 
33469,0.29964 
33470,0.14898 
33471,0.09883 
33472,0.06905 
33473,0.05933 
33474,0.04154 
33475,0.01655 
33476,0.00348 
33477,0.00108 
33478,0.00000 
33479,0.00000 
33480,0.00000 
33481,0.00000 
33482,0.00000 
33483,0.00000 
33484,0.00000 
33485,0.00000 
33486,0.00000 
33487,0.00000 
33488,0.00000 
33489,0.00000 
33490,0.00000 
33491,0.00000 
33492,0.00000 
33493,0.00000 
33494,0.00000 
33495,0.00000 
33496,0.00000 
33497,0.00000 
33498,0.00000 
33499,0.00000 
33500,0.00136 
33501,0.00394 
33502,0.00442 
33503,0.00274 
33504,0.00099 
33505,0.00000 
33506,0.00000 
33507,0.00000 
33508,0.00000 
33509,0.00000 
33510,0.00000 
33511,0.00182 
33512,0.00433 
33513,0.00692 
33514,0.00649 
33515,0.00294 
33516,0.00000 
33517,0.00000 
33518,0.00000 
33519,0.00000 
33520,0.00000 
33521,0.00000 
33522,0.00000 
33523,0.00000 
33524,0.00000 
33525,0.00000 
33526,0.00000 
33527,0.00000 
33528,0.00000 
33529,0.00000 
33530,0.00000 
33531,0.00000 
33532,0.00000 
33533,0.00000 
33534,0.02037 
33535,0.06725 
33536,0.12394 
33537,0.18538 
33538,0.23678 
33539,0.27714 
33540,0.34468 
33541,0.43889 
33542,0.51876 
33543,0.58317 
33544,0.64895 
33545,0.71661 
33546,0.80777 
33547,0.92295 
33548,0.95212 
33549,0.88978 
33550,0.86267 
33551,0.87799 
33552,0.81637 
33553,0.68179 
33554,0.50246 
33555,0.40340 
33556,0.40341 
33557,0.40761 
33558,0.45623 
33559,0.51936 
33560,0.46940 
33561,0.30890 
33562,0.19340 
33563,0.11783 
33564,0.08713 
33565,0.10080 
33566,0.11074 
33567,0.11666 
33568,0.11907 
33569,0.11927 
33570,0.12379 
33571,0.12752 
33572,0.13565 
33573,0.14786 
33574,0.15958 
33575,0.17371 
33576,0.18808 
33577,0.20220 
33578,0.21477 
33579,0.22662 
33580,0.23847 
33581,0.25034 
33582,0.25119 
33583,0.24164 
33584,0.23121 
33585,0.22131 
33586,0.23292 
33587,0.26634 
33588,0.31527 
33589,0.37577 
33590,0.40816 
33591,0.41218 
33592,0.41628 
33593,0.41911 
33594,0.46598 
33595,0.56503 
33596,0.68967 
33597,0.81879 
33598,0.81891 
33599,0.68692 
33600,0.55713 
33601,0.45743 
33602,0.38130 
33603,0.33177 
33604,0.30507 
33605,0.27691 
33606,0.28412 
33607,0.32641 
33608,0.38820 
33609,0.46490 
33610,0.52175 
33611,0.55647 
33612,0.58973 
33613,0.62604 
33614,0.57331 
33615,0.42814 
33616,0.32262 
33617,0.24291 
33618,0.19666 
33619,0.18020 
33620,0.16452 
33621,0.14821 
33622,0.13987 
33623,0.13831 
33624,0.13732 
33625,0.13635 
33626,0.13109 
33627,0.12313 
33628,0.11478 
33629,0.10654 
33630,0.13313 
33631,0.21580 
33632,0.26935 
33633,0.26125 
33634,0.26596 
33635,0.29465 
33636,0.30700 
33637,0.29685 
33638,0.27932 
33639,0.25779 
33640,0.28246 
33641,0.35248 
33642,0.48568 
33643,0.68600 
33644,0.73225 
33645,0.63233 
33646,0.49555 
33647,0.35332 
33648,0.29963 
33649,0.32713 
33650,0.44731 
33651,0.65637 
33652,0.69807 
33653,0.57770 
33654,0.47032 
33655,0.41246 
33656,0.37416 
33657,0.49016 
33658,0.70630 
33659,0.85835 
33660,0.87249 
33661,0.76782 
33662,0.70835 
33663,0.68946 
33664,0.61008 
33665,0.50273 
33666,0.44468 
33667,0.45227 
33668,0.49706 
33669,0.57107 
33670,0.60702 
33671,0.56924 
33672,0.53121 
33673,0.49295 
33674,0.47811 
33675,0.47963 
33676,0.48262 
33677,0.48416 
33678,0.46894 
33679,0.43649 
33680,0.40341 
33681,0.36853 
33682,0.29920 
33683,0.23607 
33684,0.17802 
33685,0.13145 
33686,0.11642 
33687,0.12965 
33688,0.14259 
33689,0.15613 
33690,0.15666 
33691,0.14500 
33692,0.13274 
33693,0.12079 
33694,0.14149 
33695,0.20460 
33696,0.28160 
33697,0.39249 
33698,0.47750 
33699,0.50481 
33700,0.53042 
33701,0.55801 
33702,0.60670 
33703,0.68629 
33704,0.76762 
33705,0.85391 
33706,0.89798 
33707,0.90468 
33708,0.91148 
33709,0.91838 
33710,0.98642 
33711,1.14096 
33712,1.30258 
33713,1.45975 
33714,1.49688 
33715,1.40203 
33716,1.30212 
33717,1.20767 
33718,1.15591 
33719,1.14695 
33720,1.13382 
33721,1.12520 
33722,1.07136 
33723,0.97377 
33724,0.89260 
33725,0.81262 
33726,0.73916 
33727,0.72142 
33728,0.77456 
33729,0.86389 
33730,0.88907 
33731,0.78700 
33732,0.77349 
33733,0.85837 
33734,0.94723 
33735,1.04280 
33736,1.00888 
33737,0.82958 
33738,0.68408 
33739,0.57412 
33740,0.50615 
33741,0.49171 
33742,0.43592 
33743,0.43197 
33744,0.45928 
33745,0.54756 
33746,0.58680 
33747,0.60081 
33748,0.58834 
33749,0.55424 
33750,0.54941 
33751,0.56882 
33752,0.58015 
33753,0.57985 
33754,0.60232 
33755,0.64468 
33756,0.58826 
33757,0.45055 
33758,0.30412 
33759,0.21599 
33760,0.19004 
33761,0.16534 
33762,0.14351 
33763,0.11680 
33764,0.07922 
33765,0.04328 
33766,0.03132 
33767,0.03675 
33768,0.04212 
33769,0.04767 
33770,0.04871 
33771,0.04534 
33772,0.04181 
33773,0.03840 
33774,0.04670 
33775,0.06795 
33776,0.09958 
33777,0.13203 
33778,0.16096 
33779,0.18978 
33780,0.21832 
33781,0.24706 
33782,0.23592 
33783,0.18447 
33784,0.13914 
33785,0.10111 
33786,0.06810 
33787,0.04929 
33788,0.03022 
33789,0.01200 
33790,0.00984 
33791,0.00958 
33792,0.00935 
33793,0.00907 
33794,0.00696 
33795,0.00297 
33796,0.00000 
33797,0.00000 
33798,0.00000 
33799,0.00000 
33800,0.00000 
33801,0.00000 
33802,0.00000 
33803,0.00000 
33804,0.00000 
33805,0.00000 
33806,0.00000 
33807,0.00000 
33808,0.00000 
33809,0.00000 
33810,0.00000 
33811,0.00109 
33812,0.00305 
33813,0.00503 
33814,0.00548 
33815,0.00447 
33816,0.00348 
33817,0.00250 
33818,0.00319 
33819,0.00552 
33820,0.00783 
33821,0.01007 
33822,0.04472 
33823,0.13342 
33824,0.19774 
33825,0.21174 
33826,0.22821 
33827,0.24947 
33828,0.29344 
33829,0.36852 
33830,0.45529 
33831,0.55612 
33832,0.59780 
33833,0.57693 
33834,0.56067 
33835,0.55329 
33836,0.53362 
33837,0.49537 
33838,0.43666 
33839,0.35752 
33840,0.38192 
33841,0.50881 
33842,0.61888 
33843,0.71154 
33844,0.75420 
33845,0.74771 
33846,0.77624 
33847,0.83330 
33848,0.80485 
33849,0.69302 
33850,0.59665 
33851,0.51411 
33852,0.45037 
33853,0.39850 
33854,0.34721 
33855,0.30154 
33856,0.26929 
33857,0.24895 
33858,0.25545 
33859,0.27752 
33860,0.27830 
33861,0.27173 
33862,0.28922 
33863,0.27163 
33864,0.25451 
33865,0.24261 
33866,0.30044 
33867,0.44677 
33868,0.64927 
33869,0.88179 
33870,1.07275 
33871,1.20105 
33872,1.33170 
33873,1.46116 
33874,1.49551 
33875,1.44028 
33876,1.37853 
33877,1.31632 
33878,1.29110 
33879,1.29952 
33880,1.30804 
33881,1.31666 
33882,1.32533 
33883,1.33405 
33884,1.34287 
33885,1.35180 
33886,1.38553 
33887,1.43709 
33888,1.49067 
33889,1.55150 
33890,1.59363 
33891,1.62021 
33892,1.65232 
33893,1.67901 
33894,1.60666 
33895,1.43147 
33896,1.24645 
33897,1.04614 
33898,0.96396 
33899,1.00033 
33900,1.03725 
33901,1.07862 
33902,1.12770 
33903,1.19218 
33904,1.25719 
33905,1.32275 
33906,1.25270 
33907,1.03764 
33908,0.85347 
33909,0.67657 
33910,0.56990 
33911,0.52194 
33912,0.47462 
33913,0.42793 
33914,0.35156 
33915,0.28115 
33916,0.22285 
33917,0.16909 
33918,0.18277 
33919,0.28003 
33920,0.40900 
33921,0.56594 
33922,0.65151 
33923,0.64755 
33924,0.66874 
33925,0.70165 
33926,0.73322 
33927,0.76867 
33928,0.79399 
33929,0.80909 
33930,0.82142 
33931,0.83612 
33932,0.84171 
33933,0.83816 
33934,0.82836 
33935,0.81712 
33936,0.81326 
33937,0.81900 
33938,0.82495 
33939,0.82687 
33940,0.82827 
33941,0.82860 
33942,0.83744 
33943,0.84773 
33944,0.83296 
33945,0.79348 
33946,0.76991 
33947,0.75595 
33948,0.68205 
33949,0.55478 
33950,0.44467 
33951,0.35610 
33952,0.28277 
33953,0.21980 
33954,0.16583 
33955,0.12021 
33956,0.06681 
33957,0.01901 
33958,0.00024 
33959,0.00000 
33960,0.00000 
33961,0.00000 
33962,0.00000 
33963,0.00000 
33964,0.00043 
33965,0.00401 
33966,0.00620 
33967,0.00696 
33968,0.00774 
33969,0.00852 
33970,0.00895 
33971,0.00900 
33972,0.00906 
33973,0.00910 
33974,0.00725 
33975,0.00349 
33976,0.00000 
33977,0.00000 
33978,0.00000 
33979,0.00000 
33980,0.00000 
33981,0.00000 
33982,0.00000 
33983,0.00000 
33984,0.00000 
33985,0.00000 
33986,0.00000 
33987,0.00000 
33988,0.00000 
33989,0.00000 
33990,0.00000 
33991,0.00000 
33992,0.00000 
33993,0.00000 
33994,0.00000 
33995,0.00000 
33996,0.00000 
33997,0.00000 
33998,0.00000 
33999,0.00000 
34000,0.00000 
34001,0.00000 
34002,0.00000 
34003,0.00000 
34004,0.00000 
34005,0.00000 
34006,0.00000 
34007,0.00000 
34008,0.00000 
34009,0.00000 
34010,0.00000 
34011,0.00000 
34012,0.00000 
34013,0.00000 
34014,0.01582 
34015,0.05085 
34016,0.08173 
34017,0.10406 
34018,0.12026 
34019,0.13239 
34020,0.14759 
34021,0.16640 
34022,0.18048 
34023,0.18916 
34024,0.21002 
34025,0.27125 
34026,0.34193 
34027,0.38898 
34028,0.44441 
34029,0.50995 
34030,0.57783 
34031,0.64792 
34032,0.69224 
34033,0.71411 
34034,0.75664 
34035,0.82035 
34036,0.82247 
34037,0.76505 
34038,0.71661 
34039,0.67251 
34040,0.65918 
34041,0.67121 
34042,0.69512 
34043,0.72998 
34044,0.66063 
34045,0.50652 
34046,0.37195 
34047,0.25890 
34048,0.20237 
34049,0.18583 
34050,0.16714 
34051,0.14568 
34052,0.08963 
34053,0.02487 
34054,0.00026 
34055,0.00355 
34056,0.00685 
34057,0.01021 
34058,0.01511 
34059,0.01516 
34060,0.01524 
34061,0.01529 
34062,0.01116 
34063,0.00936 
34064,0.00753 
34065,0.00566 
34066,0.00259 
34067,0.00000 
34068,0.00000 
34069,0.00000 
34070,0.00000 
34071,0.00000 
34072,0.00000 
34073,0.00000 
34074,0.00000 
34075,0.00000 
34076,0.00000 
34077,0.00000 
34078,0.00000 
34079,0.00000 
34080,0.00000 
34081,0.00000 
34082,0.00341 
34083,0.00655 
34084,0.00973 
34085,0.01296 
34086,0.02735 
34087,0.04536 
34088,0.06386 
34089,0.08370 
34090,0.08817 
34091,0.07308 
34092,0.05983 
34093,0.04612 
34094,0.04865 
34095,0.06754 
34096,0.08663 
34097,0.11595 
34098,0.10635 
34099,0.06762 
34100,0.03710 
34101,0.01278 
34102,0.01074 
34103,0.01283 
34104,0.01970 
34105,0.03003 
34106,0.03289 
34107,0.02856 
34108,0.02427 
34109,0.02000 
34110,0.03398 
34111,0.07331 
34112,0.12062 
34113,0.17306 
34114,0.21053 
34115,0.22829 
34116,0.29148 
34117,0.41401 
34118,0.57600 
34119,0.78118 
34120,0.81566 
34121,0.67425 
34122,0.54297 
34123,0.42611 
34124,0.34909 
34125,0.32475 
34126,0.27218 
34127,0.22184 
34128,0.21744 
34129,0.24091 
34130,0.27659 
34131,0.32510 
34132,0.35384 
34133,0.36101 
34134,0.34386 
34135,0.30069 
34136,0.25771 
34137,0.22436 
34138,0.19042 
34139,0.16026 
34140,0.14293 
34141,0.12656 
34142,0.11478 
34143,0.10779 
34144,0.09324 
34145,0.07115 
34146,0.03717 
34147,0.01547 
34148,0.01607 
34149,0.01600 
34150,0.01035 
34151,0.00691 
34152,0.00355 
34153,0.00026 
34154,0.00000 
34155,0.00080 
34156,0.00225 
34157,0.00369 
34158,0.00463 
34159,0.00502 
34160,0.00542 
34161,0.00584 
34162,0.00548 
34163,0.00439 
34164,0.00328 
34165,0.00216 
34166,0.00198 
34167,0.00276 
34168,0.00355 
34169,0.00436 
34170,0.00517 
34171,0.00601 
34172,0.00687 
34173,0.00774 
34174,0.00889 
34175,0.01031 
34176,0.01183 
34177,0.01476 
34178,0.01317 
34179,0.01100 
34180,0.00884 
34181,0.00662 
34182,0.00738 
34183,0.01122 
34184,0.01925 
34185,0.03776 
34186,0.05337 
34187,0.06546 
34188,0.07774 
34189,0.09275 
34190,0.11356 
34191,0.13590 
34192,0.15828 
34193,0.18136 
34194,0.15663 
34195,0.08581 
34196,0.04034 
34197,0.01072 
34198,0.00594 
34199,0.00584 
34200,0.00572 
34201,0.00563 
34202,0.00397 
34203,0.00078 
34204,0.00000 
34205,0.00000 
34206,0.02520 
34207,0.08806 
34208,0.16425 
34209,0.25322 
34210,0.38030 
34211,0.55753 
34212,0.65085 
34213,0.63253 
34214,0.62870 
34215,0.65040 
34216,0.66774 
34217,0.67631 
34218,0.69604 
34219,0.74467 
34220,0.73506 
34221,0.66268 
34222,0.53449 
34223,0.43479 
34224,0.44073 
34225,0.60914 
34226,0.89575 
34227,1.14665 
34228,1.16609 
34229,0.95948 
34230,0.79095 
34231,0.65569 
34232,0.56067 
34233,0.49991 
34234,0.40898 
34235,0.34126 
34236,0.31624 
34237,0.29525 
34238,0.27944 
34239,0.26371 
34240,0.25589 
34241,0.25182 
34242,0.24297 
34243,0.22547 
34244,0.18473 
34245,0.13957 
34246,0.12144 
34247,0.12017 
34248,0.11892 
34249,0.11770 
34250,0.10130 
34251,0.06922 
34252,0.04611 
34253,0.02538 
34254,0.00981 
34255,0.00581 
34256,0.00175 
34257,0.00000 
34258,0.00000 
34259,0.00000 
34260,0.00000 
34261,0.00000 
34262,0.00000 
34263,0.00000 
34264,0.00000 
34265,0.00000 
34266,0.00000 
34267,0.00000 
34268,0.00000 
34269,0.00008 
34270,0.00134 
34271,0.00052 
34272,0.00000 
34273,0.00000 
34274,0.00000 
34275,0.00102 
34276,0.00286 
34277,0.00472 
34278,0.00476 
34279,0.00294 
34280,0.00106 
34281,0.00000 
34282,0.00000 
34283,0.00000 
34284,0.00000 
34285,0.00000 
34286,0.00000 
34287,0.00000 
34288,0.00000 
34289,0.00000 
34290,0.00000 
34291,0.00000 
34292,0.00000 
34293,0.00000 
34294,0.00000 
34295,0.00000 
34296,0.00000 
34297,0.00000 
34298,0.00000 
34299,0.00000 
34300,0.00000 
34301,0.00000 
34302,0.01839 
34303,0.06061 
34304,0.10840 
34305,0.16033 
34306,0.23402 
34307,0.32858 
34308,0.42263 
34309,0.51886 
34310,0.64553 
34311,0.80316 
34312,0.88190 
34313,0.87400 
34314,0.89421 
34315,0.94522 
34316,0.94603 
34317,0.88824 
34318,0.85143 
34319,0.83664 
34320,0.77692 
34321,0.67277 
34322,0.55432 
34323,0.42162 
34324,0.39285 
34325,0.46863 
34326,0.52193 
34327,0.55063 
34328,0.55618 
34329,0.53988 
34330,0.53068 
34331,0.52656 
34332,0.49655 
34333,0.44221 
34334,0.42500 
34335,0.43425 
34336,0.32497 
34337,0.13531 
34338,0.04656 
34339,0.02700 
34340,0.01326 
34341,0.00528 
34342,0.00008 
34343,0.00000 
34344,0.00000 
34345,0.00000 
34346,0.00000 
34347,0.00000 
34348,0.00000 
34349,0.00000 
34350,0.00000 
34351,0.00000 
34352,0.00000 
34353,0.00000 
34354,0.00000 
34355,0.00000 
34356,0.00000 
34357,0.00000 
34358,0.00000 
34359,0.00000 
34360,0.00000 
34361,0.00314 
34362,0.00377 
34363,0.00132 
34364,0.00000 
34365,0.00000 
34366,0.00000 
34367,0.00000 
34368,0.00000 
34369,0.00000 
34370,0.00000 
34371,0.00102 
34372,0.00660 
34373,0.01222 
34374,0.03041 
34375,0.05319 
34376,0.07655 
34377,0.10996 
34378,0.11438 
34379,0.08636 
34380,0.06755 
34381,0.04918 
34382,0.06279 
34383,0.12099 
34384,0.19333 
34385,0.28884 
34386,0.32109 
34387,0.28372 
34388,0.24754 
34389,0.21135 
34390,0.21751 
34391,0.26691 
34392,0.31559 
34393,0.37692 
34394,0.42819 
34395,0.44304 
34396,0.45768 
34397,0.47211 
34398,0.38973 
34399,0.26899 
34400,0.17719 
34401,0.10019 
34402,0.06063 
34403,0.13190 
34404,0.11871 
34405,0.10577 
34406,0.12716 
34407,0.18110 
34408,0.21801 
34409,0.23832 
34410,0.25954 
34411,0.28202 
34412,0.30253 
34413,0.32192 
34414,0.45188 
34415,0.69071 
34416,0.73267 
34417,0.58011 
34418,0.48557 
34419,0.44972 
34420,0.39124 
34421,0.31324 
34422,0.25598 
34423,0.21740 
34424,0.20882 
34425,0.23339 
34426,0.25617 
34427,0.27707 
34428,0.25678 
34429,0.19437 
34430,0.13498 
34431,0.07999 
34432,0.05221 
34433,0.05000 
34434,0.04709 
34435,0.04334 
34436,0.03464 
34437,0.02128 
34438,0.02734 
34439,0.05221 
34440,0.08472 
34441,0.12385 
34442,0.12457 
34443,0.08574 
34444,0.05331 
34445,0.02816 
34446,0.01378 
34447,0.01123 
34448,0.01053 
34449,0.00984 
34450,0.00855 
34451,0.00660 
34452,0.00464 
34453,0.00267 
34454,0.00228 
34455,0.00350 
34456,0.00473 
34457,0.00598 
34458,0.00599 
34459,0.00480 
34460,0.00359 
34461,0.00237 
34462,0.00030 
34463,0.00000 
34464,0.00000 
34465,0.00000 
34466,0.00000 
34467,0.00000 
34468,0.00000 
34469,0.00000 
34470,0.00000 
34471,0.00000 
34472,0.00000 
34473,0.00000 
34474,0.00000 
34475,0.00000 
34476,0.00000 
34477,0.00000 
34478,0.00000 
34479,0.00000 
34480,0.00000 
34481,0.00000 
34482,0.00000 
34483,0.00000 
34484,0.00000 
34485,0.00000 
34486,0.00000 
34487,0.00000 
34488,0.00000 
34489,0.00000 
34490,0.00000 
34491,0.00000 
34492,0.00000 
34493,0.00000 
34494,0.03491 
34495,0.12575 
34496,0.24125 
34497,0.38218 
34498,0.50591 
34499,0.60663 
34500,0.69080 
34501,0.74379 
34502,0.81155 
34503,0.89761 
34504,0.95020 
34505,0.96027 
34506,0.97752 
34507,1.01216 
34508,1.05326 
34509,1.10112 
34510,1.12169 
34511,1.11802 
34512,1.08513 
34513,1.03496 
34514,1.00225 
34515,0.99040 
34516,0.95625 
34517,0.89846 
34518,0.84019 
34519,0.77760 
34520,0.74827 
34521,0.74439 
34522,0.73203 
34523,0.71135 
34524,0.66578 
34525,0.60377 
34526,0.55835 
34527,0.52462 
34528,0.43892 
34529,0.31755 
34530,0.23009 
34531,0.17119 
34532,0.10096 
34533,0.03189 
34534,0.00806 
34535,0.01836 
34536,0.03943 
34537,0.06074 
34538,0.06270 
34539,0.04535 
34540,0.02771 
34541,0.01092 
34542,0.01005 
34543,0.01459 
34544,0.02383 
34545,0.03315 
34546,0.03694 
34547,0.03532 
34548,0.03358 
34549,0.03183 
34550,0.03661 
34551,0.04814 
34552,0.05981 
34553,0.07291 
34554,0.08233 
34555,0.08286 
34556,0.08365 
34557,0.08419 
34558,0.08088 
34559,0.07331 
34560,0.06876 
34561,0.06421 
34562,0.06509 
34563,0.07160 
34564,0.07837 
34565,0.08873 
34566,0.12187 
34567,0.17850 
34568,0.25496 
34569,0.33623 
34570,0.34867 
34571,0.27718 
34572,0.21062 
34573,0.15616 
34574,0.16102 
34575,0.22897 
34576,0.31093 
34577,0.42740 
34578,0.46415 
34579,0.39088 
34580,0.33145 
34581,0.29093 
34582,0.25959 
34583,0.23767 
34584,0.21529 
34585,0.19407 
34586,0.15925 
34587,0.10854 
34588,0.06682 
34589,0.03484 
34590,0.03301 
34591,0.07696 
34592,0.11023 
34593,0.12231 
34594,0.12622 
34595,0.13121 
34596,0.15244 
34597,0.21615 
34598,0.30366 
34599,0.38151 
34600,0.43498 
34601,0.47310 
34602,0.53109 
34603,0.60666 
34604,0.61223 
34605,0.54463 
34606,0.48942 
34607,0.44813 
34608,0.40073 
34609,0.34842 
34610,0.28083 
34611,0.29169 
34612,0.28984 
34613,0.31490 
34614,0.36651 
34615,0.44521 
34616,0.43704 
34617,0.34473 
34618,0.25830 
34619,0.20660 
34620,0.18811 
34621,0.17523 
34622,0.16962 
34623,0.17360 
34624,0.18280 
34625,0.18762 
34626,0.16784 
34627,0.15030 
34628,0.15777 
34629,0.16349 
34630,0.15541 
34631,0.13621 
34632,0.12072 
34633,0.10477 
34634,0.09989 
34635,0.10593 
34636,0.11174 
34637,0.11791 
34638,0.10187 
34639,0.06404 
34640,0.03906 
34641,0.01383 
34642,0.00929 
34643,0.00934 
34644,0.00937 
34645,0.00943 
34646,0.00907 
34647,0.00831 
34648,0.00755 
34649,0.00676 
34650,0.00818 
34651,0.01181 
34652,0.02886 
34653,0.04637 
34654,0.06273 
34655,0.08161 
34656,0.10582 
34657,0.13114 
34658,0.13832 
34659,0.12501 
34660,0.11208 
34661,0.09906 
34662,0.08289 
34663,0.06892 
34664,0.05641 
34665,0.04378 
34666,0.05311 
34667,0.08703 
34668,0.13752 
34669,0.18873 
34670,0.20354 
34671,0.17205 
34672,0.14316 
34673,0.11425 
34674,0.11426 
34675,0.14318 
34676,0.17209 
34677,0.20435 
34678,0.23561 
34679,0.25836 
34680,0.28079 
34681,0.30183 
34682,0.29973 
34683,0.27400 
34684,0.24862 
34685,0.22358 
34686,0.19655 
34687,0.17122 
34688,0.15188 
34689,0.13137 
34690,0.13212 
34691,0.15316 
34692,0.17413 
34693,0.19498 
34694,0.21308 
34695,0.22949 
34696,0.23133 
34697,0.21905 
34698,0.22123 
34699,0.24045 
34700,0.26539 
34701,0.29586 
34702,0.30160 
34703,0.28173 
34704,0.26540 
34705,0.25254 
34706,0.22918 
34707,0.20853 
34708,0.17266 
34709,0.13029 
34710,0.09610 
34711,0.07081 
34712,0.06035 
34713,0.05367 
34714,0.04850 
34715,0.04187 
34716,0.03927 
34717,0.04051 
34718,0.04219 
34719,0.04406 
34720,0.04038 
34721,0.03107 
34722,0.02338 
34723,0.01744 
34724,0.01072 
34725,0.00342 
34726,0.00000 
34727,0.00000 
34728,0.00000 
34729,0.00000 
34730,0.00000 
34731,0.00000 
34732,0.00000 
34733,0.00000 
34734,0.00000 
34735,0.00000 
34736,0.00000 
34737,0.00000 
34738,0.00000 
34739,0.00000 
34740,0.00086 
34741,0.00555 
34742,0.00909 
34743,0.01147 
34744,0.02181 
34745,0.03330 
34746,0.04384 
34747,0.05365 
34748,0.06357 
34749,0.07567 
34750,0.09336 
34751,0.11409 
34752,0.13532 
34753,0.15736 
34754,0.16983 
34755,0.17095 
34756,0.17209 
34757,0.17325 
34758,0.16824 
34759,0.15627 
34760,0.14456 
34761,0.13252 
34762,0.14640 
34763,0.18757 
34764,0.24212 
34765,0.29877 
34766,0.32739 
34767,0.32736 
34768,0.32612 
34769,0.32489 
34770,0.27910 
34771,0.18919 
34772,0.12400 
34773,0.06747 
34774,0.04869 
34775,0.05245 
34776,0.05610 
34777,0.05945 
34778,0.06118 
34779,0.06097 
34780,0.06075 
34781,0.06033 
34782,0.07142 
34783,0.09464 
34784,0.11828 
34785,0.14605 
34786,0.16735 
34787,0.18162 
34788,0.21378 
34789,0.26448 
34790,0.30748 
34791,0.34380 
34792,0.35115 
34793,0.33001 
34794,0.32507 
34795,0.33590 
34796,0.33985 
34797,0.33913 
34798,0.35986 
34799,0.41028 
34800,0.44145 
34801,0.45723 
34802,0.45591 
34803,0.41074 
34804,0.40846 
34805,0.44867 
34806,0.52158 
34807,0.62760 
34808,0.70597 
34809,0.77636 
34810,0.83845 
34811,0.89638 
34812,0.94992 
34813,1.01670 
34814,1.03129 
34815,0.99255 
34816,0.95164 
34817,0.90551 
34818,0.88608 
34819,0.89007 
34820,0.88328 
34821,0.87504 
34822,0.88883 
34823,0.92785 
34824,0.96622 
34825,1.00114 
34826,0.94170 
34827,0.78270 
34828,0.64360 
34829,0.51193 
34830,0.47570 
34831,0.53548 
34832,0.59765 
34833,0.65902 
34834,0.66103 
34835,0.60486 
34836,0.54994 
34837,0.49291 
34838,0.43113 
34839,0.35674 
34840,0.28099 
34841,0.23587 
34842,0.21516 
34843,0.21717 
34844,0.21854 
34845,0.21992 
34846,0.18515 
34847,0.12640 
34848,0.07266 
34849,0.03662 
34850,0.03301 
34851,0.06312 
34852,0.10256 
34853,0.15106 
34854,0.16579 
34855,0.14741 
34856,0.12803 
34857,0.10862 
34858,0.09369 
34859,0.08397 
34860,0.07758 
34861,0.07135 
34862,0.07164 
34863,0.07880 
34864,0.08596 
34865,0.09700 
34866,0.13183 
34867,0.18968 
34868,0.26613 
34869,0.34595 
34870,0.34100 
34871,0.25585 
34872,0.17852 
34873,0.12107 
34874,0.08787 
34875,0.07763 
34876,0.07070 
34877,0.06409 
34878,0.07270 
34879,0.09761 
34880,0.12871 
34881,0.16009 
34882,0.16914 
34883,0.15718 
34884,0.14224 
34885,0.11671 
34886,0.08801 
34887,0.05693 
34888,0.08145 
34889,0.16107 
34890,0.24842 
34891,0.34385 
34892,0.39834 
34893,0.41623 
34894,0.44292 
34895,0.47461 
34896,0.45813 
34897,0.39408 
34898,0.33396 
34899,0.29411 
34900,0.28132 
34901,0.28101 
34902,0.28370 
34903,0.28745 
34904,0.27558 
34905,0.24778 
34906,0.22116 
34907,0.19494 
34908,0.16507 
34909,0.13039 
34910,0.09908 
34911,0.07189 
34912,0.05791 
34913,0.05629 
34914,0.04388 
34915,0.03382 
34916,0.03528 
34917,0.03683 
34918,0.03641 
34919,0.03421 
34920,0.03197 
34921,0.02979 
34922,0.02964 
34923,0.03147 
34924,0.03331 
34925,0.03516 
34926,0.04757 
34927,0.07469 
34928,0.11117 
34929,0.14852 
34930,0.17008 
34931,0.16292 
34932,0.15617 
34933,0.14941 
34934,0.15372 
34935,0.17139 
34936,0.18893 
34937,0.20742 
34938,0.20530 
34939,0.18201 
34940,0.15945 
34941,0.14220 
34942,0.11659 
34943,0.08121 
34944,0.05551 
34945,0.03118 
34946,0.02077 
34947,0.02512 
34948,0.02957 
34949,0.03394 
34950,0.03968 
34951,0.04677 
34952,0.05402 
34953,0.06165 
34954,0.07846 
34955,0.11615 
34956,0.15715 
34957,0.20016 
34958,0.20933 
34959,0.17702 
34960,0.14788 
34961,0.11851 
34962,0.11480 
34963,0.13735 
34964,0.15992 
34965,0.18250 
34966,0.18562 
34967,0.16880 
34968,0.15290 
34969,0.13723 
34970,0.11091 
34971,0.07722 
34972,0.05366 
34973,0.03058 
34974,0.05184 
34975,0.12268 
34976,0.19327 
34977,0.25339 
34978,0.25288 
34979,0.20082 
34980,0.20496 
34981,0.26112 
34982,0.42378 
34983,0.71060 
34984,0.76307 
34985,0.56259 
34986,0.41588 
34987,0.33572 
34988,0.30424 
34989,0.32117 
34990,0.33950 
34991,0.34621 
34992,0.36367 
34993,0.39371 
34994,0.45766 
34995,0.55542 
34996,0.50350 
34997,0.30453 
34998,0.17378 
34999,0.10534 
35000,0.09221 
35001,0.13600 
35002,0.18081 
35003,0.22322 
35004,0.23893 
35005,0.22858 
35006,0.25245 
35007,0.31025 
35008,0.30147 
35009,0.23974 
35010,0.19148 
35011,0.14640 
35012,0.11169 
35013,0.08625 
35014,0.07017 
35015,0.06239 
35016,0.05754 
35017,0.05264 
35018,0.05457 
35019,0.06355 
35020,0.07767 
35021,0.09179 
35022,0.08259 
35023,0.05520 
35024,0.03384 
35025,0.01209 
35026,0.00881 
35027,0.00767 
35028,0.00652 
35029,0.00539 
35030,0.00225 
35031,0.00000 
35032,0.00000 
35033,0.00000 
35034,0.00000 
35035,0.00000 
35036,0.00000 
35037,0.00000 
35038,0.00000 
35039,0.00000 
35040,0.00000 
35041,0.00000 
