            TRNSYS - the TRaNsient SYstem Simulation program

   The Solar Energy Lab at the University of Wisconsin - Madison, USA
Le Centre Scientifique et Technique du Batiment, Sophia Antipolis, France
           Transsolar Energietechnik GmBH, Stuttgart, Germany
        Thermal Energy System Specialists, LLC, Madison Wisconsin, USA

                           Release 18.02.0002
                           User ID  18-F1234

Simulation log for: "D:\Trnsys18\T\TRNSYS18\MyProjects\A07_Test_final\S3_DX_air_conditioner\Closed_loop_simulation\Untitled_imported.dck"
 
*** Notice at time        :         0.000000
    Generated by Unit     : Not applicable or not available
    Generated by Type     : Not applicable or not available
    Message               : The TRNSYS Executable (TRNExe.exe) and main DLL (TRNDll.dll) are located in "D:\Trnsys18\T\TRNSYS18\Exe"
 
*** Warning at time       :         0.000000
    Generated by Unit     : Not applicable or not available
    Generated by Type     : Not applicable or not available
    TRNSYS Message     11 : The TRNSYS processor has reported an illegal variable name in an EQUATIONS or CONSTANTS card.  Equations or constants must not begin with END, INC, EQU or CON as these are protected codes required when reading the TRNSYS input file.  The offending variable name is listed below.
    Reported information  : CONNECT1
 
*** Warning at time       :         0.000000
    Generated by Unit     : Not applicable or not available
    Generated by Type     : Not applicable or not available
    TRNSYS Message     11 : The TRNSYS processor has reported an illegal variable name in an EQUATIONS or CONSTANTS card.  Equations or constants must not begin with END, INC, EQU or CON as these are protected codes required when reading the TRNSYS input file.  The offending variable name is listed below.
    Reported information  : CONNECT1
 
*** Notice at time        :         0.000000
    Generated by Unit     : Not applicable or not available
    Generated by Type     : Not applicable or not available
    TRNSYS Message     90 : TRNDll.dll is compiled in release mode. External DLLs will be loaded from the .\UserLib\ReleaseDLLs\ directory.
    Reported information  : Not available
 
*** Notice at time        :         0.000000
    Generated by Unit     : Not applicable or not available
    Generated by Type     : Not applicable or not available
    Message               : The following Types were loaded from TRNDll64.dll: Type15, Type14, Type24, Type65, Type2, Type77, Type9
 
*** Notice at time        :         0.000000
    Generated by Unit     : Not applicable or not available
    Generated by Type     : Not applicable or not available
    Message               : "DS_Illuminance.dll" was found but did not contain any components from the input file.
 
*** Notice at time        :         0.000000
    Generated by Unit     : Not applicable or not available
    Generated by Type     : Not applicable or not available
    Message               : "TESSArchiveDLL_v17.2.01_Release.dll" was found but did not contain any components from the input file.
 
*** Notice at time        :         0.000000
    Generated by Unit     : Not applicable or not available
    Generated by Type     : Not applicable or not available
    Message               : "TESSHTSLibrary_v17.2.01_Release.dll" was found but did not contain any components from the input file.
 
*** Notice at time        :         0.000000
    Generated by Unit     : Not applicable or not available
    Generated by Type     : Not applicable or not available
    Message               : "TESS_Application_v17.2.01_64.dll" was found but did not contain any components from the input file.
 
*** Notice at time        :         0.000000
    Generated by Unit     : Not applicable or not available
    Generated by Type     : Not applicable or not available
    Message               : "TESS_CHP_v17.2.01_64.dll" was found but did not contain any components from the input file.
 
*** Notice at time        :         0.000000
    Generated by Unit     : Not applicable or not available
    Generated by Type     : Not applicable or not available
    Message               : "TESS_Controls_v17.2.01_64.dll" was found but did not contain any components from the input file.
 
*** Notice at time        :         0.000000
    Generated by Unit     : Not applicable or not available
    Generated by Type     : Not applicable or not available
    Message               : "TESS_Electrical_v17.2.01_64.dll" was found but did not contain any components from the input file.
 
*** Notice at time        :         0.000000
    Generated by Unit     : Not applicable or not available
    Generated by Type     : Not applicable or not available
    Message               : "TESS_GHP_v17.2.01_64.dll" was found but did not contain any components from the input file.
 
*** Notice at time        :         0.000000
    Generated by Unit     : Not applicable or not available
    Generated by Type     : Not applicable or not available
    Message               : "TESS_GroundCoupling_1256_v17.2.01_64.dll" was found but did not contain any components from the input file.
 
*** Notice at time        :         0.000000
    Generated by Unit     : Not applicable or not available
    Generated by Type     : Not applicable or not available
    Message               : "TESS_GroundCoupling_v17.2.01_64.dll" was found but did not contain any components from the input file.
 
*** Notice at time        :         0.000000
    Generated by Unit     : Not applicable or not available
    Generated by Type     : Not applicable or not available
    Message               : "TESS_HTS_v17.2.01_64.dll" was found but did not contain any components from the input file.
 
*** Notice at time        :         0.000000
    Generated by Unit     : Not applicable or not available
    Generated by Type     : Not applicable or not available
    Message               : The following Types were loaded from "TESS_HVAC_v17.2.01_64.dll": Type954
 
*** Notice at time        :         0.000000
    Generated by Unit     : Not applicable or not available
    Generated by Type     : Not applicable or not available
    Message               : "TESS_Hydronics_v17.2.01_64.dll" was found but did not contain any components from the input file.
 
*** Notice at time        :         0.000000
    Generated by Unit     : Not applicable or not available
    Generated by Type     : Not applicable or not available
    Message               : "TESS_LoadsStructures_v17.2.01_64.dll" was found but did not contain any components from the input file.
 
*** Notice at time        :         0.000000
    Generated by Unit     : Not applicable or not available
    Generated by Type     : Not applicable or not available
    Message               : "TESS_Optimization_v17.2.01_64.dll" was found but did not contain any components from the input file.
 
*** Notice at time        :         0.000000
    Generated by Unit     : Not applicable or not available
    Generated by Type     : Not applicable or not available
    Message               : "TESS_Solar_v17.2.01_64.dll" was found but did not contain any components from the input file.
 
*** Notice at time        :         0.000000
    Generated by Unit     : Not applicable or not available
    Generated by Type     : Not applicable or not available
    Message               : "TESS_Storage_v17.2.01_64.dll" was found but did not contain any components from the input file.
 
*** Notice at time        :         0.000000
    Generated by Unit     : Not applicable or not available
    Generated by Type     : Not applicable or not available
    Message               : "TESS_Type1334_ReleaseVersion_64Bit.dll" was found but did not contain any components from the input file.
 
*** Notice at time        :         0.000000
    Generated by Unit     : Not applicable or not available
    Generated by Type     : Not applicable or not available
    Message               : "TESS_Utility_v17.2.01_64.dll" was found but did not contain any components from the input file.
 
*** Notice at time        :         0.000000
    Generated by Unit     : Not applicable or not available
    Generated by Type     : Not applicable or not available
    Message               : "Type159.dll" was found but did not contain any components from the input file.
 
*** Notice at time        :         0.000000
    Generated by Unit     : Not applicable or not available
    Generated by Type     : Not applicable or not available
    Message               : "Type169.dll" was found but did not contain any components from the input file.
 
*** Notice at time        :         0.000000
    Generated by Unit     : Not applicable or not available
    Generated by Type     : Not applicable or not available
    Message               : "Type210.dll" was found but did not contain any components from the input file.
 
*** Notice at time        :         0.000000
    Generated by Unit     : Not applicable or not available
    Generated by Type     : Not applicable or not available
    Message               : "Type225Lib.dll" was found but did not contain any components from the input file.
 
*** Notice at time        :         0.000000
    Generated by Unit     : Not applicable or not available
    Generated by Type     : Not applicable or not available
    Message               : "Type227Lib.dll" was found but did not contain any components from the input file.
 
*** Notice at time        :         0.000000
    Generated by Unit     : Not applicable or not available
    Generated by Type     : Not applicable or not available
    Message               : "Type270Lib.dll" was found but did not contain any components from the input file.
 
*** Notice at time        :         0.000000
    Generated by Unit     : Not applicable or not available
    Generated by Type     : Not applicable or not available
    Message               : The following Types were loaded from "Type56_x64.dll": Type56
 
*** Notice at time        :         0.000000
    Generated by Unit     : Not applicable or not available
    Generated by Type     : Not applicable or not available
    Message               : "Type76Lib64.dll" was found but did not contain any components from the input file.
 
*** Notice at time        :         0.000000
    Generated by Unit     : Not applicable or not available
    Generated by Type     : Not applicable or not available
    Message               : "Type82Lib64.dll" was found but did not contain any components from the input file.
 
*** Notice at time        :         0.000000
    Generated by Unit     : Not applicable or not available
    Generated by Type     : Not applicable or not available
    TRNSYS Message    199 : TRNSYS found at least one user DLL in the UserLib directory. (Note: Only DLL's including Types that are used in the simulation are loaded)
    Reported information  : 2 user DLLs were loaded after searching in "D:\Trnsys18\T\TRNSYS18\UserLib\ReleaseDLLs"
 
*** Notice at time        :      3216.000000
    Generated by Unit     :    56
    Generated by Type     :    56
    Message               : Star network calculation: only at simulation start
 
*** Warning at time       :      3216.000000
    Generated by Unit     :   166
    Generated by Type     :    65
    Message               : Only 10 online plots may be active during a simulation. The first 10 online plots will be displayed. To show other plots "Shut off" online plotter(s) that should not be displayed.
 
*** Warning at time       :      3254.250000
    Generated by Unit     :    71
    Generated by Type     :   954
    Message               : The referenced UNIT has called the PSYCHROMETRICS routine one or more times during the simulation with an enthalpy greater than that for saturated air at the given dry bulb temperature. The air was assumed saturated and the enthalpy set for this condition.
 
*** Warning at time       :      3258.250000
    Generated by Unit     : Not applicable or not available
    Generated by Type     : Not applicable or not available
    TRNSYS Message    441 : The inputs to the listed units have not converged at this timestep. The values at the last iteration will be used and the simulation will proceed.
    Reported information  : UNITS: 56  30  32  36
 
*** Warning at time       :      3259.000000
    Generated by Unit     : Not applicable or not available
    Generated by Type     : Not applicable or not available
    TRNSYS Message    441 : The inputs to the listed units have not converged at this timestep. The values at the last iteration will be used and the simulation will proceed.
    Reported information  : UNITS: 56  30  32  36  42  53  65
 
*** Warning at time       :      3259.250000
    Generated by Unit     : Not applicable or not available
    Generated by Type     : Not applicable or not available
    TRNSYS Message    441 : The inputs to the listed units have not converged at this timestep. The values at the last iteration will be used and the simulation will proceed.
    Reported information  : UNITS: 56  30  32  36  42  53  65
 
*** Warning at time       :      3276.000000
    Generated by Unit     : Not applicable or not available
    Generated by Type     : Not applicable or not available
    TRNSYS Message    441 : The inputs to the listed units have not converged at this timestep. The values at the last iteration will be used and the simulation will proceed.
    Reported information  : UNITS: 56  30  32  36  42  53  65
 
*** Warning at time       :      3276.250000
    Generated by Unit     : Not applicable or not available
    Generated by Type     : Not applicable or not available
    TRNSYS Message    441 : The inputs to the listed units have not converged at this timestep. The values at the last iteration will be used and the simulation will proceed.
    Reported information  : UNITS: 56  30  32  36  37  38  39  40  42  43  44  45  46  48  49  50  51  53  54  55  57  58  60  61  62  63  65  66  67  68  69
 
*** Warning at time       :      3276.500000
    Generated by Unit     : Not applicable or not available
    Generated by Type     : Not applicable or not available
    TRNSYS Message    441 : The inputs to the listed units have not converged at this timestep. The values at the last iteration will be used and the simulation will proceed.
    Reported information  : UNITS: 56  37  38  39  40  43  44  45  46  48  49  50  51  54  55  57  58  60  61  62  63  66  67  68  69
 
*** Warning at time       :      3277.250000
    Generated by Unit     : Not applicable or not available
    Generated by Type     : Not applicable or not available
    TRNSYS Message    441 : The inputs to the listed units have not converged at this timestep. The values at the last iteration will be used and the simulation will proceed.
    Reported information  : UNITS: 56  41  47  52  59  64  70
 
*** Warning at time       :      3277.500000
    Generated by Unit     : Not applicable or not available
    Generated by Type     : Not applicable or not available
    TRNSYS Message    441 : The inputs to the listed units have not converged at this timestep. The values at the last iteration will be used and the simulation will proceed.
    Reported information  : UNITS: 56  41  45  47  52  57  59  64  68  70
 
*** Warning at time       :      3277.750000
    Generated by Unit     : Not applicable or not available
    Generated by Type     : Not applicable or not available
    TRNSYS Message    441 : The inputs to the listed units have not converged at this timestep. The values at the last iteration will be used and the simulation will proceed.
    Reported information  : UNITS: 56  30  32  36  42  45  53  57  65  68
 
*** Warning at time       :      3278.000000
    Generated by Unit     :    78
    Generated by Type     :   954
    Message               : The referenced UNIT has called the PSYCHROMETRICS routine one or more times during the simulation with an enthalpy greater than that for saturated air at the given dry bulb temperature. The air was assumed saturated and the enthalpy set for this condition.
 
*** Warning at time       :      3278.000000
    Generated by Unit     :    83
    Generated by Type     :   954
    Message               : The referenced UNIT has called the PSYCHROMETRICS routine one or more times during the simulation with an enthalpy greater than that for saturated air at the given dry bulb temperature. The air was assumed saturated and the enthalpy set for this condition.
 
*** Warning at time       :      3278.000000
    Generated by Unit     : Not applicable or not available
    Generated by Type     : Not applicable or not available
    TRNSYS Message    441 : The inputs to the listed units have not converged at this timestep. The values at the last iteration will be used and the simulation will proceed.
    Reported information  : UNITS: 56  37  38  39  40  43  44  46  48  49  50  51  54  55  58  60  61  62  63  66  67  69
 
*** Warning at time       :      3278.250000
    Generated by Unit     :    79
    Generated by Type     :   954
    Message               : The referenced UNIT has called the PSYCHROMETRICS routine one or more times during the simulation with an enthalpy greater than that for saturated air at the given dry bulb temperature. The air was assumed saturated and the enthalpy set for this condition.
 
*** Warning at time       :      3278.250000
    Generated by Unit     :    80
    Generated by Type     :   954
    Message               : The referenced UNIT has called the PSYCHROMETRICS routine one or more times during the simulation with an enthalpy greater than that for saturated air at the given dry bulb temperature. The air was assumed saturated and the enthalpy set for this condition.
 
*** Warning at time       :      3278.250000
    Generated by Unit     :    81
    Generated by Type     :   954
    Message               : The referenced UNIT has called the PSYCHROMETRICS routine one or more times during the simulation with an enthalpy greater than that for saturated air at the given dry bulb temperature. The air was assumed saturated and the enthalpy set for this condition.
 
*** Warning at time       :      3278.250000
    Generated by Unit     :    84
    Generated by Type     :   954
    Message               : The referenced UNIT has called the PSYCHROMETRICS routine one or more times during the simulation with an enthalpy greater than that for saturated air at the given dry bulb temperature. The air was assumed saturated and the enthalpy set for this condition.
 
*** Warning at time       :      3278.250000
    Generated by Unit     : Not applicable or not available
    Generated by Type     : Not applicable or not available
    Message               : More than 7 UNITS have called the PSYCHROMETRICS routine one or more times during the simulation with an enthalpy greater than that for saturated air at the given dry bulb temperature. The air was assumed saturated and the enthalpy set for this condition.
 
*** Warning at time       :      3278.500000
    Generated by Unit     : Not applicable or not available
    Generated by Type     : Not applicable or not available
    TRNSYS Message    441 : The inputs to the listed units have not converged at this timestep. The values at the last iteration will be used and the simulation will proceed.
    Reported information  : UNITS: 56  45  57  68
 
*** Warning at time       :      3278.750000
    Generated by Unit     : Not applicable or not available
    Generated by Type     : Not applicable or not available
    TRNSYS Message    441 : The inputs to the listed units have not converged at this timestep. The values at the last iteration will be used and the simulation will proceed.
    Reported information  : UNITS: 56  41  45  47  52  57  59  64  68  70
 
*** Warning at time       :      3279.500000
    Generated by Unit     : Not applicable or not available
    Generated by Type     : Not applicable or not available
    TRNSYS Message    441 : The inputs to the listed units have not converged at this timestep. The values at the last iteration will be used and the simulation will proceed.
    Reported information  : UNITS: 56  30  32  36  42  53  65
 
*** Warning at time       :      3279.750000
    Generated by Unit     : Not applicable or not available
    Generated by Type     : Not applicable or not available
    TRNSYS Message    441 : The inputs to the listed units have not converged at this timestep. The values at the last iteration will be used and the simulation will proceed.
    Reported information  : UNITS: 56  37  38  39  40  43  44  45  46  48  49  50  51  54  55  57  58  60  61  62  63  66  67  68  69
 
*** Warning at time       :      3280.500000
    Generated by Unit     : Not applicable or not available
    Generated by Type     : Not applicable or not available
    TRNSYS Message    441 : The inputs to the listed units have not converged at this timestep. The values at the last iteration will be used and the simulation will proceed.
    Reported information  : UNITS: 56  41  47  52  59  64  70
 
*** Warning at time       :      3280.750000
    Generated by Unit     : Not applicable or not available
    Generated by Type     : Not applicable or not available
    TRNSYS Message    441 : The inputs to the listed units have not converged at this timestep. The values at the last iteration will be used and the simulation will proceed.
    Reported information  : UNITS: 56  45  57  68
 
*** Warning at time       :      3281.250000
    Generated by Unit     : Not applicable or not available
    Generated by Type     : Not applicable or not available
    TRNSYS Message    441 : The inputs to the listed units have not converged at this timestep. The values at the last iteration will be used and the simulation will proceed.
    Reported information  : UNITS: 56  30  32  36  42  53  65
 
*** Warning at time       :      3281.500000
    Generated by Unit     : Not applicable or not available
    Generated by Type     : Not applicable or not available
    TRNSYS Message    441 : The inputs to the listed units have not converged at this timestep. The values at the last iteration will be used and the simulation will proceed.
    Reported information  : UNITS: 56  37  38  39  40  43  44  46  48  49  50  51  54  55  58  60  61  62  63  66  67  69
 
*** Warning at time       :      3281.750000
    Generated by Unit     : Not applicable or not available
    Generated by Type     : Not applicable or not available
    TRNSYS Message    441 : The inputs to the listed units have not converged at this timestep. The values at the last iteration will be used and the simulation will proceed.
    Reported information  : UNITS: 56  45  57  68
 
*** Warning at time       :      3282.250000
    Generated by Unit     : Not applicable or not available
    Generated by Type     : Not applicable or not available
    TRNSYS Message    441 : The inputs to the listed units have not converged at this timestep. The values at the last iteration will be used and the simulation will proceed.
    Reported information  : UNITS: 56  41  47  52  59  64  70
 
*** Warning at time       :      3282.750000
    Generated by Unit     : Not applicable or not available
    Generated by Type     : Not applicable or not available
    TRNSYS Message    441 : The inputs to the listed units have not converged at this timestep. The values at the last iteration will be used and the simulation will proceed.
    Reported information  : UNITS: 56  45  57  68
 
*** Warning at time       :      3283.000000
    Generated by Unit     : Not applicable or not available
    Generated by Type     : Not applicable or not available
    TRNSYS Message    441 : The inputs to the listed units have not converged at this timestep. The values at the last iteration will be used and the simulation will proceed.
    Reported information  : UNITS: 56  30  32  36  42  53  65
 
*** Warning at time       :      3283.250000
    Generated by Unit     : Not applicable or not available
    Generated by Type     : Not applicable or not available
    TRNSYS Message    441 : The inputs to the listed units have not converged at this timestep. The values at the last iteration will be used and the simulation will proceed.
    Reported information  : UNITS: 56  37  38  39  40  43  44  46  48  49  50  51  54  55  58  60  61  62  63  66  67  69
 
*** Warning at time       :      3283.750000
    Generated by Unit     : Not applicable or not available
    Generated by Type     : Not applicable or not available
    TRNSYS Message    441 : The inputs to the listed units have not converged at this timestep. The values at the last iteration will be used and the simulation will proceed.
    Reported information  : UNITS: 56  45  57  68
 
*** Warning at time       :      3284.000000
    Generated by Unit     : Not applicable or not available
    Generated by Type     : Not applicable or not available
    TRNSYS Message    441 : The inputs to the listed units have not converged at this timestep. The values at the last iteration will be used and the simulation will proceed.
    Reported information  : UNITS: 56  41  47  52  59  64  70
 
*** Warning at time       :      3284.750000
    Generated by Unit     : Not applicable or not available
    Generated by Type     : Not applicable or not available
    TRNSYS Message    441 : The inputs to the listed units have not converged at this timestep. The values at the last iteration will be used and the simulation will proceed.
    Reported information  : UNITS: 56  30  32  36  42  45  53  57  65  68
 
*** Warning at time       :      3285.000000
    Generated by Unit     : Not applicable or not available
    Generated by Type     : Not applicable or not available
    TRNSYS Message    441 : The inputs to the listed units have not converged at this timestep. The values at the last iteration will be used and the simulation will proceed.
    Reported information  : UNITS: 56  37  38  39  40  43  44  46  48  49  50  51  54  55  58  60  61  62  63  66  67  69
 
*** Warning at time       :      3299.250000
    Generated by Unit     : Not applicable or not available
    Generated by Type     : Not applicable or not available
    TRNSYS Message    441 : The inputs to the listed units have not converged at this timestep. The values at the last iteration will be used and the simulation will proceed.
    Reported information  : UNITS: 56  37  38  39  40  43  44  45  46  48  49  50  51  54  55  57  58  60  61  62  63  66  67  68  69
 
*** Warning at time       :      3299.500000
    Generated by Unit     : Not applicable or not available
    Generated by Type     : Not applicable or not available
    TRNSYS Message    441 : The inputs to the listed units have not converged at this timestep. The values at the last iteration will be used and the simulation will proceed.
    Reported information  : UNITS: 56  30  32  36  41  42  47  52  53  59  64  65  70
 
*** Warning at time       :      3299.750000
    Generated by Unit     : Not applicable or not available
    Generated by Type     : Not applicable or not available
    TRNSYS Message    441 : The inputs to the listed units have not converged at this timestep. The values at the last iteration will be used and the simulation will proceed.
    Reported information  : UNITS: 56  41  47  52  59  64  70
 
*** Warning at time       :      3300.500000
    Generated by Unit     : Not applicable or not available
    Generated by Type     : Not applicable or not available
    TRNSYS Message    441 : The inputs to the listed units have not converged at this timestep. The values at the last iteration will be used and the simulation will proceed.
    Reported information  : UNITS: 56  45  57  68
 
*** Warning at time       :      3301.500000
    Generated by Unit     : Not applicable or not available
    Generated by Type     : Not applicable or not available
    TRNSYS Message    441 : The inputs to the listed units have not converged at this timestep. The values at the last iteration will be used and the simulation will proceed.
    Reported information  : UNITS: 56  37  38  39  40  43  44  46  48  49  50  51  54  55  58  60  61  62  63  66  67  69
 
*** Warning at time       :      3301.750000
    Generated by Unit     : Not applicable or not available
    Generated by Type     : Not applicable or not available
    TRNSYS Message    441 : The inputs to the listed units have not converged at this timestep. The values at the last iteration will be used and the simulation will proceed.
    Reported information  : UNITS: 56  30  32  36  41  42  47  52  53  59  64  65  70
 
*** Warning at time       :      3302.000000
    Generated by Unit     : Not applicable or not available
    Generated by Type     : Not applicable or not available
    TRNSYS Message    441 : The inputs to the listed units have not converged at this timestep. The values at the last iteration will be used and the simulation will proceed.
    Reported information  : UNITS: 56  45  57  68
 
*** Warning at time       :      3303.500000
    Generated by Unit     : Not applicable or not available
    Generated by Type     : Not applicable or not available
    TRNSYS Message    441 : The inputs to the listed units have not converged at this timestep. The values at the last iteration will be used and the simulation will proceed.
    Reported information  : UNITS: 56  45  57  68
 
*** Warning at time       :      3303.750000
    Generated by Unit     : Not applicable or not available
    Generated by Type     : Not applicable or not available
    TRNSYS Message    441 : The inputs to the listed units have not converged at this timestep. The values at the last iteration will be used and the simulation will proceed.
    Reported information  : UNITS: 56  38  39  40  44  46  49  50  51  55  58  61  62  63  67  69
 
*** Warning at time       :      3304.000000
    Generated by Unit     : Not applicable or not available
    Generated by Type     : Not applicable or not available
    TRNSYS Message    441 : The inputs to the listed units have not converged at this timestep. The values at the last iteration will be used and the simulation will proceed.
    Reported information  : UNITS: 56  41  47  52  59  64  70
 
*** Warning at time       :      3305.000000
    Generated by Unit     : Not applicable or not available
    Generated by Type     : Not applicable or not available
    TRNSYS Message    441 : The inputs to the listed units have not converged at this timestep. The values at the last iteration will be used and the simulation will proceed.
    Reported information  : UNITS: 56  45  57  68
 
*** Warning at time       :      3306.000000
    Generated by Unit     : Not applicable or not available
    Generated by Type     : Not applicable or not available
    TRNSYS Message    441 : The inputs to the listed units have not converged at this timestep. The values at the last iteration will be used and the simulation will proceed.
    Reported information  : UNITS: 56  37  38  39  40  41  44  46  47  48  49  50  51  52  55  58  59  60  61  62  63  64  67  69  70
 
*** Warning at time       :      3306.250000
    Generated by Unit     : Not applicable or not available
    Generated by Type     : Not applicable or not available
    TRNSYS Message    441 : The inputs to the listed units have not converged at this timestep. The values at the last iteration will be used and the simulation will proceed.
    Reported information  : UNITS: 56  45  57  68
 
*** Warning at time       :      3306.750000
    Generated by Unit     : Not applicable or not available
    Generated by Type     : Not applicable or not available
    TRNSYS Message    441 : The inputs to the listed units have not converged at this timestep. The values at the last iteration will be used and the simulation will proceed.
    Reported information  : UNITS: 56  42  53  65
 
*** Warning at time       :      3307.000000
    Generated by Unit     : Not applicable or not available
    Generated by Type     : Not applicable or not available
    TRNSYS Message    441 : The inputs to the listed units have not converged at this timestep. The values at the last iteration will be used and the simulation will proceed.
    Reported information  : UNITS: 56  30  32  36
 
*** Warning at time       :      3307.500000
    Generated by Unit     : Not applicable or not available
    Generated by Type     : Not applicable or not available
    TRNSYS Message    441 : The inputs to the listed units have not converged at this timestep. The values at the last iteration will be used and the simulation will proceed.
    Reported information  : UNITS: 56  43  45  54  57  66  68
 
*** Warning at time       :      3308.000000
    Generated by Unit     : Not applicable or not available
    Generated by Type     : Not applicable or not available
    TRNSYS Message    441 : The inputs to the listed units have not converged at this timestep. The values at the last iteration will be used and the simulation will proceed.
    Reported information  : UNITS: 56  37  38  39  40  41  44  46  47  48  49  50  51  52  55  58  59  60  61  62  63  64  67  69  70
 
*** Warning at time       :      3308.750000
    Generated by Unit     : Not applicable or not available
    Generated by Type     : Not applicable or not available
    TRNSYS Message    441 : The inputs to the listed units have not converged at this timestep. The values at the last iteration will be used and the simulation will proceed.
    Reported information  : UNITS: 56  42  45  53  57  65  68
 
*** Warning at time       :      3309.000000
    Generated by Unit     : Not applicable or not available
    Generated by Type     : Not applicable or not available
    TRNSYS Message    441 : The inputs to the listed units have not converged at this timestep. The values at the last iteration will be used and the simulation will proceed.
    Reported information  : UNITS: 56  30  32  36
 
*** Warning at time       :      3309.500000
    Generated by Unit     : Not applicable or not available
    Generated by Type     : Not applicable or not available
    TRNSYS Message    441 : The inputs to the listed units have not converged at this timestep. The values at the last iteration will be used and the simulation will proceed.
    Reported information  : UNITS: 56  43  54  66
 
*** Warning at time       :      3369.750000
    Generated by Unit     : Not applicable or not available
    Generated by Type     : Not applicable or not available
    TRNSYS Message    441 : The inputs to the listed units have not converged at this timestep. The values at the last iteration will be used and the simulation will proceed.
    Reported information  : UNITS: 56  42  53  65
 
*** Warning at time       :      3370.000000
    Generated by Unit     : Not applicable or not available
    Generated by Type     : Not applicable or not available
    TRNSYS Message    441 : The inputs to the listed units have not converged at this timestep. The values at the last iteration will be used and the simulation will proceed.
    Reported information  : UNITS: 56  30  32  36  37  38  39  40  41  42  43  44  45  46  47  48  49  50  51  52  53  54  55  57  58  59  60  61  62  63  64  65  66  67  68  69  70
 
*** Warning at time       :      3370.250000
    Generated by Unit     : Not applicable or not available
    Generated by Type     : Not applicable or not available
    TRNSYS Message    441 : The inputs to the listed units have not converged at this timestep. The values at the last iteration will be used and the simulation will proceed.
    Reported information  : UNITS: 56  30  32  36  37  38  39  40  41  43  44  45  46  47  48  49  50  51  52  54  55  57  58  59  60  61  62  63  64  66  67  68  69  70
 
*** Warning at time       :      3370.750000
    Generated by Unit     : Not applicable or not available
    Generated by Type     : Not applicable or not available
    TRNSYS Message    441 : The inputs to the listed units have not converged at this timestep. The values at the last iteration will be used and the simulation will proceed.
    Reported information  : UNITS: 56  42  53  65
 
*** Warning at time       :      3371.000000
    Generated by Unit     : Not applicable or not available
    Generated by Type     : Not applicable or not available
    TRNSYS Message    441 : The inputs to the listed units have not converged at this timestep. The values at the last iteration will be used and the simulation will proceed.
    Reported information  : UNITS: 56  30  32  36  37  38  39  40  41  42  43  44  45  46  47  48  49  50  51  52  53  54  55  57  58  59  60  61  62  63  64  65  66  67  68  69  70
 
*** Warning at time       :      3371.250000
    Generated by Unit     : Not applicable or not available
    Generated by Type     : Not applicable or not available
    TRNSYS Message    441 : The inputs to the listed units have not converged at this timestep. The values at the last iteration will be used and the simulation will proceed.
    Reported information  : UNITS: 56  30  32  36  37  38  39  40  41  43  44  45  46  47  48  49  50  51  52  54  55  57  58  59  60  61  62  63  64  66  67  68  69  70
 
*** Warning at time       :      3371.750000
    Generated by Unit     : Not applicable or not available
    Generated by Type     : Not applicable or not available
    TRNSYS Message    441 : The inputs to the listed units have not converged at this timestep. The values at the last iteration will be used and the simulation will proceed.
    Reported information  : UNITS: 56  42  53  65
 
*** Warning at time       :      3372.000000
    Generated by Unit     : Not applicable or not available
    Generated by Type     : Not applicable or not available
    TRNSYS Message    441 : The inputs to the listed units have not converged at this timestep. The values at the last iteration will be used and the simulation will proceed.
    Reported information  : UNITS: 56  30  32  36  37  38  39  40  41  42  43  44  45  46  47  48  49  50  51  52  53  54  55  57  58  59  60  61  62  63  64  65  66  67  68  69  70
 
*** Warning at time       :      3372.250000
    Generated by Unit     : Not applicable or not available
    Generated by Type     : Not applicable or not available
    TRNSYS Message    441 : The inputs to the listed units have not converged at this timestep. The values at the last iteration will be used and the simulation will proceed.
    Reported information  : UNITS: 56  30  32  36  37  38  39  40  41  43  44  45  46  47  48  49  50  51  52  54  55  57  58  59  60  61  62  63  64  66  67  68  69  70
 
*** Warning at time       :      3372.750000
    Generated by Unit     : Not applicable or not available
    Generated by Type     : Not applicable or not available
    TRNSYS Message    441 : The inputs to the listed units have not converged at this timestep. The values at the last iteration will be used and the simulation will proceed.
    Reported information  : UNITS: 56  42  53  65
 
*** Warning at time       :      3373.000000
    Generated by Unit     : Not applicable or not available
    Generated by Type     : Not applicable or not available
    TRNSYS Message    441 : The inputs to the listed units have not converged at this timestep. The values at the last iteration will be used and the simulation will proceed.
    Reported information  : UNITS: 56  30  32  36  37  38  39  40  41  42  43  44  45  46  47  48  49  50  51  52  53  54  55  57  58  59  60  61  62  63  64  65  66  67  68  69  70
 
*** Warning at time       :      3373.250000
    Generated by Unit     : Not applicable or not available
    Generated by Type     : Not applicable or not available
    TRNSYS Message    441 : The inputs to the listed units have not converged at this timestep. The values at the last iteration will be used and the simulation will proceed.
    Reported information  : UNITS: 56  30  32  36  37  38  39  40  41  43  44  45  46  47  48  49  50  51  52  54  55  57  58  59  60  61  62  63  64  66  67  68  69  70
 
*** Warning at time       :      3373.750000
    Generated by Unit     : Not applicable or not available
    Generated by Type     : Not applicable or not available
    TRNSYS Message    441 : The inputs to the listed units have not converged at this timestep. The values at the last iteration will be used and the simulation will proceed.
    Reported information  : UNITS: 56  42  45  53  57  65  68
 
*** Warning at time       :      3374.000000
    Generated by Unit     : Not applicable or not available
    Generated by Type     : Not applicable or not available
    TRNSYS Message    441 : The inputs to the listed units have not converged at this timestep. The values at the last iteration will be used and the simulation will proceed.
    Reported information  : UNITS: 56  30  32  36  37  38  39  40  41  43  44  45  46  47  48  49  50  51  52  54  55  57  58  59  60  61  62  63  64  66  67  68  69  70
 
*** Warning at time       :      3374.250000
    Generated by Unit     : Not applicable or not available
    Generated by Type     : Not applicable or not available
    TRNSYS Message    441 : The inputs to the listed units have not converged at this timestep. The values at the last iteration will be used and the simulation will proceed.
    Reported information  : UNITS: 56  30  32  36  37  38  39  40  41  43  44  46  48  49  50  51  52  54  55  58  60  61  62  63  64  66  67  69
 
*** Warning at time       :      3374.500000
    Generated by Unit     : Not applicable or not available
    Generated by Type     : Not applicable or not available
    TRNSYS Message    441 : The inputs to the listed units have not converged at this timestep. The values at the last iteration will be used and the simulation will proceed.
    Reported information  : UNITS: 56  45  57  68
 
*** Warning at time       :      3374.750000
    Generated by Unit     : Not applicable or not available
    Generated by Type     : Not applicable or not available
    TRNSYS Message    441 : The inputs to the listed units have not converged at this timestep. The values at the last iteration will be used and the simulation will proceed.
    Reported information  : UNITS: 56  42  45  53  57  65  68
 
*** Warning at time       :      3375.000000
    Generated by Unit     : Not applicable or not available
    Generated by Type     : Not applicable or not available
    TRNSYS Message    441 : The inputs to the listed units have not converged at this timestep. The values at the last iteration will be used and the simulation will proceed.
    Reported information  : UNITS: 56  30  32  36  37  38  39  40  41  43  44  46  47  48  49  50  51  52  54  55  58  59  60  61  62  63  64  66  67  69  70
 
*** Warning at time       :      3375.250000
    Generated by Unit     : Not applicable or not available
    Generated by Type     : Not applicable or not available
    TRNSYS Message    441 : The inputs to the listed units have not converged at this timestep. The values at the last iteration will be used and the simulation will proceed.
    Reported information  : UNITS: 56  45  57  68
 
*** Warning at time       :      3375.500000
    Generated by Unit     : Not applicable or not available
    Generated by Type     : Not applicable or not available
    TRNSYS Message    441 : The inputs to the listed units have not converged at this timestep. The values at the last iteration will be used and the simulation will proceed.
    Reported information  : UNITS: 56  45  57  68
 
*** Warning at time       :      3375.750000
    Generated by Unit     : Not applicable or not available
    Generated by Type     : Not applicable or not available
    TRNSYS Message    441 : The inputs to the listed units have not converged at this timestep. The values at the last iteration will be used and the simulation will proceed.
    Reported information  : UNITS: 56  47  59  70
 
*** Warning at time       :      3376.000000
    Generated by Unit     : Not applicable or not available
    Generated by Type     : Not applicable or not available
    TRNSYS Message    441 : The inputs to the listed units have not converged at this timestep. The values at the last iteration will be used and the simulation will proceed.
    Reported information  : UNITS: 56  41  45  52  57  64  68
 
*** Warning at time       :      3376.250000
    Generated by Unit     : Not applicable or not available
    Generated by Type     : Not applicable or not available
    TRNSYS Message    441 : The inputs to the listed units have not converged at this timestep. The values at the last iteration will be used and the simulation will proceed.
    Reported information  : UNITS: 56  45  57  68
 
*** Warning at time       :      3376.500000
    Generated by Unit     : Not applicable or not available
    Generated by Type     : Not applicable or not available
    TRNSYS Message    441 : The inputs to the listed units have not converged at this timestep. The values at the last iteration will be used and the simulation will proceed.
    Reported information  : UNITS: 56  42  53  65
 
*** Warning at time       :      3376.750000
    Generated by Unit     : Not applicable or not available
    Generated by Type     : Not applicable or not available
    TRNSYS Message    441 : The inputs to the listed units have not converged at this timestep. The values at the last iteration will be used and the simulation will proceed.
    Reported information  : UNITS: 56  30  32  36  37  38  39  40  41  43  44  45  46  47  48  49  50  51  52  54  55  57  58  59  60  61  62  63  64  66  67  68  69  70
 
*** Warning at time       :      3377.000000
    Generated by Unit     : Not applicable or not available
    Generated by Type     : Not applicable or not available
    TRNSYS Message    441 : The inputs to the listed units have not converged at this timestep. The values at the last iteration will be used and the simulation will proceed.
    Reported information  : UNITS: 56  45  57  68
 
*** Warning at time       :      3377.500000
    Generated by Unit     : Not applicable or not available
    Generated by Type     : Not applicable or not available
    TRNSYS Message    441 : The inputs to the listed units have not converged at this timestep. The values at the last iteration will be used and the simulation will proceed.
    Reported information  : UNITS: 56  45  47  57  59  68  70
 
*** Warning at time       :      3377.750000
    Generated by Unit     : Not applicable or not available
    Generated by Type     : Not applicable or not available
    TRNSYS Message    441 : The inputs to the listed units have not converged at this timestep. The values at the last iteration will be used and the simulation will proceed.
    Reported information  : UNITS: 56  41  45  52  57  64  68
 
*** Warning at time       :      3378.250000
    Generated by Unit     : Not applicable or not available
    Generated by Type     : Not applicable or not available
    TRNSYS Message    441 : The inputs to the listed units have not converged at this timestep. The values at the last iteration will be used and the simulation will proceed.
    Reported information  : UNITS: 56  45  57  68
 
*** Warning at time       :      3378.500000
    Generated by Unit     : Not applicable or not available
    Generated by Type     : Not applicable or not available
    TRNSYS Message    441 : The inputs to the listed units have not converged at this timestep. The values at the last iteration will be used and the simulation will proceed.
    Reported information  : UNITS: 56  38  39  40  41  44  45  46  47  49  50  51  52  55  57  58  59  61  62  63  64  67  68  69  70
 
*** Warning at time       :      3379.000000
    Generated by Unit     : Not applicable or not available
    Generated by Type     : Not applicable or not available
    TRNSYS Message    441 : The inputs to the listed units have not converged at this timestep. The values at the last iteration will be used and the simulation will proceed.
    Reported information  : UNITS: 56  42  45  53  57  65  68
 
*** Warning at time       :      3379.250000
    Generated by Unit     : Not applicable or not available
    Generated by Type     : Not applicable or not available
    TRNSYS Message    441 : The inputs to the listed units have not converged at this timestep. The values at the last iteration will be used and the simulation will proceed.
    Reported information  : UNITS: 56  30  32  36  37  38  39  40  41  43  44  45  46  47  48  49  50  51  52  54  55  57  58  59  60  61  62  63  64  66  67  68  69  70
 
*** Warning at time       :      3379.750000
    Generated by Unit     : Not applicable or not available
    Generated by Type     : Not applicable or not available
    TRNSYS Message    441 : The inputs to the listed units have not converged at this timestep. The values at the last iteration will be used and the simulation will proceed.
    Reported information  : UNITS: 56  45  57  68
 
*** Warning at time       :      3380.000000
    Generated by Unit     : Not applicable or not available
    Generated by Type     : Not applicable or not available
    TRNSYS Message    441 : The inputs to the listed units have not converged at this timestep. The values at the last iteration will be used and the simulation will proceed.
    Reported information  : UNITS: 56  41  45  47  52  57  59  64  68  70
 
*** Warning at time       :      3380.500000
    Generated by Unit     : Not applicable or not available
    Generated by Type     : Not applicable or not available
    TRNSYS Message    441 : The inputs to the listed units have not converged at this timestep. The values at the last iteration will be used and the simulation will proceed.
    Reported information  : UNITS: 56  42  45  53  57  65  68
 
*** Warning at time       :      3380.750000
    Generated by Unit     : Not applicable or not available
    Generated by Type     : Not applicable or not available
    TRNSYS Message    441 : The inputs to the listed units have not converged at this timestep. The values at the last iteration will be used and the simulation will proceed.
    Reported information  : UNITS: 56  30  32  36  37  38  39  40  41  42  43  44  45  46  48  49  50  51  52  53  54  55  57  58  60  61  62  63  64  65  66  67  68  69
 
*** Warning at time       :      3381.000000
    Generated by Unit     : Not applicable or not available
    Generated by Type     : Not applicable or not available
    TRNSYS Message    441 : The inputs to the listed units have not converged at this timestep. The values at the last iteration will be used and the simulation will proceed.
    Reported information  : UNITS: 56  30  32  36  37  38  39  40  43  44  46  47  48  49  50  51  54  55  58  59  60  61  62  63  66  67  69  70
 
*** Warning at time       :      3381.250000
    Generated by Unit     : Not applicable or not available
    Generated by Type     : Not applicable or not available
    TRNSYS Message    441 : The inputs to the listed units have not converged at this timestep. The values at the last iteration will be used and the simulation will proceed.
    Reported information  : UNITS: 56  45  57  68
 
*** Warning at time       :      3381.500000
    Generated by Unit     : Not applicable or not available
    Generated by Type     : Not applicable or not available
    TRNSYS Message    441 : The inputs to the listed units have not converged at this timestep. The values at the last iteration will be used and the simulation will proceed.
    Reported information  : UNITS: 56  41  42  45  52  53  57  64  65  68
 
*** Warning at time       :      3381.750000
    Generated by Unit     : Not applicable or not available
    Generated by Type     : Not applicable or not available
    TRNSYS Message    441 : The inputs to the listed units have not converged at this timestep. The values at the last iteration will be used and the simulation will proceed.
    Reported information  : UNITS: 56  30  32  36
 
*** Warning at time       :      3393.750000
    Generated by Unit     : Not applicable or not available
    Generated by Type     : Not applicable or not available
    TRNSYS Message    441 : The inputs to the listed units have not converged at this timestep. The values at the last iteration will be used and the simulation will proceed.
    Reported information  : UNITS: 56  30  32  36  37  38  39  40  41  42  43  44  45  46  47  48  49  50  51  52  53  54  55  57  58  59  60  61  62  63  64  65  66  67  68  69  70
 
*** Warning at time       :      3394.000000
    Generated by Unit     : Not applicable or not available
    Generated by Type     : Not applicable or not available
    TRNSYS Message    441 : The inputs to the listed units have not converged at this timestep. The values at the last iteration will be used and the simulation will proceed.
    Reported information  : UNITS: 56  30  32  36  37  38  39  40  41  42  43  44  45  46  47  48  49  50  51  52  53  54  55  57  58  59  60  61  62  63  64  65  66  67  68  69  70
 
*** Warning at time       :      3394.750000
    Generated by Unit     : Not applicable or not available
    Generated by Type     : Not applicable or not available
    TRNSYS Message    441 : The inputs to the listed units have not converged at this timestep. The values at the last iteration will be used and the simulation will proceed.
    Reported information  : UNITS: 56  30  32  36  37  38  39  40  41  42  43  44  45  46  47  48  49  50  51  52  53  54  55  57  58  59  60  61  62  63  64  65  66  67  68  69  70
 
*** Warning at time       :      3395.000000
    Generated by Unit     : Not applicable or not available
    Generated by Type     : Not applicable or not available
    TRNSYS Message    441 : The inputs to the listed units have not converged at this timestep. The values at the last iteration will be used and the simulation will proceed.
    Reported information  : UNITS: 56  30  32  36  37  38  39  40  41  42  43  44  45  46  47  48  49  50  51  52  53  54  55  57  58  59  60  61  62  63  64  65  66  67  68  69  70
 
*** Warning at time       :      3395.500000
    Generated by Unit     : Not applicable or not available
    Generated by Type     : Not applicable or not available
    TRNSYS Message    441 : The inputs to the listed units have not converged at this timestep. The values at the last iteration will be used and the simulation will proceed.
    Reported information  : UNITS: 56  45  57  68
 
*** Warning at time       :      3395.750000
    Generated by Unit     : Not applicable or not available
    Generated by Type     : Not applicable or not available
    TRNSYS Message    441 : The inputs to the listed units have not converged at this timestep. The values at the last iteration will be used and the simulation will proceed.
    Reported information  : UNITS: 56  30  32  36  37  38  39  40  41  42  43  44  45  46  47  48  49  50  51  52  53  54  55  57  58  59  60  61  62  63  64  65  66  67  68  69  70
 
*** Warning at time       :      3396.000000
    Generated by Unit     : Not applicable or not available
    Generated by Type     : Not applicable or not available
    TRNSYS Message    441 : The inputs to the listed units have not converged at this timestep. The values at the last iteration will be used and the simulation will proceed.
    Reported information  : UNITS: 56  30  32  36  40  41  46  47  51  52  58  59  63  64  69  70
 
*** Warning at time       :      3396.250000
    Generated by Unit     : Not applicable or not available
    Generated by Type     : Not applicable or not available
    TRNSYS Message    441 : The inputs to the listed units have not converged at this timestep. The values at the last iteration will be used and the simulation will proceed.
    Reported information  : UNITS: 56  45  57  68
 
*** Warning at time       :      3396.500000
    Generated by Unit     : Not applicable or not available
    Generated by Type     : Not applicable or not available
    TRNSYS Message    441 : The inputs to the listed units have not converged at this timestep. The values at the last iteration will be used and the simulation will proceed.
    Reported information  : UNITS: 56  37  38  39  42  43  44  45  48  49  50  53  54  55  57  60  61  62  65  66  67  68
 
*** Warning at time       :      3396.750000
    Generated by Unit     : Not applicable or not available
    Generated by Type     : Not applicable or not available
    TRNSYS Message    441 : The inputs to the listed units have not converged at this timestep. The values at the last iteration will be used and the simulation will proceed.
    Reported information  : UNITS: 56  30  32  36  37  38  39  40  41  42  43  44  46  47  48  49  50  51  52  53  54  55  58  59  60  61  62  63  64  65  66  67  69  70
 
*** Warning at time       :      3397.000000
    Generated by Unit     : Not applicable or not available
    Generated by Type     : Not applicable or not available
    TRNSYS Message    441 : The inputs to the listed units have not converged at this timestep. The values at the last iteration will be used and the simulation will proceed.
    Reported information  : UNITS: 56  45  57  68
 
*** Warning at time       :      3397.250000
    Generated by Unit     : Not applicable or not available
    Generated by Type     : Not applicable or not available
    TRNSYS Message    441 : The inputs to the listed units have not converged at this timestep. The values at the last iteration will be used and the simulation will proceed.
    Reported information  : UNITS: 56  45  57  68
 
*** Warning at time       :      3397.750000
    Generated by Unit     : Not applicable or not available
    Generated by Type     : Not applicable or not available
    TRNSYS Message    441 : The inputs to the listed units have not converged at this timestep. The values at the last iteration will be used and the simulation will proceed.
    Reported information  : UNITS: 56  41  45  47  52  57  59  64  68  70
 
*** Warning at time       :      3398.000000
    Generated by Unit     : Not applicable or not available
    Generated by Type     : Not applicable or not available
    TRNSYS Message    441 : The inputs to the listed units have not converged at this timestep. The values at the last iteration will be used and the simulation will proceed.
    Reported information  : UNITS: 56  45  57  68
 
*** Warning at time       :      3398.500000
    Generated by Unit     : Not applicable or not available
    Generated by Type     : Not applicable or not available
    TRNSYS Message    441 : The inputs to the listed units have not converged at this timestep. The values at the last iteration will be used and the simulation will proceed.
    Reported information  : UNITS: 56  30  32  36  37  38  39  40  42  44  45  46  48  49  50  51  53  55  57  58  60  61  62  63  65  67  68  69
 
*** Warning at time       :      3398.750000
    Generated by Unit     : Not applicable or not available
    Generated by Type     : Not applicable or not available
    TRNSYS Message    441 : The inputs to the listed units have not converged at this timestep. The values at the last iteration will be used and the simulation will proceed.
    Reported information  : UNITS: 56  41  45  47  52  57  59  64  68  70
 
*** Warning at time       :      3399.250000
    Generated by Unit     : Not applicable or not available
    Generated by Type     : Not applicable or not available
    TRNSYS Message    441 : The inputs to the listed units have not converged at this timestep. The values at the last iteration will be used and the simulation will proceed.
    Reported information  : UNITS: 56  45  57  68
 
*** Warning at time       :      3399.500000
    Generated by Unit     : Not applicable or not available
    Generated by Type     : Not applicable or not available
    TRNSYS Message    441 : The inputs to the listed units have not converged at this timestep. The values at the last iteration will be used and the simulation will proceed.
    Reported information  : UNITS: 56  45  57  68
 
*** Warning at time       :      3399.750000
    Generated by Unit     : Not applicable or not available
    Generated by Type     : Not applicable or not available
    TRNSYS Message    441 : The inputs to the listed units have not converged at this timestep. The values at the last iteration will be used and the simulation will proceed.
    Reported information  : UNITS: 56  41  52  64
 
*** Warning at time       :      3400.000000
    Generated by Unit     : Not applicable or not available
    Generated by Type     : Not applicable or not available
    TRNSYS Message    441 : The inputs to the listed units have not converged at this timestep. The values at the last iteration will be used and the simulation will proceed.
    Reported information  : UNITS: 56  45  57  68
 
*** Warning at time       :      3400.250000
    Generated by Unit     : Not applicable or not available
    Generated by Type     : Not applicable or not available
    TRNSYS Message    441 : The inputs to the listed units have not converged at this timestep. The values at the last iteration will be used and the simulation will proceed.
    Reported information  : UNITS: 56  30  32  36  37  38  39  40  42  43  44  45  46  48  49  50  51  53  54  55  57  58  60  61  62  63  65  66  67  68  69
 
*** Warning at time       :      3400.500000
    Generated by Unit     : Not applicable or not available
    Generated by Type     : Not applicable or not available
    TRNSYS Message    441 : The inputs to the listed units have not converged at this timestep. The values at the last iteration will be used and the simulation will proceed.
    Reported information  : UNITS: 56  41  47  52  59  64  70
 
*** Warning at time       :      3400.750000
    Generated by Unit     : Not applicable or not available
    Generated by Type     : Not applicable or not available
    TRNSYS Message    441 : The inputs to the listed units have not converged at this timestep. The values at the last iteration will be used and the simulation will proceed.
    Reported information  : UNITS: 56  45  57  68
 
*** Warning at time       :      3401.000000
    Generated by Unit     : Not applicable or not available
    Generated by Type     : Not applicable or not available
    TRNSYS Message    441 : The inputs to the listed units have not converged at this timestep. The values at the last iteration will be used and the simulation will proceed.
    Reported information  : UNITS: 56  45  57  68
 
*** Warning at time       :      3401.500000
    Generated by Unit     : Not applicable or not available
    Generated by Type     : Not applicable or not available
    TRNSYS Message    441 : The inputs to the listed units have not converged at this timestep. The values at the last iteration will be used and the simulation will proceed.
    Reported information  : UNITS: 56  41  45  47  52  57  59  64  68  70
 
*** Warning at time       :      3401.750000
    Generated by Unit     : Not applicable or not available
    Generated by Type     : Not applicable or not available
    TRNSYS Message    441 : The inputs to the listed units have not converged at this timestep. The values at the last iteration will be used and the simulation will proceed.
    Reported information  : UNITS: 56  45  57  68
 
*** Warning at time       :      3402.000000
    Generated by Unit     : Not applicable or not available
    Generated by Type     : Not applicable or not available
    TRNSYS Message    441 : The inputs to the listed units have not converged at this timestep. The values at the last iteration will be used and the simulation will proceed.
    Reported information  : UNITS: 56  30  32  36  37  38  39  40  42  43  44  46  48  49  50  51  53  54  55  58  60  61  62  63  65  66  67  69
 
*** Warning at time       :      3402.250000
    Generated by Unit     : Not applicable or not available
    Generated by Type     : Not applicable or not available
    TRNSYS Message    441 : The inputs to the listed units have not converged at this timestep. The values at the last iteration will be used and the simulation will proceed.
    Reported information  : UNITS: 56  41  45  52  57  64  68
 
*** Warning at time       :      3402.500000
    Generated by Unit     : Not applicable or not available
    Generated by Type     : Not applicable or not available
    TRNSYS Message    441 : The inputs to the listed units have not converged at this timestep. The values at the last iteration will be used and the simulation will proceed.
    Reported information  : UNITS: 56  45  47  57  59  68  70
 
*** Warning at time       :      3403.000000
    Generated by Unit     : Not applicable or not available
    Generated by Type     : Not applicable or not available
    TRNSYS Message    441 : The inputs to the listed units have not converged at this timestep. The values at the last iteration will be used and the simulation will proceed.
    Reported information  : UNITS: 56  45  57  68
 
*** Warning at time       :      3403.250000
    Generated by Unit     : Not applicable or not available
    Generated by Type     : Not applicable or not available
    TRNSYS Message    441 : The inputs to the listed units have not converged at this timestep. The values at the last iteration will be used and the simulation will proceed.
    Reported information  : UNITS: 56  41  45  47  52  57  59  64  68  70
 
*** Warning at time       :      3403.750000
    Generated by Unit     : Not applicable or not available
    Generated by Type     : Not applicable or not available
    TRNSYS Message    441 : The inputs to the listed units have not converged at this timestep. The values at the last iteration will be used and the simulation will proceed.
    Reported information  : UNITS: 56  30  32  36  37  38  39  40  42  43  44  45  46  48  49  50  51  53  54  55  57  58  60  61  62  63  65  66  67  68  69
 
*** Warning at time       :      3404.000000
    Generated by Unit     : Not applicable or not available
    Generated by Type     : Not applicable or not available
    TRNSYS Message    441 : The inputs to the listed units have not converged at this timestep. The values at the last iteration will be used and the simulation will proceed.
    Reported information  : UNITS: 56  41  45  52  57  64  68
 
*** Warning at time       :      3404.250000
    Generated by Unit     : Not applicable or not available
    Generated by Type     : Not applicable or not available
    TRNSYS Message    441 : The inputs to the listed units have not converged at this timestep. The values at the last iteration will be used and the simulation will proceed.
    Reported information  : UNITS: 56  47  59  70
 
*** Warning at time       :      3404.500000
    Generated by Unit     : Not applicable or not available
    Generated by Type     : Not applicable or not available
    TRNSYS Message    441 : The inputs to the listed units have not converged at this timestep. The values at the last iteration will be used and the simulation will proceed.
    Reported information  : UNITS: 56  45  57  68
 
*** Warning at time       :      3404.750000
    Generated by Unit     : Not applicable or not available
    Generated by Type     : Not applicable or not available
    TRNSYS Message    441 : The inputs to the listed units have not converged at this timestep. The values at the last iteration will be used and the simulation will proceed.
    Reported information  : UNITS: 56  45  57  68
 
*** Warning at time       :      3405.000000
    Generated by Unit     : Not applicable or not available
    Generated by Type     : Not applicable or not available
    TRNSYS Message    441 : The inputs to the listed units have not converged at this timestep. The values at the last iteration will be used and the simulation will proceed.
    Reported information  : UNITS: 56  41  47  52  59  64  70
 
*** Warning at time       :      3405.250000
    Generated by Unit     : Not applicable or not available
    Generated by Type     : Not applicable or not available
    TRNSYS Message    441 : The inputs to the listed units have not converged at this timestep. The values at the last iteration will be used and the simulation will proceed.
    Reported information  : UNITS: 56  45  57  68
 
*** Warning at time       :      3405.500000
    Generated by Unit     : Not applicable or not available
    Generated by Type     : Not applicable or not available
    TRNSYS Message    441 : The inputs to the listed units have not converged at this timestep. The values at the last iteration will be used and the simulation will proceed.
    Reported information  : UNITS: 56  30  32  36  37  38  39  40  42  43  44  45  46  48  49  50  51  53  54  55  57  58  60  61  62  63  65  66  67  68  69
 
*** Warning at time       :      3417.750000
    Generated by Unit     : Not applicable or not available
    Generated by Type     : Not applicable or not available
    TRNSYS Message    441 : The inputs to the listed units have not converged at this timestep. The values at the last iteration will be used and the simulation will proceed.
    Reported information  : UNITS: 56  30  32  36  37  38  39  40  41  42  43  44  45  46  47  48  49  50  51  52  53  54  55  57  58  59  60  61  62  63  64  65  66  67  68  69  70
 
*** Warning at time       :      3418.000000
    Generated by Unit     : Not applicable or not available
    Generated by Type     : Not applicable or not available
    TRNSYS Message    441 : The inputs to the listed units have not converged at this timestep. The values at the last iteration will be used and the simulation will proceed.
    Reported information  : UNITS: 56  30  32  36  37  38  39  40  41  42  43  44  45  46  47  48  49  50  51  52  53  54  55  57  58  59  60  61  62  63  64  65  66  67  68  69  70
 
*** Warning at time       :      3418.500000
    Generated by Unit     : Not applicable or not available
    Generated by Type     : Not applicable or not available
    TRNSYS Message    441 : The inputs to the listed units have not converged at this timestep. The values at the last iteration will be used and the simulation will proceed.
    Reported information  : UNITS: 56  30  32  36  37  38  39  42  43  44  45  48  49  50  53  54  55  57  60  61  62  65  66  67  68
 
*** Warning at time       :      3418.750000
    Generated by Unit     : Not applicable or not available
    Generated by Type     : Not applicable or not available
    TRNSYS Message    441 : The inputs to the listed units have not converged at this timestep. The values at the last iteration will be used and the simulation will proceed.
    Reported information  : UNITS: 56  30  32  36  37  38  39  40  41  42  43  44  45  46  47  48  49  50  51  52  53  54  55  57  58  59  60  61  62  63  64  65  66  67  68  69  70
 
*** Warning at time       :      3419.000000
    Generated by Unit     : Not applicable or not available
    Generated by Type     : Not applicable or not available
    TRNSYS Message    441 : The inputs to the listed units have not converged at this timestep. The values at the last iteration will be used and the simulation will proceed.
    Reported information  : UNITS: 56  41  52  64
 
*** Warning at time       :      3419.250000
    Generated by Unit     : Not applicable or not available
    Generated by Type     : Not applicable or not available
    TRNSYS Message    441 : The inputs to the listed units have not converged at this timestep. The values at the last iteration will be used and the simulation will proceed.
    Reported information  : UNITS: 56  45  57  68
 
*** Warning at time       :      3419.500000
    Generated by Unit     : Not applicable or not available
    Generated by Type     : Not applicable or not available
    TRNSYS Message    441 : The inputs to the listed units have not converged at this timestep. The values at the last iteration will be used and the simulation will proceed.
    Reported information  : UNITS: 56  40  46  47  51  58  59  63  69  70
 
*** Warning at time       :      3419.750000
    Generated by Unit     : Not applicable or not available
    Generated by Type     : Not applicable or not available
    TRNSYS Message    441 : The inputs to the listed units have not converged at this timestep. The values at the last iteration will be used and the simulation will proceed.
    Reported information  : UNITS: 56  41  47  52  59  64  70
 
*** Warning at time       :      3420.000000
    Generated by Unit     : Not applicable or not available
    Generated by Type     : Not applicable or not available
    TRNSYS Message    441 : The inputs to the listed units have not converged at this timestep. The values at the last iteration will be used and the simulation will proceed.
    Reported information  : UNITS: 56  45  57  68
 
*** Warning at time       :      3420.500000
    Generated by Unit     : Not applicable or not available
    Generated by Type     : Not applicable or not available
    TRNSYS Message    441 : The inputs to the listed units have not converged at this timestep. The values at the last iteration will be used and the simulation will proceed.
    Reported information  : UNITS: 56  41  52  64
 
*** Warning at time       :      3420.750000
    Generated by Unit     : Not applicable or not available
    Generated by Type     : Not applicable or not available
    TRNSYS Message    441 : The inputs to the listed units have not converged at this timestep. The values at the last iteration will be used and the simulation will proceed.
    Reported information  : UNITS: 56  41  45  52  57  64  68
 
*** Warning at time       :      3421.500000
    Generated by Unit     : Not applicable or not available
    Generated by Type     : Not applicable or not available
    TRNSYS Message    441 : The inputs to the listed units have not converged at this timestep. The values at the last iteration will be used and the simulation will proceed.
    Reported information  : UNITS: 56  45  57  68
 
*** Warning at time       :      3422.250000
    Generated by Unit     : Not applicable or not available
    Generated by Type     : Not applicable or not available
    TRNSYS Message    441 : The inputs to the listed units have not converged at this timestep. The values at the last iteration will be used and the simulation will proceed.
    Reported information  : UNITS: 56  45  57  68
 
*** Warning at time       :      3423.000000
    Generated by Unit     : Not applicable or not available
    Generated by Type     : Not applicable or not available
    TRNSYS Message    441 : The inputs to the listed units have not converged at this timestep. The values at the last iteration will be used and the simulation will proceed.
    Reported information  : UNITS: 56  45  57  68
 
*** Warning at time       :      3423.750000
    Generated by Unit     : Not applicable or not available
    Generated by Type     : Not applicable or not available
    TRNSYS Message    441 : The inputs to the listed units have not converged at this timestep. The values at the last iteration will be used and the simulation will proceed.
    Reported information  : UNITS: 56  45  57  68
 
*** Warning at time       :      3424.500000
    Generated by Unit     : Not applicable or not available
    Generated by Type     : Not applicable or not available
    TRNSYS Message    441 : The inputs to the listed units have not converged at this timestep. The values at the last iteration will be used and the simulation will proceed.
    Reported information  : UNITS: 56  45  57  68
 
*** Warning at time       :      3425.250000
    Generated by Unit     : Not applicable or not available
    Generated by Type     : Not applicable or not available
    TRNSYS Message    441 : The inputs to the listed units have not converged at this timestep. The values at the last iteration will be used and the simulation will proceed.
    Reported information  : UNITS: 56  45  57  68
 
*** Warning at time       :      3426.000000
    Generated by Unit     : Not applicable or not available
    Generated by Type     : Not applicable or not available
    TRNSYS Message    441 : The inputs to the listed units have not converged at this timestep. The values at the last iteration will be used and the simulation will proceed.
    Reported information  : UNITS: 56  45  57  68
 
*** Warning at time       :      3426.750000
    Generated by Unit     : Not applicable or not available
    Generated by Type     : Not applicable or not available
    TRNSYS Message    441 : The inputs to the listed units have not converged at this timestep. The values at the last iteration will be used and the simulation will proceed.
    Reported information  : UNITS: 56  45  57  68
 
*** Warning at time       :      3427.500000
    Generated by Unit     : Not applicable or not available
    Generated by Type     : Not applicable or not available
    TRNSYS Message    441 : The inputs to the listed units have not converged at this timestep. The values at the last iteration will be used and the simulation will proceed.
    Reported information  : UNITS: 56  45  57  68
 
*** Warning at time       :      3428.250000
    Generated by Unit     : Not applicable or not available
    Generated by Type     : Not applicable or not available
    TRNSYS Message    441 : The inputs to the listed units have not converged at this timestep. The values at the last iteration will be used and the simulation will proceed.
    Reported information  : UNITS: 56  45  57  68
 
*** Warning at time       :      3429.000000
    Generated by Unit     : Not applicable or not available
    Generated by Type     : Not applicable or not available
    TRNSYS Message    441 : The inputs to the listed units have not converged at this timestep. The values at the last iteration will be used and the simulation will proceed.
    Reported information  : UNITS: 56  45  57  68
 
*** Warning at time       :      3429.500000
    Generated by Unit     : Not applicable or not available
    Generated by Type     : Not applicable or not available
    TRNSYS Message    441 : The inputs to the listed units have not converged at this timestep. The values at the last iteration will be used and the simulation will proceed.
    Reported information  : UNITS: 56  30  32  36  37  38  39  41  42  43  44  48  49  50  52  53  54  55  60  61  62  64  65  66  67
 
*** Warning at time       :      3429.750000
    Generated by Unit     : Not applicable or not available
    Generated by Type     : Not applicable or not available
    TRNSYS Message    441 : The inputs to the listed units have not converged at this timestep. The values at the last iteration will be used and the simulation will proceed.
    Reported information  : UNITS: 56  40  46  51  58  63  69
 
*** Warning at time       :      3441.750000
    Generated by Unit     : Not applicable or not available
    Generated by Type     : Not applicable or not available
    TRNSYS Message    441 : The inputs to the listed units have not converged at this timestep. The values at the last iteration will be used and the simulation will proceed.
    Reported information  : UNITS: 56  30  32  36  37  38  39  40  41  42  43  44  45  46  47  48  49  50  51  52  53  54  55  57  58  59  60  61  62  63  64  65  66  67  68  69  70
 
*** Warning at time       :      3442.000000
    Generated by Unit     : Not applicable or not available
    Generated by Type     : Not applicable or not available
    TRNSYS Message    441 : The inputs to the listed units have not converged at this timestep. The values at the last iteration will be used and the simulation will proceed.
    Reported information  : UNITS: 56  30  32  36  37  38  39  40  41  42  43  44  46  47  48  49  50  51  52  53  54  55  58  59  60  61  62  63  64  65  66  67  69  70
 
*** Warning at time       :      3442.500000
    Generated by Unit     : Not applicable or not available
    Generated by Type     : Not applicable or not available
    TRNSYS Message    441 : The inputs to the listed units have not converged at this timestep. The values at the last iteration will be used and the simulation will proceed.
    Reported information  : UNITS: 56  45  57  68
 
*** Warning at time       :      3443.000000
    Generated by Unit     : Not applicable or not available
    Generated by Type     : Not applicable or not available
    TRNSYS Message    441 : The inputs to the listed units have not converged at this timestep. The values at the last iteration will be used and the simulation will proceed.
    Reported information  : UNITS: 56  41  52  64
 
*** Warning at time       :      3443.250000
    Generated by Unit     : Not applicable or not available
    Generated by Type     : Not applicable or not available
    TRNSYS Message    441 : The inputs to the listed units have not converged at this timestep. The values at the last iteration will be used and the simulation will proceed.
    Reported information  : UNITS: 56  45  57  68
 
*** Warning at time       :      3444.000000
    Generated by Unit     : Not applicable or not available
    Generated by Type     : Not applicable or not available
    TRNSYS Message    441 : The inputs to the listed units have not converged at this timestep. The values at the last iteration will be used and the simulation will proceed.
    Reported information  : UNITS: 56  45  57  68
 
*** Warning at time       :      3444.750000
    Generated by Unit     : Not applicable or not available
    Generated by Type     : Not applicable or not available
    TRNSYS Message    441 : The inputs to the listed units have not converged at this timestep. The values at the last iteration will be used and the simulation will proceed.
    Reported information  : UNITS: 56  45  57  68
 
*** Warning at time       :      3445.500000
    Generated by Unit     : Not applicable or not available
    Generated by Type     : Not applicable or not available
    TRNSYS Message    441 : The inputs to the listed units have not converged at this timestep. The values at the last iteration will be used and the simulation will proceed.
    Reported information  : UNITS: 56  45  57  68
 
*** Warning at time       :      3446.250000
    Generated by Unit     : Not applicable or not available
    Generated by Type     : Not applicable or not available
    TRNSYS Message    441 : The inputs to the listed units have not converged at this timestep. The values at the last iteration will be used and the simulation will proceed.
    Reported information  : UNITS: 56  45  57  68
 
*** Warning at time       :      3450.000000
    Generated by Unit     : Not applicable or not available
    Generated by Type     : Not applicable or not available
    TRNSYS Message    441 : The inputs to the listed units have not converged at this timestep. The values at the last iteration will be used and the simulation will proceed.
    Reported information  : UNITS: 56  45  57  68
 
*** Warning at time       :      3450.750000
    Generated by Unit     : Not applicable or not available
    Generated by Type     : Not applicable or not available
    TRNSYS Message    441 : The inputs to the listed units have not converged at this timestep. The values at the last iteration will be used and the simulation will proceed.
    Reported information  : UNITS: 56  45  57  68
 
*** Warning at time       :      3451.500000
    Generated by Unit     : Not applicable or not available
    Generated by Type     : Not applicable or not available
    TRNSYS Message    441 : The inputs to the listed units have not converged at this timestep. The values at the last iteration will be used and the simulation will proceed.
    Reported information  : UNITS: 56  45  57  68
 
*** Warning at time       :      3452.250000
    Generated by Unit     : Not applicable or not available
    Generated by Type     : Not applicable or not available
    TRNSYS Message    441 : The inputs to the listed units have not converged at this timestep. The values at the last iteration will be used and the simulation will proceed.
    Reported information  : UNITS: 56  45  57  68
 
*** Warning at time       :      3453.000000
    Generated by Unit     : Not applicable or not available
    Generated by Type     : Not applicable or not available
    TRNSYS Message    441 : The inputs to the listed units have not converged at this timestep. The values at the last iteration will be used and the simulation will proceed.
    Reported information  : UNITS: 56  45  57  68
 
*** Warning at time       :      3453.250000
    Generated by Unit     : Not applicable or not available
    Generated by Type     : Not applicable or not available
    TRNSYS Message    441 : The inputs to the listed units have not converged at this timestep. The values at the last iteration will be used and the simulation will proceed.
    Reported information  : UNITS: 56  45  57  68
 
*** Warning at time       :      3453.500000
    Generated by Unit     : Not applicable or not available
    Generated by Type     : Not applicable or not available
    TRNSYS Message    441 : The inputs to the listed units have not converged at this timestep. The values at the last iteration will be used and the simulation will proceed.
    Reported information  : UNITS: 56  30  32  36  39  50  62
 
*** Warning at time       :      3453.750000
    Generated by Unit     : Not applicable or not available
    Generated by Type     : Not applicable or not available
    TRNSYS Message    441 : The inputs to the listed units have not converged at this timestep. The values at the last iteration will be used and the simulation will proceed.
    Reported information  : UNITS: 56  40  47  51  59  63  70
 
*** Warning at time       :      3466.000000
    Generated by Unit     : Not applicable or not available
    Generated by Type     : Not applicable or not available
    TRNSYS Message    441 : The inputs to the listed units have not converged at this timestep. The values at the last iteration will be used and the simulation will proceed.
    Reported information  : UNITS: 56  40  41  47  51  52  59  63  64  70
 
*** Warning at time       :      3477.750000
    Generated by Unit     : Not applicable or not available
    Generated by Type     : Not applicable or not available
    TRNSYS Message    441 : The inputs to the listed units have not converged at this timestep. The values at the last iteration will be used and the simulation will proceed.
    Reported information  : UNITS: 56  41  47  52  59  64  70
 
*** Warning at time       :      3537.750000
    Generated by Unit     : Not applicable or not available
    Generated by Type     : Not applicable or not available
    TRNSYS Message    441 : The inputs to the listed units have not converged at this timestep. The values at the last iteration will be used and the simulation will proceed.
    Reported information  : UNITS: 56  30  32  36  37  38  39  40  41  42  43  44  45  46  47  48  49  50  51  52  53  54  55  57  58  59  60  61  62  63  64  65  66  67  68  69  70
 
*** Warning at time       :      3538.000000
    Generated by Unit     : Not applicable or not available
    Generated by Type     : Not applicable or not available
    TRNSYS Message    441 : The inputs to the listed units have not converged at this timestep. The values at the last iteration will be used and the simulation will proceed.
    Reported information  : UNITS: 56  30  32  36  37  38  39  40  41  47  48  49  50  51  52  59  60  61  62  63  64  70
 
*** Warning at time       :      3538.500000
    Generated by Unit     : Not applicable or not available
    Generated by Type     : Not applicable or not available
    TRNSYS Message    441 : The inputs to the listed units have not converged at this timestep. The values at the last iteration will be used and the simulation will proceed.
    Reported information  : UNITS: 56  30  32  36  37  38  39  40  41  42  43  44  45  46  47  48  49  50  51  52  53  54  55  57  58  59  60  61  62  63  64  65  66  67  68  69  70
 
*** Warning at time       :      3538.750000
    Generated by Unit     : Not applicable or not available
    Generated by Type     : Not applicable or not available
    TRNSYS Message    441 : The inputs to the listed units have not converged at this timestep. The values at the last iteration will be used and the simulation will proceed.
    Reported information  : UNITS: 56  30  32  36  37  38  39  40  41  43  46  47  48  49  50  51  52  54  58  59  60  61  62  63  64  66  69  70
 
*** Warning at time       :      3539.250000
    Generated by Unit     : Not applicable or not available
    Generated by Type     : Not applicable or not available
    TRNSYS Message    441 : The inputs to the listed units have not converged at this timestep. The values at the last iteration will be used and the simulation will proceed.
    Reported information  : UNITS: 56  30  32  36  37  38  39  40  42  43  44  45  46  47  48  49  50  51  53  54  55  57  58  59  60  61  62  63  65  66  67  68  69  70
 
*** Warning at time       :      3539.500000
    Generated by Unit     : Not applicable or not available
    Generated by Type     : Not applicable or not available
    TRNSYS Message    441 : The inputs to the listed units have not converged at this timestep. The values at the last iteration will be used and the simulation will proceed.
    Reported information  : UNITS: 56  30  32  36  37  38  39  40  41  47  48  49  50  51  52  59  60  61  62  63  64  70
 
*** Warning at time       :      3540.000000
    Generated by Unit     : Not applicable or not available
    Generated by Type     : Not applicable or not available
    TRNSYS Message    441 : The inputs to the listed units have not converged at this timestep. The values at the last iteration will be used and the simulation will proceed.
    Reported information  : UNITS: 56  42  43  44  45  46  53  54  55  57  58  65  66  67  68  69
 
*** Warning at time       :      3540.250000
    Generated by Unit     : Not applicable or not available
    Generated by Type     : Not applicable or not available
    TRNSYS Message    441 : The inputs to the listed units have not converged at this timestep. The values at the last iteration will be used and the simulation will proceed.
    Reported information  : UNITS: 56  40  41  47  51  52  59  63  64  70
 
*** Warning at time       :      3540.750000
    Generated by Unit     : Not applicable or not available
    Generated by Type     : Not applicable or not available
    TRNSYS Message    441 : The inputs to the listed units have not converged at this timestep. The values at the last iteration will be used and the simulation will proceed.
    Reported information  : UNITS: 56  45  57  68
 
*** Warning at time       :      3541.500000
    Generated by Unit     : Not applicable or not available
    Generated by Type     : Not applicable or not available
    TRNSYS Message    441 : The inputs to the listed units have not converged at this timestep. The values at the last iteration will be used and the simulation will proceed.
    Reported information  : UNITS: 56  45  57  68
 
*** Warning at time       :      3546.750000
    Generated by Unit     : Not applicable or not available
    Generated by Type     : Not applicable or not available
    TRNSYS Message    441 : The inputs to the listed units have not converged at this timestep. The values at the last iteration will be used and the simulation will proceed.
    Reported information  : UNITS: 56  45  57  68
 
*** Warning at time       :      3548.000000
    Generated by Unit     : Not applicable or not available
    Generated by Type     : Not applicable or not available
    TRNSYS Message    441 : The inputs to the listed units have not converged at this timestep. The values at the last iteration will be used and the simulation will proceed.
    Reported information  : UNITS: 56  45  57  68
 
*** Warning at time       :      3548.750000
    Generated by Unit     : Not applicable or not available
    Generated by Type     : Not applicable or not available
    TRNSYS Message    441 : The inputs to the listed units have not converged at this timestep. The values at the last iteration will be used and the simulation will proceed.
    Reported information  : UNITS: 56  45  57  68
 
*** Warning at time       :      3549.500000
    Generated by Unit     : Not applicable or not available
    Generated by Type     : Not applicable or not available
    TRNSYS Message    441 : The inputs to the listed units have not converged at this timestep. The values at the last iteration will be used and the simulation will proceed.
    Reported information  : UNITS: 56  45  57  68
 
*** Warning at time       :      3549.750000
    Generated by Unit     : Not applicable or not available
    Generated by Type     : Not applicable or not available
    TRNSYS Message    441 : The inputs to the listed units have not converged at this timestep. The values at the last iteration will be used and the simulation will proceed.
    Reported information  : UNITS: 56  45  57  68
 
*** Warning at time       :      3561.750000
    Generated by Unit     : Not applicable or not available
    Generated by Type     : Not applicable or not available
    TRNSYS Message    441 : The inputs to the listed units have not converged at this timestep. The values at the last iteration will be used and the simulation will proceed.
    Reported information  : UNITS: 56  30  32  36  37  38  39  40  41  42  43  44  45  46  47  48  49  50  51  52  53  54  55  57  58  59  60  61  62  63  64  65  66  67  68  69  70
 
*** Warning at time       :      3562.000000
    Generated by Unit     : Not applicable or not available
    Generated by Type     : Not applicable or not available
    TRNSYS Message    441 : The inputs to the listed units have not converged at this timestep. The values at the last iteration will be used and the simulation will proceed.
    Reported information  : UNITS: 56  37  38  39  40  41  48  49  50  51  52  60  61  62  63  64
 
*** Warning at time       :      3562.500000
    Generated by Unit     : Not applicable or not available
    Generated by Type     : Not applicable or not available
    TRNSYS Message    441 : The inputs to the listed units have not converged at this timestep. The values at the last iteration will be used and the simulation will proceed.
    Reported information  : UNITS: 56  45  57  68
 
*** Warning at time       :      3563.250000
    Generated by Unit     : Not applicable or not available
    Generated by Type     : Not applicable or not available
    TRNSYS Message    441 : The inputs to the listed units have not converged at this timestep. The values at the last iteration will be used and the simulation will proceed.
    Reported information  : UNITS: 56  45  57  68
 
*** Warning at time       :      3564.000000
    Generated by Unit     : Not applicable or not available
    Generated by Type     : Not applicable or not available
    TRNSYS Message    441 : The inputs to the listed units have not converged at this timestep. The values at the last iteration will be used and the simulation will proceed.
    Reported information  : UNITS: 56  45  57  68
 
*** Warning at time       :      3564.750000
    Generated by Unit     : Not applicable or not available
    Generated by Type     : Not applicable or not available
    TRNSYS Message    441 : The inputs to the listed units have not converged at this timestep. The values at the last iteration will be used and the simulation will proceed.
    Reported information  : UNITS: 56  45  57  68
 
*** Warning at time       :      3565.500000
    Generated by Unit     : Not applicable or not available
    Generated by Type     : Not applicable or not available
    TRNSYS Message    441 : The inputs to the listed units have not converged at this timestep. The values at the last iteration will be used and the simulation will proceed.
    Reported information  : UNITS: 56  45  57  68
 
*** Warning at time       :      3566.250000
    Generated by Unit     : Not applicable or not available
    Generated by Type     : Not applicable or not available
    TRNSYS Message    441 : The inputs to the listed units have not converged at this timestep. The values at the last iteration will be used and the simulation will proceed.
    Reported information  : UNITS: 56  45  57  68
 
*** Warning at time       :      3570.750000
    Generated by Unit     : Not applicable or not available
    Generated by Type     : Not applicable or not available
    TRNSYS Message    441 : The inputs to the listed units have not converged at this timestep. The values at the last iteration will be used and the simulation will proceed.
    Reported information  : UNITS: 56  45  57  68
 
*** Warning at time       :      3572.250000
    Generated by Unit     : Not applicable or not available
    Generated by Type     : Not applicable or not available
    TRNSYS Message    441 : The inputs to the listed units have not converged at this timestep. The values at the last iteration will be used and the simulation will proceed.
    Reported information  : UNITS: 56  45  57  68
 
*** Warning at time       :      3573.000000
    Generated by Unit     : Not applicable or not available
    Generated by Type     : Not applicable or not available
    TRNSYS Message    441 : The inputs to the listed units have not converged at this timestep. The values at the last iteration will be used and the simulation will proceed.
    Reported information  : UNITS: 56  45  57  68
 
*** Warning at time       :      3573.750000
    Generated by Unit     : Not applicable or not available
    Generated by Type     : Not applicable or not available
    TRNSYS Message    441 : The inputs to the listed units have not converged at this timestep. The values at the last iteration will be used and the simulation will proceed.
    Reported information  : UNITS: 56  42  43  44  46  53  54  55  58  65  66  67  69
 
*** Warning at time       :      3586.250000
    Generated by Unit     : Not applicable or not available
    Generated by Type     : Not applicable or not available
    TRNSYS Message    441 : The inputs to the listed units have not converged at this timestep. The values at the last iteration will be used and the simulation will proceed.
    Reported information  : UNITS: 56  41  47  52  59  64  70
 
*** Warning at time       :      3597.750000
    Generated by Unit     : Not applicable or not available
    Generated by Type     : Not applicable or not available
    TRNSYS Message    441 : The inputs to the listed units have not converged at this timestep. The values at the last iteration will be used and the simulation will proceed.
    Reported information  : UNITS: 56  37  38  39  40  41  43  46  48  49  50  51  52  54  58  60  61  62  63  64  66  69
 
*** Warning at time       :      3609.750000
    Generated by Unit     : Not applicable or not available
    Generated by Type     : Not applicable or not available
    TRNSYS Message    441 : The inputs to the listed units have not converged at this timestep. The values at the last iteration will be used and the simulation will proceed.
    Reported information  : UNITS: 56  30  32  36  37  38  39  40  41  42  43  44  45  46  47  48  49  50  51  52  53  54  55  57  58  59  60  61  62  63  64  65  66  67  68  69  70
 
*** Warning at time       :      3610.000000
    Generated by Unit     : Not applicable or not available
    Generated by Type     : Not applicable or not available
    TRNSYS Message    441 : The inputs to the listed units have not converged at this timestep. The values at the last iteration will be used and the simulation will proceed.
    Reported information  : UNITS: 56  30  32  36  37  38  39  40  41  42  43  44  46  47  48  49  50  51  52  53  54  55  58  59  60  61  62  63  64  65  66  67  69  70
 
*** Warning at time       :      3610.500000
    Generated by Unit     : Not applicable or not available
    Generated by Type     : Not applicable or not available
    TRNSYS Message    441 : The inputs to the listed units have not converged at this timestep. The values at the last iteration will be used and the simulation will proceed.
    Reported information  : UNITS: 56  45  57  68
 
*** Warning at time       :      3611.000000
    Generated by Unit     : Not applicable or not available
    Generated by Type     : Not applicable or not available
    TRNSYS Message    441 : The inputs to the listed units have not converged at this timestep. The values at the last iteration will be used and the simulation will proceed.
    Reported information  : UNITS: 56  37  38  39  40  41  47  48  49  50  51  52  59  60  61  62  63  64  70
 
*** Warning at time       :      3611.250000
    Generated by Unit     : Not applicable or not available
    Generated by Type     : Not applicable or not available
    TRNSYS Message    441 : The inputs to the listed units have not converged at this timestep. The values at the last iteration will be used and the simulation will proceed.
    Reported information  : UNITS: 56  45  57  68
 
*** Warning at time       :      3612.000000
    Generated by Unit     : Not applicable or not available
    Generated by Type     : Not applicable or not available
    TRNSYS Message    441 : The inputs to the listed units have not converged at this timestep. The values at the last iteration will be used and the simulation will proceed.
    Reported information  : UNITS: 56  45  57  68
 
*** Warning at time       :      3612.750000
    Generated by Unit     : Not applicable or not available
    Generated by Type     : Not applicable or not available
    TRNSYS Message    441 : The inputs to the listed units have not converged at this timestep. The values at the last iteration will be used and the simulation will proceed.
    Reported information  : UNITS: 56  45  57  68
 
*** Warning at time       :      3613.500000
    Generated by Unit     : Not applicable or not available
    Generated by Type     : Not applicable or not available
    TRNSYS Message    441 : The inputs to the listed units have not converged at this timestep. The values at the last iteration will be used and the simulation will proceed.
    Reported information  : UNITS: 56  45  57  68
 
*** Warning at time       :      3614.250000
    Generated by Unit     : Not applicable or not available
    Generated by Type     : Not applicable or not available
    TRNSYS Message    441 : The inputs to the listed units have not converged at this timestep. The values at the last iteration will be used and the simulation will proceed.
    Reported information  : UNITS: 56  45  57  68
 
*** Warning at time       :      3615.000000
    Generated by Unit     : Not applicable or not available
    Generated by Type     : Not applicable or not available
    TRNSYS Message    441 : The inputs to the listed units have not converged at this timestep. The values at the last iteration will be used and the simulation will proceed.
    Reported information  : UNITS: 56  45  57  68
 
*** Warning at time       :      3615.750000
    Generated by Unit     : Not applicable or not available
    Generated by Type     : Not applicable or not available
    TRNSYS Message    441 : The inputs to the listed units have not converged at this timestep. The values at the last iteration will be used and the simulation will proceed.
    Reported information  : UNITS: 56  45  57  68
 
*** Warning at time       :      3616.500000
    Generated by Unit     : Not applicable or not available
    Generated by Type     : Not applicable or not available
    TRNSYS Message    441 : The inputs to the listed units have not converged at this timestep. The values at the last iteration will be used and the simulation will proceed.
    Reported information  : UNITS: 56  45  57  68
 
*** Warning at time       :      3617.250000
    Generated by Unit     : Not applicable or not available
    Generated by Type     : Not applicable or not available
    TRNSYS Message    441 : The inputs to the listed units have not converged at this timestep. The values at the last iteration will be used and the simulation will proceed.
    Reported information  : UNITS: 56  45  57  68
 
*** Warning at time       :      3618.000000
    Generated by Unit     : Not applicable or not available
    Generated by Type     : Not applicable or not available
    TRNSYS Message    441 : The inputs to the listed units have not converged at this timestep. The values at the last iteration will be used and the simulation will proceed.
    Reported information  : UNITS: 56  45  57  68
 
*** Warning at time       :      3618.750000
    Generated by Unit     : Not applicable or not available
    Generated by Type     : Not applicable or not available
    TRNSYS Message    441 : The inputs to the listed units have not converged at this timestep. The values at the last iteration will be used and the simulation will proceed.
    Reported information  : UNITS: 56  45  57  68
 
*** Warning at time       :      3619.500000
    Generated by Unit     : Not applicable or not available
    Generated by Type     : Not applicable or not available
    TRNSYS Message    441 : The inputs to the listed units have not converged at this timestep. The values at the last iteration will be used and the simulation will proceed.
    Reported information  : UNITS: 56  45  57  68
 
*** Warning at time       :      3620.250000
    Generated by Unit     : Not applicable or not available
    Generated by Type     : Not applicable or not available
    TRNSYS Message    441 : The inputs to the listed units have not converged at this timestep. The values at the last iteration will be used and the simulation will proceed.
    Reported information  : UNITS: 56  45  57  68
 
*** Warning at time       :      3621.000000
    Generated by Unit     : Not applicable or not available
    Generated by Type     : Not applicable or not available
    TRNSYS Message    441 : The inputs to the listed units have not converged at this timestep. The values at the last iteration will be used and the simulation will proceed.
    Reported information  : UNITS: 56  45  57  68
 
*** Warning at time       :      3621.500000
    Generated by Unit     : Not applicable or not available
    Generated by Type     : Not applicable or not available
    TRNSYS Message    441 : The inputs to the listed units have not converged at this timestep. The values at the last iteration will be used and the simulation will proceed.
    Reported information  : UNITS: 56  30  32  36  41  42  43  44  46  52  53  54  55  58  64  65  66  67  69
 
*** Warning at time       :      3621.750000
    Generated by Unit     : Not applicable or not available
    Generated by Type     : Not applicable or not available
    TRNSYS Message    441 : The inputs to the listed units have not converged at this timestep. The values at the last iteration will be used and the simulation will proceed.
    Reported information  : UNITS: 56  37  48  60
 
*** Warning at time       :      3633.750000
    Generated by Unit     : Not applicable or not available
    Generated by Type     : Not applicable or not available
    TRNSYS Message    441 : The inputs to the listed units have not converged at this timestep. The values at the last iteration will be used and the simulation will proceed.
    Reported information  : UNITS: 56  30  32  36  37  38  39  40  41  42  43  44  45  46  47  48  49  50  51  52  53  54  55  57  58  59  60  61  62  63  64  65  66  67  68  69  70
 
*** Warning at time       :      3634.000000
    Generated by Unit     : Not applicable or not available
    Generated by Type     : Not applicable or not available
    TRNSYS Message    441 : The inputs to the listed units have not converged at this timestep. The values at the last iteration will be used and the simulation will proceed.
    Reported information  : UNITS: 56  30  32  36  37  38  39  40  41  42  43  44  46  47  48  49  50  51  52  53  54  55  58  59  60  61  62  63  64  65  66  67  69  70
 
*** Warning at time       :      3634.500000
    Generated by Unit     : Not applicable or not available
    Generated by Type     : Not applicable or not available
    TRNSYS Message    441 : The inputs to the listed units have not converged at this timestep. The values at the last iteration will be used and the simulation will proceed.
    Reported information  : UNITS: 56  30  32  36  38  39  40  42  43  44  45  46  49  50  51  53  54  55  57  58  61  62  63  65  66  67  68  69
 
*** Warning at time       :      3634.750000
    Generated by Unit     : Not applicable or not available
    Generated by Type     : Not applicable or not available
    TRNSYS Message    441 : The inputs to the listed units have not converged at this timestep. The values at the last iteration will be used and the simulation will proceed.
    Reported information  : UNITS: 56  30  32  36  37  38  39  40  41  42  43  44  46  47  48  49  50  51  52  53  54  55  58  59  60  61  62  63  64  65  66  67  69  70
 
*** Warning at time       :      3635.250000
    Generated by Unit     : Not applicable or not available
    Generated by Type     : Not applicable or not available
    TRNSYS Message    441 : The inputs to the listed units have not converged at this timestep. The values at the last iteration will be used and the simulation will proceed.
    Reported information  : UNITS: 56  45  57  68
 
*** Warning at time       :      3635.750000
    Generated by Unit     : Not applicable or not available
    Generated by Type     : Not applicable or not available
    TRNSYS Message    441 : The inputs to the listed units have not converged at this timestep. The values at the last iteration will be used and the simulation will proceed.
    Reported information  : UNITS: 56  41  52  64
 
*** Warning at time       :      3636.000000
    Generated by Unit     : Not applicable or not available
    Generated by Type     : Not applicable or not available
    TRNSYS Message    441 : The inputs to the listed units have not converged at this timestep. The values at the last iteration will be used and the simulation will proceed.
    Reported information  : UNITS: 56  45  57  68
 
*** Warning at time       :      3636.750000
    Generated by Unit     : Not applicable or not available
    Generated by Type     : Not applicable or not available
    TRNSYS Message    441 : The inputs to the listed units have not converged at this timestep. The values at the last iteration will be used and the simulation will proceed.
    Reported information  : UNITS: 56  45  57  68
 
*** Warning at time       :      3637.500000
    Generated by Unit     : Not applicable or not available
    Generated by Type     : Not applicable or not available
    TRNSYS Message    441 : The inputs to the listed units have not converged at this timestep. The values at the last iteration will be used and the simulation will proceed.
    Reported information  : UNITS: 56  45  57  68
 
*** Warning at time       :      3638.250000
    Generated by Unit     : Not applicable or not available
    Generated by Type     : Not applicable or not available
    TRNSYS Message    441 : The inputs to the listed units have not converged at this timestep. The values at the last iteration will be used and the simulation will proceed.
    Reported information  : UNITS: 56  45  57  68
 
*** Warning at time       :      3639.000000
    Generated by Unit     : Not applicable or not available
    Generated by Type     : Not applicable or not available
    TRNSYS Message    441 : The inputs to the listed units have not converged at this timestep. The values at the last iteration will be used and the simulation will proceed.
    Reported information  : UNITS: 56  45  57  68
 
*** Warning at time       :      3639.750000
    Generated by Unit     : Not applicable or not available
    Generated by Type     : Not applicable or not available
    TRNSYS Message    441 : The inputs to the listed units have not converged at this timestep. The values at the last iteration will be used and the simulation will proceed.
    Reported information  : UNITS: 56  45  57  68
 
*** Warning at time       :      3641.000000
    Generated by Unit     : Not applicable or not available
    Generated by Type     : Not applicable or not available
    TRNSYS Message    441 : The inputs to the listed units have not converged at this timestep. The values at the last iteration will be used and the simulation will proceed.
    Reported information  : UNITS: 56  45  57  68
 
*** Warning at time       :      3641.750000
    Generated by Unit     : Not applicable or not available
    Generated by Type     : Not applicable or not available
    TRNSYS Message    441 : The inputs to the listed units have not converged at this timestep. The values at the last iteration will be used and the simulation will proceed.
    Reported information  : UNITS: 56  45  57  68
 
*** Warning at time       :      3643.000000
    Generated by Unit     : Not applicable or not available
    Generated by Type     : Not applicable or not available
    TRNSYS Message    441 : The inputs to the listed units have not converged at this timestep. The values at the last iteration will be used and the simulation will proceed.
    Reported information  : UNITS: 56  45  57  68
 
*** Warning at time       :      3643.750000
    Generated by Unit     : Not applicable or not available
    Generated by Type     : Not applicable or not available
    TRNSYS Message    441 : The inputs to the listed units have not converged at this timestep. The values at the last iteration will be used and the simulation will proceed.
    Reported information  : UNITS: 56  45  57  68
 
*** Warning at time       :      3644.500000
    Generated by Unit     : Not applicable or not available
    Generated by Type     : Not applicable or not available
    TRNSYS Message    441 : The inputs to the listed units have not converged at this timestep. The values at the last iteration will be used and the simulation will proceed.
    Reported information  : UNITS: 56  45  57  68
 
*** Warning at time       :      3645.250000
    Generated by Unit     : Not applicable or not available
    Generated by Type     : Not applicable or not available
    TRNSYS Message    441 : The inputs to the listed units have not converged at this timestep. The values at the last iteration will be used and the simulation will proceed.
    Reported information  : UNITS: 56  45  57  68
 
*** Warning at time       :      3645.750000
    Generated by Unit     : Not applicable or not available
    Generated by Type     : Not applicable or not available
    TRNSYS Message    441 : The inputs to the listed units have not converged at this timestep. The values at the last iteration will be used and the simulation will proceed.
    Reported information  : UNITS: 56  37  41  43  47  48  52  54  59  60  64  66  70
 
*** Warning at time       :      3706.250000
    Generated by Unit     : Not applicable or not available
    Generated by Type     : Not applicable or not available
    TRNSYS Message    441 : The inputs to the listed units have not converged at this timestep. The values at the last iteration will be used and the simulation will proceed.
    Reported information  : UNITS: 56  30  32  36  37  38  39  40  41  42  43  44  45  46  47  48  49  50  51  52  53  54  55  57  58  59  60  61  62  63  64  65  66  67  68  69  70
 
*** Warning at time       :      3707.000000
    Generated by Unit     : Not applicable or not available
    Generated by Type     : Not applicable or not available
    TRNSYS Message    441 : The inputs to the listed units have not converged at this timestep. The values at the last iteration will be used and the simulation will proceed.
    Reported information  : UNITS: 56  45  57  68
 
*** Warning at time       :      3707.250000
    Generated by Unit     : Not applicable or not available
    Generated by Type     : Not applicable or not available
    TRNSYS Message    441 : The inputs to the listed units have not converged at this timestep. The values at the last iteration will be used and the simulation will proceed.
    Reported information  : UNITS: 56  45  57  68
 
*** Warning at time       :      3707.500000
    Generated by Unit     : Not applicable or not available
    Generated by Type     : Not applicable or not available
    TRNSYS Message    441 : The inputs to the listed units have not converged at this timestep. The values at the last iteration will be used and the simulation will proceed.
    Reported information  : UNITS: 56  41  47  52  59  64  70
 
*** Warning at time       :      3707.750000
    Generated by Unit     : Not applicable or not available
    Generated by Type     : Not applicable or not available
    TRNSYS Message    441 : The inputs to the listed units have not converged at this timestep. The values at the last iteration will be used and the simulation will proceed.
    Reported information  : UNITS: 56  30  32  36  37  38  39  40  42  43  44  46  48  49  50  51  53  54  55  58  60  61  62  63  65  66  67  69
 
*** Warning at time       :      3708.000000
    Generated by Unit     : Not applicable or not available
    Generated by Type     : Not applicable or not available
    TRNSYS Message    441 : The inputs to the listed units have not converged at this timestep. The values at the last iteration will be used and the simulation will proceed.
    Reported information  : UNITS: 56  45  57  68
 
*** Warning at time       :      3708.750000
    Generated by Unit     : Not applicable or not available
    Generated by Type     : Not applicable or not available
    TRNSYS Message    441 : The inputs to the listed units have not converged at this timestep. The values at the last iteration will be used and the simulation will proceed.
    Reported information  : UNITS: 56  45  57  68
 
*** Warning at time       :      3709.000000
    Generated by Unit     : Not applicable or not available
    Generated by Type     : Not applicable or not available
    TRNSYS Message    441 : The inputs to the listed units have not converged at this timestep. The values at the last iteration will be used and the simulation will proceed.
    Reported information  : UNITS: 56  41  52  64
 
*** Warning at time       :      3716.750000
    Generated by Unit     : Not applicable or not available
    Generated by Type     : Not applicable or not available
    TRNSYS Message    441 : The inputs to the listed units have not converged at this timestep. The values at the last iteration will be used and the simulation will proceed.
    Reported information  : UNITS: 56  45  57  68
 
*** Warning at time       :      3717.500000
    Generated by Unit     : Not applicable or not available
    Generated by Type     : Not applicable or not available
    TRNSYS Message    441 : The inputs to the listed units have not converged at this timestep. The values at the last iteration will be used and the simulation will proceed.
    Reported information  : UNITS: 56  30  32  36  40  44  46  51  55  58  63  67  69
 
*** Warning at time       :      3730.250000
    Generated by Unit     : Not applicable or not available
    Generated by Type     : Not applicable or not available
    TRNSYS Message    441 : The inputs to the listed units have not converged at this timestep. The values at the last iteration will be used and the simulation will proceed.
    Reported information  : UNITS: 56  41  47  52  59  64  70
 
*** Warning at time       :      3741.250000
    Generated by Unit     : Not applicable or not available
    Generated by Type     : Not applicable or not available
    TRNSYS Message    441 : The inputs to the listed units have not converged at this timestep. The values at the last iteration will be used and the simulation will proceed.
    Reported information  : UNITS: 56  45  57  68
 
*** Warning at time       :      3741.500000
    Generated by Unit     : Not applicable or not available
    Generated by Type     : Not applicable or not available
    TRNSYS Message    441 : The inputs to the listed units have not converged at this timestep. The values at the last iteration will be used and the simulation will proceed.
    Reported information  : UNITS: 56  45  57  68
 
*** Warning at time       :      3741.750000
    Generated by Unit     : Not applicable or not available
    Generated by Type     : Not applicable or not available
    TRNSYS Message    441 : The inputs to the listed units have not converged at this timestep. The values at the last iteration will be used and the simulation will proceed.
    Reported information  : UNITS: 56  38  39  41  47  49  50  52  59  61  62  64  70
 
*** Warning at time       :      3753.750000
    Generated by Unit     : Not applicable or not available
    Generated by Type     : Not applicable or not available
    TRNSYS Message    441 : The inputs to the listed units have not converged at this timestep. The values at the last iteration will be used and the simulation will proceed.
    Reported information  : UNITS: 56  30  32  36  37  38  39  40  41  42  43  44  45  46  47  48  49  50  51  52  53  54  55  57  58  59  60  61  62  63  64  65  66  67  68  69  70
 
*** Warning at time       :      3754.000000
    Generated by Unit     : Not applicable or not available
    Generated by Type     : Not applicable or not available
    TRNSYS Message    441 : The inputs to the listed units have not converged at this timestep. The values at the last iteration will be used and the simulation will proceed.
    Reported information  : UNITS: 56  30  32  36  37  38  39  40  41  42  43  44  46  47  48  49  50  51  52  53  54  55  58  59  60  61  62  63  64  65  66  67  69  70
 
*** Warning at time       :      3754.500000
    Generated by Unit     : Not applicable or not available
    Generated by Type     : Not applicable or not available
    TRNSYS Message    441 : The inputs to the listed units have not converged at this timestep. The values at the last iteration will be used and the simulation will proceed.
    Reported information  : UNITS: 56  45  57  68
 
*** Warning at time       :      3754.750000
    Generated by Unit     : Not applicable or not available
    Generated by Type     : Not applicable or not available
    TRNSYS Message    441 : The inputs to the listed units have not converged at this timestep. The values at the last iteration will be used and the simulation will proceed.
    Reported information  : UNITS: 56  45  57  68
 
*** Warning at time       :      3755.000000
    Generated by Unit     : Not applicable or not available
    Generated by Type     : Not applicable or not available
    TRNSYS Message    441 : The inputs to the listed units have not converged at this timestep. The values at the last iteration will be used and the simulation will proceed.
    Reported information  : UNITS: 56  38  39  41  49  50  52  61  62  64
 
*** Warning at time       :      3755.250000
    Generated by Unit     : Not applicable or not available
    Generated by Type     : Not applicable or not available
    TRNSYS Message    441 : The inputs to the listed units have not converged at this timestep. The values at the last iteration will be used and the simulation will proceed.
    Reported information  : UNITS: 56  45  57  68
 
*** Warning at time       :      3756.000000
    Generated by Unit     : Not applicable or not available
    Generated by Type     : Not applicable or not available
    TRNSYS Message    441 : The inputs to the listed units have not converged at this timestep. The values at the last iteration will be used and the simulation will proceed.
    Reported information  : UNITS: 56  45  57  68
 
*** Warning at time       :      3756.750000
    Generated by Unit     : Not applicable or not available
    Generated by Type     : Not applicable or not available
    TRNSYS Message    441 : The inputs to the listed units have not converged at this timestep. The values at the last iteration will be used and the simulation will proceed.
    Reported information  : UNITS: 56  45  57  68
 
*** Warning at time       :      3757.500000
    Generated by Unit     : Not applicable or not available
    Generated by Type     : Not applicable or not available
    TRNSYS Message    441 : The inputs to the listed units have not converged at this timestep. The values at the last iteration will be used and the simulation will proceed.
    Reported information  : UNITS: 56  45  57  68
 
*** Warning at time       :      3758.250000
    Generated by Unit     : Not applicable or not available
    Generated by Type     : Not applicable or not available
    TRNSYS Message    441 : The inputs to the listed units have not converged at this timestep. The values at the last iteration will be used and the simulation will proceed.
    Reported information  : UNITS: 56  45  57  68
 
*** Warning at time       :      3759.000000
    Generated by Unit     : Not applicable or not available
    Generated by Type     : Not applicable or not available
    TRNSYS Message    441 : The inputs to the listed units have not converged at this timestep. The values at the last iteration will be used and the simulation will proceed.
    Reported information  : UNITS: 56  45  57  68
 
*** Warning at time       :      3759.750000
    Generated by Unit     : Not applicable or not available
    Generated by Type     : Not applicable or not available
    TRNSYS Message    441 : The inputs to the listed units have not converged at this timestep. The values at the last iteration will be used and the simulation will proceed.
    Reported information  : UNITS: 56  45  57  68
 
*** Warning at time       :      3760.500000
    Generated by Unit     : Not applicable or not available
    Generated by Type     : Not applicable or not available
    TRNSYS Message    441 : The inputs to the listed units have not converged at this timestep. The values at the last iteration will be used and the simulation will proceed.
    Reported information  : UNITS: 56  45  57  68
 
*** Warning at time       :      3761.250000
    Generated by Unit     : Not applicable or not available
    Generated by Type     : Not applicable or not available
    TRNSYS Message    441 : The inputs to the listed units have not converged at this timestep. The values at the last iteration will be used and the simulation will proceed.
    Reported information  : UNITS: 56  45  57  68
 
*** Warning at time       :      3762.000000
    Generated by Unit     : Not applicable or not available
    Generated by Type     : Not applicable or not available
    TRNSYS Message    441 : The inputs to the listed units have not converged at this timestep. The values at the last iteration will be used and the simulation will proceed.
    Reported information  : UNITS: 56  45  57  68
 
*** Warning at time       :      3762.750000
    Generated by Unit     : Not applicable or not available
    Generated by Type     : Not applicable or not available
    TRNSYS Message    441 : The inputs to the listed units have not converged at this timestep. The values at the last iteration will be used and the simulation will proceed.
    Reported information  : UNITS: 56  45  57  68
 
*** Warning at time       :      3763.500000
    Generated by Unit     : Not applicable or not available
    Generated by Type     : Not applicable or not available
    TRNSYS Message    441 : The inputs to the listed units have not converged at this timestep. The values at the last iteration will be used and the simulation will proceed.
    Reported information  : UNITS: 56  45  57  68
 
*** Warning at time       :      3764.250000
    Generated by Unit     : Not applicable or not available
    Generated by Type     : Not applicable or not available
    TRNSYS Message    441 : The inputs to the listed units have not converged at this timestep. The values at the last iteration will be used and the simulation will proceed.
    Reported information  : UNITS: 56  45  57  68
 
*** Warning at time       :      3765.000000
    Generated by Unit     : Not applicable or not available
    Generated by Type     : Not applicable or not available
    TRNSYS Message    441 : The inputs to the listed units have not converged at this timestep. The values at the last iteration will be used and the simulation will proceed.
    Reported information  : UNITS: 56  45  57  68
 
*** Warning at time       :      3765.500000
    Generated by Unit     : Not applicable or not available
    Generated by Type     : Not applicable or not available
    TRNSYS Message    441 : The inputs to the listed units have not converged at this timestep. The values at the last iteration will be used and the simulation will proceed.
    Reported information  : UNITS: 56  30  32  36  37  43  44  46  48  54  55  58  60  66  67  69
 
*** Warning at time       :      3765.750000
    Generated by Unit     : Not applicable or not available
    Generated by Type     : Not applicable or not available
    TRNSYS Message    441 : The inputs to the listed units have not converged at this timestep. The values at the last iteration will be used and the simulation will proceed.
    Reported information  : UNITS: 56  40  47  51  59  63  70
 
*** Warning at time       :      3777.750000
    Generated by Unit     : Not applicable or not available
    Generated by Type     : Not applicable or not available
    TRNSYS Message    441 : The inputs to the listed units have not converged at this timestep. The values at the last iteration will be used and the simulation will proceed.
    Reported information  : UNITS: 56  30  32  36  37  38  39  40  41  42  43  44  45  46  47  48  49  50  51  52  53  54  55  57  58  59  60  61  62  63  64  65  66  67  68  69  70
 
*** Warning at time       :      3778.000000
    Generated by Unit     : Not applicable or not available
    Generated by Type     : Not applicable or not available
    TRNSYS Message    441 : The inputs to the listed units have not converged at this timestep. The values at the last iteration will be used and the simulation will proceed.
    Reported information  : UNITS: 56  30  32  36  37  38  39  40  41  42  43  44  46  47  48  49  50  51  52  53  54  55  58  59  60  61  62  63  64  65  66  67  69  70
 
*** Warning at time       :      3778.500000
    Generated by Unit     : Not applicable or not available
    Generated by Type     : Not applicable or not available
    TRNSYS Message    441 : The inputs to the listed units have not converged at this timestep. The values at the last iteration will be used and the simulation will proceed.
    Reported information  : UNITS: 56  45  57  68
 
*** Warning at time       :      3778.750000
    Generated by Unit     : Not applicable or not available
    Generated by Type     : Not applicable or not available
    TRNSYS Message    441 : The inputs to the listed units have not converged at this timestep. The values at the last iteration will be used and the simulation will proceed.
    Reported information  : UNITS: 56  30  32  36  37  38  39  40  41  42  43  44  46  47  48  49  50  51  52  53  54  55  58  59  60  61  62  63  64  65  66  67  69  70
 
*** Warning at time       :      3779.000000
    Generated by Unit     : Not applicable or not available
    Generated by Type     : Not applicable or not available
    TRNSYS Message    441 : The inputs to the listed units have not converged at this timestep. The values at the last iteration will be used and the simulation will proceed.
    Reported information  : UNITS: 56  41  47  52  59  64  70
 
*** Warning at time       :      3779.250000
    Generated by Unit     : Not applicable or not available
    Generated by Type     : Not applicable or not available
    TRNSYS Message    441 : The inputs to the listed units have not converged at this timestep. The values at the last iteration will be used and the simulation will proceed.
    Reported information  : UNITS: 56  45  57  68
 
*** Warning at time       :      3779.500000
    Generated by Unit     : Not applicable or not available
    Generated by Type     : Not applicable or not available
    TRNSYS Message    441 : The inputs to the listed units have not converged at this timestep. The values at the last iteration will be used and the simulation will proceed.
    Reported information  : UNITS: 56  30  32  36  37  38  39  40  43  44  46  48  49  50  51  54  55  58  60  61  62  63  66  67  69
 
*** Warning at time       :      3779.750000
    Generated by Unit     : Not applicable or not available
    Generated by Type     : Not applicable or not available
    TRNSYS Message    441 : The inputs to the listed units have not converged at this timestep. The values at the last iteration will be used and the simulation will proceed.
    Reported information  : UNITS: 56  30  32  36  37  38  39  40  41  42  43  44  46  47  48  49  50  51  52  53  54  55  58  59  60  61  62  63  64  65  66  67  69  70
 
*** Warning at time       :      3780.000000
    Generated by Unit     : Not applicable or not available
    Generated by Type     : Not applicable or not available
    TRNSYS Message    441 : The inputs to the listed units have not converged at this timestep. The values at the last iteration will be used and the simulation will proceed.
    Reported information  : UNITS: 56  41  45  47  52  57  59  64  68  70
 
*** Warning at time       :      3780.750000
    Generated by Unit     : Not applicable or not available
    Generated by Type     : Not applicable or not available
    TRNSYS Message    441 : The inputs to the listed units have not converged at this timestep. The values at the last iteration will be used and the simulation will proceed.
    Reported information  : UNITS: 56  45  57  68
 
*** Warning at time       :      3781.500000
    Generated by Unit     : Not applicable or not available
    Generated by Type     : Not applicable or not available
    TRNSYS Message    441 : The inputs to the listed units have not converged at this timestep. The values at the last iteration will be used and the simulation will proceed.
    Reported information  : UNITS: 56  45  57  68
 
*** Warning at time       :      3782.250000
    Generated by Unit     : Not applicable or not available
    Generated by Type     : Not applicable or not available
    TRNSYS Message    441 : The inputs to the listed units have not converged at this timestep. The values at the last iteration will be used and the simulation will proceed.
    Reported information  : UNITS: 56  45  57  68
 
*** Warning at time       :      3783.000000
    Generated by Unit     : Not applicable or not available
    Generated by Type     : Not applicable or not available
    TRNSYS Message    441 : The inputs to the listed units have not converged at this timestep. The values at the last iteration will be used and the simulation will proceed.
    Reported information  : UNITS: 56  45  57  68
 
*** Warning at time       :      3783.750000
    Generated by Unit     : Not applicable or not available
    Generated by Type     : Not applicable or not available
    TRNSYS Message    441 : The inputs to the listed units have not converged at this timestep. The values at the last iteration will be used and the simulation will proceed.
    Reported information  : UNITS: 56  45  57  68
 
*** Warning at time       :      3784.500000
    Generated by Unit     : Not applicable or not available
    Generated by Type     : Not applicable or not available
    TRNSYS Message    441 : The inputs to the listed units have not converged at this timestep. The values at the last iteration will be used and the simulation will proceed.
    Reported information  : UNITS: 56  45  57  68
 
*** Warning at time       :      3785.250000
    Generated by Unit     : Not applicable or not available
    Generated by Type     : Not applicable or not available
    TRNSYS Message    441 : The inputs to the listed units have not converged at this timestep. The values at the last iteration will be used and the simulation will proceed.
    Reported information  : UNITS: 56  45  57  68
 
*** Warning at time       :      3786.000000
    Generated by Unit     : Not applicable or not available
    Generated by Type     : Not applicable or not available
    TRNSYS Message    441 : The inputs to the listed units have not converged at this timestep. The values at the last iteration will be used and the simulation will proceed.
    Reported information  : UNITS: 56  45  57  68
 
*** Warning at time       :      3786.750000
    Generated by Unit     : Not applicable or not available
    Generated by Type     : Not applicable or not available
    TRNSYS Message    441 : The inputs to the listed units have not converged at this timestep. The values at the last iteration will be used and the simulation will proceed.
    Reported information  : UNITS: 56  45  57  68
 
*** Warning at time       :      3787.500000
    Generated by Unit     : Not applicable or not available
    Generated by Type     : Not applicable or not available
    TRNSYS Message    441 : The inputs to the listed units have not converged at this timestep. The values at the last iteration will be used and the simulation will proceed.
    Reported information  : UNITS: 56  45  57  68
 
*** Warning at time       :      3788.250000
    Generated by Unit     : Not applicable or not available
    Generated by Type     : Not applicable or not available
    TRNSYS Message    441 : The inputs to the listed units have not converged at this timestep. The values at the last iteration will be used and the simulation will proceed.
    Reported information  : UNITS: 56  45  57  68
 
*** Warning at time       :      3789.000000
    Generated by Unit     : Not applicable or not available
    Generated by Type     : Not applicable or not available
    TRNSYS Message    441 : The inputs to the listed units have not converged at this timestep. The values at the last iteration will be used and the simulation will proceed.
    Reported information  : UNITS: 56  45  57  68
 
*** Warning at time       :      3789.500000
    Generated by Unit     : Not applicable or not available
    Generated by Type     : Not applicable or not available
    TRNSYS Message    441 : The inputs to the listed units have not converged at this timestep. The values at the last iteration will be used and the simulation will proceed.
    Reported information  : UNITS: 56  30  32  36  42  53  65
 
*** Warning at time       :      3789.750000
    Generated by Unit     : Not applicable or not available
    Generated by Type     : Not applicable or not available
    TRNSYS Message    441 : The inputs to the listed units have not converged at this timestep. The values at the last iteration will be used and the simulation will proceed.
    Reported information  : UNITS: 56  38  39  41  43  44  46  47  49  50  52  54  55  58  59  61  62  64  66  67  69  70
 
*** Warning at time       :      3801.750000
    Generated by Unit     : Not applicable or not available
    Generated by Type     : Not applicable or not available
    TRNSYS Message    441 : The inputs to the listed units have not converged at this timestep. The values at the last iteration will be used and the simulation will proceed.
    Reported information  : UNITS: 56  30  32  36  37  38  39  40  42  43  44  45  46  48  49  50  51  53  54  55  57  58  60  61  62  63  65  66  67  68  69
 
*** Warning at time       :      3802.000000
    Generated by Unit     : Not applicable or not available
    Generated by Type     : Not applicable or not available
    TRNSYS Message    441 : The inputs to the listed units have not converged at this timestep. The values at the last iteration will be used and the simulation will proceed.
    Reported information  : UNITS: 56  30  32  36  37  38  39  40  41  42  43  44  45  46  47  48  49  50  51  52  53  54  55  57  58  59  60  61  62  63  64  65  66  67  68  69  70
 
*** Warning at time       :      3802.250000
    Generated by Unit     : Not applicable or not available
    Generated by Type     : Not applicable or not available
    TRNSYS Message    441 : The inputs to the listed units have not converged at this timestep. The values at the last iteration will be used and the simulation will proceed.
    Reported information  : UNITS: 56  41  47  52  59  64  70
 
*** Warning at time       :      3802.750000
    Generated by Unit     : Not applicable or not available
    Generated by Type     : Not applicable or not available
    TRNSYS Message    441 : The inputs to the listed units have not converged at this timestep. The values at the last iteration will be used and the simulation will proceed.
    Reported information  : UNITS: 56  45  57  68
 
*** Warning at time       :      3803.000000
    Generated by Unit     : Not applicable or not available
    Generated by Type     : Not applicable or not available
    TRNSYS Message    441 : The inputs to the listed units have not converged at this timestep. The values at the last iteration will be used and the simulation will proceed.
    Reported information  : UNITS: 56  45  57  68
 
*** Warning at time       :      3803.250000
    Generated by Unit     : Not applicable or not available
    Generated by Type     : Not applicable or not available
    TRNSYS Message    441 : The inputs to the listed units have not converged at this timestep. The values at the last iteration will be used and the simulation will proceed.
    Reported information  : UNITS: 56  30  32  36  37  38  39  40  41  42  43  44  46  47  48  49  50  51  52  53  54  55  58  59  60  61  62  63  64  65  66  67  69  70
 
*** Warning at time       :      3803.500000
    Generated by Unit     : Not applicable or not available
    Generated by Type     : Not applicable or not available
    TRNSYS Message    441 : The inputs to the listed units have not converged at this timestep. The values at the last iteration will be used and the simulation will proceed.
    Reported information  : UNITS: 56  45  57  68
 
*** Warning at time       :      3803.750000
    Generated by Unit     : Not applicable or not available
    Generated by Type     : Not applicable or not available
    TRNSYS Message    441 : The inputs to the listed units have not converged at this timestep. The values at the last iteration will be used and the simulation will proceed.
    Reported information  : UNITS: 56  45  57  68
 
*** Warning at time       :      3804.250000
    Generated by Unit     : Not applicable or not available
    Generated by Type     : Not applicable or not available
    TRNSYS Message    441 : The inputs to the listed units have not converged at this timestep. The values at the last iteration will be used and the simulation will proceed.
    Reported information  : UNITS: 56  45  57  68
 
*** Warning at time       :      3804.500000
    Generated by Unit     : Not applicable or not available
    Generated by Type     : Not applicable or not available
    TRNSYS Message    441 : The inputs to the listed units have not converged at this timestep. The values at the last iteration will be used and the simulation will proceed.
    Reported information  : UNITS: 56  30  32  36  37  38  39  40  41  42  43  44  45  46  47  48  49  50  51  52  53  54  55  57  58  59  60  61  62  63  64  65  66  67  68  69  70
 
*** Warning at time       :      3805.000000
    Generated by Unit     : Not applicable or not available
    Generated by Type     : Not applicable or not available
    TRNSYS Message    441 : The inputs to the listed units have not converged at this timestep. The values at the last iteration will be used and the simulation will proceed.
    Reported information  : UNITS: 56  45  57  68
 
*** Warning at time       :      3805.250000
    Generated by Unit     : Not applicable or not available
    Generated by Type     : Not applicable or not available
    TRNSYS Message    441 : The inputs to the listed units have not converged at this timestep. The values at the last iteration will be used and the simulation will proceed.
    Reported information  : UNITS: 56  45  57  68
 
*** Warning at time       :      3805.750000
    Generated by Unit     : Not applicable or not available
    Generated by Type     : Not applicable or not available
    TRNSYS Message    441 : The inputs to the listed units have not converged at this timestep. The values at the last iteration will be used and the simulation will proceed.
    Reported information  : UNITS: 56  41  45  47  52  57  59  64  68  70
 
*** Warning at time       :      3806.000000
    Generated by Unit     : Not applicable or not available
    Generated by Type     : Not applicable or not available
    TRNSYS Message    441 : The inputs to the listed units have not converged at this timestep. The values at the last iteration will be used and the simulation will proceed.
    Reported information  : UNITS: 56  45  57  68
 
*** Warning at time       :      3806.500000
    Generated by Unit     : Not applicable or not available
    Generated by Type     : Not applicable or not available
    TRNSYS Message    441 : The inputs to the listed units have not converged at this timestep. The values at the last iteration will be used and the simulation will proceed.
    Reported information  : UNITS: 56  45  57  68
 
*** Warning at time       :      3806.750000
    Generated by Unit     : Not applicable or not available
    Generated by Type     : Not applicable or not available
    TRNSYS Message    441 : The inputs to the listed units have not converged at this timestep. The values at the last iteration will be used and the simulation will proceed.
    Reported information  : UNITS: 56  45  57  68
 
*** Warning at time       :      3807.250000
    Generated by Unit     : Not applicable or not available
    Generated by Type     : Not applicable or not available
    TRNSYS Message    441 : The inputs to the listed units have not converged at this timestep. The values at the last iteration will be used and the simulation will proceed.
    Reported information  : UNITS: 56  45  57  68
 
*** Warning at time       :      3807.500000
    Generated by Unit     : Not applicable or not available
    Generated by Type     : Not applicable or not available
    TRNSYS Message    441 : The inputs to the listed units have not converged at this timestep. The values at the last iteration will be used and the simulation will proceed.
    Reported information  : UNITS: 56  45  57  68
 
*** Warning at time       :      3808.000000
    Generated by Unit     : Not applicable or not available
    Generated by Type     : Not applicable or not available
    TRNSYS Message    441 : The inputs to the listed units have not converged at this timestep. The values at the last iteration will be used and the simulation will proceed.
    Reported information  : UNITS: 56  45  57  68
 
*** Warning at time       :      3808.750000
    Generated by Unit     : Not applicable or not available
    Generated by Type     : Not applicable or not available
    TRNSYS Message    441 : The inputs to the listed units have not converged at this timestep. The values at the last iteration will be used and the simulation will proceed.
    Reported information  : UNITS: 56  45  57  68
 
*** Warning at time       :      3809.500000
    Generated by Unit     : Not applicable or not available
    Generated by Type     : Not applicable or not available
    TRNSYS Message    441 : The inputs to the listed units have not converged at this timestep. The values at the last iteration will be used and the simulation will proceed.
    Reported information  : UNITS: 56  45  57  68
 
*** Warning at time       :      3810.250000
    Generated by Unit     : Not applicable or not available
    Generated by Type     : Not applicable or not available
    TRNSYS Message    441 : The inputs to the listed units have not converged at this timestep. The values at the last iteration will be used and the simulation will proceed.
    Reported information  : UNITS: 56  45  57  68
 
*** Warning at time       :      3810.500000
    Generated by Unit     : Not applicable or not available
    Generated by Type     : Not applicable or not available
    TRNSYS Message    441 : The inputs to the listed units have not converged at this timestep. The values at the last iteration will be used and the simulation will proceed.
    Reported information  : UNITS: 56  45  57  68
 
*** Warning at time       :      3811.000000
    Generated by Unit     : Not applicable or not available
    Generated by Type     : Not applicable or not available
    TRNSYS Message    441 : The inputs to the listed units have not converged at this timestep. The values at the last iteration will be used and the simulation will proceed.
    Reported information  : UNITS: 56  45  57  68
 
*** Warning at time       :      3811.250000
    Generated by Unit     : Not applicable or not available
    Generated by Type     : Not applicable or not available
    TRNSYS Message    441 : The inputs to the listed units have not converged at this timestep. The values at the last iteration will be used and the simulation will proceed.
    Reported information  : UNITS: 56  45  57  68
 
*** Warning at time       :      3811.750000
    Generated by Unit     : Not applicable or not available
    Generated by Type     : Not applicable or not available
    TRNSYS Message    441 : The inputs to the listed units have not converged at this timestep. The values at the last iteration will be used and the simulation will proceed.
    Reported information  : UNITS: 56  45  57  68
 
*** Warning at time       :      3812.000000
    Generated by Unit     : Not applicable or not available
    Generated by Type     : Not applicable or not available
    TRNSYS Message    441 : The inputs to the listed units have not converged at this timestep. The values at the last iteration will be used and the simulation will proceed.
    Reported information  : UNITS: 56  45  57  68
 
*** Warning at time       :      3812.500000
    Generated by Unit     : Not applicable or not available
    Generated by Type     : Not applicable or not available
    TRNSYS Message    441 : The inputs to the listed units have not converged at this timestep. The values at the last iteration will be used and the simulation will proceed.
    Reported information  : UNITS: 56  45  57  68
 
*** Warning at time       :      3812.750000
    Generated by Unit     : Not applicable or not available
    Generated by Type     : Not applicable or not available
    TRNSYS Message    441 : The inputs to the listed units have not converged at this timestep. The values at the last iteration will be used and the simulation will proceed.
    Reported information  : UNITS: 56  45  57  68
 
*** Warning at time       :      3813.250000
    Generated by Unit     : Not applicable or not available
    Generated by Type     : Not applicable or not available
    TRNSYS Message    441 : The inputs to the listed units have not converged at this timestep. The values at the last iteration will be used and the simulation will proceed.
    Reported information  : UNITS: 56  41  47  52  59  64  70
 
*** Warning at time       :      3813.500000
    Generated by Unit     : Not applicable or not available
    Generated by Type     : Not applicable or not available
    TRNSYS Message    441 : The inputs to the listed units have not converged at this timestep. The values at the last iteration will be used and the simulation will proceed.
    Reported information  : UNITS: 56  45  57  68
 
*** Warning at time       :      3813.750000
    Generated by Unit     : Not applicable or not available
    Generated by Type     : Not applicable or not available
    TRNSYS Message    441 : The inputs to the listed units have not converged at this timestep. The values at the last iteration will be used and the simulation will proceed.
    Reported information  : UNITS: 56  30  32  36  42  45  53  57  65  68
 
*** Warning at time       :      3874.000000
    Generated by Unit     : Not applicable or not available
    Generated by Type     : Not applicable or not available
    TRNSYS Message    441 : The inputs to the listed units have not converged at this timestep. The values at the last iteration will be used and the simulation will proceed.
    Reported information  : UNITS: 56  30  32  36  37  38  39  40  42  43  44  45  46  47  48  49  50  51  53  54  55  57  58  59  60  61  62  63  65  66  67  68  69  70
 
*** Warning at time       :      3874.250000
    Generated by Unit     : Not applicable or not available
    Generated by Type     : Not applicable or not available
    TRNSYS Message    441 : The inputs to the listed units have not converged at this timestep. The values at the last iteration will be used and the simulation will proceed.
    Reported information  : UNITS: 56  30  32  36  37  38  39  40  41  42  43  44  45  46  47  48  49  50  51  52  53  54  55  57  58  59  60  61  62  63  64  65  66  67  68  69  70
 
*** Warning at time       :      3874.500000
    Generated by Unit     : Not applicable or not available
    Generated by Type     : Not applicable or not available
    TRNSYS Message    441 : The inputs to the listed units have not converged at this timestep. The values at the last iteration will be used and the simulation will proceed.
    Reported information  : UNITS: 56  41  52  64
 
*** Warning at time       :      3875.000000
    Generated by Unit     : Not applicable or not available
    Generated by Type     : Not applicable or not available
    TRNSYS Message    441 : The inputs to the listed units have not converged at this timestep. The values at the last iteration will be used and the simulation will proceed.
    Reported information  : UNITS: 56  45  47  57  59  68  70
 
*** Warning at time       :      3875.250000
    Generated by Unit     : Not applicable or not available
    Generated by Type     : Not applicable or not available
    TRNSYS Message    441 : The inputs to the listed units have not converged at this timestep. The values at the last iteration will be used and the simulation will proceed.
    Reported information  : UNITS: 56  30  32  36  37  38  39  40  41  42  43  44  45  46  48  49  50  51  52  53  54  55  57  58  60  61  62  63  64  65  66  67  68  69
 
*** Warning at time       :      3875.500000
    Generated by Unit     : Not applicable or not available
    Generated by Type     : Not applicable or not available
    TRNSYS Message    441 : The inputs to the listed units have not converged at this timestep. The values at the last iteration will be used and the simulation will proceed.
    Reported information  : UNITS: 56  41  52  64
 
*** Warning at time       :      3876.000000
    Generated by Unit     : Not applicable or not available
    Generated by Type     : Not applicable or not available
    TRNSYS Message    441 : The inputs to the listed units have not converged at this timestep. The values at the last iteration will be used and the simulation will proceed.
    Reported information  : UNITS: 56  45  47  57  59  68  70
 
*** Warning at time       :      3876.250000
    Generated by Unit     : Not applicable or not available
    Generated by Type     : Not applicable or not available
    TRNSYS Message    441 : The inputs to the listed units have not converged at this timestep. The values at the last iteration will be used and the simulation will proceed.
    Reported information  : UNITS: 56  30  32  36  37  38  39  40  42  43  44  45  46  48  49  50  51  53  54  55  57  58  60  61  62  63  65  66  67  68  69
 
*** Warning at time       :      3876.500000
    Generated by Unit     : Not applicable or not available
    Generated by Type     : Not applicable or not available
    TRNSYS Message    441 : The inputs to the listed units have not converged at this timestep. The values at the last iteration will be used and the simulation will proceed.
    Reported information  : UNITS: 56  41  52  64
 
*** Warning at time       :      3877.000000
    Generated by Unit     : Not applicable or not available
    Generated by Type     : Not applicable or not available
    TRNSYS Message    441 : The inputs to the listed units have not converged at this timestep. The values at the last iteration will be used and the simulation will proceed.
    Reported information  : UNITS: 56  45  47  57  59  68  70
 
*** Warning at time       :      3877.250000
    Generated by Unit     : Not applicable or not available
    Generated by Type     : Not applicable or not available
    TRNSYS Message    441 : The inputs to the listed units have not converged at this timestep. The values at the last iteration will be used and the simulation will proceed.
    Reported information  : UNITS: 56  39  40  50  51  62  63
 
*** Warning at time       :      3877.500000
    Generated by Unit     : Not applicable or not available
    Generated by Type     : Not applicable or not available
    TRNSYS Message    441 : The inputs to the listed units have not converged at this timestep. The values at the last iteration will be used and the simulation will proceed.
    Reported information  : UNITS: 56  41  52  64
 
*** Warning at time       :      3877.750000
    Generated by Unit     : Not applicable or not available
    Generated by Type     : Not applicable or not available
    TRNSYS Message    441 : The inputs to the listed units have not converged at this timestep. The values at the last iteration will be used and the simulation will proceed.
    Reported information  : UNITS: 56  45  57  68
 
*** Warning at time       :      3878.000000
    Generated by Unit     : Not applicable or not available
    Generated by Type     : Not applicable or not available
    TRNSYS Message    441 : The inputs to the listed units have not converged at this timestep. The values at the last iteration will be used and the simulation will proceed.
    Reported information  : UNITS: 56  45  47  57  59  68  70
 
*** Warning at time       :      3878.500000
    Generated by Unit     : Not applicable or not available
    Generated by Type     : Not applicable or not available
    TRNSYS Message    441 : The inputs to the listed units have not converged at this timestep. The values at the last iteration will be used and the simulation will proceed.
    Reported information  : UNITS: 56  41  45  52  57  64  68
 
*** Warning at time       :      3879.250000
    Generated by Unit     : Not applicable or not available
    Generated by Type     : Not applicable or not available
    TRNSYS Message    441 : The inputs to the listed units have not converged at this timestep. The values at the last iteration will be used and the simulation will proceed.
    Reported information  : UNITS: 56  45  57  68
 
*** Warning at time       :      3880.000000
    Generated by Unit     : Not applicable or not available
    Generated by Type     : Not applicable or not available
    TRNSYS Message    441 : The inputs to the listed units have not converged at this timestep. The values at the last iteration will be used and the simulation will proceed.
    Reported information  : UNITS: 56  45  57  68
 
*** Warning at time       :      3880.750000
    Generated by Unit     : Not applicable or not available
    Generated by Type     : Not applicable or not available
    TRNSYS Message    441 : The inputs to the listed units have not converged at this timestep. The values at the last iteration will be used and the simulation will proceed.
    Reported information  : UNITS: 56  45  57  68
 
*** Warning at time       :      3881.500000
    Generated by Unit     : Not applicable or not available
    Generated by Type     : Not applicable or not available
    TRNSYS Message    441 : The inputs to the listed units have not converged at this timestep. The values at the last iteration will be used and the simulation will proceed.
    Reported information  : UNITS: 56  45  57  68
 
*** Warning at time       :      3882.250000
    Generated by Unit     : Not applicable or not available
    Generated by Type     : Not applicable or not available
    TRNSYS Message    441 : The inputs to the listed units have not converged at this timestep. The values at the last iteration will be used and the simulation will proceed.
    Reported information  : UNITS: 56  45  57  68
 
*** Warning at time       :      3883.000000
    Generated by Unit     : Not applicable or not available
    Generated by Type     : Not applicable or not available
    TRNSYS Message    441 : The inputs to the listed units have not converged at this timestep. The values at the last iteration will be used and the simulation will proceed.
    Reported information  : UNITS: 56  45  57  68
 
*** Warning at time       :      3883.750000
    Generated by Unit     : Not applicable or not available
    Generated by Type     : Not applicable or not available
    TRNSYS Message    441 : The inputs to the listed units have not converged at this timestep. The values at the last iteration will be used and the simulation will proceed.
    Reported information  : UNITS: 56  45  57  68
 
*** Warning at time       :      3884.000000
    Generated by Unit     : Not applicable or not available
    Generated by Type     : Not applicable or not available
    TRNSYS Message    441 : The inputs to the listed units have not converged at this timestep. The values at the last iteration will be used and the simulation will proceed.
    Reported information  : UNITS: 56  45  57  68
 
*** Warning at time       :      3884.500000
    Generated by Unit     : Not applicable or not available
    Generated by Type     : Not applicable or not available
    TRNSYS Message    441 : The inputs to the listed units have not converged at this timestep. The values at the last iteration will be used and the simulation will proceed.
    Reported information  : UNITS: 56  45  57  68
 
*** Warning at time       :      3884.750000
    Generated by Unit     : Not applicable or not available
    Generated by Type     : Not applicable or not available
    TRNSYS Message    441 : The inputs to the listed units have not converged at this timestep. The values at the last iteration will be used and the simulation will proceed.
    Reported information  : UNITS: 56  45  57  68
 
*** Warning at time       :      3885.250000
    Generated by Unit     : Not applicable or not available
    Generated by Type     : Not applicable or not available
    TRNSYS Message    441 : The inputs to the listed units have not converged at this timestep. The values at the last iteration will be used and the simulation will proceed.
    Reported information  : UNITS: 56  41  43  45  52  54  57  64  66  68
 
*** Warning at time       :      3885.500000
    Generated by Unit     : Not applicable or not available
    Generated by Type     : Not applicable or not available
    TRNSYS Message    441 : The inputs to the listed units have not converged at this timestep. The values at the last iteration will be used and the simulation will proceed.
    Reported information  : UNITS: 56  37  42  44  45  48  53  55  57  60  65  67  68
 
*** Warning at time       :      3885.750000
    Generated by Unit     : Not applicable or not available
    Generated by Type     : Not applicable or not available
    TRNSYS Message    441 : The inputs to the listed units have not converged at this timestep. The values at the last iteration will be used and the simulation will proceed.
    Reported information  : UNITS: 56  30  32  36  38  39  46  47  49  50  58  59  61  62  69  70
 
*** Warning at time       :      3897.750000
    Generated by Unit     : Not applicable or not available
    Generated by Type     : Not applicable or not available
    TRNSYS Message    441 : The inputs to the listed units have not converged at this timestep. The values at the last iteration will be used and the simulation will proceed.
    Reported information  : UNITS: 56  30  32  36  37  38  39  40  41  42  43  44  45  46  47  48  49  50  51  52  53  54  55  57  58  59  60  61  62  63  64  65  66  67  68  69  70
 
*** Warning at time       :      3898.000000
    Generated by Unit     : Not applicable or not available
    Generated by Type     : Not applicable or not available
    TRNSYS Message    441 : The inputs to the listed units have not converged at this timestep. The values at the last iteration will be used and the simulation will proceed.
    Reported information  : UNITS: 56  30  32  36  37  38  39  40  41  42  43  44  45  46  47  48  49  50  51  52  53  54  55  57  58  59  60  61  62  63  64  65  66  67  68  69  70
 
*** Warning at time       :      3898.500000
    Generated by Unit     : Not applicable or not available
    Generated by Type     : Not applicable or not available
    TRNSYS Message    441 : The inputs to the listed units have not converged at this timestep. The values at the last iteration will be used and the simulation will proceed.
    Reported information  : UNITS: 56  45  57  68
 
*** Warning at time       :      3898.750000
    Generated by Unit     : Not applicable or not available
    Generated by Type     : Not applicable or not available
    TRNSYS Message    441 : The inputs to the listed units have not converged at this timestep. The values at the last iteration will be used and the simulation will proceed.
    Reported information  : UNITS: 56  30  32  36  37  38  39  40  41  42  43  44  45  46  47  48  49  50  51  52  53  54  55  57  58  59  60  61  62  63  64  65  66  67  68  69  70
 
*** Warning at time       :      3899.000000
    Generated by Unit     : Not applicable or not available
    Generated by Type     : Not applicable or not available
    TRNSYS Message    441 : The inputs to the listed units have not converged at this timestep. The values at the last iteration will be used and the simulation will proceed.
    Reported information  : UNITS: 56  30  32  36  37  38  39  40  41  43  44  46  47  48  49  50  51  52  54  55  58  59  60  61  62  63  64  66  67  69  70
 
*** Warning at time       :      3899.250000
    Generated by Unit     : Not applicable or not available
    Generated by Type     : Not applicable or not available
    TRNSYS Message    441 : The inputs to the listed units have not converged at this timestep. The values at the last iteration will be used and the simulation will proceed.
    Reported information  : UNITS: 56  45  57  68
 
*** Warning at time       :      3899.500000
    Generated by Unit     : Not applicable or not available
    Generated by Type     : Not applicable or not available
    TRNSYS Message    441 : The inputs to the listed units have not converged at this timestep. The values at the last iteration will be used and the simulation will proceed.
    Reported information  : UNITS: 56  42  45  53  57  65  68
 
*** Warning at time       :      3899.750000
    Generated by Unit     : Not applicable or not available
    Generated by Type     : Not applicable or not available
    TRNSYS Message    441 : The inputs to the listed units have not converged at this timestep. The values at the last iteration will be used and the simulation will proceed.
    Reported information  : UNITS: 56  30  32  36  37  38  39  40  41  42  43  44  46  47  48  49  50  51  52  53  54  55  58  59  60  61  62  63  64  65  66  67  69  70
 
*** Warning at time       :      3900.000000
    Generated by Unit     : Not applicable or not available
    Generated by Type     : Not applicable or not available
    TRNSYS Message    441 : The inputs to the listed units have not converged at this timestep. The values at the last iteration will be used and the simulation will proceed.
    Reported information  : UNITS: 56  45  57  68
 
*** Warning at time       :      3900.250000
    Generated by Unit     : Not applicable or not available
    Generated by Type     : Not applicable or not available
    TRNSYS Message    441 : The inputs to the listed units have not converged at this timestep. The values at the last iteration will be used and the simulation will proceed.
    Reported information  : UNITS: 56  45  57  68
 
*** Warning at time       :      3900.500000
    Generated by Unit     : Not applicable or not available
    Generated by Type     : Not applicable or not available
    TRNSYS Message    441 : The inputs to the listed units have not converged at this timestep. The values at the last iteration will be used and the simulation will proceed.
    Reported information  : UNITS: 56  30  32  36  37  38  39  40  41  43  44  46  47  48  49  50  51  52  54  55  58  59  60  61  62  63  64  66  67  69  70
 
*** Warning at time       :      3900.750000
    Generated by Unit     : Not applicable or not available
    Generated by Type     : Not applicable or not available
    TRNSYS Message    441 : The inputs to the listed units have not converged at this timestep. The values at the last iteration will be used and the simulation will proceed.
    Reported information  : UNITS: 56  45  47  57  59  68  70
 
*** Warning at time       :      3901.500000
    Generated by Unit     : Not applicable or not available
    Generated by Type     : Not applicable or not available
    TRNSYS Message    441 : The inputs to the listed units have not converged at this timestep. The values at the last iteration will be used and the simulation will proceed.
    Reported information  : UNITS: 56  45  57  68
 
*** Warning at time       :      3902.250000
    Generated by Unit     : Not applicable or not available
    Generated by Type     : Not applicable or not available
    TRNSYS Message    441 : The inputs to the listed units have not converged at this timestep. The values at the last iteration will be used and the simulation will proceed.
    Reported information  : UNITS: 56  45  57  68
 
*** Warning at time       :      3903.000000
    Generated by Unit     : Not applicable or not available
    Generated by Type     : Not applicable or not available
    TRNSYS Message    441 : The inputs to the listed units have not converged at this timestep. The values at the last iteration will be used and the simulation will proceed.
    Reported information  : UNITS: 56  45  57  68
 
*** Warning at time       :      3903.750000
    Generated by Unit     : Not applicable or not available
    Generated by Type     : Not applicable or not available
    TRNSYS Message    441 : The inputs to the listed units have not converged at this timestep. The values at the last iteration will be used and the simulation will proceed.
    Reported information  : UNITS: 56  45  57  68
 
*** Warning at time       :      3904.500000
    Generated by Unit     : Not applicable or not available
    Generated by Type     : Not applicable or not available
    TRNSYS Message    441 : The inputs to the listed units have not converged at this timestep. The values at the last iteration will be used and the simulation will proceed.
    Reported information  : UNITS: 56  45  57  68
 
*** Warning at time       :      3905.250000
    Generated by Unit     : Not applicable or not available
    Generated by Type     : Not applicable or not available
    TRNSYS Message    441 : The inputs to the listed units have not converged at this timestep. The values at the last iteration will be used and the simulation will proceed.
    Reported information  : UNITS: 56  45  57  68
 
*** Warning at time       :      3906.000000
    Generated by Unit     : Not applicable or not available
    Generated by Type     : Not applicable or not available
    TRNSYS Message    441 : The inputs to the listed units have not converged at this timestep. The values at the last iteration will be used and the simulation will proceed.
    Reported information  : UNITS: 56  45  57  68
 
*** Warning at time       :      3906.750000
    Generated by Unit     : Not applicable or not available
    Generated by Type     : Not applicable or not available
    TRNSYS Message    441 : The inputs to the listed units have not converged at this timestep. The values at the last iteration will be used and the simulation will proceed.
    Reported information  : UNITS: 56  45  57  68
 
*** Warning at time       :      3907.500000
    Generated by Unit     : Not applicable or not available
    Generated by Type     : Not applicable or not available
    TRNSYS Message    441 : The inputs to the listed units have not converged at this timestep. The values at the last iteration will be used and the simulation will proceed.
    Reported information  : UNITS: 56  45  57  68
 
*** Warning at time       :      3908.250000
    Generated by Unit     : Not applicable or not available
    Generated by Type     : Not applicable or not available
    TRNSYS Message    441 : The inputs to the listed units have not converged at this timestep. The values at the last iteration will be used and the simulation will proceed.
    Reported information  : UNITS: 56  45  57  68
 
*** Warning at time       :      3908.750000
    Generated by Unit     : Not applicable or not available
    Generated by Type     : Not applicable or not available
    TRNSYS Message    441 : The inputs to the listed units have not converged at this timestep. The values at the last iteration will be used and the simulation will proceed.
    Reported information  : UNITS: 56  38  39  49  50  61  62
 
*** Warning at time       :      3909.000000
    Generated by Unit     : Not applicable or not available
    Generated by Type     : Not applicable or not available
    TRNSYS Message    441 : The inputs to the listed units have not converged at this timestep. The values at the last iteration will be used and the simulation will proceed.
    Reported information  : UNITS: 56  45  57  68
 
*** Warning at time       :      3909.500000
    Generated by Unit     : Not applicable or not available
    Generated by Type     : Not applicable or not available
    TRNSYS Message    441 : The inputs to the listed units have not converged at this timestep. The values at the last iteration will be used and the simulation will proceed.
    Reported information  : UNITS: 56  30  32  36  37  38  39  40  41  43  44  46  47  48  49  50  51  52  54  55  58  59  60  61  62  63  64  66  67  69  70
 
*** Warning at time       :      3909.750000
    Generated by Unit     : Not applicable or not available
    Generated by Type     : Not applicable or not available
    TRNSYS Message    441 : The inputs to the listed units have not converged at this timestep. The values at the last iteration will be used and the simulation will proceed.
    Reported information  : UNITS: 56  30  32  36  37  38  39  40  41  43  44  45  46  47  48  49  50  51  52  54  55  57  58  59  60  61  62  63  64  66  67  68  69  70
 
*** Warning at time       :      3910.000000
    Generated by Unit     : Not applicable or not available
    Generated by Type     : Not applicable or not available
    TRNSYS Message    441 : The inputs to the listed units have not converged at this timestep. The values at the last iteration will be used and the simulation will proceed.
    Reported information  : UNITS: 56  45  57  68
 
*** Warning at time       :      3921.500000
    Generated by Unit     : Not applicable or not available
    Generated by Type     : Not applicable or not available
    TRNSYS Message    441 : The inputs to the listed units have not converged at this timestep. The values at the last iteration will be used and the simulation will proceed.
    Reported information  : UNITS: 56  30  32  36  37  38  39  40  41  42  43  44  45  46  47  48  49  50  51  52  53  54  55  57  58  59  60  61  62  63  64  65  66  67  68  69  70
 
*** Warning at time       :      3922.250000
    Generated by Unit     : Not applicable or not available
    Generated by Type     : Not applicable or not available
    TRNSYS Message    441 : The inputs to the listed units have not converged at this timestep. The values at the last iteration will be used and the simulation will proceed.
    Reported information  : UNITS: 56  30  32  36  37  38  39  40  41  43  44  46  47  48  49  50  51  52  54  55  58  59  60  61  62  63  64  66  67  69  70
 
*** Warning at time       :      3922.750000
    Generated by Unit     : Not applicable or not available
    Generated by Type     : Not applicable or not available
    TRNSYS Message    441 : The inputs to the listed units have not converged at this timestep. The values at the last iteration will be used and the simulation will proceed.
    Reported information  : UNITS: 56  42  53  65
 
*** Warning at time       :      3923.000000
    Generated by Unit     : Not applicable or not available
    Generated by Type     : Not applicable or not available
    TRNSYS Message    441 : The inputs to the listed units have not converged at this timestep. The values at the last iteration will be used and the simulation will proceed.
    Reported information  : UNITS: 56  30  32  36  37  38  39  40  41  43  44  46  47  48  49  50  51  52  54  55  58  59  60  61  62  63  64  66  67  69  70
 
*** Warning at time       :      3923.750000
    Generated by Unit     : Not applicable or not available
    Generated by Type     : Not applicable or not available
    TRNSYS Message    441 : The inputs to the listed units have not converged at this timestep. The values at the last iteration will be used and the simulation will proceed.
    Reported information  : UNITS: 56  37  38  39  40  41  43  44  46  47  48  49  50  51  52  54  55  58  59  60  61  62  63  64  66  67  69  70
 
*** Warning at time       :      3924.500000
    Generated by Unit     : Not applicable or not available
    Generated by Type     : Not applicable or not available
    TRNSYS Message    441 : The inputs to the listed units have not converged at this timestep. The values at the last iteration will be used and the simulation will proceed.
    Reported information  : UNITS: 56  37  38  39  46  48  49  50  58  60  61  62  69
 
*** Warning at time       :      3931.750000
    Generated by Unit     : Not applicable or not available
    Generated by Type     : Not applicable or not available
    TRNSYS Message    441 : The inputs to the listed units have not converged at this timestep. The values at the last iteration will be used and the simulation will proceed.
    Reported information  : UNITS: 56  45  57  68
 
*** Warning at time       :      3933.000000
    Generated by Unit     : Not applicable or not available
    Generated by Type     : Not applicable or not available
    TRNSYS Message    441 : The inputs to the listed units have not converged at this timestep. The values at the last iteration will be used and the simulation will proceed.
    Reported information  : UNITS: 56  45  57  68
 
*** Warning at time       :      3933.750000
    Generated by Unit     : Not applicable or not available
    Generated by Type     : Not applicable or not available
    TRNSYS Message    441 : The inputs to the listed units have not converged at this timestep. The values at the last iteration will be used and the simulation will proceed.
    Reported information  : UNITS: 56  42  43  44  45  53  54  55  57  65  66  67  68
 
*** Warning at time       :      3934.000000
    Generated by Unit     : Not applicable or not available
    Generated by Type     : Not applicable or not available
    TRNSYS Message    441 : The inputs to the listed units have not converged at this timestep. The values at the last iteration will be used and the simulation will proceed.
    Reported information  : UNITS: 56  30  32  36  37  38  39  40  45  46  48  49  50  51  57  58  60  61  62  63  68  69
 
*** Warning at time       :      3945.500000
    Generated by Unit     : Not applicable or not available
    Generated by Type     : Not applicable or not available
    TRNSYS Message    441 : The inputs to the listed units have not converged at this timestep. The values at the last iteration will be used and the simulation will proceed.
    Reported information  : UNITS: 56  30  32  36  37  38  39  40  41  42  43  44  45  46  47  48  49  50  51  52  53  54  55  57  58  59  60  61  62  63  64  65  66  67  68  69  70
 
*** Warning at time       :      3946.250000
    Generated by Unit     : Not applicable or not available
    Generated by Type     : Not applicable or not available
    TRNSYS Message    441 : The inputs to the listed units have not converged at this timestep. The values at the last iteration will be used and the simulation will proceed.
    Reported information  : UNITS: 56  30  32  36  37  38  39  40  41  42  43  44  45  46  47  48  49  50  51  52  53  54  55  57  58  59  60  61  62  63  64  65  66  67  68  69  70
 
*** Warning at time       :      3948.000000
    Generated by Unit     : Not applicable or not available
    Generated by Type     : Not applicable or not available
    TRNSYS Message    441 : The inputs to the listed units have not converged at this timestep. The values at the last iteration will be used and the simulation will proceed.
    Reported information  : UNITS: 56  45  57  68
 
*** Warning at time       :      3953.250000
    Generated by Unit     : Not applicable or not available
    Generated by Type     : Not applicable or not available
    TRNSYS Message    441 : The inputs to the listed units have not converged at this timestep. The values at the last iteration will be used and the simulation will proceed.
    Reported information  : UNITS: 56  45  57  68
 
*** Warning at time       :      3955.000000
    Generated by Unit     : Not applicable or not available
    Generated by Type     : Not applicable or not available
    TRNSYS Message    441 : The inputs to the listed units have not converged at this timestep. The values at the last iteration will be used and the simulation will proceed.
    Reported information  : UNITS: 56  45  57  68
 
*** Warning at time       :      3955.750000
    Generated by Unit     : Not applicable or not available
    Generated by Type     : Not applicable or not available
    TRNSYS Message    441 : The inputs to the listed units have not converged at this timestep. The values at the last iteration will be used and the simulation will proceed.
    Reported information  : UNITS: 56  45  57  68
 
*** Warning at time       :      3956.500000
    Generated by Unit     : Not applicable or not available
    Generated by Type     : Not applicable or not available
    TRNSYS Message    441 : The inputs to the listed units have not converged at this timestep. The values at the last iteration will be used and the simulation will proceed.
    Reported information  : UNITS: 56  45  57  68
 
*** Warning at time       :      3957.250000
    Generated by Unit     : Not applicable or not available
    Generated by Type     : Not applicable or not available
    TRNSYS Message    441 : The inputs to the listed units have not converged at this timestep. The values at the last iteration will be used and the simulation will proceed.
    Reported information  : UNITS: 56  45  57  68
 
*** Warning at time       :      3958.000000
    Generated by Unit     : Not applicable or not available
    Generated by Type     : Not applicable or not available
    TRNSYS Message    441 : The inputs to the listed units have not converged at this timestep. The values at the last iteration will be used and the simulation will proceed.
    Reported information  : UNITS: 56  40  46  51  58  63  69
 
*** Warning at time       :      3969.500000
    Generated by Unit     : Not applicable or not available
    Generated by Type     : Not applicable or not available
    TRNSYS Message    441 : The inputs to the listed units have not converged at this timestep. The values at the last iteration will be used and the simulation will proceed.
    Reported information  : UNITS: 56  30  32  36  37  38  39  40  41  42  43  44  45  46  47  48  49  50  51  52  53  54  55  57  58  59  60  61  62  63  64  65  66  67  68  69  70
 
*** Warning at time       :      3970.250000
    Generated by Unit     : Not applicable or not available
    Generated by Type     : Not applicable or not available
    TRNSYS Message    441 : The inputs to the listed units have not converged at this timestep. The values at the last iteration will be used and the simulation will proceed.
    Reported information  : UNITS: 56  45  57  68
 
*** Warning at time       :      3978.750000
    Generated by Unit     : Not applicable or not available
    Generated by Type     : Not applicable or not available
    TRNSYS Message    441 : The inputs to the listed units have not converged at this timestep. The values at the last iteration will be used and the simulation will proceed.
    Reported information  : UNITS: 56  45  57  68
 
*** Warning at time       :      3980.000000
    Generated by Unit     : Not applicable or not available
    Generated by Type     : Not applicable or not available
    TRNSYS Message    441 : The inputs to the listed units have not converged at this timestep. The values at the last iteration will be used and the simulation will proceed.
    Reported information  : UNITS: 56  45  57  68
 
*** Warning at time       :      3980.750000
    Generated by Unit     : Not applicable or not available
    Generated by Type     : Not applicable or not available
    TRNSYS Message    441 : The inputs to the listed units have not converged at this timestep. The values at the last iteration will be used and the simulation will proceed.
    Reported information  : UNITS: 56  45  57  68
 
*** Warning at time       :      3981.500000
    Generated by Unit     : Not applicable or not available
    Generated by Type     : Not applicable or not available
    TRNSYS Message    441 : The inputs to the listed units have not converged at this timestep. The values at the last iteration will be used and the simulation will proceed.
    Reported information  : UNITS: 56  45  57  68
 
*** Warning at time       :      3981.750000
    Generated by Unit     : Not applicable or not available
    Generated by Type     : Not applicable or not available
    TRNSYS Message    441 : The inputs to the listed units have not converged at this timestep. The values at the last iteration will be used and the simulation will proceed.
    Reported information  : UNITS: 56  45  57  68
 
*** Warning at time       :      3982.000000
    Generated by Unit     : Not applicable or not available
    Generated by Type     : Not applicable or not available
    TRNSYS Message    441 : The inputs to the listed units have not converged at this timestep. The values at the last iteration will be used and the simulation will proceed.
    Reported information  : UNITS: 56  37  38  39  40  42  43  44  46  48  49  50  51  53  54  55  58  60  61  62  63  65  66  67  69
 
*** Warning at time       :      4041.500000
    Generated by Unit     : Not applicable or not available
    Generated by Type     : Not applicable or not available
    TRNSYS Message    441 : The inputs to the listed units have not converged at this timestep. The values at the last iteration will be used and the simulation will proceed.
    Reported information  : UNITS: 56  30  32  36  37  40  41  42  43  44  45  46  47  48  51  52  53  54  55  57  58  59  60  63  64  65  66  67  68  69  70
 
*** Warning at time       :      4041.750000
    Generated by Unit     : Not applicable or not available
    Generated by Type     : Not applicable or not available
    TRNSYS Message    441 : The inputs to the listed units have not converged at this timestep. The values at the last iteration will be used and the simulation will proceed.
    Reported information  : UNITS: 56  30  32  36  37  38  39  40  41  42  43  44  45  46  47  48  49  50  51  52  53  54  55  57  58  59  60  61  62  63  64  65  66  67  68  69  70
 
*** Warning at time       :      4042.250000
    Generated by Unit     : Not applicable or not available
    Generated by Type     : Not applicable or not available
    TRNSYS Message    441 : The inputs to the listed units have not converged at this timestep. The values at the last iteration will be used and the simulation will proceed.
    Reported information  : UNITS: 56  30  32  36  37  40  41  42  43  44  45  46  47  48  51  52  53  54  55  57  58  59  60  63  64  65  66  67  68  69  70
 
*** Warning at time       :      4042.500000
    Generated by Unit     : Not applicable or not available
    Generated by Type     : Not applicable or not available
    TRNSYS Message    441 : The inputs to the listed units have not converged at this timestep. The values at the last iteration will be used and the simulation will proceed.
    Reported information  : UNITS: 56  38  39  49  50  61  62
 
*** Warning at time       :      4043.000000
    Generated by Unit     : Not applicable or not available
    Generated by Type     : Not applicable or not available
    TRNSYS Message    441 : The inputs to the listed units have not converged at this timestep. The values at the last iteration will be used and the simulation will proceed.
    Reported information  : UNITS: 56  30  32  36  37  40  41  42  43  44  45  46  47  48  51  52  53  54  55  57  58  59  60  63  64  65  66  67  68  69  70
 
*** Warning at time       :      4043.250000
    Generated by Unit     : Not applicable or not available
    Generated by Type     : Not applicable or not available
    TRNSYS Message    441 : The inputs to the listed units have not converged at this timestep. The values at the last iteration will be used and the simulation will proceed.
    Reported information  : UNITS: 56  38  39  49  50  61  62
 
*** Warning at time       :      4043.750000
    Generated by Unit     : Not applicable or not available
    Generated by Type     : Not applicable or not available
    TRNSYS Message    441 : The inputs to the listed units have not converged at this timestep. The values at the last iteration will be used and the simulation will proceed.
    Reported information  : UNITS: 56  37  40  44  45  48  51  55  57  60  63  67  68
 
*** Warning at time       :      4050.500000
    Generated by Unit     : Not applicable or not available
    Generated by Type     : Not applicable or not available
    TRNSYS Message    441 : The inputs to the listed units have not converged at this timestep. The values at the last iteration will be used and the simulation will proceed.
    Reported information  : UNITS: 56  37  40  43  46  48  51  54  58  60  63  66  69
 
*** Warning at time       :      4050.750000
    Generated by Unit     : Not applicable or not available
    Generated by Type     : Not applicable or not available
    TRNSYS Message    441 : The inputs to the listed units have not converged at this timestep. The values at the last iteration will be used and the simulation will proceed.
    Reported information  : UNITS: 56  38  39  42  44  49  50  53  55  61  62  65  67
 
*** Warning at time       :      4051.000000
    Generated by Unit     : Not applicable or not available
    Generated by Type     : Not applicable or not available
    TRNSYS Message    441 : The inputs to the listed units have not converged at this timestep. The values at the last iteration will be used and the simulation will proceed.
    Reported information  : UNITS: 56  45  57  68
 
*** Warning at time       :      4051.250000
    Generated by Unit     : Not applicable or not available
    Generated by Type     : Not applicable or not available
    TRNSYS Message    441 : The inputs to the listed units have not converged at this timestep. The values at the last iteration will be used and the simulation will proceed.
    Reported information  : UNITS: 56  30  32  36  37  40  41  43  46  47  48  51  52  54  58  59  60  63  64  66  69  70
 
*** Warning at time       :      4051.500000
    Generated by Unit     : Not applicable or not available
    Generated by Type     : Not applicable or not available
    TRNSYS Message    441 : The inputs to the listed units have not converged at this timestep. The values at the last iteration will be used and the simulation will proceed.
    Reported information  : UNITS: 56  38  39  42  44  49  50  53  55  61  62  65  67
 
*** Warning at time       :      4052.000000
    Generated by Unit     : Not applicable or not available
    Generated by Type     : Not applicable or not available
    TRNSYS Message    441 : The inputs to the listed units have not converged at this timestep. The values at the last iteration will be used and the simulation will proceed.
    Reported information  : UNITS: 56  30  32  36  37  40  43  46  48  51  54  58  60  63  66  69
 
*** Warning at time       :      4052.250000
    Generated by Unit     : Not applicable or not available
    Generated by Type     : Not applicable or not available
    TRNSYS Message    441 : The inputs to the listed units have not converged at this timestep. The values at the last iteration will be used and the simulation will proceed.
    Reported information  : UNITS: 56  38  39  44  49  50  55  61  62  67
 
*** Warning at time       :      4052.750000
    Generated by Unit     : Not applicable or not available
    Generated by Type     : Not applicable or not available
    TRNSYS Message    441 : The inputs to the listed units have not converged at this timestep. The values at the last iteration will be used and the simulation will proceed.
    Reported information  : UNITS: 56  30  32  36  37  40  43  46  48  51  54  58  60  63  66  69
 
*** Warning at time       :      4053.000000
    Generated by Unit     : Not applicable or not available
    Generated by Type     : Not applicable or not available
    TRNSYS Message    441 : The inputs to the listed units have not converged at this timestep. The values at the last iteration will be used and the simulation will proceed.
    Reported information  : UNITS: 56  38  39  44  49  50  55  61  62  67
 
*** Warning at time       :      4053.250000
    Generated by Unit     : Not applicable or not available
    Generated by Type     : Not applicable or not available
    TRNSYS Message    441 : The inputs to the listed units have not converged at this timestep. The values at the last iteration will be used and the simulation will proceed.
    Reported information  : UNITS: 56  41  45  47  52  57  59  64  68  70
 
*** Warning at time       :      4053.500000
    Generated by Unit     : Not applicable or not available
    Generated by Type     : Not applicable or not available
    TRNSYS Message    441 : The inputs to the listed units have not converged at this timestep. The values at the last iteration will be used and the simulation will proceed.
    Reported information  : UNITS: 56  30  32  36  37  40  42  43  46  48  51  53  54  58  60  63  65  66  69
 
*** Warning at time       :      4053.750000
    Generated by Unit     : Not applicable or not available
    Generated by Type     : Not applicable or not available
    TRNSYS Message    441 : The inputs to the listed units have not converged at this timestep. The values at the last iteration will be used and the simulation will proceed.
    Reported information  : UNITS: 56  30  32  36  37  38  39  40  42  43  44  46  48  49  50  51  53  54  55  58  60  61  62  63  65  66  67  69
 
*** Warning at time       :      4054.000000
    Generated by Unit     : Not applicable or not available
    Generated by Type     : Not applicable or not available
    TRNSYS Message    441 : The inputs to the listed units have not converged at this timestep. The values at the last iteration will be used and the simulation will proceed.
    Reported information  : UNITS: 56  38  39  44  49  50  55  61  62  67
 
*** Warning at time       :      4064.250000
    Generated by Unit     : Not applicable or not available
    Generated by Type     : Not applicable or not available
    TRNSYS Message    441 : The inputs to the listed units have not converged at this timestep. The values at the last iteration will be used and the simulation will proceed.
    Reported information  : UNITS: 56  30  32  36  37  38  39  40  41  42  43  44  45  46  47  48  49  50  51  52  53  54  55  57  58  59  60  61  62  63  64  65  66  67  68  69  70
 
*** Warning at time       :      4064.500000
    Generated by Unit     : Not applicable or not available
    Generated by Type     : Not applicable or not available
    TRNSYS Message    441 : The inputs to the listed units have not converged at this timestep. The values at the last iteration will be used and the simulation will proceed.
    Reported information  : UNITS: 56  30  32  36  37  38  39  40  41  42  43  44  45  46  47  48  49  50  51  52  53  54  55  57  58  59  60  61  62  63  64  65  66  67  68  69  70
 
*** Warning at time       :      4065.250000
    Generated by Unit     : Not applicable or not available
    Generated by Type     : Not applicable or not available
    TRNSYS Message    441 : The inputs to the listed units have not converged at this timestep. The values at the last iteration will be used and the simulation will proceed.
    Reported information  : UNITS: 56  30  32  36  37  38  39  40  41  42  43  44  45  46  47  48  49  50  51  52  53  54  55  57  58  59  60  61  62  63  64  65  66  67  68  69  70
 
*** Warning at time       :      4078.000000
    Generated by Unit     : Not applicable or not available
    Generated by Type     : Not applicable or not available
    TRNSYS Message    441 : The inputs to the listed units have not converged at this timestep. The values at the last iteration will be used and the simulation will proceed.
    Reported information  : UNITS: 56  30  32  36  37  38  39  40  41  42  43  44  45  46  47  48  49  50  51  52  53  54  55  57  58  59  60  61  62  63  64  65  66  67  68  69  70
 
*** Warning at time       :      4088.250000
    Generated by Unit     : Not applicable or not available
    Generated by Type     : Not applicable or not available
    TRNSYS Message    441 : The inputs to the listed units have not converged at this timestep. The values at the last iteration will be used and the simulation will proceed.
    Reported information  : UNITS: 56  30  32  36  37  38  39  40  41  42  43  44  45  46  47  48  49  50  51  52  53  54  55  57  58  59  60  61  62  63  64  65  66  67  68  69  70
 
*** Warning at time       :      4088.500000
    Generated by Unit     : Not applicable or not available
    Generated by Type     : Not applicable or not available
    TRNSYS Message    441 : The inputs to the listed units have not converged at this timestep. The values at the last iteration will be used and the simulation will proceed.
    Reported information  : UNITS: 56  30  32  36  37  38  39  40  41  42  43  44  45  46  47  48  49  50  51  52  53  54  55  57  58  59  60  61  62  63  64  65  66  67  68  69  70
 
*** Warning at time       :      4089.000000
    Generated by Unit     : Not applicable or not available
    Generated by Type     : Not applicable or not available
    TRNSYS Message    441 : The inputs to the listed units have not converged at this timestep. The values at the last iteration will be used and the simulation will proceed.
    Reported information  : UNITS: 56  41  45  47  52  57  59  64  68  70
 
*** Warning at time       :      4089.250000
    Generated by Unit     : Not applicable or not available
    Generated by Type     : Not applicable or not available
    TRNSYS Message    441 : The inputs to the listed units have not converged at this timestep. The values at the last iteration will be used and the simulation will proceed.
    Reported information  : UNITS: 56  30  32  36  37  38  39  40  42  43  44  46  48  49  50  51  53  54  55  58  60  61  62  63  65  66  67  69
 
*** Warning at time       :      4102.000000
    Generated by Unit     : Not applicable or not available
    Generated by Type     : Not applicable or not available
    TRNSYS Message    441 : The inputs to the listed units have not converged at this timestep. The values at the last iteration will be used and the simulation will proceed.
    Reported information  : UNITS: 56  30  32  36  37  38  39  40  42  43  44  46  48  49  50  51  53  54  55  58  60  61  62  63  65  66  67  69
 
*** Warning at time       :      4112.250000
    Generated by Unit     : Not applicable or not available
    Generated by Type     : Not applicable or not available
    TRNSYS Message    441 : The inputs to the listed units have not converged at this timestep. The values at the last iteration will be used and the simulation will proceed.
    Reported information  : UNITS: 56  30  32  36  37  38  39  40  41  42  43  44  45  46  47  48  49  50  51  52  53  54  55  57  58  59  60  61  62  63  64  65  66  67  68  69
 
*** Warning at time       :      4112.500000
    Generated by Unit     : Not applicable or not available
    Generated by Type     : Not applicable or not available
    TRNSYS Message    441 : The inputs to the listed units have not converged at this timestep. The values at the last iteration will be used and the simulation will proceed.
    Reported information  : UNITS: 56  30  32  36  37  38  39  40  41  42  43  44  45  46  47  48  49  50  51  52  53  54  55  57  58  59  60  61  62  63  64  65  66  67  68  69  70
 
*** Warning at time       :      4113.000000
    Generated by Unit     : Not applicable or not available
    Generated by Type     : Not applicable or not available
    TRNSYS Message    441 : The inputs to the listed units have not converged at this timestep. The values at the last iteration will be used and the simulation will proceed.
    Reported information  : UNITS: 56  45  57  68
 
*** Warning at time       :      4113.250000
    Generated by Unit     : Not applicable or not available
    Generated by Type     : Not applicable or not available
    TRNSYS Message    441 : The inputs to the listed units have not converged at this timestep. The values at the last iteration will be used and the simulation will proceed.
    Reported information  : UNITS: 56  30  32  36  37  38  39  40  41  42  43  44  45  46  47  48  49  50  51  52  53  54  55  57  58  59  60  61  62  63  64  65  66  67  68  69  70
 
*** Warning at time       :      4125.500000
    Generated by Unit     : Not applicable or not available
    Generated by Type     : Not applicable or not available
    TRNSYS Message    441 : The inputs to the listed units have not converged at this timestep. The values at the last iteration will be used and the simulation will proceed.
    Reported information  : UNITS: 56  38  39  49  50  61  62
 
*** Warning at time       :      4126.000000
    Generated by Unit     : Not applicable or not available
    Generated by Type     : Not applicable or not available
    TRNSYS Message    441 : The inputs to the listed units have not converged at this timestep. The values at the last iteration will be used and the simulation will proceed.
    Reported information  : UNITS: 56  30  32  36  42  44  46  53  55  58  65  67  69
 
*** Warning at time       :      4136.250000
    Generated by Unit     : Not applicable or not available
    Generated by Type     : Not applicable or not available
    TRNSYS Message    441 : The inputs to the listed units have not converged at this timestep. The values at the last iteration will be used and the simulation will proceed.
    Reported information  : UNITS: 56  30  32  36  37  38  39  40  41  42  43  44  45  46  47  48  49  50  51  52  53  54  55  57  58  59  60  61  62  63  65  66  67  68  69
 
*** Warning at time       :      4136.500000
    Generated by Unit     : Not applicable or not available
    Generated by Type     : Not applicable or not available
    TRNSYS Message    441 : The inputs to the listed units have not converged at this timestep. The values at the last iteration will be used and the simulation will proceed.
    Reported information  : UNITS: 56  30  32  36  37  38  39  40  41  42  43  44  45  46  47  48  49  50  51  52  53  54  55  57  58  59  60  61  62  63  64  65  66  67  68  69
 
*** Warning at time       :      4137.000000
    Generated by Unit     : Not applicable or not available
    Generated by Type     : Not applicable or not available
    TRNSYS Message    441 : The inputs to the listed units have not converged at this timestep. The values at the last iteration will be used and the simulation will proceed.
    Reported information  : UNITS: 56  45  57  68
 
*** Warning at time       :      4137.250000
    Generated by Unit     : Not applicable or not available
    Generated by Type     : Not applicable or not available
    TRNSYS Message    441 : The inputs to the listed units have not converged at this timestep. The values at the last iteration will be used and the simulation will proceed.
    Reported information  : UNITS: 56  30  32  36  37  38  39  40  41  42  43  44  45  46  47  48  49  50  51  52  53  54  55  57  58  59  60  61  62  63  64  65  66  67  68  69  70
 
*** Warning at time       :      4137.500000
    Generated by Unit     : Not applicable or not available
    Generated by Type     : Not applicable or not available
    TRNSYS Message    441 : The inputs to the listed units have not converged at this timestep. The values at the last iteration will be used and the simulation will proceed.
    Reported information  : UNITS: 56  37  38  39  40  43  44  48  49  50  51  54  55  60  61  62  63  66  67
 
*** Warning at time       :      4138.000000
    Generated by Unit     : Not applicable or not available
    Generated by Type     : Not applicable or not available
    TRNSYS Message    441 : The inputs to the listed units have not converged at this timestep. The values at the last iteration will be used and the simulation will proceed.
    Reported information  : UNITS: 56  37  38  39  40  43  48  49  50  51  54  60  61  62  63  66
 
*** Warning at time       :      4147.000000
    Generated by Unit     : Not applicable or not available
    Generated by Type     : Not applicable or not available
    TRNSYS Message    441 : The inputs to the listed units have not converged at this timestep. The values at the last iteration will be used and the simulation will proceed.
    Reported information  : UNITS: 56  40  51  63
 
*** Warning at time       :      4147.250000
    Generated by Unit     : Not applicable or not available
    Generated by Type     : Not applicable or not available
    TRNSYS Message    441 : The inputs to the listed units have not converged at this timestep. The values at the last iteration will be used and the simulation will proceed.
    Reported information  : UNITS: 56  37  38  39  44  48  49  50  55  60  61  62  67
 
*** Warning at time       :      4148.000000
    Generated by Unit     : Not applicable or not available
    Generated by Type     : Not applicable or not available
    TRNSYS Message    441 : The inputs to the listed units have not converged at this timestep. The values at the last iteration will be used and the simulation will proceed.
    Reported information  : UNITS: 56  46  58  69
 
*** Warning at time       :      4148.250000
    Generated by Unit     : Not applicable or not available
    Generated by Type     : Not applicable or not available
    TRNSYS Message    441 : The inputs to the listed units have not converged at this timestep. The values at the last iteration will be used and the simulation will proceed.
    Reported information  : UNITS: 56  30  32  36  42  43  53  54  65  66
 
*** Warning at time       :      4149.000000
    Generated by Unit     : Not applicable or not available
    Generated by Type     : Not applicable or not available
    TRNSYS Message    441 : The inputs to the listed units have not converged at this timestep. The values at the last iteration will be used and the simulation will proceed.
    Reported information  : UNITS: 56  37  38  39  48  49  50  60  61  62
 
*** Warning at time       :      4149.250000
    Generated by Unit     : Not applicable or not available
    Generated by Type     : Not applicable or not available
    TRNSYS Message    441 : The inputs to the listed units have not converged at this timestep. The values at the last iteration will be used and the simulation will proceed.
    Reported information  : UNITS: 56  40  46  51  58  63  69
 
*** Warning at time       :      4149.500000
    Generated by Unit     : Not applicable or not available
    Generated by Type     : Not applicable or not available
    TRNSYS Message    441 : The inputs to the listed units have not converged at this timestep. The values at the last iteration will be used and the simulation will proceed.
    Reported information  : UNITS: 56  30  32  36  41  42  43  44  47  52  53  54  55  59  64  65  66  67  70
 
*** Warning at time       :      4149.750000
    Generated by Unit     : Not applicable or not available
    Generated by Type     : Not applicable or not available
    TRNSYS Message    441 : The inputs to the listed units have not converged at this timestep. The values at the last iteration will be used and the simulation will proceed.
    Reported information  : UNITS: 56  37  38  39  43  44  45  48  49  50  54  55  57  60  61  62  66  67  68
 
*** Warning at time       :      4150.000000
    Generated by Unit     : Not applicable or not available
    Generated by Type     : Not applicable or not available
    TRNSYS Message    441 : The inputs to the listed units have not converged at this timestep. The values at the last iteration will be used and the simulation will proceed.
    Reported information  : UNITS: 56  37  38  39  48  49  50  60  61  62
 
*** Warning at time       :      4208.250000
    Generated by Unit     : Not applicable or not available
    Generated by Type     : Not applicable or not available
    TRNSYS Message    441 : The inputs to the listed units have not converged at this timestep. The values at the last iteration will be used and the simulation will proceed.
    Reported information  : UNITS: 56  30  32  36  37  38  39  40  41  42  43  44  45  46  47  48  49  50  51  52  53  54  55  57  58  59  60  61  62  63  64  65  66  67  68  69  70
 
*** Warning at time       :      4208.500000
    Generated by Unit     : Not applicable or not available
    Generated by Type     : Not applicable or not available
    TRNSYS Message    441 : The inputs to the listed units have not converged at this timestep. The values at the last iteration will be used and the simulation will proceed.
    Reported information  : UNITS: 56  30  32  36  37  38  39  40  41  42  43  44  45  46  47  48  49  50  51  52  53  54  55  57  58  59  60  61  62  63  64  65  66  67  68  69  70
 
*** Warning at time       :      4209.000000
    Generated by Unit     : Not applicable or not available
    Generated by Type     : Not applicable or not available
    TRNSYS Message    441 : The inputs to the listed units have not converged at this timestep. The values at the last iteration will be used and the simulation will proceed.
    Reported information  : UNITS: 56  41  45  47  52  57  59  64  68  70
 
*** Warning at time       :      4209.250000
    Generated by Unit     : Not applicable or not available
    Generated by Type     : Not applicable or not available
    TRNSYS Message    441 : The inputs to the listed units have not converged at this timestep. The values at the last iteration will be used and the simulation will proceed.
    Reported information  : UNITS: 56  30  32  36  37  38  39  40  41  42  43  44  45  46  47  48  49  50  51  52  53  54  55  57  58  59  60  61  62  63  64  65  66  67  68  69  70
 
*** Warning at time       :      4232.250000
    Generated by Unit     : Not applicable or not available
    Generated by Type     : Not applicable or not available
    TRNSYS Message    441 : The inputs to the listed units have not converged at this timestep. The values at the last iteration will be used and the simulation will proceed.
    Reported information  : UNITS: 56  45  47  57  59  68  70
 
*** Warning at time       :      4232.500000
    Generated by Unit     : Not applicable or not available
    Generated by Type     : Not applicable or not available
    TRNSYS Message    441 : The inputs to the listed units have not converged at this timestep. The values at the last iteration will be used and the simulation will proceed.
    Reported information  : UNITS: 56  41  45  47  52  57  59  64  68  70
 
*** Warning at time       :      4233.250000
    Generated by Unit     : Not applicable or not available
    Generated by Type     : Not applicable or not available
    TRNSYS Message    441 : The inputs to the listed units have not converged at this timestep. The values at the last iteration will be used and the simulation will proceed.
    Reported information  : UNITS: 56  30  32  36  41  42  44  45  46  52  53  55  57  58  64  65  67  68  69
 
*** Warning at time       :      4233.500000
    Generated by Unit     : Not applicable or not available
    Generated by Type     : Not applicable or not available
    TRNSYS Message    441 : The inputs to the listed units have not converged at this timestep. The values at the last iteration will be used and the simulation will proceed.
    Reported information  : UNITS: 56  30  32  36  37  38  39  40  41  42  43  44  45  46  47  48  49  50  51  52  53  54  55  57  58  59  60  61  62  63  64  65  66  67  68  69  70
 
*** Warning at time       :      4234.000000
    Generated by Unit     : Not applicable or not available
    Generated by Type     : Not applicable or not available
    TRNSYS Message    441 : The inputs to the listed units have not converged at this timestep. The values at the last iteration will be used and the simulation will proceed.
    Reported information  : UNITS: 56  30  32  36  41  42  44  46  52  53  55  58  64  65  67  69
 
*** Warning at time       :      4245.500000
    Generated by Unit     : Not applicable or not available
    Generated by Type     : Not applicable or not available
    TRNSYS Message    441 : The inputs to the listed units have not converged at this timestep. The values at the last iteration will be used and the simulation will proceed.
    Reported information  : UNITS: 56  45  57  68
 
*** Warning at time       :      4245.750000
    Generated by Unit     : Not applicable or not available
    Generated by Type     : Not applicable or not available
    TRNSYS Message    441 : The inputs to the listed units have not converged at this timestep. The values at the last iteration will be used and the simulation will proceed.
    Reported information  : UNITS: 56  30  32  36  40  43  51  54  63  66
 
*** Warning at time       :      4246.000000
    Generated by Unit     : Not applicable or not available
    Generated by Type     : Not applicable or not available
    TRNSYS Message    441 : The inputs to the listed units have not converged at this timestep. The values at the last iteration will be used and the simulation will proceed.
    Reported information  : UNITS: 56  37  39  41  44  48  50  52  55  60  62  64  67
 
*** Warning at time       :      4257.250000
    Generated by Unit     : Not applicable or not available
    Generated by Type     : Not applicable or not available
    TRNSYS Message    441 : The inputs to the listed units have not converged at this timestep. The values at the last iteration will be used and the simulation will proceed.
    Reported information  : UNITS: 56  45  57  68
 
*** Warning at time       :      4257.500000
    Generated by Unit     : Not applicable or not available
    Generated by Type     : Not applicable or not available
    TRNSYS Message    441 : The inputs to the listed units have not converged at this timestep. The values at the last iteration will be used and the simulation will proceed.
    Reported information  : UNITS: 56  30  32  36  37  38  39  40  41  42  43  44  45  46  47  48  49  50  51  52  53  54  55  57  58  59  60  61  62  63  64  65  66  67  68  69  70
 
*** Warning at time       :      4258.000000
    Generated by Unit     : Not applicable or not available
    Generated by Type     : Not applicable or not available
    TRNSYS Message    441 : The inputs to the listed units have not converged at this timestep. The values at the last iteration will be used and the simulation will proceed.
    Reported information  : UNITS: 56  45  57  68
 
*** Warning at time       :      4258.250000
    Generated by Unit     : Not applicable or not available
    Generated by Type     : Not applicable or not available
    TRNSYS Message    441 : The inputs to the listed units have not converged at this timestep. The values at the last iteration will be used and the simulation will proceed.
    Reported information  : UNITS: 56  30  32  36  37  38  39  40  41  42  43  44  46  47  48  49  50  51  52  53  54  55  58  59  60  61  62  63  64  65  66  67  69  70
 
*** Warning at time       :      4265.750000
    Generated by Unit     : Not applicable or not available
    Generated by Type     : Not applicable or not available
    TRNSYS Message    441 : The inputs to the listed units have not converged at this timestep. The values at the last iteration will be used and the simulation will proceed.
    Reported information  : UNITS: 56  45  57  68
 
*** Warning at time       :      4267.000000
    Generated by Unit     : Not applicable or not available
    Generated by Type     : Not applicable or not available
    TRNSYS Message    441 : The inputs to the listed units have not converged at this timestep. The values at the last iteration will be used and the simulation will proceed.
    Reported information  : UNITS: 56  45  57  68
 
*** Warning at time       :      4267.750000
    Generated by Unit     : Not applicable or not available
    Generated by Type     : Not applicable or not available
    TRNSYS Message    441 : The inputs to the listed units have not converged at this timestep. The values at the last iteration will be used and the simulation will proceed.
    Reported information  : UNITS: 56  45  57  68
 
*** Warning at time       :      4269.000000
    Generated by Unit     : Not applicable or not available
    Generated by Type     : Not applicable or not available
    TRNSYS Message    441 : The inputs to the listed units have not converged at this timestep. The values at the last iteration will be used and the simulation will proceed.
    Reported information  : UNITS: 56  45  57  68
 
*** Warning at time       :      4269.750000
    Generated by Unit     : Not applicable or not available
    Generated by Type     : Not applicable or not available
    TRNSYS Message    441 : The inputs to the listed units have not converged at this timestep. The values at the last iteration will be used and the simulation will proceed.
    Reported information  : UNITS: 56  45  57  68
 
*** Warning at time       :      4270.000000
    Generated by Unit     : Not applicable or not available
    Generated by Type     : Not applicable or not available
    TRNSYS Message    441 : The inputs to the listed units have not converged at this timestep. The values at the last iteration will be used and the simulation will proceed.
    Reported information  : UNITS: 56  37  38  39  40  41  43  44  45  48  49  50  51  52  54  55  57  60  61  62  63  64  66  67  68
 
*** Warning at time       :      4281.500000
    Generated by Unit     : Not applicable or not available
    Generated by Type     : Not applicable or not available
    TRNSYS Message    441 : The inputs to the listed units have not converged at this timestep. The values at the last iteration will be used and the simulation will proceed.
    Reported information  : UNITS: 56  30  32  36  37  38  39  40  41  42  43  44  45  46  47  48  49  50  51  52  53  54  55  57  58  59  60  61  62  63  64  65  66  67  68  69  70
 
*** Warning at time       :      4281.750000
    Generated by Unit     : Not applicable or not available
    Generated by Type     : Not applicable or not available
    TRNSYS Message    441 : The inputs to the listed units have not converged at this timestep. The values at the last iteration will be used and the simulation will proceed.
    Reported information  : UNITS: 56  37  38  39  40  41  48  49  50  51  52  60  61  62  63  64
 
*** Warning at time       :      4282.250000
    Generated by Unit     : Not applicable or not available
    Generated by Type     : Not applicable or not available
    TRNSYS Message    441 : The inputs to the listed units have not converged at this timestep. The values at the last iteration will be used and the simulation will proceed.
    Reported information  : UNITS: 56  37  38  39  40  41  43  44  45  46  47  48  49  50  51  52  54  55  57  58  59  60  61  62  63  64  66  67  68  69  70
 
*** Warning at time       :      4283.000000
    Generated by Unit     : Not applicable or not available
    Generated by Type     : Not applicable or not available
    TRNSYS Message    441 : The inputs to the listed units have not converged at this timestep. The values at the last iteration will be used and the simulation will proceed.
    Reported information  : UNITS: 56  45  57  68
 
*** Warning at time       :      4283.750000
    Generated by Unit     : Not applicable or not available
    Generated by Type     : Not applicable or not available
    TRNSYS Message    441 : The inputs to the listed units have not converged at this timestep. The values at the last iteration will be used and the simulation will proceed.
    Reported information  : UNITS: 56  45  57  68
 
*** Warning at time       :      4284.500000
    Generated by Unit     : Not applicable or not available
    Generated by Type     : Not applicable or not available
    TRNSYS Message    441 : The inputs to the listed units have not converged at this timestep. The values at the last iteration will be used and the simulation will proceed.
    Reported information  : UNITS: 56  45  57  68
 
*** Warning at time       :      4293.000000
    Generated by Unit     : Not applicable or not available
    Generated by Type     : Not applicable or not available
    TRNSYS Message    441 : The inputs to the listed units have not converged at this timestep. The values at the last iteration will be used and the simulation will proceed.
    Reported information  : UNITS: 56  45  57  68
 
*** Warning at time       :      4293.750000
    Generated by Unit     : Not applicable or not available
    Generated by Type     : Not applicable or not available
    TRNSYS Message    441 : The inputs to the listed units have not converged at this timestep. The values at the last iteration will be used and the simulation will proceed.
    Reported information  : UNITS: 56  45  57  68
 
*** Warning at time       :      4294.000000
    Generated by Unit     : Not applicable or not available
    Generated by Type     : Not applicable or not available
    TRNSYS Message    441 : The inputs to the listed units have not converged at this timestep. The values at the last iteration will be used and the simulation will proceed.
    Reported information  : UNITS: 56  45  57  68
 
*** Warning at time       :      4305.500000
    Generated by Unit     : Not applicable or not available
    Generated by Type     : Not applicable or not available
    TRNSYS Message    441 : The inputs to the listed units have not converged at this timestep. The values at the last iteration will be used and the simulation will proceed.
    Reported information  : UNITS: 56  30  32  36  37  38  39  40  41  42  43  44  45  46  47  48  49  50  51  52  53  54  55  57  58  59  60  61  62  63  64  65  66  67  68  69  70
 
*** Warning at time       :      4305.750000
    Generated by Unit     : Not applicable or not available
    Generated by Type     : Not applicable or not available
    TRNSYS Message    441 : The inputs to the listed units have not converged at this timestep. The values at the last iteration will be used and the simulation will proceed.
    Reported information  : UNITS: 56  37  38  39  40  41  43  44  45  46  47  48  49  50  51  52  54  55  57  58  59  60  61  62  63  64  66  67  68  69  70
 
*** Warning at time       :      4306.250000
    Generated by Unit     : Not applicable or not available
    Generated by Type     : Not applicable or not available
    TRNSYS Message    441 : The inputs to the listed units have not converged at this timestep. The values at the last iteration will be used and the simulation will proceed.
    Reported information  : UNITS: 56  45  57  68
 
*** Warning at time       :      4307.000000
    Generated by Unit     : Not applicable or not available
    Generated by Type     : Not applicable or not available
    TRNSYS Message    441 : The inputs to the listed units have not converged at this timestep. The values at the last iteration will be used and the simulation will proceed.
    Reported information  : UNITS: 56  45  57  68
 
*** Warning at time       :      4307.750000
    Generated by Unit     : Not applicable or not available
    Generated by Type     : Not applicable or not available
    TRNSYS Message    441 : The inputs to the listed units have not converged at this timestep. The values at the last iteration will be used and the simulation will proceed.
    Reported information  : UNITS: 56  45  57  68
 
*** Warning at time       :      4316.000000
    Generated by Unit     : Not applicable or not available
    Generated by Type     : Not applicable or not available
    TRNSYS Message    441 : The inputs to the listed units have not converged at this timestep. The values at the last iteration will be used and the simulation will proceed.
    Reported information  : UNITS: 56  45  57  68
 
*** Warning at time       :      4316.750000
    Generated by Unit     : Not applicable or not available
    Generated by Type     : Not applicable or not available
    TRNSYS Message    441 : The inputs to the listed units have not converged at this timestep. The values at the last iteration will be used and the simulation will proceed.
    Reported information  : UNITS: 56  45  57  68
 
*** Warning at time       :      4317.500000
    Generated by Unit     : Not applicable or not available
    Generated by Type     : Not applicable or not available
    TRNSYS Message    441 : The inputs to the listed units have not converged at this timestep. The values at the last iteration will be used and the simulation will proceed.
    Reported information  : UNITS: 56  45  57  68
 
*** Warning at time       :      4317.750000
    Generated by Unit     : Not applicable or not available
    Generated by Type     : Not applicable or not available
    TRNSYS Message    441 : The inputs to the listed units have not converged at this timestep. The values at the last iteration will be used and the simulation will proceed.
    Reported information  : UNITS: 56  45  57  68
 
*** Warning at time       :      4376.250000
    Generated by Unit     : Not applicable or not available
    Generated by Type     : Not applicable or not available
    TRNSYS Message    441 : The inputs to the listed units have not converged at this timestep. The values at the last iteration will be used and the simulation will proceed.
    Reported information  : UNITS: 56  30  32  36  42  53  65
 
*** Warning at time       :      4376.500000
    Generated by Unit     : Not applicable or not available
    Generated by Type     : Not applicable or not available
    TRNSYS Message    441 : The inputs to the listed units have not converged at this timestep. The values at the last iteration will be used and the simulation will proceed.
    Reported information  : UNITS: 56  30  32  42  53
 
*** Warning at time       :      4377.000000
    Generated by Unit     : Not applicable or not available
    Generated by Type     : Not applicable or not available
    TRNSYS Message    441 : The inputs to the listed units have not converged at this timestep. The values at the last iteration will be used and the simulation will proceed.
    Reported information  : UNITS: 56  47  59  70
 
*** Warning at time       :      4377.250000
    Generated by Unit     : Not applicable or not available
    Generated by Type     : Not applicable or not available
    TRNSYS Message    441 : The inputs to the listed units have not converged at this timestep. The values at the last iteration will be used and the simulation will proceed.
    Reported information  : UNITS: 56  30  32  36  37  38  39  40  41  42  43  44  45  46  47  48  49  50  51  52  53  54  55  57  58  59  60  61  62  63  64  65  66  67  68  69  70
 
*** Warning at time       :      4377.500000
    Generated by Unit     : Not applicable or not available
    Generated by Type     : Not applicable or not available
    TRNSYS Message    441 : The inputs to the listed units have not converged at this timestep. The values at the last iteration will be used and the simulation will proceed.
    Reported information  : UNITS: 56  30  32  36  37  38  39  40  41  42  43  44  45  46  48  49  50  51  52  53  54  55  57  58  62  64  65  67  68
 
*** Warning at time       :      4377.750000
    Generated by Unit     : Not applicable or not available
    Generated by Type     : Not applicable or not available
    TRNSYS Message    441 : The inputs to the listed units have not converged at this timestep. The values at the last iteration will be used and the simulation will proceed.
    Reported information  : UNITS: 56  47  59  70
 
*** Warning at time       :      4378.000000
    Generated by Unit     : Not applicable or not available
    Generated by Type     : Not applicable or not available
    TRNSYS Message    441 : The inputs to the listed units have not converged at this timestep. The values at the last iteration will be used and the simulation will proceed.
    Reported information  : UNITS: 56  30  32  36  42  53  65
 
*** Warning at time       :      4379.000000
    Generated by Unit     : Not applicable or not available
    Generated by Type     : Not applicable or not available
    TRNSYS Message    441 : The inputs to the listed units have not converged at this timestep. The values at the last iteration will be used and the simulation will proceed.
    Reported information  : UNITS: 56  37  38  39  40  43  44  46  48  49  50  51  54  55  58  60  61  62  63  66  67  69
 
*** Warning at time       :      4387.000000
    Generated by Unit     : Not applicable or not available
    Generated by Type     : Not applicable or not available
    TRNSYS Message    441 : The inputs to the listed units have not converged at this timestep. The values at the last iteration will be used and the simulation will proceed.
    Reported information  : UNITS: 56  37  43  46  48  54  58  60  66  69
 
*** Warning at time       :      4388.250000
    Generated by Unit     : Not applicable or not available
    Generated by Type     : Not applicable or not available
    TRNSYS Message    441 : The inputs to the listed units have not converged at this timestep. The values at the last iteration will be used and the simulation will proceed.
    Reported information  : UNITS: 56  38  39  40  44  49  50  51  55  61  62  63  67
 
*** Warning at time       :      4388.750000
    Generated by Unit     : Not applicable or not available
    Generated by Type     : Not applicable or not available
    TRNSYS Message    441 : The inputs to the listed units have not converged at this timestep. The values at the last iteration will be used and the simulation will proceed.
    Reported information  : UNITS: 56  30  32  36  37  42  43  46  48  53  54  58  60  65  66  69
 
*** Warning at time       :      4389.000000
    Generated by Unit     : Not applicable or not available
    Generated by Type     : Not applicable or not available
    TRNSYS Message    441 : The inputs to the listed units have not converged at this timestep. The values at the last iteration will be used and the simulation will proceed.
    Reported information  : UNITS: 56  41  52  64
 
*** Warning at time       :      4389.500000
    Generated by Unit     : Not applicable or not available
    Generated by Type     : Not applicable or not available
    TRNSYS Message    441 : The inputs to the listed units have not converged at this timestep. The values at the last iteration will be used and the simulation will proceed.
    Reported information  : UNITS: 56  30  32  36  37  38  39  40  42  43  44  45  46  47  48  49  50  51  53  54  55  57  58  59  60  61  62  63  65  66  67  68  69  70
 
*** Warning at time       :      4389.750000
    Generated by Unit     : Not applicable or not available
    Generated by Type     : Not applicable or not available
    TRNSYS Message    441 : The inputs to the listed units have not converged at this timestep. The values at the last iteration will be used and the simulation will proceed.
    Reported information  : UNITS: 56  30  32  36  37  38  39  40  41  42  43  44  46  47  48  49  50  51  52  53  54  55  58  59  60  61  62  63  64  65  66  67  69  70
 
*** Warning at time       :      4390.000000
    Generated by Unit     : Not applicable or not available
    Generated by Type     : Not applicable or not available
    TRNSYS Message    441 : The inputs to the listed units have not converged at this timestep. The values at the last iteration will be used and the simulation will proceed.
    Reported information  : UNITS: 56  41  52  64
 
*** Warning at time       :      4400.750000
    Generated by Unit     : Not applicable or not available
    Generated by Type     : Not applicable or not available
    TRNSYS Message    441 : The inputs to the listed units have not converged at this timestep. The values at the last iteration will be used and the simulation will proceed.
    Reported information  : UNITS: 56  45  57  68
 
*** Warning at time       :      4401.000000
    Generated by Unit     : Not applicable or not available
    Generated by Type     : Not applicable or not available
    TRNSYS Message    441 : The inputs to the listed units have not converged at this timestep. The values at the last iteration will be used and the simulation will proceed.
    Reported information  : UNITS: 56  30  32  36  42  45  47  53  57  59  65  68  70
 
*** Warning at time       :      4401.250000
    Generated by Unit     : Not applicable or not available
    Generated by Type     : Not applicable or not available
    TRNSYS Message    441 : The inputs to the listed units have not converged at this timestep. The values at the last iteration will be used and the simulation will proceed.
    Reported information  : UNITS: 56  30  32  36  37  38  39  40  41  42  43  44  46  47  48  49  50  51  52  53  54  55  58  59  60  61  62  63  65  66  67  69
 
*** Warning at time       :      4401.500000
    Generated by Unit     : Not applicable or not available
    Generated by Type     : Not applicable or not available
    TRNSYS Message    441 : The inputs to the listed units have not converged at this timestep. The values at the last iteration will be used and the simulation will proceed.
    Reported information  : UNITS: 56  37  38  39  40  41  43  44  45  46  48  49  50  51  52  54  55  57  58  60  61  62  63  64  66  67  68  69
 
*** Warning at time       :      4401.750000
    Generated by Unit     : Not applicable or not available
    Generated by Type     : Not applicable or not available
    TRNSYS Message    441 : The inputs to the listed units have not converged at this timestep. The values at the last iteration will be used and the simulation will proceed.
    Reported information  : UNITS: 56  30  32  36  42  47  53  59  65  70
 
*** Warning at time       :      4413.750000
    Generated by Unit     : Not applicable or not available
    Generated by Type     : Not applicable or not available
    TRNSYS Message    441 : The inputs to the listed units have not converged at this timestep. The values at the last iteration will be used and the simulation will proceed.
    Reported information  : UNITS: 56  37  38  43  44  45  46  48  49  54  55  57  58  60  61  66  67  68  69
 
*** Warning at time       :      4414.000000
    Generated by Unit     : Not applicable or not available
    Generated by Type     : Not applicable or not available
    TRNSYS Message    441 : The inputs to the listed units have not converged at this timestep. The values at the last iteration will be used and the simulation will proceed.
    Reported information  : UNITS: 56  38  39  40  45  49  50  51  57  61  62  63  68
 
*** Warning at time       :      4425.500000
    Generated by Unit     : Not applicable or not available
    Generated by Type     : Not applicable or not available
    TRNSYS Message    441 : The inputs to the listed units have not converged at this timestep. The values at the last iteration will be used and the simulation will proceed.
    Reported information  : UNITS: 56  30  32  36  37  38  39  40  41  42  43  44  45  46  47  48  49  50  51  52  53  54  55  57  58  59  60  61  62  63  64  65  66  67  68  69  70
 
*** Warning at time       :      4425.750000
    Generated by Unit     : Not applicable or not available
    Generated by Type     : Not applicable or not available
    TRNSYS Message    441 : The inputs to the listed units have not converged at this timestep. The values at the last iteration will be used and the simulation will proceed.
    Reported information  : UNITS: 56  37  38  39  40  43  48  49  50  51  54  60  61  62  63  66
 
*** Warning at time       :      4426.250000
    Generated by Unit     : Not applicable or not available
    Generated by Type     : Not applicable or not available
    TRNSYS Message    441 : The inputs to the listed units have not converged at this timestep. The values at the last iteration will be used and the simulation will proceed.
    Reported information  : UNITS: 56  37  38  39  40  43  44  45  46  48  49  50  51  54  55  57  58  60  61  62  63  66  67  68  69
 
*** Warning at time       :      4432.750000
    Generated by Unit     : Not applicable or not available
    Generated by Type     : Not applicable or not available
    TRNSYS Message    441 : The inputs to the listed units have not converged at this timestep. The values at the last iteration will be used and the simulation will proceed.
    Reported information  : UNITS: 56  45  57  68
 
*** Warning at time       :      4434.000000
    Generated by Unit     : Not applicable or not available
    Generated by Type     : Not applicable or not available
    TRNSYS Message    441 : The inputs to the listed units have not converged at this timestep. The values at the last iteration will be used and the simulation will proceed.
    Reported information  : UNITS: 56  45  57  68
 
*** Warning at time       :      4434.750000
    Generated by Unit     : Not applicable or not available
    Generated by Type     : Not applicable or not available
    TRNSYS Message    441 : The inputs to the listed units have not converged at this timestep. The values at the last iteration will be used and the simulation will proceed.
    Reported information  : UNITS: 56  45  57  68
 
*** Warning at time       :      4435.500000
    Generated by Unit     : Not applicable or not available
    Generated by Type     : Not applicable or not available
    TRNSYS Message    441 : The inputs to the listed units have not converged at this timestep. The values at the last iteration will be used and the simulation will proceed.
    Reported information  : UNITS: 56  45  57  68
 
*** Warning at time       :      4436.250000
    Generated by Unit     : Not applicable or not available
    Generated by Type     : Not applicable or not available
    TRNSYS Message    441 : The inputs to the listed units have not converged at this timestep. The values at the last iteration will be used and the simulation will proceed.
    Reported information  : UNITS: 56  45  57  68
 
*** Warning at time       :      4437.000000
    Generated by Unit     : Not applicable or not available
    Generated by Type     : Not applicable or not available
    TRNSYS Message    441 : The inputs to the listed units have not converged at this timestep. The values at the last iteration will be used and the simulation will proceed.
    Reported information  : UNITS: 56  45  57  68
 
*** Warning at time       :      4438.000000
    Generated by Unit     : Not applicable or not available
    Generated by Type     : Not applicable or not available
    TRNSYS Message    441 : The inputs to the listed units have not converged at this timestep. The values at the last iteration will be used and the simulation will proceed.
    Reported information  : UNITS: 56  30  32  36  37  38  39  40  41  42  43  44  45  46  47  48  49  50  51  52  53  54  55  57  58  59  60  61  62  63  64  65  66  67  68  69  70
 
*** Warning at time       :      4449.500000
    Generated by Unit     : Not applicable or not available
    Generated by Type     : Not applicable or not available
    TRNSYS Message    441 : The inputs to the listed units have not converged at this timestep. The values at the last iteration will be used and the simulation will proceed.
    Reported information  : UNITS: 56  30  32  36  37  38  39  40  41  42  43  44  45  46  47  48  49  50  51  52  53  54  55  57  58  59  60  61  62  63  64  65  66  67  68  69  70
 
*** Warning at time       :      4450.250000
    Generated by Unit     : Not applicable or not available
    Generated by Type     : Not applicable or not available
    TRNSYS Message    441 : The inputs to the listed units have not converged at this timestep. The values at the last iteration will be used and the simulation will proceed.
    Reported information  : UNITS: 56  37  38  39  40  41  43  44  46  48  49  50  51  52  54  55  58  60  61  62  63  64  66  67  69
 
*** Warning at time       :      4459.250000
    Generated by Unit     : Not applicable or not available
    Generated by Type     : Not applicable or not available
    TRNSYS Message    441 : The inputs to the listed units have not converged at this timestep. The values at the last iteration will be used and the simulation will proceed.
    Reported information  : UNITS: 56  45  57  68
 
*** Warning at time       :      4460.500000
    Generated by Unit     : Not applicable or not available
    Generated by Type     : Not applicable or not available
    TRNSYS Message    441 : The inputs to the listed units have not converged at this timestep. The values at the last iteration will be used and the simulation will proceed.
    Reported information  : UNITS: 56  45  57  68
 
*** Warning at time       :      4461.250000
    Generated by Unit     : Not applicable or not available
    Generated by Type     : Not applicable or not available
    TRNSYS Message    441 : The inputs to the listed units have not converged at this timestep. The values at the last iteration will be used and the simulation will proceed.
    Reported information  : UNITS: 56  45  57  68
 
*** Warning at time       :      4462.000000
    Generated by Unit     : Not applicable or not available
    Generated by Type     : Not applicable or not available
    TRNSYS Message    441 : The inputs to the listed units have not converged at this timestep. The values at the last iteration will be used and the simulation will proceed.
    Reported information  : UNITS: 56  38  39  47  49  50  59  61  62  70
 
*** Warning at time       :      4473.500000
    Generated by Unit     : Not applicable or not available
    Generated by Type     : Not applicable or not available
    TRNSYS Message    441 : The inputs to the listed units have not converged at this timestep. The values at the last iteration will be used and the simulation will proceed.
    Reported information  : UNITS: 56  30  32  36  37  38  39  40  41  42  43  44  45  46  47  48  49  50  51  52  53  54  55  57  58  59  60  61  62  63  64  65  66  67  68  69  70
 
*** Warning at time       :      4473.750000
    Generated by Unit     : Not applicable or not available
    Generated by Type     : Not applicable or not available
    TRNSYS Message    441 : The inputs to the listed units have not converged at this timestep. The values at the last iteration will be used and the simulation will proceed.
    Reported information  : UNITS: 56  37  38  39  40  48  49  50  51  60  61  62  63
 
*** Warning at time       :      4474.250000
    Generated by Unit     : Not applicable or not available
    Generated by Type     : Not applicable or not available
    TRNSYS Message    441 : The inputs to the listed units have not converged at this timestep. The values at the last iteration will be used and the simulation will proceed.
    Reported information  : UNITS: 56  30  32  36  37  38  39  40  41  43  44  45  46  47  48  49  50  51  52  54  55  57  58  59  60  61  62  63  64  66  67  68  69  70
 
*** Warning at time       :      4475.000000
    Generated by Unit     : Not applicable or not available
    Generated by Type     : Not applicable or not available
    TRNSYS Message    441 : The inputs to the listed units have not converged at this timestep. The values at the last iteration will be used and the simulation will proceed.
    Reported information  : UNITS: 56  45  57  68
 
*** Warning at time       :      4475.750000
    Generated by Unit     : Not applicable or not available
    Generated by Type     : Not applicable or not available
    TRNSYS Message    441 : The inputs to the listed units have not converged at this timestep. The values at the last iteration will be used and the simulation will proceed.
    Reported information  : UNITS: 56  45  57  68
 
*** Warning at time       :      4476.500000
    Generated by Unit     : Not applicable or not available
    Generated by Type     : Not applicable or not available
    TRNSYS Message    441 : The inputs to the listed units have not converged at this timestep. The values at the last iteration will be used and the simulation will proceed.
    Reported information  : UNITS: 56  45  57  68
 
*** Warning at time       :      4477.250000
    Generated by Unit     : Not applicable or not available
    Generated by Type     : Not applicable or not available
    TRNSYS Message    441 : The inputs to the listed units have not converged at this timestep. The values at the last iteration will be used and the simulation will proceed.
    Reported information  : UNITS: 56  45  57  68
 
*** Warning at time       :      4478.000000
    Generated by Unit     : Not applicable or not available
    Generated by Type     : Not applicable or not available
    TRNSYS Message    441 : The inputs to the listed units have not converged at this timestep. The values at the last iteration will be used and the simulation will proceed.
    Reported information  : UNITS: 56  45  57  68
 
*** Warning at time       :      4478.750000
    Generated by Unit     : Not applicable or not available
    Generated by Type     : Not applicable or not available
    TRNSYS Message    441 : The inputs to the listed units have not converged at this timestep. The values at the last iteration will be used and the simulation will proceed.
    Reported information  : UNITS: 56  45  57  68
 
*** Warning at time       :      4480.000000
    Generated by Unit     : Not applicable or not available
    Generated by Type     : Not applicable or not available
    TRNSYS Message    441 : The inputs to the listed units have not converged at this timestep. The values at the last iteration will be used and the simulation will proceed.
    Reported information  : UNITS: 56  45  57  68
 
*** Warning at time       :      4480.750000
    Generated by Unit     : Not applicable or not available
    Generated by Type     : Not applicable or not available
    TRNSYS Message    441 : The inputs to the listed units have not converged at this timestep. The values at the last iteration will be used and the simulation will proceed.
    Reported information  : UNITS: 56  45  57  68
 
*** Warning at time       :      4482.000000
    Generated by Unit     : Not applicable or not available
    Generated by Type     : Not applicable or not available
    TRNSYS Message    441 : The inputs to the listed units have not converged at this timestep. The values at the last iteration will be used and the simulation will proceed.
    Reported information  : UNITS: 56  45  57  68
 
*** Warning at time       :      4482.750000
    Generated by Unit     : Not applicable or not available
    Generated by Type     : Not applicable or not available
    TRNSYS Message    441 : The inputs to the listed units have not converged at this timestep. The values at the last iteration will be used and the simulation will proceed.
    Reported information  : UNITS: 56  45  57  68
 
*** Warning at time       :      4484.000000
    Generated by Unit     : Not applicable or not available
    Generated by Type     : Not applicable or not available
    TRNSYS Message    441 : The inputs to the listed units have not converged at this timestep. The values at the last iteration will be used and the simulation will proceed.
    Reported information  : UNITS: 56  45  57  68
 
*** Warning at time       :      4484.750000
    Generated by Unit     : Not applicable or not available
    Generated by Type     : Not applicable or not available
    TRNSYS Message    441 : The inputs to the listed units have not converged at this timestep. The values at the last iteration will be used and the simulation will proceed.
    Reported information  : UNITS: 56  45  57  68
 
*** Warning at time       :      4485.500000
    Generated by Unit     : Not applicable or not available
    Generated by Type     : Not applicable or not available
    TRNSYS Message    441 : The inputs to the listed units have not converged at this timestep. The values at the last iteration will be used and the simulation will proceed.
    Reported information  : UNITS: 56  45  57  68
 
*** Warning at time       :      4485.750000
    Generated by Unit     : Not applicable or not available
    Generated by Type     : Not applicable or not available
    TRNSYS Message    441 : The inputs to the listed units have not converged at this timestep. The values at the last iteration will be used and the simulation will proceed.
    Reported information  : UNITS: 56  30  32  36  37  38  39  40  41  42  43  44  45  46  47  48  49  50  51  52  53  54  55  57  58  59  60  61  62  63  64  65  66  67  68  69  70
 
*** Warning at time       :      4544.250000
    Generated by Unit     : Not applicable or not available
    Generated by Type     : Not applicable or not available
    TRNSYS Message    441 : The inputs to the listed units have not converged at this timestep. The values at the last iteration will be used and the simulation will proceed.
    Reported information  : UNITS: 56  30  32  36  37  38  39  40  41  42  43  44  45  46  47  48  49  50  51  52  53  54  55  57  58  59  60  61  62  63  64  65  66  67  68  69  70
 
*** Warning at time       :      4544.500000
    Generated by Unit     : Not applicable or not available
    Generated by Type     : Not applicable or not available
    TRNSYS Message    441 : The inputs to the listed units have not converged at this timestep. The values at the last iteration will be used and the simulation will proceed.
    Reported information  : UNITS: 56  30  32  36  37  38  39  40  41  42  43  44  45  46  47  48  49  50  51  52  53  54  55  57  58  59  60  61  62  63  64  65  66  67  68  69  70
 
*** Warning at time       :      4545.000000
    Generated by Unit     : Not applicable or not available
    Generated by Type     : Not applicable or not available
    TRNSYS Message    441 : The inputs to the listed units have not converged at this timestep. The values at the last iteration will be used and the simulation will proceed.
    Reported information  : UNITS: 56  30  32  36  41  42  43  44  45  46  47  52  53  54  55  57  58  59  64  65  66  67  68  69  70
 
*** Warning at time       :      4545.250000
    Generated by Unit     : Not applicable or not available
    Generated by Type     : Not applicable or not available
    TRNSYS Message    441 : The inputs to the listed units have not converged at this timestep. The values at the last iteration will be used and the simulation will proceed.
    Reported information  : UNITS: 56  37  38  39  40  43  44  45  46  48  49  50  51  54  55  57  58  60  61  62  63  66  67  68  69
 
*** Warning at time       :      4550.000000
    Generated by Unit     : Not applicable or not available
    Generated by Type     : Not applicable or not available
    TRNSYS Message    441 : The inputs to the listed units have not converged at this timestep. The values at the last iteration will be used and the simulation will proceed.
    Reported information  : UNITS: 56  45  57  68
 
*** Warning at time       :      4550.500000
    Generated by Unit     : Not applicable or not available
    Generated by Type     : Not applicable or not available
    TRNSYS Message    441 : The inputs to the listed units have not converged at this timestep. The values at the last iteration will be used and the simulation will proceed.
    Reported information  : UNITS: 56  45  57  68
 
*** Warning at time       :      4552.250000
    Generated by Unit     : Not applicable or not available
    Generated by Type     : Not applicable or not available
    TRNSYS Message    441 : The inputs to the listed units have not converged at this timestep. The values at the last iteration will be used and the simulation will proceed.
    Reported information  : UNITS: 56  45  57  68
 
*** Warning at time       :      4552.750000
    Generated by Unit     : Not applicable or not available
    Generated by Type     : Not applicable or not available
    TRNSYS Message    441 : The inputs to the listed units have not converged at this timestep. The values at the last iteration will be used and the simulation will proceed.
    Reported information  : UNITS: 56  45  57  68
 
*** Warning at time       :      4554.500000
    Generated by Unit     : Not applicable or not available
    Generated by Type     : Not applicable or not available
    TRNSYS Message    441 : The inputs to the listed units have not converged at this timestep. The values at the last iteration will be used and the simulation will proceed.
    Reported information  : UNITS: 56  45  57  68
 
*** Warning at time       :      4555.000000
    Generated by Unit     : Not applicable or not available
    Generated by Type     : Not applicable or not available
    TRNSYS Message    441 : The inputs to the listed units have not converged at this timestep. The values at the last iteration will be used and the simulation will proceed.
    Reported information  : UNITS: 56  45  57  68
 
*** Warning at time       :      4558.000000
    Generated by Unit     : Not applicable or not available
    Generated by Type     : Not applicable or not available
    TRNSYS Message    441 : The inputs to the listed units have not converged at this timestep. The values at the last iteration will be used and the simulation will proceed.
    Reported information  : UNITS: 56  37  38  39  40  48  49  50  51  60  61  62  63
 
*** Warning at time       :      4568.250000
    Generated by Unit     : Not applicable or not available
    Generated by Type     : Not applicable or not available
    TRNSYS Message    441 : The inputs to the listed units have not converged at this timestep. The values at the last iteration will be used and the simulation will proceed.
    Reported information  : UNITS: 56  30  32  36  37  38  39  40  41  42  43  44  45  46  47  48  49  50  51  52  53  54  55  57  58  59  60  61  62  63  64  65  66  67  68  69  70
 
*** Warning at time       :      4568.500000
    Generated by Unit     : Not applicable or not available
    Generated by Type     : Not applicable or not available
    TRNSYS Message    441 : The inputs to the listed units have not converged at this timestep. The values at the last iteration will be used and the simulation will proceed.
    Reported information  : UNITS: 56  30  32  36  37  38  39  40  42  43  44  45  46  48  49  50  51  53  54  55  57  58  60  61  62  63  65  66  67  68  69
 
*** Warning at time       :      4568.750000
    Generated by Unit     : Not applicable or not available
    Generated by Type     : Not applicable or not available
    TRNSYS Message    441 : The inputs to the listed units have not converged at this timestep. The values at the last iteration will be used and the simulation will proceed.
    Reported information  : UNITS: 56  41  47  52  59  64  70
 
*** Warning at time       :      4569.000000
    Generated by Unit     : Not applicable or not available
    Generated by Type     : Not applicable or not available
    TRNSYS Message    441 : The inputs to the listed units have not converged at this timestep. The values at the last iteration will be used and the simulation will proceed.
    Reported information  : UNITS: 56  30  32  36  37  38  39  40  42  43  44  45  46  48  49  50  51  53  54  55  57  58  60  61  62  63  65  66  67  68  69
 
*** Warning at time       :      4569.250000
    Generated by Unit     : Not applicable or not available
    Generated by Type     : Not applicable or not available
    TRNSYS Message    441 : The inputs to the listed units have not converged at this timestep. The values at the last iteration will be used and the simulation will proceed.
    Reported information  : UNITS: 56  37  38  39  40  43  44  46  48  49  50  51  54  55  58  60  61  62  63  66  67  69
 
*** Warning at time       :      4581.750000
    Generated by Unit     : Not applicable or not available
    Generated by Type     : Not applicable or not available
    TRNSYS Message    441 : The inputs to the listed units have not converged at this timestep. The values at the last iteration will be used and the simulation will proceed.
    Reported information  : UNITS: 56  37  38  39  40  43  44  46  48  49  50  51  54  55  58  60  61  62  63  66  67  69
 
*** Warning at time       :      4592.250000
    Generated by Unit     : Not applicable or not available
    Generated by Type     : Not applicable or not available
    TRNSYS Message    441 : The inputs to the listed units have not converged at this timestep. The values at the last iteration will be used and the simulation will proceed.
    Reported information  : UNITS: 56  30  32  36  37  38  39  40  41  42  43  44  46  47  48  49  50  51  52  53  54  55  58  59  60  61  62  63  64  65  66  67  70
 
*** Warning at time       :      4592.500000
    Generated by Unit     : Not applicable or not available
    Generated by Type     : Not applicable or not available
    TRNSYS Message    441 : The inputs to the listed units have not converged at this timestep. The values at the last iteration will be used and the simulation will proceed.
    Reported information  : UNITS: 56  30  32  36  37  38  39  40  42  43  44  46  48  49  50  51  53  54  55  58  60  61  62  63  65  66  67
 
*** Warning at time       :      4592.750000
    Generated by Unit     : Not applicable or not available
    Generated by Type     : Not applicable or not available
    TRNSYS Message    441 : The inputs to the listed units have not converged at this timestep. The values at the last iteration will be used and the simulation will proceed.
    Reported information  : UNITS: 56  41  45  47  52  57  59  64  68  70
 
*** Warning at time       :      4593.000000
    Generated by Unit     : Not applicable or not available
    Generated by Type     : Not applicable or not available
    TRNSYS Message    441 : The inputs to the listed units have not converged at this timestep. The values at the last iteration will be used and the simulation will proceed.
    Reported information  : UNITS: 56  41  45  47  52  57  59  64  68  70
 
*** Warning at time       :      4593.250000
    Generated by Unit     : Not applicable or not available
    Generated by Type     : Not applicable or not available
    TRNSYS Message    441 : The inputs to the listed units have not converged at this timestep. The values at the last iteration will be used and the simulation will proceed.
    Reported information  : UNITS: 56  30  32  36  37  38  39  40  42  43  44  46  48  49  50  51  53  54  55  58  60  61  62  63  65  66  67  69
 
*** Warning at time       :      4593.500000
    Generated by Unit     : Not applicable or not available
    Generated by Type     : Not applicable or not available
    TRNSYS Message    441 : The inputs to the listed units have not converged at this timestep. The values at the last iteration will be used and the simulation will proceed.
    Reported information  : UNITS: 56  45  57  68
 
*** Warning at time       :      4606.000000
    Generated by Unit     : Not applicable or not available
    Generated by Type     : Not applicable or not available
    TRNSYS Message    441 : The inputs to the listed units have not converged at this timestep. The values at the last iteration will be used and the simulation will proceed.
    Reported information  : UNITS: 56  30  32  36  37  38  39  40  42  43  44  46  48  49  50  51  53  54  55  58  60  61  62  63  65  66  67  69
 
*** Warning at time       :      4616.250000
    Generated by Unit     : Not applicable or not available
    Generated by Type     : Not applicable or not available
    TRNSYS Message    441 : The inputs to the listed units have not converged at this timestep. The values at the last iteration will be used and the simulation will proceed.
    Reported information  : UNITS: 56  30  32  36  37  38  39  40  41  42  43  44  45  46  47  48  49  50  51  52  53  54  55  57  58  59  60  61  62  63  64  65  66  67  68  69  70
 
*** Warning at time       :      4616.500000
    Generated by Unit     : Not applicable or not available
    Generated by Type     : Not applicable or not available
    TRNSYS Message    441 : The inputs to the listed units have not converged at this timestep. The values at the last iteration will be used and the simulation will proceed.
    Reported information  : UNITS: 56  30  32  36  37  38  39  40  42  43  44  46  48  49  50  51  53  54  55  58  60  61  62  63  65  66  67  69
 
*** Warning at time       :      4616.750000
    Generated by Unit     : Not applicable or not available
    Generated by Type     : Not applicable or not available
    TRNSYS Message    441 : The inputs to the listed units have not converged at this timestep. The values at the last iteration will be used and the simulation will proceed.
    Reported information  : UNITS: 56  41  45  47  52  57  59  64  68  70
 
*** Warning at time       :      4617.000000
    Generated by Unit     : Not applicable or not available
    Generated by Type     : Not applicable or not available
    TRNSYS Message    441 : The inputs to the listed units have not converged at this timestep. The values at the last iteration will be used and the simulation will proceed.
    Reported information  : UNITS: 56  30  32  36  41  42  46  47  52  53  58  59  64  65  69  70
 
*** Warning at time       :      4617.250000
    Generated by Unit     : Not applicable or not available
    Generated by Type     : Not applicable or not available
    TRNSYS Message    441 : The inputs to the listed units have not converged at this timestep. The values at the last iteration will be used and the simulation will proceed.
    Reported information  : UNITS: 56  30  32  36  37  38  39  40  42  43  44  46  48  49  50  51  53  54  55  58  60  61  62  63  65  66  67  69
 
*** Warning at time       :      4617.500000
    Generated by Unit     : Not applicable or not available
    Generated by Type     : Not applicable or not available
    TRNSYS Message    441 : The inputs to the listed units have not converged at this timestep. The values at the last iteration will be used and the simulation will proceed.
    Reported information  : UNITS: 56  41  47  52  59  64  70
 
*** Warning at time       :      4629.750000
    Generated by Unit     : Not applicable or not available
    Generated by Type     : Not applicable or not available
    TRNSYS Message    441 : The inputs to the listed units have not converged at this timestep. The values at the last iteration will be used and the simulation will proceed.
    Reported information  : UNITS: 56  30  32  36  42  46  53  58  65  69
 
*** Warning at time       :      4630.000000
    Generated by Unit     : Not applicable or not available
    Generated by Type     : Not applicable or not available
    TRNSYS Message    441 : The inputs to the listed units have not converged at this timestep. The values at the last iteration will be used and the simulation will proceed.
    Reported information  : UNITS: 56  37  38  39  40  43  44  48  49  50  51  54  55  60  61  62  63  66  67
 
*** Warning at time       :      4640.250000
    Generated by Unit     : Not applicable or not available
    Generated by Type     : Not applicable or not available
    TRNSYS Message    441 : The inputs to the listed units have not converged at this timestep. The values at the last iteration will be used and the simulation will proceed.
    Reported information  : UNITS: 56  30  32  36  37  38  39  40  41  42  43  44  45  46  47  48  49  50  51  52  53  54  55  57  58  59  60  61  62  63  64  65  66  67  68  69  70
 
*** Warning at time       :      4640.500000
    Generated by Unit     : Not applicable or not available
    Generated by Type     : Not applicable or not available
    TRNSYS Message    441 : The inputs to the listed units have not converged at this timestep. The values at the last iteration will be used and the simulation will proceed.
    Reported information  : UNITS: 56  30  32  36  37  38  39  40  41  42  43  44  46  47  48  49  50  51  52  53  54  55  58  59  60  61  62  63  64  65  66  67  69  70
 
*** Warning at time       :      4641.000000
    Generated by Unit     : Not applicable or not available
    Generated by Type     : Not applicable or not available
    TRNSYS Message    441 : The inputs to the listed units have not converged at this timestep. The values at the last iteration will be used and the simulation will proceed.
    Reported information  : UNITS: 56  41  45  47  52  57  59  64  68  70
 
*** Warning at time       :      4641.250000
    Generated by Unit     : Not applicable or not available
    Generated by Type     : Not applicable or not available
    TRNSYS Message    441 : The inputs to the listed units have not converged at this timestep. The values at the last iteration will be used and the simulation will proceed.
    Reported information  : UNITS: 56  30  32  36  37  38  39  40  41  42  43  44  46  47  48  49  50  51  52  53  54  55  58  59  60  61  62  63  64  65  66  67  69  70
 
*** Warning at time       :      4646.500000
    Generated by Unit     : Not applicable or not available
    Generated by Type     : Not applicable or not available
    TRNSYS Message    441 : The inputs to the listed units have not converged at this timestep. The values at the last iteration will be used and the simulation will proceed.
    Reported information  : UNITS: 56  45  57  68
 
*** Warning at time       :      4647.000000
    Generated by Unit     : Not applicable or not available
    Generated by Type     : Not applicable or not available
    TRNSYS Message    441 : The inputs to the listed units have not converged at this timestep. The values at the last iteration will be used and the simulation will proceed.
    Reported information  : UNITS: 56  45  57  68
 
*** Warning at time       :      4712.250000
    Generated by Unit     : Not applicable or not available
    Generated by Type     : Not applicable or not available
    TRNSYS Message    441 : The inputs to the listed units have not converged at this timestep. The values at the last iteration will be used and the simulation will proceed.
    Reported information  : UNITS: 56  30  32  36  37  38  39  40  41  42  43  44  45  46  47  48  49  50  51  52  53  54  55  57  58  59  60  61  62  63  64  65  66  67  68  69  70
 
*** Warning at time       :      4712.500000
    Generated by Unit     : Not applicable or not available
    Generated by Type     : Not applicable or not available
    TRNSYS Message    441 : The inputs to the listed units have not converged at this timestep. The values at the last iteration will be used and the simulation will proceed.
    Reported information  : UNITS: 56  30  32  36  37  38  39  40  41  42  43  44  45  46  47  48  49  50  51  52  53  54  55  57  58  59  60  61  62  63  64  65  66  67  68  69  70
 
*** Warning at time       :      4713.250000
    Generated by Unit     : Not applicable or not available
    Generated by Type     : Not applicable or not available
    TRNSYS Message    441 : The inputs to the listed units have not converged at this timestep. The values at the last iteration will be used and the simulation will proceed.
    Reported information  : UNITS: 56  30  32  36  37  38  39  40  41  42  43  44  45  46  47  48  49  50  51  52  53  54  55  57  58  59  60  61  62  63  64  65  66  67  68  69  70
 
*** Warning at time       :      4713.500000
    Generated by Unit     : Not applicable or not available
    Generated by Type     : Not applicable or not available
    TRNSYS Message    441 : The inputs to the listed units have not converged at this timestep. The values at the last iteration will be used and the simulation will proceed.
    Reported information  : UNITS: 56  37  38  39  40  43  48  49  50  51  54  60  61  62  63  66
 
*** Warning at time       :      4714.000000
    Generated by Unit     : Not applicable or not available
    Generated by Type     : Not applicable or not available
    TRNSYS Message    441 : The inputs to the listed units have not converged at this timestep. The values at the last iteration will be used and the simulation will proceed.
    Reported information  : UNITS: 56  38  39  49  50  61  62
 
*** Warning at time       :      4725.250000
    Generated by Unit     : Not applicable or not available
    Generated by Type     : Not applicable or not available
    TRNSYS Message    441 : The inputs to the listed units have not converged at this timestep. The values at the last iteration will be used and the simulation will proceed.
    Reported information  : UNITS: 56  38  39  49  50  61  62
 
*** Warning at time       :      4725.500000
    Generated by Unit     : Not applicable or not available
    Generated by Type     : Not applicable or not available
    TRNSYS Message    441 : The inputs to the listed units have not converged at this timestep. The values at the last iteration will be used and the simulation will proceed.
    Reported information  : UNITS: 56  30  32  36  37  40  42  43  44  46  48  51  53  54  55  58  60  63  65  66  67  69
 
*** Warning at time       :      4726.000000
    Generated by Unit     : Not applicable or not available
    Generated by Type     : Not applicable or not available
    TRNSYS Message    441 : The inputs to the listed units have not converged at this timestep. The values at the last iteration will be used and the simulation will proceed.
    Reported information  : UNITS: 56  45  57  68
 
*** Warning at time       :      4736.250000
    Generated by Unit     : Not applicable or not available
    Generated by Type     : Not applicable or not available
    TRNSYS Message    441 : The inputs to the listed units have not converged at this timestep. The values at the last iteration will be used and the simulation will proceed.
    Reported information  : UNITS: 56  30  32  36  37  38  39  40  41  42  43  44  45  46  47  48  49  50  51  52  53  54  55  57  58  59  60  61  62  63  64  65  66  67  68  69  70
 
*** Warning at time       :      4736.500000
    Generated by Unit     : Not applicable or not available
    Generated by Type     : Not applicable or not available
    TRNSYS Message    441 : The inputs to the listed units have not converged at this timestep. The values at the last iteration will be used and the simulation will proceed.
    Reported information  : UNITS: 56  30  32  36  37  38  39  40  41  42  43  44  45  46  47  48  49  50  51  52  53  54  55  57  58  59  60  61  62  63  64  65  66  67  68  69  70
 
*** Warning at time       :      4737.000000
    Generated by Unit     : Not applicable or not available
    Generated by Type     : Not applicable or not available
    TRNSYS Message    441 : The inputs to the listed units have not converged at this timestep. The values at the last iteration will be used and the simulation will proceed.
    Reported information  : UNITS: 56  45  57  68
 
*** Warning at time       :      4737.250000
    Generated by Unit     : Not applicable or not available
    Generated by Type     : Not applicable or not available
    TRNSYS Message    441 : The inputs to the listed units have not converged at this timestep. The values at the last iteration will be used and the simulation will proceed.
    Reported information  : UNITS: 56  30  32  36  37  38  39  40  41  42  43  44  45  46  47  48  49  50  51  52  53  54  55  57  58  59  60  61  62  63  64  65  66  67  68  69  70
 
*** Warning at time       :      4750.000000
    Generated by Unit     : Not applicable or not available
    Generated by Type     : Not applicable or not available
    TRNSYS Message    441 : The inputs to the listed units have not converged at this timestep. The values at the last iteration will be used and the simulation will proceed.
    Reported information  : UNITS: 56  30  32  36  37  38  39  40  41  42  43  44  46  47  48  49  50  51  52  53  54  55  58  59  60  61  62  63  64  65  66  67  69  70
 
*** Warning at time       :      4760.250000
    Generated by Unit     : Not applicable or not available
    Generated by Type     : Not applicable or not available
    TRNSYS Message    441 : The inputs to the listed units have not converged at this timestep. The values at the last iteration will be used and the simulation will proceed.
    Reported information  : UNITS: 56  30  32  36  37  38  39  40  41  42  43  44  45  46  47  48  49  50  51  52  53  54  55  57  58  59  63  64  65  67  68  69  70
 
*** Warning at time       :      4760.500000
    Generated by Unit     : Not applicable or not available
    Generated by Type     : Not applicable or not available
    TRNSYS Message    441 : The inputs to the listed units have not converged at this timestep. The values at the last iteration will be used and the simulation will proceed.
    Reported information  : UNITS: 56  30  32  36  37  38  39  40  42  43  44  46  48  49  50  51  53  54  55  58  65  67  69
 
*** Warning at time       :      4760.750000
    Generated by Unit     : Not applicable or not available
    Generated by Type     : Not applicable or not available
    TRNSYS Message    441 : The inputs to the listed units have not converged at this timestep. The values at the last iteration will be used and the simulation will proceed.
    Reported information  : UNITS: 56  41  45  47  52  57  59  64  68  70
 
*** Warning at time       :      4761.000000
    Generated by Unit     : Not applicable or not available
    Generated by Type     : Not applicable or not available
    TRNSYS Message    441 : The inputs to the listed units have not converged at this timestep. The values at the last iteration will be used and the simulation will proceed.
    Reported information  : UNITS: 56  30  32  36  37  38  39  40  42  43  44  46  48  49  50  51  53  54  55  58  60  61  62  63  65  66  67  69
 
*** Warning at time       :      4761.250000
    Generated by Unit     : Not applicable or not available
    Generated by Type     : Not applicable or not available
    TRNSYS Message    441 : The inputs to the listed units have not converged at this timestep. The values at the last iteration will be used and the simulation will proceed.
    Reported information  : UNITS: 56  30  32  36  37  38  39  40  42  43  44  46  48  49  50  51  53  54  55  58  60  61  62  63  65  66  67  69
 
*** Warning at time       :      4763.250000
    Generated by Unit     : Not applicable or not available
    Generated by Type     : Not applicable or not available
    TRNSYS Message    441 : The inputs to the listed units have not converged at this timestep. The values at the last iteration will be used and the simulation will proceed.
    Reported information  : UNITS: 56  45  57  68
 
*** Warning at time       :      4763.750000
    Generated by Unit     : Not applicable or not available
    Generated by Type     : Not applicable or not available
    TRNSYS Message    441 : The inputs to the listed units have not converged at this timestep. The values at the last iteration will be used and the simulation will proceed.
    Reported information  : UNITS: 56  45  57  68
 
*** Warning at time       :      4765.500000
    Generated by Unit     : Not applicable or not available
    Generated by Type     : Not applicable or not available
    TRNSYS Message    441 : The inputs to the listed units have not converged at this timestep. The values at the last iteration will be used and the simulation will proceed.
    Reported information  : UNITS: 56  45  57  68
 
*** Warning at time       :      4766.000000
    Generated by Unit     : Not applicable or not available
    Generated by Type     : Not applicable or not available
    TRNSYS Message    441 : The inputs to the listed units have not converged at this timestep. The values at the last iteration will be used and the simulation will proceed.
    Reported information  : UNITS: 56  45  57  68
 
*** Warning at time       :      4767.250000
    Generated by Unit     : Not applicable or not available
    Generated by Type     : Not applicable or not available
    TRNSYS Message    441 : The inputs to the listed units have not converged at this timestep. The values at the last iteration will be used and the simulation will proceed.
    Reported information  : UNITS: 56  45  57  68
 
*** Warning at time       :      4767.750000
    Generated by Unit     : Not applicable or not available
    Generated by Type     : Not applicable or not available
    TRNSYS Message    441 : The inputs to the listed units have not converged at this timestep. The values at the last iteration will be used and the simulation will proceed.
    Reported information  : UNITS: 56  45  57  68
 
*** Warning at time       :      4769.000000
    Generated by Unit     : Not applicable or not available
    Generated by Type     : Not applicable or not available
    TRNSYS Message    441 : The inputs to the listed units have not converged at this timestep. The values at the last iteration will be used and the simulation will proceed.
    Reported information  : UNITS: 56  45  57  68
 
*** Warning at time       :      4769.500000
    Generated by Unit     : Not applicable or not available
    Generated by Type     : Not applicable or not available
    TRNSYS Message    441 : The inputs to the listed units have not converged at this timestep. The values at the last iteration will be used and the simulation will proceed.
    Reported information  : UNITS: 56  45  57  68
 
*** Warning at time       :      4770.750000
    Generated by Unit     : Not applicable or not available
    Generated by Type     : Not applicable or not available
    TRNSYS Message    441 : The inputs to the listed units have not converged at this timestep. The values at the last iteration will be used and the simulation will proceed.
    Reported information  : UNITS: 56  45  57  68
 
*** Warning at time       :      4771.250000
    Generated by Unit     : Not applicable or not available
    Generated by Type     : Not applicable or not available
    TRNSYS Message    441 : The inputs to the listed units have not converged at this timestep. The values at the last iteration will be used and the simulation will proceed.
    Reported information  : UNITS: 56  45  57  68
 
*** Warning at time       :      4772.500000
    Generated by Unit     : Not applicable or not available
    Generated by Type     : Not applicable or not available
    TRNSYS Message    441 : The inputs to the listed units have not converged at this timestep. The values at the last iteration will be used and the simulation will proceed.
    Reported information  : UNITS: 56  45  57  68
 
*** Warning at time       :      4773.750000
    Generated by Unit     : Not applicable or not available
    Generated by Type     : Not applicable or not available
    TRNSYS Message    441 : The inputs to the listed units have not converged at this timestep. The values at the last iteration will be used and the simulation will proceed.
    Reported information  : UNITS: 56  37  38  39  40  43  48  49  50  51  54  60  61  62  63  66
 
*** Warning at time       :      4774.000000
    Generated by Unit     : Not applicable or not available
    Generated by Type     : Not applicable or not available
    TRNSYS Message    441 : The inputs to the listed units have not converged at this timestep. The values at the last iteration will be used and the simulation will proceed.
    Reported information  : UNITS: 56  41  47  52  59  64  70
 
*** Warning at time       :      4784.250000
    Generated by Unit     : Not applicable or not available
    Generated by Type     : Not applicable or not available
    TRNSYS Message    441 : The inputs to the listed units have not converged at this timestep. The values at the last iteration will be used and the simulation will proceed.
    Reported information  : UNITS: 56  30  32  36  37  38  39  40  41  42  43  44  45  46  47  48  49  50  51  52  53  54  55  57  58  59  60  61  62  63  64  65  66  67  68  69  70
 
*** Warning at time       :      4784.500000
    Generated by Unit     : Not applicable or not available
    Generated by Type     : Not applicable or not available
    TRNSYS Message    441 : The inputs to the listed units have not converged at this timestep. The values at the last iteration will be used and the simulation will proceed.
    Reported information  : UNITS: 56  30  32  36  37  38  39  40  42  43  44  46  48  49  50  51  53  54  55  58  60  62  63  65  66  67  69
 
*** Warning at time       :      4784.750000
    Generated by Unit     : Not applicable or not available
    Generated by Type     : Not applicable or not available
    TRNSYS Message    441 : The inputs to the listed units have not converged at this timestep. The values at the last iteration will be used and the simulation will proceed.
    Reported information  : UNITS: 56  41  45  47  52  57  59  64  68  70
 
*** Warning at time       :      4785.000000
    Generated by Unit     : Not applicable or not available
    Generated by Type     : Not applicable or not available
    TRNSYS Message    441 : The inputs to the listed units have not converged at this timestep. The values at the last iteration will be used and the simulation will proceed.
    Reported information  : UNITS: 56  30  32  36  37  38  39  40  42  43  44  46  48  49  50  51  53  54  55  58  60  61  62  63  65  66  67  69
 
*** Warning at time       :      4785.250000
    Generated by Unit     : Not applicable or not available
    Generated by Type     : Not applicable or not available
    TRNSYS Message    441 : The inputs to the listed units have not converged at this timestep. The values at the last iteration will be used and the simulation will proceed.
    Reported information  : UNITS: 56  37  38  39  40  43  48  49  50  51  54  60  61  62  63  66
 
*** Warning at time       :      4786.250000
    Generated by Unit     : Not applicable or not available
    Generated by Type     : Not applicable or not available
    TRNSYS Message    441 : The inputs to the listed units have not converged at this timestep. The values at the last iteration will be used and the simulation will proceed.
    Reported information  : UNITS: 56  45  57  68
 
*** Warning at time       :      4786.750000
    Generated by Unit     : Not applicable or not available
    Generated by Type     : Not applicable or not available
    TRNSYS Message    441 : The inputs to the listed units have not converged at this timestep. The values at the last iteration will be used and the simulation will proceed.
    Reported information  : UNITS: 56  45  57  68
 
*** Warning at time       :      4787.500000
    Generated by Unit     : Not applicable or not available
    Generated by Type     : Not applicable or not available
    TRNSYS Message    441 : The inputs to the listed units have not converged at this timestep. The values at the last iteration will be used and the simulation will proceed.
    Reported information  : UNITS: 56  45  57  68
 
*** Warning at time       :      4788.000000
    Generated by Unit     : Not applicable or not available
    Generated by Type     : Not applicable or not available
    TRNSYS Message    441 : The inputs to the listed units have not converged at this timestep. The values at the last iteration will be used and the simulation will proceed.
    Reported information  : UNITS: 56  45  57  68
 
*** Warning at time       :      4788.750000
    Generated by Unit     : Not applicable or not available
    Generated by Type     : Not applicable or not available
    TRNSYS Message    441 : The inputs to the listed units have not converged at this timestep. The values at the last iteration will be used and the simulation will proceed.
    Reported information  : UNITS: 56  45  57  68
 
*** Warning at time       :      4789.250000
    Generated by Unit     : Not applicable or not available
    Generated by Type     : Not applicable or not available
    TRNSYS Message    441 : The inputs to the listed units have not converged at this timestep. The values at the last iteration will be used and the simulation will proceed.
    Reported information  : UNITS: 56  45  57  68
 
*** Warning at time       :      4790.000000
    Generated by Unit     : Not applicable or not available
    Generated by Type     : Not applicable or not available
    TRNSYS Message    441 : The inputs to the listed units have not converged at this timestep. The values at the last iteration will be used and the simulation will proceed.
    Reported information  : UNITS: 56  45  57  68
 
*** Warning at time       :      4790.750000
    Generated by Unit     : Not applicable or not available
    Generated by Type     : Not applicable or not available
    TRNSYS Message    441 : The inputs to the listed units have not converged at this timestep. The values at the last iteration will be used and the simulation will proceed.
    Reported information  : UNITS: 56  45  57  68
 
*** Warning at time       :      4791.250000
    Generated by Unit     : Not applicable or not available
    Generated by Type     : Not applicable or not available
    TRNSYS Message    441 : The inputs to the listed units have not converged at this timestep. The values at the last iteration will be used and the simulation will proceed.
    Reported information  : UNITS: 56  45  57  68
 
*** Warning at time       :      4792.000000
    Generated by Unit     : Not applicable or not available
    Generated by Type     : Not applicable or not available
    TRNSYS Message    441 : The inputs to the listed units have not converged at this timestep. The values at the last iteration will be used and the simulation will proceed.
    Reported information  : UNITS: 56  45  57  68
 
*** Warning at time       :      4792.500000
    Generated by Unit     : Not applicable or not available
    Generated by Type     : Not applicable or not available
    TRNSYS Message    441 : The inputs to the listed units have not converged at this timestep. The values at the last iteration will be used and the simulation will proceed.
    Reported information  : UNITS: 56  45  57  68
 
*** Warning at time       :      4793.250000
    Generated by Unit     : Not applicable or not available
    Generated by Type     : Not applicable or not available
    TRNSYS Message    441 : The inputs to the listed units have not converged at this timestep. The values at the last iteration will be used and the simulation will proceed.
    Reported information  : UNITS: 56  45  57  68
 
*** Warning at time       :      4793.750000
    Generated by Unit     : Not applicable or not available
    Generated by Type     : Not applicable or not available
    TRNSYS Message    441 : The inputs to the listed units have not converged at this timestep. The values at the last iteration will be used and the simulation will proceed.
    Reported information  : UNITS: 56  45  57  68
 
*** Warning at time       :      4794.500000
    Generated by Unit     : Not applicable or not available
    Generated by Type     : Not applicable or not available
    TRNSYS Message    441 : The inputs to the listed units have not converged at this timestep. The values at the last iteration will be used and the simulation will proceed.
    Reported information  : UNITS: 56  45  57  68
 
*** Warning at time       :      4795.000000
    Generated by Unit     : Not applicable or not available
    Generated by Type     : Not applicable or not available
    TRNSYS Message    441 : The inputs to the listed units have not converged at this timestep. The values at the last iteration will be used and the simulation will proceed.
    Reported information  : UNITS: 56  45  57  68
 
*** Warning at time       :      4796.250000
    Generated by Unit     : Not applicable or not available
    Generated by Type     : Not applicable or not available
    TRNSYS Message    441 : The inputs to the listed units have not converged at this timestep. The values at the last iteration will be used and the simulation will proceed.
    Reported information  : UNITS: 56  45  57  68
 
*** Warning at time       :      4808.250000
    Generated by Unit     : Not applicable or not available
    Generated by Type     : Not applicable or not available
    TRNSYS Message    441 : The inputs to the listed units have not converged at this timestep. The values at the last iteration will be used and the simulation will proceed.
    Reported information  : UNITS: 56  30  32  36  37  38  39  40  41  42  43  44  45  47  48  49  50  51  52  53  54  55  57  59  60  61  62  63  64  65  66  67  68  70
 
*** Warning at time       :      4808.500000
    Generated by Unit     : Not applicable or not available
    Generated by Type     : Not applicable or not available
    TRNSYS Message    441 : The inputs to the listed units have not converged at this timestep. The values at the last iteration will be used and the simulation will proceed.
    Reported information  : UNITS: 56  37  38  39  40  43  44  48  49  50  51  54  55  60  61  62  63  66  67
 
*** Warning at time       :      4808.750000
    Generated by Unit     : Not applicable or not available
    Generated by Type     : Not applicable or not available
    TRNSYS Message    441 : The inputs to the listed units have not converged at this timestep. The values at the last iteration will be used and the simulation will proceed.
    Reported information  : UNITS: 56  30  32  36  41  42  45  46  47  52  53  57  58  59  64  65  68  69  70
 
*** Warning at time       :      4809.000000
    Generated by Unit     : Not applicable or not available
    Generated by Type     : Not applicable or not available
    TRNSYS Message    441 : The inputs to the listed units have not converged at this timestep. The values at the last iteration will be used and the simulation will proceed.
    Reported information  : UNITS: 56  30  32  36  37  38  39  40  42  43  44  46  48  49  50  51  53  54  55  58  60  61  62  63  65  66  67  69
 
*** Warning at time       :      4809.250000
    Generated by Unit     : Not applicable or not available
    Generated by Type     : Not applicable or not available
    TRNSYS Message    441 : The inputs to the listed units have not converged at this timestep. The values at the last iteration will be used and the simulation will proceed.
    Reported information  : UNITS: 56  37  38  39  43  48  49  50  54  60  61  62  66
 
*** Warning at time       :      4809.500000
    Generated by Unit     : Not applicable or not available
    Generated by Type     : Not applicable or not available
    TRNSYS Message    441 : The inputs to the listed units have not converged at this timestep. The values at the last iteration will be used and the simulation will proceed.
    Reported information  : UNITS: 56  30  32  36  42  46  53  58  65  69
 
*** Warning at time       :      4811.250000
    Generated by Unit     : Not applicable or not available
    Generated by Type     : Not applicable or not available
    TRNSYS Message    441 : The inputs to the listed units have not converged at this timestep. The values at the last iteration will be used and the simulation will proceed.
    Reported information  : UNITS: 56  45  57  68
 
*** Warning at time       :      4811.750000
    Generated by Unit     : Not applicable or not available
    Generated by Type     : Not applicable or not available
    TRNSYS Message    441 : The inputs to the listed units have not converged at this timestep. The values at the last iteration will be used and the simulation will proceed.
    Reported information  : UNITS: 56  45  57  68
 
*** Warning at time       :      4813.000000
    Generated by Unit     : Not applicable or not available
    Generated by Type     : Not applicable or not available
    TRNSYS Message    441 : The inputs to the listed units have not converged at this timestep. The values at the last iteration will be used and the simulation will proceed.
    Reported information  : UNITS: 56  45  57  68
 
*** Warning at time       :      4813.750000
    Generated by Unit     : Not applicable or not available
    Generated by Type     : Not applicable or not available
    TRNSYS Message    441 : The inputs to the listed units have not converged at this timestep. The values at the last iteration will be used and the simulation will proceed.
    Reported information  : UNITS: 56  45  57  68
 
*** Warning at time       :      4814.250000
    Generated by Unit     : Not applicable or not available
    Generated by Type     : Not applicable or not available
    TRNSYS Message    441 : The inputs to the listed units have not converged at this timestep. The values at the last iteration will be used and the simulation will proceed.
    Reported information  : UNITS: 56  45  57  68
 
*** Warning at time       :      4815.000000
    Generated by Unit     : Not applicable or not available
    Generated by Type     : Not applicable or not available
    TRNSYS Message    441 : The inputs to the listed units have not converged at this timestep. The values at the last iteration will be used and the simulation will proceed.
    Reported information  : UNITS: 56  45  57  68
 
*** Warning at time       :      4815.500000
    Generated by Unit     : Not applicable or not available
    Generated by Type     : Not applicable or not available
    TRNSYS Message    441 : The inputs to the listed units have not converged at this timestep. The values at the last iteration will be used and the simulation will proceed.
    Reported information  : UNITS: 56  45  57  68
 
*** Warning at time       :      4816.750000
    Generated by Unit     : Not applicable or not available
    Generated by Type     : Not applicable or not available
    TRNSYS Message    441 : The inputs to the listed units have not converged at this timestep. The values at the last iteration will be used and the simulation will proceed.
    Reported information  : UNITS: 56  45  57  68
 
*** Warning at time       :      4817.250000
    Generated by Unit     : Not applicable or not available
    Generated by Type     : Not applicable or not available
    TRNSYS Message    441 : The inputs to the listed units have not converged at this timestep. The values at the last iteration will be used and the simulation will proceed.
    Reported information  : UNITS: 56  45  57  68
 
*** Warning at time       :      4818.500000
    Generated by Unit     : Not applicable or not available
    Generated by Type     : Not applicable or not available
    TRNSYS Message    441 : The inputs to the listed units have not converged at this timestep. The values at the last iteration will be used and the simulation will proceed.
    Reported information  : UNITS: 56  45  57  68
 
*** Warning at time       :      4819.000000
    Generated by Unit     : Not applicable or not available
    Generated by Type     : Not applicable or not available
    TRNSYS Message    441 : The inputs to the listed units have not converged at this timestep. The values at the last iteration will be used and the simulation will proceed.
    Reported information  : UNITS: 56  45  57  68
 
*** Warning at time       :      4820.250000
    Generated by Unit     : Not applicable or not available
    Generated by Type     : Not applicable or not available
    TRNSYS Message    441 : The inputs to the listed units have not converged at this timestep. The values at the last iteration will be used and the simulation will proceed.
    Reported information  : UNITS: 56  45  57  68
 
*** Warning at time       :      4880.250000
    Generated by Unit     : Not applicable or not available
    Generated by Type     : Not applicable or not available
    TRNSYS Message    441 : The inputs to the listed units have not converged at this timestep. The values at the last iteration will be used and the simulation will proceed.
    Reported information  : UNITS: 56  37  38  39  43  44  48  49  50  54  55  60  61  62  66  67
 
*** Warning at time       :      4880.500000
    Generated by Unit     : Not applicable or not available
    Generated by Type     : Not applicable or not available
    TRNSYS Message    441 : The inputs to the listed units have not converged at this timestep. The values at the last iteration will be used and the simulation will proceed.
    Reported information  : UNITS: 56  41  45  47  52  57  59  64  68  70 110 116 122 128
 
*** Warning at time       :      4881.750000
    Generated by Unit     : Not applicable or not available
    Generated by Type     : Not applicable or not available
    TRNSYS Message    441 : The inputs to the listed units have not converged at this timestep. The values at the last iteration will be used and the simulation will proceed.
    Reported information  : UNITS: 56  45  57  68
 
*** Warning at time       :      4882.250000
    Generated by Unit     : Not applicable or not available
    Generated by Type     : Not applicable or not available
    TRNSYS Message    441 : The inputs to the listed units have not converged at this timestep. The values at the last iteration will be used and the simulation will proceed.
    Reported information  : UNITS: 56  41  45  47  52  57  59  64  68  70
 
*** Warning at time       :      4882.500000
    Generated by Unit     : Not applicable or not available
    Generated by Type     : Not applicable or not available
    TRNSYS Message    441 : The inputs to the listed units have not converged at this timestep. The values at the last iteration will be used and the simulation will proceed.
    Reported information  : UNITS: 56  45  57  68
 
*** Warning at time       :      4883.000000
    Generated by Unit     : Not applicable or not available
    Generated by Type     : Not applicable or not available
    TRNSYS Message    441 : The inputs to the listed units have not converged at this timestep. The values at the last iteration will be used and the simulation will proceed.
    Reported information  : UNITS: 56  45  47  57  59  68  70
 
*** Warning at time       :      4883.250000
    Generated by Unit     : Not applicable or not available
    Generated by Type     : Not applicable or not available
    TRNSYS Message    441 : The inputs to the listed units have not converged at this timestep. The values at the last iteration will be used and the simulation will proceed.
    Reported information  : UNITS: 56  45  57  68
 
*** Warning at time       :      4883.500000
    Generated by Unit     : Not applicable or not available
    Generated by Type     : Not applicable or not available
    TRNSYS Message    441 : The inputs to the listed units have not converged at this timestep. The values at the last iteration will be used and the simulation will proceed.
    Reported information  : UNITS: 56  30  32  36  41  42  46  47  52  53  58  59  64  65  69  70
 
*** Warning at time       :      4883.750000
    Generated by Unit     : Not applicable or not available
    Generated by Type     : Not applicable or not available
    TRNSYS Message    441 : The inputs to the listed units have not converged at this timestep. The values at the last iteration will be used and the simulation will proceed.
    Reported information  : UNITS: 56  45  57  68
 
*** Warning at time       :      4884.000000
    Generated by Unit     : Not applicable or not available
    Generated by Type     : Not applicable or not available
    TRNSYS Message    441 : The inputs to the listed units have not converged at this timestep. The values at the last iteration will be used and the simulation will proceed.
    Reported information  : UNITS: 56  30  32  36  42  45  46  53  57  58  65  68  69
 
*** Warning at time       :      4884.250000
    Generated by Unit     : Not applicable or not available
    Generated by Type     : Not applicable or not available
    TRNSYS Message    441 : The inputs to the listed units have not converged at this timestep. The values at the last iteration will be used and the simulation will proceed.
    Reported information  : UNITS: 56  47  59  70
 
*** Warning at time       :      4884.500000
    Generated by Unit     : Not applicable or not available
    Generated by Type     : Not applicable or not available
    TRNSYS Message    441 : The inputs to the listed units have not converged at this timestep. The values at the last iteration will be used and the simulation will proceed.
    Reported information  : UNITS: 56  40  45  51  57  63  68
 
*** Warning at time       :      4884.750000
    Generated by Unit     : Not applicable or not available
    Generated by Type     : Not applicable or not available
    TRNSYS Message    441 : The inputs to the listed units have not converged at this timestep. The values at the last iteration will be used and the simulation will proceed.
    Reported information  : UNITS: 56  41  45  47  52  57  59  64  68  70
 
*** Warning at time       :      4885.000000
    Generated by Unit     : Not applicable or not available
    Generated by Type     : Not applicable or not available
    TRNSYS Message    441 : The inputs to the listed units have not converged at this timestep. The values at the last iteration will be used and the simulation will proceed.
    Reported information  : UNITS: 56  40  51  63
 
*** Warning at time       :      4885.250000
    Generated by Unit     : Not applicable or not available
    Generated by Type     : Not applicable or not available
    TRNSYS Message    441 : The inputs to the listed units have not converged at this timestep. The values at the last iteration will be used and the simulation will proceed.
    Reported information  : UNITS: 56  45  57  68
 
*** Warning at time       :      4885.500000
    Generated by Unit     : Not applicable or not available
    Generated by Type     : Not applicable or not available
    TRNSYS Message    441 : The inputs to the listed units have not converged at this timestep. The values at the last iteration will be used and the simulation will proceed.
    Reported information  : UNITS: 56  45  57  68
 
*** Warning at time       :      4886.000000
    Generated by Unit     : Not applicable or not available
    Generated by Type     : Not applicable or not available
    TRNSYS Message    441 : The inputs to the listed units have not converged at this timestep. The values at the last iteration will be used and the simulation will proceed.
    Reported information  : UNITS: 56  41  45  47  52  57  59  64  68  70
 
*** Warning at time       :      4886.250000
    Generated by Unit     : Not applicable or not available
    Generated by Type     : Not applicable or not available
    TRNSYS Message    441 : The inputs to the listed units have not converged at this timestep. The values at the last iteration will be used and the simulation will proceed.
    Reported information  : UNITS: 56  45  57  68
 
*** Warning at time       :      4886.750000
    Generated by Unit     : Not applicable or not available
    Generated by Type     : Not applicable or not available
    TRNSYS Message    441 : The inputs to the listed units have not converged at this timestep. The values at the last iteration will be used and the simulation will proceed.
    Reported information  : UNITS: 56  45  57  68
 
*** Warning at time       :      4887.000000
    Generated by Unit     : Not applicable or not available
    Generated by Type     : Not applicable or not available
    TRNSYS Message    441 : The inputs to the listed units have not converged at this timestep. The values at the last iteration will be used and the simulation will proceed.
    Reported information  : UNITS: 56  45  57  68
 
*** Warning at time       :      4887.250000
    Generated by Unit     : Not applicable or not available
    Generated by Type     : Not applicable or not available
    TRNSYS Message    441 : The inputs to the listed units have not converged at this timestep. The values at the last iteration will be used and the simulation will proceed.
    Reported information  : UNITS: 56  41  47  52  59  64  70
 
*** Warning at time       :      4887.500000
    Generated by Unit     : Not applicable or not available
    Generated by Type     : Not applicable or not available
    TRNSYS Message    441 : The inputs to the listed units have not converged at this timestep. The values at the last iteration will be used and the simulation will proceed.
    Reported information  : UNITS: 56  45  57  68
 
*** Warning at time       :      4887.750000
    Generated by Unit     : Not applicable or not available
    Generated by Type     : Not applicable or not available
    TRNSYS Message    441 : The inputs to the listed units have not converged at this timestep. The values at the last iteration will be used and the simulation will proceed.
    Reported information  : UNITS: 56  45  57  68
 
*** Warning at time       :      4888.250000
    Generated by Unit     : Not applicable or not available
    Generated by Type     : Not applicable or not available
    TRNSYS Message    441 : The inputs to the listed units have not converged at this timestep. The values at the last iteration will be used and the simulation will proceed.
    Reported information  : UNITS: 56  45  57  68
 
*** Warning at time       :      4888.500000
    Generated by Unit     : Not applicable or not available
    Generated by Type     : Not applicable or not available
    TRNSYS Message    441 : The inputs to the listed units have not converged at this timestep. The values at the last iteration will be used and the simulation will proceed.
    Reported information  : UNITS: 56  41  45  47  52  57  59  64  68  70
 
*** Warning at time       :      4889.000000
    Generated by Unit     : Not applicable or not available
    Generated by Type     : Not applicable or not available
    TRNSYS Message    441 : The inputs to the listed units have not converged at this timestep. The values at the last iteration will be used and the simulation will proceed.
    Reported information  : UNITS: 56  41  45  47  52  57  59  64  68  70
 
*** Warning at time       :      4889.250000
    Generated by Unit     : Not applicable or not available
    Generated by Type     : Not applicable or not available
    TRNSYS Message    441 : The inputs to the listed units have not converged at this timestep. The values at the last iteration will be used and the simulation will proceed.
    Reported information  : UNITS: 56  45  57  68
 
*** Warning at time       :      4889.750000
    Generated by Unit     : Not applicable or not available
    Generated by Type     : Not applicable or not available
    TRNSYS Message    441 : The inputs to the listed units have not converged at this timestep. The values at the last iteration will be used and the simulation will proceed.
    Reported information  : UNITS: 56  45  57  68
 
*** Warning at time       :      4890.000000
    Generated by Unit     : Not applicable or not available
    Generated by Type     : Not applicable or not available
    TRNSYS Message    441 : The inputs to the listed units have not converged at this timestep. The values at the last iteration will be used and the simulation will proceed.
    Reported information  : UNITS: 56  45  57  68
 
*** Warning at time       :      4890.500000
    Generated by Unit     : Not applicable or not available
    Generated by Type     : Not applicable or not available
    TRNSYS Message    441 : The inputs to the listed units have not converged at this timestep. The values at the last iteration will be used and the simulation will proceed.
    Reported information  : UNITS: 56  45  57  68
 
*** Warning at time       :      4890.750000
    Generated by Unit     : Not applicable or not available
    Generated by Type     : Not applicable or not available
    TRNSYS Message    441 : The inputs to the listed units have not converged at this timestep. The values at the last iteration will be used and the simulation will proceed.
    Reported information  : UNITS: 56  41  45  47  52  57  59  64  68  70
 
*** Warning at time       :      4891.250000
    Generated by Unit     : Not applicable or not available
    Generated by Type     : Not applicable or not available
    TRNSYS Message    441 : The inputs to the listed units have not converged at this timestep. The values at the last iteration will be used and the simulation will proceed.
    Reported information  : UNITS: 56  45  57  68
 
*** Warning at time       :      4891.500000
    Generated by Unit     : Not applicable or not available
    Generated by Type     : Not applicable or not available
    TRNSYS Message    441 : The inputs to the listed units have not converged at this timestep. The values at the last iteration will be used and the simulation will proceed.
    Reported information  : UNITS: 56  45  57  68
 
*** Warning at time       :      4892.000000
    Generated by Unit     : Not applicable or not available
    Generated by Type     : Not applicable or not available
    TRNSYS Message    441 : The inputs to the listed units have not converged at this timestep. The values at the last iteration will be used and the simulation will proceed.
    Reported information  : UNITS: 56  45  57  68
 
*** Warning at time       :      4892.250000
    Generated by Unit     : Not applicable or not available
    Generated by Type     : Not applicable or not available
    TRNSYS Message    441 : The inputs to the listed units have not converged at this timestep. The values at the last iteration will be used and the simulation will proceed.
    Reported information  : UNITS: 56  45  57  68
 
*** Warning at time       :      4892.750000
    Generated by Unit     : Not applicable or not available
    Generated by Type     : Not applicable or not available
    TRNSYS Message    441 : The inputs to the listed units have not converged at this timestep. The values at the last iteration will be used and the simulation will proceed.
    Reported information  : UNITS: 56  45  57  68
 
*** Warning at time       :      4893.500000
    Generated by Unit     : Not applicable or not available
    Generated by Type     : Not applicable or not available
    TRNSYS Message    441 : The inputs to the listed units have not converged at this timestep. The values at the last iteration will be used and the simulation will proceed.
    Reported information  : UNITS: 56  45  57  68
 
*** Warning at time       :      4904.250000
    Generated by Unit     : Not applicable or not available
    Generated by Type     : Not applicable or not available
    TRNSYS Message    441 : The inputs to the listed units have not converged at this timestep. The values at the last iteration will be used and the simulation will proceed.
    Reported information  : UNITS: 56  30  32  36  37  38  39  40  41  42  43  44  46  47  48  49  50  51  52  53  54  55  58  59  60  61  62  63  64  65  66  67  69  70
 
*** Warning at time       :      4904.500000
    Generated by Unit     : Not applicable or not available
    Generated by Type     : Not applicable or not available
    TRNSYS Message    441 : The inputs to the listed units have not converged at this timestep. The values at the last iteration will be used and the simulation will proceed.
    Reported information  : UNITS: 56 115 127
 
*** Warning at time       :      4906.000000
    Generated by Unit     : Not applicable or not available
    Generated by Type     : Not applicable or not available
    TRNSYS Message    441 : The inputs to the listed units have not converged at this timestep. The values at the last iteration will be used and the simulation will proceed.
    Reported information  : UNITS: 56  45  57  68
 
*** Warning at time       :      4906.500000
    Generated by Unit     : Not applicable or not available
    Generated by Type     : Not applicable or not available
    TRNSYS Message    441 : The inputs to the listed units have not converged at this timestep. The values at the last iteration will be used and the simulation will proceed.
    Reported information  : UNITS: 56  45  57  68
 
*** Warning at time       :      4907.250000
    Generated by Unit     : Not applicable or not available
    Generated by Type     : Not applicable or not available
    TRNSYS Message    441 : The inputs to the listed units have not converged at this timestep. The values at the last iteration will be used and the simulation will proceed.
    Reported information  : UNITS: 56  45  57  68
 
*** Warning at time       :      4908.000000
    Generated by Unit     : Not applicable or not available
    Generated by Type     : Not applicable or not available
    TRNSYS Message    441 : The inputs to the listed units have not converged at this timestep. The values at the last iteration will be used and the simulation will proceed.
    Reported information  : UNITS: 56  45  57  68
 
*** Warning at time       :      4908.750000
    Generated by Unit     : Not applicable or not available
    Generated by Type     : Not applicable or not available
    TRNSYS Message    441 : The inputs to the listed units have not converged at this timestep. The values at the last iteration will be used and the simulation will proceed.
    Reported information  : UNITS: 56  45  57  68
 
*** Warning at time       :      4909.000000
    Generated by Unit     : Not applicable or not available
    Generated by Type     : Not applicable or not available
    TRNSYS Message    441 : The inputs to the listed units have not converged at this timestep. The values at the last iteration will be used and the simulation will proceed.
    Reported information  : UNITS: 56  41  47  52  59  64  70
 
*** Warning at time       :      4909.500000
    Generated by Unit     : Not applicable or not available
    Generated by Type     : Not applicable or not available
    TRNSYS Message    441 : The inputs to the listed units have not converged at this timestep. The values at the last iteration will be used and the simulation will proceed.
    Reported information  : UNITS: 56  41  45  47  52  57  59  64  68  70
 
*** Warning at time       :      4910.250000
    Generated by Unit     : Not applicable or not available
    Generated by Type     : Not applicable or not available
    TRNSYS Message    441 : The inputs to the listed units have not converged at this timestep. The values at the last iteration will be used and the simulation will proceed.
    Reported information  : UNITS: 56  45  57  68
 
*** Warning at time       :      4911.000000
    Generated by Unit     : Not applicable or not available
    Generated by Type     : Not applicable or not available
    TRNSYS Message    441 : The inputs to the listed units have not converged at this timestep. The values at the last iteration will be used and the simulation will proceed.
    Reported information  : UNITS: 56  45  57  68
 
*** Warning at time       :      4911.250000
    Generated by Unit     : Not applicable or not available
    Generated by Type     : Not applicable or not available
    TRNSYS Message    441 : The inputs to the listed units have not converged at this timestep. The values at the last iteration will be used and the simulation will proceed.
    Reported information  : UNITS: 56  41  47  52  59  64  70
 
*** Warning at time       :      4911.750000
    Generated by Unit     : Not applicable or not available
    Generated by Type     : Not applicable or not available
    TRNSYS Message    441 : The inputs to the listed units have not converged at this timestep. The values at the last iteration will be used and the simulation will proceed.
    Reported information  : UNITS: 56  41  45  47  52  57  59  64  68  70
 
*** Warning at time       :      4912.500000
    Generated by Unit     : Not applicable or not available
    Generated by Type     : Not applicable or not available
    TRNSYS Message    441 : The inputs to the listed units have not converged at this timestep. The values at the last iteration will be used and the simulation will proceed.
    Reported information  : UNITS: 56  45  57  68
 
*** Warning at time       :      4913.250000
    Generated by Unit     : Not applicable or not available
    Generated by Type     : Not applicable or not available
    TRNSYS Message    441 : The inputs to the listed units have not converged at this timestep. The values at the last iteration will be used and the simulation will proceed.
    Reported information  : UNITS: 56  45  57  68
 
*** Warning at time       :      4914.000000
    Generated by Unit     : Not applicable or not available
    Generated by Type     : Not applicable or not available
    TRNSYS Message    441 : The inputs to the listed units have not converged at this timestep. The values at the last iteration will be used and the simulation will proceed.
    Reported information  : UNITS: 56  45  57  68
 
*** Warning at time       :      4914.750000
    Generated by Unit     : Not applicable or not available
    Generated by Type     : Not applicable or not available
    TRNSYS Message    441 : The inputs to the listed units have not converged at this timestep. The values at the last iteration will be used and the simulation will proceed.
    Reported information  : UNITS: 56  45  57  68
 
*** Warning at time       :      4915.500000
    Generated by Unit     : Not applicable or not available
    Generated by Type     : Not applicable or not available
    TRNSYS Message    441 : The inputs to the listed units have not converged at this timestep. The values at the last iteration will be used and the simulation will proceed.
    Reported information  : UNITS: 56  45  57  68
 
*** Warning at time       :      4916.250000
    Generated by Unit     : Not applicable or not available
    Generated by Type     : Not applicable or not available
    TRNSYS Message    441 : The inputs to the listed units have not converged at this timestep. The values at the last iteration will be used and the simulation will proceed.
    Reported information  : UNITS: 56  45  57  68
 
*** Warning at time       :      4916.750000
    Generated by Unit     : Not applicable or not available
    Generated by Type     : Not applicable or not available
    TRNSYS Message    441 : The inputs to the listed units have not converged at this timestep. The values at the last iteration will be used and the simulation will proceed.
    Reported information  : UNITS: 56  45  57  68
 
*** Warning at time       :      4928.250000
    Generated by Unit     : Not applicable or not available
    Generated by Type     : Not applicable or not available
    TRNSYS Message    441 : The inputs to the listed units have not converged at this timestep. The values at the last iteration will be used and the simulation will proceed.
    Reported information  : UNITS: 56  30  32  36  37  38  39  40  41  42  43  44  45  46  47  48  49  50  51  52  53  54  55  57  58  59  60  61  62  63  64  65  66  67  68  69  70 110 122
 
*** Warning at time       :      4928.500000
    Generated by Unit     : Not applicable or not available
    Generated by Type     : Not applicable or not available
    TRNSYS Message    441 : The inputs to the listed units have not converged at this timestep. The values at the last iteration will be used and the simulation will proceed.
    Reported information  : UNITS: 56 116 128
 
*** Warning at time       :      4928.750000
    Generated by Unit     : Not applicable or not available
    Generated by Type     : Not applicable or not available
    TRNSYS Message    441 : The inputs to the listed units have not converged at this timestep. The values at the last iteration will be used and the simulation will proceed.
    Reported information  : UNITS: 56  30  32  36  37  38  39  40  42  43  44  45  46  48  49  50  51  53  54  55  57  58  60  61  62  63  65  66  67  68  69
 
*** Warning at time       :      4931.250000
    Generated by Unit     : Not applicable or not available
    Generated by Type     : Not applicable or not available
    TRNSYS Message    441 : The inputs to the listed units have not converged at this timestep. The values at the last iteration will be used and the simulation will proceed.
    Reported information  : UNITS: 56  45  57  68
 
*** Warning at time       :      4931.750000
    Generated by Unit     : Not applicable or not available
    Generated by Type     : Not applicable or not available
    TRNSYS Message    441 : The inputs to the listed units have not converged at this timestep. The values at the last iteration will be used and the simulation will proceed.
    Reported information  : UNITS: 56  45  57  68
 
*** Warning at time       :      4932.500000
    Generated by Unit     : Not applicable or not available
    Generated by Type     : Not applicable or not available
    TRNSYS Message    441 : The inputs to the listed units have not converged at this timestep. The values at the last iteration will be used and the simulation will proceed.
    Reported information  : UNITS: 56  45  57  68
 
*** Warning at time       :      4933.000000
    Generated by Unit     : Not applicable or not available
    Generated by Type     : Not applicable or not available
    TRNSYS Message    441 : The inputs to the listed units have not converged at this timestep. The values at the last iteration will be used and the simulation will proceed.
    Reported information  : UNITS: 56  45  57  68
 
*** Warning at time       :      4933.750000
    Generated by Unit     : Not applicable or not available
    Generated by Type     : Not applicable or not available
    TRNSYS Message    441 : The inputs to the listed units have not converged at this timestep. The values at the last iteration will be used and the simulation will proceed.
    Reported information  : UNITS: 56  45  57  68
 
*** Warning at time       :      4934.250000
    Generated by Unit     : Not applicable or not available
    Generated by Type     : Not applicable or not available
    TRNSYS Message    441 : The inputs to the listed units have not converged at this timestep. The values at the last iteration will be used and the simulation will proceed.
    Reported information  : UNITS: 56  45  57  68
 
*** Warning at time       :      4935.000000
    Generated by Unit     : Not applicable or not available
    Generated by Type     : Not applicable or not available
    TRNSYS Message    441 : The inputs to the listed units have not converged at this timestep. The values at the last iteration will be used and the simulation will proceed.
    Reported information  : UNITS: 56  45  57  68
 
*** Warning at time       :      4935.500000
    Generated by Unit     : Not applicable or not available
    Generated by Type     : Not applicable or not available
    TRNSYS Message    441 : The inputs to the listed units have not converged at this timestep. The values at the last iteration will be used and the simulation will proceed.
    Reported information  : UNITS: 56  45  57  68
 
*** Warning at time       :      4936.250000
    Generated by Unit     : Not applicable or not available
    Generated by Type     : Not applicable or not available
    TRNSYS Message    441 : The inputs to the listed units have not converged at this timestep. The values at the last iteration will be used and the simulation will proceed.
    Reported information  : UNITS: 56  45  57  68
 
*** Warning at time       :      4936.750000
    Generated by Unit     : Not applicable or not available
    Generated by Type     : Not applicable or not available
    TRNSYS Message    441 : The inputs to the listed units have not converged at this timestep. The values at the last iteration will be used and the simulation will proceed.
    Reported information  : UNITS: 56  45  57  68
 
*** Warning at time       :      4937.500000
    Generated by Unit     : Not applicable or not available
    Generated by Type     : Not applicable or not available
    TRNSYS Message    441 : The inputs to the listed units have not converged at this timestep. The values at the last iteration will be used and the simulation will proceed.
    Reported information  : UNITS: 56  45  57  68
 
*** Warning at time       :      4938.000000
    Generated by Unit     : Not applicable or not available
    Generated by Type     : Not applicable or not available
    TRNSYS Message    441 : The inputs to the listed units have not converged at this timestep. The values at the last iteration will be used and the simulation will proceed.
    Reported information  : UNITS: 56  45  57  68
 
*** Warning at time       :      4939.250000
    Generated by Unit     : Not applicable or not available
    Generated by Type     : Not applicable or not available
    TRNSYS Message    441 : The inputs to the listed units have not converged at this timestep. The values at the last iteration will be used and the simulation will proceed.
    Reported information  : UNITS: 56  45  57  68
 
*** Warning at time       :      4939.750000
    Generated by Unit     : Not applicable or not available
    Generated by Type     : Not applicable or not available
    TRNSYS Message    441 : The inputs to the listed units have not converged at this timestep. The values at the last iteration will be used and the simulation will proceed.
    Reported information  : UNITS: 56  45  57  68
 
*** Warning at time       :      4952.250000
    Generated by Unit     : Not applicable or not available
    Generated by Type     : Not applicable or not available
    TRNSYS Message    441 : The inputs to the listed units have not converged at this timestep. The values at the last iteration will be used and the simulation will proceed.
    Reported information  : UNITS: 56  30  32  36  37  38  39  40  41  42  43  44  45  46  47  48  49  50  51  52  53  54  55  57  58  59  60  61  62  63  64  65  66  67  68  69  70
 
*** Warning at time       :      4952.750000
    Generated by Unit     : Not applicable or not available
    Generated by Type     : Not applicable or not available
    TRNSYS Message    441 : The inputs to the listed units have not converged at this timestep. The values at the last iteration will be used and the simulation will proceed.
    Reported information  : UNITS: 56  30  32  36  37  38  39  40  41  42  43  44  45  46  47  48  49  50  51  52  53  54  55  57  58  59  60  61  62  63  64  65  66  67  68  69  70
 
*** Warning at time       :      4956.250000
    Generated by Unit     : Not applicable or not available
    Generated by Type     : Not applicable or not available
    TRNSYS Message    441 : The inputs to the listed units have not converged at this timestep. The values at the last iteration will be used and the simulation will proceed.
    Reported information  : UNITS: 56  45  57  68
 
*** Warning at time       :      4956.750000
    Generated by Unit     : Not applicable or not available
    Generated by Type     : Not applicable or not available
    TRNSYS Message    441 : The inputs to the listed units have not converged at this timestep. The values at the last iteration will be used and the simulation will proceed.
    Reported information  : UNITS: 56  45  57  68
 
*** Warning at time       :      4958.000000
    Generated by Unit     : Not applicable or not available
    Generated by Type     : Not applicable or not available
    TRNSYS Message    441 : The inputs to the listed units have not converged at this timestep. The values at the last iteration will be used and the simulation will proceed.
    Reported information  : UNITS: 56  45  57  68
 
*** Warning at time       :      4958.500000
    Generated by Unit     : Not applicable or not available
    Generated by Type     : Not applicable or not available
    TRNSYS Message    441 : The inputs to the listed units have not converged at this timestep. The values at the last iteration will be used and the simulation will proceed.
    Reported information  : UNITS: 56  45  57  68
 
*** Warning at time       :      4959.250000
    Generated by Unit     : Not applicable or not available
    Generated by Type     : Not applicable or not available
    TRNSYS Message    441 : The inputs to the listed units have not converged at this timestep. The values at the last iteration will be used and the simulation will proceed.
    Reported information  : UNITS: 56  45  57  68
 
*** Warning at time       :      4959.750000
    Generated by Unit     : Not applicable or not available
    Generated by Type     : Not applicable or not available
    TRNSYS Message    441 : The inputs to the listed units have not converged at this timestep. The values at the last iteration will be used and the simulation will proceed.
    Reported information  : UNITS: 56  45  57  68
 
*** Warning at time       :      4960.500000
    Generated by Unit     : Not applicable or not available
    Generated by Type     : Not applicable or not available
    TRNSYS Message    441 : The inputs to the listed units have not converged at this timestep. The values at the last iteration will be used and the simulation will proceed.
    Reported information  : UNITS: 56  45  57  68
 
*** Warning at time       :      4961.000000
    Generated by Unit     : Not applicable or not available
    Generated by Type     : Not applicable or not available
    TRNSYS Message    441 : The inputs to the listed units have not converged at this timestep. The values at the last iteration will be used and the simulation will proceed.
    Reported information  : UNITS: 56  45  57  68
 
*** Warning at time       :      4962.250000
    Generated by Unit     : Not applicable or not available
    Generated by Type     : Not applicable or not available
    TRNSYS Message    441 : The inputs to the listed units have not converged at this timestep. The values at the last iteration will be used and the simulation will proceed.
    Reported information  : UNITS: 56  45  57  68
 
*** Warning at time       :      4962.750000
    Generated by Unit     : Not applicable or not available
    Generated by Type     : Not applicable or not available
    TRNSYS Message    441 : The inputs to the listed units have not converged at this timestep. The values at the last iteration will be used and the simulation will proceed.
    Reported information  : UNITS: 56  45  57  68
 
*** Warning at time       :      4976.250000
    Generated by Unit     : Not applicable or not available
    Generated by Type     : Not applicable or not available
    TRNSYS Message    441 : The inputs to the listed units have not converged at this timestep. The values at the last iteration will be used and the simulation will proceed.
    Reported information  : UNITS: 56  30  32  36  37  38  39  40  41  42  43  44  45  46  47  48  49  50  51  52  53  54  55  57  58  59  60  61  62  63  64  65  66  67  68  69  70
 
*** Warning at time       :      4976.750000
    Generated by Unit     : Not applicable or not available
    Generated by Type     : Not applicable or not available
    TRNSYS Message    441 : The inputs to the listed units have not converged at this timestep. The values at the last iteration will be used and the simulation will proceed.
    Reported information  : UNITS: 56  30  32  36  37  38  39  40  41  42  43  44  45  46  47  48  49  50  51  52  53  54  55  57  58  59  60  61  62  63  64  65  66  67  68  69  70
 
*** Warning at time       :      4979.250000
    Generated by Unit     : Not applicable or not available
    Generated by Type     : Not applicable or not available
    TRNSYS Message    441 : The inputs to the listed units have not converged at this timestep. The values at the last iteration will be used and the simulation will proceed.
    Reported information  : UNITS: 56  45  57  68
 
*** Warning at time       :      4979.750000
    Generated by Unit     : Not applicable or not available
    Generated by Type     : Not applicable or not available
    TRNSYS Message    441 : The inputs to the listed units have not converged at this timestep. The values at the last iteration will be used and the simulation will proceed.
    Reported information  : UNITS: 56  45  57  68
 
*** Warning at time       :      4980.500000
    Generated by Unit     : Not applicable or not available
    Generated by Type     : Not applicable or not available
    TRNSYS Message    441 : The inputs to the listed units have not converged at this timestep. The values at the last iteration will be used and the simulation will proceed.
    Reported information  : UNITS: 56  45  57  68
 
*** Warning at time       :      4981.000000
    Generated by Unit     : Not applicable or not available
    Generated by Type     : Not applicable or not available
    TRNSYS Message    441 : The inputs to the listed units have not converged at this timestep. The values at the last iteration will be used and the simulation will proceed.
    Reported information  : UNITS: 56  45  57  68
 
*** Warning at time       :      4981.750000
    Generated by Unit     : Not applicable or not available
    Generated by Type     : Not applicable or not available
    TRNSYS Message    441 : The inputs to the listed units have not converged at this timestep. The values at the last iteration will be used and the simulation will proceed.
    Reported information  : UNITS: 56  45  57  68
 
*** Warning at time       :      4982.250000
    Generated by Unit     : Not applicable or not available
    Generated by Type     : Not applicable or not available
    TRNSYS Message    441 : The inputs to the listed units have not converged at this timestep. The values at the last iteration will be used and the simulation will proceed.
    Reported information  : UNITS: 56  45  57  68
 
*** Warning at time       :      4983.000000
    Generated by Unit     : Not applicable or not available
    Generated by Type     : Not applicable or not available
    TRNSYS Message    441 : The inputs to the listed units have not converged at this timestep. The values at the last iteration will be used and the simulation will proceed.
    Reported information  : UNITS: 56  45  57  68
 
*** Warning at time       :      4983.500000
    Generated by Unit     : Not applicable or not available
    Generated by Type     : Not applicable or not available
    TRNSYS Message    441 : The inputs to the listed units have not converged at this timestep. The values at the last iteration will be used and the simulation will proceed.
    Reported information  : UNITS: 56  45  57  68
 
*** Warning at time       :      4984.250000
    Generated by Unit     : Not applicable or not available
    Generated by Type     : Not applicable or not available
    TRNSYS Message    441 : The inputs to the listed units have not converged at this timestep. The values at the last iteration will be used and the simulation will proceed.
    Reported information  : UNITS: 56  45  57  68
 
*** Warning at time       :      4984.750000
    Generated by Unit     : Not applicable or not available
    Generated by Type     : Not applicable or not available
    TRNSYS Message    441 : The inputs to the listed units have not converged at this timestep. The values at the last iteration will be used and the simulation will proceed.
    Reported information  : UNITS: 56  45  57  68
 
*** Warning at time       :      4985.500000
    Generated by Unit     : Not applicable or not available
    Generated by Type     : Not applicable or not available
    TRNSYS Message    441 : The inputs to the listed units have not converged at this timestep. The values at the last iteration will be used and the simulation will proceed.
    Reported information  : UNITS: 56  45  57  68
 
*** Warning at time       :      4986.000000
    Generated by Unit     : Not applicable or not available
    Generated by Type     : Not applicable or not available
    TRNSYS Message    441 : The inputs to the listed units have not converged at this timestep. The values at the last iteration will be used and the simulation will proceed.
    Reported information  : UNITS: 56  45  57  68
 
*** Warning at time       :      4986.750000
    Generated by Unit     : Not applicable or not available
    Generated by Type     : Not applicable or not available
    TRNSYS Message    441 : The inputs to the listed units have not converged at this timestep. The values at the last iteration will be used and the simulation will proceed.
    Reported information  : UNITS: 56  45  57  68
 
*** Warning at time       :      4987.250000
    Generated by Unit     : Not applicable or not available
    Generated by Type     : Not applicable or not available
    TRNSYS Message    441 : The inputs to the listed units have not converged at this timestep. The values at the last iteration will be used and the simulation will proceed.
    Reported information  : UNITS: 56  45  57  68
 
*** Warning at time       :      4988.500000
    Generated by Unit     : Not applicable or not available
    Generated by Type     : Not applicable or not available
    TRNSYS Message    441 : The inputs to the listed units have not converged at this timestep. The values at the last iteration will be used and the simulation will proceed.
    Reported information  : UNITS: 56  45  57  68
 
*** Warning at time       :      4989.000000
    Generated by Unit     : Not applicable or not available
    Generated by Type     : Not applicable or not available
    TRNSYS Message    441 : The inputs to the listed units have not converged at this timestep. The values at the last iteration will be used and the simulation will proceed.
    Reported information  : UNITS: 56  45  57  68
 
*** Warning at time       :      4990.000000
    Generated by Unit     : Not applicable or not available
    Generated by Type     : Not applicable or not available
    TRNSYS Message    441 : The inputs to the listed units have not converged at this timestep. The values at the last iteration will be used and the simulation will proceed.
    Reported information  : UNITS: 56  37  38  39  40  43  44  48  49  50  51  54  55  60  61  62  63  66  67
 
*** Warning at time       :      5048.500000
    Generated by Unit     : Not applicable or not available
    Generated by Type     : Not applicable or not available
    TRNSYS Message    441 : The inputs to the listed units have not converged at this timestep. The values at the last iteration will be used and the simulation will proceed.
    Reported information  : UNITS: 56  30  32  36  40  41  42  45  46  47  51  52  53  57  58  59  63  64  65  68  69  70 102 105 106 107 108 109 110 111 112 113 114 115 116 117 118 120 121 122 123 124 125 126 127 128
 
*** Warning at time       :      5049.500000
    Generated by Unit     : Not applicable or not available
    Generated by Type     : Not applicable or not available
    TRNSYS Message    441 : The inputs to the listed units have not converged at this timestep. The values at the last iteration will be used and the simulation will proceed.
    Reported information  : UNITS: 56  45  57  68 105 107 108 109 110 114 115 116 121 122 126 127 128
 
*** Warning at time       :      5050.000000
    Generated by Unit     : Not applicable or not available
    Generated by Type     : Not applicable or not available
    TRNSYS Message    441 : The inputs to the listed units have not converged at this timestep. The values at the last iteration will be used and the simulation will proceed.
    Reported information  : UNITS: 56  41  47  52  59  64  70 102 105 106 107 108 109 110 111 112 113 114 115 116 117 118 120 121 122 123 124 125 126 127 128
 
*** Warning at time       :      5050.250000
    Generated by Unit     : Not applicable or not available
    Generated by Type     : Not applicable or not available
    TRNSYS Message    441 : The inputs to the listed units have not converged at this timestep. The values at the last iteration will be used and the simulation will proceed.
    Reported information  : UNITS: 56  45  57  68
 
*** Warning at time       :      5050.500000
    Generated by Unit     : Not applicable or not available
    Generated by Type     : Not applicable or not available
    TRNSYS Message    441 : The inputs to the listed units have not converged at this timestep. The values at the last iteration will be used and the simulation will proceed.
    Reported information  : UNITS: 56 102 105 106 107 108 109 111 112 113 114 115 116 117 118 120 121 123 124 125 126 127 128
 
*** Warning at time       :      5050.750000
    Generated by Unit     : Not applicable or not available
    Generated by Type     : Not applicable or not available
    TRNSYS Message    441 : The inputs to the listed units have not converged at this timestep. The values at the last iteration will be used and the simulation will proceed.
    Reported information  : UNITS: 56  30  32  36  40  41  42  45  46  47  51  52  53  57  58  59  63  64  65  68  69  70
 
*** Warning at time       :      5051.000000
    Generated by Unit     : Not applicable or not available
    Generated by Type     : Not applicable or not available
    TRNSYS Message    441 : The inputs to the listed units have not converged at this timestep. The values at the last iteration will be used and the simulation will proceed.
    Reported information  : UNITS: 56  37  38  39  43  44  48  49  50  54  55  60  61  62  66  67 102 105 106 107 108 109 110 111 112 113 114 115 116 117 118 120 121 122 123 124 125 126 127 128
 
*** Warning at time       :      5051.250000
    Generated by Unit     : Not applicable or not available
    Generated by Type     : Not applicable or not available
    TRNSYS Message    441 : The inputs to the listed units have not converged at this timestep. The values at the last iteration will be used and the simulation will proceed.
    Reported information  : UNITS: 56  30  32  36  40  42  45  46  51  53  57  58  63  65  68  69
 
*** Warning at time       :      5051.500000
    Generated by Unit     : Not applicable or not available
    Generated by Type     : Not applicable or not available
    TRNSYS Message    441 : The inputs to the listed units have not converged at this timestep. The values at the last iteration will be used and the simulation will proceed.
    Reported information  : UNITS: 56  37  38  39  41  43  44  47  48  49  50  52  54  55  59  60  61  62  64  66  67  70 110 115 116 122 127 128
 
*** Warning at time       :      5051.750000
    Generated by Unit     : Not applicable or not available
    Generated by Type     : Not applicable or not available
    TRNSYS Message    441 : The inputs to the listed units have not converged at this timestep. The values at the last iteration will be used and the simulation will proceed.
    Reported information  : UNITS: 56  45  57  68
 
*** Warning at time       :      5052.000000
    Generated by Unit     : Not applicable or not available
    Generated by Type     : Not applicable or not available
    TRNSYS Message    441 : The inputs to the listed units have not converged at this timestep. The values at the last iteration will be used and the simulation will proceed.
    Reported information  : UNITS: 56  41  47  52  59  64  70
 
*** Warning at time       :      5052.250000
    Generated by Unit     : Not applicable or not available
    Generated by Type     : Not applicable or not available
    TRNSYS Message    441 : The inputs to the listed units have not converged at this timestep. The values at the last iteration will be used and the simulation will proceed.
    Reported information  : UNITS: 56  45  57  68
 
*** Warning at time       :      5052.750000
    Generated by Unit     : Not applicable or not available
    Generated by Type     : Not applicable or not available
    TRNSYS Message    441 : The inputs to the listed units have not converged at this timestep. The values at the last iteration will be used and the simulation will proceed.
    Reported information  : UNITS: 56  41  45  47  52  57  59  64  68  70
 
*** Warning at time       :      5053.000000
    Generated by Unit     : Not applicable or not available
    Generated by Type     : Not applicable or not available
    TRNSYS Message    441 : The inputs to the listed units have not converged at this timestep. The values at the last iteration will be used and the simulation will proceed.
    Reported information  : UNITS: 56  30  32  36  40  42  46  51  53  58  63  65  69
 
*** Warning at time       :      5053.250000
    Generated by Unit     : Not applicable or not available
    Generated by Type     : Not applicable or not available
    TRNSYS Message    441 : The inputs to the listed units have not converged at this timestep. The values at the last iteration will be used and the simulation will proceed.
    Reported information  : UNITS: 56  41  45  47  52  57  59  64  68  70
 
*** Warning at time       :      5053.500000
    Generated by Unit     : Not applicable or not available
    Generated by Type     : Not applicable or not available
    TRNSYS Message    441 : The inputs to the listed units have not converged at this timestep. The values at the last iteration will be used and the simulation will proceed.
    Reported information  : UNITS: 56  30  32  36  40  42  46  51  53  58  63  65  69
 
*** Warning at time       :      5053.750000
    Generated by Unit     : Not applicable or not available
    Generated by Type     : Not applicable or not available
    TRNSYS Message    441 : The inputs to the listed units have not converged at this timestep. The values at the last iteration will be used and the simulation will proceed.
    Reported information  : UNITS: 56  45  57  68
 
*** Warning at time       :      5054.000000
    Generated by Unit     : Not applicable or not available
    Generated by Type     : Not applicable or not available
    TRNSYS Message    441 : The inputs to the listed units have not converged at this timestep. The values at the last iteration will be used and the simulation will proceed.
    Reported information  : UNITS: 56  41  47  52  59  64  70
 
*** Warning at time       :      5054.250000
    Generated by Unit     : Not applicable or not available
    Generated by Type     : Not applicable or not available
    TRNSYS Message    441 : The inputs to the listed units have not converged at this timestep. The values at the last iteration will be used and the simulation will proceed.
    Reported information  : UNITS: 56  45  57  68
 
*** Warning at time       :      5054.500000
    Generated by Unit     : Not applicable or not available
    Generated by Type     : Not applicable or not available
    TRNSYS Message    441 : The inputs to the listed units have not converged at this timestep. The values at the last iteration will be used and the simulation will proceed.
    Reported information  : UNITS: 56  41  47  52  59  64  70
 
*** Warning at time       :      5054.750000
    Generated by Unit     : Not applicable or not available
    Generated by Type     : Not applicable or not available
    TRNSYS Message    441 : The inputs to the listed units have not converged at this timestep. The values at the last iteration will be used and the simulation will proceed.
    Reported information  : UNITS: 56  45  57  68
 
*** Warning at time       :      5055.250000
    Generated by Unit     : Not applicable or not available
    Generated by Type     : Not applicable or not available
    TRNSYS Message    441 : The inputs to the listed units have not converged at this timestep. The values at the last iteration will be used and the simulation will proceed.
    Reported information  : UNITS: 56  45  57  68
 
*** Warning at time       :      5055.750000
    Generated by Unit     : Not applicable or not available
    Generated by Type     : Not applicable or not available
    TRNSYS Message    441 : The inputs to the listed units have not converged at this timestep. The values at the last iteration will be used and the simulation will proceed.
    Reported information  : UNITS: 56  41  45  47  52  57  59  64  68  70
 
*** Warning at time       :      5056.250000
    Generated by Unit     : Not applicable or not available
    Generated by Type     : Not applicable or not available
    TRNSYS Message    441 : The inputs to the listed units have not converged at this timestep. The values at the last iteration will be used and the simulation will proceed.
    Reported information  : UNITS: 56  45  57  68
 
*** Warning at time       :      5056.750000
    Generated by Unit     : Not applicable or not available
    Generated by Type     : Not applicable or not available
    TRNSYS Message    441 : The inputs to the listed units have not converged at this timestep. The values at the last iteration will be used and the simulation will proceed.
    Reported information  : UNITS: 56  45  57  68
 
*** Warning at time       :      5057.000000
    Generated by Unit     : Not applicable or not available
    Generated by Type     : Not applicable or not available
    TRNSYS Message    441 : The inputs to the listed units have not converged at this timestep. The values at the last iteration will be used and the simulation will proceed.
    Reported information  : UNITS: 56  41  47  52  59  64  70
 
*** Warning at time       :      5057.250000
    Generated by Unit     : Not applicable or not available
    Generated by Type     : Not applicable or not available
    TRNSYS Message    441 : The inputs to the listed units have not converged at this timestep. The values at the last iteration will be used and the simulation will proceed.
    Reported information  : UNITS: 56  45  57  68
 
*** Warning at time       :      5057.500000
    Generated by Unit     : Not applicable or not available
    Generated by Type     : Not applicable or not available
    TRNSYS Message    441 : The inputs to the listed units have not converged at this timestep. The values at the last iteration will be used and the simulation will proceed.
    Reported information  : UNITS: 56  41  47  52  59  64  70
 
*** Warning at time       :      5057.750000
    Generated by Unit     : Not applicable or not available
    Generated by Type     : Not applicable or not available
    TRNSYS Message    441 : The inputs to the listed units have not converged at this timestep. The values at the last iteration will be used and the simulation will proceed.
    Reported information  : UNITS: 56  45  57  68
 
*** Warning at time       :      5058.250000
    Generated by Unit     : Not applicable or not available
    Generated by Type     : Not applicable or not available
    TRNSYS Message    441 : The inputs to the listed units have not converged at this timestep. The values at the last iteration will be used and the simulation will proceed.
    Reported information  : UNITS: 56  45  57  68
 
*** Warning at time       :      5058.750000
    Generated by Unit     : Not applicable or not available
    Generated by Type     : Not applicable or not available
    TRNSYS Message    441 : The inputs to the listed units have not converged at this timestep. The values at the last iteration will be used and the simulation will proceed.
    Reported information  : UNITS: 56  45  57  68
 
*** Warning at time       :      5059.250000
    Generated by Unit     : Not applicable or not available
    Generated by Type     : Not applicable or not available
    TRNSYS Message    441 : The inputs to the listed units have not converged at this timestep. The values at the last iteration will be used and the simulation will proceed.
    Reported information  : UNITS: 56  41  45  52  57  64  68
 
*** Warning at time       :      5059.750000
    Generated by Unit     : Not applicable or not available
    Generated by Type     : Not applicable or not available
    TRNSYS Message    441 : The inputs to the listed units have not converged at this timestep. The values at the last iteration will be used and the simulation will proceed.
    Reported information  : UNITS: 56  41  45  47  52  57  59  64  68  70
 
*** Warning at time       :      5060.250000
    Generated by Unit     : Not applicable or not available
    Generated by Type     : Not applicable or not available
    TRNSYS Message    441 : The inputs to the listed units have not converged at this timestep. The values at the last iteration will be used and the simulation will proceed.
    Reported information  : UNITS: 56  45  47  57  59  68  70
 
*** Warning at time       :      5060.750000
    Generated by Unit     : Not applicable or not available
    Generated by Type     : Not applicable or not available
    TRNSYS Message    441 : The inputs to the listed units have not converged at this timestep. The values at the last iteration will be used and the simulation will proceed.
    Reported information  : UNITS: 56  45  57  68
 
*** Warning at time       :      5061.250000
    Generated by Unit     : Not applicable or not available
    Generated by Type     : Not applicable or not available
    TRNSYS Message    441 : The inputs to the listed units have not converged at this timestep. The values at the last iteration will be used and the simulation will proceed.
    Reported information  : UNITS: 56  45  57  68
 
*** Warning at time       :      5061.750000
    Generated by Unit     : Not applicable or not available
    Generated by Type     : Not applicable or not available
    TRNSYS Message    441 : The inputs to the listed units have not converged at this timestep. The values at the last iteration will be used and the simulation will proceed.
    Reported information  : UNITS: 56  45  57  68
 
*** Warning at time       :      5072.250000
    Generated by Unit     : Not applicable or not available
    Generated by Type     : Not applicable or not available
    TRNSYS Message    441 : The inputs to the listed units have not converged at this timestep. The values at the last iteration will be used and the simulation will proceed.
    Reported information  : UNITS: 56  30  32  36  37  38  39  40  41  42  43  44  46  47  48  49  50  51  52  53  54  55  58  59  60  61  62  63  64  65  66  67  69  70 109 121
 
*** Warning at time       :      5072.500000
    Generated by Unit     : Not applicable or not available
    Generated by Type     : Not applicable or not available
    TRNSYS Message    441 : The inputs to the listed units have not converged at this timestep. The values at the last iteration will be used and the simulation will proceed.
    Reported information  : UNITS: 56  45  57  68 114 126
 
*** Warning at time       :      5073.750000
    Generated by Unit     : Not applicable or not available
    Generated by Type     : Not applicable or not available
    TRNSYS Message    441 : The inputs to the listed units have not converged at this timestep. The values at the last iteration will be used and the simulation will proceed.
    Reported information  : UNITS: 56  45  57  68
 
*** Warning at time       :      5074.250000
    Generated by Unit     : Not applicable or not available
    Generated by Type     : Not applicable or not available
    TRNSYS Message    441 : The inputs to the listed units have not converged at this timestep. The values at the last iteration will be used and the simulation will proceed.
    Reported information  : UNITS: 56  45  57  68
 
*** Warning at time       :      5074.500000
    Generated by Unit     : Not applicable or not available
    Generated by Type     : Not applicable or not available
    TRNSYS Message    441 : The inputs to the listed units have not converged at this timestep. The values at the last iteration will be used and the simulation will proceed.
    Reported information  : UNITS: 56  45  57  68
 
*** Warning at time       :      5075.000000
    Generated by Unit     : Not applicable or not available
    Generated by Type     : Not applicable or not available
    TRNSYS Message    441 : The inputs to the listed units have not converged at this timestep. The values at the last iteration will be used and the simulation will proceed.
    Reported information  : UNITS: 56  41  45  47  52  57  59  64  68  70
 
*** Warning at time       :      5075.250000
    Generated by Unit     : Not applicable or not available
    Generated by Type     : Not applicable or not available
    TRNSYS Message    441 : The inputs to the listed units have not converged at this timestep. The values at the last iteration will be used and the simulation will proceed.
    Reported information  : UNITS: 56  45  57  68
 
*** Warning at time       :      5075.500000
    Generated by Unit     : Not applicable or not available
    Generated by Type     : Not applicable or not available
    TRNSYS Message    441 : The inputs to the listed units have not converged at this timestep. The values at the last iteration will be used and the simulation will proceed.
    Reported information  : UNITS: 56  41  47  52  59  64  70
 
*** Warning at time       :      5075.750000
    Generated by Unit     : Not applicable or not available
    Generated by Type     : Not applicable or not available
    TRNSYS Message    441 : The inputs to the listed units have not converged at this timestep. The values at the last iteration will be used and the simulation will proceed.
    Reported information  : UNITS: 56  45  57  68
 
*** Warning at time       :      5076.000000
    Generated by Unit     : Not applicable or not available
    Generated by Type     : Not applicable or not available
    TRNSYS Message    441 : The inputs to the listed units have not converged at this timestep. The values at the last iteration will be used and the simulation will proceed.
    Reported information  : UNITS: 56  45  57  68
 
*** Warning at time       :      5076.750000
    Generated by Unit     : Not applicable or not available
    Generated by Type     : Not applicable or not available
    TRNSYS Message    441 : The inputs to the listed units have not converged at this timestep. The values at the last iteration will be used and the simulation will proceed.
    Reported information  : UNITS: 56  41  45  47  52  57  59  64  68  70
 
*** Warning at time       :      5077.000000
    Generated by Unit     : Not applicable or not available
    Generated by Type     : Not applicable or not available
    TRNSYS Message    441 : The inputs to the listed units have not converged at this timestep. The values at the last iteration will be used and the simulation will proceed.
    Reported information  : UNITS: 56  46  58  69
 
*** Warning at time       :      5077.250000
    Generated by Unit     : Not applicable or not available
    Generated by Type     : Not applicable or not available
    TRNSYS Message    441 : The inputs to the listed units have not converged at this timestep. The values at the last iteration will be used and the simulation will proceed.
    Reported information  : UNITS: 56  41  47  52  59  64  70
 
*** Warning at time       :      5077.500000
    Generated by Unit     : Not applicable or not available
    Generated by Type     : Not applicable or not available
    TRNSYS Message    441 : The inputs to the listed units have not converged at this timestep. The values at the last iteration will be used and the simulation will proceed.
    Reported information  : UNITS: 56  30  32  36  40  42  45  46  51  53  57  58  63  65  68  69
 
*** Warning at time       :      5078.000000
    Generated by Unit     : Not applicable or not available
    Generated by Type     : Not applicable or not available
    TRNSYS Message    441 : The inputs to the listed units have not converged at this timestep. The values at the last iteration will be used and the simulation will proceed.
    Reported information  : UNITS: 56  30  32  36  40  42  51  53  63  65
 
*** Warning at time       :      5078.250000
    Generated by Unit     : Not applicable or not available
    Generated by Type     : Not applicable or not available
    TRNSYS Message    441 : The inputs to the listed units have not converged at this timestep. The values at the last iteration will be used and the simulation will proceed.
    Reported information  : UNITS: 56  45  57  68
 
*** Warning at time       :      5078.500000
    Generated by Unit     : Not applicable or not available
    Generated by Type     : Not applicable or not available
    TRNSYS Message    441 : The inputs to the listed units have not converged at this timestep. The values at the last iteration will be used and the simulation will proceed.
    Reported information  : UNITS: 56  40  41  42  47  51  52  53  59  63  64  65  70
 
*** Warning at time       :      5078.750000
    Generated by Unit     : Not applicable or not available
    Generated by Type     : Not applicable or not available
    TRNSYS Message    441 : The inputs to the listed units have not converged at this timestep. The values at the last iteration will be used and the simulation will proceed.
    Reported information  : UNITS: 56  45  57  68
 
*** Warning at time       :      5079.000000
    Generated by Unit     : Not applicable or not available
    Generated by Type     : Not applicable or not available
    TRNSYS Message    441 : The inputs to the listed units have not converged at this timestep. The values at the last iteration will be used and the simulation will proceed.
    Reported information  : UNITS: 56  41  45  47  52  57  59  64  68  70
 
*** Warning at time       :      5079.500000
    Generated by Unit     : Not applicable or not available
    Generated by Type     : Not applicable or not available
    TRNSYS Message    441 : The inputs to the listed units have not converged at this timestep. The values at the last iteration will be used and the simulation will proceed.
    Reported information  : UNITS: 56  45  57  68
 
*** Warning at time       :      5079.750000
    Generated by Unit     : Not applicable or not available
    Generated by Type     : Not applicable or not available
    TRNSYS Message    441 : The inputs to the listed units have not converged at this timestep. The values at the last iteration will be used and the simulation will proceed.
    Reported information  : UNITS: 56  45  57  68
 
*** Warning at time       :      5080.250000
    Generated by Unit     : Not applicable or not available
    Generated by Type     : Not applicable or not available
    TRNSYS Message    441 : The inputs to the listed units have not converged at this timestep. The values at the last iteration will be used and the simulation will proceed.
    Reported information  : UNITS: 56  41  45  47  52  57  59  64  68  70
 
*** Warning at time       :      5080.500000
    Generated by Unit     : Not applicable or not available
    Generated by Type     : Not applicable or not available
    TRNSYS Message    441 : The inputs to the listed units have not converged at this timestep. The values at the last iteration will be used and the simulation will proceed.
    Reported information  : UNITS: 56  45  57  68
 
*** Warning at time       :      5080.750000
    Generated by Unit     : Not applicable or not available
    Generated by Type     : Not applicable or not available
    TRNSYS Message    441 : The inputs to the listed units have not converged at this timestep. The values at the last iteration will be used and the simulation will proceed.
    Reported information  : UNITS: 56  41  47  52  59  64  70
 
*** Warning at time       :      5081.000000
    Generated by Unit     : Not applicable or not available
    Generated by Type     : Not applicable or not available
    TRNSYS Message    441 : The inputs to the listed units have not converged at this timestep. The values at the last iteration will be used and the simulation will proceed.
    Reported information  : UNITS: 56  45  57  68
 
*** Warning at time       :      5081.250000
    Generated by Unit     : Not applicable or not available
    Generated by Type     : Not applicable or not available
    TRNSYS Message    441 : The inputs to the listed units have not converged at this timestep. The values at the last iteration will be used and the simulation will proceed.
    Reported information  : UNITS: 56  41  45  52  57  64  68
 
*** Warning at time       :      5081.750000
    Generated by Unit     : Not applicable or not available
    Generated by Type     : Not applicable or not available
    TRNSYS Message    441 : The inputs to the listed units have not converged at this timestep. The values at the last iteration will be used and the simulation will proceed.
    Reported information  : UNITS: 56  45  57  68
 
*** Warning at time       :      5082.000000
    Generated by Unit     : Not applicable or not available
    Generated by Type     : Not applicable or not available
    TRNSYS Message    441 : The inputs to the listed units have not converged at this timestep. The values at the last iteration will be used and the simulation will proceed.
    Reported information  : UNITS: 56  45  57  68
 
*** Warning at time       :      5082.500000
    Generated by Unit     : Not applicable or not available
    Generated by Type     : Not applicable or not available
    TRNSYS Message    441 : The inputs to the listed units have not converged at this timestep. The values at the last iteration will be used and the simulation will proceed.
    Reported information  : UNITS: 56  45  57  68
 
*** Warning at time       :      5082.750000
    Generated by Unit     : Not applicable or not available
    Generated by Type     : Not applicable or not available
    TRNSYS Message    441 : The inputs to the listed units have not converged at this timestep. The values at the last iteration will be used and the simulation will proceed.
    Reported information  : UNITS: 56  45  57  68
 
*** Warning at time       :      5083.250000
    Generated by Unit     : Not applicable or not available
    Generated by Type     : Not applicable or not available
    TRNSYS Message    441 : The inputs to the listed units have not converged at this timestep. The values at the last iteration will be used and the simulation will proceed.
    Reported information  : UNITS: 56  45  57  68
 
*** Warning at time       :      5084.000000
    Generated by Unit     : Not applicable or not available
    Generated by Type     : Not applicable or not available
    TRNSYS Message    441 : The inputs to the listed units have not converged at this timestep. The values at the last iteration will be used and the simulation will proceed.
    Reported information  : UNITS: 56  45  57  68
 
*** Warning at time       :      5084.750000
    Generated by Unit     : Not applicable or not available
    Generated by Type     : Not applicable or not available
    TRNSYS Message    441 : The inputs to the listed units have not converged at this timestep. The values at the last iteration will be used and the simulation will proceed.
    Reported information  : UNITS: 56  45  57  68
 
*** Warning at time       :      5096.250000
    Generated by Unit     : Not applicable or not available
    Generated by Type     : Not applicable or not available
    TRNSYS Message    441 : The inputs to the listed units have not converged at this timestep. The values at the last iteration will be used and the simulation will proceed.
    Reported information  : UNITS: 56  30  32  36  37  38  39  40  41  42  43  44  45  46  47  48  49  50  51  52  53  54  55  57  58  59  60  61  62  63  64  65  66  67  68  69  70
 
*** Warning at time       :      5096.750000
    Generated by Unit     : Not applicable or not available
    Generated by Type     : Not applicable or not available
    TRNSYS Message    441 : The inputs to the listed units have not converged at this timestep. The values at the last iteration will be used and the simulation will proceed.
    Reported information  : UNITS: 56  45  57  68
 
*** Warning at time       :      5100.750000
    Generated by Unit     : Not applicable or not available
    Generated by Type     : Not applicable or not available
    TRNSYS Message    441 : The inputs to the listed units have not converged at this timestep. The values at the last iteration will be used and the simulation will proceed.
    Reported information  : UNITS: 56  45  57  68
 
*** Warning at time       :      5101.250000
    Generated by Unit     : Not applicable or not available
    Generated by Type     : Not applicable or not available
    TRNSYS Message    441 : The inputs to the listed units have not converged at this timestep. The values at the last iteration will be used and the simulation will proceed.
    Reported information  : UNITS: 56  45  57  68
 
*** Warning at time       :      5102.500000
    Generated by Unit     : Not applicable or not available
    Generated by Type     : Not applicable or not available
    TRNSYS Message    441 : The inputs to the listed units have not converged at this timestep. The values at the last iteration will be used and the simulation will proceed.
    Reported information  : UNITS: 56  45  57  68
 
*** Warning at time       :      5103.000000
    Generated by Unit     : Not applicable or not available
    Generated by Type     : Not applicable or not available
    TRNSYS Message    441 : The inputs to the listed units have not converged at this timestep. The values at the last iteration will be used and the simulation will proceed.
    Reported information  : UNITS: 56  45  57  68
 
*** Warning at time       :      5104.250000
    Generated by Unit     : Not applicable or not available
    Generated by Type     : Not applicable or not available
    TRNSYS Message    441 : The inputs to the listed units have not converged at this timestep. The values at the last iteration will be used and the simulation will proceed.
    Reported information  : UNITS: 56  45  57  68
 
*** Warning at time       :      5104.750000
    Generated by Unit     : Not applicable or not available
    Generated by Type     : Not applicable or not available
    TRNSYS Message    441 : The inputs to the listed units have not converged at this timestep. The values at the last iteration will be used and the simulation will proceed.
    Reported information  : UNITS: 56  45  57  68
 
*** Warning at time       :      5120.250000
    Generated by Unit     : Not applicable or not available
    Generated by Type     : Not applicable or not available
    TRNSYS Message    441 : The inputs to the listed units have not converged at this timestep. The values at the last iteration will be used and the simulation will proceed.
    Reported information  : UNITS: 56  30  32  36  37  38  39  40  41  42  43  44  45  47  48  49  50  51  52  53  54  55  57  59  60  61  62  63  64  65  66  67  68  70
 
*** Warning at time       :      5120.500000
    Generated by Unit     : Not applicable or not available
    Generated by Type     : Not applicable or not available
    TRNSYS Message    441 : The inputs to the listed units have not converged at this timestep. The values at the last iteration will be used and the simulation will proceed.
    Reported information  : UNITS: 56  37  38  39  40  43  48  49  50  51  54  60  61  62  63  66
 
*** Warning at time       :      5120.750000
    Generated by Unit     : Not applicable or not available
    Generated by Type     : Not applicable or not available
    TRNSYS Message    441 : The inputs to the listed units have not converged at this timestep. The values at the last iteration will be used and the simulation will proceed.
    Reported information  : UNITS: 56  45  57  68
 
*** Warning at time       :      5134.000000
    Generated by Unit     : Not applicable or not available
    Generated by Type     : Not applicable or not available
    TRNSYS Message    441 : The inputs to the listed units have not converged at this timestep. The values at the last iteration will be used and the simulation will proceed.
    Reported information  : UNITS: 56  45  57  68
 
*** Warning at time       :      5144.250000
    Generated by Unit     : Not applicable or not available
    Generated by Type     : Not applicable or not available
    TRNSYS Message    441 : The inputs to the listed units have not converged at this timestep. The values at the last iteration will be used and the simulation will proceed.
    Reported information  : UNITS: 56  30  32  36  37  38  39  40  41  42  43  44  45  46  47  48  49  50  51  52  53  54  55  57  58  59  60  61  62  63  64  65  66  67  68  69  70
 
*** Warning at time       :      5144.500000
    Generated by Unit     : Not applicable or not available
    Generated by Type     : Not applicable or not available
    TRNSYS Message    441 : The inputs to the listed units have not converged at this timestep. The values at the last iteration will be used and the simulation will proceed.
    Reported information  : UNITS: 56  30  32  36  37  38  39  40  41  42  43  44  45  46  47  48  49  50  51  52  53  54  55  57  58  59  60  61  62  63  64  65  66  67  68  69  70
 
*** Warning at time       :      5145.250000
    Generated by Unit     : Not applicable or not available
    Generated by Type     : Not applicable or not available
    TRNSYS Message    441 : The inputs to the listed units have not converged at this timestep. The values at the last iteration will be used and the simulation will proceed.
    Reported information  : UNITS: 56  45  57  68
 
*** Warning at time       :      5158.000000
    Generated by Unit     : Not applicable or not available
    Generated by Type     : Not applicable or not available
    TRNSYS Message    441 : The inputs to the listed units have not converged at this timestep. The values at the last iteration will be used and the simulation will proceed.
    Reported information  : UNITS: 56  45  57  68
 
*** Warning at time       :      5216.250000
    Generated by Unit     : Not applicable or not available
    Generated by Type     : Not applicable or not available
    TRNSYS Message    441 : The inputs to the listed units have not converged at this timestep. The values at the last iteration will be used and the simulation will proceed.
    Reported information  : UNITS: 56  30  32  36  40  41  42  43  44  45  46  47  51  52  53  54  55  57  58  59  63  64  65  66  67  68  69  70
 
*** Warning at time       :      5216.500000
    Generated by Unit     : Not applicable or not available
    Generated by Type     : Not applicable or not available
    TRNSYS Message    441 : The inputs to the listed units have not converged at this timestep. The values at the last iteration will be used and the simulation will proceed.
    Reported information  : UNITS: 56  30  32  36  37  40  41  42  43  44  45  46  47  48  51  52  53  54  55  57  58  59  60  63  64  65  66  67  68  69  70
 
*** Warning at time       :      5216.750000
    Generated by Unit     : Not applicable or not available
    Generated by Type     : Not applicable or not available
    TRNSYS Message    441 : The inputs to the listed units have not converged at this timestep. The values at the last iteration will be used and the simulation will proceed.
    Reported information  : UNITS: 56  37  38  39  48  49  50  60  61  62
 
*** Warning at time       :      5217.000000
    Generated by Unit     : Not applicable or not available
    Generated by Type     : Not applicable or not available
    TRNSYS Message    441 : The inputs to the listed units have not converged at this timestep. The values at the last iteration will be used and the simulation will proceed.
    Reported information  : UNITS: 56  38  39  49  50  61  62
 
*** Warning at time       :      5217.250000
    Generated by Unit     : Not applicable or not available
    Generated by Type     : Not applicable or not available
    TRNSYS Message    441 : The inputs to the listed units have not converged at this timestep. The values at the last iteration will be used and the simulation will proceed.
    Reported information  : UNITS: 56  30  32  36  41  42  44  45  46  47  52  53  55  57  58  59  64  65  67  68  69  70
 
*** Warning at time       :      5217.500000
    Generated by Unit     : Not applicable or not available
    Generated by Type     : Not applicable or not available
    TRNSYS Message    441 : The inputs to the listed units have not converged at this timestep. The values at the last iteration will be used and the simulation will proceed.
    Reported information  : UNITS: 56  37  40  43  44  46  48  51  54  55  58  60  63  66  67  69
 
*** Warning at time       :      5230.000000
    Generated by Unit     : Not applicable or not available
    Generated by Type     : Not applicable or not available
    TRNSYS Message    441 : The inputs to the listed units have not converged at this timestep. The values at the last iteration will be used and the simulation will proceed.
    Reported information  : UNITS: 56  30  32  36  40  43  44  45  51  54  55  57  63  66  67  68
 
*** Warning at time       :      5240.250000
    Generated by Unit     : Not applicable or not available
    Generated by Type     : Not applicable or not available
    TRNSYS Message    441 : The inputs to the listed units have not converged at this timestep. The values at the last iteration will be used and the simulation will proceed.
    Reported information  : UNITS: 56  45  57  68
 
*** Warning at time       :      5240.500000
    Generated by Unit     : Not applicable or not available
    Generated by Type     : Not applicable or not available
    TRNSYS Message    441 : The inputs to the listed units have not converged at this timestep. The values at the last iteration will be used and the simulation will proceed.
    Reported information  : UNITS: 56  45  57  68
 
*** Warning at time       :      5241.250000
    Generated by Unit     : Not applicable or not available
    Generated by Type     : Not applicable or not available
    TRNSYS Message    441 : The inputs to the listed units have not converged at this timestep. The values at the last iteration will be used and the simulation will proceed.
    Reported information  : UNITS: 56  41  47  52  59  64  70
 
*** Warning at time       :      5241.500000
    Generated by Unit     : Not applicable or not available
    Generated by Type     : Not applicable or not available
    TRNSYS Message    441 : The inputs to the listed units have not converged at this timestep. The values at the last iteration will be used and the simulation will proceed.
    Reported information  : UNITS: 56  30  32  36  37  38  39  40  41  42  43  44  45  46  47  48  49  50  51  52  53  54  55  57  58  59  60  61  62  63  64  65  66  67  68  69  70
 
*** Warning at time       :      5242.000000
    Generated by Unit     : Not applicable or not available
    Generated by Type     : Not applicable or not available
    TRNSYS Message    441 : The inputs to the listed units have not converged at this timestep. The values at the last iteration will be used and the simulation will proceed.
    Reported information  : UNITS: 56  41  47  52  59  64  70
 
*** Warning at time       :      5242.250000
    Generated by Unit     : Not applicable or not available
    Generated by Type     : Not applicable or not available
    TRNSYS Message    441 : The inputs to the listed units have not converged at this timestep. The values at the last iteration will be used and the simulation will proceed.
    Reported information  : UNITS: 56  30  32  36  37  38  39  40  42  43  44  46  48  49  50  51  53  54  55  58  60  61  62  63  65  66  67  69
 
*** Warning at time       :      5253.750000
    Generated by Unit     : Not applicable or not available
    Generated by Type     : Not applicable or not available
    TRNSYS Message    441 : The inputs to the listed units have not converged at this timestep. The values at the last iteration will be used and the simulation will proceed.
    Reported information  : UNITS: 56  37  38  39  40  43  45  46  48  49  50  51  54  57  58  60  61  62  63  66  68  69
 
*** Warning at time       :      5254.000000
    Generated by Unit     : Not applicable or not available
    Generated by Type     : Not applicable or not available
    TRNSYS Message    441 : The inputs to the listed units have not converged at this timestep. The values at the last iteration will be used and the simulation will proceed.
    Reported information  : UNITS: 56  30  32  36  42  45  47  53  57  59  65  68  70
 
*** Warning at time       :      5265.000000
    Generated by Unit     : Not applicable or not available
    Generated by Type     : Not applicable or not available
    TRNSYS Message    441 : The inputs to the listed units have not converged at this timestep. The values at the last iteration will be used and the simulation will proceed.
    Reported information  : UNITS: 56  45  57  68
 
*** Warning at time       :      5265.250000
    Generated by Unit     : Not applicable or not available
    Generated by Type     : Not applicable or not available
    TRNSYS Message    441 : The inputs to the listed units have not converged at this timestep. The values at the last iteration will be used and the simulation will proceed.
    Reported information  : UNITS: 56  30  32  36  37  38  39  40  41  42  43  44  45  46  47  48  49  50  51  52  53  54  55  57  58  59  60  61  62  63  64  65  66  67  68  69  70
 
*** Warning at time       :      5265.500000
    Generated by Unit     : Not applicable or not available
    Generated by Type     : Not applicable or not available
    TRNSYS Message    441 : The inputs to the listed units have not converged at this timestep. The values at the last iteration will be used and the simulation will proceed.
    Reported information  : UNITS: 56  30  32  36  37  38  39  40  41  42  43  44  46  47  48  49  50  51  52  53  54  55  58  59  60  61  62  63  64  65  66  67  69  70
 
*** Warning at time       :      5265.750000
    Generated by Unit     : Not applicable or not available
    Generated by Type     : Not applicable or not available
    TRNSYS Message    441 : The inputs to the listed units have not converged at this timestep. The values at the last iteration will be used and the simulation will proceed.
    Reported information  : UNITS: 56  45  57  68
 
*** Warning at time       :      5266.000000
    Generated by Unit     : Not applicable or not available
    Generated by Type     : Not applicable or not available
    TRNSYS Message    441 : The inputs to the listed units have not converged at this timestep. The values at the last iteration will be used and the simulation will proceed.
    Reported information  : UNITS: 56  38  39  40  49  50  51  61  62  63
 
*** Warning at time       :      5278.000000
    Generated by Unit     : Not applicable or not available
    Generated by Type     : Not applicable or not available
    TRNSYS Message    441 : The inputs to the listed units have not converged at this timestep. The values at the last iteration will be used and the simulation will proceed.
    Reported information  : UNITS: 56  44  45  46  55  57  58  67  68  69
 
*** Warning at time       :      5288.500000
    Generated by Unit     : Not applicable or not available
    Generated by Type     : Not applicable or not available
    TRNSYS Message    441 : The inputs to the listed units have not converged at this timestep. The values at the last iteration will be used and the simulation will proceed.
    Reported information  : UNITS: 56  45  57  68
 
*** Warning at time       :      5288.750000
    Generated by Unit     : Not applicable or not available
    Generated by Type     : Not applicable or not available
    TRNSYS Message    441 : The inputs to the listed units have not converged at this timestep. The values at the last iteration will be used and the simulation will proceed.
    Reported information  : UNITS: 56  45  57  68
 
*** Warning at time       :      5289.250000
    Generated by Unit     : Not applicable or not available
    Generated by Type     : Not applicable or not available
    TRNSYS Message    441 : The inputs to the listed units have not converged at this timestep. The values at the last iteration will be used and the simulation will proceed.
    Reported information  : UNITS: 56  30  32  36  41  42  47  52  53  59  64  65  70
 
*** Warning at time       :      5289.500000
    Generated by Unit     : Not applicable or not available
    Generated by Type     : Not applicable or not available
    TRNSYS Message    441 : The inputs to the listed units have not converged at this timestep. The values at the last iteration will be used and the simulation will proceed.
    Reported information  : UNITS: 56  30  32  36  37  38  39  40  41  42  43  44  45  46  47  48  49  50  51  52  53  54  55  57  58  59  60  61  62  63  64  65  66  67  68  69  70
 
*** Warning at time       :      5290.000000
    Generated by Unit     : Not applicable or not available
    Generated by Type     : Not applicable or not available
    TRNSYS Message    441 : The inputs to the listed units have not converged at this timestep. The values at the last iteration will be used and the simulation will proceed.
    Reported information  : UNITS: 56  30  32  36  41  42  47  52  53  59  64  65  70
 
*** Warning at time       :      5300.000000
    Generated by Unit     : Not applicable or not available
    Generated by Type     : Not applicable or not available
    TRNSYS Message    441 : The inputs to the listed units have not converged at this timestep. The values at the last iteration will be used and the simulation will proceed.
    Reported information  : UNITS: 56  37  38  39  40  43  44  46  48  49  50  51  54  55  58  60  61  62  63  66  67  69
 
*** Warning at time       :      5300.750000
    Generated by Unit     : Not applicable or not available
    Generated by Type     : Not applicable or not available
    TRNSYS Message    441 : The inputs to the listed units have not converged at this timestep. The values at the last iteration will be used and the simulation will proceed.
    Reported information  : UNITS: 56  38  39  49  50  61  62
 
*** Warning at time       :      5301.250000
    Generated by Unit     : Not applicable or not available
    Generated by Type     : Not applicable or not available
    TRNSYS Message    441 : The inputs to the listed units have not converged at this timestep. The values at the last iteration will be used and the simulation will proceed.
    Reported information  : UNITS: 56  30  32  36  37  40  42  43  44  46  48  51  53  54  55  58  60  63  65  66  67  69
 
*** Warning at time       :      5301.500000
    Generated by Unit     : Not applicable or not available
    Generated by Type     : Not applicable or not available
    TRNSYS Message    441 : The inputs to the listed units have not converged at this timestep. The values at the last iteration will be used and the simulation will proceed.
    Reported information  : UNITS: 56  38  39  47  49  50  59  61  62  70
 
*** Warning at time       :      5301.750000
    Generated by Unit     : Not applicable or not available
    Generated by Type     : Not applicable or not available
    TRNSYS Message    441 : The inputs to the listed units have not converged at this timestep. The values at the last iteration will be used and the simulation will proceed.
    Reported information  : UNITS: 56  38  39  45  49  50  57  61  62  68
 
*** Warning at time       :      5302.000000
    Generated by Unit     : Not applicable or not available
    Generated by Type     : Not applicable or not available
    TRNSYS Message    441 : The inputs to the listed units have not converged at this timestep. The values at the last iteration will be used and the simulation will proceed.
    Reported information  : UNITS: 56  45  57  68
 
*** Warning at time       :      5312.250000
    Generated by Unit     : Not applicable or not available
    Generated by Type     : Not applicable or not available
    TRNSYS Message    441 : The inputs to the listed units have not converged at this timestep. The values at the last iteration will be used and the simulation will proceed.
    Reported information  : UNITS: 56  30  32  36  37  38  39  40  41  42  43  44  45  46  47  48  49  50  51  52  53  54  55  57  58  59  60  61  62  63  64  65  66  67  68  69  70
 
*** Warning at time       :      5312.500000
    Generated by Unit     : Not applicable or not available
    Generated by Type     : Not applicable or not available
    TRNSYS Message    441 : The inputs to the listed units have not converged at this timestep. The values at the last iteration will be used and the simulation will proceed.
    Reported information  : UNITS: 56  30  32  36  37  38  39  40  41  42  43  44  45  46  47  48  49  50  51  52  53  54  55  57  58  59  60  61  62  63  64  65  66  67  68  69  70
 
*** Warning at time       :      5313.250000
    Generated by Unit     : Not applicable or not available
    Generated by Type     : Not applicable or not available
    TRNSYS Message    441 : The inputs to the listed units have not converged at this timestep. The values at the last iteration will be used and the simulation will proceed.
    Reported information  : UNITS: 56  30  32  36  37  38  39  40  41  42  43  44  45  46  47  48  49  50  51  52  53  54  55  57  58  59  60  61  62  63  64  65  66  67  68  69  70
 
*** Warning at time       :      5313.500000
    Generated by Unit     : Not applicable or not available
    Generated by Type     : Not applicable or not available
    TRNSYS Message    441 : The inputs to the listed units have not converged at this timestep. The values at the last iteration will be used and the simulation will proceed.
    Reported information  : UNITS: 56  38  39  49  50  61  62
 
*** Warning at time       :      5325.500000
    Generated by Unit     : Not applicable or not available
    Generated by Type     : Not applicable or not available
    TRNSYS Message    441 : The inputs to the listed units have not converged at this timestep. The values at the last iteration will be used and the simulation will proceed.
    Reported information  : UNITS: 56  30  32  36  37  38  39  40  41  42  43  44  46  47  48  49  50  51  52  53  54  55  58  59  60  61  62  63  64  65  66  67  69  70
 
*** Warning at time       :      5326.000000
    Generated by Unit     : Not applicable or not available
    Generated by Type     : Not applicable or not available
    TRNSYS Message    441 : The inputs to the listed units have not converged at this timestep. The values at the last iteration will be used and the simulation will proceed.
    Reported information  : UNITS: 56  45  57  68
 
*** Warning at time       :      5384.250000
    Generated by Unit     : Not applicable or not available
    Generated by Type     : Not applicable or not available
    TRNSYS Message    441 : The inputs to the listed units have not converged at this timestep. The values at the last iteration will be used and the simulation will proceed.
    Reported information  : UNITS: 56  30  32  36  37  38  39  40  41  42  43  44  45  46  47  48  49  50  51  52  53  54  55  57  58  59  60  61  62  63  64  65  66  67  68  69  70
 
*** Warning at time       :      5384.500000
    Generated by Unit     : Not applicable or not available
    Generated by Type     : Not applicable or not available
    TRNSYS Message    441 : The inputs to the listed units have not converged at this timestep. The values at the last iteration will be used and the simulation will proceed.
    Reported information  : UNITS: 56  37  38  39  40  43  48  49  50  51  54  60  61  62  63  66
 
*** Warning at time       :      5384.750000
    Generated by Unit     : Not applicable or not available
    Generated by Type     : Not applicable or not available
    TRNSYS Message    441 : The inputs to the listed units have not converged at this timestep. The values at the last iteration will be used and the simulation will proceed.
    Reported information  : UNITS: 56  30  32  36  41  42  44  45  46  47  52  53  55  57  58  59  64  65  67  68  69  70
 
*** Warning at time       :      5385.000000
    Generated by Unit     : Not applicable or not available
    Generated by Type     : Not applicable or not available
    TRNSYS Message    441 : The inputs to the listed units have not converged at this timestep. The values at the last iteration will be used and the simulation will proceed.
    Reported information  : UNITS: 56  37  38  39  40  43  44  46  48  49  50  51  54  55  58  60  61  62  63  66  67  69
 
*** Warning at time       :      5385.250000
    Generated by Unit     : Not applicable or not available
    Generated by Type     : Not applicable or not available
    TRNSYS Message    441 : The inputs to the listed units have not converged at this timestep. The values at the last iteration will be used and the simulation will proceed.
    Reported information  : UNITS: 56  37  38  39  40  43  48  49  50  51  54  60  61  62  63  66
 
*** Warning at time       :      5385.500000
    Generated by Unit     : Not applicable or not available
    Generated by Type     : Not applicable or not available
    TRNSYS Message    441 : The inputs to the listed units have not converged at this timestep. The values at the last iteration will be used and the simulation will proceed.
    Reported information  : UNITS: 56  44  46  55  58  67  69
 
*** Warning at time       :      5391.250000
    Generated by Unit     : Not applicable or not available
    Generated by Type     : Not applicable or not available
    TRNSYS Message    441 : The inputs to the listed units have not converged at this timestep. The values at the last iteration will be used and the simulation will proceed.
    Reported information  : UNITS: 56  45  57  68
 
*** Warning at time       :      5391.750000
    Generated by Unit     : Not applicable or not available
    Generated by Type     : Not applicable or not available
    TRNSYS Message    441 : The inputs to the listed units have not converged at this timestep. The values at the last iteration will be used and the simulation will proceed.
    Reported information  : UNITS: 56  45  57  68
 
*** Warning at time       :      5394.000000
    Generated by Unit     : Not applicable or not available
    Generated by Type     : Not applicable or not available
    TRNSYS Message    441 : The inputs to the listed units have not converged at this timestep. The values at the last iteration will be used and the simulation will proceed.
    Reported information  : UNITS: 56  45  57  68
 
*** Warning at time       :      5394.500000
    Generated by Unit     : Not applicable or not available
    Generated by Type     : Not applicable or not available
    TRNSYS Message    441 : The inputs to the listed units have not converged at this timestep. The values at the last iteration will be used and the simulation will proceed.
    Reported information  : UNITS: 56  45  57  68
 
*** Warning at time       :      5396.250000
    Generated by Unit     : Not applicable or not available
    Generated by Type     : Not applicable or not available
    TRNSYS Message    441 : The inputs to the listed units have not converged at this timestep. The values at the last iteration will be used and the simulation will proceed.
    Reported information  : UNITS: 56  45  57  68
 
*** Warning at time       :      5396.750000
    Generated by Unit     : Not applicable or not available
    Generated by Type     : Not applicable or not available
    TRNSYS Message    441 : The inputs to the listed units have not converged at this timestep. The values at the last iteration will be used and the simulation will proceed.
    Reported information  : UNITS: 56  45  57  68
 
*** Warning at time       :      5397.750000
    Generated by Unit     : Not applicable or not available
    Generated by Type     : Not applicable or not available
    TRNSYS Message    441 : The inputs to the listed units have not converged at this timestep. The values at the last iteration will be used and the simulation will proceed.
    Reported information  : UNITS: 56  38  39  49  50  61  62
 
*** Warning at time       :      5398.000000
    Generated by Unit     : Not applicable or not available
    Generated by Type     : Not applicable or not available
    TRNSYS Message    441 : The inputs to the listed units have not converged at this timestep. The values at the last iteration will be used and the simulation will proceed.
    Reported information  : UNITS: 56  30  32  36  41  42  47  52  53  59  64  65  70
 
*** Warning at time       :      5408.250000
    Generated by Unit     : Not applicable or not available
    Generated by Type     : Not applicable or not available
    TRNSYS Message    441 : The inputs to the listed units have not converged at this timestep. The values at the last iteration will be used and the simulation will proceed.
    Reported information  : UNITS: 56  30  32  38  39  40  41  42  44  46  47  49  50  51  52  53  55  58  59
 
*** Warning at time       :      5408.500000
    Generated by Unit     : Not applicable or not available
    Generated by Type     : Not applicable or not available
    TRNSYS Message    441 : The inputs to the listed units have not converged at this timestep. The values at the last iteration will be used and the simulation will proceed.
    Reported information  : UNITS: 56  38  39  49  50
 
*** Warning at time       :      5408.750000
    Generated by Unit     : Not applicable or not available
    Generated by Type     : Not applicable or not available
    TRNSYS Message    441 : The inputs to the listed units have not converged at this timestep. The values at the last iteration will be used and the simulation will proceed.
    Reported information  : UNITS: 56  30  32  36  37  40  41  42  43  44  45  46  47  48  51  52  53  54  55  57  58  59  60  63  64  65  66  67  68  69  70
 
*** Warning at time       :      5409.000000
    Generated by Unit     : Not applicable or not available
    Generated by Type     : Not applicable or not available
    TRNSYS Message    441 : The inputs to the listed units have not converged at this timestep. The values at the last iteration will be used and the simulation will proceed.
    Reported information  : UNITS: 56  37  38  39  40  43  48  49  50  51  54  60  61  62  63  66 102 105 106 107 108 109 110 111 112 113 114 115 116 117 118 120 121 122 123 124 125 126 127 128
 
*** Warning at time       :      5409.750000
    Generated by Unit     : Not applicable or not available
    Generated by Type     : Not applicable or not available
    TRNSYS Message    441 : The inputs to the listed units have not converged at this timestep. The values at the last iteration will be used and the simulation will proceed.
    Reported information  : UNITS: 56  45  57  68
 
*** Warning at time       :      5410.250000
    Generated by Unit     : Not applicable or not available
    Generated by Type     : Not applicable or not available
    TRNSYS Message    441 : The inputs to the listed units have not converged at this timestep. The values at the last iteration will be used and the simulation will proceed.
    Reported information  : UNITS: 56  45  57  68
 
*** Warning at time       :      5411.000000
    Generated by Unit     : Not applicable or not available
    Generated by Type     : Not applicable or not available
    TRNSYS Message    441 : The inputs to the listed units have not converged at this timestep. The values at the last iteration will be used and the simulation will proceed.
    Reported information  : UNITS: 56  45  57  68
 
*** Warning at time       :      5411.500000
    Generated by Unit     : Not applicable or not available
    Generated by Type     : Not applicable or not available
    TRNSYS Message    441 : The inputs to the listed units have not converged at this timestep. The values at the last iteration will be used and the simulation will proceed.
    Reported information  : UNITS: 56  45  57  68
 
*** Warning at time       :      5412.250000
    Generated by Unit     : Not applicable or not available
    Generated by Type     : Not applicable or not available
    TRNSYS Message    441 : The inputs to the listed units have not converged at this timestep. The values at the last iteration will be used and the simulation will proceed.
    Reported information  : UNITS: 56  45  57  68
 
*** Warning at time       :      5412.750000
    Generated by Unit     : Not applicable or not available
    Generated by Type     : Not applicable or not available
    TRNSYS Message    441 : The inputs to the listed units have not converged at this timestep. The values at the last iteration will be used and the simulation will proceed.
    Reported information  : UNITS: 56  45  57  68
 
*** Warning at time       :      5413.500000
    Generated by Unit     : Not applicable or not available
    Generated by Type     : Not applicable or not available
    TRNSYS Message    441 : The inputs to the listed units have not converged at this timestep. The values at the last iteration will be used and the simulation will proceed.
    Reported information  : UNITS: 56  45  57  68
 
*** Warning at time       :      5414.250000
    Generated by Unit     : Not applicable or not available
    Generated by Type     : Not applicable or not available
    TRNSYS Message    441 : The inputs to the listed units have not converged at this timestep. The values at the last iteration will be used and the simulation will proceed.
    Reported information  : UNITS: 56  45  57  68
 
*** Warning at time       :      5414.750000
    Generated by Unit     : Not applicable or not available
    Generated by Type     : Not applicable or not available
    TRNSYS Message    441 : The inputs to the listed units have not converged at this timestep. The values at the last iteration will be used and the simulation will proceed.
    Reported information  : UNITS: 56  45  57  68
 
*** Warning at time       :      5415.500000
    Generated by Unit     : Not applicable or not available
    Generated by Type     : Not applicable or not available
    TRNSYS Message    441 : The inputs to the listed units have not converged at this timestep. The values at the last iteration will be used and the simulation will proceed.
    Reported information  : UNITS: 56  45  57  68
 
*** Warning at time       :      5416.000000
    Generated by Unit     : Not applicable or not available
    Generated by Type     : Not applicable or not available
    TRNSYS Message    441 : The inputs to the listed units have not converged at this timestep. The values at the last iteration will be used and the simulation will proceed.
    Reported information  : UNITS: 56  45  57  68
 
*** Warning at time       :      5416.750000
    Generated by Unit     : Not applicable or not available
    Generated by Type     : Not applicable or not available
    TRNSYS Message    441 : The inputs to the listed units have not converged at this timestep. The values at the last iteration will be used and the simulation will proceed.
    Reported information  : UNITS: 56  45  57  68
 
*** Warning at time       :      5417.500000
    Generated by Unit     : Not applicable or not available
    Generated by Type     : Not applicable or not available
    TRNSYS Message    441 : The inputs to the listed units have not converged at this timestep. The values at the last iteration will be used and the simulation will proceed.
    Reported information  : UNITS: 56  45  57  68
 
*** Warning at time       :      5418.000000
    Generated by Unit     : Not applicable or not available
    Generated by Type     : Not applicable or not available
    TRNSYS Message    441 : The inputs to the listed units have not converged at this timestep. The values at the last iteration will be used and the simulation will proceed.
    Reported information  : UNITS: 56  45  57  68
 
*** Warning at time       :      5418.750000
    Generated by Unit     : Not applicable or not available
    Generated by Type     : Not applicable or not available
    TRNSYS Message    441 : The inputs to the listed units have not converged at this timestep. The values at the last iteration will be used and the simulation will proceed.
    Reported information  : UNITS: 56  45  57  68
 
*** Warning at time       :      5419.250000
    Generated by Unit     : Not applicable or not available
    Generated by Type     : Not applicable or not available
    TRNSYS Message    441 : The inputs to the listed units have not converged at this timestep. The values at the last iteration will be used and the simulation will proceed.
    Reported information  : UNITS: 56  45  57  68
 
*** Warning at time       :      5420.000000
    Generated by Unit     : Not applicable or not available
    Generated by Type     : Not applicable or not available
    TRNSYS Message    441 : The inputs to the listed units have not converged at this timestep. The values at the last iteration will be used and the simulation will proceed.
    Reported information  : UNITS: 56  45  57  68
 
*** Warning at time       :      5420.500000
    Generated by Unit     : Not applicable or not available
    Generated by Type     : Not applicable or not available
    TRNSYS Message    441 : The inputs to the listed units have not converged at this timestep. The values at the last iteration will be used and the simulation will proceed.
    Reported information  : UNITS: 56  45  57  68
 
*** Warning at time       :      5422.000000
    Generated by Unit     : Not applicable or not available
    Generated by Type     : Not applicable or not available
    TRNSYS Message    441 : The inputs to the listed units have not converged at this timestep. The values at the last iteration will be used and the simulation will proceed.
    Reported information  : UNITS: 56  30  32  36  37  40  42  43  44  46  48  51  53  54  55  58  60  63  65  66  67  69
 
*** Warning at time       :      5432.250000
    Generated by Unit     : Not applicable or not available
    Generated by Type     : Not applicable or not available
    TRNSYS Message    441 : The inputs to the listed units have not converged at this timestep. The values at the last iteration will be used and the simulation will proceed.
    Reported information  : UNITS: 56  30  32  36  38  39  40  41  42  44  45  46  47  49  50  51  52  53  55  57  58  59  61  62  63  64  65  67  68  69  70
 
*** Warning at time       :      5432.500000
    Generated by Unit     : Not applicable or not available
    Generated by Type     : Not applicable or not available
    TRNSYS Message    441 : The inputs to the listed units have not converged at this timestep. The values at the last iteration will be used and the simulation will proceed.
    Reported information  : UNITS: 56  38  39  49  50  61  62
 
*** Warning at time       :      5432.750000
    Generated by Unit     : Not applicable or not available
    Generated by Type     : Not applicable or not available
    TRNSYS Message    441 : The inputs to the listed units have not converged at this timestep. The values at the last iteration will be used and the simulation will proceed.
    Reported information  : UNITS: 56  30  32  36  37  40  41  42  43  44  45  46  47  48  51  52  53  54  55  57  58  59  60  63  64  65  66  67  68  69  70
 
*** Warning at time       :      5433.000000
    Generated by Unit     : Not applicable or not available
    Generated by Type     : Not applicable or not available
    TRNSYS Message    441 : The inputs to the listed units have not converged at this timestep. The values at the last iteration will be used and the simulation will proceed.
    Reported information  : UNITS: 56  37  38  39  40  43  44  48  49  50  51  54  55  60  61  62  63  66  67
 
*** Warning at time       :      5433.500000
    Generated by Unit     : Not applicable or not available
    Generated by Type     : Not applicable or not available
    TRNSYS Message    441 : The inputs to the listed units have not converged at this timestep. The values at the last iteration will be used and the simulation will proceed.
    Reported information  : UNITS: 56  37  40  43  44  48  51  54  55  60  63  66  67
 
*** Warning at time       :      5434.750000
    Generated by Unit     : Not applicable or not available
    Generated by Type     : Not applicable or not available
    TRNSYS Message    441 : The inputs to the listed units have not converged at this timestep. The values at the last iteration will be used and the simulation will proceed.
    Reported information  : UNITS: 56  45  57  68
 
*** Warning at time       :      5435.250000
    Generated by Unit     : Not applicable or not available
    Generated by Type     : Not applicable or not available
    TRNSYS Message    441 : The inputs to the listed units have not converged at this timestep. The values at the last iteration will be used and the simulation will proceed.
    Reported information  : UNITS: 56  45  57  68
 
*** Warning at time       :      5437.000000
    Generated by Unit     : Not applicable or not available
    Generated by Type     : Not applicable or not available
    TRNSYS Message    441 : The inputs to the listed units have not converged at this timestep. The values at the last iteration will be used and the simulation will proceed.
    Reported information  : UNITS: 56  45  57  68
 
*** Warning at time       :      5437.500000
    Generated by Unit     : Not applicable or not available
    Generated by Type     : Not applicable or not available
    TRNSYS Message    441 : The inputs to the listed units have not converged at this timestep. The values at the last iteration will be used and the simulation will proceed.
    Reported information  : UNITS: 56  45  57  68
 
*** Warning at time       :      5438.750000
    Generated by Unit     : Not applicable or not available
    Generated by Type     : Not applicable or not available
    TRNSYS Message    441 : The inputs to the listed units have not converged at this timestep. The values at the last iteration will be used and the simulation will proceed.
    Reported information  : UNITS: 56  45  57  68
 
*** Warning at time       :      5439.250000
    Generated by Unit     : Not applicable or not available
    Generated by Type     : Not applicable or not available
    TRNSYS Message    441 : The inputs to the listed units have not converged at this timestep. The values at the last iteration will be used and the simulation will proceed.
    Reported information  : UNITS: 56  45  57  68
 
*** Warning at time       :      5440.500000
    Generated by Unit     : Not applicable or not available
    Generated by Type     : Not applicable or not available
    TRNSYS Message    441 : The inputs to the listed units have not converged at this timestep. The values at the last iteration will be used and the simulation will proceed.
    Reported information  : UNITS: 56  45  57  68
 
*** Warning at time       :      5441.000000
    Generated by Unit     : Not applicable or not available
    Generated by Type     : Not applicable or not available
    TRNSYS Message    441 : The inputs to the listed units have not converged at this timestep. The values at the last iteration will be used and the simulation will proceed.
    Reported information  : UNITS: 56  45  57  68
 
*** Warning at time       :      5441.750000
    Generated by Unit     : Not applicable or not available
    Generated by Type     : Not applicable or not available
    TRNSYS Message    441 : The inputs to the listed units have not converged at this timestep. The values at the last iteration will be used and the simulation will proceed.
    Reported information  : UNITS: 56  45  57  68
 
*** Warning at time       :      5442.250000
    Generated by Unit     : Not applicable or not available
    Generated by Type     : Not applicable or not available
    TRNSYS Message    441 : The inputs to the listed units have not converged at this timestep. The values at the last iteration will be used and the simulation will proceed.
    Reported information  : UNITS: 56  45  57  68
 
*** Warning at time       :      5443.500000
    Generated by Unit     : Not applicable or not available
    Generated by Type     : Not applicable or not available
    TRNSYS Message    441 : The inputs to the listed units have not converged at this timestep. The values at the last iteration will be used and the simulation will proceed.
    Reported information  : UNITS: 56  45  57  68
 
*** Warning at time       :      5444.750000
    Generated by Unit     : Not applicable or not available
    Generated by Type     : Not applicable or not available
    TRNSYS Message    441 : The inputs to the listed units have not converged at this timestep. The values at the last iteration will be used and the simulation will proceed.
    Reported information  : UNITS: 56  45  57  68
 
*** Warning at time       :      5445.250000
    Generated by Unit     : Not applicable or not available
    Generated by Type     : Not applicable or not available
    TRNSYS Message    441 : The inputs to the listed units have not converged at this timestep. The values at the last iteration will be used and the simulation will proceed.
    Reported information  : UNITS: 56  45  57  68
 
*** Warning at time       :      5446.000000
    Generated by Unit     : Not applicable or not available
    Generated by Type     : Not applicable or not available
    TRNSYS Message    441 : The inputs to the listed units have not converged at this timestep. The values at the last iteration will be used and the simulation will proceed.
    Reported information  : UNITS: 56  30  32  36  41  42  46  52  53  58  64  65  69
 
*** Warning at time       :      5456.250000
    Generated by Unit     : Not applicable or not available
    Generated by Type     : Not applicable or not available
    TRNSYS Message    441 : The inputs to the listed units have not converged at this timestep. The values at the last iteration will be used and the simulation will proceed.
    Reported information  : UNITS: 56  30  32  36  37  38  39  40  41  42  43  44  45  46  47  48  49  50  51  52  53  54  55  57  58  59  60  61  62  63  64  65  66  67  68  69  70
 
*** Warning at time       :      5456.500000
    Generated by Unit     : Not applicable or not available
    Generated by Type     : Not applicable or not available
    TRNSYS Message    441 : The inputs to the listed units have not converged at this timestep. The values at the last iteration will be used and the simulation will proceed.
    Reported information  : UNITS: 56  37  38  39  40  43  44  48  49  50  51  54  55  60  61  62  63  66  67
 
*** Warning at time       :      5456.750000
    Generated by Unit     : Not applicable or not available
    Generated by Type     : Not applicable or not available
    TRNSYS Message    441 : The inputs to the listed units have not converged at this timestep. The values at the last iteration will be used and the simulation will proceed.
    Reported information  : UNITS: 56  30  32  36  41  42  45  46  47  52  53  57  58  59  64  65  68  69  70
 
*** Warning at time       :      5457.000000
    Generated by Unit     : Not applicable or not available
    Generated by Type     : Not applicable or not available
    TRNSYS Message    441 : The inputs to the listed units have not converged at this timestep. The values at the last iteration will be used and the simulation will proceed.
    Reported information  : UNITS: 56  37  38  39  40  43  44  46  48  49  50  51  54  55  58  60  61  62  63  66  67  69
 
*** Warning at time       :      5457.250000
    Generated by Unit     : Not applicable or not available
    Generated by Type     : Not applicable or not available
    TRNSYS Message    441 : The inputs to the listed units have not converged at this timestep. The values at the last iteration will be used and the simulation will proceed.
    Reported information  : UNITS: 56  38  39  49  50  61  62
 
*** Warning at time       :      5457.500000
    Generated by Unit     : Not applicable or not available
    Generated by Type     : Not applicable or not available
    TRNSYS Message    441 : The inputs to the listed units have not converged at this timestep. The values at the last iteration will be used and the simulation will proceed.
    Reported information  : UNITS: 56  46  58  69
 
*** Warning at time       :      5458.750000
    Generated by Unit     : Not applicable or not available
    Generated by Type     : Not applicable or not available
    TRNSYS Message    441 : The inputs to the listed units have not converged at this timestep. The values at the last iteration will be used and the simulation will proceed.
    Reported information  : UNITS: 56  45  57  68
 
*** Warning at time       :      5459.250000
    Generated by Unit     : Not applicable or not available
    Generated by Type     : Not applicable or not available
    TRNSYS Message    441 : The inputs to the listed units have not converged at this timestep. The values at the last iteration will be used and the simulation will proceed.
    Reported information  : UNITS: 56  45  57  68
 
*** Warning at time       :      5460.500000
    Generated by Unit     : Not applicable or not available
    Generated by Type     : Not applicable or not available
    TRNSYS Message    441 : The inputs to the listed units have not converged at this timestep. The values at the last iteration will be used and the simulation will proceed.
    Reported information  : UNITS: 56  45  57  68
 
*** Warning at time       :      5461.750000
    Generated by Unit     : Not applicable or not available
    Generated by Type     : Not applicable or not available
    TRNSYS Message    441 : The inputs to the listed units have not converged at this timestep. The values at the last iteration will be used and the simulation will proceed.
    Reported information  : UNITS: 56  45  57  68
 
*** Warning at time       :      5462.250000
    Generated by Unit     : Not applicable or not available
    Generated by Type     : Not applicable or not available
    TRNSYS Message    441 : The inputs to the listed units have not converged at this timestep. The values at the last iteration will be used and the simulation will proceed.
    Reported information  : UNITS: 56  45  57  68
 
*** Warning at time       :      5463.500000
    Generated by Unit     : Not applicable or not available
    Generated by Type     : Not applicable or not available
    TRNSYS Message    441 : The inputs to the listed units have not converged at this timestep. The values at the last iteration will be used and the simulation will proceed.
    Reported information  : UNITS: 56  45  57  68
 
*** Warning at time       :      5464.000000
    Generated by Unit     : Not applicable or not available
    Generated by Type     : Not applicable or not available
    TRNSYS Message    441 : The inputs to the listed units have not converged at this timestep. The values at the last iteration will be used and the simulation will proceed.
    Reported information  : UNITS: 56  45  57  68
 
*** Warning at time       :      5465.250000
    Generated by Unit     : Not applicable or not available
    Generated by Type     : Not applicable or not available
    TRNSYS Message    441 : The inputs to the listed units have not converged at this timestep. The values at the last iteration will be used and the simulation will proceed.
    Reported information  : UNITS: 56  45  57  68
 
*** Warning at time       :      5465.750000
    Generated by Unit     : Not applicable or not available
    Generated by Type     : Not applicable or not available
    TRNSYS Message    441 : The inputs to the listed units have not converged at this timestep. The values at the last iteration will be used and the simulation will proceed.
    Reported information  : UNITS: 56  45  57  68
 
*** Warning at time       :      5467.000000
    Generated by Unit     : Not applicable or not available
    Generated by Type     : Not applicable or not available
    TRNSYS Message    441 : The inputs to the listed units have not converged at this timestep. The values at the last iteration will be used and the simulation will proceed.
    Reported information  : UNITS: 56  45  57  68
 
*** Warning at time       :      5468.250000
    Generated by Unit     : Not applicable or not available
    Generated by Type     : Not applicable or not available
    TRNSYS Message    441 : The inputs to the listed units have not converged at this timestep. The values at the last iteration will be used and the simulation will proceed.
    Reported information  : UNITS: 56  45  57  68
 
*** Warning at time       :      5470.000000
    Generated by Unit     : Not applicable or not available
    Generated by Type     : Not applicable or not available
    TRNSYS Message    441 : The inputs to the listed units have not converged at this timestep. The values at the last iteration will be used and the simulation will proceed.
    Reported information  : UNITS: 56  30  32  36  41  42  47  52  53  59  64  65  70
 
*** Warning at time       :      5480.250000
    Generated by Unit     : Not applicable or not available
    Generated by Type     : Not applicable or not available
    TRNSYS Message    441 : The inputs to the listed units have not converged at this timestep. The values at the last iteration will be used and the simulation will proceed.
    Reported information  : UNITS: 56  30  32  37  38  39  40  41  42  43  44  46  47  48  49  50  51  52  53  54  55  58  59
 
*** Warning at time       :      5480.750000
    Generated by Unit     : Not applicable or not available
    Generated by Type     : Not applicable or not available
    TRNSYS Message    441 : The inputs to the listed units have not converged at this timestep. The values at the last iteration will be used and the simulation will proceed.
    Reported information  : UNITS: 56  30  32  36  37  38  39  40  41  42  43  44  46  47  48  49  50  51  52  53  54  55  58  59  60  61  62  63  64  65  66  67  69  70
 
*** Warning at time       :      5481.000000
    Generated by Unit     : Not applicable or not available
    Generated by Type     : Not applicable or not available
    TRNSYS Message    441 : The inputs to the listed units have not converged at this timestep. The values at the last iteration will be used and the simulation will proceed.
    Reported information  : UNITS: 56 102 105 106 107 108 109 110 111 112 113 114 115 116 117 118 120 121 122 123 124 125 126 127 128
 
*** Warning at time       :      5482.000000
    Generated by Unit     : Not applicable or not available
    Generated by Type     : Not applicable or not available
    TRNSYS Message    441 : The inputs to the listed units have not converged at this timestep. The values at the last iteration will be used and the simulation will proceed.
    Reported information  : UNITS: 56  45  57  68
 
*** Warning at time       :      5482.500000
    Generated by Unit     : Not applicable or not available
    Generated by Type     : Not applicable or not available
    TRNSYS Message    441 : The inputs to the listed units have not converged at this timestep. The values at the last iteration will be used and the simulation will proceed.
    Reported information  : UNITS: 56  45  57  68
 
*** Warning at time       :      5483.250000
    Generated by Unit     : Not applicable or not available
    Generated by Type     : Not applicable or not available
    TRNSYS Message    441 : The inputs to the listed units have not converged at this timestep. The values at the last iteration will be used and the simulation will proceed.
    Reported information  : UNITS: 56  45  57  68
 
*** Warning at time       :      5484.000000
    Generated by Unit     : Not applicable or not available
    Generated by Type     : Not applicable or not available
    TRNSYS Message    441 : The inputs to the listed units have not converged at this timestep. The values at the last iteration will be used and the simulation will proceed.
    Reported information  : UNITS: 56  45  57  68
 
*** Warning at time       :      5484.500000
    Generated by Unit     : Not applicable or not available
    Generated by Type     : Not applicable or not available
    TRNSYS Message    441 : The inputs to the listed units have not converged at this timestep. The values at the last iteration will be used and the simulation will proceed.
    Reported information  : UNITS: 56  45  57  68
 
*** Warning at time       :      5485.250000
    Generated by Unit     : Not applicable or not available
    Generated by Type     : Not applicable or not available
    TRNSYS Message    441 : The inputs to the listed units have not converged at this timestep. The values at the last iteration will be used and the simulation will proceed.
    Reported information  : UNITS: 56  45  57  68
 
*** Warning at time       :      5486.000000
    Generated by Unit     : Not applicable or not available
    Generated by Type     : Not applicable or not available
    TRNSYS Message    441 : The inputs to the listed units have not converged at this timestep. The values at the last iteration will be used and the simulation will proceed.
    Reported information  : UNITS: 56  45  57  68
 
*** Warning at time       :      5486.750000
    Generated by Unit     : Not applicable or not available
    Generated by Type     : Not applicable or not available
    TRNSYS Message    441 : The inputs to the listed units have not converged at this timestep. The values at the last iteration will be used and the simulation will proceed.
    Reported information  : UNITS: 56  45  57  68
 
*** Warning at time       :      5487.500000
    Generated by Unit     : Not applicable or not available
    Generated by Type     : Not applicable or not available
    TRNSYS Message    441 : The inputs to the listed units have not converged at this timestep. The values at the last iteration will be used and the simulation will proceed.
    Reported information  : UNITS: 56  45  57  68
 
*** Warning at time       :      5488.250000
    Generated by Unit     : Not applicable or not available
    Generated by Type     : Not applicable or not available
    TRNSYS Message    441 : The inputs to the listed units have not converged at this timestep. The values at the last iteration will be used and the simulation will proceed.
    Reported information  : UNITS: 56  45  57  68
 
*** Warning at time       :      5489.000000
    Generated by Unit     : Not applicable or not available
    Generated by Type     : Not applicable or not available
    TRNSYS Message    441 : The inputs to the listed units have not converged at this timestep. The values at the last iteration will be used and the simulation will proceed.
    Reported information  : UNITS: 56  45  57  68
 
*** Warning at time       :      5489.750000
    Generated by Unit     : Not applicable or not available
    Generated by Type     : Not applicable or not available
    TRNSYS Message    441 : The inputs to the listed units have not converged at this timestep. The values at the last iteration will be used and the simulation will proceed.
    Reported information  : UNITS: 56  45  57  68
 
*** Warning at time       :      5490.500000
    Generated by Unit     : Not applicable or not available
    Generated by Type     : Not applicable or not available
    TRNSYS Message    441 : The inputs to the listed units have not converged at this timestep. The values at the last iteration will be used and the simulation will proceed.
    Reported information  : UNITS: 56  45  57  68
 
*** Warning at time       :      5491.250000
    Generated by Unit     : Not applicable or not available
    Generated by Type     : Not applicable or not available
    TRNSYS Message    441 : The inputs to the listed units have not converged at this timestep. The values at the last iteration will be used and the simulation will proceed.
    Reported information  : UNITS: 56  45  57  68
 
*** Warning at time       :      5492.000000
    Generated by Unit     : Not applicable or not available
    Generated by Type     : Not applicable or not available
    TRNSYS Message    441 : The inputs to the listed units have not converged at this timestep. The values at the last iteration will be used and the simulation will proceed.
    Reported information  : UNITS: 56  45  57  68
 
*** Warning at time       :      5492.750000
    Generated by Unit     : Not applicable or not available
    Generated by Type     : Not applicable or not available
    TRNSYS Message    441 : The inputs to the listed units have not converged at this timestep. The values at the last iteration will be used and the simulation will proceed.
    Reported information  : UNITS: 56  45  57  68
 
*** Warning at time       :      5494.000000
    Generated by Unit     : Not applicable or not available
    Generated by Type     : Not applicable or not available
    TRNSYS Message    441 : The inputs to the listed units have not converged at this timestep. The values at the last iteration will be used and the simulation will proceed.
    Reported information  : UNITS: 56  38  39  49  50  61  62
 
*** Warning at time       :      5552.250000
    Generated by Unit     : Not applicable or not available
    Generated by Type     : Not applicable or not available
    TRNSYS Message    441 : The inputs to the listed units have not converged at this timestep. The values at the last iteration will be used and the simulation will proceed.
    Reported information  : UNITS: 56  30  32  36  37  38  39  40  42  43  44  46  48  49  50  51  53  54  55  58  60  61  62  63  65  66  67  69
 
*** Warning at time       :      5554.000000
    Generated by Unit     : Not applicable or not available
    Generated by Type     : Not applicable or not available
    TRNSYS Message    441 : The inputs to the listed units have not converged at this timestep. The values at the last iteration will be used and the simulation will proceed.
    Reported information  : UNITS: 56  45  57  68
 
*** Warning at time       :      5554.500000
    Generated by Unit     : Not applicable or not available
    Generated by Type     : Not applicable or not available
    TRNSYS Message    441 : The inputs to the listed units have not converged at this timestep. The values at the last iteration will be used and the simulation will proceed.
    Reported information  : UNITS: 56  41  47  52  59  64  70
 
*** Warning at time       :      5554.750000
    Generated by Unit     : Not applicable or not available
    Generated by Type     : Not applicable or not available
    TRNSYS Message    441 : The inputs to the listed units have not converged at this timestep. The values at the last iteration will be used and the simulation will proceed.
    Reported information  : UNITS: 56  45  57  68
 
*** Warning at time       :      5555.000000
    Generated by Unit     : Not applicable or not available
    Generated by Type     : Not applicable or not available
    TRNSYS Message    441 : The inputs to the listed units have not converged at this timestep. The values at the last iteration will be used and the simulation will proceed.
    Reported information  : UNITS: 56  41  47  52  59  64  70
 
*** Warning at time       :      5555.500000
    Generated by Unit     : Not applicable or not available
    Generated by Type     : Not applicable or not available
    TRNSYS Message    441 : The inputs to the listed units have not converged at this timestep. The values at the last iteration will be used and the simulation will proceed.
    Reported information  : UNITS: 56  41  45  47  52  57  59  64  68  70
 
*** Warning at time       :      5556.000000
    Generated by Unit     : Not applicable or not available
    Generated by Type     : Not applicable or not available
    TRNSYS Message    441 : The inputs to the listed units have not converged at this timestep. The values at the last iteration will be used and the simulation will proceed.
    Reported information  : UNITS: 56  41  47  52  59  64  70
 
*** Warning at time       :      5556.250000
    Generated by Unit     : Not applicable or not available
    Generated by Type     : Not applicable or not available
    TRNSYS Message    441 : The inputs to the listed units have not converged at this timestep. The values at the last iteration will be used and the simulation will proceed.
    Reported information  : UNITS: 56  45  57  68
 
*** Warning at time       :      5556.500000
    Generated by Unit     : Not applicable or not available
    Generated by Type     : Not applicable or not available
    TRNSYS Message    441 : The inputs to the listed units have not converged at this timestep. The values at the last iteration will be used and the simulation will proceed.
    Reported information  : UNITS: 56  41  47  52  59  64  70
 
*** Warning at time       :      5557.000000
    Generated by Unit     : Not applicable or not available
    Generated by Type     : Not applicable or not available
    TRNSYS Message    441 : The inputs to the listed units have not converged at this timestep. The values at the last iteration will be used and the simulation will proceed.
    Reported information  : UNITS: 56  41  45  47  52  57  59  64  68  70
 
*** Warning at time       :      5557.500000
    Generated by Unit     : Not applicable or not available
    Generated by Type     : Not applicable or not available
    TRNSYS Message    441 : The inputs to the listed units have not converged at this timestep. The values at the last iteration will be used and the simulation will proceed.
    Reported information  : UNITS: 56  30  32  36  41  47  52  59  64  70
 
*** Warning at time       :      5557.750000
    Generated by Unit     : Not applicable or not available
    Generated by Type     : Not applicable or not available
    TRNSYS Message    441 : The inputs to the listed units have not converged at this timestep. The values at the last iteration will be used and the simulation will proceed.
    Reported information  : UNITS: 56  45  57  68
 
*** Warning at time       :      5558.000000
    Generated by Unit     : Not applicable or not available
    Generated by Type     : Not applicable or not available
    TRNSYS Message    441 : The inputs to the listed units have not converged at this timestep. The values at the last iteration will be used and the simulation will proceed.
    Reported information  : UNITS: 56  30  32  36  41  47  52  59  64  70
 
*** Warning at time       :      5558.500000
    Generated by Unit     : Not applicable or not available
    Generated by Type     : Not applicable or not available
    TRNSYS Message    441 : The inputs to the listed units have not converged at this timestep. The values at the last iteration will be used and the simulation will proceed.
    Reported information  : UNITS: 56  30  32  36  41  42  45  47  52  53  57  59  64  65  68  70
 
*** Warning at time       :      5559.000000
    Generated by Unit     : Not applicable or not available
    Generated by Type     : Not applicable or not available
    TRNSYS Message    441 : The inputs to the listed units have not converged at this timestep. The values at the last iteration will be used and the simulation will proceed.
    Reported information  : UNITS: 56  30  32  36  41  42  47  52  53  59  64  65  70
 
*** Warning at time       :      5559.250000
    Generated by Unit     : Not applicable or not available
    Generated by Type     : Not applicable or not available
    TRNSYS Message    441 : The inputs to the listed units have not converged at this timestep. The values at the last iteration will be used and the simulation will proceed.
    Reported information  : UNITS: 56  45  57  68
 
*** Warning at time       :      5559.500000
    Generated by Unit     : Not applicable or not available
    Generated by Type     : Not applicable or not available
    TRNSYS Message    441 : The inputs to the listed units have not converged at this timestep. The values at the last iteration will be used and the simulation will proceed.
    Reported information  : UNITS: 56  30  32  36  41  42  47  52  53  59  64  65  70
 
*** Warning at time       :      5560.000000
    Generated by Unit     : Not applicable or not available
    Generated by Type     : Not applicable or not available
    TRNSYS Message    441 : The inputs to the listed units have not converged at this timestep. The values at the last iteration will be used and the simulation will proceed.
    Reported information  : UNITS: 56  30  32  36  41  42  45  47  52  53  57  59  64  65  68  70
 
*** Warning at time       :      5560.500000
    Generated by Unit     : Not applicable or not available
    Generated by Type     : Not applicable or not available
    TRNSYS Message    441 : The inputs to the listed units have not converged at this timestep. The values at the last iteration will be used and the simulation will proceed.
    Reported information  : UNITS: 56  30  32  36  41  47  52  59  64  70
 
*** Warning at time       :      5560.750000
    Generated by Unit     : Not applicable or not available
    Generated by Type     : Not applicable or not available
    TRNSYS Message    441 : The inputs to the listed units have not converged at this timestep. The values at the last iteration will be used and the simulation will proceed.
    Reported information  : UNITS: 56  45  57  68
 
*** Warning at time       :      5561.000000
    Generated by Unit     : Not applicable or not available
    Generated by Type     : Not applicable or not available
    TRNSYS Message    441 : The inputs to the listed units have not converged at this timestep. The values at the last iteration will be used and the simulation will proceed.
    Reported information  : UNITS: 56  30  32  36  41  47  52  59  64  70
 
*** Warning at time       :      5561.500000
    Generated by Unit     : Not applicable or not available
    Generated by Type     : Not applicable or not available
    TRNSYS Message    441 : The inputs to the listed units have not converged at this timestep. The values at the last iteration will be used and the simulation will proceed.
    Reported information  : UNITS: 56  41  45  47  52  57  59  64  68  70
 
*** Warning at time       :      5562.000000
    Generated by Unit     : Not applicable or not available
    Generated by Type     : Not applicable or not available
    TRNSYS Message    441 : The inputs to the listed units have not converged at this timestep. The values at the last iteration will be used and the simulation will proceed.
    Reported information  : UNITS: 56  41  47  52  59  64  70
 
*** Warning at time       :      5562.250000
    Generated by Unit     : Not applicable or not available
    Generated by Type     : Not applicable or not available
    TRNSYS Message    441 : The inputs to the listed units have not converged at this timestep. The values at the last iteration will be used and the simulation will proceed.
    Reported information  : UNITS: 56  45  57  68
 
*** Warning at time       :      5562.500000
    Generated by Unit     : Not applicable or not available
    Generated by Type     : Not applicable or not available
    TRNSYS Message    441 : The inputs to the listed units have not converged at this timestep. The values at the last iteration will be used and the simulation will proceed.
    Reported information  : UNITS: 56  41  47  52  59  64  70
 
*** Warning at time       :      5563.000000
    Generated by Unit     : Not applicable or not available
    Generated by Type     : Not applicable or not available
    TRNSYS Message    441 : The inputs to the listed units have not converged at this timestep. The values at the last iteration will be used and the simulation will proceed.
    Reported information  : UNITS: 56  41  45  47  52  57  59  64  68  70
 
*** Warning at time       :      5563.500000
    Generated by Unit     : Not applicable or not available
    Generated by Type     : Not applicable or not available
    TRNSYS Message    441 : The inputs to the listed units have not converged at this timestep. The values at the last iteration will be used and the simulation will proceed.
    Reported information  : UNITS: 56  41  47  52  59  64  70
 
*** Warning at time       :      5563.750000
    Generated by Unit     : Not applicable or not available
    Generated by Type     : Not applicable or not available
    TRNSYS Message    441 : The inputs to the listed units have not converged at this timestep. The values at the last iteration will be used and the simulation will proceed.
    Reported information  : UNITS: 56  45  57  68
 
*** Warning at time       :      5564.000000
    Generated by Unit     : Not applicable or not available
    Generated by Type     : Not applicable or not available
    TRNSYS Message    441 : The inputs to the listed units have not converged at this timestep. The values at the last iteration will be used and the simulation will proceed.
    Reported information  : UNITS: 56  41  47  52  59  64  70
 
*** Warning at time       :      5564.500000
    Generated by Unit     : Not applicable or not available
    Generated by Type     : Not applicable or not available
    TRNSYS Message    441 : The inputs to the listed units have not converged at this timestep. The values at the last iteration will be used and the simulation will proceed.
    Reported information  : UNITS: 56  41  45  47  52  57  59  64  68  70
 
*** Warning at time       :      5565.000000
    Generated by Unit     : Not applicable or not available
    Generated by Type     : Not applicable or not available
    TRNSYS Message    441 : The inputs to the listed units have not converged at this timestep. The values at the last iteration will be used and the simulation will proceed.
    Reported information  : UNITS: 56  41  47  52  59  64  70
 
*** Warning at time       :      5565.250000
    Generated by Unit     : Not applicable or not available
    Generated by Type     : Not applicable or not available
    TRNSYS Message    441 : The inputs to the listed units have not converged at this timestep. The values at the last iteration will be used and the simulation will proceed.
    Reported information  : UNITS: 56  45  57  68
 
*** Warning at time       :      5576.250000
    Generated by Unit     : Not applicable or not available
    Generated by Type     : Not applicable or not available
    TRNSYS Message    441 : The inputs to the listed units have not converged at this timestep. The values at the last iteration will be used and the simulation will proceed.
    Reported information  : UNITS: 56  30  32  36  37  38  39  40  41  42  43  44  45  46  47  48  49  50  51  52  53  54  55  57  58  59  60  61  62  63  64  65  66  67  68  69  70
 
*** Warning at time       :      5576.500000
    Generated by Unit     : Not applicable or not available
    Generated by Type     : Not applicable or not available
    TRNSYS Message    441 : The inputs to the listed units have not converged at this timestep. The values at the last iteration will be used and the simulation will proceed.
    Reported information  : UNITS: 56 110 116 122 128
 
*** Warning at time       :      5576.750000
    Generated by Unit     : Not applicable or not available
    Generated by Type     : Not applicable or not available
    TRNSYS Message    441 : The inputs to the listed units have not converged at this timestep. The values at the last iteration will be used and the simulation will proceed.
    Reported information  : UNITS: 56  45  57  68
 
*** Warning at time       :      5579.250000
    Generated by Unit     : Not applicable or not available
    Generated by Type     : Not applicable or not available
    TRNSYS Message    441 : The inputs to the listed units have not converged at this timestep. The values at the last iteration will be used and the simulation will proceed.
    Reported information  : UNITS: 56  45  57  68
 
*** Warning at time       :      5579.750000
    Generated by Unit     : Not applicable or not available
    Generated by Type     : Not applicable or not available
    TRNSYS Message    441 : The inputs to the listed units have not converged at this timestep. The values at the last iteration will be used and the simulation will proceed.
    Reported information  : UNITS: 56  45  57  68
 
*** Warning at time       :      5580.500000
    Generated by Unit     : Not applicable or not available
    Generated by Type     : Not applicable or not available
    TRNSYS Message    441 : The inputs to the listed units have not converged at this timestep. The values at the last iteration will be used and the simulation will proceed.
    Reported information  : UNITS: 56  45  57  68
 
*** Warning at time       :      5581.000000
    Generated by Unit     : Not applicable or not available
    Generated by Type     : Not applicable or not available
    TRNSYS Message    441 : The inputs to the listed units have not converged at this timestep. The values at the last iteration will be used and the simulation will proceed.
    Reported information  : UNITS: 56  45  57  68
 
*** Warning at time       :      5581.750000
    Generated by Unit     : Not applicable or not available
    Generated by Type     : Not applicable or not available
    TRNSYS Message    441 : The inputs to the listed units have not converged at this timestep. The values at the last iteration will be used and the simulation will proceed.
    Reported information  : UNITS: 56  45  57  68
 
*** Warning at time       :      5582.250000
    Generated by Unit     : Not applicable or not available
    Generated by Type     : Not applicable or not available
    TRNSYS Message    441 : The inputs to the listed units have not converged at this timestep. The values at the last iteration will be used and the simulation will proceed.
    Reported information  : UNITS: 56  45  57  68
 
*** Warning at time       :      5583.000000
    Generated by Unit     : Not applicable or not available
    Generated by Type     : Not applicable or not available
    TRNSYS Message    441 : The inputs to the listed units have not converged at this timestep. The values at the last iteration will be used and the simulation will proceed.
    Reported information  : UNITS: 56  45  57  68
 
*** Warning at time       :      5583.500000
    Generated by Unit     : Not applicable or not available
    Generated by Type     : Not applicable or not available
    TRNSYS Message    441 : The inputs to the listed units have not converged at this timestep. The values at the last iteration will be used and the simulation will proceed.
    Reported information  : UNITS: 56  45  57  68
 
*** Warning at time       :      5584.250000
    Generated by Unit     : Not applicable or not available
    Generated by Type     : Not applicable or not available
    TRNSYS Message    441 : The inputs to the listed units have not converged at this timestep. The values at the last iteration will be used and the simulation will proceed.
    Reported information  : UNITS: 56  45  57  68
 
*** Warning at time       :      5584.750000
    Generated by Unit     : Not applicable or not available
    Generated by Type     : Not applicable or not available
    TRNSYS Message    441 : The inputs to the listed units have not converged at this timestep. The values at the last iteration will be used and the simulation will proceed.
    Reported information  : UNITS: 56  45  57  68
 
*** Warning at time       :      5586.000000
    Generated by Unit     : Not applicable or not available
    Generated by Type     : Not applicable or not available
    TRNSYS Message    441 : The inputs to the listed units have not converged at this timestep. The values at the last iteration will be used and the simulation will proceed.
    Reported information  : UNITS: 56  45  57  68
 
*** Warning at time       :      5600.250000
    Generated by Unit     : Not applicable or not available
    Generated by Type     : Not applicable or not available
    TRNSYS Message    441 : The inputs to the listed units have not converged at this timestep. The values at the last iteration will be used and the simulation will proceed.
    Reported information  : UNITS: 56  30  32  36  37  38  39  40  41  42  43  44  45  46  47  48  49  50  51  52  53  54  55  57  58  59  60  61  62  63  64  65  66  67  68  69  70
 
*** Warning at time       :      5600.750000
    Generated by Unit     : Not applicable or not available
    Generated by Type     : Not applicable or not available
    TRNSYS Message    441 : The inputs to the listed units have not converged at this timestep. The values at the last iteration will be used and the simulation will proceed.
    Reported information  : UNITS: 56  45  57  68
 
*** Warning at time       :      5601.000000
    Generated by Unit     : Not applicable or not available
    Generated by Type     : Not applicable or not available
    TRNSYS Message    441 : The inputs to the listed units have not converged at this timestep. The values at the last iteration will be used and the simulation will proceed.
    Reported information  : UNITS: 56  45  57  68
 
*** Warning at time       :      5624.250000
    Generated by Unit     : Not applicable or not available
    Generated by Type     : Not applicable or not available
    TRNSYS Message    441 : The inputs to the listed units have not converged at this timestep. The values at the last iteration will be used and the simulation will proceed.
    Reported information  : UNITS: 56  30  32  36  37  38  39  40  41  42  43  44  45  46  47  48  49  50  51  52  53  54  55  57  58  59  60  61  62  63  64  65  66  67  68  69  70
 
*** Warning at time       :      5624.500000
    Generated by Unit     : Not applicable or not available
    Generated by Type     : Not applicable or not available
    TRNSYS Message    441 : The inputs to the listed units have not converged at this timestep. The values at the last iteration will be used and the simulation will proceed.
    Reported information  : UNITS: 56  30  32  36  37  38  39  40  42  43  44  46  48  49  50  51  53  54  55  58  60  61  62  63  65  66  67  69
 
*** Warning at time       :      5624.750000
    Generated by Unit     : Not applicable or not available
    Generated by Type     : Not applicable or not available
    TRNSYS Message    441 : The inputs to the listed units have not converged at this timestep. The values at the last iteration will be used and the simulation will proceed.
    Reported information  : UNITS: 56  41  45  47  52  57  59  64  68  70
 
*** Warning at time       :      5625.000000
    Generated by Unit     : Not applicable or not available
    Generated by Type     : Not applicable or not available
    TRNSYS Message    441 : The inputs to the listed units have not converged at this timestep. The values at the last iteration will be used and the simulation will proceed.
    Reported information  : UNITS: 56  45  46  57  58  68  69
 
*** Warning at time       :      5625.250000
    Generated by Unit     : Not applicable or not available
    Generated by Type     : Not applicable or not available
    TRNSYS Message    441 : The inputs to the listed units have not converged at this timestep. The values at the last iteration will be used and the simulation will proceed.
    Reported information  : UNITS: 56  30  32  36  37  38  39  40  42  43  44  46  48  49  50  51  53  54  55  58  60  61  62  63  65  66  67  69
 
*** Warning at time       :      5637.750000
    Generated by Unit     : Not applicable or not available
    Generated by Type     : Not applicable or not available
    TRNSYS Message    441 : The inputs to the listed units have not converged at this timestep. The values at the last iteration will be used and the simulation will proceed.
    Reported information  : UNITS: 56  46  58  69
 
*** Warning at time       :      5638.000000
    Generated by Unit     : Not applicable or not available
    Generated by Type     : Not applicable or not available
    TRNSYS Message    441 : The inputs to the listed units have not converged at this timestep. The values at the last iteration will be used and the simulation will proceed.
    Reported information  : UNITS: 56  37  38  39  43  44  48  49  50  54  55  60  61  62  66  67
 
*** Warning at time       :      5648.250000
    Generated by Unit     : Not applicable or not available
    Generated by Type     : Not applicable or not available
    TRNSYS Message    441 : The inputs to the listed units have not converged at this timestep. The values at the last iteration will be used and the simulation will proceed.
    Reported information  : UNITS: 56  30  32  36  37  38  39  40  41  42  43  44  45  46  47  48  49  50  51  52  53  54  55  57  58  59  60  61  62  63  64  65  66  67  68  69  70
 
*** Warning at time       :      5648.500000
    Generated by Unit     : Not applicable or not available
    Generated by Type     : Not applicable or not available
    TRNSYS Message    441 : The inputs to the listed units have not converged at this timestep. The values at the last iteration will be used and the simulation will proceed.
    Reported information  : UNITS: 56  30  32  36  37  38  39  40  41  42  43  44  45  46  47  48  49  50  51  52  53  54  55  57  58  59  60  61  62  63  64  65  66  67  68  69  70
 
*** Warning at time       :      5649.000000
    Generated by Unit     : Not applicable or not available
    Generated by Type     : Not applicable or not available
    TRNSYS Message    441 : The inputs to the listed units have not converged at this timestep. The values at the last iteration will be used and the simulation will proceed.
    Reported information  : UNITS: 56  41  45  47  52  57  59  64  68  70
 
*** Warning at time       :      5649.250000
    Generated by Unit     : Not applicable or not available
    Generated by Type     : Not applicable or not available
    TRNSYS Message    441 : The inputs to the listed units have not converged at this timestep. The values at the last iteration will be used and the simulation will proceed.
    Reported information  : UNITS: 56  30  32  36  37  38  39  40  41  42  43  44  46  47  48  49  50  51  52  53  54  55  58  59  60  61  62  63  64  65  66  67  69  70
 
*** Warning at time       :      5655.500000
    Generated by Unit     : Not applicable or not available
    Generated by Type     : Not applicable or not available
    TRNSYS Message    441 : The inputs to the listed units have not converged at this timestep. The values at the last iteration will be used and the simulation will proceed.
    Reported information  : UNITS: 56  45  57  68
 
*** Warning at time       :      5656.000000
    Generated by Unit     : Not applicable or not available
    Generated by Type     : Not applicable or not available
    TRNSYS Message    441 : The inputs to the listed units have not converged at this timestep. The values at the last iteration will be used and the simulation will proceed.
    Reported information  : UNITS: 56  45  57  68
 
*** Warning at time       :      5662.000000
    Generated by Unit     : Not applicable or not available
    Generated by Type     : Not applicable or not available
    TRNSYS Message    441 : The inputs to the listed units have not converged at this timestep. The values at the last iteration will be used and the simulation will proceed.
    Reported information  : UNITS: 56  30  32  36  37  38  39  40  42  43  44  46  48  49  50  51  53  54  55  58  60  61  62  63  65  66  67  69
 
*** Warning at time       :      5720.250000
    Generated by Unit     : Not applicable or not available
    Generated by Type     : Not applicable or not available
    TRNSYS Message    441 : The inputs to the listed units have not converged at this timestep. The values at the last iteration will be used and the simulation will proceed.
    Reported information  : UNITS: 56  30  32  36  37  38  39  40  41  42  43  44  45  46  47  48  49  50  51  52  53  54  55  57  58  59  60  61  62  63  65  66  67  68  69
 
*** Warning at time       :      5720.500000
    Generated by Unit     : Not applicable or not available
    Generated by Type     : Not applicable or not available
    TRNSYS Message    441 : The inputs to the listed units have not converged at this timestep. The values at the last iteration will be used and the simulation will proceed.
    Reported information  : UNITS: 56 116 128
 
*** Warning at time       :      5720.750000
    Generated by Unit     : Not applicable or not available
    Generated by Type     : Not applicable or not available
    TRNSYS Message    441 : The inputs to the listed units have not converged at this timestep. The values at the last iteration will be used and the simulation will proceed.
    Reported information  : UNITS: 56  30  32  36  37  38  39  40  42  43  44  46  48  49  50  51  53  54  55  58  60  61  62  63  65  66  67  69
 
*** Warning at time       :      5722.500000
    Generated by Unit     : Not applicable or not available
    Generated by Type     : Not applicable or not available
    TRNSYS Message    441 : The inputs to the listed units have not converged at this timestep. The values at the last iteration will be used and the simulation will proceed.
    Reported information  : UNITS: 56  45  57  68
 
*** Warning at time       :      5723.000000
    Generated by Unit     : Not applicable or not available
    Generated by Type     : Not applicable or not available
    TRNSYS Message    441 : The inputs to the listed units have not converged at this timestep. The values at the last iteration will be used and the simulation will proceed.
    Reported information  : UNITS: 56  45  57  68
 
*** Warning at time       :      5723.750000
    Generated by Unit     : Not applicable or not available
    Generated by Type     : Not applicable or not available
    TRNSYS Message    441 : The inputs to the listed units have not converged at this timestep. The values at the last iteration will be used and the simulation will proceed.
    Reported information  : UNITS: 56  45  57  68
 
*** Warning at time       :      5724.250000
    Generated by Unit     : Not applicable or not available
    Generated by Type     : Not applicable or not available
    TRNSYS Message    441 : The inputs to the listed units have not converged at this timestep. The values at the last iteration will be used and the simulation will proceed.
    Reported information  : UNITS: 56  45  57  68
 
*** Warning at time       :      5725.000000
    Generated by Unit     : Not applicable or not available
    Generated by Type     : Not applicable or not available
    TRNSYS Message    441 : The inputs to the listed units have not converged at this timestep. The values at the last iteration will be used and the simulation will proceed.
    Reported information  : UNITS: 56  45  57  68
 
*** Warning at time       :      5725.750000
    Generated by Unit     : Not applicable or not available
    Generated by Type     : Not applicable or not available
    TRNSYS Message    441 : The inputs to the listed units have not converged at this timestep. The values at the last iteration will be used and the simulation will proceed.
    Reported information  : UNITS: 56  45  57  68
 
*** Warning at time       :      5726.500000
    Generated by Unit     : Not applicable or not available
    Generated by Type     : Not applicable or not available
    TRNSYS Message    441 : The inputs to the listed units have not converged at this timestep. The values at the last iteration will be used and the simulation will proceed.
    Reported information  : UNITS: 56  45  57  68
 
*** Warning at time       :      5727.000000
    Generated by Unit     : Not applicable or not available
    Generated by Type     : Not applicable or not available
    TRNSYS Message    441 : The inputs to the listed units have not converged at this timestep. The values at the last iteration will be used and the simulation will proceed.
    Reported information  : UNITS: 56  45  57  68
 
*** Warning at time       :      5727.750000
    Generated by Unit     : Not applicable or not available
    Generated by Type     : Not applicable or not available
    TRNSYS Message    441 : The inputs to the listed units have not converged at this timestep. The values at the last iteration will be used and the simulation will proceed.
    Reported information  : UNITS: 56  45  57  68
 
*** Warning at time       :      5728.500000
    Generated by Unit     : Not applicable or not available
    Generated by Type     : Not applicable or not available
    TRNSYS Message    441 : The inputs to the listed units have not converged at this timestep. The values at the last iteration will be used and the simulation will proceed.
    Reported information  : UNITS: 56  45  57  68
 
*** Warning at time       :      5729.000000
    Generated by Unit     : Not applicable or not available
    Generated by Type     : Not applicable or not available
    TRNSYS Message    441 : The inputs to the listed units have not converged at this timestep. The values at the last iteration will be used and the simulation will proceed.
    Reported information  : UNITS: 56  45  57  68
 
*** Warning at time       :      5729.750000
    Generated by Unit     : Not applicable or not available
    Generated by Type     : Not applicable or not available
    TRNSYS Message    441 : The inputs to the listed units have not converged at this timestep. The values at the last iteration will be used and the simulation will proceed.
    Reported information  : UNITS: 56  45  57  68
 
*** Warning at time       :      5730.250000
    Generated by Unit     : Not applicable or not available
    Generated by Type     : Not applicable or not available
    TRNSYS Message    441 : The inputs to the listed units have not converged at this timestep. The values at the last iteration will be used and the simulation will proceed.
    Reported information  : UNITS: 56  45  57  68
 
*** Warning at time       :      5731.000000
    Generated by Unit     : Not applicable or not available
    Generated by Type     : Not applicable or not available
    TRNSYS Message    441 : The inputs to the listed units have not converged at this timestep. The values at the last iteration will be used and the simulation will proceed.
    Reported information  : UNITS: 56  45  57  68
 
*** Warning at time       :      5731.500000
    Generated by Unit     : Not applicable or not available
    Generated by Type     : Not applicable or not available
    TRNSYS Message    441 : The inputs to the listed units have not converged at this timestep. The values at the last iteration will be used and the simulation will proceed.
    Reported information  : UNITS: 56  45  57  68
 
*** Warning at time       :      5732.750000
    Generated by Unit     : Not applicable or not available
    Generated by Type     : Not applicable or not available
    TRNSYS Message    441 : The inputs to the listed units have not converged at this timestep. The values at the last iteration will be used and the simulation will proceed.
    Reported information  : UNITS: 56  45  57  68
 
*** Warning at time       :      5733.250000
    Generated by Unit     : Not applicable or not available
    Generated by Type     : Not applicable or not available
    TRNSYS Message    441 : The inputs to the listed units have not converged at this timestep. The values at the last iteration will be used and the simulation will proceed.
    Reported information  : UNITS: 56  45  57  68
 
*** Warning at time       :      5734.000000
    Generated by Unit     : Not applicable or not available
    Generated by Type     : Not applicable or not available
    TRNSYS Message    441 : The inputs to the listed units have not converged at this timestep. The values at the last iteration will be used and the simulation will proceed.
    Reported information  : UNITS: 56  37  38  39  43  48  49  50  54  60  61  62  66
 
*** Warning at time       :      5744.250000
    Generated by Unit     : Not applicable or not available
    Generated by Type     : Not applicable or not available
    TRNSYS Message    441 : The inputs to the listed units have not converged at this timestep. The values at the last iteration will be used and the simulation will proceed.
    Reported information  : UNITS: 56  30  32  36  37  38  39  40  41  42  43  44  45  46  47  48  49  50  51  52  53  54  55  57  58  59  60  61  62  63  64  65  66  67  68  69  70
 
*** Warning at time       :      5744.750000
    Generated by Unit     : Not applicable or not available
    Generated by Type     : Not applicable or not available
    TRNSYS Message    441 : The inputs to the listed units have not converged at this timestep. The values at the last iteration will be used and the simulation will proceed.
    Reported information  : UNITS: 56  30  32  36  37  38  39  40  41  42  43  44  45  46  47  48  49  50  51  52  53  54  55  57  58  59  60  61  62  63  64  65  66  67  68  69  70
 
*** Warning at time       :      5747.750000
    Generated by Unit     : Not applicable or not available
    Generated by Type     : Not applicable or not available
    TRNSYS Message    441 : The inputs to the listed units have not converged at this timestep. The values at the last iteration will be used and the simulation will proceed.
    Reported information  : UNITS: 56  45  57  68
 
*** Warning at time       :      5748.250000
    Generated by Unit     : Not applicable or not available
    Generated by Type     : Not applicable or not available
    TRNSYS Message    441 : The inputs to the listed units have not converged at this timestep. The values at the last iteration will be used and the simulation will proceed.
    Reported information  : UNITS: 56  45  57  68
 
*** Warning at time       :      5749.000000
    Generated by Unit     : Not applicable or not available
    Generated by Type     : Not applicable or not available
    TRNSYS Message    441 : The inputs to the listed units have not converged at this timestep. The values at the last iteration will be used and the simulation will proceed.
    Reported information  : UNITS: 56  45  57  68
 
*** Warning at time       :      5749.500000
    Generated by Unit     : Not applicable or not available
    Generated by Type     : Not applicable or not available
    TRNSYS Message    441 : The inputs to the listed units have not converged at this timestep. The values at the last iteration will be used and the simulation will proceed.
    Reported information  : UNITS: 56  45  57  68
 
*** Warning at time       :      5750.250000
    Generated by Unit     : Not applicable or not available
    Generated by Type     : Not applicable or not available
    TRNSYS Message    441 : The inputs to the listed units have not converged at this timestep. The values at the last iteration will be used and the simulation will proceed.
    Reported information  : UNITS: 56  45  57  68
 
*** Warning at time       :      5750.750000
    Generated by Unit     : Not applicable or not available
    Generated by Type     : Not applicable or not available
    TRNSYS Message    441 : The inputs to the listed units have not converged at this timestep. The values at the last iteration will be used and the simulation will proceed.
    Reported information  : UNITS: 56  45  57  68
 
*** Warning at time       :      5751.500000
    Generated by Unit     : Not applicable or not available
    Generated by Type     : Not applicable or not available
    TRNSYS Message    441 : The inputs to the listed units have not converged at this timestep. The values at the last iteration will be used and the simulation will proceed.
    Reported information  : UNITS: 56  45  57  68
 
*** Warning at time       :      5752.000000
    Generated by Unit     : Not applicable or not available
    Generated by Type     : Not applicable or not available
    TRNSYS Message    441 : The inputs to the listed units have not converged at this timestep. The values at the last iteration will be used and the simulation will proceed.
    Reported information  : UNITS: 56  45  57  68
 
*** Warning at time       :      5752.750000
    Generated by Unit     : Not applicable or not available
    Generated by Type     : Not applicable or not available
    TRNSYS Message    441 : The inputs to the listed units have not converged at this timestep. The values at the last iteration will be used and the simulation will proceed.
    Reported information  : UNITS: 56  45  57  68
 
*** Warning at time       :      5753.250000
    Generated by Unit     : Not applicable or not available
    Generated by Type     : Not applicable or not available
    TRNSYS Message    441 : The inputs to the listed units have not converged at this timestep. The values at the last iteration will be used and the simulation will proceed.
    Reported information  : UNITS: 56  45  57  68
 
*** Warning at time       :      5755.500000
    Generated by Unit     : Not applicable or not available
    Generated by Type     : Not applicable or not available
    TRNSYS Message    441 : The inputs to the listed units have not converged at this timestep. The values at the last iteration will be used and the simulation will proceed.
    Reported information  : UNITS: 56  45  57  68
 
*** Warning at time       :      5756.000000
    Generated by Unit     : Not applicable or not available
    Generated by Type     : Not applicable or not available
    TRNSYS Message    441 : The inputs to the listed units have not converged at this timestep. The values at the last iteration will be used and the simulation will proceed.
    Reported information  : UNITS: 56  45  57  68
 
*** Warning at time       :      5768.250000
    Generated by Unit     : Not applicable or not available
    Generated by Type     : Not applicable or not available
    TRNSYS Message    441 : The inputs to the listed units have not converged at this timestep. The values at the last iteration will be used and the simulation will proceed.
    Reported information  : UNITS: 56  30  32  36  37  38  39  40  41  42  43  44  45  46  47  48  49  50  51  52  53  54  55  57  58  59  60  61  62  63  64  65  66  67  68  69  70
 
*** Warning at time       :      5768.750000
    Generated by Unit     : Not applicable or not available
    Generated by Type     : Not applicable or not available
    TRNSYS Message    441 : The inputs to the listed units have not converged at this timestep. The values at the last iteration will be used and the simulation will proceed.
    Reported information  : UNITS: 56  30  32  36  37  38  39  40  41  42  43  44  45  46  47  48  49  50  51  52  53  54  55  57  58  59  60  61  62  63  64  65  66  67  68  69  70
 
*** Warning at time       :      5769.000000
    Generated by Unit     : Not applicable or not available
    Generated by Type     : Not applicable or not available
    TRNSYS Message    441 : The inputs to the listed units have not converged at this timestep. The values at the last iteration will be used and the simulation will proceed.
    Reported information  : UNITS: 56  37  38  39  40  43  44  48  49  50  51  54  55  60  61  62  63  66  67
 
*** Warning at time       :      5781.750000
    Generated by Unit     : Not applicable or not available
    Generated by Type     : Not applicable or not available
    TRNSYS Message    441 : The inputs to the listed units have not converged at this timestep. The values at the last iteration will be used and the simulation will proceed.
    Reported information  : UNITS: 56  37  38  39  40  43  44  48  49  50  51  54  55  60  61  62  63  66  67
 
*** Warning at time       :      5782.000000
    Generated by Unit     : Not applicable or not available
    Generated by Type     : Not applicable or not available
    TRNSYS Message    441 : The inputs to the listed units have not converged at this timestep. The values at the last iteration will be used and the simulation will proceed.
    Reported information  : UNITS: 56  30  32  36  42  46  53  58  65  69
 
*** Warning at time       :      5792.250000
    Generated by Unit     : Not applicable or not available
    Generated by Type     : Not applicable or not available
    TRNSYS Message    441 : The inputs to the listed units have not converged at this timestep. The values at the last iteration will be used and the simulation will proceed.
    Reported information  : UNITS: 56  30  32  36  37  38  39  40  41  42  43  44  45  47  48  49  50  51  52  53  54  55  57  59  60  61  62  63  64  65  66  67  68  70
 
*** Warning at time       :      5792.500000
    Generated by Unit     : Not applicable or not available
    Generated by Type     : Not applicable or not available
    TRNSYS Message    441 : The inputs to the listed units have not converged at this timestep. The values at the last iteration will be used and the simulation will proceed.
    Reported information  : UNITS: 56  37  38  39  40  43  44  48  49  50  51  54  55  60  61  62  63  66  67
 
*** Warning at time       :      5792.750000
    Generated by Unit     : Not applicable or not available
    Generated by Type     : Not applicable or not available
    TRNSYS Message    441 : The inputs to the listed units have not converged at this timestep. The values at the last iteration will be used and the simulation will proceed.
    Reported information  : UNITS: 56  41  45  46  47  52  57  58  59  64  68  69  70
 
*** Warning at time       :      5793.000000
    Generated by Unit     : Not applicable or not available
    Generated by Type     : Not applicable or not available
    TRNSYS Message    441 : The inputs to the listed units have not converged at this timestep. The values at the last iteration will be used and the simulation will proceed.
    Reported information  : UNITS: 56  30  32  36  37  38  39  40  42  43  44  46  48  49  50  51  53  54  55  58  60  61  62  63  65  66  67  69
 
*** Warning at time       :      5793.500000
    Generated by Unit     : Not applicable or not available
    Generated by Type     : Not applicable or not available
    TRNSYS Message    441 : The inputs to the listed units have not converged at this timestep. The values at the last iteration will be used and the simulation will proceed.
    Reported information  : UNITS: 56  46  58  69
 
*** Warning at time       :      5795.250000
    Generated by Unit     : Not applicable or not available
    Generated by Type     : Not applicable or not available
    TRNSYS Message    441 : The inputs to the listed units have not converged at this timestep. The values at the last iteration will be used and the simulation will proceed.
    Reported information  : UNITS: 56  45  57  68
 
*** Warning at time       :      5795.750000
    Generated by Unit     : Not applicable or not available
    Generated by Type     : Not applicable or not available
    TRNSYS Message    441 : The inputs to the listed units have not converged at this timestep. The values at the last iteration will be used and the simulation will proceed.
    Reported information  : UNITS: 56  45  57  68
 
*** Warning at time       :      5797.000000
    Generated by Unit     : Not applicable or not available
    Generated by Type     : Not applicable or not available
    TRNSYS Message    441 : The inputs to the listed units have not converged at this timestep. The values at the last iteration will be used and the simulation will proceed.
    Reported information  : UNITS: 56  45  57  68
 
*** Warning at time       :      5797.500000
    Generated by Unit     : Not applicable or not available
    Generated by Type     : Not applicable or not available
    TRNSYS Message    441 : The inputs to the listed units have not converged at this timestep. The values at the last iteration will be used and the simulation will proceed.
    Reported information  : UNITS: 56  45  57  68
 
*** Warning at time       :      5799.750000
    Generated by Unit     : Not applicable or not available
    Generated by Type     : Not applicable or not available
    TRNSYS Message    441 : The inputs to the listed units have not converged at this timestep. The values at the last iteration will be used and the simulation will proceed.
    Reported information  : UNITS: 56  45  57  68
 
*** Warning at time       :      5800.250000
    Generated by Unit     : Not applicable or not available
    Generated by Type     : Not applicable or not available
    TRNSYS Message    441 : The inputs to the listed units have not converged at this timestep. The values at the last iteration will be used and the simulation will proceed.
    Reported information  : UNITS: 56  45  57  68
 
*** Warning at time       :      5802.000000
    Generated by Unit     : Not applicable or not available
    Generated by Type     : Not applicable or not available
    TRNSYS Message    441 : The inputs to the listed units have not converged at this timestep. The values at the last iteration will be used and the simulation will proceed.
    Reported information  : UNITS: 56  45  57  68
 
*** Warning at time       :      5802.500000
    Generated by Unit     : Not applicable or not available
    Generated by Type     : Not applicable or not available
    TRNSYS Message    441 : The inputs to the listed units have not converged at this timestep. The values at the last iteration will be used and the simulation will proceed.
    Reported information  : UNITS: 56  45  57  68
 
*** Warning at time       :      5804.250000
    Generated by Unit     : Not applicable or not available
    Generated by Type     : Not applicable or not available
    TRNSYS Message    441 : The inputs to the listed units have not converged at this timestep. The values at the last iteration will be used and the simulation will proceed.
    Reported information  : UNITS: 56  45  57  68
 
*** Warning at time       :      5804.750000
    Generated by Unit     : Not applicable or not available
    Generated by Type     : Not applicable or not available
    TRNSYS Message    441 : The inputs to the listed units have not converged at this timestep. The values at the last iteration will be used and the simulation will proceed.
    Reported information  : UNITS: 56  45  57  68
 
*** Warning at time       :      5816.250000
    Generated by Unit     : Not applicable or not available
    Generated by Type     : Not applicable or not available
    TRNSYS Message    441 : The inputs to the listed units have not converged at this timestep. The values at the last iteration will be used and the simulation will proceed.
    Reported information  : UNITS: 56  30  32  36  37  38  39  40  41  42  43  44  45  46  47  48  49  50  51  52  53  54  55  57  58  59  60  61  62  63  64  65  66  67  68  69  70
 
*** Warning at time       :      5816.500000
    Generated by Unit     : Not applicable or not available
    Generated by Type     : Not applicable or not available
    TRNSYS Message    441 : The inputs to the listed units have not converged at this timestep. The values at the last iteration will be used and the simulation will proceed.
    Reported information  : UNITS: 56  37  38  39  43  48  49  50  54  60  61  62  66
 
*** Warning at time       :      5816.750000
    Generated by Unit     : Not applicable or not available
    Generated by Type     : Not applicable or not available
    TRNSYS Message    441 : The inputs to the listed units have not converged at this timestep. The values at the last iteration will be used and the simulation will proceed.
    Reported information  : UNITS: 56  30  32  36  41  42  45  46  47  52  53  57  58  59  64  65  68  69  70
 
*** Warning at time       :      5817.000000
    Generated by Unit     : Not applicable or not available
    Generated by Type     : Not applicable or not available
    TRNSYS Message    441 : The inputs to the listed units have not converged at this timestep. The values at the last iteration will be used and the simulation will proceed.
    Reported information  : UNITS: 56  37  38  39  40  43  44  48  49  50  51  54  55  60  61  62  63  66  67
 
*** Warning at time       :      5818.250000
    Generated by Unit     : Not applicable or not available
    Generated by Type     : Not applicable or not available
    TRNSYS Message    441 : The inputs to the listed units have not converged at this timestep. The values at the last iteration will be used and the simulation will proceed.
    Reported information  : UNITS: 56  45  57  68
 
*** Warning at time       :      5818.750000
    Generated by Unit     : Not applicable or not available
    Generated by Type     : Not applicable or not available
    TRNSYS Message    441 : The inputs to the listed units have not converged at this timestep. The values at the last iteration will be used and the simulation will proceed.
    Reported information  : UNITS: 56  45  57  68
 
*** Warning at time       :      5819.500000
    Generated by Unit     : Not applicable or not available
    Generated by Type     : Not applicable or not available
    TRNSYS Message    441 : The inputs to the listed units have not converged at this timestep. The values at the last iteration will be used and the simulation will proceed.
    Reported information  : UNITS: 56  45  57  68
 
*** Warning at time       :      5820.000000
    Generated by Unit     : Not applicable or not available
    Generated by Type     : Not applicable or not available
    TRNSYS Message    441 : The inputs to the listed units have not converged at this timestep. The values at the last iteration will be used and the simulation will proceed.
    Reported information  : UNITS: 56  45  57  68
 
*** Warning at time       :      5820.750000
    Generated by Unit     : Not applicable or not available
    Generated by Type     : Not applicable or not available
    TRNSYS Message    441 : The inputs to the listed units have not converged at this timestep. The values at the last iteration will be used and the simulation will proceed.
    Reported information  : UNITS: 56  45  57  68
 
*** Warning at time       :      5821.250000
    Generated by Unit     : Not applicable or not available
    Generated by Type     : Not applicable or not available
    TRNSYS Message    441 : The inputs to the listed units have not converged at this timestep. The values at the last iteration will be used and the simulation will proceed.
    Reported information  : UNITS: 56  45  57  68
 
*** Warning at time       :      5822.000000
    Generated by Unit     : Not applicable or not available
    Generated by Type     : Not applicable or not available
    TRNSYS Message    441 : The inputs to the listed units have not converged at this timestep. The values at the last iteration will be used and the simulation will proceed.
    Reported information  : UNITS: 56  45  57  68
 
*** Warning at time       :      5822.500000
    Generated by Unit     : Not applicable or not available
    Generated by Type     : Not applicable or not available
    TRNSYS Message    441 : The inputs to the listed units have not converged at this timestep. The values at the last iteration will be used and the simulation will proceed.
    Reported information  : UNITS: 56  45  57  68
 
*** Warning at time       :      5823.250000
    Generated by Unit     : Not applicable or not available
    Generated by Type     : Not applicable or not available
    TRNSYS Message    441 : The inputs to the listed units have not converged at this timestep. The values at the last iteration will be used and the simulation will proceed.
    Reported information  : UNITS: 56  45  57  68
 
*** Warning at time       :      5823.750000
    Generated by Unit     : Not applicable or not available
    Generated by Type     : Not applicable or not available
    TRNSYS Message    441 : The inputs to the listed units have not converged at this timestep. The values at the last iteration will be used and the simulation will proceed.
    Reported information  : UNITS: 56  45  57  68
 
*** Warning at time       :      5824.500000
    Generated by Unit     : Not applicable or not available
    Generated by Type     : Not applicable or not available
    TRNSYS Message    441 : The inputs to the listed units have not converged at this timestep. The values at the last iteration will be used and the simulation will proceed.
    Reported information  : UNITS: 56  45  57  68
 
*** Warning at time       :      5825.000000
    Generated by Unit     : Not applicable or not available
    Generated by Type     : Not applicable or not available
    TRNSYS Message    441 : The inputs to the listed units have not converged at this timestep. The values at the last iteration will be used and the simulation will proceed.
    Reported information  : UNITS: 56  45  57  68
 
*** Warning at time       :      5825.750000
    Generated by Unit     : Not applicable or not available
    Generated by Type     : Not applicable or not available
    TRNSYS Message    441 : The inputs to the listed units have not converged at this timestep. The values at the last iteration will be used and the simulation will proceed.
    Reported information  : UNITS: 56  45  57  68
 
*** Warning at time       :      5826.250000
    Generated by Unit     : Not applicable or not available
    Generated by Type     : Not applicable or not available
    TRNSYS Message    441 : The inputs to the listed units have not converged at this timestep. The values at the last iteration will be used and the simulation will proceed.
    Reported information  : UNITS: 56  45  57  68
 
*** Warning at time       :      5828.000000
    Generated by Unit     : Not applicable or not available
    Generated by Type     : Not applicable or not available
    TRNSYS Message    441 : The inputs to the listed units have not converged at this timestep. The values at the last iteration will be used and the simulation will proceed.
    Reported information  : UNITS: 56  45  57  68
 
*** Warning at time       :      5828.500000
    Generated by Unit     : Not applicable or not available
    Generated by Type     : Not applicable or not available
    TRNSYS Message    441 : The inputs to the listed units have not converged at this timestep. The values at the last iteration will be used and the simulation will proceed.
    Reported information  : UNITS: 56  45  57  68
 
*** Warning at time       :      5830.000000
    Generated by Unit     : Not applicable or not available
    Generated by Type     : Not applicable or not available
    TRNSYS Message    441 : The inputs to the listed units have not converged at this timestep. The values at the last iteration will be used and the simulation will proceed.
    Reported information  : UNITS: 56  30  32  36  42  46  53  58  65  69
 
*** Warning at time       :      5888.250000
    Generated by Unit     : Not applicable or not available
    Generated by Type     : Not applicable or not available
    TRNSYS Message    441 : The inputs to the listed units have not converged at this timestep. The values at the last iteration will be used and the simulation will proceed.
    Reported information  : UNITS: 56  30  32  36  37  38  39  40  41  42  43  44  45  46  47  48  49  50  51  52  53  54  55  57  58  59  60  61  62  63  64  65  66  67  68  69  70
 
*** Warning at time       :      5888.500000
    Generated by Unit     : Not applicable or not available
    Generated by Type     : Not applicable or not available
    TRNSYS Message    441 : The inputs to the listed units have not converged at this timestep. The values at the last iteration will be used and the simulation will proceed.
    Reported information  : UNITS: 56  37  38  39  48  49  50  60  61  62
 
*** Warning at time       :      5888.750000
    Generated by Unit     : Not applicable or not available
    Generated by Type     : Not applicable or not available
    TRNSYS Message    441 : The inputs to the listed units have not converged at this timestep. The values at the last iteration will be used and the simulation will proceed.
    Reported information  : UNITS: 56  30  32  36  41  42  45  46  47  52  53  57  58  59  64  65  68  69  70
 
*** Warning at time       :      5889.000000
    Generated by Unit     : Not applicable or not available
    Generated by Type     : Not applicable or not available
    TRNSYS Message    441 : The inputs to the listed units have not converged at this timestep. The values at the last iteration will be used and the simulation will proceed.
    Reported information  : UNITS: 56  30  32  36  37  40  42  43  44  46  48  51  53  54  55  58  60  63  65  66  67  69
 
*** Warning at time       :      5889.250000
    Generated by Unit     : Not applicable or not available
    Generated by Type     : Not applicable or not available
    TRNSYS Message    441 : The inputs to the listed units have not converged at this timestep. The values at the last iteration will be used and the simulation will proceed.
    Reported information  : UNITS: 56  37  38  39  48  49  50  60  61  62
 
*** Warning at time       :      5894.250000
    Generated by Unit     : Not applicable or not available
    Generated by Type     : Not applicable or not available
    TRNSYS Message    441 : The inputs to the listed units have not converged at this timestep. The values at the last iteration will be used and the simulation will proceed.
    Reported information  : UNITS: 56  45  57  68
 
*** Warning at time       :      5894.750000
    Generated by Unit     : Not applicable or not available
    Generated by Type     : Not applicable or not available
    TRNSYS Message    441 : The inputs to the listed units have not converged at this timestep. The values at the last iteration will be used and the simulation will proceed.
    Reported information  : UNITS: 56  45  57  68
 
*** Warning at time       :      5912.250000
    Generated by Unit     : Not applicable or not available
    Generated by Type     : Not applicable or not available
    TRNSYS Message    441 : The inputs to the listed units have not converged at this timestep. The values at the last iteration will be used and the simulation will proceed.
    Reported information  : UNITS: 56  30  32  36  37  38  39  41  42  43  44  45  46  47  48  49  50  52  53  54  55  57  58  59  60  61  62  64  65  66  67  68  70
 
*** Warning at time       :      5912.500000
    Generated by Unit     : Not applicable or not available
    Generated by Type     : Not applicable or not available
    TRNSYS Message    441 : The inputs to the listed units have not converged at this timestep. The values at the last iteration will be used and the simulation will proceed.
    Reported information  : UNITS: 56  37  38  48  49  60  61
 
*** Warning at time       :      5912.750000
    Generated by Unit     : Not applicable or not available
    Generated by Type     : Not applicable or not available
    TRNSYS Message    441 : The inputs to the listed units have not converged at this timestep. The values at the last iteration will be used and the simulation will proceed.
    Reported information  : UNITS: 56  30  32  36  40  41  42  44  45  46  47  51  52  53  55  57  58  59  63  64  65  67  68  69  70
 
*** Warning at time       :      5913.000000
    Generated by Unit     : Not applicable or not available
    Generated by Type     : Not applicable or not available
    TRNSYS Message    441 : The inputs to the listed units have not converged at this timestep. The values at the last iteration will be used and the simulation will proceed.
    Reported information  : UNITS: 56  37  38  39  40  43  44  48  49  50  51  54  55  60  61  62  63  66  67
 
*** Warning at time       :      5913.500000
    Generated by Unit     : Not applicable or not available
    Generated by Type     : Not applicable or not available
    TRNSYS Message    441 : The inputs to the listed units have not converged at this timestep. The values at the last iteration will be used and the simulation will proceed.
    Reported information  : UNITS: 56  40  44  51  55  63  67
 
*** Warning at time       :      5915.250000
    Generated by Unit     : Not applicable or not available
    Generated by Type     : Not applicable or not available
    TRNSYS Message    441 : The inputs to the listed units have not converged at this timestep. The values at the last iteration will be used and the simulation will proceed.
    Reported information  : UNITS: 56  45  57  68
 
*** Warning at time       :      5916.000000
    Generated by Unit     : Not applicable or not available
    Generated by Type     : Not applicable or not available
    TRNSYS Message    441 : The inputs to the listed units have not converged at this timestep. The values at the last iteration will be used and the simulation will proceed.
    Reported information  : UNITS: 56  45  57  68
 
*** Warning at time       :      5916.500000
    Generated by Unit     : Not applicable or not available
    Generated by Type     : Not applicable or not available
    TRNSYS Message    441 : The inputs to the listed units have not converged at this timestep. The values at the last iteration will be used and the simulation will proceed.
    Reported information  : UNITS: 56  45  57  68
 
*** Warning at time       :      5917.250000
    Generated by Unit     : Not applicable or not available
    Generated by Type     : Not applicable or not available
    TRNSYS Message    441 : The inputs to the listed units have not converged at this timestep. The values at the last iteration will be used and the simulation will proceed.
    Reported information  : UNITS: 56  45  57  68
 
*** Warning at time       :      5917.750000
    Generated by Unit     : Not applicable or not available
    Generated by Type     : Not applicable or not available
    TRNSYS Message    441 : The inputs to the listed units have not converged at this timestep. The values at the last iteration will be used and the simulation will proceed.
    Reported information  : UNITS: 56  45  57  68
 
*** Warning at time       :      5918.500000
    Generated by Unit     : Not applicable or not available
    Generated by Type     : Not applicable or not available
    TRNSYS Message    441 : The inputs to the listed units have not converged at this timestep. The values at the last iteration will be used and the simulation will proceed.
    Reported information  : UNITS: 56  45  57  68
 
*** Warning at time       :      5919.250000
    Generated by Unit     : Not applicable or not available
    Generated by Type     : Not applicable or not available
    TRNSYS Message    441 : The inputs to the listed units have not converged at this timestep. The values at the last iteration will be used and the simulation will proceed.
    Reported information  : UNITS: 56  45  57  68
 
*** Warning at time       :      5919.750000
    Generated by Unit     : Not applicable or not available
    Generated by Type     : Not applicable or not available
    TRNSYS Message    441 : The inputs to the listed units have not converged at this timestep. The values at the last iteration will be used and the simulation will proceed.
    Reported information  : UNITS: 56  45  57  68
 
*** Warning at time       :      5920.500000
    Generated by Unit     : Not applicable or not available
    Generated by Type     : Not applicable or not available
    TRNSYS Message    441 : The inputs to the listed units have not converged at this timestep. The values at the last iteration will be used and the simulation will proceed.
    Reported information  : UNITS: 56  45  57  68
 
*** Warning at time       :      5921.000000
    Generated by Unit     : Not applicable or not available
    Generated by Type     : Not applicable or not available
    TRNSYS Message    441 : The inputs to the listed units have not converged at this timestep. The values at the last iteration will be used and the simulation will proceed.
    Reported information  : UNITS: 56  45  57  68
 
*** Warning at time       :      5921.750000
    Generated by Unit     : Not applicable or not available
    Generated by Type     : Not applicable or not available
    TRNSYS Message    441 : The inputs to the listed units have not converged at this timestep. The values at the last iteration will be used and the simulation will proceed.
    Reported information  : UNITS: 56  45  57  68
 
*** Warning at time       :      5922.250000
    Generated by Unit     : Not applicable or not available
    Generated by Type     : Not applicable or not available
    TRNSYS Message    441 : The inputs to the listed units have not converged at this timestep. The values at the last iteration will be used and the simulation will proceed.
    Reported information  : UNITS: 56  45  57  68
 
*** Warning at time       :      5923.500000
    Generated by Unit     : Not applicable or not available
    Generated by Type     : Not applicable or not available
    TRNSYS Message    441 : The inputs to the listed units have not converged at this timestep. The values at the last iteration will be used and the simulation will proceed.
    Reported information  : UNITS: 56  45  57  68
 
*** Warning at time       :      5924.000000
    Generated by Unit     : Not applicable or not available
    Generated by Type     : Not applicable or not available
    TRNSYS Message    441 : The inputs to the listed units have not converged at this timestep. The values at the last iteration will be used and the simulation will proceed.
    Reported information  : UNITS: 56  45  57  68
 
*** Warning at time       :      5936.250000
    Generated by Unit     : Not applicable or not available
    Generated by Type     : Not applicable or not available
    TRNSYS Message    441 : The inputs to the listed units have not converged at this timestep. The values at the last iteration will be used and the simulation will proceed.
    Reported information  : UNITS: 56  37  38  39  40  41  42  43  44  45  46  47  48  49  50  51  52  53  54  55  57  58  59  60  61  62  63  64  65  66  67  68  69  70
 
*** Warning at time       :      5936.500000
    Generated by Unit     : Not applicable or not available
    Generated by Type     : Not applicable or not available
    TRNSYS Message    441 : The inputs to the listed units have not converged at this timestep. The values at the last iteration will be used and the simulation will proceed.
    Reported information  : UNITS: 56  37  38  39  40  43  44  48  49  50  51  54  55  60  61  62  63  66  67
 
*** Warning at time       :      5936.750000
    Generated by Unit     : Not applicable or not available
    Generated by Type     : Not applicable or not available
    TRNSYS Message    441 : The inputs to the listed units have not converged at this timestep. The values at the last iteration will be used and the simulation will proceed.
    Reported information  : UNITS: 56  30  32  36  41  42  45  46  47  52  53  57  58  59  64  65  68  69  70
 
*** Warning at time       :      5937.000000
    Generated by Unit     : Not applicable or not available
    Generated by Type     : Not applicable or not available
    TRNSYS Message    441 : The inputs to the listed units have not converged at this timestep. The values at the last iteration will be used and the simulation will proceed.
    Reported information  : UNITS: 56  30  32  36  37  38  39  40  42  43  44  46  48  49  50  51  53  54  55  58  60  61  62  63  65  66  67  69
 
*** Warning at time       :      5937.250000
    Generated by Unit     : Not applicable or not available
    Generated by Type     : Not applicable or not available
    TRNSYS Message    441 : The inputs to the listed units have not converged at this timestep. The values at the last iteration will be used and the simulation will proceed.
    Reported information  : UNITS: 56  37  38  39  43  48  49  50  54  60  61  62  66
 
*** Warning at time       :      5940.750000
    Generated by Unit     : Not applicable or not available
    Generated by Type     : Not applicable or not available
    TRNSYS Message    441 : The inputs to the listed units have not converged at this timestep. The values at the last iteration will be used and the simulation will proceed.
    Reported information  : UNITS: 56  45  57  68
 
*** Warning at time       :      5941.250000
    Generated by Unit     : Not applicable or not available
    Generated by Type     : Not applicable or not available
    TRNSYS Message    441 : The inputs to the listed units have not converged at this timestep. The values at the last iteration will be used and the simulation will proceed.
    Reported information  : UNITS: 56  45  57  68
 
*** Warning at time       :      5942.000000
    Generated by Unit     : Not applicable or not available
    Generated by Type     : Not applicable or not available
    TRNSYS Message    441 : The inputs to the listed units have not converged at this timestep. The values at the last iteration will be used and the simulation will proceed.
    Reported information  : UNITS: 56  45  57  68
 
*** Warning at time       :      5942.500000
    Generated by Unit     : Not applicable or not available
    Generated by Type     : Not applicable or not available
    TRNSYS Message    441 : The inputs to the listed units have not converged at this timestep. The values at the last iteration will be used and the simulation will proceed.
    Reported information  : UNITS: 56  45  57  68
 
*** Warning at time       :      5943.750000
    Generated by Unit     : Not applicable or not available
    Generated by Type     : Not applicable or not available
    TRNSYS Message    441 : The inputs to the listed units have not converged at this timestep. The values at the last iteration will be used and the simulation will proceed.
    Reported information  : UNITS: 56  45  57  68
 
*** Warning at time       :      5944.250000
    Generated by Unit     : Not applicable or not available
    Generated by Type     : Not applicable or not available
    TRNSYS Message    441 : The inputs to the listed units have not converged at this timestep. The values at the last iteration will be used and the simulation will proceed.
    Reported information  : UNITS: 56  45  57  68
 
*** Warning at time       :      5960.250000
    Generated by Unit     : Not applicable or not available
    Generated by Type     : Not applicable or not available
    TRNSYS Message    441 : The inputs to the listed units have not converged at this timestep. The values at the last iteration will be used and the simulation will proceed.
    Reported information  : UNITS: 56  30  32  36  37  38  39  40  41  42  43  44  45  46  47  48  49  50  51  52  53  54  55  57  58  59  60  61  62  63  64  65  66  67  68  69  70
 
*** Warning at time       :      5960.500000
    Generated by Unit     : Not applicable or not available
    Generated by Type     : Not applicable or not available
    TRNSYS Message    441 : The inputs to the listed units have not converged at this timestep. The values at the last iteration will be used and the simulation will proceed.
    Reported information  : UNITS: 56  30  32  36  37  38  39  40  42  43  44  46  48  49  50  51  53  54  55  58  60  61  62  63  65  66  67  69
 
*** Warning at time       :      5961.000000
    Generated by Unit     : Not applicable or not available
    Generated by Type     : Not applicable or not available
    TRNSYS Message    441 : The inputs to the listed units have not converged at this timestep. The values at the last iteration will be used and the simulation will proceed.
    Reported information  : UNITS: 56  45  57  68
 
*** Warning at time       :      5961.250000
    Generated by Unit     : Not applicable or not available
    Generated by Type     : Not applicable or not available
    TRNSYS Message    441 : The inputs to the listed units have not converged at this timestep. The values at the last iteration will be used and the simulation will proceed.
    Reported information  : UNITS: 56  30  32  36  37  38  39  40  42  43  44  45  46  48  49  50  51  53  54  55  57  58  60  61  62  63  65  66  67  68  69
 
*** Warning at time       :      5984.250000
    Generated by Unit     : Not applicable or not available
    Generated by Type     : Not applicable or not available
    TRNSYS Message    441 : The inputs to the listed units have not converged at this timestep. The values at the last iteration will be used and the simulation will proceed.
    Reported information  : UNITS: 56  30  32  36  41  42  44  45  46  47  52  53  55  57  58  59  64  65  67  68  69  70
 
*** Warning at time       :      5984.500000
    Generated by Unit     : Not applicable or not available
    Generated by Type     : Not applicable or not available
    TRNSYS Message    441 : The inputs to the listed units have not converged at this timestep. The values at the last iteration will be used and the simulation will proceed.
    Reported information  : UNITS: 56  30  32  36  40  41  42  44  45  46  47  51  52  53  55  57  58  59  63  64  65  67  68  69  70
 
*** Warning at time       :      5984.750000
    Generated by Unit     : Not applicable or not available
    Generated by Type     : Not applicable or not available
    TRNSYS Message    441 : The inputs to the listed units have not converged at this timestep. The values at the last iteration will be used and the simulation will proceed.
    Reported information  : UNITS: 56  40  43  51  54  63  66
 
*** Warning at time       :      5985.000000
    Generated by Unit     : Not applicable or not available
    Generated by Type     : Not applicable or not available
    TRNSYS Message    441 : The inputs to the listed units have not converged at this timestep. The values at the last iteration will be used and the simulation will proceed.
    Reported information  : UNITS: 56  37  43  48  54  60  66
 
*** Warning at time       :      5985.250000
    Generated by Unit     : Not applicable or not available
    Generated by Type     : Not applicable or not available
    TRNSYS Message    441 : The inputs to the listed units have not converged at this timestep. The values at the last iteration will be used and the simulation will proceed.
    Reported information  : UNITS: 56  30  32  36  37  38  39  41  42  44  45  46  47  48  49  50  52  53  55  57  58  59  60  61  62  64  65  67  68  69  70
 
*** Warning at time       :      5985.500000
    Generated by Unit     : Not applicable or not available
    Generated by Type     : Not applicable or not available
    TRNSYS Message    441 : The inputs to the listed units have not converged at this timestep. The values at the last iteration will be used and the simulation will proceed.
    Reported information  : UNITS: 56  30  32  36  38  39  40  42  44  49  50  51  53  55  61  62  63  65  67
 
*** Warning at time       :      5985.750000
    Generated by Unit     : Not applicable or not available
    Generated by Type     : Not applicable or not available
    TRNSYS Message    441 : The inputs to the listed units have not converged at this timestep. The values at the last iteration will be used and the simulation will proceed.
    Reported information  : UNITS: 56  37  48  60
 
*** Warning at time       :      5997.500000
    Generated by Unit     : Not applicable or not available
    Generated by Type     : Not applicable or not available
    TRNSYS Message    441 : The inputs to the listed units have not converged at this timestep. The values at the last iteration will be used and the simulation will proceed.
    Reported information  : UNITS: 56  38  49  61
 
*** Warning at time       :      5997.750000
    Generated by Unit     : Not applicable or not available
    Generated by Type     : Not applicable or not available
    TRNSYS Message    441 : The inputs to the listed units have not converged at this timestep. The values at the last iteration will be used and the simulation will proceed.
    Reported information  : UNITS: 56  30  32  36  38  40  42  43  47  49  51  53  54  59  61  63  65  66  70
 
*** Warning at time       :      5998.000000
    Generated by Unit     : Not applicable or not available
    Generated by Type     : Not applicable or not available
    TRNSYS Message    441 : The inputs to the listed units have not converged at this timestep. The values at the last iteration will be used and the simulation will proceed.
    Reported information  : UNITS: 56  30  32  36  41  43  44  45  46  52  54  55  57  58  64  66  67  68  69
 
*** Warning at time       :      6069.750000
    Generated by Unit     : Not applicable or not available
    Generated by Type     : Not applicable or not available
    TRNSYS Message    441 : The inputs to the listed units have not converged at this timestep. The values at the last iteration will be used and the simulation will proceed.
    Reported information  : UNITS: 56  45  57  68
 
*** Warning at time       :      6082.500000
    Generated by Unit     : Not applicable or not available
    Generated by Type     : Not applicable or not available
    TRNSYS Message    441 : The inputs to the listed units have not converged at this timestep. The values at the last iteration will be used and the simulation will proceed.
    Reported information  : UNITS: 56  45  57  68
 
*** Warning at time       :      6083.250000
    Generated by Unit     : Not applicable or not available
    Generated by Type     : Not applicable or not available
    TRNSYS Message    441 : The inputs to the listed units have not converged at this timestep. The values at the last iteration will be used and the simulation will proceed.
    Reported information  : UNITS: 56  45  57  68
 
*** Warning at time       :      6084.000000
    Generated by Unit     : Not applicable or not available
    Generated by Type     : Not applicable or not available
    TRNSYS Message    441 : The inputs to the listed units have not converged at this timestep. The values at the last iteration will be used and the simulation will proceed.
    Reported information  : UNITS: 56  45  57  68
 
*** Warning at time       :      6084.750000
    Generated by Unit     : Not applicable or not available
    Generated by Type     : Not applicable or not available
    TRNSYS Message    441 : The inputs to the listed units have not converged at this timestep. The values at the last iteration will be used and the simulation will proceed.
    Reported information  : UNITS: 56  45  57  68
 
*** Warning at time       :      6090.000000
    Generated by Unit     : Not applicable or not available
    Generated by Type     : Not applicable or not available
    TRNSYS Message    441 : The inputs to the listed units have not converged at this timestep. The values at the last iteration will be used and the simulation will proceed.
    Reported information  : UNITS: 56  45  57  68
 
*** Warning at time       :      6090.750000
    Generated by Unit     : Not applicable or not available
    Generated by Type     : Not applicable or not available
    TRNSYS Message    441 : The inputs to the listed units have not converged at this timestep. The values at the last iteration will be used and the simulation will proceed.
    Reported information  : UNITS: 56  45  57  68
 
*** Warning at time       :      6091.500000
    Generated by Unit     : Not applicable or not available
    Generated by Type     : Not applicable or not available
    TRNSYS Message    441 : The inputs to the listed units have not converged at this timestep. The values at the last iteration will be used and the simulation will proceed.
    Reported information  : UNITS: 56  45  57  68
 
*** Warning at time       :      6092.250000
    Generated by Unit     : Not applicable or not available
    Generated by Type     : Not applicable or not available
    TRNSYS Message    441 : The inputs to the listed units have not converged at this timestep. The values at the last iteration will be used and the simulation will proceed.
    Reported information  : UNITS: 56  45  57  68
 
*** Warning at time       :      6093.000000
    Generated by Unit     : Not applicable or not available
    Generated by Type     : Not applicable or not available
    TRNSYS Message    441 : The inputs to the listed units have not converged at this timestep. The values at the last iteration will be used and the simulation will proceed.
    Reported information  : UNITS: 56  45  57  68
 
*** Warning at time       :      6094.000000
    Generated by Unit     : Not applicable or not available
    Generated by Type     : Not applicable or not available
    TRNSYS Message    441 : The inputs to the listed units have not converged at this timestep. The values at the last iteration will be used and the simulation will proceed.
    Reported information  : UNITS: 56  45  57  68
 
*** Warning at time       :      6105.500000
    Generated by Unit     : Not applicable or not available
    Generated by Type     : Not applicable or not available
    TRNSYS Message    441 : The inputs to the listed units have not converged at this timestep. The values at the last iteration will be used and the simulation will proceed.
    Reported information  : UNITS: 56  30  32  36  37  38  39  40  41  42  43  44  45  46  47  48  49  50  51  52  53  54  55  57  58  59  60  61  62  63  64  65  66  67  68  69  70
 
*** Warning at time       :      6105.750000
    Generated by Unit     : Not applicable or not available
    Generated by Type     : Not applicable or not available
    TRNSYS Message    441 : The inputs to the listed units have not converged at this timestep. The values at the last iteration will be used and the simulation will proceed.
    Reported information  : UNITS: 56  37  38  39  40  41  48  49  50  51  52  60  61  62  63  64
 
*** Warning at time       :      6106.250000
    Generated by Unit     : Not applicable or not available
    Generated by Type     : Not applicable or not available
    TRNSYS Message    441 : The inputs to the listed units have not converged at this timestep. The values at the last iteration will be used and the simulation will proceed.
    Reported information  : UNITS: 56  45  57  68
 
*** Warning at time       :      6107.000000
    Generated by Unit     : Not applicable or not available
    Generated by Type     : Not applicable or not available
    TRNSYS Message    441 : The inputs to the listed units have not converged at this timestep. The values at the last iteration will be used and the simulation will proceed.
    Reported information  : UNITS: 56  45  57  68
 
*** Warning at time       :      6107.750000
    Generated by Unit     : Not applicable or not available
    Generated by Type     : Not applicable or not available
    TRNSYS Message    441 : The inputs to the listed units have not converged at this timestep. The values at the last iteration will be used and the simulation will proceed.
    Reported information  : UNITS: 56  45  57  68
 
*** Warning at time       :      6113.750000
    Generated by Unit     : Not applicable or not available
    Generated by Type     : Not applicable or not available
    TRNSYS Message    441 : The inputs to the listed units have not converged at this timestep. The values at the last iteration will be used and the simulation will proceed.
    Reported information  : UNITS: 56  45  57  68
 
*** Warning at time       :      6115.000000
    Generated by Unit     : Not applicable or not available
    Generated by Type     : Not applicable or not available
    TRNSYS Message    441 : The inputs to the listed units have not converged at this timestep. The values at the last iteration will be used and the simulation will proceed.
    Reported information  : UNITS: 56  45  57  68
 
*** Warning at time       :      6115.750000
    Generated by Unit     : Not applicable or not available
    Generated by Type     : Not applicable or not available
    TRNSYS Message    441 : The inputs to the listed units have not converged at this timestep. The values at the last iteration will be used and the simulation will proceed.
    Reported information  : UNITS: 56  45  57  68
 
*** Warning at time       :      6117.000000
    Generated by Unit     : Not applicable or not available
    Generated by Type     : Not applicable or not available
    TRNSYS Message    441 : The inputs to the listed units have not converged at this timestep. The values at the last iteration will be used and the simulation will proceed.
    Reported information  : UNITS: 56  45  57  68
 
*** Warning at time       :      6117.750000
    Generated by Unit     : Not applicable or not available
    Generated by Type     : Not applicable or not available
    TRNSYS Message    441 : The inputs to the listed units have not converged at this timestep. The values at the last iteration will be used and the simulation will proceed.
    Reported information  : UNITS: 56  45  57  68
 
*** Warning at time       :      6118.000000
    Generated by Unit     : Not applicable or not available
    Generated by Type     : Not applicable or not available
    TRNSYS Message    441 : The inputs to the listed units have not converged at this timestep. The values at the last iteration will be used and the simulation will proceed.
    Reported information  : UNITS: 56  37  38  39  40  41  43  44  45  46  47  48  49  50  51  52  54  55  57  58  59  60  61  62  63  64  66  67  68  69  70
 
*** Warning at time       :      6129.500000
    Generated by Unit     : Not applicable or not available
    Generated by Type     : Not applicable or not available
    TRNSYS Message    441 : The inputs to the listed units have not converged at this timestep. The values at the last iteration will be used and the simulation will proceed.
    Reported information  : UNITS: 56  30  32  36  37  38  39  40  41  42  43  44  45  46  47  48  49  50  51  52  53  54  55  57  58  59  60  61  62  63  64  65  66  67  68  69  70
 
*** Warning at time       :      6129.750000
    Generated by Unit     : Not applicable or not available
    Generated by Type     : Not applicable or not available
    TRNSYS Message    441 : The inputs to the listed units have not converged at this timestep. The values at the last iteration will be used and the simulation will proceed.
    Reported information  : UNITS: 56  37  38  39  40  41  48  49  50  51  52  60  61  62  63  64
 
*** Warning at time       :      6130.250000
    Generated by Unit     : Not applicable or not available
    Generated by Type     : Not applicable or not available
    TRNSYS Message    441 : The inputs to the listed units have not converged at this timestep. The values at the last iteration will be used and the simulation will proceed.
    Reported information  : UNITS: 56  45  57  68
 
*** Warning at time       :      6131.000000
    Generated by Unit     : Not applicable or not available
    Generated by Type     : Not applicable or not available
    TRNSYS Message    441 : The inputs to the listed units have not converged at this timestep. The values at the last iteration will be used and the simulation will proceed.
    Reported information  : UNITS: 56  45  57  68
 
*** Warning at time       :      6138.250000
    Generated by Unit     : Not applicable or not available
    Generated by Type     : Not applicable or not available
    TRNSYS Message    441 : The inputs to the listed units have not converged at this timestep. The values at the last iteration will be used and the simulation will proceed.
    Reported information  : UNITS: 56  45  57  68
 
*** Warning at time       :      6139.000000
    Generated by Unit     : Not applicable or not available
    Generated by Type     : Not applicable or not available
    TRNSYS Message    441 : The inputs to the listed units have not converged at this timestep. The values at the last iteration will be used and the simulation will proceed.
    Reported information  : UNITS: 56  45  57  68
 
*** Warning at time       :      6140.750000
    Generated by Unit     : Not applicable or not available
    Generated by Type     : Not applicable or not available
    TRNSYS Message    441 : The inputs to the listed units have not converged at this timestep. The values at the last iteration will be used and the simulation will proceed.
    Reported information  : UNITS: 56  45  57  68
 
*** Warning at time       :      6141.500000
    Generated by Unit     : Not applicable or not available
    Generated by Type     : Not applicable or not available
    TRNSYS Message    441 : The inputs to the listed units have not converged at this timestep. The values at the last iteration will be used and the simulation will proceed.
    Reported information  : UNITS: 56  45  57  68
 
*** Warning at time       :      6141.750000
    Generated by Unit     : Not applicable or not available
    Generated by Type     : Not applicable or not available
    TRNSYS Message    441 : The inputs to the listed units have not converged at this timestep. The values at the last iteration will be used and the simulation will proceed.
    Reported information  : UNITS: 56  45  57  68
 
*** Warning at time       :      6142.000000
    Generated by Unit     : Not applicable or not available
    Generated by Type     : Not applicable or not available
    TRNSYS Message    441 : The inputs to the listed units have not converged at this timestep. The values at the last iteration will be used and the simulation will proceed.
    Reported information  : UNITS: 56  42  43  44  46  47  53  54  55  58  59  65  66  67  69  70
 
*** Warning at time       :      6153.250000
    Generated by Unit     : Not applicable or not available
    Generated by Type     : Not applicable or not available
    TRNSYS Message    441 : The inputs to the listed units have not converged at this timestep. The values at the last iteration will be used and the simulation will proceed.
    Reported information  : UNITS: 56  30  32  36  41  42  45  46  47  52  53  57  58  59  64  65  68  69  70
 
*** Warning at time       :      6153.500000
    Generated by Unit     : Not applicable or not available
    Generated by Type     : Not applicable or not available
    TRNSYS Message    441 : The inputs to the listed units have not converged at this timestep. The values at the last iteration will be used and the simulation will proceed.
    Reported information  : UNITS: 56  30  32  36  37  38  39  40  41  42  43  44  45  46  47  48  49  50  51  52  53  54  55  57  58  59  60  61  62  63  64  65  66  67  68  69  70
 
*** Warning at time       :      6154.000000
    Generated by Unit     : Not applicable or not available
    Generated by Type     : Not applicable or not available
    TRNSYS Message    441 : The inputs to the listed units have not converged at this timestep. The values at the last iteration will be used and the simulation will proceed.
    Reported information  : UNITS: 56  30  32  36  41  42  46  47  52  53  58  59  64  65  69  70
 
*** Warning at time       :      6165.500000
    Generated by Unit     : Not applicable or not available
    Generated by Type     : Not applicable or not available
    TRNSYS Message    441 : The inputs to the listed units have not converged at this timestep. The values at the last iteration will be used and the simulation will proceed.
    Reported information  : UNITS: 56  45  57  68
 
*** Warning at time       :      6165.750000
    Generated by Unit     : Not applicable or not available
    Generated by Type     : Not applicable or not available
    TRNSYS Message    441 : The inputs to the listed units have not converged at this timestep. The values at the last iteration will be used and the simulation will proceed.
    Reported information  : UNITS: 56  30  32  36  37  38  39  40  41  42  43  44  45  46  47  48  49  50  51  52  53  54  55  57  58  59  60  61  62  63  64  65  66  67  68  69  70
 
*** Warning at time       :      6225.750000
    Generated by Unit     : Not applicable or not available
    Generated by Type     : Not applicable or not available
    TRNSYS Message    441 : The inputs to the listed units have not converged at this timestep. The values at the last iteration will be used and the simulation will proceed.
    Reported information  : UNITS: 56  30  32  36  37  38  39  40  41  42  43  44  45  46  47  48  49  50  51  52  53  54  55  57  58  59  60  61  62  63  64  65  66  67  68  69  70
 
*** Warning at time       :      6226.000000
    Generated by Unit     : Not applicable or not available
    Generated by Type     : Not applicable or not available
    TRNSYS Message    441 : The inputs to the listed units have not converged at this timestep. The values at the last iteration will be used and the simulation will proceed.
    Reported information  : UNITS: 56  30  32  36  37  38  39  40  41  43  44  45  46  47  48  49  50  51  52  54  55  57  58  59  60  61  62  63  64  66  67  68  69  70
 
*** Warning at time       :      6226.750000
    Generated by Unit     : Not applicable or not available
    Generated by Type     : Not applicable or not available
    TRNSYS Message    441 : The inputs to the listed units have not converged at this timestep. The values at the last iteration will be used and the simulation will proceed.
    Reported information  : UNITS: 56  45  57  68
 
*** Warning at time       :      6227.000000
    Generated by Unit     : Not applicable or not available
    Generated by Type     : Not applicable or not available
    TRNSYS Message    441 : The inputs to the listed units have not converged at this timestep. The values at the last iteration will be used and the simulation will proceed.
    Reported information  : UNITS: 56  38  39  41  47  49  50  52  59  61  62  64  70
 
*** Warning at time       :      6227.500000
    Generated by Unit     : Not applicable or not available
    Generated by Type     : Not applicable or not available
    TRNSYS Message    441 : The inputs to the listed units have not converged at this timestep. The values at the last iteration will be used and the simulation will proceed.
    Reported information  : UNITS: 56  45  57  68
 
*** Warning at time       :      6227.750000
    Generated by Unit     : Not applicable or not available
    Generated by Type     : Not applicable or not available
    TRNSYS Message    441 : The inputs to the listed units have not converged at this timestep. The values at the last iteration will be used and the simulation will proceed.
    Reported information  : UNITS: 56  45  57  68
 
*** Warning at time       :      6228.250000
    Generated by Unit     : Not applicable or not available
    Generated by Type     : Not applicable or not available
    TRNSYS Message    441 : The inputs to the listed units have not converged at this timestep. The values at the last iteration will be used and the simulation will proceed.
    Reported information  : UNITS: 56  45  57  68
 
*** Warning at time       :      6229.000000
    Generated by Unit     : Not applicable or not available
    Generated by Type     : Not applicable or not available
    TRNSYS Message    441 : The inputs to the listed units have not converged at this timestep. The values at the last iteration will be used and the simulation will proceed.
    Reported information  : UNITS: 56  45  57  68
 
*** Warning at time       :      6229.750000
    Generated by Unit     : Not applicable or not available
    Generated by Type     : Not applicable or not available
    TRNSYS Message    441 : The inputs to the listed units have not converged at this timestep. The values at the last iteration will be used and the simulation will proceed.
    Reported information  : UNITS: 56  45  57  68
 
*** Warning at time       :      6230.500000
    Generated by Unit     : Not applicable or not available
    Generated by Type     : Not applicable or not available
    TRNSYS Message    441 : The inputs to the listed units have not converged at this timestep. The values at the last iteration will be used and the simulation will proceed.
    Reported information  : UNITS: 56  45  57  68
 
*** Warning at time       :      6231.250000
    Generated by Unit     : Not applicable or not available
    Generated by Type     : Not applicable or not available
    TRNSYS Message    441 : The inputs to the listed units have not converged at this timestep. The values at the last iteration will be used and the simulation will proceed.
    Reported information  : UNITS: 56  45  57  68
 
*** Warning at time       :      6232.000000
    Generated by Unit     : Not applicable or not available
    Generated by Type     : Not applicable or not available
    TRNSYS Message    441 : The inputs to the listed units have not converged at this timestep. The values at the last iteration will be used and the simulation will proceed.
    Reported information  : UNITS: 56  45  57  68
 
*** Warning at time       :      6232.750000
    Generated by Unit     : Not applicable or not available
    Generated by Type     : Not applicable or not available
    TRNSYS Message    441 : The inputs to the listed units have not converged at this timestep. The values at the last iteration will be used and the simulation will proceed.
    Reported information  : UNITS: 56  45  57  68
 
*** Warning at time       :      6233.500000
    Generated by Unit     : Not applicable or not available
    Generated by Type     : Not applicable or not available
    TRNSYS Message    441 : The inputs to the listed units have not converged at this timestep. The values at the last iteration will be used and the simulation will proceed.
    Reported information  : UNITS: 56  45  57  68
 
*** Warning at time       :      6234.250000
    Generated by Unit     : Not applicable or not available
    Generated by Type     : Not applicable or not available
    TRNSYS Message    441 : The inputs to the listed units have not converged at this timestep. The values at the last iteration will be used and the simulation will proceed.
    Reported information  : UNITS: 56  45  57  68
 
*** Warning at time       :      6235.000000
    Generated by Unit     : Not applicable or not available
    Generated by Type     : Not applicable or not available
    TRNSYS Message    441 : The inputs to the listed units have not converged at this timestep. The values at the last iteration will be used and the simulation will proceed.
    Reported information  : UNITS: 56  45  57  68
 
*** Warning at time       :      6235.750000
    Generated by Unit     : Not applicable or not available
    Generated by Type     : Not applicable or not available
    TRNSYS Message    441 : The inputs to the listed units have not converged at this timestep. The values at the last iteration will be used and the simulation will proceed.
    Reported information  : UNITS: 56  45  57  68
 
*** Warning at time       :      6236.500000
    Generated by Unit     : Not applicable or not available
    Generated by Type     : Not applicable or not available
    TRNSYS Message    441 : The inputs to the listed units have not converged at this timestep. The values at the last iteration will be used and the simulation will proceed.
    Reported information  : UNITS: 56  45  57  68
 
*** Warning at time       :      6237.250000
    Generated by Unit     : Not applicable or not available
    Generated by Type     : Not applicable or not available
    TRNSYS Message    441 : The inputs to the listed units have not converged at this timestep. The values at the last iteration will be used and the simulation will proceed.
    Reported information  : UNITS: 56  45  57  68
 
*** Warning at time       :      6237.500000
    Generated by Unit     : Not applicable or not available
    Generated by Type     : Not applicable or not available
    TRNSYS Message    441 : The inputs to the listed units have not converged at this timestep. The values at the last iteration will be used and the simulation will proceed.
    Reported information  : UNITS: 56  38  39  40  45  49  50  51  57  61  62  63  68
 
*** Warning at time       :      6237.750000
    Generated by Unit     : Not applicable or not available
    Generated by Type     : Not applicable or not available
    TRNSYS Message    441 : The inputs to the listed units have not converged at this timestep. The values at the last iteration will be used and the simulation will proceed.
    Reported information  : UNITS: 56  30  32  36  42  43  46  47  53  54  58  59  65  66  69  70
 
*** Warning at time       :      6249.500000
    Generated by Unit     : Not applicable or not available
    Generated by Type     : Not applicable or not available
    TRNSYS Message    441 : The inputs to the listed units have not converged at this timestep. The values at the last iteration will be used and the simulation will proceed.
    Reported information  : UNITS: 56  30  32  36  37  38  39  40  41  42  43  44  45  46  47  48  49  50  51  52  53  54  55  57  58  59  60  61  62  63  64  65  66  67  68  69  70
 
*** Warning at time       :      6249.750000
    Generated by Unit     : Not applicable or not available
    Generated by Type     : Not applicable or not available
    TRNSYS Message    441 : The inputs to the listed units have not converged at this timestep. The values at the last iteration will be used and the simulation will proceed.
    Reported information  : UNITS: 56  41  47  52  59  64  70
 
*** Warning at time       :      6250.250000
    Generated by Unit     : Not applicable or not available
    Generated by Type     : Not applicable or not available
    TRNSYS Message    441 : The inputs to the listed units have not converged at this timestep. The values at the last iteration will be used and the simulation will proceed.
    Reported information  : UNITS: 56  30  32  36  37  38  39  40  41  42  43  44  45  46  47  48  49  50  51  52  53  54  55  57  58  59  60  61  62  63  64  65  66  67  68  69  70
 
*** Warning at time       :      6251.000000
    Generated by Unit     : Not applicable or not available
    Generated by Type     : Not applicable or not available
    TRNSYS Message    441 : The inputs to the listed units have not converged at this timestep. The values at the last iteration will be used and the simulation will proceed.
    Reported information  : UNITS: 56  45  47  57  59  68  70
 
*** Warning at time       :      6257.250000
    Generated by Unit     : Not applicable or not available
    Generated by Type     : Not applicable or not available
    TRNSYS Message    441 : The inputs to the listed units have not converged at this timestep. The values at the last iteration will be used and the simulation will proceed.
    Reported information  : UNITS: 56  45  57  68
 
*** Warning at time       :      6258.000000
    Generated by Unit     : Not applicable or not available
    Generated by Type     : Not applicable or not available
    TRNSYS Message    441 : The inputs to the listed units have not converged at this timestep. The values at the last iteration will be used and the simulation will proceed.
    Reported information  : UNITS: 56  45  57  68
 
*** Warning at time       :      6258.750000
    Generated by Unit     : Not applicable or not available
    Generated by Type     : Not applicable or not available
    TRNSYS Message    441 : The inputs to the listed units have not converged at this timestep. The values at the last iteration will be used and the simulation will proceed.
    Reported information  : UNITS: 56  45  57  68
 
*** Warning at time       :      6260.000000
    Generated by Unit     : Not applicable or not available
    Generated by Type     : Not applicable or not available
    TRNSYS Message    441 : The inputs to the listed units have not converged at this timestep. The values at the last iteration will be used and the simulation will proceed.
    Reported information  : UNITS: 56  45  57  68
 
*** Warning at time       :      6260.750000
    Generated by Unit     : Not applicable or not available
    Generated by Type     : Not applicable or not available
    TRNSYS Message    441 : The inputs to the listed units have not converged at this timestep. The values at the last iteration will be used and the simulation will proceed.
    Reported information  : UNITS: 56  45  57  68
 
*** Warning at time       :      6261.500000
    Generated by Unit     : Not applicable or not available
    Generated by Type     : Not applicable or not available
    TRNSYS Message    441 : The inputs to the listed units have not converged at this timestep. The values at the last iteration will be used and the simulation will proceed.
    Reported information  : UNITS: 56  45  57  68
 
*** Warning at time       :      6261.750000
    Generated by Unit     : Not applicable or not available
    Generated by Type     : Not applicable or not available
    TRNSYS Message    441 : The inputs to the listed units have not converged at this timestep. The values at the last iteration will be used and the simulation will proceed.
    Reported information  : UNITS: 56  38  39  41  43  45  46  47  49  50  52  54  57  58  59  61  62  64  66  68  69  70
 
*** Warning at time       :      6262.000000
    Generated by Unit     : Not applicable or not available
    Generated by Type     : Not applicable or not available
    TRNSYS Message    441 : The inputs to the listed units have not converged at this timestep. The values at the last iteration will be used and the simulation will proceed.
    Reported information  : UNITS: 56  42  53  65
 
*** Warning at time       :      6273.500000
    Generated by Unit     : Not applicable or not available
    Generated by Type     : Not applicable or not available
    TRNSYS Message    441 : The inputs to the listed units have not converged at this timestep. The values at the last iteration will be used and the simulation will proceed.
    Reported information  : UNITS: 56  30  32  36  37  38  39  40  41  42  43  44  45  46  47  48  49  50  51  52  53  54  55  57  58  59  60  61  62  63  64  65  66  67  68  69  70
 
*** Warning at time       :      6274.250000
    Generated by Unit     : Not applicable or not available
    Generated by Type     : Not applicable or not available
    TRNSYS Message    441 : The inputs to the listed units have not converged at this timestep. The values at the last iteration will be used and the simulation will proceed.
    Reported information  : UNITS: 56  30  32  36  37  38  39  40  41  42  43  44  45  46  47  48  49  50  51  52  53  54  55  57  58  59  60  61  62  63  64  65  66  67  68  69  70
 
*** Warning at time       :      6275.000000
    Generated by Unit     : Not applicable or not available
    Generated by Type     : Not applicable or not available
    TRNSYS Message    441 : The inputs to the listed units have not converged at this timestep. The values at the last iteration will be used and the simulation will proceed.
    Reported information  : UNITS: 56  45  57  68
 
*** Warning at time       :      6275.750000
    Generated by Unit     : Not applicable or not available
    Generated by Type     : Not applicable or not available
    TRNSYS Message    441 : The inputs to the listed units have not converged at this timestep. The values at the last iteration will be used and the simulation will proceed.
    Reported information  : UNITS: 56  45  57  68
 
*** Warning at time       :      6276.500000
    Generated by Unit     : Not applicable or not available
    Generated by Type     : Not applicable or not available
    TRNSYS Message    441 : The inputs to the listed units have not converged at this timestep. The values at the last iteration will be used and the simulation will proceed.
    Reported information  : UNITS: 56  45  57  68
 
*** Warning at time       :      6277.250000
    Generated by Unit     : Not applicable or not available
    Generated by Type     : Not applicable or not available
    TRNSYS Message    441 : The inputs to the listed units have not converged at this timestep. The values at the last iteration will be used and the simulation will proceed.
    Reported information  : UNITS: 56  45  57  68
 
*** Warning at time       :      6278.000000
    Generated by Unit     : Not applicable or not available
    Generated by Type     : Not applicable or not available
    TRNSYS Message    441 : The inputs to the listed units have not converged at this timestep. The values at the last iteration will be used and the simulation will proceed.
    Reported information  : UNITS: 56  45  57  68
 
*** Warning at time       :      6278.750000
    Generated by Unit     : Not applicable or not available
    Generated by Type     : Not applicable or not available
    TRNSYS Message    441 : The inputs to the listed units have not converged at this timestep. The values at the last iteration will be used and the simulation will proceed.
    Reported information  : UNITS: 56  45  57  68
 
*** Warning at time       :      6280.500000
    Generated by Unit     : Not applicable or not available
    Generated by Type     : Not applicable or not available
    TRNSYS Message    441 : The inputs to the listed units have not converged at this timestep. The values at the last iteration will be used and the simulation will proceed.
    Reported information  : UNITS: 56  45  57  68
 
*** Warning at time       :      6281.750000
    Generated by Unit     : Not applicable or not available
    Generated by Type     : Not applicable or not available
    TRNSYS Message    441 : The inputs to the listed units have not converged at this timestep. The values at the last iteration will be used and the simulation will proceed.
    Reported information  : UNITS: 56  45  57  68
 
*** Warning at time       :      6282.500000
    Generated by Unit     : Not applicable or not available
    Generated by Type     : Not applicable or not available
    TRNSYS Message    441 : The inputs to the listed units have not converged at this timestep. The values at the last iteration will be used and the simulation will proceed.
    Reported information  : UNITS: 56  45  57  68
 
*** Warning at time       :      6283.250000
    Generated by Unit     : Not applicable or not available
    Generated by Type     : Not applicable or not available
    TRNSYS Message    441 : The inputs to the listed units have not converged at this timestep. The values at the last iteration will be used and the simulation will proceed.
    Reported information  : UNITS: 56  45  57  68
 
*** Warning at time       :      6284.000000
    Generated by Unit     : Not applicable or not available
    Generated by Type     : Not applicable or not available
    TRNSYS Message    441 : The inputs to the listed units have not converged at this timestep. The values at the last iteration will be used and the simulation will proceed.
    Reported information  : UNITS: 56  45  57  68
 
*** Warning at time       :      6284.750000
    Generated by Unit     : Not applicable or not available
    Generated by Type     : Not applicable or not available
    TRNSYS Message    441 : The inputs to the listed units have not converged at this timestep. The values at the last iteration will be used and the simulation will proceed.
    Reported information  : UNITS: 56  45  57  68
 
*** Warning at time       :      6285.500000
    Generated by Unit     : Not applicable or not available
    Generated by Type     : Not applicable or not available
    TRNSYS Message    441 : The inputs to the listed units have not converged at this timestep. The values at the last iteration will be used and the simulation will proceed.
    Reported information  : UNITS: 56  45  57  68
 
*** Warning at time       :      6285.750000
    Generated by Unit     : Not applicable or not available
    Generated by Type     : Not applicable or not available
    TRNSYS Message    441 : The inputs to the listed units have not converged at this timestep. The values at the last iteration will be used and the simulation will proceed.
    Reported information  : UNITS: 56  45  57  68
 
*** Warning at time       :      6286.000000
    Generated by Unit     : Not applicable or not available
    Generated by Type     : Not applicable or not available
    TRNSYS Message    441 : The inputs to the listed units have not converged at this timestep. The values at the last iteration will be used and the simulation will proceed.
    Reported information  : UNITS: 56  30  32  36  37  38  39  40  41  42  43  44  46  47  48  49  50  51  52  53  54  55  58  59  60  61  62  63  64  65  66  67  69  70
 
*** Warning at time       :      6297.500000
    Generated by Unit     : Not applicable or not available
    Generated by Type     : Not applicable or not available
    TRNSYS Message    441 : The inputs to the listed units have not converged at this timestep. The values at the last iteration will be used and the simulation will proceed.
    Reported information  : UNITS: 56  30  32  36  37  42  43  44  45  46  48  53  54  55  57  58  60  65  66  67  68  69
 
*** Warning at time       :      6297.750000
    Generated by Unit     : Not applicable or not available
    Generated by Type     : Not applicable or not available
    TRNSYS Message    441 : The inputs to the listed units have not converged at this timestep. The values at the last iteration will be used and the simulation will proceed.
    Reported information  : UNITS: 56  30  32  36  37  38  39  40  41  42  43  44  45  46  47  48  49  50  51  52  53  54  55  57  58  59  60  61  62  63  64  65  66  67  68  69  70
 
*** Warning at time       :      6298.250000
    Generated by Unit     : Not applicable or not available
    Generated by Type     : Not applicable or not available
    TRNSYS Message    441 : The inputs to the listed units have not converged at this timestep. The values at the last iteration will be used and the simulation will proceed.
    Reported information  : UNITS: 56  45  57  68
 
*** Warning at time       :      6298.500000
    Generated by Unit     : Not applicable or not available
    Generated by Type     : Not applicable or not available
    TRNSYS Message    441 : The inputs to the listed units have not converged at this timestep. The values at the last iteration will be used and the simulation will proceed.
    Reported information  : UNITS: 56  41  47  52  59  64  70
 
*** Warning at time       :      6299.000000
    Generated by Unit     : Not applicable or not available
    Generated by Type     : Not applicable or not available
    TRNSYS Message    441 : The inputs to the listed units have not converged at this timestep. The values at the last iteration will be used and the simulation will proceed.
    Reported information  : UNITS: 56  45  57  68
 
*** Warning at time       :      6299.750000
    Generated by Unit     : Not applicable or not available
    Generated by Type     : Not applicable or not available
    TRNSYS Message    441 : The inputs to the listed units have not converged at this timestep. The values at the last iteration will be used and the simulation will proceed.
    Reported information  : UNITS: 56  45  57  68
 
*** Warning at time       :      6301.000000
    Generated by Unit     : Not applicable or not available
    Generated by Type     : Not applicable or not available
    TRNSYS Message    441 : The inputs to the listed units have not converged at this timestep. The values at the last iteration will be used and the simulation will proceed.
    Reported information  : UNITS: 56  45  57  68
 
*** Warning at time       :      6304.750000
    Generated by Unit     : Not applicable or not available
    Generated by Type     : Not applicable or not available
    TRNSYS Message    441 : The inputs to the listed units have not converged at this timestep. The values at the last iteration will be used and the simulation will proceed.
    Reported information  : UNITS: 56  45  57  68
 
*** Warning at time       :      6305.500000
    Generated by Unit     : Not applicable or not available
    Generated by Type     : Not applicable or not available
    TRNSYS Message    441 : The inputs to the listed units have not converged at this timestep. The values at the last iteration will be used and the simulation will proceed.
    Reported information  : UNITS: 56  45  57  68
 
*** Warning at time       :      6306.250000
    Generated by Unit     : Not applicable or not available
    Generated by Type     : Not applicable or not available
    TRNSYS Message    441 : The inputs to the listed units have not converged at this timestep. The values at the last iteration will be used and the simulation will proceed.
    Reported information  : UNITS: 56  45  57  68
 
*** Warning at time       :      6307.000000
    Generated by Unit     : Not applicable or not available
    Generated by Type     : Not applicable or not available
    TRNSYS Message    441 : The inputs to the listed units have not converged at this timestep. The values at the last iteration will be used and the simulation will proceed.
    Reported information  : UNITS: 56  45  57  68
 
*** Warning at time       :      6307.750000
    Generated by Unit     : Not applicable or not available
    Generated by Type     : Not applicable or not available
    TRNSYS Message    441 : The inputs to the listed units have not converged at this timestep. The values at the last iteration will be used and the simulation will proceed.
    Reported information  : UNITS: 56  45  57  68
 
*** Warning at time       :      6308.500000
    Generated by Unit     : Not applicable or not available
    Generated by Type     : Not applicable or not available
    TRNSYS Message    441 : The inputs to the listed units have not converged at this timestep. The values at the last iteration will be used and the simulation will proceed.
    Reported information  : UNITS: 56  45  57  68
 
*** Warning at time       :      6309.250000
    Generated by Unit     : Not applicable or not available
    Generated by Type     : Not applicable or not available
    TRNSYS Message    441 : The inputs to the listed units have not converged at this timestep. The values at the last iteration will be used and the simulation will proceed.
    Reported information  : UNITS: 56  45  57  68
 
*** Warning at time       :      6321.750000
    Generated by Unit     : Not applicable or not available
    Generated by Type     : Not applicable or not available
    TRNSYS Message    441 : The inputs to the listed units have not converged at this timestep. The values at the last iteration will be used and the simulation will proceed.
    Reported information  : UNITS: 56  38  39  40  41  47  49  50  51  52  59  61  62  63  64  70
 
*** Warning at time       :      6323.000000
    Generated by Unit     : Not applicable or not available
    Generated by Type     : Not applicable or not available
    TRNSYS Message    441 : The inputs to the listed units have not converged at this timestep. The values at the last iteration will be used and the simulation will proceed.
    Reported information  : UNITS: 56  45  57  68
 
*** Warning at time       :      6323.750000
    Generated by Unit     : Not applicable or not available
    Generated by Type     : Not applicable or not available
    TRNSYS Message    441 : The inputs to the listed units have not converged at this timestep. The values at the last iteration will be used and the simulation will proceed.
    Reported information  : UNITS: 56  45  57  68
 
*** Warning at time       :      6330.500000
    Generated by Unit     : Not applicable or not available
    Generated by Type     : Not applicable or not available
    TRNSYS Message    441 : The inputs to the listed units have not converged at this timestep. The values at the last iteration will be used and the simulation will proceed.
    Reported information  : UNITS: 56  45  57  68
 
*** Warning at time       :      6331.250000
    Generated by Unit     : Not applicable or not available
    Generated by Type     : Not applicable or not available
    TRNSYS Message    441 : The inputs to the listed units have not converged at this timestep. The values at the last iteration will be used and the simulation will proceed.
    Reported information  : UNITS: 56  45  57  68
 
*** Warning at time       :      6332.000000
    Generated by Unit     : Not applicable or not available
    Generated by Type     : Not applicable or not available
    TRNSYS Message    441 : The inputs to the listed units have not converged at this timestep. The values at the last iteration will be used and the simulation will proceed.
    Reported information  : UNITS: 56  45  57  68
 
*** Warning at time       :      6332.750000
    Generated by Unit     : Not applicable or not available
    Generated by Type     : Not applicable or not available
    TRNSYS Message    441 : The inputs to the listed units have not converged at this timestep. The values at the last iteration will be used and the simulation will proceed.
    Reported information  : UNITS: 56  45  57  68
 
*** Warning at time       :      6333.500000
    Generated by Unit     : Not applicable or not available
    Generated by Type     : Not applicable or not available
    TRNSYS Message    441 : The inputs to the listed units have not converged at this timestep. The values at the last iteration will be used and the simulation will proceed.
    Reported information  : UNITS: 56  45  57  68
 
*** Warning at time       :      6333.750000
    Generated by Unit     : Not applicable or not available
    Generated by Type     : Not applicable or not available
    TRNSYS Message    441 : The inputs to the listed units have not converged at this timestep. The values at the last iteration will be used and the simulation will proceed.
    Reported information  : UNITS: 56  45  57  68
 
*** Warning at time       :      6393.500000
    Generated by Unit     : Not applicable or not available
    Generated by Type     : Not applicable or not available
    TRNSYS Message    441 : The inputs to the listed units have not converged at this timestep. The values at the last iteration will be used and the simulation will proceed.
    Reported information  : UNITS: 56  30  32  36  42  43  45  53  54  57  65  66  68
 
*** Warning at time       :      6393.750000
    Generated by Unit     : Not applicable or not available
    Generated by Type     : Not applicable or not available
    TRNSYS Message    441 : The inputs to the listed units have not converged at this timestep. The values at the last iteration will be used and the simulation will proceed.
    Reported information  : UNITS: 56  30  32  36  37  38  39  40  41  42  43  44  45  46  47  48  49  50  51  52  53  54  55  57  58  59  60  61  62  63  64  65  66  67  68  69  70
 
*** Warning at time       :      6394.250000
    Generated by Unit     : Not applicable or not available
    Generated by Type     : Not applicable or not available
    TRNSYS Message    441 : The inputs to the listed units have not converged at this timestep. The values at the last iteration will be used and the simulation will proceed.
    Reported information  : UNITS: 56  30  32  36  42  43  45  53  54  57  65  66  68
 
*** Warning at time       :      6394.500000
    Generated by Unit     : Not applicable or not available
    Generated by Type     : Not applicable or not available
    TRNSYS Message    441 : The inputs to the listed units have not converged at this timestep. The values at the last iteration will be used and the simulation will proceed.
    Reported information  : UNITS: 56  37  38  39  40  41  44  46  47  48  49  50  51  52  55  58  59  60  61  62  63  64  67  69  70
 
*** Warning at time       :      6395.000000
    Generated by Unit     : Not applicable or not available
    Generated by Type     : Not applicable or not available
    TRNSYS Message    441 : The inputs to the listed units have not converged at this timestep. The values at the last iteration will be used and the simulation will proceed.
    Reported information  : UNITS: 56  30  32  36  42  43  45  53  54  57  65  66  68
 
*** Warning at time       :      6395.250000
    Generated by Unit     : Not applicable or not available
    Generated by Type     : Not applicable or not available
    TRNSYS Message    441 : The inputs to the listed units have not converged at this timestep. The values at the last iteration will be used and the simulation will proceed.
    Reported information  : UNITS: 56  37  38  39  40  41  44  46  47  48  49  50  51  52  55  58  59  60  61  62  63  64  67  69  70
 
*** Warning at time       :      6395.750000
    Generated by Unit     : Not applicable or not available
    Generated by Type     : Not applicable or not available
    TRNSYS Message    441 : The inputs to the listed units have not converged at this timestep. The values at the last iteration will be used and the simulation will proceed.
    Reported information  : UNITS: 56  45  57  68
 
*** Warning at time       :      6401.000000
    Generated by Unit     : Not applicable or not available
    Generated by Type     : Not applicable or not available
    TRNSYS Message    441 : The inputs to the listed units have not converged at this timestep. The values at the last iteration will be used and the simulation will proceed.
    Reported information  : UNITS: 56  45  57  68
 
*** Warning at time       :      6401.750000
    Generated by Unit     : Not applicable or not available
    Generated by Type     : Not applicable or not available
    TRNSYS Message    441 : The inputs to the listed units have not converged at this timestep. The values at the last iteration will be used and the simulation will proceed.
    Reported information  : UNITS: 56  45  57  68
 
*** Warning at time       :      6402.500000
    Generated by Unit     : Not applicable or not available
    Generated by Type     : Not applicable or not available
    TRNSYS Message    441 : The inputs to the listed units have not converged at this timestep. The values at the last iteration will be used and the simulation will proceed.
    Reported information  : UNITS: 56  45  57  68
 
*** Warning at time       :      6403.250000
    Generated by Unit     : Not applicable or not available
    Generated by Type     : Not applicable or not available
    TRNSYS Message    441 : The inputs to the listed units have not converged at this timestep. The values at the last iteration will be used and the simulation will proceed.
    Reported information  : UNITS: 56  45  57  68
 
*** Warning at time       :      6404.000000
    Generated by Unit     : Not applicable or not available
    Generated by Type     : Not applicable or not available
    TRNSYS Message    441 : The inputs to the listed units have not converged at this timestep. The values at the last iteration will be used and the simulation will proceed.
    Reported information  : UNITS: 56  45  57  68
 
*** Warning at time       :      6404.750000
    Generated by Unit     : Not applicable or not available
    Generated by Type     : Not applicable or not available
    TRNSYS Message    441 : The inputs to the listed units have not converged at this timestep. The values at the last iteration will be used and the simulation will proceed.
    Reported information  : UNITS: 56  45  57  68
 
*** Warning at time       :      6405.500000
    Generated by Unit     : Not applicable or not available
    Generated by Type     : Not applicable or not available
    TRNSYS Message    441 : The inputs to the listed units have not converged at this timestep. The values at the last iteration will be used and the simulation will proceed.
    Reported information  : UNITS: 56  45  57  68
 
*** Warning at time       :      6405.750000
    Generated by Unit     : Not applicable or not available
    Generated by Type     : Not applicable or not available
    TRNSYS Message    441 : The inputs to the listed units have not converged at this timestep. The values at the last iteration will be used and the simulation will proceed.
    Reported information  : UNITS: 56  45  57  68
 
*** Warning at time       :      6406.000000
    Generated by Unit     : Not applicable or not available
    Generated by Type     : Not applicable or not available
    TRNSYS Message    441 : The inputs to the listed units have not converged at this timestep. The values at the last iteration will be used and the simulation will proceed.
    Reported information  : UNITS: 56  42  43  53  54  65  66
 
*** Warning at time       :      6417.500000
    Generated by Unit     : Not applicable or not available
    Generated by Type     : Not applicable or not available
    TRNSYS Message    441 : The inputs to the listed units have not converged at this timestep. The values at the last iteration will be used and the simulation will proceed.
    Reported information  : UNITS: 56  30  32  36  37  38  39  40  41  42  43  44  45  46  47  48  49  50  51  52  53  54  55  57  58  59  60  61  62  63  64  65  66  67  68  69  70
 
*** Warning at time       :      6417.750000
    Generated by Unit     : Not applicable or not available
    Generated by Type     : Not applicable or not available
    TRNSYS Message    441 : The inputs to the listed units have not converged at this timestep. The values at the last iteration will be used and the simulation will proceed.
    Reported information  : UNITS: 56  41  52  64
 
*** Warning at time       :      6418.250000
    Generated by Unit     : Not applicable or not available
    Generated by Type     : Not applicable or not available
    TRNSYS Message    441 : The inputs to the listed units have not converged at this timestep. The values at the last iteration will be used and the simulation will proceed.
    Reported information  : UNITS: 56  45  57  68
 
*** Warning at time       :      6419.000000
    Generated by Unit     : Not applicable or not available
    Generated by Type     : Not applicable or not available
    TRNSYS Message    441 : The inputs to the listed units have not converged at this timestep. The values at the last iteration will be used and the simulation will proceed.
    Reported information  : UNITS: 56  45  57  68
 
*** Warning at time       :      6453.750000
    Generated by Unit     : Not applicable or not available
    Generated by Type     : Not applicable or not available
    TRNSYS Message    441 : The inputs to the listed units have not converged at this timestep. The values at the last iteration will be used and the simulation will proceed.
    Reported information  : UNITS: 56  38  39  44  49  50  55  61  62  67
 
*** Warning at time       :      6465.750000
    Generated by Unit     : Not applicable or not available
    Generated by Type     : Not applicable or not available
    TRNSYS Message    441 : The inputs to the listed units have not converged at this timestep. The values at the last iteration will be used and the simulation will proceed.
    Reported information  : UNITS: 56  30  32  36  37  38  39  40  41  42  43  44  45  46  47  48  49  50  51  52  53  54  55  57  58  59  60  61  62  63  64  65  66  67  68  69  70
 
*** Warning at time       :      6466.000000
    Generated by Unit     : Not applicable or not available
    Generated by Type     : Not applicable or not available
    TRNSYS Message    441 : The inputs to the listed units have not converged at this timestep. The values at the last iteration will be used and the simulation will proceed.
    Reported information  : UNITS: 56  30  32  36  37  38  39  40  41  42  43  44  46  47  48  49  50  51  52  53  54  55  58  59  60  61  62  63  64  65  66  67  69  70
 
*** Warning at time       :      6466.500000
    Generated by Unit     : Not applicable or not available
    Generated by Type     : Not applicable or not available
    TRNSYS Message    441 : The inputs to the listed units have not converged at this timestep. The values at the last iteration will be used and the simulation will proceed.
    Reported information  : UNITS: 56  45  57  68
 
*** Warning at time       :      6467.000000
    Generated by Unit     : Not applicable or not available
    Generated by Type     : Not applicable or not available
    TRNSYS Message    441 : The inputs to the listed units have not converged at this timestep. The values at the last iteration will be used and the simulation will proceed.
    Reported information  : UNITS: 56  38  39  41  49  50  52  61  62  64
 
*** Warning at time       :      6467.250000
    Generated by Unit     : Not applicable or not available
    Generated by Type     : Not applicable or not available
    TRNSYS Message    441 : The inputs to the listed units have not converged at this timestep. The values at the last iteration will be used and the simulation will proceed.
    Reported information  : UNITS: 56  45  57  68
 
*** Warning at time       :      6468.000000
    Generated by Unit     : Not applicable or not available
    Generated by Type     : Not applicable or not available
    TRNSYS Message    441 : The inputs to the listed units have not converged at this timestep. The values at the last iteration will be used and the simulation will proceed.
    Reported information  : UNITS: 56  45  57  68
 
*** Warning at time       :      6468.750000
    Generated by Unit     : Not applicable or not available
    Generated by Type     : Not applicable or not available
    TRNSYS Message    441 : The inputs to the listed units have not converged at this timestep. The values at the last iteration will be used and the simulation will proceed.
    Reported information  : UNITS: 56  45  57  68
 
*** Warning at time       :      6469.500000
    Generated by Unit     : Not applicable or not available
    Generated by Type     : Not applicable or not available
    TRNSYS Message    441 : The inputs to the listed units have not converged at this timestep. The values at the last iteration will be used and the simulation will proceed.
    Reported information  : UNITS: 56  45  57  68
 
*** Warning at time       :      6470.250000
    Generated by Unit     : Not applicable or not available
    Generated by Type     : Not applicable or not available
    TRNSYS Message    441 : The inputs to the listed units have not converged at this timestep. The values at the last iteration will be used and the simulation will proceed.
    Reported information  : UNITS: 56  45  57  68
 
*** Warning at time       :      6471.000000
    Generated by Unit     : Not applicable or not available
    Generated by Type     : Not applicable or not available
    TRNSYS Message    441 : The inputs to the listed units have not converged at this timestep. The values at the last iteration will be used and the simulation will proceed.
    Reported information  : UNITS: 56  45  57  68
 
*** Warning at time       :      6471.750000
    Generated by Unit     : Not applicable or not available
    Generated by Type     : Not applicable or not available
    TRNSYS Message    441 : The inputs to the listed units have not converged at this timestep. The values at the last iteration will be used and the simulation will proceed.
    Reported information  : UNITS: 56  45  57  68
 
*** Warning at time       :      6472.500000
    Generated by Unit     : Not applicable or not available
    Generated by Type     : Not applicable or not available
    TRNSYS Message    441 : The inputs to the listed units have not converged at this timestep. The values at the last iteration will be used and the simulation will proceed.
    Reported information  : UNITS: 56  45  57  68
 
*** Warning at time       :      6473.250000
    Generated by Unit     : Not applicable or not available
    Generated by Type     : Not applicable or not available
    TRNSYS Message    441 : The inputs to the listed units have not converged at this timestep. The values at the last iteration will be used and the simulation will proceed.
    Reported information  : UNITS: 56  45  57  68
 
*** Warning at time       :      6474.000000
    Generated by Unit     : Not applicable or not available
    Generated by Type     : Not applicable or not available
    TRNSYS Message    441 : The inputs to the listed units have not converged at this timestep. The values at the last iteration will be used and the simulation will proceed.
    Reported information  : UNITS: 56  45  57  68
 
*** Warning at time       :      6474.750000
    Generated by Unit     : Not applicable or not available
    Generated by Type     : Not applicable or not available
    TRNSYS Message    441 : The inputs to the listed units have not converged at this timestep. The values at the last iteration will be used and the simulation will proceed.
    Reported information  : UNITS: 56  45  57  68
 
*** Warning at time       :      6475.500000
    Generated by Unit     : Not applicable or not available
    Generated by Type     : Not applicable or not available
    TRNSYS Message    441 : The inputs to the listed units have not converged at this timestep. The values at the last iteration will be used and the simulation will proceed.
    Reported information  : UNITS: 56  45  57  68
 
*** Warning at time       :      6476.250000
    Generated by Unit     : Not applicable or not available
    Generated by Type     : Not applicable or not available
    TRNSYS Message    441 : The inputs to the listed units have not converged at this timestep. The values at the last iteration will be used and the simulation will proceed.
    Reported information  : UNITS: 56  45  57  68
 
*** Warning at time       :      6477.000000
    Generated by Unit     : Not applicable or not available
    Generated by Type     : Not applicable or not available
    TRNSYS Message    441 : The inputs to the listed units have not converged at this timestep. The values at the last iteration will be used and the simulation will proceed.
    Reported information  : UNITS: 56  45  57  68
 
*** Warning at time       :      6477.500000
    Generated by Unit     : Not applicable or not available
    Generated by Type     : Not applicable or not available
    TRNSYS Message    441 : The inputs to the listed units have not converged at this timestep. The values at the last iteration will be used and the simulation will proceed.
    Reported information  : UNITS: 56  40  43  44  51  54  55  63  66  67
 
*** Warning at time       :      6477.750000
    Generated by Unit     : Not applicable or not available
    Generated by Type     : Not applicable or not available
    TRNSYS Message    441 : The inputs to the listed units have not converged at this timestep. The values at the last iteration will be used and the simulation will proceed.
    Reported information  : UNITS: 56  37  38  47  48  49  59  60  61  70
 
*** Warning at time       :      6489.750000
    Generated by Unit     : Not applicable or not available
    Generated by Type     : Not applicable or not available
    TRNSYS Message    441 : The inputs to the listed units have not converged at this timestep. The values at the last iteration will be used and the simulation will proceed.
    Reported information  : UNITS: 56  30  32  36  37  38  39  40  41  42  43  44  45  46  47  48  49  50  51  52  53  54  55  57  58  59  60  61  62  63  64  65  66  67  68  69  70
 
*** Warning at time       :      6490.000000
    Generated by Unit     : Not applicable or not available
    Generated by Type     : Not applicable or not available
    TRNSYS Message    441 : The inputs to the listed units have not converged at this timestep. The values at the last iteration will be used and the simulation will proceed.
    Reported information  : UNITS: 56  30  32  36  37  38  39  40  41  42  43  44  45  46  47  48  49  50  51  52  53  54  55  57  58  59  60  61  62  63  64  65  66  67  68  69  70
 
*** Warning at time       :      6490.500000
    Generated by Unit     : Not applicable or not available
    Generated by Type     : Not applicable or not available
    TRNSYS Message    441 : The inputs to the listed units have not converged at this timestep. The values at the last iteration will be used and the simulation will proceed.
    Reported information  : UNITS: 56  45  57  68
 
*** Warning at time       :      6490.750000
    Generated by Unit     : Not applicable or not available
    Generated by Type     : Not applicable or not available
    TRNSYS Message    441 : The inputs to the listed units have not converged at this timestep. The values at the last iteration will be used and the simulation will proceed.
    Reported information  : UNITS: 56  45  57  68
 
*** Warning at time       :      6491.000000
    Generated by Unit     : Not applicable or not available
    Generated by Type     : Not applicable or not available
    TRNSYS Message    441 : The inputs to the listed units have not converged at this timestep. The values at the last iteration will be used and the simulation will proceed.
    Reported information  : UNITS: 56  30  32  36  37  38  39  40  41  42  43  44  46  47  48  49  50  51  52  53  54  55  58  59  60  61  62  63  64  65  66  67  69  70
 
*** Warning at time       :      6491.250000
    Generated by Unit     : Not applicable or not available
    Generated by Type     : Not applicable or not available
    TRNSYS Message    441 : The inputs to the listed units have not converged at this timestep. The values at the last iteration will be used and the simulation will proceed.
    Reported information  : UNITS: 56  45  57  68
 
*** Warning at time       :      6491.500000
    Generated by Unit     : Not applicable or not available
    Generated by Type     : Not applicable or not available
    TRNSYS Message    441 : The inputs to the listed units have not converged at this timestep. The values at the last iteration will be used and the simulation will proceed.
    Reported information  : UNITS: 56  45  57  68
 
*** Warning at time       :      6492.000000
    Generated by Unit     : Not applicable or not available
    Generated by Type     : Not applicable or not available
    TRNSYS Message    441 : The inputs to the listed units have not converged at this timestep. The values at the last iteration will be used and the simulation will proceed.
    Reported information  : UNITS: 56  30  32  36  37  38  39  40  41  42  43  44  45  46  47  48  49  50  51  52  53  54  55  57  58  59  60  61  62  63  64  65  66  67  68  69  70
 
*** Warning at time       :      6492.250000
    Generated by Unit     : Not applicable or not available
    Generated by Type     : Not applicable or not available
    TRNSYS Message    441 : The inputs to the listed units have not converged at this timestep. The values at the last iteration will be used and the simulation will proceed.
    Reported information  : UNITS: 56  45  57  68
 
*** Warning at time       :      6492.750000
    Generated by Unit     : Not applicable or not available
    Generated by Type     : Not applicable or not available
    TRNSYS Message    441 : The inputs to the listed units have not converged at this timestep. The values at the last iteration will be used and the simulation will proceed.
    Reported information  : UNITS: 56  45  57  68
 
*** Warning at time       :      6493.000000
    Generated by Unit     : Not applicable or not available
    Generated by Type     : Not applicable or not available
    TRNSYS Message    441 : The inputs to the listed units have not converged at this timestep. The values at the last iteration will be used and the simulation will proceed.
    Reported information  : UNITS: 56  30  32  36  37  38  39  40  41  43  44  45  46  47  48  49  50  51  52  54  55  57  58  59  60  61  62  63  64  66  67  68  69  70
 
*** Warning at time       :      6493.500000
    Generated by Unit     : Not applicable or not available
    Generated by Type     : Not applicable or not available
    TRNSYS Message    441 : The inputs to the listed units have not converged at this timestep. The values at the last iteration will be used and the simulation will proceed.
    Reported information  : UNITS: 56  45  57  68
 
*** Warning at time       :      6493.750000
    Generated by Unit     : Not applicable or not available
    Generated by Type     : Not applicable or not available
    TRNSYS Message    441 : The inputs to the listed units have not converged at this timestep. The values at the last iteration will be used and the simulation will proceed.
    Reported information  : UNITS: 56  45  57  68
 
*** Warning at time       :      6494.000000
    Generated by Unit     : Not applicable or not available
    Generated by Type     : Not applicable or not available
    TRNSYS Message    441 : The inputs to the listed units have not converged at this timestep. The values at the last iteration will be used and the simulation will proceed.
    Reported information  : UNITS: 56  37  38  39  40  41  43  44  47  48  49  50  51  52  54  55  59  60  61  62  63  64  66  67  70
 
*** Warning at time       :      6494.250000
    Generated by Unit     : Not applicable or not available
    Generated by Type     : Not applicable or not available
    TRNSYS Message    441 : The inputs to the listed units have not converged at this timestep. The values at the last iteration will be used and the simulation will proceed.
    Reported information  : UNITS: 56  45  57  68
 
*** Warning at time       :      6494.500000
    Generated by Unit     : Not applicable or not available
    Generated by Type     : Not applicable or not available
    TRNSYS Message    441 : The inputs to the listed units have not converged at this timestep. The values at the last iteration will be used and the simulation will proceed.
    Reported information  : UNITS: 56  45  57  68
 
*** Warning at time       :      6495.000000
    Generated by Unit     : Not applicable or not available
    Generated by Type     : Not applicable or not available
    TRNSYS Message    441 : The inputs to the listed units have not converged at this timestep. The values at the last iteration will be used and the simulation will proceed.
    Reported information  : UNITS: 56  37  38  39  40  41  45  47  48  49  50  51  52  57  59  60  61  62  63  64  68  70
 
*** Warning at time       :      6495.250000
    Generated by Unit     : Not applicable or not available
    Generated by Type     : Not applicable or not available
    TRNSYS Message    441 : The inputs to the listed units have not converged at this timestep. The values at the last iteration will be used and the simulation will proceed.
    Reported information  : UNITS: 56  45  57  68
 
*** Warning at time       :      6495.750000
    Generated by Unit     : Not applicable or not available
    Generated by Type     : Not applicable or not available
    TRNSYS Message    441 : The inputs to the listed units have not converged at this timestep. The values at the last iteration will be used and the simulation will proceed.
    Reported information  : UNITS: 56  45  57  68
 
*** Warning at time       :      6496.000000
    Generated by Unit     : Not applicable or not available
    Generated by Type     : Not applicable or not available
    TRNSYS Message    441 : The inputs to the listed units have not converged at this timestep. The values at the last iteration will be used and the simulation will proceed.
    Reported information  : UNITS: 56  38  41  45  47  49  52  57  59  61  64  68  70
 
*** Warning at time       :      6496.500000
    Generated by Unit     : Not applicable or not available
    Generated by Type     : Not applicable or not available
    TRNSYS Message    441 : The inputs to the listed units have not converged at this timestep. The values at the last iteration will be used and the simulation will proceed.
    Reported information  : UNITS: 56  45  57  68
 
*** Warning at time       :      6496.750000
    Generated by Unit     : Not applicable or not available
    Generated by Type     : Not applicable or not available
    TRNSYS Message    441 : The inputs to the listed units have not converged at this timestep. The values at the last iteration will be used and the simulation will proceed.
    Reported information  : UNITS: 56  45  57  68
 
*** Warning at time       :      6497.000000
    Generated by Unit     : Not applicable or not available
    Generated by Type     : Not applicable or not available
    TRNSYS Message    441 : The inputs to the listed units have not converged at this timestep. The values at the last iteration will be used and the simulation will proceed.
    Reported information  : UNITS: 56  38  41  47  49  52  59  61  64  70
 
*** Warning at time       :      6497.250000
    Generated by Unit     : Not applicable or not available
    Generated by Type     : Not applicable or not available
    TRNSYS Message    441 : The inputs to the listed units have not converged at this timestep. The values at the last iteration will be used and the simulation will proceed.
    Reported information  : UNITS: 56  45  57  68
 
*** Warning at time       :      6497.500000
    Generated by Unit     : Not applicable or not available
    Generated by Type     : Not applicable or not available
    TRNSYS Message    441 : The inputs to the listed units have not converged at this timestep. The values at the last iteration will be used and the simulation will proceed.
    Reported information  : UNITS: 56  45  57  68
 
*** Warning at time       :      6498.000000
    Generated by Unit     : Not applicable or not available
    Generated by Type     : Not applicable or not available
    TRNSYS Message    441 : The inputs to the listed units have not converged at this timestep. The values at the last iteration will be used and the simulation will proceed.
    Reported information  : UNITS: 56  38  41  45  47  49  52  57  59  61  64  68  70
 
*** Warning at time       :      6498.250000
    Generated by Unit     : Not applicable or not available
    Generated by Type     : Not applicable or not available
    TRNSYS Message    441 : The inputs to the listed units have not converged at this timestep. The values at the last iteration will be used and the simulation will proceed.
    Reported information  : UNITS: 56  45  57  68
 
*** Warning at time       :      6498.750000
    Generated by Unit     : Not applicable or not available
    Generated by Type     : Not applicable or not available
    TRNSYS Message    441 : The inputs to the listed units have not converged at this timestep. The values at the last iteration will be used and the simulation will proceed.
    Reported information  : UNITS: 56  45  57  68
 
*** Warning at time       :      6499.000000
    Generated by Unit     : Not applicable or not available
    Generated by Type     : Not applicable or not available
    TRNSYS Message    441 : The inputs to the listed units have not converged at this timestep. The values at the last iteration will be used and the simulation will proceed.
    Reported information  : UNITS: 56  38  41  45  47  49  52  57  59  61  64  68  70
 
*** Warning at time       :      6499.500000
    Generated by Unit     : Not applicable or not available
    Generated by Type     : Not applicable or not available
    TRNSYS Message    441 : The inputs to the listed units have not converged at this timestep. The values at the last iteration will be used and the simulation will proceed.
    Reported information  : UNITS: 56  45  57  68
 
*** Warning at time       :      6499.750000
    Generated by Unit     : Not applicable or not available
    Generated by Type     : Not applicable or not available
    TRNSYS Message    441 : The inputs to the listed units have not converged at this timestep. The values at the last iteration will be used and the simulation will proceed.
    Reported information  : UNITS: 56  45  57  68
 
*** Warning at time       :      6500.000000
    Generated by Unit     : Not applicable or not available
    Generated by Type     : Not applicable or not available
    TRNSYS Message    441 : The inputs to the listed units have not converged at this timestep. The values at the last iteration will be used and the simulation will proceed.
    Reported information  : UNITS: 56  38  41  47  49  52  59  61  64  70
 
*** Warning at time       :      6500.250000
    Generated by Unit     : Not applicable or not available
    Generated by Type     : Not applicable or not available
    TRNSYS Message    441 : The inputs to the listed units have not converged at this timestep. The values at the last iteration will be used and the simulation will proceed.
    Reported information  : UNITS: 56  45  57  68
 
*** Warning at time       :      6500.500000
    Generated by Unit     : Not applicable or not available
    Generated by Type     : Not applicable or not available
    TRNSYS Message    441 : The inputs to the listed units have not converged at this timestep. The values at the last iteration will be used and the simulation will proceed.
    Reported information  : UNITS: 56  45  57  68
 
*** Warning at time       :      6501.000000
    Generated by Unit     : Not applicable or not available
    Generated by Type     : Not applicable or not available
    TRNSYS Message    441 : The inputs to the listed units have not converged at this timestep. The values at the last iteration will be used and the simulation will proceed.
    Reported information  : UNITS: 56  38  41  45  47  49  52  57  59  61  64  68  70
 
*** Warning at time       :      6501.250000
    Generated by Unit     : Not applicable or not available
    Generated by Type     : Not applicable or not available
    TRNSYS Message    441 : The inputs to the listed units have not converged at this timestep. The values at the last iteration will be used and the simulation will proceed.
    Reported information  : UNITS: 56  45  57  68
 
*** Warning at time       :      6552.000000
    Generated by Unit     :    15
    Generated by Type     :    15
    Message               : The calculated horizontal diffuse radiation exceeded the horizontal extraterrestrial radiation and was set to the extraterrestrial for 5 timesteps during the simulation.
 
*** Warning at time       :      6552.000000
    Generated by Unit     :    15
    Generated by Type     :    15
    Message               : The total horizontal radiation calculated from the sum of the beam and diffuse horizontal radiation exceeded the horizontal extraterrestrial radiation and was set to the extraterrestrial. The beam and diffuse radiation on the horizontal were then calculated base on their original ratios for 4 timesteps during the simulation.
 
*** Warning at time       :      6552.000000
    Generated by Unit     :    15
    Generated by Type     :    15
    Message               : The weather data file contained positive solar radiation values when the sun was down for 2 timesteps during the simulation.
 
*** Notice at time        :      6552.000000
    Generated by Unit     :    56
    Generated by Type     :    56
    Message               : Information on surface condensation: Surface outputs ntype 48,49 for inside/outside surface(s) may be used for further investigation on time dependant behaviour!
 
*** Notice at time        :      6552.000000
    Generated by Unit     :    56
    Generated by Type     :    56
    Message               : Geometrical distribution factors for direct solar (GEOSURF) in zone    2 did not always sum up to unity. Normalized values were used for these timesteps!
 
*** Notice at time        :      6552.000000
    Generated by Unit     :    56
    Generated by Type     :    56
    Message               : Geometrical distribution factors for direct solar (GEOSURF) in zone    3 did not always sum up to unity. Normalized values were used for these timesteps!
 
*** Notice at time        :      6552.000000
    Generated by Unit     :    56
    Generated by Type     :    56
    Message               : Geometrical distribution factors for direct solar (GEOSURF) in zone   19 did not always sum up to unity. Normalized values were used for these timesteps!
 
*** Notice at time        :      6552.000000
    Generated by Unit     :    56
    Generated by Type     :    56
    Message               : Geometrical distribution factors for direct solar (GEOSURF) in zone   20 did not always sum up to unity. Normalized values were used for these timesteps!
 
*** Notice at time        :      6552.000000
    Generated by Unit     :    56
    Generated by Type     :    56
    Message               : Geometrical distribution factors for direct solar (GEOSURF) in zone   21 did not always sum up to unity. Normalized values were used for these timesteps!
 
*** Notice at time        :      6552.000000
    Generated by Unit     :    56
    Generated by Type     :    56
    Message               : Geometrical distribution factors for direct solar (GEOSURF) in zone   22 did not always sum up to unity. Normalized values were used for these timesteps!
 
*** Notice at time        :      6552.000000
    Generated by Unit     :    56
    Generated by Type     :    56
    Message               : Geometrical distribution factors for direct solar (GEOSURF) in zone   23 did not always sum up to unity. Normalized values were used for these timesteps!
 
*** Notice at time        :      6552.000000
    Generated by Unit     :    56
    Generated by Type     :    56
    Message               : Geometrical distribution factors for direct solar (GEOSURF) in zone   24 did not always sum up to unity. Normalized values were used for these timesteps!
 
*** Notice at time        :      6552.000000
    Generated by Unit     :    56
    Generated by Type     :    56
    Message               : Geometrical distribution factors for direct solar (GEOSURF) in zone   26 did not always sum up to unity. Normalized values were used for these timesteps!
 
*** Notice at time        :      6552.000000
    Generated by Unit     :    56
    Generated by Type     :    56
    Message               : Geometrical distribution factors for direct solar (GEOSURF) in zone   27 did not always sum up to unity. Normalized values were used for these timesteps!
 
*** Notice at time        :      6552.000000
    Generated by Unit     :    56
    Generated by Type     :    56
    Message               : Geometrical distribution factors for direct solar (GEOSURF) in zone   28 did not always sum up to unity. Normalized values were used for these timesteps!
 
*** Notice at time        :      6552.000000
    Generated by Unit     :    56
    Generated by Type     :    56
    Message               : Geometrical distribution factors for direct solar (GEOSURF) in zone   29 did not always sum up to unity. Normalized values were used for these timesteps!
 
*** Notice at time        :      6552.000000
    Generated by Unit     :    56
    Generated by Type     :    56
    Message               : Geometrical distribution factors for direct solar (GEOSURF) in zone   30 did not always sum up to unity. Normalized values were used for these timesteps!
 
*** Notice at time        :      6552.000000
    Generated by Unit     :    56
    Generated by Type     :    56
    Message               : Geometrical distribution factors for direct solar (GEOSURF) in zone   31 did not always sum up to unity. Normalized values were used for these timesteps!
 
*** Warning at time       :      6552.000000
    Generated by Unit     :    32
    Generated by Type     :     2
    Message               : The controller was stuck during 14 percent of the simulation timesteps.
 
*** Warning at time       :      6552.000000
    Generated by Unit     :    36
    Generated by Type     :     2
    Message               : The controller was stuck during 13 percent of the simulation timesteps.
 
*** Warning at time       :      6552.000000
    Generated by Unit     :    48
    Generated by Type     :     2
    Message               : The controller was stuck during 14 percent of the simulation timesteps.
 
*** Warning at time       :      6552.000000
    Generated by Unit     :    49
    Generated by Type     :     2
    Message               : The controller was stuck during 14 percent of the simulation timesteps.
 
*** Warning at time       :      6552.000000
    Generated by Unit     :    50
    Generated by Type     :     2
    Message               : The controller was stuck during 14 percent of the simulation timesteps.
 
*** Warning at time       :      6552.000000
    Generated by Unit     :    51
    Generated by Type     :     2
    Message               : The controller was stuck during 14 percent of the simulation timesteps.
 
*** Warning at time       :      6552.000000
    Generated by Unit     :    52
    Generated by Type     :     2
    Message               : The controller was stuck during 14 percent of the simulation timesteps.
 
*** Warning at time       :      6552.000000
    Generated by Unit     :    53
    Generated by Type     :     2
    Message               : The controller was stuck during 14 percent of the simulation timesteps.
 
*** Warning at time       :      6552.000000
    Generated by Unit     :    54
    Generated by Type     :     2
    Message               : The controller was stuck during 14 percent of the simulation timesteps.
 
*** Warning at time       :      6552.000000
    Generated by Unit     :    55
    Generated by Type     :     2
    Message               : The controller was stuck during 14 percent of the simulation timesteps.
 
*** Warning at time       :      6552.000000
    Generated by Unit     :    57
    Generated by Type     :     2
    Message               : The controller was stuck during 13 percent of the simulation timesteps.
 
*** Warning at time       :      6552.000000
    Generated by Unit     :    58
    Generated by Type     :     2
    Message               : The controller was stuck during 14 percent of the simulation timesteps.
 
*** Warning at time       :      6552.000000
    Generated by Unit     :    59
    Generated by Type     :     2
    Message               : The controller was stuck during 14 percent of the simulation timesteps.
 
*** Warning at time       :      6552.000000
    Generated by Unit     :    60
    Generated by Type     :     2
    Message               : The controller was stuck during 12 percent of the simulation timesteps.
 
*** Warning at time       :      6552.000000
    Generated by Unit     :    61
    Generated by Type     :     2
    Message               : The controller was stuck during 12 percent of the simulation timesteps.
 
*** Warning at time       :      6552.000000
    Generated by Unit     :    62
    Generated by Type     :     2
    Message               : The controller was stuck during 12 percent of the simulation timesteps.
 
*** Warning at time       :      6552.000000
    Generated by Unit     :    63
    Generated by Type     :     2
    Message               : The controller was stuck during 12 percent of the simulation timesteps.
 
*** Warning at time       :      6552.000000
    Generated by Unit     :    64
    Generated by Type     :     2
    Message               : The controller was stuck during 13 percent of the simulation timesteps.
 
*** Warning at time       :      6552.000000
    Generated by Unit     :    65
    Generated by Type     :     2
    Message               : The controller was stuck during 13 percent of the simulation timesteps.
 
*** Warning at time       :      6552.000000
    Generated by Unit     :    66
    Generated by Type     :     2
    Message               : The controller was stuck during 12 percent of the simulation timesteps.
 
*** Warning at time       :      6552.000000
    Generated by Unit     :    67
    Generated by Type     :     2
    Message               : The controller was stuck during 12 percent of the simulation timesteps.
 
*** Warning at time       :      6552.000000
    Generated by Unit     :    69
    Generated by Type     :     2
    Message               : The controller was stuck during 13 percent of the simulation timesteps.
 
*** Warning at time       :      6552.000000
    Generated by Unit     :    70
    Generated by Type     :     2
    Message               : The controller was stuck during 13 percent of the simulation timesteps.
 
*** Warning at time       :      6552.000000
    Generated by Unit     :    72
    Generated by Type     :     2
    Message               : The controller was stuck during 14 percent of the simulation timesteps.
 
*** Warning at time       :      6552.000000
    Generated by Unit     :    89
    Generated by Type     :     2
    Message               : The controller was stuck during 13 percent of the simulation timesteps.
 
*** Warning at time       :      6552.000000
    Generated by Unit     :    90
    Generated by Type     :     2
    Message               : The controller was stuck during 13 percent of the simulation timesteps.
 
*** Warning at time       :      6552.000000
    Generated by Unit     :    91
    Generated by Type     :     2
    Message               : The controller was stuck during 13 percent of the simulation timesteps.
 
*** Warning at time       :      6552.000000
    Generated by Unit     :    92
    Generated by Type     :     2
    Message               : The controller was stuck during 13 percent of the simulation timesteps.
 
*** Warning at time       :      6552.000000
    Generated by Unit     :    93
    Generated by Type     :     2
    Message               : The controller was stuck during 14 percent of the simulation timesteps.
 
*** Warning at time       :      6552.000000
    Generated by Unit     :    94
    Generated by Type     :     2
    Message               : The controller was stuck during 14 percent of the simulation timesteps.
 
*** Warning at time       :      6552.000000
    Generated by Unit     :    95
    Generated by Type     :     2
    Message               : The controller was stuck during 13 percent of the simulation timesteps.
 
*** Warning at time       :      6552.000000
    Generated by Unit     :    96
    Generated by Type     :     2
    Message               : The controller was stuck during 13 percent of the simulation timesteps.
 
*** Warning at time       :      6552.000000
    Generated by Unit     :    97
    Generated by Type     :     2
    Message               : The controller was stuck during 13 percent of the simulation timesteps.
 
*** Warning at time       :      6552.000000
    Generated by Unit     :    98
    Generated by Type     :     2
    Message               : The controller was stuck during 13 percent of the simulation timesteps.
 
*** Warning at time       :      6552.000000
    Generated by Unit     :    99
    Generated by Type     :     2
    Message               : The controller was stuck during 14 percent of the simulation timesteps.
 
*** Warning at time       :      6552.000000
    Generated by Unit     :   131
    Generated by Type     :     2
    Message               : The controller was stuck during 10 percent of the simulation timesteps.
 
*** Warning at time       :      6552.000000
    Generated by Unit     :   144
    Generated by Type     :     2
    Message               : The controller was stuck during 10 percent of the simulation timesteps.
 
*** Warning at time       :      6552.000000
    Generated by Unit     :   145
    Generated by Type     :     2
    Message               : The controller was stuck during 10 percent of the simulation timesteps.
 
*** Warning at time       :      6552.000000
    Generated by Unit     :   146
    Generated by Type     :     2
    Message               : The controller was stuck during 10 percent of the simulation timesteps.
 
*** Warning at time       :      6552.000000
    Generated by Unit     :   147
    Generated by Type     :     2
    Message               : The controller was stuck during 10 percent of the simulation timesteps.
 
*** Warning at time       :      6552.000000
    Generated by Unit     :   148
    Generated by Type     :     2
    Message               : The controller was stuck during 11 percent of the simulation timesteps.
 
*** Warning at time       :      6552.000000
    Generated by Unit     :   149
    Generated by Type     :     2
    Message               : The controller was stuck during 10 percent of the simulation timesteps.
 
*** Warning at time       :      6552.000000
    Generated by Unit     :   150
    Generated by Type     :     2
    Message               : The controller was stuck during 10 percent of the simulation timesteps.
 
*** Warning at time       :      6552.000000
    Generated by Unit     :   151
    Generated by Type     :     2
    Message               : The controller was stuck during 10 percent of the simulation timesteps.
 
*** Warning at time       :      6552.000000
    Generated by Unit     :   152
    Generated by Type     :     2
    Message               : The controller was stuck during 10 percent of the simulation timesteps.
 
*** Warning at time       :      6552.000000
    Generated by Unit     :   153
    Generated by Type     :     2
    Message               : The controller was stuck during 10 percent of the simulation timesteps.
 
*** Warning at time       :      6552.000000
    Generated by Unit     :   154
    Generated by Type     :     2
    Message               : The controller was stuck during 11 percent of the simulation timesteps.
 
*** Warning at time       :      6552.000000
    Generated by Unit     : Not applicable or not available
    Generated by Type     : Not applicable or not available
    Message               : The simulation failed to converge during 1362 timesteps (10% of the time).
 
*** Warning at time       :      6552.000000
    Generated by Unit     :    71
    Generated by Type     :   954
    Message               : The file D:\Trnsys18\T\TRNSYS18\Tess Models\SampleCatalogData\AirSourceHeatPump\Normalized\ASHP_Normalized_Cooling_ARI_340.dat was called 1227 times (9% of the time) with a first independent variable value below the range supplied in the data file. Data is interpolated within the data file range but is not extrapolated beyond the range. Performance of the equipment modeled by this UNIT may be incorrect.
 
*** Warning at time       :      6552.000000
    Generated by Unit     :    71
    Generated by Type     :   954
    Message               : The file D:\Trnsys18\T\TRNSYS18\Tess Models\SampleCatalogData\AirSourceHeatPump\Normalized\ASHP_Normalized_Cooling_ARI_340.dat was called 852 times (6% of the time) with a second independent variable value below the range supplied in the data file. Data is interpolated within the data file range but is not extrapolated beyond the range. Performance of the equipment modeled by this UNIT may be incorrect.
 
*** Warning at time       :      6552.000000
    Generated by Unit     :    71
    Generated by Type     :   954
    Message               : The file D:\Trnsys18\T\TRNSYS18\Tess Models\SampleCatalogData\AirSourceHeatPump\Normalized\ASHP_Normalized_Cooling_ARI_340.dat was called 6 times (0% of the time) with a third independent variable value below the range supplied in the data file. Data is interpolated within the data file range but is not extrapolated beyond the range. Performance of the equipment modeled by this UNIT may be incorrect.
 
*** Warning at time       :      6552.000000
    Generated by Unit     :    71
    Generated by Type     :   954
    Message               : The file D:\Trnsys18\T\TRNSYS18\Tess Models\SampleCatalogData\AirSourceHeatPump\Normalized\ASHP_Normalized_Cooling_ARI_340.dat was called 43 times (0% of the time) with a third independent variable value above the range supplied in the data file. Data is interpolated within the data file range but is not extrapolated beyond the range. Performance of the equipment modeled by this UNIT may be incorrect.
 
*** Warning at time       :      6552.000000
    Generated by Unit     :    30
    Generated by Type     :   954
    Message               : The file D:\Trnsys18\T\TRNSYS18\Tess Models\SampleCatalogData\AirSourceHeatPump\Normalized\ASHP_Normalized_Cooling_ARI_340.dat was called 2524 times (18% of the time) with a first independent variable value below the range supplied in the data file. Data is interpolated within the data file range but is not extrapolated beyond the range. Performance of the equipment modeled by this UNIT may be incorrect.
 
*** Warning at time       :      6552.000000
    Generated by Unit     :    30
    Generated by Type     :   954
    Message               : The file D:\Trnsys18\T\TRNSYS18\Tess Models\SampleCatalogData\AirSourceHeatPump\Normalized\ASHP_Normalized_Cooling_ARI_340.dat was called 1786 times (13% of the time) with a second independent variable value below the range supplied in the data file. Data is interpolated within the data file range but is not extrapolated beyond the range. Performance of the equipment modeled by this UNIT may be incorrect.
 
*** Warning at time       :      6552.000000
    Generated by Unit     :    30
    Generated by Type     :   954
    Message               : The file D:\Trnsys18\T\TRNSYS18\Tess Models\SampleCatalogData\AirSourceHeatPump\Normalized\ASHP_Normalized_Cooling_ARI_340.dat was called 6 times (0% of the time) with a second independent variable value above the range supplied in the data file. Data is interpolated within the data file range but is not extrapolated beyond the range. Performance of the equipment modeled by this UNIT may be incorrect.
 
*** Warning at time       :      6552.000000
    Generated by Unit     :    30
    Generated by Type     :   954
    Message               : The file D:\Trnsys18\T\TRNSYS18\Tess Models\SampleCatalogData\AirSourceHeatPump\Normalized\ASHP_Normalized_Cooling_ARI_340.dat was called 139 times (1% of the time) with a third independent variable value below the range supplied in the data file. Data is interpolated within the data file range but is not extrapolated beyond the range. Performance of the equipment modeled by this UNIT may be incorrect.
 
*** Warning at time       :      6552.000000
    Generated by Unit     :    30
    Generated by Type     :   954
    Message               : The file D:\Trnsys18\T\TRNSYS18\Tess Models\SampleCatalogData\AirSourceHeatPump\Normalized\ASHP_Normalized_Cooling_ARI_340.dat was called 80 times (0% of the time) with a third independent variable value above the range supplied in the data file. Data is interpolated within the data file range but is not extrapolated beyond the range. Performance of the equipment modeled by this UNIT may be incorrect.
 
*** Warning at time       :      6552.000000
    Generated by Unit     :    42
    Generated by Type     :   954
    Message               : The file D:\Trnsys18\T\TRNSYS18\Tess Models\SampleCatalogData\AirSourceHeatPump\Normalized\ASHP_Normalized_Cooling_ARI_340.dat was called 2536 times (19% of the time) with a first independent variable value below the range supplied in the data file. Data is interpolated within the data file range but is not extrapolated beyond the range. Performance of the equipment modeled by this UNIT may be incorrect.
 
*** Warning at time       :      6552.000000
    Generated by Unit     :    42
    Generated by Type     :   954
    Message               : The file D:\Trnsys18\T\TRNSYS18\Tess Models\SampleCatalogData\AirSourceHeatPump\Normalized\ASHP_Normalized_Cooling_ARI_340.dat was called 1802 times (13% of the time) with a second independent variable value below the range supplied in the data file. Data is interpolated within the data file range but is not extrapolated beyond the range. Performance of the equipment modeled by this UNIT may be incorrect.
 
*** Warning at time       :      6552.000000
    Generated by Unit     :    42
    Generated by Type     :   954
    Message               : The file D:\Trnsys18\T\TRNSYS18\Tess Models\SampleCatalogData\AirSourceHeatPump\Normalized\ASHP_Normalized_Cooling_ARI_340.dat was called 6 times (0% of the time) with a second independent variable value above the range supplied in the data file. Data is interpolated within the data file range but is not extrapolated beyond the range. Performance of the equipment modeled by this UNIT may be incorrect.
 
*** Warning at time       :      6552.000000
    Generated by Unit     :    42
    Generated by Type     :   954
    Message               : The file D:\Trnsys18\T\TRNSYS18\Tess Models\SampleCatalogData\AirSourceHeatPump\Normalized\ASHP_Normalized_Cooling_ARI_340.dat was called 145 times (1% of the time) with a third independent variable value below the range supplied in the data file. Data is interpolated within the data file range but is not extrapolated beyond the range. Performance of the equipment modeled by this UNIT may be incorrect.
 
*** Warning at time       :      6552.000000
    Generated by Unit     :    42
    Generated by Type     :   954
    Message               : The file D:\Trnsys18\T\TRNSYS18\Tess Models\SampleCatalogData\AirSourceHeatPump\Normalized\ASHP_Normalized_Cooling_ARI_340.dat was called 76 times (0% of the time) with a third independent variable value above the range supplied in the data file. Data is interpolated within the data file range but is not extrapolated beyond the range. Performance of the equipment modeled by this UNIT may be incorrect.
 
*** Warning at time       :      6552.000000
    Generated by Unit     :    37
    Generated by Type     :   954
    Message               : The file D:\Trnsys18\T\TRNSYS18\Tess Models\SampleCatalogData\AirSourceHeatPump\Normalized\ASHP_Normalized_Cooling_ARI_340.dat was called 2477 times (18% of the time) with a first independent variable value below the range supplied in the data file. Data is interpolated within the data file range but is not extrapolated beyond the range. Performance of the equipment modeled by this UNIT may be incorrect.
 
*** Warning at time       :      6552.000000
    Generated by Unit     :    37
    Generated by Type     :   954
    Message               : The file D:\Trnsys18\T\TRNSYS18\Tess Models\SampleCatalogData\AirSourceHeatPump\Normalized\ASHP_Normalized_Cooling_ARI_340.dat was called 1769 times (13% of the time) with a second independent variable value below the range supplied in the data file. Data is interpolated within the data file range but is not extrapolated beyond the range. Performance of the equipment modeled by this UNIT may be incorrect.
 
*** Warning at time       :      6552.000000
    Generated by Unit     :    37
    Generated by Type     :   954
    Message               : The file D:\Trnsys18\T\TRNSYS18\Tess Models\SampleCatalogData\AirSourceHeatPump\Normalized\ASHP_Normalized_Cooling_ARI_340.dat was called 4 times (0% of the time) with a second independent variable value above the range supplied in the data file. Data is interpolated within the data file range but is not extrapolated beyond the range. Performance of the equipment modeled by this UNIT may be incorrect.
 
*** Warning at time       :      6552.000000
    Generated by Unit     :    37
    Generated by Type     :   954
    Message               : The file D:\Trnsys18\T\TRNSYS18\Tess Models\SampleCatalogData\AirSourceHeatPump\Normalized\ASHP_Normalized_Cooling_ARI_340.dat was called 141 times (1% of the time) with a third independent variable value below the range supplied in the data file. Data is interpolated within the data file range but is not extrapolated beyond the range. Performance of the equipment modeled by this UNIT may be incorrect.
 
*** Warning at time       :      6552.000000
    Generated by Unit     :    37
    Generated by Type     :   954
    Message               : The file D:\Trnsys18\T\TRNSYS18\Tess Models\SampleCatalogData\AirSourceHeatPump\Normalized\ASHP_Normalized_Cooling_ARI_340.dat was called 87 times (0% of the time) with a third independent variable value above the range supplied in the data file. Data is interpolated within the data file range but is not extrapolated beyond the range. Performance of the equipment modeled by this UNIT may be incorrect.
 
*** Warning at time       :      6552.000000
    Generated by Unit     :    38
    Generated by Type     :   954
    Message               : The file D:\Trnsys18\T\TRNSYS18\Tess Models\SampleCatalogData\AirSourceHeatPump\Normalized\ASHP_Normalized_Cooling_ARI_340.dat was called 2446 times (18% of the time) with a first independent variable value below the range supplied in the data file. Data is interpolated within the data file range but is not extrapolated beyond the range. Performance of the equipment modeled by this UNIT may be incorrect.
 
*** Warning at time       :      6552.000000
    Generated by Unit     :    38
    Generated by Type     :   954
    Message               : The file D:\Trnsys18\T\TRNSYS18\Tess Models\SampleCatalogData\AirSourceHeatPump\Normalized\ASHP_Normalized_Cooling_ARI_340.dat was called 1755 times (13% of the time) with a second independent variable value below the range supplied in the data file. Data is interpolated within the data file range but is not extrapolated beyond the range. Performance of the equipment modeled by this UNIT may be incorrect.
 
*** Warning at time       :      6552.000000
    Generated by Unit     :    38
    Generated by Type     :   954
    Message               : The file D:\Trnsys18\T\TRNSYS18\Tess Models\SampleCatalogData\AirSourceHeatPump\Normalized\ASHP_Normalized_Cooling_ARI_340.dat was called 4 times (0% of the time) with a second independent variable value above the range supplied in the data file. Data is interpolated within the data file range but is not extrapolated beyond the range. Performance of the equipment modeled by this UNIT may be incorrect.
 
*** Warning at time       :      6552.000000
    Generated by Unit     :    38
    Generated by Type     :   954
    Message               : The file D:\Trnsys18\T\TRNSYS18\Tess Models\SampleCatalogData\AirSourceHeatPump\Normalized\ASHP_Normalized_Cooling_ARI_340.dat was called 140 times (1% of the time) with a third independent variable value below the range supplied in the data file. Data is interpolated within the data file range but is not extrapolated beyond the range. Performance of the equipment modeled by this UNIT may be incorrect.
 
*** Warning at time       :      6552.000000
    Generated by Unit     :    38
    Generated by Type     :   954
    Message               : The file D:\Trnsys18\T\TRNSYS18\Tess Models\SampleCatalogData\AirSourceHeatPump\Normalized\ASHP_Normalized_Cooling_ARI_340.dat was called 86 times (0% of the time) with a third independent variable value above the range supplied in the data file. Data is interpolated within the data file range but is not extrapolated beyond the range. Performance of the equipment modeled by this UNIT may be incorrect.
 
*** Warning at time       :      6552.000000
    Generated by Unit     :    39
    Generated by Type     :   954
    Message               : The file D:\Trnsys18\T\TRNSYS18\Tess Models\SampleCatalogData\AirSourceHeatPump\Normalized\ASHP_Normalized_Cooling_ARI_340.dat was called 2457 times (18% of the time) with a first independent variable value below the range supplied in the data file. Data is interpolated within the data file range but is not extrapolated beyond the range. Performance of the equipment modeled by this UNIT may be incorrect.
 
*** Warning at time       :      6552.000000
    Generated by Unit     :    39
    Generated by Type     :   954
    Message               : The file D:\Trnsys18\T\TRNSYS18\Tess Models\SampleCatalogData\AirSourceHeatPump\Normalized\ASHP_Normalized_Cooling_ARI_340.dat was called 1761 times (13% of the time) with a second independent variable value below the range supplied in the data file. Data is interpolated within the data file range but is not extrapolated beyond the range. Performance of the equipment modeled by this UNIT may be incorrect.
 
*** Warning at time       :      6552.000000
    Generated by Unit     :    39
    Generated by Type     :   954
    Message               : The file D:\Trnsys18\T\TRNSYS18\Tess Models\SampleCatalogData\AirSourceHeatPump\Normalized\ASHP_Normalized_Cooling_ARI_340.dat was called 4 times (0% of the time) with a second independent variable value above the range supplied in the data file. Data is interpolated within the data file range but is not extrapolated beyond the range. Performance of the equipment modeled by this UNIT may be incorrect.
 
*** Warning at time       :      6552.000000
    Generated by Unit     :    39
    Generated by Type     :   954
    Message               : The file D:\Trnsys18\T\TRNSYS18\Tess Models\SampleCatalogData\AirSourceHeatPump\Normalized\ASHP_Normalized_Cooling_ARI_340.dat was called 140 times (1% of the time) with a third independent variable value below the range supplied in the data file. Data is interpolated within the data file range but is not extrapolated beyond the range. Performance of the equipment modeled by this UNIT may be incorrect.
 
*** Warning at time       :      6552.000000
    Generated by Unit     :    39
    Generated by Type     :   954
    Message               : The file D:\Trnsys18\T\TRNSYS18\Tess Models\SampleCatalogData\AirSourceHeatPump\Normalized\ASHP_Normalized_Cooling_ARI_340.dat was called 85 times (0% of the time) with a third independent variable value above the range supplied in the data file. Data is interpolated within the data file range but is not extrapolated beyond the range. Performance of the equipment modeled by this UNIT may be incorrect.
 
*** Warning at time       :      6552.000000
    Generated by Unit     :    40
    Generated by Type     :   954
    Message               : The file D:\Trnsys18\T\TRNSYS18\Tess Models\SampleCatalogData\AirSourceHeatPump\Normalized\ASHP_Normalized_Cooling_ARI_340.dat was called 2466 times (18% of the time) with a first independent variable value below the range supplied in the data file. Data is interpolated within the data file range but is not extrapolated beyond the range. Performance of the equipment modeled by this UNIT may be incorrect.
 
*** Warning at time       :      6552.000000
    Generated by Unit     :    40
    Generated by Type     :   954
    Message               : The file D:\Trnsys18\T\TRNSYS18\Tess Models\SampleCatalogData\AirSourceHeatPump\Normalized\ASHP_Normalized_Cooling_ARI_340.dat was called 1756 times (13% of the time) with a second independent variable value below the range supplied in the data file. Data is interpolated within the data file range but is not extrapolated beyond the range. Performance of the equipment modeled by this UNIT may be incorrect.
 
*** Warning at time       :      6552.000000
    Generated by Unit     :    40
    Generated by Type     :   954
    Message               : The file D:\Trnsys18\T\TRNSYS18\Tess Models\SampleCatalogData\AirSourceHeatPump\Normalized\ASHP_Normalized_Cooling_ARI_340.dat was called 5 times (0% of the time) with a second independent variable value above the range supplied in the data file. Data is interpolated within the data file range but is not extrapolated beyond the range. Performance of the equipment modeled by this UNIT may be incorrect.
 
*** Warning at time       :      6552.000000
    Generated by Unit     :    40
    Generated by Type     :   954
    Message               : The file D:\Trnsys18\T\TRNSYS18\Tess Models\SampleCatalogData\AirSourceHeatPump\Normalized\ASHP_Normalized_Cooling_ARI_340.dat was called 145 times (1% of the time) with a third independent variable value below the range supplied in the data file. Data is interpolated within the data file range but is not extrapolated beyond the range. Performance of the equipment modeled by this UNIT may be incorrect.
 
*** Warning at time       :      6552.000000
    Generated by Unit     :    40
    Generated by Type     :   954
    Message               : The file D:\Trnsys18\T\TRNSYS18\Tess Models\SampleCatalogData\AirSourceHeatPump\Normalized\ASHP_Normalized_Cooling_ARI_340.dat was called 81 times (0% of the time) with a third independent variable value above the range supplied in the data file. Data is interpolated within the data file range but is not extrapolated beyond the range. Performance of the equipment modeled by this UNIT may be incorrect.
 
*** Warning at time       :      6552.000000
    Generated by Unit     :    43
    Generated by Type     :   954
    Message               : The file D:\Trnsys18\T\TRNSYS18\Tess Models\SampleCatalogData\AirSourceHeatPump\Normalized\ASHP_Normalized_Cooling_ARI_340.dat was called 2498 times (18% of the time) with a first independent variable value below the range supplied in the data file. Data is interpolated within the data file range but is not extrapolated beyond the range. Performance of the equipment modeled by this UNIT may be incorrect.
 
*** Warning at time       :      6552.000000
    Generated by Unit     :    43
    Generated by Type     :   954
    Message               : The file D:\Trnsys18\T\TRNSYS18\Tess Models\SampleCatalogData\AirSourceHeatPump\Normalized\ASHP_Normalized_Cooling_ARI_340.dat was called 1780 times (13% of the time) with a second independent variable value below the range supplied in the data file. Data is interpolated within the data file range but is not extrapolated beyond the range. Performance of the equipment modeled by this UNIT may be incorrect.
 
*** Warning at time       :      6552.000000
    Generated by Unit     :    43
    Generated by Type     :   954
    Message               : The file D:\Trnsys18\T\TRNSYS18\Tess Models\SampleCatalogData\AirSourceHeatPump\Normalized\ASHP_Normalized_Cooling_ARI_340.dat was called 4 times (0% of the time) with a second independent variable value above the range supplied in the data file. Data is interpolated within the data file range but is not extrapolated beyond the range. Performance of the equipment modeled by this UNIT may be incorrect.
 
*** Warning at time       :      6552.000000
    Generated by Unit     :    43
    Generated by Type     :   954
    Message               : The file D:\Trnsys18\T\TRNSYS18\Tess Models\SampleCatalogData\AirSourceHeatPump\Normalized\ASHP_Normalized_Cooling_ARI_340.dat was called 145 times (1% of the time) with a third independent variable value below the range supplied in the data file. Data is interpolated within the data file range but is not extrapolated beyond the range. Performance of the equipment modeled by this UNIT may be incorrect.
 
*** Warning at time       :      6552.000000
    Generated by Unit     :    43
    Generated by Type     :   954
    Message               : The file D:\Trnsys18\T\TRNSYS18\Tess Models\SampleCatalogData\AirSourceHeatPump\Normalized\ASHP_Normalized_Cooling_ARI_340.dat was called 82 times (0% of the time) with a third independent variable value above the range supplied in the data file. Data is interpolated within the data file range but is not extrapolated beyond the range. Performance of the equipment modeled by this UNIT may be incorrect.
 
*** Warning at time       :      6552.000000
    Generated by Unit     :    44
    Generated by Type     :   954
    Message               : The file D:\Trnsys18\T\TRNSYS18\Tess Models\SampleCatalogData\AirSourceHeatPump\Normalized\ASHP_Normalized_Cooling_ARI_340.dat was called 2494 times (18% of the time) with a first independent variable value below the range supplied in the data file. Data is interpolated within the data file range but is not extrapolated beyond the range. Performance of the equipment modeled by this UNIT may be incorrect.
 
*** Warning at time       :      6552.000000
    Generated by Unit     :    44
    Generated by Type     :   954
    Message               : The file D:\Trnsys18\T\TRNSYS18\Tess Models\SampleCatalogData\AirSourceHeatPump\Normalized\ASHP_Normalized_Cooling_ARI_340.dat was called 1785 times (13% of the time) with a second independent variable value below the range supplied in the data file. Data is interpolated within the data file range but is not extrapolated beyond the range. Performance of the equipment modeled by this UNIT may be incorrect.
 
*** Warning at time       :      6552.000000
    Generated by Unit     :    44
    Generated by Type     :   954
    Message               : The file D:\Trnsys18\T\TRNSYS18\Tess Models\SampleCatalogData\AirSourceHeatPump\Normalized\ASHP_Normalized_Cooling_ARI_340.dat was called 4 times (0% of the time) with a second independent variable value above the range supplied in the data file. Data is interpolated within the data file range but is not extrapolated beyond the range. Performance of the equipment modeled by this UNIT may be incorrect.
 
*** Warning at time       :      6552.000000
    Generated by Unit     :    44
    Generated by Type     :   954
    Message               : The file D:\Trnsys18\T\TRNSYS18\Tess Models\SampleCatalogData\AirSourceHeatPump\Normalized\ASHP_Normalized_Cooling_ARI_340.dat was called 141 times (1% of the time) with a third independent variable value below the range supplied in the data file. Data is interpolated within the data file range but is not extrapolated beyond the range. Performance of the equipment modeled by this UNIT may be incorrect.
 
*** Warning at time       :      6552.000000
    Generated by Unit     :    44
    Generated by Type     :   954
    Message               : The file D:\Trnsys18\T\TRNSYS18\Tess Models\SampleCatalogData\AirSourceHeatPump\Normalized\ASHP_Normalized_Cooling_ARI_340.dat was called 76 times (0% of the time) with a third independent variable value above the range supplied in the data file. Data is interpolated within the data file range but is not extrapolated beyond the range. Performance of the equipment modeled by this UNIT may be incorrect.
 
*** Warning at time       :      6552.000000
    Generated by Unit     :    45
    Generated by Type     :   954
    Message               : The file D:\Trnsys18\T\TRNSYS18\Tess Models\SampleCatalogData\AirSourceHeatPump\Normalized\ASHP_Normalized_Cooling_ARI_340.dat was called 2858 times (21% of the time) with a first independent variable value below the range supplied in the data file. Data is interpolated within the data file range but is not extrapolated beyond the range. Performance of the equipment modeled by this UNIT may be incorrect.
 
*** Warning at time       :      6552.000000
    Generated by Unit     :    45
    Generated by Type     :   954
    Message               : The file D:\Trnsys18\T\TRNSYS18\Tess Models\SampleCatalogData\AirSourceHeatPump\Normalized\ASHP_Normalized_Cooling_ARI_340.dat was called 1570 times (11% of the time) with a second independent variable value below the range supplied in the data file. Data is interpolated within the data file range but is not extrapolated beyond the range. Performance of the equipment modeled by this UNIT may be incorrect.
 
*** Warning at time       :      6552.000000
    Generated by Unit     :    45
    Generated by Type     :   954
    Message               : The file D:\Trnsys18\T\TRNSYS18\Tess Models\SampleCatalogData\AirSourceHeatPump\Normalized\ASHP_Normalized_Cooling_ARI_340.dat was called 3 times (0% of the time) with a second independent variable value above the range supplied in the data file. Data is interpolated within the data file range but is not extrapolated beyond the range. Performance of the equipment modeled by this UNIT may be incorrect.
 
*** Warning at time       :      6552.000000
    Generated by Unit     :    45
    Generated by Type     :   954
    Message               : The file D:\Trnsys18\T\TRNSYS18\Tess Models\SampleCatalogData\AirSourceHeatPump\Normalized\ASHP_Normalized_Cooling_ARI_340.dat was called 912 times (6% of the time) with a third independent variable value above the range supplied in the data file. Data is interpolated within the data file range but is not extrapolated beyond the range. Performance of the equipment modeled by this UNIT may be incorrect.
 
*** Warning at time       :      6552.000000
    Generated by Unit     :    46
    Generated by Type     :   954
    Message               : The file D:\Trnsys18\T\TRNSYS18\Tess Models\SampleCatalogData\AirSourceHeatPump\Normalized\ASHP_Normalized_Cooling_ARI_340.dat was called 2492 times (18% of the time) with a first independent variable value below the range supplied in the data file. Data is interpolated within the data file range but is not extrapolated beyond the range. Performance of the equipment modeled by this UNIT may be incorrect.
 
*** Warning at time       :      6552.000000
    Generated by Unit     :    46
    Generated by Type     :   954
    Message               : The file D:\Trnsys18\T\TRNSYS18\Tess Models\SampleCatalogData\AirSourceHeatPump\Normalized\ASHP_Normalized_Cooling_ARI_340.dat was called 1770 times (13% of the time) with a second independent variable value below the range supplied in the data file. Data is interpolated within the data file range but is not extrapolated beyond the range. Performance of the equipment modeled by this UNIT may be incorrect.
 
*** Warning at time       :      6552.000000
    Generated by Unit     :    46
    Generated by Type     :   954
    Message               : The file D:\Trnsys18\T\TRNSYS18\Tess Models\SampleCatalogData\AirSourceHeatPump\Normalized\ASHP_Normalized_Cooling_ARI_340.dat was called 6 times (0% of the time) with a second independent variable value above the range supplied in the data file. Data is interpolated within the data file range but is not extrapolated beyond the range. Performance of the equipment modeled by this UNIT may be incorrect.
 
*** Warning at time       :      6552.000000
    Generated by Unit     :    46
    Generated by Type     :   954
    Message               : The file D:\Trnsys18\T\TRNSYS18\Tess Models\SampleCatalogData\AirSourceHeatPump\Normalized\ASHP_Normalized_Cooling_ARI_340.dat was called 141 times (1% of the time) with a third independent variable value below the range supplied in the data file. Data is interpolated within the data file range but is not extrapolated beyond the range. Performance of the equipment modeled by this UNIT may be incorrect.
 
*** Warning at time       :      6552.000000
    Generated by Unit     :    46
    Generated by Type     :   954
    Message               : The file D:\Trnsys18\T\TRNSYS18\Tess Models\SampleCatalogData\AirSourceHeatPump\Normalized\ASHP_Normalized_Cooling_ARI_340.dat was called 78 times (0% of the time) with a third independent variable value above the range supplied in the data file. Data is interpolated within the data file range but is not extrapolated beyond the range. Performance of the equipment modeled by this UNIT may be incorrect.
 
*** Warning at time       :      6552.000000
    Generated by Unit     :    41
    Generated by Type     :   954
    Message               : The file D:\Trnsys18\T\TRNSYS18\Tess Models\SampleCatalogData\AirSourceHeatPump\Normalized\ASHP_Normalized_Cooling_ARI_340.dat was called 2445 times (18% of the time) with a first independent variable value below the range supplied in the data file. Data is interpolated within the data file range but is not extrapolated beyond the range. Performance of the equipment modeled by this UNIT may be incorrect.
 
*** Warning at time       :      6552.000000
    Generated by Unit     :    41
    Generated by Type     :   954
    Message               : The file D:\Trnsys18\T\TRNSYS18\Tess Models\SampleCatalogData\AirSourceHeatPump\Normalized\ASHP_Normalized_Cooling_ARI_340.dat was called 1667 times (12% of the time) with a second independent variable value below the range supplied in the data file. Data is interpolated within the data file range but is not extrapolated beyond the range. Performance of the equipment modeled by this UNIT may be incorrect.
 
*** Warning at time       :      6552.000000
    Generated by Unit     :    41
    Generated by Type     :   954
    Message               : The file D:\Trnsys18\T\TRNSYS18\Tess Models\SampleCatalogData\AirSourceHeatPump\Normalized\ASHP_Normalized_Cooling_ARI_340.dat was called 9 times (0% of the time) with a second independent variable value above the range supplied in the data file. Data is interpolated within the data file range but is not extrapolated beyond the range. Performance of the equipment modeled by this UNIT may be incorrect.
 
*** Warning at time       :      6552.000000
    Generated by Unit     :    41
    Generated by Type     :   954
    Message               : The file D:\Trnsys18\T\TRNSYS18\Tess Models\SampleCatalogData\AirSourceHeatPump\Normalized\ASHP_Normalized_Cooling_ARI_340.dat was called 126 times (0% of the time) with a third independent variable value below the range supplied in the data file. Data is interpolated within the data file range but is not extrapolated beyond the range. Performance of the equipment modeled by this UNIT may be incorrect.
 
*** Warning at time       :      6552.000000
    Generated by Unit     :    41
    Generated by Type     :   954
    Message               : The file D:\Trnsys18\T\TRNSYS18\Tess Models\SampleCatalogData\AirSourceHeatPump\Normalized\ASHP_Normalized_Cooling_ARI_340.dat was called 88 times (0% of the time) with a third independent variable value above the range supplied in the data file. Data is interpolated within the data file range but is not extrapolated beyond the range. Performance of the equipment modeled by this UNIT may be incorrect.
 
*** Warning at time       :      6552.000000
    Generated by Unit     :    47
    Generated by Type     :   954
    Message               : The file D:\Trnsys18\T\TRNSYS18\Tess Models\SampleCatalogData\AirSourceHeatPump\Normalized\ASHP_Normalized_Cooling_ARI_340.dat was called 2455 times (18% of the time) with a first independent variable value below the range supplied in the data file. Data is interpolated within the data file range but is not extrapolated beyond the range. Performance of the equipment modeled by this UNIT may be incorrect.
 
*** Warning at time       :      6552.000000
    Generated by Unit     :    47
    Generated by Type     :   954
    Message               : The file D:\Trnsys18\T\TRNSYS18\Tess Models\SampleCatalogData\AirSourceHeatPump\Normalized\ASHP_Normalized_Cooling_ARI_340.dat was called 1671 times (12% of the time) with a second independent variable value below the range supplied in the data file. Data is interpolated within the data file range but is not extrapolated beyond the range. Performance of the equipment modeled by this UNIT may be incorrect.
 
*** Warning at time       :      6552.000000
    Generated by Unit     :    47
    Generated by Type     :   954
    Message               : The file D:\Trnsys18\T\TRNSYS18\Tess Models\SampleCatalogData\AirSourceHeatPump\Normalized\ASHP_Normalized_Cooling_ARI_340.dat was called 9 times (0% of the time) with a second independent variable value above the range supplied in the data file. Data is interpolated within the data file range but is not extrapolated beyond the range. Performance of the equipment modeled by this UNIT may be incorrect.
 
*** Warning at time       :      6552.000000
    Generated by Unit     :    47
    Generated by Type     :   954
    Message               : The file D:\Trnsys18\T\TRNSYS18\Tess Models\SampleCatalogData\AirSourceHeatPump\Normalized\ASHP_Normalized_Cooling_ARI_340.dat was called 122 times (0% of the time) with a third independent variable value below the range supplied in the data file. Data is interpolated within the data file range but is not extrapolated beyond the range. Performance of the equipment modeled by this UNIT may be incorrect.
 
*** Warning at time       :      6552.000000
    Generated by Unit     :    47
    Generated by Type     :   954
    Message               : The file D:\Trnsys18\T\TRNSYS18\Tess Models\SampleCatalogData\AirSourceHeatPump\Normalized\ASHP_Normalized_Cooling_ARI_340.dat was called 78 times (0% of the time) with a third independent variable value above the range supplied in the data file. Data is interpolated within the data file range but is not extrapolated beyond the range. Performance of the equipment modeled by this UNIT may be incorrect.
 
*** Warning at time       :      6552.000000
    Generated by Unit     :    78
    Generated by Type     :   954
    Message               : The file D:\Trnsys18\T\TRNSYS18\Tess Models\SampleCatalogData\AirSourceHeatPump\Normalized\ASHP_Normalized_Cooling_ARI_340.dat was called 1150 times (8% of the time) with a first independent variable value below the range supplied in the data file. Data is interpolated within the data file range but is not extrapolated beyond the range. Performance of the equipment modeled by this UNIT may be incorrect.
 
*** Warning at time       :      6552.000000
    Generated by Unit     :    78
    Generated by Type     :   954
    Message               : The file D:\Trnsys18\T\TRNSYS18\Tess Models\SampleCatalogData\AirSourceHeatPump\Normalized\ASHP_Normalized_Cooling_ARI_340.dat was called 760 times (5% of the time) with a second independent variable value below the range supplied in the data file. Data is interpolated within the data file range but is not extrapolated beyond the range. Performance of the equipment modeled by this UNIT may be incorrect.
 
*** Warning at time       :      6552.000000
    Generated by Unit     :    78
    Generated by Type     :   954
    Message               : The file D:\Trnsys18\T\TRNSYS18\Tess Models\SampleCatalogData\AirSourceHeatPump\Normalized\ASHP_Normalized_Cooling_ARI_340.dat was called 4 times (0% of the time) with a third independent variable value below the range supplied in the data file. Data is interpolated within the data file range but is not extrapolated beyond the range. Performance of the equipment modeled by this UNIT may be incorrect.
 
*** Warning at time       :      6552.000000
    Generated by Unit     :    78
    Generated by Type     :   954
    Message               : The file D:\Trnsys18\T\TRNSYS18\Tess Models\SampleCatalogData\AirSourceHeatPump\Normalized\ASHP_Normalized_Cooling_ARI_340.dat was called 48 times (0% of the time) with a third independent variable value above the range supplied in the data file. Data is interpolated within the data file range but is not extrapolated beyond the range. Performance of the equipment modeled by this UNIT may be incorrect.
 
*** Warning at time       :      6552.000000
    Generated by Unit     :    83
    Generated by Type     :   954
    Message               : The file D:\Trnsys18\T\TRNSYS18\Tess Models\SampleCatalogData\AirSourceHeatPump\Normalized\ASHP_Normalized_Cooling_ARI_340.dat was called 1206 times (9% of the time) with a first independent variable value below the range supplied in the data file. Data is interpolated within the data file range but is not extrapolated beyond the range. Performance of the equipment modeled by this UNIT may be incorrect.
 
*** Warning at time       :      6552.000000
    Generated by Unit     :    83
    Generated by Type     :   954
    Message               : The file D:\Trnsys18\T\TRNSYS18\Tess Models\SampleCatalogData\AirSourceHeatPump\Normalized\ASHP_Normalized_Cooling_ARI_340.dat was called 827 times (6% of the time) with a second independent variable value below the range supplied in the data file. Data is interpolated within the data file range but is not extrapolated beyond the range. Performance of the equipment modeled by this UNIT may be incorrect.
 
*** Warning at time       :      6552.000000
    Generated by Unit     :    83
    Generated by Type     :   954
    Message               : The file D:\Trnsys18\T\TRNSYS18\Tess Models\SampleCatalogData\AirSourceHeatPump\Normalized\ASHP_Normalized_Cooling_ARI_340.dat was called 6 times (0% of the time) with a third independent variable value below the range supplied in the data file. Data is interpolated within the data file range but is not extrapolated beyond the range. Performance of the equipment modeled by this UNIT may be incorrect.
 
*** Warning at time       :      6552.000000
    Generated by Unit     :    83
    Generated by Type     :   954
    Message               : The file D:\Trnsys18\T\TRNSYS18\Tess Models\SampleCatalogData\AirSourceHeatPump\Normalized\ASHP_Normalized_Cooling_ARI_340.dat was called 46 times (0% of the time) with a third independent variable value above the range supplied in the data file. Data is interpolated within the data file range but is not extrapolated beyond the range. Performance of the equipment modeled by this UNIT may be incorrect.
 
*** Warning at time       :      6552.000000
    Generated by Unit     :    79
    Generated by Type     :   954
    Message               : The file D:\Trnsys18\T\TRNSYS18\Tess Models\SampleCatalogData\AirSourceHeatPump\Normalized\ASHP_Normalized_Cooling_ARI_340.dat was called 1148 times (8% of the time) with a first independent variable value below the range supplied in the data file. Data is interpolated within the data file range but is not extrapolated beyond the range. Performance of the equipment modeled by this UNIT may be incorrect.
 
*** Warning at time       :      6552.000000
    Generated by Unit     :    79
    Generated by Type     :   954
    Message               : The file D:\Trnsys18\T\TRNSYS18\Tess Models\SampleCatalogData\AirSourceHeatPump\Normalized\ASHP_Normalized_Cooling_ARI_340.dat was called 759 times (5% of the time) with a second independent variable value below the range supplied in the data file. Data is interpolated within the data file range but is not extrapolated beyond the range. Performance of the equipment modeled by this UNIT may be incorrect.
 
*** Warning at time       :      6552.000000
    Generated by Unit     :    79
    Generated by Type     :   954
    Message               : The file D:\Trnsys18\T\TRNSYS18\Tess Models\SampleCatalogData\AirSourceHeatPump\Normalized\ASHP_Normalized_Cooling_ARI_340.dat was called 1 times (0% of the time) with a third independent variable value below the range supplied in the data file. Data is interpolated within the data file range but is not extrapolated beyond the range. Performance of the equipment modeled by this UNIT may be incorrect.
 
*** Warning at time       :      6552.000000
    Generated by Unit     :    79
    Generated by Type     :   954
    Message               : The file D:\Trnsys18\T\TRNSYS18\Tess Models\SampleCatalogData\AirSourceHeatPump\Normalized\ASHP_Normalized_Cooling_ARI_340.dat was called 48 times (0% of the time) with a third independent variable value above the range supplied in the data file. Data is interpolated within the data file range but is not extrapolated beyond the range. Performance of the equipment modeled by this UNIT may be incorrect.
 
*** Warning at time       :      6552.000000
    Generated by Unit     :    80
    Generated by Type     :   954
    Message               : The file D:\Trnsys18\T\TRNSYS18\Tess Models\SampleCatalogData\AirSourceHeatPump\Normalized\ASHP_Normalized_Cooling_ARI_340.dat was called 1150 times (8% of the time) with a first independent variable value below the range supplied in the data file. Data is interpolated within the data file range but is not extrapolated beyond the range. Performance of the equipment modeled by this UNIT may be incorrect.
 
*** Warning at time       :      6552.000000
    Generated by Unit     :    80
    Generated by Type     :   954
    Message               : The file D:\Trnsys18\T\TRNSYS18\Tess Models\SampleCatalogData\AirSourceHeatPump\Normalized\ASHP_Normalized_Cooling_ARI_340.dat was called 762 times (5% of the time) with a second independent variable value below the range supplied in the data file. Data is interpolated within the data file range but is not extrapolated beyond the range. Performance of the equipment modeled by this UNIT may be incorrect.
 
*** Warning at time       :      6552.000000
    Generated by Unit     :    80
    Generated by Type     :   954
    Message               : The file D:\Trnsys18\T\TRNSYS18\Tess Models\SampleCatalogData\AirSourceHeatPump\Normalized\ASHP_Normalized_Cooling_ARI_340.dat was called 1 times (0% of the time) with a third independent variable value below the range supplied in the data file. Data is interpolated within the data file range but is not extrapolated beyond the range. Performance of the equipment modeled by this UNIT may be incorrect.
 
*** Warning at time       :      6552.000000
    Generated by Unit     :    80
    Generated by Type     :   954
    Message               : The file D:\Trnsys18\T\TRNSYS18\Tess Models\SampleCatalogData\AirSourceHeatPump\Normalized\ASHP_Normalized_Cooling_ARI_340.dat was called 48 times (0% of the time) with a third independent variable value above the range supplied in the data file. Data is interpolated within the data file range but is not extrapolated beyond the range. Performance of the equipment modeled by this UNIT may be incorrect.
 
*** Warning at time       :      6552.000000
    Generated by Unit     :    81
    Generated by Type     :   954
    Message               : The file D:\Trnsys18\T\TRNSYS18\Tess Models\SampleCatalogData\AirSourceHeatPump\Normalized\ASHP_Normalized_Cooling_ARI_340.dat was called 1162 times (8% of the time) with a first independent variable value below the range supplied in the data file. Data is interpolated within the data file range but is not extrapolated beyond the range. Performance of the equipment modeled by this UNIT may be incorrect.
 
*** Warning at time       :      6552.000000
    Generated by Unit     :    81
    Generated by Type     :   954
    Message               : The file D:\Trnsys18\T\TRNSYS18\Tess Models\SampleCatalogData\AirSourceHeatPump\Normalized\ASHP_Normalized_Cooling_ARI_340.dat was called 769 times (5% of the time) with a second independent variable value below the range supplied in the data file. Data is interpolated within the data file range but is not extrapolated beyond the range. Performance of the equipment modeled by this UNIT may be incorrect.
 
*** Warning at time       :      6552.000000
    Generated by Unit     :    81
    Generated by Type     :   954
    Message               : The file D:\Trnsys18\T\TRNSYS18\Tess Models\SampleCatalogData\AirSourceHeatPump\Normalized\ASHP_Normalized_Cooling_ARI_340.dat was called 3 times (0% of the time) with a third independent variable value below the range supplied in the data file. Data is interpolated within the data file range but is not extrapolated beyond the range. Performance of the equipment modeled by this UNIT may be incorrect.
 
*** Warning at time       :      6552.000000
    Generated by Unit     :    81
    Generated by Type     :   954
    Message               : The file D:\Trnsys18\T\TRNSYS18\Tess Models\SampleCatalogData\AirSourceHeatPump\Normalized\ASHP_Normalized_Cooling_ARI_340.dat was called 46 times (0% of the time) with a third independent variable value above the range supplied in the data file. Data is interpolated within the data file range but is not extrapolated beyond the range. Performance of the equipment modeled by this UNIT may be incorrect.
 
*** Warning at time       :      6552.000000
    Generated by Unit     :    84
    Generated by Type     :   954
    Message               : The file D:\Trnsys18\T\TRNSYS18\Tess Models\SampleCatalogData\AirSourceHeatPump\Normalized\ASHP_Normalized_Cooling_ARI_340.dat was called 1156 times (8% of the time) with a first independent variable value below the range supplied in the data file. Data is interpolated within the data file range but is not extrapolated beyond the range. Performance of the equipment modeled by this UNIT may be incorrect.
 
*** Warning at time       :      6552.000000
    Generated by Unit     :    84
    Generated by Type     :   954
    Message               : The file D:\Trnsys18\T\TRNSYS18\Tess Models\SampleCatalogData\AirSourceHeatPump\Normalized\ASHP_Normalized_Cooling_ARI_340.dat was called 768 times (5% of the time) with a second independent variable value below the range supplied in the data file. Data is interpolated within the data file range but is not extrapolated beyond the range. Performance of the equipment modeled by this UNIT may be incorrect.
 
*** Warning at time       :      6552.000000
    Generated by Unit     :    84
    Generated by Type     :   954
    Message               : The file D:\Trnsys18\T\TRNSYS18\Tess Models\SampleCatalogData\AirSourceHeatPump\Normalized\ASHP_Normalized_Cooling_ARI_340.dat was called 3 times (0% of the time) with a third independent variable value below the range supplied in the data file. Data is interpolated within the data file range but is not extrapolated beyond the range. Performance of the equipment modeled by this UNIT may be incorrect.
 
*** Warning at time       :      6552.000000
    Generated by Unit     :    84
    Generated by Type     :   954
    Message               : The file D:\Trnsys18\T\TRNSYS18\Tess Models\SampleCatalogData\AirSourceHeatPump\Normalized\ASHP_Normalized_Cooling_ARI_340.dat was called 48 times (0% of the time) with a third independent variable value above the range supplied in the data file. Data is interpolated within the data file range but is not extrapolated beyond the range. Performance of the equipment modeled by this UNIT may be incorrect.
 
*** Warning at time       :      6552.000000
    Generated by Unit     :    85
    Generated by Type     :   954
    Message               : The file D:\Trnsys18\T\TRNSYS18\Tess Models\SampleCatalogData\AirSourceHeatPump\Normalized\ASHP_Normalized_Cooling_ARI_340.dat was called 1149 times (8% of the time) with a first independent variable value below the range supplied in the data file. Data is interpolated within the data file range but is not extrapolated beyond the range. Performance of the equipment modeled by this UNIT may be incorrect.
 
*** Warning at time       :      6552.000000
    Generated by Unit     :    85
    Generated by Type     :   954
    Message               : The file D:\Trnsys18\T\TRNSYS18\Tess Models\SampleCatalogData\AirSourceHeatPump\Normalized\ASHP_Normalized_Cooling_ARI_340.dat was called 769 times (5% of the time) with a second independent variable value below the range supplied in the data file. Data is interpolated within the data file range but is not extrapolated beyond the range. Performance of the equipment modeled by this UNIT may be incorrect.
 
*** Warning at time       :      6552.000000
    Generated by Unit     :    85
    Generated by Type     :   954
    Message               : The file D:\Trnsys18\T\TRNSYS18\Tess Models\SampleCatalogData\AirSourceHeatPump\Normalized\ASHP_Normalized_Cooling_ARI_340.dat was called 2 times (0% of the time) with a third independent variable value below the range supplied in the data file. Data is interpolated within the data file range but is not extrapolated beyond the range. Performance of the equipment modeled by this UNIT may be incorrect.
 
*** Warning at time       :      6552.000000
    Generated by Unit     :    85
    Generated by Type     :   954
    Message               : The file D:\Trnsys18\T\TRNSYS18\Tess Models\SampleCatalogData\AirSourceHeatPump\Normalized\ASHP_Normalized_Cooling_ARI_340.dat was called 48 times (0% of the time) with a third independent variable value above the range supplied in the data file. Data is interpolated within the data file range but is not extrapolated beyond the range. Performance of the equipment modeled by this UNIT may be incorrect.
 
*** Warning at time       :      6552.000000
    Generated by Unit     :    86
    Generated by Type     :   954
    Message               : The file D:\Trnsys18\T\TRNSYS18\Tess Models\SampleCatalogData\AirSourceHeatPump\Normalized\ASHP_Normalized_Cooling_ARI_340.dat was called 1149 times (8% of the time) with a first independent variable value below the range supplied in the data file. Data is interpolated within the data file range but is not extrapolated beyond the range. Performance of the equipment modeled by this UNIT may be incorrect.
 
*** Warning at time       :      6552.000000
    Generated by Unit     :    86
    Generated by Type     :   954
    Message               : The file D:\Trnsys18\T\TRNSYS18\Tess Models\SampleCatalogData\AirSourceHeatPump\Normalized\ASHP_Normalized_Cooling_ARI_340.dat was called 764 times (5% of the time) with a second independent variable value below the range supplied in the data file. Data is interpolated within the data file range but is not extrapolated beyond the range. Performance of the equipment modeled by this UNIT may be incorrect.
 
*** Warning at time       :      6552.000000
    Generated by Unit     :    86
    Generated by Type     :   954
    Message               : The file D:\Trnsys18\T\TRNSYS18\Tess Models\SampleCatalogData\AirSourceHeatPump\Normalized\ASHP_Normalized_Cooling_ARI_340.dat was called 3 times (0% of the time) with a third independent variable value below the range supplied in the data file. Data is interpolated within the data file range but is not extrapolated beyond the range. Performance of the equipment modeled by this UNIT may be incorrect.
 
*** Warning at time       :      6552.000000
    Generated by Unit     :    86
    Generated by Type     :   954
    Message               : The file D:\Trnsys18\T\TRNSYS18\Tess Models\SampleCatalogData\AirSourceHeatPump\Normalized\ASHP_Normalized_Cooling_ARI_340.dat was called 48 times (0% of the time) with a third independent variable value above the range supplied in the data file. Data is interpolated within the data file range but is not extrapolated beyond the range. Performance of the equipment modeled by this UNIT may be incorrect.
 
*** Warning at time       :      6552.000000
    Generated by Unit     :    87
    Generated by Type     :   954
    Message               : The file D:\Trnsys18\T\TRNSYS18\Tess Models\SampleCatalogData\AirSourceHeatPump\Normalized\ASHP_Normalized_Cooling_ARI_340.dat was called 1157 times (8% of the time) with a first independent variable value below the range supplied in the data file. Data is interpolated within the data file range but is not extrapolated beyond the range. Performance of the equipment modeled by this UNIT may be incorrect.
 
*** Warning at time       :      6552.000000
    Generated by Unit     :    87
    Generated by Type     :   954
    Message               : The file D:\Trnsys18\T\TRNSYS18\Tess Models\SampleCatalogData\AirSourceHeatPump\Normalized\ASHP_Normalized_Cooling_ARI_340.dat was called 775 times (5% of the time) with a second independent variable value below the range supplied in the data file. Data is interpolated within the data file range but is not extrapolated beyond the range. Performance of the equipment modeled by this UNIT may be incorrect.
 
*** Warning at time       :      6552.000000
    Generated by Unit     :    87
    Generated by Type     :   954
    Message               : The file D:\Trnsys18\T\TRNSYS18\Tess Models\SampleCatalogData\AirSourceHeatPump\Normalized\ASHP_Normalized_Cooling_ARI_340.dat was called 3 times (0% of the time) with a third independent variable value below the range supplied in the data file. Data is interpolated within the data file range but is not extrapolated beyond the range. Performance of the equipment modeled by this UNIT may be incorrect.
 
*** Warning at time       :      6552.000000
    Generated by Unit     :    87
    Generated by Type     :   954
    Message               : The file D:\Trnsys18\T\TRNSYS18\Tess Models\SampleCatalogData\AirSourceHeatPump\Normalized\ASHP_Normalized_Cooling_ARI_340.dat was called 49 times (0% of the time) with a third independent variable value above the range supplied in the data file. Data is interpolated within the data file range but is not extrapolated beyond the range. Performance of the equipment modeled by this UNIT may be incorrect.
 
*** Warning at time       :      6552.000000
    Generated by Unit     :    88
    Generated by Type     :   954
    Message               : The file D:\Trnsys18\T\TRNSYS18\Tess Models\SampleCatalogData\AirSourceHeatPump\Normalized\ASHP_Normalized_Cooling_ARI_340.dat was called 1217 times (9% of the time) with a first independent variable value below the range supplied in the data file. Data is interpolated within the data file range but is not extrapolated beyond the range. Performance of the equipment modeled by this UNIT may be incorrect.
 
*** Warning at time       :      6552.000000
    Generated by Unit     :    88
    Generated by Type     :   954
    Message               : The file D:\Trnsys18\T\TRNSYS18\Tess Models\SampleCatalogData\AirSourceHeatPump\Normalized\ASHP_Normalized_Cooling_ARI_340.dat was called 761 times (5% of the time) with a second independent variable value below the range supplied in the data file. Data is interpolated within the data file range but is not extrapolated beyond the range. Performance of the equipment modeled by this UNIT may be incorrect.
 
*** Warning at time       :      6552.000000
    Generated by Unit     :    88
    Generated by Type     :   954
    Message               : The file D:\Trnsys18\T\TRNSYS18\Tess Models\SampleCatalogData\AirSourceHeatPump\Normalized\ASHP_Normalized_Cooling_ARI_340.dat was called 5 times (0% of the time) with a third independent variable value below the range supplied in the data file. Data is interpolated within the data file range but is not extrapolated beyond the range. Performance of the equipment modeled by this UNIT may be incorrect.
 
*** Warning at time       :      6552.000000
    Generated by Unit     :    88
    Generated by Type     :   954
    Message               : The file D:\Trnsys18\T\TRNSYS18\Tess Models\SampleCatalogData\AirSourceHeatPump\Normalized\ASHP_Normalized_Cooling_ARI_340.dat was called 49 times (0% of the time) with a third independent variable value above the range supplied in the data file. Data is interpolated within the data file range but is not extrapolated beyond the range. Performance of the equipment modeled by this UNIT may be incorrect.
 
*** Warning at time       :      6552.000000
    Generated by Unit     :    82
    Generated by Type     :   954
    Message               : The file D:\Trnsys18\T\TRNSYS18\Tess Models\SampleCatalogData\AirSourceHeatPump\Normalized\ASHP_Normalized_Cooling_ARI_340.dat was called 1200 times (8% of the time) with a first independent variable value below the range supplied in the data file. Data is interpolated within the data file range but is not extrapolated beyond the range. Performance of the equipment modeled by this UNIT may be incorrect.
 
*** Warning at time       :      6552.000000
    Generated by Unit     :    82
    Generated by Type     :   954
    Message               : The file D:\Trnsys18\T\TRNSYS18\Tess Models\SampleCatalogData\AirSourceHeatPump\Normalized\ASHP_Normalized_Cooling_ARI_340.dat was called 728 times (5% of the time) with a second independent variable value below the range supplied in the data file. Data is interpolated within the data file range but is not extrapolated beyond the range. Performance of the equipment modeled by this UNIT may be incorrect.
 
*** Warning at time       :      6552.000000
    Generated by Unit     :    82
    Generated by Type     :   954
    Message               : The file D:\Trnsys18\T\TRNSYS18\Tess Models\SampleCatalogData\AirSourceHeatPump\Normalized\ASHP_Normalized_Cooling_ARI_340.dat was called 3 times (0% of the time) with a third independent variable value below the range supplied in the data file. Data is interpolated within the data file range but is not extrapolated beyond the range. Performance of the equipment modeled by this UNIT may be incorrect.
 
*** Warning at time       :      6552.000000
    Generated by Unit     :    82
    Generated by Type     :   954
    Message               : The file D:\Trnsys18\T\TRNSYS18\Tess Models\SampleCatalogData\AirSourceHeatPump\Normalized\ASHP_Normalized_Cooling_ARI_340.dat was called 51 times (0% of the time) with a third independent variable value above the range supplied in the data file. Data is interpolated within the data file range but is not extrapolated beyond the range. Performance of the equipment modeled by this UNIT may be incorrect.
 
*** Warning at time       :      6552.000000
    Generated by Unit     :   130
    Generated by Type     :   954
    Message               : The file D:\Trnsys18\T\TRNSYS18\Tess Models\SampleCatalogData\AirSourceHeatPump\Normalized\ASHP_Normalized_Cooling_ARI_340.dat was called 753 times (5% of the time) with a first independent variable value below the range supplied in the data file. Data is interpolated within the data file range but is not extrapolated beyond the range. Performance of the equipment modeled by this UNIT may be incorrect.
 
*** Warning at time       :      6552.000000
    Generated by Unit     :   130
    Generated by Type     :   954
    Message               : The file D:\Trnsys18\T\TRNSYS18\Tess Models\SampleCatalogData\AirSourceHeatPump\Normalized\ASHP_Normalized_Cooling_ARI_340.dat was called 8 times (0% of the time) with a second independent variable value below the range supplied in the data file. Data is interpolated within the data file range but is not extrapolated beyond the range. Performance of the equipment modeled by this UNIT may be incorrect.
 
*** Warning at time       :      6552.000000
    Generated by Unit     :   130
    Generated by Type     :   954
    Message               : The file D:\Trnsys18\T\TRNSYS18\Tess Models\SampleCatalogData\AirSourceHeatPump\Normalized\ASHP_Normalized_Cooling_ARI_340.dat was called 294 times (2% of the time) with a third independent variable value above the range supplied in the data file. Data is interpolated within the data file range but is not extrapolated beyond the range. Performance of the equipment modeled by this UNIT may be incorrect.
 
*** Warning at time       :      6552.000000
    Generated by Unit     :   137
    Generated by Type     :   954
    Message               : The file D:\Trnsys18\T\TRNSYS18\Tess Models\SampleCatalogData\AirSourceHeatPump\Normalized\ASHP_Normalized_Cooling_ARI_340.dat was called 753 times (5% of the time) with a first independent variable value below the range supplied in the data file. Data is interpolated within the data file range but is not extrapolated beyond the range. Performance of the equipment modeled by this UNIT may be incorrect.
 
*** Warning at time       :      6552.000000
    Generated by Unit     :   137
    Generated by Type     :   954
    Message               : The file D:\Trnsys18\T\TRNSYS18\Tess Models\SampleCatalogData\AirSourceHeatPump\Normalized\ASHP_Normalized_Cooling_ARI_340.dat was called 8 times (0% of the time) with a second independent variable value below the range supplied in the data file. Data is interpolated within the data file range but is not extrapolated beyond the range. Performance of the equipment modeled by this UNIT may be incorrect.
 
*** Warning at time       :      6552.000000
    Generated by Unit     :   137
    Generated by Type     :   954
    Message               : The file D:\Trnsys18\T\TRNSYS18\Tess Models\SampleCatalogData\AirSourceHeatPump\Normalized\ASHP_Normalized_Cooling_ARI_340.dat was called 294 times (2% of the time) with a third independent variable value above the range supplied in the data file. Data is interpolated within the data file range but is not extrapolated beyond the range. Performance of the equipment modeled by this UNIT may be incorrect.
 
*** Warning at time       :      6552.000000
    Generated by Unit     :   132
    Generated by Type     :   954
    Message               : The file D:\Trnsys18\T\TRNSYS18\Tess Models\SampleCatalogData\AirSourceHeatPump\Normalized\ASHP_Normalized_Cooling_ARI_340.dat was called 695 times (5% of the time) with a first independent variable value below the range supplied in the data file. Data is interpolated within the data file range but is not extrapolated beyond the range. Performance of the equipment modeled by this UNIT may be incorrect.
 
*** Warning at time       :      6552.000000
    Generated by Unit     :   132
    Generated by Type     :   954
    Message               : The file D:\Trnsys18\T\TRNSYS18\Tess Models\SampleCatalogData\AirSourceHeatPump\Normalized\ASHP_Normalized_Cooling_ARI_340.dat was called 11 times (0% of the time) with a second independent variable value below the range supplied in the data file. Data is interpolated within the data file range but is not extrapolated beyond the range. Performance of the equipment modeled by this UNIT may be incorrect.
 
*** Warning at time       :      6552.000000
    Generated by Unit     :   132
    Generated by Type     :   954
    Message               : The file D:\Trnsys18\T\TRNSYS18\Tess Models\SampleCatalogData\AirSourceHeatPump\Normalized\ASHP_Normalized_Cooling_ARI_340.dat was called 283 times (2% of the time) with a third independent variable value above the range supplied in the data file. Data is interpolated within the data file range but is not extrapolated beyond the range. Performance of the equipment modeled by this UNIT may be incorrect.
 
*** Warning at time       :      6552.000000
    Generated by Unit     :   138
    Generated by Type     :   954
    Message               : The file D:\Trnsys18\T\TRNSYS18\Tess Models\SampleCatalogData\AirSourceHeatPump\Normalized\ASHP_Normalized_Cooling_ARI_340.dat was called 695 times (5% of the time) with a first independent variable value below the range supplied in the data file. Data is interpolated within the data file range but is not extrapolated beyond the range. Performance of the equipment modeled by this UNIT may be incorrect.
 
*** Warning at time       :      6552.000000
    Generated by Unit     :   138
    Generated by Type     :   954
    Message               : The file D:\Trnsys18\T\TRNSYS18\Tess Models\SampleCatalogData\AirSourceHeatPump\Normalized\ASHP_Normalized_Cooling_ARI_340.dat was called 11 times (0% of the time) with a second independent variable value below the range supplied in the data file. Data is interpolated within the data file range but is not extrapolated beyond the range. Performance of the equipment modeled by this UNIT may be incorrect.
 
*** Warning at time       :      6552.000000
    Generated by Unit     :   138
    Generated by Type     :   954
    Message               : The file D:\Trnsys18\T\TRNSYS18\Tess Models\SampleCatalogData\AirSourceHeatPump\Normalized\ASHP_Normalized_Cooling_ARI_340.dat was called 283 times (2% of the time) with a third independent variable value above the range supplied in the data file. Data is interpolated within the data file range but is not extrapolated beyond the range. Performance of the equipment modeled by this UNIT may be incorrect.
 
*** Warning at time       :      6552.000000
    Generated by Unit     :   133
    Generated by Type     :   954
    Message               : The file D:\Trnsys18\T\TRNSYS18\Tess Models\SampleCatalogData\AirSourceHeatPump\Normalized\ASHP_Normalized_Cooling_ARI_340.dat was called 683 times (5% of the time) with a first independent variable value below the range supplied in the data file. Data is interpolated within the data file range but is not extrapolated beyond the range. Performance of the equipment modeled by this UNIT may be incorrect.
 
*** Warning at time       :      6552.000000
    Generated by Unit     :   133
    Generated by Type     :   954
    Message               : The file D:\Trnsys18\T\TRNSYS18\Tess Models\SampleCatalogData\AirSourceHeatPump\Normalized\ASHP_Normalized_Cooling_ARI_340.dat was called 10 times (0% of the time) with a second independent variable value below the range supplied in the data file. Data is interpolated within the data file range but is not extrapolated beyond the range. Performance of the equipment modeled by this UNIT may be incorrect.
 
*** Warning at time       :      6552.000000
    Generated by Unit     :   133
    Generated by Type     :   954
    Message               : The file D:\Trnsys18\T\TRNSYS18\Tess Models\SampleCatalogData\AirSourceHeatPump\Normalized\ASHP_Normalized_Cooling_ARI_340.dat was called 282 times (2% of the time) with a third independent variable value above the range supplied in the data file. Data is interpolated within the data file range but is not extrapolated beyond the range. Performance of the equipment modeled by this UNIT may be incorrect.
 
*** Warning at time       :      6552.000000
    Generated by Unit     :   134
    Generated by Type     :   954
    Message               : The file D:\Trnsys18\T\TRNSYS18\Tess Models\SampleCatalogData\AirSourceHeatPump\Normalized\ASHP_Normalized_Cooling_ARI_340.dat was called 685 times (5% of the time) with a first independent variable value below the range supplied in the data file. Data is interpolated within the data file range but is not extrapolated beyond the range. Performance of the equipment modeled by this UNIT may be incorrect.
 
*** Warning at time       :      6552.000000
    Generated by Unit     :   134
    Generated by Type     :   954
    Message               : The file D:\Trnsys18\T\TRNSYS18\Tess Models\SampleCatalogData\AirSourceHeatPump\Normalized\ASHP_Normalized_Cooling_ARI_340.dat was called 11 times (0% of the time) with a second independent variable value below the range supplied in the data file. Data is interpolated within the data file range but is not extrapolated beyond the range. Performance of the equipment modeled by this UNIT may be incorrect.
 
*** Warning at time       :      6552.000000
    Generated by Unit     :   134
    Generated by Type     :   954
    Message               : The file D:\Trnsys18\T\TRNSYS18\Tess Models\SampleCatalogData\AirSourceHeatPump\Normalized\ASHP_Normalized_Cooling_ARI_340.dat was called 283 times (2% of the time) with a third independent variable value above the range supplied in the data file. Data is interpolated within the data file range but is not extrapolated beyond the range. Performance of the equipment modeled by this UNIT may be incorrect.
 
*** Warning at time       :      6552.000000
    Generated by Unit     :   139
    Generated by Type     :   954
    Message               : The file D:\Trnsys18\T\TRNSYS18\Tess Models\SampleCatalogData\AirSourceHeatPump\Normalized\ASHP_Normalized_Cooling_ARI_340.dat was called 683 times (5% of the time) with a first independent variable value below the range supplied in the data file. Data is interpolated within the data file range but is not extrapolated beyond the range. Performance of the equipment modeled by this UNIT may be incorrect.
 
*** Warning at time       :      6552.000000
    Generated by Unit     :   139
    Generated by Type     :   954
    Message               : The file D:\Trnsys18\T\TRNSYS18\Tess Models\SampleCatalogData\AirSourceHeatPump\Normalized\ASHP_Normalized_Cooling_ARI_340.dat was called 10 times (0% of the time) with a second independent variable value below the range supplied in the data file. Data is interpolated within the data file range but is not extrapolated beyond the range. Performance of the equipment modeled by this UNIT may be incorrect.
 
*** Warning at time       :      6552.000000
    Generated by Unit     :   139
    Generated by Type     :   954
    Message               : The file D:\Trnsys18\T\TRNSYS18\Tess Models\SampleCatalogData\AirSourceHeatPump\Normalized\ASHP_Normalized_Cooling_ARI_340.dat was called 282 times (2% of the time) with a third independent variable value above the range supplied in the data file. Data is interpolated within the data file range but is not extrapolated beyond the range. Performance of the equipment modeled by this UNIT may be incorrect.
 
*** Warning at time       :      6552.000000
    Generated by Unit     :   140
    Generated by Type     :   954
    Message               : The file D:\Trnsys18\T\TRNSYS18\Tess Models\SampleCatalogData\AirSourceHeatPump\Normalized\ASHP_Normalized_Cooling_ARI_340.dat was called 685 times (5% of the time) with a first independent variable value below the range supplied in the data file. Data is interpolated within the data file range but is not extrapolated beyond the range. Performance of the equipment modeled by this UNIT may be incorrect.
 
*** Warning at time       :      6552.000000
    Generated by Unit     :   140
    Generated by Type     :   954
    Message               : The file D:\Trnsys18\T\TRNSYS18\Tess Models\SampleCatalogData\AirSourceHeatPump\Normalized\ASHP_Normalized_Cooling_ARI_340.dat was called 11 times (0% of the time) with a second independent variable value below the range supplied in the data file. Data is interpolated within the data file range but is not extrapolated beyond the range. Performance of the equipment modeled by this UNIT may be incorrect.
 
*** Warning at time       :      6552.000000
    Generated by Unit     :   140
    Generated by Type     :   954
    Message               : The file D:\Trnsys18\T\TRNSYS18\Tess Models\SampleCatalogData\AirSourceHeatPump\Normalized\ASHP_Normalized_Cooling_ARI_340.dat was called 283 times (2% of the time) with a third independent variable value above the range supplied in the data file. Data is interpolated within the data file range but is not extrapolated beyond the range. Performance of the equipment modeled by this UNIT may be incorrect.
 
*** Warning at time       :      6552.000000
    Generated by Unit     :   135
    Generated by Type     :   954
    Message               : The file D:\Trnsys18\T\TRNSYS18\Tess Models\SampleCatalogData\AirSourceHeatPump\Normalized\ASHP_Normalized_Cooling_ARI_340.dat was called 698 times (5% of the time) with a first independent variable value below the range supplied in the data file. Data is interpolated within the data file range but is not extrapolated beyond the range. Performance of the equipment modeled by this UNIT may be incorrect.
 
*** Warning at time       :      6552.000000
    Generated by Unit     :   135
    Generated by Type     :   954
    Message               : The file D:\Trnsys18\T\TRNSYS18\Tess Models\SampleCatalogData\AirSourceHeatPump\Normalized\ASHP_Normalized_Cooling_ARI_340.dat was called 11 times (0% of the time) with a second independent variable value below the range supplied in the data file. Data is interpolated within the data file range but is not extrapolated beyond the range. Performance of the equipment modeled by this UNIT may be incorrect.
 
*** Warning at time       :      6552.000000
    Generated by Unit     :   135
    Generated by Type     :   954
    Message               : The file D:\Trnsys18\T\TRNSYS18\Tess Models\SampleCatalogData\AirSourceHeatPump\Normalized\ASHP_Normalized_Cooling_ARI_340.dat was called 285 times (2% of the time) with a third independent variable value above the range supplied in the data file. Data is interpolated within the data file range but is not extrapolated beyond the range. Performance of the equipment modeled by this UNIT may be incorrect.
 
*** Warning at time       :      6552.000000
    Generated by Unit     :   136
    Generated by Type     :   954
    Message               : The file D:\Trnsys18\T\TRNSYS18\Tess Models\SampleCatalogData\AirSourceHeatPump\Normalized\ASHP_Normalized_Cooling_ARI_340.dat was called 775 times (5% of the time) with a first independent variable value below the range supplied in the data file. Data is interpolated within the data file range but is not extrapolated beyond the range. Performance of the equipment modeled by this UNIT may be incorrect.
 
*** Warning at time       :      6552.000000
    Generated by Unit     :   136
    Generated by Type     :   954
    Message               : The file D:\Trnsys18\T\TRNSYS18\Tess Models\SampleCatalogData\AirSourceHeatPump\Normalized\ASHP_Normalized_Cooling_ARI_340.dat was called 13 times (0% of the time) with a second independent variable value below the range supplied in the data file. Data is interpolated within the data file range but is not extrapolated beyond the range. Performance of the equipment modeled by this UNIT may be incorrect.
 
*** Warning at time       :      6552.000000
    Generated by Unit     :   136
    Generated by Type     :   954
    Message               : The file D:\Trnsys18\T\TRNSYS18\Tess Models\SampleCatalogData\AirSourceHeatPump\Normalized\ASHP_Normalized_Cooling_ARI_340.dat was called 320 times (2% of the time) with a third independent variable value above the range supplied in the data file. Data is interpolated within the data file range but is not extrapolated beyond the range. Performance of the equipment modeled by this UNIT may be incorrect.
 
*** Warning at time       :      6552.000000
    Generated by Unit     :   141
    Generated by Type     :   954
    Message               : The file D:\Trnsys18\T\TRNSYS18\Tess Models\SampleCatalogData\AirSourceHeatPump\Normalized\ASHP_Normalized_Cooling_ARI_340.dat was called 698 times (5% of the time) with a first independent variable value below the range supplied in the data file. Data is interpolated within the data file range but is not extrapolated beyond the range. Performance of the equipment modeled by this UNIT may be incorrect.
 
*** Warning at time       :      6552.000000
    Generated by Unit     :   141
    Generated by Type     :   954
    Message               : The file D:\Trnsys18\T\TRNSYS18\Tess Models\SampleCatalogData\AirSourceHeatPump\Normalized\ASHP_Normalized_Cooling_ARI_340.dat was called 11 times (0% of the time) with a second independent variable value below the range supplied in the data file. Data is interpolated within the data file range but is not extrapolated beyond the range. Performance of the equipment modeled by this UNIT may be incorrect.
 
*** Warning at time       :      6552.000000
    Generated by Unit     :   141
    Generated by Type     :   954
    Message               : The file D:\Trnsys18\T\TRNSYS18\Tess Models\SampleCatalogData\AirSourceHeatPump\Normalized\ASHP_Normalized_Cooling_ARI_340.dat was called 285 times (2% of the time) with a third independent variable value above the range supplied in the data file. Data is interpolated within the data file range but is not extrapolated beyond the range. Performance of the equipment modeled by this UNIT may be incorrect.
 
*** Warning at time       :      6552.000000
    Generated by Unit     :   142
    Generated by Type     :   954
    Message               : The file D:\Trnsys18\T\TRNSYS18\Tess Models\SampleCatalogData\AirSourceHeatPump\Normalized\ASHP_Normalized_Cooling_ARI_340.dat was called 775 times (5% of the time) with a first independent variable value below the range supplied in the data file. Data is interpolated within the data file range but is not extrapolated beyond the range. Performance of the equipment modeled by this UNIT may be incorrect.
 
*** Warning at time       :      6552.000000
    Generated by Unit     :   142
    Generated by Type     :   954
    Message               : The file D:\Trnsys18\T\TRNSYS18\Tess Models\SampleCatalogData\AirSourceHeatPump\Normalized\ASHP_Normalized_Cooling_ARI_340.dat was called 13 times (0% of the time) with a second independent variable value below the range supplied in the data file. Data is interpolated within the data file range but is not extrapolated beyond the range. Performance of the equipment modeled by this UNIT may be incorrect.
 
*** Warning at time       :      6552.000000
    Generated by Unit     :   142
    Generated by Type     :   954
    Message               : The file D:\Trnsys18\T\TRNSYS18\Tess Models\SampleCatalogData\AirSourceHeatPump\Normalized\ASHP_Normalized_Cooling_ARI_340.dat was called 320 times (2% of the time) with a third independent variable value above the range supplied in the data file. Data is interpolated within the data file range but is not extrapolated beyond the range. Performance of the equipment modeled by this UNIT may be incorrect.
 
*** Warning at time       :      6552.000000
    Generated by Unit     :   111
    Generated by Type     :   954
    Message               : The file D:\Trnsys18\T\TRNSYS18\Tess Models\SampleCatalogData\AirSourceHeatPump\Normalized\ASHP_Normalized_Cooling_ARI_340.dat was called 511 times (3% of the time) with a first independent variable value below the range supplied in the data file. Data is interpolated within the data file range but is not extrapolated beyond the range. Performance of the equipment modeled by this UNIT may be incorrect.
 
*** Warning at time       :      6552.000000
    Generated by Unit     :   111
    Generated by Type     :   954
    Message               : The file D:\Trnsys18\T\TRNSYS18\Tess Models\SampleCatalogData\AirSourceHeatPump\Normalized\ASHP_Normalized_Cooling_ARI_340.dat was called 131 times (0% of the time) with a second independent variable value below the range supplied in the data file. Data is interpolated within the data file range but is not extrapolated beyond the range. Performance of the equipment modeled by this UNIT may be incorrect.
 
*** Warning at time       :      6552.000000
    Generated by Unit     :   111
    Generated by Type     :   954
    Message               : The file D:\Trnsys18\T\TRNSYS18\Tess Models\SampleCatalogData\AirSourceHeatPump\Normalized\ASHP_Normalized_Cooling_ARI_340.dat was called 136 times (1% of the time) with a third independent variable value above the range supplied in the data file. Data is interpolated within the data file range but is not extrapolated beyond the range. Performance of the equipment modeled by this UNIT may be incorrect.
 
*** Warning at time       :      6552.000000
    Generated by Unit     :   112
    Generated by Type     :   954
    Message               : The file D:\Trnsys18\T\TRNSYS18\Tess Models\SampleCatalogData\AirSourceHeatPump\Normalized\ASHP_Normalized_Cooling_ARI_340.dat was called 478 times (3% of the time) with a first independent variable value below the range supplied in the data file. Data is interpolated within the data file range but is not extrapolated beyond the range. Performance of the equipment modeled by this UNIT may be incorrect.
 
*** Warning at time       :      6552.000000
    Generated by Unit     :   112
    Generated by Type     :   954
    Message               : The file D:\Trnsys18\T\TRNSYS18\Tess Models\SampleCatalogData\AirSourceHeatPump\Normalized\ASHP_Normalized_Cooling_ARI_340.dat was called 130 times (0% of the time) with a second independent variable value below the range supplied in the data file. Data is interpolated within the data file range but is not extrapolated beyond the range. Performance of the equipment modeled by this UNIT may be incorrect.
 
*** Warning at time       :      6552.000000
    Generated by Unit     :   112
    Generated by Type     :   954
    Message               : The file D:\Trnsys18\T\TRNSYS18\Tess Models\SampleCatalogData\AirSourceHeatPump\Normalized\ASHP_Normalized_Cooling_ARI_340.dat was called 132 times (0% of the time) with a third independent variable value above the range supplied in the data file. Data is interpolated within the data file range but is not extrapolated beyond the range. Performance of the equipment modeled by this UNIT may be incorrect.
 
*** Warning at time       :      6552.000000
    Generated by Unit     :   116
    Generated by Type     :   954
    Message               : The file D:\Trnsys18\T\TRNSYS18\Tess Models\SampleCatalogData\AirSourceHeatPump\Normalized\ASHP_Normalized_Cooling_ARI_340.dat was called 525 times (3% of the time) with a first independent variable value below the range supplied in the data file. Data is interpolated within the data file range but is not extrapolated beyond the range. Performance of the equipment modeled by this UNIT may be incorrect.
 
*** Warning at time       :      6552.000000
    Generated by Unit     :   116
    Generated by Type     :   954
    Message               : The file D:\Trnsys18\T\TRNSYS18\Tess Models\SampleCatalogData\AirSourceHeatPump\Normalized\ASHP_Normalized_Cooling_ARI_340.dat was called 133 times (0% of the time) with a second independent variable value below the range supplied in the data file. Data is interpolated within the data file range but is not extrapolated beyond the range. Performance of the equipment modeled by this UNIT may be incorrect.
 
*** Warning at time       :      6552.000000
    Generated by Unit     :   116
    Generated by Type     :   954
    Message               : The file D:\Trnsys18\T\TRNSYS18\Tess Models\SampleCatalogData\AirSourceHeatPump\Normalized\ASHP_Normalized_Cooling_ARI_340.dat was called 147 times (1% of the time) with a third independent variable value above the range supplied in the data file. Data is interpolated within the data file range but is not extrapolated beyond the range. Performance of the equipment modeled by this UNIT may be incorrect.
 
*** Warning at time       :      6552.000000
    Generated by Unit     :   113
    Generated by Type     :   954
    Message               : The file D:\Trnsys18\T\TRNSYS18\Tess Models\SampleCatalogData\AirSourceHeatPump\Normalized\ASHP_Normalized_Cooling_ARI_340.dat was called 483 times (3% of the time) with a first independent variable value below the range supplied in the data file. Data is interpolated within the data file range but is not extrapolated beyond the range. Performance of the equipment modeled by this UNIT may be incorrect.
 
*** Warning at time       :      6552.000000
    Generated by Unit     :   113
    Generated by Type     :   954
    Message               : The file D:\Trnsys18\T\TRNSYS18\Tess Models\SampleCatalogData\AirSourceHeatPump\Normalized\ASHP_Normalized_Cooling_ARI_340.dat was called 138 times (1% of the time) with a second independent variable value below the range supplied in the data file. Data is interpolated within the data file range but is not extrapolated beyond the range. Performance of the equipment modeled by this UNIT may be incorrect.
 
*** Warning at time       :      6552.000000
    Generated by Unit     :   113
    Generated by Type     :   954
    Message               : The file D:\Trnsys18\T\TRNSYS18\Tess Models\SampleCatalogData\AirSourceHeatPump\Normalized\ASHP_Normalized_Cooling_ARI_340.dat was called 134 times (1% of the time) with a third independent variable value above the range supplied in the data file. Data is interpolated within the data file range but is not extrapolated beyond the range. Performance of the equipment modeled by this UNIT may be incorrect.
 
*** Warning at time       :      6552.000000
    Generated by Unit     :   107
    Generated by Type     :   954
    Message               : The file D:\Trnsys18\T\TRNSYS18\Tess Models\SampleCatalogData\AirSourceHeatPump\Normalized\ASHP_Normalized_Cooling_ARI_340.dat was called 493 times (3% of the time) with a first independent variable value below the range supplied in the data file. Data is interpolated within the data file range but is not extrapolated beyond the range. Performance of the equipment modeled by this UNIT may be incorrect.
 
*** Warning at time       :      6552.000000
    Generated by Unit     :   107
    Generated by Type     :   954
    Message               : The file D:\Trnsys18\T\TRNSYS18\Tess Models\SampleCatalogData\AirSourceHeatPump\Normalized\ASHP_Normalized_Cooling_ARI_340.dat was called 137 times (1% of the time) with a second independent variable value below the range supplied in the data file. Data is interpolated within the data file range but is not extrapolated beyond the range. Performance of the equipment modeled by this UNIT may be incorrect.
 
*** Warning at time       :      6552.000000
    Generated by Unit     :   107
    Generated by Type     :   954
    Message               : The file D:\Trnsys18\T\TRNSYS18\Tess Models\SampleCatalogData\AirSourceHeatPump\Normalized\ASHP_Normalized_Cooling_ARI_340.dat was called 3 times (0% of the time) with a second independent variable value above the range supplied in the data file. Data is interpolated within the data file range but is not extrapolated beyond the range. Performance of the equipment modeled by this UNIT may be incorrect.
 
*** Warning at time       :      6552.000000
    Generated by Unit     :   107
    Generated by Type     :   954
    Message               : The file D:\Trnsys18\T\TRNSYS18\Tess Models\SampleCatalogData\AirSourceHeatPump\Normalized\ASHP_Normalized_Cooling_ARI_340.dat was called 139 times (1% of the time) with a third independent variable value above the range supplied in the data file. Data is interpolated within the data file range but is not extrapolated beyond the range. Performance of the equipment modeled by this UNIT may be incorrect.
 
*** Warning at time       :      6552.000000
    Generated by Unit     :   102
    Generated by Type     :   954
    Message               : The file D:\Trnsys18\T\TRNSYS18\Tess Models\SampleCatalogData\AirSourceHeatPump\Normalized\ASHP_Normalized_Cooling_ARI_340.dat was called 452 times (3% of the time) with a first independent variable value below the range supplied in the data file. Data is interpolated within the data file range but is not extrapolated beyond the range. Performance of the equipment modeled by this UNIT may be incorrect.
 
*** Warning at time       :      6552.000000
    Generated by Unit     :   102
    Generated by Type     :   954
    Message               : The file D:\Trnsys18\T\TRNSYS18\Tess Models\SampleCatalogData\AirSourceHeatPump\Normalized\ASHP_Normalized_Cooling_ARI_340.dat was called 154 times (1% of the time) with a second independent variable value below the range supplied in the data file. Data is interpolated within the data file range but is not extrapolated beyond the range. Performance of the equipment modeled by this UNIT may be incorrect.
 
*** Warning at time       :      6552.000000
    Generated by Unit     :   102
    Generated by Type     :   954
    Message               : The file D:\Trnsys18\T\TRNSYS18\Tess Models\SampleCatalogData\AirSourceHeatPump\Normalized\ASHP_Normalized_Cooling_ARI_340.dat was called 129 times (0% of the time) with a third independent variable value above the range supplied in the data file. Data is interpolated within the data file range but is not extrapolated beyond the range. Performance of the equipment modeled by this UNIT may be incorrect.
 
*** Warning at time       :      6552.000000
    Generated by Unit     :   106
    Generated by Type     :   954
    Message               : The file D:\Trnsys18\T\TRNSYS18\Tess Models\SampleCatalogData\AirSourceHeatPump\Normalized\ASHP_Normalized_Cooling_ARI_340.dat was called 472 times (3% of the time) with a first independent variable value below the range supplied in the data file. Data is interpolated within the data file range but is not extrapolated beyond the range. Performance of the equipment modeled by this UNIT may be incorrect.
 
*** Warning at time       :      6552.000000
    Generated by Unit     :   106
    Generated by Type     :   954
    Message               : The file D:\Trnsys18\T\TRNSYS18\Tess Models\SampleCatalogData\AirSourceHeatPump\Normalized\ASHP_Normalized_Cooling_ARI_340.dat was called 133 times (0% of the time) with a second independent variable value below the range supplied in the data file. Data is interpolated within the data file range but is not extrapolated beyond the range. Performance of the equipment modeled by this UNIT may be incorrect.
 
*** Warning at time       :      6552.000000
    Generated by Unit     :   106
    Generated by Type     :   954
    Message               : The file D:\Trnsys18\T\TRNSYS18\Tess Models\SampleCatalogData\AirSourceHeatPump\Normalized\ASHP_Normalized_Cooling_ARI_340.dat was called 134 times (1% of the time) with a third independent variable value above the range supplied in the data file. Data is interpolated within the data file range but is not extrapolated beyond the range. Performance of the equipment modeled by this UNIT may be incorrect.
 
*** Warning at time       :      6552.000000
    Generated by Unit     :   108
    Generated by Type     :   954
    Message               : The file D:\Trnsys18\T\TRNSYS18\Tess Models\SampleCatalogData\AirSourceHeatPump\Normalized\ASHP_Normalized_Cooling_ARI_340.dat was called 476 times (3% of the time) with a first independent variable value below the range supplied in the data file. Data is interpolated within the data file range but is not extrapolated beyond the range. Performance of the equipment modeled by this UNIT may be incorrect.
 
*** Warning at time       :      6552.000000
    Generated by Unit     :   108
    Generated by Type     :   954
    Message               : The file D:\Trnsys18\T\TRNSYS18\Tess Models\SampleCatalogData\AirSourceHeatPump\Normalized\ASHP_Normalized_Cooling_ARI_340.dat was called 132 times (0% of the time) with a second independent variable value below the range supplied in the data file. Data is interpolated within the data file range but is not extrapolated beyond the range. Performance of the equipment modeled by this UNIT may be incorrect.
 
*** Warning at time       :      6552.000000
    Generated by Unit     :   108
    Generated by Type     :   954
    Message               : The file D:\Trnsys18\T\TRNSYS18\Tess Models\SampleCatalogData\AirSourceHeatPump\Normalized\ASHP_Normalized_Cooling_ARI_340.dat was called 134 times (1% of the time) with a third independent variable value above the range supplied in the data file. Data is interpolated within the data file range but is not extrapolated beyond the range. Performance of the equipment modeled by this UNIT may be incorrect.
 
*** Warning at time       :      6552.000000
    Generated by Unit     :   109
    Generated by Type     :   954
    Message               : The file D:\Trnsys18\T\TRNSYS18\Tess Models\SampleCatalogData\AirSourceHeatPump\Normalized\ASHP_Normalized_Cooling_ARI_340.dat was called 483 times (3% of the time) with a first independent variable value below the range supplied in the data file. Data is interpolated within the data file range but is not extrapolated beyond the range. Performance of the equipment modeled by this UNIT may be incorrect.
 
*** Warning at time       :      6552.000000
    Generated by Unit     :   109
    Generated by Type     :   954
    Message               : The file D:\Trnsys18\T\TRNSYS18\Tess Models\SampleCatalogData\AirSourceHeatPump\Normalized\ASHP_Normalized_Cooling_ARI_340.dat was called 132 times (0% of the time) with a second independent variable value below the range supplied in the data file. Data is interpolated within the data file range but is not extrapolated beyond the range. Performance of the equipment modeled by this UNIT may be incorrect.
 
*** Warning at time       :      6552.000000
    Generated by Unit     :   109
    Generated by Type     :   954
    Message               : The file D:\Trnsys18\T\TRNSYS18\Tess Models\SampleCatalogData\AirSourceHeatPump\Normalized\ASHP_Normalized_Cooling_ARI_340.dat was called 135 times (1% of the time) with a third independent variable value above the range supplied in the data file. Data is interpolated within the data file range but is not extrapolated beyond the range. Performance of the equipment modeled by this UNIT may be incorrect.
 
*** Warning at time       :      6552.000000
    Generated by Unit     :   110
    Generated by Type     :   954
    Message               : The file D:\Trnsys18\T\TRNSYS18\Tess Models\SampleCatalogData\AirSourceHeatPump\Normalized\ASHP_Normalized_Cooling_ARI_340.dat was called 514 times (3% of the time) with a first independent variable value below the range supplied in the data file. Data is interpolated within the data file range but is not extrapolated beyond the range. Performance of the equipment modeled by this UNIT may be incorrect.
 
*** Warning at time       :      6552.000000
    Generated by Unit     :   110
    Generated by Type     :   954
    Message               : The file D:\Trnsys18\T\TRNSYS18\Tess Models\SampleCatalogData\AirSourceHeatPump\Normalized\ASHP_Normalized_Cooling_ARI_340.dat was called 113 times (0% of the time) with a second independent variable value below the range supplied in the data file. Data is interpolated within the data file range but is not extrapolated beyond the range. Performance of the equipment modeled by this UNIT may be incorrect.
 
*** Warning at time       :      6552.000000
    Generated by Unit     :   110
    Generated by Type     :   954
    Message               : The file D:\Trnsys18\T\TRNSYS18\Tess Models\SampleCatalogData\AirSourceHeatPump\Normalized\ASHP_Normalized_Cooling_ARI_340.dat was called 146 times (1% of the time) with a third independent variable value above the range supplied in the data file. Data is interpolated within the data file range but is not extrapolated beyond the range. Performance of the equipment modeled by this UNIT may be incorrect.
 
*** Warning at time       :      6552.000000
    Generated by Unit     :   114
    Generated by Type     :   954
    Message               : The file D:\Trnsys18\T\TRNSYS18\Tess Models\SampleCatalogData\AirSourceHeatPump\Normalized\ASHP_Normalized_Cooling_ARI_340.dat was called 478 times (3% of the time) with a first independent variable value below the range supplied in the data file. Data is interpolated within the data file range but is not extrapolated beyond the range. Performance of the equipment modeled by this UNIT may be incorrect.
 
*** Warning at time       :      6552.000000
    Generated by Unit     :   114
    Generated by Type     :   954
    Message               : The file D:\Trnsys18\T\TRNSYS18\Tess Models\SampleCatalogData\AirSourceHeatPump\Normalized\ASHP_Normalized_Cooling_ARI_340.dat was called 135 times (1% of the time) with a second independent variable value below the range supplied in the data file. Data is interpolated within the data file range but is not extrapolated beyond the range. Performance of the equipment modeled by this UNIT may be incorrect.
 
*** Warning at time       :      6552.000000
    Generated by Unit     :   114
    Generated by Type     :   954
    Message               : The file D:\Trnsys18\T\TRNSYS18\Tess Models\SampleCatalogData\AirSourceHeatPump\Normalized\ASHP_Normalized_Cooling_ARI_340.dat was called 136 times (1% of the time) with a third independent variable value above the range supplied in the data file. Data is interpolated within the data file range but is not extrapolated beyond the range. Performance of the equipment modeled by this UNIT may be incorrect.
 
*** Warning at time       :      6552.000000
    Generated by Unit     :   115
    Generated by Type     :   954
    Message               : The file D:\Trnsys18\T\TRNSYS18\Tess Models\SampleCatalogData\AirSourceHeatPump\Normalized\ASHP_Normalized_Cooling_ARI_340.dat was called 485 times (3% of the time) with a first independent variable value below the range supplied in the data file. Data is interpolated within the data file range but is not extrapolated beyond the range. Performance of the equipment modeled by this UNIT may be incorrect.
 
*** Warning at time       :      6552.000000
    Generated by Unit     :   115
    Generated by Type     :   954
    Message               : The file D:\Trnsys18\T\TRNSYS18\Tess Models\SampleCatalogData\AirSourceHeatPump\Normalized\ASHP_Normalized_Cooling_ARI_340.dat was called 134 times (1% of the time) with a second independent variable value below the range supplied in the data file. Data is interpolated within the data file range but is not extrapolated beyond the range. Performance of the equipment modeled by this UNIT may be incorrect.
 
*** Warning at time       :      6552.000000
    Generated by Unit     :   115
    Generated by Type     :   954
    Message               : The file D:\Trnsys18\T\TRNSYS18\Tess Models\SampleCatalogData\AirSourceHeatPump\Normalized\ASHP_Normalized_Cooling_ARI_340.dat was called 139 times (1% of the time) with a third independent variable value above the range supplied in the data file. Data is interpolated within the data file range but is not extrapolated beyond the range. Performance of the equipment modeled by this UNIT may be incorrect.
